company,title,url,source,date,sentiment
Boston T,"Boston, T scrap plans to extend region’s first-ever center-running bus lane on Columbus Avenue - The Boston Globe",https://news.google.com/rss/articles/CBMikwFBVV95cUxQb084U0JzSW9ZZ24xOXk1MnVaVzdsODJsU3ZleTlDZGtGcmUzbkFySFlBLVZKMEN3UnFiQmYwSWUtSEczWWtrMk96Wm1jRXVOb2QySUxiWHZOM3F1TFJiTTctVnZTbGNObFVzODdscGdSX0V5QWRKMWszQkFaTFJvczZGLXN1U1cyUXV1emt3eUxDRjA?oc=5,The Boston Globe,2026-10-08,neutral
Boston T,MBTA may turn to an unlikely weapon in its fight against pigeons - NBC Boston,https://news.google.com/rss/articles/CBMirwFBVV95cUxNV3FNSThYOXB4Ny0zSVRsVEFnemt0OGRnNE1PNFJ4RDhtSnpsaTJXb3lnS3hNbW9qVHNkZ1RJQXdaU1FvRjJwZExLUGVRUzQzN0FIZEd0LUpMVW1VZHRrbnpRYW44dHBKSHI2VC1acGdRMHNoS1o1QTVOWnRPQnBxd0FleFFxMnpQWmdlaWo0WS0tcEtXTF9XZnQyXzNPX2xUOXJYRzdobVNuOExHWUdN0gG3AUFVX3lxTFBtUU9kc09KYV9qRGFqX3NVanlqN1BmTGdUSVd0UVhFNllYeWd1ZnRTNU4yU1h3OUVqbWpRSEdFamlrakNvMF94V0lXLWRRVlBRSjBfSTFZcS03TlZuRGJlX2pYMGttdW8wdXhwRzlhcVVRNUNUS25vbDBfOTVpdlhjUHJVbVZ5d2tRcVlpbnowaFdoM2VNbXRNVU41cTg5TVlqc2tWT3N4ZmQtcUJJQ2dQQ2pCbnNBYw?oc=5,NBC Boston,2026-10-08,negative
Boston T,MBTA looks into using falcons to clear pigeons from stations - Axios,https://news.google.com/rss/articles/CBMiqgFBVV95cUxNb1VWdHIyNmxXaHRsSjM1RjhwMkxHZk5VNFdEMkdrV19fcGt1blg4ZzB1NnJuVFQ5NExtNlpzWmUzZGgySERCMmJJTF95bGxUWU5Zb2JLRjNsbmthMXNMS0pXdHNHbFBDaXVrZy1kZkswMm53UERwblU3S2ZZMHFSUW1RMndBdzBzbHZ0R1pqVldwNUxla3VwNXNsNXNpMkRDSnNBYkxVb2lkQQ?oc=5,Axios,2026-10-08,positive
Boston T,Swiped: Regionals Bid Drama in the Northeast - Ultiworld,https://news.google.com/rss/articles/CBMigwFBVV95cUxOaXFDUEtJVXdMbjFpcEZRTkgtTGxrZy0yeGIyOG53ZmlfeUs5UUd4VjdNYk1haVU0MnBQelhkaHZhUVlhSFBfQzVnUURHQW13cVpwb0d2ZjZwVzZPTGxFY0pNMEFjMzlLYWNMdkxBMk9hcFd6bURkbVFKbW9NNFR2N1Npdw?oc=5,Ultiworld,2026-10-08,neutral
Boston T,"After years of scrutiny, federal transit officials return MBTA oversight to state regulators - The Boston Globe",https://news.google.com/rss/articles/CBMihgFBVV95cUxPVG1ielN1WFdLNTN1MWdxU0NkYUlqWkwtcWJlcTFUSS1LSlkwbHhZWUVVRmJITENFUGRLUm1YLUZEcmtVMUlEV2ZzZDlmS3dhV04xNmRVdEY5bHdZSmtDbGtpZUs3a1BQSGMyX2hZVTM4VlRrWFZ6NjRYN1Rxcm9xcWtObl9FQQ?oc=5,The Boston Globe,2026-10-08,neutral
Boston T,Congress Budgeted Billions for Big Transit Projects. Trump Isn’t Spending It. - The New York Times,https://news.google.com/rss/articles/CBMieEFVX3lxTE5STTQ2LWlvSlRoNWhSSFRTYVpvUWstb1ZfUVdWZXp5Vi0zNVRJbHlZM0I4SDJBYkdmNXdzNXh5NDVUWFVOTHBuMkIxeGhIbXNIX0oyUktUZVN6aDFFUFBlLWZCTU5lZzc5THgxN3doRXVHeVZmMTN0SA?oc=5,The New York Times,2026-10-08,neutral
Boston T,"More parking, fewer bike lanes: City of Boston, T release new Blue Hill Avenue redesign - The Boston Globe",https://news.google.com/rss/articles/CBMiiwFBVV95cUxPN1BYSk1RTWxPY3pRVnlST213MGhCZ3hudEl2dGh3WlAyN1hsMXg0SmVueUYzOEN6MEJRUEljTV8xcFAyUDVDLTBYMGphQkJ5dldYNUN6NGRhR09UZC1WOGdkdGthcEl0eVNYQmk5NlZRbFVXQzNXSUxpVVlraGFjU1FlazZmeEFhSk9v?oc=5,The Boston Globe,2026-10-08,neutral
Boston T,Sail Boston continues: Meet the tall ships crowds were eager to board on Day 2 - NBC Boston,https://news.google.com/rss/articles/CBMigAFBVV95cUxORXpwbVBMSjlZR0NJYmEtVWNPRXpTckxDLXB1V1c3U1dzbm5GMzgyWWJXSldOd19tSmtsNDNHNjhQUW1HUE5VN1lIU2ZTdFhESEdZaEt4RGcxYnN4cmVZeUpnZUxyaUU5YlFVbjM4NE5BZENWV1BpSEZDZUxKcFV4TdIBiAFBVV95cUxNd0x5UDd5QUxJcnMteHVnRHBfNDNBelRHSklvSlBuVWhxdlNZbURzM2JEbFotREJtbTZSbWlrODU4TTBySGp2WXZNT2RXeThxaUV1YjJORTEyVWNuaWNaZ3hLcXJuZThQUVdKSHk1SVo0azlrWnFaMmx0LUdoMk5ubXVEWlN3TnB4?oc=5,NBC Boston,2026-10-08,positive
Boston T,It’s a cool and wet Sunday for Patriots-Steelers in Foxborough - The Boston Globe,https://news.google.com/rss/articles/CBMikwFBVV95cUxORV9oSXRnSEpjQWliR2wxdG0yUXd3UGFyMGxLS1g5X2Q3RzhuZFZVQUFnOWhySzNkeTBSSVhzRU0zWlVmV0pTdS1jNkJsdTFWRmRWXzlLbi1HbXBUcDBJcEV4ZkNFYUlRa19kdU9BUnlIQ0Y5WEl2R0FjeURrd2FZVjBLODF6ZXFVaE5qRXRCU0NmRE0?oc=5,The Boston Globe,2026-10-08,positive
Boston T,Why people are turning to apps to make friends in Boston - The Boston Globe,https://news.google.com/rss/articles/CBMif0FVX3lxTE5MT1QxTDBXUHM0bGpoTzJaM2VKdjhNY0tjdGRzTlRKYXJLUlRMTVg5bDVMZG5vejVnczl0TmlnaDdqcDNULVNNc0dyU3ljSU1BREFWbWZwYzFwWFFMMEdCbUFPQWFRcDlQSlZDa1p2LU9MclpOMzk5c0ZyeUFkUlU?oc=5,The Boston Globe,2026-10-08,positive
Boston T,"Without Boston, American independence never happens. (You know it’s true, Philly.) - The Boston Globe",https://news.google.com/rss/articles/CBMinAFBVV95cUxOU2VMR3VJT0ZLekkyeldEcWFmcWZtYTVGUmVxOXVBOW9wSTNfTXFJdHd3X2NDa2xlTjA4U0pUa0pPNXM3VmRqdGszTEhsR3UwRkVqelYxbGNwb0w4LXV6VGNOTmE4aHJheGtKM194WnBWaFNiQnJKNTVraTNmR2MxVDJrWVNsbnI1dXpnMkY0NW5zYjdmRk8tdkptZEk?oc=5,The Boston Globe,2026-10-08,positive
Boston T,Three MBTA bus routes to remain free through end of year - The Boston Globe,https://news.google.com/rss/articles/CBMikwFBVV95cUxQdklPRFYzXzJMQ2VpaVBmZjkzUGljQ0RmMjVXRHA4ZWM4Skc0XzBybDFDZjdZZ0lHZXZfeDFLeWZlUnFKRC11UGN5cDg0MjlsNXljVkdBUDJUNm5jVUJOeWlQYU5nTmdCUktQeGhNc0RBWkZlS0EzemxMMGtGalBTeG5oM3g1amNILWhUTEtsaG5wS00?oc=5,The Boston Globe,2026-10-08,positive
Boston T,Boston’s housing market is so out of whack that it’s in a class largely by itself - The Boston Globe,https://news.google.com/rss/articles/CBMif0FVX3lxTFAwVHJ1aHFmM0I0ZDlmTU1YRkkydzV6MnNBMU84YlBnai12SGZORUlxbVZyVWw0QWJzWl9UMFlFYnRiZ0xqRWlBdjRHdnk3Z1NaeGxYWnhfUHcwSHgwTk5LVk1WSllBMDQ1SVAxRXZmVHBzZGxYN2ZuaE9uZ1U1STA?oc=5,The Boston Globe,2026-10-08,neutral
Boston T,State’s high court sent shockwaves when it nixed ballot question to cut income tax. Here’s how it happened. - The Boston Globe,https://news.google.com/rss/articles/CBMimwFBVV95cUxQd2RDZ0lhTGlzU1FmZXcxVGg0SUt0aGd2bEM0d01LbjhQTGdhN09KdXN1SGwxVWJ3Vms4aWlwTlEtMWpvS1FJRkl0SkVlUi1JQ1pZNF9hdmFMRnZLdWZXN3c5ZmRZQXVkSEZhOFl1ZU5EV3lZNmViMzZ6UVVqZ1VxLVgtZW1jWmFlVlZud29wdHJnUjJNRmxCN0dCMA?oc=5,The Boston Globe,2026-10-08,negative
Boston T,"Yolanda Cellucci, fashion icon for brides and much more, dies at 91 - The Boston Globe",https://news.google.com/rss/articles/CBMihgFBVV95cUxQOTJyT1hjaGVydWdMSTY0bDRrVXhlaDFqeE5FUVFRSUxTOURpSmdLWWxlUjV6YXYzRmp0NE5nejVSU0J6eU1xTGR1ZDNlYXM4elFlS1NfVWNrTGJTWkhhNlRnb3Z1Y0V1TmF5ZmhoanRCWFpnZjVHbGdkcmc4ZlcxY0hHakVmdw?oc=5,The Boston Globe,2026-10-08,neutral
Boston T,"In a surprise move, Providence City Council president won’t run for re-election - The Boston Globe",https://news.google.com/rss/articles/CBMinwFBVV95cUxPMHI0WDVsd2traHQ5YkhmQ05fdUlIcTJCU0Zld1RoUmVPc211emdCaVp1dDJpOHZPVkQ4akc3ejJDVUdack1rUzdoU2JtTndBbGRfSlZEbHRtSzFGZ20yazhSN3daSDhPeUJlaXRfeVdvWlQyTE5haUtOTThCSXNyc0xHRV9WRTE2TnJtb2ZHWDQxTHpSamNxZW41VzVReTA?oc=5,The Boston Globe,2026-10-08,positive
Boston T,‘WASP’ doesn’t really describe Wellesley anymore. But what does? - The Boston Globe,https://news.google.com/rss/articles/CBMiiwFBVV95cUxQY2p1ZnhkWkVYZlhCaG1BOVJVaWVUdnpnS05EeEtlelQ2M3A1bVE0bVByQXh2aDhhZXB1LWFJWWlDVzdubVp6UmdJd1BwUVc1SjVHak5iWDhTZU51RVYwZ1lYZ3p0ckF4Yk51OGNsRm5oakpMa2hBYnF0NEtZQUNhUjlUWGp3OGV0bnBF?oc=5,The Boston Globe,2026-10-08,neutral
Boston T,The Lindsay Clancy trial ended with a deadlocked jury. The real failure came before it even began. - The Boston Globe,https://news.google.com/rss/articles/CBMijgFBVV95cUxQa3EyZ1lFbElzY0pNeU41NkY1MG1sZzgzLXd1VU82ZTRsUEo2OTNLcTczU08yakVvWlNSR19QNmEzLXgtMGVSdElRTnhFeF9tS19oYmpKc3hwaUtIdG05Vm5ob0NwOV9jNUd2aVh5M0lWU2pFTGJtTUQ4SG5hRUJ4UWV0LWtQUjl3TGVQZDRB?oc=5,The Boston Globe,2026-10-08,negative
Boston T,"‘Enough is enough’: Weekend violence in Boston sparks calls for change, from more police to community investment - The Boston Globe",https://news.google.com/rss/articles/CBMieEFVX3lxTE1oTWJFM2ppNmVzN0tsWjRxMUtDNEhubE9ub0pKYUszRGZuWURsdElxTXJBenpDdFB5MzRJNVZva3NJamJ3Q1AzNTg4WjBQQjRkZm4xRjBqRlRrVm82QlRpMnFVanZTX1BFSjNTOXltRklzbUpLTklwdA?oc=5,The Boston Globe,2026-10-08,negative
Boston T,"Boston College’s new president, the first in 30 years, takes the reins - The Boston Globe",https://news.google.com/rss/articles/CBMijgFBVV95cUxOeEVTTWtBbnZoVEZhY25tSHJDU1MxTy1mNTdWV2RPRTlacWhlZVU3aG1KVGdLZ2ZmMHZpVy1zd0J2OTc4SjFjMEpnanFHNnRRZjVQNDBacHRKMlRlcURZVWsxQy02djVjQUZiRk1mQ0hqTHh2NUtNd1MySTF1SWR2S1hXZUlIUDdtNkhLaGlR?oc=5,The Boston Globe,2026-10-08,neutral
Boston T,Watch: Globe meteorologist explains why this feels like the most miserable part of summer out there - The Boston Globe,https://news.google.com/rss/articles/CBMijAFBVV95cUxPakNjdkEyQVpnVW83R3hqYUZDU0tTTjEwRTZveTlvSTlfY0Z2YmtxRDJSQUlFTFhNZF9ncmRfRzFxdmVWUVhBWWlDTkxMQjFGNHNEV19qRWRuZ3RUblZIWGhCbnVQNDhyWVR2UXducU44QUE4MFpJX05JSnliNXlBTldBenhEV1hTdXdXeg?oc=5,The Boston Globe,2026-10-08,negative
Boston T,Can the United States actually win the World Cup? It no longer seems like an impossible dream. - The Boston Globe,https://news.google.com/rss/articles/CBMiekFVX3lxTE5hb3ZEaElqT1dBMVJhVXRURGRkTzYtRUszcGVWQUFrVDM4M3dSRDMwdFJ2c3lpRGVZLXdCRWlwUHhTSWdjbFlWRWFmLU9xdmNoemMtUmNTcUU0SnJnaWQzUmhpY0oxdjQxM2VuY1VwdkgyVTRKQkFCTG5R?oc=5,The Boston Globe,2026-10-08,positive
Boston T,Tartan Army toast Scotland’s World Cup return: ‘It’s a once-in-a-lifetime opportunity’ - The Guardian,https://news.google.com/rss/articles/CBMioAFBVV95cUxNdTRNckRqeFZOeTBsYTE5UUpQZEEyVkU1YnprRldadVhpc1BPckZqc0gzNUtHRGVJSjZIYkZEcEQ4N1VPQVB1NjZtcTR6Y18tempYb005YlRNbUQ5akRTSmpxS0pucmVDdmxqNHhaYWtnQjAxM3VjZ0xHWnp1Y0xfSF9sbVV2T0hZM1JLLVltVFdvZ0lacS1mS0VMUTM1TzRf?oc=5,The Guardian,2026-10-08,positive
Boston T,"Gotta go? Boston’s updated public bathroom map is here, and not a moment too soon. - The Boston Globe",https://news.google.com/rss/articles/CBMihgFBVV95cUxOVm9oREZFVDZINjhWZmhtamtXM3BiRUlhYmVXcWhiN2Qxc0dWSmdqSm9VLWRuM09qM1VFSWdUdnhWV0QyLTNqcGRGYjNyYnJYcl9JVDNFTmlsaXpTdzExMHI5YkoxU01BT2hwWU1jTzBLc043Ul9qR005MXJwWk9XNG9aaGZTUQ?oc=5,The Boston Globe,2026-10-08,neutral
Boston T,Scotland fans optimistic as they arrive in Boston for World Cup - London Evening Standard,https://news.google.com/rss/articles/CBMiggFBVV95cUxQMFU2dmhLSm53MDJsc2RUMU42SWNiWU1KTng2X3hGa2hWRDFUYTk4UXlua3RLRUpUUjZZeE8tbzNRaVhscGlXOXVrakJrZFk5REFRRXJLYk1CeVNGVnZPY0UtR05DbzJsZzFlUkl1eVVObDhHeGFRT0o4djNYTmplRHln?oc=5,London Evening Standard,2026-10-08,positive
Boston T,Only one person knows how to run the Steamship Authority’s ticketing system. And he’s about to retire. - The Boston Globe,https://news.google.com/rss/articles/CBMioAFBVV95cUxNcTBpeVRnUDRqWGVHZzQ3THpsLXowSUlBRGJJWjg5VTc2bzJZallPNG1aSnBnSl9XS1c2aUhKOTZaRWZNY0FtbTcyVFI3Unl6dFRFNVgxc0J0ZWE1WF9WamIxTUE5U29ieW4tN2NtSjk1dVd1VlgxeUpKSkxkazhENUY0Ymw5MmstbVZoTnBGazhIU3dVWXVJVHlUTUktOWto?oc=5,The Boston Globe,2026-10-08,neutral
Boston T,Harvard Houses as T Stops - The Harvard Crimson,https://news.google.com/rss/articles/CBMifkFVX3lxTE5hczZCX2dFNFdwWllEYV9ma1lneFdUVVdfZmlxOXFDSjdRdWtZb3FhYWhaUzRmVjNQa0Jvb2VpLWpsWTB1TXZWQ0E5UFNvcUExODZRNFVjRjl4TE9tUWZWRHN2RG9naWxsUUt4NTF0R1hnV3NUdGFSMkQ5UTljQQ?oc=5,The Harvard Crimson,2026-10-08,negative
Boston T,"PREVIEW: Blue Jackets get right back at it, hosting Bruins - NHL.com",https://news.google.com/rss/articles/CBMimgFBVV95cUxQYS1CM0pZTjBNMHJKYkt3UE81WUpmZHdyLWZrOTBkQ2M4Vmg2cmlJeVhsVlRmb2diZGNheDd2TWhMLUlFYVlRY3JfeTJIbWpZbHQwdGt6dVZ3T3BjMWV3WDdacTdFS2YtVXM0bXFjX3dlWjRRV2ZoQkEtM3hNWUVldXp6alFpN1N5R3ZaQ0c4VklxN3JLSkdiQ1Jn?oc=5,NHL.com,2026-10-08,neutral
Boston T,"T plans to hike fares for World Cup matches, offer summer discounts for regular commuter rail riders - The Boston Globe",https://news.google.com/rss/articles/CBMilwFBVV95cUxOS3RoS2pXaVNXNk9zV0t3LTF3X3ZRSFJkcHRGWEtGeV9nbHEySGVhcDBlYjltdXhJN3d4T21UZWF4Y2xZUk9MLUdOMUNyY0pWbVp0TXZuU1NPOHJlWE5wX3dWQVFRakZkWVdWamlHWmFPNzFaTlE4Zm54amNJTzU2SmF4MXNjOENOV0pmUGF2cXUxbWFITEZr?oc=5,The Boston Globe,2026-10-08,neutral
Boston T,MBTA forecasts warn of big budget deficits in coming years - The Boston Globe,https://news.google.com/rss/articles/CBMiiAFBVV95cUxONmtWRzQwcU93dENMdm5YVHhfYlNWMFdUMk80Qlg0YnplbzdUM3lyTnBRYlZBck91T3B3Ti1lclV2WS1JMDFFTmMwdzZfZFdpQXNKc2xfdkZ6NElHR0h5QVROaW0ycUZ3WGV5dmRmSWhyTWN6VlhzOXJlTGtLMXB4OC1SdFRieDdQ?oc=5,The Boston Globe,2026-10-08,negative
Boston T,LOC Boston T-03300-03379u - HistoryNet,https://news.google.com/rss/articles/CBMitgFBVV95cUxPTHd2WWtIVUhDQTYtc1l3NnZqRE5LQkNheEJON2drckVRSUo0R1hkSnVWODVBblVnWk1ZVEh6Ql9mSk5mQzI3XzhYRk0xX1dTTm9FRFpaOTdsMlIxazNSay13MGxEUHZwZHdWTUVWQlFLR05ndVBKdVN2bGVLaExaSXRjRVl2aE1sU25KbGtuZU5lMXd0TmVfNHBLdUJ1c3Q1WXFwZGV0N2lxbTJDemZzWTJXWWRGdw?oc=5,HistoryNet,2026-10-08,neutral
Boston T,"When the voice of the T officiates your wedding, you’re a transit superfan - The Boston Globe",https://news.google.com/rss/articles/CBMikAFBVV95cUxOdW5EQndPa3FZdnR0RVBWLUE4VUVyeHNkclp3eE8tRm9ESjRKR3Z0RmxuQVpBaHpvRC1FQmt3ZXdHNzh0TlQ1cndxalNtYVVhcHVHcnhsOGxKc25teTRXa1RaZlJMX0hTVndqQktyWVlRMmlPR1d3LXFkekxZcUdtb0RBWFdxaFdjRGZNcG5LT2Q?oc=5,The Boston Globe,2026-10-08,neutral
Boston T,"Here's why the T is so slow, according to a new report | Radio Boston - WBUR",https://news.google.com/rss/articles/CBMihAFBVV95cUxNaEhPT2Q1NUNtczlpeFFwRFJMd3A4WjI4dWhmdnBBX3NLWWZrR21UMG0wcEVENEZDWnhERGNwZS1ubzFjaDNRU0w3aFdCMXN0RTJuMlZqbUZxd3h1T3ZoVkdXVGl4RU1rd1JXVEVzeEJTaVhYTm15YjNOc2I2NEpyVE0xRms?oc=5,WBUR,2026-10-08,neutral
Boston T,Thousands of World Cup fans buy $80 round-trip MBTA train tickets to ‘Boston Stadium’ soccer matches - The Boston Globe,https://news.google.com/rss/articles/CBMijAFBVV95cUxQR1h6bi1hcWNlcGZuMVB5UkdKa1cySkd2bmRHNmtVcVFhMFFpQklxOTdxbks5d2VKRDY3NlJKekREWHEzVzFtbk4wU1J0M0tuMnkyaFhzQllWQmJJNFdfUktEYThOcTRoSzJiVGYyNGVyUlctZnBINEpCRlRQZFJUMjBISkw1WDZvek1nNQ?oc=5,The Boston Globe,2026-10-08,neutral
Boston T,"In Boston, All Aboard Googly-Eyed Trains (Published 2024) - The New York Times",https://news.google.com/rss/articles/CBMieEFVX3lxTE43XzlFV1dLcnhTYWxNSGJLTXZVWURHbDdpRHo4SWI3X0FiMEVZMElyZ0QzQVdoMU1WOTh5aU1GNklObmVnbXFPcXExcXpRLW9BRm10UWh1S3dtUjBDNDlVZUdmT1p2QTFtY2hQZUZUcjVtUHZ5Q0lRag?oc=5,The New York Times,2026-10-08,neutral
Boston T,"How Boston T riders, drivers and bikers get around the city - WBUR",https://news.google.com/rss/articles/CBMinAFBVV95cUxPLUFLa0pEQlpnUFBiRTBrSUN6cC1jb3Iwc2NwMDlQd2pYZXQ4dHhwdXlkVUVwNzRsZ0R1Vnh3MHlKLUV2NEJUY1Jack9GVWZRbkJVWEpFeS0wMHJVZlFtc0pVUmNMZFFTZXpTd1dfdzQzRHFjSWdEcU1aUnFaYk1UOWdTZkFnT0xSRDNtb2ZReG5pRzNhMkhyU2Z0MVY?oc=5,WBUR,2026-10-08,neutral
Boston T,July 4 In Boston: T Is Free After 9:30 p.m. - Patch,https://news.google.com/rss/articles/CBMif0FVX3lxTFBMTjZ2X0dGMXNmMDZ4RDB3bEgwNm1NR1FhVnYzTGJkTzBRVmZFeDVLZkIyaEU2cFhiUUpUWFJfZlpzTTZJS0otUk43aVB0WlZfbnJWeFFQZlJJNUNwWHczb1Qxc3hPZ2MyaFpPaHJuTThQcHhQUlFKMjFrM1QwOGs?oc=5,Patch,2026-10-08,positive
Boston T,Don’t hurry past this downtown bakery - The Boston Globe,https://news.google.com/rss/articles/CBMihAFBVV95cUxPcVp0Q1FtdHBpdFlBNW9WQThhajY5S2R6Vl9wb01Damx5R2FWSkRuOWYzMmltZE5WWkVFc2FacGlhRktnOWhvbmt3YTByNldtaWZyaHQwN1RNUE1sMEo5YUJMZlNQdTJkMFp6VTlKNk9HcU90aFRhYmFuUVh2NmItMHdmaUk?oc=5,The Boston Globe,2026-10-08,neutral
Boston T,‘Nightmare trying to find a place’: New campaign seeks to end pet discrimination in Mass. rentals - The Boston Globe,https://news.google.com/rss/articles/CBMiqwFBVV95cUxOWEVYUEZFUnNZYS1JYndIZExndmVfM0dCaW5ZYWkyTXFhZU1Yc1g3MG5QRzVOSUJaWU5DVGt2NTRMU1daaTJhTVVCdDE1YlJpRmpNemtLYW9MTzFuTjFCdzlqdEM2LW1faHpHZjRGT0lJOTQ4dTNvTmxDR21SN0xNYktjMF9IZTYtRXlJX2YzQTBWVms5eW85RHRpUzZ0V1lqQjFOcHU4ZjVDajA?oc=5,The Boston Globe,2026-10-08,neutral
Boston T,Poll: Residents say MBTA is unsafe and service isn't great either - WBUR,https://news.google.com/rss/articles/CBMieEFVX3lxTFBKM2ZpbTNEczEzOFB6QmtfbDVlaHowWGlkSDNsU3BhWGJkT3pQOWp5cG5fTDJtMHlWcWtTdVdEX0Z4dXNwd3BiNHJ5MzdMQ2pNR2piWWFCV0J2UVdjeWZrS0V0UUdVYVRvU0Nham1OVE0wb19HQmJ0aw?oc=5,WBUR,2026-10-08,negative
Boston T,Massachusetts prison suicide report points to broader problem - The Boston Globe,https://news.google.com/rss/articles/CBMiekFVX3lxTFBCOGk4UXVrZWZubUNXLUZvYThzZnEwSk1VUEZveW1NVU05Vl83aWZfTkRzZ3hmOThJRmRLQ3FNelZEak5BdVBFczhZV3ZPR3oyLUtDWmpfVDBiQ1dfRWIzTHhmdjRVeUhSUGR4bWVqVnVQcDZyQlNjOFV3?oc=5,The Boston Globe,2026-10-08,negative
Boston T,Getting Around Boston: Guide to Public Transportation - TripSavvy,https://news.google.com/rss/articles/CBMijwFBVV95cUxQY2g5NjdMWEd5RWJfQ2p5R2V0WnVWQWROU0piUFZrVVpJenJLLV9INFdEc0RFd3pLbWtpRmtJUGw4WkMtQklRUGVnelZYZkg1LUIyVXZWMU1xQ0RQYng2ZU5CTG5LVFNHWDQ3SGZMV2tSR3pJSjM3Wnd0UEFrQlhNVzhGQWtLU3d5bUl2UVgxZw?oc=5,TripSavvy,2026-10-08,neutral
Boston T,Transportation - The Boston Globe,https://news.google.com/rss/articles/CBMiXkFVX3lxTFBTb0hZY2RCZnlYekV4aTR5czhrN0VsWHNmN0JfbWVwVkJtQ0E0ZHZIQlRtYUQwM2U5a2oyMTA4YkFBY2VlZlZ5VG55YVNteW9UNlJ5S3FBSWhnTTdIZ1E?oc=5,The Boston Globe,2026-10-08,neutral
Boston T,"For T riders, the shutdown fatigue is real - WGBH",https://news.google.com/rss/articles/CBMijAFBVV95cUxPX3c0d2tHUDFMdm1sT21kdnY3SUhULUctQ3BhWXpoZWhqZC13eGR0ZUNxWnZMQkZfNUdidmE1YzhCc0Z4Um4zU1VWbVJKakc0M2FudXlJcldkV0JraGd1a1NseG45MnpoWmtGZWdDSERZak51SXhNRUR1R2VYeWtlczhMNVdjWTcteW1XUQ?oc=5,WGBH,2026-10-08,negative
Boston T,"‘You are his witnesses’: At funeral for homeless man, many didn’t know him — but still came to mourn - The Boston Globe",https://news.google.com/rss/articles/CBMifkFVX3lxTE01YXgteDZGWFdHTGdtcDVaYlFCTlV4LUlhbW9Pbk1QZTFyalN4NmdZTHVRLVZXWUNYa2NTNERIYzNRd1ZUajNZc09sQ3dYMW5sUTFDTk1zQ1Z4TG1JWGRzMDJVZHBrSThleFBvb1A1REhyTjBXSkZnbjN5cTBjUQ?oc=5,The Boston Globe,2026-10-08,negative
Boston T,Michael Morrissey says he won’t seek reelection as Norfolk DA - The Boston Globe,https://news.google.com/rss/articles/CBMif0FVX3lxTFA4ckF5VkZjZkppc1lHYnppLWthaDNxRnJqWVo5ZFlZMjRYdW9aeXkyeVdpaVdmSDBoNkZMLVJ0bUFId1RQRC02Z0tQTHpic2xydWxvWFMxT1IyTjM5UWJDbldKT29RYlNfdXVwZmxrZFdNR3JPQ0RleTAxYzBsV0U?oc=5,The Boston Globe,2026-10-08,neutral
Boston T,"MBTA board’s $3.24 billion budget for daily operations relies heavily on state funding, and on state lawmakers - The Boston Globe",https://news.google.com/rss/articles/CBMigAFBVV95cUxOWEJqRmdxbWllTUJJU2E5bVVaUWZNTExoYXhEdFR4aWJYbTljOG5saUJ6N203a1RWemZzamhFVE5oQUtQTFp2ekdkOFR6VE9MVGU2MThNb1UzUko0M19oenRJQUdYVTJwLUpFekxubkFVOXV3SUN0M1NwWDd1RkE3cA?oc=5,The Boston Globe,2026-10-08,neutral
Boston T,T Riders Can Soon Tap to Pay for Bus and Subway Fares in Boston - PaymentsJournal,https://news.google.com/rss/articles/CBMinAFBVV95cUxQM0ZESDRXZXV6ZzlDZldKMnFIT2ZoOURIOVBld0dtN1QyWWt5VktndHpDcExTU0dLTGgyZkZ0VkNjMUY0dE5xQ3FOemFkaEpqei1IT0pUS2M3MVdqREJ4d0JiSUhjNkJJcDBtWmkxbzZ6OHpGYjFjekFmbmpkbHFRN2p5c2QxX0V5SER2WlNqX1VIVUVER3k3UFQtU1fSAaIBQVVfeXFMUE9ScEF0dEtPbjR5TFNEU0F4YmdPVU1zaExJemRtNUNiSmFCVnZkdmRXa1JYQUR2RHA4M1g2QXZGdmJRcXVLN25yZTNLWnN1UzRKMTM3N0RpcnFYTjVJc2FhcW9lMjBwdkhOUDlEbGlGRmRyQVFiTjhaLWxFSHFpMlU4U18xTU5HcmFTbUdkckRSNGU1eEhGbzItMzRMYmhlNW5B?oc=5,PaymentsJournal,2026-10-08,negative
Boston T,"I spent 4 years in the US, but now I live in the UK. Here are 6 reasons I have no regrets leaving. - Business Insider",https://news.google.com/rss/articles/CBMihAFBVV95cUxNazNoUWVOOWZva05UT3ZKNUdubGhaTzZWRVh2dXZXakE4bW1nZU5SeUFBdFpjblVpMGthbVVZa1pSUUZXS2F1UXM4bnFFRWdfWHZjdjJFNFpfREFsQkRsWEpoOUxyV25iQ255eEx1N0ZXLUN2OWdxaXByWjgzeFNSR0xJcUM?oc=5,Business Insider,2026-10-08,positive
Boston T,MBTA Green Line service at Union Square reopens ahead of schedule with all slow zones lifted - WBUR,https://news.google.com/rss/articles/CBMiigFBVV95cUxPUE9mSFFEeTRFcV9ZWHdoV3pUZ3kwOU9UVnRCYjMtYS03SEhVbi1UT2FrSTI2V1VpMTc5TGNPWF9JVmthM2ozRTJadDRzdHIzdk5YSXFrTWxNTXd5dmlpT0lxSDZjNjFiU3doVTV0czZvRS0tLWkwRHFxMF8wZHhIOXphYTNXQmY1M3c?oc=5,WBUR,2026-10-08,neutral
CTA,Weigh In On CTA’s Future Through New Regional Transit Survey - Block Club Chicago,https://news.google.com/rss/articles/CBMiogFBVV95cUxNbGFaUkMyMVF3eHFGZFQ3ano4UDMtLVZlZzhxTlpmWmxqNmdTVmY5ZF9ZdDZXQnZfaDEzRktPbVQ4ZktyM19lMFE4SGVBeXNha2hUUGFvb1FVUTZmcERwX1JVNEdMd1Z2QTN3WUNiSVpQWEVCWWk3cFNUbHh5MGJaYzNfTTdrRkcybTFXUzlFN0pFRmNMd2ZIWS1EU0I5NVJUenc?oc=5,Block Club Chicago,2026-10-08,negative
CTA,"Construction on Lake Street Bridge connecting Loop to West Loop, Chicago to affect CTA Green, Pink Line trains this month - ABC7 Chicago",https://news.google.com/rss/articles/CBMi1gFBVV95cUxOVmlPT2JndkM3OFUtd1h6UjBsbldVX3BXWXItNFdYRjFfdWNjc2EzMGFfMWhRSHRDNVpXUU1waVJMbHd4d2xTOThhalYzVlZDU3BIR1RwclpkRkhaVjAycnAyUVZiNjRMWHFkMHJwdGZncTBmZTl3ZElsTEx3Vjk0SXB5TV82SVBiam5XdUhqanN2LWxvekkzYXdubU1EUmNHSEdpTnNTX1ZDb1FWMDUxdFA2U3A4OWM3ZHZ4RUpPLUVpZzd4V1RCNlVhR3hGcnZsSnNNaGJB0gHbAUFVX3lxTE5XWUtlSkQxbksyanVwY291Zkpzc1RoN3FDM0FQQTFGRG5UVG9KUzlZQy0xdmRHajdnM3FlR21vSUZrbUtld0dCQ3p6dlAzeHRGTzRoVjNyQ2dKOW45LUhfMGhhZmk5SndhQks5LTR0RWxLWTBHcEZJMWY5WmJZc3cxMDhtdFRkcWV4YnFpZkxuNzJCazZUTFZTcjBDOW5VSWUxcWV6YlRBM01HV3pXSHI5Ym9LTVpDRVhSTHZQc0QwUm5QOW5aLUhSZGJyTXppZS04eEt4bFF3SE5naw?oc=5,ABC7 Chicago,2026-10-08,neutral
CTA,"Man critically injured after falling off CTA platform, being struck by train - NBC 5 Chicago",https://news.google.com/rss/articles/CBMivwFBVV95cUxNWmVWNWRXTkw4TThlS1Vka2RmNExKREg1aUlCbEpDY05qaFkxRTBrdWZ5b3loakxUbGtTYVNaUm9CdXBoLWdsVEJKaUt4YW5HYXQ0QXQ4alJRbVFfdFVuQmVqeDVZWHBRTGxCWGxqM05XV0VrQk9CbW05bVNDY180ZXFadlZBMVluQU9VNFB0dUxLNWZ4TEhFWGs4UGFUdm9jcjBKWExMZGlmTzEzYklQRFFlRGhXNy1JLWRsNjNXONIBxwFBVV95cUxNV0t1akRqaDVmOXlQaEc3Vm5UNWRfNjltd21QbkFCckN5Z2dOb2o5OGcwLWd0dm43bC14bnZ1VnlYS1AxYWVNbkJmdVhDNkVJUG92T2dLeDg5NjdCeTJCZzhaN3AzVkNLdDhuQmxGTk9RdEFsaG1QelRXbWpkNHV0SkhwVjJ2RFJUcVl4UHlvR3lzOTViX0R6cDNrRENlcWRLQUJnVVZUSTRkRGdDOXhPbFF4aFZhOXNKY3J3LV9TaVNlN21mRzRV?oc=5,NBC 5 Chicago,2026-10-08,negative
CTA,Police search for man who punched woman on Roosevelt CTA train platform - CBS News,https://news.google.com/rss/articles/CBMinwFBVV95cUxPVUFqUE16M1ZFaE5sUHFLSzIyMFluYWN4eGZhaDZOQ2ZvTFFWai1rbGJpNDZGb3p1WUpNdW96emktVGNqLXlpZ2FaNXBNZ1pYc0dYZlEwU29WeXg5dENVOExCVVdXMHVSQXJ0MDBXek01RzBjQU5rcjlCSjdEWFdGdkFQUnRhcXpNNXU5VUstckQwMjdtMTc2R2VCcWZWVmM?oc=5,CBS News,2026-10-08,neutral
CTA,Oak Park joins CTA reimbursement pact for first responder services - Wednesday Journal of Oak Park and River Forest,https://news.google.com/rss/articles/CBMiY0FVX3lxTE9kaHc3dkFvMHZESE1hNnFLek5OXzJnX0ZqdTZTNjR1YjJSaUJPd19FS0tXWVhSTV9tc0h0dnh0a3Q0Q3UtYk82czYxMGJTMTkzNnRCT0htOXJBZkd4bnNRSklpRQ?oc=5,Wednesday Journal of Oak Park and River Forest,2026-10-08,neutral
CTA,"Oct. 20 resource fair at Jefferson Park CTA terminal to address addiction, other heath issues, as free Narcan products available in vending machine - Nadig Newspapers",https://news.google.com/rss/articles/CBMigwJBVV95cUxQLUhtaXZTVnVubHJTeEcwQ0F4VWJSODBEenU3ODBSUEpRamJnTUw3WGZYWkpybHJOWTZvWmJTTzhGNERSdXh4ZzFMN3JGU0N5ejhaRFVlUlRwZmxSSVNHakh2LTFYaDdOVWJiOHAyX3lJeW00cldpUURDRW9haWJnajNDM3AxWHVoN25XbDRBX0JNLW5ELVVKWjZGR0dWZnZFS1V6MzBmQkFuTkJzWDVSVjh0aUNNd1p1WkEyWDlDVEFodHl2Y05EZk5oZkdYWHM0TWNHQzkzQzI5Y2ZrVkc3ZWl5d0lGWFp4LWVldG5DWjBBMHpNWFVTYlVabmp3WXFfOFFB?oc=5,Nadig Newspapers,2026-10-08,positive
CTA,"The funding is there — what’s next: Five takeaways from Metra, Pace and CTA leaders - Daily Herald",https://news.google.com/rss/articles/CBMiywFBVV95cUxNOFNzdDNLNHN3ZzlyUlViRXBua0EyZG5xbWpDNnlYOW5CYS1MVWI2cTA4ZWJMSHA2cF91NEF1U2ZCclUtTThGMjkyY2s4ODRGTFE4NHdyNlZTX0FldGJfSVcxR1NXWTFjdVg0QUwtdFItb0VuUzUtUFRtWXpqVW0wUUtielJZOGp5dGcxbGw2XzNnb19sZ05qclJGclNWVTJyQXF1OWRBZjdwR0VhVlVXdEJqMnljM3h4UldCLUUzMVdrU1JkcUFISFRzWQ?oc=5,Daily Herald,2026-10-08,neutral
CTA,CTA in settlement talks with feds in Red Line Extension lawsuit - Chicago Tribune,https://news.google.com/rss/articles/CBMifkFVX3lxTE4yOWxVRGt5bVNXSFkzUFhDb0VJcWJYanYxUVNSVC1zOVRyVVAtMkdUSVJyNDhpV3hVcFN1N1RGb2RkTEpzdmRST1paR0xmTXBMRmVNQUY2T2JYQ2l3djJhTHFnMDlVMzQzdHRkZmV6SG5SRGpya25MWDZrOUsydw?oc=5,Chicago Tribune,2026-10-08,negative
CTA,Police looking for man who punched woman on CTA platform - Chicago Sun-Times,https://news.google.com/rss/articles/CBMivgFBVV95cUxQaVJhV1pyZDlsLTNzRUtzRXl2TVFkTTlnckxEWFpPWHc5aGNGR2ZzNU02eHdHeHVLWk5xajU1N1AzejQyLU9Kd2dwOTlndFBPQ1BKb2pEajlURzNzZGZKaU9EU1hhRXZjUlE1QlRfbnBuTno1R290LXF4V20yRW9tdHZ1SWZTUXEwelB0OEhodWFXWlJUVlF0bXk2V2VjdkJ6TDVZT2N5X1dVclY0SHQ5QnVvTm9KQWVfYzhQcWhn?oc=5,Chicago Sun-Times,2026-10-08,neutral
CTA,"1 critically injured after falling onto CTA tracks at Morgan/Lake in Chicago's West Loop; Pink, Green Line trains resume service - ABC7 Chicago",https://news.google.com/rss/articles/CBMi1gFBVV95cUxQWVkwQXoySlZkbnVpV1BVNjR1RnlqMnNRalVsVmNFWXA1djZRRG5FWktGUzU3X3lna2VzN2V0YllERjdFRXkwa21wRU9NUkt1Z0VPeEFsRzFJVU0zS0JRT1QtWS1STV9HVHlFSmhQTXZxRFlhRzFEZjlvSGpxMGxMRzNwLWQ1aWhLN2FYbEw5ZzdQYnBHZFgyY0pwVmpuXzdWNlB1UWoteVRRTzd1N2RnUlgtMGlOZHA1bEp5N0l1VGVCRkJYN3Z6bGM1SjRsRlFQUkt2dURB0gHbAUFVX3lxTE1FWjdBemJvRlVRX3ZHUGVTNjZ6NGYwOGdnQS10MWVkZ0ZMRWlxUzZ2bk1WRk9NbzY3eFVDTGQzVjF1X2FlQ3QxLVRpckdlQ3JPWFI5ZFR5ZzFNV3FYMmhnVHNzVlZkdUNvUGJzTlYzWWViYjZnRnkwMU05amlRTTNUZzc2M3hVMU43bFR3Vnd4cFVDeUt3SDZHZHFPelQ2bHpLMjNtSWFjaVZMeW5RZUxoQmpicngtSEpINi1QaXk4VXRoNVBIOWl5bVJyWDhkSVJYRHliMTY4MTJwbw?oc=5,ABC7 Chicago,2026-10-08,negative
CTA,"CTA Green, Pink Line trains bypassing Morgan/Lake station after medical emergency - CBS News",https://news.google.com/rss/articles/CBMiigFBVV95cUxPTHlPLTA3V1F4MTdxdDhsZDZhLURCd3duS1FYcFhNSVdiWEw5VnpYSWcyZ0NzREZCbFpkMVJiRmpSR1pyQXdTV1RMaHltd2xmazM1dmNIdFVaUVlCQ3YzWnRneGxKTW53dlViY2U5N3Q4bi01ZEcxVV9DLXg5dDlCZkVIYV9kd05QYlE?oc=5,CBS News,2026-10-08,negative
CTA,CTA Unveils 1950s Neon-Style Sign At Revamped Blue Line Stop - Block Club Chicago,https://news.google.com/rss/articles/CBMiowFBVV95cUxQOVJzTGR2anliZm9yWVVQVm9SV1NlQW5NR0lmNllRM3VoOTFDT3pfNDZIWFJwRjlDZ3p3UU9nNUM2a0pNc2FQd29yTXFwQldNVjViMkEtRVJCTkE1REVyRktINXhURi1VN1o1Y3pyZFo3NnNjNkptVzFfa2tBaHVrOEhUN1g3ZmhZa2N2NTYyeHdBb1UyOW0zV1M4TGo4SmVvbmdr?oc=5,Block Club Chicago,2026-10-08,negative
CTA,CTA’s Red Line Extension (RLE) Project Opens New Community Office in Roseland - Press Releases - News - CTA,https://news.google.com/rss/articles/CBMiqgFBVV95cUxPamNNUEpCOTZvRmgxT0RHcGhFSE9rNlFXbzZoNF9FWkZiZVp3ZUp2bml5RTlIcktreVRMZmVuSUVqcHFXT0o2U3U4QjRqd09FSE9NVXZnd0huMElOdG1ET1ZHY2pyOUx2d0NxbEl4d3A2ZklPUEVkUHVvMjBYc29vZWlqNkQ5WHdpQmM1WDZRR1BETVhQNWVZQTFXdHRZaFNKSFJfZzMydk9ndw?oc=5,CTA,2026-10-08,neutral
CTA,CTA changes routes during bridge rebuilding - Audacy,https://news.google.com/rss/articles/CBMifEFVX3lxTE9jYl9IamtmYklYUDBmVlNockJVNlh1b1Jqb1RVZHh1M1B0SkkzbDRqYVVncnpkUkZCa0lFVzZnemQtSGpVazBUdHdQcEFfcFRJOVVPYWFTQ05vZEw3dlVPZS1oUGphazRhdnR6T0JNOElheXRxemRBZ2xDSzI?oc=5,Audacy,2026-10-08,neutral
CTA,"Chicago woman attacked, robbed after suspects followed her onto CTA train, police say - FOX 32 Chicago",https://news.google.com/rss/articles/CBMiuAFBVV95cUxOTno0UGFXUk9JOUpaT1dhbUNHVGJsM3oySldQcFhYWjFKbWM5bmNLWnJDYkYwUzVhdllQbm50Z2xfZWFVYWVvOTcyTHo0ekpxQWxKd1dIUFhJWEplbDNfSmZOUXh0YndQN3ZxZXRFWk5IZWVtOTJYQ3VYNGVUV1Z1WE5zcjRtZG41NDUzU2IxOW5sWDd1azdaVUpRZWEyd0tpbnNKZnlmcjRaemRLX3RGUWtKbTNvWGJq?oc=5,FOX 32 Chicago,2026-10-08,negative
CTA,CPD releases photos of suspect in Chicago shooting on CTA bus on West 63rd Street near Englewood High School - ABC7 Chicago,https://news.google.com/rss/articles/CBMiygFBVV95cUxORDZyV3J1SDBlZk4ya2NiTVV3ZkM5UlZJbF9QcjUzME5Jb093TktXdEo0bDZuY3dtT0p3MkJzU2hLMW5iVTkybkw5TVNlb2ZoOGJxMWJJN0I2R1ZUV2VHR18wRGZSV09VclV4WWVvVFNuN2QyVFdKWUlnWWQzUTFwdzdRVGJhdlBXcnhDY1NGNEpnNWdldWxIdHpKRHFSSjVpcERNWUtOSm1DSDRmdHQtbHlSN2ZKZS1vSUVXX1g5UVV1bWZuYlkxbWF30gHPAUFVX3lxTE9pN1FnUTdmd0gwVlZpcWJjYTB4bVVCMGpLTklyM3EtelBaZEJXTVY2T3otTEJZS29BM1dZMnIzS1NaYVlvX1RsVmlHbDRGaG5uN1FzckpPTFJhbFNfX0xPcF9TQzMwc0dOM2xjR0E5dU9hU1luZGFjdTBYY3Nrcl9Dd042XzRFVno5QjllcDVOWG1jSW15V2FrNmhWYmtrcEhMWjU3ZnRHWkJHanV1QWxVUTlaekQxcEdMN2hNb2V6eFhzTVoxTVRGemsxZDhlVQ?oc=5,ABC7 Chicago,2026-10-08,negative
CTA,CTA Orange Line trains running with delays near Midway Airport - CBS News,https://news.google.com/rss/articles/CBMilwFBVV95cUxOb1JxZWVOTXZzNzBsUG5fQU1ZYUtSbmEyWTNhLS1oWGZLR2pnTnpRVERKSjd3N0N1aDlLckRCOUxBaFF5VnhMaDNhNEo1c3NSQXlTclp2NEtrcVdXWExCOHFfQVRtNGRJUGZMNHgzQTVDUUNkbTI3S2x0QzVNRUVFMDJkaU5KQTdoanJLVHBlRGFfWTJRVzdZ?oc=5,CBS News,2026-10-08,neutral
CTA,Orange Line trains suspended near Midway Airport as CTA warns travelers to avoid route - NBC 5 Chicago,https://news.google.com/rss/articles/CBMizgFBVV95cUxPVFI2bjlCYVdDVmFBQWo3RFVWbUVRSnpIem1GTTdLTXJETktsN0dWbEVDOWVLU1lYcWxhVGRGTHhyNy1FRWNkOVMwT1VZYi1YWmYyQUczTnRMcmtxZ2hydm4xaFRQeTc1VzFRSmd0WGR5OGswcEhrMnVVNGh1VTB1NGF4VnZlRTJ4VnpFc25WOVFBRkNRbWk1dGQ5SVlLNGYyT28xbGZLS0xCazhxZE96YlE1eExMMjJGTGxhQVFBdU9hWWd3a1ZuVUJnU0sxQdIB1gFBVV95cUxNWVkxX1pRMDFQeUQ2QmRWS0RPMHFndklFcFA1ZmtueEVubVF0U2IyWmo4RVoyRUJVNUFna291TC1SWVd2SnRMV0NxakJmaGJpODl1cTlyM0M4Y29JOUc2YXVqeDJ0d3d1aGFxM3ZkeGEwanhaODhZM1NVZHM2Wk5ob0RQRlNEX1pNaEdYeFp6NjZibmJReTQyZXFZVERuMlp5VENhVUJBUFlPUVB5cExWcTlwM3RYRmp5TmQzaG5QNWZQYmF3bU1ORnh0VVczcDBXWUdiOWJn?oc=5,NBC 5 Chicago,2026-10-08,negative
CTA,Oak Park to seek reimbursement for emergency services along CTA Blue and Green lines - Chicago Tribune,https://news.google.com/rss/articles/CBMixgFBVV95cUxQRHdVODB0SjZJdEwyTzlaczkxYXZqSkJla3J3cWJkZEdHUTM1NlQ4dVpJRU5raWlNalhRblJtRDFaeEwwdkZDVkRsMTFOSGI3dldxSWxHaGstSW9YS3BFN1A5M01wSEFnTEpiZDBsV0JncU5VOTBFUF9MWFhZUWRkbVoyd05kQjRIZDBxN2Uwb3RLZEh6VEdIREk2aGlaMnRPbFJYNTBySWJyWmNqZUJYd1lTcXRvb3Z2a1p2RFFjMGtDY3dEZlE?oc=5,Chicago Tribune,2026-10-08,negative
CTA,"CTA Red Line service resumes between Howard, Belmont after Chicago Fire Department activity - ABC7 Chicago",https://news.google.com/rss/articles/CBMiyAFBVV95cUxPRXpkX2pxWlRKWTItX3BTaVdzMlRkN2RMZFliaElVbWZEM1VGLXVCbk1LY3NJN3p0bjZuT3pJbnQ0Q1NXLVZJamdYc3VkSWlMUVNaTEVNNWZwUUJRU00ycFlmT1NUYzJDZXdLaVRYdkxMWXA1a3R5blFoN1Y3TEl0RHZtbVREOUZVOHFMSlRKRk43V2l0ckt1YmhGUWg3WVVGcXExbFJPeVBwZWxVRVp0aG5WQzRoZGNzZlJBXzVNb2NSOWdMVVdyT9IBzgFBVV95cUxOQ0Y4RE11c1hRakNzS2puLXE1anJGb3NBcXdBb2lGYW1RQTg1SHFVOUtCYXBVRk1UdURpUUJqVDFNdnA1Sll5WHZMMVNfMXloMkZJZnVkbHpHQzlaVURtaG85bzliUFBhOXJxWG1DZ2NLQkU3OTA5NS0tU0V5SFB5ZUdsVHZzeXNSb1BEelRJSE55ZjJLX3ZDeDhndEV4OEl0SVJmQW1vWW1pSm9oUXlXUjRDRkdJWXVGSnBycWhtMExwSlVXNHRtazV0dXZkZw?oc=5,ABC7 Chicago,2026-10-08,negative
CTA,"Woman followed onto CTA Red Line train, robbed, beaten by group, Chicago police say - CBS News",https://news.google.com/rss/articles/CBMijgFBVV95cUxOS0M2U1JqSUlpc3BXTWY0WGV5clBlT0FMMm9vN05pRHBOTmx4c3VydGNxaHhXQUR2VmVIVmQzODZEME1DMDR3RHpGZGo2RFY2RXpiM0w1Wmx6RXJRbDVuX0J4aF9yOGhHYUNGcWg1STMwNE9MYWRrOEcwTURpZlBGSF9LemROTzVXMTd1UHB3?oc=5,CBS News,2026-10-08,negative
CTA,Chicago police search for man who punched woman on CTA platform - CBS News,https://news.google.com/rss/articles/CBMipAFBVV95cUxQN2YyeWs5LWtFdUdvUzJSOXJmdERoWVZRY0xjSDVERVVpdTVXVFJrMFZEMU1xX19FRzZhSFpBSnZpZVY1Q20wcnhTQWh3Y092YU45UTZEbEt2UkU4UkJOTjBmR1l5Nk5jRjhKX2ZtNGp6REVnQ0l2cm03ZHotMnpSQlBpa3h3TXpWY1VacXYwZTBFRlN4cDJMWHE3UzhPRmx1alRCeg?oc=5,CBS News,2026-10-08,neutral
CTA,Chicago woman shot on CTA bus in Englewood says argument over seat led to gunfire - CBS News,https://news.google.com/rss/articles/CBMilAFBVV95cUxNZ0pDSUpocEhHTEs1akd2bUR3TVBMN0dfME8wMTlwNEtWZGR6X0ZyMUtLZDBMekVvZHFiSVQzZDEtRTdOYW9WeHFlWDFPOG8wLVNRQ19kVmRnVU4zLTZPX0pKLVd3amVBbWpOeWhOVmUzZ1Rpai1LZWI0TDU5a012bXlrTU1lUmRWNlhMZzdSNlNUeUwz?oc=5,CBS News,2026-10-08,negative
CTA,"Some CTA Pink, Green Line trains not stopping at Morgan/Lake in Chicago's West Loop due to police activity; 1 hurt: CFD - ABC7 Chicago",https://news.google.com/rss/articles/CBMi2wFBVV95cUxNRVo3QXpib0ZVUV92R1BlUzY2ejRmMDhnZ0EtdDFlZGdGTEVpcVM2dm5NVkZPTW82N3hVQ0xkM1YxdV9hZUN0MS1UaXJHZUNyT1hSOWRUeWcxTVdxWDJoZ1Rzc1ZWZHVDb1Bic05WM1llYmI2Z0Z5MDFNOWppUU0zVGc3NjN4VTFON2xUd1Z3eHBVQ3lLd0g2R2RxT3pUNmx6SzIzbUlhY2lWTHluUWVMaEJqYnJ4LUhKSDYtUGl5OFV0aDVQSDlpeW1Sclg4ZElSWER5YjE2ODEycG_SAdsBQVVfeXFMTUVaN0F6Ym9GVVFfdkdQZVM2Nno0ZjA4Z2dBLXQxZWRnRkxFaXFTNnZuTVZGT01vNjd4VUNMZDNWMXVfYWVDdDEtVGlyR2VDck9YUjlkVHlnMU1XcVgyaGdUc3NWVmR1Q29QYnNOVjNZZWJiNmdGeTAxTTlqaVFNM1RnNzYzeFUxTjdsVHdWd3hwVUN5S3dINkdkcU96VDZseksyM21JYWNpVkx5blFlTGhCamJyeC1ISkg2LVBpeThVdGg1UEg5aXltUnJYOGRJUlhEeWIxNjgxMnBv?oc=5,ABC7 Chicago,2026-10-08,negative
CTA,"Chicago shooting: Man, woman injured after being shot on CTA bus in Englewood, police say - ABC7 Chicago",https://news.google.com/rss/articles/CBMiswFBVV95cUxQWU1Gc0NJR01yNVdFcjN2Mzc2S0FQQWlGOXp4U1J0ZC1NejVXVVl1Qmtwa20wbmlncDh1NXRiZFNHZHpVRW4tbHc0LXd0OE84SklCMXZDVnVMREhLdUh4V0NPNXIwQXoxT2dWbGFnMVpLWVllOUt4ZWgxUXBRMHVvVzBXMWlDN0k2bUFwWWlaTU5MNE9Penl1LXJIT2I5MXR5Ry1ZZUZHLWVSUW1ab3AtZ3Jid9IBuAFBVV95cUxNMGYxSFlZWC10OERVaXhzZXVOZG1OclBEUEQtVGpCRXNBd2Y1MjNBVnVyUXZiZ1dDMW15LTA5R1hSSmNUUFA2S284SnVwU3JNVjYwVWtzd1BKa09lektZU0xqaVJlaG12MDczdG5ZWm1kN05WYmFZUzBMZGtTemNCZ1E3dllES1BGNm9tWlpWUXdENDE5U09vUDlxVmdPdDNVWWZFUmk2RmxieVN0R1RfZnlULUtWTXZN?oc=5,ABC7 Chicago,2026-10-08,negative
CTA,Ribo Files EU CTA For Phase 1 Study Of RBD3133 - TradingView,https://news.google.com/rss/articles/CBMirAFBVV95cUxQY2t3cFJDaGlMSl90dnVrYVBicF92YUdWUGRqMHFNMTlxb3BnRkVmWnhuQXEwR01PZkRJNEhVcjRvcUlIdGMtV1c2UF9uYjNXcHVMZ2k5blh1S2xLdllWWlBsUEJqc0dQX1FFMTE2QUx6bWF4UVZkdFE4QUFWbXdFUmxXczNab085SFBUSTZ4T2Fackp2WFJBcElfS2NtalVCX0I1WnNjWjBWdVJW?oc=5,TradingView,2026-10-08,neutral
CTA,"Teen charged with attacking, robbing woman on CTA Brown Line train in downtown Chicago - CBS News",https://news.google.com/rss/articles/CBMikAFBVV95cUxPc01pbm1mOGRMQTdzZzkwU0F3TTBHTmthbThSQjZQa2VPT0JwLUtOcjlNYnp0Q1AtVk5rcHg0QUdodGJBMW1CSXR0WGhBNmp6eEQ4N1gzZi14cjliMF9VSnJiVzVTR0NzWGVPZGh1aEx5V05fVWZVZXc4eVkzN05PdjJSMDRuRHVtdE1UejM4OHQ?oc=5,CBS News,2026-10-08,negative
CTA,Macro and CTA hedge funds surge in September - Hedgeweek,https://news.google.com/rss/articles/CBMie0FVX3lxTE52R09CNVNOaV8tNVNjc25iQTNLYlQ2Yy1sZTg3aDJKQU9pLWJTejFOeUVia2xuWjZyQ0daYWFNdjRhUUx1WV9pWE5Gd3MyUDRrU1AyVDlCYTljTmcxcEN1S1dUV0N3SkpaQThFTXpZQjBEbWtZX2pLRFdRcw?oc=5,Hedgeweek,2026-10-08,neutral
CTA,Ribo Files EU CTA for Phase I of INHBE siRNA RBD3133 - TradingView,https://news.google.com/rss/articles/CBMitAFBVV95cUxPR2JIRXlReGxiUjJYYUtXNm1CTGdMaFZIWVVGcnRBQ0Jrc0w5Mko5NDRhajlLZl9qWkNsTkhQNW0td29jdnRBUnk2Y0dja1Y3clI1UGFvZGRWaXhuMkVaQ3FmVVVmZS1RNjE0TnUzOWtmdEZZQ3ZSSGZBN2NTRndreEJ1RUI5VmhBS0JUOWFmUFdGRzZtbmxnOXAyTkNlU3REbmxySnFfVjhjNzA5YWRHZFItNl8?oc=5,TradingView,2026-10-08,neutral
CTA,Chicago murder: 4th suspect charged in death of Kyle Bickham who was pushed off CTA Red Line train near 69th Street - ABC7 Chicago,https://news.google.com/rss/articles/CBMi1AFBVV95cUxON2U0dWItS3JCOWhGOWp4TUpBSU9ZSlNJV01VZTgxQlVqUmxBOFRKbVBTc29HLThYZ01LcXFnRUxXYUxmQlFpd1RPdEZjVXQza21UaG5NS3J5R0ZybEFYUU5Fc0NQQi1BWXc1VFFjQ3ZoQkNMVm1RS01UTG5HdnRLS1Z6eEJ6TlltN3ZVRW5xOFVjZHk1a2VrRWRaVVhPV3VLb19BcFFKSEM1dmktWDZMeUR6MXVnSHR4c1ZoZ3FEMnRNUXR1REVRVnBKaFhESkxYdkdIV9IB2gFBVV95cUxQMDlGXzdLU1piMGV6azVNbjBfQ0dRaVpkZUhhOVBwZGpqWF9sTmloX2E3dUg5Q0hpanJleWlGWHFxYk9QbG9yaWJPdTZYVnV5azJOQ0tyMTNGMDZIN2RUdjZOSXJnZHRDejBfVVdHamY2dXVoWExFQ2QwNzNQOXA5MXZndGR5SUxEVC1wX0g5elprel9VenU1QkFMY2FPUzE4Qi1pdXhWYnVjemp2c2VTb0dUUG9WdXNNb01jRVprT0lQempJbHlvN3J5OEttNUNqMG1ldFc3M2lnQQ?oc=5,ABC7 Chicago,2026-10-08,negative
CTA,Family of man killed after being pushed from CTA train demands answers - FOX 32 Chicago,https://news.google.com/rss/articles/CBMihgFBVV95cUxQdU5Ea0VOeWdYbVZiOTZyMXVQVU9JWFVDLVlIVUIyQS12eXVTaVB2bVpWZHhiTzBDWXJ3Y3pMZk9jUWZhbk9OTHdNZkVWb0xHc1p3eENrR3c2Q1ItRk5QVE9KZzVHclVCRUlzLWZ1VVFneVdjdUZHeHJJZnh5Vy1hZXF4b1FFd9IBiwFBVV95cUxQS1htWmduRGV6MHlhLXJHLW5aSS1vLW5xdjR6bnA1dEh2b19sLXdrSVNveVZocU90TzFvODM1U3pFejZZaVFxendreDhhbnlUcEFHRnB4MkNaa3d1X2NMRlZ1V0g2a3VwU2hwdWtKMmhvdS12cXItOW55NDFTc0lOOFUyVXdoRG5IZVBF?oc=5,FOX 32 Chicago,2026-10-08,negative
CTA,Mozambique | CTA attends global nutrition summit in The Hague - CLUB OF MOZAMBIQUE,https://news.google.com/rss/articles/CBMimgFBVV95cUxNb2x3TndJOXotOEwwWHNSSlh1Zms3V3QzNVlGRWlUckNleXV0OG16VFJVOXN6MDc4VFQwUUVtaTlxZ2FzWktZbGdKc2xmUXc4OFctY0tpdDhSY29La2hFSFRCaFkxUDBuRHlhby1LR2MzZXJiRnktN2M0eHhrNjROMjZNZ3VCMU5JZy1zTlcxZHB2MkZZQUxQUzNB?oc=5,CLUB OF MOZAMBIQUE,2026-10-08,neutral
CTA,CTA Bolsters Frequent Network with Four Additional Routes by End of 2026 - Press Releases - News - CTA,https://news.google.com/rss/articles/CBMipwFBVV95cUxOUC1JS090TlZieUM4QnpqQUxXRDRNYnRKZ2NRRUZrZXRnUHcxUzdONmpTb1E5Tm4xSXd4MmtYRWY4QS1KckhSekloMDhiQ0N2NkZNZTVSMUhma3didWJuVlE0RGVMNENxeUpLVW1pWURDR2FpcXhxdnNmcXRiZ2VjTFpuakt3WDZqZ0k3V2p2LTFrX1FlUGRhUmgzNnNDUzRmTUVIUVdtZw?oc=5,CTA,2026-10-08,neutral
CTA,"Crash involving CTA bus, vehicle blocks part of Michigan Avenue, reroutes buses - NBC 5 Chicago",https://news.google.com/rss/articles/CBMiwgFBVV95cUxNRGdKRG0xejFxNzZPTkY5VmVuU0pUSEZUci0ya2ZXQ1FPQVN4YTJiSjEzTGdHMzg4RkNYTGhtOHdtc194dHM2THFCTERVcFJkQkRSOUlLRWUtR2pSTmVRcXVFVE9pOWNtZ0pZOThNMEp6Wi1PUl80OHpIdW9UQk1xRHN4ZmFmVllzM1o4NnBKa0ZwUm5kZk9nY0ZudlpYeDE2RlBrWXNhdDBTdlAtOWIzVy0wSWx5UFJxNG9qbHlaUHpuUdIBygFBVV95cUxOcE9VVFAyRW9YVXI5Zm1MVnZPUUR0R0RuRHhTVVRNTEJfSkFyaUFadGZIS1hCaXR4RVBuS2tJSDQtRHl0bnZ2M0R6WldyaXVUdlZ5NmpBVEFMbmVFZ0sxbUZaZENDVzludnhaa2JlUmQ2V29EVHBNN201UTVlRko3M29JSGtneVZ6b2otNHZ1NzdWMDdEZ2FLU1JsNnl0bTRDamIwR090NFlLS19ZS2FaNlYxdXZtcm9nNnMwQkV2WEVUb0pmOG00U1Z3?oc=5,NBC 5 Chicago,2026-10-08,negative
CTA,Aspiring paramedic recalls how a CTA bus seat dispute turned into shooting - Chicago Sun-Times,https://news.google.com/rss/articles/CBMivAFBVV95cUxOekRFbnJYaWRIenpEY01iWFpOZ09EWWFYTzRyS09SOUQwSWRRTjFFamhjT3I0OTJnNmRQTFFKdUJ1dlE2Wk03aFhvVzZWZ0hyWXc4Mk14R0ROT09ScHFEUGIzaTNybHNkaTBZM3ltZVJoel9hQjFST0Vra2NWdzRhSzNmZlgwd1dGOFRUQ2JfQnBVQVA1RzBtUVBZWUt1a2Qzd3c5NnlHR0ZHbk9LZXhJam9pdWwxZC0xR3BUcg?oc=5,Chicago Sun-Times,2026-10-08,negative
CTA,Proposed $75M CTA safety plan would add up to 180 Chicago police officers per day - NBC Chicago,https://news.google.com/rss/articles/CBMivgFBVV95cUxOblIwekoxZXpBa0pLTEwyd1MtSEFnV0dVSllYYmxEUXlySjNoVDltaEFVWXJuQkUwMTJkVDRYMDRCa2ZwRkx6emlpSlhqZGJIU0piQjV4NWFpMHB2ZVNjSjR6WVJlODNHcjhVZ096YWkzTDJvUVRxcm5jbHlrbEl4dDJwZE5walN0X2ZOTHRnemVVN01jb1dCTjM0amtoNzB3dm9NN29ReFIzV21NbWc2OUFYYncwYTY5TGtvSHVR0gHGAUFVX3lxTFBXRlhtY3Jka0lYMGQwWW9qdnA4ODMtZnBUNjZvenFnRUFTUW83S0psOUlqdW0wbk1FRHotdUQ0V1VJMFJkX2U4ZUhsOTBVR0w1V0NhaW9zUTItUUpudzJxOURWUTByNzdMWFRfRTdzcUFaeFJIeW1QUDFTeGw0WmYzVVpjdVpCNVJXODRFUVR3bEtoa1VSYWhHdVFlelpXNmhra2FMM3pTc3E5WnVPOFh0NDJVM3lVSHBXU0JNb2ZvNGVydC1oQQ?oc=5,NBC Chicago,2026-10-08,positive
CTA,CTA Chicago news: Action K-9 Security training questioned after viral 2025 melee caught on camera at 69th Street Red Line station - ABC7 Chicago,https://news.google.com/rss/articles/CBMi6AFBVV95cUxQSVA0LWJxN0FBV2hBU1lVeXV2UlUtSE5IclRBNmdGVGpUSW0wLWJpdlFMSzBHc3Mwd2RUcjF1a21MN2NyMVVpdWk0M25PY0VrVTVfdVB5YWlwMmwzdEdvdnpZcEpQenhtdUtEZVllQ2s4M2dYX09QS3ZEZWNEQ0l0RXNkOTB0cFFNNzhPZHJjY2QyM19zNkRMVElIaEZycWdsUjNNUURxU1B0UDNwMUNqcUYtMUg0LVFwaU55RHVhTU9Wdzlkbi0xNTUtb1dpb24xWGVoUUN5OVBxR2E1N24wcERVdWRQaTlW0gHuAUFVX3lxTE5ITi1CdU1ucHdVUGpLblNDZlNxcWRjS2lZd3lMTWQwT1ltRVAxNjNhVEl0WUxSZlhrN05Xdk5NWHZmSzQ5aU1ob1V2ZktzRnA5TEVGWU02bXF3TXZQeU4tS3VONk5kUy16Vm5HTllqaVA0SU14ejZmVnczOXZBS3lTeW9qekEtNUNHdWZKRWxxRk56NUVLcVNVUTZyQVRqUVYycS1nZVh3bGxEd1J1dS1saDVPMnhEMlgwX0NQeHlxLVVKaW40ZmJzX1M1ZUg5OXZIX2NZeF8tWU8ySGpOQUctRkhqYl9MZWtLcXVsNHc?oc=5,ABC7 Chicago,2026-10-08,positive
CTA,"CTA, Chicago police public safety contract up for renewal Tuesday - FOX 32 Chicago",https://news.google.com/rss/articles/CBMirgFBVV95cUxPWnJ6Mm03MFBmXzh1ZThnQ0hEcDRMYmFwbGtSZE5FRmxMWWM0NDJvdFgwai1iY3FJckUxRnJFYXpZVG01UGlMYzNJUEZLbnBfcUFCRmNBRzhYUS1oYTgyT2NaV1FFbm0zUkY2ckN0XzQ1dzQ1Y2lKRzhsTUZhZ0Y4Tm1GTG9UVlZJcVdwR24yeG9jYVdic1VZSFpobzBJaUVJczRpcDdmZ0NTcUpvQXfSAbMBQVVfeXFMT1dzaTJMNzlWNTRRNDRoZGZJdWdEZFozWHYwaFpUWVpDX1BGYTVJR3YzeUxmRnFlWURPbDBNZHBxTHJRWUl2YzVVcVRqZnVXaklqUzB3amMwVVNqOFlSejlReEJJRkh4bDh2OXVIVW5mVWhwMlRpYy12TkNkLXlqR1dIZVd3Y20wSlAzVUpCSFVtZVBhRVFkdjRRWjJQZE5KTE9yUnFLY0lWMDROVXphSHZBTkk?oc=5,FOX 32 Chicago,2026-10-08,positive
CTA,"VIDEO: CTA train derails in western suburb, causing major delays - NBC 5 Chicago",https://news.google.com/rss/articles/CBMirgFBVV95cUxPRTVmUnNxNDhmdEdHWnR6b1hLdUFkdlV4M3pwSVpJSGdBTGs1THBIR3VfcDVGRHlKQ1o4WDQ4X2pSa0NEb2xzZXhpV0JjOFJwSUZUSXVYVEtfazJFcXZsQ3RXeVY0a2pOSU9IVnRuY2xzWktfM196VFdnVy0wdDlEV0Y2RnZlZnU1VG5hSUMta0ViQnJqWkNZRnhxdEw1V1l0SGJ6RXNnMXFRYkVkV3fSAbYBQVVfeXFMTUZGaVJ5QjJON1ZvVVNvZzVxUVNPblVmWGEySU1BYlV5azNob3hwc1pHV19NOGtYV3daLWY0ZGFlM0hiUWJCVXVaMi1qaW91aW9Yd3BBWW1ieHhnTW1qU2FWekJhYlhCZ2ZRaDdCR2pZcmZ4dkJZcGtiMk51dFd1bElGWE00RURuWEprOTNDWU9yNnh5MjRzWGhWLU5sUTJrWlpFQVFoZjF6TUxYLUh1SkhRUW8zanc?oc=5,NBC 5 Chicago,2026-10-08,negative
CTA,Chicago police release pictures of suspects in Englewood CTA bus shooting - CBS News,https://news.google.com/rss/articles/CBMinAFBVV95cUxPNnRXaHl5bm9FSHA5dHZ1cTJJaFNtbUY2SmhlTjdweWI3OW9yV21seUhUcklmMk9Ec1J1YUhmb3dXSHotMUZnV3JHeGViT1lzbUtzbkQ3bEhySnM3SjB2ODVuemptYUx6V011MjVlaUhIUWZ0QkxEZ2F0TVQwZDVucmg2d1R2LVdWR3RUZ2FsRUN5T3JIM3ZTa3k1cS0?oc=5,CBS News,2026-10-08,negative
CTA,CTA Chicago news: Legal fight for records uncovers complaints about CTA private security firm Action K9 Security - ABC7 Chicago,https://news.google.com/rss/articles/CBMixgFBVV95cUxORHJYY2RBb18tZkFqMHhzUVhtRkthMzFjOENZQkVTWXREWXNKME02dzhBUTBrZTFQT3hlUTAyTTdqdzJCZlAyWldJeDN1andFbGRCMGNPUldMV1UzZ2txN0x3YTBXdDJLSTl4eW9wdUFUMFFBUTk1ZVlQeTRvVDBVZ3dWcE9uWFZSS01aYTlGcWFuQUxFMlpqQjBwUk5MMEw3eG5hM25rZ2h1RVF3dmFiLTdfTzdIQy1FT3YwR2dEOVF0dzhkMXfSAcsBQVVfeXFMUFRLSkdzSlNJMjctQ0FqX25VN18yMm5CRWtKamlBbnBfTWs1SC0zdC15ckJVay10VENGMjJtbHZzdmtCcTNvV1hHanUzSkRGdjlJSW5TemVEbVFkRVZsa3NYakpaZkxaOXVBdjhOODFsS2JGc1UzN29Bb1hndUdSejJMUVVvcjZia0dIZGd6T2VPazRLQ3JvWGp5LWFQNjJOMTdiRmtxMWZ6a3NIVnJhdGE1dFh6MnhLdS1wM1RuQS1weGdVSkRQeDlCY2c?oc=5,ABC7 Chicago,2026-10-08,neutral
CTA,CTA Study Highlights the Cost of Bringing Consumer Audio Manufacturing to the US - audioXpress,https://news.google.com/rss/articles/CBMirgFBVV95cUxOQTJMRFNhMmtWWHAzbUNjX0JjdEtnd3ZYMGZSLV8yTmtSaEh4UWk3TFpqZjNCUTQwMnBrNlk3RVlIVkdSN2xmY2luZjVTUEZlb0w3VWRsYlhNVWxpa2VBSUlxbVU1M0xXWFV0Y3FvY1k3R0ptLUZ4czBWWWpWQnNGVXlzTWtvVXlQVGs2M1IzZDRTcXpuM0dNN0tWVzdYbERfa2FYaUt5d0NPRE0yWXc?oc=5,audioXpress,2026-10-08,neutral
CTA,CTA train derails on Green Line at Harlem/Lake stop in Oak Park - Wednesday Journal of Oak Park and River Forest,https://news.google.com/rss/articles/CBMiZ0FVX3lxTE5GZG1vODdnX0tGQmxLYWZzbXVfLTFqRFZHelVzQ051aUlMS3NHRlB1NFVjSnY3WEc4dDkxU2VnN3lyUnFwSHhRUGhMcnE1elRxaTNMN2xYRkZzYzBRYmZkekVBOHpCLVk?oc=5,Wednesday Journal of Oak Park and River Forest,2026-10-08,negative
CTA,Delays on 2 CTA lines after medical emergency on tracks halts service - NBC 5 Chicago,https://news.google.com/rss/articles/CBMitgFBVV95cUxQeEo1WV9rUTQ2YWt1a2wzcWlDNEh3b2NjaVhVZ3Q1Q0lRV09jODZVRlhBY2h5dVBCTlJnU2Z0V1lwdEZyMUV6QXR4c0FXTzJra3dIRkJtVmFuTmJXTnJTYy0tMFc2cGFYT3VibVVJV29laE51YlNJQ1ZIbENvMGYxcGxsMkx5VngtVzExRTBmeVFCVGpQbGdJZFRfc1p1X3RpMEpWbk5TckNmelhIN3BDN3A3ZzJaZ9IBvgFBVV95cUxNNGpZMDJ3UlN5ZlRRZDFCenhybmpsODZQUGQ2cmNkUkZhWVdfVWE0NER5NHNHQTFPbkQzQnhSblpIZmppTExBZEQySms0ajFRZG91aUV6TzZ1QloxU2ZyaEdHOGgwZ3ZXTllreXNBa1l5TnBOemtkRGhtLXJ5ekdOa19KMEgyQVR0V0pBZDJRSjg4c3ZsdE9Zazl2RlFZMGliY3plZ2tMdmp1NFhaYmhLZ1dzZV84RHhjLWw4MTl3?oc=5,NBC 5 Chicago,2026-10-08,negative
CTA,"1 critically hurt after falling onto CTA tracks in West Loop; Pink, Green Line trains resume service - Yahoo",https://news.google.com/rss/articles/CBMihwFBVV95cUxNbjg4cDdvbktGZTM4elR0U3o2aXFRUUtUZ0hZQ2FBSlljYVhBYjFrUWFidTBmVzNZWi1UMFpOYUkxcW44RVZfMHBrajZoRlNQZGFKUl9nMUhOaXBpbG8yT3FOdGNNaVdJSVB6TzFUaF91N19waWQycHpCWUJrcGxPM0d5RUVrTnM?oc=5,Yahoo,2026-10-08,negative
CTA,CTA 2026 to discuss co-creation and intergenerational collaboration - Blooloop,https://news.google.com/rss/articles/CBMiVEFVX3lxTE1ia1FrWUdJMVlSN1IzTlR0cUpPQkxxUDlyRGN1MnVRX0R1RlQtOVZ4T2pmWnctVXJscW05Unl4eHdVNUNfWjViMjB1MWlmVjl4ZjdiWA?oc=5,Blooloop,2026-10-08,neutral
CTA,CTA-PA 8-K & SEC Filings - Yahoo Finance,https://news.google.com/rss/articles/CBMiekFVX3lxTE41dURBVEx4WFpZQ0JlZk1QYkJraFExdjB4QUNNZ3VNcWVMYkx2WTNVTnJ1UEIyLVBXWWRGVlFoQXlXbG5FV0xqZHlwRGlwckFJTkRkVkU4RFdWYzBJUTRWMGkwbUNtWDc5QVQ0blRSakFXQmJyZS1fSGhB?oc=5,Yahoo Finance,2026-10-08,neutral
CTA,CTA To Unveil Red Line Extension Station Plaza Designs This Month - Block Club Chicago,https://news.google.com/rss/articles/CBMiqgFBVV95cUxNUV9LMmdpY1VMZU9nSUtNdmN2VUxWUzI5WTJON1lmVjFtZkV6MkMxQ3Z5THdNWWdIc0ltRjZpb2VfUWE4UFN5aXVTUnRwWUJ3QkJTLWZyVXFnbDFPWkx6VWNsdjd4RkFVQmppYnBmZmFpT3N1SnlOdUJKV2hsVVhWZXhmY2ZHNHphdVY4d0lRX2VjTTJRRjBYcl8xNk9qN2Rzb2xQckRsQWZuZw?oc=5,Block Club Chicago,2026-10-08,negative
CTA,CTA shares Cruisin’ the Coast fixed bus schedule - WXXV News 25,https://news.google.com/rss/articles/CBMie0FVX3lxTE1ralppOExTWm9YMmdtQ3Rqa0tmMXJqUEhGaDNwRDBkbWJOTDVsc3Qza2ZNV0hZdXdOam5uUS1uTWNlOUtkUUxyMTRLeVJtUG00WS1yOVJ6ZVdEUWtqZTh4by11VDhTMDFwem5PXzhHUmRyNk11Y1hIY2F1MA?oc=5,WXXV News 25,2026-10-08,positive
CTA,CTA Innovation Studio Announces New Challenge to Test Faregate Technology - Press Releases - News - CTA,https://news.google.com/rss/articles/CBMiqAFBVV95cUxNajNhZDE4TXVTT0dLVlFIWmg1OUZZWmI3YTg0dEkyNzl4UGlfa3l4eWpHV0FrQlItYjlSaWp1NjFtUHVFdE8zYVhVUld3UUc0U25oR1hJQWsxTlVyU1NPYlRicm9qRFBRQThjWDctbE0xM21oLXo1T0dkT3NlckcxenhUUnNNODBmMTVnYk9rZGd1UHVqVU1femF6OEZ6SkJ4dlZoVUlXUHE?oc=5,CTA,2026-10-08,positive
Chicago Transit Authority,"CDOT replacing portion of Lake St Bridge, interrupting Green Line between Clinton and Clark/Lake, Pink Line between Polk and downtown - CTA",https://news.google.com/rss/articles/CBMiVEFVX3lxTE5tblV5ZXQzelNSZS1BcGFuSk55bkUzSGs1MExmc3RMUjJJRmU0WW0yaU1saTc2WTJYRUo0QnZKWkwzMVBLX0xxQVg3b01oX3hrN1libw?oc=5,CTA,2026-10-08,negative
Chicago Transit Authority,Weigh In On CTA’s Future Through New Regional Transit Survey - Block Club Chicago,https://news.google.com/rss/articles/CBMiogFBVV95cUxNbGFaUkMyMVF3eHFGZFQ3ano4UDMtLVZlZzhxTlpmWmxqNmdTVmY5ZF9ZdDZXQnZfaDEzRktPbVQ4ZktyM19lMFE4SGVBeXNha2hUUGFvb1FVUTZmcERwX1JVNEdMd1Z2QTN3WUNiSVpQWEVCWWk3cFNUbHh5MGJaYzNfTTdrRkcybTFXUzlFN0pFRmNMd2ZIWS1EU0I5NVJUenc?oc=5,Block Club Chicago,2026-10-08,negative
Chicago Transit Authority,Volvo mid-size excavators chosen to revamp Chicago transit - Volvo Construction Equipment,https://news.google.com/rss/articles/CBMi2gFBVV95cUxPd3c2UjhVNVBWc3dZcERtbWF6WmRHYXRiM1o1OXNVNlYyelRiV1JjdEVyU2dIcFB5bmF2TlhWZ01CeWpHTlZsdjhNbWJjbzZnTk1DWGJLdG1Za2poX2tBZjBkUk9TeUJzWGVZMlpiZU4xejRvVTJfWGFmVkhuWU9XbDY4Y0ZzLUVPa0RzSVBGZG5kMWQyOFA1cWUzYWtiTHBHSUo0MGN1cE1RNGtXODBfWm1FM0s5a25VYVlyTVJERE4zeHNkSlIzTW5KczcyeFVJbkoxLVY0QzVTQQ?oc=5,Volvo Construction Equipment,2026-10-08,neutral
Chicago Transit Authority,Proposed $75M CTA safety plan would add up to 180 Chicago police officers per day - NBC Chicago,https://news.google.com/rss/articles/CBMivgFBVV95cUxOblIwekoxZXpBa0pLTEwyd1MtSEFnV0dVSllYYmxEUXlySjNoVDltaEFVWXJuQkUwMTJkVDRYMDRCa2ZwRkx6emlpSlhqZGJIU0piQjV4NWFpMHB2ZVNjSjR6WVJlODNHcjhVZ096YWkzTDJvUVRxcm5jbHlrbEl4dDJwZE5walN0X2ZOTHRnemVVN01jb1dCTjM0amtoNzB3dm9NN29ReFIzV21NbWc2OUFYYncwYTY5TGtvSHVR0gHGAUFVX3lxTFBXRlhtY3Jka0lYMGQwWW9qdnA4ODMtZnBUNjZvenFnRUFTUW83S0psOUlqdW0wbk1FRHotdUQ0V1VJMFJkX2U4ZUhsOTBVR0w1V0NhaW9zUTItUUpudzJxOURWUTByNzdMWFRfRTdzcUFaeFJIeW1QUDFTeGw0WmYzVVpjdVpCNVJXODRFUVR3bEtoa1VSYWhHdVFlelpXNmhra2FMM3pTc3E5WnVPOFh0NDJVM3lVSHBXU0JNb2ZvNGVydC1oQQ?oc=5,NBC Chicago,2026-10-08,positive
Chicago Transit Authority,Welcome to the Windy City! - Passenger Transport,https://news.google.com/rss/articles/CBMibkFVX3lxTE5WdFF6ZEhiX2l3Tm8xc3BhVUZzeFFDZEN5bFJTeXZQWW92aXFJY0p4WlNIU3hJVzVTOVltYmM5VmtlUW9sWXNNbm9sZElwejVidEtnRlJueUpCc2xGZVgxN3FMeU56X3o5RWJYN3hR?oc=5,Passenger Transport,2026-10-08,positive
Chicago Transit Authority,CTA in settlement talks with feds in Red Line Extension lawsuit - Chicago Tribune,https://news.google.com/rss/articles/CBMifkFVX3lxTE4yOWxVRGt5bVNXSFkzUFhDb0VJcWJYanYxUVNSVC1zOVRyVVAtMkdUSVJyNDhpV3hVcFN1N1RGb2RkTEpzdmRST1paR0xmTXBMRmVNQUY2T2JYQ2l3djJhTHFnMDlVMzQzdHRkZmV6SG5SRGpya25MWDZrOUsydw?oc=5,Chicago Tribune,2026-10-08,negative
Chicago Transit Authority,"Chicago-area transit users hopeful organizational transition will bring increased safety, service frequency - The Daily Northwestern",https://news.google.com/rss/articles/CBMi8gFBVV95cUxOWUVxODVHYngtNzBmcTVTR2FTTmFJNzFFSHNzaS1Rb3BRdVltREhKYWI0UnY1bzFOdm5DRUdPY01Nc1ZIY192RHlCNTFZY3ktQUxTSEZ5Z252U0oyWXNRM0pmSE9nZ2dOWnk2blBud1pJV0ExT0hQX094ZFhzMy1XN1FPajhITEVRbVI1TGlHMEYtSDNsRjdFRll6djJ1NUNwS25SU3lPeDJ4dDBreU8tTUd6VjBOVWx1ZWVYcTRzMTRHUTRNemxEb1U5V2NVMl81VG5aTVoxNFFQM29ZVDg5RnJOZDJZbzlTWFJzNVFRcW00UQ?oc=5,The Daily Northwestern,2026-10-08,positive
Chicago Transit Authority,"New Northern Illinois Transit Authority board prepares for first meeting as CTA, Metra, Pace riders seek improvements - ABC7 Chicago",https://news.google.com/rss/articles/CBMi4AFBVV95cUxNaC12Yi1lQmNmTnNJR3FzVkVyamdWdmVLSWVEQUZFdEpmWHpxZFpPbFg5S0hXeC01N0R2ZmU1YXdwWnFzLXZXSHNhTUZDMHFnNWd0cV9GLVcyakpUOUVwMGpfdWJBQ00wSi1qU2NrcjRMUVhpTjNNblQ2ZGQxX1ozdXdxckhnMGtxWFJEZExjTVdBMUVLcUxUa01iTl94TnYzN2ZPNzJCU21UejVmX1loZGdZemgwV2lON1VqS1lwUGJUQVhGV2JFcGZfc25HNHpUUHdpQWc2XzQ4NUlTbkxONNIB5gFBVV95cUxPTV9wQUpVc3loM1B3X1VIbWVmczJueXhUazJZUmpOeXhWemJUeFUxcExKQlpQd0VKZGVxQXAyVG1YNktIZGNyMnhDbXl3YWhVWUh6SDZiVlhWMlBTMV9TcHpjNVRHUlFLRTJzTFkySm43N1NvcXdzQ2dlQjlXM3NiT2RfRW9rU2twSmNkWHFwSTZfZ3pQU3V0SUd2N2wyMHRMTDB2NG8xSHM0V1hNSjF5R0RkY3BlVGt5ckpsZW1qLWtjbGo1NXpvbmpiUnZzTXNnTEFxNEY1dlM2b0tQYlRlTzJDRXZOZw?oc=5,ABC7 Chicago,2026-10-08,positive
Chicago Transit Authority,"Advocate says Northern Illinois Transit Authority Act, now in effect, will improve transit around Chicago area - CBS News",https://news.google.com/rss/articles/CBMilgFBVV95cUxOWGdMS1pNVmtDQ0cyS3ZSSjFCa1hzM1JTeHE1a1RRMlAxWGFjalcwTU1HZlZ0LXJ4WmsxYjA1MGEzcTBLM216cmV0TGVrU3FUY3BteEV2VnIzcGpvVGk2YVc2NnI5OHd6a0VHaHZuZEszRnBhUUtfN2RiM2NqNGRJSjZnRjFWeTBtYy00WGhoczR1aDgyOWc?oc=5,CBS News,2026-10-08,positive
Chicago Transit Authority,"CTA Board Approves Slate of Social Service Outreach Efforts Focused on Violence Intervention, Homelessness - WTTW News",https://news.google.com/rss/articles/CBMiuwFBVV95cUxPMWM0VG9BS1hpamxIaTdoNGJ0ZVBtNFdmUVB5ay1GMGZnMGo2ZTRwQ0RUSlF2M0J4SWc0U2lhTjJLaTVWYXFMc3BnYWNXNExrNlRGc0kzUUZqZ01rU1A2aGNyaXlscVJnQk9IeEZqbV96cjBFV1ZCUk1IblBpcnlYZFF5ZUxOSHhmcWNTVVJiSXNRY1daRlNnWTdEa29CR21YT241S3NyWUg2LUVrd0hSVVVSUzZzVzJodEZn?oc=5,WTTW News,2026-10-08,positive
Chicago Transit Authority,Chicago Transit Authority sues to restore billions in federal funding - Politico,https://news.google.com/rss/articles/CBMilgFBVV95cUxOZFN2bnY2bTJOT1NLVFV5UEtqR19QMWZfNnh0N0xuMzlPVTZBY01sOEtoc2lhYmF6YnpNUVZZUlNpdW54aGdQTTBBdE1oa0tHWm1mTFI3dlkzWVFoV2laLS1LN09naHRTRzNmUmwwWXBGSTFQT1BHb3IxN0ZENG1TdG1SNEJoY1p0UExPLUxOODZndDJVZGc?oc=5,Politico,2026-10-08,positive
Chicago Transit Authority,CTA Bolsters Frequent Network with Four Additional Routes by End of 2026 - Press Releases - News - CTA,https://news.google.com/rss/articles/CBMipwFBVV95cUxOUC1JS090TlZieUM4QnpqQUxXRDRNYnRKZ2NRRUZrZXRnUHcxUzdONmpTb1E5Tm4xSXd4MmtYRWY4QS1KckhSekloMDhiQ0N2NkZNZTVSMUhma3didWJuVlE0RGVMNENxeUpLVW1pWURDR2FpcXhxdnNmcXRiZ2VjTFpuakt3WDZqZ0k3V2p2LTFrX1FlUGRhUmgzNnNDUzRmTUVIUVdtZw?oc=5,CTA,2026-10-08,neutral
Chicago Transit Authority,"As a new CTA board is seated in September, the current chair positions himself to stay in mix - Chicago Tribune",https://news.google.com/rss/articles/CBMidkFVX3lxTFB3ek42emtqYmFzSERmYS1GV0E0Tk52NDFuWGV4QXVhUlZ3eXJrbVNfUGMzQnlwVVh0dXZxZjdwVFJ6bDBpTTIwTDkzdkRrZXFBZzM1clhrejNBV0tQTkQ2dklzdU9WQkZYbzZXTlNMd2xCeGN4OVE?oc=5,Chicago Tribune,2026-10-08,neutral
Chicago Transit Authority,CTA Innovation Studio Announces New Challenge to Test Faregate Technology - Press Releases - News - CTA,https://news.google.com/rss/articles/CBMiqAFBVV95cUxNajNhZDE4TXVTT0dLVlFIWmg1OUZZWmI3YTg0dEkyNzl4UGlfa3l4eWpHV0FrQlItYjlSaWp1NjFtUHVFdE8zYVhVUld3UUc0U25oR1hJQWsxTlVyU1NPYlRicm9qRFBRQThjWDctbE0xM21oLXo1T0dkT3NlckcxenhUUnNNODBmMTVnYk9rZGd1UHVqVU1femF6OEZ6SkJ4dlZoVUlXUHE?oc=5,CTA,2026-10-08,positive
Chicago Transit Authority,Chicago Transit Authority Sues Federal Government Over Paused Red Line Extension and Red & Purple Modernization Project Funding - Press Releases - News - CTA,https://news.google.com/rss/articles/CBMi7wFBVV95cUxNcDlGdXY3M0lZUGVvOE4yUW1FOXczTURfRXFBLW16SVBFc29Nb0R1NWJqRklyYm51Q3dQalFwa3UtMlZxTGU1U2tDZVROWTYwX0J4a25rb0FKUWpwQ2k4Zjd0RnRtQzUxMjh3SHJXN2VjYWZWc25TNFZlWlh1SG9ZYWxxT2JOZlNvODdKYjF4UXB6cmtwUjZKWjNDdnVyTWV1WmNEa2RjV1RyaWgzQXlQSzlSZUpNeGtxclZLcnlWVkphdUdJZkYyVXBNY0VybjVvamVDT2hDVDFMYzJjTlUtaVpOMnY5MXREa3lydFUxbw?oc=5,CTA,2026-10-08,neutral
Chicago Transit Authority,Elevated Chicago Expands “Elevating Culture Near Transit” Initiative with Three New Grants and Historic Partnership with CTA - CTA,https://news.google.com/rss/articles/CBMi6wFBVV95cUxQSW53TjNNdzRRamNrTlA4T2EydWpocnVnNjVwVkYxV1k3RHU2RWp5VTlEMHZsSlBkSVpuU2laV3BVUmZaS2ctN2J5WC1ZbHQxT2hsQm9VdTBVQkRSN3QwTFNuOHJYTUdpZnNkRzJJYktrWV9QRFZseHV6V2tyYl9ZZEpKRm5kdTdiSWZ6UDc3bmFmeGpwUi1JMGg2SEJ4OUlVaTV2YW84QVliaVNuQ1lybi1WeXExSjhjZ3k3bVNRdmN1RDlycUN6d2ZzR2hjb1NXM3hZODkwOUtRYmc3NnZZZU1GUVdMQ2YtcGFJ?oc=5,CTA,2026-10-08,positive
Chicago Transit Authority,Cook County State’s Attorney Launches Regional Transit Task Force to Enhance Public Safety - CTA,https://news.google.com/rss/articles/CBMivwFBVV95cUxPRjE3TzRtOVRSNE9oT0YtSjA2S3pXT19oLWtHV2JDejRCZVFjV2lMQzB5MG8wdUwyLW9FYTVmZHpRT1NuMEhwZklUYU5ramZfQTlES01FU29ianRLLWozM1Y1OTc5dkFhZ0xGemRjX19LYU95ZXRlcDB6Q3FadWltb2FjQTNFSV9ONHdEMGFPOTNFa2RYR0FudWNPMzNGYk15d1RRTHlBSzhPUXpGaFF1b1NmQ2JJVXlYeFg4RU03SQ?oc=5,CTA,2026-10-08,positive
Chicago Transit Authority,"Court Grants CTA Temporary Restraining Order, Directs Federal Government to Resume Funding for Red Line Extension and Red & Purple Modernization Projects - CTA",https://news.google.com/rss/articles/CBMikAJBVV95cUxOcG56X19EQnZKRUoycnE2ZE9QRGh4T19xOGVTM2xRQkVSVzNsblVBNnlxb3MtZktodnNiXzBJdXZ4RmJfaGJQTzR1TUQ1SUNuVzhhMld4WXJyaDVjZEZoamRZcGpjRWQ4THRRb1RPRW1BbEVxX1JMYTJQOGt4V3pSeUpOb0c3b29MOGdnNTNnam5xRGdHdTNtQnhmWldlWWdyXzBFUnh4R0JiLVM3MlUtbHZKTUxoZkxWdUVCcFNQVUhJOVVac0JmRGxBN3pQbFRzREd2X05aWG84UDlhSGN2MWptWjAtUTdHdjNlbmpZUU1TRmYxaEdHenZsZi00RjFQYTRJOWtJQWd2LURzMXRWSA?oc=5,CTA,2026-10-08,neutral
Chicago Transit Authority,Mayor Johnson and CTA Celebrate Investments in Welcoming Spaces Across Chicago’s Transit System - CTA,https://news.google.com/rss/articles/CBMixgFBVV95cUxPbWprc2hqUTV0RUdCbmpWTVNHTDF2VldrRlM5THc5TDhZVHprSzlJdXVzTmwxMktjNEk2bGRsbGV5UV9qcTJTZmlwSk9wMGpKOFRfWDJ4UjYyemJDdVByRXdreXBpTjdMYTlsSWRxRDV3X29pZTlKeERMOW5XZC0zNmVfY2d1UnhDU3NtUGNPeE1xemdxVVVQa0ZhYjF6Mjk1NFlxV3lzb05UWjJmXzVFVmo2YkVVLUotcUpYSzJ4UjBFY29uQXc?oc=5,CTA,2026-10-08,positive
Chicago Transit Authority,Transit-oriented development - Agency initiatives - CTA,https://news.google.com/rss/articles/CBMiS0FVX3lxTE9tSlNZWFNoWGw0YVhnVGM5T0o2ZHYtRlY4djN6SDRNakdSUWhmX1NCbHBJZWZIcnFFS2xBRk8tMDBqclFUOEk4NzN2QQ?oc=5,CTA,2026-10-08,neutral
Chicago Transit Authority,CTA to launch new Safe Ride Specialist program pilot - Mass Transit,https://news.google.com/rss/articles/CBMi2wFBVV95cUxQNlh1MTQxZU5TT25OOTEwZzAzUlBRdWFyZnM1RXRyZGRrVVVVQjA4M2RVWWZILWlxVGszZHVBSmpVNFpDRGN0RUtrUHhfMnBRTjdzRW00N0h3UkI1bnYxVVM1RDFzNVdzdU5oUHBSQzZCY2ZOZkhIWFYwMXpPMlVYQUJtOWU3UFFVd3g4UV9rc2R3UkpjV1BvUTh2QW1aek5zd0ZlODV0MllIQ0pIaGcyMkhxWktacHhnQm01cVF4ZFBuMzQ2Ml9qR0hKTHpHT3ZKZzcwbHZfYjdnaDg?oc=5,Mass Transit,2026-10-08,positive
Chicago Transit Authority,CTA adding bus service to some routes starting Sunday - Chicago Tribune,https://news.google.com/rss/articles/CBMiaEFVX3lxTE00OUtjWmhlWlBDdFFvZFBoQ0psZ0lwTi1ZRTBRNWFFLXFraDJDQUVsSElMZG1HSGkyTjJXZXlZS1Bqb3gzV0lsSkxKZ2ZqZnpYYmU0TUdNNTJqQTBNX1Q2eTNFYWVBYUNh?oc=5,Chicago Tribune,2026-10-08,neutral
Chicago Transit Authority,Chicago Transit Board Approves 2026 CTA Budget - Press Releases - News - CTA,https://news.google.com/rss/articles/CBMihAFBVV95cUxOYUQxQ0s5bHphNExIZ1pmU3RNV1p2elotQTUwZEpxLXh2UkxqMjY5M0d6MU5kUGtGWlZsWDRRQlhKV2RVb1lHa0ZqMFltYXB6NU5NWGNHWUpiS1B2RDVjUnFnRXhxRWJ0cU9iX0F3eHJvWDgwbDhYNFpGZVhUMnViSEI1bC0?oc=5,CTA,2026-10-08,positive
Chicago Transit Authority,"CPS Employee Accused of Double-Dipping Through Dual Employment Scheme Now Works for CTA, Records Show - WTTW News",https://news.google.com/rss/articles/CBMivgFBVV95cUxOeUFkN0pPTWdfOWxTYVItOHdYUTIzSldUR09Yc01Rd2ZUSmE0U2tOMXdGbVdQMFU2OGdoUS04OVMzeTZMU3R4cENGdG5HbVJyQ0NCZl93M2pZV19oWjhnNnBYRGdPb0hGUFhYQWlGQlQ0VTBiUW1EUEp1UU9scC1Xa094clBsYTZYZmVGVHJWMVdTeU1kNlRUdnRETWkxLVdQVkZjdy04VW1nUWl2QWlyclJUcEU4TE1ndjF1Z0t3?oc=5,WTTW News,2026-10-08,negative
Chicago Transit Authority,"New signs intended to deter crime to be posted on CTA buses, trains - CBS News",https://news.google.com/rss/articles/CBMiggFBVV95cUxONmV6RTV2WldwUGt6RTBDNGJyLTF6MjBQVnlMZzJFMU8wdjBNQjhOT1ZKTDlHNXZMZDZYTUoyN1YwTTcyS1F4RXdyWm1pWlJoOFY2SVFBUVFpRldhREZYMXFsUVduR1VESVVKT2ZuVTI2LTNaalZ5TEhWYVlkS3NfZVlB?oc=5,CBS News,2026-10-08,negative
Chicago Transit Authority,"CTA says crime is down throughout the system, but many riders still don't feel safe - CBS News",https://news.google.com/rss/articles/CBMihgFBVV95cUxNdDVHMlgxazFvbm91OUI3WnpyeWNSbUZkdm9aTjNuQ1ZqUlRMWXdkaTBQQXREQ0VHM2NUMWRBOFJsMEJSUEFoWVppQm1POVFsMjQ1dzI0WXJTenRCZGZTREVsTUpGb0xpOWxRaGw2ZzlySGxLazlTcnh4MWhacHY3NURTQkpIdw?oc=5,CBS News,2026-10-08,negative
Chicago Transit Authority,Chicago RTA releases study laying foundation for coordinated regional transit service - Mass Transit,https://news.google.com/rss/articles/CBMiiwJBVV95cUxQOS00TERaMlp0RXVaalcyLW5saVF2cXJTTVppVDBMVmNpWDhUMFNJWVY3U24wUkZ0X2xjbF9pQ2FPeHRnc1RKVmdmZFk0enBoZDBVR2psUEpINTZod0JUc2hPdDRFOUlwUDktOEVnQ0hXYzFZdTlYWEJqUmRGcW51TTFLYUhjaWhqMjY3Z0U5TEV3b25vRWRfX3U2NF8zUUpPTzB2TkUxRE1lQ3FEMFdHdVFRODliSjdQWXFVS3JBajJYTkdhc1p1TlhCUnF4aXFFZDhuMUVsaHI5V25VMWZiMFNJN1hwVHg0LThyUVdBa1k3LUI1Zk9vVk5NT0hfUlJhclRON2NibFJCV00?oc=5,Mass Transit,2026-10-08,neutral
Chicago Transit Authority,"Interim NITA Director Earning $350K Salary While Also Collecting $213K Annual City Pension, Records Show - WTTW News",https://news.google.com/rss/articles/CBMivgFBVV95cUxNUmhMYjdIcU9EcHZwRUFseW03aTVTSDlsYWRiUWFWdUpiSWxuRnBiaXNsZ25rdmNscHNKdW5KSTROOUQ3NVNRSDFINVlMbXBYT29GaHRDNmk5bEViZWx2Vks0TkU5MGVlaFNJaXBXZ3REV0dVa2FnQ1l1S0sycXJKd2s2cVlscUNiY2xMQjFYVGdIRVY1SGhnX1F6WjNWNlkwbThqeUdlcDRWdmN2b3BEeU5sWEt4TC1hRURRbVF3?oc=5,WTTW News,2026-10-08,neutral
Chicago Transit Authority,"CTA Chicago news: Chicago Transit Authority lays off 159 Monterrey Security guards, redirects funds to police, other resources - ABC7 Chicago",https://news.google.com/rss/articles/CBMi5gFBVV95cUxOM3dTTWpGZlh3a1p1TmZvNi12VkJfSEJXaGlIblFHUVgtYW9lLW5RRy1DWjdZUUlQMUtRMDBBMk9LUjFHUXFycTQ4Snc3ZXJzbDRoa3NILXlidHlKbzNqU3RFOHFONm40SFZ6ZnUxTG0zNm9hYWJTOWF4c1h0UmdTRTRXcUZGclUwY0c0MFBETTNqOGNvdC12bVF2YzlDbTVoWWFSMm9EZVM0bVZDSkNWN0piQXNkck5wZzBYVDVYTHc2ZXNBMFJfS01QejBsNW1hMTJ3MjZBdHlRaXFyLWpxcDV1NnYzd9IB6wFBVV95cUxPYzk1S3g2NGxaM0wxeHhFQ0NPM0V0cWlSbFF5THVoQjRaRm4wN3ZQSERqYzRFRlFXM2t2N3ZDbGNyTHVMYS03Q1Q3QnAtTFVKWXpEWEVGZkhjaXRkeF95ZU1Zd2p5cE1LYU12Zk5WY0h4U09QMkdOQ0swLVpBYTlaRGtpajhVVGIwbVU1d0Zwbk1pUGowZ0ppSk5KM29fOU1uenpZSzE2alBySWwtM2Rxc2hQVTB6N3ZjVm8zdHlfWV9EWGwzMUpBNTRHUUxxS3Z6ZUZ0Y3NoV0lyZWR6V2k3T0xDZ0gtNGRUa0dj?oc=5,ABC7 Chicago,2026-10-08,positive
Chicago Transit Authority,NITA replaces RTA as Chicago area's mass transit oversight agency - CBS News,https://news.google.com/rss/articles/CBMikwFBVV95cUxNcWNjSEg0RXk1bTBPa19VTWJOdFNOaUxieG1qNWFxNGFxaVg2MmxCRHV5a2NQNkZVNDFJWnpZRUhpQ2xEX0pPa09odmx4eEw5OGotUHFnaHJMQnJRSnpRaTZIVElxREhPWlY1VFVKYndUT0FXSi1ib0twcDA4YmlNOThyTDNkY085Mlk5Nml2b3BUY0E?oc=5,CBS News,2026-10-08,neutral
Chicago Transit Authority,"K-12 students now able to ride CTA system, Pace buses for 75 cents - CBS News",https://news.google.com/rss/articles/CBMiigFBVV95cUxOeW80UXBsNGRNdldRRkRRanZORVlPU0Y4SEd1aHA2cDlNeUplOHpLbnpRaGN3SDVTR2JpMnFZc01tQ2QyZWV6NFd2OHplYmlUcGM1REtwc2g0SE5xUXh1ZDc3RW4wSE50YkI2ZUF4U3BHZ2V3UjRTVzZ6ZVJOVW1tcnhfVnhQOUhTV0E?oc=5,CBS News,2026-10-08,neutral
Chicago Transit Authority,Chicago CTA leaders say crime down 30 percent over last year - ABC7 Chicago,https://news.google.com/rss/articles/CBMimgFBVV95cUxNSGM1aFVsdVlQWlY3dUgxb1hSSXlCTnFrZ3VFdlpnaG5yNWpyMHVGNGtFQmpyU1MxaGppM1EwbENrQ3hnRjQwVV9tUm5iZXNWZ1kzTjQ1NkpTeG1zVkxHS19xMkhkQnVXNDNpZE41QmI3NUNUTlNzS0ctYncxSThJa3ZZaDhsdTJVTURPR09vTjZOUkx0VkZpbDVB0gGfAUFVX3lxTE9xcVNSM3FZbG1QalYwXzA2ZVVjTEpodkliOUExZVVmRkVmQktJVC1aT2VkSU1sYmMwQV8tTlBLU191aFZZTFJUQlFqQ05YZVVuOGQzbjhxVEVCN1B5bzE1ODE4UWw2X1VGcWRENFpzRFJJUnRwbzJDZHRGSER6YU96VnBMVUtUSk5uS3JmZEhscTlXX0RmZmVmdlM4S21ucw?oc=5,ABC7 Chicago,2026-10-08,negative
Chicago Transit Authority,Chicago-area transit agencies start operating under new regional authority - Smart Cities Dive,https://news.google.com/rss/articles/CBMikgFBVV95cUxPM2pRREJvaUVRNjRYc3ZCMThpNGxqN09GcVpPQzBjTkdGTWlGejlqRUdWdHdyZU0xX0IwbllNNFNNUjJtNTktTW5sTEM0ZExLN29MdzJ5S1dfa21ZVzhwODFqYVBFZGNTUzNJNXhZNkF6SUpPa1RLY2NfbWFfemRsSWpxZ0JQaU5sd1U3aXNFNlVSQQ?oc=5,Smart Cities Dive,2026-10-08,positive
Chicago Transit Authority,Controversial CTA board chair keeps job - Chicago Tribune,https://news.google.com/rss/articles/CBMidkFVX3lxTE16a3B3ZWQ2ZnZPY05xNTJpNGxyam5faDRRbi1oUFNDam0yTVk3bjljYlJkSEk1WHBwb0Yyaml1bmljTks1cmgxMGtkN0s4eTFuUnhJdjFFMjNqeEp0TmhOa05iOFFWT0pGSVlQWHR3NzNPWnRwZ3c?oc=5,Chicago Tribune,2026-10-08,negative
Chicago Transit Authority,CTA safety: Cook County sheriff says dedicated CTA police force may be needed for safety on Chicago's public transit train system - ABC7 Chicago,https://news.google.com/rss/articles/CBMi4gFBVV95cUxPUDBlc2lpV3BlM2E5cWlrS3ZDd0dKRDJVVWpMamNISHRIbTdEN1lPRVlOakdqcHZkZXFzalA2VUdacFdQSGdVdnFKN1d4ekZiNENDYURTSHdzQnp2VC1jbXFjdDktZEFsQk5BYk5wc1lPYTRfWDM5Vk5RM3dvSFAwUVoxdEtGUFhGTk9EZ241aDhrV1RGek1RbW5VTUh1bEZSbnlCMlV2TEQ0VWJtN2Ixc2stSGxISHdRQzBEeFgwU0NqLW9RNlZBUnAyVWNlMUhfV090UjZ2MGF4NXJRdGs3aXVR0gHnAUFVX3lxTE5hR1A1N2I1UnBhR1B4Q2VJc2lBU0E2VmJNYUhJQXdtX3h4Z19KaUV1UlpacldPenVNZlFyUngtbGdJaTY4UHdZSmk3QW0xU1R0Z2pyc1o5UE9TTXp5SlV3Q21HNGFLY1RVSE9uX1c3OFpSU3FDMzNQVEtUNlNRQVNCWDh0czMwd3FwbTJlVHR6ODRPS2hURzVycW1kd1UzdU44R0R1X0tYNkxCdmdCeU1ITjFlbTEtTGtCVFNTMnZMd2NLLUplV0NtSjZBZ2M0ZUtPZVIyc2FvazhJc3BoYWV1ZDJPRzZTOA?oc=5,ABC7 Chicago,2026-10-08,positive
Chicago Transit Authority,"CTA Leaders Tout Ridership Gains, Lower Crime Rates on System - WTTW News",https://news.google.com/rss/articles/CBMilAFBVV95cUxOdDg1QnNBX1VvZHAtNEtVbVp1WGZvOExNbUFyYkIxTVpELWo4UXRjelJvVngzaEVESDZzSGxENTNPXzVLdUlMUGZBN3N4LUVYMzA0NlFZUGdEeno1VUVYdXVDNzdvVGpHSnBqRXZ5eldPcjFmNW5zZ0J6Y1hsMnFwbk5uRjRKdU9CZUpVSng2dFU0dzVC?oc=5,WTTW News,2026-10-08,negative
Chicago Transit Authority,Chicago’s New Transit Agency Begins a Long Transition - Eno Center for Transportation,https://news.google.com/rss/articles/CBMiigFBVV95cUxPRTdZUEJHUVlTSV95NWlZMWJxeHZqbFpteDdfUUR1S0xOa21GM0xFUmlQQTVrSDhZS29lbEpGdU9mUlNmanM1bkhNRVdvMXl2YkJNVE1FZ0hLTENvanMxOU1pLVpGZGlCOXdvbU5lSXBHejRLSGEyZjFiTGRhaFhtTjlRUFV3NVE5NEE?oc=5,Eno Center for Transportation,2026-10-08,neutral
Chicago Transit Authority,CTA Chicago news: Action K-9 Security training questioned after viral 2025 melee caught on camera at 69th Street Red Line station - ABC7 Chicago,https://news.google.com/rss/articles/CBMi6AFBVV95cUxQSVA0LWJxN0FBV2hBU1lVeXV2UlUtSE5IclRBNmdGVGpUSW0wLWJpdlFMSzBHc3Mwd2RUcjF1a21MN2NyMVVpdWk0M25PY0VrVTVfdVB5YWlwMmwzdEdvdnpZcEpQenhtdUtEZVllQ2s4M2dYX09QS3ZEZWNEQ0l0RXNkOTB0cFFNNzhPZHJjY2QyM19zNkRMVElIaEZycWdsUjNNUURxU1B0UDNwMUNqcUYtMUg0LVFwaU55RHVhTU9Wdzlkbi0xNTUtb1dpb24xWGVoUUN5OVBxR2E1N24wcERVdWRQaTlW0gHuAUFVX3lxTE5ITi1CdU1ucHdVUGpLblNDZlNxcWRjS2lZd3lMTWQwT1ltRVAxNjNhVEl0WUxSZlhrN05Xdk5NWHZmSzQ5aU1ob1V2ZktzRnA5TEVGWU02bXF3TXZQeU4tS3VONk5kUy16Vm5HTllqaVA0SU14ejZmVnczOXZBS3lTeW9qekEtNUNHdWZKRWxxRk56NUVLcVNVUTZyQVRqUVYycS1nZVh3bGxEd1J1dS1saDVPMnhEMlgwX0NQeHlxLVVKaW40ZmJzX1M1ZUg5OXZIX2NZeF8tWU8ySGpOQUctRkhqYl9MZWtLcXVsNHc?oc=5,ABC7 Chicago,2026-10-08,positive
Chicago Transit Authority,"CTA switch worker shot, killed near train yard in Chicago's Roseland community - CBS News",https://news.google.com/rss/articles/CBMikwFBVV95cUxNLVU1aWZHSmpyeFNhekIxVldGQWM0RG1iU0lYM2IwRG83ZmlwQVQ5dnRmd2ZqVEN3emNqeEdmR2xnbWU0UVhnNUxZTS1RWTkydWZaUE83eEZ1WnRJeW05bFJ6eXRWSTRsTVMyb0JleWRYdEhXQ3pKcDRBN0cwRTRGQmVtNlp2b2RFVmxWV3hoTDVfMmM?oc=5,CBS News,2026-10-08,negative
Chicago Transit Authority,Officials Celebrate Completion of $25M Project to Improve Accessibility at CTA Green Line Station in Austin - WTTW News,https://news.google.com/rss/articles/CBMivAFBVV95cUxOSzZBREJHMWl3RWdPNXpNbFN5UFNYVDE5d0VNNHhLdHRrbFRXSmdnSnh5YWRwVWdpX1V4TlhVeGF0X1Z2bHpLaHJ6WUVxQVNfa3ZKQTU3ZzZTeXY2emJNVk5NMUs0TVB2VzlMcnFXZDlxbldkQ2NrVU4xTmJZOFN5SGZmU011Y1VGWGlybi11QmVkYUVzTDc3X1FzT3I3d2JSNkFubEdBV05hNHVyZUE2WGJBcW1XUFhVdTViTg?oc=5,WTTW News,2026-10-08,positive
Chicago Transit Authority,New NITA holds first meeting as governing body of public transportation of Chicago area; discuss possibly of unified fares - ABC7 Chicago,https://news.google.com/rss/articles/CBMiuAFBVV95cUxOQXZ0VHRjNElGWXZOckJCTWF4c1FkbmZjZU83WE95cVc1Wm92bjJIX3FCSzFKU1laWjZSY1lkR1N5enA5VG9VRkVLMDVjOWFjQVdYazktZW4tUkpJVUt6ci05WnFRX282ZGoxU05RUlQtZjc4MFVkRnpjNGgwZlhybGhqRkVnWEFlU1RIYnhDT093a2ZaQ25GLXRjbHZuR1FleEdSQzJmOXpiVk9iNWY5N3RibUN3ckRV0gG-AUFVX3lxTE5hclFHa29xeUllNEdrY1JIOTExbVk1NFJjME9GWUNtb3VXTnhULW51b25NVUpBV09weFFLV1NJNV9ud1RRSV81TXdEQml6bENCMFJHeWdfeC13djBPU1pQOWdrcGxYZTZwMjJsdExCTHlPaGVWWGpVbzl3bWxXVzg0cndFRzBYWVhPU0dmTGM5V2Nicm9POG5aNktKMnNKcjFXWDB6TzdhXzhDNGotay1tR2h2OGNnZlNlc2dzd3c?oc=5,ABC7 Chicago,2026-10-08,positive
Chicago Transit Authority,Third person charged with first-degree murder in death of man who was allegedly pushed off Red Line train - Chicago Tribune,https://news.google.com/rss/articles/CBMikgFBVV95cUxQYmF5dXIzX29yMWZQbVp6SGFNcnRaa2kwNE9FcENJdmVFMzJhWFozUm8wa1VsRlN5SzctS2g4LXo2LXJRU1ktMDh2WWI3WEJLUkJNVmh6Zlh6bC01bjkyeGU2cjNNcURnMjJEdmlMZVJsbWZkdFZIUDdsZ3E1VzZGUjlXQW10d0RRckQ5OHFRdUdNZw?oc=5,Chicago Tribune,2026-10-08,negative
Chicago Transit Authority,"Fluor, Walsh JV reaches substantial completion on $2.1B Chicago transit project - Construction Dive",https://news.google.com/rss/articles/CBMingFBVV95cUxNYjZGYTdSVmpYbWYyVW5wOUVhbmswSk5wcldYYVpzcV9TZ0JfZG9nLVpkUGRxYnpRdV80WHRBYjhjNlg3VUh0ZWdZa2V1VHpYN0hBckQtdV9KdWhVZWN2aDVXY3RqYkF2c29KeW5lVDdqOW5RdVRzT3REdDVZNXM4YUJEZ2dNSjZrQUlhMmF2azV3WndJRE9EZmQ0ZkxDQQ?oc=5,Construction Dive,2026-10-08,positive
Chicago Transit Authority,"CTA crime: New campaign aims to deter violence on buses, trains - FOX 32 Chicago",https://news.google.com/rss/articles/CBMihgFBVV95cUxQQU82MUF6NWJka09Pc3JjZi1lbm40ck1PVnBESFpnTlV1UUFnZDlJbTh3SnFQTGFMUXBySlR3bUF2U0VRY3IxN2Rmbk1JYXZNNERXLUhQU2NKWTI1WEsxTjNJN1FKSFpqTEtKa1NkOWJhc3V1ei1pZUQzUERTWTIwTVYyQjZXUdIBiwFBVV95cUxNMXl4dDNFMEYyTG84V1RZWWViNlNNdGJmamJEUWdvSm5XMXFTcHZETzh2ZU1wTG10d3gzbGZqNS1kTVpGNTBJdGM5Z3J5dmZVYTJGeWxzRWg3M0RfcmxiZEFOMF9sVy0zMVplN2U3ekxjN1htb2t1bnFPeTAtdGRrZVNsNzVyVV9xemNJ?oc=5,FOX 32 Chicago,2026-10-08,negative
Chicago Transit Authority,Inside CTA's transit crackdown on crime and fare evasion - FOX 32 Chicago,https://news.google.com/rss/articles/CBMiuwFBVV95cUxNSmNfOU9mRlM1LWdBWGhXczRKUC1QazZIZkpsNnZvNS1BenFOc1hFY09ieWdzNUh1OGtGd204bFd3Y3NTNlpYOXNOQzFnYzJVRnBOZ2FYUkhRV0RiWkRzN2U3bGh5Q2sxLUZUWFktTzNRRC1VTjF0bDJ1TWZ3SE5pSThwUUpsZzlTaWVzZ3hFcW9YR1p2TXBIZlJhTUptZmZYaG1rV3RtYnlYQUNNODV1TkdDbHpKZVZFRGFF0gHAAUFVX3lxTFAtSllCQmROTmc4T0ZEc1JDNHpUTDVScU0zSXNXM3NhWWxPcDdwNFpGNndKd1g4Q1pGQ0tMbTk4Xy1NMl9PbHR6Z1ZlNHYzTzZxZGdPanVtams0dUtycWp6a0hQUDg1eWJJLTRqVjFyYWJfek9IZlhWZmh5anp3U01VeV9MYWsxVmRvZGlfdG10N1E4OE9IcXVWelJidzU4aDVNTGJmV3JURGV3cE9xZTJ1Vk9wa3BreTA3cEdHZTFUUg?oc=5,FOX 32 Chicago,2026-10-08,negative
Chicago Transit Authority,CTA fare gates could look like New York's and San Francisco's - Axios,https://news.google.com/rss/articles/CBMitwFBVV95cUxQN2VhSU9JSHJneUJvMnM4MjJfR1M5Z1cwT1NGZW5RSzdHQUp0SEFhZW9RWU5UaDMybGhQMGdBZzJpUkhmbVhGaV9abW9HU3lSQXExc0djcmQxTl9selNtSDJXbkVHWGIxNThBWXpiM2RHWUs3SGVxbXpFQmlrMFhLWFZCanYtS1hHQUJBa0tRN2RWaGhjZXEtWFloLVVQbDZfQTV1TnBwOUpscTR6ZEdJbEd0d3V0YWs?oc=5,Axios,2026-10-08,positive
Chicago Transit Authority,"Better connections, more frequent service coming to Chicago-area transit, leaders say - NBC 5 Chicago",https://news.google.com/rss/articles/CBMiygFBVV95cUxOemZyQVl6RWRENUs0UXV1Szl0TkwtbzJXSVIySzNueEdXQU0tSXdzNGo1WW9UcG9iLWN2UlRQYlZxTkNHekdZZmg3UUV6YURBMXNybVFWdk5zV0pSNEZYOE5xUUo4aUJ3aVZqdVplbGVJRjl5ME8xZ2JFNkVOeVk1RFRvME0tSEpURHdERlFzR0o1aUs3OHp6SU9SbWVNTVpoTWd6VHhtdVNFc0NVd0xOSG5nU2RFUVdKdUhRUXl4R01MZHZKdHg3bGJn0gHSAUFVX3lxTFB3NEpaUmV0M3RzZ1FfcVFTVHB5SHFlUzJhYUttd1BOU3RkRzdnTEdIbVFURWRicWNOaEZNazdHR0wtT1Z2MTUtYmRfTzlIbjBBd2R0Rk1pT0hhX0NQWTJvN3BTYzhIUDBOZkZSeWg5THM0OThzQkt0RjRDTU9wdHI3WnVOM2RyeUdYbXhZV2Q1UmN1RXpCR2NZM201cWkxOGI4RWJXUjJXb0xlSXN5YkVCcmtWOTBWN0pneHVsb0dpeFphaElnbVA3MkxlbFNTM0h3UQ?oc=5,NBC 5 Chicago,2026-10-08,positive
Chicago Transit Authority,Trump Administration Ordered to Resume Chicago Transit Funding - Bloomberg Law News,https://news.google.com/rss/articles/CBMipgFBVV95cUxQSER6a1ZwcmhQU0x4Y2VEREctdzI3V2lBTEdQbGQ4TlBGaWs3Y3h0ZFdNQUJGN3ozcWFUQUlCajF1dWNMZVhjTGx6NFpBRUFOVGdRczc0OTJfR3dOQ0ktZGhwWTJGUVJUSVZqb3A2OWFaUzI0MmVtUjY3ajZRYTZDR3MxLVdFaUVBOWZOVmh1TDJHZzhHaG5QZlhsc05RRUVxTUJPQWNR?oc=5,Bloomberg Law News,2026-10-08,neutral
Chicago Transit Authority,Fluor Joint Venture Reaches Substantial Completion on Chicago Transit Authority’s Red and Purple Line Project - Business Wire,https://news.google.com/rss/articles/CBMi-AFBVV95cUxQdGozdnhUdkNKQm5ZUHhRRF9hbjRPMGRmUzA4SVNhdzBqUTNCUi1Sb0lYMWRRSy1LMEZmdllOampKWTBuRGxIMlE3THEyLVdZRmF4bjFxWmo0YVlhakxZd1kwM2JjRmdHTHozYkRvTkZ5SG42VWQ1S1kzQ2ZDc1l5WjBtLVNBd0I1SzFHMm1xYnhLR0pMbVJIRjBSV29QOTF2QWJOQzZwalVBMW96YlFXaDRWVFNlVHQtRDlkdnZUY1V3dGRXbjgtVkRnTkxWQ1pYRHhhcUlEd091a0ZkWG13Z1dYRVpYYlRBMlJsTkdxNHJNRFA5U2RQZA?oc=5,Business Wire,2026-10-08,positive
Chicago Transit Authority,Chicago Transit Authority lawsuit targets federal construction funding halted last fall - AP News,https://news.google.com/rss/articles/CBMipwFBVV95cUxOMlNRNWp2NmdqbXRkTzVoSExWbGQ2SV9wd1JJZnJycXZTbWNyVnhaMk5vOERwa2dsdkZ3TGhaWmRjUzJiWWE4RG53NTczLU9YaXdkOERUamtzVEEtdEktTkFnMnNvT1lqcnBoeEZxTC1fSFFWUGtDenJBTnBYUy0za3gzVm96bTRBNFJyOGp5SjNwbElXR18tR2tyVVVfQWRtZ2RXNXI5VQ?oc=5,AP News,2026-10-08,negative
DC Metro,Man convicted of touching woman’s hair on D.C. Metro faces similar case in Arlington - ARLnow,https://news.google.com/rss/articles/CBMiuAFBVV95cUxPem83LXZPY1BqS3BqOWpfVEUzU0E4SURzTmppVmZJVUVBNXRxaXdXVV9tbkFDdDUyeHd4OFVNSkVaQ3JaM3pLY2d4S1BLWlJWY1ZsRFhzQTFPVHpQUnpJM2FkTXBQQzJoWFV0anRycGV0aF9oQ2ZDNHdVR1d0SnVpUUdHOWVjamREc0lpbDlQeENURzlLa3BIMTEzLW9RenBmRGZXRVVCZHFYeHBJTmsyQzFTUEk2Vkx2?oc=5,ARLnow,2026-10-08,neutral
DC Metro,"D.C. Council approves $305M for Metro, bus upgrades near RFK Stadium site - The Washington Post",https://news.google.com/rss/articles/CBMiuAFBVV95cUxNVFJLTkRtUUNJTHZUMWdhXzU4UThpZ0EwU2pwanhkVjc5UmF0NVhzLUhfSzhxWEdFQVFJTUlLbW1uQncxMUNFeG5aNm5hc2w1eGVZeFJPYjY1anlVbXBDSFRjTFZtY0lLQVRFWEZjYk52QnZ2ek1RblF6a2xfZnE3WEZPZ25kcTVsdFR4LVA0T2w0WU5LNk1DWUZJdmp0Y2ZLYUZxTkhNd25LT3QyOWl1YkEyM0t5Skc3?oc=5,The Washington Post,2026-10-08,positive
DC Metro,17-year-old student athlete killed in shooting near Petworth Metro station - NBC4 Washington,https://news.google.com/rss/articles/CBMitAFBVV95cUxNR1VtUDd0a2NITlZ6RzIzTktOakFhZ2lydm5NYlRjUmMyR29WWU1sX1lZQThYanJoWVVLWTRiRC11b0Z4bndKbDdWYm5Mb09MTlhocUNZVUxQaFpfcEhzMmttbmFsVnpDTUl2Ym9kcG43SFdhSEh2Sk51LUJOOGdxTzZkSGliQW1TRGxVMmw5R3M0Sk1PemQ2UFZpZWhuRmRJM1dHbE1oTF9qMlU2R2J3c2x6WEnSAbwBQVVfeXFMUGpjWDh6Wm54QWc2UXhRa0phNDdSLWdycVU1eWpYQTNCNHJsNmRpTjB5VFhaZENxOUk0WHFkeXljVVpDOFd2M0ZxZlJxVUdwd2xtVTA3MUdsWDA1cHpVa00xeUNLOTNXOGN1cmR0UkdZcmRIVWNuNHlXS0xsQTZybllZYy1Wb1NaQmd4bDd2RFA0V21ERlowWkhwR3dzaDFLb0pqbFBLYmpvb04xMjh3Rk5KUk1GQngwZVhNR3A?oc=5,NBC4 Washington,2026-10-08,negative
DC Metro,Pedestrian struck by Metro Bus in Northwest DC - FOX 5 DC,https://news.google.com/rss/articles/CBMid0FVX3lxTFAyWkpVTTdkSndlY0pnNDh4azhQYTJ5a2RDeFVpRDgyeWE4ci1ob1BmMnFLcUkwWXZfeDZUUUt1S2I4MFZ5ZDhFbDdpQmdjbmdRclUzNVRVOHJUWGVjZEhjMDRPcXZsYmNoVDZJVkFsM0dRRDdZWU1R?oc=5,FOX 5 DC,2026-10-08,negative
DC Metro,Proposed Metrorail hike would raise fares as high as $7.50 for some trips - WJLA,https://news.google.com/rss/articles/CBMikwFBVV95cUxOdV9qUGFLa20yZkdLQk9SVzYwUFM4QURJOWxEdFZUUXgyWGdyajRhRkhLX0lWSzR1ajZHNkNCbG55MnVwN0FPTnNyb2llVkJCRWdUWEZRWS1NS0lSdEgwQVBnVWZQUFVFTS0wVzJxNmdiNnRrRGtxV2lCQ3BqMjF4MEMzelQ2cGpqWDAwbHpmeFloY28?oc=5,WJLA,2026-10-08,neutral
DC Metro,Metro proposes fare increases for rail and bus riders - The Washington Post,https://news.google.com/rss/articles/CBMingFBVV95cUxQWnV2U3U4ZDY5OUNPNlp6dlZFYm5OTVA5T3I5emtzSF9kUDU5SFcxa2I5OG9UWmxkV3NyaFNka1pJVjJlTzNaNGxLQjlnYXVVSlNVdW5IQTFEQUEwLUJHajVkdk5lRXhuT3d0dGs0ZXRtN3VnbG1qMXNYdmJiUTFxZFBjd1JVNDMwZ3pIekdZSkljUGxmdENBQWJ4X1g0QQ?oc=5,The Washington Post,2026-10-08,neutral
DC Metro,Metro considers fare rate hike - FOX 5 DC,https://news.google.com/rss/articles/CBMihAFBVV95cUxQejdwUWFSUnN6em51T042b0JEajhmbmlZWDN5TkkyQjFjdERVcE0yRW9nT0hvZUxLclJBUWx3UFpuSXRsbWwyWmk1UUgxdEE1N1BfY1c2SlpaaGl4NklJVEstSWJiaFczMEN1R01HTnB1QUpnV1dHYXR4QlJlR0JXRUcwRC3SAYoBQVVfeXFMTjFRZ3F5cjk2YkZ1d3NkUnpyRkZVZlk3SWNKMUxHV1ZQaE4zc3B6aXM1VENDQUx5MFZCYmxLLWR6Z2JkTThKUGxSZlhTdF9QOWJKd1BycnRLSE51VW5GNUdBZEM4WXREVzBKem1uYm13SGdEUXM3ajhEVjhhN1FUY2lyV3pIX0hkend3?oc=5,FOX 5 DC,2026-10-08,neutral
DC Metro,Metro fares could jump by 11% under proposal officials say is due to inflation - NBC4 Washington,https://news.google.com/rss/articles/CBMi2gFBVV95cUxPelpZQ29xaFljY0dUVDI5bm5XdVNoNVRLT0hwWmIzNWRBS2VRcFkydkRPdXA4TEVvYkd1d3ExZ2NCa2pJZUh3VHo5MjE5OHJsUFJhb3otUkNsVW1fbFJjOWd5YVZwWS03Z01YY2hTSFNBZ3VIVzliS1RIeG1WOFNNaThWSnJGdXZpWk42T0hUNVBINGtHUTdobmhoNVpuZVNWYnY2VlBFbjQ4Yzl4NUhUdnpXbGRuckR3SjR2blY2aHVOUVJEQkJYSl9nb1Zmc01rdG9Lc3dQbTVGd9IB4gFBVV95cUxNeWhqX3hpTGFvYUNtR081MzZheTRjX1R1cmFZV0w4U3ExbkdkSDBfMWdnbXp5bW9oUjNQRG96ZUx6aTRGajJZQVFBa191aEZuTUdSZm9JdWhoWlJHV2RRZnllZlZ6cWUtbG11LVUwNHoyMURlMlZUTHd6YUNYTl9uc2Q2SnBpX010Mld1akZQM1QzUnFVbHM5UEctTjFtOUtOd2FZdnUxNE8tVVBCbXNuTnp4R21NWlFCdU13bC1TZzZUZEpSdU9BVUstTndSaVRZWVdYZHo3a1pYbHZGUGtzOXZB?oc=5,NBC4 Washington,2026-10-08,neutral
DC Metro,Metro fares may increase 11%. Here's what else could change under new proposal - NBC4 Washington,https://news.google.com/rss/articles/CBMiuwFBVV95cUxPYVd1aG9WbUZpQmxScF9BTUJRT3pDakN5ZGZ0SUxvWDh6TGI1VU9XYXFYOHRBdmxDWGhXZzV6QmtaRHFVTm1iLUNXWmx3RGpzcW02Uk53OGFyZU5JdEtqblZqOUtrMlI0UmZvSDdkVHc1TG5Pc3RJaURHOENOZktqdHhXUnR6ZEtkSThDMDlxVEpOS2xuM1RHLU5GeGVZNkg3OUp0a0hnRUNablRnY3NiWWRfd1B0TWU3cThv0gHDAUFVX3lxTE5DdmJUbUdoMGpTUDdmLTlCc205UVpONVZiM0JsLUtfNmh0dVc5V29rM1RGMzNzc0lMNVRpeGpmanZiV3JyVFlZdzVMOFE1ZVFva0JhV1NZNDBFOVpFZ2s1YTg2UGltQVotOHJlQ2luNjRmMG01ZGhNVHl5VndvbGJvbUlCZHktUzYtMnVGclpmenlvVGxLbGI0ZjREeURra0FNSGJycHN4aVlRR2NWQ3l3V3RWT2hUQUt5WHNhS1pwV0RuRQ?oc=5,NBC4 Washington,2026-10-08,positive
DC Metro,DC Council approves $300M for Metro upgrades in Commanders stadium project - NBC4 Washington,https://news.google.com/rss/articles/CBMiwAFBVV95cUxQLVFjZ1pOM3pVWG1uYTRMakh4WEt1WU9uRXdvQVVSOGhmVmVLUEhuY3hZeFBqZVl3ODVIeTZEbEV4dkVJZTlZUm02UVE5S1UyblhES1FKb1JkQi1tUGczV0ZfVkEweDhvamstWUxYTDhxR3c3TG1jZU1zR2ZXYjEwMURKOEMwekJldkJuVzJObHpJMEJ1RmRCYTVFdVpfYnBvNXJ4Z0t2QmcyTl90Smt3UFVJbkM3bXJBZmRaNWVvYmHSAcgBQVVfeXFMT3pvSnVZMV82NnVKVlVRQlNHVWxacGJNSnJPTHdtRS01QjY4TUpkLXZfRVRBYmk2LVYxMmZmOEtpanhiekwxaE5uNHFyelEtTmNYVzdHS1p5dVJjdVE2QkJLTlFEOXlBaTB4V1praHNTSzhXbXdrRXlzZGtmUzVoR2wtc0FLWlZGUnRZcDAzVkpmUWxqUklOaEk5REM4SExZdkFMbV9yODJLMElTWEMyV2V0cDJxRW1BQkJwd2lmLXhRcjhiYV9zZkU?oc=5,NBC4 Washington,2026-10-08,positive
DC Metro,Metro proposes hiking fares by 11.1% - WUSA9,https://news.google.com/rss/articles/CBMizgFBVV95cUxOWUJIVlY2cDFTVmlvZVRsVThiaTIxa2ppZXJUVVZpa1hsb2xBRHFVc05hcjVyWnFEOXdRWElaZ0JvTkFRVWZTeGZ2SUQybmlrT2hUYlVaNlRqcGJoa1hnNG51b0ExaTFfRlhtejBlWmNTbWZoaEIxZXBOZ0Nyd0loUlYwQjZiNzdUNlFNTXppMzgtazFuYlRXZlpfbnd4cmNoN09KOWRTdWdSQm83ZkdZTGtoc2tJTGF3NDVFeFpJQi1nNDI4ZHhOVnFjaFRYQQ?oc=5,WUSA9,2026-10-08,neutral
DC Metro,Metro station to get $300 million in upgrades to handle crowds from new Commanders’ stadium - WTOP News,https://news.google.com/rss/articles/CBMiugFBVV95cUxOaG5JcTJRbVk3Wmlxb1ZOQXFZNzJ1NkJNVEdBZTQ1cTB0aXFNUzdfY1lMMjVCcUhvbWxNOG9FeWV5LVpDX3B5dWVOYXFyUVY0TG41Qml6SWJ0YW0zU2Y2SHpNSmpzWTgydEtPWjRYOExLdF9SQTNDdzh0TlN4eUNpRF9NTUI2MnR3dEhiVHBnSjY4SDFaYmxULU1LRXBDbXBmUGJwOUF2bXdqbXhwWEJGSzgxWXNteFljbmc?oc=5,WTOP News,2026-10-08,neutral
DC Metro,D.C.-area homebuyers are retreating as rates top 7% - Axios,https://news.google.com/rss/articles/CBMingFBVV95cUxOdG1GeGlmYnQ2VEpXQWFSbGFRa1FFeC03NmZremNfS3hZRUNCWFk3QzlHbHZQTVBwVGZpQ2xmT2RacVRTT21iRmdRa3NDV0FkbElhSm55ZnJQMDF5LWdrWXFIckg5UW5fcTVHSzhMZzVQZlZ4bTMtUHNfMmE2RkpIZW5YT1dyajVnR3l1SnZCU3gyLThGcEtqMWJuOV9oUQ?oc=5,Axios,2026-10-08,neutral
DC Metro,Metro is changing its signage. Some riders aren’t happy. - The Washington Post,https://news.google.com/rss/articles/CBMiqAFBVV95cUxNM1JGOWQtZGJJV29hREo2b0FjNGFDWGsza3pBVEpkcTMxMVZkMjkyUTdJbklmQ0sxeWhtVzY3THdKOHI3VTN4WVJwY2ZMNVRPV1o5ak5oUi1Mc2g2Y0E0MmZhTjNrOG1jRmZNVDN4ak5najVESWd2RXhiV1pHT0FsYk5vWlhxNXRTYk41NGNpYXNJLWo1aUlMNGptRWowWGRJRUlhVnk0eHg?oc=5,The Washington Post,2026-10-08,positive
DC Metro,Washington DC Metro Boys Basketball (2025-26) Rankings - MaxPreps,https://news.google.com/rss/articles/CBMi_gFBVV95cUxNcXd1SHVNT0ZYb2lzQW1GcWJuRl9iLXBxc1NhVk5YTUc5T292Q3ZyX0ZtRHZYejQtdGpoUlFsWmFXN2dTSWRfTHIzU3FzY0ItYVBNSW85am1ZQWFhNjlvS2hiVlN0ZF9PaHJYMndCeUlYWjJ3MXE5VFFaRkQtMHB3dkRjbWhWdFZyMWM5TFFPOFZ0NjltMFpuei12bTlXZGstbWlZaUFJSGh3SUNBV1pVUmlLRlhsN3YyYjJpQ29wNzFKRUxMT01jRGU3UF9xcWdXY1pFOWs3U0VPVW5Md20zUTJURlNMWTd0SUlBZWRkNDduV0NQRHFRYm5qdm5FUQ?oc=5,MaxPreps,2026-10-08,neutral
DC Metro,"Metro & Rideshare - Freedom 250 Grand Prix of Washington, D.C.",https://news.google.com/rss/articles/CBMiZEFVX3lxTE8xQWg4N3NWS2tfVFJZcnNSRzlCWnR3Y0hzQmtRWDUzZ0hMaUNDSTNIVjZNS21tY3d5aGNMNW9NUVJUT1p3RXNaTlE5SmR5MDlPT1h3VTJ2cjExVDhwN2RtaEdrM0k?oc=5,"Freedom 250 Grand Prix of Washington, D.C.",2026-10-08,positive
DC Metro,How weeklytae went from exploring DC metro stops to a UMD football game - The Diamondback,https://news.google.com/rss/articles/CBMieEFVX3lxTE51OGRwX0RqeDlHejVJZmlzRHhsSXc4NzZFSEVMUVdtTzlCT1lpd0RucHN4ZEp6NEFjYS1oQnhyc2lVMF9ab3BENnQwRnlLSlJPbW9vQ0ZUYU9NZ0swazd3RGNyWjhJNDd2bU5HbUNPZnZyUmVmb3dhMA?oc=5,The Diamondback,2026-10-08,negative
DC Metro,DC’s Metro System Hopes To Win Over New Passengers With Better Signage - Bloomberg.com,https://news.google.com/rss/articles/CBMizAFBVV95cUxOMzBoUjRzM3hKLTdoR2lWSXliXzd2QTlpSDB1RFVOOFNvMlpRcWVhNHBURWFDaXFHZDc3b0JLSWVmT1U4N1ZBa3gwOFV5Rm5rZ2NJMkMzWF9sLVZ0eWlnYWZkYkpYbFRfMVhScDhfeUhmNWU2dkd6d0VUNnMzZi1rY2FUeXVYdURrNDVvdHA4UHFGdFV1SF9hdGZwYXRjUTNzWEU2OVh3TUxOalZoNnVYMUc0OVlGcFJPbXItZ0UxR2Z1Y2VVem9zZ3kxTjY?oc=5,Bloomberg.com,2026-10-08,positive
DC Metro,DC Metro’s Red Line commuters face a summer slog amid station shutdowns - Maryland Daily Record,https://news.google.com/rss/articles/CBMinAFBVV95cUxPU0phaGJsNUI0bUxkWnF0SnFOVjNyNzQxd1JuU25aTzBiTEd1RnBQcWlfMW9WNGZib0R4QjROeWxZUXR2OWs4aGVqTXBfLUpLT2NGMHhMLWJjVHdxdDBqU0xoRXJSRnBxT2Z2STJUeFBNYU5sc0VwX0xIMGF1aVNBMFhxZWt1TjU4MTU2LVdDLTl4TjV0NEJ3V1BRMS0?oc=5,Maryland Daily Record,2026-10-08,neutral
DC Metro,Pardoned Jan. 6 Rioter Is Accused of Touching Woman’s Hair on D.C. Metro - The New York Times,https://news.google.com/rss/articles/CBMijAFBVV95cUxQcW9tUUhhQlRXNWpyR1hWZkNuY1BhdzBhS2d6ZkFpY21qWHV3UnFQeTBFSHd2QUo3SDJwdmkya2tvZXVzT3dIRmEyanpWdkJnQnFPbi16ZkJZbXlob3dIZEdmOV9BRkJTaGlJcFRrUERuNHV3dUZTakNodlNnS3BrZWx1bWhHbHh5U3dHSA?oc=5,The New York Times,2026-10-08,negative
DC Metro,Transit leaders from DC's Metro and beyond bring safety and funding needs to Capitol Hill - WJLA,https://news.google.com/rss/articles/CBMizgFBVV95cUxNemRnWVhLakNEVjdrb2hrVGZYRHg2TDJGZGp0d2NpUnFTWEVfa0FleDZ3Q09YMWc3QW9LMEZEbDFwNGx0MmNXN3Jac2VaYVRBRjhVWmIySDY0VnV3dVRnem9hVlhZb3dqRk5VM2ZxUlRJUGpSWDlnU0lqbmJwTTlYS19fUlg3dVNKYUh5Sk4xV0hnMS1mdHhYQTlOTmJMNnlxQXFQejdEdU13Qm1JUlVpX1A2SWxCSEowckpZTkFydWl0VndJczFUWFlvN0QtZw?oc=5,WJLA,2026-10-08,positive
DC Metro,"DC, Metro have three weeks to finalize agreement for stadium deal - NBC4 Washington",https://news.google.com/rss/articles/CBMitAFBVV95cUxOUUhMY2xUVnBUTWxJWmFZejJ2STNIOXByZkVVWk9hSkxIeDNoSWtVU3J1WWdNYUh0RkUxLUtFNHRERm44bjlyTjZ6WkpoblV4ZHJlZi1mRFZkMUs5Ui1NY25mRnVQUUpLNmNpVmNWaXluNUxYb3pubEtRRDN1NVBuWlM3TmJrN0lGd0I0bm1vZEk5WnExRUhrTEQtdFNKM0ZEUmZkSVRweTNHTmpDZG1IRFJpVnHSAbwBQVVfeXFMTk5ZaVdlZjllSmFmTE5MbkY5Ym1QRzVyb1RXVUJ5VHhHTlNvd0VCcmdxUnRtQUlNQ2hLSDEyWnh4VXpyOXg4alozTV9PMnJYdl92SGt0M1VxTENQcjFyME5TM3Y4dFpwTC1IX2c0ei1Wd0huTFFuTDg5UTA5S2xPeHBNY2RIUG9qWW1KVlFaZFpneDYwZzVQb1hRb1FiYVNZSnlQb0RJWmNMLUxqT0R6SHdnRmZZTWlTa3FqTnU?oc=5,NBC4 Washington,2026-10-08,positive
DC Metro,"Mixed Signals: A Housing Update for the Washington, D.C., Metro Area - Federal Reserve Bank of Richmond",https://news.google.com/rss/articles/CBMi0AFBVV95cUxOaWNFTTJsQWdWZFNjN3V3QlZDVFNZMy1YZEV3LV9YXzlQeDE4WFBsNTliWjVWd2M1dW1xTUtfYTRGSGRCMEhJa0c1a0ViN0x5SkxTUGxOajE2cXVEaDQyTEpOY3F5S21Fd0QyRkNlaFdsd2FPcjRSbEN6MnloVzJwbXczb285b09vdjU2clVpUGRUcVlSd2J4aFlBUkRwdnFBb2tvS0lJOVJWdWZESjhWR3JROXFTOUd4RlJoUm44XzFkTTJpYkNtS203cDZrMi1Q?oc=5,Federal Reserve Bank of Richmond,2026-10-08,neutral
DC Metro,Metro details Red Line upgrades and upcoming shutdowns - FOX 5 DC,https://news.google.com/rss/articles/CBMimAFBVV95cUxOVVRsSlNIWTZ1NTdpWHRVd05YRlZFMnpfaDhGbzdjWEdnTmpKSGpNTXAzd3AzMFVieTJrTk53Mlo3R3hxdkFvT1J0RTc3SF9kX2t3X21XX09pazg5cmNZaXRMTUd0YmVULThLendXNVoydjRvcnFJMXQzTC1MNExCNlU2RENITUVzWGE2akc1ckFMOGVMS2t0NNIBngFBVV95cUxOYnl3M3BFRXNmaVhuekxVUDhDZ0hnR084SDZ3TWxlcXQyRVdVYUNwSnRacmM3ZEYtaFVQZHlKWnZmWDRVd3NLaGUxNVN4Y1hBbjhjREg3cDhPREJ2eGJYSzA5NkQ2U25GV3BZWjlrRkQ2WUZvVThhV01CcXBiWHljQ1NZUm5QeldYR2FiY2V0WWlVanp5eTh4NjRLY0d6UQ?oc=5,FOX 5 DC,2026-10-08,neutral
DC Metro,Howard Advances Plans for Long-Awaited D.C. Metro UPass - The Hilltop Online,https://news.google.com/rss/articles/CBMimwFBVV95cUxPVDVSaWxNQW9OZDdTRFJoUDI3Tl9tdmExakJ5ZWMxb243Mjh6ZHdkWWZqRDZYQ1Jic1lFY3dCZEJLMmhIZEZQZm9jUjhvNXhIUmhNMnhWanNjWHFFQ0hCUXVnQXBFQU8xMHRoeGlNUWVGLXZ6VjJxN3doOGZIWUMxaXJUN2kwamR5aXFKTmNqOEZIV2E4cC1aQmhpWQ?oc=5,The Hilltop Online,2026-10-08,neutral
DC Metro,The Quantum Race Is Heating Up in the DC Metro Region - Security Clearance Jobs,https://news.google.com/rss/articles/CBMinAFBVV95cUxNNk00T0d0QTJYZnQtLWJuLU5MTXpoeTk3VXROVkQ1OWY4ejRWTlAyMG4wbXp6SGZOS1JtdllScUV1NTlscGFRWWxVYm5uV1lxTWt5bFNXOTQybHBYT01qWlVkQ2twMk9MS3BFWm5FdUZsMTJsbDNpUnVGcWNpRkZOR0NKTXJ3QXhJTzFrdFJmMGJ1VERzaGtSd1F1U2Y?oc=5,Security Clearance Jobs,2026-10-08,positive
DC Metro,Metro rider recounts encounter with Patriot Front members in D.C. - PBS,https://news.google.com/rss/articles/CBMinwFBVV95cUxOX2dDN2JfeHoyWDhlc1Z2VWxaWGtRcEJab2FibWRHNnZsb2hDME1YVVgtU18xQnJKelNYdmxFclhJTWpLY3oxVU1rcWk2b19VRHBnQWhWUHl6dzNRRXl0dzlldEZJV25ydUxWVUR4SkFVWEh1RUlTT0ZXWWhRU0JiZlZvT2xRWG1xdDZXZTZFSm5ucGRKNlJCcWE4aWZqelU?oc=5,PBS,2026-10-08,neutral
DC Metro,Why DC’s Metro Wants to Automate its Trains - Bloomberg.com,https://news.google.com/rss/articles/CBMisgFBVV95cUxNbEpRNWhsWTM2THVhbGdIbWtYMG0xV1RjRjVOSUxnNmFLdS1lOVdtaC0zTXBPQ0p1bjU3Z1F3bkpfNXRNVkZRblBRSjRDUzhaZ3lTNGgwaHV4LTBIb0Y4OU1pNUFhR3VreWtQV09LcVFJZ18xclFwM0FKZTNSM0hrVkRuN3JGYTBoVV9HVHFfdXhmY09hRDJhRWROa1JBMGRoMFRSVkhmczJnU0IzTU1aaWZB?oc=5,Bloomberg.com,2026-10-08,neutral
DC Metro,Inside the team that responds to all the complaints about Metro - The Washington Post,https://news.google.com/rss/articles/CBMipwFBVV95cUxNZloxLW1YZk9aSUxiQjk3T05SM0ZDTFBmN1haSEdheGJoeXBiUDQzQS12NDYyN1c2eHBkb241VkpfdmY3M0VZN2lUVHl0Z2l0cjRwY3FMLWN2V3dsdm5KSldWa1kzQXBLV0kxa0FyQ1psSXI0a0NBRnF1VG5MZzU2cjltZnUySzZCNXBSV1pHOWFzQ3oyRjF6cUNLeFRjSzhHdy14OVkwTQ?oc=5,The Washington Post,2026-10-08,negative
DC Metro,DC Metro crime drops as fare evasion enforcement surges - FOX 5 DC,https://news.google.com/rss/articles/CBMidEFVX3lxTE85VFU4VUQwOVA5eVRCWmJEYk9Tck9rSFNocjV6UDdKSnhnRTZISno5OVV0RzllOWFoeHZXdEhJWG0zNFF4LWJQLTAxTzlyY3I5bVFmcW5TVGVMQmUwZUdxcV9XY3pRTWFFa09EdnJUZWdfVllN0gF6QVVfeXFMUHREVUx6Tk1Jd0pzOVFaNWVtSkpBUFV2ZV9TVDd0ZmZFczY2S255WHdnVVM1Tmx3WlUzY3I5TW84VldtMklxVXludWxjX0RUWnJ1YmM2LVJ0RmpXTzcxVjkyTXhlUDh3ZDhOWlBZRVc2a3pfa3ZJU2lLaFE?oc=5,FOX 5 DC,2026-10-08,negative
DC Metro,Skip The Drive: Free Bus Connects Annapolis To DC Metro - Patch,https://news.google.com/rss/articles/CBMijAFBVV95cUxPRTU3WlNVNGxONFBudTMzd3drc0JvMUtMVjZCUTRwbktTTHRyYzV3NVRrWktiR2FxT0F1dXRpaG5LUW1zdmJscUU2QVRZMXpraF9yRm1QV0RwOTBTRmZ1QW1tYjU3eUtycFVIMXEyVGJfdFVtQWo2ZU5IbjdLZ0taSXMxMVNkX3Z0Y2RBeQ?oc=5,Patch,2026-10-08,positive
DC Metro,Another Scorcher in Store for the DC Metro - The Well News,https://news.google.com/rss/articles/CBMihgFBVV95cUxNT1FZM09BbTBxcFhEMDlRRTZGcTNjdGxjQ3ZEa1RoX1UtWUxibE9fWHZhZmE4dGtxTGJ1NG5xWDdRQUZyRURMM3dtUDlfbF9tM2JraVNzcHNrQnByX3BhVFlYbTFyRHhTcmlQVlkzZjBHeHplVEhyb1cxcXZBRWRZR1hnNzNuQQ?oc=5,The Well News,2026-10-08,positive
DC Metro,Metro releases renderings of new train platform doors - WUSA9,https://news.google.com/rss/articles/CBMi4AFBVV95cUxQVTgybV9jNm9jTlMxUnR3TXc3Y2VZT19fWEwyN09jYzdWcUo5ZkFxVk14MHBncVRoa0dFUk9sdFZqaHk2Z2dFZzRUMkFqTm1ld3RVblNfOVBaaHNqRWhpbENINngzSE56blpoeW05S1M1RWt0YktDMTU2MVRUMWJlWlM2Y0ZENmNmdTljVmwzM2FWdWltMmQyX2hiV3dmd3FLWjNxSjAtTzRsbzc5M0pGNTVDN0hVU0NtdFJhRlgxd1B3UkI4V2JmQ2R6b1RFdEhwSGlqNWV1NWQwUDJ1VThVdQ?oc=5,WUSA9,2026-10-08,neutral
DC Metro,Bell Partners Adds 501 Apartment Homes in the Bay Area and Washington D.C. Metro - Bell Partners,https://news.google.com/rss/articles/CBMiswFBVV95cUxOcjM3MWFHYWRLT0g2RlFPeFdaLWJGOGRMV0YzVmdLNVJpSXdJWVg0VmJQQTczYUxsOXZOeWJFZ283QndKTUkxbTVMLXZ4TXMzQnpmS1JBV1ZNOUpLLW1HSVJPR1RYNDVDRHBRdUdES19VWGE2cVc4aHUzN0x3NXBUOUdJbnFLOGg4WFdoLVlVTDFfWng1WmJnQ1hrM0gwOXdNd1R0LWltaHl6a1R6SkFyN3NGZw?oc=5,Bell Partners,2026-10-08,neutral
DC Metro,DC Metro train hair toucher sentenced to jail time - DC News Now,https://news.google.com/rss/articles/CBMiqwFBVV95cUxOSnptT2gzVHZacUdiRWlHTmtlWmlmd2NsVUNjNUZmMlhLTmhXczFjTF9DSzBtdVhQaEhicDdUR2ZNV1ZWLVdNdXo5S1dfUFBEdU5jZVNpMzJ2NW1pM2Iydlk3REVxQTRCRDd6YVd0Mm9CUzRteHNqd0I2ZUQ0SmZOV3IxakNvcTlHUVBjTnVRREotdlhkOG9qZFBhV1YzalExR19kdWRJdFlSSGfSAbABQVVfeXFMUEw5cTdBSEdkWlFJNE8zVzlVVE9Zci1UaXNoSm9kSWdoM19IWGwzUVR0NFFHNjF5TnBuR2t0TElqaV9jLWFpZ0FWdVNkblgtcmk1U01MckpMQ3pHN3U0VVBmVS0zUlpIdXRTdUpGYlVNbEFtMm1OSG4zMDJJTmFOeEJGT0l5c0dnZFRqNHJYeDNmc2dkdWFlMnE0OVc5N3ZMcmpaVUp1dDVyTGlZd1FjVU4?oc=5,DC News Now,2026-10-08,neutral
DC Metro,Why Trump's Strait of Hormuz blockade may affect DC public transportation - USA Today,https://news.google.com/rss/articles/CBMixAFBVV95cUxQUW5pcFBLN2VDY3lnb3kzblduUC15S1BzSnlFM0VzT3M5NkhoYWI3d2ZLODAwdUxvampvcGN5dXZsTWFhYkl3UVk5SjY5N0dyaktpb1ZUTkk2NGhxOEVmYWwtRlFBM1BjSnBlcFY2UnV2SDNZNl9wQmdZTDBQM01YclR5cjVDRG1LcGw4T01DSEIxeFhiVkVtOThpZXFVMjE5TFVBR0xRd1NxUVZTbXY1VG90enBNal9mblRHdWNUZmY5WHd6?oc=5,USA Today,2026-10-08,neutral
DC Metro,The DC metro area is getting its first en-route electric bus chargers - Electrek,https://news.google.com/rss/articles/CBMiowFBVV95cUxPT1hQc0RYTUxMREt2VmMyOUxDOGFKQ01xTXVMRlJkWFNVUGI5YzNRZ2RZR0QxZVRtS1RUZnNjeW1rdjJxQy1rZVpDSEd6Ui12V2VDMzRLMkllRUtvT3lPd3RUczFyVFhKam5ROHlTWGJ5QWthSjNWWEs4U1NIdUVWZ2pnNkdJU3JCbWhpTzZKRzhtbERvWURzcnZHOTl4NjNCb3dF?oc=5,Electrek,2026-10-08,neutral
DC Metro,Is the Red Line of DC's Metro operating more smoothly today? - USA Today,https://news.google.com/rss/articles/CBMi4wFBVV95cUxPMjFoZC1fd1RsSVNzZmJDZzRwRDZORDZrMnF5OHVFYlFjcVVwRUNNQllNLThOUmh6NTdQWkhfXzJHRy1wOHJUaGVrRy1JdG5KdlFxdV94aENhcjk3T1RUcEhGeUVlUHBWanNWb1VVc0pUMld2ZzdjSDBOVzU5U2hQT3FxMjdrSlpIVHlYR3hSOGtHZ1p0SWd0cWJYUkhqaXB1MmFicTZad3FKWWZ6b25UdGFKZHd2MHpBeUVFaWJPelBBRXY1ZjA2cWNjM3M0d1pkN1NKLWMyTkxsWndjb204bG1vSQ?oc=5,USA Today,2026-10-08,neutral
DC Metro,"Moving to DC was the right call for my career, but I missed New York. I found a way to get the best of both worlds. - Business Insider",https://news.google.com/rss/articles/CBMingFBVV95cUxNR0g5ZWVsb2xEWG5kLWhKSEt6cTVYTWlfNTZPWUtiZkttRExlcWxxSFItcmxjRm1Bell3ZWhZYzU0ZnF2SEZjMzVxSldicVU1Q0RvNlRKQl8zVWRxSXFOc2VVa3NHY2dLQ0x3dlF1TmVqS1dSN0NvTm5NRnBJaTNHMmFMY1g1Z1RrMmhwaGRUQ0FFUkxsNXBPeWRTVXJ3QQ?oc=5,Business Insider,2026-10-08,positive
DC Metro,Federal employment is growing again in Greater Washington after months of workforce reductions - The Business Journals,https://news.google.com/rss/articles/CBMikAFBVV95cUxOVmRicHhiMnlzYU1tT0k1dXIyS3BJeWkxQXlBNHpKMGRPNTJmMC1FdVVxTU8zTTdnbzdFUGlJZEQtZWR2SXpDdzBkZ2V0UkJQOTRNbGh2UDhsNTJ6WDZZMXlvUk9mRXlQTFFwZ2hLTEktMnlsS1cyeXlUb3BkQnFLeURLakthR2tQMlQtbDFENUU?oc=5,The Business Journals,2026-10-08,positive
DC Metro,The very first ride. A surprise encounter. Memories of Metro’s 50 years. - The Washington Post,https://news.google.com/rss/articles/CBMihAFBVV95cUxOdXNfbDI3bU80ZmxTUmQxZE5TZkZ5MGhRTlVVZ3pycjNuMXloUW9LUWloWng4LTdjd3FCR2luanA4TXJxZWlGQnV3WUdpYUlxaHNzTC1KZlNUX1pObzdzbm9HZFlqMVZPMFduUFB2d2lKMHl1QjRCcGVybXY5U19oYTVaNUU?oc=5,The Washington Post,2026-10-08,positive
DC Metro,Family Details 6-Day Nightmare After Son with Down Syndrome Was Found Trapped in D.C. Metro Station: Lawsuit - People.com,https://news.google.com/rss/articles/CBMizgFBVV95cUxPZnNPQmd3UGFmVzhFZGxRYV81cVZ3T2l2Q2hSa1V0NDFXSHZ1Yi11bmRvcWtXdmI0bHJkNWx5UlF5TTdmc0oxWGRheGp6R1dvQWVqTDNoLUZnVnVfdjNCOUJiTm1xeWpGTTlpVmJZeDhWTlAyalFibmN1TklBYU16SjhCUDRVc0t5U3QtQjVVMkhrWmZORFdqcDhaQ25BOXVLVm5vWUFDcDNKWjY5X1RCMjFYMlhaYzFWS2FHc1llRWUxUV9Zb0JRMEU1MXRHZw?oc=5,People.com,2026-10-08,negative
DC Metro,"One family, four generations with DC Metro - FOX 5 DC",https://news.google.com/rss/articles/CBMib0FVX3lxTE1DVENWNWZYV3psSUFrWVMxQUUxMFVUdEhjZ2JPRXlUYmhOdGxQa2lUX19vbjYwZVRvaDBQUEl1bmVOeVNHVEltWFVDRTNVVDlzQ0dNamR6d1hrMGVfVTlFRUhxUVBGeTdHS2h6eC00a9IBdEFVX3lxTE9Kb21yczQwY1RTMmtySTRNUzFKTEVJOC1DNVoyNmVQcS1qVkxZRi1SR3hzVk1fQzFCN2k5eWtieWFTMW8wNFhlY215VDZCOFdhMXlXLWU2aU9aUlZsbXhsVG53bHczMWVPQVRlVTVfZFFHbkNB?oc=5,FOX 5 DC,2026-10-08,neutral
DC Metro,Red line shutdown begins Monday between North Bethesda and Friendship Heights - FOX 5 DC,https://news.google.com/rss/articles/CBMiowFBVV95cUxNZVUtT29hdnBoNzU0ODRBbi1HS2drSm92clRqaXc3ZWlBTEZ2ZTVGUTlxNllrRW4ydThfM0lldW1zV0QwTWZpVTFuMDY5dTZhbXVBYkpMLU1ZQVowQy1JZnVFNUtlQkR0Y2xFcXlqdm1wbi1BV28zeVlMUnV2MmFDczZtenk0c3NhVVQ5LWtpcHR2RGZYV05QVFlvNUU2QzkxYmpB0gGoAUFVX3lxTFBrZ1F6NVdfOWxHd3IxaFl6TU4xOTI4VWczVUlkX21ic252d2I3Yk1mNXJncFM2NnJaOV9USnhjT0E0RFg4TU1kRk5VYUQycXM2Y2hYTGlpRHItZjdnUm13MG1aeGkxMmcwQ3NvZHRSOVdhWDJuNGxHOWo3NGktNFQ2QTRxYVFHSTJBR2FHMFFoQ2hUdXFBNVE0bWZWQ1VlM1VmczFCaldOOA?oc=5,FOX 5 DC,2026-10-08,positive
DC Metro,Metro board approves funding agreements for RFK transit plan - DC News Now,https://news.google.com/rss/articles/CBMiuAFBVV95cUxQMFFjTG13U2pYbWtMbGFWV09Wd0RYVXJiMzloRl9FZHh5QVBCRXdpbzFhNWpidVlweWVFN3YzSWxBTEJkSnI2NkZRcnIxTFlIdFlqOWNyMk1UdFFxdUxvRk1oVUEySUowYXV4akRpLVU0S3c4NTNCT2NJUUhyaU9xOEdrbC1ma1pQQ3dwNm1FN3BEQ2NJOTR1M1pBU3lDYnlkdklsc055Y1dsWmRHS1ViM3BINUdXWTR60gG-AUFVX3lxTE92T2F4SjRjVFlzVy14NjRqaWpycTFySmVlU0xJcW5kV18xSlQzbEphb3BZcFdoYTlnTnVpYkhwRlV6WWtuMzBGZHBhanJSSGFGb0c1RlJDWVRvbThRejJkOHBYTXpOMGF4ZFpOMWhUVFdtMzktaTYwMmtKV1h6dVFBckQ1VkNkVG5fUEJURnZtSUppUk5wZ3pyMDRvSlVfbXRYbm45YTZFTElQdUJZQzdYYWdTNHl2TkVDUmkzWHc?oc=5,DC News Now,2026-10-08,positive
DC Metro,DC Metro Red Line closure is underway: What riders need to know before the two-month shutdown - Secret DC,https://news.google.com/rss/articles/CBMiW0FVX3lxTFBhbXhYS0x4NXVZaFlENUZrVnM4cUdxNmtFbEtscHZoUmpLQWZjeFJndDJKNmthVjdGNzVMbGdzUUVnaXhiTDllWE1ZQmZ2aUxtQk1ZdE0wamQxT2s?oc=5,Secret DC,2026-10-08,neutral
DC Metro,"On March 27, 1976, the Metro rail system made its first trip in Washington, D.C. Over the next 50 years, it clocked more than 7 billion additional trips, according to the Washington Metropolitan Area Transit Authority. See photos from over the years: - Facebook",https://news.google.com/rss/articles/CBMi3AFBVV95cUxPQml3MjE3TWpmQ0RPMmhRTzVLZi1qNzFmMUdYTDBIMnlwR1RLRnpLOUtOanlycGZFNERWS3BPa1U1UW5OMDFIVUJBQ1loUFlDR3NKTWdXNU82clJrNmRydTQ3REQxeTY3cnRRUnBCRGdhUTNBM3BfbUlOVHN0dU9SSlNUQUFlRzFlMF8wNHZUX1ZlbWNneXVIek11b1ZZdHRlLU04RzdSRjR3ZUxDdnN4VU5QWEU3VDFVaW5jeHR0bDJCcVBFRVJVekRRck55RGF1V3Mtc1hNV3Z4cm5o?oc=5,Facebook,2026-10-08,neutral
DC Metro,50 Years of DC’s Iconic Metro - Washingtonian,https://news.google.com/rss/articles/CBMic0FVX3lxTFBJZTdleXhOVUNuTlU4Vy00OGdRVW83NThLWHZDeG40Z25RZ1ByblFRaTRuNjJyaEhyRjZmOWtPVThKNGZ6dWNLeF9tb3RYby0zcUd6enh2YkRwQzhHRi1NRjU4U3p2UU16ZENKdG9WU2lKdXc?oc=5,Washingtonian,2026-10-08,neutral
DC Metro,Red Line shutdown begins July 6 as commuters brace for major summer disruptions - FOX 5 DC,https://news.google.com/rss/articles/CBMiogFBVV95cUxOaHNnQk5ULXhWM1BVU0VrQUh5bU1pRmdQN2tRZUdSODFpc3lBUFZ5UmdRV24wbVBkZzFoRWlYcW15OV92S2diVWVYSWtkX1d5cDV6ZllzSlFFc0FTQ1BOU1ZIbjZ0V0xkYmlLc2JkRmc5UmhLTDN1em1kTWNLLVdxa0FYYkJjLUE0WDZuZDJ0TFJUU3Boc3lnUnlQWnNvZng1RFHSAacBQVVfeXFMUEZtWXh6VmtEWktUN29JSjVsN05lbnZNTXh4b0pzOVhjbTlLMHItSmFqWGIzbmQ3QTF2b3JoS3JzOTEtQnlsQmZrc2NCUUxiTEZydWhwVkZXbDJYNVk0aHMxZWhhN2tMcjkyVnhZSnJNQTh0V3oyTm1WemNCRzUtNTRXcVUzXzZNSTJWTkl4OU1kSG9YSkRNVXBheEJxR1AtV1JjdjVCLXc?oc=5,FOX 5 DC,2026-10-08,negative
DC Metro,DC Metro heat wave begins Sunday with temperatures in the 90s - DC News Now,https://news.google.com/rss/articles/CBMickFVX3lxTE9WNE8zUmZ5RDNqU3lzOHgzUFkwOVVmeFk0RTh4WWtKZGJHVTBESkNJTUd3c1VxYkU1ZVB3UUlFVUFKTEhzbDFmenNoMmV4VG5UNmpleWEzQUpWV2F5TTRKU1VYOTJJcEt4dVlCNFc1dTV0QdIBd0FVX3lxTE0ycERTVFZtQklzS2Fhc1dWVHMzamhtTlFRSmlHZjk5N01xS1Jsa0lTYXIxN2pCQ1h2MU8xb2daSW8xdDNmeTZjX0NVV09TX1AtLXNaSXRzZUotci1GYWFwWkdfR0ZIUC1BSnozT0prUEVBaUpTamNv?oc=5,DC News Now,2026-10-08,neutral
MBTA,"1 dead after report of person under train, officials say; MBTA service impacted - NBC Boston",https://news.google.com/rss/articles/CBMiwAFBVV95cUxOVHVMbUJkY2FOdG92QVZXZV9RUDdCMFNJUTFNTnZRYVlWWV8tc2lBUnNjcUlQNEU3MldpV0ZCNDhIdml4SnVJWk1FZFJ4LUMzV1oxeGlSczJWcHdRcmt5eENEbDJsRFNDbXYyQzZaa2ZzYndxTzZ4SVdpLTZ4WExyOTNNeTFNamJxMWpsZDlLc0gtNGM4RUJadkE5UlpCNWkzM1VPYXhKSWtocVgxQlhhcXZlS0E5eFAxM1hIZVNDbmnSAcgBQVVfeXFMUDBzWExmUDQ0cVhvNUcyOTE0al9EZFdiZE55TldWRk9yaUVHWVB3cE5mYmQ3RzRjR09nR05WSE12R2NpMVE1VndaSEZjMHdnVFg1bUpIZEU5cUtJY1E2RWxYaldvVGp0RmswMHhCS0IxRS1yTDMzSmgzdDN6d2E1cGQyWTlDVl9EUTJseW84c0h4NlFQZmdSWnpyak52QzRvQklGRXBGOXZjYU94TnQxM1FmcUttNmhfMEV0YVJocmxKTHZoTVNHNzg?oc=5,NBC Boston,2026-10-08,negative
MBTA,"Man fatally struck by MBTA Green Line on Commonwealth Avenue, police say - The Boston Globe",https://news.google.com/rss/articles/CBMivwFBVV95cUxNNC1kSHZFclY3V2lxeHNPN0UtWXRUV0l0NGZmZ0d0VWdJUU96YllaVmk2a3JDdG1GRWk1by05akJXb0hnc3R1ZjZwSy05YzVkdHFYU3dLZ2luWEpvRFh1bUExQWlEQlVQRENYRlVqdXJwVXZxS1VVdFpCczI4RmtYMTBVNklqenZZSVp3aVFmc3NZeTh6Zk45RWlRRjJnN3dFdzlweEVTdmp2aWhOOFJ1TEZuSXhfTHRCN3FQSEtWQQ?oc=5,The Boston Globe,2026-10-08,negative
MBTA,Police respond to discovery of a person under an MBTA Green Line train on Commonwealth Avenue - Boston.com,https://news.google.com/rss/articles/CBMijAFBVV95cUxPdWhwODdGZXFqYVA0TEpmZTlvQVlWaFJiN0tuVGlfTHA3R3YxMm1MZFBrUUFSb1h6aVA5andPbTRaRHdnbWFpOGU0MXRWcmxPZWtWY3ZUc05SY2sxaE9mWjd1Sk9XbjVndXBOUjg3cTlFYi1ubkJSSVRyMjhmUHV0LTk0NUZhVmhqalFwYQ?oc=5,Boston.com,2026-10-08,neutral
MBTA,MBTA Green Line service disrupted after death investigation - WCVB,https://news.google.com/rss/articles/CBMihAFBVV95cUxOSnRUQ0ZxcmlFdHhzVmdpeWlWNlZ5aWxTY0pBODByZGswZHpuaWIzcExsa3ktcXhGWjJxR2dLbnpaODZZRkxfSzZxc0N4NkItUUc5MVRMVEhEaTQ4QVJSbnJYeTI3YUo0cTduWWZnb29zenRWNjZGQURNeEpvaTVOZHdRU0g?oc=5,WCVB,2026-10-08,negative
MBTA,Crews responding to person under trolley in Boston - Boston 25 News,https://news.google.com/rss/articles/CBMisgFBVV95cUxOVVM3c0drLUJQWnh1bEVfM0Y5dEVXWmRRVnVZdmJ1d2M0N0ZQSzFuQnVvYTZHNEtUUDRYOG9qaGEyaWlIR1VuN1QwZzZnSjk4QjdGeWdUQ3J1MWo1UWRrUFJ6Qy1xeHNUTTFhUVNZbXV6X1lzMnBiSUxiNnhLVDZKN0lGNG9oSTlCMVBMaXU0SmdDSDZscWE2UG42V1JvQmhSRlpsbjBnV2FNdVpFVzJhdFVR0gHGAUFVX3lxTE41UzhYNlBXMVYxQkxDUHB3UEUyUGxXRTdQZVlpQXIyODBqTGFfZEFCaEJJTTBLbmZScW8yMWFiMEp2MmNscEZVclYxQnZoanYybWNBdWt4WDdERU5Lb0FudXU4R090VksyMlFOZHRhd3MwWmROWDFGOGljZTZXdEZrcTlaVy11WHdyQnE0MjUxU2N1ZDV3NHJiUDk5a0tDb3JlOVRUUWFDNDk4VWJiUXpDRndRQkRveHZfY3d1RGhfbjQ1bldKUQ?oc=5,Boston 25 News,2026-10-08,neutral
MBTA,"Driver from Utah scrunches his truck on MBTA bridge, blames GPS - Boston.com",https://news.google.com/rss/articles/CBMiswFBVV95cUxPSlFySUJFdEZkaXBCOEpsMXUyN0lxNm5qdUM5QW9RV2Z6WjhoYjVzN0toTk5pQkJuRHlDRE9HMlRsWnNVR2JacHNJS2lzWU9qZkhMOExVQl8wUlJSSnJFUmo2dlhLR3lHWGswOWFwTGNPTVRXeTRVelA2Z1M0RllzYXBlSm5EaXIzaGM1b3lyaW5PRXJvOTdmWTdtY290T1l2R01GVFNYeURlX1ZMbEIyRWFlZw?oc=5,Boston.com,2026-10-08,negative
MBTA,Can Waltham and Weston Transform Aging Office Parks Into A Transit-Oriented Neighborhood? - Streetsblog Massachusetts,https://news.google.com/rss/articles/CBMixwFBVV95cUxNeGw0UXg1LWRqT0dkWHpsRkNIRUdGX3JWdDlWUld5S2Z0X2ljcF9xMkFDb0Y1bjdnWm9jano4ODE4OHlpWVJxeTVzZVQycWZXZkxRaHQyTlplai1aUjNqUVEzZS03MmRXMm1uRVRRUV95eEViRkdxS1o1Sk01Mk02ZzltcmpLWnI4X3ZIdnVIZ1FBLWVpZ3ZYT1pfR1VmYkpLOUtGM3VydURoWTFZSnM3M044cmJsLUVOWkNHemlzcTVRLVB2ckRz?oc=5,Streetsblog Massachusetts,2026-10-08,neutral
MBTA,Boston's MBTA Testing New Charlie Card With Apple Wallet Support - MacRumors,https://news.google.com/rss/articles/CBMifEFVX3lxTE8wNHIwWHNGNTllendId2dDVTdkWWQ1SHUyLVBJWjRodlUyWC0wV0d0ZFhkS1RCdnF5R3JvVmR5WVpCbTBvWnBKeWdrV19McTF0UUhBcWJMRXZvMF9iYWpwaTdoM1BuZVlqUHpKdHRUN09xdExZZmtzVmtaNHk?oc=5,MacRumors,2026-10-08,positive
MBTA,Providence/Stoughton Line departure times to change under new MBTA schedule - WJAR,https://news.google.com/rss/articles/CBMixwFBVV95cUxPTk1oZXROWG1vLTN3VmtJb0tGSkljQTJpYm9YWDc1VU5lbWRyUng4N0FWUVlnYmZ0bmY3OUZJeW9BMVNpZ3p5NVVWRk9EWmVTU3lWVU56d2E3TTJvaXR3eW5VOG9iQnV5blVOYXctTGhaZzNIS05HR1BPWld2cDlqVDEtVm5qWDFnQVhuTnZmNkQtMWdidmVZVTJPVjdpbC16cERYdVRpN21FVGstUHA3YWJhOWpELXZTUHROR0JZUUp4V1NmU1Fr?oc=5,WJAR,2026-10-08,neutral
MBTA,"MBTA looks to bring in hawks to scare away pigeons, other ‘nuisance birds’ from stations - The Boston Globe",https://news.google.com/rss/articles/CBMipgFBVV95cUxOZm40dFJOeXFrX3dxeWx4Mk5Wc3h5dnhDUXJTTXhZb3dTZUx5eWxXZm9PZUF0OFI4dC1zM0ZFck83QWF3VF9fSkVUa0V4NmxocjlNYlN4RkRzWWFYRWFrbGM0OHZPMm9xVXY3S1RhVFVlcDJxZ1REbGFQOVY2dlZWRzd0MHpmeTlzQWgyeGhESXNCcGxhYzhnQkNaRnFPMDRXRDVVUldn?oc=5,The Boston Globe,2026-10-08,negative
MBTA,Lexington’s first MBTA Communities Act development opens - The Lexington Observer,https://news.google.com/rss/articles/CBMiowFBVV95cUxPMVE3cDRtbnJ3Mi1CN0tVUC1TMTU4aUNTWVZ4WVh5ZUx5eXZNZWVEUDF3QW9RYXFmeDVQOHBJLXZZS3E5bHZucW1kOUN1dnRXVXlGWGRKdnlQNE5GeGZTNk5JVDBPdzJ0ZGJHVTM5YW11cG9abXZEVjZ1dDdCV1JSV1NzMmk4SjA2T0l1azQ4YmNQUUhuc0JReEVKNFhRX1lpNHhz?oc=5,The Lexington Observer,2026-10-08,neutral
MBTA,Tewksbury Town Meeting approves MBTA Communities district - Lowell Sun,https://news.google.com/rss/articles/CBMimwFBVV95cUxQYWJmamptUm5rbUZBdG0tZjZyeFBQcW1Cc0RJTnZhMXBZTDZWTHFsWHdwX1l4QjFiS2N6ajZRUXRzNkJocElmTXNlZWNzZUZTcmllRlFXdHpKQTNKV2syYnFScTlLZms0ZlJWMW14a3BBWGw1V0tDNWdzUHJCYzRKc0ZHcmRtYlNVZ2ItUmFwQWpsUXJOUUhoS2VaVQ?oc=5,Lowell Sun,2026-10-08,positive
MBTA,Students navigate the unpredictability of the MBTA amid recent shutdown - The Berkeley Beacon,https://news.google.com/rss/articles/CBMiowFBVV95cUxNQ19QeG1PenBOT0NzNkxFS0N2WExPdkhZb28tVTlONlVaUW1LWXlxTjFQVWFQSWl2cElvN1lqaGlUd2J1alVFNkdrT1VXQnNkMXFuX3NvTEVwMVpmWVN4S2FUSzU5RkJrNU0yNl9IdWpHNEJnaVBqa3N4TmhWWm5TWk1qRklmeVhpZ3gxRFlzTXMzU0VRazEzNndDSzVIS3VyeVI4?oc=5,The Berkeley Beacon,2026-10-08,neutral
MBTA,"Truck driver who hit Massachusetts railroad bridge was following GPS, police say - CDLLife",https://news.google.com/rss/articles/CBMiqAFBVV95cUxQa0VMcDZ5VnlJX0I3TkZ3TWFzWElYZ05laEtBVXYxYTdhLVFSM0R4TlYwcmNsdDZtNUNxb1JIakxkWU1BaHVablJ5RUpVQ3A1YXFYY2REYXRxVEtrUlJkU2RTY1FxY3kwdG9uZUttbFA5ZXdzZWlxUWtpbmFnV1Rqa041YkhxaUtnYWRnSzlFRTI0XzRILUpPbUNzaVprZnh0NmRCaG5hX0c?oc=5,CDLLife,2026-10-08,neutral
MBTA,MBTA looks to the sky in its fight against pigeons - NBC Boston,https://news.google.com/rss/articles/CBMirgFBVV95cUxNT3BWQlNZWFlJU0xZTEhxWHNidjZBeE1EUXZuWnFYZHlCdTh1ZVVVSGxmMHhLZ245eGZjeExPR0tGZy1mT0ZpRnBtcFFWdUcyTmJjRGlvR2pEdEZINENBcDBZaF90bmJ4WEMtSFJOVWp2MU5pa3RzVXJha2pnN2VOb2lpdzQtVkF5dmhEbjBaNDdiMUtqQjF1NnR5eXllUDJwZV9aUFhqUGhRU05YZ0HSAbYBQVVfeXFMTlFMYkJQVXloamZaM2p3UTg2eUJzNFNnbUVCSmFaRmpVSF9UWWxuM2JSc21MZDd2QThrZ1laREY4Z0VTMExXVXd4M0tQQzA0Tnl1dTlQOVhGTUIyNlItcHR1NHhHSXRUZ0lXMmthZjZNSkRHMW5yMVR6ZVZhOVdDWThRelIzNmx5VThockhCLVQxVmZxOWIyS0NLT1o1enM1Vm9GZGc4c2IzSkJrVGlyYmhBT1lCeGc?oc=5,NBC Boston,2026-10-08,negative
MBTA,"MBTA ads critical of Boston Public Schools taken down, campaign on public education continues - WCVB",https://news.google.com/rss/articles/CBMikwFBVV95cUxOb1pJVVBLZWVVeTR4N1FFMXhlWF9OY1N0N2VLcHRkdUc0WE1naTJXYmZzbWNZQWJUZzdHMEtILW53ZmNBZUZKai1qTnlOX3VnaFB0RXJlaG9JVEZzUmtXY3phX1JXaWJ1NDEybDc3Yk0tZDR2aFJkMEs4eTE0LTJFMXV6cFFDN29JMkRlZXN2ZlJ0SEU?oc=5,WCVB,2026-10-08,negative
MBTA,Hawk-eyed solution? MBTA explores using birds of prey to deter pigeons - Boston 25 News,https://news.google.com/rss/articles/CBMiywFBVV95cUxOalA1aXRvSW9ZWUNNa3VIYUhycVpQLXV3NEF1eVdNZGZCTXpxSnFpbGt5a0g5ZEVBSVIyT3pYSGZhY2stb2VTTU9CU3RNNnp0c0pWMW9OY2RhbHVJOFNyQUNrT1ZHMlJEZkJ6Q3JWV25WSFIwc2NIempNUjFCSWxtTUtmdlY2RklueEg5VEs1U1NQQVdRYmt6aGI2SXJzNlBmOTIxOEhtcmJjZUxDc2FxTi1RTmIwZmVDQkQ3WC1xTFE0RHNQdFJhT3BrRdIB3wFBVV95cUxNc0hBSE91WVh4Zkw5NzBxUlZjbi1JUnpsT1k5eFlxeEQyLWQ3YXBENmd2bG1ZSC1ELVJSU0JMWXZYa0N2dXdwSjZnc1F6VnNFM2RqLUhpdDhoZzUwX19SeUlTc0IzcWN6YTJmY2ZPNWVNUDRIeW00SkZud3hPcXl3TzM4QVRtLVZjVm82a01ZZXF3WnJvN3Y0MVJ0SEluS1NqWkdJYl9lSi15WjdJaGVCTG9hTTlTdGNpVXVvemJkN1Zfa2pQbDRfY01KUFRJUncwLXE2LWZCZzhEYWxVUW9N?oc=5,Boston 25 News,2026-10-08,positive
MBTA,What’s the story behind these lux MBTA train cars spotted around town? - Boston.com,https://news.google.com/rss/articles/CBMimAFBVV95cUxNWG9Ca1FVWldSNXQxdll3RHhtMmF1amF6Nl9tSVhrQlFrTk1fNVhhMDdHeG5kbFpsdldlZVdGeENPOW4wNlR6UUR0OEhvY2FsM29mSE5zU3hUWm1QQk96enEyU1R5YW5wQVJ4QlpFcFVROEk0NEdkWkNoelZrZFhNRzNmekhWUGY3cXJtaVN2dHdSbjJjcGoyTQ?oc=5,Boston.com,2026-10-08,neutral
MBTA,Ads critical of Boston Public Schools removed from T - NBC Boston,https://news.google.com/rss/articles/CBMinAFBVV95cUxNb0Fyb0RkX2lNTXEwUDRadklzVEU2R0Fmb1JjSElncEFQRjlKMFdhNmJ4MXhaOHN6el9hamcybDJucXNnV2ZtdktfN1lsRWgycXU4ZmROS1UzTEo0WmxUbmVrV3FQaTU3R1dZTVJZSVdwd3RPT09zcnRvMk51VFdkRXNkNkRlQVY4cVN1UkRkRmJLU3BTY2RzNHZIMU7SAaQBQVVfeXFMT2QtbU1GZUs5NDQtbFNxclFwZHZ6UFJUU284RFpoWnkwdTYwS3FLTjVBZ3B2elBITTJ1T01wTUpLSkdNU21KRWh2QkxOTGU3bjlQaUxWVTNRcXJtaGxDMFdlRTlYV3Aya2xwOTNZUnlaZDU1R3diUlJNc214M2FBNVkxZG9mQTM0d3FVeUxHcW5Uc2FDQjRNM043SnItaWx6Yi1yNXQ?oc=5,NBC Boston,2026-10-08,negative
MBTA,"MBTA slowest buses are getting even slower, new report finds - WCVB",https://news.google.com/rss/articles/CBMihwFBVV95cUxPaUV0bEhHVG94NFhXNmpzcTQ0NFlIbGJsZFl6Q1VOcXFDczAwYUd2YUdHOUtvZHV2SVk4MERCb3g2UzRWdWtvVkdTV3U0NjVKWl9YRFl4OHVNNlhYOGJSNHBHU0JlZ2Y1aVotSEw2VEVnb1pDTVgxQkE0Q0FVdFBvdXRZWkh5STA?oc=5,WCVB,2026-10-08,neutral
MBTA,The MBTA is looking to bring in hawks to scare away ‘nuisance birds’ - Boston.com,https://news.google.com/rss/articles/CBMifkFVX3lxTFBvVDhsM0prNTJIVUZBcnhJd2dGU2JBVTI1ZVpWNmVJN3d0bUUxRmJYZkhHbWxRa0w2c0tkWnlrTWdBbnBqb0V2VVNSeURicjdOS3RENEtaRGpQd2VBUG5iVDlBcjM1MVlvWDNzQ1F4MUpCcU5zV3daNWRDaFdxUQ?oc=5,Boston.com,2026-10-08,negative
MBTA,MBTA may turn to an unlikely weapon in its fight against pigeons - NBC Boston,https://news.google.com/rss/articles/CBMirwFBVV95cUxNV3FNSThYOXB4Ny0zSVRsVEFnemt0OGRnNE1PNFJ4RDhtSnpsaTJXb3lnS3hNbW9qVHNkZ1RJQXdaU1FvRjJwZExLUGVRUzQzN0FIZEd0LUpMVW1VZHRrbnpRYW44dHBKSHI2VC1acGdRMHNoS1o1QTVOWnRPQnBxd0FleFFxMnpQWmdlaWo0WS0tcEtXTF9XZnQyXzNPX2xUOXJYRzdobVNuOExHWUdN0gG3AUFVX3lxTFBtUU9kc09KYV9qRGFqX3NVanlqN1BmTGdUSVd0UVhFNllYeWd1ZnRTNU4yU1h3OUVqbWpRSEdFamlrakNvMF94V0lXLWRRVlBRSjBfSTFZcS03TlZuRGJlX2pYMGttdW8wdXhwRzlhcVVRNUNUS25vbDBfOTVpdlhjUHJVbVZ5d2tRcVlpbnowaFdoM2VNbXRNVU41cTg5TVlqc2tWT3N4ZmQtcUJJQ2dQQ2pCbnNBYw?oc=5,NBC Boston,2026-10-08,negative
MBTA,Hawk-eyed solution? MBTA explores using birds of prey to deter pigeons - Boston 25 News,https://news.google.com/rss/articles/CBMi0AFBVV95cUxQTk1sR21tc1ptMlBmVkV0S1h5VTQ4emtyY1hicm5iRThfX3BqNUpZYjVHSVE3bldSVndfend4Q3BKM2Z6cDlJVF81UHUtTlJaejdsYnM0V1V3NDlFQjAtRTNOWUxsVHAtWTBwOV8wSERHZDdOZjd0QmtNYXRmajRLS0xKUGtBZ0pwRjBYczI4bFhibl9DYU5UNTFNejFBRkF5UDJjR211WDlzV0h4eTEyUWg0MTRHQzJKZUFrYlYyTEdSa0FOQ0Jqblk2N296UzIx?oc=5,Boston 25 News,2026-10-08,positive
MBTA,Inside the latest Green Line shutdown's ‘tremendous amount of activity' - NBC Boston,https://news.google.com/rss/articles/CBMipgFBVV95cUxOenN0bzVUOWxEbmpPMHhhTTEwUE1RaFozOXFiTy1Hd3p1Vno3MDBOU2RkdXlScGI1QVdrdldETS1DRDNxRklCd2sxdWo4Y3g4NmpJVnQtYTk3YmNPVGdUN0h0VVN4eHFiSHpPYXZ0R2o0Y1VWZ3N5c2dCcnZoeFk1LVoydzB0bTdoQTRMOW51Z3BiUkhldXJLdlB4UFNhejdxSGtOYU530gGuAUFVX3lxTE9TQVU1dlBibmsxTjVpMGtXUnFOaTltSGZZcWNyZlU2bm5DMGppVktXZXQxd1VDaGhlZHZmOXMzZlV0bTNidmpZQWVyUVNOaENsTm9Fb3hkSzdYQUNJNnNSNmJiTlZzN1dkT2lxX3dsY1pRWDRZMEYtbUMzMzlqUE5OdUpXREZ3WkpESC1QSm1sQTNzNnA5SXFtSXFpMG5SM3hzeW1WdkQwMy15ZlVlQQ?oc=5,NBC Boston,2026-10-08,neutral
MBTA,A new campaign on the T criticized BPS. Then the ads were pulled down. - The Boston Globe,https://news.google.com/rss/articles/CBMigAFBVV95cUxOb0lveWVqVVpYd09sMWkyZV9FUHI5Tld1RmlnaTgtb1JuUmo3LW5xSUk1UV8ySHZTTVVCM0N6WHNYZHNKcXZxYklJZEVGeWdRcl9ISjJjU0RXQ0U1YWNFOElRQ3htZV9ldVRrb2o4OURVRXBVMjA5TjhKNGw2amxxZQ?oc=5,The Boston Globe,2026-10-08,negative
MBTA,Boston commuters facing another week of MBTA Green Line closures - CBS News,https://news.google.com/rss/articles/CBMidkFVX3lxTE81RE5QWlhoeDFGTG1fR3ZMOS03S2ZEc0NzMHhPNU5HdHUybjhyV2RSZ3lhRnRXZFNyN1ZWckc4WkJCZlBzNDdzZ2JGSmVqVzN1NDI1QkMzQlRPWE5rZFZ3VlJSSmprR3dtX20yelJXT1d6ak84Snc?oc=5,CBS News,2026-10-08,neutral
MBTA,"Fare dodging on the T: Data shows few warnings, even fewer fines - MassLive.com",https://news.google.com/rss/articles/CBMizwFBVV95cUxNVEFwVlYyOEZtUi1nUVZqN1Z5ZzdLVHR4Ri1YYy12aUJGbG5WX0NGWFp4bjVvYzUtYWNTMDZtTjJNNnZmSVJaV2FxN21KcmcxNFBvSGNOc0x4bnh2c2JvbUo1YzYwWC1lVXV2SWFHWjdabzlBOEZzRmRRaHlmdVZNMFJmMXZBYWlWc3ZRT3ZGWkNHSFZJcHNRWWNvY0dzVy0ybDM2WmtibHh6a2tDcFNjVE5aVF9TM0F4cG1qZVl1SnloR1ZtbHdNdVNKbmk4dkE?oc=5,MassLive.com,2026-10-08,negative
MBTA,PHOTOS: MBTA's new Green Line trains have officially arrived in Mass. - NBC Boston,https://news.google.com/rss/articles/CBMihgFBVV95cUxOaG5RZ2UxeGJxMXp4OFFINVYzVjAyM1RvR1E5MUViMDlZazE5bEJTaEQ4ZXZjdUk0MS15MFNkNmRScHhaSmN0c3U0WmEyVl9vbEo0d3RWaHFqdUU5SF9uUWF6V3Y2bkZ4dmpHaG1qcjZnR1NYTmlvOUQ0ZEtJdVBibGZKUkUyUdIBjgFBVV95cUxQNUJNY0VMcVlnVjk0Rm5Tc0FJdlI4T0M0VnNJSVdIZGZSeklBSDNKWTcwWk0tNW9VQWpJUVVndFRWNXNyQ0NWZWI5VHpweDZNTFJQSGxwbDJTNlJqelA5Yk5PMU95OHl1c09uWkFHcllRMVZQTTh1bE5qZkF1bE9uYU5TQzZkTXE3M0ZNMnl3?oc=5,NBC Boston,2026-10-08,neutral
MBTA,MBTA Uses Extended Green Line Shutdowns to Fast-Track Upgrades Across System - Boston's ROCK 92.9,https://news.google.com/rss/articles/CBMiswFBVV95cUxPUW5FZ0M4ZlVRVEp5LUN4cVJmQ3FCREtwYm5CMzJvLXVHeXpOM1BYR2toYl81OUJBUVRwQ1BOSjlXeFVTTjVTZ1gzVHdnRUNOeEM3TlZjbzlqRkxCNUtaNTZaRVZadm5rZ2xMTDVuRTR2ZlhJcGpXcGQyMDZuQlZaSVpYVHNUTHJfUXFJSVNuUzl3ZW5tUHR4YXMtWm5lMm5pbW9QR2plRmk0ZDVYRDZNNEZKYw?oc=5,Boston's ROCK 92.9,2026-10-08,neutral
MBTA,MBTA continues to successfully advance Green Line modernization investments - The Somerville Times,https://news.google.com/rss/articles/CBMiX0FVX3lxTE1JZ2N5ekRQbkxWa3hGQXJjYVpfX2dwYkNRdG1rWTZEMzRzVU15LWZQZURLdTN0NEVPcExidm1Oc0lwNFRfSnZYM0FFLTd3N2J4RW9PNkdjUk9BOUdsT1pN?oc=5,The Somerville Times,2026-10-08,positive
MBTA,Local rock band hosts concerts on MBTA trains - Boston.com,https://news.google.com/rss/articles/CBMinAFBVV95cUxPTlZUa1hnQlI4Nk1nT2tfTlh1LVdZaG9pMGVoM3FnOTdILWU3UlhReE9rYWdCczZqZVhkNjVtVTRkODFhVlY0TEM4NHVXZHZIRFpsdTdTQTZvcWJhdVZwdkNseFhSNjhLaVZFRklPUGI5a1RjWGtjWXRiUEZYX181RUpKWXhVYmsxcVRyQUROYVRHTFV0NFN1N3dHZWE?oc=5,Boston.com,2026-10-08,neutral
MBTA,Councilor Ed Flynn accuses Boston Mayor Wu of directing MBTA to take down ads criticizing BPS - Boston Herald,https://news.google.com/rss/articles/CBMizwFBVV95cUxQZGo5U2ZvTjRrUU11ZTlWeVdSTHJvNEFaVURmU0ZVMVIzZGd4WkxFOGZ1MWd5ZGh4S2t2ekt4bnV3cURBMnU5aTdrY29MVUhiSkZybUZiVHJYUTcyRXYza1VWR0tXWGR5bDRsSEJsMlNXVElISjdLd3o2ajdCNXJocmpJc21HNXcwai1VRWZJM2VaQk9uMjBOcmp5WmxPbnh3VHRCcVN6N3ZPbnhZS0UxbnpGcnZ6d3RoeENsS01RbjN2OGN1d1ZBaW9EeXo4b1U?oc=5,Boston Herald,2026-10-08,negative
MBTA,MBTA removes Boston Public Schools advocacy ads less than 48 hours after launch - Boston 25 News,https://news.google.com/rss/articles/CBMi4AFBVV95cUxNMDZWMFBEWmRuMjh5MUYyV0puZW1lZC16WEdsclhSMmVDUkRlZkNmTGlmb0JsUDJLakR3QWlKd2VqU2ZSWW9GcXJicHVUM1AtRkl1bVp5OWNQTXZGZnR5UnJqZ0d5bm04SEFBRXFITnR5dVYtTHEzRDBXS2phZ2hyV3hGdGJtUEh5X29ZaGdPODJ6eU9GaDRnZ1ZubnI2N0xncWdkWE16c1hYNXhQN1JqZnE1NUVKbFJNV0drZm53d1UyaEZqZTN3OHlfdHVwR2xqbDhHMVBraGFJTTY0YzVZbtIB9AFBVV95cUxPUkZnOEEzclBxZWotQ2ozNHZfR1ZUS3A0OW1rVTluTmlMU3dfcmZuanFfRXN3TTEwUmIzWDZaaXR3Q1kwUkxBODVKdFJMYjZud3NBVTFNbVE0ck0zNWNyc0FxSlJmSlhLNnZKYXdXWGFJaGVZWHZUdHNsaWJIR215cHFzTi1RS2NleDhXQjlvNUxxN0pvU3ZfWU1IRWdHdHN5V01tSFIxWXU1UkI4Yi01bnhwemZ0aHJyWWdsMk5waFlkMGczX0RIQkpDNnZEN01tWHZGc0N6aFBuYmc0YkZpYm4wYnN2enpSSGNxSWUwNkZrTUM5?oc=5,Boston 25 News,2026-10-08,neutral
MBTA,MBTA Considers Falcons to Address Pigeon Issues at Transit Stations - Boston's ROCK 92.9,https://news.google.com/rss/articles/CBMipwFBVV95cUxOeEtCMzFlRDVuY0g5VWpCYjdYVHhFRXN6a21Yc3pnc2YzSndudnloWUQwbEd2RUNRSHJydnVONHFCUnRIXzFJZGVmeU52Ukw0WlJXQlRDbU1idWlkSGVSSXBoekctUTh1VUNNWE9BYUpCcGhDbzh3RDVDWUtXdjlqa3V3QmJZWEdFeVgxRDVYajhxSGZfNXNTeVJfVUJPME1yZ1F2bUl2QQ?oc=5,Boston's ROCK 92.9,2026-10-08,neutral
MBTA,MBTA shutting down the core of the Green Line for nine days starting Saturday - Brookline.News,https://news.google.com/rss/articles/CBMiowFBVV95cUxPUnVVQWxVT2JUaHFxTkdmd3hyTzhhZzg0RTV0VEtzWVlVQ2tzU0tKRDBtYmkzSXduYmxkUUVtNFdCOGYySDFFaXhnNEsxWEVvWHRkbFZIdUN5TVhDZjVoanNQYnZKWUhBYllSQi1VOUpYa0xhQXUtMzhLSjF1aWRIelNEcFpxdDl0MFZqR2hQdDd0TGpoVl9xNnZjZWloMWJMaWlJ?oc=5,Brookline.News,2026-10-08,neutral
MBTA,"Man stabbed on MBTA bus may face charges, says he was defending woman: ""He started screaming at her"" - CBS News",https://news.google.com/rss/articles/CBMiekFVX3lxTE1vRnZwclZiYnpkOHplaEhWQVdaWk15TWtWUURDd00za1JHd3RpLUhuNG5XMi1DZXdIR25VX3hHRXVoT1B4UTR0MTNoYUZQeVBSTFFZMU9ZVVpycy1TRHQ3Zm43YzJxTS1mb1Z5SEdMNW5LYXJZQ1IwTjR3?oc=5,CBS News,2026-10-08,negative
MBTA,MBTA Announces Commuter Rail Changes For Fall/Winter - WBZ NewsRadio 1030,https://news.google.com/rss/articles/CBMinwFBVV95cUxQMWNGd0JZeUJ0Z3dSenRtamYwdkUycC1TUFBkR1JMbnBWemFublltNURuUUVQVWpnYmp6Tkswc1JvX3lhNXFiMDY4VTctQ2NvZmViVU94TVlQR1ZMSTN6YXhPSFN0ZHVjZkxKVURnZDcwNVdhcS1TVmQzbmVBMmpnanZucThuRWVMU25OR1RJMlJScndLX01nZkdnaklwYkHSAZ8BQVVfeXFMUDFjRndCWXlCdGd3Unp0bWpmMHZFMnAtU1BQZEdSTG5wVnphbm5ZbTVEblFFUFVqZ2Jqek5LMHNSb195YTVxYjA2OFU3LUNjb2ZlYlVPeE1ZUEdWTEkzemF4T0hTdGR1Y2ZMSlVEZ2Q3MDVXYXEtU1ZkM25lQTJqZ2p2bnE4bkVlTFNuTkdUSTJSUnJ3S19NZ2ZHZ2pJcGJB?oc=5,WBZ NewsRadio 1030,2026-10-08,neutral
MBTA,MBTA Green Line B Branch Service to be Suspended Weekend of Sept 19-20 and September 26 to October 4 - Boston University,https://news.google.com/rss/articles/CBMimgFBVV95cUxPWEJJU3dsaVZIMmtDVHFvdVNDcG1lVlhCYTJUYnFMLWViM0hkR1QxdXBYbEJFbG40Qy13M1lwazRpYkE2a0E5VzJCOEdEUFdZTHl2UGFGUHRjckhUVkphRWd2ZTVUd3M5c3RQQjNZczdEelVncDFGZTR3Rl9hZy1oa2EyZnl1Yk1HUTJHZk1ZcnkzT3IzdmFuRlJ3?oc=5,Boston University,2026-10-08,negative
MBTA,Wild Idea: MBTA Could Enlist Raptors To Help Make Its Stations Less Crappy - Streetsblog Massachusetts,https://news.google.com/rss/articles/CBMipwFBVV95cUxOMHU1Zzk2ZGZHSi1fRmhQTzJYT25WVVMxN3kxRWRXZHpzQ0NGUFlGSFZ1YjdxLVhWV250WFR0aUlzMURnUE54QlYzb1hhRDZjM3RuWUx3ZDB2aHphbVUwOEc3Wi1MLU12cXlRM3RvaHpyd0QyMVY3bDI3eGt0N0k1dmNFVVBLYmtZM011N0NWbXNqMDhjWnhIRDBmNzAzV1ZMdS1WMVV2TQ?oc=5,Streetsblog Massachusetts,2026-10-08,negative
MBTA,Boston police investigating man shot and killed near MBTA station - MassLive.com,https://news.google.com/rss/articles/CBMirwFBVV95cUxQMXBiNi1FVjUydExfaDJISGttTHBvWXdKbEhnbXVPLXA3WmE4NTFwc0RQbGZJcnp6Nlh0TVJUN1c4eWJvTTBEaHA3Z0pya0RuOEZ3YWZ1RzRrejlyMzJpSU93cVV4UUcxeUFES3JXMVpWWlNZWElCd1owZDdIVkJQb3NKVThYVVFDOW5SVVRCRkI5MEI2WE9TTzFhSGlpOWlMeXF0a1pTOFJFcUxUVEdz?oc=5,MassLive.com,2026-10-08,negative
MBTA,MBTA looks into using falcons to clear pigeons from stations - Axios,https://news.google.com/rss/articles/CBMiqgFBVV95cUxNb1VWdHIyNmxXaHRsSjM1RjhwMkxHZk5VNFdEMkdrV19fcGt1blg4ZzB1NnJuVFQ5NExtNlpzWmUzZGgySERCMmJJTF95bGxUWU5Zb2JLRjNsbmthMXNMS0pXdHNHbFBDaXVrZy1kZkswMm53UERwblU3S2ZZMHFSUW1RMndBdzBzbHZ0R1pqVldwNUxla3VwNXNsNXNpMkRDSnNBYkxVb2lkQQ?oc=5,Axios,2026-10-08,positive
MBTA,Blocking the bus lane? The MBTA is about to start using cameras to ticket lane violators - WBUR,https://news.google.com/rss/articles/CBMidEFVX3lxTE96MVZCeDFaX3I4VlplZkIwRmpnTmJ5U3RkZ2Z3YzduLWVBYlNSb2VhSXBIV1hrbjZPaWp4S05aYXJXb005WjdPVEZUdFYzZDkwdW5HNVVNRm5xZHYtSEdpS2dFV0Q5QmZEalVUQ2dnNjVZUVkz?oc=5,WBUR,2026-10-08,negative
MBTA,MBTA Board Meeting Recap: Bus Lane Enforcement Cameras Go Live Next Week - Streetsblog Massachusetts,https://news.google.com/rss/articles/CBMisAFBVV95cUxQeU1oLWJ1bUp1blREZWhFTXpuRkRJaHFpbDFHc3dyWmJDOFJHMDVjeVdpNnV0eEpBTEY3NzFCd01WbEJCWFhlVmZvZVNqU1JBbDRDQlJVX252VDROa3RwZC0zSUYwbVJWZVQxdHlMS21jX1lWMFVQb19YZG9qazNVbGFROHZsUjZGUVJhVW8yRmZCczhkdTZwTnVIazQwNUpGQVFYU2x2S3NwcWxYd19odw?oc=5,Streetsblog Massachusetts,2026-10-08,neutral
MBTA,"As fuel prices rise, the MBTA's doing just fine - WBUR",https://news.google.com/rss/articles/CBMihgFBVV95cUxPTWRSdFNwM1BuR2pLOWJTdDFuclNPb2ppU0JwZkpnc0FRN2VSTWdJbjFFZmw4MEd0emc3VmhHd1lIbDliQ3l5bVBJODI5djBRU0xzTTVpOG1ncmUzVXd1Q3ZjMTh4Qm9oa1QybXFreG1LYXAzZlpqdUxwUTc1R1RGX0pJeEZ5UQ?oc=5,WBUR,2026-10-08,neutral
MBTA,MBTA schedules nine-day Green Line service suspension - WCVB,https://news.google.com/rss/articles/CBMihwFBVV95cUxNamdIU25iUS1HYVhwZHB4RjdXaWhYckIyemk5SXVZbHh1c0pmWUh2TW1aRmNuS1hZMkd3Rk9FbjNjM2NIc1lweTBjRDlUSXJNZTFTc05Cd0V6Vy05WVpmR1p2Nnh6WEVwM2tZc0t4c0gxY1pKWHVYcHlPZ3Z1cFM0bEJPYjc0ems?oc=5,WCVB,2026-10-08,neutral
MBTA,Dracut losing grants over MBTA Communities noncompliance - Lowell Sun,https://news.google.com/rss/articles/CBMimgFBVV95cUxOcnNBWGZwZE16QUJ1RXdXSTJiT09YT3pvYURHVlJXemppZzBpcjdYWkVFaWtDQjJUdEVUY1VKT0NlVElNYVlCNG1MMi1rSkFwMXlIMUdpOWcyQnkzc2hCYWZXNXVMczdHZFVSbGVWZzFGX3RXQllRWl9odnUtNXIzMUhaUkJQYW1KZkVNa2dQdE5zQjdLZkVCOVJB?oc=5,Lowell Sun,2026-10-08,negative
MBTA,MBTA bus stop and bus lane camera enforcement program begins rollout Thursday - Lynn Journal,https://news.google.com/rss/articles/CBMiswFBVV95cUxOTFNBMGtybWUweHpFbkU5dXRDNzJFQ1JNc3N3ak8zQVlmQXdxZ21LdVV0QS16M2pkNUJQWF92Z3pjWnlWMVVaSW45X2o5alpBYlBUTWdIMktTTmZfWmJnTXRRaTJTRjJRNjF4ZVRrMUUxVjdsWGJtd3Ezb0lCLWpVVVY1UGRnTzQzQTA2OFNPeFdOV19zWmt2a21LMEZ1dnNlczYwNVZZdGRJZzgtSjBxbG5Fcw?oc=5,Lynn Journal,2026-10-08,negative
MBTA,How the MBTA is using drones to assist with inspections - NBC Boston,https://news.google.com/rss/articles/CBMiowFBVV95cUxPbFJ6eUE2NWVHSHgtSTRUNUxkcDltOU9OeEJVRm1BNl9UWEk1OXZ2bmRqNmtoX1IzQXFRQVBXakFqZXBrM1NoajBqTjhlYkxxX1U5eU1SbW4xLXdOdFdEeW9mU3JzNm5fNGFyT2stZGpMR2R1aU12NmxZT2IzUnVpT3dBZU4wTFhIcHpydWdSOGVzWkpJdkoxczItTnJscGFSVU1F0gGrAUFVX3lxTE51NkZhcC1NeVFtU09LQzNvMm9Jakdob1pCZzU1Qk00WDd4aHFrdFlDWVJFU1VZZ2F4TE1QUGRTQjRxZjNjd3dYdmpTRjRfa3g0TXJFb3VtQ3ZNQXc0c25kQW9QanBfa3UyejZZZmlEVVlJcC1DbExfdmQ0SmY5dTN5cUZ0ejlLeFlVU2ZhaTBTNjhYSnpyR3hidGFfTzRBTlNoOE5pMWtmc1pXUQ?oc=5,NBC Boston,2026-10-08,neutral
MBTA,"Arlington blocked a Red Line extension decades ago. Now, the town wants to revive the idea - WBUR",https://news.google.com/rss/articles/CBMiiwFBVV95cUxPMEhaTU5LMFU2RDVoMWp0Z2Z5VHlPUXp1Sjh6OFJqa2RqeXlNX1NLNE5VMVQ4dTZPUzFYSHJLN1B1STBnWl9FOElUTkhTSlEyc2FJNUVTY0RmQmNOdEpqSVFNU2tEUnlLV3VnMkpCTThqVHA3RjlWaVhRaS16NHJ6dlNOSlU3YmduZzVF?oc=5,WBUR,2026-10-08,neutral
MBTA,MBTA cameras aimed at bus-lane blockers go live next week. Here’s what to know. - Boston.com,https://news.google.com/rss/articles/CBMixgFBVV95cUxPTHdfTDl0cE9yeHpXQzJvaW5penVKa1JCQ0FXcmk0dUlSbDE3LVZ0NklnLW9UOWViSml4a2haLVIwbjdMZ1hhSkNRbV9iQ3BSVWVfanlzbzdzQzJxZENnRWJfNkJrMlhnMEFPTmRnUlIwSXlkeV95dG1ERGxuYXRpWEhScFg3QU1BZmdaSmI5QzZ3QU44dHlhWjl5TnNYeHVscFNkNk9PQnNoNEU0aGhDRGNIb1V6LXB2a2xKVWFXdW9fOHRsYlE?oc=5,Boston.com,2026-10-08,neutral
MTA,"Subway Gates Deterred Fare Evasion, M.T.A. Says. More Will Be Installed. - The New York Times",https://news.google.com/rss/articles/CBMiekFVX3lxTFBKX3plWEpMbmVwWktQT0RWd3Q0SnFXMHczT2tCRC1wV3kyempHT1BjWl9qXzMwOGhnVHFBam1lOW5qbGJZYWJoX01IRDN6b2FhTk1BWmlDN1NtUmplTGtKSW5QOHRjZzlneWd3QmViV0tmRWhQUVNreW93?oc=5,The New York Times,2026-10-08,neutral
MTA,MTA moves ahead with $1.1B plan to put modern fare gates at 150 subway stations - Gothamist,https://news.google.com/rss/articles/CBMipwFBVV95cUxPQWNoOXVDZmNkY2tzY1dYTlEzR21mRlBSNml2TVZSWFdOanJzc3VabTFYdF8xSDBpcUZjYkphY1VfZ3cyRG90aGxvRXRPeW5QOG56a2VzOU84dUpNWHlkWnkxRS1DczVNRlF1TjBOeGpzVE5RRzNxWUpNVy05NEJYSl9tckdCcVJ0TGRMRm50bzB5Yk8tVndXRmI2bUgzVkYwa0FNd2NjMA?oc=5,Gothamist,2026-10-08,neutral
MTA,"Fare evasion: Hochul, MTA leaders say stations testing modern fare gate models see 35% drop in the costly crime - amNewYork",https://news.google.com/rss/articles/CBMif0FVX3lxTE9WY1pyMUNpZ3dEb3JSVVJKNEVqU3NpdmVkSGZWVDE0SWU0SjF4RjVLeFBfaktJMmlTSzd6TFc2d3NvX3EtWmYzTWFrYlQ0bG1qRTJtQU5PQkFLTXFXU05pV0tVSWI4R3hhQXI2ZEFWQmh0WERPRnlwSFU2RUJTT3c?oc=5,amNewYork,2026-10-08,negative
MTA,MTA says new subway gates are curbing fare evasion: Pilot program expanding to 50 stations - ABC7 Eyewitness News,https://news.google.com/rss/articles/CBMivAFBVV95cUxPdDQ5NUp3aXdvclRDTnd3T3Q0MnlYLTVnWDJoYTJ0X2dyZzhpajRpcFpBc0xtOG0yWFAtVjJ6bC1lakhWQTRvMmRlUzdYemNBN19uSUVYd24zcDBJVHZPU2I0czJkakJBVWNDbnRlWmd1TGJ0V245WnBlT0N3RzhSeGVlcUtkb1JzV2pMMWVHWjVMbXZfYjZhRkdMbzJfY3RZdXRCbDhQd2dxNkhITFB3d2ZMT1ljUHBYYkUySNIBwgFBVV95cUxQQ0VQNWFSN0t5REREQzQxR1YtX1RDaDM2MmJwSFlNOUduX1Viek1URXJrT1ZWN1ZCTzc4bnpocGF2eGZYV19XLS13VE15dGNuMDBsSGVhVVlOVVR4UjV5d1VCX04zSEZJd0xMWUhoWnZIa19BM0VuRThZUzZoRGozdnhSc2NfQXJsWFJQNjdsOC1fdXhHbW1xZU55dldMMUxLTFBwYWZORVIwbk9wWUhRVzlvMWoxcDJqaE16X2JrSHRpUQ?oc=5,ABC7 Eyewitness News,2026-10-08,neutral
MTA,"MTA says new gates deter turnstile jumpers, will add more - Newsday",https://news.google.com/rss/articles/CBMijAFBVV95cUxOMGRRQTBhUnBDOGV2dEhnOVVIN21NZTdQUVJNSEtCVnBSUXMwamVOVG5LTC13OGpMX28yUDJYX1N0ZHlwWWd1SHEzQVp0ZkVJZ0xDWEM1VGUtdGkteEctYlpuR2FXV0ZvdEhFUlhuQlRRcDVpdmV5djB6NVZKdjQ4SDR1azdtVXI3dklXdQ?oc=5,Newsday,2026-10-08,neutral
MTA,"MTA doubles down on new fare gates, plans to expand to 20 more NYC subway stations - New York Post",https://news.google.com/rss/articles/CBMivAFBVV95cUxPZVk1bWdTY3Q2cVZIUExiWGlYOHJFRDJHMXVQaFFBUVBvWndHdjlhaVJ2b0dFb3RZUWo0M05tTnduc280T29GOVpxd1VhSFBOaDRZeldQZmpuRk5qUHR6NDRWLUtTT3pCdjNxZG1hZlEwQzBHa1BNaGNJTHhjaWxnbE4zYXNPZmdfdXdWaUZQOThmNFVYejA1SndKaXFNSUlJZGJseHhVZ3BHa1Rsd0F0cTloMU5pbE5qdlctVA?oc=5,New York Post,2026-10-08,positive
MTA,"New subway fare gates cut evasion by 72% at some stations, MTA says - Spectrum News NY1",https://news.google.com/rss/articles/CBMirwFBVV95cUxQUzJEdzkxWVpsRkFwNXRiN1ZoMHEyUkU4NjJYUVNMbi1FRzZ4SGtxeEJITzZIWjM2WVJaODM4V3dYZTZEbXl4d0pkOTlyRUVjcXVlZDkzeGFMRS02aU51YlNyQk10Z0FPU0tZc0ZxWndKbHpURElmelRkVU1kMV9Tb29PTVdaV1c5WjcydXZXalNfejN5UTF6WS04c2VOWlA0SFNGbWM0ZjlhUlJCVVdV?oc=5,Spectrum News NY1,2026-10-08,negative
MTA,MTA installing more gates in NYC subways aimed at stopping fare evasion - New York Daily News,https://news.google.com/rss/articles/CBMisAFBVV95cUxQN0FwNm9fOVhKSWRtYnBxeC02eEdrT05UUk8xZmpwRDRNTURwR0liN0hRbUJpaG9XZ0tteFk3TEFZT3pUNWpJaUgyNzJJbXQycko1b0RXMHA0SHZvbjM5ZkZaaVpoZkRkdllYR2FpRVB4aGtod1B4dVdiNVNvUUx1a1RwSVh0YVZKNDFfWHhneExMdGYxa0RvVHhfelhtN3A0alpzN1hmSzdYWE9aRUdwSg?oc=5,New York Daily News,2026-10-08,negative
MTA,"Finally: City, MTA to Test-Run Bus-Mounted Cameras On Bike Lane Blockers - Streetsblog New York City",https://news.google.com/rss/articles/CBMitwFBVV95cUxNZWswbkV1N3UtaWVCNFViam50ZzlNWnAxd2FZQnJQZDFQNVhnbWt3c0hsTXpmZWVVb0lVbkRLWGJ2aEswYVVrYW9yZDFNUWl6eXNJT204U2YteTZPTk15ZW1QbWs2MEc4QVZYQmpqS1RURThhR09OUzI5WFVQak5EMWh5MnlRNDVaRThQM1MzSEV5bHRGdnNKc2RKVmluaEhobmtURkZxU0tKYmFia2M0eUhyQ2ptLUE?oc=5,Streetsblog New York City,2026-10-08,neutral
MTA,"Purple Line opening date is ‘dynamic,’ MTA official tells Montgomery County panel - Maryland Matters",https://news.google.com/rss/articles/CBMiugFBVV95cUxQZ2FLbVRvbUtMQWlsREFzTzU2UENjVXZsREtJQ2hFeUNQc3NFN3V0NVJ6QmZ0YjlfaUxWczVQS2V5VDlsMk1wSUxMT1RCcjE2WVRZeE1lTzluajJfUW1XTjJMbFRpZ2RJTlcwazBTeFFtQVo0R0x4WGs0NnBNb0lydGJaZ0hHOVNTN2FiVEFKbmtyOC1sQ2ZSVTFSaWNBUUNSd2hPcklFeV9QZUJmSGRKT1Z2RUNKakZfOXc?oc=5,Maryland Matters,2026-10-08,neutral
MTA,"Governor Hochul Announces New Subway Gate Pilot Reduced Fare Evasion by 35%, Unveils Next 20 Stations to Receive Modern Fare Gates - Governor Kathy Hochul (.gov)",https://news.google.com/rss/articles/CBMivAFBVV95cUxQNTB1c3dmUlFjbG1ELXFXSDQzbWhpdzhjZVBKR0cwWlAtQVByRjZRXzZtN3ZkNmszTzg3emlMSkZHS0xzcC1YVHhhMmFxUUVzS0FreURDemhuZ2VZd2QxejBwNzhScVlhN2ZJNklQTEJlR3l3N01sVzRVdTRJeXhlTXhlTTNwSU9FaXM1M0pZaWFKbFhtYzBOR3J3V2RqZTNoTG9Jbk8zY1FyeEtaUzhEMlNDU1ZRN1NFUklORA?oc=5,Governor Kathy Hochul (.gov),2026-10-08,neutral
MTA,Automatic Camera Enforcement added to 3 MTA bus routes - Brooklyn Eagle,https://news.google.com/rss/articles/CBMid0FVX3lxTE93Z2NpeS02MGlzZG5OcmRSSG8tYXNlQ0tCdjItOFF1d240UXREdGhjdEJBcnFKVVVlcHZQVG9hZG15WWFEUkIzakNpemQ5bEtFcTZWS1lZdkhOTTBDcE0xVWdGOU1UTmxxODlNb3Z3amtTajVobUdj?oc=5,Brooklyn Eagle,2026-10-08,neutral
MTA,The MTA is on the Wrong Track with the Brooklyn Bus Network Redesign - BKReader,https://news.google.com/rss/articles/CBMitgFBVV95cUxORUhwY0VXVGxBelRPQ1NRNS1qbW5PeGc0NTlMS2hZeHV2YmIxYkExczUtX0FBS0xiYkZNaDR6Q0VmUkhaTDBkU1hGV0xReXZjb1F2Wlp6cHAtSWx6X21wcnBZMTlaY2JjQ2VzbkNCT0l1WnNLUXRPZnRsN2NjYlBLcVZfUUFJUjB1UXdrRS1EUWF0ajI0dzdNbXZ5UXpJNklHT3NieDBmUTNkV2tMT3ZWelZ2LTVyQQ?oc=5,BKReader,2026-10-08,negative
MTA,New York City Transit services accounted for nearly 1.9 billion trips in 2025. The MTA is modernizing communications. - Stock Titan,https://news.google.com/rss/articles/CBMiugFBVV95cUxQRE1GdlpMdm5XQ1R4OUhIOGZUajN6WWRkbE5ZQVNlUVY0Vk5tTTBuRDVsaHpEYWxRQmI5N2lkTDRiZENvSjhoWGlacGpVQzk2YmdBd0dONEJfRTloRFIxQ0p6TF9Venh2aWNyRnVPMUwySnBuWHAzOUx0Y2Z6RXhDU3Nwc0x4SUxUQTlWcFlWamdtLTE4ek5DSU5aM2FQYjRGeDctUFBWZ0JVY2NDcE9saHVsUENPZ3NmNEE?oc=5,Stock Titan,2026-10-08,neutral
MTA,The MTA is blocking a new Penn Station - New York Daily News,https://news.google.com/rss/articles/CBMihAFBVV95cUxOUXJEZ0poUkJ6QlNsOGNselBBWWZCWkh2WGVYOGlpY2lJNE5feUExN3JORE81WjlUNEJRcDc1VVFXcmlqclNGRExMMWFTOXBxQWZRbGpHRmtxXzNnMlh0ZnpfNDdLYXd4RTlza2sxcGN2bUJMTFNWWkMtcmlobnZubTZoX0k?oc=5,New York Daily News,2026-10-08,negative
MTA,MTA seeks public input on proposed route changes - WJRT ABC12,https://news.google.com/rss/articles/CBMiywFBVV95cUxNN1FnT1ljakZ5cnZNcnZuLW1DWHFhUENpMjFMUlJqZVFBWVJFdTRGYnJCRXZuZFpxYktUWUlhcEJjcnNOMHlHZU1xZ2p2MW1TNWpiSU54UmpMRjNwUTF5eFd0M0NuZHc0NHB1cVpPSC1BQTBMRFVqVXhQdlp3RXprRE9nbW95Wnk3R0ZZVk5BU3dQUXlJVTVnYTA5MTRxU2puWWN4elhZd05zQnZ4SzVkUkhDeDZBT2F6cjg4bW9TX0dUNDhMb18zOUdRaw?oc=5,WJRT ABC12,2026-10-08,neutral
MTA,"Automated camera enforcement expands to 3 more bus routes in NYC, MTA says - CBS News",https://news.google.com/rss/articles/CBMisgFBVV95cUxNdjE2blA2dGZxVXJ5Q0tzRkx6SENkMWV2VzViZWM3SnhmYVg2TzR4Mlk5OTJvRlpDeHF5RDJqQm53WDJmWllDSUZ6TWdfSzNpYlU3YVYzTlNYcmNlWHM1dm5kLWF6cWcyUHMwMHhPNDR2T2EtOUI1eUtscHMyUlA3NmxjMkVDU2hXRzhYN0ZSOWJ0ZjVNMm5qSFFTaFBtazdUanNiQ082cHF5N0RMMkYxRWZn?oc=5,CBS News,2026-10-08,neutral
MTA,Ribbon expands deployment with MTA in New York - Telecompaper,https://news.google.com/rss/articles/CBMikwFBVV95cUxPOC1hUzZBUVpCQU9jTjdWMHhmVk5sdEhpTWtnUk0tSmdfLWZKNWZsblZVY0RoVnhHT1FfcXJwQnhvNGluTXdoTEMxX2FVUmpoWnNfTC1kbzlySHlYTzNpd1ZfdzBnYktQTDRqMmVxTVZyOGJzUHlrSll6YUZBYWp3VWhTOHZ0V3NnQndldTN1aHVIYkU?oc=5,Telecompaper,2026-10-08,neutral
MTA,MTA will change J and M service in October and November to replace 29-year-old Marcy Avenue switches - Bushwick Daily,https://news.google.com/rss/articles/CBMizAFBVV95cUxOYVpJal9JUzdQTTdKa3VOV2JlS2RrZDJxZ0NfZkZodjZvQjk1SGxoUElPRjRZc0c2ZFdLbi01OFQtaEhBRnZZSjFoNEkxTUxqbHAxQktJSk5JZDFVQ0NVaWIxY1Z6Z21BdHc1cjg0M0ltVDJmNThRemlMQTJsVzBZU2U2c2pETGlsYWtnOGduUVdlOGJTb0ZhcUZ6Nm15UnlhODZBMERHTHFzNDBMcmlMX3BtUmlFZUt3R2hTNHYzMHpYNnQ4WTd5aE9FN0c?oc=5,Bushwick Daily,2026-10-08,neutral
MTA,MTA suspends J & M train service for 5 weekends to replace 29-year-old switches - Secret NYC,https://news.google.com/rss/articles/CBMiowFBVV95cUxOSExMenlCYmo3YkdqT1RrdkdOTGIxUWZOTXlPZjA4QnJESVdZMFk5SXVPal91RlZ4Z2x2bVNPWEU0X1BDQ2FfVzg4cUpzcFJHckNxSGVvcDF1WGhZY1lZZm1jbUFXQmYtMnZpUmFzOE9hM29sQ0NxdUFoQVBkczktMGdtX2RfaUhTX2RFeno4ekl2UTIxeWNQNm9od2x0OElMRUxn?oc=5,Secret NYC,2026-10-08,neutral
MTA,Subway slasher who attacked MTA conductor sentenced to 6 years in New York state prison - ABC7 Eyewitness News,https://news.google.com/rss/articles/CBMiqgFBVV95cUxNTHdWWG1OVS1LXy1ya0lkVFVxaWxYOUU3VE1VOWJCNDg0OU5TV2ZEckZwd2Exa1UxcFlVdnlPcS1vV25UMXB2NTlSMmZRb3dNQnVZOWFsVVR3VFpRT0pCR3dCM0paQ1hVbl8wTjFhZ0pYVnBMT0IxWFJLR0VPVzZFWnJhM09KLWhqdGhWQ3dYcjI4NnRDQy1JT2wtSU1YOFJYa0pjaUEwbS1ZUdIBrwFBVV95cUxOYUdNdVdvMVp3cWNrZ09HQ3ZzWGNlVWY5M3hzWGRQLVpEeWhHTFRxelEwbVBjWFJTU1hIc0Y1VWFVUHZkclBSakJBdWdLWXZNQ0VQeUl2VVZqcEpmZm5PZUczYjNmNjd2cUtIeEVjbDcxbUdPVFgtamVfRWxoSWU1dUxIQlgtcTdRMVE0UkdOZ1hfcHhnSWdfbEtESUZTUXh4eXNDUjduQzVPZXJyVHNB?oc=5,ABC7 Eyewitness News,2026-10-08,negative
MTA,"MTA worker hurt after getting pinned under subway escalator, firefighters say - CBS News",https://news.google.com/rss/articles/CBMitgFBVV95cUxNLVVCYkhDSlpvM09aT2NjS2xUVUFFdEk2cElKdzRqOGVxYjFoQlpPV2pUc2NrVFhWNXhMekVrbE9CR0JfQ0w1UlAybVY2a2hLRlNNV25HZmNfTFhtdkVBNVlUQlhBcjd3UnRWRTRxTG5mQjdFRFBDS2tFejVFaWoxdTl2YVQydGYycGlrenp0YnF5clhGQmJYWnhnRVhmWGd3VnhyZ2w4OENtYjcxWWx5S09sWHVUQQ?oc=5,CBS News,2026-10-08,negative
MTA,MTA delays slow Thursday morning's rush hour to a crawl - Gothamist,https://news.google.com/rss/articles/CBMiiAFBVV95cUxOaU96ek5GQUhCcUdocXdlX3J4Ylg1dGRKZGNSLVNrNnpGc3NzUVlENjJyc1VacndhSFJqTjNTNFpZMVQ3TC1lcG42SnozVGw1dkFBQlR5YU5SZzVVVnBlalBwaDFPQWFNTlk2bW10cVoyai1nUWQxUWVEclJOS19TY0ptcENNX09i?oc=5,Gothamist,2026-10-08,neutral
MTA,(MTA) Volatility Zones as Tactical Triggers - Stock Traders Daily,https://news.google.com/rss/articles/CBMivgFBVV95cUxPa1hVQzlILXlSemxYSW14dkRJeEc2bGo2dGgzT2RScWRkUWJlenE5eUMzTi0zZFVtbTNaWlBRUmU3X0s4a09LYkpYaF84REdUQzZtRFZpaHk5ZzgxZzJpdXg0MEdIcFJCZjZ3M19sYlF6YUxiT0FmdE5iM3RhTkdWOXRnd1hyMFdHYXFvM056V1VSVjRuVF9mZXZOSlVHT1dGQ3BldXF3bmF1T1VtbkViOThRYnFsU1g4MXNDdWhn?oc=5,Stock Traders Daily,2026-10-08,neutral
MTA,"Citing early success against fare evasion, New York MTA to expand use of new subway fare gates - Trains Magazine",https://news.google.com/rss/articles/CBMi3gFBVV95cUxOWTNxZ1FjQWtnbTJfdEtUYWdHcFJoNXhhM0dLdWZZZ1RLYllhbFNxVDJacEtlNkhod1BlV2dxQXFXamVraEFfb0dXenl5VEhNNm1vTF9SLXN1cHNvb3QyckFwRk5pNUYwWUdLZ3hWZEVIWHo2dkF6R3BIZzZxeW91MzBVQTZMZllXejJpUmJuVlh6ZElwM0hBczk4NlV3NnpoYVVBbmtrazJMQmVfUVBNcG5pUTdaRmNRVlZLSmtUUllOUjdWc1Vyb1JjMV9pQUx0OUJxYVlJWEZBNUNaM2c?oc=5,Trains Magazine,2026-10-08,positive
MTA,"Purple Line opening date is ‘dynamic,’ MTA official says - WTOP News",https://news.google.com/rss/articles/CBMisgFBVV95cUxPVVpEQWtLdFhta0pxb2FTdF9mdU1FVURXY1dCQXhuMVN0QUY5UWN2VDl3c2RlcDNTZjAtSFRUZ0UtdFYtTzRTNXEzdWpYSC1zcUh5ZzMyNDVpeUo4eEpsU2V4a0RITDROUzl3NW5odDU1dXBRcENzNFhqRkdManBwaC1YUGxFbmRJNGlPOGt6aHpTMGk1c3UtRE1objhIRWdwUFN2bmwzUEtQaVdZbVNYWmpR?oc=5,WTOP News,2026-10-08,neutral
MTA,East Harlem Businesses Question MTA’s $120K Plan To Keep Amazon Access Open - Harlem World Magazine,https://news.google.com/rss/articles/CBMirwFBVV95cUxQNE9QdDhqcm12SGdSZXhqcW5zeWhBMEhHT0VoZW9XSW0wRkk5Z1Vqd3duYm1nRVdxT2FDQUU1Q3hYNDV4MnhDNWtaWXVqbE9mM0VwdzZCQWlWNDNncl9ydUd6bDJpaWxBRmo4Ty1zOENlNzJYTzJQaVQwSHZTdUMzODRkNDhTaUl4YWFtcEI2X0JaZVRPS0drSm1kS3NRTGZSVlkzNjZMWm1IRENLMHlz?oc=5,Harlem World Magazine,2026-10-08,neutral
MTA,Mentara Therapeutics Launches With Acquisition Of Phase 2-Ready MTA-304 From EuMentis Therapeutics - Pulse 2.0,https://news.google.com/rss/articles/CBMiugFBVV95cUxOUmFTck9md05LZmV3bi1OVG9jQkRsNUJpVTE2QWhlTjVaTmRIYUZ3WTRCOHl0blNISWZpSmsxVXozMThlWWIyNlUzYk0wSS11N09MWXpPX1lIZGY0YkJiTTljcGNzWUJCYm54U25xSUxad1dkRmplaFpOYUhVZGVBbmM5ZjVxSHRZUEhNRG0tUnh6bTRWYUluVDVGZGxUWlBBTEZmVUJLTlRDUGNVOXViZ1Z5Tk1ndlJWOWfSAb8BQVVfeXFMTXA3a1FtYTVKX2tNb1BmcDhDcmJkVVdnTUdpS3VIS1daNEg5M3V5WVp1QVk3QTV6SGpQaHNCR1FRaVNqZG5uVUUtdHhKLVpERWVLYXhMdVEtMnBDZ1dTcXBGZjg0UzVOQkUySzEzRlo1RVVlRkR6UVZsa19XM2k4MmFoM2tQQW1zQ2N4X3F6NDFpUW1zRmJ0Ymt4ZXYyLVZrM1Z0Y1FtbElJYzZXNVlKS3d4YjFfeVI0V1pMcWVNQ1U?oc=5,Pulse 2.0,2026-10-08,neutral
MTA,Rail News - New York Gov. Hochul: Tariffs pose risk to MTA fleet renewal. For Railroad Career Professionals - Progressive Railroading,https://news.google.com/rss/articles/CBMiwgFBVV95cUxNdm53anA0ZmdfcFpoRFFlaG1LUjgtYmFFQVZEbUpVTXVqc3JmY1RTVDI4UlFmUFRINzUxMTd2Ymx1ODItendDOWljSS1OaU1VanpIUkZPMWdVQVpxVFRLeVk4YXRFZE15Zk1ZUl81cnJWUWZVR29kaFE0YlBiNlk3NEhiVlZkR0Z2RnR3aWstUkdXNzBNRzM3NWFtZGlBb0llcDhuMml5cDdyMWxmT3hHQkpURWdtUGFIclJkWmRUencwQQ?oc=5,Progressive Railroading,2026-10-08,negative
MTA,"Penn Station Rebuild Rift Grows: Amtrak’s Byford, MTA’s Lieber Sniping - WestSideSpirit.com",https://news.google.com/rss/articles/CBMitAFBVV95cUxPbDB4NGQtSFVyMG1MNjlTOHM3aGNBcGhXeTd2Y1Z4SjRoWV92OW1GYXktWG1yRHIyLWFSd25CVVNKTzh4N0dGc0U1ellEQ0tlUU5WYnRrSjR3cGZ6Uy03ZFNsMEpXdWdmNzBsQzVydnpvYkk4MHVuYUYtNXMxRGZiTlVTcXNsV3hjUGNjczE2WXFkejNvQXZJaHMyQy1ocnpYaXdZa0RHN2VtNjBRVTZ0THRkTWE?oc=5,WestSideSpirit.com,2026-10-08,neutral
MTA,MTA expects Trump’s tariffs to increase new NYC transit costs by $1 billion - Planetizen,https://news.google.com/rss/articles/CBMitAFBVV95cUxNYWY1bnk1ZmJnSmcwc204VVp1UC1CVVZiLXVmNDBBYlUxZE5teUlETTBFNmtMQjRqUTFsQ2xxMnlNdnVocEdIZHBoOHFpYTFZWWttdEMyamJlNS1XbEdhT3FCYzZTb3JiMEFwMzNocTdaY3NKNE9ENnBwU2k0NFVRdms2NW8zNEtPYW8zemZCZTg0SnZnR0xGUklnNndZVlFyaGJvMDBUc0NIcGFWNWJXUVNvMkM?oc=5,Planetizen,2026-10-08,positive
MTA,New York MTA Warns Federal Tariffs Could Add $1 Billion to Rolling Stock Costs - Metro Magazine,https://news.google.com/rss/articles/CBMiswFBVV95cUxPVjhqN2dBUHcxRENkdGJub25BZE95SGZLd2lBVDlHSzhHT1dRbjFuMlpJbkFQZm01UEt1RXY1YzRzYTJ1TnVxNi1xZWQ5aGVOaEZySk94UlhuQ0NaZEN4VG9OMnFXajFPcWJrUmZTMktNaHp0Y2l0bk9Na2dELTVtTGRTT290d3FYd2U0VkstUVZwMGVsZWNVbVh0NGtMZVg5WG9ZUFFvYjJJMU9IOGFuR1JhNA?oc=5,Metro Magazine,2026-10-08,negative
MTA,Harlem business leaders urge MTA chair to include them in possible Second Avenue Subway westward expansion - amNewYork,https://news.google.com/rss/articles/CBMiiwFBVV95cUxOaG9EY1JkT2lqNEJOZmJvTGxwQ0VRYlF0Wm1XNDhkbWZXRFhCVGhOZFAxci1xaDRQWGpDMHg0Q2NOYjEyeGlfUVNsRXB1ZEl0TWNDQ3ZiZm5hU0lnaG05clIxcDJROEpVRUxib2FIRVZlRHZ2VGJwcW04VWR5WDRsckNKTlBEMHBoVjJj?oc=5,amNewYork,2026-10-08,neutral
MTA,"Flint MTA proposes route changes, new downtown loop - WNEM",https://news.google.com/rss/articles/CBMiiwFBVV95cUxPcEZYeFh0eEtSdVZIZS1kYzZtaFUxZXNzNVk0d0NwMUJHTnM5OWcyQV9LSks1TDVuVjNIM1liUnJnVFpKOW9lVkZsRUVRRWVNSTBQS1dvemZJR21kXzNXQ1h3cE5YODNjTVhPMTBkcVY1N1hsdWJMQmdWYWVkSk5UUTFNd1pWdzE1RkxZ0gGfAUFVX3lxTFBhbGpPMVNZVjBMNURFbkZXRVphVE85ZG44WS1aMHFMQ1g4VmxDZmZ0bUxoWnhILWh3MGljd3NJbnV2RUpQNjJnZFRvZnduTzRWcjl1RlJVZmtJMWxRcnZCQjdkaGRLWUVjclJnVG5uNWs3QVVNblBHOXk3R0NTWk5vSldxZGxxMVNhVllBbXRXOWlNRU9ZWGJILURKYnNTdw?oc=5,WNEM,2026-10-08,neutral
MTA,MTA bus driver released on bond after hit-and-run involving pedestrian - WBAL-TV,https://news.google.com/rss/articles/CBMiiAFBVV95cUxPYllRVk9JRnc4cW1aRVhLRXZKSVo4NDlWaU9jVk1kWnBaU0lHVm1CXzdwb2c5QnpDa3d1V0hNd3BBSVlUR190RWF1aWVlT1VWaFVsc1NGRXlQMmItaWc3R2d2VUVPZFIta3FZb0FpclcxaldSR3NuWThSaDgtdk9Icnc0VW1BOHJv?oc=5,WBAL-TV,2026-10-08,neutral
MTA,new mta cars - CT Mirror,https://news.google.com/rss/articles/CBMiggFBVV95cUxNbnQtRXMzRWNfUjRJdjBzMWtoNGtwRXZHZzdZZmtjZUZPYlFpdmZjSXFNcXY3dC1QeUR0UzhFQmwya2hWZU8yMW1yMU1XSjhESHQ4aWh3OWRwUXQ5ZDRwck9kbExDN2xhVmZMaFEtSDJQUk51SVRsLXBCNDUxMkN5OU13?oc=5,CT Mirror,2026-10-08,neutral
MTA,MTA to bring new fare gates to 20 more subway stations after 35% drop in evasion - 6sqft,https://news.google.com/rss/articles/CBMipAFBVV95cUxOUzhtVUU1aV9STWFZMzc1Y3BMUEpHMFZIeHNLNDZTeERUU2tqQWhqeFdZQUNvNUpQMmloWC1MbmxjQThFUW5oUTVSbnM4MmVNdHd4V3gybW01N2xDb2xCR1hxMnlmdnRuYnBrUDVtU3YzaUd4QWZrX0R2NHJfQ3ZhMWZOdDRDMjkxeHM5SUxSdzd4dDZsQVdWZmxPQmpQZjlhSW40aw?oc=5,6sqft,2026-10-08,negative
MTA,"Stolen car strikes MTA bus, 16 people sent to area hospitals - WBAL-TV",https://news.google.com/rss/articles/CBMiqAFBVV95cUxNd1NfSng4MV9Zd2JCN3Byd0hrZ2gtRUZZMVVoUmJ0emhFMnc2VHUxeVFqSXNvcWg2QzZUb2NJZ0Z4cmxfcGNuMm5KM29MWV9UYW5qbk9zckJqWnZ0bVliNUFSd1FocFRObVUtU3VxSFBXclNRZW9wM0hyYnp5WHBrdkVMS204MUU5OEtpQ2Z1aXZ6REowSzFldVE0YUppeGlIMFI5TjNwclg?oc=5,WBAL-TV,2026-10-08,negative
MTA,MTA plans $120K Amazon access fix as East Harlem businesses ask ‘what about us?’ - New York Post,https://news.google.com/rss/articles/CBMitgFBVV95cUxPdnI5S25rd2lXbVpZNjRna29OTTBsSEJ3dWtrUEhfQUZqOUtkUTA0anRSeERPSlNxdXFTRnFfR1JXeFNmQXUyYWNPb1UwYkQ3LWFOX05ZY1BQTzVBbzhyc083ZFZIby1FX2s0ajFvZlVER3hQODVRSnpjYjduUVUxbWRkbjJHUU9DaUwzNlY3TzJFbjBENTRDOVRsZ2w5d2NER0hjUzlrRE1kcWd1SkJURFE2bVdDUQ?oc=5,New York Post,2026-10-08,neutral
MTA,"MTA offering route changes, including adding a new route - WJRT ABC12",https://news.google.com/rss/articles/CBMi1AFBVV95cUxPdFdDTmNTS3VjM3RuQkN5NXZtc3VuWWZISHVxQkkyZndrMmxnVkhMNDRwUTVxcmdPM280bXJfdnhtWjVGZFB1UXFtX29sMnZzazB5UWVJUkxPRjAydG5lU0hFWU1SV3dFVkM5SmQxT1FDcWxqV0t5NTM4Q3VOSTlLaVFPM3pFbkJtUnpENnV1Yzlab19HUTlUanRxaFBDNzZXR21jVFF1Vm9IdHJ6MUxIdmtuN0Z3MEs5b2VjbWNEZDRGZWZaV1I5akx6dGJLRzZLMFY5YQ?oc=5,WJRT ABC12,2026-10-08,neutral
MTA,MTA proposed route changes - WNEM,https://news.google.com/rss/articles/CBMic0FVX3lxTFAtR3FoYVRXcFpMRjhhbTFzb04wbmJIbkJoamJWY2lSZEcwd2JwSnlDNXJPcldZb1hWZDlSa0MtNGsydUMwS0RvN0Q4WkNLcTV3NWs5dGk3M21iMkRtSFl5Wng0RDN1Sm8tamltOGtraGlQN3c?oc=5,WNEM,2026-10-08,neutral
MTA,"Over 3,000 Maryland bus crashes in five years, federal data shows - WBAL-TV",https://news.google.com/rss/articles/CBMiiwFBVV95cUxQRWlWaEliU1MyYnRRbFc2aWJ4Skk2eXplWGEyVW5vUXl2QXJ4WEhzc094RTZOTGhVb0pNRFMxQUppYlA5THZ2cER0aktYamYxWFJyZWdYV0tXbWNsbXZfVXE0ekdnQWtoV0F4bVVFbC04dWh4LTZmTzZfVUZQWjdpYXpNc3JyeUsyaTlz?oc=5,WBAL-TV,2026-10-08,neutral
MTA,"Purple Line opening date is ‘dynamic,’ MTA official says - Bethesda Magazine",https://news.google.com/rss/articles/CBMiiAFBVV95cUxNWXF2bXNMc0NKX0hnc1JiZm1JQUdld0NMZE90SDVXRURiT3pVZGtWNHNmdm5ocmRlVDNJeDZzRVF0TGIxSVlpTUZWcjg2ZXBzSDdyS3J0ZEw0cVVIRFNFNTc4S0JpWk9qRXIzVlQwaUZ2VjJDNlFzc0ZQUWFycnpaQ2hIVWFSWVEy?oc=5,Bethesda Magazine,2026-10-08,neutral
MTA,"'Skip the traffic': MTA gives Marylanders free bus, light rail, Metro and MARC rides Tuesday - WBAL-TV",https://news.google.com/rss/articles/CBMivgFBVV95cUxQQWEzX1dtbmtrYmU4b0JxOTdJeVFNbWptNndXRUlBNFhYNXktWjJ5aVowZVM2d3NsMklRQ1dBQWVSUTI3dUFrdEVSclgzQjNjbmRCY3Z6NjdESDRhcjZuTVZRS0xiTnJGbXpOUnd3dzJkd1pQdXY0VGlieGpRODFjaGZwbEhDVjF5V1EtdDVHZ25PeGJfVVI0WkpmampxYmtFdldheGY3UEpybUVYbXhKSlFfMUFhbXhrX1c2ZHdn?oc=5,WBAL-TV,2026-10-08,positive
MTA,Mta Subway Gate Pilot Program Reduced Fare Evasion By 35 At All Installed Locations - News12 | Westchester,https://news.google.com/rss/articles/CBMitAFBVV95cUxNVThHYXVobTdleVZ4OXJlSl9mbXBXVDYzdWItLTRsb0NINjEwb1g5bDgwRmtxVjY2SXFGLU9kN0gwRlVTYWItemFzU09WNXVVU1QzcUV5RDZNUlBGSnlhc0xuVHdSdWZhTk5xZ2xjQXZnVURuWFdpcUsxUW9XTWtNX3F5SEZoNnA0aGpZWEQ2Tk95NndTQkdMVmQzNjNjTVZ6cEZCUjM4cWs2Ujgtdjgyd0VPMUo?oc=5,News12 | Westchester,2026-10-08,neutral
MTA,South Bronx: MTA Completes Station Rehabilitation At 138 St-Grand Concourse 45 Station - Harlem World Magazine,https://news.google.com/rss/articles/CBMirwFBVV95cUxQVmF0NGtsLTBMZGpoZGpTbXM2QjA5VWJuTmlKSEF4b3MySWNuMnU0T2Q2azl2VW9CZUpfWjFjVWdIZFNUQnJ2Z0hfNDI4VmJ0YVBTUUJnaVVsRzFWdFJmcC1CNUIzQjNnVldSSzVPbmZ2VmY5OWgzMERlUjF1R0tyZEVxd0ZZTm80LWNqRGpwbHAwbmVieTNmNERRTWpKbDJhbkRITzR4UjZodktWZUlB?oc=5,Harlem World Magazine,2026-10-08,neutral
MTA,NYC subway dragging death reveals a hidden danger that puts every rider at risk - New York Post,https://news.google.com/rss/articles/CBMiugFBVV95cUxNV2pQM29NTE4yYWJNSl92SGdhMGRTZHFRdm9FZldnNWt5QjlJVWN3YXY4cThFSEhrSmVBWk9DX2FnbUZYUlZDeVRaZFVKVmRlNUFEc2dHbE9tUzl4RktURDg0SDQtYUlPVnJkVTkzbjRVVE9sOVZ3eHZXdDdvUHpnU1J4NU5LWWtBZXcyTU03OUREOXVzNGhLQmRBcEVFZy1hZHd4Ni1Xa2w3cVNJRXJwd2tWOVZ4bjdoRFE?oc=5,New York Post,2026-10-08,negative
MTA,MTA bus driver arrested after hit-and-run crash left pedestrian injured - WBAL-TV,https://news.google.com/rss/articles/CBMikgFBVV95cUxPTDNvR0RJOEd1LXVXQ1R2UWNvNDVlNWV4aENFNzRiZzRKdkVLZUl3NnpGRkVuMnhpZWkyVE1DNEhYMHVRQjFrb1JlLXlrVE5KLWk2cFUtM1NZbFVyYzlOUHBoNzdJYmNCV2REV3RfYUhyQVZJdXI3WGRNSXBxbi16Z1ZoYTBSblRHcW9SYTU3cWxVUQ?oc=5,WBAL-TV,2026-10-08,negative
MTA,More OMNY discount options being eyed by MTA - Spectrum News NY1,https://news.google.com/rss/articles/CBMivwFBVV95cUxOSURMSjRIN3NON3lYdVJXelVJTkUyYjNxRVpxa3c1RUdJTnlTdTBNcW1CelhEOHBDZnZuekQxcTB3N1BJZVBfNXhmaTh5Zkx5VmVwM1BVMVg1YW9KWXVDeWhKSjNnd2QzN2dPcjZ2cEE5SkVybkR6a3BQSUxJUEhTUXFXcV9vdnRPbjBmSG1oOGVCczhCUnprY1Y5aDkyWFVMdVVNdkROWFlOQjBqaU1DVWVOaG1sbTJCUm5NelMxUQ?oc=5,Spectrum News NY1,2026-10-08,neutral
MTA,16 passengers injured in crash involving MTA bus and stolen vehicle in East Baltimore - CBS News,https://news.google.com/rss/articles/CBMid0FVX3lxTE1xR2NDd0k5dGNTT1VnNkZxRVZscHJLTmxTTUhwYmY0THRmb2hzSWJuckRSSGtsU3lrSWZjaFhlTV8wQzNWcDRYa2hpaWl0U3MtRDA0LXZzS0xGY0tCaDhNZlhHWWFMUFhQV3VDTE1EbXU1M3M1UjE0?oc=5,CBS News,2026-10-08,negative
Massachusetts Bay Transportation Authority,Trump likes to build things — just not public transit - WBUR,https://news.google.com/rss/articles/CBMiqgFBVV95cUxNWi1zOWljY0ltbnZVR01NQXZsMjRGVE1uRXhaTjR6OHh3NG1sZ0V4SmVCd1pwNW1WQl9MN25HLXkxb3NGQlRZakI0Z2JBOVJiUUxqUkJhcUUyMmxYRklnNFpoV1A2WXd3OGozV3FhTnc4cTBmSVZTR0tVQ05BZjRiaUJGMy1VT25sQ2NlTmltdTZBSDRBZVB0amZBUzVRMkJjMm1vX3NYSDFyUQ?oc=5,WBUR,2026-10-08,positive
Massachusetts Bay Transportation Authority,"The MBTA has reached a major safety milestone, with the Federal Transit Administration (FTA) officially ending its review of how Massachusetts oversees the transit agency’s safety operations. - Facebook",https://news.google.com/rss/articles/CBMi2gFBVV95cUxOb1NaSDhmRnVTRmRjNHNGajh4bjBhOTlEVXNBTTVOUkxmMUdCbHRMZzBweU1xeU9kaWNtU19lZ19wRXFkT0dlNHN5eTIwY2VJQlpRN19iTXgwQjN2VmNSS3dCYVNNeUtBMFVDREthdzdZZjZnQ2NKTkN4SDhZR2NIRFdyVzdnSUVFdzdfdUJhS0ZGUDVkdmlyVHNrNWE5VVFjcTZUbnhXZDU4U2ttZDNVLVJHTWNPX0RIQVVycFNFVUd3MGhFcWhDUFUtNDdzMTlVaXBxQXhfMXVjdw?oc=5,Facebook,2026-10-08,positive
Massachusetts Bay Transportation Authority,Massachusetts transit authority to sell bonds backed by sales tax - Bond Buyer,https://news.google.com/rss/articles/CBMinAFBVV95cUxNT2JhZ3A1ejl3dHFQTm1uLTJaNk0tR3RxU25Ic3lydnNjd1ZRM1lEejB5Q0hsSmo5b2ZUVVlUWWVHaHNJMElMT0o1WWxKVXBlTXpqRl9LOFM3eHV5M21jcmFKREd4dXp0endfMGtGQlVhblA5VldWeEZCLU1BbUVyeU5wR2ZoLWkyQnhsQWFrZW9QeUhmYWNpM3dMQ00?oc=5,Bond Buyer,2026-10-08,neutral
Massachusetts Bay Transportation Authority,Massachusetts DOT approves funding for new MBTA locomotives - Trains Magazine,https://news.google.com/rss/articles/CBMirwFBVV95cUxNNVc0QUJ4cEZEUzRkWmhRZmxnSEtHMHlKT0pJS2I3MmZla25uMXlDY0ZVSDZGYzlwNkozVzI3djhTeWw2R2RvNEpNTWFIbjN5SERKazIwLW1yZGdzcE0yTTF4c1gyVWc0WW1XQmVLX3Ixc2xlenprVll4TXNPZFE4NFdmSW9mVHJsZjJtNjlQM3B4LUJ6eGdrVGd5dVU3Q1dISXVFRU1OQXJuTjRoNy1V?oc=5,Trains Magazine,2026-10-08,positive
Massachusetts Bay Transportation Authority,From Rebuilding to Delivering: The New Way of Doing Business at the MBTA - Passenger Transport,https://news.google.com/rss/articles/CBMiqwFBVV95cUxPdDF1NTdEem01WXV6clNyM0RKUm1HREpWU05wNHlpazZ6OVFGZWFYRVhYcjI5Z18ybmp6MzAyc3FkNEhKOTdOZjFuQnVEWm1XSDVUVDItNEduWUNPTVVmaFowclhLVXFaMmZzTDNlbXhzTFdray1YSHlGQWJmcjFkeHZORTVpR1VpbTBYOVRiVXlIb2VUZDJneTFYMl9HdVMtbUs1NmtHVDhVUGc?oc=5,Passenger Transport,2026-10-08,neutral
Massachusetts Bay Transportation Authority,MBTA launches new Harbor Loop Ferry service - Mass Transit,https://news.google.com/rss/articles/CBMi_wFBVV95cUxOVjRTUmIwTFdaT1ZGQ05vc0lsOU9nZFM0RE9SMXduTEpHcE8wOEM5SVJfOXZ5dnk5eTBpVUVfbS16SHpOSGR2NFVSb0hqWGlpcThya0dXdjNjZmRrZ2dtSEhCeXN3SHFwYWFNWXNTLXBzM0Q4Vnk0TFlQV3dFNlZ2dlN3RS01RENpSWlSQmdic19tZEVVN3BhTGJwQjB6c2tBWWd3R2VPU1FEUmJXLUoxMTRIMWtSZ3ROV2ZValFpN0xzMjYzNHZYWFFIalVJV0tFZlZ5cUpsTlJHNlNicjR0MEYxekd5WHJrRklfc2ZkTm5NdVRiX0tEb2NkT2d0dzA?oc=5,Mass Transit,2026-10-08,neutral
Massachusetts Bay Transportation Authority,New MBTA pilot programs begin Tuesday. Here’s everything riders need to know - Boston 25 News,https://news.google.com/rss/articles/CBMi1gFBVV95cUxPYTQtNUtxRXhpRjE5VWtndU9DZkIxRy0xS3loc0JXUUZFZWpQVmNraTFLam80UHllS2pJYmNXTUVnNkxmUmNNZFlnZnJGeUJ1TWhYWnFQMERqMDR6OUtWQms1S1F3LXpFOWVtMUppa0ZTMDdJRkxSdmdjcE9uNXZCdDEtb3lPaG1aUGcwbDNwdFZNY3l4R081VzBaelBtWHRNZWMxNk8xWUQ0V2FUSzJqeUptOG5RN2RsVzZ0eG9YWVlxVUQ4NmlKZFFjQlFJZm1Vb3diT0FR0gHqAUFVX3lxTE1XYTJmZ0xvTU1lZFRETnlYb29DZXA1NFlLT2pPRmFyMG1fcTZDZ2JBOHYxTzRwUk1aSEZBNElXNEFESWtUZ2pxYUI1VjBHWjF3TXZOTk5TZjNqVkRPOUFmbVdaSlVIemt6eEE0OTYwaGw4REoxeVBETGJVWWF0ZEVNajR5NkNYcktfdDlnQjJ5M2dDMDVlUkFDWXpMT19BaFNfYlVkeUZCREc2UklUYkQ5TkhBZlFNbDd1OHlldm9XRjJGb1llcWhTbHRzZW5XZmU0U19kYkVCUzY3dUlZekQxWnh0YkthUmxadw?oc=5,Boston 25 News,2026-10-08,neutral
Massachusetts Bay Transportation Authority,$530M from state millionaire tax will go to Boston-area transit agency - Smart Cities Dive,https://news.google.com/rss/articles/CBMijwFBVV95cUxPLVU5TmpsY0RxRTRSNXJkQjN3eU9BelRlVlVsdk56cjdVMFdkYjlGNy01MGdfUmcwd0NaQXZhNDRDaC11N2lWWFduWVJMVkpqcUpCTUloN1RFMGYxekpnbVFMVmVIQ3BCbzRHYzV6b2J5bVZHZGtrNlM5bnNaQkFWeUhkMkV4Qkp4Mm5RMXFYcw?oc=5,Smart Cities Dive,2026-10-08,positive
Massachusetts Bay Transportation Authority,MBTA Board Approves $10.3 Billion Capital Plan Through 2031 - Metro Magazine,https://news.google.com/rss/articles/CBMimAFBVV95cUxQa3duWTMxN2NYOG5FRmxObDBxVTVoTjRIR2xVUFpzNDEzS0pEOHI1QWU2WGwtaTBwV2dHSVBTVEt6aHhxdThWVm83SnlQM2ppUG50dTZVYmg4WnpWWmtDT1MtX0hmVWFvQXNKY3ljUlRQVnhVLU5yZk82ZFJManZKTWVxdS04UHBUMkppODNuZ1NwNVpSR0xEYw?oc=5,Metro Magazine,2026-10-08,positive
Massachusetts Bay Transportation Authority,"Transit Briefs: MBTA, Brightline - Railway Age",https://news.google.com/rss/articles/CBMid0FVX3lxTE8xa1JGU0tVeFRlT21DTS10WHZhOVlSd2IwQ2ZHdnM3ZVhNMk1mLXMzV2tFZ3U3UTdtN0xJQzZkNjI1bjJrYVhqY1JGMmpudlE1VnhLM2FGTWo5X2lJSjRiMUVjRXVmbHZZclJBcWFXdWplTjBYRzRR?oc=5,Railway Age,2026-10-08,neutral
Massachusetts Bay Transportation Authority,Massachusetts Bay Transportation Authority train collides with Bristol County delivery driver - Fall River Reporter,https://news.google.com/rss/articles/CBMiwgFBVV95cUxQSHdBbWhzeFBQaVloNjRBTTJzZHd6RUMyYlMwNk1fX2hLUV9WNU9pcm5wekFabE9QMjhvYmlibmRSQm1QTVN0QnFUMWZ4WklaSWpmbGIzSkJCN0hjdWVOSTE4TllqYTlDQmhqSjBZSnVURWc5dlFtTmotVWRMQ3RydEFpOFVBOUdKZ2xuUzJnVlV6d3J2blQ0YkR2QjNMUUx0R1ZVUmpXXzVPcjA1SnlfNWxsRjFzempkUXc5eENuVjJodw?oc=5,Fall River Reporter,2026-10-08,negative
Massachusetts Bay Transportation Authority,"KBRA Assigns AAA Rating to Massachusetts Bay Transportation Authority Senior Sales Tax Bonds, 2026 Series A; Affirms Related Ratings - Business Wire",https://news.google.com/rss/articles/CBMilgJBVV95cUxNQUhVb3l5dVhQdVNaeUxkdUVncUR4Zml0QzlubEZUN3pTU1JkNVJublc3dUkxRW4xM1kxb0RCX1FteU54N0VRNWx1NHc0aHdhUnpMM2xXYzQ3aUFGTGpzWkQ4ZFMzWkpneU04Z0ZvUVowSWVIYmRGeTI4T0JzLVFOQS1zaDY2WnY0VFdoNENvOS1KOU96SUY4TmNPdXhoTlZiTUhvSDV4c0l2Z3QtSnhVZHNMcWdzM0tMYTFSRnB4WWhJODJwVktPM2kzRHpQa0RoSmd4bkJDRUFzWEZlV0gwQm1XaHJnMlh2Rkp4REJPcHBYeGtJcklWZ1VfWFNMU0ZyME1GcWlDcmdFYXcwazdZTWVBMTdIQQ?oc=5,Business Wire,2026-10-08,neutral
Massachusetts Bay Transportation Authority,Three shortlisted for Boston commuter train operating contact - Railway Gazette International,https://news.google.com/rss/articles/CBMirwFBVV95cUxNNXVOcHpxY2ZaZURVSGF3dGc2NW1qbXBKOFM2M19CUWNYLVB4cGNsUnNxMWJKNUpqVjJhcU9vT3pnaHFtaWVRd1JMcHI3WEI0UGpWenhKcGRxbGtuWG9TdDRKMmlfSWZXa1E1bTdlNXRYaXp1dFM2SUlhRm9Sa0pRRmFGaE04eFJxMm5VQmpZcDROd05PbG9DaTlMcDBYSlp2aHlVZE5rOGRpbUd3cWRJ?oc=5,Railway Gazette International,2026-10-08,neutral
Massachusetts Bay Transportation Authority,Boston extends successful fare-free bus pilot - Planetizen,https://news.google.com/rss/articles/CBMilwFBVV95cUxOYXFRREltb3M3bGhQbVpCd0NxYnRxazE3UnN2LVl2bHdxWi1Ib0hFNC12blNOQjdpaTNlRkdScWxVY0I2amZXV1RYTFVUTDhlNE5maEwtX2ttTTVCQUJteDB4UjkzZmpCTnRlSEdFdW1nLVlOel9pZnU3d25ZcVdQcDRiZHI5T0ZzS3FidEhUcFJrZ05sQW5B?oc=5,Planetizen,2026-10-08,positive
Massachusetts Bay Transportation Authority,MBTA receives additional $530 million in state funding - Trains Magazine,https://news.google.com/rss/articles/CBMilgFBVV95cUxONnZyMDMwNWRKYjJGZkg5RGVnOERyRW1oM2hfRDZlWmlYUHh5VHBzVGxXSjE4TmNvbjBsd1hHMDFnLTk0NTdzUWhmQ1RiQ2lJc3h5QTZHVjZ1M2tVcVdwWUhXeWc1bUpSVjlvNEd5NDFVN2JlQkpJZHQ1X1BRNFhGd1FjWXZYWUU3MnF1Z2RsU3BIMjVaSUE?oc=5,Trains Magazine,2026-10-08,neutral
Massachusetts Bay Transportation Authority,MBTA issues RFP for new battery-electric and Tier 4 low-emission diesel locomotives - Mass Transit,https://news.google.com/rss/articles/CBMimgJBVV95cUxOU19sR3ZwUWVxY2EyTW1hV1FYaXpEM0xXUU5uZkQ3V2F4emxHUm1ZZzA2OXRtRDdDVGswOWlaS243eFJpNVNWU1VQRlUxOWE5VUpqeWFpOFVoeE9nZ2VPZkIyVEFPX3NNc1lZdHlGTUZaY2h3ZWdNSDFMSGlNcE9MV0lZY0VFVE5nMUU1dUZaOC1SVnZwVHFoelFWdGl5aFE2dzJQUFhqLVBxVGMyWktJMDRLWHBHVERUY3ZSUHRqSTYzMkQyajlVNWZQRGdBQUVzNEJ1U2tieV9uVUI4TkJQYUVya19hLXN4Z1hlWEdwdGJUQXNva3NlYkpvNzdxR185aXJQcGg1ZEpJU3gzRXlsYXFpQ0t4SmVuSGc?oc=5,Mass Transit,2026-10-08,neutral
Massachusetts Bay Transportation Authority,MBTA Wraps Up 2025 with Strong Improvements Across the System - Metro Magazine,https://news.google.com/rss/articles/CBMingFBVV95cUxPNWM4Z282YzZSWFE4SzcyNUJFcDU2S0JPdVdkMm1CbWp4WGlRMlNkOFV5bjl2SU9tbDdMLXljR19nLUxZV1hlWUhJWE9GQ29QSlJoRndtYWZVWndKUXVvQzU5cWVqYlZrdGkzcHRacHdUTUtySHY4M3lQbXI2X3Q0QWUxVmJENEhIX21nMXpkNDRVaGplS0ZHT2plQzRKQQ?oc=5,Metro Magazine,2026-10-08,positive
Massachusetts Bay Transportation Authority,MBTA’s proposed FY 27-31 Capital Investment Plan to fund remaining cost for redesigned Arborway Bus Maintenance Facility - Mass Transit,https://news.google.com/rss/articles/CBMi1AJBVV95cUxQd2diQ2xjbS10NHQyTTF0d3RRS0dkaWNoYjlHR1ViWFg2dXhFaWxmRml2NzM4VktpYmFLQzhYR3UtdTdmUkxubGg3aGxqX0hDX3FFUHQ1QWFrLVJJTmVpUXlUTi01ZGRkc2ZOaDhXNGM0RG5wYjc2YnkwTTI2c05jMjZuX2JFOVd1NE5Bdk13aHZOUXF3X0M2aWNEb3U2Vzh0UTRtRkxOa2J2aXFQZnoybjBPOTFvWFRReWYwc0tuSTd2Q2J6ZVJhMlRFLWp3RXozQTZkdDRPTkxFS2dLUzdzN0tMcm02d0l4MHB4N3UyNkU2aVhzRlNkc3dUVUJORHhreTBsSnA0QXpzM0VBaVRYZy1aYXVFcG9GS2JIaERsTHJmdjVHb1RnZFpUQWFlemh5eW52YURKYlBmWEc2TW1ET29BTWJVMURZMkxVLTRjcmlmTERp?oc=5,Mass Transit,2026-10-08,neutral
Massachusetts Bay Transportation Authority,News photo: MBTA’s America 250 unit in operation - Trains Magazine,https://news.google.com/rss/articles/CBMipAFBVV95cUxNMUxKQTBfUTAtVTcxaWxzMnNvcVNlNlBqME9KTzJfZXNqZkItRHZ6WDFJVGhDb1dZQ01DdjUwdVBqa1YxNHJkWnc0bThYSUQtZ1h3Y0JLZUJuQ3FKRkJIazhQTlFtNnNnQ1hQUDdHVkMxNkJzYkVVUWUxOC1DMzV3TDdXcjNvZmFtZlZnekMzYnFJZWVwMEZmMk5OenVGQlNIcGVXYw?oc=5,Trains Magazine,2026-10-08,neutral
Massachusetts Bay Transportation Authority,MBTA sets price for special World Cup trains at $80 - Trains Magazine,https://news.google.com/rss/articles/CBMiqgFBVV95cUxNNGpJczdrMkIyZW9ZNVFlcFgzanB6aXZGVDg3RHJRZ3NDYnNBRDJxb0VQa3JYODZ2bU9MdFBzZi0zenRXdFdpS1NVNjAxaVBzUmxrdzgtUVhSWGZnUEdfOUZkYlJrSU5keGVpVXhnVVJUV1A1OGhnVGRkUGkzd1ItXzMxaXB2U3dPWDNFdVowazF1U1FIOFBCZl81NU9RTno0UWh4SXI0VWREUQ?oc=5,Trains Magazine,2026-10-08,positive
Massachusetts Bay Transportation Authority,MBTA Updates Rail Modernization Plan to Expand Reliability and Accessibility - Metro Magazine,https://news.google.com/rss/articles/CBMisgFBVV95cUxPaWZNaVI5OXFHZXo2X01uSWdhVFB4YV84TVhGcEZFVTN0Vm1sa1c5UWhOZkl4Z3dUSk9zd0k0LXhJSHZBcElWTnd2ajd0WTdPMFhNN2JSa3liT3pwX0NkUkhtMHVKdmF6ZWxSMHp1T3NkNF9DcV9oOVA1Uk9ybzJqLXUtcFNqU1RfQW1feGo0aGhwengzUjN0eVA2SlhNY2V5dm1aU0ZOMU43OWNIU0I5cUR3?oc=5,Metro Magazine,2026-10-08,positive
Massachusetts Bay Transportation Authority,MBTA threatens to use eminent domain to pedestrianize Boston streets during World Cup - Planetizen,https://news.google.com/rss/articles/CBMixAFBVV95cUxPRk1oWEQyWkgwOHJIVWc3YmxkbzN6bG4teEx2aHllQkNjbkQtRTA5LWphekRTRDlhUmtLS0Z1ZXI5dnJzejVCc3FUYTBLNTlfc1g1VFRXajZDODJmYnZSd281U0NkT1hJNERZcXYwMFVoYVZjN2Jhc1pCNnRVWkpfVmMzLVpXbU9VYzNMNnp6WHNQWjFFX0xaWUduQkJ4alRCelNBanFkTE5XX3Y0Vm9yRnhLTm9vV3ZXNVJFXzBxckV1TUFv?oc=5,Planetizen,2026-10-08,negative
Massachusetts Bay Transportation Authority,MBTA announces summer fare savings programs for commuter rail riders - Trains Magazine,https://news.google.com/rss/articles/CBMiwgFBVV95cUxORkd2R0tnb19MWlkzcFFGZmtROW83SUV3T3Z4UjhwSXI2dmREVXQwU2NXeU5EM2NNNFBqYW9GSmFrM2Y1TkhxcDN0R00yMFF6SWVycy1iSXM5Yk9wWDREWUM1WlBuSGJmX1JnWkxLZlJVX1ZVWlFNamhpWm9CdmpFbUNoRG9LWXJfQlpkd2h0ejkxTGRRYWZUV2w0ZlRGU0tZU0ZXWnI3R0JSMl9Zdy15MWdoT1NnaEk0ZzVrNGdfMXVydw?oc=5,Trains Magazine,2026-10-08,neutral
Massachusetts Bay Transportation Authority,Authorities investigating after pedestrian killed by Massachusetts Bay Transportation Authority train - Fall River Reporter,https://news.google.com/rss/articles/CBMizAFBVV95cUxNNTlKTTY5T0xocWRrYURtMXA5QkhTMmVUa3IwbVZwRTdpNF8wQVBoejdQaHlRNDBpS2MtaFprYkdyeFdCd1ZTbExKTFF5YXJEUUpTMWdRQWhVakRuLWtJLVZ0VWVQcl85NS1XeXVadnlhRGlaY0JVQUd4QlA1c0dQU1I1NzZZZUZWbTc3RERmYlRDVF84SWh0cG80dG5kU1FYVWRMTW5BaG9saGhWVUczWGNaSWVyUUhvWHdZaTZ3LWtac3VGZzJmUzBnRno?oc=5,Fall River Reporter,2026-10-08,negative
Massachusetts Bay Transportation Authority,Boston Charging $80 for World Cup Train As Fan Fest May Shrink - Front Office Sports,https://news.google.com/rss/articles/CBMickFVX3lxTFBZbWFZYzNsMVkzM1hCZkpXZTliclE3cFNFYmloVmFBTTVBQzBCNVdZVHJueXljUGZMRjU4MWdFd2Uyam11V0U0NTZBeGNNVHk3YUVBLWR4bnZ1UmVJT1hTS1NJNjBqYmNCUHhFQjBBUFVFUQ?oc=5,Front Office Sports,2026-10-08,positive
Massachusetts Bay Transportation Authority,MassDOT completes Maffa Way/Mystic Avenue Bridge superstructure replacements project nine months ahead of schedule - Mass Transit,https://news.google.com/rss/articles/CBMizwJBVV95cUxQWi14NTZ0cjZfalpUekxvT01VRlliVG5xVU12MndsMGxxVjZuSXN0cUFGemt4bGx0bWc4enlRdXVCN2xYamNtMktxR0FZU2FpcVRlOGxmSDdZRTZ6X2JVeHNqWjZYVWFzQnF3d3dJbU5xQlhPb1VBdGpUeElDdUVLLUp3bjkwdlNYQ3IyNjY0U2VGa2lRN1M3ZEYtZkxCeGx1dWQ3LUVIQldrWHc5UmRLTHJXZ3hrXy1fRVV3ZkQxYVBDZlVCcEhYQndrWmVtOEhaTE04NUdyTlZuRFljcHREd0Y0YWw2clV5LVh3RmZoNW5UN3NoR0NNSFdReW9VZ0JoQUFDMEcybWdpMHBBV1FVUldsOWFGUGQ2QlhwdHhkenFqSVdZRnJlNVk0UllFWVdxX0tjUXYxTmpFdlU0VmV6UGhmNFNSeXdKSUVsYUFsTQ?oc=5,Mass Transit,2026-10-08,neutral
Massachusetts Bay Transportation Authority,Teen dies trying to rescue companion after fall at Massachusetts Bay Transportation Authority train station - Fall River Reporter,https://news.google.com/rss/articles/CBMi1AFBVV95cUxPRFlIX0dwUDhZR2hENXBKZ3EyVWZQMWhIdldWUXY0OVowM3Zvc3JJaHNlTFcwdnkwbFlMUUE0dV9nR1NnRk5EQ1dnR2E5S0JXWDgxNktVLTdKVkJYYkt2bWdPTTNyREVKMTB4VmlhaXFIMUZfQ0xhNEo3cC1GUm9YdkpqLXlnejhyZllPb28zejFaaGp0QlRsaTY0ZWdmRkxsNmdFSFgzM2Q5eGVyR2pLWG10YzlHY1ozVTA3NGJ4UExGdUlxYWFmMmdtWTlYSW5RWEtsTw?oc=5,Fall River Reporter,2026-10-08,positive
Massachusetts Bay Transportation Authority,7 MBTA Workers Charged In Red Line Track Inspection Fraud - Patch,https://news.google.com/rss/articles/CBMinAFBVV95cUxNS05LQUo5Y2pFeEVKRTZNUWplemZrUE9DbnVLT3lna3FraUdsVzRxMTZmOERGLWZ0NlhkLUhhZUVDZzlpRzhvRThwaGhSdHlhbzZFME5ZckZaaHZCaU1NaGdiX2x3bUVGS0lMdTZaOW5oY2o1cUVRUnJIY3F6RTFNX0FxTUY3a1VlMzRRRjZmZ19XQWYyM3ZFNjhpbjY?oc=5,Patch,2026-10-08,negative
Massachusetts Bay Transportation Authority,MBTA train tickets for World Cup 2026 matches to go on sale - WJAR,https://news.google.com/rss/articles/CBMikAJBVV95cUxOWXNZMTJHcmJ1eWtkbC1MZUh0QWpjMWZlejc4ZElXa1d6THgzaTVoeFVLUDBNNHNWUVZHaHNEVXE4Z0tpaG9mdUc1ZV9fdHZvM2hiTmJnd01HZzV4Y09hOGRLbkxrbVJKMHNlM09MSWg3LU9YbkJqbUdYcTk3bExreDNyanRPYlJJbnpKWVhvcmZGM3dlZ05vbmxZRHViV01ObEpsV0lvVWkzUk9jUXBENC0tWnA1OWkyVWVtbWNLY3hWLWJmeDZFSllKQ2ZuQ1RONVdqcjkxLTFEQW5IQ2FqeV9GeTc0VVJ6MjZYOE1vME9FSU92NGJlaldYMXpaUEhxbGJVdm9leXdTSWswRXpDTw?oc=5,WJAR,2026-10-08,neutral
Massachusetts Bay Transportation Authority,Maintenance work to impact Fall River/New Bedford commuter rail weekend service - WJAR,https://news.google.com/rss/articles/CBMi_wFBVV95cUxQYVVON21ZeDYtSi02ZkhZS25ub2JZdnROM3pLeUgzM2kzcExtWF82eDc1b2Jvd1c0T2x0Zkcwck5LUTNZcHRjVmcybVB4cE16SFlwS0lnQWl1WUdfZEd3NHNSSlp4U2dFZnZmUE1jX2ZobktOTFJhZFBEMUlrUjMtQzIwWldtaE1CNFh0dmZMQllqQ05CQnhJME9xaDFnRkdwU1Q5TGt5cmhXWmN3VkhmLTRrNEZOSHRKTlNHbHlqdFBnU1IxekYwOUYzOVMxTWE5NTQzZmUxejJuOTJYLUNZUU52aXFDNjNCQXFZN3RoOEZBRzVERG0xTURqbndaZFE?oc=5,WJAR,2026-10-08,neutral
Massachusetts Bay Transportation Authority,Supporters outraged as Boston hikes rail prices from $8.75 to $80 for World Cup games - The Independent,https://news.google.com/rss/articles/CBMirAFBVV95cUxQdTNYcUJfeHJyR3hSbFJnR0RoZDhHdE5SQUkxakhDZXNMeVhUMlFod0xqVl92UThSa2hWTU16a1JCWXU5OVhrVGxlU1FuS2dwN1Y4VW4tSGE0M0dPVXBGMmEzRkJTQXJzcjd1Mm1TeWRGeDUwQVdDejYxV2NPVFRxSk1ocnVmVDl3WGktZWVzY2l2Q3AwRGZLUWEycmtTbzZTNlRZN2hxNnowMmEz?oc=5,The Independent,2026-10-08,negative
Massachusetts Bay Transportation Authority,Massachusetts Gov. Proposes $8B Transportation Investment - Engineering News-Record,https://news.google.com/rss/articles/CBMilAFBVV95cUxNMUVKYzYzLVNjcWFSNGNJUkQwSmJLMER3M0s1aXNZX2h6cjdCVUhzVUltZm5JekgzQmhNWUJWLXVabDRRNDJfYVJUN3pqd2JFTUcxUDNyVWFHdWlfeFBUcDJSSUJKRmVmeTZTOFBHbDkza2pZVzh0WUVOQXNqckF1Q0xpZUFEeGpYS21MSDJPSHNhYzZY?oc=5,Engineering News-Record,2026-10-08,neutral
Massachusetts Bay Transportation Authority,"MBTA seeks new battery-electric, diesel locomotives for commuter service - Trains Magazine",https://news.google.com/rss/articles/CBMivwFBVV95cUxQa0k2Z0VOc1FyNlQ5YjhGbEM1Ylp0aS0tbHUzRWNaOGlXcXJyT3FWRFlXRFNKa1pIckY3TDc2QjVnUFRoYXQxTE15VUtFZmpSazFrWDdncExrZUJRVXZ3anVHWjhQY25iV0kzMm5VQ0ZJaVdlLWR4aTRWY2czdXU3Sl8taWEzS3hwYUV5QWF6OUhUU1lIbW5pZzU3dEhHbWxCeGo5cGpjN25GdEhSTEc2MTd3VVl1N3IzV1YtZll3QQ?oc=5,Trains Magazine,2026-10-08,neutral
Massachusetts Bay Transportation Authority,Turns out that World Cup MBTA tickets are not $75. They're $80. - The Patriot Ledger,https://news.google.com/rss/articles/CBMiigJBVV95cUxQWWpodV9yS3RWTTMwNVJPSjFqR2NyYmtPQ1ZtUk5RaVdLYktpdHdFMjdFUkhVaEg4THB3RG1hVnRabTNTRmxWSmJDNzRVQ2h3R0d4X1laOW4zNndSdnh1SFRJR0NEb3R5TkNtN01TYUJRWVkzdHNHQkJJMWtQRFNxa2xNd0J6bzRPQkRzT05kYnBTSWRsX19VdVllZlk1Y0ZhQ2hlTElid2lJZEUxdGg3LWM2cldrd0V5RTZlQ1pFMDhraVA2aU12eTdzRWYtQ1NlUkstV1VSMkk0RVdFckNSTEx5anVpWThoUjBOMlRuSmczSzFTemF6Sm1QYTJqbllSVklVSlgzYm81QQ?oc=5,The Patriot Ledger,2026-10-08,neutral
Massachusetts Bay Transportation Authority,Boston's MBTA Approves Plan to Introduce Battery-Electric Trains on Commuter Rail Line - Metro Magazine,https://news.google.com/rss/articles/CBMitwFBVV95cUxORU43ZFJhZmlUQ1JlMHBHXy1rQnk5U3cxekszNWQwZXhibWhwMmh6MkgtZmlKVnVWSjVmZlhGU3c5MGxWTTdnZzQ1bzNRX0ZvTkdyY3p0LVIzdk9ZN3dFZ0FtOS1EcXVfclRPZVQzUWhHSEtjNXp6eERIUEdJZnduMkhjNEtFUmc3blNnck5UZ05CR0pCa0YyRzZwY0plOUZEZTlqUUVjM2t5akk1bFRYVC1VcEtDV2M?oc=5,Metro Magazine,2026-10-08,positive
Massachusetts Bay Transportation Authority,[2026-07-03] RI Delegation Announces $33M in Federal BUILD Grants for... - Reed.Senate.Gov (.gov),https://news.google.com/rss/articles/CBMi7wFBVV95cUxOeXd1UVAyLUltaWZMYTE0R0ktS01XelU4UHFMQ0hCS0kzaENRR2ZYSUpzbnNoaHUxSTg1QnlobFZDWVptdk5wVUtUT2k1Y05XVDQ5Y1pGQUVEcFFGbWNBLTF6aFJ6Z0U4b0gtYnhqdjNXRmVWS0dsT0lfUEhiYVlJV19yQmxDRkVKcWNVYmcyQk5rSVZOOHFJdFMzaW9XOFJSZnZCaUJIYkhBSUlzMlphOFdMd1p6MkM1cm84Nnk2OE9BQ3dnZmFXOVlTMHQ3VS11SkFNMEFNeTQyU1U4Q3ZQV3BFaVBER21qT3VlNF9vQQ?oc=5,Reed.Senate.Gov (.gov),2026-10-08,neutral
Massachusetts Bay Transportation Authority,MBTA commuter-rail operator contract moves to proposal stage - Railway Supply,https://news.google.com/rss/articles/CBMikgFBVV95cUxPcFprX3MzWnV4NDZUQ1JTdTJxa1NjczFrcjQ3MkplWnZIRDhsZDFHbWtsSkxtS1B1ZWw0aThKbjNMdUFJTDFLY3MwNnNoYkk2aGdwVlVIa2h6Q2hEdjI3OWQxXzgxMEdCN1BiY1RTVVJfeXY3UmdGRWRoRjAwdWh6MjlWUmI2ZHBQdG1BSVVWZzd2dw?oc=5,Railway Supply,2026-10-08,neutral
Massachusetts Bay Transportation Authority,Full steam ahead for CRRC making T cars at sprawling Springfield plant - MassLive.com,https://news.google.com/rss/articles/CBMivAFBVV95cUxOeG8wcU82ZEQyTGpTaHRuWWh3MWMzdmJ4ZnpNM2RjVkQ2a1VqU2VRVHRZTkpxV1dCUzd0eE96Z3oyeDF1QVBkSmZYLWdUR3RQQnZLUXMyWVNoM19nR3RSRGFJRi11SnBiSWJIWHRHaW9NSHhSSTlNYTdFZTg2YWtSRGtXeFhNNEpkamZISjdfS1EwQ2w4VjhqdjlHdnI4UndqZkpDSVVfWGx5SVBYeU94ZkxMdlVEaFdtaWZLTg?oc=5,MassLive.com,2026-10-08,neutral
Massachusetts Bay Transportation Authority,MBTA backs away from major Alewife T development - Cambridge Day,https://news.google.com/rss/articles/CBMigAFBVV95cUxQU0pBbHc5cnNCbFdTOGYxdzMtdkpSaU91UmZiRWt2Y0ZYZHRyNlp6OC1ybGhBbVJONlVFQzJXUV9KLXkwWVc4OXVZUE9ETWFkXzA2QTFhdG5SOGNuaUJxYUphQWlRdG44ZUNydk5CQl9kQWZSLTV1VGhsZFZRTkRMYw?oc=5,Cambridge Day,2026-10-08,negative
Massachusetts Bay Transportation Authority,World Cup 2026: Fans in Boston face increased train ticket fares - BBC,https://news.google.com/rss/articles/CBMiZ0FVX3lxTE5XZ3hIZEFBV0RvQUNiLVZBb3hjYk5ZeGRSVHZnRDZBOUJid1NrWm1zU1I2dFdjaG9OWmdLS3pQbVFiM1UyX2phVEJFQy1EWW5EZzVfaFUyMW8wejN0OWVacmFDemFXa2c?oc=5,BBC,2026-10-08,positive
Massachusetts Bay Transportation Authority,Boston commuter rail contract: MBTA shortlists three bidder teams - Railway Supply,https://news.google.com/rss/articles/CBMilwFBVV95cUxPYVZfOWFUSFhvSEhQNjczTnVGN0lLZGRrRmYtb0NXRGRUWENFSmtYc195WC1lTjVTWEwyRFloS0FFbmh1WnpqckhJUXc0aVdkUDh3bDFVLURVM0RkdDBCRHZzbkVxR1V6c3RsLW1PdDVsZVJSYzBiYWdjMU53TDA5dUdoMjZaTHhETDlpSHU5emY4WFdUaGRF?oc=5,Railway Supply,2026-10-08,neutral
Massachusetts Bay Transportation Authority,Skanska lands $1B Massachusetts rail bridge project - Construction Dive,https://news.google.com/rss/articles/CBMikAFBVV95cUxOS3NaWVNlcl9nMndDOUlkdGdMV3lXaTFta1dVeUtVdFViYmphcmc5bi1aX1p5QjFwNkkwM2RkOC1TMk83LTRMbTkwM0RESUxHUkdQRmhvVnhtSG5LX29qMnlCN3RpNlZob05uUlZkTDlYT05BXzhQclBCU19nLTJXaG5qemE0YlpxS1dDaHhabHg?oc=5,Construction Dive,2026-10-08,neutral
Massachusetts Bay Transportation Authority,"Award of Merit, Airport/Transit: South Coast Rail - Engineering News-Record",https://news.google.com/rss/articles/CBMiigFBVV95cUxPOVh5ZDZabGpJVmU1VDN4V2NySFRzRmx4MU9FNzNlTzZ2SnBfU3FvN2hzd0lhOFBOWGppcjlDMmZZSERiZmNLSzY5aGpGX05hM1FnY1lNY09hZWw0MzdqQ1BxYlVYWXBvRW5WV0Y3VlhnSFJUcERsbmVtVEhFMFVyaWtNV3Fpc3dXVUE?oc=5,Engineering News-Record,2026-10-08,positive
Massachusetts Bay Transportation Authority,New F40 Lease Fleet Enters Service on MBTA - Railfan & Railroad Magazine,https://news.google.com/rss/articles/CBMicEFVX3lxTFBiTXhsQ2RocVpZYkFTdmhrMnR0Ui1GVHZpRWs0Z0FLbWNyNlZUdlJ2YXRybkpreGNHQVRCWjEwVWpwX0NmenRIOFZURnliNzlEdlhqT3plSFpmOWtqZXY5TFZOUmpjajBrVzZzZ3FhTWc?oc=5,Railfan & Railroad Magazine,2026-10-08,neutral
Massachusetts Bay Transportation Authority,"Phil Eng has two ‘24/7’ jobs right now, and not everyone thinks that’s a great idea - The Boston Globe",https://news.google.com/rss/articles/CBMihgFBVV95cUxOWU8ycTJEWXo3UVZuTXZucmxnd1pnSTREYUhHalU1ajdfalkxSGlaTFo4dUtmOFVfc3ByRG8wT2xqMTJXQkhyN2Q2ZzdCdE5PcWkwWGxqMzRuQzNKanpFcWhzOER2YmxqWlAzalRWUmV1ZnU2NkdXdHlEQURXSE9IUGxUNVpPdw?oc=5,The Boston Globe,2026-10-08,positive
Massachusetts Bay Transportation Authority,Train Service Halted After Man Parks a Corvette on the Tracks - Road & Track,https://news.google.com/rss/articles/CBMiqgFBVV95cUxQWFBwVDdLbDBhOVdjZGxLd0IxS0hiTkpHdWc0aGRHZkhiSy1YdERVMU5NV1R1X1JlOWNqN09VZEpxeWRpbnFsaGtXY19VM2ZrMXI3X1dQZ3B6eUhHbk5nYkEwcEdzbVhtWkdwdmNxTHI3TzRnM1dhUGtaTVFVUWlqcU50cE4ya05LUG5FSFB1aW90VXBpdW5KVGJhTDd1V0cxQzVKMXZyT0V6QQ?oc=5,Road & Track,2026-10-08,neutral
Massachusetts Bay Transportation Authority,42-year-old man dies from injuries sustained after being struck by Massachusetts Bay Transportation Authority train - Fall River Reporter,https://news.google.com/rss/articles/CBMi3wFBVV95cUxNb3dOOXRJR3F6TExPdlJGNlg5XzVJeTlmOER3VW9fUVM0Y1p3M3BHVGdhQjBjZUVPYUstT1NfTEFCRDNkRklLcjBLS0FZTUJTOEJkOGRfcGQwbEZ4VkZJNWphYm5UTjkxVHJzRnQtSnpjV0d3TjEya2sxMnkxY1pZVVBFTWdJTFJFeXFzYWFWTEhScVhPcTdLeV9NX2hGSXZoQUg5SWtNdkMzVWNXSkR0Wmk3V1l5ZjFaUFh0V1Nta3VmMUc3MEpNcnhlYnZUR0QtUXVyakotOHVwRF8tSHZZ?oc=5,Fall River Reporter,2026-10-08,negative
Massachusetts Bay Transportation Authority,These 8 Mass. cities and towns just received a share of $13.5M in grants - MassLive.com,https://news.google.com/rss/articles/CBMisgFBVV95cUxNNXhrTUtYS0ZyLUo0TTNGd3huT0RfWUhLbVFKbm1JcDhyRDM4WjhnaFNMQUM1Q3NWMEx6NlRLb0NkbnN3U1VxUmZZVHVGSGI1dV8zYUN4cXRZemVjOXk4d0hhUkZCdWxodXlteW9oNGtPMVNOZGRaSnh0RXBFRHkzZUo1MWczUUVHNnZLZVBiTFFZYWNtSHV3Qy1FbVIzeWNGMlAzRzZ3ZTUtREdxM3c3cER30gHGAUFVX3lxTE5hQ3RIaE15ZmY5NHh6QUNTT09ZRkZrWjJoMDVRV045NGo4c1dVTGJXczBzZ3RfcC1FOFNWbUhweFFQMkZEYWlDaTRaVy15VG9wNThPYjZtMmZTS2ZtYUh1N3JnQUc5TnBjVzFfYW9saTBvZUFOeXoxZTZxNEoxQnZIcFhHWTVLTnBkanZZUTRMOV9mWi1lellBNURXbmJ0aGFrb1Q4ZDQ0a1UxdU5MRVJzVEVIZHdVZWFrOXh4M3otMG1qcG1ndw?oc=5,MassLive.com,2026-10-08,positive
Massachusetts Bay Transportation Authority,US commuter operators launch battery-electric locomotive tender - International Railway Journal,https://news.google.com/rss/articles/CBMinwFBVV95cUxPb1NkbmpXYVhjWnJnVnd5bUJoMHdLX2VVQlFxYlVUMnJocHVteTQtU3RCT1BTdm12RE9SdW8weEx3dXBkVmFkV2RjV3FFa2Q2UE1waVlwYnQ0SkdKajk5dVJkbGg4YThPUjNQTWVpY29LZVhwS3NlS3lWUzM2VGtzTXhwV0d3T0ZYQjBSVG5YU3d0Q3NlYXl1NWxTYnNYa1U?oc=5,International Railway Journal,2026-10-08,neutral
Massachusetts Bay Transportation Authority,"Citing improvements, judge ends oversight of MBTA accessibility - WBUR",https://news.google.com/rss/articles/CBMioAFBVV95cUxQU1M4MWkyNkxMOUM4WkhHR1VrSWxtWEtSVVc1bVZDcUF4MElyRkZ4dGtTXzNUTGV3TWtsQVRyTk96dzBwN2FyUHM3VzMtQzdSbG54b0ZyY2FpYkNGMFM3UnhSQTJ1SUNnTTFPLW10Y29KendMWC1lTS15RFFsbTdmajRGT2Y0VnlSRHZDeERlMEZQRVhUeUVmajlodlFfV0Zf?oc=5,WBUR,2026-10-08,positive
Metrorail,"Miami-Dade raises Metrobus, Metrorail fares from $2.25 to $2.75 starting in January, first increase in 13 years - CBS News",https://news.google.com/rss/articles/CBMilwFBVV95cUxPQjV1WE82NzlmNUNnS2RfcEFsOVJULWl5SXRNZXB2RzVUNXZXeElET2p5MjVYM1VHYXN1RVZWdTU3anlQcU1tZWJjSXFzOFdpM19iY1o0VjFZc2xoTkdIX295c0RIZmZ3QUMzaDY2amdUb3l6X0VxbkM4UmYyaWtkd1AtRHF1UFI4RGNKeWRFeEprNmNjZVo0?oc=5,CBS News,2026-10-08,positive
Metrorail,Miami-Dade County approves first Metrorail and Metrobus fare increase in 13 years - WLRN,https://news.google.com/rss/articles/CBMivwFBVV95cUxPZG1VWkhkX3ZSM1AxNTI4MDNiVGhwLWhkU3djNmtXVU9aWHZ5TFRUVGlaa0JOTkxSd1VRZVBzT04yQmx4eXQ2TjZPekhYanZNMXc0VnJGS19aWlFGWTJkZjMzZVZ1WWlCVGJBWlhnUVhUR2hUUGZ0OUl5bTlNWnBvamdzd0E1VDZtbWhmeUM1bTJjLVJiZ1RacHNDajYtaUFSMmlITU1TVHp5MHNxSDJOakk0ZjV4MDVyWUZWSFZhaw?oc=5,WLRN,2026-10-08,positive
Metrorail,"Bus, Metrorail riders will pay more in Miami-Dade. Free Metromover rides may end - Miami Herald",https://news.google.com/rss/articles/CBMiiAFBVV95cUxOcm9HUC1TRmt3RkU0aXQ5cDZYOC1GMzNTRGxmUC0ta09LYkxMbzNoZ0V5VkU4TVJ0LVFmMlFoeW5hMHI4RTdISjZqZ3NVVElVZWVZRVJtQWV4NFVfbUNYamEtQnU4WUMwcU9OMElRUVhZUW1qcElGVjJOMUU5Mmh3dmtkaElTRnNC0gGIAUFVX3lxTFBkN29WWG5xMm55R1Z2WlNKMmdYSkExbnpiNEVMVzRwSk1Ec213UVI1bG0xLTVGbFlXQndTVlU4LTR3T2ZNd1o5OTZwQmdqQVRRSG03WjVJd2NBb0w5a251T2o5VnZnaVVRdXdycnNFMnRmSnU1clRGdmRza2dmNHNha1Q2TXRJT1Y?oc=5,Miami Herald,2026-10-08,positive
Metrorail,Male boards Houston METRORail with gunshot wound - FOX 26 Houston,https://news.google.com/rss/articles/CBMigwFBVV95cUxPNmg2Y2w3a3NlTy1EX2dPQlhqc1Bmb2RvS2VOUjNxazhqX0ZHYnpIUzVmUktiOVlTMlhHMk9WczZEZ2xxVmh6ajVyV1BsT3U3dlJBYkZ0TEg4V3dnUGtPV01tSjQtb0JhMHFVMmkzTmhSamF2MVFoejBqWkV3SUY5aFBhbw?oc=5,FOX 26 Houston,2026-10-08,neutral
Metrorail,"County agrees to raise Metrorail, bus fares for the first time in 13 years - The Business Journals",https://news.google.com/rss/articles/CBMipwFBVV95cUxQNjRMS0pNcEFJUDNBU2ZTTGlyc2dYUUZwTXdGTVhUcTk2d3VyaEJyQldYSnZJZ3VQMXJrS0ZaZ1VpREt5MFRXRk1JMW5FWHE3bXdsQ2tEb3NyT09MQXRUZ3FwTXpPWWNudDEzcE1aY1VFLVNFR2E2OVR4SHZpUTJERTBXTTItUGZ0Sk81SUROMkNuN0I5bXZTWmxvSEIwY0JGX3p6WndOaw?oc=5,The Business Journals,2026-10-08,neutral
Metrorail,"Man with gunshot wound gets on METRORail, later taken to hospital after exiting train - Click2Houston",https://news.google.com/rss/articles/CBMi0wFBVV95cUxPOE9JeF9kZFRLYkVKWXY5dlo5Z21acmhIWEdidk9aSG1VN3pkN1o5ZHZvRjdUXzNXZUVVaENWcTNNX1FDVDBQQk1yX2NPT0VkeGN1VFNfVXpOLWQ1UjQwM0UzVWh1OGdhQmp4dlVEdXU1SHhzV0R4clVxbmxDLS1kcVJldWl2NVlNd0RoT3FuYzdkQmFMZk9QQkFVcXBZRXBRd1pRRUtZRnNDX0JtaFYzZkZhUXFmVXEwb1AzNTE5SWNvZ3ZteFRUTS1aSWNhNVJKTjhR?oc=5,Click2Houston,2026-10-08,neutral
Metrorail,Proposed Metrorail hike would raise fares as high as $7.50 for some trips - WJLA,https://news.google.com/rss/articles/CBMimAFBVV95cUxNRktESUVnMk5NZWRMV1JWTHRGM1MwS3JUaG1TcEdWY1JxRktCTzF5VXp5SVZXQU5EcEJhcFhYV0plTzI2aXRrMGZQVURTdDBrUVFIN0JBSndCLTk2eTFZR2VyNHB1VlhGVlRVQUxYc2VOX0JmVU5hLTJBbXhBa1lGS1B0c25vOGJXamo4OWVLdFdDS1RQRGs3Ng?oc=5,WJLA,2026-10-08,neutral
Metrorail,"Miami-Dade commissioners raise fares for Metrorail, bus riders; proposal expected to end free Metromover rides - WSVN",https://news.google.com/rss/articles/CBMi4gFBVV95cUxNNkJ3M21neEhCXy01d2FCV2pka0hzVTVVNDdjMnA2SHNjcnk3WnA2M25sMUt3amg1dnIwNHlha1VGbDRyMVdfbUJiUXdpR1hMV3dxaHEzeHpCcjF1UFRYNFN3cFdpcm1JcDNwbVdGREV1X3YzLXFpVUxDcDJCWGJwa1RPVDQ5ZEFxd2pwRV9PcHViS2VuVEZUelpsTHZLMjJ1UE9MWEFpUmVuUmdLZWw2VmsyWldhTHhHaGxPM0xqd3BoWFdYYTQ3Tlo2Mk9yY2t2MVJGOEt3cVVpYUJWeU5MSjNB?oc=5,WSVN,2026-10-08,positive
Metrorail,"Man with gunshot wound rushed to hospital after exiting METRORail Red Line train, METRO Police Department says - ABC13 Houston",https://news.google.com/rss/articles/CBMixwFBVV95cUxNakUyY1M1d1JvbnJTZzNramR2eV9tWjdBdmNVRU1LcjZySUlGX3RSWFhSTElUVzNBRzhxN3lVLUphM0ppMzNTbmNLdXZKVlZ2YktpSC1WWXk4WGNQaDNfTFRxSktGSm80WEwwOVlhYWlpMkw4ZGxmMkZLZTdQSTN0LTRYbDNhbWM2Unlzb21NZUJQVl84aVA4QnZLdzNvRHdRWE5jSkpESS1Pd1hyUWVmRE1KVUNEMW5QZVE4ZzAwSVFXZ2x5Q2tB0gHMAUFVX3lxTE1pdmlMMi1ORGtfd3dROTZIRHJaU3pQaGVGRWRCY1RiajBiZmxjcDAtdktQSmRST09YMnBWMklIZGVoOTN6YU1MX2NXWkprbGVKbmRpNTA1Y1YxdWxkVmRzQ1d2X1dlTGxBN1JpYmNXbEZETFpkSXppRjlZY3hOT1pXTWZuLU5RNzl4dUhMWlZGQm5oc1BxcTFCWEtXTENpNExVZTNYV2xDbFZaQnBaVUZuT2hJYXVaX2EzaU1TTDZyS3RTZGh6VnNnS0FkUg?oc=5,ABC13 Houston,2026-10-08,neutral
Metrorail,"Man gets on METRORail train with gunshot wound, METRO confirms - KHOU",https://news.google.com/rss/articles/CBMirAFBVV95cUxPb01hR3BGUWpCSWJJYjBzTmNVSmVvcWdrNk5palhuZDJpZ2VWcUdUNnI3R1NsNWNYZi1yNUE1NGx2UDlmUHVJck5BOEVOMUc3Ykd2Y1dLaTlvYkdGanhjR1JUYVp6Y214TnphdW5QNWJSUU51c3M5cmxKVElUaWtDaUNRWloyTkdueTVnX0hwdUkxbVRfS29ZclhJdnMxUE1kc2dLMkNTQ3RfcVdr?oc=5,KHOU,2026-10-08,neutral
Metrorail,"Miami-Dade County approves first transit fare hike in 13 years, raising Metrorail and bus fares by 50 cents in 2027 - Secret Miami",https://news.google.com/rss/articles/CBMihAFBVV95cUxOVk9Bb0hjTmNGVFVmRlYzQnEza1BsMmV6QnREcUQtVHRUOW5RTm9kUG5mYW0tUkljcHpRNzB6TlNVSkZSa1FhNGNsR3F5SXlBZV9NVnVnSzBwTkRfUDh4NDZUelVoTS1xazFianUyU0RxWU9sZ1ZYb00yM1hYT3ptZXhLNTU?oc=5,Secret Miami,2026-10-08,positive
Metrorail,Miami-Dade approves first transit fare hike in 13 years - Florida Politics,https://news.google.com/rss/articles/CBMiogFBVV95cUxPOEc0eGlwV3UyT1BEVV9JeHAzUWppUzQ0c29UcGNjSUVneXhHN1hKeGpGRGJhRHFoc2FUa0lNR1Q2dW9uVGlOenA2eUE2a2x5TXdNSEl3Mlk5dURPQkNEUC13NC1Ic3o1ZHpZZGlVU2xOekxwMU5oLWhRZXRrcDlhbXVEYXl5dzIzbGx3bGdwa19FeDNxNTRUcGdDNklQa2t4amc?oc=5,Florida Politics,2026-10-08,positive
Metrorail,Metro is proposing an 11.1% fare increase for Metrobus and Metrorail. - The Daily News | Texas' Oldest Newspaper,https://news.google.com/rss/articles/CBMi8gFBVV95cUxPd0pBc3lVaFUtd1VVSVlmMmFXQmJ4YUZSWUtkeWhxZUM3WlptREtHeEFfcy1IUVdZSWlJQTNrakNxSWt2U0tSQy1sT2s2ckFybzRhWXdubHJ2NTZvMlBCS2pxQms2S1VWY0h5dy16a3dVeTVBRUk2dUNQYTJfSTNuZ1RRRXotRWdqT3ptQ0tBSjVHT0dmaklURnlpR29IZndCOUVOVmtkSTJuSWtjbWlXNWV4bDg2VWViX1dhQTk1MHl6dXZteVFQaDJkc0hEY012NzEya0RXbDZ5azBpRFd2MmlYQ3NXQ1Iwa1RWWGI4cERjZw?oc=5,The Daily News | Texas' Oldest Newspaper,2026-10-08,positive
Metrorail,Miami-Dade raises prices for Metrobus and Metrorail fares starting in January - CBS News,https://news.google.com/rss/articles/CBMitAFBVV95cUxNSkZFVG5wY0tLR05RMWNpOUJBR3NNMkJlUlN1TEdoc1N1RlFtQlFZc1lUUmdpSWtnNUFnZ0dyWHRKR3A1bHpNT01XSEpFVVZSNDRiTzhfQ2ZyYWFsUUxyX3JJVGlSbC1BQmR3NW9tSFB0UW1OMzEybTFKN3Y1ZFgyTzgzd1U5MFdURkctTEdhb3lrMGUzSEo5WHlrc3RQcFAtYllZUWZxYkxkYnlBbDBYSDk1bkQ?oc=5,CBS News,2026-10-08,neutral
Metrorail,Transit fares could be increasing for Miami-Dade’s bus and Metrorail riders - Miami Herald,https://news.google.com/rss/articles/CBMiiAFBVV95cUxNOFVlNi1HYkJfQzQxdi1uZmNHcTNtTk01ZkctVjEyRHBTUm9jUm9Qd1dqdTYwN3B0N3NBLXc0b1E4cHBsTkNGbF9PZUp6dlRRczdDTlQyeUZ3c1V0TXZhckdsX3NmUGVfcExDTUUtOElSWFptVkpwQ1hnbTVxWEgzQWJKMWFESXJv0gGIAUFVX3lxTE1DR0NQb19DNkpUb2dVbTNqMnJPWUpfUHJFQ2FRTGlxdEpqZTVRb3dqMnFEQTVJckdrcktYdzVwOUFHT3JnSlpGRTNIeldLek12X01EcVlHRDEzVWRsc0xWNEFaaDZ1S1pJTU1DclRGaUZ0a2FYYnZmUUVBMU5XUGNrQTJpSXkwTE0?oc=5,Miami Herald,2026-10-08,neutral
Metrorail,Miami-Dade raises prices for Metrobus and Metrorail fares starting in January - CBS News,https://news.google.com/rss/articles/CBMi2AFBVV95cUxOWXFVanZNd25kMEtSejc0blZPbjhpdXBYN3FuQWpEQnA0aUNTWUliNHZ0aGhEWG9QcnM1UTZvU1J5TFRpS0dSdFdIWk43S3M3Q2F6ekpFTzVCRnpILXhSTTlzbzUwaHAyRUVXdlN6dUZjcHVfWHdBZnJwVFNlMUt1OGlPSF9uUXRMeWtobVhMbnJ6V19EUVE0ZDU5elRvbC1tZ1B3QUtxUVd0MDBMNnpOT281V0tjS2ZqU3ZhN0RIaTJ0ZkpZNkNtVGVGeWRfTDNpNU1qU3o0MUI?oc=5,CBS News,2026-10-08,neutral
Metrorail,Proposed Metrorail hike would raise fares as high as $7.50 for some trips - WJLA,https://news.google.com/rss/articles/CBMingFBVV95cUxPd2l1M3BjbFJUT1QtMnJWV2wtU2ZVaUdSY0dCOXliWGNkOTNyaEd3SEVFZWljYzZFWEozMk1hbFNCT3JDMlUxQzd1OGRfMnVOUkduRV9aeHpVcUplZG8tcF9NazVyWUZUbVE0ZWh1aTliT0RWbkNIcGRiM04ycm9LaDJtbXBGQUxDb0ozX0FRYWVySTRLUVB5N3pNSi1JZw?oc=5,WJLA,2026-10-08,neutral
Metrorail,"Man gets on METRORail train with gunshot wound, METRO confirms - KHOU",https://news.google.com/rss/articles/CBMi1wFBVV95cUxPYU1YVmJrWFFDUE1HQk40TDhPWnJHTzNJeHJweUtKVW10czkyNkR5VDlsbDZrLWhjYlRwamR0Q2xkLUl6UlRQbERNOS1fX1ZMcHBOaHRlYTlueVBuVU9DSTZhck5ydTFEQUVjZnRmRS1tUXZZNW4ySDVYR2lncDljSjZtS3NTZEludV9DRzdKMmd2X2hLSVlyWnZSaFYtOFdVMVlGdm1wYjlJWHpNYUdOUEIzcTFFRk1xMjYtMTNxWUt0cWduemRTYXJrWkdNZzZnaTRPWDQtZw?oc=5,KHOU,2026-10-08,neutral
Metrorail,"13 Alert Traffic: Houston and Galveston Co. drivers to see freeway closures, METRORail Red Line shutdown this weekend - ABC13 Houston",https://news.google.com/rss/articles/CBMizAFBVV95cUxQSFZFNElxQWFqLTdiUmpyNFF4WVF2MVpPalVTbkptY0lFRjdQd3g4S1dwaGczeGF0TGdhbl9GTElIekd6aVd4bWNCbElmYTRMMHljTDVUcW5LcmpkSHhEeWpCcWFjVXdOTVRsZmYxZ0xpa3BkNlJOVC1WZkhXb1k0a2F6bTdkclF5a3dFdzR0cjE1a29Ya0pCYmNHNml3eDVxMHR1djVxZXpjQ2E1NHF2SWRCVlJObC05UDMxbW1KUXU5d29VbFVzUzJxeGzSAdIBQVVfeXFMTUtWT3FobDA0QkdqWEozQ3kyRmhsZXdLUTZrOUR2cXhxZ245OUNtRG1Md19YWHFxeTZCRExwdXhscVVvVktjcDBEN251V0tHZk11ZzM4dnN3eFhkMzZWdTBzc1VPNDcwNFdQZFJaV3ZJbHFvZjNOSVBYdVFsOXBlNGY2R3RSaEZZeEh0Rl9Nd3VjekFndktEWGJWc01uODlvUi1RWHRxNUtlN20yblNOZXhQOHVTMHU1Y240cVBjMU9Qb05iYXpDZzBabUR6cXpEbC13?oc=5,ABC13 Houston,2026-10-08,positive
Metrorail,Riders react to new signs at L'Enfant Plaza Metro Station - WUSA9,https://news.google.com/rss/articles/CBMipwJBVV95cUxOemNxekI4TE1KTjBpR1A0Vk1pYVBCTjNaQVpfMFZsNDA4Y3g0TjlFMFBzVkFNci1OZVRWYy1sUDF0NG1IeDB0dGoyblc1eWdNYjB0Um5WVFJNeWhPSW1TRFJQVWJqZGt2NTVzZnh0UUZlbkk3OVU4REk1TEFXRTBJUDktTkF4WE91M3p5VElSNF9MbHU3eXZuRDVJa1ZWUC1ySzVBOEdwcjhsbWpvY2lDalpwZFJBeDEzaFBXLWdSQkllWXlXcFQ5Y2xReEdOTnRLZmxVejJMSFBnTjJnb0lMMDdnWXFxZWVtbFlTd2ZkeFVEenVsVkFnV0hGM2NidDBSbngtN3pPQUdrWjBWZDlvTlF6UlZNR3VnSHQ1bUF4dlpEUW1BakZR?oc=5,WUSA9,2026-10-08,neutral
Metrorail,DC’s Metro System Hopes To Win Over New Passengers With Better Signage - Bloomberg.com,https://news.google.com/rss/articles/CBMizAFBVV95cUxOMzBoUjRzM3hKLTdoR2lWSXliXzd2QTlpSDB1RFVOOFNvMlpRcWVhNHBURWFDaXFHZDc3b0JLSWVmT1U4N1ZBa3gwOFV5Rm5rZ2NJMkMzWF9sLVZ0eWlnYWZkYkpYbFRfMVhScDhfeUhmNWU2dkd6d0VUNnMzZi1rY2FUeXVYdURrNDVvdHA4UHFGdFV1SF9hdGZwYXRjUTNzWEU2OVh3TUxOalZoNnVYMUc0OVlGcFJPbXItZ0UxR2Z1Y2VVem9zZ3kxTjY?oc=5,Bloomberg.com,2026-10-08,positive
Metrorail,Houston Fire Department Fire Truck strikes METRORail train - FOX 26 Houston,https://news.google.com/rss/articles/CBMihgFBVV95cUxPMDF0djkxQ25uSFpxT2xjNzc2TmhkQTIzSUhvRzg4UFhBbnJmcEFXNFl2QnJyaXBXaHRsOXNLUDR6M19Vb3RvOHdfOW1OSUlVU1Q5STBiV3d3djZ0Y2xCdkdUMzhxcVdGYm9DcWNsLXVxRExQYVFYYUZKTzBIdWZYNjI2Y3h4QdIBiwFBVV95cUxNQW1KTVF0V3Z0WlVIR2JSS19LQjdiSzBBUlZCTHJzSGt2NlFrd2NoQ3pCRDg1MnNXcmg1aGMtYnlqajROSUQ5VEJOQVZSLVVhNHh4bHgxejRTOXNrdFI1ODAwc2NabXZrZXBQTmJ6Tks5dHdua1dqX29Nd0ZRX1RJNlUwaWJBUENjVFdn?oc=5,FOX 26 Houston,2026-10-08,negative
Metrorail,METRORail train struck by Houston Fire vehicle near Museum District - FOX 26 Houston,https://news.google.com/rss/articles/CBMijgFBVV95cUxNS09RT2tGWVNTb09mZVdrelBpcU5uVHBPdG1oeml0RHZPeWFsMFdCYUd5enpiTVRmQUktWGpTdzNKRmJCcU85NVcxUVRDaFozc0hEa2dnaEtaRjhBWHBiQUNzV2R1eTZyeTY4WTlFMTV4UzhhaUhLVEZJNXJUMlZGRzEtZXB3cmFpeXA5RGxB?oc=5,FOX 26 Houston,2026-10-08,negative
Metrorail,"1 hospitalized after METRORail collides with HFD engine and derails in Near Northside, officials say - ABC13 Houston",https://news.google.com/rss/articles/CBMiowFBVV95cUxPQ0VzT0N4UnNHdjVQSlpab2d3b0NFWVM0MlUzV3JjX1p3OUtmeXE1czBZWllzRThPR2cyY2J2S3FTWGhuWWVoQWI2MzJMN3B4T1BkQjhTUjUxWkpEY3VCNzd2Vm5DU2R5S3Qtb203Zm5OS005SzhPMk9tcHBUS1VDZGwxckJ6Mlh2NUlOUklRN2lieHFRM1N4YTNObUFNbUhReHdR0gGoAUFVX3lxTFBCbEhUOC11Y3lxU2JIei15R1Y0ZWhIMEdteXN5QzZRM08zMGo1S3FPWVFkZmd2aVQ5LS13VlZ1TURtX0dBS0xIYnl0TjlsQnZMLURLem45dDRWS19QR1JHU3JZRFd2UUQwUmk0SUZtbEkyRU0wT0FIZUtlWGtNVm9TbjIwaXJVTzZOcVRwT1hNS2VGSjl4MGkwQTMwcHZELW5ZR0lNLUZEaQ?oc=5,ABC13 Houston,2026-10-08,negative
Metrorail,"Small sinkhole opens up beneath semi-truck in NW Miami-Dade, shutting down 79th St and disrupting Metrorail service - WSVN",https://news.google.com/rss/articles/CBMi6gFBVV95cUxOUU9zRHRqZldtQlVBNkZlUDBpeUVvMGYtVmNHOUxLOXpoeFZRa0Rwd2l2bmNxdWhxZWRIMEk5S3pmZzVYVGRKN0hQcFFnR01mT3JQWGxudHZ3TzRiQWN2QlpWbGZvUWpVd1VJYTRNRVkyX3oyTDdmLXIxdEJub2tKdUNvS1l1b2pURnBxVTRQaDJiVlJTem1kSEMyV2NNVEZfMFVZSzh3WDhRYXZrX0xmeHZUdm9UeDVDRldYTjFTRmI2SGU5cDN5bWNuaTlSOXNfVHV4MUw3VWNpT0M3cmlreGp5Z1RFRjlZM3c?oc=5,WSVN,2026-10-08,neutral
Metrorail,Miami-Dade could lease site along Metrorail tracks to developer - The Business Journals,https://news.google.com/rss/articles/CBMisgFBVV95cUxNdVpxdHBOZ3pZanVqX3dUbzYwUDJITzZETXNvUGZnZkM1MXowRzY4TWtwemRKNHVoeThQX2s5ZFV2WHJiQ1Q5Z1ZSMXRhSWtJOU5wVzU2SkZVbjJnT01Gc0JBMG82QnVMaGRTX1JrZ1IwNm5xUTVBSkxWc3lHdUNKMndNVXBKcTdxTktMNmdBd2FrSkRXMURqd2xucVdVcHZJWTFyRFhOYU9Ma01GVDUxeVZn?oc=5,The Business Journals,2026-10-08,neutral
Metrorail,Cost spike sparks rethink of Miami-Dade’s North Corridor rail plan - Florida Politics,https://news.google.com/rss/articles/CBMirwFBVV95cUxQeUI0ZS1CWE9VYWU3U3RZMTI3eXAzSjNlWUZiUGR5SlIwTUpYRW5Ca2FGUmtuTDlqT2k4b3JJZGI4MlFCQkxGNXMwelg0VmpqcTdtRWFBUGZXZWo5TUZrbUkxanhFaVRMQlVscW1mTU92T2E5ekZ3N0Y1ZF9iX0JvMGpwMzVVWmpxSnczSTFfcnlrRWFFb2Z3VVdSNk1uZHZ1eGpSaTNiMWZNMHdsb1V3?oc=5,Florida Politics,2026-10-08,neutral
Metrorail,"HFD at fault in both July collisions with METRORail trains, TxDOT says - ABC13 Houston",https://news.google.com/rss/articles/CBMilgFBVV95cUxNV3Fva2N3Tk1WZGo4U0VXX1dPc3NMWG53T0JHUDN5TlB6SkF2LUdMSk9GQ2FyVkMzR3N6Z0VPd3NjU2RGSzgzS2w3TjlBZ0RqZm9YQlBfM2luLWNqemxjMlNFWWVtU2tvcV95S0JKZlBWNkoyT09sUjFSQ0NMVXFtNlEyeGRFQWpMcFFqN0JFWkJ0Z2JHSkHSAZsBQVVfeXFMUDh5VnhqNTVzSWpZV0lwU1BwblI5ZkNsa2NjaHIwSnRja0l6WnY1dVhuNHIwcVdNRzFzSktWNF81X3lCbF9POWUydlJGXy1mTEZJZFhzVVV5bVRNQjd4MnVXSHlBZ1JDbmJlVzlnQmtZamM5dEJqWkgzM1gxWEpjWkxEU05GTk5Pci1raWpCdWhhXzNuZFJ4RE9EVkU?oc=5,ABC13 Houston,2026-10-08,negative
Metrorail,DC Metrorail to move ahead with plan for full automation of Red Line - Trains Magazine,https://news.google.com/rss/articles/CBMivAFBVV95cUxPNVRoVzJFcmxyYi1XU2pZaTJqVmFMY0Fad1ZuUzhYbUVYRFgyY0FUWmpsVkVoMHEyaTRLdXl3SHNpZ2kycnFiNHk3OU0xem1nWVBWZXBjODg0RVh0ay1rYVU4bjRiNENzXzRXWTJoVzdDai1pZzJuSHJhdklrank1eUNzeGQzZTJKLUh4b0hYTlNZLVhIaVR1NUxDOHFLOEFzczZqcFQyaFpEVDNxTGdRc0phSUNmSWhuZUUzbA?oc=5,Trains Magazine,2026-10-08,neutral
Metrorail,GALLERY | Metrorail celebrates its 50th anniversary - WJLA,https://news.google.com/rss/articles/CBMi1AJBVV95cUxQOFljZWxCcGRVWm5FOFI4X1piZUhsMUU0Z3FvYUdxNlprVGc3dTlYNnZybFJKZEpqa0NYa1U3d19rTEFzeWhoTWpaMUhxbVI5TGI5dTlBU0JPQlRERHljNjkyTGZueE4xTlBsZmFsbElZRUZ1dG9KY3lBMVJuVGlUUldzbHVjQTRrb2lkY2JXdG45aGRIOThhZG13d0pESGtWVlZSTm1UZ0V6RlRHZHNJdF9JdWtwUzk2UkdyOWVIS1huaV81VVBZN1ZnclZIVWJQN2pvWU1KWWQtNmM3dC05SjFsRHdkbmdVcFpTRGN3anp2VlE3RWI5VzhiT0JFeFVqaW1NT0d6OGR2c1k2S3JCMG82OS0zTjVxS0MyUThrcjRhcFJpY1ZEc3FQVENGb0VjR1ZLYk1TemVXQTRhdGZpU0RaYThNVEliSXRhcW9mNXlCZ01n?oc=5,WJLA,2026-10-08,positive
Metrorail,One dead following fatal officer-involved shooting at METRORail platform - Houston Public Media,https://news.google.com/rss/articles/CBMi2gFBVV95cUxPbUhjNVd4OHBqZThNanJyYVd4ckFSTnZySWw1T2NNUHhCNEpEd0puSU1nN3BES1NsWVloN09IX2pBS2w3R2pQaEtGN0hZUEtReWpuaDIxd2JFOUJXd25oSHpRU2V5UmxOS2NESzJHbDRUS1dBZGg1Zk5HbmxLLXRqcGxLYkpMQWpDU2pIZXF1UVBrTlR1RkxMV19jMHlCdmwxaDFjWVRBa1dEcUJWUWJRU3lMcUxSaWp2eFZCR0ZWSE0ybFlnVGNyZGUzVTd0QUthVDIyY0NoMV83d9IB4gFBVV95cUxOdFhha0Q0TjJmVkktTU1DNE9ma1NKZ3ZFN2RQZ000dk1iSmFkTWxSRUd5bms4MWtQZWhLUkZtWndRNC1RNFlsZ0l3cnZ6RjlPWWJFbmhXeWhMam05dGlpcUhLZXN4cnlXRW0yeE16QURxQVZXbTZpWmM3OEU2a0QtYmp5UnA2UEtJVGNfV3Y4a3p3Ym1kcF9aZ0xRUVZNbnlaT1FUV0hRa2NmYXZGTGdOdm5hVG5GRHlEZGNVaFBObHJWQkxuSGxUaEp4NFRDdUtRNmhrSlRhdTVSaW4ySEhfR2hR?oc=5,Houston Public Media,2026-10-08,negative
Metrorail,"Collision between METRORail and HFD vehicle near Texas Medical Center, MPD confirms; second incident this month - ABC13 Houston",https://news.google.com/rss/articles/CBMiwwFBVV95cUxNVkxfYUY5U1d5NUdXQ0J3Y3N6aVlSZDRaQXpqeFp4bjF3ZGFYNm5lX3BHd0V3WTNQSktyTFJrcVIyQmQzYXRFdzhTZ0pqRUQyMWRMYWVqT0dHUWtMeS1xbWJsOGVuak5lTThxVm1kT3JQaXpMaUpOYTAwUkJZWU1fZzJuUnpCRjJpcEI0QVJEMHY3T19ZTmlUcmR0MG0tb1B2R3N3M0N0eE5DbXczcU4tbXZCSENDT1FIQ3pfUHFldkdlWXM?oc=5,ABC13 Houston,2026-10-08,negative
Metrorail,"Houston firefighters at fault in 2 METRORail crashes, reports state - FireRescue1",https://news.google.com/rss/articles/CBMirwFBVV95cUxPTTdRMGk4dVVQVGxzbmtvYk1Ua1lhb01CYlZsM0txWGxkamdKbXFTVjEzYlN1UFFScXp1WTBkNnprZ2laSFFpSXZTbWNzXzJEZjBoYTlIOXJhWHZXQ3ItTDRaZE83QUJPSEVxNVNyVmpYQjdmc2NIckJQSXQ2S2tKWVp4OElsaXhfVWgzdlRLZzhuX1dvd1JRTDRyNk5aX0JaRllYbXV6YVFGM1BvMUxB?oc=5,FireRescue1,2026-10-08,negative
Metrorail,Heat kink causes derailment of DC Metrorail train - Trains Magazine,https://news.google.com/rss/articles/CBMiowFBVV95cUxPSnlRSHQxNTdvVGs2dnRzeUlGaEo4VHdLSzN4ckVUZHhRR0hYejFEUXFvekFfRURKTkcxZ1NoVDdXNUNRTXhMV2x6Zk9DNGQ4ZGZSUW5BZ0RIa1E5cVdONzc2cWQ3ZGJMbUdqUy0wcFlTejNBOFU4emhjZXk3b09SY3FCWGpXSGVST010UUxiTDdiaHRORVhrbTZYUmFLeTlVejE0?oc=5,Trains Magazine,2026-10-08,neutral
Metrorail,Why I’m celebrating 50 years of Metrorail magic - Greater Greater Washington,https://news.google.com/rss/articles/CBMigwFBVV95cUxQZjZ1ekdqYUNzd1NuXzFsbnZwRXR6a3dmbXpaY3pucEttM1NvcVB6VkkzdkY2a1MzbHBHYW5sNlV4M1lHOFZzdUVjYmV5WnFRcXRZYkhfX0NMNUR1NGlnMzJzU01Fa2Q2MFJnVUU2YXVXZTVMS254ZmlTZGdpNkxENmM1VdIBSkFVX3lxTE1aRGpQanZYUElhX0g0MVZxTHhlSHBYdV92ZkNXM0lRd3JXSGFPVXB2dUowWUxLZmwzTmhFcXpUdjNEQ01BdEMwcG5B?oc=5,Greater Greater Washington,2026-10-08,positive
Metrorail,"Doors, barriers coming to Metrorail’s Red Line platforms - Washington Times",https://news.google.com/rss/articles/CBMiowFBVV95cUxQMFlaNDkyTnFzRUdpbzFYRGl5bDY5ZGd1VVkzMXF4OVlLSzBMU2syR0F6WGVadW1rejVwRW5Hb2U0NE1Sdlp2eEpnbXVyak5hQjJMbFkzQmoxWVFLSWZ5LWtlZXlXZEx6SnRBaEJSOVJOV0szM29maHpUNXNGRTcwNkhBeE9uSXNIS2VvZ05JZE1iSTRVOUtVaFd3NHctVHYtTldJ?oc=5,Washington Times,2026-10-08,neutral
Metrorail,"Suspect taken into custody after incident involving box cutter on METRORail, METRO Police say - KHOU",https://news.google.com/rss/articles/CBMitwFBVV95cUxOa0RIbUg3WThjcF9nbTc2Z0xxaU9PMmZ5RGk2blN5elJPYWZJaXhBSzJBZEpRSTBnXzI4V2Q2bU0ybUpOd2pYc3JzRTRJal9DRHl3TmQwdHJReW5Bc2o1aVN4TFlZeU1NbFpKMmFWNVpIYjJuVEdTcFo5ME9vRlRXd2RvTU5raHl3dkZZN2p1VEY5RkJtYlNrZEVHaktpX3JiRzRlenRTbnVxN3d2bWt2dnp0WlBxcUk?oc=5,KHOU,2026-10-08,negative
Metrorail,"Road in NW Miami-Dade repaired after sinkhole opening disrupts traffic, interrupts Metrorail service - WSVN",https://news.google.com/rss/articles/CBMi1gFBVV95cUxOOTZTM1VVeGtTODhzVTZxZFMtYlJpTUhEVW1yNDVpZEhIQ1g5NmJ3VUprSGNDc2pkakhwVWtia2ozVVBBY0hPZmNUOHhTTldId01tLXVSYnhvb3hGd05vUlo0djQwT0daNGwweS1oUDBlV2tVbm9zTk5PMXl3QkxwbHNOcy1oekhmbTFUM2kxVlg4OVNITEkybllma1AxdGJLdV9jVXlzSnhiejd6MDFkTjM2Mk9MQkxFcHlubzc1M2FQSE85WEZjXzcweC1JSE8zdnBzdXJn?oc=5,WSVN,2026-10-08,negative
Metrorail,2 passengers hurt after HFD vehicle collides with METRORail train near Museum District - KHOU,https://news.google.com/rss/articles/CBMi-wFBVV95cUxNUmdDSUlOTzl0NGVtUzh4dUpxR0o3Z2lmNFVxOERHaEVoN2VJaFo1RjJVVUdTMFlrSDRWdThodFZNRWF6c0dZc09Xb2drU0RIWnNYUlp3eHpwRkFWeXRvaFI1aW9jV25ETnJBcVJDeXFvdC1kWThmRXI1SDhJY1NWazRWMm9kdVEtYk9NWkxiNWZwSlFqN0tmU3N6TXRRLW9hYzVZTmhoN0RPLTJfSkZrNnF5Si1SZ3dLcHl3TUl2bXFZSWVpanVNa2dXZXN0QldSaU1VeVU4WFFENkxLSDhYOHZoRmtNbDZtdEpVUWZfSUFSaVY3MndVVDMwaw?oc=5,KHOU,2026-10-08,negative
Metrorail,"HOUSTON FIRE ENGINE COLLIDES WITH METRORAIL TRAIN, ONE INJURED - Firefighter Close Calls",https://news.google.com/rss/articles/CBMiogFBVV95cUxOdXB6NVpWekZHdko1SjgySXpmQlZVdWQwbXlydzR4RG1LZ0M2VVlESnVZcnM2SFRNWkZrNzdzaGstYkhDc1NnRXNKOTFRWEU4RVJ1VkdPSjBhSjcyV2czTDNpQU5HZkRCUlBMbXBUeGFqTXFqV19sWEUzMGU4bEplbTZOTFA5cGtabE5qUzNGZXNibVQ1X2tYM1VxZFdhRXdSSFE?oc=5,Firefighter Close Calls,2026-10-08,negative
Metrorail,We’re Coming Home: Your Public Transportation Guide to Getting to Nu Stadium and Being Rewarded! - Inter Miami CF,https://news.google.com/rss/articles/CBMixwFBVV95cUxPTm4zT0Y3c3RyaGtIVGpfTGlqeHZsY010RW5veGtnWGlDM2RoZkdhMUZkOGlfUmxjWFB0b2VYY2wyM1ZVY2g4Q3ZpNFBCRlBCdmIwb3V3UXl0dktKYzBlV1FlRndBYkFtLVVmek1DWHFtUHlDZGZvSmZPdmRsZkozSkRFR0pvS1hKVVlPdFp3THg4Y3lBSVYyMGZYZzVWZ01hbXFWR3RNbnB6eXpzX3o2WTNhdmZEWUE1c3BTd044VlNGS01nSHZZ?oc=5,Inter Miami CF,2026-10-08,positive
Metrorail,Easy Perks puts businesses in front of Metrorail riders - Miami’s Community News,https://news.google.com/rss/articles/CBMipgFBVV95cUxOdllCbWoyTnluWU14ZElaTTlZS2c4ejFWSHlhS3RGUi1jTUt2ZnEteFhJLV9DYlNwTEt1LVdqWnE5Y2JJTGtCVmVGRTM0WUFqRWdNVE5BaU5WQmpLT1Bta25jV1d6NWl6aGY0UklmZTVDaWpGeDF3UDlBRnBYNXZKVmN5SGY1bWxUM3FuX0w2UjUzZFdUZmo1azQ1Y2huSjllelFZeEt3?oc=5,Miami’s Community News,2026-10-08,positive
Metrorail,METRORail Red Line service paused this weekend for maintenance in Houston - CW39 Houston,https://news.google.com/rss/articles/CBMidkFVX3lxTE1CeThyZTEzNU1qRjRUTkdhUGp6QXBxZ3Y3SzJRNDJMWV9VZEZMS1BUZlZzbVBwTTdaemhSVkgzV3U3UEhrWVhXdFhmazNCV09ycWhHQWtWV0tQVDd2d3pPbUJ4OFU1QVJCUzcwc0FVWGdQRmdoUHfSAXtBVV95cUxQNzhMeUVCNW9oNFdpeEtvTFpEMkNnR05YUVJhbFFabVJjQ3VhSm9xV0trVlo1dTdadTYzQXAyZDYwd2l3dVlSNk5iaktfemczZFNjTUFTVGZ2ejRYUk82bDJXTGxyb1RLRGd3bDN5eVF3YktZenc3MDNURTQ?oc=5,CW39 Houston,2026-10-08,neutral
Metrorail,One person injured when firetruck collides with METRORail - Click2Houston,https://news.google.com/rss/articles/CBMirwFBVV95cUxOa2xQMDhzVVlwdVdNVkNENmlvbHRYZXl0VVdONG9HMUh5Zm5JU2t2WGFaNk1wYzBrc2RoZ1JxMVdOUWl1M1VOdWFySHo0UFhzazJIWHVKVlZXV1hUS1NDTXJsaHBBdDdaNE10eE1ZVU9wV0JuT1haLVFSVy12UnUwd3I2aHlNVXpmOTFGTTV6OGxIczYzY1hCbzh3aS1iM2g2OVNFT01EVnFMclc3UkVV?oc=5,Click2Houston,2026-10-08,negative
Metrorail,Midtown Houston shooting under investigation - FOX 26 Houston,https://news.google.com/rss/articles/CBMihAFBVV95cUxNUjU3aWtTVzJwWHFDX2VkcVJjMlFYenh1RlJLc3lfLWlGcUVVSl9Na3FuM0FTb1VYWjBERG9rTUJMM29aSTNTdE5xWEFKZ2lHZ19VUVNEdGtwR0ZGbWJLeFdHcFhHSjlYQmtqcDVQNmNBcHk2N2E3WTRUZkQwaXpnaFZNM1rSAYoBQVVfeXFMTTU1blJnRE1aVDliSEhwRkZoY3lMSml2TjVJSWhiME5Eam1kZmNiN2pLTUFXWVpYTy1ndDVqaFlsVXY3NUExTjdjbUVMQ3FVM3NQYm5KWnJyUllxeWN3MFFPTW5PSkFlWjJxbklHMnpfR1pTZDJJWU9XZ3VvRWQzQWMyNTY3QjM1T1Jn?oc=5,FOX 26 Houston,2026-10-08,neutral
Metrorail,"Tons of Inter Miami fans ditch cars for Metrorail, Tri-Rail in rare transit win - Axios",https://news.google.com/rss/articles/CBMimwFBVV95cUxOT284emhPb1lnZ2FlLXg3a1RlZ3pXU3dSZ2JwUGtHaFJoZ3g5VVBjREJuZkhxRUZLWE42S0xRT09BZkE1bG9ieHNPY1JkbzcxWkdibW1RUjRaSHNsbnRyeGxUanFvLWdOV0NHMHIwbE81QW9VcGdrUmVHMmFjZG9jQXRKc09xd0xLMktIXzM0MXZKSDVGQzMyRFgyVQ?oc=5,Axios,2026-10-08,positive
Metrorail,"Houston and Galveston Co. drivers to see freeway closures, METRORail Red Line shutdown this weekend - AOL.com",https://news.google.com/rss/articles/CBMiggFBVV95cUxNWWdPelpoNExKTVhfVE9TSHgwblZGLThTRm12MXk2Qm9HNWhEelpKU0F5M1NpVmdFTGY4LU9Da2ZnX1hrTzNjMU5VNVVrT3FJUDVha2pkQUtuY29QWmwxQlQ3ZC1lVlNCVDAyUldOYjNUdHBPX2VYem5NcVpFdDlBQWRn?oc=5,AOL.com,2026-10-08,neutral
Metrorail,Breakfast links: How many people rode Metrorail to a sold-out concert? - Greater Greater Washington,https://news.google.com/rss/articles/CBMioAFBVV95cUxPeDlHRnM4ZmJWakc2UTRvdC1ZYmYyQkdnQVZsRmVIUndIRlVTTU1fMmxjSTAtdURYTnk0anVSSG1WUWp1YXV1Y080WDZiWE0xSVB1QW5ESXV4dGstMGZhekZCR0lTUmZKdFljSWJDWUp1Z1FYYVlQbUw4QjAyREVidmh6cU9HaVdrdzBLclR2YnlaLVo2UDhhalFzU3NQdm5Z0gFKQVVfeXFMTy00bjRKV2IwYlR5aDZOeEhVT0I5Rm5xWGgwR3FzVXpoR3YzWFlFVkN0ejdwN0RxcllHSkNyclNMQTl4Y0pUY0R2Nnc?oc=5,Greater Greater Washington,2026-10-08,positive
Metrorail,"‘Elevate 54’ Planned Near Brownsville Metrorail Station at 2845 NW 54th St, Miami, FL - Florida YIMBY",https://news.google.com/rss/articles/CBMiuwFBVV95cUxNZTlRM2tkckZCVGN0WjBVVG4tY0VoS0tCbWVpdUVLdV9oM0U2ZUhaa1E0UGU5N1FWVG1RTHNPRGd0ZlZXYi02SWhlZXc2amJ1T0NOR25PdXAtZ2FiTm5MTHYxTEE1cGhESVNZVEtwTm1FYmp4eGlfQlpKMXNTXy13V1FYbzdYMnlwOG1ILUYzU0xoQVZTb0JrTVJTRjFRVmxzN2tmb05rWGVKelN6UGd2Yl9yNTNMVk5QRTNr?oc=5,Florida YIMBY,2026-10-08,neutral
Metrorail,"Montgomery County Department of Transportation Director Chris Conklin Elected Chair of the Washington Metrorail Safety Commission - Montgomery County, MD (.gov)",https://news.google.com/rss/articles/CBMiiAFBVV95cUxOOTFidmtWeXlpeU9pOTEwR25mN0dBSDBhMTNnZjVrMTJYTVlQRy1hM0lCLWJ5eWE4ZXpxR25nOVMxNWtvXzZsaHpZS3g3ZkFYX3hwMDloVVgzblB5Wk0wU2xUdnN6ZllLZFMxcTBNaXRIazl1UFNfbmZrRGVYZ3ZZdWg3MGItZUtv?oc=5,"Montgomery County, MD (.gov)",2026-10-08,positive
NYC Subway,"Subway Gates Deterred Fare Evasion, M.T.A. Says. More Will Be Installed. - The New York Times",https://news.google.com/rss/articles/CBMiekFVX3lxTFBKX3plWEpMbmVwWktQT0RWd3Q0SnFXMHczT2tCRC1wV3kyempHT1BjWl9qXzMwOGhnVHFBam1lOW5qbGJZYWJoX01IRDN6b2FhTk1BWmlDN1NtUmplTGtKSW5QOHRjZzlneWd3QmViV0tmRWhQUVNreW93?oc=5,The New York Times,2026-10-08,neutral
NYC Subway,"New subway fare gates cut evasion by 72% at some stations, MTA says - Spectrum News NY1",https://news.google.com/rss/articles/CBMirwFBVV95cUxQUzJEdzkxWVpsRkFwNXRiN1ZoMHEyUkU4NjJYUVNMbi1FRzZ4SGtxeEJITzZIWjM2WVJaODM4V3dYZTZEbXl4d0pkOTlyRUVjcXVlZDkzeGFMRS02aU51YlNyQk10Z0FPU0tZc0ZxWndKbHpURElmelRkVU1kMV9Tb29PTVdaV1c5WjcydXZXalNfejN5UTF6WS04c2VOWlA0SFNGbWM0ZjlhUlJCVVdV?oc=5,Spectrum News NY1,2026-10-08,negative
NYC Subway,MTA installing more gates in NYC subways aimed at stopping fare evasion - New York Daily News,https://news.google.com/rss/articles/CBMisAFBVV95cUxQN0FwNm9fOVhKSWRtYnBxeC02eEdrT05UUk8xZmpwRDRNTURwR0liN0hRbUJpaG9XZ0tteFk3TEFZT3pUNWpJaUgyNzJJbXQycko1b0RXMHA0SHZvbjM5ZkZaaVpoZkRkdllYR2FpRVB4aGtod1B4dVdiNVNvUUx1a1RwSVh0YVZKNDFfWHhneExMdGYxa0RvVHhfelhtN3A0alpzN1hmSzdYWE9aRUdwSg?oc=5,New York Daily News,2026-10-08,negative
NYC Subway,Viral NYC Subway Artist Making Book Tour Stop at DMA - Yahoo,https://news.google.com/rss/articles/CBMihgFBVV95cUxNMEFVVHUyY3NEajJlSGZhOXp3dWhtNzJ5TVNSUEpsSDdOazBpcm1YRUVtYi1pbk1XajdXenY0V1hIV0dnZXhqNFVDVVA5RWFmNVVDUUJaNnNvYzI3eTlZaU8wNWI0S3VYYlpHX0V1WXd2QVBWRjVHQlVMMG56ZUdScEFuSFJlQQ?oc=5,Yahoo,2026-10-08,negative
NYC Subway,"NYC Transit sale: Buy subway signs, turnstiles in Brooklyn - ABC7 Eyewitness News",https://news.google.com/rss/articles/CBMipgFBVV95cUxNRjRyUnFCdGVlNG00UXhHMmxfbU41RDI1SUhpM1d6bTdfbWhzUmtYbDhucDQxcnI3dG4ta2xJQnozSHFIOXVVUTk2SEtQWjFabFlqaExWckRXVzJ6cTVKMHJtTEhVWUpEWXlqTklwT2xlTVhnNWh0aE9idDA4Uk1qR2RXSVg3b200QkR4aGdiV0VtSHFtUVphY1NERWJqckFnT1AxcGl30gGrAUFVX3lxTE9Xc3BYOHVvX0Z5VmlUVTJvYklWV0o5ZWwya25BeVA1dVgxODVxMllENFZ2UE1TeXhyeHhmbEpGSjYyMnV0TG41ZzVmalNhY0VKRy0zYW5ZQWtzZ2Q5eHE5WWt6MzI4OWdqMGRLd2tkc05xMmRjaThCMGdNX1VvWDNEclBnUVdKMW4ycnUzZHlYVmlmVmkzbTV3cXdyN3FDaHF5cWc5OTRRaVlyVQ?oc=5,ABC7 Eyewitness News,2026-10-08,neutral
NYC Subway,NYC subway dragging death reveals a hidden danger that puts every rider at risk - New York Post,https://news.google.com/rss/articles/CBMiugFBVV95cUxNV2pQM29NTE4yYWJNSl92SGdhMGRTZHFRdm9FZldnNWt5QjlJVWN3YXY4cThFSEhrSmVBWk9DX2FnbUZYUlZDeVRaZFVKVmRlNUFEc2dHbE9tUzl4RktURDg0SDQtYUlPVnJkVTkzbjRVVE9sOVZ3eHZXdDdvUHpnU1J4NU5LWWtBZXcyTU03OUREOXVzNGhLQmRBcEVFZy1hZHd4Ni1Xa2w3cVNJRXJwd2tWOVZ4bjdoRFE?oc=5,New York Post,2026-10-08,negative
NYC Subway,Woman injured in random attack aboard NYC subway train: NYPD - PIX11,https://news.google.com/rss/articles/CBMimgFBVV95cUxNMnBkWmJXZ0Y1bWJ6WWZGb2NjNEZIemtLZjhlVGE5TVRGRGl1a2RVUXo5SjhleVI0Q1p3ZlYwaGxTc3pPTVF6UENwUVdnQk1ibm5KZi1pdWNRR1hLVnRyazZxMUJrZzNLUFBfVnlXZW01aG4zSGE3Z25fUVJCalQ2bk5oMGpaRDhLLUtPZlNXYkE1SEs1Uy13MFBn0gGfAUFVX3lxTE5VN3k5RWpINXpyamZLaVktVlBJR3dVQll6YWNjc3M2Tkd6dXlDTDNQdWF5T1hmbG9PZFZEX3dvcmZKLVdJMERFdmpUZ01RMU5VWjNrUGhWSklRRC1PSGdwaURBMEw1NUtDMzhTZUpiWFVSc3JfQzBLS0NEejFVbms1Vm15Skw5dDRqbDdLNTl5YzFqQnpJcF9OTnhma0M3QQ?oc=5,PIX11,2026-10-08,negative
NYC Subway,"New NYC subway gates to be installed to combt fare evasion, Gov. Hochul says - CBS News",https://news.google.com/rss/articles/CBMiswFBVV95cUxQTTBjMV9JZmExWDZaUzJCQzQ1Q3c4OEZ6Rjc1UkR4UnhSMkpUOW9BOFJqOGI0N2FucldMZWs3S0ZyQ29NME9lcjQyQWpaNU51dXFBaVp6Umk3ejVPNFdMMktaUHh6ZTRxQXVPUVkxaUZrQVlsaWZwWXcxWXdhQ3ViMmNLNGgxVFhLSURmckJubExMcnZzNVd0VzYxcjZiTmFUQVhxVGQtVUU0ejhhNmZ0T3I1MA?oc=5,CBS News,2026-10-08,neutral
NYC Subway,MTA to bring new fare gates to 20 more subway stations after 35% drop in evasion - 6sqft,https://news.google.com/rss/articles/CBMipAFBVV95cUxOUzhtVUU1aV9STWFZMzc1Y3BMUEpHMFZIeHNLNDZTeERUU2tqQWhqeFdZQUNvNUpQMmloWC1MbmxjQThFUW5oUTVSbnM4MmVNdHd4V3gybW01N2xDb2xCR1hxMnlmdnRuYnBrUDVtU3YzaUd4QWZrX0R2NHJfQ3ZhMWZOdDRDMjkxeHM5SUxSdzd4dDZsQVdWZmxPQmpQZjlhSW40aw?oc=5,6sqft,2026-10-08,negative
NYC Subway,Viral NYC subway artist making book tour stop at DMA - Dallas News,https://news.google.com/rss/articles/CBMiyAFBVV95cUxQUkxLVXBTcEVqOE5OMHd6RHBvd2ZzNW84QVpvcFBYeTBfcHFmWVJvZmlqZm5MNjkta2cwQ0lXc29xSTh0RWU0MWdHcFVOMVRjSEZCbVprTGRXaXc2NUtlYTltclpSMURXa1JiazNHX3QtY2FZb2U3TUhyWThUVGIzRzY4QWIzR0dyWlpXOUEyb28yYnFwTGRLczZ2UF9HakdvVVgtdHVEamptNDJYcl83OUVSMW5VcDB2c21MMmg4b3RMOHJ2UWx0cQ?oc=5,Dallas News,2026-10-08,negative
NYC Subway,Multiple lines partly suspended after person hit by subway train: MTA - PIX11,https://news.google.com/rss/articles/CBMijgFBVV95cUxQeWYyZWg3ZzRKOGdrVlRobWxIdmJ5MUdQbU40bU1kcDlRXzNKNk05Q3h1NGpQYk85eXpMbDFzTG9FLUlTZWtaNHUxQjZ4OElYZWk2eVNkcHNsMXEwNnpTbzhDT0dYNHRHdzdWdjd1VG9xeEJIUjY1dUJZdk9oa0I2VWxWTUZtZVA4QjFtWmdn0gGTAUFVX3lxTFBuOHFXNDU3Wm1zMlRpcmYtZHc2R1lZSHZWN0sySWVtbWZKRlBNZmlGMVFDMlJKLTF3WDFjOXVxV2JhWDJPZE5FSkg2a0VseHp5cUZBckFPNlFfZDFQTHVIdWphTTNPWXB2dGtoUjBMZGpKamJ5VWc2YW91SVowMnZXNUhuemZMTzhHQmk3NF9VaWhUUQ?oc=5,PIX11,2026-10-08,negative
NYC Subway,New fare gates expanding across NYC subway system - PIX11,https://news.google.com/rss/articles/CBMiiwFBVV95cUxPWlBxUlZuYUlRcUVrVUtlME9zZllwbkVxOUJBblBDdDl4TXNUZFphSVZRWV9TVVVYNHF0VHRMSlZGeDBvQXREZS1sSUpweVFxRUtfMGszT1ZHYzNaMHVZZFJvcW16MmtwMTEtMGUzcGN1S3JUSVJ0OG43cUZNTVI5TDBxaVBHTDh2ZTlz?oc=5,PIX11,2026-10-08,neutral
NYC Subway,Viral NYC subway artist making book tour stop at DMA - Yahoo,https://news.google.com/rss/articles/CBMiogFBVV95cUxQU0tuWTVYWkF3MjA5bDdMWXktQV9SamN2NUpNUGlsai1NQkF2aHpvOVo1SVMtVWFIckJ0QW10NER2R2FVZkJPRnRVQm1BM0hyRVd6RmVBelB1NFVPcXozQi1GRnZsamdjMGU0YjYxVzUxQkZ3Wk9rOS12TlZBbHJ6R2NBTGxqaWJVa19VUlZYRnVwenI3NXd6LWpaams4cFE3MGc?oc=5,Yahoo,2026-10-08,negative
NYC Subway,"Conductor on NYC subway that dragged man to death may have skipped safety check, source says - Gothamist",https://news.google.com/rss/articles/CBMiugFBVV95cUxOVGFhNThWc1RvcUdfUVJKa2M2eTR4d2o0dktBYURidGFfVGtuQlRWeW9ENXA2eE5WdFlaQWNoQzJBTWs4WVAtZzUxZFJodGtRSXpxb1dFWlFvSUJKZnVwdzNCU09CcTRfSG0tUDhSVUhkQlZYUU1mOHhOTVZaZjdfcHkwSGU5NERocUpHNUxkTTVZZlNwcDAxbnRpS0dmVzNKNTM1cC1lYTJXODdUMzdMWE9sSVpLWkIxbmc?oc=5,Gothamist,2026-10-08,negative
NYC Subway,"Man dragged to death by NYC subway train after bag snags on door, police say - ABC News - Breaking News, Latest News and Videos",https://news.google.com/rss/articles/CBMikAFBVV95cUxOVFVEZl9XTDcxUjB2NzN4TFpkaGxJSWg1bjkyQWlPdVBlZERFUEQ1elVVNEI1bHlTU2xRX3owX0N1NW53VHVwV3NncUNTb3J0Y0dzYWZxU1VuaEZpOUg1dF9MWVpCS01DRnRsX00tcEdWUkFoYkVmcG9ZTGwta2lfNU1MWG9aTGxfSXVsU25fNFHSAZYBQVVfeXFMUHhFRkFKRHFLa2MtdlBQNzFoUTZ1RzM4anJoaVJFUTBxN1AxWTFjWV9IVU1xUWJmZTNPM2M0S1NVbGpMeTM1TjI2cmVfb3VQX3Mta19aMWdvbnNVN2kzNDR2alJRTHFLRnB1MWFIeEwwdXFFU2hqWmpIVVcxbV9tMWRyWmRrS1lwMi1YdW0zeER3NXRtbGFn?oc=5,"ABC News - Breaking News, Latest News and Videos",2026-10-08,negative
NYC Subway,"J train stabbing in Queens: Man, 25, charged with murder - ABC7 Eyewitness News",https://news.google.com/rss/articles/CBMikwFBVV95cUxQeG5jNjM5aTNfMlpQSWFBRVQ3NGRIa25GZFUzRDd2TmlCQnhFbXdjLVlNLWUyM0RIVjNTMjJtbHZoaFNWSjFTaGQxZWFuWjZQMHdLcDVtV3ZETG9qalhHR015dkNCUDcyTXRaNkYxdzAyd2haMERyV2pWN05kV3NpMWM0QXBJTWRaazdTcjAwYjdzelXSAZgBQVVfeXFMT1FFSm1oNWV4S25WeFZXNFhsYTlxWVdaZkt1cTZVaUExYmlTUFpwanhmeE9raHFVQjNhU09OVXpuY19PR05SOUswaGVNc0lqWUJ2Qlhnc3FQbkRvR0MwU1VwQ3NpbDctT0c3aXlBTWRPNzFCLW5uN2g1MDVlVC1vOW41QlZWRFZDSmgyelJDTnJvN2dfbklsRGU?oc=5,ABC7 Eyewitness News,2026-10-08,negative
NYC Subway,NTSB investigating horrific subway dragging death in Brooklyn as questions swirl - NBC 4 New York,https://news.google.com/rss/articles/CBMimgFBVV95cUxNQm9pdlpyWmUtTGNOSVYzT0V6dWZnZUIya1J4b3JLTzVZYXItV3h6SHdIWi1WX21XQjZFeXlNWmtyRDZNSUxNdTZWWXp6UXpKRmE5UDlvZXlPb0ZtUDNwUkZ3allWZ2JBRW5MQ1JWX2xMOFZFVVYtTkFUaW11OEpWTjBaclNtbVlWQ19BeG1KczFoazU3eDNvVFFn0gGiAUFVX3lxTE9ISXlIZ2JkYjA5THNVM3p2aWpwUDVqNlB5V2VFQkk1LUFwVDVhbUl0WG5iU1YxVFpOQ3ZFLUc0dF9fQUp1VzI4UHpnRHo1bm5GeVFOQ1NQVUZ3b0swWDZYd1RKbVAxYi1mcWZBeDYwY3N1SHBEcHlpa0o2eFAybExUUmdIOGtFMzlndy1HQ0VHakFXVGRpZTVOVV84Ukt5X3BBQQ?oc=5,NBC 4 New York,2026-10-08,negative
NYC Subway,Video shows good Samaritan chasing suspect in fatal NYC subway stabbing - NewsNation,https://news.google.com/rss/articles/CBMiekFVX3lxTE90T0lnSFV6T0wwTC1QVUlxbWJsZkhpb2NZUnBjS0FGQWVZai1kbXpjUkg0VGg4bFY1R2lIdTR0WjE4NHZibmljbi1xd25Kb2NBU3ViQ1kxOGlueEM0MnNLUUZ0NS15LVQ0WEh2WlRqNllZZHNwMGs1NU9n0gF_QVVfeXFMTklJX3ZXSUhCY3FkZk9uRHFhZGl4b05CS1VFbS12Tm9rSk5qTkZ0TVJ2QVVWNGhHck5WYlRuZm5NYWRvS3dJR3JWXzZjRFNDYktvUko5RVRINFdZOUdvX0ZGRzJjSDE2ZDdRdGdrTXVNaFlydE9Bbk5kMmRKVVJGZw?oc=5,NewsNation,2026-10-08,negative
NYC Subway,MTA suspends J & M train service for 5 weekends to replace 29-year-old switches - Secret NYC,https://news.google.com/rss/articles/CBMiowFBVV95cUxOSExMenlCYmo3YkdqT1RrdkdOTGIxUWZOTXlPZjA4QnJESVdZMFk5SXVPal91RlZ4Z2x2bVNPWEU0X1BDQ2FfVzg4cUpzcFJHckNxSGVvcDF1WGhZY1lZZm1jbUFXQmYtMnZpUmFzOE9hM29sQ0NxdUFoQVBkczktMGdtX2RfaUhTX2RFeno4ekl2UTIxeWNQNm9od2x0OElMRUxn?oc=5,Secret NYC,2026-10-08,neutral
NYC Subway,Man is dragged to death by a New York City subway train after his bag snags on a door - AP News,https://news.google.com/rss/articles/CBMinwFBVV95cUxNSzNkaGtxeGN0bTNaR0kyOWhTZFBFRUtlY2NzOVlhWjJMRWljM2s0WU5Zc3BiTlloeFB3eGJPMFJGY09KRzJoNjVhVDBOWVF2NHUteWFqUGEzVEtnenJ3SkQ3VTVEbnVjeU1OZDFBYVdCU3c2akZKcHRNZjhaWnBHajF2dzdmajEwSlhmOFVRM0xRSnRVdlFzZktFcjd4eDg?oc=5,AP News,2026-10-08,negative
NYC Subway,NYC Subway Dragging Death Reveals a Hidden Danger That Puts Every Rider at Risk - Manhattan Institute,https://news.google.com/rss/articles/CBMitgFBVV95cUxObjZJSkVxaDBoYk1XSlhrMUJJNFZ0UjRucFNud0xFUnd3aVVtR2hwNkdPMHplV2tpTnpLNXVQZ0Q0M0d0U3Y2ejB6dnVhX2F2MVdFZnJ6NjF6WDUzaDM2OFJ5Y0E4Mi1TbGlVdlNVRDUwajY1MUhkNTczcGswRHhVaHdCa3BOMlFjUlpFeWVSZUkyOEJPOUd1Ym5qekdVeGstYzlBWjFHa3pESTU3dUI3akpLU2FSUQ?oc=5,Manhattan Institute,2026-10-08,negative
NYC Subway,Fatal NYC subway stabbing: Learning more about the victim - FOX 5 New York,https://news.google.com/rss/articles/CBMirwFBVV95cUxNT2F6U01feHRtNW8zM2FxdkprUjJxZDdEQncwVlg0VGl6dVJZaGtCaGNMVmNvNTI3ZDVfOWlBS0pabVItUjdrT1Z1a1JaZUpBOXhvUElHbW1lWS0xUzY4ZFZDX2xKeTNFQ3Z1dEY2TGJHNTVBOXZOOXF4TXl2X1JJdjEweWQ2LUtPM0pMOVRudlRxWnp1RUhJLTZLazFvOXhTRG9NNUVpOXB4M21ya05Z0gG0AUFVX3lxTFBnWThVTnZPMl9HV2xITGhpelF6NUlFWnFfU1JLUFZMU25PMlhoRXdVaExwZHJaWG56WlZZUlJsbF85ZERWQ0pmNEpjbXhtc3JtcVNLUTVxN2t4TFBydmFCb0dyU19GS0dlRjBzcy13MkhEQzU4czk0ZXBYUlJMT25Tb2sxQWx6Um80WjlTc0FhbWg4bFluRHRCTFFwVnZndDliYWdHTDFSTHBCQldtNzhJVjRYYg?oc=5,FOX 5 New York,2026-10-08,negative
NYC Subway,MTA expects Trump’s tariffs to increase new NYC transit costs by $1 billion - Planetizen,https://news.google.com/rss/articles/CBMitAFBVV95cUxNYWY1bnk1ZmJnSmcwc204VVp1UC1CVVZiLXVmNDBBYlUxZE5teUlETTBFNmtMQjRqUTFsQ2xxMnlNdnVocEdIZHBoOHFpYTFZWWttdEMyamJlNS1XbEdhT3FCYzZTb3JiMEFwMzNocTdaY3NKNE9ENnBwU2k0NFVRdms2NW8zNEtPYW8zemZCZTg0SnZnR0xGUklnNndZVlFyaGJvMDBUc0NIcGFWNWJXUVNvMkM?oc=5,Planetizen,2026-10-08,positive
NYC Subway,"MTA doubles down on new fare gates, plans to expand to 20 more NYC subway stations - New York Post",https://news.google.com/rss/articles/CBMivAFBVV95cUxPZVk1bWdTY3Q2cVZIUExiWGlYOHJFRDJHMXVQaFFBUVBvWndHdjlhaVJ2b0dFb3RZUWo0M05tTnduc280T29GOVpxd1VhSFBOaDRZeldQZmpuRk5qUHR6NDRWLUtTT3pCdjNxZG1hZlEwQzBHa1BNaGNJTHhjaWxnbE4zYXNPZmdfdXdWaUZQOThmNFVYejA1SndKaXFNSUlJZGJseHhVZ3BHa1Rsd0F0cTloMU5pbE5qdlctVA?oc=5,New York Post,2026-10-08,positive
NYC Subway,"NYC subway passenger dies in Brooklyn when bag gets caught in train doors, police say - CBS News",https://news.google.com/rss/articles/CBMilAFBVV95cUxQTUJXRW1rMDJfUHFYbHZXSENHZkx6ZVAtUHRNZzdBR05kOVJGRzhjNE8wU0s5Ri1SeEZNQVA0WGVPMTYxSlJRNE9OY0pLUTl6UWRmRlNnT1NuWDF0RW1JaTZPSUR6bDZoV3pOb185WWxicEVoN2k2NDNrLU8wd1FqS0MwcEVvQ1VyMWU2RGJ0S21pWkVv?oc=5,CBS News,2026-10-08,neutral
NYC Subway,New fare gates expanding across NYC subway system - Yahoo,https://news.google.com/rss/articles/CBMijgFBVV95cUxQQ0pHUVRxN2RlcFExdklHaVNvYnJZNzE5V0E1Wlp3a21DZlFYRlhXem52U0xmZjJCQVJDQWdEem9HZFhzdmhCVURISFZNMDhSMC0zZlVPTTJSaUsxX05KbGNGTEVtMlZDVGtDVU9mM2xYMllFeUZjb2NITmlnMHlMejhCS0VBM1lweWNiZ1Jn?oc=5,Yahoo,2026-10-08,neutral
NYC Subway,NYC subway dragging death highlights an old school MTA failsafe - Gothamist,https://news.google.com/rss/articles/CBMilAFBVV95cUxPR2RSSjNmVmxYbC1KbVFucjFZMkpUMWpRaHJrSGpoT1ROamR6VGktdm5IXzhOVTFjMW5TOGVCM0I1NFVBLUdpQ0NQaEd1c3FabS1tc1YzdWdjd1diOUVkZkxhdEx5Rkt0Y0pRRTJwZ0p1SlRfVE13RlIzdDNoUm0wUThVLTBDQzM4R0RQMHN4UndkVzUy?oc=5,Gothamist,2026-10-08,negative
NYC Subway,NYC subway boss says man dragged to death by train was 'unsteady' and used a cane - Gothamist,https://news.google.com/rss/articles/CBMiqgFBVV95cUxQNDdraHBTM1h5MVhOcm5RVDJkQU1DbVFoc2JacHVWUjBaQWpLbkthcjFaSURWWi1paW5MalFvVVB6ZUlqVm5CcGRobVg1bExETF93djlBYUQ3NWlGTTUtZkhSYzNkQ0duYUxMOHAtdkJfeE1xVTNCc2JHZzdSdjJqSDEyZDdBbmlld2Jma2JNalhzWFVqSzdZRGljWGRpY1JTeGJGamZjMzRQdw?oc=5,Gothamist,2026-10-08,negative
NYC Subway,Horrifying new details emerge in man's subway bag death - NBC 4 New York,https://news.google.com/rss/articles/CBMioAFBVV95cUxQdzA0NjM4QUVPSHlNbVRMdFVlVWJveUhPSHhtbWNOTlFETFVFeXdfZjQ3OXo4ZGpWNHFwRlVVM1RRR000cTE3bEVfR2VkbkFCVDhObGk1cGc0dER5RUZQUXJiaGJOR3phR3g1MHA2eklrLVNodkJ0RHJJemJrYWh3Q0xwOUpwWTFzYzJqR1JZd0hERTJLSUI3cGEyRmlhcGJM0gGoAUFVX3lxTE0xdUl0VW9yeExpMGM4eDZ3RjFCZjE5bHRhYWUzdmt5V3Ytc2IyeVBQMGl0elhidkEzTmhueHJWRTVNM1V6VXBKNTEtOVJaUXZNeUFzeW1RS0xVRUstbFhYWmRKa2xMamhGbl8xYlczRjkxOTZONUEwYWRkWlo0amJ4aWh3c2lXdXN1djF6dkJRZFJwOWhWclhTVkswOVFQWElkYXhSZWtkaw?oc=5,NBC 4 New York,2026-10-08,negative
NYC Subway,NYC subway system hit with major delays on multiple lines - New York Daily News,https://news.google.com/rss/articles/CBMingFBVV95cUxOSXRNeHBYZk82elVERjRweG5oNGN4Tk1raHh4Q2VwWk1RMHAtMnp6UHdTUXRqaDVlQTlPajNxakpHc0d0YXR3Q3hyMlV2RmxyVHRmRkRuRDdpMmtpUHo2NG1uSklLSGpWQV84cnpWN3pMckp5RkxwRFRPbXozcFp4NERZQjB1bUhsTGFoWWhaT3JwRGluYlp5VFRkSXY5Zw?oc=5,New York Daily News,2026-10-08,neutral
NYC Subway,Subway debate: Wary women discuss — how late is too late to take the train in NYC? - New York Post,https://news.google.com/rss/articles/CBMiogFBVV95cUxNOWZ0UmlaSzRtdFZjdjVkdVAzWmNTT2FRb0x6dVZZU1Ryc3FlU05HaWE4TGRBV2tnUjNoSnV1ampMNzFjOEg3Wm9fSmxmWmxYN3RsT1BsSnhlUl96Vm13SWhiY1p0Vy00Mm81dEE4cGFOcUNBUnRNaWpDbHhUM3Q2UGg3MVhMRE83cEZhN2JBTk1maWpFNFJCdGZhTUk2eGtUR0E?oc=5,New York Post,2026-10-08,neutral
NYC Subway,MTA worker finds days-old dead body inside NYC subway utility closet - New York Post,https://news.google.com/rss/articles/CBMinwFBVV95cUxOV0dPd1JLcDhZMFNZaDY5aXZ2T2xNMWpGSFI0dWpSeDBudTFjVWtOLV9nYlBtZnZWWUFUZmhmSndhY1JGRWw0Wk9BNk94VW9lU2JFc1VzbWNfRUhKQUxLSVRlNVUwcEhOWGhWWGNPTG92cFhyY0RUV01LaUdBelBsdVk2UHgzVjhobFBrZzIxZ2VWVi13Vk5rZ1VNUGc5akU?oc=5,New York Post,2026-10-08,negative
NYC Subway,Springs between NYC subway cars keep injuring transit workers - Gothamist,https://news.google.com/rss/articles/CBMikgFBVV95cUxPYmxUU0NOQ1JvY1ZURkgtT2EteUdSajBsOVJOZ19NaUNqZnVtaWdraGxlREotYkFiWHpNSnlGZnZ4NWNDU2xyekcxb3pwdzFFSzc3eExCdUJld1Y5UlNSejdiaXllM25LNWRUSFo2VDBUZ2dxSjZ1QkhtQTROTXFpa0FucmgzWnZnSEVHSkFyNWVYZw?oc=5,Gothamist,2026-10-08,neutral
NYC Subway,Opinion | Please Stand Clear of the Accidental Art Museum - The New York Times,https://news.google.com/rss/articles/CBMidEFVX3lxTFA2S1pRT29fTXRneGlkUHN5Vjg5N1pWMnlDZnlNaEhNWVJGTV9ISVdUZjg4RjZrR3FZcWxGWkZpWmJhSW9FVl9VVEtoelM0S1pkajBkV2RQemhCLWdHWUlFd2owdG1lWk1VQ2twNjYtM0hnUFJM?oc=5,The New York Times,2026-10-08,positive
NYC Subway,"Madman fatally stabs straphanger, 59, during argument on rush-hour NYC subway train: police - New York Post",https://news.google.com/rss/articles/CBMixAFBVV95cUxPSUFwbVJhVEJiMG00VVBBNF9VOTNBR2NEWm9zZ1NvbkJyWWxSa0I2c1Fobk9iN25LbXVUV01kNHotVGxCbjhlQ0ZYRjNwZkJqNjVBYjd2N2lheW5rY3pMZU91emFXRGdscHdqZG16U3lpRkxlZUZCNUExdG42MUJnWmVqUUxwRkNubVUtODF5Vnh1Y1djZU0wVTFkWjBxOFJIWUp1cUIyNWVnWXp1S0ZGX2N0OG1ZQWhJT2puMlUyd2hyM1JJ?oc=5,New York Post,2026-10-08,negative
NYC Subway,Man arrested in deadly stabbing of 59-year-old aboard NYC subway - PIX11,https://news.google.com/rss/articles/CBMimgFBVV95cUxPQUpQeFBRR3NNRWJRbFE2S1ByZlNJUDZVbjF2M2pJVXhNaDZ2X3pDVTYzb2t3OGdvWm9VeUNIdmY4MHN2QmlTZHc1UTBVcmltWW0ya0Yxc0ZOUHNSZG85SjVTWkNRazEwV0hKVjBqMXV3cGdIVkFZeFMzRThtLWRVZEhTMlFleWEzSXZZZEZoUENvOWtkNEVueld30gGfAUFVX3lxTFBjRlVkUWlOYjRRQmtNZ3FTVWREdk9pY05RaktrcWdYQUxLMExJWl9YdUJLSkhjWk5MV3dXRmpfUEdtdUVFenZFb2dqLVUxaGUzY1h1c2JaSkZHRTZJRFlBU09EdHdUN0IwbXp6a2lyWm9hNFFOeTdqWFIyQ2hpN2dlanlvMlBTdW9nU1JVZjd0ejJHZWJHdEtZN0kxZ3IxZw?oc=5,PIX11,2026-10-08,negative
NYC Subway,"NYC subway conductor unsure if he followed safety protocol before man was killed, report says - SILive.com",https://news.google.com/rss/articles/CBMizAFBVV95cUxOaVQ1WFNaNEt2Tk1URENsMTVYSlE4WllHMUVHZE1fbDRoN0dkZTRJeTVhTUZxX25KOEoyeGh6YXVWNS12QS1QVnJCRjBxa3Z2X1JpdTVPVDk3WjA0R19jeF93Z2dfUy14NlRBTEtnNGU3WHhpWURYX3FDUG8tcGRJRm5zdXFXdVM4MG9EcDZlbmlVYklrTGVtZDd4di1BakFsWERNNV84S2w2MWJGTnpxcVZZVkw0VGVPT0hkWEpTeE5KUWNoS19PTWxSLWI?oc=5,SILive.com,2026-10-08,negative
NYC Subway,Man dragged to death by NYC subway - FOX 5 New York,https://news.google.com/rss/articles/CBMijwFBVV95cUxObS1YUjVGeWFjb3BiSEZXc3RGSng1eTFlSFRSb3lYdURmUlBVN0ZMTW9JX3Q4SkhNbFF5X1p3YmFGWmZIZ1Nnd0YtU3hodWxpOXdBeTZIdFhyWE10Z2V0UzBRbXA3LVZmQlVNUFFuUXdxYk51dmtXOU9YYVA0UXhSRXBQc2xxUVFVU0tDTVluONIBlAFBVV95cUxNTTA4eWUxR3FmUHU1azNkWEE5cW9Fdl9aZVRSd09oaWZEaWkzRmpyS3IzYVNfbnl4Tm10cGZmb0VKMjZTaXU4QjZNY25vTFBHbHA0dVptUkRtS0hMS0pjeXdxVUQxU3V1bTJYUzVPWG94X2FyZTJiMXdiVzZXVHlXaDhtSkNBVWZIZkhVTGxfOFRVQ3pY?oc=5,FOX 5 New York,2026-10-08,negative
NYC Subway,"Man dies after stabbing on board subway in Queens, police say - CBS News",https://news.google.com/rss/articles/CBMie0FVX3lxTE5iSm9JNXVCRmV0VHg5UVlDdmpLMlptQ1hYdGVfNVRKc0d4UWZRUm11M25oWUVEbUg3TVJSVDRBZjF4aVBhbUtmYV9pcjhTVERWR05jS0dueDkydTFOMXdXeEdUY2lRSUJOY1dvc3BrVGxMRlJuWkFVV21IQQ?oc=5,CBS News,2026-10-08,neutral
NYC Subway,NYC subway riders rip MTA over L train weekend shutdowns: ‘I’m numb to it now’ - New York Post,https://news.google.com/rss/articles/CBMimwFBVV95cUxOTGdTX25VcEpmNnVsTVVHUGZJRWNQYlRCQlNjSTF0M0gtNjllYVkteHFCMndEN09qTTJVcGtXU2Y5aEJqY0hiclRYa09DVS0xTUUta1FOVXdqeWJvRkF3VHRDNTNEdGw4aXJ2NlpUUm5NUG91bE5EamwtTmtJeldGNVFqdjNMQmw2SGY2YzRYNHJuOHkwNTlMRkhkVQ?oc=5,New York Post,2026-10-08,positive
NYC Subway,"Man, 57, Dragged to Death After His Bag Became Trapped in N.Y.C. Subway Doors - People.com",https://news.google.com/rss/articles/CBMingFBVV95cUxQU0dSVXBGc0hKUVNXRXpBY3ZLUVFsamR6Qk03aTZpa0J3YWJOS0hzVEN2aVZ6WGpLd25yQkdqX2pJQzY0eDlrck1heWl4dnhQdlNtemFlUjFSUjY4bThDVXdrRE1FOGJqY1dZMkpPcWhHVEk3Wkx3ZU9ualJBbVBxSHhxR09FWDhIN21CMVJLUC0zQllyQ0NxYzRuaFlSQQ?oc=5,People.com,2026-10-08,negative
NYC Subway,"Man fatally stabbed on NYC subway during rush hour commute, NYPD says - FOX 5 New York",https://news.google.com/rss/articles/CBMihgFBVV95cUxQd1ppMDk1NEI2RHY0Wmd1M2E4S0k4SExzcWJMQnZGYmVqYnlIbWI4ZE81aFZXaWFrVkFVZi1ZUnJDUnZRUk82UmFCVjdNNjBBT1B3SFliS0NuXzdDUWYtaUhqUFdHMC1KaTJ0NXdqN3JNeGFmWDRfNFhUekFsUWYzYk54d0U2Z9IBiwFBVV95cUxOTHhCTWVEaFNXd01EYmZ1R2pPTHZERk1zMnhCVElPdFNmeW1pTnoyTElIOTFDSUc5Ym9VOFBLVlRCLU5IclBTVk9tMzFtOGZRTU9jdU5SRnhwb194Q1B6ek9xUDZXb3F0LWdQOVEtYmQ1Q1drOUpQM2NmaE1Nc09pM0NiR2g5dXBlbEtR?oc=5,FOX 5 New York,2026-10-08,negative
NYC Subway,'Grab the weapon!' NYC subway rider chases J train stabbing suspect - FOX 5 New York,https://news.google.com/rss/articles/CBMiXkFVX3lxTFBwU092WFQ5NlY4ZHNPRFpiTlZMYlI5ZkFVblF0U3VZdmdVRVpNUDlrTzQxYWxPOF8wYUlVNmZJeUc0bjRlWmFtbEZhazA2MEtoMjktV0NUX2p2SHluamfSAWNBVV95cUxQemxIUjdPblFLLUs4NzdMUU14aGhhbllQRE1Gak1XdGNfRGEtNXU2VkZJLS1WNzM1NzJZZk1tdHd6TmlfZVRadkhRY0FnbUcwYTZBY3dhUzF0bEhOeTFreUdzVE0?oc=5,FOX 5 New York,2026-10-08,negative
NYC Subway,Young man and woman killed by NYC subway train after one falls to tracks and other tries to help - New York Daily News,https://news.google.com/rss/articles/CBMivAFBVV95cUxPN0lMS3VfWV9nSVk0a3dNQ1hwdWprWVlSNEYyRXJXZFZFMkQtTVRYaGYxMmVFVDFoUFJ2Z3hJQjlsblZDR1ZCLURqMUswaXNKUFYyZTZKMU9pS3ZGMndhcjBLbW1UNFdGcFRHc21vZmd4eXZXTjYzbVdYN2NHM0ZScmRGbEY3Yl91WmVnM1pFMThrbjcweV9jMTRBZlVfVlhNUkZ2WHpoeEhEaHF6TkJrVjJkU1EzUnBwR2t2LQ?oc=5,New York Daily News,2026-10-08,negative
NYC Subway,Doomed duo killed by NYC subway were hugging and kissing before ending up on tracks: sources - New York Post,https://news.google.com/rss/articles/CBMiygFBVV95cUxNUUN4clNfZ3FNbnJVNURUckh3UFVManJXdV8ybGYwajQ0MEVIV0RCX2RFV3JlRmpyNEJLY2w4TjFqeWxVLVM1ajE1Mkwxd2tSS3labkVuTlo1T01UNnlwWTVzTExMUkpPdWFqUVFvc1BIdXVSNkduN1RnWkNPSURTdDc0LU16ZTl3WG5kUnZ2Y1FVNzRfRncySXBzeFpiZU1JTFNjNEx2Wk1mT05HMDcwdEtvWFNfaVFjdU1BbFlmRk1NWTZJMG0zR0Rn?oc=5,New York Post,2026-10-08,negative
NYC Subway,NYC subway service melts down as riders return following blizzard - Gothamist,https://news.google.com/rss/articles/CBMilwFBVV95cUxNOUgzcXE0ZGcyUDdqcmtjS3R4aFE0VkVfLTFQay1GV1I4VGhHQ0ZlWUI0RnZMdDBFRUV1LUxkQlE1VWxzODV0aHZFXzVjY3Q5NDNJSmstMFlWOGU0Z08tbGlrT29OZ0dmTHVzOVFETnZXcnpOM3loT0g1RkR0aEo1eTdyTmF2T0FzOHVjenRhbFhKLVBIcmhJ?oc=5,Gothamist,2026-10-08,neutral
NYC Subway,N.J. friends killed by NYC subway train identified as former Rutgers students - NJ.com,https://news.google.com/rss/articles/CBMixgFBVV95cUxNdXNuOUJDQ3BKMUt5VDQ0RnhTUERVeWRfakVSVEE2emFEYU93RHVhVFNEcDR3VEhsOElkcDdrUXdkVG9HREx4aHM2dW5KbUQ0Rlg5YWNHSXNfVE9QX084MVFpdC1kVi0yZzd1RmdiNUVkTHMtaHAtTUs5MDFkeXVaWk5BQzZheDllZXpRTVYzeFA0RU4wNDhrek5aNW9Bc3RBVE5SbVZsRVNMZjdWeml4X09VYVdhZWk2UDNZRkF6R1dsU3lQanfSAdoBQVVfeXFMTnRkenIyR3B5TmxSWXVIN0I3SG5oOEJrWm9PeURGd1J1V2duQWN3Y2R0OERkWTl0SVRiX3VTN1ljTmJlZ2lSNnhmcWdkZUhIUXJiUnQ5cVNZdE9TdnVVQXBob0Exc05PbzJ6amEtRVdyTDV4NjBTWkZSYnhDaVE2UXM0czI5aFJVaFlBRWtZWWIwdVdNY3dRanpqcmNZLXdIdEdFblZxTnhoWk1Yem1URDhKWnFsV29BcnJGZHZaYlN5YV96NWEySVZrc0dxVHhKOGdsZ3U2elp5VUE?oc=5,NJ.com,2026-10-08,negative
NYC Subway,Man dragged to death by NYC subway train after bag gets stuck between doors - PIX11,https://news.google.com/rss/articles/CBMirgFBVV95cUxQVUEtMHZVLWVqZ1BpX1gwdXp3SzlWT2lxVnpYNDlfeV9RUG9wdENqdnN0d0tFMVVwQWpqNXBVcGszWGhjUnRyOUtYYTM0MS14ZGpibzB4S3Q4OWJLZHl4eVhaOGRod2RUc3JrUlJ0N2puckI5RUV4c1FpcG03N0tfWC1jU0JsWnc4YmQ4WTg2Wm5mMDBGNm1qV21PNElzRlJzQUw3RDI1ckxydDF2dmc?oc=5,PIX11,2026-10-08,negative
NYC Subway,"Friends, both 24, hit & killed by NYC subway train while sitting on tracks: reports - KFOX",https://news.google.com/rss/articles/CBMirwJBVV95cUxNZkZWckZNMGdQRFRLZUFsbEZoME5qRE5idDBnMTlnbWNDV2dyUC1yRmlTeExLZXlJM3U1VEZ4cFJoWDB5Y0p3a21CcVVvZjlRRG1Na1Nwb2o4RkJqcmtWazM0U3d2bGVPLWRGOWtiZ2dRVjVEVUtFQnhNZlZIVVd2dWFzNVZva3Zyb3EwSW1VYVhLLUVCRl9UWVNUSlR3Q09naThJVFZtZmVEUTlDRVd6a1Z1MTR3NDFJN3VpN09JckJKV1JFS2lZVVBHRkJRbHRVTDc4b3hQdU10TWhjUnNGSmZadHRrbUppVlFGdGZWSjZtLTZKcUdkOEhVcnZWOUFJdmdVSmtCU1RiQVZmMjZnU0tqX3R6X3AxU3RkWElHYy1DcU54d1hFMkJCQjhUUG8?oc=5,KFOX,2026-10-08,negative
NYC Subway,NYC’s subway just had its busiest day since the pre-COVID era - Time Out Worldwide,https://news.google.com/rss/articles/CBMirgFBVV95cUxPYlVyaXVwTVlIZWN4OEtyM2JvZkFMZkNGX19DUHc5NkowUVc4Sy1NR1dIaVY4QndLdDc1aExWazZoYkx3VVJ2OHJrLWQ0anpyR09vQUpRR29uRGJGT2o0RENKOGtBM1dJbTJRRWZwREZUeml0ZWR2OWtxZHRVQ2pvY2pLOE5uVjY0SEpvaEV1d3NJQlNzeW9Cek42WjRJbnpSNWZlMGI4NlAxeE9oeVE?oc=5,Time Out Worldwide,2026-10-08,neutral
OMNY,OMNY Card Van In Middle Village - Western Queens Gazette,https://news.google.com/rss/articles/CBMidEFVX3lxTE4xcjl5cUlqRHFFWG5ta2NvRWswakcyc1BXai1xdXp5RGlvdkZKZkZTM0wxNVJrSi1hVW1acEVNOEtYSlNlSEJlcHlfdTRLY3FxZzlNaTZkVnRUaHZsaVZ1c1JfT1BUR1A1d2pCVk5CRXBUS3NE?oc=5,Western Queens Gazette,2026-10-08,neutral
OMNY,"For 700 CUNY Students, the Prize Is Free Subway Cards - The New York Times",https://news.google.com/rss/articles/CBMifkFVX3lxTE4zbnV0VExIUHNJWnk4WU1TSVVJYjNKelYtd3VSeFBBOWNzNEs1MC0zTWp2UlU5ajFYRU9yMWNqZlRqZWZqWUZJLW02RFRFZDhUcDlkenMwRGRXTjlDbktuMzBUTE00OFZMN2dSTDNDcm41cktvM21sRk9aTTg5Zw?oc=5,The New York Times,2026-10-08,positive
OMNY,More OMNY discount options being eyed by MTA - Spectrum News NY1,https://news.google.com/rss/articles/CBMivwFBVV95cUxOSURMSjRIN3NON3lYdVJXelVJTkUyYjNxRVpxa3c1RUdJTnlTdTBNcW1CelhEOHBDZnZuekQxcTB3N1BJZVBfNXhmaTh5Zkx5VmVwM1BVMVg1YW9KWXVDeWhKSjNnd2QzN2dPcjZ2cEE5SkVybkR6a3BQSUxJUEhTUXFXcV9vdnRPbjBmSG1oOGVCczhCUnprY1Y5aDkyWFVMdVVNdkROWFlOQjBqaU1DVWVOaG1sbTJCUm5NelMxUQ?oc=5,Spectrum News NY1,2026-10-08,neutral
OMNY,Senator Addabbo Brings OMNY Mobile Sales Vehicle to His Middle Village District Office - The New York State Senate (.gov),https://news.google.com/rss/articles/CBMivwFBVV95cUxNWmxSeHdHRFJUV09YTFVYbDRSS1JCTDJka1g4TzZJancyTXhFaHVYXzdkQnViX2FPQVJmeGMwUEptOFRQcVB5RjczLWJLbm5tSDdfa2otY1BOUGh2eHBDbkZ3MjRMOEtZd2J2UFNLRVNmemROc0JYQ2N2alp2dF9MdnllR0hZbnV5aGZ1M3NGdWJYR0Y3TEtlWmVGT2gyLVd1VkcxX3M4SThmWjJseHMySXliVjkxOHBZVVpoRUc5Yw?oc=5,The New York State Senate (.gov),2026-10-08,neutral
OMNY,NYC student OMNY cards are supposed to last all year. So why did they stop working this month? - Chalkbeat,https://news.google.com/rss/articles/CBMiogFBVV95cUxOLUd2Sy1ZbnozX1N4Y3FGc180N2xLUUs3aS15eDQ2ZlN1aTVhY0cwVkgtMk1ETFRqWTlJS3VwMDA2MExaWmREblNqdkxEMnZzY3VGNXNhLWhVQ1hiampiOGtlcVpIdkJwa0NDZ0k0ODRZcGpGdTJBWlFpYU42d1d6M285R3hYOTNqd1BQRjNKODVPWWVFYTlXdXpLYTNnUUJma0E?oc=5,Chalkbeat,2026-10-08,negative
OMNY,MTA explores new OMNY fare options: what NYC riders need to know - Secret NYC,https://news.google.com/rss/articles/CBMipgFBVV95cUxPa05YVjhRUHkzLVZjNU1vT0owbXJkT29RdXlDOVdCUFRPVHRiOWt0b2JrSHpWUkRxUjN1MjdKUHpGTkVfSlBFVUhqRjNfMGpiaXRQMDVPbjgtNFFtSy1iS0tmLWxEa1JwT0J2YXZQRjRfaWstR3hpZVJpeGtPMHl5dWpWT2liNE15c0RzSlI2c2R3aVJBcE12ajM1eUt6Z18zWGtqT3V3?oc=5,Secret NYC,2026-10-08,neutral
OMNY,"NYC students call on MTA to upgrade OMNY cards, claim they are too fragile - ABC7 Eyewitness News",https://news.google.com/rss/articles/CBMilwFBVV95cUxNbU02Z3VyTUxZSE9RMTNiUTNQVWNUSk0xLXBuaktoQU94ZUpCR2ZEa0F5UjJOV3NZakY4aTZMcVJXQWVkVkFJVTlVS00tWXVBNlFtbWpwdF9HVmdOZTZUSVJIUXAzdkhTTkF6NHVzM3RIcFlZMU5LWS1SZHRad2FnM3lRSDJXYmMwM0VwdWltQndHNjlqMnZZ0gGcAUFVX3lxTFBXR3lJSWdFNVNPQTJNRjJrcXpZdWJqOEJXSHFLeWlsNDN0dkNrQW03alNkeFRseTJRTE05VVZncEdoakc3UjJxcDJxSUVJc195LVJqbHV1Zk51U0F5ZEJHVjFuNGIzbl9TRmNEUXlBYTFBbzdGMmpCQm1pb0RZR2dEUEs4YTI1cDBRSzBLRE4yaFVvYjdCeU1GQVVhQw?oc=5,ABC7 Eyewitness News,2026-10-08,neutral
OMNY,"MTA to launch campaign educating riders on OMNY use, amid continued fare cap complaints - amNewYork",https://news.google.com/rss/articles/CBMid0FVX3lxTE1ZRHRGNlFGVlpYN09VdDREX3IzODBYRlN2RW1fUVo5UjNNYXJvSHF6SkpCZTVodnlPRElmamhXLVdhcUMycEVOUlZBODQ2cmJRbkh0R1RNRTZ1RWRhYUVoYzg3SURWNjlLTDdiam1TMVBwdlF3UTRN?oc=5,amNewYork,2026-10-08,negative
OMNY,OMNY Card hit with technical issues again - PIX11,https://news.google.com/rss/articles/CBMigwFBVV95cUxQc2UxZm5mRmxOMTFMV05EVUtKNVR0OE03T0dRQlQwOXNwRlg5S1VYcTVTaEJqbTgyZDBIUW9hNVc2UHR1VFJZYVVBNld5OEdCMUZRUFdJaENHOGdoV1pjU2JOUjZTZHFwVWtaNGRPU3AyUXRZSm9NUHlRNXZtSllnSE9xb9IBiAFBVV95cUxPV2s2VnlvdnpUb2pmYndLRk5SQ1l6b3NIU0huLVBGdDFBZUk1M1BsSm54dzJienJseXlyUkY5QlRvNEpjazJDUzNuVi1oZnBlUlBDTlA3a2pDdWJ6OXd6cm4tT0hIOEo1djhnclRNbndib1pYT3ZISXdhanhrZkI0alJsT3EwaThk?oc=5,PIX11,2026-10-08,neutral
OMNY,Hundreds of CUNY students receive free OMNY cards in NYC Council pilot program - New York Daily News,https://news.google.com/rss/articles/CBMiugFBVV95cUxOTEtzamE2dzlUSGJKN2p2WkwycTNsLXVld00xTXhzbHhneHlWLTN0bDQzV0FxeXlYdERBQmpZa0I2TUpQMkdTZU5TNVBNdERtbG8ydGlGbzFfS013N0RyYVRPaTVubzJwVzI1TWdkaEEwaG13TGwtV0RWcm5pMUc4QzE3TjZTSmJXTnRMTUI5Q3lQaWpNWHluRjBlSk9aM0l0NFRDWXVSU2FJNlZfaVQxemFGdHhsOVk1M3c?oc=5,New York Daily News,2026-10-08,positive
OMNY,"For Some Older NYC Bus Riders, Change Comes Easy. Just Not OMNY. - The City Reporter",https://news.google.com/rss/articles/CBMijwFBVV95cUxNS1NudVYtWXNoWmdwcmJkRjkzS0NsUEtPQ256WVpKZlpVdGJxTGlobmxJT3JGMk90OTdyWU8xQ3BvTkRXa1k5bnowb1hwMUZSdGs4QXcxejZGRl9rMnFkN2p3SjJTMzFKaHFHQkF6NFpPOWhidVFPTkM3R3ZBMkw4ampDMDFJY3Y1QlpRYmdyMA?oc=5,The City Reporter,2026-10-08,positive
OMNY,MTA plans to pilot virtual OMNY cards after year of delays - Gothamist,https://news.google.com/rss/articles/CBMijgFBVV95cUxNZ0U0V3FnQzFEQnhvOENDN1ZnSnlNNWR4UFo1RFh2MXp2aTlLdWZoQVdpNXN6NWxaemRQOWhTdGlJY1U2bEhwUVc4SkdXRkVwR3Zhc1ZUMjk2NEswY0ZCanV6eU9zRnl0MnhSd1Nob2UycHNzUGRZbWdueXNETTF2UWhMZ2k4bUQ0TV9tYW1n?oc=5,Gothamist,2026-10-08,neutral
OMNY,"NYC, CUNY to grant 700 students free, unlimited OMNY cards - News12 | Brooklyn",https://news.google.com/rss/articles/CBMiugFBVV95cUxObGdlOGlucWtRRWgzWkN0elVvMENNRkRjdFhLWEJGcmdSVmwwM3l1NldrREg2V1VJWlg0VTc4SGg5dW8yQ3BZbkh4UTl6b2Q4SnpqU0F3OEdMWWVVdGNZUUlvLWxFWjFhWWFmcXFWNldnc3pFRUNkSHZuazNmLUtZU2NzLVNfUmJZOHVNanB0ZG8wQzMzX0VfVVFteW9hWFBZR3ZfMTAxYlJoRHJZRVE5WkYtbFFFRTBCM1E?oc=5,News12 | Brooklyn,2026-10-08,positive
OMNY,"OMNY complaints mount as some riders fail to get fare cap, transfers - Spectrum News NY1",https://news.google.com/rss/articles/CBMiuAFBVV95cUxQS0ZwN3FLQjBRYTJUbnU0WmFBbEFEYzh2bmk0bUJmN1RyN3VNRGJVRGd2WnZfbjh0dWdQcURyWHpwbENVR3hvcERzQXN1Wl9BU1BmUVg0SFlUQkFDbm5Zb0NNQzJVMi15dWJ5Z1ZZN3RXNFNPYmxveC1jcHViclJWS1I2cVNWdm5ZcEY2Sld2b1FoREJiRE53QzBnUU9JODZMSUZQNlFLeGVGSnVjb0FqWFlYZUFNckI0?oc=5,Spectrum News NY1,2026-10-08,negative
OMNY,"Goodbye paper, hello cellphone tap: NYC to pilot digital student OMNY cards for some schools - Chalkbeat",https://news.google.com/rss/articles/CBMilgFBVV95cUxNZFoxc21fcFVyUzNrNkpua044MWJxSHZrSXgwLWRndHJtOFBwbmVMZ0lqRVRsdGxGVmoxR21IV0pQZFpkaE9mVFBxak1oV3RJOHpOTVUwTkhnczNtcVZvOE9iaFk3M3k4Z3Y1M3NRWEMzekxxdlNjVmR6VEJaNklINUt6YzNUY0ZtN3ZvU18zM19jWlh1aFE?oc=5,Chalkbeat,2026-10-08,neutral
OMNY,City Council distributes free unlimited OMNY cards to first 700 CUNY students under pilot program - amNewYork,https://news.google.com/rss/articles/CBMiggFBVV95cUxQRjdUcERtLUlXSUxiZ0lzT3R0QTV3ZExOZzNlcEFCR21nSzhWQlpvX3pPdWFhQS0yRXJ3cGt1dzNBcVZMQ3FWR1JpWGNxeWlLcmc2Z2JYbTd2SnhkdWd6OFpIdUxLRXo1VGdyQnRPY0M1SFVYRDZrVlBkRUhqNVByVjZB?oc=5,amNewYork,2026-10-08,positive
OMNY,N.Y.C. Students Are Sick of Using Flimsy Paper Cards to Ride the Subway - The New York Times,https://news.google.com/rss/articles/CBMihAFBVV95cUxQN1dYVmxBY1VhQ0JIWUVXdUtlbnkzSnZDZDRXMG1jUWpUWVo5WERvZzk2ck1vUUt4ZEtaT1ZKUDFYaGhPbm4yR1lCX1FVOGxnWER5RS1UZFE3Qy1sMWxzakE3MmdzaWJ1WHdLMGYxLTVMWGZ3RHp1V2tsVlJKSmYzZUtmbm4?oc=5,The New York Times,2026-10-08,negative
OMNY,"Physical OMNY cards can now be refilled after temporary snag, MTA says - Gothamist",https://news.google.com/rss/articles/CBMipwFBVV95cUxNYnNTS0tldXZtQzkwZGU3T1I1N044OEJZQjg4akQza1QxZ2RQNHFWeW95bk1tdEgtb3NseXpWNjVHMFhYcEM1czc3Y1pIWlhDNEpKdC1JUWlIMjU1dFJTUnNibk5pLXcxa3V4U2R1aW80VmJ0WjVSQ0JSNVBqYTd3LTIySkF4RU1ZRko3MzhWcTljQXhoQno3Nk9JRGozWncySzZtelpiVQ?oc=5,Gothamist,2026-10-08,neutral
OMNY,"700 CUNY students to receive free, unlimited OMNY cards - PIX11",https://news.google.com/rss/articles/CBMikwFBVV95cUxNSWhkTWdTaWstaHNpYlVid195NHZhdDc5VWxLS2hQUThwd3F2VzkyVEZqcmR0TWJkV3dpelRLWTNkME5ncWY3S1BQZEtKN2VuZm9Pd1BRakZPS2lYWXJxUUdFZW9VQ2xQeHR1dWRmWVR5UE9IcGk1SWJMd1Y0QlBWbWFVWURwR013LXNDeWRreWRjOW_SAZgBQVVfeXFMTzhDZUJZaHFvRlV5Q29mcVR5b1BRcENyVGdMWXFsQVgzTjE4bjVyMHc4bG1RZ2xiSEhTeEMyTG9lV2dueXBITXJUTXRRZTFoTjBTZDZ0TFlEQnJzOVo3MDBhRlVkTW9YRnNiX0w5OGVmR0lYSlh4R3VZZnc3VW5iY0NLYnVlQi1uYld3UjYwRWtodVBqdFlYWmo?oc=5,PIX11,2026-10-08,positive
OMNY,"Students say they're still waiting for city, MTA to improve OMNY card - Spectrum News NY1",https://news.google.com/rss/articles/CBMiugFBVV95cUxQUHFfX1BrRjNjZndZTHVSb21uVTVqRnU5TlYweGtKeGxlNDVxRHVRNmJkTm5NWWYzTXpWOWFsR3NvVTRIamEzcXFlNzdBLXUyOFgzd0V2dFRBWXRFdURpVXVTaE9NVjFla2Y4QTVHd2p6M1l3NTFjckhFcXJsMlJDckZhOEdDSTdGYnNOTlBTbHZXR25EcDF2bEd0UzlpSjFwOEFpalZEakxZcmZhMHlZYWVnRTFWNk1NNHc?oc=5,Spectrum News NY1,2026-10-08,positive
OMNY,"Exclusive | NYC subway riders push AG Letitia James to probe OMNY cards after claims of extra charges, phantom fines - New York Post",https://news.google.com/rss/articles/CBMixAFBVV95cUxQdVFhc3dCcVYtNnJaU0dhQnZHODVkYkRFbjhGNkdTdlpHT2RsbjZfSFExVldiMjR4SDZ0R2dnbGZTR1RfZDNKX2JnSGFUNEtBYXFrTWY3TWVKX2tmWmJFNWQySUh4RWZuQ3pqTHh4YjkxRnNzWHl5bDFReUd5ZWtHWWdEdTkzWVBpWGQ1M1BHUzBSZDRSQV9nWFNPalRKQlNmTnNBRDd5YWdJeWNzbE9vdFlHbld6b2xnekhtaFZNRG1OMUlM?oc=5,New York Post,2026-10-08,negative
OMNY,Inovalon and OMNY Health Partner to Launch Linked Real-World Dataset to Accelerate Research and Improve Patient Outcomes - Business Wire,https://news.google.com/rss/articles/CBMiiAJBVV95cUxQcy1KUzdTVzdaZ1JBQ2JGa0RJTERYMjJIYl9CdnNBcGl4ZWVoUmRnVjlxcGhPUVJQQlpkT09DUGVfOXE3QVNlQWNuRzJzYTc1bWRPQ0oySDdiS085dHpuaFcyWFgtYnBQd0dZOUx3azNyX3J6RmlObjdnZ0pNeklHMEhGa00wM2F1TjhFdk1neWc3VGFwTU50QjJ1ZldRSmpQdm1yakhacThNYTR5dUhVdkx3U0NoUTJVQVVHY0d0MGhkVWZaZXVxcENpcGgtNVRiZDU5SDhxYzlVMXU2X2RMWWJWQ0h6VlZockdYN2IxQkRvVEo1Y1VZWDFDa2dCYjZ6cklWU2oxNks?oc=5,Business Wire,2026-10-08,positive
OMNY,Some riders take concerns to MTA about OMNY fare payment as upgrades are planned - PIX11,https://news.google.com/rss/articles/CBMia0FVX3lxTE1FQzlpRm9HeTN2X0ZDNkNuZmxtSlVOQmJ2aUNGSkFOSU9XNWQ5YklJak5QRUxQbktSV0RvYTkyeHp0ZzlXb0ZKS2JBRTJqSDdzXzBtb0RyNldXQVllY0Z5anFjYWVLMTBiY1o00gFwQVVfeXFMTmFkVS1BN0N0aS1aM3MzOExfSmFqVHhLYmVscHNYRmp3SURBTE9OTzdvbmlfTmtUb1BmcHpDVm1rOWp0RnQ4QlR3ZHloX2lnUW4xdWdkWVBqcGg5ZkZYejhIVzlKOE5PRG5PYUhLZV9lZw?oc=5,PIX11,2026-10-08,neutral
OMNY,Students say their flimsy OMNY cards are jamming up their school commute - amNewYork,https://news.google.com/rss/articles/CBMickFVX3lxTFBxdWdLQnZfcEl5ZFpRRTVwMFczTlNOMzY4amdOTVIyakxRNnJsc1dVNGk2Q2RFTzc1VTRwcVNLdmNQVmJFM1FFUXk3OUpLRkVrVWFBdzBTS3pqV0g1UjZpMG1vOG1wMHZCMzJKTnZzYkJMQQ?oc=5,amNewYork,2026-10-08,neutral
OMNY,NYC Student OMNY Cards Go Digital - Patch,https://news.google.com/rss/articles/CBMif0FVX3lxTE9CYlZ2Q2dPUF8tb2NvSDJmc1NkcmdKNjBnOHZFNlNXRVhfLXJRTnpieDl4eF9rLVJUdy1rOVg3clBqLUNBQTVZNU1idHpPdlBuVUxraVI5VDY0VGRDNUM5VmVDVHdBd01ld3hUampnb3ZXVm5nQUxkYkVHbUJVd00?oc=5,Patch,2026-10-08,neutral
OMNY,"OMNY processing issue resolved, says MTA - PIX11",https://news.google.com/rss/articles/CBMif0FVX3lxTE82Y1Y0VjBjYkNZT3VaTEt5ZTNDdHVtZ2otN0ZlVTVQNzYxXzNtLTlMcDBDRURzakpPdUQzd0NRclZMRzh3eVJvM1dVbjNNVlFYZ3dMUG55ZnV0TzlMYm1KOHhOcThKeTZIeENkZDh4OU1SREZjbXp6NC1DLThtc1XSAYQBQVVfeXFMTk9yTWZEalE1c1RFUDF2dmVpTkZSbUFTUmtSNDlUME1XTHNSODA0XzFRanVnRWQ0T0gyLVJxZVBLMFh5enpvMkkzVjUyQmhiWVFkTVdUaWVqVzdueDY0QWphWnFXSm9Lc2U3dDJETTVUajI2bEdmMFoxeVR3X0R3ZGhpb2c2?oc=5,PIX11,2026-10-08,neutral
OMNY,Free OMNY Cards Coming To CUNY Students: What To Know - Patch,https://news.google.com/rss/articles/CBMikAFBVV95cUxOLXNzdFpoU0JUVU9sVmZpdGRlOGx4Y0NfbC0xV3FLdVV5RC11Tm5HNnRKb2RFcUJUV0tTUXl2eWNHTDRfekVJZGpCclpXS255Zk1SX09leGY0M3FLcExkaHNYY1JNbHhzeGt2WE14LUdRc19uNDcwTk5wdGE3Q19FUjFuMVhqSkRvYzFDOUMycDXSAaoBQVVfeXFMTWZIMUFXRFl1NDViWm9iRU05NDBpb2tMU3o2bGI3dGNyVUVqQW50d1ctaHpReU85YzBlb2x3SFVFWFZhQ3h6bHVBa2pfNU40ZUtJT2dEMlR6cWxTOWY1Z21MUHJzSnU2RG5EZjJvQnZ3TWhxX3JhSC1JT25LeHlEZERiLVNHMUxNaTlFd3YzdjlaeEhwY2pleHZTQmhGUFNGTElYdm9mV2dPY0E?oc=5,Patch,2026-10-08,positive
OMNY,700 CUNY Students to Receive Free Unlimited OMNY Cards - BKReader,https://news.google.com/rss/articles/CBMiqgFBVV95cUxPTEdYNHlVSjdBdENyWUJhMUl4ZXN2S3BHcl82eEhmUUlaMVp2Y0NYbUswRlMxanFtUjhCWXRyU1NsQ2RUalViZGV3OG5tNlZjb0lMZ1QyeUtSS0VqWkhfVENDMjRoLXpjaHdCNEhDQWFmTzYwdjBkdTMzTU9KQWIxOTNJM1ZJNTVJLVlwYU5uQW1JVWVBRGdPbVVkeDJUYk9oUjBfdnZ1SmkwQQ?oc=5,BKReader,2026-10-08,positive
OMNY,"New York City Council And CUNY Announce Launch Of New Pilot Program Giving Free, Unlimited OMNY Cards To Students - Harlem World Magazine",https://news.google.com/rss/articles/CBMi4wFBVV95cUxOZ1NrdnRmMV92U0ZzWl91d0pmeUtHUUUxcjBqbVhIb2hqNUxYaWFwTWxzM0lFM19mMV9kYVQ3ZVdhTHhrb3lrQUcxZVVsb3VCVzUzN2hlM0lNS3hRWjlSY2FjblZYZnNyOHlEU01OYk9Rc3Bhc1V4WDNMcmx3M0xVczNvaU9FcWc5TXV0aFd2T1RZMFRRUkNrZ2tfZHhiLW9JZDItLVZRc2lwbWNUM1FWb05sUF9VdUE4OUR0SjJfNDE3blBsOGRlSXlqdm9wdldoaGs5RGhoaWtWbW55aVM2N2kxbw?oc=5,Harlem World Magazine,2026-10-08,positive
OMNY,"EXCLUSIVE: City Council funds free OMNY cards for over 1,000 CUNY students in city budget deal - amNewYork",https://news.google.com/rss/articles/CBMiekFVX3lxTFBYakVQT0x3Tk5ycDVTV2htbnM5SjFJTHdsa0VTMTlyU05BbWRLVmpRSTNRSi1YM3NvMWdLNXlCUHpRZHdtVEI3ZUNlYzJOeUhpNlRkdHVhRkFGU3ZSdjQ2RVV1d0lfYkxfZ3hHbzBpN1dvVWdXdk96NGNR?oc=5,amNewYork,2026-10-08,positive
OMNY,NYC Public Schools to hand out OMNY cards to students: Details - PIX11,https://news.google.com/rss/articles/CBMinAFBVV95cUxPaTZ0NmJieGFjNHpidGJXMDhsVGV6Mm9XMFJjTW56bzRKdzJ1Q1N5ajB5OElfcXp5YW9ybGd1d2hTM2dkYkRFTHMtUndyRzZEYlYyUDF0dnh0a3FqOFFlUXcyMWRtWV9MYUJicDZVSXcyMUlOYURBYkZrcXBGWDU0QkZXU01peElkSkhsYURDTWJONmxHZ29weTNqajHSAaIBQVVfeXFMTTdoQk5RbThXdmU0YVNtaG9sa05xZHRESjY5MHNGUnExM1E4WnFadm5NR3hLZGlPLXBSY0M3MlBvN0UyNXgwM1JjU1lKSVVsUGlYdjJVRTR0X3cxcGhyZkoxckVJR3U4UnJnMlZpZjZyLTJmYzdlaUpZUVphLXlCVGRUUzFoY3ZOc1c5SHVqdVlTalJ4V0ZpczAzNWZsc0dwaERR?oc=5,PIX11,2026-10-08,positive
OMNY,MTA boss says agency ‘developing capacity’ for OMNY to show balances and transfers to riders - amNewYork,https://news.google.com/rss/articles/CBMid0FVX3lxTE40T09RMndjUDFoVHFmVC1VX2ozRjVKd29BamU1aXpTWGRIY1d1ZURrZFJ1LTVUQ2UwWGtFemt1UFFlYkM1R0w3UThlWElrekk4NFpieE5PdkNQU0F3UHk1d0U1STF2WmV0cGF5cUY4WnQxYWp2bFI0?oc=5,amNewYork,2026-10-08,neutral
OMNY,MTA Chair Open To New Fare Structure Ahead Of 2027 Fare Hike - Streetsblog New York City,https://news.google.com/rss/articles/CBMioAFBVV95cUxOVVdabkF0bU10WXBSbUdWSVowZVBDRXZWdUQ4Q1FmV2k1R1VEbzcxM3cydWh0OHJGTW9MU3ZEUHVaZGhSTFFoN1ZiN0o3VFgxSE9pdmNIc2NaSURjYmNzWUhMXzJkWWlsZURXNXo1MHhUV1FWWEZIamwyUkZhQ2NEOG5laFJnOFBhT3dncFpTcDQ5WlBoek55eV8yTFJRRjdO?oc=5,Streetsblog New York City,2026-10-08,neutral
OMNY,"NYC, CUNY to grant 700 students free, unlimited OMNY cards - News12 | Long Island",https://news.google.com/rss/articles/CBMivAFBVV95cUxPTk9mOHZBdlUyelBKUFlvLTJEd1U1V0JFeUltVlFpLVRhQ2RSTS1ibjFmX2EyelRrUEtrdkt1dFpqWklTVFBSSWs4UHI3MUVReW8wek5yUE9tRVA1NVUzWFRZOWZqWmY2cm9PblN2aFdIUVBNOVBJOFljaVctT01fMlItbFktbHdqYTRiazBjVE5WZms1Tkl0cVczVnR6ZGNEQXQ1SlVERWRBa2hnaWRsT0pJdlJjd0tMYU9GWg?oc=5,News12 | Long Island,2026-10-08,positive
OMNY,Free OMNY cards coming for some CUNY students in new pilot program - PIX11,https://news.google.com/rss/articles/CBMiowFBVV95cUxOSm9hblRVN3h0QURZNlcwQ1RnM3pvc256a2xLelZtdFYzWlRobmlZNGI4bDBNVG5Cdzc3b0NpOGoyMHBzLU5PbF8wQ0ZyRjgwbjhhdGNHckgzLWpKNTVkc2MwMl9RT05CMTEzbXdnREJ1QV9mWWFCVS04SXpGQ2ZCR21rWkdBbUcxYTR2MElxcUtJYzJJcnk3aGF1V2w1bUVWTTBF0gGoAUFVX3lxTE1kOFVybmJpd1B4bUJEVGt1Mm51UGwxLXFSUVZMMzQ2UE4ya08zUW1Ha3dHeXdDRnBqelN2bEVSQkZYcFNXTVBFblVDbkdTVGpmNFBvNUx6a1JzU2swT3ZHeFVfZ0tuaS1CZzlBQVlYeXVteEV4QzgwXzZ5OExlcHl0QUpNOGl3UUVUTWw0eUFQeGhieEN2QzFHdloydjQ3dFFsTXVXUHlNWg?oc=5,PIX11,2026-10-08,positive
OMNY,Nyc Students Say Omny Card Problems Are Leaving Them Stranded - News12 | Brooklyn,https://news.google.com/rss/articles/CBMiwAFBVV95cUxQSU1HQXFDcmxqV0pYU3dkckdNd21zLVhfWHNlTl96YU0yOUF2QkJMdGFOeDRpckVuY0RtY1hxMVp6dExfRmNoSy1yeFhlbWdwUGx1eGtvMlhHSVNBUnJOcExrSDNpNUczWU1iLUVjeHU5RjRneDdZa1NKZGlHczcyeEhVNGZJT3Z4Z3F4S2VFRXMzOXlkZk0zNWJJMWR4aWVqMGczdVRDZmV4MXpfY0ZUYXdKc19aR2wyVEt2YUhjajY?oc=5,News12 | Brooklyn,2026-10-08,negative
OMNY,New York City Gave Students Free Transit Cards. They Have Feedback. - The New York Times,https://news.google.com/rss/articles/CBMitAFBVV95cUxQc0FsQ1pDUzJ0SHVXZWJhVTgzUjVmXzZ4SHJ2eWctRGVEVjd3ZFlMbU9feU5GQXJzMXVsUFRIZjBnUGQ0NU9scGwyaHJ1ZW1vN0hzTVM0cHc3Yk9VdlpsZTZOU1R4cXFoc1VWV05WRU1EeENVOUVJaUlfZU5UVUpLa25aTDh3U09ERVlUMG5YdFE2WklZeWkyOXRGai1ERlJGNnY4bXNuYm9yNEkzZ1BFUWFzUEg?oc=5,The New York Times,2026-10-08,positive
OMNY,Expand Student OMNY - Transportation Alternatives,https://news.google.com/rss/articles/CBMia0FVX3lxTE9vWk9WRjlRb28tclFKd0JNaWhBUzhmZ3c0dzY2MW5pNGNBQ0pWdUtKVldjSHNwaHcyRlo1ZkU2NldlQ2l6enAySVBYU0RhQlRnMEgwVXlFcEpkX3hIY2Izd2dtaS1BZFZFZHN3?oc=5,Transportation Alternatives,2026-10-08,positive
OMNY,Riders will see more handheld payment validators on city buses - Spectrum News NY1,https://news.google.com/rss/articles/CBMi4AFBVV95cUxQX2NWS0xhUW9vNUE5U0JzbVZZVnJHVVNybFBHdDgtQlFuQ2VtYmlPN2kzMUVaZ2hucWtrUDRLbjBzYU81dEJuaVJxeS00aVJscDl5NmdlSWl2RjI5TEl5WERlLVktanlDSlh6Nkh2X2VxaGxOVnhoMHpLeEhOamxtbHJROUZKaE5jbEVoRHVlTW84c0FTaEljVlNxc05yVGw0WTZweWcxS0E5RlNnNXNtaVE2Y191SWhHbUttN0FaT1VLSS1MV3NwbXlRRnNGSEVFNnE1ZGtMczM4LUZqTWdOMg?oc=5,Spectrum News NY1,2026-10-08,neutral
OMNY,"Take a survey, win a $100 OMNY card: Here’s how - PIX11",https://news.google.com/rss/articles/CBMihAFBVV95cUxPWHpoeERqZWZQU0VCOWctQWFNdWVGcVJIdzFKcEo4bnRUR0xLY1JjQVNRc2xLdzRMdVN1MG5kZ3h5YktBMXlLX2R1Vk51STBTTGF0R0JpZHZJV25UM3VJUHlOeHJNV25sV0FkdzdMd2hCdVhRQm5xYl91RmdWa0Y3dDBCX2zSAYoBQVVfeXFMTm1pUDA2UW9fc0xhUDdPS0lqNnl6VG9RWkYtTmFPQ3JUNXJwbS00Z0dkeEpYbFpUVTNLVncyUFJFQ0xSYTBSbGNfU1ZwbnZSRnI4ckZ5NzlBcGpWV0R6UlpvaVdIZC1NYTZMR3hrRFA5UVFJV2g0dWxXRHBTUl9ReGF6RElYcy0xZWp3?oc=5,PIX11,2026-10-08,positive
OMNY,Manhattan man encounters issues with the OMNY senior discount - NBC 4 New York,https://news.google.com/rss/articles/CBMivwFBVV95cUxQOE54cGE2cmlLZ1Y3YVE0elBuY282Ym4wczFUNHpFNlRhNGxiUzQtOHU5YWxURVI0U0xyekZISlhtTDExQ1IzSjB6Q1V5bV9TSmZEQUt1a05YcDA1RlVoalBNbFNXTWxiYWdjcEsyUGI1ZktidVBQRzN6Y0tuem43SnBVMllJXy1MNFFqaXF3RzZrYWV0OU93SG04Zk45M2xMNm43NEI3VmQ0cVpLQTVwb2h5T2h6T3dLa3FwYThFONIBxwFBVV95cUxQcm9wUllqNXVMZzg5clpab2NKTlJNWnlMd2JwYklKZWRjU2pDOVBLWWVsdGwwOTFtMDV5TFJqczc3bDU4VHpzbXY3T1pSenpfcm9Za3lYRWRtdWIxTGtPUUIwOFFNNVFXandnbHI4bnVjVl9WcUQwQ3ZQS2hXcml1cjRBMVhQNEp1ampYRGhGYTFJWkwzcTFQTmQ2cmJlTlE4eTQ2UXdnRFJ5a1N3a1F3SGMzSGtwTjdXYWxwU3F5MDJNX2REWnhv?oc=5,NBC 4 New York,2026-10-08,neutral
OMNY,The MTA still accepts MetroCards in the OMNY era — but does anyone still swipe? Here are a few who do. - amNewYork,https://news.google.com/rss/articles/CBMic0FVX3lxTFB3R1M1MFY4Zkg4ZmMzQjdDRkR1WmdqM21TUkc1ZTg2T3lNaUQ1bEljdkdTMFh0Vi1GX29Nd1NCM09ERlVpRm5reUNGTXR4Um1LdUVudm00b1Y0WVBCZlBaWTExcnl0VzFLNDh4YkE2V2g4Zm8?oc=5,amNewYork,2026-10-08,neutral
OMNY,"Student says despite free OMNY, high school commute costs thousands - Spectrum News NY1",https://news.google.com/rss/articles/CBMitwFBVV95cUxNRFpJVjRmQVRHMUFBbnlVVVlhSFIzQVZSUEx0aFR5WmttbFRoNkQ4c1lDSTM2ZGxxemQta0RvSFpJU3hPUU9hLU4yR29TSExqRUJDMVpLc2ZjdUo5SlZiTldVY2JtRGZDVW1KSDItLXdUQjYtU1EzQnkwanJwZnNWUGNYcXIzTXJVeTdMVEp2U1lJN2JWX1N0b1IxeXZ1X0txa1lzcXR4Q2tkOU9PRHJSTGh3NmljMDg?oc=5,Spectrum News NY1,2026-10-08,negative
OMNY,"Students, pols call for OMNY card changes - Queens Chronicle",https://news.google.com/rss/articles/CBMizgFBVV95cUxPQzRiaDRhRUw3Sl8xLWlXT0VTVjVtNWhoWVVRTmxHXzk1RGJabGsxQk5rdmJkTEo1NkMwOXJHRHJBelBpd1dWeTlsUldPaTRDN0VsUmIyaGxmbjA3RmdVQnVQZnZWelBBd2lKOVNJT3ZzVjd2ajZUUUxwMk5DSEpTMXBTVUJaZ2lGaVhPbEdiQUtSOXJKeUE2RWxaU3ZSSHNjcy1rTjgtRGpDSm5WUnUyQkRzbTd6dnhVeXdKMTZBWGlsdlZPNkxHUzd2T2ZEZw?oc=5,Queens Chronicle,2026-10-08,neutral
OMNY,Tap your cellphone: NYC piloting digital student OMNY cards this fall for 7 schools - Brooklyn Eagle,https://news.google.com/rss/articles/CBMifkFVX3lxTE85UHVPTU9ibGVKNzBMQXY2VEE1SjZLaTVtNTg1eDJpNFlNNjFfdDZZWDBrYzBkdWxPUzczeEpPQTBQZGoxUm84ejZtWDJnLUhtZzZDTVRUS21FcFNuTFFyY0RWOTJmUjNROGNOMy1CZlY2UV9ZdnlLNEg1Q2lIZw?oc=5,Brooklyn Eagle,2026-10-08,neutral
OMNY,NYC students can ride the subway and buses for free all year long — here’s how to get 4 free rides every day with a student OMNY card - Secret NYC,https://news.google.com/rss/articles/CBMic0FVX3lxTE5JY05vbjBHSnpRUlNiUURBZTNueTMwR2FrTEk0S2ZwX3JyUkRTUlNYUHRsVDk3ZFR2OXo0X1pKMVlaSERrLXdkcjJDZklvbFVBOFBUNmtYMWtUTXVZWEJBRXM4ZXRPWTFDZWxCSnptZUc1LXc?oc=5,Secret NYC,2026-10-08,positive
OMNY,MTA contracted subway guard accused of pocketing cash for OMNY taps in Brooklyn - ABC7 Eyewitness News,https://news.google.com/rss/articles/CBMipgFBVV95cUxNdDBRM21QSTQwN0ZnQUd3RVdiZW05SFNqUnBad0hLaWJqT3JpdU1HaF9oS3FCb2lBUEJ4TDNMWEozQ2x2bkF4dzBsbFFUNGU5cVNPeW1RcHVWdGxNLXgxckUweFI4a1BKMVJPU3B1WEIwaVhWOEpwMTN4bFRGNFAwUkVtNndPU1VNZnNJTG05blp5TDN0dkN0MmJTSGJTd1VJVDlPWWNB0gGrAUFVX3lxTE41TlhsQUlNRFo3WlNRanhtTk1Nd1lqd0dfM3JUb2tOR2g5bEpCWDE3ODhLcEttVXltODRFQkt0LS1temdqUEtTT1ctZ09OOXVXRjVWZk9sbkxHaU1pQVNGcmtPOGt1dkc0RHprdmJDdlRCUHp4V1pPaUd2NUEtWkxta2FYTzBUZkJLSTVjNnJMbklhMm9aQ2pHY2tYNUJJbFktaUxkWGt5NkE2RQ?oc=5,ABC7 Eyewitness News,2026-10-08,negative
OMNY,NYC students get changes to OMNY cards from MTA - Yahoo,https://news.google.com/rss/articles/CBMijgFBVV95cUxNdDJaWjVKSFVqbnFxMXBUdjVtR2VJOVRvdVYyUWlnelJocnBsN0loQ2Vid0t2U3FnbFBJOUxNcFVfeUFkMHVIbXNjT2lXY0djWGpXcUZTZ2YtYWJkMzROWmVpMkVsY0c4WllZZmF6Q05mTndHWFoxcThwVFI3dXI4NzFCU191N0lrZFUwaXRB?oc=5,Yahoo,2026-10-08,neutral
OMNY,"NYC subway riders push AG Letitia James to probe OMNY cards after claims of extra charges, phantom fines - Yahoo",https://news.google.com/rss/articles/CBMihgFBVV95cUxNRURJQmZLTmhPc2ZkUFF5WTk3aWtmMmtJRWxlbkR2UXdIVmFCX3dSMHN1dkFNbzJMQWFQSFBoLWs1ekVndVlRUzRqY0Z4SlFSMjBLRF9sdmpEcWRTT2loWThyc21HZEZlaHBySW9CX2pBTnlnMTlKWTZOOWQ4SENYMFVmTThXZw?oc=5,Yahoo,2026-10-08,negative
OMNY,OMNY Health Surpasses 175 Million Patient Milestone; Launches Oncology Product Suite to Solve Complex Real-World Evidence Gaps - PR Newswire,https://news.google.com/rss/articles/CBMijgJBVV95cUxQY0ZNREotYTZUWVhuckgzdFhOYWdWa2cwTTE2eHNHNTlLZWZnM2pMUFNtSVJacHZaV0dtYXk5bWVCaE5JQzJDV3Q2N3FzVzJGV1Z4ajFycWFkckFDbzc1amJVTWp4OVVDU2RPa3Y3Nll4NVNOWkIzNnUtb2xUakJoV2psdXJ0T3pjMmtkYllYbkY0YTA4VXhSZHBlRXV1MVRuLUZnNkNpVmw5czZSTXNpN2VNYWlUbHlYMWZNRzVEUnh3OUJWVXRxRzdydkN0bmE1cTk1dGJoM3U3TWM3dnl5SWZoZEF2bDJNcmNRSE1LV2lwWTdBQjdZS3BQSnVSRFlPZjJ1WHlRU1RUT3lMUHc?oc=5,PR Newswire,2026-10-08,neutral
The L,A Historical Look At The Damage Sidney Crosby Has Done To The Columbus Blue Jackets - Yahoo Sports,https://news.google.com/rss/articles/CBMijgFBVV95cUxPRVV3TFJqTE4yYnBYT3VmZUxmVXVQeFkyeml2OVdMQWJDaTlNeHRTeUhFMmJqWGMtcjFkZzdBYlNiczc5ZzZuYjkxeFhKUWMtZEpTcVNFeDFRbnhwS3U5YXFMUE5XVXJGcmpPNGxtSmdHbnNPOTdKdGRvRC1pZDBuTU1jTktOcU5mMlJXZzB3?oc=5,Yahoo Sports,2026-10-08,negative
The L,How the (L) price action is used to our Advantage (L:CA) - Stock Traders Daily,https://news.google.com/rss/articles/CBMiqAFBVV95cUxOUllKamRFWjB4OEFwWmc5TlR4SThBZnIyNmVPV0xUeFZNUnhUaVVfVmNvc3RSQXFWMU5JQ21xNGtfZ0N6NF9TUnR1dEtDZlZzOFVIZFRfR3ozcE9xb202bGpwNkR5c2xfZUdlSjdxRDA3NnpZS2FWVm1udEZVakRrV2xUcmVNbF9LcDZjTVZzUFNUSGhiM2VDLVVVQmZWLW1Salo4b2FuYzQ?oc=5,Stock Traders Daily,2026-10-08,positive
The L,L’Oréal Kicks Off Partnership With Paris Saint-Germain - WWD,https://news.google.com/rss/articles/CBMiqwFBVV95cUxQVm9ZLWhNby1NZkVXU1hwa3FRbjE4N0hJNlFtZGpldzRVZGJyWjRKUTg5S3NEb1c1WWxVYnRIeEpnck9ZTEUxRlY4NzEwb2ZEdE1NZXpMcFZaWFRqRkdfTWFfMFppVVlKQXkwdXVNcmY1UkpPU2xXRnNmSzV1c2FZVm5oc25SYlFrZlpTT1pUZFJ6d2tac2hzWnd1a1JxSm5uTk51ZUtiSVRxRzQ?oc=5,WWD,2026-10-08,neutral
The L,The L. Ron Hubbard Writers and Illustrators of the Future Podcast Celebrates 400 Episodes - EIN News,https://news.google.com/rss/articles/CBMiygFBVV95cUxNSGowUkZDWkJHTTRpN3dvVno0am8xeGRHX042RmxCOGZEUEV1WHdOOE1vNlJvRkRCS0dOVjRvQVhYdDd3WVFtaFNLdWV6TGRjcXV2NDVkTXE4VU92SEJkWlBHaG5qbC1QMGR2Ykk4OEROLXc4Yy1wd0wtRS12NlU0NU0zYWVuMTZSYUZQYVNBSUpPOWZlNVE0dWRaRlVwbVNoSmk4SHdqMm5aTnIzTnRYZWlNS2FXY0lHWkRRSUdYbjZ0SE80Sm5UUmtR?oc=5,EIN News,2026-10-08,positive
The L,Beret Leone ’18 tells Minnesota’s stories at WCCO - Bethel University,https://news.google.com/rss/articles/CBMibkFVX3lxTE90bE93bjE2WUZJU0g5eXI3UXE1Tjllak9KR2VhbVFxYVBmcmdiNlJIZjhBWUFWSE9BRER5WGRNZ0pGTkJQTWxpYVNuOHhNUExlbDNtdERqMjFCeXJqbEV2eWlSZTU5SnlhNWZrNkxR?oc=5,Bethel University,2026-10-08,neutral
The L,L’Chaim: Waren – Lipsey - COLlive,https://news.google.com/rss/articles/CBMiUkFVX3lxTE9WWTNuOFVLN2VrcnJnalFpeEw3UmNScm9FV2NUNXR4QmRXaHJzU1VVRi1WQW8xeVlXdkJvRTROdExYbjk5OHNYLXdzTmN5VzZyREE?oc=5,COLlive,2026-10-08,neutral
The L,Boys soccer: 8th-ranked L-Cats down 6th-ranked Vanguards on Senior Night - hngnews.com,https://news.google.com/rss/articles/CBMi_wFBVV95cUxOUE1NZGRPNG9Va05NS1U1SUhUOEMwSmpNbEJlTF9JQjN2bF9VNndNWE5PQTVSTWp5VzMzczgzbWUyRER4WVBtRW5BR1ZXV0R6V3dUXzdYZjE4dkctSXRXLXplVGhGbnhxVk5jODhlREdFRTJRRHhYOWJVVUxRakR3MEluUkI5TXNUemNoRlRrTmViUU9zRWJsWG9BNHZPMFZiLU1QeTk2b1FzbU1PYXVQM3AwbmxsSVhqSUw2TnpvbFZZcFZkMXpGbGhtdTYwaWpJaEVhenM0WFk1NnJ6MU40cWJJcGk4SU8zOXVTMGNERzhUQms5X0JNS25RQjA4MzQ?oc=5,hngnews.com,2026-10-08,neutral
The L,"L'Ermitage Beverly Hills, California, United States — Hotel Review - Condé Nast Traveler",https://news.google.com/rss/articles/CBMie0FVX3lxTE85eGdZem1RYjg3UUdGWURMU0dmNllVQ2tsTVBDRlg1VHh3OER4d05FSjFTM0ZMTEluZkhPNVd6TWl1VXVUckxINFI1dUxrV3BKeVpOcDExS0ZOMnllU1hpMGZRbE0tSGQ1VjlZdG81ZWNSblVzbUE5dlYxaw?oc=5,Condé Nast Traveler,2026-10-08,positive
The L,Lancôme unveils ‘I’m Fine’ platform to support women’s mental health and drive ‘positive societal change’ - Cosmetics Business,https://news.google.com/rss/articles/CBMiiwFBVV95cUxQTUNzLXJzNFZBQy1VOU1nRWhCMTNQWnlldWJkYkRqcWNRMlFDTFpHSFB3UHlsNVJpSHB3ZTVEcWhFQXc2T19Bc3dIM0F2UEtnd2pwNnpjenF2dkg5WHpEU0tYeXY0VWJLcFZEemdYazBXZ2QzQXNkTTV0aExpVHNXaUtiQ0dIY2c3ZV9V?oc=5,Cosmetics Business,2026-10-08,positive
The L,Lobe Sciences Announces Proposed Capital Markets Initiatives to Support Planned Growth - TradingView,https://news.google.com/rss/articles/CBMi3wFBVV95cUxNQkRVNldMV0xCMkgyUjhKRHBTNDQzTEsxNkkzNEg2WFk2UTZlSy1FNDFVWTFxYm5xc1gwamdka2ROeFVqUnAybmt0bEI4TmdNWDV0NlZKNGdYeDd0ZEdlN2NkdWxCckh2eWozR283MWR2d2J3aVVGd29yU0RwazJfbVhOZEhuaC16TVJhLTFlaDYwSFRYa0ZyOWtXWDJwS053MDFmbEtONlBKUmUweTU4V2ZaNFhGNkNmVTdwQkp4UUJVZklnOUdjTmJLb2xEVDhnQU5rdklmcy03d1Q4Uk9v?oc=5,TradingView,2026-10-08,positive
The L,Ever wondered what happens at Paris Fashion Week? A celebrity hairstylist reveals all - Grazia Daily UK,https://news.google.com/rss/articles/CBMipwFBVV95cUxNUzV5em5PQU1Ya0pua3hkeWpmLWpGQmgtRFpsM182RHFKamdEa1pqUzNMcE9LWE51cVh3TElZVzQ0TERSZkdyMENqd2tUOWNPdFpYTXZFS3BHcnJuRWNNWk00cl9pU1lidVZZSi0wT3p4UUZDUTdFVFpTU0k2dERzeW00dUFIXzFMSkJzQ3ZzYmthLTd2b3FULWhjZFpNQzJfaThBWTBqcw?oc=5,Grazia Daily UK,2026-10-08,neutral
The L,"Canada's Anne Carson, whose Classical literature retellings transcend time and genres, wins Nobel in Literature - INDIA New England News",https://news.google.com/rss/articles/CBMi0wFBVV95cUxNRXo5SmRTR3BfbUJVQXRhaWk4NGU0RUZqU2piVGl3WWVpT3lWOHE5Rlg5VmstVWdxR2pURnNUSEJmRkEzel8tUGNjcWJIRWlkaWtyTUlqajNHLXBzZUcydE8tNFlGOF9fa1F1N2V5TFc3OGNtb0Jzc090b3kxTWttcTBwT1IzMkJETnNIV0pJLUQ1SkZZRmlrcUcxVDNDdzNEZTBpbU0wRWlyTlZOalhXTG9hVkNEUnpCLUIwQ0N3aDBHZEF3YXlvVHVLYVlDVnpfNm1v?oc=5,INDIA New England News,2026-10-08,positive
The L,NC State Puts the L in Louisville | ACC Tipoff is Upon Us | Savanah Tujague Joins the Show - 247Sports,https://news.google.com/rss/articles/CBMi7AFBVV95cUxQRnBCUHhkcVpqWEJEUXlwY0Y3cHRvekdjaFVCYVdWZEh6ekxMR2Qtd3ppenVGdEs1clNmTm9wSXNZdmRweWF5NHZUNXlWdkdmUVptR3ZkZExvWThQU2c3VEluVjhMQV8xZ0FPR2JBQTlLbXpWcjNZUlZjRHdLamRTU2xyb21ZTmtsM2FZR292T3FDeU1aUFNtOWRhVmdaZlpyQVAydnJJaWxMbVVJVzhWX3hmTTB1X3VHVHdDRUt4TUZtak5yanhUNHRZT0pldHE4aGxzMDV6bU5XblM3d2h6dEM2NXNLU3B0QkVndg?oc=5,247Sports,2026-10-08,positive
The L,Chiral discrimination of amino acids in meteorite and desert soil extracts via single-molecule nanogap conductance - Nature,https://news.google.com/rss/articles/CBMiX0FVX3lxTE5FSUE2QzlVVWw1Smh3bklMSGZZN0xXQ2ZVX2tzV3VLMjlIU0poVHhTc1JjbUxqb2NUVGVaOXBJOWlRdmJJRm41UkY1UEd3dlY1czcwdVpjcnAzcUFYYzA4?oc=5,Nature,2026-10-08,neutral
The L,5 must-see Week 7 football games in L-L League - PennLive.com,https://news.google.com/rss/articles/CBMiowFBVV95cUxOSUoxOFJzQ2dROG1zYlVkTTRVRkxTOGlQelNwZ0V4Yi15MkFmRlZGcjZIZzNvbkk3dXdyR0diYy1UcnpKSjdGMEpUc0swWW1vLVpTSlBfTC03QXZDNXRKQnBKMFI2OUZCdmdUUEtYaGxHZWx3eG1CdG10cGM2NG1kV1MxcU5yWHNGLTJua01xaDg1YTY4UndITzJxbGI2R2lCaGZr?oc=5,PennLive.com,2026-10-08,neutral
The L,An electrical technique for identifying signs of life in space - EurekAlert! Science News Releases,https://news.google.com/rss/articles/CBMiXEFVX3lxTE01bVpfUExZeEYxWmxKWlR3MTE4WVZQYjVFbldHR3NSS0s0RzRxUmRJMkZtNkZsQ05QRTFLNklGYVVNdEgzeDl1RXRJWkk3bTlqTE5wV2V6T2tTbWhy?oc=5,EurekAlert! Science News Releases,2026-10-08,neutral
The L,L-39 Skyfox Advances C-UAS Role with Thales 70 mm Laser-Guided Rocket - The Aviationist,https://news.google.com/rss/articles/CBMiigFBVV95cUxQaEpUdmFRcFl5V3BGNDV5M045ZVhzd0xCNlY4TnR5d0xUN0lxWnlQdUNiUFRrZy1QUWx1TTZ4amx1enNNN2YycXIzZ2lRZXV4SmM1STFHOUQzWkZibmoxWktadEwwUWNrUkZjS25fTktQTXdtdmZ5VkphcUFsSUNaNWJjR0ZwTFhGY1E?oc=5,The Aviationist,2026-10-08,neutral
The L,"Many drugs have mirror chemical structures, one helpful and the other harmful – a Nobel-winning discovery allows chemists to make either on demand - The Conversation",https://news.google.com/rss/articles/CBMiigJBVV95cUxOUzBwdnNHZjZxNnl0RnpOcFd6MHFPTTFCSFB1TUNmYUlDZUJiVVVxNzlveFEyX252MGdwYTQzOTNRelltS3U3VDR2QUZGVWQ0dVpHNUtuWlZ0WnNkMFJEUnVONTdVN0Y2Z2MxVURJT214SEpHSTZrWkFEekFYdG9fSXlOdFJGeUFrUjBOdmdZTm15U0lTN0tHRWVwbmxLSlVEVTR3dS10T2ZPY1dmNExnd3oybk4zekQxQTBOUUV3MXZFcWNiaU5ZNFJXVEt1RlZaMV96N082RG80azd5RURBS1NCUXZzTUtOeUR4YmFOV3lRRkhOZkxTQVM2dFJTUUx0RkhvVUlwcjg0dw?oc=5,The Conversation,2026-10-08,positive
The L,“I’d do it again”: Melanie Bianchi on What Training for the L’Étape Czech Republic Taught Her - Škoda We Love Cycling,https://news.google.com/rss/articles/CBMivAFBVV95cUxOdnI0QU9VX0pUX0J4UnBSUnVsSEtEMkR6YXdqQkRVU2VpekdpX08wWHdzcFQ5QkdMUEVweGs5UUVFWmZxd2F0R0hwdXJpV1BZVWR0XzZGTGg0Y0RIMHJTTFJqY01ReUhGaHZfcldVbF9JY3FVSGR2eWF4V1BVajdsS01HUFZHNXRDY2p6dThraTItdHVjTWtvNzM3WDRWRGZBLTNZUm41SkxWRTdqbFdjZGVjclZnVmlWSUhEUA?oc=5,Škoda We Love Cycling,2026-10-08,positive
The L,The L Suite Appoints HubSpot CLO Erika Fisher as Global Co-Chair - Yahoo Finance,https://news.google.com/rss/articles/CBMikwFBVV95cUxOR0drbW1HUFhDeHVaWERXNl9OOThVVGJrYkFWT1pHZGcyOFRwSHJNZ1dacGhXdlppdm5lR1VpQmRyWHVSZ1VLMmdIV3YzZXJJT1hRS1RBam5RYkVCaTRFWjRaSzRBX1hueWN2b2ZMWjE2ZGFUemJtX3IzdWxYNlZjQ0x4U01Dei1KVlR2TXRURGlpUFU?oc=5,Yahoo Finance,2026-10-08,positive
The L,L-39 Skyfox Drone Hunter Gets Thales Laser-Guided Rockets - MiGFlug,https://news.google.com/rss/articles/CBMioAFBVV95cUxPejdSSG1NY1EwNGFVU29ZandBQm9ocWNyVWdjckFqM2UyM1NHVEFRYXhOR04zQkYxdERjNnROUXI4N0hYMEFSLWliSUZQVlBfZ2pqSmRMTTBVM1ZsRmJpT2tTaVNjVHVpTElOMGFpY1g0X295VGJ1cnFDZDZ2ekh2cDluLTAta2tOZ3plOHlxUzhVd216dW55bFpCT0R5eGpE?oc=5,MiGFlug,2026-10-08,neutral
The L,Exclusive | L’Oréal Taps Advisers to Explore Unloading Chemical-Related Liabilities - WSJ,https://news.google.com/rss/articles/CBMitAFBVV95cUxNZ2EteWhKb180cmtUM0pJZk9VdjJyNDZfNERzX2otUTZnX204RGE2VmkzNHYwVWRFQmh1dEpuNG43THlRME9UcUNSWlg1dnNNU3lCdHZ0VmFwTHJyMmNyLUZGaEMyLXVkWU5YMUx5RnM1WnBpQVhCcGRqQXBURklLeHVEQ3ZGZ3U0dHFxU3VkYTd1azd3S0hBSzZuVVM4UWUtSzJxc3diV3BncFIzbHZkOEEyaGI?oc=5,WSJ,2026-10-08,negative
The L,"L'Oreal explores unloading chemical-related liabilities, WSJ reports - Reuters",https://news.google.com/rss/articles/CBMi1wFBVV95cUxOVlZwM3RhWGl5c1V3SWlXSXdBenVQbUh6Tkpsbnk2R09hcnNfcjUwWU1GMWNPcFhkZWNFeGVZOHFXcFdjcjJ6T2NTY01Gano1Z3MxTVJNcjI0aHhEdG5OVUphZ19FZG80UnlzYmhFMGlBUnRTbUlpV3d2YzBWb1hQUnUxdEVYVHpfSUh2cld0TzhmSmRxYmpHQXlLWWVsVlFFcExXcG5HbVZDWFhJdGxwellSd3pVYVktSDVqTFBQOUNtb0toUEZnTW9qNFBfcVpVbFZSNjJfZw?oc=5,Reuters,2026-10-08,negative
The L,-Arginine inhibits NLRP3 inflammasome activation - Nature,https://news.google.com/rss/articles/CBMiX0FVX3lxTE5FVnlYWFA4MXltTHFXTDlwdDhxbVNWVkF6R2RHWmptMWZlWXZqVkl2d2lSRU1FNlVsbzZ2b2lLOEhvb2pvNlNqemRGNHUtUHBTUFN3dzhWbk1NZThmTk1v?oc=5,Nature,2026-10-08,negative
The L,L’Chaim: Dworkan – Lieberman - COLlive,https://news.google.com/rss/articles/CBMiWEFVX3lxTE0wQlJUY2ZibTlCU2pvMlNHdlZQOFJRQ0xkZXZUMkloMXY1SkxFUUVsWEdQOW00ZklqZ3g3WU1DeExWM1g1UmEyYzNhN3BpUzhmaEZOTThXN2s?oc=5,COLlive,2026-10-08,neutral
The L,The L Suite Names HubSpot CLO Erika Fisher Global Co-Chair - citybiz,https://news.google.com/rss/articles/CBMingFBVV95cUxQY3JKTmprMnIxNklzdWdWeE5YQkhXYXhlRy1ZYVhHcHRLVXJzZEJqM2thZDBNR0xyTnNCS1lSakg3R2wxTXljSGZTYTdTMFJDWnpFMGtLTmY2dDJlaklPbDlZZjlBSXlPQUx3UXFEa05NalJVUW8xRU15Nl9pOW1hMF9BeGhXQWlCSzhiV18zeDlmUU5BZ3FFNjdyQ0lkQQ?oc=5,citybiz,2026-10-08,positive
The L,"Cambridge Audio L/R X review: Big on bass, big on features, big on price - Tom's Guide",https://news.google.com/rss/articles/CBMieEFVX3lxTE9rY0tsek1OdmFNRlVMVWVLTkNCWU1kbTFaUFFOWk5NSUZ1UkFXWjY1Ul9IbkVRRVI3VWoyYWJ2NVVSNWs4b2tDM09iTWxPZERmZmctVnZOd1dIRVpEWU80OFJSemYwMVJPMkZsOEZzNmNjWWhqM0pHNg?oc=5,Tom's Guide,2026-10-08,neutral
The L,Money begins to flow in fight over threshold for South Dakota constitutional changes - KOTA Territory News,https://news.google.com/rss/articles/CBMirgFBVV95cUxOYi02NHZucU5zMVBYVzB0STFpR214Vjc2UjM3R0NoaWdUUlo0azlxYWtaQm00bU5lR29lM0tTVUVPS2U0RmRua0NLT2xabnl5NTdlYXJnMVg4RVFCenIwWUpoaFVOelZ4S3lDUDlHOE1CN0FNZEp1bUduMTU2YVBnazFvcGFfVnRzbzA3WjhuUGg1MS1xV1BNcUdBYTBsR1NfNk1SLVhOVEdLVzA0ZmfSAcIBQVVfeXFMTjZZbDY3cFZkWXgwUlhWM0s3S1RGTGJFLUJXRnhncTN3Q2ZqOVhUd1dRaEk1NzE4ajFMZHgwaWFvZG1xWDUwbkNaLWs5MHAydHFzY2dFVGwtTnNkOTlVNm9Gak9LYmFsTFQwQzdaR0cxazFRaTM2WFB5NzAtODR6UmN5YmttNmdrTmJPc1BBSUt5dmx5LXB6cTNsOEhqVVU1YW1OcjkycVMtdFZ3M1RMSndERTFJajNrcC0tcUNqaHRlRkE?oc=5,KOTA Territory News,2026-10-08,negative
The L,L’Oréal’s Bestselling Beauty Advent Calendar Is 20% Off—But Only Until Prime Day Ends Tonight - Oprah Daily,https://news.google.com/rss/articles/CBMikgFBVV95cUxPZ2NtUU9HZjZ2SGI3WkxtQmZWNVRnNFFaTHA3UXg0bHFibC1NYWRIaWtjaF9Td3llTGluVlpqUWwwelJ2MVRwNTFOR2I0bzlkelpCUEx1OU5fN2lwQkR5VXcwMnhDMTZ0YnExYjZYVUFUZzZ5c2xXZWx0ZGpxdDNUZ28wanI1cjFqcTdjQXE5ZlppUQ?oc=5,Oprah Daily,2026-10-08,positive
The L,Paris Saint-Germain Announce Official L'Oréal Beauty Partnership Until 2028 - Footy Headlines,https://news.google.com/rss/articles/CBMivwFBVV95cUxQSWQxS3M3U0VTMGtnel81b2NRdm5DdzJtaC12TTYtc2ZxMjJCekRlUlFPOHdvMURQSGV4Z191R3JwTFpLZWlPaV91c0MtSmtHOEtVVXNKYXFoRXdEcDVhMXlrZ3NIazZ2a2Z2UGpqSWdBSVBleTZpSzVtdVJiVDhocG9nNGg0MjFPWVBjV3UwY3hyaFQ0NG0zVE9GVWxmS1o1ZmpqcHZsSUYxNFc2Qzh1U3phMzlWR2xITm05aGdlRQ?oc=5,Footy Headlines,2026-10-08,positive
The L,The Sticky Business of Loving Cinéma L’Amour: Inside Montreal’s Historic Porn Theater - IndieWire,https://news.google.com/rss/articles/CBMirgFBVV95cUxQVWVhWFR5cUJjRy02aXhVc000aDg3bkl2X0FrdkpWVjI4LXFWXzFoaDZCV2xqX21CckxQTG1xeC1MZDZZWllCdlRVamRMdHVYYXhhbTU3Y1JTNkxDSEx4dEFOOHVZQmNzcFA3aVM2WnRrUGdSMmpBZW9ha2ZoQ2QtdzkyWWhOR3dqRkxNTFV3SmQzbmw1U1k5eXU1Z1BhdFA5b0VwbURJYVU2cWZFR2c?oc=5,IndieWire,2026-10-08,positive
The L,Volleyball: L-Cats topped by Waupun on Senior Night - GazetteXtra,https://news.google.com/rss/articles/CBMi0wFBVV95cUxOUi1ycEVUZEVpUk9RUWkwaFNfVmYyNlk5bjFNY1pPVTdiR0syWV8zM1JBX2s2d2ZvUmJWQWIxaTZudXZMbXJJRUZsNTA4Y09aRlY5bERUZWVyUEtJdWVqVFZ5dkV3Y2U0RDFsZnI3OU5VRm82RVFzZXpzbFRpQWNZcG14T2FYVlpiaGFNQ3RqUEtPM194OGV3aFFSaGtnTWh0RFFIbkllUWp5SHNuVFJJdGY5RFVxMWRQUTkxa3UxdVp0MGliSmtBcm5pOElvSnhnYWs4?oc=5,GazetteXtra,2026-10-08,neutral
The L,Lady Eagles Tame the Tigers - Lexington Leader,https://news.google.com/rss/articles/CBMieEFVX3lxTE5MTHV2Rmptb3JtNWVBYjBrVTNVSnJydGs4Z085OEUtZG1aeGRqMmNRV3hWYmJ0RmJ4RmozV0I5MTVtRk1YNTEtMW1SdlJ2UUJSbktmdFBXVWVzcTVvdTFvaVFwRkdGTUwzSVNZdzVYOU1oVU85UTFhYw?oc=5,Lexington Leader,2026-10-08,neutral
The L,The Gibson Custom Shop brings back the 1957 L-5 CES with a meticulous VOS reissue - Yahoo,https://news.google.com/rss/articles/CBMikwFBVV95cUxPVHIzclo5TXFyRVg0SU9nckNOQ0lNVEVpMVlSekpXcXp2RW1mTU1Qdm9aYlctRV9EV2xja2tzOWFDZ0lzLXZxU3RFdXFKV2NweXVWTC15SHlIbjFhUTMzRnJ0akNGOXlNVDZKUG0zRGNsaW1xQzE5c1JlSzRKcXlweXc4UTUyUC1vSUtPakhOWmZGNEU?oc=5,Yahoo,2026-10-08,neutral
The L,L'Oréal Paris transforms Callao into a giant urban catwalk with the live broadcast of Le Défilé - Roastbrief US,https://news.google.com/rss/articles/CBMiuAFBVV95cUxPS3MwbGl5RUpmdzVwYmtiaDZZbGVZVFJhaE5lMGpNS0I1dUJLTEtpb3liakxsaHhIbXluNTRDRl9CS1BMLWc1TFUzTGNrWTh4X0FsVUlsNnlaNm10aGdBM295T3NZZ0MtQmlBNUR6RWd6U3pTWmdzN3BHZFhnRmtNV3UzeGZhcUV4blJXbXRNZFlTZ0pyU0pRc09kWFB5elhVMkVLQkd3Ulcxby1tZklQU0V1Z2hQZ0x4?oc=5,Roastbrief US,2026-10-08,neutral
The L,Jennifer Beals & Katheryn Winnick To Star In New Lifetime Movie ‘Murder In Cold Country’ - Deadline,https://news.google.com/rss/articles/CBMikAFBVV95cUxPa19iYjR2Z2w4NXdieEktZlZqSG1lZENodzNOdzBUdFZlRWVxa0NpUmVURTdUelZmTjRZMGJNWGoteGoyOWtlbmhBTWd6R1R1LTVmWTlETERRbEpyVWU1YXhaQzZYSDhGM1BkbmNZNjctRHVyakZWYWpBUFhIU0FEWUtsNWlqbE9TS1lWNVBfYlU?oc=5,Deadline,2026-10-08,neutral
The L,"Aero, Thales expand L-39 Skyfox counter-drone role with guided rockets - AeroTime",https://news.google.com/rss/articles/CBMijwFBVV95cUxNVnRxazAzSmZZcVBJR1RMNkJucThTTDZzV3NkREtRblZjTEcxeG80RjM3Q3J2QzNnaXNyYTlxTE5Qck9kd19aWjBuemVWNG9ueVFiRUFXZUxzUjZ2Tm9UZWt4eVJiUk9tSFBlSFhJTGlteUNLV0c4Y2hJRlo0UTZtcDhld3AwRk10WmJRelZITdIBlAFBVV95cUxNQUNtSE1maVkyYW1vcnYzYUZoS2lTRERTQ3daT1N1UnI3UGFILVRkTTktUWh3MTdvRlFmNHhDXzBsQUNweGhZX0QzRG04RGo5UUkxYXJjbzFka1hOLVRuQVNta0c2Tmx3R3RyUGI4WU5CQzJacm1DM0g5VTAzNW9rQlMzSXlXY3ZSWUk3a1E2aHpEcnd0?oc=5,AeroTime,2026-10-08,positive
The L,Gibson Custom Unveils the 1957 L-5 CES Reissue - ACROFAN USA,https://news.google.com/rss/articles/CBMiXEFVX3lxTFAyTnllNHlUT1JlUWpsRE9kaURMT2RtdXN3LXpGNEkyYkpQdjVEb3JaRHpKb2dUTmlRN2NYcEpsZnBRLUlsOXFRNFhaUFMxVVpzVGxKWWgtWWFVMnZI?oc=5,ACROFAN USA,2026-10-08,neutral
The L,“Few guitars carry a legacy as rich”: Gibson revives one of the most influential archtops in its history - Guitar World,https://news.google.com/rss/articles/CBMiiwFBVV95cUxNa3dDVDBJdzFFMUxYS2tITlVuWm1xR09XZ1pySlIyemRXTC03d1FSYTdlbFRUWGZfOHlLd3JZc0J5OEs1Xy1EOG9hT3VGZjl3UFZwYWItYmNwSVJkTG9zekdkSzRWOHp4TUxuUmg2bDhwUmJvdTJnTXVCaU4zT0JCc0gyY09FcXdnQldn?oc=5,Guitar World,2026-10-08,positive
The L,Early Addition: Do any of you get off at the 3rd Avenue L train stop? - Gothamist,https://news.google.com/rss/articles/CBMimgFBVV95cUxQcEx3MHFIdmRUc0VnTG9XdkVIbk1sUXBTdnRHSnYwUk9LZ0VZb0ZSeUJfeUlDanZLRUFIVTAzTlpYckk5cEZyNFF3TDc5M3M0WklxZ1Y5bXNyZnhiQVM5UVk5UVhDQU9BVEhkZ1M0Y2ZwTFpxbmpyaW9GbUhURlhBeVVIQmx4ZkZxN2NaSmVPM3pLVHFVVUUtaWVB?oc=5,Gothamist,2026-10-08,positive
The L,Could electricity reveal alien life? Scientists develop a new detection method - Tech Explorist,https://news.google.com/rss/articles/CBMikgFBVV95cUxOeVdWaVVtZ3ZBY3ZkVjhraXBRZXRxS2hJMFNzN2MyazhocFdHRjNiZllCdlZfa2loVElyV0g4NEV4aVM3UUNsM3dpMjVIWjRyeko2eC1Ybmpib1pDZDktNi1tUEc5dk1PZHVSZlVqWnVlLVVRTFBDc1dkbHZVd0J1ZXFXbU45b3plV2lqdkVfNGs2QQ?oc=5,Tech Explorist,2026-10-08,neutral
The L,Becky Hammon defends load management even if Aces have to ‘take the L’ vs. Liberty - The Athletic - The New York Times,https://news.google.com/rss/articles/CBMimgFBVV95cUxNSnQzUnN3emFrWHpPSTlOQkdUNzdPcERtWWJ2M25JdWE1N1R5LUttZHBMNzBhMkhIWjJHbmZUQXJ5MkRxcFRyTF9QUGNBOVlpekUwWGZHRmJfOWJwaXJ2a21vQkp2THUwS1FjWk5YSHNFRm5POHd1cll0U1Q4eEY5akc4MXFPNUVpaURacm14V0xJVE5WMUFORWdR?oc=5,The New York Times,2026-10-08,positive
The L,L’Chaim: Perlman – Wertheimer - COLlive,https://news.google.com/rss/articles/CBMiWkFVX3lxTE1udU9aUXBHLVNod0NnVnFLNnBrUlNEMnpjdnpBZWY3MlBSSGxEV1A4b0Vsc2FKREdvTnV4NVlpNHhQdG5aWVFXTVg1R0VUaV9IcnpidUxHel9JQQ?oc=5,COLlive,2026-10-08,neutral
The L,Exclusive | How Taylor Swift stealthily celebrated Dakota Johnson's birthday at star-studded 'SNL' after-party - Page Six,https://news.google.com/rss/articles/CBMi2AFBVV95cUxQUWxSN1ZEOWc2dWxnQ0s5Qi13MjRvTVJXdG1PVXdEOVNweEQtbzFqMUs0QnJfRnYyWXhnaUZsYUpqQkRiWWU0QlYtUFU5emVDUkVNS2FWR3BzVUkxLUV4MnVBV08zVFdZN1E4RUtmSkRROUhFUlNTYVpaSHJFSTg0b0tIQlVWU25oZ3JwbnFDWF9ZUUllcDU2M2puOTg4eTVDYUVuVkYtVXEtNjhYYjdGb1U0al9ZMVhJalhCTElzSFB3RGxMU2N6S3prM0pTYmFVQVpSQ2U1bUY?oc=5,Page Six,2026-10-08,positive
The L,Are men being left out of the longevity boom? - Cosmetics Business,https://news.google.com/rss/articles/CBMiekFVX3lxTE1NMHZyTUtPV0tMOWZxTm5Bc2lkRDNVeWhoa0g3ZThtc1RvTkR3ZGZlbXplTVI2TkZIdmdWbGZ1NmRvc3NlWmJpMy1xM0hTYlBFdGdYSzJBZmVTYzRSRDJhYWJCRExJUUFKc2dHZkRxWUY5MXdydlNET05B?oc=5,Cosmetics Business,2026-10-08,neutral
The L,L’Chaim: Baruch – Melamed - COLlive,https://news.google.com/rss/articles/CBMiVEFVX3lxTE5MRXA0YU1XelJCSktVVXZIOHRzTVh1Q1hLbGI0SmN4YnM2RHdEZXBFUVp1LWJCal9DU0dZbWhqWEMwNUF4b0VWTjFVVEVKTEFkdmROMA?oc=5,COLlive,2026-10-08,neutral
The L,The L Suite Crypto GC Roundtable Dinner - Wilson Sonsini,https://news.google.com/rss/articles/CBMigAFBVV95cUxNZ0QtV1FxdTRqQVZMLTNMU202Z1BQOUN1YzdUUFRhNUVGUUI3eEpxbDFMeFVvMW1xckdGLTZRdFE5eHFmNGNMNTNsNVNuWldHNTZrcHRVdzhDRFRzY2ZGa1NNb1hob0ZaZGl2b2hJYXI2eE1RdkVwTmJhblptb3ExQw?oc=5,Wilson Sonsini,2026-10-08,positive
The L,Scientists use AI and nanotechnology to detect signs of life in space - The Brighter Side of News,https://news.google.com/rss/articles/CBMirAFBVV95cUxOaGt0dGFURk5KWWotQkFJZm1Ibk1DdHJSU2VMN2c4aFRDNDZUbXhuQ1VrZDRZSTRPUlhjNmNzVExYeFI0dzdDYUVwaHdDRHhVX2ZNdmZ5SDhnTnJHOHpJWTRGc18yemhveE1pQnBENC1wVGlaTjh3V1lJU2p4QzdJWGx3aHpFeXp5Mk9INktpNmdINnVBYS1YalVJYnRNM3diRGFmdVNzS294MVJw?oc=5,The Brighter Side of News,2026-10-08,positive
The L,Why CeraVe is eyeing India for environmental skin care lessons - Cosmetics Business,https://news.google.com/rss/articles/CBMipAFBVV95cUxQS2JNSFIxcnpFYWJLSWYwdFV3M1psaWN6RGhMVERMX0NMRU5JTHJxbVczNS1JeHFXdS16REZNZ0tkQ096bjdsR2U5a0V1aDJScWozX2FGYjBMaF9VZk1BR3haOWRFazR2S3lxd2xpWGdJeFByYm40WG0zbG9HeVFXVjhpLXdqM3p6MXhnbkZXbGM0Q0Z2N3JUYzdsNVFPRVFVc2k4UA?oc=5,Cosmetics Business,2026-10-08,positive
The L,Robyn McDougle named interim dean of the L. Douglas Wilder School of Government and Public Affairs - VCU Wilder School,https://news.google.com/rss/articles/CBMi5wFBVV95cUxQMXo4bDAzc0k2eXE1MmU2eWo2OFZYYnBpUHZyS1J6TjZLLW8tTWZObjM0NzdIeEh2MHVGaHM4dzF1Vkt3ajJEQXBjSVBKdVEyMWpKUGdSSEdEcHdaY000RmY3aFM4c205eUp4WnZLMExTY21ocDNwZlNoTWVXRmItdVRUUm9DM3p4YURNdGprZmwwYWl6YU82aXpCbURDWmVITE5jdi1sbGRHS3BFM0RyVTNOSzFPcUFkN01ZWmFUX1FnY2ZnWk92RGRZM1Jia1YtS2RyWmpFR0l1NEFvOXM1eVVOVm96TzQ?oc=5,VCU Wilder School,2026-10-08,neutral
The T,Kawasaki Next-Generation Trainer: An AI Instructor to Replace the T-4 - MiGFlug,https://news.google.com/rss/articles/CBMingFBVV95cUxPNUxQMnVTblV4bGJaRXdsQVg3N09PeWRkbkhkeGxoaW5TZ2pVNUR2SWlRaXZGQzZET1h1VzVkQVFOTmZaYUxDZEZNNnAtOFQzZTh3T1NfaTJFTHJsQnQwbmg1cnNOcG1ybW1Za0dwcnhZdzdzVTE4RzJTdUhqVmxXZ1k0WUZVNU0yYktQeVc2dkY3c19NSHJ5b2o3QzVQUQ?oc=5,MiGFlug,2026-10-08,neutral
The T,The Most Powerful Man in Music Isn’t Afraid of AI - The Hollywood Reporter,https://news.google.com/rss/articles/CBMivwFBVV95cUxOMzJYVk5SbjdpaTJHX0FzVWd3Rm9GTTRJUHcyeXcxdmZ5TzlDODhkbnFjaEVWeUJLSUp5UEl0Z1I3QXRjejJ3Nml4TUFRcC10aGswNWxiSTZvNmRzYmV5bnZnV1pPM3ZNZ3NyVHo5N3RXQXBnLVM5NHFyMTBEVnRwN1pGSUljTlltM25BdkVGbEhxZFZvUGs2Z0drT3hyQXJqTGF1S2ItQnVwV2tBTTZCbDgzUHBJdTBXRnJUWmI3RQ?oc=5,The Hollywood Reporter,2026-10-08,positive
The T,CAR T-Cell Therapy: The Next Paradigm in Multiple Sclerosis? - Medscape,https://news.google.com/rss/articles/CBMiqgFBVV95cUxNVzBYLUhFNjUyUWE5eU5YcHgtYU9HRGdqMU5URUJ3NnBnR05rZ3JPcjNWWWFXR3VXd3pYNUpLQ1hwdmdFQzRTUktmLTBPMjJwbXQ5NEJKeUMwYS02aDI3VzZwNVJmcldYbmxWWnM1ZVJhTU1maGh5aU5EZEVKVE9YVm0xV2o1elpSS3pfTElQcVlpdGtTS3l2WVJFZlZqa203WWhJc09naHg4QQ?oc=5,Medscape,2026-10-08,neutral
The T,T-Mobile on Columbia Pike closes for good - ARLnow,https://news.google.com/rss/articles/CBMiggFBVV95cUxOVGxpalJtano4Mm82c3lYWC1iOEU0THRIMmRCN0gxSDRNcUFDamZ0cE5DOGNmU05wc1NhV2hvTjZab1lVTE1RRVZMeXcxVVU4elhDcFhqbDNzZnMyT05LVmhoWndIelVxQnp4UFJTclNGWDRldGFLU3p4WkJYSEhsRkhR?oc=5,ARLnow,2026-10-08,positive
The T,The Complicated Social Life of a Tyrannosaurus Rex - National Geographic,https://news.google.com/rss/articles/CBMiiwFBVV95cUxPQkJoMTB0ZFpPTjJHZTdBcHpRX0Y4aEdFX1VWYlVuTkw2R1NWdWZuVmZzVXFxUFFEcURzTC0wdVdhYXVTM1ZOSlJ1XzVvdlN6UE1ZV3ZnenJTSVF0S25PM3IxaFk4MUFKNW1lbWlSMjZjc1h1WHVadnhoZV8zY2lkMGwzQXUzM0VyNGtB?oc=5,National Geographic,2026-10-08,neutral
The T,McClain High School named Top 40 Division finalists in T-Mobile’s Friday Night 5G Lights competition - The Highland County Press,https://news.google.com/rss/articles/CBMiwAFBVV95cUxNNHFnM21NSDJuOWZBczJWVVFjbFhZZEZhN2RqUnplNVRsUnhXaUV1aDFtNi0wdGE0NWU5dVhTdlItVjdNSTlYMG5wUklLX2c0Z2pOZjZYd0NuNHBWREZyWkhFT3oxaHBfNXdTUHJKRGZpWEVJMXlTRGJtU0tFdl9JTUlUa1BuWVFxYVlSSEdWazhMMmNRTFFqbTVRa2FHaTRjWDJZMnk0ZEEtNk5MSF90S1ZUSWZ3TkV6REl2WmVLQVA?oc=5,The Highland County Press,2026-10-08,neutral
The T,Letter to the editor: Fix Allegheny T station escalators - Pittsburgh Post-Gazette,https://news.google.com/rss/articles/CBMiwwFBVV95cUxOS3BTZEg2SXRsbGdXcExodng1aEtTUVJ4WEk3amxNOHlKaGlNZXQ2ek9uNDV5WU1xUHBRdUlxMEVDNUo2Snd0V2lYSXQwRnh2bWtUaVo3NFBtNTNJRUJiak9feFlzQ01rdUxjWFFpZU1ad3VsY2Y3S21YZnRBTGt1MXJRcmNqdl9jU0ZmYVdIS2pOWVdweEFoMU1BSldyaWNra2o4ODVWWWVNYTRieGt6a1J3WU1aMnhtWVpHLTB0ekxqb28?oc=5,Pittsburgh Post-Gazette,2026-10-08,neutral
The T,Michael Finnegan Obituary - Foster's Daily Democrat,https://news.google.com/rss/articles/CBMiWkFVX3lxTE1VN2pkZll4S0NZOW9ibzNjWWozT1VoWU9OZW1DY2dsVURScV9KcXNaa1dMekQ2RTVubU1UbHdCbWdidmttU3hIZlRnbzBxZkplX0ZKTlZYN3ROQQ?oc=5,Foster's Daily Democrat,2026-10-08,neutral
The T,Country icon Garth Brooks to return to KC for tour stop. How to get tickets - Kansas City Star,https://news.google.com/rss/articles/CBMia0FVX3lxTE9PcnNMMGxSNVlkb1Z0N2xXbG1KLS1oSDZhdEt3eGlfeFZRT0tObEFxSzNkekZWSG5mdEZtcEFpZ3hMQ2R3Y0x1WWpFTUpPZi1MMFc4Nm9oU1hwRWlZeDFEbS1XZDE1YzNnMnNZ0gFrQVVfeXFMUFdTYU8xbDBTaVV4aTgzS29tTWNGajNCNi1uZHF2aVlfLVdQck1HMzhERWhYMXdxRjF2ZlZGTk9MYVc4Q0ctY05TOUhyM2dmbE5oNFMwaFNxVVAycWw2TmVNQjhDWURMZTMyVnM?oc=5,Kansas City Star,2026-10-08,negative
The T,Menasha football team in play for $1 million prize from T-Mobile - The Post-Crescent,https://news.google.com/rss/articles/CBMi3AFBVV95cUxPd0o0V045c2ZEMndPNGMyOElVTlcxOTk1NTdhaEhpdGF0UzJpU200bUVBanM2TjhtM3I3eFlnNm5qaFN3eXFKMnF3LUd6NXNDRGZwaFMxTWNHZ0I5TlRjT0NRV2xMeDl1SWhVbVlzUzV5ZjFLYXhrQXBOSUxJRHc3cjd0akN6NmdHc0dXOG5KRjB6VEcxa05LS25TVjdpQzRHYUdLQ1c2dlFPZU9sSGhydXAxQnI4UDBRRnAyZ05VZFZKR3A3Ty1sZ3ZIZXJrWTE2Q0hiWkstVmJXVkdu?oc=5,The Post-Crescent,2026-10-08,positive
The T,Redmond High School named finalist in T-Mobile contest for $1 million upgrade - KTVZ,https://news.google.com/rss/articles/CBMirwFBVV95cUxNUVpRNTJfZ2hQNWZhSlYzZV9OZ3dub2ZiaG1MZmc4WGREaGZCTnRLX3FFeGJRWFp1R2JvUTVmTDFZem5HanFia3pLTmtLLVZqUHNnd2lUaHZMSU1RenBMbjFHZ1RLb1FRXzdqODZqR1lFZUxWR2ItQVFNay0wWWhKbzEzaEs2bzdDdzRyd3FoeE0wektqeUtIS3NWUTFSeE1YeUg4bUpPQTd6d016MHVJ?oc=5,KTVZ,2026-10-08,neutral
The T,Can Natchez High win a $1 million? NHS chosen as one of 40 finalists in T-Mobile contest - The Natchez Democrat,https://news.google.com/rss/articles/CBMizAFBVV95cUxQcTlveGFnQU5BTWdUQ0c2V2wxSXdsaVl5cU5QdEFReTBpUFRKRzJwenFqalY0V1FsVmRIOVZtYi0wdDdWRHlVMV9GTjdCQTFyMW40OFJQMWowUlBoNTFvRXNNZ1NGcUxQMzBjV2FGWHBJQXVPWm9TcXdMc296Tlk1U3RxSnNhXzJEMExEdGE3Qzg1NjNIVTY4MHZmdFV4SHYyc1BpRHZ5WnB1T0dJa2lMUjAyb0pDRVI1Tk91RFA1ZlJncV8zU2Exejg3MzY?oc=5,The Natchez Democrat,2026-10-08,positive
The T,"Russia Put a T-72, Tigr, Fuel Truck, and Two Guns in One Place—Then Ukrainian FPVs Arrived - UNITED24 Media",https://news.google.com/rss/articles/CBMizwFBVV95cUxNZjhxOEl6eTl2SG90a3F6WUF2ajNsUklxV095dXZqNGJfSE5SLXRFVzZ1SFZoRlgyd1lVTjZTLUlKenlIVS1kcWVmeEdveHR4WlhhWV8tdGItZm5XWGJsYjhiZ3NGWHQyNkZsRms2VUZRNl92dnlVZDhnU0E5Zm1UV3F5akxoVGlHRXR2UjBuaGJaTkhYVndSMUVMNkI5Wm9tSFFsUzRlUkxKdUlYSkZOOEIycjMyUlNrRTM3Qm04ZnE5Wl8teHRKejJsdVcyQ1E?oc=5,UNITED24 Media,2026-10-08,neutral
The T,"Healey is weak on the economy, but Minogue’s pitch isn’t landing with voters - The Boston Globe",https://news.google.com/rss/articles/CBMijgFBVV95cUxNc2x2X2FOazNmX0l1dHRqeE5qWDRGNXY4WmlEUWZSTjJWcDhzZjctSWtTa2VTX1dGdDR1NHZucEs2UEJkemRlMDQwNjhmQzJxNTY3SmFVOW50akJ5blFBaXp3SDlkNGg4M2NUSU4zUHdiWXlKWWY3WHVVYnpsbUZWVEUwSS12bzhsa25DVXh3?oc=5,The Boston Globe,2026-10-08,negative
The T,Buffalo Gap High School in the running for $1M T-Mobile football field upgrade - Augusta Free Press,https://news.google.com/rss/articles/CBMisgFBVV95cUxOaW1ZRW1pcEJ6ZXJPNkJyTGJnTDRBSThFeTJnSkJ4dmR2WEpXLWxlV3d1X1VGOExMMUJfYnJvdzJuT1k0Zzdoek5jM2U0QlF2UGgwU0QwQlJFVjlFUDVKcm1HeHBCMFczb2xtLWgyQUk4eF93eHFHaHRpaXZqLUp3UWxjei16SmY3MWJqVGVMVnotXzJWRzk4dlhJQ3p0QWFqOUhhTndtQzRxT3dnSEVvNWF3?oc=5,Augusta Free Press,2026-10-08,positive
The T,Securing the bag: 5 NBA players vying for big free-agent deals - theScore,https://news.google.com/rss/articles/CBMipgFBVV95cUxQb19zdmZ0OW95TWFpUzVqalFkeWltMnlfajNRcTdmaGFoZFNaVEJlQ1lsTnVCd0dFN3JYbDdmYkdxWTdoVUJqMmphbE1waXEwdWlwM1YxdnJYeDFab1FrRGJyT0JURWdfNnptNXVXNFZKdllBMUpkMVJfanpwUXN1YWlHanZaVHRhVlZOblFUSF9oV2tUNG9saVNlWEJJTUM1Z2NIbDRR?oc=5,theScore,2026-10-08,positive
The T,A preinvasive regulatory T cell axis for lung cancer interception - Nature,https://news.google.com/rss/articles/CBMiX0FVX3lxTE8zdzdkamZCU3NwY0FTVC10b3g4SFFvUVpZRFo3UmxYRV9xamlvOEd3NXhDaEF3aVRMMlcyT1N2VUFzU2RzTjk2OVJIbXFwU2ZYaXBSS2tjTmVnV24yRE1j?oc=5,Nature,2026-10-08,negative
The T,The Most Powerful Man in Music Isn’t Afraid of AI - IMDb,https://news.google.com/rss/articles/CBMiakFVX3lxTFB1Ykt3N05JOTBrUHBMWmR3WDNRTGFYX2FwcGRPR3FSMzByLVFLQlZzMnpZclZrVXhWYjVBYkdJcFV3V2tpaC1oZ3JqdmFZTG5wWUxLR3UzT0o1QXBjYU9TLV9TNE1sN09MZmc?oc=5,IMDb,2026-10-08,positive
The T,The trucking companies with the worst federal safety scores - The Times and Democrat,https://news.google.com/rss/articles/CBMikgFBVV95cUxOWUdZTGZMb0h5UDk5a0ZfMC1RdmoyelBJWk9PbmxLbklRNTI5ZlJOU2NxTzdjRnVOV1R1RU8yYTNucHh4R2pyY3c3TXdwc24wRUhYNms5YlVqYW1XcVZxMWxEaF9xN1lLbTBRVGNIMzdZQUZFcF9laDJPaWxNN1ZtNUYxeTFwcEtLajFJSXJCZ3ZOdw?oc=5,The Times and Democrat,2026-10-08,negative
The T,Garth Brooks is coming back to KC in November - KMBC,https://news.google.com/rss/articles/CBMiiwFBVV95cUxPNk05M1EwWkxkb1k0OU9nRzJ5amlvZU1SalNXMElPM2cwWkNJU2JYd3ZQRHNkdXR3QjVFamlsdFVhRi1LQ1B5N1QzTUJHa2FTVFlqM1dYcEVPeWU1Nmc0MFh2OHNNWVZycjUxSUp5WnZTNGMwSDJPa1RVRDA2SEl5dHRlM1FnZUlmS3dz?oc=5,KMBC,2026-10-08,neutral
The T,‘Hot Wheels Let’s Race’ Dino Special Arriving on Netflix; Season 4 Likely Not Happening - What's on Netflix,https://news.google.com/rss/articles/CBMioAFBVV95cUxPckszTFVySmZNTy1vTGNpZ1J3a3hMRDdpRWhsQUw4OTlzcEZQSUg5cGYtM0VkZDkxNkZUSzlLcDA3YUJtalduMEkzY2dMSkpmZk1NRDhvZVpHYXFxSHh4SWJNd2xYQlJKcFNHRlVDYXVEbjFNTjduR25vRTFOZkdDNkM3ZEhhU2RRWVFYRzRXRUNyX2h4eWptRVhPYTNDR3VD?oc=5,What's on Netflix,2026-10-08,positive
The T,Could CAR T Cells Be Reprogrammed After Infusion to Target Cancer Again? - Pharmacy Times,https://news.google.com/rss/articles/CBMiqwFBVV95cUxPTUhzdnJ2TksybVhOcXAxTFNuYjd2dHpzUFo2Zzk5bk1qSUpadURCV2J2R2xqQTk4ZWxVeS1KSVA4U0VxWkNNS1RhZzV6eXJ0WEQzWjFqbUt6ZU1PQ25TYmVwcjNaUnNZR0YzRDNTNkwwOG5JQVk2My1pOWJ1enM1UDVDRHU1S3lXTC1Zc0NOTDJia29fc1RlR0ZfNndpYkJSWDBuV0VHaVlIemM?oc=5,Pharmacy Times,2026-10-08,negative
The T,Incredibly Rare “Jodi” The Nanotyrannus At The Center Of Heated T. Rex Debate Goes Up For Auction At Sotheby’s - IFLScience,https://news.google.com/rss/articles/CBMi1gFBVV95cUxQRGxyZFdYS05haXN2elB3eGViNEpaRmpXOFhGVU1PYjl0UWgtamtMUTlCODhXYVZXcUJDb2hoZzZSS19UdHpybmR2d3ZuMExLR244RW5ESVhFSFVhQXd6bG9YVTJYalctTTdPanFLTjVNVWVzR2FBNU5HOERNLXVxeVM2cEMycXhseW1fWXgyOTRXYlR3am5KNFNmYVNTZGZYTkVkVnRRWFhsZkJPSjlZYW42cEdGc1pVbkY5UGQ5b2dpU21hMTdzSTZSVGJKejd6bG5xTnZ3?oc=5,IFLScience,2026-10-08,neutral
The T,Nissan Z Kaze Concept: The T-top buyers cannot have - KRQE,https://news.google.com/rss/articles/CBMiiwFBVV95cUxNMFRHVURSTXhRZmRhcVVPeGlPTFNpLThpd2hrYUZ6MjhkQWNsak4yeXRCd3N4aHQycUctRVNzOHNoT2JSYWw3ekIxMWtMN242bFZXX1lQdmQ0M192Z3VWMzdOQ04tWFFlTS1FbmJUVFRWckRTbGNtZ0FzcmlPbkI2aERSVHFoYVhXSWdR0gGQAUFVX3lxTE9MU0lPNjFaeWx4b3c1eFpCa1N6SUtlMFZodEZLTDB6NmVNUWV2Ni1Gblg2YWJ6empYSVB4YlhfeGE0M2ZzczlfdzFsSDZFSXF0YjhqMml0TmxwTHFkWVhCWXZPWlBvRnhOdlBZSGZGblJ3Ql9KZXN1Y0phQ3FkSHpIY05KOUhmMGM1ak02ck1fMg?oc=5,KRQE,2026-10-08,neutral
The T,ESPN's latest projections reveal surprising truth about Nuggets' West standing - Yahoo Sports,https://news.google.com/rss/articles/CBMilgFBVV95cUxNcjRwZjNCMkZWQVZZOW12a211ODlHdGRQZWdZWmxrMk1ZSzhJZnVyNEtReFNHQUJ0RkRHeGtsX3NxRzZZT3JCT1JQejJIQjFiM25FWWxTNUJOVTdROW5TR1pOMHlINVRzd0pvM1pXTFZSdGw0V0JtdEY1c05HUkR4Si1SWU02V0xVdzNTamZhQkhMQlF2aHc?oc=5,Yahoo Sports,2026-10-08,positive
The T,The Top 5 Scariest DUNGEON CRAWLER CARL Scenes - Nerdist,https://news.google.com/rss/articles/CBMigwFBVV95cUxNT092OUUxcW94MnlPUG5HZEYweUlYc0tYaDF1RVlMUmFhN3NWX0w3YmdMdnpUQ3hUeWM1c012ZHRhSE9TOHUwYU1UOGI2QXM3cHZxbUptZ21aVjRoM1V3Z3hIZ09SREp3V2xfSEIzTm1lbldqOW1CbW93eFB4aHRRdXhPYw?oc=5,Nerdist,2026-10-08,neutral
The T,Backstreet Boys Bring the Ultimate F1® Afterparty to Sphere for Las Vegas Grand Prix Weekend - Formula 1 Las Vegas Grand Prix,https://news.google.com/rss/articles/CBMiyAFBVV95cUxQRXNWN0dsQVk5X2hIcWpRYXhSb25Ici03RUowZGd4bmp1c3FnR2JrOEFzODdZOFBsa1ZLS1ZMZjhXVXVBZ3VkMENsTnZsenJCVkZscWhURFVhazJ6TzQwcjJyS3FFWnNWcE1mdzFacDZIVnlRRU42MGQxOWVoTzJuR1ltY1ZxX3lleFVSTkVtMWtzX1RrbmI2OVh4aGliYkhpUG5sNmhvYjdpWDktNFlzRGJIUXQyVnJoRHV3TGRnMExDUGxNZ1diRg?oc=5,Formula 1 Las Vegas Grand Prix,2026-10-08,positive
The T,"Jurassic Park’s T-Rex kept coming alive at night, and the crew was terrified - 3DVF",https://news.google.com/rss/articles/CBMinAFBVV95cUxNbEpGTmszOTBpLWF6WTZDcWU0Mm9wTS1ZSUYxVjhhRGRuTGxVTl96OU43V1JUNndTRjF5TFpZVl8tSkxIcVp2V0w3T2xlSzRpWVBMakQ4Ym1tMFFlTFZNd3JHajJqRjYyMUxEV01SMVppbW52aTVyUnNwWTFqWmkxR1dXVHFFM004V0ViSEN4VzhDSmhldXdjVHlBMUM?oc=5,3DVF,2026-10-08,negative
The T,Trump does not plan to reimburse government for taxpayer-funded ads - The Times and Democrat,https://news.google.com/rss/articles/CBMirAFBVV95cUxPaTdXd1NWTmd1M2FfV1g1MXJXb2tIMHBFME54NlhRekdSR3VsVGtfWUVuMEJaR1ZzTmdHbHhxWlhDUVpmaFZDMTVveDcycjVrMXM5OFVhY1pMMFVvUWl3OTdpYzhLX1cyVGFENVRSVjItMnVFOG1aYzBSbHQ5dVlxTGFvZjVqQk9BQ2VnVWhxQmNuUDNVM1NKSkFDaS1KUmxQc19JNnNldHVLMWpR?oc=5,The Times and Democrat,2026-10-08,neutral
The T,Lessons Boston can learn from Danish cyclists - Globe Opinion | Substack,https://news.google.com/rss/articles/CBMifEFVX3lxTE52NEtDTnVLbkRfS3d1b3pPQUJOWDljeUg5X3N6LXk1N0VzTHk0bDlnbGFNX3lXNTZQOE81ZENIS2NGSGpXdjhRTFhKeDlfYU1rbjB1UXZGc05idm04bDJ5WGxLYm5zZ0I2cURfc0EwUm1xal9YeEkxVFMtdUs?oc=5,Globe Opinion | Substack,2026-10-08,neutral
The T,"The New York Times. . “You don't really realize if you love somebody until you have to forgive them,” Chris Rock said on “The Interview.” See the full interview: https://nyti.ms/4dsQwZT - Facebook",https://news.google.com/rss/articles/CBMi1AFBVV95cUxNazZwSHZrZlFBQlpMcFhfVGdiN2JNRWlVWW5WU3JtUEhLSlFVQTBJZjJYTjV4YmUzZTYxckswVjQ2bURIVWh5bUZBSVJNWW54UEJHckJscUhWVHpfX2FvcFluV2ZNWnpjUXBoRzYwLXJWSkhVdHUtVDk2NDN6YXJsbzFfbl9BalJtLWZHUW1oME9FMG1CZzhPLXVPd2RCaG84WWRhMDQyUTcxbDJsenpUcE1YM3NYdk9VYkdUcVZ6QUpLUmhTY3dPMldnRm5QbElfTjFxMQ?oc=5,Facebook,2026-10-08,positive
The T,Leaked picks breakdown makes T-Mobile's confusing new T-Mix plans a little easier to understand - PhoneArena,https://news.google.com/rss/articles/CBMikgFBVV95cUxNeEgxc2dxU0NLX1pPUHFPMFo4MXYxc2NOX3hSNWMwU25wb3BDZEpqMl9xM2dwTVByT1MzUlpmWXpSNHJKYnVxNDN3ZVpJR3FOeEM3ZXpTZHV2bnhVY3h3RVkxRzNWMTNuWnFhRjMtU1ZkWHRNNVB1Ny1ScFZFcmJkWU1sN1NRXzBQcVdnN1NNNEtfdw?oc=5,PhoneArena,2026-10-08,negative
The T,T-Mobile’s Friday Night 5G Lights Narrows the Field to 40 Schools Chasing a $1M Upgrade - 01net,https://news.google.com/rss/articles/CBMiqwFBVV95cUxNOHFFZnhFS0FuZVJvRDlqcm1EbFhBVzlpZHZwcWRyM1I5WlBseWJOVENreVhQZW9pQTR0cGJRUXhwbHl4N244Y1BGdkg3Y2pJSnQ3UUxXcEtrQnZKYlZ2cVJ4YkJRTUhTSnZTTU9selJlT3RXeC04RFYtQU9uZ296a2cxdFAxeUctWnZVYURnNW40anloaU1fWXlQMzlFNmI1dWRCY1E2TDd2dTQ?oc=5,01net,2026-10-08,neutral
The T,"Five Discoveries That Changed Our Understanding of T. Rex Forever, From Warm Blood to Lips - Smithsonian Magazine",https://news.google.com/rss/articles/CBMi3gFBVV95cUxNNzc3UHEzZVhtMXFVdUoyamExSjI0SmhQeUIzMnBWbklPUjJxM2loZk9zSkloaTVlRHFYVHItcFN2dWJGVHY2dTRwZVE5QnpmbGwwNzgwTjdKVnFUUzhVZ2ZBeWd1RDRIY3hncHFCNmlxOGR0WGlERFVpaFpaNVQ5NTlqZGFGX3ZVRjdHRFJtOC02NEJrcXNmOGdHTkNFLWRTMVJoQWVoaTJVLW8zN0RhODZVYmVVQnk4TlNhVndXQ1FOT2x5SzRwYnhfMHBDQkpUM3N6YzNEcFFTeUw5akE?oc=5,Smithsonian Magazine,2026-10-08,neutral
The T,One dose of protein-targeting CAR-T cells shrinks solid tumors in preclinical tests - Medical Xpress,https://news.google.com/rss/articles/CBMifEFVX3lxTE5ETkxrZmJEN0F4LV9hRzdVVjJZVWU3bWNxRExMUGlHU05VUzA0RzVQbFlWWldySGpYa2pFQkkxQ2FYc0V4dVRKQ0x5TW9EeVR3TVhXREY3ek5udmRXOGdGMDI0MjN3TFJLWlU3RjIxTjlnbWlGVU45RWFHSWs?oc=5,Medical Xpress,2026-10-08,neutral
The T,Rays celebrate after sweeping Yankees to reach ALCS - The Times and Democrat,https://news.google.com/rss/articles/CBMioAFBVV95cUxNNkM3TGtaWTVWUkxSYzJsMUh1V2JBNHB5TkJqTWo5Yl9td1BrcUdPY2RSazNLX1BKN2NVbjc2V2VDaThLbzQyM0wtc2xYRzJ0XzRseXFUdU9meG1RaE5kRU1GcFFOTE9GS3BpeXZfU0lrNmE1eDVuUTZLTzJNY2lySlNsMy00VWwyMkJnSzJnZDkwVHlMdGo4aGdQSkNRNkR4?oc=5,The Times and Democrat,2026-10-08,positive
The T,How Strong Was a T. Rex Bite? | Wild Critters USA - PBS,https://news.google.com/rss/articles/CBMijAFBVV95cUxOZTJ1VXV6TnVpN0szb3hCWEhWRE1rSVBYTEFMNndIR0NFcWFITWpsUk5kamhGSXFCSHpWakx0clgtbkIwVlkwMlJLcWpHODNzRzVaVVVnY1R1akFQRUxDTWlkVWQ1MXlzbHRkLUtlUEVvSHdHd1dfc2VHX0V1RDdDTGpadWJqa0MzNkxhSw?oc=5,PBS,2026-10-08,positive
The T,Porsche Is Cooking Up Even More 911 Specials - Motor1.com,https://news.google.com/rss/articles/CBMiekFVX3lxTFBDTElRRFluVWJhRWlFSnhPT3JXRzRibVRvdnZrMVlvSVhOb0FTMHVpZ2hZRVlQNElGdm9xV3Y1OGFQWVFQMm83enZJZEhXdEc4UUVpazlVdkFyTjBGelEtdEhBNzdYZ1NiQXRfQ2FMcXRHRmZkZHk3MUJn?oc=5,Motor1.com,2026-10-08,neutral
The T,A Kansas T-Mobile Store Just Gave T-Mix an Early Debut - Android Headlines,https://news.google.com/rss/articles/CBMilgFBVV95cUxPN1pzSVdabk8zTkN5Y25NR3lBVkJuS3E2cmpUUjlGdGJjUF9aUWE2Wmw0UDRPb2RXbkxCYTF1Wlo5S0hYbXY1S19Eb1FxLWVzQW1aXzdDYWlGbFA5VDdQLXlTTmJUVEJDd0E3THBiUnRCTGZVak56T0plbktscnRnWlEzSVlWM0pqMmVpM2tKaTE4YjVNVlE?oc=5,Android Headlines,2026-10-08,neutral
The T,T. Rowe Price (TROW) Stock Could Be A Bargain On A 32% Slump - Simply Wall Street,https://news.google.com/rss/articles/CBMi4AFBVV95cUxOREktTDh2R2cxU0RfY3Z0bUZYVkhrVHVEQzdtaU9laVRrUm5XeDFwWWhRUXBmdlhCTS1wbk5oUmxMYVNQQkE3Sl9WVnJRYS1aN3R2b29Ic01nUDRjMkhWWnN2RlFwRmphb0J4REdLNXYzbllTZTRxRmdyWFBoQkVYMGI3Wm9NaWpKWWY2V2pBQlgxSnUwNFVOQ2lGLVBDbktYU1hFV25SWEJvVjYzSEl2YlJDWTktNC1oY2VkU1RueG1RSkhhQzA2V0dxWmxLTDdaNEFTZFRTeEQ0X2ZVVUVjTdIB5gFBVV95cUxPSC1IWkFRSUhGY0c2M0h0c1lOcE5MV3ppSXZoM0JfbWJvUDVWX2tXb3V5Mm5WZGhXRmhUM2dLLUdGc2ZPcG5YNUMwRFNneTNsMEFFSmQ0VEExOF9yXzdrZ3RXNHROcHdodVFlRFZLRk8wbXRqUWtHd0ptdHVxZHBPQ3QtX2JYNXNyOER5SmMwNFZRcmM5YTdjNjd2QWFmbVhhZTFvd2lYSGxYaWxSZFo2Qzh2Q3VIc1FpbjFlU3pJcmRhQjhBLWZIbmpEVTZWQ3oyeDNtYURvMkhBbEtRdURkYlhfTkwwUQ?oc=5,Simply Wall Street,2026-10-08,neutral
The T,Can T-Mobile US (TMUS) Stay Below Fair Value After Network News? - Simply Wall Street,https://news.google.com/rss/articles/CBMiyAFBVV95cUxQRWFKb2ZveFpkUDU1RTZOa2J6ckxtVV9iWlFUbnZFX1J6U0pwYmFiWXRoYV80cTVaOFN1aGszeW53YTdjb3lsc2w5OUdHMkd4MG5pLUJaWDBpTHltcnRPS0FWNlBWMUZIZGF3SGVEVjRURWh6NUhTd0VmRkkwaHM3N1BPbnJWYzAybGhoMVUtQzAxaUEwZWpJa2dFalFYZDdqZFhDVG55RlRTZld1M2lGNWJxSzhody1YV3ptUUxBWmxGSGdiTldkbNIBzgFBVV95cUxQUzNRNkNvc09UZ09pVkp3SGxCVHRIbUdSaXhxejB1aWV6cmlZaTdTQlFRbDJ6N0NRaVNxa2pSRDVTbDdrX0pFTWpmSldaUTVkRl8xb0VFckJtLXhyT2FwdlhiNE04a1ZLbFhqZkZENkhCaHRBSzdySmdTdFBUUkVlZ0NwbF9DMWIyVjl3dnJIWU5XRW9HSXltWkFxWmVabW1nUkswbENmeU5VNEJDQ2g0MzBuMWlpamd1WnQ5Ti1iRnhXM1podGc2WlBjQk5HUQ?oc=5,Simply Wall Street,2026-10-08,positive
The T,Engineered Immune Cells Move From Cancer Care Toward the Clinic Against Infections - Bioengineer.org,https://news.google.com/rss/articles/CBMiqwFBVV95cUxPaXJKZUlpZDNWVmR2Vjg3YzNBXzNzTkVHejZGRkVvS0QtM3BES1NnTXZ5Tl9CT1I3NzlfSEFaSy16dF9yY29mMS05UTNkeWNJdU1FZ2Z2NFVJMmJmd25nNjZ5QU9SU196V2JqVWpKMzZ0clhhVVgtUHYxQ1k5LS1KRXZtUW9BWUpGbFc0NXE3eFNCejRlV2NadHFyY0JzaHRDcjltUWlSWVNXazg?oc=5,Bioengineer.org,2026-10-08,neutral
The T,T-Rex FuzzTopia review – an unorthodox combo of raw fuzz and smooth distortion - Guitar.com,https://news.google.com/rss/articles/CBMifkFVX3lxTE1xNUloRERTUGk4aW9KWHBkVzlpaFFhWGdhOXhYS3FmY2kxS2EzSkZIQS10UE94UUxUR2dOX2dBTFBBM09Qd0I5QzRob3pQM1k1WG5Lc19pZjVwdnFXaDB2M2JyZ01QZW1OM2VLa0Q4cG4xd1k1YnVZaWMxb0NLUQ?oc=5,Guitar.com,2026-10-08,neutral
The T,T. Rowe Price Ultra Short-Term Bond ETF TBUX Up Almost $1 Billion YTD - ETF Database,https://news.google.com/rss/articles/CBMiekFVX3lxTFB1V05VSjNXencxR3EyUXhhLUtEclZYcFJtUkNkMGY1b2hvb1lhSDlQcHhDcmJUOXBmQmFOUkJMb0NpV1NkR3cxcHI1U28wUjBzbGdwNFVQWEJQZ0NGTlNDcXp2TFFRSWNWc0VLV2NIOGZGMlRhbVZUdERR?oc=5,ETF Database,2026-10-08,neutral
The T,"""Imma come find you, and I'll slap you"" - Jonathan Kuminga isn't having it after being given an NSFW nickname - Yahoo Sports",https://news.google.com/rss/articles/CBMiggFBVV95cUxPUnljSk9VUkRhNzFNYnhqS3JaNEtfR1U5NjZxbmVKZzlMTFMwMnAxZzh3RWdrUmNwWkFXTlZDTTk4X1BGVWxRVGtabFpnTG5wYVloSmVnU2F1VUZJb3Z3MndnQUlscWROUnlxMlN0dXBFbktoNHM1SUpkQmdhY2ZIRXZn?oc=5,Yahoo Sports,2026-10-08,neutral
The T,‘Dancing with the Stars’ tour coming to Kansas City’s T-Mobile Center in February - FOX4KC.com,https://news.google.com/rss/articles/CBMipgFBVV95cUxQN0hzdEREbTR1UmdTLVk5dWNOZzE4X2xqWU9PampnUTJtdDVaVEJwWWlVMV9oajJXQ1c5ejBObWRzVmhOc1NnQWM0Q1d4SWZPRHF5NVlHaFFYWFBxWmQtRnBmMnRoQlRaVldQZTJVeFo4ZENSUmlqV0U3ekNmdHNucS1iTVNTSjJhTFFSSXM0eENQMF9sWVdpQjNRc0dKQk9MU0VFbTFn0gGrAUFVX3lxTFA3SU55aWsybFYwZU1zRzFMSmI0OFdydTFfT3hMMmpPZ0F2RXpodU9VUGllYXJTNldtc3NJa01EOEtBN0tnYkRsWnkxNTlrTlRtVUtaR2pIR2VpV2VmRGJBMFVwMzcyQ0t2Z3VLU1lLMnp2cWJYc1hYek5KSDBWUlpVNWlfSTgzdDgzVVlFTTVQWlRqWGZRSHZHMDZjQjV0ckJUV2xQWk9BRi1Fdw?oc=5,FOX4KC.com,2026-10-08,neutral
The T,Tomb Raider: Legacy Atlantis Dev Says The Game Won't Hold Players Hands - GoNintendo,https://news.google.com/rss/articles/CBMirAFBVV95cUxOWGlkOU1wakNtUW1UVWstNVVpWjhvVlZvOG1ZRHhISzJxVGFOZGVOeWQtSWkyVzJXdkFMSlExeGlJNHJWa0lIZnBLTloxWFRRUnBPOUJGUHoxbTRXUDhybENyS3RCTlFOOE11NGctV2kxQXJrVktTLTRVYkNfNDZQazlUZlVLVlJsX2hLQm5XUzJnemZXNFRTQzRYcHVUc21xX2RjcUI3QXFGNGYy?oc=5,GoNintendo,2026-10-08,neutral
The T,Crews responding to person under trolley in Boston - Boston 25 News,https://news.google.com/rss/articles/CBMisgFBVV95cUxOVVM3c0drLUJQWnh1bEVfM0Y5dEVXWmRRVnVZdmJ1d2M0N0ZQSzFuQnVvYTZHNEtUUDRYOG9qaGEyaWlIR1VuN1QwZzZnSjk4QjdGeWdUQ3J1MWo1UWRrUFJ6Qy1xeHNUTTFhUVNZbXV6X1lzMnBiSUxiNnhLVDZKN0lGNG9oSTlCMVBMaXU0SmdDSDZscWE2UG42V1JvQmhSRlpsbjBnV2FNdVpFVzJhdFVR0gHGAUFVX3lxTE41UzhYNlBXMVYxQkxDUHB3UEUyUGxXRTdQZVlpQXIyODBqTGFfZEFCaEJJTTBLbmZScW8yMWFiMEp2MmNscEZVclYxQnZoanYybWNBdWt4WDdERU5Lb0FudXU4R090VksyMlFOZHRhd3MwWmROWDFGOGljZTZXdEZrcTlaVy11WHdyQnE0MjUxU2N1ZDV3NHJiUDk5a0tDb3JlOVRUUWFDNDk4VWJiUXpDRndRQkRveHZfY3d1RGhfbjQ1bldKUQ?oc=5,Boston 25 News,2026-10-08,neutral
The T,Boston’s Big Bet On Battery-Powered Trains - Streetsblog Massachusetts,https://news.google.com/rss/articles/CBMiiAFBVV95cUxQUGhCRGx0SWlHOEhtbzFWc2ZpSmQ5Zm5CQ3Zmc2xoaXF1OE92Q01ya3ZnYTE2aE9NYngxM3Y5ZlZmSGZpdUZHRUxzRWlmbi1uaGRDMDROX3NTajJxQWs2SnUyNGNYeWo2ZjVCUlR2Y1BVX05VQXRqcUM1NDBfenFac3dVekJyRzZx?oc=5,Streetsblog Massachusetts,2026-10-08,neutral
The T,Designing the Next Fibrillary GN Trial: B-Cell Agents and T-Cell Engagers - HCPLive,https://news.google.com/rss/articles/CBMiowFBVV95cUxNb3EyWWJlUGZ5QjlxajNYenVfYjhuSmR5UmItYUNwLTlzb0sxRzZuTHFEV21TNE5Ra3J4UTBWS3NENm14QmNuVjN2VnNIa1hwUlVJOFIzbGhXbndhUFUyZi1zcWNtSl9aSHd1YkVybmpGdUtVYWQ3SmpSem82QUNkZzBsenBsanZTQTd0a2JBeTVEYi1XZUozSjUyN0xnVlBHSXFN?oc=5,HCPLive,2026-10-08,positive
Washington Metropolitan Area Transit Authority,Transit-Oriented Development Brings Workforce Housing to University of Maryland Research Hub - HUD USER (.gov),https://news.google.com/rss/articles/CBMibEFVX3lxTE1DSFNYVmwwR09uYXVxdkVzbVhPTEhxN2RENGE4d1dKNTkwTHFkUXZvVFZFQ3U3eXN0WE15SktuXzVjRWJ5N2hpYzhaMWdwT000a1FSVGZ3V3FWM19qcjJzMHJuZ3NxS2VfZTBreA?oc=5,HUD USER (.gov),2026-10-08,neutral
Washington Metropolitan Area Transit Authority,Is Metro raising fares? Here's what riders need to know - San Luis Obispo Tribune,https://news.google.com/rss/articles/CBMic0FVX3lxTE1vVUtieXpXRUcxTmRpdVc1bE5pS0hmRkNjN3JkT1NtUG1ER3FsLXFGS3BpOUJvd1V3a0RMZ2V0YThEak1vSUxEVnNqT1F0ZlU4NlVmMEdqTllXNlljeUlVUm9kRWN5NGU4M1lzZ0ZMZEdfMU0?oc=5,San Luis Obispo Tribune,2026-10-08,neutral
Washington Metropolitan Area Transit Authority,"D.C. Council approves $305M for Metro, bus upgrades near RFK Stadium site - The Washington Post",https://news.google.com/rss/articles/CBMiuAFBVV95cUxNVFJLTkRtUUNJTHZUMWdhXzU4UThpZ0EwU2pwanhkVjc5UmF0NVhzLUhfSzhxWEdFQVFJTUlLbW1uQncxMUNFeG5aNm5hc2w1eGVZeFJPYjY1anlVbXBDSFRjTFZtY0lLQVRFWEZjYk52QnZ2ek1RblF6a2xfZnE3WEZPZ25kcTVsdFR4LVA0T2w0WU5LNk1DWUZJdmp0Y2ZLYUZxTkhNd25LT3QyOWl1YkEyM0t5Skc3?oc=5,The Washington Post,2026-10-08,positive
Washington Metropolitan Area Transit Authority,New Flyer to Supply 100 Additional Buses to Washington Metro - Bus-News,https://news.google.com/rss/articles/CBMiigFBVV95cUxPa1I1M0tLVHdncTR5OXpQSVdVS002LUZCVXNvb2RSMktRNDdUc3dWRVJEdmo1QkR1cV9MSmF1R2MtZ2l3cTJkNmtvVVZ2TWprdldHUTVxM05nUUo5cTMzRThQNzNKUFVOUVhfS2Y1LXFSRHRFNk43eVBLS3UyMGJtMEpIZkZ3RFhraFE?oc=5,Bus-News,2026-10-08,neutral
Washington Metropolitan Area Transit Authority,New Flyer secures additional order of 100 transit buses for Washington Metro - markets.businessinsider.com,https://news.google.com/rss/articles/CBMi0AFBVV95cUxNcUNmUDlVdktEQWx1dHdsLVZZcjNoYWhaT08xM2EtTVVYSGhqZUVQSGZMTEFqRkpRbjcxa2xNR3FiVEhPXzFLZ25NS3lnQnU2UnFnRno0Vk95aldnRVVGREloWWtaTWlwSW9XQ0FYNVgxUVdoeUhXQmJ0bm5GTHE1dTBHYk1aN2dSQ3NfSkdIVk4xSVlyQ05oa05Cb2U2Rmw4eU9PRnUzLWdLRnV6T210NjVsZmtlVVN6b1M4dDdSRzF6T1pQTzVLeWRrcFhZWVdP?oc=5,markets.businessinsider.com,2026-10-08,positive
Washington Metropolitan Area Transit Authority,WMATA Proposes Inflation-Based Metro Fare Increase - NOTUS,https://news.google.com/rss/articles/CBMiekFVX3lxTE81UlFJT1puNncxNW11b2tNM3J3QmV5aDRGT2dYdktfZ21uRy0wTHlLdmc0Z1hvdm1KamY4UGwwNXNuYXFyNnZ3ajlHbWhOT1ZYbUplUkFTVDVOYUNSMm81QWc2RzlCbWNjU2dqMHFta21mWENwVXJDUGVR?oc=5,NOTUS,2026-10-08,positive
Washington Metropolitan Area Transit Authority,Meet the APTA Officers for 2026-27! - Passenger Transport,https://news.google.com/rss/articles/CBMiekFVX3lxTE44SG9neFVRNEVYMHBmUEhqVkNUUWoxQzFtbVlndmJjOWhlLTlCTV9jYUFvdklPMEJ2RjIyaTZoaUM4R21jRHFmdE9YNHR6OG01YXFaaXVETmZTMG5GVl9NWGJ4Z0RrSzRuMk9LYmMteUhTWF9Zam5nM0pn?oc=5,Passenger Transport,2026-10-08,neutral
Washington Metropolitan Area Transit Authority,WMATA saves $500 million over two years - Metro Magazine,https://news.google.com/rss/articles/CBMif0FVX3lxTE4zZllDV1V3SUZfVG1MMmhQaW52RXZoTHdjTzhSLXVqVFdxdnR6VDc2SU1NUjZFQ3Rla0hYaWVXM1NPVjV1T2FzRjZiUHptQnBmYnVGSWR2ZnVacFR5RDIxdVFlV2pWVWFzcGhlclpSaEMybDk1QkZOUkF6LXpacFk?oc=5,Metro Magazine,2026-10-08,neutral
Washington Metropolitan Area Transit Authority,Why Trump's Strait of Hormuz blockade may affect DC public transportation - USA Today,https://news.google.com/rss/articles/CBMixAFBVV95cUxQUW5pcFBLN2VDY3lnb3kzblduUC15S1BzSnlFM0VzT3M5NkhoYWI3d2ZLODAwdUxvampvcGN5dXZsTWFhYkl3UVk5SjY5N0dyaktpb1ZUTkk2NGhxOEVmYWwtRlFBM1BjSnBlcFY2UnV2SDNZNl9wQmdZTDBQM01YclR5cjVDRG1LcGw4T01DSEIxeFhiVkVtOThpZXFVMjE5TFVBR0xRd1NxUVZTbXY1VG90enBNal9mblRHdWNUZmY5WHd6?oc=5,USA Today,2026-10-08,neutral
Washington Metropolitan Area Transit Authority,"UPDATE: Washington Metropolitan Area Transit Authority Has Begun Bus Shelter Replacement Work at Shady Grove East Metrorail Station in Rockville - Montgomery County, MD (.gov)",https://news.google.com/rss/articles/CBMiiAFBVV95cUxNZHFsN2NwejhON21BZm44MURDdzBXa0ZrZENfUzhTY3NUNURzWHJTbFhYMV9nSy04T29aVlJmU2pvNkR5UHJSQlVKLUdMQjc1M2lPTXJzSFhleFFza2xKODdwYUpjVFNod3lKZVdEdGJCMnlkanFIRXlMX3hXcnlJUXEwWkdQbldW?oc=5,"Montgomery County, MD (.gov)",2026-10-08,neutral
Washington Metropolitan Area Transit Authority,"US transit bus industry generated $1.1B in federal, state and local tax revenue in 2025: report - Smart Cities Dive",https://news.google.com/rss/articles/CBMikAFBVV95cUxPMVFveDkxYTRPUVBkOXhWUmc2dmNvUVQxQXg2VTBsZ1ZIam95X2RtN0c0VmktSmFFQ2txM1ZOR3N0Z0VDODdHT3dULXZFVXpGNHJBVWxwSGJLbUU4ZHIzZFNlSjV0b2xfUy1acjFkWVpRalB0SjFzQkc4TDJzeUc4M252TS1uUzlySWRGUzNQNXI?oc=5,Smart Cities Dive,2026-10-08,positive
Washington Metropolitan Area Transit Authority,WMATA launches digital assistant for Metro Access - Mass Transit,https://news.google.com/rss/articles/CBMi7wFBVV95cUxNU2JvTWlBc0xCeTdnLU95cG1ocjgyZGE2cjYtal9JY2FuYVNwQXY0M0pjekZUNU9hR05YVmhxelNteWU2YXBKU0NEU3psXzMwZVl4dTI3ajljREdnX21GVFdfWTVfVkMxNTQ2NFQ3U3IxT1paMjhYdGF3c1I4MURXSld4cGxNZzFTQnU0UTNfakNOLWVrQ3hXVWdjb0I5WG1vdWxYYUkzbks5bWpKZ0dnd1I3aU1yTXNYUVZ0OWNsSkJXZTc2S3o0UGtOSUtzQUhJTWtfLWlVbFVURlZsWkNRdzFmbVY2T3Nuem5xdXM4bw?oc=5,Mass Transit,2026-10-08,neutral
Washington Metropolitan Area Transit Authority,"On March 27, 1976, the Metro rail system made its first trip in Washington, D.C. Over the next 50 years, it clocked more than 7 billion additional trips, according to the Washington Metropolitan Area Transit Authority. See photos from over the years: - Facebook",https://news.google.com/rss/articles/CBMi3AFBVV95cUxPQml3MjE3TWpmQ0RPMmhRTzVLZi1qNzFmMUdYTDBIMnlwR1RLRnpLOUtOanlycGZFNERWS3BPa1U1UW5OMDFIVUJBQ1loUFlDR3NKTWdXNU82clJrNmRydTQ3REQxeTY3cnRRUnBCRGdhUTNBM3BfbUlOVHN0dU9SSlNUQUFlRzFlMF8wNHZUX1ZlbWNneXVIek11b1ZZdHRlLU04RzdSRjR3ZUxDdnN4VU5QWEU3VDFVaW5jeHR0bDJCcVBFRVJVekRRck55RGF1V3Mtc1hNV3Z4cm5o?oc=5,Facebook,2026-10-08,neutral
Washington Metropolitan Area Transit Authority,Metro proposes fare increases for rail and bus riders - The Washington Post,https://news.google.com/rss/articles/CBMingFBVV95cUxQWnV2U3U4ZDY5OUNPNlp6dlZFYm5OTVA5T3I5emtzSF9kUDU5SFcxa2I5OG9UWmxkV3NyaFNka1pJVjJlTzNaNGxLQjlnYXVVSlNVdW5IQTFEQUEwLUJHajVkdk5lRXhuT3d0dGs0ZXRtN3VnbG1qMXNYdmJiUTFxZFBjd1JVNDMwZ3pIekdZSkljUGxmdENBQWJ4X1g0QQ?oc=5,The Washington Post,2026-10-08,neutral
Washington Metropolitan Area Transit Authority,"Washington Metropolitan Area Transit Authority Continues with Phase 2 of the Bus Shelter Replacement Work at Shady Grove East Metrorail Station in Rockville - Montgomery County, MD (.gov)",https://news.google.com/rss/articles/CBMiigJBVV95cUxNYlZ4azd5V0ptRHpsNEVVbDlKTjdrRzdSYl9rYjlFa3FmUWU0N1lQR0VodWYyM0lWYXlnNmc1eUhtaEE5TkVGMXhGeTJaaHlrMWtjQld3QWF0MG93aHpIaWRmYmEzalpJNUtPbUFiTi1kSlJJdGpmb0xUN3VMaFhha2JwSmdyb0pCTEFieldGUjFqWnBuM190ckRqaHZxTzNKa2FXNlJDOXBtTlNUOXdiTUV4MmtjOVhoRi1jampKeGpCV0g0Q0NoLW9mdDV0N2dQbDBmbFowUVhRcWVGaHA5VlBCWndOb3FsY2FCWnpjMmJJU3IwZlpiZ1c0b1hZVFBrQTNta2xYbVNpQQ?oc=5,"Montgomery County, MD (.gov)",2026-10-08,neutral
Washington Metropolitan Area Transit Authority,Record numbers rode D.C.-area Metro on July Fourth - The Washington Post,https://news.google.com/rss/articles/CBMingFBVV95cUxQZk1HSFRkLXYtUldXZ2FZNzdGRVlQSUJCejVBZ052eGU1WWNjbXY3YzNwbWNHeERsMnF0MDE1T0JOaEkyaUxFZEdQRFo5Z3Jfd1hXMGRiN2FBLWZqNVFBcTZzd1BWZlpQQlV1SHFUSmRqd05YSFhyTllsVTk2WjJ2MndsNC1wQ3Q3RUh0TkVmaGZtaGxGUXZFTlVmTVhlUQ?oc=5,The Washington Post,2026-10-08,neutral
Washington Metropolitan Area Transit Authority,Opinion | What is undermining the recovery of D.C. transit - The Washington Post,https://news.google.com/rss/articles/CBMitAFBVV95cUxNbHQxNjA5bnk3Nm5nY3l4dE9URC01dFZUU0drOEd2REhWWTVUa044dmp6NkhSUl8xYk9EUVQ3VWFLNDRvYnlpUnlReUhKZG9lRngxWnFoQVlydVBqTWdpakc2dE5yZ0FpdmNVb3FOeTBzcHlTaUVFVDNaQ2N3azZGVmVRYTZ2T2F6UUtzaHROT1M3OEp6QUZIR2ZuakdYaWJYZkpRSzVNcHBjV0J1U01YcWFyMFo?oc=5,The Washington Post,2026-10-08,negative
Washington Metropolitan Area Transit Authority,Metro seeks developer for mixed-use project near Alexandria's Braddock Road station - The Business Journals,https://news.google.com/rss/articles/CBMilgFBVV95cUxNUVpkQWxMcEw5RDJUS0VzNk1teDAwMjhxSFg2V3FZcUo2REVocl9EZGJuTnJIRm1kempVMEMybGlodTkyTEp5aVM5b0dwcGgzbUswaWs5SGwxNWY5SExMWFRZdnBEbjJvYzBzdjA4QjZtTzQ2TzV2X1JNWXh5ZFVJNlBEV3BDVjg4UC14dUE2S2RnNUVMdWc?oc=5,The Business Journals,2026-10-08,neutral
Washington Metropolitan Area Transit Authority,Indra Group to equip the entire Washington D.C. subway network with an advanced customer terminal system - Indra Group,https://news.google.com/rss/articles/CBMi1AFBVV95cUxPMGF1a3ZiMlAyalE0RF9lcngwbGd5WHFnVUdTeGFGcnkzSlpTZXU3MkxzX21iekVxdWNLd09CWWp3YlV3X3lGQnhFQlprQlRlNjdDaVBwUlNoNnlfaFhjYkJFTXhVS2U0M1lXTlNzUi1tZlNBSmw3NVd5Tm9NSGVTRHYyWDAyeXplNmdnWEZmaXpDcWI1czVfZkdzbjJYa0d2RGNodnVIR0E3T2xDRUVQd1hSeGJXSEczVTdid3hQTnVENEQ4WndIaFpJNXZmVU1XUXNQVQ?oc=5,Indra Group,2026-10-08,positive
Washington Metropolitan Area Transit Authority,JUST IN: Metro seeks developer proposals for Braddock Road station - Alexandria Now,https://news.google.com/rss/articles/CBMiogFBVV95cUxNQklma1EwMC1ZRC02QzBuQkJ6ZFVOUXlYajJuNnBZWHpHdWV0NXZRMGp0YVlLOTUwVWxTYW1mazR4VXRMUnMyUjhTZVdEZmF2dVdNTkRpRFNrTVRRYktlZElhRGhOWXdudHRDZkJnbnJMR2pvVnNTa3pqVXVkTXNNcjJOZUE2MGVQc2ZhWFZEcXRHRWJKc05GdGttMHc4dzI5UWc?oc=5,Alexandria Now,2026-10-08,neutral
Washington Metropolitan Area Transit Authority,How This McCourt Grad Helps Keep Metro Moving - McCourt School of Public Policy,https://news.google.com/rss/articles/CBMijAFBVV95cUxQWWRnelVWWmE3aGtGY2IwWmpvZ2dQZGUzUjlSdjU5dHJnQXBxdWlfYWhlTnlUVjVQZURuWE9SM1RGUE9Hc0VwOXE3R29CM1ZFQkF2aVRfUGlQTDdFWUU5b2E3bkhWMnJadEFnUDZhcXBndldlOHQzLVF0bE01TDMxZEdDZjlxWVcySHNMNA?oc=5,McCourt School of Public Policy,2026-10-08,positive
Washington Metropolitan Area Transit Authority,Metro touts drop in crime across system - NBC4 Washington,https://news.google.com/rss/articles/CBMirgFBVV95cUxNZlFoeUtyX0p6b0RscmpvLUJ0blc0OWgwOVU5X2FsaVgwOWhKZC1MSFByZ0VJdUdhUWstd2RnT3ZSM3BtOTNDaV80VFF5aW9hMC10anl0ejU0cnRZTjUwUnhTQ2tkMjBRTnhRSUJiY01TM21yZVNGbGRveUJObEJrRE5pQjBUN3hDTnJJeU5TSWFZM2FXRXZzVmRNdTltWkNmQkpwbVNLQXU3MC1ocHfSAbYBQVVfeXFMT1R1YWRRRUliVXRObS1aenByeFFKTy10dkNXWFZ4RkMxWlhibjYxUkZ0UUlaSzFodTFJbkdNcDBJaW1WbmtEaDhWQjFiZTdxRUExSEZHaDUwWlVDaWlJTkVwUzN5ZG5ETWkxd3FFTjJlS1NteVhYNlpKemgxTTN3UU5IYjVmVElaUWhjbGJ2b1FGUXViVmxaX2dyS1hwdHBBdmV1blZiQUk4V1lHZjA3dVROYU5HaHc?oc=5,NBC4 Washington,2026-10-08,negative
Washington Metropolitan Area Transit Authority,Metro union says new policy puts bus drivers at risk - FOX 5 DC,https://news.google.com/rss/articles/CBMigwFBVV95cUxPVEstQ1d1RWk3LVZ2WDB4Z1FGNE9PSnhHc0NSQnV4Wm10MGZYalNWM0pYSl9uQngzZ1lCd2x0LWN4cWQzRnpVVFkzVEdHNks5bmR3ZkduQ1dlbVdDM1BwcGxQSncwUlN2bk93aXhDYjBoaG1lcDJOZkJHZWl1cjdWNmw1SdIBiAFBVV95cUxPdVB0RG5oNTZqNTBTMDVLQW5UeWV6VDlWeGp3RlNtLXM2emtrcGhuMzZUTmxsNmxlcXozVU50MXRLdUY5cTVkMkJhT3ZzeTJGMEltSFkySnBzOUdORkN2dTR4Y0ViZnFWQUpTTHZrRGE2LUNfWXZUcllwUGJOX0ZhQ3ZTVUlIbFZC?oc=5,FOX 5 DC,2026-10-08,negative
Washington Metropolitan Area Transit Authority,The Transit Chief Who Made Metro Popular Again - Governing,https://news.google.com/rss/articles/CBMiiAFBVV95cUxPb3BpRWNTOWw2RVpIeHNVY19iSlpnalR6OFNjRDVkeUM0MWNGcVlHZDd5S3E4eDlPb18yVEh2NjJWcENocGRITjZGODRSb29RM0w0NkNkMVBfWDhVR29BQ3VYWjZrLWVyaXFPekw2eUdXOW42NTFOX1V4UFVoZ2g4bEthSUJHekht?oc=5,Governing,2026-10-08,positive
Washington Metropolitan Area Transit Authority,Metro is changing its signage. Some riders aren’t happy. - The Washington Post,https://news.google.com/rss/articles/CBMiqAFBVV95cUxNM1JGOWQtZGJJV29hREo2b0FjNGFDWGsza3pBVEpkcTMxMVZkMjkyUTdJbklmQ0sxeWhtVzY3THdKOHI3VTN4WVJwY2ZMNVRPV1o5ak5oUi1Mc2g2Y0E0MmZhTjNrOG1jRmZNVDN4ak5najVESWd2RXhiV1pHT0FsYk5vWlhxNXRTYk41NGNpYXNJLWo1aUlMNGptRWowWGRJRUlhVnk0eHg?oc=5,The Washington Post,2026-10-08,positive
Washington Metropolitan Area Transit Authority,"Metro’s original railcar is on display, orange carpet and all - The Washington Post",https://news.google.com/rss/articles/CBMiugFBVV95cUxNZTl5ZXZYRk9RZ2QxWXE2TGdEcXQzbkZhTVQ4bWNVSWcxWEVUb3lxYkVKeTVzaWZYZzVqeHJEQzdoM2RDMTRtc1VqNTJqdDc2NWwtTVV3eGV0elBUazRETm95S0NMUlpfdGlHaThVM1FIU3lSbG5FbWJEZlNCVENsUEZZLUdNMVFSbDd5bFhVTFZrcnQ4ZGltX1p0d1ktNlVVTlJoWDNxN1lsWkpycG9YeTJlanVOdHYyb2c?oc=5,The Washington Post,2026-10-08,positive
Washington Metropolitan Area Transit Authority,"Data Helps Washington, D.C., Transit Fine-tune Its Service - GovTech",https://news.google.com/rss/articles/CBMimgFBVV95cUxNUU5LVnkzVW5XeUd3bFc3TnZiLTZHRFo2eGdhS0hhU3FPUUUyR1JLRkFYQmphX25aQWxKZlhLeHFubndiRWpDa3NaRFpwVzl4dGt2WHBjakF2SUpzQkE4b2dRUVdZV3JhdFh4N2Z6QUhOcVlWeU5IMXJEQ2liNzZweW5VSENRaXIyWG1nLVlXblNha1VWTUQ4SDhB?oc=5,GovTech,2026-10-08,positive
Washington Metropolitan Area Transit Authority,Metrobus operators push back on fare announcement policy citing safety concerns - WUSA9,https://news.google.com/rss/articles/CBMikwJBVV95cUxNbHpidm1seVpqaU9MT0w1M0ZTSG52WDJRbWVxdlBkSWV6aU54ZVI5NU1rUWtwRm1PeUM4blRXQ2l2blJSTG5FbGJRTGxXV0NUemM5SDJVVWpkVUZ6bjRmM0loV3FiX3JaenJnQmFILWJIMW1QNnJlSVpYMGN6OVRZa0lWUlRXdkxHbW90RXJXbWxZbjVqWXZjdnNGVzRYd25YWmlQZUxhSmtKcnVOc0tzSXB2OG5uUzdoYVljVjNSN1NJczNRbExjRHdTVHAyaXRZbnFER2NxYmV4X3B6cVV2S1k0ekNkR1NKSGNKZzRfWm9EOThsVlZIUVc4Y2RXdW9od3UwRVpiZHNXTG9nTHgwdFZFYw?oc=5,WUSA9,2026-10-08,positive
Washington Metropolitan Area Transit Authority,MARTA names 3 finalists in search for agency's next general manager and CEO - CBS News,https://news.google.com/rss/articles/CBMisgFBVV95cUxPNEI4bklYYk50a3VTbW4xS1hZZElfcWUwdHRnQmpkME5DbWtNbnViZ1pldldPejFWQ2MzODNmdTM3YW9mVzNDb0hQVUlLRFhieXg4Yjh3cWotVk5zVVVnWGNBb1BhY2I5b3lUX2V0RjZRTTRJcTV2TDgwd1llLW9BSDF1czAwQ0tfbjd5a21BT1B4TGpfX0pXekhQSUFWZ2hLT0hOY3Qxa083d01hNUtvSGZ3?oc=5,CBS News,2026-10-08,neutral
Washington Metropolitan Area Transit Authority,WMATA and bus union reach agreement on fare enforcement - FOX 5 DC,https://news.google.com/rss/articles/CBMifkFVX3lxTE53cWZIMThRMXpjU1h2QU12Y29aR0FzMmlYVXIyLXNOb3prZWs3Q0dEYWtpOXFFMnEzLWlXemRYaV9BSmhSTUx4SlZrbXNyaWt2dFh1bHZ3UXBjSk9PSEtOYnhaaDJqWkpxcVpnTHEzOWVyOWN2QlExS3FNZEZCd9IBgwFBVV95cUxPU2RBWmFTSTVVVTJOQlphQnUtUnFsMnhKQUotdHZhZWhuYi12Nk1ValNheHBBQTUzb18yREpWMlluWnBndl9uSUZrc0hlWmZUVl9xTVI3bU5jd0drOUdhTElBRnUySlFoRUt1bFlDWXFvcGw4bmFSbk40SEJNSFlpdVhLSQ?oc=5,FOX 5 DC,2026-10-08,positive
Washington Metropolitan Area Transit Authority,NFI Group Inc. Subsidiary Secures Additional Order Of 100 Transit Buses - Canadian Manufacturing,https://news.google.com/rss/articles/CBMiygFBVV95cUxQUXFwX19rNTBFZjZ2Y1RtcFo2NGVkYXR5ZEx0aEJBZkttX2IwTE4ySnlReHd3bm91WHd0SlZzRmNiUUtqM2VSajJ2UmtTazJ1S0dJLXBxQkhJaVZza3RFMjV5cng0akM1NjZDSzJTOHZiOFAzN2cyNVdNN2NoZkdJaDZEU3F6MEo4LTlybjJVR1hPbkNxVC0yWnh6NDlXMUNKekZVejNLWTRQTTdFYWowMXNYNUg1c2NObmNERThXU2U2cEVsRjFtSWp3?oc=5,Canadian Manufacturing,2026-10-08,positive
Washington Metropolitan Area Transit Authority,Inside the team that responds to all the complaints about Metro - The Washington Post,https://news.google.com/rss/articles/CBMipwFBVV95cUxNZloxLW1YZk9aSUxiQjk3T05SM0ZDTFBmN1haSEdheGJoeXBiUDQzQS12NDYyN1c2eHBkb241VkpfdmY3M0VZN2lUVHl0Z2l0cjRwY3FMLWN2V3dsdm5KSldWa1kzQXBLV0kxa0FyQ1psSXI0a0NBRnF1VG5MZzU2cjltZnUySzZCNXBSV1pHOWFzQ3oyRjF6cUNLeFRjSzhHdy14OVkwTQ?oc=5,The Washington Post,2026-10-08,negative
Washington Metropolitan Area Transit Authority,"WMATA engages Indra Group for customer terminal, ticket vending machine upgrade - Mass Transit",https://news.google.com/rss/articles/CBMijwJBVV95cUxQaFJ1MjlFRTJWSEh1MUI3d1YyT0tVemp5c3ZsNV9oWlBMSHMzUDgwTUdRaVpaUS0xMlVHdm56V18taHd2MWFpbnBCUURaX0NOVkVlcXJSZ2xDSW1jdkhJcVdKNkdPdFdwVHA3NlpSOENhVFVJZzhvaVlGOW9nWmZFUFpDNHNIa1NwYzNIVllxTHZWLUg4WFJ4TFZEYVA4clB2SF9HXzZyQ0ZrZ0RBN2ZQV1BXSHRYbF94RjJJVXBPMjVOVDY4TkZGRjhCekgxcWtEM0l2cnVpdm9WOTZhQ0laX2NSVy1LeHN2MTBsd24za0Y4UmdZcTZ6MkUzU1dMdlAyT0xRanpsSkR4bW11WDNF?oc=5,Mass Transit,2026-10-08,positive
Washington Metropolitan Area Transit Authority,11 injured after WMATA work vehicle hits Metro train - wusa9.com,https://news.google.com/rss/articles/CBMi5gFBVV95cUxOMXhxMTZ0UDhieFFjaGhKUVVlMDRwZjQzWVZUZVhDd1JhQU1ibDk5WHFmSkdUNnQxNjBaQlhvNjQxaFNUVGlEZ1A5ZzRZZDZHZThNbEVUQW5QeUNqOUNFNkk0cGZERGtzdUtrR0dLYnM2Z09rSk91OU1seUU5Tm4xekNzRFN0WUs5ajBSOGhlN0hBdEJxdmNJa2loUWkyMU9GQVJZSVMwRUhsV1pKcFkxQkZtYzVzZzVDbWRsRXM1ZEc4c0h0Vmd2UGE2dC1QeFJINWotWjdQdHRObThIYkY0T21zSmRQQQ?oc=5,wusa9.com,2026-10-08,negative
Washington Metropolitan Area Transit Authority,"WMATA, LCOR welcome residents to new North Bethesda Station transit-oriented development - Mass Transit",https://news.google.com/rss/articles/CBMiogJBVV95cUxQNVFwc3RHa2Ywa3pidl8tSnFuaGlwaVdCLUVtNzlCQWE2eG1XMjh3ODRCMGh0TkRyVkRacUpGTlU4dTEyTWo0czRibzFneWk4M0M1MVhTYmZ0ZHZRUC0yRk1EM0E5WXVMbXFMbHpxczdHOVNNTXdqZGlySEJFNzY5Zm4xelB4YUxiMXJ2U0ZGa2g0aTNoOFBUb1plQl9NaGdIajNoUk5OdGtGQWxHY2s1ZE5HNUVib25hald3V29UelpuWjQ5MXB4cFNNemI0VHhwNWFoanRhVFNsclhodkVIRzh4elFCSTM0bU5aNjR0MVlMa3RvMlpJdkM3Ty1PSW5rekdVNHB1UEgyYzdnMndQcXhya3liNGJiUWY2T05WZXlUQQ?oc=5,Mass Transit,2026-10-08,positive
Washington Metropolitan Area Transit Authority,"Mayor Bowser Celebrates More Than a Decade of Delivering Free Rides to Students Across DC, Marks New Milestone of 450,000 Kids Ride Free Cards Distributed | mayormb - Executive Office of the Mayor (.gov)",https://news.google.com/rss/articles/CBMitgFBVV95cUxNc0R0TDAwWkJmdGFvZmgtR3dBeVp5UGVrcXdvYjV1Q2tteEtBUHlVaGtNS3BHSXpLQThTV3A4dl9XUmlRT0J3LXVPMU03N1lQNi1uVnR4YUxuTUlYcUJXTHc2V2ZRcTRmWGtGZXBDRGNoZmdnMm1GTlVsZmxnNGU4VFVidWx3SlVnbnNzYUZ4dG5YVDBObGFKMTQwVWU4RE1HSUxpVHZEaHRuaEFqbTYydnBGRnlPUQ?oc=5,Executive Office of the Mayor (.gov),2026-10-08,positive
Washington Metropolitan Area Transit Authority,WMATA to vote on budget plan that includes Red Line automation - FOX 5 DC,https://news.google.com/rss/articles/CBMihgFBVV95cUxNUEVVMXZ0bENRSVdEamI3azh1U2dGRC04aWpWb0hhUWgzdG1EV1VVQ3BfTFowRE9feGhjX0FwZXpheF9vRlZHRzRWRy0wY1J0YThRSnNsMy1HcVdzLTVIYUtfRHlWQTZBMlBXaklDTlByaHlzOFdrN2otbjdfS293Ml9lOHNaQdIBiwFBVV95cUxNUktDZ3dIdFFmYk4yMDBYREl0UFJjem03YnRjWnlPRkhjNDY2YVh3dHhOdU80Z1V3OXNkZ3Jvb2Z3TXFqTEhJbFY5Y3FWVXc2TFdmU3JmVHd3c0NyUXJfN0I2bnFnOHVHT1R5OU12R1JheHlSVnZseENOaVdIeHczZEk2LTNyUUZFbXNv?oc=5,FOX 5 DC,2026-10-08,neutral
Washington Metropolitan Area Transit Authority,Metro cracking down on fare evasion after 70% of bus riders skip payment - WJLA,https://news.google.com/rss/articles/CBMiuAJBVV95cUxOWXRmd1FCNEI2UDRkZDJTWkRvbjZweWYtU2pNUFAydkdtVmNXb1ljbmxHZ1p4WUg1OElUTy01QTNKRHhNbWw1VVM5QTVvYlY2UlRrSHFpdF9GdVdVdGxpOHZGd19IUkl3RHFMdmphdUU1N0J5MXNiUTB3S2pvVEhDWUVrbGQ2SG9BVy11TXhRSDcwdVNnYUFlbnNLWHVXVHFETjRReWFNelotTVBrUncweDBrNm5HejBkZy1pUHVVeGw2aVhSOGtoX3N3TFhZSGVEcW82aTBkZHNXTWItamxNWUVMVHNiVzNMR3NNWXFvOFZpLS1WZFFkSFIyZ0NPRHdhX1l2YkYxcXo1VUYtdS1hdURoclpCdXNFT0drQnloSk5UWmNlNmRESkdFOW9sR25CaDdNU1QwZlE?oc=5,WJLA,2026-10-08,neutral
Washington Metropolitan Area Transit Authority,WMATA Proposes Revised FY2027 Budget as System Marks 50 Years of Service - Metro Magazine,https://news.google.com/rss/articles/CBMirAFBVV95cUxPTHlJazhuenZ6czNRTTE5WUdVd3M1Y05nREV3S2hrOXFWdVp0eTlraldhcExqXzJVU2ZZTG5Rck5sMGl6dTR2RHRRZWgyc0drYkViMzNoTUxxZXJLWVllT0g3UVRGaGExZzJtMzA0dlhsYUZVYzdQS1hnakJOUnRsOFNsQlFMemttZ2stX3hSb0lHU2Z2RjJRalE0cHY0cVVYRjd2dDhUc01ybUNO?oc=5,Metro Magazine,2026-10-08,neutral
Washington Metropolitan Area Transit Authority,MT 2026 40 Under 40 Davis Rajtik - Mass Transit,https://news.google.com/rss/articles/CBMiywFBVV95cUxPbGpBa3pha1JZZlZFMm9jUkM4aTFQaThIZjdQbml1UUxreWpQZnhqS3IwN0Mwd2RmR0UzR0tQQzhfSGdhcy1Pdi1jVTR6emdWa1pmcXU3anI4emQzUjYzWmVJaWJLRGR4dEgtLUNuQ2hSblRGb1B3ODM0RDg2cVZBb2swUW1UdGhxRDhJOUxFbWZEbTdzb2g3TzRhanJOdXhzVi1YYTltX1JYUnBWQTU4Nm8zYlZWMEE5ckRuOGJpMVdudEVFOEZOYzNaOA?oc=5,Mass Transit,2026-10-08,neutral
Washington Metropolitan Area Transit Authority,"Rail News - WMATA's FY27 budget to support rail service, Red Line changes. For Railroad Career Professionals - Progressive Railroading",https://news.google.com/rss/articles/CBMiwwFBVV95cUxNM1NEeHVfUUZ2NkswWVJuN0xsOHVYcXJEUjliSTA3QzdlaS04eHVIbnU5X0YtdGtvWVVnQjRZYjF1d2ZEQklZNVVoQVl5d1k3MFlHbGNqRFVXckEtbDVyUS1iUVdjRm5BU3VEM2pmNE93dEhyUURWaUR5WnhOUnp5bWU4bVZwNUJWdnRDc3lHTjhNRVhmLW9lN3NDOUJhZUVOVWxNMThLMmNiZDNJR0o0NDF5QjdoZHRTVFVtYVM2ajF3VTA?oc=5,Progressive Railroading,2026-10-08,positive
Washington Metropolitan Area Transit Authority,S2 Meets With WMATA GM Randy Clarke(14) - Homeland Security (.gov),https://news.google.com/rss/articles/CBMiX0FVX3lxTE9LV2RjOTJUSmkwcmFWNTE5VjRMY1YzTWNUU2l0aVM2SEJTUm9EODJrZk9fQ2haNlF2am5QNUQ2V0hQbFd4TGs5YUl1cktXbEpQZm56Nk9sVnkxRVdfYnIw?oc=5,Homeland Security (.gov),2026-10-08,positive
Washington Metropolitan Area Transit Authority,"Norton Secures Victories for D.C. In Surface Transportation Bill, Defeats Perry Amendment to Eliminate Grant Funding for WMATA - Congresswoman Eleanor Holmes Norton | (.gov)",https://news.google.com/rss/articles/CBMitAFBVV95cUxQbm5PM0E2TFp6VGk3SEVsQU5abWZIYmdwV25wdldFY1dudEJQVjkzcU96ZEFJMFlqcDlxTWkzcEVXb0NaSG9HZWZSY0swR21TUnVlQ0FQMzcxU2pxaEkxb0lDSFlFRUhZbkFFR1J4WjZCUzJSV0lZRWJJOU5ER2lSVXJDanBpRjVnaGc2ZzBGZUFPLTY2X05scnBYc0VPUFhZR0xOSy04ZGFVSjU0SC1FRXpxUUI?oc=5,Congresswoman Eleanor Holmes Norton | (.gov),2026-10-08,positive
Washington Metropolitan Area Transit Authority,How Metro is preparing for this weekend's winter storm - NBC4 Washington,https://news.google.com/rss/articles/CBMipgFBVV95cUxON0VrZVFsdTZxUzNtMnl5NDk5UWZnNDRZaGpqYU5iWTlhd1dHQ0FhMGRUYWhMM09GS3RUOFowWmdQUlVtaTRTOV9ydkV0MF9zNEpJNW12WkdJMTNLb21KNmQzMGZYWU9qVUt2ODdGRW5Ia3RDNXlnZXJCdTVNYTEybEIwU1ZCWldhdTNLaHZiYmdGa21ZaWdxa3ZwODFwdlhVa0x5TXRB0gGuAUFVX3lxTE9pRmJOTjRUbGZ5X0FicF9laVhwVEJGSTNncTQ4RlhueDdEYWZZcGVNa0h5LXVObnNBSTlmRmNjNWd0UVdrMnJEalo4YjhDb2ZRMkJBQjBEU18yVWxOOXhpRHdEdFRVS2Rnc0g1Sk8xS0xuRmM3aXhYWGExWktVb1lmaVBPZVhmQW9qYm41ZEFwQS1JODJHWXFmQ0ZwX2xKUlFfZWVIck1jZFpLX0UxUQ?oc=5,NBC4 Washington,2026-10-08,neutral
Washington Metropolitan Area Transit Authority,"COTA, WMATA introduce next year’s budgets - Mass Transit",https://news.google.com/rss/articles/CBMimwFBVV95cUxPdFY5eUhZOVNGdm85R0p6dHpzcFZaSHBDWFA5SG5ieDhHX3RCbno3dnpXUjZ3SENXUWNNbW1ISVYxUXJYSm5pbXRYSE4wS2lRUG1jMWxOOUFIam9WcGhtU0VjQnY4a284RTJiakRXVFVSWk9iTDlPeXNvc0VwRkhQLWxvdGE1M25WV3JQZ0lQZ214MmMxOUdJZjl0VQ?oc=5,Mass Transit,2026-10-08,neutral
Washington Metropolitan Area Transit Authority,The Purple Line: A DC Legend Nears Completion - Passenger Transport,https://news.google.com/rss/articles/CBMihwFBVV95cUxOUXJtSW5zT090d0ZzZkM4Q2J3ZjBhalJaU3NwOGdETWt2SUdtRTlwMlZXbGRlbkFqdWl3LURYRG1uLUJiazl2a1lKVkRvdG1qMW5xb255X2p0V3A3NkY2aFdYcWNUcDJQaF9SUXpyRnlwNWFGVmZ4bXJ4ZEdrSzdFS182MU9fSm8?oc=5,Passenger Transport,2026-10-08,neutral
Washington Metropolitan Area Transit Authority,Metro to stay open late Sunday for White House UFC fight - WUSA9,https://news.google.com/rss/articles/CBMihwJBVV95cUxPS2tOVUh1eEw2VmJNc1pYd0xrRlZLN3pmTnY4b3Q1NnAwUXNLWFEzTWp5TVRVN1pwaVU1OXRyZWdZdzlULUlQT2pBNllLeHA2RTVpX3ByVmhpdnQtZXhoRXhTRWliZlVXeGNGRGExVnNMa1ZBX1hFbnRNbzI0eFNCVHlLUXFpSVJ5aXhDTjQyR1I0VG45c0tFb3J2cU5la2p0eWJaRGNMZHBaV3dEX2RJaFlsSkFPSm1Hbnp5VjYxQ01xT0wtNUFhRGhfMGxDN0hhTDlQU2ZIc1dfekgtcDIxLUNJQVNWNThac0xVb3BKQkl6dkktRXNhN3pHQXFQRVJtVnVsYXVQcw?oc=5,WUSA9,2026-10-08,negative
Washington Metropolitan Area Transit Authority,Your guide to navigating Georgetown and D.C. transit like a local - The Georgetown Voice,https://news.google.com/rss/articles/CBMipwFBVV95cUxQSE5QYTNvcnpJaXEyR0hKOUhWTTJ1dFcwN1FKX1NxME9iVXFQYzFILUh1c0ZBNEFjelhuTUxVcTR5cmlWN2FSbkpXRkNkN0cyR0JOeEJ4QXJzUHNPV0liODdSbTljdXRMZ0Mxek04dXZQV3NOdTNoSDkwUkZXNktrSmhpaTc3eENYV3AzQWtHVFNZd19mZ0N3YnhyRjZYbDBXczJPeUFWYw?oc=5,The Georgetown Voice,2026-10-08,positive
Washington Metropolitan Area Transit Authority,WMATA Completes New Faregates at Rail Stations - Metro Magazine,https://news.google.com/rss/articles/CBMiigFBVV95cUxOOTlral9pZ3VKQ2E4X0Z0RDJ1eVlRV1pSNWR0TDNWQlhRb1VmMmY2RTUxX1RMekl2SWJ0SFJ6Zy11dVRhRlRxaW1pTnRHX1phZXZIRXI0X19UWmhMY1JHdVhiUzhHeFVPNnR3bWNXQUQ1VU4zeWw3NGw3S1BzQm83ME4xMTVwMzVYNEE?oc=5,Metro Magazine,2026-10-08,neutral
Washington Metropolitan Area Transit Authority,"Red Line delays caused by water intrusion, WMATA says - wusa9.com",https://news.google.com/rss/articles/CBMi2gFBVV95cUxOM3lpQlg2ZEg4akhNQVdaV2dBS2F6dXhWTWl6dERmQUdYOFNUNWdxS2doWnNnU01MTDdCMF8yNkdVREt0eksxVm9Qb1ZMYWpMX0VSVEh0TElrOHNwTnNuelNkVDFFQ3ZKaGlRLTZ4SzJkdV9fU2F2ZU1VOEpLOG10Nzlob0VZcGpfeVVPVGFCaC1kR0xENVFaRnlUVk9TZ01LeGdGaXFmcjhqMXpMUEZyR2tGb0tUTnJJZF92OENLSzZpbXJQRW04eVhnWFdMdS1rYmpxeXliT1Yydw?oc=5,wusa9.com,2026-10-08,neutral
