company,title,url,source,date,sentiment
Boston T,Three MBTA bus routes to remain free through end of year - The Boston Globe,https://news.google.com/rss/articles/CBMikwFBVV95cUxQdklPRFYzXzJMQ2VpaVBmZjkzUGljQ0RmMjVXRHA4ZWM4Skc0XzBybDFDZjdZZ0lHZXZfeDFLeWZlUnFKRC11UGN5cDg0MjlsNXljVkdBUDJUNm5jVUJOeWlQYU5nTmdCUktQeGhNc0RBWkZlS0EzemxMMGtGalBTeG5oM3g1amNILWhUTEtsaG5wS00?oc=5,The Boston Globe,2026-08-28,positive
Boston T,Harvard Houses as T Stops - The Harvard Crimson,https://news.google.com/rss/articles/CBMifkFVX3lxTE5hczZCX2dFNFdwWllEYV9ma1lneFdUVVdfZmlxOXFDSjdRdWtZb3FhYWhaUzRmVjNQa0Jvb2VpLWpsWTB1TXZWQ0E5UFNvcUExODZRNFVjRjl4TE9tUWZWRHN2RG9naWxsUUt4NTF0R1hnV3NUdGFSMkQ5UTljQQ?oc=5,The Harvard Crimson,2026-08-28,negative
Boston T,"PREVIEW: Blue Jackets get right back at it, hosting Bruins - NHL.com",https://news.google.com/rss/articles/CBMimgFBVV95cUxQYS1CM0pZTjBNMHJKYkt3UE81WUpmZHdyLWZrOTBkQ2M4Vmg2cmlJeVhsVlRmb2diZGNheDd2TWhMLUlFYVlRY3JfeTJIbWpZbHQwdGt6dVZ3T3BjMWV3WDdacTdFS2YtVXM0bXFjX3dlWjRRV2ZoQkEtM3hNWUVldXp6alFpN1N5R3ZaQ0c4VklxN3JLSkdiQ1Jn?oc=5,NHL.com,2026-08-28,neutral
Boston T,"Country singer RaeLynn files for divorce from Joshua Davis after 10 years, despite her past vow against it. - facebook.com",https://news.google.com/rss/articles/CBMi2wFBVV95cUxQd2lSNjNjYVp3OHJHY0ZSakZsXzZHQjY2S0Y1eDNwc0s0UkRpcVlWV0FFZk5Tby1YRHhSMXBEV3BLTjRPQmlBUE40amgweWNPb1I4XzNQclA3eVhreGI0Y1ZZN2ZyNWJ3Q3ItWEl5TXJPXzRhdUlrb29PMklmdVZrSk1nM2JOQUxTWG1kYlp2cUZYZXdzLWdmWGNQTEdaejdEck5acUwtRVFpRUU4TzZER2xwV18wZ1ZoZy1JMjZjSy1JWVJnSGVUeGpydU10X2FqeThaeTk4T0pEWU0?oc=5,facebook.com,2026-08-28,neutral
Boston T,LOC Boston T-03300-03379u - HistoryNet,https://news.google.com/rss/articles/CBMitgFBVV95cUxPTHd2WWtIVUhDQTYtc1l3NnZqRE5LQkNheEJON2drckVRSUo0R1hkSnVWODVBblVnWk1ZVEh6Ql9mSk5mQzI3XzhYRk0xX1dTTm9FRFpaOTdsMlIxazNSay13MGxEUHZwZHdWTUVWQlFLR05ndVBKdVN2bGVLaExaSXRjRVl2aE1sU25KbGtuZU5lMXd0TmVfNHBLdUJ1c3Q1WXFwZGV0N2lxbTJDemZzWTJXWWRGdw?oc=5,HistoryNet,2026-08-28,neutral
Boston T,Congress Budgeted Billions for Big Transit Projects. Trump Isn’t Spending It. - The New York Times,https://news.google.com/rss/articles/CBMieEFVX3lxTE5STTQ2LWlvSlRoNWhSSFRTYVpvUWstb1ZfUVdWZXp5Vi0zNVRJbHlZM0I4SDJBYkdmNXdzNXh5NDVUWFVOTHBuMkIxeGhIbXNIX0oyUktUZVN6aDFFUFBlLWZCTU5lZzc5THgxN3doRXVHeVZmMTN0SA?oc=5,The New York Times,2026-08-28,neutral
Boston T,Sail Boston continues: Meet the tall ships crowds were eager to board on Day 2 - NBC Boston,https://news.google.com/rss/articles/CBMigAFBVV95cUxORXpwbVBMSjlZR0NJYmEtVWNPRXpTckxDLXB1V1c3U1dzbm5GMzgyWWJXSldOd19tSmtsNDNHNjhQUW1HUE5VN1lIU2ZTdFhESEdZaEt4RGcxYnN4cmVZeUpnZUxyaUU5YlFVbjM4NE5BZENWV1BpSEZDZUxKcFV4TdIBiAFBVV95cUxNd0x5UDd5QUxJcnMteHVnRHBfNDNBelRHSklvSlBuVWhxdlNZbURzM2JEbFotREJtbTZSbWlrODU4TTBySGp2WXZNT2RXeThxaUV1YjJORTEyVWNuaWNaZ3hLcXJuZThQUVdKSHk1SVo0azlrWnFaMmx0LUdoMk5ubXVEWlN3TnB4?oc=5,NBC Boston,2026-08-28,positive
Boston T,Tartan Army toast Scotland’s World Cup return: ‘It’s a once-in-a-lifetime opportunity’ - The Guardian,https://news.google.com/rss/articles/CBMioAFBVV95cUxNdTRNckRqeFZOeTBsYTE5UUpQZEEyVkU1YnprRldadVhpc1BPckZqc0gzNUtHRGVJSjZIYkZEcEQ4N1VPQVB1NjZtcTR6Y18tempYb005YlRNbUQ5akRTSmpxS0pucmVDdmxqNHhaYWtnQjAxM3VjZ0xHWnp1Y0xfSF9sbVV2T0hZM1JLLVltVFdvZ0lacS1mS0VMUTM1TzRf?oc=5,The Guardian,2026-08-28,positive
Boston T,Unlicensed Corvette C8 Driver Blames ‘Wrong Turn’ After Getting Stuck On Train Tracks - Carscoops,https://news.google.com/rss/articles/CBMiugFBVV95cUxPN2Zid1hwelczdnNsQkdGLWhwNTNHeEpPUjM3TTRneTRMeFlhVTRaY3VFVnhMS0c0bnBEeld0LVZqOTFpWTZqSTBoY3B5UndmUkVxVTNWdXR4cTkzWjl2M0xrcjZpVF9GTVlFcDhKLUVOMWh3bVRKRGxxZk5yVkNVVjNCMEJFYmhfeU9wTnlSVy1oM3R5ZzNTVmlWNHNsem1RcGdyNHFRUlRIWExCYjlXTHM0a1JEaEFkc3c?oc=5,Carscoops,2026-08-28,negative
Boston T,MBTA forecasts warn of big budget deficits in coming years - The Boston Globe,https://news.google.com/rss/articles/CBMiiAFBVV95cUxONmtWRzQwcU93dENMdm5YVHhfYlNWMFdUMk80Qlg0YnplbzdUM3lyTnBRYlZBck91T3B3Ti1lclV2WS1JMDFFTmMwdzZfZFdpQXNKc2xfdkZ6NElHR0h5QVROaW0ycUZ3WGV5dmRmSWhyTWN6VlhzOXJlTGtLMXB4OC1SdFRieDdQ?oc=5,The Boston Globe,2026-08-28,negative
Boston T,"Country singer RaeLynn files for divorce from Joshua Davis after 10 years, despite her past vow against it. - facebook.com",https://news.google.com/rss/articles/CBMi2wFBVV95cUxOeTZGVGg0Y2xYUVBhVUpCc1RqM1U4WlBIQ2U2RW5jZHJDckltSFpFZC1udWNBOF9iRHMxLVFjeWtaSkJUMnhtVTktRW1VN0JxdGF2ZmFySldyS0oxU1RiZ1A2WEdzOG8ydVNrd0JlQWhLQmdyNS0wNVZJZGxmY1dMZzd2MWVFZFNBRDI4TGZMcFlpQnBRRlBrX2JWZmctQkVhcnI2M0UyZUEydjdOaDBLX3JodHpvRTBHdmRPU0VzRnoxQXJRSzlxQVJCOWlyM3FueXByX0NtWFBGUUk?oc=5,facebook.com,2026-08-28,neutral
Boston T,"How Boston T riders, drivers and bikers get around the city - WBUR",https://news.google.com/rss/articles/CBMinAFBVV95cUxPLUFLa0pEQlpnUFBiRTBrSUN6cC1jb3Iwc2NwMDlQd2pYZXQ4dHhwdXlkVUVwNzRsZ0R1Vnh3MHlKLUV2NEJUY1Jack9GVWZRbkJVWEpFeS0wMHJVZlFtc0pVUmNMZFFTZXpTd1dfdzQzRHFjSWdEcU1aUnFaYk1UOWdTZkFnT0xSRDNtb2ZReG5pRzNhMkhyU2Z0MVY?oc=5,WBUR,2026-08-28,neutral
Boston T,'No Kings' protest takes over Boston Common - MassLive.com,https://news.google.com/rss/articles/CBMib0FVX3lxTE1uOE9BLUxYYldoQnRodE5UVDl6dWwySnBxMjFNajNHQWh2ZFZNRzN0ckxScEViYWhSdW1VV1lhd1h3WldPNUVmNkR4enQ0QjRlVzlod2lobHFVRHRKUVAwT1VHUk1Talo2ZmRlNnR1QQ?oc=5,MassLive.com,2026-08-28,negative
Boston T,Scotland fans optimistic as they arrive in Boston for World Cup - London Evening Standard,https://news.google.com/rss/articles/CBMiggFBVV95cUxQMFU2dmhLSm53MDJsc2RUMU42SWNiWU1KTng2X3hGa2hWRDFUYTk4UXlua3RLRUpUUjZZeE8tbzNRaVhscGlXOXVrakJrZFk5REFRRXJLYk1CeVNGVnZPY0UtR05DbzJsZzFlUkl1eVVObDhHeGFRT0o4djNYTmplRHln?oc=5,London Evening Standard,2026-08-28,positive
Boston T,"For T riders, the shutdown fatigue is real - WGBH",https://news.google.com/rss/articles/CBMijAFBVV95cUxPX3c0d2tHUDFMdm1sT21kdnY3SUhULUctQ3BhWXpoZWhqZC13eGR0ZUNxWnZMQkZfNUdidmE1YzhCc0Z4Um4zU1VWbVJKakc0M2FudXlJcldkV0JraGd1a1NseG45MnpoWmtGZWdDSERZak51SXhNRUR1R2VYeWtlczhMNVdjWTcteW1XUQ?oc=5,WGBH,2026-08-28,negative
Boston T,July 4 In Boston: T Is Free After 9:30 p.m. - Patch,https://news.google.com/rss/articles/CBMif0FVX3lxTFBMTjZ2X0dGMXNmMDZ4RDB3bEgwNm1NR1FhVnYzTGJkTzBRVmZFeDVLZkIyaEU2cFhiUUpUWFJfZlpzTTZJS0otUk43aVB0WlZfbnJWeFFQZlJJNUNwWHczb1Qxc3hPZ2MyaFpPaHJuTThQcHhQUlFKMjFrM1QwOGs?oc=5,Patch,2026-08-28,positive
Boston T,"When the voice of the T officiates your wedding, you’re a transit superfan - The Boston Globe",https://news.google.com/rss/articles/CBMikAFBVV95cUxOdW5EQndPa3FZdnR0RVBWLUE4VUVyeHNkclp3eE8tRm9ESjRKR3Z0RmxuQVpBaHpvRC1FQmt3ZXdHNzh0TlQ1cndxalNtYVVhcHVHcnhsOGxKc25teTRXa1RaZlJMX0hTVndqQktyWVlRMmlPR1d3LXFkekxZcUdtb0RBWFdxaFdjRGZNcG5LT2Q?oc=5,The Boston Globe,2026-08-28,neutral
Boston T,"Here's why the T is so slow, according to a new report | Radio Boston - WBUR",https://news.google.com/rss/articles/CBMihAFBVV95cUxNaEhPT2Q1NUNtczlpeFFwRFJMd3A4WjI4dWhmdnBBX3NLWWZrR21UMG0wcEVENEZDWnhERGNwZS1ubzFjaDNRU0w3aFdCMXN0RTJuMlZqbUZxd3h1T3ZoVkdXVGl4RU1rd1JXVEVzeEJTaVhYTm15YjNOc2I2NEpyVE0xRms?oc=5,WBUR,2026-08-28,neutral
Boston T,"In Boston, All Aboard Googly-Eyed Trains (Published 2024) - The New York Times",https://news.google.com/rss/articles/CBMieEFVX3lxTE43XzlFV1dLcnhTYWxNSGJLTXZVWURHbDdpRHo4SWI3X0FiMEVZMElyZ0QzQVdoMU1WOTh5aU1GNklObmVnbXFPcXExcXpRLW9BRm10UWh1S3dtUjBDNDlVZUdmT1p2QTFtY2hQZUZUcjVtUHZ5Q0lRag?oc=5,The New York Times,2026-08-28,neutral
Boston T,Poll: Residents say MBTA is unsafe and service isn't great either - WBUR,https://news.google.com/rss/articles/CBMieEFVX3lxTFBKM2ZpbTNEczEzOFB6QmtfbDVlaHowWGlkSDNsU3BhWGJkT3pQOWp5cG5fTDJtMHlWcWtTdVdEX0Z4dXNwd3BiNHJ5MzdMQ2pNR2piWWFCV0J2UVdjeWZrS0V0UUdVYVRvU0Nham1OVE0wb19HQmJ0aw?oc=5,WBUR,2026-08-28,negative
Boston T,Getting Around Boston: Guide to Public Transportation - TripSavvy,https://news.google.com/rss/articles/CBMijwFBVV95cUxQY2g5NjdMWEd5RWJfQ2p5R2V0WnVWQWROU0piUFZrVVpJenJLLV9INFdEc0RFd3pLbWtpRmtJUGw4WkMtQklRUGVnelZYZkg1LUIyVXZWMU1xQ0RQYng2ZU5CTG5LVFNHWDQ3SGZMV2tSR3pJSjM3Wnd0UEFrQlhNVzhGQWtLU3d5bUl2UVgxZw?oc=5,TripSavvy,2026-08-28,neutral
Boston T,How to Park on the Mass Pike and Take the T Into Boston - TripSavvy,https://news.google.com/rss/articles/CBMib0FVX3lxTE5SVVRXSjJBTXBTTEhEb3ZKZG10N0tPSEtBY3ZWSmlTUUkzMURfelRJaVhhdnUtUzZzVnVQT0t4TU4tbnhjMGI2QnBkRnd2QWt6VVVOR0lwWkxsTFZIT3lRMzhieTR0SjlaeExadVd5cw?oc=5,TripSavvy,2026-08-28,neutral
Boston T,Tufts Celebrates Opening of New Green Line Station - Tufts Now,https://news.google.com/rss/articles/CBMieEFVX3lxTE9Dai1pdW9jdEE4bEpuVmJaQUlqek9jMVBHWi00MmRBT283bFdhalZRXzVpSGZKbEktMnZFOHRQZWpPNHAtWXBjWG00c3pMN0tJRVN4aERXT2lTamRlNTVYOFV6RDhYRU1aWWNJS3gxcGJKS21rSVplNw?oc=5,Tufts Now,2026-08-28,positive
Boston T,MBTA Green Line service at Union Square reopens ahead of schedule with all slow zones lifted - WBUR,https://news.google.com/rss/articles/CBMiigFBVV95cUxPUE9mSFFEeTRFcV9ZWHdoV3pUZ3kwOU9UVnRCYjMtYS03SEhVbi1UT2FrSTI2V1VpMTc5TGNPWF9JVmthM2ozRTJadDRzdHIzdk5YSXFrTWxNTXd5dmlpT0lxSDZjNjFiU3doVTV0czZvRS0tLWkwRHFxMF8wZHhIOXphYTNXQmY1M3c?oc=5,WBUR,2026-08-28,neutral
Boston T,T Riders Can Soon Tap to Pay for Bus and Subway Fares in Boston - PaymentsJournal,https://news.google.com/rss/articles/CBMinAFBVV95cUxQM0ZESDRXZXV6ZzlDZldKMnFIT2ZoOURIOVBld0dtN1QyWWt5VktndHpDcExTU0dLTGgyZkZ0VkNjMUY0dE5xQ3FOemFkaEpqei1IT0pUS2M3MVdqREJ4d0JiSUhjNkJJcDBtWmkxbzZ6OHpGYjFjekFmbmpkbHFRN2p5c2QxX0V5SER2WlNqX1VIVUVER3k3UFQtU1fSAaIBQVVfeXFMUE9ScEF0dEtPbjR5TFNEU0F4YmdPVU1zaExJemRtNUNiSmFCVnZkdmRXa1JYQUR2RHA4M1g2QXZGdmJRcXVLN25yZTNLWnN1UzRKMTM3N0RpcnFYTjVJc2FhcW9lMjBwdkhOUDlEbGlGRmRyQVFiTjhaLWxFSHFpMlU4U18xTU5HcmFTbUdkckRSNGU1eEhGbzItMzRMYmhlNW5B?oc=5,PaymentsJournal,2026-08-28,negative
Boston T,MBTA announces extension of late-night service from Boston to Providence - The Brown Daily Herald,https://news.google.com/rss/articles/CBMivgFBVV95cUxOTTk0ekNGcVlKOVl3cVFuSzlveFlJUnlYQXpKdm52SGxLN2ZWOXFTd1VvNVlXb2J3cjJhQ0NLNGxoUk1QME92ZDlfWVdtWVhuYlZmWE54NEV3X2t6NHVRMlR1TjBhRTI2TTg3b0dWXzFJUUdHMmJPRlRHUy1zSFlQUm9zbnJjajUwNkNvQ2h6X01JN2RPa0xORVNkZm5HbmdoSlNDZXNuajJBVFJRdnNZeEk5eElBMmpMSU1NRkNR?oc=5,The Brown Daily Herald,2026-08-28,neutral
Boston T,"Changemaker: Catherine Gaggioli, Books on the T co-founder - thescopeboston.org",https://news.google.com/rss/articles/CBMiqgFBVV95cUxQakNVVWxJZUhlNnY0a19GaFIyVlczV3dPLWdwVDFMZ3B0WWVRUjFnb0sxTUtiell5cVR5WHdGQ3RveDZUbkNXNnZsT0VwVEt4QjdCMDRldmJGWVExdTFhZFYwclp6R0RkTW5hS1pEU3JZc0ZFYXpNdUxSMnB3NXB6RmxoVmtRQUI3cmdXQmhLLXJSV1FKczBnODl6TVA5R2wzRl9IdFFDWklYQQ?oc=5,thescopeboston.org,2026-08-28,neutral
Boston T,Why Boston's Transit System Is the Best... but Still the Worst - Thrillist,https://news.google.com/rss/articles/CBMiiwFBVV95cUxQZEhsZ3Ezc1ZIVG40TFJseDhHWkVWN2dKWW5MVzhCUHFCN2VCcllrdUZmRkZ0clpheExaYWhRSTRIbUN0bUFnSnpQd05YNXhsaUk4TDA3VW12SnoxeUNTbnNkTVBpTWRxRHZUazJ1blU3RjRkOGxJZUJ1QzFqamEyWHBXWGxDSjFIQW5n?oc=5,Thrillist,2026-08-28,negative
Boston T,"MBTA board’s $3.24 billion budget for daily operations relies heavily on state funding, and on state lawmakers - The Boston Globe",https://news.google.com/rss/articles/CBMigAFBVV95cUxOWEJqRmdxbWllTUJJU2E5bVVaUWZNTExoYXhEdFR4aWJYbTljOG5saUJ6N203a1RWemZzamhFVE5oQUtQTFp2ekdkOFR6VE9MVGU2MThNb1UzUko0M19oenRJQUdYVTJwLUpFekxubkFVOXV3SUN0M1NwWDd1RkE3cA?oc=5,The Boston Globe,2026-08-28,neutral
Boston T,Riding the T During a Heat Wave Was Awful. CTA Will Also Need to Cope With Climate Change - Streetsblog Chicago,https://news.google.com/rss/articles/CBMixgFBVV95cUxQVGFQckZ2X1hucXVYbk0zR1JGQTBXQlh3MklLV2V6UEwtLWNEM2diWEhOT1FaR0xIOHNVd196VHN4M3JLcGRPSGpKMHFlQ0ZCSTJncDA3ODNGOGhLaGhsX3dZeDJpaGtxYy10MV9TX0VNeHRtX0JzcDBXWXZMU2pHVk5iNDFyZ1FhMFIzQzJidm44aXIwSGR3RlZEMlZMdzFUZXJ1WlpxS3ljZGFRdHR2bDFlM2s4QzFvbk5xdkFzcHhqWWJka2c?oc=5,Streetsblog Chicago,2026-08-28,negative
Boston T,"I spent 4 years in the US, but now I live in the UK. Here are 6 reasons I have no regrets leaving. - Business Insider",https://news.google.com/rss/articles/CBMihAFBVV95cUxNazNoUWVOOWZva05UT3ZKNUdubGhaTzZWRVh2dXZXakE4bW1nZU5SeUFBdFpjblVpMGthbVVZa1pSUUZXS2F1UXM4bnFFRWdfWHZjdjJFNFpfREFsQkRsWEpoOUxyV25iQ255eEx1N0ZXLUN2OWdxaXByWjgzeFNSR0xJcUM?oc=5,Business Insider,2026-08-28,positive
Boston T,Coolest Boston T Stations for Kids - Mommy Poppins,https://news.google.com/rss/articles/CBMickFVX3lxTE9ITHN4RkFFODNJTWR6Z0FWRklkeGtyZ283emlNNlFMVmQtU0xOakpSQmZsMnhVM2pwSEJWbWVzd0tmXzlydVVkUEFRajNzRnVzSTVnWHVCMFlBSEFOdHRvbzNyTnVjb2k2MlFYejgyWTJMdw?oc=5,Mommy Poppins,2026-08-28,neutral
Boston T,"Every T Line in Boston, Ranked From Worst to Most Acceptable (but Still Pretty Bad) - Thrillist",https://news.google.com/rss/articles/CBMinwFBVV95cUxQNHBkTzh0bzd3eGZOWXZ6RkFrOUJUMFFJR3ZqV2dFRG95X25tSEpMdWJnVTFjN1RQaldkZGN6TUxtR0kxV3BwZllGTW5CZjN2UmkySDFieUVxeTRFdXQ4UGxPeUlRSkFab1dXV2FBUnR1WEJKRnhQcHJkeUhEZnVpYlZoRXBMTmVLT1lTY3g5NkloSDM3blBTT0RyaFVUbkU?oc=5,Thrillist,2026-08-28,negative
Boston T,Bridj Proposes Overnight Transit Option for Boston - Next City,https://news.google.com/rss/articles/CBMigAFBVV95cUxPX0x0ZGVyYjYwSHlVR2NXdElQWkxiUFFET2o1a0kwLU5KcC1YLUR2Vk1qdFNOaWxSTUpxaXdrdTVnVHg0U2VGVmgxUldabTNvOWhRcEliSTgxOE9KM2RreUZKdHduQlFaMXFoNUt2TDkxOWp0N0FKR2lkRG5YODFyMA?oc=5,Next City,2026-08-28,neutral
Boston T,This MBTA Map Tells You Which Are the Cheapest T Stops to Live By - Boston Magazine,https://news.google.com/rss/articles/CBMigAFBVV95cUxNcURVZmQxWVFhQ0N2Rm9WZVFkOE5tcjQ3ZkNhTHlVbEItTnBSUU1HVnl3Q0lfcndTY3Q2WVM3QU9TUi11R0hNTTVGSEtLWjNabUZXQ29UcGdCeEh3cnlzR0NacVN6YXpFeV95a0ljRzJuNktXcGREbmo3Nmh1SS1jVA?oc=5,Boston Magazine,2026-08-28,negative
Boston T,"For the first time in decades, trains on the MBTA subway system hit 50 mph - WBUR",https://news.google.com/rss/articles/CBMiggFBVV95cUxQQ1BNZkJ1V3FNUUlEOTZTeDFvejdDazlaUFpKUEg1RmxEbjEyajJvU0JYLU95T1ZyMXBtS3R1VnVXY0JhOEdFNVg2cUZiUzNzOGFmM0hLSlctalpQYTk2akgzRGxGbS16by1vc2VOQ2JiakNzY3dYOUxfQ3ZvV2ZlemV3?oc=5,WBUR,2026-08-28,neutral
Boston T,Plan Released for South Station Rail and Bus Terminal Expansion in Boston - Planetizen,https://news.google.com/rss/articles/CBMipwFBVV95cUxNc2NrUjVzTUd5dWJyd3o3SnNnZjR4WHNpWDBZOU1TTnlGR1FRWndVbUhNeXJJVXZ0WjBKUXhVZlN6V0RUak1MMFM5ekhYZTlGaDV5c052MGlmUHlvRFJiU2J6bC03ZTlpSlhTai1TdElNUUtBbzZySHRtSUhadG1udWhILURpNGEzc2h0RVpNWHRHa3dqOXBITlZxVVI4VktpanlGRERJRQ?oc=5,Planetizen,2026-08-28,neutral
Boston T,20 Things You Need to Know Before Moving to Boston - SpareFoot,https://news.google.com/rss/articles/CBMiiAFBVV95cUxPejlnR2VDUjcxc01rbDkwQW5tX28xZ1VLcTl2MmlFRXltcGQ0aEpPYzBySlhId1p1NGxBN1FOZi1fUkZIRFUwc0NKSjUwZnYwQzhQUDN4cmtzX0FNV19LbVhMZms2cEVqODIwck16WV9kcjh3M3lzc3VidUdpNDdwbTVsMVJuNGMw?oc=5,SpareFoot,2026-08-28,neutral
Boston T,Ben Affleck Rocks Beverly-Brewed 'Believe In Boston' Shirt With J-Lo - Patch,https://news.google.com/rss/articles/CBMinwFBVV95cUxPa0NkSGlXXzhJQThLNlRGRWYtc2FIdndWcXdYQ1Rac2FJZTNVYnN3MEp3U0FHSlRuR2EwZ1ZHTmI1Y1dwTDU2bUtvbXJiUTlUNTV3LUJNR2hpclNzZm1aRkpVNHZkblUtcHFPQ2FHNGhHaU13M2hNcklKNDZRaTF6cXo2N25jTVJuODBBbklhbkw0aWVtYThXMVJmdGpiNUU?oc=5,Patch,2026-08-28,neutral
Boston T,"Ten MBTA employees on leave amid criminal investigation at Cabot Yard in South Boston, T general manager says - The Boston Globe",https://news.google.com/rss/articles/CBMiiwFBVV95cUxPOGlVWjk1TldMSUZ4U2x2MmZJYmVlS2RNNVNtOU1nVXU2c0hlTVJTc3JqdmYzVmp0RlZTXzBnVVlzZm50bFU0RzhuYXYzNkdZdUlTaHFLWl9QR1RsS3g5ZDROa1RlUGQyczJqZXVVNnJXMFZNdlk5N2xnZHEtMEF1cHpDWkRrVDFtZzd3?oc=5,The Boston Globe,2026-08-28,negative
Boston T,Metrorail is no longer the second-busiest rapid transit system in the country - D.C. Policy Center,https://news.google.com/rss/articles/CBMivwFBVV95cUxQT2xGSmIyaDRKMU9vaDVJZVBQNnRYR25hekV2OXJtaFcwWm5uTm9LXzAtZmcxLWhyRERpQkpveGc3eTN2LXQyT2Y2Z0VJU3Z5bllKVFZJMktZWDh0bEdDMUdqLU5ySmRkVHFmTnh3SE13c29GNWNtcnpfai1tT2F1WUI0U2dqS0M1R01BRUdrOXJJWUZpbWNqNUtjb3E2QnlXdWVkclJua2V5NktoWTRENUJVbzAyZklaRGdyMG1kYw?oc=5,D.C. Policy Center,2026-08-28,negative
Boston T,Boston “travel time” map shows the T in a new way - Greater Greater Washington,https://news.google.com/rss/articles/CBMigwFBVV95cUxOcXJCay1OeEtHYk5HeUZKUGdrWlhMYjFUSy1MMGxzSWhKWXc3TENJaHJYOExNM1R3UkZKY0c2UGVzMndpQm1UMDloUFNQYVZiZDhpd1daWEc1SnZmOHdqS1NSc19kNmtDWEFBdUNQNloxSFJtb2tFQmFhbzZpbUFvZ2JtTQ?oc=5,Greater Greater Washington,2026-08-28,positive
Boston T,"‘West Roxberry,’ ‘Mission Hills,’ ‘Southy?’ Target T-shirts miss the mark - The Boston Globe",https://news.google.com/rss/articles/CBMi3AFBVV95cUxObFlLVHFRV1lnQzVDQWRPR183LXh4bDFrWWFwa2ZKenpRa0tZU2QtbDdmWDk3cGFZQXdnbER4R0xtRzk4M2c1bmhBU0tZTklUOFJsLWpUV1A3ZWJSX0RVUXNlZlk3b29rMEM5NnlnczdmM0VJbzVlY2dVOXV2NWFUNVZrbC1zUG1vRFpEZl9KLUNXMkkxNGNjSW1MNWZiVXZpdU1PTjg0NmNWb09seFcwZGx0VTNVQ0VqMDN6Y2FDc0UzbmFicm1RY1FrRVo3SjNkWUc4R1JFTndsaXds?oc=5,The Boston Globe,2026-08-28,negative
Boston T,Report: Rents Drop Near 105 Boston T Stops - Patch,https://news.google.com/rss/articles/CBMihwFBVV95cUxPOEpPSHRfSjdFM1BOcW5NZWN3YzVITVg0SzFFTGlkaVczOGp3QjB5RTR5QzBLck1rX1Jmb19nYk8yT3ZsNnhzX29iR2F4dm5CUFpLSWJvSjdDT0FiUXVRaVJDUnNHZVBBU2UzWnVSQjdhV3RJVnlKT2dEejhLM0piZHFKcFlONmM?oc=5,Patch,2026-08-28,negative
Boston T,"Study: Boston’s T system faces severe flood threat, and soon - Boston.com",https://news.google.com/rss/articles/CBMiswFBVV95cUxNQWZjanczaWQweUUyNTZKalFLNU81ZXdmeVRmLW02dV9nT1pZVGpjZ01SOWFPbmdwY29MbW1vOU5ZbzdiT1hYY1ozYmFVWkFuempNTnlHMkFZbERtTTZDeklhRnU5WHA2a2xsZDdtdmRDU0VHaTdYSFBVbmp3SklVTE4tWjZlMENpczloQlE0S05XMkhPT1hxbWE2c1ctWVM1LThvNDZNaWJIQ1AtRVFuZVh2SQ?oc=5,Boston.com,2026-08-28,negative
Boston T,This Interactive MBTA Map Shows the Average Rent for Each T Stop - Boston Magazine,https://news.google.com/rss/articles/CBMifkFVX3lxTE5qbVUybEVaM2tGMXJuSjNONW9uMl9mVE8zOWU2T1FmU3RpdUpqbEw1ei04MzdaN0lJeUN5MHRUNDREV3BLLTM4RzZhOVcyaHdqa1VaNGJGMUpNVkRzSkNHY2FnMlJSYUhzMS1UdHk5Tms2b3dWeVlLMVV0c19Cdw?oc=5,Boston Magazine,2026-08-28,negative
Boston T,Study suggests MBTA float ferry service expansion - Boston Herald,https://news.google.com/rss/articles/CBMilAFBVV95cUxQMjNWQnNJYWpFdXVOTDV6S0FKUm5tbnZmcU96LXdiSEJMa1I4N2hnWDJZU2xwa0VpQklXUnBzeFkxdlBsa2U3eEx1YllYUW9lUlJCQW9YSUU3c1R4WlVUd3VNQWZIVGtEOUJ6N2Y4WUhBMHI2Y0VRV2N1cGJJekQwN1Q2LWg4UnVvaWVaQnJzbTY5Ml9K?oc=5,Boston Herald,2026-08-28,neutral
Boston T,Brooks Running Unveils Boston “T” Launch 6 - SGB Media,https://news.google.com/rss/articles/CBMicEFVX3lxTE5fQmZOYnp0X0lPUWcyTHFrc1ZOYWgzR3NLVjdYRjRSVVNXTVpIZUVxanByZVRORlpPTWxMQlBNR0NlTVdpU1p2Vkh3akVKV1VNV1pvV25OMXlzaXVTNXVkdzN4bjktd09hYTdQc2E0cGY?oc=5,SGB Media,2026-08-28,neutral
Boston T,Think you know the MBTA? This new game puts your T geography knowledge to the test. - The Boston Globe,https://news.google.com/rss/articles/CBMib0FVX3lxTE9SbHpHN2N3QXJTMDlVX0pHWTIxVEpoYUQ5ZkJZdF9LVEFNd1N2YzlMU1JaV3RTT1ZOa184NkZoUmo4V3ZXWjJKM2NVWkJkMUpWVlFDSjJaSk5INFlQd0M5NTdjcGx3ZjFoQUdPeDE4TQ?oc=5,The Boston Globe,2026-08-28,neutral
Boston T,Gortat Propels Suns to Win at Boston “T” Party - NBA.com,https://news.google.com/rss/articles/CBMiX0FVX3lxTE9XOWNvMGxFdnBiMHpNa21ZYVdzcThQSGlpek8yWG1OV1JFYXhCRFlORUhjVk1fd3FQeWtsTUdGc3Z4SGsyeExKYTVXUTllanl3T1R4N2R5Wi1fNXFucU1v?oc=5,NBA.com,2026-08-28,positive
CTA,CTA Bolsters Frequent Network with Four Additional Routes by End of 2026 - Press Releases - News - CTA,https://news.google.com/rss/articles/CBMipwFBVV95cUxOUC1JS090TlZieUM4QnpqQUxXRDRNYnRKZ2NRRUZrZXRnUHcxUzdONmpTb1E5Tm4xSXd4MmtYRWY4QS1KckhSekloMDhiQ0N2NkZNZTVSMUhma3didWJuVlE0RGVMNENxeUpLVW1pWURDR2FpcXhxdnNmcXRiZ2VjTFpuakt3WDZqZ0k3V2p2LTFrX1FlUGRhUmgzNnNDUzRmTUVIUVdtZw?oc=5,CTA,2026-08-28,neutral
CTA,"As a new CTA board is seated in September, the current chair positions himself to stay in mix - Chicago Tribune",https://news.google.com/rss/articles/CBMidkFVX3lxTFB3ek42emtqYmFzSERmYS1GV0E0Tk52NDFuWGV4QXVhUlZ3eXJrbVNfUGMzQnlwVVh0dXZxZjdwVFJ6bDBpTTIwTDkzdkRrZXFBZzM1clhrejNBV0tQTkQ2dklzdU9WQkZYbzZXTlNMd2xCeGN4OVE?oc=5,Chicago Tribune,2026-08-28,neutral
CTA,"UPDATE: CTA campaigns for Prop. 3, renewal of income tax for high earners - EdSource",https://news.google.com/rss/articles/CBMiwgFBVV95cUxOQVUyTGZlNGJwcURVNTNjZVdJaVViS2RKMmZiV0V5NWJ1T3RaLTNzRld6MWZrR0ZKYjVSV2l2QWhvd1hXc1M2cDBqNDdyV1Q1bHpvOHZFbTg1NGlWS2lTTUJLZlF1OEFrM3JUemQ0dlozUmZ5WHNDUGhaanlWU19Id0oxSFdnMlViOWVxVUxQbk5MMEdBalFtTU1fQmxPUUhTVl9hX2pKQXBRZWlKV0lheUw5Q2RUS2phdFZEWWZJaTFaUQ?oc=5,EdSource,2026-08-28,neutral
CTA,Palm Beach County CTA leader says teachers need to be protected after enrollment drop - WPBF,https://news.google.com/rss/articles/CBMilwFBVV95cUxPM3I3RU4yc0pPWUZoSEZiZVR1UU15NXlQMUlhSE5hdjYwNG5JMi1sUTFUQWRSdTJyX2VnYmg1Tld2ZlJMV3lOS0t1SHBnY3VmMlJiaDZoaE9XaGIwU18yd2tPbVZSU05lQkpMbVVCS0hlVVpKZXZhSGtnczEzX1NtNm1yTWQ4T1VNcnlKNUNiVlcxV2JsV1hn?oc=5,WPBF,2026-08-28,neutral
CTA,CTA introduces child-sized benches at 10 'L' stops - CBS News,https://news.google.com/rss/articles/CBMieEFVX3lxTE9BajBSTXJEVmpmX0Q4aGZrNmhSbVpweElzR0NFZGFmZmx3WUYxU3BVRGdTTlMteDZkVTBXU1dLc1lSaldUb2Q2UU1BWm9QY2dfa2ZVMk5ENUFxRVFtVWYtZjB3OVdOZEl5ek10S0ZENWtBdWEtb1NzUg?oc=5,CBS News,2026-08-28,negative
CTA,CFTC Proposes CPO and CTA Registration Exemptions - Dechert,https://news.google.com/rss/articles/CBMipgFBVV95cUxPQ0VNRGpUMzFwclZKVWt3ckg3cF9yOFR4TlhzaDJ3ODFBd19BajFhMnlnclRwRk9VS2xhZHNQQmh1R0VPQjRKMGhUUkNSTkFFRHpPTHNpM1V6MTFfRG94Rmd0ck9wU3pSbnYtbV8yeUUyMU9RNEU1c2ZyeE5NSGowQkN0V1dqenVSanlvSFZ6U0lOT3ZCM0pKWjVyanBpMmlRU2gwcVZR?oc=5,Dechert,2026-08-28,neutral
CTA,CTA adding 4 bus routes to Frequent Network - Chicago Sun-Times,https://news.google.com/rss/articles/CBMiowFBVV95cUxQb3J2bnQyUFpVcmJOWEZKdVlVbUxubkdORHFQNlFyQzVqVmVBWENPWUVrcU9jMm1JZWdxMWxramE0X3IzN181eHozYXkyM3o0cFBWMFZhbi1ZOTZCX2YtMGNRcjJEeWUwdElMdnJuZ3NzeDhfSFVsSnJEV09PdTRWQll5TVQzU2Y5MXFHWWZhaDZJUm1MVm9taU5TOHNfYnZtLWRV?oc=5,Chicago Sun-Times,2026-08-28,neutral
CTA,Afternoon Briefing: Current CTA chair positions himself to stay in leadership mix - Chicago Tribune,https://news.google.com/rss/articles/CBMiwAFBVV95cUxOVlRHQW00ZFplZkM5ZFRjQVh3SUNJaE9xbWJNMXVKMVNPbjRMRk0tWWluQ0ZqUUJRQXgzbTVqX0ZtU2F3amJnUjJiNEZXcFBkV2NLX3FlVVNYajkxMGt5eWpCbVZ3a2lTOHUwTVZjbWdfaEhqeUt0UE9FWF9IQkdPRGgyTVltRzJPaGFlNU9wSnNOZ0x6TWZnYjFCQU1acGRqWG1YMlQxT0doNlptSVNoRkYzM1J3YmVEMmNtcWp5azE?oc=5,Chicago Tribune,2026-08-28,neutral
CTA,Bessent’s buyback gambit may be engineering a CTA short squeeze at 5.34% - Investing.com,https://news.google.com/rss/articles/CBMiywFBVV95cUxNV1BRZ2RHQ0FDUG1pZjY4dHNPck9PdnNmaFZSRVVadmJQVGY2VlR0WmtlWjdWWWhzSWRtekxaTEM0dm1zQTdteC1ZN3B3aTV4UVowN0lpRWZQOWtNaWxndHplYVcxUjFhSTl1OURLM1FVeVU4bXMyWGNKT3BZUmFVX1o0eFd3X2NsTk80QWFTV0NTZXlYZUVGR0h0X0ZlT3RLaXhoODhqemVUQXgwSm5PX0JpMjBkRC14dEJIVUJfQ2VLLUlubExaSjVkcw?oc=5,Investing.com,2026-08-28,neutral
CTA,Safe Ride Specialist Program Pilot - Agency initiatives - CTA,https://news.google.com/rss/articles/CBMiUkFVX3lxTE44ZjlPNG5ySXB6a0I0Zm5fV05XZGZkVEVIS1V0ZHVqU1VoSFZxd2hOcDhhand2ODBhbVl4MjkwLXBTX0hXa1Y1dUFhdXI3MnhCLVE?oc=5,CTA,2026-08-28,positive
CTA,"Day 1 of BTS World Tour 'Arirang' at Soldier Field: Public transportation, fan lines, bag policy and other Chicago events - ABC7 Chicago",https://news.google.com/rss/articles/CBMi3gFBVV95cUxQYXo0MXJIblJmaFJLMWJPREQ5cGQxUU1PLWJiS3J5WXVFRk1iSXNSLXdaWF80X2VERGl0MFpHdG4zVk92UmY0dU5NY0ZPVXZOYnZzS3JqV3RubWtndExWOVZRa19vbmh2UlljUkc1QXRXME1wN0xsTUhvZmJMZnJXZnl6QzNQUXJIU05fWDdDRjExekVjZXl2MEtsMXphcVgxbkZWYnFIOVotVFpsZUJVMHMwamtiTXRzQU0zQXJfaFMzSVF0XzFOeTRyRzJlWk5QajBOSlRZTFFIWW0xR1HSAeMBQVVfeXFMT3pRYkFXZGJzWjdweUNqUC05X3lac0RaRTZDcTlncEI3MEpvUXlCYjIzREZjN2JkMy1OUVdEeW9iNzh4OHBDQnh0WFZIOXFaclJjSkFrNWR6SmdobjRzM2lyMjBpWEJJWkF4d3ROZm5DOVpBV3BmOEVfNTd4cjJHajMxMXVuY3pTYXIyOW1HWngtRVJMUjZJRzFhUjhIdFFaaVFlc3MtMWNmdzFuUFh2d0l1RlNySTBFb3ZQc1IxWTNUQ2ZuY2w0QkZBbWNPVlRYVWpzcEFuOHlEQU1CNGV5UE84cGM?oc=5,ABC7 Chicago,2026-08-28,positive
CTA,"Entropy, UCSF Pre-CTA for Ph2 psilocin vs Lexapro in MDD - Pharmaphorum",https://news.google.com/rss/articles/CBMihAFBVV95cUxQd296bzd1Wk00eTlFRWp0UTNYUVk2ekRqcVVpUVozM1JSYkg2cm9ONmtLZDdseDlRVW93U3JFelJwZzJsZXdqUVdkOEQ3WjFaVmZ6aTAwNnF6TWttanJPQmhDZk1SNF82QWJfMFVFM2JseHoyWWpXM29Uc19oSlp2UWRIbks?oc=5,Pharmaphorum,2026-08-28,neutral
CTA,"CTA Red Line attack: Police seek man accused of punching, whipping riders - FOX 32 Chicago",https://news.google.com/rss/articles/CBMibkFVX3lxTE1jblVKMVhwcnNJQWI0NTZWdFFlWGRjTjVOdlZvdHJnTzFYMHZMUjdfd1IySE9JNlF6UmgweTR1UFdPTVhJdkU3a091VDhsTDNRUGdodGU0VDc2UE9DMXF0enBBVDBKeEJCQTZNV3R3?oc=5,FOX 32 Chicago,2026-08-28,negative
CTA,"Lawrence Reed, man charged with setting woman on fire on CTA Blue Line, not in court for competency hearing - CBS News",https://news.google.com/rss/articles/CBMiogFBVV95cUxQRloyMmVMUXQtYUtTWGxzODNZU2x1OVU1bWtRRV9KVUNFMl9Sc1MxN0RTblNZZm9LdmVUY0pla0ZpZm12UGR4a0hwa0xTRkFHcmQ5WVJYOVlGZmo5QUNIbzN5UDBwNEpUSHpxN0pOMGNZVWVBVW4zanZDOXNES3JWVXYzQVFyWHBRRjhtQUJvSE9DLUEwX3pUNXFWbm9rWE1zbFE?oc=5,CBS News,2026-08-28,negative
CTA,"Man punches 1 passenger, hits another at Fullerton CTA station in Lincoln Park, Chicago police say - ABC7 Chicago",https://news.google.com/rss/articles/CBMiyAFBVV95cUxOQk1tMzdjTm5aMjJUSUtCX05BYUVBWFZ1MU8zRHZQb096Z3JOSGZPRUc3cV9UVnB2UVBvYWo3OE1LYnBRbkJsMXR0cExaZHJWNXlaRUJNTUMxNVBxQXNnT3JKVWVteEpDdF9tZkV5WmRrSjdiRmJ2SFg5SW9IQW9xNTdqMk4xelFMOUFEQlpuaGRvUUdQZGJxVnh2eXFBNUs0dTFlSTFtWHpwN3luUG9WWF9UY1JpZ2tmWDhOd2xpZEJ5MGVfenBEbtIBzgFBVV95cUxPY3BTcWVnNEh3MHFLY2QyS21KMVlPYWdySFhWN25oNGlySTVrRC1WZV85M2VQOUdrUGFPUUFqRFZvVTZFS3E1cXlXczFpRWpQSGlKM2k3TWlnVzYtUHdQTDQ0ZDZRSWltUC1odUFVemVzYm9KbWdURXlhMklUcHhYQ3Q3UkNjSW5RSWNtUTc0LWJFMmJHNTJCOEkxX0VoQldYd0tZVVl2RTJjcWlGQTFoSGs3TkRwaG9nZW5MM29JV2ZvUVdLdjgtamQwNlFVQQ?oc=5,ABC7 Chicago,2026-08-28,neutral
CTA,"CTA deploying violence interrupters, mental health clinicians on trains this fall - Chicago Sun-Times",https://news.google.com/rss/articles/CBMiqAFBVV95cUxQZEVUTDFzUzcweEVrbGtRRHllVUxQaTI1eEpyZlZjMkprenFnU3U4ZW8teThfRFRTSGR2dWpCcEIwemJGYkc1bko3QW5rR3lnLWZzUF9Da0F0QnMyLTRTc3g5RDZsNF9uMWZMaG4yUXM0QlQ5Y0xKeThRZTdCd0JXem9QUlRaVVlqU3psVERoYXc1Yk9vNjdieEl2WXRfOVJkMWhRVXlQS2Y?oc=5,Chicago Sun-Times,2026-08-28,negative
CTA,CTA Innovation Studio Announces New Challenge to Test Faregate Technology - Press Releases - News - CTA,https://news.google.com/rss/articles/CBMiqAFBVV95cUxNajNhZDE4TXVTT0dLVlFIWmg1OUZZWmI3YTg0dEkyNzl4UGlfa3l4eWpHV0FrQlItYjlSaWp1NjFtUHVFdE8zYVhVUld3UUc0U25oR1hJQWsxTlVyU1NPYlRicm9qRFBRQThjWDctbE0xM21oLXo1T0dkT3NlckcxenhUUnNNODBmMTVnYk9rZGd1UHVqVU1femF6OEZ6SkJ4dlZoVUlXUHE?oc=5,CTA,2026-08-28,positive
CTA,Sluggish Blue Line commutes frustrate riders. Faster trips could be coming — but slowly. - Chicago Tribune,https://news.google.com/rss/articles/CBMickFVX3lxTE5sR05CZnYwRVpFWGxWUlhQN1U2REhpM1d2UmtoeDhjT2kyX3RlRTVNb2tEMFl0WWR2bGJhbjdYbzhwd05QNHJ4WVZ5eUdfbXpMN0NmTW1pRW5rNzE0ck1SMFF2bGp1amRSaE9QSUplRTdJZw?oc=5,Chicago Tribune,2026-08-28,negative
CTA,New kid benches come to some CTA stations - CBS News,https://news.google.com/rss/articles/CBMihwFBVV95cUxNX2F2Qnd0ZGlSc0lRcXBGN2NPQXBuRDBfRUp5RE05Q3pEZmZZcnI2S2RwRnJwNktSYkltNWt2VjRBcUFheGdwc0YtdzJyMFdRclRXaWxqWC1IcVlfeWRTRGtjNVUwRUpfXzdBZkMxd3R4OXY0Rk5UR3BqUUhmVG5uOHM0Ukx3aWs?oc=5,CBS News,2026-08-28,neutral
CTA,CTA Yellow Line running with delays after signal problems - CBS News,https://news.google.com/rss/articles/CBMiggFBVV95cUxQSmVPdzFYRWljZnBiQzJSOWsyOHptQlZWMTB1S2liV1lMUV8zLWRjMS1JeG5nLW9xNTEwR2ZfRVA3bHNzRnJyMDExby14MlNaSFFwUUM2YkdFdi0tZS1Bbm1NZWJ5WlNkQ25TcWttU2U3Q1RYRTd4cE9UN25oakc1cjBR?oc=5,CBS News,2026-08-28,negative
CTA,CFTC Proposes to Codify RIA CPO Registration Relief and Restore Related CTA Exemption - JD Supra,https://news.google.com/rss/articles/CBMif0FVX3lxTE1CS3I4eXpZZ3M3VEowUE9wNlh3eGZ3OVZnR1lyVXRHcHk1akVPc2VGM21mY3NrMS1lVU5jWWRpczZKTTBvRGxGb1NzckRiVGR2LVBuUEs3RUJlelZlc25jRzhiNnZHNEExQ09DNW50T3JkZWNJejV5WS05X2hqNVk?oc=5,JD Supra,2026-08-28,positive
CTA,CTA workers dance to BTS ahead of concerts at Soldier Field | Good News Chicago - WGN-TV,https://news.google.com/rss/articles/CBMisAFBVV95cUxNQ2VKTDJuWjJaSUlrcjB4NnBxU1RHU3N6N2hhWFYzZVhMOGw0LXozRDFQdEJzY3Zwbi1CdXVFXzJyRkZBdFNTYWlLNktPbWdMT2tsWFI2RHh6YUVVUmQxTU1iT1BxZDBiN3FvaWZnRmxMQkpCSjBaRzhEclp6Q3lsU1ZwVXVYYktZZ2dKazgxTk9UUUhTdmduSVl4cVNsNTBQN2l5THVMbFlUaUFUSnQ3NQ?oc=5,WGN-TV,2026-08-28,positive
CTA,"Competency hearing set for Lawrence Reed, charged with setting woman on fire on CTA - CBS News",https://news.google.com/rss/articles/CBMivgFBVV95cUxORlJyUkJiMXpQWWVOaDlwR3BVeTlQYW02b210bW1Lc1pjS2RSRWo1aFVKbXR4cV82RDk0QlNQTGVQSzhzQTJ3eU9aeWRXYUNhdkl1a3dZSXRabUdTX1V0U1hoYThTU3lxZkhMTmtuM3dWVlR6cVZuU2c2QVFldVNzMVFZbjFBa3hjdGF0Z3B3WXc3c3d2RWlldjJFb09YR216bVVBME9BcmJwX0Q1N0NuQUtpdWJyVGNORS1LbTVB?oc=5,CBS News,2026-08-28,negative
CTA,Foxtrot lands retail space at former Ann Sather site near Belmont CTA - Crain's Chicago Business,https://news.google.com/rss/articles/CBMipwFBVV95cUxQSWE0SFJaVC1IUGg2dldJbWZtSGE2LVpGSG9LTkc4N1F0WDJXWjNCWWZlTXVBSFNqdkxVWFk4R2hpU0t3UzZ1VHExdUlGUDVTUUhJcmNJTzZaRlp1S3VEM092WVhiTHgwVDNZN3ZxdDkwejNzNy1nU0h1ZTgzbmR6dzRIYTMtSjJBVHV6eGlndXkzZzBEVWNLMTZuTlpiMHh6MHZ4VV8tYw?oc=5,Crain's Chicago Business,2026-08-28,neutral
CTA,Man accused of trying to light Molotov cocktail at CTA bus stop disappears after judge puts him on ankle monitor; ‘I get a little messy’ - CWB Chicago,https://news.google.com/rss/articles/CBMi_gFBVV95cUxQNDU3TWNtYU1tclZhWW02YVU0dHBONDFHeGRwcVZIQmFiZVpRay0tUHZ1XzhraDdsNk42dGl6U0szQXVESU9yNEhCbEloSWxzTWdKSHJnSEpiZjhmWE1OM3hiVFRDV291WF9rOUR4Rkdic0dyMjAxZ3o4dXkxQUU4czhlbEVLZ2RpelF3ZWZYVnRXODd2eUN0UEdfcVg0MzVDd0lrQnhsVFJuMl9TSjByWTNreXRSZ2pXdmtla082elZzZEdBaFprSnFLV3R2WVMta2hFQk9pVnpRUGFWaVY2cnkzU081MDdwbkNRYy1ZOXRoV0Q1cHpHWVA4SGZvUQ?oc=5,CWB Chicago,2026-08-28,negative
CTA,CPD releases new video of suspect in deadly shooting of CTA worker - WGN-TV,https://news.google.com/rss/articles/CBMidEFVX3lxTE0tOHpIQ1c1R05vM0VDbGZyNkFHNFp2LXBiR3lzN1pra0s2VnR3MHhqWG4tUnVhN0Z6LXlJTi1QVTZSaHdaSjhzWUFpVGNyM1Iyc1hQMzJLN1diU0tQdjFZbElXLXZXRl9MZ0NvNFVndVctWjE30gF6QVVfeXFMTUdnajZnRkwyUDAxaGRsZmZWbEI0U0NYd01HalFJUUNxOFNGOFA5cVB4TUlWNk05N1Q4T3JKSk5pcGFUcXRJam9RejBuODl6UzN1Q0F4X3BwVHBnZWd3dFl1UDVOUmdHTmpHRTNObzBLU0QzUk1wNUpuOXc?oc=5,WGN-TV,2026-08-28,negative
CTA,"CTA Board Approves Slate of Social Service Outreach Efforts Focused on Violence Intervention, Homelessness - WTTW News",https://news.google.com/rss/articles/CBMiuwFBVV95cUxPMWM0VG9BS1hpamxIaTdoNGJ0ZVBtNFdmUVB5ay1GMGZnMGo2ZTRwQ0RUSlF2M0J4SWc0U2lhTjJLaTVWYXFMc3BnYWNXNExrNlRGc0kzUUZqZ01rU1A2aGNyaXlscVJnQk9IeEZqbV96cjBFV1ZCUk1IblBpcnlYZFF5ZUxOSHhmcWNTVVJiSXNRY1daRlNnWTdEa29CR21YT241S3NyWUg2LUVrd0hSVVVSUzZzVzJodEZn?oc=5,WTTW News,2026-08-28,positive
CTA,"Chicago shooting: Shots fired between 3 suspects, CCL holder near CTA Blue Line station on N. Milwaukee Ave. in Jefferson Park - ABC7 Chicago",https://news.google.com/rss/articles/CBMi4gFBVV95cUxQeXVadDhTY0d2bHZkOTg2SkxOX3VER0NDNzBmVmtubUJCRmFaRmFBMWRkcDZuVHo3X0ZKLW1zUXh2a3NuZkFDck1TSFZXbjJrelA1bE94dzhfNTFQLVYyS3ZRVC1EWFhjNi1NWlpIYUtvdzlmMWtyX2pWXzFOQ0NtSFRncElXTmJFQ21pRGt0ak5pdEtTVk1ycThmY0JFYy10Z3Zjems2dFZCTHZzNWZjQmhSaTMwUzN2UFR6aTBDekVGTzNCV2I4Z3l6THlWZG45dTZuNHBWSHMwblhSNl9QOVdB0gHnAUFVX3lxTE9QQVhsc1ZTb3pNYkFOamRDeWhDNXJwdEZYcjVxOHFSakNhUE1TbVJLcE1iOVR6Z3ZLc21vYjF3ZlpsbzB6dGZsMkttMzRFY2l4Uk1lYnBQbXF1amhFTmJtUC1PMlFHZnU1ZXd0WVhxamNyekczeVdnNFZPY2RKWElzdURMTml3ZXFYNG1ZR2tpZm5sWmZmNFdnaTQ4SXhlcW85aUdpRG1xSXNYeWM1XzFwQS0wUmllV3p3SDh6bVdfM3lPMjJNRmtWb2xXNHdDelN1akItd3JXMHhXZkdjcmN1d1UzYVl0RQ?oc=5,ABC7 Chicago,2026-08-28,negative
CTA,"At Transit-a-Thon, CTA Acting Prez Nora Leerhsen tells advocates: ""I need your pressure"" - Streetsblog Chicago",https://news.google.com/rss/articles/CBMiwAFBVV95cUxOMU15MUdLRnd0OEJlVTMwalJSYU5xWFY1WFZKbEFkWEpaNDR0OTZqd0lJTS13YmNDNy1aWDBnR3cwNEZ5TWxoWVZVX29IUm9uTU50U0FIc3pkWlBmWE5rZ3YzbEtNa3d3VEFpZUpCVTEwU3RLc1gxbUg0OGFVM3l5VW9NandEZUhMREEwQUJjdHJFQmROdjVXNHNQZkF2aWl0YjM1NXdpTFJ5aW9scTNNNEdwRW8wcDNPVUppb19yTGw?oc=5,Streetsblog Chicago,2026-08-28,negative
CTA,Video shows alleged CTA fare jumper knocking down woman as security guards stand nearby: lawsuit - FOX 32 Chicago,https://news.google.com/rss/articles/CBMilAFBVV95cUxOcUhHUi1ISXI3eDYxR2U5T1VfLWhUS2ttYnBjb2hYSnBhY0w3MDUtZkhsZkZiaGtFdGYyNXd3LUYzTWtPcUNKczUwTHJsNHBWa3hmaTBWRzdBb1czd2ZQZUJsajM1T0FJbFpSNVR1RzZsVDNSejMycWg2dEFjRVhjdml3MG4ycXdHZG1XQ3E1b1lBQjZi0gGaAUFVX3lxTE5sWWxRWlRYV2tVQ0lUbWJsVEZFYURiTzVTbjNvbmZ1Wi1FU2xiQlk4eURDQ0UyM2czc3JTWm5DeDZfX29JYVNxYjhmelR1TERNaVBRdVVZcE9PTlpGOWxyckE3RG9oVm9YMmZ1Z1ZWLUxFWUlwb2lxREZ6V21EY1VKS0o2Wk44VWxxcWYzN0NVVTBlVzN0d25qLUE?oc=5,FOX 32 Chicago,2026-08-28,neutral
CTA,The Travel Institute Debuts CTA Immersion Program With AmaWaterways Cruise - TravelPulse Canada,https://news.google.com/rss/articles/CBMiswFBVV95cUxQQlJyci1XSzJNTm9DVl9PaVQyWEdMc2p5VFhBLS1POERoZTU4QUFYTGhNNHhIS0szYk5EUXo4dVg0YXg5OWJXR3FSZ0x3YTMzQW10WlgzNzFsUkFxMU1hT3FHcURWbnFrRjNNSzhQREVPNUxtdEVOek5xZFlxYUhVaUdSMXV3M0d4eDZwRk5zYW04eDBGV2hacGIzV1VCUW5ueGZZS3hqQ0FwOTJNeF9sRXNybw?oc=5,TravelPulse Canada,2026-08-28,neutral
CTA,"Current CTA board members say their farewells, approve Safe Ride Specialist and violence deescalation pilots - Streetsblog Chicago",https://news.google.com/rss/articles/CBMi3wFBVV95cUxOXzdvMUhGVTlpWXJncUlYaUQ0VUVIN1gwaThhM0lXWEdIaUZjWVg5UWhHLWctUUdJc3JEYWV2ZFhRTkFLNERnWFgtREM2QVd3VW80TDNUR3pmVWFkUTJGRWlyNEhnYkFPS0VDb3M2QVhrR3phRGctZ3FudE9ib3JuZDQwamMzM0xEQnQzamp1a2ZCX3U2aU5neHdNS25qU3Z2QTFDc3AzZ1Z1aWRMbmNYS0w3VVIwaFlUQk82NWN4d2llckVEbHVUeDc0dXZVeGwybTdMUHFidURjRkNseDl3?oc=5,Streetsblog Chicago,2026-08-28,negative
CTA,Mozambique: CTA calls for mechanisms to settle €1.17bn owed by state - CLUB OF MOZAMBIQUE,https://news.google.com/rss/articles/CBMipAFBVV95cUxPNFNDN1FsNmZid0ZsQ1A1dkJDX2lrTzREci1PcU16WFR0cEtWQVcwUXpTaHNVZ0FwZnZiSWdnNV8tUElhcUs5QzFTdDhPQ1MxNlRYRHNCZGwyOWNsSmhwZzczbmZxa0ZzWGFZbkhvM05YcmJiWmY2WUxvU3R0UTBoVU9UcW9nY2pOQ0d4RHJsQU10NEhPYTBrN2M1UURwajlGU0N2Mw?oc=5,CLUB OF MOZAMBIQUE,2026-08-28,neutral
CTA,Officials Celebrate Completion of $25M Project to Improve Accessibility at CTA Green Line Station in Austin - WTTW News,https://news.google.com/rss/articles/CBMivAFBVV95cUxOSzZBREJHMWl3RWdPNXpNbFN5UFNYVDE5d0VNNHhLdHRrbFRXSmdnSnh5YWRwVWdpX1V4TlhVeGF0X1Z2bHpLaHJ6WUVxQVNfa3ZKQTU3ZzZTeXY2emJNVk5NMUs0TVB2VzlMcnFXZDlxbldkQ2NrVU4xTmJZOFN5SGZmU011Y1VGWGlybi11QmVkYUVzTDc3X1FzT3I3d2JSNkFubEdBV05hNHVyZUE2WGJBcW1XUFhVdTViTg?oc=5,WTTW News,2026-08-28,positive
CTA,Depend on CTA to Get You to All the Independence Day Celebrations; Holiday Service Schedule in Effect July 3 to July 5 - CTA,https://news.google.com/rss/articles/CBMi4wFBVV95cUxOVTgtYjNyVHFRWXJoT2lDSi1jc2x3SUw0VFVLaGpKbVpRaHVXOXVxVWlSeGthV1M1d3F0M0R6aVRrT09iX1o1ajA5WFkzakVCSUxSdlRNY0lianhzVjkyUnRUMFRLNnRDQ0NKVlZLX3Y3YWFCNGpKWlQ3cUR6ZnFmRThhZXVKTWNxMzczTGUtYVo5NkZpd2s4RFZxeUlCNlhfZkVVRFhxR1VmSHYyR25uMmpYbk5SQWE5SnQ3YUJuaVJXNmhLdjIxTTlKRUd4Q0Z2QWdLOUIzbWlwaE1UY2x3dm5RVQ?oc=5,CTA,2026-08-28,positive
CTA,CTA Austin Green Line celebrates ribbon cutting - Urbanize Chicago,https://news.google.com/rss/articles/CBMiigFBVV95cUxOQWtFSFhkR0NsS1BMQnU5eVdia2lCdE1MRkd2clp4alZ2bUpzUk5wMUpIY0JWdFkzTTZDMTU0dHhDZ2RLMUcyRmdNTk9zcWRYcHMtOTNBX3Zua2hmVERQYTNBN1Z6ZHFZTGVhdEp4Q0luWGFDd3BrWG9WVlFYQURsUWhvMllsTEkwblE?oc=5,Urbanize Chicago,2026-08-28,positive
CTA,HHLA activates first remote rail cranes at CTA - Port Technology,https://news.google.com/rss/articles/CBMisAFBVV95cUxOOU5mRENNT2h3b2s5YXFDbEo1VkJHUXRqWFFwekJDQTQ5SWtxa0dQc2c5MDFabE9kbVd2Z2lyWUZLZC0yZHA4NHVyX1JOSGJjNl90WnJXYTlpR1c5VDhjNy1MRU1Hdmxfd3VnTFlpZzNkZ09la3RVX2hIWGZETDNVNmtMaTdfZnhaNXJBUTQtMFJ3QjA1S0ZGd3EtN3VhU3NlRjlmNVEtT2tRUnczWF8xVA?oc=5,Port Technology,2026-08-28,neutral
CTA,"CTA to bolster Frequent Network, extend service on several routes - Audacy",https://news.google.com/rss/articles/CBMiqgFBVV95cUxOaUVrcmdteXNPRDBUcVBrYVl0RjBRal9ZRDFmajljWkdndmZPVnQxbHBPQXJOM216M01UUmNuSGZVeFdqOE1Gamp2bG1SZHlNRlB6VnFQOVhubmJyUlFmcWFxS0FJbVZfekRacEFCS1lvdVlyR05Qb0VVZEhCU2pJRm1uR1N4ZThvRnNzVVhCNm51WWc0VUc0UVhQV1BRWmc3enpPVExSVTBOUQ?oc=5,Audacy,2026-08-28,neutral
CTA,"CTA, SacRT complete station upgrades to improve accessibility, rider experience - Mass Transit",https://news.google.com/rss/articles/CBMi4AFBVV95cUxNUXZnbktFYlhmQ3hZSGhwQXZUbllvMjlRdkZRYzlYMkQtN1E2eTltWlJWTGdJcWd1eHIyQ2RFNURHeXVtcG9rdDN3dU1fQ3gxZkk4TTZGY0RHSXVHVEJUYm5UQTZVa0FKUHBJWlh2eWh5cXRhM0dvTzNNUFlrRlhZSU1iaUJvZktEZkpCVkdMdXpMWmZNbVl0S214Z1gzQlBjYXU3LXF5WndoQ3RYdTE2aFpPcDdsMTFCSnlKMHRUczNDaGNNUUZRWkhEejZHM2ViQ2tlOXYyNkdSMEUxMmpWTw?oc=5,Mass Transit,2026-08-28,positive
CTA,Capula hires ex-AQR trader Ooi to launch quant CTA strategy - Bloomberg - Investing.com India,https://news.google.com/rss/articles/CBMiygFBVV95cUxQTk9yN0F6MnRyVnEzVU1kZXAtRjRUMGNDQ0d6dGdtTVRoaHpoV0hmYVVQMnBmUnZ2em5XNDVmYm9qZ04zMmVaRUNEdG9wbUtGZFZ2QWU0OThFancyVUJvRVFkay0wR3cwOUZEcFNxZUdRRENGQTRrQzUyLUdPUUhNNFVFVWpiX21kTEhnOFItUGJ2YzNjTEFPWFA2d0ZMNXNudUlwTm14dDdZbkk3bUFLclVQUDVLeDB2YWZ5Zk1ubDFtMlNYWUd5NUh3?oc=5,Investing.com India,2026-08-28,neutral
CTA,Man wanted after allegedly slapping woman on CTA bus on Goose Island - FOX 32 Chicago,https://news.google.com/rss/articles/CBMinAFBVV95cUxQNWhTUDdVZWRXQUFKU29LUkRWVU00NEFTUlljbzlRcHQtNUpUSzNiaE9QZERxUE94aWE4NzF2eXJNN1Bla2M2ZzltYUNwT2xGdmFlR1VDTzZXelhOMXJkdklMaXNWdFRjdnBFY3BWbjNoWUtTcGNzcnVqM09tcHE5UHR2ajhfV1FHOUdUMG55S3lXQkt1empFVkVBeFo?oc=5,FOX 32 Chicago,2026-08-28,neutral
CTA,FinCEN Permanently Exempts U.S. Entities and Persons from Beneficial Ownership Reporting - The National Law Review,https://news.google.com/rss/articles/CBMitAFBVV95cUxNVFp5cDRmWWVmbHYwUUt0dlo3QXhiQ3NOR3pRa29FY1FLTl9MUTIyQ0s0d0dPUUtCNHNVNDZHa2VCQS1SSjE3elAxR2lBYXZlOXNVdFR1ZEtjSlgtSGp2WW1iRkZhSFhhQUlzcjF6UUUxVUdZVmNQN2FsRHBqeW1TYjU5UEozSkI0c1JBZUpwZ3hDUjlPSU1Wejdqck1DRmNmaGI2V0xKV1JTalFSbXc1djJWcUzSAboBQVVfeXFMTTZiWjc2SGJCc3UzX2I0Z3FRYnNpMk1WOWpmbmNYamI5blNZVVdiYS1xSlJYZWZKdW43ZEp6Z1dWOTQ1MUtWZ09qNElQUmx2MzZSV1VnUDZvb3NwVUJEMDJ6bHlweERjUnI5YkhtVkJfVDRkUlA2bjBLS1Vza0N5YmhYTnBiU1BaYWtxUmx2dUJ4QlZDX3JnR3hXcTQtRUwxakZvVzlZT0lRMGlFRDhtdFljZDRrNjd2M3dB?oc=5,The National Law Review,2026-08-28,positive
CTA,Chicago man charged after GPS-tracked Lululemon merch leads police to CTA - FOX 32 Chicago,https://news.google.com/rss/articles/CBMipwFBVV95cUxPTm51RDhuVnlYY2FHMmlxdXJmTk0zRlN6cERkaTFfTVk5aDh2SUU2VlFzZUVOTFZvcFN4TUgzTlZmUU1jSXhJZHEtOEUtcWJWdWFqWXY0bG1ibEdQRkZLSWsyb2IwN3BvYUtFUWJkTU85QUhhTTIxaDhNa2VkSGIxLWRJdEw3Y2tMVUFjXzlVV2dQSUswTTVsajFOQnExdjRhVVk2dFhiNA?oc=5,FOX 32 Chicago,2026-08-28,negative
CTA,CPD seeks CTA attacker who hit woman with cord after punching passenger - WGN-TV,https://news.google.com/rss/articles/CBMirAFBVV95cUxNcDZJQTlXQzZWU1R6aW9Xd2ZRbS1kLVd5V3dhSGwwRHA2cWY4dXZnUWVoR19IaE0xNkZHVElUMUJKcThoVUhFSE8yalFldHJvZnBQWHFuU2lzQWdHdTJRYXNRTlFOdjM2NVQzRGpsYWhVUTFiTDlkTUZZUUtWNXBXemRvY3lQR0VOd1Y5QjctLVJPYUZDbzdReXlHeF9YMGVIUDN4dU9qbE9ZT1hR0gGyAUFVX3lxTFB1MmZ6WHV4dV9Mc1FXaXVDVHZ4LTgwcTVta2l1emlSdEVSdHJUQVpRYmZtWVhGZkV4UU1GRElvZHJwUnFfckFETkszbmVNNWR6UWtmN0FYcVhWQWw0SFBaUGJRVFFPa2hQbkF0YXp1b1BnWDBHU2t0MGpGOE5saHJwbkhjRzRiZFFKZmxxT2kxUzZQcjBDajVMODBaYVVKT09mM0NaWHgwbjFya1pCVXRHQVE?oc=5,WGN-TV,2026-08-28,negative
CTA,The Travel Institute Launches New Certified Travel Associate Immersion Program - Travel Market Report,https://news.google.com/rss/articles/CBMi1wFBVV95cUxQSllOVXNmZzhTQmVqS3E3NXB5UVJkcGNoVkNWM01mUk9jVU5wWmtZdzFMTUkyU3JzS19yRkhiaDJSWFZuQ0lFY0Q1UUZCNWJ2NGx4TzBIaXlqU2o3cjVtRE1teENNY0FaRUtjay1JUXZ0MDJEemQxd3djTTRRMmZBREZuV0NnMmNwWkViRENEb2hBUi1qUXBHLVBOZG4xZkN4Nnd1dHlDczNaVW56SmpBcV9QbDhQSkhtS1RTRlloYWgxdnZwNElaLXdsSklnME83SzZDZmE5VQ?oc=5,Travel Market Report,2026-08-28,neutral
CTA,CTA Green Line Chicago news: Austin community marks reopening of fully accessible station - ABC7 Chicago,https://news.google.com/rss/articles/CBMiwgFBVV95cUxPUXhucl9tNEdjRVhxRGtwbkZ3VEZpNEFXUFhwWlFDMHdVQzJwdldmWk50bFh4b0pDdUpSRVpHb0dRQUVyZ2hHejVUaU5iaTJYdHJaTXN4OWFGUG16S0FwZWV6YTdLSi1Va0lteW9wOFV4bTlJQk1KX21LRjNzeGc1NEpLbUIwQVRtMlBJbVFDQ2NmWjE5dDBGTlF1UmZraTZDdUtkcGV3YlA1TzZ4Y0dyd19nMEFkSjQ3bHd3a1pZTXAzQdIBxwFBVV95cUxNNDRBaFNLMFdkQ2ZZNm4xSkY1V0Q1TzdrZTFZeDNlc1ZvaDdkNm1aR0ZxUEFtRnZXM0llbVFVLURfeE1nVEdldDRodFR3eWp6ZDRlcGl0U3BZRWxTcDVsa3ZpcGhTajdoWDRxeC1tX2ZaX2RlbV81OFg0Wk0tRmRQOTRQVnQ1eEMwRDhJZ0RlZElGUjRUQzJkdE9qcHhNeldPWVpfWkppckFyWHNXdmlYNnJaWGlJaHpSalItZWlJUkptejkxNGww?oc=5,ABC7 Chicago,2026-08-28,neutral
CTA,Wheelchair Users Applaud CTA Ruling on WestJet Weight Cap - TravelPulse Canada,https://news.google.com/rss/articles/CBMiqwFBVV95cUxObzFwMy0wbVZpeGFhQ3ZlS1RYcWxnTzlLR0NDMWt5MW9xVW9kbXU2dk92S1c5WGllWkFKbmhvMzZSV1FKSUtCTjg2cGtfdEVHVFYyRmlsMm5xVVpkNHdwZkJNM1FFdE5QdFJ6LWFkRV84NFJHQnJhX3ZyeFg3cE5RS2o4QUM1RUVSUXlMbHlrQW5seFNKbjFYbzFPVm5qcEdKRkwzenJoOEYyUlE?oc=5,TravelPulse Canada,2026-08-28,positive
CTA,"K-12 students now able to ride CTA system, Pace buses for 75 cents - CBS News",https://news.google.com/rss/articles/CBMiigFBVV95cUxOeW80UXBsNGRNdldRRkRRanZORVlPU0Y4SEd1aHA2cDlNeUplOHpLbnpRaGN3SDVTR2JpMnFZc01tQ2QyZWV6NFd2OHplYmlUcGM1REtwc2g0SE5xUXh1ZDc3RW4wSE50YkI2ZUF4U3BHZ2V3UjRTVzZ6ZVJOVW1tcnhfVnhQOUhTV0E?oc=5,CBS News,2026-08-28,neutral
CTA,Beyond the single click-out: Snapchat opens the door to branded Rx - PharmaLive,https://news.google.com/rss/articles/CBMimAFBVV95cUxOUXI5NHNpS1ZHNmllV1I5c0lhLWY4T1BVTGpOOXpOZVJfMHlaSmV3MzFWZ0JlVHNSU0RWTE1NcFYzTXhVMTEtMEdpM25nN194ZXJtMHg3N1QtSXpFeDRzYW4zbVQ3dnY3UXc3Vi1ybE1acDJETW1kME01OUJvRnJudW12b2JianJxY1JPUXRYZXlSMmMzVkJXRA?oc=5,PharmaLive,2026-08-28,neutral
CTA,Nurse suing private security companies after CTA fare jumper knocked her down at 95th Street Red Line terminal - CBS News,https://news.google.com/rss/articles/CBMirgFBVV95cUxPeGxUbV9ZdnFZU2pmc1Z1VUd5QkJhdkozd3RiTlFBTnFMQlNLOHlkLV9rUjktM3hwYWhFRzdKTG03WVBFUXZkd3NDWlZfbTQ5dnpEVW91TDJXNUVhcnhrdm5YSDBGeHdlbFRqd3B0bkVSeENvY0o5bXBHUWxFU0QwVF81UFdmcTVXcmp0eTJQaFctMUNPa0lsYjJTRmZtdl9NMF9uWnNFRkpaTDZhNFE?oc=5,CBS News,2026-08-28,neutral
Chicago Transit Authority,Safe Ride Specialist Program Pilot - Agency initiatives - CTA,https://news.google.com/rss/articles/CBMiUkFVX3lxTE44ZjlPNG5ySXB6a0I0Zm5fV05XZGZkVEVIS1V0ZHVqU1VoSFZxd2hOcDhhand2ODBhbVl4MjkwLXBTX0hXa1Y1dUFhdXI3MnhCLVE?oc=5,CTA,2026-08-28,positive
Chicago Transit Authority,"As a new CTA board is seated in September, the current chair positions himself to stay in mix - Chicago Tribune",https://news.google.com/rss/articles/CBMidkFVX3lxTFB3ek42emtqYmFzSERmYS1GV0E0Tk52NDFuWGV4QXVhUlZ3eXJrbVNfUGMzQnlwVVh0dXZxZjdwVFJ6bDBpTTIwTDkzdkRrZXFBZzM1clhrejNBV0tQTkQ2dklzdU9WQkZYbzZXTlNMd2xCeGN4OVE?oc=5,Chicago Tribune,2026-08-28,neutral
Chicago Transit Authority,CTA introduces child-sized benches at 10 'L' stops - CBS News,https://news.google.com/rss/articles/CBMieEFVX3lxTE9BajBSTXJEVmpmX0Q4aGZrNmhSbVpweElzR0NFZGFmZmx3WUYxU3BVRGdTTlMteDZkVTBXU1dLc1lSaldUb2Q2UU1BWm9QY2dfa2ZVMk5ENUFxRVFtVWYtZjB3OVdOZEl5ek10S0ZENWtBdWEtb1NzUg?oc=5,CBS News,2026-08-28,negative
Chicago Transit Authority,The CTA is expanding bus service citywide—here’s what it means for you - Secret Chicago,https://news.google.com/rss/articles/CBMickFVX3lxTE9yZHFsLUFZZzRqVElqbWRmZGdNMHJrQk9jUk1USEhGaXNyVUNHUGxKdERBSHlvOERXVzdrMmZ0NmJReDJnN21rd3JSVDNrc2VEM2Z4NFJuaDM2SEVmSHdQTXY3WENpcUExR2RrNzJ4QlJYQQ?oc=5,Secret Chicago,2026-08-28,neutral
Chicago Transit Authority,The State of Illinois Newsroom - The State of Illinois Newsroom,https://news.google.com/rss/articles/CBMivAFBVV95cUxPenBuSGVrQUZiMHpFaTBtb0Jma04teG9MZ21OQ1ZsNGdQb0ZYSEVoUmlSX1VPeW4xM0xnZEtiNndmdk1hMzl6dlFMSWtoQm9Wa0g5MjdwemhoRXNuMHpySEx2YlVPZDlDV2ZzZ3ZFaGtGR0xkVUdHNHp6X2FkNmlrNUVud18tNFFUb0dPanR0dEE4M2t6aHBzQkgtaDJCY2Y3QXlCS0hCal8yeHJrWU1vdHZJSHBfS1RNVU04Yw?oc=5,The State of Illinois Newsroom,2026-08-28,neutral
Chicago Transit Authority,CTA Innovation Studio Announces New Challenge to Test Faregate Technology - Press Releases - News - CTA,https://news.google.com/rss/articles/CBMiqAFBVV95cUxNajNhZDE4TXVTT0dLVlFIWmg1OUZZWmI3YTg0dEkyNzl4UGlfa3l4eWpHV0FrQlItYjlSaWp1NjFtUHVFdE8zYVhVUld3UUc0U25oR1hJQWsxTlVyU1NPYlRicm9qRFBRQThjWDctbE0xM21oLXo1T0dkT3NlckcxenhUUnNNODBmMTVnYk9rZGd1UHVqVU1femF6OEZ6SkJ4dlZoVUlXUHE?oc=5,CTA,2026-08-28,positive
Chicago Transit Authority,CTA fare gates could look like New York's and San Francisco's - Axios,https://news.google.com/rss/articles/CBMitwFBVV95cUxQN2VhSU9JSHJneUJvMnM4MjJfR1M5Z1cwT1NGZW5RSzdHQUp0SEFhZW9RWU5UaDMybGhQMGdBZzJpUkhmbVhGaV9abW9HU3lSQXExc0djcmQxTl9selNtSDJXbkVHWGIxNThBWXpiM2RHWUs3SGVxbXpFQmlrMFhLWFZCanYtS1hHQUJBa0tRN2RWaGhjZXEtWFloLVVQbDZfQTV1TnBwOUpscTR6ZEdJbEd0d3V0YWs?oc=5,Axios,2026-08-28,positive
Chicago Transit Authority,CPD seeks CTA attacker who hit woman with cord after punching passenger - WGN-TV,https://news.google.com/rss/articles/CBMirAFBVV95cUxNcDZJQTlXQzZWU1R6aW9Xd2ZRbS1kLVd5V3dhSGwwRHA2cWY4dXZnUWVoR19IaE0xNkZHVElUMUJKcThoVUhFSE8yalFldHJvZnBQWHFuU2lzQWdHdTJRYXNRTlFOdjM2NVQzRGpsYWhVUTFiTDlkTUZZUUtWNXBXemRvY3lQR0VOd1Y5QjctLVJPYUZDbzdReXlHeF9YMGVIUDN4dU9qbE9ZT1hR0gGyAUFVX3lxTFB1MmZ6WHV4dV9Mc1FXaXVDVHZ4LTgwcTVta2l1emlSdEVSdHJUQVpRYmZtWVhGZkV4UU1GRElvZHJwUnFfckFETkszbmVNNWR6UWtmN0FYcVhWQWw0SFBaUGJRVFFPa2hQbkF0YXp1b1BnWDBHU2t0MGpGOE5saHJwbkhjRzRiZFFKZmxxT2kxUzZQcjBDajVMODBaYVVKT09mM0NaWHgwbjFya1pCVXRHQVE?oc=5,WGN-TV,2026-08-28,negative
Chicago Transit Authority,"Transportation overhaul taking shape with toll increase, new board appointees - Capitol News Illinois",https://news.google.com/rss/articles/CBMitAFBVV95cUxOSkJod3Q4WTlDM1BVWWtsMWtlbDRkVVBSbVpBX0JSaUx5SFVnc0F0aWpNNm5McnIzbThaZVJ1aVBEdW9SekxyZVliNmtxNTRXYmtrbHpnY2c2VUZEaDNWWmYtWUxHRllyQXByR2w3LUNVWTNyMlFZR1VMSDdtT19iUG1iX1lEZlcyVVVhdDhERC1FRUZBREM1ajlqUDdVaUYxaGtfRUFFRzc0R2o0LTdzTThBSlk?oc=5,Capitol News Illinois,2026-08-28,positive
Chicago Transit Authority,Officials Celebrate Completion of $25M Project to Improve Accessibility at CTA Green Line Station in Austin - WTTW News,https://news.google.com/rss/articles/CBMivAFBVV95cUxOSzZBREJHMWl3RWdPNXpNbFN5UFNYVDE5d0VNNHhLdHRrbFRXSmdnSnh5YWRwVWdpX1V4TlhVeGF0X1Z2bHpLaHJ6WUVxQVNfa3ZKQTU3ZzZTeXY2emJNVk5NMUs0TVB2VzlMcnFXZDlxbldkQ2NrVU4xTmJZOFN5SGZmU011Y1VGWGlybi11QmVkYUVzTDc3X1FzT3I3d2JSNkFubEdBV05hNHVyZUE2WGJBcW1XUFhVdTViTg?oc=5,WTTW News,2026-08-28,positive
Chicago Transit Authority,"Lawrence Reed, man charged with setting woman on fire on CTA Blue Line, not in court for competency hearing - CBS News",https://news.google.com/rss/articles/CBMiogFBVV95cUxQRloyMmVMUXQtYUtTWGxzODNZU2x1OVU1bWtRRV9KVUNFMl9Sc1MxN0RTblNZZm9LdmVUY0pla0ZpZm12UGR4a0hwa0xTRkFHcmQ5WVJYOVlGZmo5QUNIbzN5UDBwNEpUSHpxN0pOMGNZVWVBVW4zanZDOXNES3JWVXYzQVFyWHBRRjhtQUJvSE9DLUEwX3pUNXFWbm9rWE1zbFE?oc=5,CBS News,2026-08-28,negative
Chicago Transit Authority,"CTA deploying violence interrupters, mental health clinicians on trains this fall - Chicago Sun-Times",https://news.google.com/rss/articles/CBMiqAFBVV95cUxQZEVUTDFzUzcweEVrbGtRRHllVUxQaTI1eEpyZlZjMkprenFnU3U4ZW8teThfRFRTSGR2dWpCcEIwemJGYkc1bko3QW5rR3lnLWZzUF9Da0F0QnMyLTRTc3g5RDZsNF9uMWZMaG4yUXM0QlQ5Y0xKeThRZTdCd0JXem9QUlRaVVlqU3psVERoYXc1Yk9vNjdieEl2WXRfOVJkMWhRVXlQS2Y?oc=5,Chicago Sun-Times,2026-08-28,negative
Chicago Transit Authority,CTA adding bus service to some routes starting Sunday - Chicago Tribune,https://news.google.com/rss/articles/CBMiaEFVX3lxTE00OUtjWmhlWlBDdFFvZFBoQ0psZ0lwTi1ZRTBRNWFFLXFraDJDQUVsSElMZG1HSGkyTjJXZXlZS1Bqb3gzV0lsSkxKZ2ZqZnpYYmU0TUdNNTJqQTBNX1Q2eTNFYWVBYUNh?oc=5,Chicago Tribune,2026-08-28,neutral
Chicago Transit Authority,"K-12 students now able to ride CTA system, Pace buses for 75 cents - CBS News",https://news.google.com/rss/articles/CBMiigFBVV95cUxOeW80UXBsNGRNdldRRkRRanZORVlPU0Y4SEd1aHA2cDlNeUplOHpLbnpRaGN3SDVTR2JpMnFZc01tQ2QyZWV6NFd2OHplYmlUcGM1REtwc2g0SE5xUXh1ZDc3RW4wSE50YkI2ZUF4U3BHZ2V3UjRTVzZ6ZVJOVW1tcnhfVnhQOUhTV0E?oc=5,CBS News,2026-08-28,neutral
Chicago Transit Authority,Depend on CTA to Get You to All the Independence Day Celebrations; Holiday Service Schedule in Effect July 3 to July 5 - CTA,https://news.google.com/rss/articles/CBMi4wFBVV95cUxOVTgtYjNyVHFRWXJoT2lDSi1jc2x3SUw0VFVLaGpKbVpRaHVXOXVxVWlSeGthV1M1d3F0M0R6aVRrT09iX1o1ajA5WFkzakVCSUxSdlRNY0lianhzVjkyUnRUMFRLNnRDQ0NKVlZLX3Y3YWFCNGpKWlQ3cUR6ZnFmRThhZXVKTWNxMzczTGUtYVo5NkZpd2s4RFZxeUlCNlhfZkVVRFhxR1VmSHYyR25uMmpYbk5SQWE5SnQ3YUJuaVJXNmhLdjIxTTlKRUd4Q0Z2QWdLOUIzbWlwaE1UY2x3dm5RVQ?oc=5,CTA,2026-08-28,positive
Chicago Transit Authority,Pretty Cool Ice Cream and Chicago Transit Authority Partner on New CTA Line-Themed Giveback Pops for National Ice Cream Month - CTA,https://news.google.com/rss/articles/CBMi7gFBVV95cUxQRzJraW5qaXVQRGRaUWh1UFNBYy1GMHhvYnowakt2bTBycXJjeFR6dElxUlBDbWpWU1ZVcXhuRU1uMmR3eVRhM3FqNnNWd3NuMmZqQUExSWwzUzctbk9nMVBHLVh5dXVrU3BKUlpSR29mdzZ3eUw2ZnozaV9seURRY1JnZUxHRnQzalQ2aVhfM2tmZDgxWWlyNlEtREp2UVBqS1g3aDRSb3Jwb3FlWTZOMnNXZnA1WlN4TVdzcWIzQnNQNm1hb3lFWkI1WHQteVA1SVNNd2hUdjVJamR4SDlfVGs1SzEwRUQ4a29yV3Fn?oc=5,CTA,2026-08-28,positive
Chicago Transit Authority,Cook County State’s Attorney Launches Regional Transit Task Force to Enhance Public Safety - CTA,https://news.google.com/rss/articles/CBMivwFBVV95cUxPRjE3TzRtOVRSNE9oT0YtSjA2S3pXT19oLWtHV2JDejRCZVFjV2lMQzB5MG8wdUwyLW9FYTVmZHpRT1NuMEhwZklUYU5ramZfQTlES01FU29ianRLLWozM1Y1OTc5dkFhZ0xGemRjX19LYU95ZXRlcDB6Q3FadWltb2FjQTNFSV9ONHdEMGFPOTNFa2RYR0FudWNPMzNGYk15d1RRTHlBSzhPUXpGaFF1b1NmQ2JJVXlYeFg4RU03SQ?oc=5,CTA,2026-08-28,positive
Chicago Transit Authority,Chicago Transit Board Approves Expansion of Automated Bus Lane Enforcement Program - Press Releases - News - CTA,https://news.google.com/rss/articles/CBMitAFBVV95cUxNNmNyMzB5WHpLcVI0WDhBYVRkWS0zbGN0UzJrTWJGMnFkRGIxRnEwc1hzUWFFVmhKckZsY2xuYkl5NGs3eEV2M0FmYW5ocVV6UUN0aDFKVThIU3Q0dG52M0pkYzEzSUduOTNjeWhNTUtuQkFkcWZPS2Z6M252d2xrdnV5ckpEY1BaQkh6Z1kxVTczMjFPbFN6SXh5cEpzMEJqdWpMUmZNNmxwaWI5dmVWVzZlVE8?oc=5,CTA,2026-08-28,positive
Chicago Transit Authority,Travel Advisory: Temporary Weekend Reroutes of Certain Loop Elevated Lines Due to State/Lake Station Reconstruction Work - CTA,https://news.google.com/rss/articles/CBMi5AFBVV95cUxOd25HWUFmQTNiS0JIVThzdGgyVTBmQkFEWkdYelNPSUE0dWVuNEc0ejN5WElTZklrT2dPbW15YWxNRkd2WkhCc1hheDU0QnZjRzBjcERnQUQybXJFQzU1TUFIZlVjSFdfRVZMZG4yaXQ5ZGl2ZS1IbXFqWkszc0E5cU1ZckF6U1d0OU4yYkVkNGNkYnZRTlc1UHF1c1dCeE1ib3ZCZWtROVh1T1E2Y3puenZqUGhIX0RGaVF2MjZQbzY5eC1zSVdnYXlxX3llMFo4MDZxS1VTX0Fib0M5Ylo2eFFjUmg?oc=5,CTA,2026-08-28,positive
Chicago Transit Authority,Elevated Chicago Expands “Elevating Culture Near Transit” Initiative with Three New Grants and Historic Partnership with CTA - CTA,https://news.google.com/rss/articles/CBMi6wFBVV95cUxQSW53TjNNdzRRamNrTlA4T2EydWpocnVnNjVwVkYxV1k3RHU2RWp5VTlEMHZsSlBkSVpuU2laV3BVUmZaS2ctN2J5WC1ZbHQxT2hsQm9VdTBVQkRSN3QwTFNuOHJYTUdpZnNkRzJJYktrWV9QRFZseHV6V2tyYl9ZZEpKRm5kdTdiSWZ6UDc3bmFmeGpwUi1JMGg2SEJ4OUlVaTV2YW84QVliaVNuQ1lybi1WeXExSjhjZ3k3bVNRdmN1RDlycUN6d2ZzR2hjb1NXM3hZODkwOUtRYmc3NnZZZU1GUVdMQ2YtcGFJ?oc=5,CTA,2026-08-28,positive
Chicago Transit Authority,RTA approves funding estimates in final meeting before being replaced by Northern Illinois Transit Authority - Chicago Tribune,https://news.google.com/rss/articles/CBMiekFVX3lxTE8zRWd2LWRrVGFPdkJtOUItaUtXUnJ3UEtfX2NjUk5ST3VlRDJtdGo3dkdHVWZaVDZtbV9wZnlEckNZd2NYMnhkWTB3UkhDcDZscmFSYlA0bDhaTTdMUkhDN3NXSnI2N2tGY0tXSWZCWmd6eTFpdjNudWJR?oc=5,Chicago Tribune,2026-08-28,positive
Chicago Transit Authority,Illinois tollway rates set to rise as Pritzker appoints new transit board members - KWQC,https://news.google.com/rss/articles/CBMirAFBVV95cUxNdFlvU2o0N3BqUGpoOVhPenNacjBuSVR0cWJyRERJdDhpcHQ0SWIyM1JKWTNTcVM2TVVmbmNLSU9jTVpNeklDbjVTbGZkYi1vYkZBcmtnekc3bGJlUTNxSFp3Tmo1M0JzUmNfaG44Y2NNU2txQms4dTRnRlFKdVhpYzVmQ3Y3WE9HTGNqQ2dCbi0zNEw2RWlKbFBhSElGeUp1VmZjQk5tZW1aU1ZD?oc=5,KWQC,2026-08-28,neutral
Chicago Transit Authority,Man stabbed at Cermak-McCormick Place CTA Green Line stop - CBS News,https://news.google.com/rss/articles/CBMilwFBVV95cUxNRV8tVFpNeENCZlNMdzBKbEZIZnBCTVVxS2J6WlNrSDZfQUJUOHdOVUNxdGQ5VW11NjY2clFwRzlWZzdNUW1xa2Z0aWczd2JJcTFHd2xzcUFMRUJEb2ZrYzMtMTFCT3ZJb3A5M0VDNnhPdi1INmRYVng1alUzbVNoRFJ4RGhKT3RtWkxBbTh3d1c1X3ZKRzcw?oc=5,CBS News,2026-08-28,negative
Chicago Transit Authority,CTA Green Line Chicago news: Austin community marks reopening of fully accessible station - ABC7 Chicago,https://news.google.com/rss/articles/CBMiwgFBVV95cUxPUXhucl9tNEdjRVhxRGtwbkZ3VEZpNEFXUFhwWlFDMHdVQzJwdldmWk50bFh4b0pDdUpSRVpHb0dRQUVyZ2hHejVUaU5iaTJYdHJaTXN4OWFGUG16S0FwZWV6YTdLSi1Va0lteW9wOFV4bTlJQk1KX21LRjNzeGc1NEpLbUIwQVRtMlBJbVFDQ2NmWjE5dDBGTlF1UmZraTZDdUtkcGV3YlA1TzZ4Y0dyd19nMEFkSjQ3bHd3a1pZTXAzQdIBxwFBVV95cUxNNDRBaFNLMFdkQ2ZZNm4xSkY1V0Q1TzdrZTFZeDNlc1ZvaDdkNm1aR0ZxUEFtRnZXM0llbVFVLURfeE1nVEdldDRodFR3eWp6ZDRlcGl0U3BZRWxTcDVsa3ZpcGhTajdoWDRxeC1tX2ZaX2RlbV81OFg0Wk0tRmRQOTRQVnQ1eEMwRDhJZ0RlZElGUjRUQzJkdE9qcHhNeldPWVpfWkppckFyWHNXdmlYNnJaWGlJaHpSalItZWlJUkptejkxNGww?oc=5,ABC7 Chicago,2026-08-28,neutral
Chicago Transit Authority,Chicago Transit Authority Sues Federal Government Over Paused Red Line Extension and Red & Purple Modernization Project Funding - Press Releases - News - CTA,https://news.google.com/rss/articles/CBMi7wFBVV95cUxNcDlGdXY3M0lZUGVvOE4yUW1FOXczTURfRXFBLW16SVBFc29Nb0R1NWJqRklyYm51Q3dQalFwa3UtMlZxTGU1U2tDZVROWTYwX0J4a25rb0FKUWpwQ2k4Zjd0RnRtQzUxMjh3SHJXN2VjYWZWc25TNFZlWlh1SG9ZYWxxT2JOZlNvODdKYjF4UXB6cmtwUjZKWjNDdnVyTWV1WmNEa2RjV1RyaWgzQXlQSzlSZUpNeGtxclZLcnlWVkphdUdJZkYyVXBNY0VybjVvamVDT2hDVDFMYzJjTlUtaVpOMnY5MXREa3lydFUxbw?oc=5,CTA,2026-08-28,neutral
Chicago Transit Authority,Mayor Johnson and CTA Celebrate Investments in Welcoming Spaces Across Chicago’s Transit System - CTA,https://news.google.com/rss/articles/CBMixgFBVV95cUxPbWprc2hqUTV0RUdCbmpWTVNHTDF2VldrRlM5THc5TDhZVHprSzlJdXVzTmwxMktjNEk2bGRsbGV5UV9qcTJTZmlwSk9wMGpKOFRfWDJ4UjYyemJDdVByRXdreXBpTjdMYTlsSWRxRDV3X29pZTlKeERMOW5XZC0zNmVfY2d1UnhDU3NtUGNPeE1xemdxVVVQa0ZhYjF6Mjk1NFlxV3lzb05UWjJmXzVFVmo2YkVVLUotcUpYSzJ4UjBFY29uQXc?oc=5,CTA,2026-08-28,positive
Chicago Transit Authority,"Advocate says Northern Illinois Transit Authority Act, now in effect, will improve transit around Chicago area - CBS News",https://news.google.com/rss/articles/CBMilgFBVV95cUxOWGdMS1pNVmtDQ0cyS3ZSSjFCa1hzM1JTeHE1a1RRMlAxWGFjalcwTU1HZlZ0LXJ4WmsxYjA1MGEzcTBLM216cmV0TGVrU3FUY3BteEV2VnIzcGpvVGk2YVc2NnI5OHd6a0VHaHZuZEszRnBhUUtfN2RiM2NqNGRJSjZnRjFWeTBtYy00WGhoczR1aDgyOWc?oc=5,CBS News,2026-08-28,positive
Chicago Transit Authority,"CTA says crime is down throughout the system, but many riders still don't feel safe - CBS News",https://news.google.com/rss/articles/CBMihgFBVV95cUxNdDVHMlgxazFvbm91OUI3WnpyeWNSbUZkdm9aTjNuQ1ZqUlRMWXdkaTBQQXREQ0VHM2NUMWRBOFJsMEJSUEFoWVppQm1POVFsMjQ1dzI0WXJTenRCZGZTREVsTUpGb0xpOWxRaGw2ZzlySGxLazlTcnh4MWhacHY3NURTQkpIdw?oc=5,CBS News,2026-08-28,negative
Chicago Transit Authority,Chicago to install thousands of signs in hopes of making transit safer - NewsNation,https://news.google.com/rss/articles/CBMihgFBVV95cUxOLTB6SjdqVTN4VmhQQ1N4VkZWVHlNVVZDaklYeFp0djR0SGtXcG0teFJHclcwdXRSUS1pRUVLdENYMkZQVzU4YWd6Ukk2MDM5Z3BFRm56QU51cU9PZ2FXeDgteHV1Zk5yQTU1dDlfQm9mVkFFVm91ME5qcXhEb3J4ZlE2aXFSZ9IBiwFBVV95cUxQRnFvc0Ryc0prLU9yVWtaaGhjNzZwZjdlRXpuNUpBWXpxc2RUb21qcXNzQy1zTExHMmVheFNqMTlXaWVWWVZWWDZveGN3TEZuYWgxNFFOZXo3TElzR3d3VTNHODFobDJzb2k2VktZYTh2YjJXWTNPT0Npcnlhcms3WlpPVWM2VFEtNTZB?oc=5,NewsNation,2026-08-28,positive
Chicago Transit Authority,"CTA Submits Enhanced Security Plan to FTA, System Policing Hours to Increase by 75 Percent - CTA",https://news.google.com/rss/articles/CBMivgFBVV95cUxNaFJHbUVwQmdtMnAydzBMNlBRalhYV2hHOF9yYTVWWGxUTUM1MjZqVnV4MWlkQUJzYUw3M0VESEYxbGxDVUNlRWFqVDVxc2ZOMmlxY3FVZnUzMlFBVjBvaG1vbXM4RVJPVlFwX204YWpGTTh1cDBMZFg3U216am9FUGkwRkE4MVcwLTRmRVNqRnpDbF9QM3B6V1RiSHVZaDV2TjlJalI4M29ReGp4WUVSbnFHYlNPVEo5bTV1N1Vn?oc=5,CTA,2026-08-28,positive
Chicago Transit Authority,"CTA Leaders Tout Ridership Gains, Lower Crime Rates on System - WTTW News",https://news.google.com/rss/articles/CBMilAFBVV95cUxOdDg1QnNBX1VvZHAtNEtVbVp1WGZvOExNbUFyYkIxTVpELWo4UXRjelJvVngzaEVESDZzSGxENTNPXzVLdUlMUGZBN3N4LUVYMzA0NlFZUGdEeno1VUVYdXVDNzdvVGpHSnBqRXZ5eldPcjFmNW5zZ0J6Y1hsMnFwbk5uRjRKdU9CZUpVSng2dFU0dzVC?oc=5,WTTW News,2026-08-28,negative
Chicago Transit Authority,"CTA secures funding for West Side transit improvement design, construction - Mass Transit",https://news.google.com/rss/articles/CBMi8AFBVV95cUxQZHJ4aXZ5clc5bVFJYmdxUkNldDFxdXFyaEQ1RE9tQVZCY25WWFprWW9iWkkyS24xRElRT0JxR3ZvM1JSMHJpb25zYlFrWjdpS1hGSFBOYUZkOGljYXpoTm1ER2Z0dXZjMGJ6VGhGOGx0a1BxTlp2QWxrbk1Dc1FRaVVyZzFMaHA1ZUlySXVlNFNNdVFKNUQ0ck85aGgxYXlNQ1dXdC0zajRrWGd6MlY0RC12a1ZYbXhtd2J3b2otakNoejdfaXZYbTV6alcxUmNobnRkQTRjRkFUNUZMLUNTNVFzdm9WWE1aTjE1TGo3bVo?oc=5,Mass Transit,2026-08-28,positive
Chicago Transit Authority,"Court Grants CTA Temporary Restraining Order, Directs Federal Government to Resume Funding for Red Line Extension and Red & Purple Modernization Projects - CTA",https://news.google.com/rss/articles/CBMikAJBVV95cUxOcG56X19EQnZKRUoycnE2ZE9QRGh4T19xOGVTM2xRQkVSVzNsblVBNnlxb3MtZktodnNiXzBJdXZ4RmJfaGJQTzR1TUQ1SUNuVzhhMld4WXJyaDVjZEZoamRZcGpjRWQ4THRRb1RPRW1BbEVxX1JMYTJQOGt4V3pSeUpOb0c3b29MOGdnNTNnam5xRGdHdTNtQnhmWldlWWdyXzBFUnh4R0JiLVM3MlUtbHZKTUxoZkxWdUVCcFNQVUhJOVVac0JmRGxBN3pQbFRzREd2X05aWG84UDlhSGN2MWptWjAtUTdHdjNlbmpZUU1TRmYxaEdHenZsZi00RjFQYTRJOWtJQWd2LURzMXRWSA?oc=5,CTA,2026-08-28,neutral
Chicago Transit Authority,Chicago CTA leaders say crime down 30 percent over last year - ABC7 Chicago,https://news.google.com/rss/articles/CBMimgFBVV95cUxNSGM1aFVsdVlQWlY3dUgxb1hSSXlCTnFrZ3VFdlpnaG5yNWpyMHVGNGtFQmpyU1MxaGppM1EwbENrQ3hnRjQwVV9tUm5iZXNWZ1kzTjQ1NkpTeG1zVkxHS19xMkhkQnVXNDNpZE41QmI3NUNUTlNzS0ctYncxSThJa3ZZaDhsdTJVTURPR09vTjZOUkx0VkZpbDVB0gGfAUFVX3lxTE9xcVNSM3FZbG1QalYwXzA2ZVVjTEpodkliOUExZVVmRkVmQktJVC1aT2VkSU1sYmMwQV8tTlBLU191aFZZTFJUQlFqQ05YZVVuOGQzbjhxVEVCN1B5bzE1ODE4UWw2X1VGcWRENFpzRFJJUnRwbzJDZHRGSER6YU96VnBMVUtUSk5uS3JmZEhscTlXX0RmZmVmdlM4S21ucw?oc=5,ABC7 Chicago,2026-08-28,negative
Chicago Transit Authority,The West Side caught the train: Inside the viral CTA experience bringing Chicago together - Austin Weekly News,https://news.google.com/rss/articles/CBMimwFBVV95cUxOZlktY2M1YURaVjlhRG1EVVFlbl9XM1A5S0YxdUI0aV9XWUloZ0dycmVXN1VsRGN1YXE1dzFfT3pUZXhPeEpDd0sxcy1pQXo2YkV1eXV4UG5qaHZqamxEUjFMZm8zOUVDYmVtd2dHWTdYUHlUVUxReHdnQ2VRNkotbjE1SGZEczZEYV9kOWJ3ZlJSdFQ5R0ZfQVNBWQ?oc=5,Austin Weekly News,2026-08-28,neutral
Chicago Transit Authority,Combating fare evasion could help lagging CTA ridership - Illinois Policy,https://news.google.com/rss/articles/CBMikAFBVV95cUxQVmlnNzEtcnhmcV9MY2ZOMU9FRDBRZjN4b1ZQcmRuTXFGcEZfaFNLYjBrcUZuamgxYnJWQWRQWm16VmI0cGJDd0ZnclA0MkFmOVVYcklqRmFDS2hZZjd4ejRjb2dfTGJFY0dhZ2JXbDZtQXNJVC10UmM4cU5Sd1o0bzcwMjlxYm8xdFBpbUY4MWc?oc=5,Illinois Policy,2026-08-28,neutral
Chicago Transit Authority,"CTA switch worker shot, killed near train yard in Chicago's Roseland community - CBS News",https://news.google.com/rss/articles/CBMikwFBVV95cUxNLVU1aWZHSmpyeFNhekIxVldGQWM0RG1iU0lYM2IwRG83ZmlwQVQ5dnRmd2ZqVEN3emNqeEdmR2xnbWU0UVhnNUxZTS1RWTkydWZaUE83eEZ1WnRJeW05bFJ6eXRWSTRsTVMyb0JleWRYdEhXQ3pKcDRBN0cwRTRGQmVtNlp2b2RFVmxWV3hoTDVfMmM?oc=5,CBS News,2026-08-28,negative
Chicago Transit Authority,"New signs intended to deter crime to be posted on CTA buses, trains - CBS News",https://news.google.com/rss/articles/CBMiggFBVV95cUxONmV6RTV2WldwUGt6RTBDNGJyLTF6MjBQVnlMZzJFMU8wdjBNQjhOT1ZKTDlHNXZMZDZYTUoyN1YwTTcyS1F4RXdyWm1pWlJoOFY2SVFBUVFpRldhREZYMXFsUVduR1VESVVKT2ZuVTI2LTNaalZ5TEhWYVlkS3NfZVlB?oc=5,CBS News,2026-08-28,negative
Chicago Transit Authority,CTA safety: Cook County sheriff says dedicated CTA police force may be needed for safety on Chicago's public transit train system - ABC7 Chicago,https://news.google.com/rss/articles/CBMi4gFBVV95cUxPUDBlc2lpV3BlM2E5cWlrS3ZDd0dKRDJVVWpMamNISHRIbTdEN1lPRVlOakdqcHZkZXFzalA2VUdacFdQSGdVdnFKN1d4ekZiNENDYURTSHdzQnp2VC1jbXFjdDktZEFsQk5BYk5wc1lPYTRfWDM5Vk5RM3dvSFAwUVoxdEtGUFhGTk9EZ241aDhrV1RGek1RbW5VTUh1bEZSbnlCMlV2TEQ0VWJtN2Ixc2stSGxISHdRQzBEeFgwU0NqLW9RNlZBUnAyVWNlMUhfV090UjZ2MGF4NXJRdGs3aXVR0gHnAUFVX3lxTE5hR1A1N2I1UnBhR1B4Q2VJc2lBU0E2VmJNYUhJQXdtX3h4Z19KaUV1UlpacldPenVNZlFyUngtbGdJaTY4UHdZSmk3QW0xU1R0Z2pyc1o5UE9TTXp5SlV3Q21HNGFLY1RVSE9uX1c3OFpSU3FDMzNQVEtUNlNRQVNCWDh0czMwd3FwbTJlVHR6ODRPS2hURzVycW1kd1UzdU44R0R1X0tYNkxCdmdCeU1ITjFlbTEtTGtCVFNTMnZMd2NLLUplV0NtSjZBZ2M0ZUtPZVIyc2FvazhJc3BoYWV1ZDJPRzZTOA?oc=5,ABC7 Chicago,2026-08-28,positive
Chicago Transit Authority,"Acting CTA boss cites major drop in crime on transit system, credits collaboration with CPD - WGN-TV",https://news.google.com/rss/articles/CBMixgFBVV95cUxPUHJ5N1hKa3gtWUFDUzVFcUxEcE84dWJ6Ni1YMHBhbWRfWDVOcUJGSHRQU0ZTNUxUX0NJbThjOEJiclNLOEJHejAySWZvaGRmYWx5YXcybVNBSTM4THFNeVBxTWpjNzhCZ01udDVMaUk2QmQtUXpwMUZpbHlILXo5ZmdVRlRWUlpFTTQ4RjdBaDVWRVpEM3JDTWdOaVJhVk5hbVFfbGVRYVkzbl9tVDRFb2Z2YW9yQ0Z6TXlpaDFLMk5HT1gzcXfSAcsBQVVfeXFMT2ZQUGRubHN2VGhNLXV4NERBOEJqMVVmUjMzcW9Ublc3TXFuTzQ5TGxGY0JIaFEtRkl5UTdJYnprV1A4MUVTYWs4Q0FHOGl5SGtiVExKSFRnZXdTODY4NW05azRyNjloejNpblBQdUhjNXhySlRva0FkdWhDZ1g1SU1BNDNfejNCY3EyTW5CMkdTeGRGdktqbURudGlBT3Q0cElET1d4SHlDQnpxd0FoVW43REdGbHRGeU1ncUU4ZGFlc25wNVdnend0Mmc?oc=5,WGN-TV,2026-08-28,negative
Chicago Transit Authority,"CTA crime: New campaign aims to deter violence on buses, trains - FOX 32 Chicago",https://news.google.com/rss/articles/CBMihgFBVV95cUxQQU82MUF6NWJka09Pc3JjZi1lbm40ck1PVnBESFpnTlV1UUFnZDlJbTh3SnFQTGFMUXBySlR3bUF2U0VRY3IxN2Rmbk1JYXZNNERXLUhQU2NKWTI1WEsxTjNJN1FKSFpqTEtKa1NkOWJhc3V1ei1pZUQzUERTWTIwTVYyQjZXUdIBiwFBVV95cUxNMXl4dDNFMEYyTG84V1RZWWViNlNNdGJmamJEUWdvSm5XMXFTcHZETzh2ZU1wTG10d3gzbGZqNS1kTVpGNTBJdGM5Z3J5dmZVYTJGeWxzRWg3M0RfcmxiZEFOMF9sVy0zMVplN2U3ekxjN1htb2t1bnFPeTAtdGRrZVNsNzVyVV9xemNJ?oc=5,FOX 32 Chicago,2026-08-28,negative
Chicago Transit Authority,Chicago area begins transition to Northern Illinois Transit Authority - trains.com,https://news.google.com/rss/articles/CBMiwwFBVV95cUxOTmhyYzVHd0xnZk9USnMtUUhibHo2WWZYYzZXQzZpME9nU09nUVE4SjUzYXdoWWVadVVDVEhnMlVkYlRuN2M4azl1Tk1nRVBma1JFRXFuQ2ZZSkFEMDdHblAzbURVZWRqVVp2ZnJORGt1RkFoakVQbFR2akFMNGFzOFRFMTFPTnlwNWdWVmZ3Z0VGUjgtN0pUR01LSmdDcDU0U2pnSC15OTk1dFZqMEl0SkVWS1FnbXg3c2ZJNjNTdE16SEE?oc=5,trains.com,2026-08-28,neutral
Chicago Transit Authority,Fluor Joint Venture Reaches Substantial Completion on Chicago Transit Authority’s Red and Purple Line Project - Business Wire,https://news.google.com/rss/articles/CBMi-AFBVV95cUxQdGozdnhUdkNKQm5ZUHhRRF9hbjRPMGRmUzA4SVNhdzBqUTNCUi1Sb0lYMWRRSy1LMEZmdllOampKWTBuRGxIMlE3THEyLVdZRmF4bjFxWmo0YVlhakxZd1kwM2JjRmdHTHozYkRvTkZ5SG42VWQ1S1kzQ2ZDc1l5WjBtLVNBd0I1SzFHMm1xYnhLR0pMbVJIRjBSV29QOTF2QWJOQzZwalVBMW96YlFXaDRWVFNlVHQtRDlkdnZUY1V3dGRXbjgtVkRnTkxWQ1pYRHhhcUlEd091a0ZkWG13Z1dYRVpYYlRBMlJsTkdxNHJNRFA5U2RQZA?oc=5,Business Wire,2026-08-28,positive
Chicago Transit Authority,Yellow Line extension in Skokie could take ‘decades’ but CTA is studying it - therecordnorthshore.org,https://news.google.com/rss/articles/CBMivgFBVV95cUxOQmVFMjBCcXFlenVnSnJHWWxzR2xiYVZWbk1RRVZ4eHlfeXBlTmloNl9zcG41QzQwNUl3bWhtNE1FdjlWYjhqNld3aDh0eWdaVTREWUtkT0FLV0MyLUhEdGxvVERJMHJyRVRwQWFTWE5sUHM1ZTZ1czVKUXlhX0ZEREl5RE9HRGRhVkt4TTNsclpwMGJBeHI0SG9PRFdmeVFFUmhzanFpTGE4Z0lIY1g3djN2blU1TXdfS1BNTlB3?oc=5,therecordnorthshore.org,2026-08-28,neutral
Chicago Transit Authority,CTA looks for new gates to help deter fare evasion - Chicago Tribune,https://news.google.com/rss/articles/CBMic0FVX3lxTFA5eWpPMG5CY3pJMlpsQjJ4QnVJME92VDE2T3hna01IMVJaZnVUNVVqZm9MRnM4V2kzQTZhWFk3bEYyRXNvVEdqaVVIQlk2c3VvRm13SEN0YjZVaHdjS3FuQ1Z4aHNIYTA3ckFDVXFfSDZGWDA?oc=5,Chicago Tribune,2026-08-28,positive
Chicago Transit Authority,"New transit law takes effect as CTA, Metra, Pace enter new era - WBEZ Chicago",https://news.google.com/rss/articles/CBMiigFBVV95cUxOa0R5anlLb2w5Y2pVMTVFQVdQalB5cndBYXVJVUhwQW9MYjRhM3BxdnNJdWZ0MVE3cGVuU09vd0lkODJZYVV3X0cwdHZDcWlqbUIyeEdfQ05hbXY2MC1YQTJKQzZGRGdiQkpZeU5LZUhBa1lRTlZKUnBiQ3dBaDhwNkUtN3BLWTg3d0E?oc=5,WBEZ Chicago,2026-08-28,neutral
Chicago Transit Authority,"Toni Preckwinkle backs Red Line Extension connections, wins approval for transit picks - Chicago Tribune",https://news.google.com/rss/articles/CBMikAFBVV95cUxPVFpkMEdSUnBoV2FtSHQ0b2FaWDlrRzRGQWlGcFYxd04xRnpkeExqZkdwT2JlLWZRbkVsRVVhSWN2dG9sVTJzX05fb0JsejNieXQ5RGE2clF0VWRIRW5OdEVVTHBOUXM3TnV6Zm00RUJLVm9aSGpXWWtIZlpwWDlzWWxNamt4enpKQkpZVUVhQWk?oc=5,Chicago Tribune,2026-08-28,positive
Chicago Transit Authority,"CPS Employee Accused of Double-Dipping Through Dual Employment Scheme Now Works for CTA, Records Show - WTTW News",https://news.google.com/rss/articles/CBMivgFBVV95cUxOeUFkN0pPTWdfOWxTYVItOHdYUTIzSldUR09Yc01Rd2ZUSmE0U2tOMXdGbVdQMFU2OGdoUS04OVMzeTZMU3R4cENGdG5HbVJyQ0NCZl93M2pZV19oWjhnNnBYRGdPb0hGUFhYQWlGQlQ0VTBiUW1EUEp1UU9scC1Xa094clBsYTZYZmVGVHJWMVdTeU1kNlRUdnRETWkxLVdQVkZjdy04VW1nUWl2QWlyclJUcEU4TE1ndjF1Z0t3?oc=5,WTTW News,2026-08-28,negative
Chicago Transit Authority,"Phase one of Chicago Transit Authority's Red, Purple Line Modernization reaches substantial completion - Transportation Today",https://news.google.com/rss/articles/CBMi4gFBVV95cUxPVG5vTTRKSV9KOGVuc2JvbVR6U1lqbGVfdEtQMEV1YVJ3UnZNSGh3YTZXN1lCN01kZjdlQmxNcW5sWHhZcm1RQXZQczlJb3NFNEMzTWlMcm5ld3lma1hsUU9QR04xNWJLVmhqd2VSejFRUDNRLVZKVE5tejFTUG5jLTlRZG9rN0tYN3dmODNRTmtwVjNxS3ZadXZKQnZ5TXJJUy1HTXFrNkotRGk0YjdoWVJlTXJ3TlEzVjJpRWsybTJYcTNIZWtPMzBZY2ttbmlZa3hJSVgwSzFxNFVDT0ZaQXJn?oc=5,Transportation Today,2026-08-28,positive
Chicago Transit Authority,CTA employee shot and killed in Chicago’s Roseland neighborhood: officials - WGN-TV,https://news.google.com/rss/articles/CBMioAFBVV95cUxPZGpMQnVqLThHNHBlTVVKZ0hma0xCejlHcnYxRnJCYUZOMVd0R21XWnVHckgyY2pjU0pFbEJnNWQ3bzBxRk9tcW9GVk8xbUNwMkRWanhiemllVXBnU2RjVEtReXZfNFpRX2d6djRsdXlTdVduMDRVUWFmTk5lRkxjMWZsYU56OWVsd210aHNQY3B4aVlCTjR6WGhPTVd5NEdT0gGmAUFVX3lxTE8zRUh0Z2tJVzRKTFgzZ00wMHpOYkVOcDBuNGczWURocVp0Zm1HSzVRSGpIbTQ2Yl9jb2poOUdQbkctdGtka0FZLWtDalpxdktJa2FBa2ZfdUowSlpqQkZfbkNnVnk3OHdYTV9qSEZzSDdsLVVNTGtMbVQ2ckZpNERJZ2lqMzNMWmNiY19mTlNpZm9nSE1BNk1NbS1tMXFjamgtYkVvV0E?oc=5,WGN-TV,2026-08-28,negative
DC Metro,Metro hears from neighbors of the new Commanders stadium site in DC - WTOP News,https://news.google.com/rss/articles/CBMinAFBVV95cUxQZVB4OGlKQVRaNmo1N0s5aUlGYWk1SG9TVFdST0FOSXh0LVBwWng5dUtRenh5UHpyMWRlWDJSVzNQSjZ2Z2tGbWdJZ2RXeGRHMF9nTWo2Y0k5ZHVBeDlvMkhNV1pNMjl3VlpBeXF3REhPdDV1Umkza0pMQjJuS2VFNWFTMWphamgwbVNCTFVtdHVqd0E1cTRDalIzemE?oc=5,WTOP News,2026-08-28,neutral
DC Metro,"Payam Music Opens First Washington, DC Metro School with New Bethesda Location at 8311 Wisconsin Avenue - PR Newswire",https://news.google.com/rss/articles/CBMi7wFBVV95cUxOMmM2cWM2blJ5bHFSWTlQM1JrQzJMZE0zdUwxR3NJaEZzNzdZaVN0UUdZcWhSejhmUDE2Ql9hMkxYb2dDTWtURnpFYlI1b19ZeFc5dG1YNGtZbE1HQ0RxMDdtWDRtZUpCYUVRQ0phN3QxTm42b2ZmaXpQVUhfUFhyaUpBT2t0T2Fhb1JOWHlwVHdLaVlydEZ1NUEwR1Voby1xRl8zeG1QbjBZZnd6ZW1ObHB4TlhGcE1TbUNEaERnd3ozSzdhOURNQWN5U0RoRURNUTlDVGwza3pQNkZGekJNa0g0aWtyd2hXV2o3VHptcw?oc=5,PR Newswire,2026-08-28,neutral
DC Metro,What It Takes to Live Comfortably in DC and the Surrounding Metro Area - The Well News,https://news.google.com/rss/articles/CBMiqwFBVV95cUxNNUU3SlhSMjV0ak9aelJtRFBnd2RpTFZlR1pxQ01wU1BFaldvOFB4aUtaVkFBS2dtdm1XX3ZUN1dLRVV3V0kyZ2Z5NUNIMXNUNlJLa2dtOVZIdHhLTGRlVDZsSzNpS0ZFWl9rQjlNd1NTTkRKUUFpZ3ludThmTjR4LVRqWVhrN0czYjZ0My1xUE12Rk1MLXNkeTE3REM4WVJrdEFQMkkyY2QzU0k?oc=5,The Well News,2026-08-28,positive
DC Metro,DC Metro’s Red Line commuters face a summer slog amid station shutdowns - Maryland Daily Record,https://news.google.com/rss/articles/CBMinAFBVV95cUxPU0phaGJsNUI0bUxkWnF0SnFOVjNyNzQxd1JuU25aTzBiTEd1RnBQcWlfMW9WNGZib0R4QjROeWxZUXR2OWs4aGVqTXBfLUpLT2NGMHhMLWJjVHdxdDBqU0xoRXJSRnBxT2Z2STJUeFBNYU5sc0VwX0xIMGF1aVNBMFhxZWt1TjU4MTU2LVdDLTl4TjV0NEJ3V1BRMS0?oc=5,Maryland Daily Record,2026-08-28,neutral
DC Metro,Howard Advances Plans for Long-Awaited D.C. Metro UPass - thehilltoponline.com,https://news.google.com/rss/articles/CBMimwFBVV95cUxPVDVSaWxNQW9OZDdTRFJoUDI3Tl9tdmExakJ5ZWMxb243Mjh6ZHdkWWZqRDZYQ1Jic1lFY3dCZEJLMmhIZEZQZm9jUjhvNXhIUmhNMnhWanNjWHFFQ0hCUXVnQXBFQU8xMHRoeGlNUWVGLXZ6VjJxN3doOGZIWUMxaXJUN2kwamR5aXFKTmNqOEZIV2E4cC1aQmhpWQ?oc=5,thehilltoponline.com,2026-08-28,neutral
DC Metro,Pardoned Jan. 6 rioter sentenced for DC Metro assault - FOX 5 DC,https://news.google.com/rss/articles/CBMimAFBVV95cUxNQWswRU1peE5BdUNHTUJpckNmajRIbnAtQWgtbHQwYVpuSG9rUGhEYlZYVUFQU19zTUJkaUNSZlVOQXVXUGRQVE5FU1JqdThqaTgtODVJTF81SkRjNnUzOGNhYS02V25ZWG5BeWFjZDBXeTB2Rk5JdVU1eUE5Wmp0LTJNY2hRSGxJSlI3RG5OdWJZZTBLS2kycNIBngFBVV95cUxNWHNwa1hlUFRiWXZDa25QNDUzZWhUQ2VNU1UtdnFkRmI1NlFuSFd4ZWRlcDd3VS1IOFJzWS1IMHp6UnV6czFGckc1a1RXODFpZTJNaEsybVdsX2h1SkJjTGJpdkh2MUVDVmJsNmFOaUE4SmhZV3pxYi1zQnJNTGVLTVhWX1NEWE5DcUV5elBXenZnSTZuWmp0YmFseEc3QQ?oc=5,FOX 5 DC,2026-08-28,negative
DC Metro,Man accused of touching women's hair on Metro convicted of assault - NBC4 Washington,https://news.google.com/rss/articles/CBMivwFBVV95cUxNQ3lic0ctSFRCUjFUVW9QRzdtTjFmaGxJME9aeGo0MzhBdUxWM0dIQmtZb0JQRVZ4WF9EcDdEbHl2azhWaUZiZy1YczRaUUJXeElhd1ZHcEJIN3BGV21rQ1M5YWJhNjktbURLLTJ4dnBjeUhJQmdVbHNCaUVKRkN4Q0VQWjRlTXZobFRHQ0VfaHVmSzNMOVRnRTI0S3RvLWlPSGtRU0pIaWZjeFBaQTlwZFJqY0Y3UHdlNFh1cWFZRdIBxwFBVV95cUxNQ3hZTEVmclFKeEl0WkZkZGc4dmtpcXNocEVDSDBuUVlEU29lRFQ3bjBDcTdjWEcwXzhqVVRHN283aVJSYWNNU2dwUmVjWlhsb1A5RS1JMlVmTVpqUzZpaC1LUzhSbkxXdHB5WU0tWjZ6cGY3N2tYUE5aN1RKSWNkeWRxRU5vcDZtNU8tcUkxalF1UFFkb2ZKdklJelVaMURYOFJWdWlZd29IQVExTlhkaHJCTlVoYjRoWmdOV0FPZDhtSXhiVlhV?oc=5,NBC4 Washington,2026-08-28,negative
DC Metro,Family Details 6-Day Nightmare After Son with Down Syndrome Was Found Trapped in D.C. Metro Station: Lawsuit - People.com,https://news.google.com/rss/articles/CBMizgFBVV95cUxPZnNPQmd3UGFmVzhFZGxRYV81cVZ3T2l2Q2hSa1V0NDFXSHZ1Yi11bmRvcWtXdmI0bHJkNWx5UlF5TTdmc0oxWGRheGp6R1dvQWVqTDNoLUZnVnVfdjNCOUJiTm1xeWpGTTlpVmJZeDhWTlAyalFibmN1TklBYU16SjhCUDRVc0t5U3QtQjVVMkhrWmZORFdqcDhaQ25BOXVLVm5vWUFDcDNKWjY5X1RCMjFYMlhaYzFWS2FHc1llRWUxUV9Zb0JRMEU1MXRHZw?oc=5,People.com,2026-08-28,negative
DC Metro,DC Metro train hair toucher sentenced to jail time - DC News Now,https://news.google.com/rss/articles/CBMiqwFBVV95cUxOSnptT2gzVHZacUdiRWlHTmtlWmlmd2NsVUNjNUZmMlhLTmhXczFjTF9DSzBtdVhQaEhicDdUR2ZNV1ZWLVdNdXo5S1dfUFBEdU5jZVNpMzJ2NW1pM2Iydlk3REVxQTRCRDd6YVd0Mm9CUzRteHNqd0I2ZUQ0SmZOV3IxakNvcTlHUVBjTnVRREotdlhkOG9qZFBhV1YzalExR19kdWRJdFlSSGfSAbABQVVfeXFMUEw5cTdBSEdkWlFJNE8zVzlVVE9Zci1UaXNoSm9kSWdoM19IWGwzUVR0NFFHNjF5TnBuR2t0TElqaV9jLWFpZ0FWdVNkblgtcmk1U01MckpMQ3pHN3U0VVBmVS0zUlpIdXRTdUpGYlVNbEFtMm1OSG4zMDJJTmFOeEJGT0l5c0dnZFRqNHJYeDNmc2dkdWFlMnE0OVc5N3ZMcmpaVUp1dDVyTGlZd1FjVU4?oc=5,DC News Now,2026-08-28,neutral
DC Metro,"Mixed Signals: A Housing Update for the Washington, D.C., Metro Area - Federal Reserve Bank of Richmond",https://news.google.com/rss/articles/CBMi0AFBVV95cUxOaWNFTTJsQWdWZFNjN3V3QlZDVFNZMy1YZEV3LV9YXzlQeDE4WFBsNTliWjVWd2M1dW1xTUtfYTRGSGRCMEhJa0c1a0ViN0x5SkxTUGxOajE2cXVEaDQyTEpOY3F5S21Fd0QyRkNlaFdsd2FPcjRSbEN6MnloVzJwbXczb285b09vdjU2clVpUGRUcVlSd2J4aFlBUkRwdnFBb2tvS0lJOVJWdWZESjhWR3JROXFTOUd4RlJoUm44XzFkTTJpYkNtS203cDZrMi1Q?oc=5,Federal Reserve Bank of Richmond,2026-08-28,neutral
DC Metro,Most Metro Fare Evasion Cases in D.C. Are Thrown Out - News of the United States - NOTUS,https://news.google.com/rss/articles/CBMiXkFVX3lxTE9NcENhOWNRdGdldFBNTVc1SV83SUdYQVhTNWJWOUItYWpKX3VKTVJMeVpaSl9JOC1WSTljR0ZqYml1eHllSFYtR2h2NHF3MjNaQnVBUUVaQmkxUlZ4cUE?oc=5,News of the United States - NOTUS,2026-08-28,positive
DC Metro,Terminator 2: Judgment Day 35th Anniversary - Alamo Drafthouse,https://news.google.com/rss/articles/CBMitgFBVV95cUxNaDJNemczQS1LMjcwU2FKekFZeXo5aTMwd29PZEprQWZyZmlPY3R1ZWo2SGsxZlpfRnBxckFwY0hiZG5FQzY2T2dqdk1PSkRfYkhUQXN2TkgtVVV6d3c2bWZyS09xcm00cWFDc0x3YVpPV1N3YmE4U25yM3FqOXFXYWJFbUFzT2xFSkZXSUdrMExuZDh5bFZzN0RneklmQmV2VlZFWkt4WDZvX1dWdlJwTDhfZ1NwQQ?oc=5,Alamo Drafthouse,2026-08-28,neutral
DC Metro,Why DC’s Metro Wants to Automate its Trains - Bloomberg.com,https://news.google.com/rss/articles/CBMisgFBVV95cUxNbEpRNWhsWTM2THVhbGdIbWtYMG0xV1RjRjVOSUxnNmFLdS1lOVdtaC0zTXBPQ0p1bjU3Z1F3bkpfNXRNVkZRblBRSjRDUzhaZ3lTNGgwaHV4LTBIb0Y4OU1pNUFhR3VreWtQV09LcVFJZ18xclFwM0FKZTNSM0hrVkRuN3JGYTBoVV9HVHFfdXhmY09hRDJhRWROa1JBMGRoMFRSVkhmczJnU0IzTU1aaWZB?oc=5,Bloomberg.com,2026-08-28,neutral
DC Metro,Metro and IndyCar team up for a busy weekend of Freedom 250 Grand Prix events - WTOP News,https://news.google.com/rss/articles/CBMiqgFBVV95cUxPZHJ1cXRGN0F6cjhoSURZV0dfUllVOVFnNUZWWXF0Tmpyc1o0TXhvRHJhTnNxLXdPemlVTTB3UnhkbTA5NUFWYmlDRndJTnRNbGRWZUVORzBCVl83V0g1QnlZRUNxUEpDZlNYN2N6NU5PbGZJWHgtZERlM2RrcFFPZmRUbk1pWHlDQVJGakYzNVNoVUh6N2xzQ2hhMVhPcU1CTWtseC1lX0xDUQ?oc=5,WTOP News,2026-08-28,positive
DC Metro,"DC, Metro have three weeks to finalize agreement for stadium deal - NBC4 Washington",https://news.google.com/rss/articles/CBMitAFBVV95cUxOUUhMY2xUVnBUTWxJWmFZejJ2STNIOXByZkVVWk9hSkxIeDNoSWtVU3J1WWdNYUh0RkUxLUtFNHRERm44bjlyTjZ6WkpoblV4ZHJlZi1mRFZkMUs5Ui1NY25mRnVQUUpLNmNpVmNWaXluNUxYb3pubEtRRDN1NVBuWlM3TmJrN0lGd0I0bm1vZEk5WnExRUhrTEQtdFNKM0ZEUmZkSVRweTNHTmpDZG1IRFJpVnHSAbwBQVVfeXFMTk5ZaVdlZjllSmFmTE5MbkY5Ym1QRzVyb1RXVUJ5VHhHTlNvd0VCcmdxUnRtQUlNQ2hLSDEyWnh4VXpyOXg4alozTV9PMnJYdl92SGt0M1VxTENQcjFyME5TM3Y4dFpwTC1IX2c0ei1Wd0huTFFuTDg5UTA5S2xPeHBNY2RIUG9qWW1KVlFaZFpneDYwZzVQb1hRb1FiYVNZSnlQb0RJWmNMLUxqT0R6SHdnRmZZTWlTa3FqTnU?oc=5,NBC4 Washington,2026-08-28,positive
DC Metro,DC Metro train hair toucher sentenced to jail time - DC News Now,https://news.google.com/rss/articles/CBMilwFBVV95cUxPYzNLNW1wT1BaXzdkTTVvQ2dKajNzMDRSN0o4OTBZVFA2dVdBbVRVVHVEQmNqMjhKMGlJYXptSDlrMkRMUk80dzNVSGh2NDBjZ3JnRS1xM3dDdkRLMGhzSzUwVk9ycVdYMVpoWE8zdjZjVXJQYjJVOXdhSFRwNFp2N1NUeVBmamFmTlRTMVhsYjBHMUhUVDB3?oc=5,DC News Now,2026-08-28,neutral
DC Metro,Another Scorcher in Store for the DC Metro - The Well News,https://news.google.com/rss/articles/CBMihgFBVV95cUxNT1FZM09BbTBxcFhEMDlRRTZGcTNjdGxjQ3ZEa1RoX1UtWUxibE9fWHZhZmE4dGtxTGJ1NG5xWDdRQUZyRURMM3dtUDlfbF9tM2JraVNzcHNrQnByX3BhVFlYbTFyRHhTcmlQVlkzZjBHeHplVEhyb1cxcXZBRWRZR1hnNzNuQQ?oc=5,The Well News,2026-08-28,positive
DC Metro,Family of man with Down syndrome who spent days trapped in Metro station sues transit agency - WTOP News,https://news.google.com/rss/articles/CBMi0gFBVV95cUxOalp5RmNGa20wbVcxNVpRbm5fcjF3ekd3N29DQVFTS0Q3RHBTWWhLeERYdWFiMWpRSlNNbUVoZEx0Q0RhdDhCWm95X08tdFBZaGg0UDdzbmFxMUt4d0t4OENndmdnREpxNzh3d191cktpemp2NVRCa2JKZjgyODNmOHZvWXZ5dGtOUlNpbHo0YXVPaEpEN3hiSWIwUWk5WEFiUHFic2VSRllUU3I4OVNFTlBuT1I5T0E4RjBJTWV0ZHYyM1dHa3ZBVmRvR3NyZVljZUE?oc=5,WTOP News,2026-08-28,negative
DC Metro,Flood watch issued for DC metro area - DC News Now,https://news.google.com/rss/articles/CBMie0FVX3lxTE5qb3E5QnZxdVVDc0F1T09laTFNMjVmN1ZKNVRMY2xaTmxwTGZPeUNPMXplbUZuVU0wQ3FfdUpGeGN5X2ZSVGh3Rl9OejdlSTJ6cEktdjNWWkFzdHFXcDFkbHlfTlBRMFhPcEJFUU9qMmhrclVQYVJUdWRfWdIBgAFBVV95cUxNVmlxUWxCUTNId0l0ZmxrLWRyNnhkalpBSWFFSURLWS1fZHZSS2NfSUxVWm5nTTBscU9QRS1DaHVDM2N4M01PODlabjJhNEhKSy1wSDljbnBNX1hiY05wWmdiajN1cWsxTjluQWx4MlRWOGJfRlMweU9vZWJYQ1RsZQ?oc=5,DC News Now,2026-08-28,neutral
DC Metro,"Metro set ridership records July Fourth, WMATA says - WTOP News",https://news.google.com/rss/articles/CBMinAFBVV95cUxNN1ZmcUVtaVgyeFdycEVHa19KMlVwVURnNnc1TjhYVmlOYmo4cTFZU2sxdi1DQzM1VGd1cy1HanZmS3RXMHpnU2FlRmlNRHpYa1gxUWJ0VUZLQTY3dzlqb1M4RVNGSXRxOUlhY3VHd05tS2R2TC16a2xSeTE4eXpMUGJlZ0lKQk0zM0N0OUtJMmllMXFoczk0VkU0TlM?oc=5,WTOP News,2026-08-28,neutral
DC Metro,BALTIMORE-DC METRO BUILDING TRADES COUNCIL - Fredericksburg.com,https://news.google.com/rss/articles/CBMiowFBVV95cUxNbGFORmxkTUxpOW54MFBVRnBESHdOY3p4ekpYRlBydHpFME1tRl9wcHFQcWItQV92SjhyVFFxd1BkYld4UW1BdERsczRqd1dxYmNxb3lOYnNnMjBPSHMtUUdqUUpKOTVmT3RON0RQOEdvT3FJc2dEcjJ3UEFiMW9NODN3elhOR3gzZER3cWJwM0JBemVUSzc5VHN0NDNkcXV4SExZ?oc=5,Fredericksburg.com,2026-08-28,neutral
DC Metro,DC Metro crime drops as fare evasion enforcement surges - FOX 5 DC,https://news.google.com/rss/articles/CBMiXkFVX3lxTFB5QWhFdHU5SWN2OGpVazJOeG1QVDhCQjRDbHQxc1JLcE5RX3B1NzVfemRYVnZZcXUwNXV5Sk50bzNsQkxkWl9lWm5qYlp1R0VvV0hKZGlDQm9MUmcySFHSAWNBVV95cUxNb3ZFb1dZb1BkeEltU3FjZXZNVW9OZ25CMWo1anhwQ0JHUGcxVGp0SlVKMmVTcW9reWhyYWdwWGk5RjZUMFZHTnFUSkRLejc2MVFId3V0ZGtIeUdVd0E0YUJlaDQ?oc=5,FOX 5 DC,2026-08-28,negative
DC Metro,DC Metro crime drops as fare evasion enforcement surges - FOX 5 DC,https://news.google.com/rss/articles/CBMidEFVX3lxTE85VFU4VUQwOVA5eVRCWmJEYk9Tck9rSFNocjV6UDdKSnhnRTZISno5OVV0RzllOWFoeHZXdEhJWG0zNFF4LWJQLTAxTzlyY3I5bVFmcW5TVGVMQmUwZUdxcV9XY3pRTWFFa09EdnJUZWdfVllN0gF6QVVfeXFMUHREVUx6Tk1Jd0pzOVFaNWVtSkpBUFV2ZV9TVDd0ZmZFczY2S255WHdnVVM1Tmx3WlUzY3I5TW84VldtMklxVXludWxjX0RUWnJ1YmM2LVJ0RmpXTzcxVjkyTXhlUDh3ZDhOWlBZRVc2a3pfa3ZJU2lLaFE?oc=5,FOX 5 DC,2026-08-28,negative
DC Metro,Using Metro to Get to AMCHP 2026 - AMCHP,https://news.google.com/rss/articles/CBMib0FVX3lxTE16NUxSeGJadmIzbFdCU3d3S0w4QUg4NWRwZ25FYkFhWDhGZjJIbDhFZFJ2djluQ3lodVJ4b2NtT3pNYktFMmlFZFJZMjlON2FHS3NKZkZWSC1rLW95am9vMy1taUJOLVZCWE5TLVR6aw?oc=5,AMCHP,2026-08-28,neutral
DC Metro,50 Years of DC’s Iconic Metro - Washingtonian,https://news.google.com/rss/articles/CBMic0FVX3lxTFBJZTdleXhOVUNuTlU4Vy00OGdRVW83NThLWHZDeG40Z25RZ1ByblFRaTRuNjJyaEhyRjZmOWtPVThKNGZ6dWNLeF9tb3RYby0zcUd6enh2YkRwQzhHRi1NRjU4U3p2UU16ZENKdG9WU2lKdXc?oc=5,Washingtonian,2026-08-28,neutral
DC Metro,Metro rider recounts encounter with Patriot Front members in D.C. - PBS,https://news.google.com/rss/articles/CBMinwFBVV95cUxOX2dDN2JfeHoyWDhlc1Z2VWxaWGtRcEJab2FibWRHNnZsb2hDME1YVVgtU18xQnJKelNYdmxFclhJTWpLY3oxVU1rcWk2b19VRHBnQWhWUHl6dzNRRXl0dzlldEZJV25ydUxWVUR4SkFVWEh1RUlTT0ZXWWhRU0JiZlZvT2xRWG1xdDZXZTZFSm5ucGRKNlJCcWE4aWZqelU?oc=5,PBS,2026-08-28,neutral
DC Metro,"Chart of the week: D.C. metro area population growth under 1 percent in 2025, lagging lower-cost peers - D.C. Policy Center",https://news.google.com/rss/articles/CBMirwFBVV95cUxPeUU1Wkd2TWZXTlBOZHhmMVlGYlliaGVzRnJrZGpzWjdTZFlCU2Fscm1URFo1eGE3eUxzY1E1Yk9NY3BwSG9qaU5ZYWVxZWxjTFpHbUgwWFBxeUtHclRCQmZZX3hpUTBONTNwaGNudm1kM0pxNVZUVk5pNUhmVk1KTWtfenpqazlJdjJTYnE1VXJoUUdNdnVaS0R3WVlvVHpKSzFJNU9mNnpqUTZBNkgw?oc=5,D.C. Policy Center,2026-08-28,neutral
DC Metro,DC Weather: August begins with unsettled weather - WJLA,https://news.google.com/rss/articles/CBMixgJBVV95cUxQdG1JRE0xQTN0X1JQby16V0l1NUg1cEtXZ2t2SWJJdWgySS12cWFBZnJCZ0FISXlncG95YmEtUFl6Z3lrb2pmcnNRWXRjTlFEMjhiV3VWbndxd3I0bmJVUzQzVG14bnlsZ3pBRDUtTlNjWUVZbXZHM0RvN0lYbXZFVkQ0eHk1TTVlWGE4WWtRdnRzSXVGa3hZV3h1TEpMQlQ1T1hBU3U0RW5yc3BfbkJ6cW5IWXpMdFVITHdtSjZSNFJkWEd1UkhPY3F6clktaTNGWjRkRGFLSThtdVNsWHZ2NnJJOWtrSlFWaVdmc0FYb3FDRi05dEozX1BfUlI1N2Jjd0VGVGhzNUdTcFI0OXNhU0NfVGV1Nm9tM29TeVg1TUpwLVAzM3F2a0hPX0VYcVlpTTV5VG0tVnc3X1ktWktmemVQd0pyZw?oc=5,WJLA,2026-08-28,negative
DC Metro,DC’s Metro Wants to Install Platform Doors and Run Fully Automated Trains - Washingtonian,https://news.google.com/rss/articles/CBMirwFBVV95cUxQRWhwZzVDeFZHRlhJYV8zclgtSGRLQWg5SDU3cG1aN1ZWdWIxcXpDWGRGQ0dTS0RuVnFOYktiMlFOc25oNHdyakZ5ODlOSzhUQkdxUko2Y0ZSV051TmNVSHI2YkU5a2F4OE00Ti13UWZ4QXJKS29LTVRURHB3R085MWkxY0FQaDhaUllEQ3N3bTh4NUhWd1hHbU9zOU5WMGRVYU1wdVBjT3dWajlSY3dj?oc=5,Washingtonian,2026-08-28,neutral
DC Metro,Skip The Drive: Free Bus Connects Annapolis To DC Metro - Patch,https://news.google.com/rss/articles/CBMijAFBVV95cUxPRTU3WlNVNGxONFBudTMzd3drc0JvMUtMVjZCUTRwbktTTHRyYzV3NVRrWktiR2FxT0F1dXRpaG5LUW1zdmJscUU2QVRZMXpraF9yRm1QV0RwOTBTRmZ1QW1tYjU3eUtycFVIMXEyVGJfdFVtQWo2ZU5IbjdLZ0taSXMxMVNkX3Z0Y2RBeQ?oc=5,Patch,2026-08-28,positive
DC Metro,Metro details Red Line upgrades and upcoming shutdowns - FOX 5 DC,https://news.google.com/rss/articles/CBMimAFBVV95cUxOVVRsSlNIWTZ1NTdpWHRVd05YRlZFMnpfaDhGbzdjWEdnTmpKSGpNTXAzd3AzMFVieTJrTk53Mlo3R3hxdkFvT1J0RTc3SF9kX2t3X21XX09pazg5cmNZaXRMTUd0YmVULThLendXNVoydjRvcnFJMXQzTC1MNExCNlU2RENITUVzWGE2akc1ckFMOGVMS2t0NNIBngFBVV95cUxOYnl3M3BFRXNmaVhuekxVUDhDZ0hnR084SDZ3TWxlcXQyRVdVYUNwSnRacmM3ZEYtaFVQZHlKWnZmWDRVd3NLaGUxNVN4Y1hBbjhjREg3cDhPREJ2eGJYSzA5NkQ2U25GV3BZWjlrRkQ2WUZvVThhV01CcXBiWHljQ1NZUm5QeldYR2FiY2V0WWlVanp5eTh4NjRLY0d6UQ?oc=5,FOX 5 DC,2026-08-28,neutral
DC Metro,"On March 27, 1976, the Metro rail system made its first trip in Washington, D.C. Over the next 50 years, it clocked more than 7 billion additional trips, according to the Washington Metropolitan Area Transit Authority. See photos from over the years: - facebook.com",https://news.google.com/rss/articles/CBMi3AFBVV95cUxPQml3MjE3TWpmQ0RPMmhRTzVLZi1qNzFmMUdYTDBIMnlwR1RLRnpLOUtOanlycGZFNERWS3BPa1U1UW5OMDFIVUJBQ1loUFlDR3NKTWdXNU82clJrNmRydTQ3REQxeTY3cnRRUnBCRGdhUTNBM3BfbUlOVHN0dU9SSlNUQUFlRzFlMF8wNHZUX1ZlbWNneXVIek11b1ZZdHRlLU04RzdSRjR3ZUxDdnN4VU5QWEU3VDFVaW5jeHR0bDJCcVBFRVJVekRRck55RGF1V3Mtc1hNV3Z4cm5o?oc=5,facebook.com,2026-08-28,neutral
DC Metro,"Metro announces upcoming service updates for bus, rail - DC News Now",https://news.google.com/rss/articles/CBMirwFBVV95cUxNcThWMjR5aVVhdW5xTGN1UGhKVnRyOGtiT0RmM0w4VDNFODJ3MldPTzVtNFNXQ0FBcTdMM0JSdnhtc1FVeTVNWVI4cDJ6MVVFcFRmOXd1LU9WUy1hQVZjZG1tUHdNaDJmNzFBQzZzdGVBMEZDUEZmdFJEa0pITFlQNzFjWUQ4NnRQWUpoRWV4aURiVkZxdDA1NXIzRWJDdFRIWHViV1UzLUxhc1otSFlr0gG0AUFVX3lxTFAwRWRabnI0WEVUUDk1T2pDVGNBLVBsUGpuY1FNT0hMTmI2Mm1oTmlNaGZfcUdIdGJjOWQ5bm5aS2ptbDRlTE0yV0ZjVEx0QVl4NXhIMzFWSkxTNlhTeS04Zkd3VW5OV19FNjlPSDRlTDRuM2wzdk5mMFpweVpxOWlIanNkNENjMk1oOW5CVkQtZ0VuZlJ1a2RWQVFkblhEMXUya1QwQllFNTlaSl8xeklCTVBjRw?oc=5,DC News Now,2026-08-28,neutral
DC Metro,Pardoned Jan. 6 rioter sentenced for DC Metro assault - FOX 5 DC,https://news.google.com/rss/articles/CBMiXkFVX3lxTE9RY2Z3amJDSVNUalI0VXI5ZGFuNTlrTUg2OVlzUFZNNVpxQTJHcVZleXJkVU5hVDR4OHFiM2UtR0VRTExkTlhxQ0JoQlhBZzc3NHpGVW1jY1NWT21CTHfSAWNBVV95cUxQaG45NURIV1l2QnJSMENfMDNPODJUM01POGVyaGNxRkZhc0h0Q1BINnhQV3N4QnY5Znh0QkxPeS1leFluTm5HNFRTNXBqWmZpVHJrZ0VmTUlablhxa1BvdHhsS28?oc=5,FOX 5 DC,2026-08-28,negative
DC Metro,Red line shutdown begins Monday between North Bethesda and Friendship Heights - FOX 5 DC,https://news.google.com/rss/articles/CBMiowFBVV95cUxNZVUtT29hdnBoNzU0ODRBbi1HS2drSm92clRqaXc3ZWlBTEZ2ZTVGUTlxNllrRW4ydThfM0lldW1zV0QwTWZpVTFuMDY5dTZhbXVBYkpMLU1ZQVowQy1JZnVFNUtlQkR0Y2xFcXlqdm1wbi1BV28zeVlMUnV2MmFDczZtenk0c3NhVVQ5LWtpcHR2RGZYV05QVFlvNUU2QzkxYmpB0gGoAUFVX3lxTFBrZ1F6NVdfOWxHd3IxaFl6TU4xOTI4VWczVUlkX21ic252d2I3Yk1mNXJncFM2NnJaOV9USnhjT0E0RFg4TU1kRk5VYUQycXM2Y2hYTGlpRHItZjdnUm13MG1aeGkxMmcwQ3NvZHRSOVdhWDJuNGxHOWo3NGktNFQ2QTRxYVFHSTJBR2FHMFFoQ2hUdXFBNVE0bWZWQ1VlM1VmczFCaldOOA?oc=5,FOX 5 DC,2026-08-28,positive
DC Metro,The DC metro area is getting its first en-route electric bus chargers - Electrek,https://news.google.com/rss/articles/CBMiowFBVV95cUxPT1hQc0RYTUxMREt2VmMyOUxDOGFKQ01xTXVMRlJkWFNVUGI5YzNRZ2RZR0QxZVRtS1RUZnNjeW1rdjJxQy1rZVpDSEd6Ui12V2VDMzRLMkllRUtvT3lPd3RUczFyVFhKam5ROHlTWGJ5QWthSjNWWEs4U1NIdUVWZ2pnNkdJU3JCbWhpTzZKRzhtbERvWURzcnZHOTl4NjNCb3dF?oc=5,Electrek,2026-08-28,neutral
DC Metro,"Metro, DC leaders lay out more details on transit at new Commanders stadium - WTOP News",https://news.google.com/rss/articles/CBMivwFBVV95cUxNYThPM0p1a1RpRGl3QjljZ2JpX19GcVRtdUg1NVpWS2xJd1ZHWkVPWWFKVXY2Q1J4ckpYRS1MRDN0eEI2aXBrdHNiTDVMNWVxNVpwVHNqaFVDaEJINEZsVjZScHgwNTlqeWJYNmlvSVNWX1NSNmpBa2lUbG5tVnQtQTJXRXQta1lkQlFzRzhBUzdhakw0ZTllNUpnRXpza0R3ZE53cFZidjI1NGF5NlFXVVdXQ3NKb2lFSzhhUmgybw?oc=5,WTOP News,2026-08-28,neutral
DC Metro,DC Metro Red Line closure is underway: What riders need to know before the two-month shutdown - Secret DC,https://news.google.com/rss/articles/CBMiW0FVX3lxTFBhbXhYS0x4NXVZaFlENUZrVnM4cUdxNmtFbEtscHZoUmpLQWZjeFJndDJKNmthVjdGNzVMbGdzUUVnaXhiTDllWE1ZQmZ2aUxtQk1ZdE0wamQxT2s?oc=5,Secret DC,2026-08-28,neutral
DC Metro,Metro releases renderings of new train platform doors - WUSA9,https://news.google.com/rss/articles/CBMi4AFBVV95cUxQVTgybV9jNm9jTlMxUnR3TXc3Y2VZT19fWEwyN09jYzdWcUo5ZkFxVk14MHBncVRoa0dFUk9sdFZqaHk2Z2dFZzRUMkFqTm1ld3RVblNfOVBaaHNqRWhpbENINngzSE56blpoeW05S1M1RWt0YktDMTU2MVRUMWJlWlM2Y0ZENmNmdTljVmwzM2FWdWltMmQyX2hiV3dmd3FLWjNxSjAtTzRsbzc5M0pGNTVDN0hVU0NtdFJhRlgxd1B3UkI4V2JmQ2R6b1RFdEhwSGlqNWV1NWQwUDJ1VThVdQ?oc=5,WUSA9,2026-08-28,neutral
DC Metro,Metro to change Friendship Heights shuttle boarding locations - DC News Now,https://news.google.com/rss/articles/CBMiugFBVV95cUxOWF9qdXI3Z01zTFpIclBOYlVyYzVndS1JSWNscjB0Mm8wOVhMUFd2Qmg2U2JjenJoYk9UVFZwUFU3bk9ybFM0cTlFS05FMDJKaGlPQmFhY01ldXdjT3g3S1dhUGhpV0s4SExyVUU5WUJXRl9oMDNTQTZzWTRoR0NSam4wVW1Xb3NlMHZZTm54WE00WXpLNkg3LVlvQ09iRll5VG4teFUxWEJDNFNLMGxwRWF6V1J4NlVsZnfSAb8BQVVfeXFMTXgwcEdsLTE0TGJkVTVYcXZfZFpNWnhySmxvMTgxakVyVHRXc0p2emN4QXA2TF9tQzR2OHdYbGxZWVNPdGVldlpGTlZqU19odE82M0oySy1kOHlNMmYzNWZjQl9yQ2hzLVZ0MUEzeFZYYVU3SmswclUzYW1WTFFGV0J3TWdFbkpraFJhcFJycjc4LTk3TEdTd0c0VjdCc0tFQmlSUVpMeFM5eXB5SnhpOUc4d2cxUlR4ZmtmUlRfcU0?oc=5,DC News Now,2026-08-28,positive
DC Metro,They Wore Masks on this 250th. She Didn't Need One. - Civil War Memory,https://news.google.com/rss/articles/CBMid0FVX3lxTE9nSHJhTWlVUzNUQjdwQzJjVVpTU1lXSmtiZU0yU3ZqcG8yakx1S0hfbUxNTm9XMkxBZEZRS1ZIVkp0VWY5eTM1dmdRWFhBc0VHdGdsMXhqVXRWNUFmRnRieVNBbnBTci1aSUFjSm1GZHhsWEFpb0Z3?oc=5,Civil War Memory,2026-08-28,negative
DC Metro,WMATA releases list of major disruptions to Metro lines in 2027 - WUSA9,https://news.google.com/rss/articles/CBMixwFBVV95cUxOUEdtemJkdlhkeU1vbTJkRm05VWdRZWpCZ1ZDTmZKamZDRTFFV09DZXRvNFVfbG13dXljeDRvWk43bVdSY0lPRE5CelE5ak40NzN4RmNxSXFqOEhqNkF0eXd5YTFhSnVvcFYtVml1Z0xtUExJZmlkbFk3UW1xOGtMNHJ0UUk3UWxaM0s3SEkwV3c4Y25ETGh1eGstSDJNUzRjWVVSbVg3WndScmc4U0xTUHduTzhZNEVpVkpUT2lIamRCbkNFNmxv?oc=5,WUSA9,2026-08-28,negative
DC Metro,"One family, four generations with DC Metro - FOX 5 DC",https://news.google.com/rss/articles/CBMib0FVX3lxTE1DVENWNWZYV3psSUFrWVMxQUUxMFVUdEhjZ2JPRXlUYmhOdGxQa2lUX19vbjYwZVRvaDBQUEl1bmVOeVNHVEltWFVDRTNVVDlzQ0dNamR6d1hrMGVfVTlFRUhxUVBGeTdHS2h6eC00a9IBdEFVX3lxTE9Kb21yczQwY1RTMmtySTRNUzFKTEVJOC1DNVoyNmVQcS1qVkxZRi1SR3hzVk1fQzFCN2k5eWtieWFTMW8wNFhlY215VDZCOFdhMXlXLWU2aU9aUlZsbXhsVG53bHczMWVPQVRlVTVfZFFHbkNB?oc=5,FOX 5 DC,2026-08-28,neutral
DC Metro,Red Line shutdown begins July 6 as commuters brace for major summer disruptions - FOX 5 DC,https://news.google.com/rss/articles/CBMiogFBVV95cUxOaHNnQk5ULXhWM1BVU0VrQUh5bU1pRmdQN2tRZUdSODFpc3lBUFZ5UmdRV24wbVBkZzFoRWlYcW15OV92S2diVWVYSWtkX1d5cDV6ZllzSlFFc0FTQ1BOU1ZIbjZ0V0xkYmlLc2JkRmc5UmhLTDN1em1kTWNLLVdxa0FYYkJjLUE0WDZuZDJ0TFJUU3Boc3lnUnlQWnNvZng1RFHSAacBQVVfeXFMUEZtWXh6VmtEWktUN29JSjVsN05lbnZNTXh4b0pzOVhjbTlLMHItSmFqWGIzbmQ3QTF2b3JoS3JzOTEtQnlsQmZrc2NCUUxiTEZydWhwVkZXbDJYNVk0aHMxZWhhN2tMcjkyVnhZSnJNQTh0V3oyTm1WemNCRzUtNTRXcVUzXzZNSTJWTkl4OU1kSG9YSkRNVXBheEJxR1AtV1JjdjVCLXc?oc=5,FOX 5 DC,2026-08-28,negative
DC Metro,Which country makes the best jollof rice? D.C. foodies put it to a blind test - NPR,https://news.google.com/rss/articles/CBMivAFBVV95cUxOSVpNdWlEOU1XNFhXZVdlQ042LTJxbEphTVRDcU5mUUhmNG5KamlDaHUxVXl1ODlPUzJRZDQ4cmpYWUVLamcwUU9BNkVjbmhLa2RSanhGSi1BZmJ0djd4b0Z6Y1ZXMXpZRVFMVklrak1ZbndGXzJKOGNBRUpyM1FONG94VUI5LUMxVG84M1pDOWRWeWtlX0hpa0hHZExHZmpFWHlYYmFmX09GTlpuTEZiSzBFZzMtRFZLQWt6Xw?oc=5,NPR,2026-08-28,positive
DC Metro,Metro tweaks strategy to manage Red Line crowds during shutdown - WTOP News,https://news.google.com/rss/articles/CBMirgFBVV95cUxQc3ItRU9QRDY1V3FTS2FnLVRhWGxmUjhrRWIwRk9RU0R6aHN4Q0oteTBfU1FaSDRtM3loZlAzR2ZaZ3pCbENSNnBMaXpxOUlFaWkyN2Nab2RPUHpQalRKUjZDRUUxRDFUaF9xbFdmSktvQVJ3a0FxWjRkOGJfSzdfTzZ3VzVLSDhaV0dYNWxxQ2dmTW5RM3Y4eEYyb2xiamJ3ekJUNkNTbWtjcUVmUVE?oc=5,WTOP News,2026-08-28,neutral
DC Metro,Metro says system is getting safer thanks to fare evasion enforcement - WTOP News,https://news.google.com/rss/articles/CBMitAFBVV95cUxNOTRUMkM3NU1FVy1zUzlMNUJieWY1LUQ2ZmQwcF9uWkdQWExHUGNMeEkwbTFhaXJhZnZfWk5WMUZiVzRrSlNEWnltVF9TTGhndndXLXBTY1ZNbndnYmZwUU91S0tjWjM0R2xwam9VNHV3anlaOVQ3dFJTeVdOY2YxLUNNUGVBNDl0eDVvRkV2WXNDeklwd1NFNEpPY1hGTmJWSVktQWVwbjVieElvUDVFam1zdGM?oc=5,WTOP News,2026-08-28,positive
DC Metro,Man in viral D.C. Metro photo says he was ‘terrified’ as masked white nationalists surrounded him - Advocate.com,https://news.google.com/rss/articles/CBMie0FVX3lxTFBZaUtuOXJpT3ZkUWJzS3FveGsxcHNBd05Nc21WMXlIb2h6Nmc5b2tOekxiWUlnUHpkeGxLblR5dkFUdnk0MHFOWWIxS2JiVW1vX2xxbGFjb3Npd3ZIZkxkTExFYy14X0lnaGlJQWhwNmZibVhZVFR5NURuYw?oc=5,Advocate.com,2026-08-28,neutral
DC Metro,DC Metro rider describes encounter as Patriot Front boarded his train - WTOP News,https://news.google.com/rss/articles/CBMimwFBVV95cUxNU3FNRlZYT0k2a2c1WGtiM0c3QUdzRmI3bXpsY0ZGZm94czg2WVVwVllrWHBMQUV5TFpCVVJDQWhZLURFcC1YRWhISDd1dkdxY2h5ZmlFSWNNOVVrZnE0MzFRQkE0UnpEc3lRaS14VUhsS1FwX21oWm1ETEV3R19LX1FRSU9RX2hkTlZyX0tvMUpTeHdJNUNlZnZhRQ?oc=5,WTOP News,2026-08-28,neutral
DC Metro,Georgetown To RFK On A New Gold Line? - UrbanTurf,https://news.google.com/rss/articles/CBMiiAFBVV95cUxPekcySmNBR001WHRQRmQ4TzhSX0hXbXY0S0Z5MHIyTFItX2dXUi1Jd2VJSzVtWkplcGNvVWtkN0w2endvTWk0dmV6RXZHaUZEeWdaM1R5Ni1QXzFqOWQ1TUktb05pSGt2dHd1d3Job212NlVNYzlmUWZhUFdRcVJPVzFLNG9CTVcz?oc=5,UrbanTurf,2026-08-28,neutral
MBTA,"The MBTA is implementing three new fare pilot programs in 2026, two of which begin on Sept. 1. Policies intend to make transit more affordable, easier to use and flexible for riders. - facebook.com",https://news.google.com/rss/articles/CBMi2wFBVV95cUxORmk4X3RmYno2R3lFczB1bkFoakwxTVF0S1V6eF9XLU1mNk5sMHc3aUVwMU1ocmR3amN5czlfOFY4OGNMT2NHRlg3QUxkTkc4UVd3d1pyMkpTWHJnajdPNVhzaDFjTy1IVzNLNWVzN0JIdzdaOHAzejRVQnVvdXVxY2J3Qlkza2dtcFhqVERsMkRBZHhkeHdFTE11d0p1SkI5TzhXUmpWNFlSRmpNLVk5cWNKRnZ2ejFocnN2SE1nM3M2a2ZfaFVxNklkOVI0S185WEtSbHVwRmNCZ1E?oc=5,facebook.com,2026-08-28,positive
MBTA,MBTA will soon begin testing 3 new fare rules - MassLive.com,https://news.google.com/rss/articles/CBMilAFBVV95cUxObWNMNGNxN19uRDFieWdhSmJQbkZ4YWlmUDN4VnpiUGZFRXVGNWYxVU1IOEpQcnZ4LWM3d0k1b2JCVDcydi1saWtfbWkzQVVIVUtBT3VPUmJBY29MMWNkZUJCckRRS01fZDNLR2ZmVEpPQVdjeHBobTFRQk5haTFkYnlZeHRObWtXcTlvaHJyTmtvWnVC0gGoAUFVX3lxTFBLTm9iRVNlWDdCb2E3a2d0ZW5NUkNCSTIwZ042dHBacEhyWWY3ZHpxMTZ4b2NhQmFOU1RrZzFLSWtiT2s0M0ltNVBWQVdmMjFhTEFjTnQwVl90LUt6ZzlyeG02a0M5bnJmN3VDUVI4eW5oa01HaG5fRnFSYUxQTFNnQWQzZEE5bTNjcTlYR3hUVkt3VmdPRVR0S1NrX2ViV2NOV1BnRHpvTQ?oc=5,MassLive.com,2026-08-28,neutral
MBTA,New MBTA pilot programs that aim to cut riders' costs begin Tuesday - WCVB,https://news.google.com/rss/articles/CBMimwFBVV95cUxQUjNLU1lTRG9JTmFmb1JLaHhrU1p6VFl2cFAwSXcydDVSLWlGa2U2bHNJRkk0SmUzNHFyZS1vS2NocnltZm1aLTdiUzMwQXlnOUx2WFpUYWI2aE5janNPd0xFSVNQSW1SQTRXcnhiNmtTdkV4QVNIUkRWdVpLcTdYUzEyelVHanZzaHFsTlRfNXZLcmxmZWdnWkJvZw?oc=5,WCVB,2026-08-28,negative
MBTA,"MBTA announces Orange, Green, Red line closures in September - Boston Herald",https://news.google.com/rss/articles/CBMioAFBVV95cUxOTHl6X05XV3VNRHQtWkxtTUlfTTFBd0pTejZOd3ZmQ2x5TXhXS0RtVVNQNUJMQzB0ZkNQX3N2TlVWa1FWU1NmTnowN3ptU2VqLVhpSVJibmpvSXFlWGoxRWlQa3R4cHRLUVhGZzJTLXBEbE5ha1pBbjFJS0ZzbWhLNFJyTllBejRTV1RJcExnbkFrRk4wMDIyTGx5dFFUa0NV?oc=5,Boston Herald,2026-08-28,neutral
MBTA,This $140 million MBTA project could be a big deal for commuter rail and Amtrak riders north of Boston - WBUR,https://news.google.com/rss/articles/CBMiqwFBVV95cUxPbnNTY2tGMzlDR0RXTGZuQWc4bllzbVJHbVU5cjJjdHB0dzhjYW1zMG51YVpSUFFOcFEySFdrQ3g2LTU0LXBsdDJoVXVWR09yenRaeXZiUjFWeEtsalpTV3VydjkyV2pNVmRMZG5aY2Z4MTdkTDNWSTNIWkZ1WkI0NTBkSTVqaWJiUWtEalNidks2NGt1X21mN3R4dXNhU3lSYTNPOUZJQldfem8?oc=5,WBUR,2026-08-28,neutral
MBTA,Somerville commuter warns pet owners about MBTA escalator injuries - NBC Boston,https://news.google.com/rss/articles/CBMitwFBVV95cUxPX1lVSlVEZE8yVm1wN2x3cno0dHhDdTJUSjU0SDdwM2ZYY3pVYl9UZDZnc0lJUEI3b2lHaHVXZ3NCZnZyb2lOZTNCRU9PX2kxTVU5ejctNzNYakI2Y1laWkVvek1RVTBqWWpzZTAtM1R0WFJmZFRUVWQtcW1keGtFY1JWN2J2ckc0T21KbnJ1aktxaG9zbmI0VU5nM2xwcU0tVkJxWUU2Z2hYaUluMVZxbTlMMWY3NmfSAb8BQVVfeXFMUHJqdGNlNlF2TFVqcHN1UzNYNHRab1A2WjZzZzhsQW9lbmZoYzRaTkhRSXM2WVlVbFRTMzVFSTNNYVE4QWR1TTd4R3FOOEMwSS01U0dXa2xOT2xpWmVselhMalJuVGRFazJCbHRGVXB2YVRqM0pHZjVjN20yN0hFaVRweWx0elNUbjZ3djlmRllkN1JwcmljTGRGdXJvWHRXQlZCdk5nZmlUSk5JUWE2YXdhUXByYVAtd011VjlON2c?oc=5,NBC Boston,2026-08-28,negative
MBTA,New MBTA pilot programs begin Tuesday. Here’s everything riders need to know - Yahoo,https://news.google.com/rss/articles/CBMikAFBVV95cUxNUC1zUWVRODVMeDVEa2xqeU1DWnhJZmFoZzhNNFY3alIxNFRueXlmNHU2Y09JVFdMeE1RVEdvYTlCbnlLQWxlNV9kM1VpMF95dV9ucG5iTVpSWFFfWXhuTHRsalM2blkwNWJReThacGpMWTQtUmt2SHJ0TUc5YW5yMDhqZ0xTRGdCWHNjbVpkdGs?oc=5,Yahoo,2026-08-28,neutral
MBTA,"South Coast Rail Line Shows Ridership Boost, Spurs Development in Southern Massachusetts - Boston's ROCK 92.9",https://news.google.com/rss/articles/CBMiwgFBVV95cUxOZS1hcWFqeFRVWXU3bDk2ZGFpOE5kdE9aWVlaQkIzRkNqcjRWOE81anpjUVZiRDhVUXBwQXJ4OVg2bkpZZVAwa1R3LWdNVGFQUFBwZGFfay1oSDUxZW95Z1FCRXptQm45LVdNRXpZMHFnVXNQQXVHVTJKZkdJY0cyc0JmdDJCMXdaY05VbjZWTUtwcmEzNU1KZHM4UTRGdXlTaHNjam1UU3J3all4LVhhc1YwZjJNMU1WSjhSa1hfZXZ3QQ?oc=5,Boston's ROCK 92.9,2026-08-28,positive
MBTA,An MBTA shuttle bus was supposed to go to North Station. Instead it went 10 miles north of Boston. - CBS News,https://news.google.com/rss/articles/CBMijAFBVV95cUxOQ3VGUXF4UElHSmMxWnVlYS15TUxBS1ljazlwZVM3cFVDZXBaYWd2RGJMbnp2UlpYWmZ2czVGYW5UX29hc09FR2pKUnVRZ3B4aW94cnJKTFNUS1RoYlo3dy1oSGJ1RjFUeFUwdEFQNThVcHhRVG1OR0Z3LW5sYWFCUG41d1dVNkIwNVRvZQ?oc=5,CBS News,2026-08-28,neutral
MBTA,MBTA shuttle bus bound for North Station accidentally ends up in Stoneham - Boston.com,https://news.google.com/rss/articles/CBMiwgFBVV95cUxQejQ4WkpycXRuUVJxY3l0V2Vvd21PNElaODJYb0d4YzFla1l4dURodXYtYVpDS25xNDNheVhUTFlDOGgxODJVc19HSlNXUmkxTk5xWnF1MnZOUTJTOV9tc0h2RlZIcTZQZ0dmTmNrUHlVRUhfUGFyVjRRTUkxVXF3MlpWbkRJbWdBTERSdUxGeTB2eW9xVVFCeDB2NUxJRk1wdndiSkFSLXlpQjJyTEtXdG80SWFOeS1UM2hYeUFKRkNGUQ?oc=5,Boston.com,2026-08-28,negative
MBTA,The MBTA is catching up on years of maintenance with prolonged shutdowns. Riders are feeling the disruption. - The Boston Globe,https://news.google.com/rss/articles/CBMilAFBVV95cUxNSzFGbWZORlJ0dXFONm1sNDlHQ3UtSnNuWFZjc0JmRkM5ZW9zNjlKTllwcGtadE0ta1J1WUcyTjBOczZhLWFtUnpLZzdSQlE1cEZ3VlU4RjkzWXVneGliRGcxSERoV2dqblk2RHY3RThheWRGRC02TklYc1JFSGpjTHJjMnM2RVlZUDU0dnRoQW4tRWxR?oc=5,The Boston Globe,2026-08-28,negative
MBTA,Mayor Wu and MBTA Announce Compromises and Another Round of Meetings for Blue Hill Ave. Project - Streetsblog Massachusetts,https://news.google.com/rss/articles/CBMizwFBVV95cUxPWkNHYXJfSmo3ajZfaWU3S1Q5TGNUMUVVSXd6NThnUGFUU2R5NWtGMXVEODViNkRGdEdhclJWeTJDVGZnZDR2QUhQZnpEdGkyS1Z2UVhrX2xhSTVYN2dieThWN0tCN1lrMXJGZXV2ZGxRSklZSTNfU01XSWhYeXRuRktTQUpFM012MG8yUm1CZzhCejkzWDhudXlONWNGQjctSTVKQTItdHdSLXc0bFo4b3lOdURJTFRpdTZ5RVpGeW13dlVEanAtSnh2V1FNOGc?oc=5,Streetsblog Massachusetts,2026-08-28,neutral
MBTA,Inside the Orange Line's 11-day shutdown: new tracks and hopes for 55 mph travel - WBUR,https://news.google.com/rss/articles/CBMigAFBVV95cUxPQWRmakloOHVPLVNhNWlxQkdGUWN0ZEc2X01JVmZoTTJMeFl1U3gwcV9oUjgwTk4tR041SXNIbld3NU9wbmF4M1lHSEF0U3Z0RTh0U0RHWGhzRjJUTmNDcTVPcDVmZENWX3gxeHVvM2JqV3ZjUTBCX21Ta3B2VE8zYQ?oc=5,WBUR,2026-08-28,positive
MBTA,Police search for suspect accused of sexually assaulting 17-year-old on MBTA train - WCVB,https://news.google.com/rss/articles/CBMijAFBVV95cUxQRGEyUGxGaGJra0VaODJwajZCem93bTI2RE40Nm5GYVhERU1la2NkSmZRcU55UmJHenVuVk9JUVBBVE5UZkttZDRPbnpqZXJWSkV6Y1BFNjNQM1d0LXRxNHNmT0w4Rk9TaVNrVkg4eWlwRkFrREFIYlA5OENrMlhwU1M5TFEtSHVBUnJIdQ?oc=5,WCVB,2026-08-28,negative
MBTA,Man speaks out after his dog is injured on MBTA escalator - NBC Boston,https://news.google.com/rss/articles/CBMitwFBVV95cUxNVElWV2pxb1FnUlJqcHhXeDFHRy15bjdQekc5M3VCYXFlTS1TQ3ViaHQwVG94RFJQRDAzdkMyMnk4dk9wN1Z2SHNENVFEVmRBOEtvRDEzMi1jdm9RcG5kTnVNdWs4QkRaOVAwTktzODVaY0dnYmE2MFYtdUVvdGNja2FsZTdyOHBIdHJ6OXhpanVVc0tEcDhuVDlhZVVWaENwbFkyeEZFZmNhd21xeHpVRWp1Zm9kU3PSAb8BQVVfeXFMTlpNQXA0TGFOM1RSR25HTnRNR0dJejZ0ZUx3RDlocVBQUk8xblJuWE4zUFI4a0JKS3VNR2NmcDR2a1Q3YmpiNmZrVzNRdUxpQXJuMHVseTFmaVo0TEQzZmRMa0ZwQ3AzWktySEVpQkE4Tmh1Q1M1QmNZUk1LclE4QmNyLWZ2aVVHZGUtc1F2ZGFlcHdjSVhUQ2lHN0YzRGoxb04zTktESHJTM1NsSWVXTGpkYmdZRTNqd1NybDZ0RVk?oc=5,NBC Boston,2026-08-28,negative
MBTA,Lucas: Eng’s half-million dollar mistake - Boston Herald,https://news.google.com/rss/articles/CBMihgFBVV95cUxPbF9ZVDI4dFYtOU0tdV9ETURJNGc4R245NmF3MGY4TFNub2F3MGEwLVBFZXIwTDVmVlZVbk1NTEZwak16RVhzWmJNemVfdlNlYVJBT01vRmQxUGFyVU9IcFc4U0hEVng0ajJKbk42NnZlX25MZ1dNMno5X2tPdXJWUWktMXpuZw?oc=5,Boston Herald,2026-08-28,negative
MBTA,"MBTA worker whose hair GM Eng pulled gets $495,000 in settlement - WBUR",https://news.google.com/rss/articles/CBMieEFVX3lxTFBNTGpIWjYtdEFtNTBZYXkybkwtY20yQ2JDZDZjT2M3dDk4MDdFN1psM2xqMGQ5THJjMGxrYlBnQXowdE9RODItbkZ3dkIwS2czeHRmeXZ0ek5RR3VfOTRvaWloNmczNFcydDFCYjVoTm8zNjQwVlBnZQ?oc=5,WBUR,2026-08-28,neutral
MBTA,‘Unacceptable': MBTA Orange Line shuttle bus took riders miles in wrong direction - NBC Boston,https://news.google.com/rss/articles/CBMif0FVX3lxTE9ubGFVMVV5ZVVFV0R0UFVPNFE0blhXd2FmZlhtQ25IQlZMa0dqTWtEV25jY29LQnVjTlVFTUZ6MzV4RGxqUTVKZmhlTm16VTFOYy1IR0FUQ0ljV0tsSDNfN2hIMWl6WV9OSk9DUjljOG5rTDZRQ2FkYl8zYl9tNTTSAYcBQVVfeXFMUG14ZGl6QXkwS3hFUTJPTDNGdV9CQ19MTGdyTFo5NkJTMmlLYmw1b2hNT0RHY3JDZ241dkdSS0NQSlAzVFFCdDEyOThIbWhSZ3FWN0dlZzRrdlpsNl9pbnpPcXhUOFV2WWM5Q3JfWGUtLXdXU0FpZGZJZy1ZdG5BdnRTTXQxV0xB?oc=5,NBC Boston,2026-08-28,negative
MBTA,Most of the Orange Line is shutting down for 11 days. Here's what to know - WBUR,https://news.google.com/rss/articles/CBMicEFVX3lxTE1neGlIZ1N3eVk2eS02bk51SmphTVp5Rk9uSWlUeU9GdHUzeU13djZfcDhmMHJLaGhmSFpScEJjeS1FWW16ODFOdFVLMVhJSDZUcVN1dXJEVWVyTkRQMlk4RmtoYjkyOUVER0laTzMwSmQ?oc=5,WBUR,2026-08-28,neutral
MBTA,Another big MBTA closure is coming up. Why are there so many this month? - WBUR,https://news.google.com/rss/articles/CBMiggFBVV95cUxOYTFFMjBuN1g4TVl5Rk1Vb28xNlA5X2o5My1VTUpEUzJwNy03ODl1NDFUSExuUWxvZC14dHVFNGVydzI4ZlE0cTkwc3hqTkxwczF1NElVRWxGY1lrejZCYXZnMVpENzNjRjdzRC1DUEdiejFoSUpQTEdWdnM1bGVSS05n?oc=5,WBUR,2026-08-28,neutral
MBTA,MBTA Commuter Rail delays reported due to downed wire near Back Bay - NBC Boston,https://news.google.com/rss/articles/CBMirAFBVV95cUxPSFRWdldBdmlrVnF4bU52M242U01NR3FSLTlPYW5WMDcwVFJyV1VhR0s3OS1DVjRRSmVPdkN0TnlwdGY5ZUJBN0RhVVNMak96Z1h1Sm9PRnhkaHlkSk52MUdNaEFWdmFKamw2S3d6OGdGYnlzVFBoblNLcWQ1amNaSF9iVTJnTjVBOGJfNmJVTVkzSEFncnhBVjJwWGttNmdXdHB2Q2FORUhxT0df0gG0AUFVX3lxTE9LdGZwS25FREdBSWpPaVFwdXZwdHRpWHNNREJMbUxCQUs0OHl2OGx4eWVtY1BSa05fNl9hZ3V3UE93UWt0OFFibmQyZTYxc3dnaWFqT0xydUdobGJjRWluYUxpa2I4MEtNNFBNb2pzcFVsTktPMm5xRHVzU2xkZXNHaUhTLVpIbXhDNTJ3b2wzNkFZdHQ0WUtoVUstSHhISlo0VlJ6UWppNkNyRDNJeUZ3Z0hsOQ?oc=5,NBC Boston,2026-08-28,neutral
MBTA,Parts of MBTA's Green Line suspended for 9 days. Here's what you need to know - WCVB,https://news.google.com/rss/articles/CBMiowFBVV95cUxNRVBpVEpRQkY0U05yUndJVXVsYTBYUzlxdVZ3bHlRTHFGaDVaVTlwQzFxOFM0RjV5aUhDTkVKaGNNOVR4RjdfVmRxMjJib3NiYy1ucWtfMHRxNzVoTEdqTUExS0ZJRHMyV1JaSzR3ZUJScDV4Qk9pbE5BMHQzVVYxSzZaY0pOMlVDUnB1UDJscDRLdmZOd1FXQ1g5TUc5ekxhTFpV?oc=5,WCVB,2026-08-28,negative
MBTA,"1 hurt in car crash with MBTA train in Concord, officials say - NBC Boston",https://news.google.com/rss/articles/CBMigAFBVV95cUxPa1JQR3VuWDJYdGE5UXdHd0w0N2JFaTB2S3NBbXBwdjE0UmdRaTE3dUNBTDFUVWp5U0F1OTZmd0xyc1hIRk1QM3dqUTlqcTQ0Q0VXNmZuTUROZ0lUb3R5aU1qd0tIQmRlLTZOeXc5bTN1Snd2azlGNHFNUnZyVUxWeNIBiAFBVV95cUxQQWhXQ2RxUFZqVUZlNzRSUmFoeWhGOXQ5aFk2amZGMGllX2pEYm15OUdFZmtGLVVBSXBPX3ZpQWpPVnhqWUdwSjY4dzRlUHl1WDd5OU1uX3o3alNpeExFUUVjUFR0T2ZySTA4WWFOakhIaHZQSVFRZ3ZNY2pXQ0swOGVjVDFKaWdC?oc=5,NBC Boston,2026-08-28,negative
MBTA,MBTA pays $500K settlement to employee in Phil Eng hair-pulling incident - Boston.com,https://news.google.com/rss/articles/CBMivwFBVV95cUxOalFSeFdCSVZkT2M3RzhaLS1JbTl6cXlTYkRMTlRyRGhrVS1yOXhwYjZzVG9lMTRQZng2dndNMkZBZFJoNVl6bTlVX0tSQU5nWmJaWU5EQWxaOVR1YzVGeWhjQzg2LUIyaUF3ZzhyQV8tUldNSUlaZV9EVkdRTjJWZEYzU2ZlRGRyUHpiZXhMYXNnd1FzWGxManEtOVZRYkxXejRLVnAtZ2NpeW9LSjNEUmRSVlEzRUZlUGJ3dkZQOA?oc=5,Boston.com,2026-08-28,neutral
MBTA,"Phil Eng's Professional Derailment Costs the T An Experienced Leader, Plus a $495K Settlement - Streetsblog Massachusetts",https://news.google.com/rss/articles/CBMiygFBVV95cUxQZ2tQbG8xRmVrV3F4TjZmMVNfRmZUZWkzakQ2T09fdTF2dFM3N0Vpc2ZYSEZKX3hGZjY3Q0lmd0ZDanQ2TUNGRjItdkFSeWNlOWk0QU9MVDM4OWFLeWR1M2EzWXlRQkphUVpwWmJDQ21UZGhwSnQzXzlEaTd5Q1JEN1UyN2JDYWVLNjRsYkt2b3IzR3Q4b0hOdHNWM0tUOWhNNWduMV85c1NNV2hfV25WcjFxRnJjNUlIeHV4d3Z6NkRtQ2JwbGpSZWxB?oc=5,Streetsblog Massachusetts,2026-08-28,neutral
MBTA,"Editorial: Keep pushing commuters out of cars, onto the T - The Business Journals",https://news.google.com/rss/articles/CBMilAFBVV95cUxQcUJjOWxZRkhLWWFWakpnZjNIZDg0WU1WdDdYdWFjMHRidFlabktmZXZLWDZLMm5lUkhuNmVySDVEbi1oSVpRaWRIUGE1NnNmUVhuaDd1a00zajV0cjd0WXRGVXRpbEpCRFZTLVY0TV9DcmRvZ2JwXzBmLVdKSVEyOGVRazMtUnVXdXhuN2lNYXYxRFJv?oc=5,The Business Journals,2026-08-28,neutral
MBTA,Woman sought in alleged MBTA bus assault - Boston.com,https://news.google.com/rss/articles/CBMijwFBVV95cUxPd3N2YjY5T0lSMzc3b2hHbXFDSEdEQnNuMDZDazQ3NFV0bkhhMjIxYXMtLTBnQTQ0M2lrWXBITkRUa2h0QjM2TlYzMGRqVU5ZWDdPQ2gwU280UEZUSlkydm9DNElmLXN0TWlNMkdKZW1kejZGcjB3MTFETkowbnR0REV1enhHQ0VFSlNuT19rOA?oc=5,Boston.com,2026-08-28,negative
MBTA,Most of Orange Line to shut down for 11 days amid track problems on the MBTA - CBS News,https://news.google.com/rss/articles/CBMicEFVX3lxTE1PSEUxc2ZUVndDV3piZWc0X19ZblpqWlU0ZHcyRG9HYm1tT19pY0Y3VElBUnRQODloN2xJckdCTFdjc3hnWTdWbmIzOEh3WkpUd0tsZ2tDT2JOajM3bTBRazBRcDNqS1FVUEJja1U5QmQ?oc=5,CBS News,2026-08-28,negative
MBTA,Track issue forces temporary closure of MBTA Orange Line through Downtown Boston - MassLive.com,https://news.google.com/rss/articles/CBMiwwFBVV95cUxOTkh2RjkyeU9BbTc4MHNfLU1HT3Z5b1FXQzd4eTdRbVZjNUFObUZkaFk1RVk3ZGdwUDVfSG9mMjF0U18zdGNCN1NUYjh5b3BNN0EtNlc2VGFQWFYtdFZzVjlWN295bk5oYkEzMWVOVlRhdVF0RzRVOFlua3h0LXBKSnl1eTlXQV9YRzh0bjNDdFpFTzZsaEdwTEt1MW1WaURHWmhNUk1ySVNzYjhsbzQ1WlpNSHEtcjl0TXV2dEFLakYtd1nSAdcBQVVfeXFMTklfajdkTTZ5VHNnQ0FXcGczSm5tZzViU09kODB5UGpIWVYzSGpoQzZEa1c3akJ5ZG5YaElDQVE4azdLUTZacnp5NlMxdUt2eWJGdEU0ZXdKNC1qYjVkRmxwWkRHb2c5YlBQQmdmd0pwQXdpZjRmWW5IdE9WUUJ4U05mbGM3Q2JFLVpHUVhIRE9Fd2gyMWNaUTVtMlJuUmRabk5yaGFOUndZQUpuVmtYaHZlaUR3STlUcU5FaXNBMzdVMWJ3ZktrVC13SjNEZVJLTWVITVFMYlk?oc=5,MassLive.com,2026-08-28,neutral
MBTA,Jeanne Paquin Appointed to Hull Planning Board Vacancy in Joint Session - South Shore News,https://news.google.com/rss/articles/CBMiekFVX3lxTE00T1QwZFVpdnpWVVJwaVdTa1Vab2kxdjQzcVZrdHR6NTFDZ3ozS2c4T3JJQVl4cWlhUzBNNHh5WlYxNURQZUFhWkJRal9kelp6UXBNdjZRMGhTSkU5X2NMdldsTTdVenFfdmxmNnd2bW1NMVJpMldjR05n?oc=5,South Shore News,2026-08-28,neutral
MBTA,MBTA Wins $140 Million to Run More Trains to Lawrence and Haverhill - Streetsblog Massachusetts,https://news.google.com/rss/articles/CBMiqgFBVV95cUxPVm1FbXM4bUdnak5FOThkN0lsTnRBSTdweXo4a3Z3X28ySTJpTnpjSDRpSi1JVHdYTUxlbXhYTEN6c0t1S0dnZzhDajNBcDhrY2twTXFLSlRIVU9iaUlUcVJYY1hCSzkzZFlGSk9XZElFd2lpaGd6ck5qczJMOXBlWDVTd2YyWWkwVzFETHliUW9NT2lhR3dQdzNoeDdUR0JEWlctVlBnOVMzZw?oc=5,Streetsblog Massachusetts,2026-08-28,positive
MBTA,"MBTA’s $2.4 Million Fare Enforcement Team Issued 117 Warnings, Zero Fines During Its First 11 Months - Streetsblog Massachusetts",https://news.google.com/rss/articles/CBMi0wFBVV95cUxQaXFGRnJNd3V4N1JneW5JWFNueWx6d0M3X1Rja3lHeDlFS1o5NHV5TGwzV0RheDI1TzdacGJhYzNacTlEQlBKbVU2VFFTc0c5VTBOYnZHUk9BQ0V3VWtVaFkwSmlWd3ZoS1J4RHloc1I5NDAySDRGanFsTi12clBmX2p6ajdtMkRCcVFCVFYzbFQxS0xWcFRCOE1XdGtNQUFoUERSWlltNnNPN3Q2LU9YMjVIUk5hdU5wallBQUx6Z2VjdkRIdWJDSENJczdiLTl2Uldn?oc=5,Streetsblog Massachusetts,2026-08-28,negative
MBTA,MBTA reaches $500K settlement with employee who says GM pulled her hair - NBC Boston,https://news.google.com/rss/articles/CBMitwFBVV95cUxNdU9yTXJNVDZPcFctVVY2bFFnWjBFM21zdkJCbGtSS1VyaEhLbjdtY0ZHNk5Qc181RVFwY1E2VnlZNERsRC1xeWVNdkJrbll1RTlzRkgxVTZwcW11NV8tWG5wLTIzeVNOdXVGT1I0dGhNQ3I1TWUzWlNPZ2FZRmNXdE84OFdLT3UyMmhVM1VhU0otaHROSWlQeFNrZlJtUWJVRHh1ZHhIc2VmQVQybkh6WmVra3BTSEXSAb8BQVVfeXFMTlMwdTcyQW1OeFBTZW8wcEtxQi1lMDFnRkNCRDRTOEE1WGdOdGQxcXdwNk5UOTczaXU5WHkxMWJqUzdqbi12ZmJaVjc2czNmajdaSWRPUlpYbGQwZ0laNnU2bVRzYzZVVnZ5cVBMbFRqM2YxS3FlVEN5cFpfMGhaRWRGNlBZVi01TGdiWndVUDkwTWZIbDlmTjNFRWlQSmtjRTdzOHIzbjRESGlJdDU1cTBxZkhoRWxteUJHaUYtZ1U?oc=5,NBC Boston,2026-08-28,neutral
MBTA,One hospitalized after MBTA Commuter Rail train collides with car in Concord - Boston 25 News,https://news.google.com/rss/articles/CBMi2AFBVV95cUxOMnVLR2JuZDNhZ3ZxaUxCWURyREtsSG9YS3BUYzZicnRwNUVMNjFVY0NXOV9CcGxhYkt3VVAxOUs4bGpRcG0zRDRRYklPTUN0eGx1MVlNcjRZMkFFTVIxZkNfMV9OSFo1c05kMm9hNEtrdnBrUTY5Q1pTWlJpN1VxUHJXZ1o1akFrWGpYQnpySVhCWE5zbEVLYnVxNm5Ibk9QVzhqU3VVN0xzTFZBLUR5bDZPbzhtQVhDMkRSaTFEQk5VMzA5YXA4czRPc0Fha01URC1xZTZuU0zSAewBQVVfeXFMTngzeUNzRnJ6Z1NiTmtnbllSUDl6elNXZFV4U2JrR0hQNHFDS2g0U0t4UHduTWQ0V2VNMWhZZ01FYS0yWVVQQzN0TmZ6LWhNUVIwNFJzbEFMTWFMVDFSd05XTWxEaUw3Yl91OTd1dFRsSlIwUXpydjFHQmQtZm5wOEJ0NmlrMEU3YXZSeHFRQ09FSHlkMDlyQjBlRjBBWVBWNEtoZU9TMzhTSkFtSkZfX2xHU3RzeVpvNzBBRTRqSS1NaExSeW9ET2dfY0Z1U3pOcVI1ek9XRUZMVUZ6dzZjRW42MGh6SEZrcU44WE4?oc=5,Boston 25 News,2026-08-28,negative
MBTA,"MBTA reaches $495,000 settlement with employee who says Eng pulled her hair - WCVB",https://news.google.com/rss/articles/CBMigwFBVV95cUxPN2VTNVdBR3NSZEJKZEEwNTZibzFUWkllUlRua2VxRDZGRFZxVjNsSU9yaVZlX0RjcXNWdmRHa0hBSjc1LS1nVUUtSXRHMFRCYVJPeUFSYWpJMDNTV2VuRVJlbWh3MTBqMEJfNnBFSGRnRWljbmhqODhGb0lFTTNKbUxzTQ?oc=5,WCVB,2026-08-28,neutral
MBTA,Green Line shutdown forces commuters onto shuttle buses as MBTA begins major infrastructure work - Boston 25 News,https://news.google.com/rss/articles/CBMi8wFBVV95cUxOZ0xyb09UN09sWnNxNVhNMmVxR1JHNERsdlBmY1h3ZGNSS3puNDk3RllQak8wWXAwN1lnaWF4RG1XVzBWMTEtUHNxcXU0SmxscjRqR1RyT2E4Y09DZ3lvbXRFSDRCTmg4Z0l5X2RUQzJhYTRhSUJMRzVwQnpPMk00LXIySy1ITkZoVl9pTTFVclVlVVVBRTk2ZTVPV2tZUXJWdmRreHpyaXhxNTB0UTJWbVNCb3Jua2NlQ0E0LWZaQWhoRnRvTnlKRi00YjY4TEk3bk9QaDA5c0IyWFlRV0dXYUhtam1tR1k2TnRDeGtNUXNibjTSAYcCQVVfeXFMTlFIcS1lNGZFMnd5OWIyTUdLM1lDYlNxY2xQWUQ2Y1o0UU5vQlhHR1BQd25hcFRuOEI5X1BxMUdSVXJrcGZVd2lPQ0xySzFCVDhQSl84bUdKYUNNTUFhQ2FrdWpoY3ozN0ZCY0VSZTRzWGFxWmNnTXQteDh4NXlDVHJnLUdRS1pINUZfMkRCR0xiaFZYRkpfQTlGXzVvQ25GNUo5R0xaSXAwTGFreVRJNW1tQlVTVnNpcUgyS0JuLUdqX3Bacll0eS1tNkRzVnJhdlA4SlZ2RzFYOUdJQmIxNnA2Vm85WFNPMmJiNWtvNmkwdUtCSFBNRlExbFgxSTNoTFIyUDJtYlE?oc=5,Boston 25 News,2026-08-28,neutral
MBTA,"Mass. announces upcoming subway, commuter rail closures - UnionLeader.com",https://news.google.com/rss/articles/CBMi5gFBVV95cUxOOHRPZUxKVVBMaGt4a1hNZXZ1a1RGWjhfMXJDeURTMGFuTmFucG5LMjhreGdvRjB4cmotSDFnUy1TZ3JKcV9iUlZ4Q0J1LW1iaTRpVGN3VlFsSnF5UG95cTFJSjhQZlJnZFJKZWtpN0Q4VGpoMlB3UHhXVzQ5UE1JX3luV0FXRXN6M2FWNGNYWGpOLTBlNzAzdEdiV09hcEhKRG82U25RMExWTmxRcmxkMEl4WWJPUHRQdFBqc2JwR0RLVHc5WUlMYXhJYXNaNE5VNDdWSzc2MjBzVUtyVmxETm1yMHp4dw?oc=5,UnionLeader.com,2026-08-28,neutral
MBTA,"MBTA apologizes for continued Red Line problems after shutdown, explains what may be happening - CBS News",https://news.google.com/rss/articles/CBMigAFBVV95cUxNclBIMUhocFpvWDAwdkN0NktOQm90MW5ULTJxMW5rbzVOM2xkWDNFbXBpMmhEZDZENGwxNmE3eXBMNl9UVDhkMHFDdUhSSlBhaC1UckxkT0RrNkpFT18wUzhCQ0UtOFlzLVpDLXJ4NS0yWVZwN2dZMVEwRm90QThJTA?oc=5,CBS News,2026-08-28,negative
MBTA,‘Future-proof’ or ‘a strategic mistake’? Inside the MBTA’s effort to electrify its commuter rail system - CommonWealth Beacon,https://news.google.com/rss/articles/CBMi3AFBVV95cUxOUTNnSWFwaHhWeWptS1BaU2FsbWNPdVMwbDJzSVBpOHNTelYtR1B1OTEwZWlyYjVEeW12cFIzUjVUOUdNdmtIc3lkZUxyRjJGTHFxRXdBT3NnSDg3cWNoOFljeVJiREw5TGdvR2ZfQ2lnaE1BM0l1YjRtTklLYl9Ja0dpeWtUcFdBOWxaaFY2MGhScTR6MEYzcUhNelFna3MwMnh2VWRrUG5KQ0M3SHYyTXliTlpWYmNJQTdBaGFVVVgydVNNRXJnWnB5eExZRHg1RUQ5dkRKY1UyRXBp?oc=5,CommonWealth Beacon,2026-08-28,neutral
MBTA,"MBTA to pay nearly $500,000 to chief communications official whose hair GM Phil Eng pulled in ‘insensitive’ incident - The Boston Globe",https://news.google.com/rss/articles/CBMipgFBVV95cUxOa2hvSVN4b2dYQy0xQlJxUC1xSFFlam9oNnBLay03bmVqNW90NDFtRlptaEJFTEtEaU1UVm5saEczcFFkRlJndE9fd3FIcFhvWEUzOHNwS1VXal81WTV5OHRQTjRVNWJLSTZhWi16ZHZkQkNwckdNUnZrWnNwcnJXd1FGSWltRzBoZmw0MlJEd2RVU2FJTEdzb3hLNF9saVNYejZ4amdB?oc=5,The Boston Globe,2026-08-28,negative
MBTA,Part of Orange Line shut down for next 11 days. Here's what to know - NBC Boston,https://news.google.com/rss/articles/CBMioAFBVV95cUxPbU42N1Z1OHZNcEJrTDB0dGQzWFV2U1ExSG10bjBsNDdOc3lrNXZ5TjFDQmNoQjZMRlRybTZjZ0JMbkRTN3A0UWxEQzhhaEhIOGN1ckNZbnlFN3VaYTJUcnR2eXN2NXlLNVFwQnR4bEZscDNmVDFySHlDeEJ2R2duZm0wc3p0OUYwd040SlJzRlRNMmlkejFONHNuMUNXR3Vf0gGoAUFVX3lxTE5ZWlhSUVI3WTB3Sm02c1hYc2k4ZEVUS1BJM296TlEyMTdyd2JrTnc2eFJIYVNOUzh2Ti0xX2dSRU9vR0EzZVk2b2hMenFaWk1PMjRQaDJqdl9fWXJPZ1Rjd1VtalQ5VUIwRWRVMjJLZjFjYmdEZGYxeE11UVlFZlBldWctVXhjVDhXTVYza1M4QVBJbmxJaHJfaVJQSUpUbmQwVy1lSEVyNQ?oc=5,NBC Boston,2026-08-28,neutral
MBTA,MBTA police release video of pit bull owner who allegedly fled after dog bit passenger - Boston.com,https://news.google.com/rss/articles/CBMi0wFBVV95cUxNZTZ0clZ6ZHpHYWtWc1U5MEtRa2N2emppbVFMYXZXRmE1VlA0TEhtUkdWMUhUYS1FMHA0cGpmdWUxSnEwMURoNU95anZfREczenRxNVRrenlJRGZBWVZPc0ZCTG81NHZJQmVWQWxUZjViR0F4bDFXMXItME1ubVFMa3p6TDRuQkM0NGFNY1BnQUlzSDVfeDJBZ1ptQldHVVkyQ2R0RnhrbTJOU3h4WFd5aGpHRG03TlAwVGUwdlBscDBXSU1QTHFqVzhfYmU5NTRhLWpB?oc=5,Boston.com,2026-08-28,neutral
MBTA,Significant portion of MBTA Green Line shuts down for 9 days - CBS News,https://news.google.com/rss/articles/CBMid0FVX3lxTE9WUTR1RENZOGdFOUJiNWNXMjFQYllqdUhfZlpacmMtcTByVGtXWGZPNGFqN05XUlAxLXQzTW14M1d5al9KMktHb1IzTVhBT0U0NGFJZ0JDMDdLSnUtalppS1hiZ3ZWaVlpZENJemxiaDhLN1JINzlr?oc=5,CBS News,2026-08-28,neutral
MBTA,Dracut to vote again on MBTA Communities zoning change - Lowell Sun,https://news.google.com/rss/articles/CBMilwFBVV95cUxQQTQ2NFgycTV3aVIyVnp3SDQ0cC1CX3dZNGVKd0JBeUctX2M2c3dvdGEyOG1OWTB6eVVZME5zZzUtSVZ3WlVrUDlOWHBuVzdvbDFhQWt6Z0hUMkt5N01wRENMckhyX2ZsdVRIZEZuQ2thZDVmbW03dlcwVXRrbjJaN180ZC1rcXdZS3ZiMEhhdjltNWxyZWM0?oc=5,Lowell Sun,2026-08-28,neutral
MBTA,This new board game turns the MBTA experience into a game - Boston.com,https://news.google.com/rss/articles/CBMiekFVX3lxTE0wemdZb1pXaHhQcGJrcUxJdk9ac1dDV0c4UEl0dU9XRTZOc3lSdUMzNms1akh6MEQ2NFdxVkgwYV92T3pVenFHN1JKeHBKRHJ5WV9Ub0FEOGRSRVRlSlVSWjdub2lGU1luQThjZTdUVlFna3FoMVNlVkRR?oc=5,Boston.com,2026-08-28,neutral
MBTA,"Child hurt after falling off top of MBTA train, transit police say - NBC Boston",https://news.google.com/rss/articles/CBMisAFBVV95cUxOX0RVMDIzYnJ0N1VNN2xMU2JNMGdWSHdzb2R1V2dLVUc4V2lQYm1WUDhGODJ4a0JQRjVwSGdLT2NJLThILURjWmlJNkRDMzIxV0dZaGNFUlQtclUyMFliOUpfT1NjZ25GZ0s3N2FWV0RERnFULWRlb2p4anE3Q2tlTzR3RzluYXpHMW51YlpaQnJ2U2xmdGlYUXVXWXNzMXB2YjVPVVlhTkhtN2djVWRYMdIBuAFBVV95cUxPTnZCX2dVWWxmd3d0cTFOSEd4Zk8yeGRlS3lTd1NUQzREanhqRUUtc3B4dXh5dy1LRkt4bEY4UmtjRFNmTjhMM1d6anJ6S0w1M29zUjkwclRSUUl6b3hWTHVTMXdVNWkxY3QxNHdsZk9JNlVTcy1haXFpQm1tVHdrb3ZnaU41WkV1WjBBZzVzMlF2Z1VyY1ZzZW96QTMzOXBpZHFLalRzTDZqbG1xNzV1a1RZVlFZTkli?oc=5,NBC Boston,2026-08-28,negative
MBTA,Welcome to the MBTA’s shutdown summer | Starting Point - The Boston Globe,https://news.google.com/rss/articles/CBMiiAFBVV95cUxOdGcwTXJqaE10THFScGVKdmdUZ2lyZ1ItRG5tMm5DS2lCQ3R1c2YyaC1EVWFpdFotdjA1RFptZU9fWHJIV0lvX3VuMGlMRGdZLTJ4MldxOHdUQjRBZFp5R3l5OUNqcWt1YmJhNGttNkFmLUtjX1JrcHYyS0lBR0ZKeDJDQkJyazRo?oc=5,The Boston Globe,2026-08-28,positive
MBTA,"'Absolutely ridiculous': Bus mistakenly shuttles passengers to North Shore, instead of North Station - WCVB",https://news.google.com/rss/articles/CBMiiwFBVV95cUxNYmpkYTF5d1AtdmRndTItdFhwY1lGN2ozejJidnl1aWJTTl9IdTBsSmd4bVZQNFJmYmxVOHFMeDJkei1QNm5waHJXdjlkWlZuNnI1Y2dNWWQxRXhtMjBzek9PUVU1amM1Y3NwYXg1dzRiV1RiQzR3Q09RY2hqd3FaWUpZbTMxMnkwbzYw?oc=5,WCVB,2026-08-28,negative
MBTA,September Brings More Disruptions Across MBTA - Franklin Observer,https://news.google.com/rss/articles/CBMirAFBVV95cUxPalBtblRZRzMzRENjT01ZTWJEalg2eW94dlF4eDFxd2ZYLXZ6QWZ6SUt5bFpTaU5ldDVHLTBhd0owN3dtRWRWblJxT3RqOWZsejZZVDQ0cjFjcWQ0bzBTT2JqazhoNzJNQ0xoU3VkU0ktRURmTkJqVUdvTlNmSWhtYUprdU0wY1doR19HOFVMa1JDZDB2UFZtaXc3di1YZlA4RE9JejVOWGxLbmEx?oc=5,Franklin Observer,2026-08-28,negative
MBTA,The MBTA announced service changes for September. - facebook.com,https://news.google.com/rss/articles/CBMirwFBVV95cUxOdGFqMjhQbnlIUW10bFRLZW5zTkVwQjVRbEt6cUVVWDFMXzY1SWFHZnB0Q0VrVFBKUVRlcDBmdmozN2N6aFltY01PNC0ydE9qMWR5ck80QzFfZnI1Z1FwS2FFN3g5TXNwR1l5TmdXUmhXa0dVWWpuNDV0NldRV0xJQzQ4cmVQT244ODRoOUdIQVoxLXRxUy11YW5uTVprczNlT3kzdTJ4WG9qY0N0UzNJ?oc=5,facebook.com,2026-08-28,neutral
MTA,Rail News - MTA completes upgrades at 3 NYCT subway stations. For Railroad Career Professionals - Progressive Railroading,https://news.google.com/rss/articles/CBMitAFBVV95cUxQWkZXYXcya0MtcTRJMDluUTZnZkNzTWNaSzd2ckwwUE9Ec2QxbFVTNEE2QTREU0lWZnpPamJvcm43WWE4ZWkzc0VUV19yQms5YzcwcEVHTlB0LVlOUkJFbkNGOHl5T2lIWnQzM1YxVHRBTU1OeWdMak5tZDU0TldkWi1oc19YUUJTa2xPM0JJaVhwTXExYWhkTG1hODZCXzBfYVRZRlhOVGZvUldPd1JLbFBBUXo?oc=5,Progressive Railroading,2026-08-28,neutral
MTA,MTA cleaner stabbed at Times Square subway station in dispute with man caught peeing on platform: cops - amNewYork,https://news.google.com/rss/articles/CBMiigFBVV95cUxNQ3NJLXJmUEM5NlF2YWJJLVlkWFpacjRKYVB2T1RINk5DQm45aHhSUGN2NVdtc2Rhb0YzTXlQWkRXQTdsamVyQk1hQm5QcjRKRG9NWVAwZ2dJVDZULXpLNEFRRTN3bEQyd192NmlyWWwtdXUwWXdxdHRNdS11a1JvSk9hNWdOa2RyOHc?oc=5,amNewYork,2026-08-28,negative
MTA,NYPD looking for woman who punched MTA employee - CBS News,https://news.google.com/rss/articles/CBMijwFBVV95cUxOSDBiX3JjQmNKemQyanBrR2tjWkNtaGRhWm14amVROVpaMnpZS2tCdGdLRW1PUThqWlN3LXpYRVFreFZGTlhwOWtpX2hHSTVfS1VoazVwMGllRlYwZXdkaFBNWExxcTcxcTQ3RFM1dmNnOFRrejNaMWdDVENscWhpZE5rMXFtMldTcGw0Mkw2Zw?oc=5,CBS News,2026-08-28,neutral
MTA,MTA employee attacked in Long Island City: NYPD - PIX11,https://news.google.com/rss/articles/CBMikgFBVV95cUxNdHpuai1WNXgyMDl3RTlUbDRpVHd0UTZKOFg3Ml81MWpCdkFMNGZTN1dXSEhqWkxLWFRXNHRxYUJ1UUh0aE1rbjJva1hzdUlsWTBpZjZiVUdfOTZ5Q1ZWd09JaTZ3UVFrUmZxOFpaS2lWUVRMMXp6ck5STjM4aXM3ekdQb2NLblJnREFoaG1IZDJIZ9IBlwFBVV95cUxPOUVIUy1pdTNzeFhtdFlNYld3a1FPNGhlZ1NCVEx0V0wzcXZjWkJKTWc0dHk1NmxLYndXZWdncWF6QTBOckhIMDllQkNRclExb2psaTkxaWtwd08xc0U4NW9UbVVqNGVISG9FSlJsQmNKMHNHdDdGcVpqVnhaN1VpaEFfNG1tSXFlUUtwdHNrOTRUQnBzRmtr?oc=5,PIX11,2026-08-28,negative
MTA,Bronx woman accused of punching MTA bus driver at Eltingville Transit Center on Staten Island - SILive.com,https://news.google.com/rss/articles/CBMi2gFBVV95cUxOZ0xCYjBENF9BTWd6Q1BvOHlUaE1Qc214LXVZa0V3dE9DQ01BclA3bGQ3R3BUMUxsQWYwa09nbzBhOVE5RmlSdXdBQjMzTUd0MlJ4YTlTTUxLcUl6bHhxX3hONmZJeHdwMGRDVm9mLWk1ZTZBN0dPMHMzbG1YODlDVXB0T1RORGN6RnpDamZrV3FGTGl6WTBzbkduSkZTN3lXRVJreklzU2x4VHhZYmdSTTZIVER0cm9iNzZBOUlRTF9HYW1YLU1vUkVKZmtZNWNHejRveENmT25PZ9IB7gFBVV95cUxOcHlKTEtMVnBCVlUxMmlXRG9GTGdzVkQyUTN3YUZwUVAtMHFTc1cycUhyazR4VXBvbDdDNXJabHJYOG1hdWlxRm1aSVhQSG9hWjVMOE5YZHY4SERVM1JjTVZoR0VLVUNXQnVpMHp4Zmk2SkV1VENtZVdWbFBRYzlhX3dzbWRHbUtsNWJia1g3a1hnVjJHMG83dmN1N1p6WUZMX0MyMWNPVVI0S1lTSXFDR2NKUkNKOW1XVHJBX2l2LVN2VDhnQnJPeWJ6SE1kZFMwcEdMVW9qRWU3VXY0MTAxdkp3MlB3UXJLRnVHYTVR?oc=5,SILive.com,2026-08-28,negative
MTA,MTA Replaces 3 Elevators At This Queens Subway Station: See Where - Patch,https://news.google.com/rss/articles/CBMilgFBVV95cUxNT1FwM2U0UnVpZFFzc2x0RzRUbDkzMzY2UVUwV1RwOGtmY2xxRG03dWxObnZUbDAxZ2htcGloaXZMc3Q2RFdiRXh4blFuWWFtdEN2ZTdnZ3o4WVVNYVpJb1RLdjlvdnAzSnd1MndvYl9mRWdJVXhLWU5hd1RIUTVzMXYzbnFwcHllNTNsQVdnRVRKUkFSWXfSAbIBQVVfeXFMUHlyZ1dIc3FtWkotbmdSWWxhMjAtd0MwS2xKQl9ybjAzNGRPRmo4SExIamlBenZEVXdEcW4yTERYMmJTMHR3ZTFIZVRhTEQ1U3cxNUFMQmRWSGxpUjlRNmpTQnBqUTVRZ0ZHWXJmUkplSXhhOFVBV0N5UkZkRFp0YU5DZTVVSjQ5b0hNQVB5LXNETFh0Z1U2bTM3Mm13RmNXTEpxRmstWnJsNFk3N1YtZEx0dw?oc=5,Patch,2026-08-28,neutral
MTA,MTA push for new housing at LIRR stations goes off the rails - Long Island Business News,https://news.google.com/rss/articles/CBMid0FVX3lxTFA5T0ZMeW41M3JTaFU0VC1lMGpYTXBaZ2l5UEdFOGNhSng3S21qMDFremN0d3BxS2RyTnFpa1VjUVZCNk9oY2lnb3pnN0kzY1duRTdEYW55YzZwUFZWM1ZLamlobXJRQUNBSVVDZE1HOUpMbnFpeTJN?oc=5,Long Island Business News,2026-08-28,neutral
MTA,Queens bus driver punched in the face in another attack on an MTA worker - Audacy,https://news.google.com/rss/articles/CBMisgFBVV95cUxPVjZMZGM4emxFcDY0cnJKNDBtSjRRWXg0SkpaNXNrTXFNZER5TnhYVUdWMmFWeWptQTI5N1dyVjE3Z3EtbzdHMUsyRi1ZM3VMb3Jnam9neHlzV1VNdjlmVjhWUGl6WUtuRjZob2wwM3M1ZGpGVldWU3RUWTF5R3FLRHVnUHJ0a05ZbmpGZXZILW5hUmYtc2k3Qjl4Qm1pT19oMnB5T2UtMk1WbEdianZLSDFn?oc=5,Audacy,2026-08-28,negative
MTA,"Unhinged straphanger stabs MTA cleaner who scolded him for urinating on busy NYC subway platform: cops, sources - New York Post",https://news.google.com/rss/articles/CBMi4gFBVV95cUxPR2FOblJ1UzN2czE1X2dXQnFORkRzMHNBeW10Y2JpaGktLWw0SU1Ub3dZejJHTGxKY2ZqSTEzWTYtTnRoeVBpeVZqS3FjSVRFemptZ3E1M1hNU1NiRnJXR0tWc1lEbHZWUEVzUmhIRGRhRnkxMzJ3NzU0RTBtV3cwRnZFZUQyQ0hwVy03MWtWRUNRQUh3MHBNem5JT0wyYldpQnNyak0yanhEd3JPRWh0RXRIM3JISkxLV0dSNnI5VVFhdEVUUkdUb2ppbzBibnM1M1dOWkVNNENldi1TQ3VhcFl3?oc=5,New York Post,2026-08-28,negative
MTA,MTA plans to pilot virtual OMNY cards after year of delays - Gothamist,https://news.google.com/rss/articles/CBMijgFBVV95cUxNZ0U0V3FnQzFEQnhvOENDN1ZnSnlNNWR4UFo1RFh2MXp2aTlLdWZoQVdpNXN6NWxaemRQOWhTdGlJY1U2bEhwUVc4SkdXRkVwR3Zhc1ZUMjk2NEswY0ZCanV6eU9zRnl0MnhSd1Nob2UycHNzUGRZbWdueXNETTF2UWhMZ2k4bUQ0TV9tYW1n?oc=5,Gothamist,2026-08-28,neutral
MTA,Discipline and Rules-Based Execution in MTA Response - Stock Traders Daily,https://news.google.com/rss/articles/CBMizAFBVV95cUxNdUdrYV9jd0FOODhTcW5PMEhfX3RxXzhlcWU3ZndaNEN0T3JqVlFNZHBDazFRQ1BYMUNiTDRfNmM4cjlUYVE5cmNua18ybVNLSGFlckhFTldfZzhtdk5yWkp5M19kd1NMYzNyb3p4UEphWEFPMDdYb0MtQmpNMTJfeTg0dGRaTjh0S0FnbU4yN2dEQ1dOU3pReDYyZmtjVkZzaHhBMmE2QW5lUzNYYTBib3JqOGJuTzRkYk5mUXIxMVd2aV9hWjRhY3MxbTk?oc=5,Stock Traders Daily,2026-08-28,neutral
MTA,Have a baby? Pets? What MTA's stroller pilot program expansion means for you - NBC New York,https://news.google.com/rss/articles/CBMimwFBVV95cUxQck03NTJMVWpVR3BDd0dMRTR2eExXRFZEUTVkaXpUdGJzbERzM25LdzZCUkpGY04xTHNwaklPQS16Z2JSZTE5NW5yQ2tlQjgzXzRpb1VqTVVVcjRJbXV5UHo5dlN1d1MtNzM3LWNxVWdobHluVURfY1AxV1VWNVBzYXh6OHc3WlFXOHM4dm1JWW1ERXRNd0EtaVdBd9IBowFBVV95cUxQZXZSOTEtRUtFSHlMQVc2QnRkcTlQSVdWTVZjM3RWMkNXemJBcDNaYURKYy1VMlM0cUYzdWlFY2hFUUVDNjZESmR6bFVGeFIwYzRHMEI1YUZfdWFLd1BoekZvZFVSSHhUbzVVZlIybTJORmRtTmRTR0g0MlMtdlRvenNZZWNNM0U2STdrTUlVTktrbDVvaTdnMFJzbjIwRThFRExv?oc=5,NBC New York,2026-08-28,neutral
MTA,MTA employee stabbed in a busy subway station: NYPD - PIX11,https://news.google.com/rss/articles/CBMihwFBVV95cUxPeUZubHdHNzRXeHpVeF9jV1RxSzZMWC14Q25fdzN2NXRUMWhqVHkyUlJvUEJzeUF0MXVjWWFyendjMncxc2cxRUd0QXlaOE1oTzlfaTRkekd4Y0txd0plOGdpV0Z6cHZIU3FuQTJVeE5WcWEtaGh5S3VQY3FTUEVWTElMLXdBaE3SAYwBQVVfeXFMTV9DZWdhNWoyZnJTb21UT1R6QjNta2c4TlpKQnNSLS0xbjdRSlpFei1hNC1ULTk3NmM4VHRsOHZqT3FtMzluZU9kQjJKRWtYd1RYQWl0RTd5dEZxRUJZVGlSRF9HeGE0dWFGTGVmMmlESGZIeTlkcVhIZWNWS1FsYWRLTFc1NVR4YlcwU3Y?oc=5,PIX11,2026-08-28,negative
MTA,Meet me in Montauk: LIRR to run direct trains to eastern tip of Long Island year-round - Gothamist,https://news.google.com/rss/articles/CBMisgFBVV95cUxNbDYwNnhVUzNON1FlR1F5WUZ5UkhQNGk4akJJa094MVVaOWRick5JVjRzLVR3UmZTVDNqdjM2eTQ5N1BuTUpENmkySDFuZXhUckpUand2MDVwWHRjeHo1RGJia2JfODJzalhLQk9ZSS1VZU1RM3E5OWtJeFZPT2xhQ2hyU3dhekcwSTBVUnZnRDRaZk01WldzV1lwWE5SXzhiTUs3R1JORnlhcnd2SDFvS2lB?oc=5,Gothamist,2026-08-28,neutral
MTA,Overnight service in Manhattan suspended on these subway lines: See when - PIX11,https://news.google.com/rss/articles/CBMiqgFBVV95cUxQVVM3OVV5UVZRSjgycVBvMGRUS0RCSHl2d2ZZeFJvY2lBdS1pdlJVbE43ZmhYX0ZQZ3NWQnpmNHVtWnBSbXd2ckI1ampkTVFCRmZ0VXhKc3l0blh3NGFpeFhmSmZCdmNXUFJ3b0llNUlpdUZmWTRhZG5QRFhrR29qeEZiZndxdWp2ck0xQ0xneGlva0IzLVZlMThfQWlmUDJUaS1ZVTl5V2p3d9IBrwFBVV95cUxOcFpTaVJXXzZuUy1XN2xKa2tZcHBGTFFOV28wRkZzYnBlXzdKdjIxTXdJemtKSHhHVW9xTW9lWnhaQnJTakRrOXJIamN5QWlLakZWN0djMFdmZzYyQzI1cXVrcVU3NXBqSHNHeHo1Q1ZydHVFSzRpZVZlZXh0OGlTSFl1SDZ2Vmo0WWNveElsRWc0X28zR0IwZExSdjQ5djQxY1ZIdllPNUZfRExqaHc0?oc=5,PIX11,2026-08-28,negative
MTA,NYC students get changes to OMNY cards from MTA - PIX11,https://news.google.com/rss/articles/CBMiigFBVV95cUxNRTZSSzg3R1RQSFVJUjU1T2JGcUVZMmp4dDl2U3RhYzlzSTdYRmpZRXNyeTA5LVQ2UGp3TFV1V1luRXVQMUoyX044aFFLbi1tdzRqVDJGakpaZjY2VmVLczVtMzlOa3VDY21NY2ppSjBGRGRMWUdUejVmTlVFLW51cjdTSDdmenlIOEHSAY8BQVVfeXFMUGFhQ3lxUVByODlIV0IxM08wZEs0WUM0bnNFc0ZVd01Ja203Qm9aS0Y4eEwydVBPYUFqUWhnVG1YUmx2NzlvRy1USVdhRzExXzB1QzR2YnJvc1VOcUdkaFYzdmhkaExBMFo1eWZxbnJDRUphRlRwM280ZVdNcXUwMEgyWVhFZjNFY0NpMGZXd2M?oc=5,PIX11,2026-08-28,neutral
MTA,"NYC subway fire on train at Astor Place station injures 8 MTA workers, 6 firefighters; delays commute - ABC7 Eyewitness News",https://news.google.com/rss/articles/CBMisAFBVV95cUxNVUlmdTgwM1F0OEtfelRwbVc5MXRHQVR2S1AyZVJUTnM2Zk1pbG9uUHpzQzhJeGREcmVIcjRibW1oQjFPWmJPMkJJRmN1TktLdHg2Z3NlT0lxU0JlV2h4b1dmaUJoU1NJMjhzc1Q0NEdPc0laRURhbVY0RzBxVnlOcmJKejB6bmZqMlR4QTdHVWJ0WHNKeFNvZW9yNFhjT0JKRkNUdmFWYkhRQTM0N0tmaNIBtgFBVV95cUxPeVFMbG5FNWt0RWRiRktIWTVPSzJjbFpYc3M0NGlvQk1ReUh5ejVoTFpKZVNkSzl5dDlNazJrSnBlcXgwOG9yY0l0dWF4U2FUWkFFcnNYS0VhRUtZOXJwaTUxdGE4WkE3NXBQMGtWMTYzamZaa0E0bjFmVWctSlBlbjRiY3lTMGJwUVpnaERhcGlHVnhRdEF0MG5lZHd6X0NEeFRBWkpjM1JpbzdIYllFWTBoYWw5dw?oc=5,ABC7 Eyewitness News,2026-08-28,negative
MTA,On-duty MTA maintenance worker stabbed by stranger during fight at Times Square subway stop - New York Daily News,https://news.google.com/rss/articles/CBMiwAFBVV95cUxQSnB1cEtuOS05VUloUlItS2xVWVdOM2ZZcGw0b2xPbnJWcm5QLXpJRjV5UEZ2MzhmRm1ScWktMDZoVWtwalVCd0NhaGVDc1RmTkhkanFfc1RzTE9MeUtCa1NScEk3eW5JQmVOUHpSX0p0VHpING9DNENjRmZXN3ZyVG5nUEVzTDdNNmRCRnVMaUFqN3I2NnRROGdaSk1QRG1xR3lqTG9vOVdpcHVRQUowWHd2dXQ2TXhVdkpuWmVVc1A?oc=5,New York Daily News,2026-08-28,negative
MTA,"FDNY firefighters, civilians hurt after MTA bus and fire truck collide in Longwood, Bronx - ABC7 Eyewitness News",https://news.google.com/rss/articles/CBMirgFBVV95cUxPQzNQOUFmV05hcjlIbVZDb0pRYm1GR0lzZFBSMEQwSEVuQWttamxjckRBOFFkU0I4RnJYVi1JOEZQT05XSTQ2b19LcWQ2VEpuaHRCM3RlV1RuakN6Y25KdjBPMEgwN1JyX1JDWmJZTTZPbDNJaUxINmw4cW5Yci1aUWJvajkzdXZUaFp0NUc2ZUkwOEFPNEFVOElIdEY4ZDRLTldRVE1aNWIxT2p1eXfSAbMBQVVfeXFMT0xCU1NBWkMtOFFhMldfN1Mya2tCYS1LMDRva0paSmNiNHV1Mi1RajN1UVlYZlNicEFCeHNranc0dkdYN2plN2lHakNuNUttS19uU2JWNHVCU0p4OXlNNzdZTFE4UnJ4THZPZGpDS3psRlF6dTd3Y3pvby1GVW1xelZfNEU1VlBNYXJKVzE5VHpoZEtJbHc3cDBqZmhrM3FMYmpTMkNqVTBvcWp0bWhvVHV4TVk?oc=5,ABC7 Eyewitness News,2026-08-28,negative
MTA,Rail News - New York MTA completes Kings Highway station accessibility upgrades. For Railroad Career Professionals - Progressive Railroading,https://news.google.com/rss/articles/CBMizgFBVV95cUxNbmlYaVdmOTNQLXcxTzNlbEVMSVhuZlFJQ0w2bXo4N2ZyOWFMckhweXhkN1dDZU81eE91MkVNUjN4Qnd3MGJLVk9QUHVINnJpdThmcUhXT2F3OFFUcEZXdmRuMUxrTU5paXpwOHhuWF95dzUwbVU2ZUdHYzAySTlfNzU1REs0T1lOTVdDUkctelFYeVpLUnF0cnJaaGg0ZVlkVmFjMWZmOFVENENCcTBLYkV6MG0wcnBHTnA3XzJDSUthYnpsWEtYaTJ5S1dSZw?oc=5,Progressive Railroading,2026-08-28,neutral
MTA,MTA explores plan to turn subway heat into energy: How would it work? - PIX11,https://news.google.com/rss/articles/CBMioAFBVV95cUxQenNCdWNBb2lhS1R4cVYzVFBMaUwtbGMwdTBGbXE1MkFvX29tQkxYYmtnQU13OUJmSXZibE1FaUh5S2pWTTRkS2lIMUV5YWFHN0xqUXo4M2NsRWwydXhPTjJYdDlpZGJUTkxGRjhtVElQQkZnTkV1eF9hbWpCbTYzcjRLZ29HcFVyUkVwSF9KYTQzb3VmMC15Vk5FSlRCN2c40gGmAUFVX3lxTE00N05VaUJGWG9mY0lGbTBkUnN4ZUMtMmNIakp3Wmd2SEhFVVZVeGRNQ3JnVl9ISHRXY2prVGduZzR1LXNCUmxYQlZHMHdkSFVfYW9VTFZNNFJYSzhDNFZKM3U3eTRlNVdQOFI2TlVtZGxQUG1DZjVJTmpuemJhQ2d0dG5abEphdHlEQUx4cC1vM1lRYVFTNGdmWFU4ZzhOV0ExTzNDTGc?oc=5,PIX11,2026-08-28,positive
MTA,Limak opens 0.5Mta low-carbon cement terminal in Türkiye - CemNet.com,https://news.google.com/rss/articles/CBMipAFBVV95cUxOOEFucFc1cm0wempJaG1RZGgyakI0RWJISnlpZHNHU0QwQ2YzMENXcm5IVFF6RE9qLThZZ0VNbEJqcHFhRUw0bG52M1FLall2T3dWZVd5VUM4RDdxVFJjLVpaUFNzR2o0NWdOZzhlMTIxVlBZZTBnM19HSEdMNGJqU3B2X1BaQjBvVzAxWjR4NlpKdUhSMUxvZlozNXZ0MVJGX2NtYw?oc=5,CemNet.com,2026-08-28,neutral
MTA,"Transcript: Mayor Mamdani, Governor Hochul, and MTA Announce Plan to Lower Subway Platform Temperatures and Harness Thermal Energy in Lower Manhattan - NYC.gov",https://news.google.com/rss/articles/CBMisAFBVV95cUxQZjJGYjMzT3JKNUM5UlZaSi16TzE3Q0xueDdKaVFsbFBObTNYMGJGTXFmdEdvU3pzMDhyLWpuMWgxUW0tTWpmclQtR2ZXdzhZTDJMNW8yUWEyNm1MX3k5NElEaGVRM0R3bnlmWTgtNGU4WTl1cnVuRW52VVM2TjFfZGl0VzM2cS1TRTVzYlF5RGQ1Ym8wdUc1eGd0R3pWcVp5azk2YnN1Y2ZjN1JtY3YzUw?oc=5,NYC.gov,2026-08-28,negative
MTA,MTA worker suffers ‘severe’ laceration in stabbing at Times Square subway station: police - Audacy,https://news.google.com/rss/articles/CBMiyAFBVV95cUxQM0pJdDU4RUlhZHRMR2NiYjZ6TjVUYlp4bjNDLTBiQlQzTEl2bERTV2xTMVFybFhFaThRdmVJdEFudmRXU1F4SDVsRDdwMzlYVy1TV0x0X09Nem1kNl9ONjFDRXNyU0d3Qkd6b1M1Tkk2RHNUaks3ZThWeFJtb0RCSGEzUG92bC16UWZ1ZlNIZENwUjNONFlUZjNZaG5VejNCX0d3dWo2UE5kMlJCMmJQNzlwNDRIS3EwT0NoN0hYdUFsZVhnYURKYg?oc=5,Audacy,2026-08-28,negative
MTA,"Mayor Mamdani, Governor Hochul and MTA Announce Plan to Lower Subway Platform Temperatures and Harness Thermal Energy in Lower Manhattan - NYC.gov",https://news.google.com/rss/articles/CBMisAFBVV95cUxOMWJITXZGU1pQQXdQOHhQTm9KalloVWVUNXN6NWI5NFRxS0lhdEIwQUpDbURQZ0IxS1ZGQWk4WURCWENZeWdYSkFfZDZKa1ViZUQ5UzJ2R0dkdnA0NEhUZkZLaHRpSWNLbEFyeU5vYi1PaGFlWE5wOUxIajY4YVZZOHZ3Z3hPTnZOcDZTa1JkYkNTeWdVVnJ3RW50QlZ3ZXI2bUNhemhJdTNvaXBrSTJjSg?oc=5,NYC.gov,2026-08-28,negative
MTA,Some impacted by out-of-control Pikesville bus crash frustrated with MTA over claims - CBS News,https://news.google.com/rss/articles/CBMinAFBVV95cUxNRUFrc2t1SmhiOXhEeGJ0enM2S281SGx6a2oxcnNXLUFBN2RsdFIzY0RzWEFvaEFRQXkyZXA0Vm5rc2QzMkhmMl9KNlBpYUlCVUhrcjZLYURVZGxPaWhGS1JoWVkxY2drQk9rVXd5Ylc5MWtRQVpjVFhsVnBZSXNzdjZ1ejFpWTBGOEFGeFpyLW92QlpNOURCTlZ3Qmo?oc=5,CBS News,2026-08-28,negative
MTA,Man sought for questioning in connection to stabbing of MTA employee: NYPD - SILive.com,https://news.google.com/rss/articles/CBMiswFBVV95cUxPQTZ6UEdub2FXV0VRSVNqdktlMWkxd3JRbEFSMVR2VTRmek41b2dpSndPajhUWGo5STNhTVpBakZ2NGoyRmNnWDdEcExQRVJNakswMW5TanNwMmN4bHdpTzl1Z2pXWExTYzgxbFo5R2hFby1QUjBhRUd3aVI3Qkh2ZUdQSUNlRTN5M0c4eWV6VWlRRnI2ZEFLM2xLTnVGVTVSeDlxVlB1TF9xYWc3Qi05QVI2b9IBxwFBVV95cUxPTVhuN2N5Xzk1QjFWdnhOc0tuSEoyNXJrWXJXWkw2WklOdDVRNGpxTU45M1AxeGN6Z1otR3JWOGsyckJRdnM2a3QyMkRPTGJnTGNfVmxLNTFkMEFPYVdPbHg4ZkNPMVg1eVJNa3gwamdObTN3QmctTnpLMUlPNEdGTHVVTUZhX01rakpvMHNicnF6WFgwcWR1RVZ2OTQySWh1d3BjU1NOZ3FNU1F0aHJaSm5DMS1VTWFMX2lKTTZaNUxzLTAzZWdZ?oc=5,SILive.com,2026-08-28,negative
MTA,Baltimore’s subway got new trains. So why are delays piling up? - The Baltimore Banner,https://news.google.com/rss/articles/CBMiswFBVV95cUxPSm1nR0NEdmQxWm1MR3d4N09mWm9taEx4eHRLaHB1NktQQzVOTDQyUFhHVVVtZ1FLT2o5M3JYWFNxZ0FHV0RvMEVtMW56OTZSdUdmRGFhXzg4LUxuY0JKUThHejdldVJVUG5Mai1DaUd5NzhLMnR3V1NUX2hxZ05qcDhzNXJuUGVYM3hLM1JYbGxoRkx4UmhsVS1ZR1N0Um5WU2gzWjl2b3NQUlgtc3RRNi1fVQ?oc=5,The Baltimore Banner,2026-08-28,neutral
MTA,"NYC students call on MTA to upgrade OMNY cards, claim they are too fragile - ABC7 Eyewitness News",https://news.google.com/rss/articles/CBMilwFBVV95cUxNbU02Z3VyTUxZSE9RMTNiUTNQVWNUSk0xLXBuaktoQU94ZUpCR2ZEa0F5UjJOV3NZakY4aTZMcVJXQWVkVkFJVTlVS00tWXVBNlFtbWpwdF9HVmdOZTZUSVJIUXAzdkhTTkF6NHVzM3RIcFlZMU5LWS1SZHRad2FnM3lRSDJXYmMwM0VwdWltQndHNjlqMnZZ0gGcAUFVX3lxTFBXR3lJSWdFNVNPQTJNRjJrcXpZdWJqOEJXSHFLeWlsNDN0dkNrQW03alNkeFRseTJRTE05VVZncEdoakc3UjJxcDJxSUVJc195LVJqbHV1Zk51U0F5ZEJHVjFuNGIzbl9TRmNEUXlBYTFBbzdGMmpCQm1pb0RZR2dEUEs4YTI1cDBRSzBLRE4yaFVvYjdCeU1GQVVhQw?oc=5,ABC7 Eyewitness News,2026-08-28,neutral
MTA,"Readers sound off on rerouted buses, food deserts and anti-war protesters - New York Daily News",https://news.google.com/rss/articles/CBMisgFBVV95cUxOME9HNklZMGM4Y2tFY1FRTnVTa3I1NzAtVFMtWGhfbFBzV3Y5MVZLb3Job2F3bXE2UmxpMVJKWlYyOERseVNBdE41Ml9LMmpXcloxbE5UU0xsUWZtRVN1U0ZvUmVtVVpneFpGUHJ2cDVlM0l6QmdETjllVFJwTEFFY2R4dDhWS05uc1NQbS1jUFk3SkFYY0ZKYlJmcmN0Y2NnWkNNR2wxanV5S3JBNkhyZV93?oc=5,New York Daily News,2026-08-28,negative
MTA,MTA boss slams Amtrak over its East River Tunnel project he says snarled LIRR service as first phase of work is completed - amNewYork,https://news.google.com/rss/articles/CBMikAFBVV95cUxOUHNvRWRQa3d1YTJDV01hblJlc2JaOExsZ2pmckdPX1V6NVZOZUJyT2QzM0Zsa1pJLTRKanhkMnRpYy1hay16QzVibzlhUmY3QXJNZHBzaVptR2JXenY4RFpDQlk5WkdxbzluanJKb1BYSTExbjlHM2ZFQmZna3RUTzdqMExaTnFFdU54cXJIWnU?oc=5,amNewYork,2026-08-28,neutral
MTA,Concern continues to surround MTA bus fixes as work orders show no work done - New York Daily News,https://news.google.com/rss/articles/CBMitwFBVV95cUxPMVE0Q2cxYURVYnMwLW1FQjRHaXludHVrd0gyUThhcGxibjRBYlk3STMzVFVhTkliMkxvTUZaQW5zaC02YjJtUTlhYzk3T0oxdlZFWXVUcFFUVGFOTWNiZE54bzFvZ0RYMUVGcWVUU3BNVzhWRWtYcnBnc3F1SGFFZ3RDTDhnZ0NSMUtCdUVfU0g4SlhHRmxqT2FSUHh4ZndFNjBsZnZHQlNBWVFvaWg3MDI4bHo1aUE?oc=5,New York Daily News,2026-08-28,negative
MTA,MTA identifies dozens of traffic chokepoints in NYC subway system as top candidates for improvements - CBS News,https://news.google.com/rss/articles/CBMiiwFBVV95cUxQenJMUnJ4RzNJNTFzcW00dmwycmxfclQxOVVUTXM3S1czTlVRM2Zod2dvSGdrNWJwN2ZRYWJoLW5Rcmw2bGN2QzFtX2RuSGlsZ1RmNFJ2dUVzWVpNUzhPbU94dTEzbUlWbkFXZ2RmUzd5bkhlNHpLMDVpUndMUDhpTTFSV0RJN0ZOVGJj?oc=5,CBS News,2026-08-28,positive
MTA,Service on multiple subway lines severely disrupted: MTA - PIX11,https://news.google.com/rss/articles/CBMilAFBVV95cUxNSGtnbEtUcDVDaFBvOWlzcTFMdjZRWS1oeXNTTjk1UVhIQ3JGcmFLNFB2ejc0c3JUT2tjeS10eEkyS0VLS0FQZUE3Z3BqbjJVX18zQnRDNmZ3Z3RxaS1NaXlXNGw3UVFNc2RPeGE4bE03a1E1RVZ3a2pLTC1BTFViczIxRkdhN1FTVkFaR2RuVTdMa2lu0gGaAUFVX3lxTFBGVW9YMzF4ODlReTdiWUxOZlRrSkRiSzJXazFIWktzOUV3VG56b2lpNjRYckdLY2pKRk4tM3JHVUEzRkxZLU5MRjh4YlJWSEJvdDE2cENSZVdCenBySktmN2lXc0lydnNyTkhpY19OdGtCeTRtT0ljLTF4V3VGMHBpa1N6M0NVNEZEX25NTEoyZm9kWURBc2VMb3c?oc=5,PIX11,2026-08-28,negative
MTA,MTA Completes Upgrades at 3 Lower Manhattan Subway Stations - Patch,https://news.google.com/rss/articles/CBMirgFBVV95cUxNeUtPWDQ5RDRjWnlDeTM2SkgwQ280LU9VRjZTRk0weFBFVHRYYkpKNHJJMDE3REZsX3dhdERhWVExbUVOOUtlNXJHbTNsWHBldjRDWWNyY1J6eTRJbVkwcXFZSVFnRkdvOHhVQUNGZjRUSU5CMkdKdXdKU01OdnRBSE9IeUJ3NjVhRFVYODU5cVNxWFZNdGZzWkRHMXlvWE9IYlNfOFVyTHN6Si1nWXfSAcMBQVVfeXFMTWFDSWdjQlRFOS1GR044dzBkZTVvMDJDYkJ1anBmeThSQ3dpcmFHRlB1M2I4YXFxdktmMGNxRTN5Z0gwOWVrdHQ2TUQzMUdxay1za19aOW1zNWVfRlRURm5HNG1EYkpybjZVaVo5MmpBbDN2bUgwWkxtLTZMVTNUQTlSTGxMREZmaldHZDl4UUp4X0JOSmNKTUUxOHd2WmlnVm9Lb0JoaVlyZFdqSUNWVVRYWDdrUzdnTzNFVnNpblB5TWdZ?oc=5,Patch,2026-08-28,negative
MTA,'Shut up and drive': MTA bus driver says operators are told not to enforce fares - WBFF,https://news.google.com/rss/articles/CBMiwgFBVV95cUxQRUx0MzN2YTNnNW9qZmZVZHpDUmhBOEplOVhDc0pPai04N2UxcDZBZXdnWEJzUTVQTUZPRVFHM1V1VlZ6UXYzeWJWMlBrdlcwTlBjOXpheDRBMVlpZ2ZOYTd5ZDFzVGh6MEVDeFlaV1NpWW9JQjIwZmRJZDVTZHVacnk4Z1MxTTdqNmR0V3FVdkRDOVV2TXpmY3VhOFNobjg1dEZxVGNaX3dNVmZqenV6WE0wczE5QXpGSkwzUy1PbGprQQ?oc=5,WBFF,2026-08-28,neutral
MTA,"Subway, bus, bridge and tunnel tolls may receive 4% bump in MTA's preliminary budget plan for 2027 - ABC7 Eyewitness News",https://news.google.com/rss/articles/CBMiuAFBVV95cUxOOHVMWXRtQ0R1M2VPd0ZuTXIyQmdkWHlDd3paVDhkbVNFcWpCV094dGdCcTItdWJvc2JaZ0dsR3ZPTXVDRU90TkxnM0NKYnpRLTAwYkZmUW5wbDhycVRMdkRoei0xdUE5T2JhckZoSDR2U1cyX2F0bUR2ZnRnU3RQYjltR2t1TVlwM0tTQ2M5YWFUeXc4dVNWVVlmcFNsY1NUTUtuTUw4THBxZ0dkQzhMYjRVUVFPX3lV0gG-AUFVX3lxTE9FdWEzT2dRekY3STNBakZ2N3A2ZERHQTNjWUJxVnFSeTQ0QnBLTThmNWg3RUR2QkRTQVNWYUxYWTgybWRIVHFld0JYZGlUM0xpZlFGMGpFaTU5ZWJLdVV3eVdnWEttdmYyaml3TS1mU19fVnpOcnRzaTJ0OEI2VXBaQjVrZW8tR3VHVXJGR3RJTjBYUzd2SW51MWFBbGR3cWFFajFWZG03WENiOUxraTZsZmQyYktjVmhrUkhoLWc?oc=5,ABC7 Eyewitness News,2026-08-28,neutral
MTA,MTA could be missing tens of millions in bus fares - WBFF,https://news.google.com/rss/articles/CBMiwwFBVV95cUxNMmdkY0JOYVBpSEhjdFdfN0JCbFlpSmtpdmlsU3djZkZZNm1pZG5yVGZxOV84THJab1lhSUxuS3hYXzdSeVJBM29kSVBLUlpzLXUzMDNXUncwX0lqSk41Sk82am0ydHlLRnBxbGFsUUMwR2pBUlhjbGNxN213T3I2TEtiQmt3VHlBYVEtNDFUNHp5TVFQSTZmb2V2a05hRlRDRjdOVVNVcVR4YUFYTkRZOXpyWGZMeDlrbU1Pb21lcWQ3V28?oc=5,WBFF,2026-08-28,negative
MTA,MTA expands pilot program allowing parents to bring unfolded strollers on NYC buses - ABC7 Eyewitness News,https://news.google.com/rss/articles/CBMisAFBVV95cUxNZDF5RjFkeDZLS1Vva3ZoM3NVQk5jX2szSk9JajNlWS1ZdWFaTHlmcFZ3a0cwNlZNSm43Y1pTVmEyVGlBNDhzVGxHZkgwU3RTVGs5YWpxOVdMTlB6Y0poUHVIbTB5aVNPQmF6QjhocUxiSFhqc1BOcF9iT240dy0ySnRiaGVoZ2RFQVN2cFV1YW5jb3gzSjZjblNtcHZfWE1jS1FvOVBmalN0dFM5NndUM9IBtgFBVV95cUxPTzh4ZGF0bXR1dUpmcGJ3SDJMbVhrb0tpMzhhSUhyY09XSy12bThJQTJ0RExQSVU2TDJNdmd4SGltQWdLTWdyQ2k2YlJubW5aektwclNFOTZ0TW9tOWZHRWdXWXp5Z1dKQ0JILWRIemd5Y1dtWi1pZDRZa1lITG5jNnRmelg3NHFLdVRTc3NhSzFwTGxyTG1pc0Z3MmJtRFBYWU1wU1VLd1J4d2I5NmtrNWRvR0otUQ?oc=5,ABC7 Eyewitness News,2026-08-28,neutral
MTA,"MTA launches safety dashboard, CARE Ambassadors - WBAL-TV",https://news.google.com/rss/articles/CBMimwFBVV95cUxQUmdvaW1oc2lycTNGRnZ1U2ZKUkd0V3JXWENld3VIR00xUFIzemxGNkJkWEN5ZU43M2NHalNZY1RYTEQ3NTlvcmFlMzRsOXFITGhoRl9pdkpaY3RTU3Rqbm9UNHlKSUtaYi13eHA1SkFjWTRxemsyN1VncDdRNjFURHE3aWdHaGZ2bzN3bkxBMF9rUGwwbE94Tk5KOA?oc=5,WBAL-TV,2026-08-28,positive
MTA,"RELEASE: COUNCIL MEMBER PIERINA SANCHEZ, LOCAL ELECTEDS JOINED COMMUNITY LEADERS DENOUNCING MTA COMMUNITY ENGAGEMENT - New York City Council (.gov)",https://news.google.com/rss/articles/CBMi_wFBVV95cUxNNXBHdTlKR0ZNQVVOTW5YNkhPX1BHLTJKazF3OEM0bkwxWXdQYUY4VEhBUzl2cy1hQ0VkMDQ0VUZMclVuTE5HRXB5ZzFqQTdwa3NfYlhUYWNHUDYwOVRxRDd6blJDclhIdEJKb2toS1QyNE0yMEQzcExONUhRTWhsRF9NWUJqNzJaMWJCd1Zlb2RNWjQ4ZmgtcjZ2NjYzbmtJa0g5UDN3Ry1HeTdxNUFZd2J3SlFFSVBaSU9VTUo5eE93M0VyUEpsdVdTQ0h4ZnZWTGNPVFdhU0czLUt5OUtjVWYwOVFLVmlqQmJjX2dWc2tMTHFLZ29aSlZrQzFLNnM?oc=5,New York City Council (.gov),2026-08-28,positive
MTA,"Some of NYC’s oldest subway lines just got a major overhaul as the MTA refreshes 3 stations with fresh paint, repaired platforms, and 20 new LED fixtures - Secret NYC",https://news.google.com/rss/articles/CBMiggFBVV95cUxQakNwMDg5V1JIelliZkQ3TGRwdm91cmsyQkNCZUs1bHMxOFhpUmdPVGxoYXp6UE80LWkyNWdwUGt2QnV0LTdCSkZZUGg1NDJBRUtvdGhJd2NRZVZNWDlZV19UQlRQcDd0cFhjT2Y4SXQxWGJ4NmFVMU1SYnhncXBTMVNn?oc=5,Secret NYC,2026-08-28,positive
MTA,MTA unveils new plan to cool down NYC subway stations. Will it work — and how? - NBC New York,https://news.google.com/rss/articles/CBMisAFBVV95cUxOM2FxSGV2ckNYTDUwT1VSWkVoSmVSX0cxQzhkdGlzbDF0WFhOeloxc0UyRFVqeWkyS05ESkp0SXdWWEJNZzRyS2tWUDZsY1AxV3pka3FsQjM4M040eDIwWUV0TU5jZ290Tkk2ZW85VXBQdXdhS1JIVkpSUmVGWHZnZlNOUG5wOTgtZGZNZ3NXYWlod0pfNFMzTFRQUmZWTm0wbF9FOEhqN21IRXdMZjRFWNIBuAFBVV95cUxNQVdKUkFBRUNpOWYxVjFua3kzVTBOdWRxM0RqYWJzbUZDWThlZ2lVbUVNQWhZdFdtcWhHMkRWVXJyakJMTmFQNm4tdUlEWjVFbDlUdzlSUFhwem1nWXh4UHoxQ1NYeU1idDY3c2xfZHZjbVB2MGlJTWstUkJWZEhDSjQwUzB5WmE4bVhWaFFIenlDMkpLa0JvMjlweXZMRC1ZZi15VkNSdVR5MVZHRVBBOFNyRXRFcVVa?oc=5,NBC New York,2026-08-28,positive
MTA,MTA plans to beat the heat at sweltering subway stations with heat capture technology - Gothamist,https://news.google.com/rss/articles/CBMisgFBVV95cUxQTTJTdW84SU5Md3B6QlVEU3g2RnF6XzNEVlpUeDJVb3VUVjZIc2tESVlUamNaNTZRZV9Qb2lSOGRqQmIzcmFZcmtOQzI4MHpkUl9DdU14QWV4dlFCVXVWMDV4U1RFamtRVC1wY1RuMnYwVzFNaHdMdm01eHB5Nnl0cllTOXB2MW01RlRubUtLWWVVbHVSOFA3QkkzRjJ6VzRLWERLb1JwbzQtOFN1amlIUi1n?oc=5,Gothamist,2026-08-28,neutral
MTA,Man sought in Baltimore MTA bus assault - WBAL-TV,https://news.google.com/rss/articles/CBMid0FVX3lxTE1SbzhKYk90MzNQTk9TbnJ5aGc1cXp1Uk1VM1dmRnR0ZlE1YTY1T05VQWtOd0lZenIyQmtQczEzRmdEYmhPNUVuY1JZZEQzR2ZOdlhPNV9VLVRNX01XWWk4QnFGN0F0bnQ5SU05MVNRRnpBQU0yT2dB?oc=5,WBAL-TV,2026-08-28,negative
MTA,Governor Moore Announces Appointment of Tony Bridges as Maryland Transit Administrator - The Office of Governor Wes Moore (.gov),https://news.google.com/rss/articles/CBMiygFBVV95cUxOakpYdFV0cHR5OWdIX3Q4alBRcDhnR0xPT1FoczUxNUNuamhlWEQ2WGl1NkNjd1dxTGFRWjBMaUdYckZKZzFmdmZYZlFySDJVSUhBMEQzX2xTYXVaMmJ6d3VpZUJ1anFWSFVNdFdnZXdSOU9fbHBCdEI3aUtoSzlQNS1uak15ZmlCZE5JdmlLUkozSUJuZ0JPcUIzeTJ3Z2k0OFhfX0xDYzR0Y1EyWThOUGNUR1ZfWG5HWkpsNXpPRHpuZEFDd1haNEd3?oc=5,The Office of Governor Wes Moore (.gov),2026-08-28,neutral
MTA,Brooklyn Man Sentenced to 15 Years for Opening Fire on Four MTA Inspectors at Brooklyn Bus Stop - The Brooklyn District Attorney's Office,https://news.google.com/rss/articles/CBMizwFBVV95cUxQZ2V5eC16U3pRdmo4a1hBTTdrM2g0NmtfYTNFZTFfa29ZQ016ZUN2dlMyWFpLakNPcmVmeW9vNXppVFR5M09tclNQSno0aTI0RjJJWHlDZHl5YWlpZFVWc3dNUjM1Vk9yeXBROXZoQkpkREFCY1pabm5RSXlHaWl2Z3kzN3J6dEp5RzdPNzR6Q2ZLZzhkQnJtUUVNNUhIY1F5bWNobm5xdzluZXN4SXkyNWhqNGtrZUhVbkN2amVSVU94aWNPbUlzdnlrbDNqbDg?oc=5,The Brooklyn District Attorney's Office,2026-08-28,negative
MTA,"Alumni @ Work: Janno Lieber (Law ’90), MTA CEO - New York University",https://news.google.com/rss/articles/CBMisAFBVV95cUxPZVc4b2hoc0RzZHh4eEhLTXpaZHZGZ1o0V2Q3ZkctYnZxTU5yT3otUDBENU1OY0NmRFBFTVE5WUJVRFJIZTVwS0NVMWxUZW54YlQxejVDeXIzQkV1SGUzXzR5X1RkX3FrVGxZQ1NoYkItNVZtbE9iNzVKbjJodDdzUzYxV0hSc0Mzdm43R0dMRDRuY3VrZkY2R2d2dEZPSzk2czZsc3llTG5oTEFZVUd6Zw?oc=5,New York University,2026-08-28,neutral
MTA,Bus-fare evasion is just the start of Kathy Hochul’s looming MTA cash woes - New York Post,https://news.google.com/rss/articles/CBMinwFBVV95cUxNajBDakQtUkEyaXdnSllCbE5OVnMzR0p2dTR5N2VGaVhpSmpKTnZNQlMzU1hmMVR1cTdjcGpTYXlZU3U3a1FYaUNPOWd1d1VOaUFydVphN0d5dm9ZUGlpSm5GOEdKVklVN2dnUlA4YWFkaXZoak1vMHV1U19hNXRnUk53Z182eFdndVRWMklWaGg1WExhMEJaMllnVlpTMEk?oc=5,New York Post,2026-08-28,negative
MTA,All aboard! MTA unveils Metro Subway plushies inspired by new trains - WBAL-TV,https://news.google.com/rss/articles/CBMijwFBVV95cUxNYVFZcFRHdmxCTlJjanlDN2VqZHFhaWE2VmQtckw3Z2xUczBPQ3h6dFBoeXAxYXpPWWQ2NVNUallWY2xfci1yOTJzZndsWEN5QmRVOVF2S3pheGNBNGM0SmtnOXlNTEcwUDJtZEdDVGx1NW5Iby05UlNpR1haRnQyb3BLR0F1MW9qUHJWYjhicw?oc=5,WBAL-TV,2026-08-28,positive
Massachusetts Bay Transportation Authority,New MBTA pilot programs begin Tuesday. Here’s everything riders need to know - Boston 25 News,https://news.google.com/rss/articles/CBMi1gFBVV95cUxPYTQtNUtxRXhpRjE5VWtndU9DZkIxRy0xS3loc0JXUUZFZWpQVmNraTFLam80UHllS2pJYmNXTUVnNkxmUmNNZFlnZnJGeUJ1TWhYWnFQMERqMDR6OUtWQms1S1F3LXpFOWVtMUppa0ZTMDdJRkxSdmdjcE9uNXZCdDEtb3lPaG1aUGcwbDNwdFZNY3l4R081VzBaelBtWHRNZWMxNk8xWUQ0V2FUSzJqeUptOG5RN2RsVzZ0eG9YWVlxVUQ4NmlKZFFjQlFJZm1Vb3diT0FR0gHqAUFVX3lxTE1XYTJmZ0xvTU1lZFRETnlYb29DZXA1NFlLT2pPRmFyMG1fcTZDZ2JBOHYxTzRwUk1aSEZBNElXNEFESWtUZ2pxYUI1VjBHWjF3TXZOTk5TZjNqVkRPOUFmbVdaSlVIemt6eEE0OTYwaGw4REoxeVBETGJVWWF0ZEVNajR5NkNYcktfdDlnQjJ5M2dDMDVlUkFDWXpMT19BaFNfYlVkeUZCREc2UklUYkQ5TkhBZlFNbDd1OHlldm9XRjJGb1llcWhTbHRzZW5XZmU0U19kYkVCUzY3dUlZekQxWnh0YkthUmxadw?oc=5,Boston 25 News,2026-08-28,neutral
Massachusetts Bay Transportation Authority,Massachusetts transit authority to sell bonds backed by sales tax - Bond Buyer,https://news.google.com/rss/articles/CBMinAFBVV95cUxNT2JhZ3A1ejl3dHFQTm1uLTJaNk0tR3RxU25Ic3lydnNjd1ZRM1lEejB5Q0hsSmo5b2ZUVVlUWWVHaHNJMElMT0o1WWxKVXBlTXpqRl9LOFM3eHV5M21jcmFKREd4dXp0endfMGtGQlVhblA5VldWeEZCLU1BbUVyeU5wR2ZoLWkyQnhsQWFrZW9QeUhmYWNpM3dMQ00?oc=5,Bond Buyer,2026-08-28,neutral
Massachusetts Bay Transportation Authority,MBTA launches new Harbor Loop Ferry service - Mass Transit,https://news.google.com/rss/articles/CBMi_wFBVV95cUxOVjRTUmIwTFdaT1ZGQ05vc0lsOU9nZFM0RE9SMXduTEpHcE8wOEM5SVJfOXZ5dnk5eTBpVUVfbS16SHpOSGR2NFVSb0hqWGlpcThya0dXdjNjZmRrZ2dtSEhCeXN3SHFwYWFNWXNTLXBzM0Q4Vnk0TFlQV3dFNlZ2dlN3RS01RENpSWlSQmdic19tZEVVN3BhTGJwQjB6c2tBWWd3R2VPU1FEUmJXLUoxMTRIMWtSZ3ROV2ZValFpN0xzMjYzNHZYWFFIalVJV0tFZlZ5cUpsTlJHNlNicjR0MEYxekd5WHJrRklfc2ZkTm5NdVRiX0tEb2NkT2d0dzA?oc=5,Mass Transit,2026-08-28,neutral
Massachusetts Bay Transportation Authority,$530M from state millionaire tax will go to Boston-area transit agency - Smart Cities Dive,https://news.google.com/rss/articles/CBMijwFBVV95cUxPLVU5TmpsY0RxRTRSNXJkQjN3eU9BelRlVlVsdk56cjdVMFdkYjlGNy01MGdfUmcwd0NaQXZhNDRDaC11N2lWWFduWVJMVkpqcUpCTUloN1RFMGYxekpnbVFMVmVIQ3BCbzRHYzV6b2J5bVZHZGtrNlM5bnNaQkFWeUhkMkV4Qkp4Mm5RMXFYcw?oc=5,Smart Cities Dive,2026-08-28,positive
Massachusetts Bay Transportation Authority,Massachusetts Bay Trans Number of Employees 2026 | Employee Count & Headcount Data - Revelio Labs,https://news.google.com/rss/articles/CBMie0FVX3lxTE1nMldHRXhuRG01UDNuaE0zT3dKNDN5VjVGckNnZzg5d2Vub1BURGhValVyaXhiZkhDR0hwRGExQmhhRXd6QnRXRS1UOW9xSlNWX3JwZFBXUlNyYVBHSjhraXJvR2RxYjBSa29lSjZiWmJQY1c2NGpOakdQMA?oc=5,Revelio Labs,2026-08-28,neutral
Massachusetts Bay Transportation Authority,MBTA receives additional $530 million in state funding - trains.com,https://news.google.com/rss/articles/CBMilgFBVV95cUxONnZyMDMwNWRKYjJGZkg5RGVnOERyRW1oM2hfRDZlWmlYUHh5VHBzVGxXSjE4TmNvbjBsd1hHMDFnLTk0NTdzUWhmQ1RiQ2lJc3h5QTZHVjZ1M2tVcVdwWUhXeWc1bUpSVjlvNEd5NDFVN2JlQkpJZHQ1X1BRNFhGd1FjWXZYWUU3MnF1Z2RsU3BIMjVaSUE?oc=5,trains.com,2026-08-28,neutral
Massachusetts Bay Transportation Authority,MBTA threatens to use eminent domain to pedestrianize Boston streets during World Cup - Planetizen,https://news.google.com/rss/articles/CBMixAFBVV95cUxPRk1oWEQyWkgwOHJIVWc3YmxkbzN6bG4teEx2aHllQkNjbkQtRTA5LWphekRTRDlhUmtLS0Z1ZXI5dnJzejVCc3FUYTBLNTlfc1g1VFRXajZDODJmYnZSd281U0NkT1hJNERZcXYwMFVoYVZjN2Jhc1pCNnRVWkpfVmMzLVpXbU9VYzNMNnp6WHNQWjFFX0xaWUduQkJ4alRCelNBanFkTE5XX3Y0Vm9yRnhLTm9vV3ZXNVJFXzBxckV1TUFv?oc=5,Planetizen,2026-08-28,negative
Massachusetts Bay Transportation Authority,Authorities investigating after pedestrian killed by Massachusetts Bay Transportation Authority train - Fall River Reporter,https://news.google.com/rss/articles/CBMizAFBVV95cUxNNTlKTTY5T0xocWRrYURtMXA5QkhTMmVUa3IwbVZwRTdpNF8wQVBoejdQaHlRNDBpS2MtaFprYkdyeFdCd1ZTbExKTFF5YXJEUUpTMWdRQWhVakRuLWtJLVZ0VWVQcl85NS1XeXVadnlhRGlaY0JVQUd4QlA1c0dQU1I1NzZZZUZWbTc3RERmYlRDVF84SWh0cG80dG5kU1FYVWRMTW5BaG9saGhWVUczWGNaSWVyUUhvWHdZaTZ3LWtac3VGZzJmUzBnRnrSAcwBQVVfeXFMTTU5Sk02OU9MaHFka2FEbTFwOUJIUzJlVGtyMG1WcEU3aTRfMEFQaHo3UGh5UTQwaUtjLWhaa2JHcnhXQndWU2xMSkxReWFyRFFKUzFnUUFoVWpEbi1rSS1WdFVlUHJfOTUtV3l1WnZ5YURpWmNCVUFHeEJQNXNHUFNSNTc2WWVGVm03N0REZmJUQ1RfOElodHBvNHRuZFNRWFVkTE1uQWhvbGhoVlVHM1hjWkllclFIb1h3WWk2dy1rWnN1RmcyZlMwZ0Z6?oc=5,Fall River Reporter,2026-08-28,negative
Massachusetts Bay Transportation Authority,MBTA Board Approves $10.3 Billion Capital Plan Through 2031 - Metro Magazine,https://news.google.com/rss/articles/CBMimAFBVV95cUxQa3duWTMxN2NYOG5FRmxObDBxVTVoTjRIR2xVUFpzNDEzS0pEOHI1QWU2WGwtaTBwV2dHSVBTVEt6aHhxdThWVm83SnlQM2ppUG50dTZVYmg4WnpWWmtDT1MtX0hmVWFvQXNKY3ljUlRQVnhVLU5yZk82ZFJManZKTWVxdS04UHBUMkppODNuZ1NwNVpSR0xEYw?oc=5,Metro Magazine,2026-08-28,positive
Massachusetts Bay Transportation Authority,Three shortlisted for Boston commuter train operating contact - Railway Gazette International,https://news.google.com/rss/articles/CBMirwFBVV95cUxNNXVOcHpxY2ZaZURVSGF3dGc2NW1qbXBKOFM2M19CUWNYLVB4cGNsUnNxMWJKNUpqVjJhcU9vT3pnaHFtaWVRd1JMcHI3WEI0UGpWenhKcGRxbGtuWG9TdDRKMmlfSWZXa1E1bTdlNXRYaXp1dFM2SUlhRm9Sa0pRRmFGaE04eFJxMm5VQmpZcDROd05PbG9DaTlMcDBYSlp2aHlVZE5rOGRpbUd3cWRJ?oc=5,Railway Gazette International,2026-08-28,neutral
Massachusetts Bay Transportation Authority,MBTA to close Symphony Station for nearly three years - The Huntington News,https://news.google.com/rss/articles/CBMimgFBVV95cUxOc0ZzaGdUTm5pMUxjZncwejVPRkNJSkFCNHZZYUdja0YzY3U1YmpaUko4cV9jX05LUV9XS1BKTjJmTWFTNzlLUGNZbXdYemxTdl9iZjNqaTVSMHZiZF9hNXZ4eHZSc1pWNFQ2Ymo5c21fOFRiVF9FMzBNSVZ4cWZZWmgyVG9JUFd6dEFFNjJqVFh1eGxpLVU1U0dR?oc=5,The Huntington News,2026-08-28,neutral
Massachusetts Bay Transportation Authority,AG Campbell files suit against 9 communities for noncompliance with MBTA law - WHDH,https://news.google.com/rss/articles/CBMioAFBVV95cUxOTUNhQmE1NDFDU2JCRTFpUk1YWWZKS0lxT3VWcHRKb1NQcjI1dU5Zdy1HcHctRzkwa3FuT1JkbVNxWFRGTE9hUXpIbEJBREhmYkNfUDVKcXN4ZE5XbDJsak55SEVXSHIxMm9RSjZyWmJnTjJYRUVhQTRENFY0TkFjTEd4Uy1yY2hPLWFnd1FPampKYVVNeFFBZXdpcVFkYy1I?oc=5,WHDH,2026-08-28,neutral
Massachusetts Bay Transportation Authority,Major Upgrades Completed at Kendall/MIT Station - Railway Track and Structures,https://news.google.com/rss/articles/CBMiiAFBVV95cUxNZGluenAxRVRzTHBlQmlLMGlGd0NlcllIbVdoak01NjNXX3NiNVRjTnBaOXNTTnJIN29tcTZ5VVV0WlZHVXVyRDN0NmFYWl9QQnlxbV9Idll2cG43ZkR4YThjVHBjZHlUcXdabDAyalRHMmZ6b1NTR0tvMFJhamhnWG43cnNEdjJh?oc=5,Railway Track and Structures,2026-08-28,neutral
Massachusetts Bay Transportation Authority,MBTA expands Transit Screens @ Libraries initiative - Mass Transit,https://news.google.com/rss/articles/CBMi6AFBVV95cUxNd2EwQ0R5MGpLNE1zRjROSm5PLUpoSEVVcUpZalVKbE54WnFhR05WbkNEQndTMFJWb2Zmbk5Db1VVQ3VPbHFfWkRUOUl1a1ZOUEU0b0cyaU9ZbWF1MGJBV3ZSc3VVZDFFT0xyRVYxRURWckhGLWlhWnppQzBXWHVTMUtYOEZDeksyUUtCaTBtSlFTVGE4aGZUMy1PZmxCTUVreVgtUWJReWJJZENrMjhibUVINFppMGFpQTFUM1lna0dlVEIwdVdXMDgtc19XX1NtdGtEUGZvbi04VzBRYlhWLUd5ajY3LXRP?oc=5,Mass Transit,2026-08-28,neutral
Massachusetts Bay Transportation Authority,MBTA sets price for special World Cup trains at $80 - trains.com,https://news.google.com/rss/articles/CBMiqgFBVV95cUxNNGpJczdrMkIyZW9ZNVFlcFgzanB6aXZGVDg3RHJRZ3NDYnNBRDJxb0VQa3JYODZ2bU9MdFBzZi0zenRXdFdpS1NVNjAxaVBzUmxrdzgtUVhSWGZnUEdfOUZkYlJrSU5keGVpVXhnVVJUV1A1OGhnVGRkUGkzd1ItXzMxaXB2U3dPWDNFdVowazF1U1FIOFBCZl81NU9RTno0UWh4SXI0VWREUQ?oc=5,trains.com,2026-08-28,positive
Massachusetts Bay Transportation Authority,MBTA Updates Rail Modernization Plan to Expand Reliability and Accessibility - Metro Magazine,https://news.google.com/rss/articles/CBMisgFBVV95cUxPaWZNaVI5OXFHZXo2X01uSWdhVFB4YV84TVhGcEZFVTN0Vm1sa1c5UWhOZkl4Z3dUSk9zd0k0LXhJSHZBcElWTnd2ajd0WTdPMFhNN2JSa3liT3pwX0NkUkhtMHVKdmF6ZWxSMHp1T3NkNF9DcV9oOVA1Uk9ybzJqLXUtcFNqU1RfQW1feGo0aGhwengzUjN0eVA2SlhNY2V5dm1aU0ZOMU43OWNIU0I5cUR3?oc=5,Metro Magazine,2026-08-28,positive
Massachusetts Bay Transportation Authority,Boston extends successful fare-free bus pilot - Planetizen,https://news.google.com/rss/articles/CBMilwFBVV95cUxOYXFRREltb3M3bGhQbVpCd0NxYnRxazE3UnN2LVl2bHdxWi1Ib0hFNC12blNOQjdpaTNlRkdScWxVY0I2amZXV1RYTFVUTDhlNE5maEwtX2ttTTVCQUJteDB4UjkzZmpCTnRlSEdFdW1nLVlOel9pZnU3d25ZcVdQcDRiZHI5T0ZzS3FidEhUcFJrZ05sQW5B?oc=5,Planetizen,2026-08-28,positive
Massachusetts Bay Transportation Authority,MBTA’s proposed FY 27-31 Capital Investment Plan to fund remaining cost for redesigned Arborway Bus Maintenance Facility - Mass Transit,https://news.google.com/rss/articles/CBMi1AJBVV95cUxQd2diQ2xjbS10NHQyTTF0d3RRS0dkaWNoYjlHR1ViWFg2dXhFaWxmRml2NzM4VktpYmFLQzhYR3UtdTdmUkxubGg3aGxqX0hDX3FFUHQ1QWFrLVJJTmVpUXlUTi01ZGRkc2ZOaDhXNGM0RG5wYjc2YnkwTTI2c05jMjZuX2JFOVd1NE5Bdk13aHZOUXF3X0M2aWNEb3U2Vzh0UTRtRkxOa2J2aXFQZnoybjBPOTFvWFRReWYwc0tuSTd2Q2J6ZVJhMlRFLWp3RXozQTZkdDRPTkxFS2dLUzdzN0tMcm02d0l4MHB4N3UyNkU2aVhzRlNkc3dUVUJORHhreTBsSnA0QXpzM0VBaVRYZy1aYXVFcG9GS2JIaERsTHJmdjVHb1RnZFpUQWFlemh5eW52YURKYlBmWEc2TW1ET29BTWJVMURZMkxVLTRjcmlmTERp?oc=5,Mass Transit,2026-08-28,neutral
Massachusetts Bay Transportation Authority,News photo: MBTA’s America 250 unit in operation - trains.com,https://news.google.com/rss/articles/CBMipAFBVV95cUxNMUxKQTBfUTAtVTcxaWxzMnNvcVNlNlBqME9KTzJfZXNqZkItRHZ6WDFJVGhDb1dZQ01DdjUwdVBqa1YxNHJkWnc0bThYSUQtZ1h3Y0JLZUJuQ3FKRkJIazhQTlFtNnNnQ1hQUDdHVkMxNkJzYkVVUWUxOC1DMzV3TDdXcjNvZmFtZlZnekMzYnFJZWVwMEZmMk5OenVGQlNIcGVXYw?oc=5,trains.com,2026-08-28,neutral
Massachusetts Bay Transportation Authority,MassDOT completes Maffa Way/Mystic Avenue Bridge superstructure replacements project nine months ahead of schedule - Mass Transit,https://news.google.com/rss/articles/CBMizwJBVV95cUxQWi14NTZ0cjZfalpUekxvT01VRlliVG5xVU12MndsMGxxVjZuSXN0cUFGemt4bGx0bWc4enlRdXVCN2xYamNtMktxR0FZU2FpcVRlOGxmSDdZRTZ6X2JVeHNqWjZYVWFzQnF3d3dJbU5xQlhPb1VBdGpUeElDdUVLLUp3bjkwdlNYQ3IyNjY0U2VGa2lRN1M3ZEYtZkxCeGx1dWQ3LUVIQldrWHc5UmRLTHJXZ3hrXy1fRVV3ZkQxYVBDZlVCcEhYQndrWmVtOEhaTE04NUdyTlZuRFljcHREd0Y0YWw2clV5LVh3RmZoNW5UN3NoR0NNSFdReW9VZ0JoQUFDMEcybWdpMHBBV1FVUldsOWFGUGQ2QlhwdHhkenFqSVdZRnJlNVk0UllFWVdxX0tjUXYxTmpFdlU0VmV6UGhmNFNSeXdKSUVsYUFsTQ?oc=5,Mass Transit,2026-08-28,neutral
Massachusetts Bay Transportation Authority,MBTA Wraps Up 2025 with Strong Improvements Across the System - Metro Magazine,https://news.google.com/rss/articles/CBMingFBVV95cUxPNWM4Z282YzZSWFE4SzcyNUJFcDU2S0JPdVdkMm1CbWp4WGlRMlNkOFV5bjl2SU9tbDdMLXljR19nLUxZV1hlWUhJWE9GQ29QSlJoRndtYWZVWndKUXVvQzU5cWVqYlZrdGkzcHRacHdUTUtySHY4M3lQbXI2X3Q0QWUxVmJENEhIX21nMXpkNDRVaGplS0ZHT2plQzRKQQ?oc=5,Metro Magazine,2026-08-28,positive
Massachusetts Bay Transportation Authority,7 MBTA Workers Charged In Red Line Track Inspection Fraud - Patch,https://news.google.com/rss/articles/CBMinAFBVV95cUxNS05LQUo5Y2pFeEVKRTZNUWplemZrUE9DbnVLT3lna3FraUdsVzRxMTZmOERGLWZ0NlhkLUhhZUVDZzlpRzhvRThwaGhSdHlhbzZFME5ZckZaaHZCaU1NaGdiX2x3bUVGS0lMdTZaOW5oY2o1cUVRUnJIY3F6RTFNX0FxTUY3a1VlMzRRRjZmZ19XQWYyM3ZFNjhpbjY?oc=5,Patch,2026-08-28,negative
Massachusetts Bay Transportation Authority,"Transit Briefs: MBTA, Brightline - Railway Age",https://news.google.com/rss/articles/CBMid0FVX3lxTE8xa1JGU0tVeFRlT21DTS10WHZhOVlSd2IwQ2ZHdnM3ZVhNMk1mLXMzV2tFZ3U3UTdtN0xJQzZkNjI1bjJrYVhqY1JGMmpudlE1VnhLM2FGTWo5X2lJSjRiMUVjRXVmbHZZclJBcWFXdWplTjBYRzRR?oc=5,Railway Age,2026-08-28,neutral
Massachusetts Bay Transportation Authority,MBTA train tickets for World Cup 2026 matches to go on sale - WJAR,https://news.google.com/rss/articles/CBMikAJBVV95cUxOWXNZMTJHcmJ1eWtkbC1MZUh0QWpjMWZlejc4ZElXa1d6THgzaTVoeFVLUDBNNHNWUVZHaHNEVXE4Z0tpaG9mdUc1ZV9fdHZvM2hiTmJnd01HZzV4Y09hOGRLbkxrbVJKMHNlM09MSWg3LU9YbkJqbUdYcTk3bExreDNyanRPYlJJbnpKWVhvcmZGM3dlZ05vbmxZRHViV01ObEpsV0lvVWkzUk9jUXBENC0tWnA1OWkyVWVtbWNLY3hWLWJmeDZFSllKQ2ZuQ1RONVdqcjkxLTFEQW5IQ2FqeV9GeTc0VVJ6MjZYOE1vME9FSU92NGJlaldYMXpaUEhxbGJVdm9leXdTSWswRXpDTw?oc=5,WJAR,2026-08-28,neutral
Massachusetts Bay Transportation Authority,Boston Charging $80 for World Cup Train As Free Fan Fest May Shrink - Front Office Sports,https://news.google.com/rss/articles/CBMickFVX3lxTFBZbWFZYzNsMVkzM1hCZkpXZTliclE3cFNFYmloVmFBTTVBQzBCNVdZVHJueXljUGZMRjU4MWdFd2Uyam11V0U0NTZBeGNNVHk3YUVBLWR4bnZ1UmVJT1hTS1NJNjBqYmNCUHhFQjBBUFVFUQ?oc=5,Front Office Sports,2026-08-28,positive
Massachusetts Bay Transportation Authority,"MBTA seeks new battery-electric, diesel locomotives for commuter service - trains.com",https://news.google.com/rss/articles/CBMivwFBVV95cUxQa0k2Z0VOc1FyNlQ5YjhGbEM1Ylp0aS0tbHUzRWNaOGlXcXJyT3FWRFlXRFNKa1pIckY3TDc2QjVnUFRoYXQxTE15VUtFZmpSazFrWDdncExrZUJRVXZ3anVHWjhQY25iV0kzMm5VQ0ZJaVdlLWR4aTRWY2czdXU3Sl8taWEzS3hwYUV5QWF6OUhUU1lIbW5pZzU3dEhHbWxCeGo5cGpjN25GdEhSTEc2MTd3VVl1N3IzV1YtZll3QQ?oc=5,trains.com,2026-08-28,neutral
Massachusetts Bay Transportation Authority,Full steam ahead for CRRC making T cars at sprawling Springfield plant - MassLive.com,https://news.google.com/rss/articles/CBMivAFBVV95cUxOeG8wcU82ZEQyTGpTaHRuWWh3MWMzdmJ4ZnpNM2RjVkQ2a1VqU2VRVHRZTkpxV1dCUzd0eE96Z3oyeDF1QVBkSmZYLWdUR3RQQnZLUXMyWVNoM19nR3RSRGFJRi11SnBiSWJIWHRHaW9NSHhSSTlNYTdFZTg2YWtSRGtXeFhNNEpkamZISjdfS1EwQ2w4VjhqdjlHdnI4UndqZkpDSVVfWGx5SVBYeU94ZkxMdlVEaFdtaWZLTg?oc=5,MassLive.com,2026-08-28,neutral
Massachusetts Bay Transportation Authority,Massachusetts Gov. Proposes $8B Transportation Investment - Engineering News-Record,https://news.google.com/rss/articles/CBMilAFBVV95cUxNMUVKYzYzLVNjcWFSNGNJUkQwSmJLMER3M0s1aXNZX2h6cjdCVUhzVUltZm5JekgzQmhNWUJWLXVabDRRNDJfYVJUN3pqd2JFTUcxUDNyVWFHdWlfeFBUcDJSSUJKRmVmeTZTOFBHbDkza2pZVzh0WUVOQXNqckF1Q0xpZUFEeGpYS21MSDJPSHNhYzZY?oc=5,Engineering News-Record,2026-08-28,neutral
Massachusetts Bay Transportation Authority,Ferry catches fire while underway off Boston; all on board rescued - Baird Maritime,https://news.google.com/rss/articles/CBMitAFBVV95cUxPblhzOG55eGV1WWVRQUdzR3MwTlVMN0M2d0Nqd0twRGZ5MFhqYWIwWXRhY3BfTFVOcGFPVVdtLXd6aEJjRFE4Z01uSkRnWVg1OFc5N2M3eXQwclRFcWFENnN0QU5keUZYeHdNY3RPMnB0bkQzaGhWSE53Um91cE5YTW1tQm0xUlEyVFdjeV9CaHBrTWVqdVQtTWdrS0lreFB2aTNHTm9FZC1BQXBzYUpMQlRZcU_SAcIBQVVfeXFMTWk2TnZJLTc2WV94N1NlVTlVWGN4ZzRvSFJPLXhzbTZmMXVYT3VlM2owLUJvcENvUWJURVJxZmtkNVFLa2xJZEFSeDlXZHRRWFhMOTJHNC1aVjAzX09qa1Q3ejBBVXU4bFBudUNobzg5OFQ0ZjFBbmlaQUloNnVvaHNqdWR4M0dmdkFDTjlVajhRZjFkODh3eF9rc2d0V18wOGZ0V2VYQjV6aXdxUWhhbldhZTZ5eHl2NTk1akw4LVViYUE?oc=5,Baird Maritime,2026-08-28,neutral
Massachusetts Bay Transportation Authority,"Award of Merit, Airport/Transit: South Coast Rail - Engineering News-Record",https://news.google.com/rss/articles/CBMiigFBVV95cUxPOVh5ZDZabGpJVmU1VDN4V2NySFRzRmx4MU9FNzNlTzZ2SnBfU3FvN2hzd0lhOFBOWGppcjlDMmZZSERiZmNLSzY5aGpGX05hM1FnY1lNY09hZWw0MzdqQ1BxYlVYWXBvRW5WV0Y3VlhnSFJUcERsbmVtVEhFMFVyaWtNV3Fpc3dXVUE?oc=5,Engineering News-Record,2026-08-28,positive
Massachusetts Bay Transportation Authority,Rail News - MBTA enters New Haven heritage locomotive into passenger service. For Railroad Career Professionals - Progressive Railroading,https://news.google.com/rss/articles/CBMiygFBVV95cUxPcHpyUWhNb2dOM1pvTmFacFFaOENwQmMxWnRUSjcyX3JTcjV1Zk1YTm42VUVqeDIwSXBIMGVfMW90Z2RQdDB3TGlPUWxXclNCLTMwRzZHbzc5eE5yTFE0X1ZhbUh6eXZEd3FYV0JTT2t1MjRiZWZUYUR4ODdYX1VJY1dIOUpJSnJiTGhMeC1LUjhXa1lqNGZOdEIyREtpanRMSV90YWpJd3VjZVNDQTF0eUljREJXTUNUMVQ1M1prd0hmQ0NNSGFsM1hR?oc=5,Progressive Railroading,2026-08-28,neutral
Massachusetts Bay Transportation Authority,US commuter operators launch battery-electric locomotive tender - International Railway Journal,https://news.google.com/rss/articles/CBMinwFBVV95cUxPb1NkbmpXYVhjWnJnVnd5bUJoMHdLX2VVQlFxYlVUMnJocHVteTQtU3RCT1BTdm12RE9SdW8weEx3dXBkVmFkV2RjV3FFa2Q2UE1waVlwYnQ0SkdKajk5dVJkbGg4YThPUjNQTWVpY29LZVhwS3NlS3lWUzM2VGtzTXhwV0d3T0ZYQjBSVG5YU3d0Q3NlYXl1NWxTYnNYa1U?oc=5,International Railway Journal,2026-08-28,neutral
Massachusetts Bay Transportation Authority,MBTA backs away from major Alewife T development - Cambridge Day,https://news.google.com/rss/articles/CBMigAFBVV95cUxQU0pBbHc5cnNCbFdTOGYxdzMtdkpSaU91UmZiRWt2Y0ZYZHRyNlp6OC1ybGhBbVJONlVFQzJXUV9KLXkwWVc4OXVZUE9ETWFkXzA2QTFhdG5SOGNuaUJxYUphQWlRdG44ZUNydk5CQl9kQWZSLTV1VGhsZFZRTkRMYw?oc=5,Cambridge Day,2026-08-28,negative
Massachusetts Bay Transportation Authority,Supporters outraged as Boston hikes rail prices from $8.75 to $80 for World Cup games - The Independent,https://news.google.com/rss/articles/CBMirAFBVV95cUxQdTNYcUJfeHJyR3hSbFJnR0RoZDhHdE5SQUkxakhDZXNMeVhUMlFod0xqVl92UThSa2hWTU16a1JCWXU5OVhrVGxlU1FuS2dwN1Y4VW4tSGE0M0dPVXBGMmEzRkJTQXJzcjd1Mm1TeWRGeDUwQVdDejYxV2NPVFRxSk1ocnVmVDl3WGktZWVzY2l2Q3AwRGZLUWEycmtTbzZTNlRZN2hxNnowMmEz?oc=5,The Independent,2026-08-28,negative
Massachusetts Bay Transportation Authority,Boston's MBTA Orders 80 New Flyer Electric Buses - Metro Magazine,https://news.google.com/rss/articles/CBMiiwFBVV95cUxPZXI1Z01pTmVzTlRBQ2g3SmhJcUN0bWpkVmZ2ZWFEZ0FZN0hVdlFzVTNtVnIyOFZlUU9md1JwaHZ0MEdCOXBkUVlqYXl4YUF0WEJaWWFjTktZLUc3MFozZUNTSFJkaFYxeWRPNm1Za2pJX1pDaWQ3Zk81MHRPQ0pBWGF5NktyaWkwVlZR?oc=5,Metro Magazine,2026-08-28,neutral
Massachusetts Bay Transportation Authority,Turns out that World Cup MBTA tickets are not $75. They're $80. - The Patriot Ledger,https://news.google.com/rss/articles/CBMiigJBVV95cUxQWWpodV9yS3RWTTMwNVJPSjFqR2NyYmtPQ1ZtUk5RaVdLYktpdHdFMjdFUkhVaEg4THB3RG1hVnRabTNTRmxWSmJDNzRVQ2h3R0d4X1laOW4zNndSdnh1SFRJR0NEb3R5TkNtN01TYUJRWVkzdHNHQkJJMWtQRFNxa2xNd0J6bzRPQkRzT05kYnBTSWRsX19VdVllZlk1Y0ZhQ2hlTElid2lJZEUxdGg3LWM2cldrd0V5RTZlQ1pFMDhraVA2aU12eTdzRWYtQ1NlUkstV1VSMkk0RVdFckNSTEx5anVpWThoUjBOMlRuSmczSzFTemF6Sm1QYTJqbllSVklVSlgzYm81QQ?oc=5,The Patriot Ledger,2026-08-28,neutral
Massachusetts Bay Transportation Authority,World Cup 2026: Fans in Boston face increased train ticket fares - BBC,https://news.google.com/rss/articles/CBMiZ0FVX3lxTE5XZ3hIZEFBV0RvQUNiLVZBb3hjYk5ZeGRSVHZnRDZBOUJid1NrWm1zU1I2dFdjaG9OWmdLS3pQbVFiM1UyX2phVEJFQy1EWW5EZzVfaFUyMW8wejN0OWVacmFDemFXa2c?oc=5,BBC,2026-08-28,positive
Massachusetts Bay Transportation Authority,"Phil Eng has two ‘24/7’ jobs right now, and not everyone thinks that’s a great idea - The Boston Globe",https://news.google.com/rss/articles/CBMihgFBVV95cUxOWU8ycTJEWXo3UVZuTXZucmxnd1pnSTREYUhHalU1ajdfalkxSGlaTFo4dUtmOFVfc3ByRG8wT2xqMTJXQkhyN2Q2ZzdCdE5PcWkwWGxqMzRuQzNKanpFcWhzOER2YmxqWlAzalRWUmV1ZnU2NkdXdHlEQURXSE9IUGxUNVpPdw?oc=5,The Boston Globe,2026-08-28,positive
Massachusetts Bay Transportation Authority,Massachusetts makes a pit stop in the market with transportation bonds - Bond Buyer,https://news.google.com/rss/articles/CBMikgFBVV95cUxOTjhldXBRNU9aRHprSFUtSVB5dGcta3Jqa21sck1lckp1TVdidzNTTGZFODZ4SXA2eFAtTGFzNnB0Zy13cUpYTDdZRFJfNkFTUXBZR0tzazlaWXoxXzJZd1BEMExjUjFoM1YtTHBTWENrMzMyaTh1Q2NydllwS19IaExScVBNSGdSOE56bUo1SFFEdw?oc=5,Bond Buyer,2026-08-28,negative
Massachusetts Bay Transportation Authority,The MBTA must crack down on fare evasion - The Tufts Daily,https://news.google.com/rss/articles/CBMiiwFBVV95cUxNSlVDXzdweEtWUTBmOHZCY0tCMi0wWHBpZjUzYzNsQ08tLURkZ3FmbWp5U1FSMzRFWU1MaWtIYTV4TU52QVpKZVg5NTM2c0lBZ253Q1NSWVJiaDB1YkcydzJ6X2wzN1U2cGQtUHpGTUY4MmIyQjFtbDZxaXVpWXQ2U1ViQkJWMjlaY2xj?oc=5,The Tufts Daily,2026-08-28,neutral
Massachusetts Bay Transportation Authority,Skanska lands $1B Massachusetts rail bridge project - Construction Dive,https://news.google.com/rss/articles/CBMikAFBVV95cUxOS3NaWVNlcl9nMndDOUlkdGdMV3lXaTFta1dVeUtVdFViYmphcmc5bi1aX1p5QjFwNkkwM2RkOC1TMk83LTRMbTkwM0RESUxHUkdQRmhvVnhtSG5LX29qMnlCN3RpNlZob05uUlZkTDlYT05BXzhQclBCU19nLTJXaG5qemE0YlpxS1dDaHhabHg?oc=5,Construction Dive,2026-08-28,neutral
Massachusetts Bay Transportation Authority,MBTA Rail Modernization Plan sets rail upgrade roadmap - Railway Supply,https://news.google.com/rss/articles/CBMiigFBVV95cUxQNW96UXVvbkN1MjF0VDZjRjJlNzlicEI2VHBSa1JVdmJBLWZKS0VBZHk5bDdTa2VOTnFsUGVkVndMTlVGZmY1LS1DMnh4RzI5aHkweFJDcktlZi1VWnhIWmtsUS1HVTRoSXUwMTZmWlhtU1BuRVN5T1ZlSTZCTlVzWFNkZHVVbXBhZ0E?oc=5,Railway Supply,2026-08-28,neutral
Massachusetts Bay Transportation Authority,MBTA celebrates summer events in Boston with special-edition CharlieCards - MassLive.com,https://news.google.com/rss/articles/CBMiugFBVV95cUxQYml2NktXZ1VuR0tuQmVlUUNCYWtQbmxkYnlTMUFPdHFfVkY3LVhBXzFkZVJwTUlCQVExNy1OdFR2TUpKTlZCN0w1c1prN0JndkprRk5PNTkteU1jbmlyQjN5UEIxRXFrODN0ZGNGU3pwNUZFSVMzcnExY1doTmVYUWw5RS00blhiNEhOMGVCam1rWXFfUk1KamxFX1BWYVRFMWxJWFpzX1ZzNWJjOXU3OFNEWU9uVW9zbnfSAc4BQVVfeXFMT2xycmdETGhOZUxaNFNYUjgzQmNBZmtEMkJ3X0VlQXpfT0NGelQ0VEN3aUxTUFRTMk1vV1dOUUhHLXd4cWlPbTJLajNGRW41WFRkZ0tRVTRNME1sLUpOQTZpeDNCRGUxMW9Sc2JydmM5eUNyU2dtOGFvaC1DNjBQaHNyMjk3QlgyTXFpOFMweDB0cU4wTk5BUUhOTFpzSm5ZY1ctNWc4Qk5MbWIwamV6eGJZaHdzOWR1WDYxQ2FXNE9XMWhfQlV0ZVF3dzA3Wmc?oc=5,MassLive.com,2026-08-28,positive
Massachusetts Bay Transportation Authority,Train Service Halted After Man Parks a Corvette on the Tracks - Road & Track,https://news.google.com/rss/articles/CBMiqgFBVV95cUxQWFBwVDdLbDBhOVdjZGxLd0IxS0hiTkpHdWc0aGRHZkhiSy1YdERVMU5NV1R1X1JlOWNqN09VZEpxeWRpbnFsaGtXY19VM2ZrMXI3X1dQZ3B6eUhHbk5nYkEwcEdzbVhtWkdwdmNxTHI3TzRnM1dhUGtaTVFVUWlqcU50cE4ya05LUG5FSFB1aW90VXBpdW5KVGJhTDd1V0cxQzVKMXZyT0V6QQ?oc=5,Road & Track,2026-08-28,neutral
Massachusetts Bay Transportation Authority,MBTA Secures Funding to Procure New Commuter Rail Locomotives - Railway-News,https://news.google.com/rss/articles/CBMikAFBVV95cUxPSHZoYmpZbEJpMUI0aEFkZVE4ZFBURDlKa0loeTNlTml2TW9MQ2NwU2FMSDYxNW9WZHRNMDh4X3oxallIOTM5d0hjUEdBX0VGTWVRTW1ESkR0RDVFZnYzd1dSRmIwb3lsSktTVXNuWUswLVJlaEpSLVkzb1JybXpfdHpOaHJOQ2N3SkhjMGItZlU?oc=5,Railway-News,2026-08-28,positive
Massachusetts Bay Transportation Authority,New F40 Lease Fleet Enters Service on MBTA - Railfan & Railroad Magazine,https://news.google.com/rss/articles/CBMicEFVX3lxTFBiTXhsQ2RocVpZYkFTdmhrMnR0Ui1GVHZpRWs0Z0FLbWNyNlZUdlJ2YXRybkpreGNHQVRCWjEwVWpwX0NmenRIOFZURnliNzlEdlhqT3plSFpmOWtqZXY5TFZOUmpjajBrVzZzZ3FhTWc?oc=5,Railfan & Railroad Magazine,2026-08-28,neutral
Massachusetts Bay Transportation Authority,European companies compete for Boston commuter rail network - Railway PRO,https://news.google.com/rss/articles/CBMilAFBVV95cUxQU3Z5VkZVa2F4bjh6dVhyUE5CWGhIcHFDR1htSWxyUXNQUDBDRmNxTE5iMWxrU0dIbWctVUx5NUhLZHNsZHVYLVVWQW42cEJwUVRFbVdncEFST21tTFZhUnJWWmJORExVbkhIVWwza3ZXRXMtdmpnU3BLT3ZITkZadXg0ZTRIUVZUa01WX0xDSllnTUVl?oc=5,Railway PRO,2026-08-28,neutral
Massachusetts Bay Transportation Authority,MBTA completes Green Line C branch infrastructure work - Railway Supply,https://news.google.com/rss/articles/CBMiigFBVV95cUxQZXBFRlc1RXdyR2RxX1BOdFNBZHM3LUJtUThPRGJCeVZQUklERVpJeVZySGpKRjRzR2IwM2VzOUtJZ2xQUXVhRGFKMXZ4SUxiNFA0QjllbktQNnRQZHNraG4yR194al9OT09yUDN1Zzd6NTYzUHJSNWdnbHJOVnBCT0dzTVZvQU9IUkE?oc=5,Railway Supply,2026-08-28,neutral
Massachusetts Bay Transportation Authority,42-year-old man dies from injuries sustained after being struck by Massachusetts Bay Transportation Authority train - Fall River Reporter,https://news.google.com/rss/articles/CBMi3wFBVV95cUxNb3dOOXRJR3F6TExPdlJGNlg5XzVJeTlmOER3VW9fUVM0Y1p3M3BHVGdhQjBjZUVPYUstT1NfTEFCRDNkRklLcjBLS0FZTUJTOEJkOGRfcGQwbEZ4VkZJNWphYm5UTjkxVHJzRnQtSnpjV0d3TjEya2sxMnkxY1pZVVBFTWdJTFJFeXFzYWFWTEhScVhPcTdLeV9NX2hGSXZoQUg5SWtNdkMzVWNXSkR0Wmk3V1l5ZjFaUFh0V1Nta3VmMUc3MEpNcnhlYnZUR0QtUXVyakotOHVwRF8tSHZZ0gHfAUFVX3lxTE1vd045dElHcXpMTE92UkY2WDlfNUl5OWY4RHdVb19RUzRjWnczcEdUZ2FCMGNlRU9hSy1PU19MQUJEM2RGSUtyMEtLQVlNQlM4QmQ4ZF9wZDBsRnhWRkk1amFiblROOTFUcnNGdC1KemNXR3dOMTJrazEyeTFjWllVUEVNZ0lMUkV5cXNhYVZMSFJxWE9xN0t5X01faEZJdmhBSDlJa012QzNVY1dKRHRaaTdXWXlmMVpQWHRXU21rdWYxRzcwSk1yeGVidlRHRC1RdXJqSi04dXBEXy1Idlk?oc=5,Fall River Reporter,2026-08-28,negative
Massachusetts Bay Transportation Authority,"Citing improvements, judge ends oversight of MBTA accessibility - WBUR",https://news.google.com/rss/articles/CBMioAFBVV95cUxQU1M4MWkyNkxMOUM4WkhHR1VrSWxtWEtSVVc1bVZDcUF4MElyRkZ4dGtTXzNUTGV3TWtsQVRyTk96dzBwN2FyUHM3VzMtQzdSbG54b0ZyY2FpYkNGMFM3UnhSQTJ1SUNnTTFPLW10Y29KendMWC1lTS15RFFsbTdmajRGT2Y0VnlSRHZDeERlMEZQRVhUeUVmajlodlFfV0Zf?oc=5,WBUR,2026-08-28,positive
Metrorail,Easy Perks Puts Miami-Dade Small Businesses in Front of Metrorail Riders - Community Newspapers,https://news.google.com/rss/articles/CBMiuAFBVV95cUxPU2QtOVZ1cnp3cEJyd0FSMHg4WjZpMlIzUzNWa0JIcTRfS1FaeTVnZ2NCdHdpajRDSEVPQkl0SW9DcWVTZS1SVGE3QUlnakFzY19BMU00V25NdlVyVEptdHEzZkdpUWhsX1NXWlZpY0JyZjhLaE9hZ1haZ3otVWJPU01yZjVyQUlybzM5ZFh2aW04eTEzNDdTdjJfM3UzdDN5VDN4MFJrakJYYXNHVmpKNnVWMDBBWDZ1?oc=5,Community Newspapers,2026-08-28,positive
Metrorail,"HFD at fault in both July collisions with METRORail trains, TxDOT says - ABC13 Houston",https://news.google.com/rss/articles/CBMilgFBVV95cUxNV3Fva2N3Tk1WZGo4U0VXX1dPc3NMWG53T0JHUDN5TlB6SkF2LUdMSk9GQ2FyVkMzR3N6Z0VPd3NjU2RGSzgzS2w3TjlBZ0RqZm9YQlBfM2luLWNqemxjMlNFWWVtU2tvcV95S0JKZlBWNkoyT09sUjFSQ0NMVXFtNlEyeGRFQWpMcFFqN0JFWkJ0Z2JHSkHSAZsBQVVfeXFMUDh5VnhqNTVzSWpZV0lwU1BwblI5ZkNsa2NjaHIwSnRja0l6WnY1dVhuNHIwcVdNRzFzSktWNF81X3lCbF9POWUydlJGXy1mTEZJZFhzVVV5bVRNQjd4MnVXSHlBZ1JDbmJlVzlnQmtZamM5dEJqWkgzM1gxWEpjWkxEU05GTk5Pci1raWpCdWhhXzNuZFJ4RE9EVkU?oc=5,ABC13 Houston,2026-08-28,negative
Metrorail,Houston Fire Department Fire Truck strikes METRORail train - FOX 26 Houston,https://news.google.com/rss/articles/CBMihgFBVV95cUxPMDF0djkxQ25uSFpxT2xjNzc2TmhkQTIzSUhvRzg4UFhBbnJmcEFXNFl2QnJyaXBXaHRsOXNLUDR6M19Vb3RvOHdfOW1OSUlVU1Q5STBiV3d3djZ0Y2xCdkdUMzhxcVdGYm9DcWNsLXVxRExQYVFYYUZKTzBIdWZYNjI2Y3h4QdIBiwFBVV95cUxNQW1KTVF0V3Z0WlVIR2JSS19LQjdiSzBBUlZCTHJzSGt2NlFrd2NoQ3pCRDg1MnNXcmg1aGMtYnlqajROSUQ5VEJOQVZSLVVhNHh4bHgxejRTOXNrdFI1ODAwc2NabXZrZXBQTmJ6Tks5dHdua1dqX29Nd0ZRX1RJNlUwaWJBUENjVFdn?oc=5,FOX 26 Houston,2026-08-28,negative
Metrorail,Miami-Dade could lease site along Metrorail tracks to developer - The Business Journals,https://news.google.com/rss/articles/CBMisgFBVV95cUxNdVpxdHBOZ3pZanVqX3dUbzYwUDJITzZETXNvUGZnZkM1MXowRzY4TWtwemRKNHVoeThQX2s5ZFV2WHJiQ1Q5Z1ZSMXRhSWtJOU5wVzU2SkZVbjJnT01Gc0JBMG82QnVMaGRTX1JrZ1IwNm5xUTVBSkxWc3lHdUNKMndNVXBKcTdxTktMNmdBd2FrSkRXMURqd2xucVdVcHZJWTFyRFhOYU9Ma01GVDUxeVZn?oc=5,The Business Journals,2026-08-28,neutral
Metrorail,Inter Miami CF - Inter Miami CF,https://news.google.com/rss/articles/CBMibkFVX3lxTE16UkZSa2s3OVJVcEJrUEJmMWZrLW5wNTE5SGhIXzJSaXNKQ01pUXBOZmZMS3lSM3BycEtUZWw0Q21xOWdHVkdCczZjelI4a08zUkt0Q2dzbTlFNFpON29HdENublNhVGw0U3Z6UGRn?oc=5,Inter Miami CF,2026-08-28,neutral
Metrorail,DC Metrorail to move ahead with plan for full automation of Red Line - trains.com,https://news.google.com/rss/articles/CBMivAFBVV95cUxPNVRoVzJFcmxyYi1XU2pZaTJqVmFMY0Fad1ZuUzhYbUVYRFgyY0FUWmpsVkVoMHEyaTRLdXl3SHNpZ2kycnFiNHk3OU0xem1nWVBWZXBjODg0RVh0ay1rYVU4bjRiNENzXzRXWTJoVzdDai1pZzJuSHJhdklrank1eUNzeGQzZTJKLUh4b0hYTlNZLVhIaVR1NUxDOHFLOEFzczZqcFQyaFpEVDNxTGdRc0phSUNmSWhuZUUzbA?oc=5,trains.com,2026-08-28,neutral
Metrorail,Cost spike sparks rethink of Miami-Dade’s North Corridor rail plan - Florida Politics,https://news.google.com/rss/articles/CBMirwFBVV95cUxQeUI0ZS1CWE9VYWU3U3RZMTI3eXAzSjNlWUZiUGR5SlIwTUpYRW5Ca2FGUmtuTDlqT2k4b3JJZGI4MlFCQkxGNXMwelg0VmpqcTdtRWFBUGZXZWo5TUZrbUkxanhFaVRMQlVscW1mTU92T2E5ekZ3N0Y1ZF9iX0JvMGpwMzVVWmpxSnczSTFfcnlrRWFFb2Z3VVdSNk1uZHZ1eGpSaTNiMWZNMHdsb1V3?oc=5,Florida Politics,2026-08-28,neutral
Metrorail,One dead following fatal officer-involved shooting at METRORail platform - Houston Public Media,https://news.google.com/rss/articles/CBMi2gFBVV95cUxPbUhjNVd4OHBqZThNanJyYVd4ckFSTnZySWw1T2NNUHhCNEpEd0puSU1nN3BES1NsWVloN09IX2pBS2w3R2pQaEtGN0hZUEtReWpuaDIxd2JFOUJXd25oSHpRU2V5UmxOS2NESzJHbDRUS1dBZGg1Zk5HbmxLLXRqcGxLYkpMQWpDU2pIZXF1UVBrTlR1RkxMV19jMHlCdmwxaDFjWVRBa1dEcUJWUWJRU3lMcUxSaWp2eFZCR0ZWSE0ybFlnVGNyZGUzVTd0QUthVDIyY0NoMV83d9IB4gFBVV95cUxOdFhha0Q0TjJmVkktTU1DNE9ma1NKZ3ZFN2RQZ000dk1iSmFkTWxSRUd5bms4MWtQZWhLUkZtWndRNC1RNFlsZ0l3cnZ6RjlPWWJFbmhXeWhMam05dGlpcUhLZXN4cnlXRW0yeE16QURxQVZXbTZpWmM3OEU2a0QtYmp5UnA2UEtJVGNfV3Y4a3p3Ym1kcF9aZ0xRUVZNbnlaT1FUV0hRa2NmYXZGTGdOdm5hVG5GRHlEZGNVaFBObHJWQkxuSGxUaEp4NFRDdUtRNmhrSlRhdTVSaW4ySEhfR2hR?oc=5,Houston Public Media,2026-08-28,negative
Metrorail,GALLERY | Metrorail celebrates its 50th anniversary - WJLA,https://news.google.com/rss/articles/CBMi1AJBVV95cUxQOFljZWxCcGRVWm5FOFI4X1piZUhsMUU0Z3FvYUdxNlprVGc3dTlYNnZybFJKZEpqa0NYa1U3d19rTEFzeWhoTWpaMUhxbVI5TGI5dTlBU0JPQlRERHljNjkyTGZueE4xTlBsZmFsbElZRUZ1dG9KY3lBMVJuVGlUUldzbHVjQTRrb2lkY2JXdG45aGRIOThhZG13d0pESGtWVlZSTm1UZ0V6RlRHZHNJdF9JdWtwUzk2UkdyOWVIS1huaV81VVBZN1ZnclZIVWJQN2pvWU1KWWQtNmM3dC05SjFsRHdkbmdVcFpTRGN3anp2VlE3RWI5VzhiT0JFeFVqaW1NT0d6OGR2c1k2S3JCMG82OS0zTjVxS0MyUThrcjRhcFJpY1ZEc3FQVENGb0VjR1ZLYk1TemVXQTRhdGZpU0RaYThNVEliSXRhcW9mNXlCZ01n?oc=5,WJLA,2026-08-28,positive
Metrorail,"‘Elevate 54’ Planned Near Brownsville Metrorail Station at 2845 NW 54th St, Miami, FL - Florida YIMBY",https://news.google.com/rss/articles/CBMiuwFBVV95cUxNZTlRM2tkckZCVGN0WjBVVG4tY0VoS0tCbWVpdUVLdV9oM0U2ZUhaa1E0UGU5N1FWVG1RTHNPRGd0ZlZXYi02SWhlZXc2amJ1T0NOR25PdXAtZ2FiTm5MTHYxTEE1cGhESVNZVEtwTm1FYmp4eGlfQlpKMXNTXy13V1FYbzdYMnlwOG1ILUYzU0xoQVZTb0JrTVJTRjFRVmxzN2tmb05rWGVKelN6UGd2Yl9yNTNMVk5QRTNr?oc=5,Florida YIMBY,2026-08-28,neutral
Metrorail,Why I’m celebrating 50 years of Metrorail magic - Greater Greater Washington,https://news.google.com/rss/articles/CBMigwFBVV95cUxQZjZ1ekdqYUNzd1NuXzFsbnZwRXR6a3dmbXpaY3pucEttM1NvcVB6VkkzdkY2a1MzbHBHYW5sNlV4M1lHOFZzdUVjYmV5WnFRcXRZYkhfX0NMNUR1NGlnMzJzU01Fa2Q2MFJnVUU2YXVXZTVMS254ZmlTZGdpNkxENmM1VdIBSkFVX3lxTE1aRGpQanZYUElhX0g0MVZxTHhlSHBYdV92ZkNXM0lRd3JXSGFPVXB2dUowWUxLZmwzTmhFcXpUdjNEQ01BdEMwcG5B?oc=5,Greater Greater Washington,2026-08-28,positive
Metrorail,2 passengers hurt after HFD vehicle collides with METRORail train near Museum District - KHOU,https://news.google.com/rss/articles/CBMi-wFBVV95cUxNUmdDSUlOTzl0NGVtUzh4dUpxR0o3Z2lmNFVxOERHaEVoN2VJaFo1RjJVVUdTMFlrSDRWdThodFZNRWF6c0dZc09Xb2drU0RIWnNYUlp3eHpwRkFWeXRvaFI1aW9jV25ETnJBcVJDeXFvdC1kWThmRXI1SDhJY1NWazRWMm9kdVEtYk9NWkxiNWZwSlFqN0tmU3N6TXRRLW9hYzVZTmhoN0RPLTJfSkZrNnF5Si1SZ3dLcHl3TUl2bXFZSWVpanVNa2dXZXN0QldSaU1VeVU4WFFENkxLSDhYOHZoRmtNbDZtdEpVUWZfSUFSaVY3MndVVDMwaw?oc=5,KHOU,2026-08-28,negative
Metrorail,"Montgomery County Department of Transportation Director Chris Conklin Elected Chair of the Washington Metrorail Safety Commission - Montgomery County, MD (.gov)",https://news.google.com/rss/articles/CBMiiAFBVV95cUxOOTFidmtWeXlpeU9pOTEwR25mN0dBSDBhMTNnZjVrMTJYTVlQRy1hM0lCLWJ5eWE4ZXpxR25nOVMxNWtvXzZsaHpZS3g3ZkFYX3hwMDloVVgzblB5Wk0wU2xUdnN6ZllLZFMxcTBNaXRIazl1UFNfbmZrRGVYZ3ZZdWg3MGItZUtv?oc=5,"Montgomery County, MD (.gov)",2026-08-28,positive
Metrorail,"1 hospitalized after METRORail collides with HFD engine and derails in Near Northside, officials say - ABC13 Houston",https://news.google.com/rss/articles/CBMiowFBVV95cUxPQ0VzT0N4UnNHdjVQSlpab2d3b0NFWVM0MlUzV3JjX1p3OUtmeXE1czBZWllzRThPR2cyY2J2S3FTWGhuWWVoQWI2MzJMN3B4T1BkQjhTUjUxWkpEY3VCNzd2Vm5DU2R5S3Qtb203Zm5OS005SzhPMk9tcHBUS1VDZGwxckJ6Mlh2NUlOUklRN2lieHFRM1N4YTNObUFNbUhReHdR0gGoAUFVX3lxTFBCbEhUOC11Y3lxU2JIei15R1Y0ZWhIMEdteXN5QzZRM08zMGo1S3FPWVFkZmd2aVQ5LS13VlZ1TURtX0dBS0xIYnl0TjlsQnZMLURLem45dDRWS19QR1JHU3JZRFd2UUQwUmk0SUZtbEkyRU0wT0FIZUtlWGtNVm9TbjIwaXJVTzZOcVRwT1hNS2VGSjl4MGkwQTMwcHZELW5ZR0lNLUZEaQ?oc=5,ABC13 Houston,2026-08-28,negative
Metrorail,METRORail train struck by Houston Fire vehicle near Museum District - FOX 26 Houston,https://news.google.com/rss/articles/CBMijgFBVV95cUxNS09RT2tGWVNTb09mZVdrelBpcU5uVHBPdG1oeml0RHZPeWFsMFdCYUd5enpiTVRmQUktWGpTdzNKRmJCcU85NVcxUVRDaFozc0hEa2dnaEtaRjhBWHBiQUNzV2R1eTZyeTY4WTlFMTV4UzhhaUhLVEZJNXJUMlZGRzEtZXB3cmFpeXA5RGxB?oc=5,FOX 26 Houston,2026-08-28,negative
Metrorail,Heat kink causes derailment of DC Metrorail train - trains.com,https://news.google.com/rss/articles/CBMiowFBVV95cUxPSnlRSHQxNTdvVGs2dnRzeUlGaEo4VHdLSzN4ckVUZHhRR0hYejFEUXFvekFfRURKTkcxZ1NoVDdXNUNRTXhMV2x6Zk9DNGQ4ZGZSUW5BZ0RIa1E5cVdONzc2cWQ3ZGJMbUdqUy0wcFlTejNBOFU4emhjZXk3b09SY3FCWGpXSGVST010UUxiTDdiaHRORVhrbTZYUmFLeTlVejE0?oc=5,trains.com,2026-08-28,neutral
Metrorail,"Suspect taken into custody after incident involving box cutter on METRORail, METRO Police say - KHOU",https://news.google.com/rss/articles/CBMitwFBVV95cUxOa0RIbUg3WThjcF9nbTc2Z0xxaU9PMmZ5RGk2blN5elJPYWZJaXhBSzJBZEpRSTBnXzI4V2Q2bU0ybUpOd2pYc3JzRTRJal9DRHl3TmQwdHJReW5Bc2o1aVN4TFlZeU1NbFpKMmFWNVpIYjJuVEdTcFo5ME9vRlRXd2RvTU5raHl3dkZZN2p1VEY5RkJtYlNrZEVHaktpX3JiRzRlenRTbnVxN3d2bWt2dnp0WlBxcUk?oc=5,KHOU,2026-08-28,negative
Metrorail,"Collision between METRORail and HFD vehicle near Texas Medical Center, MPD confirms; second incident this month - ABC13 Houston",https://news.google.com/rss/articles/CBMiwwFBVV95cUxNVkxfYUY5U1d5NUdXQ0J3Y3N6aVlSZDRaQXpqeFp4bjF3ZGFYNm5lX3BHd0V3WTNQSktyTFJrcVIyQmQzYXRFdzhTZ0pqRUQyMWRMYWVqT0dHUWtMeS1xbWJsOGVuak5lTThxVm1kT3JQaXpMaUpOYTAwUkJZWU1fZzJuUnpCRjJpcEI0QVJEMHY3T19ZTmlUcmR0MG0tb1B2R3N3M0N0eE5DbXczcU4tbXZCSENDT1FIQ3pfUHFldkdlWXM?oc=5,ABC13 Houston,2026-08-28,negative
Metrorail,MetroRail train crashes with Houston Fire vehicle near Midtown intersection - KHOU,https://news.google.com/rss/articles/CBMi6gFBVV95cUxOZDdXX1BoVkF2eXR1U1BycFpxaUpmbEJudUluVTgzX3h5VlBmTGQxamZpeEY0SWcyTWFfa0pCOS1jZHZqQ05IeFlZYXJ3YXlGbDdwZTB4OFR0VUo1NVRkSG5zTXZFS1psSFdOeDN0X0RocjdhVUlpME1Jb0JscjRzTjNIVkNEeENual9UQTdlUHQ0aWtLSUJyM25Wd1VUQjZyampHdTNtTk1BMmstaGRlcElLWUQwY1dpdW9ZajktbUtXU3hab3I5UzBNME9jdzdYX1Z3VDRtOTV0T0x2bS1USXlNeC05cm9RUnc?oc=5,KHOU,2026-08-28,negative
Metrorail,METRORail Red Line service paused this weekend for maintenance in Houston - CW39 Houston,https://news.google.com/rss/articles/CBMidkFVX3lxTE1CeThyZTEzNU1qRjRUTkdhUGp6QXBxZ3Y3SzJRNDJMWV9VZEZMS1BUZlZzbVBwTTdaemhSVkgzV3U3UEhrWVhXdFhmazNCV09ycWhHQWtWV0tQVDd2d3pPbUJ4OFU1QVJCUzcwc0FVWGdQRmdoUHfSAXtBVV95cUxQNzhMeUVCNW9oNFdpeEtvTFpEMkNnR05YUVJhbFFabVJjQ3VhSm9xV0trVlo1dTdadTYzQXAyZDYwd2l3dVlSNk5iaktfemczZFNjTUFTVGZ2ejRYUk82bDJXTGxyb1RLRGd3bDN5eVF3YktZenc3MDNURTQ?oc=5,CW39 Houston,2026-08-28,neutral
Metrorail,"Metrorail car derails near College Park, Md. with 11 on board - WTOP News",https://news.google.com/rss/articles/CBMimgFBVV95cUxPMVM1Z0g2QWEtb1hGR2t6QUZQTGl2MnNSQUhfX3NXNUVuQlN3dTRlZjdHeng1aElCbnp1YzBsaDJCOWozQ2pVTlRsY1pXSmVvX2cyZktCNkJKMjQ2UDNxc3RRM0o5SGVzLXF5MHhaUV9MdW1GMU1VWGk2NTlCdWt4aWNseGllMW5CRThNLVZjX21ycHhDQjktYV93?oc=5,WTOP News,2026-08-28,negative
Metrorail,Midtown Houston shooting under investigation - FOX 26 Houston,https://news.google.com/rss/articles/CBMihAFBVV95cUxNUjU3aWtTVzJwWHFDX2VkcVJjMlFYenh1RlJLc3lfLWlGcUVVSl9Na3FuM0FTb1VYWjBERG9rTUJMM29aSTNTdE5xWEFKZ2lHZ19VUVNEdGtwR0ZGbWJLeFdHcFhHSjlYQmtqcDVQNmNBcHk2N2E3WTRUZkQwaXpnaFZNM1rSAYoBQVVfeXFMTTU1blJnRE1aVDliSEhwRkZoY3lMSml2TjVJSWhiME5Eam1kZmNiN2pLTUFXWVpYTy1ndDVqaFlsVXY3NUExTjdjbUVMQ3FVM3NQYm5KWnJyUllxeWN3MFFPTW5PSkFlWjJxbklHMnpfR1pTZDJJWU9XZ3VvRWQzQWMyNTY3QjM1T1Jn?oc=5,FOX 26 Houston,2026-08-28,neutral
Metrorail,One injured after METRORail and HFD fire truck collide near downtown Houston - KHOU,https://news.google.com/rss/articles/CBMiuAFBVV95cUxOaTdLc2JoWDFaclEySE5SNlowOWRWRmZYeFdzdjUxeXNwd2ZVME9jS1NDVXhNMFR4dHltRC1fcHJyODlPMm5mc21sbEpHNFByZTVDak9oSEFXdmFSaEF6VlAyRDhVbkc3Q0lOOFByS1ZiTDByOFNBMTVNODJjb0pwc182NGV6S1Ryckd3Y2Rna09OR3Yyb1hDRGhfcC1iUmtyLUw2UnlPWktNei1TMXBSaXNmcEJvdHhN?oc=5,KHOU,2026-08-28,negative
Metrorail,One person injured when firetruck collides with METRORail - Click2Houston,https://news.google.com/rss/articles/CBMirwFBVV95cUxOa2xQMDhzVVlwdVdNVkNENmlvbHRYZXl0VVdONG9HMUh5Zm5JU2t2WGFaNk1wYzBrc2RoZ1JxMVdOUWl1M1VOdWFySHo0UFhzazJIWHVKVlZXV1hUS1NDTXJsaHBBdDdaNE10eE1ZVU9wV0JuT1haLVFSVy12UnUwd3I2aHlNVXpmOTFGTTV6OGxIczYzY1hCbzh3aS1iM2g2OVNFT01EVnFMclc3UkVV?oc=5,Click2Houston,2026-08-28,negative
Metrorail,"Tons of Inter Miami fans ditch cars for Metrorail, Tri-Rail in rare transit win - Axios",https://news.google.com/rss/articles/CBMimwFBVV95cUxOT284emhPb1lnZ2FlLXg3a1RlZ3pXU3dSZ2JwUGtHaFJoZ3g5VVBjREJuZkhxRUZLWE42S0xRT09BZkE1bG9ieHNPY1JkbzcxWkdibW1RUjRaSHNsbnRyeGxUanFvLWdOV0NHMHIwbE81QW9VcGdrUmVHMmFjZG9jQXRKc09xd0xLMktIXzM0MXZKSDVGQzMyRFgyVQ?oc=5,Axios,2026-08-28,positive
Metrorail,A Metrorail expansion is good for FIU - PantherNOW,https://news.google.com/rss/articles/CBMifEFVX3lxTE5JcmtQVDA1WVdEa24xWlMtcEk2dC00NDhEMTh3TjV5em1PSDhVV1J1OTJDMnl2MHNVNm54eDZoSTBibDVJWm9BUHdMN0pmZlVaMWhhWURRNWMyMjdhQ0EyS1MtT0JPYWdqLTdrNzlDTWRZVkdycVc4dEVuS0I?oc=5,PantherNOW,2026-08-28,positive
Metrorail,Evolution of Metrorail cars to be displayed on National Mall - NBC4 Washington,https://news.google.com/rss/articles/CBMiywFBVV95cUxOWEJ5WGVBU01sZ19KWUx0NlRqRW94bWxIRzlZbWJkd1Y1WlBkUGlscV9kWEhSdnFINlczNU1XRWQ4bDg3cTZFdWs1SHo2aEhFZDc5SVllM2R6WEg1X0dIcFdIUWNlajhSTENwTUc5ZGpzOGVOMV9nd1U5dVc1SW1kVGNUVG9URU9TWk14Y2xBU0MtU2lQcUFyclVUMndEMGVKREgwTjVrcElMZVM3VmE3QTBCVmhJR1drTzk5Y2tNS1FtdGRUTTRZeGI5VdIB0wFBVV95cUxPNDFKX3N1MmwwMFlQR3pBcTR0RHhWZm1xeURpQU05S3NqTC10Vzk3NGxLWm94dEVhcU5ma2Vxc1B2OWs2NjZWSkpRNlN4UHlValFfVk4zeDdLNkpjcjk4MG13cl9uMmxQX2JNZVFVX1cxTXF6cU45cUdBaGVmSjA5VEdxS1NnS1R5M3p3d2J3LUdxX2NVNXZmTWxmdXZkY05FVVlsUUMyS1d5VE1UcmtUX1k1XzQ0UFI2WjVjSDRWekNBV1lvaExZeU1ORmVpSjZObGFR?oc=5,NBC4 Washington,2026-08-28,neutral
Metrorail,"Doors, barriers coming to Metrorail’s Red Line platforms - Washington Times",https://news.google.com/rss/articles/CBMiowFBVV95cUxQMFlaNDkyTnFzRUdpbzFYRGl5bDY5ZGd1VVkzMXF4OVlLSzBMU2syR0F6WGVadW1rejVwRW5Hb2U0NE1Sdlp2eEpnbXVyak5hQjJMbFkzQmoxWVFLSWZ5LWtlZXlXZEx6SnRBaEJSOVJOV0szM29maHpUNXNGRTcwNkhBeE9uSXNIS2VvZ05JZE1iSTRVOUtVaFd3NHctVHYtTldJ?oc=5,Washington Times,2026-08-28,neutral
Metrorail,"Cost of Miami-Dade’s North Corridor balloons to $4.2B, imperiling federal funding - Florida Politics",https://news.google.com/rss/articles/CBMiwAFBVV95cUxObk9hdFR2MXNkZnJmYVJoSm5VWktqa3RMcEVIWlRZSjNqSjNkVzBSVFQweGdIUE04S3BFNm5XbXRmQmFLSXBieXdHWk9abG9lRnBYeTdUa0JtQ2FxR3hwQ3AtZ1g0OXdDVjF5RzdGUW0wckhKNFJHNDRmVnMzY2V3b2twSGYzUU9jcDRhZC1UTHpJM09Qa0FoTHAzU3ZQMjJxVGVlNjRydWlTOXJDcFZNb3hqcEI3M0M1UGlDd1ZXVk4?oc=5,Florida Politics,2026-08-28,neutral
Metrorail,Fourth and Final Tower at Link at Douglas Secures $134 Million in Construction Financing and Breaks Ground - Florida YIMBY,https://news.google.com/rss/articles/CBMiwwFBVV95cUxQQUNEQV9WaWc3MEFJSkNiRXl2dlI1dG5ybl9FbURmMGtwLVFtLUdaNVd3ZUp2a2IyRGo5Vk1oSGdLdl91dWxuNjFnVUhxdW4zUHlVTXpPckNHc3MyRVUtbEIxcHo0VUlZaFVDem9zNGFQY1JiOGJCWWZkYUlHM2wwUEZuMlpFekhzZ0c4bm9jblpFd1huLWoyZFFiSFhqNGFCdEdQUGtiRHVGMVk4WC1LdnhmaWctM2xsVW5leFRSc29Pb1k?oc=5,Florida YIMBY,2026-08-28,positive
Metrorail,"Metrorail car derails near College Park, Md. with 11 on board - WTOP News",https://news.google.com/rss/articles/CBMiqwFBVV95cUxOZ25jdEk1alRVc0ZuUWduQW1FN3BtbW1jZ3NvM290aEExMEQwdXZsVzV3RG5JVXFKRzgtMjh2U1V2U1gtQXJ2MWtGTEtxTTR0d3Z2cHRqbEVGRUh2TTJQN3o0UWxtZGk1aGpPQXo3X1dJMUpzMk50Zmt5UzM4MEwtU0Y0ZUcyOEdIS2JBcXI3X2h1dmJ6eFhycWlSYUc5eWdqaVgtbERSWVcwSFU?oc=5,WTOP News,2026-08-28,negative
Metrorail,Suspect killed in deputy shooting at transit center - FOX 26 Houston,https://news.google.com/rss/articles/CBMirAFBVV95cUxPeDJRUmdBQk85aldJWmtNWk43Ykw1QVZSOURFOWF4YmJ0QkxNUmRjZWRaajZjb0xJcVRLSWpwRTJKMUN4WG1BZ25qSTdJd25VdThDNnJyVHlaaEc3SGNYRjBFU3N1eG1sS2E0ejRPcjM1aUZ2T0lQMWRuWlUzaFVCN19UbWtIR2ZvMEs5aTd4cEVHc2EtcVpMZHB1RnQ4S1ZBZFcyS05DQnZDU2hJ0gGyAUFVX3lxTE5DQThCTV9COHBTN0tTVm5TRWMtY3BCTmg5bnM5ejBEa2IyOTV1UE9GanhfNjY3THRuNzFMT3NRaW1VQkRfVEtNOU5IVVQteDZYNUlIWVVpUVJqUThqR2dmWE56cVpSLUZudTNhWllfbmRtb09WSThrTkRLcVNGVWJKbTJHSExjYm13ZTFzSlI2VGVTWGN4RHRwMDZzc2FwTFN4dTFMaWNwREQ3aFFKM2R2MGc?oc=5,FOX 26 Houston,2026-08-28,negative
Metrorail,"Loudoun Commuter Bus Service Adjustments Begin April 1, 2026 - Loudoun County Sheriff's Office (.gov)",https://news.google.com/rss/articles/CBMiY0FVX3lxTE1taUVuXzY4Q2dCOGR3VGt5OW9sUE84bm5wU3VlTkdpUFRfVUdVeDkzOEl3WFZhMkZ3dFNpbHlHai1UNXpkUTJmR3NmMmdjRUtiVlZhdlM3end4dk1YMFNEZnRNWQ?oc=5,Loudoun County Sheriff's Office (.gov),2026-08-28,neutral
Metrorail,Fans pack METRORail for first Houston World Cup match - KHOU,https://news.google.com/rss/articles/CBMi3gFBVV95cUxNMzlSYldWRGx4ODA0d21ZcTh4WVhuaWlYdm91LVUta0w4V09GdkZybEVwZXNXZXhWZlJMUGZ5cDdGRHBheWluY3BQRFZSNWFGWm5LRzdzU1Y4VGtQcTh4bkJjUkU2MHlTNEFvbF9pR0pMRU93c1pONlNhY1hsZnlyaGNVY2xQc25zdjl0VmRwYlNqYkpZRjlEU3hXTFdqeERqd2JlX3BNczl6RjFDTHdrMzN5Ykk3YVdMTDVWUmkyUUtNNVNIMmJRRlNZcWhSNHBVV2VxRlByODdxb2EyUnc?oc=5,KHOU,2026-08-28,neutral
Metrorail,"HOUSTON FIRE ENGINE COLLIDES WITH METRORAIL TRAIN, ONE INJURED - Firefighter Close Calls",https://news.google.com/rss/articles/CBMiogFBVV95cUxOdXB6NVpWekZHdko1SjgySXpmQlZVdWQwbXlydzR4RG1LZ0M2VVlESnVZcnM2SFRNWkZrNzdzaGstYkhDc1NnRXNKOTFRWEU4RVJ1VkdPSjBhSjcyV2czTDNpQU5HZkRCUlBMbXBUeGFqTXFqV19sWEUzMGU4bEplbTZOTFA5cGtabE5qUzNGZXNibVQ1X2tYM1VxZFdhRXdSSFE?oc=5,Firefighter Close Calls,2026-08-28,negative
Metrorail,Video shows woman backing away from suspect before she was found dead under Metrorail - NBC 6 South Florida,https://news.google.com/rss/articles/CBMitgFBVV95cUxQMXRfSU5rWVZtWF9VUk5fdGFGR3NLelpkRlgtQ1FwWlh5NXhMdHk2RlVSUG5pT21vMVgtUkJaNDZOUFVXclJNTlk4ZWpZT2xoVU9CaTNVYl8zbmhRZFFJMzM0eTlQdXozNThNYzNyNDQ5NndzbGk5N3BuaGNFcDJWLXp0T2dQakxCa2tyaUpENFV1cE1raVNVRU1tZHhNb1lxSDdOMktIUGE5UW1NNHp0RkFnSnZVd9IBvgFBVV95cUxOSnRqMUp2dUJUUkd3ZXJDZEpRendMOVpQNk92WEVtRUVtTW05S3MtbWdMWXY5TWZITmRuNWhKUG9DODRGSnRJQVBnTXpjcEV0YlBLOWVmc0UySDBtRDM0RnNzdUlvWjV5LTBsR05jZDhGRnJ0UjVlNDR6YnhHbWVmRWl5c1BLZTJ3U0FxczBfdlRacEZucGVpMVBzV0RXQl9kN09tZkI5cjlfbUhtYVBQZXJiS1NhazNMRGtHbUFn?oc=5,NBC 6 South Florida,2026-08-28,negative
Metrorail,DC Metrorail operator sentenced in health-care scheme - Yahoo,https://news.google.com/rss/articles/CBMilwFBVV95cUxNeGVRbnFrZWpBRUdFVEItRGMxd3NwcGNqMjYzTDk1NVhMY0ljU0hRZHA0dGluY2t4dlRGZk44R096Y3pqbG5WVFVVMUZVNWQ5UEJBcVBab2xLRC1fUFlTbGtsT0hyUmh3UHFyV2pidFZNd3ZMTzRHZnNxdDFqcnpQYUl1cV9GVTRPYW1SVGVKcVV1Z0ZFMy1Z?oc=5,Yahoo,2026-08-28,neutral
Metrorail,"Shooting near Midtown METRORail platform kills 1 man, injures another, police say - FOX 26 Houston",https://news.google.com/rss/articles/CBMirAFBVV95cUxQUDdQUUh6elNuR3IxZmZtdFp4dGpCbGN5d09CeFNSUi0zeldVZGtCcGEyNkM0TjFfTFMzQVRNTk1TN19wV0Rrelc5c1RWX3J3UGRRWWJKTFF0YzVDNHB3M1p2UzI5dUJ5ZS1HOG9yalBLeElaMk15a05zVUpraTRFcnJUNVZiT3dvaUtDVDJxenU3MmlkaTBwY29rbFFWRHpkUm9wT1NFMW95NTZT?oc=5,FOX 26 Houston,2026-08-28,negative
Metrorail,NTSB investigating after DC Metrorail collision injuries 11 - trains.com,https://news.google.com/rss/articles/CBMisAFBVV95cUxOSHFuNU93YnlyRjNNNmxHZUZsY3JqUC04RFVnSjFEQkdsZjFmbGNpQWVjdXNsQ1gySjBSSlJYbk5ZUWlJZWFwSENieVRZb1RLd2RybE5YTXU4WTYtOWFrWVFoMkRWWmR2Wm12ZHNZRVhSd3dDMVA4Q3dzY0JGTjhHbmwwZjFkUjQ3a1I3M001U0VTWWJfUGVVZ3lVTFZEUzh2RjlraWk1d3FKZ29nMlc4Ug?oc=5,trains.com,2026-08-28,negative
Metrorail,"Work train in Metrorail collision exceeded its movement authority, NTSB says - trains.com",https://news.google.com/rss/articles/CBMixgFBVV95cUxNT3I2SEg5cWtPSWlteFVBM1FxM2ZYMkVvVEdGdnl0Y084NFhGZzN1dkVIaDhpMEhkRWlqYTNrTGtOdDVlRVRiRFVtRnhNbHJZVjR4VGtDUFp5OXl0T2xfN3NFQTdZTkJkd1J2QjhmSVpWc3dNbV9mUFl6a3VGMTZaZHJoc3d4eVRFeDNXVkhzcUR4UzBHbk1TOUNsZ25maEhKZ3J5QVhsWlVPZjFQTE96aVU4aVRObmduOF9CUlhkR0dPTWpvanc?oc=5,trains.com,2026-08-28,negative
Metrorail,"13th Floor, Barings nab $134M construction loan for last tower in Miami Metrorail stop project - The Real Deal",https://news.google.com/rss/articles/CBMinwFBVV95cUxPY3UyajZZN2hTU05WSEZaVGtiWHAtR0F3V1VQZFdYWUN2UGJ6VU9IOTIzTC1obnk0clJ0ZDJwQnlyd1h2dWhUcmVmU2IyVk45bkNCT0hhZ0V2c0Y0Rzh3REhJN01LU2tyQTlRQlZkRVh1VWVHTGZaVXNMYkJYTC1fck5xWURTZFh0cmM0NXFTN0IyZ2VXNTR0U0gtaUk0czQ?oc=5,The Real Deal,2026-08-28,negative
Metrorail,1 injured in incident reportedly involving box cutter on Houston METRORail system; suspect in custody - FOX 26 Houston,https://news.google.com/rss/articles/CBMitAFBVV95cUxQRi13cXV1TmJkYU9iU1dRUmVyUndMOW91WkNjRzZaRHdQSmszU09sM2E5X1hLX2lvZjRwQmNVaVBpUnA3WVhOMnJvWlNzb25NSlozM0kza2FMUzM4cEwwajQtaGJSUGlwdUlFblU4d25fY3praTRfTEhWRC01Z3hQUkp2V182S014VlNONlBxc3N6d1lQcEJKME5FZXhyS0hSTnNGZ1Q1eTd6WmJzbjNNX0V0NDg?oc=5,FOX 26 Houston,2026-08-28,negative
Metrorail,"Man found dead in roadway near METRORail was possibly struck by multiple vehicles, HPD says - ABC13 Houston",https://news.google.com/rss/articles/CBMisgFBVV95cUxPSWNWTHFZMzgwOFpJVWQ4NHBmU3hyTU91ZWxVN05DOXZCY2NpVjc2dzRZdFAwSXA1ek1OaVVyY0loRWxUX0JiSWJLUFpORndEdkQzai15bmN1VF9ZajhzRVMtZnh3ZUY4NkwzcFc0b2pCYUJYQ1c3NF9nSjE4cDFQVWlxd1RWYjVwbERnRGRXNTEzRTZWSjMyaTBoS2NKaTY4OV9fdVhNUGpOTXdkRTg3NHZR0gG3AUFVX3lxTFBOUDFnTElJTE0zaFNObER2UmkyOFhLTTJHcVdoaEd5dkhfX3B0UUFzX19laF82Mmc1YXpoTDN5LUZqN2JhSHRnY0JEZXlwZ0s3UTFYa1FJU3hWa1BqandfZVVvLTFLUWJtcTlURkRRd3B5MmY0V1BxMno0czhhcjFrMUlpc0lnQ3VqT3ZBZW9nUEs4Z3c4VzZqTVJXOXhLM3RVYVhrd3hvaGlLem1KMFV2SmlRU0NEVQ?oc=5,ABC13 Houston,2026-08-28,negative
Metrorail,One shot during altercation at Downtown METRORail platform - FOX 26 Houston,https://news.google.com/rss/articles/CBMijwFBVV95cUxOR3VnaG1oX0NUeWJyeU5Ib3hYR080OE9fMG1mUnBhODY3RE51ODhzd2NBSHVTNHJRQXo1SHVWaERQZUZDOTB3NTVMMkh5MVN4NHJJUlgyZnBhQlhCSTZ3MmxDd2NRWGtib1RlRFRuWUNMelZwQjJTVVRabDc2VEcydDlNVGZOTl9DQlRUMlhOdw?oc=5,FOX 26 Houston,2026-08-28,neutral
Metrorail,High achievers and low performers figure in Metrorail’s post-pandemic world - Greater Greater Washington,https://news.google.com/rss/articles/CBMixgFBVV95cUxPTTJRRm9ab1MwaWdWdTJ3NW5TTlhhNjF4Q3I3RzFUdTJZdVJFZ0ZsNy1FYlVGSlZxZGtSTzBYU1lTT3paRWtNMTNtS3p0eGlZRi1qU1NuTW9XR3NzWk9kajhhbTJUbUpSRERYLTYxc1NEUE5JcUhDbTJYVXRRRjA1NDUwcVhhV3lZbER3LTlmTWxWTmJUa1dHM3VSU25aVXYyZ3BCOXN5TjgzZU4yVjNYRUxlQWtuUUNIeHRsMGEwRFV6Q0R3MlHSAUpBVV95cUxNQjRTVF81VTR2SzRESVUzNzV4RmNyd1ZtYkRhWWxLZEk2VUlkX0JyRDZsM0FKdS0yc0VrRVZVSmNPVHZaSXNsRF9mUQ?oc=5,Greater Greater Washington,2026-08-28,positive
Metrorail,"METRORail Red, Green, Purple lines to adjust service Feb. 13–15 for maintenance - Click2Houston",https://news.google.com/rss/articles/CBMixwFBVV95cUxNRlFRM0I3dFhUUldGczJ0VVp0Vlo5OU9TOGp6QnZwUEZrTWUwVEdlaWRGMDhRcFFoSG5nak5ZUm5yV2x4UFJnV0ZCTjdTdFQ2WjUwdk05dzlfMFViMmNQNWNSakE3MHlVZ2p4RXlHVEF5a01STTV4NGRyc092ZmllcUtqa3JZZDdlanNYRnhsbElIOGE0bk9zMm1teEhQSnIyNnRua01IMFZtVmljTnlEVHI3a3pheHJLRzgyUWhNcEhEV3F1YUtV?oc=5,Click2Houston,2026-08-28,neutral
Metrorail,"How to check your Metrorail, bus lines as snow service slowly returns to normal - WUSA9",https://news.google.com/rss/articles/CBMi_wFBVV95cUxNb0FuclA3V2ttNlpqUjU5Mkt3UHFBUXhvMXl2ZzZaT0ZLVHZxMDNXTFVtbmQ0YWxMTDFVcGNTaWotLTE1bTNDMTBSMjdSaV95a2ZYZ2VRa3ctSE1fclhqWHA3SzFHOFdiN1h6ckQwS0NkLXlZVUlVbzE3bjJLT3YtYXV1MTFpWUc0VTI1Tk9ZRUcxODBpa1ctb25CM3Z6ZmNjdXF4VnV4c3V1STNvLUpQNWl3T09EbXBGVHd3eFRPM1huLTh1eWJkc2ExVHJ3c3A1NXpMMDRCOWZsT0ptOFVEX1NrZnZabVRjeFVLS0pIUzdHeE5nUVBsWjVlMnR1VUU?oc=5,WUSA9,2026-08-28,neutral
Metrorail,Houston Fire Department Fire Truck strikes METRORail train - FOX 26 Houston,https://news.google.com/rss/articles/CBMiZkFVX3lxTE9aMDdpUjU0azFjckcyWi1YRVN3VTVyUmJMUkdkUmliZUNCeHZONzJXSHFtVjFiMjBkbGhFQ0Q5S0ltZmVXUGJsN2ZqYnYxdmE1Nk4tejFGa1ZZX1I2TVZ6a2h5cTloQdIBa0FVX3lxTE9GWmhIbFpWTkJjNkxLOW9oVEJpVlhUSlc0UVpnbElFT2w3bU5KTFpBSmQ4QkhHMlA5bEpWaGpzOERwY2U0UEVGampfOHZxQUpaWVFiZ1NIdFFUM3R0WWx2ZWhZRWljdHRNVGtn?oc=5,FOX 26 Houston,2026-08-28,negative
Metrorail,Developer Lands $134M to Build Fourth Apartment Tower Near Miami Metrorail - Commercial Observer,https://news.google.com/rss/articles/CBMiwwFBVV95cUxOLUNEU2xwQkFONXFnOGpubFlYQWRvRkU3anhKSzVsYjM4RFphM3BINEJKUDIycUZITkhmWUFXNWtId1dnRTU1VzhzZXV3bDlySlcyY2NNMUloZUJRcWYyTEZiMGQ3M2R3UkVFX1d4Uko4TUJMUUlfa2Y5R09RVWctdmk0MFEwVW5ZNVJRaktfWGx5aDNOa2VVOVRXeDV2VkdOQ1o1QU15N1ZBYzNRdjJfaVlCYk9oSFk0MnJndlR5d2pIQkU?oc=5,Commercial Observer,2026-08-28,neutral
Metrorail,Surveillance shows moments before woman found dead at Miami Metrorail - NBC 6 South Florida,https://news.google.com/rss/articles/CBMivAFBVV95cUxQc3RXMXlyTjk4ZzE2a3pDaklINzg3ZFJFRUdQMGdDd1NRQjgwbXc4Qy1SbVUtRWdyc2V0Nk5PVnRibHZ3a1AwWlRIRlFCZFBkcjJYZGttWlp2aC1MVElIOWl4cHRlQWY0VnlSUDEwYU1JNWFvR0MwSHFCeDdGVFMydnlnV0thcEk3Z1pzM2xYcXJ6MFk0b0I0WXl2czRaTHhLd3FUQ2Y3b3pZVnotT2pxLUVFMzdJcnJ6dDBMcNIBxAFBVV95cUxQX0ttMzhmbWFWUTJLTG9XdHdjdU1MVmFJM252QnB0NllxRkxJOW9EeWtmWTZ2bGdZM28xZURyWjZlTnJOeFpaRGpvc2drT3hyOFdhTTFYM1AwVjRqc3QyODVCVWNFWnJJcUFfWGNfUjFHSWdNWnRndXpJTHZ1ZXFZWFN3UHpLLUhjd05fRFZNUGluc2I0R1JPalNKVFZFeUxtMmxwbHV2OUYtX1B4dlF1SjNVWG5JQkIyUkx0ZWJ0U3Vma3hE?oc=5,NBC 6 South Florida,2026-08-28,negative
NYC Subway,MTA cleaner stabbed at Times Square subway station in dispute with man caught peeing on platform: cops - amNewYork,https://news.google.com/rss/articles/CBMiigFBVV95cUxNQ3NJLXJmUEM5NlF2YWJJLVlkWFpacjRKYVB2T1RINk5DQm45aHhSUGN2NVdtc2Rhb0YzTXlQWkRXQTdsamVyQk1hQm5QcjRKRG9NWVAwZ2dJVDZULXpLNEFRRTN3bEQyd192NmlyWWwtdXUwWXdxdHRNdS11a1JvSk9hNWdOa2RyOHc?oc=5,amNewYork,2026-08-28,negative
NYC Subway,"Unhinged straphanger stabs MTA cleaner who scolded him for urinating on busy NYC subway platform: cops, sources - New York Post",https://news.google.com/rss/articles/CBMi4gFBVV95cUxPR2FOblJ1UzN2czE1X2dXQnFORkRzMHNBeW10Y2JpaGktLWw0SU1Ub3dZejJHTGxKY2ZqSTEzWTYtTnRoeVBpeVZqS3FjSVRFemptZ3E1M1hNU1NiRnJXR0tWc1lEbHZWUEVzUmhIRGRhRnkxMzJ3NzU0RTBtV3cwRnZFZUQyQ0hwVy03MWtWRUNRQUh3MHBNem5JT0wyYldpQnNyak0yanhEd3JPRWh0RXRIM3JISkxLV0dSNnI5VVFhdEVUUkdUb2ppbzBibnM1M1dOWkVNNENldi1TQ3VhcFl3?oc=5,New York Post,2026-08-28,negative
NYC Subway,"Woman shoved to NYC subway tracks in unprovoked attack, police say - NBC New York",https://news.google.com/rss/articles/CBMijwFBVV95cUxPVjUzSW05U2Y1c2FvSU56MDh6MEM3b2R1S3Q2THZndDJtWi1fMnNSZ2QzenNfV0JwT2hrTmVoSU9UY1NtSndUR0hEUkJ4N0hGZndaeFZCV2lKcGtqUDNQc2dDX05kV2U0QzlqaklGTWhIYkVPYkpwWGdEUE4xWXMyVVNOcEZub1JIY0NMTG4tSdIBlwFBVV95cUxNbUU0SlVZaUxtczh3LVctZHVxM1ZZN182c0N3MW5YYzRqZnBmZUtqd1V6MUdLb2RjeERnNWpnN1lGYWhRLUh3WkJnY2E0aDVTTE5jR0xKY0tvNlFVc1Zuem9vNk9YS2lHaHNiU0pnMGI1WV9nVVRQcjhlYjN6a0RnY2RIUFJtdFl4Z0ZyenVPUWpmcVQ5TkpZ?oc=5,NBC New York,2026-08-28,negative
NYC Subway,‘132F’: meet the man calling out NYC’s infernally hot subway stations - The Guardian,https://news.google.com/rss/articles/CBMiggFBVV95cUxNaVBfQzN3SjJ1czhwRmp6Tk1DMFI1Sm0zbFRoZUFzQXFiSnFQU3BhSDVINHdWb1JENGFNeUF3VXJ1VW9hT2o0b05BeHN0bjB2enRHNFNwU3ZPM2wzYWZPc0gwT1ZpYTByNVF1cGlqWXRSamVtQmx6a0dGU0tMclNPbFBR?oc=5,The Guardian,2026-08-28,neutral
NYC Subway,See it: NYC subway station turned into Dolly Parton tribute - PIX11,https://news.google.com/rss/articles/CBMimAFBVV95cUxPYkNDTUs2X1pYenVJTGJkYkJYd0hDczZER3ZKYVpIMFNsT2JHZTVJRTVCcFZMNkswUGdOUlBGNHV6MmdKWXpmcDBIeXk0TXdwMHJ0eDBuRE5GMF9wazkydFliUGdVbGk0bi1GSzYwSmZyaTRRUTZuTDBleWgtejh3akZCYjdldTRtWDNENTVhWE5UM0lCazh0a9IBngFBVV95cUxOaVlhRnFWT1dtSW1tRmlpZzZUYUhqY29rUFg5RTd3MlJHV0Q4VWxIcUktNzNoV0gyaUNUTHpPeld6QS1NaTJsT28zcnRYdUN3UmFibjFnZTJLTzVCY2NXLWFaUjZvUE1wTlpuZlI4cWpuUkcyWkNSSElrUXVFNnR0MkhlWnRjTEhFcXFmR1VjTHlVXzZaQXhYVEI0NnJadw?oc=5,PIX11,2026-08-28,neutral
NYC Subway,Everything in this NYC subway newsstand is free - NBC News,https://news.google.com/rss/articles/CBMingFBVV95cUxNRm5fb1Y5Qm1pM2xVYTFxMVgwRVBmU3IwZTJkNi1mVVdjbkRmSWpKbmk3TmMxcjdVRzZ5RnhiR2J2QXpfRjFycnZ0bEJ0TFRKZ2VUR2Zsemxmam84UXE5Rld4N0tQR3pFLUNuZjQyRjlsV1NSVExyN3lHM0I2LU5kbUh2dnNJc3pLWW1oS05vVHkzWnp2YmctV21jR0tidw?oc=5,NBC News,2026-08-28,positive
NYC Subway,NYC subway stations get a some much-needed refurbishment - Yahoo,https://news.google.com/rss/articles/CBMijgFBVV95cUxNVnJKX0ZQQmNXRVQyU01fNnBjLW4yTE5CVDQ2OHZWMDZnbF94dGxTY2hzdnZXY0RFWTBrUUpjclE0Ums0LWlrZ1ZhclNmbjh3WUlZQUFaNGRFT2hYcHBjZTJwTkZnN21PMHRzeW85Wk5IWTl0SUhIdVhBTXlLQjBuQ0pVNHAxcGFIV1NwS3pB?oc=5,Yahoo,2026-08-28,neutral
NYC Subway,New Yorkers turn Lower Manhattan subway stop into sweet tribute to Dolly Parton - amNewYork,https://news.google.com/rss/articles/CBMifkFVX3lxTFBsMHo3Qm1CTXhlei04dlBGejlKT0FVVTJaQXpiY21NcW45Y3p4Q2MwcnlQeEE0ZmJmM2tDaXJ1Mk1iMXlIZG4tQ1d0b1R2TWNyOEJSd29vSGVRVDhCZVlOMDh5VW83QWwzU1JXaGEtVmIwMndCR0JaeDAwNG1hdw?oc=5,amNewYork,2026-08-28,negative
NYC Subway,Subway rider slashed during morning commute in the Bronx: NYPD - PIX11,https://news.google.com/rss/articles/CBMipAFBVV95cUxPbkFsMkpwa1JETTdXYzF4LTNpUkxiaG9ieENRcS1SbGFIS3NoM3ZUMndVNF9XNXh1eE9KaklYSVc3M25wMUIxWHh3NVZSN1JCSFRDVHM4cWF3eHFHdlVnVHE4Wm5Qd0Zrc1V0czhLdkpwSkNaRDNMNHU3ZVRaNDZVUWxTd19Ia1ZJbVZkU1NiY05ab3ZFYTlYYU03VHcyT0d6TExZYdIBqgFBVV95cUxQLVpsQjI1VldkUU13RXd6SXYtdzUwblkyZDZXMWFXUWF0MzdlRE93RVNJS0JFUVZSWnA1clRfdm1vUDVlS003bGVONW9TRU1UNlgwSXdNM183Q0NFaDdlT21FaU5FNTJBbkdQbTNrbDRxblZiN0pqWUtUOW5nYUtoUm9xUFU0a1JmOWt1ZUpoLVB4d25VaXNybXlNaHRua2ZmRHBoTmcwYzFZUQ?oc=5,PIX11,2026-08-28,negative
NYC Subway,Arrested teen creep allegedly sexually abused woman with 4 kids on NYC subway — only to be cut loose - New York Post,https://news.google.com/rss/articles/CBMi8wFBVV95cUxPRTFEMVB2dEpfTE44RXpjaXU5UkszRHhIMWc2M1JWVHAxaWtKVFRQcUJpWG5VR292S3VUTHp1UzlsZllGWGU3cXlzU0RmSHJhOHB6Q0lNUDlURkpkYzZScDhMYm9VQkxQQ3ZtV0dydW1QQW9INjFYOS0yYzdsUVlMdmQ4LWtxNUpvNjBzQnR5d0U5cE9vZUVndFZfYnFubHdRZEZxR3gzTGswUEtpbS1NdEtoTWc5dl8tdC1BUk9UbnB5aGt0NEMxS0F6Z1BGb2s2eV9IZm5BMldKWjY1T0twcDJ0SElxdFFFNTJHMFdfd1plR1E?oc=5,New York Post,2026-08-28,negative
NYC Subway,What NYC Subway Etiquette Discourse Says About How We Actually Feel About Strangers - Her Campus,https://news.google.com/rss/articles/CBMivwFBVV95cUxPaU9MZEZESGlyNmhMdEdTR2hmQnc2dEJmQ3pmRVFZRThiWnlhYnRuZGdRRWJFNnNJZUh3OTc1bnR0MF9vZVRpc2wwX0NaamtkdjVZNDB0OVl3OGhxNFRFcWVYNklpZloxYUVLS1Vxb3RpT1gwVnR2cFFtaWtWbjA4S2wyN0hTTEl6QzFrcVNKTDBSOVpGMWFuZUpSR2NFMDQta1dxWGxWRzl1cC15TGlERnhZbnd0VEhDTV9xbHc0MA?oc=5,Her Campus,2026-08-28,neutral
NYC Subway,"NYC, MTA eye first-of-its-kind plan that might keep subway platforms cooler - CBS News",https://news.google.com/rss/articles/CBMihwFBVV95cUxNSmRYX252cDBNaDRKUXcxeFdkdC1kdE94X1k5bnVYTXM5Xy0tU2h5VFN1ODExUmxOTGk0WjctMTA1c3A2bWtjUVpKb1Z6OEhBNUZ0UGN5R1F5ckxoZWhabnlfMTVTdHJpM3c4UG1ENkpjemJGWk5YcTJ4MEFkdEI5dm84TllFSVE?oc=5,CBS News,2026-08-28,neutral
NYC Subway,Springs between NYC subway cars keep injuring transit workers - Gothamist,https://news.google.com/rss/articles/CBMikgFBVV95cUxPYmxUU0NOQ1JvY1ZURkgtT2EteUdSajBsOVJOZ19NaUNqZnVtaWdraGxlREotYkFiWHpNSnlGZnZ4NWNDU2xyekcxb3pwdzFFSzc3eExCdUJld1Y5UlNSejdiaXllM25LNWRUSFo2VDBUZ2dxSjZ1QkhtQTROTXFpa0FucmgzWnZnSEVHSkFyNWVYZw?oc=5,Gothamist,2026-08-28,neutral
NYC Subway,A Newsstand That Aims to Delight N.Y.C. Subway Riders - The New York Times,https://news.google.com/rss/articles/CBMijgFBVV95cUxOb0M0Vi1DNmFwWS1UYzRiYjBQTVgyTmpVaXdxc3BhbDRlNkZXU0huSklfNUlKZVByeUh1V25uQUZ6dFowRVdYcVMxSjRtRWowTkJRNHFEeXN1MzNrQmZzUlNCbUNtSWRTTERQS3VORm1BUHhEODFodTZrS1ZxVkxDbk5zbXVRZ3h0UXJoaU53?oc=5,The New York Times,2026-08-28,positive
NYC Subway,"Subway work train fire injures 14, snarls morning commute - Spectrum News NY1",https://news.google.com/rss/articles/CBMipgFBVV95cUxQcVhZT2dfaHpTd3NqZ3NTRFNhT3RmWFp3a2hJdVA5RnlHMU9PSWZuWm50NUt5bzM4S200WWFfSEhXbUNSZXcwMnJOaDRmay1UNVZrbTlVSk1uOTJ2dnhrQW94b3FCUkdna2taWDZRNU1GdXY4d0FpMEpUSGU5QmV2UlpuM2dtUXFCV2c4N1FoM01VczFNd2pzTEZIWlI5amFvMkFwcUV3?oc=5,Spectrum News NY1,2026-08-28,negative
NYC Subway,"Some of NYC’s oldest subway lines just got a major overhaul as the MTA refreshes 3 stations with fresh paint, repaired platforms, and 20 new LED fixtures - Secret NYC",https://news.google.com/rss/articles/CBMiggFBVV95cUxQakNwMDg5V1JIelliZkQ3TGRwdm91cmsyQkNCZUs1bHMxOFhpUmdPVGxoYXp6UE80LWkyNWdwUGt2QnV0LTdCSkZZUGg1NDJBRUtvdGhJd2NRZVZNWDlZV19UQlRQcDd0cFhjT2Y4SXQxWGJ4NmFVMU1SYnhncXBTMVNn?oc=5,Secret NYC,2026-08-28,positive
NYC Subway,"NYC subway fire on train at Astor Place station injures 8 MTA workers, 6 firefighters; delays commute - ABC7 Eyewitness News",https://news.google.com/rss/articles/CBMisAFBVV95cUxNVUlmdTgwM1F0OEtfelRwbVc5MXRHQVR2S1AyZVJUTnM2Zk1pbG9uUHpzQzhJeGREcmVIcjRibW1oQjFPWmJPMkJJRmN1TktLdHg2Z3NlT0lxU0JlV2h4b1dmaUJoU1NJMjhzc1Q0NEdPc0laRURhbVY0RzBxVnlOcmJKejB6bmZqMlR4QTdHVWJ0WHNKeFNvZW9yNFhjT0JKRkNUdmFWYkhRQTM0N0tmaNIBtgFBVV95cUxPeVFMbG5FNWt0RWRiRktIWTVPSzJjbFpYc3M0NGlvQk1ReUh5ejVoTFpKZVNkSzl5dDlNazJrSnBlcXgwOG9yY0l0dWF4U2FUWkFFcnNYS0VhRUtZOXJwaTUxdGE4WkE3NXBQMGtWMTYzamZaa0E0bjFmVWctSlBlbjRiY3lTMGJwUVpnaERhcGlHVnhRdEF0MG5lZHd6X0NEeFRBWkpjM1JpbzdIYllFWTBoYWw5dw?oc=5,ABC7 Eyewitness News,2026-08-28,negative
NYC Subway,2 men hospitalized after being pushed onto NYC subway tracks: NYPD - PIX11,https://news.google.com/rss/articles/CBMioAFBVV95cUxQRHBLWmJGa2xPVTdkVGxNVkUxX2pDaVFDTlFDX3FibF9GUDF3cmFxNjlRLTBOY1lxVnRVWTdReHJiRDVWMWsyai1rMmtwMzV5TkRmZ1BNM2tMUUZ4MGYyajQxSkgzUlEtU0FnN0xDV2oyM3l1Q1NnT0tXRGlsU1RPRld4dEx3MVVBWXkxd2pZSnlQWkRrN0JiT2N0M0p3Yzlh?oc=5,PIX11,2026-08-28,neutral
NYC Subway,The surprising geological wonders hidden in the NYC subway - National Geographic,https://news.google.com/rss/articles/CBMigwFBVV95cUxPd2o2emRxZ3A5QVVDNWJYZjQybEluQ0dZNHFZUFJOU0JFY2ZtakhrWEYtbnl2WnduNVdFU2w5TURTdGdwUVE2STc4MlNoZmJ0WndFUkxfWjRLS2Y1VUsxRmFVeEFNbTNvS093dUxGU2ZUaXd2NWk0TFVLbWp1RVFuVUpkRQ?oc=5,National Geographic,2026-08-28,positive
NYC Subway,MTA unveils new plan to cool down NYC subway stations. Will it work — and how? - NBC New York,https://news.google.com/rss/articles/CBMisAFBVV95cUxOM2FxSGV2ckNYTDUwT1VSWkVoSmVSX0cxQzhkdGlzbDF0WFhOeloxc0UyRFVqeWkyS05ESkp0SXdWWEJNZzRyS2tWUDZsY1AxV3pka3FsQjM4M040eDIwWUV0TU5jZ290Tkk2ZW85VXBQdXdhS1JIVkpSUmVGWHZnZlNOUG5wOTgtZGZNZ3NXYWlod0pfNFMzTFRQUmZWTm0wbF9FOEhqN21IRXdMZjRFWNIBuAFBVV95cUxNQVdKUkFBRUNpOWYxVjFua3kzVTBOdWRxM0RqYWJzbUZDWThlZ2lVbUVNQWhZdFdtcWhHMkRWVXJyakJMTmFQNm4tdUlEWjVFbDlUdzlSUFhwem1nWXh4UHoxQ1NYeU1idDY3c2xfZHZjbVB2MGlJTWstUkJWZEhDSjQwUzB5WmE4bVhWaFFIenlDMkpLa0JvMjlweXZMRC1ZZi15VkNSdVR5MVZHRVBBOFNyRXRFcVVa?oc=5,NBC New York,2026-08-28,positive
NYC Subway,Good Samaritan stabbed on NYC subway platform while trying to stop trio harassing old man - New York Post,https://news.google.com/rss/articles/CBMi2AFBVV95cUxQZy1TMjVQZ3ZGUXB6N2x5cEplNHhlWUNuR2Q4TVpVV2pnR0pHVXpuLWJhRlhOcmZldHNJejk3WmtxcUxwa0NheE5SX00teHRjcm5IdGZ0bDdQNXA3WDJqN0xqX2dXREtBc0o4UDMxOGt6bFJPeXpsdVZvSHlwNE9lcjdBSWU0bEs3bjA1OHB6aDRPMkdKdmVxeE5CMHZxYjZUcXBLSXpSc2t6cDd4Q3p1NWY3eUFVSFBkeUtSOE1SdmJ6M050Tk5IaV9DZ3Jqb0FybVladmNKMkk?oc=5,New York Post,2026-08-28,negative
NYC Subway,Crazed stranger shoves elderly man onto NYC subway tracks in terrifying silent attack - New York Post,https://news.google.com/rss/articles/CBMikwFBVV95cUxNOVVOdXNnSnJlbGNlS2ZmRkViaVlaNWE4aklFSWFXcFNVV1BZUUh0d0l4QXlpMXQ4SmR0ek9XS1NmRW54YlFXVU5LVHRrSUxiYlQyMlg3TFlzZFBmMXU3bzJJU0F2TW1sNlp2VnRSZ2RJdUFlRFo5a01EY3V4UkpsbFhENWo3RDJTTVBIUW00Y0VqZHM?oc=5,New York Post,2026-08-28,negative
NYC Subway,Man stabbed multiple times in NYC subway station: NYPD - PIX11,https://news.google.com/rss/articles/CBMiiwFBVV95cUxNNWI3dFJNZHVEOWVqU3M3TjRpVV9wczlmUVliU2pEdVRjdkEwM1BLWEtsTDIxRWtJbThaVldIZkVlU2ZKNVd4R3E0UER3aXIwRE83V2tvSnVmMUtrXzZaUFdDTThGQ3VoajhESWFQc2Z6NEFQRU1DQTh5a0Y1Vkx2UVNHUVdvQnN4ckdJ0gGQAUFVX3lxTE1mNmVVSEhYcFpZZHhER3lneEh0RjhtbE5BaE5xSHU1UHN5WTloNVVkNWRBSWtfLXVSak9PZzIzeXBRQUM3VlJ2bzlvZ0hDZ3JwMDJzRnNna1kyX2c4a2FFdGdXTkN3R29lSEFyMFdTcW94V0tRcnV5OVZqNGJadjVNZlBPMzRJaF9QQ3NlNnRxOQ?oc=5,PIX11,2026-08-28,negative
NYC Subway,"How NYC subway stations could get cooler in summer, warmer in winter - PIX11",https://news.google.com/rss/articles/CBMioAFBVV95cUxOQndqTVQxenRZNXg4eEQxYjFQaHVnVEhqeXVBT3A2TTZtS3dzUlpnMFNYcDRqaGw5bzg2TGgwMGNGVW5mXzRheTRBN2ZtRE16cVhoSU9BX0lpbEZJWGhrWlBRVC1kc3FEMFkyNlRmWUo2WUZRemt4QV9tUHBXSnliT2xtN0V2ek1ON1Z0cEdpWmdFWVdpZnNfX1B0R3FGcDhF0gGmAUFVX3lxTFB2Qm1TYVNMTjhhVkVzVTJtY3ZKZEJCRzQyTmoyZmZHQXFWclBQSWM5R05nYjJVSFhkNDl6ZEc0dnVOQUpBOGxlU0RpLXExSHUzQmltdDdaR05wVmJwWmRZb2lVR2p0YUp4R0tkSEp1NjFmNTM1Tno2ZlZDSk9feHZTSUpHTDl0ZkpyNk5ZN1BIckstbDUtSnR4UGZydENHRFpLcEM5OUE?oc=5,PIX11,2026-08-28,positive
NYC Subway,Sweaty Mamdani unveils plan to ‘harness’ hot air from sweltering NYC subway platforms and warm city buildings - New York Post,https://news.google.com/rss/articles/CBMi2gFBVV95cUxPdVJ4MFQ3X1prb2JiVERqRzNFejl4YUxrOHBpMmJ1NndqVjVRUjFVaDBGZ0lwRU5yd1FWY2FXUmUxLUNiNXZSQkxnNEp4M192RU1vTEhqbjQyWE52ZDVvcmJ1SERBOWNybTdxb1dKZXU1UVNkbzAyVUV1U3lFSjY4bXpJSWZ6NkI4YXpzakJCU3dRcDBqdjhKV2pVcHhJMFN6NmxiUU1jQ0pWTFlmbEN3VlZwVGc1VU9sSTRZd25YbFJaNko1bHRIek9YYnlUUHhCMTVCTEhjTm9Bdw?oc=5,New York Post,2026-08-28,neutral
NYC Subway,"NYC subway fares, tolls could go up again in 2027 under MTA's new preliminary financial plan - CBS News",https://news.google.com/rss/articles/CBMid0FVX3lxTE5FbXJ2OWJyWTA3QVlKNzhYTnRYTkFheTg4V1ZhQ2lHNG5ocWItbmpLc3Y3a05COUhZVUFlN0syOUQ1dXJqSGxOM0ZOa3V0ZGlFQ0pFWVA5TzZwYnBteXdreGhabHJwVWEwQjdUMnRCSjY3cXBvbDRF?oc=5,CBS News,2026-08-28,neutral
NYC Subway,NYC subway train fire at Astor Place station causes severe delays - FOX 5 New York,https://news.google.com/rss/articles/CBMiXkFVX3lxTFB3OGRfelBuUV9rQ1ZiYzBqRFJmcUVLNEFkQnRaeWF2YkUtNWI3UjNOOVB5OGg4UDFoSWJDM25PbS1RSDhMR0pMblM0U21ReHRJT3liWFlhMFp5UDVkX1HSAWNBVV95cUxNeWFvd2VobTRXSTlXNHF4M3F6c2NiY1FsMC1lMHE0MkdNSzlDN1NhTnB5SExqcnRNX0U2Vk82Yzd4VlBlNDlwMGhHWVdXQk5QS19qQ0sxSzlNcFlJN2NtQWJpUEk?oc=5,FOX 5 New York,2026-08-28,negative
NYC Subway,MTA identifies dozens of traffic chokepoints in NYC subway system as top candidates for improvements - CBS News,https://news.google.com/rss/articles/CBMiiwFBVV95cUxQenJMUnJ4RzNJNTFzcW00dmwycmxfclQxOVVUTXM3S1czTlVRM2Zod2dvSGdrNWJwN2ZRYWJoLW5Rcmw2bGN2QzFtX2RuSGlsZ1RmNFJ2dUVzWVpNUzhPbU94dTEzbUlWbkFXZ2RmUzd5bkhlNHpLMDVpUndMUDhpTTFSV0RJN0ZOVGJj?oc=5,CBS News,2026-08-28,positive
NYC Subway,"Plan ahead: MTA repairs to disrupt subway service on the 1, 2, 3 and 5 line - PIX11",https://news.google.com/rss/articles/CBMipgFBVV95cUxNcGh5SE4wN201RlhoSm1ncDBoQVN5bXQwdmgtZWdmcEJJdEkteHFQMFlINml3VDNZQ0RPNEE2Y01Mc0dqRU9rc3dnSUxETXNpWi1Cd2JoanRoWWl6UHU0eHNwYzhqOXc4cVZPaVoyTU53dE1CaVFDRS1OZEg2UDlXTHdCTU40LWVkcmdBdnhTQlFvOVhMbGwwNXRCSXFET0NIM1V4TnV30gGrAUFVX3lxTE9jTDVTeWRYSS02RHdGQldLeVYyT1Q0TFFqeDBfWDNYV1V4RDE0MHNxWHE0ZjUwMW1aaGJEX1RKMHdPT19ELXh5VW5iYTBySTRoX0FDdjAwTk5EQnpJUWE5T2ZpTWw5UGs5Ukt0dmw5UGp3TXlac3ZfUGRNaThBdmlQNWhjeEhNS3FiaUN4MkpPS1h0OWhOaDQ3SnNiS2VBdUplcWlBZmZXTFVKUQ?oc=5,PIX11,2026-08-28,neutral
NYC Subway,NYC Subway Ridership Has Recovered on Weekends but Not on Weekdays - Apollo Global Management,https://news.google.com/rss/articles/CBMiywFBVV95cUxNM29PcXluYzd4VFNwOEM5UG4tdi12akpUTFZiV1BHYkdURVdXdlUzT1JDSEZVdFVYam1wSW5lOXk0U3VzTDhLX1pqVUNOU2FfYVVTQ2lxemtKZ3pERk1pVEZTQ3FNLU9BTGFtQ05tdDJ1dVJud2hHbjNDWldJckdWVG9hTDlaRTlEX3B1aUxtc29EZDBJajB4SlVPWXR2aktjOC1USi1OVzZkRHBHT1o5UFlJbThzbXJ1RFZtNXlyN2NpNEdxSkE3U3R0cw?oc=5,Apollo Global Management,2026-08-28,neutral
NYC Subway,"14 Injured, Including Firefighters and MTA Workers, After Train Caught Fire in N.Y.C. Subway Station - People.com",https://news.google.com/rss/articles/CBMiwAFBVV95cUxQUmJXSWdEcU5HWWJPbnRPTVpWWmEwNVFXaHJ3Qm83QTh0ZEp3RjF6SDVvZjhjUnRBcWFjYXRvZGhlRmxnZTRfaWFPMm5TNXplVWwxS21mcDZ4VDFhN2lrekVDWmRmX3VNYUNJSDhOXzJjWEItMGVhckNwbWhZckJkODdLYmpuaDdLVnZ0cDRtb2NILXR6M1RBTDNIVloySmZRWlppNGVqLWg2WTV2XzRZNUFsdzZtYjhJNi11UjBPVTc?oc=5,People.com,2026-08-28,negative
NYC Subway,"Fire breaks out at NYC subway station, 14 injured: FDNY - PIX11",https://news.google.com/rss/articles/CBMijgFBVV95cUxOcGFzMTRrbk5HYXdHVmlfUU9adm1HRXlyQkpzaGNNemRkN0UyLS0tMzhzOEZYcFhMaWl2MGMwTjd0azhubGhGWTUzSHcwaHVLRFBTcTB0MGl5TE1qRm8yaUZBNWhrRE1QTW02RXlVcWlkM3JjbDRQbktybjZSYUJCREJjVlNrMmZ1WDUxRkpn0gGTAUFVX3lxTE1NUFRLS0hlN0IwYUw0U0Y4SXRORjF4Q2NnTGdoTHVQWC15SGhUNEt2elhWVW4wSmp3VkFJU1JQVGZpNEdPRm5TOTR2UmJZcGxBeXFJd2o1ckxkZUdoVmJ0MUpaYjRULVByZkUzOE1FaDdBclloR2hoTVM4MzlZVUIzMnF2Ty1lOTJqZUlwQmpxT285cw?oc=5,PIX11,2026-08-28,negative
NYC Subway,"Lunatic shoves man, 40, onto NYC subway tracks — remains on the loose - New York Post",https://news.google.com/rss/articles/CBMilAFBVV95cUxPQUk0ejJWMkdxT0xUcHhEWm8xYnhLbEpzdGt3enNiM25YSFMySmpVa213Nzd4STlvdzlzeGNlX1laSFFOMGN4NGdabmVCN1cxa2RTSWlZbTRuZ002THRiSDZyV3dHLUNZeWIwUGRTSGhObjQ3cGh3RFRkdFpTV3F0LVNXZ0xMRmhCX2FTZTBZbzBrVFpB?oc=5,New York Post,2026-08-28,negative
NYC Subway,New Yorkers Just Ranked the Best and Worst Subway Lines—and These 2 Trains Came Out on Top - Travel + Leisure,https://news.google.com/rss/articles/CBMingFBVV95cUxQTVBFUWZrc3FSeW1BNDBTNFFPZ2lIZzZxQkhIWFVsbzRfV0ZWMGFJTDVMTjdzSXlBVWtVLVVOQ014b1BLQjVvRFFxcldMbW5LRFdBMWpwT0F3UUpVRWNIUXE1YkNUc1pwdVZCcjktQkk4V0RwNkVTVnJjY0Q3TUFLMkNjd2I2b0Q3ZnFYS2o0RVZQU202cHY3NUl2S05xZw?oc=5,Travel + Leisure,2026-08-28,neutral
NYC Subway,NYC subway suspensions and service changes for August - PIX11,https://news.google.com/rss/articles/CBMiigFBVV95cUxNa3JjTzdjTTJ0TGREcmhUZUdDVmF2dG44Sk9ibFJEdEpfSjl1b3J0VGhrWk9TdW1SbFdTWE5lVkpqV09jd2pqZUZfVDVyQ2UwcGlzQTgzcjF2aUtUM19GNWxma09DdHVjQTdzYVRvU0Z1RkhjMm5Sb0JPOTZiTXN5WW9meDB5WFR6eVHSAY8BQVVfeXFMTnBsWk1uUUFrQjRsMWFHbGdIdFl6MldickhHcDNySmFGX01HQllZdm1GYjBoaXBsNWhFTjNjbkZGM085TW9SSVRTZVE0YUtXRlRYbFRaOVg5c2lhOFZJWGxIOGdMWXJNQWRhdHVFVDZFYmVHdkFJeUVtaDhNeVM3VlZDNnlvODREa0ZMN3huTlE?oc=5,PIX11,2026-08-28,neutral
NYC Subway,MTA unveils plan to cool down NYC subway stations. Will it work? - NBC New York,https://news.google.com/rss/articles/CBMirgFBVV95cUxOYzFuejRGTEVxNmROaTB6Z3RIN0lOME1UZVQyN3JJYVg2NHpTeF9JcTdNZ1hJelJ2cVY3Z0VkM3ZVZFptSHhpVnRRcVE5T2JlTWo1b05LbGx6SXJnS0ZMM1Fadmo3Q3JtOVQ2SG13bWI4dUF5clpXT2dKVkRmeUxHTzUxWktVYTRYa1hzSGxZZUVaS3g2OGk2OXlSb2lwVy1uRHNYMVBsTlRqaW14elHSAbYBQVVfeXFMT1k4eUw3RmFiTE9TWm5JZ0JzN1pEbkV4ZVdRWlFfU1p1ZEtPR2lTRGx4QWVKblJMcm12VEJRYmZGVThpaHdPTXZKM3dLRWlvVWdib3FwTWNvOVhnY1ZfNTFJZmJJREkyZjJDVzFyTlB1NC1lTzlMYVN1WGNsMEJudkFxYVY5Ylk1Qk1takM4ZXZzR1ZqbXFRdTdCaGdZLTNSX2Q0VktTOXNTWGlPczlCLTF4YkRhSWc?oc=5,NBC New York,2026-08-28,positive
NYC Subway,High school senior who set homeless man on fire on NYC subway gets over 5 years in prison - NBC News,https://news.google.com/rss/articles/CBMirgFBVV95cUxNLXJlR2R3TWF4emNOSk1seTZnRW05MVZPMXhvN0F2a25DMjVRNWxKSHgyVU5UZ0lxb0JlMG15NTNRcGxEcUdaUDN5SGp5Sm1lRGp1anJISjRYeXhiYWt0SE9MbFlpa0k4bDBMVTFsd0NYakFNNlNoYndmVDR3bk9KTVJOenNzUXJUWVdHT0RGVFMzNGdPLTBwdXlGQUE5ODExLW9ZNzJ0enI5WE5ZaXc?oc=5,NBC News,2026-08-28,negative
NYC Subway,NYC subway train fire at Astor Place station causes severe delays - FOX 5 New York,https://news.google.com/rss/articles/CBMiYEFVX3lxTE1ieVBKT2NzYm12dnlkVzk0UGM3OUJHUExEcTRjSFBqWHBSUjRsV3Z2TUsxbmdBMXRoUS11TmtOaDNfeE1Lc3V0QVNhYUQzNV9ZR0x2R002dkRNRjh3UUFmVNIBZkFVX3lxTE8xM1hEVER4a2FLVWNwTVdxTHFNMkp6ZFUwMDY0b05RSnNORER2TjF1emFIWE1IRmVENHptVDVyelVTS3JpWWpIbElhS2ZBcDNqZWdMb0tTVHFBNkVYUV9uWUZPN2J0QQ?oc=5,FOX 5 New York,2026-08-28,negative
NYC Subway,Five subway lines face major weekend disruptions through August - Time Out Worldwide,https://news.google.com/rss/articles/CBMi3AFBVV95cUxONUZ0TUZCSGhJSHZ6TXQ1OF9rVkdRMldhUkZqR1kyaTNzMFdDeTdCVTlERHEwQUwwMzJfbXZKQU1FLXRJZklfYWVnNDFzaDNfdXl0cVROX3RISDR4SDQxZnFnVFBmZi16QkRmZDctODNJOEdsOGJxR0E0WHBSMmNZNUpRVFIzREhMX3ZlWVpnblhsUjAwUWItcmI4ZDJFUzY0YjJyQ3l6ZVF0NXFFLWUyZFhKYmh0SC1yOG1vbVRsWVlLS2VUOFFFQzNnc1JhYW9aazZlM0wwYzRJaVZj?oc=5,Time Out Worldwide,2026-08-28,negative
NYC Subway,"New York City's Best And Worst Subway Lines Of 2026, According To Locals - islands.com",https://news.google.com/rss/articles/CBMimwFBVV95cUxNNndFN0NRYl8wdk0wTGl4LXhTMDM0TVU5NV84ZU1kQW5wSnVNdURlR3cxbE9wcEp0RDgwaEtjaTZXMjVpQzNreUFZYWR6cGZYeEQ3Sl8tOTFNdXpQLXVsV2YtV1p4d3N4X2Nia1V4eXVMSm5nUWJSajRFQXQ5NHJSMExwTWxadUNSRHA5Z0stNGxwa1dEWktmVWpSZw?oc=5,islands.com,2026-08-28,neutral
NYC Subway,NYC Subway Mosaic Classes in Long Island City - Secret NYC,https://news.google.com/rss/articles/CBMidkFVX3lxTE1RYXRYOExHOUhEWHN3OXpSUXNaWXNrbHk5eDYzblZYclBRR3dLOTlsM0dvdFFEMUJTTWRNcVA2dmM2QTJua3JHbjd1Y0hVc1hJeF80NGNPazNTS2daNzUzeGI4UmpiVW5JSnJ6azU3RFZtQVFGVUE?oc=5,Secret NYC,2026-08-28,neutral
NYC Subway,Major NYC subway service changes planned for Memorial Day weekend - PIX11,https://news.google.com/rss/articles/CBMingFBVV95cUxNUmd5RTUtVlZidXFVcEpVX2p1dU1hcDMzajc2OVNLbHE0ckVNQXA3MWs0TmVfeXlKVllSVVU0N2Y3eXp2RGlJeUZ2NVE4TFhZRE95Z21xYlM0cEhJeWZkczVmdDJ0czQyTXN5Z0lNUTc4T2tlRGZvdjBqRnU2anRZLXVhelk1cDRKN3FJUnZ6eXM2SjM3d04wc25OV3QwUdIBowFBVV95cUxNVmpJN0xNbVdHNGo0RTVwMVRJcU5zQkJ1VUV5ZjRZUnRJaUR6RkRMcTczdmoyclh0SVZBaG5PSTZhNkRRdG12RWVZYU5SOFdlbXlCZTBWZ2t0TXJSbFFac0JtS2o3MER3V2c5NjVpSC1HTFlBWnhJMFcwVWlRMlVaenhzQUI5a0xvS1l3dE5BWk5PYkpCcUJOVXo1bnhoNThmdzlZ?oc=5,PIX11,2026-08-28,neutral
NYC Subway,"1, 2, 3 subway lines will undergo service changes for next several weekends - FOX 5 New York",https://news.google.com/rss/articles/CBMiggFBVV95cUxQa3E3UjNleUJlR1FoWlU2Zng3czFDY0stajdsdWw1OEtaS3EzbjZ3ZXlBU0FCVF9JVWdkckppa3JLV2RNOWwxTFdlUFBQeGhtb05kSnN1YklZY0FvU0dyRUNHQkd6U1ZkYWI3Q0NqeWkyR1dpTk9zQkJxYkFtQWFaLWlR?oc=5,FOX 5 New York,2026-08-28,neutral
NYC Subway,This NYC Subway Station Got 123 Million Dollars' Worth Of Improvements For Riders - islands.com,https://news.google.com/rss/articles/CBMi1AFBVV95cUxOQUtfTW45R084dng3dGY4ekl4VG91Z0RpaDFVbTJweFNGWDRIRGdJOV9lekE0RWhuNzB0TU56TFJuMTdPVVJKZ1VGQVlvQzNoQXlEMzlzTGxNYV9mTDUxWHFaN1QtMGF2LWxYLS1uMEdmTXFpYVFCeWJRVGFBOU5Qcm5uQjlLdjJYaDU1MVN6Z0Jhd0hKOXRweHJTNFZHX0Z5T0VVUktUbURyV2ZvbkstTG9OTG51M0VvZ3JtT0ZqajJBZFN1YVN5bHEwYmI4akRWd2lIYQ?oc=5,islands.com,2026-08-28,positive
NYC Subway,Ignore Mamdani’s gaslighting — NYC subway violence is worse than you remember - New York Post,https://news.google.com/rss/articles/CBMiswFBVV95cUxOY1FFRUE3b0MwMlU4dFQxcVNXRkdmLTBaQmF2ZlRQbkpzc1JjV2FvZlNsRnluaEhNQldBT3JEajZ1dWJndVZTV1FKdVJwYzh3YTlWTm9lcXo0cTBpWkcxeUZBTGhOc3RDcE1sUXJzMHYxZlY5Zjh1WEJXeS1IemRLTFFONGZPcDBRckdQdHpLazNLcU1ScjhKUkZKLWMzMXlIQmlhNUNOblR6LUNJVEpSRjkyQQ?oc=5,New York Post,2026-08-28,negative
NYC Subway,We recorded the temps of NYC subway stations during 100-degree heat wave — the results blew our minds: ‘Dante’s Inferno’ - New York Post,https://news.google.com/rss/articles/CBMilgFBVV95cUxOODVpX24wVC1yRVBtdG1qWVVwbEd1c3NRS3JOdkxpdjhpdU5JcDdVVnUxamZGZG9ER0prdUZXWXBfQW5jTWhrdU5Oc3hlUmpTUk5QNm9QTm9PUG1JV3dCR3JWbWRhajNFNGw0a1JaWFJUX3V2bzhUanpQT3dsbkVseXNRemFQSkxrTFpTNmpycGZLTXNxUXc?oc=5,New York Post,2026-08-28,neutral
NYC Subway,NYC subway station to undergo a much-needed makeover - PIX11,https://news.google.com/rss/articles/CBMijAFBVV95cUxQb2REdDdkWlpxYk5Qb3FkU0JkVktFeDB3WURzUlpkWUJKNlUwa2lhOWtzSXJ4LVU3TGpzZlF2OVptMFFQbDBDQzdBNzhySlhUaThYX184ak52dGpsbjZ6Y2F0TGI3R0NMR1R3RHhPVDVhbW5UbG5lZFdEMk9iVThDMnVLNURBbEt2aGZUatIBkgFBVV95cUxOZHpRWlZBRWhPWkRReXR5NVdGWkdXY3RGdE5GMTQtWnMxVDRMbnpXWWJiSEhWOXUzWV9yQXQ0dzlwcFlJaU5VUnI1dW1NLWdpSjRYenp5LW5BQTdYN0Fpc1E2elVRbV8wdWpIb29ncFQyS0xnNzZPYjQydlNWTXc3dmRhRTA4aVhEcjJpR1psaTA2dw?oc=5,PIX11,2026-08-28,neutral
NYC Subway,Teen arrested for sex assault on a mom with kids on NYC subway is Yale student - Orlando Sentinel,https://news.google.com/rss/articles/CBMivwFBVV95cUxQX0VlbXB3TGNNRmZ6X1BiZllkU0doZ1Z6TVdiQk1JYkVMOThuaWdtS24yZno2ZmJ2emZhRExZbElvVWRSNXVFWFpPbmpyLUpvV1lFTDFUaHhFZzB6d2xZXzdSdm10MVN5QUNfTmdPcFFFTDI4VUNxVHRIWTZ6VVFoOWx3R3NnUHpFdXZ3TnNGMXhDNTRfSVNkRnZTa18yc2l4QjBxYWk5YUJxOFphMjktT2ZrVi02YlNNbjVaZGhqZw?oc=5,Orlando Sentinel,2026-08-28,negative
NYC Subway,MTA debuts trains celebrating different countries for 2026 FIFA World Cup - NBC New York,https://news.google.com/rss/articles/CBMijAFBVV95cUxNQ0Z5YVZwT041eEdhYllmX1FtalNWTUJ4UWkzandmQUhXaEdMRHdBU202UUFtUU1aYjdORXh3SjNZXzdaOVBySFU1WnV4djBLeFFZLUhUaWstelplaWl5dDlmWk5SYTV4ZGpITmhoR0NYQkxyRkVHUTl2d3g2TmxxeVFjbFBQSy1zMVpnUNIBlAFBVV95cUxNUVZVeVVyVnlZX28tNW1SS2pqc1QzT3JCQVppSzlXV3RpeXNYYTJfemwzY21lVGhHTzV6dnVxS2pGQlV3YkpaQWMzUmwwMUxGejBiQXZIWC1XN2xFdC12b0I1azBKZWh0Q2VCemZXLXN2SU9XWkFEWHVxS0NfU0JnZ1o2cWg0MlppWVkzclhtU3Vvbnlr?oc=5,NBC New York,2026-08-28,positive
NYC Subway,Person of interest in custody after man fatally shoved down NYC subway stairs in Chelsea - ABC7 Eyewitness News,https://news.google.com/rss/articles/CBMi0gFBVV95cUxPRXM1UGRsSEhLSEdpcktTTDNLRHlVbm80TW1RVVhsM3dqMWVfZ2ZtQUw0aWlfQVFZV1JmNjBXbk0yUG5pQTRZUkx0dk12ekZtOER3M3ZiVDVCUEhvcUpvQ0JZRFVjUUh1dnNqc0JPU21faW92SXpWWFRPUGVSNnJQQnc1Z3c5aWo1UWNJWkl4dlN3VWhOM3k0UTVyakZWaEYwY2tHZ09oLVdlN21pR09Tb2gzX0ZvY0hEZDhMTkZKcGo5VFhTbzAwZzdsemFLbzRWV2fSAdcBQVVfeXFMTkFRei0zWUZhREZxaEY0ZDMwbXFORHdfOXF2N216cjdJdUwyMEpQY0MxX055R3N6a191SmxNaWk5RFV2SThLeVZIVjhxVG5vUEFFaWRKVWYtd2E4WFZkTWJYUnlvZVZUZEJ5RkdfaFlueTlDLWtuaXd6cFN3VXVjbFNKMXItVkhCVF9IZUhuZXR1T3lwOV9aOHRzZTdsUHJNdk5aazRWWHhSOFV5RW9ZRDIteGpNRFpGc2lVUHRMNDJvN1FOb1lTbG1zRVVFaTdlUE51YlhSUEU?oc=5,ABC7 Eyewitness News,2026-08-28,negative
OMNY,MTA plans to pilot virtual OMNY cards after year of delays - Gothamist,https://news.google.com/rss/articles/CBMijgFBVV95cUxNZ0U0V3FnQzFEQnhvOENDN1ZnSnlNNWR4UFo1RFh2MXp2aTlLdWZoQVdpNXN6NWxaemRQOWhTdGlJY1U2bEhwUVc4SkdXRkVwR3Zhc1ZUMjk2NEswY0ZCanV6eU9zRnl0MnhSd1Nob2UycHNzUGRZbWdueXNETTF2UWhMZ2k4bUQ0TV9tYW1n?oc=5,Gothamist,2026-08-28,neutral
OMNY,NYC students get changes to OMNY cards from MTA - PIX11,https://news.google.com/rss/articles/CBMiigFBVV95cUxNRTZSSzg3R1RQSFVJUjU1T2JGcUVZMmp4dDl2U3RhYzlzSTdYRmpZRXNyeTA5LVQ2UGp3TFV1V1luRXVQMUoyX044aFFLbi1tdzRqVDJGakpaZjY2VmVLczVtMzlOa3VDY21NY2ppSjBGRGRMWUdUejVmTlVFLW51cjdTSDdmenlIOEHSAY8BQVVfeXFMUGFhQ3lxUVByODlIV0IxM08wZEs0WUM0bnNFc0ZVd01Ja203Qm9aS0Y4eEwydVBPYUFqUWhnVG1YUmx2NzlvRy1USVdhRzExXzB1QzR2YnJvc1VOcUdkaFYzdmhkaExBMFo1eWZxbnJDRUphRlRwM280ZVdNcXUwMEgyWVhFZjNFY0NpMGZXd2M?oc=5,PIX11,2026-08-28,neutral
OMNY,"NYC students call on MTA to upgrade OMNY cards, claim they are too fragile - ABC7 Eyewitness News",https://news.google.com/rss/articles/CBMilwFBVV95cUxNbU02Z3VyTUxZSE9RMTNiUTNQVWNUSk0xLXBuaktoQU94ZUpCR2ZEa0F5UjJOV3NZakY4aTZMcVJXQWVkVkFJVTlVS00tWXVBNlFtbWpwdF9HVmdOZTZUSVJIUXAzdkhTTkF6NHVzM3RIcFlZMU5LWS1SZHRad2FnM3lRSDJXYmMwM0VwdWltQndHNjlqMnZZ0gGcAUFVX3lxTFBXR3lJSWdFNVNPQTJNRjJrcXpZdWJqOEJXSHFLeWlsNDN0dkNrQW03alNkeFRseTJRTE05VVZncEdoakc3UjJxcDJxSUVJc195LVJqbHV1Zk51U0F5ZEJHVjFuNGIzbl9TRmNEUXlBYTFBbzdGMmpCQm1pb0RZR2dEUEs4YTI1cDBRSzBLRE4yaFVvYjdCeU1GQVVhQw?oc=5,ABC7 Eyewitness News,2026-08-28,neutral
OMNY,"Staten Island student pays thousands to get to school, asks Mayor Mamdani to make express buses free for students - CBS News",https://news.google.com/rss/articles/CBMikgFBVV95cUxPRnU0cU8yeGkwSm1KaW9IVE5NRUU2VWRMcDhkcFMzUGhGV0hEdkp6U3p3dHhrOGNkU3oxWUJ1QTBoQUxnb09yOTNET3RaaUNsSVhITXdDdEFNSkZHQWkxenlVaGNFM0FpZHhHZ0xkMC1ZRWJJcWFrUWM3a2E4MG1MMmdTUU1DSTg2VXRiTmh6alB6QQ?oc=5,CBS News,2026-08-28,positive
OMNY,"For Some Older NYC Bus Riders, Change Comes Easy. Just Not OMNY. - The City Reporter",https://news.google.com/rss/articles/CBMijwFBVV95cUxNS1NudVYtWXNoWmdwcmJkRjkzS0NsUEtPQ256WVpKZlpVdGJxTGlobmxJT3JGMk90OTdyWU8xQ3BvTkRXa1k5bnowb1hwMUZSdGs4QXcxejZGRl9rMnFkN2p3SjJTMzFKaHFHQkF6NFpPOWhidVFPTkM3R3ZBMkw4ampDMDFJY3Y1QlpRYmdyMA?oc=5,The City Reporter,2026-08-28,positive
OMNY,Students say their flimsy OMNY cards are jamming up their school commute - amNewYork,https://news.google.com/rss/articles/CBMickFVX3lxTFBxdWdLQnZfcEl5ZFpRRTVwMFczTlNOMzY4amdOTVIyakxRNnJsc1dVNGk2Q2RFTzc1VTRwcVNLdmNQVmJFM1FFUXk3OUpLRkVrVWFBdzBTS3pqV0g1UjZpMG1vOG1wMHZCMzJKTnZzYkJMQQ?oc=5,amNewYork,2026-08-28,neutral
OMNY,N.Y.C. Students Are Sick of Using Flimsy Paper Cards to Ride the Subway - The New York Times,https://news.google.com/rss/articles/CBMihAFBVV95cUxQN1dYVmxBY1VhQ0JIWUVXdUtlbnkzSnZDZDRXMG1jUWpUWVo5WERvZzk2ck1vUUt4ZEtaT1ZKUDFYaGhPbm4yR1lCX1FVOGxnWER5RS1UZFE3Qy1sMWxzakE3MmdzaWJ1WHdLMGYxLTVMWGZ3RHp1V2tsVlJKSmYzZUtmbm4?oc=5,The New York Times,2026-08-28,negative
OMNY,"OMNY complaints mount as some riders fail to get fare cap, transfers - Spectrum News NY1",https://news.google.com/rss/articles/CBMiuAFBVV95cUxQS0ZwN3FLQjBRYTJUbnU0WmFBbEFEYzh2bmk0bUJmN1RyN3VNRGJVRGd2WnZfbjh0dWdQcURyWHpwbENVR3hvcERzQXN1Wl9BU1BmUVg0SFlUQkFDbm5Zb0NNQzJVMi15dWJ5Z1ZZN3RXNFNPYmxveC1jcHViclJWS1I2cVNWdm5ZcEY2Sld2b1FoREJiRE53QzBnUU9JODZMSUZQNlFLeGVGSnVjb0FqWFlYZUFNckI0?oc=5,Spectrum News NY1,2026-08-28,negative
OMNY,Staten Island teen issues Instagram plea to Mamdani for OMNY cards to cover express buses - New York Post,https://news.google.com/rss/articles/CBMirgFBVV95cUxOTVNJdk9XUW9rekhXR3RiTG9WNUJ1UU5ndzlxNXhEaVRtMF90Zmdib3owaU9fdjhYby1EX3FNZGF1RGFvVl9uSEVMYmZGQjFBaDRGZ3g1V3JuQ3lfQXUxbU5KTkMwN3ZUVTY5cURGSElrM0JhcGV0YV9iM3hSMDg0eWFTSkU4XzYyVFcxZ3hZVThZeGd3UWRkc29hRE1ialRoaHlleDJPU0diUU5YelE?oc=5,New York Post,2026-08-28,neutral
OMNY,"Goodbye paper, hello cellphone tap: NYC to pilot digital student OMNY cards for some schools - Chalkbeat",https://news.google.com/rss/articles/CBMilgFBVV95cUxNZFoxc21fcFVyUzNrNkpua044MWJxSHZrSXgwLWRndHJtOFBwbmVMZ0lqRVRsdGxGVmoxR21IV0pQZFpkaE9mVFBxak1oV3RJOHpOTVUwTkhnczNtcVZvOE9iaFk3M3k4Z3Y1M3NRWEMzekxxdlNjVmR6VEJaNklINUt6YzNUY0ZtN3ZvU18zM19jWlh1aFE?oc=5,Chalkbeat,2026-08-28,neutral
OMNY,Inovalon and OMNY Health Partner to Launch Linked Real-World Dataset to Accelerate Research and Improve Patient Outcomes - Business Wire,https://news.google.com/rss/articles/CBMiiAJBVV95cUxQcy1KUzdTVzdaZ1JBQ2JGa0RJTERYMjJIYl9CdnNBcGl4ZWVoUmRnVjlxcGhPUVJQQlpkT09DUGVfOXE3QVNlQWNuRzJzYTc1bWRPQ0oySDdiS085dHpuaFcyWFgtYnBQd0dZOUx3azNyX3J6RmlObjdnZ0pNeklHMEhGa00wM2F1TjhFdk1neWc3VGFwTU50QjJ1ZldRSmpQdm1yakhacThNYTR5dUhVdkx3U0NoUTJVQVVHY0d0MGhkVWZaZXVxcENpcGgtNVRiZDU5SDhxYzlVMXU2X2RMWWJWQ0h6VlZockdYN2IxQkRvVEo1Y1VZWDFDa2dCYjZ6cklWU2oxNks?oc=5,Business Wire,2026-08-28,positive
OMNY,Westchester Officials Propose Expansion To Student Omny Cards - News12 | New Jersey,https://news.google.com/rss/articles/CBMilAFBVV95cUxOLUg5OTM1SXZINnhrVk5wSFpzakZ6Y2tMSW9CM1JYVURPdVVKM2NtTXBuQnMyeFotaVBFWnlYUUNGOTE3U0ptYUt3V05ZYjY4amVZd0xobFZOODVRVUlueWVHYmNVajBVSTlndUVidW9IemVBam85TDJIYjZxN3J4VjAwNERDcjY2S2Q1NXRhWmNxb2RB?oc=5,News12 | New Jersey,2026-08-28,neutral
OMNY,NYC Public Schools to hand out OMNY cards to students: Details - AOL.com,https://news.google.com/rss/articles/CBMifEFVX3lxTFBJeUZtTDBwMHQ1UkJvcExDbjJuN0R6bU8zR0dQcGV3Y0xtMUtjcThmZHJnZjBsYVpvWU9QUi1pU2xhclNfalRZNXgxczhaXzVISVdTNGdmZkdBb3dPTV9ZWXZPQ1drMVpmb1FQRzVmMUJfR2ppMjBLX0VnQjg?oc=5,AOL.com,2026-08-28,positive
OMNY,NYC Public Schools to hand out OMNY cards to students: Details - PIX11,https://news.google.com/rss/articles/CBMinAFBVV95cUxPaTZ0NmJieGFjNHpidGJXMDhsVGV6Mm9XMFJjTW56bzRKdzJ1Q1N5ajB5OElfcXp5YW9ybGd1d2hTM2dkYkRFTHMtUndyRzZEYlYyUDF0dnh0a3FqOFFlUXcyMWRtWV9MYUJicDZVSXcyMUlOYURBYkZrcXBGWDU0QkZXU01peElkSkhsYURDTWJONmxHZ29weTNqajHSAaIBQVVfeXFMTTdoQk5RbThXdmU0YVNtaG9sa05xZHRESjY5MHNGUnExM1E4WnFadm5NR3hLZGlPLXBSY0M3MlBvN0UyNXgwM1JjU1lKSVVsUGlYdjJVRTR0X3cxcGhyZkoxckVJR3U4UnJnMlZpZjZyLTJmYzdlaUpZUVphLXlCVGRUUzFoY3ZOc1c5SHVqdVlTalJ4V0ZpczAzNWZsc0dwaERR?oc=5,PIX11,2026-08-28,positive
OMNY,"Exclusive | NYC subway riders push AG Letitia James to probe OMNY cards after claims of extra charges, phantom fines - New York Post",https://news.google.com/rss/articles/CBMixAFBVV95cUxQdVFhc3dCcVYtNnJaU0dhQnZHODVkYkRFbjhGNkdTdlpHT2RsbjZfSFExVldiMjR4SDZ0R2dnbGZTR1RfZDNKX2JnSGFUNEtBYXFrTWY3TWVKX2tmWmJFNWQySUh4RWZuQ3pqTHh4YjkxRnNzWHl5bDFReUd5ZWtHWWdEdTkzWVBpWGQ1M1BHUzBSZDRSQV9nWFNPalRKQlNmTnNBRDd5YWdJeWNzbE9vdFlHbld6b2xnekhtaFZNRG1OMUlM?oc=5,New York Post,2026-08-28,negative
OMNY,OMNY? These bus riders still use coins. - The City Reporter,https://news.google.com/rss/articles/CBMiiAFBVV95cUxNYlIwRDVrY2ozLXFYWE05dGUzdUtsMTd3WnczZjJKVnU0WXpKclA2cUFXS0ZVVGZ6czEyV1JldG9mNmRrT2dvOTh3RzhpVXA1Ri05eEx6enZtX0JZVEE0Z0tWNmJVZVNwNW90VVRqVElxOU9FX214WDIwdjZUZGYwZ1Z4N0VpT0xr?oc=5,The City Reporter,2026-08-28,neutral
OMNY,Subway riders request OMNY investigation - PIX11,https://news.google.com/rss/articles/CBMif0FVX3lxTE1jRHRsVlhvUWNSWlNweGhHekY4amVnN0lqT1ZuZzZUYkZVVk5tc3dheTI1R256VUdlY1B1cHo5UktpSE55U2otc1c3ZU53dzRKdVJBcDU1a3BIYVItSlcweGUzMG10cWM3LXJYbWRwQm1maXg2ODFMT0pwclc2YWM?oc=5,PIX11,2026-08-28,neutral
OMNY,"Students call for changes to OMNY cards, claim they are too flimsy - Yahoo",https://news.google.com/rss/articles/CBMiiAFBVV95cUxNMjM5aVVTSVZMbHZuV2pwVU1DRE5oVm1yMjlibTFJZjJzbVB5OHlTMFdKZlB2OVQwTnUwRExER0FUamRqcWFkUlc4am9IcS1fSkxvR3NBZ2JNNEJNLVY0WEtUYnVYQUxTZHIxZHlSOF9nRHR4ck4tbm5sVGFNdjQ3dVNQZG1aamRf?oc=5,Yahoo,2026-08-28,neutral
OMNY,NYC Student OMNY Cards Go Digital - Patch,https://news.google.com/rss/articles/CBMif0FVX3lxTE9CYlZ2Q2dPUF8tb2NvSDJmc1NkcmdKNjBnOHZFNlNXRVhfLXJRTnpieDl4eF9rLVJUdy1rOVg3clBqLUNBQTVZNU1idHpPdlBuVUxraVI5VDY0VGRDNUM5VmVDVHdBd01ld3hUampnb3ZXVm5nQUxkYkVHbUJVd00?oc=5,Patch,2026-08-28,neutral
OMNY,Free OMNY cards coming for some CUNY students in new pilot program - PIX11,https://news.google.com/rss/articles/CBMiowFBVV95cUxOSm9hblRVN3h0QURZNlcwQ1RnM3pvc256a2xLelZtdFYzWlRobmlZNGI4bDBNVG5Cdzc3b0NpOGoyMHBzLU5PbF8wQ0ZyRjgwbjhhdGNHckgzLWpKNTVkc2MwMl9RT05CMTEzbXdnREJ1QV9mWWFCVS04SXpGQ2ZCR21rWkdBbUcxYTR2MElxcUtJYzJJcnk3aGF1V2w1bUVWTTBF0gGoAUFVX3lxTE1kOFVybmJpd1B4bUJEVGt1Mm51UGwxLXFSUVZMMzQ2UE4ya08zUW1Ha3dHeXdDRnBqelN2bEVSQkZYcFNXTVBFblVDbkdTVGpmNFBvNUx6a1JzU2swT3ZHeFVfZ0tuaS1CZzlBQVlYeXVteEV4QzgwXzZ5OExlcHl0QUpNOGl3UUVUTWw0eUFQeGhieEN2QzFHdloydjQ3dFFsTXVXUHlNWg?oc=5,PIX11,2026-08-28,positive
OMNY,"EXCLUSIVE: City Council funds free OMNY cards for over 1,000 CUNY students in city budget deal - amNewYork",https://news.google.com/rss/articles/CBMiekFVX3lxTFBYakVQT0x3Tk5ycDVTV2htbnM5SjFJTHdsa0VTMTlyU05BbWRLVmpRSTNRSi1YM3NvMWdLNXlCUHpRZHdtVEI3ZUNlYzJOeUhpNlRkdHVhRkFGU3ZSdjQ2RVV1d0lfYkxfZ3hHbzBpN1dvVWdXdk96NGNR?oc=5,amNewYork,2026-08-28,positive
OMNY,The MTA still accepts MetroCards in the OMNY era — but does anyone still swipe? Here are a few who do. - amNewYork,https://news.google.com/rss/articles/CBMic0FVX3lxTFB3R1M1MFY4Zkg4ZmMzQjdDRkR1WmdqM21TUkc1ZTg2T3lNaUQ1bEljdkdTMFh0Vi1GX29Nd1NCM09ERlVpRm5reUNGTXR4Um1LdUVudm00b1Y0WVBCZlBaWTExcnl0VzFLNDh4YkE2V2g4Zm8?oc=5,amNewYork,2026-08-28,neutral
OMNY,Some NYC Schools to Switch to Digital Cards for Public Transit - GovTech,https://news.google.com/rss/articles/CBMiowFBVV95cUxNdHNkdVBnRXpQUVVXSk5qZEZSOGR4aWxIVno0cEw3UzNFTm9LUWlxNVFhUUh1cnBvNk1Bb3ZpTzM1dnhOOGNIOFNIbVNWdGhiY0JEWVJlcTktMVIzelFyUGhCSVVJanVESkphaGJBZnVWWEtZZlJrdGMwVk1FczlKZHphdVJBRTF3R1hTbGVTM2lBV2k2ekRfSHlrbllSVnEyOXdJ?oc=5,GovTech,2026-08-28,neutral
OMNY,"NYC subway riders push AG Letitia James to probe OMNY cards after claims of extra charges, phantom fines - Yahoo",https://news.google.com/rss/articles/CBMihgFBVV95cUxNRURJQmZLTmhPc2ZkUFF5WTk3aWtmMmtJRWxlbkR2UXdIVmFCX3dSMHN1dkFNbzJMQWFQSFBoLWs1ekVndVlRUzRqY0Z4SlFSMjBLRF9sdmpEcWRTT2loWThyc21HZEZlaHBySW9CX2pBTnlnMTlKWTZOOWQ4SENYMFVmTThXZw?oc=5,Yahoo,2026-08-28,negative
OMNY,Some riders take concerns to MTA about OMNY fare payment as upgrades are planned - Yahoo,https://news.google.com/rss/articles/CBMiiwFBVV95cUxOZXFLaUR6a1NrRTNqb3VWOVd4eEhUUDFtTjg1WGJ3WGhVbkZjZzJtTTBGdXhhMFBEWHYta0tlLTV1YjFGSG5HckNlLUFLNEhLOHJxZmhXS1hEN19ZQ3hIRENNM0hkMFJXX28yNkhXMHVmZ2VYcXJXaGhrT3djaUNXbUVJU05aNWxGT1I0?oc=5,Yahoo,2026-08-28,neutral
OMNY,OMNY Health Surpasses 175 Million Patient Milestone; Launches Oncology Product Suite to Solve Complex Real-World Evidence Gaps - PR Newswire,https://news.google.com/rss/articles/CBMijgJBVV95cUxQY0ZNREotYTZUWVhuckgzdFhOYWdWa2cwTTE2eHNHNTlLZWZnM2pMUFNtSVJacHZaV0dtYXk5bWVCaE5JQzJDV3Q2N3FzVzJGV1Z4ajFycWFkckFDbzc1amJVTWp4OVVDU2RPa3Y3Nll4NVNOWkIzNnUtb2xUakJoV2psdXJ0T3pjMmtkYllYbkY0YTA4VXhSZHBlRXV1MVRuLUZnNkNpVmw5czZSTXNpN2VNYWlUbHlYMWZNRzVEUnh3OUJWVXRxRzdydkN0bmE1cTk1dGJoM3U3TWM3dnl5SWZoZEF2bDJNcmNRSE1LV2lwWTdBQjdZS3BQSnVSRFlPZjJ1WHlRU1RUT3lMUHc?oc=5,PR Newswire,2026-08-28,neutral
OMNY,"Take a survey, win a $100 OMNY card: Here’s how - PIX11",https://news.google.com/rss/articles/CBMihAFBVV95cUxPWHpoeERqZWZQU0VCOWctQWFNdWVGcVJIdzFKcEo4bnRUR0xLY1JjQVNRc2xLdzRMdVN1MG5kZ3h5YktBMXlLX2R1Vk51STBTTGF0R0JpZHZJV25UM3VJUHlOeHJNV25sV0FkdzdMd2hCdVhRQm5xYl91RmdWa0Y3dDBCX2zSAYoBQVVfeXFMTm1pUDA2UW9fc0xhUDdPS0lqNnl6VG9RWkYtTmFPQ3JUNXJwbS00Z0dkeEpYbFpUVTNLVncyUFJFQ0xSYTBSbGNfU1ZwbnZSRnI4ckZ5NzlBcGpWV0R6UlpvaVdIZC1NYTZMR3hrRFA5UVFJV2g0dWxXRHBTUl9ReGF6RElYcy0xZWp3?oc=5,PIX11,2026-08-28,positive
OMNY,Manhattan man encounters issues with the OMNY senior discount - NBC New York,https://news.google.com/rss/articles/CBMivwFBVV95cUxQOE54cGE2cmlLZ1Y3YVE0elBuY282Ym4wczFUNHpFNlRhNGxiUzQtOHU5YWxURVI0U0xyekZISlhtTDExQ1IzSjB6Q1V5bV9TSmZEQUt1a05YcDA1RlVoalBNbFNXTWxiYWdjcEsyUGI1ZktidVBQRzN6Y0tuem43SnBVMllJXy1MNFFqaXF3RzZrYWV0OU93SG04Zk45M2xMNm43NEI3VmQ0cVpLQTVwb2h5T2h6T3dLa3FwYThFONIBxwFBVV95cUxQcm9wUllqNXVMZzg5clpab2NKTlJNWnlMd2JwYklKZWRjU2pDOVBLWWVsdGwwOTFtMDV5TFJqczc3bDU4VHpzbXY3T1pSenpfcm9Za3lYRWRtdWIxTGtPUUIwOFFNNVFXandnbHI4bnVjVl9WcUQwQ3ZQS2hXcml1cjRBMVhQNEp1ampYRGhGYTFJWkwzcTFQTmQ2cmJlTlE4eTQ2UXdnRFJ5a1N3a1F3SGMzSGtwTjdXYWxwU3F5MDJNX2REWnhv?oc=5,NBC New York,2026-08-28,neutral
OMNY,Riders will see more handheld payment validators on city buses - Spectrum News NY1,https://news.google.com/rss/articles/CBMi4AFBVV95cUxQX2NWS0xhUW9vNUE5U0JzbVZZVnJHVVNybFBHdDgtQlFuQ2VtYmlPN2kzMUVaZ2hucWtrUDRLbjBzYU81dEJuaVJxeS00aVJscDl5NmdlSWl2RjI5TEl5WERlLVktanlDSlh6Nkh2X2VxaGxOVnhoMHpLeEhOamxtbHJROUZKaE5jbEVoRHVlTW84c0FTaEljVlNxc05yVGw0WTZweWcxS0E5RlNnNXNtaVE2Y191SWhHbUttN0FaT1VLSS1MV3NwbXlRRnNGSEVFNnE1ZGtMczM4LUZqTWdOMg?oc=5,Spectrum News NY1,2026-08-28,neutral
OMNY,MTA contracted subway guard accused of pocketing cash for OMNY taps in Brooklyn - ABC7 Eyewitness News,https://news.google.com/rss/articles/CBMipgFBVV95cUxNdDBRM21QSTQwN0ZnQUd3RVdiZW05SFNqUnBad0hLaWJqT3JpdU1HaF9oS3FCb2lBUEJ4TDNMWEozQ2x2bkF4dzBsbFFUNGU5cVNPeW1RcHVWdGxNLXgxckUweFI4a1BKMVJPU3B1WEIwaVhWOEpwMTN4bFRGNFAwUkVtNndPU1VNZnNJTG05blp5TDN0dkN0MmJTSGJTd1VJVDlPWWNB0gGrAUFVX3lxTE41TlhsQUlNRFo3WlNRanhtTk1Nd1lqd0dfM3JUb2tOR2g5bEpCWDE3ODhLcEttVXltODRFQkt0LS1temdqUEtTT1ctZ09OOXVXRjVWZk9sbkxHaU1pQVNGcmtPOGt1dkc0RHprdmJDdlRCUHp4V1pPaUd2NUEtWkxta2FYTzBUZkJLSTVjNnJMbklhMm9aQ2pHY2tYNUJJbFktaUxkWGt5NkE2RQ?oc=5,ABC7 Eyewitness News,2026-08-28,negative
OMNY,Security guard accused of using OMNY card to let people into subway for cash - CBS News,https://news.google.com/rss/articles/CBMitgFBVV95cUxOQWdxYm15dUtzNjhmcktYQkwwb1JZWXpRUUkxa2xMQ1JGNzA2OFdCb1M4NDZLV1gtUlIwb0xZNTItY0ZwTURQaktGa2E3enJKMVYwb2o5bV8wY3A2alhxdjI3NDFDRGx2VGU3ZXJGMXYtUzZwS0FrUHZxM1dvV1IzSl80V3BuV2l1X2lxcE1zUU14a212UmJKR1ZIaTQ0OGlpZkRfeks3MjgyRmZLWExTUkpYRGJqUQ?oc=5,CBS News,2026-08-28,neutral
OMNY,"Students, pols call for OMNY card changes - Queens Chronicle",https://news.google.com/rss/articles/CBMizgFBVV95cUxPQzRiaDRhRUw3Sl8xLWlXT0VTVjVtNWhoWVVRTmxHXzk1RGJabGsxQk5rdmJkTEo1NkMwOXJHRHJBelBpd1dWeTlsUldPaTRDN0VsUmIyaGxmbjA3RmdVQnVQZnZWelBBd2lKOVNJT3ZzVjd2ajZUUUxwMk5DSEpTMXBTVUJaZ2lGaVhPbEdiQUtSOXJKeUE2RWxaU3ZSSHNjcy1rTjgtRGpDSm5WUnUyQkRzbTd6dnhVeXdKMTZBWGlsdlZPNkxHUzd2T2ZEZw?oc=5,Queens Chronicle,2026-08-28,neutral
OMNY,OMNY machines are back up and running after technical issues - CBS News,https://news.google.com/rss/articles/CBMioAFBVV95cUxPRlY4QS1UQlFIZ0d5eFZ5YXhGZU9qczlkV3RuN1VCb25WUHpyeEYyUTlOQ0c3bUpCeUFWU3RhU1NEX2IyenltM2FHLUxjX3BxTkNmeG1TRDRMd29wTHVfVjh5Q1RlWTBRbFNwVHRQSXlfV05kTk9GdFJURGdpaXZpWWV2dWtma0EtZ0VkaUVSNEFYTzlna1pQMld0bDJfNlRF?oc=5,CBS News,2026-08-28,neutral
OMNY,Some NYC students will get digital OMNY cards - CBS News,https://news.google.com/rss/articles/CBMijAFBVV95cUxPZTlIMFp2dnAyRjZncGVoRER5UlVJWGpsSGxRR0RKazFqTHVxMVFIeXNhNndWSHhNbi01UTFjS2N3YlY4b01qbldTQjc2Vnl3ZXZlSnpJZFVyTmVZUzZZN0VNRGVyWGxXeXZjaHJUNTFhYW5mbnJ0VDhKVTdqeE5aSTBUV1ZmN2pQLTRQUA?oc=5,CBS News,2026-08-28,neutral
OMNY,MTA gate guard caught on camera trading OMNY swipes for cash: agency watchdog - amNewYork,https://news.google.com/rss/articles/CBMifEFVX3lxTFBhOTd5MmY5VTFZZWMyTjg2TmFXT0RpYTZiSl9SM3hpTGZtQmhiQzE0bDlDMjY1T2tIRWxFQmNkV1Q2VVI4OHcwXzRSSFl2MW5JRDVaM2lvbEZWT2ZtRFEyRkc1ODJKV2QzUElWVFZtaHNqS1k0ZFNoMHpxVmU?oc=5,amNewYork,2026-08-28,neutral
OMNY,Farewell to MetroCard: NYC commuters embrace OMNY - PIX11,https://news.google.com/rss/articles/CBMiiwFBVV95cUxPd0dwT0lrRzFTMXY4WUhOckNUa0p4a0tCS0lkOHd3QWE4ams2LVlVeEFRYngtcFpJdV8xdmt1LUY3c0NJM3AzV0xHeVVwTjVlajRjMlRwVER0eHdqZ0V5dlE3dV80bVJVSUtET2tjTTdyWXdsYzZDLUhaSTdFeFg5dWVzMmpST19aZkRN0gGQAUFVX3lxTE1naVlTMExxZkZ4b2tCMWRXaG5uZ0hEVTZJLTR4S0dCdmp1dnVvMHk5SmJqeGVCUUhoV2czZndnT3c5OG11N0JMMG9IV29HT3luamRRNGpERDItTXNzYnFtNHJ6M1dKZVlUYUpyZUQ3Y25fLXJBZXdMNDV6a3hLOXc3RWktbGlPc0hrZEdjQmU4Mw?oc=5,PIX11,2026-08-28,positive
OMNY,"OMNY processing issue resolved, says MTA - Yahoo",https://news.google.com/rss/articles/CBMiiwFBVV95cUxOMUJod0J2RWRIZDVaX3VJbG1SRkIyUHl1T1V5Y1lvemxSbEIyc0JObWVSbGZuVGtFbGpiQzBhdlVuYVJlbGQxM3lHN1Z3dElGY1JVX2tsUm1qcVRScTFNUUppQ2ppM19ndGVNMGNZM1JNaDJLam5Wenl6OEFYa0R0Ym53TnNVbDJOWVEw?oc=5,Yahoo,2026-08-28,neutral
OMNY,Civilian agents with handheld devices are being deployed across NYC buses to verify tickets - Time Out Worldwide,https://news.google.com/rss/articles/CBMi0AFBVV95cUxNRnZLMHZvdXkzR0tMS0VPRTNPYkZYVWpQU0dWYUphdGE4ODBXQWpaN0JQSldxWUY5Y0Y4OUVzUVl4OFViNm41NTBNT1VwYlBFLXYxdy1mSmx3YXlZT0Q2TXhyenVPTXg4TUJ0VW9pem11dnUwS1JfSTNfektVY2R4cHZ6REs4ZFdRVjNfSzZLZDJzckdiSXBGQ3BSd3hKeXZWU0pJNThidk4xZzVfU1E5Uk5wUnVBY2JzWC1PaVJ0aVlrcmRVNTc5WmZkS2Y4bF9Z?oc=5,Time Out Worldwide,2026-08-28,neutral
OMNY,Subway Station Guard Caught On Video Tapping Customers With Omny In Exchange For Cash - News12 | Bronx,https://news.google.com/rss/articles/CBMi3AFBVV95cUxOdUdwd0lvdTJfSW8zdlpDTXhFRnR4a2FRTmZDSEFvQ0xIRDZfTGIzeGpCQWZ4eWowLXl0RXFLZS1CbUVEeThLVTRlcVJqWmRmcE1QdC16R1ZYR2NaRzVHTEw2N19PYTVLUnFrUGdpSFdsdW4ySUNhWHI3bVQzWTY2aEFGZ2kydGNXVmx6bUZ0WC1kbG41X1hxeVk5dTJnOERsWUVwby1HUHQ1MkJ2aGNocjVXMzd6UFoxd0xqc2lFZ1F4Ri00aEl3d1JVN0JPako2Y0hoRzJ4eFQ1WGE5?oc=5,News12 | Bronx,2026-08-28,neutral
OMNY,You Can Win A $100 OMNY Card By Complaining About The Subway Right Now - Secret NYC,https://news.google.com/rss/articles/CBMid0FVX3lxTE1DZVduMDVfSVNKY0lubUc5WGdnVXFRbnVyRzhuQjlteTRHMmRPYjdWQmRQTkp0cW01U0FlUDI3em05X0dtQVV5TWlCMERBUExmcWpZbE5fd0RrM3NQb3NOR0VETjY2RE9VRVFWeGU3cFM0Q1c1X1lN?oc=5,Secret NYC,2026-08-28,positive
OMNY,"Kids demand fixes to NYC's student OMNY cards, saying flaws encourage fare evasion - Gothamist",https://news.google.com/rss/articles/CBMiqwFBVV95cUxQd3hHMUsya1BERUpDOGMxaVVsZFRMQm1wQlB0UXo0NXBVQ3lKR1dUQVR6VWNUbzk1RmJ0RE91OUVQUDUzVkJjTElJSkR1eG5UZWg0eTR2aFR4WG5ZZHBLWDFMV0pna0lXUU0zdEhmVG1FM0RFdVF5QTdEMC1EN0tjSVZZTDkwWkhWOU41NEVLVzZnNkRoYk56anpUWDA1Y3Q3ZHdVLV9VLWd2dmc?oc=5,Gothamist,2026-08-28,positive
OMNY,OMNY celebrates 30 years of service to local youth - GCJ.news,https://news.google.com/rss/articles/CBMifEFVX3lxTE5LVnFsMDJyVGd3VlRDYjhRcENsc2tFa0lpMEY0d19LVlRoX3M0V0J1Y01UTjlHZm1Ma1oxbklFV012Ukp5ekNHeTVEUHphZGQ2NVBGSDVZRU5JUEw3VDRTcEstWllsZHY3RmpEX1VuaFNLLW13XzJ6RURmMEk?oc=5,GCJ.news,2026-08-28,positive
OMNY,All NYC Students Could Get Free ‘Unlimited & Universal’ OMNY Cards - Secret NYC,https://news.google.com/rss/articles/CBMickFVX3lxTE8yT1VET09sY0JDcjB4d0dfMTU4S1haUzN0dkQtNnA3aTBQdzRjVENwWjZfdGpBaXFnXzdBdlJaQWl3YzRiX0R6UlM4a0NpZzVzLWgydlVvdzQzbWsxX294TXB4THdJY0lSWnlDWnM1bHZGQQ?oc=5,Secret NYC,2026-08-28,positive
OMNY,CM Ariola calls for ‘unlimited and universal’ free OMNY cards for NYC school students - qns.com,https://news.google.com/rss/articles/CBMiZ0FVX3lxTE8tZWNuSk0ydlBtaTdLd0lqaUVBMkRDNXNLeXZ6OGVWd0UyMDctSHB6N0tOWmxieHZ2cEdRMlNnaGlvRjhXdS1IM1lMMkVyRWp6TkRyT1lHMUZHSHJ5bTlUWE9vUWZkWHM?oc=5,qns.com,2026-08-28,positive
OMNY,Bee Line Leaps Into The Tap And Go Era During Omny Rollout - News12 | Westchester,https://news.google.com/rss/articles/CBMiwAFBVV95cUxQN19Qbl82MW5ORElJT2huekdjMGRmdmExOHRWTmFTY2Z1WWVlWmlSS0s5ZUpVbEdSQVc5YlV4SDU3bTd3dUpFYXJmczFCdnVudzZCTGJOS1dnSkhrYVpMREZWalcxeHIycHlGZkR3bXdWU1c3a0VLcWxqTTRJZXNDZTdQRmsweGpBWlV5Z2NZVV9qLXlpaW10TGVLc1Z5RnpsSS1pa2FwdWdBTVNQc3dwdXVlc1ktT2g3aFNBTVozR3A?oc=5,News12 | Westchester,2026-08-28,neutral
OMNY,"Borough President Hoylman-Sigal, CM’s Marte and Restler, Riders Alliance, the Permanent Citizens Advisory Committee to the MTA, and Students Rally for Expanded Student OMNY Cards - Transportation Alternatives",https://news.google.com/rss/articles/CBMidEFVX3lxTE5LempCNDNycnZFN0M4bmxmREg4TTU3QWc1bG1FeE92RGUySmJ4bWE3blYyRTBjQzA5bGF1cHdxQWhUbkoyb0NuMXlyNVh4S3N2b1R5Mm1uS1lmbGNkOXppVTN5c3pxZFNHTGFURUVGSUlJTm5i?oc=5,Transportation Alternatives,2026-08-28,neutral
OMNY,"OMNY processing issue resolved, says MTA - AOL.com",https://news.google.com/rss/articles/CBMifkFVX3lxTE5FX3I2ZlZQaS1jcTlXbWVyZEhuWnBLNmRZN2pWTGxFTF9DS3l5VUdDdlhPS0Q0NzBLS3VldlM1XzE1VlRIVXc3X2dnLTVDY2g3eWc3bzNDSWFPS0haSWZFRGlLeU9ZX1ZtY2ZTX2otV1dOLW9adzIwX3RhQzNjQQ?oc=5,AOL.com,2026-08-28,neutral
OMNY,NYC Transit Just Got Rid of MetroCards for Fares. The Successor Could Put Your Privacy at Risk. - Reason Magazine,https://news.google.com/rss/articles/CBMiggFBVV95cUxNRUFYSXo2NjhWRUR2RFZRRTJYMlBIUDRoZEpjQWZYVGsxUlZua3JQV1labEZwczB1a1hHMl9LS2dWYXdhSmRTTDFOR1ZKNHdONHRuZ1lKNVlCVzU1aGxKak9LeXhQdl9Va2RST0JBQ2lNa3VUc0I2Ri1oa1puZXhncVJB?oc=5,Reason Magazine,2026-08-28,negative
OMNY,Farewell to MetroCard: NYC commuters embrace OMNY - PIX11,https://news.google.com/rss/articles/CBMiigFBVV95cUxNenNiYUJwV25uUWUwWjN0cXl2Sm9CRUZibGZlS2tHakZyQ3pFdVA4V0FWTzAwRkZkVDFkdk43MjhvTmc2R3dyMFplV2lqTy1wTGpJVUxUeU5SSGNXTTRMMVFzQlhORzhkTnZSMFBSWmo3M2ZZbGpaSnZib24wUHNOM1owM21UUjlZakE?oc=5,PIX11,2026-08-28,positive
OMNY,Nyc Students Say Omny Card Problems Are Leaving Them Stranded - News12 | Long Island,https://news.google.com/rss/articles/CBMiwwFBVV95cUxPSThiQmhxYjBSWVltaWc2SjhWbXM3Wmc1RkdsYXIxcm9nc1NYc3BxMnZ2cXFvbGZtN2E5ZVgtQVdiUWY2RUxaT0xKcldOQUlodFV1bDQ1OWxPaGxYbHRBdjQtNC1IYmdqd1RrLWx5MzlVS2t6clZlOFpCVzVfdzNHWVpUeTMzVG9DenlKc1ZuajI0N0w2bzJYaEg5YWFmZWZmUU1VTlN5a0NqMjV3dWM2Z0hfbERDNUR4V04tWXF0M2ZCZm8?oc=5,News12 | Long Island,2026-08-28,negative
The L,The Hop Changes Tracks To Two-Route Configuration - Urban Milwaukee,https://news.google.com/rss/articles/CBMikgFBVV95cUxOU1dXNkw0T3lHc0Z1S29ETWpGX015R05weGYwNktTTFVTeVgzdEtqSE1TWlZjYVRJZWg0emNYZ2RldXRtcmUzM3FIQkNMbXJ2NXhyNV9fMDJLRVFseTc0N2VvNlhOZzVuUm05dVBtempmX3pJUHp1YmFmZWc0SHE5R2FyNEdvTlBDSVZLVTdYdlBZZw?oc=5,Urban Milwaukee,2026-08-28,neutral
The L,Suspect wanted for allegedly attacking an L train rider at the Halsey Street station in Ridgewood before stealing victim’s shoes: NYPD - qns.com,https://news.google.com/rss/articles/CBMifkFVX3lxTE9WQkotQ0NieUtRMF9GaVJkc1dOcGxUY0ZWdHlrQjR2ekpBNkhzX2RDU3JCcWtXUW8xZnZxcmg4U2RVdTJvRVhQRk5scVVfU0tST1QxTEN1c011dm9pVEdlV3Z3MWJIUDFTNmRSVEZrcnRqT3hHOUZEUDBPMjUzdw?oc=5,qns.com,2026-08-28,negative
The L,Dramm introduces new commercial products at Cultivate'26 - gardencentermag.com,https://news.google.com/rss/articles/CBMilAFBVV95cUxOTmh6TDhYMkhFYWpIN2xxSmZvcGJVU2tla3VoZHNsS3pXaEg3WDJXNFMyY3RNOXdYUUhwdjVEVy1FVXJEcEtfUmNMcmFmcEZ0VVUwc2V1UXNQNGFaQzJXN0xVNUJKOURkZ2oyVEFCVXBNMVloTFA0M3psNjBFcDJ4WTJBOVc5RUJJR1NySVhQT3hJeU9J?oc=5,gardencentermag.com,2026-08-28,neutral
The L,Should Denver rip the train tracks from Welton Street in Five Points? - The Colorado Sun,https://news.google.com/rss/articles/CBMiiAFBVV95cUxNSTcyWlpfN3BuMFY3eWJ3c3k2aDluN28ycWNOM2d1elRXNGlWemh3VE12czFYOWR2OHh0QXpSM0prTUxPbzUyRU5iclRlYjk3YTUxb3F2YzNJLUNmaVA1RnN4LTdEY21xWVZrSFVJOTI5ZUZBc2VCUnBUVEhpLUYyVmlWRkQzVjFt?oc=5,The Colorado Sun,2026-08-28,neutral
The L,Kristen Bell Proclaiming “I’m Worth It” as New L’Oréal Paris Rep - American Salon,https://news.google.com/rss/articles/CBMinAFBVV95cUxPenFaeFJCNG94ZkQzd2lzX1hHRU9EeUE2a3cxMHRiZDIybnc1Q0dWMXRtSDhjODdCWEhRWGkxSjY0RWROY2N6UnlTTzY0M2hsRWFFWlU5eVdORDA4aHRTUTROSzdpekhqQkFIMnNpbGZmbFp6TUNhQ2lQV3lrSFNENW93cHZzazNweXRTUFNIZlprd1F3UGRVOHlVM2s?oc=5,American Salon,2026-08-28,neutral
The L,"Qronge X1 Spark L Review: Does a $1,299 Sur-Ron Light Bee alternative cut the right corners? - Electrek",https://news.google.com/rss/articles/CBMivAFBVV95cUxOUExTMzRBR3l5VkVEcS1yV3dlUTdzVG43TXZ4dmRZNkJEQTZ1UEhnZmcyUktTVGNNXzZvQUFueENNeWVjU201Ri1wZjJHM094ME5VU0hxUVhMSnE4WFZzbGxDeWdpUlpCOFl5ZmFvVjF2ZEdpcHNUTGNkU08wUHRFTmNuWWI2V29uenlXTDBsczBrV2pkODVuX0NDLWJTc2F2ZDN5U0UxeHBta2pTU3MyNUczM3lUdmhoMWlDQw?oc=5,Electrek,2026-08-28,positive
The L,Demolition Of Torstenson Glass Buildings Is Underway In Lake View - Chicago YIMBY,https://news.google.com/rss/articles/CBMipgFBVV95cUxPeWxQdnh6T3doMi1tTVVtYUtyWDRZM25maVNPS0I1eDktQXFZOEw0OU9sTUkzaDBKZU8tRXNLOXNDb1BWYm1qUjM3aHFlWk5NdkJMNjNTZUFmU2c5V24xd2YtU1VlZTJHbjZxSjd0VVBqRGZLMjZac0ZwYXRrSWQ5R2xnNlVMNXdsUWhiN1l5eFdwbTgzS18ydlpuZ2tzRDFIcWVhY1JB?oc=5,Chicago YIMBY,2026-08-28,neutral
The L,"Beyond the TSP’s 5 Core Funds: L Funds, Mutual Fund Window - FEDweek",https://news.google.com/rss/articles/CBMijAFBVV95cUxOSU1CRXJicW5fSHlSampUWUo4WDlubXE1TkRuM1hLbmVyVHFnclU4MV9rMGEwSnlERVNRbE1zaFR4VFFRRks1aXpsN2hLcEhxOW5hU29JMDFhMWFnX0Q0Um9OTy1talVXMk85aVV0djhCRUhqZWFLSkdjUXFfZWs4T3hSdGMwR1I4djNIVA?oc=5,FEDweek,2026-08-28,positive
The L,L’Chaim: Cohen – Litvack - COLlive,https://news.google.com/rss/articles/CBMiU0FVX3lxTE5VOV84bnNyTXVLX1ExX0l3anBwTENyX2k0RVVoTklWNW5QcXIzdS1sblNEVVEtbmljVmhRSGwyeGprWHl5UHVmWjlxNTk4TUY0RTVJ?oc=5,COLlive,2026-08-28,neutral
The L,The l’Eté du Vin Patrons Party Honors Jean-Claude Rouzaud and Frédéric Rouzaud - Nfocus,https://news.google.com/rss/articles/CBMi8gFBVV95cUxOQU9HSXZ1anBoSE1CMmlteDAxZFEwZjdxdldvVWVoNWw3U3hQV09jZFphSXlYN005SzRfak04enlVZ0VMbWp5bUZRaC03TzFrdk9zNjJoUGRZQWNFelZyWElMVVJOSzFlcDF6bWdOUW91VTdlcFp6TF9QQ0lRTkczTF9xVGFTNDR0SGxFRUF4RHdQX2pYOW9TTGZSRko1SzRJVzJnelVCMUhfNEp2NElfQmhUUWJiSG1KOXh6Ulo2Uno5YzJGY1QtS3NlcmxyUnRlb3JZUWgyMjV2Rk9wd2xGemkzT2ZTM0cyQVQ5Sjl1ZmhRZw?oc=5,Nfocus,2026-08-28,positive
The L,Why the L-39 Albatros Is the World’s Most Popular Fighter Jet Experience - MiGFlug,https://news.google.com/rss/articles/CBMipwFBVV95cUxQUVJ1Rm1yM2M5OU1UREdHYVRSVjA3WXViSUtLZWE1SkNQYkI0bGlyRkdGRnF2NkV4S2RiV0p3dU9VVU42ZDJxTmhEMkx4NTBEczRwbHFwT2tqNEZhenV2QWFJQ1VyYjZpak93UG9jV2J3cThRWWRzaWxoTGVzSGNxQnNBdHo0NnlhSV9vSnA3S2JKWDFCb2VTNFFBUjQ0eTVSQVFXczF3MA?oc=5,MiGFlug,2026-08-28,positive
The L,"Boys soccer: Smith scores twice as L-Cats stymie Eagles, 3-0 - Daily Jefferson County Union",https://news.google.com/rss/articles/CBMi2AFBVV95cUxNODFocW5ZZ0VqU1JwRHBVdHR4LVJrTDBycXJXc0d2clQzMFdkdHNoeks0ZENOV05jUkJxVnl4MGl6d2lqX01HWE5oc1pKR1N3eHJsc3oxVnRremhneEk1eVRYU0xkQzZCU0NJWW5jcGlLb2hqeTItV0M1T3QwbVBxZGY1aFhCeXA4N2FTYjROZG81bmY1MzM1YkVSdkNSc0VYYk1Yb3FyYmJ2OGtpVkt6aWlsbC04Z0VHM2pkbEtzdjRNdkE3TFVMZmlqbHBQNjBDbHhSbXhWWU4?oc=5,Daily Jefferson County Union,2026-08-28,neutral
The L,"Boys soccer: Lake Mills shuts out Luther Prep, Jefferson to begin season - hngnews.com",https://news.google.com/rss/articles/CBMi_gFBVV95cUxPYkd5d0tjcjN3TVJoUnIzWEtFX0ozZHdLMllUVlo4VVE5T1YtMlhTWkFGN2VsQ3VnMjdEU19fYWY4T0M4NUFSWTJTQVk2blFSbHl6ZTdNUHd5MWh3azUtWnB4QVJOV2tvdm1sQmc3UTJfY1liVXpjZnR1cnZOOHZYd0NQc0MxQS1BeXZUR2U5eEFScHJhdEI0a2pYa0ZkOFVUZ3BEckVZcEswdGctWEhBWjlDRHB0TmpzeU5JTFZZc1NfanJ1QTJQamR4VTlMQTZVZ05FbDY3UnM1aWRKdDVTQ1E5blNvM3pKX21McVdfMF9kaU90VTdxU3I1SFJfZw?oc=5,hngnews.com,2026-08-28,neutral
The L,The Macaroni-Shaped Pillow That Soothed My Aching Neck - The New York Times,https://news.google.com/rss/articles/CBMidkFVX3lxTE5aenNlZ3BrQV9PWEh4MmIwTl83OWdkZEpHdzZWWjhwSl9wYTJsNGl3RzV1VjZiSkY2QmtSbDRKV0pHNV9NTktvQ0xscm42WTNBamhVazRKdjUxcXNUMGdvVm5LT1JtVTNBMFlIMWwxV2d0cmdBcVE?oc=5,The New York Times,2026-08-28,negative
The L,There’s a real challenge in translating ‘Ki Savo’ - The Jewish Star,https://news.google.com/rss/articles/CBMilAFBVV95cUxPbGR1Zi1hUEdFd0laejctamZWQkJrRHE3NU93UlF2Ymt4NzQxWFhSMjVTTGViWndtSnVDek0tcEZ4YkI3RFF4Mml2VEhwdzFBclp6ZXUzV19rdklZejdBRjJ2X1VlRUZVdVQ4TGs1ZjJPWllzcEthUW1wMUd5UG1LNDhpdEpmRlpjMFNRM3A2SnZRYW1j?oc=5,The Jewish Star,2026-08-28,neutral
The L,Bootshaus upgrades to L-Acoustics DJ for anniversary - LSi Online,https://news.google.com/rss/articles/CBMijAFBVV95cUxQU2VZTnJCclJuYjdzbW5yVDlmdFc4NWVtS0liS0JoZExBSGdtUlUyZU45NEV5eDV1Z0ZreFpIazhxRXF4YjlSWDA3WWdaRGZ3T1h3Vnh2eTJuclFhc2tycWtoaXNsd1FPSzN1WEZqTERyeGFtSUlnS0lsazVicjRQUGxjclBPUV9EVGVMSQ?oc=5,LSi Online,2026-08-28,neutral
The L,Pottstown Library raising funds to fix broken elevator - pottsmerc.com,https://news.google.com/rss/articles/CBMilwFBVV95cUxNNFBjTmJMZnpPYWJYVm1QejNVNkpqVEJjeEN3aTBRVHprdXZkZjZBRmZXanVDaTlaWERQbmJJWExuWmFydUotVi1xMEYtbUNqV3JqdW90U0ZCSGVORHpjNk5GMTQ5d0F1NndYa3RncDZEcXFWNHVjOXJQUy1Uc2FJdDFJcHBWV1BYeWpKSHBfOWRUSHJvV2RV?oc=5,pottsmerc.com,2026-08-28,negative
The L,1924 Lincoln L Series Truck Is the Blackwood Predecessor the Luxury Brand Never Built - autoevolution,https://news.google.com/rss/articles/CBMizAFBVV95cUxPc1FCdHdSWUdsN0d2TjdDdnI5b0NqMTVNbU9jM3BHUV9pcm5DSTNFZEJEcGhYdFk3VWJYam1nRm4tck1XQkNOdXYxYnlkT2hCYzd3NXp5LVVrLTNDanNZZWtCeVhnNS1YMk1DZGxFZTVjVkNVMWtkU3RhWjR0ZUMtaW1qREpCYTEyM2Y3bFRxUFVCVnA3X25paVp1bHZrSUtkYnBzdUJSbjVYOGl0RExuWUJCNDJUTi1MVEpyMmJ4X29wNFdVSDl0YzhxenE?oc=5,autoevolution,2026-08-28,positive
The L,From a Bar in Russia to the Drone Wars: The L-39 Story — and How It Built MiGFlug | Afterburner - MiGFlug's Magazine - MiGFlug,https://news.google.com/rss/articles/CBMisAFBVV95cUxQamh0NkpEVDZERThfOHRKSFN6MERWeDdDQWRJVUlhQURnNHM1OGhVNDJGOHQ4VURkdnMxYVJjRG1GSEdjc2NkbXJReDBQSlB5WUJSRW5VWFNLMGxzMHN5VEFZeWU5WmVaTmVfQl9HOFlmMnE5S09iVVdUdmJGUWY0c2wxU1c1YmJiMWdNbWhWMS1SUEdCZHhXWVc0c2RRUHV4dmstM0Qya3EzSXlfOHhRQQ?oc=5,MiGFlug,2026-08-28,negative
The L,Standard M-Line and L-Line Service Returns September 1 - Urban Milwaukee,https://news.google.com/rss/articles/CBMimwFBVV95cUxPelA0MzJ6ZEFZZEJtbnU2TzNqblVPTmYwc24zeXlaRWlqeWljbGhJeV90M0FaQ3VEU2hXMmJILUpLTHpaMmQ1SnpTVkRadXRBcVJJUDNCQlFJYWN0NWxjSkRkZHZ5enZZRVNRaV96RjBFUjRqRU5fcVkzMW94ZXBFVVJ5eEJRak1jaWFrRWpDd0hpTGNTRGNKb0JuWQ?oc=5,Urban Milwaukee,2026-08-28,neutral
The L,Why Guerlain Is Launching a New L’Heure Bleue - Vogue,https://news.google.com/rss/articles/CBMif0FVX3lxTFBxNDhVdUFmODRHQmMxQXB1TTA1cnd6a3VXN3FoNWh6MjZDQU1wSHlVbmxjTVBBeWJ6Sk44Sl8wSGNsQ1Zic2tsMm9paVRpSFVLbGpLRzFnQ2RRRkxfSFBDb2trSkJWNlZCMVVNSG1vX3VjamFlXzVVSkdqaVRpbWc?oc=5,Vogue,2026-08-28,neutral
The L,FLOWER POWER - Simply Buckhead,https://news.google.com/rss/articles/CBMic0FVX3lxTFBnSHBHTUFHNWpTZC1mOTRDWGZBVDlrY25zWHpBSEtSTEtOVzc2clAwYjF6bnhkR25kSDFwOWZUdnlGWk9KQ3RxSE9UNEt6cmhmTFZXLUJvNkNkeU80eTVLTlZXRVJhZmhoZ3VOazY2bVJteDA?oc=5,Simply Buckhead,2026-08-28,neutral
The L,RNA delivery system with 4-week efficacy developed… A new path for hyperlipidemia treatment? - finance.biggo.com,https://news.google.com/rss/articles/CBMidkFVX3lxTFA4YTdXTnNCcm91M010OWJ5WFJhd0hfUHZxZjdpUWp3cmpRcUgzRjBzOTVLeE9mQVNSaVcxUGVOQUl3Wnc4VHdFaGpqRTdsbXhQY01zZ0tvcFZmOHFMb214bXVydWhhR0luVDBTTWw0MVJxV1FfbEE?oc=5,finance.biggo.com,2026-08-28,neutral
The L,"Four L-Acoustics L2D Are Making Every Seat Sound Better At Highmark Mann With World-Class, Hi-Fi Audio Experience - Live Design Online",https://news.google.com/rss/articles/CBMiywFBVV95cUxNZkJfRWRWWHJpVlZwUHZEYnk1WVQ0QS1pcnAzZ0VPYzVFa2NkdTVBYU1ENURxbDV6UDFaMVpNTG9aaEVCd094WVV6eGU2NE82aDZRa1gwOUhObnRqT3pZYVIxeTRxa1ZyaDVFMzlXbVgzX2tvNFRiclZFdUxwQW84WkxmQnk5M3lWVFMxdUxFRmNKTzd0V0lTWEUyd1haTjFINnBpdkh2UWl4OWdKWlR0VjB5LW96eF84OEtvQW9Xc0YtNURfXzdSN05uOA?oc=5,Live Design Online,2026-08-28,positive
The L,Woman’s Good Feeling About Wheel of Fortune Puzzle Stuns Everyone - InspireMore,https://news.google.com/rss/articles/CBMimAFBVV95cUxNczJZeUl3VzRpS21jLTJvRjNjVlRqUmNMT2QxV1l5SGlDSTRKQnJIY1hJTXF6RTlyREhXX3IzUGNFM0xka3BoeEFCZW84VExnRlA1SG52c0c2LVRsdkRJR1hCWkNBaFBLdGptclRsc3pkeW9idElIdEpFenZKQjdHQkY5NUdxV1o2bHF1cWVZNWg5cUxqQXU1aA?oc=5,InspireMore,2026-08-28,positive
The L,A Designer Who Says Jewelry ‘Doesn’t Have to Be Expensive’ - The New York Times,https://news.google.com/rss/articles/CBMihgFBVV95cUxNUnY3YXl5aDMyTnZWYWJTVDl3dmphamZlbmF5RjZBUFBRdVpSTG1TWG9USHBidHNWX0tBV1M2b1A2amstMVFEZHNSVjlmcC1VYmtud0VJVjJGSUh4cFlORk9QT2xLa0prNVpzY08zb0ZKRTRTcGVnQmdIQ0k0RENGam9YYUw5Zw?oc=5,The New York Times,2026-08-28,neutral
The L,"L/UNIFORM x Le Duc Nº289 Take Away Bag: Parisian Utility, Reimagined - Luxferity",https://news.google.com/rss/articles/CBMiiwFBVV95cUxQdHNCY3F1NVhwNGFyWl9ZbVIyZm1rUkhmbEFGYnlKemduYW9KQmxhUVQydTQydzJlR1dqeElJdW9HczBneHRGWmVkUzN4RUJkRm4zNDdfanVtWUJGb2ZvdzJxQ3pzWlB2ZHp2THlFd3kyNmNRcHl2c0dOTTFqck5DN1lCdnVYVmJDYnVj?oc=5,Luxferity,2026-08-28,neutral
The L,Visit L Street in Koramangala and be awed - The Hindu,https://news.google.com/rss/articles/CBMirAFBVV95cUxNSllvdnNkZW8wN1dFTGt2a3J6akFhaFgwUUlNdW9zeUJZNTdqcEQ5NWI5TDBQS0hfWTdQd21jMWsxTnVKNldFRGF1M2NrcFg2TWM0bTQyM29pSHdsUmg5RkI5d25VeVRkU2pFVGs0Sk5WUGhXSHVua2h2d1hlZjFSTHNkWHZVc2FBd3pXSEY1dUFfZVFHWlpqUldsY2JlalRsVERIMXdST1NXYVBG0gGzAUFVX3lxTE9OX25oQUV2bEtxLUNzZDFXMkZsanUtaUFsUUI0Y0Y4QS1YSUtFSlE4NjY3aXVwX1RGQ2xsemhyaHROb2pNSE1YSXVpNmNPT05pRjZXaEpzbWtaRUdQSFRmT3lCcHpVb2JtOEVvTFZLTHVIWXFXZ0czZ3dwbE9OZG9LVVJ5d0RKUUtwTWxqU05OQlJJYVQ1TkZ3aGlOdGxwNGFDdW50SV9kV0xJY2ZzX1lVeGFR?oc=5,The Hindu,2026-08-28,positive
The L,"Another Muni Operator Appears to Fall Asleep at Controls, Crashes Into Empty Train - SFist",https://news.google.com/rss/articles/CBMisAFBVV95cUxOSWZKYkxkblJiNEpMdDFFYUdIa0lEVk5ydWFHTzVvRnA5eFNrd0ZDTTRMQjl6U2ZaczBUMWNrZ1ZSQUl6ZTRVODJUNjFJQ2dSbGdFZTY5aWNfc2hETHhkMU1OZTdveXdoY1BycXBzNW1jZkh0NzNJVG1hMHdCUlJoSTd4aTg2c2RrVmRHYi1tVncyVGJFbGFwbTR6a3lfell4VExWSjdZdjhyYnhfRVEzQQ?oc=5,SFist,2026-08-28,negative
The L,L-Acoustics powers Cologne nightclub with immersive audio - Installation-international,https://news.google.com/rss/articles/CBMitgFBVV95cUxPbXZqNmtfdzFnM2VMTHU2SjRNX0xSMTkzU3NFQjZ6TU45YVF6S2dqYjlhSVhnNUx2MXdSUHVQd2Z2amdnbElOejZjQU5xeTUxalA2blpYQlBGOUFnczNQYnpIclc4cHh1MmgxMVdXU1FhU3hjS0Y4Qng4aHlwN1lCRElWT3NyRXUzcXBOWVdKeXh2RlF1TVc4SjdUQ2xXZWtiUEotbGpkcmlTSFpnYi04TEJuWEZZQQ?oc=5,Installation-international,2026-08-28,neutral
The L,"I Was Secretly Awful at Styling My Hair, But This Viral Hot Tool Creates Perfect Curls - instyle.com",https://news.google.com/rss/articles/CBMickFVX3lxTE9qN01wc2lucGlVRDhnMDRwMW5qYXpheTh6T2JEelJjX1JpelhocktxUnZFY3NsX0hweTN1NVpVTU1Tb3V4RGxPTkFHVG9PM1NuWWxXN25CSTlTVFVaRXJnN0hrWi01VlM3UUxrNG5ubEsxUQ?oc=5,instyle.com,2026-08-28,positive
The L,"“Fragrance lies at the heart of conversation,” Karine Lebret, L’Oréal - Premium Beauty News",https://news.google.com/rss/articles/CBMifkFVX3lxTFA3aXYtZHk0WmF0b3JodGxtOWRiVjZBcUdUYTJ3NUdYd1duR3pwTG1zZ055al9UWTU3cmNjdkNWS1FDWURsOEVyMW90cF9MZ2htclFBZWJ2OUp3Y2hhUHMwbTBTTk8tN2NBa21BUVhjWHpmNXBfbmlaclNHcHVfUQ?oc=5,Premium Beauty News,2026-08-28,positive
The L,Healing Hands Clinic eyes national expansion - The Times of India,https://news.google.com/rss/articles/CBMitwFBVV95cUxQczNSVHFZTDJNTmZmd3ZrNDd1clJrUVAxVEVZOUZZcWxhOVlBcGZKTU0xeU9lUE0tYjBhNVB1Z3l3VnROcFA2SmU5c1NtM0RqanMzUFh2aHVDZUJNOThxWU0wUTNoMUZIRXZQUHFuLXdCRnhfTkxmMjZCT1hZWk56M2JvUjVJVE9hRUcyZlBtSG02bkY1TlVWdUN2MlN2cFBfMkFKZ0FJY3pKdTJjRzZObW1nT0VKSFnSAbwBQVVfeXFMT3M2RFJvTXVnaVRVbFB5dXZUVTZWZzh4UUVXWGMxTGRjWkFIY0RGNHdsSzNVLU1mLVpTWFc5b2lxenhjLUdLSVhQc0RFaFpfcjdsSk55aUxVeFVqbWJ4b1JqYWNHcnBJQnVOXzhaTDFTVXQtSEFGYXM3SmdkRC1YSDc0OW0wb01GWUZYX3dFS19JSFNNWVNsS1RhSTJSOXl6NllCSnNtRTd5LTUzaXRxbTZmaUt0Y3liOXJVVVo?oc=5,The Times of India,2026-08-28,neutral
The L,L'Atitude 52°N Smart Glasses Review: The Smart Glasses Camera That Actually Beats Meta - Android Headlines,https://news.google.com/rss/articles/CBMidEFVX3lxTFBCZVhFLWxLRngtR0VBVkZBbU9KQmtibzZ1OTQ3eXFMbDRfcWxEbXRxaVBDNkRBb184dGswSkplTGJTM3k3Q2FNdjZXX1poTGhJQ1h6R2hPV2dkazQ5WnVRbm9KT1JqV3EyVFVaX25NVjA1cGtV?oc=5,Android Headlines,2026-08-28,positive
The L,4 THE L sets a tempo in Lindsay - The Sun-Gazette Newspaper,https://news.google.com/rss/articles/CBMiigFBVV95cUxPRmt0QXUyWFJvX3RYa0N5LVU5MzBiRWw3VG9pZTZtSXNmSlMwYWdpTG9FQWI5LUNMMXFGd3A4RFZjam1LdWpGOHY4dXpCaS1TZ1BNUUtwLTRvclI2ZXNRaGJfOExSd0dPc1EybkdXYmM5WEEtQWRGRUdfTEgyQUNIeEw0UDU1bk9FOFE?oc=5,The Sun-Gazette Newspaper,2026-08-28,positive
The L,Dolly Parton’s Singular Style: How the Icon Made Excess Her Uniform - TheWrap,https://news.google.com/rss/articles/CBMijwFBVV95cUxObGNtLVpBaXN2VjZMRWZvZkNwM2tKR1dXc3ptalJYam1iaDhQRE5ZRTQ5bjRRbVZGRVJBcHBPUEp1UG9vSm1Pb1Ffb3JGQTd1TEZ3R2JxOU01WmpybmtiX18wSDRVbFFVTG9VaGtLOHU1TWg2cE9CRVZoOGhEd3p6RXdocnBEeDRQYTJFOVdRdw?oc=5,TheWrap,2026-08-28,neutral
The L,More Improvements Are Coming to the Curley Community Center aka the L - Caught In Southie,https://news.google.com/rss/articles/CBMisgFBVV95cUxQUnBPWnNTTHJoX0J2WUZKY3dpX2oxMTd0eFR1S3BIYlRnMnM1eUd6UDVjcUctb1lGRDhYSFZLLXFMNU04eGI5Q1VOY2RPa1R4OHZFNWtPTzAtcWxHSkhzeHZncXBMaXQybE1qZ1ZlemV2cUxiU0lYWXk3c3lDTXpJYTd6NFE2OTFtVFI4YUk3LUZIT3pncWFHbF9wYm9WYXAxdjM4UkhCMHppdkVvM0gtWkhR?oc=5,Caught In Southie,2026-08-28,positive
The L,Robyn McDougle named interim dean of the L. Douglas Wilder School of Government and Public Affairs - VCU Wilder School,https://news.google.com/rss/articles/CBMi5wFBVV95cUxQMXo4bDAzc0k2eXE1MmU2eWo2OFZYYnBpUHZyS1J6TjZLLW8tTWZObjM0NzdIeEh2MHVGaHM4dzF1Vkt3ajJEQXBjSVBKdVEyMWpKUGdSSEdEcHdaY000RmY3aFM4c205eUp4WnZLMExTY21ocDNwZlNoTWVXRmItdVRUUm9DM3p4YURNdGprZmwwYWl6YU82aXpCbURDWmVITE5jdi1sbGRHS3BFM0RyVTNOSzFPcUFkN01ZWmFUX1FnY2ZnWk92RGRZM1Jia1YtS2RyWmpFR0l1NEFvOXM1eVVOVm96TzQ?oc=5,VCU Wilder School,2026-08-28,neutral
The L,"At 728g, this new 60-180mm f/2.8 is the lightest constant-aperture telephoto yet for L-Mount - Digital Camera World",https://news.google.com/rss/articles/CBMiswJBVV95cUxQMy1LNkxQaGJrTkhCRWs3LTc2c0NwZDdRVWNuR1E0OVROU0xJVHNMa1h2bDFxcGhVelZSekhLWlhfdVpEcDA3WlZESVNtaW9ubVJ0b2RoMVFaZ2hGZE1oaEJsMFhMRloyNUVJS2VnM1VwRVp0UHRfcWpEU1duSEZYN3FQSmJyclB2T2VWVzF3VUNOTGdLMGZQNHFXVGUyWkNzbU16NC0ya0NobWg3amxJSGZRd1czN1BET05aYUpiR3ozTmZ5Mm5ycXM4ZjFrc0lia3hFckdveTZnNzRsVmxGelNIdFZMS0M3STVnLU5XZ2V6Sklqc0MwTU80VlI0V0ZMdV90VGF3Mk84NVFSeDBkTTJwWG1waURPS19yaXFSbWlNenlRNldDMGgwTlM4Q3RVNUxN?oc=5,Digital Camera World,2026-08-28,neutral
The L,L-1 Visa from Mexico to the U.S.: Complete Guide for 2026 - The National Law Review,https://news.google.com/rss/articles/CBMie0FVX3lxTE16azNuSjN1cHBXS3NrUS0wQm92ODFSQUFQbEZTV0FTQzNWUXdnSTZhZWRmaEVuWFdiQ0U5a3paNWY5OTFkLU14NXhjSGlvNXQxcjFqSWVLamFoSlpNTjdBTlhhenBiWDloYjlFUk5sQnUwV0V5TWE4cC1ld9IBgAFBVV95cUxNYVlxRVhrUVAzbGlhZ2dlbTlyY0pOTWYtYmtFTFhXQ19YVjdoNmVmb09WSWdiU0I5QzNEWFY5NjE0eFVJVE9VdkR4VzlXbjdsM0FHZ1RjUHJrRHJWWTBQY0FwNS1zaXJLNkI4QmtZWkh5MmNtbk0yTUdTdkxUY1lDVQ?oc=5,The National Law Review,2026-08-28,neutral
The L,This New Serum Is ‘Inspired By Injectables’ – So Our Beauty Director Put It To The Test - graziadaily.co.uk,https://news.google.com/rss/articles/CBMixgFBVV95cUxPaWRnWHJadHBRdjBYM0o5b2NqY2VIZ05fMVM4b0ZwUFNXeWwzdFcwSUxtRlZFUWpIYWRKbGh0b0dsak5OZjBJWkxzOEUxajk3Ui1KRGVPZDNPdlgwQThDZkNPVjVsdGFwdWRsblhBYmtKTFdhUE9CMUV0RW85LXEtSDF3enFuUWpXbkxRcklaVC1ib1pqTGJfZHZTTEhFci1SeE84VDM4bWdsV2ZwS1YyQVdGRUpVMTA3eDFqcG5tTGFFRzQtSVE?oc=5,graziadaily.co.uk,2026-08-28,positive
The L,Sandra Bullock debuts striking new tattoo that has fans saying the same thing - HELLO! Magazine,https://news.google.com/rss/articles/CBMinAFBVV95cUxNak5UaDVITV80bFZpT25SWndFSnduYXRDdnJkQmVuUXhRZnEzUm82UXVpVl9RQWtwdTBpeXZ4SDM4aXhiR2E2WTZiQko3WS14OXcwZG5EZk9XY29IVmV1M0pkY0lJdUR3TVY2RExTeUo5Y2drTTUzLUxSVEdwWUljOTZEbEpqS3prYzdONnhOWlktWEVRbTVBbGVHNWU?oc=5,HELLO! Magazine,2026-08-28,neutral
The L,Summer Sharing Large Wines: L’epayrie Special Reserve Rouge is a Light-Body Red Made… - Trend Hunter,https://news.google.com/rss/articles/CBMic0FVX3lxTE9IU0d0S2xiZ2ZUdTA3cGJCc3NyeUdtNHV4MUdrWE5sczRfNGpieFlHX0MwN0RhTjhuWUdIUVF3a0Y2d05jeUNmODVySlh3SEhocDFTbkpWOXBOV3lFbkpRX3dmUjNkRGdJdjlVN0VXaEdlbXc?oc=5,Trend Hunter,2026-08-28,positive
The L,How L’Rain tried to smash the cycle of time - Paste Magazine,https://news.google.com/rss/articles/CBMieEFVX3lxTE1LVWYwa1k5UmVzQ3hSQlRhRU1sSUc0SUNtSFRRaWtlUkdPUkMtbG50MVk1SE02NUs3MGJPTlhlME1aRWpRcjFoTGxwUVhsTG1IZDhvbHZXTmoyMmNzUkRoYnZlNUQ0aVRVVFlmWXJYTE52Z1BpQk9LTA?oc=5,Paste Magazine,2026-08-28,neutral
The L,Doctors prescribe sailing to treat anxiety and cancer in L'Escala - APD Noticies,https://news.google.com/rss/articles/CBMiugFBVV95cUxNeW9nNjZDZlJRamJqdG14emtmTDMtNnF2bldRWGtYYnkyTlo4dW1vRjU3RFRpcEVpclIyYzNhN0ZHZTN1WGloNWt5MTRCOXN6bWJLcUlxRGh2TUJSY25hM243dGVsa1lDZEswWnFOUHVkV09takZJVi1KLVhNNjVWWWt2a0FTNi13enh0UXZySFBkQUFUcHR2VXdqZjdFaW1SUmJQVU5EZm1NZ2p1VHVkQm1GN2t0VnZqUEE?oc=5,APD Noticies,2026-08-28,negative
The L,Balloons stay grounded for the first launch window of the Lewiston-Auburn Balloon Festival - WMTW,https://news.google.com/rss/articles/CBMixwFBVV95cUxPQm9yRk5JcmI2czNPbEVVV2ZMRDRjclZYNWJubEdMSkpfSTZVZkNEX3cyU21pV1JuRUdPQWcxRXAxQ05qMEZGS0pMZ3Vkc3E1VjgtN01Jc0FaM1FtdWxIbXRCUklpZS1WRXNxRi11Z2dTRFdaUmlIbGJ6WEJQY0ZYd21FMHJBWGJpUmlqSjJjN3FkZUdJbFFzZnVUMjZ0UzdGMzZLS0Q2Sk03V0hmLW1aNDhKWmtXQmxEV3JFQXdTamo0cWJ6bmc0?oc=5,WMTW,2026-08-28,positive
The L,Lose the ‘R’ Or Take the ‘L’? - The Dispatch,https://news.google.com/rss/articles/CBMigwFBVV95cUxNSWw3c2JlSV9LNmpDQ1RYbzVVUXUyRlRCSVFTaVJHaUpFS19KeDJGdTV1M3ZmQ3hJd2JXUUQweEotblE5NVN4RVdyYlIzU2ZUZGROZmJoSEhvZGZyTHpwUWlKMW5zZXVnamFvYXdGcUg4WkVKT1BtY3Q4YnpiTGtFOGVHMA?oc=5,The Dispatch,2026-08-28,negative
The L,Becky Hammon defends load management even if Aces have to ‘take the L’ vs. Liberty - The Athletic - The New York Times,https://news.google.com/rss/articles/CBMimgFBVV95cUxNSnQzUnN3emFrWHpPSTlOQkdUNzdPcERtWWJ2M25JdWE1N1R5LUttZHBMNzBhMkhIWjJHbmZUQXJ5MkRxcFRyTF9QUGNBOVlpekUwWGZHRmJfOWJwaXJ2a21vQkp2THUwS1FjWk5YSHNFRm5POHd1cll0U1Q4eEY5akc4MXFPNUVpaURacm14V0xJVE5WMUFORWdR?oc=5,The New York Times,2026-08-28,positive
The L,Millennial Mom’s Review: 2026 Lincoln Navigator L Black Label | Reviews - driving.ca,https://news.google.com/rss/articles/CBMijwFBVV95cUxQUENGLVdnUmVxU3p2enRZbHZLdUQzai1FVERBRk55Y3lkWUR6YmlORWxwTGhnYmI0b1AtQnFoTjhGVmxYWjQzbUg2ZG1CWkVERGtmX1Y3RjhpMGY1ek84dmRxclpmaUwwQm1SZElfWG5VTGtDcUpoNGl3cUc2SFJsRHhqVTdTbnZUZlB1R3l2RQ?oc=5,driving.ca,2026-08-28,positive
The L,I Might Cheat On My Partner: How “The L Word” Shaped My Pubescent Lesbian Brain - transyrambler.com,https://news.google.com/rss/articles/CBMitAFBVV95cUxONFREdnFKMVI1dGdTc3ljTmVQSU5VVWxpV2lock5acGVWTldBSnl4RWdRSmRFaVNLMXN4amNIOUNlTXV3dHhkODIxQmltdmNucGw5Q1g0ZnRqRG82X3VzOFA4M1BGQmF3d01OaUVucXhxekI4S3otVE5fTThuVEVxWUl2VGFRal9KYmY0NUg5RzVXcnpjZHpDMTlrVnlYZVFIRkxWamZoZktlblNncUlZWVMzOVo?oc=5,transyrambler.com,2026-08-28,neutral
The T,Knappa High School gets $5K award from T-Mobile - The Daily Astorian,https://news.google.com/rss/articles/CBMijAFBVV95cUxOUlF6ZGh1enc5UGFNT0RLWk9McW1EVnQ5RkZjZ0hzWmJNZjFvVlBLWHlEUGR2S05kbzFXNnRnQzRjUW1jVU5RZXlGSk1DdXNNeXJ0ZGNzTWUwZkI4YzJVV1BqN0pJODlwbElYel9KRDIwZWx5YzNjek40OENwZzJiMWRzdkU0RjlkVzVzQw?oc=5,The Daily Astorian,2026-08-28,positive
The T,Our 10 favorite scenes from T2: Judgment Day - Ars Technica,https://news.google.com/rss/articles/CBMijAFBVV95cUxPdTlOX1pWbENGYVJCTXBnOU5PejBZckk1OTdGWnRXLV9IRTFsTFIxSVpxVWdEWXpDazh1VGhJWXdfVVNpWDVJUnk2bWtPYlJJNDlzaTMyZ0dzQncwNXpxenYxWjROeGcyVzdpSnpwV3RyNTJZQ0RWT1NmZV9SbHFTNlNLOHZnQjh3NU9STA?oc=5,Ars Technica,2026-08-28,positive
The T,Man with NASCAR ties delayed acting on heart trouble - The Times and Democrat,https://news.google.com/rss/articles/CBMijgFBVV95cUxPOEgxNjl3X0t4dnhxSHoya2ZsUjNhcHEtbzN4b3VFR3RlRkJJUmNVbnozUERndVZ1QW1Ua2ZBdjN4UGxzZEdORG9DNjQxOEZUSWEwcUZwUXhEQjZYNkZwRVBrSjZNdzRpZUZJYXFZbFJnbV9oSEU2ZEk3akY1N25GZVQ1STlQRG1lZEJuWXJR?oc=5,The Times and Democrat,2026-08-28,neutral
The T,'Most diverse collections.' T Market marks grand opening in Natick - MetroWest Daily News,https://news.google.com/rss/articles/CBMi1wFBVV95cUxPRTBTQWQ0WUFVYWJma1hTcDFXcTVHNWRCOUVQQkRLbEIya3FxR1d6eG15VmpLYUNBWGRJM25yczVublZQZnRuS1hUdUdNdHZLYlFaeXlNX2dLR1lCZzYxeXVROGNTYkFtRmVuQXFhMGo3TTA4OXRRaWtwRW5ETEZsR2gzRTRGa0RtYVFYeEJOUEFwaHZGWXpOeEhCQnpXbTBSaEI4REMzSnV0TXRQdnVVVFlPd1N6dnJBdHo5ZjZkM1hfS2FKQV9IeVd0d2ZmeG1VbUt4Y3JtQQ?oc=5,MetroWest Daily News,2026-08-28,positive
The T,Nice and Warm Today then Very Humid this Weekend with T-Storms at times especially Saturday morning. - 5 EYEWITNESS NEWS,https://news.google.com/rss/articles/CBMi3AFBVV95cUxPdUJtYTRKdEMzZk5vZXkxUGYyblc1NDFZRFBhSmdocDREQVJmRkx5YzNlUmp6a3dsZGR4Y24zTmhVWDBETkE3bEh4d2k3US1LLWdIVUpSSUpGenFFd0trd2Z6RkwyXzFzNUdhZTVMeGFnUUpGcnpqNGZwdDRMclBtY0Z5eFliV0xRWGJnZFVmdU84NTRIUjRHdF90QjBYcTVpelQyS3NWd3NfdWxtNkRzZFVPRUpDUk9yajdLU2pvZGd4UXV6SGlfUWNnLUhFZ25lSTJvWTNzNkRzOWls?oc=5,5 EYEWITNESS NEWS,2026-08-28,positive
The T,Consumer Cellular bets big on stores as Big 3 push apps - fiercewireless.com,https://news.google.com/rss/articles/CBMikwFBVV95cUxOcUJTS0tDYmhxT3Izcnh5a1NxbFBkNFByRi1iMGNQanZQMFBKck4zb1BEbW52WUpfbEFwZjJ3N3ZYcG16Z1A1Y3k0S3ZXYWFJTlZpOU4tSzlCOHBaTUtzaWZjemU4eDcxNEFrWmxsVmF6cDZyT29xUFVfbnBZTDVCVDhPRjZCTHQ0a1pGSWpuTHlxQWM?oc=5,fiercewireless.com,2026-08-28,neutral
The T,Part of Bob Hall Pier closes Friday for NOAA weather station installation - KRIS 6 News Corpus Christi,https://news.google.com/rss/articles/CBMi8wFBVV95cUxPUU96VzVia0Z6TWVmaTF6VFFkdmV1RFkyZkJBZGJRU2RUNUhBZ0F0VlpnU1RQQTJUem9BMXlSMnMzRlJfMG1IUDdhcFBpNnlVSURRRmRlOC1PN3B5empZVi1odGNzaHpkRWJfZkQ4QmF4Q2VmbFo4c1FOMmJEY2N0ZnQ0OWZtQ2ZLTDF6LWdvTmRIUEhfR2pTMVh4UFQyd0tLa1dXek1USjRfazctQU1ib0ZzX2puZGRuSUV3MnhNR1FTX1RUcF9TalpOTklMN0MxdUgyRGpDWGk2cHE5cURCUnJQbG5Xb2o0eVZUS2NqZVFEN0E?oc=5,KRIS 6 News Corpus Christi,2026-08-28,neutral
The T,Pl. Vy. wins $35K in T-Mobile competition - Times News Online,https://news.google.com/rss/articles/CBMifkFVX3lxTE43V1diU0l5MnVEQjBjOTVhLU0wYThtV2pjTnVJa0pDdC15VGpDYXR5Q09KSWg0ckZEaXdSbHlFd3VBdWp4R1dQZ0otM0d0VWdackpNaWhrNWd5aDJLa0tHZUc4WWhZRGRleURVMGdxczdwNVVyNTh0aDFUUmJPdw?oc=5,Times News Online,2026-08-28,positive
The T,T-Rex TwinBlaze review – one tube-driven pedal to cover all your rocking needs? - Guitar.com,https://news.google.com/rss/articles/CBMifEFVX3lxTE1lZGVsNDZ1T0lNUnJ5UDF6UWI2Sl85c2d5c2tDLUpsOU92V0Z6V29WbXVwMlJ3OFFDS0E1WnFCcHI0LVVtbk5yV0JuUFN1bk5xY1NFLUdfamFKSE1DT2NISHl5Q0xqS0hldGVVVVZKZUxYVm1BcjBPRlJJRXQ?oc=5,Guitar.com,2026-08-28,neutral
The T,Signing With The T Wolves Could Hurt Jonathan Kuminga's Future - Yahoo Sports,https://news.google.com/rss/articles/CBMif0FVX3lxTE1Qb08taEc5aE5aN0luY1RLb2ZBMWtESmtuaVJWOVBJNy1hNVI1enpBVWdjcGl6ZkM1cE5raW80ZUNrbVRydWRBdTVCTmUwVUc5cXYyT2xQSjBvS0pxUUxKczhrc1o0UkstcGFyUzRob2lmUzN4WVpPdG1PNk1GUzA?oc=5,Yahoo Sports,2026-08-28,negative
The T,Briefs: Bellingham T-Mobile store expected to close; rock shop opens in Fairhaven - Cascadia Daily News,https://news.google.com/rss/articles/CBMivwFBVV95cUxOOXBvMmstWWc5QWxfMlBtOUI2QlNDWnEyRkRvRmZHRmRtM1ZzXzI0SDlQZEF4UHBWOHh3Smljd3BrcTJ6VkliSTZVUHpYamhrRk1FUGZJd2dPMzRfQkhSNEQ3VkhUbHlYaXgyRzJTRUVpTngteXlzWm9ra2ZDZ25LTXF1dl9vVEY4clFFLWUwcEVILTZMRDBNZXFzOFU2Y0RndWgycGd6SEQxVldUaHpWZFhyX1lSRXR2YThlU0p6cw?oc=5,Cascadia Daily News,2026-08-28,neutral
The T,Third T-7A Red Hawk Arrives at JBSA-Randolph to Accelerate Pilot Training - aetc.af.mil,https://news.google.com/rss/articles/CBMi0AFBVV95cUxOcmpRbHh4RGtxQWt4NUxCby1iajBCYmY2VWtzUzNWLWtWLVpjaTkwUW1iQUlHNEY1aU5JeW9GekJiQlJXX3d3LXdGUWtxZlRYOHYyWkxxbjAtNEhRbXB3UTRNVHN2MzluODJ6SU1sZTl1SmJ1Q0RxVGRJa3Fyc0Z0WVpfQVp1b0habmxhMjJjUjA0Wnpzems5U2o3WUp0bGt2SHhQOWJrekE5MXNKWnJoZXJFY3psNUl1WGVyUmFWZlMyRElRMXYtby1SQ3NzQmJ2?oc=5,aetc.af.mil,2026-08-28,neutral
The T,The Melt-Proof Makeup Routine for Women Over 40 - Flow Space,https://news.google.com/rss/articles/CBMilAFBVV95cUxNdHF5SFp2c1hLeDFPZVZpVUs0ZEtBLUNqWE8zRkVHYS0tbjBiR0FfU3o4alg4Z0V4S19oT1VHRHJaT0pYdmYwNnJGUmVETlo3Rl9lNExjNklGWVlBLVhxRlkwNG14VXlIaDl0Zl9qVGFSME1UUGpVcEVKUWFFU3hSNG16WHJjN2J4am5hT2lvSUdIZ3Aw?oc=5,Flow Space,2026-08-28,neutral
The T,Why It's Time to Add Equities Exposure in Active ETFs - ETF Database,https://news.google.com/rss/articles/CBMiggFBVV95cUxNQ1k1WVgzV0p2X0ZLd2FGcW1EejVMVFF4dW1YRWNrRzc0VnBsY2J3WWQ0VzVYeEgyc3Zpb1lnT0N4NG42S3RXaFN6eVpGc0s0TTBqNTdjanhEV3VnYVRzc0g5R2ZWV05VZU9yS0VvN2s0bzZ2cEVVeWVTTDRrVFdoU2xn?oc=5,ETF Database,2026-08-28,positive
The T,‘Terminator 2’ star Robert Patrick details replacing Billy Idol: ‘Oh my god’ - Entertainment Weekly,https://news.google.com/rss/articles/CBMijgFBVV95cUxOeWxiOW9BTG5kZ3djR1ZiX19HcjZkNzlrQWhHNUZQOUV5amxHcDFJUldkN3RUbGxWZkoxWWZzQTJ2V1l4b18xalp1Y1Zwa2tja042bk50QnB4dTU1YWhzd2s2cGdYMWVYMkNBc01wRVBqR3lLek9SNnJuXzM2eEdKTHRmZUxRYThwMnZ1VFBR?oc=5,Entertainment Weekly,2026-08-28,positive
The T,AT&T Stock’s Margin Hit A Multi-Year Best As Its Copper Network Winds Down - Trefis,https://news.google.com/rss/articles/CBMiygFBVV95cUxPZFNVZHBHVHVYYm5PNXRxVllBTG9KQ0VtdzU3T0Y3OExIN2t2UjdBQmtqeFBlbE05UUdsbjRwbEZ2M0FKcFh5X2NreWdLN3F1dzhjZWhUVlhMZlgyUVNka3RUYTVzbzlYZjdndDlRU29XOHlNdWpzbGgtS0lCTndTNHlwSFBKUFRrZDJuaWNtMG85MU1hN19uOUw5UnloN3BjM2R1amZ3TERQUUtXeE9KVGdla3YzNlNJYThrVklZWXlsZ0JLcFl6dE9n?oc=5,Trefis,2026-08-28,positive
The T,An autographed T-1A launches from Vance – ending a training legacy - aetc.af.mil,https://news.google.com/rss/articles/CBMixAFBVV95cUxQeVlNRUt4U3FjendEcTd0THRvZm1uTTBQT19GRWUwWVpiN3laXzNSS2dpVzZUeVduc0p3RnUtNElTQlhxMks0cGdpeGtsMmZBemhWQ0gzTUdYRVlLbW9hVk52WVRONzRIVUo2d1JBLTZjUWV6Vm01XzZQdTRWVGl3V0g5TjQzck9uNW9EYUlHUUtWTV8zbGc2SVpEc2xSRFE4SnpobjluV1dTYVFqWVNraGRtNl9VQS00a1dnbmlXR0x6QXdk?oc=5,aetc.af.mil,2026-08-28,neutral
The T,CA: FX's “The Shards” The Official Launch Skate Party - The Times and Democrat,https://news.google.com/rss/articles/CBMirwFBVV95cUxPX0ZrV2gxOHpmM09pTWFKXzdnQVRGalhqSTJ0VEFrMFZMbUYwekRUNTlTN2VLRGFxM0RvT2VQdDE2OFFpNWlSQ3RjakZnNGhCYmdxQXN6bVgteWtkUGNtX2J6TUJ0Y2NlWkhDOTIyNlVDdTJaVVZiejJnOHBodjFxRUcxbVdmeXh6UWNYSEI3cHV3dlJiWDNCQzFRa2FQT3dJWjR0S2lPM1NxNUZGc0Rj?oc=5,The Times and Democrat,2026-08-28,positive
The T,"Dragon dancers, town and state officials at T Market grand opening - MetroWest Daily News",https://news.google.com/rss/articles/CBMizgFBVV95cUxNWTM2MzJUYy05VF9GanlzbTJyanBpQng4RUdjV2NRSXhqZ3B4bVAtMEh6SU91cEdVc2lVaC14YVhBdFd2cGtLeUNfajBVblZSLUJRR1lDT19SWjlyQ1c3aU9xbWhWN0hUdUVkTVNSbG1iTGdmcFU4UW0zM045UHYyNGo2UTZMQ3VIVFdEdGhTQ2ltSU9IS3JGS2hzRzJPYjJIUGI0Zy04bnl1WlMzM2hqOXNVME9ZWjBZMnFpUUEzUTJnazFCQ0ZSUlV3dkhQZw?oc=5,MetroWest Daily News,2026-08-28,positive
The T,‘Terminator 2’ Star Robert Patrick Says Billy Idol Originally Had His Role (Exclusive) - People.com,https://news.google.com/rss/articles/CBMiswFBVV95cUxNODFTc2NRUVo4eTJibm11TjlsYXltTVJqTFRsNm1WQVZwWHA2WVRYTnNtTEtHcGs0TmUzdVRTanVaOWlVSHM1MmJPWEoyeEtlWVJBd2ljdXJjRzFaS1pab1M1aC1zcFZVT0ZCTVdab3QxdGtHT251TUxtTEwzQ0dLYWdfdTRtX0Z1U2Y5bU44R3Z5d3ZOSGowY2NCSTdDWk9HOWdWcmctMzhWMEJfdUJ5Qk5FRQ?oc=5,People.com,2026-08-28,neutral
The T,"Jena Sims makes a golf commercial that won’t get canceled, 12U football coaches tangle & Chris Sale’s shutout - 930 WFMD Free Talk",https://news.google.com/rss/articles/CBMi0wFBVV95cUxONXlpR3NZYmdQVm9oY1pLNXVQQjYtRjVIMVNkTWwxNDNUT240YXJTbERRYWJCRnVTSUtsNEZPWldxWU44SUVVWDZ6UzVMc3FRU2NWOXFvLU1seEw2VEVBS2FlT2tPOVdQenUxQVZ1SUVDLUdkY0Z5dlRDX09vU19XOE5JQTJJRk1Cb0JJTjl4aTczaEY3aGYtc1d1bEZjTTQ3bElYQ1lYT2JZM0JNV2VkbE1XV0d5TUFkTlk4SVpUUTJlREpJblJBWVJPdEhNV2NVQjJz?oc=5,930 WFMD Free Talk,2026-08-28,positive
The T,"Hybrid Porsche 911 Manual Not Doable Right Now, But Weissach Isn't Giving Up Yet - autoevolution",https://news.google.com/rss/articles/CBMixAFBVV95cUxOWTh3aW1ZRHZIeXZ0M3VzUk5KSDRwZ19wXzVQa3pXY1l5ZUJmZ2FfbU82QUN6Mm14dW9xVFFBNTZpM1l3eDBTX3YwdmxnQ2o3dDFHS1RkekFJWWFjVnBKbkc5SzhWNlZDUWtqYUR2RTlaRmVzczIxUmpRRHVVbTNXUTk1UmdybWs1bHNsYmxYQkl0b0UzRWFiTWdpUFhtbElHMGhlVHMwWC1XdDl0NC0zX2dqZzQ3OTFZU2pvNmp5cW1TUTlE?oc=5,autoevolution,2026-08-28,negative
The T,Mamdani takes aim at Adams-era tech contract - Chalkbeat,https://news.google.com/rss/articles/CBMiigFBVV95cUxNd2VkWXM3aE9UVnQyczZWTWxUa0NuNEZMbUc5SWNscXNOMFFTNEZ2NVlzU1ctbzc3S1hQaDlmWndZRHkwNi1KRG5rZFozdWNxUklWTm41RFlBNWVLcnVGRF9SSVlQNHdFMmoxbkdHdmVJQ2ZCek5nWWRDQ1BGSzBjelEtdk9qbFE5cXc?oc=5,Chalkbeat,2026-08-28,neutral
The T,NASA’s Hunt To Replace Its Iconic T-38 Talon Jets Kicks Off - TWZ,https://news.google.com/rss/articles/CBMiigFBVV95cUxOaUVDcnBlbENwcHFnRm1hU1NFU3I1NW1xN3A3aVcwOEV6YjM1dXpqOWNXd0xhNzVQckRXbHdwdWs3YlAwVGd6VnM3VmJjOVZpUFhuZ2lJcXZLQW9paVJvMzVsSVpQTTJnRkRlc3NuM0liNldUWG5rSm9pYnVIZ3FRVGpUb0ZHMl9yb1E?oc=5,TWZ,2026-08-28,neutral
The T,They’re thriving in the late-summer heat - The Morning After | Mark Whicker,https://news.google.com/rss/articles/CBMieEFVX3lxTE1UQWNpSGtsUF9sajdkWHQ4Q1lWWWY4Z0duQTBIYk50Q19RY2pzTVBQUXlVQmFkamUybGNsVWdHQ3FZRDZrVFRZR1RTakFVSXBsNVlzeHIzaEl1YW5EbnI3dG4zMmhkSHlCcGJRSlExTV9QUUVqUEZ1Tw?oc=5,The Morning After | Mark Whicker,2026-08-28,neutral
The T,Mick Foley Addresses Individuals Who Stole Shirt At His Stage Show After Placing Bid - Fightful,https://news.google.com/rss/articles/CBMivAFBVV95cUxNSk00VXkzNXU5d1FiVkxvMERGWlFGWGRGMHlXVHdjMUZpdFZxSnpRX0tYWXdCSkpXMG01N0hJdDdCNUlvdVRmeWxuWWtmeFdyWXpNUjJPejAzWVNfMUdEZjk3cGZPc25YLVhmVkpTRklUalpEYlJQMFRtandwaVd6akxGeHJQM3VyYkxldXc0aV91dnJCNTg5QnVWMG5xRF84dFRaRXB1U2NWZTBINnFESThqeFV4ckdSQjc3dA?oc=5,Fightful,2026-08-28,neutral
The T,BAPTIST CHILDREN’S HOME TO HOST ANNUAL FALL FESTIVAL SEPTEMBER 19TH - wfiwradio.com,https://news.google.com/rss/articles/CBMiqgFBVV95cUxOWXp5MVZIdWMzSUU5Y2FNeHNCTlFHOXQySThPVVc5SFAwY245Z2dvWjdUQWpseHFqbl9oMmNMc3REZ01NZHN6cnBsWlRGT1NfT3hXTzl5V01DbmhfTjUzNEZYVWtUWEZ2QkNscUdyRE1DWmVKV2ZMU0plZ25UcmV2REQwT21WOFRYSmlUY3k5MVpoTGx1QlJVMzVUTFJ2R1p0YkMzTFlVQ2dsUQ?oc=5,wfiwradio.com,2026-08-28,positive
The T,Signing With The T Wolves Could Hurt Jonathan Kuminga’s Future - The Big Lead,https://news.google.com/rss/articles/CBMiX0FVX3lxTE8wWHV2Q3h2RjBRVlhVa21IbTVDamJqQl92TWlqT1dYekdsQWplVjFYVGdrS0p4cnNWaUNKemlsRzBKXy12OVRyeVNrMmZ1UGhpMmdmTW10dVJwaGx2MFZz?oc=5,The Big Lead,2026-08-28,negative
The T,Enjoy a month of T-Mobile 5G Home Internet on them and up to $200 back - USA Today,https://news.google.com/rss/articles/CBMirgFBVV95cUxNN1h3ZXpLT2M3NHphZEI5a1R6WE0xNTdmMGkxdEU2ZXVOOVRydm1ib3ViU3A0ZE9xRUs0YUVBWFlnZUgzQnRLRTFGcFNNMmFCVXR1SERHaFVqUUw4a1B0azZLSjJ4WFowa0QyQlAtVWZCMDhKYnFIT1dzVTVnZ19IQ1hyWndHYzhELS1tUklyMjA0SHdDM2hwdVdvX3FtdHg0SE5wZzV3eDNTN0NaYUE?oc=5,USA Today,2026-08-28,positive
The T,"Neurologists see CAR T-cell potential, but questions remain - Myasthenia Gravis News",https://news.google.com/rss/articles/CBMimAFBVV95cUxPTWVWS2JqZlZ4SXl1NU1NYjFTWGxNYVlVWnBhQkZDaGhzbFNGSDhnTHVVNlNZUGVLaC1YTUZaUV92OUZPdmFPNHZacnI1S1laS0JRdHJqQnh1U01OOEpvTWlyQkFra1huWmQ4MGtXQ0pCSVJ1d0FtWTRrUzlYdk1mbEpiS1VPcXhtQ0xEeld0VE1HSVVjMjhOMQ?oc=5,Myasthenia Gravis News,2026-08-28,neutral
The T,T-Mobile Wants Top-Level Employees To Spend Time In A Store If They Want Their Bonuses - The Mobile Report,https://news.google.com/rss/articles/CBMiqAFBVV95cUxNX0p3UGtHdXBTRUdiTG5mRnotSVQ0OGdQR2pVWHJ1eGZNZUxsdTlmQ2N2bW5PNlBvT3hTTFhHU2FXejhtejgwTXgzX3Y1UTJUVFcwSzlYV0R4T1ZJamhnU2JsbW5yR1llcm5yN2JuUlREaFpvdjBnVnZjeXRCZ0NrTzhBcXA5aXBOQkhuXzN2UWRFVjB2ZGdXdVBlOVlCOGtGRzJHU2FHLVg?oc=5,The Mobile Report,2026-08-28,positive
The T,Sandra Bullock Proves the T-Strap Fall Shoe Trend Works for Women in Their 60s - WWD,https://news.google.com/rss/articles/CBMilwFBVV95cUxObmp4a1BfY091RUxHZ3ZwY01oam92RlFhdXhrV1RtQUNzR0NZT2kwc1JZa2t0V3Z5UFBndENOcEtnWE5oU0ZRczdiTm5weFpfY1NaRHlsbjI1Yk9tdUhZVDJSMWFZTGU4dUgtV29uLU1HOFhRTWdaSjEtMkNWc29aWU1uRXlKcVc5TjJmR1lLd25GekZCZWZz?oc=5,WWD,2026-08-28,neutral
The T,"T-Mobile announces layoffs in Tacoma and other WA cities, will shutter 13 stores - Tacoma News Tribune",https://news.google.com/rss/articles/CBMidEFVX3lxTFBOV2UtaWUxUFc1ek1seS1oVzZIYTduRGtQR0NkVTdBNWZIOVJZVDFHekZISl9VbWZtVzFtb2JiaXZBTVJBa1ZRYVpBalNmdUJoOFhxOW1vbDY4dXU1cmEwSGREaU1iaDlicWtELTlhbzJtc1pn0gF0QVVfeXFMTkVQREdGajB6NlZiLU1Kb0pfU1BYdVNIenB4Mm1HWjdKR1RJNHNLcW5MM0NHYWVyWHduSWUyTlBrYmh3MEZocXRrY1RQNFA0eFU5UlNiTXgzOGlBQVQyUnJJdkNJbFRMZUVZbjNxSDhsNGJnR00?oc=5,Tacoma News Tribune,2026-08-28,neutral
The T,‘Terminator 2’ Star Reveals Billy Idol Was in the Running to Play the Role of T-100 - parade.com,https://news.google.com/rss/articles/CBMiqAFBVV95cUxQbmJlOE11UTJOdjhLSDNMbGVsZzlkWktRQnBZRW82a0dhdFYxWVNrX2xPdlJhSGptU0RUcnpJVVk0VUgxM2o1QjRsZU9DWm1UUDRObXpRV1dSczB0bllOVnhKQmdxMHMyWEtjeXE2NVk5cnBrZmtNX3lmZ1Z2T2ZZRUQyMzJkSGxRTlJVZmRkbjZCRUs0N2tmY1hTQjd1aElTeHdvcVhDZE0?oc=5,parade.com,2026-08-28,positive
The T,Esoteric T-01 Turntable - Analog Planet,https://news.google.com/rss/articles/CBMibEFVX3lxTE84bUdpQ2UwMllFUFhFTXpKaXQyMnlxT3YzNkpHYS05QWlzSUwyWmJDckJmZ1hzelFGOExsZ0E3MTBVM3JqR0VrdUliVU1CYUw4Q0I5bEJFNDFrX2drNXBaVnFuMWhna0xDVnFseA?oc=5,Analog Planet,2026-08-28,neutral
The T,"At the ‘Practical Magic 2’ Premiere, Maisie Williams Paid Homage to Sandra Bullock With a Burgundy 2-Piece Set - Thought Catalog",https://news.google.com/rss/articles/CBMi6AFBVV95cUxNV3Y0aDRHLU1KQzRHY2JOWUg1SWRMLTFnTy1jcFVlcnFsWkpiakd2SUlrb2VEM0tNMnB1OGI1YllOM1ZVNHJQcG5Va2hUbVd5N2V2Ry1IRjEtVHcyaDdGcjhBM3poN1FUUnNyY0Q0ZFBnc2hvWndEdlR1MEFiNnNLQnc0bUdwbU1CNXZjbHc5YzdvaHBCT19tQ1F5MU1UUUNORzUteU51ZlMxQmRWTlgyS1o0V2p5TzlLdmwtRV8tX0VXLVhmOHRQVU1GY3gzVGd3Y2F6elRpZm1SRjZWOVpuQm5PU0RnaHVG?oc=5,Thought Catalog,2026-08-28,neutral
The T,"Mamdani cuts costly Adams-era school internet deal, citing waste - Chalkbeat",https://news.google.com/rss/articles/CBMiowFBVV95cUxOWGk4UTk0d3JGT2lKMkQxeWYybDl5MDdtSzlDdjk5Y1RKOUR5OWh5dW96YjhzZG1IaW9NNHJEYTN5Tmxtb0FhSUdsTlMtUzU4cE1kVVdObkdlNmpSUmlXUC1mSnF5UTVtSktPN3kxT0JoZUlYRGlLcVZBT052WWNkcXp1b3lMaDhaOW0zMUV6YmZYczd2ZFlHT0phV0JiWW9VT21R?oc=5,Chalkbeat,2026-08-28,negative
The T,Inside the Orange Line's 11-day shutdown: new tracks and hopes for 55 mph travel - WBUR,https://news.google.com/rss/articles/CBMigAFBVV95cUxPQWRmakloOHVPLVNhNWlxQkdGUWN0ZEc2X01JVmZoTTJMeFl1U3gwcV9oUjgwTk4tR041SXNIbld3NU9wbmF4M1lHSEF0U3Z0RTh0U0RHWGhzRjJUTmNDcTVPcDVmZENWX3gxeHVvM2JqV3ZjUTBCX21Ta3B2VE8zYQ?oc=5,WBUR,2026-08-28,positive
The T,BREAKING: Jonathan Kuminga to the T-Wolves - Audacy,https://news.google.com/rss/articles/CBMikwFBVV95cUxNbGhXSk8yLVo1UXEwX3lFVWNWT3dhNTRrNjlmamdmRVRISGIyZFpyb0hVMXNkRDNuaFhOZUJ4MlloWld5Nm11Q0dPV0p6RnprN3VEenVjdzBfd0ZGaHZfaUFBVjBlNzVxRVp4NXRXTk9sOXd4SS1zQXJJRWJBeFdGRGhfSU82SW8xZ0ltb2xOQXNnWlU?oc=5,Audacy,2026-08-28,neutral
The T,"Lake America merch is already available, if you have a sense of humor - The Washington Post",https://news.google.com/rss/articles/CBMilAFBVV95cUxPZ1ZWak1nTU9TOTJIS2NLMUlQaDRpSWVJelZwLU1MSzdoajdwVnhmb1hWNVNTcHBQODRYcjRhaFRfeFF3ZGdkMWkzQUZzUEwzeURxdGtUbE9ESTNfTUJCXzhSbFZYWllBLXh2ZEx3TE9hb1VrQ25VNnZuRWdpNU5OZGJwdG5OeHpiRnFfeE40OHlwU2lI?oc=5,The Washington Post,2026-08-28,positive
The T,Porsche Wants To Sell Manual Cars Until They’re Outlawed - Motor1.com,https://news.google.com/rss/articles/CBMigAFBVV95cUxQbWN0VzV3UDZUaU5hWlRJYVc5T3NxRmRKZURyQUlheUdSQWdXRUNJV0ZSVE1Ma0dlVTVTd0dNQXZ5MUlGWVdSalhCUmt2WHZrbFF4Z09WS2UwU3pSalFVemU5RGJfSHpuUlJvTHJrLWpQZFk0MGZHZlJtT1hLUTVodw?oc=5,Motor1.com,2026-08-28,neutral
The T,"Family Mart reveals new T-shirt uniforms, relaxes hair colour rules for staff… but is it all too casual? - SoraNews24",https://news.google.com/rss/articles/CBMi0gFBVV95cUxPUHExWXFhcjFiMlNwWENGUXdmUkFlNVJHa1g1TFdSYmpZejJYS0VLMEI5RlgzMXpaekdjZGZvVnd3bDFwSjAyLV9VZ2tNVlE1a05zcGdzOV92RnZvVlBneWQzRTJmN2lsSFBZVWVsMUhQN1gtbHhSMWtZbDV6S3ptaHhQU01heFFSUUFNVVFRNlMwM2pVb0tFU2lDLU5DemI1bmxFSUZ5REJCMkxLOERMRHRMLVdkOVZJZXdUcm5zWlpvemRJam4tYzJXQm1tdVFfZlHSAdcBQVVfeXFMTjhUVVJkZGJ2TG03UW1fZWVlVDZvNnFzc3djcm5BVmJJTnFaeklYS0M2ZjUzSmh0RlphdHBETVdSUkFUUU1QbW0wOFlHSlk1ak91cEpkekR4VF9QQ2NuUXlwdm5oVmRGdWVYS2UwUFQtNW45empUWHNPMERMa0pSRGJncXBqNDBxclFQQnBOZmpwQ05fQTZEdjFyRlMwMnRnYzZJbDkwOVpCM250LVJkbHlsdllmaWwtMlc3cGJKWVpSVVhyY3Ytc0x6ZGM2R1FBQUIyek5LTVE?oc=5,SoraNews24,2026-08-28,positive
The T,A Copenhagen Hotel Overlooking One of the City’s Largest Gardens - The New York Times,https://news.google.com/rss/articles/CBMipwFBVV95cUxONzJaWVRwb1V0aVgzcEhoc2Q1UEh0UzJpMGJPdVFhZnZBd3puN0FVT05WeDl1Nzh1VWd5TGp2LWtudFM0anVpb183NG1Tdk9nVElCek5PWUlvYUpnV3B0NGdsVUxOcFA3dHVLNHFxZHNQUG4yenA1SHBTZGNVY0Y3WEdqQVlWbTlmbjZaSnZQNDRublh6cF9pNlQzVWl3eE03eGo3dUhDTQ?oc=5,The New York Times,2026-08-28,neutral
The T,"FAMILY ORIENTED: Diane Schatz on Her Role in Donny’s Career, Power of The Racing Family - World of Outlaws",https://news.google.com/rss/articles/CBMiwAFBVV95cUxOcTVzeEVJZ2V3ZHM0OVZ3NnN2MGU1cGhzWXE4Tlo1dXBjWlZuRXVHSE1JTGduajM0QVdEOU04X1VpN0hkM0oxLWdKdjhVMVFOakZRSmlqQnc3ZVRzazU5VUlma0dXZU5sTWZnM0s4bkVJRmNJMTRpNmxjeDZuT19hcWZQYUkzbG16NTFZOFVmUldHWDYxbGE1X1FqRVhyTTY3RUZjM1FVZy04Q0NWdlk3bWFKTGN2bE02WEFPZHB5dUg?oc=5,World of Outlaws,2026-08-28,neutral
The T,End of Bob Hall Pier to close for NOAA weather station installation - kiiitv.com,https://news.google.com/rss/articles/CBMi5AFBVV95cUxOa25KeldlZjJ4SVBhSE1FZnh6YUtIVUZudE1EOFhKYnh2U2t1UzhiMU53UjFDZ0U5YkNtV2o1ZnpOYUV1QXYwUVNocHNTb3Q3ejdYUzZ3czJ2ODM4RUt4elpEdk9tYXlNYnI3NEZHcUdUcmpVQ3Q2ZWIzT1Z0YUcteklGQ1ZuRUhVVUVMazNEakdxYzZZS2FXR3B6MGhRU2l0UENtbHRnZ2EyYU04eEtxdS1ib21Ba2NVaF95bHFrN3NlNl9ybV82NV9sOWxPZXF5NzRRWTJCWEVRUUh5YVBMSzVkbi0?oc=5,kiiitv.com,2026-08-28,neutral
The T,"T-Mobile lays off dozens of WA workers, closes stores - The Seattle Times",https://news.google.com/rss/articles/CBMioAFBVV95cUxNQm1LemRsSnM1Y0ZXejZjUk96UjVOZHk3MVJZSTJxVFFMaU14SmJlRjlTbUVxb1JPOE44YlJCNjVpN3NGRjNGVFdSSWRHYzVTSUp3VDhBLTlCSGVzSUhLdmdKMTg1VFM3Qy02YXA2TFZOdFVZaUtoZlpCaEl1S243bmlleUZXWlYzMkpYUnlqb2dSWmRJUGRMQjdoSmwtZW96?oc=5,The Seattle Times,2026-08-28,neutral
The T,What does it mean to be a 'good' man? Ben Vasiliou learned the hard way - ABC News & Headlines – Australian Broadcasting Corporation,https://news.google.com/rss/articles/CBMioAFBVV95cUxNdXVhS1MybFF5ei1YSGtQZElhbWdJMm9ySk1uZU1WWkQ0ZV9Dcl9reDJsN21kWUJ2UDE2QlB5V2Q5WjUtMXdaYWw1b2RRNElrOUJQQ3RJSVNOQktNNlY4WjBXV0xoeUhUYjZKb2JqNVNKU21iRllyMXRVWUoxWmJtSkNBODY2VzdSWmVYQUg2RDBRbzdYc1VGT05mQ0VEbS1o?oc=5,ABC News & Headlines – Australian Broadcasting Corporation,2026-08-28,positive
The T,"2026 Stretch Deadline: Fitting Jonathan Kuminga, Bennedict Mathurin, and James Harden - Third Apron",https://news.google.com/rss/articles/CBMidkFVX3lxTE1nbDF5X0V0LThvMjJoeFI0cVdZblh3MXYyMHJ2ZDRIYU1iRnQtM2piYWpYQUx0RDFlTmZFMTR0VGVZMjdkdGVXTkZvSjhkbjVibmlsVmJGQVNSZ1IzTzlKZ0R3NUlWS3VFRWFhYXBsa19NNTA2NkE?oc=5,Third Apron,2026-08-28,neutral
The T,In-depth Suezmax study makes CAPEX case for T-BOSS sterntubeless shaftline system — SMI DIGITAL - shipmanagementinternational.com,https://news.google.com/rss/articles/CBMickFVX3lxTE5pSWlleFVqazZBUzduVVM5dF9SbEtlSWxacF9UN1Z2SzdrQXJyLUo1clJiRm8tUkQyYlFCVG95U3dsX0pxVXFTTzQwQW1fVHNGdGVhbWJMWFBzYU5KMS1YVkt5enl6VUw4Z012QlcydU9WUQ?oc=5,shipmanagementinternational.com,2026-08-28,neutral
The T,Nishna Valley Trails Hosting T-Bone Trail Cleanup Day September 12 - westerniowatoday.com,https://news.google.com/rss/articles/CBMiqwFBVV95cUxQek1fWTVPNmM2Rmp6ZHBaN3dNMVNFSTBBQnZOUV9GdExfcTFhRVBRUGEydmdFWmFPRlhGTi1DVDRXb1ZTcTJ2RTQ4YkJySGVfWWJrdVRvR1ZYSk40UjlNZC1GVG9UWTZNUFB4QTduX254UmVaUmE0akRZa0J2dDItUmtPYW04cllvV2M3Uk5ONDJITm5NdXI3NDdxUWh4dm9LNllQTWZLR1hhYTg?oc=5,westerniowatoday.com,2026-08-28,neutral
Washington Metropolitan Area Transit Authority,Do Something #132: Transit Tuesday for RFK - Greater Greater Washington,https://news.google.com/rss/articles/CBMiW0FVX3lxTE4ycS00UGpBQ0swRXZhbnlfM0xNdUZSWURYSkxLZFpHX2hla0kwM2hnckRsNHdubkltX1hFYWpQcXRYMjhiMl9MOVBlc0Jyc3FSV1M3eEVBTXdnN3fSAUpBVV95cUxPZ19oSXNNYkZmN2dRUzMyOUF6UXF2RVdyTGIwMmRlMlhFLV85cms0S3liQ1NSUTJZR2p5Wjh5bTlBc0syTXNVRjZidw?oc=5,Greater Greater Washington,2026-08-28,positive
Washington Metropolitan Area Transit Authority,Dave J. Kubicek Named SFRTA Executive Director - aptapassengertransport.com,https://news.google.com/rss/articles/CBMiiAFBVV95cUxQd3gzenkxZUVBTFg2ZkpvVnZBN1hMWmVpeU9zWFFGQnpJa1ZUSUtTUmprVFVaM2NsS3dBbkJVaU9wTm1TNWx3ZGpzekVNNk9Ubi1FLWdjWGZMTk15cmM2OVFFT0FVd2JQSVpETnlDOXhRUUo3Y19kb2RnbGl3d0FjNE9TSVpSNDBp?oc=5,aptapassengertransport.com,2026-08-28,neutral
Washington Metropolitan Area Transit Authority,Metro touts drop in crime across system - NBC4 Washington,https://news.google.com/rss/articles/CBMirgFBVV95cUxNZlFoeUtyX0p6b0RscmpvLUJ0blc0OWgwOVU5X2FsaVgwOWhKZC1MSFByZ0VJdUdhUWstd2RnT3ZSM3BtOTNDaV80VFF5aW9hMC10anl0ejU0cnRZTjUwUnhTQ2tkMjBRTnhRSUJiY01TM21yZVNGbGRveUJObEJrRE5pQjBUN3hDTnJJeU5TSWFZM2FXRXZzVmRNdTltWkNmQkpwbVNLQXU3MC1ocHfSAbYBQVVfeXFMT1R1YWRRRUliVXRObS1aenByeFFKTy10dkNXWFZ4RkMxWlhibjYxUkZ0UUlaSzFodTFJbkdNcDBJaW1WbmtEaDhWQjFiZTdxRUExSEZHaDUwWlVDaWlJTkVwUzN5ZG5ETWkxd3FFTjJlS1NteVhYNlpKemgxTTN3UU5IYjVmVElaUWhjbGJ2b1FGUXViVmxaX2dyS1hwdHBBdmV1blZiQUk4V1lHZjA3dVROYU5HaHc?oc=5,NBC4 Washington,2026-08-28,negative
Washington Metropolitan Area Transit Authority,Record numbers rode D.C.-area Metro on July Fourth - The Washington Post,https://news.google.com/rss/articles/CBMingFBVV95cUxQZk1HSFRkLXYtUldXZ2FZNzdGRVlQSUJCejVBZ052eGU1WWNjbXY3YzNwbWNHeERsMnF0MDE1T0JOaEkyaUxFZEdQRFo5Z3Jfd1hXMGRiN2FBLWZqNVFBcTZzd1BWZlpQQlV1SHFUSmRqd05YSFhyTllsVTk2WjJ2MndsNC1wQ3Q3RUh0TkVmaGZtaGxGUXZFTlVmTVhlUQ?oc=5,The Washington Post,2026-08-28,neutral
Washington Metropolitan Area Transit Authority,MT 2026 40 Under 40 Davis Rajtik - Mass Transit,https://news.google.com/rss/articles/CBMiywFBVV95cUxPbGpBa3pha1JZZlZFMm9jUkM4aTFQaThIZjdQbml1UUxreWpQZnhqS3IwN0Mwd2RmR0UzR0tQQzhfSGdhcy1Pdi1jVTR6emdWa1pmcXU3anI4emQzUjYzWmVJaWJLRGR4dEgtLUNuQ2hSblRGb1B3ODM0RDg2cVZBb2swUW1UdGhxRDhJOUxFbWZEbTdzb2g3TzRhanJOdXhzVi1YYTltX1JYUnBWQTU4Nm8zYlZWMEE5ckRuOGJpMVdudEVFOEZOYzNaOA?oc=5,Mass Transit,2026-08-28,neutral
Washington Metropolitan Area Transit Authority,"UPDATE: Washington Metropolitan Area Transit Authority Has Begun Bus Shelter Replacement Work at Shady Grove East Metrorail Station in Rockville - Montgomery County, MD (.gov)",https://news.google.com/rss/articles/CBMiiAFBVV95cUxNZHFsN2NwejhON21BZm44MURDdzBXa0ZrZENfUzhTY3NUNURzWHJTbFhYMV9nSy04T29aVlJmU2pvNkR5UHJSQlVKLUdMQjc1M2lPTXJzSFhleFFza2xKODdwYUpjVFNod3lKZVdEdGJCMnlkanFIRXlMX3hXcnlJUXEwWkdQbldW?oc=5,"Montgomery County, MD (.gov)",2026-08-28,neutral
Washington Metropolitan Area Transit Authority,Washington Metropolitan Number of Employees 2026 | Employee Count & Headcount Data - Revelio Labs,https://news.google.com/rss/articles/CBMie0FVX3lxTE1zcWY4UjVmRWw0Z3dVQnZic1hGU01yc1ZwX2RBYXo4anM4NHFzNHJyd042RktlZEdfVzBRMlBySW5wbUVWLWpQREZqNlpzTHNwaWNaS1JWdE5nemFWcUVvclRLYWdJdkRwR1YzVUgtY0prd1RrZUlYXzJfUQ?oc=5,Revelio Labs,2026-08-28,neutral
Washington Metropolitan Area Transit Authority,Metro union says new policy puts bus drivers at risk - FOX 5 DC,https://news.google.com/rss/articles/CBMigwFBVV95cUxPVEstQ1d1RWk3LVZ2WDB4Z1FGNE9PSnhHc0NSQnV4Wm10MGZYalNWM0pYSl9uQngzZ1lCd2x0LWN4cWQzRnpVVFkzVEdHNks5bmR3ZkduQ1dlbVdDM1BwcGxQSncwUlN2bk93aXhDYjBoaG1lcDJOZkJHZWl1cjdWNmw1SdIBiAFBVV95cUxPdVB0RG5oNTZqNTBTMDVLQW5UeWV6VDlWeGp3RlNtLXM2emtrcGhuMzZUTmxsNmxlcXozVU50MXRLdUY5cTVkMkJhT3ZzeTJGMEltSFkySnBzOUdORkN2dTR4Y0ViZnFWQUpTTHZrRGE2LUNfWXZUcllwUGJOX0ZhQ3ZTVUlIbFZC?oc=5,FOX 5 DC,2026-08-28,negative
Washington Metropolitan Area Transit Authority,WMATA pulls commemorative Freedom 250 Grand Prix Smart Trip cards after finding defect - WUSA9,https://news.google.com/rss/articles/CBMi2wFBVV95cUxON0RaaFBvWjk2dFJRUzBWSW1HY19EU1Z1NGxISnNOMzZiaEk1Qm0wN2ZrQmVjSHUyVXFxb0lsaHBzcjJWZzJFQ1JBNVo4TXhsRTZsZ0phQ21jaXZTRFJhVFlPQWxiVjFsQndxNXhWQnhIYlVuc3dDd1VuRTJEdmVvWkNCOU9ieDlMX1lMbTR6UTRkM3RubEthaHdfVmZ4Ykw3VXluZDh0Nk9TSThtZEtVNG1vbXAyZlZ2OXhaTENUSTFsc0RXSzV2aFZxZldhdmo5MnhDVjBSM3FjSVE?oc=5,WUSA9,2026-08-28,positive
Washington Metropolitan Area Transit Authority,Why Trump's Strait of Hormuz blockade may affect DC public transportation - USA Today,https://news.google.com/rss/articles/CBMixAFBVV95cUxQUW5pcFBLN2VDY3lnb3kzblduUC15S1BzSnlFM0VzT3M5NkhoYWI3d2ZLODAwdUxvampvcGN5dXZsTWFhYkl3UVk5SjY5N0dyaktpb1ZUTkk2NGhxOEVmYWwtRlFBM1BjSnBlcFY2UnV2SDNZNl9wQmdZTDBQM01YclR5cjVDRG1LcGw4T01DSEIxeFhiVkVtOThpZXFVMjE5TFVBR0xRd1NxUVZTbXY1VG90enBNal9mblRHdWNUZmY5WHd6?oc=5,USA Today,2026-08-28,neutral
Washington Metropolitan Area Transit Authority,"On March 27, 1976, the Metro rail system made its first trip in Washington, D.C. Over the next 50 years, it clocked more than 7 billion additional trips, according to the Washington Metropolitan Area Transit Authority. See photos from over the years: - facebook.com",https://news.google.com/rss/articles/CBMi3AFBVV95cUxPQml3MjE3TWpmQ0RPMmhRTzVLZi1qNzFmMUdYTDBIMnlwR1RLRnpLOUtOanlycGZFNERWS3BPa1U1UW5OMDFIVUJBQ1loUFlDR3NKTWdXNU82clJrNmRydTQ3REQxeTY3cnRRUnBCRGdhUTNBM3BfbUlOVHN0dU9SSlNUQUFlRzFlMF8wNHZUX1ZlbWNneXVIek11b1ZZdHRlLU04RzdSRjR3ZUxDdnN4VU5QWEU3VDFVaW5jeHR0bDJCcVBFRVJVekRRck55RGF1V3Mtc1hNV3Z4cm5o?oc=5,facebook.com,2026-08-28,neutral
Washington Metropolitan Area Transit Authority,MARTA board announces three finalists for CEO position - SaportaReport,https://news.google.com/rss/articles/CBMisgFBVV95cUxQdnM1U3hrN0QwZFNEZXhqYzVGMFpNMXp1UGFGSjhVVVQxWTRnU3BfQXR1VUN6ZWhNVEZtM1dMcmE0QUFnWFI0bUMzSHZ4dktpQzctMXNBUl9tX1FrbThUeU1mSGZYOXJMRnJKU09kck9iRzFsVXhyT2t2QWRjUEZXMTFZSjljbFZ0ZzRvU1hnMnB4bzRELVFkLVplZWh2UGI4djhKYXU2UEc2dmRHc2NJWlBB?oc=5,SaportaReport,2026-08-28,neutral
Washington Metropolitan Area Transit Authority,"Washington Spirit, Metro Agree to Partnership that Promotes Taking Transit to Games - Washington Spirit",https://news.google.com/rss/articles/CBMixwFBVV95cUxNcjNNSVNJNmY4aThrZm44WFQ0a0tJN3o4V3kyUDJfbEFTdXNnOTljRnYyd0xwMmVkR2V2bnNSLTRJcU5JY29Bb2ptZ0plWlNIcTBFek9xa2V0T29BazhmRjBDVnUwdlEwMVo5R2RJR0xUN0cySDh1dUkzWnBHRzlDMHVjX29iUWFoSUZJTEs2bUFqeU8zUFBPNVllRC1jTF9lc2o5b0ZvMUhpcGRnZkl3QXRtZmxvYk1xdWh4dzJDb2tQX2NLZVo4?oc=5,Washington Spirit,2026-08-28,positive
Washington Metropolitan Area Transit Authority,"Data Helps Washington, D.C., Transit Fine-tune Its Service - GovTech",https://news.google.com/rss/articles/CBMimgFBVV95cUxNUU5LVnkzVW5XeUd3bFc3TnZiLTZHRFo2eGdhS0hhU3FPUUUyR1JLRkFYQmphX25aQWxKZlhLeHFubndiRWpDa3NaRFpwVzl4dGt2WHBjakF2SUpzQkE4b2dRUVdZV3JhdFh4N2Z6QUhOcVlWeU5IMXJEQ2liNzZweW5VSENRaXIyWG1nLVlXblNha1VWTUQ4SDhB?oc=5,GovTech,2026-08-28,positive
Washington Metropolitan Area Transit Authority,How This McCourt Grad Helps Keep Metro Moving - McCourt School of Public Policy - Georgetown University,https://news.google.com/rss/articles/CBMiigFBVV95cUxQOVQ1NGtwQ0NnZVlQcVRfQ0JuODNRRUpsSVlVbEpVeWY5ZU54R3pnS3VsMzBLYTRiOUFMMlZsTDh4cC1tekpDQ3BkSXFrMnNZSUFsVFotTlBWNVFKYVg3SFFwVEtJNUtRNkFHSFpBb01vb2poRDhDY0hLZVFmbGxCVUhGWlpzWFBSZEE?oc=5,McCourt School of Public Policy - Georgetown University,2026-08-28,positive
Washington Metropolitan Area Transit Authority,Indra Group to Equip the Entire Washington D.C. Subway Network With an Advanced Customer Terminal System - Yahoo Finance,https://news.google.com/rss/articles/CBMinAFBVV95cUxPZFlWblY5MVZYZ1FPUFVCRmJTMzJPbC03a2xFT3l5TFpWNko2dE1BTTZGNEFtZWd1LWp5NlBLY2pYb0N5bEhhcE5SZkRsMzZNX1hoNFQxcGJfSzFVU2pwOTFJYXRQMk5BWlVqc3loVUNmbXZIb1J1SGw4aURRc1dsVXlxbW1fb2t3VHNtbUxrT21vMFcyRlpQQXRvYnI?oc=5,Yahoo Finance,2026-08-28,positive
Washington Metropolitan Area Transit Authority,Opinion | What is undermining the recovery of D.C. transit - The Washington Post,https://news.google.com/rss/articles/CBMitAFBVV95cUxNbHQxNjA5bnk3Nm5nY3l4dE9URC01dFZUU0drOEd2REhWWTVUa044dmp6NkhSUl8xYk9EUVQ3VWFLNDRvYnlpUnlReUhKZG9lRngxWnFoQVlydVBqTWdpakc2dE5yZ0FpdmNVb3FOeTBzcHlTaUVFVDNaQ2N3azZGVmVRYTZ2T2F6UUtzaHROT1M3OEp6QUZIR2ZuakdYaWJYZkpRSzVNcHBjV0J1U01YcWFyMFo?oc=5,The Washington Post,2026-08-28,negative
Washington Metropolitan Area Transit Authority,"Washington Metropolitan Area Transit Authority Continues with Phase 2 of the Bus Shelter Replacement Work at Shady Grove East Metrorail Station in Rockville - Montgomery County, MD (.gov)",https://news.google.com/rss/articles/CBMiiAFBVV95cUxPUDlBcHZrb0FsUndCTi05NHp1S0wzbGo2SmZrRmJ2aFdiNktoWTd3YU1CR0h2SW9QcDZoWVBCYjhqU2F0LUVYZnhKekV2bENxdG9BcF9sSjlWVW9ibWkzbGJnSnd3WGEtaERNeWM2ZHRla3E0WmxuQnZET1RzNmFpY0NTdWVFXzhX?oc=5,"Montgomery County, MD (.gov)",2026-08-28,neutral
Washington Metropolitan Area Transit Authority,Metro says it's so hot that trains must go slower - WUSA9,https://news.google.com/rss/articles/CBMiywFBVV95cUxNVGJGb3lUNmFFSTJHNTk5NXloTGpFY3JxRHpyOFhxTG5oVEJLTWdiWWJpbUZBSnI0Q24wUnNyUVpmQXktX01oYWJiNzJHWTV2d0stcG56WlhNSGxzWVAwTHlrSFJHQmxqMGdNdHNjM1A1UEJRYTRiOU1WMTFpQ3h5Ti1hMUZnMlpRYXN4cDdWN1dJanhLWXlSdERNeGs0akdKOGluQ2w3SDV1WWlFMVBqUkJ3MTNQa1JMdXp1NjdjaG05Vnl3MlV2elV2VQ?oc=5,WUSA9,2026-08-28,neutral
Washington Metropolitan Area Transit Authority,"Metro’s original railcar is on display, orange carpet and all - The Washington Post",https://news.google.com/rss/articles/CBMiugFBVV95cUxNZTl5ZXZYRk9RZ2QxWXE2TGdEcXQzbkZhTVQ4bWNVSWcxWEVUb3lxYkVKeTVzaWZYZzVqeHJEQzdoM2RDMTRtc1VqNTJqdDc2NWwtTVV3eGV0elBUazRETm95S0NMUlpfdGlHaThVM1FIU3lSbG5FbWJEZlNCVENsUEZZLUdNMVFSbDd5bFhVTFZrcnQ4ZGltX1p0d1ktNlVVTlJoWDNxN1lsWkpycG9YeTJlanVOdHYyb2c?oc=5,The Washington Post,2026-08-28,positive
Washington Metropolitan Area Transit Authority,"Fearing violence, some Metro bus drivers are bucking order to announce fare - The Washington Post",https://news.google.com/rss/articles/CBMiwAFBVV95cUxPbk95X25fZUY1N3RCaFdldlJzYmU1RHJuVU54QzNwLVF0YkY1cWR5b3BDbF95SmNIaXpvcGdYNUZxMjBLakQ5bWhsX2kxWXpwVy1OLVVaMDJ0NU10ZUVjQzZlQWdtOVB5WWJKTFAwRzRwTFNKMnlMdGZYZkVLc2JyWmNjM01kSUFNLVMzVnRVVVBlSnhtOHY3ejl0ZW5zMlZGaGppM0NSb3Z3UG96UF9fXzdWM0VSdXlkWDgwSUh4dC0?oc=5,The Washington Post,2026-08-28,negative
Washington Metropolitan Area Transit Authority,"Red Line delays caused by water intrusion, WMATA says - WUSA9",https://news.google.com/rss/articles/CBMi2gFBVV95cUxOM3lpQlg2ZEg4akhNQVdaV2dBS2F6dXhWTWl6dERmQUdYOFNUNWdxS2doWnNnU01MTDdCMF8yNkdVREt0eksxVm9Qb1ZMYWpMX0VSVEh0TElrOHNwTnNuelNkVDFFQ3ZKaGlRLTZ4SzJkdV9fU2F2ZU1VOEpLOG10Nzlob0VZcGpfeVVPVGFCaC1kR0xENVFaRnlUVk9TZ01LeGdGaXFmcjhqMXpMUEZyR2tGb0tUTnJJZF92OENLSzZpbXJQRW04eVhnWFdMdS1rYmpxeXliT1Yydw?oc=5,WUSA9,2026-08-28,neutral
Washington Metropolitan Area Transit Authority,11 injured after WMATA work vehicle hits Metro train - WUSA9,https://news.google.com/rss/articles/CBMi5gFBVV95cUxOMXhxMTZ0UDhieFFjaGhKUVVlMDRwZjQzWVZUZVhDd1JhQU1ibDk5WHFmSkdUNnQxNjBaQlhvNjQxaFNUVGlEZ1A5ZzRZZDZHZThNbEVUQW5QeUNqOUNFNkk0cGZERGtzdUtrR0dLYnM2Z09rSk91OU1seUU5Tm4xekNzRFN0WUs5ajBSOGhlN0hBdEJxdmNJa2loUWkyMU9GQVJZSVMwRUhsV1pKcFkxQkZtYzVzZzVDbWRsRXM1ZEc4c0h0Vmd2UGE2dC1QeFJINWotWjdQdHRObThIYkY0T21zSmRQQQ?oc=5,WUSA9,2026-08-28,negative
Washington Metropolitan Area Transit Authority,Metro cracking down on fare evasion after 70% of bus riders skip payment - WJLA,https://news.google.com/rss/articles/CBMiuAJBVV95cUxOWXRmd1FCNEI2UDRkZDJTWkRvbjZweWYtU2pNUFAydkdtVmNXb1ljbmxHZ1p4WUg1OElUTy01QTNKRHhNbWw1VVM5QTVvYlY2UlRrSHFpdF9GdVdVdGxpOHZGd19IUkl3RHFMdmphdUU1N0J5MXNiUTB3S2pvVEhDWUVrbGQ2SG9BVy11TXhRSDcwdVNnYUFlbnNLWHVXVHFETjRReWFNelotTVBrUncweDBrNm5HejBkZy1pUHVVeGw2aVhSOGtoX3N3TFhZSGVEcW82aTBkZHNXTWItamxNWUVMVHNiVzNMR3NNWXFvOFZpLS1WZFFkSFIyZ0NPRHdhX1l2YkYxcXo1VUYtdS1hdURoclpCdXNFT0drQnloSk5UWmNlNmRESkdFOW9sR25CaDdNU1QwZlE?oc=5,WJLA,2026-08-28,neutral
Washington Metropolitan Area Transit Authority,WMATA to vote on budget plan that includes Red Line automation - FOX 5 DC,https://news.google.com/rss/articles/CBMihgFBVV95cUxNUEVVMXZ0bENRSVdEamI3azh1U2dGRC04aWpWb0hhUWgzdG1EV1VVQ3BfTFowRE9feGhjX0FwZXpheF9vRlZHRzRWRy0wY1J0YThRSnNsMy1HcVdzLTVIYUtfRHlWQTZBMlBXaklDTlByaHlzOFdrN2otbjdfS293Ml9lOHNaQdIBiwFBVV95cUxNUktDZ3dIdFFmYk4yMDBYREl0UFJjem03YnRjWnlPRkhjNDY2YVh3dHhOdU80Z1V3OXNkZ3Jvb2Z3TXFqTEhJbFY5Y3FWVXc2TFdmU3JmVHd3c0NyUXJfN0I2bnFnOHVHT1R5OU12R1JheHlSVnZseENOaVdIeHczZEk2LTNyUUZFbXNv?oc=5,FOX 5 DC,2026-08-28,neutral
Washington Metropolitan Area Transit Authority,"Mayor Bowser Celebrates More Than a Decade of Delivering Free Rides to Students Across DC, Marks New Milestone of 450,000 Kids Ride Free Cards Distributed | mayormb - Executive Office of the Mayor (.gov)",https://news.google.com/rss/articles/CBMitgFBVV95cUxNc0R0TDAwWkJmdGFvZmgtR3dBeVp5UGVrcXdvYjV1Q2tteEtBUHlVaGtNS3BHSXpLQThTV3A4dl9XUmlRT0J3LXVPMU03N1lQNi1uVnR4YUxuTUlYcUJXTHc2V2ZRcTRmWGtGZXBDRGNoZmdnMm1GTlVsZmxnNGU4VFVidWx3SlVnbnNzYUZ4dG5YVDBObGFKMTQwVWU4RE1HSUxpVHZEaHRuaEFqbTYydnBGRnlPUQ?oc=5,Executive Office of the Mayor (.gov),2026-08-28,positive
Washington Metropolitan Area Transit Authority,"WMATA engages Indra Group for customer terminal, ticket vending machine upgrade - Mass Transit",https://news.google.com/rss/articles/CBMijwJBVV95cUxQaFJ1MjlFRTJWSEh1MUI3d1YyT0tVemp5c3ZsNV9oWlBMSHMzUDgwTUdRaVpaUS0xMlVHdm56V18taHd2MWFpbnBCUURaX0NOVkVlcXJSZ2xDSW1jdkhJcVdKNkdPdFdwVHA3NlpSOENhVFVJZzhvaVlGOW9nWmZFUFpDNHNIa1NwYzNIVllxTHZWLUg4WFJ4TFZEYVA4clB2SF9HXzZyQ0ZrZ0RBN2ZQV1BXSHRYbF94RjJJVXBPMjVOVDY4TkZGRjhCekgxcWtEM0l2cnVpdm9WOTZhQ0laX2NSVy1LeHN2MTBsd24za0Y4UmdZcTZ6MkUzU1dMdlAyT0xRanpsSkR4bW11WDNF?oc=5,Mass Transit,2026-08-28,positive
Washington Metropolitan Area Transit Authority,"Rail News - WMATA's FY27 budget to support rail service, Red Line changes. For Railroad Career Professionals - Progressive Railroading",https://news.google.com/rss/articles/CBMiwwFBVV95cUxNM1NEeHVfUUZ2NkswWVJuN0xsOHVYcXJEUjliSTA3QzdlaS04eHVIbnU5X0YtdGtvWVVnQjRZYjF1d2ZEQklZNVVoQVl5d1k3MFlHbGNqRFVXckEtbDVyUS1iUVdjRm5BU3VEM2pmNE93dEhyUURWaUR5WnhOUnp5bWU4bVZwNUJWdnRDc3lHTjhNRVhmLW9lN3NDOUJhZUVOVWxNMThLMmNiZDNJR0o0NDF5QjdoZHRTVFVtYVM2ajF3VTA?oc=5,Progressive Railroading,2026-08-28,positive
Washington Metropolitan Area Transit Authority,WMATA Introduces Priority Seating Reminder Pilot for Metro Riders - Metro Magazine,https://news.google.com/rss/articles/CBMiowFBVV95cUxQX0JyQkZuQ3VtQ1lHN29WRm5OOTJobGR0c2J0dlk3a0JzLVZ4TXNTMlZJXzQ1N09OU0NVWW41M3VyVFBTN0xvN1k0ZkI3QU5DMkpMZWp4Y2FZUFhCQVMwcG1JaFVIYUJJLVVlR3dOclZhbXNqT2dXVEwzVmQ5dTFoMWVXTVZUTHk1SDZTNjd1TnJjV2pDV1FpUVFkenVlcWVPUkc4?oc=5,Metro Magazine,2026-08-28,neutral
Washington Metropolitan Area Transit Authority,WMATA Proposes Revised FY2027 Budget as System Marks 50 Years of Service - Metro Magazine,https://news.google.com/rss/articles/CBMirAFBVV95cUxPTHlJazhuenZ6czNRTTE5WUdVd3M1Y05nREV3S2hrOXFWdVp0eTlraldhcExqXzJVU2ZZTG5Rck5sMGl6dTR2RHRRZWgyc0drYkViMzNoTUxxZXJLWVllT0g3UVRGaGExZzJtMzA0dlhsYUZVYzdQS1hnakJOUnRsOFNsQlFMemttZ2stX3hSb0lHU2Z2RjJRalE0cHY0cVVYRjd2dDhUc01ybUNO?oc=5,Metro Magazine,2026-08-28,neutral
Washington Metropolitan Area Transit Authority,How Metro is preparing for this weekend's winter storm - NBC4 Washington,https://news.google.com/rss/articles/CBMipgFBVV95cUxON0VrZVFsdTZxUzNtMnl5NDk5UWZnNDRZaGpqYU5iWTlhd1dHQ0FhMGRUYWhMM09GS3RUOFowWmdQUlVtaTRTOV9ydkV0MF9zNEpJNW12WkdJMTNLb21KNmQzMGZYWU9qVUt2ODdGRW5Ia3RDNXlnZXJCdTVNYTEybEIwU1ZCWldhdTNLaHZiYmdGa21ZaWdxa3ZwODFwdlhVa0x5TXRB0gGuAUFVX3lxTE9pRmJOTjRUbGZ5X0FicF9laVhwVEJGSTNncTQ4RlhueDdEYWZZcGVNa0h5LXVObnNBSTlmRmNjNWd0UVdrMnJEalo4YjhDb2ZRMkJBQjBEU18yVWxOOXhpRHdEdFRVS2Rnc0g1Sk8xS0xuRmM3aXhYWGExWktVb1lmaVBPZVhmQW9qYm41ZEFwQS1JODJHWXFmQ0ZwX2xKUlFfZWVIck1jZFpLX0UxUQ?oc=5,NBC4 Washington,2026-08-28,neutral
Washington Metropolitan Area Transit Authority,MARTA names 3 finalists in search for agency's next general manager and CEO - CBS News,https://news.google.com/rss/articles/CBMisgFBVV95cUxPNEI4bklYYk50a3VTbW4xS1hZZElfcWUwdHRnQmpkME5DbWtNbnViZ1pldldPejFWQ2MzODNmdTM3YW9mVzNDb0hQVUlLRFhieXg4Yjh3cWotVk5zVVVnWGNBb1BhY2I5b3lUX2V0RjZRTTRJcTV2TDgwd1llLW9BSDF1czAwQ0tfbjd5a21BT1B4TGpfX0pXekhQSUFWZ2hLT0hOY3Qxa083d01hNUtvSGZ3?oc=5,CBS News,2026-08-28,neutral
Washington Metropolitan Area Transit Authority,WMATA fare enforcement policy raises safety concerns among bus drivers’ union - WUSA9,https://news.google.com/rss/articles/CBMimwJBVV95cUxQWUhBYjR3SVIxOUlaVFNOLWhJV0RYX0c3aFlocUpNSzFCbUxrZWM0MnZGcGpVck1CTHViRmI3QUFWNXYtWHZ0ajZnZ3dXODhhRDdWdlBwMkhEMDQxdVVCUjIxT1ZHV2xtcmkwWDBCd0FWMUtHRmd4VHdsSklVWEYtV2dOLUVfd09CWl9uWnV6cG1yRzNfaTJvV2pWSlRtQXUydXdlV2FxR2g4MVJ5LW53czAyMHF1bWkxRDZyTDUxS3ROanNDTW9XaVlSMlQ1MjFQNXF1cW9pX1VraTd2R1N0dWU0VXhTOHhGWXAzbG1DTERBb0RDcmlRNGhMV1RIZ0NVN1kyQ1lHV216b2daRk12TGpHNmNtSkZId3Zz?oc=5,WUSA9,2026-08-28,positive
Washington Metropolitan Area Transit Authority,"Months after ending the DC Streetcar, leaders are considering a new transit line along H Street to get fans to RFK Stadium - WUSA9",https://news.google.com/rss/articles/CBMiwgFBVV95cUxNRE1HTTAxUzZRNTdDQzhBMUNHdWdnZUczZjZkeHBvMktlVFdHWkZvSW5QU2xwX1lkN3BmenNUQ3JyY0xYbDJ1Wk8zdnhSOVpxLWNuNEUxb0ktTG9HTk1Bckd1eXdXTEtMVGRvcWd5TzVVbXBleFVvYjEzN182QTlNOGZnYm5tcFN4MkpSQ2kxQ3MyUHRrMDloV0IxOTNSZ0JxMGdXUVRJbEVrd2FQS0stWUwtZWpMcmpQXzBmMHFQYTlyQQ?oc=5,WUSA9,2026-08-28,neutral
Washington Metropolitan Area Transit Authority,Transportation officials face pressure to get DC's transit system ready for the new RFK stadium site - WUSA9,https://news.google.com/rss/articles/CBMiiwJBVV95cUxQRFg5OFV0NXczVXpfNDk1OWtHbHc2STd4YVZDa2xZVlZTa3RJU3hIN0FnVEhPa2lHbVpFRlFlTjliekVwMGltSV9ZdmItQkRYMFloLXNtSC1YaFI5aGx3OHhIbHVqQkdjcW5pTkxRMDlNZXBjQkFSTEktckFOeVMwYm1US2RyTVVCNnp6WlRjOEhNZm4yeW5SVmpFN3VVejZkZUJMODZ6YzZlWXpSZ29pd3B1dWRneG1aZl85YW51aFl3Nng0cEloVWs3dFNKZHFUOTJWQTA1OWVqZXFCUF81djlLcU9RNTUtMlBsU19vOEZ6cXJSY1BoN3M2bUtueXZncmxla05GNWt5QjA?oc=5,WUSA9,2026-08-28,neutral
Washington Metropolitan Area Transit Authority,"Red Line trains to single-track between Dupont Circle, Van Ness THIS weekend - WJLA",https://news.google.com/rss/articles/CBMipgFBVV95cUxQTDFWQ1BvbEs2SGJnY0wzMTRpN0Rhb2FKc3VJbk0wbmt5elp6VzI3Zk9tYXJaSlhGWlVMUXhfaHN2OTU5SGpzZUNkRVpoTkM4UWpNWXRLaFpyWFNZWUJwYmRYUHdTSC1ybTBGNmNEai1aMGlfS2FoellUWDIzMndEMGRuNndCd01VeVFvWW1mVmV2b2syVHJGMXR6VHVqcHl3alluYkdR?oc=5,WJLA,2026-08-28,neutral
Washington Metropolitan Area Transit Authority,Metro to stay open late Sunday for White House UFC fight - WUSA9,https://news.google.com/rss/articles/CBMihwJBVV95cUxPS2tOVUh1eEw2VmJNc1pYd0xrRlZLN3pmTnY4b3Q1NnAwUXNLWFEzTWp5TVRVN1pwaVU1OXRyZWdZdzlULUlQT2pBNllLeHA2RTVpX3ByVmhpdnQtZXhoRXhTRWliZlVXeGNGRGExVnNMa1ZBX1hFbnRNbzI0eFNCVHlLUXFpSVJ5aXhDTjQyR1I0VG45c0tFb3J2cU5la2p0eWJaRGNMZHBaV3dEX2RJaFlsSkFPSm1Hbnp5VjYxQ01xT0wtNUFhRGhfMGxDN0hhTDlQU2ZIc1dfekgtcDIxLUNJQVNWNThac0xVb3BKQkl6dkktRXNhN3pHQXFQRVJtVnVsYXVQcw?oc=5,WUSA9,2026-08-28,negative
Washington Metropolitan Area Transit Authority,DC Metrorail to move ahead with plan for full automation of Red Line - trains.com,https://news.google.com/rss/articles/CBMivAFBVV95cUxPNVRoVzJFcmxyYi1XU2pZaTJqVmFMY0Fad1ZuUzhYbUVYRFgyY0FUWmpsVkVoMHEyaTRLdXl3SHNpZ2kycnFiNHk3OU0xem1nWVBWZXBjODg0RVh0ay1rYVU4bjRiNENzXzRXWTJoVzdDai1pZzJuSHJhdklrank1eUNzeGQzZTJKLUh4b0hYTlNZLVhIaVR1NUxDOHFLOEFzczZqcFQyaFpEVDNxTGdRc0phSUNmSWhuZUUzbA?oc=5,trains.com,2026-08-28,neutral
Washington Metropolitan Area Transit Authority,"11 injured after work vehicle hits stopped metro train in Washington, D.C. - Xinhua",https://news.google.com/rss/articles/CBMijgFBVV95cUxONVJ5WGtlYVhhSkozZXB1UGRnc1FBSGdqeHJlU0xpQ1FpODNwQ3RfT0drVDhSYzgxTE9xQ0JKMlFQUUhRRk10MjBoQS1iYUNWdktfVjVjMGdFc3c4amFCYmJ3LThfTWJoRW4xYkc4U0h4R0IzTFg4ckJ5RjFRM0VIcy1HT3FXdHMyM20wd0JB?oc=5,Xinhua,2026-08-28,negative
Washington Metropolitan Area Transit Authority,"WMATA Delivers $120M in Savings, Record Ridership in FY2025 - Metro Magazine",https://news.google.com/rss/articles/CBMimAFBVV95cUxNNTJLUVp3b1ByRkI5XzdMdDY1QlhxQnFuVXZvSXFIOEp6UVpiY1VGeWMwTmdUTGx4TTFFQ21EWllGVFVqZmZreUJjTXp0emJCdHdYdHMtT09mWnp4c2xBNzlnUlhrdy1vckZvalp5SFA0RG55d3NBdjk5S202a0ZBQU1tTGYyMEwyYVAzd01mYXV2Uk00aVFNMA?oc=5,Metro Magazine,2026-08-28,neutral
Washington Metropolitan Area Transit Authority,WMATA releases list of major disruptions to Metro lines in 2027 - WUSA9,https://news.google.com/rss/articles/CBMixwFBVV95cUxOUEdtemJkdlhkeU1vbTJkRm05VWdRZWpCZ1ZDTmZKamZDRTFFV09DZXRvNFVfbG13dXljeDRvWk43bVdSY0lPRE5CelE5ak40NzN4RmNxSXFqOEhqNkF0eXd5YTFhSnVvcFYtVml1Z0xtUExJZmlkbFk3UW1xOGtMNHJ0UUk3UWxaM0s3SEkwV3c4Y25ETGh1eGstSDJNUzRjWVVSbVg3WndScmc4U0xTUHduTzhZNEVpVkpUT2lIamRCbkNFNmxv?oc=5,WUSA9,2026-08-28,negative
Washington Metropolitan Area Transit Authority,"Metro’s Blue Line, Silver Line partially shut down this weekend - WUSA9",https://news.google.com/rss/articles/CBMiwwFBVV95cUxQSXJubVVXemJITEQzTWlqWWFJdVRCV09xRFhtQWlJOTRibUw3cm90c3ExRjE3cWY2alVwQTdjWjhrSW9nTklyanY5ckJ5bEk1am9jcUlGb2RobUtVd2M3RXB1LWlQanZLaHRpODdpMFFPM3JQNFR5a3JQYThhX1hCUksyTHZKT3pVSHllNHNudnllTGJSenozcG1JQ1FvLVJJZ2NjamtFME9qSEF3OEFDOU1ZbXNpT012YVRnMEY4ZlpCNzA?oc=5,WUSA9,2026-08-28,neutral
Washington Metropolitan Area Transit Authority,Metro Red Line trains return to normal after day of delays - WUSA9,https://news.google.com/rss/articles/CBMiywFBVV95cUxPeUc0dEV1T2FBM3NGTFRfbUlUZDFuWW43aUNNdTR6alRQNHN6MmQ0QWUxWF90Rkc2bEh3bHV4NnlpdHRFbVVzenpEZ0VHcTlOV1VMLW11MFdmVUNEdnpidTRCZkI1eG5EdmlhUzJkZUxjU2RDOW43OFZ2a1pYcVV5OG1RZmt2U1JmdEtZS0lSeXgweEVXOWNwY21OX0tGVW1fNUFiakRlZ3BmTHpJX0o5Uk5iOGhWc0RYeGNKelZKcURqSE9ibFNBR0NNOA?oc=5,WUSA9,2026-08-28,neutral
Washington Metropolitan Area Transit Authority,Why is PETA suing DC Metro General Manager Randy Clarke? - WUSA9,https://news.google.com/rss/articles/CBMiyAFBVV95cUxORFl2UW8xT0xBaGs2ZlNlNE13Z3hqRmdtZzdFdFhOeXhZREN1dkh0WlRCZE9yczUzNm1nRTVYTXJMTGh3SmRwNmd5blBNRF80VnZqOFh0aDdwbVpjYUk3cnBJcVo0UE5UTHNGRHI1ZXdwdUZ3blZScFBZZTZmQ2hoSWkwMWh0S004ZXdxdXJBQlZwY0U2eTIwR002RkVucjZ0WkFnZ3hpUWZFaFNRYUs5QW9yZ2toNFUwNk5TQUNaODRhcFN5X182cw?oc=5,WUSA9,2026-08-28,negative
Washington Metropolitan Area Transit Authority,Cherry blossom-themed Smart Trip cards on sale at 7 Metrorail stations - Washington Times,https://news.google.com/rss/articles/CBMitAFBVV95cUxPQmVSQmlJZHpUOFV0ZHd0Vk1FNXZtckluaUM5Vy1yUkZmYW9ZSHJYQk5KZnFzUkNaSlVVZi1JTnByYThMSHNoRkd5LXNtRGFhVEVSclF0eXRRb2hkLXU3SUVtZmZiQXcxaV9IRV9UUm5EWE11VmZHMk9BSTNCbDVMbFFwbVl6Z1lEQ3NBQ0VTUzRKRjZpNmpfZDBSdjdUOHFEMjQ1bnk5ejZSa1pBaDUwXzdudEQ?oc=5,Washington Times,2026-08-28,positive
Washington Metropolitan Area Transit Authority,Red Line Shutdown: What commuters need to know for Summer 2026 - WUSA9,https://news.google.com/rss/articles/CBMi4wFBVV95cUxQemlCdzR3bFpiZzl4NmdNaDBEVTdDYUdYNjNEeFYwcFNPQk1Meko1Q0FPT19BSmlMZXl2M0lia2I2dHBMOURvQ3BBTGoyU3RNWHBzMWlJZGZXdEFnMHBTZks5UXlRTVBaRHF4cUZXa1Q3NUxNRlJqd040a09fM29vOTBJRG1CX0IySld6RTdackVST05tZVdZcjFJYldUU1d0MHhpdl80d1hoSnV2RjF0WURsQ2VncWt5ZFBBY0ZWeTV0Q0xRRkF3bFhkenZkbVZURS1fVlhlb2NObmZReF9mcFNLTQ?oc=5,WUSA9,2026-08-28,neutral
Washington Metropolitan Area Transit Authority,"A work vehicle hits a stopped Washington Metro train, leaving 11 people with minor injuries - The Washington Post",https://news.google.com/rss/articles/CBMiywFBVV95cUxPWU1xUnF0Yjl0cXJtMlZzeGF6WWFMX2loZ3VtcUpGVjl1Y3E2ZlMyMGxEOVVtdEhmbHV2M3dFV3ZBM1ZucEhDNnV4TlIxTEpVS3FQSzF2TUtpbEVwOHNiUm54cXd0MW9uOG1aajd3SU5LdXRxeDJMRENmdHBqb1Y5bERpZEZSbkdUS2xOWS1SR21aTWFRWDhTd1BtWGlzWlNCczhLQ3dERjhPZnNRb1hQb0lrdE55MGJVQmNnTTNvb1dNNTJPX0x6Zy1MQQ?oc=5,The Washington Post,2026-08-28,negative
Washington Metropolitan Area Transit Authority,Crowell & Moring Relocates D.C. Office to Newly Redeveloped Space In Penn Quarter - Crowell & Moring LLP,https://news.google.com/rss/articles/CBMixgFBVV95cUxNLTI1bzVOQlFlSk84YnJZR0JTVlVrY2ZZUnFUZU9OTmh5M0dScnRZTWFQbUwzeWVmX1AxNmJmaWdOZS1WTUl5N0hBT1Bnd0E2bEM5cy0wYnB0RmtwS1Atc09lcGFNN1ZYRk9IdXliS19xdjFaZm1RN1ZnOWR0am9pUEs2M0h6Z25Sem52VGtaTWFDMEJybmthRDcxaEtyVGxCX3VLeWtKSjRvUEVnS3dFcGU1MnRyeWNRUjY4WGFhOFIwLTdtd1E?oc=5,Crowell & Moring LLP,2026-08-28,neutral
Washington Metropolitan Area Transit Authority,"WMATA Adopts FY2027 Budget, Boosts Service Without Raising Fares - Metro Magazine",https://news.google.com/rss/articles/CBMioAFBVV95cUxNUFNIcWpXUkFzaGRBOEFMa0J5dXlVRHFfQUx3QzdINVRkOGpnQnA5aWVHWFVQMWNwdXpuWUt4dTV3OVBJb3FYajlySGtCWWw4SWZDTzN3aC1TeWY2d0JOSENEMXQwUm1abC1aMXhnZXBCdkx6RzN6emJ3M0R3MDU3NnBsLVg5U01aTjdoZ0ZSSG5mRy10QVFacV8wcW1rcTNH?oc=5,Metro Magazine,2026-08-28,positive
Washington Metropolitan Area Transit Authority,Foggy Bottom metro fare evasion rebounded in 2025 despite enforcement surge - The GW Hatchet,https://news.google.com/rss/articles/CBMirgFBVV95cUxPTXJTMEo2TGhnbDBoWnd3aEpUSlRCME9rVFMzUjJXLTZNZllfcUwwdjFEaENHa2RuZ2xGdXpwRF9VZm5XZDlDakh5RlczSjdid3NoN0VKbk9KbW54Y09CYmp6a2FhazFVTHBZeF9fX0dnaVNXQWxiWk1FWVdndDBWczlCWDNwbzh2aHFKS045MzA5Q3loZElYbGRMZXlESVVlcnVWTG8wYUlvZHVpR2c?oc=5,The GW Hatchet,2026-08-28,neutral
