company,title,url,source,date,sentiment
Boston T,"More parking, fewer bike lanes: City of Boston, T release new Blue Hill Avenue redesign - The Boston Globe",https://news.google.com/rss/articles/CBMiiwFBVV95cUxPN1BYSk1RTWxPY3pRVnlST213MGhCZ3hudEl2dGh3WlAyN1hsMXg0SmVueUYzOEN6MEJRUEljTV8xcFAyUDVDLTBYMGphQkJ5dldYNUN6NGRhR09UZC1WOGdkdGthcEl0eVNYQmk5NlZRbFVXQzNXSUxpVVlraGFjU1FlazZmeEFhSk9v?oc=5,The Boston Globe,2026-09-11,neutral
Boston T,Harvard Houses as T Stops - The Harvard Crimson,https://news.google.com/rss/articles/CBMifkFVX3lxTE5hczZCX2dFNFdwWllEYV9ma1lneFdUVVdfZmlxOXFDSjdRdWtZb3FhYWhaUzRmVjNQa0Jvb2VpLWpsWTB1TXZWQ0E5UFNvcUExODZRNFVjRjl4TE9tUWZWRHN2RG9naWxsUUt4NTF0R1hnV3NUdGFSMkQ5UTljQQ?oc=5,The Harvard Crimson,2026-09-11,negative
Boston T,"PREVIEW: Blue Jackets get right back at it, hosting Bruins - NHL.com",https://news.google.com/rss/articles/CBMimgFBVV95cUxQYS1CM0pZTjBNMHJKYkt3UE81WUpmZHdyLWZrOTBkQ2M4Vmg2cmlJeVhsVlRmb2diZGNheDd2TWhMLUlFYVlRY3JfeTJIbWpZbHQwdGt6dVZ3T3BjMWV3WDdacTdFS2YtVXM0bXFjX3dlWjRRV2ZoQkEtM3hNWUVldXp6alFpN1N5R3ZaQ0c4VklxN3JLSkdiQ1Jn?oc=5,NHL.com,2026-09-11,neutral
Boston T,Congress Budgeted Billions for Big Transit Projects. Trump Isn’t Spending It. - The New York Times,https://news.google.com/rss/articles/CBMieEFVX3lxTE5STTQ2LWlvSlRoNWhSSFRTYVpvUWstb1ZfUVdWZXp5Vi0zNVRJbHlZM0I4SDJBYkdmNXdzNXh5NDVUWFVOTHBuMkIxeGhIbXNIX0oyUktUZVN6aDFFUFBlLWZCTU5lZzc5THgxN3doRXVHeVZmMTN0SA?oc=5,The New York Times,2026-09-11,neutral
Boston T,LOC Boston T-03300-03379u - HistoryNet,https://news.google.com/rss/articles/CBMitgFBVV95cUxPTHd2WWtIVUhDQTYtc1l3NnZqRE5LQkNheEJON2drckVRSUo0R1hkSnVWODVBblVnWk1ZVEh6Ql9mSk5mQzI3XzhYRk0xX1dTTm9FRFpaOTdsMlIxazNSay13MGxEUHZwZHdWTUVWQlFLR05ndVBKdVN2bGVLaExaSXRjRVl2aE1sU25KbGtuZU5lMXd0TmVfNHBLdUJ1c3Q1WXFwZGV0N2lxbTJDemZzWTJXWWRGdw?oc=5,HistoryNet,2026-09-11,neutral
Boston T,Sail Boston continues: Meet the tall ships crowds were eager to board on Day 2 - NBC Boston,https://news.google.com/rss/articles/CBMigAFBVV95cUxORXpwbVBMSjlZR0NJYmEtVWNPRXpTckxDLXB1V1c3U1dzbm5GMzgyWWJXSldOd19tSmtsNDNHNjhQUW1HUE5VN1lIU2ZTdFhESEdZaEt4RGcxYnN4cmVZeUpnZUxyaUU5YlFVbjM4NE5BZENWV1BpSEZDZUxKcFV4TdIBiAFBVV95cUxNd0x5UDd5QUxJcnMteHVnRHBfNDNBelRHSklvSlBuVWhxdlNZbURzM2JEbFotREJtbTZSbWlrODU4TTBySGp2WXZNT2RXeThxaUV1YjJORTEyVWNuaWNaZ3hLcXJuZThQUVdKSHk1SVo0azlrWnFaMmx0LUdoMk5ubXVEWlN3TnB4?oc=5,NBC Boston,2026-09-11,positive
Boston T,Three MBTA bus routes to remain free through end of year - The Boston Globe,https://news.google.com/rss/articles/CBMikwFBVV95cUxQdklPRFYzXzJMQ2VpaVBmZjkzUGljQ0RmMjVXRHA4ZWM4Skc0XzBybDFDZjdZZ0lHZXZfeDFLeWZlUnFKRC11UGN5cDg0MjlsNXljVkdBUDJUNm5jVUJOeWlQYU5nTmdCUktQeGhNc0RBWkZlS0EzemxMMGtGalBTeG5oM3g1amNILWhUTEtsaG5wS00?oc=5,The Boston Globe,2026-09-11,positive
Boston T,Tartan Army toast Scotland’s World Cup return: ‘It’s a once-in-a-lifetime opportunity’ - The Guardian,https://news.google.com/rss/articles/CBMioAFBVV95cUxNdTRNckRqeFZOeTBsYTE5UUpQZEEyVkU1YnprRldadVhpc1BPckZqc0gzNUtHRGVJSjZIYkZEcEQ4N1VPQVB1NjZtcTR6Y18tempYb005YlRNbUQ5akRTSmpxS0pucmVDdmxqNHhaYWtnQjAxM3VjZ0xHWnp1Y0xfSF9sbVV2T0hZM1JLLVltVFdvZ0lacS1mS0VMUTM1TzRf?oc=5,The Guardian,2026-09-11,positive
Boston T,Unlicensed Corvette C8 Driver Blames ‘Wrong Turn’ After Getting Stuck On Train Tracks - Carscoops,https://news.google.com/rss/articles/CBMiugFBVV95cUxPN2Zid1hwelczdnNsQkdGLWhwNTNHeEpPUjM3TTRneTRMeFlhVTRaY3VFVnhMS0c0bnBEeld0LVZqOTFpWTZqSTBoY3B5UndmUkVxVTNWdXR4cTkzWjl2M0xrcjZpVF9GTVlFcDhKLUVOMWh3bVRKRGxxZk5yVkNVVjNCMEJFYmhfeU9wTnlSVy1oM3R5ZzNTVmlWNHNsem1RcGdyNHFRUlRIWExCYjlXTHM0a1JEaEFkc3c?oc=5,Carscoops,2026-09-11,negative
Boston T,"Here's why the T is so slow, according to a new report | Radio Boston - WBUR",https://news.google.com/rss/articles/CBMihAFBVV95cUxNaEhPT2Q1NUNtczlpeFFwRFJMd3A4WjI4dWhmdnBBX3NLWWZrR21UMG0wcEVENEZDWnhERGNwZS1ubzFjaDNRU0w3aFdCMXN0RTJuMlZqbUZxd3h1T3ZoVkdXVGl4RU1rd1JXVEVzeEJTaVhYTm15YjNOc2I2NEpyVE0xRms?oc=5,WBUR,2026-09-11,neutral
Boston T,Scotland fans optimistic as they arrive in Boston for World Cup - standard.co.uk,https://news.google.com/rss/articles/CBMiggFBVV95cUxQMFU2dmhLSm53MDJsc2RUMU42SWNiWU1KTng2X3hGa2hWRDFUYTk4UXlua3RLRUpUUjZZeE8tbzNRaVhscGlXOXVrakJrZFk5REFRRXJLYk1CeVNGVnZPY0UtR05DbzJsZzFlUkl1eVVObDhHeGFRT0o4djNYTmplRHln?oc=5,standard.co.uk,2026-09-11,positive
Boston T,"For T riders, the shutdown fatigue is real - WGBH",https://news.google.com/rss/articles/CBMijAFBVV95cUxPX3c0d2tHUDFMdm1sT21kdnY3SUhULUctQ3BhWXpoZWhqZC13eGR0ZUNxWnZMQkZfNUdidmE1YzhCc0Z4Um4zU1VWbVJKakc0M2FudXlJcldkV0JraGd1a1NseG45MnpoWmtGZWdDSERZak51SXhNRUR1R2VYeWtlczhMNVdjWTcteW1XUQ?oc=5,WGBH,2026-09-11,negative
Boston T,'No Kings' protest takes over Boston Common - MassLive.com,https://news.google.com/rss/articles/CBMib0FVX3lxTE1uOE9BLUxYYldoQnRodE5UVDl6dWwySnBxMjFNajNHQWh2ZFZNRzN0ckxScEViYWhSdW1VV1lhd1h3WldPNUVmNkR4enQ0QjRlVzlod2lobHFVRHRKUVAwT1VHUk1Talo2ZmRlNnR1QQ?oc=5,MassLive.com,2026-09-11,negative
Boston T,MBTA forecasts warn of big budget deficits in coming years - The Boston Globe,https://news.google.com/rss/articles/CBMiiAFBVV95cUxONmtWRzQwcU93dENMdm5YVHhfYlNWMFdUMk80Qlg0YnplbzdUM3lyTnBRYlZBck91T3B3Ti1lclV2WS1JMDFFTmMwdzZfZFdpQXNKc2xfdkZ6NElHR0h5QVROaW0ycUZ3WGV5dmRmSWhyTWN6VlhzOXJlTGtLMXB4OC1SdFRieDdQ?oc=5,The Boston Globe,2026-09-11,negative
Boston T,"How Boston T riders, drivers and bikers get around the city - WBUR",https://news.google.com/rss/articles/CBMinAFBVV95cUxPLUFLa0pEQlpnUFBiRTBrSUN6cC1jb3Iwc2NwMDlQd2pYZXQ4dHhwdXlkVUVwNzRsZ0R1Vnh3MHlKLUV2NEJUY1Jack9GVWZRbkJVWEpFeS0wMHJVZlFtc0pVUmNMZFFTZXpTd1dfdzQzRHFjSWdEcU1aUnFaYk1UOWdTZkFnT0xSRDNtb2ZReG5pRzNhMkhyU2Z0MVY?oc=5,WBUR,2026-09-11,neutral
Boston T,"When the voice of the T officiates your wedding, you’re a transit superfan - The Boston Globe",https://news.google.com/rss/articles/CBMikAFBVV95cUxOdW5EQndPa3FZdnR0RVBWLUE4VUVyeHNkclp3eE8tRm9ESjRKR3Z0RmxuQVpBaHpvRC1FQmt3ZXdHNzh0TlQ1cndxalNtYVVhcHVHcnhsOGxKc25teTRXa1RaZlJMX0hTVndqQktyWVlRMmlPR1d3LXFkekxZcUdtb0RBWFdxaFdjRGZNcG5LT2Q?oc=5,The Boston Globe,2026-09-11,neutral
Boston T,Poll: Residents say MBTA is unsafe and service isn't great either - WBUR,https://news.google.com/rss/articles/CBMieEFVX3lxTFBKM2ZpbTNEczEzOFB6QmtfbDVlaHowWGlkSDNsU3BhWGJkT3pQOWp5cG5fTDJtMHlWcWtTdVdEX0Z4dXNwd3BiNHJ5MzdMQ2pNR2piWWFCV0J2UVdjeWZrS0V0UUdVYVRvU0Nham1OVE0wb19HQmJ0aw?oc=5,WBUR,2026-09-11,negative
Boston T,Boston judge issues order protecting immigrant students who sued Trump administration over free speech - The Boston Globe,https://news.google.com/rss/articles/CBMitgFBVV95cUxQNGJ1THR4ZjMyQmpNa1gxYVR4RnlLZGZJNmhZNEJNUTY0YXFXckNPWWFSOG93eVpzck9ZWi1tcDJTNHcwOWZGX1ZZYnlkNktCSEc3ZEFORHlTcTlJOS1hYXAyT3hnY2ktSjFSU1ZKS0lnWXJFNldJejV2dEQ3UVl6WnREdkFiNVZ2ZFg3b1pFNTJsQ01ZUEZoRnhNWjZRTzlSX2lqYnV5SGMwMTBXUVJJS2FqUW1Kdw?oc=5,The Boston Globe,2026-09-11,positive
Boston T,"Trump administration cannot slash research funding at major universities, Boston-based appeals court rules - The Boston Globe",https://news.google.com/rss/articles/CBMioAFBVV95cUxOWXpid2hVWTdtZmYtZHB4NHhXTDR4SFJqRnk1YmYybUttbGlWdmV3NHhkaVlUMlpWRFluc3ZYMEFzUk1RS25BWkhTcE5DOEZwYk1TbHFBS2dFSjhSWGkxNWZSQ3JVbGJmY3k5bjlZOWJUSXo5WkliaElRSkZYS3pxX2Fka3RCZERqZFozejB1bWZBVWk1eHk0dTVKV3p0MWww?oc=5,The Boston Globe,2026-09-11,neutral
Boston T,Commentary: A breakthrough to prevent HIV shouldn’t break the bank - The Boston Globe,https://news.google.com/rss/articles/CBMioAFBVV95cUxOYzE0NzkzSlJfeDBKTHRUcVBZZHFESW1xajZoRXdGbnpwOGw3NVpJY0lzb293SHpUT3JBdnFTb2w4OGhZcUpLZGJoOEVhYkpkam9oZ3FDV3JzZDRyUDJmRGg0VDljZUtleTIwc1pybC1Vc3lGeTRBZnQ3YWhuRVRkRmdNMHpJMEV6aU1ydXdFM2tPSktnWFREQlYxSWFLQjNX?oc=5,The Boston Globe,2026-09-11,neutral
Boston T,July 4 In Boston: T Is Free After 9:30 p.m. - patch.com,https://news.google.com/rss/articles/CBMif0FVX3lxTFBMTjZ2X0dGMXNmMDZ4RDB3bEgwNm1NR1FhVnYzTGJkTzBRVmZFeDVLZkIyaEU2cFhiUUpUWFJfZlpzTTZJS0otUk43aVB0WlZfbnJWeFFQZlJJNUNwWHczb1Qxc3hPZ2MyaFpPaHJuTThQcHhQUlFKMjFrM1QwOGs?oc=5,patch.com,2026-09-11,positive
Boston T,Immigration agents raid Allston car wash and detain several workers - The Boston Globe,https://news.google.com/rss/articles/CBMihgFBVV95cUxOanBkcFJDdWgwYU5UcHBoOXhGdFVsY21jYzhsRjJzMFBKUHlSR1RzVE1mMEowMlBPNEpRT0ZMMllTODZLR285YUV2TjlrLTRtUm04SDcyc1lWbXBKVFBhSlRpTHdsVkxDRk5DRmZjZFgwSVFDMDU0Y3ZqaEw4VXJ6Ui0yUUFldw?oc=5,The Boston Globe,2026-09-11,negative
Boston T,"In Boston, All Aboard Googly-Eyed Trains (Published 2024) - The New York Times",https://news.google.com/rss/articles/CBMieEFVX3lxTE43XzlFV1dLcnhTYWxNSGJLTXZVWURHbDdpRHo4SWI3X0FiMEVZMElyZ0QzQVdoMU1WOTh5aU1GNklObmVnbXFPcXExcXpRLW9BRm10UWh1S3dtUjBDNDlVZUdmT1p2QTFtY2hQZUZUcjVtUHZ5Q0lRag?oc=5,The New York Times,2026-09-11,neutral
Boston T,Getting Around Boston: Guide to Public Transportation - tripsavvy.com,https://news.google.com/rss/articles/CBMijwFBVV95cUxQY2g5NjdMWEd5RWJfQ2p5R2V0WnVWQWROU0piUFZrVVpJenJLLV9INFdEc0RFd3pLbWtpRmtJUGw4WkMtQklRUGVnelZYZkg1LUIyVXZWMU1xQ0RQYng2ZU5CTG5LVFNHWDQ3SGZMV2tSR3pJSjM3Wnd0UEFrQlhNVzhGQWtLU3d5bUl2UVgxZw?oc=5,tripsavvy.com,2026-09-11,neutral
Boston T,How to Park on the Mass Pike and Take the T Into Boston - tripsavvy.com,https://news.google.com/rss/articles/CBMib0FVX3lxTE5SVVRXSjJBTXBTTEhEb3ZKZG10N0tPSEtBY3ZWSmlTUUkzMURfelRJaVhhdnUtUzZzVnVQT0t4TU4tbnhjMGI2QnBkRnd2QWt6VVVOR0lwWkxsTFZIT3lRMzhieTR0SjlaeExadVd5cw?oc=5,tripsavvy.com,2026-09-11,neutral
Boston T,MBTA Green Line service at Union Square reopens ahead of schedule with all slow zones lifted - WBUR,https://news.google.com/rss/articles/CBMiigFBVV95cUxPUE9mSFFEeTRFcV9ZWHdoV3pUZ3kwOU9UVnRCYjMtYS03SEhVbi1UT2FrSTI2V1VpMTc5TGNPWF9JVmthM2ozRTJadDRzdHIzdk5YSXFrTWxNTXd5dmlpT0lxSDZjNjFiU3doVTV0czZvRS0tLWkwRHFxMF8wZHhIOXphYTNXQmY1M3c?oc=5,WBUR,2026-09-11,neutral
Boston T,MBTA announces extension of late-night service from Boston to Providence - browndailyherald.com,https://news.google.com/rss/articles/CBMivgFBVV95cUxOTTk0ekNGcVlKOVl3cVFuSzlveFlJUnlYQXpKdm52SGxLN2ZWOXFTd1VvNVlXb2J3cjJhQ0NLNGxoUk1QME92ZDlfWVdtWVhuYlZmWE54NEV3X2t6NHVRMlR1TjBhRTI2TTg3b0dWXzFJUUdHMmJPRlRHUy1zSFlQUm9zbnJjajUwNkNvQ2h6X01JN2RPa0xORVNkZm5HbmdoSlNDZXNuajJBVFJRdnNZeEk5eElBMmpMSU1NRkNR?oc=5,browndailyherald.com,2026-09-11,neutral
Boston T,Quality Comes with a Fare - City Journal,https://news.google.com/rss/articles/CBMib0FVX3lxTE1mNWxFT3ZmZVFvcF9XYXdIeFVuX1Z5aEJGMmo1eUotNmdtTk5yNjJsQmFOeFBEV2VvY09sSlVOdzR5OTVEektnMXVicjJ6aV85ZURiVzhmODRpaFY5MDVZdjFKblMwOWYxZDZ3NGRSNA?oc=5,City Journal,2026-09-11,neutral
Boston T,Why Boston's Transit System Is the Best... but Still the Worst - Thrillist,https://news.google.com/rss/articles/CBMiiwFBVV95cUxQZEhsZ3Ezc1ZIVG40TFJseDhHWkVWN2dKWW5MVzhCUHFCN2VCcllrdUZmRkZ0clpheExaYWhRSTRIbUN0bUFnSnpQd05YNXhsaUk4TDA3VW12SnoxeUNTbnNkTVBpTWRxRHZUazJ1blU3RjRkOGxJZUJ1QzFqamEyWHBXWGxDSjFIQW5n?oc=5,Thrillist,2026-09-11,negative
Boston T,A Cambridge councilor's modest April Fool's proposal: Annex Boston - WBUR,https://news.google.com/rss/articles/CBMigAFBVV95cUxORkhrWG02TGUxVUxWTnhHRHF4bkRiaXh4Qm53RlpENGtTYmFOQnR4eE42TjM3V1FTZVhEUFI5M0JvN1IyVEc5ZDVFMDFBR09ReGoyMm94bnRxTjVZUjB1WUs5VXlnRzV3b0N0bTdqYlVkeURGMkhST1lWMTZESWt6VQ?oc=5,WBUR,2026-09-11,neutral
Boston T,Study: Annual Boston T Fare Evasion Costs Could Rise by More Than $30 Million Under AFC 2.0 - Metro Magazine,https://news.google.com/rss/articles/CBMitwFBVV95cUxNR2tJWUsxQ19GdURmcnRVbXhSLTBlSGE0TmR5QTBSMGxwdDhNd0NuaVRyTlI0U1Ryb3JQc05UMUx5MEZyVkVUcDdnM3A2LWpfTnh0RngyT3VRSWpZLVo5VlIwb09YTFBUTWx3dS1GdkdRWkRnaXdySkg0WjZZYXlQRnhObDhObEwzOVJ2eWdCM19ZOXZFbV9WdXpET1FtRDhkYmJNUkFadm44aUJJSkl4OFJ4TmhDNXM?oc=5,Metro Magazine,2026-09-11,neutral
Boston T,"Changemaker: Catherine Gaggioli, Books on the T co-founder - thescopeboston.org",https://news.google.com/rss/articles/CBMiqgFBVV95cUxQakNVVWxJZUhlNnY0a19GaFIyVlczV3dPLWdwVDFMZ3B0WWVRUjFnb0sxTUtiell5cVR5WHdGQ3RveDZUbkNXNnZsT0VwVEt4QjdCMDRldmJGWVExdTFhZFYwclp6R0RkTW5hS1pEU3JZc0ZFYXpNdUxSMnB3NXB6RmxoVmtRQUI3cmdXQmhLLXJSV1FKczBnODl6TVA5R2wzRl9IdFFDWklYQQ?oc=5,thescopeboston.org,2026-09-11,neutral
Boston T,Riding the T During a Heat Wave Was Awful. CTA Will Also Need to Cope With Climate Change - chi.streetsblog.org,https://news.google.com/rss/articles/CBMixgFBVV95cUxQVGFQckZ2X1hucXVYbk0zR1JGQTBXQlh3MklLV2V6UEwtLWNEM2diWEhOT1FaR0xIOHNVd196VHN4M3JLcGRPSGpKMHFlQ0ZCSTJncDA3ODNGOGhLaGhsX3dZeDJpaGtxYy10MV9TX0VNeHRtX0JzcDBXWXZMU2pHVk5iNDFyZ1FhMFIzQzJidm44aXIwSGR3RlZEMlZMdzFUZXJ1WlpxS3ljZGFRdHR2bDFlM2s4QzFvbk5xdkFzcHhqWWJka2c?oc=5,chi.streetsblog.org,2026-09-11,negative
Boston T,"I spent 4 years in the US, but now I live in the UK. Here are 6 reasons I have no regrets leaving. - Business Insider",https://news.google.com/rss/articles/CBMihAFBVV95cUxNazNoUWVOOWZva05UT3ZKNUdubGhaTzZWRVh2dXZXakE4bW1nZU5SeUFBdFpjblVpMGthbVVZa1pSUUZXS2F1UXM4bnFFRWdfWHZjdjJFNFpfREFsQkRsWEpoOUxyV25iQ255eEx1N0ZXLUN2OWdxaXByWjgzeFNSR0xJcUM?oc=5,Business Insider,2026-09-11,positive
Boston T,T Riders Can Soon Tap to Pay for Bus and Subway Fares in Boston - PaymentsJournal,https://news.google.com/rss/articles/CBMinAFBVV95cUxQM0ZESDRXZXV6ZzlDZldKMnFIT2ZoOURIOVBld0dtN1QyWWt5VktndHpDcExTU0dLTGgyZkZ0VkNjMUY0dE5xQ3FOemFkaEpqei1IT0pUS2M3MVdqREJ4d0JiSUhjNkJJcDBtWmkxbzZ6OHpGYjFjekFmbmpkbHFRN2p5c2QxX0V5SER2WlNqX1VIVUVER3k3UFQtU1fSAaIBQVVfeXFMUE9ScEF0dEtPbjR5TFNEU0F4YmdPVU1zaExJemRtNUNiSmFCVnZkdmRXa1JYQUR2RHA4M1g2QXZGdmJRcXVLN25yZTNLWnN1UzRKMTM3N0RpcnFYTjVJc2FhcW9lMjBwdkhOUDlEbGlGRmRyQVFiTjhaLWxFSHFpMlU4U18xTU5HcmFTbUdkckRSNGU1eEhGbzItMzRMYmhlNW5B?oc=5,PaymentsJournal,2026-09-11,negative
Boston T,Bridj Proposes Overnight Transit Option for Boston - Next City,https://news.google.com/rss/articles/CBMigAFBVV95cUxPX0x0ZGVyYjYwSHlVR2NXdElQWkxiUFFET2o1a0kwLU5KcC1YLUR2Vk1qdFNOaWxSTUpxaXdrdTVnVHg0U2VGVmgxUldabTNvOWhRcEliSTgxOE9KM2RreUZKdHduQlFaMXFoNUt2TDkxOWp0N0FKR2lkRG5YODFyMA?oc=5,Next City,2026-09-11,neutral
Boston T,This MBTA Map Tells You Which Are the Cheapest T Stops to Live By - Boston Magazine,https://news.google.com/rss/articles/CBMigAFBVV95cUxNcURVZmQxWVFhQ0N2Rm9WZVFkOE5tcjQ3ZkNhTHlVbEItTnBSUU1HVnl3Q0lfcndTY3Q2WVM3QU9TUi11R0hNTTVGSEtLWjNabUZXQ29UcGdCeEh3cnlzR0NacVN6YXpFeV95a0ljRzJuNktXcGREbmo3Nmh1SS1jVA?oc=5,Boston Magazine,2026-09-11,negative
Boston T,"Every T Line in Boston, Ranked From Worst to Most Acceptable (but Still Pretty Bad) - Thrillist",https://news.google.com/rss/articles/CBMinwFBVV95cUxQNHBkTzh0bzd3eGZOWXZ6RkFrOUJUMFFJR3ZqV2dFRG95X25tSEpMdWJnVTFjN1RQaldkZGN6TUxtR0kxV3BwZllGTW5CZjN2UmkySDFieUVxeTRFdXQ4UGxPeUlRSkFab1dXV2FBUnR1WEJKRnhQcHJkeUhEZnVpYlZoRXBMTmVLT1lTY3g5NkloSDM3blBTT0RyaFVUbkU?oc=5,Thrillist,2026-09-11,negative
Boston T,South Boston T Station Reopens After Man Hit By Train - CBS News,https://news.google.com/rss/articles/CBMikAFBVV95cUxNWWctY1EzS0ZNTmhlUWJOVmJxYUo5WXVoNFJCcUdMcGtzWWJFeGhXU3VScEI5RFhOUTQxY3JSUjNJOWRtcjU5THNpeVo3OGlfaW8tVzVLVTdyaE9wUnFhX3IybFBVblgxMXE0cE93cV85YW90M2tzb2trei1SN2dhZ0p1WndrcFdQdVNFT0xMOUg?oc=5,CBS News,2026-09-11,neutral
Boston T,"For the first time in decades, trains on the MBTA subway system hit 50 mph - WBUR",https://news.google.com/rss/articles/CBMiggFBVV95cUxQQ1BNZkJ1V3FNUUlEOTZTeDFvejdDazlaUFpKUEg1RmxEbjEyajJvU0JYLU95T1ZyMXBtS3R1VnVXY0JhOEdFNVg2cUZiUzNzOGFmM0hLSlctalpQYTk2akgzRGxGbS16by1vc2VOQ2JiakNzY3dYOUxfQ3ZvV2ZlemV3?oc=5,WBUR,2026-09-11,neutral
Boston T,Plan Released for South Station Rail and Bus Terminal Expansion in Boston - Planetizen,https://news.google.com/rss/articles/CBMipwFBVV95cUxNc2NrUjVzTUd5dWJyd3o3SnNnZjR4WHNpWDBZOU1TTnlGR1FRWndVbUhNeXJJVXZ0WjBKUXhVZlN6V0RUak1MMFM5ekhYZTlGaDV5c052MGlmUHlvRFJiU2J6bC03ZTlpSlhTai1TdElNUUtBbzZySHRtSUhadG1udWhILURpNGEzc2h0RVpNWHRHa3dqOXBITlZxVVI4VktpanlGRERJRQ?oc=5,Planetizen,2026-09-11,neutral
Boston T,"New ceiling debris found on Boston T station floor wasn’t concrete, says MBTA - Boston.com",https://news.google.com/rss/articles/CBMinAFBVV95cUxPbThVeF9lMTF3UUg0TGdCWkFScXRWRkZUN2ppQTlscmZZOUFteEhUX2hmMDNkY2p3azlGMzlNbEc3RTRuQnZQcmhubGFYSXNTSU5hM0U4d0xocHhEQjM3cXJ2OURna0VzZ0pySEtwdzFFVnQ1bzMxbTdheWRsUFE0UGRCMm1RSTJCYVN3UHpKSTB0d2R2ZE5UbVlVd0k?oc=5,Boston.com,2026-09-11,neutral
Boston T,"6 teens, 1 adult beat a 13-year-old at Boston T station in January, DA says - MassLive.com",https://news.google.com/rss/articles/CBMitwFBVV95cUxQbHZlcmhFazZHWVg4QTliVmZHXzcxS2w2a2oyN3A1OTZMZ24xMEk1ODlJX0QtZ1R6RmFJYWpFN0I0N0Y1Z0dvb2g0Qm1POXFDWnM3Z2RLQkNibTN3ZmtZRmVaN3lHTGhSdkRqdU1hcVJZVnVlWl9nbUtKQk96Z3FONnpvb2hlYWd0VThMUnRrVXJ2bHlHQzQ2Ry1HVHBsb2k2eW9hS1p4MVowTVVIQWNwTmdLcmk4RmfSAcsBQVVfeXFMTTdSUVl4UnVteU1sT3J5cEY5bjFnbjFtTkhtU09SRUVUSWdLbEw1Z3dyd1ozU3pDUlFCR3lEeTc3dDljMXVMVFdNOHJ3R1RtSVBaU3RTeWlUZGZ2X3lXcXFYVjRTMjYzbzc4eUQ4NjdaMEtjT0Jubk5KeFB5VmRvYW5CbzhidTY0MlBDUC1FRzNzbzFIcTJXQV93UUQ3aU55bnh1TTE5QmFIMzJNOGU2cDNIWXJzTjVuNWFEOGlReDhZOWpRaWhUbFkzdkE?oc=5,MassLive.com,2026-09-11,neutral
Boston T,Boston “travel time” map shows the T in a new way - Greater Greater Washington,https://news.google.com/rss/articles/CBMigwFBVV95cUxOcXJCay1OeEtHYk5HeUZKUGdrWlhMYjFUSy1MMGxzSWhKWXc3TENJaHJYOExNM1R3UkZKY0c2UGVzMndpQm1UMDloUFNQYVZiZDhpd1daWEc1SnZmOHdqS1NSc19kNmtDWEFBdUNQNloxSFJtb2tFQmFhbzZpbUFvZ2JtTQ?oc=5,Greater Greater Washington,2026-09-11,positive
Boston T,Metrorail is no longer the second-busiest rapid transit system in the country - D.C. Policy Center,https://news.google.com/rss/articles/CBMivwFBVV95cUxQT2xGSmIyaDRKMU9vaDVJZVBQNnRYR25hekV2OXJtaFcwWm5uTm9LXzAtZmcxLWhyRERpQkpveGc3eTN2LXQyT2Y2Z0VJU3Z5bllKVFZJMktZWDh0bEdDMUdqLU5ySmRkVHFmTnh3SE13c29GNWNtcnpfai1tT2F1WUI0U2dqS0M1R01BRUdrOXJJWUZpbWNqNUtjb3E2QnlXdWVkclJua2V5NktoWTRENUJVbzAyZklaRGdyMG1kYw?oc=5,D.C. Policy Center,2026-09-11,negative
Boston T,"Study: Boston’s T system faces severe flood threat, and soon - Boston.com",https://news.google.com/rss/articles/CBMiswFBVV95cUxNQWZjanczaWQweUUyNTZKalFLNU81ZXdmeVRmLW02dV9nT1pZVGpjZ01SOWFPbmdwY29MbW1vOU5ZbzdiT1hYY1ozYmFVWkFuempNTnlHMkFZbERtTTZDeklhRnU5WHA2a2xsZDdtdmRDU0VHaTdYSFBVbmp3SklVTE4tWjZlMENpczloQlE0S05XMkhPT1hxbWE2c1ctWVM1LThvNDZNaWJIQ1AtRVFuZVh2SQ?oc=5,Boston.com,2026-09-11,negative
Boston T,20 Things You Need to Know Before Moving to Boston - SpareFoot,https://news.google.com/rss/articles/CBMiiAFBVV95cUxPejlnR2VDUjcxc01rbDkwQW5tX28xZ1VLcTl2MmlFRXltcGQ0aEpPYzBySlhId1p1NGxBN1FOZi1fUkZIRFUwc0NKSjUwZnYwQzhQUDN4cmtzX0FNV19LbVhMZms2cEVqODIwck16WV9kcjh3M3lzc3VidUdpNDdwbTVsMVJuNGMw?oc=5,SpareFoot,2026-09-11,neutral
Boston T,Report: Rents Drop Near 105 Boston T Stops - patch.com,https://news.google.com/rss/articles/CBMihwFBVV95cUxPOEpPSHRfSjdFM1BOcW5NZWN3YzVITVg0SzFFTGlkaVczOGp3QjB5RTR5QzBLck1rX1Jmb19nYk8yT3ZsNnhzX29iR2F4dm5CUFpLSWJvSjdDT0FiUXVRaVJDUnNHZVBBU2UzWnVSQjdhV3RJVnlKT2dEejhLM0piZHFKcFlONmM?oc=5,patch.com,2026-09-11,negative
Boston T,Study suggests MBTA float ferry service expansion - Boston Herald,https://news.google.com/rss/articles/CBMilAFBVV95cUxQMjNWQnNJYWpFdXVOTDV6S0FKUm5tbnZmcU96LXdiSEJMa1I4N2hnWDJZU2xwa0VpQklXUnBzeFkxdlBsa2U3eEx1YllYUW9lUlJCQW9YSUU3c1R4WlVUd3VNQWZIVGtEOUJ6N2Y4WUhBMHI2Y0VRV2N1cGJJekQwN1Q2LWg4UnVvaWVaQnJzbTY5Ml9K?oc=5,Boston Herald,2026-09-11,neutral
Boston T,Ben Affleck Rocks Beverly-Brewed 'Believe In Boston' Shirt With J-Lo - patch.com,https://news.google.com/rss/articles/CBMinwFBVV95cUxPa0NkSGlXXzhJQThLNlRGRWYtc2FIdndWcXdYQ1Rac2FJZTNVYnN3MEp3U0FHSlRuR2EwZ1ZHTmI1Y1dwTDU2bUtvbXJiUTlUNTV3LUJNR2hpclNzZm1aRkpVNHZkblUtcHFPQ2FHNGhHaU13M2hNcklKNDZRaTF6cXo2N25jTVJuODBBbklhbkw0aWVtYThXMVJmdGpiNUU?oc=5,patch.com,2026-09-11,neutral
CTA,"Kyle T. Bickham, man fatally pushed off CTA Red Line train near 69th Street on South Side, was coming home from work: family - ABC7 Chicago",https://news.google.com/rss/articles/CBMi2wFBVV95cUxNTkJiYksxWnZRM1Mwa3o3akR2QlNsWGxObWQtcXdHYnlSa1d0dHhmMzJfWF9yMGNEMUlDbzR4SjN1cTFvZ0pTcHVvY0ZyME5Dc0ZucjBBb1p4Vk9ZNVNLYndXVDFudXQ1c2VKZHUxazcwQTFuRkR4WVQyQk5UakZBaG5rN3pIQXlCWjlqU3h0YlRONlhDZkl2SkNqTDduNGFkcGppNEhPMktQNm1BbWVkWTVOYUF2bUhoNEJfLUhCZjVuelFKVWRLNFhsR1hFYmZ2R1hGU0QxMUJLRlHSAeABQVVfeXFMUDR1WTh6aVNsY2d5bnBqcDVPcnlMTlZnZlU0cnlTVXVhcWc2VkFPQVA0UWplSlN5dVQ3X1loZHlNaDhpa0FVV01HU3dzUXlfMGxycjc3NlItLU05OTdrWVpXcElDRVhOaTRyem5lUmwxTTZxd2s1V3dpeVZJVHVsZXVIckRIZFBlSEtVZm01Q2wzTU9lVE5WcF9KbGphRXZTZGpfb0t3TkJTaUxGNUlURlh2RmJyTzNHdGswc3pxN3pTcWJZM1ZUMVVhSTZycTcwem93c01mRTZTalRyVWJkeGc?oc=5,ABC7 Chicago,2026-09-11,negative
CTA,"NITA, Chicago’s new transit agency, is meeting for the first time. What will it change? - WBEZ Chicago",https://news.google.com/rss/articles/CBMipAFBVV95cUxOTFlQRWhITEY5dXlicUdSWkZKMWtSOUFDTGJzQzh4ZzJGQVZpdzFhNnh0anF2SVVscDlFdFI4NUd1Z1ZwbmtJSjFjUDlpb0YyN0dHUGFiQlRrUTZJaDR6SF8wV3FBZnlER0xGNmZtU3QzU0kxaHlnbUhMaEtrRUpNNndMaURuclQycUdRaFRNRF83cVJLcHBUVllHSGVVSy0yNS14QQ?oc=5,WBEZ Chicago,2026-09-11,neutral
CTA,NITA picks former Aviation Department boss Jamie Rhee as interim director - chicago.suntimes.com,https://news.google.com/rss/articles/CBMiwgFBVV95cUxPY0NvbENDTEtlTXpFZkY5dFE2UFo4ZWVXTVdkYmwyTDU0aFFyckhDZW01dWY5R0hSQlY1RERpczhQeGxCdDRGTy1tZ19FMTFhNm9hX2ZncGk3OGM2MnpwUTBzTVI2NXoybXc5eGs2UURvS1ZhbnE3TEhWaTBMbFZrdFVUMWdxT2NnN0lGSmcwT2tES0F4M3dEeXozZlBlZUlwLXlWdVdwbVdYX0pCRU9sVkUtS3ZUbkdnWUZfdXVfX0J0UQ?oc=5,chicago.suntimes.com,2026-09-11,neutral
CTA,"Man maced CTA passenger, made antisemitic comments during attack - NBC 5 Chicago",https://news.google.com/rss/articles/CBMirwFBVV95cUxNbFp6UktDWVlkXzBRVWNId2dTdVFQMUJTZGYxajdacFJ5TGtOUWU0R2lfdzYzdmhKVUlqeTNQQ2RHUnlVMmJMOTFWMlozbnQ0YVpqU2UtaTFmNUtTS1kwbEc0YzVBY0JULWJIcl8yM3JEZ1N4NjlkTFI2WUo3c05vT3ZUTVNXTHdnc3NrTWhySTJXVmU1ZFZISi1WTGl0d0prTGZsNFBzS3VVNFZoY2U00gG3AUFVX3lxTFB6X3NKd2dVcENiSUV0VHZFalQ2aHd1Ql9kckZmTXBTQ3RVV2xEei1nU1VmMk9kVExaZXIxOU81eHhHU0VCNVBmZG85aHdhTlA2VTM4ZF9nTTRuOGJ0NWFDVnBnVGlTTkRoVjlxemJoOHl4cmNNLXNEY1o4UTZfSnljQUk0dzRHM1c5dEVDMVZMSzY0TTlUSDM4cVU1czcxLUJ1TDA3UTk2dzc5amcwQWhOUUFmdEI2WQ?oc=5,NBC 5 Chicago,2026-09-11,negative
CTA,"NITA, Chicago’s new transit agency, is meeting for the first time. What will it change? - chicago.suntimes.com",https://news.google.com/rss/articles/CBMirwFBVV95cUxNazlHa3pLby1RVVIxbFFFbUFKWGdkeldzY2ROZ0NzVFpRZzd4TFV1RDI1TURpSl96aTY3SnRkQ2dQN1l5U254bEtsNGZZOGdpQXNsemxZZWFwT0QyUDdNRU9PejVIdWYxUGlyQTVmTW00VVBuRk1pTGd0NVBkOVZrbjRTZnRvQmkzaEdFMFBZTk4xUHpiMU1sRXNUT2N5SC1UQWQ2b1hTS3JjbmdQaF84?oc=5,chicago.suntimes.com,2026-09-11,neutral
CTA,Man dies after being pushed from moving CTA Red Line train: Police - NBC 5 Chicago,https://news.google.com/rss/articles/CBMisgFBVV95cUxPRC1JZXluQVNMeGJ3T2xydU5VU3RITnJiMHV6azZ2cDJRcHpXWWNvTFRIRjhQWGFaX3d2TG95X0ZtTnVNVVZUSjd5Z01qWWdVQU5lb2ItWGxBSXVOM3FUN1lyRzJlTzZZM2ZsSEQ3eWRzSlcwMWVHNXhqb2JNT0F5ejVsTUdwMlVMQ1NpZlNRS1JrekZDQjRoUkpqWHRhSlV6ajhXa0V6TTlvSTE3TmhRS1pR0gG6AUFVX3lxTE5pXzZacVNvUFdPU2FmVDBQUTN2OFJFd2JpRWVGamZJemU3QnlwN3ZDNEtoT29hVEtzWERtaDVFNlNYa2pZMlBVaGtocTFsWXlvLUp6S0otLVpWTWZqUEgyNG1YTTlLM0wwaXdZci1WQXc2VWJwaVhIcWJ0d2FrU0ZCYVFwS2tBdnRYU1lEWXMxU2dpdDdZR1ZmdUhVaUdrblZraU5INWZfSmMzSTRwNVQxbFdpMVE1dFdFZw?oc=5,NBC 5 Chicago,2026-09-11,neutral
CTA,"Person dies in CTA Red Line incident on Chicago's South Side, police say - FOX 32 Chicago",https://news.google.com/rss/articles/CBMipwFBVV95cUxPaDh4NDdYNC0yV084VmkxSUtNbFU0SC1ycDZGWHRMak1RN3oxZ0x6RlR5Tkk3a1FHbXZTMFVfbG9yemVZbTBWazlZSWFFYk5Da3J4ZXM5akhfV3hUcmRadjBSNndvdl9hcy1sbUE2cUhuTEhwLWJtQTIyRG5USHlHTDJNMUJiVTNoRmhFcHJmYnNSMDUyZUlOUnY4eXgtZEd2bVRsMnNrWQ?oc=5,FOX 32 Chicago,2026-09-11,neutral
CTA,Purple Line Pride: An essential guide to Evanston’s CTA stops - The Daily Northwestern,https://news.google.com/rss/articles/CBMiswFBVV95cUxNYkkzbTFwMG1DWFdMRTVZdXVsTjA5U1VETU9DYnZUVm9ySVoyM01rQmxaZzJJVGIyd1VUc01Lek1tNDBIYjV2cTFTaDZRc3RlODdqUEV5ckFhVG1RaTZEY3FQdU5nSVdVTElMR3hVVkJQSVh2d1dlUmMtX1V3eFlfanVibzlNMFFuQXlCYmxnd1hEN00wSERrWjF6OTZtbnNfX3kyR0h6NTZ0THc5QXVfUURVdw?oc=5,The Daily Northwestern,2026-09-11,neutral
CTA,Family of Man Fatally Stabbed on Blue Line Train Suing CTA - news.wttw.com,https://news.google.com/rss/articles/CBMijgFBVV95cUxQd082dFNqbl81eXg1S0xsTkdjaUlQZXNGb1V2Y0JFc0NSMmJjSnFhUkxvd29CbHdmTmhFMVBRNVdubGwzN0lzaUE4Zy1IYUlnNXJnQWQxdDktU0ZmTmw0VG01TGc1ejlQbG1yeWlTYklxYWdVT0UzUmw5ZnJvMFB4UUtzX0lCblFMWm5wUjJR?oc=5,news.wttw.com,2026-09-11,negative
CTA,IL: MAN FATALLY PUSHED OFF CTA TRAIN - KTBS 3,https://news.google.com/rss/articles/CBMiugFBVV95cUxPWTYzeUFxSnJSdDNWbExfU2FyVFVRUlMxR1NqMVRTcXpaanVPaU00cHpKS241UmVYVkMyVjFLbjV3R3M1T0tmSkROWVRETG9LSVZnb0pJMlJzQVI3UTJDNERWSi0xYWwzSmpkR0VZTGg1bVNfakN6M0MzUU1wRVlvSnRTVThvZ2x4ZUtERTJYYnNZUWl6ZVB2QTZkcnNzWmRQYU1xU1JhWlRidk15UzYxYnE0MXZad1E0bEE?oc=5,KTBS 3,2026-09-11,negative
CTA,Man wanted for alleged antisemitic attack on CTA train - Audacy,https://news.google.com/rss/articles/CBMinAFBVV95cUxQbkhQenJ6UFE2S3BUdG9nMWkwaVRFSGNQOGxPODRWX3A5NGg2Tm9fZS04UnVFY0ZMcEhfRkw3eUY2c2N3SWptQ1ZVWml3WVh5RU9xVDJFbHJReF9MbUFXM2ctdkViQzBGX3BDRC1qUkNXZGZJWk1tcnVaOFJZMllTWE5aWW9NVnU3TTZpNmFPeVRvTXRQOG9zcUxpWXo?oc=5,Audacy,2026-09-11,negative
CTA,"At CTA event, federal health officials outline AI ambitions as clinicians debate risks - Fierce Healthcare",https://news.google.com/rss/articles/CBMizAFBVV95cUxPUXZLQURZTkdmd3dvSW9QSDNWSHZwYWpWWms0QmE1bVFaY0hZR2VybkhFMWl5dERFUzh2eGJnWlUtb2p5WXRIdmFQLXFJNUVxUlEzM0ktQy11ZmI1QUdIMi1ZNTR4MTFtLUlQTkNab0c1M2U0bC03dkhCc1JDZ0ZmUkF0bmQyVU1RcGNyRW1DdE5yMktQX0I3b0tSeVJkckZ6UjZzQVRuR05ENFVHTE9JSERZN0x4Zk9MNzNBVWxZZVZNTnpFVVo4OVJRWm8?oc=5,Fierce Healthcare,2026-09-11,negative
CTA,CTA crime: Chicago police searching for suspect in alleged antisemitic attack on CTA Red Line near Granville stop - ABC7 Chicago,https://news.google.com/rss/articles/CBMizAFBVV95cUxNNENhTk9zLWNFMVIxTlh2cUNKemJCNUZ6dWpwa3l0QXJULXJkQlhQampsWXFabzJRQXU2RXBEQVlDRU12Rlh1NEtFODAxWDUyYnZLZUhtYkwzTkZmVXNic2FIRjZ6MWpGaWdDYmRRekhILWNNcWUxdXFLMWdSaWFqUVp1N1JIdzNNYUM5TjhaTXZUcUdjazNCWVJwOE9fSGlJMUNRVlV6UnV3VUkwRWp1U3BvMFNBaXBTdkpvaE5wUFUwa1ZncERBX2E4NzjSAdIBQVVfeXFMTlp0RUVMeXFDNnJJM01EMkxSTTJHMmJ3WXdJUF9HWmlPS1ZTNVg4TEc4a2ZSamtqWk9PcWtncGdnbXFiZkoxbDRLOWJQaGd2UEk1bTY2WHlPMHp4bDdxa0YxNXJLR1dnYnVUbHZQNVF2NnhVNkEzenhyTE1hU055My1uM3p1aU9jRTQtWFU3dDgyWENHLXAzZVNiZUVkWUhINWlBNXoxekJUTUR1LU1uX1BZN01BOXFJT09HcGU0T1Rldmh1Z0VvMFdGeDZVWkZJLUpn?oc=5,ABC7 Chicago,2026-09-11,negative
CTA,"CTA rider jumps from Red Line train near 69th Street, dies, CPD says - ABC7 Chicago",https://news.google.com/rss/articles/CBMiugFBVV95cUxPZlpmQ3ZmMk5TX3BoaWV5YXZPQllPOWJ1TE8zY3duRWdIZlVUM1JhclhxaUxVanh3aEFkUENMazA3azJtUHY2WFlWYW5GWGFhc1hvQ3Y2Ukd5aU5yQTBrdkJoNEEyTUl0V1d1ZjVjN19FaEhfbGdlWFNkWFZYSzRZNERyR0ZJeVNmZFRHOHZyMzZLeERiSFpyMGVHakFaYlZzVTRpSmxsNmFaaUJmYTdlbjUzZFpGUnBQblHSAb8BQVVfeXFMTzk1Sk9GMnVENDB6OFR1M2dWd25OaE9mV083M0t1bXJnUGFFel9HYjQtWU96WEZSekRTSEJyQUJRRFpaT0ZMdDBxcFZiM1NGM3dZVzVaTXpyaDdvV0hPeFhvU3ZQOF9aNGUxR3VjcF9ybnlUUHg1SDFhYVJfdjRUX19PZ2Zwb2Y4cGd2b3hjMDJod3djSjFWeUdrMWpyMnVCT19zMGFSaVcxV0hUc1NGMmYwcU10MkZWZUk3VkVhdk0?oc=5,ABC7 Chicago,2026-09-11,neutral
CTA,"CTA Red Line trains running again between Garfield, 95th after person dies on tracks, officials say - CBS News",https://news.google.com/rss/articles/CBMirgFBVV95cUxNbHJNNERPWFIzdXJJTGV5ZjBQWE04S0NrNzVzZGhpMXdyRWtmRUZXdVJIcG5PTXl6MXVBdm44WHF4a09nOVdudFBlZFJaMkNmMmhmRXhqMlJVdFNVQjNOQW13c01TeUVVaFlUaDdDdnM1REttSWp2Vk1jY0tqa3FleVd2MGdIelp0WmowZktmd2JISUhqMzg1X3d4N0ZjSWRMR2x4YzNZXzVrR2FMSHc?oc=5,CBS News,2026-09-11,neutral
CTA,Chicago police seeking man accused of antisemitic attack on CTA Red Line train - CBS News,https://news.google.com/rss/articles/CBMikAFBVV95cUxQR2JCeVlCVEh0TUdzcWtIR3Q0U04tME5ibW9kQ1AzUFBIcThPcVNPYVZIZEJaMHpXOTlyVFdwQzE3TGxGeUdyRnFpRkpkUXc5UGJtX3I2ekpFWjhJZW91YlQzTjJLTjFTMUEzN0ZYWGhmYTAzM2h0dFhGMUNCTWlKV3ExQUl4bmF5T3Axd0gzWXM?oc=5,CBS News,2026-09-11,negative
CTA,"CTA Red Line homicide under investigation after person pushed from moving train, police say - FOX 32 Chicago",https://news.google.com/rss/articles/CBMiwgFBVV95cUxQWXdNcy1kS0lhNFgzbld5UVBQS2ItYW50eUROQlZSRGhsTHQ3cGJTUUJZWG92a3J4N056UnFYa0tvdTh1N1BfSzg2WEZua1ZObXI5UVpaQ1REbVVZaWNMUTczQ09lTzBRSWFVYlFVdV94dDZ1Nll4MlpLbzczclQtUms2TENxUzR2XzBhejY3Q2t2bWNLeTRxVGJOdUtkdTNEQ1RVbTk4SEJ2NDRla29hQUdvV3o2Njd4Ml9rY2JtTk1Hdw?oc=5,FOX 32 Chicago,2026-09-11,neutral
CTA,"Our Chicago: The New Northern Illinois Transit Authority and Changes For Public Transit, overseeing the CTA, Pace and Metra - ABC7 Chicago",https://news.google.com/rss/articles/CBMixgFBVV95cUxNY3BDdU5BRk1SRzc1a09hNkRKS0JtclFHX1pILWF2cW1lUVRnOXJxaU1ITmE4eVlfaU9nYWFSdE9CR2tscWowUEo1MTE3WmphcC10ekRBSjlmM0lGaVRuYlUzZHdLQmE2ZEFKT19zcnFBUWxCckltV1M1ekxJckZ6U2o0NkZlb1dwOGJlSjN2dmNVTmVvby1pZWpOWWJNMVptUUdKdHV2alNmRjZZeFJmenc3WVVHVHhEU1l2MWZIRTZNejBrUWfSAcsBQVVfeXFMUHBwUUNoLWVsMG1adW5PYlZ3eW1Qek9Kdkk0N1A3NXZJT0REQjdpUnJzR0NpVUNscS1NaFlaRnpCQ2o3MlUzWWlFUTExTWRZcjJobldNSWJHbk9iVnI4eWJsQk5xR0N3ZHNfT1hQSkU5cnFjUmM0WDRhYnF0US1tS2hHNEg1cWF1XzhBVk90cmpHb1ZUelllSGtXS2pVT3RkZkp6VVlrRVlnWHp1dDBQYXZaOEJqc2hmdHhvLWpsQXFfem5ocDczXzRIZ2s?oc=5,ABC7 Chicago,2026-09-11,neutral
CTA,Depend on CTA to Get You to All the Independence Day Celebrations; Holiday Service Schedule in Effect July 3 to July 5 - CTA,https://news.google.com/rss/articles/CBMi4wFBVV95cUxOVTgtYjNyVHFRWXJoT2lDSi1jc2x3SUw0VFVLaGpKbVpRaHVXOXVxVWlSeGthV1M1d3F0M0R6aVRrT09iX1o1ajA5WFkzakVCSUxSdlRNY0lianhzVjkyUnRUMFRLNnRDQ0NKVlZLX3Y3YWFCNGpKWlQ3cUR6ZnFmRThhZXVKTWNxMzczTGUtYVo5NkZpd2s4RFZxeUlCNlhfZkVVRFhxR1VmSHYyR25uMmpYbk5SQWE5SnQ3YUJuaVJXNmhLdjIxTTlKRUd4Q0Z2QWdLOUIzbWlwaE1UY2x3dm5RVQ?oc=5,CTA,2026-09-11,positive
CTA,Man sought in alleged antisemitic attack on CTA Red Line - CBS News,https://news.google.com/rss/articles/CBMimwFBVV95cUxPLUhKM1JSNm5Kb2w0Ql9TQ2FQTjVtSWk5SGMwTEMzU29nWlVld1FpazlkcjRMTE5jME5MRDlld1NKZWdPM2lZY3Z1NkpQemRXWkxLSDRjZEhQQUVac0FSQ2RHZ3ZGWkVzZ3RMQXY0LVp2a3FJTFR3Wnc3U3phc1k3QV9BeHZYQllRTEpYVTdwOEdVMTF6WDBja09kZw?oc=5,CBS News,2026-09-11,negative
CTA,CTA Red Line service disrupted after person dies on tracks - CBS News,https://news.google.com/rss/articles/CBMingFBVV95cUxQektUWDNYeDZKaU1mSV9Pakc3Qzd4dWZVM1VNMkFOaVczdmpobVpLcVFzTVpWRTNiZ3lkVks3YnlhTVdEREFNUTZxRWVvbGZobHpLN3VmU1U0U19Od1pfTDdkaTdJclZwRnh5aXR2QjhWN3NvTnQyWmhuNDMxcnpMaklrOGxuZGVycWNQSENubjlaNzBvbXFySkhjS2dCZw?oc=5,CBS News,2026-09-11,neutral
CTA,CTA Park & Ride user was overcharged nearly $2.50 after lot changed operators - CBS News,https://news.google.com/rss/articles/CBMiswFBVV95cUxOSlZiR194SXlOQ1gwUUZXUGJvV2FLNnUyTmRUcHRIak1KLXNWUzJZOEJlam44LVZzcnV0eU1aSlg3bkFnWGJoMFNucWNOVUg1Q2VqWEhFQjFEdXVXUUlaMHNZUEtvVW01RjRMVE10VlpZVGUtNWFnTXgzMzZNWXV4YTBqU1M3S1JZM2FLdThnZ1ZJMVJYb1g3amZlZm9ES191Y1d4T2NiVlV2RWVvcmxDYi1mbw?oc=5,CBS News,2026-09-11,neutral
CTA,CTA Innovation Studio Announces New Challenge to Test Faregate Technology - Press Releases - News - CTA,https://news.google.com/rss/articles/CBMiqAFBVV95cUxNajNhZDE4TXVTT0dLVlFIWmg1OUZZWmI3YTg0dEkyNzl4UGlfa3l4eWpHV0FrQlItYjlSaWp1NjFtUHVFdE8zYVhVUld3UUc0U25oR1hJQWsxTlVyU1NPYlRicm9qRFBRQThjWDctbE0xM21oLXo1T0dkT3NlckcxenhUUnNNODBmMTVnYk9rZGd1UHVqVU1femF6OEZ6SkJ4dlZoVUlXUHE?oc=5,CTA,2026-09-11,positive
CTA,"Man pushed onto Red Line tracks, killed by CTA train on South Side - CBS News",https://news.google.com/rss/articles/CBMipwFBVV95cUxOT0FtTHhzMGxiLWpiYW9ZVU9mcTY1bG9MX2NId2pTbm5QT1ZXT2pGZTV5LXM1ekpBQm5Ba0loZVNlSl9ENUI4d1NKU1B6THBrX1EtbFhpVW5TTktCTFZjZFowMldQdFFnZ0dPR3lVRDVBQWNldS0xb1ZheUtjV1dIb283TUJ1YndXOXdGZTQ3dXlLdWpkdDJDUENXbnNINHVrUEVJV3BsVQ?oc=5,CBS News,2026-09-11,negative
CTA,Chicago Police Seek Suspect In Antisemitic Attack On CTA Red Line - THEJ.CA,https://news.google.com/rss/articles/CBMimAFBVV95cUxPN3Y4b2FodUVwc0hMczBDdVdtcVhlVzJibkpIbTZpZmpfeE1LNGNDalpxYnp4bndqRzlXUHRoeXdKc2I4T2ZaWUNCQjBYQ2xiT0FkeHN4NExrTWJTYnp1Qm1RUHpTbDZXc1d2emxoYnZ0NlUzQm41cENjaG81ZVB4RmlYM2NEQVBaRl90N2NOempTbU5XRWFUdA?oc=5,THEJ.CA,2026-09-11,negative
CTA,The Market’s Mechanical Floor Is Starting to Thin - The Dark Side Of The Boom,https://news.google.com/rss/articles/CBMijAFBVV95cUxOal9zTG5nOG9QTlBSc3JXc1FLOWk5N21UNjRnQWdDZFV4QlA5WDNGZV95cUhjcnhhS1NMMEh5WnZHTGYyN09LUjhVeUVvRURXRlFRUnNublVicVNYM0dYaTEwM09UVkVqaFlsNFB6N3RBNkZxVXRFN3B1WFV3Q1h3N3dVaTBIRmx2M3h6Sg?oc=5,The Dark Side Of The Boom,2026-09-11,neutral
CTA,Pretty Cool Ice Cream and Chicago Transit Authority Partner on New CTA Line-Themed Giveback Pops for National Ice Cream Month - CTA,https://news.google.com/rss/articles/CBMi7gFBVV95cUxQRzJraW5qaXVQRGRaUWh1UFNBYy1GMHhvYnowakt2bTBycXJjeFR6dElxUlBDbWpWU1ZVcXhuRU1uMmR3eVRhM3FqNnNWd3NuMmZqQUExSWwzUzctbk9nMVBHLVh5dXVrU3BKUlpSR29mdzZ3eUw2ZnozaV9seURRY1JnZUxHRnQzalQ2aVhfM2tmZDgxWWlyNlEtREp2UVBqS1g3aDRSb3Jwb3FlWTZOMnNXZnA1WlN4TVdzcWIzQnNQNm1hb3lFWkI1WHQteVA1SVNNd2hUdjVJamR4SDlfVGs1SzEwRUQ4a29yV3Fn?oc=5,CTA,2026-09-11,positive
CTA,CTA adding 4 bus routes to Frequent Network - chicago.suntimes.com,https://news.google.com/rss/articles/CBMiowFBVV95cUxQb3J2bnQyUFpVcmJOWEZKdVlVbUxubkdORHFQNlFyQzVqVmVBWENPWUVrcU9jMm1JZWdxMWxramE0X3IzN181eHozYXkyM3o0cFBWMFZhbi1ZOTZCX2YtMGNRcjJEeWUwdElMdnJuZ3NzeDhfSFVsSnJEV09PdTRWQll5TVQzU2Y5MXFHWWZhaDZJUm1MVm9taU5TOHNfYnZtLWRV?oc=5,chicago.suntimes.com,2026-09-11,neutral
CTA,"Man dies after jumping from moving Red Line train, police say - chicago.suntimes.com",https://news.google.com/rss/articles/CBMiqAFBVV95cUxNMDRsTnE5MWVGYmdlZ2VIa3lTNTBjWXJhV2dLTVhLMW5pMWg1bW9PalBXUFFXcXNWUDRqQlVQUEJ4VFVKdjY5eFZidzFtaUtTeFdLbGliRm45ZGVRS0E3OTdjS3hsOFZqNTMxZE9qc3BrS1FMVU1POHhvajhOWDlYRF8xbUwwU3U3VWVkOVhpbEFPRUM3Ul9PZjZRNFhSR3pRU2xzSkUzZl8?oc=5,chicago.suntimes.com,2026-09-11,neutral
CTA,Copper: Tariff uncertainty and max CTA length – TD Securities - FXStreet,https://news.google.com/rss/articles/CBMiowFBVV95cUxQMzNEY2lCdnlwaWZlbFNjS3NlZkcxT0JOV2JqdjdqMDV6cUtwTHdDVEQyTGF0TUdoX0tBdFRXakhrWlZtcHRiV3BZVFQzSzJNdWFoS3ZBcnhISEVIXzhXVUl3VEdFSHlBVzZwSVcyQmo2czE1SGduZmpHZjNTT3U1QTlLa3dDcVhBMWtrSmlPbVJKYi0yaWZfbXZ0ZGtRVVF0RXpR?oc=5,FXStreet,2026-09-11,negative
CTA,"Students receive free rides on CTA, Metra and Pace for first day of school - NBC 5 Chicago",https://news.google.com/rss/articles/CBMivAFBVV95cUxQcHpQYWJCZ3dsOEMyRDBLTjFmSmszbU40VmZXS3lwZXNyX09mVjRHcUIzYmhTeXkyMmxhMEY0SFk1ME54eUM4Z25wR2JxSjVDM1o5WERzQ3B5NURYNS03M2I5b3NNMWduQjV4Ujk3N0RZY1pHRU4wbTZOcVFNTE1TYUJIaDBfWnpRNXM0U3QtRW5UU2gwZTlabWVOX3NTZjJJemlIT3lfODJmVGJtb3lvYUhyNmVWS0dGb09GcNIBxAFBVV95cUxQR0s3Q3RtUEdLeDJwQjBQc2ZJYmtFajJsaWRndzlqQUJ6a1RMblY4eWhadFJ4SDNaU0ZLamJtR2RCdzVBUG9oalhnaF9LeXprNVNxVXVHTEdTcE9sZGJ3MzZPZ2tnUEoxVzk2RWs3cVZDaE83cTlDaTc2VkVkZmhKajdSYnBDM3Q5d3J2R2h0bnpkRGgzNnEwNGpGUHJlSTJubXdtaEd2TXV4b0F3UElQWnMwT0hsX3dXakk3WlBrbEVYM2Zk?oc=5,NBC 5 Chicago,2026-09-11,positive
CTA,The Quants Are Gone From CTA (Downgrade) (NYSEARCA:CTA) - Seeking Alpha,https://news.google.com/rss/articles/CBMihgFBVV95cUxPVm1SSk42VE8xb0kwWW8wdngxdnNJMXdNSE5RNEt1ZjlNakJIWWpCTmZvZW54SndqWWVrUmc3a3UxU2FpaTB3UkxVOEJQWmZUR29uaHVyM2FvTDlqMEs2T05YbjZlNWROMnhKWkRQNTBnWWY0RnhpUXRGYVpPak1saVNNbHNCdw?oc=5,Seeking Alpha,2026-09-11,neutral
CTA,Mozambique: CTA Business Robustness Index rises by just one point despite macroeconomic improvement - CLUB OF MOZAMBIQUE,https://news.google.com/rss/articles/CBMizgFBVV95cUxNX0piankwZHJ4cEl4LWxZSnEzc3ZDUl9VU0U1cTFuWktNeml3YTNhcERsdlRURlpYUTVVeDRGR3hDRVM2b1dIWjNzSEtYVWswZU5pMkdHQTBoeUszamk0clhPMUxBZGlKd1FaVU04UWRhaWNvVm4xb3llc19tWGRhendsa2FVNDhCV0l3bG5VOEdaQjE3SVllUDRWZ0VUaElvSndlUV9WSEdqekVwV1RkZjhKQnVKVGV0WTNxQW9qUUpWOF9BZTdPTThORjZWZw?oc=5,CLUB OF MOZAMBIQUE,2026-09-11,negative
CTA,"Lawrence Reed, man charged with setting woman on fire on CTA Blue Line, not in court for competency hearing - CBS News",https://news.google.com/rss/articles/CBMiogFBVV95cUxQRloyMmVMUXQtYUtTWGxzODNZU2x1OVU1bWtRRV9KVUNFMl9Sc1MxN0RTblNZZm9LdmVUY0pla0ZpZm12UGR4a0hwa0xTRkFHcmQ5WVJYOVlGZmo5QUNIbzN5UDBwNEpUSHpxN0pOMGNZVWVBVW4zanZDOXNES3JWVXYzQVFyWHBRRjhtQUJvSE9DLUEwX3pUNXFWbm9rWE1zbFE?oc=5,CBS News,2026-09-11,negative
CTA,CTA Yellow Line running with delays after signal problems - CBS News,https://news.google.com/rss/articles/CBMiggFBVV95cUxQSmVPdzFYRWljZnBiQzJSOWsyOHptQlZWMTB1S2liV1lMUV8zLWRjMS1JeG5nLW9xNTEwR2ZfRVA3bHNzRnJyMDExby14MlNaSFFwUUM2YkdFdi0tZS1Bbm1NZWJ5WlNkQ25TcWttU2U3Q1RYRTd4cE9UN25oakc1cjBR?oc=5,CBS News,2026-09-11,negative
CTA,"New Northern Illinois Transit Authority board prepares for first meeting as CTA, Metra, Pace riders seek improvements - ABC7 Chicago",https://news.google.com/rss/articles/CBMi4AFBVV95cUxNaC12Yi1lQmNmTnNJR3FzVkVyamdWdmVLSWVEQUZFdEpmWHpxZFpPbFg5S0hXeC01N0R2ZmU1YXdwWnFzLXZXSHNhTUZDMHFnNWd0cV9GLVcyakpUOUVwMGpfdWJBQ00wSi1qU2NrcjRMUVhpTjNNblQ2ZGQxX1ozdXdxckhnMGtxWFJEZExjTVdBMUVLcUxUa01iTl94TnYzN2ZPNzJCU21UejVmX1loZGdZemgwV2lON1VqS1lwUGJUQVhGV2JFcGZfc25HNHpUUHdpQWc2XzQ4NUlTbkxONNIB5gFBVV95cUxPTV9wQUpVc3loM1B3X1VIbWVmczJueXhUazJZUmpOeXhWemJUeFUxcExKQlpQd0VKZGVxQXAyVG1YNktIZGNyMnhDbXl3YWhVWUh6SDZiVlhWMlBTMV9TcHpjNVRHUlFLRTJzTFkySm43N1NvcXdzQ2dlQjlXM3NiT2RfRW9rU2twSmNkWHFwSTZfZ3pQU3V0SUd2N2wyMHRMTDB2NG8xSHM0V1hNSjF5R0RkY3BlVGt5ckpsZW1qLWtjbGo1NXpvbmpiUnZzTXNnTEFxNEY1dlM2b0tQYlRlTzJDRXZOZw?oc=5,ABC7 Chicago,2026-09-11,positive
CTA,Understanding the Setup: (CTA) and Scalable Risk - Stock Traders Daily,https://news.google.com/rss/articles/CBMixgFBVV95cUxOS3JMMUF6b2VDWklvZk5qREhfOUo0WjN0cDF3QzQxZVR2b24wYy1rdmRUeHlHd20xcUdleE1hUHNzLXB2N2hVSlQ1d3ljRDFEOG5hd1Iyc0g4UFdoai1mOWhMRTl3ZnRTeXpsZW5SXy1fV1docGJfdmU3eUFMYmd5WmV3c1NsQmh4S1o3Mng3ejNSeUlxNWFjNlBhM0V5bEhsSUxwMXFkU1VkQXZYSmpiX2Jjb1oyYlB1NW1vUTRBOTVHMEItekE?oc=5,Stock Traders Daily,2026-09-11,negative
CTA,"CTA Submits Enhanced Security Plan to FTA, System Policing Hours to Increase by 75 Percent - CTA",https://news.google.com/rss/articles/CBMivgFBVV95cUxNaFJHbUVwQmdtMnAydzBMNlBRalhYV2hHOF9yYTVWWGxUTUM1MjZqVnV4MWlkQUJzYUw3M0VESEYxbGxDVUNlRWFqVDVxc2ZOMmlxY3FVZnUzMlFBVjBvaG1vbXM4RVJPVlFwX204YWpGTTh1cDBMZFg3U216am9FUGkwRkE4MVcwLTRmRVNqRnpDbF9QM3B6V1RiSHVZaDV2TjlJalI4M29ReGp4WUVSbnFHYlNPVEo5bTV1N1Vn?oc=5,CTA,2026-09-11,positive
CTA,"Court Grants CTA Temporary Restraining Order, Directs Federal Government to Resume Funding for Red Line Extension and Red & Purple Modernization Projects - CTA",https://news.google.com/rss/articles/CBMikAJBVV95cUxOcG56X19EQnZKRUoycnE2ZE9QRGh4T19xOGVTM2xRQkVSVzNsblVBNnlxb3MtZktodnNiXzBJdXZ4RmJfaGJQTzR1TUQ1SUNuVzhhMld4WXJyaDVjZEZoamRZcGpjRWQ4THRRb1RPRW1BbEVxX1JMYTJQOGt4V3pSeUpOb0c3b29MOGdnNTNnam5xRGdHdTNtQnhmWldlWWdyXzBFUnh4R0JiLVM3MlUtbHZKTUxoZkxWdUVCcFNQVUhJOVVac0JmRGxBN3pQbFRzREd2X05aWG84UDlhSGN2MWptWjAtUTdHdjNlbmpZUU1TRmYxaEdHenZsZi00RjFQYTRJOWtJQWd2LURzMXRWSA?oc=5,CTA,2026-09-11,neutral
CTA,Planning For The Impact Of FinCEN's CTA Rollback - Law360,https://news.google.com/rss/articles/CBMikgFBVV95cUxQVVhweHNUaUhhcVRGUnk1MmgzajZMdjJZT050RlB2a29RZmtOM3ZhcEI3bDRjTDJHWWlZeGwzTm1zTTBUYVBuazBNbUh1Z1BpTEZEWm4tNWFmSEwxOTJOT00xTnpQVDdES1dqeFRZaTFoM1FpUXZhdzdnVWRFdkVmaVRVeTMxTnhqV3BQNlZUcGNKZ9IBVkFVX3lxTE5kZEFjQS1SYjR0V1JzX1lTRFpyQjhLU1dRVm9vRHhmaExsQkFtU3JGTXBWdzAwbUg0enNFZ1JZMWFJY2huMlpKaU9BbDZaMnkxa0hQUnhB?oc=5,Law360,2026-09-11,neutral
CTA,"Man punches 1 passenger, hits another at Fullerton CTA station in Lincoln Park, Chicago police say - ABC7 Chicago",https://news.google.com/rss/articles/CBMiyAFBVV95cUxOQk1tMzdjTm5aMjJUSUtCX05BYUVBWFZ1MU8zRHZQb096Z3JOSGZPRUc3cV9UVnB2UVBvYWo3OE1LYnBRbkJsMXR0cExaZHJWNXlaRUJNTUMxNVBxQXNnT3JKVWVteEpDdF9tZkV5WmRrSjdiRmJ2SFg5SW9IQW9xNTdqMk4xelFMOUFEQlpuaGRvUUdQZGJxVnh2eXFBNUs0dTFlSTFtWHpwN3luUG9WWF9UY1JpZ2tmWDhOd2xpZEJ5MGVfenBEbtIBzgFBVV95cUxPY3BTcWVnNEh3MHFLY2QyS21KMVlPYWdySFhWN25oNGlySTVrRC1WZV85M2VQOUdrUGFPUUFqRFZvVTZFS3E1cXlXczFpRWpQSGlKM2k3TWlnVzYtUHdQTDQ0ZDZRSWltUC1odUFVemVzYm9KbWdURXlhMklUcHhYQ3Q3UkNjSW5RSWNtUTc0LWJFMmJHNTJCOEkxX0VoQldYd0tZVVl2RTJjcWlGQTFoSGs3TkRwaG9nZW5MM29JV2ZvUVdLdjgtamQwNlFVQQ?oc=5,ABC7 Chicago,2026-09-11,neutral
CTA,"Chicago crime, today: SWAT standoff on Wrightwood and Kimball in Logan Square prompts road closures, CTA bus reroutes - ABC7 Chicago",https://news.google.com/rss/articles/CBMi2wFBVV95cUxNV0lrV3lBR19FRDROejYzSk1ZZ0lCYU9tLXJFUlcwNU00R1lnSWdYYXRRU2RPQl9uTW8yc3JTdnFOMkdrWi1sekM1aU1uR0lTeTJKdl9ScGR0ZHAzYVZfdFUwb3ZMNTQtUTlaWDJyenlYbERHTV9maGpPdWlKTDNpQ1dYQTZ6bmVhaE45WWRybmNoT3A5elNrUXVkUFdSVzhPelpMZ1lwci1IUm9tLVFudHZXN1hXSWJOakNsQVo4VWFTclRULXRxT2ktNzhRQ0NSMms5UnM0ODJYbkHSAeABQVVfeXFMT1RqR2M2eUlvRkpyd1hacVZkZF8tZGRvb2hRMTN2UUhZeTFCV3lpVHRaOUM2YzBMNE5tUEhDVnlURldqSkYtM1hmRVZ0S2V4M3ZMYkV1RklxcTZrS0lid2tNMTc0R0g4Ymc3UFd2UVlNWUNpa0wwVl9VQ3RNX0VkZnd0WlVXTGFEb3BxQkUtaXE2Y2FjZXJxSDBrUmRfOUFvQzVGa2xsZ1g4b2JNNVUtX0V4MGJEY3kwN2NLZHlZX2hmRXVLMVVPMlVHVHQ1WV9EX2VOMjcyYzZSMXRxbVIxU2k?oc=5,ABC7 Chicago,2026-09-11,negative
CTA,"""Catch That Train"" videos create joy and community around costumed CTA chases - CBS News",https://news.google.com/rss/articles/CBMiiAFBVV95cUxQa0s4QkVsT1JGeGdvRmNPbUpLR2pKakNIOF9uNHJ3ZEZGWjNSU3Y0ZXoxX2NmNm9SVXNqcnJIT2NJWWM5YnlISEZXSEdLc0JOYlBUdVJTR05ocEpEYjZDLWxkNmxxSVQ3SnZvWC1GNGlYWlp4ZzRyOTJqUnJZVDdjZGZxM0duZmxl?oc=5,CBS News,2026-09-11,positive
CTA,Travel Advisory: Temporary Weekend Reroutes of Certain Loop Elevated Lines Due to State/Lake Station Reconstruction Work - chicago.gov,https://news.google.com/rss/articles/CBMi6gFBVV95cUxQT01vR2NDQVZLWEdqV1RDYVRNQ0U5TWtLN0VHMW1oSjVxZUk5bGdPVEFqakNZTWxUZmlBYU5QV2l3cDU3VlVGaDRob3dDZGtybnQ3WjVtbE1US1N6VU9CeEFXNDhuRWZhRnZiYmpQLUpBVUVfTXcxNW9lY21JZkowUHNwZkloT0gyaUVOSlh6ZTZjbE5jY0N1VjdCbnpoQmF0d0Vjc0VhclUtY1l1SFQ3a1ZXQzFaa0FIczUzYk42ckhzWndUMVU4aGVxaE9PbkhJRGYzd1RuMExkUkdTNmtXNjYxZHUzZDhMYVE?oc=5,chicago.gov,2026-09-11,positive
CTA,"CTA Board Approves Slate of Social Service Outreach Efforts Focused on Violence Intervention, Homelessness - news.wttw.com",https://news.google.com/rss/articles/CBMiuwFBVV95cUxPMWM0VG9BS1hpamxIaTdoNGJ0ZVBtNFdmUVB5ay1GMGZnMGo2ZTRwQ0RUSlF2M0J4SWc0U2lhTjJLaTVWYXFMc3BnYWNXNExrNlRGc0kzUUZqZ01rU1A2aGNyaXlscVJnQk9IeEZqbV96cjBFV1ZCUk1IblBpcnlYZFF5ZUxOSHhmcWNTVVJiSXNRY1daRlNnWTdEa29CR21YT241S3NyWUg2LUVrd0hSVVVSUzZzVzJodEZn?oc=5,news.wttw.com,2026-09-11,positive
CTA,CTA revises ridership upward by 19 million trips after methodology update - chi.streetsblog.org,https://news.google.com/rss/articles/CBMisgFBVV95cUxPY1hmWFJjSlhBU0xZNUZOR3hudm9VQzM5ZHh1RXhDX0dDVWItcTh4bFdPNFRidllhcVItT21mdmt0LUMxWGFBOUNKa1F5b0lEMEtLRm9MVl80Q3ZXZ0ktUXlmWVZTcUszeHg3V3VrQlBkaFRWeFRfcnJydDBvRzJLbWJDaDVvME02MlU4Y2FpZU5lTV9PTFBJXzFWSHp3TGpweGNxNURYekNWZnVOdWJsNEhR?oc=5,chi.streetsblog.org,2026-09-11,neutral
CTA,"Civil lawsuit against the CTA, security firms for reckless disgregard before deadly attack on a Blue Line Train - Romanucci & Blandin",https://news.google.com/rss/articles/CBMivAFBVV95cUxQVlg1U3VkLUdLTzA5aFdqdzNWSDc3WnRmeXVtTjRxLUoyLWNYU0NyTTFhREQ3cTRHQzl1MnhFbGQtbjlBOVNIcUZLZ1ByeHVERkllTkZsSFdtNkFRWk9iWC12SGNVcTB2WVRQS0F4WkZtWmhPNzVXT2dKZ015emZ0YTY3ODdPNXc5VmEwOXZtOWJYNGFpMXBfYWZnS182N1J1OHFQc1htRW9uSm8ycmtGS0N5VGFaV2FEVHJSVw?oc=5,Romanucci & Blandin,2026-09-11,negative
CTA,"CTA bus driver, father of 2 Octavius Simmons killed in Dan Ryan Expressway hit-and-run crash near Garfield Boulevard, fiancée says - ABC7 Chicago",https://news.google.com/rss/articles/CBMiswFBVV95cUxOY2hGbW4xb0VQOGZXQkoxb0kzdXFmQnNiZHd0SFl4NnNoX1B1NXdfYlIyZDk3QkdyVUpYTWVYUGFWM1FicG92ZmpFRE5ITUtDeXVuNzN4SklfRktPY2liMmlMejNwWkUxRHBUNkJjNUZSOHZmUjZyLVl4M1VCRFJDVXJFZmt0ZWRUYi1pSElBdE5sU2xhbnAtVmd3THpZYUZrQVhhakdvR3RkUzlrMHhFZmhqY9IBuAFBVV95cUxQRER3UGZwcGJOLTJreHpsZXpDUDVPa3FYSmE2SWVoV0hJRHdvMUwyXy1MVWhLbVo4ek5TTHF1blpxUjNFRERvM015VFpzRWZBOHdyMEJrSzVia0tkd0pLR2lUUHp0QmdTbll0VTYwcTFNNklheEpWQTh4em40V092SERnYXh0eTlnTU03ay1MaEFHMktWcGx3TE4yR2lSY0JTWU9NSVlzZDJQNEhYd21lNHRTc0JfQkpR?oc=5,ABC7 Chicago,2026-09-11,negative
CTA,"Chicago shooting: Shots fired between 3 suspects, CCL holder near CTA Blue Line station on N. Milwaukee Ave. in Jefferson Park - ABC7 Chicago",https://news.google.com/rss/articles/CBMi4gFBVV95cUxQeXVadDhTY0d2bHZkOTg2SkxOX3VER0NDNzBmVmtubUJCRmFaRmFBMWRkcDZuVHo3X0ZKLW1zUXh2a3NuZkFDck1TSFZXbjJrelA1bE94dzhfNTFQLVYyS3ZRVC1EWFhjNi1NWlpIYUtvdzlmMWtyX2pWXzFOQ0NtSFRncElXTmJFQ21pRGt0ak5pdEtTVk1ycThmY0JFYy10Z3Zjems2dFZCTHZzNWZjQmhSaTMwUzN2UFR6aTBDekVGTzNCV2I4Z3l6THlWZG45dTZuNHBWSHMwblhSNl9QOVdB0gHnAUFVX3lxTE9QQVhsc1ZTb3pNYkFOamRDeWhDNXJwdEZYcjVxOHFSakNhUE1TbVJLcE1iOVR6Z3ZLc21vYjF3ZlpsbzB6dGZsMkttMzRFY2l4Uk1lYnBQbXF1amhFTmJtUC1PMlFHZnU1ZXd0WVhxamNyekczeVdnNFZPY2RKWElzdURMTml3ZXFYNG1ZR2tpZm5sWmZmNFdnaTQ4SXhlcW85aUdpRG1xSXNYeWM1XzFwQS0wUmllV3p3SDh6bVdfM3lPMjJNRmtWb2xXNHdDelN1akItd3JXMHhXZkdjcmN1d1UzYVl0RQ?oc=5,ABC7 Chicago,2026-09-11,negative
CTA,CTA fare gates could look like New York's and San Francisco's - Axios,https://news.google.com/rss/articles/CBMitwFBVV95cUxQN2VhSU9JSHJneUJvMnM4MjJfR1M5Z1cwT1NGZW5RSzdHQUp0SEFhZW9RWU5UaDMybGhQMGdBZzJpUkhmbVhGaV9abW9HU3lSQXExc0djcmQxTl9selNtSDJXbkVHWGIxNThBWXpiM2RHWUs3SGVxbXpFQmlrMFhLWFZCanYtS1hHQUJBa0tRN2RWaGhjZXEtWFloLVVQbDZfQTV1TnBwOUpscTR6ZEdJbEd0d3V0YWs?oc=5,Axios,2026-09-11,positive
Chicago Transit Authority,"NITA, Chicago’s new transit agency, is meeting for the first time. What will it change? - chicago.suntimes.com",https://news.google.com/rss/articles/CBMirwFBVV95cUxNazlHa3pLby1RVVIxbFFFbUFKWGdkeldzY2ROZ0NzVFpRZzd4TFV1RDI1TURpSl96aTY3SnRkQ2dQN1l5U254bEtsNGZZOGdpQXNsemxZZWFwT0QyUDdNRU9PejVIdWYxUGlyQTVmTW00VVBuRk1pTGd0NVBkOVZrbjRTZnRvQmkzaEdFMFBZTk4xUHpiMU1sRXNUT2N5SC1UQWQ2b1hTS3JjbmdQaF84?oc=5,chicago.suntimes.com,2026-09-11,neutral
Chicago Transit Authority,Family remembers man killed after being pushed from moving CTA Red Line train - CBS News,https://news.google.com/rss/articles/CBMitgFBVV95cUxQalFSRGNOWnVJSmVMUW1mSTh0Z1RlRGdfWkRrR1gwVFhySkpHdk5ZTnlPQU9NNk8wUi1YaUg4d1ZVYWRkZDRVOTJib0RvUno1cXduZUNTTG5mbVVsSUJ1ZWFlRF9LR0QxbGlQZ1ZpUWdieHVfVDIyeWVyUmM5M2txY0NwbXhIVDZhcjlZYjRrWEdsc2JUSXZOTWUtbDlUZ2JvWXFZb091Rm0wbWhVSWl4T0lTX3A2dw?oc=5,CBS News,2026-09-11,negative
Chicago Transit Authority,Full steam ahead: The must-stop spots on each ‘L’ line - The Daily Northwestern,https://news.google.com/rss/articles/CBMinwFBVV95cUxOWG5jWURFcVpzTDFMbmtqbjdOeDlyeVBiVXhqZlE4cWJ6ME1iLTVBZUxkTlQtNUdMUjFjWHBVcEZrZ0dNMkNLcUl2WHFvTlgyMnYxemNoSjhKS1hRTFNRX2ZrOVo5Rk1sYUxOQmJMZjVidTdXNUJVMDFQLWNuSXhBZTZ3V1NNT2g2Tk9QVmg5V2NJU013Y0hyaWJpMTlRTms?oc=5,The Daily Northwestern,2026-09-11,neutral
Chicago Transit Authority,"Person dies in CTA Red Line incident on Chicago's South Side, police say - FOX 32 Chicago",https://news.google.com/rss/articles/CBMipwFBVV95cUxPaDh4NDdYNC0yV084VmkxSUtNbFU0SC1ycDZGWHRMak1RN3oxZ0x6RlR5Tkk3a1FHbXZTMFVfbG9yemVZbTBWazlZSWFFYk5Da3J4ZXM5akhfV3hUcmRadjBSNndvdl9hcy1sbUE2cUhuTEhwLWJtQTIyRG5USHlHTDJNMUJiVTNoRmhFcHJmYnNSMDUyZUlOUnY4eXgtZEd2bVRsMnNrWQ?oc=5,FOX 32 Chicago,2026-09-11,neutral
Chicago Transit Authority,NITA Board Elects Leaders at First Meeting. Here’s What to Know About the New Transit Oversight Agency - news.wttw.com,https://news.google.com/rss/articles/CBMiuAFBVV95cUxQVk10Z2V5UVViYmRTY1NvNGI5UG8yT0JRUURWNUtsWVRnZ2NBamx6SkVBak5SY3VfUmg5dkN3cHJ1SGF6NzduWU50bzVKd3dhWks1aUVUbkYxX1h6bUpGZno2b0ZSN2JVMGFiWFlDM3pGZlBUS1dTN05ZSXZ6Vzl0dEpYbS15MHY2OUZ5OVJTX0NHYzA3ZDAzTnYySGo4UUd3RzJWclZCbXNyUUtRU0ttY1ktSnlCY2dq?oc=5,news.wttw.com,2026-09-11,neutral
Chicago Transit Authority,NITA picks former Aviation Department boss Jamie Rhee as interim director - chicago.suntimes.com,https://news.google.com/rss/articles/CBMiwgFBVV95cUxPY0NvbENDTEtlTXpFZkY5dFE2UFo4ZWVXTVdkYmwyTDU0aFFyckhDZW01dWY5R0hSQlY1RERpczhQeGxCdDRGTy1tZ19FMTFhNm9hX2ZncGk3OGM2MnpwUTBzTVI2NXoybXc5eGs2UURvS1ZhbnE3TEhWaTBMbFZrdFVUMWdxT2NnN0lGSmcwT2tES0F4M3dEeXozZlBlZUlwLXlWdVdwbVdYX0pCRU9sVkUtS3ZUbkdnWUZfdXVfX0J0UQ?oc=5,chicago.suntimes.com,2026-09-11,neutral
Chicago Transit Authority,"Man pushed onto Red Line tracks, killed by CTA train on South Side of Chicago - CBS News",https://news.google.com/rss/articles/CBMimwFBVV95cUxOS2dwbldWUnNYSmV4WVN4N2RFdXFUbzdLd3BMMjdhUHVKS0VNaWt2ZFdkaFpydEh5R09vbEI2OC1MdnQzclFnMDdxNGVMZUYyc0lMdEMtUW9qU1N4NFFiaEwzWjlvMDdncGlVS3Z5Vjh5Z1cwODNkUWhibzF3dVFEZVVobGtxOXA0LV8zd3pmMzdUQzN6cWJiREFxWQ?oc=5,CBS News,2026-09-11,negative
Chicago Transit Authority,New NITA holds first meeting as governing body of public transportation of Chicago area; discuss possibly of unified fares - ABC7 Chicago,https://news.google.com/rss/articles/CBMivgFBVV95cUxOYXJRR2tvcXlJZTRHa2NSSDkxMW1ZNTRSYzBPRllDbW91V054VC1udW9uTVVKQVdPcHhRS1dTSTVfbndUUUlfNU13REJpemxDQjBSR3lnX3gtd3YwT1NaUDlna3BsWGU2cDIybHRMQkx5T2hlVlhqVW85d21sV1c4NHJ3RUcwWFlYT1NHZkxjOVdjYnJvTzhuWjZLSjJzSnIxV1gwek83YV84QzRqLWstbUdodjhjZ2ZTZXNnc3d30gG-AUFVX3lxTE5hclFHa29xeUllNEdrY1JIOTExbVk1NFJjME9GWUNtb3VXTnhULW51b25NVUpBV09weFFLV1NJNV9ud1RRSV81TXdEQml6bENCMFJHeWdfeC13djBPU1pQOWdrcGxYZTZwMjJsdExCTHlPaGVWWGpVbzl3bWxXVzg0cndFRzBYWVhPU0dmTGM5V2Nicm9POG5aNktKMnNKcjFXWDB6TzdhXzhDNGotay1tR2h2OGNnZlNlc2dzd3c?oc=5,ABC7 Chicago,2026-09-11,positive
Chicago Transit Authority,"NITA, Chicago’s new transit agency, is meeting for the first time. What will it change? - Audacy",https://news.google.com/rss/articles/CBMie0FVX3lxTE9YcWxlUWM2SDduRUJjdDZzNnJoQ1ZYODB2SjVMRkdYRHJybW92WTJ2eFZpS2dUQ0wtNGVGNmtQaVROSHJ3RGtyMU90UE5XR1BYa1UtVFRJcndtN1NPclBEM3JObzN2a2VXcHZ3Q190UFl4MWptNHpVTFFtUQ?oc=5,Audacy,2026-09-11,neutral
Chicago Transit Authority,Afternoon Briefing: Interim leader of Northern Illinois Transit Authority chosen - Chicago Tribune,https://news.google.com/rss/articles/CBMivwFBVV95cUxQSUZXRWtMOVhlcDI1cWpUU2hKSHRvQWhSWjRFMVBGVkxmN0FidlVMLXc3UTNYd05mR2d3NThFNG5vLTJrMTJJaUFqTW5ZRE9DeXE4ek5WOGN2UW9yOU1YYU5Ha3ZadkgwMm9XOE10U0dQVHA5THpVRjZtRWs2VjB3RXpjdkpBWXhqUVBxVzRMQlhEcWc5N3lpNGRGdWtRc3NfbEhsd1JUMnlURFZoQkdxLWFucFNZZ1A3Rm9oVnktRQ?oc=5,Chicago Tribune,2026-09-11,neutral
Chicago Transit Authority,Depend on CTA to Get You to All the Independence Day Celebrations; Holiday Service Schedule in Effect July 3 to July 5 - CTA,https://news.google.com/rss/articles/CBMi4wFBVV95cUxOVTgtYjNyVHFRWXJoT2lDSi1jc2x3SUw0VFVLaGpKbVpRaHVXOXVxVWlSeGthV1M1d3F0M0R6aVRrT09iX1o1ajA5WFkzakVCSUxSdlRNY0lianhzVjkyUnRUMFRLNnRDQ0NKVlZLX3Y3YWFCNGpKWlQ3cUR6ZnFmRThhZXVKTWNxMzczTGUtYVo5NkZpd2s4RFZxeUlCNlhfZkVVRFhxR1VmSHYyR25uMmpYbk5SQWE5SnQ3YUJuaVJXNmhLdjIxTTlKRUd4Q0Z2QWdLOUIzbWlwaE1UY2x3dm5RVQ?oc=5,CTA,2026-09-11,positive
Chicago Transit Authority,Northern Illinois Transit Authority launches despite downstate funding concerns - Capitol City Now,https://news.google.com/rss/articles/CBMiuwFBVV95cUxPeTEtLVJGYS1mSlZwLWFCZ3lrcS12NDd0WXdLdVVENkZTTW00S25TVGtRb1c0Z3A5SDNPRkVIclVMb1p3ekdyeHI2U0FNVjRhNzhBU2NjUzVjRkE1bEY3dEtuWXhGWEdaVGc1NVBNSkdHT1RQcEdKSmZjRjR0WXM1SDRkaGlEXzNNdWtMVE1qYkhkcm00dzRQa212empPeEoySVJGTVhoTGxoMjZBekljTktLZm9hMmFfSWkw?oc=5,Capitol City Now,2026-09-11,neutral
Chicago Transit Authority,Chicago-area transit agencies start operating under new regional authority - Smart Cities Dive,https://news.google.com/rss/articles/CBMikgFBVV95cUxPM2pRREJvaUVRNjRYc3ZCMThpNGxqN09GcVpPQzBjTkdGTWlGejlqRUdWdHdyZU0xX0IwbllNNFNNUjJtNTktTW5sTEM0ZExLN29MdzJ5S1dfa21ZVzhwODFqYVBFZGNTUzNJNXhZNkF6SUpPa1RLY2NfbWFfemRsSWpxZ0JQaU5sd1U3aXNFNlVSQQ?oc=5,Smart Cities Dive,2026-09-11,positive
Chicago Transit Authority,NITA replaces RTA as Chicago area's mass transit oversight agency - CBS News,https://news.google.com/rss/articles/CBMikwFBVV95cUxNcWNjSEg0RXk1bTBPa19VTWJOdFNOaUxieG1qNWFxNGFxaVg2MmxCRHV5a2NQNkZVNDFJWnpZRUhpQ2xEX0pPa09odmx4eEw5OGotUHFnaHJMQnJRSnpRaTZIVElxREhPWlY1VFVKYndUT0FXSi1ib0twcDA4YmlNOThyTDNkY085Mlk5Nml2b3BUY0E?oc=5,CBS News,2026-09-11,neutral
Chicago Transit Authority,"One Region, One Network: The Next Era of Chicago Transit - Mass Transit",https://news.google.com/rss/articles/CBMiswFBVV95cUxQUm9mSERTLUVLY1BuX3RBMHNhYU9tbWdCTnRiT3VKVTlSM2h2U3kyLXFaR3JiQ0dGUk50blpBb2JaSFc1VU1TWl9BRkNBNHFhM3l2RXlYcnRzeXE2ZjdmWTNYYWdadnVCWlBvXzVTZlM4QVQxZVBkVGE3bG1DSjBTWjFCeVFSSGFkTUtnQkpDdk1TQk4yNXlSdVFrUzdRNXlrWXJaWlItMVdQWWR5VVk4OTRfMA?oc=5,Mass Transit,2026-09-11,neutral
Chicago Transit Authority,Chicago’s New Transit Agency Begins a Long Transition - Eno Center for Transportation,https://news.google.com/rss/articles/CBMiigFBVV95cUxPRTdZUEJHUVlTSV95NWlZMWJxeHZqbFpteDdfUUR1S0xOa21GM0xFUmlQQTVrSDhZS29lbEpGdU9mUlNmanM1bkhNRVdvMXl2YkJNVE1FZ0hLTENvanMxOU1pLVpGZGlCOXdvbU5lSXBHejRLSGEyZjFiTGRhaFhtTjlRUFV3NVE5NEE?oc=5,Eno Center for Transportation,2026-09-11,neutral
Chicago Transit Authority,Jamie Rhee named interim leader of Northern Illinois Transit Authority - Chicago Tribune,https://news.google.com/rss/articles/CBMikwFBVV95cUxOeTZnS05kSnN5SHh2al9qdk1vTWxWY0kxOXFmVF80eVQ4dEQzazFGN2FEamhORlZ6dEE2MGxZelhTeWx2cjQ3eFBiMVV2a0xRaHQ1SmxBRWRJdEo2aTJSVTIySW1pNjBMVGEwdHlWOXJ3TEtjLS1QSUlMTEFvR3VvdS1IOGo0dGtGSUt2c0w3QUh4ejQ?oc=5,Chicago Tribune,2026-09-11,neutral
Chicago Transit Authority,"CTA Submits Enhanced Security Plan to FTA, System Policing Hours to Increase by 75 Percent - CTA",https://news.google.com/rss/articles/CBMivgFBVV95cUxNaFJHbUVwQmdtMnAydzBMNlBRalhYV2hHOF9yYTVWWGxUTUM1MjZqVnV4MWlkQUJzYUw3M0VESEYxbGxDVUNlRWFqVDVxc2ZOMmlxY3FVZnUzMlFBVjBvaG1vbXM4RVJPVlFwX204YWpGTTh1cDBMZFg3U216am9FUGkwRkE4MVcwLTRmRVNqRnpDbF9QM3B6V1RiSHVZaDV2TjlJalI4M29ReGp4WUVSbnFHYlNPVEo5bTV1N1Vn?oc=5,CTA,2026-09-11,positive
Chicago Transit Authority,"New Northern Illinois Transit Authority board prepares for first meeting as CTA, Metra, Pace riders seek improvements - ABC7 Chicago",https://news.google.com/rss/articles/CBMi4AFBVV95cUxNaC12Yi1lQmNmTnNJR3FzVkVyamdWdmVLSWVEQUZFdEpmWHpxZFpPbFg5S0hXeC01N0R2ZmU1YXdwWnFzLXZXSHNhTUZDMHFnNWd0cV9GLVcyakpUOUVwMGpfdWJBQ00wSi1qU2NrcjRMUVhpTjNNblQ2ZGQxX1ozdXdxckhnMGtxWFJEZExjTVdBMUVLcUxUa01iTl94TnYzN2ZPNzJCU21UejVmX1loZGdZemgwV2lON1VqS1lwUGJUQVhGV2JFcGZfc25HNHpUUHdpQWc2XzQ4NUlTbkxONNIB5gFBVV95cUxPTV9wQUpVc3loM1B3X1VIbWVmczJueXhUazJZUmpOeXhWemJUeFUxcExKQlpQd0VKZGVxQXAyVG1YNktIZGNyMnhDbXl3YWhVWUh6SDZiVlhWMlBTMV9TcHpjNVRHUlFLRTJzTFkySm43N1NvcXdzQ2dlQjlXM3NiT2RfRW9rU2twSmNkWHFwSTZfZ3pQU3V0SUd2N2wyMHRMTDB2NG8xSHM0V1hNSjF5R0RkY3BlVGt5ckpsZW1qLWtjbGo1NXpvbmpiUnZzTXNnTEFxNEY1dlM2b0tQYlRlTzJDRXZOZw?oc=5,ABC7 Chicago,2026-09-11,positive
Chicago Transit Authority,"K-12 students now able to ride CTA system, Pace buses for 75 cents - CBS News",https://news.google.com/rss/articles/CBMiigFBVV95cUxOeW80UXBsNGRNdldRRkRRanZORVlPU0Y4SEd1aHA2cDlNeUplOHpLbnpRaGN3SDVTR2JpMnFZc01tQ2QyZWV6NFd2OHplYmlUcGM1REtwc2g0SE5xUXh1ZDc3RW4wSE50YkI2ZUF4U3BHZ2V3UjRTVzZ6ZVJOVW1tcnhfVnhQOUhTV0E?oc=5,CBS News,2026-09-11,neutral
Chicago Transit Authority,Pretty Cool Ice Cream and Chicago Transit Authority Partner on New CTA Line-Themed Giveback Pops for National Ice Cream Month - CTA,https://news.google.com/rss/articles/CBMi7gFBVV95cUxQRzJraW5qaXVQRGRaUWh1UFNBYy1GMHhvYnowakt2bTBycXJjeFR6dElxUlBDbWpWU1ZVcXhuRU1uMmR3eVRhM3FqNnNWd3NuMmZqQUExSWwzUzctbk9nMVBHLVh5dXVrU3BKUlpSR29mdzZ3eUw2ZnozaV9seURRY1JnZUxHRnQzalQ2aVhfM2tmZDgxWWlyNlEtREp2UVBqS1g3aDRSb3Jwb3FlWTZOMnNXZnA1WlN4TVdzcWIzQnNQNm1hb3lFWkI1WHQteVA1SVNNd2hUdjVJamR4SDlfVGs1SzEwRUQ4a29yV3Fn?oc=5,CTA,2026-09-11,positive
Chicago Transit Authority,CTA adding bus service to some routes starting Sunday - Chicago Tribune,https://news.google.com/rss/articles/CBMiaEFVX3lxTE00OUtjWmhlWlBDdFFvZFBoQ0psZ0lwTi1ZRTBRNWFFLXFraDJDQUVsSElMZG1HSGkyTjJXZXlZS1Bqb3gzV0lsSkxKZ2ZqZnpYYmU0TUdNNTJqQTBNX1Q2eTNFYWVBYUNh?oc=5,Chicago Tribune,2026-09-11,neutral
Chicago Transit Authority,Chicago Transit Authority Sues Federal Government Over Paused Red Line Extension and Red & Purple Modernization Project Funding - Press Releases - News - CTA,https://news.google.com/rss/articles/CBMi7wFBVV95cUxNcDlGdXY3M0lZUGVvOE4yUW1FOXczTURfRXFBLW16SVBFc29Nb0R1NWJqRklyYm51Q3dQalFwa3UtMlZxTGU1U2tDZVROWTYwX0J4a25rb0FKUWpwQ2k4Zjd0RnRtQzUxMjh3SHJXN2VjYWZWc25TNFZlWlh1SG9ZYWxxT2JOZlNvODdKYjF4UXB6cmtwUjZKWjNDdnVyTWV1WmNEa2RjV1RyaWgzQXlQSzlSZUpNeGtxclZLcnlWVkphdUdJZkYyVXBNY0VybjVvamVDT2hDVDFMYzJjTlUtaVpOMnY5MXREa3lydFUxbw?oc=5,CTA,2026-09-11,neutral
Chicago Transit Authority,Elevated Chicago Expands “Elevating Culture Near Transit” Initiative with Three New Grants and Historic Partnership with CTA - CTA,https://news.google.com/rss/articles/CBMi6wFBVV95cUxQSW53TjNNdzRRamNrTlA4T2EydWpocnVnNjVwVkYxV1k3RHU2RWp5VTlEMHZsSlBkSVpuU2laV3BVUmZaS2ctN2J5WC1ZbHQxT2hsQm9VdTBVQkRSN3QwTFNuOHJYTUdpZnNkRzJJYktrWV9QRFZseHV6V2tyYl9ZZEpKRm5kdTdiSWZ6UDc3bmFmeGpwUi1JMGg2SEJ4OUlVaTV2YW84QVliaVNuQ1lybi1WeXExSjhjZ3k3bVNRdmN1RDlycUN6d2ZzR2hjb1NXM3hZODkwOUtRYmc3NnZZZU1GUVdMQ2YtcGFJ?oc=5,CTA,2026-09-11,positive
Chicago Transit Authority,Chicago Transit Board Approves Expansion of Automated Bus Lane Enforcement Program - Press Releases - News - CTA,https://news.google.com/rss/articles/CBMitAFBVV95cUxNNmNyMzB5WHpLcVI0WDhBYVRkWS0zbGN0UzJrTWJGMnFkRGIxRnEwc1hzUWFFVmhKckZsY2xuYkl5NGs3eEV2M0FmYW5ocVV6UUN0aDFKVThIU3Q0dG52M0pkYzEzSUduOTNjeWhNTUtuQkFkcWZPS2Z6M252d2xrdnV5ckpEY1BaQkh6Z1kxVTczMjFPbFN6SXh5cEpzMEJqdWpMUmZNNmxwaWI5dmVWVzZlVE8?oc=5,CTA,2026-09-11,positive
Chicago Transit Authority,Travel Advisory: Temporary Weekend Reroutes of Certain Loop Elevated Lines Due to State/Lake Station Reconstruction Work - CTA,https://news.google.com/rss/articles/CBMi5AFBVV95cUxOd25HWUFmQTNiS0JIVThzdGgyVTBmQkFEWkdYelNPSUE0dWVuNEc0ejN5WElTZklrT2dPbW15YWxNRkd2WkhCc1hheDU0QnZjRzBjcERnQUQybXJFQzU1TUFIZlVjSFdfRVZMZG4yaXQ5ZGl2ZS1IbXFqWkszc0E5cU1ZckF6U1d0OU4yYkVkNGNkYnZRTlc1UHF1c1dCeE1ib3ZCZWtROVh1T1E2Y3puenZqUGhIX0RGaVF2MjZQbzY5eC1zSVdnYXlxX3llMFo4MDZxS1VTX0Fib0M5Ylo2eFFjUmg?oc=5,CTA,2026-09-11,positive
Chicago Transit Authority,"Better connections, more frequent service coming to Chicago-area transit, leaders say - NBC 5 Chicago",https://news.google.com/rss/articles/CBMiygFBVV95cUxOemZyQVl6RWRENUs0UXV1Szl0TkwtbzJXSVIySzNueEdXQU0tSXdzNGo1WW9UcG9iLWN2UlRQYlZxTkNHekdZZmg3UUV6YURBMXNybVFWdk5zV0pSNEZYOE5xUUo4aUJ3aVZqdVplbGVJRjl5ME8xZ2JFNkVOeVk1RFRvME0tSEpURHdERlFzR0o1aUs3OHp6SU9SbWVNTVpoTWd6VHhtdVNFc0NVd0xOSG5nU2RFUVdKdUhRUXl4R01MZHZKdHg3bGJn0gHSAUFVX3lxTFB3NEpaUmV0M3RzZ1FfcVFTVHB5SHFlUzJhYUttd1BOU3RkRzdnTEdIbVFURWRicWNOaEZNazdHR0wtT1Z2MTUtYmRfTzlIbjBBd2R0Rk1pT0hhX0NQWTJvN3BTYzhIUDBOZkZSeWg5THM0OThzQkt0RjRDTU9wdHI3WnVOM2RyeUdYbXhZV2Q1UmN1RXpCR2NZM201cWkxOGI4RWJXUjJXb0xlSXN5YkVCcmtWOTBWN0pneHVsb0dpeFphaElnbVA3MkxlbFNTM0h3UQ?oc=5,NBC 5 Chicago,2026-09-11,positive
Chicago Transit Authority,Take CTA to Your Holiday Celebrations - Press Releases - News - CTA,https://news.google.com/rss/articles/CBMiekFVX3lxTFBvZ0JMTU0yeVl0ZnkxeHAycjRpVjZFajNYeDBGcUFsWWdvNW05S0NCV2hPMTVSQjdxX1ZKeUY2OVMtLV9WR0h1SmRTN1o3N25NdEZRWUpSR3hhbHJ2S0pmTzdRQ05PVGpRMnJuVmF0RjkzNGxoY1JfbGlR?oc=5,CTA,2026-09-11,positive
Chicago Transit Authority,The State of Illinois Newsroom - The State of Illinois Newsroom,https://news.google.com/rss/articles/CBMiowFBVV95cUxPX2hKTjNxRkFpZEgtZEhrVWE3SzZoMnhva0l1Zkk3dmlQQmY4OGJyXzlZbzBmRW9RSG1qUW1RWGZ5clZBQjN5T2sxX2cwMk9CZk92aUk5TG90WUVKeGtNSjZ6VWVTN3A0UlAtdUd2OHBITUUxbEdXbnQteFpPeDB0Tk5MdjlBaUZxalVGbFhlRndObnpNMlU0b3hpZ1hlZzNvZWRj?oc=5,The State of Illinois Newsroom,2026-09-11,neutral
Chicago Transit Authority,CTA fare gates could look like New York's and San Francisco's - Axios,https://news.google.com/rss/articles/CBMitwFBVV95cUxQN2VhSU9JSHJneUJvMnM4MjJfR1M5Z1cwT1NGZW5RSzdHQUp0SEFhZW9RWU5UaDMybGhQMGdBZzJpUkhmbVhGaV9abW9HU3lSQXExc0djcmQxTl9selNtSDJXbkVHWGIxNThBWXpiM2RHWUs3SGVxbXpFQmlrMFhLWFZCanYtS1hHQUJBa0tRN2RWaGhjZXEtWFloLVVQbDZfQTV1TnBwOUpscTR6ZEdJbEd0d3V0YWs?oc=5,Axios,2026-09-11,positive
Chicago Transit Authority,"CTA Red Line trains running again between Garfield, 95th after person dies on tracks, officials say - CBS News",https://news.google.com/rss/articles/CBMirgFBVV95cUxNbHJNNERPWFIzdXJJTGV5ZjBQWE04S0NrNzVzZGhpMXdyRWtmRUZXdVJIcG5PTXl6MXVBdm44WHF4a09nOVdudFBlZFJaMkNmMmhmRXhqMlJVdFNVQjNOQW13c01TeUVVaFlUaDdDdnM1REttSWp2Vk1jY0tqa3FleVd2MGdIelp0WmowZktmd2JISUhqMzg1X3d4N0ZjSWRMR2x4YzNZXzVrR2FMSHc?oc=5,CBS News,2026-09-11,neutral
Chicago Transit Authority,Chicago-area transit gains new regional authority - Planetizen,https://news.google.com/rss/articles/CBMinAFBVV95cUxPMzVCaWJOd3RNdmN2clZMR0JrVVMxcjU2cHBrYlN3SUZwMXVnbUJnRVNjeC1qSkFEOFRWdkZiRklwbVFvbDZEM0wtdEpPN1R6cUl4YlA1WF9lTU51N1Yyb091Wl9hc2NJQWNSd2lBU1p6Z3Roa1k2NllLWmpnU01tZVJNWVNvSk1zS2kzNVBYUjE1LXVjQ2hqZ09MR0c?oc=5,Planetizen,2026-09-11,positive
Chicago Transit Authority,A City That Works: Grading Chicago’s new transit leadership - Crain's Chicago Business,https://news.google.com/rss/articles/CBMisAFBVV95cUxQM1picVBUTDA3WGx4QlEySlBicmNSSHduWUNld0RzbzBqWE5qa3VteUhtOC1lSW45am5QOHlqTDhlNmdfM0tMSnZnT201U3dtTVJQUzFmRTFxaU03UC0xSTdBcW9qeHVPTnY5c283am9DdDNfVW5hY0k3cFBHNmJvaVBqX0Z5NVJvVVIzNjdjQlhicThkWnhZV1NraHVaOWs4Z190aGNCZTFVdFYwVjFhUw?oc=5,Crain's Chicago Business,2026-09-11,neutral
Chicago Transit Authority,Mayor Johnson and CTA Celebrate Investments in Welcoming Spaces Across Chicago’s Transit System - CTA,https://news.google.com/rss/articles/CBMixgFBVV95cUxPbWprc2hqUTV0RUdCbmpWTVNHTDF2VldrRlM5THc5TDhZVHprSzlJdXVzTmwxMktjNEk2bGRsbGV5UV9qcTJTZmlwSk9wMGpKOFRfWDJ4UjYyemJDdVByRXdreXBpTjdMYTlsSWRxRDV3X29pZTlKeERMOW5XZC0zNmVfY2d1UnhDU3NtUGNPeE1xemdxVVVQa0ZhYjF6Mjk1NFlxV3lzb05UWjJmXzVFVmo2YkVVLUotcUpYSzJ4UjBFY29uQXc?oc=5,CTA,2026-09-11,positive
Chicago Transit Authority,"As a new CTA board is seated in September, the current chair positions himself to stay in mix - Chicago Tribune",https://news.google.com/rss/articles/CBMidkFVX3lxTFB3ek42emtqYmFzSERmYS1GV0E0Tk52NDFuWGV4QXVhUlZ3eXJrbVNfUGMzQnlwVVh0dXZxZjdwVFJ6bDBpTTIwTDkzdkRrZXFBZzM1clhrejNBV0tQTkQ2dklzdU9WQkZYbzZXTlNMd2xCeGN4OVE?oc=5,Chicago Tribune,2026-09-11,neutral
Chicago Transit Authority,"Northern Illinois Transit Authority holds first meeting, picks chair (Updated x2) - Capitol Fax.com",https://news.google.com/rss/articles/CBMipAFBVV95cUxOYkZnTEdYOWpIRkdtZi03OUtPeVd4RkFKbG0yN1hxdUlCYWpYbk9HbUdtdXBack90YjZaYjRaUU9FSkxtcHdGMTBNejljVzJlbWhpTi1mTElxcGZqaFVMdlBtdndlS1didExQYVB6SE9ZT2ZzeVRpc2ZudUhITmJWak9KYWg4NGNaazZrRDU5ZUJGZHdNU3VKY2hVSlpRQmhZamFadg?oc=5,Capitol Fax.com,2026-09-11,neutral
Chicago Transit Authority,Family of Man Fatally Stabbed on Blue Line Train Suing CTA - news.wttw.com,https://news.google.com/rss/articles/CBMijgFBVV95cUxQd082dFNqbl81eXg1S0xsTkdjaUlQZXNGb1V2Y0JFc0NSMmJjSnFhUkxvd29CbHdmTmhFMVBRNVdubGwzN0lzaUE4Zy1IYUlnNXJnQWQxdDktU0ZmTmw0VG01TGc1ejlQbG1yeWlTYklxYWdVT0UzUmw5ZnJvMFB4UUtzX0lCblFMWm5wUjJR?oc=5,news.wttw.com,2026-09-11,negative
Chicago Transit Authority,Chicago Transit Board Approves 2026 CTA Budget - Press Releases - News - CTA,https://news.google.com/rss/articles/CBMihAFBVV95cUxOYUQxQ0s5bHphNExIZ1pmU3RNV1p2elotQTUwZEpxLXh2UkxqMjY5M0d6MU5kUGtGWlZsWDRRQlhKV2RVb1lHa0ZqMFltYXB6NU5NWGNHWUpiS1B2RDVjUnFnRXhxRWJ0cU9iX0F3eHJvWDgwbDhYNFpGZVhUMnViSEI1bC0?oc=5,CTA,2026-09-11,positive
Chicago Transit Authority,Man wanted after allegedly slapping woman on CTA bus on Goose Island - FOX 32 Chicago,https://news.google.com/rss/articles/CBMinAFBVV95cUxQNWhTUDdVZWRXQUFKU29LUkRWVU00NEFTUlljbzlRcHQtNUpUSzNiaE9QZERxUE94aWE4NzF2eXJNN1Bla2M2ZzltYUNwT2xGdmFlR1VDTzZXelhOMXJkdklMaXNWdFRjdnBFY3BWbjNoWUtTcGNzcnVqM09tcHE5UHR2ajhfV1FHOUdUMG55S3lXQkt1empFVkVBeFo?oc=5,FOX 32 Chicago,2026-09-11,neutral
Chicago Transit Authority,Crisis Intervention Specialists Pilot Program - CTA,https://news.google.com/rss/articles/CBMieEFVX3lxTFBfLWg5S0dkMEM5b3VjN01uRHphcUxJZHlrdG5mYk8xY3VJWEVpM3lLWktlcTgzeTNWeEpnYW9XdHo3eVJSUHZUTm93X3dZXy1CX0tYdnhPcXZUNlVheHV2dVllYk9DdTh0Q1JGUWVBeC1FNGxBdlQ0eQ?oc=5,CTA,2026-09-11,negative
Chicago Transit Authority,"CPS Employee Accused of Double-Dipping Through Dual Employment Scheme Now Works for CTA, Records Show - news.wttw.com",https://news.google.com/rss/articles/CBMivgFBVV95cUxOeUFkN0pPTWdfOWxTYVItOHdYUTIzSldUR09Yc01Rd2ZUSmE0U2tOMXdGbVdQMFU2OGdoUS04OVMzeTZMU3R4cENGdG5HbVJyQ0NCZl93M2pZV19oWjhnNnBYRGdPb0hGUFhYQWlGQlQ0VTBiUW1EUEp1UU9scC1Xa094clBsYTZYZmVGVHJWMVdTeU1kNlRUdnRETWkxLVdQVkZjdy04VW1nUWl2QWlyclJUcEU4TE1ndjF1Z0t3?oc=5,news.wttw.com,2026-09-11,negative
Chicago Transit Authority,"Transportation overhaul taking shape with toll increase, new board appointees - Capitol News Illinois",https://news.google.com/rss/articles/CBMitAFBVV95cUxOSkJod3Q4WTlDM1BVWWtsMWtlbDRkVVBSbVpBX0JSaUx5SFVnc0F0aWpNNm5McnIzbThaZVJ1aVBEdW9SekxyZVliNmtxNTRXYmtrbHpnY2c2VUZEaDNWWmYtWUxHRllyQXByR2w3LUNVWTNyMlFZR1VMSDdtT19iUG1iX1lEZlcyVVVhdDhERC1FRUZBREM1ajlqUDdVaUYxaGtfRUFFRzc0R2o0LTdzTThBSlk?oc=5,Capitol News Illinois,2026-09-11,positive
Chicago Transit Authority,Chicago Transit Authority sues to restore billions in federal funding - Politico,https://news.google.com/rss/articles/CBMilgFBVV95cUxOZFN2bnY2bTJOT1NLVFV5UEtqR19QMWZfNnh0N0xuMzlPVTZBY01sOEtoc2lhYmF6YnpNUVZZUlNpdW54aGdQTTBBdE1oa0tHWm1mTFI3dlkzWVFoV2laLS1LN09naHRTRzNmUmwwWXBGSTFQT1BHb3IxN0ZENG1TdG1SNEJoY1p0UExPLUxOODZndDJVZGc?oc=5,Politico,2026-09-11,positive
Chicago Transit Authority,"Advocate says Northern Illinois Transit Authority Act, now in effect, will improve transit around Chicago area - CBS News",https://news.google.com/rss/articles/CBMilgFBVV95cUxOWGdMS1pNVmtDQ0cyS3ZSSjFCa1hzM1JTeHE1a1RRMlAxWGFjalcwTU1HZlZ0LXJ4WmsxYjA1MGEzcTBLM216cmV0TGVrU3FUY3BteEV2VnIzcGpvVGk2YVc2NnI5OHd6a0VHaHZuZEszRnBhUUtfN2RiM2NqNGRJSjZnRjFWeTBtYy00WGhoczR1aDgyOWc?oc=5,CBS News,2026-09-11,positive
Chicago Transit Authority,Officials Celebrate Completion of $25M Project to Improve Accessibility at CTA Green Line Station in Austin - news.wttw.com,https://news.google.com/rss/articles/CBMivAFBVV95cUxOSzZBREJHMWl3RWdPNXpNbFN5UFNYVDE5d0VNNHhLdHRrbFRXSmdnSnh5YWRwVWdpX1V4TlhVeGF0X1Z2bHpLaHJ6WUVxQVNfa3ZKQTU3ZzZTeXY2emJNVk5NMUs0TVB2VzlMcnFXZDlxbldkQ2NrVU4xTmJZOFN5SGZmU011Y1VGWGlybi11QmVkYUVzTDc3X1FzT3I3d2JSNkFubEdBV05hNHVyZUE2WGJBcW1XUFhVdTViTg?oc=5,news.wttw.com,2026-09-11,positive
Chicago Transit Authority,RTA approves funding estimates in final meeting before being replaced by Northern Illinois Transit Authority - Chicago Tribune,https://news.google.com/rss/articles/CBMiekFVX3lxTE8zRWd2LWRrVGFPdkJtOUItaUtXUnJ3UEtfX2NjUk5ST3VlRDJtdGo3dkdHVWZaVDZtbV9wZnlEckNZd2NYMnhkWTB3UkhDcDZscmFSYlA0bDhaTTdMUkhDN3NXSnI2N2tGY0tXSWZCWmd6eTFpdjNudWJR?oc=5,Chicago Tribune,2026-09-11,positive
Chicago Transit Authority,"Chicago Labor Day Parade returns to East Side neighborhood on Southeast Side for first time since 2022, followed by Eddie Fest - ABC7 Chicago",https://news.google.com/rss/articles/CBMizwFBVV95cUxNTW1udE5MXzV4eTRzOG9SX0kyLUVlbkhhaTVHejFTQVJpS3pRMUpPeHh2YTMtWEpfWmdZVTQ4V1NORUt2a0VtVVVZUjg3QmF6Y2N5MmpZaWRwd3hiSFVoR3ZJdEl6VUdCTXprYk9zQUxBWjVKaDN3eTZMWS1zQkRSMU1xOWlHMmlBNGExcWxnWVhybi1uS1FQMnFrUUVDd2M1N1kzLUpHVmlyWmtNVE1rOTkxRThjWXZ6VmtfY2c4UzJwbTYzNDNWdmlzSFVocWvSAdQBQVVfeXFMUDFZcS1zUGJadW5rSjd5QW9na3NsaG9obTFrOE5TS0hxdnlLT01aQkpSV195dHhKNmRvS3R0aXVMVmFBcGYwOUNoOFEyTmtWT2lkT1J0YjJhRkpFZjBlLWMwd25tWjhrU0ppcE5LVDkxLXhXU2QtelVCREl1RHNPMll6amNRekNHTnR2bGtjems0QVVQRjlocTNCR1gzLWxwQm1QeFNtYS1BX1hGQlJYRUNDTElVaHFtY0VRbW9CZC1sSWNGcmRYbldJNmlZLTNpMXZZZTU?oc=5,ABC7 Chicago,2026-09-11,neutral
Chicago Transit Authority,Chicago Transit Authority Number of Employees 2026 | Employee Count & Headcount Data - reveliolabs.com,https://news.google.com/rss/articles/CBMifkFVX3lxTE40cjBmbWcxSW0zSkE1X0stX3dPVTZvTGQ3a3pvQXRacXBUNmcyQUFPSGs1UHk4cmNfTmtwV2tYODdNR3R2cnV5S2RBT2VURFFxSVZPdHltOGdlZ2ViV0Z5ZWtRWDFnVmNBelIzUjNMc3prWkdUSk9PU3NROVd3dw?oc=5,reveliolabs.com,2026-09-11,neutral
Chicago Transit Authority,CPD seeks CTA attacker who hit woman with cord after punching passenger - WGN-TV,https://news.google.com/rss/articles/CBMirAFBVV95cUxNcDZJQTlXQzZWU1R6aW9Xd2ZRbS1kLVd5V3dhSGwwRHA2cWY4dXZnUWVoR19IaE0xNkZHVElUMUJKcThoVUhFSE8yalFldHJvZnBQWHFuU2lzQWdHdTJRYXNRTlFOdjM2NVQzRGpsYWhVUTFiTDlkTUZZUUtWNXBXemRvY3lQR0VOd1Y5QjctLVJPYUZDbzdReXlHeF9YMGVIUDN4dU9qbE9ZT1hR0gGyAUFVX3lxTFB1MmZ6WHV4dV9Mc1FXaXVDVHZ4LTgwcTVta2l1emlSdEVSdHJUQVpRYmZtWVhGZkV4UU1GRElvZHJwUnFfckFETkszbmVNNWR6UWtmN0FYcVhWQWw0SFBaUGJRVFFPa2hQbkF0YXp1b1BnWDBHU2t0MGpGOE5saHJwbkhjRzRiZFFKZmxxT2kxUzZQcjBDajVMODBaYVVKT09mM0NaWHgwbjFya1pCVXRHQVE?oc=5,WGN-TV,2026-09-11,negative
Chicago Transit Authority,"CTA Leaders Tout Ridership Gains, Lower Crime Rates on System - news.wttw.com",https://news.google.com/rss/articles/CBMilAFBVV95cUxOdDg1QnNBX1VvZHAtNEtVbVp1WGZvOExNbUFyYkIxTVpELWo4UXRjelJvVngzaEVESDZzSGxENTNPXzVLdUlMUGZBN3N4LUVYMzA0NlFZUGdEeno1VUVYdXVDNzdvVGpHSnBqRXZ5eldPcjFmNW5zZ0J6Y1hsMnFwbk5uRjRKdU9CZUpVSng2dFU0dzVC?oc=5,news.wttw.com,2026-09-11,negative
DC Metro,DC Metro trains and buses to stop for 9/11 minute of silence - Washington Examiner,https://news.google.com/rss/articles/CBMimwFBVV95cUxNa3pyQVdfR2FuSXFwZ1MyX3N3V3R3Vl9sU0h6ckZXUWtxenZmQWJXV3JwdUlfbllNSHpuazJmbWM0NVhPT3VyWXlxNlNHc3JEU2xOdFJOVXNGLW9lVHc0NTZRWFVnQXQ0X3YxbnlHNnY1ZWpaeWp2b19USTdydHBiekFMSUFMUndVT1ptZ0hfMWVDVGViSWU0MVVUbw?oc=5,Washington Examiner,2026-09-11,negative
DC Metro,September 11th and Public Transportation - Eno Center for Transportation,https://news.google.com/rss/articles/CBMiekFVX3lxTE9aMFlTYTFIQXhFSS1YLWpxVXpuZks0YnJ0SWVQZDRXZlNZaHRSeE5abzVRQVdPN0xnNGNFM0ZfRWNKNWtxSXJONDBlZlYtR2RmZ1lQSVgteTdkd1dSRHJpME5HWmhRWHhfR25lUjBObHNHTzE5WmY1empB?oc=5,Eno Center for Transportation,2026-09-11,neutral
DC Metro,Why not everyone is happy with DC Metro's new signs in stations - Yahoo,https://news.google.com/rss/articles/CBMihgFBVV95cUxNSGM3OTVzc2IyYTF3dm1XQnJoV2p4eXpDWGk0Y1pNMTZwXzRPMW4zSWVtcWJUR2J3bEpuVmdrdTBEcWhTSlROaEdJOXFETk03bkwyRXlOVEZtY3dVRGN2OWRzN00yQjVHR01TQU5iMkp0Sm1BZFVWMmRaR0RIQ19aM0tfTDc5dw?oc=5,Yahoo,2026-09-11,negative
DC Metro,What changes is the Metro making to its new signs at DC-area stations? - USA Today,https://news.google.com/rss/articles/CBMi5AFBVV95cUxONGd5ZzZmdnFRcXNSM0g1Skw2TUF5QUtnLTFnSzluWVBjYlFvNDM0dVh2V0JER2h1amJUTmN5dUFNTXJyVFJxWFYtUnBjdjg4VFZTbXNKck9pSmlsUUZfbU1ESkl0MUk3dHVTUUUwcExlbGVIX2pfZ0pwelNyV2Zyel8zTXJ2d2VDWWg4dE9QeFA3bEpSUDZsdjRQc0xUUVFLZ0I5b3BvSnI3ZWpQN3ZhOEw3cFA0OU9nM0NMajVlRkxlNDFmSEl4Yi1sUHBRNGpkbzV2eHp3SFhubTVOeVdTLUhJalg?oc=5,USA Today,2026-09-11,neutral
DC Metro,Washington DC Metro Baseball (Spring 2026) Rankings - maxpreps.com,https://news.google.com/rss/articles/CBMi-wFBVV95cUxPNnlfbnNOTmdFS2dxVzVtV2hYbm1UVEk0QzA0OXFHT1ZhN1pvZkZlRGtTUUtueENyS1FaX3c5VDNMYzFwU2x2eU5fRnE0RDBTRlNlNXczU0NCai10UWJsUU9xUjRldXd5d2FlRXhnaWJhMVlSUDZMMlprc1pFbTJQTU9LTlRyLVhlSXVOaDZTeE9kYWFBaVYzMW9mb1ZiR2dNOFNTeFBnRGg2RDUtWktDVkhsNXY1NmdrN0FXd054ZUFaTlhtQ1cxSDdXMTlFaG1yZFJMV09ZNWxTRkg0YURiNXJQUUVNa29RYVhSQ3E4dkxMZmtLX2ptM1BzUQ?oc=5,maxpreps.com,2026-09-11,neutral
DC Metro,"School closings: DC, Maryland, Virginia closures & delays - FOX 5 DC",https://news.google.com/rss/articles/CBMiRkFVX3lxTFBYZjFuTHdCemc5YWZZbllPLVd5R2JnaG8zVEZnVHpOZXh6djJiX1ZHRmdockNydkpaZXZWMUNXZ1doUC1VQ0E?oc=5,FOX 5 DC,2026-09-11,neutral
DC Metro,Metro & Rideshare - freedom250gp.com,https://news.google.com/rss/articles/CBMiZEFVX3lxTE8xQWg4N3NWS2tfVFJZcnNSRzlCWnR3Y0hzQmtRWDUzZ0hMaUNDSTNIVjZNS21tY3d5aGNMNW9NUVJUT1p3RXNaTlE5SmR5MDlPT1h3VTJ2cjExVDhwN2RtaEdrM0k?oc=5,freedom250gp.com,2026-09-11,neutral
DC Metro,DC Metro’s Red Line commuters face a summer slog amid station shutdowns - Maryland Daily Record,https://news.google.com/rss/articles/CBMinAFBVV95cUxPU0phaGJsNUI0bUxkWnF0SnFOVjNyNzQxd1JuU25aTzBiTEd1RnBQcWlfMW9WNGZib0R4QjROeWxZUXR2OWs4aGVqTXBfLUpLT2NGMHhMLWJjVHdxdDBqU0xoRXJSRnBxT2Z2STJUeFBNYU5sc0VwX0xIMGF1aVNBMFhxZWt1TjU4MTU2LVdDLTl4TjV0NEJ3V1BRMS0?oc=5,Maryland Daily Record,2026-09-11,neutral
DC Metro,Thousands of Salvadorans brace for possible end of TPS - NBC4 Washington,https://news.google.com/rss/articles/CBMipwFBVV95cUxOdzdUUmoxaDNHekpRdkR0YS0tNmJRakE1RkZUVlRfY2dGN043YXV5cVotQVcxWXdxMkVWMkJ3NUxmMkpSVXBUVGs1a2UySkFrU0paTGJqRW44akNsdDVtVllGZDRiblZLbWZuemNSSTc1NGhvU3k5bklXbzJhb1AzaXJEbXBYbktqQ1AxcGd3dGp4bERjMUZMUndDV2ZFYzlFOGpFZ2Iwc9IBrwFBVV95cUxNNDZwQjM5c2l2eC1ST3d2V01yRVlfMmRNaG9NTFkwS3o0V2xDeDZvY3d5RmRFX0xTRTM1ZUFTc01HNTZtUm5veVVRcVpmTnE3UlZEVTBVcVVtZkFrZWdJeXB4TTJDRFFtYTBmQTk4VHozNUpBOURaS253c250eGc0ZDVMY0VDMEVmUEtaX0UxZ2p4Y0JCWmZCdGpsaWJhc2p3d0tLdHFJdkZKWVV5eTJv?oc=5,NBC4 Washington,2026-09-11,neutral
DC Metro,"Mixed Signals: A Housing Update for the Washington, D.C., Metro Area - Federal Reserve Bank of Richmond",https://news.google.com/rss/articles/CBMi0AFBVV95cUxOaWNFTTJsQWdWZFNjN3V3QlZDVFNZMy1YZEV3LV9YXzlQeDE4WFBsNTliWjVWd2M1dW1xTUtfYTRGSGRCMEhJa0c1a0ViN0x5SkxTUGxOajE2cXVEaDQyTEpOY3F5S21Fd0QyRkNlaFdsd2FPcjRSbEN6MnloVzJwbXczb285b09vdjU2clVpUGRUcVlSd2J4aFlBUkRwdnFBb2tvS0lJOVJWdWZESjhWR3JROXFTOUd4RlJoUm44XzFkTTJpYkNtS203cDZrMi1Q?oc=5,Federal Reserve Bank of Richmond,2026-09-11,neutral
DC Metro,Frost Advisory issued for DC metro Tuesday morning--- what does this mean? - WJLA,https://news.google.com/rss/articles/CBMioAJBVV95cUxOc0x3aGFORWpJMHMzTWlnN0g3TVlrMXV5VnpiWmZtSjI5N2s5S1UtRk4xODdTcU9adjBQeTh6ckhsX1g3NlYxQ2xhY0J1bkc4UURGZk5SNUtyVnhzcTV1TzJyalBEYmVtQXVrUDZtRE5OWWVJbnd4ejFRdXhRb2NJT1dVUXN4UWctNXRDQTUySVN4T2dvMS0tc1RZMFQyakNmS0pGYzB1SXB6dTIyT1lBVW9qenBlaFBSWUlqQThyb0l0aUZXSFVvQll3QmlEYXBVTUx2OXJrUEVPdGl3TmUxUlQzS1NMQm0xcGZoNHVvcjc1QmtzTEZnSldyVGRfSjRtVVZaWTZKT0VCNVNxLVNpNkYweEdrRk9jNzNVeXBaS0w?oc=5,WJLA,2026-09-11,neutral
DC Metro,Most Metro Fare Evasion Cases in D.C. Are Thrown Out - washingtonsun.com,https://news.google.com/rss/articles/CBMiXkFVX3lxTE9NcENhOWNRdGdldFBNTVc1SV83SUdYQVhTNWJWOUItYWpKX3VKTVJMeVpaSl9JOC1WSTljR0ZqYml1eHllSFYtR2h2NHF3MjNaQnVBUUVaQmkxUlZ4cUE?oc=5,washingtonsun.com,2026-09-11,neutral
DC Metro,Family Details 6-Day Nightmare After Son with Down Syndrome Was Found Trapped in D.C. Metro Station: Lawsuit - people.com,https://news.google.com/rss/articles/CBMizgFBVV95cUxPZnNPQmd3UGFmVzhFZGxRYV81cVZ3T2l2Q2hSa1V0NDFXSHZ1Yi11bmRvcWtXdmI0bHJkNWx5UlF5TTdmc0oxWGRheGp6R1dvQWVqTDNoLUZnVnVfdjNCOUJiTm1xeWpGTTlpVmJZeDhWTlAyalFibmN1TklBYU16SjhCUDRVc0t5U3QtQjVVMkhrWmZORFdqcDhaQ25BOXVLVm5vWUFDcDNKWjY5X1RCMjFYMlhaYzFWS2FHc1llRWUxUV9Zb0JRMEU1MXRHZw?oc=5,people.com,2026-09-11,negative
DC Metro,Why DC’s Metro Wants to Automate its Trains - Bloomberg.com,https://news.google.com/rss/articles/CBMisgFBVV95cUxNbEpRNWhsWTM2THVhbGdIbWtYMG0xV1RjRjVOSUxnNmFLdS1lOVdtaC0zTXBPQ0p1bjU3Z1F3bkpfNXRNVkZRblBRSjRDUzhaZ3lTNGgwaHV4LTBIb0Y4OU1pNUFhR3VreWtQV09LcVFJZ18xclFwM0FKZTNSM0hrVkRuN3JGYTBoVV9HVHFfdXhmY09hRDJhRWROa1JBMGRoMFRSVkhmczJnU0IzTU1aaWZB?oc=5,Bloomberg.com,2026-09-11,neutral
DC Metro,Metro and IndyCar team up for a busy weekend of Freedom 250 Grand Prix events - WTOP News,https://news.google.com/rss/articles/CBMiqgFBVV95cUxPZHJ1cXRGN0F6cjhoSURZV0dfUllVOVFnNUZWWXF0Tmpyc1o0TXhvRHJhTnNxLXdPemlVTTB3UnhkbTA5NUFWYmlDRndJTnRNbGRWZUVORzBCVl83V0g1QnlZRUNxUEpDZlNYN2N6NU5PbGZJWHgtZERlM2RrcFFPZmRUbk1pWHlDQVJGakYzNVNoVUh6N2xzQ2hhMVhPcU1CTWtseC1lX0xDUQ?oc=5,WTOP News,2026-09-11,positive
DC Metro,Another Scorcher in Store for the DC Metro - thewellnews.com,https://news.google.com/rss/articles/CBMihgFBVV95cUxNT1FZM09BbTBxcFhEMDlRRTZGcTNjdGxjQ3ZEa1RoX1UtWUxibE9fWHZhZmE4dGtxTGJ1NG5xWDdRQUZyRURMM3dtUDlfbF9tM2JraVNzcHNrQnByX3BhVFlYbTFyRHhTcmlQVlkzZjBHeHplVEhyb1cxcXZBRWRZR1hnNzNuQQ?oc=5,thewellnews.com,2026-09-11,neutral
DC Metro,Pleasant Start to Saturday Before Heat Builds Across the DC Metro - DC News Now,https://news.google.com/rss/articles/CBMiqwFBVV95cUxOLWhyVUZkS1pNR29jTVRTY0JKNExIb3NxQkhhTFpSMkRESHFvZEtEWWJseHRoOFMwVEVhUl9ZX1JKdkVfd3dxYkJIX19iWTRFZ1REY0NvTlNrbUU2clhuemJNZkQ3UVZuSm1sbDJHVFNxZUozbGVhY3VTRkRoRFdJUlAzMDB2R3pnekRJdGVQQm5MQTlVM1h2QTg0N1o0S2JDRjBRcjBIQmZWRTg?oc=5,DC News Now,2026-09-11,positive
DC Metro,Howard Advances Plans for Long-Awaited D.C. Metro UPass - thehilltoponline.com,https://news.google.com/rss/articles/CBMimwFBVV95cUxPVDVSaWxNQW9OZDdTRFJoUDI3Tl9tdmExakJ5ZWMxb243Mjh6ZHdkWWZqRDZYQ1Jic1lFY3dCZEJLMmhIZEZQZm9jUjhvNXhIUmhNMnhWanNjWHFFQ0hCUXVnQXBFQU8xMHRoeGlNUWVGLXZ6VjJxN3doOGZIWUMxaXJUN2kwamR5aXFKTmNqOEZIV2E4cC1aQmhpWQ?oc=5,thehilltoponline.com,2026-09-11,neutral
DC Metro,Why not everyone is happy with DC Metro's new signs in stations - USA Today,https://news.google.com/rss/articles/CBMi3AFBVV95cUxNbUdmSWx6RnpDQWQzT0pHRktfZm9QTWJDc1BwLURXVWd2TjRuVldKeXlnMklhWDlla3d3LXZPQ3UtbzFGMHlXdWQ2c0loSDRwbk90MWtzY0NQQmlBNUUzZk9idDlTTkJ1MXdJM3dybmpPLVMtdlRkVFR2Q1pGanlWa2ZGSG1nUFY4THJ2Q09nVi14Ym5hV0RYR09Oa0lfanM2WFJlWHgxT3VXTFdKa29qcEdwbDdqenJ2bkJwQXVNVllSRFhVX2hjOFljTzFXLWhQQ1I1Y1JCS1ZYQUst?oc=5,USA Today,2026-09-11,negative
DC Metro,"DC, Metro have three weeks to finalize agreement for stadium deal - NBC4 Washington",https://news.google.com/rss/articles/CBMitAFBVV95cUxOUUhMY2xUVnBUTWxJWmFZejJ2STNIOXByZkVVWk9hSkxIeDNoSWtVU3J1WWdNYUh0RkUxLUtFNHRERm44bjlyTjZ6WkpoblV4ZHJlZi1mRFZkMUs5Ui1NY25mRnVQUUpLNmNpVmNWaXluNUxYb3pubEtRRDN1NVBuWlM3TmJrN0lGd0I0bm1vZEk5WnExRUhrTEQtdFNKM0ZEUmZkSVRweTNHTmpDZG1IRFJpVnHSAbwBQVVfeXFMTk5ZaVdlZjllSmFmTE5MbkY5Ym1QRzVyb1RXVUJ5VHhHTlNvd0VCcmdxUnRtQUlNQ2hLSDEyWnh4VXpyOXg4alozTV9PMnJYdl92SGt0M1VxTENQcjFyME5TM3Y4dFpwTC1IX2c0ei1Wd0huTFFuTDg5UTA5S2xPeHBNY2RIUG9qWW1KVlFaZFpneDYwZzVQb1hRb1FiYVNZSnlQb0RJWmNMLUxqT0R6SHdnRmZZTWlTa3FqTnU?oc=5,NBC4 Washington,2026-09-11,positive
DC Metro,Metro rider recounts encounter with Patriot Front members in D.C. - pbs.org,https://news.google.com/rss/articles/CBMinwFBVV95cUxOX2dDN2JfeHoyWDhlc1Z2VWxaWGtRcEJab2FibWRHNnZsb2hDME1YVVgtU18xQnJKelNYdmxFclhJTWpLY3oxVU1rcWk2b19VRHBnQWhWUHl6dzNRRXl0dzlldEZJV25ydUxWVUR4SkFVWEh1RUlTT0ZXWWhRU0JiZlZvT2xRWG1xdDZXZTZFSm5ucGRKNlJCcWE4aWZqelU?oc=5,pbs.org,2026-09-11,neutral
DC Metro,Metro releases renderings of new train platform doors - WUSA9,https://news.google.com/rss/articles/CBMi4AFBVV95cUxQVTgybV9jNm9jTlMxUnR3TXc3Y2VZT19fWEwyN09jYzdWcUo5ZkFxVk14MHBncVRoa0dFUk9sdFZqaHk2Z2dFZzRUMkFqTm1ld3RVblNfOVBaaHNqRWhpbENINngzSE56blpoeW05S1M1RWt0YktDMTU2MVRUMWJlWlM2Y0ZENmNmdTljVmwzM2FWdWltMmQyX2hiV3dmd3FLWjNxSjAtTzRsbzc5M0pGNTVDN0hVU0NtdFJhRlgxd1B3UkI4V2JmQ2R6b1RFdEhwSGlqNWV1NWQwUDJ1VThVdQ?oc=5,WUSA9,2026-09-11,neutral
DC Metro,"DC Weather: Flood Warning issued for parts of Virginia, DC metro - WJLA",https://news.google.com/rss/articles/CBMipAJBVV95cUxNRzdsRExveEZUVW9TdV9IUGtmSHhkVFdQZlJ2VDJ3Tk9xSUctVGhrdXdiNmhkWnVaRlAtSlhQdzY1ZjlaU0VpTEpoOWdkejhRU1RUZGtpVVhRYVdfR19MSEkzc19ia0xrSzU5REJ3SXQxWkdGOHJNTHkxVFpaZ01JOEtHd3doWGxRdkw0Zk9Ha2FWU0JqWDZhcU1leW4waVJYZUQwNTNZN1MxRzBlQ2psSEM1ekZvOF9fX1R4RC0zVTU4aVZtTHA0eXRtR3Vmd21kOF9wR0ZLclVZc0x3aVdta2pPSWxGc2loVFZfOXZYb1lUOWtZVE81SGE1SWNGc0p3QkJmSXR0SzFJUXI4Vlc3S3pUa1dZQmtoZjBpQ0tISTgtWl9i?oc=5,WJLA,2026-09-11,negative
DC Metro,Metro details Red Line upgrades and upcoming shutdowns - FOX 5 DC,https://news.google.com/rss/articles/CBMimAFBVV95cUxOVVRsSlNIWTZ1NTdpWHRVd05YRlZFMnpfaDhGbzdjWEdnTmpKSGpNTXAzd3AzMFVieTJrTk53Mlo3R3hxdkFvT1J0RTc3SF9kX2t3X21XX09pazg5cmNZaXRMTUd0YmVULThLendXNVoydjRvcnFJMXQzTC1MNExCNlU2RENITUVzWGE2akc1ckFMOGVMS2t0NNIBngFBVV95cUxOYnl3M3BFRXNmaVhuekxVUDhDZ0hnR084SDZ3TWxlcXQyRVdVYUNwSnRacmM3ZEYtaFVQZHlKWnZmWDRVd3NLaGUxNVN4Y1hBbjhjREg3cDhPREJ2eGJYSzA5NkQ2U25GV3BZWjlrRkQ2WUZvVThhV01CcXBiWHljQ1NZUm5QeldYR2FiY2V0WWlVanp5eTh4NjRLY0d6UQ?oc=5,FOX 5 DC,2026-09-11,neutral
DC Metro,DC Metro faces sweltering heat and humidity through midweek - Yahoo,https://news.google.com/rss/articles/CBMimgFBVV95cUxPbTFaMWctSGJuM1lJeGdiOXFiS3otT2Z2Wm9yX0dybzhUVFZVVngySmVxZ0FialJGUHRwaWt6YjZHQVg5dUV2VmpzR29YQXNHNzRsODhIZDdzU09pVUxlSmF6YlFOWkU4R3NsXzBTMUlPQ1BTeTcxaXVmTUhQMC04c2R2YXNqN2F3WlU4eW9PZVJpSG5KemFiT3VB?oc=5,Yahoo,2026-09-11,neutral
DC Metro,Metro hair toucher convicted on assault charge in DC - DC News Now,https://news.google.com/rss/articles/CBMirgFBVV95cUxPRTJUTk9ENmxzNjh2MWYzbEQzbWJuak5od2wyRURvRl9XN1J1UktiQmUycU9NRVB3WUxaQVRwYUt6VXh4aTZGekIydEpCeE81dGgxQUlKUkhtYXFVLU40RmQxTjlFcTNsV3RXaXl6T3I2ekU4bzBEWHFXcW1BVDRjQkpmYzBOMk13czhKT1FVRlhiYUNfSlM3SnNqbjNqNjdYeHN6QnRxN1V5NHBTMFHSAbMBQVVfeXFMTi01Qkx4c19ReFAwYWNpUExOMElDNmpyMHhfQW5TT0kwOVpxaEJMbXEweHlHek5PNlJBajR0bFZpUjZrNzRJOUlhZzdQZVhMNU1QZFNHZEs4cWRvN2dOTVJMTUxDMHVTX0VjLTZiQlBKODA1WExkbWt3MUpLZC1CU0ZTcFRxX3RIbE1TblI0RlRBTW9wYlRROTlYMWQ0b0NBOGhTZ0paNUVQRVFoa000bVZvaGc?oc=5,DC News Now,2026-09-11,negative
DC Metro,50 Years of DC’s Iconic Metro - Washingtonian,https://news.google.com/rss/articles/CBMic0FVX3lxTFBJZTdleXhOVUNuTlU4Vy00OGdRVW83NThLWHZDeG40Z25RZ1ByblFRaTRuNjJyaEhyRjZmOWtPVThKNGZ6dWNLeF9tb3RYby0zcUd6enh2YkRwQzhHRi1NRjU4U3p2UU16ZENKdG9WU2lKdXc?oc=5,Washingtonian,2026-09-11,neutral
DC Metro,Metro hears from neighbors of the new Commanders stadium site in DC - WTOP News,https://news.google.com/rss/articles/CBMinAFBVV95cUxQZVB4OGlKQVRaNmo1N0s5aUlGYWk1SG9TVFdST0FOSXh0LVBwWng5dUtRenh5UHpyMWRlWDJSVzNQSjZ2Z2tGbWdJZ2RXeGRHMF9nTWo2Y0k5ZHVBeDlvMkhNV1pNMjl3VlpBeXF3REhPdDV1Umkza0pMQjJuS2VFNWFTMWphamgwbVNCTFVtdHVqd0E1cTRDalIzemE?oc=5,WTOP News,2026-09-11,neutral
DC Metro,Metro board approves funding agreements for RFK transit plan - DC News Now,https://news.google.com/rss/articles/CBMiuAFBVV95cUxQMFFjTG13U2pYbWtMbGFWV09Wd0RYVXJiMzloRl9FZHh5QVBCRXdpbzFhNWpidVlweWVFN3YzSWxBTEJkSnI2NkZRcnIxTFlIdFlqOWNyMk1UdFFxdUxvRk1oVUEySUowYXV4akRpLVU0S3c4NTNCT2NJUUhyaU9xOEdrbC1ma1pQQ3dwNm1FN3BEQ2NJOTR1M1pBU3lDYnlkdklsc055Y1dsWmRHS1ViM3BINUdXWTR60gG-AUFVX3lxTE92T2F4SjRjVFlzVy14NjRqaWpycTFySmVlU0xJcW5kV18xSlQzbEphb3BZcFdoYTlnTnVpYkhwRlV6WWtuMzBGZHBhanJSSGFGb0c1RlJDWVRvbThRejJkOHBYTXpOMGF4ZFpOMWhUVFdtMzktaTYwMmtKV1h6dVFBckQ1VkNkVG5fUEJURnZtSUppUk5wZ3pyMDRvSlVfbXRYbm45YTZFTElQdUJZQzdYYWdTNHl2TkVDUmkzWHc?oc=5,DC News Now,2026-09-11,positive
DC Metro,Pardoned Jan. 6 rioter sentenced for DC Metro assault - FOX 5 DC,https://news.google.com/rss/articles/CBMimAFBVV95cUxNQWswRU1peE5BdUNHTUJpckNmajRIbnAtQWgtbHQwYVpuSG9rUGhEYlZYVUFQU19zTUJkaUNSZlVOQXVXUGRQVE5FU1JqdThqaTgtODVJTF81SkRjNnUzOGNhYS02V25ZWG5BeWFjZDBXeTB2Rk5JdVU1eUE5Wmp0LTJNY2hRSGxJSlI3RG5OdWJZZTBLS2kycNIBngFBVV95cUxNWHNwa1hlUFRiWXZDa25QNDUzZWhUQ2VNU1UtdnFkRmI1NlFuSFd4ZWRlcDd3VS1IOFJzWS1IMHp6UnV6czFGckc1a1RXODFpZTJNaEsybVdsX2h1SkJjTGJpdkh2MUVDVmJsNmFOaUE4SmhZV3pxYi1zQnJNTGVLTVhWX1NEWE5DcUV5elBXenZnSTZuWmp0YmFseEc3QQ?oc=5,FOX 5 DC,2026-09-11,negative
DC Metro,"Chart of the week: D.C. metro area population growth under 1 percent in 2025, lagging lower-cost peers - D.C. Policy Center",https://news.google.com/rss/articles/CBMirwFBVV95cUxPeUU1Wkd2TWZXTlBOZHhmMVlGYlliaGVzRnJrZGpzWjdTZFlCU2Fscm1URFo1eGE3eUxzY1E1Yk9NY3BwSG9qaU5ZYWVxZWxjTFpHbUgwWFBxeUtHclRCQmZZX3hpUTBONTNwaGNudm1kM0pxNVZUVk5pNUhmVk1KTWtfenpqazlJdjJTYnE1VXJoUUdNdnVaS0R3WVlvVHpKSzFJNU9mNnpqUTZBNkgw?oc=5,D.C. Policy Center,2026-09-11,neutral
DC Metro,WMATA releases list of major disruptions to Metro lines in 2027 - WUSA9,https://news.google.com/rss/articles/CBMixwFBVV95cUxOUEdtemJkdlhkeU1vbTJkRm05VWdRZWpCZ1ZDTmZKamZDRTFFV09DZXRvNFVfbG13dXljeDRvWk43bVdSY0lPRE5CelE5ak40NzN4RmNxSXFqOEhqNkF0eXd5YTFhSnVvcFYtVml1Z0xtUExJZmlkbFk3UW1xOGtMNHJ0UUk3UWxaM0s3SEkwV3c4Y25ETGh1eGstSDJNUzRjWVVSbVg3WndScmc4U0xTUHduTzhZNEVpVkpUT2lIamRCbkNFNmxv?oc=5,WUSA9,2026-09-11,negative
DC Metro,Using Metro to Get to AMCHP 2026 - AMCHP,https://news.google.com/rss/articles/CBMib0FVX3lxTE16NUxSeGJadmIzbFdCU3d3S0w4QUg4NWRwZ25FYkFhWDhGZjJIbDhFZFJ2djluQ3lodVJ4b2NtT3pNYktFMmlFZFJZMjlON2FHS3NKZkZWSC1rLW95am9vMy1taUJOLVZCWE5TLVR6aw?oc=5,AMCHP,2026-09-11,neutral
DC Metro,DC’s Metro Wants to Install Platform Doors and Run Fully Automated Trains - Washingtonian,https://news.google.com/rss/articles/CBMirwFBVV95cUxQRWhwZzVDeFZHRlhJYV8zclgtSGRLQWg5SDU3cG1aN1ZWdWIxcXpDWGRGQ0dTS0RuVnFOYktiMlFOc25oNHdyakZ5ODlOSzhUQkdxUko2Y0ZSV051TmNVSHI2YkU5a2F4OE00Ti13UWZ4QXJKS29LTVRURHB3R085MWkxY0FQaDhaUllEQ3N3bTh4NUhWd1hHbU9zOU5WMGRVYU1wdVBjT3dWajlSY3dj?oc=5,Washingtonian,2026-09-11,neutral
DC Metro,Skip The Drive: Free Bus Connects Annapolis To DC Metro - patch.com,https://news.google.com/rss/articles/CBMijAFBVV95cUxPRTU3WlNVNGxONFBudTMzd3drc0JvMUtMVjZCUTRwbktTTHRyYzV3NVRrWktiR2FxT0F1dXRpaG5LUW1zdmJscUU2QVRZMXpraF9yRm1QV0RwOTBTRmZ1QW1tYjU3eUtycFVIMXEyVGJfdFVtQWo2ZU5IbjdLZ0taSXMxMVNkX3Z0Y2RBeQ?oc=5,patch.com,2026-09-11,positive
DC Metro,"Severe drought continues for the DC metro, while extreme drought worsens in Virginia - WJLA",https://news.google.com/rss/articles/CBMiggJBVV95cUxPeFp5MG5lSVVXOWNXbF9abkZlU0o3SFZfbk00d2ZqcENJYUZkek9YM0tPdnhvMXRrNjhNeUNUTU50NWI0eWY3LUVLcm44bmgwWWRMWm5oUHJ6eHpoMHJUalBrMGlSbTZNTEpyaXlVcFN2cmJ2T2lkVHRWTmdMandpdmtTU2hXMXZUdE50OG9FUXp2ZFNSSjZFTVZsUV9uZ0diZlctNk4tbFNKSjBha2gxY2tNMEVyZDNOYzFFemliZWRpd0lJUUZ6MzRpcUtmb1JPMW41STdBM2pzWllMeFJyX2FhY1Z1ZEtWdEVkaThKcFBBMEtJRmU3MVNIVU9UQWgwQmc?oc=5,WJLA,2026-09-11,negative
DC Metro,DC Metro crime drops as fare evasion enforcement surges - FOX 5 DC,https://news.google.com/rss/articles/CBMidEFVX3lxTE85VFU4VUQwOVA5eVRCWmJEYk9Tck9rSFNocjV6UDdKSnhnRTZISno5OVV0RzllOWFoeHZXdEhJWG0zNFF4LWJQLTAxTzlyY3I5bVFmcW5TVGVMQmUwZUdxcV9XY3pRTWFFa09EdnJUZWdfVllN0gF6QVVfeXFMUHREVUx6Tk1Jd0pzOVFaNWVtSkpBUFV2ZV9TVDd0ZmZFczY2S255WHdnVVM1Tmx3WlUzY3I5TW84VldtMklxVXludWxjX0RUWnJ1YmM2LVJ0RmpXTzcxVjkyTXhlUDh3ZDhOWlBZRVc2a3pfa3ZJU2lLaFE?oc=5,FOX 5 DC,2026-09-11,negative
DC Metro,The DC metro area is getting its first en-route electric bus chargers - Electrek,https://news.google.com/rss/articles/CBMiowFBVV95cUxPT1hQc0RYTUxMREt2VmMyOUxDOGFKQ01xTXVMRlJkWFNVUGI5YzNRZ2RZR0QxZVRtS1RUZnNjeW1rdjJxQy1rZVpDSEd6Ui12V2VDMzRLMkllRUtvT3lPd3RUczFyVFhKam5ROHlTWGJ5QWthSjNWWEs4U1NIdUVWZ2pnNkdJU3JCbWhpTzZKRzhtbERvWURzcnZHOTl4NjNCb3dF?oc=5,Electrek,2026-09-11,neutral
DC Metro,'Does pose a threat'| Metro hair toucher receives maximum sentence of 180 days in jail - WUSA9,https://news.google.com/rss/articles/CBMi4gFBVV95cUxNR2MwX09yR0k4SmNOMmNBLU1mNjN0dUFKV1FpLV9LbEdvUVUxczlKVUdHdF9OckFiLThtdU54RUpJVVZtRUhub1dSR3NPX2dDYnFrTzRrd1VJVlN5em1OdF9NeTRkOGxrR3k4cS1OOGF2SjZMZEVNWm1DQkFJSXhOX1BWNTJlX3lKcXlPcUgzaE9zdU53SHhvcld3aGdXU2N0RVpId2twZHZkOGNhOUVYZjMtYVNMR0Fqak1Sbl9SUnl5bTBkLXhEV0hhZzNnSUNEMTV5ODBBSnhMMzVhT2hoRWx3?oc=5,WUSA9,2026-09-11,negative
DC Metro,DC Metro Red Line closure is underway: What riders need to know before the two-month shutdown - Secret DC,https://news.google.com/rss/articles/CBMiW0FVX3lxTFBhbXhYS0x4NXVZaFlENUZrVnM4cUdxNmtFbEtscHZoUmpLQWZjeFJndDJKNmthVjdGNzVMbGdzUUVnaXhiTDllWE1ZQmZ2aUxtQk1ZdE0wamQxT2s?oc=5,Secret DC,2026-09-11,neutral
DC Metro,"Metro announces upcoming service updates for bus, rail - DC News Now",https://news.google.com/rss/articles/CBMirwFBVV95cUxNcThWMjR5aVVhdW5xTGN1UGhKVnRyOGtiT0RmM0w4VDNFODJ3MldPTzVtNFNXQ0FBcTdMM0JSdnhtc1FVeTVNWVI4cDJ6MVVFcFRmOXd1LU9WUy1hQVZjZG1tUHdNaDJmNzFBQzZzdGVBMEZDUEZmdFJEa0pITFlQNzFjWUQ4NnRQWUpoRWV4aURiVkZxdDA1NXIzRWJDdFRIWHViV1UzLUxhc1otSFlr0gG0AUFVX3lxTFAwRWRabnI0WEVUUDk1T2pDVGNBLVBsUGpuY1FNT0hMTmI2Mm1oTmlNaGZfcUdIdGJjOWQ5bm5aS2ptbDRlTE0yV0ZjVEx0QVl4NXhIMzFWSkxTNlhTeS04Zkd3VW5OV19FNjlPSDRlTDRuM2wzdk5mMFpweVpxOWlIanNkNENjMk1oOW5CVkQtZ0VuZlJ1a2RWQVFkblhEMXUya1QwQllFNTlaSl8xeklCTVBjRw?oc=5,DC News Now,2026-09-11,neutral
DC Metro,They Wore Masks on this 250th. She Didn't Need One. - Civil War Memory,https://news.google.com/rss/articles/CBMid0FVX3lxTE9nSHJhTWlVUzNUQjdwQzJjVVpTU1lXSmtiZU0yU3ZqcG8yakx1S0hfbUxNTm9XMkxBZEZRS1ZIVkp0VWY5eTM1dmdRWFhBc0VHdGdsMXhqVXRWNUFmRnRieVNBbnBTci1aSUFjSm1GZHhsWEFpb0Z3?oc=5,Civil War Memory,2026-09-11,negative
DC Metro,Red line shutdown begins Monday between North Bethesda and Friendship Heights - FOX 5 DC,https://news.google.com/rss/articles/CBMiowFBVV95cUxNZVUtT29hdnBoNzU0ODRBbi1HS2drSm92clRqaXc3ZWlBTEZ2ZTVGUTlxNllrRW4ydThfM0lldW1zV0QwTWZpVTFuMDY5dTZhbXVBYkpMLU1ZQVowQy1JZnVFNUtlQkR0Y2xFcXlqdm1wbi1BV28zeVlMUnV2MmFDczZtenk0c3NhVVQ5LWtpcHR2RGZYV05QVFlvNUU2QzkxYmpB0gGoAUFVX3lxTFBrZ1F6NVdfOWxHd3IxaFl6TU4xOTI4VWczVUlkX21ic252d2I3Yk1mNXJncFM2NnJaOV9USnhjT0E0RFg4TU1kRk5VYUQycXM2Y2hYTGlpRHItZjdnUm13MG1aeGkxMmcwQ3NvZHRSOVdhWDJuNGxHOWo3NGktNFQ2QTRxYVFHSTJBR2FHMFFoQ2hUdXFBNVE0bWZWQ1VlM1VmczFCaldOOA?oc=5,FOX 5 DC,2026-09-11,positive
DC Metro,DC Metro heat wave begins Sunday with temperatures in the 90s - Yahoo,https://news.google.com/rss/articles/CBMikwFBVV95cUxPSDhTX0xZR0hNV01Xa2xyZFJDem5mY09jWldZWjRYSmFYd0FnY1hkVnRkUWZJMTAyNElxMzZtT2RwSk5aX2tMd3JZQ3R2YlBybWF2V0IzeVBocF9tSlBMVTMyYTZuU2NQSEpGQnc1WXhUdGxvVlNLcXhlb2ZNSUJvaTg2d3JWYUNaMXNQTjIyRGJBTXM?oc=5,Yahoo,2026-09-11,neutral
DC Metro,"‘Step Back, Doors Closing’: A Renewed Metro at 50 - The Georgetowner",https://news.google.com/rss/articles/CBMilgFBVV95cUxPRC10Q294Y3ppQUNBckx0UjlUMDBIVkM3amV6b0VaS3JFZDBGSGN3cUJHYWUxWjBVRi10TXhvZmxwdXE2RFZuRU5GeTRudENpTHFLb0NuRTg0NzF5bUtVRTFkZHpFT205VUhwWWlhdThOSGFWU0xnZmNFS1RCZi1WX2ZQeUloejdUNnRfTVNkTWc4ZTJiZUE?oc=5,The Georgetowner,2026-09-11,neutral
DC Metro,"One family, four generations with DC Metro - FOX 5 DC",https://news.google.com/rss/articles/CBMib0FVX3lxTE1DVENWNWZYV3psSUFrWVMxQUUxMFVUdEhjZ2JPRXlUYmhOdGxQa2lUX19vbjYwZVRvaDBQUEl1bmVOeVNHVEltWFVDRTNVVDlzQ0dNamR6d1hrMGVfVTlFRUhxUVBGeTdHS2h6eC00a9IBdEFVX3lxTE9Kb21yczQwY1RTMmtySTRNUzFKTEVJOC1DNVoyNmVQcS1qVkxZRi1SR3hzVk1fQzFCN2k5eWtieWFTMW8wNFhlY215VDZCOFdhMXlXLWU2aU9aUlZsbXhsVG53bHczMWVPQVRlVTVfZFFHbkNB?oc=5,FOX 5 DC,2026-09-11,neutral
DC Metro,DC Metro rider describes encounter as Patriot Front boarded his train - WTOP News,https://news.google.com/rss/articles/CBMimwFBVV95cUxNU3FNRlZYT0k2a2c1WGtiM0c3QUdzRmI3bXpsY0ZGZm94czg2WVVwVllrWHBMQUV5TFpCVVJDQWhZLURFcC1YRWhISDd1dkdxY2h5ZmlFSWNNOVVrZnE0MzFRQkE0UnpEc3lRaS14VUhsS1FwX21oWm1ETEV3R19LX1FRSU9RX2hkTlZyX0tvMUpTeHdJNUNlZnZhRQ?oc=5,WTOP News,2026-09-11,neutral
DC Metro,Metro to change Friendship Heights shuttle boarding locations - DC News Now,https://news.google.com/rss/articles/CBMiugFBVV95cUxOWF9qdXI3Z01zTFpIclBOYlVyYzVndS1JSWNscjB0Mm8wOVhMUFd2Qmg2U2JjenJoYk9UVFZwUFU3bk9ybFM0cTlFS05FMDJKaGlPQmFhY01ldXdjT3g3S1dhUGhpV0s4SExyVUU5WUJXRl9oMDNTQTZzWTRoR0NSam4wVW1Xb3NlMHZZTm54WE00WXpLNkg3LVlvQ09iRll5VG4teFUxWEJDNFNLMGxwRWF6V1J4NlVsZnfSAb8BQVVfeXFMTXgwcEdsLTE0TGJkVTVYcXZfZFpNWnhySmxvMTgxakVyVHRXc0p2emN4QXA2TF9tQzR2OHdYbGxZWVNPdGVldlpGTlZqU19odE82M0oySy1kOHlNMmYzNWZjQl9yQ2hzLVZ0MUEzeFZYYVU3SmswclUzYW1WTFFGV0J3TWdFbkpraFJhcFJycjc4LTk3TEdTd0c0VjdCc0tFQmlSUVpMeFM5eXB5SnhpOUc4d2cxUlR4ZmtmUlRfcU0?oc=5,DC News Now,2026-09-11,positive
DC Metro,Georgetown To RFK On A New Gold Line? - UrbanTurf,https://news.google.com/rss/articles/CBMiiAFBVV95cUxPekcySmNBR001WHRQRmQ4TzhSX0hXbXY0S0Z5MHIyTFItX2dXUi1Jd2VJSzVtWkplcGNvVWtkN0w2endvTWk0dmV6RXZHaUZEeWdaM1R5Ni1QXzFqOWQ1TUktb05pSGt2dHd1d3Job212NlVNYzlmUWZhUFdRcVJPVzFLNG9CTVcz?oc=5,UrbanTurf,2026-09-11,neutral
DC Metro,Red Line shutdown begins July 6 as commuters brace for major summer disruptions - FOX 5 DC,https://news.google.com/rss/articles/CBMiogFBVV95cUxOaHNnQk5ULXhWM1BVU0VrQUh5bU1pRmdQN2tRZUdSODFpc3lBUFZ5UmdRV24wbVBkZzFoRWlYcW15OV92S2diVWVYSWtkX1d5cDV6ZllzSlFFc0FTQ1BOU1ZIbjZ0V0xkYmlLc2JkRmc5UmhLTDN1em1kTWNLLVdxa0FYYkJjLUE0WDZuZDJ0TFJUU3Boc3lnUnlQWnNvZng1RFHSAacBQVVfeXFMUEZtWXh6VmtEWktUN29JSjVsN05lbnZNTXh4b0pzOVhjbTlLMHItSmFqWGIzbmQ3QTF2b3JoS3JzOTEtQnlsQmZrc2NCUUxiTEZydWhwVkZXbDJYNVk0aHMxZWhhN2tMcjkyVnhZSnJNQTh0V3oyTm1WemNCRzUtNTRXcVUzXzZNSTJWTkl4OU1kSG9YSkRNVXBheEJxR1AtV1JjdjVCLXc?oc=5,FOX 5 DC,2026-09-11,negative
MBTA,"CapeFlyer continues to grow in popularity, boasting record 16,000 riders this summer, officials say - The Boston Globe",https://news.google.com/rss/articles/CBMifEFVX3lxTFBBalN2QmxrNUN0bnJoNW9sekNDRlZvczFyV011TWtCVHhFRVBhQ194RVQzX01CR0JPeElaYlRYM0R5ZnFKVmViWXR1MXQ2bUh5MllTQ09yMlRRTU9hVjRNMXlGb3g4c0gtZlFUWXJaVTZjeUluOXFPR19iT00?oc=5,The Boston Globe,2026-09-11,positive
MBTA,Fire activity near Ruggles disrupts multiple Commuter Rail lines - WCVB,https://news.google.com/rss/articles/CBMingFBVV95cUxOVmxxOUhlNUdxXzRrQndYN0ZYdlRXR0dGSjc0ZWRlN2l3RFdFUlUweVFMSWY5MmhmUVo5eXk1dTA1d3g3S2luMFdRRy1XZ216WW5PY1NFUzdTWTVJUTNjdzRUTkdDdTFPcHYyTi1MQ2lDNHc5cUd6OTBTNjhIS0NjbWwyRGUyTnR4S283ZzZKWk5aY1UySlBiT3NWX2c1QQ?oc=5,WCVB,2026-09-11,negative
MBTA,Pedestrian killed by train in Sharon - NBC Boston,https://news.google.com/rss/articles/CBMiigFBVV95cUxOc1FCUTNRalRGaGV1LXpMNUNuOXVMaXFZdmxaeUNsT3RsNTQzejZkSko1U3Z6NkE2WDJLQmdrOGRLZzk2SGNxMWR3V0QzVnVZQ20yb3ROV21KLVQxdlhHWk8tX2lsTzFvM1hlT2hmTHpsLTRCUC1GY0lSWUVYWmF4OTdDLUdwZVJ6cHfSAZIBQVVfeXFMTXZhSndaWUVwSk52bmc4WUZOemFtOHk2VzVjWmpRUXVWNWxwVHdwRmQ0ZXVDVjhNLXF3UWdNdHR4cHNrRTl1V0VRMTBlZmlHYUlCSGdLcDRwczlKSnpPc0w1V1JpMV9pN2ZuSEh1bnJSV3BGTHZOd1M0Z3F4MmNwVDh4elBSWDNNVldYaUFIODQ5V0E?oc=5,NBC Boston,2026-09-11,negative
MBTA,MBTA bus driver suffered medical emergency before crash at red light in Medford - WCVB,https://news.google.com/rss/articles/CBMisgFBVV95cUxPUFJqdHZwXzZFRkpURkhERm9va1lRMklwc3Z5SEpPNlpJSnpaLXN6SlNNWXEycjQ3aEhjM2ZFNnhBQ2xfWjhiZ0JuRTcxNlZ6VnNtRXNGVkU3R1dsNU4yYzBhem96U3pGV0huSHRVMTIxNXRwdmUzQlpMaE1vbXBZSGo4WWRvWW5DVGVROXFGamRadEM2TjRIS19pUUQ5Vy1yWGFvanJpT21kT3BWTDBKTGxn?oc=5,WCVB,2026-09-11,negative
MBTA,MBTA bus leaves trail of destruction after plowing into cars on Fellsway in Medford - Boston 25 News,https://news.google.com/rss/articles/CBMi2AFBVV95cUxOTjRtb1hrdGpqVUpXN1pZLWpBaTMzV09mdTU2ZVhQVUVCNnVpX1k3b2xlUHZ1R0NpbFVSb1J1WXJ2aUtoaUNZenNkM2ZpaERpTldXanQ1Z2RKWGxTcWdfVlJNS2dFS1RjRUtBd0VLYnMxTGJsWGluamlHWjl5ZjR2VE9yd2pqZVkxaVktdThUM05rLXBsSlRvNFZiRTdGTnY3aUdhclZabGVfdldlTktxY2FEYTVDbEIwQlpsSlNjbTdpbXY4aEJyYU1GZmV0QThUX2c0U1Z6MnPSAewBQVVfeXFMT2dHalFtcjJZSlJiTGw0azQ4cWRnbnFzdEtjT2NUY3RURFJ5MlRqV2VIeTJwbkYwSXdNbDFSekxrQmV1aFMyT0h0M1FRVnJsZjFIYmZLMlROUklzY0ZZTmJfMmV6YUdBQWw1V0NWR3lrWGl3VlhnX21Ob1VxR3dWR05DQTBZVF9QOENHYUlJbmZleTlKQzVLWDRjZTN4T0NUUzNNYzhDZXRVeXFpamZITWhheGMwci1GMmdwZFQ4SjFtcVZxcmhac0lOV2pvbEk3Z1JYdXFSYXYydTVaTlBnSXBveUpHUEZnRUh5MmI?oc=5,Boston 25 News,2026-09-11,negative
MBTA,"MBTA driver, two others injured after bus hits three cars, jumps sidewalk in Medford, police say - The Boston Globe",https://news.google.com/rss/articles/CBMid0FVX3lxTE12REdlbGhMSlVEUlVkWlVDRlJaMmxoQkRMQ09kZW1WZVRraFB0NHJKRWFZdHNWZG4wdjM1a2xxUVRna3NSZm41YktNMWJZUWI5dmV6NlNrVnp4a2NLaC10dm1lcXdsdExCRUk1TjNBY2J1UzB5Ykpz?oc=5,The Boston Globe,2026-09-11,negative
MBTA,"What’s Changed, And What Hasn’t, In Boston’s New Blue Hill Avenue Busway Plan - Streetsblog Massachusetts",https://news.google.com/rss/articles/CBMisgFBVV95cUxQVTNtaVFfek0yM0Q5dWZnbmRmS1RZX3lWZ1RvVVpSWHIwaHhnUjg1RzNrNFVTRE5zUXRZaXBISDN3U0EwNGgtU29SMnZhelhrYUVuR1p2Z3ZmMm54TExxN1VnZ29BVTNuUjdJZ1FtelJIcjVDRmxMc0ZzVTZWdk0tZlE1U2JwNkx4SlhTaUo1V0pnTUZvZ1hZYnktVFhsanFCR09DUWtYRzJ0NUZoUlMxT3VR?oc=5,Streetsblog Massachusetts,2026-09-11,neutral
MBTA,The MBTA’s Gilmore Girls era - Boston.com,https://news.google.com/rss/articles/CBMieEFVX3lxTE9lUXdMNDdoMkJEaWxyMTlIb1MyZFl3aVI4Q3pSd0NySmlfdmdJYUtyeVlUSTNzSXI5SDRJU0E1c251cjVUaEhZM1l0YzNBaUYyUDBIa25JRi0wSHdpeXAzVDl0eUdYb1RJV043ZHpxeTVBT3FqMzVaSw?oc=5,Boston.com,2026-09-11,neutral
MBTA,The T put high-tech fare gates at South Station. Some can't be used when it rains - WBUR,https://news.google.com/rss/articles/CBMifkFVX3lxTE5URHU0TTMxWWhvcW5fRlllTkstTUwwWUdMdHpGR2R4YlUxZDBkWFl1Q19CSVo1UEJONnJGRGF5azdfLWppZFlpUXJxVmNwNEt0d2FsRWsxTzA2alhKMlNSLTh5clRMQ0YzalVVdjRYWUhsQUhla1c0ZEh1aFlZQQ?oc=5,WBUR,2026-09-11,neutral
MBTA,MBTA pilot programs aim to cut costs for riders - The Swellesley Report,https://news.google.com/rss/articles/CBMikwFBVV95cUxQV0hza1lKVGZCZ1JpdEhiT1NzblFfTURrR3JUZnpRdVU2RGRTSk1IQ0trbkZPaHh3MWd3Q1VLZ0VTc1RCemJDdDVHMlBocG1fTUhFRUg5cHRaamRPMEJQaFFDQTRtOW1pZkYtbVNqemdxQmI4eHFGQ0o5NTRKNzJaWGR1N29uQWNFajc5RklFNjN5dXM?oc=5,The Swellesley Report,2026-09-11,negative
MBTA,MBTA bus slams into cars after driver suffers apparent medical emergency in Medford - CBS News,https://news.google.com/rss/articles/CBMid0FVX3lxTE12WG1SZk9fa1B6d00zZWpGZlhDTHBGOC11TkxMVXR0Mkl1TGROeUhKWmh4S3FuNkpSMFV6Tjc5R0E5UExUQ3VINmM3Q2RQZ3lrazVBZW1NTlBEajR2OHdKWG9LUERLZjVLQldOR0xOVWZQZjFZbWFN?oc=5,CBS News,2026-09-11,negative
MBTA,‘I didn’t think I would be making this much’: Here’s what an MBTA Green Line operator earns - The Boston Globe,https://news.google.com/rss/articles/CBMiiAFBVV95cUxNY0lYbXc2Ui1JY3VTLU5hbWJiMThnUmNPQW9fMmZUdHVPZzU2ZWFLaVc1bUZPWDk2a1dBWjdwN3JUaUtaeDhhRk5nRmlTVERMNjlteERSa3I4bm1Ib2NZczNXUmg4US1VbGtIaklrNkI4SXlkSzNXdmNzMDBNS05oRzRZRUU4aUlu?oc=5,The Boston Globe,2026-09-11,neutral
MBTA,"Boston and the MBTA redesigned Blue Hill Avenue, again. Opponents warn the changes are ‘not a done deal.’ - The Boston Globe",https://news.google.com/rss/articles/CBMimAFBVV95cUxOU2VoTGFjNnpTeWNkN3dqaF93SURNWF9CVEpLUFpJV1RhcFFaa0VFY2xHZWc0ZnY1dnM2VzdUTWNhUmZiMkp4blZ4NGE1ZW5rSGZvektxNkpSOFFOUk4zSmswOENZbFkxd3VtU1IzelU0VTRpTWJUYUxFc2dvRkZjUHU5NEJoenIxN29tYkVsdzV4NjVHUm9ORg?oc=5,The Boston Globe,2026-09-11,negative
MBTA,"Orange Line service suspended between Forest Hills, Back Bay for 5 days - WCVB",https://news.google.com/rss/articles/CBMivAFBVV95cUxPbGtLcHFIaFkxbFVlb2dCSWgtYjJQUmVFSFVxNmNfVzU1d2k2Nm1TMDQwWkMyZXBNM3RUMEQzSDkybGw3d1daX2s0NjcxOTVjbVp6bEl1d1FQalFYQVFUaVVhcmFqM3NldWVOZXR3NnByNEJ0dExNM0V0SlA0cmNlcTQxWVhHcVZLNFhmWU1TMHZzb1hTRFVIN2FYTl9TckUxRmZjV3JXODhvMkhjcVRuWkpsSTZEeWt4czhkZA?oc=5,WCVB,2026-09-11,negative
MBTA,"An MBTA bus slammed into six cars on Medford’s busy Fellsway West on Thursday, leaving a trail of destruction and prompting a massive emergency response. - facebook.com",https://news.google.com/rss/articles/CBMi2gFBVV95cUxPT2VDbEtCZDMwU25GQ0ExcVBkS2ZjOGJBclhyNS0zWUFDNGxwNzUyN2xYLTRReWN5LWpiZWRWZXdxSmZYakZURmlwcDBod0FLMllOaS1vdGQ3Zk1sYlo2eTdGc1JNcWoyYXZ3eVZqQ094TVZtNmFvVjRNN1laUDJYU2gxUjNCSGpITTdXTnJ0NTFGWEtSV1RndU9NS3VDeUdyVkUzUGVLT1ZIaVg4eVRDekp1ZkdHQ3FGc19LdGd2XzF4QWJRdXI3WVVHVjVyU3JndzNkX1lLWFUzUQ?oc=5,facebook.com,2026-09-11,negative
MBTA,"MBTA bus driver involved in Medford crash had medical emergency, officials say - NBC Boston",https://news.google.com/rss/articles/CBMid0FVX3lxTE9PbWlXRjgyQXJTN3pRSGdpRGZWbTEtd044TmU5Q0dpMUVEc2x1cU1XZElQTHgxQVM5ak83dWFTRkxGcVVNR1lLRC05bDFhREhqcW9PczhYNzFxLXd3SGdlT0lkcmpGMXlQd2ppS2NwUWFxZnpCejBZ0gF_QVVfeXFMTllzbGZCdFE1VmVuZ1c0b1Y0N3UwVFFzb1R0T0tvOWJlUnhtVWNjUFREQWtINEFQbkxqZjRRQUQtaTdoajk3ckNFYkREMDgxbXhWcDFJRVVfUDIxNWFvbU9ral9FUWR4eUNFai1ZYnVDaldMZnhhYmFnbkY0T0c4TQ?oc=5,NBC Boston,2026-09-11,negative
MBTA,MBTA bus involved in major crash in Medford - WHDH,https://news.google.com/rss/articles/CBMidEFVX3lxTE5FOHFrX1RxUlBhVGkzVDNiNHZydnpXaDhuSVlZMnB6T0IydXpUeHQ0WHRTLTlZQ1lWWkVXeDJGc0NmSEtKemtkTjZqeXZjNkk2TWVXbXlHNnZXaWxDQXJOZjNuRHpVNTVkdm01Um9UN255Um40?oc=5,WHDH,2026-09-11,negative
MBTA,"City of Boston, MBTA Release Updated Design Proposal for Transformative Blue Hill Avenue Project - Boston.gov",https://news.google.com/rss/articles/CBMitwFBVV95cUxQX2N3eGNWT1hNa0l6RzhUWVcyakphZWduZ29mZ01oUGp1NUhkWHVrWC05VWg5ZGwxNHJmZndmdXJWaWFtbnJhLTVNcTdjTEJFNkljM3A2VGxScUhBZG4yM0NOOVJRYUpIVGpseTRNMDVXNWFJV0RlS3NaXzR2ZXNLVGgwTkR4Ml94aFY1X0JOMkhtY2xLNHdqa29GVF9oVm13amo4SmJXVUQ3YlRkNUdnWWVUM3F4WUU?oc=5,Boston.gov,2026-09-11,neutral
MBTA,"MBTA bus driver, two others hospitalized in Medford collision - MassLive.com",https://news.google.com/rss/articles/CBMipgFBVV95cUxOVVhjR0NsOVVaNmM4NDdxQ0Y3aHVJZHRIWHVyTFZad0NnanZSR2xDVVhEQS1NZDBraVgwelM3ZmlneTJiUWRJYmppMi1uWUtINmVSN3BKeHFiWHBFanlNLV9sRWo4U3NxeU9hQ0ZzZ2U2ZGVuZHI0MWNZXy1pdVBvaW12bGVWYzE1b0gzZEU1clZWUHZXSVhTNkpMQnZ5dUp0d1JmVTJR0gG6AUFVX3lxTFBPNzJzR1IxU3ZvU1paN0tRVFRhazZ6emVvVnpMeDdlcHpDajZPQ2U4V05Wal91SVZPRHlKNXhUQ3hxZ3Mxb0E4ZTk2U19pcFJLYTdqUjh1RThlSlRuRE0xcGJOZWdGNXFoTmoxelF3ZEFwZm9wSVdRNlBDWlo0NFN1SWE1dFNabkk1c2pkWEF2UWFaTlB1c1l2UmRNOVRPVllWTmtNd05MWGdXS3JoZXk5Q3E2OHQ1WmwzQQ?oc=5,MassLive.com,2026-09-11,negative
MBTA,"Several cars hit after MBTA bus veers off road, crashes in Medford - Boston 25 News",https://news.google.com/rss/articles/CBMizwFBVV95cUxNY1diSjY5M2Itbmtod05aYTNOcUtIZVJ5czZWWmxiUFF3bUpNVjdSa0lNSGJuTDhsLVAwa1AxTzhWSjF5Vk1EV1JXM0Y3VWlTUElJSG5ILUh5bXVtYkhnTzhVdUczX1dYbU5PcWJLdXNja3VUV1hTNFB2NWY5ODc4ak5oZEtnMlVHcDRFM0dmTDd5ZVNlZ1ZBRTdJTWlTT205NnNjSElEbU1NVXM3bDNTVEJjQ19tX013UVk2X1ZOcDVxdWtUanhLVjFFQ3NqOHc?oc=5,Boston 25 News,2026-09-11,neutral
MBTA,🚨 MBTA ALERT: Fire department activity at a busy Boston station forced the termination of a commuter rail train Wednesday afternoon. - facebook.com,https://news.google.com/rss/articles/CBMi2gFBVV95cUxOY3VyazEwbXo1UE5GS3ROQWxGdURNcmcyMzBkWHg5NVJlamhoeC1uWUFwQXhfOC1aZ2FVQzNpcm56dklzQXBpWWgwX3Nod0pkRU14TzN5OGdYR0R2NlVjcEFLRHJrc0V5SF9SN01OeUpmTTc0VlpBanYteHJvMEs1ZjMzNFJEX0FIZWs1aTBpQkZYM0l2c2tmblpmSXh3N09kWnFKcTlWTmRXZUdKWUpzUXJ2SE9mQjAyX2JkX0ZFQ3hqeHpHU3N6LVZOdEZmR2ZGNlFscENhRW40QQ?oc=5,facebook.com,2026-09-11,negative
MBTA,MBTA alert: Fire activity at Boston station prompts termination of commuter rail train - Boston 25 News,https://news.google.com/rss/articles/CBMi4AFBVV95cUxPb0pmY1VrV211RXd6alRZby1feUtOSC1IRk5ueEZUS3p4TUJVVjZMLUl5Y2JhamdiUlc1UDdyeEJGbC1CbEFabXpzZmRfTG9SQTBqdGFmZnV1V3FhY05NbW9yRjExN0M3al9RcGZvcEx3LXVkR0FGTVhZTzVtQ2JUNHBiaTVrUkJGVDRjOXVUS01GUFhCRUJrTTF0d01XUnpuTjhRLVFFQjZaV2NEdHRYVFJwSEpRV3B3VDF5UzRHS3pObXhod0JRU2JJaElIOV9qVzJUMTd1VUpDTGJsQzUyeNIB9AFBVV95cUxQSVZJZ0RqTUpmZjN1SGNzNURjM3paeGlyelJ5MXB3a20zQlFkSE9XSU1WeE5zTFNxRkEzTm1oYUlBdF96SXo5OTJJWl9zcVA2RkpjdHgxcS12VTdjTHJpcXVwXy1WSXFycHpDOUhxS2cxTDYwQm5EdXFlOFprQWxyajhnQ2pzQm5mTDBsTzJWUjNMTEVvdDdQUURsSHdyczJNRG85XzJPSmJDb3IxcnMwOS1oQUJNdmpGMTczVlRTSlc0RU8zaFgwVTd2aGlDTlRPMlNEM044X0piS3VhemZuUVdGRXdMTDJiU0ZlZEZBN2RUV0lh?oc=5,Boston 25 News,2026-09-11,negative
MBTA,Boston's biggest bus corridor is getting a $124M makeover. Not everyone is on board - MassLive.com,https://news.google.com/rss/articles/CBMiugFBVV95cUxNajN5dVNhenJLTWNnN3daUlNidEoyOFFJdE1DU2pPdy1RVmZkeDg2MlJKbUh5TWxHSTlyNFB5VDRvYUxhS3hadFlBT0hLbC1xLXYzbVcwcUgxUkw3YnRnMUprbTBudGpxNndVSC1sWDRzb0pFU1MzNGp1akdLSzBDTlQzWFBqZjNSRmhlcVR6Wll0MDJSakY3TXZyc012NjlLdjN4ZkY4MlZuZ1lGTnZTeFZrZG5uZGM4Snc?oc=5,MassLive.com,2026-09-11,neutral
MBTA,Out-of-control MBTA bus crashes in Medford - NBC Boston,https://news.google.com/rss/articles/CBMiowFBVV95cUxNNVpSQzZJRTFfYjYtbEV4SmVZYjNUbHA1UERTRVZiY2FaaC1hTXpIdzBxdjZzeXRXSVZqcW5nMmtxWkRUSi1DaWFJYkNFVWJ1RnIzQWJSbFhIeDJaWkRHLTVtNTlfUnRoY0p5TTBLcU5ibElXc1JHUmZiMVZQVWhkUjZYNnBXR2d4RHZTeGJOZE45dHAwRmlpcjNkcDdYbHI2bDNr0gGrAUFVX3lxTE1yS0hHNTlyeHFDZzZqM05lNDgtdWhSTi1JSzFUUC1MOHpQQ0xhak53R1NRMlRxTGZxZEVwaEFHb0lGQ1AwVHZsQU1welVPdU9sc1FOeVAyTl9pQV80Wk5GOEZEY2tIN0tac3QzbTZhNmtNZEFJcDNLRjlCYVZkOFpTWElOVGhrd09vMVltOGVIaVlBNk5acXVJMG1tSmloWDhJWEFNRWFVRnRadw?oc=5,NBC Boston,2026-09-11,neutral
MBTA,MBTA bus crashes into several cars after driver suffers apparent medical emergency - CBS News,https://news.google.com/rss/articles/CBMivAFBVV95cUxNZ0NvZWdWOEtKazROQVBCUlhMdV9rWDlzcDBrR3lTUjkzOGJQRjFhcTRoM3VaOUJ5MjROVGlDaGdFd0RaNEQ5SWgxODlsd1hXYVY2N09MT094RVMtVnAzWXNHOTNIS0JmSWpINGZQZ3l2QlB1LXhiTkFlY3Z1ZmMzdVpRWk5HZVR0ZmlkNGg4Y1V4dlZxaEh2cEtKSmpmNVBhNmVobG1Pem9leTBtOHZINW1vNWNfbV9yQjRWMw?oc=5,CBS News,2026-09-11,negative
MBTA,MBTA bus leaves trail of destruction after plowing into cars on Fellsway in Medford - Boston 25 News,https://news.google.com/rss/articles/CBMi3wFBVV95cUxNZFM4UndvbjF6bElZR0F0THhWeXJXdG5QOUMwNkN1cGwySUcxNDFGNmhSZnVCVXlsRWZtM0gxNFVkOW1Ib3I4NjU4VWI3YTk0aVZZc2dBV3lZNkJmU1JMYjBLWHRUMUR6YUxSZzZXUlFtTFNXZGFQT0JodFE3aHY2dFpCSzhpTHhEMzJFUXZIb09kLVNfMmhZSWFqUURNQlJRNVV2VDJNcERpTnFqLXBkdVA0czdUQ0lRUlpKaUlpRDJlUXNKVDFFdTVEUkxuQXRwNkZJbXJscDl1TEdFZzZZ?oc=5,Boston 25 News,2026-09-11,negative
MBTA,Photos: MBTA plows into cars in Medford - Boston 25 News,https://news.google.com/rss/articles/CBMihgFBVV95cUxQZE5XU01kRU1pS1cxTHpXY095SlVsaVJTajNtRkU3ZkdXbldyUTd6cGx2TWNUX09GWFB1NGZBMDM5OXNFd19KZndLc1h0Z3paTE42WTlOZ2tTU09ZcTEzVVVKZmd2T1ZLSkhCa01FT0RFemRxZVRDYUM3aVNVVU1FbWdZNnY5UQ?oc=5,Boston 25 News,2026-09-11,neutral
MBTA,"An Amtrak train struck and killed a trespassing pedestrian in Sharon, officials say - Boston.com",https://news.google.com/rss/articles/CBMiekFVX3lxTFBkUHVSZGltLUtpalRJV2lQOHYxSU5hSVZiX2tjQXVfZlNDaExmM1hxRy1aSDM4Q2JXWjZZOFNQTFNlSzYxYTdidWc5UGJzTTI1X04yaERBQkIxOUtNUjNINGh1c1lTY3dUd09fQnBYSEFmb2JPS1RzV2xR?oc=5,Boston.com,2026-09-11,negative
MBTA,"Locomotive fire, person struck disrupt train travel between Boston, Providence - WJAR",https://news.google.com/rss/articles/CBMi3AFBVV95cUxPVjlNWjJHcVBUblZKUFp0T1dmT0c0TWFHNGFWbkNFMXNHZEduNy1wSFE5c2k1NzEzUlVUblV0bmM3ZHhpaTZacHI1d3M3MDAtaHlwR2c3V1lnSmdjV2hzeTRfNmZoODlWZUpJUUdmNzRtZllpdGd0WkVFS0hON2JnX0Y3Y1JSVXpDUjdaWmE2TnlKTlJPazRIaUhWSXhqcFpiak9TY2JzT3l0Z3dtWHJJc1B5M3ZuYmpIdGJmQ3RYM3VlbWZlZTE0c0ZEXzdiTGtnRDFiTVJldUh5NmdZ?oc=5,WJAR,2026-09-11,negative
MBTA,Mother of 19-year-old who died trying to save girlfriend on Boston subway tracks wants safety changes - CBS News,https://news.google.com/rss/articles/CBMifkFVX3lxTE0zaklKODZhVkp1MlFzM1d1YTZxYm50VnZZWDRSaFJ0b0loYjJqeUo3ZExLa05nckJRa3EyYThhSjE0MHhOakIxb3ByVk1qb3FSRFhfbmRwR0JvS3hDNnF4Q1FZVjFMdDVVVDF3M1Q2WkktdUZFdXVEclVxY3JfZw?oc=5,CBS News,2026-09-11,positive
MBTA,MBTA Making Moves in Medford As Part of the Bus Network Redesign - Streetsblog Massachusetts,https://news.google.com/rss/articles/CBMipwFBVV95cUxPcnZLMHVWb1J1ck1xMkZvV05fM1E0emg0ZEE2cEpRMzJMdnBTdnoyMHQ3NHN6Z3NRNGxXbDdRUDBBdnRoamlqOWtoY2xYSFROc2lJMmp2SWxuc1hJQWlobUdFakdJMlBaNkxlRWlIdlJnYlhJR2hnMGxjYzgxYTU5SnhzXzFjZlkxWDhoeTdLM1VOLWp2cnZKSHF5U0YzSDFHTmJPMVdLWQ?oc=5,Streetsblog Massachusetts,2026-09-11,neutral
MBTA,More upcoming work on Green and Orange lines as MBTA plans partial shutdowns - MassLive.com,https://news.google.com/rss/articles/CBMiwAFBVV95cUxOWTI5VFpHdmFZSTV0YkhHMEh6dTFoMFBjNVdKSG84amYtQmVKWTBpRlBtUmdYSURBRXVmNnR5Q09VaXFpdFRVcTlocVpNZG0tOFJhUnJwT0p2RWx4T1VXNTlrWTlzX3NKRmZVSUJwQ1otVVhMTlBHSDA4V19TSEt5SDdqS0hEVzZXYVQ3cU1FNTF0bEZCQndzMDVpRUZ2U3BCNGRlV3FKUXV6dEdjUjRYMTlVNWQ1dFJGM0wzR0FEbTA?oc=5,MassLive.com,2026-09-11,neutral
MBTA,MBTA bus crashes in Medford - CBS News,https://news.google.com/rss/articles/CBMic0FVX3lxTE16dWNNTVJia3dKZFM0XzluMFNOb0pJS0tGN3p3QTBBVGlLYThHZUc0eFdMTDZ2Nkt5SWVwS1FqckRnQnpmcXQyU3M3cnNLTTREWU5zTzJ3Z1N2eWY4bXoxdFo5UU9lMl9oVmR6SU0wN1JLZzQ?oc=5,CBS News,2026-09-11,neutral
MBTA,3 Hospitalized After MBTA Bus Crashes Onto Lawn In Medford - patch.com,https://news.google.com/rss/articles/CBMioAFBVV95cUxObFdMTGdRdV9HLUpFdXpjNVREOExiZUhZYjNBTUg2c0VQOWZZODgwN0hSNVJ5LXk3Vk5tbk9KTDFJSlBMeFltQ2ZRdnNtcHctcDN0WEN4dkx5SzNvNjNtQmpYOE0xalRfNlN2dXAtcS1lRllWT2RFVjJ2VnZDQkpfLXhVWHlQRFFCMUVJUkJmMmlRc0hwTUJuZWRpdjhZWXA10gGwAUFVX3lxTFAzc28wT3hpclRyVGhLeEs2SG85bjdSc2tGMXJKYWRKQmdDR2F2TmFhMnJIRGtTVGtqbklCN1VYck50eGhwYUxCbGIzTmREOWozUl9Ib0xuN04tQnNOZVBpZ0dSd0tMTTN6ZmNicGQtemFETjZWZHJXek8wSVhnLThzbll3TFdZZERqdHQzM0pfQ2hXU2UxMkE1ZHJfaGdNRXU3T29OeTAtMUxQdWttOUlE?oc=5,patch.com,2026-09-11,neutral
MBTA,Weekend Boarding Changes Coming To Melrose MBTA Station - patch.com,https://news.google.com/rss/articles/CBMimwFBVV95cUxOcUhhNGc3SU5KN0pqRE1MZW9CcXAyR0ppNXU2MkZ4ZkpKWFVYdTlqSWNYTkg2ZkMyR1FrSG1IV1VxZ2F1WWYxUW5Bdk04UXp1QWlvUzhNQUx4SDR4aE80ZGlTX1dVU1B1S3d3aWZlUWdUeVdNeEVlXzZtNEo5WXhhUjJOS0xRZE5KbWtVNklVcU9YMC04NlAtejdHONIBrAFBVV95cUxNczZ3a3lJNDVSTXl3cTU5Qi1ja0FWSlVyankzYmMwMVRnczdiZUNTamppcE93V0x5VGxmTkhIck9lN1JCZkZ4RllSWmE0Tmw1MHBockZaYVdUSTlEbU1HVXNNM0hmdjJQRE5qdXYwNUhMUW5mYV9uQnJCZWthVDlsZ21NZ2tYYVpRR2VGTXEwMmt4UjRWcnE0T3lCNnllRTBPcjBMVlRXQzdtLUJp?oc=5,patch.com,2026-09-11,neutral
MBTA,Crews put out fire on commuter rail train at Ruggles - WHDH,https://news.google.com/rss/articles/CBMigAFBVV95cUxQdFZkMk16V1dtV3Vha3BWNHYwVUgzR2FuQUZSakFnNDMwLTUtYm8yTWkzX1dVRC1LdEdLQmRUbzllb3BnU243TzhnbEZPUkpPdEg0aHhObjIzS0ZIaUpwNEtpWVc0MHVicFY4N09ndnVqZTVfNHVQYU1YOVpyQ2RycQ?oc=5,WHDH,2026-09-11,negative
MBTA,Pedestrian Killed In Train Incident At Sharon MBTA Station - patch.com,https://news.google.com/rss/articles/CBMilgFBVV95cUxOcXRiVjhZbjlyZWcySnZYSEQ4MmJzbVpkYlg5MUR1S0FZVDZQR2t6dnVvdzNfU0hlNDhnTU5wVTlET05uZXVqRDlFNXBKaWxxbl92VUNKUEVFRUNlX2JRODNnLTBaRzJDVl9JQWpGV3RPV3c1OHVQdGxFY2pWMU5nSWxMQk1QckNsYTBvQXZZcjI1bG9uOWfSAa8BQVVfeXFMTXF0aWVnVFJWdWhUNEtTRFR1dUZfaWJpMU5yUjl0b3EzTVdxV2h1NG4wemdodjNJemxsZDZlTGlPTDlLb0NkamJ2d2pZOWlzQU9yTGdiZWdDRWhLZUl2dUd1c1FIUjFpS1Z6U1ZfdzFBWEpCOHBYcGtBZDFWZTR5VTl6eUxjRzNZblFDdGtYNEh5eExMWUQtRXJWSi1GYjdFcHhDdzNHWkVqZHdsem5nUQ?oc=5,patch.com,2026-09-11,negative
MBTA,The MBTA is catching up on years of maintenance with prolonged shutdowns. Riders are feeling the disruption. - Boston.com,https://news.google.com/rss/articles/CBMi9gFBVV95cUxOSnVCaElnV00yNGU4cmNlX1ZyS0pXdFN5d3lFODh0STdhMkFjbWY2TURNYnRCVkxlSkhzSVNPTi1EVGpFdUI3R1dwMEpKeFU4WXJsVGQtLVkzVlozaURxbEl1aGpvbXUwREZITXN5a3ZEYVVhNUZfdU9FWG1WeVZYR0QxQmM3aTRwNnMxOEhxdk5nZ0JiS1BvYXBaQ0ZIbDE0VDNkbnJKczc3dEd0UW1YWmJ3V0paRGtRLVJjSEVaVEplYkNzcVVtZlVENnhKdWc1cHpxMC1qVWNzWkxHRm1OMUF6eTM2Zy1USU1IeEtkdmwwR0lHU3c?oc=5,Boston.com,2026-09-11,negative
MBTA,Teen's Third Rail Death Comes As MBTA Moves Ahead With Platform Screen Door Pilot Program - Streetsblog Massachusetts,https://news.google.com/rss/articles/CBMixwFBVV95cUxOcXVFbWRnakVfV2xCZHpYdDZqQ1VUWVV5Zkw0aUhQdmdBRU9vSEpsaFplMHdzbC1aMDRRZWpEd0JTTUxGZXpkd1p2MTBieUl1NHVWaS1mcTA2QnhOOVhfMVJzdHAxQS1tODB5WjVsV0p4dnZ4YTREZnROX2QxTGNuaUdSdzZpZmxoV1d3UkZIWFloZkpleGxYLWxCNEZGNlhiZjYwRktMNXFBZXdYTjdTYktMVnJRZ2FFOUNEX05Nb3pyV3FNcVRJ?oc=5,Streetsblog Massachusetts,2026-09-11,negative
MBTA,19-year-old dies after falling on third rail at Forest Hills MBTA station - NBC Boston,https://news.google.com/rss/articles/CBMihwFBVV95cUxNdGFTeDdSMm12UDhLRzFCemx1TzJnUGc2S3VVT0hsOXJQZFp4TkFfYS1PMFZMNVNZVjZsZTN6SlhZWncxY2F4NTdZQktfX2hHNGNsd1EycXJ4YWJ5NlREX045UUZOalZRblNoQlFkOVVYYkIzNm8wZC1wX1lsZ1FRaUotcUVTN2fSAY8BQVVfeXFMUGVqWnRjdERjRG5oalhXYTkzUWhxMUNfaXYySXVhYTk5TjJZY1FIVFI3by1DOWF3WDJlb0F2MUxjRkFZT0VDOWtCNC1DNHJCQ1Q3ZkJqSG5jMTJwYkh2cm55NmdzZUxWWVFzVVk3anlLNS1xQXNFQjNXRVAxR3R4cGFxN3lJbHJWUGxDSXdxNzA?oc=5,NBC Boston,2026-09-11,negative
MBTA,Disabled MBTA train near East Boston station causes delays on Blue Line - NBC Boston,https://news.google.com/rss/articles/CBMinwFBVV95cUxPV1kzWXRCbnpSWHAyTHVMbFp2TEhIZHpmSWdBaFAxd3hlMW1lYm1Ucmdlcm9UYmV0N3Z6bU1oY3poQkdZYWNBRmQ1d0IxZnpsYkNETDRuTG54N1Q0ZWdZNGVPaFpkU01heUJRd19ZNmMtWHMyZnNIUTdSNTl6QVRqUUp3R2hBcFEwN1BXSERsSGdvOWFvZ3J4U19SSTNoVWvSAacBQVVfeXFMT2pybWNyeUxBdk8wVmFDbkRMX0s1S3l4QWl1TnppVUljSzFpMHFnd2JvTHJaQXNZR2tLeTRXLXY3cUtIbFcyZXB4QktIdWhFVHBiVWZfZEpRUWg2SnMwZ2VuNDlmZzlkaXdXXzVUaENEMGxrcGVkTnBCOXhPbHlzbHlVTnNUN1BCeUVRN3l6cDl5TENOc0lkVW13bkpHQ3FJRktOcHZudmc?oc=5,NBC Boston,2026-09-11,neutral
MBTA,"Man stabbed at Ashmont MBTA station - Boston News, Weather, Sports - WHDH",https://news.google.com/rss/articles/CBMiakFVX3lxTE5HUExPTno5R0VkMXh4ZExmbm4zNlFIZndaR0h4Q0doY0FoZzAtRUwwN0Q5eUotaFA2bVB3QVJudkl0TWt4Njk0VEtyb0FPT19rb0NhWjAwNHY2VnRGYkNld0haOUtDY1RMRXc?oc=5,WHDH,2026-09-11,negative
MBTA,"Former NY transit worker recounts the horror of 9/11, its aftermath - NBC Boston",https://news.google.com/rss/articles/CBMif0FVX3lxTE9adkRoUVhpQlNlVWQtYkVHeWFMREVEbmMwZ0RvVjRtR0FxUjlsTVN6Qm1acGJfN2pvNTFmX25YVDE2aklDZS1oZDBRaEFrQVlHbEh6N1MyMUJNRk5uVVZCLVcxREhDVG5wS1hoNzJfNW1WZVpNT2lvaHd5TlBvc0XSAYcBQVVfeXFMTzFnQ20wQklFRVE5QWxEc05ULXBjTjhmLTBlLVVWSDdORHF2LVl4VFIxanZlYkhheGRveC1EUXpDVF9WcXJFWUNUQmluQXUweTUxTU11M1RwRWFTYUhiSDlzUHBMVnpIQWNidnVfR2prQXp2aUkxYWg3aGNUWGNZckFZUWoweHIw?oc=5,NBC Boston,2026-09-11,negative
MBTA,"MBTA Bus route changes on the 220 and 222 are coming - Weymouth, MA",https://news.google.com/rss/articles/CBMiYkFVX3lxTE0zNkFwSkUteE9CRDloNG5OTldIZUNNY0tNWnVCNnlHNnk0ejV6QldMRVE5Z19BWjhYYVhzOE5GUGQyNGR2ZzJVQjA5bTE2TzRGdmpBYUVVYm5jZzZjNlREczB3?oc=5,"Weymouth, MA",2026-09-11,neutral
MBTA,"MBTA announces Orange, Green, Red line closures in September - Boston Herald",https://news.google.com/rss/articles/CBMioAFBVV95cUxOTHl6X05XV3VNRHQtWkxtTUlfTTFBd0pTejZOd3ZmQ2x5TXhXS0RtVVNQNUJMQzB0ZkNQX3N2TlVWa1FWU1NmTnowN3ptU2VqLVhpSVJibmpvSXFlWGoxRWlQa3R4cHRLUVhGZzJTLXBEbE5ha1pBbjFJS0ZzbWhLNFJyTllBejRTV1RJcExnbkFrRk4wMDIyTGx5dFFUa0NV?oc=5,Boston Herald,2026-09-11,neutral
MBTA,Second teen hospitalized after deadly fall at Forest Hills MBTA station - NBC Boston,https://news.google.com/rss/articles/CBMiuAFBVV95cUxNWGtvYUhIa1p3TXhBcEdINmE2MlM3dzYwa180ZXAzeEJMVXRrbUo0ZEp3dVJTQ3FlYXJURHZGZ3NKbGxsb1QzaUpqYTlHRDA2cENub1lLVnZYQmNrRUFxVmNrNEhRYzYwRFhPUW1ITWM4SDZDQzdWazhybVVDcE14Q0ZuTlpPbWxwVmF0M0pNNG9OT3V3eGItdWhYLXNJUEtKX1dHTTBwaHBfajV0ei1tZHJGNVJ1dUdw0gHAAUFVX3lxTE8tRGpwMExyV29qNzhOcENOSEc5QmU3MGpSNnJ4UW5qXzI3QVE1VmNlZUlSV0o4MmlvcUVSQi1JT3ZZSGR1bU9wd0dTcnZNLUR0alNsYzIxcl9oakZBdFp4OXN4YTg2OURTTTdDOVhpY2IzLTl0QWpENUZSOWJtUU9ZOFlqNXZJNmxleGJzd2FWWnlDT0FxMUo4LWJIZm1oUGpCTHhXMm1FVnFUcE43RjZoam5KR2tGcnMyNGNCczZqUw?oc=5,NBC Boston,2026-09-11,neutral
MBTA,Commuter-rail diesel catches fire at Ruggles - Universal Hub,https://news.google.com/rss/articles/CBMigAFBVV95cUxPX2xoQmxFZ3BwNHM2cFlaUWxfT1hlMkViMlpOa3Z1NUVvNUNGR3ZKelgydXA4d2diYjFqV29CRmJoVFA2REdaZVFaQ1Z1Tzc4MEdVNXB2b3lWaXcwbmJPbE1zNUt3eTVnS0MyaGZIUFVyTXdhUXR2cHd1TDBLVkJiVA?oc=5,Universal Hub,2026-09-11,negative
MBTA,This $140 million MBTA project could be a big deal for commuter rail and Amtrak riders north of Boston - WBUR,https://news.google.com/rss/articles/CBMiqwFBVV95cUxPbnNTY2tGMzlDR0RXTGZuQWc4bllzbVJHbVU5cjJjdHB0dzhjYW1zMG51YVpSUFFOcFEySFdrQ3g2LTU0LXBsdDJoVXVWR09yenRaeXZiUjFWeEtsalpTV3VydjkyV2pNVmRMZG5aY2Z4MTdkTDNWSTNIWkZ1WkI0NTBkSTVqaWJiUWtEalNidks2NGt1X21mN3R4dXNhU3lSYTNPOUZJQldfem8?oc=5,WBUR,2026-09-11,neutral
MBTA,New MBTA pilot programs that aim to cut riders' costs begin - WCVB,https://news.google.com/rss/articles/CBMimwFBVV95cUxQUjNLU1lTRG9JTmFmb1JLaHhrU1p6VFl2cFAwSXcydDVSLWlGa2U2bHNJRkk0SmUzNHFyZS1vS2NocnltZm1aLTdiUzMwQXlnOUx2WFpUYWI2aE5janNPd0xFSVNQSW1SQTRXcnhiNmtTdkV4QVNIUkRWdVpLcTdYUzEyelVHanZzaHFsTlRfNXZLcmxmZWdnWkJvZw?oc=5,WCVB,2026-09-11,negative
MBTA,Commuter rail train taken out of service following locomotive fire near Ruggles station; no injuries reported - The Boston Globe,https://news.google.com/rss/articles/CBMihAFBVV95cUxOU1RXYnhqbEdvSUplaTR0QTB1NVJwTGhiaEJsTnIyVFI5X29iTU9hVG56WThVVnpaRVQ1TFMtV0pzRUVXaDZZOTZkYVhaOHYtU3I4Z1YxV0NZZURwa1dpWnJsbm9CNGtSSmI1YTZ5akpKSE5fVVVRTVY0d0YyTVdQdW9pUFc?oc=5,The Boston Globe,2026-09-11,negative
MTA,"New renderings of the MTA's IBX project serving Brooklyn, Queens are out - Gothamist",https://news.google.com/rss/articles/CBMingFBVV95cUxOTGswQk9GN0FCemstMG0wNC1CZmZPVHNPY1lLQVVGeUFxRlJTYVZGMnFiMXdNemRoSlFrZXM5eG1HMEl1NjJPN0o1amNoWFo1TWhYNnJvOE9MWWJJT2ZtMEZ3allta29OOFVQZWdsNkVjMEY3b3k0RElvbi01a0NZcXk5ckk2WklOakVLZHpvVm9YVnFSR1ZFWG1UYjdoZw?oc=5,Gothamist,2026-09-11,neutral
MTA,MTA Flips the Switch from Electric Buses Back to Natural Gas - The City Reporter,https://news.google.com/rss/articles/CBMikgFBVV95cUxOd1BiVEZLaGkyYzFfQkFOb09BWlZ5LTJpTTR6VnZnN2pJdUwyUzd3UHB5emF2TFlCcUtFMUhyeEkwQm45NHRNYVgzLVBuZWU3eUdHWEpIckdKaDE0R0Nsdjh3bUgtc1c5SHNYcC1BQjBsY2xBdWl5OC0tTGFwMXVlb3hzUEdjZ3k4eEhIT0pIQzVqZw?oc=5,The City Reporter,2026-09-11,positive
MTA,Westbury approves apartment complex on MTA parking lot site - Newsday,https://news.google.com/rss/articles/CBMiggFBVV95cUxNTnJSQ05CVVMzTHFjdVNLRnZPQXh5YkxnRHZGUHZpaWlDbUVkczZCRWNKd1EyR242WmYybDZkVkdPdUNVVHp0cndJZklsdDVTSllwTHBEdEhQMGVoUVhnNi1Vd2FfQmNvUUttajk2bUxJMVhHSGZyaXVHRHdNVlMwQ2d3?oc=5,Newsday,2026-09-11,positive
MTA,"MTA reveals renderings of new Interborough Express, IBX, connecting Queens and Brooklyn - ABC7 New York",https://news.google.com/rss/articles/CBMisgFBVV95cUxQbnhfRGt2NDB2WWM4TWllMWY5Y0NYTC1WX3JWNEJoUThOLXdwa0RXNWJ0VVJ5LTV3QkZkTjBsY3NOTVJXSk8xN0lsLV9MaWkybFdQMWJOWk9aczZRQ1NHZU9TUnVDNnJhclY0SHpCbndiM2ZwM09nclBDZkVLV3ZCbDIwblVXai1TaFgxWHFlOTBpMGVrdWdKMTlhdzVMdmJDbnhZWno0WTZCM053VzhXRmNn0gG3AUFVX3lxTE1KLU5HdjNOTFZIdVM5M3UweVVTem5Ebkk4OEtKYllZcTRvbi04dUdNU1hxZkZoclhyUFdxbDE0bG9yaG9wdjFtNGdkbGk1aGxtSG9LME9pa092dUJhN093Mk8xaTdwYWN1RGJ0TWNCd2U0aHFrR3pkRHltR203Qmd1UTJ1akY4bWxxTG0zT2FTNHU0R3I3Z1VBVzFHVlh3bWN6M3F6WFFWd2hwTzRGNlY3SHVtMlczTQ?oc=5,ABC7 New York,2026-09-11,neutral
MTA,"Hochul, MTA unveil new IBX renderings, say project is moving faster than expected - amNewYork",https://news.google.com/rss/articles/CBMieEFVX3lxTE1sRXNYZmFVUWQwVHNnWVR2d2d2d0RaaEYwbG1CeUFteWczMXhsYjU2c2VLWEVaZlQ5OU92MWdPYlBRSm9vbE5BaTRnSFJqOUIzVGZWd0RKTF81bHpVU3hmNVVINjJyd2JWYWVoNVBub1dMZjA3X0F4cQ?oc=5,amNewYork,2026-09-11,neutral
MTA,Mta Launches Automated Cameras To Speed Up Bus Routes In Brooklyn And The Bronx - News12 | Bronx,https://news.google.com/rss/articles/CBMi1AFBVV95cUxPdlVibVYzcmlId1hBRjFCUjYybkJJMEd5cHFuU0p2QTlvWWNmUGRjcWdMNG4yT19LcGdPM3pJRlRMYXhRNWRzaWdpUlhNY2kwdkhNRGRGRm9fWTh4MWtZRjB6NlcxbVRGZVdtYWpnUjBXcV9KQkFFVlRMNWNnUk9EdnQtTzZuQnhQaHRTRWpOelBDaFdCOVNIM1dUR19pVnBKVnZSbnRwSDBfUTdrR3loLVFnYWtZVlpGR0JWc2JneUh5SXY0UmZXRlcwYTdiU3VUSV9NQQ?oc=5,News12 | Bronx,2026-09-11,neutral
MTA,MTA Police share info on Port Chester parking garage violent assault - lohud.com,https://news.google.com/rss/articles/CBMi2AFBVV95cUxNZ1FZa25ER1Y5NEZHWmF3UjRLQTQ3R0tla1l6LVl5SUJjRlVYNWFBYTVJdUg0Y2ZlMzFTMjV2QjYwZi11emJNQ2hIN2w2Q1UxZjBzN1BoTW5OOGFXd3cyazhicEdjQjNtSGdFUUN1UjRaUDZTRnFNaDdRS200aGptSk5mXzY1dXN6ODFHWGFEcnp3REpwQTVoRWRKbk8tSU54QnlEeFdjRlNIbHVfRjJDUlhMWWdqM2RqTGVrd09kU3VDSFR0RnFjSGthelBfSjdJZlI4ekpRTjQ?oc=5,lohud.com,2026-09-11,negative
MTA,"Rail News - MTA advances Interborough Express design, environmental review. For Railroad Career Professionals - Progressive Railroading",https://news.google.com/rss/articles/CBMixgFBVV95cUxQS21UZ1QwenJLSWhPeGF0bFhad1lnem9CNHU0Uzloc1Z4cEd3LWFOcHItN0FVM3RlaURjSm5oc2dhUTk1YzZObTFGdEpPcl9UNGxTeTdzbDRyaXJSZGoxby1od2FDNkFWRzA0RDN5c0thMlAxRmViNVRnb041dlVZR0RabDFtazNMTUpHcnZIOW1qbXgzdzVIWTVtQVNpYTA0Z1VzaGJJaEJnZFg4NGVBczFlUU8yaW1pdllic1RjNlhfMi14M2c?oc=5,Progressive Railroading,2026-09-11,neutral
MTA,Former MTA head remembers transit agency response on 9/11 - Newsday,https://news.google.com/rss/articles/CBMif0FVX3lxTE5YMGFIeDBRZmlmUy14dTdjMXVuenFSNFFkUXQwd3lQckpJTS1pSW9tdG1kUFZYTnltZDBvajdVX2pPNUM2aFhJZnRfanJOdUNHSTVvN25MeWVaQTJSVEFWdzJDUDVsVkZtTi1kVzA3WHFPd1dpMkkxdEVsWHlWQ1U?oc=5,Newsday,2026-09-11,neutral
MTA,MTA worker killed by D train near Yankee Stadium in the Bronx - Gothamist,https://news.google.com/rss/articles/CBMikgFBVV95cUxOUGFZcHJyVTNud2FjZWpDLVlXX2Q0aXZROUR6SlRQTmhCZklxOV9iWTU0aDhfQW8zMkEwRThhd3pud0JtcG9ReGxiRU5sRXhuQmR6aWdPZk1GSURQOE9fdnh4QlYzc1lmUzJCZ2FkbmtTbHpnd3VCSHFKTmctOU0zZTJsanNtWGNGSWM3V2FYajNDQQ?oc=5,Gothamist,2026-09-11,negative
MTA,"MTA Police Identify Five Suspects in Port Chester Machete, Knife Fight; One Charged With First-Degree Assault - Talk of the Sound",https://news.google.com/rss/articles/CBMi3wFBVV95cUxPWFZEcGNxU3QtV3F1LWlQcHNmMkthNzJ3RTJ6MzVHcFlxS1I3WjRLUEdtVUZveE12MS1laUQ3bFhrcV9KaG5HOThlQy1ud0syVFFBQ3R2VlJOMmIyMm5CbUdQZ0lQVDE0Ukc5RnphdXBNeVJyeFdfMlFCWjdfaV9FWWo5QXUtS3RiNTFKYVdSdmNVdWhJTXFnWjlldXo3alotOVI1WnZUak5NODY2anpCcU5FQ2tiYUNES3pnTGJZdUtYa21IbjBZbzlCb2FXTGI2U203MVdRUm1Hc0oxMnRj?oc=5,Talk of the Sound,2026-09-11,negative
MTA,Interborough Express moves ahead as state prepares to release major environmental review - Queens Daily Eagle,https://news.google.com/rss/articles/CBMixAFBVV95cUxOWDd3Mm5HcVhPVm03MUltdS1oaklVTFpWVDhCejEzblJyN09pS2QzZ3dlNnQ2WkNvOGtkcXdrZmk0ZHFwcGEyWG0xMFlYdEJUVGJWWG4yVmxiUTFrdlYtQTYxNThZWUxGNzhSSGM1SmJ4N1VhMHNCVVd0YzFVSUZSS01pWmRRMkZLbkQ0SGh3dTlGcUdhNVdZVlk5YWtxT2Y2Y0hqNmFKSTdjd1VCV0EzeGZuRE51VnIwMTlnQnNFTFBQbTMw?oc=5,Queens Daily Eagle,2026-09-11,neutral
MTA,Regional Plan Association to Honor MTA Capital Plan at Annual Gala - RPA | Regional Plan Association,https://news.google.com/rss/articles/CBMiogFBVV95cUxPYWFETy0tSXBZX1NtcDBhckxGZ0tUaHU3VGdOYlRXbmxYY3dQUXo2UXY5ZmhyYkNSMXJrSnlxemF6UUswMWdsLTBGUU5HNUJxbENPbmVZX3lfLUJqRE14dW1XTHlLaEd0dVFSRUJhYzZiTEFScC1MWUJTTGRfdWJsc3FyUmdNWFplaUVVOHpTcjRvcnRLcU1XdDJ0ZE9xZU9PR0E?oc=5,RPA | Regional Plan Association,2026-09-11,positive
MTA,New renderings of the MTA’s Interborough Express—which will finally link Brooklyn to Queens—have officially dropped - Time Out Worldwide,https://news.google.com/rss/articles/CBMi7AFBVV95cUxOTUVqdG50T21nbUVXR3ctYUdMZVRFYWs1ZWpwZnNJeTlJdXFsOUtBNFRrei1LQ1pENGI5Z2w1U25zZk5zRTl6eHN0WVhlTGxEMEdPSjU4ZGMtQXJnbkRFelFlRnJxOXZTdXQyYVhsVkhGclZTLTNRMnFlNjBtc2F4dWN2c2k4dnR1WnRON0w4OEdzdENFNm8xcm9JazFxQmlxdTFSZ093dHhJQ3YtZ1dMWndTMzN6d3dwaUlNNGl1bEhWZEEwRzI1MVNMS2RkNWFkOWREdm1TeXRYcmVjbTUyd3RWSnZSd3FyN0NzZg?oc=5,Time Out Worldwide,2026-09-11,neutral
MTA,"Hurry up and wait: MTA chair says IBX won’t begin moving riders for at least five years, even as design phase speeds up - amNewYork",https://news.google.com/rss/articles/CBMic0FVX3lxTE1VT0o3WUVsT0dHMW5xWGpPMVdQakFFUVFuUVlUVmpySDUtNEdXQmVJY245QVdSWHFNUXRfaXlzR1BQNDFQQXR6SmFFTGVhZldjYmt5emZySTQ3VldXNUo1R3kwZUVwLXNSbHB5MWYtVmdMaXc?oc=5,amNewYork,2026-09-11,neutral
MTA,Brooklyn man killed after being struck by MTA bus in Flatbush bus lane - NBC New York,https://news.google.com/rss/articles/CBMiuAFBVV95cUxNbGlVUmFZTkZDVW9hMVFscVRYLWxicjZhb2M0enFFZDl6RWN6aGR4WGNWQlZwX0l5SzhPdmpQN1lYUWNuVUJNY3Z5bEhjOXBib0V0ejNMeVdiVFFtOGdURS1SUWhCWXRrRFZHUkJCVS1senpUY2FtaHhvV3lxZDRocHhsbm1vZGdFd0hnUkNXRjVOZGpiTFg4bTVBX0FDMlU5Q3UzZ3laWEdQX1YtbGJpR3VRYjZuRzhM0gHAAUFVX3lxTFBGcVlDQU9BMnE4TG5FcHpKQjVDT0NsUy1LUUN0TTNSV3dsRHlRdEkzX0NydVFfVlVOTmExVDlfMEM4S2RkR0w3WG9ybGx6MWdmM1ZjcEJuYUNVX1RReUVQTC1zRGZoQlJfelkwV0Rmc3B3a3BtSG52OGFRZ21tYjY1N29SM29RM0FsZmpROGkxWlFrLThxbjJkYUczcl9jVkRlM0pJQTNCRWpLLWJLajF0NTFLaGd1aFU1VmRsLTFFZA?oc=5,NBC New York,2026-09-11,negative
MTA,New York announces milestones reached for Interborough Express Project - Transportation Today,https://news.google.com/rss/articles/CBMiugFBVV95cUxPRXAtR28zM29xekZMMDl4Y2Z2bEpzUmpveHg1ZXR5dUN0ZXJlcjNDQ25vQjJTNjlzbUlabkRwajZOMnV2U3lIaUtYQ21Dd3FVNlJxeE5VZTZSY1BZd2k1OTVrc3p2bGVqOGhBLWVuWGxfU2Vyb05KVFZ1NTd0bjhwWGdoZW0yMGV6S2pEOW9MRjl4SDlIZ3pncHVEWDdFRzRRTkQ5eXJSMm5HaGtUaV91eDYzQkxzLUZxN0E?oc=5,Transportation Today,2026-09-11,neutral
MTA,"Man fatally struck by MTA bus in Brooklyn, police say - Spectrum News NY1",https://news.google.com/rss/articles/CBMinwFBVV95cUxNRTdqRmVtYWFacC1JTi1uUmxFSTNva1BsVW9QOHNQc3JMYW93TkJRenFhSFAwY0hkak9yUFpyaTVlVHVVaV9nZVpjdU9CLWhNamhvd09URmg3azJVYVJwb2hrZ1VEV0xUYXNySWtGUm1uZFlDY1Nyd1hRZU9rS2RydUNEYzE4Z04xQm5jZ3Z1ZlRjQ1NHMUxuZi1waVUzeGc?oc=5,Spectrum News NY1,2026-09-11,negative
MTA,"MTA track worker Moet McCullum struck, killed by subway train near Yankee Stadium in the Bronx - ABC7 New York",https://news.google.com/rss/articles/CBMilwFBVV95cUxQcjZiOG4zMTNqcDRrTHlaVGY5QlhvSkhUTk1vRlJscFlsS1lEQ1hKczhNMFZhMVZ2UHE5a2V0QUVKMkJGN1dxWFJPUXBGQmRfUjJvUXVhejd0ekdEVXdpZWFmcVVPVnpkZVZRNlctMTNiWXZsa0lQalRrYkxFNEpUN05PUHh0d1dMNHo3ZWtYUVItMGQza0xV0gGcAUFVX3lxTE1mYzEwRl9vc3FMTkNfXzdyenZVMVlKRjRyRHh3ZHgwNDN0SDFyN2JMSFMxaUhlQUUzSE94Q2o5TmQ5NndrVVZEcW1XOG9Zb2M3UVhNbHBMSlIydVpPemhCZXAyd2E4MUZKa3lpMklqVlBJb2h2MndHN1RlWnoxNkZFVDFxWDk2OEJhZHFGbEZsTXM2NzFWTkRNQW12Zw?oc=5,ABC7 New York,2026-09-11,negative
MTA,5 injured after MTA bus damaged by falling tree - WBAL-TV,https://news.google.com/rss/articles/CBMilgFBVV95cUxNWmlLd24xZVlhdVVDWVRaM3dNNERMRlRtTzVwSUlhZUZwa3lsTHF6bTBsWWtPWVRYdEZxajVyMDMwNzVGd3VXVE0zanRRUUlkMlNxVXhYYWdSSjEyNjF2aDdVMjR0c3dxczVVZ2xfek9wdVVhTVAwenQyTzlaQmVreVpvVkptSTN3RFpydnZ6QjFzR1R1R1E?oc=5,WBAL-TV,2026-09-11,negative
MTA,MTA: Signal upgrades to begin in November - Queens Chronicle,https://news.google.com/rss/articles/CBMixwFBVV95cUxNUzJDb1lMMVlidEs2S0xkTmlWeTZQLXRmbENFZkFhMGpqN29CX09jNlVKUE1naHI1bmNHTXBabGpxYVNfejBTYmhuZDhoME9hVzVFZnowR004SndOanVsTUVQNnNlcGV1S2pMYkNCVHRMenlHa0h4aVNCajRWdUFXZl93dUt2Z3JKekxzNTMwaU9vVUxIRTNfam9OVzVMUmpiQ2E0QTFpNEN4US1qVHV1VkVaODBLZV9IdkJJMHlENWV3MEswRG9J?oc=5,Queens Chronicle,2026-09-11,neutral
MTA,"Man, 58, fatally struck by MTA driver after stumbling into side of bus - New York Daily News",https://news.google.com/rss/articles/CBMirAFBVV95cUxQazZpZFJMNUg1cUtIei1SZkJOTm15VFZ3SzRVWnlucXhzUlBkQnlyNDN5LVRZWHo5TjdTbFFvSHRsbWJUNGJDcTd6TWx1ejdjSFQ1Zlhsa3ZqRnZLckYwX3Y1azE5QTFsc2xWdTRWMXpNTnRVUm5YVjRKLTF5bTFBY0pTNE9fSjYxZ1I4Wm1pd0xLS001d1BXZ2Q0eTZwTlBaUzNWQ09OZ2NVbHA0?oc=5,New York Daily News,2026-09-11,negative
MTA,‘Like It Happened All Over Again’: MTA Worker’s Death on Tracks Highlights Job Dangers - The City Reporter,https://news.google.com/rss/articles/CBMihAFBVV95cUxQY2p2WWo3Wk9QMGk3S2g1d3poeS1IcVY2dUJ2RVNKOFJydnVHamlFWVFQOUZMeGFZWWtQMWlqTEozNlNjRDFCU2J3SXhSanA4b1pwUENQSEs0OW5OWm4zMDJ5TlJOZUc4TXN1WFh6ZFlyckdFNkppUUdCRmVwRk1WMEE2c3Y?oc=5,The City Reporter,2026-09-11,negative
MTA,"NYC pedestrian, 58, crushed by MTA bus as unsuspecting driver leaves scene: cops - New York Post",https://news.google.com/rss/articles/CBMitwFBVV95cUxQTnplWmNXbFFSU1hTZFZnbEhKY2NuemQ3OFh0VXVMandPQzAtd2o5TUNtamVTMXMtNGRqaXFZemJoLUxxcmk0czVva3NjdFhBanJ1eER6RUZISzB3ekVXc0FUXzl4UURmcnc3OXZuVWJUOW42N0ljank4TkVkX2Q0WXBOU3NMSkhGT3JhRXBZOV83a2JPYy1DY3ZXbFpEUENMZG5DbmZFX2JkcmJMSjRydTZBc3hWT0E?oc=5,New York Post,2026-09-11,negative
MTA,Investigation launched after MTA worker killed by D train near Yankee Stadium in Bronx - NBC New York,https://news.google.com/rss/articles/CBMinAFBVV95cUxQTEkxckZqSnNvSk9FTm9BaThjc0xOUzl5bkRHNWRfWnpvdlBjUUdWUndUX3NhbC1ZaEF1Y3M3dUdUMVZtcnRsLWU5dnRFbXluUXhGUUJlTDZwQUNDUzg1OFJSbUpSdkJBWVdlSWpZU29qUEJDckM2Y01lZ3E1Y0FTRC1hZjc0M1VMNklRdXRpTkowMG1TSjlrd3BIOHrSAaQBQVVfeXFMUDJDcllCZ2VVMG0yRE9xNnpnVktlaUJZLWppMEZhaTRjLWhTU1FkQ2FpYVNKM1hUN0ZBb1NNMTB1TDlYZzc3ZEFJeUdDQWNuTU1NUjcwREU5NHhfMDZUV1c3Q2NPbUtXTW1zT1VMd3I5clBFc2hnZnBUVGRnOHBvTUFyR2t2ZmhwbnE3RXhEaHNuMW1hYmF2Mk9pSXpPazZ2NENQazE?oc=5,NBC New York,2026-09-11,negative
MTA,Subway operator who struck and killed Bronx trackworker was going full speed despite warning - New York Daily News,https://news.google.com/rss/articles/CBMiyAFBVV95cUxQT3FWNGJsYjBDNVRiU1Z0b1huNjF1T3ZfTzhxOXZ6ZkV2RmpXYThFTTFrSjRBbkR2VldwVHBRUDV4Ykd4VlpqT1dfTFN3Z0NMaUpQbG5QNlVxZVhSVjc3S3RLd2V0d2RmUEtpVDVkck5NNGtROEZvOVRmcXJnTjVCYm5wc1hJbnJhTGpqYWU4TGdIVk4yVDJvUkt6eVRXSy1UalcwMHYxRXlNWjNTMW9EVU1iUUdkTVEzRzNwSGVEZnBBRjBwT1lhYg?oc=5,New York Daily News,2026-09-11,negative
MTA,Man dead after incident involving MTA bus in Brooklyn - CBS News,https://news.google.com/rss/articles/CBMilwFBVV95cUxNQUFPR0wzVm1qRlAzaHlieWpWTFp4S2J5MjE1ZFAzSzV6aFc5OV80Y2ZxM0xlcEYtTGxDRzNlZTFGUGlILXJRdW91dXV6a3N5U3ZfU1NLVEJYaXhEVW1tT0VuY1JfYzVaemR1ZWZZMk40UFY3bzdPS3VBQzF6VHJickRGeWoyNzlaT3ZzN1NVbTM4ZkhDSGNN?oc=5,CBS News,2026-09-11,negative
MTA,Family of MTA trackworker killed by oncoming Bronx subway train want 'truth' about fatal crash - New York Daily News,https://news.google.com/rss/articles/CBMizAFBVV95cUxOS0U2SU1PaWFreVY3VGtGRXBqQ3hMc2RhaUhUaW5LRkRsem82MG03MjE5X2E5S1FhaDIzSnNHRi1Ra1FaR0hnRWdENE1QMHhjQ0NiS3RUWENuWjlaZDFVT3pQYkpKU2xXUG9nbEg3bUFITlhBRHhzLVQ1cFQ4YVhMWE1HNEozY3NtcENhdEpjQ2o0enBqTGxJb3lXcjdUcTJDVmozNnpqeXBfZFh6OHNOTEFkVEJjUXVFR1JWT2ZCSFhRZzRpRWVPM2JEVlg?oc=5,New York Daily News,2026-09-11,negative
MTA,M.T.A. Employee Struck and Killed While Working on the Subway Tracks - The New York Times,https://news.google.com/rss/articles/CBMic0FVX3lxTE9xWUZYWjJkMkJOLTI3enFvalBrcTduVkg1M0psdlNiLUhCTjhvVFVGMjBHeE5DMll6MklSVHp2VUwwN0RtU1AtM01qMll5b0VqblEzb0V6NllCcmFVcWdlZEFMbUd5STkzMmE1engtV01iXzQ?oc=5,The New York Times,2026-09-11,negative
MTA,MTA Seniors Explore Patriotism in US Government and Politics - The Jewish Link,https://news.google.com/rss/articles/CBMijgFBVV95cUxOZTdNZUM1WDZxTFNCUERtSGFDT01OSTh0WEZHbm9FYmhaRHBEQldQelRxQjJHakdLTVJDXzg1bTh5N2VXM21aa000eUNISi0wR1FWd3VGUHVlU0cyRFB1dmtNeTVlMTFEVDRCQktpaWdHS3ItbWFWZE5nYUNMV0s0WjVaQUhrV2FqaUFyRGtn?oc=5,The Jewish Link,2026-09-11,neutral
MTA,MTA track worker struck and killed by Bronx D train - amNewYork,https://news.google.com/rss/articles/CBMic0FVX3lxTE1TZF83SHFOUll4d21hc0RNVk14Z0VHOGVGQVBUTmRVZjVKSW5OYklRMTR3Mnd2OUJTMUpTSWxkNnBpZG5Mazg4Ujd2ZkZydlF2MjcxTVFqbFk2NVpNUWE4UElxek44LXJGQk5EazRUUzJVRTg?oc=5,amNewYork,2026-09-11,negative
MTA,MTA Worker Struck and Killed by Bronx Subway Train During Overnight Construction - The City Reporter,https://news.google.com/rss/articles/CBMikAFBVV95cUxNWWtuTFZyc2s2anVwcEpzUk1JSGRjV1ZuWmJzcm5DV3R5ZTMzNC1Pb0wzdXlIb0lLVmdWZ2xqLU5CM3cwNVZaSkkya0lqSFBoNTVqaW9MZGxOelVnemhQdTRNbHVrSmhhUHJqUEt2dFhSRHh4SU9YbklILThtQkRzQlJGNWlPazFSMnFVa3NDWjY?oc=5,The City Reporter,2026-09-11,negative
MTA,"MTA construction flagger struck by train, killed in the Bronx while working on subway tracks - CBS News",https://news.google.com/rss/articles/CBMie0FVX3lxTE9kTWc5TkhqM0tWd3R1djdOYzhHbmc0RW9BSS1PU0dMRjhxcEVWaDBiX0hhcnlPUW1rNVFlTkVGT1lBVWw2eFBlTHQwdEQ3U3hPUF9GR1Z3aGZOeEh1Smpqd2cwNExMblFYYXNGYXVUaWVyV3VfZXVsM3hEYw?oc=5,CBS News,2026-09-11,negative
MTA,Asset manager holds millions of Metalla (MTA) shares — but how many? - Stock Titan,https://news.google.com/rss/articles/CBMiygFBVV95cUxPa0J4dXZ5ekN0MExQS3Z5ZkxlWE1BYm5hNThGUmlMMGxwSlVCWkpyZFBjX19tSXNNOVdzclRfY2UtNlZuNTdWWWN6TUp5SG1QWUhiUk1VRmFBU3BZRE83VXF1TXctdzkyOVhibVJ4LVYwTS11a3NoNVFVMXp2UU85ZmdaeURSdVBsSXdRcXZGTlFsVHhONmlQR1JXdTJDaG1RTENEUmcwRGVkMUdkdERDS2REUG9zaGVuWk1NQUFOOFJFbm1TSElkVU9R?oc=5,Stock Titan,2026-09-11,positive
MTA,MTA worker attacked by urinating man at Times Square station sparks calls for protections - NBC New York,https://news.google.com/rss/articles/CBMiugFBVV95cUxOYnhna1BCV1phZ3dUbXd2VEdUUVV3YklwUVpyU1U0VzM0MVhpdDhHbzgyS055Mkh3RVladVF1Qm5YeHkxOHBZVi1qNmRZdk9tZ3dVb0VvRTJjTXNUR1VFdnNScnUyaE9XUmZHWFBidTFCbDM3VDIzUUUxaldGUFAyVjVoa2ZJYmJqSDUtQWQ4WGNxbFV2LUNOcW5ueTdYVG04LXJ0NDg2S25rOTA1WjF0cjFQSzhkbVFHSlHSAcIBQVVfeXFMT3RReEcxVDhId0dpRm5JQ0czc0duRDdWd2t4VmNFSV8wdEpuNTF1eFpFN2s3ZEliUURUMDdJdzM2WVA0cXBJMlJwQVRlZVNXX0djN3dpcGNhX3FYTU9lQ0pYb0YxcENSRmd0QXRoR2dyOXpldzRhcXZad0tRbm1kWXpKQXpOY2ZjNTB5alh1TEJkc2JFcVZKX1JJMldtMktWQ3Z1UVFWUDhCcDUwVGU4VDgzR0d3b3hPNEFaa1N6ZW5oZFE?oc=5,NBC New York,2026-09-11,negative
MTA,MTA worker hit and killed by subway near Yankee Stadium - FOX 5 New York,https://news.google.com/rss/articles/CBMiggFBVV95cUxNbmF5d2VuRy1oOE5wdWY2eUF6SERna05aX0loclA1UUpyQ095TDlHR3FYTEh6dF95N1hjUFFGNS1BNlJ2cGNQOFlmdHFmMnBXQjA2XzRQbTI3OHVLXzRjVnlacy1QUmlVRVhyMDFuSFJmczZxUFRiWWh2VFNuSkNrYXJ30gGHAUFVX3lxTE5EdkpCMjJfaFQ0NGQ4Ykl2aUtXOTU2WDItdUh2UmNpSDNLNlFPY28zMXlxRFZwZ0E4SmhZdEZEZDVhUzVONm9QaFhqaTJSOGE0OVZVZ1VaYkhJOURfTHgza2dJX2VfYXhrZng3MzItV0RZdTZUbDFhZDlIc2h2Y0JPaVg0QU5rSQ?oc=5,FOX 5 New York,2026-09-11,negative
MTA,New York’s Subways Weren’t Built for This - The New York Times,https://news.google.com/rss/articles/CBMiigFBVV95cUxOTVpqYnZCN0pPRERVUTBmbmZJbmkwRmxKT0dFZXpPODh0U0FkQ1R4SmNQV3k2Y05vbzZSTTQ5Q1VzcXJORmtrdTFmd3d6ZzBEcGtQeTl0V2NLRlVMZ1hBMEhIR05zX2M0Q1hJMW1seG9Kc1A2REgwTVhDU0NEb01pVlNCbnJpX0ljSVE?oc=5,The New York Times,2026-09-11,neutral
MTA,New York City transit worker killed on the subway tracks - World Socialist Web Site,https://news.google.com/rss/articles/CBMiaEFVX3lxTE1SeWl6NHNqNHMyT1g2TEJwNUluS0czeHhvek1zOFliYVZOUGVVX2poV0ZJZU9KUWJla3k5WkpqZUtuX1E2dUtoWkdBRGVscmxQcDFYeDUzVFJqMVBmUm5EZGtoWXFsSHUz?oc=5,World Socialist Web Site,2026-09-11,negative
MTA,"MTA worker hit, killed by train on the job - WWBT",https://news.google.com/rss/articles/CBMigAFBVV95cUxNeDlUZEpRMHRPekU5RjZqUW9zVnlVOVhhR2QxcEI2Y3hYejA3UF9oVkVRQXdLTzAwbzNyUm9ad3pjOVpWVHE4aF9xcVdjLXFuUF9aQkNqSzN4dWtXMDFZM29BSVNiUVpwVk9EMEVQbU4zeTAzVmxpWEdlNUNqNEhNMtIBlAFBVV95cUxPTUg1OHlKTjI4TUtnTTU4RlJ1Y0ktRmJjVnNHQUFzMVA5bEdRSG9yWURVM0tFYmZGMElaandxckV3dnRGYV9PekNfeUN2XzVkdFVIWk1kbXR3ejc5Z3k0NWRvOEFBRVBEOHJDMGV1a0t1Ylc3QVZnU0UyWHlRd0VJdXo2UEZqSVdBRDB6alZqdmdYZW52?oc=5,WWBT,2026-09-11,negative
MTA,"Former NY transit worker recounts the horror of 9/11, its aftermath - NBC Boston",https://news.google.com/rss/articles/CBMif0FVX3lxTE9adkRoUVhpQlNlVWQtYkVHeWFMREVEbmMwZ0RvVjRtR0FxUjlsTVN6Qm1acGJfN2pvNTFmX25YVDE2aklDZS1oZDBRaEFrQVlHbEh6N1MyMUJNRk5uVVZCLVcxREhDVG5wS1hoNzJfNW1WZVpNT2lvaHd5TlBvc0XSAYcBQVVfeXFMTzFnQ20wQklFRVE5QWxEc05ULXBjTjhmLTBlLVVWSDdORHF2LVl4VFIxanZlYkhheGRveC1EUXpDVF9WcXJFWUNUQmluQXUweTUxTU11M1RwRWFTYUhiSDlzUHBMVnpIQWNidnVfR2prQXp2aUkxYWg3aGNUWGNZckFZUWoweHIw?oc=5,NBC Boston,2026-09-11,negative
MTA,Five people taken to hospital after tree falls on MTA bus in Reisterstown - WBFF,https://news.google.com/rss/articles/CBMiowFBVV95cUxQQUd5OVFyMUlJMXJnaFA1VFlfVklDeVRYU3ZnekdsV0FXbGVDR0ppNEt0OHpYS0tReE41UHd1ZlpOVHpnbWJyUmRWS2tGM0hRRWR2Qlk1S2pkSVhBcWRGd2tnSklhYzNmXzNVcGJfbmU3UUsxbGE4TUhhV1JVV3dfTk1vdTJYdjNsWThzajBvV2FRNHNVRGkzSV9rYVRwajdYMExz?oc=5,WBFF,2026-09-11,neutral
MTA,See site of violent assault involving machetes in Port Chester NY - lohud.com,https://news.google.com/rss/articles/CBMi0AFBVV95cUxOY3BPVnpQZjB4eW0zVHpKaDJ0VF9UeXhwbkc5M3lIZGhPRHY1Y2hWMnZxb3VCMWt4RnhheEcxVE9uSXV0YTUwVlZpamN0a1Utc2x3UkIwSV9FaVZUNzdBOWw4TUg1M2ctOUJKVHRMdVRyblFPN3l6YzhPY1FsalMyanpwZ2p5cDVTRm1mSEdXYkc1YjBTRjV2bHlCVjZnN09PS3hSNXNaVUdUX1A0cFB5SXNpSVcxZ0J3TWRZLUtmY085M2lydHdELTBsbl9sSDJp?oc=5,lohud.com,2026-09-11,negative
MTA,Several injured after Queens crash; street takeover prompts call for help | Good Day Weekend - FOX 5 New York,https://news.google.com/rss/articles/CBMihAFBVV95cUxOUVlqV1A2YW1ubEtEbVBZdVZmWDFiV1pKUXF4aW93XzJBVEQzM19SdUlidEowek5zeDlWOGpPcndUT05SV1lhcDNYelhnUGFPX1NORlNuTVZjR0JUclVMSi1xOHRvUnZrcThMU01vbXY0MVdwczEwSjFkWndkTGNOSnpIb3DSAYoBQVVfeXFMTS04b3dFc3ZKdWEyaHdaVFZqMG1fT0lzTmJWUy1faGRlMGJWd2RORXVfa1I5dndLcFE2RC1tbW5HSE9JUURxaFZvcWtIWE5JSEU5NUFtTXhRM0dQTzhFb2Zyc3R0Y2E4YmlkZzk1Z3ZaLXhfVzJyRUEzTDRJdmdNQUF3YlJwRGZXdXpn?oc=5,FOX 5 New York,2026-09-11,neutral
MTA,"MTA worker, mom of 3, fatally struck by oncoming train while working on NYC subway tracks - New York Post",https://news.google.com/rss/articles/CBMi3AFBVV95cUxOalF4NnJJSkpZdE5aTllDTDdXME1zalZJclFmLW84Y1pIb3RfREpNcl9DOF90WVp0eE5WWlZ0UjVMMl96M1l6UEJiOHh5VVBKZmVKYThremFlSFZ3T0REM0NvVkxmWkUzZHU4bm90LWxFRTJnWmxKaDN2bFhPdmlfbVgxeHZxTk5nczljVEQ0Rm5iUVZ6bms0LUxrZVg1QXhYRW5ELVluOXBsN2x6ZEhIWGx4QWZVY2JvbGJvZUp6eTI0YXJvLUJxMExFbFBsYlFTWWZmTzJaWnFLWnBL?oc=5,New York Post,2026-09-11,negative
MTA,MTA worker killed on the job after being hit by NYC subway train - PIX11,https://news.google.com/rss/articles/CBMinAFBVV95cUxONl9oUjc2Y3JKVktxWllXZXItUHlHUExUckVCVUZUS0x5WnpzTGk1SXV6WFZRdTJNcmVraGpBR2J0VkFFR0tKZGtMakUtTDFTMWE5VVJ0eXdlbkx3cndKUzY2a2MwS1NleUpOc0g1SzJOTW9pa3NPNWctWWJKOGF4QkxoT0dSam5OS1FJc2R0djFueEdBRUI5V25FTV_SAaIBQVVfeXFMTktOMllQeERMOFRVaXBlT3p2SkNuR3lNMGpZc0I3NjM1ZHh6WEFFUGZwMFJYbXBobFMyMVo0LXVGdHFDQmEzY2JuWExlZDc3QVFZNVdRdTFEQWJLRnlaNzFWVXRwVFFsWEk2VkhXcEhKMHlHQTBndkFXMnFfOVJoS0s3eTIweDFON184LTlKMEdudFpGckFaM0xSUnd6bU1wZmx3?oc=5,PIX11,2026-09-11,negative
MTA,Full subway service restored after cracks found under subway tracks near Central Park - NBC New York,https://news.google.com/rss/articles/CBMihAFBVV95cUxPSk52Zy04dlZOT0V0dFB4ZDZDcWFEdHlEWC1kYUxva1NTY0JkQklycjZVY1hhem1SY1FTVV8wM29YQkRmekhSQV9DUk9oOG5PNEtSN2hoZFFscmdMVE5SOWJ5aFB1a3BCdVBqVzB6cE90S1dUVW5yTnFKX3ROd1NkYklPRDHSAYwBQVVfeXFMTTNHTnlXaV9NdFBCVGVEMUQ0UEJSMldURTJ5Nmp2bXEzNk11VUltbXdSVy0wdDN5UDZKOVhXbkZHQlAzZmUwM3RhSU5fb0JRbDVjQk1MTFc3T3Yya0ViZHo3SlRnNlhmOHV1OFBMNl9XTnpTTmhMVEYyUGFyYkFNalFWUGd0VXJCZ0k1RUo?oc=5,NBC New York,2026-09-11,positive
MTA,MTA track worker killed on Bronx subway tracks by oncoming train - New York Daily News,https://news.google.com/rss/articles/CBMipwFBVV95cUxNRXZKUTE3eGdjdzluMmRPdlpVTVhrVFZqSjFaZzRQdHBXM2pjMlIxdGdWT3F5dklsOGhQc2NYZkxnWXFSVVhWM3JSZ3dwbGN6NG5fU3FKdFZYQlhNWDc2eVh3TVJpTHNqNUJPX2ttbDZkd1Jma21sYU9sRUc1aElpcDF5dWRXZFNyU1A2NUVUbm5qZ29KZkVrYk8wdExCV1RyRVhTbUlPOA?oc=5,New York Daily News,2026-09-11,negative
MTA,NYC students get changes to OMNY cards from MTA - PIX11,https://news.google.com/rss/articles/CBMiigFBVV95cUxNRTZSSzg3R1RQSFVJUjU1T2JGcUVZMmp4dDl2U3RhYzlzSTdYRmpZRXNyeTA5LVQ2UGp3TFV1V1luRXVQMUoyX044aFFLbi1tdzRqVDJGakpaZjY2VmVLczVtMzlOa3VDY21NY2ppSjBGRGRMWUdUejVmTlVFLW51cjdTSDdmenlIOEHSAY8BQVVfeXFMUGFhQ3lxUVByODlIV0IxM08wZEs0WUM0bnNFc0ZVd01Ja203Qm9aS0Y4eEwydVBPYUFqUWhnVG1YUmx2NzlvRy1USVdhRzExXzB1QzR2YnJvc1VOcUdkaFYzdmhkaExBMFo1eWZxbnJDRUphRlRwM280ZVdNcXUwMEgyWVhFZjNFY0NpMGZXd2M?oc=5,PIX11,2026-09-11,neutral
MTA,MTA emergency track work causes B train suspension and snarls subways in Upper Manhattan and the Bronx - amNewYork,https://news.google.com/rss/articles/CBMiggFBVV95cUxQQ2JIbUtPSVA0c2JCQi1TMHN5UWg0STlielkteWIxaFU4bVdhdUtETzAyUWp6cGxBYjN1VlZOTjl2Vno0dTNsWDFHVjRBbE82WXduN1hzS0hwbEY5bWJNMzN3dDdQSGdFamx1WXFkVTctY3lQU3FKb2Z1LS16bUYxZ3Bn?oc=5,amNewYork,2026-09-11,negative
MTA,Machete Attack In Downtown Port Chester Ends With Multiple Arrests - News12 | Hudson Valley,https://news.google.com/rss/articles/CBMinwFBVV95cUxPbFhaMVdQSk1iUGEtM0JyTlhJdk5WQzRXeGlPSzNGcHZHZHY2LW9HellyYVV4TFplTUFRcVIybzNUajVfNWFDTnhVeEtwQkw1Q3dTczdSVnJWQ3BpRkpiRXk0R3FNTEFQZThIdy1PRVJoSWJGSlI1Y2hiQ1ZtUV9aRkE1MVFmaHJEclcyWmt3NGprTWM1X3NCeC02dFZpY3M?oc=5,News12 | Hudson Valley,2026-09-11,negative
Massachusetts Bay Transportation Authority,Pedestrian and Massachusetts Bay Transportation Authority train collide at station - Fall River Reporter,https://news.google.com/rss/articles/CBMiswFBVV95cUxOOGFNNHRJdndhMVBGbWR0RVlyUGJ1ZEJLY3BaTE45LTZnZDhZZjZMT2xIWEdYQVctRDdJdWstakx3eG5vRWh4R2I5aWlSOXBNYW5MLXNmUFVOb1F0WlV2dXAwQXJGdXRkZF9laEI5dy0zUEhXLTJQYU5udHNsdGpkRTVmUjBiS3dibG9TNHlndWpOQ3RwbHU3Tzd4SnBPOGsxQzVpVWo5SnNua2dkOUZuU1prdw?oc=5,Fall River Reporter,2026-09-11,neutral
Massachusetts Bay Transportation Authority,New MBTA pilot programs begin Tuesday. Here’s everything riders need to know - Boston 25 News,https://news.google.com/rss/articles/CBMi1gFBVV95cUxPYTQtNUtxRXhpRjE5VWtndU9DZkIxRy0xS3loc0JXUUZFZWpQVmNraTFLam80UHllS2pJYmNXTUVnNkxmUmNNZFlnZnJGeUJ1TWhYWnFQMERqMDR6OUtWQms1S1F3LXpFOWVtMUppa0ZTMDdJRkxSdmdjcE9uNXZCdDEtb3lPaG1aUGcwbDNwdFZNY3l4R081VzBaelBtWHRNZWMxNk8xWUQ0V2FUSzJqeUptOG5RN2RsVzZ0eG9YWVlxVUQ4NmlKZFFjQlFJZm1Vb3diT0FR0gHqAUFVX3lxTE1XYTJmZ0xvTU1lZFRETnlYb29DZXA1NFlLT2pPRmFyMG1fcTZDZ2JBOHYxTzRwUk1aSEZBNElXNEFESWtUZ2pxYUI1VjBHWjF3TXZOTk5TZjNqVkRPOUFmbVdaSlVIemt6eEE0OTYwaGw4REoxeVBETGJVWWF0ZEVNajR5NkNYcktfdDlnQjJ5M2dDMDVlUkFDWXpMT19BaFNfYlVkeUZCREc2UklUYkQ5TkhBZlFNbDd1OHlldm9XRjJGb1llcWhTbHRzZW5XZmU0U19kYkVCUzY3dUlZekQxWnh0YkthUmxadw?oc=5,Boston 25 News,2026-09-11,neutral
Massachusetts Bay Transportation Authority,Massachusetts transit authority to sell bonds backed by sales tax - Bond Buyer,https://news.google.com/rss/articles/CBMinAFBVV95cUxNT2JhZ3A1ejl3dHFQTm1uLTJaNk0tR3RxU25Ic3lydnNjd1ZRM1lEejB5Q0hsSmo5b2ZUVVlUWWVHaHNJMElMT0o1WWxKVXBlTXpqRl9LOFM3eHV5M21jcmFKREd4dXp0endfMGtGQlVhblA5VldWeEZCLU1BbUVyeU5wR2ZoLWkyQnhsQWFrZW9QeUhmYWNpM3dMQ00?oc=5,Bond Buyer,2026-09-11,neutral
Massachusetts Bay Transportation Authority,$530M from state millionaire tax will go to Boston-area transit agency - Smart Cities Dive,https://news.google.com/rss/articles/CBMijwFBVV95cUxPLVU5TmpsY0RxRTRSNXJkQjN3eU9BelRlVlVsdk56cjdVMFdkYjlGNy01MGdfUmcwd0NaQXZhNDRDaC11N2lWWFduWVJMVkpqcUpCTUloN1RFMGYxekpnbVFMVmVIQ3BCbzRHYzV6b2J5bVZHZGtrNlM5bnNaQkFWeUhkMkV4Qkp4Mm5RMXFYcw?oc=5,Smart Cities Dive,2026-09-11,positive
Massachusetts Bay Transportation Authority,MBTA launches new Harbor Loop Ferry service - Mass Transit,https://news.google.com/rss/articles/CBMi_wFBVV95cUxOVjRTUmIwTFdaT1ZGQ05vc0lsOU9nZFM0RE9SMXduTEpHcE8wOEM5SVJfOXZ5dnk5eTBpVUVfbS16SHpOSGR2NFVSb0hqWGlpcThya0dXdjNjZmRrZ2dtSEhCeXN3SHFwYWFNWXNTLXBzM0Q4Vnk0TFlQV3dFNlZ2dlN3RS01RENpSWlSQmdic19tZEVVN3BhTGJwQjB6c2tBWWd3R2VPU1FEUmJXLUoxMTRIMWtSZ3ROV2ZValFpN0xzMjYzNHZYWFFIalVJV0tFZlZ5cUpsTlJHNlNicjR0MEYxekd5WHJrRklfc2ZkTm5NdVRiX0tEb2NkT2d0dzA?oc=5,Mass Transit,2026-09-11,neutral
Massachusetts Bay Transportation Authority,MBTA receives additional $530 million in state funding - trains.com,https://news.google.com/rss/articles/CBMilgFBVV95cUxONnZyMDMwNWRKYjJGZkg5RGVnOERyRW1oM2hfRDZlWmlYUHh5VHBzVGxXSjE4TmNvbjBsd1hHMDFnLTk0NTdzUWhmQ1RiQ2lJc3h5QTZHVjZ1M2tVcVdwWUhXeWc1bUpSVjlvNEd5NDFVN2JlQkpJZHQ1X1BRNFhGd1FjWXZYWUU3MnF1Z2RsU3BIMjVaSUE?oc=5,trains.com,2026-09-11,neutral
Massachusetts Bay Transportation Authority,Massachusetts Bay Trans Number of Employees 2026 | Employee Count & Headcount Data - reveliolabs.com,https://news.google.com/rss/articles/CBMie0FVX3lxTE1nMldHRXhuRG01UDNuaE0zT3dKNDN5VjVGckNnZzg5d2Vub1BURGhValVyaXhiZkhDR0hwRGExQmhhRXd6QnRXRS1UOW9xSlNWX3JwZFBXUlNyYVBHSjhraXJvR2RxYjBSa29lSjZiWmJQY1c2NGpOakdQMA?oc=5,reveliolabs.com,2026-09-11,neutral
Massachusetts Bay Transportation Authority,"Transit Briefs: MBTA, Brightline - railwayage.com",https://news.google.com/rss/articles/CBMid0FVX3lxTE8xa1JGU0tVeFRlT21DTS10WHZhOVlSd2IwQ2ZHdnM3ZVhNMk1mLXMzV2tFZ3U3UTdtN0xJQzZkNjI1bjJrYVhqY1JGMmpudlE1VnhLM2FGTWo5X2lJSjRiMUVjRXVmbHZZclJBcWFXdWplTjBYRzRR?oc=5,railwayage.com,2026-09-11,neutral
Massachusetts Bay Transportation Authority,MBTA Board Approves $10.3 Billion Capital Plan Through 2031 - Metro Magazine,https://news.google.com/rss/articles/CBMimAFBVV95cUxQa3duWTMxN2NYOG5FRmxObDBxVTVoTjRIR2xVUFpzNDEzS0pEOHI1QWU2WGwtaTBwV2dHSVBTVEt6aHhxdThWVm83SnlQM2ppUG50dTZVYmg4WnpWWmtDT1MtX0hmVWFvQXNKY3ljUlRQVnhVLU5yZk82ZFJManZKTWVxdS04UHBUMkppODNuZ1NwNVpSR0xEYw?oc=5,Metro Magazine,2026-09-11,positive
Massachusetts Bay Transportation Authority,Three shortlisted for Boston commuter train operating contact - Railway Gazette International,https://news.google.com/rss/articles/CBMirwFBVV95cUxNNXVOcHpxY2ZaZURVSGF3dGc2NW1qbXBKOFM2M19CUWNYLVB4cGNsUnNxMWJKNUpqVjJhcU9vT3pnaHFtaWVRd1JMcHI3WEI0UGpWenhKcGRxbGtuWG9TdDRKMmlfSWZXa1E1bTdlNXRYaXp1dFM2SUlhRm9Sa0pRRmFGaE04eFJxMm5VQmpZcDROd05PbG9DaTlMcDBYSlp2aHlVZE5rOGRpbUd3cWRJ?oc=5,Railway Gazette International,2026-09-11,neutral
Massachusetts Bay Transportation Authority,AG Campbell files suit against 9 communities for noncompliance with MBTA law - WHDH,https://news.google.com/rss/articles/CBMioAFBVV95cUxOTUNhQmE1NDFDU2JCRTFpUk1YWWZKS0lxT3VWcHRKb1NQcjI1dU5Zdy1HcHctRzkwa3FuT1JkbVNxWFRGTE9hUXpIbEJBREhmYkNfUDVKcXN4ZE5XbDJsak55SEVXSHIxMm9RSjZyWmJnTjJYRUVhQTRENFY0TkFjTEd4Uy1yY2hPLWFnd1FPampKYVVNeFFBZXdpcVFkYy1I?oc=5,WHDH,2026-09-11,neutral
Massachusetts Bay Transportation Authority,7 MBTA Workers Charged In Red Line Track Inspection Fraud - patch.com,https://news.google.com/rss/articles/CBMinAFBVV95cUxNS05LQUo5Y2pFeEVKRTZNUWplemZrUE9DbnVLT3lna3FraUdsVzRxMTZmOERGLWZ0NlhkLUhhZUVDZzlpRzhvRThwaGhSdHlhbzZFME5ZckZaaHZCaU1NaGdiX2x3bUVGS0lMdTZaOW5oY2o1cUVRUnJIY3F6RTFNX0FxTUY3a1VlMzRRRjZmZ19XQWYyM3ZFNjhpbjY?oc=5,patch.com,2026-09-11,negative
Massachusetts Bay Transportation Authority,MBTA threatens to use eminent domain to pedestrianize Boston streets during World Cup - Planetizen,https://news.google.com/rss/articles/CBMixAFBVV95cUxPRk1oWEQyWkgwOHJIVWc3YmxkbzN6bG4teEx2aHllQkNjbkQtRTA5LWphekRTRDlhUmtLS0Z1ZXI5dnJzejVCc3FUYTBLNTlfc1g1VFRXajZDODJmYnZSd281U0NkT1hJNERZcXYwMFVoYVZjN2Jhc1pCNnRVWkpfVmMzLVpXbU9VYzNMNnp6WHNQWjFFX0xaWUduQkJ4alRCelNBanFkTE5XX3Y0Vm9yRnhLTm9vV3ZXNVJFXzBxckV1TUFv?oc=5,Planetizen,2026-09-11,negative
Massachusetts Bay Transportation Authority,Teen dies trying to rescue companion after fall at Massachusetts Bay Transportation Authority train station - Fall River Reporter,https://news.google.com/rss/articles/CBMi1AFBVV95cUxPRFlIX0dwUDhZR2hENXBKZ3EyVWZQMWhIdldWUXY0OVowM3Zvc3JJaHNlTFcwdnkwbFlMUUE0dV9nR1NnRk5EQ1dnR2E5S0JXWDgxNktVLTdKVkJYYkt2bWdPTTNyREVKMTB4VmlhaXFIMUZfQ0xhNEo3cC1GUm9YdkpqLXlnejhyZllPb28zejFaaGp0QlRsaTY0ZWdmRkxsNmdFSFgzM2Q5eGVyR2pLWG10YzlHY1ozVTA3NGJ4UExGdUlxYWFmMmdtWTlYSW5RWEtsTw?oc=5,Fall River Reporter,2026-09-11,positive
Massachusetts Bay Transportation Authority,MBTA sets price for special World Cup trains at $80 - trains.com,https://news.google.com/rss/articles/CBMiqgFBVV95cUxNNGpJczdrMkIyZW9ZNVFlcFgzanB6aXZGVDg3RHJRZ3NDYnNBRDJxb0VQa3JYODZ2bU9MdFBzZi0zenRXdFdpS1NVNjAxaVBzUmxrdzgtUVhSWGZnUEdfOUZkYlJrSU5keGVpVXhnVVJUV1A1OGhnVGRkUGkzd1ItXzMxaXB2U3dPWDNFdVowazF1U1FIOFBCZl81NU9RTno0UWh4SXI0VWREUQ?oc=5,trains.com,2026-09-11,positive
Massachusetts Bay Transportation Authority,"New report finds Massachusetts’ fare share funding positive impact for public transit, but more funding needed - Mass Transit",https://news.google.com/rss/articles/CBMiowJBVV95cUxQYmU2NW5EdnFxdTJnVUNfOWI2c2JPdzlqemFiQThheHRpNnE4V1V3VXhzSU0yOWJjeUhkUWNNZThsUm0ycGJaV0FFSzBoQ1VZSFZPNGV1dnFTSDR0VGZCOVJpZ1VxcUdGXzVZOVZ3Snd0OXdkZWU3d1E2S2VuSWFiVVBIN3pEWGhrZ0ZVTDFSWUZqVFJFY1AxLUc3SjNCU2t2Q2tYa2ptM2FUUzd2NUp0c3dkSzE0S0N1QUliUHR0dldkQ2MxRTBrOXFMRk1uTnNsVVhPSHZDQTFKbFZNWUUxSXNMMTNzeFV1ejgzbDU5SThQWTE2a2IxVWpqQm5zV2xnZl9NVzh4dFBleFFDLXJBVm85d2g1UEhfRGRmQV9PbTBVWEU?oc=5,Mass Transit,2026-09-11,positive
Massachusetts Bay Transportation Authority,MBTA Appoints Four Transit Veterans to Leadership Positions - Metro Magazine,https://news.google.com/rss/articles/CBMimwFBVV95cUxNaVM2SjJSNmE5SjFFMFkyWXRPOTBaOU9DcjU3T1V4U1ZEcmpHbmJYVmFscmxEczRiMUJUNzlzOW9tYmJ3RzdrMm9weHU1M1p0ajFvN3RuRFRIdzNDRjRYY1ByTzQ5RFMxUkFKbmM5cUJCbUZ5amhMMDcwVnVpNDZlSkYzbVdET2p3NXl5cUo4MzUxQUtYZEV4cVdGWQ?oc=5,Metro Magazine,2026-09-11,neutral
Massachusetts Bay Transportation Authority,Authorities investigating after pedestrian killed by Massachusetts Bay Transportation Authority train - Fall River Reporter,https://news.google.com/rss/articles/CBMizAFBVV95cUxNNTlKTTY5T0xocWRrYURtMXA5QkhTMmVUa3IwbVZwRTdpNF8wQVBoejdQaHlRNDBpS2MtaFprYkdyeFdCd1ZTbExKTFF5YXJEUUpTMWdRQWhVakRuLWtJLVZ0VWVQcl85NS1XeXVadnlhRGlaY0JVQUd4QlA1c0dQU1I1NzZZZUZWbTc3RERmYlRDVF84SWh0cG80dG5kU1FYVWRMTW5BaG9saGhWVUczWGNaSWVyUUhvWHdZaTZ3LWtac3VGZzJmUzBnRnrSAcwBQVVfeXFMTTU5Sk02OU9MaHFka2FEbTFwOUJIUzJlVGtyMG1WcEU3aTRfMEFQaHo3UGh5UTQwaUtjLWhaa2JHcnhXQndWU2xMSkxReWFyRFFKUzFnUUFoVWpEbi1rSS1WdFVlUHJfOTUtV3l1WnZ5YURpWmNCVUFHeEJQNXNHUFNSNTc2WWVGVm03N0REZmJUQ1RfOElodHBvNHRuZFNRWFVkTE1uQWhvbGhoVlVHM1hjWkllclFIb1h3WWk2dy1rWnN1RmcyZlMwZ0Z6?oc=5,Fall River Reporter,2026-09-11,negative
Massachusetts Bay Transportation Authority,News photo: MBTA’s America 250 unit in operation - trains.com,https://news.google.com/rss/articles/CBMipAFBVV95cUxNMUxKQTBfUTAtVTcxaWxzMnNvcVNlNlBqME9KTzJfZXNqZkItRHZ6WDFJVGhDb1dZQ01DdjUwdVBqa1YxNHJkWnc0bThYSUQtZ1h3Y0JLZUJuQ3FKRkJIazhQTlFtNnNnQ1hQUDdHVkMxNkJzYkVVUWUxOC1DMzV3TDdXcjNvZmFtZlZnekMzYnFJZWVwMEZmMk5OenVGQlNIcGVXYw?oc=5,trains.com,2026-09-11,neutral
Massachusetts Bay Transportation Authority,MBTA Updates Rail Modernization Plan to Expand Reliability and Accessibility - Metro Magazine,https://news.google.com/rss/articles/CBMisgFBVV95cUxPaWZNaVI5OXFHZXo2X01uSWdhVFB4YV84TVhGcEZFVTN0Vm1sa1c5UWhOZkl4Z3dUSk9zd0k0LXhJSHZBcElWTnd2ajd0WTdPMFhNN2JSa3liT3pwX0NkUkhtMHVKdmF6ZWxSMHp1T3NkNF9DcV9oOVA1Uk9ybzJqLXUtcFNqU1RfQW1feGo0aGhwengzUjN0eVA2SlhNY2V5dm1aU0ZOMU43OWNIU0I5cUR3?oc=5,Metro Magazine,2026-09-11,positive
Massachusetts Bay Transportation Authority,"Boston's MBTA Greenlights 5-Year, $9.8B Investment in Transit Infrastructure - Metro Magazine",https://news.google.com/rss/articles/CBMirgFBVV95cUxQbmVSY29OUXdZSlJTVVhfVWgzNjF0b3JhMU5PMUFnRnlSZTkyTG1hZzFMQWsyQ2JJVERUaFBoZHQ3MVY2T3FuTnE2TDlKeEN0T0o0UVdwbjR5UTdNMGhaTUlOTjEzMEFjaEN1NDh2Ui0xS1FVVERSNWhqV2lSUUxyR0d2ZlpvZy1VSk9hcG12SDZfNGUwQVBlZncwaktGbkdlcmZCcWtMMzdpeGJ6SXc?oc=5,Metro Magazine,2026-09-11,neutral
Massachusetts Bay Transportation Authority,"Worcester Report Urges Faster, Reliable MBTA Commuter Rail to Boston with Express Service and Infrastructure Upgrades - Boston's ROCK 92.9",https://news.google.com/rss/articles/CBMi6AFBVV95cUxPTFhKejdSdlFPc2pWVDIwRWdadlhiTGFQV1FDa2M5djF2M0VaLTZVNWo3WkZUTXpuUU90cjl3c2JVVGVCVXdlMWtpYmRzZ3J6M1NEZFA5bkpjeWZEekV5bUV0MHE3Z0k1czdfV2JSbWQtQzZxSDR6V3lXTW5DV1FnX0ZRLTF4VndTaVZCUFNuWXNkTWhSYjZDY0tQNEdGY2EzOHBkM09CYmExZzhTM0J6b0NIS0poX2gwMnIxa19TUE1GWklDQnFXLW1HVTJfRC04d01hRHZNZDdlWG03Q21EYTVrUlhiSHdP?oc=5,Boston's ROCK 92.9,2026-09-11,neutral
Massachusetts Bay Transportation Authority,MBTA Wraps Up 2025 with Strong Improvements Across the System - Metro Magazine,https://news.google.com/rss/articles/CBMingFBVV95cUxPNWM4Z282YzZSWFE4SzcyNUJFcDU2S0JPdVdkMm1CbWp4WGlRMlNkOFV5bjl2SU9tbDdMLXljR19nLUxZV1hlWUhJWE9GQ29QSlJoRndtYWZVWndKUXVvQzU5cWVqYlZrdGkzcHRacHdUTUtySHY4M3lQbXI2X3Q0QWUxVmJENEhIX21nMXpkNDRVaGplS0ZHT2plQzRKQQ?oc=5,Metro Magazine,2026-09-11,positive
Massachusetts Bay Transportation Authority,MBTA train tickets for World Cup 2026 matches to go on sale - WJAR,https://news.google.com/rss/articles/CBMikAJBVV95cUxOWXNZMTJHcmJ1eWtkbC1MZUh0QWpjMWZlejc4ZElXa1d6THgzaTVoeFVLUDBNNHNWUVZHaHNEVXE4Z0tpaG9mdUc1ZV9fdHZvM2hiTmJnd01HZzV4Y09hOGRLbkxrbVJKMHNlM09MSWg3LU9YbkJqbUdYcTk3bExreDNyanRPYlJJbnpKWVhvcmZGM3dlZ05vbmxZRHViV01ObEpsV0lvVWkzUk9jUXBENC0tWnA1OWkyVWVtbWNLY3hWLWJmeDZFSllKQ2ZuQ1RONVdqcjkxLTFEQW5IQ2FqeV9GeTc0VVJ6MjZYOE1vME9FSU92NGJlaldYMXpaUEhxbGJVdm9leXdTSWswRXpDTw?oc=5,WJAR,2026-09-11,neutral
Massachusetts Bay Transportation Authority,Major Upgrades Completed at Kendall/MIT Station - Railway Track and Structures,https://news.google.com/rss/articles/CBMiiAFBVV95cUxNZGluenAxRVRzTHBlQmlLMGlGd0NlcllIbVdoak01NjNXX3NiNVRjTnBaOXNTTnJIN29tcTZ5VVV0WlZHVXVyRDN0NmFYWl9QQnlxbV9Idll2cG43ZkR4YThjVHBjZHlUcXdabDAyalRHMmZ6b1NTR0tvMFJhamhnWG43cnNEdjJh?oc=5,Railway Track and Structures,2026-09-11,neutral
Massachusetts Bay Transportation Authority,"MBTA seeks new battery-electric, diesel locomotives for commuter service - trains.com",https://news.google.com/rss/articles/CBMivwFBVV95cUxQa0k2Z0VOc1FyNlQ5YjhGbEM1Ylp0aS0tbHUzRWNaOGlXcXJyT3FWRFlXRFNKa1pIckY3TDc2QjVnUFRoYXQxTE15VUtFZmpSazFrWDdncExrZUJRVXZ3anVHWjhQY25iV0kzMm5VQ0ZJaVdlLWR4aTRWY2czdXU3Sl8taWEzS3hwYUV5QWF6OUhUU1lIbW5pZzU3dEhHbWxCeGo5cGpjN25GdEhSTEc2MTd3VVl1N3IzV1YtZll3QQ?oc=5,trains.com,2026-09-11,neutral
Massachusetts Bay Transportation Authority,Supporters outraged as Boston hikes rail prices from $8.75 to $80 for World Cup games - The Independent,https://news.google.com/rss/articles/CBMirAFBVV95cUxQdTNYcUJfeHJyR3hSbFJnR0RoZDhHdE5SQUkxakhDZXNMeVhUMlFod0xqVl92UThSa2hWTU16a1JCWXU5OVhrVGxlU1FuS2dwN1Y4VW4tSGE0M0dPVXBGMmEzRkJTQXJzcjd1Mm1TeWRGeDUwQVdDejYxV2NPVFRxSk1ocnVmVDl3WGktZWVzY2l2Q3AwRGZLUWEycmtTbzZTNlRZN2hxNnowMmEz?oc=5,The Independent,2026-09-11,negative
Massachusetts Bay Transportation Authority,Massachusetts Gov. Proposes $8B Transportation Investment - enr.com,https://news.google.com/rss/articles/CBMilAFBVV95cUxNMUVKYzYzLVNjcWFSNGNJUkQwSmJLMER3M0s1aXNZX2h6cjdCVUhzVUltZm5JekgzQmhNWUJWLXVabDRRNDJfYVJUN3pqd2JFTUcxUDNyVWFHdWlfeFBUcDJSSUJKRmVmeTZTOFBHbDkza2pZVzh0WUVOQXNqckF1Q0xpZUFEeGpYS21MSDJPSHNhYzZY?oc=5,enr.com,2026-09-11,neutral
Massachusetts Bay Transportation Authority,Boston Charging $80 for World Cup Train As Fan Fest May Shrink - Front Office Sports,https://news.google.com/rss/articles/CBMickFVX3lxTFBZbWFZYzNsMVkzM1hCZkpXZTliclE3cFNFYmloVmFBTTVBQzBCNVdZVHJueXljUGZMRjU4MWdFd2Uyam11V0U0NTZBeGNNVHk3YUVBLWR4bnZ1UmVJT1hTS1NJNjBqYmNCUHhFQjBBUFVFUQ?oc=5,Front Office Sports,2026-09-11,positive
Massachusetts Bay Transportation Authority,Boston extends successful fare-free bus pilot - Planetizen,https://news.google.com/rss/articles/CBMilwFBVV95cUxOYXFRREltb3M3bGhQbVpCd0NxYnRxazE3UnN2LVl2bHdxWi1Ib0hFNC12blNOQjdpaTNlRkdScWxVY0I2amZXV1RYTFVUTDhlNE5maEwtX2ttTTVCQUJteDB4UjkzZmpCTnRlSEdFdW1nLVlOel9pZnU3d25ZcVdQcDRiZHI5T0ZzS3FidEhUcFJrZ05sQW5B?oc=5,Planetizen,2026-09-11,positive
Massachusetts Bay Transportation Authority,Ferry catches fire while underway off Boston; all on board rescued - Baird Maritime,https://news.google.com/rss/articles/CBMitAFBVV95cUxPblhzOG55eGV1WWVRQUdzR3MwTlVMN0M2d0Nqd0twRGZ5MFhqYWIwWXRhY3BfTFVOcGFPVVdtLXd6aEJjRFE4Z01uSkRnWVg1OFc5N2M3eXQwclRFcWFENnN0QU5keUZYeHdNY3RPMnB0bkQzaGhWSE53Um91cE5YTW1tQm0xUlEyVFdjeV9CaHBrTWVqdVQtTWdrS0lreFB2aTNHTm9FZC1BQXBzYUpMQlRZcU_SAcIBQVVfeXFMTWk2TnZJLTc2WV94N1NlVTlVWGN4ZzRvSFJPLXhzbTZmMXVYT3VlM2owLUJvcENvUWJURVJxZmtkNVFLa2xJZEFSeDlXZHRRWFhMOTJHNC1aVjAzX09qa1Q3ejBBVXU4bFBudUNobzg5OFQ0ZjFBbmlaQUloNnVvaHNqdWR4M0dmdkFDTjlVajhRZjFkODh3eF9rc2d0V18wOGZ0V2VYQjV6aXdxUWhhbldhZTZ5eHl2NTk1akw4LVViYUE?oc=5,Baird Maritime,2026-09-11,neutral
Massachusetts Bay Transportation Authority,Healey faces off against Minogue in quest for second term as Massachusetts governor - The Hill,https://news.google.com/rss/articles/CBMigAFBVV95cUxNSDFEV3duZXowX3E2c2JldE5TUlNMVzhnNzJfd1BOU2RvZEN0czhtVVRnVTd5czNVZzJyMG8taFNtbk4zSXc5UHdGbzFUMVF4Z1NORldmNWNEUGNJN1k5UlRpMjVIdEdDVS1QWmw4Wk1RMW5mTU94SDF6bzAtUDB0NNIBhgFBVV95cUxPeE9uZkJnV0tYWjEtUDVIS3FsY1RHSDlBdmNXb1pja212N1U1eWZiSWp1d2JPYjRZQU5FZU9wY3V4ZlhmVXQ0VFlKMkQ2cWlOWFlhVlNlOU1DNWR0Szg5ZG1WR2VyVnlSbGtkREoxQ0trVE9xUjVzZTROR2xPNkJ0NFpqTjRydw?oc=5,The Hill,2026-09-11,neutral
Massachusetts Bay Transportation Authority,MBTA commuter-rail operator contract moves to proposal stage - Railway Supply,https://news.google.com/rss/articles/CBMikgFBVV95cUxPcFprX3MzWnV4NDZUQ1JTdTJxa1NjczFrcjQ3MkplWnZIRDhsZDFHbWtsSkxtS1B1ZWw0aThKbjNMdUFJTDFLY3MwNnNoYkk2aGdwVlVIa2h6Q2hEdjI3OWQxXzgxMEdCN1BiY1RTVVJfeXY3UmdGRWRoRjAwdWh6MjlWUmI2ZHBQdG1BSVVWZzd2dw?oc=5,Railway Supply,2026-09-11,neutral
Massachusetts Bay Transportation Authority,Rail News - MBTA enters New Haven heritage locomotive into passenger service. For Railroad Career Professionals - Progressive Railroading,https://news.google.com/rss/articles/CBMiygFBVV95cUxPcHpyUWhNb2dOM1pvTmFacFFaOENwQmMxWnRUSjcyX3JTcjV1Zk1YTm42VUVqeDIwSXBIMGVfMW90Z2RQdDB3TGlPUWxXclNCLTMwRzZHbzc5eE5yTFE0X1ZhbUh6eXZEd3FYV0JTT2t1MjRiZWZUYUR4ODdYX1VJY1dIOUpJSnJiTGhMeC1LUjhXa1lqNGZOdEIyREtpanRMSV90YWpJd3VjZVNDQTF0eUljREJXTUNUMVQ1M1prd0hmQ0NNSGFsM1hR?oc=5,Progressive Railroading,2026-09-11,neutral
Massachusetts Bay Transportation Authority,Turns out that World Cup MBTA tickets are not $75. They're $80. - patriotledger.com,https://news.google.com/rss/articles/CBMiigJBVV95cUxQWWpodV9yS3RWTTMwNVJPSjFqR2NyYmtPQ1ZtUk5RaVdLYktpdHdFMjdFUkhVaEg4THB3RG1hVnRabTNTRmxWSmJDNzRVQ2h3R0d4X1laOW4zNndSdnh1SFRJR0NEb3R5TkNtN01TYUJRWVkzdHNHQkJJMWtQRFNxa2xNd0J6bzRPQkRzT05kYnBTSWRsX19VdVllZlk1Y0ZhQ2hlTElid2lJZEUxdGg3LWM2cldrd0V5RTZlQ1pFMDhraVA2aU12eTdzRWYtQ1NlUkstV1VSMkk0RVdFckNSTEx5anVpWThoUjBOMlRuSmczSzFTemF6Sm1QYTJqbllSVklVSlgzYm81QQ?oc=5,patriotledger.com,2026-09-11,neutral
Massachusetts Bay Transportation Authority,MBTA backs away from major Alewife T development - Cambridge Day,https://news.google.com/rss/articles/CBMigAFBVV95cUxQU0pBbHc5cnNCbFdTOGYxdzMtdkpSaU91UmZiRWt2Y0ZYZHRyNlp6OC1ybGhBbVJONlVFQzJXUV9KLXkwWVc4OXVZUE9ETWFkXzA2QTFhdG5SOGNuaUJxYUphQWlRdG44ZUNydk5CQl9kQWZSLTV1VGhsZFZRTkRMYw?oc=5,Cambridge Day,2026-09-11,negative
Massachusetts Bay Transportation Authority,How Boston transit leaders fixed a failing transit system - Smart Cities Dive,https://news.google.com/rss/articles/CBMiigFBVV95cUxQWkNTNkd1NGE3NjZFOUE1MW12MzRXMnV5SUg1QWhjVUVLdk05amJuQjhSSTZXSER1T0szVEo1d2IyVFZSdGo3QWtnN09pQjdTdVlBUWo4VWxXb0NST29VN290dHp0TWF1S1NwNDI0VW4wQmNxcDdqLVhtcmRzYmFIY2VMdTZCM2k3c0E?oc=5,Smart Cities Dive,2026-09-11,negative
Massachusetts Bay Transportation Authority,MBTA Rail Modernization Plan sets rail upgrade roadmap - Railway Supply,https://news.google.com/rss/articles/CBMiigFBVV95cUxQNW96UXVvbkN1MjF0VDZjRjJlNzlicEI2VHBSa1JVdmJBLWZKS0VBZHk5bDdTa2VOTnFsUGVkVndMTlVGZmY1LS1DMnh4RzI5aHkweFJDcktlZi1VWnhIWmtsUS1HVTRoSXUwMTZmWlhtU1BuRVN5T1ZlSTZCTlVzWFNkZHVVbXBhZ0E?oc=5,Railway Supply,2026-09-11,neutral
Massachusetts Bay Transportation Authority,Skanska lands $1B Massachusetts rail bridge project - Construction Dive,https://news.google.com/rss/articles/CBMikAFBVV95cUxOS3NaWVNlcl9nMndDOUlkdGdMV3lXaTFta1dVeUtVdFViYmphcmc5bi1aX1p5QjFwNkkwM2RkOC1TMk83LTRMbTkwM0RESUxHUkdQRmhvVnhtSG5LX29qMnlCN3RpNlZob05uUlZkTDlYT05BXzhQclBCU19nLTJXaG5qemE0YlpxS1dDaHhabHg?oc=5,Construction Dive,2026-09-11,neutral
Massachusetts Bay Transportation Authority,World Cup 2026: Fans in Boston face increased train ticket fares - BBC,https://news.google.com/rss/articles/CBMiZ0FVX3lxTE5XZ3hIZEFBV0RvQUNiLVZBb3hjYk5ZeGRSVHZnRDZBOUJid1NrWm1zU1I2dFdjaG9OWmdLS3pQbVFiM1UyX2phVEJFQy1EWW5EZzVfaFUyMW8wejN0OWVacmFDemFXa2c?oc=5,BBC,2026-09-11,positive
Massachusetts Bay Transportation Authority,Boston commuter rail contract: MBTA shortlists three bidder teams - Railway Supply,https://news.google.com/rss/articles/CBMilwFBVV95cUxPYVZfOWFUSFhvSEhQNjczTnVGN0lLZGRrRmYtb0NXRGRUWENFSmtYc195WC1lTjVTWEwyRFloS0FFbmh1WnpqckhJUXc0aVdkUDh3bDFVLURVM0RkdDBCRHZzbkVxR1V6c3RsLW1PdDVsZVJSYzBiYWdjMU53TDA5dUdoMjZaTHhETDlpSHU5emY4WFdUaGRF?oc=5,Railway Supply,2026-09-11,neutral
Massachusetts Bay Transportation Authority,Train Service Halted After Man Parks a Corvette on the Tracks - Road & Track,https://news.google.com/rss/articles/CBMiqgFBVV95cUxQWFBwVDdLbDBhOVdjZGxLd0IxS0hiTkpHdWc0aGRHZkhiSy1YdERVMU5NV1R1X1JlOWNqN09VZEpxeWRpbnFsaGtXY19VM2ZrMXI3X1dQZ3B6eUhHbk5nYkEwcEdzbVhtWkdwdmNxTHI3TzRnM1dhUGtaTVFVUWlqcU50cE4ya05LUG5FSFB1aW90VXBpdW5KVGJhTDd1V0cxQzVKMXZyT0V6QQ?oc=5,Road & Track,2026-09-11,neutral
Massachusetts Bay Transportation Authority,MBTA completes Green Line C branch infrastructure work - Railway Supply,https://news.google.com/rss/articles/CBMiigFBVV95cUxQZXBFRlc1RXdyR2RxX1BOdFNBZHM3LUJtUThPRGJCeVZQUklERVpJeVZySGpKRjRzR2IwM2VzOUtJZ2xQUXVhRGFKMXZ4SUxiNFA0QjllbktQNnRQZHNraG4yR194al9OT09yUDN1Zzd6NTYzUHJSNWdnbHJOVnBCT0dzTVZvQU9IUkE?oc=5,Railway Supply,2026-09-11,neutral
Massachusetts Bay Transportation Authority,42-year-old man dies from injuries sustained after being struck by Massachusetts Bay Transportation Authority train - Fall River Reporter,https://news.google.com/rss/articles/CBMi3wFBVV95cUxNb3dOOXRJR3F6TExPdlJGNlg5XzVJeTlmOER3VW9fUVM0Y1p3M3BHVGdhQjBjZUVPYUstT1NfTEFCRDNkRklLcjBLS0FZTUJTOEJkOGRfcGQwbEZ4VkZJNWphYm5UTjkxVHJzRnQtSnpjV0d3TjEya2sxMnkxY1pZVVBFTWdJTFJFeXFzYWFWTEhScVhPcTdLeV9NX2hGSXZoQUg5SWtNdkMzVWNXSkR0Wmk3V1l5ZjFaUFh0V1Nta3VmMUc3MEpNcnhlYnZUR0QtUXVyakotOHVwRF8tSHZZ?oc=5,Fall River Reporter,2026-09-11,negative
Massachusetts Bay Transportation Authority,MBTA Secures Funding to Procure New Commuter Rail Locomotives - railway-news.com,https://news.google.com/rss/articles/CBMikAFBVV95cUxPSHZoYmpZbEJpMUI0aEFkZVE4ZFBURDlKa0loeTNlTml2TW9MQ2NwU2FMSDYxNW9WZHRNMDh4X3oxallIOTM5d0hjUEdBX0VGTWVRTW1ESkR0RDVFZnYzd1dSRmIwb3lsSktTVXNuWUswLVJlaEpSLVkzb1JybXpfdHpOaHJOQ2N3SkhjMGItZlU?oc=5,railway-news.com,2026-09-11,positive
Massachusetts Bay Transportation Authority,The MBTA must crack down on fare evasion - The Tufts Daily,https://news.google.com/rss/articles/CBMiiwFBVV95cUxNSlVDXzdweEtWUTBmOHZCY0tCMi0wWHBpZjUzYzNsQ08tLURkZ3FmbWp5U1FSMzRFWU1MaWtIYTV4TU52QVpKZVg5NTM2c0lBZ253Q1NSWVJiaDB1YkcydzJ6X2wzN1U2cGQtUHpGTUY4MmIyQjFtbDZxaXVpWXQ2U1ViQkJWMjlaY2xj?oc=5,The Tufts Daily,2026-09-11,neutral
Massachusetts Bay Transportation Authority,"Citing improvements, judge ends oversight of MBTA accessibility - WBUR",https://news.google.com/rss/articles/CBMioAFBVV95cUxQU1M4MWkyNkxMOUM4WkhHR1VrSWxtWEtSVVc1bVZDcUF4MElyRkZ4dGtTXzNUTGV3TWtsQVRyTk96dzBwN2FyUHM3VzMtQzdSbG54b0ZyY2FpYkNGMFM3UnhSQTJ1SUNnTTFPLW10Y29KendMWC1lTS15RFFsbTdmajRGT2Y0VnlSRHZDeERlMEZQRVhUeUVmajlodlFfV0Zf?oc=5,WBUR,2026-09-11,positive
Massachusetts Bay Transportation Authority,Massachusetts makes a pit stop in the market with transportation bonds - Bond Buyer,https://news.google.com/rss/articles/CBMikgFBVV95cUxOTjhldXBRNU9aRHprSFUtSVB5dGcta3Jqa21sck1lckp1TVdidzNTTGZFODZ4SXA2eFAtTGFzNnB0Zy13cUpYTDdZRFJfNkFTUXBZR0tzazlaWXoxXzJZd1BEMExjUjFoM1YtTHBTWENrMzMyaTh1Q2NydllwS19IaExScVBNSGdSOE56bUo1SFFEdw?oc=5,Bond Buyer,2026-09-11,negative
Massachusetts Bay Transportation Authority,New F40 Lease Fleet Enters Service on MBTA - Railfan & Railroad Magazine,https://news.google.com/rss/articles/CBMicEFVX3lxTFBiTXhsQ2RocVpZYkFTdmhrMnR0Ui1GVHZpRWs0Z0FLbWNyNlZUdlJ2YXRybkpreGNHQVRCWjEwVWpwX0NmenRIOFZURnliNzlEdlhqT3plSFpmOWtqZXY5TFZOUmpjajBrVzZzZ3FhTWc?oc=5,Railfan & Railroad Magazine,2026-09-11,neutral
Massachusetts Bay Transportation Authority,US commuter operators launch battery-electric locomotive tender - International Railway Journal,https://news.google.com/rss/articles/CBMinwFBVV95cUxPb1NkbmpXYVhjWnJnVnd5bUJoMHdLX2VVQlFxYlVUMnJocHVteTQtU3RCT1BTdm12RE9SdW8weEx3dXBkVmFkV2RjV3FFa2Q2UE1waVlwYnQ0SkdKajk5dVJkbGg4YThPUjNQTWVpY29LZVhwS3NlS3lWUzM2VGtzTXhwV0d3T0ZYQjBSVG5YU3d0Q3NlYXl1NWxTYnNYa1U?oc=5,International Railway Journal,2026-09-11,neutral
Metrorail,"Grosvenor-Strathmore, Medical Center, Bethesda Metrorail stations to reopen on Labor Day - Washington Times",https://news.google.com/rss/articles/CBMisgFBVV95cUxPSENlam9YMHByMklNSHk2NTNwUlpGQk5KRnltVWFkNF85NTZLSm9hT2MtWHh2TGZPT2NpX1h2bUpqSnZqWG9VR3NQZjdyVVdxMnY4WE1SV1R2QmpfaDIxbC1MSzdjSmRIb1E2SGstWmxPNUNwTXFBZDlqNU9lajFjQ1FPUFFOS3dWdTItOUc3RDJrM2QzY1Z3ellzVmowMFVIa1k2UVcyZGFlaXg4Q3hEaVhn?oc=5,Washington Times,2026-09-11,neutral
Metrorail,"Red Line construction complete, full reopening on Labor Day - NBC4 Washington",https://news.google.com/rss/articles/CBMiwAFBVV95cUxOQk14ODA4X3dUWmhqTGIybENjLVh5WHgzTGptSFFVaUJGZVB1dlhiM1pka3RiNVE5SkhLQWtoVGNBRmd3T1dPcmQ5NGZudzU5cDdoUEhfdDlRTDlhZXB3Q2lMVGs1ejBtU1FIakRJbUlXU2w4X3MtdG9qZlBfREx3c1lOMGRwa25HS2hpM0dPNWNKY2xCUDBuX0trME5uWW1YNDV3NDRKQ3JsYjc2Zm4wd29wTGJkaDh5WVJXSUZ3eGjSAcgBQVVfeXFMUGNEOXVpREE1MFdqU1hKS0JnSVRVVEdkRUxJUU16Q1dDOUtHUWdERlFoNUZPMkFGLWZMVWhpTU9maU8zV0o2NzJfZnNJQ3FnZklObG03MFhveVgtVEk1czB3Y25rMmpMT3BJamk4aUREVWhRMjNvUzV6aXZWcS13eVFzcW91TWIwcGFNOGc2c2VtZ3hFZUhfM2Q5UGhIdWsyLXpyTHl4M0E2OFUydzk3TE9faUtsa1p5SjRxUERncFpfaEVjNDNlWVo?oc=5,NBC4 Washington,2026-09-11,neutral
Metrorail,"UHPD, METRORail partner to provide free game day transportation - The Daily Cougar",https://news.google.com/rss/articles/CBMiowFBVV95cUxPcTlKdnJlV3ZEeUNfNTdUYThkamVLSWhROGo4S3pKRGhZTU5wbnJVY1JYcW9CWUhJeThWMktJTHBsRFlaWk9kMGJQdVNNeUxFUWNYdXJReXlCb2NXVWlZZU0yWHVrMC1ZYURENEgyTXJIMXFhTjM3X19VM1d2LTFRdjdjRzZmd2NKMlhpcjJ4d2JlR2p3WEZqSkRHMUlfMDdtT19j?oc=5,The Daily Cougar,2026-09-11,positive
Metrorail,"27 bearing pads critical, cracks found in 46 piers on Metrorail: Minister tells Parliament - Views Bangladesh",https://news.google.com/rss/articles/CBMiuAFBVV95cUxQQ1VqMVJtd3RXbVdnU19FTEtFN1dmeHNDNS1RUEpvXzEySVBpbk9MTGZuMTFESXR4bS1ndkw1NVpFZjZCNDBuZmhCNE9GMi1VOU1PdWRiY0dsUHZhWE1zc3AxWVhSaGtkdWRWUEZqTlpPbVVRbVpRc2dZVnVGUXAxLTd4M0tZaTFiN0pVRnRDUHQyWEkweDdDN3lJSW9qdGpsdENJRFVOZFp5QXE3NzNVYjBHRlpMN1o2?oc=5,Views Bangladesh,2026-09-11,negative
Metrorail,"Cracks found on 46 metrorail pillars, JS told - The Financial Express",https://news.google.com/rss/articles/CBMijAFBVV95cUxObmlDUjBUYmI0eTJHT29LQ2xMcUhfRFlsY3oxMEV4cm5qSmVUUGgyUzd2TWJsYXkwVjhTb0xGaWdTZlJ4bFdCdTA0V1ZDTS1OOGs5blVDTkNtejNnMVVFdjBwODBDQk05Y0Y1a3RrVEZkbDZqUU0yZWRQWkJzTTZhd3dGQTI2OGdCYjRqUQ?oc=5,The Financial Express,2026-09-11,neutral
Metrorail,"HFD at fault in both July collisions with METRORail trains, TxDOT says - ABC13 Houston",https://news.google.com/rss/articles/CBMilgFBVV95cUxNV3Fva2N3Tk1WZGo4U0VXX1dPc3NMWG53T0JHUDN5TlB6SkF2LUdMSk9GQ2FyVkMzR3N6Z0VPd3NjU2RGSzgzS2w3TjlBZ0RqZm9YQlBfM2luLWNqemxjMlNFWWVtU2tvcV95S0JKZlBWNkoyT09sUjFSQ0NMVXFtNlEyeGRFQWpMcFFqN0JFWkJ0Z2JHSkHSAZsBQVVfeXFMUDh5VnhqNTVzSWpZV0lwU1BwblI5ZkNsa2NjaHIwSnRja0l6WnY1dVhuNHIwcVdNRzFzSktWNF81X3lCbF9POWUydlJGXy1mTEZJZFhzVVV5bVRNQjd4MnVXSHlBZ1JDbmJlVzlnQmtZamM5dEJqWkgzM1gxWEpjWkxEU05GTk5Pci1raWpCdWhhXzNuZFJ4RE9EVkU?oc=5,ABC13 Houston,2026-09-11,negative
Metrorail,Houston Fire Department Fire Truck strikes METRORail train - FOX 26 Houston,https://news.google.com/rss/articles/CBMihgFBVV95cUxPMDF0djkxQ25uSFpxT2xjNzc2TmhkQTIzSUhvRzg4UFhBbnJmcEFXNFl2QnJyaXBXaHRsOXNLUDR6M19Vb3RvOHdfOW1OSUlVU1Q5STBiV3d3djZ0Y2xCdkdUMzhxcVdGYm9DcWNsLXVxRExQYVFYYUZKTzBIdWZYNjI2Y3h4QdIBiwFBVV95cUxNQW1KTVF0V3Z0WlVIR2JSS19LQjdiSzBBUlZCTHJzSGt2NlFrd2NoQ3pCRDg1MnNXcmg1aGMtYnlqajROSUQ5VEJOQVZSLVVhNHh4bHgxejRTOXNrdFI1ODAwc2NabXZrZXBQTmJ6Tks5dHdua1dqX29Nd0ZRX1RJNlUwaWJBUENjVFdn?oc=5,FOX 26 Houston,2026-09-11,negative
Metrorail,Miami-Dade could lease site along Metrorail tracks to developer - The Business Journals,https://news.google.com/rss/articles/CBMisgFBVV95cUxNdVpxdHBOZ3pZanVqX3dUbzYwUDJITzZETXNvUGZnZkM1MXowRzY4TWtwemRKNHVoeThQX2s5ZFV2WHJiQ1Q5Z1ZSMXRhSWtJOU5wVzU2SkZVbjJnT01Gc0JBMG82QnVMaGRTX1JrZ1IwNm5xUTVBSkxWc3lHdUNKMndNVXBKcTdxTktMNmdBd2FrSkRXMURqd2xucVdVcHZJWTFyRFhOYU9Ma01GVDUxeVZn?oc=5,The Business Journals,2026-09-11,neutral
Metrorail,"Houston firefighters at fault in 2 METRORail crashes, reports state - FireRescue1",https://news.google.com/rss/articles/CBMirwFBVV95cUxPTTdRMGk4dVVQVGxzbmtvYk1Ua1lhb01CYlZsM0txWGxkamdKbXFTVjEzYlN1UFFScXp1WTBkNnprZ2laSFFpSXZTbWNzXzJEZjBoYTlIOXJhWHZXQ3ItTDRaZE83QUJPSEVxNVNyVmpYQjdmc2NIckJQSXQ2S2tKWVp4OElsaXhfVWgzdlRLZzhuX1dvd1JRTDRyNk5aX0JaRllYbXV6YVFGM1BvMUxB?oc=5,FireRescue1,2026-09-11,negative
Metrorail,2 passengers hurt after HFD vehicle collides with METRORail train near Museum District - KHOU,https://news.google.com/rss/articles/CBMi-wFBVV95cUxNUmdDSUlOTzl0NGVtUzh4dUpxR0o3Z2lmNFVxOERHaEVoN2VJaFo1RjJVVUdTMFlrSDRWdThodFZNRWF6c0dZc09Xb2drU0RIWnNYUlp3eHpwRkFWeXRvaFI1aW9jV25ETnJBcVJDeXFvdC1kWThmRXI1SDhJY1NWazRWMm9kdVEtYk9NWkxiNWZwSlFqN0tmU3N6TXRRLW9hYzVZTmhoN0RPLTJfSkZrNnF5Si1SZ3dLcHl3TUl2bXFZSWVpanVNa2dXZXN0QldSaU1VeVU4WFFENkxLSDhYOHZoRmtNbDZtdEpVUWZfSUFSaVY3MndVVDMwaw?oc=5,KHOU,2026-09-11,negative
Metrorail,Heat kink causes derailment of DC Metrorail train - trains.com,https://news.google.com/rss/articles/CBMiowFBVV95cUxPSnlRSHQxNTdvVGs2dnRzeUlGaEo4VHdLSzN4ckVUZHhRR0hYejFEUXFvekFfRURKTkcxZ1NoVDdXNUNRTXhMV2x6Zk9DNGQ4ZGZSUW5BZ0RIa1E5cVdONzc2cWQ3ZGJMbUdqUy0wcFlTejNBOFU4emhjZXk3b09SY3FCWGpXSGVST010UUxiTDdiaHRORVhrbTZYUmFLeTlVejE0?oc=5,trains.com,2026-09-11,neutral
Metrorail,Breakfast links: How many people rode Metrorail to a sold-out concert? - Greater Greater Washington,https://news.google.com/rss/articles/CBMioAFBVV95cUxPeDlHRnM4ZmJWakc2UTRvdC1ZYmYyQkdnQVZsRmVIUndIRlVTTU1fMmxjSTAtdURYTnk0anVSSG1WUWp1YXV1Y080WDZiWE0xSVB1QW5ESXV4dGstMGZhekZCR0lTUmZKdFljSWJDWUp1Z1FYYVlQbUw4QjAyREVidmh6cU9HaVdrdzBLclR2YnlaLVo2UDhhalFzU3NQdm5Z0gFKQVVfeXFMTy00bjRKV2IwYlR5aDZOeEhVT0I5Rm5xWGgwR3FzVXpoR3YzWFlFVkN0ejdwN0RxcllHSkNyclNMQTl4Y0pUY0R2Nnc?oc=5,Greater Greater Washington,2026-09-11,positive
Metrorail,"HOUSTON FIRE ENGINE COLLIDES WITH METRORAIL TRAIN, ONE INJURED - Firefighter Close Calls",https://news.google.com/rss/articles/CBMiogFBVV95cUxOdXB6NVpWekZHdko1SjgySXpmQlZVdWQwbXlydzR4RG1LZ0M2VVlESnVZcnM2SFRNWkZrNzdzaGstYkhDc1NnRXNKOTFRWEU4RVJ1VkdPSjBhSjcyV2czTDNpQU5HZkRCUlBMbXBUeGFqTXFqV19sWEUzMGU4bEplbTZOTFA5cGtabE5qUzNGZXNibVQ1X2tYM1VxZFdhRXdSSFE?oc=5,Firefighter Close Calls,2026-09-11,negative
Metrorail,"1 hospitalized after METRORail collides with HFD engine and derails in Near Northside, officials say - ABC13 Houston",https://news.google.com/rss/articles/CBMiowFBVV95cUxPQ0VzT0N4UnNHdjVQSlpab2d3b0NFWVM0MlUzV3JjX1p3OUtmeXE1czBZWllzRThPR2cyY2J2S3FTWGhuWWVoQWI2MzJMN3B4T1BkQjhTUjUxWkpEY3VCNzd2Vm5DU2R5S3Qtb203Zm5OS005SzhPMk9tcHBUS1VDZGwxckJ6Mlh2NUlOUklRN2lieHFRM1N4YTNObUFNbUhReHdR0gGoAUFVX3lxTFBCbEhUOC11Y3lxU2JIei15R1Y0ZWhIMEdteXN5QzZRM08zMGo1S3FPWVFkZmd2aVQ5LS13VlZ1TURtX0dBS0xIYnl0TjlsQnZMLURLem45dDRWS19QR1JHU3JZRFd2UUQwUmk0SUZtbEkyRU0wT0FIZUtlWGtNVm9TbjIwaXJVTzZOcVRwT1hNS2VGSjl4MGkwQTMwcHZELW5ZR0lNLUZEaQ?oc=5,ABC13 Houston,2026-09-11,negative
Metrorail,METRORail train struck by Houston Fire vehicle near Museum District - FOX 26 Houston,https://news.google.com/rss/articles/CBMijgFBVV95cUxNS09RT2tGWVNTb09mZVdrelBpcU5uVHBPdG1oeml0RHZPeWFsMFdCYUd5enpiTVRmQUktWGpTdzNKRmJCcU85NVcxUVRDaFozc0hEa2dnaEtaRjhBWHBiQUNzV2R1eTZyeTY4WTlFMTV4UzhhaUhLVEZJNXJUMlZGRzEtZXB3cmFpeXA5RGxB?oc=5,FOX 26 Houston,2026-09-11,negative
Metrorail,"Doors, barriers coming to Metrorail’s Red Line platforms - Washington Times",https://news.google.com/rss/articles/CBMiowFBVV95cUxQMFlaNDkyTnFzRUdpbzFYRGl5bDY5ZGd1VVkzMXF4OVlLSzBMU2syR0F6WGVadW1rejVwRW5Hb2U0NE1Sdlp2eEpnbXVyak5hQjJMbFkzQmoxWVFLSWZ5LWtlZXlXZEx6SnRBaEJSOVJOV0szM29maHpUNXNGRTcwNkhBeE9uSXNIS2VvZ05JZE1iSTRVOUtVaFd3NHctVHYtTldJ?oc=5,Washington Times,2026-09-11,neutral
Metrorail,"Suspect taken into custody after incident involving box cutter on METRORail, METRO Police say - KHOU",https://news.google.com/rss/articles/CBMitwFBVV95cUxOa0RIbUg3WThjcF9nbTc2Z0xxaU9PMmZ5RGk2blN5elJPYWZJaXhBSzJBZEpRSTBnXzI4V2Q2bU0ybUpOd2pYc3JzRTRJal9DRHl3TmQwdHJReW5Bc2o1aVN4TFlZeU1NbFpKMmFWNVpIYjJuVEdTcFo5ME9vRlRXd2RvTU5raHl3dkZZN2p1VEY5RkJtYlNrZEVHaktpX3JiRzRlenRTbnVxN3d2bWt2dnp0WlBxcUk?oc=5,KHOU,2026-09-11,negative
Metrorail,"Collision between METRORail and HFD vehicle near Texas Medical Center, MPD confirms; second incident this month - ABC13 Houston",https://news.google.com/rss/articles/CBMiwwFBVV95cUxNVkxfYUY5U1d5NUdXQ0J3Y3N6aVlSZDRaQXpqeFp4bjF3ZGFYNm5lX3BHd0V3WTNQSktyTFJrcVIyQmQzYXRFdzhTZ0pqRUQyMWRMYWVqT0dHUWtMeS1xbWJsOGVuak5lTThxVm1kT3JQaXpMaUpOYTAwUkJZWU1fZzJuUnpCRjJpcEI0QVJEMHY3T19ZTmlUcmR0MG0tb1B2R3N3M0N0eE5DbXczcU4tbXZCSENDT1FIQ3pfUHFldkdlWXM?oc=5,ABC13 Houston,2026-09-11,negative
Metrorail,MetroRail train crashes with Houston Fire vehicle near Midtown intersection - KHOU,https://news.google.com/rss/articles/CBMi6gFBVV95cUxOZDdXX1BoVkF2eXR1U1BycFpxaUpmbEJudUluVTgzX3h5VlBmTGQxamZpeEY0SWcyTWFfa0pCOS1jZHZqQ05IeFlZYXJ3YXlGbDdwZTB4OFR0VUo1NVRkSG5zTXZFS1psSFdOeDN0X0RocjdhVUlpME1Jb0JscjRzTjNIVkNEeENual9UQTdlUHQ0aWtLSUJyM25Wd1VUQjZyampHdTNtTk1BMmstaGRlcElLWUQwY1dpdW9ZajktbUtXU3hab3I5UzBNME9jdzdYX1Z3VDRtOTV0T0x2bS1USXlNeC05cm9RUnc?oc=5,KHOU,2026-09-11,negative
Metrorail,One injured after METRORail and HFD fire truck collide near downtown Houston - KHOU,https://news.google.com/rss/articles/CBMiuAFBVV95cUxOaTdLc2JoWDFaclEySE5SNlowOWRWRmZYeFdzdjUxeXNwd2ZVME9jS1NDVXhNMFR4dHltRC1fcHJyODlPMm5mc21sbEpHNFByZTVDak9oSEFXdmFSaEF6VlAyRDhVbkc3Q0lOOFByS1ZiTDByOFNBMTVNODJjb0pwc182NGV6S1Ryckd3Y2Rna09OR3Yyb1hDRGhfcC1iUmtyLUw2UnlPWktNei1TMXBSaXNmcEJvdHhN?oc=5,KHOU,2026-09-11,negative
Metrorail,Evolution of Metrorail cars to be displayed on National Mall - NBC4 Washington,https://news.google.com/rss/articles/CBMiywFBVV95cUxOWEJ5WGVBU01sZ19KWUx0NlRqRW94bWxIRzlZbWJkd1Y1WlBkUGlscV9kWEhSdnFINlczNU1XRWQ4bDg3cTZFdWs1SHo2aEhFZDc5SVllM2R6WEg1X0dIcFdIUWNlajhSTENwTUc5ZGpzOGVOMV9nd1U5dVc1SW1kVGNUVG9URU9TWk14Y2xBU0MtU2lQcUFyclVUMndEMGVKREgwTjVrcElMZVM3VmE3QTBCVmhJR1drTzk5Y2tNS1FtdGRUTTRZeGI5VdIB0wFBVV95cUxPNDFKX3N1MmwwMFlQR3pBcTR0RHhWZm1xeURpQU05S3NqTC10Vzk3NGxLWm94dEVhcU5ma2Vxc1B2OWs2NjZWSkpRNlN4UHlValFfVk4zeDdLNkpjcjk4MG13cl9uMmxQX2JNZVFVX1cxTXF6cU45cUdBaGVmSjA5VEdxS1NnS1R5M3p3d2J3LUdxX2NVNXZmTWxmdXZkY05FVVlsUUMyS1d5VE1UcmtUX1k1XzQ0UFI2WjVjSDRWekNBV1lvaExZeU1ORmVpSjZObGFR?oc=5,NBC4 Washington,2026-09-11,neutral
Metrorail,Fourth and Final Tower at Link at Douglas Secures $134 Million in Construction Financing and Breaks Ground - Florida YIMBY,https://news.google.com/rss/articles/CBMiwwFBVV95cUxQQUNEQV9WaWc3MEFJSkNiRXl2dlI1dG5ybl9FbURmMGtwLVFtLUdaNVd3ZUp2a2IyRGo5Vk1oSGdLdl91dWxuNjFnVUhxdW4zUHlVTXpPckNHc3MyRVUtbEIxcHo0VUlZaFVDem9zNGFQY1JiOGJCWWZkYUlHM2wwUEZuMlpFekhzZ0c4bm9jblpFd1huLWoyZFFiSFhqNGFCdEdQUGtiRHVGMVk4WC1LdnhmaWctM2xsVW5leFRSc29Pb1k?oc=5,Florida YIMBY,2026-09-11,positive
Metrorail,DC Metrorail to move ahead with plan for full automation of Red Line - trains.com,https://news.google.com/rss/articles/CBMivAFBVV95cUxPNVRoVzJFcmxyYi1XU2pZaTJqVmFMY0Fad1ZuUzhYbUVYRFgyY0FUWmpsVkVoMHEyaTRLdXl3SHNpZ2kycnFiNHk3OU0xem1nWVBWZXBjODg0RVh0ay1rYVU4bjRiNENzXzRXWTJoVzdDai1pZzJuSHJhdklrank1eUNzeGQzZTJKLUh4b0hYTlNZLVhIaVR1NUxDOHFLOEFzczZqcFQyaFpEVDNxTGdRc0phSUNmSWhuZUUzbA?oc=5,trains.com,2026-09-11,neutral
Metrorail,Fans pack METRORail for first Houston World Cup match - KHOU,https://news.google.com/rss/articles/CBMi3gFBVV95cUxNMzlSYldWRGx4ODA0d21ZcTh4WVhuaWlYdm91LVUta0w4V09GdkZybEVwZXNXZXhWZlJMUGZ5cDdGRHBheWluY3BQRFZSNWFGWm5LRzdzU1Y4VGtQcTh4bkJjUkU2MHlTNEFvbF9pR0pMRU93c1pONlNhY1hsZnlyaGNVY2xQc25zdjl0VmRwYlNqYkpZRjlEU3hXTFdqeERqd2JlX3BNczl6RjFDTHdrMzN5Ykk3YVdMTDVWUmkyUUtNNVNIMmJRRlNZcWhSNHBVV2VxRlByODdxb2EyUnc?oc=5,KHOU,2026-09-11,neutral
Metrorail,Cost spike sparks rethink of Miami-Dade’s North Corridor rail plan - Florida Politics,https://news.google.com/rss/articles/CBMirwFBVV95cUxQeUI0ZS1CWE9VYWU3U3RZMTI3eXAzSjNlWUZiUGR5SlIwTUpYRW5Ca2FGUmtuTDlqT2k4b3JJZGI4MlFCQkxGNXMwelg0VmpqcTdtRWFBUGZXZWo5TUZrbUkxanhFaVRMQlVscW1mTU92T2E5ekZ3N0Y1ZF9iX0JvMGpwMzVVWmpxSnczSTFfcnlrRWFFb2Z3VVdSNk1uZHZ1eGpSaTNiMWZNMHdsb1V3?oc=5,Florida Politics,2026-09-11,neutral
Metrorail,Miami Metrorail: Are Officials Riding It? - Miami's Community News,https://news.google.com/rss/articles/CBMijgFBVV95cUxNSExoT0xsNmoxdGkyc0Nzc3V5T1AtQ0VzN1RUdjNSTkNTeDZmY2wxbktsWE9VV1dZbmZneDV3TVdpQXdLOHpnX1VNTTlaY0JPZmZjUUU3bkxyNi1QSVlYTVdVZDl5R3RJUnZycE9tejVHQkk0NXFGd3p1XzBFZTBsUTdMX0xKUzl6SXFqTmFB?oc=5,Miami's Community News,2026-09-11,neutral
Metrorail,DC Metrorail operator sentenced in health-care scheme - Yahoo,https://news.google.com/rss/articles/CBMilwFBVV95cUxNeGVRbnFrZWpBRUdFVEItRGMxd3NwcGNqMjYzTDk1NVhMY0ljU0hRZHA0dGluY2t4dlRGZk44R096Y3pqbG5WVFVVMUZVNWQ5UEJBcVBab2xLRC1fUFlTbGtsT0hyUmh3UHFyV2pidFZNd3ZMTzRHZnNxdDFqcnpQYUl1cV9GVTRPYW1SVGVKcVV1Z0ZFMy1Z?oc=5,Yahoo,2026-09-11,neutral
Metrorail,1 injured in incident reportedly involving box cutter on Houston METRORail system; suspect in custody - FOX 26 Houston,https://news.google.com/rss/articles/CBMitAFBVV95cUxQRi13cXV1TmJkYU9iU1dRUmVyUndMOW91WkNjRzZaRHdQSmszU09sM2E5X1hLX2lvZjRwQmNVaVBpUnA3WVhOMnJvWlNzb25NSlozM0kza2FMUzM4cEwwajQtaGJSUGlwdUlFblU4d25fY3praTRfTEhWRC01Z3hQUkp2V182S014VlNONlBxc3N6d1lQcEJKME5FZXhyS0hSTnNGZ1Q1eTd6WmJzbjNNX0V0NDg?oc=5,FOX 26 Houston,2026-09-11,negative
Metrorail,13th Floor Investments secures financing for Link at Douglas’ final tower - South Florida Agent Magazine,https://news.google.com/rss/articles/CBMie0FVX3lxTE5qa0t3eWRuR1RONTBWeDI4cDJ5SUxTSGE1YmwxTnhIU3B1YUExR0xPTlZJTVdaa1ZuNjRVWXU0SjdaR1czWnJyWTQzZnpNZldCWHE2YWc3NWV3SURUai1INlpVSWk3N3c5NkktOS02MlE3M0g3MHoxUW1HWQ?oc=5,South Florida Agent Magazine,2026-09-11,positive
Metrorail,Houston Fire Department Fire Truck strikes METRORail train - FOX 26 Houston,https://news.google.com/rss/articles/CBMiZkFVX3lxTE9aMDdpUjU0azFjckcyWi1YRVN3VTVyUmJMUkdkUmliZUNCeHZONzJXSHFtVjFiMjBkbGhFQ0Q5S0ltZmVXUGJsN2ZqYnYxdmE1Nk4tejFGa1ZZX1I2TVZ6a2h5cTloQdIBa0FVX3lxTE9GWmhIbFpWTkJjNkxLOW9oVEJpVlhUSlc0UVpnbElFT2w3bU5KTFpBSmQ4QkhHMlA5bEpWaGpzOERwY2U0UEVGampfOHZxQUpaWVFiZ1NIdFFUM3R0WWx2ZWhZRWljdHRNVGtn?oc=5,FOX 26 Houston,2026-09-11,negative
Metrorail,Fire truck collision derails Metrorail train near downtown Houston - KHOU,https://news.google.com/rss/articles/CBMi3gFBVV95cUxQWW1vTHIxb1lTRldfWlUydlY0NlhzcW9WZDJIWVVUdXp5bG1qUFlLbDBkbGFzQ3VjaHF5dldoSHRUQi1OaXRTczQ3bW1LQS1FNnNobFo1cWNOdWpjRjVsT0ZuQ0lQWTVQZXFvaDkyajBhNFREVnQ5N3JhMXlTVFY1VUlBaEktdFBReUsweTNrMG5tMjFSUGlPRDJVelNZb0dTQ1VaRi1QV250Rk9HeXdYakZSazJQTXdXRnhCWnloenVnVVRUUGxCUjEybFJDUnJtRDhFYmo4bE1TV0VLN2c?oc=5,KHOU,2026-09-11,negative
Metrorail,"13th Floor, Barings nab $134M construction loan for last tower in Miami Metrorail stop project - The Real Deal",https://news.google.com/rss/articles/CBMinwFBVV95cUxPY3UyajZZN2hTU05WSEZaVGtiWHAtR0F3V1VQZFdYWUN2UGJ6VU9IOTIzTC1obnk0clJ0ZDJwQnlyd1h2dWhUcmVmU2IyVk45bkNCT0hhZ0V2c0Y0Rzh3REhJN01LU2tyQTlRQlZkRVh1VWVHTGZaVXNMYkJYTC1fck5xWURTZFh0cmM0NXFTN0IyZ2VXNTR0U0gtaUk0czQ?oc=5,The Real Deal,2026-09-11,negative
Metrorail,"Work train in Metrorail collision exceeded its movement authority, NTSB says - trains.com",https://news.google.com/rss/articles/CBMixgFBVV95cUxNT3I2SEg5cWtPSWlteFVBM1FxM2ZYMkVvVEdGdnl0Y084NFhGZzN1dkVIaDhpMEhkRWlqYTNrTGtOdDVlRVRiRFVtRnhNbHJZVjR4VGtDUFp5OXl0T2xfN3NFQTdZTkJkd1J2QjhmSVpWc3dNbV9mUFl6a3VGMTZaZHJoc3d4eVRFeDNXVkhzcUR4UzBHbk1TOUNsZ25maEhKZ3J5QVhsWlVPZjFQTE96aVU4aVRObmduOF9CUlhkR0dPTWpvanc?oc=5,trains.com,2026-09-11,negative
Metrorail,Developer Lands $134M to Build Fourth Apartment Tower Near Miami Metrorail - commercialobserver.com,https://news.google.com/rss/articles/CBMiwwFBVV95cUxOLUNEU2xwQkFONXFnOGpubFlYQWRvRkU3anhKSzVsYjM4RFphM3BINEJKUDIycUZITkhmWUFXNWtId1dnRTU1VzhzZXV3bDlySlcyY2NNMUloZUJRcWYyTEZiMGQ3M2R3UkVFX1d4Uko4TUJMUUlfa2Y5R09RVWctdmk0MFEwVW5ZNVJRaktfWGx5aDNOa2VVOVRXeDV2VkdOQ1o1QU15N1ZBYzNRdjJfaVlCYk9oSFk0MnJndlR5d2pIQkU?oc=5,commercialobserver.com,2026-09-11,neutral
Metrorail,"Montgomery County Department of Transportation Director Chris Conklin Elected Chair of the Washington Metrorail Safety Commission - Montgomery County, MD (.gov)",https://news.google.com/rss/articles/CBMiiAFBVV95cUxOOTFidmtWeXlpeU9pOTEwR25mN0dBSDBhMTNnZjVrMTJYTVlQRy1hM0lCLWJ5eWE4ZXpxR25nOVMxNWtvXzZsaHpZS3g3ZkFYX3hwMDloVVgzblB5Wk0wU2xUdnN6ZllLZFMxcTBNaXRIazl1UFNfbmZrRGVYZ3ZZdWg3MGItZUtv?oc=5,"Montgomery County, MD (.gov)",2026-09-11,positive
Metrorail,"Many say METRORail is the best way to get to World Cup matches, despite crowds and hot weather while waiting to board - KHOU",https://news.google.com/rss/articles/CBMitgFBVV95cUxPcHVxNWxhZUl1T3d1SlFwRWt5RzhvZ052eHhpWWxQWVZoaXVtbm5FbWkxSTNzazdMQXNpY0hxVTk0VU51aXRhblVGaVpGUzU2VHhfaGpJaW16aC1ka1JNQ2VxR3FjcGhTc1E4Ujl4elNPcVZOZXhCck15OXNvamF1elFmNXpnbnNvd0VvUThtNk9aa3pubHBxeEdyeVV3Z1ZhWG1JQWpxekhxT0JaRnM1RzNNQTk3Zw?oc=5,KHOU,2026-09-11,positive
Metrorail,Mobility: Caught between Deutsche Bahn and Metrorail - Friedrich-Naumann-Stiftung für die Freiheit,https://news.google.com/rss/articles/CBMingFBVV95cUxQbnlHWmhVOG5YOExTM3BqRHUtZTB4RUI4dmtMNEtydGRJSklSb3RCVjdOLXNWc0NpRFdxZW9scDZFbmdweDZRWDkwX0xBSnRVb3hJa2VraDB6SXE1VU8zdC1JRDNHTDA0RGgxUmZXRVB4UVJfM0pubG85T3J1aGlMZmRIeERMOTdkRTlaZGRvYnZXck15cXQ0YUVQc3c1dw?oc=5,Friedrich-Naumann-Stiftung für die Freiheit,2026-09-11,negative
Metrorail,METRORail Red Line service paused this weekend for maintenance in Houston - CW39 Houston,https://news.google.com/rss/articles/CBMidkFVX3lxTE1CeThyZTEzNU1qRjRUTkdhUGp6QXBxZ3Y3SzJRNDJMWV9VZEZMS1BUZlZzbVBwTTdaemhSVkgzV3U3UEhrWVhXdFhmazNCV09ycWhHQWtWV0tQVDd2d3pPbUJ4OFU1QVJCUzcwc0FVWGdQRmdoUHfSAXtBVV95cUxQNzhMeUVCNW9oNFdpeEtvTFpEMkNnR05YUVJhbFFabVJjQ3VhSm9xV0trVlo1dTdadTYzQXAyZDYwd2l3dVlSNk5iaktfemczZFNjTUFTVGZ2ejRYUk82bDJXTGxyb1RLRGd3bDN5eVF3YktZenc3MDNURTQ?oc=5,CW39 Houston,2026-09-11,neutral
Metrorail,METRO to expand rail and bus service for FIFA World Cup 2026 in Houston - Click2Houston,https://news.google.com/rss/articles/CBMiwgFBVV95cUxPaU5rSHF6TUJWWUxCcFJPbUwwOXRTZXBqcVYzd2Fpby1wRFFOdGxTSVFNbUt1UE1TeTN1QlVkTURMZnk4eHg2OW9zMGhjMkZlNks5YWRESjg3S0JNanBQOWlrNjZfQ1k4Rk9EVDVOUlpYdzlDOWZ0VVhldF91WU50aEJISDhUaTVUSXZZN2ZuTF9XQkxXZjhjcjd1eVItVDktdVlUWmI5REs1M0NvU3JqNzB3bnhTdnRRTzI0ZlJtQ2dmZw?oc=5,Click2Houston,2026-09-11,positive
Metrorail,Metrorail Schedule Miami Florida - Oma Erto,https://news.google.com/rss/articles/CBMibEFVX3lxTE9BR0JOYXVtUVNub2dtUHVBTGRvNHFmdGtYbDNDTWd3b2dodllzaDFxVkVQWkd6Yjdwb1dhaGgwUlBIaWF0NzZKbHp0SkVxdWw3SERpWWkxZC1jZE1CeTJGWW01Sy1qWHN6REo2aA?oc=5,Oma Erto,2026-09-11,neutral
Metrorail,"No new Metro station for RFK Stadium, WMATA says - WUSA9",https://news.google.com/rss/articles/CBMizgFBVV95cUxNNW41ZWxmQ1JrODNOODZXdmhsMDMyQ0QycnBBYklmR1dMd212MzV0aUhGWXJ5Wk9NV3dVenRZaTdnUnZoeHFYT2lqYWRvRzJIdHd3UVppZng5WXNGVUpUVWh4X2ZQNGhBd0QtSVA2OFhQREt6eFZfRUQ5ajg5QjdGR2FSWkZBTENaRFNqeW9SaW1FZTJJZHZJNzZnXzJ0MlJ3LTRfaWprNi01d2VEV0lMU1R5cTNIaHBBU1gtRkVlLXA1OHlHeURicTFCZ043dw?oc=5,WUSA9,2026-09-11,negative
Metrorail,One person injured when firetruck collides with METRORail - Click2Houston,https://news.google.com/rss/articles/CBMirwFBVV95cUxObkFIcWRfUmgyLWlEWm1FdXJiaS1uQjNRZWppUUtEbTZkelFhUGpJYi1uSHBPZ2xyU2JCRlFjdnJnTXVGTVdqRkNMQ1dFRWVRbl9iZnV0bGVYOXlsYkNxREZvUF82WVAxV2NQM1o3Qmk0dG14M3RfNVNvNXB4RTZnMkUwLU5qSlRrWnVMdVRUdVN2MzdVaTU5eFBjSG9lVmR5ZmRjaTgtSUJCcXEtZ0Zj?oc=5,Click2Houston,2026-09-11,negative
Metrorail,"Tons of Inter Miami fans ditch cars for Metrorail, Tri-Rail in rare transit win - Axios",https://news.google.com/rss/articles/CBMimwFBVV95cUxOT284emhPb1lnZ2FlLXg3a1RlZ3pXU3dSZ2JwUGtHaFJoZ3g5VVBjREJuZkhxRUZLWE42S0xRT09BZkE1bG9ieHNPY1JkbzcxWkdibW1RUjRaSHNsbnRyeGxUanFvLWdOV0NHMHIwbE81QW9VcGdrUmVHMmFjZG9jQXRKc09xd0xLMktIXzM0MXZKSDVGQzMyRFgyVQ?oc=5,Axios,2026-09-11,positive
Metrorail,NTSB investigating after DC Metrorail collision injuries 11 - trains.com,https://news.google.com/rss/articles/CBMisAFBVV95cUxOSHFuNU93YnlyRjNNNmxHZUZsY3JqUC04RFVnSjFEQkdsZjFmbGNpQWVjdXNsQ1gySjBSSlJYbk5ZUWlJZWFwSENieVRZb1RLd2RybE5YTXU4WTYtOWFrWVFoMkRWWmR2Wm12ZHNZRVhSd3dDMVA4Q3dzY0JGTjhHbmwwZjFkUjQ3a1I3M001U0VTWWJfUGVVZ3lVTFZEUzh2RjlraWk1d3FKZ29nMlc4Ug?oc=5,trains.com,2026-09-11,negative
Metrorail,Houston Fire Department vehicle crashes into MetroRail train in Museum District - Houston Chronicle,https://news.google.com/rss/articles/CBMingFBVV95cUxOTWhhaEJ3V0s1eWl4emJjaEtLS0JadEt4SEMtRC1IS1NnekhRcllWZWVTZkltZ2xGWUFmaTVmS1JaTFFGZktzaHFNR2tSM2x0N1lxOEJoVmQzNzNYQS0xNFNjajBTY3EyOHJhWnlvYTdHSlRxR3lrWGhWWDNKVE9Bb0NXSG9FUXRYdWY5Q05lSWtOcl9QUHRUejhwTkFaUQ?oc=5,Houston Chronicle,2026-09-11,negative
Metrorail,GALLERY | Metrorail celebrates its 50th anniversary - WJLA,https://news.google.com/rss/articles/CBMi1AJBVV95cUxQOFljZWxCcGRVWm5FOFI4X1piZUhsMUU0Z3FvYUdxNlprVGc3dTlYNnZybFJKZEpqa0NYa1U3d19rTEFzeWhoTWpaMUhxbVI5TGI5dTlBU0JPQlRERHljNjkyTGZueE4xTlBsZmFsbElZRUZ1dG9KY3lBMVJuVGlUUldzbHVjQTRrb2lkY2JXdG45aGRIOThhZG13d0pESGtWVlZSTm1UZ0V6RlRHZHNJdF9JdWtwUzk2UkdyOWVIS1huaV81VVBZN1ZnclZIVWJQN2pvWU1KWWQtNmM3dC05SjFsRHdkbmdVcFpTRGN3anp2VlE3RWI5VzhiT0JFeFVqaW1NT0d6OGR2c1k2S3JCMG82OS0zTjVxS0MyUThrcjRhcFJpY1ZEc3FQVENGb0VjR1ZLYk1TemVXQTRhdGZpU0RaYThNVEliSXRhcW9mNXlCZ01n?oc=5,WJLA,2026-09-11,positive
Metrorail,"How Metro’s summer Red Line shutdown will affect commuters on Rockville Pike, Wisconsin Avenue - WTOP News",https://news.google.com/rss/articles/CBMixgFBVV95cUxPU2xBaXRxYVRpOFNJSVdrejE0TjBrellDcGFRajdNU0owNHVMQUVMeUFDY0ZsMEVoWTZ0NjZkU0FzNjZveExTbnk5UzVRMjRFVmJ5bExmaFNxdFJpTDM0ZXNhXzBRTkNpa2h5WFI4d3ZEbDMwaWFMWk11WUJuZTg4NVlfRzRnamJaTk5KbWxaVjdVM3REWXg5aGF3a201eFlBYzNZY0VjaHk2aGRsTC12Q1JoUFItdnlvR3A1M1JuYVJFanRfMmc?oc=5,WTOP News,2026-09-11,neutral
Metrorail,Sismo frente a Cuba provoca evacuación del edificio del condado y retrasos en el Metrorail - WPLG Local 10,https://news.google.com/rss/articles/CBMizwFBVV95cUxOTXNRcDZSWGcwbk11VnUxR3JVR1Ytb3RLTnU0TVZkclZrMkFPWFpSRFBvSHFfU05nQTZZU2QwWU91ZEpFS1pCdUFxb0M3QlV0Z3Ewd3c2M2VMaUR2WmRxQ0Z3MlV6SDNad01sWlFudmdUbU12T3Y0ek1XNGtqdkEybDRYR01QSUFRYmJhOUZ0Sm9SZXAyQlBpTW52WU93enFWVFhHYmpiMlAtLVdmUDVBaENjR3Z1ZXpYSE9nUzBQVWRTN2tDUlRxcGdPZlE5aHc?oc=5,WPLG Local 10,2026-09-11,neutral
Metrorail,Miami-Dade sets 4 FIFA World Cup 2026 Transportation Hubs: how to get to the games - IslanderNews.com,https://news.google.com/rss/articles/CBMi-AFBVV95cUxOd2pydkMtcUhpVEhLY2N0ZWszMmJmOFVyWXJKR3plVVNtNjRua1BOdElBalA2RUZZY2FwbTRXOTNpdnlnbC1WN3gydEZ0REFmTHRWRHVkRTdNakVFa3A5MWZjZmlZeDFKY1ZnWU4wU216Q2ZoYmhLVHhrR0dDckczMERDdmF2SmxDYXNKanI3RXRWTHhPdlBNQkRibTBQeHpkTTF3bXdEY2dzQmNTWWJqdklGR3htQ0ZuLW83X1dfSXh1aTRpNHJMc0EtUkttM1hEMUtCLTEwSURoY29OU240V3MzZlJUYks2TXF5TEJZczV6TFRCNG90cA?oc=5,IslanderNews.com,2026-09-11,neutral
Metrorail,"HFD at fault in both July collisions with METRORail trains, TxDOT says - Yahoo",https://news.google.com/rss/articles/CBMihgFBVV95cUxONURsOVhDSTZsaUFnalgyU1Q0TjBVbEp5WEFZVlBHVno0RU03Um13OXdTNldXck9VNFZsV0VrSWFacFNxOV9xcFVJX0tzcG9IaTVKcnkxbm9uNjFDQWUyOTJaelJOM3c5S3IxcWhUa3BraTBQeldnTUFYdjFkZWJhUF9Ib2dBdw?oc=5,Yahoo,2026-09-11,negative
NYC Subway,"Teen dead, 18-year-old critical after 'subway surfing' over NYC bridge: Police - ABC News - Breaking News, Latest News and Videos",https://news.google.com/rss/articles/CBMikwFBVV95cUxQdTBHc1FQWmJrS0gwNk91MjdLU3I1d2NLUHFiN2M2VFp6WHBPUXdJajJhcXg5V3AzanYyc3o0WG9yOWdqVDVLUW8yU3JmMkJnamRJZmdqekU4bGNhSmtTdWJHdFRxR21GRDdjb0Jodk9WTU1ZVVozRThUQmozb1U2ZHdxT0NxVFNDZHZQRGlYZFE1QlXSAZgBQVVfeXFMT2kzY1J2SkMtWDY3VnVlTlFuMmtka3lyYVlaR1VUNi1hS0VtdnF4dmp2UWNXMXZxOGtHUDQtZUU2OVVZVC1XbFdPcUxHY0xTeTdxdjdiQUhHd1Bkd2tiQnBFekVOSU5QS0t1aGdwVUR0MTZaQ0JWYjQtTThLUFZUUjFQNURSTlMwUG02TGRpZ1J5TFB1SWpKeEU?oc=5,"ABC News - Breaking News, Latest News and Videos",2026-09-11,negative
NYC Subway,Teen slashed inside subway station: NYPD - PIX11,https://news.google.com/rss/articles/CBMif0FVX3lxTFBIa2NCcHJuVG5Ua3ZyejVGZzZWRTEzZUtfOVZWUHRCRTZta3k1QTMyNVAyVUtXeFlVQjZ2UV9qd01zWWJhOVgwMFdGNHBLQ2VkdW92ZC1jdEN5eHdsYmpjM0c3TUpFaWtJOEdNdUZYOWM2QzEtZ3FNalhNak5BUk3SAYQBQVVfeXFMT2xLZUctS24wbm5rZFdRRWU2OGhPNkxhQTdJc3RXSVZLRWpGSjNlRDdTeVQyN1hHeVB0YTlidGFhTXRfeEdyc0ZNUlc0U3BBcEJOMUdrOUU1VlJmRnBmQzRrZEctWEN6V1hpbzh0WTNlbmtPQURqc2hlRUNSWXFBRWs1dDJ0?oc=5,PIX11,2026-09-11,negative
NYC Subway,Full subway service restored after cracks found under subway tracks near Central Park - NBC New York,https://news.google.com/rss/articles/CBMihAFBVV95cUxPSk52Zy04dlZOT0V0dFB4ZDZDcWFEdHlEWC1kYUxva1NTY0JkQklycjZVY1hhem1SY1FTVV8wM29YQkRmekhSQV9DUk9oOG5PNEtSN2hoZFFscmdMVE5SOWJ5aFB1a3BCdVBqVzB6cE90S1dUVW5yTnFKX3ROd1NkYklPRDHSAYwBQVVfeXFMTTNHTnlXaV9NdFBCVGVEMUQ0UEJSMldURTJ5Nmp2bXEzNk11VUltbXdSVy0wdDN5UDZKOVhXbkZHQlAzZmUwM3RhSU5fb0JRbDVjQk1MTFc3T3Yya0ViZHo3SlRnNlhmOHV1OFBMNl9XTnpTTmhMVEYyUGFyYkFNalFWUGd0VXJCZ0k1RUo?oc=5,NBC New York,2026-09-11,positive
NYC Subway,"NYC subway lines A, B, C, D facing disruptions due to cracks found under track, MTA says - CBS News",https://news.google.com/rss/articles/CBMikAFBVV95cUxNd0xGT2hIY0FjdUxObkU0RFBEdkUtZU0xUGxKV0dtWGpqbGdOdVl6OGxyemFqYlQ2SlM0R2ZRWFIzaVVmTjFtYWdsaFJKQjFDRkVfNGw5VXhPWGUyMEFTS0lpMnVqZ3NqUXhMak5uOEhGOVFlU1l3MHlWeG1LUUNCdmROWnZXWWxfY1ZNWlUzbzE?oc=5,CBS News,2026-09-11,negative
NYC Subway,"MTA worker, mom of 3, fatally struck by oncoming train while working on NYC subway tracks - New York Post",https://news.google.com/rss/articles/CBMi3AFBVV95cUxOalF4NnJJSkpZdE5aTllDTDdXME1zalZJclFmLW84Y1pIb3RfREpNcl9DOF90WVp0eE5WWlZ0UjVMMl96M1l6UEJiOHh5VVBKZmVKYThremFlSFZ3T0REM0NvVkxmWkUzZHU4bm90LWxFRTJnWmxKaDN2bFhPdmlfbVgxeHZxTk5nczljVEQ0Rm5iUVZ6bms0LUxrZVg1QXhYRW5ELVluOXBsN2x6ZEhIWGx4QWZVY2JvbGJvZUp6eTI0YXJvLUJxMExFbFBsYlFTWWZmTzJaWnFLWnBL?oc=5,New York Post,2026-09-11,negative
NYC Subway,Second Circuit cautions lawyer against AI use in $82 million NYC subway injury case - Courthouse News,https://news.google.com/rss/articles/CBMiswFBVV95cUxPMEo3X3ZlVG50UU5JMjZjSWJtN1pBZjUxd0ZZZzdPMmJLVTJQb3ItNnFkNDZ2engxUkhpbXBlY3ZNX1FnZG5kQllHODdvRXhPTUgtaEI5TTBnMFNpUE5xdUlSQTJWX3YxNTNkSjVuVmZ1VmdIbW1mZ0h3MzFzdm9XYTQ5UWRXWWNIQl9KVGRDbVNWZVNrVnFURG40eFQ2RE1mLVpnc29IN2JNMmI5T0E4M0llYw?oc=5,Courthouse News,2026-09-11,negative
NYC Subway,Springs between NYC subway cars keep injuring transit workers - Gothamist,https://news.google.com/rss/articles/CBMikgFBVV95cUxPYmxUU0NOQ1JvY1ZURkgtT2EteUdSajBsOVJOZ19NaUNqZnVtaWdraGxlREotYkFiWHpNSnlGZnZ4NWNDU2xyekcxb3pwdzFFSzc3eExCdUJld1Y5UlNSejdiaXllM25LNWRUSFo2VDBUZ2dxSjZ1QkhtQTROTXFpa0FucmgzWnZnSEVHSkFyNWVYZw?oc=5,Gothamist,2026-09-11,neutral
NYC Subway,11 NYC subway lines face major Labor Day disruptions—here’s your full 3-day weekend transit guide - Secret NYC,https://news.google.com/rss/articles/CBMidEFVX3lxTE8xbUF6ZGE5b1ZxU1ZwNEF3R2RWWFk5S0xMUFQ2Rnd0WE5NQ0ktTTl6dFpPMVJrakYtLUxlOXJzVC1ZUUo1ZnlfeERqNEw4T3dmaXZVX0xYS1RwNEtEOFdZelU2eGlVN0Vac3pQU0tKcDBkMU9S?oc=5,Secret NYC,2026-09-11,neutral
NYC Subway,A Newsstand That Aims to Delight N.Y.C. Subway Riders - The New York Times,https://news.google.com/rss/articles/CBMijgFBVV95cUxOb0M0Vi1DNmFwWS1UYzRiYjBQTVgyTmpVaXdxc3BhbDRlNkZXU0huSklfNUlKZVByeUh1V25uQUZ6dFowRVdYcVMxSjRtRWowTkJRNHFEeXN1MzNrQmZzUlNCbUNtSWRTTERQS3VORm1BUHhEODFodTZrS1ZxVkxDbk5zbXVRZ3h0UXJoaU53?oc=5,The New York Times,2026-09-11,positive
NYC Subway,The surprising geological wonders hidden in the NYC subway - National Geographic,https://news.google.com/rss/articles/CBMigwFBVV95cUxPd2o2emRxZ3A5QVVDNWJYZjQybEluQ0dZNHFZUFJOU0JFY2ZtakhrWEYtbnl2WnduNVdFU2w5TURTdGdwUVE2STc4MlNoZmJ0WndFUkxfWjRLS2Y1VUsxRmFVeEFNbTNvS093dUxGU2ZUaXd2NWk0TFVLbWp1RVFuVUpkRQ?oc=5,National Geographic,2026-09-11,positive
NYC Subway,"Subway work train fire injures 14, snarls morning commute - Spectrum News NY1",https://news.google.com/rss/articles/CBMipgFBVV95cUxQcVhZT2dfaHpTd3NqZ3NTRFNhT3RmWFp3a2hJdVA5RnlHMU9PSWZuWm50NUt5bzM4S200WWFfSEhXbUNSZXcwMnJOaDRmay1UNVZrbTlVSk1uOTJ2dnhrQW94b3FCUkdna2taWDZRNU1GdXY4d0FpMEpUSGU5QmV2UlpuM2dtUXFCV2c4N1FoM01VczFNd2pzTEZIWlI5amFvMkFwcUV3?oc=5,Spectrum News NY1,2026-09-11,negative
NYC Subway,Commuter stabbed with modified brass knuckles on NYC subway: NYPD - PIX11,https://news.google.com/rss/articles/CBMirgFBVV95cUxPWkN0a2s0SjIzcmtjd1lDcmh5aHZLVHBvbjNfcHZPRHdEdldkSm0tSmNzOC1EZEhuOFZRaU1VWGthTGNXM3duODhaU3Q1NjBWN3JqMVZHb0xUYTQ1UEJuNEZCaVlrbmJvS1lkS0JBTnA2UURFOWlFa1Uwcjl1cGhBNHR5WVgtZ1dmWFNwYUhFTFBfQmhHV1QxTXFuUW9uNlVXelRyd1RDYWRxSmMxT0HSAbMBQVVfeXFMUDdQNndvWmpMTlUzQkQ1WlBuSzFDLUZmd0k0ckNwcFBONHh0aGdTSW9KLXU3aFF1T2lNTEJDY0t2S0t4S01qSWZMTkFFbEZzR01iZ2drbExUREhtaThjZGkxUVBqYUJkTmMxRDB6WE9TYTFqcGticWZEN005NlhJajFPZk4tQUtKUXNvcXl6SXhiSWNZVnFwNnozWmFab0NTeDFnQ21NRjc3bGRSdm1QUG5JRFU?oc=5,PIX11,2026-09-11,negative
NYC Subway,"Man brutally attacked on 2 different NYC subway platforms inside a year, wife says - CBS News",https://news.google.com/rss/articles/CBMingFBVV95cUxOYVEwRnRmSEhkSUt3UVBkR0tmZVdfcXoyV0k4aUZlUGNLMGlNd2RpU0dxc0JNTkRwakY2aWozQVB1Yy1aU2Rfejgzd1JKa0Z2ZzJTV2o4c3cwNlRETnFxLWY3OVVFSnNzdTd1dWJmbFdHNml5Y3liNWNZVm5mYk9VYUlzUnRZSEdmaGw1WWRvTTV1OV9IWmJRR1NGNU9LZw?oc=5,CBS News,2026-09-11,negative
NYC Subway,Woman allegedly tried to take 6-year-old girl from her mom at Manhattan subway station - NBC New York,https://news.google.com/rss/articles/CBMingFBVV95cUxQQUQ2NGlEcHFyTklxNENrOXN1NmlxSGR1R1loOWU2MkVMdUh4OURnWVB6U1BxVUs0cjExajFuaFFBSkk5dU5tVjdmMFNkMy1ubmtSaFBMWkhFZWRuUnFBN2Z3cjNFMkFaSkliWnBrMmVoZjcwUXZoUlhzZkhFVFZ5LVIyaFgzcnVMaFgtWm1aYU4wMlpZYlozazhaSFBmZ9IBpgFBVV95cUxORnEzeklBYko4NjZHLTJ1OEpPWGVyYnhoYkNBRWlWVDd5OUFwQzBHRGVSRjRmYUpia2dsdFpTeUlPdFo2OV9ocVlUMU5SY2JYZ3U3eXNWZU9uLUVIM1p6bzZzblJ5NVBCR0xwOHJJcFJ4ZHpHaEpySzN0cnVUSHYtVkQ5Um8xZWdHOHRKaDgzTjNPTGZTMFU5YVBfdlg1SHlqeThtQmpn?oc=5,NBC New York,2026-09-11,neutral
NYC Subway,Good Samaritan stabbed on NYC subway platform while trying to stop trio harassing old man - New York Post,https://news.google.com/rss/articles/CBMi2AFBVV95cUxQZy1TMjVQZ3ZGUXB6N2x5cEplNHhlWUNuR2Q4TVpVV2pnR0pHVXpuLWJhRlhOcmZldHNJejk3WmtxcUxwa0NheE5SX00teHRjcm5IdGZ0bDdQNXA3WDJqN0xqX2dXREtBc0o4UDMxOGt6bFJPeXpsdVZvSHlwNE9lcjdBSWU0bEs3bjA1OHB6aDRPMkdKdmVxeE5CMHZxYjZUcXBLSXpSc2t6cDd4Q3p1NWY3eUFVSFBkeUtSOE1SdmJ6M050Tk5IaV9DZ3Jqb0FybVladmNKMkk?oc=5,New York Post,2026-09-11,negative
NYC Subway,"Suspect tries to abduct child at NYC subway station, police say - PIX11",https://news.google.com/rss/articles/CBMingFBVV95cUxQRmJheElJSkdLaU9BUnRlMlA2aDk3U1VjYlJUS1JRd09KNm93NFVtbDNaQWN2MGFNYnh3dWVRU0NScHp4YmtqclVveXhVM2hvbldMY2dKUVZWdElyRXoyRnM2TUhUeTVMNjJJSGZDTmgzelo0Zl9YTDJPZUcwQ3RIWG8zeThaMS1Xb0ZOdDhZMG1adEwzaU4zd3hpaUtqQdIBowFBVV95cUxOQ0hINnUxRUU2aFpWRE1kT2dvSE1hNER6X3NfSjJQdVYyRFEzZDJ5Z2EwRDJZaENYMmkwOHdHcHRaWkZtOHNqOGRFMkpJNThncFMzYUJWdElIeFg1RVVCU1pDSUtvNERQazFwcXdESmpIb2NLWEZBY3NrVWVOWERIM21PVnRhSWo1S3JtdkFRX05GdW1zeHZPVG94Q2xVSHl1LUh3?oc=5,PIX11,2026-09-11,negative
NYC Subway,‘The world is going crazy': Subway riders reel after woman is randomly pushed on tracks - NBC New York,https://news.google.com/rss/articles/CBMilgFBVV95cUxPMHBNUFp0ZnBBdWc3dGxCVm1uM2kyUmwwYnB2V3ozckhxOFRTeFBWck5IT3lvWVdsb2NfM3JxRUM4SW9xY0J6Ui1kU0Rhc3ZvN1E5bVVZUk9BWHJteGt4cnNQdmNQb0E3VEVPQXpud0NTT1J1SkNqb3VIZXhadG8wLWM0TGtnSTI1S25iWUp2NEdmT1ZSRkHSAZ4BQVVfeXFMTXhBUVVXblFrcHRvdE92TXFQaGpNa3BDcDBIYnVNYk1mVzVnd05TemtVWkxacUNreUIwVXdLaDFHSjJTeHQtVVBVVzhuTzh2cWhIVFM1MGtudlVwS1lDQlJpN2ZtbEYzSHlYRlBlV19aX2NaUjIza1pkaGd4Smh4Q1FFMDRVeVBGQTY5NjEtNms5YWhrYWU4VF90cmNjYkE?oc=5,NBC New York,2026-09-11,negative
NYC Subway,Two arrested after stabbing at NYC subway station: NYPD - PIX11,https://news.google.com/rss/articles/CBMilAFBVV95cUxOT3B4dlhaRVktQXVSMFZkZ29LbTREN29ZWVg1NUxRX3ZLTkhUa0VfZDlDQ0Nacm9OaU5Kb04wZ2pwYnUzMC10TUpERlB0VkxxMTNOS3lPM2lCelRHMGEzWUcyaUQ5RG5tWk5aZ0E1QTYtazdJQi1mekpKdUZhX1J4MGxWWjlCa3J4RFh4UHpueU51WTlq0gGaAUFVX3lxTE9wd0xfODcyYVRmanZCTFR0QXhOSEdta3BSbi1BZDZQeWtkOTBsN0FrZUVSZ2RqWXg5Rk1UTXp2WjhBYXVKRDBuaTNRN0NobVZSeGRUeWc4ME95XzEwZE5IWmJMWmRmZnRtTHY1MWJkc1pOM092ZFBSQW1IVDZPTkNmSGZGS0loaTZVNGgtZ2FRdzF0ZmUwdS1SZXc?oc=5,PIX11,2026-09-11,negative
NYC Subway,MTA unveils new plan to cool down NYC subway stations. Will it work — and how? - NBC New York,https://news.google.com/rss/articles/CBMisAFBVV95cUxOM2FxSGV2ckNYTDUwT1VSWkVoSmVSX0cxQzhkdGlzbDF0WFhOeloxc0UyRFVqeWkyS05ESkp0SXdWWEJNZzRyS2tWUDZsY1AxV3pka3FsQjM4M040eDIwWUV0TU5jZ290Tkk2ZW85VXBQdXdhS1JIVkpSUmVGWHZnZlNOUG5wOTgtZGZNZ3NXYWlod0pfNFMzTFRQUmZWTm0wbF9FOEhqN21IRXdMZjRFWNIBuAFBVV95cUxNQVdKUkFBRUNpOWYxVjFua3kzVTBOdWRxM0RqYWJzbUZDWThlZ2lVbUVNQWhZdFdtcWhHMkRWVXJyakJMTmFQNm4tdUlEWjVFbDlUdzlSUFhwem1nWXh4UHoxQ1NYeU1idDY3c2xfZHZjbVB2MGlJTWstUkJWZEhDSjQwUzB5WmE4bVhWaFFIenlDMkpLa0JvMjlweXZMRC1ZZi15VkNSdVR5MVZHRVBBOFNyRXRFcVVa?oc=5,NBC New York,2026-09-11,positive
NYC Subway,Smiling nut whacks straphanger with gardening tool on NYC subway - New York Post,https://news.google.com/rss/articles/CBMipgFBVV95cUxNVTZDamtITURZVjFuWldjemlQclZNM2w2MXRTeGJoOThlN0M3aFA3NWExRlYzZmx1d2JoQjROWjF6XzFpVWVOd29VOVd5a1NETTdnT1BsMDBLXzAxNnZWUnAzdVl4MlhqWmtxSU5CV1ptTGJFcWJRRHRob1B6Y0trbWgyWnBfc2RIdV9HUk5IYW5aSnNJcy1yQ1RrLVhWRDFoMURaWERn?oc=5,New York Post,2026-09-11,positive
NYC Subway,"Would-be kidnapper in sunglasses, bucket hat tries to grab girl, 6, in disturbing encounter at NYC subway station - New York Post",https://news.google.com/rss/articles/CBMi8AFBVV95cUxORklSMTNmekdxNGE0ZzR0RFE3OXJNeHpWajVtaEkwNXVZMnNRb2xVOTNVcXdOY3c5V0paNEJsVVRwYzhfR3JUNVhsV3V2NDh0RGZocFV6TTFFLXFCZVJFYW1COGhXUVZWem9UVkdMR1dTNFFuemh1SUxVdGRpZU5aX0NUa0NTSS1IWWp5SllqRHU4SWFsNUwzSnNrWkxJekYyWjN6dVBPS1k4MzdZeXYyd2duV2JCLVhRTkp4UHpxemZiZ0VveEdLb3JCbGsyb3FlSktHNjFpU05tV0lRNF95RVZOWTZZdE84a0JlNzhudUY?oc=5,New York Post,2026-09-11,negative
NYC Subway,These automated vending machines are moving into NYC’s subway newsstands - Fast Company,https://news.google.com/rss/articles/CBMifkFVX3lxTE13cjZGUVU1U1JNNm9UcGtVdGlMZ0ZXaExSbDU0WjNSNUJpanZScXUtNkt6a2xQTVpZZnBSZkxneXFYbjRONXhoLVdERF8zVDVtbXNPU0xnM21lVUd1TVJReTI4N0VXSXhlVndfRXVmVHp1OGpKYlRfV1ZKc3Ezdw?oc=5,Fast Company,2026-09-11,neutral
NYC Subway,"NYC subway fares, tolls could go up again in 2027 under MTA's new preliminary financial plan - CBS News",https://news.google.com/rss/articles/CBMid0FVX3lxTE5FbXJ2OWJyWTA3QVlKNzhYTnRYTkFheTg4V1ZhQ2lHNG5ocWItbmpLc3Y3a05COUhZVUFlN0syOUQ1dXJqSGxOM0ZOa3V0ZGlFQ0pFWVA5TzZwYnBteXdreGhabHJwVWEwQjdUMnRCSjY3cXBvbDRF?oc=5,CBS News,2026-09-11,neutral
NYC Subway,MTA worker killed on the job after being hit by NYC subway train - PIX11,https://news.google.com/rss/articles/CBMinAFBVV95cUxONl9oUjc2Y3JKVktxWllXZXItUHlHUExUckVCVUZUS0x5WnpzTGk1SXV6WFZRdTJNcmVraGpBR2J0VkFFR0tKZGtMakUtTDFTMWE5VVJ0eXdlbkx3cndKUzY2a2MwS1NleUpOc0g1SzJOTW9pa3NPNWctWWJKOGF4QkxoT0dSam5OS1FJc2R0djFueEdBRUI5V25FTV_SAaIBQVVfeXFMTktOMllQeERMOFRVaXBlT3p2SkNuR3lNMGpZc0I3NjM1ZHh6WEFFUGZwMFJYbXBobFMyMVo0LXVGdHFDQmEzY2JuWExlZDc3QVFZNVdRdTFEQWJLRnlaNzFWVXRwVFFsWEk2VkhXcEhKMHlHQTBndkFXMnFfOVJoS0s3eTIweDFON184LTlKMEdudFpGckFaM0xSUnd6bU1wZmx3?oc=5,PIX11,2026-09-11,negative
NYC Subway,NYC Subway Ridership Has Recovered on Weekends but Not on Weekdays - Apollo Global Management,https://news.google.com/rss/articles/CBMiywFBVV95cUxNM29PcXluYzd4VFNwOEM5UG4tdi12akpUTFZiV1BHYkdURVdXdlUzT1JDSEZVdFVYam1wSW5lOXk0U3VzTDhLX1pqVUNOU2FfYVVTQ2lxemtKZ3pERk1pVEZTQ3FNLU9BTGFtQ05tdDJ1dVJud2hHbjNDWldJckdWVG9hTDlaRTlEX3B1aUxtc29EZDBJajB4SlVPWXR2aktjOC1USi1OVzZkRHBHT1o5UFlJbThzbXJ1RFZtNXlyN2NpNEdxSkE3U3R0cw?oc=5,Apollo Global Management,2026-09-11,neutral
NYC Subway,"Plan ahead: MTA repairs to disrupt subway service on the 1, 2, 3 and 5 line - PIX11",https://news.google.com/rss/articles/CBMipgFBVV95cUxNcGh5SE4wN201RlhoSm1ncDBoQVN5bXQwdmgtZWdmcEJJdEkteHFQMFlINml3VDNZQ0RPNEE2Y01Mc0dqRU9rc3dnSUxETXNpWi1Cd2JoanRoWWl6UHU0eHNwYzhqOXc4cVZPaVoyTU53dE1CaVFDRS1OZEg2UDlXTHdCTU40LWVkcmdBdnhTQlFvOVhMbGwwNXRCSXFET0NIM1V4TnV30gGrAUFVX3lxTE9jTDVTeWRYSS02RHdGQldLeVYyT1Q0TFFqeDBfWDNYV1V4RDE0MHNxWHE0ZjUwMW1aaGJEX1RKMHdPT19ELXh5VW5iYTBySTRoX0FDdjAwTk5EQnpJUWE5T2ZpTWw5UGs5Ukt0dmw5UGp3TXlac3ZfUGRNaThBdmlQNWhjeEhNS3FiaUN4MkpPS1h0OWhOaDQ3SnNiS2VBdUplcWlBZmZXTFVKUQ?oc=5,PIX11,2026-09-11,neutral
NYC Subway,"NYC subway fire on train at Astor Place station injures 8 MTA workers, 6 firefighters; delays commute - ABC7 New York",https://news.google.com/rss/articles/CBMisAFBVV95cUxNVUlmdTgwM1F0OEtfelRwbVc5MXRHQVR2S1AyZVJUTnM2Zk1pbG9uUHpzQzhJeGREcmVIcjRibW1oQjFPWmJPMkJJRmN1TktLdHg2Z3NlT0lxU0JlV2h4b1dmaUJoU1NJMjhzc1Q0NEdPc0laRURhbVY0RzBxVnlOcmJKejB6bmZqMlR4QTdHVWJ0WHNKeFNvZW9yNFhjT0JKRkNUdmFWYkhRQTM0N0tmaNIBtgFBVV95cUxPeVFMbG5FNWt0RWRiRktIWTVPSzJjbFpYc3M0NGlvQk1ReUh5ejVoTFpKZVNkSzl5dDlNazJrSnBlcXgwOG9yY0l0dWF4U2FUWkFFcnNYS0VhRUtZOXJwaTUxdGE4WkE3NXBQMGtWMTYzamZaa0E0bjFmVWctSlBlbjRiY3lTMGJwUVpnaERhcGlHVnhRdEF0MG5lZHd6X0NEeFRBWkpjM1JpbzdIYllFWTBoYWw5dw?oc=5,ABC7 New York,2026-09-11,negative
NYC Subway,See it: NYC subway station turned into Dolly Parton tribute - PIX11,https://news.google.com/rss/articles/CBMimAFBVV95cUxPYkNDTUs2X1pYenVJTGJkYkJYd0hDczZER3ZKYVpIMFNsT2JHZTVJRTVCcFZMNkswUGdOUlBGNHV6MmdKWXpmcDBIeXk0TXdwMHJ0eDBuRE5GMF9wazkydFliUGdVbGk0bi1GSzYwSmZyaTRRUTZuTDBleWgtejh3akZCYjdldTRtWDNENTVhWE5UM0lCazh0a9IBngFBVV95cUxOaVlhRnFWT1dtSW1tRmlpZzZUYUhqY29rUFg5RTd3MlJHV0Q4VWxIcUktNzNoV0gyaUNUTHpPeld6QS1NaTJsT28zcnRYdUN3UmFibjFnZTJLTzVCY2NXLWFaUjZvUE1wTlpuZlI4cWpuUkcyWkNSSElrUXVFNnR0MkhlWnRjTEhFcXFmR1VjTHlVXzZaQXhYVEI0NnJadw?oc=5,PIX11,2026-09-11,neutral
NYC Subway,Sex offender with sordid history on NYC subway now accused of groping girls outside Broward mosque - WPLG Local 10,https://news.google.com/rss/articles/CBMi3gFBVV95cUxNZUl3ZS1vV0dUcmg5bXNKbXh6ZWF6UnYxRHREdGwzaUdheTNuTEhVT1RWejhTcm85WE9vZUFNa0xsREhlaVd2bXZpQzQzcnJITnl6YXNWX054SFJtNy1YVEREN093Y1R3Zl9YZFBMNnZLVDdkRDhBdXFBajl4U08yV2ZwaU5SLVFTYmw5clBhc1MwVUVTVnh1dmNuYU1CeENCOFJ2dHVxU3NyVW94SnduVlYtalFPTWxKbEF5akpWOE90ZzMyYWt1TzJHdTU0R3ROcmdWMGUzUjkzVjVZaWc?oc=5,WPLG Local 10,2026-09-11,negative
NYC Subway,MTA identifies dozens of traffic chokepoints in NYC subway system as top candidates for improvements - CBS News,https://news.google.com/rss/articles/CBMiiwFBVV95cUxQenJMUnJ4RzNJNTFzcW00dmwycmxfclQxOVVUTXM3S1czTlVRM2Zod2dvSGdrNWJwN2ZRYWJoLW5Rcmw2bGN2QzFtX2RuSGlsZ1RmNFJ2dUVzWVpNUzhPbU94dTEzbUlWbkFXZ2RmUzd5bkhlNHpLMDVpUndMUDhpTTFSV0RJN0ZOVGJj?oc=5,CBS News,2026-09-11,positive
NYC Subway,"NYC, MTA eye first-of-its-kind plan that might keep subway platforms cooler - CBS News",https://news.google.com/rss/articles/CBMihwFBVV95cUxNSmRYX252cDBNaDRKUXcxeFdkdC1kdE94X1k5bnVYTXM5Xy0tU2h5VFN1ODExUmxOTGk0WjctMTA1c3A2bWtjUVpKb1Z6OEhBNUZ0UGN5R1F5ckxoZWhabnlfMTVTdHJpM3c4UG1ENkpjemJGWk5YcTJ4MEFkdEI5dm84TllFSVE?oc=5,CBS News,2026-09-11,neutral
NYC Subway,Everything in this NYC subway newsstand is free - NBC News,https://news.google.com/rss/articles/CBMingFBVV95cUxNRm5fb1Y5Qm1pM2xVYTFxMVgwRVBmU3IwZTJkNi1mVVdjbkRmSWpKbmk3TmMxcjdVRzZ5RnhiR2J2QXpfRjFycnZ0bEJ0TFRKZ2VUR2Zsemxmam84UXE5Rld4N0tQR3pFLUNuZjQyRjlsV1NSVExyN3lHM0I2LU5kbUh2dnNJc3pLWW1oS05vVHkzWnp2YmctV21jR0tidw?oc=5,NBC News,2026-09-11,positive
NYC Subway,NYC subway train fire at Astor Place station causes severe delays - FOX 5 New York,https://news.google.com/rss/articles/CBMiXkFVX3lxTFB3OGRfelBuUV9rQ1ZiYzBqRFJmcUVLNEFkQnRaeWF2YkUtNWI3UjNOOVB5OGg4UDFoSWJDM25PbS1RSDhMR0pMblM0U21ReHRJT3liWFlhMFp5UDVkX1HSAWNBVV95cUxNeWFvd2VobTRXSTlXNHF4M3F6c2NiY1FsMC1lMHE0MkdNSzlDN1NhTnB5SExqcnRNX0U2Vk82Yzd4VlBlNDlwMGhHWVdXQk5QS19qQ0sxSzlNcFlJN2NtQWJpUEk?oc=5,FOX 5 New York,2026-09-11,negative
NYC Subway,High school senior who set homeless man on fire on NYC subway gets over 5 years in prison - NBC News,https://news.google.com/rss/articles/CBMirgFBVV95cUxNLXJlR2R3TWF4emNOSk1seTZnRW05MVZPMXhvN0F2a25DMjVRNWxKSHgyVU5UZ0lxb0JlMG15NTNRcGxEcUdaUDN5SGp5Sm1lRGp1anJISjRYeXhiYWt0SE9MbFlpa0k4bDBMVTFsd0NYakFNNlNoYndmVDR3bk9KTVJOenNzUXJUWVdHT0RGVFMzNGdPLTBwdXlGQUE5ODExLW9ZNzJ0enI5WE5ZaXc?oc=5,NBC News,2026-09-11,negative
NYC Subway,"Woman shoved to NYC subway tracks in unprovoked attack, police say - NBC New York",https://news.google.com/rss/articles/CBMijwFBVV95cUxPVjUzSW05U2Y1c2FvSU56MDh6MEM3b2R1S3Q2THZndDJtWi1fMnNSZ2QzenNfV0JwT2hrTmVoSU9UY1NtSndUR0hEUkJ4N0hGZndaeFZCV2lKcGtqUDNQc2dDX05kV2U0QzlqaklGTWhIYkVPYkpwWGdEUE4xWXMyVVNOcEZub1JIY0NMTG4tSdIBlwFBVV95cUxNbUU0SlVZaUxtczh3LVctZHVxM1ZZN182c0N3MW5YYzRqZnBmZUtqd1V6MUdLb2RjeERnNWpnN1lGYWhRLUh3WkJnY2E0aDVTTE5jR0xKY0tvNlFVc1Zuem9vNk9YS2lHaHNiU0pnMGI1WV9nVVRQcjhlYjN6a0RnY2RIUFJtdFl4Z0ZyenVPUWpmcVQ5TkpZ?oc=5,NBC New York,2026-09-11,negative
NYC Subway,NYC subway suspensions and service changes for August - PIX11,https://news.google.com/rss/articles/CBMiigFBVV95cUxNa3JjTzdjTTJ0TGREcmhUZUdDVmF2dG44Sk9ibFJEdEpfSjl1b3J0VGhrWk9TdW1SbFdTWE5lVkpqV09jd2pqZUZfVDVyQ2UwcGlzQTgzcjF2aUtUM19GNWxma09DdHVjQTdzYVRvU0Z1RkhjMm5Sb0JPOTZiTXN5WW9meDB5WFR6eVHSAY8BQVVfeXFMTnBsWk1uUUFrQjRsMWFHbGdIdFl6MldickhHcDNySmFGX01HQllZdm1GYjBoaXBsNWhFTjNjbkZGM085TW9SSVRTZVE0YUtXRlRYbFRaOVg5c2lhOFZJWGxIOGdMWXJNQWRhdHVFVDZFYmVHdkFJeUVtaDhNeVM3VlZDNnlvODREa0ZMN3huTlE?oc=5,PIX11,2026-09-11,neutral
NYC Subway,NYC subway train fire at Astor Place station causes severe delays - FOX 5 New York,https://news.google.com/rss/articles/CBMiYEFVX3lxTE1ieVBKT2NzYm12dnlkVzk0UGM3OUJHUExEcTRjSFBqWHBSUjRsV3Z2TUsxbmdBMXRoUS11TmtOaDNfeE1Lc3V0QVNhYUQzNV9ZR0x2R002dkRNRjh3UUFmVNIBZkFVX3lxTE8xM1hEVER4a2FLVWNwTVdxTHFNMkp6ZFUwMDY0b05RSnNORER2TjF1emFIWE1IRmVENHptVDVyelVTS3JpWWpIbElhS2ZBcDNqZWdMb0tTVHFBNkVYUV9uWUZPN2J0QQ?oc=5,FOX 5 New York,2026-09-11,negative
NYC Subway,Crazed stranger shoves elderly man onto NYC subway tracks in terrifying silent attack - New York Post,https://news.google.com/rss/articles/CBMikwFBVV95cUxNOVVOdXNnSnJlbGNlS2ZmRkViaVlaNWE4aklFSWFXcFNVV1BZUUh0d0l4QXlpMXQ4SmR0ek9XS1NmRW54YlFXVU5LVHRrSUxiYlQyMlg3TFlzZFBmMXU3bzJJU0F2TW1sNlp2VnRSZ2RJdUFlRFo5a01EY3V4UkpsbFhENWo3RDJTTVBIUW00Y0VqZHM?oc=5,New York Post,2026-09-11,negative
NYC Subway,NYC subway stations get a some much-needed refurbishment - PIX11,https://news.google.com/rss/articles/CBMikgFBVV95cUxQdVN0bEJOMF82TVl2NFgyVUpMZUJVbWp0OFEzZmdIRk5zYU1mc0dTTnNRS1RBbWZWT1RWMGxMMUE1WVhlUHp3Qkx1U3NJWVpPNXE5dHl1V1E5cERLSlBvN0ZMdDNlVExFazczOTFFd2J2QUVlQzluYnB1RUJyRmhFbFZXcnd0VHRsMGYwNEhKREdPUdIBlwFBVV95cUxPYmdFck84M1o5eGx0UXdtNmJ6MHNaaHRSaUc0cTAwZnBDdk5kU01oMGFXeGhMRC16SXJkZmVJNEpzOXk5WVdlUklNWXl3alpnbHJWNlNSMklPOE9jd3NVYXFvRzVyZlBpdmIxZDhrZVJIV0MtVzRHbmg2NWozdldCQk1pc1h0bzRqTm1WY3kwOFhrWFpocTlr?oc=5,PIX11,2026-09-11,neutral
NYC Subway,Five subway lines face major weekend disruptions through August - Time Out Worldwide,https://news.google.com/rss/articles/CBMi3AFBVV95cUxONUZ0TUZCSGhJSHZ6TXQ1OF9rVkdRMldhUkZqR1kyaTNzMFdDeTdCVTlERHEwQUwwMzJfbXZKQU1FLXRJZklfYWVnNDFzaDNfdXl0cVROX3RISDR4SDQxZnFnVFBmZi16QkRmZDctODNJOEdsOGJxR0E0WHBSMmNZNUpRVFIzREhMX3ZlWVpnblhsUjAwUWItcmI4ZDJFUzY0YjJyQ3l6ZVF0NXFFLWUyZFhKYmh0SC1yOG1vbVRsWVlLS2VUOFFFQzNnc1JhYW9aazZlM0wwYzRJaVZj?oc=5,Time Out Worldwide,2026-09-11,negative
NYC Subway,Vending machines to replace vacant newsstands at 26 NYC subway stations - 6sqft,https://news.google.com/rss/articles/CBMimgFBVV95cUxOVTYtOWtSX3NHM3g4YjZweE1DYUZjbEJtTm9FYnFrdlp0djI0Yl9pNUtYQmF6Q0pkOUluSEs3X0VGQVNSbzFRYUl2VlZkS3YtOU5RZ2s3UHVyaTNidC1Uemd1NHVobjRhcTRBeThIbngtUVJ0QncxWkhZUWZkUTN5R1BuaVg2d3JKeTVDaGgyeTNDQXVObFFBZHRB?oc=5,6sqft,2026-09-11,neutral
NYC Subway,Man stabbed multiple times in NYC subway station: NYPD - PIX11,https://news.google.com/rss/articles/CBMiiwFBVV95cUxNNWI3dFJNZHVEOWVqU3M3TjRpVV9wczlmUVliU2pEdVRjdkEwM1BLWEtsTDIxRWtJbThaVldIZkVlU2ZKNVd4R3E0UER3aXIwRE83V2tvSnVmMUtrXzZaUFdDTThGQ3VoajhESWFQc2Z6NEFQRU1DQTh5a0Y1Vkx2UVNHUVdvQnN4ckdJ0gGQAUFVX3lxTE1mNmVVSEhYcFpZZHhER3lneEh0RjhtbE5BaE5xSHU1UHN5WTloNVVkNWRBSWtfLXVSak9PZzIzeXBRQUM3VlJ2bzlvZ0hDZ3JwMDJzRnNna1kyX2c4a2FFdGdXTkN3R29lSEFyMFdTcW94V0tRcnV5OVZqNGJadjVNZlBPMzRJaF9QQ3NlNnRxOQ?oc=5,PIX11,2026-09-11,negative
NYC Subway,Strollers on the NYC Subway: A Parent’s Cheat Sheet - New York Family,https://news.google.com/rss/articles/CBMihwFBVV95cUxOYklTYkd2MkxsWjNtbUE1dUFlbjR3bE5ESHR2czlqb0VTNXd3WDdyUkJGWi0tclZENzNMY0ZpdXBWR2hubHNqUzRZTy1UN1VFMFkza1RUN0F0Q0dlNEE5VDF3Mk9tdm0waEh3eUdkNmllUk51MkVVLTg2Y0RsemV1cFJVbVhENE0?oc=5,New York Family,2026-09-11,negative
NYC Subway,Suspect Accused Of Groping Woman In NYC Subway Station - patch.com,https://news.google.com/rss/articles/CBMikgFBVV95cUxQNGE5Y3NfSEV5SUF5Nk5qVk9NY1VCVjhUUlo3NGJZVWFBWDh2dHg0bzZEaGJQMm5jd2FWOU16ODhNNXVDSjZwT3Y0MnFrdFV1dm9OeDI5VkxFdXV0VF9XdUhxb2JFWl9pX0RGdm9DVDhFVkR0ZHhHcmZFdUMzeG05eWlxUmZvcGtzM0ItejcxbHRudw?oc=5,patch.com,2026-09-11,negative
NYC Subway,"1, 2, 3 subway lines will undergo service changes for next several weekends - FOX 5 New York",https://news.google.com/rss/articles/CBMiggFBVV95cUxQa3E3UjNleUJlR1FoWlU2Zng3czFDY0stajdsdWw1OEtaS3EzbjZ3ZXlBU0FCVF9JVWdkckppa3JLV2RNOWwxTFdlUFBQeGhtb05kSnN1YklZY0FvU0dyRUNHQkd6U1ZkYWI3Q0NqeWkyR1dpTk9zQkJxYkFtQWFaLWlR?oc=5,FOX 5 New York,2026-09-11,neutral
NYC Subway,We recorded the temps of NYC subway stations during 100-degree heat wave — the results blew our minds: ‘Dante’s Inferno’ - New York Post,https://news.google.com/rss/articles/CBMilgFBVV95cUxOODVpX24wVC1yRVBtdG1qWVVwbEd1c3NRS3JOdkxpdjhpdU5JcDdVVnUxamZGZG9ER0prdUZXWXBfQW5jTWhrdU5Oc3hlUmpTUk5QNm9QTm9PUG1JV3dCR3JWbWRhajNFNGw0a1JaWFJUX3V2bzhUanpQT3dsbkVseXNRemFQSkxrTFpTNmpycGZLTXNxUXc?oc=5,New York Post,2026-09-11,neutral
NYC Subway,NYC Subway Platform Barriers Covered 158 of 472 Stations - Railway Supply,https://news.google.com/rss/articles/CBMijAFBVV95cUxQQzdCTHF1MFZQNkY3Vi14ZHNTQmc0UFRzY2MtVEZmUXJ3TGZEbUdlbFlzdzlEWVVMT0pPODNhNUcyUm1iMTBaeFZIZVp0SmhOSno3cmJnNHVicXpBZy1tVVE3RDVYLW1DLUZVNmxXLXgtS2RwYzF1RWl3SW1GRlcwdDBYRVdQaFlac1FhZw?oc=5,Railway Supply,2026-09-11,neutral
NYC Subway,MTA debuts trains celebrating different countries for 2026 FIFA World Cup - NBC New York,https://news.google.com/rss/articles/CBMijAFBVV95cUxNQ0Z5YVZwT041eEdhYllmX1FtalNWTUJ4UWkzandmQUhXaEdMRHdBU202UUFtUU1aYjdORXh3SjNZXzdaOVBySFU1WnV4djBLeFFZLUhUaWstelplaWl5dDlmWk5SYTV4ZGpITmhoR0NYQkxyRkVHUTl2d3g2TmxxeVFjbFBQSy1zMVpnUNIBlAFBVV95cUxNUVZVeVVyVnlZX28tNW1SS2pqc1QzT3JCQVppSzlXV3RpeXNYYTJfemwzY21lVGhHTzV6dnVxS2pGQlV3YkpaQWMzUmwwMUxGejBiQXZIWC1XN2xFdC12b0I1azBKZWh0Q2VCemZXLXN2SU9XWkFEWHVxS0NfU0JnZ1o2cWg0MlppWVkzclhtU3Vvbnlr?oc=5,NBC New York,2026-09-11,positive
NYC Subway,Jessup native killed in NYC subway shove; Broadway performer charged - fox56.com,https://news.google.com/rss/articles/CBMinAFBVV95cUxQY0J6MzRSdWU3X2RHeS1SWGhRUmdKMEhFTzlxOTlQOTB1dWlDVUptVi1FR0VvS0U3Z0JHbmktSEdsS0NFcEg5Z00tLXVJbGhZNUxhX2VoSTVadkFDMFNhaURCY2dFdE5iUTJDQjN1SFN5TW5LeFBJRGFudGtvSzh2N3ctU2lqNld1dmJlUnpuZkgyTGR2Y2RQdV9raXU?oc=5,fox56.com,2026-09-11,negative
NYC Subway,Yale Student Accused of Sexually Assaulting Woman Riding N.Y.C. Subway with 4 Children - people.com,https://news.google.com/rss/articles/CBMiowFBVV95cUxNb0I4VHR0b0hsZ1lYRC1BQm9DTWpPTWN5ZXFIUTBSNmhBaGZZMjh6SkcyaEoxaF9YWVJYWG5Gb1Mta2lqalJXZ0M3ZXJtV0t0a1pPY2pjMGxkbElWR1JRaXZPaXc1VWJTQ2hlclJRNEs3dXU3akxfNDRYX25qNE04bS10Z0FGU2xJcU44dDdudG16c3lhQmRFRTU1OEJEbnBwaXhv?oc=5,people.com,2026-09-11,negative
OMNY,NYC student OMNY cards are supposed to last all year. So why did they stop working this month? - Chalkbeat,https://news.google.com/rss/articles/CBMiogFBVV95cUxOLUd2Sy1ZbnozX1N4Y3FGc180N2xLUUs3aS15eDQ2ZlN1aTVhY0cwVkgtMk1ETFRqWTlJS3VwMDA2MExaWmREblNqdkxEMnZzY3VGNXNhLWhVQ1hiampiOGtlcVpIdkJwa0NDZ0k0ODRZcGpGdTJBWlFpYU42d1d6M285R3hYOTNqd1BQRjNKODVPWWVFYTlXdXpLYTNnUUJma0E?oc=5,Chalkbeat,2026-09-11,negative
OMNY,Westchester County Expands Student Omny Program To Better Support Students and Families - westchestercountyny.gov,https://news.google.com/rss/articles/CBMi2gFBVV95cUxNS01jaHFXQjMxRTdPdnZsODJOLUpDNWJSMHFZUFFZOXNqWk42Vnp5RHpHMnBBWUhwUHpBdTVMUUxvakhseTFfUDJ6XzVVdTR4Vm1tR3oxVFFna1hneUpRRmZBQ2VHRGNhSDBJRXluNVUwQ3VjV0xld3FQVnNKaC1DV0xSeG1TWE1YN0x5RG5BZUhuMjJVWmN2RklVZThxMFVISkVsV0d6M21SMDNrQ1AyVVZrNzA2T2o4dU9aQWJaWVo0ZXhWdUlCcF9ISjBVNngwYnZkWFcyRE9qQQ?oc=5,westchestercountyny.gov,2026-09-11,positive
OMNY,Westchester Expands Student Omny Program - hudsonvalleypress.com,https://news.google.com/rss/articles/CBMiigFBVV95cUxOZnV5dWhQRWVwa194WTdnVWxxUWh1S0dQT1RMYl9NY3pOT3BSaHRqbkpUR3NFVGZjWDlGUVhLdHM1VHJZdmhKYVVETDk3SWQxVVdvNUZRSG9OSHRoemlxNmN1bkZhY182ejNHT2pDMktDY3VIN2o4eWNTbjd6MmMtaGZaX0FqM0JLYUE?oc=5,hudsonvalleypress.com,2026-09-11,neutral
OMNY,"On the Day Before School, Transportation Alternatives’ Youth Activist Committee Hosts Funeral for Old Student OMNY Cards — Transportation Alternatives - Transportation Alternatives",https://news.google.com/rss/articles/CBMi6gFBVV95cUxNUTlMR0NqX1JTOEJ3cmlkUnZSdVVyRVpTektmQk5ibll4N2RObUZ5VHYzbHExMlBCdFJUY0txOE9zeHlYb1RNdW4yNERjaW1nZU1BV2hRTHhhOUl1M1VqZjFieEpoWUJxcVFOd2RTLWJHYjVTdHhIYXFZQVdzNllCWVUzM1pUVlFPSlZ6dUpXUllKOEt2X29MWWE3TjRyeFJDaXZVbWNBa2xtVHVtSWREQ0djM3pwSkZRenNrMTNQUURFVzRlWlgyaXJFUU1UNnJLb1FCUko1N2lORlQ3eTRJVWVMSDBkQlZjSUE?oc=5,Transportation Alternatives,2026-09-11,negative
OMNY,"Physical OMNY cards can now be refilled after temporary snag, MTA says - Gothamist",https://news.google.com/rss/articles/CBMipwFBVV95cUxNYnNTS0tldXZtQzkwZGU3T1I1N044OEJZQjg4akQza1QxZ2RQNHFWeW95bk1tdEgtb3NseXpWNjVHMFhYcEM1czc3Y1pIWlhDNEpKdC1JUWlIMjU1dFJTUnNibk5pLXcxa3V4U2R1aW80VmJ0WjVSQ0JSNVBqYTd3LTIySkF4RU1ZRko3MzhWcTljQXhoQno3Nk9JRGozWncySzZtelpiVQ?oc=5,Gothamist,2026-09-11,neutral
OMNY,"Some NYC students say their OMNY cards expired early, according to recent report - SILive.com",https://news.google.com/rss/articles/CBMiwwFBVV95cUxPLXIxckRWYWhyS1A1dXhPYlhfSlFGY3FVekpoa1FrdzZ4MzJselREX0FZNm1wTmliSVZ6amgySFlNejNKUV9CMFJSMU9MUXZiWEludjBXZ3dQOFRVX1N1b0dIM2hWTWs3WHlSNnoxWW5obGpxdUktOUFlZFRwM2lyanhWM3lHTzE2RW5kS0t6X1dqZm4tUmtjcVhJd242dE1ZRjl5WThuOFpla3RDN242TUxvMk4xSnBSbGZqVEMyUUNscW8?oc=5,SILive.com,2026-09-11,neutral
OMNY,OMNY Card hit with technical issues again - PIX11,https://news.google.com/rss/articles/CBMigwFBVV95cUxQc2UxZm5mRmxOMTFMV05EVUtKNVR0OE03T0dRQlQwOXNwRlg5S1VYcTVTaEJqbTgyZDBIUW9hNVc2UHR1VFJZYVVBNld5OEdCMUZRUFdJaENHOGdoV1pjU2JOUjZTZHFwVWtaNGRPU3AyUXRZSm9NUHlRNXZtSllnSE9xb9IBiAFBVV95cUxPV2s2VnlvdnpUb2pmYndLRk5SQ1l6b3NIU0huLVBGdDFBZUk1M1BsSm54dzJienJseXlyUkY5QlRvNEpjazJDUzNuVi1oZnBlUlBDTlA3a2pDdWJ6OXd6cm4tT0hIOEo1djhnclRNbndib1pYT3ZISXdhanhrZkI0alJsT3EwaThk?oc=5,PIX11,2026-09-11,neutral
OMNY,"OMNY complaints mount as some riders fail to get fare cap, transfers - Spectrum News NY1",https://news.google.com/rss/articles/CBMiuAFBVV95cUxQS0ZwN3FLQjBRYTJUbnU0WmFBbEFEYzh2bmk0bUJmN1RyN3VNRGJVRGd2WnZfbjh0dWdQcURyWHpwbENVR3hvcERzQXN1Wl9BU1BmUVg0SFlUQkFDbm5Zb0NNQzJVMi15dWJ5Z1ZZN3RXNFNPYmxveC1jcHViclJWS1I2cVNWdm5ZcEY2Sld2b1FoREJiRE53QzBnUU9JODZMSUZQNlFLeGVGSnVjb0FqWFlYZUFNckI0?oc=5,Spectrum News NY1,2026-09-11,negative
OMNY,"NYC students call on MTA to upgrade OMNY cards, claim they are too fragile - ABC7 New York",https://news.google.com/rss/articles/CBMilwFBVV95cUxNbU02Z3VyTUxZSE9RMTNiUTNQVWNUSk0xLXBuaktoQU94ZUpCR2ZEa0F5UjJOV3NZakY4aTZMcVJXQWVkVkFJVTlVS00tWXVBNlFtbWpwdF9HVmdOZTZUSVJIUXAzdkhTTkF6NHVzM3RIcFlZMU5LWS1SZHRad2FnM3lRSDJXYmMwM0VwdWltQndHNjlqMnZZ0gGcAUFVX3lxTFBXR3lJSWdFNVNPQTJNRjJrcXpZdWJqOEJXSHFLeWlsNDN0dkNrQW03alNkeFRseTJRTE05VVZncEdoakc3UjJxcDJxSUVJc195LVJqbHV1Zk51U0F5ZEJHVjFuNGIzbl9TRmNEUXlBYTFBbzdGMmpCQm1pb0RZR2dEUEs4YTI1cDBRSzBLRE4yaFVvYjdCeU1GQVVhQw?oc=5,ABC7 New York,2026-09-11,neutral
OMNY,Students say their flimsy OMNY cards are jamming up their school commute - amNewYork,https://news.google.com/rss/articles/CBMickFVX3lxTFBxdWdLQnZfcEl5ZFpRRTVwMFczTlNOMzY4amdOTVIyakxRNnJsc1dVNGk2Q2RFTzc1VTRwcVNLdmNQVmJFM1FFUXk3OUpLRkVrVWFBdzBTS3pqV0g1UjZpMG1vOG1wMHZCMzJKTnZzYkJMQQ?oc=5,amNewYork,2026-09-11,neutral
OMNY,Digital OMNY Cards Are on the Way for Some NYC Students - The City Reporter,https://news.google.com/rss/articles/CBMikAFBVV95cUxQc0V6blZQQ1hSbFZqRTNoRlJ1aTJ3VTJRSVRuOWtWeVBJb3J2T0tHbGZSSDJNSnZBeEdEQjlkRjkzMW52YS1nTW5EaElFX2k4QkQ5ZEUxdmlwdVpxODFSb0pBQXBDTDVfZ3JuejVqbFVFZWt2S0c5WmpTZ2xIV3VQYUNLNXl6VmpnaHNZTmhsbFg?oc=5,The City Reporter,2026-09-11,neutral
OMNY,Westchester County To Expand Student Omny Program - News12 | Hudson Valley,https://news.google.com/rss/articles/CBMitgFBVV95cUxNenNTVEhISW8wOThIdjUwUWFvNHFIUjd6ejc3ckwyM2x0cmhfYjZxYmVyX2g5Y3YxMmtRT0ZZMFNBVkVmeldOeWlPS2l2aTRaQ3pob2RKZkk4dU5KeWZvQmVtN2RFN2RiU09kX2Zpa0RTSFNmTVlFYVBYT25LR011N1UxS1JFc0plcFd6TENYX05WeksybTRjVHdWNVg5ZHR2dG4zYUZreE9hMzNWaGFNWklUdHk5Zw?oc=5,News12 | Hudson Valley,2026-09-11,positive
OMNY,"Ati Omny Hybrid - For Sale, Used - Very-good Condition - Guns.com",https://news.google.com/rss/articles/CBMiaEFVX3lxTE9GdlB2c2dCUHVzSVI4T0VEbC1qQ0E0OHMtWkZNcEhJd1JfLS1DU2NaekFVLUpySXNGUGFOdk1mWWV5YkZFc0I0aWRyX01xTmpveXBRcG1lSUdodVNRWXFWU0wyQXF5b3JK?oc=5,Guns.com,2026-09-11,neutral
OMNY,MTA plans to pilot virtual OMNY cards after year of delays - Gothamist,https://news.google.com/rss/articles/CBMijgFBVV95cUxNZ0U0V3FnQzFEQnhvOENDN1ZnSnlNNWR4UFo1RFh2MXp2aTlLdWZoQVdpNXN6NWxaemRQOWhTdGlJY1U2bEhwUVc4SkdXRkVwR3Zhc1ZUMjk2NEswY0ZCanV6eU9zRnl0MnhSd1Nob2UycHNzUGRZbWdueXNETTF2UWhMZ2k4bUQ0TV9tYW1n?oc=5,Gothamist,2026-09-11,neutral
OMNY,"Student says despite free OMNY, high school commute costs thousands - Spectrum News NY1",https://news.google.com/rss/articles/CBMitwFBVV95cUxNRFpJVjRmQVRHMUFBbnlVVVlhSFIzQVZSUEx0aFR5WmttbFRoNkQ4c1lDSTM2ZGxxemQta0RvSFpJU3hPUU9hLU4yR29TSExqRUJDMVpLc2ZjdUo5SlZiTldVY2JtRGZDVW1KSDItLXdUQjYtU1EzQnkwanJwZnNWUGNYcXIzTXJVeTdMVEp2U1lJN2JWX1N0b1IxeXZ1X0txa1lzcXR4Q2tkOU9PRHJSTGh3NmljMDg?oc=5,Spectrum News NY1,2026-09-11,negative
OMNY,Some riders take concerns to MTA about OMNY fare payment as upgrades are planned - PIX11,https://news.google.com/rss/articles/CBMia0FVX3lxTE1FQzlpRm9HeTN2X0ZDNkNuZmxtSlVOQmJ2aUNGSkFOSU9XNWQ5YklJak5QRUxQbktSV0RvYTkyeHp0ZzlXb0ZKS2JBRTJqSDdzXzBtb0RyNldXQVllY0Z5anFjYWVLMTBiY1o00gFwQVVfeXFMTmFkVS1BN0N0aS1aM3MzOExfSmFqVHhLYmVscHNYRmp3SURBTE9OTzdvbmlfTmtUb1BmcHpDVm1rOWp0RnQ4QlR3ZHloX2lnUW4xdWdkWVBqcGg5ZkZYejhIVzlKOE5PRG5PYUhLZV9lZw?oc=5,PIX11,2026-09-11,neutral
OMNY,"For Some Older NYC Bus Riders, Change Comes Easy. Just Not OMNY. - The City Reporter",https://news.google.com/rss/articles/CBMijwFBVV95cUxNS1NudVYtWXNoWmdwcmJkRjkzS0NsUEtPQ256WVpKZlpVdGJxTGlobmxJT3JGMk90OTdyWU8xQ3BvTkRXa1k5bnowb1hwMUZSdGs4QXcxejZGRl9rMnFkN2p3SjJTMzFKaHFHQkF6NFpPOWhidVFPTkM3R3ZBMkw4ampDMDFJY3Y1QlpRYmdyMA?oc=5,The City Reporter,2026-09-11,positive
OMNY,MTA boss says agency ‘developing capacity’ for OMNY to show balances and transfers to riders - amNewYork,https://news.google.com/rss/articles/CBMid0FVX3lxTE40T09RMndjUDFoVHFmVC1VX2ozRjVKd29BamU1aXpTWGRIY1d1ZURrZFJ1LTVUQ2UwWGtFemt1UFFlYkM1R0w3UThlWElrekk4NFpieE5PdkNQU0F3UHk1d0U1STF2WmV0cGF5cUY4WnQxYWp2bFI0?oc=5,amNewYork,2026-09-11,neutral
OMNY,7 changes for the 2026-27 academic year beyond AI - Chalkbeat,https://news.google.com/rss/articles/CBMiuwFBVV95cUxNTVI1MzlPaGtjWG1PQUpvUmN1dEl5T1l0dFpVQ1ZoS1A2QTJoalIwTmFubUpGd1lJalh3SDZ1VnlxdnpKWUtMWkZWdlFoVG9HTGFBUkdCdjlzRmgycHBfbFo4WW01dDBMY2duN1hLS09XMGx2LW5DZjFKZjNwOFVObzRiVWlBQnpaS3l1R1NsNWtEUzlNT3l2LWpGYVEzVGt3dW9CbXh1aWgtek40dEkxam55MWpxX05pXzk0?oc=5,Chalkbeat,2026-09-11,neutral
OMNY,"EXCLUSIVE: City Council funds free OMNY cards for over 1,000 CUNY students in city budget deal - amNewYork",https://news.google.com/rss/articles/CBMiekFVX3lxTFBYakVQT0x3Tk5ycDVTV2htbnM5SjFJTHdsa0VTMTlyU05BbWRLVmpRSTNRSi1YM3NvMWdLNXlCUHpRZHdtVEI3ZUNlYzJOeUhpNlRkdHVhRkFGU3ZSdjQ2RVV1d0lfYkxfZ3hHbzBpN1dvVWdXdk96NGNR?oc=5,amNewYork,2026-09-11,positive
OMNY,"Exclusive | NYC subway riders push AG Letitia James to probe OMNY cards after claims of extra charges, phantom fines - New York Post",https://news.google.com/rss/articles/CBMixAFBVV95cUxQdVFhc3dCcVYtNnJaU0dhQnZHODVkYkRFbjhGNkdTdlpHT2RsbjZfSFExVldiMjR4SDZ0R2dnbGZTR1RfZDNKX2JnSGFUNEtBYXFrTWY3TWVKX2tmWmJFNWQySUh4RWZuQ3pqTHh4YjkxRnNzWHl5bDFReUd5ZWtHWWdEdTkzWVBpWGQ1M1BHUzBSZDRSQV9nWFNPalRKQlNmTnNBRDd5YWdJeWNzbE9vdFlHbld6b2xnekhtaFZNRG1OMUlM?oc=5,New York Post,2026-09-11,negative
OMNY,NYC Public Schools to hand out OMNY cards to students: Details - Yahoo,https://news.google.com/rss/articles/CBMiigFBVV95cUxQV0ZHUzBEcEUwdXVJaTcxYXhzVDc1NGdhRDF1TzhOT09pSEp2eTlhUEZBU0s3VjNONjh5ZEhwTDJuWkxTRUNSeENDNXNvQ2swZjNOM1ctMkNmZHBhTWdMRWVzaTIyNjdsUGxWWDVjY2hjekE4N2ZfOXp5U05VcHNwSUdMU3A1VDBuRlE?oc=5,Yahoo,2026-09-11,positive
OMNY,Expand Student OMNY - Transportation Alternatives,https://news.google.com/rss/articles/CBMia0FVX3lxTE9vWk9WRjlRb28tclFKd0JNaWhBUzhmZ3c0dzY2MW5pNGNBQ0pWdUtKVldjSHNwaHcyRlo1ZkU2NldlQ2l6enAySVBYU0RhQlRnMEgwVXlFcEpkX3hIY2Izd2dtaS1BZFZFZHN3?oc=5,Transportation Alternatives,2026-09-11,positive
OMNY,NYC Student OMNY Cards Go Digital - patch.com,https://news.google.com/rss/articles/CBMif0FVX3lxTE9CYlZ2Q2dPUF8tb2NvSDJmc1NkcmdKNjBnOHZFNlNXRVhfLXJRTnpieDl4eF9rLVJUdy1rOVg3clBqLUNBQTVZNU1idHpPdlBuVUxraVI5VDY0VGRDNUM5VmVDVHdBd01ld3hUampnb3ZXVm5nQUxkYkVHbUJVd00?oc=5,patch.com,2026-09-11,neutral
OMNY,Bee-Line bus systen's student OMNY program expanding in Westchester County - CBS News,https://news.google.com/rss/articles/CBMisgFBVV95cUxPeTJDSjZycEtBVWF2a1lMQjB1bVdONGE5VmRTa05QdFBuV2x5cTlXMllKSE5xc2dDS1YwTHFmdnM0ajhaX05hbksxRERiVG1GYzdKMDhiRWFJdzA5OUE5cmplZWFBdU1DZ2dYTUR4SWQtYUx2MEZ4MjFhYURSUlh5REZxV2xvLUJDZHhhdGk4bzlfZnNya2I5Y0ZQZjZyNHlwLVFUVm01ZzlTcDBiQzFvT3JR?oc=5,CBS News,2026-09-11,neutral
OMNY,"OMNY processing issue resolved, says MTA - PIX11",https://news.google.com/rss/articles/CBMif0FVX3lxTE82Y1Y0VjBjYkNZT3VaTEt5ZTNDdHVtZ2otN0ZlVTVQNzYxXzNtLTlMcDBDRURzakpPdUQzd0NRclZMRzh3eVJvM1dVbjNNVlFYZ3dMUG55ZnV0TzlMYm1KOHhOcThKeTZIeENkZDh4OU1SREZjbXp6NC1DLThtc1XSAYQBQVVfeXFMTk9yTWZEalE1c1RFUDF2dmVpTkZSbUFTUmtSNDlUME1XTHNSODA0XzFRanVnRWQ0T0gyLVJxZVBLMFh5enpvMkkzVjUyQmhiWVFkTVdUaWVqVzdueDY0QWphWnFXSm9Lc2U3dDJETTVUajI2bEdmMFoxeVR3X0R3ZGhpb2c2?oc=5,PIX11,2026-09-11,neutral
OMNY,Inovalon and OMNY Health Partner to Launch Linked Real-World Dataset to Accelerate Research and Improve Patient Outcomes - Business Wire,https://news.google.com/rss/articles/CBMiiAJBVV95cUxQcy1KUzdTVzdaZ1JBQ2JGa0RJTERYMjJIYl9CdnNBcGl4ZWVoUmRnVjlxcGhPUVJQQlpkT09DUGVfOXE3QVNlQWNuRzJzYTc1bWRPQ0oySDdiS085dHpuaFcyWFgtYnBQd0dZOUx3azNyX3J6RmlObjdnZ0pNeklHMEhGa00wM2F1TjhFdk1neWc3VGFwTU50QjJ1ZldRSmpQdm1yakhacThNYTR5dUhVdkx3U0NoUTJVQVVHY0d0MGhkVWZaZXVxcENpcGgtNVRiZDU5SDhxYzlVMXU2X2RMWWJWQ0h6VlZockdYN2IxQkRvVEo1Y1VZWDFDa2dCYjZ6cklWU2oxNks?oc=5,Business Wire,2026-09-11,positive
OMNY,"Students, pols call for OMNY card changes - Queens Chronicle",https://news.google.com/rss/articles/CBMizgFBVV95cUxPQzRiaDRhRUw3Sl8xLWlXT0VTVjVtNWhoWVVRTmxHXzk1RGJabGsxQk5rdmJkTEo1NkMwOXJHRHJBelBpd1dWeTlsUldPaTRDN0VsUmIyaGxmbjA3RmdVQnVQZnZWelBBd2lKOVNJT3ZzVjd2ajZUUUxwMk5DSEpTMXBTVUJaZ2lGaVhPbEdiQUtSOXJKeUE2RWxaU3ZSSHNjcy1rTjgtRGpDSm5WUnUyQkRzbTd6dnhVeXdKMTZBWGlsdlZPNkxHUzd2T2ZEZw?oc=5,Queens Chronicle,2026-09-11,neutral
OMNY,OMNY Health Surpasses 175 Million Patient Milestone; Launches Oncology Product Suite to Solve Complex Real-World Evidence Gaps - PR Newswire,https://news.google.com/rss/articles/CBMijgJBVV95cUxQY0ZNREotYTZUWVhuckgzdFhOYWdWa2cwTTE2eHNHNTlLZWZnM2pMUFNtSVJacHZaV0dtYXk5bWVCaE5JQzJDV3Q2N3FzVzJGV1Z4ajFycWFkckFDbzc1amJVTWp4OVVDU2RPa3Y3Nll4NVNOWkIzNnUtb2xUakJoV2psdXJ0T3pjMmtkYllYbkY0YTA4VXhSZHBlRXV1MVRuLUZnNkNpVmw5czZSTXNpN2VNYWlUbHlYMWZNRzVEUnh3OUJWVXRxRzdydkN0bmE1cTk1dGJoM3U3TWM3dnl5SWZoZEF2bDJNcmNRSE1LV2lwWTdBQjdZS3BQSnVSRFlPZjJ1WHlRU1RUT3lMUHc?oc=5,PR Newswire,2026-09-11,neutral
OMNY,Free OMNY cards coming for some CUNY students in new pilot program - PIX11,https://news.google.com/rss/articles/CBMiowFBVV95cUxOSm9hblRVN3h0QURZNlcwQ1RnM3pvc256a2xLelZtdFYzWlRobmlZNGI4bDBNVG5Cdzc3b0NpOGoyMHBzLU5PbF8wQ0ZyRjgwbjhhdGNHckgzLWpKNTVkc2MwMl9RT05CMTEzbXdnREJ1QV9mWWFCVS04SXpGQ2ZCR21rWkdBbUcxYTR2MElxcUtJYzJJcnk3aGF1V2w1bUVWTTBF0gGoAUFVX3lxTE1kOFVybmJpd1B4bUJEVGt1Mm51UGwxLXFSUVZMMzQ2UE4ya08zUW1Ha3dHeXdDRnBqelN2bEVSQkZYcFNXTVBFblVDbkdTVGpmNFBvNUx6a1JzU2swT3ZHeFVfZ0tuaS1CZzlBQVlYeXVteEV4QzgwXzZ5OExlcHl0QUpNOGl3UUVUTWw0eUFQeGhieEN2QzFHdloydjQ3dFFsTXVXUHlNWg?oc=5,PIX11,2026-09-11,positive
OMNY,The MTA still accepts MetroCards in the OMNY era — but does anyone still swipe? Here are a few who do. - amNewYork,https://news.google.com/rss/articles/CBMic0FVX3lxTFB3R1M1MFY4Zkg4ZmMzQjdDRkR1WmdqM21TUkc1ZTg2T3lNaUQ1bEljdkdTMFh0Vi1GX29Nd1NCM09ERlVpRm5reUNGTXR4Um1LdUVudm00b1Y0WVBCZlBaWTExcnl0VzFLNDh4YkE2V2g4Zm8?oc=5,amNewYork,2026-09-11,neutral
OMNY,"NYC's OMNY Card Is Here, And I Am Full Of Regret - Aftermath",https://news.google.com/rss/articles/CBMiXkFVX3lxTE1NR1pWVHJKcTZnU3BOMDZIZnc1R1QyaHFpN096bVhYejBTRzVEUW9NQUtJNzZ5SmUwVFVRWWhQWDVDNnJfamR5dXczdHJVblhQVE5IT0xWZ082dGhYZUE?oc=5,Aftermath,2026-09-11,negative
OMNY,Some NYC Schools to Switch to Digital Cards for Public Transit - GovTech,https://news.google.com/rss/articles/CBMiowFBVV95cUxNdHNkdVBnRXpQUVVXSk5qZEZSOGR4aWxIVno0cEw3UzNFTm9LUWlxNVFhUUh1cnBvNk1Bb3ZpTzM1dnhOOGNIOFNIbVNWdGhiY0JEWVJlcTktMVIzelFyUGhCSVVJanVESkphaGJBZnVWWEtZZlJrdGMwVk1FczlKZHphdVJBRTF3R1hTbGVTM2lBV2k2ekRfSHlrbllSVnEyOXdJ?oc=5,GovTech,2026-09-11,neutral
OMNY,OMNY? These bus riders still use coins. - The City Reporter,https://news.google.com/rss/articles/CBMiiAFBVV95cUxNYlIwRDVrY2ozLXFYWE05dGUzdUtsMTd3WnczZjJKVnU0WXpKclA2cUFXS0ZVVGZ6czEyV1JldG9mNmRrT2dvOTh3RzhpVXA1Ri05eEx6enZtX0JZVEE0Z0tWNmJVZVNwNW90VVRqVElxOU9FX214WDIwdjZUZGYwZ1Z4N0VpT0xr?oc=5,The City Reporter,2026-09-11,neutral
OMNY,NYC students get changes to OMNY cards from MTA - PIX11,https://news.google.com/rss/articles/CBMikAFBVV95cUxOaVdqVzNqbndzVGVFa0s2a29EYmQtaU1FMzM2ajFzNHFwRFh6X2VlYmE0N01pQ01mRG9Md05kNW1PVHhkY2VmR3pwTEdQNTZ5dUNCUFc1d1NXQUFXemllLUNselJlU2lZVGN4ai1qSUh6ckY3S2JLNzB3THljMkJwaXV3WnJSVGhnaU56SUV2YTA?oc=5,PIX11,2026-09-11,neutral
OMNY,Riders will see more handheld payment validators on city buses - Spectrum News NY1,https://news.google.com/rss/articles/CBMi4AFBVV95cUxQX2NWS0xhUW9vNUE5U0JzbVZZVnJHVVNybFBHdDgtQlFuQ2VtYmlPN2kzMUVaZ2hucWtrUDRLbjBzYU81dEJuaVJxeS00aVJscDl5NmdlSWl2RjI5TEl5WERlLVktanlDSlh6Nkh2X2VxaGxOVnhoMHpLeEhOamxtbHJROUZKaE5jbEVoRHVlTW84c0FTaEljVlNxc05yVGw0WTZweWcxS0E5RlNnNXNtaVE2Y191SWhHbUttN0FaT1VLSS1MV3NwbXlRRnNGSEVFNnE1ZGtMczM4LUZqTWdOMg?oc=5,Spectrum News NY1,2026-09-11,neutral
OMNY,Westchester Prepares for OMNY Rollout with Full Bee-Line Installation - westchestercountyny.gov,https://news.google.com/rss/articles/CBMigAJBVV95cUxOa3lVQzJueVBFdFc3ampVVFFScjJGMU5mTHRSNzFCWGpCNndyR19wd3BtMmRSX3lWQmZnQi1KTXQ0Zy1sNGRnZnNIYmV1MDlXb2NCWmkwN3lRd2poUXJyYjVVY3VfMzZLRG1MOFF1bDlBT2NBcEJPeVY0ek02dG05OVFfb0FyZVFQRFdzcWlMVTUtQzd4RzFoUGpKSWMyRThpRktXRkdwRmQ2Q0JrVFBtVjNUeFBwdzNkdlZOVEhaNkgyakxrQ0Z1aFJPVDkwR05KaVNWQmJ2SGhGeE56WmV0ekt0OUs4U005VWU5Q2NYRTloVWpXMXZKQnlMSXVJamIw?oc=5,westchestercountyny.gov,2026-09-11,neutral
OMNY,Manhattan man encounters issues with the OMNY senior discount - NBC New York,https://news.google.com/rss/articles/CBMivwFBVV95cUxQOE54cGE2cmlLZ1Y3YVE0elBuY282Ym4wczFUNHpFNlRhNGxiUzQtOHU5YWxURVI0U0xyekZISlhtTDExQ1IzSjB6Q1V5bV9TSmZEQUt1a05YcDA1RlVoalBNbFNXTWxiYWdjcEsyUGI1ZktidVBQRzN6Y0tuem43SnBVMllJXy1MNFFqaXF3RzZrYWV0OU93SG04Zk45M2xMNm43NEI3VmQ0cVpLQTVwb2h5T2h6T3dLa3FwYThFONIBxwFBVV95cUxQcm9wUllqNXVMZzg5clpab2NKTlJNWnlMd2JwYklKZWRjU2pDOVBLWWVsdGwwOTFtMDV5TFJqczc3bDU4VHpzbXY3T1pSenpfcm9Za3lYRWRtdWIxTGtPUUIwOFFNNVFXandnbHI4bnVjVl9WcUQwQ3ZQS2hXcml1cjRBMVhQNEp1ampYRGhGYTFJWkwzcTFQTmQ2cmJlTlE4eTQ2UXdnRFJ5a1N3a1F3SGMzSGtwTjdXYWxwU3F5MDJNX2REWnhv?oc=5,NBC New York,2026-09-11,neutral
OMNY,NYC Transit Just Got Rid of MetroCards for Fares. The Successor Could Put Your Privacy at Risk. - Reason Magazine,https://news.google.com/rss/articles/CBMiggFBVV95cUxNRUFYSXo2NjhWRUR2RFZRRTJYMlBIUDRoZEpjQWZYVGsxUlZua3JQV1labEZwczB1a1hHMl9LS2dWYXdhSmRTTDFOR1ZKNHdONHRuZ1lKNVlCVzU1aGxKak9LeXhQdl9Va2RST0JBQ2lNa3VUc0I2Ri1oa1puZXhncVJB?oc=5,Reason Magazine,2026-09-11,negative
OMNY,"Tech Industry Transit Systems Endanger Immigrants, Advocates Fear - The American Prospect",https://news.google.com/rss/articles/CBMimAFBVV95cUxPQjNjQjNvcUdFVHdJT3ZTYUg0eUhza0dKR2thTlJBdzlpWG9BVkpIQlJDM05VRHdoTlNaanhkLUJMRGhFYlNyX1lmbnN5dGNpeGhEbktTMzI2alVkUEhNXzdUT3FxRDNseC15c1JoSUhGQnk5VkdVa296M2hPazhkbHN0dVBlOHJQaWFOS21za19ZSm1uT2xwZA?oc=5,The American Prospect,2026-09-11,negative
OMNY,MTA contracted subway guard accused of pocketing cash for OMNY taps in Brooklyn - ABC7 New York,https://news.google.com/rss/articles/CBMipgFBVV95cUxNdDBRM21QSTQwN0ZnQUd3RVdiZW05SFNqUnBad0hLaWJqT3JpdU1HaF9oS3FCb2lBUEJ4TDNMWEozQ2x2bkF4dzBsbFFUNGU5cVNPeW1RcHVWdGxNLXgxckUweFI4a1BKMVJPU3B1WEIwaVhWOEpwMTN4bFRGNFAwUkVtNndPU1VNZnNJTG05blp5TDN0dkN0MmJTSGJTd1VJVDlPWWNB0gGrAUFVX3lxTE41TlhsQUlNRFo3WlNRanhtTk1Nd1lqd0dfM3JUb2tOR2g5bEpCWDE3ODhLcEttVXltODRFQkt0LS1temdqUEtTT1ctZ09OOXVXRjVWZk9sbkxHaU1pQVNGcmtPOGt1dkc0RHprdmJDdlRCUHp4V1pPaUd2NUEtWkxta2FYTzBUZkJLSTVjNnJMbklhMm9aQ2pHY2tYNUJJbFktaUxkWGt5NkE2RQ?oc=5,ABC7 New York,2026-09-11,negative
OMNY,Westchester officials propose expansion to student OMNY cards - News12 | Westchester,https://news.google.com/rss/articles/CBMixAFBVV95cUxQRlYzRzZYTkZvWmxrTDFJZG1uc0R2M2pOZXl0eUVteDBSZU9qSmZaWEh6M0xGNzk1MlZ6Y3c4ZmdhYlIzN19yZjF5SWVoUXNTdzNqSVJsUW12N0Y1N0VkdWREZzZYcVZLN2tidmhBdWRERlhPTXRzWjNKLWJ1S3RUbHBsNTJMbTJTY0h4b2FNdEw4YzFZd1Z1YkNlRVBKci0xRzVDLUhHdXhxWXlpQlliM1REV0FLU19DZFc0MUluajVLV2dJ?oc=5,News12 | Westchester,2026-09-11,neutral
OMNY,Nyc Students Say Omny Card Problems Are Leaving Them Stranded - News12 | Bronx,https://news.google.com/rss/articles/CBMivAFBVV95cUxPRWY4TGUxbTBTSEhLNTVpdVNMcEE0ekQ4SW5EWHU5cjhHN00yWFptYi1LTnVmZ2pLNVdhRVh0NXBZZlBBeURKTThWWS1wV25pdEV5NFZ6NXI3alRwRzcya1FGbl9LRi1LcGZxUUN1OThBUjRwYkQ4b3J6c2M4TkNSajdRNWgxcHl3a1UxU1NCZVdId25icW1LaEgyREhBSjRlakRrRkRnVk4yMmJvMThNTDlQUmZiMWFKUEJ5eQ?oc=5,News12 | Bronx,2026-09-11,negative
OMNY,"Opinion: As MTA Moves From MetroCard to OMNY, Accessibility Must Come First - citylimits.org",https://news.google.com/rss/articles/CBMingFBVV95cUxPb1Fub29nc0dBOEN1X3EwUk04NEZXS24tX0JQUTJZN3ZRT0lfNTc3R0NMQzFTUlBadWtWTmZtLUpSYVJvUDdHN3BPZmVUYUcwTHJQMUlYb3pxeHNZTG12NFZXS3dmYzVJV2UxYzBmQzRUd3lTdE1YM29RRjktVG5qakJIbTVITGgxT1BIS2FtQTZsSDFuazBkaWF1TnNVdw?oc=5,citylimits.org,2026-09-11,neutral
OMNY,"Kids demand fixes to NYC's student OMNY cards, saying flaws encourage fare evasion - Gothamist",https://news.google.com/rss/articles/CBMiqwFBVV95cUxQd3hHMUsya1BERUpDOGMxaVVsZFRMQm1wQlB0UXo0NXBVQ3lKR1dUQVR6VWNUbzk1RmJ0RE91OUVQUDUzVkJjTElJSkR1eG5UZWg0eTR2aFR4WG5ZZHBLWDFMV0pna0lXUU0zdEhmVG1FM0RFdVF5QTdEMC1EN0tjSVZZTDkwWkhWOU41NEVLVzZnNkRoYk56anpUWDA1Y3Q3ZHdVLV9VLWd2dmc?oc=5,Gothamist,2026-09-11,positive
OMNY,NYC students get changes to OMNY cards from MTA - Yahoo,https://news.google.com/rss/articles/CBMijgFBVV95cUxNdDJaWjVKSFVqbnFxMXBUdjVtR2VJOVRvdVYyUWlnelJocnBsN0loQ2Vid0t2U3FnbFBJOUxNcFVfeUFkMHVIbXNjT2lXY0djWGpXcUZTZ2YtYWJkMzROWmVpMkVsY0c4WllZZmF6Q05mTndHWFoxcThwVFI3dXI4NzFCU191N0lrZFUwaXRB?oc=5,Yahoo,2026-09-11,neutral
OMNY,Security guard accused of using OMNY card to let people into subway for cash - CBS News,https://news.google.com/rss/articles/CBMitgFBVV95cUxOQWdxYm15dUtzNjhmcktYQkwwb1JZWXpRUUkxa2xMQ1JGNzA2OFdCb1M4NDZLV1gtUlIwb0xZNTItY0ZwTURQaktGa2E3enJKMVYwb2o5bV8wY3A2alhxdjI3NDFDRGx2VGU3ZXJGMXYtUzZwS0FrUHZxM1dvV1IzSl80V3BuV2l1X2lxcE1zUU14a212UmJKR1ZIaTQ0OGlpZkRfeks3MjgyRmZLWExTUkpYRGJqUQ?oc=5,CBS News,2026-09-11,neutral
OMNY,OMNY card refill systems are down in NYC - Yahoo,https://news.google.com/rss/articles/CBMihAFBVV95cUxObWZ4eTJDZkpaT09VVzRwVU5SNjd1NTlfa244SXRYVlQ2THhuMUdvS2lNdXg3bUZ4TUt3ZHJTTUxFeW1leUtIVWw4ajFDd3lZWkRybVE5VHA3cTBSRm5JT3BYZEdRY3dCdnF3N25JQ3dsVUZzNTZtTnExVFZNLW92cndreUE?oc=5,Yahoo,2026-09-11,neutral
OMNY,Farewell to MetroCard: NYC commuters embrace OMNY - PIX11,https://news.google.com/rss/articles/CBMiiwFBVV95cUxPd0dwT0lrRzFTMXY4WUhOckNUa0p4a0tCS0lkOHd3QWE4ams2LVlVeEFRYngtcFpJdV8xdmt1LUY3c0NJM3AzV0xHeVVwTjVlajRjMlRwVER0eHdqZ0V5dlE3dV80bVJVSUtET2tjTTdyWXdsYzZDLUhaSTdFeFg5dWVzMmpST19aZkRN0gGQAUFVX3lxTE1naVlTMExxZkZ4b2tCMWRXaG5uZ0hEVTZJLTR4S0dCdmp1dnVvMHk5SmJqeGVCUUhoV2czZndnT3c5OG11N0JMMG9IV29HT3luamRRNGpERDItTXNzYnFtNHJ6M1dKZVlUYUpyZUQ3Y25fLXJBZXdMNDV6a3hLOXc3RWktbGlPc0hrZEdjQmU4Mw?oc=5,PIX11,2026-09-11,positive
OMNY,Some NYC students will get digital OMNY cards - CBS News,https://news.google.com/rss/articles/CBMijAFBVV95cUxPZTlIMFp2dnAyRjZncGVoRER5UlVJWGpsSGxRR0RKazFqTHVxMVFIeXNhNndWSHhNbi01UTFjS2N3YlY4b01qbldTQjc2Vnl3ZXZlSnpJZFVyTmVZUzZZN0VNRGVyWGxXeXZjaHJUNTFhYW5mbnJ0VDhKVTdqeE5aSTBUV1ZmN2pQLTRQUA?oc=5,CBS News,2026-09-11,neutral
The L,Everything you need to know about public transportation in Philadelphia - Drexel Triangle,https://news.google.com/rss/articles/CBMiqwFBVV95cUxPbXRsX0RNeEFIRnV2YmtCOWktOWU5dlkxZGdaY2N4STlEQVc5WU9NeUJrczM0TmljV0ZFeFVuLXpQalVGTzJuQXpBcTZSMnVQU19WLTJFYl90dTJEMkpzV2ViWFFjbVRQbmhqMlpnbnpyeUliV29nai1sMF9waGd3MDRKT1dSUk85R1BMNkcyWk9JZVR4WmJvRjJKNnFEZGJHMVpsR1ZfSUZIUkk?oc=5,Drexel Triangle,2026-09-11,neutral
The L,Sarah Jane Brubaker receives 2026 VCU Distinguished Teaching Award - VCU Wilder School,https://news.google.com/rss/articles/CBMivgFBVV95cUxNTHNmd1JpNmdvM0lBUzUtems4RW1MVUNGc2V0akxVUHlaV0hBVTY0SHNFRDE0Wm1WWUw1VEwyaE44WUVicEF3d2VDNUppRDNPYUhId3lSLUI5Vlk1UlIzekF0YWFmTjVFZHRnd1QxN1hhWHBPNFN0Q1h1aXFsejJtWVZqbldrQzA0OU9iWE9UR21xMWlzRFRxTFUtbDc4bXpVN0EzM2pGQ21DclVGMXBIZU5OQy1NWjdPb0FobTlB?oc=5,VCU Wilder School,2026-09-11,positive
The L,Thousands of lobster traps are being removed from the Long Island Sound. Here’s why it matters - Hartford Courant,https://news.google.com/rss/articles/CBMixwFBVV95cUxQR2dpcTVQOF8ySEttNzVWemJsWG1DY3RIS2FObFhxZ3BqM3J6Qjd4OEx4bUNaTXlaME9LUlFndHlPTUNrZWR2UUVueXd2S3Z3Q2Z0blVQRnEtRWpURktYQUJmZGQzZGI0YTNib2pZOEFYMjJtWlp3UXJ1dWNCRmJwZlhYV1ExRDduenM3aEk5UzN5WC1hLXMtNkhQOTlOYWhkUWdaeUhyeVkxOGwzaC1BLVhCRlMtTENrZ1VkeVhKN19uZlIxRDUw?oc=5,Hartford Courant,2026-09-11,neutral
The L,L’oe Show gets rave reviews from Pottstown businesses - pottsmerc.com,https://news.google.com/rss/articles/CBMilAFBVV95cUxOTWMwUU9qYUsydDBCSDE2THAtc0Y2OWF4UF9YdGpWWFlEUl81NXJqY0U0NWdQVm1Hb1M4OUpkT0NmR01UcUVCM0NZejJHNDZKaUZWZlZNLUkyOVYyS0dDVFVZVGVLSF9Ybjh5YjFJdFo5Rm5CUVBIZHdUTkptR2J4SDVUdnNIbGFGT0FCSzFTbHZnZFFn?oc=5,pottsmerc.com,2026-09-11,neutral
The L,Boys soccer: L-Cats tie Blue Devils after Lepak's 79th-minute goal - Daily Jefferson County Union,https://news.google.com/rss/articles/CBMi4AFBVV95cUxNNm9ITWhCQXNTT2twNDR1RE9CU29KOGhsLW5QOGVoNWduN2NVSVZZUTRYdGJ0RHlRMWV2NjhsRzNWUDJyWFFmc0R4MURySHU0SnB3ZlJzZXRvRGg3Q0VnVkFIWllRcHQ2dkFDZ3E0WFNqSnFNVjV1Uk1xTzdTYzMxRG5NeEk1TXdVa29SOFZuS0FMTElUelQxQXFNbjVJR3FXX1N5SVFkUnFOYkhGc1Rzb0NBd1M2YkpfMzdHYmFzb1JJSi0xdVpSSE1VcHBReEpVZnllZGVrRFpqSEpsajdVNA?oc=5,Daily Jefferson County Union,2026-09-11,negative
The L,In-house counsel group accuses rival of training AI on its materials - Reuters,https://news.google.com/rss/articles/CBMitgFBVV95cUxQNlJDTVpGUjNQcWRSb3BKVy1aV2xYMUVJMG1kU2wtVy1IVnNLMzBpdmNTeExoNWpsLUtfc18wY2ZxYV9OUGczLWpiZjNuT2RuWXZsYlJ6Ukw4b09zSDZNb1hVNXl5OWVPVnlUd3gxNTFuOUphNlVBb3B3ME8zTXJMUG81UU4zLU5FampOT1RMMjBSZ080amxQTGZFSDByY0ZNMGZXU01ZbFFZTG1KSkZudG4yd2VGZw?oc=5,Reuters,2026-09-11,negative
The L,L-Acoustics Achieves B Corp™ Certification - Live Design Online,https://news.google.com/rss/articles/CBMiiAFBVV95cUxPYTV3UWhnSHFESGxMUnFwalZSamhuSXFJWnZjZFZWUlNKeGVPRTRsS1FGdHd3LV9UUXpXNHpVR2MtazFHalc1RGNXYnBHSklUQ1F5SWdkNGJLeGU0MGcwWXdhNmh6MTJmSXdtb3k2RnlUUGVxaktRWGY5M3VZRmNmVkMxd2VlektB?oc=5,Live Design Online,2026-09-11,neutral
The L,L’Angolo Estate Founder Chase Renton Nominated for 2026 Wine Enthusiast Wine Star Award for Innovator of The Year - Wine Industry Advisor,https://news.google.com/rss/articles/CBMi7AFBVV95cUxPTlY3VEJVcnNIZTREWGhLbm1NSHhMSS1xV1FiMzFTaWV2ZTRoQjg3NXJUWlJOUjlZOXNrQ0pscGRfMDRMUnlsTVdHYnZqU3dub0UyNlBfalBsUlRQM00xc1YxczJkaF9Fdm4yNzlhYnFqLWlHaVhuMnY0akd3ZGVhZFpaaWE2Y21xLWNtY3RWNjRPVXFQTXVUSk80U2ZSTFlDalVJTGtLWk9JZWdYbHhMYzM3TVFjaUdiWmFsMXJIQWZRRHBNN21MbXN3bkxBUFFNR3UyUmd2WGdKMW1aM3VrdF9tUGxEV3pyYzJnSg?oc=5,Wine Industry Advisor,2026-09-11,positive
The L,LA28 Aims to Showcase Local Food Vendors with New Program - LAmag,https://news.google.com/rss/articles/CBMiiAFBVV95cUxPTzFYSkROTTFuVmFPcDVfZTdGajJNcTk1MGNCeGZIVUtLNWV0am00RnRhOXphWTRNSEZ4Z0NveS1XdjN3RVBXbHVaX3VaakRwR2lUTnVRN09YZGQ4Z01seUdmY3ZMWXBVZm9qbVNfcFNXVkx0Z2pyRWFkd21mc1IzTmtCZDJDRnpO?oc=5,LAmag,2026-09-11,neutral
The L,"L’Oréal Groupe, COSMAX Sign Agreement to Collaborate on Next-Gen Beauty Innovations - Cosmetics & Toiletries",https://news.google.com/rss/articles/CBMi4AFBVV95cUxPV3Z1RWhNYVhxSGtuazIydmdtTFhtN0ZKZnRlbDM4bTNVT0MzWWlkM3U5TkdaaHc4anJNSzlzZFZZNWYyU05pOTVuZGdXdTlvTzNFYVFCN1piQUMtSlhDWUk4S3pheEYydXpCeFEtZmlnWEJLTWtDQnVNVVdxNlVNTzdpQnBCNTloNHAzU1FOMUZkMUF4bTJMclNaUkNWdDZSLTlmbkgzbUc4QnFiZ1pHUUhWSDBmMkNKNVBhRzZXYlZYQkE5TTdrXzBBWGNReExpSVphQnN6b1ZHTHI5OG02UQ?oc=5,Cosmetics & Toiletries,2026-09-11,positive
The L,Argentina turns to older UH-60L Black Hawks to renew Army helicopter fleet - Air Data News,https://news.google.com/rss/articles/CBMipwFBVV95cUxPVmxzcUpna2V1dXNfSG5EMV9QdG91aHlDUGJaRXNEVGNsQ1V1WWczQkV3MjJ2aDRKWFF6ZmZkY2VBdlFxczktSEtoRDdEdVNmV1A1SlR1N29XZzI2NjNIcm5MSU0tS2hhczRaZlhKdko2RVZQa01VX3Zad0NTRmdxUFhpckRUMFBNVHNpM3dUaWh3RmQtNzl5bUVUY0hMVVllUks3XzdfQQ?oc=5,Air Data News,2026-09-11,neutral
The L,L’Shana Tova: In the Spirit of the Jewish New Year - Jewish Journal,https://news.google.com/rss/articles/CBMimwFBVV95cUxNSGJydDJWWFJuNFRaekFlWnREOGZ5bDlrSm9KdDFmUmJDdDBCN3JNRy1PcGdlTjhxdFloS1Qyd25nbE5BaEs2Tk15TDdSel9HWEpYcU5mSkpRS0tmMGhSaDF0bTdkNWtLTkhvYTFONWRVWGRYLUJCWUdERTFwLS1FdXh0VEV1SXE4TmV2VFJ1eS1FTzNNcG9QZXNZMA?oc=5,Jewish Journal,2026-09-11,neutral
The L,"Metro installs new signs at L’Enfant Plaza, kicks off rollout of new wayfinding system - DC News Now",https://news.google.com/rss/articles/CBMiwAFBVV95cUxNT25DTkw1NjNLQXlFY0ZxZHBnMkhtNENoU2xGcWphSV8zTlpRS1ZDLV93SnZmaldhNGtLWVQ5cFBMeWlGOUpOeDF3YTYwNjFpVnNKRnVCVVNJalpaQUs5NWNRUGo3TTFTQW5WQUxzaVRrRVlldnlNTHdsa0E1RXZkYmpSRGt6VmQ4Mmp0TFZHaG5PN3diUUhHUnROQlA4QWExTVhHUHdrUmpGcFpmblFxa3FfUkMxdVdMZDVDbUM3ODHSAcYBQVVfeXFMTWZuMXBFVkpKUFNwREhOdXg0WUtKRDZ6dHZOdGk1dTRzMlkwZ0hRRjgydGo3N0ItajkwaE5YU3UxMWp0d0ZIUlBnWkFvTGl5bXk3eXpXbTRVLUhLU3NwT1lFWlpFWHRfM2d1TlloNmhLc2ctVVlyYTdsWFE0UVBLcWFhSUZZTVphbWhDQVk2NDFyX0xnMmRkbEc2WWpWbTUxbUZwOUVnZjdhdTJoUnBCMGVnNFNHcGo0VUN4WlJGUUNCZlRlczh3?oc=5,DC News Now,2026-09-11,neutral
The L,L’Chaim: Madar – Edelkopf - COLlive,https://news.google.com/rss/articles/CBMiVEFVX3lxTFB2LTMxNXJtMlctNlJiTUdYYm5SbGJkSjU0UlJSMFZmekp6eF9GNThZaG80dG50VXFPSEtnVXBXbGZILUlpZGZ3dUVDeDlGV2FLZ0FoeQ?oc=5,COLlive,2026-09-11,neutral
The L,LA restaurant apocalypse claims another beloved eatery: ‘All odds are against us’ - New York Post,https://news.google.com/rss/articles/CBMiswFBVV95cUxQdjJKMVF2b3pHR3NKZFh1QUpxaTEwTXptYlFFOFJ4c0ZCa1AwQ3RxcXBFQ2o3NXZhY3lkQW5ZaDBuY1NtZmRVNjdfbDRMQ01QQ2N3Z1RtdVcwRmJycGFjYmg2MmJURUZEclNrV1VndEdxYUt6eElGY1JJZXUyMUZ4aUlXVS1OZHpadGhFTU9sa0JKbWVURmJaYVVsQXJKVkZ4aURMNWRYNmkzQ3lfQUNVTlJpbw?oc=5,New York Post,2026-09-11,positive
The L,Irina Shayk Is Rewriting the Venice Film Festival Footwear Playbook - WWD,https://news.google.com/rss/articles/CBMinwFBVV95cUxQbllWQkJpemM2eHZtYW5UaGdVVExsT00xSnh3X0VJbDAxNjJwTXVxbTY5d2xlRUhwMDdpUkNQc2FBdElMbmgzZkJ4aUpCbGJOSkxZSGJLZllwNzd5RU4xclRKVXFnaXExYXhhdEYxZVNhd0hfdlUyNy1RQnpZVE9sOXFkRE93Z0hEVldiTHBWYXZIZTc0OGJDLTYxYmhIanc?oc=5,WWD,2026-09-11,positive
The L,Trump’s MAGA Fyre Fest Suffers Telling Stage Malfunction - The Daily Beast,https://news.google.com/rss/articles/CBMijwFBVV95cUxORjk4cmtvRDdMVEYtSEhScHFHSERoUHVWQTVPR3hJQy12S0pHWG9jcVNYLW5hYXFlWDFHaGpaQXM3TWNaUlFNWDk4UW9rZjFBVEhMSGxCOGlwSXM3SnU5WE1zVk1OR1JLVXR3VUpsSmpMbjZHU2s3eW1wVl91TDBLS3IyQU0zeW5ZMllXaWVXSQ?oc=5,The Daily Beast,2026-09-11,negative
The L,Viltrox to Unveil New Lenses & Production Solutions at IBC2026 - StreetInsider,https://news.google.com/rss/articles/CBMitwFBVV95cUxPdWQtS0FwOWkyNFBOSUNLaUNCUkNwR1UtX05GRlQ1NDl5QWE4STVfbWh4dVJSbzBBaUlkV2pFbTh4d0JKTWxUMWJBYU1TWmNJSjdiTklEWlVqQ1g0QkRZS2pFYXZNVzZRc1RKOGpzdXdDSjlSbTY4dFBnS29jZHhNR2hNN3dJZ1Fzay1aelV5aE9RekllQWRXd2tLcFZvUi1TbjMzUmk2Vi1PcWdZcnlSMXRvVTNqWms?oc=5,StreetInsider,2026-09-11,neutral
The L,EN 54 Certification Extends The L-Acoustics Ecosystem To Voice Alarm Applications - Live Design Online,https://news.google.com/rss/articles/CBMisgFBVV95cUxPYzFRQnRWUnktVDVtRFN5QzhlX1JnLVVkZUVuM2I3RjBETUpIZmNRYTh2d1pJS3ZNTTViVFg5eDI1YkZvT1JWM2ZKWnFCYWRERXM2ZEV0TXRueUJnR29wdkdKNFUxcjN5VzBwUVRrQTdadVMzYnFhNTBOWU5CUlY2YWxNM1hMSG9Od0N3clJ1aGo1VGRjZlk1UTIyS0VKMWFoUzRLUHRSUmFXZzhYcHBFY19n?oc=5,Live Design Online,2026-09-11,negative
The L,NC company avoids $500K fine after years of polluting Cape Fear River - newsobserver.com,https://news.google.com/rss/articles/CBMidkFVX3lxTFAxYzRnU1ZjR29oTktZaFlNZHRvM3lEd3oyN1JtXzVQSmJXNDJmV0VJeGxTWnljc2ljdUYtZnZ6WHRXNzdqcVpGemFNcXh2WUltTnlSc2c3c2hYajBzOUJnaFdMZllmMXdDaG5SOEZxeTgzcDhWdFHSAXZBVV95cUxNZ0hpTUdhNTRCenl0aUpUcjhFNVN1d3FPNnc0TVZoWTRfc2xWOFg1QW9jdzBtQWJqUXR0RkxwTElIa0lwc1I0N0QwcGtKSlV0WnZoUjFIenQ5WFhUTFB1Qlc2VzJDYTRHaFRxZWJ5T1pqbmxRNVdB?oc=5,newsobserver.com,2026-09-11,negative
The L,"Fund+ launches in ADGM to simplify, digitise and accelerate the launch and operation of investment vehicles - The National Law Review",https://news.google.com/rss/articles/CBMisgFBVV95cUxPLW40a1VWNm9Ba2JJdXFIZFNjbjRPT1ZJeUpkNFFmaWZJN0hueF9iNHVUTXpvYWNadVBoZ0lkczY4WGR3UXhwWGpmQjZDVFJwN2RwMjdPTHM5bGRWRjlybjRoVG9MV0RCckNkdlN2RHpzWEcwZDY4SmhlLVR5UDdyUGdxYW8zUlh0aWVSYXd4WVByVFRvWEQ3OE5GbTRNVEEyMWNEZXUyaF8weXhINGFoekVB?oc=5,The National Law Review,2026-09-11,neutral
The L,"L’Anse girls, Jeffers boys win big at Bulldog Invite - - The Mining Gazette",https://news.google.com/rss/articles/CBMirgFBVV95cUxQRGdjWXhkTk1RaTNvR0NKOFNOdUE2Y2FOM3JLazdEUDRZdWN0MllKMzBMa0QxMUpieEc1MXZfS3JvVUFzQlRVUXdWMUpRaE1mVXl3V2xRdDN1MDEtVzE2bHBIZWVkTjZlUVNUVlVrbjdRdUd0U1IydEF2VXBadjVMd0dYWVZVV082T2VhdDBQSlRqN1BXcVZGd3pObGVoYTRpcWJna2NTdVBud0tPZ1E?oc=5,The Mining Gazette,2026-09-11,positive
The L,‘World Suicide Prevention Day’ Hypocrisy - National Review,https://news.google.com/rss/articles/CBMigwFBVV95cUxQdVZaZFBJd0M0U3gxYnB6OVFxbU1XUTRYVkpPcE1tVjNKUDA4TFg5ampTbDIzTTE5T0pEbWdVVWlacjdiQnFtc1hTRlFrR3lBS2hPT1JRNDMzdEJzZFkwVnFEZjJmMVdlN2V4ZFNzZzdacXBFZ0lOTS1tQjVfTVVuUUhhUdIBiAFBVV95cUxPS0c0VEJTUFFwZ1h3TlFDQ3JKYzNIN3Y4SmVtRFYxd05OTFpiVWpHcFYyXzVQdkY1S1JMM0lwaW9LenF4N3lPMWE3QlNOS0JQY1U4bEY3VFpvMWQxZGt1WG1ibHQ2Ym8wdzRIaHA3bktUREpBT2lUT0lOdVJSenRObkQ4bEVBWlA3?oc=5,National Review,2026-09-11,negative
The L,"Attackers Drained 4,000 Bitcoin From Blockstream's Liquid Network. They Say They Are White Hats and Want to Give It Back. - 24/7 Wall St.",https://news.google.com/rss/articles/CBMihwJBVV95cUxPU2RDWEFyQUpjLXM1ekZBektuNDNuUklzVW1XbVV0eW95UEdjSkotOTNVbVFmMzljSlNiMjFWampsNnBkbnNpRHR3c3l3a3Y0TUpwdkllX3lQUUgwTHlQS0gxNThPWHRNQWs3WWQzY0RxdllXczdTdVd2VVpQYlZUU3VvYnZVNUc5MDRDVTdHQXJka094NzFPVlRlcDNtcHZhdzFVNDJoVjRUMEJWVkhWS2d1UGdLdWV3aDJnUE0zZldGOFZoX01TbTB5eVJUbzZQbDhpZDFjWHQ5RmVEdXBHZnhFUndXNVljZlF0aXNia25ZX3d4NVJLNXhJNnhGVjZfVlRWSlhqZw?oc=5,24/7 Wall St.,2026-09-11,negative
The L,L-plates for AI: why the NHS approval model will not stay in healthcare - Resultsense,https://news.google.com/rss/articles/CBMimwFBVV95cUxPaEZ4SXZPaUVObnFldXFfNTUzY19meUxvbFhMWUtzb2lzVDFwdHc2M1ZBeGVOSU1aem1CQ1o4NXhWaE1HUUxJY205M2NUVG1MQUlpTlpCNzRhbEVNcXBoMkkwSWFLbm9HcXJqTWQ3TkZwU1lhTS1GNTdTdFA4WFNOZjloVHU5Nlk1UllaMWVueHB4dWhLMmxaTnRqZw?oc=5,Resultsense,2026-09-11,positive
The L,L/AB c/o Off-White Fall 2026 Campaign - The Impression,https://news.google.com/rss/articles/CBMif0FVX3lxTE1nQVdvbFMtbTh0X00tOXdaNFdSM2lkakNMNThYSng2UmxVM0J2N3ktM0NJWWpVU0RpLVpPT2pCWWtDZHJDdzJjekItYnZVVndJNXR4NmxVMUROaFh1QmRKVGl6Z0wwM3NXek1Xb1dJbkk0SHNRWDRtYkdvNm9DQnM?oc=5,The Impression,2026-09-11,neutral
The L,Bitcoin time-delay locks could prevent bridge bugs from causing total losses: Rootstock co-founder - Cryptonews.net,https://news.google.com/rss/articles/CBMiWEFVX3lxTE51X0I1NndpWXZlVnk3Y2lhOVRobEJSdXV3SXJ4OGYycGttaWJOa3hPcGJ3SjBNZGM2b2hvY2VGallzTHBrdE8yWWx4MGVRcEpZLUg2TURHczU?oc=5,Cryptonews.net,2026-09-11,negative
The L,VIDEO: Ben Chilwell sends brutal 'take the L' message to Fulham fan who called Crystal Palace match-winner a 'Chelsea reject' - Goal.com,https://news.google.com/rss/articles/CBMitwFBVV95cUxQZUE0SnB5aDlFU2MySUIwOXhNcUpWQ2paM01yZ296a1MzajhTOE00ZmVLcWxxMUlqY05IYlhpc1BUQkx1cEFySFJYdWdHVHV3S0hnU1JyOEluNzlmQWhoX1FHY05jTGdGbzlmbVlLMVdqM0VSS2UxOWJHNXJBRlJhWF83OVk2OFZzc2lXUkRFS2xlXzBsVjNvZm5LMXFxbXdUbkEyRzAzcG1SZUsxRWFOWWwxSU13ODQ?oc=5,Goal.com,2026-09-11,negative
The L,Rose Gilroy & Ilene Chaiken Developing OnlyFans Dark Comedy ‘Subs’ With Run-A-Muck - Deadline,https://news.google.com/rss/articles/CBMinwFBVV95cUxOM3VqVHNBWnR3UWRGWW5mQmx5amNSZ2NHNmJLNmt0WHJBVmp5MW9Ca0tvLUVhcU9MdWlIQ0hzYmhFOWd4NDBnQ1BQaDN4dlN1VkdrN2UtRkN6akM1b0RtZUVXNUVZVGFqZnQwLUhpZTF3UkxnY2JxTnhrbnZqeTRrTVVyRHVsTGJ4RkRvZ1Zsdks0TjZzeFhRelBFQUxpWTg?oc=5,Deadline,2026-09-11,positive
The L,Trump Convention Kicks Off to Empty Chairs - The Daily Beast,https://news.google.com/rss/articles/CBMifkFVX3lxTE9Jc1p4YXF1NzhDUkdLWjdnVXdreUlHeUtLYTdiQ0dGek1qTGVzX3QySUVRVWxPNVpOcUp2WE1wYmtjc1M5Z29McV96Q28yZlZiSmx2Y0hYa3Z2bHpmak1jbm9TMTY1S3Y1clpBVjFtTHRTWkpaWUN4TjNHSU5xdw?oc=5,The Daily Beast,2026-09-11,negative
The L,"“Lay Down, Take the L”: Analyst Offers Sage Advice to LSU Amid Legal Battle Over Signing NFL Players - Yahoo Sports",https://news.google.com/rss/articles/CBMif0FVX3lxTE9Ed09OYTZaUXNGS1RMNU9VV3F6M044VjdvLUk3c0Y5MDl2Y3VXZlRKcTVMMmVWNlVLWEgyMHFqMUoxWU52ZHBfLUhHNDBmdVo0bUVWcW5PV3ZYVDdpZzI0dnBpU0NVNWJPY0RwV1lyV21hUlljeWpUakVMM1BPSFE?oc=5,Yahoo Sports,2026-09-11,negative
The L,Galaxy’s Alex Thorn Says Liquid’s Approved-Address Rule Didn’t Stop the Bitcoin Thieves - unchainedcrypto.com,https://news.google.com/rss/articles/CBMiswFBVV95cUxPYzY3MC1IUElvNC13Zk9OOHB3NlhidFNvS1hDVU9tZUlOUXNVVVZDWTkyV25FQmxoRFp2X0lKWDZjdDAyRWw4MGhZcV9RRGNBYklFcjJhMHRaVE54bGl5Y3VaQUY0SzN6YWJ1Qjgxd0pXN2pIWWVLNjhMRkVOeDVBb2pWcmtOSlhyNXQ3ZGdUaTc3Tjl0WWlOcEVfdmt5NFY0Wjc5NTlibFc5WURscWFGaUNaTQ?oc=5,unchainedcrypto.com,2026-09-11,negative
The L,L’Chaim: Dyce – Matusof - COLlive,https://news.google.com/rss/articles/CBMiUkFVX3lxTFBQOGtqOXlzc1RvNnluRm13YnZLLXk1Vy1zRUZGOXBnRi11Y3R6d0VOQWl6Zjhac1ZvcHU0bjFocjE1RmxsdV9NNGpMRi00NnZMM2c?oc=5,COLlive,2026-09-11,neutral
The L,The L’Oréal Paris show returns to the foot of the Eiffel Tower on 28 September 2026 - parisselectbook.com,https://news.google.com/rss/articles/CBMigwFBVV95cUxNcnQ2ampOZTJyVzFGamg1VW9RRXU3emtFY0ZTS2lLOG5Uc1prOFFoeTROUXZQMGEwSGZsd2o2WXJ1Y2VOaDZ6NzBXUG95MjZuSXRpRHhGVFUtQ014cUhmWXNhNlJ6OEhLUjNxR253bWxRV3dOYVNMcGs5cnV6Nkdxa0hkYw?oc=5,parisselectbook.com,2026-09-11,neutral
The L,"Liquid Hackers Return 3,400 Bitcoin Taken via Elements Bug, Still Holding $47M in BTC - The Hacker News",https://news.google.com/rss/articles/CBMifkFVX3lxTE9XUzdMRkNxQlFSelRpemFMZDZsVEpYOHViaXFabkptMlFrcVExcXMyUVkwVWhGTlF0UU1yZlFJRzVsaW1tZEsyMUhaWjlTTWpKVmxWbFVfYkxXc2xHVjBTZndGZndiOFpFaWo4WFlOOVVVdS1zV2FRWjVxTTItdw?oc=5,The Hacker News,2026-09-11,neutral
The L,"The L Word: 22 years on, the sexy lesbian series remains a cornerstone for modern sapphic culture - The Guardian",https://news.google.com/rss/articles/CBMiwAFBVV95cUxQWE43dGI3MFBZb3hORXAwUzh3Um9QU1Y3V3lOeXM4MXFiajNWQTJ2SnRxVFVqOTJnQVhLNTZhOXc0NjhfdnpfVGxLb19BNkxXcWktYXZRTHVPQmEyNWsxRG1ZM2pKLTVoQ0hFbWhPLTJGZDRFLVJYcEpDZURrdGNlNnJKLWVfNXo0ZUFTenM0akMtTlI2SXFnNkdhdE8zZHlsYTRnR0ZqWm5Gb2lTMVBVaGpQVWpha3dQdGRFcVBocjY?oc=5,The Guardian,2026-09-11,positive
The L,$320M Bitcoin Hack: What Really Happened to Liquid Network? - Bitcoin Foundation,https://news.google.com/rss/articles/CBMiogFBVV95cUxOaXdFMGswYk9SeVdqMFQ1eDZCdXg3b2VNeGZHWEFfQ0dkV3hGTGtkbDFMbG9hRHZBSklyT19Wek1sWXZSd1Vac28yZHdCUEt1M05XWG5xbXBZenRLMDA5WW13MEZLb3pBUHV3S01NZVFzUzd0Y2lWa1BMOGNLWXZDVHJOei1BX2xUYjA0LWdMY2FMMEJDSmtUTGZneEhBYVBLNnc?oc=5,Bitcoin Foundation,2026-09-11,neutral
The L,"Ukraine's FP-5 Flamingo Cruise Missile Carries a Bigger Warhead Than an American Tomahawk, Flies 3,000 Kilometers Into Russia, and Costs About $600,000 — Roughly 1 Sixth the Price. - 19FortyFive",https://news.google.com/rss/articles/CBMisgJBVV95cUxNR08yMm1fR1NQS1U3UldBajd6RkVhdnRSSlAxWXMyekpTRVhqc3hoX3J4LVFiQmZXRnRldEN0QmpmQTlEbTZRQ3B0RnllMEkxeFE0WmMtQU5LZDhFYjZ2OWNGYXVUR2M2dnI5dmVUMzd2RXZtbnU3VTZxRlJUTU11bkJnRFdad2pUWWhUejRTWkJKS2stb25JZ2hDckRJSTZMeXVoeFV1Q2FTLTB0UkZSalJCVXcxT0Q2TDBhRVd4RzZfY1hsay1wRGtrcUs0RDBzQTJHaXBpYXI0emJsQndzTXRSYnZrSnZxR2ltT2FzbU5DRVppVUZPbTRmZms0RlJWb0RPM2lQNU9nWkdPTkVzS1k4OXVrRXZaNFoybDh4NVFOS3FYZzVaRXNScXdpRmRBc1E?oc=5,19FortyFive,2026-09-11,neutral
The L,Alert for insects and dust at the l’Arrabassada School in Tarragona: what has the company detected? - Modernet Digital,https://news.google.com/rss/articles/CBMi6gFBVV95cUxPWENzZWhZLW5vU3V0NlkzdGQ2c1JZcllTNFFyVkJJMVJEZTJ0ZDFuaFluMnhhdW5vZE14elVUOTdhaEZLdXI5U3lYd3A3QVVfd3lLdS1TMjYzNmRsei03WDU0YzlTVjJyeEJxeGVCRlc4YjdzbFFrS2RZYmR0RzJxT1lZMXduM1pjYUNXN3JpNDl2Zkt1TlRhWDRXSnptZDZFdFF6TklYdDJJcUxGTmNkNTVMTVBDTmxxMUJDUHdKX01Na0xIWHFJSUVmRlVyUVBUa2R6dHVRTjZwMXNCd1puSW1lYXBrODgta0E?oc=5,Modernet Digital,2026-09-11,positive
The L,"Hanwha broadens Poland defence push beyond artillery with L-SAM, H-SHORAD, counter-drone and laser systems at MSPO 2026 - Defence Industry Europe",https://news.google.com/rss/articles/CBMi3wFBVV95cUxNSFZOTUVIclBuZjdFV2hjbGNDTDdKdGtIeVluTWdrSTBQSWkxbFF0aW43cmNkYmtDSkJjUXB3LVZBZnM3ejhZZ3dOaWU1bldEYXJzdzN3cXJyT0hFNnppMllFekd3Ry1fZXJvVWpkODBvWGtKQTlqdjN1OTRjeS1ya2NRenE3TVA1Q2NjWGhVV25UclpaNkw4VWM0SnBRZ2pHSHJKMTU0NkNzM2JiZWJrVktaMUo1Vm12VFk0M0ZNM2ZUZFhvaWdxNnNaX2xXYl9jVGJxR25kUXlxa1JnT013?oc=5,Defence Industry Europe,2026-09-11,neutral
The L,Trump Convention Takes A Very Literal ‘L’ Moments After Getting Underway - Yahoo News Canada,https://news.google.com/rss/articles/CBMiggFBVV95cUxNMDNYZk40VC00My14UXFqNXd4ZXVyM2lvRkN4VDRhQV8xLWl2WkYzeHQyZ2lraUowelZKS1ZnOVIzWDJEdGRXb1ZuNE84Z3JHejlLZnc5S2pyVjFQZVF3dUlMcG1wQ2Y4YkJqOEhPNllneUNCekZWTlNkOGM1WGtRZHV3?oc=5,Yahoo News Canada,2026-09-11,neutral
The L,Umamusume developer Cygames becomes premier sponsor for Prix de l'Arc de Triomphe - GosuGamers,https://news.google.com/rss/articles/CBMiuwFBVV95cUxOQUVueUE2WlZuemxfUlEybFgyZzB2UW9tNFRqblA5ZWVGV19rMEYydUZHQXVUOFFzcXN3eUREc0szc09sbF9YSWt3S1dsNlhyS3RPdVV2U0hUZWRJQmtBQjU1YTRpWW5mSDd4UUF1TWZNN1VOb1QtcVYzVnFDcHhVV0FiN3JqejhONzlXRUJzLU9uVEFuNzBudlpSdC11XzhYX0FYYjVhc1JTN1NlZ3FyUTBhVU9DZzVhbktz?oc=5,GosuGamers,2026-09-11,neutral
The L,Ferrari Dino Pushes the L-Series Market Higher as Saleen S7 Enters Final Days on duPont REGISTRY Live - duPont REGISTRY News,https://news.google.com/rss/articles/CBMifkFVX3lxTE45QzhteEVyWGFLUUttY1hyOVhTUVhiaHVXTnNaNkJJNUctTWUxSGxIaUVDMUdVRTNSbnpieDFpdlkxUG1LWHFJVjdxZVByMGF2YTdDbHlVY1ktV3Y1bFZKSVpLWDZLUVNESndMVUVteXRMWjFnUjJMUG5sV3hLZw?oc=5,duPont REGISTRY News,2026-09-11,neutral
The L,"""Outside the top 30 strikers!"": Benzema mocks a journalist who belittled his historic standing - Goal.com",https://news.google.com/rss/articles/CBMi1AFBVV95cUxNZF9lbm10Z3YzQlVGeE9DRUNqclo2WWFYcldURVBnVDBjcXh5M0VLODMwRXBPQ1k2T3ZtTk5UYjY1dV9JTFo0dWVyWlpNTFdJRUZmWXpZdHRIUmxaZ0I0SlhJbGhQNkhRdF9hMW9ZUUNpUFVTNTlKb2xqYWM0bWVNaC1laUZld1M1TmRCaXYxUWdnb0EyR1pSQlFYclZ1WUhIMWxENVFTbWZESElldUFySmZEVk9BUmNUeWE0bW1ha2lWemt3RUQ3SnZZSEMzNTloc1ZDZQ?oc=5,Goal.com,2026-09-11,negative
The L,"In New Philadelphia, the ""L"" in LPFM Stands for Local - radioworld.com",https://news.google.com/rss/articles/CBMitAFBVV95cUxOMGp0VHg1RHpGcmdvbWVCMFdKZUpZclVIV2c4cGUyREZoUTUxWVgwVlBuVkF3UW9LbDd1Wmg2Nk56WjloeWFNUHBGcVhqckgxMEszRVRfenZpTy1Hb2Nla0Z3d0tqMF9kNXJ3QXNOd0Y4N2lJc25CM1RzSUdOeWxKa0V1STBDNFpyUzM5el94Q2VJNmhxR29KeVB2NDZ4QWNUcDJWVkFwVGdFLVNpNkRsRXJVRTE?oc=5,radioworld.com,2026-09-11,neutral
The L,L-BTC Backing: Check the Liquid Reserve Yourself - CryptoTicker,https://news.google.com/rss/articles/CBMiZEFVX3lxTE41NmZKNmk3elk5clJLNFVja09HNENVVTd3RHAtd2xBMTBfSkJjQVZQdWRvaUxYZWxfb2t4T0J1WXVFdWF3YnpoN2lnckF2eXdZbGY2SS11QkxxZFJrb2dBbjNQclg?oc=5,CryptoTicker,2026-09-11,neutral
The L,4 THE L sets a tempo in Lindsay - The Sun-Gazette Newspaper,https://news.google.com/rss/articles/CBMiigFBVV95cUxPRmt0QXUyWFJvX3RYa0N5LVU5MzBiRWw3VG9pZTZtSXNmSlMwYWdpTG9FQWI5LUNMMXFGd3A4RFZjam1LdWpGOHY4dXpCaS1TZ1BNUUtwLTRvclI2ZXNRaGJfOExSd0dPc1EybkdXYmM5WEEtQWRGRUdfTEgyQUNIeEw0UDU1bk9FOFE?oc=5,The Sun-Gazette Newspaper,2026-09-11,positive
The L,"'After 20 years testing foundations, I learnt the trick no one tells you about coverage.' - mamamia.com.au",https://news.google.com/rss/articles/CBMiaEFVX3lxTE03eFFSd0UtMFNtcWtkMlFBd0lOVUFTTFp2OWY1V0JwRFJXRlVVVTV1TnBTSmdBNV8xWXZFdktBeHdPMUNOeEswd1RObmJLbVZCbkw1TWxxRHV1UWdvcFVKLXVzMml4bDVw?oc=5,mamamia.com.au,2026-09-11,negative
The L,2026 Ballon d'Or awards nominees revealed - UEFA.com,https://news.google.com/rss/articles/CBMiwwFBVV95cUxQQlJVb1JQblZmY2FjSWxjcDlIXzNnYlJPMjdCWVNKVHdlbUl2VWNDaGZtOWFNUEpmeVZocnpzQmMyLUJveWIySEV5ZjlCMkJ2eDFlR1QwNm5Qb05XdUdjSlVKRmFiVmlXbVpTdW92b20xekZReTRoU1YtbHREYVpMRzY0WndWVl9XN20xWXJWaUNDMmk2Y0VyMUhtWkNqNHlpWVFjOEd1VlN1VXQ0VU92UzFmMUF2bll0RFdFaHY5QS1ldk0?oc=5,UEFA.com,2026-09-11,positive
The L,15 Video Game Mysteries Answered Years Later – Page 4 - WhatCulture.com,https://news.google.com/rss/articles/CBMiigFBVV95cUxOOEk4VGczejVGc3J6b3ZKb0N0SWw2M01YcEhLR2VZeW9aLVBOSHFCYU54STVZM1pvcXFIYVZJTk4tRnlocXREMDdUWUF5d2p5dW5aVVhJV3gwTGZ1NWE0NHpKNk1WOTd2ZTVXcmlhQm1HNGFsNThsQXdhUGJQLWpzbkc0cjZUNW02MVE?oc=5,WhatCulture.com,2026-09-11,neutral
The T,3 takeaways from stories on teens’ reliance on AI for mental health support - EdSource,https://news.google.com/rss/articles/CBMibkFVX3lxTE84aG04VFVSYmhVamR2UXhyaGN2ZU5XNzVCRVZsOHVJUTMtSndxOTdBX2tIZ2MzeWg4YTZjcnUzQ1RzTkpyM2h5anlwRmZjZXJCaVFBVEF6cEZnbVczT0xBbkh2WWVvZXBXMTM4ZlB30gF2QVVfeXFMTkJPdmxKcWFRSlNrUTR5V01uZjZrTFllLVRZQ0JUR25TRzJwaFA3X2FpQ3JqNnY3ZWRGZUFIbGo3Ri1ES2FoUHlHOFhEVEQ0azNNVkhSWXlsRGFfemlFUVlLNjFSbGRBdmlmVUNiN01uMW9zTTNLQQ?oc=5,EdSource,2026-09-11,positive
The T,UCLA scientists turn cord blood into powerful cancer-fighting T cells - Science Daily,https://news.google.com/rss/articles/CBMib0FVX3lxTE8xcjAwRTBycVhhdEJtZ1hkeWJQdXdmOEY1aWNJR3NjN0VXbFNsMTZQZ0p0R3hvNUF5bDk5Q0xQSWctcEE1cXo1SXhyOTZPdGduWjd3cUV4OUxkUEhobVQwbXFqdmdRci15bG9XZExGSQ?oc=5,Science Daily,2026-09-11,positive
The T,"For JJ Jansen, 277 (and counting) isn't the only big number - Carolina Panthers",https://news.google.com/rss/articles/CBMixAFBVV95cUxONDdfSmN1d0VEdU9HMldYNFpKZkdJcGNzY1BvclQxTHlIWmhLVXRCbmM0MmdTYTZLTVcwN3NYZ05YSkdsbEVVd21yaDNZLVVnZE9LdXhweGlLR1ZNTTN0TnQ5enpMRERTS2lEWnVnZ0JINnlYMGUtOXFaSmlkY3IyelZDam5QSV9mSkhsX01SMXNtRlNqcXZfT1pzamx0SC1GOWNhYzZoSW5xWHI1NWZBWGN1UVVlM2hxSmdIeThIMnZON1dO?oc=5,Carolina Panthers,2026-09-11,positive
The T,This 2024 GMA T.50 Hypercar Has Been Driven 62 Miles. Now It Could Fetch Over $6 Million at Auction. - robbreport.com,https://news.google.com/rss/articles/CBMikwFBVV95cUxQYWVNa3B3MkYtV1hNeFEtOG00cDk1c21oX3Jaa24wWGZ3b3NIM3hkcWduQUFFXzE0WHVmYTl3a1p1dUhWOGZDMU4wamdaV2w5b1NOQTNzRHJrcTNnQVY1dlhuczk5ZVlrM0NmN1pNTVp6QU5PNGhLeWc4SGV1UGI5MDVfNVg2aHgyS0t1TVVEYzJnSW8?oc=5,robbreport.com,2026-09-11,neutral
The T,Fix Medicare to finally balance America's budget | Ross Marchand - The Times and Democrat,https://news.google.com/rss/articles/CBMijgFBVV95cUxPamhuQWYxN1pKcXdNdmIwQVpxVno2cEhiTW1pYzRJTDNLZVgwWTJYYVpvVUhWLUJ5dGtKSG9JNVIwV0VYQmNkMFVVd2lFV2xXeExlbjhMNzBmVnFZZndLTlJaYWZ0emoyNlJQYkRHZndZWDR2b2poNTdxSTQtWXd2dTM3Z2pUVzd5UmdlRS1n?oc=5,The Times and Democrat,2026-09-11,neutral
The T,Study shows T+1 preparedness gap - Funds Europe,https://news.google.com/rss/articles/CBMiaEFVX3lxTE9kLWlIY053VkJDaTQ3TXppWkZNemVWZzE1WEFMVmRGWFJzU1JfU1F2amFEcm9TSzE0U1VpZ1BFNUN0eVB0OGxiNFN0Y1dRZGNZUUpoc2djSmdxdEpETnZpclpFV0p4TGd3?oc=5,Funds Europe,2026-09-11,neutral
The T,Scientists uncover first known adult T. rex trackway dating back 66.5 million years - FOX Weather,https://news.google.com/rss/articles/CBMimgFBVV95cUxQWlRiZnlWZEhUSEJob0hMdW5KSkNxdG9NdU81NXdaRHZkS3FDb1U5S01jOC1NTDhsbFBmMU1pdXhRbVBhYk8ybzNqRS02c0JWTkplbzdUaWhmdWRxWV80UmtYMVZXRC11QUMzZFlZVGR0WWRiYWt6c3hhRlNjbERjcnRRYjRZdlRXTUtyVS1zcVZqZEhfRDdEYXl30gGfAUFVX3lxTE8td1lSQ0E1NFBhNlVKYk9OS1paUWZwZkd5QXY1VmxDblF3VmEtdl9nWlU5TUZyREdkWWttdTN6VU85a0JseDV6SjBSc3VJQU9lMm9IZmFyZGxFR3NiMkRmSzJ5Z3h3bEs3QWZDSG5Ub2t3dkFDLS1rYVdPZ09hQmZCUDVlZ2pSeDFGSEdPcFJxN0VCZjJLay1JUkd4QkZ1NA?oc=5,FOX Weather,2026-09-11,neutral
The T,Communicating CAR T Secondary Malignancy Risks in Hematologic Oncology - CancerNetwork,https://news.google.com/rss/articles/CBMiqAFBVV95cUxPaFJkaUtKQ0MzYk41RFF6WTdTRkl6cENEelhqT0VwWllack9mR3JVN0lZa1hvbnA4NE5JeDRkT3otNEUtS2RmZU1KNWJKaWRDaHlacFd5bVJ6SlhkeFRPWFJQVWVmcldBZl9IM2xiWUdwdTI5WUFaaUhjVFZBUXFUWl9MWjd6V056S3N5Tmhfa2JZQ2cxaUZaS3hkYWs5TW1HLVM1MDNjVUI?oc=5,CancerNetwork,2026-09-11,negative
The T,See 10 sandwiches in RI you've got to try - providencejournal.com,https://news.google.com/rss/articles/CBMi8wFBVV95cUxNMTFZSEtWUHdkRWFhdlFZcFBsOTJmT28yWHVGcElBZUhndEpuc3paTGYzSlVUd2pkN2pud3BBLWRQdlZwZVZ3d1lReEVYSFZoZzdLcE03Z09obkNUMHVGWVB6bUg2aC10R05IeEhsZ3dERmY0SHd5TnBDSFVwaHhHY3BnZWc3emhTYXdCc3ZzTW01NmpoU3NmaXZrNVpnVkdwUU5sZEtkNlNDcGhzY2pSRW1NWVVROW1vaUxJZkpHRTE2WE1WU0tzcHhWNVZkcFg4cVVLdXBoX0VBWHhyOGE0dnVzM3kyZXdoNFREdzBKbG8zbGM?oc=5,providencejournal.com,2026-09-11,neutral
The T,"Monstrous Wendy’s burger returns, daring customers to devour 9 patties in 9 minutes - 930 WFMD Free Talk",https://news.google.com/rss/articles/CBMitAFBVV95cUxQam5pcXhaZDk1UHM2d25YOUFZakJoTElpUy1PcHo0ekFEaGZJOWxzTzZrbV9IenJGYWlKRE1VNGZxYVQ2amVLR3dZX1hhRElMaWkxOXNCYmJqZTlrVXp3NGNFY2ZwUzBLTVRMX2pJbm5qdFdpbUxCZEVJYllpWUd2LVlSeFJselFPclZuaXR4Mko1eUx5d25qVU9WVmpEQThJTlFNR0lSX0pEeW1JU3RIcVRsMHU?oc=5,930 WFMD Free Talk,2026-09-11,positive
The T,Can You Draw a T. Rex Correctly? - National Geographic,https://news.google.com/rss/articles/CBMikgFBVV95cUxOemxmZWRPeWh2WndnUV9DcU5zWlVBREdkODFWYldxczZlcHR0eTRyaUx4dnd2R3YtY2dFa1RlWWR0U1U1YVF6bEk1T1lPLW96dGN1SW1kNnpDM093QThTSUFmaXl2MjVSZHoxOU1uMlM0eUoxM3F4NWdXYlp0M3dnYlpKWmlDd3YzTUs1TjBsa29yQQ?oc=5,National Geographic,2026-09-11,neutral
The T,The T put high-tech fare gates at South Station. Some can't be used when it rains - WBUR,https://news.google.com/rss/articles/CBMifkFVX3lxTE5URHU0TTMxWWhvcW5fRlllTkstTUwwWUdMdHpGR2R4YlUxZDBkWFl1Q19CSVo1UEJONnJGRGF5azdfLWppZFlpUXJxVmNwNEt0d2FsRWsxTzA2alhKMlNSLTh5clRMQ0YzalVVdjRYWUhsQUhla1c0ZEh1aFlZQQ?oc=5,WBUR,2026-09-11,neutral
The T,"Overall infection risk similar with CAR T, bispecific antibody therapy - Rare Cancer News",https://news.google.com/rss/articles/CBMingFBVV95cUxQNktsNk1Dc2VwbkJGNElUNVJybi01UFdiZy1oWF9kVDFjMFR2VklkYl9RdTVuOWE1YjFZRlRpbGM0cElCeWtvSVNSM2d5cVV2QTBENk9Zdmh5YVJ0akpOQzZUQWhjRGoyWGZjNzdUTldma1RnVTNXNmR1a3g4OHlNWmxDWF9FTXc5LUZpTUlnaTh5T3c2bHlkb1ZSRHRhdw?oc=5,Rare Cancer News,2026-09-11,negative
The T,"Elmer Davis, longtime Booker T. Washington band director, remembered for generations of influence - News On 6",https://news.google.com/rss/articles/CBMi1AFBVV95cUxOblVnbEE3c19nNE44Tms4VzdyOHdSQ2VBNENpUmoyWExabVdxRUtxbWE2MFlSOHFpcGNHU0Ryc1d3Q2F6WFQzbkF5clE1MWZrUHJXeEx0Y2U3aHVYQnBHeFc5T0hqc2FSTFJBaENIM0xjSTZTYm9NeXk4Y3lneEwyNV80SUZHWTVCcUJNS2lJTUU1eFlNX0tRSXZFelRlb1dtVEl4UkZEMi1kSmxfRDN3bW9jQ1lXQ1kxYUt0SzN6bW9RdkU4SXotNTB0d29TMkRXQ0xnWA?oc=5,News On 6,2026-09-11,neutral
The T,T. ROWE PRICE WORKS WITH ANTHROPIC TO BRING CLAUDE TO MORE OF ITS INVESTMENT PROCESS - PR Newswire,https://news.google.com/rss/articles/CBMi1gFBVV95cUxPMUtuQkdXQW53Mm10enJDdzd4WHVZY2dtQzFGaTBHQTdQRXk5ejRCVFpjVmQ3Tng0VHV1V2c1NVI5Mkk5X0QybkZXTW1aTHlXTDhlYlJmNmY2cWI4TDJBNWt2WWJFdV96dXJPTE1GOGdzYTlvZ2I4RXc4OExnSy0tdGI1ZklVLV9yMFN0Q19EbGRPcnE2S3BvUjBJR3NZTUVVeVlnNzhTb3B6MF9jYlJJM0ZwTXB5U21HOVRTZGlwOEpTbkdjM2IyVDBfM3U3YzZsOGlORlBn?oc=5,PR Newswire,2026-09-11,neutral
The T,"Monstrous Wendy's burger returns, daring customers to devour 9 patties in 9 minutes - foxnews.com",https://news.google.com/rss/articles/CBMirwFBVV95cUxNUUctSkxXT2xLWGxLTkNURGQ5M3JWOThBU2Q0SDlLczVRTGtvM2l3ZlNYNG1pVC1sZ05YVFRHbl9QcUtDcG4zNE1kYUdSZS1hUUo2Qnp6bWNYS3FLZDNlNEtiX0U3TldnaWFmUFlhT1JvQ3NFaGRqYTVrcU5mSTJ4Uk9VSXF0STFmVzRZcHlocHFSemlRR28zWUxYc0pUV3puQWI0LWJweE1ieV9NX2k00gG0AUFVX3lxTFBVcHFWZjhselFDLUh0UDlEVHB0TkYwOTFZZjhIb3R4bkNjZDZLX1NUck5vT3MtUk5jRzNvNHlhZDJQNU1hMlFNZUxoWVh6VkFMeFdld0haZjQyS2JBQnllUUZfbU1DM01MeDloZHBDaGFfX0RBYURlcnk1Z0hSSWd3UzUxUGQxaWN6TkZpcUxuRzNBTERmUHBoMG12Szk3RjhnNjI1Tm5CU2M5ZFRZakVKMkU4OA?oc=5,foxnews.com,2026-09-11,positive
The T,Jonathan Kuminga picked the Timberwolves for the on-court fit and the genuine connection he felt - AP News,https://news.google.com/rss/articles/CBMikwFBVV95cUxQWTNtZ0hkbk84R3VsVmk3UWVEVkxwWnc1cENva09DZjdWQ2lXbHNSZDZxMVlSZ3otcEdTOWV0c0VXV2RzQnJGdEdweThtbzNKVG4zUVhNNXFjMTNTZTNjeFFtMGxSYXBsb3BzZGRVYWVJQmdmc1E2RmFUbW1abHh1c2NEeGlPQU9ucTlFamN6cTBaY1E?oc=5,AP News,2026-09-11,positive
The T,A Gordon Murray Automotive T.50 Hypercar in Photos - robbreport.com,https://news.google.com/rss/articles/CBMipgFBVV95cUxOQ3BfODdrVTNaSTVOOEdWQnVUb2JNNGl3MG5MM3J3dXdWUlZFTklGMjc5ZlU3TXdkOWZZRGpyQXR5clRyS3VNbmJSZjNuSHVBQk02ZlVTb3dZNWFOcWJjOHNBTlVGMkFhRmlja29mMHBWbHRUalMzZExxU1dXRFAtbXdKZGRpOHhkRjZrYmdpNm5nUFNjVVA3anNNUVNod1pLVHIyTEZR?oc=5,robbreport.com,2026-09-11,neutral
The T,"US average diesel price passes $6 a gallon for the first time, GasBuddy says - The Times and Democrat",https://news.google.com/rss/articles/CBMikgFBVV95cUxNM2NHbmltaWJfOE5KR1BRd0xQbDlxVG1YSzdBNXJYdFlRTzJHNjVNNEppQm4xUjl6MkFSVHJEV1RNcUc1NlI1ZU1fYTEtUzNISWg1YnBra0VrSG9YVGhnVnJXX3paNGxzWDZSQ21IUmJxMXZ5bG1DZDVQalZ3RHdXUWp3R3VoZ2VMaXlXYUoyYkltQQ?oc=5,The Times and Democrat,2026-09-11,neutral
The T,"When the world felt uncertain, Boston gave me a place to become myself - WBUR",https://news.google.com/rss/articles/CBMiowFBVV95cUxQMWktNFZTZUdIeXliRW5yZGJBZUhxQ1NKdUU0R0tIaGR3RUIzS2taWE5BaXN5WFFqNE1mSmdtYlFrR0c4YThEWHl3QUxBUDZYbXVlbmE5R1ZQZHR1ZlVrd09ZWm5nTUhodTdtT2JCNnI4NkRwV2hqYkVaVUJYMHAxSXZTMEpfN01OVDF6cWt2QmFtYkNET2I5R0RBYVBQT21aVkhV?oc=5,WBUR,2026-09-11,negative
The T,Three keys to Iowa football’s Cy-Hawk game Saturday night - thegazette.com,https://news.google.com/rss/articles/CBMi9gFBVV95cUxOQzM0LVppOXduSGplbW1KZGVVNnJHdWxlOWJPcU9sQUg0SXc3eWpFOUZXY3lZZDJTN2hBenpQdUpabmloQWFrM0c3Yl92SU5MOU5nczN6MzBnUV8yVkRRSWk3Q3dzU2VVVUJGWHdrQkI3M2V6S1ZYaGZveXlJY240LWNSaXVfaVpsN1pvczc4cXNId2hJemU5Tm9ncHhySHNkajBoeTVuSUxOVmpKMTI4YWRLWk1zNkp3M2FvMWlrN3QzUml3S1NpTmlkeTU3TE9udThwcmhYazA1V2wxWHdCYThMQXBCUS1ILXFmNmo5aFFiUjAtdkE?oc=5,thegazette.com,2026-09-11,neutral
The T,The New $25 Per Month Postpaid T-Mobile Plan Hidden In Walmart Stores - The Mobile Report,https://news.google.com/rss/articles/CBMinAFBVV95cUxNQkxfb1htUW1EWnotZXkybERuOVlQMFZ4d0tVMEVtVVJPNWZWRnBkaGFIZGEtOW1NbWJwMXd6YU80Z2Vpd0Ezbldoak9TOWNBMDZBR2RkelFWbmhIVC11LXRGejhBeWg3U2o0SGNpd3YzRkVOUXRiZ2ZTT2U3aWJyUFVlQmJleTBodVZxQ0c3NmlfVlFySW4wdFdJUnE?oc=5,The Mobile Report,2026-09-11,neutral
The T,"Call for Proposals: T Cell Based Vaccines and Biologics in Infectious Diseases, Cancer and Autoimmune Diseases (India) - fundsforngos.org",https://news.google.com/rss/articles/CBMi6AFBVV95cUxOQzV5TV9fRENLdmlXQzd2QU12dktvRmhwS1AxYk9SUkt6RU85Q2RzSnEzYjlISkRHb0lSM0hCOXgwQjdjN2IyV0JhRkNsSDNvb2swVURkTEN6Y1RxV01vQmhpak5MQ2s5Y1dydmxFS1NQbXVIZlFlMWhDbkdITHBvRjg4WGRJV1JDU0hka1Q1enM0TlRjOHhHcXdUbG9WSXlwUW5Qb29saTRoOUl2ME53S3FhMjRsTXJzOTU1ZnNIRVM5RERfZTFzZ3RKamhNcERRRXFkbzItNjlOQkUwTTU3djk2N2JlU2Ew0gHuAUFVX3lxTFBBTllJYTlTb2xyV3FmSWE3cTViQkNKUXFnQnJvcnFNQXhObEMzVmk4ckxZVVVIZV8wYXJEZW5qYWduUWZkZlMwN0NfVHF3a3hMeE8tVEtWdlRBLVNLM1dUMnN2bnY4V0ZjRWNNdkliV2lpZHJlUWVtcExEWTRlN29STUt6R1Z4dEJrMXpPc0x3cGk0ZGtZZThKZnc1WUt1OEY5dVNXY0x4d215c0hhLWx3SjJ2T0RrYzNEbkFIQmVocmZFazB5YkxxWVB3OGJMaTVNcDg5cDhNZWlvVlFTWVNTYjFoSjlhMUxGc2JlTGc?oc=5,fundsforngos.org,2026-09-11,negative
The T,Another Major Orange Line Shutdown Begins Thursday - Streetsblog Massachusetts,https://news.google.com/rss/articles/CBMilAFBVV95cUxOUEtST04yNjh3SUdydHE1T0o2X2pVRTZTY1Bkb1AzVXA2alNLbVV2UWJtTFZtQ291d1dXanltWmo1cXIwTG9HY3NUcDNGSFhTSU1JcEF5X0hRanhXTkdkenNFNjQ5MkJuTWZNTXdUbVBfOWZyU3p0aHFGR1k0YVVqRVJKWkd2Y21VNlJNelhEdjZ4RWZm?oc=5,Streetsblog Massachusetts,2026-09-11,neutral
The T,Man accused in attempted burglary of Eagles RB Saquon Barkley's home accused in another break-in - 6abc Philadelphia,https://news.google.com/rss/articles/CBMiqwFBVV95cUxOd0t5YjJ6R1pqQjEzYU9vbXBobGVUUlpSOHc2c0tlQW5jbzJfT1NlVUtmTmtsYVBQRTBMMzFfRFhqZUNaNHFlYklaMnV3Z1hJVWpuY2MyNFJveTRCVlE5a0JJb3pmTm9iTVJ6RDZuRFRDSEJYRUx6SkZ0THNEalh2OTR0ZVhaeWFEMXFMMzR2UzcwVTduREZNTHZYcmZtWDhoQi0zSFFXa0ZuemvSAbABQVVfeXFMTnZxc2ZDNTJzSDBsZVQ5RTFXbm1jQ0ttYWJzOThjOEVoXzVQc1N4WGJKTmY0LVhQV0hYSGRNODdMZF9rZjBzcFphZVUtSlExck9SVmVXRzdKUnhZV1g2Znlpa2hibW5wYm50N21HcnNwU19yZ19YTENDMFZ6Sm5YS1Z6V0hibmM1YTByS2k0Y3hGNGprYUpYZktfbDdDRkYyMkN3TzVwS2lKVzdwNVhGUzQ?oc=5,6abc Philadelphia,2026-09-11,negative
The T,"1995 Volvo 850 T-5R Wagon for Sale With 168,600 Miles - Autoblog",https://news.google.com/rss/articles/CBMikAFBVV95cUxNM2FIQ3ZFbWVoZGlzM2thVTIwZ2VsVkVvdDhuOEZfV3E1LUNtMUFydFdhS0djcTg4Wm9xRExxenFXUnlQQ0IyMl9Md0VCZlFNTG45aC1CTTdxbk9WdUNkYWhpYVR1ZDVaXzNfNTRzZnExdDZWNEg1U2FvYVR6RGFqV3BYVEkzX1FpWjdDZkF1d2k?oc=5,Autoblog,2026-09-11,neutral
The T,A bleeding-edge breakthrough for blood cancer patients - Stanford Medicine,https://news.google.com/rss/articles/CBMipgFBVV95cUxPN2pVR0pSZFcxa3Y2RTFlSTZ1MlYwTXFudmp0WTloUnJfbk9iWG5kREhzbk9pTjhHZVRDM0xZWTlXM0l0NmxlRHM3eFZ5dzR2cHNfN3pnczhibG8tY2NiQjFacm4tN3BKZ25sTkVnNTNyN2NxMkVRZHlTT2ZNY0V3MGlhZk9VbHdMbmVDZDFaV3d4NFk3YTU1ZGJiajBlaUp3eHlvTmVB?oc=5,Stanford Medicine,2026-09-11,negative
The T,T-Mobile’s Latest Home Internet Deal Gets You One Month of Service — Plus AirPods 4 or Up to $200 Back - The Hollywood Reporter,https://news.google.com/rss/articles/CBMiwgFBVV95cUxOQnhiTmNvMDhfN1NWdExDYnhQY3YwWlBKdnl2OVNmcklwdzhsZ29fY1RZTG5taWlvaXlLbzEwRmlCTTBnMHBTMU1yd01NS0lDblN6c3BIbjhjZUFMUVBxNFgwa0RGZ0N0UXRJbG4xRVI3dzg1ZGJHUFJHSV8yYjRJOVZHSl9PQTd6bm1SNXdtczY2UkVfaHpaejdGc3gwd0FsVVR4UzhnUXhndlQ1Wk1KNUNpSWh0OXY0Z2lZWnRJOHJnZw?oc=5,The Hollywood Reporter,2026-09-11,neutral
The T,"In Paris, a Moody New Korean Bistro - The New York Times",https://news.google.com/rss/articles/CBMilAFBVV95cUxPVEdLVGFGeFRCY2gzbjFESU44bkVaVDlYZ0l5UU5yY1cwTzBDajVJNUQxaDBrUUd2QWxGRW5UdS0ydklkNDRXcFZRakdPZGJhVHVFQk5aeVVVRHdaSGkyUEVFZ3ltSnd3S3lCTDhfSmNJOHVwWlR0eVZmSFlXSkFhbTVLMVY0UEMwUWw0UTNDUEJTelFj?oc=5,The New York Times,2026-09-11,negative
The T,America's $40 trillion debt exposes a conservative failure | Cameron Smith - The Times and Democrat,https://news.google.com/rss/articles/CBMijgFBVV95cUxPc3VEVkFZWkVFRlhncVZMRUl2ckVSMWRZU093NzZIMzZYRHFqRUdsOU9kR2ZWSkFBaGJfck0zUGFic3Y2b2FqaFVwYmtHSnlEMzVyVnJ6M21LMkNmcXdXQmp3WTgxUUVvV3lnbnpIaVBNNTBxT1RwYmhnUV9GWjIzV0Q0OFJsRDNBWEE0Nmln?oc=5,The Times and Democrat,2026-09-11,negative
The T,Russia T-80BVM Tank Gets All-New Steel Cage for Protection Against Drones - Defensemirror.com,https://news.google.com/rss/articles/CBMirwFBVV95cUxPOGN4bzI3Y05LS0laNDFKSFVGd19RUWJmVjdSWFdjVy1MdkQzTjBXak0ycVVCLVZwLW5xblBHUlduVXIwNm1EVHp1dVhvRlVDakF4T3pLVUdDYld5Ql85bGRvVXBFSzZWRTFZdkM0Nml5UU44MVR4T1l3akltSEF3NjNkUEN0M0hFOXU0Wnh2ZWRzWm1oeVg0RFR5VHAyU1VDOUswNWh3LVItSDN6eXVz?oc=5,Defensemirror.com,2026-09-11,neutral
The T,These dinosaur fossils reveal that T. rex wasn’t the only king - New Scientist,https://news.google.com/rss/articles/CBMipwFBVV95cUxPaVVzamlZZlc5R0VESXpLNUZRUE5acnNkUEpSYmZlR0lrNmg4MUlnbVAzWG42aXpja3J5U2pKWUZQckJuTEd5U3ZYaTU5UGVHU3ZVamNESUNBZV8tT0ZxN3VQSEtUanMxSE9rYzg4dlhmOVpfeEhQYjEzd09FUEZmY01Wd3k5d1NpaWN4c0M3Yzc1ZklGdmdLSUxxcGJLOWVLYk1sbEJQQQ?oc=5,New Scientist,2026-09-11,neutral
The T,BOFH: Oh no! The CMS ate 500 pages of corporate documentation - The Register,https://news.google.com/rss/articles/CBMisAFBVV95cUxPV0FvdzFPbjBrcl9Pd0NCT3JlajdaX0xOaU1PR1BBVjQxcWJPV00xUWd2OEU5YzB3VzVnVlhuVk9mTkZ2Vk5ocjBVR3czMVltaThsUjFmRTlGSEp5c0xmVGcwM05MUE9qelphaHhVTFAzTjV0ZUF0STVBXzE1a1BVMzloZXhua0lmUjdpdkRQeU1KcEFvMi1LOXZGVjRWRDhXbWg3dVdMTG1uYkRUc0lOVA?oc=5,The Register,2026-09-11,neutral
The T,Kids are invited to design the official KREM Cares Tom’s Turkey Drive t-shirt for 2026! - krem.com,https://news.google.com/rss/articles/CBMi3gFBVV95cUxONDFlbXdfT1pvTEhvSGw4QXg3ZVFhTTRzT0tBOXU5TC1VVFRsa0ROeG1Zck80UUFMcGtPQ3B4QjNET01wakkwVXRhZUN0RnBteTN5OG9EeThCTVE4LTU1bHJiVEgzeVhCTThSS0JEOThYOVVWazJRRjhpbTRXdGNJMENfM010eG1Vc2owaU1RSmFSSGVibGJ0TXplV2RhdGF2UmJnV2NxV0FDSFNjUjNkQVdpNF9sSFNCUGRSSV8xTXE5SXZxSENWanJxNThHOU5QdVF3U01aWFA0NlgyZnc?oc=5,krem.com,2026-09-11,positive
The T,Windham High School Competes In T-Mobile’s Friday Night 5G Lights Contest - Weekly Villager,https://news.google.com/rss/articles/CBMiogFBVV95cUxQMl9nNm55MTZBVHZFdjcwQ1FhRlc4ZnZwX1NDWlEtRFlJVzhiNjdPZjZEV0hiU1U2b0NSd09YTWdkLVZWbDU2ODh5RllvWm5qazF3b3FXZUxDeFhKRVZSbS1sc0pTcHozbVRXZjZGNXFHMGo0WFdTa0VDNU13cWNMdVhET2hLOU5JUkdUdnlzbFdzczdBVElEN0JvdEZDVTRLa3c?oc=5,Weekly Villager,2026-09-11,neutral
The T,T Mobile (TMUS) Stock Looks Reasonable On Earnings But Strong On Returns - simplywall.st,https://news.google.com/rss/articles/CBMixwFBVV95cUxOd3pWbHMtMlY1MC1pQXZzMkdKb3ZKNGhrYXc3UnJKVUlrMkNaaVNfdUNSX1lkc0VfQlpMRVlmRFFJMXdoQjlhWnlGd3dYTnhxVDktTWh2c3J0b0trNEpSQS1CbWQzM1pKNXVzWDlRN1VFNGkxX2dnOXlWTmpwWDl4T2dhNm55c2F0Q2pLSnJ3WmNqNWtadmt6eUJoQ3I2MmE1RnhUX1BxSGpQWXFpS2YtZlc3MnB4Y2lqMXVLZ0ZBdWVpdTNuRTI40gHMAUFVX3lxTFB2alFubDVCWXRMa2Uxc1R3VllBLUJXek44TThNR3B0LU1maGZrM2F4SlBmVlBxU2VGOHJhME1HLUxPcDFONHNFcjV0aml6eW1SUGxLVkJrb1NQclJidm9MaXRPbE0wa2JZcXR4X0xmYkJjNkV4Z19IRDMxY1VweEQtMUxOSGgyZlp1SHBwaXRKNGEtQ1J2VTd4VWV0cU5FTXdfUTdLeThSa1l4N003VUUxb3RYbEl2MFdmS2cyNHpYV243UTJQdl85YVN2Rw?oc=5,simplywall.st,2026-09-11,positive
The T,"Colorado scientists make history, uncover Tyrannosaurus rex footprints - 9News",https://news.google.com/rss/articles/CBMi2gFBVV95cUxOSVZKUWJmM1RhQU9nYlZaVV9CemoyWEpheXVPNVRkWVpPOGN6UmMwREdsNVBfVUVVT09tQ21WYzZUR1Z6dE5kVjNqNkRwS0k0NUNadk41N2l5TUYteXZqbzZiZDNwemhnZkZ3OGpBOWhsYWhoTnVGMDBCeHVvTFR4alVWR1Zod3owRzhkOERrbEhFNDFVay1pdTNwX1RkdXJYRE9faEdicEdMVm82ajhIVWU5eWZpdTlSUGdILWhRYmMwaTM3U3d2VkJQalk2WUc2YS1mcUFvZGhOQQ?oc=5,9News,2026-09-11,neutral
The T,A 5-day partial Orange Line closure begins Thursday south of Back Bay - WBUR,https://news.google.com/rss/articles/CBMikgFBVV95cUxPbjdiR29VVmFFc3NnYVRqaktfZVlTcHhWLVBXRzMzb3ZfWWd1bFBiV1lIc0xVajR1Qy0zN0NiN2hNMzN3RS1pZmFJUzVHT0hPVnRrc0t0UTZFV0ZiVEQwUWx0U1BLX2h6dmNDVFc4VmNCTGx1ZXQ3emE1VmY4a25qdm1wQ251VTZHeFA5U2pIcEEzQQ?oc=5,WBUR,2026-09-11,neutral
The T,Why being ‘fortunate’ is more than just a T-shirt slogan for former WWE star Mosh - 930 WFMD Free Talk,https://news.google.com/rss/articles/CBMisgFBVV95cUxNQzdJd0RuVVpvSTd6VlIxMDN1WlFCM1M5WGYzbng5WS1RdDczOEx3eUNaZjNwLTZqT01CTXZsN053YlZ1amtNWnU5N0tFLTE1dzJqcnREWkxtR3dRQlIxU0c4bGVXaG9xRHZRQlBsNXZnWFNtY0REV29jSENiOTd1LVNzYUdkeUlzaEs5NmlKU0FkLTZrLWY4MXhnNnpoX2NMZkhMR2dsQXdGWGhnYkZ3d2Vn?oc=5,930 WFMD Free Talk,2026-09-11,positive
The T,The rage of Ryan Garcia: ‘I took it out on the world and life and myself’ - The New York Times,https://news.google.com/rss/articles/CBMihwFBVV95cUxNcVJFb3FJRlg3MEpFMXY3QVdabmZmMnBKU2ZFNWNvMGRlM25qZzN5R0ZJQ01JZnY2RGJGb3hlUHpUbkhTcE5YcnBsNS1KRHdGUkJ6Z0l6cFdrOG00NXRHUnJrWW1ta2RYdzFmVmV2T0xfbGkzUUdidFVadEdjOFVtRnZxU05iMFE?oc=5,The New York Times,2026-09-11,negative
The T,How Kansas City’s ‘Big Slick’ charity weekend solidified Rob Riggle’s new horror-comedy movie - KCTV,https://news.google.com/rss/articles/CBMiwAFBVV95cUxPZFBsamx1U0tIRElLaExFbHY3OEdsTTByTUFwQUZsR3JCM1VoVEJBRkFlQWg3cy1QY0NaZHVPR29VOE1oYjhnaXpBdmNRTGlLSEZjbmt4Z1ZZNnA1Wmtaem9UZFNsdDJINUl3Y2dVVFdYeGliZ0tzb0J3aUdENk5xMDM1aE56VEdmblhWQXkyOWhtM0FSN1ZJTENpNFUycTBXWjFnTkZwblB1NGp2ZGRZbkVDXzZkQk91Qm5iT1FXUG_SAdQBQVVfeXFMTmt2YUlaank4bzctc0F0enVYNTc3MEtfRlRzOWNNQjQxTzJKS0JlUi1xUWI0TllNZzhBdF9xd0tHS2d2RjV5UXFIeS14WXVwQVhSa0NrR3BQSFo5R0JnTFRFcjQ1NW02NHBPUzBmNkp4R1BmLUhCTHctQWgxOHkzaGQtTXgxQmwyVVJ1N1RtTlMzdGtVUkhDQnZiRmJVeVUwRGRkVkVVRXlITFBpbkpVVzJFRXdKczJjT1VvcXN2bDZlYURMbWo5aGRqVWdlZ21KMlVDMjA?oc=5,KCTV,2026-09-11,negative
The T,T-Mobile CFO: Starlink Mobile Can't Even Pierce a Tesla Windshield - BASENOR - Tesla Accessories,https://news.google.com/rss/articles/CBMioAFBVV95cUxPdklFTm1EX0pUcGxUcUowalRuZm15amVwRU10Y0RXUG8xUjdiRlh5U0p1VFVkTlNqd2RZOVBCaFQ4VDJ0ZHZ5Yi1HdjIwRjMySUE5RGplazVwcTNFNXdnYjc4S1NqMGNJTVBWZjlZbTIzenZFYkZKQndHZ2QtM0F2dFl3dlA3c1I3dTM4aW1Xelh2RmVfZjBsdXdYb3NkYUt4?oc=5,BASENOR - Tesla Accessories,2026-09-11,neutral
The T,"The best $20,000 this CFB coach spent wasn’t on his roster. It was on a sleep physician - The New York Times",https://news.google.com/rss/articles/CBMiiwFBVV95cUxNTmxKNTRhVTR5a2dRem9KTUxtaTNDSzlfUEZqQ21fVjJxSFBkbjM1Z3lPTnBLM2ZPX2JQakNaTHphTEYwcV9qTW45ZWt1MGYtSDRYSnlrcmdSMFFkR0hCQTVwTVFZSW8xX1NscUJaRUo4MGRWbHZuTF91bFpiWkdFMDByQ09XdG1TVS04?oc=5,The New York Times,2026-09-11,positive
The T,Trading Went Around the Clock. Can Settlement Keep Up? - investinglive.com,https://news.google.com/rss/articles/CBMikwFBVV95cUxPaDA5b2tKbHRQNjZjOWhGaG5LU0hZWFZPald6a1Bpd09kWlJsdHFIajd0M3lqYUVnOGlKVTVaRW9jWTAtRnZEZlctY1dJUUVPaW0yeUQ5WW1kX2RXUE9aQ1lBSFRsRVFTQy1BM0xNZGJ2RmdTRlNhTGl4dXAzbUJlX3VpUGhXbXhjOHRyeVdkMDZLczA?oc=5,investinglive.com,2026-09-11,neutral
The T,Penn startup launches first human trial for solid tumor cancer treatment - The Daily Pennsylvanian,https://news.google.com/rss/articles/CBMiogFBVV95cUxQTC1YMUJ2VWN1ZWtJZkdVVlZVZjJYT01wOEFLN0tWMzVlby1fYk5nd3doOWpQM25OaWVMcXBEN3NwdlJfemVSeU5BcEJmRkxiRUFjTVp1dDNrMUNFeHlUNEVlTk5Qb0FVeUZPc0NyMy1lMU9rdUlpVVlpS08zREo5dkk5ajRLR2ZVaFpQWEV2WE5XODVQSG5hVzZ3ck12WTlhREE?oc=5,The Daily Pennsylvanian,2026-09-11,negative
The T,Lynchburg Halloween and Trunk or Treat Themed Events 2026 - Macaroni KID Lynchburg,https://news.google.com/rss/articles/CBMiwwFBVV95cUxPVzhHbFhFckh6YkNEb19yNjJwM1NQNnQyQjlTNGRMUFh2SUI3S1hzM0dEdXZiTkFwTmJNcFlqaXZPSTBQZnEwNFZOanJxRm1FcXBTZnJscElhSTRtdTFiMjRoeDN2TVNISVFvMkJfZVhOZnFQYWpFMUhwbVRuc0FWeV8xamdfbjlPb1N6ZmFXSFJ5M21pLWozWXlEanlELXZROU14MUs3RnVBUmowTkp4bGJUdFVTcjBBUnRnejRwNFBqTU0?oc=5,Macaroni KID Lynchburg,2026-09-11,positive
The T,How to Teach T Cells to Track Cancer Like a Hound Dog - Technology Org,https://news.google.com/rss/articles/CBMilwFBVV95cUxPUDJsYTRFWldwRmg2U0UxWDR2WlFkZU94ZEROTGRENmxXbzN2eFdaTWc5MW9PelpsUmQ5TkhjN3o0MWxPX2N3UVFfRzhJSng1MmhENmt5T2o5T2VKUFFwdV9JcDh3cW52d3cyLUQ3MFIwdEt3Y1lmQnJ5dXo1Tm92Rmw1N1FsXzJab0hmS2NiNGJNM291V0NR?oc=5,Technology Org,2026-09-11,negative
The T,UFC commentator Jon Anik identifies the three title fights that could happen at UFC 334 and UFC 335 - Bloody Elbow,https://news.google.com/rss/articles/CBMi0AFBVV95cUxOSElJSzI3VVVXSElraDk5V09XaFV4STFiZEVDcHpkcG8tQzlpb3hIaG50UHRrVWFJcW5Xd1loOG4yc0pkUDdXLTFZeFh2RDNoUnBxMjBhdUMxTll1YUYwYzNCcFpaT0ZHZVZJaW85aWNZcm01RGN0VVlCUGotQWRGUFhKTmgxY293UWV6cUMzemkyaF9YUUVJQ0wxeU85OGdURzNJWDlKd3EtVEZFQ1RGYmVRZ1g0bFlLUmlJeEM0UjJFWDZpeDJiUkpTd2RTeHd4?oc=5,Bloody Elbow,2026-09-11,negative
The T,MBTA pilot programs aim to cut costs for riders - The Swellesley Report,https://news.google.com/rss/articles/CBMikwFBVV95cUxQV0hza1lKVGZCZ1JpdEhiT1NzblFfTURrR3JUZnpRdVU2RGRTSk1IQ0trbkZPaHh3MWd3Q1VLZ0VTc1RCemJDdDVHMlBocG1fTUhFRUg5cHRaamRPMEJQaFFDQTRtOW1pZkYtbVNqemdxQmI4eHFGQ0o5NTRKNzJaWGR1N29uQWNFajc5RklFNjN5dXM?oc=5,The Swellesley Report,2026-09-11,negative
The T,The most dangerous sentence in marketing: “That’s not my job” - Campaign Middle East,https://news.google.com/rss/articles/CBMilAFBVV95cUxOREtCV2dlT3JCODc4cVZJSGViUzZ0aHY5RW9LN1ZsTkt3bU1ZTUlKRkRpY0E2SGZUc2g2X3lpVlJUbzhoYjdlc3B2UzU1bVhPVHVscUdka0lWaDg2UkdOOHpEaTllRWo5Yml4U2NqbkxjbUtFd2gzNWV3c3FhVHdENzNsZnZBa0Nid0xTeEloYUg5eHps?oc=5,Campaign Middle East,2026-09-11,negative
Washington Metropolitan Area Transit Authority,WMATA Wraps Up Red Line Project - Railway Track and Structures,https://news.google.com/rss/articles/CBMilAFBVV95cUxQWjZIZXVkWGpUbmNuclBUaWl6VkZNOWx0QzlkcmtEUWJBMlBKQUowQWk0N1RWSDF6eC15dE9YRmgyM2xXMXRsOXUyT1VnVUdDNWNmc2ZnelVSV3VfNFJScTQ3UjFibXpVZDY5YU9ybzJSOUhZN3ZWR3FuYUtGOGlGT0J1WHI2bUluWERrVV83bE13M0xM?oc=5,Railway Track and Structures,2026-09-11,neutral
Washington Metropolitan Area Transit Authority,"Metro's Summer Red Line shutdown to end on Monday, temporary bus lanes will be removed - WUSA9",https://news.google.com/rss/articles/CBMi_wFBVV95cUxNb0ZCRm5Nb2Z3VWkxbkZmOWVqTkN0UGRtR0ZjVWRlN0xhcUIyb3g4Q1NRcTZSeWpxM0VBcFhPZ3JkZDlocDQ4MzhkajVVQzFablhkVjNXRVlYUlVRS3FOcHVXRy1rR1d6czFCN05RX2hsT3JmRGpPdElvb0ZIYVhVb1BjUHk2Vi1rMjVoZE5JM0tuOTZxbTg4RGhFY3E1bmM1aVpONDFwUHhNR00tT3Z4aDFEU0hmVHcyMF9XclZiZl9hdGdtYUJ6Z0gwOC1ZVkdMeTlUS0ppY2FSX3dmN0N2OWdneG9SYUV4bkNQNkZEOXkwZ0dlZjJfcjdHbTFUdG8?oc=5,WUSA9,2026-09-11,neutral
Washington Metropolitan Area Transit Authority,The Transit Chief Who Made Metro Popular Again - Governing,https://news.google.com/rss/articles/CBMiiAFBVV95cUxPb3BpRWNTOWw2RVpIeHNVY19iSlpnalR6OFNjRDVkeUM0MWNGcVlHZDd5S3E4eDlPb18yVEh2NjJWcENocGRITjZGODRSb29RM0w0NkNkMVBfWDhVR29BQ3VYWjZrLWVyaXFPekw2eUdXOW42NTFOX1V4UFVoZ2g4bEthSUJHekht?oc=5,Governing,2026-09-11,positive
Washington Metropolitan Area Transit Authority,APTA 2026 Nominating Committee Selects Leadership Executives - aptapassengertransport.com,https://news.google.com/rss/articles/CBMinAFBVV95cUxNcUJJVUxHQV9nM1dEM2ZxaWxySHNWbzdIRUppSGx6MnFuc08zdnhqRDVhSzZXcEYzM2plemVVaGI0QXZOUzdUTlBsVDAxV2FkaFllSFN4ck50MEdSOFljaVlyQTRaMlY0ZS0xeUVPTllxWEdVTTBRNXFKdmZTOGYtWG14NHBMNzJ1N3ZDMTRUM3kxXzVUcVdTbWtEaTY?oc=5,aptapassengertransport.com,2026-09-11,neutral
Washington Metropolitan Area Transit Authority,"Grosvenor-Strathmore, Medical Center, Bethesda Metrorail stations to reopen on Labor Day - Washington Times",https://news.google.com/rss/articles/CBMisgFBVV95cUxPSENlam9YMHByMklNSHk2NTNwUlpGQk5KRnltVWFkNF85NTZLSm9hT2MtWHh2TGZPT2NpX1h2bUpqSnZqWG9VR3NQZjdyVVdxMnY4WE1SV1R2QmpfaDIxbC1MSzdjSmRIb1E2SGstWmxPNUNwTXFBZDlqNU9lajFjQ1FPUFFOS3dWdTItOUc3RDJrM2QzY1Z3ellzVmowMFVIa1k2UVcyZGFlaXg4Q3hEaVhn?oc=5,Washington Times,2026-09-11,neutral
Washington Metropolitan Area Transit Authority,Record numbers rode D.C.-area Metro on July Fourth - The Washington Post,https://news.google.com/rss/articles/CBMingFBVV95cUxQZk1HSFRkLXYtUldXZ2FZNzdGRVlQSUJCejVBZ052eGU1WWNjbXY3YzNwbWNHeERsMnF0MDE1T0JOaEkyaUxFZEdQRFo5Z3Jfd1hXMGRiN2FBLWZqNVFBcTZzd1BWZlpQQlV1SHFUSmRqd05YSFhyTllsVTk2WjJ2MndsNC1wQ3Q3RUh0TkVmaGZtaGxGUXZFTlVmTVhlUQ?oc=5,The Washington Post,2026-09-11,neutral
Washington Metropolitan Area Transit Authority,"UPDATE: Washington Metropolitan Area Transit Authority Has Begun Bus Shelter Replacement Work at Shady Grove East Metrorail Station in Rockville - Montgomery County, MD (.gov)",https://news.google.com/rss/articles/CBMiiAFBVV95cUxNZHFsN2NwejhON21BZm44MURDdzBXa0ZrZENfUzhTY3NUNURzWHJTbFhYMV9nSy04T29aVlJmU2pvNkR5UHJSQlVKLUdMQjc1M2lPTXJzSFhleFFza2xKODdwYUpjVFNod3lKZVdEdGJCMnlkanFIRXlMX3hXcnlJUXEwWkdQbldW?oc=5,"Montgomery County, MD (.gov)",2026-09-11,neutral
Washington Metropolitan Area Transit Authority,WMATA launches digital assistant for Metro Access - Mass Transit,https://news.google.com/rss/articles/CBMi7wFBVV95cUxNU2JvTWlBc0xCeTdnLU95cG1ocjgyZGE2cjYtal9JY2FuYVNwQXY0M0pjekZUNU9hR05YVmhxelNteWU2YXBKU0NEU3psXzMwZVl4dTI3ajljREdnX21GVFdfWTVfVkMxNTQ2NFQ3U3IxT1paMjhYdGF3c1I4MURXSld4cGxNZzFTQnU0UTNfakNOLWVrQ3hXVWdjb0I5WG1vdWxYYUkzbks5bWpKZ0dnd1I3aU1yTXNYUVZ0OWNsSkJXZTc2S3o0UGtOSUtzQUhJTWtfLWlVbFVURlZsWkNRdzFmbVY2T3Nuem5xdXM4bw?oc=5,Mass Transit,2026-09-11,neutral
Washington Metropolitan Area Transit Authority,WMATA saves $500 million over two years - Metro Magazine,https://news.google.com/rss/articles/CBMif0FVX3lxTE4zZllDV1V3SUZfVG1MMmhQaW52RXZoTHdjTzhSLXVqVFdxdnR6VDc2SU1NUjZFQ3Rla0hYaWVXM1NPVjV1T2FzRjZiUHptQnBmYnVGSWR2ZnVacFR5RDIxdVFlV2pWVWFzcGhlclpSaEMybDk1QkZOUkF6LXpacFk?oc=5,Metro Magazine,2026-09-11,neutral
Washington Metropolitan Area Transit Authority,Why Trump's Strait of Hormuz blockade may affect DC public transportation - USA Today,https://news.google.com/rss/articles/CBMixAFBVV95cUxQUW5pcFBLN2VDY3lnb3kzblduUC15S1BzSnlFM0VzT3M5NkhoYWI3d2ZLODAwdUxvampvcGN5dXZsTWFhYkl3UVk5SjY5N0dyaktpb1ZUTkk2NGhxOEVmYWwtRlFBM1BjSnBlcFY2UnV2SDNZNl9wQmdZTDBQM01YclR5cjVDRG1LcGw4T01DSEIxeFhiVkVtOThpZXFVMjE5TFVBR0xRd1NxUVZTbXY1VG90enBNal9mblRHdWNUZmY5WHd6?oc=5,USA Today,2026-09-11,neutral
Washington Metropolitan Area Transit Authority,Metro touts drop in crime across system - NBC4 Washington,https://news.google.com/rss/articles/CBMirgFBVV95cUxNZlFoeUtyX0p6b0RscmpvLUJ0blc0OWgwOVU5X2FsaVgwOWhKZC1MSFByZ0VJdUdhUWstd2RnT3ZSM3BtOTNDaV80VFF5aW9hMC10anl0ejU0cnRZTjUwUnhTQ2tkMjBRTnhRSUJiY01TM21yZVNGbGRveUJObEJrRE5pQjBUN3hDTnJJeU5TSWFZM2FXRXZzVmRNdTltWkNmQkpwbVNLQXU3MC1ocHfSAbYBQVVfeXFMT1R1YWRRRUliVXRObS1aenByeFFKTy10dkNXWFZ4RkMxWlhibjYxUkZ0UUlaSzFodTFJbkdNcDBJaW1WbmtEaDhWQjFiZTdxRUExSEZHaDUwWlVDaWlJTkVwUzN5ZG5ETWkxd3FFTjJlS1NteVhYNlpKemgxTTN3UU5IYjVmVElaUWhjbGJ2b1FGUXViVmxaX2dyS1hwdHBBdmV1blZiQUk4V1lHZjA3dVROYU5HaHc?oc=5,NBC4 Washington,2026-09-11,negative
Washington Metropolitan Area Transit Authority,How This McCourt Grad Helps Keep Metro Moving - McCourt School of Public Policy,https://news.google.com/rss/articles/CBMijAFBVV95cUxQWWRnelVWWmE3aGtGY2IwWmpvZ2dQZGUzUjlSdjU5dHJnQXBxdWlfYWhlTnlUVjVQZURuWE9SM1RGUE9Hc0VwOXE3R29CM1ZFQkF2aVRfUGlQTDdFWUU5b2E3bkhWMnJadEFnUDZhcXBndldlOHQzLVF0bE01TDMxZEdDZjlxWVcySHNMNA?oc=5,McCourt School of Public Policy,2026-09-11,positive
Washington Metropolitan Area Transit Authority,"Data Helps Washington, D.C., Transit Fine-tune Its Service - GovTech",https://news.google.com/rss/articles/CBMimgFBVV95cUxNUU5LVnkzVW5XeUd3bFc3TnZiLTZHRFo2eGdhS0hhU3FPUUUyR1JLRkFYQmphX25aQWxKZlhLeHFubndiRWpDa3NaRFpwVzl4dGt2WHBjakF2SUpzQkE4b2dRUVdZV3JhdFh4N2Z6QUhOcVlWeU5IMXJEQ2liNzZweW5VSENRaXIyWG1nLVlXblNha1VWTUQ4SDhB?oc=5,GovTech,2026-09-11,positive
Washington Metropolitan Area Transit Authority,Opinion | What is undermining the recovery of D.C. transit - The Washington Post,https://news.google.com/rss/articles/CBMitAFBVV95cUxNbHQxNjA5bnk3Nm5nY3l4dE9URC01dFZUU0drOEd2REhWWTVUa044dmp6NkhSUl8xYk9EUVQ3VWFLNDRvYnlpUnlReUhKZG9lRngxWnFoQVlydVBqTWdpakc2dE5yZ0FpdmNVb3FOeTBzcHlTaUVFVDNaQ2N3azZGVmVRYTZ2T2F6UUtzaHROT1M3OEp6QUZIR2ZuakdYaWJYZkpRSzVNcHBjV0J1U01YcWFyMFo?oc=5,The Washington Post,2026-09-11,negative
Washington Metropolitan Area Transit Authority,"Washington Metropolitan Area Transit Authority Continues with Phase 2 of the Bus Shelter Replacement Work at Shady Grove East Metrorail Station in Rockville - Montgomery County, MD (.gov)",https://news.google.com/rss/articles/CBMiiAFBVV95cUxPUDlBcHZrb0FsUndCTi05NHp1S0wzbGo2SmZrRmJ2aFdiNktoWTd3YU1CR0h2SW9QcDZoWVBCYjhqU2F0LUVYZnhKekV2bENxdG9BcF9sSjlWVW9ibWkzbGJnSnd3WGEtaERNeWM2ZHRla3E0WmxuQnZET1RzNmFpY0NTdWVFXzhX?oc=5,"Montgomery County, MD (.gov)",2026-09-11,neutral
Washington Metropolitan Area Transit Authority,WMATA Board adopts updated Strategic Transformation Plan - Mass Transit,https://news.google.com/rss/articles/CBMi-AFBVV95cUxPZE5iRFpncktvdmw1emxHbzlZQjNmUjNFU09CSUhfSl81MEt0c04xakhIZGJhV1lUU2M1cUVwbEN0WXQ3SUV6aENxZFNuN2ctRHlyOGhsb0Vxczl3SVh1NzV5RHQ3Nnp5ck5fSWxadHFiVFA5Tm91Yy1uSldyWjVXUmVXNWtZRl8xaVBERk1hcE9vQldPTUo0dXVhTTlsT3lDZ2JMeVAzcHZWVXo4YjVOS1JNNVNpY0R2VzJhaU5uOWJGQVR4QmNMdl9pM3BFRDFtcVV5ZzZtMmVheWY1bGN2MUFyV2g3SDdLZXVVMWx5aDdmemkySTdBaw?oc=5,Mass Transit,2026-09-11,neutral
Washington Metropolitan Area Transit Authority,Metrobus operators push back on fare announcement policy citing safety concerns - WUSA9,https://news.google.com/rss/articles/CBMikwJBVV95cUxNbHpidm1seVpqaU9MT0w1M0ZTSG52WDJRbWVxdlBkSWV6aU54ZVI5NU1rUWtwRm1PeUM4blRXQ2l2blJSTG5FbGJRTGxXV0NUemM5SDJVVWpkVUZ6bjRmM0loV3FiX3JaenJnQmFILWJIMW1QNnJlSVpYMGN6OVRZa0lWUlRXdkxHbW90RXJXbWxZbjVqWXZjdnNGVzRYd25YWmlQZUxhSmtKcnVOc0tzSXB2OG5uUzdoYVljVjNSN1NJczNRbExjRHdTVHAyaXRZbnFER2NxYmV4X3B6cVV2S1k0ekNkR1NKSGNKZzRfWm9EOThsVlZIUVc4Y2RXdW9od3UwRVpiZHNXTG9nTHgwdFZFYw?oc=5,WUSA9,2026-09-11,positive
Washington Metropolitan Area Transit Authority,Inside the team that responds to all the complaints about Metro - The Washington Post,https://news.google.com/rss/articles/CBMipwFBVV95cUxNZloxLW1YZk9aSUxiQjk3T05SM0ZDTFBmN1haSEdheGJoeXBiUDQzQS12NDYyN1c2eHBkb241VkpfdmY3M0VZN2lUVHl0Z2l0cjRwY3FMLWN2V3dsdm5KSldWa1kzQXBLV0kxa0FyQ1psSXI0a0NBRnF1VG5MZzU2cjltZnUySzZCNXBSV1pHOWFzQ3oyRjF6cUNLeFRjSzhHdy14OVkwTQ?oc=5,The Washington Post,2026-09-11,negative
Washington Metropolitan Area Transit Authority,"Metro’s original railcar is on display, orange carpet and all - The Washington Post",https://news.google.com/rss/articles/CBMiugFBVV95cUxNZTl5ZXZYRk9RZ2QxWXE2TGdEcXQzbkZhTVQ4bWNVSWcxWEVUb3lxYkVKeTVzaWZYZzVqeHJEQzdoM2RDMTRtc1VqNTJqdDc2NWwtTVV3eGV0elBUazRETm95S0NMUlpfdGlHaThVM1FIU3lSbG5FbWJEZlNCVENsUEZZLUdNMVFSbDd5bFhVTFZrcnQ4ZGltX1p0d1ktNlVVTlJoWDNxN1lsWkpycG9YeTJlanVOdHYyb2c?oc=5,The Washington Post,2026-09-11,positive
Washington Metropolitan Area Transit Authority,"WMATA engages Indra Group for customer terminal, ticket vending machine upgrade - Mass Transit",https://news.google.com/rss/articles/CBMijwJBVV95cUxQaFJ1MjlFRTJWSEh1MUI3d1YyT0tVemp5c3ZsNV9oWlBMSHMzUDgwTUdRaVpaUS0xMlVHdm56V18taHd2MWFpbnBCUURaX0NOVkVlcXJSZ2xDSW1jdkhJcVdKNkdPdFdwVHA3NlpSOENhVFVJZzhvaVlGOW9nWmZFUFpDNHNIa1NwYzNIVllxTHZWLUg4WFJ4TFZEYVA4clB2SF9HXzZyQ0ZrZ0RBN2ZQV1BXSHRYbF94RjJJVXBPMjVOVDY4TkZGRjhCekgxcWtEM0l2cnVpdm9WOTZhQ0laX2NSVy1LeHN2MTBsd24za0Y4UmdZcTZ6MkUzU1dMdlAyT0xRanpsSkR4bW11WDNF?oc=5,Mass Transit,2026-09-11,positive
Washington Metropolitan Area Transit Authority,WMATA pulls commemorative Freedom 250 Grand Prix Smart Trip cards after finding defect - WUSA9,https://news.google.com/rss/articles/CBMi2wFBVV95cUxON0RaaFBvWjk2dFJRUzBWSW1HY19EU1Z1NGxISnNOMzZiaEk1Qm0wN2ZrQmVjSHUyVXFxb0lsaHBzcjJWZzJFQ1JBNVo4TXhsRTZsZ0phQ21jaXZTRFJhVFlPQWxiVjFsQndxNXhWQnhIYlVuc3dDd1VuRTJEdmVvWkNCOU9ieDlMX1lMbTR6UTRkM3RubEthaHdfVmZ4Ykw3VXluZDh0Nk9TSThtZEtVNG1vbXAyZlZ2OXhaTENUSTFsc0RXSzV2aFZxZldhdmo5MnhDVjBSM3FjSVE?oc=5,WUSA9,2026-09-11,positive
Washington Metropolitan Area Transit Authority,"Red Line delays caused by water intrusion, WMATA says - WUSA9",https://news.google.com/rss/articles/CBMi2gFBVV95cUxOM3lpQlg2ZEg4akhNQVdaV2dBS2F6dXhWTWl6dERmQUdYOFNUNWdxS2doWnNnU01MTDdCMF8yNkdVREt0eksxVm9Qb1ZMYWpMX0VSVEh0TElrOHNwTnNuelNkVDFFQ3ZKaGlRLTZ4SzJkdV9fU2F2ZU1VOEpLOG10Nzlob0VZcGpfeVVPVGFCaC1kR0xENVFaRnlUVk9TZ01LeGdGaXFmcjhqMXpMUEZyR2tGb0tUTnJJZF92OENLSzZpbXJQRW04eVhnWFdMdS1rYmpxeXliT1Yydw?oc=5,WUSA9,2026-09-11,neutral
Washington Metropolitan Area Transit Authority,WMATA to vote on budget plan that includes Red Line automation - FOX 5 DC,https://news.google.com/rss/articles/CBMihgFBVV95cUxNUEVVMXZ0bENRSVdEamI3azh1U2dGRC04aWpWb0hhUWgzdG1EV1VVQ3BfTFowRE9feGhjX0FwZXpheF9vRlZHRzRWRy0wY1J0YThRSnNsMy1HcVdzLTVIYUtfRHlWQTZBMlBXaklDTlByaHlzOFdrN2otbjdfS293Ml9lOHNaQdIBiwFBVV95cUxNUktDZ3dIdFFmYk4yMDBYREl0UFJjem03YnRjWnlPRkhjNDY2YVh3dHhOdU80Z1V3OXNkZ3Jvb2Z3TXFqTEhJbFY5Y3FWVXc2TFdmU3JmVHd3c0NyUXJfN0I2bnFnOHVHT1R5OU12R1JheHlSVnZseENOaVdIeHczZEk2LTNyUUZFbXNv?oc=5,FOX 5 DC,2026-09-11,neutral
Washington Metropolitan Area Transit Authority,"Washington Spirit, Metro Agree to Partnership that Promotes Taking Transit to Games - Washington Spirit",https://news.google.com/rss/articles/CBMixwFBVV95cUxNcjNNSVNJNmY4aThrZm44WFQ0a0tJN3o4V3kyUDJfbEFTdXNnOTljRnYyd0xwMmVkR2V2bnNSLTRJcU5JY29Bb2ptZ0plWlNIcTBFek9xa2V0T29BazhmRjBDVnUwdlEwMVo5R2RJR0xUN0cySDh1dUkzWnBHRzlDMHVjX29iUWFoSUZJTEs2bUFqeU8zUFBPNVllRC1jTF9lc2o5b0ZvMUhpcGRnZkl3QXRtZmxvYk1xdWh4dzJDb2tQX2NLZVo4?oc=5,Washington Spirit,2026-09-11,positive
Washington Metropolitan Area Transit Authority,"Rail News - WMATA's FY27 budget to support rail service, Red Line changes. For Railroad Career Professionals - Progressive Railroading",https://news.google.com/rss/articles/CBMiwwFBVV95cUxNM1NEeHVfUUZ2NkswWVJuN0xsOHVYcXJEUjliSTA3QzdlaS04eHVIbnU5X0YtdGtvWVVnQjRZYjF1d2ZEQklZNVVoQVl5d1k3MFlHbGNqRFVXckEtbDVyUS1iUVdjRm5BU3VEM2pmNE93dEhyUURWaUR5WnhOUnp5bWU4bVZwNUJWdnRDc3lHTjhNRVhmLW9lN3NDOUJhZUVOVWxNMThLMmNiZDNJR0o0NDF5QjdoZHRTVFVtYVM2ajF3VTA?oc=5,Progressive Railroading,2026-09-11,positive
Washington Metropolitan Area Transit Authority,Metro cracking down on fare evasion after 70% of bus riders skip payment - WJLA,https://news.google.com/rss/articles/CBMiuAJBVV95cUxOWXRmd1FCNEI2UDRkZDJTWkRvbjZweWYtU2pNUFAydkdtVmNXb1ljbmxHZ1p4WUg1OElUTy01QTNKRHhNbWw1VVM5QTVvYlY2UlRrSHFpdF9GdVdVdGxpOHZGd19IUkl3RHFMdmphdUU1N0J5MXNiUTB3S2pvVEhDWUVrbGQ2SG9BVy11TXhRSDcwdVNnYUFlbnNLWHVXVHFETjRReWFNelotTVBrUncweDBrNm5HejBkZy1pUHVVeGw2aVhSOGtoX3N3TFhZSGVEcW82aTBkZHNXTWItamxNWUVMVHNiVzNMR3NNWXFvOFZpLS1WZFFkSFIyZ0NPRHdhX1l2YkYxcXo1VUYtdS1hdURoclpCdXNFT0drQnloSk5UWmNlNmRESkdFOW9sR25CaDdNU1QwZlE?oc=5,WJLA,2026-09-11,neutral
Washington Metropolitan Area Transit Authority,"Mayor Bowser Celebrates More Than a Decade of Delivering Free Rides to Students Across DC, Marks New Milestone of 450,000 Kids Ride Free Cards Distributed | mayormb - Executive Office of the Mayor (.gov)",https://news.google.com/rss/articles/CBMitgFBVV95cUxNc0R0TDAwWkJmdGFvZmgtR3dBeVp5UGVrcXdvYjV1Q2tteEtBUHlVaGtNS3BHSXpLQThTV3A4dl9XUmlRT0J3LXVPMU03N1lQNi1uVnR4YUxuTUlYcUJXTHc2V2ZRcTRmWGtGZXBDRGNoZmdnMm1GTlVsZmxnNGU4VFVidWx3SlVnbnNzYUZ4dG5YVDBObGFKMTQwVWU4RE1HSUxpVHZEaHRuaEFqbTYydnBGRnlPUQ?oc=5,Executive Office of the Mayor (.gov),2026-09-11,positive
Washington Metropolitan Area Transit Authority,The Purple Line: A DC Legend Nears Completion - aptapassengertransport.com,https://news.google.com/rss/articles/CBMihwFBVV95cUxOUXJtSW5zT090d0ZzZkM4Q2J3ZjBhalJaU3NwOGdETWt2SUdtRTlwMlZXbGRlbkFqdWl3LURYRG1uLUJiazl2a1lKVkRvdG1qMW5xb255X2p0V3A3NkY2aFdYcWNUcDJQaF9SUXpyRnlwNWFGVmZ4bXJ4ZEdrSzdFS182MU9fSm8?oc=5,aptapassengertransport.com,2026-09-11,neutral
Washington Metropolitan Area Transit Authority,DMV-area local leaders announce support of unified vision plan for regional transit - Mass Transit,https://news.google.com/rss/articles/CBMinAJBVV95cUxOV0lwOG14bVJkWlM1WW5hX3cyYUNLZGMtVzdDTWVna0FDZERFQ1ZQY1M4ZWlWYXczNGNKZndSRkFpN3JkM1FTRGdNUGtpY0hpUFpSNk5CTlBrbFhCcG0xYlFyR1NBYXJiR3c1c2FpMzJlRU1aeUFnUVRBQ0FiWmxiaW1iVGdiRzZieFI5YnJRbTRhYmdiYTBMWEpyRko5RElEOWtRbm4tQ0pVTFNvNm1EUy1hYjNkNWR1QTRoZHFYdFR2Vzd1ZFZncXgyT0pHeUZyTGNwMVVXaUVBRVhZdk9SY1hHMkpVWFNRRHRWUlZnazU5dnVySmd6NXN3QnAwUDExcFFBS0JwdFp1WlRpeUJaZ1RJUDdUdGJqV194Xw?oc=5,Mass Transit,2026-09-11,positive
Washington Metropolitan Area Transit Authority,WMATA Introduces Priority Seating Reminder Pilot for Metro Riders - Metro Magazine,https://news.google.com/rss/articles/CBMiowFBVV95cUxQX0JyQkZuQ3VtQ1lHN29WRm5OOTJobGR0c2J0dlk3a0JzLVZ4TXNTMlZJXzQ1N09OU0NVWW41M3VyVFBTN0xvN1k0ZkI3QU5DMkpMZWp4Y2FZUFhCQVMwcG1JaFVIYUJJLVVlR3dOclZhbXNqT2dXVEwzVmQ5dTFoMWVXTVZUTHk1SDZTNjd1TnJjV2pDV1FpUVFkenVlcWVPUkc4?oc=5,Metro Magazine,2026-09-11,neutral
Washington Metropolitan Area Transit Authority,WMATA Proposes Revised FY2027 Budget as System Marks 50 Years of Service - Metro Magazine,https://news.google.com/rss/articles/CBMirAFBVV95cUxPTHlJazhuenZ6czNRTTE5WUdVd3M1Y05nREV3S2hrOXFWdVp0eTlraldhcExqXzJVU2ZZTG5Rck5sMGl6dTR2RHRRZWgyc0drYkViMzNoTUxxZXJLWVllT0g3UVRGaGExZzJtMzA0dlhsYUZVYzdQS1hnakJOUnRsOFNsQlFMemttZ2stX3hSb0lHU2Z2RjJRalE0cHY0cVVYRjd2dDhUc01ybUNO?oc=5,Metro Magazine,2026-09-11,neutral
Washington Metropolitan Area Transit Authority,How Metro is preparing for this weekend's winter storm - NBC4 Washington,https://news.google.com/rss/articles/CBMipgFBVV95cUxON0VrZVFsdTZxUzNtMnl5NDk5UWZnNDRZaGpqYU5iWTlhd1dHQ0FhMGRUYWhMM09GS3RUOFowWmdQUlVtaTRTOV9ydkV0MF9zNEpJNW12WkdJMTNLb21KNmQzMGZYWU9qVUt2ODdGRW5Ia3RDNXlnZXJCdTVNYTEybEIwU1ZCWldhdTNLaHZiYmdGa21ZaWdxa3ZwODFwdlhVa0x5TXRB0gGuAUFVX3lxTE9pRmJOTjRUbGZ5X0FicF9laVhwVEJGSTNncTQ4RlhueDdEYWZZcGVNa0h5LXVObnNBSTlmRmNjNWd0UVdrMnJEalo4YjhDb2ZRMkJBQjBEU18yVWxOOXhpRHdEdFRVS2Rnc0g1Sk8xS0xuRmM3aXhYWGExWktVb1lmaVBPZVhmQW9qYm41ZEFwQS1JODJHWXFmQ0ZwX2xKUlFfZWVIck1jZFpLX0UxUQ?oc=5,NBC4 Washington,2026-09-11,neutral
Washington Metropolitan Area Transit Authority,"Months after ending the DC Streetcar, leaders are considering a new transit line along H Street to get fans to RFK Stadium - WUSA9",https://news.google.com/rss/articles/CBMiwgFBVV95cUxNRE1HTTAxUzZRNTdDQzhBMUNHdWdnZUczZjZkeHBvMktlVFdHWkZvSW5QU2xwX1lkN3BmenNUQ3JyY0xYbDJ1Wk8zdnhSOVpxLWNuNEUxb0ktTG9HTk1Bckd1eXdXTEtMVGRvcWd5TzVVbXBleFVvYjEzN182QTlNOGZnYm5tcFN4MkpSQ2kxQ3MyUHRrMDloV0IxOTNSZ0JxMGdXUVRJbEVrd2FQS0stWUwtZWpMcmpQXzBmMHFQYTlyQQ?oc=5,WUSA9,2026-09-11,neutral
Washington Metropolitan Area Transit Authority,MARTA names 3 finalists in search for agency's next general manager and CEO - CBS News,https://news.google.com/rss/articles/CBMisgFBVV95cUxPNEI4bklYYk50a3VTbW4xS1hZZElfcWUwdHRnQmpkME5DbWtNbnViZ1pldldPejFWQ2MzODNmdTM3YW9mVzNDb0hQVUlLRFhieXg4Yjh3cWotVk5zVVVnWGNBb1BhY2I5b3lUX2V0RjZRTTRJcTV2TDgwd1llLW9BSDF1czAwQ0tfbjd5a21BT1B4TGpfX0pXekhQSUFWZ2hLT0hOY3Qxa083d01hNUtvSGZ3?oc=5,CBS News,2026-09-11,neutral
Washington Metropolitan Area Transit Authority,WMATA selects Atlantic Pacific Companies for joint development project at Capitol Heights station in Prince George’s County - Mass Transit,https://news.google.com/rss/articles/CBMi3wJBVV95cUxQVF81eTlPNndOUjZzOUhwNzNXZEZNRGVfenhBcy1VSUI0VWRUTlBpcDhCR0lkV2NVdGNNYmJ4blJRTUMzUlVEOHlmSjkzQWRUWS1KRGxHX3hXNXIteUdUM0NZa1BpSDRKQTR5NTBKMmRsM3JRdjl4S2h5QWlXTGtpSkRFcUc3Wld0Tm9XYzZRakZYNkZDWTJiUFZnQTUtRk80eEIwMjNIMmgwS1I2ekMxbm5fRFQyUW1OZFhjcXoteWE3elM3RGRNTmtpN0dtWXBGM0pCNGdlOG0wN1M1OGZ5ODktX3VjZWdHbXNZX3AtNmJKdUlWUDFDbzNIeDlkVTEtYjBKcjQ4OU5hcVNkZ1FOd1V3ZEVfcnl6ZlZYRGE5MXh3a0VmdDhhMEhKQ0pDeURMUWo2Q3J4YU5QU2RMNUlwOW4yTzZUYUlIVDFVYWpzQTF5b0JGS1lDSXRRczJfM3c?oc=5,Mass Transit,2026-09-11,neutral
Washington Metropolitan Area Transit Authority,Metro and IndyCar team up for a busy weekend of Freedom 250 Grand Prix events - WTOP News,https://news.google.com/rss/articles/CBMiqgFBVV95cUxPZHJ1cXRGN0F6cjhoSURZV0dfUllVOVFnNUZWWXF0Tmpyc1o0TXhvRHJhTnNxLXdPemlVTTB3UnhkbTA5NUFWYmlDRndJTnRNbGRWZUVORzBCVl83V0g1QnlZRUNxUEpDZlNYN2N6NU5PbGZJWHgtZERlM2RrcFFPZmRUbk1pWHlDQVJGakYzNVNoVUh6N2xzQ2hhMVhPcU1CTWtseC1lX0xDUQ?oc=5,WTOP News,2026-09-11,positive
Washington Metropolitan Area Transit Authority,Metro to stay open late Sunday for White House UFC fight - WUSA9,https://news.google.com/rss/articles/CBMihwJBVV95cUxPS2tOVUh1eEw2VmJNc1pYd0xrRlZLN3pmTnY4b3Q1NnAwUXNLWFEzTWp5TVRVN1pwaVU1OXRyZWdZdzlULUlQT2pBNllLeHA2RTVpX3ByVmhpdnQtZXhoRXhTRWliZlVXeGNGRGExVnNMa1ZBX1hFbnRNbzI0eFNCVHlLUXFpSVJ5aXhDTjQyR1I0VG45c0tFb3J2cU5la2p0eWJaRGNMZHBaV3dEX2RJaFlsSkFPSm1Hbnp5VjYxQ01xT0wtNUFhRGhfMGxDN0hhTDlQU2ZIc1dfekgtcDIxLUNJQVNWNThac0xVb3BKQkl6dkktRXNhN3pHQXFQRVJtVnVsYXVQcw?oc=5,WUSA9,2026-09-11,negative
Washington Metropolitan Area Transit Authority,Metro says it's so hot that trains must go slower - WUSA9,https://news.google.com/rss/articles/CBMiywFBVV95cUxNVGJGb3lUNmFFSTJHNTk5NXloTGpFY3JxRHpyOFhxTG5oVEJLTWdiWWJpbUZBSnI0Q24wUnNyUVpmQXktX01oYWJiNzJHWTV2d0stcG56WlhNSGxzWVAwTHlrSFJHQmxqMGdNdHNjM1A1UEJRYTRiOU1WMTFpQ3h5Ti1hMUZnMlpRYXN4cDdWN1dJanhLWXlSdERNeGs0akdKOGluQ2w3SDV1WWlFMVBqUkJ3MTNQa1JMdXp1NjdjaG05Vnl3MlV2elV2VQ?oc=5,WUSA9,2026-09-11,neutral
Washington Metropolitan Area Transit Authority,WMATA fare enforcement policy raises safety concerns among bus drivers’ union - WUSA9,https://news.google.com/rss/articles/CBMimwJBVV95cUxQWUhBYjR3SVIxOUlaVFNOLWhJV0RYX0c3aFlocUpNSzFCbUxrZWM0MnZGcGpVck1CTHViRmI3QUFWNXYtWHZ0ajZnZ3dXODhhRDdWdlBwMkhEMDQxdVVCUjIxT1ZHV2xtcmkwWDBCd0FWMUtHRmd4VHdsSklVWEYtV2dOLUVfd09CWl9uWnV6cG1yRzNfaTJvV2pWSlRtQXUydXdlV2FxR2g4MVJ5LW53czAyMHF1bWkxRDZyTDUxS3ROanNDTW9XaVlSMlQ1MjFQNXF1cW9pX1VraTd2R1N0dWU0VXhTOHhGWXAzbG1DTERBb0RDcmlRNGhMV1RIZ0NVN1kyQ1lHV216b2daRk12TGpHNmNtSkZId3Zz?oc=5,WUSA9,2026-09-11,positive
Washington Metropolitan Area Transit Authority,"Red Line trains to single-track between Dupont Circle, Van Ness THIS weekend - WJLA",https://news.google.com/rss/articles/CBMipgFBVV95cUxQTDFWQ1BvbEs2SGJnY0wzMTRpN0Rhb2FKc3VJbk0wbmt5elp6VzI3Zk9tYXJaSlhGWlVMUXhfaHN2OTU5SGpzZUNkRVpoTkM4UWpNWXRLaFpyWFNZWUJwYmRYUHdTSC1ybTBGNmNEai1aMGlfS2FoellUWDIzMndEMGRuNndCd01VeVFvWW1mVmV2b2syVHJGMXR6VHVqcHl3alluYkdR?oc=5,WJLA,2026-09-11,neutral
Washington Metropolitan Area Transit Authority,DC Metrorail to move ahead with plan for full automation of Red Line - trains.com,https://news.google.com/rss/articles/CBMivAFBVV95cUxPNVRoVzJFcmxyYi1XU2pZaTJqVmFMY0Fad1ZuUzhYbUVYRFgyY0FUWmpsVkVoMHEyaTRLdXl3SHNpZ2kycnFiNHk3OU0xem1nWVBWZXBjODg0RVh0ay1rYVU4bjRiNENzXzRXWTJoVzdDai1pZzJuSHJhdklrank1eUNzeGQzZTJKLUh4b0hYTlNZLVhIaVR1NUxDOHFLOEFzczZqcFQyaFpEVDNxTGdRc0phSUNmSWhuZUUzbA?oc=5,trains.com,2026-09-11,neutral
Washington Metropolitan Area Transit Authority,"Metro’s Blue Line, Silver Line partially shut down this weekend - WUSA9",https://news.google.com/rss/articles/CBMiwwFBVV95cUxQSXJubVVXemJITEQzTWlqWWFJdVRCV09xRFhtQWlJOTRibUw3cm90c3ExRjE3cWY2alVwQTdjWjhrSW9nTklyanY5ckJ5bEk1am9jcUlGb2RobUtVd2M3RXB1LWlQanZLaHRpODdpMFFPM3JQNFR5a3JQYThhX1hCUksyTHZKT3pVSHllNHNudnllTGJSenozcG1JQ1FvLVJJZ2NjamtFME9qSEF3OEFDOU1ZbXNpT012YVRnMEY4ZlpCNzA?oc=5,WUSA9,2026-09-11,neutral
Washington Metropolitan Area Transit Authority,"11 injured after work vehicle hits stopped metro train in Washington, D.C. - Xinhua",https://news.google.com/rss/articles/CBMijgFBVV95cUxONVJ5WGtlYVhhSkozZXB1UGRnc1FBSGdqeHJlU0xpQ1FpODNwQ3RfT0drVDhSYzgxTE9xQ0JKMlFQUUhRRk10MjBoQS1iYUNWdktfVjVjMGdFc3c4amFCYmJ3LThfTWJoRW4xYkc4U0h4R0IzTFg4ckJ5RjFRM0VIcy1HT3FXdHMyM20wd0JB?oc=5,Xinhua,2026-09-11,negative
Washington Metropolitan Area Transit Authority,WMATA Celebrates Three Years of Joint Development Project Successes - Metro Magazine,https://news.google.com/rss/articles/CBMipgFBVV95cUxPUFJNYVgzeXRtczlSX2QtSE44S2p5bm1YclRWQUdxd2NfeEhEcXB6WjVidTNmV0hBT2NiUWphWW1sTlZuMW40WmhLLXBBYkFaTXZyTXNqU3Mtd1B4UVhxekx1SGRqWkljU0lZbUVpSDcwbTliR1dtc1BpRWNMWE9aUU9VYmp3azdFOXowbVRBaVh0ekdLNmJaMmlGLWJxWFlGRXc2WUFR?oc=5,Metro Magazine,2026-09-11,positive
Washington Metropolitan Area Transit Authority,Family sues Metro after missing man with Down syndrome was found trapped inside WMATA storage room 6 days later - WUSA9,https://news.google.com/rss/articles/CBMiiAJBVV95cUxPNEh6TXB3cmdXRTVudlBIQ0lST1ZCS2I4M0xwaE9vYXRtUEhFRFhKY19LdU1wZ2xTWk5ic0Fua183b1ZkUjBXZlVNaWxCaFpoVW9TbHRMc1dNaWRsSzE3Y3BKZnlWdWdBekhJdHc0MTVFZlc2U1lON092dXhHa0pZUjJHTVl6SDV6YjFxeXM5bDZQU0h0RkJYbDJDZHNZZjJWRXp3VTF6WnNQby1Gc0FVODJhaEpOVHZGN1EwNkwxSEdLTTlpeGdoZ1Vua1hoaWV4bEdiZ2hNRElYYk9FZzBFYnVMUjlzaUZBR2JNRGtub1RwTG5sUDRtTXF0ZmxRQzdRbjRJNlozclQ?oc=5,WUSA9,2026-09-11,negative
Washington Metropolitan Area Transit Authority,Red Line Shutdown: What commuters need to know for Summer 2026 - WUSA9,https://news.google.com/rss/articles/CBMi4wFBVV95cUxQemlCdzR3bFpiZzl4NmdNaDBEVTdDYUdYNjNEeFYwcFNPQk1Meko1Q0FPT19BSmlMZXl2M0lia2I2dHBMOURvQ3BBTGoyU3RNWHBzMWlJZGZXdEFnMHBTZks5UXlRTVBaRHF4cUZXa1Q3NUxNRlJqd040a09fM29vOTBJRG1CX0IySld6RTdackVST05tZVdZcjFJYldUU1d0MHhpdl80d1hoSnV2RjF0WURsQ2VncWt5ZFBBY0ZWeTV0Q0xRRkF3bFhkenZkbVZURS1fVlhlb2NObmZReF9mcFNLTQ?oc=5,WUSA9,2026-09-11,neutral
Washington Metropolitan Area Transit Authority,WMATA releases list of major disruptions to Metro lines in 2027 - WUSA9,https://news.google.com/rss/articles/CBMixwFBVV95cUxOUEdtemJkdlhkeU1vbTJkRm05VWdRZWpCZ1ZDTmZKamZDRTFFV09DZXRvNFVfbG13dXljeDRvWk43bVdSY0lPRE5CelE5ak40NzN4RmNxSXFqOEhqNkF0eXd5YTFhSnVvcFYtVml1Z0xtUExJZmlkbFk3UW1xOGtMNHJ0UUk3UWxaM0s3SEkwV3c4Y25ETGh1eGstSDJNUzRjWVVSbVg3WndScmc4U0xTUHduTzhZNEVpVkpUT2lIamRCbkNFNmxv?oc=5,WUSA9,2026-09-11,negative
Washington Metropolitan Area Transit Authority,Indra Group to Equip the Entire Washington D.C. Subway Network With an Advanced Customer Terminal System - GlobeNewswire,https://news.google.com/rss/articles/CBMihgJBVV95cUxQWVZEUENKYzJ2N3NRMmdkVUI2OEY1dFo2VVhTUDBGWldYX1lEQWZxdnV6YkpfZkdNRW9IQTRxRE1QLUxEbDlxelh3bXl1TGhpZzFqbjJOUkJ6TjlZMnFYXzhxSUp1V2xZQl9vRWJndGNyVEthOWxZck96Qzk5SXYxZUVYSklROXF0aDZzRF9mNXROejZjbUEtQ1lDSnRXaHAxNm1uR0JSS3JLam5RWFJZbEVJUVYwbDRtbFdITGJ5c3NNb2p1WlU1V0p2WnpjLVZKTGNWOFBaN0p5cXVrelFKTVVIY0U1Y1UzSDdSelY3ZWFNMF9kd2xXVHFQdWlFTmFQRjJjZDhn?oc=5,GlobeNewswire,2026-09-11,positive
Washington Metropolitan Area Transit Authority,Why is PETA suing DC Metro General Manager Randy Clarke? - WUSA9,https://news.google.com/rss/articles/CBMiyAFBVV95cUxORFl2UW8xT0xBaGs2ZlNlNE13Z3hqRmdtZzdFdFhOeXhZREN1dkh0WlRCZE9yczUzNm1nRTVYTXJMTGh3SmRwNmd5blBNRF80VnZqOFh0aDdwbVpjYUk3cnBJcVo0UE5UTHNGRHI1ZXdwdUZ3blZScFBZZTZmQ2hoSWkwMWh0S004ZXdxdXJBQlZwY0U2eTIwR002RkVucjZ0WkFnZ3hpUWZFaFNRYUs5QW9yZ2toNFUwNk5TQUNaODRhcFN5X182cw?oc=5,WUSA9,2026-09-11,negative
Washington Metropolitan Area Transit Authority,"WMATA Marking Metro Rail’s Gold Anniversary, America’s Semiquincentennial - railwayage.com",https://news.google.com/rss/articles/CBMixAFBVV95cUxPLWU4Qkhqck4yNlpZOUh4Tkk0SlpZM0ZPdnB3VUpJMXdMY2xSVnR6T3p4ckNXR05tWXZSS25zYzdhbnpYLVhRbWJZQjFMMFhiUjNFdVJIQ2R6dktZMjdLQnNxVkNUVy0zZk5pM29zQTBrbnJMa2VtUTQxZUg3LUg5VjQ2R1NaOHo3Q3NwdGVpRFNuQmVIRml4MEhBOHdvYmlxWjc2U2xnaFZoN21mWXh6Qk1iZFNUd0R6bXZzS0RBR2VGOWRf?oc=5,railwayage.com,2026-09-11,neutral
