company,title,url,source,date,sentiment
Boston T,Congress Budgeted Billions for Big Transit Projects. Trump Isn’t Spending It. - The New York Times,https://news.google.com/rss/articles/CBMieEFVX3lxTE5STTQ2LWlvSlRoNWhSSFRTYVpvUWstb1ZfUVdWZXp5Vi0zNVRJbHlZM0I4SDJBYkdmNXdzNXh5NDVUWFVOTHBuMkIxeGhIbXNIX0oyUktUZVN6aDFFUFBlLWZCTU5lZzc5THgxN3doRXVHeVZmMTN0SA?oc=5,The New York Times,2026-08-04,neutral
Boston T,"Country singer RaeLynn files for divorce from Joshua Davis after 10 years, despite her past vow against it. - facebook.com",https://news.google.com/rss/articles/CBMi2wFBVV95cUxQd2lSNjNjYVp3OHJHY0ZSakZsXzZHQjY2S0Y1eDNwc0s0UkRpcVlWV0FFZk5Tby1YRHhSMXBEV3BLTjRPQmlBUE40amgweWNPb1I4XzNQclA3eVhreGI0Y1ZZN2ZyNWJ3Q3ItWEl5TXJPXzRhdUlrb29PMklmdVZrSk1nM2JOQUxTWG1kYlp2cUZYZXdzLWdmWGNQTEdaejdEck5acUwtRVFpRUU4TzZER2xwV18wZ1ZoZy1JMjZjSy1JWVJnSGVUeGpydU10X2FqeThaeTk4T0pEWU0?oc=5,facebook.com,2026-08-04,neutral
Boston T,Three MBTA bus routes to remain free through end of year - The Boston Globe,https://news.google.com/rss/articles/CBMikwFBVV95cUxQdklPRFYzXzJMQ2VpaVBmZjkzUGljQ0RmMjVXRHA4ZWM4Skc0XzBybDFDZjdZZ0lHZXZfeDFLeWZlUnFKRC11UGN5cDg0MjlsNXljVkdBUDJUNm5jVUJOeWlQYU5nTmdCUktQeGhNc0RBWkZlS0EzemxMMGtGalBTeG5oM3g1amNILWhUTEtsaG5wS00?oc=5,The Boston Globe,2026-08-04,positive
Boston T,Harvard Houses as T Stops - thecrimson.com,https://news.google.com/rss/articles/CBMifkFVX3lxTE5hczZCX2dFNFdwWllEYV9ma1lneFdUVVdfZmlxOXFDSjdRdWtZb3FhYWhaUzRmVjNQa0Jvb2VpLWpsWTB1TXZWQ0E5UFNvcUExODZRNFVjRjl4TE9tUWZWRHN2RG9naWxsUUt4NTF0R1hnV3NUdGFSMkQ5UTljQQ?oc=5,thecrimson.com,2026-08-04,negative
Boston T,"PREVIEW: Blue Jackets get right back at it, hosting Bruins - NHL.com",https://news.google.com/rss/articles/CBMimgFBVV95cUxQYS1CM0pZTjBNMHJKYkt3UE81WUpmZHdyLWZrOTBkQ2M4Vmg2cmlJeVhsVlRmb2diZGNheDd2TWhMLUlFYVlRY3JfeTJIbWpZbHQwdGt6dVZ3T3BjMWV3WDdacTdFS2YtVXM0bXFjX3dlWjRRV2ZoQkEtM3hNWUVldXp6alFpN1N5R3ZaQ0c4VklxN3JLSkdiQ1Jn?oc=5,NHL.com,2026-08-04,neutral
Boston T,LOC Boston T-03300-03379u - HistoryNet,https://news.google.com/rss/articles/CBMitgFBVV95cUxPTHd2WWtIVUhDQTYtc1l3NnZqRE5LQkNheEJON2drckVRSUo0R1hkSnVWODVBblVnWk1ZVEh6Ql9mSk5mQzI3XzhYRk0xX1dTTm9FRFpaOTdsMlIxazNSay13MGxEUHZwZHdWTUVWQlFLR05ndVBKdVN2bGVLaExaSXRjRVl2aE1sU25KbGtuZU5lMXd0TmVfNHBLdUJ1c3Q1WXFwZGV0N2lxbTJDemZzWTJXWWRGdw?oc=5,HistoryNet,2026-08-04,neutral
Boston T,Tartan Army toast Scotland’s World Cup return: ‘It’s a once-in-a-lifetime opportunity’ - The Guardian,https://news.google.com/rss/articles/CBMioAFBVV95cUxNdTRNckRqeFZOeTBsYTE5UUpQZEEyVkU1YnprRldadVhpc1BPckZqc0gzNUtHRGVJSjZIYkZEcEQ4N1VPQVB1NjZtcTR6Y18tempYb005YlRNbUQ5akRTSmpxS0pucmVDdmxqNHhaYWtnQjAxM3VjZ0xHWnp1Y0xfSF9sbVV2T0hZM1JLLVltVFdvZ0lacS1mS0VMUTM1TzRf?oc=5,The Guardian,2026-08-04,positive
Boston T,Unlicensed Corvette C8 Driver Blames ‘Wrong Turn’ After Getting Stuck On Train Tracks - Carscoops,https://news.google.com/rss/articles/CBMiugFBVV95cUxPN2Zid1hwelczdnNsQkdGLWhwNTNHeEpPUjM3TTRneTRMeFlhVTRaY3VFVnhMS0c0bnBEeld0LVZqOTFpWTZqSTBoY3B5UndmUkVxVTNWdXR4cTkzWjl2M0xrcjZpVF9GTVlFcDhKLUVOMWh3bVRKRGxxZk5yVkNVVjNCMEJFYmhfeU9wTnlSVy1oM3R5ZzNTVmlWNHNsem1RcGdyNHFRUlRIWExCYjlXTHM0a1JEaEFkc3c?oc=5,Carscoops,2026-08-04,negative
Boston T,MBTA forecasts warn of big budget deficits in coming years - The Boston Globe,https://news.google.com/rss/articles/CBMiiAFBVV95cUxONmtWRzQwcU93dENMdm5YVHhfYlNWMFdUMk80Qlg0YnplbzdUM3lyTnBRYlZBck91T3B3Ti1lclV2WS1JMDFFTmMwdzZfZFdpQXNKc2xfdkZ6NElHR0h5QVROaW0ycUZ3WGV5dmRmSWhyTWN6VlhzOXJlTGtLMXB4OC1SdFRieDdQ?oc=5,The Boston Globe,2026-08-04,negative
Boston T,'No Kings' protest takes over Boston Common - MassLive.com,https://news.google.com/rss/articles/CBMib0FVX3lxTE1uOE9BLUxYYldoQnRodE5UVDl6dWwySnBxMjFNajNHQWh2ZFZNRzN0ckxScEViYWhSdW1VV1lhd1h3WldPNUVmNkR4enQ0QjRlVzlod2lobHFVRHRKUVAwT1VHUk1Talo2ZmRlNnR1QQ?oc=5,MassLive.com,2026-08-04,negative
Boston T,This Harbor-Front U.S. Destination Was Named The Best For Public Transit (It's Not The One You'd Expect) - islands.com,https://news.google.com/rss/articles/CBMikAFBVV95cUxQTnk2Q3hndWYwdDJhYmdxTVh6MjItTm9LV0h6LUV0eEpzb2kxMzBPTDR4cXlrYjBydWNfNExyS09FWkZTTTNtcG4ydkFrRFd6UUNGZGNxMm5yeDVTc2E4cEpuUVlmampSUnVRLUpaVm9Ra1RENjVnZlpySnNoX2hvVE1xV2RyWTh6WW9NMEVGOXE?oc=5,islands.com,2026-08-04,positive
Boston T,"For T riders, the shutdown fatigue is real - WGBH",https://news.google.com/rss/articles/CBMijAFBVV95cUxPX3c0d2tHUDFMdm1sT21kdnY3SUhULUctQ3BhWXpoZWhqZC13eGR0ZUNxWnZMQkZfNUdidmE1YzhCc0Z4Um4zU1VWbVJKakc0M2FudXlJcldkV0JraGd1a1NseG45MnpoWmtGZWdDSERZak51SXhNRUR1R2VYeWtlczhMNVdjWTcteW1XUQ?oc=5,WGBH,2026-08-04,negative
Boston T,Scotland fans optimistic as they arrive in Boston for World Cup - London Evening Standard,https://news.google.com/rss/articles/CBMiggFBVV95cUxQMFU2dmhLSm53MDJsc2RUMU42SWNiWU1KTng2X3hGa2hWRDFUYTk4UXlua3RLRUpUUjZZeE8tbzNRaVhscGlXOXVrakJrZFk5REFRRXJLYk1CeVNGVnZPY0UtR05DbzJsZzFlUkl1eVVObDhHeGFRT0o4djNYTmplRHln?oc=5,London Evening Standard,2026-08-04,positive
Boston T,"Here's why the T is so slow, according to a new report | Radio Boston - WBUR",https://news.google.com/rss/articles/CBMihAFBVV95cUxNaEhPT2Q1NUNtczlpeFFwRFJMd3A4WjI4dWhmdnBBX3NLWWZrR21UMG0wcEVENEZDWnhERGNwZS1ubzFjaDNRU0w3aFdCMXN0RTJuMlZqbUZxd3h1T3ZoVkdXVGl4RU1rd1JXVEVzeEJTaVhYTm15YjNOc2I2NEpyVE0xRms?oc=5,WBUR,2026-08-04,neutral
Boston T,T Riders Can Soon Tap to Pay for Bus and Subway Fares in Boston - PaymentsJournal,https://news.google.com/rss/articles/CBMinAFBVV95cUxQM0ZESDRXZXV6ZzlDZldKMnFIT2ZoOURIOVBld0dtN1QyWWt5VktndHpDcExTU0dLTGgyZkZ0VkNjMUY0dE5xQ3FOemFkaEpqei1IT0pUS2M3MVdqREJ4d0JiSUhjNkJJcDBtWmkxbzZ6OHpGYjFjekFmbmpkbHFRN2p5c2QxX0V5SER2WlNqX1VIVUVER3k3UFQtU1fSAaIBQVVfeXFMUE9ScEF0dEtPbjR5TFNEU0F4YmdPVU1zaExJemRtNUNiSmFCVnZkdmRXa1JYQUR2RHA4M1g2QXZGdmJRcXVLN25yZTNLWnN1UzRKMTM3N0RpcnFYTjVJc2FhcW9lMjBwdkhOUDlEbGlGRmRyQVFiTjhaLWxFSHFpMlU4U18xTU5HcmFTbUdkckRSNGU1eEhGbzItMzRMYmhlNW5B?oc=5,PaymentsJournal,2026-08-04,negative
Boston T,Getting Around Boston: Guide to Public Transportation - TripSavvy,https://news.google.com/rss/articles/CBMijwFBVV95cUxQY2g5NjdMWEd5RWJfQ2p5R2V0WnVWQWROU0piUFZrVVpJenJLLV9INFdEc0RFd3pLbWtpRmtJUGw4WkMtQklRUGVnelZYZkg1LUIyVXZWMU1xQ0RQYng2ZU5CTG5LVFNHWDQ3SGZMV2tSR3pJSjM3Wnd0UEFrQlhNVzhGQWtLU3d5bUl2UVgxZw?oc=5,TripSavvy,2026-08-04,neutral
Boston T,"When the voice of the T officiates your wedding, you’re a transit superfan - The Boston Globe",https://news.google.com/rss/articles/CBMikAFBVV95cUxOdW5EQndPa3FZdnR0RVBWLUE4VUVyeHNkclp3eE8tRm9ESjRKR3Z0RmxuQVpBaHpvRC1FQmt3ZXdHNzh0TlQ1cndxalNtYVVhcHVHcnhsOGxKc25teTRXa1RaZlJMX0hTVndqQktyWVlRMmlPR1d3LXFkekxZcUdtb0RBWFdxaFdjRGZNcG5LT2Q?oc=5,The Boston Globe,2026-08-04,neutral
Boston T,"How Boston T riders, drivers and bikers get around the city - WBUR",https://news.google.com/rss/articles/CBMinAFBVV95cUxPLUFLa0pEQlpnUFBiRTBrSUN6cC1jb3Iwc2NwMDlQd2pYZXQ4dHhwdXlkVUVwNzRsZ0R1Vnh3MHlKLUV2NEJUY1Jack9GVWZRbkJVWEpFeS0wMHJVZlFtc0pVUmNMZFFTZXpTd1dfdzQzRHFjSWdEcU1aUnFaYk1UOWdTZkFnT0xSRDNtb2ZReG5pRzNhMkhyU2Z0MVY?oc=5,WBUR,2026-08-04,neutral
Boston T,"In Boston, All Aboard Googly-Eyed Trains (Published 2024) - The New York Times",https://news.google.com/rss/articles/CBMieEFVX3lxTE43XzlFV1dLcnhTYWxNSGJLTXZVWURHbDdpRHo4SWI3X0FiMEVZMElyZ0QzQVdoMU1WOTh5aU1GNklObmVnbXFPcXExcXpRLW9BRm10UWh1S3dtUjBDNDlVZUdmT1p2QTFtY2hQZUZUcjVtUHZ5Q0lRag?oc=5,The New York Times,2026-08-04,neutral
Boston T,Poll: Residents say MBTA is unsafe and service isn't great either - WBUR,https://news.google.com/rss/articles/CBMieEFVX3lxTFBKM2ZpbTNEczEzOFB6QmtfbDVlaHowWGlkSDNsU3BhWGJkT3pQOWp5cG5fTDJtMHlWcWtTdVdEX0Z4dXNwd3BiNHJ5MzdMQ2pNR2piWWFCV0J2UVdjeWZrS0V0UUdVYVRvU0Nham1OVE0wb19HQmJ0aw?oc=5,WBUR,2026-08-04,negative
Boston T,How to Park on the Mass Pike and Take the T Into Boston - TripSavvy,https://news.google.com/rss/articles/CBMib0FVX3lxTE5SVVRXSjJBTXBTTEhEb3ZKZG10N0tPSEtBY3ZWSmlTUUkzMURfelRJaVhhdnUtUzZzVnVQT0t4TU4tbnhjMGI2QnBkRnd2QWt6VVVOR0lwWkxsTFZIT3lRMzhieTR0SjlaeExadVd5cw?oc=5,TripSavvy,2026-08-04,neutral
Boston T,Tufts Celebrates Opening of New Green Line Station - now.tufts.edu,https://news.google.com/rss/articles/CBMieEFVX3lxTE9Dai1pdW9jdEE4bEpuVmJaQUlqek9jMVBHWi00MmRBT283bFdhalZRXzVpSGZKbEktMnZFOHRQZWpPNHAtWXBjWG00c3pMN0tJRVN4aERXT2lTamRlNTVYOFV6RDhYRU1aWWNJS3gxcGJKS21rSVplNw?oc=5,now.tufts.edu,2026-08-04,positive
Boston T,MBTA Green Line service at Union Square reopens ahead of schedule with all slow zones lifted - WBUR,https://news.google.com/rss/articles/CBMiigFBVV95cUxPUE9mSFFEeTRFcV9ZWHdoV3pUZ3kwOU9UVnRCYjMtYS03SEhVbi1UT2FrSTI2V1VpMTc5TGNPWF9JVmthM2ozRTJadDRzdHIzdk5YSXFrTWxNTXd5dmlpT0lxSDZjNjFiU3doVTV0czZvRS0tLWkwRHFxMF8wZHhIOXphYTNXQmY1M3c?oc=5,WBUR,2026-08-04,neutral
Boston T,Quality Comes with a Fare - City Journal,https://news.google.com/rss/articles/CBMib0FVX3lxTE1mNWxFT3ZmZVFvcF9XYXdIeFVuX1Z5aEJGMmo1eUotNmdtTk5yNjJsQmFOeFBEV2VvY09sSlVOdzR5OTVEektnMXVicjJ6aV85ZURiVzhmODRpaFY5MDVZdjFKblMwOWYxZDZ3NGRSNA?oc=5,City Journal,2026-08-04,neutral
Boston T,Coolest Boston T Stations for Kids - mommypoppins.com,https://news.google.com/rss/articles/CBMickFVX3lxTE9ITHN4RkFFODNJTWR6Z0FWRklkeGtyZ283emlNNlFMVmQtU0xOakpSQmZsMnhVM2pwSEJWbWVzd0tmXzlydVVkUEFRajNzRnVzSTVnWHVCMFlBSEFOdHRvbzNyTnVjb2k2MlFYejgyWTJMdw?oc=5,mommypoppins.com,2026-08-04,neutral
Boston T,"Changemaker: Catherine Gaggioli, Books on the T co-founder - thescopeboston.org",https://news.google.com/rss/articles/CBMiqgFBVV95cUxQakNVVWxJZUhlNnY0a19GaFIyVlczV3dPLWdwVDFMZ3B0WWVRUjFnb0sxTUtiell5cVR5WHdGQ3RveDZUbkNXNnZsT0VwVEt4QjdCMDRldmJGWVExdTFhZFYwclp6R0RkTW5hS1pEU3JZc0ZFYXpNdUxSMnB3NXB6RmxoVmtRQUI3cmdXQmhLLXJSV1FKczBnODl6TVA5R2wzRl9IdFFDWklYQQ?oc=5,thescopeboston.org,2026-08-04,neutral
Boston T,Get ready for a 9-day closure of the middle of the Red Line - WBUR,https://news.google.com/rss/articles/CBMilAFBVV95cUxOM25EZmtkNGtsVlpQQjFSWXVXaUlOcDNpVi1IbzdhVG1wSVhNZHVkMG53VzhuZUFGSFExRzQ2U0ZPdWFWS1FYZ2FnR0E2UzY2dlBjeDA1MkZWNFZ2Q0NVdEs0ZUtTQkxpMHJTcGwtSEVNN3lJS2dFZ2k2bDhoUFdLZVBZbHNfeXRsaW5vWTJWYXhmVl80?oc=5,WBUR,2026-08-04,positive
Boston T,"MBTA board’s $3.24 billion budget for daily operations relies heavily on state funding, and on state lawmakers - The Boston Globe",https://news.google.com/rss/articles/CBMigAFBVV95cUxOWEJqRmdxbWllTUJJU2E5bVVaUWZNTExoYXhEdFR4aWJYbTljOG5saUJ6N203a1RWemZzamhFVE5oQUtQTFp2ekdkOFR6VE9MVGU2MThNb1UzUko0M19oenRJQUdYVTJwLUpFekxubkFVOXV3SUN0M1NwWDd1RkE3cA?oc=5,The Boston Globe,2026-08-04,neutral
Boston T,Why Boston's Transit System Is the Best... but Still the Worst - Thrillist,https://news.google.com/rss/articles/CBMiiwFBVV95cUxQZEhsZ3Ezc1ZIVG40TFJseDhHWkVWN2dKWW5MVzhCUHFCN2VCcllrdUZmRkZ0clpheExaYWhRSTRIbUN0bUFnSnpQd05YNXhsaUk4TDA3VW12SnoxeUNTbnNkTVBpTWRxRHZUazJ1blU3RjRkOGxJZUJ1QzFqamEyWHBXWGxDSjFIQW5n?oc=5,Thrillist,2026-08-04,negative
Boston T,"Every T Line in Boston, Ranked From Worst to Most Acceptable (but Still Pretty Bad) - Thrillist",https://news.google.com/rss/articles/CBMinwFBVV95cUxQNHBkTzh0bzd3eGZOWXZ6RkFrOUJUMFFJR3ZqV2dFRG95X25tSEpMdWJnVTFjN1RQaldkZGN6TUxtR0kxV3BwZllGTW5CZjN2UmkySDFieUVxeTRFdXQ4UGxPeUlRSkFab1dXV2FBUnR1WEJKRnhQcHJkeUhEZnVpYlZoRXBMTmVLT1lTY3g5NkloSDM3blBTT0RyaFVUbkU?oc=5,Thrillist,2026-08-04,negative
Boston T,"I spent 4 years in the US, but now I live in the UK. Here are 6 reasons I have no regrets leaving. - Business Insider",https://news.google.com/rss/articles/CBMihAFBVV95cUxNazNoUWVOOWZva05UT3ZKNUdubGhaTzZWRVh2dXZXakE4bW1nZU5SeUFBdFpjblVpMGthbVVZa1pSUUZXS2F1UXM4bnFFRWdfWHZjdjJFNFpfREFsQkRsWEpoOUxyV25iQ255eEx1N0ZXLUN2OWdxaXByWjgzeFNSR0xJcUM?oc=5,Business Insider,2026-08-04,positive
Boston T,"For the first time in decades, trains on the MBTA subway system hit 50 mph - WBUR",https://news.google.com/rss/articles/CBMiggFBVV95cUxQQ1BNZkJ1V3FNUUlEOTZTeDFvejdDazlaUFpKUEg1RmxEbjEyajJvU0JYLU95T1ZyMXBtS3R1VnVXY0JhOEdFNVg2cUZiUzNzOGFmM0hLSlctalpQYTk2akgzRGxGbS16by1vc2VOQ2JiakNzY3dYOUxfQ3ZvV2ZlemV3?oc=5,WBUR,2026-08-04,neutral
Boston T,July 4 In Boston: T Is Free After 9:30 p.m. - Patch,https://news.google.com/rss/articles/CBMif0FVX3lxTFBMTjZ2X0dGMXNmMDZ4RDB3bEgwNm1NR1FhVnYzTGJkTzBRVmZFeDVLZkIyaEU2cFhiUUpUWFJfZlpzTTZJS0otUk43aVB0WlZfbnJWeFFQZlJJNUNwWHczb1Qxc3hPZ2MyaFpPaHJuTThQcHhQUlFKMjFrM1QwOGs?oc=5,Patch,2026-08-04,positive
Boston T,Plan Released for South Station Rail and Bus Terminal Expansion in Boston - Planetizen,https://news.google.com/rss/articles/CBMipwFBVV95cUxNc2NrUjVzTUd5dWJyd3o3SnNnZjR4WHNpWDBZOU1TTnlGR1FRWndVbUhNeXJJVXZ0WjBKUXhVZlN6V0RUak1MMFM5ekhYZTlGaDV5c052MGlmUHlvRFJiU2J6bC03ZTlpSlhTai1TdElNUUtBbzZySHRtSUhadG1udWhILURpNGEzc2h0RVpNWHRHa3dqOXBITlZxVVI4VktpanlGRERJRQ?oc=5,Planetizen,2026-08-04,neutral
Boston T,This MBTA Map Tells You Which Are the Cheapest T Stops to Live By - Boston Magazine,https://news.google.com/rss/articles/CBMigAFBVV95cUxNcURVZmQxWVFhQ0N2Rm9WZVFkOE5tcjQ3ZkNhTHlVbEItTnBSUU1HVnl3Q0lfcndTY3Q2WVM3QU9TUi11R0hNTTVGSEtLWjNabUZXQ29UcGdCeEh3cnlzR0NacVN6YXpFeV95a0ljRzJuNktXcGREbmo3Nmh1SS1jVA?oc=5,Boston Magazine,2026-08-04,negative
Boston T,"New ceiling debris found on Boston T station floor wasn’t concrete, says MBTA - Boston.com",https://news.google.com/rss/articles/CBMinAFBVV95cUxPbThVeF9lMTF3UUg0TGdCWkFScXRWRkZUN2ppQTlscmZZOUFteEhUX2hmMDNkY2p3azlGMzlNbEc3RTRuQnZQcmhubGFYSXNTSU5hM0U4d0xocHhEQjM3cXJ2OURna0VzZ0pySEtwdzFFVnQ1bzMxbTdheWRsUFE0UGRCMm1RSTJCYVN3UHpKSTB0d2R2ZE5UbVlVd0k?oc=5,Boston.com,2026-08-04,neutral
Boston T,"Ten MBTA employees on leave amid criminal investigation at Cabot Yard in South Boston, T general manager says - The Boston Globe",https://news.google.com/rss/articles/CBMiiwFBVV95cUxPOGlVWjk1TldMSUZ4U2x2MmZJYmVlS2RNNVNtOU1nVXU2c0hlTVJTc3JqdmYzVmp0RlZTXzBnVVlzZm50bFU0RzhuYXYzNkdZdUlTaHFLWl9QR1RsS3g5ZDROa1RlUGQyczJqZXVVNnJXMFZNdlk5N2xnZHEtMEF1cHpDWkRrVDFtZzd3?oc=5,The Boston Globe,2026-08-04,negative
Boston T,Study suggests MBTA float ferry service expansion - Boston Herald,https://news.google.com/rss/articles/CBMilAFBVV95cUxQMjNWQnNJYWpFdXVOTDV6S0FKUm5tbnZmcU96LXdiSEJMa1I4N2hnWDJZU2xwa0VpQklXUnBzeFkxdlBsa2U3eEx1YllYUW9lUlJCQW9YSUU3c1R4WlVUd3VNQWZIVGtEOUJ6N2Y4WUhBMHI2Y0VRV2N1cGJJekQwN1Q2LWg4UnVvaWVaQnJzbTY5Ml9K?oc=5,Boston Herald,2026-08-04,neutral
Boston T,Boston “travel time” map shows the T in a new way - Greater Greater Washington,https://news.google.com/rss/articles/CBMigwFBVV95cUxOcXJCay1OeEtHYk5HeUZKUGdrWlhMYjFUSy1MMGxzSWhKWXc3TENJaHJYOExNM1R3UkZKY0c2UGVzMndpQm1UMDloUFNQYVZiZDhpd1daWEc1SnZmOHdqS1NSc19kNmtDWEFBdUNQNloxSFJtb2tFQmFhbzZpbUFvZ2JtTQ?oc=5,Greater Greater Washington,2026-08-04,positive
Boston T,20 Things You Need to Know Before Moving to Boston - Sparefoot,https://news.google.com/rss/articles/CBMiiAFBVV95cUxPejlnR2VDUjcxc01rbDkwQW5tX28xZ1VLcTl2MmlFRXltcGQ0aEpPYzBySlhId1p1NGxBN1FOZi1fUkZIRFUwc0NKSjUwZnYwQzhQUDN4cmtzX0FNV19LbVhMZms2cEVqODIwck16WV9kcjh3M3lzc3VidUdpNDdwbTVsMVJuNGMw?oc=5,Sparefoot,2026-08-04,neutral
Boston T,Conan O’Brien saw it and an unauthorized sign says it: The Zakim Bridge may look like part of male anatomy - The Boston Globe,https://news.google.com/rss/articles/CBMiggFBVV95cUxQZDBQRnkwU3I1Nl9jMXFVM081OHI1OFFsWjd5M1NsWlBUWVFNWWd4bXFYQktkZlV0ZVZ1M2pJbHNRSW1URkVVSG5paTlJeW9iVGdpNFpSREQ4bHJ4WUJ1V2xJUWFuVjg5UGVtS2FZaE1sdXlDUjZ2cnBDZnN4cXNaNjZ3?oc=5,The Boston Globe,2026-08-04,positive
Boston T,Think you know the MBTA? This new game puts your T geography knowledge to the test. - The Boston Globe,https://news.google.com/rss/articles/CBMib0FVX3lxTE9SbHpHN2N3QXJTMDlVX0pHWTIxVEpoYUQ5ZkJZdF9LVEFNd1N2YzlMU1JaV3RTT1ZOa184NkZoUmo4V3ZXWjJKM2NVWkJkMUpWVlFDSjJaSk5INFlQd0M5NTdjcGx3ZjFoQUdPeDE4TQ?oc=5,The Boston Globe,2026-08-04,neutral
Boston T,Boston subway study finds no plague or anthrax — but plenty of other lifeforms - The Washington Post,https://news.google.com/rss/articles/CBMi2gFBVV95cUxQQ3NvelJ1bkdnNk1RLTg5VG9BUFNuYmROSkFEYUhfd1E0RlB6a3JsNzRvOTJ5Y1U5cnBDemJOWUNkNlJkTDNzR1lxQkFNVWdtQldKdFAyckxwT1J3OU0xYkQzcC04dHl6bGNCYnRtVThtMWpDVW1zMWZ4bzJtLU1QUlllWmlVcHk5d3dFVGpxV0s5dk5QWXBvZHRrMDlCb2VNSmVfMTBnNG5OSG9hZl9XZUYwZ2VRVmVCMUduVGZHMlRsb2xWaGdYdlVZTHA4NENGR1d0elhuSGktQQ?oc=5,The Washington Post,2026-08-04,negative
Boston T,Ben Affleck Rocks Beverly-Brewed 'Believe In Boston' Shirt With J-Lo - Patch,https://news.google.com/rss/articles/CBMinwFBVV95cUxPa0NkSGlXXzhJQThLNlRGRWYtc2FIdndWcXdYQ1Rac2FJZTNVYnN3MEp3U0FHSlRuR2EwZ1ZHTmI1Y1dwTDU2bUtvbXJiUTlUNTV3LUJNR2hpclNzZm1aRkpVNHZkblUtcHFPQ2FHNGhHaU13M2hNcklKNDZRaTF6cXo2N25jTVJuODBBbklhbkw0aWVtYThXMVJmdGpiNUU?oc=5,Patch,2026-08-04,neutral
Boston T,Why do Celtics fans despise Kyrie Irving? The beef explained - NBC 5 Dallas-Fort Worth,https://news.google.com/rss/articles/CBMipgFBVV95cUxOUkxsZjBmaV9SNUNXX2dIR25ycmVOOXE3Mlh6RF9FenhuSjZ0V0I1WC15cXVwRksxT0p6TkQ5Wjc1VlJWNlpsZkpVcTBLSVphdERwYWF5SkVkMXItWU1uZXFlN1FMWXJmOFUxRFRfM3hrbGJ0bW5wUXZzYTczTTZ4eEFKTnpHUDk5ZzJuczJGczdHNlZJbWx6VjM1TTJZa2JJNnc0X3FR0gGuAUFVX3lxTE1NWUNVa0lvY3ZuQlllem91UzBBQVp1ZTE3VXA3UFJqWWQ4WktEdnhfdU15R3pfWDZ1dVNnSXpxLVFBeUZLUXdIeXl0dDBILURYMFRUODlFcG1IVGlleF9uLTZrVzJlUVBGN0NpVFM3THJTZ0hYM1NLWVF2NVJBTGJlb2RRUW5NbHlaYVE1dGZWTVhtRTIydElUam9tTU9FOXdvcW1RVXJQZU1wREI0Zw?oc=5,NBC 5 Dallas-Fort Worth,2026-08-04,negative
Boston T,This Interactive MBTA Map Shows the Average Rent for Each T Stop - Boston Magazine,https://news.google.com/rss/articles/CBMifkFVX3lxTE5qbVUybEVaM2tGMXJuSjNONW9uMl9mVE8zOWU2T1FmU3RpdUpqbEw1ei04MzdaN0lJeUN5MHRUNDREV3BLLTM4RzZhOVcyaHdqa1VaNGJGMUpNVkRzSkNHY2FnMlJSYUhzMS1UdHk5Tms2b3dWeVlLMVV0c19Cdw?oc=5,Boston Magazine,2026-08-04,negative
Boston T,Live next to an MBTA subway station? This map shows how your rent compares to others who live along the T - MassLive.com,https://news.google.com/rss/articles/CBMi4AFBVV95cUxQR2loLWs2MGxadG15SFl6Znk2bDZaUkNMU2VaNEFsdTZ1c29DSmVyTVRpSXZzc0c4M2lmdlRNd2ZWaFQ1MkxkWEkyRVpuMFEwaUQxZHZiUWlmSjdTMjFMaU1aaUl3dExNZzk3czdJcm9fTjlVT3dURVdOSV9ZSlVrbDhweFgweVFJU0JtREhteURGUkp2RjBIclNSSkEyX2dmb2pRbTdnSlhYUmw2bkU0MTZkcTFtQkIzSzRhLUE3LXIyYk1iVzF5QlFNWmt1T0l1U1Q1WnZuYVdjUnEwbFJXQdIB9AFBVV95cUxQVlhKY3BhTmhKMnEwTkNIRGFfMllSWFEyM0ZHMjl4Y3dtY0dCMGowUGpMT1pDSGtxaDhvMmQ5ejJsMXZBYlpyR1RPY0pxWVhsRGx5TGhmMENlOVZNSTFkZk1nbEUyeDBuRTFEd0NheG9PdlBndmJqUDkyR1dZa1pCMVNlRko4S3FUdVV1RWthb1NoMThkcWFNNXFWdV9qS2ZRLUtuZFpwOFJWOG5Vcko0aGFzZVdsMzZ3ckFLdnBZWmRmRWFZQVItWFR4UHg1SEhwX2czR1A5NUQyWVlPNm80Nm5RY18wYndlZURadTBuSnhyTnYy?oc=5,MassLive.com,2026-08-04,neutral
Boston T,"‘West Roxberry,’ ‘Mission Hills,’ ‘Southy?’ Target T-shirts miss the mark - The Boston Globe",https://news.google.com/rss/articles/CBMi3AFBVV95cUxObFlLVHFRV1lnQzVDQWRPR183LXh4bDFrWWFwa2ZKenpRa0tZU2QtbDdmWDk3cGFZQXdnbER4R0xtRzk4M2c1bmhBU0tZTklUOFJsLWpUV1A3ZWJSX0RVUXNlZlk3b29rMEM5NnlnczdmM0VJbzVlY2dVOXV2NWFUNVZrbC1zUG1vRFpEZl9KLUNXMkkxNGNjSW1MNWZiVXZpdU1PTjg0NmNWb09seFcwZGx0VTNVQ0VqMDN6Y2FDc0UzbmFicm1RY1FrRVo3SjNkWUc4R1JFTndsaXds?oc=5,The Boston Globe,2026-08-04,negative
Boston T,This Tiny Boston Tunnel Is the Missing Piece to Finally Connect the Entire East Coast - Thrillist,https://news.google.com/rss/articles/CBMid0FVX3lxTE9jN1ZXRHlNWGhqSWwwcUNlazcxQlIxUmQzZ3BrQU1vRFZhbUt0elBvRm9RMlJ0TlpGdlE0Wll2UGRtZlBOZU5lUjNLOFBXQ21Yajl1VkItQUplWEs5Z1Q0M2lpVkhjUmZhMl9UN1pjY3l1UEdVcWlF?oc=5,Thrillist,2026-08-04,negative
Boston T,"Brooks to release Boston MBTA-themed 'T Launch 6’ running shoe before Boston Marathon, says this one will run - MassLive.com",https://news.google.com/rss/articles/CBMi8AFBVV95cUxQU2k1b2dIRC1sSFdTUzc1VXp2QWpva0diWEdzOTZWUFFaTjVOdU5mdVhuYmhsUmk2bkxaMWphUEdTWkNUWjRSYTZiM3lLS0l2d1dFX2JXQklGNDBJQTRJOW1QYWMxeXIwakN4a2hDLVJtREpSWUxjS0VjWHBod2I0NGpTYm42VDRhN0RHOHdlR3FnRC1ZQ2FvaU80M29qempUVnptSEZJcmZKTGVOaU1PaUd3ZWVORkV0SGNWdkZjc2t1bFMyZG8wQ0x5VGNYYkMxdk1DZ2ttU25jN3ZTUmEwaHdVUzM3YVJESF9aUEtvNnnSAYQCQVVfeXFMT2hOakszbHVNRVhqNG5vb2FxRERrbUdZek1FdEUxLXppb2NlUzBoSXJCZHFpVDhiSTVKQWhnTzJDTU9ubnI2ZTM5OS1kc01GZUtlOGZlMHpQUW1mbG5KR2JaNGJhSW9JRFpjeXNPZmNmcGVVZ2stZG5oSVhXM2o5X1hCazhUQUJ3MGpUeUFHVG9UUGJEWVhDTktRSFhFYU9COUZNMElhdXBLV2dPTE91amlZdmJBTjR3dUV6Wldaa2FqeGtYVHF0cTR3ZV9CbzdTUmllQmhQZ2pKVVMyMWNmXzhxN1R3WVh5cmhnMEdtMng4UVIxRUsyR0tsb0RjbnpieTRhNjY?oc=5,MassLive.com,2026-08-04,neutral
CTA,UPDATE: Independent union files for recognition in Clovis Unified over CTA-backed group - edsource.org,https://news.google.com/rss/articles/CBMirAFBVV95cUxPd3FKMC1MMVI0SjhINnllTzdLSjVPUVgyRm9rQVlRTnN5SVhnTTJsZDdnejJLNDlLSE1mVmhZRl80bXl5MDRqZDRNSEdOQ1hBdWNObmNYb01uVXRwdXZWdzJIeWxtNG5rSnI3aHV2ck91c0xMQlZISU1FaHM4TERERTRxTi1nckpjdGFLVHpmbUhSbnBVcUY3RTVjZXIzOVBvblRJcFZ6RkJsLTRf?oc=5,edsource.org,2026-08-04,positive
CTA,"‘Expected increase' of passengers on Metra, CTA for Lollapalooza; big crowds likely - NBC 5 Chicago",https://news.google.com/rss/articles/CBMiywFBVV95cUxQUHp0SFVKemVzQzhpeV80c2N0S0N2M1RFbDNZUFh0MzY5dFFJNTRQN1E0d0l1N1FLSWFPby1EQkJ0N0xVcUZQOF94N3pnNWtTbFdsVjM5cG5JcjQzUGtlSDYyazQzdFpwRk9OdFVrVFV4MDQzWjdDakF6Z21hQVVDclFlQk0xVnZseWxyTFQ0Z0ZuajBtOTNFZ1hlaTZqYkhGSnNsa0NVT2oxWmlVcnZheUx3bndVN29maG9GUFFOMWxXVzFJTTlfM09xTdIB0wFBVV95cUxPaGNxaFhSZWFmcERZNldKZTJfQVo1SEdTWHdZTHJ1Z1FKaVJnVko0LWpxQm1lYWRtZnZ4cmg2anZ6NHJhTTlhdTdCNDZjMFdZalZxZi1zeFJRUjhuaHBvbnpxdG81bFhnRklUU01qMG1BbzdLc2FIMEhONHdQRmZOOXF5aDNDMS0tMjhXOE8tc0V4Z2hDakRCNkZlZGZERnYyNlRIRURLMG9YTm5NMmQybzYzLWx2ajIwUzN2NERtSUU4UGpvSUxIYkFzZDI5Tnl3ZmRr?oc=5,NBC 5 Chicago,2026-08-04,positive
CTA,"New signs intended to deter crime to be posted on CTA buses, trains - CBS News",https://news.google.com/rss/articles/CBMiggFBVV95cUxONmV6RTV2WldwUGt6RTBDNGJyLTF6MjBQVnlMZzJFMU8wdjBNQjhOT1ZKTDlHNXZMZDZYTUoyN1YwTTcyS1F4RXdyWm1pWlJoOFY2SVFBUVFpRldhREZYMXFsUVduR1VESVVKT2ZuVTI2LTNaalZ5TEhWYVlkS3NfZVlB?oc=5,CBS News,2026-08-04,negative
CTA,"Illinois lawmaker, police officer says CTA anti-violence signs not enough - The Center Square",https://news.google.com/rss/articles/CBMilAFBVV95cUxQcHNWMDl4TXNYTHNKNWRxSnFqRXNicUlFU214TkxSN2tZNHphTzFZX0NNLXBBeHdiOWFJRmdQUzlZdUIxSVVjOEhSRnN2ZGNxeUFxbFpqOERIa25hVUFEN2g2dTVXYks4Y093bWpSOFVYS1FPcU82VktIUGN5UmlwRldHbElsRXJ4TEhCdmJwYWxLQjM40gGaAUFVX3lxTE51cHBOU0FZTHI2Qkl2MXV0eVcyVEVvSjluNks5cXpwblJFb3VENmtoT2NsNlJqSUo2TlUyOGY5NUNxRnNFbk5EUC16OWF5Qk9lcF9DUDEzdmVra0ZwM09PSXRHazlaeGg5Tm5DdlFCSEk5LXFKOWJDUGc3M0VEeUFURXVRYUJwb0ZKbG1BWVRMUUx4cVNfSExZM0E?oc=5,The Center Square,2026-08-04,neutral
CTA,"Closure continues on 3 elevated CTA Loop stations this weekend, Chicago Department of Transportation says - ABC7 Chicago",https://news.google.com/rss/articles/CBMi0AFBVV95cUxNbE0tY0lidG1xTFEyb1lKWEN3MWU4LW1YTXkzWVg3YUJwdzFPWS1Kb3FjMWgySG1UekFUdU9wdVNOSkhBR1JTN2o1TGJ4czZoSlRUek5UN2xBRWpiWHY4Z3d0d2VFMWRHWUh6MnJzOTdNMDlXc3Vuc3NqcWxMYkdmRVIybnhBMjZTdUd2b2JNVmhCX3ZMRTlhd3B0aFMyNC1KX1ZQNWozM1Z6TWRabHR6bVgzd0FPdkFTV0lVUzA0bzlJTlJreGkzdFRGbGQxMW9U0gHWAUFVX3lxTE92WXg5Z25kei00dDZYZnRLV3RzU0RVM1FhTktrQmEybnQwVnlma1gzYWZoTlpGSDQwOGhBWmtSTUg2NDhpWkltVTJSSXNoOFlOYlV4cjNRNHE4cUY5SFVya3kycEMwa0oxQjRkMGp2emR0RGxWdjhINFVmNnJfMmRVbTBYZHFQUTBqYVdzNFJoc2JYRmVQTzFBLWJueldFM1FtZ0Z2d2Q1cVI5cXZlRVhvSVBBS0dOQzZucEY0R003ODNKMVFQT1JBdDZVT2k1azBFdkhXd3c?oc=5,ABC7 Chicago,2026-08-04,neutral
CTA,CTA fare gates could look like New York's and San Francisco's - Axios,https://news.google.com/rss/articles/CBMitwFBVV95cUxQN2VhSU9JSHJneUJvMnM4MjJfR1M5Z1cwT1NGZW5RSzdHQUp0SEFhZW9RWU5UaDMybGhQMGdBZzJpUkhmbVhGaV9abW9HU3lSQXExc0djcmQxTl9selNtSDJXbkVHWGIxNThBWXpiM2RHWUs3SGVxbXpFQmlrMFhLWFZCanYtS1hHQUJBa0tRN2RWaGhjZXEtWFloLVVQbDZfQTV1TnBwOUpscTR6ZEdJbEd0d3V0YWs?oc=5,Axios,2026-08-04,positive
CTA,CTA Innovation Studio Announces New Challenge to Test Faregate Technology - Press Releases - News - CTA,https://news.google.com/rss/articles/CBMiqAFBVV95cUxNajNhZDE4TXVTT0dLVlFIWmg1OUZZWmI3YTg0dEkyNzl4UGlfa3l4eWpHV0FrQlItYjlSaWp1NjFtUHVFdE8zYVhVUld3UUc0U25oR1hJQWsxTlVyU1NPYlRicm9qRFBRQThjWDctbE0xM21oLXo1T0dkT3NlckcxenhUUnNNODBmMTVnYk9rZGd1UHVqVU1femF6OEZ6SkJ4dlZoVUlXUHE?oc=5,CTA,2026-08-04,positive
CTA,"CTA crime: New campaign aims to deter violence on buses, trains - FOX 32 Chicago",https://news.google.com/rss/articles/CBMihgFBVV95cUxQQU82MUF6NWJka09Pc3JjZi1lbm40ck1PVnBESFpnTlV1UUFnZDlJbTh3SnFQTGFMUXBySlR3bUF2U0VRY3IxN2Rmbk1JYXZNNERXLUhQU2NKWTI1WEsxTjNJN1FKSFpqTEtKa1NkOWJhc3V1ei1pZUQzUERTWTIwTVYyQjZXUdIBiwFBVV95cUxNMXl4dDNFMEYyTG84V1RZWWViNlNNdGJmamJEUWdvSm5XMXFTcHZETzh2ZU1wTG10d3gzbGZqNS1kTVpGNTBJdGM5Z3J5dmZVYTJGeWxzRWg3M0RfcmxiZEFOMF9sVy0zMVplN2U3ekxjN1htb2t1bnFPeTAtdGRrZVNsNzVyVV9xemNJ?oc=5,FOX 32 Chicago,2026-08-04,negative
CTA,"Sales tax increase to pay for CTA, Metra, Pace problems - Illinois Policy",https://news.google.com/rss/articles/CBMijgFBVV95cUxOTUNWa1JDaHk2eWU4THZZRjV1dFpaLXdhelNFLWJPRXdvdUREYUVZNjd0M2ZNUHNCaFo5aGttd0dEcXpOWHBkdXZ3X2tDMmRtcWRWM2Ewamx1ZUVETm1ZWDRUWHNkcW82b3BQTkRURXJDWkdTRXZqMzY5MXo0RkdwWm9adndBcEU5S0ZtQU5R?oc=5,Illinois Policy,2026-08-04,negative
CTA,CTA Nasdaq de-risking appears largely complete: BofA - Investing.com,https://news.google.com/rss/articles/CBMiqwFBVV95cUxQWW40YXdFVjlNbkhxR1htM3h5anRjV1c5WHdOUlYtNy0wektLd3BHRElGNmpING1zYy1qZDcycV9qS2NRMnlZYUpQYV9pUl9WQnJZcnRnUFBDWDVVUWJFd0RnRHE1dEdQRDQ2Q3gwaDhBajJ6eDluOW1UZ3FZUTI5OHpBRmhvaE0wbUVUUnI5cnJwOUdwM1dwczNEVWJzdnZka1F3UEpvYWtVQ28?oc=5,Investing.com,2026-08-04,neutral
CTA,"SEPTA, CTA report drops in system crime as agencies fortify security efforts - Mass Transit",https://news.google.com/rss/articles/CBMi0gFBVV95cUxOOGYyc19xZmVHdldXVUppR0RWbXJnbk9iX3NJZTJfOEV5azlLY1RIM19nU2FPcEo3Wk1lM2l4SXVKeEJYS3k4OURVXzVuaDVLdTNjYXJqUXRtaFNjb2s2NllaM0lvN1Z4Q2k5N3BoMWhtNU94ck5VUFEzaHVLZDJqc3RWNDFIRjJ5ZG5nanR0a2dzZ3JTVm8wUWpqalN0V2xYZFRveHA4Z3RON19mck1rUWNnUW5aZTl3Zmt2LUdlS3BSUTlvdGVzMjl6MmJTNTh5Ync?oc=5,Mass Transit,2026-08-04,negative
CTA,WGN Investigates: Woman sues CTA after being injured in July 2025 attack at 95th Street Red Line station - WGN-TV,https://news.google.com/rss/articles/CBMieEFVX3lxTE1ENWdXbWlWOFg1R0I4bkxtTTVhR0Q2YnM4NHE5b3l2dVZCT0pvZE9MN1R1WURpWC1ENDZ4NXN2ZVVGRmFoY2U1OHpSVE45QkJ4Z2RadGVfZVBEblB4WWMyNTFLSWVtSzFCdFd5NU9lODZhT3VqWDBQedIBfkFVX3lxTE9zeTVZRVczSm9QaHR2OXRyUlVLcENFZm83TldTODlwTjJnQUlmTUFuMEt4d2NBTnZLdndTRER5amRkT3pYaVdCZmNXUWJBRGplaHFsLVFJY21FRHR1TU5TdnRBV29ZMVkwRWNUS3FRaVdHQkxranV4MGVnb3JIZw?oc=5,WGN-TV,2026-08-04,negative
CTA,Travel Advisory: Temporary Weekend Reroutes of Certain Loop Elevated Lines Due to State/Lake Station Reconstruction Work - City of Chicago (.gov),https://news.google.com/rss/articles/CBMi6gFBVV95cUxQT01vR2NDQVZLWEdqV1RDYVRNQ0U5TWtLN0VHMW1oSjVxZUk5bGdPVEFqakNZTWxUZmlBYU5QV2l3cDU3VlVGaDRob3dDZGtybnQ3WjVtbE1US1N6VU9CeEFXNDhuRWZhRnZiYmpQLUpBVUVfTXcxNW9lY21JZkowUHNwZkloT0gyaUVOSlh6ZTZjbE5jY0N1VjdCbnpoQmF0d0Vjc0VhclUtY1l1SFQ3a1ZXQzFaa0FIczUzYk42ckhzWndUMVU4aGVxaE9PbkhJRGYzd1RuMExkUkdTNmtXNjYxZHUzZDhMYVE?oc=5,City of Chicago (.gov),2026-08-04,positive
CTA,Simplified Risk Score Predicts Coronary Calcium on CTA - Medscape,https://news.google.com/rss/articles/CBMiogFBVV95cUxQNkVNbE91dy1rMzZzYS1HSmNERjRwUW52MFBNYWJjZ090ZHc1elp0bnAyaHVRczVDZjdXcUw0RllRVjBDdUVFNWZuSmw2aFNib0NLVVVWRFl4SWRITlE3cFhGSk8tTExJaEVuU1J2bnlWU1pNNFFnYWlxRXU3LWRDeGxOempzVHMyeWJldGgwUTNIYnA2WlpWU1R6Z2cydUg1c1E?oc=5,Medscape,2026-08-04,negative
CTA,"CTA board approved deal with IDOT to fix Blue Line slow zones, and an increase in bus lane enforcement cameras. - Streetsblog Chicago",https://news.google.com/rss/articles/CBMiugFBVV95cUxON2w1ZnRDXzFfclpDMFFMSHkwOVQyVmhYS1ZDRXJjWlM0cEtuRXNqYnhFdy1BSGtTWHRrdWNKV1Z4S0ppTktDM2t5SDNVTEkwMndhY3ZZVFQxNVQyZVpTQlo0U2lfNV9FQVBoRFVlRHJMNTMyNXZtSllnbGJaYmVUSURnYWZEUkhaYzMyZEM5TmNCenA2T1I4MWUzM1pmSHpQYUstOExhWkkyVC1nU1hrTl94WUVKTS1lRGc?oc=5,Streetsblog Chicago,2026-08-04,positive
CTA,Chicago crime: Cook County State's Attorney Eileen O'Neill Burke launches CTA campaign warning violent offenders of jail time - ABC7 Chicago,https://news.google.com/rss/articles/CBMi7wFBVV95cUxQZDNDbXA0S05FYjlkclF1X0xuWE1sWVJ4VlBQelFYN3A2U0ZqY2pQbVFnVXMybHVTNXpCWjl5Qkt0R2JMWEpTc1QzbFpXVkJRUlZGdGRKbGlsSHU2ODdTQ0wwQzFLMWdqVTItQXBsSlZBM1JVbnpocWVxZkFYaE5JMDdwenRBQ1NWc3o2VnBGTnlfR1hNeC0wMXJJcDJyUnV4cENCSmFrRUZqam1MNDJ3eVRHdDZGSlFTWWhGWmd2V0FfY2dtMV9ncUQ1cFhiZTZfeE5PX0xmdk9mc3d4a3BzWlNWOHFOSHoyQTZiRm1lONIB9AFBVV95cUxNTVotVFZXNXNBbDFCTm5fckgxQUpKZ1FLS2FkU3dNOVFDSWM3ZlhpaDkydlpnZURfbkRhdUttYzRPQTlNQVhSTENyOGUxOFI2djhUcFBaWlhtbEJhWmlUWThpNmlMV19IWjJsWHlSaGw2eGlramZ4UFdfbU5FUGw2RlJQQ3hWSVdCb2x4TlNqQW1FTkdoWjVuaTNIVGpwSmlaUWM0cDlSVENnS2JWeFNvaXVLMjFlenZRUnNQeUYydnRZdHN2X004SExnTmEwTFdGMXhVMjl5YmpyblVoZWx3c1pBaS1Hb1BGZDdybEMzQU9zeVhG?oc=5,ABC7 Chicago,2026-08-04,negative
CTA,"Metra, CTA trains impacted by Chicago-area in severe weather outbreak - NBC 5 Chicago",https://news.google.com/rss/articles/CBMipgFBVV95cUxNWU5WNFplUUZWYlY1OTZVVXJUOS00RFZ1THU5Y042MlEzQk9GUGZDVEdWeEl2RkN4NV9sOW10TVdmNmdIYUpMODktOXJBTGZNZHNPdzByYlEwZ1VjUGliRjNSZ1BjUG9JSzY0QnpWVDh2TW56ZjdxSTk3eDllc0FaWUFCdzgtY3NhcFI2UDhteEN1azZWUldjUDZRM1pDLWxUeVI5NjdR0gGuAUFVX3lxTE5kcFphTTJSVVZmY1haalp5OXh5YnhWcGZGcGhJeG1rZm9QdkNZTzBuVk1QUGZpWDhyRlktWEZvYzliVE9KSHdRTlFBV3kyT1ZlTmsxMnVSRWh3NndCRndzTEJDQUxmRzl6b2Q3em1sSldHeW5pQlpfN080WkVMWWxaWDZfeGRiWjNZZ01vWmhVTjJFUlQxODdwdk5jTG45TTBDUkV0bDlkRXNFVzNyQQ?oc=5,NBC 5 Chicago,2026-08-04,negative
CTA,"Elevated CTA ""L"" stops in Loop rerouted for track work - CBS News",https://news.google.com/rss/articles/CBMifEFVX3lxTFBUZkNmRDhseldNbktPbFNJQkxpbTB0YTRDZHNqM0lPWU0wVDBMRklvdmc3WnhrYm9QeldQX0EtNTB0M1RvWlZlcWJTWWlGU2RWOGFpYmJBUFZPeEpfWVZUMGR5LTJPVk9qTmQxcTNrRDB4WTFrOC1hUGNqWmQ?oc=5,CBS News,2026-08-04,negative
CTA,Combating fare evasion could help lagging CTA ridership - Illinois Policy,https://news.google.com/rss/articles/CBMikAFBVV95cUxQVmlnNzEtcnhmcV9MY2ZOMU9FRDBRZjN4b1ZQcmRuTXFGcEZfaFNLYjBrcUZuamgxYnJWQWRQWm16VmI0cGJDd0ZnclA0MkFmOVVYcklqRmFDS2hZZjd4ejRjb2dfTGJFY0dhZ2JXbDZtQXNJVC10UmM4cU5Sd1o0bzcwMjlxYm8xdFBpbUY4MWc?oc=5,Illinois Policy,2026-08-04,neutral
CTA,"Chicago CTA construction: Agency marks increase in Red Line riders, major update on State/Lake Station project - ABC7 Chicago",https://news.google.com/rss/articles/CBMi1wFBVV95cUxNY3k4R2ZjbWUxQUpUWTA4aHB1UEYxZVRaS1hUMUUxV0xLZEE4TVVvbVZMQ3hPQUFYd29XWDdmS2hGNUdLRmk3V0RlVF95T0pwR25qcHlrMFpCRWd4TDFOMFV1UFBfOHBwekFlM0tXOEpXOUcxQ0oybkdlUjBobURmV1hIbVdjWWh2TlNiSkk4WmpSMzhFSTgtQkIwQl9UZjZMWjJjMVFuN2JlSlZuV0lxMXhhNU1XUENlODhEdjRBQk8wbUZwQXVxTFBLSkkwcWFUWm1MckpBY9IB3AFBVV95cUxOTlN5Wjh5djZPMGNYN1QzaHFmNHhLbEdYRjNpR1BsaGVtTlREQkE1VGdrVTNLVHBobVlzdzdWMFp1SkxCSExqNE5ndmJYS3dvMlB5N29WVEJ3LWhFczlvWTZBQnZZMVFBUGVkaXZ6UlNWQmtwMDlweHdSS2l2d3AwRUgwS01yTDhSVnJyVVNYRkgxWUdveWNNQnhxSlFYTXh4b2JNNzdhMGwyR1RJNEFjOUhwak9IM3lIWWZQS0xZZWlaU0hqU3JmdHZwVXRrWjhuTkdtdEtMRmNUUXZt?oc=5,ABC7 Chicago,2026-08-04,positive
CTA,Chicago to install thousands of signs in hopes of making transit safer - NewsNation,https://news.google.com/rss/articles/CBMihgFBVV95cUxOLTB6SjdqVTN4VmhQQ1N4VkZWVHlNVVZDaklYeFp0djR0SGtXcG0teFJHclcwdXRSUS1pRUVLdENYMkZQVzU4YWd6Ukk2MDM5Z3BFRm56QU51cU9PZ2FXeDgteHV1Zk5yQTU1dDlfQm9mVkFFVm91ME5qcXhEb3J4ZlE2aXFSZ9IBiwFBVV95cUxQRnFvc0Ryc0prLU9yVWtaaGhjNzZwZjdlRXpuNUpBWXpxc2RUb21qcXNzQy1zTExHMmVheFNqMTlXaWVWWVZWWDZveGN3TEZuYWgxNFFOZXo3TElzR3d3VTNHODFobDJzb2k2VktZYTh2YjJXWTNPT0Npcnlhcms3WlpPVWM2VFEtNTZB?oc=5,NewsNation,2026-08-04,positive
CTA,"CTA says crime is down throughout the system, but many riders still don't feel safe - CBS News",https://news.google.com/rss/articles/CBMihgFBVV95cUxNdDVHMlgxazFvbm91OUI3WnpyeWNSbUZkdm9aTjNuQ1ZqUlRMWXdkaTBQQXREQ0VHM2NUMWRBOFJsMEJSUEFoWVppQm1POVFsMjQ1dzI0WXJTenRCZGZTREVsTUpGb0xpOWxRaGw2ZzlySGxLazlTcnh4MWhacHY3NURTQkpIdw?oc=5,CBS News,2026-08-04,negative
CTA,"Heading to Lollapalooza 2026? What to know about $5 CTA passes, road closures, and ticket help - Secret Chicago",https://news.google.com/rss/articles/CBMidkFVX3lxTFBiNmg5TjhMazJ4VndKbDNzN04ycFBtNjEzLTc5b2JGVDdVSmNndVdqcjMtZVpJamtYUnhhNHItUVQ0NzdsVXVRYzVSU3JaaE5CaE1yUnNDOFY1YmpNT0phWnowaFJHQUlEQnFDQjRyZDZoUzJBd3c?oc=5,Secret Chicago,2026-08-04,positive
CTA,Depend on CTA to Get You to All the Independence Day Celebrations; Holiday Service Schedule in Effect July 3 to July 5 - Press Releases - News - CTA,https://news.google.com/rss/articles/CBMi4wFBVV95cUxOVTgtYjNyVHFRWXJoT2lDSi1jc2x3SUw0VFVLaGpKbVpRaHVXOXVxVWlSeGthV1M1d3F0M0R6aVRrT09iX1o1ajA5WFkzakVCSUxSdlRNY0lianhzVjkyUnRUMFRLNnRDQ0NKVlZLX3Y3YWFCNGpKWlQ3cUR6ZnFmRThhZXVKTWNxMzczTGUtYVo5NkZpd2s4RFZxeUlCNlhfZkVVRFhxR1VmSHYyR25uMmpYbk5SQWE5SnQ3YUJuaVJXNmhLdjIxTTlKRUd4Q0Z2QWdLOUIzbWlwaE1UY2x3dm5RVQ?oc=5,CTA,2026-08-04,positive
CTA,CTA looks for new gates to help deter fare evasion - Chicago Tribune,https://news.google.com/rss/articles/CBMic0FVX3lxTFA5eWpPMG5CY3pJMlpsQjJ4QnVJME92VDE2T3hna01IMVJaZnVUNVVqZm9MRnM4V2kzQTZhWFk3bEYyRXNvVEdqaVVIQlk2c3VvRm13SEN0YjZVaHdjS3FuQ1Z4aHNIYTA3ckFDVXFfSDZGWDA?oc=5,Chicago Tribune,2026-08-04,positive
CTA,Pretty Cool Ice Cream and Chicago Transit Authority Partner on New CTA Line-Themed Giveback Pops for National Ice Cream Month - CTA,https://news.google.com/rss/articles/CBMi7gFBVV95cUxQRzJraW5qaXVQRGRaUWh1UFNBYy1GMHhvYnowakt2bTBycXJjeFR6dElxUlBDbWpWU1ZVcXhuRU1uMmR3eVRhM3FqNnNWd3NuMmZqQUExSWwzUzctbk9nMVBHLVh5dXVrU3BKUlpSR29mdzZ3eUw2ZnozaV9seURRY1JnZUxHRnQzalQ2aVhfM2tmZDgxWWlyNlEtREp2UVBqS1g3aDRSb3Jwb3FlWTZOMnNXZnA1WlN4TVdzcWIzQnNQNm1hb3lFWkI1WHQteVA1SVNNd2hUdjVJamR4SDlfVGs1SzEwRUQ4a29yV3Fn?oc=5,CTA,2026-08-04,positive
CTA,"CCSD teachers give Superintendent Anita Huggins highest rating in CTA survey history, but say board needs more focus - WCBD News 2",https://news.google.com/rss/articles/CBMijAJBVV95cUxNT1QxdHRBX1RieGVrSW1tazFQcHp6c1ZhVzdiczhaZjU2aVhXME5yRmlWdVZVTUFzNWxNc3BkWWNTcWw2RUFZVjNQNmFpRm1lSFJrSFh4bjZIUUVXY2VjU3NibFFrUFlmaUhxaks3Z08tTEJRd0NCYXFnZENpMTc1cXZJODRCVFNWUFU2UDZmWnhvX2Q1amUxZGQ3eHVRM010T1F4R2tNaEVoUEJfb3VLc1Z4bjNRc2VBZDlZLWI5eGc4b0ljUmtJS2NRNkM0Vjg1WWdpa3JuM01JWnlMbjRNYzF1cnR6VTBhSW4wMEtZZElOaDZLdmtjM1JuTG11Tko1cHhvaFZacS16WFdl0gGSAkFVX3lxTE15ZGNfR1RpNFdlOFV0QUNnYXc0SXRkWjdtMnpkOHQ2bXBZYWcwUjl4TnJQUzhLVGN6bEtTLUdOMHg2Tl9UQXFEcXdLT28xYWdwZ1VjNDYzWTQ3RWhPRzBBdGZ1RWo3YWZjdjdaREZLNGl5Vkp1YWRDT1lya0FfWmFGeEw2cHN4QWxxRVljRTNzY0VzTlNjVnhhY25IaGhJa0NQcFJmRGhkekp4UXIxd3REV2F2dkFvYWFZOXNLUGlhelFEcmw3bnhnUHZad3J5cEN5cU43bGdWY21sRlpmZ2t4OHprSGU3Umg2bmg0aUhLMjk3TDhxLWZuNnZvUmQycUNYZ3p4NTZCVFNJblBPTm1Zemc?oc=5,WCBD News 2,2026-08-04,neutral
CTA,Mac Casa / CTA | Creative Architects - ArchDaily,https://news.google.com/rss/articles/CBMidEFVX3lxTE1OSHFwSlVfbnBBMDVsc0RFRklRempYVlNMclg2UGhoUlc2T1FMdzVubFRkVXluTWJuck8wRzhHYVVxRXh6RjhHQWZMY2p3Z1NBT3MwbUpRcHZoNkpwUjhSbGFBM1ZkLXZGLXF3T2VmUFBJaWIt?oc=5,ArchDaily,2026-08-04,positive
CTA,CTA Yellow Line service restored after train crashes into SUV at Niles Center Road in Skokie - ABC7 Chicago,https://news.google.com/rss/articles/CBMixAFBVV95cUxNR1hyMTFhd0U5eDFhQWF6Q1hKTXZManRMZExIdnRQUUpadWxrRUJtNjk4a25lbktFdTVlclNleU5mTGl5T3U4QXptUjRHYUprUGxmV0g5SDZFVzBoeDZPSGtuQmtrM1Q4aXZWN0xBZklfYTk2c2dNa09PNUEzTmJTSUhpSFVTZFRPckFYVmRsNzBoMXVFeTVGSnRadFNDY1Jhd04wSXBZOGpDS3k3MEZ2TDRqV3R6Um9vNXEyWnZXRUpzeTlv0gHKAUFVX3lxTFBRdG41VlFWX01qU3c2U0JpTWpSZU9SbUhEaExKRDdCQkprZzhXTDBITlhGd3dFNkhES1UyakdHVm53ajNjaWVncGU2RERyVmtpdEFPSENzMVVnQnVUU3UtNm5oQkRrLUoxX3d3SWVKZ0pqS1diRDhJdUhKZmdiSzhuRnVyYkxUOXJYUlpoWGNnOHdBV290V0ludkZBd2hrQnY4Tzg5bmdVYTM4aFBhbTJPYTJ4V3UwTjk0b3V5M3pVakJYSEtGaVc2NHc?oc=5,ABC7 Chicago,2026-08-04,positive
CTA,"After pushback from advocates and alders, Council OKs CTA Chair Barclay for new NITA, CTA boards in close vote - Streetsblog Chicago",https://news.google.com/rss/articles/CBMitAFBVV95cUxNeGU2MTBxSmVSTzZqUmMyWVpMek9VZ2hnR3FQU0lXMVM0WGs2b3N5ZElQNVZBdjFvbHJnREVDTl8tNGdOYldJbm96TE5ITU5XUzZBdlVuVXkzYW1xcUFZdi1qQnN4djliTTh3SnFlUFltMV85cEhHcm9DamJJVWpOOGVBUVRvTlFRMmFqUkRZWnFGYWZpMEhIWUxacFdObUNESmxWZk5kT0VJS2lINTR4T2lXblQ?oc=5,Streetsblog Chicago,2026-08-04,neutral
CTA,Letters: Putrid smell at a Loop station is an example of the problems that plague the CTA - Chicago Tribune,https://news.google.com/rss/articles/CBMifEFVX3lxTFBPeGJadVl6enhTRkJSaFpIMDhrcW16YVhEdm90Y29LekIzZkRrbUF1QXh2bW5NS001dWp5VnBCaU4zaEh5MnU5aXBiYlRMdmM5cU81NGY4d3Q0Wi1uX2J2OUYwVlhUUlZ3a0F4WExQclJGTGllcjYwTWlmaHQ?oc=5,Chicago Tribune,2026-08-04,negative
CTA,"Today’s Headlines for Thursday, July 30 - Streetsblog Chicago",https://news.google.com/rss/articles/CBMiWEFVX3lxTFA2enhGbTZEUFNZLUk1WGVmNFhfQzNIcEgtYWN0NGcxMFlneEVJY3g4UWxyY2Vxa1pjX1lVM18wWkRrVG0zTmVDU3hzamVJaU1sRVFPa2NRLVM?oc=5,Streetsblog Chicago,2026-08-04,neutral
CTA,"3 CTA bus passengers injured in West Town hit-and-run, Chicago police say - ABC7 Chicago",https://news.google.com/rss/articles/CBMipwFBVV95cUxNS3Y4SDdwOEN0LUN6c25XMmEzNDhBaGRUX2lFbVR0cjYzc1VTMTJJX0NLNjlQd19kNEk1NlVEdDhIUEtzRmMxZTNJWG1WQjl2Skx4c1RFeG1oS0Jkdko5eUdsNnR2bXJncGM4VXljSEcySkpYVmRSbE1BRlg2S1MyVjRpQ2pSRVNGcTJqa2V3OFBUSXNGdG1OR2pVZi1XSTlPYXNncUc2b9IBrAFBVV95cUxOWlNpdUE4MDM5SW5wSU1BcjRxV2d4anV4MUtvQUlPTHV0YXhTVnBXcFZraEY0bVFyREtwUVI4cU96cDBkZW1sYTE0YzhWNDRjU2JYT0FmOEF0YXk1WVNSQm9Gd3hYRndRbjg4YW9RWTJ3U2hEdmtmR3NQa09yLUViblo0QW5YSHp2SHBNOU0xMzZKdjVJNm1mZ25hVkpDa3U2dmZjWVVPMHNQQ2E0?oc=5,ABC7 Chicago,2026-08-04,negative
CTA,CTA serial attacker caught after assaulting children at suburban day camp: prosecutors - CWB Chicago,https://news.google.com/rss/articles/CBMitAFBVV95cUxPMURpR3NXa0l0aWgtTXg3TnZrTG1QVXFJUHc1TzBTeUlCQkZBQ0tjemx5MXJ2RGxrTXdsUDJRbEp1cnNQeFJiWDNtazBLaktvZ2hSMnJuTnVNTmVNdnNCMW91X21yN1FMWW1QUlBqNUVscEkyTEhxbkg2ay1vQVkzVnp2RGJKYzA0YVFWVHlodXh4V0xfNWdXaUF5MjRVNV8wOHZtbWZyRm5DTmZrOU5mQ3B2bGw?oc=5,CWB Chicago,2026-08-04,negative
CTA,Gallery of Shiliu Caizhi Park / CTA Town Design - 19 - ArchDaily,https://news.google.com/rss/articles/CBMizwFBVV95cUxObV9POUhGLXc5NHlGNldlWTFVRnlmcnJnQkVUN3gyU19FT3p5ZjlfZHFBb1pRN2NxNDdibURzVjVVVlhlNEZGeVpDVGV1TkxvWTdZeXJSOUtFdnhHU0pLMXdMaV9Lc2lXbGMtbWJMMFlUcldlMkZnZjJvTW9rc0FaZkNoeVdwWGNVT05LYUFZbkYtWGo4cWwzVjJrcHp5XzNDeVE1Yk9SWVZRTGFzNjV2UmhFZXRpbHlIZTJJTXVVQkgzTkRFalh4OXdPdVdBdjg?oc=5,ArchDaily,2026-08-04,neutral
CTA,Chicago CTA leaders say crime down 30 percent over last year - ABC7 Chicago,https://news.google.com/rss/articles/CBMimgFBVV95cUxNSGM1aFVsdVlQWlY3dUgxb1hSSXlCTnFrZ3VFdlpnaG5yNWpyMHVGNGtFQmpyU1MxaGppM1EwbENrQ3hnRjQwVV9tUm5iZXNWZ1kzTjQ1NkpTeG1zVkxHS19xMkhkQnVXNDNpZE41QmI3NUNUTlNzS0ctYncxSThJa3ZZaDhsdTJVTURPR09vTjZOUkx0VkZpbDVB0gGfAUFVX3lxTE9xcVNSM3FZbG1QalYwXzA2ZVVjTEpodkliOUExZVVmRkVmQktJVC1aT2VkSU1sYmMwQV8tTlBLU191aFZZTFJUQlFqQ05YZVVuOGQzbjhxVEVCN1B5bzE1ODE4UWw2X1VGcWRENFpzRFJJUnRwbzJDZHRGSER6YU96VnBMVUtUSk5uS3JmZEhscTlXX0RmZmVmdlM4S21ucw?oc=5,ABC7 Chicago,2026-08-04,negative
CTA,"CTA, IDOT sign off on design prep for long-awaited Blue Line improvements - Forest Park Review",https://news.google.com/rss/articles/CBMiakFVX3lxTE1Wd0F4YU9KN0J6THVoZElWUWg4VTZrUWIxNF84OU1YTHhZTjhlWVZwREZYMWVqaDBVY0k3VFRpbUtjbzR6SDRBRjZCMUk2bXF0eF9WRWZOS2haN2VBUVJoLTY4dUNXLWI1N3c?oc=5,Forest Park Review,2026-08-04,positive
CTA,Gold: FOMC repricing caps CTA upside – TD Securities - FXStreet,https://news.google.com/rss/articles/CBMilwFBVV95cUxNSFNGa3N2bEl6b0xKTGVoeHk4TVkxdWNHWDFfSHh2VlRtRC0xYUFRTjFpOFZoT0FTM1YwR01zR0J5NnNTWldSek9SN3ZtQW5WMW5DZmtEbENGQjJrNlRKUEZhVWw2TWZVY0kyWDRWY0ExaVU4NElJNEpKYW90THV6dTdxUXYzd09WSUIwb0pSY3Jad0ktODE0?oc=5,FXStreet,2026-08-04,positive
CTA,"CTA secures funding for West Side transit improvement design, construction - Mass Transit",https://news.google.com/rss/articles/CBMi8AFBVV95cUxQZHJ4aXZ5clc5bVFJYmdxUkNldDFxdXFyaEQ1RE9tQVZCY25WWFprWW9iWkkyS24xRElRT0JxR3ZvM1JSMHJpb25zYlFrWjdpS1hGSFBOYUZkOGljYXpoTm1ER2Z0dXZjMGJ6VGhGOGx0a1BxTlp2QWxrbk1Dc1FRaVVyZzFMaHA1ZUlySXVlNFNNdVFKNUQ0ck85aGgxYXlNQ1dXdC0zajRrWGd6MlY0RC12a1ZYbXhtd2J3b2otakNoejdfaXZYbTV6alcxUmNobnRkQTRjRkFUNUZMLUNTNVFzdm9WWE1aTjE1TGo3bVo?oc=5,Mass Transit,2026-08-04,positive
CTA,"CTA seeks upgraded fare gate, fare collection tech through Innovation Studio - Mass Transit",https://news.google.com/rss/articles/CBMi8wFBVV95cUxNWUR5QUNUNThDcWRhSGZvYW1lRG5zcE11Y1pOS2R3MTFISFZ3VExzSnZnSGpkbXRuNjlRbFRualQ3Wm1oMjFKc3U4UUlOYVNlX08xdEVhVGZ1LXp2YXp5cUNuT3N1QnFCQXlvM1Q1M2JsaDRsTEwxVkgzdW5mS1JOeGVZUkFFWkYxLW9ZUHBrXzItN0tRUFFBYjJ2R2ZFVW15S0dzc05GVGtHamQzWjR1TktRSDNKbUtIUTd6cXp1LUhBVVdOZmVQLTk5cF9MTjFaZnVlY0MyektmZU5lSzFDOHgxaGVKdE9XWFdPa3oxU0RzTWs?oc=5,Mass Transit,2026-08-04,positive
CTA,5 Salesforce Architecture Resources Every CTA Candidate Should Use - Salesforce,https://news.google.com/rss/articles/CBMidEFVX3lxTE5CRmRlMjhpRHY1aFBvRi04MDBfRF80OF93akVVZDFtZWRIT0x4OVAwaEZPS3VzdmFOemJtXzluejg2NkZ5YU1fZ3B3TTNpUFRQcFUyN0dZTy1IdzNVcHp4OWt4bVJybGVORDBPZXFYNFlQYkJX?oc=5,Salesforce,2026-08-04,neutral
CTA,Gold: Fed risk caps CTA upside – TD Securities - FXStreet,https://news.google.com/rss/articles/CBMijwFBVV95cUxPSGdmaDVwWmdMV0hZNFZYWVg0b1RHUnlMT24wSllHbjNNdDdrdmlRXzlaTmZUY0RZRmROTmFjNS0yNTlSWWVGWFcteTlXSTZ2X1N4QXJ5a0doaXdRT1poNGNoTWlxSlNtQ3ptLVQ1S1ZBWE9lRHp1YjljV0JrMTJYbE9WVjhhV1lXZmx6NktuMA?oc=5,FXStreet,2026-08-04,neutral
CTA,Public Service Commission Begins Tibetan Language Workshop for CTA Settlement Office Secretaries - Central Tibetan Administration,https://news.google.com/rss/articles/CBMitgFBVV95cUxONW4tNlFKU1dabGhoRXRpdUNURFljX2w2YThyYWJmS0hTdld4a3dKWENHZkZiak91R1pReDQ2TTNrZWdySFRMX3NQMGxVN2dTRDNfU2tmeVdxMXNCNWdVV0d2eWt6b2N3T2N5SW82aWF0UlliNjdJZ0ZqNW5mNUVkMzhmOEpsdjdyZjhLN1FZaXpyTDlWSWJVTnR0WHUxZ1FCd2dtYk1PTUduRkxweTd0VDVrOTZ0UQ?oc=5,Central Tibetan Administration,2026-08-04,neutral
CTA,"Transit Briefs: Amtrak, Metra, CTA, MDOT MTA, TramCité - Railway Age",https://news.google.com/rss/articles/CBMikAFBVV95cUxPZkNCZ3gydWtSMkI4bU1sZmM0bXNjUjM2MnUzZXhnSXYxOTN4ZmFvWXBVSFB6VkxORk5rTXdIN3V5RTE5NUdhSUdrZzhtRm5ibkdISHJvc3RyVnBBaHdpWC1WaGx1UUUybVpabW5EV0puVTRnMFViUDlaYV9ScTdGZWlGQlFFX2VEaDVRRFIwbGc?oc=5,Railway Age,2026-08-04,neutral
CTA,"CTA Bus, Sedan Involved in Crash - Citizen app",https://news.google.com/rss/articles/CBMiUkFVX3lxTE14YTlVZURpR3RWek1HTFpSSHpuendqYjBNUjZkMlNqYkFDeTNvVDkzRVF2X3lxTGNqamZmLTZrLVExR05tSm9EZmdMclppX09xWGc?oc=5,Citizen app,2026-08-04,negative
CTA,View from the wheel: CTA needs a better approach to Bus Control - A City That Works,https://news.google.com/rss/articles/CBMigAFBVV95cUxPbzR2dXkzWHZkZFN5cFdVbndlUExOOUtXYUJjck9sakVJaE5lYzc4bjhkNnk4clgxd2pJMENiZ3h2MWR4VXNDTUpQYVBvTVNScFZGYTJtQk1XdWVVdndOMlJVT0ZtU0ZGTUQ3TjJja3lBeVo3M0Q3ZE5tSHBYdW5Pdw?oc=5,A City That Works,2026-08-04,positive
CTA,Truck rams CTA bus in West Town hit-and-run - Chicago Sun-Times,https://news.google.com/rss/articles/CBMikwFBVV95cUxPUTZ0bzUwTG5qRDdGWjFid1l4eHVZQWRqMXI1QkxIbUZYYWlaNU51NGxYcWVoMWFfdjZVWTVBblo5bjI4Y3gzazVMempDZE8wY1IzZFdrUG1zcEFPTkhfU2xTckFiQmx4UERybU5wZXliS25MQkxsTFBuRi04UG5ZRXlkVXZaVzhWSnRvMlJmY3lqS2s?oc=5,Chicago Sun-Times,2026-08-04,neutral
CTA,Chicago police: Man wanted in CTA train vandalism cases - FOX 32 Chicago,https://news.google.com/rss/articles/CBMidkFVX3lxTE0xUWp3SmQ5U1VqMEhDQUVSQThmX2hXampldm9sYlFGdV9kdTZ5a05TLWRoY1ppTS1GRTdFZVBsQzBLcmJZU0tYT3VhZGVVWlM1ZmJfUGJJTHdpdEhHRC1NQWNBWmdkSVl5dkZJUEQ2Z0lBYzlsUUE?oc=5,FOX 32 Chicago,2026-08-04,neutral
CTA,CTA safety: Cook County sheriff says dedicated CTA police force may be needed for safety on Chicago's public transit train system - ABC7 Chicago,https://news.google.com/rss/articles/CBMi4gFBVV95cUxPUDBlc2lpV3BlM2E5cWlrS3ZDd0dKRDJVVWpMamNISHRIbTdEN1lPRVlOakdqcHZkZXFzalA2VUdacFdQSGdVdnFKN1d4ekZiNENDYURTSHdzQnp2VC1jbXFjdDktZEFsQk5BYk5wc1lPYTRfWDM5Vk5RM3dvSFAwUVoxdEtGUFhGTk9EZ241aDhrV1RGek1RbW5VTUh1bEZSbnlCMlV2TEQ0VWJtN2Ixc2stSGxISHdRQzBEeFgwU0NqLW9RNlZBUnAyVWNlMUhfV090UjZ2MGF4NXJRdGs3aXVR0gHnAUFVX3lxTE5hR1A1N2I1UnBhR1B4Q2VJc2lBU0E2VmJNYUhJQXdtX3h4Z19KaUV1UlpacldPenVNZlFyUngtbGdJaTY4UHdZSmk3QW0xU1R0Z2pyc1o5UE9TTXp5SlV3Q21HNGFLY1RVSE9uX1c3OFpSU3FDMzNQVEtUNlNRQVNCWDh0czMwd3FwbTJlVHR6ODRPS2hURzVycW1kd1UzdU44R0R1X0tYNkxCdmdCeU1ITjFlbTEtTGtCVFNTMnZMd2NLLUplV0NtSjZBZ2M0ZUtPZVIyc2FvazhJc3BoYWV1ZDJPRzZTOA?oc=5,ABC7 Chicago,2026-08-04,positive
CTA,Yellow Line extension in Skokie could take ‘decades’ but CTA is studying it - therecordnorthshore.org,https://news.google.com/rss/articles/CBMivgFBVV95cUxOQmVFMjBCcXFlenVnSnJHWWxzR2xiYVZWbk1RRVZ4eHlfeXBlTmloNl9zcG41QzQwNUl3bWhtNE1FdjlWYjhqNld3aDh0eWdaVTREWUtkT0FLV0MyLUhEdGxvVERJMHJyRVRwQWFTWE5sUHM1ZTZ1czVKUXlhX0ZEREl5RE9HRGRhVkt4TTNsclpwMGJBeHI0SG9PRFdmeVFFUmhzanFpTGE4Z0lIY1g3djN2blU1TXdfS1BNTlB3?oc=5,therecordnorthshore.org,2026-08-04,neutral
Chicago Transit Authority,CTA fare gates could look like New York's and San Francisco's - Axios,https://news.google.com/rss/articles/CBMitwFBVV95cUxQN2VhSU9JSHJneUJvMnM4MjJfR1M5Z1cwT1NGZW5RSzdHQUp0SEFhZW9RWU5UaDMybGhQMGdBZzJpUkhmbVhGaV9abW9HU3lSQXExc0djcmQxTl9selNtSDJXbkVHWGIxNThBWXpiM2RHWUs3SGVxbXpFQmlrMFhLWFZCanYtS1hHQUJBa0tRN2RWaGhjZXEtWFloLVVQbDZfQTV1TnBwOUpscTR6ZEdJbEd0d3V0YWs?oc=5,Axios,2026-08-04,positive
Chicago Transit Authority,"New signs intended to deter crime to be posted on CTA buses, trains - CBS News",https://news.google.com/rss/articles/CBMiggFBVV95cUxONmV6RTV2WldwUGt6RTBDNGJyLTF6MjBQVnlMZzJFMU8wdjBNQjhOT1ZKTDlHNXZMZDZYTUoyN1YwTTcyS1F4RXdyWm1pWlJoOFY2SVFBUVFpRldhREZYMXFsUVduR1VESVVKT2ZuVTI2LTNaalZ5TEhWYVlkS3NfZVlB?oc=5,CBS News,2026-08-04,negative
Chicago Transit Authority,Chicago to install thousands of signs in hopes of making transit safer - NewsNation,https://news.google.com/rss/articles/CBMihgFBVV95cUxOLTB6SjdqVTN4VmhQQ1N4VkZWVHlNVVZDaklYeFp0djR0SGtXcG0teFJHclcwdXRSUS1pRUVLdENYMkZQVzU4YWd6Ukk2MDM5Z3BFRm56QU51cU9PZ2FXeDgteHV1Zk5yQTU1dDlfQm9mVkFFVm91ME5qcXhEb3J4ZlE2aXFSZ9IBiwFBVV95cUxQRnFvc0Ryc0prLU9yVWtaaGhjNzZwZjdlRXpuNUpBWXpxc2RUb21qcXNzQy1zTExHMmVheFNqMTlXaWVWWVZWWDZveGN3TEZuYWgxNFFOZXo3TElzR3d3VTNHODFobDJzb2k2VktZYTh2YjJXWTNPT0Npcnlhcms3WlpPVWM2VFEtNTZB?oc=5,NewsNation,2026-08-04,positive
Chicago Transit Authority,"Regional Transportation Authority sales tax hike pushes Chicago's burden to 10.5%, second-highest in the nation - Illinois Policy",https://news.google.com/rss/articles/CBMi6wFBVV95cUxOZDAyY2tsQTVidXpHV1Q0bC1ZLWdHT0k1SFo2V2toYkV1cHFfSThXcThWcUlKZENMaGN4TFA3bGhucDMzWXYzb2hyWVF5aFZWZGdsdnhfSzZRbTlJUmhkbTJKWEtSZXdfSy1JTl9ET0Q2blNMV2s1aHlUSUN1SHZRVEFZZUFBbzNJQ2Zxd3NvdWFUY1gwT0JjdHl5akZtQnBJNExZTFo1VjFwLUVUdDVXcVdBQWo3UHUyYktQXzVYLXdoQzB6TDZhY1hqcXJEbXFUNW5qTkNGNkRZSWFUbzRpX2U4Q2w0TS0wUUtr?oc=5,Illinois Policy,2026-08-04,negative
Chicago Transit Authority,"CTA crime: New campaign aims to deter violence on buses, trains - FOX 32 Chicago",https://news.google.com/rss/articles/CBMihgFBVV95cUxQQU82MUF6NWJka09Pc3JjZi1lbm40ck1PVnBESFpnTlV1UUFnZDlJbTh3SnFQTGFMUXBySlR3bUF2U0VRY3IxN2Rmbk1JYXZNNERXLUhQU2NKWTI1WEsxTjNJN1FKSFpqTEtKa1NkOWJhc3V1ei1pZUQzUERTWTIwTVYyQjZXUdIBiwFBVV95cUxNMXl4dDNFMEYyTG84V1RZWWViNlNNdGJmamJEUWdvSm5XMXFTcHZETzh2ZU1wTG10d3gzbGZqNS1kTVpGNTBJdGM5Z3J5dmZVYTJGeWxzRWg3M0RfcmxiZEFOMF9sVy0zMVplN2U3ekxjN1htb2t1bnFPeTAtdGRrZVNsNzVyVV9xemNJ?oc=5,FOX 32 Chicago,2026-08-04,negative
Chicago Transit Authority,Chicago crime: Cook County State's Attorney Eileen O'Neill Burke launches CTA campaign warning violent offenders of jail time - ABC7 Chicago,https://news.google.com/rss/articles/CBMi7wFBVV95cUxQZDNDbXA0S05FYjlkclF1X0xuWE1sWVJ4VlBQelFYN3A2U0ZqY2pQbVFnVXMybHVTNXpCWjl5Qkt0R2JMWEpTc1QzbFpXVkJRUlZGdGRKbGlsSHU2ODdTQ0wwQzFLMWdqVTItQXBsSlZBM1JVbnpocWVxZkFYaE5JMDdwenRBQ1NWc3o2VnBGTnlfR1hNeC0wMXJJcDJyUnV4cENCSmFrRUZqam1MNDJ3eVRHdDZGSlFTWWhGWmd2V0FfY2dtMV9ncUQ1cFhiZTZfeE5PX0xmdk9mc3d4a3BzWlNWOHFOSHoyQTZiRm1lONIB9AFBVV95cUxNTVotVFZXNXNBbDFCTm5fckgxQUpKZ1FLS2FkU3dNOVFDSWM3ZlhpaDkydlpnZURfbkRhdUttYzRPQTlNQVhSTENyOGUxOFI2djhUcFBaWlhtbEJhWmlUWThpNmlMV19IWjJsWHlSaGw2eGlramZ4UFdfbU5FUGw2RlJQQ3hWSVdCb2x4TlNqQW1FTkdoWjVuaTNIVGpwSmlaUWM0cDlSVENnS2JWeFNvaXVLMjFlenZRUnNQeUYydnRZdHN2X004SExnTmEwTFdGMXhVMjl5YmpyblVoZWx3c1pBaS1Hb1BGZDdybEMzQU9zeVhG?oc=5,ABC7 Chicago,2026-08-04,negative
Chicago Transit Authority,"CTA secures funding for West Side transit improvement design, construction - Mass Transit",https://news.google.com/rss/articles/CBMi8AFBVV95cUxQZHJ4aXZ5clc5bVFJYmdxUkNldDFxdXFyaEQ1RE9tQVZCY25WWFprWW9iWkkyS24xRElRT0JxR3ZvM1JSMHJpb25zYlFrWjdpS1hGSFBOYUZkOGljYXpoTm1ER2Z0dXZjMGJ6VGhGOGx0a1BxTlp2QWxrbk1Dc1FRaVVyZzFMaHA1ZUlySXVlNFNNdVFKNUQ0ck85aGgxYXlNQ1dXdC0zajRrWGd6MlY0RC12a1ZYbXhtd2J3b2otakNoejdfaXZYbTV6alcxUmNobnRkQTRjRkFUNUZMLUNTNVFzdm9WWE1aTjE1TGo3bVo?oc=5,Mass Transit,2026-08-04,positive
Chicago Transit Authority,Elevated Chicago Expands “Elevating Culture Near Transit” Initiative with Three New Grants and Historic Partnership with CTA - CTA,https://news.google.com/rss/articles/CBMi6wFBVV95cUxQSW53TjNNdzRRamNrTlA4T2EydWpocnVnNjVwVkYxV1k3RHU2RWp5VTlEMHZsSlBkSVpuU2laV3BVUmZaS2ctN2J5WC1ZbHQxT2hsQm9VdTBVQkRSN3QwTFNuOHJYTUdpZnNkRzJJYktrWV9QRFZseHV6V2tyYl9ZZEpKRm5kdTdiSWZ6UDc3bmFmeGpwUi1JMGg2SEJ4OUlVaTV2YW84QVliaVNuQ1lybi1WeXExSjhjZ3k3bVNRdmN1RDlycUN6d2ZzR2hjb1NXM3hZODkwOUtRYmc3NnZZZU1GUVdMQ2YtcGFJ?oc=5,CTA,2026-08-04,positive
Chicago Transit Authority,"Toni Preckwinkle backs Red Line Extension connections, wins approval for transit picks - Chicago Tribune",https://news.google.com/rss/articles/CBMikAFBVV95cUxPVFpkMEdSUnBoV2FtSHQ0b2FaWDlrRzRGQWlGcFYxd04xRnpkeExqZkdwT2JlLWZRbkVsRVVhSWN2dG9sVTJzX05fb0JsejNieXQ5RGE2clF0VWRIRW5OdEVVTHBOUXM3TnV6Zm00RUJLVm9aSGpXWWtIZlpwWDlzWWxNamt4enpKQkpZVUVhQWk?oc=5,Chicago Tribune,2026-08-04,positive
Chicago Transit Authority,"Multiple Loop ‘L’ Stations Closing Next 2 Weekends, Riders Should Allow Extra Travel Time - WTTW",https://news.google.com/rss/articles/CBMiuwFBVV95cUxPdGNWVFcxUFBxWU14SVhjbUxWTHRWeG9ldENISFBhSTBRWGR0OC13NnVNd3dIRFgyT2k0TE14eEMxSld5R0NIY3Fhd1FuTW9KMlBFMk9JTjhsQnlYa0w0RHhDWE50OVIyRzhHXzA5TzBPdTdjRm9PYlEyWFBHSV91WWtDblRIX3lQbGZWNGlXWHdmY1ZJaVpicWlGU0xWQVE0NXBBUWVFTm5ZNS10NDdfT2d1WE5uMk1hN3g4?oc=5,WTTW,2026-08-04,neutral
Chicago Transit Authority,"Acting CTA boss cites major drop in crime on transit system, credits collaboration with CPD - WGN-TV",https://news.google.com/rss/articles/CBMixgFBVV95cUxPUHJ5N1hKa3gtWUFDUzVFcUxEcE84dWJ6Ni1YMHBhbWRfWDVOcUJGSHRQU0ZTNUxUX0NJbThjOEJiclNLOEJHejAySWZvaGRmYWx5YXcybVNBSTM4THFNeVBxTWpjNzhCZ01udDVMaUk2QmQtUXpwMUZpbHlILXo5ZmdVRlRWUlpFTTQ4RjdBaDVWRVpEM3JDTWdOaVJhVk5hbVFfbGVRYVkzbl9tVDRFb2Z2YW9yQ0Z6TXlpaDFLMk5HT1gzcXfSAcsBQVVfeXFMT2ZQUGRubHN2VGhNLXV4NERBOEJqMVVmUjMzcW9Ublc3TXFuTzQ5TGxGY0JIaFEtRkl5UTdJYnprV1A4MUVTYWs4Q0FHOGl5SGtiVExKSFRnZXdTODY4NW05azRyNjloejNpblBQdUhjNXhySlRva0FkdWhDZ1g1SU1BNDNfejNCY3EyTW5CMkdTeGRGdktqbURudGlBT3Q0cElET1d4SHlDQnpxd0FoVW43REdGbHRGeU1ncUU4ZGFlc25wNVdnend0Mmc?oc=5,WGN-TV,2026-08-04,negative
Chicago Transit Authority,Combating fare evasion could help lagging CTA ridership - Illinois Policy,https://news.google.com/rss/articles/CBMikAFBVV95cUxQVmlnNzEtcnhmcV9MY2ZOMU9FRDBRZjN4b1ZQcmRuTXFGcEZfaFNLYjBrcUZuamgxYnJWQWRQWm16VmI0cGJDd0ZnclA0MkFmOVVYcklqRmFDS2hZZjd4ejRjb2dfTGJFY0dhZ2JXbDZtQXNJVC10UmM4cU5Sd1o0bzcwMjlxYm8xdFBpbUY4MWc?oc=5,Illinois Policy,2026-08-04,neutral
Chicago Transit Authority,"CTA seeks upgraded fare gate, fare collection tech through Innovation Studio - Mass Transit",https://news.google.com/rss/articles/CBMi8wFBVV95cUxNWUR5QUNUNThDcWRhSGZvYW1lRG5zcE11Y1pOS2R3MTFISFZ3VExzSnZnSGpkbXRuNjlRbFRualQ3Wm1oMjFKc3U4UUlOYVNlX08xdEVhVGZ1LXp2YXp5cUNuT3N1QnFCQXlvM1Q1M2JsaDRsTEwxVkgzdW5mS1JOeGVZUkFFWkYxLW9ZUHBrXzItN0tRUFFBYjJ2R2ZFVW15S0dzc05GVGtHamQzWjR1TktRSDNKbUtIUTd6cXp1LUhBVVdOZmVQLTk5cF9MTjFaZnVlY0MyektmZU5lSzFDOHgxaGVKdE9XWFdPa3oxU0RzTWs?oc=5,Mass Transit,2026-08-04,positive
Chicago Transit Authority,Chicago Transit Authority Sues Federal Government Over Paused Red Line Extension and Red & Purple Modernization Project Funding - Press Releases - News - CTA,https://news.google.com/rss/articles/CBMi7wFBVV95cUxNcDlGdXY3M0lZUGVvOE4yUW1FOXczTURfRXFBLW16SVBFc29Nb0R1NWJqRklyYm51Q3dQalFwa3UtMlZxTGU1U2tDZVROWTYwX0J4a25rb0FKUWpwQ2k4Zjd0RnRtQzUxMjh3SHJXN2VjYWZWc25TNFZlWlh1SG9ZYWxxT2JOZlNvODdKYjF4UXB6cmtwUjZKWjNDdnVyTWV1WmNEa2RjV1RyaWgzQXlQSzlSZUpNeGtxclZLcnlWVkphdUdJZkYyVXBNY0VybjVvamVDT2hDVDFMYzJjTlUtaVpOMnY5MXREa3lydFUxbw?oc=5,CTA,2026-08-04,neutral
Chicago Transit Authority,Chicago CTA leaders say crime down 30 percent over last year - ABC7 Chicago,https://news.google.com/rss/articles/CBMimgFBVV95cUxNSGM1aFVsdVlQWlY3dUgxb1hSSXlCTnFrZ3VFdlpnaG5yNWpyMHVGNGtFQmpyU1MxaGppM1EwbENrQ3hnRjQwVV9tUm5iZXNWZ1kzTjQ1NkpTeG1zVkxHS19xMkhkQnVXNDNpZE41QmI3NUNUTlNzS0ctYncxSThJa3ZZaDhsdTJVTURPR09vTjZOUkx0VkZpbDVB0gGfAUFVX3lxTE9xcVNSM3FZbG1QalYwXzA2ZVVjTEpodkliOUExZVVmRkVmQktJVC1aT2VkSU1sYmMwQV8tTlBLU191aFZZTFJUQlFqQ05YZVVuOGQzbjhxVEVCN1B5bzE1ODE4UWw2X1VGcWRENFpzRFJJUnRwbzJDZHRGSER6YU96VnBMVUtUSk5uS3JmZEhscTlXX0RmZmVmdlM4S21ucw?oc=5,ABC7 Chicago,2026-08-04,negative
Chicago Transit Authority,Inside CTA's transit crackdown on crime and fare evasion - FOX 32 Chicago,https://news.google.com/rss/articles/CBMiuwFBVV95cUxNSmNfOU9mRlM1LWdBWGhXczRKUC1QazZIZkpsNnZvNS1BenFOc1hFY09ieWdzNUh1OGtGd204bFd3Y3NTNlpYOXNOQzFnYzJVRnBOZ2FYUkhRV0RiWkRzN2U3bGh5Q2sxLUZUWFktTzNRRC1VTjF0bDJ1TWZ3SE5pSThwUUpsZzlTaWVzZ3hFcW9YR1p2TXBIZlJhTUptZmZYaG1rV3RtYnlYQUNNODV1TkdDbHpKZVZFRGFF0gHAAUFVX3lxTFAtSllCQmROTmc4T0ZEc1JDNHpUTDVScU0zSXNXM3NhWWxPcDdwNFpGNndKd1g4Q1pGQ0tMbTk4Xy1NMl9PbHR6Z1ZlNHYzTzZxZGdPanVtams0dUtycWp6a0hQUDg1eWJJLTRqVjFyYWJfek9IZlhWZmh5anp3U01VeV9MYWsxVmRvZGlfdG10N1E4OE9IcXVWelJidzU4aDVNTGJmV3JURGV3cE9xZTJ1Vk9wa3BreTA3cEdHZTFUUg?oc=5,FOX 32 Chicago,2026-08-04,negative
Chicago Transit Authority,"Sales tax increase to pay for CTA, Metra, Pace problems - Illinois Policy",https://news.google.com/rss/articles/CBMijgFBVV95cUxOTUNWa1JDaHk2eWU4THZZRjV1dFpaLXdhelNFLWJPRXdvdUREYUVZNjd0M2ZNUHNCaFo5aGttd0dEcXpOWHBkdXZ3X2tDMmRtcWRWM2Ewamx1ZUVETm1ZWDRUWHNkcW82b3BQTkRURXJDWkdTRXZqMzY5MXo0RkdwWm9adndBcEU5S0ZtQU5R?oc=5,Illinois Policy,2026-08-04,negative
Chicago Transit Authority,"CTA Submits Enhanced Security Plan to FTA, System Policing Hours to Increase by 75 Percent - CTA",https://news.google.com/rss/articles/CBMivgFBVV95cUxNaFJHbUVwQmdtMnAydzBMNlBRalhYV2hHOF9yYTVWWGxUTUM1MjZqVnV4MWlkQUJzYUw3M0VESEYxbGxDVUNlRWFqVDVxc2ZOMmlxY3FVZnUzMlFBVjBvaG1vbXM4RVJPVlFwX204YWpGTTh1cDBMZFg3U216am9FUGkwRkE4MVcwLTRmRVNqRnpDbF9QM3B6V1RiSHVZaDV2TjlJalI4M29ReGp4WUVSbnFHYlNPVEo5bTV1N1Vn?oc=5,CTA,2026-08-04,positive
Chicago Transit Authority,Pretty Cool Ice Cream and Chicago Transit Authority Partner on New CTA Line-Themed Giveback Pops for National Ice Cream Month - CTA,https://news.google.com/rss/articles/CBMi7gFBVV95cUxQRzJraW5qaXVQRGRaUWh1UFNBYy1GMHhvYnowakt2bTBycXJjeFR6dElxUlBDbWpWU1ZVcXhuRU1uMmR3eVRhM3FqNnNWd3NuMmZqQUExSWwzUzctbk9nMVBHLVh5dXVrU3BKUlpSR29mdzZ3eUw2ZnozaV9seURRY1JnZUxHRnQzalQ2aVhfM2tmZDgxWWlyNlEtREp2UVBqS1g3aDRSb3Jwb3FlWTZOMnNXZnA1WlN4TVdzcWIzQnNQNm1hb3lFWkI1WHQteVA1SVNNd2hUdjVJamR4SDlfVGs1SzEwRUQ4a29yV3Fn?oc=5,CTA,2026-08-04,positive
Chicago Transit Authority,Mayor Johnson and CTA Celebrate Investments in Welcoming Spaces Across Chicago’s Transit System - CTA,https://news.google.com/rss/articles/CBMixgFBVV95cUxPbWprc2hqUTV0RUdCbmpWTVNHTDF2VldrRlM5THc5TDhZVHprSzlJdXVzTmwxMktjNEk2bGRsbGV5UV9qcTJTZmlwSk9wMGpKOFRfWDJ4UjYyemJDdVByRXdreXBpTjdMYTlsSWRxRDV3X29pZTlKeERMOW5XZC0zNmVfY2d1UnhDU3NtUGNPeE1xemdxVVVQa0ZhYjF6Mjk1NFlxV3lzb05UWjJmXzVFVmo2YkVVLUotcUpYSzJ4UjBFY29uQXc?oc=5,CTA,2026-08-04,positive
Chicago Transit Authority,"CTA says crime is down throughout the system, but many riders still don't feel safe - CBS News",https://news.google.com/rss/articles/CBMihgFBVV95cUxNdDVHMlgxazFvbm91OUI3WnpyeWNSbUZkdm9aTjNuQ1ZqUlRMWXdkaTBQQXREQ0VHM2NUMWRBOFJsMEJSUEFoWVppQm1POVFsMjQ1dzI0WXJTenRCZGZTREVsTUpGb0xpOWxRaGw2ZzlySGxLazlTcnh4MWhacHY3NURTQkpIdw?oc=5,CBS News,2026-08-04,negative
Chicago Transit Authority,"Advocate says Northern Illinois Transit Authority Act, now in effect, will improve transit around Chicago area - CBS News",https://news.google.com/rss/articles/CBMilgFBVV95cUxOWGdMS1pNVmtDQ0cyS3ZSSjFCa1hzM1JTeHE1a1RRMlAxWGFjalcwTU1HZlZ0LXJ4WmsxYjA1MGEzcTBLM216cmV0TGVrU3FUY3BteEV2VnIzcGpvVGk2YVc2NnI5OHd6a0VHaHZuZEszRnBhUUtfN2RiM2NqNGRJSjZnRjFWeTBtYy00WGhoczR1aDgyOWc?oc=5,CBS News,2026-08-04,positive
Chicago Transit Authority,Chicago Loop 'L' trains to be rerouted for two weekends - CBS News,https://news.google.com/rss/articles/CBMiiAFBVV95cUxOV25hWG1NZDRoZ05wcXZvdl9vUWN5Qm1pSGxFNVNHQzFETTFvYlBvOFM1Z3VZRTlWZjJYRExSTlhfdG41dHhRYWZDTzYwNm05eEIzMFladGh1TFpwUE1BRWZPcjhTcnVRaFpfMFNQN2tSRjJ0SUY1aEViUkJsQTBtSF80ZEpERWV6?oc=5,CBS News,2026-08-04,neutral
Chicago Transit Authority,"Fluor, Walsh JV reaches substantial completion on $2.1B Chicago transit project - Construction Dive",https://news.google.com/rss/articles/CBMingFBVV95cUxNYjZGYTdSVmpYbWYyVW5wOUVhbmswSk5wcldYYVpzcV9TZ0JfZG9nLVpkUGRxYnpRdV80WHRBYjhjNlg3VUh0ZWdZa2V1VHpYN0hBckQtdV9KdWhVZWN2aDVXY3RqYkF2c29KeW5lVDdqOW5RdVRzT3REdDVZNXM4YUJEZ2dNSjZrQUlhMmF2azV3WndJRE9EZmQ0ZkxDQQ?oc=5,Construction Dive,2026-08-04,positive
Chicago Transit Authority,Mayor Brandon Johnson’s new transit board picks include CTA’s current chair - Chicago Tribune,https://news.google.com/rss/articles/CBMiggFBVV95cUxOV0Z6bmQ2bE9Tc1pTcHpjUkoyaHQ2SVdOSmJyMWY2QlNZRDhkLUVnUDBGQzBibS0wZlVDb1ZfN19EdzVWWFlYMVVNSUJSR0JWajVoeGlIcUd0Ny03MDlDY2M3MnFtcGJzRU1IbDNBNDdWbi1uLVdkZzZ3c05SMGc0SVJR?oc=5,Chicago Tribune,2026-08-04,neutral
Chicago Transit Authority,"CPS Employee Accused of Double-Dipping Through Dual Employment Scheme Now Works for CTA, Records Show - WTTW",https://news.google.com/rss/articles/CBMivgFBVV95cUxOeUFkN0pPTWdfOWxTYVItOHdYUTIzSldUR09Yc01Rd2ZUSmE0U2tOMXdGbVdQMFU2OGdoUS04OVMzeTZMU3R4cENGdG5HbVJyQ0NCZl93M2pZV19oWjhnNnBYRGdPb0hGUFhYQWlGQlQ0VTBiUW1EUEp1UU9scC1Xa094clBsYTZYZmVGVHJWMVdTeU1kNlRUdnRETWkxLVdQVkZjdy04VW1nUWl2QWlyclJUcEU4TE1ndjF1Z0t3?oc=5,WTTW,2026-08-04,negative
Chicago Transit Authority,Chicago area begins transition to Northern Illinois Transit Authority - trains.com,https://news.google.com/rss/articles/CBMiwwFBVV95cUxOTmhyYzVHd0xnZk9USnMtUUhibHo2WWZYYzZXQzZpME9nU09nUVE4SjUzYXdoWWVadVVDVEhnMlVkYlRuN2M4azl1Tk1nRVBma1JFRXFuQ2ZZSkFEMDdHblAzbURVZWRqVVp2ZnJORGt1RkFoakVQbFR2akFMNGFzOFRFMTFPTnlwNWdWVmZ3Z0VGUjgtN0pUR01LSmdDcDU0U2pnSC15OTk1dFZqMEl0SkVWS1FnbXg3c2ZJNjNTdE16SEE?oc=5,trains.com,2026-08-04,neutral
Chicago Transit Authority,Appeals court sides with Chicago Transit Authority in transgender bias case - hcamag.com,https://news.google.com/rss/articles/CBMi1AFBVV95cUxQX1J2VkNUZ1JraUw4NmtiTHpOaUpHcklXX0VQY2Jqb2tKUHJUeTlqdTJnTzA5WWxfcUQ3Y3g5cnFMTUFZS2hDVW50aFFSa1BXSTM0ZThBNkpGV1hDZVBxenc1U19Pczg3a3Vtd19GbWJTZjdDZmt1aVF5R2tCWjZIbWNqUGt3MGtEaUZ3bERwWHdQcGRJZGQxR2VTNW0wdl9vVU5TdTNxTWVoZmtobEx4RTNmWkpuajd2dkppYUstS0J6UlNTb3NkdGVCYjgzNnp3eVBITQ?oc=5,hcamag.com,2026-08-04,neutral
Chicago Transit Authority,"CTA Leaders Tout Ridership Gains, Lower Crime Rates on System - WTTW",https://news.google.com/rss/articles/CBMilAFBVV95cUxOdDg1QnNBX1VvZHAtNEtVbVp1WGZvOExNbUFyYkIxTVpELWo4UXRjelJvVngzaEVESDZzSGxENTNPXzVLdUlMUGZBN3N4LUVYMzA0NlFZUGdEeno1VUVYdXVDNzdvVGpHSnBqRXZ5eldPcjFmNW5zZ0J6Y1hsMnFwbk5uRjRKdU9CZUpVSng2dFU0dzVC?oc=5,WTTW,2026-08-04,negative
Chicago Transit Authority,CTA: 3 Loop train stations to close for next 2 weekends - Chicago Tribune,https://news.google.com/rss/articles/CBMingFBVV95cUxNR0dkTl9aeGFTZnpSYXVQY0Y5bEJsaDBwWTlVUUx2N0h6OVBwNkZzMl9ILUNrOWpGNnhDWXpKUlJPUzNuVGJsLTNGdWVzNmNTTFNPMFJkaEJUQjlsZjZKdTFWenJTV1pfdVVzLXA1UUhscWZEMC1STW41QWFRVkFHMFUtaFp6RUVuTGFra1VEeUZqOUc2OGo1RDBOZEJmQQ?oc=5,Chicago Tribune,2026-08-04,neutral
Chicago Transit Authority,"CTA Chicago news: Chicago Transit Authority lays off 159 Monterrey Security guards, redirects funds to police, other resources - ABC7 Chicago",https://news.google.com/rss/articles/CBMi5gFBVV95cUxOM3dTTWpGZlh3a1p1TmZvNi12VkJfSEJXaGlIblFHUVgtYW9lLW5RRy1DWjdZUUlQMUtRMDBBMk9LUjFHUXFycTQ4Snc3ZXJzbDRoa3NILXlidHlKbzNqU3RFOHFONm40SFZ6ZnUxTG0zNm9hYWJTOWF4c1h0UmdTRTRXcUZGclUwY0c0MFBETTNqOGNvdC12bVF2YzlDbTVoWWFSMm9EZVM0bVZDSkNWN0piQXNkck5wZzBYVDVYTHc2ZXNBMFJfS01QejBsNW1hMTJ3MjZBdHlRaXFyLWpxcDV1NnYzd9IB6wFBVV95cUxPYzk1S3g2NGxaM0wxeHhFQ0NPM0V0cWlSbFF5THVoQjRaRm4wN3ZQSERqYzRFRlFXM2t2N3ZDbGNyTHVMYS03Q1Q3QnAtTFVKWXpEWEVGZkhjaXRkeF95ZU1Zd2p5cE1LYU12Zk5WY0h4U09QMkdOQ0swLVpBYTlaRGtpajhVVGIwbVU1d0Zwbk1pUGowZ0ppSk5KM29fOU1uenpZSzE2alBySWwtM2Rxc2hQVTB6N3ZjVm8zdHlfWV9EWGwzMUpBNTRHUUxxS3Z6ZUZ0Y3NoV0lyZWR6V2k3T0xDZ0gtNGRUa0dj?oc=5,ABC7 Chicago,2026-08-04,positive
Chicago Transit Authority,Chicago Transit Authority sues to restore billions in federal funding - Politico,https://news.google.com/rss/articles/CBMilgFBVV95cUxOZFN2bnY2bTJOT1NLVFV5UEtqR19QMWZfNnh0N0xuMzlPVTZBY01sOEtoc2lhYmF6YnpNUVZZUlNpdW54aGdQTTBBdE1oa0tHWm1mTFI3dlkzWVFoV2laLS1LN09naHRTRzNmUmwwWXBGSTFQT1BHb3IxN0ZENG1TdG1SNEJoY1p0UExPLUxOODZndDJVZGc?oc=5,Politico,2026-08-04,positive
Chicago Transit Authority,Fluor Joint Venture Reaches Substantial Completion on Chicago Transit Authority’s Red and Purple Line Project - Business Wire,https://news.google.com/rss/articles/CBMi-AFBVV95cUxQdGozdnhUdkNKQm5ZUHhRRF9hbjRPMGRmUzA4SVNhdzBqUTNCUi1Sb0lYMWRRSy1LMEZmdllOampKWTBuRGxIMlE3THEyLVdZRmF4bjFxWmo0YVlhakxZd1kwM2JjRmdHTHozYkRvTkZ5SG42VWQ1S1kzQ2ZDc1l5WjBtLVNBd0I1SzFHMm1xYnhLR0pMbVJIRjBSV29QOTF2QWJOQzZwalVBMW96YlFXaDRWVFNlVHQtRDlkdnZUY1V3dGRXbjgtVkRnTkxWQ1pYRHhhcUlEd091a0ZkWG13Z1dYRVpYYlRBMlJsTkdxNHJNRFA5U2RQZA?oc=5,Business Wire,2026-08-04,positive
Chicago Transit Authority,City Council blocks Mayor Brandon Johnson’s Chicago Housing Authority appointments - Chicago Tribune,https://news.google.com/rss/articles/CBMipgFBVV95cUxOMGdkdTlLRE12V3djcGpnVjJpS1VWNVVYZ1RvSXJIM1ZnRXZ1SGQ3NUo0NDRBMS1mZ3dSNFZjTGlsUXdRaGt5ekpQdExOajJkZTBXckNyUHNVQ0lkYnBwY1hIdWswZ21VeXhhTnBKY3A3ak9wTi1WUFZMUWpIbGhJLXFEdlpZejhiSU9JNlU5UGM2TER2YXd1SXVqSDM3ZkN3REtETzJB?oc=5,Chicago Tribune,2026-08-04,negative
Chicago Transit Authority,CTA safety: Cook County sheriff says dedicated CTA police force may be needed for safety on Chicago's public transit train system - ABC7 Chicago,https://news.google.com/rss/articles/CBMi4gFBVV95cUxPUDBlc2lpV3BlM2E5cWlrS3ZDd0dKRDJVVWpMamNISHRIbTdEN1lPRVlOakdqcHZkZXFzalA2VUdacFdQSGdVdnFKN1d4ekZiNENDYURTSHdzQnp2VC1jbXFjdDktZEFsQk5BYk5wc1lPYTRfWDM5Vk5RM3dvSFAwUVoxdEtGUFhGTk9EZ241aDhrV1RGek1RbW5VTUh1bEZSbnlCMlV2TEQ0VWJtN2Ixc2stSGxISHdRQzBEeFgwU0NqLW9RNlZBUnAyVWNlMUhfV090UjZ2MGF4NXJRdGs3aXVR0gHnAUFVX3lxTE5hR1A1N2I1UnBhR1B4Q2VJc2lBU0E2VmJNYUhJQXdtX3h4Z19KaUV1UlpacldPenVNZlFyUngtbGdJaTY4UHdZSmk3QW0xU1R0Z2pyc1o5UE9TTXp5SlV3Q21HNGFLY1RVSE9uX1c3OFpSU3FDMzNQVEtUNlNRQVNCWDh0czMwd3FwbTJlVHR6ODRPS2hURzVycW1kd1UzdU44R0R1X0tYNkxCdmdCeU1ITjFlbTEtTGtCVFNTMnZMd2NLLUplV0NtSjZBZ2M0ZUtPZVIyc2FvazhJc3BoYWV1ZDJPRzZTOA?oc=5,ABC7 Chicago,2026-08-04,positive
Chicago Transit Authority,Yellow Line extension in Skokie could take ‘decades’ but CTA is studying it - therecordnorthshore.org,https://news.google.com/rss/articles/CBMivgFBVV95cUxOQmVFMjBCcXFlenVnSnJHWWxzR2xiYVZWbk1RRVZ4eHlfeXBlTmloNl9zcG41QzQwNUl3bWhtNE1FdjlWYjhqNld3aDh0eWdaVTREWUtkT0FLV0MyLUhEdGxvVERJMHJyRVRwQWFTWE5sUHM1ZTZ1czVKUXlhX0ZEREl5RE9HRGRhVkt4TTNsclpwMGJBeHI0SG9PRFdmeVFFUmhzanFpTGE4Z0lIY1g3djN2blU1TXdfS1BNTlB3?oc=5,therecordnorthshore.org,2026-08-04,neutral
Chicago Transit Authority,"Lollapalooza 2026 Chicago Transit Guide: Navigating Grant Park Closures, CTA, and Metra Schedules from July 30 to August 2 - Nomad Lawyer",https://news.google.com/rss/articles/CBMirwFBVV95cUxOV205MExzYnFCYk11YUZZVEhtN1dzaFJuTUlfdkZacElydHhZeUZldFluM0wtendsMlpSV29sT0huQ19zVFVSQlNfLW9aQk9VaWZIcXh2X2F6NEIwZ1RBWXczelZkdXA3NFFkdXRxamVTSWVETDdGamF2STREejU2WTRBbnFYOUE3MDBSbTdGaUhyclZFU29za2NqMTVCcVdwb1ZqNVpUclJOcWM4b1Nj?oc=5,Nomad Lawyer,2026-08-04,positive
Chicago Transit Authority,Northern Illinois Transit Authority reshapes Chicago transit - Railway Supply,https://news.google.com/rss/articles/CBMikgFBVV95cUxPaFZsVzI3Q0M2d05BR21lREtGWHVpV2tQN1h3NVM1Zm1vcDVfUWUwYWw2MkpsbHhVTWlXU1MxeHNUWG56TzdQZy1kNWpQcDRMc0xXU19HckZyRTVaamNDNVhNbkVHdnJqSkh1UDN2dUV1TjJ0dTlOdUo2RWtMSmp4R1lQQWtYbU9XdUJVQ2pCV3Q0Zw?oc=5,Railway Supply,2026-08-04,neutral
Chicago Transit Authority,"CTA switch worker shot, killed near train yard in Chicago's Roseland community - CBS News",https://news.google.com/rss/articles/CBMikwFBVV95cUxNLVU1aWZHSmpyeFNhekIxVldGQWM0RG1iU0lYM2IwRG83ZmlwQVQ5dnRmd2ZqVEN3emNqeEdmR2xnbWU0UVhnNUxZTS1RWTkydWZaUE83eEZ1WnRJeW05bFJ6eXRWSTRsTVMyb0JleWRYdEhXQ3pKcDRBN0cwRTRGQmVtNlp2b2RFVmxWV3hoTDVfMmM?oc=5,CBS News,2026-08-04,negative
Chicago Transit Authority,"FMLA misuse, not transgender status, led to plaintiff’s firing, 7th Circuit says - HR Dive",https://news.google.com/rss/articles/CBMijAFBVV95cUxNaU1QT29veTBmcnI2elJoRkQ0OEQxdFNxTEczalllMF9BbnB4Z0dDRDJucU5kUm1RR1NWM2ZtdkhpVmVxVEdRamdZaTBPZkhTMlV2OHFoeHJiTWc1UE1ZSVY0VUFjd1dhOHE5R0tDWUthQURJSVRRLTNiVzY5dmMzWmJLenB6eWFwZUttNQ?oc=5,HR Dive,2026-08-04,negative
Chicago Transit Authority,"Chicago Transit Cars, Buses Donated to IRM - Railfan & Railroad Magazine",https://news.google.com/rss/articles/CBMib0FVX3lxTE5KX2h6S3ZiZHNrT3ZNcEE5VmZWNVdqOFpzcDNGR0JZZzY5dy1rM2ZyQzhHMFVIcGU3VU9VMzUzUnRMWE5FVWs4MzhyaUFTWnRyZndnTE9lOU9LMVZCSGVudTBSRTQ0bmNjVTd4clV2VQ?oc=5,Railfan & Railroad Magazine,2026-08-04,neutral
Chicago Transit Authority,Judge Orders Chicago Transit Funding Restored as Rail Projects Avoid Demobilization - Engineering News-Record,https://news.google.com/rss/articles/CBMiqgFBVV95cUxNUkxDeEgtWERRQkVNa1hSUW8yUDJHWnJkTnB3bUJMMnJUREJmS3FNUlRYd1JPWFRlTzE4c1FFSDRFVURMUXZmRFZaRjRyVnJGcmZUUks0NExmd0tlUkpyNWtuQlVuOUZYdnd4Uk1FR0dlYm5kV3VsbWlWTllJVDI5bnI1eWJJd0lZb0dtLUJWTlhPVjUzNVJIckY2Z1JINmpjYzZJc180RmFHdw?oc=5,Engineering News-Record,2026-08-04,neutral
Chicago Transit Authority,Trump Administration Ordered to Resume Chicago Transit Funding - news.bloomberglaw.com,https://news.google.com/rss/articles/CBMipgFBVV95cUxQSER6a1ZwcmhQU0x4Y2VEREctdzI3V2lBTEdQbGQ4TlBGaWs3Y3h0ZFdNQUJGN3ozcWFUQUlCajF1dWNMZVhjTGx6NFpBRUFOVGdRczc0OTJfR3dOQ0ktZGhwWTJGUVJUSVZqb3A2OWFaUzI0MmVtUjY3ajZRYTZDR3MxLVdFaUVBOWZOVmh1TDJHZzhHaG5QZlhsc05RRUVxTUJPQWNR?oc=5,news.bloomberglaw.com,2026-08-04,neutral
Chicago Transit Authority,What's next with the new CTA safety task force | The Chicago Report - FOX 32 Chicago,https://news.google.com/rss/articles/CBMikwFBVV95cUxQOEU2YmI4YlJvSkN6MjVKLTFyZE9IQTZoaXpZb1ZIalhtQVE2WHZRS2hyLXZFRHlrd2JyX0dWRjlNMUFwMF9ydG9nMUxXdENzcnJtZjVJWXQ2ejFqM1o5YjhjckFBcktSRGwyRVNmbWpQeXJ2czlvRUVqZGZOVjV0SVA5WGVIQzQtSHlSbDBkTEZDMXfSAZgBQVVfeXFMT01mdGJ3VGIyZHJ1Q0EyVlBtczVqd3FPNUJsWUoxZnRyMk9CWVVid1BVOVFTSEdGRmJmRzhLM2dqTTdaQkVobEZzd0p3N1hBOW1pNUgtd1JaTTZuaHdkZmpXdTRKNFRaTG1ENW1yaG9rTU1ocHpCc3JkVWd1OGdIeXFMREJvbEkzWU81ODhSWmlTX1pnYWxpakI?oc=5,FOX 32 Chicago,2026-08-04,positive
Chicago Transit Authority,CTA underestimated Chicago transit ridership by 19 million trips - Planetizen,https://news.google.com/rss/articles/CBMirAFBVV95cUxOMXFOdm9veTl6QlZDNkgzY2ItRkxTemtEN3lRYWpOX1NLZ0EtTWEyaUxoSkNBTXJTLTkzMThaV0JRa1JnN0Nmb3NGQVVzY2dzVk9TSHNkUlBoTElJY1pEVzlmaFlnUHFGS2xuaHAweFRpYjZaaVRYZElWTWV6Z0pybGZnOUYwdm9DZWhmN2tuNW1ZX243NE5oV1JRZ2I4Ny0yVGk2OWhQZHc2S2x2?oc=5,Planetizen,2026-08-04,negative
Chicago Transit Authority,Local Agencies Adjust Their Approaches Amid Concerns Over CTA Crime - WTTW,https://news.google.com/rss/articles/CBMiogFBVV95cUxPZ3VKTm45OG5LOWlSTUM1dHBfdHI0czR2VGg4MUYydHBsYWNjREVFbG1iQk9lUFZGdTY1U1FmTVl5WmtsLVJUXzJSVVhZa2ZCV1JWSjFtUnNZejBQbVlpcUFJbDFSZVl1U3lzTG52TGpNQ0JrQ2RFVUU1N3ktMFdrZU90ZlY0dWw5dVdsX3pPeHhyOUlKbUhFVld3dE9iVXRSUXc?oc=5,WTTW,2026-08-04,negative
Chicago Transit Authority,Chicago Starts Work on $5.7B Red Line Extension - Engineering News-Record,https://news.google.com/rss/articles/CBMihwFBVV95cUxOazBfcXB1R2N3Tmp6Y0QwR0pOMVpGSXo1Z1Btb1hLVGNfQjIzZXl2X0ZHZEQ0RDJGMkk3UkRRcE9KUVVpenBQdUVacVQyOEduRFBjRDNZdHVWbW14ZHdCRkxlU3A4OTRReEF4cVNNNjR6SjhlbjhyeG90MFdFc3JqWGxzRUctVFk?oc=5,Engineering News-Record,2026-08-04,neutral
Chicago Transit Authority,Federal Judge Orders Government to Temporarily Release Red Line Extension Funds - WTTW,https://news.google.com/rss/articles/CBMirgFBVV95cUxOcGo0NHNXNE82RG9UTVBQZl9QeV9rWUd6QkZlcDVzWm9qZnZ3elV5Ri1fa1NicUF3cDBQLWRVTnQwNjVvMW5Sakc2cUNXUkFGNm15S2VlZmdiNG03SXE2NFhkZTVTbUZOR09DZzdQZHBQam1kdEVVUmFhbUdKOFJZeENfUGZvMjVyd2thTC1TSlVwRW9KTllNRXVIZ2dCcG9FcFFiZ1VMWDBoRnlVTEE?oc=5,WTTW,2026-08-04,neutral
Chicago Transit Authority,CTA Faces Imminent Rail Work Stoppages as $2.1B Transit Funding Freeze Heads to Court - Engineering News-Record,https://news.google.com/rss/articles/CBMiugFBVV95cUxNQlRndUp0VDA5YWhwS1JNTzliVFdiUDNxdkFRZ0o5YTRKRzhleVItQTR4MlBBajhSdHY3NVN0QktRc09aMkU1VlRoRDNTeUJSZURIczBxTVN3VnpUTzlDTHpzeGJ4c0RMYkJuNW51TmlNSmZWd2ktc2Z4emZiQ3JEZC1Db2wzYWNtLUNJalllZXZQOWw4Ykp3TG9HSjc2VGRHRTVXS2RXM1BzYVYzZ05NUkJJVHViQjcta0E?oc=5,Engineering News-Record,2026-08-04,neutral
Chicago Transit Authority,CTA modernization project sparks calls for accessibility - The Daily Northwestern,https://news.google.com/rss/articles/CBMipgFBVV95cUxQOG0yX3VtNXFiYWhGQk1uQnhfOU9WbFBEcWVkUGpfT3JISzVXakJiS3R5bjhqTER2bjZGS2d1bS0zZFhNZFRiOVNlS0NjSXhoTDZIZDllZnIwZDVCc0UzemZkenlRLWtLV2REd3NXY01INzNCNlVDUm5tT1k5bzUtYjRiaGlNWWRxQ2pKWWVkZ01fZ19kdzFnVm5HM3BLNFVqNFR6dlNR?oc=5,The Daily Northwestern,2026-08-04,neutral
DC Metro,DC Weather: August begins with unsettled weather - WJLA,https://news.google.com/rss/articles/CBMi1AJBVV95cUxQNHFhV3hkVU5henBwVjdJOFpPVGQ0WWd6RXpQaThfM1RJc1pCS1diRFp1MUVUZ21mRC1zUjRxTWJUZFdvb2h3U3A5bFRGSWdTeElvY0I4SGhsRUhqa0tReEMyUmgwMTRsTy1GYzRtekd0a25RT1JlRklhTXhYM01FcWNWUktzaGdPcFpLdFFEOERhZEdOd3prRzk1cnV0djEzTmVxQ0E5Sm9COWIwcUdwcnRqYXhFbkZfODMtUUtla0tuQnBsVlFUaTBkOGhxbDJVaVk5ekRSUEx1VHpBaWZ1cEtwVXVrZ2NXQUpMZW51clZ1bW9POXZrampiZDJOVW83UUY2SzNFSjFOdEkxeks5Z0wxNXFNWXUyU1VQaURlZUx0UmpOM2daOGlGRlRwNkFoV19ocTA4emtwX3lsNHRpSHl2QXIzeTVBVW5oTGs0UDNUcFZl?oc=5,WJLA,2026-08-04,negative
DC Metro,DC Metro’s Red Line commuters face a summer slog amid station shutdowns - Maryland Daily Record,https://news.google.com/rss/articles/CBMinAFBVV95cUxPU0phaGJsNUI0bUxkWnF0SnFOVjNyNzQxd1JuU25aTzBiTEd1RnBQcWlfMW9WNGZib0R4QjROeWxZUXR2OWs4aGVqTXBfLUpLT2NGMHhMLWJjVHdxdDBqU0xoRXJSRnBxT2Z2STJUeFBNYU5sc0VwX0xIMGF1aVNBMFhxZWt1TjU4MTU2LVdDLTl4TjV0NEJ3V1BRMS0?oc=5,Maryland Daily Record,2026-08-04,neutral
DC Metro,WMATA releases list of major disruptions to Metro lines in 2027 - WUSA9,https://news.google.com/rss/articles/CBMixwFBVV95cUxOUEdtemJkdlhkeU1vbTJkRm05VWdRZWpCZ1ZDTmZKamZDRTFFV09DZXRvNFVfbG13dXljeDRvWk43bVdSY0lPRE5CelE5ak40NzN4RmNxSXFqOEhqNkF0eXd5YTFhSnVvcFYtVml1Z0xtUExJZmlkbFk3UW1xOGtMNHJ0UUk3UWxaM0s3SEkwV3c4Y25ETGh1eGstSDJNUzRjWVVSbVg3WndScmc4U0xTUHduTzhZNEVpVkpUT2lIamRCbkNFNmxv?oc=5,WUSA9,2026-08-04,negative
DC Metro,Metro rider recounts encounter with Patriot Front members in D.C. - PBS,https://news.google.com/rss/articles/CBMinwFBVV95cUxOX2dDN2JfeHoyWDhlc1Z2VWxaWGtRcEJab2FibWRHNnZsb2hDME1YVVgtU18xQnJKelNYdmxFclhJTWpLY3oxVU1rcWk2b19VRHBnQWhWUHl6dzNRRXl0dzlldEZJV25ydUxWVUR4SkFVWEh1RUlTT0ZXWWhRU0JiZlZvT2xRWG1xdDZXZTZFSm5ucGRKNlJCcWE4aWZqelU?oc=5,PBS,2026-08-04,neutral
DC Metro,State's Attorney convicts man in Baltimore cold case homicide of DC Metro police officer - WBFF,https://news.google.com/rss/articles/CBMizwFBVV95cUxPZFdMSXhnMjJMMlFlQk5NSUc1OENRMVU1MXRNalFDeGlkcTRHdkxlenotVlVMYjJzSWFLam1mQm1yaWdkcHdSWWFBa1JreTBuV2liWTFLMmZSRlYwelpRbVFrYTRfckc5WGVYYm5fRlJsY3BZZHEtellTRnZ2d21PNHBDbVY1alhXTXJBZEE1b0FmMG0ybkJMV09fMmp1NExhbGY3d0RyQTk2NnFmOF9XTXdiUnZBdFgxeEVlTXJSamMzX0gwMmZ6d2FqMExlQ28?oc=5,WBFF,2026-08-04,neutral
DC Metro,Metro board approves funding agreements for RFK transit plan - DC News Now,https://news.google.com/rss/articles/CBMiuAFBVV95cUxQMFFjTG13U2pYbWtMbGFWV09Wd0RYVXJiMzloRl9FZHh5QVBCRXdpbzFhNWpidVlweWVFN3YzSWxBTEJkSnI2NkZRcnIxTFlIdFlqOWNyMk1UdFFxdUxvRk1oVUEySUowYXV4akRpLVU0S3c4NTNCT2NJUUhyaU9xOEdrbC1ma1pQQ3dwNm1FN3BEQ2NJOTR1M1pBU3lDYnlkdklsc055Y1dsWmRHS1ViM3BINUdXWTR60gG-AUFVX3lxTE92T2F4SjRjVFlzVy14NjRqaWpycTFySmVlU0xJcW5kV18xSlQzbEphb3BZcFdoYTlnTnVpYkhwRlV6WWtuMzBGZHBhanJSSGFGb0c1RlJDWVRvbThRejJkOHBYTXpOMGF4ZFpOMWhUVFdtMzktaTYwMmtKV1h6dVFBckQ1VkNkVG5fUEJURnZtSUppUk5wZ3pyMDRvSlVfbXRYbm45YTZFTElQdUJZQzdYYWdTNHl2TkVDUmkzWHc?oc=5,DC News Now,2026-08-04,positive
DC Metro,"Metro plans to add platform doors, barriers to Red Line - WTOP",https://news.google.com/rss/articles/CBMirAFBVV95cUxQSVNTS1JhYmlDMEE4Y28yNzFmdkxSSGd4SUI5SWstbjdMRlZlM0l2RW93R3Z2dmlPUldqZmVmcXFtXzNQMDhua2RHZzdJT3UyMkFlN05RLVZhX2hxNklWdW1aM09wRFJ0YnFGbWQyWlVCck1QSVFmc040UEZ6RzNFWDdWNXVRX3FYUHdWeDJoVVh3RzFKVXl0UEZWQjVUNmt0N0taOVRyM2ZnMm1Y?oc=5,WTOP,2026-08-04,neutral
DC Metro,Opinion | What a viral photo of white supremacists on the Metro reveals - The Washington Post,https://news.google.com/rss/articles/CBMinwFBVV95cUxQLTYwSGpuUDV6OTJoT0NwRWp5dmtZbzBYZE1rYzVzYUpXQzlZdjlvWmU2R0FadEdhWldOamYtOEV1VjlLZnJ5dS1TX1MzVzRXaVdyUGdYcHM1dzhQNGRUZlM4OWlmejZQQjZTOEFxdkFQMjhZcW9YRVY2YjZJSG52RDJXUkppREFES2FWcnlqSXZqeFh3MFpJQTdQRGg1aTQ?oc=5,The Washington Post,2026-08-04,negative
DC Metro,Metro details Red Line upgrades and upcoming shutdowns - fox5dc.com,https://news.google.com/rss/articles/CBMimAFBVV95cUxOVVRsSlNIWTZ1NTdpWHRVd05YRlZFMnpfaDhGbzdjWEdnTmpKSGpNTXAzd3AzMFVieTJrTk53Mlo3R3hxdkFvT1J0RTc3SF9kX2t3X21XX09pazg5cmNZaXRMTUd0YmVULThLendXNVoydjRvcnFJMXQzTC1MNExCNlU2RENITUVzWGE2akc1ckFMOGVMS2t0NNIBngFBVV95cUxOYnl3M3BFRXNmaVhuekxVUDhDZ0hnR084SDZ3TWxlcXQyRVdVYUNwSnRacmM3ZEYtaFVQZHlKWnZmWDRVd3NLaGUxNVN4Y1hBbjhjREg3cDhPREJ2eGJYSzA5NkQ2U25GV3BZWjlrRkQ2WUZvVThhV01CcXBiWHljQ1NZUm5QeldYR2FiY2V0WWlVanp5eTh4NjRLY0d6UQ?oc=5,fox5dc.com,2026-08-04,neutral
DC Metro,DC Metro Faces Week of Storms: Drought-Hardened Soil Amplifies Flash Flood Danger - Tech Times,https://news.google.com/rss/articles/CBMizAFBVV95cUxQNTZFWlNIazZyazdGQXBBTlVRbUJjN3VBSVRHY29EdUgyaWdSNEU5QXBfTVdTS3ZpdG5Xek9NYi1DN3ZkUXZ2RDZrRzVaTVAyV0tObldQb0d3cHpJXzdVUEZsU2VSbUhVUjlTTWdPRHhCY1p4Y3k2NEVtUE9xTVdoV1dXcmZDMlRkanRHRWE3TTFBVmZJVmozLVBMekNzYU13UG95NFlGaktfMU5iMDIxSzVZaEVTaXdNaDVyWG1POGNfOWpxZ2xxdTN6R0M?oc=5,Tech Times,2026-08-04,negative
DC Metro,"Within Uber-Waymo split, a key labor battle over AVs is being waged in the nation's capital - CNBC",https://news.google.com/rss/articles/CBMigwFBVV95cUxQNHhMZVNib2lqNXZITTBORzl6RHhXdzJkSnZwNVNsRFdGUm05ak9tc1BxZ1ItNmlsZ240dC16d1Y1TXFSTEllOXFNYXpqOWFIMUE3ejYzSUMxR1kxMDRrRXl4c28zM0hmSGVObGZFQ0ZvMkMzd2o3Ykl1TmgwazhpeEdwc9IBiAFBVV95cUxPU0tQSUdHbWJuTUtTSGYyVU1fRjlOVGNkLTFYVXlxMkhxRVRCUU9CYXp4VGFlVjE3Q2VzUXpZT2ZROXFSbGlfVnl6MVB1RFBqSUllVWFtSUkxcURrd0NIa3dHVk9jWkNsNkVGTENCRmhodnp6dWZXU3Z4Qmp0RUxQczBYc1JxUUZk?oc=5,CNBC,2026-08-04,negative
DC Metro,"Mixed Signals: A Housing Update for the Washington, D.C., Metro Area - Federal Reserve Bank of Richmond",https://news.google.com/rss/articles/CBMi0AFBVV95cUxOaWNFTTJsQWdWZFNjN3V3QlZDVFNZMy1YZEV3LV9YXzlQeDE4WFBsNTliWjVWd2M1dW1xTUtfYTRGSGRCMEhJa0c1a0ViN0x5SkxTUGxOajE2cXVEaDQyTEpOY3F5S21Fd0QyRkNlaFdsd2FPcjRSbEN6MnloVzJwbXczb285b09vdjU2clVpUGRUcVlSd2J4aFlBUkRwdnFBb2tvS0lJOVJWdWZESjhWR3JROXFTOUd4RlJoUm44XzFkTTJpYkNtS203cDZrMi1Q?oc=5,Federal Reserve Bank of Richmond,2026-08-04,neutral
DC Metro,Man in viral D.C. Metro photo says he was ‘terrified’ as masked white nationalists surrounded him - Advocate.com,https://news.google.com/rss/articles/CBMie0FVX3lxTFBZaUtuOXJpT3ZkUWJzS3FveGsxcHNBd05Nc21WMXlIb2h6Nmc5b2tOekxiWUlnUHpkeGxLblR5dkFUdnk0MHFOWWIxS2JiVW1vX2xxbGFjb3Npd3ZIZkxkTExFYy14X0lnaGlJQWhwNmZibVhZVFR5NURuYw?oc=5,Advocate.com,2026-08-04,neutral
DC Metro,Man convicted in 2017 cold case murder of off-duty D.C. police officer in Baltimore - CBS News,https://news.google.com/rss/articles/CBMiswFBVV95cUxNNEplN1Vxb2FfSy1objJpaG1qSGVteVhUaWQ4TUlhNVFnX2g3M2NJb2gwcVJrVjFsaVRZYjhRUElSLW1VMkZkZ3pkdDg1bVYyM3FnenQyaDFtLXVHSUJlVGVaOFRhcEVOb0xtYWR3SjRMUjBybTExenZmd0c0dDdiR042ZG1rdHNBYXd1MS1qejhHUllaNDZPZkQzMHh1cG4xa2F4b0daZkpJN1FvQko0UWdxYw?oc=5,CBS News,2026-08-04,negative
DC Metro,"School’s out, hunger’s up: DC-area nonprofit steps in to feed kids - WTOP",https://news.google.com/rss/articles/CBMimgFBVV95cUxPdndNcWZBZm80MHNnMlJoc2x0aE5ybXNMaUxyU0ljOWZfYmdxcFNjdE5IdnJCMG1Yb0tfYTlHQk1tNXRzaDhuMDdEalNSOVdJdDR6bGVGYURxQU9lMjQzUDFmcmxhQjg2TTFEZHlxcTgySzA4cWM1WWlFRGRNU2pfV0tycjAwb1dyQndHMGNjOHJMMC10TC1MUnJn?oc=5,WTOP,2026-08-04,neutral
DC Metro,Stuffed frogs and more are flying off the shelves at Metro’s pop-up store - The Washington Post,https://news.google.com/rss/articles/CBMiowFBVV95cUxQUjNnYlBwdFM2dEpyRnJHdlpEV0wzcVh0WGVidXpiZnhFVXZPVDEtbVVkRkZuSGEtakRJejJUOUxJMXV0anFKeENTc1BYM0REcHJUdWlhcFVmcC1VSW1LX1NiZUlRVFNadXJ3XzZzSmF3cjZkb1F3MTIzZ3Ntc0xDQ2xHMFM3NnRZdHVzWEJyX01yYk0xVmFxOUhNUUZBaE5Lb2hv?oc=5,The Washington Post,2026-08-04,neutral
DC Metro,State's Attorney convicts man in Baltimore cold case homicide of DC Metro police officer - WBFF,https://news.google.com/rss/articles/CBMi2gFBVV95cUxPUTcxNzZUanowR0lHTVAza2xCNFhEX2NDSTBkcjNIeDJFMmpudEh2WkM4QW9haExKWmFnUWVHUDdfYnRRdEdXa2x2RUE2cmJTbTFqS0RKcEtoMzZNYkZVdVExMnhMbHFxVlpQeU9sYkR3NUtTQXdCYndpMWdXTWVCYjBHb2ZoOEdmNmpycGsxSHgxM3hCX2x5c2YzNmxacm1RMktEdTRaTXFoa1dZV0IzaXhlNmhYeFJYZzZQUXZHTjhhZElueVFQdkdQZXJULW9JZ09MWUljaEZSUQ?oc=5,WBFF,2026-08-04,neutral
DC Metro,DC Metro rider describes encounter as Patriot Front boarded his train - WTOP,https://news.google.com/rss/articles/CBMimwFBVV95cUxNU3FNRlZYT0k2a2c1WGtiM0c3QUdzRmI3bXpsY0ZGZm94czg2WVVwVllrWHBMQUV5TFpCVVJDQWhZLURFcC1YRWhISDd1dkdxY2h5ZmlFSWNNOVVrZnE0MzFRQkE0UnpEc3lRaS14VUhsS1FwX21oWm1ETEV3R19LX1FRSU9RX2hkTlZyX0tvMUpTeHdJNUNlZnZhRQ?oc=5,WTOP,2026-08-04,neutral
DC Metro,Metro’s Red Line returns to normal after water floods control room - WTOP,https://news.google.com/rss/articles/CBMilgFBVV95cUxNMDFOV0pIdFlURVFFbGVXR0pOWDlXWnlVbzRsdk5tZHhQQnRQWm10RXZ4Y25MWHhQa3ZaMFBYTEtuSzA4OWxRUWwxVzBXbk01MGptTnM0RGpRT09uZ0k0dm1aVEVIRm0zOWU3U1YtQU9VRnVIMllRQnMwYkRLam11X2Z5TGFVU1VJdkpYWnN0dFFfLWp5VHc?oc=5,WTOP,2026-08-04,neutral
DC Metro,Terminator 2: Judgement Day 35th Anniversary - Alamo Drafthouse,https://news.google.com/rss/articles/CBMitgFBVV95cUxQNnhCUDE4T1pGa2dZRTh0UnlPNHZ2TjFyblp3QW5WWnVWcWIzV2Y2STcyY2M4UEhUY2g5OGNXemtMU01VbExuNklXNUdJbmItQW42Yi1EMnd2Q3ZGSFdXeXg2U3pvUnNpUG5jaUJCV2VrLUJwY2xGcWlWeGRZZi1oZlIzczdkSGdyMi1zdGlvNzNXNEgyTXdQRmUtWHdzd2xIekR6Si1sNWlodVVmXzM5Qi11U0RjQQ?oc=5,Alamo Drafthouse,2026-08-04,neutral
DC Metro,The hottest T-shirts in DC are from Metro - WTOP,https://news.google.com/rss/articles/CBMifEFVX3lxTE1RbUtBTVpzeUlScWYtZ2JxVTFoZDN5czU4TEhQUG44RmlpVktHUFc3U05WY2kxZVhuOHM2S1J3c2pMOXUyc2RQTWRyTW9KR09Hc2c1SVZpUEhEdy0wV1E5ZWVzSlZpdFg1cHNTUk9YQzlFUHp6ZkNFWWpUSzc?oc=5,WTOP,2026-08-04,neutral
DC Metro,Scary Movie (2026) - Alamo Drafthouse,https://news.google.com/rss/articles/CBMifkFVX3lxTE4wdEJqQWZZTGg5ZXE1MTMzWmFJMl92eEp5RS0weEtZQUVOQWY1U0txcUxuVmR4U0g0eG9SZlRBZVczSEV6MkE3SnpOd2wyUnRRcThHRFhjZHYzSmFZNkhDdjc5bVE0OHZ0RDQ0VkdsVHdfWXJYbWJmNjdjQzN6dw?oc=5,Alamo Drafthouse,2026-08-04,negative
DC Metro,Man in viral 4th of July photo reflects on Metro ride with white supremacist group - DC News Now,https://news.google.com/rss/articles/CBMi1gFBVV95cUxPYktSWUtjY2g1QThTU2QxSUVxT2thV25ibzNGR1NCQ1RPNWZud3k3bGV6Y1JOU3hycUdVNFc0Wnk2VnRIcllnM1pQVlpEbmJzRl9wYWROaDhYbWx0b0E2MkNsSTlnMlJ6dlFDamZOOUNxUVd4ZmIwTDhPNTZmVjNZYzJxRzRlUTc5WnJ0eUtUbEhXRm9rVlUzbElDTk9zUFdDLWs3bG8zYUpTLUQ1R2dDTVZCQWZMN3ROV0RPQjlwcFdocTltLTdKZHhjNkM2MmFON1pBY3FB0gHbAUFVX3lxTE1YbEV2VjhDVGsyajNkZWpKODhLZGFCQ0ZSemREMkZTMjlGNmVRMlItY1hob1hFUGN2eDFJeW1RZEZ1cG5EaWxJM1JZd0VwdlRGVkpIWTJQUGNlYXJFMHBxeUNtUXNGc1FGbjB1NGRrT25aWDM2T0VwUlFCRHpzMTRMRDh3YXRRaEpjeF81TEZZRE9CYmtQakI4WVNhUFBOeXc1N0plX1hxRlRBc0hKQnRpcEgtMkRWT1JfNkQySXlzZS02OGFyMEJfay1EUUpodnM1eXV2REZvaUI2OA?oc=5,DC News Now,2026-08-04,neutral
DC Metro,"DC, Metro have three weeks to finalize agreement for stadium deal - NBC4 Washington",https://news.google.com/rss/articles/CBMitAFBVV95cUxOUUhMY2xUVnBUTWxJWmFZejJ2STNIOXByZkVVWk9hSkxIeDNoSWtVU3J1WWdNYUh0RkUxLUtFNHRERm44bjlyTjZ6WkpoblV4ZHJlZi1mRFZkMUs5Ui1NY25mRnVQUUpLNmNpVmNWaXluNUxYb3pubEtRRDN1NVBuWlM3TmJrN0lGd0I0bm1vZEk5WnExRUhrTEQtdFNKM0ZEUmZkSVRweTNHTmpDZG1IRFJpVnHSAbwBQVVfeXFMTk5ZaVdlZjllSmFmTE5MbkY5Ym1QRzVyb1RXVUJ5VHhHTlNvd0VCcmdxUnRtQUlNQ2hLSDEyWnh4VXpyOXg4alozTV9PMnJYdl92SGt0M1VxTENQcjFyME5TM3Y4dFpwTC1IX2c0ei1Wd0huTFFuTDg5UTA5S2xPeHBNY2RIUG9qWW1KVlFaZFpneDYwZzVQb1hRb1FiYVNZSnlQb0RJWmNMLUxqT0R6SHdnRmZZTWlTa3FqTnU?oc=5,NBC4 Washington,2026-08-04,positive
DC Metro,"The Woman in the Photo Wanted to Be Alone. Instead, She Went Viral. - News of the United States - NOTUS",https://news.google.com/rss/articles/CBMiggFBVV95cUxOdGkzOWdUbGU2cTJQM2w5bjNuVkQydXoyYzZmbFZJU3dqZUluMWR0YVNkRmJyeGNOS21BS2FYWXRXSTVFd3BKYWpyUmZUc3EzRjhtd0FIOG5KWnlQZ2hycURJYWNqVnVTSmpadC1PeFhDWkduNVZhd0JtTkVJdC1Ra3p3?oc=5,News of the United States - NOTUS,2026-08-04,neutral
DC Metro,50 Years of DC’s Iconic Metro - Washingtonian,https://news.google.com/rss/articles/CBMic0FVX3lxTFBJZTdleXhOVUNuTlU4Vy00OGdRVW83NThLWHZDeG40Z25RZ1ByblFRaTRuNjJyaEhyRjZmOWtPVThKNGZ6dWNLeF9tb3RYby0zcUd6enh2YkRwQzhHRi1NRjU4U3p2UU16ZENKdG9WU2lKdXc?oc=5,Washingtonian,2026-08-04,neutral
DC Metro,"More than 200,000 DC Metro riders use shuttle buses as Red Line closure continues - WUSA9",https://news.google.com/rss/articles/CBMi_wFBVV95cUxNSml5bTE3a1BDdzl4NGFFRnF4QWtDSmFrazdGWFJLb3ljTHRrMTlHZF9ZTFF6RldoNlQ1Z1h0QXE3dzRhN2UyLXg3eUxXeGg2Q283WEw2NHpvZm1JaWVPd0t4QjVyNVRuc3lHSE02Y3J2OW4tTm5veWlyS1NTcGZDa1hxRDNxV2NaZGt3R2JkUl9DSnIyNnN6MmlremtmTGRFRjZhaGhVNkVCMVdiMlVVckwzZGVCN04zV0Z2SUNjdUpucHk3Zkc3WUIzT1pXckI3ODhlYUUzNFRFZDlDM2ZNZlViWm90UFdBb1h3dFJXbGI0eTFRR1RwLUZyTDBxVG8?oc=5,WUSA9,2026-08-04,neutral
DC Metro,Traveling Without a Car in the District of Columbia - Streets.mn,https://news.google.com/rss/articles/CBMiigFBVV95cUxNclQ4d2dtVl9WMW54MmRCcEM5OVlxR2pXSGQ0TGFZZVhMY0FQR0ZBQVJYekhNeFFfcjJ2SUJha1F5QlZ4Z1AyS1lXQmVPdDZyQXJqUS1ZdVpwZWFSVmJGdEw2bWhfSmtaTGt4ejRWbTVJWjIwSEx4c3NRR19JNFRTQ19WTnQ0TkpQRGc?oc=5,Streets.mn,2026-08-04,neutral
DC Metro,Weather Alert: Tornado & Severe Thunderstorm Watch until 10 pm for parts of the DMV - WJLA,https://news.google.com/rss/articles/CBMijAJBVV95cUxNX3p3bktWS0tSOW13LS16ZmhDRUF3U3N6SS13RlFWbEpLWHpaaDBaRWJ1bkVfcm9keHZUN0JvYjJKNHRXdExCM0hzeTFkOTNIZlFDUkpkbFpGTEY3N2xyR0NlM0Z3R3czUERvQjNjNk1ZM1VpajZ5cjQxamJLdFZfbkdyQ2trSUdiRVltdXQtNnZsMmYyR2RWcEd1RzhwOWFWaTRsOUVCMURrVGphVFBPYjlkRzJFV3djOFhUS2tWZi1uQy00bGF3RXhiZk1XcklST1ZXcFA1dVAxZEVUZW1DajNGQUZmQlppSXVvSlFERG03ZkFJcWlzc1QyQXVZbzNDS012ZjJ0Zk1IRXRj?oc=5,WJLA,2026-08-04,negative
DC Metro,Metro releases renderings of new train platform doors - WUSA9,https://news.google.com/rss/articles/CBMi4AFBVV95cUxQVTgybV9jNm9jTlMxUnR3TXc3Y2VZT19fWEwyN09jYzdWcUo5ZkFxVk14MHBncVRoa0dFUk9sdFZqaHk2Z2dFZzRUMkFqTm1ld3RVblNfOVBaaHNqRWhpbENINngzSE56blpoeW05S1M1RWt0YktDMTU2MVRUMWJlWlM2Y0ZENmNmdTljVmwzM2FWdWltMmQyX2hiV3dmd3FLWjNxSjAtTzRsbzc5M0pGNTVDN0hVU0NtdFJhRlgxd1B3UkI4V2JmQ2R6b1RFdEhwSGlqNWV1NWQwUDJ1VThVdQ?oc=5,WUSA9,2026-08-04,neutral
DC Metro,"Metro set ridership records July Fourth, WMATA says - WTOP",https://news.google.com/rss/articles/CBMinAFBVV95cUxNN1ZmcUVtaVgyeFdycEVHa19KMlVwVURnNnc1TjhYVmlOYmo4cTFZU2sxdi1DQzM1VGd1cy1HanZmS3RXMHpnU2FlRmlNRHpYa1gxUWJ0VUZLQTY3dzlqb1M4RVNGSXRxOUlhY3VHd05tS2R2TC16a2xSeTE4eXpMUGJlZ0lKQk0zM0N0OUtJMmllMXFoczk0VkU0TlM?oc=5,WTOP,2026-08-04,neutral
DC Metro,"Chart of the week: D.C. metro area population growth under 1 percent in 2025, lagging lower-cost peers - D.C. Policy Center",https://news.google.com/rss/articles/CBMirwFBVV95cUxPeUU1Wkd2TWZXTlBOZHhmMVlGYlliaGVzRnJrZGpzWjdTZFlCU2Fscm1URFo1eGE3eUxzY1E1Yk9NY3BwSG9qaU5ZYWVxZWxjTFpHbUgwWFBxeUtHclRCQmZZX3hpUTBONTNwaGNudm1kM0pxNVZUVk5pNUhmVk1KTWtfenpqazlJdjJTYnE1VXJoUUdNdnVaS0R3WVlvVHpKSzFJNU9mNnpqUTZBNkgw?oc=5,D.C. Policy Center,2026-08-04,neutral
DC Metro,Photo shows white nationalist Patriot Front members riding with Black woman on DC metro - Snopes,https://news.google.com/rss/articles/CBMicEFVX3lxTE8yMndrcEl5QkNPakt3NUJkOTBvd2tfcU0wdEpYQW9RMHRxbUc5eTNQc3Z1VWlXSUxGejB3cThqVDBWcEdIZmo4RzcwVV9SQ1QxdGRwMVBPUnlJU0tVSzhjbEdYQmRWRGxDTDlrbTZsYU8?oc=5,Snopes,2026-08-04,neutral
DC Metro,DC’s Metro Wants to Install Platform Doors and Run Fully Automated Trains - Washingtonian,https://news.google.com/rss/articles/CBMirwFBVV95cUxQRWhwZzVDeFZHRlhJYV8zclgtSGRLQWg5SDU3cG1aN1ZWdWIxcXpDWGRGQ0dTS0RuVnFOYktiMlFOc25oNHdyakZ5ODlOSzhUQkdxUko2Y0ZSV051TmNVSHI2YkU5a2F4OE00Ti13UWZ4QXJKS29LTVRURHB3R085MWkxY0FQaDhaUllEQ3N3bTh4NUhWd1hHbU9zOU5WMGRVYU1wdVBjT3dWajlSY3dj?oc=5,Washingtonian,2026-08-04,neutral
DC Metro,Target: Crime | Keeping DC’s Metro system safe - DC News Now,https://news.google.com/rss/articles/CBMiigFBVV95cUxNUW91U2g0QThMclR0dWcxZEpzYlp1TEJxMTliRXUzN1B1Vkc5cWI3LVpNVDFCbFVreVdqcTVBa3R5d0VBZExIS0tSc2d5Q1lEMWR4T0VkVnNOMVVrNm5DTEpxYzMtc3NncXhCWFFpRmJZN3g5aE5kTV9qWGZmblVnTTc3aVE4UUJla1HSAY8BQVVfeXFMTXEzazRMSjNXdVlxcnNXYTZIMEVMUGVJVXpLYzdEZkNzVV92R0xQU0FOV3UyNlNmWWtLVnpqZlBKR29icGwzY2FHeEQ3dHN5eTJwRWdjZXB5ZU9ycGVhcFlwMTNITF9hZl9LcUpydGtlNzNkRnNCNGcyRjhGMHREMmFnQWMwSkJuOVBtT3ZQMFk?oc=5,DC News Now,2026-08-04,negative
DC Metro,Another Scorcher in Store for the DC Metro - The Well News,https://news.google.com/rss/articles/CBMihgFBVV95cUxNT1FZM09BbTBxcFhEMDlRRTZGcTNjdGxjQ3ZEa1RoX1UtWUxibE9fWHZhZmE4dGtxTGJ1NG5xWDdRQUZyRURMM3dtUDlfbF9tM2JraVNzcHNrQnByX3BhVFlYbTFyRHhTcmlQVlkzZjBHeHplVEhyb1cxcXZBRWRZR1hnNzNuQQ?oc=5,The Well News,2026-08-04,positive
DC Metro,Using Metro to Get to AMCHP 2026 - amchp.org,https://news.google.com/rss/articles/CBMib0FVX3lxTE16NUxSeGJadmIzbFdCU3d3S0w4QUg4NWRwZ25FYkFhWDhGZjJIbDhFZFJ2djluQ3lodVJ4b2NtT3pNYktFMmlFZFJZMjlON2FHS3NKZkZWSC1rLW95am9vMy1taUJOLVZCWE5TLVR6aw?oc=5,amchp.org,2026-08-04,neutral
DC Metro,Red Line shutdown begins July 6 as commuters brace for major summer disruptions - fox5dc.com,https://news.google.com/rss/articles/CBMiogFBVV95cUxOaHNnQk5ULXhWM1BVU0VrQUh5bU1pRmdQN2tRZUdSODFpc3lBUFZ5UmdRV24wbVBkZzFoRWlYcW15OV92S2diVWVYSWtkX1d5cDV6ZllzSlFFc0FTQ1BOU1ZIbjZ0V0xkYmlLc2JkRmc5UmhLTDN1em1kTWNLLVdxa0FYYkJjLUE0WDZuZDJ0TFJUU3Boc3lnUnlQWnNvZng1RFHSAacBQVVfeXFMUEZtWXh6VmtEWktUN29JSjVsN05lbnZNTXh4b0pzOVhjbTlLMHItSmFqWGIzbmQ3QTF2b3JoS3JzOTEtQnlsQmZrc2NCUUxiTEZydWhwVkZXbDJYNVk0aHMxZWhhN2tMcjkyVnhZSnJNQTh0V3oyTm1WemNCRzUtNTRXcVUzXzZNSTJWTkl4OU1kSG9YSkRNVXBheEJxR1AtV1JjdjVCLXc?oc=5,fox5dc.com,2026-08-04,negative
DC Metro,Why DC’s Metro Wants to Automate its Trains - Bloomberg.com,https://news.google.com/rss/articles/CBMisgFBVV95cUxNbEpRNWhsWTM2THVhbGdIbWtYMG0xV1RjRjVOSUxnNmFLdS1lOVdtaC0zTXBPQ0p1bjU3Z1F3bkpfNXRNVkZRblBRSjRDUzhaZ3lTNGgwaHV4LTBIb0Y4OU1pNUFhR3VreWtQV09LcVFJZ18xclFwM0FKZTNSM0hrVkRuN3JGYTBoVV9HVHFfdXhmY09hRDJhRWROa1JBMGRoMFRSVkhmczJnU0IzTU1aaWZB?oc=5,Bloomberg.com,2026-08-04,neutral
DC Metro,Most Metro Fare Evasion Cases in D.C. Are Thrown Out - News of the United States - NOTUS,https://news.google.com/rss/articles/CBMiXkFVX3lxTE9NcENhOWNRdGdldFBNTVc1SV83SUdYQVhTNWJWOUItYWpKX3VKTVJMeVpaSl9JOC1WSTljR0ZqYml1eHllSFYtR2h2NHF3MjNaQnVBUUVaQmkxUlZ4cUE?oc=5,News of the United States - NOTUS,2026-08-04,positive
DC Metro,Metro wants to add glass platform doors to every Red Line station. Here’s why - DC News Now,https://news.google.com/rss/articles/CBMizAFBVV95cUxQYWJTR0J1Y1J2aFdMcHFaNEQ3THN2d1M0NVBPVUlhUnJsU2VQV1ZGejFHUnU5NHZiUG5JQmRqNkFKb0hDSmZZMGdjOVAzSEZ1VTJTUE9EUkVxQ2hOY0RhWWgxa2NKN0JqMkJrakI1TEtnemdIblRjeDljLXJLNXZUTU5uMjFwQjVuQXJfTlZzU1FGUWx2c3F5TGJTVTk1clRpNUd0OWlSWkJMUEN6cnEtLXRXM0JCeU0tLTgzOThGbWtjcWk2ZERqTXd4cDnSAdIBQVVfeXFMT0wxc1BqR25fNTRvdlNSdEVPb1BDMXpLZV9QMlpFSWhHZVBsSHJjbUhRcEw4djY2elMyajZ1YnhQVXIySUlqRmNCNDVNWEVObENZcWJLcTFTYktvbDdfa1FhdExPZjdsMGloNTNlMG5ycFhnd000WGtGSE5UV3lHUGc0aGQxMW5hTGRaYWM3dnJ3cTF5THF5RkxfWjlOcWJVNFpHRDdTdy1lSVpJWk5aOF9mV1dSMWdrUDg5ckZ3eWRwZk5YVFl5dkRBUm9qdGJ5Vkx3?oc=5,DC News Now,2026-08-04,neutral
DC Metro,"A year into a national guard deployment, DC residents say they live in ‘a city under siege’ | Washington DC - The Guardian",https://news.google.com/rss/articles/CBMikAFBVV95cUxPZTdkdGM2Y3BRR0JTX0ZsaEZhLTRKZEF6RmpSOV91eWFGQVpPMkU1S1cxQlRZbTJqbTBndVBrZUJZdGRkdS1ZczZLMFlIeHo1RW03MEU4ODFnRU90ZmRUQ1lXeU9SQ2dWQjBnQmpadDI4RkNCdVBRdGNqZEdYWnc4TUhfYUY5c3lQeGx5OWdrcTU?oc=5,The Guardian,2026-08-04,neutral
DC Metro,"One family, four generations with DC Metro - fox5dc.com",https://news.google.com/rss/articles/CBMib0FVX3lxTE1DVENWNWZYV3psSUFrWVMxQUUxMFVUdEhjZ2JPRXlUYmhOdGxQa2lUX19vbjYwZVRvaDBQUEl1bmVOeVNHVEltWFVDRTNVVDlzQ0dNamR6d1hrMGVfVTlFRUhxUVBGeTdHS2h6eC00a9IBdEFVX3lxTE9Kb21yczQwY1RTMmtySTRNUzFKTEVJOC1DNVoyNmVQcS1qVkxZRi1SR3hzVk1fQzFCN2k5eWtieWFTMW8wNFhlY215VDZCOFdhMXlXLWU2aU9aUlZsbXhsVG53bHczMWVPQVRlVTVfZFFHbkNB?oc=5,fox5dc.com,2026-08-04,neutral
DC Metro,"Metro extends hours, offers free rides for holidays - DC News Now",https://news.google.com/rss/articles/CBMikwFBVV95cUxPalpzN0dYLTN4b3RSZ3ZhQ0c3azRhTUo2UDNtSndnQVBEWFdOTGdOUEswOXBkSU9wZUJvMzFGTll1Ty00TnZaS1FUXy1qajgtc3FBTmFIT0NqV2pzWTFnREw1THlDODlYNGMyeTlLVkVkVV9QenlPQURNUzU3eEdQSUxaRnRpaGxDTllpdzU3SGl1NVXSAZgBQVVfeXFMUHA5bzY4ZUxITzRFSDBKVVgxbkgxblVrdXVBYlY0RFI4OHpsX3FJejA0LVBjZ3U1NGpjYVRoaGhpLTJFX2t6bDFCRWRzMHJmX3JqYktWTlNrd1BkVGxLal94R1YxMWZiM2ZlVXMzYjgzci00S0pwaVdpVnJDZ19ReXBTT3VhWkh0NDlsU3NHWEhWR3RMeE9PNlY?oc=5,DC News Now,2026-08-04,positive
DC Metro,"Severe thunderstorm watch until 10 pm, strong storms set to slam DC area - WJLA",https://news.google.com/rss/articles/CBMi0AFBVV95cUxNdVB3UHBzTDJIMGY4OVpJY21lZTR2TlpSTkJqMjEwcW5GaUU3YmgzZjZZUkdoWXQzTEhFRnQ5WmxvR1JMLVZtZTl4bVRMTFNvekd5VWVfc2hneEhIVWNDS2JUWXctNGE1bnk2U0laZENSanltVnlvRDI2ZjI3QThSa2JGTnJvZ1B5akJ5emRQQWxDTHlzaVBQUUVOWVN3c1ZLOV81UHBKTC16emYyNE1oM3JVNVVKaTQ3cHJDcDc0b0pieV9icmM2NEpkcjZTX1RE?oc=5,WJLA,2026-08-04,negative
DC Metro,Red line shutdown begins Monday between North Bethesda and Friendship Heights - fox5dc.com,https://news.google.com/rss/articles/CBMiowFBVV95cUxNZVUtT29hdnBoNzU0ODRBbi1HS2drSm92clRqaXc3ZWlBTEZ2ZTVGUTlxNllrRW4ydThfM0lldW1zV0QwTWZpVTFuMDY5dTZhbXVBYkpMLU1ZQVowQy1JZnVFNUtlQkR0Y2xFcXlqdm1wbi1BV28zeVlMUnV2MmFDczZtenk0c3NhVVQ5LWtpcHR2RGZYV05QVFlvNUU2QzkxYmpB0gGoAUFVX3lxTFBrZ1F6NVdfOWxHd3IxaFl6TU4xOTI4VWczVUlkX21ic252d2I3Yk1mNXJncFM2NnJaOV9USnhjT0E0RFg4TU1kRk5VYUQycXM2Y2hYTGlpRHItZjdnUm13MG1aeGkxMmcwQ3NvZHRSOVdhWDJuNGxHOWo3NGktNFQ2QTRxYVFHSTJBR2FHMFFoQ2hUdXFBNVE0bWZWQ1VlM1VmczFCaldOOA?oc=5,fox5dc.com,2026-08-04,positive
DC Metro,The very first ride. A surprise encounter. Memories of Metro’s 50 years. - The Washington Post,https://news.google.com/rss/articles/CBMihAFBVV95cUxOdXNfbDI3bU80ZmxTUmQxZE5TZkZ5MGhRTlVVZ3pycjNuMXloUW9LUWloWng4LTdjd3FCR2luanA4TXJxZWlGQnV3WUdpYUlxaHNzTC1KZlNUX1pObzdzbm9HZFlqMVZPMFduUFB2d2lKMHl1QjRCcGVybXY5U19oYTVaNUU?oc=5,The Washington Post,2026-08-04,positive
DC Metro,DC measles patient took Metro. Here's when and where - NBC4 Washington,https://news.google.com/rss/articles/CBMikwFBVV95cUxOemFqQmtXaW5td0p4bWFtR0JpZTB5X3ZNSlZxYk42cnR0cXVpVzBPcHRjbFVidXVBY2NIV2dsNTVLMUdjTDF0eWlzTGs1NXJxbko1SHNqZFJnSDQ4RklDanpSNnEzTGNfbUlMUEVGQnYxR2FmS2JOcDRXZUd6VDY2UGc3SE5DNFRLa25VLUZDYXEzNkHSAZsBQVVfeXFMTzl5dVhueXJzRndxWXVyRTJBYWlZZm9oTldyVjMyZ3pBOFY0WXlQMXZyZUV0WnFMOG0zbmtEVW9TQnp0Tmk0Vy10N2R1MkZPOTZ5a0d0bXJuRHk5NmQ2d1ZoU0o1OWEyclJEVm5GMnNNbF92UjRYdnZZYzgtdUxSYTVxeVBaZGVCVTVJcXBkRFRQUnd5U2dHdkhzbGs?oc=5,NBC4 Washington,2026-08-04,neutral
DC Metro,"Cities With the Most Expensive Homes in the Washington, D.C. Metro Area - Stacker",https://news.google.com/rss/articles/CBMinAFBVV95cUxPcTBTTzVWUF9NZmxQWlVuM3VGcnhrQjBoUklYa1RnZS1LbTdHekxqbDkyWDJXM3dJWWc5X2hnT1FMOTNlRzdKN2VXQUp5UUZqZGpjTG1yZTVPYUhTLTJQWWR1d2xMR0dqRjdlcFA2d25rZThRZmIwa01JNWxjVXpQbzFxa25XdUE1TWtqYno3WXNZdy1XLV9oYklTR0c?oc=5,Stacker,2026-08-04,neutral
DC Metro,Georgetown To RFK On A New Gold Line? - UrbanTurf,https://news.google.com/rss/articles/CBMiiAFBVV95cUxPekcySmNBR001WHRQRmQ4TzhSX0hXbXY0S0Z5MHIyTFItX2dXUi1Jd2VJSzVtWkplcGNvVWtkN0w2endvTWk0dmV6RXZHaUZEeWdaM1R5Ni1QXzFqOWQ1TUktb05pSGt2dHd1d3Job212NlVNYzlmUWZhUFdRcVJPVzFLNG9CTVcz?oc=5,UrbanTurf,2026-08-04,neutral
MBTA,"Woman trapped, injured in second incident on MBTA Davis escalator this year - Boston.com",https://news.google.com/rss/articles/CBMiwwFBVV95cUxOM1pkWkFuLXhaYzB0clh2b1VfU1p0RDNzODBXLTRBQW1EMjkxSkd0dWRNdVhRNXRnZEFpeF81aDRiTlJrTjBOUzRkVUZJRm02c3d1cXhCN2JyTWNwTE9DYnI0ZXpoYi1HUzdyTTRBQmFQaXo0U25IVVdsZDZUTm0wdDFMcUNUNEdFZVRPRE9rZjN2djhFVFZnVTRyY00wRXNleDBKNGU2ZjN2ZlpNXzZacDZDbjNWN21VamFXdmV3OXE3c28?oc=5,Boston.com,2026-08-04,negative
MBTA,Surveillance video shows moment rider gets caught in MBTA escalator - WCVB,https://news.google.com/rss/articles/CBMingFBVV95cUxNSENwNGNpQjllZjlLS19vdk40U3dJTmVTVkNNaGxmVFVWUkV2V2FxMWtvZkVuZFdLM1Rfd3RucjZYWXRmdXJGNW95eV9qTFNHQkR4RnpIcld4c3FFXzA1VWpNdDZwTkVpcXdzMEwwa0hTTDMzbkZETnFNOU80RmxReW1EbDdQT0U3d2RXeGVydVRLOTVqU2lnRnQyeHpZdw?oc=5,WCVB,2026-08-04,neutral
MBTA,Rail News - MBTA completes Red Line infrastructure work. For Railroad Career Professionals - Progressive Railroading,https://news.google.com/rss/articles/CBMinwFBVV95cUxObWxwdjRCSGl2UzNzMm1QY3Q4ekFHa2xRX1h1VDgwaFF6VjRMbGN3OHh1dzRZY3pHdHREdXFDM0xHYVZqNE43YjJlOWpId0Z5R0JKUlo1NlpvWEhzSGVCc2k3TkRMWGZ4VTZZa0xhZjJkbDYxdUVLbmFfZ0huWFJPYTJ6ODdwN0xPLXJIQzBSdFdfTUNVWmtiVUxMaHV0Nmc?oc=5,Progressive Railroading,2026-08-04,neutral
MBTA,Community Meetings for Transformative Blue Hill Avenue Project Announced - boston.gov,https://news.google.com/rss/articles/CBMinAFBVV95cUxNZmpSQUdsLXd3aEdfM2tpSmlhd19RMGdpRFd6c0pGdG5kOGJrbEpuaXAzUnJwQWVldnJFMld3LXdzZmZIUEdRZUQzM1p0U3dYeFZha3lkXzdYYmhxX0toUkpTbzZTcThCODYwdFlvbHJWdERyVTE0cFRfcmZZYW9INnBMZjVTYkJjR0JIQzRvdVNqbkpkbGhrR0wwc3k?oc=5,boston.gov,2026-08-04,neutral
MBTA,Person injured on escalator at Davis Square MBTA station - The Boston Globe,https://news.google.com/rss/articles/CBMiowFBVV95cUxNUk9QRmwxcG9PcHRuRk10YXNZV1A0NGFyZEtFNHIwc25RZTlQWDc1Tmc5SDNTcDcxb1NsV1VNZy14ZlBTR3BXSUhaS3YtR0RmaFEyZjlWcU9SUklPRG1jRWxLVEwwbUZUQWZZSXJGOGVNR3BpenJ1ZXZDbWtWZlliREFBYXlvXzd2SkQtUEUwZEd1bG9JTE9Gdzg3TUJyRkU4a0VV?oc=5,The Boston Globe,2026-08-04,negative
MBTA,Woman Injured on Same Boston-Area Escalator that Killed Man 5 Months Prior - People.com,https://news.google.com/rss/articles/CBMipAFBVV95cUxQME1YWFpONm5jWHI3aVNFUEl6VVlITWRQeHNQV25vaDlKdGQ3bndiRFV2am4xUW94QXAwalpBUldvejR5RS1VZEtjVzJNa2xPWnFfYzR5X0U1alVybldueXptN0Z5Q280Y2xHNllyd3BXbVJTTjd5Ui1YNE9rWVlEZ0dtOWp4RDJHT3JkZ1UxNEhlMC1yRW43X1VrYTFFOEVVRGt3Sw?oc=5,People.com,2026-08-04,negative
MBTA,"Woman trapped, injured on MBTA escalator that was site of fatal incident - MassLive.com",https://news.google.com/rss/articles/CBMitAFBVV95cUxOdVdzalNTVWhpbm9JeEZQTXAydVphU1pYLU9TS1pncjVmcnV0a0FWenBhRnppc1dNTm42NkVOUENpTW5ONDBhU3JZWEx3MUFNc25PbFhmdE9FRkxCd3U1dUlRRHhoYVJvb1U0cHJEc0JEeWtRTXVCaUxoZlRRMHQwcHl6N1lYUkpjVjZEejZlekl0eFc1VkdISDVxXy1JdzZyMGY5NGFQakUxajYyMGN5dWwzcUvSAcgBQVVfeXFMUG5HMTJKNE9XOVBJS2Zqb2pDSFQtVWdCcENDUGVPWno4N3dlaU01cGd0MVRYUlF3Z3J1YnJpTy1yYlBySDJLSFJHeGZhREhWWWRubE1jLS1XS1NwOXNFcVBfQ2RvQ0R3dFFWZGNKV2MxQWd0bENJUlNIMUlfQmdTbHFiaWNZMFVyNDJSaGM3dVFoUC1DNnc5SlVqS3BuSmFzN0lIOFJUNWFkSVJLRkk3Y05yRE44cFV1M0IzbDVXWUhrVVNjUm1XUDQ?oc=5,MassLive.com,2026-08-04,negative
MBTA,Fare gates now in use at Ruggles Station for commuter rail riders - WCVB,https://news.google.com/rss/articles/CBMiiwFBVV95cUxPLWFYUm1nQndLTFQ0cTFMNFVuTzFzMFVsQVRkek5meDdnbzh0dXE2eXRSSTY0MFQySjVXTzVMQmtPXzdFN2NLaUg3eDI3QVk3QnFWYldselV4Mk91QkFJQ2JobnFURXpLUkFPTEhvSUFoNHFfNjI0ZDZLazdhWWY0aEpYaUY2bHhOLU9F?oc=5,WCVB,2026-08-04,neutral
MBTA,How did a man die after getting caught in an MBTA escalator? - NBC Boston,https://news.google.com/rss/articles/CBMilAFBVV95cUxPNmVpYlNpVkNSbHlSNlZUWlhobTNCemdHQS14MlRTQ3VmbHNEdnNFSHVoT2hHeWlMTC1renhyVGlrdGxaWmRaUWptWDNwWXdPamVuUEM1YUc2VV9jLXNQeHlESG1vVl9vTDd0dHpFdG4xOEZKM19MQVAyUmRRYmRpck1uQzBQU1RlczN4QjdNSjBSWEpj0gGcAUFVX3lxTE9oR1FvM210THNmaG1nM0c0eHlTdEVyc3ZzaEJnNDlMd2xjeWFpd1ZEV094d2RiZm1HeW1WdVpLd19JeHpCTzMtNnR1S2lwREZrZDhkbEtZamFndjByMk5aS3QzdTNIVEw5WXVzSHQzR0RyUWxseHBEeF82eUptUlJDbDJFQ3JwdUdTbGlLS0dURVJVQVVFTTloMmhKVA?oc=5,NBC Boston,2026-08-04,negative
MBTA,‘She was really scared': Video shows woman caught in MBTA escalator - NBC Boston,https://news.google.com/rss/articles/CBMiwwFBVV95cUxNMklDRF9EcDNvZWVfZ1VKLUF1LXB4ZnFwY3p5eDhrZklFMFYxZTBtSDRhQS00S21wVmlfQkh2M3BKNnJGTTVrVjJFc0xUb0NNRGVXVEktXzNMMDVxNV96cFFxQlJHR25JTjdRcXJQVHJwM3lzSlVQU21OR1NVR3RXdG5pdVJTVGNORXJjTmVtUnFKS3ppTXlFX183YTFsMlRycU1RNS1XMDFGbTRvMnJ4TFBZQlA3YTJsNDRRM3pRNVhxbVHSAcsBQVVfeXFMTWVxOS1UeTNZbm1xS0YwTDVSb3AwWHl3UXNIRlQ1d3pmV1N6WWJHa2twc1EtNTRPbGsxTGJraU1TTG83X2xyZzFNalVNZ0NoQlFkM3ktRUc2bDBGWmtZN2JqandGa3E3MVNEZmlGOW9odXFkWFpod0ExNU53aUNka3paYXpLRVdDa0pITDQwRVJ3V29QZ2VRY183T1hIa1c1ZGpVTGZSNkdMNTZ5Q2lxeXZCRWUxNElXUWVVVjVXQ2tkY1Itd2ZXek1mRWs?oc=5,NBC Boston,2026-08-04,negative
MBTA,"MBTA Red Line Work Replaces 3,600 Feet of Rail in 10 Days - Railway Supply",https://news.google.com/rss/articles/CBMijAFBVV95cUxQYkxSSVpBRjBSN3dkcHp3UXN6YkNXMTdEajlMN2EwOGdOVDR4R1Atd0R0MWZNVGVaZGhueUZvZDZOMzlSOXlmdnlhc3ByMGFRQkhuSF9PcEpBWmZQWWoxRTJ3b2RxWVRydGwtQkhwRDJFUXNWWS00X1J4cFY1WWtKT1o2aDRNSUNvZ2wwZQ?oc=5,Railway Supply,2026-08-04,neutral
MBTA,"Red Line delayed by smoke, signal problems after MBTA touts ""successful"" 10-day shutdown for repair work - CBS News",https://news.google.com/rss/articles/CBMidEFVX3lxTE1DcmNkdF9UQ2ZYRTJ3djlqNXAxWGlrc1FuRi1FeVhGSVpBbjE1N3hKcEJMTmpfZ2VadHFIeHE0Q0N3eVZoS1ctdW1vRC1sLVVnQ2trU180UHAzV2VXRGhjR0hzSzFsWUlfOVFLZG5qeFNWUlly?oc=5,CBS News,2026-08-04,neutral
MBTA,July 30 was last day for scheduled Red Line shutdown - Your Arlington,https://news.google.com/rss/articles/CBMibkFVX3lxTE95X2d5bHFNZzZHb2hOalo4THBxOXR0cVU1VDF3ak5EcElERzRCNWlORTJwVDRCelRzZy1takNiVkRYNWM0bUhQNXZQTGU4dDFTYnlHUG5KS3hqanJPdXNzczlrRTlwTVAwcjVid1N3?oc=5,Your Arlington,2026-08-04,neutral
MBTA,The MBTA is rolling out 3 new fare discounts — and extending half-off commuter rail passes — this fall - WBUR,https://news.google.com/rss/articles/CBMikAFBVV95cUxQRDBpblRxYnp4V1VRZ0FIeVQ5UFdELWdid2RXcjhQOFhlRUFUYlBNQlFQZkZXYXFjXzhLN2xrNV9LaWVpWTNtd0dROXVCaDZkX2VtV3hZSGlwNVZyVFEweC1oSjZqWC1EN3Fxa0YtNzZ6M0lpR2RCZzdHSDFMd1k4V2ljLVctRjdNTU9NT0RRWnI?oc=5,WBUR,2026-08-04,neutral
MBTA,"Mayor Wu, MBTA General Manager announce community meetings for Blue Hill Avenue project - WHDH",https://news.google.com/rss/articles/CBMirgFBVV95cUxQRWtsZkFxMC1uTlpfV2VTRS1faFc4MlBwbHoyQk10SWZxTU5RZlBkVFJPUnJFUUZDd2ZaQnFUMkFEUGVXN05VZnhPdWRod2J3dkg3MklTNE56SDJaa3JBN2RXYWJCc21FSTBRZGZvUHQ3QmFHMVFDZ0hiNlhHaFdVOTgzS0FQR290YzBvY0ZHN2stazlWRUpZU0VyMlpXWk5vU0ZQVS1oUEV5azdUSVE?oc=5,WHDH,2026-08-04,neutral
MBTA,Commuter Rail Included as Healey Offers Grab Bag of MBTA Goodies - Franklin Observer,https://news.google.com/rss/articles/CBMivAFBVV95cUxOcmtsaWstYkZlazhONU9Lb3ZhMXp0NUZpTlBET0FCaEFlVjdtdnk2Sk9QdGdOWnJpVjBpWncydVJSeGhTczhPQm5vMkFjeTRTUWRoN19wLUM4aVU2S3hDb2o0MGhnQV9RRTVJOHVfWkg1b2ozenVaYk5SaWM2TTZnYjNzeUU0RnFfQkQ1WHBPVFo1SzJZdEVuM1lNWVlKeGxuOXNwNU9IY3lpTnd3N05jUXkyb0R4bVVHT19YZA?oc=5,Franklin Observer,2026-08-04,neutral
MBTA,New Fare Gates Installed At Ruggles MBTA Commuter Rail Stop - WBZ NewsRadio 1030,https://news.google.com/rss/articles/CBMiugFBVV95cUxQUnk0SDc4c1hHMVhKMS1pWGY2azl5cC1tN1ZiNHpmYWU2SUgwY3RlX2lsQWdMNV9nSC1aSE5zMTZnTm5xNzlFS1dQbU9ScHRvSlBEMzJkTGNPbTdWNWdlRnlLWGg0OU1WTTh4YmNxa252endDY3hFX3R0bVVPbXh4M2JBRGNnTElMal9SY0piUjBMYjVjNGN3UXpBbE1DLUdaNXhVQkFDN2ZtdHcwaGJqMWtlOGxmczFNSXfSAboBQVVfeXFMUFJ5NEg3OHNYRzFYSjEtaVhmNms5eXAtbTdWYjR6ZmFlNklIMGN0ZV9pbEFnTDVfZ0gtWkhOczE2Z05ucTc5RUtXUG1PUnB0b0pQRDMyZExjT203VjVnZUZ5S1hoNDlNVk04eGJjcWtudnp3Q2N4RV90dG1VT214eDNiQURjZ0xJTGpfUmNKYlIwTGI1YzRjd1F6QWxNQy1HWjV4VUJBQzdmbXR3MGhiajFrZThsZnMxTUl3?oc=5,WBZ NewsRadio 1030,2026-08-04,negative
MBTA,MBTA Green Line B Branch Service to Be Suspended Twice in August - Boston University,https://news.google.com/rss/articles/CBMif0FVX3lxTE9adk1OXzBEdGJyVTc0ZkwwVDJjWFNqQkxTVzZ5Wl8xRFJVR01sN2hJbjdwWXhzcUprbVRRcU1EQ2lEMHZMbnNrWW82VzFzT0p2ZTluVHpRa0hFNTM2b1dhbVdwU1FMbFRnczN0dWhfWlZzMWtpX3A2VXd4NENYbFk?oc=5,Boston University,2026-08-04,negative
MBTA,MBTA heat delays: How rail temperature sensors help prevent safety risks - Boston 25 News,https://news.google.com/rss/articles/CBMi1gFBVV95cUxNdVIwOXlUTlAtLWZpZ2NTM1dsQzZkWmVMM2tEa3FOTmx3ekczcjVhdUVMc29JTHFWMGVqTEVGRkpKdGdxMUhXWXF1aVlyQkI1R3haY1dkRVJ2QUR3cmUtNVMwbWkxbVhSZjVmRGwwM1NEUjNhMkQtMGo3Q3dfU1N3Y0trd2JfT20tRmE4QV9qTkY0eXRGRXNNQ3ZraVN5Y1lramtOTUcxQ1daaGk4SHg2VzZSOEZfMGk4UFozdWdDTjQ2ZmoxeW5EVTJpT09HNWZ1NXRfTjl30gHqAUFVX3lxTE5Za1k3U19xN19MRURrQ3BMSm9XYjhMWmpmNlRpb3lFSnExMnFsZEJnSUZ4U0ZIcHEwRjNHNllZMDNLcGljQzBHeWFXVk1BU29UWS0tak5qTE1uWnB1NGNPbWJjY1ZiNk1aY0kzb1lvckZzSkpoYnRqX2syb3p0N0U2RVZWVVg0cGNPRVV2NzFCZ0dmakYySTludnlmNkUyMkxzX1RJd0h3WnRuSWhLRHM5bEN0RDl0N1EwZ3UzQ3R3YzUxWEtwdmpDU1JQbUpqVzBxaWttVnVXUU1rV09FTkV4S0hUalJjQnVTQQ?oc=5,Boston 25 News,2026-08-04,positive
MBTA,"MBTA extends two commuter rail discounts into the fall, lowers some bus and subway costs - CBS News",https://news.google.com/rss/articles/CBMiggFBVV95cUxPUVEzLUFNWlNwTnVQU2JuNWtJSFRZM2ZGMFZBLWVSdW13cEkzTHlXQnI1QnZOU2Zyc043WnhfOTVwR0VWMFRSRlRERlF4QXBhSGVBY05OTEtlYWhkb2syYm9QNjBLRzhqY28wYXdGWEY3WDVOLU5kTkFFRkFLQm5EQmZ3?oc=5,CBS News,2026-08-04,neutral
MBTA,What to know about the Green Line shutdowns planned for August - Boston.com,https://news.google.com/rss/articles/CBMiigFBVV95cUxNSWZnNTJpTjZ1a0tZZk9mb1pieE1kNDNXU1U5SERySDZSQ0hqU1hSUFotU3JIbEgxMDhtM3M2RFdreTJPdjl6VFJtRUVHMVY4cXBGcWNKMG9GdlFiT04yNFFLLW5JYWlzRTEwT2xaaEVQUE5BeGdfTGlrdXNtTW1heXhhbGc2SXZGalE?oc=5,Boston.com,2026-08-04,neutral
MBTA,New MBTA pilot programs aim to cut costs for riders this fall - WCVB,https://news.google.com/rss/articles/CBMioAFBVV95cUxNS0tkRERjWEJmbGY1a1ZTUzVKOERacEJXVjFUQk5IMzFkcTd1cWZsNWVQaEY4anZuS2U0VVV6SWswNENFR09zWmhQNFFXNnNvQnZEYmltdnd1cjRUVFFSLVA4ZTlfNDJGelgza0NLS1NXLWhkbnlZbUZBOWo4SnlYS0hqVGJjVlpid3llTlNrbWFBYkFfenpzVHNlT2ptelRB?oc=5,WCVB,2026-08-04,negative
MBTA,"Woman injured on same MBTA escalator as deadly incident, but stop button used - NBC Boston",https://news.google.com/rss/articles/CBMikAFBVV95cUxOaU9JMnQtSVdwTUo5MDdyeU9NTnZiSGlha2NpY1lMbUVjeWh4eXU5eG1pN2J6TnJUNUJkdHpNT2NSOUhQLWN1akpESHFhYVBDYXhKbU9nZmVaLTd0QW94bkRjOFpneFpvT1pqY2VsbUNpcE5fQTRjTW04NVpxN0JkbDc2Sy1Wa1Q2RlB5VzBHLWrSAZgBQVVfeXFMUEplM0xVRGFHXzN2UkZfVlZjckdFX0FhZU9JNW1UeU9CYkxUSHZpX09wa2ZFRFFEV3RMZC1vU09oZy05MWg1dXZZNVMxR2NETUs4SjVQSnJtTkVOaFoxOWI3VjRhSndqYVA5SjhFaTVLa2lqdEJxU0dBMGxwd19MMDZFckhUek1FRGZNeG02RjRkQnI0bHpYa2s?oc=5,NBC Boston,2026-08-04,negative
MBTA,"Transit Briefs: MBTA, SEPTA, TransLink - Railway Age",https://news.google.com/rss/articles/CBMifkFVX3lxTE5QeTRseXMyWFR5WG9YWG9oaEdwYTdiMGdxdjJWNWh3RXBFc1VteldLWjNlcGxhYXVTRVFUeUp3T1dVRjc0M18zUVhHNnRjTXEtMl9qajQ3ZElkSTVUQ25ZQnE4bkY5MHdFTXRZX3ktclBJLUphMkNBRy1vak9OQQ?oc=5,Railway Age,2026-08-04,neutral
MBTA,"Person hit, killed by train at Attleboro MBTA station - WPRI.com",https://news.google.com/rss/articles/CBMinwFBVV95cUxOckJ5S1FPZTlZVFNvSFFNMy1KUUhKX0hiaDdobERqNkhfWTZRVmpZM0pCby1Pc1pZeE92QmpyUDRNRDk3NUZCQnZId042blRRUlpaX2loYzhJUVpuTVFleGh1bEVIeDU3Zmhwend3bF9LQ2ZleUhRU1Zjb1JmMHNmZXh0V1JIYjJDeEVUWEdTdXp5R0IwcVZ1dGhTMG5NZFXSAaQBQVVfeXFMTnhrTDB0RlBubFl3dTJVUHhlemtTMHM3TVRpZjZkS1V3cnpOdDZqU3JzNW8tU2ozNDJJbG9BUkhGdDdZWXVuclBxUkdFZTUzNEJUNjFmZnBwbTlxWTV4akYxemI1Vy1WN2lSVHFEWUlycE1lTUNTYjNxdGxPRE1WTlZlZU8xaV9kb0ZjT0ZEdVFLSWxGNDlRVzVybzFmSHh5bWZzS18?oc=5,WPRI.com,2026-08-04,negative
MBTA,Healey announces new MBTA pilot programs to make transportation more affordable - NBC Boston,https://news.google.com/rss/articles/CBMioAFBVV95cUxPQUJOWm9PVFFHWllpNDVxMm91OUttM1hPak5NUXdjV0lSVlZMRVVsbm4teXQ3VEVZV2ZwX2diZHNwTlJJaUZTeUNPVjhEWG5pSC1iWlNRNEhuQ3dpekM4MXplMk9aQTlmdzc3RXhYUkszOUZ5ZEQyX255RlRNSnVwRHVCLWh6T3c5cE5LVHFISlNZZTl3cGpqV0JxRTMxMFJQ0gGoAUFVX3lxTE1hS2hOY0ZKR2llcmFrckw1R2tOdVgzX29fQ1N1SjhxdzJJS1RxSzZyTWJHY3FoY1NwbjBwa2FfRU5kZElfYnNCaEMzaFZ5WlVaVm1hcHRlc0xRVU1RVEJfNW9lZFhUWUF6SGhJUENyRmo0RGhvalloTGdQeUdmM29tMGd3REpHb0NlTTlub2N2MjFVU2hEbUJUWXNQZEpUR0xOMTlJU3pidQ?oc=5,NBC Boston,2026-08-04,neutral
MBTA,"Mass. Approves $530MM for MBTA Operations, Infrastructure and Reduced Fares - Railway Age",https://news.google.com/rss/articles/CBMirwFBVV95cUxORXNSbWtIMVBHTFlRR3BVZktMMXhJN19MMnk5NS1KTHV5WXVXbTNLWkszVDctWm9zZ1l3aXNoRVdGMXVKQ0dyNG1FUDFYakpXS2M5V00yQ0RNRjU3ZlB5RjdRejVMUGJtX3I2czdnNUhpbFJTT2pHV2taQnMxREFPbl9QZmVpX3Z1ZGdGeWtyclFuRlQyX3BEMGdXcDQ5dGc3MkJ5OFpLbXZ2WFNjTEFN?oc=5,Railway Age,2026-08-04,positive
MBTA,MBTA launching new pilot programs to make public transportation more affordable - Boston 25 News,https://news.google.com/rss/articles/CBMi3AFBVV95cUxQU2UxWkRtUkFwa25nWnRjWkFCOGtSZHJ2M3AzekNEVjFxZzA5WnBpX045aXdVVnZrZUVDVkZaNC1meE1iOVdaN2VneVdUWHRfdDRxUEc2TXFwU1ZNWEtIYnVvTGVtdV9GeWYyajUySlR3dGFwOW5ubkJfbGQ0LWNTTVhxaE9TUnNOQV9WN0Q2Nm1aVllzVW84WmhEMktWNTVKZ29rLUJOQi0xMkFtVl90NEp0dmpDRWczbzVyamhiZ3NWSU1fQ0FSLWFOd1JHME5Va01VMENBSG5mdHVr0gHwAUFVX3lxTE1OVDF1U0dxU1MxMGlVZ2VtREhDLXhYOFZaQVpNNDNsT2s2R09EenRIZ2ZQYTZKdU9GYjc1My1pZHZNenNnbVBjU2xRUlo2WVVvNHJtTjQyeGhKQXJsY002SzlhcVdvT2ZXUngyZkRBOUlRSVZpTmZRdmE2MUprZ3QtSVN5TS0tZ3RaYzhiUi0tdmFSalhLRzBISWNLZ0JQZjV3dDVRRDZBTVRHUU5sVUlxM2w3Y0R0cXVGVjlmTmVwSzdnODFYMmVmbUhWV2FiTDBxS3I0TEcycGN3Zy1ZdVRqbTN1QlNpUDk2cURGTFQzZw?oc=5,Boston 25 News,2026-08-04,neutral
MBTA,MBTA extends commuter rail discounts and lowers express bus fare to keep passengers riding into the fall - Planetizen,https://news.google.com/rss/articles/CBMitwFBVV95cUxPWEJvRjFCOG44ZWZUOFFNZ2ZXeXlhczAtYnhrLWEwcVpqTXdaQjFWWGxqLW1qTHRuQlBVLVdqanVwS1VhblRxU09lWVBZVmpuSDVpRm5RaEhkQlFpRzFtRVJObkR6WWI4RnQyYy1wbERnVTZVUExrLWhqUVVmdDRxWlhBdW1seFlIaTZXY2JWdGJxNlIyOWFxazRLMlVUajd3ZTFfOHRKU2FXem5RMTBUWDNqd1hKNnc?oc=5,Planetizen,2026-08-04,neutral
MBTA,‘A lifeline’: Why changes to an MBTA bus route are so important for this Boston neighborhood - MassLive.com,https://news.google.com/rss/articles/CBMizwFBVV95cUxNd3RIWTFQdXpJeEFVRXFVT1phQzN5UVFBeFNrTzBIZmNQU1FheHZfMDVhMDZ0QnFaV2dPMUI3eXdRU0Z2TGhFYl9ILTYyUnM5RmhzczFYaHZvT0R6XzJqTl9LQXhGT1NlcHRNUzM1bnI5ZHRwZkRCNXRzdG9NSjBCYWJWRVdrcWtTbW1QTjdkY2h1eS1JanJ6UWtPSUNwVjZ5VTZrS2t0dTZnWHhQbmhPdEI1RDRuUkV6R0NyaElBRXpxRVFZeW9ZWnludlc3Ym_SAeMBQVVfeXFMTUw3SXZ4ZWRhZmRUdjJkcFF4T2lKVThhVzI3UXZsR0huMmZIcWoyVy1najdLWXl2SlRITzRLUXFvUXdmZ192YVM3T2Y5X3lYOFRBcWM2SURuc1Jidy01bnVOZ1N0YmFHUUV4YlhOdGc4MEF4Q2VsMnhGdlQ5dzlQNnBMai1NUGlyQXpGNEJ1NmUxZVB5RVEyMXRBYTZjak1Rb3VjMzlDN1FDVzh3czZZTjZfeTlxbEFBUkV0aTZ6eUdVRGlDRk11b2kwbE51U1dDeTdHc21hbVluR1JzVDNWUmY4WjA?oc=5,MassLive.com,2026-08-04,positive
MBTA,How new MBTA pilot programs aim to save riders money - Boston.com,https://news.google.com/rss/articles/CBMiqwFBVV95cUxPVUlhUUlfTmZ2WWV4Z2VobVdJZ1gtb3lQcUJHRlh1bzRmUmI2b0NIc2dwd3dxZV9vVUJ4WE5iY3BadWdNQmdOOVdUU2dWMUpmZVpqMzY4NGtfcnZmMTNJT3pZeWoxWGpkbGxvNmItNXZhdzBtVkFjVlNhVVlxSGJVdms5Wk1tMTVXMjVCeEd2UjFLczBpV0lhR0UxbGpnUU12SmNIRTdOVDZDUE0?oc=5,Boston.com,2026-08-04,positive
MBTA,MBTA expanding commuter rail fare gates to another train station - MassLive.com,https://news.google.com/rss/articles/CBMirgFBVV95cUxPWklOZDdpUGdyVmVXX3MyOTRGYXk3Y19HWXZUR1cyd0VXd1cwNjRMeXlqLUx3UkJvMlNBS3dsLUZJckxTc3I4aUZ5WWhRbDB2N3VlLTBrc0VTX1NPTTZwQzd1Z01EeDVrendlS1pJVDRDQk1Ea21TOE5FVjBCSV9Cb2pSVEdndnFmOXM0SmJXRTVXWktabUV1c3dBMUtpU0g5Y0NXTVQ2bzFTbU10SFHSAcIBQVVfeXFMT3BLdGlSazdBX25tMzVlM1JXWnpELU1aaGRoSmtBZEljenplLUpJRHFSemx6RkQzVGk4OU5sdkRUaW82ejJsZkpjWGUtaFM0dXVxT19NS3A0a19JNmx6MHFxRUwtX1ZRRkdhdEMwNFBSN2hObHpUZUhmZlYtUDRTOG5vVWJaRUNNdkJyNTd4OTc0M1BBbUVKc3IyeXR1cUx5R1lDUlFndlVCR2FZeF9hbzd2M3NfYmU4Q0RQbWoxSjRnVGc?oc=5,MassLive.com,2026-08-04,neutral
MBTA,"Brockton teen critically hurt at Montello car meetup, driver charged - Enterprise News",https://news.google.com/rss/articles/CBMi0gFBVV95cUxPR1d0V2UwRi1abTNhSE1KMVRxMXQzWHUwVFZIRjI1QkJNTnhUWlBKalloa2o1RG93dnVpeFJiZjNXMnotRll4dklfbVZwTXY3NGZtMHdXZVB4d0E5WFdYNjZ5X29peFNwYTZ1aVBxRFNwX0Nzc0FKS3ZZVlkySW5OUWNtWDVFV2dhU2JWUVlfU2xsWS1rX0tOcF96ZTVZTE1IQWhOLWVrYlVZbWlrWjB0WS1pM0oxa29RVWNycDV4bkY3ZXVxaV8tUC1Rb2t6N0cxVmc?oc=5,Enterprise News,2026-08-04,negative
MBTA,"MBTA extends commuter rail discounts into the fall, lowers some bus and subway costs - WGBH",https://news.google.com/rss/articles/CBMixAFBVV95cUxNQU1BSDVhOVNVRFRmc1IxTC1Ncmd6YU0yN0Rpc3YzTVJacWtucDBIajVrWkQwNmFsb2dVNl9vT2dWVllacW80czdUbmJzTFlSSnJVam9OWWtjYnhZWE9MVFFhdVo5b2R3R181WDRTZkExNjV5cTBvWkhnZnNtaUdEVUJGWENuOE1ocGtLcDBYMjdnOXVSbVlmbVN5VjNhVm9EZC1nYmFuYzVhMTdHUXpXbmdBQUFkbEQtbW1BWmhQOWdVbVNr?oc=5,WGBH,2026-08-04,neutral
MBTA,"MBTA Temporary Schedule Changes Begin July 27 - Wellesley, MA (.gov)",https://news.google.com/rss/articles/CBMiXkFVX3lxTFBWWGVNZ2RqQ2ZlRC0zaExCZExRSVlDc3RHLWdaZ1BNOWVVek0wOFFYcVhwYlVXazBWVk5McW1EZkREY0d5RG9LenVYakxXN2d5WUo0bnBqS3dkOVAzSGc?oc=5,"Wellesley, MA (.gov)",2026-08-04,neutral
MBTA,Man dies from injuries after incident near downtown Boston MBTA station - Boston 25 News,https://news.google.com/rss/articles/CBMi3wFBVV95cUxNaE00cVJnaDJ0S3ZWYWdfOTE1WnhJTk52NUo5Tkxrcy1BaVp1YmZTa2t0a3NVT1JaYlJRNTBOVWVBWk1wVUpFTXNGYjM3ZHZhXzRSWnJGUzJWdHNHbE5VcUpmVE01c2tNVEpWRXNCMHRRY0lOeHA4MlpNY0p2enBVUDV3SzlWRWFtOE9LY2JTYWUyTl9BclRaNVJwUGxfT0Y2QzlITjVBY09wSldvanJRcnRsVTl2akRQMTRHNjdsN2YzTURuYzZRclFsWHZFQVRUeldueWg0RUNJbmN1WjVV0gHzAUFVX3lxTE1hVTFHZFMya3hMY2J3VVdsX2VrV1AzZzRZLWE2QXczcC00Zk9SQTNDTTBhYmJaMVRFME5QSjZBN1l5TDU5UUhtVXNNXzNzNkVJUUd4bVB6RHYyYjZnUW1SUDlOSVU4TzJ5TnZSYVh1M1pOVm9YQksydEgyYTZxejk1djF4elR3Y0piY1YtOExSc085QjhqYzladjRTNDVCQjhMaXNKR1dCY21jd1dITmV2Snk3Smh4Ykh6c2pGQTAxdGNIanhYeGkzRmUxU2VqeFNLVUFsMW9UN0RISXFWT3BxM1B1c3lVYXJHb2dLaC1kZW9KSQ?oc=5,Boston 25 News,2026-08-04,neutral
MBTA,"MBTA to Close Red Line Service and Replace with Shuttle Buses at All Cambridge Stations July 21–30, 2026 - the City of Cambridge (.gov)",https://news.google.com/rss/articles/CBMi3AFBVV95cUxPLTNxQlpkekt4cHBia0xVZFZvN3FkUnlPRmFEM2dGc0NjOHhiT2QwMlRHOGttRzBPTy0wVUl6QkF5NjljWU9tczlvRVFFSk43QUl5NFZ5WVNIVlpmV1hLdWtuekxXV1FqV1V6d2dKNUlWYzhZWmtRbVFXb3psNXlfQWg2VXNoUE54OGdqSEhVWUFrRUdZTXY2NTlURVVzSTNXR1BxTVdhb2ZYMkxxMEtYQUpQRHZwaDlWbUZMakJhUUxOVnFzUTRPNFhTVjVrdDZmMUJmOHliQmwtTTNX?oc=5,the City of Cambridge (.gov),2026-08-04,neutral
MBTA,Person fatally struck by Amtrak train closes all tracks in Attleborough - NBC Boston,https://news.google.com/rss/articles/CBMikAFBVV95cUxQRE1lVkgyMGlzSW5rVzJlckdqMFNYV3NmcUFMbi14dXdERkNmRlh0SEc0UV9oR2lRUjBTemY5LXQ4b3Q2MzZxaVB6S25kNHNrOTZrZlltUGQya0ZwRzZJUkUwUDZmY2hkcjZWLW44Y2Vvalp0WFh4aXV5MWFaajlWcFpkOERVNVpiZy1mWHBuc3PSAZgBQVVfeXFMTkFIX1lkTDNtVTVLZDlYbDl6QWRLN241dDFSSldQX0t5R3dFWjY2WW53Y2s3R3U4ems3aVlDMDRVZHFjSkpycnJQWE9BZEozZTBzT0hTaHZRZ3VtdDZsTE1RWml0UFpidlhQejl0OWdwR1NSeFNRa1Y1TW9nemg2WUoweGVEVDR2Nk5JQjMxV0JWZ2Y5WmNYZXE?oc=5,NBC Boston,2026-08-04,negative
MBTA,"MBTA to extend some fare discounts, launch new programs - trains.com",https://news.google.com/rss/articles/CBMilwFBVV95cUxObUd4S01ISkotazV4ZmNZeU5keXNVLWJtYl9uOEU2SS1tV1ZGaUtvVlZpSlFsZjNLNXVrdHlDbU9tUXR3ZzhSTjlxdjM4UnNJU3RUclZCbk8zZm9LZ3k1TXJWaTQ3TEFHTElaQ0o4S2lzZzNFRHRXLXJUZG9XbkZYdUMxR3M4OHdRbWUtSWE4RG9oVjhsaW44?oc=5,trains.com,2026-08-04,neutral
MBTA,"Pedestrian fatally struck by Amtrak train in Attleboro, agency confirms - WCVB",https://news.google.com/rss/articles/CBMikAFBVV95cUxNaFBfVnBnZnZxUEVvVDRpdm9keEdVYlNVUWRmQVZSbTZQeFJ6MTRPdnc3aDF0cmR1VmNjdWRjMHdyMGNGUGNZcEowMlVLYWdraEFsSEFFd0dtcDg5RElzLXBQVFZOdkxwSTF3d1VoaFNRMks1ZHcyZVh4aC1sR204X1UyVHlUX2ZPTkhUQnN0d1g?oc=5,WCVB,2026-08-04,negative
MBTA,BTS fans call for more MBTA trains after Gillette Stadium shuttle sells out in minutes - Boston 25 News,https://news.google.com/rss/articles/CBMi4AFBVV95cUxNMDJQUG9WeFNraFpYR2t2aEJuNlBibUs3dkQyTGs2Ul94MkNGVnhfdTMwSGxQemQzWlhzbXZKak4xQy1kR21ERDBHUjZtNUp2YTJwbjB2UVN4azU2cVNzaHdoU2tIUm5UTHJuRmNxUEhFWmFwekViZmVycHU3QUkwZC1PTjFoa0lDVEZDSm9QSFJTazBfdTdHSWV4ZjVkZmxsMGZFV0VaTVl5S09tYXpfNGhLd05kcjFqenNoeHZTSVVzdmI2SDdBd1BRczRzbmN3OWJIRGl2Uk5LczkyY3hvV9IB9AFBVV95cUxOSzlSLTJQci1YV2Jpd3dGeFV4STNaZjk3Nnl0N3Y3aExpQnAxcnhYZzRHdE9HUGJQYXo4bXVSVTYtcWZQSVZfeVVGNjR3U3ZER0xhdWpQc29WNHNnaXBUTmdBeW5sZHFrUllpSWVzWnFYQXRPUmthLTRpelZKQURhMzM4TGxPdEU5dTVkd24wQVRfLTN3QnVPV0YxZHVhUWJ4WmRkYXpRV2c0ZkxMN0xIOUNINkM3WG1RamhQSGJ6ZU10ZjMtM2NZaU5ZSlBFblcxbmd5T0VJNDY3cTZMeHFVUFk0UUNjSE1kLUdObnJuOXV1dllV?oc=5,Boston 25 News,2026-08-04,neutral
MBTA,‘Scary moment': Witness describes meeting man accused of bringing explosives on train - NBC Boston,https://news.google.com/rss/articles/CBMixwFBVV95cUxQamJJcXRJdUtoOUxxdlg2encxekNfUWcyVk5RWXZ5Rl9GeFppS2pkMkR5UjZZRXBSTmJGRFhEeEdEWU9TMW1DOHBqWTREdW9nSU1xV2JieTNqT1BMZ2dmUkhjVlRibDBzUmowQThRQU9vM1B3cThFc0g0cG9pdHp5dVlmLVN4bHVvQVJ0U3VMWWRQTzE5WC1uNmVRS08xOGNRdk1PZzBPQ1lnc1haTzF2VXlBdDM1ZlVQbDVfY2pQUV8zTFJIeWdB0gHPAUFVX3lxTE5VR1labUpjR2hjMXVpYjdhWHJqak81eTNTakdGY1k4MGo0aTBFSEpZZVk5cGlLcEFkY2g5UFZJYnRPNmtZVzdWcmFKOVYyajJzWUhYa2NkMmtPZDB5ZWRHSmxDYl9IalJCN1piN2JUbktfR3VXVnktOThqOU0yTjVvTG9nU2p3aW9DeG9QanJGTElTRGJKQVpXOElqUjBXbnpDci1WdmJrVUNCYS1TWEw3ZGFMTVNVMnBsdk1DQ2xQM0xFbF9LQXlhM0lxYnY4RQ?oc=5,NBC Boston,2026-08-04,negative
MBTA,MBTA to offer special train service for 2026 events at Gillette Stadium - WWLP,https://news.google.com/rss/articles/CBMisgFBVV95cUxQYkoyWWppMS1EakFNNVFSaVdidGZKWFczdGJsRkpYZFRvREVrTTY1UDlWTkg4NmxnRnNIM0VjV1V1bkVzU1UxdW9QaEFZSzFhT0tadzJCODJEdG41bmd0MEp0bUpLMEhjQ0t1eEtGVlU3eDRQUGwxVmI4ekh6NEt1eXpzQUdoMEZXUXFNZHJqeDNIakJwcHc4aEwyaGlTVk9EUU1yZlVjb3pFaXFBcHZIWHBB0gG3AUFVX3lxTE5MWjNkUzltMVZuWlVuNEJTRU5WMVVuSUY5MUtvSmRZLS1ZQkFxVTkxOGl1TmZaQThrakpMZnBDSWJwMHJFRDNHX2JHSjNWTWs5NkdDbnA4MThXVG5iYXhXc09UaWZlR3k1a01IWEhudW41YTJ1bjZueVBaajRHNlJLc0hMejVtVHFzQ242UU5ndlRsOXJJUmxtLVMybXVvN0h3amxvZWtxcFhHMTM2TS1jMVlRMm5Edw?oc=5,WWLP,2026-08-04,positive
MBTA,The Red Line Is Taking Summer Break July 21-30 - Streetsblog Massachusetts,https://news.google.com/rss/articles/CBMijwFBVV95cUxNYkN4Y0FrR0NvYW9ZREJMbUxJVnlGcVd5b3RRZzNCRjBLbEFtY2ZjOGF0UEFKNlhrbEFSVWNXOHIwUUVBOE9hY3Vqd2N0ZjE2bTFCUEhiM0xDVmxEMUZjQ0xQbzY4UGlBTnhtdFlDaVhXSFh6eEFLX283bHFqNGZaOS02NGdEUm5ES0hrNk5xZw?oc=5,Streetsblog Massachusetts,2026-08-04,neutral
MBTA,10-day Red Line shutdown begins today: What to know - NBC Boston,https://news.google.com/rss/articles/CBMiekFVX3lxTE5hcnhSUy1Kc3FMUFlXX0ZoLTAzSWtIQWNsMy04ZGpCTnlGeVhUNF9PWG95b2g2VHY4dzRSY0RpUHZ1WUMtWGhFTzlNeW12MzdSSHJHWWFHUlg2QXJ5M2Rla2dZLWlMV2J0OGFqMGdvTFNEMXROYklNcWZB0gGCAUFVX3lxTE5CYmtYc1JVODNMWERVS0R5SDVrYzBSVG54clZDUWtxd2xrVnVaaHFoSXhzOTltRkw0bmJ3R2k2SEdrZW1scEpGVG9nSWtrOWVSR0UyUEEzdV9KVV9tSUJ2ekZhMnh2eHh2TUFrTTk4VEx0OU5mS1pnVmFZU0tCaDlBamc?oc=5,NBC Boston,2026-08-04,neutral
MBTA,New ‘Fair Share’ Funding Gives A Down Payment For MBTA’s Regional Rail Vision - Streetsblog Massachusetts,https://news.google.com/rss/articles/CBMitAFBVV95cUxOdjB6YTVjaFA3ZE9CTm9HbWMwdUZaVHR5M21fMXJ3NFFWR3g0MERnajJTd0UyQmhNanFuOWktcXo2WmktR0EwNjVNczBvVm5VU195RkJEc1k1czdWeG1GM3dBdmpaQWxsTWxyRU9KWWRMc0ZKcDEyQ1c2WWtmRDZjejBUUDRwc2lENjBZaW93R2xJQVlWZEtnM1I3aXowQU5uWHJPQnVFeU5JekxOZEhMdENfUWE?oc=5,Streetsblog Massachusetts,2026-08-04,positive
MBTA,Boston University Alums Uncover a Glitch Enabling Free MBTA Rides - Boston University,https://news.google.com/rss/articles/CBMihgFBVV95cUxQSElvR0RCX1lXZkNfTk1DVHd5VHJ3ZGItSVd3dFZ2NlhFc0lReDl0aFFPdU5obVRfT3JHc1phcVo3QkgyMUZtSHpGV0hwdFNPS2drVzd2RWEzX2xseXF4bFBGcnhMMHFUWXlfbmFva1U1SlBZZUgyV0k2QnUxazlkVk9tOE1DUQ?oc=5,Boston University,2026-08-04,positive
MBTA,‘Completely unacceptable’: Red Line riders describe hours-long commutes during shutdown - Boston.com,https://news.google.com/rss/articles/CBMinAFBVV95cUxNRHJBSk9xM2ZVeVp6aEwteXI2Q2x0alhrMUgwMzI5dTZWV3R3M3AzYi13VkkxcXFDX28xU0d5MDU4amdlUFNxVHJwTC01ZTB3TVVBT19ER3h2b2owWW0yc25hOUpKYnZsSTQ5UlowbjNhRG5rMHZ5bUd1MVlpXzBSUmVoRjRNWVZFZERROXNNY1B2WndIYjZCTGUyc0g?oc=5,Boston.com,2026-08-04,neutral
MBTA,MBTA employees charged with falsifying inspection reports for fraudulent overtime pay - Boston 25 News,https://news.google.com/rss/articles/CBMi4wFBVV95cUxQQWMtRDJKeWd6cUhiYnh6QXRZSTI3OFlNV0tMOUFuWnc4dEprYVRseG5NUGRfT3RHTHJRdGxReE15ckl3cnc1MVNUVzJWVnFSRTNtN1JwSDRRQTI3N2NnZEQxZXVkbmZ1LTBGcnJqOUNlV1BMUFdjVlo3RWRvYzFKWGw5REZQeE85Tkt1TlVtc2tqR3owVUd5TnhZYXY5eTRBZnVQLV9qM0xGR0RneXUyWHhSaUNsLXdUYnVDVnA5bUFYZWswazBrN1VxaXhtM0NVRzBEMU9oZzNBbXNFcHRLUEdzWdIB9wFBVV95cUxNaUd5NHRQZktwU3RyR1RxRnlob1E4MzNSejI4VVFDbWhYQlNhemFFQ01SWVJaLWFWRnNwT2NCRm9GNkNEdHhCeHEwT3QzdzBBZExhQXdTWFNVMmxjMDJPM2t2TF9HMHZRLVZaWmlhZjAyTTZvazlHMXd0aE1nQkYxUUF4cW9jc1hfb3Utd2RNX1Z4TnJQMTd5UTdhME1EZHpqSzBieFpKNW9jOE80cVlPREFaa0FueG82aXpNWFR0aWRHVncxekhYZ3hCelhMb01lNnAzSGhNdHdyOGFfVWsxYm50elJGb2RNUFZ5REJTbnFNa3ExOGNz?oc=5,Boston 25 News,2026-08-04,negative
MBTA,This 10-year-old MBTA superfan is sharing his passion with the world - WGBH,https://news.google.com/rss/articles/CBMisAFBVV95cUxPa2hBbGFCYlY0ZGVIMllaaU1FSTFJM1F5U29ydEFDTmtEaFBYZjRNNVd5SUE1WkdjS1FqTWdmcnNLSzFxbzZ1NUNhNG1Hc2xUTlF6ZlJIOERYZDdPNWZ5THBTMW1KUjBqUHJsVFlGQmdScTZHWlhpWm5CVzdULTJlMGVqTllULWpYeE5yVVJFcHp4emVwaHRBQTJyWVRpR0ZBN2tBUmRtLUNMVlZROVp5ZQ?oc=5,WGBH,2026-08-04,positive
MTA,"Astor Place subway station train fire hospitalizes 6 MTA workers, 5 firefighters - New York Post",https://news.google.com/rss/articles/CBMiugFBVV95cUxPdHJ6Wk05T0FvLUdJTWJXSHFEVVkyZG9OYi1aLUUzT2hYWHJEYkJVYndGVkY4Zk83Q1ZoZm4tSFRqZU52czhpZFl3VXZSZEQtZW85Tjh4MmRLbzcwMTgzOFpTVEhUdC1lX3lVOFBTVDBoNHEteHdYOHpmZWUwTlRTMVJoWUk2Zkhwa0NhMmUtTGxVVW1XZEpwRmdsTUx0Z1QyQ3BGalowcHBwelU2Tm0zU3VCb2pxcVFYLVE?oc=5,New York Post,2026-08-04,negative
MTA,Bus-fare evasion is just the start of Kathy Hochul’s looming MTA cash woes - New York Post,https://news.google.com/rss/articles/CBMinwFBVV95cUxNajBDakQtUkEyaXdnSllCbE5OVnMzR0p2dTR5N2VGaVhpSmpKTnZNQlMzU1hmMVR1cTdjcGpTYXlZU3U3a1FYaUNPOWd1d1VOaUFydVphN0d5dm9ZUGlpSm5GOEdKVklVN2dnUlA4YWFkaXZoak1vMHV1U19hNXRnUk53Z182eFdndVRWMklWaGg1WExhMEJaMllnVlpTMEk?oc=5,New York Post,2026-08-04,negative
MTA,Mayor Mamdani pushes back on MTA chief claim 'free bus' rhetoric tied to increase in fare evasion - New York Daily News,https://news.google.com/rss/articles/CBMi0AFBVV95cUxNZWZoUmR0UXg5dTZlY1lZRjdpQXpTbEx6dWZrbXNsYk1pcW1SQjNMUTl5eFlqOWJxcjkyb2hJM295T09jbFNUMTRFeVY4d0lsWW91N0JMZ3QzckdhUzk0Ni12N2djZ09yeVFCNE5lbTlDb3dGNGtKNTUyV2c0Q1BDVGhQSEgteThURDhHVlpzMGd2SVljSkR5SFdLU0lwUGZnMVdJelhqR01JNWE3c1dYWUtNSktTMDZDa1JHeXE0TmpUY0lmaXp4OF9EV0hUdDgx?oc=5,New York Daily News,2026-08-04,positive
MTA,One hospitalized after LIRR train hits tree: MTA - PIX11,https://news.google.com/rss/articles/CBMimgFBVV95cUxOMDBaVmpkUEpveEh0dUhIUHdHQU9CWUQ4VzJqdW1kcDNPOGFuM1JRVkgtc1hMWTgxb2VRbklKQ2g4X19nYTJaQTNoM2U1MFI4MDk1dUF4LVlFOFIybXZVdEtJc2lLMENGYVQ1NU93YWRrTS1xNTNvUVhkTENxb3FSRmNfRzcxNnhyeXBuc1Q3REp3dFNfbFp6Skln0gGfAUFVX3lxTE1PdzNHLVVwUEJvVHBXcVQ4dTNiZXBwLWhRTFk2ZUg0djY4X2FVWXV1MFEwOWs1ckRvSW9TNk9EbHJUdmRZMldZejZwWUNRc2Y5N3VfN0JNQTN3SE1BZzl5dzB6ZUVMbEtDZGRBOThXbEFMRmNJSjUyMjNFTENxYmxQVEhEMW9BXzQxSnVYWWQ4ZzlNNzkwM2NoMnRDX0ZVbw?oc=5,PIX11,2026-08-04,neutral
MTA,"NYC bus fare evasion is up, and the MTA CEO is blaming Mamdani, says report - SILive.com",https://news.google.com/rss/articles/CBMiswFBVV95cUxNTWtfbVQwOFZlQUdQYlE4N2kzdTNtWktZam5FVkhVMnRjNUVZc2VmZzB2UzBIUmR2VnJqN3R2RWhxNUtYOVpYTEoxMnZmM0I5U3Bib0pud0V0Zkt5N3gzSGwxX0tDUERxSTgyQUhrUTRfSG4tZW11bnl1TFRSM3JGR3V0aFNHUDJFMXdjVTFCRGQ0NGh1X05JYllLNC16TkZVVVcxOEF0SGZpNXF4S1lDU3VaTdIBxwFBVV95cUxNVFJfVGVhVGZ0a1pHT21WNXR3RHBSZkNBQnJ1UVFsTUNqZTlSc21kcDA1MDl1XzFTODY0Mks5WW1NLVFxS3NOVjNQMHhKalVBcWtfeWxmZU1sVXlEQVFMZnd6QzhpTW9XRWhJUk9YODdCNEFiU2NXWDNIZWd1cWNVLVNoNTIyTXg1ZERhdUc4QzJvYlFzRUdaeHdCSktaZVFBbURfZVRhUVQwSG1SOVQyMUpkclFlY1V1elpEdENfRzIzdWdDYkdN?oc=5,SILive.com,2026-08-04,negative
MTA,Short-term pain for a long-term train: MTA subway construction upends life in East Harlem - Gothamist,https://news.google.com/rss/articles/CBMitgFBVV95cUxPTXFjSjVjWklfSzFmTmUxeEtNQVFJSDRDS2doRGZYU2MwU0xjZjlzNHAyaWxScWUxTVpQT2M4NnVqeXNhNjVKanR1NnhGb1B1anRmR2Y4X2FkVGl3dXIxaHlUT3I1N2ZvQ3BXQ09QTWd3akhKYU1CYzlCRjF3WXR6Wmo2ZHlzcnpnbWNRdUlLOVhYNjlvdkdyWHdycGhvejY4QTF6NWMxN0hOeHl4UEVTRWhlNmhlQQ?oc=5,Gothamist,2026-08-04,negative
MTA,Op-Ed | MTA is working to keep train traffic to a minimum - amNewYork,https://news.google.com/rss/articles/CBMibEFVX3lxTE1xZkF6SW9xOXhtMW1PQUIwQzBtSHdnbERXdEFhd2RqZ01vV0tObTFDd0NfUGJJNWhaSDFkeHBjNWpCZkt0Ny16TDZJNE5sUTlUeWp2ZXFMVnAzb0JuWDBUUk14ZHAzYWEyYUFKSQ?oc=5,amNewYork,2026-08-04,neutral
MTA,Will the MTA ever be able to master elevators? - New York Daily News,https://news.google.com/rss/articles/CBMijgFBVV95cUxNdTJaREhHMmZaVFZhNTlPYU51RmhCZHBBUUR0TDZObzZYVTRvYWk4Sjd2bkpjcFEza0RrX1h4YmdHdWhKU05vcDExLThWaVBDblRUV1k4bkR6OW1udGtaZVNVT3ZyN09FeXFnVHFPOFZxT1FtTUdkUWJJNjBYa2ZsVHZSeG55MGgwOFk1Tmdn?oc=5,New York Daily News,2026-08-04,neutral
MTA,The MTA bus routes that slowed down after cameras began ticketing double-parked drivers - Gothamist,https://news.google.com/rss/articles/CBMitAFBVV95cUxQSTctdXhqc2Y3MF8tWW5yTEFoX0hPZEhRdW9lOWJzaTVubTVUYXNOOTIzRmhMN1ZqT3BUSzdhcmhjdUx4WThPZG45YlgydEZGUEdkNDlzVVNJcU0za1VxRGVXZi1XY2NoM2Nxek41UHFfeUZ5bll3Ymh2c3BjZFVucFp2alpIRk9tQW1Ic193V0p1UUs3bXc5ZnFrM0hRX05TQ1ZSUGk3dEcyZVhDTDRxVEtPWGM?oc=5,Gothamist,2026-08-04,neutral
MTA,MTA wraps up $106M renovation of Borough Hall subway where ceiling collapsed in 2018 - Gothamist,https://news.google.com/rss/articles/CBMirwFBVV95cUxPVnJwTG9VNGN5Ti1LRjhfTFVDM0J1cHFNOWRlRFJKTmRFa2UyWWF4bmNTZDdxZkRHeVoyN3lxV2N6dzAwQ1ZncjRUQlpvcVdJQnkxY0dfVlVvVTgydEdRaS1fMmxYczhCRkw3dDQzdFowYXFxdGdsZHJ1bnBmMXJYdFpKTWU3UTJCNW9xazVEQ3JXZGJmX2F4dlh0a2paQ0VRWTVxdlhHQ3JvM0JyZmd3?oc=5,Gothamist,2026-08-04,negative
MTA,4 6 Trains Partially Suspended In Manhattan Due To Track Fire That Injured At Least 11 - News12 | Brooklyn,https://news.google.com/rss/articles/CBMitAFBVV95cUxObmt0UDEtaHVsYXZsTEN1QmRYZUpTMmp0R2lTX0FTUmc2anlxeHZVa2JUXzRZYnRkTVRpeUtFdWtXcHFYLTlBM3puZGVWZnBXMmNJQUQ1Yk9CdU5hdDN2X18wQ1QwRkVwQWJKMlQ2ek9OMUl6NGw2UFN5M3NUb3F4b2p5NWlKeFlPbERMNnFiTlhLcEdGbzRFUDRmby14eXExcmVSUjVoTk9WOHRnMVJuN0kyWng?oc=5,News12 | Brooklyn,2026-08-04,negative
MTA,"Subway, bus, bridge and tunnel tolls may receive 4% bump in MTA's preliminary budget plan for 2027 - ABC7 New York",https://news.google.com/rss/articles/CBMiuAFBVV95cUxOOHVMWXRtQ0R1M2VPd0ZuTXIyQmdkWHlDd3paVDhkbVNFcWpCV094dGdCcTItdWJvc2JaZ0dsR3ZPTXVDRU90TkxnM0NKYnpRLTAwYkZmUW5wbDhycVRMdkRoei0xdUE5T2JhckZoSDR2U1cyX2F0bUR2ZnRnU3RQYjltR2t1TVlwM0tTQ2M5YWFUeXc4dVNWVVlmcFNsY1NUTUtuTUw4THBxZ0dkQzhMYjRVUVFPX3lV0gG-AUFVX3lxTE9FdWEzT2dRekY3STNBakZ2N3A2ZERHQTNjWUJxVnFSeTQ0QnBLTThmNWg3RUR2QkRTQVNWYUxYWTgybWRIVHFld0JYZGlUM0xpZlFGMGpFaTU5ZWJLdVV3eVdnWEttdmYyaml3TS1mU19fVnpOcnRzaTJ0OEI2VXBaQjVrZW8tR3VHVXJGR3RJTjBYUzd2SW51MWFBbGR3cWFFajFWZG03WENiOUxraTZsZmQyYktjVmhrUkhoLWc?oc=5,ABC7 New York,2026-08-04,neutral
MTA,MTA considering another fare increase months after price rose to $3 - FOX 5 New York,https://news.google.com/rss/articles/CBMilgFBVV95cUxNaDdWV1hsNmE4OUwxTUZiWUNVRWIzLVZqYVRld0xVaHlneU5oME1Da24tWXR2TUJxaHNSbFNzRWlUX0hSeFhUbHVpNGtTVk90a01mUlF0NlRYOF9nMl9XQjNzU2x2SVRRdm54blRMajBsT3kyN0IyU2hnNFNRZnNzbDg5WWROUy1RaTROeTRxTTVTalIzYXc?oc=5,FOX 5 New York,2026-08-04,positive
MTA,"12 hurt after fire breaks out at Astor Place subway station, FDNY says - CBS News",https://news.google.com/rss/articles/CBMieEFVX3lxTE1lQktucGZROTkzd0tRb2VCSUpzZDBlc2tBY3FTeEF5RlNyeXZacVNMdnFILVRQaXZzejc3aE1jTTFHVVRaU3B3UzNpdE9qbzVWWjlZNFBuOUM2WTVnMTR0MkxabTFKdGNfX1E0RHZlNHAwcVF4U0xYWg?oc=5,CBS News,2026-08-04,negative
MTA,MTA to Install Vending Machines at 20 Manhattan Subway Stations - www.chelseanewsny.com,https://news.google.com/rss/articles/CBMirAFBVV95cUxNWXM2b09DNnRsNWJ4WTNleVpGQnhPUmkyMzZvdE5lRlIxTF94VzZzQ3Zjd3kzUjF6YjRpVVlPNkJnSWgwTGh1QURoTUhIc0EyNTFvc3hGa28wdzRMUnNYYmlNaDJpcUxFZm9CWmFvSFpMVkVfMVJ5ZEFfUkh5YWh5d0ZVd290TUUtVWx5eFpOaWYyOXNaaXlJTDJneTVRdUhyZVJVVHZ0Z1R5ZFF2?oc=5,www.chelseanewsny.com,2026-08-04,neutral
MTA,Vending machines coming to former newsstands in the subway - Tribeca Citizen,https://news.google.com/rss/articles/CBMingFBVV95cUxPSXFFU3QydjhqZzg2LVFLWFRad3U2b1d1TUdBSlhNaGtTVjRvdVl4YXgxZWNfb281VDBwSV9YemdzUUhMNG1oQnZySW5UNnM2RFhHNzJRamxHOEphemI2cUFIMWNzNTROV0tKajNPb0pQSktIY2hqM2w1YTVlZFFsaW5QZ2hqTTU3N2c0TzRFc21RUkdNak9seml1YUJEdw?oc=5,Tribeca Citizen,2026-08-04,neutral
MTA,Snacky? New MTA vending machines may be coming to a subway station near you - NBC New York,https://news.google.com/rss/articles/CBMilgFBVV95cUxPbHZtNGRlVUNSTFhUNm9sV0txU09QTDlLMmdZMjZXQkxfXzBhOWM4T2hMNEFuSDBjZW1mR09wR2hqeEYyTFk4OUtCWHNYNGVNZWl2RDJhR21lR3ptTTZ1dm9tMkEzWVRiZXhnTlJBNGFsMk1fMnlNOFVfWDJBeU1IQ1hSa0dQQnl6VDZ4Q1A4enBrYnBsVWfSAZ4BQVVfeXFMTkJpaW1PN3dGNlFFc3ZkcEQwN25sV0pvWV9uWThxaU1rWjRaOGRma191Y1RheHVWSXZsakFhY3JVeW05NV90eUFTclA0akZaeGN0YzduRFpOY1FBdm13U2Q0VFpZYkN2akRLR3RIVzVxLTlzbWlHVWdDVF8xcWNmT1pOUXAybVVfdi1IVXZtdUVicTJiX1F6MmtrT1h0Wmc?oc=5,NBC New York,2026-08-04,neutral
MTA,Governor taps former Baltimore delegate to lead MTA - WBAL-TV,https://news.google.com/rss/articles/CBMinAFBVV95cUxNNEJ0dV9QVmpISjh5ZkFlTFE1SXA0N2pCb2hRdW1PbWNTYXMwcHNaTUx0dVRCNmpMZFBPRU5MSVVJWHUwcnlmTmhOVkl0NnpYZk1KUC0yM2hyTlNPSTdmLUpDVjhQMW1qTEhSRUVhY0wzTUVHMmg0WjU0NG0zXzk1RkxQVjNxTnlRXzNDMlNXN25CTTFWOTdCWVE4MlM?oc=5,WBAL-TV,2026-08-04,neutral
MTA,"‘Deficits are starting to return’: MTA faces fiscal headwinds as increased costs outpace fare revenue, officials say - amNewYork",https://news.google.com/rss/articles/CBMifEFVX3lxTFBic0JvTTFxVWZPd1k3ZWRwZXVyYXozSExRc3RSS3ROUkFvWm5zWjBMa084Q2o0REM4Y2pycTUwYXg4VVhMVEtfUmpVQUZGeE9CMG8yMlZmSTZxUUtQQklSQjQ3UU9TenRWSExxWDdNNU5CUEFmZWhNRkpQY2M?oc=5,amNewYork,2026-08-04,positive
MTA,Governor Moore Announces Appointment of Tony Bridges as Maryland Transit Administrator - The Office of Governor Wes Moore (.gov),https://news.google.com/rss/articles/CBMiygFBVV95cUxOakpYdFV0cHR5OWdIX3Q4alBRcDhnR0xPT1FoczUxNUNuamhlWEQ2WGl1NkNjd1dxTGFRWjBMaUdYckZKZzFmdmZYZlFySDJVSUhBMEQzX2xTYXVaMmJ6d3VpZUJ1anFWSFVNdFdnZXdSOU9fbHBCdEI3aUtoSzlQNS1uak15ZmlCZE5JdmlLUkozSUJuZ0JPcUIzeTJ3Z2k0OFhfX0xDYzR0Y1EyWThOUGNUR1ZfWG5HWkpsNXpPRHpuZEFDd1haNEd3?oc=5,The Office of Governor Wes Moore (.gov),2026-08-04,neutral
MTA,MTA rolling out vending machines at 26 subway stations - Spectrum News NY1,https://news.google.com/rss/articles/CBMipgFBVV95cUxPaDNDQmVnc3dsZEVMQ1JjbndRblhEVEtNX2g1eHZkaWhSazNOY0xmOF83Q3BwNHlLb01FUVFJUF9tLUp2OVRWZElCRkFCV0V3bTJXbkhOcERMM3pfSy1yXzhXTVhkcHd4UlRHNzlZOTg2a2VYM2lwTVR3bktZYjdPVlkxdXNpQWtWUlZ5bGNTNkJ0NkRka3pocWhXWGkxU3RUSm5PUUh3?oc=5,Spectrum News NY1,2026-08-04,neutral
MTA,MTA plans to fix Brooklyn subway 'bottleneck' stations. Here's how. - News12 | Brooklyn,https://news.google.com/rss/articles/CBMilAFBVV95cUxOcjFIbU9HMm9IdDZTV3hScGJrdnV6Q0MxMFRkZnRiYW1hcDduaWpFRFRXcUVnZFQwUVl1dW5vbFY3RmZsdjNiSXlZd25PZFdVSFJwalg1ekFhVlRUc3BURElxdEdmQUNTbDlvYTBBeTdJaU5NNFZFNHk1UzNnSDVWQy1udWkzbEd2NHBqc2w0cnlROUw2?oc=5,News12 | Brooklyn,2026-08-04,neutral
MTA,2 MTA buses collide injuring 5 in the Bronx - ABC7 New York,https://news.google.com/rss/articles/CBMid0FVX3lxTE9KcE1kX1hCQ1RJMGgtb3M0QzU4c0tFZmpCaHlhV2xEaXl5c203V3gtWDVJQThCM2RlcTZ1WGV6b1ItUmE5d1gzSk85aW9zR3FZaTNDVUI4Zkk4djFwTTNja2JsZ012b3dOTWRQVzV6M0JGYUhWb3ZR?oc=5,ABC7 New York,2026-08-04,negative
MTA,"NYC subway fares, tolls could go up again in 2027 under MTA's new preliminary financial plan - CBS News",https://news.google.com/rss/articles/CBMid0FVX3lxTE5FbXJ2OWJyWTA3QVlKNzhYTnRYTkFheTg4V1ZhQ2lHNG5ocWItbmpLc3Y3a05COUhZVUFlN0syOUQ1dXJqSGxOM0ZOa3V0ZGlFQ0pFWVA5TzZwYnBteXdreGhabHJwVWEwQjdUMnRCSjY3cXBvbDRF?oc=5,CBS News,2026-08-04,neutral
MTA,'Just a pure weird moment': Art project takes over Manhattan subway kiosk - Gothamist,https://news.google.com/rss/articles/CBMingFBVV95cUxNT1dFdWYyZHNqT1F6NWJXZk01aUFEekI3VE9WUHlHYmUyOUZUYzFCeVVTWmNTT2gtMmtJVzk5YTBoVGpzZVpPaXZGTXpSbDV0UTBGeHJMUlRPaDdYbkZRRnhHY0o4em5aOGtOWWhBQlo1X3h2WHJGTW9xcUFtWDNWNVBlYkhGVk1fMU9KSjRRRUhHQkNkeGVMNGhUOUkzZw?oc=5,Gothamist,2026-08-04,negative
MTA,"MTA report identifies Bushwick stations among city's worst transit bottlenecks, but no fixes slated - News12 | Brooklyn",https://news.google.com/rss/articles/CBMiwwFBVV95cUxQcWdBUmVGci0zcWJ2VGdHM2IwbTlnUTdicHdhcTg2bVFqYVZabUtWMFAtRE5uZWZfVHpoa2hFc1RLNDF4OE1xMk00VHdMdFo2WHdNaWRoUVVuUUpzRFZvX3VERW9SSmFUbE1XeDZDamJGUFJFWkdRc1o4bF9FUUk0SDRsS1R5MGhyTlZMRW44Zm9qLVUzY1BDRHpWNVp5c0laWmRkcVpEZG9CSVhDLTRZbExKSEh3ZllycU1qdVdRbkQ5b3c?oc=5,News12 | Brooklyn,2026-08-04,negative
MTA,MTA pledges greater transparency around subway elevators - Spectrum News NY1,https://news.google.com/rss/articles/CBMiqAFBVV95cUxQUHg4TndSdHpJN1NzMU50NFRBb1BWbDZzamVTSGthTDJ4WDdCM2hSQTVoXzluQlVZZlVJMl91UnFRQy01NFJoc0lPNzZwTVdkVDdybVhBcFV2WmtoWHdFT3BINGU3aUVwQVhSY2FTNm1YTF9fbHlZRTN4c2ZaQlhVbHlYU1NzQUc1UlBDLV9PaGlxMDFzWkhUU3Q5WS16OGtvdXp3S3FKcUE?oc=5,Spectrum News NY1,2026-08-04,positive
MTA,Rideshare app might owe MTA millions in unpaid congestion pricing tolls - FOX 5 New York,https://news.google.com/rss/articles/CBMigwFBVV95cUxONFRXMFVqWTVWVzBremZERzNaX1NNeVB1elJvX2lmN1FoU0hNMGo2LWluMWFpYjFGVzFUQ1Y4OC1nYjA3a293UmNaQXl3eFpBZElxZVF3TGdMX1haM1Y2UTFKMXVWUUtHNzlSem9JdjdpOHVJemRhRlVERUY0blRiaEdTY9IBiAFBVV95cUxNSVdOb05kbGJCZDBmRUhYZmZDMmRuaU9DbEh4OXM2MC01ZHV5WHpDTFB0ZXZETGRqVU5GNjlsQVdxelRWWlVRUkRMWno2NDUwUE9xeXRra3h3X2x0ek9pcW5rTWd5d3dNU0JaS0FneVhseVpOY1AyT1ZpTEdYOTUyUnUtSjhyVmlY?oc=5,FOX 5 New York,2026-08-04,neutral
MTA,"MTA aims to speed up service, reduce rider delays by clearing ‘bottlenecks’ in Brooklyn subways - amNewYork",https://news.google.com/rss/articles/CBMifEFVX3lxTE1kc0JyTHhnakJqdjRLOUdOdTZQXzlPOGtrUmo0NDlNUFNiZUpRYTUwcm45bVp6Z1ZsZ2ZOd1FUeVRKaUQtbEpCTDg4YS1CaGpoNWNySVNMSnVwQlVyWW43WnRWNWZMNU5FbTg1VXlPT3Jlay1TVERXNzh1SXo?oc=5,amNewYork,2026-08-04,neutral
MTA,"After almost a year of negotiations, Modesto City Schools, teachers’ union at an impasse - Modesto Bee",https://news.google.com/rss/articles/CBMic0FVX3lxTE4xV2dKbTFKbnZxZWNWeHZtc3hzeUNvdl9XSWF1MG1Rc0Zxel96ZGNJMDRFcWlmWTh0dWJUamhlcTlnTlZXUTNXWDF3aVYwTUNDWWRFcUhiNG1EVlZIOE14WVhCQU1sWGpXQ1Z3cGhyMU1VeU3SAXNBVV95cUxQc29GcXJ3RVgta0ZlZW1odUJTU0kxNl82WktxVEc3YV9YZjY3ZVVLaGdSOE8wcVVhbTh3cTZuZWp4V09mbDFBUFlqbkFnZkttcENkYTctSjYxSl9xME9JWFJhSXFybUl2bFJ3ZHF2UWFhcVRr?oc=5,Modesto Bee,2026-08-04,neutral
MTA,"MTA faces $300M deficit, pointing to 'uncontrollable' labor, health costs - Newsday",https://news.google.com/rss/articles/CBMiggFBVV95cUxQUHZ6ajBSakMxYS1mRXF3QzVySC1UaTZrSk1hMVlFdFVLR3dOeWtTaE1fT3NNNGk5eWVIaEUyeUlMUGhRSlJ1X1BIZ2FaWVZmUGZkaEhaRTZ4aW9fdVhQTlpGbmlCVS1RaFI4UUlpbjZtNGROaHVObVBwemZGWUs1Umtn?oc=5,Newsday,2026-08-04,negative
MTA,Some riders take concerns to MTA about OMNY fare payment as upgrades are planned - PIX11,https://news.google.com/rss/articles/CBMia0FVX3lxTE1FQzlpRm9HeTN2X0ZDNkNuZmxtSlVOQmJ2aUNGSkFOSU9XNWQ5YklJak5QRUxQbktSV0RvYTkyeHp0ZzlXb0ZKS2JBRTJqSDdzXzBtb0RyNldXQVllY0Z5anFjYWVLMTBiY1o00gFwQVVfeXFMTmFkVS1BN0N0aS1aM3MzOExfSmFqVHhLYmVscHNYRmp3SURBTE9OTzdvbmlfTmtUb1BmcHpDVm1rOWp0RnQ4QlR3ZHloX2lnUW4xdWdkWVBqcGg5ZkZYejhIVzlKOE5PRG5PYUhLZV9lZw?oc=5,PIX11,2026-08-04,neutral
MTA,MTA targets notorious bottlenecks to combat subway delays - PIX11,https://news.google.com/rss/articles/CBMilwFBVV95cUxQSWlqaHAxcmNfMWRBSWtHa3pSbnk1bUItMV9wOEZUNXZZTkFKWlE4X0tva2drQ1BWYW5kZGt6dVZDN043eEpjb3VOY05tdlFHV1lEUjNmd2kyTWx4ZEJITFNZZVh6VjVHZnBmcVpHTXhTS1JhUzhUYWlKbzFBNVlaLUpMMWFZWm51aUVDVlZNRUJJQkgtUW1B0gGcAUFVX3lxTE5RdTR2MjZkbkNMazh0UFRWQldnNGhzZm9LRi1sazE0UEFpRXNnaDdjSzE1X0xfbnlxYVFuZVBvZnFXVVB3VUo4RVZLM0c4Z29SNVBhcDhselJUVnZKblpqTlgweGQyWnhBX2JlWkt2dWZNMmVNUXR1bHdtbklzLVZPVXpiZHcwOTU2VnJYXzRKR044N0hOenpOdUlWOQ?oc=5,PIX11,2026-08-04,negative
MTA,Former state lawmaker Tony Bridges is next MTA leader - The Baltimore Banner,https://news.google.com/rss/articles/CBMiugFBVV95cUxOOENJMWtmZE5FUjNvcFNsWDMyTzZpaTVoNjJEU25hcnV3NzNLNlNxNVk0TmJsUy1JN0xOOFItaTNOdjRKLWwtNXZLRFZmaEVFNDNsemVDcld4NmNkWkhINmp2dmxPT3ZkUzBkcFhyWjdlVmFwSTkyc1lnczFxcTFxSEF5Z3FDbXJMTEdFSWtoOTU4amVab1hSb0NNWDVJREQtck54NjUtVjBCZDVBR3ZMZmpZRTJIcUFzQVE?oc=5,The Baltimore Banner,2026-08-04,neutral
MTA,MTA Administrator Holly Arnold stepping down after 5 years leading agency - The Baltimore Banner,https://news.google.com/rss/articles/CBMipgFBVV95cUxObzFxU3ZLNXlucW5OakUwalAwTEZfNzVocFkzM3dEZ3pVcTItSWVzYk5WVGhxY09fVjZ1VkpLT2wwWHh3QmwzOVZ1SzVJbUppbkJwckFhR2NyZHRkYzBxLXAzaFBLY2Vta2hCRElDME9yNWNwUGpSYUZVckxqaWNzZTNkNWVldm0yWm41ZXYwRjdGT3Izbi1FYkZVdVVIU1B4N3VGNzFB?oc=5,The Baltimore Banner,2026-08-04,neutral
MTA,MTA wants to fix Queens stations to address citywide bottleneck issues - Queens Daily Eagle,https://news.google.com/rss/articles/CBMirAFBVV95cUxQRnl5SkVKNXAtT1NxeVV4U3ZiTkJCbHNYY2lBLVM2R1VhRzFFRC0yczdLQWZacjZUaTFwbmxMcWJVMUFGcDY2RG9aQjFFNTRtbzNwbnNXN2dSQUxsaEgxMzZ1OGxUZUVhSy1EWEFSVHRXamdROTVZS2NrWUlfR1oxb09rWFg2TFlQSkgzMm1KSldjdHVJT2ZyM0VsakJHcl9yZ2g0VkhHaGFHV1Jy?oc=5,Queens Daily Eagle,2026-08-04,neutral
MTA,"Blakeman slams Hochul, MTA boss Lieber for soaring spending and alleged mismanagement at transit agency - New York Post",https://news.google.com/rss/articles/CBMi4AFBVV95cUxOVG5zYXJhSWNERC14b2h3S3NCWTJjNERoSkc0ZzZTRURSV3RmME1veTlXdU13VlNxV0ZCS0ZJZjMtNW8tUlJSUVBMTkl3aUt5RFoyUnVpQ1V3SHpCX0o2MTZQSjNoZXJsdlN1U0dqTWctbTk1SzN3NXhRRTc4OGpQOTFPc1BCZUlqTkt1Sk1MNDBGc1JHZ0xhbXpialJoY0N3bk5ZUkFiVGFOSlhjOXBaeEg4ZEpWRy10UjhScHJBLWRTWC1ZSGpWaWpPWnpDaVpPZEhJcGU2T280RTZlZUllWQ?oc=5,New York Post,2026-08-04,neutral
MTA,MTA already blew overtime budget by $176M — as 1K workers raked in more from extra pay than base salaries - New York Post,https://news.google.com/rss/articles/CBMiqgFBVV95cUxNaFFIX1FmTW44YjhqRlhFNHl1dW9KeDVPQUdhNEFwRnlaQ21PYWVucDJkalE4VmlvRWpxR18zbmV0SHV3a0JjRWxaRGVFY1RtWjU4aFRnWURrdEhMRW9saTNtM01DMzRoaWdKTjNJLXo3X2hWaGx3aE5GRU50X2tET29PRU9YUE9hU1VCcUstMGV4LXVKWXRpbDU4eEdiME0tSWxSTzJMTTN1QQ?oc=5,New York Post,2026-08-04,negative
MTA,Q and A: New MTA Board Member Janette Sadik-Khan Yaps With Streetsblog - Streetsblog New York City,https://news.google.com/rss/articles/CBMirAFBVV95cUxPRmdJVUI2UU4xenBLdm80bS1DUk5wNENWcEpMckZNNEZrdnhwNlFFS1VSZk9FYnVMaXpCanI2S1FfVTNsQkNQWHJEYTQwMjZPVGpmSHFaTkNNWDNpQmI0bGYyZmk1eTJsU3B3bkxMaDZ0S09NVExITjZCb1cwUTYxdG1jUUpaYWd5aU5wQlE0OTdYdThUcWl6VDZsRXp2VHRMMW96b0RUTXZEWnNl?oc=5,Streetsblog New York City,2026-08-04,neutral
MTA,MTA boss blames Mamdani’s ‘free bus’ crusade as paid ridership drops a whopping 7.7% - New York Post,https://news.google.com/rss/articles/CBMiuwFBVV95cUxQS1pvVjR4N193R3pDLXdXV2VJbGNTclJoRE9ydzJBQTF2d3g0RDFYVDRIaE92MnUwU2xlMnEtMl9iR1RCNFl4TWs0R1VhS2ZFM1BwUFhyNFNkcWxYMXRPY1Q3X0FCcDJuVVFJMWxrd1BBWDRISTlYSHpzanJFNjNhXzZ5cTAyclJjSlEzbjNyV0pzNnNSUTZvSWw1LU0zX05fV0VpNTkybnEydUFkUGZGMzdrUW5hemZISHBB?oc=5,New York Post,2026-08-04,negative
MTA,"People on the move: MTA, MDOT, HRT, Denver RTD - Mass Transit",https://news.google.com/rss/articles/CBMinwFBVV95cUxNU2QzVUNLbWM4X015SDgzYUtzbmhLaEVlalBwN2dFUF9ZM1Zqc1BHUlBwQVgzcGdTS2ZHaGt3eERRN3pxTnllQ2F2OHlSd3RnUEZzZUEwTHFwUHoyOXN5QkFmNjdBM3RuUWlIUUhtNHVoMDdqamtCc1VJSVZXNXZqejBpWC1DY1Z3dmdGYjJjbno3VnZXMjVJdjZTeW9fYlk?oc=5,Mass Transit,2026-08-04,neutral
MTA,Mamdani hasn't made NYC's buses free. Riders stopped paying anyway. - Gothamist,https://news.google.com/rss/articles/CBMilAFBVV95cUxPaXlBZjZkSHBidnhvdThLRkRXbnoyRzlZNy1JUll4NkMtOGV2Mzl0dk5GUS11QWpMS0x6c0s4ZVQwMHNKVzlqTkJlWFM4bEk2M2lXbXEzTzBrR1Nnb2JJOFBCN0llLVhHdnRfQ0NCaU1DNEhlS04zak9YTXVMNXNkN3RweGRMSFhibGppNVliM0x0ZmlS?oc=5,Gothamist,2026-08-04,positive
MTA,MTA and disability advocates settle long-running elevator accessibility suit - amNewYork,https://news.google.com/rss/articles/CBMiigFBVV95cUxORDFiV3dNd1pVYkFZREJRMV9KVm1ZZVVINFdFTnlidEo1Tms4eUhsai1pZnozVGVRLUVycGtPYUpvWGhrWlNFYzA0VXBZcEhYaU50LV95V2JpYmtFaDBGbHlIeG9XY05fRVRkMEQyS1F0TkZ2VXZfdW5fN193UnAyVF9rNnVCTWhZQ2c?oc=5,amNewYork,2026-08-04,neutral
MTA,MTA boss says agency ‘developing capacity’ for OMNY to show balances and transfers to riders - amNewYork,https://news.google.com/rss/articles/CBMid0FVX3lxTE40T09RMndjUDFoVHFmVC1VX2ozRjVKd29BamU1aXpTWGRIY1d1ZURrZFJ1LTVUQ2UwWGtFemt1UFFlYkM1R0w3UThlWElrekk4NFpieE5PdkNQU0F3UHk1d0U1STF2WmV0cGF5cUY4WnQxYWp2bFI0?oc=5,amNewYork,2026-08-04,neutral
MTA,"OMNY complaints mount as some riders fail to get fare cap, transfers - Spectrum News NY1",https://news.google.com/rss/articles/CBMiuAFBVV95cUxQS0ZwN3FLQjBRYTJUbnU0WmFBbEFEYzh2bmk0bUJmN1RyN3VNRGJVRGd2WnZfbjh0dWdQcURyWHpwbENVR3hvcERzQXN1Wl9BU1BmUVg0SFlUQkFDbm5Zb0NNQzJVMi15dWJ5Z1ZZN3RXNFNPYmxveC1jcHViclJWS1I2cVNWdm5ZcEY2Sld2b1FoREJiRE53QzBnUU9JODZMSUZQNlFLeGVGSnVjb0FqWFlYZUFNckI0?oc=5,Spectrum News NY1,2026-08-04,negative
MTA,"Arnold leaves transit post, Scott readies for 'rodeo,' Mitchell hangs a shingle, in political notes - Maryland Matters",https://news.google.com/rss/articles/CBMizwFBVV95cUxQYUZPdl9mSHFyekItWE1vcFhlT2U4UUltSVktSkYwOG5ickJDR3FrN0RpbkVhck1nenNObk05VFBsc0doX1U1OGt1SE90TlFyY0lIX0F4MDRsQWpfRVNVRkNpdU95cjZZVnNjdnRvRmZYUmJlNGJJU2tZODF1RlBiSVcwaUFRZ0xMMDNZTjJiOEdCenBvWElrSUdwLWI3OEc2RVdpa3R0dWE3TDBKaE1GNGxIdnNpU25DN283WHBzeXRvN0RRLTE4Z3M1WFZjb28?oc=5,Maryland Matters,2026-08-04,neutral
MTA,"MTA plans to fix Brooklyn's worst subway bottlenecks, IDs 70 congested spots in system - Gothamist",https://news.google.com/rss/articles/CBMisAFBVV95cUxNOHpGWDhNT2VDM2ZnWUl0NU5oWTV0TjRnRy1VeXV0M3dHYzlSLVZnemRvTGJ6UWRJRFRVVzZhZTZES3MzaWRVdkJWekN3M2JoalBYclctRVNwT3oxQVBscmgybXhYUEJiVDlLNl9nM3B2YW1kaVhJMEg0X3Jwb1pCQ2h6RVZqZUZIaWozREI1STNmTzE3S3FDcDVpT0JEcVh4UkVMUnhiNnNlQ1VVSWp3SQ?oc=5,Gothamist,2026-08-04,negative
MTA,MTA preliminary budget suggests possible fare and toll increases - PIX11,https://news.google.com/rss/articles/CBMioAFBVV95cUxOaDVrOWlsWnFEVHNTTGtLcjJBTFhIaVo3eGZ6UVU4T3FJUU5BUTFNeVZJWEpEay1Qby0taTRUWXNVdk1SaGZKVEtlVDl6bTRhQ2k5XzZUUk96bllPYnZxclZocjVCU2E2UzNudjRMdVdobWNGRnJjV0ZMbXF5blJfSUJ2aEdXLW5Bck1CVHRrTjA5ZklMQTRXSWxIM0JwOXc50gGmAUFVX3lxTE9kU0NOaGF5LXlvcDJEYmcxTEc5TVVCNjZMc19fNkIwQkgwT1RQU2U0SDVXcEhvajJDZVcwU1htSU1RWXlhZHZzZmd3M253OHU1TTA3clR5VUEzUnotX2R2S01DbnI3eEpMc05pMzdvRDhmV2ltYUV2bzEyUHF6VmxhbUJFdkZ5cXJhU2ptZkhIVTgyQWdHSWdZY1pqOTVXbUFrUGFDeHc?oc=5,PIX11,2026-08-04,neutral
MTA,MTA refurbishes 125th Street 2/3 station for Central Harlem riders - amNewYork,https://news.google.com/rss/articles/CBMigAFBVV95cUxNUTlfZ1RxbjVQX2RsbllGMVlCWmMtUTMyVUhyTHZkYm5HZHJBS0VLRExiVE80ME9taVZ2SjM1cWV0T3o1WFhCVk1ZY0FBMkluclJhc0kySF9KbkM2UkpCMzdIOENWM0tNanZ2UF9tNmRUbmpMejh6bm14TzlLWkNnZQ?oc=5,amNewYork,2026-08-04,neutral
MTA,Subway delays worsen as MTA touts solutions in 2050 — these are the worst lines - New York Post,https://news.google.com/rss/articles/CBMilAFBVV95cUxPRnZlSkFrUnVrUzE1YnpFMjY0dlZzSFRIVlVlaTM0UlZoU0pESUlOam0zQXZoRU0wYS13VU8xVkNPeWRqbG9RY2lINTduQjRlT0dkRi1uUXotM25Yb3hQdmhmQ1NhUWtWVzlxbWU1N2ktcWhEUW1nTE9sR1BiVVhwcTlSbU8xbWVTYmhkQko5YmlKSER1?oc=5,New York Post,2026-08-04,negative
Massachusetts Bay Transportation Authority,$530M from state millionaire tax will go to Boston-area transit agency - Smart Cities Dive,https://news.google.com/rss/articles/CBMijwFBVV95cUxPLVU5TmpsY0RxRTRSNXJkQjN3eU9BelRlVlVsdk56cjdVMFdkYjlGNy01MGdfUmcwd0NaQXZhNDRDaC11N2lWWFduWVJMVkpqcUpCTUloN1RFMGYxekpnbVFMVmVIQ3BCbzRHYzV6b2J5bVZHZGtrNlM5bnNaQkFWeUhkMkV4Qkp4Mm5RMXFYcw?oc=5,Smart Cities Dive,2026-08-04,positive
Massachusetts Bay Transportation Authority,Massachusetts opens public comment period for Capital Investment Plan - Transportation Today,https://news.google.com/rss/articles/CBMiuAFBVV95cUxNc0lnRnljRzhTWTg4dGhzVlF1OUoyQjlfVUU3TVA3cG0yb3AtWi1aMm9yTnhFVzJaY1FvVlJLX2FvODJCOHVtNFktNDN6eHVJSE9wZDJmbjNoOWRIbmVBOFQtak8tTHk0cjZSNlZsalZnZ1A0LWdrU3R5c011dnVqaDY0QlBiaEhtZklOUWtsOWg3VkVNUG1XRG9ja3lHMnZQd0hUS2Joamo0c2pGWjhpNWpmeDdLeTBi?oc=5,Transportation Today,2026-08-04,neutral
Massachusetts Bay Transportation Authority,Massachusetts transit authority to sell bonds backed by sales tax - Bond Buyer,https://news.google.com/rss/articles/CBMinAFBVV95cUxNT2JhZ3A1ejl3dHFQTm1uLTJaNk0tR3RxU25Ic3lydnNjd1ZRM1lEejB5Q0hsSmo5b2ZUVVlUWWVHaHNJMElMT0o1WWxKVXBlTXpqRl9LOFM3eHV5M21jcmFKREd4dXp0endfMGtGQlVhblA5VldWeEZCLU1BbUVyeU5wR2ZoLWkyQnhsQWFrZW9QeUhmYWNpM3dMQ00?oc=5,Bond Buyer,2026-08-04,neutral
Massachusetts Bay Transportation Authority,Boston-area man killed after his clothes get stuck in a Massachusetts Bay Transportation Authority escalator - Yahoo News UK,https://news.google.com/rss/articles/CBMie0FVX3lxTFBFcnBCRjIxaloyM0VJZm1nazNEdVlLZWtDa2pBN3hXVDlwUkZRV1lKUXBRNjkzcGgzU3Y3NjFDVlhSc1JNQkNrNkV1UHViMGQxX0dCNlNONUlETFR4SXJYa0p6bFNSTmRLWHl1cGdFVDBSTGtyWThjWnFUYw?oc=5,Yahoo News UK,2026-08-04,negative
Massachusetts Bay Transportation Authority,Major Upgrades Completed at Kendall/MIT Station - Railway Track and Structures,https://news.google.com/rss/articles/CBMiiAFBVV95cUxNZGluenAxRVRzTHBlQmlLMGlGd0NlcllIbVdoak01NjNXX3NiNVRjTnBaOXNTTnJIN29tcTZ5VVV0WlZHVXVyRDN0NmFYWl9QQnlxbV9Idll2cG43ZkR4YThjVHBjZHlUcXdabDAyalRHMmZ6b1NTR0tvMFJhamhnWG43cnNEdjJh?oc=5,Railway Track and Structures,2026-08-04,neutral
Massachusetts Bay Transportation Authority,News photo: MBTA’s America 250 unit in operation - trains.com,https://news.google.com/rss/articles/CBMipAFBVV95cUxNMUxKQTBfUTAtVTcxaWxzMnNvcVNlNlBqME9KTzJfZXNqZkItRHZ6WDFJVGhDb1dZQ01DdjUwdVBqa1YxNHJkWnc0bThYSUQtZ1h3Y0JLZUJuQ3FKRkJIazhQTlFtNnNnQ1hQUDdHVkMxNkJzYkVVUWUxOC1DMzV3TDdXcjNvZmFtZlZnekMzYnFJZWVwMEZmMk5OenVGQlNIcGVXYw?oc=5,trains.com,2026-08-04,neutral
Massachusetts Bay Transportation Authority,MBTA expands Transit Screens @ Libraries initiative - Mass Transit,https://news.google.com/rss/articles/CBMi6AFBVV95cUxNd2EwQ0R5MGpLNE1zRjROSm5PLUpoSEVVcUpZalVKbE54WnFhR05WbkNEQndTMFJWb2Zmbk5Db1VVQ3VPbHFfWkRUOUl1a1ZOUEU0b0cyaU9ZbWF1MGJBV3ZSc3VVZDFFT0xyRVYxRURWckhGLWlhWnppQzBXWHVTMUtYOEZDeksyUUtCaTBtSlFTVGE4aGZUMy1PZmxCTUVreVgtUWJReWJJZENrMjhibUVINFppMGFpQTFUM1lna0dlVEIwdVdXMDgtc19XX1NtdGtEUGZvbi04VzBRYlhWLUd5ajY3LXRP?oc=5,Mass Transit,2026-08-04,neutral
Massachusetts Bay Transportation Authority,MBTA Board Approves $10.3 Billion Capital Plan Through 2031 - Metro Magazine,https://news.google.com/rss/articles/CBMimAFBVV95cUxQa3duWTMxN2NYOG5FRmxObDBxVTVoTjRIR2xVUFpzNDEzS0pEOHI1QWU2WGwtaTBwV2dHSVBTVEt6aHhxdThWVm83SnlQM2ppUG50dTZVYmg4WnpWWmtDT1MtX0hmVWFvQXNKY3ljUlRQVnhVLU5yZk82ZFJManZKTWVxdS04UHBUMkppODNuZ1NwNVpSR0xEYw?oc=5,Metro Magazine,2026-08-04,positive
Massachusetts Bay Transportation Authority,Authorities investigating after pedestrian killed by Massachusetts Bay Transportation Authority train - Fall River Reporter,https://news.google.com/rss/articles/CBMizAFBVV95cUxNNTlKTTY5T0xocWRrYURtMXA5QkhTMmVUa3IwbVZwRTdpNF8wQVBoejdQaHlRNDBpS2MtaFprYkdyeFdCd1ZTbExKTFF5YXJEUUpTMWdRQWhVakRuLWtJLVZ0VWVQcl85NS1XeXVadnlhRGlaY0JVQUd4QlA1c0dQU1I1NzZZZUZWbTc3RERmYlRDVF84SWh0cG80dG5kU1FYVWRMTW5BaG9saGhWVUczWGNaSWVyUUhvWHdZaTZ3LWtac3VGZzJmUzBnRnrSAcwBQVVfeXFMTTU5Sk02OU9MaHFka2FEbTFwOUJIUzJlVGtyMG1WcEU3aTRfMEFQaHo3UGh5UTQwaUtjLWhaa2JHcnhXQndWU2xMSkxReWFyRFFKUzFnUUFoVWpEbi1rSS1WdFVlUHJfOTUtV3l1WnZ5YURpWmNCVUFHeEJQNXNHUFNSNTc2WWVGVm03N0REZmJUQ1RfOElodHBvNHRuZFNRWFVkTE1uQWhvbGhoVlVHM1hjWkllclFIb1h3WWk2dy1rWnN1RmcyZlMwZ0Z6?oc=5,Fall River Reporter,2026-08-04,negative
Massachusetts Bay Transportation Authority,MBTA threatens to use eminent domain to pedestrianize Boston streets during World Cup - Planetizen,https://news.google.com/rss/articles/CBMixAFBVV95cUxPRk1oWEQyWkgwOHJIVWc3YmxkbzN6bG4teEx2aHllQkNjbkQtRTA5LWphekRTRDlhUmtLS0Z1ZXI5dnJzejVCc3FUYTBLNTlfc1g1VFRXajZDODJmYnZSd281U0NkT1hJNERZcXYwMFVoYVZjN2Jhc1pCNnRVWkpfVmMzLVpXbU9VYzNMNnp6WHNQWjFFX0xaWUduQkJ4alRCelNBanFkTE5XX3Y0Vm9yRnhLTm9vV3ZXNVJFXzBxckV1TUFv?oc=5,Planetizen,2026-08-04,negative
Massachusetts Bay Transportation Authority,MBTA to close Symphony Station for nearly three years - The Huntington News,https://news.google.com/rss/articles/CBMimgFBVV95cUxOc0ZzaGdUTm5pMUxjZncwejVPRkNJSkFCNHZZYUdja0YzY3U1YmpaUko4cV9jX05LUV9XS1BKTjJmTWFTNzlLUGNZbXdYemxTdl9iZjNqaTVSMHZiZF9hNXZ4eHZSc1pWNFQ2Ymo5c21fOFRiVF9FMzBNSVZ4cWZZWmgyVG9JUFd6dEFFNjJqVFh1eGxpLVU1U0dR?oc=5,The Huntington News,2026-08-04,neutral
Massachusetts Bay Transportation Authority,"Transit Briefs: MBTA, Brightline - Railway Age",https://news.google.com/rss/articles/CBMid0FVX3lxTE8xa1JGU0tVeFRlT21DTS10WHZhOVlSd2IwQ2ZHdnM3ZVhNMk1mLXMzV2tFZ3U3UTdtN0xJQzZkNjI1bjJrYVhqY1JGMmpudlE1VnhLM2FGTWo5X2lJSjRiMUVjRXVmbHZZclJBcWFXdWplTjBYRzRR?oc=5,Railway Age,2026-08-04,neutral
Massachusetts Bay Transportation Authority,Ferry catches fire while underway off Boston; all on board rescued - Baird Maritime,https://news.google.com/rss/articles/CBMitAFBVV95cUxPblhzOG55eGV1WWVRQUdzR3MwTlVMN0M2d0Nqd0twRGZ5MFhqYWIwWXRhY3BfTFVOcGFPVVdtLXd6aEJjRFE4Z01uSkRnWVg1OFc5N2M3eXQwclRFcWFENnN0QU5keUZYeHdNY3RPMnB0bkQzaGhWSE53Um91cE5YTW1tQm0xUlEyVFdjeV9CaHBrTWVqdVQtTWdrS0lreFB2aTNHTm9FZC1BQXBzYUpMQlRZcU_SAcIBQVVfeXFMTWk2TnZJLTc2WV94N1NlVTlVWGN4ZzRvSFJPLXhzbTZmMXVYT3VlM2owLUJvcENvUWJURVJxZmtkNVFLa2xJZEFSeDlXZHRRWFhMOTJHNC1aVjAzX09qa1Q3ejBBVXU4bFBudUNobzg5OFQ0ZjFBbmlaQUloNnVvaHNqdWR4M0dmdkFDTjlVajhRZjFkODh3eF9rc2d0V18wOGZ0V2VYQjV6aXdxUWhhbldhZTZ5eHl2NTk1akw4LVViYUE?oc=5,Baird Maritime,2026-08-04,neutral
Massachusetts Bay Transportation Authority,Skanska lands $1B Massachusetts rail bridge project - Construction Dive,https://news.google.com/rss/articles/CBMikAFBVV95cUxOS3NaWVNlcl9nMndDOUlkdGdMV3lXaTFta1dVeUtVdFViYmphcmc5bi1aX1p5QjFwNkkwM2RkOC1TMk83LTRMbTkwM0RESUxHUkdQRmhvVnhtSG5LX29qMnlCN3RpNlZob05uUlZkTDlYT05BXzhQclBCU19nLTJXaG5qemE0YlpxS1dDaHhabHg?oc=5,Construction Dive,2026-08-04,neutral
Massachusetts Bay Transportation Authority,MBTA train tickets for World Cup 2026 matches to go on sale - WJAR,https://news.google.com/rss/articles/CBMikAJBVV95cUxOWXNZMTJHcmJ1eWtkbC1MZUh0QWpjMWZlejc4ZElXa1d6THgzaTVoeFVLUDBNNHNWUVZHaHNEVXE4Z0tpaG9mdUc1ZV9fdHZvM2hiTmJnd01HZzV4Y09hOGRLbkxrbVJKMHNlM09MSWg3LU9YbkJqbUdYcTk3bExreDNyanRPYlJJbnpKWVhvcmZGM3dlZ05vbmxZRHViV01ObEpsV0lvVWkzUk9jUXBENC0tWnA1OWkyVWVtbWNLY3hWLWJmeDZFSllKQ2ZuQ1RONVdqcjkxLTFEQW5IQ2FqeV9GeTc0VVJ6MjZYOE1vME9FSU92NGJlaldYMXpaUEhxbGJVdm9leXdTSWswRXpDTw?oc=5,WJAR,2026-08-04,neutral
Massachusetts Bay Transportation Authority,Boston Charging $80 for World Cup Train As Free Fan Fest May Shrink - Front Office Sports,https://news.google.com/rss/articles/CBMickFVX3lxTFBZbWFZYzNsMVkzM1hCZkpXZTliclE3cFNFYmloVmFBTTVBQzBCNVdZVHJueXljUGZMRjU4MWdFd2Uyam11V0U0NTZBeGNNVHk3YUVBLWR4bnZ1UmVJT1hTS1NJNjBqYmNCUHhFQjBBUFVFUQ?oc=5,Front Office Sports,2026-08-04,positive
Massachusetts Bay Transportation Authority,MBTA announces service changes during World Cup - trains.com,https://news.google.com/rss/articles/CBMigAFBVV95cUxQejFUREdxUEFCWF9PMmhlUEhqeE5KTHBSSElDNzFJcjdfLThUMXNmd1pEd1QzRlRyc01fUnplREs1RlpPVmE0ODJOTTNQQjUyMW1GQTZxQ0NoUXlmWlE2cklwa21lYngyVWhHbVpWUmZBektCT2xkR29HNWFoSW51Zw?oc=5,trains.com,2026-08-04,neutral
Massachusetts Bay Transportation Authority,MBTA’s proposed FY 27-31 Capital Investment Plan to fund remaining cost for redesigned Arborway Bus Maintenance Facility - Mass Transit,https://news.google.com/rss/articles/CBMi1AJBVV95cUxQd2diQ2xjbS10NHQyTTF0d3RRS0dkaWNoYjlHR1ViWFg2dXhFaWxmRml2NzM4VktpYmFLQzhYR3UtdTdmUkxubGg3aGxqX0hDX3FFUHQ1QWFrLVJJTmVpUXlUTi01ZGRkc2ZOaDhXNGM0RG5wYjc2YnkwTTI2c05jMjZuX2JFOVd1NE5Bdk13aHZOUXF3X0M2aWNEb3U2Vzh0UTRtRkxOa2J2aXFQZnoybjBPOTFvWFRReWYwc0tuSTd2Q2J6ZVJhMlRFLWp3RXozQTZkdDRPTkxFS2dLUzdzN0tMcm02d0l4MHB4N3UyNkU2aVhzRlNkc3dUVUJORHhreTBsSnA0QXpzM0VBaVRYZy1aYXVFcG9GS2JIaERsTHJmdjVHb1RnZFpUQWFlemh5eW52YURKYlBmWEc2TW1ET29BTWJVMURZMkxVLTRjcmlmTERp?oc=5,Mass Transit,2026-08-04,neutral
Massachusetts Bay Transportation Authority,MBTA sets price for special World Cup trains at $80 - trains.com,https://news.google.com/rss/articles/CBMiqgFBVV95cUxNNGpJczdrMkIyZW9ZNVFlcFgzanB6aXZGVDg3RHJRZ3NDYnNBRDJxb0VQa3JYODZ2bU9MdFBzZi0zenRXdFdpS1NVNjAxaVBzUmxrdzgtUVhSWGZnUEdfOUZkYlJrSU5keGVpVXhnVVJUV1A1OGhnVGRkUGkzd1ItXzMxaXB2U3dPWDNFdVowazF1U1FIOFBCZl81NU9RTno0UWh4SXI0VWREUQ?oc=5,trains.com,2026-08-04,positive
Massachusetts Bay Transportation Authority,MBTA announces summer fare savings programs for commuter rail riders - trains.com,https://news.google.com/rss/articles/CBMiwgFBVV95cUxORkd2R0tnb19MWlkzcFFGZmtROW83SUV3T3Z4UjhwSXI2dmREVXQwU2NXeU5EM2NNNFBqYW9GSmFrM2Y1TkhxcDN0R00yMFF6SWVycy1iSXM5Yk9wWDREWUM1WlBuSGJmX1JnWkxLZlJVX1ZVWlFNamhpWm9CdmpFbUNoRG9LWXJfQlpkd2h0ejkxTGRRYWZUV2w0ZlRGU0tZU0ZXWnI3R0JSMl9Zdy15MWdoT1NnaEk0ZzVrNGdfMXVydw?oc=5,trains.com,2026-08-04,neutral
Massachusetts Bay Transportation Authority,Supporters outraged as Boston hikes rail prices from $8.75 to $80 for World Cup games - independent.co.uk,https://news.google.com/rss/articles/CBMirAFBVV95cUxQdTNYcUJfeHJyR3hSbFJnR0RoZDhHdE5SQUkxakhDZXNMeVhUMlFod0xqVl92UThSa2hWTU16a1JCWXU5OVhrVGxlU1FuS2dwN1Y4VW4tSGE0M0dPVXBGMmEzRkJTQXJzcjd1Mm1TeWRGeDUwQVdDejYxV2NPVFRxSk1ocnVmVDl3WGktZWVzY2l2Q3AwRGZLUWEycmtTbzZTNlRZN2hxNnowMmEz?oc=5,independent.co.uk,2026-08-04,negative
Massachusetts Bay Transportation Authority,MBTA Updates Rail Modernization Plan to Expand Reliability and Accessibility - Metro Magazine,https://news.google.com/rss/articles/CBMisgFBVV95cUxPaWZNaVI5OXFHZXo2X01uSWdhVFB4YV84TVhGcEZFVTN0Vm1sa1c5UWhOZkl4Z3dUSk9zd0k0LXhJSHZBcElWTnd2ajd0WTdPMFhNN2JSa3liT3pwX0NkUkhtMHVKdmF6ZWxSMHp1T3NkNF9DcV9oOVA1Uk9ybzJqLXUtcFNqU1RfQW1feGo0aGhwengzUjN0eVA2SlhNY2V5dm1aU0ZOMU43OWNIU0I5cUR3?oc=5,Metro Magazine,2026-08-04,positive
Massachusetts Bay Transportation Authority,Turns out that World Cup MBTA tickets are not $75. They're $80. - The Patriot Ledger,https://news.google.com/rss/articles/CBMiigJBVV95cUxQWWpodV9yS3RWTTMwNVJPSjFqR2NyYmtPQ1ZtUk5RaVdLYktpdHdFMjdFUkhVaEg4THB3RG1hVnRabTNTRmxWSmJDNzRVQ2h3R0d4X1laOW4zNndSdnh1SFRJR0NEb3R5TkNtN01TYUJRWVkzdHNHQkJJMWtQRFNxa2xNd0J6bzRPQkRzT05kYnBTSWRsX19VdVllZlk1Y0ZhQ2hlTElid2lJZEUxdGg3LWM2cldrd0V5RTZlQ1pFMDhraVA2aU12eTdzRWYtQ1NlUkstV1VSMkk0RVdFckNSTEx5anVpWThoUjBOMlRuSmczSzFTemF6Sm1QYTJqbllSVklVSlgzYm81QQ?oc=5,The Patriot Ledger,2026-08-04,neutral
Massachusetts Bay Transportation Authority,MBTA completes Green Line C branch infrastructure work - Railway Supply,https://news.google.com/rss/articles/CBMiigFBVV95cUxQZXBFRlc1RXdyR2RxX1BOdFNBZHM3LUJtUThPRGJCeVZQUklERVpJeVZySGpKRjRzR2IwM2VzOUtJZ2xQUXVhRGFKMXZ4SUxiNFA0QjllbktQNnRQZHNraG4yR194al9OT09yUDN1Zzd6NTYzUHJSNWdnbHJOVnBCT0dzTVZvQU9IUkE?oc=5,Railway Supply,2026-08-04,neutral
Massachusetts Bay Transportation Authority,"MBTA seeks new battery-electric, diesel locomotives for commuter service - trains.com",https://news.google.com/rss/articles/CBMivwFBVV95cUxQa0k2Z0VOc1FyNlQ5YjhGbEM1Ylp0aS0tbHUzRWNaOGlXcXJyT3FWRFlXRFNKa1pIckY3TDc2QjVnUFRoYXQxTE15VUtFZmpSazFrWDdncExrZUJRVXZ3anVHWjhQY25iV0kzMm5VQ0ZJaVdlLWR4aTRWY2czdXU3Sl8taWEzS3hwYUV5QWF6OUhUU1lIbW5pZzU3dEhHbWxCeGo5cGpjN25GdEhSTEc2MTd3VVl1N3IzV1YtZll3QQ?oc=5,trains.com,2026-08-04,neutral
Massachusetts Bay Transportation Authority,MBTA opens Focus 2050 for rider and stakeholder input - Railway Supply,https://news.google.com/rss/articles/CBMiiAFBVV95cUxPTzdTNzJ0VE9oN3FJdUp2eFhza3RTYXJ4SHdURENXMDBWNzBoeDNvMlJja1J3SmVIQVdPSFZYM05KRTEtNDFOOEpZVmFkVTN3T1YxQUJvNE5GSkFydmJHWmhHNXY2U0FmVkk1YzZLQlZqR3oxZlhrN3kyMXVMWG9RWElvNUdxakRZ?oc=5,Railway Supply,2026-08-04,neutral
Massachusetts Bay Transportation Authority,New F40 Lease Fleet Enters Service on MBTA - Railfan & Railroad Magazine,https://news.google.com/rss/articles/CBMicEFVX3lxTFBiTXhsQ2RocVpZYkFTdmhrMnR0Ui1GVHZpRWs0Z0FLbWNyNlZUdlJ2YXRybkpreGNHQVRCWjEwVWpwX0NmenRIOFZURnliNzlEdlhqT3plSFpmOWtqZXY5TFZOUmpjajBrVzZzZ3FhTWc?oc=5,Railfan & Railroad Magazine,2026-08-04,neutral
Massachusetts Bay Transportation Authority,US commuter operators launch battery-electric locomotive tender - International Railway Journal,https://news.google.com/rss/articles/CBMinwFBVV95cUxPb1NkbmpXYVhjWnJnVnd5bUJoMHdLX2VVQlFxYlVUMnJocHVteTQtU3RCT1BTdm12RE9SdW8weEx3dXBkVmFkV2RjV3FFa2Q2UE1waVlwYnQ0SkdKajk5dVJkbGg4YThPUjNQTWVpY29LZVhwS3NlS3lWUzM2VGtzTXhwV0d3T0ZYQjBSVG5YU3d0Q3NlYXl1NWxTYnNYa1U?oc=5,International Railway Journal,2026-08-04,neutral
Massachusetts Bay Transportation Authority,6 hospitalized following Forest Hills incident - WBUR,https://news.google.com/rss/articles/CBMiiwFBVV95cUxNcEVWZnRKQjBZcExNblBjOXFWU2M1aVprTDVRS0tvUmplbkhGdS1oUjVuX2NmcDZlajFZV0ZfZzdlWUlqeEg5b1FIS25taVF4eng4QUZrX200a0l4UU95ZjR3SldrRzZQOVltYWdXVjk5NzlEMzRUUWlkcElLQkRZangycTM0VkJrUW13?oc=5,WBUR,2026-08-04,neutral
Massachusetts Bay Transportation Authority,Rail News - MBTA enters New Haven heritage locomotive into passenger service. For Railroad Career Professionals - Progressive Railroading,https://news.google.com/rss/articles/CBMiygFBVV95cUxPcHpyUWhNb2dOM1pvTmFacFFaOENwQmMxWnRUSjcyX3JTcjV1Zk1YTm42VUVqeDIwSXBIMGVfMW90Z2RQdDB3TGlPUWxXclNCLTMwRzZHbzc5eE5yTFE0X1ZhbUh6eXZEd3FYV0JTT2t1MjRiZWZUYUR4ODdYX1VJY1dIOUpJSnJiTGhMeC1LUjhXa1lqNGZOdEIyREtpanRMSV90YWpJd3VjZVNDQTF0eUljREJXTUNUMVQ1M1prd0hmQ0NNSGFsM1hR?oc=5,Progressive Railroading,2026-08-04,neutral
Massachusetts Bay Transportation Authority,NRTA Parts Ways With Longtime Wave Bus Operator In Favor Of International Company - Nantucket Current,https://news.google.com/rss/articles/CBMitgFBVV95cUxPOWZ3OUFHRXNVd1FLZTRsTmhFMFRsMFQ0Z1hBMTZscF9PNFRYSUJVeVVEVXVsWHlFZWl6cEVHaWRFaVVVTTlJWWFLREwtTFJ3OXZoVGd1dDh2VkhNSmNGdzBzb1VYSV8zWTdZQlRPaDYxalh5V1U4YTRnQkQ4NURQU0lKajEzWXE2cDNYTk1oSFdYYW9qcm5SZ0g1MTdfMkIxOVpYYzc4TXBvUHpZWmJXS0ZRRVFuUQ?oc=5,Nantucket Current,2026-08-04,positive
Massachusetts Bay Transportation Authority,These 8 Mass. cities and towns just received a share of $13.5M in grants - MassLive.com,https://news.google.com/rss/articles/CBMisgFBVV95cUxNNXhrTUtYS0ZyLUo0TTNGd3huT0RfWUhLbVFKbm1JcDhyRDM4WjhnaFNMQUM1Q3NWMEx6NlRLb0NkbnN3U1VxUmZZVHVGSGI1dV8zYUN4cXRZemVjOXk4d0hhUkZCdWxodXlteW9oNGtPMVNOZGRaSnh0RXBFRHkzZUo1MWczUUVHNnZLZVBiTFFZYWNtSHV3Qy1FbVIzeWNGMlAzRzZ3ZTUtREdxM3c3cER30gHGAUFVX3lxTE5hQ3RIaE15ZmY5NHh6QUNTT09ZRkZrWjJoMDVRV045NGo4c1dVTGJXczBzZ3RfcC1FOFNWbUhweFFQMkZEYWlDaTRaVy15VG9wNThPYjZtMmZTS2ZtYUh1N3JnQUc5TnBjVzFfYW9saTBvZUFOeXoxZTZxNEoxQnZIcFhHWTVLTnBkanZZUTRMOV9mWi1lellBNURXbmJ0aGFrb1Q4ZDQ0a1UxdU5MRVJzVEVIZHdVZWFrOXh4M3otMG1qcG1ndw?oc=5,MassLive.com,2026-08-04,positive
Massachusetts Bay Transportation Authority,42-year-old man dies from injuries sustained after being struck by Massachusetts Bay Transportation Authority train - Fall River Reporter,https://news.google.com/rss/articles/CBMi3wFBVV95cUxNb3dOOXRJR3F6TExPdlJGNlg5XzVJeTlmOER3VW9fUVM0Y1p3M3BHVGdhQjBjZUVPYUstT1NfTEFCRDNkRklLcjBLS0FZTUJTOEJkOGRfcGQwbEZ4VkZJNWphYm5UTjkxVHJzRnQtSnpjV0d3TjEya2sxMnkxY1pZVVBFTWdJTFJFeXFzYWFWTEhScVhPcTdLeV9NX2hGSXZoQUg5SWtNdkMzVWNXSkR0Wmk3V1l5ZjFaUFh0V1Nta3VmMUc3MEpNcnhlYnZUR0QtUXVyakotOHVwRF8tSHZZ0gHfAUFVX3lxTE1vd045dElHcXpMTE92UkY2WDlfNUl5OWY4RHdVb19RUzRjWnczcEdUZ2FCMGNlRU9hSy1PU19MQUJEM2RGSUtyMEtLQVlNQlM4QmQ4ZF9wZDBsRnhWRkk1amFiblROOTFUcnNGdC1KemNXR3dOMTJrazEyeTFjWllVUEVNZ0lMUkV5cXNhYVZMSFJxWE9xN0t5X01faEZJdmhBSDlJa012QzNVY1dKRHRaaTdXWXlmMVpQWHRXU21rdWYxRzcwSk1yeGVidlRHRC1RdXJqSi04dXBEXy1Idlk?oc=5,Fall River Reporter,2026-08-04,negative
Massachusetts Bay Transportation Authority,"William J. ""Bill"" Leahy Obituary - Worcester Telegram",https://news.google.com/rss/articles/CBMiW0FVX3lxTE4xRG5lYVNveVZNM2E4OURMbWtMRWxuT0JBUWZybGZlVkE4QlhFeWRkcHRrNW5CTDJfQWlOTVhwaEVHMmc1Vm9zc1N6VmczZ0IybUZCZE5VN3FPeEE?oc=5,Worcester Telegram,2026-08-04,neutral
Massachusetts Bay Transportation Authority,Boston's MBTA Orders 80 New Flyer Electric Buses - Metro Magazine,https://news.google.com/rss/articles/CBMiiwFBVV95cUxPZXI1Z01pTmVzTlRBQ2g3SmhJcUN0bWpkVmZ2ZWFEZ0FZN0hVdlFzVTNtVnIyOFZlUU9md1JwaHZ0MEdCOXBkUVlqYXl4YUF0WEJaWWFjTktZLUc3MFozZUNTSFJkaFYxeWRPNm1Za2pJX1pDaWQ3Zk81MHRPQ0pBWGF5NktyaWkwVlZR?oc=5,Metro Magazine,2026-08-04,neutral
Massachusetts Bay Transportation Authority,A homeless man died in the cold outside Boston’s busiest train station. City Councilors want action - MassLive.com,https://news.google.com/rss/articles/CBMi2gFBVV95cUxQRHFPX1ZiLWJwamdwMng0Q3p1VHJqRHhuYkgtdVpKTXA3WWFiRkNpMk9laEhlRnJUN25KVDBfR0ZxcG5ldkEtMENDS0NRWXdrODE4aU04UlM5aDJoNmFKdk9kMVdTaXJrN0k5R1dhQkI0NERnb21nVzA0TmNiYXNSYnBUQzdMX2ZyRF9hRU5YYW56UVNPZUgweHBYNVhSdWpiZE5ocE91eTg4NHc4eFd0YnJ6TXAybnZtV3M3MTczbHR2UDZ1OTl0ZnNpNkdqa1BuV0FseTNlQ1dvQdIB7gFBVV95cUxOUmtTNEJ3MU1ESHRpWllWSG54SGlIeWhCZ01TS0FRSm9HNVhNUHNSNFMwUnNiRUF3X1hOU2w3WlJfTUYyZWpKUmNTUk9rOVNiN2ZGTHA5ZXQ0VWRFODNNMGlYS2FhUHJMeWRRbkZ6TW1acUo4MlVMM1VrRE15ZGtTdDJxSXp0VTVjS0Z1WEszUFdpcVZ5QXQ3UVNwaUtFcmlLcVlfaWowUU5EZTZ1dm9yenhsWENNeXdYTGd5NmpsYnNzLUVNZFY1dnFjYXVuZjVKMkwzcjdwVkxkREZmRTdiSGJLUjFsZlZ2RVMxSEpR?oc=5,MassLive.com,2026-08-04,negative
Massachusetts Bay Transportation Authority,Three shortlisted for Boston commuter train operating contact - Railway Gazette International,https://news.google.com/rss/articles/CBMirwFBVV95cUxNNXVOcHpxY2ZaZURVSGF3dGc2NW1qbXBKOFM2M19CUWNYLVB4cGNsUnNxMWJKNUpqVjJhcU9vT3pnaHFtaWVRd1JMcHI3WEI0UGpWenhKcGRxbGtuWG9TdDRKMmlfSWZXa1E1bTdlNXRYaXp1dFM2SUlhRm9Sa0pRRmFGaE04eFJxMm5VQmpZcDROd05PbG9DaTlMcDBYSlp2aHlVZE5rOGRpbUd3cWRJ?oc=5,Railway Gazette International,2026-08-04,neutral
Massachusetts Bay Transportation Authority,AG Campbell files suit against 9 communities for noncompliance with MBTA law - WHDH,https://news.google.com/rss/articles/CBMioAFBVV95cUxOTUNhQmE1NDFDU2JCRTFpUk1YWWZKS0lxT3VWcHRKb1NQcjI1dU5Zdy1HcHctRzkwa3FuT1JkbVNxWFRGTE9hUXpIbEJBREhmYkNfUDVKcXN4ZE5XbDJsak55SEVXSHIxMm9RSjZyWmJnTjJYRUVhQTRENFY0TkFjTEd4Uy1yY2hPLWFnd1FPampKYVVNeFFBZXdpcVFkYy1I?oc=5,WHDH,2026-08-04,neutral
Massachusetts Bay Transportation Authority,MBTA Wraps Up 2025 with Strong Improvements Across the System - Metro Magazine,https://news.google.com/rss/articles/CBMingFBVV95cUxPNWM4Z282YzZSWFE4SzcyNUJFcDU2S0JPdVdkMm1CbWp4WGlRMlNkOFV5bjl2SU9tbDdMLXljR19nLUxZV1hlWUhJWE9GQ29QSlJoRndtYWZVWndKUXVvQzU5cWVqYlZrdGkzcHRacHdUTUtySHY4M3lQbXI2X3Q0QWUxVmJENEhIX21nMXpkNDRVaGplS0ZHT2plQzRKQQ?oc=5,Metro Magazine,2026-08-04,positive
Massachusetts Bay Transportation Authority,How Boston transit leaders fixed a failing transit system - Smart Cities Dive,https://news.google.com/rss/articles/CBMiigFBVV95cUxQWkNTNkd1NGE3NjZFOUE1MW12MzRXMnV5SUg1QWhjVUVLdk05amJuQjhSSTZXSER1T0szVEo1d2IyVFZSdGo3QWtnN09pQjdTdVlBUWo4VWxXb0NST29VN290dHp0TWF1S1NwNDI0VW4wQmNxcDdqLVhtcmRzYmFIY2VMdTZCM2k3c0E?oc=5,Smart Cities Dive,2026-08-04,negative
Massachusetts Bay Transportation Authority,"Award of Merit, Airport/Transit: South Coast Rail - Engineering News-Record",https://news.google.com/rss/articles/CBMiigFBVV95cUxPOVh5ZDZabGpJVmU1VDN4V2NySFRzRmx4MU9FNzNlTzZ2SnBfU3FvN2hzd0lhOFBOWGppcjlDMmZZSERiZmNLSzY5aGpGX05hM1FnY1lNY09hZWw0MzdqQ1BxYlVYWXBvRW5WV0Y3VlhnSFJUcERsbmVtVEhFMFVyaWtNV3Fpc3dXVUE?oc=5,Engineering News-Record,2026-08-04,positive
Massachusetts Bay Transportation Authority,The MBTA must crack down on fare evasion - tuftsdaily.com,https://news.google.com/rss/articles/CBMiiwFBVV95cUxNSlVDXzdweEtWUTBmOHZCY0tCMi0wWHBpZjUzYzNsQ08tLURkZ3FmbWp5U1FSMzRFWU1MaWtIYTV4TU52QVpKZVg5NTM2c0lBZ253Q1NSWVJiaDB1YkcydzJ6X2wzN1U2cGQtUHpGTUY4MmIyQjFtbDZxaXVpWXQ2U1ViQkJWMjlaY2xj?oc=5,tuftsdaily.com,2026-08-04,neutral
Massachusetts Bay Transportation Authority,Massachusetts Gov. Proposes $8B Transportation Investment - Engineering News-Record,https://news.google.com/rss/articles/CBMilAFBVV95cUxNMUVKYzYzLVNjcWFSNGNJUkQwSmJLMER3M0s1aXNZX2h6cjdCVUhzVUltZm5JekgzQmhNWUJWLXVabDRRNDJfYVJUN3pqd2JFTUcxUDNyVWFHdWlfeFBUcDJSSUJKRmVmeTZTOFBHbDkza2pZVzh0WUVOQXNqckF1Q0xpZUFEeGpYS21MSDJPSHNhYzZY?oc=5,Engineering News-Record,2026-08-04,neutral
Massachusetts Bay Transportation Authority,MBTA commuter-rail operator contract moves to proposal stage - Railway Supply,https://news.google.com/rss/articles/CBMikgFBVV95cUxPcFprX3MzWnV4NDZUQ1JTdTJxa1NjczFrcjQ3MkplWnZIRDhsZDFHbWtsSkxtS1B1ZWw0aThKbjNMdUFJTDFLY3MwNnNoYkk2aGdwVlVIa2h6Q2hEdjI3OWQxXzgxMEdCN1BiY1RTVVJfeXY3UmdGRWRoRjAwdWh6MjlWUmI2ZHBQdG1BSVVWZzd2dw?oc=5,Railway Supply,2026-08-04,neutral
Massachusetts Bay Transportation Authority,Massachusetts dedicates $8B to transportation in FY2026 budget - Smart Cities Dive,https://news.google.com/rss/articles/CBMinAFBVV95cUxQUTNneUFHak5IVlB6RkQ0NE5weEdhemlQSWVHQ1ZBYnN1d0VOaDJZdDAwbzZGa1pkMzVHRExjT2RsM3pyRm93NGgzWFQ3U0pHeW1ROWZWaUxlZ0pzd3h2M0toMWUxZ2xWUzFiVU5JTUVpaUVsYWNRWVZicWUzZjV3MHJjckJWY0FEelRRTUxwRzBkSjJRZ3RsZjFZcjc?oc=5,Smart Cities Dive,2026-08-04,positive
Massachusetts Bay Transportation Authority,MBTA Secures Funding to Procure New Commuter Rail Locomotives - railway-news.com,https://news.google.com/rss/articles/CBMikAFBVV95cUxPSHZoYmpZbEJpMUI0aEFkZVE4ZFBURDlKa0loeTNlTml2TW9MQ2NwU2FMSDYxNW9WZHRNMDh4X3oxallIOTM5d0hjUEdBX0VGTWVRTW1ESkR0RDVFZnYzd1dSRmIwb3lsSktTVXNuWUswLVJlaEpSLVkzb1JybXpfdHpOaHJOQ2N3SkhjMGItZlU?oc=5,railway-news.com,2026-08-04,positive
Massachusetts Bay Transportation Authority,MBTA backs away from major Alewife T development - Cambridge Day,https://news.google.com/rss/articles/CBMigAFBVV95cUxQU0pBbHc5cnNCbFdTOGYxdzMtdkpSaU91UmZiRWt2Y0ZYZHRyNlp6OC1ybGhBbVJONlVFQzJXUV9KLXkwWVc4OXVZUE9ETWFkXzA2QTFhdG5SOGNuaUJxYUphQWlRdG44ZUNydk5CQl9kQWZSLTV1VGhsZFZRTkRMYw?oc=5,Cambridge Day,2026-08-04,negative
Massachusetts Bay Transportation Authority,Train Service Halted After Man Parks a Corvette on the Tracks - Road & Track,https://news.google.com/rss/articles/CBMiqgFBVV95cUxQWFBwVDdLbDBhOVdjZGxLd0IxS0hiTkpHdWc0aGRHZkhiSy1YdERVMU5NV1R1X1JlOWNqN09VZEpxeWRpbnFsaGtXY19VM2ZrMXI3X1dQZ3B6eUhHbk5nYkEwcEdzbVhtWkdwdmNxTHI3TzRnM1dhUGtaTVFVUWlqcU50cE4ya05LUG5FSFB1aW90VXBpdW5KVGJhTDd1V0cxQzVKMXZyT0V6QQ?oc=5,Road & Track,2026-08-04,neutral
Massachusetts Bay Transportation Authority,MBTA head Eng named interim Massachusetts transportation secretary - trains.com,https://news.google.com/rss/articles/CBMivwFBVV95cUxPRExReXFSaExoRHVtcnFCLXhKXzFCSzl4REpON1QxekVieEZzTm04cV9nd1ZoMEJxY3hOLVFYRGVaRmRHSVJfYTlkamRILTB6MkRqREdwNFdGQUNaZFBUU3d1QVpXOW9Zb294c1dJeTFLNmtyalZNOXZtMENaNjJ0NmpJaDZWS1hDSERRbXYtVncySG9vZWdiWDlFWi1VU3JrenhKNUJZMXFoZTBKVVNvcTh0d3lCTEVOWE1Wdmxlaw?oc=5,trains.com,2026-08-04,neutral
Massachusetts Bay Transportation Authority,MBTA is ‘barely treading water' - Route Fifty,https://news.google.com/rss/articles/CBMijgFBVV95cUxQNkR4VW1nSXhxY1ZSS280ZWMwWXBBbUhFazdkWmVnRGRMa2cxOEplT1d3cmZxSFRKNE1RTVc3amNlakNxNm1lMV9vZjVWcGRKV3dWVXpaY1BpUkFnLVNXMDN4VTFqakswWHVTNU5rRlFuX2xHZG5NZUVLd0pKVUw3QmVheTl0blRXUTFmVXlR?oc=5,Route Fifty,2026-08-04,neutral
Metrorail,"HFD at fault in both July collisions with METRORail trains, TxDOT says - ABC13 Houston",https://news.google.com/rss/articles/CBMilgFBVV95cUxNV3Fva2N3Tk1WZGo4U0VXX1dPc3NMWG53T0JHUDN5TlB6SkF2LUdMSk9GQ2FyVkMzR3N6Z0VPd3NjU2RGSzgzS2w3TjlBZ0RqZm9YQlBfM2luLWNqemxjMlNFWWVtU2tvcV95S0JKZlBWNkoyT09sUjFSQ0NMVXFtNlEyeGRFQWpMcFFqN0JFWkJ0Z2JHSkHSAZsBQVVfeXFMUDh5VnhqNTVzSWpZV0lwU1BwblI5ZkNsa2NjaHIwSnRja0l6WnY1dVhuNHIwcVdNRzFzSktWNF81X3lCbF9POWUydlJGXy1mTEZJZFhzVVV5bVRNQjd4MnVXSHlBZ1JDbmJlVzlnQmtZamM5dEJqWkgzM1gxWEpjWkxEU05GTk5Pci1raWpCdWhhXzNuZFJ4RE9EVkU?oc=5,ABC13 Houston,2026-08-04,negative
Metrorail,Breakfast links: How many people rode Metrorail to a sold-out concert? - Greater Greater Washington,https://news.google.com/rss/articles/CBMioAFBVV95cUxPeDlHRnM4ZmJWakc2UTRvdC1ZYmYyQkdnQVZsRmVIUndIRlVTTU1fMmxjSTAtdURYTnk0anVSSG1WUWp1YXV1Y080WDZiWE0xSVB1QW5ESXV4dGstMGZhekZCR0lTUmZKdFljSWJDWUp1Z1FYYVlQbUw4QjAyREVidmh6cU9HaVdrdzBLclR2YnlaLVo2UDhhalFzU3NQdm5Z0gFKQVVfeXFMTy00bjRKV2IwYlR5aDZOeEhVT0I5Rm5xWGgwR3FzVXpoR3YzWFlFVkN0ejdwN0RxcllHSkNyclNMQTl4Y0pUY0R2Nnc?oc=5,Greater Greater Washington,2026-08-04,positive
Metrorail,METRORail train struck by Houston Fire vehicle near Museum District - FOX 26 Houston,https://news.google.com/rss/articles/CBMijgFBVV95cUxNS09RT2tGWVNTb09mZVdrelBpcU5uVHBPdG1oeml0RHZPeWFsMFdCYUd5enpiTVRmQUktWGpTdzNKRmJCcU85NVcxUVRDaFozc0hEa2dnaEtaRjhBWHBiQUNzV2R1eTZyeTY4WTlFMTV4UzhhaUhLVEZJNXJUMlZGRzEtZXB3cmFpeXA5RGxB?oc=5,FOX 26 Houston,2026-08-04,negative
Metrorail,2 passengers hurt after HFD vehicle collides with METRORail train near Museum District - KHOU,https://news.google.com/rss/articles/CBMi-wFBVV95cUxNUmdDSUlOTzl0NGVtUzh4dUpxR0o3Z2lmNFVxOERHaEVoN2VJaFo1RjJVVUdTMFlrSDRWdThodFZNRWF6c0dZc09Xb2drU0RIWnNYUlp3eHpwRkFWeXRvaFI1aW9jV25ETnJBcVJDeXFvdC1kWThmRXI1SDhJY1NWazRWMm9kdVEtYk9NWkxiNWZwSlFqN0tmU3N6TXRRLW9hYzVZTmhoN0RPLTJfSkZrNnF5Si1SZ3dLcHl3TUl2bXFZSWVpanVNa2dXZXN0QldSaU1VeVU4WFFENkxLSDhYOHZoRmtNbDZtdEpVUWZfSUFSaVY3MndVVDMwaw?oc=5,KHOU,2026-08-04,negative
Metrorail,"Doors, barriers coming to Metrorail’s Red Line platforms - Washington Times",https://news.google.com/rss/articles/CBMiowFBVV95cUxQMFlaNDkyTnFzRUdpbzFYRGl5bDY5ZGd1VVkzMXF4OVlLSzBMU2syR0F6WGVadW1rejVwRW5Hb2U0NE1Sdlp2eEpnbXVyak5hQjJMbFkzQmoxWVFLSWZ5LWtlZXlXZEx6SnRBaEJSOVJOV0szM29maHpUNXNGRTcwNkhBeE9uSXNIS2VvZ05JZE1iSTRVOUtVaFd3NHctVHYtTldJ?oc=5,Washington Times,2026-08-04,neutral
Metrorail,Montgomery County Department of Transportation Director Chris Conklin Elected Chair of the Washington Metrorail Safety Commission - montgomerycountymd.gov,https://news.google.com/rss/articles/CBMiiAFBVV95cUxOOTFidmtWeXlpeU9pOTEwR25mN0dBSDBhMTNnZjVrMTJYTVlQRy1hM0lCLWJ5eWE4ZXpxR25nOVMxNWtvXzZsaHpZS3g3ZkFYX3hwMDloVVgzblB5Wk0wU2xUdnN6ZllLZFMxcTBNaXRIazl1UFNfbmZrRGVYZ3ZZdWg3MGItZUtv?oc=5,montgomerycountymd.gov,2026-08-04,positive
Metrorail,Inter Miami CF - Inter Miami CF,https://news.google.com/rss/articles/CBMibkFVX3lxTE16UkZSa2s3OVJVcEJrUEJmMWZrLW5wNTE5SGhIXzJSaXNKQ01pUXBOZmZMS3lSM3BycEtUZWw0Q21xOWdHVkdCczZjelI4a08zUkt0Q2dzbTlFNFpON29HdENublNhVGw0U3Z6UGRn?oc=5,Inter Miami CF,2026-08-04,neutral
Metrorail,DC Metrorail to move ahead with plan for full automation of Red Line - trains.com,https://news.google.com/rss/articles/CBMivAFBVV95cUxPNVRoVzJFcmxyYi1XU2pZaTJqVmFMY0Fad1ZuUzhYbUVYRFgyY0FUWmpsVkVoMHEyaTRLdXl3SHNpZ2kycnFiNHk3OU0xem1nWVBWZXBjODg0RVh0ay1rYVU4bjRiNENzXzRXWTJoVzdDai1pZzJuSHJhdklrank1eUNzeGQzZTJKLUh4b0hYTlNZLVhIaVR1NUxDOHFLOEFzczZqcFQyaFpEVDNxTGdRc0phSUNmSWhuZUUzbA?oc=5,trains.com,2026-08-04,neutral
Metrorail,One dead following fatal officer-involved shooting at METRORail platform - Houston Public Media,https://news.google.com/rss/articles/CBMi2gFBVV95cUxPbUhjNVd4OHBqZThNanJyYVd4ckFSTnZySWw1T2NNUHhCNEpEd0puSU1nN3BES1NsWVloN09IX2pBS2w3R2pQaEtGN0hZUEtReWpuaDIxd2JFOUJXd25oSHpRU2V5UmxOS2NESzJHbDRUS1dBZGg1Zk5HbmxLLXRqcGxLYkpMQWpDU2pIZXF1UVBrTlR1RkxMV19jMHlCdmwxaDFjWVRBa1dEcUJWUWJRU3lMcUxSaWp2eFZCR0ZWSE0ybFlnVGNyZGUzVTd0QUthVDIyY0NoMV83d9IB4gFBVV95cUxOdFhha0Q0TjJmVkktTU1DNE9ma1NKZ3ZFN2RQZ000dk1iSmFkTWxSRUd5bms4MWtQZWhLUkZtWndRNC1RNFlsZ0l3cnZ6RjlPWWJFbmhXeWhMam05dGlpcUhLZXN4cnlXRW0yeE16QURxQVZXbTZpWmM3OEU2a0QtYmp5UnA2UEtJVGNfV3Y4a3p3Ym1kcF9aZ0xRUVZNbnlaT1FUV0hRa2NmYXZGTGdOdm5hVG5GRHlEZGNVaFBObHJWQkxuSGxUaEp4NFRDdUtRNmhrSlRhdTVSaW4ySEhfR2hR?oc=5,Houston Public Media,2026-08-04,negative
Metrorail,GALLERY | Metrorail celebrates its 50th anniversary - WJLA,https://news.google.com/rss/articles/CBMi1AJBVV95cUxQOFljZWxCcGRVWm5FOFI4X1piZUhsMUU0Z3FvYUdxNlprVGc3dTlYNnZybFJKZEpqa0NYa1U3d19rTEFzeWhoTWpaMUhxbVI5TGI5dTlBU0JPQlRERHljNjkyTGZueE4xTlBsZmFsbElZRUZ1dG9KY3lBMVJuVGlUUldzbHVjQTRrb2lkY2JXdG45aGRIOThhZG13d0pESGtWVlZSTm1UZ0V6RlRHZHNJdF9JdWtwUzk2UkdyOWVIS1huaV81VVBZN1ZnclZIVWJQN2pvWU1KWWQtNmM3dC05SjFsRHdkbmdVcFpTRGN3anp2VlE3RWI5VzhiT0JFeFVqaW1NT0d6OGR2c1k2S3JCMG82OS0zTjVxS0MyUThrcjRhcFJpY1ZEc3FQVENGb0VjR1ZLYk1TemVXQTRhdGZpU0RaYThNVEliSXRhcW9mNXlCZ01n?oc=5,WJLA,2026-08-04,positive
Metrorail,"Collision between METRORail and HFD vehicle near Texas Medical Center, MPD confirms; second incident this month - ABC13 Houston",https://news.google.com/rss/articles/CBMiwwFBVV95cUxNVkxfYUY5U1d5NUdXQ0J3Y3N6aVlSZDRaQXpqeFp4bjF3ZGFYNm5lX3BHd0V3WTNQSktyTFJrcVIyQmQzYXRFdzhTZ0pqRUQyMWRMYWVqT0dHUWtMeS1xbWJsOGVuak5lTThxVm1kT3JQaXpMaUpOYTAwUkJZWU1fZzJuUnpCRjJpcEI0QVJEMHY3T19ZTmlUcmR0MG0tb1B2R3N3M0N0eE5DbXczcU4tbXZCSENDT1FIQ3pfUHFldkdlWXM?oc=5,ABC13 Houston,2026-08-04,negative
Metrorail,Houston Fire Department Fire Truck strikes METRORail train - FOX 26 Houston,https://news.google.com/rss/articles/CBMihgFBVV95cUxPMDF0djkxQ25uSFpxT2xjNzc2TmhkQTIzSUhvRzg4UFhBbnJmcEFXNFl2QnJyaXBXaHRsOXNLUDR6M19Vb3RvOHdfOW1OSUlVU1Q5STBiV3d3djZ0Y2xCdkdUMzhxcVdGYm9DcWNsLXVxRExQYVFYYUZKTzBIdWZYNjI2Y3h4QdIBiwFBVV95cUxNQW1KTVF0V3Z0WlVIR2JSS19LQjdiSzBBUlZCTHJzSGt2NlFrd2NoQ3pCRDg1MnNXcmg1aGMtYnlqajROSUQ5VEJOQVZSLVVhNHh4bHgxejRTOXNrdFI1ODAwc2NabXZrZXBQTmJ6Tks5dHdua1dqX29Nd0ZRX1RJNlUwaWJBUENjVFdn?oc=5,FOX 26 Houston,2026-08-04,negative
Metrorail,One injured after METRORail and HFD fire truck collide near downtown Houston - KHOU,https://news.google.com/rss/articles/CBMiuAFBVV95cUxOaTdLc2JoWDFaclEySE5SNlowOWRWRmZYeFdzdjUxeXNwd2ZVME9jS1NDVXhNMFR4dHltRC1fcHJyODlPMm5mc21sbEpHNFByZTVDak9oSEFXdmFSaEF6VlAyRDhVbkc3Q0lOOFByS1ZiTDByOFNBMTVNODJjb0pwc182NGV6S1Ryckd3Y2Rna09OR3Yyb1hDRGhfcC1iUmtyLUw2UnlPWktNei1TMXBSaXNmcEJvdHhN?oc=5,KHOU,2026-08-04,negative
Metrorail,Why I’m celebrating 50 years of Metrorail magic - Greater Greater Washington,https://news.google.com/rss/articles/CBMigwFBVV95cUxQZjZ1ekdqYUNzd1NuXzFsbnZwRXR6a3dmbXpaY3pucEttM1NvcVB6VkkzdkY2a1MzbHBHYW5sNlV4M1lHOFZzdUVjYmV5WnFRcXRZYkhfX0NMNUR1NGlnMzJzU01Fa2Q2MFJnVUU2YXVXZTVMS254ZmlTZGdpNkxENmM1VdIBSkFVX3lxTE1aRGpQanZYUElhX0g0MVZxTHhlSHBYdV92ZkNXM0lRd3JXSGFPVXB2dUowWUxLZmwzTmhFcXpUdjNEQ01BdEMwcG5B?oc=5,Greater Greater Washington,2026-08-04,positive
Metrorail,"1 hospitalized after METRORail collides with HFD engine and derails in Near Northside, officials say - ABC13 Houston",https://news.google.com/rss/articles/CBMiowFBVV95cUxPQ0VzT0N4UnNHdjVQSlpab2d3b0NFWVM0MlUzV3JjX1p3OUtmeXE1czBZWllzRThPR2cyY2J2S3FTWGhuWWVoQWI2MzJMN3B4T1BkQjhTUjUxWkpEY3VCNzd2Vm5DU2R5S3Qtb203Zm5OS005SzhPMk9tcHBUS1VDZGwxckJ6Mlh2NUlOUklRN2lieHFRM1N4YTNObUFNbUhReHdR0gGoAUFVX3lxTFBCbEhUOC11Y3lxU2JIei15R1Y0ZWhIMEdteXN5QzZRM08zMGo1S3FPWVFkZmd2aVQ5LS13VlZ1TURtX0dBS0xIYnl0TjlsQnZMLURLem45dDRWS19QR1JHU3JZRFd2UUQwUmk0SUZtbEkyRU0wT0FIZUtlWGtNVm9TbjIwaXJVTzZOcVRwT1hNS2VGSjl4MGkwQTMwcHZELW5ZR0lNLUZEaQ?oc=5,ABC13 Houston,2026-08-04,negative
Metrorail,MetroRail train crashes with Houston Fire vehicle near Midtown intersection - KHOU,https://news.google.com/rss/articles/CBMi6gFBVV95cUxOZDdXX1BoVkF2eXR1U1BycFpxaUpmbEJudUluVTgzX3h5VlBmTGQxamZpeEY0SWcyTWFfa0pCOS1jZHZqQ05IeFlZYXJ3YXlGbDdwZTB4OFR0VUo1NVRkSG5zTXZFS1psSFdOeDN0X0RocjdhVUlpME1Jb0JscjRzTjNIVkNEeENual9UQTdlUHQ0aWtLSUJyM25Wd1VUQjZyampHdTNtTk1BMmstaGRlcElLWUQwY1dpdW9ZajktbUtXU3hab3I5UzBNME9jdzdYX1Z3VDRtOTV0T0x2bS1USXlNeC05cm9RUnc?oc=5,KHOU,2026-08-04,negative
Metrorail,METRORail MVA with HFD Truck - KHOU,https://news.google.com/rss/articles/CBMirAFBVV95cUxOSVZlNGttb3M2OU03YWhLbVRrUG1LWC1GRnZiWEJjRC1lYTAteS1LQjZRREEwSTZmWVBPM1lxd1pCTjhIV3hMMW9fbWRkanVZQmxDMjlYQWlqUW1IdEdMUHpMcXUwRlcwWTRuRDlDQ2EydDg0NW5jWmhrT1AxdHduOTBZZWctX2pnZU12VWxaSXVjeHRIa2VZLUZPWHZSYmcza0M4SjJMbXNvSEtJ?oc=5,KHOU,2026-08-04,neutral
Metrorail,Cost spike sparks rethink of Miami-Dade’s North Corridor rail plan - Florida Politics,https://news.google.com/rss/articles/CBMirwFBVV95cUxQeUI0ZS1CWE9VYWU3U3RZMTI3eXAzSjNlWUZiUGR5SlIwTUpYRW5Ca2FGUmtuTDlqT2k4b3JJZGI4MlFCQkxGNXMwelg0VmpqcTdtRWFBUGZXZWo5TUZrbUkxanhFaVRMQlVscW1mTU92T2E5ekZ3N0Y1ZF9iX0JvMGpwMzVVWmpxSnczSTFfcnlrRWFFb2Z3VVdSNk1uZHZ1eGpSaTNiMWZNMHdsb1V3?oc=5,Florida Politics,2026-08-04,neutral
Metrorail,METRORail Red Line service paused this weekend for maintenance in Houston - CW39 Houston,https://news.google.com/rss/articles/CBMidkFVX3lxTE1CeThyZTEzNU1qRjRUTkdhUGp6QXBxZ3Y3SzJRNDJMWV9VZEZMS1BUZlZzbVBwTTdaemhSVkgzV3U3UEhrWVhXdFhmazNCV09ycWhHQWtWV0tQVDd2d3pPbUJ4OFU1QVJCUzcwc0FVWGdQRmdoUHfSAXtBVV95cUxQNzhMeUVCNW9oNFdpeEtvTFpEMkNnR05YUVJhbFFabVJjQ3VhSm9xV0trVlo1dTdadTYzQXAyZDYwd2l3dVlSNk5iaktfemczZFNjTUFTVGZ2ejRYUk82bDJXTGxyb1RLRGd3bDN5eVF3YktZenc3MDNURTQ?oc=5,CW39 Houston,2026-08-04,neutral
Metrorail,"‘Elevate 54’ Planned Near Brownsville Metrorail Station at 2845 NW 54th St, Miami, FL - Florida YIMBY",https://news.google.com/rss/articles/CBMiuwFBVV95cUxNZTlRM2tkckZCVGN0WjBVVG4tY0VoS0tCbWVpdUVLdV9oM0U2ZUhaa1E0UGU5N1FWVG1RTHNPRGd0ZlZXYi02SWhlZXc2amJ1T0NOR25PdXAtZ2FiTm5MTHYxTEE1cGhESVNZVEtwTm1FYmp4eGlfQlpKMXNTXy13V1FYbzdYMnlwOG1ILUYzU0xoQVZTb0JrTVJTRjFRVmxzN2tmb05rWGVKelN6UGd2Yl9yNTNMVk5QRTNr?oc=5,Florida YIMBY,2026-08-04,neutral
Metrorail,Car To Subway MetroRail 🚘➡️🚉 Travelling Experience | 3D Driving Class 2026 - Car Game Gameplay Hms Dragon (LpKKBPYbce) - Mshale,https://news.google.com/rss/articles/CBMiW0FVX3lxTE56akRfaEVGb0kteEplbEhQaWRWeEJBakZXbjUtbkpnX1pZRnlHUW5laGpXSnFuaGpsWGMxd09heERNTUtBbFVxT2owYURNUDVaVDRVcjU4cjNCa2M?oc=5,Mshale,2026-08-04,neutral
Metrorail,Houston Fire Department vehicle crashes into MetroRail train in Museum District - Yahoo,https://news.google.com/rss/articles/CBMimAFBVV95cUxPdlBhaVpKbDZGRHNkdFBoZmtiVUMxLUdKX3B3bk11ZmdFV3dGb21RN3FCUmVIZWhCUGE4UTJ1N0x6MVByWGRBMVBnQ0FwWTRtdU85M095VHJtSXdDTEtlYkZwdkpmeHJOOEw2VGVwOXJfd28xVXNuM3pGT0J3SmRLMkdNUFpQMVc1cGEzNDN5T1dqNnZNcWpiRw?oc=5,Yahoo,2026-08-04,negative
Metrorail,"Suspect taken into custody after incident involving box cutter on METRORail, METRO Police say - KHOU",https://news.google.com/rss/articles/CBMitwFBVV95cUxOa0RIbUg3WThjcF9nbTc2Z0xxaU9PMmZ5RGk2blN5elJPYWZJaXhBSzJBZEpRSTBnXzI4V2Q2bU0ybUpOd2pYc3JzRTRJal9DRHl3TmQwdHJReW5Bc2o1aVN4TFlZeU1NbFpKMmFWNVpIYjJuVEdTcFo5ME9vRlRXd2RvTU5raHl3dkZZN2p1VEY5RkJtYlNrZEVHaktpX3JiRzRlenRTbnVxN3d2bWt2dnp0WlBxcUk?oc=5,KHOU,2026-08-04,negative
Metrorail,Midtown Houston shooting under investigation - FOX 26 Houston,https://news.google.com/rss/articles/CBMihAFBVV95cUxNUjU3aWtTVzJwWHFDX2VkcVJjMlFYenh1RlJLc3lfLWlGcUVVSl9Na3FuM0FTb1VYWjBERG9rTUJMM29aSTNTdE5xWEFKZ2lHZ19VUVNEdGtwR0ZGbWJLeFdHcFhHSjlYQmtqcDVQNmNBcHk2N2E3WTRUZkQwaXpnaFZNM1rSAYoBQVVfeXFMTTU1blJnRE1aVDliSEhwRkZoY3lMSml2TjVJSWhiME5Eam1kZmNiN2pLTUFXWVpYTy1ndDVqaFlsVXY3NUExTjdjbUVMQ3FVM3NQYm5KWnJyUllxeWN3MFFPTW5PSkFlWjJxbklHMnpfR1pTZDJJWU9XZ3VvRWQzQWMyNTY3QjM1T1Jn?oc=5,FOX 26 Houston,2026-08-04,neutral
Metrorail,"Cost of Miami-Dade’s North Corridor balloons to $4.2B, imperiling federal funding - Florida Politics",https://news.google.com/rss/articles/CBMiwAFBVV95cUxObk9hdFR2MXNkZnJmYVJoSm5VWktqa3RMcEVIWlRZSjNqSjNkVzBSVFQweGdIUE04S3BFNm5XbXRmQmFLSXBieXdHWk9abG9lRnBYeTdUa0JtQ2FxR3hwQ3AtZ1g0OXdDVjF5RzdGUW0wckhKNFJHNDRmVnMzY2V3b2twSGYzUU9jcDRhZC1UTHpJM09Qa0FoTHAzU3ZQMjJxVGVlNjRydWlTOXJDcFZNb3hqcEI3M0M1UGlDd1ZXVk4?oc=5,Florida Politics,2026-08-04,neutral
Metrorail,Video shows woman backing away from suspect before she was found dead under Metrorail - NBC 6 South Florida,https://news.google.com/rss/articles/CBMitgFBVV95cUxQMXRfSU5rWVZtWF9VUk5fdGFGR3NLelpkRlgtQ1FwWlh5NXhMdHk2RlVSUG5pT21vMVgtUkJaNDZOUFVXclJNTlk4ZWpZT2xoVU9CaTNVYl8zbmhRZFFJMzM0eTlQdXozNThNYzNyNDQ5NndzbGk5N3BuaGNFcDJWLXp0T2dQakxCa2tyaUpENFV1cE1raVNVRU1tZHhNb1lxSDdOMktIUGE5UW1NNHp0RkFnSnZVd9IBvgFBVV95cUxOSnRqMUp2dUJUUkd3ZXJDZEpRendMOVpQNk92WEVtRUVtTW05S3MtbWdMWXY5TWZITmRuNWhKUG9DODRGSnRJQVBnTXpjcEV0YlBLOWVmc0UySDBtRDM0RnNzdUlvWjV5LTBsR05jZDhGRnJ0UjVlNDR6YnhHbWVmRWl5c1BLZTJ3U0FxczBfdlRacEZucGVpMVBzV0RXQl9kN09tZkI5cjlfbUhtYVBQZXJiS1NhazNMRGtHbUFn?oc=5,NBC 6 South Florida,2026-08-04,negative
Metrorail,"Tons of Inter Miami fans ditch cars for Metrorail, Tri-Rail in rare transit win - Axios",https://news.google.com/rss/articles/CBMimwFBVV95cUxOT284emhPb1lnZ2FlLXg3a1RlZ3pXU3dSZ2JwUGtHaFJoZ3g5VVBjREJuZkhxRUZLWE42S0xRT09BZkE1bG9ieHNPY1JkbzcxWkdibW1RUjRaSHNsbnRyeGxUanFvLWdOV0NHMHIwbE81QW9VcGdrUmVHMmFjZG9jQXRKc09xd0xLMktIXzM0MXZKSDVGQzMyRFgyVQ?oc=5,Axios,2026-08-04,positive
Metrorail,Evolution of Metrorail cars to be displayed on National Mall - NBC4 Washington,https://news.google.com/rss/articles/CBMiywFBVV95cUxOWEJ5WGVBU01sZ19KWUx0NlRqRW94bWxIRzlZbWJkd1Y1WlBkUGlscV9kWEhSdnFINlczNU1XRWQ4bDg3cTZFdWs1SHo2aEhFZDc5SVllM2R6WEg1X0dIcFdIUWNlajhSTENwTUc5ZGpzOGVOMV9nd1U5dVc1SW1kVGNUVG9URU9TWk14Y2xBU0MtU2lQcUFyclVUMndEMGVKREgwTjVrcElMZVM3VmE3QTBCVmhJR1drTzk5Y2tNS1FtdGRUTTRZeGI5VdIB0wFBVV95cUxPNDFKX3N1MmwwMFlQR3pBcTR0RHhWZm1xeURpQU05S3NqTC10Vzk3NGxLWm94dEVhcU5ma2Vxc1B2OWs2NjZWSkpRNlN4UHlValFfVk4zeDdLNkpjcjk4MG13cl9uMmxQX2JNZVFVX1cxTXF6cU45cUdBaGVmSjA5VEdxS1NnS1R5M3p3d2J3LUdxX2NVNXZmTWxmdXZkY05FVVlsUUMyS1d5VE1UcmtUX1k1XzQ0UFI2WjVjSDRWekNBV1lvaExZeU1ORmVpSjZObGFR?oc=5,NBC4 Washington,2026-08-04,neutral
Metrorail,"Loudoun Commuter Bus Service Adjustments Begin April 1, 2026 - Loudoun County Website (.gov)",https://news.google.com/rss/articles/CBMiXkFVX3lxTFBHN1lnOW1LX3c1X3FERV8tR20zbmhneWhsMDlpLVJIS2RpaDU1YkNZUXJqa19Kb3pCLTR0WUYtb3U5dldpaTl6ZzVWenBvUXVFNXR5Nno4RVlkMl8tWnc?oc=5,Loudoun County Website (.gov),2026-08-04,neutral
Metrorail,Suspect killed in deputy shooting at transit center - FOX 26 Houston,https://news.google.com/rss/articles/CBMirAFBVV95cUxPeDJRUmdBQk85aldJWmtNWk43Ykw1QVZSOURFOWF4YmJ0QkxNUmRjZWRaajZjb0xJcVRLSWpwRTJKMUN4WG1BZ25qSTdJd25VdThDNnJyVHlaaEc3SGNYRjBFU3N1eG1sS2E0ejRPcjM1aUZ2T0lQMWRuWlUzaFVCN19UbWtIR2ZvMEs5aTd4cEVHc2EtcVpMZHB1RnQ4S1ZBZFcyS05DQnZDU2hJ0gGyAUFVX3lxTE5DQThCTV9COHBTN0tTVm5TRWMtY3BCTmg5bnM5ejBEa2IyOTV1UE9GanhfNjY3THRuNzFMT3NRaW1VQkRfVEtNOU5IVVQteDZYNUlIWVVpUVJqUThqR2dmWE56cVpSLUZudTNhWllfbmRtb09WSThrTkRLcVNGVWJKbTJHSExjYm13ZTFzSlI2VGVTWGN4RHRwMDZzc2FwTFN4dTFMaWNwREQ3aFFKM2R2MGc?oc=5,FOX 26 Houston,2026-08-04,negative
Metrorail,One person injured when firetruck collides with METRORail - Click2Houston,https://news.google.com/rss/articles/CBMirwFBVV95cUxOa2xQMDhzVVlwdVdNVkNENmlvbHRYZXl0VVdONG9HMUh5Zm5JU2t2WGFaNk1wYzBrc2RoZ1JxMVdOUWl1M1VOdWFySHo0UFhzazJIWHVKVlZXV1hUS1NDTXJsaHBBdDdaNE10eE1ZVU9wV0JuT1haLVFSVy12UnUwd3I2aHlNVXpmOTFGTTV6OGxIczYzY1hCbzh3aS1iM2g2OVNFT01EVnFMclc3UkVV?oc=5,Click2Houston,2026-08-04,negative
Metrorail,"Shooting near Midtown METRORail platform kills 1 man, injures another, police say - FOX 26 Houston",https://news.google.com/rss/articles/CBMirAFBVV95cUxQUDdQUUh6elNuR3IxZmZtdFp4dGpCbGN5d09CeFNSUi0zeldVZGtCcGEyNkM0TjFfTFMzQVRNTk1TN19wV0Rrelc5c1RWX3J3UGRRWWJKTFF0YzVDNHB3M1p2UzI5dUJ5ZS1HOG9yalBLeElaMk15a05zVUpraTRFcnJUNVZiT3dvaUtDVDJxenU3MmlkaTBwY29rbFFWRHpkUm9wT1NFMW95NTZT?oc=5,FOX 26 Houston,2026-08-04,negative
Metrorail,A Metrorail expansion is good for FIU - PantherNOW,https://news.google.com/rss/articles/CBMifEFVX3lxTE5JcmtQVDA1WVdEa24xWlMtcEk2dC00NDhEMTh3TjV5em1PSDhVV1J1OTJDMnl2MHNVNm54eDZoSTBibDVJWm9BUHdMN0pmZlVaMWhhWURRNWMyMjdhQ0EyS1MtT0JPYWdqLTdrNzlDTWRZVkdycVc4dEVuS0I?oc=5,PantherNOW,2026-08-04,positive
Metrorail,Heat kink causes derailment of DC Metrorail train - trains.com,https://news.google.com/rss/articles/CBMiowFBVV95cUxPSnlRSHQxNTdvVGs2dnRzeUlGaEo4VHdLSzN4ckVUZHhRR0hYejFEUXFvekFfRURKTkcxZ1NoVDdXNUNRTXhMV2x6Zk9DNGQ4ZGZSUW5BZ0RIa1E5cVdONzc2cWQ3ZGJMbUdqUy0wcFlTejNBOFU4emhjZXk3b09SY3FCWGpXSGVST010UUxiTDdiaHRORVhrbTZYUmFLeTlVejE0?oc=5,trains.com,2026-08-04,neutral
Metrorail,"HOUSTON FIRE ENGINE COLLIDES WITH METRORAIL TRAIN, ONE INJURED - Firefighter Close Calls",https://news.google.com/rss/articles/CBMiogFBVV95cUxOdXB6NVpWekZHdko1SjgySXpmQlZVdWQwbXlydzR4RG1LZ0M2VVlESnVZcnM2SFRNWkZrNzdzaGstYkhDc1NnRXNKOTFRWEU4RVJ1VkdPSjBhSjcyV2czTDNpQU5HZkRCUlBMbXBUeGFqTXFqV19sWEUzMGU4bEplbTZOTFA5cGtabE5qUzNGZXNibVQ1X2tYM1VxZFdhRXdSSFE?oc=5,Firefighter Close Calls,2026-08-04,negative
Metrorail,"13th Floor, Barings nab $134M construction loan for last tower in Miami Metrorail stop project - The Real Deal",https://news.google.com/rss/articles/CBMinwFBVV95cUxPY3UyajZZN2hTU05WSEZaVGtiWHAtR0F3V1VQZFdYWUN2UGJ6VU9IOTIzTC1obnk0clJ0ZDJwQnlyd1h2dWhUcmVmU2IyVk45bkNCT0hhZ0V2c0Y0Rzh3REhJN01LU2tyQTlRQlZkRVh1VWVHTGZaVXNMYkJYTC1fck5xWURTZFh0cmM0NXFTN0IyZ2VXNTR0U0gtaUk0czQ?oc=5,The Real Deal,2026-08-04,negative
Metrorail,"Man found dead in roadway near METRORail was possibly struck by multiple vehicles, HPD says - ABC13 Houston",https://news.google.com/rss/articles/CBMisgFBVV95cUxPSWNWTHFZMzgwOFpJVWQ4NHBmU3hyTU91ZWxVN05DOXZCY2NpVjc2dzRZdFAwSXA1ek1OaVVyY0loRWxUX0JiSWJLUFpORndEdkQzai15bmN1VF9ZajhzRVMtZnh3ZUY4NkwzcFc0b2pCYUJYQ1c3NF9nSjE4cDFQVWlxd1RWYjVwbERnRGRXNTEzRTZWSjMyaTBoS2NKaTY4OV9fdVhNUGpOTXdkRTg3NHZR0gG3AUFVX3lxTFBOUDFnTElJTE0zaFNObER2UmkyOFhLTTJHcVdoaEd5dkhfX3B0UUFzX19laF82Mmc1YXpoTDN5LUZqN2JhSHRnY0JEZXlwZ0s3UTFYa1FJU3hWa1BqandfZVVvLTFLUWJtcTlURkRRd3B5MmY0V1BxMno0czhhcjFrMUlpc0lnQ3VqT3ZBZW9nUEs4Z3c4VzZqTVJXOXhLM3RVYVhrd3hvaGlLem1KMFV2SmlRU0NEVQ?oc=5,ABC13 Houston,2026-08-04,negative
Metrorail,Houston Fire Department Fire Truck strikes METRORail train - FOX 26 Houston,https://news.google.com/rss/articles/CBMiZkFVX3lxTE9aMDdpUjU0azFjckcyWi1YRVN3VTVyUmJMUkdkUmliZUNCeHZONzJXSHFtVjFiMjBkbGhFQ0Q5S0ltZmVXUGJsN2ZqYnYxdmE1Nk4tejFGa1ZZX1I2TVZ6a2h5cTloQdIBa0FVX3lxTE9GWmhIbFpWTkJjNkxLOW9oVEJpVlhUSlc0UVpnbElFT2w3bU5KTFpBSmQ4QkhHMlA5bEpWaGpzOERwY2U0UEVGampfOHZxQUpaWVFiZ1NIdFFUM3R0WWx2ZWhZRWljdHRNVGtn?oc=5,FOX 26 Houston,2026-08-04,negative
Metrorail,"How to check your Metrorail, bus lines as snow service slowly returns to normal - WUSA9",https://news.google.com/rss/articles/CBMi_wFBVV95cUxNb0FuclA3V2ttNlpqUjU5Mkt3UHFBUXhvMXl2ZzZaT0ZLVHZxMDNXTFVtbmQ0YWxMTDFVcGNTaWotLTE1bTNDMTBSMjdSaV95a2ZYZ2VRa3ctSE1fclhqWHA3SzFHOFdiN1h6ckQwS0NkLXlZVUlVbzE3bjJLT3YtYXV1MTFpWUc0VTI1Tk9ZRUcxODBpa1ctb25CM3Z6ZmNjdXF4VnV4c3V1STNvLUpQNWl3T09EbXBGVHd3eFRPM1huLTh1eWJkc2ExVHJ3c3A1NXpMMDRCOWZsT0ptOFVEX1NrZnZabVRjeFVLS0pIUzdHeE5nUVBsWjVlMnR1VUU?oc=5,WUSA9,2026-08-04,neutral
Metrorail,"METRORail Red, Green, Purple lines to adjust service Feb. 13–15 for maintenance - Click2Houston",https://news.google.com/rss/articles/CBMixwFBVV95cUxNRlFRM0I3dFhUUldGczJ0VVp0Vlo5OU9TOGp6QnZwUEZrTWUwVEdlaWRGMDhRcFFoSG5nak5ZUm5yV2x4UFJnV0ZCTjdTdFQ2WjUwdk05dzlfMFViMmNQNWNSakE3MHlVZ2p4RXlHVEF5a01STTV4NGRyc092ZmllcUtqa3JZZDdlanNYRnhsbElIOGE0bk9zMm1teEhQSnIyNnRua01IMFZtVmljTnlEVHI3a3pheHJLRzgyUWhNcEhEV3F1YUtV?oc=5,Click2Houston,2026-08-04,neutral
Metrorail,"Work train in Metrorail collision exceeded its movement authority, NTSB says - trains.com",https://news.google.com/rss/articles/CBMixgFBVV95cUxNT3I2SEg5cWtPSWlteFVBM1FxM2ZYMkVvVEdGdnl0Y084NFhGZzN1dkVIaDhpMEhkRWlqYTNrTGtOdDVlRVRiRFVtRnhNbHJZVjR4VGtDUFp5OXl0T2xfN3NFQTdZTkJkd1J2QjhmSVpWc3dNbV9mUFl6a3VGMTZaZHJoc3d4eVRFeDNXVkhzcUR4UzBHbk1TOUNsZ25maEhKZ3J5QVhsWlVPZjFQTE96aVU4aVRObmduOF9CUlhkR0dPTWpvanc?oc=5,trains.com,2026-08-04,negative
Metrorail,1 injured in incident reportedly involving box cutter on Houston METRORail system; suspect in custody - FOX 26 Houston,https://news.google.com/rss/articles/CBMitAFBVV95cUxQRi13cXV1TmJkYU9iU1dRUmVyUndMOW91WkNjRzZaRHdQSmszU09sM2E5X1hLX2lvZjRwQmNVaVBpUnA3WVhOMnJvWlNzb25NSlozM0kza2FMUzM4cEwwajQtaGJSUGlwdUlFblU4d25fY3praTRfTEhWRC01Z3hQUkp2V182S014VlNONlBxc3N6d1lQcEJKME5FZXhyS0hSTnNGZ1Q1eTd6WmJzbjNNX0V0NDg?oc=5,FOX 26 Houston,2026-08-04,negative
Metrorail,High achievers and low performers figure in Metrorail’s post-pandemic world - Greater Greater Washington,https://news.google.com/rss/articles/CBMixgFBVV95cUxPTTJRRm9ab1MwaWdWdTJ3NW5TTlhhNjF4Q3I3RzFUdTJZdVJFZ0ZsNy1FYlVGSlZxZGtSTzBYU1lTT3paRWtNMTNtS3p0eGlZRi1qU1NuTW9XR3NzWk9kajhhbTJUbUpSRERYLTYxc1NEUE5JcUhDbTJYVXRRRjA1NDUwcVhhV3lZbER3LTlmTWxWTmJUa1dHM3VSU25aVXYyZ3BCOXN5TjgzZU4yVjNYRUxlQWtuUUNIeHRsMGEwRFV6Q0R3MlHSAUpBVV95cUxNQjRTVF81VTR2SzRESVUzNzV4RmNyd1ZtYkRhWWxLZEk2VUlkX0JyRDZsM0FKdS0yc0VrRVZVSmNPVHZaSXNsRF9mUQ?oc=5,Greater Greater Washington,2026-08-04,positive
Metrorail,One shot during altercation at Downtown METRORail platform - FOX 26 Houston,https://news.google.com/rss/articles/CBMijwFBVV95cUxOR3VnaG1oX0NUeWJyeU5Ib3hYR080OE9fMG1mUnBhODY3RE51ODhzd2NBSHVTNHJRQXo1SHVWaERQZUZDOTB3NTVMMkh5MVN4NHJJUlgyZnBhQlhCSTZ3MmxDd2NRWGtib1RlRFRuWUNMelZwQjJTVVRabDc2VEcydDlNVGZOTl9DQlRUMlhOdw?oc=5,FOX 26 Houston,2026-08-04,neutral
Metrorail,Surveillance shows moments before woman found dead at Miami Metrorail - NBC 6 South Florida,https://news.google.com/rss/articles/CBMivAFBVV95cUxQc3RXMXlyTjk4ZzE2a3pDaklINzg3ZFJFRUdQMGdDd1NRQjgwbXc4Qy1SbVUtRWdyc2V0Nk5PVnRibHZ3a1AwWlRIRlFCZFBkcjJYZGttWlp2aC1MVElIOWl4cHRlQWY0VnlSUDEwYU1JNWFvR0MwSHFCeDdGVFMydnlnV0thcEk3Z1pzM2xYcXJ6MFk0b0I0WXl2czRaTHhLd3FUQ2Y3b3pZVnotT2pxLUVFMzdJcnJ6dDBMcNIBxAFBVV95cUxQX0ttMzhmbWFWUTJLTG9XdHdjdU1MVmFJM252QnB0NllxRkxJOW9EeWtmWTZ2bGdZM28xZURyWjZlTnJOeFpaRGpvc2drT3hyOFdhTTFYM1AwVjRqc3QyODVCVWNFWnJJcUFfWGNfUjFHSWdNWnRndXpJTHZ1ZXFZWFN3UHpLLUhjd05fRFZNUGluc2I0R1JPalNKVFZFeUxtMmxwbHV2OUYtX1B4dlF1SjNVWG5JQkIyUkx0ZWJ0U3Vma3hE?oc=5,NBC 6 South Florida,2026-08-04,negative
Metrorail,The MetroRail and Metromover are extending their hours for New Year’s Eve: everything you need to know - timeout.com,https://news.google.com/rss/articles/CBMi2gFBVV95cUxNOWdSa2d4Z0hHSExOcUNpSkphd1FvbGVXWGZJMlBFMGMzUHdBMkRaNHN4NHBDa0pZemxVam5qQjRBaEpxNUM2OGtNcHlIbGhPcG9OLWVack9nNm1uNGlYaGFneXlYVkVkUThFT0UzMkRZX0xGVGxKczdwWVdnOXoxYWNqS3JnZ0U1Z296bGRfQy1CRlMtSmNIYURyUE40SzR1emdjNE1fSWJWSmdKajRlTjlYRVF0U19ubXVhQmZLbG52dUswN3pWNUhoRFVoX2JyZkZSUS1BUlc3Zw?oc=5,timeout.com,2026-08-04,neutral
Metrorail,Mobility: Caught between Deutsche Bahn and Metrorail - Friedrich-Naumann-Stiftung für die Freiheit,https://news.google.com/rss/articles/CBMingFBVV95cUxQbnlHWmhVOG5YOExTM3BqRHUtZTB4RUI4dmtMNEtydGRJSklSb3RCVjdOLXNWc0NpRFdxZW9scDZFbmdweDZRWDkwX0xBSnRVb3hJa2VraDB6SXE1VU8zdC1JRDNHTDA0RGgxUmZXRVB4UVJfM0pubG85T3J1aGlMZmRIeERMOTdkRTlaZGRvYnZXck15cXQ0YUVQc3c1dw?oc=5,Friedrich-Naumann-Stiftung für die Freiheit,2026-08-04,negative
Metrorail,"1 killed, another hurt following shooting outside Playground bar near McGowen METRORail station in Midtown, HPD says - ABC13 Houston",https://news.google.com/rss/articles/CBMi1gFBVV95cUxPbDI1NnhwU1JaUzQ1S1RPNDI3LXVwZEpWU2RXdlVWbUlKaWxMdE5kSWhzTmJtdmJDaGl6UDU0ME90bVhtWmo2N1k0Sk90NTRyR1M5cmJ3bGotM2F0X3VnclRmUEhrVkJoYTFPQjhZQzRVQjZ1b1BJT1pxMlNSaFVjVmFfUDBMMXFNU0RFUnlOX3IweGVpZk04WDZiLWFtblYzNDZuc2tsdkNISXJwbnpsbnotYUNKV2Z5Y09tWExXWEZYRlBuVEY2dURrMndpUTF4SGVYbzdn0gHbAUFVX3lxTFBCbElpSGpOWjZ6ZlhReE5MTldmbk05aWN0S0pDc1kxdzQtVUhfWWF3Vjh3d1VrcHdqN0ZCeDFZLWNjSUYxQmY3QW84U2JTZ0x5Tml3Wm5EcGxOWXJObmNYWGJoWkx5dVgzVjB6M0NUaDQ3cDEzOE1zOFpUU1A0X2llOGwzQ2JaSlpOZFZwM0VVUGRKcGJpZ0pza2Mza1Q1cFpMbkVGWE1MelNTOHhpN3NBY0FKUDdKVnN4VE5sWXBJU2hlTE9NNm0tMHZ5WVJEWmQyWlpmdlFOWldGUQ?oc=5,ABC13 Houston,2026-08-04,negative
Metrorail,"One killed, one injured in shooting at METRORail stop in Midtown - Click2Houston",https://news.google.com/rss/articles/CBMitwFBVV95cUxOTXJycmp0QjAwNVhXR2xaWXpEV1Z6eWxfbHFpRlFvTGNGUGNzZlJBQllOZWdfQ2hNaGEtMC03ejE0emJFVkE4RVZwaENPMTdXTG9NZVZJdlY2Y2IycERLWWowR1NaTVU3LUZzbzJ6SFBDR29aVlMzRmFyLVByekt6TnVsTzh2YmE2YUtmTDZjRGdQWnpYUWdOTlFxV25CWFBFU0tKNi1hck96MmVuVVlSenFianZkeGs?oc=5,Click2Houston,2026-08-04,negative
Metrorail,Developer Lands $134M to Build Fourth Apartment Tower Near Miami Metrorail - Commercial Observer,https://news.google.com/rss/articles/CBMiwwFBVV95cUxOLUNEU2xwQkFONXFnOGpubFlYQWRvRkU3anhKSzVsYjM4RFphM3BINEJKUDIycUZITkhmWUFXNWtId1dnRTU1VzhzZXV3bDlySlcyY2NNMUloZUJRcWYyTEZiMGQ3M2R3UkVFX1d4Uko4TUJMUUlfa2Y5R09RVWctdmk0MFEwVW5ZNVJRaktfWGx5aDNOa2VVOVRXeDV2VkdOQ1o1QU15N1ZBYzNRdjJfaVlCYk9oSFk0MnJndlR5d2pIQkU?oc=5,Commercial Observer,2026-08-04,neutral
NYC Subway,"Fire breaks out at NYC subway station, 12 injured: FDNY - PIX11",https://news.google.com/rss/articles/CBMijgFBVV95cUxOcGFzMTRrbk5HYXdHVmlfUU9adm1HRXlyQkpzaGNNemRkN0UyLS0tMzhzOEZYcFhMaWl2MGMwTjd0azhubGhGWTUzSHcwaHVLRFBTcTB0MGl5TE1qRm8yaUZBNWhrRE1QTW02RXlVcWlkM3JjbDRQbktybjZSYUJCREJjVlNrMmZ1WDUxRkpn0gGTAUFVX3lxTE1NUFRLS0hlN0IwYUw0U0Y4SXRORjF4Q2NnTGdoTHVQWC15SGhUNEt2elhWVW4wSmp3VkFJU1JQVGZpNEdPRm5TOTR2UmJZcGxBeXFJd2o1ckxkZUdoVmJ0MUpaYjRULVByZkUzOE1FaDdBclloR2hoTVM4MzlZVUIzMnF2Ty1lOTJqZUlwQmpxT285cw?oc=5,PIX11,2026-08-04,negative
NYC Subway,"Exclusive | NYC subway riders push AG Letitia James to probe OMNY cards after claims of extra charges, phantom fines - New York Post",https://news.google.com/rss/articles/CBMixAFBVV95cUxQdVFhc3dCcVYtNnJaU0dhQnZHODVkYkRFbjhGNkdTdlpHT2RsbjZfSFExVldiMjR4SDZ0R2dnbGZTR1RfZDNKX2JnSGFUNEtBYXFrTWY3TWVKX2tmWmJFNWQySUh4RWZuQ3pqTHh4YjkxRnNzWHl5bDFReUd5ZWtHWWdEdTkzWVBpWGQ1M1BHUzBSZDRSQV9nWFNPalRKQlNmTnNBRDd5YWdJeWNzbE9vdFlHbld6b2xnekhtaFZNRG1OMUlM?oc=5,New York Post,2026-08-04,negative
NYC Subway,Snacky? New MTA vending machines may be coming to a subway station near you - NBC New York,https://news.google.com/rss/articles/CBMilgFBVV95cUxPbHZtNGRlVUNSTFhUNm9sV0txU09QTDlLMmdZMjZXQkxfXzBhOWM4T2hMNEFuSDBjZW1mR09wR2hqeEYyTFk4OUtCWHNYNGVNZWl2RDJhR21lR3ptTTZ1dm9tMkEzWVRiZXhnTlJBNGFsMk1fMnlNOFVfWDJBeU1IQ1hSa0dQQnl6VDZ4Q1A4enBrYnBsVWfSAZ4BQVVfeXFMTkJpaW1PN3dGNlFFc3ZkcEQwN25sV0pvWV9uWThxaU1rWjRaOGRma191Y1RheHVWSXZsakFhY3JVeW05NV90eUFTclA0akZaeGN0YzduRFpOY1FBdm13U2Q0VFpZYkN2akRLR3RIVzVxLTlzbWlHVWdDVF8xcWNmT1pOUXAybVVfdi1IVXZtdUVicTJiX1F6MmtrT1h0Wmc?oc=5,NBC New York,2026-08-04,neutral
NYC Subway,MTA rolling out vending machines at 26 subway stations - Spectrum News NY1,https://news.google.com/rss/articles/CBMipgFBVV95cUxPaDNDQmVnc3dsZEVMQ1JjbndRblhEVEtNX2g1eHZkaWhSazNOY0xmOF83Q3BwNHlLb01FUVFJUF9tLUp2OVRWZElCRkFCV0V3bTJXbkhOcERMM3pfSy1yXzhXTVhkcHd4UlRHNzlZOTg2a2VYM2lwTVR3bktZYjdPVlkxdXNpQWtWUlZ5bGNTNkJ0NkRka3pocWhXWGkxU3RUSm5PUUh3?oc=5,Spectrum News NY1,2026-08-04,neutral
NYC Subway,26 NYC subway stations are getting brand new snack and drink vending machines—see if yours made the list - Secret NYC,https://news.google.com/rss/articles/CBMigAFBVV95cUxPcFYzenNFVEFMWS1oZE02MzU1WkNFcXdqX2RTOWZtQklndEcweVJLdmlSTURtT2FRNWRsQlJBUG5KNDFxQTktZFJGdVY4elRsVWdhVXYwc0llM0VuT21pcFBOUmtmYVhyVkRQX3M5NHIyUG5KYWY4LUJUU2duREVSUg?oc=5,Secret NYC,2026-08-04,neutral
NYC Subway,Old NYC Subway Cars Have An Unexpected Second Life On The Ocean Floor - bgr.com,https://news.google.com/rss/articles/CBMiiwFBVV95cUxQSWx2MWtPU2JNa1VhNXJRMk9yUzBPQk5xZy1MNXNUV0lheTFaZ3dSd3dLaWc1WjA1Q0xGODBZdjhVRTh3YVNpeWFfaGpTTWFfWmdOTVB1WWQ3VnE4eGRWU0tPVlZzYkpFRm94NW5pQjNCV3ZYUFlaS2ZCNDhCcnp3TmlVajVRMkplZGY4?oc=5,bgr.com,2026-08-04,neutral
NYC Subway,Former New York Professor Faces Backlash for Taking ‘Creepy’ Photos of NYC Subway Riders - Yahoo,https://news.google.com/rss/articles/CBMilAFBVV95cUxNbXZIcFFiZkl3OFF3MG12NlBlcVFJUmFiUUVTTUIyYWxJQWo2YjI1Q1hvVXFLXzM3cEh2VUVYT0FnQlpHNlFYbDRmMXpnc3RhWGFfRWVubkExZklaSmdhNU1yaFkwZXY0V0lzOHJBdFVGQ1dzZ013bk1ZWnRFR3VMVmhXVGpDT3RhRjJ1bDk4X0dvVEN3?oc=5,Yahoo,2026-08-04,neutral
NYC Subway,A Newsstand That Aims to Delight N.Y.C. Subway Riders - The New York Times,https://news.google.com/rss/articles/CBMijgFBVV95cUxOb0M0Vi1DNmFwWS1UYzRiYjBQTVgyTmpVaXdxc3BhbDRlNkZXU0huSklfNUlKZVByeUh1V25uQUZ6dFowRVdYcVMxSjRtRWowTkJRNHFEeXN1MzNrQmZzUlNCbUNtSWRTTERQS3VORm1BUHhEODFodTZrS1ZxVkxDbk5zbXVRZ3h0UXJoaU53?oc=5,The New York Times,2026-08-04,positive
NYC Subway,"NYC subway fares, tolls could go up again in 2027 under MTA's new preliminary financial plan - CBS News",https://news.google.com/rss/articles/CBMid0FVX3lxTE5FbXJ2OWJyWTA3QVlKNzhYTnRYTkFheTg4V1ZhQ2lHNG5ocWItbmpLc3Y3a05COUhZVUFlN0syOUQ1dXJqSGxOM0ZOa3V0ZGlFQ0pFWVA5TzZwYnBteXdreGhabHJwVWEwQjdUMnRCSjY3cXBvbDRF?oc=5,CBS News,2026-08-04,neutral
NYC Subway,NYC Subway Ridership Has Recovered on Weekends but Not on Weekdays - Apollo Global Management,https://news.google.com/rss/articles/CBMiywFBVV95cUxNM29PcXluYzd4VFNwOEM5UG4tdi12akpUTFZiV1BHYkdURVdXdlUzT1JDSEZVdFVYam1wSW5lOXk0U3VzTDhLX1pqVUNOU2FfYVVTQ2lxemtKZ3pERk1pVEZTQ3FNLU9BTGFtQ05tdDJ1dVJud2hHbjNDWldJckdWVG9hTDlaRTlEX3B1aUxtc29EZDBJajB4SlVPWXR2aktjOC1USi1OVzZkRHBHT1o5UFlJbThzbXJ1RFZtNXlyN2NpNEdxSkE3U3R0cw?oc=5,Apollo Global Management,2026-08-04,neutral
NYC Subway,Five subway lines face major weekend disruptions through August - timeout.com,https://news.google.com/rss/articles/CBMi3AFBVV95cUxONUZ0TUZCSGhJSHZ6TXQ1OF9rVkdRMldhUkZqR1kyaTNzMFdDeTdCVTlERHEwQUwwMzJfbXZKQU1FLXRJZklfYWVnNDFzaDNfdXl0cVROX3RISDR4SDQxZnFnVFBmZi16QkRmZDctODNJOEdsOGJxR0E0WHBSMmNZNUpRVFIzREhMX3ZlWVpnblhsUjAwUWItcmI4ZDJFUzY0YjJyQ3l6ZVF0NXFFLWUyZFhKYmh0SC1yOG1vbVRsWVlLS2VUOFFFQzNnc1JhYW9aazZlM0wwYzRJaVZj?oc=5,timeout.com,2026-08-04,negative
NYC Subway,"NYC subway crime: 70-year-old woman randomly pushed from behind onto tracks in Midtown, Manhattan - ABC7 New York",https://news.google.com/rss/articles/CBMitwFBVV95cUxQN0tGREwyWS1HUEV2aG5qRmJQMWk2enlfc2FqcFBwbUJOazFFRlJfdEVtdDBzM050REVGWnYyR05TczNtcVFQYXBNLUk0Q04zdmNZSGpzOVhkY0pjSlh4a1VxTmNZX0tzNW9zbDl6TGRrdUhPY09wLTNnOVBEd1dTblFnYkFnMkw3U0hxTjdTcjFtNlZPdjJ1WkNlN3JPZjNnUkxFOHdTblI5NlhmVjh4Z0I3ZzNqeE3SAbwBQVVfeXFMTldKSFlsMC1Wbm51MWtSSVlyUTFIR1h5bEU3Yno2M2IyQV84SVlHZ2tsYmtPc2Nqc3VQeS1RZEtsLWRadlBkWVB1eDF4WTB1aG1RNDU3Y3NYY1poZ3dpcEt0d0d3Z1VseXBVZ3VIWUh5Nm1RQmlnNEppcVI4R2V6cjMxWV9iemJKY3hFYWNKcDBaZTQ5eDNRZGlEelV1VDVFMVRIdGhyY25ubUl1aE9BNnZKWVRHY0xvaGo1Zks?oc=5,ABC7 New York,2026-08-04,negative
NYC Subway,Can NYC Finally Cool Its Subway? - cheddar.com,https://news.google.com/rss/articles/CBMib0FVX3lxTE5HTEZCOEpNaTI4djZBWjNkMDJhOXoxaXFLMUtnUmUtMnNzS0hwaXoxYnVPMmlLeGdqSTUyTjBxVVN1VFBZcVhBVXpnNnZhdFRDQnFzVWpqWHp5ckhQajQ5aGRfMEdYUEZ6REo5Sm1wRQ?oc=5,cheddar.com,2026-08-04,positive
NYC Subway,The surprising geological wonders hidden in the NYC subway - National Geographic,https://news.google.com/rss/articles/CBMigwFBVV95cUxPd2o2emRxZ3A5QVVDNWJYZjQybEluQ0dZNHFZUFJOU0JFY2ZtakhrWEYtbnl2WnduNVdFU2w5TURTdGdwUVE2STc4MlNoZmJ0WndFUkxfWjRLS2Y1VUsxRmFVeEFNbTNvS093dUxGU2ZUaXd2NWk0TFVLbWp1RVFuVUpkRQ?oc=5,National Geographic,2026-08-04,positive
NYC Subway,NYC subway suspensions and service changes for August - PIX11,https://news.google.com/rss/articles/CBMiigFBVV95cUxNa3JjTzdjTTJ0TGREcmhUZUdDVmF2dG44Sk9ibFJEdEpfSjl1b3J0VGhrWk9TdW1SbFdTWE5lVkpqV09jd2pqZUZfVDVyQ2UwcGlzQTgzcjF2aUtUM19GNWxma09DdHVjQTdzYVRvU0Z1RkhjMm5Sb0JPOTZiTXN5WW9meDB5WFR6eVHSAY8BQVVfeXFMTnBsWk1uUUFrQjRsMWFHbGdIdFl6MldickhHcDNySmFGX01HQllZdm1GYjBoaXBsNWhFTjNjbkZGM085TW9SSVRTZVE0YUtXRlRYbFRaOVg5c2lhOFZJWGxIOGdMWXJNQWRhdHVFVDZFYmVHdkFJeUVtaDhNeVM3VlZDNnlvODREa0ZMN3huTlE?oc=5,PIX11,2026-08-04,neutral
NYC Subway,"Stranger shoves man, 62, into NYC subway station pillar, fracturing his skull: cops - New York Post",https://news.google.com/rss/articles/CBMiqAFBVV95cUxOeFhXOU56X0NQeXFmd1pTdTA3N0Vhb0VrUTZoRjFoSFM0ZDBGQ1lIMVBBUWpkWmFEOXhydk1kY29wQTR6a3NGOEtkT3drRkZtSHlZNTgyRWp0Mk9GeFpXc0NMMWxQNVV4dkM1UHBfdGV3Rmk4SXNwSExyUDNmWUtGOVFydGUxcHdRWWw4WWxhM3BQcFNsTDNsNjFXN2pOMUZudHNSNk5CQU0?oc=5,New York Post,2026-08-04,neutral
NYC Subway,"Man, 62, suffers skull fracture in NYC subway push: NYPD - PIX11",https://news.google.com/rss/articles/CBMimwFBVV95cUxOYjE5ZDFaUGF1YmV1Slk0dlpEejhvbEJhbEJDRUlWNXYzV0V1SXZCSUpLdGhWZlo4TE1fX1pqNWo5d1VMU01ESHEyMmdxVllJcWtRUWhUVXRUZXlFTF84dGg0Q2dQNXdhNVZjblRBTEZ1WmRxdmNLWC1oMW42NDNjVXNZUHR6WWhkakx4Smd2VVE3QmxhbmRwQXRoONIBoAFBVV95cUxQY2lQSDVhemRLNGlPb2VZQmgxQV9vQmV4dUtXMU1mX0tnaE1ISWFyTWxGSkpnU1phbm45MTZIMW45cGV1Q1RITmhjSTJMOHpmMnUzaUFqN3Q1UXF1UVdmdGJJbnJDNVJzVXVpaFpCMGRFd1ZCUHNIUjhfT3hHMUtMeXRFdGM5elVNcS1SWW44aGxQQWJBd215NTRtUWxOY2Rl?oc=5,PIX11,2026-08-04,negative
NYC Subway,19-year-old brutally beaten on NYC subway train: NYPD - PIX11,https://news.google.com/rss/articles/CBMikAFBVV95cUxQVU82MXB0MWlUOWZqTFQxQWtMQWZfNjVNSDJPWEpUMm9zVjktRXVuWWF4a0ZYajRQWFpsWjY5T3VUb2NvR283bFMzR21HdEFqbncwNEEzQ2NmYUl5TU1MM2hPbmJEeHBoRUVCZGFIU2ktbHFUV2xGdkVIQm1WMEFTb0lfQ0Y2QzJ5bVh2R1VGM0LSAZYBQVVfeXFMTlJWM19HNVNidzQ5WVJ2Y1NuX0ZESFVkaWlYTWZuUmdLU0dBbTludkR3UzBtOHpnSGQ4bWI3dXZ0ZkJoOUlOLTVMY05wd1ljc3o2aDRxY0Q0THdiZmhONTFyMF9YQWllTkVrOG1TMkRSVmp0R0ZVNkxZT1h0TFdfR0IxSmdkblZQWmZvdEtTNnZnRHhYWHJR?oc=5,PIX11,2026-08-04,negative
NYC Subway,"Plan ahead: MTA repairs to disrupt subway service on the 1, 2, 3 and 5 line - PIX11",https://news.google.com/rss/articles/CBMipgFBVV95cUxNcGh5SE4wN201RlhoSm1ncDBoQVN5bXQwdmgtZWdmcEJJdEkteHFQMFlINml3VDNZQ0RPNEE2Y01Mc0dqRU9rc3dnSUxETXNpWi1Cd2JoanRoWWl6UHU0eHNwYzhqOXc4cVZPaVoyTU53dE1CaVFDRS1OZEg2UDlXTHdCTU40LWVkcmdBdnhTQlFvOVhMbGwwNXRCSXFET0NIM1V4TnV30gGrAUFVX3lxTE9jTDVTeWRYSS02RHdGQldLeVYyT1Q0TFFqeDBfWDNYV1V4RDE0MHNxWHE0ZjUwMW1aaGJEX1RKMHdPT19ELXh5VW5iYTBySTRoX0FDdjAwTk5EQnpJUWE5T2ZpTWw5UGs5Ukt0dmw5UGp3TXlac3ZfUGRNaThBdmlQNWhjeEhNS3FiaUN4MkpPS1h0OWhOaDQ3SnNiS2VBdUplcWlBZmZXTFVKUQ?oc=5,PIX11,2026-08-04,neutral
NYC Subway,Grab a drink and snack in the NYC subways with new vending machines - PIX11,https://news.google.com/rss/articles/CBMioAFBVV95cUxQNW5iYVN5WmNKSVI4Y0xuS3ZoRUlCTmFabUdzaExybWgwY0xHOWMwaFQzRE8wN0lhT3dVeFI3cS1ic3NrcmVWLVF1WnIwVE1QYlc0QWYzQm9oLTRkUVZiNjR1VDJqalVzRldPeV9iU1lWekxla2FwZ3lFeEx5Qm94R2hPM2V1MzRqUVZETDBwN0RhM2E5Q3pEUFlzdDdkZ0820gGmAUFVX3lxTE1OMlNGZUppQ3NhTGpXMGE2alRDdjVUTkwtMDAxR0NwTThjT0RURThEck9SMlNMR3VvWmVJRXk5QkdhUzZpOFlRUFBoWEp6b3RUZURRNFVpSjR1NlRPdklGV2I4OWoyVk1Gei1QUFZvVGRwRmlTY29COFFqUzJjME1fNlROVzFsUUNBMGxXTmpoOGRRdEo5RzdmOGp2VlVtNldjYmZxVXc?oc=5,PIX11,2026-08-04,neutral
NYC Subway,NYPD: Man wanted for questioning in alleged public lewdness incident aboard NYC subway - SILive.com,https://news.google.com/rss/articles/CBMiwwFBVV95cUxQem1MbmdPbElfY01yczZBRnlWLVZlZEZ1OW1fb292cmJ3dExOWGF2bi1IeVFjWjhnZEgxWmFEZkdrekgyUDRuTTN0M1RmZHFtS1otdHpKNkJ2OURhdG1HeUN2UDB3Qm5kWGUzV1NhdkhSLXhKVFJZU3NUbDNNaDIyWHhESGRpRnIwSGs2TWZvSEpYeG1kRjlrcGpiMl84X2F4UmZRWXZ4V2MtUUlHdHdqLTV2UUMweDFLNjRlaUNPZWNMM1HSAdcBQVVfeXFMT3hlaXlVMWdLUHV6REZUN2NYYlEzTDN4LUxBM2JqbW9VV2dITkdKdE5TbG5BSkFOZ1Fvc2RNY0F3QjdFSDRsSGdZblg2Uzl6TUw3OUlBalNxTkVNVi1DYUtPMkZzYmcwREdkT2NlSHRzS01GQWs0Vy1DV3duV3ZobFhuZmpScnFPSFBQcHhtT01NOHlLSDFlTEhoaG1Pam5WczZyVXJxdl9zLVFRNk5VV2VSRDF0c1E0SHk0R01nZjh1SW1qNzUtTlBvUnpza3FlS0pNcHo1QzA?oc=5,SILive.com,2026-08-04,negative
NYC Subway,"NYC girl, 16, hits beam during dangerous subway surfing stunt — and miraculously survives - New York Post",https://news.google.com/rss/articles/CBMikgFBVV95cUxQWHJVSmNQZGNWUUZRTFFtZTBzWW9WR1hidnJ0cm5rVm0xMTQtajhWNzJSN01YbkpMbk03VEZacU1sYTQxX015NmpQQV9TSnhEbC00VWwxdC1GaFRsYzBRaG5paXJtLTZuTGZMZ3NqY0pwS2MwN0oxR3FjU3pwYXdkQ1BXSnpUdGV2ZmxsQW04OGgtUQ?oc=5,New York Post,2026-08-04,negative
NYC Subway,Major MTA repairs will disrupt NYC subway service for 5 straight weekends through August 24—here's what to know - Secret NYC,https://news.google.com/rss/articles/CBMiigFBVV95cUxQSXBRUjN1MHl6UzdsMXN2OU5xUTdqNVFZT0tsbzJYckc1YXZUY3NISmlHQmRQQzhKSHg1M2gtN29Hd2ZhbTlQd01GNWcxcXNGRGlNSGd2TGt4czdjYWllT3Q5YzRkdEV5U2RjaWdPbjlsUkpWblB4SURNVkRNWUNLM1dGMDl3WnYwWGc?oc=5,Secret NYC,2026-08-04,neutral
NYC Subway,Man put his fingers inside woman riding with 4 kids on NYC subway: DA - NewsNation,https://news.google.com/rss/articles/CBMiiAFBVV95cUxORHdlTkFZWWhYZEVrQk5DUE1YUlJaUG5vdEFwU1lCSDQycWMzZ1AxQkxsdFc1aXlxdVY5X0dGaG0zWWxidXItc1B2bG15SmJIdDJLN3phb0t2REVWbWJxY1NvU2dBdTVCcXZDZEh5cm9FQk9GeWZyb3c2ajdLYXRrc2F3N2FPWEhW0gGOAUFVX3lxTFA5N1cySFZRcEstOEN2RFByVGFsY1VxazdWekVjOGIteE4zSGVwT051ZGJzR1E2alRhZU9OOTVVNlNYY3NZN0lwcUktczB0ZDVrV2ItVlY4SkhXcFJqemhwYm1xZ19rbHJQaW5BSHRpTTJ2LUtLeWpHMUF3S3lkX19tUzNIZ2s0U25mNGx0ZHc?oc=5,NewsNation,2026-08-04,neutral
NYC Subway,Degree Renames NYC Subway Lines For The Hell That They Are 07/28/2026 - MediaPost,https://news.google.com/rss/articles/CBMirAFBVV95cUxNdkRVODBUcTRkY0lCdElhQW00cG8xRGZTdkx0amVqV0x0Qm1Cb0kxSkVRbUtrZnN4M1pLajlUclNxOEdONklXaV9CTGRoX0lLdUNMYl96N0sxZmVad3VEQ0t2X0hiem9MZVNrYnVSM3QzOWxjZ0FtdVR5dkNYR2pPcm5TUDlWYXZwOUVkV0lCeWUwUEluYnRiRG9kRldhRi10S1NtN2JoRFE3UFRk?oc=5,MediaPost,2026-08-04,negative
NYC Subway,Violent parolee arrested after allegedly tossing elderly woman onto NYC subway tracks - New York Post,https://news.google.com/rss/articles/CBMiwgFBVV95cUxORGc2b0RDaDB4QkxraVpyUDNqLVBQUDdhNnN1STBaNXBHTlB4eU12U3ZYLUhZQktDZm9wTTMxRHVKVnZaZHRyUG9fbVNodURNcV9DdlUtZHN5VEVhbWp4WDJPc0RpSk4wNTFsQjRWU2gzUzFxQnZ4U2t1a0FtcmdHLW9CMzU5SjZsc2dXMXk2cHEzRkxJRFEtSXNvRkwtSkV5NEZ5RklYbS03Y29iNlloRXVFWHNCalB6WFBVRWYyTG45Zw?oc=5,New York Post,2026-08-04,negative
NYC Subway,Exclusive | NYC subway shove victim recounts terrifying attack by unhinged stranger: ‘Nobody helped me’ - New York Post,https://news.google.com/rss/articles/CBMirwFBVV95cUxNVXNoSWJrZktnTWxZTkJkazVqLWZZajkxQlBJUUtfSTNNbE81UldieHJuUkUyY1R6NzE3cUVqa1AyNzdTVGhqMEVobjBqWGpvaTN6M1BSaS1xV2xyOS1ZQmIzaWthN3BmSVpEMGhWU05xLUNtd2tySDJtWEljazJ2bFZEYW1HNE1zT0N3V181RTFMb09NSFV4Rlo1SVEyeHFaRVU4ZHlGNEVFMXFaVENF?oc=5,New York Post,2026-08-04,negative
NYC Subway,NYPD seeking man for questioning in pocketknife attack on NYC subway train - SILive.com,https://news.google.com/rss/articles/CBMiqAFBVV95cUxOZUYyNmpDdXFiODJUVGhRaHdjUEtfNlhqVEZBbGU3czNSblhyNVo3eHU0MGkxNzdtamVMNEZlNEtvcDF1ZDFOUVJzRzVGckJJWUlDeFdmZE5yM3A2QnNad3ZBZ3VuNHNRMjg0SGYwOWhKYW05R2JJQi01MEZjS0RCUzRfbDVIZ29Pc3puNEpLZ0RYN2JYSUZiU2tPWkI1R2hpRjhrVWhWTGXSAbwBQVVfeXFMUE5qNUdWLTZjYmxLOWlpRmNYZ3JxWl9GN0dFN2hfTXVkb2tVZ2k2NmNYLWo3TDJTcmJqQm13YnRid3JjaGExcFYtOGJMOUlEOVdCX2NBZ2o2WTdKRndHYllvYjRvdjZGcGlZN3JMRmxSSDRmcU1sWFBac1VYUWVoWU45c2dRRkVfOHdzSV9uTWxOU1lOZ3lBbVlYUVhucG1kc0FmQVJFcWFiYXVJcGxMM1FHRVpwM3hHTVdkeHc?oc=5,SILive.com,2026-08-04,negative
NYC Subway,Teen girl shot in chest by masked man during robbery on NYC subway platform - New York Post,https://news.google.com/rss/articles/CBMimwFBVV95cUxNQzM0OXhvblVTTFlPTlJRTHY4MTdyMlRpWEJydlFNbTlrYU5lYk9Wb3lQM1Y5V0dBNzV3Zlc5TkNTdEdfcnRIY1AyMGlwS3lJTy13Y1ZCMi1JbkFPVy1zQklQTE9qSGIzaUk4bzg4c0YzUm9Wdnh5bGR5WTJJRDBVbzY1SzBMOVBjVmpqcHhjUHNOSk94M2xFQTlEOA?oc=5,New York Post,2026-08-04,neutral
NYC Subway,"Woman, 18, shot on platform in NYC subway station - FOX 5 New York",https://news.google.com/rss/articles/CBMiXkFVX3lxTE9HQ01IekNGNFZaZ1AtMVFPTVAyQnFVa213bm1GeE1ISWsxUHM3S3ZCVldLTkY0Y1N1cFA0NnM0ZGdqRHg5NWQ2UmVzY3RFSWZaaXp3a1VVUDNqTGE4WFHSAWNBVV95cUxPTG1ZazJ6SmhfbUVSWld4U1dPbTRrUE9UUXdWdUJBTTJiZE5TLXVEV0Q1OFQ2cDB0Yk1aRVE2SDRNcUNUUjFvREV5TEpXck1PYzdDeENDNXZ5NVgwb1FMRVA1WVU?oc=5,FOX 5 New York,2026-08-04,neutral
NYC Subway,"These are officially the lowest-rated NYC subway lines, according to 94,000 New Yorkers - Secret NYC",https://news.google.com/rss/articles/CBMilAFBVV95cUxNYXZXcFJLZmRSOVNvSjF1MDNfMGNCNzgwdk15NzZXRE5vNm9DYWtQMWRnQWNmQkJNNnJ4ZmtLMGdsUHhCX0RQU1BQbHo1MEJVOXZ3UUlzUHE3ZnU1cU9UTUdZcl90c0pnT21waVFBajhwVGZITzNQMGlYVmtab0ZRV1ZvRkJIYTJDTk13NkQ4dU1NVkcx?oc=5,Secret NYC,2026-08-04,neutral
NYC Subway,"Fiends beat, rob sleeping straphanger on NYC subway train: cops - New York Post",https://news.google.com/rss/articles/CBMiogFBVV95cUxQdFZNTG4xcVRqWXZ6MWVkVE80U2FIQkUweXhXTVNmeTV5eWRyM0d4ZWNqWlAzWkVLSW9wQXJsSlBTX2VEaXhxLWxvOXhfdWlGYmRBWjhOV0I5S1hLWC1zLWNnZndYMk01WnV1NG9yQmRwQ2FVSXVwY0RHcE1zby1jaXZGejA0OUluSUNveXhuM3lRUndoeG5DVGs3c1IzdHM5VkE?oc=5,New York Post,2026-08-04,negative
NYC Subway,"NYC subway riders face major 1, 2, 3 line changes this summer - SILive.com",https://news.google.com/rss/articles/CBMioAFBVV95cUxORzVIdzhYRWk3OWJzdGJ0WTY4UFVRRG0xaXFhVHZOZmRPdl9oLV9LVkZyTno1bW40OEhjSW1ueDdHc3ppeEQzRG8za2RuRGV3NGd3V29nUlA5TXBiQVU2MFVaWmlaMjhDWHI4ZUc3c0xDS0U3YTlSNS00WGlyOHloT1U3THhlb3R4YmJ0Z2dKQTBFWlVNUnVMUlloeEJkOVJ30gG0AUFVX3lxTE5fU0NoQTJqNmt1ckN0MlNhVlFWVEsyaEpzQjFRWURjdzNfeEtqWHpGcUlOdVFWNGp6TE02SUJyeHlkLV9kUnB3MTZIVTlzX0s0R09QYjhUQlpMSlNSajhYS3ItUno5RnA0TWJkWko1MWoxc0cyYl9ndU5vVWhieFdWNDMyaHZXSzVqWjRsOHIwWDMteVFLRnJmNFBwR1hjWnRlSjFDUnRvRU5iVVI4V3k4Z0xaSw?oc=5,SILive.com,2026-08-04,neutral
NYC Subway,18-year-old woman shot in NYC subway station: NYPD - PIX11,https://news.google.com/rss/articles/CBMimAFBVV95cUxPbGZHbDBQMEN0ZHlDYS04SDZiZ3lYNmcybUVFSnZYTXJKczZLbGVlMVVVQ2hSSWV2QzhlU2Zad1F4eXlJeVNwUXlmZHUzV0pJeUhPNXVrMmwwaVdpbXZrOHNFV0JTRUdMN0RWNEVEY3VwbG94a0VzcTZsS0V6RHptZmRrVjdZeHl3d2tXc1Q3M3J4bm9OVUlQMtIBngFBVV95cUxNNEJxcHRtX3NpZXdvSVhyeFF2Y2k5RFNXeWlqa2dpbnBpMWdjekhlNFQyMy1vUHZmaWxJQ2xvQzVuMWNiQlZXdHdzR1g4T1B1TExyM2Y1d1JWeUJsSUhoUGtEa0VkVXJpdnY5UExrT1FQX0R3Z1Bya1FaQjRyaVhWQVVQT01HMlR2Nl9Ebm83Ui1fQmp6dGpKM3Vta3Z5dw?oc=5,PIX11,2026-08-04,neutral
NYC Subway,Degree Renames New York Subway Stations - BM Outdoor,https://news.google.com/rss/articles/CBMiaEFVX3lxTE14Zjk5S210VG9VOVdDVDB1TG1HbmlNUUxLQVZ2WU9GeUROVy1ZekJqYkFycGVoc2RQUzlCRnIteTVsUFN3dzI0c0Y3blZCYmh4TnkwemliN3ZiTXctRWlaRndTcVAxeVY3?oc=5,BM Outdoor,2026-08-04,neutral
NYC Subway,Teenage Girl Hospitalized After Hitting Overhead Beam While Subway Surfing in N.Y.C. - People.com,https://news.google.com/rss/articles/CBMiqgFBVV95cUxQdnhPZUpZOWo1NUQ4V3R0aWdNeUVMal8xeUJucXdJMkpuaGdVRHNEd05nSDlvV2ViaFFHRnlfY1BlMEFONjVkbmZDcm9nQWJ6SjFCVnExTDBIcTFjNFBXVEk5NDJaTkRQTGtoaGhMNl96d1VxVG1oNkxCcExyajRQZ2hvUGVBSVhKR0ZSLUU4YjdoNEVlSnYzbk9NQS1WRXJER1NhOExKWlJwZw?oc=5,People.com,2026-08-04,neutral
NYC Subway,Major NYC subway service changes planned for Memorial Day weekend - PIX11,https://news.google.com/rss/articles/CBMingFBVV95cUxNUmd5RTUtVlZidXFVcEpVX2p1dU1hcDMzajc2OVNLbHE0ckVNQXA3MWs0TmVfeXlKVllSVVU0N2Y3eXp2RGlJeUZ2NVE4TFhZRE95Z21xYlM0cEhJeWZkczVmdDJ0czQyTXN5Z0lNUTc4T2tlRGZvdjBqRnU2anRZLXVhelk1cDRKN3FJUnZ6eXM2SjM3d04wc25OV3QwUdIBowFBVV95cUxNVmpJN0xNbVdHNGo0RTVwMVRJcU5zQkJ1VUV5ZjRZUnRJaUR6RkRMcTczdmoyclh0SVZBaG5PSTZhNkRRdG12RWVZYU5SOFdlbXlCZTBWZ2t0TXJSbFFac0JtS2o3MER3V2c5NjVpSC1HTFlBWnhJMFcwVWlRMlVaenhzQUI5a0xvS1l3dE5BWk5PYkpCcUJOVXo1bnhoNThmdzlZ?oc=5,PIX11,2026-08-04,neutral
NYC Subway,Ignore Mamdani’s gaslighting — NYC subway violence is worse than you remember - New York Post,https://news.google.com/rss/articles/CBMiswFBVV95cUxOY1FFRUE3b0MwMlU4dFQxcVNXRkdmLTBaQmF2ZlRQbkpzc1JjV2FvZlNsRnluaEhNQldBT3JEajZ1dWJndVZTV1FKdVJwYzh3YTlWTm9lcXo0cTBpWkcxeUZBTGhOc3RDcE1sUXJzMHYxZlY5Zjh1WEJXeS1IemRLTFFONGZPcDBRckdQdHpLazNLcU1ScjhKUkZKLWMzMXlIQmlhNUNOblR6LUNJVEpSRjkyQQ?oc=5,New York Post,2026-08-04,negative
NYC Subway,High school senior gets over 5 years in prison for setting homeless man on fire on NYC subway - CNN,https://news.google.com/rss/articles/CBMiiAFBVV95cUxNN2d3N1JNdFRwcElCX0ptYnF5S0VUb19iRkQxX2hwcU9VTDdrRk0yMGpGVlNaT3VCbmNNQ0dyTk5NZWNMSC1ka1c2LUFLeF93V0JmSXNHWE5wdlBGdldwZThmRjBONG00UE9lRm56OVBMMldlV1czQ1dteEV5MHRzam1VTXI3V19l?oc=5,CNN,2026-08-04,negative
NYC Subway,Teen shot on NYC subway platform recounts fight with mugger over Steve Madden bag - New York Daily News,https://news.google.com/rss/articles/CBMiwwFBVV95cUxNd2pYbllSN0VnSlZLM0Ryb3kxMU56Z19uM25CeF9YelNQcEpIVTRWN3FyX1NOVzhGZmlaVm1DYkVoMXVWOHJrUDJNM182Skc2UHVDTGVmWk5qbXVQTzIyc2s3dHVfQ2xQMERPX3AwaVRSN3JvVUdSNXY5V0hYMm5MM2JsYUluRDJqUlphd01CcUhCS3I3QUFZbGpBd0Z6blBzTk9JS0thUzE4UW04T1lDTlRSWTA3Q1ZSZWZwUVJmLWlkdkk?oc=5,New York Daily News,2026-08-04,negative
NYC Subway,"New app combines NYC subways, buses and trains - timeout.com",https://news.google.com/rss/articles/CBMiwwFBVV95cUxOdjFZLWp6NzJQRW44bDk1M2tUOVZ5WWhQMEdPZ2YzXzNpcDlUS1pidUxicHlzRllpOFFCWktMZE5CV0kzeDNQSDVmYVFhRU16SThVaWhoMHAwTlZpQTZvVjgyUkNZX1dZM202TUpVdmktUDU4TjktWmVYaGZ2T2hfS1dPcVZsZzR1LTl5d0ZNSy1uYXdERGUwYU1iQVItd2lKZXhwOVZRR01BXzN1Y0w2STVCanBXQnp5V2Q1WkxIT1Z5c2s?oc=5,timeout.com,2026-08-04,neutral
NYC Subway,MTA debuts trains celebrating different countries for 2026 FIFA World Cup - NBC New York,https://news.google.com/rss/articles/CBMijAFBVV95cUxNQ0Z5YVZwT041eEdhYllmX1FtalNWTUJ4UWkzandmQUhXaEdMRHdBU202UUFtUU1aYjdORXh3SjNZXzdaOVBySFU1WnV4djBLeFFZLUhUaWstelplaWl5dDlmWk5SYTV4ZGpITmhoR0NYQkxyRkVHUTl2d3g2TmxxeVFjbFBQSy1zMVpnUNIBlAFBVV95cUxNUVZVeVVyVnlZX28tNW1SS2pqc1QzT3JCQVppSzlXV3RpeXNYYTJfemwzY21lVGhHTzV6dnVxS2pGQlV3YkpaQWMzUmwwMUxGejBiQXZIWC1XN2xFdC12b0I1azBKZWh0Q2VCemZXLXN2SU9XWkFEWHVxS0NfU0JnZ1o2cWg0MlppWVkzclhtU3Vvbnlr?oc=5,NBC New York,2026-08-04,positive
NYC Subway,Elderly man dies weeks after being pushed onto NYC subway tracks; case now a homicide - FOX 5 New York,https://news.google.com/rss/articles/CBMid0FVX3lxTE81ZHJ1bVdxX0dIQ09rYmNzWEFxQ2dhb3otVkQydmN2MUZyTjM4MGVhZU9YVjNwTUE5eGtKZkhBV2xLMkdiTXpVNDE3akJCN0doQUxFRmxGRWNPNDUxTnBraEtfejNGTXVNT3o4c3FDWWFSSEZ5eExn?oc=5,FOX 5 New York,2026-08-04,neutral
NYC Subway,JV wins $1.02B NYC subway extension - Construction Dive,https://news.google.com/rss/articles/CBMiowFBVV95cUxPWnBNbUFGMlM2Q0NKT1JUQkVQS1M5bU5GSmN0ZzdVaWlrVWE5MW1McXJyU21EeTNBWGtOckl3MHZ5Q3RmM2lBMXloUnpxX1dOX09nWW1JbEp2NTV0aUM2VF9PVFNwMTVoUVhfNURLZ2lJOTNmRllfdzBVREVHWGljWTg2UUU2UUpLYUFsUjRUNmhGWndkWlMyUzFOWDd1ZlJpcWlF?oc=5,Construction Dive,2026-08-04,positive
NYC Subway,"NYC Subway Looks to Replace Over 2,000 Train Cars in Aging Fleet - Bloomberg.com",https://news.google.com/rss/articles/CBMisAFBVV95cUxObmdyRkJfMWVfYTlwZUlqanlGWkVBdElPS0VkNHk0V0xaT0dhLVJVWDNQVlYyRXdSX3dMLTE5X3FjcnpxaHdQQUw5dlRENF9tVGIzLTFXdHc5UHVpby0wX3FPRWdXWHdNQ3E2MDkxWHA0QXJ3d3BXeWZoNFFkYldOUW9RY1RSZlc3RFZwOWtLMEVscVRsdG9tWFlBRmpLb0IzcVE1REZyU1ZiUWszV3dXaw?oc=5,Bloomberg.com,2026-08-04,neutral
NYC Subway,"When nature calls, NYC subway bathrooms don't always answer, audit finds - ABC7 New York",https://news.google.com/rss/articles/CBMiqgFBVV95cUxOS3o4cWpod3czdzNhQklaSGMxcHhka1NEanRnM2psRHZ1dWYzNm9JdlFvYllSLUo4MkpjdFpQdzlSU1RrNEpfUmlUTGdESDhReGpfeG5VVFNkZjl2OUNUVFB2OGQ0OGRfOFdGSlJaN1A2U2xmN1E0YWdQdW5xTGVuLUVTcF9GZXhNYnpGdWhFXzNmX1ZPQkw4UHpYM3N0bDhfeHV5SU13QlcxZ9IBrwFBVV95cUxPS0o1Q18weTBaY0Y5N2dBMHRGNVM2cVlSa1hfZnpqeGVZbndiUjlSN3hKeUI5WVhtai1nV1BOa3l2UXNlY3pGc2pfTlNpUDU2LVNUSE1yZk5wUnNSMEwwWXNuQjE5aHNndkJ2NzNUN0JQM2s1QlgwQ3lScjdfUkVpb3JZQVRUaklpLTZ5bU9zcTdvLUhiMmswMmtRU2tVaU9RQ0psS0pZc295Uy1aZ2xr?oc=5,ABC7 New York,2026-08-04,neutral
NYC Subway,MTA plans to replace thousands of decades-old NYC subway cars - CBS News,https://news.google.com/rss/articles/CBMieEFVX3lxTE16VkJCM2NMa2Y4SXFYak84UFVkOFdORWRwWkY3di1BUHpBd0JvN0prVm9oVFhxT2JxZXVlSXc0T056anotaHlSYnROYU94bXE3cjlUT0lqR2JmQnRpTXdsUEhRRlB5VTF4YkNSTGFJVWlxSGxJOUx1cg?oc=5,CBS News,2026-08-04,neutral
NYC Subway,"4 Biggest Mistakes Tourists Make on the NYC Subway That New Yorkers Can't Stand, According to Locals - Travel + Leisure",https://news.google.com/rss/articles/CBMie0FVX3lxTE9jT1hKNk5RcUJRdXZMdHZzbUxubl9RYUdvODRCVmJHQlY0MzBWZjRqZHlfc1lNUmhzX0k1bHF0dHBKNjVrZ0dpV0RwLXpVZmFscVphNURSZndQdUQ2WkcxSXNhTjd5Y3dtNnQ5UTNtaUd0dG4xeXpkRjNLaw?oc=5,Travel + Leisure,2026-08-04,negative
NYC Subway,"Accused NYC subway shover unleashes unhinged rant while waiting to face judge: ‘The cuffs are on, I’ll break them!’ - New York Post",https://news.google.com/rss/articles/CBMi4gFBVV95cUxQV0o3VU43QzU2V1ZFanBoYkRnLVQzUTZyeTNyX1NqOFZJaFB2Vnl3LWdiT0pkcTFLMC1CWHJLRnpZbm5McG0wN3hrUjZwZHVZRVdxdWRsVnAyazZGMURnNm82YjBvbjhmdThtQVNRYlZnUnBDeDYtTUJCeXVFX0dvSHQ4WWN5ZDhmTG5Va3lCamJYSkNBRlkzRlFqYVFBX0xfalBjblNjMklPM2I1TGdlVFMtX3ZEeU01MlNBaTc5Ym9PVWlkWEhCVUZCLXRqdTZyYjltWFA3dHZOaFVKRUdlbDdn?oc=5,New York Post,2026-08-04,negative
NYC Subway,Jessup native killed in NYC subway shove; Broadway performer charged - fox56.com,https://news.google.com/rss/articles/CBMinAFBVV95cUxQY0J6MzRSdWU3X2RHeS1SWGhRUmdKMEhFTzlxOTlQOTB1dWlDVUptVi1FR0VvS0U3Z0JHbmktSEdsS0NFcEg5Z00tLXVJbGhZNUxhX2VoSTVadkFDMFNhaURCY2dFdE5iUTJDQjN1SFN5TW5LeFBJRGFudGtvSzh2N3ctU2lqNld1dmJlUnpuZkgyTGR2Y2RQdV9raXU?oc=5,fox56.com,2026-08-04,negative
OMNY,"OMNY complaints mount as some riders fail to get fare cap, transfers - Spectrum News NY1",https://news.google.com/rss/articles/CBMiuAFBVV95cUxQS0ZwN3FLQjBRYTJUbnU0WmFBbEFEYzh2bmk0bUJmN1RyN3VNRGJVRGd2WnZfbjh0dWdQcURyWHpwbENVR3hvcERzQXN1Wl9BU1BmUVg0SFlUQkFDbm5Zb0NNQzJVMi15dWJ5Z1ZZN3RXNFNPYmxveC1jcHViclJWS1I2cVNWdm5ZcEY2Sld2b1FoREJiRE53QzBnUU9JODZMSUZQNlFLeGVGSnVjb0FqWFlYZUFNckI0?oc=5,Spectrum News NY1,2026-08-04,negative
OMNY,"Exclusive | NYC subway riders push AG Letitia James to probe OMNY cards after claims of extra charges, phantom fines - New York Post",https://news.google.com/rss/articles/CBMixAFBVV95cUxQdVFhc3dCcVYtNnJaU0dhQnZHODVkYkRFbjhGNkdTdlpHT2RsbjZfSFExVldiMjR4SDZ0R2dnbGZTR1RfZDNKX2JnSGFUNEtBYXFrTWY3TWVKX2tmWmJFNWQySUh4RWZuQ3pqTHh4YjkxRnNzWHl5bDFReUd5ZWtHWWdEdTkzWVBpWGQ1M1BHUzBSZDRSQV9nWFNPalRKQlNmTnNBRDd5YWdJeWNzbE9vdFlHbld6b2xnekhtaFZNRG1OMUlM?oc=5,New York Post,2026-08-04,negative
OMNY,Some riders take concerns to MTA about OMNY fare payment as upgrades are planned - PIX11,https://news.google.com/rss/articles/CBMia0FVX3lxTE1FQzlpRm9HeTN2X0ZDNkNuZmxtSlVOQmJ2aUNGSkFOSU9XNWQ5YklJak5QRUxQbktSV0RvYTkyeHp0ZzlXb0ZKS2JBRTJqSDdzXzBtb0RyNldXQVllY0Z5anFjYWVLMTBiY1o00gFwQVVfeXFMTmFkVS1BN0N0aS1aM3MzOExfSmFqVHhLYmVscHNYRmp3SURBTE9OTzdvbmlfTmtUb1BmcHpDVm1rOWp0RnQ4QlR3ZHloX2lnUW4xdWdkWVBqcGg5ZkZYejhIVzlKOE5PRG5PYUhLZV9lZw?oc=5,PIX11,2026-08-04,neutral
OMNY,MTA boss says agency ‘developing capacity’ for OMNY to show balances and transfers to riders - amNewYork,https://news.google.com/rss/articles/CBMid0FVX3lxTE40T09RMndjUDFoVHFmVC1VX2ozRjVKd29BamU1aXpTWGRIY1d1ZURrZFJ1LTVUQ2UwWGtFemt1UFFlYkM1R0w3UThlWElrekk4NFpieE5PdkNQU0F3UHk1d0U1STF2WmV0cGF5cUY4WnQxYWp2bFI0?oc=5,amNewYork,2026-08-04,neutral
OMNY,MTA developing OMNY software update - FOX 5 New York,https://news.google.com/rss/articles/CBMiXkFVX3lxTE55bHF4c01CLUVlUjVNODNUSlVHRk5RRmtOa1c5dGVKU0NabXpFdWdJTVZDWU5OMW5sOEQ3MmVsa1pNbGFFalRoa0gteGVWNjZNMk96UTJyODZxQVVxOHfSAWNBVV95cUxObk1ncVhBYk1fbGE0R0xJa2FXaFhLYklrbEU0ZnRvRDAyd0NDTk5MRXJWZ1hGU1hVQmJQSS1fdDBiUzNUMEJMeUE5Z0kzb0dhVFlCY3dpeVdSOXQyZXloWFJVSzQ?oc=5,FOX 5 New York,2026-08-04,neutral
OMNY,"Goodbye paper, hello cellphone tap: NYC to pilot digital student OMNY cards for some schools - Chalkbeat",https://news.google.com/rss/articles/CBMilgFBVV95cUxNZFoxc21fcFVyUzNrNkpua044MWJxSHZrSXgwLWRndHJtOFBwbmVMZ0lqRVRsdGxGVmoxR21IV0pQZFpkaE9mVFBxak1oV3RJOHpOTVUwTkhnczNtcVZvOE9iaFk3M3k4Z3Y1M3NRWEMzekxxdlNjVmR6VEJaNklINUt6YzNUY0ZtN3ZvU18zM19jWlh1aFE?oc=5,Chalkbeat,2026-08-04,neutral
OMNY,MTA boss says agency ‘developing capacity’ for OMNY to show balances and transfers to riders - PoliticsNY,https://news.google.com/rss/articles/CBMixwFBVV95cUxOWEZFd0ExVEpVZk9Yb3I1TXRsalNZbWhEY0c2SDV5WGtxYVNFTkl6NlluaDNBWFJPSExaVkZZblBVTTlfSEJSWDA0SXZCVzJDNVZROWxubGN2cUM0SXJhYUJvb0tZNmZ6UE1sRDVZQXFubVNmMHItM3JsMU9fUDRJaUpwRUZ5V1dZNG1PbUV1OVBvMGxpbmxLRUlUMkdvZ3BXOXd5OHk5QV9zWDk0bWxZVXM4eXk4MkI1cFJ2UTJ6YV8tODlpQ3lz?oc=5,PoliticsNY,2026-08-04,neutral
OMNY,Some riders take concerns to MTA about OMNY fare payment as upgrades are planned - AOL.com,https://news.google.com/rss/articles/CBMifkFVX3lxTE1MeTF2a191ZzF0NklRbHNrbTVSaGNuLWpxbXRGdHBpcjFDc20xbGFnbkJhSnctRThwWXM5T0RMajVoUUdXQUlGSF9aSFFEREl0ZDdhMHo2cWlLRDNTQ3I3bEhZQmVKVU1FQ0s2bGNJZnZ4Y251QjlDQkFhaklhZw?oc=5,AOL.com,2026-08-04,neutral
OMNY,OMNY machines are back up and running after technical issues - CBS News,https://news.google.com/rss/articles/CBMioAFBVV95cUxPRlY4QS1UQlFIZ0d5eFZ5YXhGZU9qczlkV3RuN1VCb25WUHpyeEYyUTlOQ0c3bUpCeUFWU3RhU1NEX2IyenltM2FHLUxjX3BxTkNmeG1TRDRMd29wTHVfVjh5Q1RlWTBRbFNwVHRQSXlfV05kTk9GdFJURGdpaXZpWWV2dWtma0EtZ0VkaUVSNEFYTzlna1pQMld0bDJfNlRF?oc=5,CBS News,2026-08-04,neutral
OMNY,MTA developing OMNY software update - Yahoo,https://news.google.com/rss/articles/CBMigwFBVV95cUxPcHduajFNTEVsa2h1RTFLTUdsdVpPbTFKNEQ4UW05VFltdlp6cEVQYlNLWUZXZHZ6cGxFTVJvLTg3WnIwS1RlM2E4eTY4dGFmb0dINlRfcnpuVVN3NXhTeWJuci1iSGtvQk5fNlhOdnJHRFUtTUlrY1Z5RmozYnVIMFhsZw?oc=5,Yahoo,2026-08-04,neutral
OMNY,Farewell to MetroCard: NYC commuters embrace OMNY - PIX11,https://news.google.com/rss/articles/CBMiigFBVV95cUxNenNiYUJwV25uUWUwWjN0cXl2Sm9CRUZibGZlS2tHakZyQ3pFdVA4V0FWTzAwRkZkVDFkdk43MjhvTmc2R3dyMFplV2lqTy1wTGpJVUxUeU5SSGNXTTRMMVFzQlhORzhkTnZSMFBSWmo3M2ZZbGpaSnZib24wUHNOM1owM21UUjlZakE?oc=5,PIX11,2026-08-04,positive
OMNY,"Students, pols call for OMNY card changes - Queens Chronicle",https://news.google.com/rss/articles/CBMizgFBVV95cUxPQzRiaDRhRUw3Sl8xLWlXT0VTVjVtNWhoWVVRTmxHXzk1RGJabGsxQk5rdmJkTEo1NkMwOXJHRHJBelBpd1dWeTlsUldPaTRDN0VsUmIyaGxmbjA3RmdVQnVQZnZWelBBd2lKOVNJT3ZzVjd2ajZUUUxwMk5DSEpTMXBTVUJaZ2lGaVhPbEdiQUtSOXJKeUE2RWxaU3ZSSHNjcy1rTjgtRGpDSm5WUnUyQkRzbTd6dnhVeXdKMTZBWGlsdlZPNkxHUzd2T2ZEZw?oc=5,Queens Chronicle,2026-08-04,neutral
OMNY,OMNY Health Surpasses 175 Million Patient Milestone; Launches Oncology Product Suite to Solve Complex Real-World Evidence Gaps - PR Newswire,https://news.google.com/rss/articles/CBMijgJBVV95cUxQY0ZNREotYTZUWVhuckgzdFhOYWdWa2cwTTE2eHNHNTlLZWZnM2pMUFNtSVJacHZaV0dtYXk5bWVCaE5JQzJDV3Q2N3FzVzJGV1Z4ajFycWFkckFDbzc1amJVTWp4OVVDU2RPa3Y3Nll4NVNOWkIzNnUtb2xUakJoV2psdXJ0T3pjMmtkYllYbkY0YTA4VXhSZHBlRXV1MVRuLUZnNkNpVmw5czZSTXNpN2VNYWlUbHlYMWZNRzVEUnh3OUJWVXRxRzdydkN0bmE1cTk1dGJoM3U3TWM3dnl5SWZoZEF2bDJNcmNRSE1LV2lwWTdBQjdZS3BQSnVSRFlPZjJ1WHlRU1RUT3lMUHc?oc=5,PR Newswire,2026-08-04,neutral
OMNY,Expand Student OMNY - Transportation Alternatives,https://news.google.com/rss/articles/CBMia0FVX3lxTE9vWk9WRjlRb28tclFKd0JNaWhBUzhmZ3c0dzY2MW5pNGNBQ0pWdUtKVldjSHNwaHcyRlo1ZkU2NldlQ2l6enAySVBYU0RhQlRnMEgwVXlFcEpkX3hIY2Izd2dtaS1BZFZFZHN3?oc=5,Transportation Alternatives,2026-08-04,positive
OMNY,"EXCLUSIVE: City Council funds free OMNY cards for over 1,000 CUNY students in city budget deal - amNewYork",https://news.google.com/rss/articles/CBMiekFVX3lxTFBYakVQT0x3Tk5ycDVTV2htbnM5SjFJTHdsa0VTMTlyU05BbWRLVmpRSTNRSi1YM3NvMWdLNXlCUHpRZHdtVEI3ZUNlYzJOeUhpNlRkdHVhRkFGU3ZSdjQ2RVV1d0lfYkxfZ3hHbzBpN1dvVWdXdk96NGNR?oc=5,amNewYork,2026-08-04,positive
OMNY,"OMNY processing issue resolved, says MTA - PIX11",https://news.google.com/rss/articles/CBMif0FVX3lxTE82Y1Y0VjBjYkNZT3VaTEt5ZTNDdHVtZ2otN0ZlVTVQNzYxXzNtLTlMcDBDRURzakpPdUQzd0NRclZMRzh3eVJvM1dVbjNNVlFYZ3dMUG55ZnV0TzlMYm1KOHhOcThKeTZIeENkZDh4OU1SREZjbXp6NC1DLThtc1XSAYQBQVVfeXFMTk9yTWZEalE1c1RFUDF2dmVpTkZSbUFTUmtSNDlUME1XTHNSODA0XzFRanVnRWQ0T0gyLVJxZVBLMFh5enpvMkkzVjUyQmhiWVFkTVdUaWVqVzdueDY0QWphWnFXSm9Lc2U3dDJETTVUajI2bEdmMFoxeVR3X0R3ZGhpb2c2?oc=5,PIX11,2026-08-04,neutral
OMNY,The MTA still accepts MetroCards in the OMNY era — but does anyone still swipe? Here are a few who do. - amNewYork,https://news.google.com/rss/articles/CBMic0FVX3lxTFB3R1M1MFY4Zkg4ZmMzQjdDRkR1WmdqM21TUkc1ZTg2T3lNaUQ1bEljdkdTMFh0Vi1GX29Nd1NCM09ERlVpRm5reUNGTXR4Um1LdUVudm00b1Y0WVBCZlBaWTExcnl0VzFLNDh4YkE2V2g4Zm8?oc=5,amNewYork,2026-08-04,neutral
OMNY,"Take a survey, win a $100 OMNY card: Here’s how - PIX11",https://news.google.com/rss/articles/CBMihAFBVV95cUxPWHpoeERqZWZQU0VCOWctQWFNdWVGcVJIdzFKcEo4bnRUR0xLY1JjQVNRc2xLdzRMdVN1MG5kZ3h5YktBMXlLX2R1Vk51STBTTGF0R0JpZHZJV25UM3VJUHlOeHJNV25sV0FkdzdMd2hCdVhRQm5xYl91RmdWa0Y3dDBCX2zSAYoBQVVfeXFMTm1pUDA2UW9fc0xhUDdPS0lqNnl6VG9RWkYtTmFPQ3JUNXJwbS00Z0dkeEpYbFpUVTNLVncyUFJFQ0xSYTBSbGNfU1ZwbnZSRnI4ckZ5NzlBcGpWV0R6UlpvaVdIZC1NYTZMR3hrRFA5UVFJV2g0dWxXRHBTUl9ReGF6RElYcy0xZWp3?oc=5,PIX11,2026-08-04,positive
OMNY,"OMNY processing issue resolved, says MTA - AOL.com",https://news.google.com/rss/articles/CBMifkFVX3lxTE5FX3I2ZlZQaS1jcTlXbWVyZEhuWnBLNmRZN2pWTGxFTF9DS3l5VUdDdlhPS0Q0NzBLS3VldlM1XzE1VlRIVXc3X2dnLTVDY2g3eWc3bzNDSWFPS0haSWZFRGlLeU9ZX1ZtY2ZTX2otV1dOLW9adzIwX3RhQzNjQQ?oc=5,AOL.com,2026-08-04,neutral
OMNY,OMNY celebrates 30 years of service to local youth - GCJ.news,https://news.google.com/rss/articles/CBMifEFVX3lxTE5LVnFsMDJyVGd3VlRDYjhRcENsc2tFa0lpMEY0d19LVlRoX3M0V0J1Y01UTjlHZm1Ma1oxbklFV012Ukp5ekNHeTVEUHphZGQ2NVBGSDVZRU5JUEw3VDRTcEstWllsZHY3RmpEX1VuaFNLLW13XzJ6RURmMEk?oc=5,GCJ.news,2026-08-04,positive
OMNY,"NYC's OMNY Card Is Here, And I Am Full Of Regret - Aftermath",https://news.google.com/rss/articles/CBMiXkFVX3lxTE1NR1pWVHJKcTZnU3BOMDZIZnc1R1QyaHFpN096bVhYejBTRzVEUW9NQUtJNzZ5SmUwVFVRWWhQWDVDNnJfamR5dXczdHJVblhQVE5IT0xWZ082dGhYZUE?oc=5,Aftermath,2026-08-04,negative
OMNY,Westchester Prepares for OMNY Rollout with Full Bee-Line Installation - westchestercountyny.gov,https://news.google.com/rss/articles/CBMiwgFBVV95cUxOX0xQT2Z4ZUQ1THdhbGhoRmFMaGJFS1c0elhYX3VCWi1ITWxGZHVGeWlZdmtQNVk5cGh1SmFBcXg0cHhDTkR1WmFUcVBpczVrWG1FLXZJQnhiZ3JtMjh3b0ZkU2NGQmJqOWw1QlNudmc5TlZZVW5HR1dENnJzdzZvLVM5YktfdW5oUERaV0Y3bDJ2SFFXUTBxT1E0NjJiaXFFc2hOQ0RoRFZ0MU9ZT3h5aXlaeHR2NDgxRks5V0hpZjMxZw?oc=5,westchestercountyny.gov,2026-08-04,neutral
OMNY,Riders will see more handheld payment validators on city buses - Spectrum News NY1,https://news.google.com/rss/articles/CBMi4AFBVV95cUxQX2NWS0xhUW9vNUE5U0JzbVZZVnJHVVNybFBHdDgtQlFuQ2VtYmlPN2kzMUVaZ2hucWtrUDRLbjBzYU81dEJuaVJxeS00aVJscDl5NmdlSWl2RjI5TEl5WERlLVktanlDSlh6Nkh2X2VxaGxOVnhoMHpLeEhOamxtbHJROUZKaE5jbEVoRHVlTW84c0FTaEljVlNxc05yVGw0WTZweWcxS0E5RlNnNXNtaVE2Y191SWhHbUttN0FaT1VLSS1MV3NwbXlRRnNGSEVFNnE1ZGtMczM4LUZqTWdOMg?oc=5,Spectrum News NY1,2026-08-04,neutral
OMNY,NYC Transit Just Got Rid of MetroCards for Fares. The Successor Could Put Your Privacy at Risk. - Reason Magazine,https://news.google.com/rss/articles/CBMiggFBVV95cUxNRUFYSXo2NjhWRUR2RFZRRTJYMlBIUDRoZEpjQWZYVGsxUlZua3JQV1labEZwczB1a1hHMl9LS2dWYXdhSmRTTDFOR1ZKNHdONHRuZ1lKNVlCVzU1aGxKak9LeXhQdl9Va2RST0JBQ2lNa3VUc0I2Ri1oa1puZXhncVJB?oc=5,Reason Magazine,2026-08-04,negative
OMNY,Manhattan man encounters issues with the OMNY senior discount - NBC New York,https://news.google.com/rss/articles/CBMivwFBVV95cUxQOE54cGE2cmlLZ1Y3YVE0elBuY282Ym4wczFUNHpFNlRhNGxiUzQtOHU5YWxURVI0U0xyekZISlhtTDExQ1IzSjB6Q1V5bV9TSmZEQUt1a05YcDA1RlVoalBNbFNXTWxiYWdjcEsyUGI1ZktidVBQRzN6Y0tuem43SnBVMllJXy1MNFFqaXF3RzZrYWV0OU93SG04Zk45M2xMNm43NEI3VmQ0cVpLQTVwb2h5T2h6T3dLa3FwYThFONIBxwFBVV95cUxQcm9wUllqNXVMZzg5clpab2NKTlJNWnlMd2JwYklKZWRjU2pDOVBLWWVsdGwwOTFtMDV5TFJqczc3bDU4VHpzbXY3T1pSenpfcm9Za3lYRWRtdWIxTGtPUUIwOFFNNVFXandnbHI4bnVjVl9WcUQwQ3ZQS2hXcml1cjRBMVhQNEp1ampYRGhGYTFJWkwzcTFQTmQ2cmJlTlE4eTQ2UXdnRFJ5a1N3a1F3SGMzSGtwTjdXYWxwU3F5MDJNX2REWnhv?oc=5,NBC New York,2026-08-04,neutral
OMNY,Nyc Students Say Omny Card Problems Are Leaving Them Stranded - News12 | Bronx,https://news.google.com/rss/articles/CBMivAFBVV95cUxPRWY4TGUxbTBTSEhLNTVpdVNMcEE0ekQ4SW5EWHU5cjhHN00yWFptYi1LTnVmZ2pLNVdhRVh0NXBZZlBBeURKTThWWS1wV25pdEV5NFZ6NXI3alRwRzcya1FGbl9LRi1LcGZxUUN1OThBUjRwYkQ4b3J6c2M4TkNSajdRNWgxcHl3a1UxU1NCZVdId25icW1LaEgyREhBSjRlakRrRkRnVk4yMmJvMThNTDlQUmZiMWFKUEJ5eQ?oc=5,News12 | Bronx,2026-08-04,negative
OMNY,Where to find an OMNY card in NYC as MetroCard is phased out - PIX11,https://news.google.com/rss/articles/CBMilwFBVV95cUxON3I0YU94MWFETGJGTEtIUk56eVI5V25JczNueVNyOWdQbHB6Wnc1c2Z0TDc3eF9USk9kNGlXWXNNbV8tSUFEdEdnTFlBMWdQU0xVQjh5S1BmVV9yNUlWSWJlRkRUWGdrVmFhYXY0R1k4czg1SE44ZndJa2I5OUZoS0pfYjdjOTZQQTJVc0Fqa0N4QzUyZWp30gGcAUFVX3lxTFA2bExzSGR5Z29ENWdUbWdnNU1VTTVrLTh6dGpodlh2ejhVRzc1VXFabFUwUjl6ZVJ5Um1mMFpNNXRDLUQ3cVhzclNNczBxbC1UVmN0S2VMZEdlQXJ6Sm9aTmtRT2JFLS1lQXM1b1dfOWwxa0Jjbl9Vd0tmaldBd2t3VXBlM2RkVkhOTFpPZmMwby1ycmtsbEp1VjhvYg?oc=5,PIX11,2026-08-04,neutral
OMNY,Some NYC students will get digital OMNY cards - CBS News,https://news.google.com/rss/articles/CBMijAFBVV95cUxPZTlIMFp2dnAyRjZncGVoRER5UlVJWGpsSGxRR0RKazFqTHVxMVFIeXNhNndWSHhNbi01UTFjS2N3YlY4b01qbldTQjc2Vnl3ZXZlSnpJZFVyTmVZUzZZN0VNRGVyWGxXeXZjaHJUNTFhYW5mbnJ0VDhKVTdqeE5aSTBUV1ZmN2pQLTRQUA?oc=5,CBS News,2026-08-04,neutral
OMNY,"Borough President Hoylman-Sigal, CM’s Marte and Restler, Riders Alliance, the Permanent Citizens Advisory Committee to the MTA, and Students Rally for Expanded Student OMNY Cards - Transportation Alternatives",https://news.google.com/rss/articles/CBMidEFVX3lxTE5LempCNDNycnZFN0M4bmxmREg4TTU3QWc1bG1FeE92RGUySmJ4bWE3blYyRTBjQzA5bGF1cHdxQWhUbkoyb0NuMXlyNVh4S3N2b1R5Mm1uS1lmbGNkOXppVTN5c3pxZFNHTGFURUVGSUlJTm5i?oc=5,Transportation Alternatives,2026-08-04,neutral
OMNY,Free OMNY cards coming for some CUNY students in new pilot program - PIX11,https://news.google.com/rss/articles/CBMiowFBVV95cUxOSm9hblRVN3h0QURZNlcwQ1RnM3pvc256a2xLelZtdFYzWlRobmlZNGI4bDBNVG5Cdzc3b0NpOGoyMHBzLU5PbF8wQ0ZyRjgwbjhhdGNHckgzLWpKNTVkc2MwMl9RT05CMTEzbXdnREJ1QV9mWWFCVS04SXpGQ2ZCR21rWkdBbUcxYTR2MElxcUtJYzJJcnk3aGF1V2w1bUVWTTBF0gGoAUFVX3lxTE1kOFVybmJpd1B4bUJEVGt1Mm51UGwxLXFSUVZMMzQ2UE4ya08zUW1Ha3dHeXdDRnBqelN2bEVSQkZYcFNXTVBFblVDbkdTVGpmNFBvNUx6a1JzU2swT3ZHeFVfZ0tuaS1CZzlBQVlYeXVteEV4QzgwXzZ5OExlcHl0QUpNOGl3UUVUTWw0eUFQeGhieEN2QzFHdloydjQ3dFFsTXVXUHlNWg?oc=5,PIX11,2026-08-04,positive
OMNY,Bee-Line fare hike: OMNY to replace MetroCards on all buses in Westchester County - ABC7 New York,https://news.google.com/rss/articles/CBMiowFBVV95cUxQX19mWS12TU05eFV1M1Nfank0UHVXTncwZnBpWWx4QWppR0R0VFB3Wmo0X1FvS3VUd0FPR0dhNDFCbWprSnZ0YU5ybDdqN0pjWTA5ak5GbXVNRHpybTdnYllvdTdYSW5UdFZiOGNMR1cxQUwwSi1fYkZwN0t2dzBaUHpkSDRrekRXUzlGNkFidnBxV3JxYW55ME5xel81SVQyMzV30gGoAUFVX3lxTE1FOXpsTmotNEp0SDV5RlJSbXYzRkJ1cmpfTjRwX3dSb2dDb1c1NUF5RnFmaHZvWXY3NkZKTXkzeFd6TWxkSXpBM0pmRWE1a2ZtQndMcUJlMXlVMDFLQUJHeFRVWk84UjFqMjdGUEtSa0lzRVZBMWNzSUNrRlYyWTJ5Y1d2dVFQR2pEZGpDZWFyb0hyQ2I5RlBpeWdYSUhtaFdFRV9BQ0x3bA?oc=5,ABC7 New York,2026-08-04,neutral
OMNY,Farewell to MetroCard: NYC commuters embrace OMNY - PIX11,https://news.google.com/rss/articles/CBMiiwFBVV95cUxPd0dwT0lrRzFTMXY4WUhOckNUa0p4a0tCS0lkOHd3QWE4ams2LVlVeEFRYngtcFpJdV8xdmt1LUY3c0NJM3AzV0xHeVVwTjVlajRjMlRwVER0eHdqZ0V5dlE3dV80bVJVSUtET2tjTTdyWXdsYzZDLUhaSTdFeFg5dWVzMmpST19aZkRN0gGQAUFVX3lxTE1naVlTMExxZkZ4b2tCMWRXaG5uZ0hEVTZJLTR4S0dCdmp1dnVvMHk5SmJqeGVCUUhoV2czZndnT3c5OG11N0JMMG9IV29HT3luamRRNGpERDItTXNzYnFtNHJ6M1dKZVlUYUpyZUQ3Y25fLXJBZXdMNDV6a3hLOXc3RWktbGlPc0hrZEdjQmU4Mw?oc=5,PIX11,2026-08-04,positive
OMNY,OMNY vending machines are finally coming to JFK AirTrain - timeout.com,https://news.google.com/rss/articles/CBMirgFBVV95cUxOWHZNYW5raEdqSGNWLVk1akZpcnhycHNjeWJYYmtneHNCY3pUbXVxcVFSVnhRMm1pTHB0Wmt0d3lJbVBETlJ0b2ZZSjh3S1hWQVJSZ1hCYm9DRnFxNG5WRDZ0MC1OWnlVYnRGcHBkUzJ5eWhpbFVsd2FreHYtU1pIOEJ5MkJxYUZ3ekN0VmNmdnJScVJwTWdLWndTVVJ5c1owel8tbVlidllIMDB4aHc?oc=5,timeout.com,2026-08-04,neutral
OMNY,"Opinion: As MTA Moves From MetroCard to OMNY, Accessibility Must Come First - citylimits.org",https://news.google.com/rss/articles/CBMingFBVV95cUxPb1Fub29nc0dBOEN1X3EwUk04NEZXS24tX0JQUTJZN3ZRT0lfNTc3R0NMQzFTUlBadWtWTmZtLUpSYVJvUDdHN3BPZmVUYUcwTHJQMUlYb3pxeHNZTG12NFZXS3dmYzVJV2UxYzBmQzRUd3lTdE1YM29RRjktVG5qakJIbTVITGgxT1BIS2FtQTZsSDFuazBkaWF1TnNVdw?oc=5,citylimits.org,2026-08-04,neutral
OMNY,"Kids demand fixes to NYC's student OMNY cards, saying flaws encourage fare evasion - Gothamist",https://news.google.com/rss/articles/CBMiqwFBVV95cUxQd3hHMUsya1BERUpDOGMxaVVsZFRMQm1wQlB0UXo0NXBVQ3lKR1dUQVR6VWNUbzk1RmJ0RE91OUVQUDUzVkJjTElJSkR1eG5UZWg0eTR2aFR4WG5ZZHBLWDFMV0pna0lXUU0zdEhmVG1FM0RFdVF5QTdEMC1EN0tjSVZZTDkwWkhWOU41NEVLVzZnNkRoYk56anpUWDA1Y3Q3ZHdVLV9VLWd2dmc?oc=5,Gothamist,2026-08-04,positive
OMNY,"How to Get a Lower Fare on NYC Buses, Subways and Ferries - The City Reporter",https://news.google.com/rss/articles/CBMihwFBVV95cUxPaktPRzJ2SFVxMDNSMTVyNnhGMTNqN1h1NFJyd2JkMUlKZHhGb3ZZR3ZIczNLdmxVXzVYZUFIN25kTF9zcnVwQm9Kc0QwSi1xV3R1S0N3SG91ZFRPTFQzcnZXN08yTkRQV3NRWDJYOEpuMmRGSFJIY1MyeXhVNnpjVDVJSTZ5dzQ?oc=5,The City Reporter,2026-08-04,negative
OMNY,"NYC moves toward digital OMNY cards for some public school students, report says - SILive.com",https://news.google.com/rss/articles/CBMiwwFBVV95cUxNS3pBWXBKX3NZTjBUcTZKc2hCZVhoUXphamNKR3cwSWtsV2xyMVVoWEVkVFBjZU5OUXdZdXVSLU9OcklqT0RYVDZhUTdISy1UdzJYa1hkdHhRbWRWQ3B5SlM3YVZfcGtzYVlXQjgtTTdpU1h4dUp0Zk85aFZTTVB2TUp0QkVTN1Z4M3Q4Q2NsaXJTQVF2Qm8yX0pOLWdzQ09rQ2FKRzRrTXU0ejc4ZEs3SmhyVndKN2JnZFlWMVBFOVNIdlk?oc=5,SILive.com,2026-08-04,neutral
OMNY,Security guard accused of using OMNY card to let people into subway for cash - CBS News,https://news.google.com/rss/articles/CBMitgFBVV95cUxOQWdxYm15dUtzNjhmcktYQkwwb1JZWXpRUUkxa2xMQ1JGNzA2OFdCb1M4NDZLV1gtUlIwb0xZNTItY0ZwTURQaktGa2E3enJKMVYwb2o5bV8wY3A2alhxdjI3NDFDRGx2VGU3ZXJGMXYtUzZwS0FrUHZxM1dvV1IzSl80V3BuV2l1X2lxcE1zUU14a212UmJKR1ZIaTQ0OGlpZkRfeks3MjgyRmZLWExTUkpYRGJqUQ?oc=5,CBS News,2026-08-04,neutral
OMNY,MTA gate guard caught on camera trading OMNY swipes for cash: agency watchdog - amNewYork,https://news.google.com/rss/articles/CBMifEFVX3lxTFBhOTd5MmY5VTFZZWMyTjg2TmFXT0RpYTZiSl9SM3hpTGZtQmhiQzE0bDlDMjY1T2tIRWxFQmNkV1Q2VVI4OHcwXzRSSFl2MW5JRDVaM2lvbEZWT2ZtRFEyRkc1ODJKV2QzUElWVFZtaHNqS1k0ZFNoMHpxVmU?oc=5,amNewYork,2026-08-04,neutral
OMNY,NYC commuters face OMNY problems just days before tap-and-ride system becomes only option for NYC subway fare - New York Post,https://news.google.com/rss/articles/CBMinwFBVV95cUxPVi0xMkhKQi04ZUlLZmVtSXRPZ1E0a3E4NWhSZG1lVzhkaldFUldfcmxwZXZMeWFHMURYM2FEdkxJZ0YxTkNjRlNrUjF5OXlxSVZmVUkwRmxGMk13V2pUc1dTS0RCZHdINmppclgzdEx2YzVTdk5HUHdIbC1kMUY1MWNNbHRxU29oWTlrSk9FSXAzTXQwelV1aVVsR1lQTDQ?oc=5,New York Post,2026-08-04,negative
OMNY,The Bee-Line Stings Riders With a Last-Minute OMNY Rollout - New York City News Service,https://news.google.com/rss/articles/CBMipwFBVV95cUxOTHAwQTlEUDBEUVJXTUdpWHlBc3UyUGxRUktrcURVeHZUbFhEcTFrTlI1a0pndmJkX1hFTTRsaGtlY1VRQ3pWNVpYakhkYXRvZDU4Snk5M19QSEkzcHZ2ZGM1Z08yazN1c0RtNl9tZVkyNXJmdXg2MWNGVC1RdFRUdjZaVVlZZzZOWUVIUHJtellJY2g5YjRTREtOMmRyNjhZajRIWExPdw?oc=5,New York City News Service,2026-08-04,neutral
OMNY,When do student OMNY cards expire in NYC? Things to know - PIX11,https://news.google.com/rss/articles/CBMilAFBVV95cUxNMEI3VGxVX0NFMHZlNnJOTWpWeDV1SHVyR2tkZnBpYm12NnVkWmU1OTRucGpBVzRteGFMaHlrT044UVFPTkZPNlN6d29Vd0hsOUNZLVlOXy04MjZBV0VWdUVtUl9vNzVuOHBiZ2dESzFHNEM5UzhFYmNGWTFVRkllRENBR0R2VEdBYnJhWmZDLVB4NjY00gGaAUFVX3lxTE1PSGp6ZGNNNHJfS2pDUWZ1aVRWWkNObHd5WG5LUnRTVFRsc3lDNnd0aVp1NXFxaHY2bDZPeTRmd2l5Vk10VHZOTkl3MWNRU3NKYzJhUU1DRE03VFRNUDdhSXJ5RGplRm1EcVdaanpha2tjWGhiYzVmWVNQS2xLNmRqSDhYTjlQRDB2ek1WY2VlV0xRa3FDLWR4anc?oc=5,PIX11,2026-08-04,neutral
OMNY,NYC Student OMNY Cards Go Digital - Patch,https://news.google.com/rss/articles/CBMif0FVX3lxTE9CYlZ2Q2dPUF8tb2NvSDJmc1NkcmdKNjBnOHZFNlNXRVhfLXJRTnpieDl4eF9rLVJUdy1rOVg3clBqLUNBQTVZNU1idHpPdlBuVUxraVI5VDY0VGRDNUM5VmVDVHdBd01ld3hUampnb3ZXVm5nQUxkYkVHbUJVd00?oc=5,Patch,2026-08-04,neutral
OMNY,The MTA Is Doubling the Cost of OMNY Cards: Why You Need To Buy One Now - Secret NYC,https://news.google.com/rss/articles/CBMidEFVX3lxTE5OS2FBT2UyVjkteEh2UTN4LU9XWHNFQzlOY2JvT0lWaXV4M25UN0p0RExzQnZPSTdRbnFwbGlJVk5zU3NRbWx6R2I0TnY5dHJlQXR4blBfel8wbzI4OG5vVlhvenFoTDE0REhEYjlMVUJER3Y1?oc=5,Secret NYC,2026-08-04,neutral
OMNY,Push continues for free OMNY cards for CUNY students - PIX11,https://news.google.com/rss/articles/CBMikAFBVV95cUxNOERieXlNeXR3ajN2b3RYUzA3VjUzYTJoYzJDbHNpcG9UeUd1Ri04cUxiSjRJMlk0OGxRQnIwVjliQ3NCeW5HQUdjN0MzMHpDTTZMWTRlMDhtd2NSbFM2YUFEYm0xaVZpempvRkFmb3o1MWVqOHRhYk9nMzdlcURBU2FweXVGQ29kWmJ2WmwtUjbSAZYBQVVfeXFMUHFjSEtjU3c0MnlQWlgyWWdvYTBtQWhLWTN6dU0yQXZnV1VQMFpySGx4OEZGcm80dkFhTE9SU2FHY1VGbmVsd29mMDRvbC1DN2U3RUxJdGR5SE16YjJSem03U0R0ejIwak56c0x2QnRURmxEWm10MlVEWXhPUUYyTkFSdmoyZ1NXbjNaaEpYOTM0SFlHQ0xn?oc=5,PIX11,2026-08-04,positive
OMNY,CM Ariola calls for ‘unlimited and universal’ free OMNY cards for NYC school students - qns.com,https://news.google.com/rss/articles/CBMiZ0FVX3lxTE8tZWNuSk0ydlBtaTdLd0lqaUVBMkRDNXNLeXZ6OGVWd0UyMDctSHB6N0tOWmxieHZ2cEdRMlNnaGlvRjhXdS1IM1lMMkVyRWp6TkRyT1lHMUZHSHJ5bTlUWE9vUWZkWHM?oc=5,qns.com,2026-08-04,positive
OMNY,Civilian agents with handheld devices are being deployed across NYC buses to verify tickets - timeout.com,https://news.google.com/rss/articles/CBMi0AFBVV95cUxNRnZLMHZvdXkzR0tMS0VPRTNPYkZYVWpQU0dWYUphdGE4ODBXQWpaN0JQSldxWUY5Y0Y4OUVzUVl4OFViNm41NTBNT1VwYlBFLXYxdy1mSmx3YXlZT0Q2TXhyenVPTXg4TUJ0VW9pem11dnUwS1JfSTNfektVY2R4cHZ6REs4ZFdRVjNfSzZLZDJzckdiSXBGQ3BSd3hKeXZWU0pJNThidk4xZzVfU1E5Uk5wUnVBY2JzWC1PaVJ0aVlrcmRVNTc5WmZkS2Y4bF9Z?oc=5,timeout.com,2026-08-04,neutral
OMNY,Some NYC seniors troubled by switch to OMNY as MTA kills the MetroCard - Gothamist,https://news.google.com/rss/articles/CBMingFBVV95cUxQYm9XdVdXNE11Q0hjY1R5Z1ZVUkdJbzdwVTN2Q1lHTG9lcFh2RG9mb3UxcmxhNHlwR213djA3bzcxbzBKdGZVNHdkUi1CQ2MyZjVUTWFDX1p6cG85M254dU8zZTU3Z2lNSUZjdWNxaU0tUmk3LVpYY25OX2h5WEdaanNXQ1VxT1liZ1kxUVBqZVkxeU5adDVIdnltX2JNQQ?oc=5,Gothamist,2026-08-04,negative
OMNY,3 things you need to do before MetroCard switches to OMNY - PIX11,https://news.google.com/rss/articles/CBMilwFBVV95cUxNcFNrUUV4TjNNcFUxbDlBSmVuVzJ5d1UwX1hUSVNJdGQ3TVpzYS00Z2Ztb1BldmdVeTZDOVRKMi1EOXl2cDBhbUdYcHlwamJ1M0F0MllCcHA5T1ZnUEp1VG1WaWp5eTIwTTlyMU45Qm5Cemo5RGEyZWxaWDE1Q0MwNTlPR19WVkRJeE5ZUnF0WWtQNGN1X3lV0gGcAUFVX3lxTE5Pb000bFBocWhseHB2RkQwb1cyeDg4dWRlcm5ReUsxYnEwWWJkLUF5QUdmcktoLUJrVGp5Q2E4M29VV2NBYl8tSkZ3eUI4OTJidFNYQTc1VjNqVW8zRUhWM1hmZFJIOGVpY0pqcktSZFRCa1Z2RS1sNC14b3VKS1JtZm1KVGwtbnVrbS04M3pBN0NUNnF2aXBEc0JkOA?oc=5,PIX11,2026-08-04,neutral
OMNY,OMNY officially takes over New York City public transit - PIX11,https://news.google.com/rss/articles/CBMilAFBVV95cUxPSEpwNURjaFYxd0Nld3I3d1lzR0VWaG94cVcydzhZd1FBOFJqSkRLdGlwem55cEVOUzRZSGtkODdIOFF0MWxSZmxraVFmZ2VPUDJsTHhrQ3YyaThzRUhGTTBfeDk4a29McGxYZEthSTkyVlkwVll5YlNSVWtIa0RNbmlTekhyVkJrU0ZqRVp4QTljeFhF0gGaAUFVX3lxTE1lUEtUQk03emNLbHl6Q2JnMVFuRFB3V1VQaGU0LXc1YlhKSDNINF9tOUZsWjhTekh1WC1vRnZZMW9tMmM0OFZ1VzQxZFZ2d3lIMDh3cjlaWlgtcGNYVXY1UTVuV1lJMDJmY0xSb0NFaWUwN05ZVTZrVGI0dDdxYzdzZmZFcWlubFcwZVEwSTRZTUdUekhJUy1jS0E?oc=5,PIX11,2026-08-04,neutral
The L,Prestige beauty outpaces high-end bags as China's luxury spending evolves - Reuters,https://news.google.com/rss/articles/CBMiygFBVV95cUxNRVZRdTNOTzRfYVlvOTdBM3I5WDJSNndyTk44TkMtaTVOR0t3cVpraHE2SEMtYnNmeU91WnAyWlRSZUl6dXB0Yk8xa291WGg4RU9GUGQ0aEc4VHhGMkNNdzRJLVY2NHU2dG5lOXdtRGtieXRJODFNVHRxRndDcm5BUTZaNV91NVJvc1NpOUZOOEZLRDZCblJjSXhYY212NmxIZGhkNmdRVlZXQ2RCQWNwLVRPaHR3cTJoTUxXWVRwcHp2cDFJM0JjNEtR?oc=5,Reuters,2026-08-04,positive
The L,View Exterior Photos of the 2027 Tesla Model Y L Launch - Car and Driver,https://news.google.com/rss/articles/CBMingFBVV95cUxOVHFpTXhIMWtIWFlrbV9PNjVqMldPaTNrcE9aX2luNG5ZSlFVa1FyUzhLTVdFY05oTE5Lby1MQ3NrZXJ0dG1abTZJeGktUGNtOTRUSFFHc0hlNUxZeE1RT1cxYVFRTWNSZ25CTUtDWXVFSnVwbmdWenlrbmR4em1ITThNdDROQW9wa0pTZzRETm91WENra25FWUd1ZU94UQ?oc=5,Car and Driver,2026-08-04,positive
The L,We Drove Tesla’s Longboi Model Y L. Here’s What Stands Out. - MotorTrend,https://news.google.com/rss/articles/CBMidkFVX3lxTE9FYU1ibW5MZlZNcGQzQ2xMYkpQcE1GQ2E4S01zUVBHNExwU0NkTlo5S1ppUGNyVFVYVEplclFSVFhTc0NYMG5tWm1BMVItS1ZhWWU3QkhQYlV4Vlg1cWdTRW0zT2QyV21jTWVkZGJURmlvTlRoUFE?oc=5,MotorTrend,2026-08-04,neutral
The L,Acrobatic Jet Featured at New River Valley Airport Event - pcpatriot.com,https://news.google.com/rss/articles/CBMihgFBVV95cUxOTDZjZjBXdlpNTHhTZ25LOTBJYTNPNDViSDNfQjJUT3hnd3RORmdHcGNzWHp4T3l5dlFUY2JNV2EzbDNzUmc5N1F0ekJLZlJpaTdKYnpuQUx3WWs1RE00Z2kxT2x1aWg0RDFYYThpREtkc3NtRjJDdVlMU3BPc0FVZ1Jkdndndw?oc=5,pcpatriot.com,2026-08-04,neutral
The L,We Drove the 2027 Tesla Model Y L. It Isn't Just Bigger — It's Better - Edmunds,https://news.google.com/rss/articles/CBMigwFBVV95cUxQSFBVb2ZrRTl1RzNhNC1IVGw4d0NpRUdNaXRfS1ZpUklvUHRfSHlGSjM1cEdOMF85SW5MeE9WQkU4MUhERnc4MDhiYVE2SzJGU2hPcEVjTWlBWndGWXkxVUItTktaUGxQamR2d3ZmZ0hCQzVGTEJhcHFmeGhBLUluM3Z4QQ?oc=5,Edmunds,2026-08-04,positive
The L,Cruz takes the 'L' -- but the Yankees' offense takes the blame - MLB.com,https://news.google.com/rss/articles/CBMihgFBVV95cUxPZ1lOU0JQYUd6Mlo1blNCWXEzbC1XeUdOYzhJcWxzbDV2Q2VZQlY3bkd3RDVlb1BlTGJ5YWJTdkduV2FNVUdzU2JRYWdPcmdUX2tqYjVwQ2thM085Q2Vob0lFMDZid2xsTkhSR1IyYVd4MDhnXzJaQ3NONUlTUmpKZGJzVzVJdw?oc=5,MLB.com,2026-08-04,negative
The L,The L-Fund joins forces with Coachella Valley LGBTQ Center - The Desert Sun,https://news.google.com/rss/articles/CBMi7gFBVV95cUxOZURvYmtqemhGaExjM2RyV0Zuc1BQdUdmMlVjb3R1NG9pV1AycjBkNk8yYjVoc0s5bmV0ZG9SSTQ5OS1ZT2o2NXlvdjR6WUNqVHlvdHhmR09XVEg1ZFJNRFN1cHpEOWlsZTZ1U2Vrd1RjaXpmMGVPSGc4OEhrZFVwY3pOOXRKaWI1ZVJXcXZabTdMYWFwVWdIeUdsSUltZWxMS3JSS215dW9aTGoxTlZfOURKeUtiUGtmRU5uYnhOMl83OXNBMjZpNTJRR0FvM3paSWtQTnFOUlplcXBWUTJhcF8tS0U4akZOQ2hOdEt3?oc=5,The Desert Sun,2026-08-04,neutral
The L,Code 1 Aviation Named North American Sales Partner for Aero Vodochody’s L-39 Skyfox - Vintage Aviation News,https://news.google.com/rss/articles/CBMizgFBVV95cUxPYW9tS2I2WlN0NHBydkJSTEhIUnZzLVVuX2w1YmdKXzVET2w1NzQxYUpOYWdaTkEzT0pBRnQyUXFZNHhYTFY0N1dndWh0QVlRWk1UR1h2cVNZMWEyM293WUxsQmFyczNIYm9aMDM4a3dYa0J5TE5ZckxSWk1YemhZN2MtMjU3WExKc1ViTHpYc2V4d1pwMHExQTlKMXQ1M2xhSHgtNG5LRDV5NWFZTHVHcHZiSmtoZkR5UWg2OE1Nc2tVTkE5eC1CSUFfVlBPQQ?oc=5,Vintage Aviation News,2026-08-04,neutral
The L,From The Archives: The L-159 Flies Twenty-Five Years Ago In Aviation Week - Aviation Week,https://news.google.com/rss/articles/CBMikwFBVV95cUxPYUd2cGllT2RRdVJhVkJDMk1QeXFYejg4Qmt6R1AwdUlMRnY4c2t0Z2JiMDQxUXFoREFITUJMZElCd2hGdThMVWtMTDJMUzFVVUVKdEd6OFR0WkVsVGRPU1k2T2pqalZPMjIwQW1mLVZLUjY4WWdGYnc4YmY3akszeGU4TXBrMUd1U0JyeVNnX3hFYlE?oc=5,Aviation Week,2026-08-04,neutral
The L,HiSilicon Kirin XE90 Processor - Benchmarks and Specs - Notebookcheck,https://news.google.com/rss/articles/CBMinAFBVV95cUxQblFoREg5Nk5FNEg4bHlhdndVMDdSODVaS2loaDNFWGhKTnp5RjltWGstZUtkcnptcXQ0UU9DNkY1MjltUDdWb3Boc2lyaHdBcWpXcWpPRlUyeWYzSlhyV3BaQUM2QlJDSmtmRERmdEZNdmZ3ZmZGRDlBWWtadE9odW1Ccjd0NlBnRHdKT1BZSHhGUHBuNHdJUTRrd0c?oc=5,Notebookcheck,2026-08-04,neutral
The L,Back in the “L” Column - Covering the Corner,https://news.google.com/rss/articles/CBMingFBVV95cUxOTllLazlaX2UwV05yaThsaGtRSm9VMmVnZWhpb1ZaNUxRcGJSdUVSU2pvMmVWU21OSHVUTWpKX1RNMTIzUzJtcU1mNGxFQ0VIZzBlQlVuc0lCQVFDY0JHekg0OEFMemVhZ2xyRFFsWkF1RF8wakRBck9QMVNuNlNyOTRIN2RhVmEyYnVpclRSRDhxaEZnbjRxTFdUNE5JUQ?oc=5,Covering the Corner,2026-08-04,neutral
The L,Herzog & de Meuron Transform Vintage Pavilion into Elegant Dining Experience at Lago di Como - freeyork,https://news.google.com/rss/articles/CBMif0FVX3lxTFB1ZXB2alFJblh4QmRkT3dzbkowcHEySjRoc0R6aUhvVlQxS21vbDdlMWFielNHVk5oLUhTNTRqbkJncXhpTmhPMkRpUEV4YzZQczZPWXNGMjVPUDFhMUVlMExNeUtvdGpZTlFnRGI1bzR1MHNBRVdKQTF5cWZFakE?oc=5,freeyork,2026-08-04,positive
The L,L-Citrulline Erectile Dysfunction Study: What the Research Reveals for Mild Cases *nF7qHskFs* - fcbayern.com,https://news.google.com/rss/articles/CBMi3wFBVV95cUxPcnBVd1RkZ0pfc0ExNDN5dGR2bWtvLTR0aDhmUEFoRGVUWF9aR0hPcVFuODZORXVXakpjMjcxT2ZEWHpRRTZXODB0NE5DQnVZZjhncXRkdk93RF9wWnhHOGNfMnRTOFU0YlBiN3lNRUFrSTM2SExSLTJ0d3VkYnJFV1FINE00RmhQZ1J6UFFjaFFlWjZDeUNsdkVuaWl3SU1YUWxLYklubTFJcTdxZDliemlUd05saXdBQUFCLXEyQ04zcmtoV3YzcG9HOWlfc2tYaHIwVHhRMEdDRE01Qmgw?oc=5,fcbayern.com,2026-08-04,negative
The L,"Yankees troll Cubs with 'L train"" after series win - CubsHQ",https://news.google.com/rss/articles/CBMinAFBVV95cUxPT013X0UtZ0J4VEpNcllhY0d6bl90aHNSbWtuSlVFOG52dGs3V3A3LUJPTFZwZ0xlbzNERnVrYXF6bVJEWV8xUHc2dDU2cVE0di1veGthdFRXUzJkMkhmOU5RMTdVT1FCM3lRT3BzSHNUWF8yZUpIeTVGR2QzUzNqNTM4UnhJaDBVNnJMNWJTLTA4cFU3VEhES0thblQ?oc=5,CubsHQ,2026-08-04,positive
The L,Robyn McDougle named interim dean of the L. Douglas Wilder School of Government and Public Affairs - wilder.vcu.edu,https://news.google.com/rss/articles/CBMi5wFBVV95cUxQMXo4bDAzc0k2eXE1MmU2eWo2OFZYYnBpUHZyS1J6TjZLLW8tTWZObjM0NzdIeEh2MHVGaHM4dzF1Vkt3ajJEQXBjSVBKdVEyMWpKUGdSSEdEcHdaY000RmY3aFM4c205eUp4WnZLMExTY21ocDNwZlNoTWVXRmItdVRUUm9DM3p4YURNdGprZmwwYWl6YU82aXpCbURDWmVITE5jdi1sbGRHS3BFM0RyVTNOSzFPcUFkN01ZWmFUX1FnY2ZnWk92RGRZM1Jia1YtS2RyWmpFR0l1NEFvOXM1eVVOVm96TzQ?oc=5,wilder.vcu.edu,2026-08-04,neutral
The L,From Self-Doubt to the Start Line: Melanie Bianchi’s Journey to L’Étape Czech Republic - Škoda We Love Cycling,https://news.google.com/rss/articles/CBMinAFBVV95cUxQNTBWMTNqek1TLW9jQWtIUGw1V1h2YzhIdHA4VTdTb1hjTlZXT1N5UF9vaGt6ejBrcWFuRHBmNF9EemRYZEo0Q1JvVTZBa20wcVRtcGlrVWpmRTE2cFBaQUoydWJ3MHhHQk93NV9ZNVN0VW9McEd1QkVReHYzaEcxN1d0ZXVIZW5teVVsMmFCMFhRc3JPRjh1VElOV0g?oc=5,Škoda We Love Cycling,2026-08-04,positive
The L,Back in the “L” Column - Yahoo Sports,https://news.google.com/rss/articles/CBMib0FVX3lxTFB6dDNtcXFtSmtnVDI0d0E2SHkyNWhkdE5tU0NoU3VEbWhoY0t3a0pUYjFZVXdiODVCbDExWnRNWHVCSGNGLTE1WVFRUWNNTU1VeWRiZzI0ZnI5RDJvQjJfMFpBQmtKeERPRGFUMm8xWQ?oc=5,Yahoo Sports,2026-08-04,neutral
The L,View Interior Photos of the 2027 Tesla Model Y L - Car and Driver,https://news.google.com/rss/articles/CBMingFBVV95cUxONDRFdjVHY2NwdmZGV1dMNDc2TXlpM0IyaGpRN2h6eVNZUU11RFhlS2xHeWRUZHJnS3YtNG9pTkJ1REZ2WDN5Tm9CNlUyWFkzOHRtQnBxZUhSR0hvaUtXY0JZM1g1UmZlTzI5TnhsNkN5aEtJczJPUkMzTUozbTF3QWc5QldNVHNjb2dLbHg1OHA1Zk1EUTNmMTZpVFJkZw?oc=5,Car and Driver,2026-08-04,positive
The L,# L-arginine erectile dysfunction randomized controlled trial meta-analysis: What the Evidence Shows for Everyday Use *xKwyBwK9G* - fcbayern.com,https://news.google.com/rss/articles/CBMi3wFBVV95cUxQcWh5S0poUnVHdFdoaEtZYU90WmJ2UTdaMFYwOEFWN2N5ZTd6MERsVzZyYTBxajhzZkRkZVZqRGR4NlRmcndPbHlqLWRJc1dKMEo1eTh6WUZnMGJsSU5NVDNmR3FHZmt1WmhHbUtSWG9FVmZyM2pPaU85Q2JHWEgzaHR2SlY2NC1VX3dIVkhxeUxNcjNvWUNtaUNvTUZGSXRPRjkwZ1VCaEwwRUx1Q29VX3lRLVRGOEs5RjFiY1FjNzAtT1diLThNSTBlZHJmNm4xV3pSSnhObFVSNnFpa1N3?oc=5,fcbayern.com,2026-08-04,negative
The L,Santa Rosa hotel damaged by fire - KOAT,https://news.google.com/rss/articles/CBMiekFVX3lxTE9wUFpOT2V1b3dYVUxCb1ZuZFRCOVdMeW5QUTdsMVgxSjhQVVExa0JQU2tmZTZWZnZhTU5EdmlRZGlqMURyNF9DYzJVVnJncVdWeGlNb1M1c28wU0tieDlpak1BTk1qdTNOT0E1bVNURnhjZXNMcDRyYVRn?oc=5,KOAT,2026-08-04,negative
The L,Free teacher supply pantry opens in Chula Vista - NBC 7 San Diego,https://news.google.com/rss/articles/CBMilAFBVV95cUxQSTh0akJGVHpqeWFLcnRPa09XWUJ5bHl5bVFGcXJGTWFzQlVuT3Y3M01TVU9ieTU0dEtBTlZEV24xU0VuRnkxZUF1RFR3NnNJd3hCeWtTdkhtQW0wWXc2d0tSZm1aTTYzT1ZxSUl5U3l4cGxvbzVQc3ZaU2phZWIzWThSZkswOWUxLURpN0t1UEt5TGNz0gGcAUFVX3lxTE02WE1OWUF6UEVWTWxVUU94ZVlZZzNVMFdkcG9LbERuZzM4bHJIdE5MRmFQRlczWHZtMEgzdWUtdXdubEhEX1NWSXV6bkVHTFNDV2JMNjZ5dGhNRnQ0R1NqS3NVSWx4b19adHlNWlBiWGVHRHUyZnZBYTBBODRZT2hFU2h5SElPel9SdUJjWWxBNklwazBEYjVld1lLQw?oc=5,NBC 7 San Diego,2026-08-04,positive
The L,L’Chaim: Rivkin – Smith - COLlive,https://news.google.com/rss/articles/CBMiUkFVX3lxTFBPSFRVWW80NW1kUjFkYURfV3JDY2c2dUREZG8xX25VZld4dlA1S2dEN09HMUp4M0xxcVl3WVJCbnNxWlJJNENzd3VuZnlmUlZ6OGc?oc=5,COLlive,2026-08-04,neutral
The L,The L'Air Liquide S.A. (EPA:AI) Interim Results Are Out And Analysts Have Published New Forecasts - simplywall.st,https://news.google.com/rss/articles/CBMizwFBVV95cUxPX2VRN0xEazBPZlJkUHpYVUl4d0huVzlqX0RXQ0VtU2w4Yl8ycFVGRDg1NF94amRTeWdxWmd2ZFhRTmk0d01CdGswWnRyYmMtOFR0aTVGU3ZpNWdGU0hsNWlJRjF5aWFOWjMyajZxdi0yX2hqUzNJOS1JbnRZR1B5UnY3MHhlMkRjc0JVcmVHRF9rcEdHV3ZJX01MREhZZ2FTYjBGQVBHTV91UkM5NU1TaE96ZHItZm5mTHpuVzg3WVg2Z3RwZDg3VUIwRUQ3bjjSAdQBQVVfeXFMTmJrMDc5eWk0ZzNtZm1UcTZtQmtfZFNWMjJfWEpKSlN0VzV1Mzg4ZDNOMVhHdEp1bGo2dmplVFJ6d2FWUWJfSHloUlMzMV85ZVBBc280cmg1MGljQTVpbzdReGF1UUxSbk1uU21rRWFiX1JCOG1tT3VWbE9TcV9qbldNMXE1U05Qa3F2SjBnZk82SGhFVC1WNmJDWGZteGhZN29mZVJDMDYxSzd0Z2RoVU5FX1RkdUlTYWhQbHpBcHlEdjYzMUdORHB1YV92WlNESlRNX3I?oc=5,simplywall.st,2026-08-04,neutral
The L,"Aero L-39 Albatros — History, Specs & Stories - MiGFlug",https://news.google.com/rss/articles/CBMiVkFVX3lxTE5LXzNqRnN0dWtpNDRHc3Q5czFzRTNYTDFoUmI3aVBkUmZseHU2U0dBY1FkOTdVZG1YWVBhTWRPY0c5QVgzS0lEVXdHeVAwMDBiRGtrQWRB?oc=5,MiGFlug,2026-08-04,neutral
The L,"Reel Thoughts: ‘Love Island USA’ Season 8 delivered the L-word, but not much else - The Daily Northwestern",https://news.google.com/rss/articles/CBMivwFBVV95cUxPSFlPNGxjWUlrcEpPYnhxcFh1ZnN2bzFoWWtHeDFIakxXX2xlYkc1RDhuUG44SnI5QldiZlQwV0JHYzJ6dk91UHhYT2V5aWhCRzI3N2Y2SktOVmN3UXRTQzQtbDA3c2dIT3B4akdLNndDWmpJQXB0b3ZjYWpuYmdfcUF0dEFCaGhOelRoR2RZZ0o1RFBFSDJ2U0tvWDRIX2JocVhnTWxTbGRaTE00NnlXYjRsbHNlSHVLb3V4a093QQ?oc=5,The Daily Northwestern,2026-08-04,neutral
The L,Marines to get new anti-drone round for M4 and M27 rifles - Task & Purpose,https://news.google.com/rss/articles/CBMiYkFVX3lxTE5MRE5HVERPLWpmbkNrOUctb056clBKUUtKNFJBVm5VV1EyT3YwRjR2a3Z5Tkl2eVJSTGdOT0loekVMMUV4SzNfOENsdEtNS09NVEZRQkZQV3Y3RXhLQkh5WC1n?oc=5,Task & Purpose,2026-08-04,neutral
The L,L Looks 14.2% Overvalued on GF Value™ - GuruFocus,https://news.google.com/rss/articles/CBMifkFVX3lxTFBNNkNheTlzamh0ZmhnZWdoT0dNNXBESlgyQzRoaWYwVV9RVnJFemNPWHBoUVhHU0tiRUpmY0hDbnljSkc3ZktBNy1XU1p3cFFFSXRFOXcwYkJlbVlIN3ZfcFV0MmExcFN0QUM0bzRLY0NoYm14aFpLSlRIcXByQQ?oc=5,GuruFocus,2026-08-04,positive
The L,Chinese TV shows rely on L-Acoustics for live sound - Pro AVL Asia,https://news.google.com/rss/articles/CBMimAFBVV95cUxOR1Q2V2lheXdSNUxEbXFSTDcteTVkamxhMkVjWDRQTDdwYzFKVW5BVkw4bGJfTDk4NDhiSGJQNU52QlhLTkplaXhicU1UbTl2S3dNektNU2JibDBSSEVvME5mQXQ3ZFdUTVd6V2w5anowd0UwZmhleWpVMWU4cV83UXNiSmU4d3RjbFFyeDZVNEhuazJOeUI3eg?oc=5,Pro AVL Asia,2026-08-04,neutral
The L,8 New Audio Upgrades To Look Out For In 2026 - bgr.com,https://news.google.com/rss/articles/CBMibEFVX3lxTE1uQVJzWG5uekFYVkRGMzdZdkplZlNabVQ3aTB1djYtb3dpLUoybXVVSnJ1NC1OV0dKLTlWdHBna0Vxb2NtekRTdE5famphZVkxbnY4Q20yOVQtRlh2QTFRTDF6WnpaOGI2bV84Xw?oc=5,bgr.com,2026-08-04,neutral
The L,Palm Card: ‘The L Word’ in an election year - Audacy,https://news.google.com/rss/articles/CBMiigFBVV95cUxOUlZkOEtJVl9WbEV6QkphOUMwcldlRFZBcHIxSEhlYTZEVHNwOXlCeDlVSTlUSXlydm9xVDNSUFQtV0dCWDQ2VUh3MHR5YXRCa1dneGNwZHhmNUY3OUJYY1dKcUZnMFBZZXNMbTBEOWNYT0N1WWJXS3pia09QZVN1TGFJZmhadnZmblE?oc=5,Audacy,2026-08-04,positive
The L,Europe’s Spy Ranking Reveals the Strengths and Blind Spots of Nordic-Baltic Intelligence Services - The Baltic Sentinel,https://news.google.com/rss/articles/CBMiywFBVV95cUxPVENZaGZlR0lLc0JfS1RKRE55ZldXdFZkanRfbHRLVmtYVHdZbkVqLW5DbWdHdjNocGRFZnY5RldubV81bFFFa2E1a1dBQ2NlQjRUVVp3U3lnNUQwd1NkNHVaUHNzMzRkT0ozVHJCdDVxZUJ5Z0V1Ql9EYUphZU9wb3lGelFvWFJ0eS16MjJvYjJqa1AzTFdsaGEtaVVBLXJ2ME55NzhKTXRha1oydUd1aTZsaEN2eDlORHZuNDNOU3NxSURCRzlvVENRUQ?oc=5,The Baltic Sentinel,2026-08-04,positive
The L,Lose the ‘R’ Or Take the ‘L’? - thedispatch.com,https://news.google.com/rss/articles/CBMigwFBVV95cUxNSWw3c2JlSV9LNmpDQ1RYbzVVUXUyRlRCSVFTaVJHaUpFS19KeDJGdTV1M3ZmQ3hJd2JXUUQweEotblE5NVN4RVdyYlIzU2ZUZGROZmJoSEhvZGZyTHpwUWlKMW5zZXVnamFvYXdGcUg4WkVKT1BtY3Q4YnpiTGtFOGVHMA?oc=5,thedispatch.com,2026-08-04,negative
The L,I Might Cheat On My Partner: How “The L Word” Shaped My Pubescent Lesbian Brain - transyrambler.com,https://news.google.com/rss/articles/CBMitAFBVV95cUxONFREdnFKMVI1dGdTc3ljTmVQSU5VVWxpV2lock5acGVWTldBSnl4RWdRSmRFaVNLMXN4amNIOUNlTXV3dHhkODIxQmltdmNucGw5Q1g0ZnRqRG82X3VzOFA4M1BGQmF3d01OaUVucXhxekI4S3otVE5fTThuVEVxWUl2VGFRal9KYmY0NUg5RzVXcnpjZHpDMTlrVnlYZVFIRkxWamZoZktlblNncUlZWVMzOVo?oc=5,transyrambler.com,2026-08-04,neutral
The L,Robyn McDougle named interim dean of the L. Douglas Wilder School of Government and Public Affairs - VCU News,https://news.google.com/rss/articles/CBMiowFBVV95cUxQd2RmQkhnZk5KcTh6V25SMk54aS1aalFwVTdYUXJLTjRUN2s3eEdkQ1J4SEMtTGx4RlRRSl9NOERfUE5sdjNmWVV1NWNWN3VuTC01MnM2MURPMnlkVlFuYVl3ZDlBbnRxUnYtWjYycXliYjJUUmR3ZHVXb1RmMlFFcm1MYUhZVmVsLXhkQlZhWTRWYm9RY3E5aFlqOGxCZTZ4N0gw?oc=5,VCU News,2026-08-04,neutral
The L,I Mean It When I Say That I've Never Loved A Brow Product More Than This $10 Pen From The Drugstore - HuffPost,https://news.google.com/rss/articles/CBMiogFBVV95cUxPQnMwZktjSDBwTWIzTnk0QnZyVUJ1Z2h6eU1yMU11VUpiVjY2QzR5RWlES3pzbDhxbWowc3JzajN3cEt4UnBsQTdmekxNZlhKd1JyV3czQk1xeVliTXB5U092N0tfQ05TZW43cmxYVVBxQWRsS2I0Y1VnNGh6STBIY0FvOFJKOVdoTFlSc3lWVmJodXpmTDF4d0lSWkhqSlZHM1HSAacBQVVfeXFMTlZOWnVQR1RrU29YMGZQQnNJNTZvc3pMSm5qSlFHRjNDbXYzbThjYTI3Y241aDQ1NGc4WU9lVVgzX2hfQUNDOHhfT0o0ak5UaUQyOHYyRld6YVlpMjE3WDlGdEZVWUdVdE55bG1CYzBIYmJ6dnZKRER0eDhfUjZENDR4QkRqS3RRT1k5OXFQblhpd1czWUZGQWNlUUNMWXBISjh4Q19ER0k?oc=5,HuffPost,2026-08-04,negative
The L,"""SBC versus smoking on the CTA"" part five: Posting pizza-themed PSAs against puffing on the 'L' at every Blue stop provided a slice of Windy City life - Streetsblog Chicago",https://news.google.com/rss/articles/CBMilAJBVV95cUxQQ0czMTVrZUxONVN6QlNOOWJOa0l3R0xvcjB4MG4xV09rWXNKaEl3ZzJ5T2MyN1RiTUxvTk1NXy13Q1pUdXV1SG1oQW95d0JtNDdVQ1pfVVBGWTRmcmE3aFJuanZ6Nzc3XzdGN3ZWTk9nLUYxaVZ2MjJZX2dJUHJJOXFCZFU1akkzQi1UdGdQSDRkOUNpS1JjN0FMZGlod2pKeURNM1d1N3YzVmFNdkVRYnpiRno4a2V2OUl0U1AyUHlvMjU0QVBSXzZrX2kwSUhoWk40cTM4Y1VLdEw5a2RqR2RCUlhLek0yQmprOHNCLVJfV0JvYWx4YWx1dXdoODBYbDZVTVZFczZNaHczRjFOVDZxcE8?oc=5,Streetsblog Chicago,2026-08-04,negative
The L,"The August eclipse will bring 4,500 visitors to Santa Barbara and overflow its population - APD Noticies",https://news.google.com/rss/articles/CBMi5AFBVV95cUxNRGxBODFjYjdBZzNOekdVYjc3a2JRdUllNVBYQTZYNUdaeG5tOUg5Z0k2ODZkdnhGaDF6RE5RQ05uaGJCVGIxd3lIVWhRZEpMLW13NXhrbHFuUzQ4T19KaHlaeUtqLXY4TjdaNVV4MVVHNFFwMUZYajhWbWpydVIzamhuZnA4TW1uN1NITzE4NmgwQjVYNDB2Qy1ucFl4b2U0M2ZMM1VDVWJXWEpzWjRZOUFibjRrX2JJMUI5NmZLaFFIUjNXQ0czNXo1cXhaeVdPakMzUElZSURiMWpNX3I4ZVFCWFE?oc=5,APD Noticies,2026-08-04,neutral
The L,Prada Beauty signs Zendaya as Prada Paradoxe Ambassador to mark ‘bold new chapter’ - Cosmetics Business,https://news.google.com/rss/articles/CBMijgFBVV95cUxNQWZ1OEdiUlBhQk1qNXFGaDdpYWp3cXhmZ0s0WE1SWnpIeFFFN1dRLWN2NDZTdkh1eXN6c1RzVWM3ZkN2SGNHQVVYRGtTaV9mbmhVb1hOcnNoWUROTXpJYnhBd1NLQlJIRHNUSExicE9kODNYVjVBd2s0UFBFX2J2RjQ3X0gtSXhELW9QbVJB?oc=5,Cosmetics Business,2026-08-04,positive
The L,Peak Design’s New Field Bracket Reinvents the L-Bracket for Modern Photographers - PetaPixel,https://news.google.com/rss/articles/CBMiswFBVV95cUxPWHhEZURCSGxjSU9waFc1SFpRd0pOdW9kY0lGck5DQ2dCZTljQ2ZZLTUwZ1N2WEYyYm4yeEtUYUZZb0o2LWFXV3hVWmM1RFkyaTdNMmtUVk5VYnVKVlBoX0hwck1CMENaWGdzd0dBQTR1dTYxN0lEVlZDZUQwQXdpV0ZLVHNKQmJ5QmVWcjJqV1BUbllBUVYxQVJBcjZydnRKWG10TmNQNUxoalhPZFU4RE9idw?oc=5,PetaPixel,2026-08-04,neutral
The L,New Law Puts Cook County Sheriff’s Police on the ‘L.’ Here’s How It Works - WTTW,https://news.google.com/rss/articles/CBMinAFBVV95cUxNaTdTWDNLalB3bFBnNlEwalo4YXJLYmZPZUNTRTlrZ3RYcEVOdnVVdlV4Zi1Vb2c0RVZ3WXBzOHdKVm0wTWdNbWFwa2ZOcWw1SFZqZXZpSlEzcDlGX1g1TXVMZF95bXRxbF9hUDhaSTR6SVpNN09wbGdlRU00RTZSZTRaQVZBRG9rZ1pORDFCbGhfdDlXaHpsRlRRN1o?oc=5,WTTW,2026-08-04,neutral
The L,Community spaces under the ‘L’ - CTA,https://news.google.com/rss/articles/CBMiYkFVX3lxTFBMR3h6Q0lHLWp2M1NqdkJCbzRZMGxUVGh6dVpNaGcxZ0VYY1dnaUlnNndpMjNuNG5hUk5IbDJxSnlXVXFhM25qMDlWRWJGZ0RrM1FyZC1PR2U5aHJCLWE4VnN3?oc=5,CTA,2026-08-04,neutral
The L,The L Suite 2026 Legal AI Conference - Wilson Sonsini,https://news.google.com/rss/articles/CBMifEFVX3lxTE9UeWVmemtYczRVTEpUcmY5azJRX1ktOWpNU1BXUnJNZmk4MGd2YV9rX2NMUVFNVkl2ZHBCM0UwSXA1UDJBSjF1NnlIV0toWjJTeUdfMTZFb0RLLXdfZ2ZsOE1HOG1UWGNrTEw1V3Y3b3AxakR4ZGI1dVUtNGU?oc=5,Wilson Sonsini,2026-08-04,positive
The L,The L-Fund’s Luck Be a Lady Gala Raises Record-Breaking Funds - palmspringslife.com,https://news.google.com/rss/articles/CBMiuwFBVV95cUxOV2tJcTRUeUxndXRSMGMweWR1N0Jxb1p0VzlhUG1KbGZHbFBvcUoxOTU1cnJjSWgyd0FRWV9yTG1MZzhrQ1A3bU8zdGhVWUpzbVlkN0JYbnhWU19hWEZhcE1PdlUtMi14eWxHX3pRY0lGVEJHY0ZpcGpEWDczck96ak5nYU42RWo2LXloSjdhdHRnX1hJcTR5QUFVUnd2Sk9aXzBjNWkzMnBzWHFYQWlTY1Q0cklVVS0xZVhv?oc=5,palmspringslife.com,2026-08-04,positive
The L,Lian Li UNI FAN SL FLEX and CL FLEX: An Affordable Way to Get Started with the Wireless Ecosystem - Basic Tutorials,https://news.google.com/rss/articles/CBMiygFBVV95cUxNRUVPZmk3RTJGbmpFRGVfQ0c0bzktMHZ6UzZnNERqeGlGcWNtR3lUMGNfU01vdjdRN2libTdwZUNVbHdGWUtfT2o5d2M5NWV5WWotT3VoOGhKYklfSFBZUUpBZXNFR2dFdUpua1p3dVBBWFJfc01YWVZZeXIycXB0aW1FQ0pMTVlpUWI5aThwZXd5QTBOdEpnX19wWFpHMUl0NUpCOEF2cmFaVkJibjlzUHQ0OExkY19paXAzRXd4TWRCVVNERDhaSlV3?oc=5,Basic Tutorials,2026-08-04,positive
The L,"‘Stand for the rule of law’: Elon Law graduates sworn to state, federal bars - Elon University",https://news.google.com/rss/articles/CBMisgFBVV95cUxOUld6VVBTcTlkcFZGXy0xV2tyVkloeEFMS1NZdGUzb2ZmWDRfWlY5UUxGR0ZyalVQcU9yNUpXZnprV0xEWFhYY01qYmJ3ejN5MDIwYjR5TzZZTmVxeUZHTFpnRlVaeG1pLW02Ui10Rm1LRDBqTXcyTHBBQjZMOFExaUFXLUxtWEJzRnhTMnpKLWtWWTM3QkExME4zVkNoRWpmYndCLWgzMW5vRG9hSU9oVXJ3?oc=5,Elon University,2026-08-04,neutral
The L,Why the “L” comes first: The AIDS Crisis and a Community that Showed Up - POZ,https://news.google.com/rss/articles/CBMidkFVX3lxTE4yRGFFSGl5cmFIanFGb1JwdjdKUlVPZHM2cGJsblg3MnNlUnZGcWhDM29YWDVOOEl6Q2ZPNWpIeDNrUnBrN3VfMkpfdjhZaEk2dTNrckpqaUxEMDlLZUg3YVhXN3A5RTBBaTBkNGU4VkRfQWZjbEE?oc=5,POZ,2026-08-04,negative
The L,'So Gay For You' Book From 'L Word' Stars In Works As TV Series - Deadline,https://news.google.com/rss/articles/CBMiekFVX3lxTE1Wc0NMbXExa0gtQk15YVl4M2RwdlEzbm1CaHNUdnBDQUNEdENkMVhiNVBzbXR2a2lWb1hISjY2NndpMXRSSGhUb3FYdmMxVmNQei1oWHFqYWliLVlEay1ZcWJJV2VHZk5kRENHNmZ4VE5MaEtzM1h0c2Zn?oc=5,Deadline,2026-08-04,neutral
The L,UWL unveils 10-foot stainless steel “Eagle in the L” sculpture - news8000.com,https://news.google.com/rss/articles/CBMi8wFBVV95cUxOZDFnTFBNeDRTY2ZVbEFZajVMRERwd0NLRE5lcXdHcUswYi1sTUNYY00xa3ZLek9GQV9ydHIyOWRNNlVmZ3FjUW4xM0RqR3QtMXRwYXhkU19MUEtxemRJeVBwb0dwN3IxMHhjUG15MFBkcWZTMDdGTEtrb3EwR1RxLVVLXzZHdk81bnNPbEU1cjhDcnpaQm1Iek9mdTZRbEtwdW9uVl9mZUZRVngzcVctMktaXzlFdWdZVUdXdjJDMjJicWJTdnZqenkwMk9GRG5rYzJoX211V0dYZF8wMjFKelpLNENHX09oV0QzcTNzMzN5Um8?oc=5,news8000.com,2026-08-04,neutral
The L,RTD January service changes include reinstating the L Line and resuming regular D and H line travel patterns - RTD-Denver,https://news.google.com/rss/articles/CBMi3gFBVV95cUxPMTNtS2JfSEl4Z0N4MzFfcnRMendVS0hhR3FQeWhYamE0RUduc3ZKV3AwaEx2Wmlzdy1jdVNLSG5jWGxtOFRTSVhya3N5MEpZMy1rZUdMSG1VMm9SZ0RnNXNSSEhkYVNRWmxWNE1EOW8yN01vaVh2ZDdnTnBkSzQ3cGs4dFZfUW16cWxJMlpqQllYdWhxdExjZjdaSDF6UWNuMGxkOU9JdnVJODJXXzlWXzdkbEt3NnV1eVhiRWxjT1czajFPMzcwNVFXbjB4NVpuOGViWDhmRTZtZ3loYWc?oc=5,RTD-Denver,2026-08-04,positive
The L,The L Suite Fintech GC Dinner Salon - Wilson Sonsini,https://news.google.com/rss/articles/CBMie0FVX3lxTE1BU2xsbmlZQjVvekpZZnczOGVVR19VelNHeXJveW1PRldXTlhoNnhleWo4U0Q0NWMxOExWUFVHVzdGdy1FNl9VT3RCRnNBODN1UDl1a2xzT2dDMmhFd1dtUlJNY1ZxM0M2dFpPcnBkTGptbm9fOEVlU0t5MA?oc=5,Wilson Sonsini,2026-08-04,positive
The T,How commuting by tour bus made Boston fun again - The Boston Globe,https://news.google.com/rss/articles/CBMie0FVX3lxTE9ieDk3UHpITVhOZGoxM0VzbzRSNC1FeVFtYlNYWndoZGMxUzFQNndGWHZJQW9udTFieWZiMngxenlqbXNpTU9qMS1BZEs1eUY4SWxmQUVmWTdxaXhCaUMyeHdqY0x0ejNfVFZYRnNMTnN5UXpOT3JaUDdfNA?oc=5,The Boston Globe,2026-08-04,positive
The T,"Boeing (McDonnell Douglas) T-45 Goshawk — History, Specs & Photos - MiGFlug",https://news.google.com/rss/articles/CBMidkFVX3lxTFBCZWRJUHJlWVNpODRoVV9MeXIxa3cteGtfNXpMSFdveVZPMFhwS0w5SWY1TWpTZFFac21SR0hlT180VFF6c25zMkI1Vmxzb2hGcGgweDhqMWdDNFhOYThCbTVibzVWUkxIeTJNaWFzR3NsMjVBTEE?oc=5,MiGFlug,2026-08-04,neutral
The T,AFM update on T+1 rules - Global Regulation Tomorrow,https://news.google.com/rss/articles/CBMidEFVX3lxTE1pUjM2V2dfWnlvSmFveWpydkljOWdJM2RnOV9PZkszZUNfQldWa3NWcHZOUWdsVWx3X3M5YVZ3YW0wMmQ3RU1PNlZ6aldsZnBXdF90VTlON01aY3MyV0V1VlM3ZHhoQzl1em9rQVVhTzBMYlNL?oc=5,Global Regulation Tomorrow,2026-08-04,neutral
The T,Amsterdam Rainbow High - Philadelphia Gay News,https://news.google.com/rss/articles/CBMiYEFVX3lxTFBaWHlaV0p4T0syX3FQOXNYUS1XRVM4LWprR1dnYXZaZU96bXIwR3R4emFFaTlZcDNnSi1fUXRoYUl3dTgtaVpxYWt4MVJEeHVIMjVpUk1YS3VjVVpyUzF6Rg?oc=5,Philadelphia Gay News,2026-08-04,neutral
The T,"Orangeburg County residents lose $121,000 to scammers - thetandd.com",https://news.google.com/rss/articles/CBMimgFBVV95cUxQaHRxNEowTFU2VXNleFRneU9zby1abDluSVhBM0t2aUliR096eUlQOUVFREFHY3RNX3lJSnFjVC1FeFktZWd3b1ZHNEVOZXF1ZTM2bk5yMmpfVURVa2E1WENNeWdPT0lSWE1YQTBmdVRKMlJlU1JlUzdZb0x0TFVJZ2w0VGE4OTR0cEFRNnRyaG5PbUN2VWdTdjlB?oc=5,thetandd.com,2026-08-04,negative
The T,Battenfeld: Will Mike Minogue fall victim to rich guy syndrome? - Boston Herald,https://news.google.com/rss/articles/CBMipAFBVV95cUxQX0pjdHl3MDNVYUxSVFBpVXQyVWJ6VDFQM3pGWnAzOXBFYjkxM1JfVmRoVkVXVW94eXVtdFJwVXZ1RFZuSWxyLXUtXzVpRGRZNmxOQkFzc1Rnb0dkeTg0azdPZGN1X2lwNDgtdXZ0THZTUmxLVm81UG1kS014VWJYWDNNUmRqT29iVUNTYXVZamRhMXVoNEIwTmhpSXlCMVRHX2lxQg?oc=5,Boston Herald,2026-08-04,positive
The T,A Rockies T-shirt and a Greeley gremlin: here's what's inside a statewide time capsule - KUNC,https://news.google.com/rss/articles/CBMivAFBVV95cUxPaHVoLXBLTjNpa3lxbDBJajlzMVJ5VjduY2drRFRXTjVXQmEwUGpwcUMzVHZkOXdzelVOUmV2X1lLZ1JDdmQwX1E3OFBVTV9xTHZxVFRpdHpacHdkVi15QzA4WllEZFhSYjFtQklXTnAtNG96NjV1cTJLajZ0bFgzUUdncDR3N0xnWjlMaThNUmNLcjdYdWNac3BVcWk1b0VFdFR4RXlyWTZHU0QxNEJ0ZGtaT0hWTTRHNVNSUA?oc=5,KUNC,2026-08-04,neutral
The T,Lollapalooza 2026 Day 4 Recap - The Daily Illini,https://news.google.com/rss/articles/CBMirwFBVV95cUxOaTMzQUpTdzltMDRSZURINzlzTFJ0QUJpM09DYXdxQlpJRUVFMjAwN3IydzI1dWFUR0xCenluaVFKRTNOM29qY2pTWGNNeU5oSWJpcC1oOVBLemxXYTQ2SnZMZXJPV0lWMVd1R1V5bU9RZHBkTG5aWkNsSTRzZE5fdDV6bU5GNnQyZDRlZUJ4eXBlNU5CTUYzelowZXZOeEZlZW00RUJ2U3FueUNYM0FV?oc=5,The Daily Illini,2026-08-04,neutral
The T,Prehistoric display features tyrant lizard king - Mid Florida Newspapers,https://news.google.com/rss/articles/CBMi7gFBVV95cUxNVEtLQU9hdTNac1Y0RDlGNUlSNGhWanNMWGJZWGxfdXlGYUhwTDNTQ2V1WVViZDlfOGtITHpGTTZXYnkzNlBEODcyVmRmcEJCcUtLZ0hSSVFrM3RqZTJUdWoyWXY0T1MtbFBJejBUTGdsMERiYjQxU0ZJenhnelltOGxydzRnc2FITC1DQTkzU2dBSGFfdXVVUE11VXFMSW1QdENFNUU2VFJmSTZMbUtGYi05Wk1BYVZ2aFdPM2RlRUJBVGZuTjJrRkFxRm1DRlB6YU1sWjFOb1R6MkdXRm9EY3J3WGl6eGQ4dGhLbnRB?oc=5,Mid Florida Newspapers,2026-08-04,neutral
The T,The days of walking into a T-Mobile store may be numbered - Android Authority,https://news.google.com/rss/articles/CBMihgFBVV95cUxNUHdCX09tb3M0NW0zU3hvMExnY2Q1S0pMcDFUTFVIT21ubDBUbzJXZFNwS1JOZXlYZGNmN1ZyVjl1Ykg0VjE2QjVFaEVzT0t1RGx3TFdHN09FanlxejhacU5BTXJLREx2M3k0TU05UHJjamtueDhsY2gtMDJVdmcyTFp4alN1Zw?oc=5,Android Authority,2026-08-04,neutral
The T,Publisher’s Platform: The T-Shirts Arrived. All of Them Say: Test Infant Formula for Botulism. - foodsafetynews.com,https://news.google.com/rss/articles/CBMiyAFBVV95cUxPQVgzc25kUXE3OTNrSm5KTWEzb0I1T2UzYUVwQWxOclZkM3JOWXFuTktRSy1EeDR1QUdNNFRXdEl0VHgxLTFrY0dZX19kU18tS1RpMUowZ0g2NXB3ZUtLWHFZT00xb2hJeG8zWXdyMzd0WUhDcFVaSHB0Tnd0MVcya1gyR2JVR2Jpc01Xd0NXOWlRQTNyWUZsM2paUlpSbVVPNU5ZMXNEbElZNXdwU0FuYllyWFIxZDNWTVpydi1VZXdXbkx1THpGaw?oc=5,foodsafetynews.com,2026-08-04,neutral
The T,"Beechcraft T-34 Mentor — History, Specs & Photos - MiGFlug",https://news.google.com/rss/articles/CBMidEFVX3lxTFBEd0FURlYtUmJSbC1jLWpoZWFqREkzdDRpcnFJeUwycG5DU21TaDYtZVpMYzYyZTFlM0ppN3ROT0tzM1M1THhueG9oaXZBM3d2ZVRNS0VGMzFRN2Q5T3BOWnFsY1RXWGxHeDdrRnM1dEFnWlBV?oc=5,MiGFlug,2026-08-04,neutral
The T,Dr. Barton Goldsmith: Red flags of high-tech dating - thetandd.com,https://news.google.com/rss/articles/CBMiekFVX3lxTE0zV0dQN0ozeDUxdGIxanlrYkxsTHlnVFVsLW9iSjc3VmZWeXFtaW1ObjdxZTQzSEdqYmUxQUdJY2t6X3Y5T2toSElGNk5DdG9HRUE4eXVtVFRvbWFPZnJ6N01XUmpEVllsSURhSGRHa05pNTJ5U1B1MzNB?oc=5,thetandd.com,2026-08-04,neutral
The T,"MUNA’s chemistry, pep electrifies T-Mobile stage - The Daily Illini",https://news.google.com/rss/articles/CBMipwFBVV95cUxNSlFvZnM1bGZCbkFHT1NhcGkxQWdMekhKajh4V1FfM0NySVRRXzRQSnhQYmI4bXlIa2ZsRDNsd3hVVTI0ZWtnUFItTXBycEZrR3VlUkdpaGlRajJpeFdjZ0xscWNrSHFacVROeW1lZG9qbXpzdnliMHk4M0RVTGMxVlhqRXFHVnVLSTZ0N0h2ZEVidTVlVXhSaEgtVExBRW9qMEprSkVEVQ?oc=5,The Daily Illini,2026-08-04,neutral
The T,5 things you should do before leaving T-Mobile in 2026 - Android Authority,https://news.google.com/rss/articles/CBMickFVX3lxTE5ycXI1TlR5czJHZ29qLVlqQzd3cjJOUmJ2TXVEc3VkRkpmRmZXSDVDUENrUkNyclZzTEpXcnZvdUJvUTd3WVRyMzVWSC1PME1FT04yaGNYbDZFZm02Zy1VcU1WLUo1VGlNazBVUUY2V1lrZw?oc=5,Android Authority,2026-08-04,neutral
The T,"Boeing T-7A Red Hawk — History, Specs & Photos - MiGFlug",https://news.google.com/rss/articles/CBMiWkFVX3lxTFBGZHdDNFhUTmlwSGtVNS1UTUY4Q3lPY0NIcmpoZ25zSWI0ZmVmNUVKQWxoek1wV3Y3dE1YbGgyTTVrbVNvMVdxN294SnZvbjFxWURoc3FhVE1Ddw?oc=5,MiGFlug,2026-08-04,neutral
The T,Concert for the kids to support McLeod Children’s Hospital - thetandd.com,https://news.google.com/rss/articles/CBMioAFBVV95cUxPLWJhc0k1VE1tNF82ZHdsWVJ5V2ZYRi1mNXpCQlRLNkQ3WXVIbjlGNHd2NXNuYVBjdUIxdXdrWS1PZEltbW84czdya0pUYzhNMkJKdzJjanJNT3VZSklpN1c2TktVVzFEcVVoUHQ0MFE4TldBQ0lfejhaLWlVN3VnRVlRZjVQR2UxY1k1QlIzUjZtdlczeTFUcWxZenRUYzFC?oc=5,thetandd.com,2026-08-04,positive
The T,"Northrop T-38 Talon — History, Specs & Photos - MiGFlug",https://news.google.com/rss/articles/CBMiVEFVX3lxTE82SkpRQTMtc3VDVWJ3M0x5X3pRS2NPZWF1WEJhQkdoSlpIYnR0bmxrN0tzVWJNNHJ0cFpuemRGenlra2RWNjhiTWNxT1d0QTZwM2Q0aQ?oc=5,MiGFlug,2026-08-04,neutral
The T,"BAC Jet Provost — History, Specs & Photos - MiGFlug",https://news.google.com/rss/articles/CBMiW0FVX3lxTE81c1ZKODdicE1DNnlWeUtzaThCQUZZZTRkME9QeXlib3JXWUQ1TnVEbGc1S09qeHBVc3A4VU5JdEVIT3JSVjVBM0xwT1htNmRGSy14bDRhNm9wWDA?oc=5,MiGFlug,2026-08-04,neutral
The T,"Why Drake Maye Can Beat The Seahawks, And What's Behind Dak Prescott's Title Talk - FOX Sports",https://news.google.com/rss/articles/CBMimwFBVV95cUxNdUR3NWE5bzR6bVFJY1hiY3pLRGQzTWxxWi1GZkppMS1wZTA3TFN1SkFUOWpwLWRhNmFHUlJ2dVNLT0NVY25LdE9TU0RvTzZHcVQyTndIR0xPVW42RUJRS1J5TEotdmlUV1R6NnJ3eVpiRVFqWGc3WUNMRFZKZGtBNzEwd0VQWkhMZmNQc05hT3lPUkxqNUdFSE5Yaw?oc=5,FOX Sports,2026-08-04,neutral
The T,Assessment of Capabilities for Ensuring Radiation Safety of Personnel at the T-15MD Facility during Operation with Deuterium Fuel - Springer Nature Link,https://news.google.com/rss/articles/CBMia0FVX3lxTE8xT1h4eXptbnlmWHI5akZZdG1pZnJ0ZWRqMjh0TzQyWVY2UXN4QXVrLUNEQ1NseUhScGVBaVc4djF5bmROUWFXMHJvSTZwS3ZuRUYxeUhKYWVJTHY3QjgyT1Y4QUpuM2tkbXhN?oc=5,Springer Nature Link,2026-08-04,positive
The T,The T-Rex is back! - soudal-quickstepteam.com,https://news.google.com/rss/articles/CBMiakFVX3lxTE5lQ1ZHdE80Z2hNcXR1VUd5eFZ2MTlBcm9DTzdxa2xGRGx5cFZkbHVSQ2F4SDgxUTI3QjZDdUVEWGMtWlZIM2FUYzhRZzVfZWVfTGFrR192Zkh4R0xUekpMeDJYVUE0TGtJZ3c?oc=5,soudal-quickstepteam.com,2026-08-04,neutral
The T,T-Mobile Hit With Class Action Over Retirement Fund - Law360,https://news.google.com/rss/articles/CBMilgFBVV95cUxNeFpEc00zWmdrUmc1NFZuNFJBNUlWWWUyRHFOVlNmd1NFc3JxQTRBTGE0c1V3VFVCRHZvdlVOY0NKaEw5bkFTUjY3cVB2ZFVadklqQnUwNnpkcVhzWDNkYndKbVF6clpxMEFyaG81YkFrYWh5TjJ2QUNZUXJXWWIwcTFYRk82QUVzTGYtS01mOEZvWllmeFHSAVZBVV95cUxNZVRfU3J3QWpnVzBfeklyUW5aWVhyVHFfZkxzdnpTNmdBS0czcHJWcnBiS1ZqTF94RFZESnRNemlDb0poRGdLYWd3eFU5M1l1YjJFZ3BpQQ?oc=5,Law360,2026-08-04,neutral
The T,I Drank the Entire Umbrella Corporation Cafe Cocktail Menu in Raccoon City - Couch Soup,https://news.google.com/rss/articles/CBMiZ0FVX3lxTE1OUk8xaW1kUEpHWnhVWElLWHd2NkZYYmE1dE0zM0I0OHQ3MXdxbTJhRXNUQTYtNkpaQjc1QVVEU3A0WnRqc1NVX3ZRUlA2eHlYQmx5blUwbVh1dWl2cVk3d1lmWU5uMVU?oc=5,Couch Soup,2026-08-04,neutral
The T,KC has a plethora of concerts in August. Here are 8 shows to catch this month - Kansas City Star,https://news.google.com/rss/articles/CBMif0FVX3lxTFBPNG5XMUJuOHJueHZ6QUI2aHhidWJ5ZTExR2g5RzQyM3p6bGcwWnB1LVBjSEJQaVBXdTVnWTNyc0pyRG1TM3E1aEczVFRWTlcyRkV0VEQzYU9HSHAyOG5PbFhkTnhVeUNzbkZuVjBLdTlISk9YV3dDX0NSaXlra0HSAX9BVV95cUxNNDMyNHVLZGJvU1FwY2JLWkF6Ym9TT3hmX2hrUUVVd3dEc3IzWGwxVXpjT0R4SVNHQnBBdmRhbmtwdDNGQ3o0cUIzcU1FdWlrRHlGNkMtRXBlbGtRNjNBZW1vS25kdmdQbTZ5RkppOTZPT3Z3QzZ0TWRpNHJPMUFF?oc=5,Kansas City Star,2026-08-04,neutral
The T,Caught Up in T-Mobile’s Recent Outage? You Could Snag a Credit… If You Ask for It - CNET,https://news.google.com/rss/articles/CBMisAFBVV95cUxPUGVtWVFpSXQxWmRmTi1ncG1ka2F2NFpiSDNuTG9RUWJ4WDJpOGJwQ3B2UVU0anlZM05iRTlaY28zSm45S0h0ZjhLSnRTQkNtYUgxSE01RTQ3VFVNeTNwS0cwZTZnNFNFaXYzdTRPMlNmOXpzOHRWM2hiUTM3YjRSZjlSM2tIMklmS2phZTl5a05rckI3QU92ajAzekNVVXBGdDMyUGY0VXhlRGdRZzJzdw?oc=5,CNET,2026-08-04,neutral
The T,Sunshine Today then Showers and T-Storms overnight. - 5 EYEWITNESS NEWS,https://news.google.com/rss/articles/CBMimwFBVV95cUxQNEJ4MV9rZHdzRUw5TmxvcDZuM2Y3UnVIUndMT0s5MjBKUUZUR1N2TW1mV0FFM3BTdkFwNHFXXzlaTGdMUkQzLVAtUGR1dFdMMy1WMkZKNlV4M1JDYkc2dV9kRl9GZktUUVprRzhtWWFHSWlrb0JLYjlDM1VQNjRKdURzMkNYblBtZVNDLVVLTUE3djNWVVRjV3RHZw?oc=5,5 EYEWITNESS NEWS,2026-08-04,positive
The T,Major Injury T-Bone Collision on State Route 108 Near Sonora - sacramentoinjuryattorneysblog.com,https://news.google.com/rss/articles/CBMikAFBVV95cUxQVDBvWGxzOGxfSmhRYlZPeXlqVHNKdlZscE1ENElDQW1zMnRhT0JNaFFOVWtqbFFDeWl3SmdHSHFaSF9VeVJuNXJleFBGSm1TclpOcU9GbGtxWTQ3MkFCWVpaYmNkWmJCa0Y1QlJldjRLQzRfQkVHRlF0T2duYm1KY05pZWtYWk5SdlE1ZE1TbUw?oc=5,sacramentoinjuryattorneysblog.com,2026-08-04,negative
The T,How Active Bond ETFs Can Beat Second Half Stagflation - ETF Database,https://news.google.com/rss/articles/CBMikAFBVV95cUxOTnlLYk5idy1fSVgycHlmODRJOGN2aDQxZEtOc3dya1FaUmNRNW1uU0NXZ2ZBLXo5R3FCYU40VW92SlZXb1JoWWtNSVRFeXk1aWJGQ2xDQTBqRkp2MkdhZGZsME10ZHNDM1RRNzh4bUZ5d29sdGwzcDE2bDg4MVR5b1RiU0pLN0M1TFFiTFlIRVc?oc=5,ETF Database,2026-08-04,positive
The T,BNM Adds Dozens Of New Entities To Financial Consumer Alert List - BusinessToday Malaysia,https://news.google.com/rss/articles/CBMirgFBVV95cUxOQjhIT0l0a2ZnVHpmeEltLWZ5SzJGOFRhUEF0UU5TZmgyQ1RSVkxtM0EzbXdiWmdRUDhNS0oxblVEb242ckVHWE4xczgwMmFWdV9TUXNHRk5rb2dhbzNkVXhxdE1UMUxmTjBKazFJc1lNQW9YdGQwZEFNT2hmWU9tNVg2ZER0LXRKZFliaTVVWlhWcE5paXZaZEtEZG5idm1TakJGbzBaS05qOWRDTmc?oc=5,BusinessToday Malaysia,2026-08-04,positive
The T,Lollapalooza 2026: What we saw — and heard — at the 4-day music festival at Grant Park - Chicago Tribune,https://news.google.com/rss/articles/CBMijwFBVV95cUxOSmxEdEVIdzJ2TG1FZnBUSkhzMTVISUNnak9fRGl5YjB0ejdZU18tdTV2SjgyOEF1bXpjUzZEV0pTYnhWdmFXZGFPRXF2dGZleDY4SDVpbFVOcUJ5UkRmWERfZE4xRGo0Sm9iemlJMVExY2pjeE0xcDJDRkF1dHhyNHM1Q2JjeXBQX3Bxc1Bfdw?oc=5,Chicago Tribune,2026-08-04,positive
The T,Photos: What we saw at Lollapalooza Day 4 - Chicago Tribune,https://news.google.com/rss/articles/CBMiggFBVV95cUxQUk11cEZhbXZ6QzVkNkxKUFZaRnlHY1p0YU9BVjQ4ZnB1SHpiS3ZaeGtNTVFfdngxVG8yQnRxOTN2MTVKREV5ZWRoNkNWUkd4cE5wSGVuVmRkNlhzZ1dHT2M1ZW9aQnUzZk9pYkZCdV85a1IyT3dycTRDMzUtVEdtamVR?oc=5,Chicago Tribune,2026-08-04,neutral
The T,Fossil Shows A Pterosaur Eaten By An Ichthyosaur Eaten By A Pliosaur - All That's Interesting,https://news.google.com/rss/articles/CBMilAFBVV95cUxNSHUxaDlmZXJ4RU05RHpMMzBoZnQtVEVtSlhXLUJIS3FmSElsVEdIWkdKQldKazRiMmh2WGw5dXg3STd5VE5KX3J6VU9kZm9jeUxoQWhIOEVTOFlDZ0dxYnpTcHBLdWR1eXZpZnNhdnZieW5mQzJIc19RMXR6VHNWaW9lbFdyUnphU3hzSFZaMmI4QXZS?oc=5,All That's Interesting,2026-08-04,positive
The T,"At Lollapalooza, Some Fans Begin The Day With A Mad Dash To The Main Stages - Block Club Chicago",https://news.google.com/rss/articles/CBMitgFBVV95cUxQcklEWGN4ZXc0X1N3T241ejRKaFM5YkdxcEhWVWd0WUdfYlJCOGlLNUV5NHJTVWVxbmR3c2VJUXBMRkpFRGlFVFQzZlk2Y0p6T0xBVWVFaWlhVEZ1enZ1Q1BSM010RUxiaVJPbFpzOVVISEpqTExsR1ZhdERvQ3F6QTVwY2U5SmJEZnJBMkpQNnh2S0FxVWhfMTVBZmVUTkRFcENyNXVPOWw2SmpqbzlOWWUtYkZiUQ?oc=5,Block Club Chicago,2026-08-04,negative
The T,T-Mobile Latest Firm Sued Over Retirement Plan Performance (1) - news.bloomberglaw.com,https://news.google.com/rss/articles/CBMirwFBVV95cUxOY2didzBjLVNYWDZKZHdDVUtmR3VWVFpvakZfNzVlYVRQQ3dDTE9fZXl4Nl8zQl9vQ3h5NUdBT1hHV3dRVmFmSmhxZlgxelVFTmVmWURjV3pNR1dQTzhzMDc4eG1IU0tHSGRDSnYzTXNoRjdhS2J0QUZDNmtqVUxLZGJzTERhNWlOR2JBOHJFRmxRS3pBcUhfUGhOMFNkMjJMSXJ1QWVTalM5X3R1TFEw?oc=5,news.bloomberglaw.com,2026-08-04,neutral
The T,Oxford‑led study uncovers mechanism of immune cell decision‑making - Новости GxP,https://news.google.com/rss/articles/CBMitAFBVV95cUxPeG9RaWtQRldEZ2ZGMEJCZjh2Q2FGMlRMYlFEb0JuZEM0eVNPMWQzbjk4OUpwbmJmS25sNExEUzF3SXN4djVEWW9GZE9WZXNJcnF2djFZbjRmcHhjSFRBa0Z1MjZpRmJ3bVBTWFRYQlZDZ0h2ZDNQM0lZTGNPVVZnaHkyR2xFLTZlaVo5SHk4dDV2NVduU2dhSzk3VTV1emtoR211R0RhZ0RKLUNpVThWRUJUNlfSAbQBQVVfeXFMT3hvUWlrUEZXRGdmRjBCQmY4dkNhRjJUTGJRRG9CbmRDNHlTTzFkM245ODlKcG5iZktubDRMRFMxd0lzeHY1RFlvRmRPVmVzSXJxdnYxWW40ZnB4Y0hUQWtGdTI2aUZid21QU1hUWEJWQ2dIdmQzUDNJWUxjT1VWZ2h5MkdsRS02ZWlaOUh5OHQ1djVXblNnYUs5N1U1dXpraEdtdUdEYWdESi1DaVU4VkVCVDZX?oc=5,Новости GxP,2026-08-04,positive
The T,Sparks fly as yet another overhead power wire falls on yet another Blue Line train - Universal Hub,https://news.google.com/rss/articles/CBMipwFBVV95cUxPWlk1RHg2cmwyQTZqRk0xZVJXcDY4eGJJVUdQam8tZ0RoSkJaRGZ4NlV6ZnBxRkNVbW96SjNGVGc2c3ZiaTIxSVpranZGYndMa2xtY09IR3NuQUFlc3BnbTBGc3VzSkhPSFhtd2h6X3hlSGp0amQ4SVFqanpVQmlxVHdBd2VJeGt4YmVwM29VWVpyV3lrSEhkdG9FRnkzM21vQk1HT2lubw?oc=5,Universal Hub,2026-08-04,neutral
The T,David Rush runs marathon wearing 125 T-shirts in most-gruelling records challenge yet - Guinness World Records,https://news.google.com/rss/articles/CBMizwFBVV95cUxNYnJsZjAtYWVMN2xaOUxrcWl0WmlYYXJUaXF3Y0l3eV9EejJGeHlUbjV6TDl4Rl9BY1VYRFVmbG5YUFgtTl9lVS1VS1lkMjktaXFtUDFrSjlFS09ZX0cwcGlIUVlObU1TWndhVms4UHdqYnh4cU5YbEpaTHNjZXFwMjZJekdrMFlWQ3QxR1lYREFlWEdwa2xuc0FEdE9BNTJ0ZUk4TzNZa05yOUhIQWdsRTJVN3lFLWNPT1EtcW9OUUZPUDhBOG5BZW9fTUI2dTA?oc=5,Guinness World Records,2026-08-04,neutral
The T,"T Diamond Ranch, Legacy Black Hills Spread, Hits Wyoming Market For $5 Million - Cowboy State Daily",https://news.google.com/rss/articles/CBMitwFBVV95cUxPMkhBc0hPVUFuMjVBbFJrbDhVTzRmWjlPLXVPMEVrRkJNR0ZheC1zam16Y2lIU1AwYWxvanhESWtub192Zlh0Tnktampmc2cxQTlycVF4VHdTLTBocEExZGxLc096ZDZ6VVpTMFhic19LbXBjUnZIVmdtOXV6X1Vvc2VDRzlYYzhMV1dtSFc3Q083UmktM3JZRHNlREl2TjFOS1ZWSnctYl9QX3lic3dGTmhWS0tTM2M?oc=5,Cowboy State Daily,2026-08-04,positive
The T,Night of Firsts at T-Town Showdown at the Valley Preferred Cycling Center - The Valley Ledger,https://news.google.com/rss/articles/CBMiTkFVX3lxTE83SE1ONUFfRnhZRU5PWnNscnBVekh5OVd4QmxOM1lZZ0pJY1NUbmFPZlhrRVlRSG03TnFybEJvTHZNVTJnWnZIdEJVYmRqdw?oc=5,The Valley Ledger,2026-08-04,neutral
The T,Harris Hits: Texans Run Game Explodes at First Fans' Practice - Houston Texans,https://news.google.com/rss/articles/CBMimgFBVV95cUxPUkd4Vmc2eE54d2xZelZRRDY5c2V5YkhIUDA1bXZCRE81eG5nQzRzalhsTEZldGR1UDE3SnhQVTlyZDZYTDB6d05hNjZNMW1SSVNLWmVxdEFOdWNGRHpZQ0FnUXRjRFZOdkhwUXczdFdPbDBuanItbUlJRjg0d2tOa0xQOHA4TkM3Qk5pZWI1czZJTGVHTXZKOTV3?oc=5,Houston Texans,2026-08-04,neutral
The T,"Red Line delayed by smoke, signal problems after MBTA touts ""successful"" 10-day shutdown for repair work - CBS News",https://news.google.com/rss/articles/CBMidEFVX3lxTE1DcmNkdF9UQ2ZYRTJ3djlqNXAxWGlrc1FuRi1FeVhGSVpBbjE1N3hKcEJMTmpfZ2VadHFIeHE0Q0N3eVZoS1ctdW1vRC1sLVVnQ2trU180UHAzV2VXRGhjR0hzSzFsWUlfOVFLZG5qeFNWUlly?oc=5,CBS News,2026-08-04,neutral
The T,"The T-Mobile and Deutsche Telekom Merger Looks Dead, and Here's Why - Android Headlines",https://news.google.com/rss/articles/CBMisAFBVV95cUxPcUtrLTg0ZGc2XzJoeFl1ZXNHNTREQUczMF82elBTU1l3aldkMHA2R0VJcC1SWWNFNEo3RWVZN0Z0bG95TEMzOWRxd1VLekt1a2JkZktXTXZKdk92NklGbHBKMlo4blFqVjVSalRYMW13bDJNVTd3YkJodFpuck83ak9CeThhQ2NCM2lVc1ZmQUFCbmt6dk5JT2FGVDBxS21PS0M4c1l2NFlKaEFzSEtkRA?oc=5,Android Headlines,2026-08-04,negative
The T,"Review: Olivia Dean at Lollapalooza, singing in the key of the divine - Chicago Tribune",https://news.google.com/rss/articles/CBMif0FVX3lxTE5IaTZTOWhDVnBMRGx3YUJpLThFb1dBR3JacFJtbHNzZDdqYVZ2SlMxenIteG5LTkRKT2JCbGhHUGx3eUV4VEVEM1IwdnJIY1J5eTZlTzYwbGk1UVUzVVMtUGlJSDc3UjRxQzl6bnVGRW5ZcnFyM0FHVmVkRXpsT2M?oc=5,Chicago Tribune,2026-08-04,positive
The T,T-Mobile Just Outlined Its Timeline for Making T-Life App Impossible to Avoid - Android Headlines,https://news.google.com/rss/articles/CBMimgFBVV95cUxQeFNKODN0M3o5NFpfaGNQSFVXMjZ5YS1iWUJPMGd4MzdlOUwyR2d4WEVzTHdtNEkxeW1Nd0ZYVlhoZmR6azZ2ZUJwQTYyZVhwTjl2ZFotUG1SZ29YVldEUDRYX0l3b3l4VEx6X2ZTZHJkd3FSYk1UZmxuRl9uRllRb3dGa1BLblpvc3FyNUI5THM5Yk12TURWazR3?oc=5,Android Headlines,2026-08-04,negative
The T,What Does 'T' Mean On OnePlus Phones? - bgr.com,https://news.google.com/rss/articles/CBMibEFVX3lxTE1PSXRSNGI1aFhVQkdfbmhyTjRoZjJGQ1pKaUdLMTJaejNYVVZSYkpVR29iQmp1SGpEQkoyYTZWZWNCNFpsOVVubHlubDhMTlBuNlNOM1hYMWd2aXlhR2NQLU5GTWRhR1MyYjJ0WQ?oc=5,bgr.com,2026-08-04,neutral
The T,People Who Actually Want To Retire Someday Usually Stop Spending Money On 8 Things Early On - YourTango,https://news.google.com/rss/articles/CBMihwFBVV95cUxOVUVsVDVrV29wQUgyNk9BUHlfSWhaTXdEYVJ5NUFwMWlLczRhMHdMdDI3RDF3TWczTnJJR1BIWW5zamQyVHR0YzVrYURaSmVJZzZtMFFjMzBzMWJONE5qaEJLNHU4MHdGX0dLWVM2UG1aRDQ0R1hJM2JfTkVDWUZ4OXpTdW1jc0E?oc=5,YourTango,2026-08-04,negative
The T,Lollapalooza 2026: Vibes and mud for the closing Day 4 - Chicago Tribune,https://news.google.com/rss/articles/CBMid0FVX3lxTFBnMGx6QnAyeGotcFpiSnBud093aUwyQmlFSl9yZHRORVZQY1lrR3UxRWxMdE1DM0h6SlQ2eUVuTk9TTVppUmYwTDhUeHVicS1LZ2FGRGVDSTJBaEpFUVJBZWI2OEwtVmNES1RjT3NrYmJ5aGRKRjlv?oc=5,Chicago Tribune,2026-08-04,neutral
The T,"Photos: Tate McRae, Ado, Turnstile, Justine Skye, Amber Mark, Cruz Beckham at Lollapalooza Day 4 - Chicago Sun-Times",https://news.google.com/rss/articles/CBMi2wFBVV95cUxOeWlQWDhBczUzYnh2bXFpUnlSaFlHQzg1b0FGcGN0cmQ0djlTOVUzb19HclhFUm9CZjlGT3U5S0FlalJFN1lzUFZnX2JYY0swMUJnSEdSRGtIcFZ5T1dtZ0NJbGNCQWEwUVFEYVdXWk1VWDBNcXkzUVg0R3NZRmdiT1FKUTNacmNMQkZtcU83LTFqZnNYYWU1QXVHYVdDRzRYb0ktM0ZjZDYzYjFNLVFFVU5yVm1kcWpSZXUzMTNuUjYzQXpYaDdvbXBEc0FGX3FuNFBMWTRKTFlmSlE?oc=5,Chicago Sun-Times,2026-08-04,neutral
The T,Patrick Hwu: How Tumor Lipids Suppress T-Cell Activation in Ovarian Cancer? - Oncodaily,https://news.google.com/rss/articles/CBMiW0FVX3lxTE1PSklQWFc5QXhyaGZfR1phdW9hMlVNaXdRQzJyMEdlX01QSFdwSnFMS193WC1OSjFZMFFCNHhVOUNZUEdRYU1CdnJJdXVQRHZoOFZNZkFYM2I0aHM?oc=5,Oncodaily,2026-08-04,negative
Washington Metropolitan Area Transit Authority,"Red Line delays caused by water intrusion, WMATA says - WUSA9",https://news.google.com/rss/articles/CBMi2gFBVV95cUxOM3lpQlg2ZEg4akhNQVdaV2dBS2F6dXhWTWl6dERmQUdYOFNUNWdxS2doWnNnU01MTDdCMF8yNkdVREt0eksxVm9Qb1ZMYWpMX0VSVEh0TElrOHNwTnNuelNkVDFFQ3ZKaGlRLTZ4SzJkdV9fU2F2ZU1VOEpLOG10Nzlob0VZcGpfeVVPVGFCaC1kR0xENVFaRnlUVk9TZ01LeGdGaXFmcjhqMXpMUEZyR2tGb0tUTnJJZF92OENLSzZpbXJQRW04eVhnWFdMdS1rYmpxeXliT1Yydw?oc=5,WUSA9,2026-08-04,neutral
Washington Metropolitan Area Transit Authority,"Rising Costs Stall 434-Unit Takoma Metro Project, Developer Seeks More Time - UrbanTurf",https://news.google.com/rss/articles/CBMiuwFBVV95cUxQR3A1TWlYWnh2N1BwdEFQNWl2UTVKMG9tWUMwZ3BrYnBCTWVHSGd0aTRrVUpDbEJWVGJaY25mNW1BNEN3U1BST0NxV0N0a3dOc3ptUnE4UVFaQkFWR2ZyaXVNYW1DTi0wLXNMLVZDSGNrU05WS1lKcjVTcVlpM05jTGl4US1UUzh0cGtNdWNrTkx2b0NZNi0zcEF0UkY4QkxmRzhtcEFHQl9sRjU3Q0Q1WmtQZEZjRnk5dTJF?oc=5,UrbanTurf,2026-08-04,negative
Washington Metropolitan Area Transit Authority,"Doors, barriers coming to Metrorail’s Red Line platforms - Washington Times",https://news.google.com/rss/articles/CBMiowFBVV95cUxQMFlaNDkyTnFzRUdpbzFYRGl5bDY5ZGd1VVkzMXF4OVlLSzBMU2syR0F6WGVadW1rejVwRW5Hb2U0NE1Sdlp2eEpnbXVyak5hQjJMbFkzQmoxWVFLSWZ5LWtlZXlXZEx6SnRBaEJSOVJOV0szM29maHpUNXNGRTcwNkhBeE9uSXNIS2VvZ05JZE1iSTRVOUtVaFd3NHctVHYtTldJ?oc=5,Washington Times,2026-08-04,neutral
Washington Metropolitan Area Transit Authority,Record numbers rode D.C.-area Metro on July Fourth - The Washington Post,https://news.google.com/rss/articles/CBMingFBVV95cUxQZk1HSFRkLXYtUldXZ2FZNzdGRVlQSUJCejVBZ052eGU1WWNjbXY3YzNwbWNHeERsMnF0MDE1T0JOaEkyaUxFZEdQRFo5Z3Jfd1hXMGRiN2FBLWZqNVFBcTZzd1BWZlpQQlV1SHFUSmRqd05YSFhyTllsVTk2WjJ2MndsNC1wQ3Q3RUh0TkVmaGZtaGxGUXZFTlVmTVhlUQ?oc=5,The Washington Post,2026-08-04,neutral
Washington Metropolitan Area Transit Authority,"GU Expands Public Transit Partnership, Introduces Capitol Campus Programs - The Hoya",https://news.google.com/rss/articles/CBMinwFBVV95cUxNaUQ3Y2RONTZKMDU5UndkUXhiWUZoa2d3aE9yemdsck9DSzJzQnM5MS1FeUdXYUthYzdMcUI3ZGdMLXl5bHV3RGlSQ014bDFKaTh6ZEJaZTFFUDNkSzBFVmplYUl1dWsxNnJkUHh3bjJvUDVTcWtZN2NJTThUbU5LT1J2XzFVdG1HVFN0aUx4VE95ZWNMenRhYWNLaHBBWjg?oc=5,The Hoya,2026-08-04,neutral
Washington Metropolitan Area Transit Authority,DC Readies $1.2 Billion Bond Sale as Credit Stabilizes Post-DOGE - Bloomberg.com,https://news.google.com/rss/articles/CBMitAFBVV95cUxNYVZXX3hETDV6QWVKNnFlaE91RDNvWlRxckxTaVgxNkNnZjFZM3h3SEV4b1R3bWVUbm56c1ZwUjc0ZVh2aW80SGVFSldZNkZ2QWdqWTUzODNqMXBjRzZRY1FiMTUyVkVubWZ3T1lSQjN6UlFlNC05RUZQTFY3d2xQV2JQMzBQVkYwUUF6WTRMMVh6cU1iR1l5TUdHZzhxZ3E4akxScEN4eXg3U2o3X3dITktJOVE?oc=5,Bloomberg.com,2026-08-04,positive
Washington Metropolitan Area Transit Authority,Montgomery County Approves $49.8 Billion Metro 'Aqua Line' - Montgomery Leek,https://news.google.com/rss/articles/CBMilAFBVV95cUxNZUtMSncxOGktaF9QeEUycG95SXl3N0d6Mm4tVzVDamhDX055N1piM0xVM2RaX3AtcFNXdi0tWkZJY0NGdkhXZ0ZrV0RuS05YU2k4MHo1WVppYUk3ZW9fZHRkN0hlN3YtRUQxZEREYzYyRzFvdTYzUE9BN0NTWVY0S180clRmTmtvYlNiZUx3V1NOMko4?oc=5,Montgomery Leek,2026-08-04,positive
Washington Metropolitan Area Transit Authority,Indra Group to equip the entire Washington D.C. subway network with an advanced customer terminal system - Indra Group,https://news.google.com/rss/articles/CBMi1AFBVV95cUxPMGF1a3ZiMlAyalE0RF9lcngwbGd5WHFnVUdTeGFGcnkzSlpTZXU3MkxzX21iekVxdWNLd09CWWp3YlV3X3lGQnhFQlprQlRlNjdDaVBwUlNoNnlfaFhjYkJFTXhVS2U0M1lXTlNzUi1tZlNBSmw3NVd5Tm9NSGVTRHYyWDAyeXplNmdnWEZmaXpDcWI1czVfZkdzbjJYa0d2RGNodnVIR0E3T2xDRUVQd1hSeGJXSEczVTdid3hQTnVENEQ4WndIaFpJNXZmVU1XUXNQVQ?oc=5,Indra Group,2026-08-04,positive
Washington Metropolitan Area Transit Authority,DC Metro Accused Of Denying Benefits While Skirting ERISA - Law360,https://news.google.com/rss/articles/CBMirgFBVV95cUxPRVpKWDhKbmw4enIzR0E1cVJncjlONXVYUkxYeU9BbnJVVmxQUno3NS1kVkh2YWtHTFpjeFlLUjBKdmRmcUw1UGI2SXRmUHpJS2c2WTlaMzU2UGMwSHcwYVFnMTZPdzVWOXpnUEIya2RwZDBNczBWNVhQRDQwNXdoc2tuQzhnQXlmaTBCVWt3d0hya3JaTmZKVXJfS0NBUzF6S3J2NWJYTVdUb2lBYUHSAVZBVV95cUxQSkhsekEyVm43OGpMeDV5UktJS0l2SGZldnZPMDZMRlMxSE5YUC1Ya2QxN1JBdXh2T18xaktnY3VJUVF2WlItcTVLVFctTjFPWWVMVnVYUQ?oc=5,Law360,2026-08-04,negative
Washington Metropolitan Area Transit Authority,Why Trump's Strait of Hormuz blockade may affect DC public transportation - usatoday.com,https://news.google.com/rss/articles/CBMixAFBVV95cUxQUW5pcFBLN2VDY3lnb3kzblduUC15S1BzSnlFM0VzT3M5NkhoYWI3d2ZLODAwdUxvampvcGN5dXZsTWFhYkl3UVk5SjY5N0dyaktpb1ZUTkk2NGhxOEVmYWwtRlFBM1BjSnBlcFY2UnV2SDNZNl9wQmdZTDBQM01YclR5cjVDRG1LcGw4T01DSEIxeFhiVkVtOThpZXFVMjE5TFVBR0xRd1NxUVZTbXY1VG90enBNal9mblRHdWNUZmY5WHd6?oc=5,usatoday.com,2026-08-04,neutral
Washington Metropolitan Area Transit Authority,Metro Red Line trains return to normal after day of delays - WUSA9,https://news.google.com/rss/articles/CBMiywFBVV95cUxPeUc0dEV1T2FBM3NGTFRfbUlUZDFuWW43aUNNdTR6alRQNHN6MmQ0QWUxWF90Rkc2bEh3bHV4NnlpdHRFbVVzenpEZ0VHcTlOV1VMLW11MFdmVUNEdnpidTRCZkI1eG5EdmlhUzJkZUxjU2RDOW43OFZ2a1pYcVV5OG1RZmt2U1JmdEtZS0lSeXgweEVXOWNwY21OX0tGVW1fNUFiakRlZ3BmTHpJX0o5Uk5iOGhWc0RYeGNKelZKcURqSE9ibFNBR0NNOA?oc=5,WUSA9,2026-08-04,neutral
Washington Metropolitan Area Transit Authority,"On March 27, 1976, the Metro rail system made its first trip in Washington, D.C. Over the next 50 years, it clocked more than 7 billion additional trips, according to the Washington Metropolitan Area Transit Authority. See photos from over the years: - facebook.com",https://news.google.com/rss/articles/CBMi3AFBVV95cUxPQml3MjE3TWpmQ0RPMmhRTzVLZi1qNzFmMUdYTDBIMnlwR1RLRnpLOUtOanlycGZFNERWS3BPa1U1UW5OMDFIVUJBQ1loUFlDR3NKTWdXNU82clJrNmRydTQ3REQxeTY3cnRRUnBCRGdhUTNBM3BfbUlOVHN0dU9SSlNUQUFlRzFlMF8wNHZUX1ZlbWNneXVIek11b1ZZdHRlLU04RzdSRjR3ZUxDdnN4VU5QWEU3VDFVaW5jeHR0bDJCcVBFRVJVekRRck55RGF1V3Mtc1hNV3Z4cm5o?oc=5,facebook.com,2026-08-04,neutral
Washington Metropolitan Area Transit Authority,WMATA to vote on budget plan that includes Red Line automation - fox5dc.com,https://news.google.com/rss/articles/CBMihgFBVV95cUxNUEVVMXZ0bENRSVdEamI3azh1U2dGRC04aWpWb0hhUWgzdG1EV1VVQ3BfTFowRE9feGhjX0FwZXpheF9vRlZHRzRWRy0wY1J0YThRSnNsMy1HcVdzLTVIYUtfRHlWQTZBMlBXaklDTlByaHlzOFdrN2otbjdfS293Ml9lOHNaQdIBiwFBVV95cUxNUktDZ3dIdFFmYk4yMDBYREl0UFJjem03YnRjWnlPRkhjNDY2YVh3dHhOdU80Z1V3OXNkZ3Jvb2Z3TXFqTEhJbFY5Y3FWVXc2TFdmU3JmVHd3c0NyUXJfN0I2bnFnOHVHT1R5OU12R1JheHlSVnZseENOaVdIeHczZEk2LTNyUUZFbXNv?oc=5,fox5dc.com,2026-08-04,neutral
Washington Metropolitan Area Transit Authority,How This McCourt Grad Helps Keep Metro Moving - McCourt School of Public Policy - Georgetown University,https://news.google.com/rss/articles/CBMiigFBVV95cUxQOVQ1NGtwQ0NnZVlQcVRfQ0JuODNRRUpsSVlVbEpVeWY5ZU54R3pnS3VsMzBLYTRiOUFMMlZsTDh4cC1tekpDQ3BkSXFrMnNZSUFsVFotTlBWNVFKYVg3SFFwVEtJNUtRNkFHSFpBb01vb2poRDhDY0hLZVFmbGxCVUhGWlpzWFBSZEE?oc=5,McCourt School of Public Policy - Georgetown University,2026-08-04,positive
Washington Metropolitan Area Transit Authority,Metro cracking down on fare evasion after 70% of bus riders skip payment - WJLA,https://news.google.com/rss/articles/CBMiuAJBVV95cUxOWXRmd1FCNEI2UDRkZDJTWkRvbjZweWYtU2pNUFAydkdtVmNXb1ljbmxHZ1p4WUg1OElUTy01QTNKRHhNbWw1VVM5QTVvYlY2UlRrSHFpdF9GdVdVdGxpOHZGd19IUkl3RHFMdmphdUU1N0J5MXNiUTB3S2pvVEhDWUVrbGQ2SG9BVy11TXhRSDcwdVNnYUFlbnNLWHVXVHFETjRReWFNelotTVBrUncweDBrNm5HejBkZy1pUHVVeGw2aVhSOGtoX3N3TFhZSGVEcW82aTBkZHNXTWItamxNWUVMVHNiVzNMR3NNWXFvOFZpLS1WZFFkSFIyZ0NPRHdhX1l2YkYxcXo1VUYtdS1hdURoclpCdXNFT0drQnloSk5UWmNlNmRESkdFOW9sR25CaDdNU1QwZlE?oc=5,WJLA,2026-08-04,neutral
Washington Metropolitan Area Transit Authority,Stuffed frogs and more are flying off the shelves at Metro’s pop-up store - The Washington Post,https://news.google.com/rss/articles/CBMiowFBVV95cUxQUjNnYlBwdFM2dEpyRnJHdlpEV0wzcVh0WGVidXpiZnhFVXZPVDEtbVVkRkZuSGEtakRJejJUOUxJMXV0anFKeENTc1BYM0REcHJUdWlhcFVmcC1VSW1LX1NiZUlRVFNadXJ3XzZzSmF3cjZkb1F3MTIzZ3Ntc0xDQ2xHMFM3NnRZdHVzWEJyX01yYk0xVmFxOUhNUUZBaE5Lb2hv?oc=5,The Washington Post,2026-08-04,neutral
Washington Metropolitan Area Transit Authority,WMATA releases list of major disruptions to Metro lines in 2027 - WUSA9,https://news.google.com/rss/articles/CBMixwFBVV95cUxOUEdtemJkdlhkeU1vbTJkRm05VWdRZWpCZ1ZDTmZKamZDRTFFV09DZXRvNFVfbG13dXljeDRvWk43bVdSY0lPRE5CelE5ak40NzN4RmNxSXFqOEhqNkF0eXd5YTFhSnVvcFYtVml1Z0xtUExJZmlkbFk3UW1xOGtMNHJ0UUk3UWxaM0s3SEkwV3c4Y25ETGh1eGstSDJNUzRjWVVSbVg3WndScmc4U0xTUHduTzhZNEVpVkpUT2lIamRCbkNFNmxv?oc=5,WUSA9,2026-08-04,negative
Washington Metropolitan Area Transit Authority,Opinion | What is undermining the recovery of D.C. transit - The Washington Post,https://news.google.com/rss/articles/CBMitAFBVV95cUxNbHQxNjA5bnk3Nm5nY3l4dE9URC01dFZUU0drOEd2REhWWTVUa044dmp6NkhSUl8xYk9EUVQ3VWFLNDRvYnlpUnlReUhKZG9lRngxWnFoQVlydVBqTWdpakc2dE5yZ0FpdmNVb3FOeTBzcHlTaUVFVDNaQ2N3azZGVmVRYTZ2T2F6UUtzaHROT1M3OEp6QUZIR2ZuakdYaWJYZkpRSzVNcHBjV0J1U01YcWFyMFo?oc=5,The Washington Post,2026-08-04,negative
Washington Metropolitan Area Transit Authority,11 injured after WMATA work vehicle hits Metro train - WUSA9,https://news.google.com/rss/articles/CBMi5gFBVV95cUxOMXhxMTZ0UDhieFFjaGhKUVVlMDRwZjQzWVZUZVhDd1JhQU1ibDk5WHFmSkdUNnQxNjBaQlhvNjQxaFNUVGlEZ1A5ZzRZZDZHZThNbEVUQW5QeUNqOUNFNkk0cGZERGtzdUtrR0dLYnM2Z09rSk91OU1seUU5Tm4xekNzRFN0WUs5ajBSOGhlN0hBdEJxdmNJa2loUWkyMU9GQVJZSVMwRUhsV1pKcFkxQkZtYzVzZzVDbWRsRXM1ZEc4c0h0Vmd2UGE2dC1QeFJINWotWjdQdHRObThIYkY0T21zSmRQQQ?oc=5,WUSA9,2026-08-04,negative
Washington Metropolitan Area Transit Authority,"Metro’s original railcar is on display, orange carpet and all - The Washington Post",https://news.google.com/rss/articles/CBMiugFBVV95cUxNZTl5ZXZYRk9RZ2QxWXE2TGdEcXQzbkZhTVQ4bWNVSWcxWEVUb3lxYkVKeTVzaWZYZzVqeHJEQzdoM2RDMTRtc1VqNTJqdDc2NWwtTVV3eGV0elBUazRETm95S0NMUlpfdGlHaThVM1FIU3lSbG5FbWJEZlNCVENsUEZZLUdNMVFSbDd5bFhVTFZrcnQ4ZGltX1p0d1ktNlVVTlJoWDNxN1lsWkpycG9YeTJlanVOdHYyb2c?oc=5,The Washington Post,2026-08-04,positive
Washington Metropolitan Area Transit Authority,"Data Helps Washington, D.C., Transit Fine-tune Its Service - GovTech",https://news.google.com/rss/articles/CBMimgFBVV95cUxNUU5LVnkzVW5XeUd3bFc3TnZiLTZHRFo2eGdhS0hhU3FPUUUyR1JLRkFYQmphX25aQWxKZlhLeHFubndiRWpDa3NaRFpwVzl4dGt2WHBjakF2SUpzQkE4b2dRUVdZV3JhdFh4N2Z6QUhOcVlWeU5IMXJEQ2liNzZweW5VSENRaXIyWG1nLVlXblNha1VWTUQ4SDhB?oc=5,GovTech,2026-08-04,positive
Washington Metropolitan Area Transit Authority,WMATA fare enforcement policy raises safety concerns among bus drivers’ union - WUSA9,https://news.google.com/rss/articles/CBMimwJBVV95cUxQWUhBYjR3SVIxOUlaVFNOLWhJV0RYX0c3aFlocUpNSzFCbUxrZWM0MnZGcGpVck1CTHViRmI3QUFWNXYtWHZ0ajZnZ3dXODhhRDdWdlBwMkhEMDQxdVVCUjIxT1ZHV2xtcmkwWDBCd0FWMUtHRmd4VHdsSklVWEYtV2dOLUVfd09CWl9uWnV6cG1yRzNfaTJvV2pWSlRtQXUydXdlV2FxR2g4MVJ5LW53czAyMHF1bWkxRDZyTDUxS3ROanNDTW9XaVlSMlQ1MjFQNXF1cW9pX1VraTd2R1N0dWU0VXhTOHhGWXAzbG1DTERBb0RDcmlRNGhMV1RIZ0NVN1kyQ1lHV216b2daRk12TGpHNmNtSkZId3Zz?oc=5,WUSA9,2026-08-04,positive
Washington Metropolitan Area Transit Authority,DC Metrorail to move ahead with plan for full automation of Red Line - trains.com,https://news.google.com/rss/articles/CBMivAFBVV95cUxPNVRoVzJFcmxyYi1XU2pZaTJqVmFMY0Fad1ZuUzhYbUVYRFgyY0FUWmpsVkVoMHEyaTRLdXl3SHNpZ2kycnFiNHk3OU0xem1nWVBWZXBjODg0RVh0ay1rYVU4bjRiNENzXzRXWTJoVzdDai1pZzJuSHJhdklrank1eUNzeGQzZTJKLUh4b0hYTlNZLVhIaVR1NUxDOHFLOEFzczZqcFQyaFpEVDNxTGdRc0phSUNmSWhuZUUzbA?oc=5,trains.com,2026-08-04,neutral
Washington Metropolitan Area Transit Authority,Metro to stay open late Sunday for White House UFC fight - WUSA9,https://news.google.com/rss/articles/CBMihwJBVV95cUxPS2tOVUh1eEw2VmJNc1pYd0xrRlZLN3pmTnY4b3Q1NnAwUXNLWFEzTWp5TVRVN1pwaVU1OXRyZWdZdzlULUlQT2pBNllLeHA2RTVpX3ByVmhpdnQtZXhoRXhTRWliZlVXeGNGRGExVnNMa1ZBX1hFbnRNbzI0eFNCVHlLUXFpSVJ5aXhDTjQyR1I0VG45c0tFb3J2cU5la2p0eWJaRGNMZHBaV3dEX2RJaFlsSkFPSm1Hbnp5VjYxQ01xT0wtNUFhRGhfMGxDN0hhTDlQU2ZIc1dfekgtcDIxLUNJQVNWNThac0xVb3BKQkl6dkktRXNhN3pHQXFQRVJtVnVsYXVQcw?oc=5,WUSA9,2026-08-04,negative
Washington Metropolitan Area Transit Authority,Crowell & Moring Relocates D.C. Office to Newly Redeveloped Space In Penn Quarter - Crowell & Moring LLP,https://news.google.com/rss/articles/CBMixgFBVV95cUxNLTI1bzVOQlFlSk84YnJZR0JTVlVrY2ZZUnFUZU9OTmh5M0dScnRZTWFQbUwzeWVmX1AxNmJmaWdOZS1WTUl5N0hBT1Bnd0E2bEM5cy0wYnB0RmtwS1Atc09lcGFNN1ZYRk9IdXliS19xdjFaZm1RN1ZnOWR0am9pUEs2M0h6Z25Sem52VGtaTWFDMEJybmthRDcxaEtyVGxCX3VLeWtKSjRvUEVnS3dFcGU1MnRyeWNRUjY4WGFhOFIwLTdtd1E?oc=5,Crowell & Moring LLP,2026-08-04,neutral
Washington Metropolitan Area Transit Authority,Transportation officials face pressure to get DC's transit system ready for the new RFK stadium site - WUSA9,https://news.google.com/rss/articles/CBMiiwJBVV95cUxQRFg5OFV0NXczVXpfNDk1OWtHbHc2STd4YVZDa2xZVlZTa3RJU3hIN0FnVEhPa2lHbVpFRlFlTjliekVwMGltSV9ZdmItQkRYMFloLXNtSC1YaFI5aGx3OHhIbHVqQkdjcW5pTkxRMDlNZXBjQkFSTEktckFOeVMwYm1US2RyTVVCNnp6WlRjOEhNZm4yeW5SVmpFN3VVejZkZUJMODZ6YzZlWXpSZ29pd3B1dWRneG1aZl85YW51aFl3Nng0cEloVWs3dFNKZHFUOTJWQTA1OWVqZXFCUF81djlLcU9RNTUtMlBsU19vOEZ6cXJSY1BoN3M2bUtueXZncmxla05GNWt5QjA?oc=5,WUSA9,2026-08-04,neutral
Washington Metropolitan Area Transit Authority,"Months after ending the DC Streetcar, leaders are considering a new transit line along H Street to get fans to RFK Stadium - WUSA9",https://news.google.com/rss/articles/CBMiwgFBVV95cUxNRE1HTTAxUzZRNTdDQzhBMUNHdWdnZUczZjZkeHBvMktlVFdHWkZvSW5QU2xwX1lkN3BmenNUQ3JyY0xYbDJ1Wk8zdnhSOVpxLWNuNEUxb0ktTG9HTk1Bckd1eXdXTEtMVGRvcWd5TzVVbXBleFVvYjEzN182QTlNOGZnYm5tcFN4MkpSQ2kxQ3MyUHRrMDloV0IxOTNSZ0JxMGdXUVRJbEVrd2FQS0stWUwtZWpMcmpQXzBmMHFQYTlyQQ?oc=5,WUSA9,2026-08-04,neutral
Washington Metropolitan Area Transit Authority,Why is PETA suing DC Metro General Manager Randy Clarke? - WUSA9,https://news.google.com/rss/articles/CBMiyAFBVV95cUxORFl2UW8xT0xBaGs2ZlNlNE13Z3hqRmdtZzdFdFhOeXhZREN1dkh0WlRCZE9yczUzNm1nRTVYTXJMTGh3SmRwNmd5blBNRF80VnZqOFh0aDdwbVpjYUk3cnBJcVo0UE5UTHNGRHI1ZXdwdUZ3blZScFBZZTZmQ2hoSWkwMWh0S004ZXdxdXJBQlZwY0U2eTIwR002RkVucjZ0WkFnZ3hpUWZFaFNRYUs5QW9yZ2toNFUwNk5TQUNaODRhcFN5X182cw?oc=5,WUSA9,2026-08-04,negative
Washington Metropolitan Area Transit Authority,Olathe manufacturer will upgrade ticket terminals for D.C. metro system - bizjournals.com,https://news.google.com/rss/articles/CBMiqAFBVV95cUxObmwxbXJLUUZqVklRdDBYcnJoLXNYdm9ZSjZHdDhSTVhicGlWNzdjUlM5QTA5R3Y0U1ZGZXNUb1JENGRsazVrUEJ2SUY1ZnBxc1haN2U1Y1o3SC1oX0dlNWxCMER0WFU1TU5wWDRkNTNwak1DdG5fZ2hfdTR3X2l0QVNIN0NSOHpQNlVrUXhrTzFkMm0zeGs5bTJKeEhDYXFkWVZMVnZuWWI?oc=5,bizjournals.com,2026-08-04,neutral
Washington Metropolitan Area Transit Authority,Washington Transit Authority Hit With Class Suit Over Pensions - news.bloomberglaw.com,https://news.google.com/rss/articles/CBMirwFBVV95cUxPd0dDelJyVGZ6SzZ6VWktdTgwQVVmMzV2NnFsTDltR2E4anNHTEFnZk4xR0pnUUJFcFBQSjl0b1hQelVVS3M1SFluUTBKSzZ2VTk0NWxrenpNS3p2SlpCYm9iRzgwbjF1OGl1THBBUVI1cHNTWWc2Q1dQRGktVXFnV25WZjlaZW02Qm1fOHlWSFBReEp0by1TYklobG9uVXp1aHRyT0VLcU9VZkh4RWdF?oc=5,news.bloomberglaw.com,2026-08-04,neutral
Washington Metropolitan Area Transit Authority,Washington Metropolitan Area Transit Authority Continues with Phase 2 of the Bus Shelter Replacement Work at Shady Grove East Metrorail Station in Rockville - montgomerycountymd.gov,https://news.google.com/rss/articles/CBMiiAFBVV95cUxPUDlBcHZrb0FsUndCTi05NHp1S0wzbGo2SmZrRmJ2aFdiNktoWTd3YU1CR0h2SW9QcDZoWVBCYjhqU2F0LUVYZnhKekV2bENxdG9BcF9sSjlWVW9ibWkzbGJnSnd3WGEtaERNeWM2ZHRla3E0WmxuQnZET1RzNmFpY0NTdWVFXzhX?oc=5,montgomerycountymd.gov,2026-08-04,neutral
Washington Metropolitan Area Transit Authority,"Henry Cord Obituary Jun 9, 2026 - Legacy | Obituary Search",https://news.google.com/rss/articles/CBMiUkFVX3lxTE1rT1lfNC1SOXlheXpyQmx2S05MSWNsc2J6THlZVGdvVHRLOEdkbHNaM0ZmU3BiZG5mekROSWZYdTBfTGg5SnFJSU1mOU9kQlFmZ3c?oc=5,Legacy | Obituary Search,2026-08-04,neutral
Washington Metropolitan Area Transit Authority,Indra Group to Equip the Entire Washington D.C. Subway Network With an Advanced Customer Terminal System - GlobeNewswire,https://news.google.com/rss/articles/CBMihgJBVV95cUxQWVZEUENKYzJ2N3NRMmdkVUI2OEY1dFo2VVhTUDBGWldYX1lEQWZxdnV6YkpfZkdNRW9IQTRxRE1QLUxEbDlxelh3bXl1TGhpZzFqbjJOUkJ6TjlZMnFYXzhxSUp1V2xZQl9vRWJndGNyVEthOWxZck96Qzk5SXYxZUVYSklROXF0aDZzRF9mNXROejZjbUEtQ1lDSnRXaHAxNm1uR0JSS3JLam5RWFJZbEVJUVYwbDRtbFdITGJ5c3NNb2p1WlU1V0p2WnpjLVZKTGNWOFBaN0p5cXVrelFKTVVIY0U1Y1UzSDdSelY3ZWFNMF9kd2xXVHFQdWlFTmFQRjJjZDhn?oc=5,GlobeNewswire,2026-08-04,positive
Washington Metropolitan Area Transit Authority,"WMATA Marking Metro Rail’s Gold Anniversary, America’s Semiquincentennial - Railway Age",https://news.google.com/rss/articles/CBMixAFBVV95cUxPLWU4Qkhqck4yNlpZOUh4Tkk0SlpZM0ZPdnB3VUpJMXdMY2xSVnR6T3p4ckNXR05tWXZSS25zYzdhbnpYLVhRbWJZQjFMMFhiUjNFdVJIQ2R6dktZMjdLQnNxVkNUVy0zZk5pM29zQTBrbnJMa2VtUTQxZUg3LUg5VjQ2R1NaOHo3Q3NwdGVpRFNuQmVIRml4MEhBOHdvYmlxWjc2U2xnaFZoN21mWXh6Qk1iZFNUd0R6bXZzS0RBR2VGOWRf?oc=5,Railway Age,2026-08-04,neutral
Washington Metropolitan Area Transit Authority,Train Derails Near College Park With 11 Passengers Aboard: WMATA - Patch,https://news.google.com/rss/articles/CBMingFBVV95cUxNYVNrS0k0RkVrWWVMSGx2eGVZTHBFV0Z1ZktrcmQteHRqb1RCY0hZWjVhQ3RkZ1E1UTVodnlCWnduN2JqRUtPSWxwejNLUFdZMGFhZWNIT2E2OE9QNlRGU1R5MEVEVFlqdmdsRm9ScUlKVTJvdHNHZmlRenJTMGl1NkpVSGtkT0xRLVJFVzQ4RjYxZDdNaXZGN3dSOFlYUQ?oc=5,Patch,2026-08-04,negative
Washington Metropolitan Area Transit Authority,"Red Line trains to single-track between Dupont Circle, Van Ness THIS weekend - WJLA",https://news.google.com/rss/articles/CBMipgFBVV95cUxQTDFWQ1BvbEs2SGJnY0wzMTRpN0Rhb2FKc3VJbk0wbmt5elp6VzI3Zk9tYXJaSlhGWlVMUXhfaHN2OTU5SGpzZUNkRVpoTkM4UWpNWXRLaFpyWFNZWUJwYmRYUHdTSC1ybTBGNmNEai1aMGlfS2FoellUWDIzMndEMGRuNndCd01VeVFvWW1mVmV2b2syVHJGMXR6VHVqcHl3alluYkdR?oc=5,WJLA,2026-08-04,neutral
Washington Metropolitan Area Transit Authority,WMATA Proposes Revised FY2027 Budget as System Marks 50 Years of Service - Metro Magazine,https://news.google.com/rss/articles/CBMirAFBVV95cUxPTHlJazhuenZ6czNRTTE5WUdVd3M1Y05nREV3S2hrOXFWdVp0eTlraldhcExqXzJVU2ZZTG5Rck5sMGl6dTR2RHRRZWgyc0drYkViMzNoTUxxZXJLWVllT0g3UVRGaGExZzJtMzA0dlhsYUZVYzdQS1hnakJOUnRsOFNsQlFMemttZ2stX3hSb0lHU2Z2RjJRalE0cHY0cVVYRjd2dDhUc01ybUNO?oc=5,Metro Magazine,2026-08-04,neutral
Washington Metropolitan Area Transit Authority,Red Line Shutdown: What commuters need to know for Summer 2026 - WUSA9,https://news.google.com/rss/articles/CBMi0gFBVV95cUxOYzVYdXoxZTVSWHl5bEJwamRrUTFWdkFNc3JsQTUyNFdLbk1OLWhualpnRW5ZZndWcTlPbVE4N0UwQnlxWVFnOEU2dFg4VFc1OFNSeTVseTlZaVRHbVdhczFKV3ZjRlRZVlFLOURuaFdQdUVuNmowb3NzXzM1dmhFY3hzT01idlhWRzYwTi1Hc284U1U1SjVoTFpfRTZVVWVLcGoybG4wc3Q0U1FfTEpYOU1pc0djYXlyMHRtejgxRFcxTkdYeF83UGIzUjBZYzQ5TUE?oc=5,WUSA9,2026-08-04,neutral
Washington Metropolitan Area Transit Authority,Why did PETA file a federal lawsuit against Washington DC's WMATA? - usatoday.com,https://news.google.com/rss/articles/CBMiwwFBVV95cUxPSk1fUlR2SGtPTlEwS0k2MmtDR1cyNDItY0dwZFZqQ2lDVUx1ejJOYW1vbi1GOXlpTVEwbDJjQVlKTTVQZkZ5ZTBoVkEwRDFCZDd4TXJiNC1fcFJ1RkEyd3g0NWs2YldiblU0TTRYSGpHWXJpdlVRMGU1ckRDeFNxMzBWOTZyT0lia1h5T0dtYVhvY3R0bnY3RmYzcldLdVJoeFdubjZXLXE2ckt6UEdKS21aNmZRN3FJZEFKZEpoNlBJS00?oc=5,usatoday.com,2026-08-04,negative
Washington Metropolitan Area Transit Authority,Crews clear tree over tracks impacting Metro service in Virginia - WUSA9,https://news.google.com/rss/articles/CBMiwAFBVV95cUxNTGtybjIzb1ZGVWlVeXNvbVlMcWJ5bWxXaW5mczU0VHVteW1yZm9NdEIyaTVsS05Ea0IxQ1VXUlVyaGktbmF6aXlzaFprb29CUEhHemFGeVpTTGQwS2FPb2VCczhDZktzcmJoWXFPckxSRGRaRkU3d1UwZDJ1YXFGNG92eFM0TUEzbzloLTJuTThvS3pHTHZSd0JkUDYzdTBUT0YzN2dFX1FyZWx6WDJ1Zm8ySmFPZWZXZDNiUVdmNGY?oc=5,WUSA9,2026-08-04,positive
Washington Metropolitan Area Transit Authority,Portion of Metro's Red Line will be closed for 3 months this summer - WUSA9,https://news.google.com/rss/articles/CBMi7wFBVV95cUxQaC1HRWVOVlktZGQ0cmhKTklQZW52YmlhcTBLeDRhWGxFa1E0d1NpeXpLZFR2bzZYdmRNVkpzd2FxSXh0N3EwUkoyR1UtVTlCN0dlNGNyYnJXVEYzdFdMWWZraWJ3SGJ0UEhfWXFTVVA5eHpYbTFGR3dXSWFFaHhDdHE0Z1hKdmtWWTRDazh4TWZYdk5MZlpsRklFb0Zza0Y5T0dfVDJvc1NzeXAyY2h2LW5hdlptUFF0VlZ4NXVObVlDOXRyYzB2RjhvRkdGUkRNckJBR1VwRkhYNWZ6S1JiLWg4VGJZVjJYS2d1MmxVOA?oc=5,WUSA9,2026-08-04,neutral
Washington Metropolitan Area Transit Authority,"Metro’s Blue Line, Silver Line partially shut down this weekend - WUSA9",https://news.google.com/rss/articles/CBMiwwFBVV95cUxQSXJubVVXemJITEQzTWlqWWFJdVRCV09xRFhtQWlJOTRibUw3cm90c3ExRjE3cWY2alVwQTdjWjhrSW9nTklyanY5ckJ5bEk1am9jcUlGb2RobUtVd2M3RXB1LWlQanZLaHRpODdpMFFPM3JQNFR5a3JQYThhX1hCUksyTHZKT3pVSHllNHNudnllTGJSenozcG1JQ1FvLVJJZ2NjamtFME9qSEF3OEFDOU1ZbXNpT012YVRnMEY4ZlpCNzA?oc=5,WUSA9,2026-08-04,neutral
Washington Metropolitan Area Transit Authority,Diamond Transportation cuts 715 jobs after losing major WMATA paratransit contract - bizjournals.com,https://news.google.com/rss/articles/CBMirgFBVV95cUxQdktIT1RsUHdmMUticDUwTm5jaE5OUVlLZGFSSjJPMFY3c0FwdUZKUGt4eTdPZXJCVVFQWFNjME1OS2ZlZ1c4V2ZlWHR6el9wS3ltYmg4amsxWnNWU0Zlb3RnUmZRQ0VrekljcmN0TUlFYjRGWkw5YWdtTWd5TGQ2dkVrTWh5cDVHT2I0N1I5c2FZUEJyX240c3Z2RVFkazRhdHIzRGk0bW5XcnkzQlE?oc=5,bizjournals.com,2026-08-04,negative
Washington Metropolitan Area Transit Authority,"Mayor Bowser Celebrates More Than a Decade of Delivering Free Rides to Students Across DC, Marks New Milestone of 450,000 Kids Ride Free Cards Distributed | mayormb - Executive Office of the Mayor (.gov)",https://news.google.com/rss/articles/CBMitgFBVV95cUxNc0R0TDAwWkJmdGFvZmgtR3dBeVp5UGVrcXdvYjV1Q2tteEtBUHlVaGtNS3BHSXpLQThTV3A4dl9XUmlRT0J3LXVPMU03N1lQNi1uVnR4YUxuTUlYcUJXTHc2V2ZRcTRmWGtGZXBDRGNoZmdnMm1GTlVsZmxnNGU4VFVidWx3SlVnbnNzYUZ4dG5YVDBObGFKMTQwVWU4RE1HSUxpVHZEaHRuaEFqbTYydnBGRnlPUQ?oc=5,Executive Office of the Mayor (.gov),2026-08-04,positive
Washington Metropolitan Area Transit Authority,Indra to replace Washington metro ticket machines - Railway Gazette International,https://news.google.com/rss/articles/CBMipAFBVV95cUxOZW16aG9zZnZkZ0o5c2c3LWhlbS1qUTdvR0NaVG1sYlR1MHRpaUJueHdBSnpCbjdRZVJ2T0c3YVBmOWsyRklqM3ROQm1iS2J3OUhNM0paaDE0Z0doelZjSDZfbVVuLTdYb1JrRmdQSGRXNm8zUThLekZrNmxJWjZ5dHJQbjJWSUJUYlJnWGpyakFNdW1VQUlIU0hCQWJRSmwtRUlWYQ?oc=5,Railway Gazette International,2026-08-04,neutral
Washington Metropolitan Area Transit Authority,"WMATA Adopts FY2027 Budget, Boosts Service Without Raising Fares - Metro Magazine",https://news.google.com/rss/articles/CBMioAFBVV95cUxNUFNIcWpXUkFzaGRBOEFMa0J5dXlVRHFfQUx3QzdINVRkOGpnQnA5aWVHWFVQMWNwdXpuWUt4dTV3OVBJb3FYajlySGtCWWw4SWZDTzN3aC1TeWY2d0JOSENEMXQwUm1abC1aMXhnZXBCdkx6RzN6emJ3M0R3MDU3NnBsLVg5U01aTjdoZ0ZSSG5mRy10QVFacV8wcW1rcTNH?oc=5,Metro Magazine,2026-08-04,positive
Washington Metropolitan Area Transit Authority,About the Director - Department of Transportation - montgomerycountymd.gov,https://news.google.com/rss/articles/CBMitAFBVV95cUxPRE1HZjctVlRsUlVnTEtCeVRxNEZPSEc5N3Jwd2VTYnJfUVBBTVd6TVhnX0R1TlZrelh5VU9sNFd3MVNvb2U5LURFbkN2cXltanFCckpXS0E0dmNKVHIxcEdkOGNTUXlQdEtNTmh6QnlUZG4xZm5URVkwU253MVdEc1FBeHU2WEljUFV4bGlzclVFSGFybzluV3dLSV9uTjJyN2xBUllTU2VQNDNLdEl4cllxSHU?oc=5,montgomerycountymd.gov,2026-08-04,neutral
Washington Metropolitan Area Transit Authority,Metro board unanimously approves train automation next step - WUSA9,https://news.google.com/rss/articles/CBMixwFBVV95cUxOVXdkbUgwSDc0Vjl4YTkySzJiZkVGMkI2NWJyRkdMOV92dnZRUHNpdUFWMDhvWXpGWmFhNkw0NDJZZDJtWkVTMFdWS09zNDd0cEg5aFdobFM0Nk1pQm9GNkY4NDkxYVlTWlNIUnVnbHozNy1TVU5laWdvaEZYQUMzUHJPZkhMR095cXNCa0phRGt1Q3JBYUlpYmplRFBTVnhlUUFXZTdJNUt3RG82akhxOWYyd0cyOHk3Qzk0bDljaEhMbmNxQ1dF?oc=5,WUSA9,2026-08-04,positive
Washington Metropolitan Area Transit Authority,Red Line shutdown begins July 6 as commuters brace for major summer disruptions - fox5dc.com,https://news.google.com/rss/articles/CBMiogFBVV95cUxOaHNnQk5ULXhWM1BVU0VrQUh5bU1pRmdQN2tRZUdSODFpc3lBUFZ5UmdRV24wbVBkZzFoRWlYcW15OV92S2diVWVYSWtkX1d5cDV6ZllzSlFFc0FTQ1BOU1ZIbjZ0V0xkYmlLc2JkRmc5UmhLTDN1em1kTWNLLVdxa0FYYkJjLUE0WDZuZDJ0TFJUU3Boc3lnUnlQWnNvZng1RFHSAacBQVVfeXFMUEZtWXh6VmtEWktUN29JSjVsN05lbnZNTXh4b0pzOVhjbTlLMHItSmFqWGIzbmQ3QTF2b3JoS3JzOTEtQnlsQmZrc2NCUUxiTEZydWhwVkZXbDJYNVk0aHMxZWhhN2tMcjkyVnhZSnJNQTh0V3oyTm1WemNCRzUtNTRXcVUzXzZNSTJWTkl4OU1kSG9YSkRNVXBheEJxR1AtV1JjdjVCLXc?oc=5,fox5dc.com,2026-08-04,negative
Washington Metropolitan Area Transit Authority,Lawmakers weigh merging Northern Virginia transit agencies to cut costs - Virginia Mercury,https://news.google.com/rss/articles/CBMisAFBVV95cUxNV0dPaGV3Y2FpSzVoVkljWTNPTV8tYmE1WU9vMEZnRS0ySGJvVmJxM0JvVmk2Y0FWRnpxb0lTZ2ZvOVhaOTAxSUdUV1RnSjlNcnYwSERWNTZRNEstNElMOHhPX1FTcXFmS2daYlBHMkM4aFczYWhvRDBCUmh4WnhxS2YxUzJyNk1VSG9Way1IRXpLR1hKUW95d1JSbUtJdUd0ekZtQ2RMYmZ0WGhpenZldg?oc=5,Virginia Mercury,2026-08-04,negative
