ceo,company,title,url,source,sentiment
Monica Tibbits-Nutt,Massachusetts Bay Transportation Authority,Monica Tibbits-Nutt Steps Down as MassDOT Secretary; Phil Eng Named Interim - aptapassengertransport.com,https://news.google.com/rss/articles/CBMirwFBVV95cUxNcjNfdGJjNUwzcE95eWk1bzFKckpFblhkZGJTN1BYZU9OdGxTZFAwM2gwMkJmRmpLMkZJNC03MWsySWhwbl9BcjFnajltQVd5UjBpLV9IbUplelpuRmdjWWNPX3VQWi1JR2p2Mkd5UmkzZWRfQWY1enpNbFhkSzFITVUyODdyT253SnhYSkQ2dDRoaFdIemJnUXlzcV9KeDhBbDlNWkY0OThfQzVMUVhn?oc=5,aptapassengertransport.com,neutral
Monica Tibbits-Nutt,Massachusetts Bay Transportation Authority,"Massachusetts Transportation Sec. Monica Tibbits-Nutt steps down, MBTA GM Phil Eng named interim leader - CBS News",https://news.google.com/rss/articles/CBMifkFVX3lxTE5hSnJUdEdlZUc3bDB4eTBPZEhOazc4clJIMF9TaDl5WFZST1JvaHNHVlVwcUdiTlNTSF9pOUJLVEF1UWRHWTV6X3pEZTR0ZTN1NkVUNGlRV0NicDRtNzVRWWpZN3U0b0hmaGtVaEw5Y1RrbjZfb3YzS3hHU0lJZ9IBgwFBVV95cUxNaTBqUVI1NXo3djlXQUk5WGRwVGt2TXRyZ052cFNxeThyTzJNSkhVbVdPU0pzOTM2Q3VCMi1TenZiTE5mMkhPRkppeDBhUlRLejBGWTViV2J5b0dYQXI0SVNvRU4wTjM3MTdsSmVqRVdqU1dPVGZfbUJ4akFXakJjYW9jZw?oc=5,CBS News,neutral
Monica Tibbits-Nutt,Massachusetts Bay Transportation Authority,"Phil Eng has two ‘24/7’ jobs right now, and not everyone thinks that’s a great idea - The Boston Globe",https://news.google.com/rss/articles/CBMihgFBVV95cUxOWU8ycTJEWXo3UVZuTXZucmxnd1pnSTREYUhHalU1ajdfalkxSGlaTFo4dUtmOFVfc3ByRG8wT2xqMTJXQkhyN2Q2ZzdCdE5PcWkwWGxqMzRuQzNKanpFcWhzOER2YmxqWlAzalRWUmV1ZnU2NkdXdHlEQURXSE9IUGxUNVpPdw?oc=5,The Boston Globe,positive
Monica Tibbits-Nutt,Massachusetts Bay Transportation Authority,"Mass. transportation secretary resigns, head of MBTA selected as interim replacement - Worcester Telegram",https://news.google.com/rss/articles/CBMixAFBVV95cUxNc2lOQ242WVVBQ01ybF9hVGFQbzRpSXNwWVk2ODJxMTZSa05GVDBwNnZGempQMk5JcW9SaUwzaHk2dENKZVp0eGdKcjhrNndzYXRZWDFJeWE1LXp0VjRCMEtTSW9YUFQ1ZmctYzVrMFRPa0NIanpoYmlmVTM5czREOUVkMm1GNWNtc0ljRjlFc0NId19iMXQ3QWVQdnhsdnMtZzBVR19zR3R6MkVxYWc2bFNCNWp4WE9CTVNEMUtZaTBkWFZS?oc=5,Worcester Telegram,negative
Monica Tibbits-Nutt,Massachusetts Bay Transportation Authority,Nutty MassDOT Chief Who Pushed NH Border Tolls Is Out - NH Journal,https://news.google.com/rss/articles/CBMiggFBVV95cUxOX3pmME53aGdSam5LSGM2R1ZXdDMzdTNDa3pBWl9CSlkyRkl0SHZCQVVybEVnbkZ1aEtNUU4tenE4TjVRbE9pSmZLU09fZE9rcU1NTU1WZmtERDhMMjFtREVOQnFqR3k2QXgyRWZWWlVRMTVaUlUxZnpFbWhJblVLaTJ3?oc=5,NH Journal,positive
Monica Tibbits-Nutt,Massachusetts Bay Transportation Authority,In the news: Monica Tibbits-Nutt - The Bay State Banner,https://news.google.com/rss/articles/CBMiekFVX3lxTFBfLXNIVHRMc1pjcjBsdWVVUndzSXY5a2RBWXNVZmZnai1NbWVoOU9XcFVKeW1yRDFkcDVxRmMxR1dDOHIyYVhSQ2ItTFpDQnY1NWFWUmhCaWxMejBfT0dfSFlPZzlCZTBqdzhKRmkwb2IwQW56RlAtRVZ3?oc=5,The Bay State Banner,neutral
Monica Tibbits-Nutt,Massachusetts Bay Transportation Authority,Massachusetts investing in commuter rail to relieve traffic congestion - Smart Cities Dive,https://news.google.com/rss/articles/CBMiqwFBVV95cUxQWGhCTHFYakhBdFFXRzV3UkhWQlhxamtzOXNKQzA3YXg2TjJoaG43YXBlUmlhNUpYaTE4VjdyMGNkSjM0QzNRdkVuV3BRLVlva3lfSTFLd09nU01SaGhJTFJ6VktoX2tMaW9mLVlOSEM4OS1JZzFJcWpnWmMyam5tbklOQXRQMWJsOHJqcDZXbThQN0dUdTVwZ0N1V01xQ0lMU2M1aUpLU1QtcHM?oc=5,Smart Cities Dive,positive
Monica Tibbits-Nutt,Massachusetts Bay Transportation Authority,MassDOT head steps down amid fallout over plaza deals - Eagle-Tribune,https://news.google.com/rss/articles/CBMi3AFBVV95cUxQcGNvVlctVC11MGRJTGJSbG1QazFDaWpUckhidHdjcGlBeVVfSTJqZmRWUExBa09rVkNOX09ZSUxLenR0UkNxWGM0MkRzblVoSmhaNlo1bUlYWVBkTXQzVFdZWWtWZ3pqZmdHaG1FUV9TUU1JVm0xdzAzMlhvc3pPNm5BbjJEU240aVZaUDZiX1RidG9FczcxZlNHUzUxV2xtUjlkQXQwVHB3OHNXY3dlT2liQTBSS3FoSnBWcDJIVm05Vkh6UDJzVnVFdGZqTlpnRk51TkpNTzdjay1V?oc=5,Eagle-Tribune,neutral
Monica Tibbits-Nutt,Massachusetts Bay Transportation Authority,Tibbits-Nutt becomes Massachusetts secretary of transportation - trains.com,https://news.google.com/rss/articles/CBMiswFBVV95cUxNcTlHRzdySDNBVmNGOEt1ZnRaUjFOVElaOEhEaU5WdWdTbTVZUmJCWTV3by0wVEhmRUdXdFNUUGk2WkZOM18yQkFBTjVQLS1haGFTVDBLVm5UNG5UektkYzhSRUNuTnA5dUpwa2lleHJmUU9fZk9BNU1JZHJkblEwS2pOYkRyd2hjZnY1OGFOVmJkOU9NbkVHNm1LM0k2emJOWmVBYnJmSlI4dUFaaTdEc3ozTQ?oc=5,trains.com,neutral
Monica Tibbits-Nutt,Massachusetts Bay Transportation Authority,"Healey-Driscoll Administration, Massachusetts DOT, MBTA Celebrate Launch of South Coast Rail - Associated Construction Publications",https://news.google.com/rss/articles/CBMiywFBVV95cUxOV3huNlhZd1djM0xjbXdMbmxPbmU4amJsVnBzYmIxLXhVNlcxZFlRLXo0RUFDZm0wWEZrUWRIejM5RFRhYUc1X21uQ0Q4dVNicHE1YzBzSGVVQ1IyRjFjcXBHV2dxM1ByR3JPbWJ6N2JHcGFvUm5hSGJ0UzhqOEZxV1puT2g2SDZpemJ6NFIxMnRKQWpfVUtVSlJISUZ1SURhTHliTGx1X1pwaUV2SzBaTnpLMnFiQlJ5N1JZTW5RcUhPUnAySnNraHZtdw?oc=5,Associated Construction Publications,positive
Monica Tibbits-Nutt,Massachusetts Bay Transportation Authority,MassDOT Aeronautics Reports Successful Drone Medical Delivery Demonstrations - Inside Unmanned Systems,https://news.google.com/rss/articles/CBMisAFBVV95cUxNa2stdlllZy1GRUxLUjR6ei11ZWdxLU55U3R2MWhvQ1JLTjQ5eVlzUmFVMWY3RExzNWo3eGdpbTlKaXVQcWZ2RWxFVmJiZkI2bEotUGZrSG1YZHJYcDlydDhva1l6b09DQUlSaF9TaVBzQ1I4ajdlRlZ2TGNFVy1sWk9MLVY4UDgtVTVaN0kzZHlZTE9jaEZxUWxqU3QxZktSelNyTXJjeUdkYUhreFVveA?oc=5,Inside Unmanned Systems,positive
Monica Tibbits-Nutt,Massachusetts Bay Transportation Authority,"MBTA names Jeff Cook chief administrative officer, Alicia Gomes executive director of light rail - Mass Transit",https://news.google.com/rss/articles/CBMisgJBVV95cUxNamQzeU1BSVExV3lXbGk2M3o2RURhZUVZNXpPNnY0dXNrb2NZVzFLVS14QUlGN3REcVNsUC1QUUFFcVNUM1duWldwVEZsOFNNYWlBZFBKeUtCY1EzYThrMlRoQ0l4dTdqR2dJdkd0cVJLWFFYeVg2eG5SSWwtVWdfRVBMcUYzRzRKMjhlMXo1dXZOaG9wd2R3eFZZUGZlVTlaa1JBbE5pMk1Genl6ZDlneDdqd1ZyYUlkUGMxTmxhaTkxWkJqT19yLVdPRnRsSW5aRnNyazQwMWZSTUlZbFVka19DUjJ2WTNZeEVSNDZiRkh5RlBVV25acHRIdjlCWG9yZGxQTkU1c1AweWpsNElpVTRPQi14aUJveGRrWmZkLVVrLTJrVGJJcU5sVC1HVGZrX3c?oc=5,Mass Transit,neutral
Monica Tibbits-Nutt,Massachusetts Bay Transportation Authority,Announcing Leadership Evolution on our Board of Trustees - transitcenter.org,https://news.google.com/rss/articles/CBMiiwFBVV95cUxPZW5WVWMwOGs1dnlFRDkxVFlwMklOeEdpUVZaWllUbFJ5el8waVVEU0dsaTRwWnRrMW9SdHlfbTRhSEFUeWVQWGQ1RWc1RGt5aXdJT0hJeVVLeXBrd0FpVkc1eTRFZUlORWZiTWJDbjBGZWpOQlZpOHVtaTBNY0psNVhLTHIwV0Vwb3hR?oc=5,transitcenter.org,neutral
Monica Tibbits-Nutt,Massachusetts Bay Transportation Authority,MBTA to switch on contactless payments across Boston’s public transportation network - NFCW,https://news.google.com/rss/articles/CBMiwAFBVV95cUxPby01X0lyTlRQTlQ5TC1JN2FSUGJ1MWU1d3EyWjZZLW5KSlV5eURrX0FpZ3d3T21raHMyMmlhb29pUXNlVTBmeWlvamlsM2tRS2kzRXBPaTRYeDd2cXExQVdlVnRNeUxuWUotdVdNWEVzNGh2dVpWUWl4Z0hTRllNYkxLM3dhWlFQMURkUE9kbzVRMGRjaGc5NUtId0x6YkpsT1RSYmQ5WnlkOGlud3hBOUI2bjFXakpiTnYzeTZTdmo?oc=5,NFCW,neutral
Monica Tibbits-Nutt,Massachusetts Bay Transportation Authority,MBTA officially opens South Coast Rail in Fall River. Photos - Fall River Herald News,https://news.google.com/rss/articles/CBMivgFBVV95cUxPbVBiNElkX0tHb0VWZVRpbXhESVIwd2ZwRjJQMW5EYXdJUXVTY0dQV3Y4b3FUUVp0aFlPaXF1Y2k1NU44eWRjRzFtVFBjQlNLeWJtWDZTU3o5bmpjVTZJWTlVa01aNzBvVTRodDBwR1lxWXVQMUVmd0dENTNwa055RkphcnZjSng3bzFteGI3MTZzVGhGLVR1UnV6QVNNODJoN0p0Vk12QU1yZVRxeUg1UDkxZHI3YVd3eTAwZkpn?oc=5,Fall River Herald News,neutral
Monica Tibbits-Nutt,Massachusetts Bay Transportation Authority,From west-east rail to the ‘X’: 6 takeaways from a visit with state’s transportation secretary - MassLive.com,https://news.google.com/rss/articles/CBMi1wFBVV95cUxOTHFOaUg0WGtjMHg5QUFrWVh2TWhQLVRzTFB6ZkYyei1VeVR5T0J2MWVycHNTVUxpS3ZMOXlnaU1BWEh3eUhCdld4N2Y3a0NmRzBGRUNITmlyRFFIWElnTXQ5RF9kYm0yQWxaTlZFUGJmOW9oTTg2NWR4YzhKODBDaElmbDVkb1ZpSUNDblNOQU92MG44MXNmMTlZa0VMNzUyZ2ZTWmhicmRyZzVyLTluTldQc2M5LVBLOXpwZjUwV3ZWR1NJdEs2QnpVclBEdjNSUkFGX0FKdw?oc=5,MassLive.com,neutral
Monica Tibbits-Nutt,Massachusetts Bay Transportation Authority,APTA Kicks Off 2025 TRANSform Conference in Boston! - aptapassengertransport.com,https://news.google.com/rss/articles/CBMijwFBVV95cUxPTGt0T21JalFtTy1QemsyM1JPcHJvOUhsb29yT0thdTYxU2VQSy1TVWtvNzJJdjNQTTdsU0NyWjkyTnBwWmUzY2ZyaWtPLWUzV253Ny1xRlk2alI1aVpBeE5ST0FiaEtPX25fc3l4VHZfMVg5ZEFaNGhmZXFFNnlaZVpuUmNUdWxuNGdOVFgzOA?oc=5,aptapassengertransport.com,neutral
Monica Tibbits-Nutt,Massachusetts Bay Transportation Authority,Late Night Workers Stuck On the Platform - Living on Earth,https://news.google.com/rss/articles/CBMihAFBVV95cUxPd19KeFdnUGgyMEhueEhQYU9Vd3J1ZndkT3ZwUkhiZ3JON3RJM3hOb0ttTlozQTA1dlVxaEFqU0hBRXVPTnU3aWtMaE4yaGhReVdwZ0RwQlNsazk1T1E2NGFhOV90WjlybC15bnl1UmhhemhkSGRlOGg4QmJ5RG5uTTJEZHA?oc=5,Living on Earth,negative
Monica Tibbits-Nutt,Massachusetts Bay Transportation Authority,MBTA Board of Directors approves four-year contract between MBTA and MBTA Police Association - Mass Transit,https://news.google.com/rss/articles/CBMitAJBVV95cUxPaHhwNkdqNU9Lc21kSHVzcUtKS0ZfNndIWGJQcFZwT1FhU0lCdVRLeWJWc09URDRvZVJhMDdJbVMzMHlqUkVsRnJBMUMyZ2RaXzluaDBodGlISlFwWDFTU0RkNnRWcG5rWnNjLUZCX1M5Smx6QUJTdzl0WWo4dkJOcXY2X0JRQTk4UDV0eHctNk5mVkpFZmNLOUZlLW9jOFB2UWlJRU1tMHBHN2lSQ0hzcnNJOGNOUnFCX3FYVjd3RDc0TkJKZl9ieVpUa2ltN2ZhdlduaS1jT2pTTDA3eTJIMHY0ak1YR3F4VGdLOTJCQlA5OThvOHlMQkt1dHprZW5WQVJJdE1qX1JERDhsZnFVMWRXcXBWbVBlcW0tVnRvbUFUNXRhYkJ0SjluVlpqMkhzQmNUVA?oc=5,Mass Transit,positive
Phillip Eng,Massachusetts Bay Transportation Authority,MBTA reaches $500K settlement with employee who says GM pulled her hair - NBC Boston,https://news.google.com/rss/articles/CBMitwFBVV95cUxNdU9yTXJNVDZPcFctVVY2bFFnWjBFM21zdkJCbGtSS1VyaEhLbjdtY0ZHNk5Qc181RVFwY1E2VnlZNERsRC1xeWVNdkJrbll1RTlzRkgxVTZwcW11NV8tWG5wLTIzeVNOdXVGT1I0dGhNQ3I1TWUzWlNPZ2FZRmNXdE84OFdLT3UyMmhVM1VhU0otaHROSWlQeFNrZlJtUWJVRHh1ZHhIc2VmQVQybkh6WmVra3BTSEXSAb8BQVVfeXFMTlMwdTcyQW1OeFBTZW8wcEtxQi1lMDFnRkNCRDRTOEE1WGdOdGQxcXdwNk5UOTczaXU5WHkxMWJqUzdqbi12ZmJaVjc2czNmajdaSWRPUlpYbGQwZ0laNnU2bVRzYzZVVnZ5cVBMbFRqM2YxS3FlVEN5cFpfMGhaRWRGNlBZVi01TGdiWndVUDkwTWZIbDlmTjNFRWlQSmtjRTdzOHIzbjRESGlJdDU1cTBxZkhoRWxteUJHaUYtZ1U?oc=5,NBC Boston,neutral
Phillip Eng,Massachusetts Bay Transportation Authority,"Phil Eng's Professional Derailment Costs the T An Experienced Leader, Plus a $495K Settlement - Streetsblog Massachusetts",https://news.google.com/rss/articles/CBMiygFBVV95cUxQZ2tQbG8xRmVrV3F4TjZmMVNfRmZUZWkzakQ2T09fdTF2dFM3N0Vpc2ZYSEZKX3hGZjY3Q0lmd0ZDanQ2TUNGRjItdkFSeWNlOWk0QU9MVDM4OWFLeWR1M2EzWXlRQkphUVpwWmJDQ21UZGhwSnQzXzlEaTd5Q1JEN1UyN2JDYWVLNjRsYkt2b3IzR3Q4b0hOdHNWM0tUOWhNNWduMV85c1NNV2hfV25WcjFxRnJjNUlIeHV4d3Z6NkRtQ2JwbGpSZWxB?oc=5,Streetsblog Massachusetts,neutral
Phillip Eng,Massachusetts Bay Transportation Authority,Another big MBTA closure is coming up. Why are there so many this month? - WBUR,https://news.google.com/rss/articles/CBMiggFBVV95cUxOYTFFMjBuN1g4TVl5Rk1Vb28xNlA5X2o5My1VTUpEUzJwNy03ODl1NDFUSExuUWxvZC14dHVFNGVydzI4ZlE0cTkwc3hqTkxwczF1NElVRWxGY1lrejZCYXZnMVpENzNjRjdzRC1DUEdiejFoSUpQTEdWdnM1bGVSS05n?oc=5,WBUR,neutral
Phillip Eng,Massachusetts Bay Transportation Authority,Pozniak: Eng’s apology a sign of leadership - Boston Herald,https://news.google.com/rss/articles/CBMiigFBVV95cUxQOHBkb3dXdkVZVkdjcXN3cWNqbUdOZkpWNHRyNkRVYlA1QzF0Q1JIODhUTGMtcDh2ZThrYmd5VG41a0piWVJKaFZ5d0tWS3pHV212LWNUUnFQM2U0aHpnLWd6cUt4MDNRdmU2dEt3WE9UeDkzNnRaUmJTeHBER25hbld4c0oxNjBlRmc?oc=5,Boston Herald,neutral
Phillip Eng,Massachusetts Bay Transportation Authority,Rail News - MBTA completes infrastructure improvements on Green Line. For Railroad Career Professionals - Progressive Railroading,https://news.google.com/rss/articles/CBMivwFBVV95cUxPT2gxaWFpOWxpMXNsXzBLUTB5OG5mT3A1WUpfcXNwV0d2bVZSd2JWTHFYVERlTXJOaks2dDhic1ZWTjFUWEozYWRPWEE4bUJTYUh3SjgxWDdXVFNNeFRjaEpZSl9MeHNmWGxHcDJQVFJLMHZUaFE3OWFybkZaSlN3VG5nX0hpRjRKUmZCRlQwUEpuOWJvQkloZUptWVpsYkcyQmN3UThnLXc5YlhORWhoNHNKYTJva0ljNUVILVozVQ?oc=5,Progressive Railroading,positive
Phillip Eng,Massachusetts Bay Transportation Authority,MassDOT/MBTA boss Phil Eng has ‘no timeline’ to step down from dual roles | Bay State Briefing - MassLive.com,https://news.google.com/rss/articles/CBMixwFBVV95cUxQMVB1YmRzQzZ1YVpXVzRXYWd4MndPWDBNb1dxQWdHSzhRT2hVOUFHcHVhVlRHRE1wWHVLaFp5N3lQWU9id0NISWVKUkVIQU1vT2o5RHMtc19lS3U3NmdaM3d3eGsyeEJKbW1ZMGtNTDRqSzF5SzRKQVVBVmVQa2hXaVBIN05qWG5oU2lTRDJGajdabDl3bVpmYTlObGZvWFVzWEJSbmhmQlRQbnViSS1QU3FqcVd0ckl5QXp2dXU1MEtoX2dnME1z?oc=5,MassLive.com,neutral
Phillip Eng,Massachusetts Bay Transportation Authority,$530M from state millionaire tax will go to Boston-area transit agency - Smart Cities Dive,https://news.google.com/rss/articles/CBMijwFBVV95cUxPLVU5TmpsY0RxRTRSNXJkQjN3eU9BelRlVlVsdk56cjdVMFdkYjlGNy01MGdfUmcwd0NaQXZhNDRDaC11N2lWWFduWVJMVkpqcUpCTUloN1RFMGYxekpnbVFMVmVIQ3BCbzRHYzV6b2J5bVZHZGtrNlM5bnNaQkFWeUhkMkV4Qkp4Mm5RMXFYcw?oc=5,Smart Cities Dive,positive
Phillip Eng,Massachusetts Bay Transportation Authority,"Phil Eng has two ‘24/7’ jobs right now, and not everyone thinks that’s a great idea - The Boston Globe",https://news.google.com/rss/articles/CBMihgFBVV95cUxOWU8ycTJEWXo3UVZuTXZucmxnd1pnSTREYUhHalU1ajdfalkxSGlaTFo4dUtmOFVfc3ByRG8wT2xqMTJXQkhyN2Q2ZzdCdE5PcWkwWGxqMzRuQzNKanpFcWhzOER2YmxqWlAzalRWUmV1ZnU2NkdXdHlEQURXSE9IUGxUNVpPdw?oc=5,The Boston Globe,positive
Phillip Eng,Massachusetts Bay Transportation Authority,MBTA extends commuter rail discounts and lowers express bus fare to keep passengers riding into the fall - Planetizen,https://news.google.com/rss/articles/CBMitwFBVV95cUxPWEJvRjFCOG44ZWZUOFFNZ2ZXeXlhczAtYnhrLWEwcVpqTXdaQjFWWGxqLW1qTHRuQlBVLVdqanVwS1VhblRxU09lWVBZVmpuSDVpRm5RaEhkQlFpRzFtRVJObkR6WWI4RnQyYy1wbERnVTZVUExrLWhqUVVmdDRxWlhBdW1seFlIaTZXY2JWdGJxNlIyOWFxazRLMlVUajd3ZTFfOHRKU2FXem5RMTBUWDNqd1hKNnc?oc=5,Planetizen,neutral
Phillip Eng,Massachusetts Bay Transportation Authority,MBTA General Manager Phil Eng says transit agency is ‘ready for the World Cup’ - WGBH,https://news.google.com/rss/articles/CBMiuwFBVV95cUxPZFBFQlB1X2JUNXhkclZmRzZ2QmtKMks3aVM0VklfSU91U2NxSi1ZSVM4UUhWV0xqNlhNNFBUdDYwUEtWRkZkWWtkekFXems4bkh1eWVESDFnUDE1alpndUVQa3JpU3VIS2pxaHlyV2JrYVRuU2N1MVlKOUV4d3pkTmZmT1J3SFR4XzhrcW9tQmt1YVlzUFU0cmJNZzd1ODFGQjNBY3ZsM3hhVjNldE9LZVVNSG9xd2txUzZj?oc=5,WGBH,neutral
Phillip Eng,Massachusetts Bay Transportation Authority,To a T: How Phillip Eng got Boston’s subway system back on track - csmonitor.com,https://news.google.com/rss/articles/CBMid0FVX3lxTFBaNXlMeGtzMVlOUGlycUNGd1VRUC0wLU5pZXpUVjhQamJiUTJkYWNRLTJacmRLajdfUnY0U0dlRG5lR1UyNGhCVjNsX3V1ZVVNZmlkYllZczZxVHFCMGxObENXWkpTN0xYc2Q5cE5XeUt4M3ZGOHhB0gGQAUFVX3lxTE5WM2tSYm9wT1UzMTFDV3Y1RnlETUZSQ051Q01NYWRrQ2xaek9IQkRnT0tib1pPbmh4LTZUa1ZaSldYMmVMSFd0WUR1WkV5MXRzU3NSQ3Y4TE9OMjZUakxSQUVwMk45elJMbFRLUUZKMXRicXFES1RLMl9LNHZhMmF2Q0dRZzVqbWVnR3RBd0tscw?oc=5,csmonitor.com,neutral
Phillip Eng,Massachusetts Bay Transportation Authority,"MBTA closes out 2025 with major progress on service delivery, accessibility, and infrastructure - The Somerville Times",https://news.google.com/rss/articles/CBMiX0FVX3lxTFBkR09OYW1rT3J5ejF2MHRRZHhfLUh4ZDh0SFp5Vlg4eE5VdllPY09SWFhRSng4SUVUUzJ1SXB3UVZicFBUdFBCZ3c4UDhxeW1kVm8xU2tSSGhFUW1VY3Zv?oc=5,The Somerville Times,positive
Phillip Eng,Massachusetts Bay Transportation Authority,Eng has ‘no timeline’ to end transportation double duty - WWLP,https://news.google.com/rss/articles/CBMimgFBVV95cUxQcmVsTG5fb0R3ZERuMVkwdDBvU0dGd3kwaWVhamRKRjg3anhidzNETFRFQWtlS0U3NE13T3hZOFdXWmQ0RlhUWkw2NnRFZXZjYWdEalpCN1hrOVNhREJyLVJjRng3SzItYVp5OVoxTnRLM1VDY2pGbHd2N1hDTmd4S01LVXRkUl9FN050bjA1ZTVqc1MtMGNkWHBn0gGfAUFVX3lxTE5PSWlxaHJpa3R1OGw3LTE0ZWZvdjdaNzVKQ2N1UmtaQ0h4cWtsUjYwdG94MjVTY0ZKSzlTTzZsTTNMTUlTNXhMMG1Jbk03ekFhSUNmd1lxZ1hGc0tyWWVWcVZWNkIyNHpPdFctZGJXdU9nQ0Q5NU9DVFQ3dkFRRWo0Yi1HaWkzOEFrajh1aW50NEpuZUVWcW5LLUppcXFQdw?oc=5,WWLP,neutral
Phillip Eng,Massachusetts Bay Transportation Authority,MBTA to Launch Weekday Harbor Loop Ferry Service During Peak Commuting Hours - aptapassengertransport.com,https://news.google.com/rss/articles/CBMisgFBVV95cUxPcFhueDZ4RW4xeFY2dkxzM24tUUFnNlE5OVB6ajBNakdZLTdmX1lYcDVlOHIwaDI3a0lzUmlOQzhJMDFud2EtWGVOVUZjaXlkeXRpVkJfMGdacjVHVk5XY1B4OG5aYWN0dUNMVWs3cHJUNEtHc05YcWRHZEtDcnpZU1E4ZnAzdVB4Y0xBa25QaF8tUXhzYnJWR092S19XSkZySFJZNzVtNkdCTUViUWZabFpR?oc=5,aptapassengertransport.com,neutral
Phillip Eng,Massachusetts Bay Transportation Authority,"MBTA to receive $530M in Fair Share funding, including $450M to cover operating budget shortfalls - Transportation Today",https://news.google.com/rss/articles/CBMi2gFBVV95cUxQWWprV3lGU1VtV0NNdlg4bWI0bjA3UXVMWHhSNHZYcDN4ME54TVpwRWs3NzRsdjA2TzMxcG5OUTRkNERsdmRMZk5Eb0VTY09lZU9CNTg4Rjhoci0tb2IwT1d3YnpyWHptVS1GNWNibktjcHVJTy10ZDNhY2JRSWRpOWtqVVJuYjhCQ3ZwLWFxSTVmdkh2dGVxajBLR1Mta2FKdVlvTkRna1ZZS0NncXRVcnd0bTB6ZG9VcklYVkdwWERhckFpbDV3ME5YeXB3SzdWYmNPX19FZTlmZw?oc=5,Transportation Today,positive
Phillip Eng,Massachusetts Bay Transportation Authority,"With double duty at MassDOT and the T, Phil Eng is living out a leadership experiment - MassLive.com",https://news.google.com/rss/articles/CBMiywFBVV95cUxOeWpnWHhJNUh0WVBCUFJRM2N1ZjVLRTNBRUJiWW5LOEt6MEpueGhHLWliQ3M2cDhsTTF5bXo1a3V1M2JUemo4dzl2Y1pwb3ZCRmVTOHgwckZDM0JhdWRNeWNzRGpsUGtVb1JBRFliVmtRcVFTS2dYcW4wMFdvT2JYSDRxVWZHNnUyZG14UEVJMWxBZ0lxYjhWWVFQdmFjbkY4aXJDSGo3SXplNjZyeW4ySmJZWlBJbi1sTkFJbW1CTUd4RVY2U2pIMzE4QQ?oc=5,MassLive.com,neutral
Phillip Eng,Massachusetts Bay Transportation Authority,Healey announces new MBTA pilot programs to make transportation more affordable - NBC Boston,https://news.google.com/rss/articles/CBMioAFBVV95cUxPQUJOWm9PVFFHWllpNDVxMm91OUttM1hPak5NUXdjV0lSVlZMRVVsbm4teXQ3VEVZV2ZwX2diZHNwTlJJaUZTeUNPVjhEWG5pSC1iWlNRNEhuQ3dpekM4MXplMk9aQTlmdzc3RXhYUkszOUZ5ZEQyX255RlRNSnVwRHVCLWh6T3c5cE5LVHFISlNZZTl3cGpqV0JxRTMxMFJQ0gGoAUFVX3lxTE1hS2hOY0ZKR2llcmFrckw1R2tOdVgzX29fQ1N1SjhxdzJJS1RxSzZyTWJHY3FoY1NwbjBwa2FfRU5kZElfYnNCaEMzaFZ5WlVaVm1hcHRlc0xRVU1RVEJfNW9lZFhUWUF6SGhJUENyRmo0RGhvalloTGdQeUdmM29tMGd3REpHb0NlTTlub2N2MjFVU2hEbUJUWXNQZEpUR0xOMTlJU3pidQ?oc=5,NBC Boston,neutral
Phillip Eng,Massachusetts Bay Transportation Authority,Introducing MBTA’s New Rail Modernization Plan - aptapassengertransport.com,https://news.google.com/rss/articles/CBMickFVX3lxTFBGc2E1LVQ5ZTFYdkZtblRXeHlFbnRILUJsUXNkdmN3SkpqZlF1YUU4MXNCMzFzUEREN2d0d0dhNVRwaVRkYzB0aS1JMjFnNTNoTUlaeDY5NXEzajVocEs4TUlsZVdXc2NLWUd1RUhnVzl2UQ?oc=5,aptapassengertransport.com,neutral
Phillip Eng,Massachusetts Bay Transportation Authority,MBTA Welcomes World Cup with Commuter Rail Station Upgrades - aptapassengertransport.com,https://news.google.com/rss/articles/CBMirAFBVV95cUxQckJaV09PcF91RWh2UGh3QnRZZnlDYV84UFE3N0ppY1VnRVNKVkd6RnpYNTQ3ZVp5RElscDlUM2tmNW51dm04UlZtYmNmYzdKcXFGQ3RUVGpKbXdrVUVoWjJNSGVWazd2ejJ5Ni1QYWpEemp1VFNJNFpiNU1peF85Y2R2RnVoLXBpdXRBdXQ2dDZTZnRqQnhkdnRmQmF1eVdKVmdMUkVGaS1fSVBz?oc=5,aptapassengertransport.com,positive
Phillip Eng,Massachusetts Bay Transportation Authority,MBTA Resilience Roadmap to Improve Safety and Reliability - aptapassengertransport.com,https://news.google.com/rss/articles/CBMimAFBVV95cUxNRXRmUldkSDhLdjNLV3hHV1M3WjNuLUpLUWlRNVdiX1lsS2EtOTJNdzYwYUh5cnRhbHBfNHF2SFJ6Ymo0REdyRDZpZ21QRmFhV2htdEhtMlNITkxyTEs3VGpVdXpVN0stcUxGeWpDTURoTEN6UFRnSGdBdTRqeUNTTVlReHY0b0pOU0FIU3NVcWRNby1MU2NVTw?oc=5,aptapassengertransport.com,positive
Phillip Eng,Massachusetts Bay Transportation Authority,MBTA’s proposed FY 27-31 Capital Investment Plan to fund remaining cost for redesigned Arborway Bus Maintenance Facility - Mass Transit,https://news.google.com/rss/articles/CBMi1AJBVV95cUxQd2diQ2xjbS10NHQyTTF0d3RRS0dkaWNoYjlHR1ViWFg2dXhFaWxmRml2NzM4VktpYmFLQzhYR3UtdTdmUkxubGg3aGxqX0hDX3FFUHQ1QWFrLVJJTmVpUXlUTi01ZGRkc2ZOaDhXNGM0RG5wYjc2YnkwTTI2c05jMjZuX2JFOVd1NE5Bdk13aHZOUXF3X0M2aWNEb3U2Vzh0UTRtRkxOa2J2aXFQZnoybjBPOTFvWFRReWYwc0tuSTd2Q2J6ZVJhMlRFLWp3RXozQTZkdDRPTkxFS2dLUzdzN0tMcm02d0l4MHB4N3UyNkU2aVhzRlNkc3dUVUJORHhreTBsSnA0QXpzM0VBaVRYZy1aYXVFcG9GS2JIaERsTHJmdjVHb1RnZFpUQWFlemh5eW52YURKYlBmWEc2TW1ET29BTWJVMURZMkxVLTRjcmlmTERp?oc=5,Mass Transit,neutral
Phillip Eng,Massachusetts Bay Transportation Authority,The MBTA is catching up on years of maintenance with prolonged shutdowns. Riders are feeling the disruption. - The Boston Globe,https://news.google.com/rss/articles/CBMilAFBVV95cUxNSzFGbWZORlJ0dXFONm1sNDlHQ3UtSnNuWFZjc0JmRkM5ZW9zNjlKTllwcGtadE0ta1J1WUcyTjBOczZhLWFtUnpLZzdSQlE1cEZ3VlU4RjkzWXVneGliRGcxSERoV2dqblk2RHY3RThheWRGRC02TklYc1JFSGpjTHJjMnM2RVlZUDU0dnRoQW4tRWxR?oc=5,The Boston Globe,negative
Phillip Eng,Massachusetts Bay Transportation Authority,"Transportation chief anticipates ramp-up of subway car production at CRRC, says workers at Springfield plant should be proud - MassLive.com",https://news.google.com/rss/articles/CBMi_wFBVV95cUxOWHBVRzhDVEFrNXE5eFJYbnRRdnZiSkJON1NIbjEzQkhkVkZ3NjJ4TlkyV3F5MFJNN2RBRl81MkZLZEs1RU5RNkN3UlBoRVhkM1RoYXVxeWY3NXlyeS1hSGIxc0ZXZmZfbW02MFVvam1PRzRxN2dYYTBrTGRQRHpORzFCQkJqZzRPaVpCbF9SWE16QjE1VnJ0U0NzZWw4dWRIa0tfeExZV09DZTd4V3lFV2x5ZUlYa1NoQ2NDRFg5dnJnSGNPeWVzcGFYMk52ZlRJQzVHU1JCRk90Y1RtUldoRzM3b3pTbkt2ZElHQTFULVlVbEFvaDcwNzNISE4wVG8?oc=5,MassLive.com,positive
Phillip Eng,Massachusetts Bay Transportation Authority,MBTA finishes signal modernization project ahead of schedule - Transportation Today,https://news.google.com/rss/articles/CBMirAFBVV95cUxQVGRycTBncUE4YXBIQ1FBVUNsWEJvaF9LTExXV0FhZi1LSnNMOEctcmhveGM3eW84dG5NVjcyaVZoLUFIR0Q0Q0l2dHdEeDRRUzdNTkNaUmVscWRXR18yVEhyRU5NYU8zcG9FUThaNnhtelExd25za0QtN0FDeHE5RkpVcXdOYUxWWnN5TE9uNGxlVk1uenRacTItTk5WUDR3bTNmT3RtaXU0d1dR?oc=5,Transportation Today,neutral
Phillip Eng,Massachusetts Bay Transportation Authority,MBTA Updates Rail Modernization Plan to Expand Reliability and Accessibility - Metro Magazine,https://news.google.com/rss/articles/CBMisgFBVV95cUxPaWZNaVI5OXFHZXo2X01uSWdhVFB4YV84TVhGcEZFVTN0Vm1sa1c5UWhOZkl4Z3dUSk9zd0k0LXhJSHZBcElWTnd2ajd0WTdPMFhNN2JSa3liT3pwX0NkUkhtMHVKdmF6ZWxSMHp1T3NkNF9DcV9oOVA1Uk9ybzJqLXUtcFNqU1RfQW1feGo0aGhwengzUjN0eVA2SlhNY2V5dm1aU0ZOMU43OWNIU0I5cUR3?oc=5,Metro Magazine,positive
Ryan Coholan,Massachusetts Bay Transportation Authority,How Boston transit leaders fixed a failing transit system - Smart Cities Dive,https://news.google.com/rss/articles/CBMiigFBVV95cUxQWkNTNkd1NGE3NjZFOUE1MW12MzRXMnV5SUg1QWhjVUVLdk05amJuQjhSSTZXSER1T0szVEo1d2IyVFZSdGo3QWtnN09pQjdTdVlBUWo4VWxXb0NST29VN290dHp0TWF1S1NwNDI0VW4wQmNxcDdqLVhtcmRzYmFIY2VMdTZCM2k3c0E?oc=5,Smart Cities Dive,negative
Ryan Coholan,Massachusetts Bay Transportation Authority,"Local, State Officials Take A Ride On Potential MBTA Rail Service Line - CapeNews.net",https://news.google.com/rss/articles/CBMi7AFBVV95cUxNZklMOXQxWTIwUWdTR1pnWVl6eFA3R0ZCQXN0bjVMUTlBZXVkdFJ1NlNvWElHVjA3V00wOTJBN1dqT2Nydnd6aFJZRFFmWkRlaVRDRjl6Q3NTSzJBQ09qSkxlbjdneG5uUE1uQ2RPRUcxN1lXTW5veE5hWXZlMm5FMUc5dmh6QlhENnZqWGlhMy0xWGtvUmlTNDN2ZXJsNTA5dWNXM2c5MENsX1ozWkg1RjRFcUo3U0hEbDA0OHpSQzdBenpNMHRsMi04Wm9TbW5JYkZvWVZ4R0p0Z0hLdFZBTGFMOTFDeXRJdF8wSg?oc=5,CapeNews.net,neutral
Ryan Coholan,Massachusetts Bay Transportation Authority,MBTA begins using laser train to combat slippery rails south of Boston - WJAR,https://news.google.com/rss/articles/CBMixAFBVV95cUxNVDJNVWl2OGctb3VRMUlkNl9PWTdRVFBIT3JvdU9qeW9iXzZHUWtlNTRpMUx6ZmZpbUN0TGJDYi13emZ4ajBSVG5TZzRnTDM3N2pPVG1XRVZpYmZLV3BIcm4zOXhHUjF1c29TaUFxX2VSNno3NncwN21mMXpmV19VUkRmb1pZU1Rob1pURUZ3eUlPZmZIdmtaOWlhblEzcU5GTG1hZnVSc013X3k3TXVnZkZkU2lqc3l0UDR6eExZLTJ6dUl2?oc=5,WJAR,negative
Ryan Coholan,Massachusetts Bay Transportation Authority,MBTA approves $253 million program to overhaul 40 commuter diesels - trains.com,https://news.google.com/rss/articles/CBMirAFBVV95cUxQX05fVUVIdmxSMDNtOWU0R2RiQnBEdE01aUhRNTJyQm12MVNrYnlRcHpBLTR2dWF4Q1JIODhlOTEzbUtwVkJsNnUtNmNETWVPMW85alZNUzNvLUl1UU5ZZHdUOThHQ2R0WkxYd2JlVFZCVGNwTW9YeTJDeGN3OGUyeFUzVVNtN1MxWVhDUlcyQ1p3TGF3WThDSUFZazFhRWNjNGlnTzRZNnMxX1pt?oc=5,trains.com,positive
Ryan Coholan,Massachusetts Bay Transportation Authority,MBTA withdraws latest iteration of controversial ‘turnback track’ plans | Reading - Homenewshere.com,https://news.google.com/rss/articles/CBMirgFBVV95cUxOcUtOcWxLdzl1NVNESDRyRE5ERUFSc1ZoLVZISy1RYTU3b19uR1NZUGxTcFpoT3ZoelZrVk53SW11TEJGalpWM3BsVmV2REc1NUY3b1JJNVcxSWhyTDFhYkNTLTVSSmV6NGdERnFNQWxrTjl4VGJqYkFYZFdiZXRFbmJORy1NU1c5dlpFUXhiZWgtcWN1cUtONUJybXVnSXRKRDFiR1pjWlVsWGRvc1E?oc=5,Homenewshere.com,negative
Ryan Coholan,Massachusetts Bay Transportation Authority,MBTA names David Perry director of commuter ferry services - Mass Transit,https://news.google.com/rss/articles/CBMigAJBVV95cUxQTFFTOTFBT3hyWWVyaWFfNEpzNXo3c2puRmlyTERsQmhPb200NnBTU2FPd2p4WUpQTGE1VDgyeFZVdnFJTzNIZUN2U0dWbVpmc2lsYjlwQk5sMGI1V3RhWnd0ZzJlMjZsRWZLUFBTV0lnSTVEUFE4UzY2ZHYtN3VUdURVUzc2bnVUTHhuUVdHam5NWDhNNUFmajZiTzdadGlyaFNfSjBjMVozOUhTczN5Z2NOU1ZuN2J6bWVSY0UxSWdpZXc0VzhpajZWVjMyVjBqX2J0SWdJVUlYMFo0cXJ2NnJRQ2RZLVJhU1lUQkZBa1h6SWYxNkw3VTdqMnYxdWRi?oc=5,Mass Transit,neutral
Ryan Coholan,Massachusetts Bay Transportation Authority,Why Are Boston Trains Sporting Googly Eyes? - People.com,https://news.google.com/rss/articles/CBMieEFVX3lxTE5lQWtoY3FQSlFjOU5BTGpEcUM0VnVadm1UNkNIY3NLWWw3V0tRUjlSZHJSaEVFVktlYVh4RVVOWGIwREl2eF9fQy1wT2ZjSTRfejgyak94emFpdDgzR2lrRXN2azJnZXRBNlh1aVkySUZFT0xjQjNuaQ?oc=5,People.com,neutral
Ryan Coholan,Massachusetts Bay Transportation Authority,New safety system gives MBTA bus drivers a ‘second set of eyes’ - Boston 25 News,https://news.google.com/rss/articles/CBMiwgFBVV95cUxNN3F5QVZLSDI4b3d3Yjl6VGN1QjBTQ2hDdXlXek1teEJHSTNmamdXSTRSX1ZDa0w3dlN2THE2cXZ3UkpDOThEbmhUbC0wLWRUcFpSUzB2R3hDZ1hydHZhM0o5LVlkR3JiUzVOUFBIeGpydk0zV2x2NDNFeXJqWUlSSjh6cXQ3RVRDV2h2UUczWXhLdVh5Y2V1NXJzQVI2SFJOOEhHajV5cUNoQ0JaVUNpeDE3Sms3eEE4dno2NURlemZXd9IB1gFBVV95cUxNQkZCVm9FMERySFpCUGd0dllLdS1jbGtRTTdZZ0hjWFhPaUxoa184T1EyZllYb2l4M0lXYUhMVl9kMk1FYXZTMG5SOHNRTWwzT2pJN1hMT1JCMm5CQ0o0TnRvcGktNGZ0Vk5GczZaMWY3ZGFOS21SWHNjRndGUDdCajYtOEU4WG9keTFuSzREbVFtWlJYSWRkYXd0S3lWMFJOZ000OHlDSFhHWm96eGtDQzRTV3dmbzM1b0kwLXllVkthQThvUWtKQVZhb2FLdHBzTTczcEtB?oc=5,Boston 25 News,positive
Ryan Coholan,Massachusetts Bay Transportation Authority,"Several injured when passenger train derails in Cambridge, Massachusetts - CBS News",https://news.google.com/rss/articles/CBMie0FVX3lxTFBJT0JrOFE5OGlTT0YxZDNUUnZUemg0elh1OEUyWkhZWFFZenE0TDBHbHRUV3VnNVZReThEN0VlZmF2THhQUUJVbF95NnE1X1NKci1CcXBKMkZsMVpVajFNRnZxWUVrZVk0YkV1MG95RS1fV0dSX3ZOcVYtTdIBgAFBVV95cUxONWctemM2QjNOTWF0OEdqU2RFcXAxc1Q2dWdmM1NPS3lvZFFucTMwUVJtbUFsYnk5ejl2TGU3dWdUSVlRcWJFbVF3N2R1T1EwY0FtSDY5LWF1U1k4bDllcUFXeC1pc1RFWlRmeEFoenY4d2l6NUlPb2JadUpjeTZHZw?oc=5,CBS News,negative
Ryan Coholan,Massachusetts Bay Transportation Authority,MBTA boosts South Coast Rail's train schedule. Residents near tracks worry about noise. - Fall River Herald News,https://news.google.com/rss/articles/CBMivAFBVV95cUxOZE9lU0oyNlB1NEZ4cUZXcURpcWpFRW43UlA0OW8wR1pVMUUyMmhKaFVhQnl0QWkzUXJkWC1MbjdrWl9YclowZEU3Skw5WkY4eW00aEhKQ3NCdy11VWFUa19YUXBVbENXVnZzV2dqS2xtSU9FaXowN1BTMXYyd3JtSVduUUdjclFnbFFNMUlGZENYREo3S25kY3VqMUNGbkFqd283Q3ZSQ2R2WlpWa21LWUtwdUt3OG81a2pfOA?oc=5,Fall River Herald News,negative
Ryan Coholan,Massachusetts Bay Transportation Authority,Organizers marched to get googly eyes on Boston trains. Officials listened. - The Washington Post,https://news.google.com/rss/articles/CBMijgFBVV95cUxQcU45MmhkQ3UtdkpUMlF6b0dQUWU1TzVKM1hUMjhyVE5FQ2hhU0hTZnZwel9SQ0RaZkJScGpHUmxBVm5CeURZYWxFLUdvajN2MjRoTGNja3VMT0Z1UmhYZmwyZzdSTXlOWU1KR0FVQjZGNldpSTZ1RGdGQ2FSNmo3OURVa3V6emxpQzZLV0xn?oc=5,The Washington Post,neutral
Ryan Coholan,Massachusetts Bay Transportation Authority,News photos: MBTA introduces Boston & Maine heritage locomotive - trains.com,https://news.google.com/rss/articles/CBMisAFBVV95cUxNdTlldHQxV092Yk1TSUxqSWhEMzZhN1BoSUNTYTVEbFNNNjBQdGJxczJvcHNCVFRYbWlQeWEtNnRFZV9YRVRNYUw4T2dFNDYzbGg4M1ducnlZX3Ffc1RiZkRwR0pUMXBZcFkxT0gtelp5Rm9ac3ZSV2cta1EtT2FxSU9kWm5fa19vZHZMcjNHT0pSM1h0Z0JhQkNhYU5xTjFJVUVudUx4cGdoSUJ1RHpCMg?oc=5,trains.com,neutral
Ryan Coholan,Massachusetts Bay Transportation Authority,BRC/TCU Members of the Wreck Crew Receive Commendation from Massachusetts DOT - IAM Union,https://news.google.com/rss/articles/CBMi4AFBVV95cUxONm9aY0dPYmxCVVVUQWQ5TGp5LWt3blJWb1NLcE0teW9WSUxNV2RvRXVmR0lsX2I4RWlqclprazYyeU96WU82emVscXBiWFlNTEx2ZFNNS1NPemVaeTZiQjBncFdOODBHYUtLWnFQZTVwcTJ3bnNTMHpqVUxldHVHZ0UwUkdqREdFY2drcXZGUUtNbldMZkhHWjVVZkc0ZjlLZFdkX1VxWThiU0w4V2NFTTNHRTRNdnplRXJBQ0FVdDVPX2FPRDMxc1dIcXFZTS1EQmpCdU9WNnJWT1QwWHNiVQ?oc=5,IAM Union,negative
Ryan Coholan,Massachusetts Bay Transportation Authority,The Future Of Work Now: Diesel Oil Analysis At The MBTA - Forbes,https://news.google.com/rss/articles/CBMirAFBVV95cUxPT2lzdTNMSFBlYi15b2tsUjQ4OGctNzUxTkVLOVdxQ3laM09QM0VXRUJaYkJTNVgxbVozQ211aXFZLTJqVDVpc3hZekpHaGRZLVBqcTdJeVFuRDZjNk8zS21HY25MSEJaSG9pQWo1MkVqUkFHaU44aW5aaXhEN0IzVDByZGdXWEs5VlZsd05BRmE0NEo3SnJQWW1XOFAtRWxZQlJFRUN1OTI5UWFX?oc=5,Forbes,neutral
Monica Tibbits-Nutt,MBTA,Tibbits-Nutt is out as transportation secretary. T chief Eng will serve in interim - WBUR,https://news.google.com/rss/articles/CBMilwFBVV95cUxNSkNKVGRkNWk2M20tc2M2cWdodnpUOEE1Y2gxZFcxa0lRT2NCZEhJLW15VWNWLXZGeENnOWgwb3JBWm91OXc0OVlYLUZEWnlEZFpFS0UyQmplSDkxWU1LNjZUSVgyanEyYllyY096R2FHZkk0MEtsbGNTVVh2Z29kOUM2WGphX3dBbGtBMHRmY3dPYmNrU200?oc=5,WBUR,neutral
Monica Tibbits-Nutt,MBTA,Is Massachusetts searching for a new transportation secretary? - NBC Boston,https://news.google.com/rss/articles/CBMingFBVV95cUxOaDBoOXJoemhISF95YUZ4dWJ3SHZVdE95eWI3QXpkcC1yR2I4M3l1bmduSHZXb241LTVLaTBROGozaHFGVVVSMFYyNkVteENIRHRPalBWX1pLY21BdHQ1bUhzZWctVTJHVGJVV1hFZTlPbk5xYnJlSmdDWFZTZEQ5OVVkNVQwWm5EdDdCcXRrT202VmtJUGRaSGk3Zm1kZ9IBpgFBVV95cUxQRDRYU1Y2VWZqM2lDcDZmYlNwSjcwSVVOWS0zeVpPYzJfWER3VWxvUGtWcWlWTlpoQTg2dFRxbWFoa0NkSVl6aE9rSDBfMWhNSm5Eb2hCajR3TU9DWTZvbGM1cnlBQlhhUkNYckxZMUZpbEJTSnozWU1ua3lPWVRxclNPVG1PazEyTTlYY1RpNDdQZTNKWmZTVjlGa24zZzhzUlIyREpR?oc=5,NBC Boston,neutral
Monica Tibbits-Nutt,MBTA,Healey taps MBTA leader for dual role after her top transportation deputy resigns - The Boston Globe,https://news.google.com/rss/articles/CBMikAFBVV95cUxOYy1NSGtoRnV2SGhXNGRUckRlTlJGckJFWmhzUmU3ZkNLQ3hKOVBaeWVQZzIxYWJqVmdLbDh2cm53dUw3Sk5VZlllQ1dDSThTYm1YUGtuc1R5S3VXVm95TEpJaE9vc25GVDNyTTdncFZqUFVuOTkwa0d1NmZaYmJEUmNCTXFCTU5LM2RCRnVjd2Y?oc=5,The Boston Globe,negative
Monica Tibbits-Nutt,MBTA,Mass. Gov. Healey taps MBTA boss Phil Eng as state’s interim transportation secretary - MassLive.com,https://news.google.com/rss/articles/CBMiyAFBVV95cUxQSE5OYkRWdkEzZTc2M2lFSzBqQ2pURmpfUHJQNDliZWZReU1IQks1YjJDNWdyQjdLbmRXZHF1UG8ybnYtaXJqdlk5aEVZdjBRMXpfblFJb3AwQTUyZTZ4eUhrZHVqdWNHaVh1ajFJTXIxUlozU05RamxZS2QwaUg1UmxQRkdxc3ZrTDQ5NnFIaFVVUXp6dFRKcUlPR1IyTW9ScC1qdXZ5VGtXQTQzWWVVTTRxamNsd1BNZE1FZmo5OEJuVS1ORlh5Yg?oc=5,MassLive.com,neutral
Monica Tibbits-Nutt,MBTA,OTR: Mass. transportation secretary discusses current state of MBTA - WCVB,https://news.google.com/rss/articles/CBMijgFBVV95cUxNQmExZzF5TnVpSEdpX0lpc2Jtd2pfcmxRM3pUM0ZYeklJSHp3b1FOSXlUY0ppVDBqTEVuR3d6TGdNMjl0S3k3b3UybWcwcWlITm1Xek95Q0sxZzQ3WWJQUFFZQndEaFJPRzcwVHlGQTJQeW91LXI4WVBMYW9DMlhKZjBvWjZaNUVLUURCNFR3?oc=5,WCVB,neutral
Monica Tibbits-Nutt,MBTA,"Gov. Healey taps new boss for MassDOT, MBTA - Boston Herald",https://news.google.com/rss/articles/CBMikAFBVV95cUxQNXd5V1hacGFzZGpLOFZYV0UxU1BEUGlRMVZwTVlRcG9BNGkzQllrNTRoczNnSTY5TFNSNlhncGtEbGcxU3B5ZzhCTWdoOFp3blhISWZUamQyYzYtdndmNElhRHVYMmpQdG95a3hMb2FseWZrNjE0VFdsZERIY1pjS1pXdEloLS10SW5pUVkxRFI?oc=5,Boston Herald,neutral
Monica Tibbits-Nutt,MBTA,Monica Tibbits-Nutt permanently appointed MassDOT secretary - WBUR,https://news.google.com/rss/articles/CBMiqAFBVV95cUxQTWNCUWoxYU0xang2cDdBaE9NRTU1NVRCZnJEdXRzdW8ta2J5X1kzeGpCeWtzNGIwRFRmRjRwNzF1YlBpSGIwUWZXVkhiVGRHVElna1lSM0FGcHB0Rm9VTzVvLWotbm1GMnRKMjZDY1lWblF3TmRxUHh6UEt0Z2pZY3MxQ0EtWHV2QlZuelc1Rk1aOWpUV3BPMFpYaFNUeDNjeEk3QU5KTlA?oc=5,WBUR,neutral
Monica Tibbits-Nutt,MBTA,Gov. Healey Budget Proposal Fixes MBTA Deficit With Fair Share Funding - Streetsblog Massachusetts,https://news.google.com/rss/articles/CBMiqgFBVV95cUxPdV93TUliZXRlYmxaWVVHZnp2MEd4RVROWkF3MUhUYWp1NERJS1BqOWJhM2ctUUg4WU9MQ1hLSVFuOVltdGZFNThNcTluUEdFdWZLMDJvcE9KeC1fX0NUNW9rWmU2ZzlLM3hyck9wU0pma3pzaVhsU0tiV0VVOW5BUkdhdG8zTUxlekQ2UlZBT3hDYmJkVVZBODhyOHRHQVdleDBLWjRqd0tVZw?oc=5,Streetsblog Massachusetts,neutral
Monica Tibbits-Nutt,MBTA,Massachusetts students have a chance to name MBTA ferries in new contest. How it works - The Patriot Ledger,https://news.google.com/rss/articles/CBMirAFBVV95cUxPdERWT2JTb3pka0pYa2syTElkWUpadHRSazZxQ2FEbFNOX01TZDZfU0U2YkdXdHMwNEs0clRSZDBtb3FNbEhtUkFtUzl5dEM4ZjktTGlFV2VQd1hENlYyV3RpVlA0UXFnYVNlZVBoZ2ctVmdHVURJQW5KMUh6S084SkxtbTlWY05vZmhmcmJvOFRLVkdXRGRrR1I4V3U2bzhGaXJNNzRFbnMyWE1p?oc=5,The Patriot Ledger,positive
Monica Tibbits-Nutt,MBTA,MBTA Bus System Performance Ripped As 'Awful' - WGBH,https://news.google.com/rss/articles/CBMijwFBVV95cUxQN19SRU50ZEp4eFNwaVAtYURsaHFONUZZeEZaMHZnLWRoVlVlSU1XMnpVaVJVWVZ1RHdkTHgxRmlOc01ZZ0ViUDNvdHUtRjJvZVlLLUk5ZER0cGV3SVNncVZzV2ZQWDNGaUNKUUlqcVB3RHUySDN2VGk0TWgxTXlvejRpMk0yVG1NWUtMOTFXSQ?oc=5,WGBH,negative
Monica Tibbits-Nutt,MBTA,Some believe Monica Tibbits-Nutt has lost her voice as transportation secretary. Can she find it again? - The Boston Globe,https://news.google.com/rss/articles/CBMipwFBVV95cUxQald0T0MwVWZYZk01aU9UUlNMblZ4aUozWk42UGNZZHcxdVgtX3ZMLXNLRFRENDJXZjZCTG0xUE5ZR2c0cEdZQ3BZcXJBUWN1dmVWR054Z1R5WTBQUFRpdmJUQ09EOV9NejN1VTJOcHJ6UHppT3psRjhIQTk4N2xoemNTSnFBNXN5d3pIanAwVGRxcS0yWFBhcS1SUUdBdFZMazhBNEtmSQ?oc=5,The Boston Globe,negative
Monica Tibbits-Nutt,MBTA,Acting director named Mass. transportation secretary - NBC Boston,https://news.google.com/rss/articles/CBMingFBVV95cUxONVIxaDFNT2VXTkZvYmRMWEF0LVhTLURveTlsa2VrdVJNZEJIcXQ2T2hIUW00SmQ1bDZxdExrUTBIZXpvZVVCS0xOb1ZFYVdDdURPVDRURkNxaEZUN0lXU1ZPcFJWbG5mVU1mbVZHUG0yVUNWN2xvMXRQQk1aOUt0ZGZZYV9QQmRZQlVDcTBxeVFqS0o5V3NId1ZER3Nsd9IBpgFBVV95cUxNN01PNHM3SmRncmswQTNIdzVGYVNHRlRmQmhvaU0wRFA0N2RxZzdfOU8wY19PemRiQ09nQzB0ZWZfNjh4eGlqY0loTWQ0czBDSk4xNS1MdVBTdkRGaW1MV1FkX0FqaXpCQkJnQThNcW1meWpReWNmVGJrQkhzSHpNM2xYRE9YbURPbzNyZWx6VjFHclRiem0wNHFGMFhEa3J2eWlHVVBn?oc=5,NBC Boston,neutral
Monica Tibbits-Nutt,MBTA,Maura Healey makes transportation secretary pick - Sentinel and Enterprise,https://news.google.com/rss/articles/CBMinwFBVV95cUxPUmZFakk3LUhqUTdaUml5MDZISkpJWEZIS1lpakthaWdLSjZBRC05akZ0ak12LVp3UlZ5c3FyeG1xOGpPSE5uRGx5NzJERzRLRUMtNW41d05xeWlSV2FSUkw0Qll0SmN2OXNsRGxPX0tuelNQQ3FabVQyVVNpUXpfcFRQV1B4aDN4SHFzQ19aaU1YclFydnhQVkN2cFNERGs?oc=5,Sentinel and Enterprise,neutral
Monica Tibbits-Nutt,MBTA,Monica Tibbits-Nutt named Massachusetts secretary of transportation - The Boston Globe,https://news.google.com/rss/articles/CBMirwFBVV95cUxOYUp1UWlmS2RvNjRLdGdGWnl1Q0JfMWotNU05OFktd1VqazNJN1NOQmNMazhkR0QtR1NjVWJCNEJQZ0ZGZGwtNXVCX1V0ckRQc19UMlZuSS1WdFgxRDdXX1dabTZqRHBiM0tWaDQ5eWFLT0lfaDhHZXRxa3ZSQ2hZdi1nSXI5RFIxMGU4dlFWZThpODU4UDJOSEhtZ2ZwblQ5SnA0WlNYVzB6ZEFobDRZ?oc=5,The Boston Globe,neutral
Monica Tibbits-Nutt,MBTA,Boston commuters wary of MBTA head being named transportation secretary: ‘It seems like two jobs is too many.’ - The Boston Globe,https://news.google.com/rss/articles/CBMigwFBVV95cUxNVHhMUWtlZjcxNlItWDQyd29RWjEwc3Bobzl3NVhaejE2amIxd3hFWndjODl4RDNIVWxYQzVvWFB6NF84ZlNFWGF1TEF5TmFqMWVMTVIyTk5WRlpwN3l3NkthSllqRUpCTUU5RUU3S1A1ZHJBNEpXQlI2Sm9GOE9KczlpUQ?oc=5,The Boston Globe,positive
Monica Tibbits-Nutt,MBTA,Why did MassDOT hang T employees out to dry? - CommonWealth Beacon,https://news.google.com/rss/articles/CBMilAFBVV95cUxObk5TcmJHcEI0akU0U1JyVjdoTTdDOWlObG1EdlRIMS03UGFtYUl2V2xRdXB0bmQ3b3dWaGFVTnp1a1JkR0dvdi1ud1F2N1dnYjV1elFVN0tiekRtSjRTWUFwVWVRdUtocFltU2E5UXpNUllKakljWTAxNThaZV84Z2FsWi1ZOUVKWXZyTW1mOUNUVjZM?oc=5,CommonWealth Beacon,neutral
Monica Tibbits-Nutt,MBTA,One more sign that Southcoast Rail is coming soon to Fall River area - Fall River Reporter,https://news.google.com/rss/articles/CBMioAFBVV95cUxPWHZmTVFiZDJ5N1VXaWpsTzhsN0NOUWFkdU1BVnkzNDdOTG1BZFBBcktZV0VyOGRXOHRRR1hjUXJKak1qOUFYcDFYRXM4c0hPVURKb2dJRXZjcU5ld2dPVG9vQ2M2OER3WTBDYWh2LUhmY0VwRjRRd0xsNUlOVmU2SXN0VmFJMUhUaFZJZzR3TU8zWWFhbmFuVnFUdVpWSEFa0gGgAUFVX3lxTE9YdmZNUWJkMnk3VVdpamxPOGw3Q05RYWR1TUFWeTM0N05MbUFkUEFyS1lXRXI4ZFc4dFFHWGNRckpqTWo5QVhwMVhFczhzSE9VREpvZ0lFdmNxTmV3Z09Ub29DYzY4RHdZMENhaHYtSGZjRXBGNFF3TGw1SU5WZTZJc3RWYUkxSFRoVklnNHdNTzNZYWFuYW5WcVR1WlZIQVo?oc=5,Fall River Reporter,neutral
Monica Tibbits-Nutt,MBTA,USD 54 million for BEMUs on Fairmount Commuter Rail Line - Railway PRO,https://news.google.com/rss/articles/CBMikAFBVV95cUxNMnFqeTZQSEhHVkVkMDJLV3BPbHNhdTVuRHZLN2VISDEtWENucVg2VHhwLTRlOGpWbldIcmlnNEo4SXFFeXF4Yml0aVM4a3gxS2I1WXE2Q0ZVbFVWaVNrenpIUVN2a2ljWFB3NllWeW5fWXc1QmV1N0pTMEpDcWh4VmE1cFRoaXJ2WWc0c09ZcXA?oc=5,Railway PRO,neutral
Monica Tibbits-Nutt,MBTA,MBTA contactless payment goes live: A roughly $1 billion investment - Boston Herald,https://news.google.com/rss/articles/CBMiqgFBVV95cUxOTTNuYm1TZ1gzRlJaY1hrRFhCZ21Id3BrTVJTMW5kVkRKUEY4MWQtZUlFOWxBN19EMEpPRGxheEp2VHRJTEdycjZvME5zRGRYYldmdmpvSm5NdllSd1ZOLUoxV3plOGdaRGt6UnFqYkpFZmlQbVhkUDFHMmxDUnpJSkhPbnlwSmlxaTY2ME5yckhvS25kd2NDOFktaGxaNkNmVWU3cW9VMGxzUQ?oc=5,Boston Herald,neutral
Phillip Eng,MBTA,"MBTA worker whose hair GM Eng pulled gets $495,000 in settlement - WBUR",https://news.google.com/rss/articles/CBMieEFVX3lxTFBNTGpIWjYtdEFtNTBZYXkybkwtY20yQ2JDZDZjT2M3dDk4MDdFN1psM2xqMGQ5THJjMGxrYlBnQXowdE9RODItbkZ3dkIwS2czeHRmeXZ0ek5RR3VfOTRvaWloNmczNFcydDFCYjVoTm8zNjQwVlBnZQ?oc=5,WBUR,neutral
Phillip Eng,MBTA,"MBTA reaches $495,000 settlement with employee who says Eng pulled her hair - WCVB",https://news.google.com/rss/articles/CBMigwFBVV95cUxPN2VTNVdBR3NSZEJKZEEwNTZibzFUWkllUlRua2VxRDZGRFZxVjNsSU9yaVZlX0RjcXNWdmRHa0hBSjc1LS1nVUUtSXRHMFRCYVJPeUFSYWpJMDNTV2VuRVJlbWh3MTBqMEJfNnBFSGRnRWljbmhqODhGb0lFTTNKbUxzTQ?oc=5,WCVB,neutral
Phillip Eng,MBTA,Is Massachusetts searching for a new transportation secretary? - NBC Boston,https://news.google.com/rss/articles/CBMingFBVV95cUxOaDBoOXJoemhISF95YUZ4dWJ3SHZVdE95eWI3QXpkcC1yR2I4M3l1bmduSHZXb241LTVLaTBROGozaHFGVVVSMFYyNkVteENIRHRPalBWX1pLY21BdHQ1bUhzZWctVTJHVGJVV1hFZTlPbk5xYnJlSmdDWFZTZEQ5OVVkNVQwWm5EdDdCcXRrT202VmtJUGRaSGk3Zm1kZ9IBpgFBVV95cUxQRDRYU1Y2VWZqM2lDcDZmYlNwSjcwSVVOWS0zeVpPYzJfWER3VWxvUGtWcWlWTlpoQTg2dFRxbWFoa0NkSVl6aE9rSDBfMWhNSm5Eb2hCajR3TU9DWTZvbGM1cnlBQlhhUkNYckxZMUZpbEJTSnozWU1ua3lPWVRxclNPVG1PazEyTTlYY1RpNDdQZTNKWmZTVjlGa24zZzhzUlIyREpR?oc=5,NBC Boston,neutral
Phillip Eng,MBTA,MBTA pays $500K settlement to employee in Phil Eng hair-pulling incident - Boston.com,https://news.google.com/rss/articles/CBMivwFBVV95cUxOalFSeFdCSVZkT2M3RzhaLS1JbTl6cXlTYkRMTlRyRGhrVS1yOXhwYjZzVG9lMTRQZng2dndNMkZBZFJoNVl6bTlVX0tSQU5nWmJaWU5EQWxaOVR1YzVGeWhjQzg2LUIyaUF3ZzhyQV8tUldNSUlaZV9EVkdRTjJWZEYzU2ZlRGRyUHpiZXhMYXNnd1FzWGxManEtOVZRYkxXejRLVnAtZ2NpeW9LSjNEUmRSVlEzRUZlUGJ3dkZQOA?oc=5,Boston.com,neutral
Phillip Eng,MBTA,MBTA launches new programs to cut riders' costs - WGBH,https://news.google.com/rss/articles/CBMikwFBVV95cUxQaF9GTUdaNGQtY2Jxa2tINE1XXzY0UHkxV3Y3ZWMwdk9XSlBYYkduZkN4QThMcHowSnE2SE91b24waEFlWWlNOERWaEllY0szTVZpajJuTTJDLVJNcDMxX1pKYTI5SkNuTVAzUGY1WkFTWUsxbzhTbFJUWUhGR3Z4RUdNdV84ZVphRmJmZUEzQkV3cVE?oc=5,WGBH,negative
Phillip Eng,MBTA,Did Phillip Eng fix the MBTA? Reliability and passenger satisfaction are up. - CBS News,https://news.google.com/rss/articles/CBMieEFVX3lxTE5sVVBpTVZzbmJiSWV1VmVrNWhqaFBod0xFODdGMzdHY0NKb1VRTjZZTU5QeHJ1ZEx6amJ5NFJZRE5pcTlscmQzenRvMXRrXzVQdG9ybm9TdjZrWGE0eWZkTDAzMHhyTWZKeWE0Nkltb3pQcEdIZ1dpV9IBfkFVX3lxTE1Eb3doUnNkRXBUSVJyaDlrX2JGUkMwV3FZN1hFM3g3UGZNMWZWU2w4bWpkWGNFbW8zLWpXN2ZzSDNxNHR0SnRyamN5YTF5YzN6c0pYZ3FZOHN5b0NZQlZJa0xYVkpFT0hhcVNhSHJZLURpWExybDFlTVJaRHVodw?oc=5,CBS News,positive
Phillip Eng,MBTA,"MBTA to pay nearly $500,000 to chief communications official whose hair GM Phil Eng pulled in ‘insensitive’ incident - The Boston Globe",https://news.google.com/rss/articles/CBMipgFBVV95cUxOa2hvSVN4b2dYQy0xQlJxUC1xSFFlam9oNnBLay03bmVqNW90NDFtRlptaEJFTEtEaU1UVm5saEczcFFkRlJndE9fd3FIcFhvWEUzOHNwS1VXal81WTV5OHRQTjRVNWJLSTZhWi16ZHZkQkNwckdNUnZrWnNwcnJXd1FGSWltRzBoZmw0MlJEd2RVU2FJTEdzb3hLNF9saVNYejZ4amdB?oc=5,The Boston Globe,negative
Phillip Eng,MBTA,MBTA reaches $495K settlement with employee over GM’s hair-pulling incident - MassLive.com,https://news.google.com/rss/articles/CBMiugFBVV95cUxQUEV0VEFaSVNiQWg5TWpDSmpqWHVyMm91dlgyWGNtYzRTdk5jNkF4UXRpWnNPV1lnTjk5aUExekphMGRFUTJwZlhueHBwbklpTXA2VVhsT0JYQUdsd2hJbXdTOWFubE04YTBWMXdqUWRGclJHenJ0cENBLTNRc3IxRksybWUtb2lIYWFOQ2R0aDE1Z2JJVDM3amJ2OVJqS2pzMzZyTklnLW9wcXVYd0g4MlhMSmlCVEh3d3fSAc4BQVVfeXFMUEhWT1FSd0hrQi0tV0N2c3VIcFRJOXFsTWp0SmhLZVhzYjV2MlpCWGFhVmo5RFZ1Uk1nU3NvODhVclI2NmlrckdaWjNnYS13by1qQWpQOUg3dDVfdEFKMlVXSVktdjU5MkFjVGtOaDJUUnczdVQ5RjctX1VodjkwT2E2MnB0QUVCOURxY1lSb0NxdWYzRU4tOEdRXzc2VW9NbHFleEtmU2E0Q0tWZ1dUT0pIQk94dENXdjE0N3hlOXV5d0tnNkdsVnBlNGFoS3c?oc=5,MassLive.com,neutral
Phillip Eng,MBTA,"Phil Eng earns rave reviews for simultaneous MBTA, transportation chief jobs - CommonWealth Beacon",https://news.google.com/rss/articles/CBMirgFBVV95cUxOOHR0TUNjdmNlbHBCemlCeXJnZGFyWkZheXk0ZWpLMFlKQUxTYW02MFBfb1pkVHByZ19udV9Sd09LendtTktIcEhVTENmYmNCS3dUSVp4N1FOaFF5ZkRJeDEwYXdXQkNjS0lMa051WlU0RXZLSU1QQk5Yb0dOckZ5RlZUN1dxMFo2WWhhQTRHNTNKWDNBOHNhTDhXZkFYbERMeU91bUMySTZFOVc4RlE?oc=5,CommonWealth Beacon,neutral
Phillip Eng,MBTA,MBTA General Manager apologizes for hair-pulling incident involving employee - WHDH,https://news.google.com/rss/articles/CBMioAFBVV95cUxQSVNGUkJoaDRtZDB1Y1ItTm5RVE16NlQxdndKZzVsSHp4M3VIdXdJTWU1NVNPNjYwSjhhRGZpVmhqYUVXTTQtdG9HYWtCdXJQTDRsSkNsdUlYdEcxNFJRV1hudTBlNmlNZU5qV2NUY095cjZWaEFkT1ozTGoyT2tsWjh0Uk9zRHVqWTU2dzNUQjBPWVd5X0dfV2djbkNLR0J1?oc=5,WHDH,positive
Phillip Eng,MBTA,Lucas: Eng’s half-million dollar mistake - Boston Herald,https://news.google.com/rss/articles/CBMihgFBVV95cUxPbF9ZVDI4dFYtOU0tdV9ETURJNGc4R245NmF3MGY4TFNub2F3MGEwLVBFZXIwTDVmVlZVbk1NTEZwak16RVhzWmJNemVfdlNlYVJBT01vRmQxUGFyVU9IcFc4U0hEVng0ajJKbk42NnZlX25MZ1dNMno5X2tPdXJWUWktMXpuZw?oc=5,Boston Herald,negative
Phillip Eng,MBTA,MBTA chief Phillip Eng touts World Cup transit successes - UnionLeader.com,https://news.google.com/rss/articles/CBMi6gFBVV95cUxORE9BVXpmeWZxRmp4UlpBSTZjV3FDWi1EQjEwVy1kU2ExQlhNWExlUHg0NktIeElDZlU5ZGl1UFlLNXZ4M2xaTWZJT1J3T1A4c1hRMzR4MHh2QVpwVnh5YUdYN2o0OEpXakdnVGxsVm1xZ1JqZXo1NnF3RVRqbmIzOXJzSXFwRE1jek9KdUdRUTFtNE4wMkVNblBKbWhoVmFKZm9iclpiS056Z2Z6ckNJTHlPcnk4QTZ1a1Y1aDFaRFYyc25RZ21LdFdPVjBPSG5xVHFDMUV1YnFEQnNUSVFhUzYwalJ2al92dmc?oc=5,UnionLeader.com,positive
Phillip Eng,MBTA,MBTA boss Phillip Eng accused of pulling employee's hair - WCVB,https://news.google.com/rss/articles/CBMimAFBVV95cUxQbFRydFFDVjg1M2FWdGgzb0dnNjBnalNHc2pER3hUUENGMjlpMHJhRU53VmZpSmpVWHNLem5MUnhyWTZwVmxURGVVUUl6c3lzVUFIYTFZTlQ3STY3RmQ5WXpVVnlmVFd6V3VnRUtqOHFZajZiM3dMc21mdE85VE5IWDJOTDUwM0lOc3pFWXV6cF9za2E4SE5PZg?oc=5,WCVB,negative
Phillip Eng,MBTA,"Phil Eng goes 'On the Record' about hair-pulling allegation, World Cup transit - WCVB",https://news.google.com/rss/articles/CBMiqwFBVV95cUxOYWU4ZWRKWUc4OFN3VEl5V2lxM3N1QUN3b2hyWWNicmpGb0U2VmprUXBTX1ZTYWJRcUM4SmVGdEpXeG54U1pSSEo2bmJtVlN6djlybEt0XzVyQlE4RjgteFNOU204VDZ5YjBDaUNqQ0pQMDhMMW4yU19ieWFqZ0R0NndMLWdnWmZ2UHFDMHVQMWJEMmo5a1BCREJRZC1qcm9DaGp1Y1k4cERIM1k?oc=5,WCVB,neutral
Phillip Eng,MBTA,"One-on-one with MBTA GM Phillip Eng: Aging infrastructure, planned upgrades & more - NBC Boston",https://news.google.com/rss/articles/CBMiigFBVV95cUxPSWt5Zm1hN2Mxb3A1dDZJdHIzMUZ6SldKOVdPcUNKNUFpVW9NbUpQWGg4clhLMzJGSXBiQjc1QzgyUTljSm1jZy1wdzk0aFlGMkMzYXI4OHl2ZGNUZTFOTUhlU3hXUjZ6bllBc2dacGpOa1MzRndwdjBicFZMSkJ3UUQyVUVzSzcyZXfSAZIBQVVfeXFMTXNHYnVLUW9mRHNhd28xVDFfTVlFSWNEY2tOaWR6OG5GOFNHbGR2Q1gyMW1RcHNtMi1wZmp5ZUxLb0RBVXFWYVNDX1RyUXFmSjVMalpHNXo1ZlVkSTNRUXhMTmFpQU5hVXhfX0RxM0R6b1BpSlBVMFJXcGZFQ0pESFJNSDhzYkVvcFVVMFFJc1dqRXc?oc=5,NBC Boston,neutral
Phillip Eng,MBTA,Phillip Eng at-a-glance - Boston Herald,https://news.google.com/rss/articles/CBMickFVX3lxTE5FYkw1eDNxdGlmam1PNEwxMU91dmlZc0FlWHdtUkNEWDVwMDNjNWp6dUswUmVxYzRrQnowVjRHWUNRNWlrOG11eHJRVjdZQXVwRVFxTkN2dUJsRGcwUDV6YUp5QWF2SzBkYUdsVUFyQlI0UQ?oc=5,Boston Herald,neutral
Phillip Eng,MBTA,"In Eng hair-pulling admission, what’s notable is ‘how little we know,’ employment lawyers say - The Boston Globe",https://news.google.com/rss/articles/CBMilgFBVV95cUxPTnBDeXNGeWxPUDY1dXk3N1EzUGxPSXFBVUV6TndIYVFzZm9nS2MzYUlYdE5wb25yMHhmOU5VVEZlTWhqZHByN0ZYeVRnSWVPRHEwcUdvOThyaXdSQjBiblM2Q3ZtR0t0al9ucjdsblN1Z3d2endFNmlJOG1zRXhuamR2Rk9MVFNqaC0wWDNjR3VsNTZPaGc?oc=5,The Boston Globe,neutral
Phillip Eng,MBTA,Why Phil Eng’s hair-pulling incident hits differently for Black women - The Boston Globe,https://news.google.com/rss/articles/CBMiiwFBVV95cUxORWlvTDhHeUs3UGxabDRObFZ1Y1NudVE5eTdrR3RhdVRpUm5hZmVLSGZvbFNUNU1mV0pUamxGeHN1dTFTc3M5S1gtMlh4b2ZvRmY5ZE5xOTdPSFk1ZFRMMDQ2Z3pkbXl4Qm1rSTNwZlBNa3VWYXpxU0lzUDJIRVM2NVYxSkNKdXNGb2ow?oc=5,The Boston Globe,neutral
Phillip Eng,MBTA,MBTA’s Phillip Eng Says T Will Exceed Pre-Pandemic Levels of Bus Service This Spring - Streetsblog Massachusetts,https://news.google.com/rss/articles/CBMiwAFBVV95cUxOVnYwTWdSR0Z6Z0M5Zmd0MkVLSXdFUEFFckFUa0hWYWZrWVNsNFNjZU53TXJ3QVhwaDAydkdmN3o3bzRRWW91NGxHX1VodGg1ak52cHNrNm9jMTBneVlZWGJxT1BmR20xb2VJZ2RvSkt4U2d5YWZYV293Y0dYSzFMQjMxRktta1RUcnNocDdOcDUwUlh6ZXotc3A2MXVoVGpfRkwwWXJETkdBZTlNWWwzaS1kWTRraVFFSzR1LVBiM1g?oc=5,Streetsblog Massachusetts,neutral
Ryan Coholan,MBTA,MBTA COO drives commuter rail train from Boston to Fall River - Fall River Herald News,https://news.google.com/rss/articles/CBMi2gFBVV95cUxPVks3dDlqbjg2TGpmc0hyamtSbkZud09DUkktYjlLb2tFOEtDQXhwVlZJY1dBb09vQ3FOaHgySHNkdnoyWlpnZV82UlE0dzRrU0cxRDVvcGxsZVV4dUdMZF9FZGRkZkhyQ2pWOWN5Wlp2UEFBamNaMWx2MzZqZmY2WVpTNXpBelpKcjVMQ21jSjkzTXVneWJLV3hIaUJfMGxBSFpmVE5KOWJfazdvSllzeHd2bGtmd1dvLTAzV19kM2FSbVRvY1IxbnRrOThGbnc0YXJLN0szbzVHQQ?oc=5,Fall River Herald News,neutral
Ryan Coholan,MBTA,MBTA Closes Subway Lines for Maintenance Work as Riders Face Extended Service Gaps - Boston's ROCK 92.9,https://news.google.com/rss/articles/CBMiuwFBVV95cUxOblRLc2I2ejFxRGdpZ0ExZlZwU0hwVGI2cktkc3hoSzVJM212d0VvWGVGVHE2ZzhuN1BOOUstYThRNnBFYjJqakNKampUZWswYVVzaW5rV0JNSGwxSkVjZUhPcnNQY09JT1JWVHFmS0JJUDBtTFZFX3RvdlkteFE1a01BVVJmcnpkSkN5azNsYXdpeHkxWmhlSHB5dlMtSm43M2FsM2c0MzNYeGUzUXo5RmRYOEticEk1YUNJ?oc=5,Boston's ROCK 92.9,neutral
Ryan Coholan,MBTA,"The Green Line is shut down, and will be again soon. Take a look at what the T is fixing. - The Boston Globe",https://news.google.com/rss/articles/CBMiggFBVV95cUxNSHFnSUNYV1REem1aUmVxbDBvOWtTQS1VQlI2OGFiaVR2eXNzMERYZ3hkTEk5UFNoQVlYalVOQnBiWlFVd3ZFSGRfVHBoTmpUQUw4MzBFOWdWdV81QUE1MUd0TDR3U0l1aGpkWFdOeHk4UkRXTEdCWktfeWY1VjVCYkt3?oc=5,The Boston Globe,neutral
Ryan Coholan,MBTA,Significant portion of MBTA Green Line shuts down for 9 days - CBS News,https://news.google.com/rss/articles/CBMid0FVX3lxTE9WUTR1RENZOGdFOUJiNWNXMjFQYllqdUhfZlpacmMtcTByVGtXWGZPNGFqN05XUlAxLXQzTW14M1d5al9KMktHb1IzTVhBT0U0NGFJZ0JDMDdLSnUtalppS1hiZ3ZWaVlpZENJemxiaDhLN1JINzlr?oc=5,CBS News,neutral
Ryan Coholan,MBTA,19 MBTA employees made more than $300K in 2025. Here’s a look at the agency’s payroll - MassLive.com,https://news.google.com/rss/articles/CBMiwgFBVV95cUxOQjBEaGtHTFF6R2FWeFptNURLcXAtYVA2cnIwSTE5Um5SNVFKWUlmXzhmVm9Dbm1BVjhaODhvNUphTFNSRXBXd0FZUkh5R1BDWmd5Q3RZNG5Xb3Nxa3UwS0JtYWkwMGlaSDhYNFoxUENYeFVEMm5neVhKa0I5bmxzUTlsZmNiaXlrbWxrbUEzQnB1YU1WSGxicnJTNm9rQnVlYmJRWWJCU3hQZVU0QmFSSkNUVHlibU9sT0hiNjhPLXhKZ9IB1gFBVV95cUxOaDRFa2FLQWRVZ2VvZDN5TFg4RHFxOWtTaFFJcnlwajJFQVZKd1JMUjhOLXZkQ2ZDWkVnR21FbVJQT2V5c2VGUHNEZndzX2FFY3pXZExpNEVTay0wYXhfeUxuUHpRVlZsU0dMQ2lNdldRcmp3aDRJRHAyTVlXUFpzMHNKajFWRFJlb2JORTBKQ2JmSUJBeHBhdVZnMmY3alJvTHgwVU5MZzZNTnhMdFRqSEs4dllFZDdpVXRTNjMwWlRXTkZMclU1V0p4VnF1bVFZYXV3VEhB?oc=5,MassLive.com,neutral
Ryan Coholan,MBTA,Leaves cause major rail problems - how the MBTA is using a new laser to fix this - Boston 25 News,https://news.google.com/rss/articles/CBMi0wFBVV95cUxPWEg1YlFvemFoOGlEeko3dHNBNVhZYVdBYW92Tjk3TWxNN3U2Nk9JZVpaNkxOYUZFazgzVnZwRGUtVi1neklEMHM4OHZNaVlOVU84U2c5dkFqNURLQ3gwZmh6bDhSOEtoTnNncjYwSkhTMlhxUWJ1dzlSRTc4WXk4SXh0Z2htUjdoZkxhekZJelNaUnY0YTVSbVh5TTlSMjVFa2dLMEotUjVQUWZVZi1XV1g1WEZXM0R6ZjlmalNiUGE2TWJKeHNYalVwSmdtT2ZyTW1Z0gHnAUFVX3lxTE5OWV9sZHBXTkFXcGpBSDNLT09rTmpsdUNxSjZPbHVONldMMk1jV0VFSzF5QWlhaWFXaVRQZjdxcTBqSmtnQzNlM1hzUFFDbW1LOE5ZbXFpWWVOVUJrZ3R5THd5cXhsZ0pWblVsUUNnYnJna3FYWkJRc2VDeGtEOFdmZEtLRDRHaU80VjV3Q19GUkF3SmVLM2N0UGREX1RQdUthOW1LYnFncG1heno2STluM21WeTVjUkhEX1JaX0Y1Ty1xeDdoZm9RTGx0WGV1bjRVZ1ppMGhxdWV0RTlYZkJrdmhqVzJXZw?oc=5,Boston 25 News,negative
Ryan Coholan,MBTA,"MBTA service expanded, parking limited for World Cup at Gillette Stadium - NBC Boston",https://news.google.com/rss/articles/CBMiuAFBVV95cUxOcmNqZ1hxYnY3YlZmOTNCNGtiNTdPejVJQ29ZVTRNYVlBWl9YVkFVRXR6ZmlkaUhaaHQzQ01SWnNtX1d1NmVUV2tNZktHMmhmSFNLSzVCU2o5OGZoblB5M1RSZ1F5S3Q5RjhYaHJRbUc0SEh0VjdkZ0JqMnZtU0h3TzFCQl9VQm5tM0xvQmdLeHhQT1djM05ROGZBUkJQM1V0VVIzZFhCNEhBb0Z5bElXN2tiMVhfSUpP0gHAAUFVX3lxTE5uWkdFLWd2OEg2MTZrWlBLcTlpbXdid1dtOWVjNjZoU1g1cVNTS3FBaHE5Q1ZwMDVZTnRrZzNTdkdveXJDYWZxUGV3UW9Gclo1cnhLSXlsYWk0c2YwcnExYlo3b05HblBMdmYtdnJVUExfb3JVbXF3UUM0TWJzMzBlLW1tR0NiZ3BweVZfdU53NmlQYUNvU0c5VFA0SWJ5djIzMlgwdjdmYXBlUUhmZXVQd2tTYmItZGNyUm9DcHRIeA?oc=5,NBC Boston,negative
Ryan Coholan,MBTA,Why MA transit officials say system is having 'monumental comeback' - MetroWest Daily News,https://news.google.com/rss/articles/CBMi-AFBVV95cUxOa2s4bl9ZdUQ4WXduQUM2NEFTNF83ZmZ6cXRSaDBwWlRUV1RZRE84clJKcTgyLW9WUmd1RTVORDBjSXAxWVRLRmZ5Q0NvbGZlUk4wdVlhd3M2T0Q0NVVTOTdFVlY2V3ZrbHJUeXVRcFlwVTFQeERQblVpWUhUYXJDRWJmOUlsVkZrT3V0NnNEUTlSSXNmX0tUSFM5ZFdkMkNKczVPemlwMExyZTNOOGx0Y3U3aTNvczFZTjBPNVl0cTlsZ0k5UE9XLUZ5S1RKeDI1RUY4RmlFODEwLXF5VlVPRGxXVUNhVzNNcnRHQmE1ZURRajRNU1RpWA?oc=5,MetroWest Daily News,neutral
Ryan Coholan,MBTA,Most of MBTA Green Line to Shut Down for 15 Days in December - Boston University,https://news.google.com/rss/articles/CBMia0FVX3lxTE5GTjVvMjNRT2xmclNGeXpjSGJuTlpVUFktTWxraVVvT0pweHpuY0tNTTFJM09jeEp5R3prZm9CaUN1SlNMeV9SN0ZiT2Z3VHdvbHgxeV9Bd29uZWhCREl5b080aDFNQ2ZDdHFj?oc=5,Boston University,neutral
Ryan Coholan,MBTA,MBTA employee involved in Green Line derailment says agency threw her ‘under the bus’ - Boston Herald,https://news.google.com/rss/articles/CBMiwgFBVV95cUxNT1MxZXZvdnQyOWhuS2xNb19PNHNGQUM4Vlh5ek9CTUJ3ZC1icW90NzNxdVpYQmNBSFdmcmlicGxPUkdiZzV4WUkwUC1id2RxNjBrTXgxejJJeDR0YV85eTBSUUlxMzZpZWxEVjhpdmowX3hUUUo5d3oyZTlTcVJ2NWpzWGwxWDZvMHFuUXktd2FZS3dLOG92bEpha2VRbW92WEF4Y3BTUmJkVXV3MTgyMHV1WnBpYkRUYlJKREdxcWdGQQ?oc=5,Boston Herald,neutral
Ryan Coholan,MBTA,MBTA readies for March test run of World Cup transit plan - WCVB,https://news.google.com/rss/articles/CBMigwFBVV95cUxQOGtuWVdDNEtaT0diOGZ3MkFwdkQzN0ZKQl9weDk2b3RlaFRRQURTMTItdThGWjFUQVcxdWhvRV90OXZTcGRKQ0pUM25LX1Q5SkwzT3FnYmUxcFFONnVVWVNHV0tyVWNZS05MLTRGQmJHbHJOdWw3c2NzN1pnYkdJMU54WQ?oc=5,WCVB,neutral
Ryan Coholan,MBTA,Are MBTA trains tooting 'Jingle Bells'? Residents fed up with noise - Fall River Herald News,https://news.google.com/rss/articles/CBMiwgFBVV95cUxNcV9YMnVDbEhZb3pxMk03OUE1WEUxdHhwRWNITDBDQ1BIUW5BbmE3SFg1Q3ZGRWotbUMybkNnSllsNE5xTVhyYjVhLWlJTHNXbU53dXJJYnhqcEJLUWRNXzZ2eE1naUtGc04ya1ZBdUtDby1pLXJvY1NNV3ZyWkk5WXBna2N0Zm5FTTlFa1FnX3NNcGhuX0tkeDl2Zmt5dFB1Qk81U3dncFMtdDVSMnhBQWVZaGRrSkM2UGJKT05EaUhXdw?oc=5,Fall River Herald News,neutral
Ryan Coholan,MBTA,MBTA votes to spend $253 million to repair commuter rail locomotives - The Boston Globe,https://news.google.com/rss/articles/CBMijgFBVV95cUxNX2dkbWUwZ0ZOWDI0SUVXc0ZadnUxa2ItQVo3RDRWajdnNGsyOEEtWFU5enNka1R1WDJ1Vm9UWTd0dWlsYnBNWGZmcWFDbkFla1ZEM05UVlVBWEQzQVZyQW1EZE5qVlBuckNQWmpEMzVjMnhZektJX3VCZTRIMXd0aDFzd0Q3VWNBYzU3S1Bn?oc=5,The Boston Globe,neutral
Ryan Coholan,MBTA,"The MBTA is using AI to make the system run smoother, one oil sample at a time - NBC Boston",https://news.google.com/rss/articles/CBMif0FVX3lxTFAzR0piTXhpTmJsV1otVWx5LUYwa0ROR25OV29yX2VNazlrellDMnFpb2VZUWFfR3BVMWFFWjh4TjRqNmpESHlxYV9wMDJ0T3NydWt5c2w4b3pHLTAwdkRHN0lHZGdFM3lveEtfUTdMRUdHS3kyaHNKSmNRT3FRNFHSAYcBQVVfeXFMT3BDdDV1QkpkQlRkeVNIeHBSNDhVVjl3U2FEQUVVUDlXaE1HZldDMFo4bG5fTEZaVVV5R1kwREdSUktWeXdCNXJqalVabDdobnhLN1lqNVItTTVWazNZLUlmUVEyNmJCdDlJTkJKZG96WERzb0UyRExRNGFwV0dXeXQ3c1FYLTEw?oc=5,NBC Boston,neutral
Ryan Coholan,MBTA,"Eng announces shake-up in MBTA leadership, including new safety chief - WBUR",https://news.google.com/rss/articles/CBMiiAFBVV95cUxQbnVTR215dnNKc1JJV0tNWG14UzhoY0h0eUc4bW5xZ2lwS2J3RzQtOXMtbkpLLXJvQUIwWHdmV3RpUDh4V2dEa3ZxREpJNEFlT2p6cEZDWUhkQm1zbndyMnZVdHJFejVSSkl3bElHMjhKdEVSS1JMNERJc0hiVm1EWEE0UThLcWRs?oc=5,WBUR,positive
Ryan Coholan,MBTA,MBTA responds to Trump administration's safety questions - NBC Boston,https://news.google.com/rss/articles/CBMiowFBVV95cUxPb2xRU0hQYWpHbEFGd3hVTWQtS0dlRlVNc1F3RjFhU3lEZ0dZQS1Nb0hTTFV2NWZPaTFtUlRsOThOdl9vZjhMWmJjMy0xZ2JCanR0dlZ2VTdzclFIVEcwTURPdkZ0RDVtT3hBRnZqQzd0TmdfYjNXT0Qzb0x3TVNzQ0ZSTDI2NlFyRG4xcEhtdHd6U0NXb2EyMFF4dmZzTWE2WTNj0gGrAUFVX3lxTE16dHdtWkZNcjNDZ1V3U0h3VTU2cGI1ZElxbU1LYU05Rk5JOVhOYW5Wd1hINmVzeGJYNUN1S3RoMFZlZFY5allkdnRNSk9ETmozNDB1ejJPbGlZQlNORU5KZ3E4VV9LWFpwaG9CaFl5TS1FaUhYTW5ueUpZd3BjSXVUejJ6ZEI5NWR5RnpzR2N1aHZoeXRhSGpQbjdOM0trajVPUXA5bjdjVlViQQ?oc=5,NBC Boston,positive
Ryan Coholan,MBTA,"MBTA announces new, largest ferry: The Millennium - The Boston Globe",https://news.google.com/rss/articles/CBMikwFBVV95cUxPRThJUGFLSFJ0TGtpZ0c2c0MxM3NuQTBKSWpNU3VJUkpWN3FMdEpITnkxaXNWemZxY01DcGk2TWoxampMdmk5bUJmdUdZTVppOEZDRENDLW0wRHplb1hHR1NoZmctVFJHMzhGZThFUjdmTWxpZFBEaHhmeHc0TDBmZGNqRzhWaDFtdjFUTmJkZGVzZms?oc=5,The Boston Globe,neutral
Ryan Coholan,MBTA,MBTA to debut retro locomotive in honor of Boston and Maine Railroad - The Boston Globe,https://news.google.com/rss/articles/CBMiigFBVV95cUxOMVZuUTJkTVdqWlVwWGFSMThKOU9YSGVlODFJeFF3bmRuVEJzcHpfZGFVMUxlNlVPcW14VVFnZXd1QnBPejhCRU13TDB6cWtIWl9QczAwWjQxdF94ZDRaV2ViZUFuc0FRZnU2YmQ4Yi11V09MREdUa1gzRllMNlR6OFBHT2FzSzlPSnc?oc=5,The Boston Globe,positive
Ryan Coholan,MBTA,All aboard: The MBTA to unveil long-awaited South Coast Rail line - WBUR,https://news.google.com/rss/articles/CBMingFBVV95cUxPN0xnTmo1RXgxaW5wazhFT1QzajMyUmM2YkU5WU1LODZkbzhBU1lTQzV4MlEySU9DYnNOR1JOS3pNYV9ydUExc2FMTV9hQ20yN2c4NHJQbkRSYmF1cW9UX3lMUDFRclpWT3M3Y2RUWUdpaWpKX2tXMWtTSW4zOXBLTFFtTGpkcVo3U0xkemF4ZTFCSFZySmRuWE9kZ0lPZw?oc=5,WBUR,neutral
Ryan Coholan,MBTA,MBTA ops officer: Green Line 'going to be packed' on Marathon Monday - WCVB,https://news.google.com/rss/articles/CBMimgFBVV95cUxNSmxBR01DSmhZWUMxc0c1eTZ1MzFpYzh6bjU1MkRWQWMxVnl2NjRvWWc3ZlhkRENPQS15Y2JvLVBNZXRVUjQtTTF5U0NTRHd1Sll3WkpyQ2JoUkNILU1ueml4V1Z0a1FSQTVTR1FXZWhieG9PNTlSS210VVRhY0NMVHNydjVPR2NvT3FZQUhLOFVNdHBxeUJnOUpB?oc=5,WCVB,neutral
Ryan Coholan,MBTA,MBTA warns commuters of delays as extreme heat descends on Mass. - WCVB,https://news.google.com/rss/articles/CBMiowFBVV95cUxQX3BkZzg0R3NQX0dndktDX3pCS1pQUV91WkhFQVJpa0x6am4tMzRSNVh1OXliSmFkOG1INlVaWVZuampEMDBEWkxiREhyZVBUTk92UjRBcFRXTTV5NDVBNjVyY2YxTVlXLVFmNkkxZzM3VUVlWGpxdFFSOXg1TTR2VGRuX09qaWdhWmE0V3BpUG9yX2JoQzhCVG1NWGs5S1NobFhj?oc=5,WCVB,negative
Monica Tibbits-Nutt,The T,Editorial: Nutt’s case for border tolls now sounds visionary - Sentinel and Enterprise,https://news.google.com/rss/articles/CBMirAFBVV95cUxQUXZHc05sMi1RQ19Vei10Y1dZZ0Q0N3VCY0V2Si1mczJBRExVN201dlVoQmktY2RCUkVvWDBpaGowcnlXYXk3RnZVcVJ0RGlBbEpYQmcwMjlvb3lkaXJZS2dGQ1ZCZERIMzVOTktBU1I1b3dod05QajAtUERXdjZiRmhDaEpzRnJCLVVEdHo1bDJUX3VmM01ZbUtjRkpTb3g4NVlwZG1VeDNaMElE?oc=5,Sentinel and Enterprise,positive
Monica Tibbits-Nutt,The T,Transportation secretary gives ‘unfiltered’ take on challenges - CommonWealth Beacon,https://news.google.com/rss/articles/CBMiqwFBVV95cUxNaXQ4V0E2ZnotakZHbS1rdlpEXzJ2UjJYSWVHX0JxNm8ycUdsR2FXcnZOR2RhSVFGRFZrZEluOXlCLXp0U0NpNEo3RkxKVDNjSEVtd3FaVkNBbkJtci1TOE8zRlBTTTQtUkx4eXg3QVJoSmVnemtMUk9CMGtjRk56QUNqWjhPTGYzblZBVDJycEduQVE4WDM4ZGYtR0R2Mk5IS2tiTGszRjBhSzA?oc=5,CommonWealth Beacon,neutral
Monica Tibbits-Nutt,The T,Former MassDOT Secretary Aloisi comes to defense of Tibbits-Nutt - Rhode Island Current,https://news.google.com/rss/articles/CBMiqwFBVV95cUxNcDJKZVhGVmVDckJqNmdXVnFRN2JQVlRlNFN5ZGdPM0FGLTAxdktYUGFIQXhxVUFRRUFKZ0hEY05wSXhrSGpwalJqLWhXcll3QlowOVplMVlESllmNFREMkFoa1ZxaFltMW16VTlUeV9RbGpXbWRmaTlKOFMxbG5GQzViaEhUOVpvYXJiQnB0VjNEWkxNQTgzNS1CU1k5aTYyQnF5b1E1LTJ2bGM?oc=5,Rhode Island Current,neutral
Monica Tibbits-Nutt,The T,The potential fallout from Transportation Secretary Tibbits-Nutt's candid comments - WGBH,https://news.google.com/rss/articles/CBMixgFBVV95cUxObm85RHJkX2RJSFFWOURiSXRfZm9MRDZOR1BzZEtndlVhSkZuNkhOdzNDYVplTjFZdWh4dGttR3BhdGlsM3J5WEFTWW5ycUk1NU1GOVF4bEo1T3dlMzlib1ppVHNmLXd4eUVGS25UUnhBR2Ytdm51MVZVcktxd21adU5sNXE0WThCQ2pWY0Y2cU1qbjI1VWtmUnJxbl9Ec1l2Vkx2Z01zdFZlQk5kMHhLUzNKX0d3REpLUlJHZnlhOWZrVXdNSmc?oc=5,WGBH,neutral
Monica Tibbits-Nutt,The T,Howie Carr: MassDOT Secretary Monica Tibbits-Nutt is quite nutty - Boston Herald,https://news.google.com/rss/articles/CBMixAFBVV95cUxOQ1ZnZ0JzY0FaWDEzem1wVGJBQVlYNzhxbjk1Qlp0TnplVEROcm93cF94eUt4eW5MN1ZlLTdTMUFycTYwa2lYcU1ydUNMUFAwUFphVUdjb2VyMjFzbVNjY1dUS3BabkFRNTlwM3FSbW5JR2haaXpvVGk1dVpCT2Nab0c0Wi0wN1dYVFFqS0huOVBhUGxTeXpKYTltRXFfWkVJUXhPcHNyUkpaY1dxb2c2Y0VDWUY5aVdjMDNlWDQxQ2NfMlRG?oc=5,Boston Herald,neutral
Monica Tibbits-Nutt,The T,Documents reveal intense pressure in Mass. service plaza conflict - NBC Boston,https://news.google.com/rss/articles/CBMid0FVX3lxTFBXcmhOcmZKZ3l2cUtaT29TTTJZUmdyM2VIY0xBX3ZZV3EtdnhnVHB2UkVPYXJoRDlvVUkxTDhjLUVOR0NEWERMYk1ibW8xMzl0S1JJOUQtYWc1bDN6UVVyNV9VZlhBajE3VGJPOEhxdUVfUDZ2RUxz0gF_QVVfeXFMUERobVRnZGc2SmcxTGNPcndQSEE1WkdoMFRzVHN1TnI0amxrSklYV19FMUkzWTUxTkdvbDJUaGduM3AxRkktNVNCMTVjaHdHelMzRnpXTWRaSllCNjBkSFV5bjg2VEZqYllheVFTVmlwRmJ0ZXpncWhTRHk5b0NUOA?oc=5,NBC Boston,negative
Monica Tibbits-Nutt,The T,Howie Carr: Massachusetts hacks forgot how to do nepotism right - Boston Herald,https://news.google.com/rss/articles/CBMipgFBVV95cUxPd0dQM2xwczc3R0dILUNvdjFWQnRSZVdzbzVRN1M4TmlOOC00QWVGVHNzT19TRUhhUE5LQU00Slp2Z3pYOUFfUnpLSHY0bWgtNjlXU25DZ1B5UkpOd1J1RHljY0llOUhHOFZOdDBUUGhKRXRESkN6RmN2dGFnd094eXdTNDh1TE90LVpqMXdGQ0VnbEpxTTRGT1hiaGpuNkItOF9rSEJB?oc=5,Boston Herald,neutral
Monica Tibbits-Nutt,The T,Mass. transportation secretary seems more like her old self in Chamber of Commerce talk - Rhode Island Current,https://news.google.com/rss/articles/CBMiyAFBVV95cUxQOExoWXd1akVJeE1aSWoxLXVzbFRuM3FkWVNtemhIa2p5N1JmTHhBblY4YWc1WUxBTlBndkZCaXdqQ21KS0VBV0I3RG94bW5DZlJfNG9va0dYdmx1TXZLaWl0MS0zWHZ0eWZ4cGNDLTBxUi1iSWxaZnZ6Y3ZDY0h3TllNbmtDQVVkejlHSHA0azdVVUlENGU0bUx0aGkyYy1PdjF0a0l2YUFjaFc5UUNRY21tVEN3bW5YaWhyRmd0bmZfV1dqeXcxRg?oc=5,Rhode Island Current,positive
Monica Tibbits-Nutt,The T,Top legislative Democrats confident in Healey’s MassDOT as Gina Fiandaca departs - Boston Herald,https://news.google.com/rss/articles/CBMivAFBVV95cUxNb1Bma3FqZmVzT1hIWjI5MG5VY3hBY01QRzBkcEFvd0xIb2t2M0xvazBhWXdCcWhXVmduRkNiQk5ldHFPeUxfMDRGbU5lbm1jdUo5XzBzTTd3RmlhdXBtcm9NNjgzSzh0c3RIckszMTdZbDFSbWJac3ZwVDlLRkpzRktRa1VWNllwYzlpc1F1clE4bkN2QVJIczZ0RGRsX0NFYlVwVmRhZ3JfQlBqa2ZVZkRBLXJ2RC0tSFFRTA?oc=5,Boston Herald,positive
Monica Tibbits-Nutt,The T,Monica Tibbits-Nutt - WGBH,https://news.google.com/rss/articles/CBMiW0FVX3lxTE43UWkzeTloTElIYlpsb3I1d1Q3cDJpQmRuV3Zsb0pQaTJVdW43eTh3bHB6TjV2NDNBWHhxdlR5RldzWGh1QW1iY3ZMLWp1ZjJqSDNwd0ZteGl1WlE?oc=5,WGBH,neutral
Monica Tibbits-Nutt,The T,Critics pile on Mass. transportation official who called for tolls at the border - MassLive.com,https://news.google.com/rss/articles/CBMivwFBVV95cUxQU3J6VDdUbDIyYUs0TkcxLWMwTktoUkpmQm9tSkZtVG1TYTFjSUVWbDVabnU0aW1Ia2RhVWVVQXh0YWtmeTQweDl0Y2dSUkFfZHJpMlRZbUl4R21iOW91SG9YWWp3WXRuTHBwWEZia1FVcHJIRkdVeWJqWmhRVXVnblFXZnNrZGNfejktSUU2SE9rUC1yWElCakI1MWV5LXczenJhSTJ0RVp1SFFQUkVqdEktUjJIMlExNU81VE1pa9IB0wFBVV95cUxNc0h2T1Q5NUdJUEdUS2JyY3ZzenhtRzFKVUI1dE9jbnFNRDVBSjBUT1g1V2UwTXo3Um1zWGMzQjJ2MHA2a2hZcHY4R1JnbUdGUU5ySEtkWUpWMEk4OVVLYmRON2Z4bWNEdjZWWGVUVzhxcVZCODQ5WFZKcFZ2d2VBYlphNTRweVB1Mm1seWtnc0w3d19vUWpLNUxnTm5wc1dBN1VNd0ZoTmU0QjBUSm5aNS1KTEFxV1V0TkFMeFhoaDQ0WjhsV0EtMjdCOGZRTzdMSFdj?oc=5,MassLive.com,negative
Monica Tibbits-Nutt,The T,"Sununu, NHGOP Candidates Slam Healey Admin’s Border Toll Plan - NH Journal",https://news.google.com/rss/articles/CBMiigFBVV95cUxOcmR6RlJFR3Jvc3ZNRmhzNGxKaDlqRmgtQlZRb0k2X2xKVFlXc2dXdU9YVEhPWkpCcTRLS3R4Q0FSeEJ1VFR6YjR4SElvZnJsYThFUUlxR3ZyTlpROGFJZ2NhQXNab2pmWjBBX2x6TVJpWGRnVkpPaV9NRk5Id3pBYXpqMTFubzlsZkE?oc=5,NH Journal,positive
Monica Tibbits-Nutt,The T,N.H. gov. criticizes MassDOT secretary’s state border toll proposal - MassLive.com,https://news.google.com/rss/articles/CBMiqgFBVV95cUxPNGxTNW5MTUx6XzNYX2pTbklzMjRIOUNpNW9HbHBfX2pQSzZUYjdjVXd2TG81enhCdmdvQ0VNeWpxVjNQeFZBdG5Dd09QVTFRdGZzWVBhalBPbkhaNnpyQjUwYTVlVnJWcHZNb00xdFA2X0gzSU1OY0FQNEY3N1RLcExjSnZrMlRKZkVPRUZrUDF4NmNUNlZCMkZoWU96Y01xU2VnSTJtanY1QdIBvgFBVV95cUxNNnlDUWNSWWFJWV9jbjk3bHpWSk9Cb1BvTnpkRnM3TVE3RjktazlCMnNwQnk1LUI5bjNqSklYbEpyQ1hDT0hydV9vMnIyZl96bFJNUnJhdGRRWGFWUE5VVDZCcGZoWEtYQThqV25pRzBZUGlRMlg1YmNtMmYtUm40a0p0dmVacWdJZUp3b2c0cVd5aXE4UWQ3NzFnZUxtZmxicmgtM3c0NTdMV21sSEIyUFNfWlhpeEhGekYwSjZB?oc=5,MassLive.com,negative
Monica Tibbits-Nutt,The T,Tolls to Cape Cod? State won't rule out option to fund bridge replacement - WCVB,https://news.google.com/rss/articles/CBMikAFBVV95cUxOREhxU243Sk44dFZybGhNR1FxcG5CT0JEaURfNG5XUHJlRkVPVFNHa0xuSFEtUjh0MkY2alh4VUc5QzE2OU05ckNSTDZPcEdxQ2FOOHVISlVDeFdwSFNpWFJhczVPLUI4c1BHN2dYeGY0MkdFU1lfUGFlT0NfTXNNQ3lXUFlCVDVYMGxNT2pQZ1I?oc=5,WCVB,neutral
Phillip Eng,The T,MBTA chief Phillip Eng touts World Cup transit successes - Boston Herald,https://news.google.com/rss/articles/CBMingFBVV95cUxObGo0SUkza1NVZ001ZHV6Y3pxVjRya2xGYTRwemNRSFNzU1QxNlNpRnZKNm0tZXBlanF1T3o4QzRCQlNJZzFNbE1rVHMzTUFuWDVFRVNxMkhEQnNTV3VKck92bVA5TzVSRGFKUW9mczZQQmhMblpDSVdRZlRKN0lPVjkwUENQQkZiRzdoTVJUVFotNjJuZElPX2pYTWd6QQ?oc=5,Boston Herald,positive
Phillip Eng,The T,"MBTA announces continuation of summer and new savings for Commuter Rail, subway, buses - Boston Herald",https://news.google.com/rss/articles/CBMiwwFBVV95cUxQeWM3UHg3eWliWHNhQU1Jdk16NVhDWjljMHBlQzYyRWJ5VV9sWVZMY24yV0xpc2ZobHh0bGVPTnQ2bnpoVXNQbDZ5NmdKWUFlak5Rb3l6dHl5V1VDNEV3ZUlSNjhWSXJXNzdBVER6bF9FWWVZYWllN1JvOHdWd2h4c0VOVDJWT20xSEtkeFBfV25BdVQ4ZFVDdGxScE5iSmJZeURqcTZxVEdHM3hJRmtNWjg5VHRtN3d6RW0zMGRfclROWjg?oc=5,Boston Herald,neutral
Phillip Eng,The T,MBTA boss Phil Eng apologizes for pulling employee’s hair. ‘It was insensitive.’ - The Boston Globe,https://news.google.com/rss/articles/CBMijgFBVV95cUxQRVlYakxnc09yMkU2LXVPTXpfZU1sTlRPY1FLeE5FQTdiV2ZqTi1Wc3JETWlUXzBkRThteEF6MWpYM3ZpRTktX3ZBUlVZNVhUVDB5MVNhaEhoRm83WkVTNXJSQ1lYbjJWODhrV21vOVlKZlFyWkNhdVk0ZjYxd0dWZXdVVTZwTWlvOGdrUmpR?oc=5,The Boston Globe,positive
Phillip Eng,The T,Battenfeld: Maura Healey’s head-scratching decisions scream incompetence - Boston Herald,https://news.google.com/rss/articles/CBMisAFBVV95cUxNNUpkYzN1bEt3M1dhNlJUcHJXVkhpeWFSc2pha1RscWpTcnFVcUJXRC1WM0dLNzBVaEVKa3c0OEhGTDl2RDVvNGc2Nmw4RUcycTk2M2Z2NnhsOEtTQVJuMjdvbmNRU1Jib1QtZ19CQnMzSlc1WXBPU1MxRV93ZnJYTkszek9yTUV4Vks5VjFNNWFaMmlKQ1IzWGNQQ05DbTNTQVRGMFpfZmowcVVsZWx6Mg?oc=5,Boston Herald,negative
Phillip Eng,The T,"Where should the MBTA look for ideas? For Phil Eng, it’s Tokyo, Seoul, and Singapore. - The Boston Globe",https://news.google.com/rss/articles/CBMikAFBVV95cUxOa1hhNUZhR1gwRmxLenBRTDlFMzd0bnZfa3pVa2dmS1JqUVhlT3NVb2ZKU21VZzdocVhpc0ctZHpTUzVvcjdocmsxX19RLVlkTGFreDh0RmJDNmdha0lRWUhSQ1ZwZlFnTmJPTnlyLVhRQ0ozVEg3c2xESC1uWGprdm42RWw4NjZaSzlvYWxPWjc?oc=5,The Boston Globe,neutral
Phillip Eng,The T,The MBTA has made incredible strides. Did Phillip Eng fix the T? - CBS News,https://news.google.com/rss/articles/CBMiogFBVV95cUxOYVN2UE9QRXo2aWoxX3B0RlpfcEsxRVpETVR0cFNmbk9reVRDU3B4MTktR1c5TWhVZEtBV2t5MGt1MURfRWw1bnJpbEx6ai16OGFpa0hmZ2t0ekljTlpIM0hqalV1T2FpRm0xYjdkcEZWZmVkVkNVOU11NEs4SjZmalplakhDVEwxckE1YkxKR0FzZ0ZMbHI2VWFuTHN2VTlCOEE?oc=5,CBS News,neutral
Phillip Eng,The T,Phil Eng isn’t worried about holding two job titles — but even ‘Train Daddy Eng’ can’t outmatch the winter - The Boston Globe,https://news.google.com/rss/articles/CBMie0FVX3lxTE93Qkc5bUozeGpvc1Z3Y0ZDbFltMDd0b2ZweXFLV3BGQW5jV3pfcF8xcDJPSnkzWjNzbVBKUElqWVVhdEFpVVdELTB2UkU5eGMxWENQS1hDMkZoWkg2NnVubUFfYnBaMkVWNlVXUUVxS3pwMGRpd0dHVE9lMA?oc=5,The Boston Globe,negative
Ryan Coholan,The T,19th-century pieces of wood are forcing a ‘huge’ train shutdown in Boston. MBTA officials explain why - MassLive.com,https://news.google.com/rss/articles/CBMi2wFBVV95cUxOcDhJY3hkcGZqTUh2TkliQWZhUThCc2thNnRtYk5FWHE0RnZKSGFOTU4ydEtkTTdtMkEwWERKME9zeFlzRk1PaWM2YXdFLTI1dFZTUVBGaklxVjEwV19Nc1lxQ1lCN2RzWlRULUc3cHU4dENDbVpDNWJkZkN0NXNCcGQtYmlhYXJDSEY3X1puR3l2N042b0lKa25OaVJ4TWlrcHR4d0pUZHhRMDE2bTladXVsdW1jU1lqV2pEUDB4a2FZNDBHSURPWTlwdkxLOEJCcHpZaUdCVWdTMFXSAe8BQVVfeXFMT3JVR0ItZzVYQ002ZmVXc3RJQXZnZHJEQ3Z4LUhDcGt5Y2lmRUJkc1RRak1ub1pyTzFrNDl6aW5wS0tDS1JSQ2xWU2hBYVpkQWxEVVpQNTkxRTF3dVpXUG43TmFTOUoxNEJ4U1phTGJwWmxuVjlTWDloTFc4MHJkc0QwcEdKWFVkUWo4OWVmTUM3cE56VlNGWnlIdV91cXNTNnc5dnJXT1FLMzNoNUFDOFFZZGlXYThCTU9IMm0tY2VOVnM3ZnRvTXJlQmVDZUs4aHktdUExYUs2Tml3YnBUR2cwZ2pvbDdwakF1ZGdSNVk?oc=5,MassLive.com,neutral
Ryan Coholan,The T,Snowstorm uncovered weaknesses in Red Line and commuter rail. Here’s what caused the delays and cancellations. - The Boston Globe,https://news.google.com/rss/articles/CBMiggFBVV95cUxOb0tadTBDNk9DZU4yM3V6MHpuWnNsZHZPLWlPQzdDUlFfWnRIZlhXV2FMYko0UFk2VHNsQkh5c0tFUk8xaFJSTVNiVGlDLUlVdmc0SERlUElEeU5TWlN2b0VOWk11RXdXWE02T2Rzanp1Zk9JVmZIenpjY3dkaFNqTk9R?oc=5,The Boston Globe,negative
Ryan Coholan,The T,MBTA Loses Revenue as Green Line Riders Skip Fares Following Contactless Payment Launch - Boston's ROCK 92.9,https://news.google.com/rss/articles/CBMiwgFBVV95cUxOYl9kT2F6TmhSYkJPNmFmeFFwWEhYdk5HSjBsdU93dEtiUkFfcUdoRHZtNTAwZFBvMERjN2hpWEk4Z2NUN0YxUDVmeVdaa25BOXZ5aFJrc1dqOUI0U00waHVVZkJocUEydTd3Qnd3M2taaTlKTXBWaV9jZjZRRUs4cURjWkV2STlrWXhLSVhzLUtOY0JxaVlJRFpzaDVpZ3ZJYVZfX1ROeGc5eHR6VERJb0FHS3g3Qk8wNEtXM0d6dGpYZw?oc=5,Boston's ROCK 92.9,negative
Ryan Coholan,The T,Looking back on 2025 at the MBTA - NBC Boston,https://news.google.com/rss/articles/CBMigAFBVV95cUxNdkpEc3BGWTBVdXZRa1k2emZqLVNpV2FSRUN3djlyWENQTmFQekRjQ0JZRjJ4di00aG44VEZFUHplOURwVUhYQV9PUFRmSzJRS1lNZEVzOFpoVk1sYzNnWUZnMmpaTGpsNFhvREFIcUd0bVY1S1dNYm5RalVUS3ZVdtIBiAFBVV95cUxPR2hlNkxnMVpCZXphU2JSN1RuUlNJNDdrS2dlVkZTRGJ5anhrMmgzLUVib25tWno2aGdGb3c4ajZ3SkxBN1MxVXFPZ2l5Z1NXaVVWUlpfN3A3emhuWXpOWDBVZ3NtdXdwa1pPZm1HSjBfNWxTSVIwRTBvTTR4cjdqTXhnbndyRDJ4?oc=5,NBC Boston,neutral
Ryan Coholan,The T,How did the MBTA pull off 40 years of repairs in 14 months? T leaders offer behind-the-scenes look - MassLive.com,https://news.google.com/rss/articles/CBMi2gFBVV95cUxQQlAzSEQ2ajZDMFZGa1NiaW1VdXBGVnAwUU5GeVR2blloTjZIT0NLZndjeTllZ3BlZFdudElyeWdGTENZa2ZEWHhlM0tTdDNsUjFiUWpuQno4RWY0ekpvdm9XV0RSTTJmQVpsaU8wMktrSm1aMjdzams4UFU4OXRGMjhSdHFVengwUF9ZSVFjMGN4cWx0bjFseWFMRTNJT3p2ckhHNUVDaXpmaklOZW41UWJTaDhMZlV4dUpKb3FZYWY0akVwSDdjNVZYaS1IcndDQ3hkLXFaS1lUd9IB7gFBVV95cUxOWlRMTjVnMmFJOHhJM3V1eVhTNHlCbzVqb3NoVVRWN0lkUV9mZ2VIUm8xbHA5dGhtemZjMDNHYU5pQ2ZjVU55Q2ttWnRlMk5uM0hEX1g3eTFkeE5VUmN5LWR2STVtekdvZHV0UUhSZkwzdUtBcHJnOUZTZEpiMkJMTUxwVkhwZ2FTb0s5QmhyV0pfa1N6WmE4QjM5N0pFQS11RzA2SHBJdkZUanB6eUo1T2FVOTROTi0wRUg1SFhUSjktdXNIZGxreGlkSE95RklKRjdBSVpwaFYyTjBQM042NDY0UEVlSkZvNkRTNE1R?oc=5,MassLive.com,neutral
Ryan Coholan,The T,"In these tense times, Gov. Healey’s out-of-office policy deserves a rethink. Here’s why - MassLive.com",https://news.google.com/rss/articles/CBMiyAFBVV95cUxOR1Q2TjNoWHo1SkxWNTc3S3ROLU90X0MydE9iWFpscld6NGRwZzBLRFk3eDQ5QTd6Z2FBTWRoOXc0dC1pZHF1V1NjNGhUbXFBWWRoRGJESFhqN0lBREM3NVllZ2VIaGlYek9WQ19aS05FTXhRbVpxT1hYVTVfYlFrNmI3b3JJQ0YxVTg5eFhGVTVXcGpQV0M5RHFVbzJJNGlfOFVWdVNWVE1DN3N4VkdrNk5Za3RVTTJYMjhHd3NCcTFGU2UxblBwbg?oc=5,MassLive.com,negative
Monica Tibbits-Nutt,Boston T,"MBTA GM Phil Eng takes over MassDOT, lays out vision for new shared role - Boston.com",https://news.google.com/rss/articles/CBMiyAFBVV95cUxNenJveHBRdzI1OVY2SGZDcnNzblpsa3MycHJiMkxhNElnWUVnUUN0VmlaX1dXWVZHOW5DR0Y2NG5Rbzh4Q3VWQm12dUUwaWtFVlc2bkNVdGFiYXNtUUQ5bVotdEs2akI3ZGFLYTdtS3R6OTlIZzdlbm0wa0dGSlpGU21Sb0RDMlMxTTlxc0d2dWh0d19NVWZXaXhrQVN2YjdJbG9nbTFOSjdMR3JOTHZtM3J6TVJrRTEwbldRb2p6OUZ0d3dKT29ZYQ?oc=5,Boston.com,positive
Monica Tibbits-Nutt,Boston T,"Rearranging the Cabinet: Transportation Sec. Monica Tibbits-Nutt Stepping Down, Replaced By MBTA GM Phillip Eng - Streetsblog Massachusetts",https://news.google.com/rss/articles/CBMi4gFBVV95cUxNVXVoUHVYNFJ5TTJUWDRuZGFoNGRWTG13UDBaV0RsV0wta21ndnBFZHp3anpnSmtWTS10Sl84ZG8xYXRjMkNHNWxicGJEUnRpTHF2Q0dFcGlmQnRpMnAtcnVycXhuY3VEa2lkUEw0TEl6cTZxQUY3VWVpUnJneEcxX1hXcEtOWDZkNE5ueG5iMnRTQnlmRTU2YWZ4NnlDZGRpT3Vxcks3emtMSV84enFKbjVxTWZIT3dMYVlJcVZNbGlUdVJTbGNBSmpVbzQ5NjNrZ2ZNdFctSTdrdGRXQW02U1RB?oc=5,Streetsblog Massachusetts,neutral
Monica Tibbits-Nutt,Boston T,Tibbits-Nutt seems more like her old self in Chamber talk - CommonWealth Beacon,https://news.google.com/rss/articles/CBMipwFBVV95cUxOYktMbGhZd3hUNWxmX0MtUEZWNi15SzZYOXZqT0RuamNDdDlTZ0YtVFBRM3RGR1JvODNoeVZzVHhDMTBRNkgtVjBPOHczTVZIbU1DUmluYkRhQXRoS0FVUU9uU2JYalJGZVRvMVlkMVlsekdPRVRCVkJiblp6UWNudXlHdnBDWEpUbVNiVGkzZUpldkhWR3kxNzh5R1pDaHJpWUpYckZSUQ?oc=5,CommonWealth Beacon,positive
Monica Tibbits-Nutt,Boston T,Mass. transportation secretary gives ‘unfiltered’ take on challenges - Rhode Island Current,https://news.google.com/rss/articles/CBMipgFBVV95cUxPZFhSZ0FNZ3N4Q19aU29TcnBpOVljbmt2ZFJOU1RDdnN1cFcwOUhxSmdpU0pZUWJVQ0c2N1Q0MWp0WngzemcwaEp0c2MxcXIyTTNVc180cUppVG5Pc1lxWUdhMFlRYkdjV24zYmxmMFlrMzFGNUJSUDNJNkRlWWotTGpQcVh1VmtEZVBxcXdoNE1GTUZScjRkenBjUVZxTUpsamhsaWF3?oc=5,Rhode Island Current,neutral
Monica Tibbits-Nutt,Boston T,Calls for transportation secretary to resign come after service plaza bid fails - Boston Herald,https://news.google.com/rss/articles/CBMivAFBVV95cUxNdDIzazRGbkFiODNOeC1hMkRJTlZlZEw4SEozNXgtUGRFR3Jqb0pGQzdJMWpoQ3hUeFlsSmJCN3kxUGtqNms0NTRMRWZOTTRKaFJ2RFR4SjJRejVic2hZMGVkaFRjT2Z0T2wyRjRHR2dkVUtsNHBYMHY4dVhUNmJxNGxzTmhnZUpiMnM4OU8zdVRLYkFQTDhJMXUwbDJMcE5qNU1zTFcyVEpkX21oc2ZTX3ViZ2E3dzh4WUV0MQ?oc=5,Boston Herald,negative
Monica Tibbits-Nutt,Boston T,"Healey picks transit veterans Gina Fiandaca, Monica Tibbits-Nutt as transportation secretary, undersecretary - The Boston Globe",https://news.google.com/rss/articles/CBMi4wFBVV95cUxOM1BJb2xiel9tdXYydno4Z2xsczhWdVJYZ01ielR0d01FME1tQ3VfRFpnRXFjQlRfd1BrdXZRbFpwZzVCcXg4QlFFQXVENDBaWV8yNUZlcUhSSDNyS0hTcG9sem44RWtJaE9MMU5VcGgtYTJtMXJIbHZzZ2F3WWFtQXBZcWlwRHNFOU1IVWhJOXBOd3BWRWxrZXdSb01PMFdMMUJRd1gwb1JMMWZlMmEtR3JiODdYSXpUUTBnUmhCaWNRZXRRZk9GM1Bqdl83RDRvX0xhZTJTYlU0NWViUVE1TW9tZw?oc=5,The Boston Globe,neutral
Monica Tibbits-Nutt,Boston T,"Major railroad project won't disrupt commutes, Mass. officials say - NBC Boston",https://news.google.com/rss/articles/CBMirgFBVV95cUxOVVFrQjEzYU5FQmlaTGw1YUFlNTF0QjlWczRuSlpKaE5yMHhFQjF0ZFV3dDNHT2tObVljVUhRRkZIQWszUDNWaHNPOERKX0NjZnNWcXRNcWV4VWRZRlZUN1BON3dUYUI3Y3VnQ25ZdDlFekxUYnhGcVE4SjRyanBFZ1lMTGFKR29veWJSUlVwcTNzQmJsTng5TzIxWkRZa2NwemtGR09vM2UtcmV3YmfSAbYBQVVfeXFMTTIybGR2NEduckloNUZZUFZBUHBzcTlNRnZ6U2JZYU9sNGtza0YzWVRyT05Ec1pGdk44QTh0ejEzTG5ORjMtQ0szN3lxV0hWZnJRZHMyb3kxWjdrQTI2M3RXSDZDVGVubGEzbElwMmQtN1NrWHNodkp5MlFGYWNZRE9WN2xETVhvQ2Y1N0xuSGRGUElJUUllZExVV3JPRGtEdGVCa3RMQ0F0UGMzSUpfemFrUm5ObXc?oc=5,NBC Boston,neutral
Monica Tibbits-Nutt,Boston T,Gina Fiandaca named Gov.-elect Maura Healey's transportation secretary - MassLive.com,https://news.google.com/rss/articles/CBMi4AFBVV95cUxOVWFEQ1h2ZlplU1lzQUdsa1kwc1Q4VUo2b1JYcG4wSmxUb1JTNDRBZlVTSElMVkp4WnRNR2N6S3l6SzZOLXZ0V0k3S0NjWExjUUh4M3FnTlk2LWNGbDAtaDdBa2VEUWV6UWJyUl9fb2VNbEdERTBGSDc3QjdBNjJCeEdoSk9wdzh4TEU2akFFdXZ3c0xXZUZudi1qWlR5UHJwVkJsSm1KTEdnaDdVV254NjhCYUtEMm1jejN2STNUTzVFRTlTSjA1bnBTdncyVW5yS09zelAzNnF2OEtacG1wRg?oc=5,MassLive.com,neutral
Phillip Eng,Boston T,MBTA General Manager apologizes for hair-pulling incident during team dinner - Boston 25 News,https://news.google.com/rss/articles/CBMi1wFBVV95cUxOcVZabmpFX09sQ09MOE1veC1xU0h1bmZxTlZGT0ZNRFpoS1kwbDBqM0tUeG9hZmlmMUhRLXNIa1N4WEpfbWFEYkZUaEQ2MVdfdVdrQjRlYi16UE4zeTFFUEE2ZV9PV0hyVUtyY0I0bjl0bVJvZW9scHBWYkV1M0lrRW5ic2xyYjJpcnczcWp5WHpWWk1wV2tDS1hYNDM3TWNrZzlod202UG0zRUdmdHFteVM4NWcyOVFGRzJHSEl6dXlJa2w0eHNhRkJjNEdhOUU4MHZ1N1RPd9IB6wFBVV95cUxPUFV2c2NOc2M0aFB5cDA5dlRuNm0tZ0ZPN1k4YzkwWGNwdk5QQmZwRGxYa0hSN0RJVDl2TU4yaF9NRHJxV1JYVEttQU1nV05wM0dZUExDZ0JWVV9BRnEzRXdxQzBfZk5OVUNPb1NpYzRySjVvRjdSdnVPZm9xZkJuNm16WEdnS2s5V3FmSUt5YmozYjhMd3FxcW1pOE5OcWdqc0RDRk40bmFVVDlTVlU0LVZ6TkdOc2xILVF4YXJmX2NuUU5kRGQ2S2hLSWE1NXRxUTlFU1J6akEzbHd1ZUU3WlktMUdaVTN1TTdz?oc=5,Boston 25 News,positive
Phillip Eng,Boston T,Event Recap: How Transit Enriches a City with Phil Eng - Boston University,https://news.google.com/rss/articles/CBMikgFBVV95cUxQZlNRRkdiOHBTdEYzbU1aZnA1clR6Ulg5M21yN2FPQlUyTkxVS2I0NzFDTGg2aUI0bzBtS0xMelpRR1E4YTVpNDBRenlnaEtMY1VINzlsSDdEWkoteFVZR1liRzc2S0lQZkhUc2RBYUZLbUhRTHRtU0hKZ1lmXzUzazdrTTdpZ092TnZzRHNLZWpsQQ?oc=5,Boston University,neutral
Randy Clarke,Washington Metropolitan Area Transit Authority,The Transit Chief Who Made Metro Popular Again - Governing,https://news.google.com/rss/articles/CBMiiAFBVV95cUxPb3BpRWNTOWw2RVpIeHNVY19iSlpnalR6OFNjRDVkeUM0MWNGcVlHZDd5S3E4eDlPb18yVEh2NjJWcENocGRITjZGODRSb29RM0w0NkNkMVBfWDhVR29BQ3VYWjZrLWVyaXFPekw2eUdXOW42NTFOX1V4UFVoZ2g4bEthSUJHekht?oc=5,Governing,positive
Randy Clarke,Washington Metropolitan Area Transit Authority,Transportation 2026: RANDY CLARKE - Virginia Business,https://news.google.com/rss/articles/CBMib0FVX3lxTE1tN2tsZHJnNXg4U1JNTFVHRHJmV29fVzN1UG1oZ01SVnpIUVJES252VWdPeXpiZ3ZjajFoV3d4YWJ0cjBGWUdUY0I0Z0NzNUhwWlpORHlhQy1NVXdOUG9wbk9fdmJTY3BGOVlJR3B2cw?oc=5,Virginia Business,neutral
Randy Clarke,Washington Metropolitan Area Transit Authority,"Rep. Larsen Joins APTA, WMATA Officials for Red Line Construction Tour - aptapassengertransport.com",https://news.google.com/rss/articles/CBMiogFBVV95cUxOZ0lqTlRJTTVXNm5HZlk4ODZUaTZpWXZBNnRKWDVna0hwOXVEWDBvUUVEUWRsMXY4MlFmLWE5LVd4OTFNVVppR0xVYzBTUjJ2dWx5QXoxMkJpSG9LTFhpX1Z0MVVpNjA3VGhvNTRJMkhmYmxEdlJrd2c2Q0w5REFlR2J4SENnbGpBdmhzNVJXMmpIWmMtZmVPaEVVQkYzWnpRVXc?oc=5,aptapassengertransport.com,neutral
Randy Clarke,Washington Metropolitan Area Transit Authority,S2 Meets With WMATA GM Randy Clarke (001) - Homeland Security (.gov),https://news.google.com/rss/articles/CBMiYEFVX3lxTFBGUVFBSDdfOXllMkVLZ1pCWnZmbVhCd0UzNmttY2M1R05YRGxfSWs3VW5scW5GY1NJUC1iSXlIT3FQMWdnY05NbS1nRV9kZTJydGJaVlR6MUVEdDN4MzRXUQ?oc=5,Homeland Security (.gov),positive
Randy Clarke,Washington Metropolitan Area Transit Authority,WMATA’s Randy Clarke Is Passionate About Subways—He Met His Wife on One - Washingtonian,https://news.google.com/rss/articles/CBMirAFBVV95cUxNZTZOZlluM1BreWZmYmhfbFB3T09oRVhPTVJsenVzRmtBRUtPQW1MMlB0OFlCRllTM1hkZUNpX1hUeFlHWjhtTUs1aVc5U1lmNTN6YUNiMk11VXJSUzR1MzVhWW9LR1g4U3AwVGFfa0s0cjJBbkJSUDVFdVIzWWJoRS04bHJWZmtQeXpMZFJ3VXRWZGpUeTk2ZFJGdnhFX1ZjV2t3bGpHXy03SEp3?oc=5,Washingtonian,positive
Randy Clarke,Washington Metropolitan Area Transit Authority,Metro touts drop in crime across system - NBC4 Washington,https://news.google.com/rss/articles/CBMirgFBVV95cUxNZlFoeUtyX0p6b0RscmpvLUJ0blc0OWgwOVU5X2FsaVgwOWhKZC1MSFByZ0VJdUdhUWstd2RnT3ZSM3BtOTNDaV80VFF5aW9hMC10anl0ejU0cnRZTjUwUnhTQ2tkMjBRTnhRSUJiY01TM21yZVNGbGRveUJObEJrRE5pQjBUN3hDTnJJeU5TSWFZM2FXRXZzVmRNdTltWkNmQkpwbVNLQXU3MC1ocHfSAbYBQVVfeXFMT1R1YWRRRUliVXRObS1aenByeFFKTy10dkNXWFZ4RkMxWlhibjYxUkZ0UUlaSzFodTFJbkdNcDBJaW1WbmtEaDhWQjFiZTdxRUExSEZHaDUwWlVDaWlJTkVwUzN5ZG5ETWkxd3FFTjJlS1NteVhYNlpKemgxTTN3UU5IYjVmVElaUWhjbGJ2b1FGUXViVmxaX2dyS1hwdHBBdmV1blZiQUk4V1lHZjA3dVROYU5HaHc?oc=5,NBC4 Washington,negative
Randy Clarke,Washington Metropolitan Area Transit Authority,Why is PETA suing DC Metro General Manager Randy Clarke? - WUSA9,https://news.google.com/rss/articles/CBMiyAFBVV95cUxORFl2UW8xT0xBaGs2ZlNlNE13Z3hqRmdtZzdFdFhOeXhZREN1dkh0WlRCZE9yczUzNm1nRTVYTXJMTGh3SmRwNmd5blBNRF80VnZqOFh0aDdwbVpjYUk3cnBJcVo0UE5UTHNGRHI1ZXdwdUZ3blZScFBZZTZmQ2hoSWkwMWh0S004ZXdxdXJBQlZwY0U2eTIwR002RkVucjZ0WkFnZ3hpUWZFaFNRYUs5QW9yZ2toNFUwNk5TQUNaODRhcFN5X182cw?oc=5,WUSA9,negative
Randy Clarke,Washington Metropolitan Area Transit Authority,Metro on track for upgrades near new RFK campus to avoid 2-hour nightmare after games - wjla.com,https://news.google.com/rss/articles/CBMiugJBVV95cUxORWdqdHVueW91WldQQ1k1QklHNUxTcFVRa3pvVWJqMFM2NHdfandlTTBkYndYUUFKa2s3YlVpSFlHSndRNTVCdXJpeURZcVBaSE1vand6dUtSQl9KNG1pWWhxRThHQ3ZtYnJiVHZaRlN1THExWkZWQzFxWEhDZDBvemJoR0txOTZGeEY3ZUFXaXdGN3hzNi1vdFJ2QlAtZ0NpVDRpS3VDblIyUTRkSkctSHFQY2lvTXpMdGFiZEtmcFJFUmtrTHBtenNpdDB3TEVlUXFTVzdxY2JTN0U0YkRRbUNJU0RtQ1Nnd1RNemJQdUxCUW4tem5sQkdZZzFWTi0xODRMOVFUeTlLQWU0TFd6NzNyQ2UwUjN3V3ZnY1dvNjhOTU5FaWZyRzNhWVh1dng4WkJFa1NMVWNJZw?oc=5,wjla.com,negative
Randy Clarke,Washington Metropolitan Area Transit Authority,How Metro got its groove back - The 51st,https://news.google.com/rss/articles/CBMiWEFVX3lxTE96ak8zaWk5enRFOUtCRHVCb3EwekhPZGxvOUVIWVg3NG1TVEZGUjhwNkhkNVFsbElnOGY5SVFZVUlQbFpYejhEN1d6RW84MWw1eG05T2Z4Xy0?oc=5,The 51st,neutral
Randy Clarke,Washington Metropolitan Area Transit Authority,Can D.C.’s transit celebrity make your commute more enjoyable? - The Washington Post,https://news.google.com/rss/articles/CBMie0FVX3lxTE9uUmZ1UTlWM3NSMndsVVpYbWVUWlNiT2xjdEpvS2xaN3huNmVlZzZwSzBJQkFLbGdNbGRhQTlYR0c0OGdSYVhfdWFyUzUzSEJUXzRSWXk1TGxaS1FzQ3pLb2RCMENoV04yRDM3LS1aMmliNF9KQW9qREhKdw?oc=5,The Washington Post,positive
Randy Clarke,Washington Metropolitan Area Transit Authority,Metro and IndyCar team up for a busy weekend of Freedom 250 Grand Prix events - wtop.com,https://news.google.com/rss/articles/CBMiqgFBVV95cUxPZHJ1cXRGN0F6cjhoSURZV0dfUllVOVFnNUZWWXF0Tmpyc1o0TXhvRHJhTnNxLXdPemlVTTB3UnhkbTA5NUFWYmlDRndJTnRNbGRWZUVORzBCVl83V0g1QnlZRUNxUEpDZlNYN2N6NU5PbGZJWHgtZERlM2RrcFFPZmRUbk1pWHlDQVJGakYzNVNoVUh6N2xzQ2hhMVhPcU1CTWtseC1lX0xDUQ?oc=5,wtop.com,positive
Randy Clarke,Washington Metropolitan Area Transit Authority,"Union Condemns WMATA GM Randy Clarke For Reversing Longstanding Bus Operator Policy, Increasing Assault Risk - The BayNet",https://news.google.com/rss/articles/CBMiygFBVV95cUxNalFkNTZmOHJtdE1pZFE5cXEwMXdwVjRfTUVoeGtQbHRtd3lGTFl6QXIxZGZIaTBad1dlcEY2UUM3YlFsdFdIQU9BNjhNbTZwQ2dYVjlTdndCZjY4bjliTUxMNHhEUUVFYk1sNjA5QWZPTUNSNnNOcThvMF9qX0dDUVAyY3ZUdmJSZGZOYUJQRnQ5M0N6Wnd4enJsMkp2VFN4X3d3b3YzeHFUQlhHeVUwcEFPaTFJR0wzNktWVnNqNjJSUHNhd1YzbHR3?oc=5,The BayNet,negative
Randy Clarke,Washington Metropolitan Area Transit Authority,"Metro CEO knocks N. Va. leaders for inconsistency in bus fares, enforcement - ARLnow",https://news.google.com/rss/articles/CBMiqwFBVV95cUxOMUlpd0RkeEtoSHZnNVJRZ1E4Y2VCMXlMUnBVUEdlMnRodjRUWFcxSXFMMkhwQVdzQWFqbTk3UktJdGlUVm5aQVpKS2ZoQmZJN2dUcXh5TXY0R0FHaXNfNzBFNzRQNnJ1QlFIY3B1Vjdqd3pMWVdkRHplb2FGazUzX0xWUllHMFJhd3NxV1dpc0x0OWNQWUViUXJpNnF4QTAwcEwybGxUelpqV00?oc=5,ARLnow,neutral
Randy Clarke,Washington Metropolitan Area Transit Authority,DC Metro CEO fires back at critics hammering him for picture with National Guard troops - 930 WFMD Free Talk,https://news.google.com/rss/articles/CBMivAFBVV95cUxQb1RaM2xOMzNWanczX216MzUwQzhsYlN6M2N0UVZMZlhXUFZKeUo5Qnc5NEJXeERoRUNpYm9BbnA1MmowYjkzQVBtRVdQRFU1bkR4dlVDMjZadjVQV3hoaDdNZTdaZjBudHJWOXFfQnItUDBCMVVwdlZOcC0yQndTeTVRVnptQkRFQmN3OFljNW4zTmdad0xNbmV3Q0dWU1ZUbXpWV21WZHUwZnJqdndjbWhETXRNcXdjakZNNw?oc=5,930 WFMD Free Talk,positive
Randy Clarke,Washington Metropolitan Area Transit Authority,Metro cracking down on fare evasion after 70% of bus riders skip payment - wjla.com,https://news.google.com/rss/articles/CBMiuAJBVV95cUxOWXRmd1FCNEI2UDRkZDJTWkRvbjZweWYtU2pNUFAydkdtVmNXb1ljbmxHZ1p4WUg1OElUTy01QTNKRHhNbWw1VVM5QTVvYlY2UlRrSHFpdF9GdVdVdGxpOHZGd19IUkl3RHFMdmphdUU1N0J5MXNiUTB3S2pvVEhDWUVrbGQ2SG9BVy11TXhRSDcwdVNnYUFlbnNLWHVXVHFETjRReWFNelotTVBrUncweDBrNm5HejBkZy1pUHVVeGw2aVhSOGtoX3N3TFhZSGVEcW82aTBkZHNXTWItamxNWUVMVHNiVzNMR3NNWXFvOFZpLS1WZFFkSFIyZ0NPRHdhX1l2YkYxcXo1VUYtdS1hdURoclpCdXNFT0drQnloSk5UWmNlNmRESkdFOW9sR25CaDdNU1QwZlE?oc=5,wjla.com,neutral
Randy Clarke,Washington Metropolitan Area Transit Authority,Metro celebrates 50 years since first ride - wtop.com,https://news.google.com/rss/articles/CBMiiwFBVV95cUxPSzUtV3BIQ2JBWTlYejEyTDUzN1VsM1V2TnZibWY2YjVycnI0WmhnTjRuZ0NfbGIzRTFVSEdiYVZTaGNiR0plUEdSRGN0VWRQemsyckpVemRrYjJHLWtWOTJ0T0ZyUi0wdmVMZmp1SlpFUXlvRjNFWkI4Z0JmMi1WeGtRTnFqYW81d3pF?oc=5,wtop.com,positive
Randy Clarke,Washington Metropolitan Area Transit Authority,"Metro reveals what caused Red Line meltdown, and the $1.6 billion fix that's still not funded - WUSA9",https://news.google.com/rss/articles/CBMi1gFBVV95cUxNVnNOS08tWklIRWhHNVZGZ0FLRUtsTmx2anhVZmlGSlMwMUYzVXM1cjFNOTJ0MWlSeWlWZk9iclFNR3k1cVZ5Wlg1VTVZM1BpVXhkUUNQeV9NYlRsdE1wQmxWMnlKczZyU2tsS3BHcTNoejZ3eEY0WmgyTWt0QjVmUGNvM1I4LU5Ka0x1TnY5QVlEUFRKcGsxa1JNaG9mNDJGNEc4ZTc1MEhDLXF4NDNORXJiWUMxMEpfWWc2elcxeExyVnNWWkpFSzZaMGJybzFHT25La3JR?oc=5,WUSA9,neutral
Randy Clarke,Washington Metropolitan Area Transit Authority,Nearly 400 citations issued under Metro's new bus fare evasion crackdown - wjla.com,https://news.google.com/rss/articles/CBMihgJBVV95cUxQQXNwU2o1amhNZE56bmN5Z2lkYXd6UmpFWnoxbm5kT1B6MzhoMVdjWHlrVlp6V2lENjNfRUhHYUFSYl9qRGZJZnRZZEJma3QtV29abkY2ck83ZDVDRGwxVHk3anhIS1BzbGlOX0ppQ181RWNYT1NtRVdFVjcwNnd1VlJqbENtY0MtbFBFczFZQWIyYkRhVXVqRjdScU9Nd3lwVHg3Z2g4SWQwLW52U0RkWmU0aG9kZnRiczZSVHdUb2ZhUDZ4dWh3WFM3akk2Yko0bHg3WEJZbFJ1bEUydGVaWEdYdDN1czVXekt5a0gtc2k2SmNqbkVnUk42S1hVcGNqWnhZTy13?oc=5,wjla.com,neutral
Randy Clarke,Washington Metropolitan Area Transit Authority,Why did PETA file a federal lawsuit against Washington DC's WMATA? - usatoday.com,https://news.google.com/rss/articles/CBMiwwFBVV95cUxPSk1fUlR2SGtPTlEwS0k2MmtDR1cyNDItY0dwZFZqQ2lDVUx1ejJOYW1vbi1GOXlpTVEwbDJjQVlKTTVQZkZ5ZTBoVkEwRDFCZDd4TXJiNC1fcFJ1RkEyd3g0NWs2YldiblU0TTRYSGpHWXJpdlVRMGU1ckRDeFNxMzBWOTZyT0lia1h5T0dtYVhvY3R0bnY3RmYzcldLdVJoeFdubjZXLXE2ckt6UEdKS21aNmZRN3FJZEFKZEpoNlBJS00?oc=5,usatoday.com,negative
Randy Clarke,Washington Metropolitan Area Transit Authority,"'July 4th is our Super Bowl:' Metro outlines holiday transportation, safety plans - wjla.com",https://news.google.com/rss/articles/CBMifEFVX3lxTE1XTFlmazJ2Z1JYMjNrdFM5Zkl5Ri1RRVc5blR2SG1NVkhFVWpRRjFsd3pPYUNyNWIxbDdNTFlFYnVKNS02LXhzeVRzdEVpN3ZPck0wOENHRG14X0dzOE1UcjhPN1lhaUY3UXhmSjJQLXRzbTZOMS1FMjBtWWQ?oc=5,wjla.com,positive
Randy Clarke,Washington Metropolitan Area Transit Authority,WMATA Proposes Revised FY2027 Budget as System Marks 50 Years of Service - Metro Magazine,https://news.google.com/rss/articles/CBMirAFBVV95cUxPTHlJazhuenZ6czNRTTE5WUdVd3M1Y05nREV3S2hrOXFWdVp0eTlraldhcExqXzJVU2ZZTG5Rck5sMGl6dTR2RHRRZWgyc0drYkViMzNoTUxxZXJLWVllT0g3UVRGaGExZzJtMzA0dlhsYUZVYzdQS1hnakJOUnRsOFNsQlFMemttZ2stX3hSb0lHU2Z2RjJRalE0cHY0cVVYRjd2dDhUc01ybUNO?oc=5,Metro Magazine,neutral
Randy Clarke,Washington Metropolitan Area Transit Authority,WMATA GM Randy Clarke walks in DC Pride Parade - WUSA9,https://news.google.com/rss/articles/CBMizgFBVV95cUxQSjR1SEhTS3FJbjIzR0RCX0dDYVh2MXdFd1RXdnpXanlDWWlXTjFiY2ZSN0Z2Z2lnYlZ4bUhNWTFIYkEyREJWMkQyV0NTNHpqcFZ1UzY1Y3lnU1ZUYjZ4MTUtMnprbTd0UUI4NFlQQklFbTI5WWtGa1ZzYnIydkNrTzRzb0QxcFFKN1JiUnBYeEtlMEZCdTBUM3dHQ0RHX0ViUTlQVHdiQWo4aXNvNU5MckNEaUVSQ2VfV01JUlk4OTgwbmNRMkxNLU5lX3VTQQ?oc=5,WUSA9,positive
Randy Clarke,Washington Metropolitan Area Transit Authority,"More frequent rail service, bus improvements, flat fares all part of Metro GM’s budget proposal - wtop.com",https://news.google.com/rss/articles/CBMizgFBVV95cUxQZ3ZKRDIxZDZWTzN6dWYySEViT3JCRFhhLWZnOGxxbjgwNVBCT1RLU0pGUmVPTXJHOHR0cTdjVzBOOEFEVHlhMHB0TDFXdGJlRm5kalNhSTJvc3A4eEVaaDhKZkZ2Qk9LMXNpYjFOZURfYXZ0dUd0a3ZNYVdWVC11ZkZIWWpKTGsyWVN4bWtCbVBoTU5LWExCNFloSXZJNFlJUEdhNGFpM205Vy1QeXBQenpmZkt2b082Zk96YVZyV1RPSGt4V09Jb2dKTmdPdw?oc=5,wtop.com,positive
Randy Clarke,Washington Metropolitan Area Transit Authority,Animal rights nonprofit group PETA sues DC Metro over refusal to run ads - Washington Examiner,https://news.google.com/rss/articles/CBMiogFBVV95cUxQRUU0TW5PWXQ4S01PSTdNWGJRWjlOSzRKaXRqdkRnMzZ6X3hMN3Q2QWZhVDBTbzhGQUxvUG9qczNnT3BnTnRpSEhHVDBYLVdwT051MzcxVzBMbDlXSktEeFdhTS10dnVnUG1kR19nYk9sdTk2bkhrbkhIYTNLNWxSXzZ4aVFOUW90QVhWdEJlakk4M3B2bEtKT05YUmVaMXkzSEE?oc=5,Washington Examiner,neutral
Randy Clarke,Washington Metropolitan Area Transit Authority,‘Metro is always going to be cheaper than driving a car': GM eyes ridership uptick - NBC4 Washington,https://news.google.com/rss/articles/CBMi3AFBVV95cUxQX2lfanU2Q1R3RUJlemhkcHRseGxUTW91UVdnd2Ftb21sUkxwQ2RLS2J6WW11S0pGZkpyUm1Vdlg2SGNlWWszdl9kR2lzUF9jRkJLbE1HVTJJTVhmdmdvUTh4VENjQlNlMTMyTEVHMEs1WXgzd3haOFAtSnk0MFM4WTU4b21VZWZCZG5oUlpURUVOYjBRbkVxcnZfallkMXE2cWVrbWhUVGVkdmMzNVZvdnducTB6dDF3V2JTWFFibVU3aHJ4OUxBVjRiUFpOUEpXX3ZQUWlwZDNNRi1z0gHkAUFVX3lxTE56Wnk1cE5KdXlOUV9zaU1yc2hIYWItei0xanNWTDVLVklZUFpSTUR6cEFwRFUzajFhXzROT3NzbVEzTFJROGRLaUFXYk5EeHNLN3BSRXNDa0QzbU5xT256Q3prNW13TExqdThrcVEzN3o0eVdjdUR0SkVOd25PUm1sdVplQW5NQjlOMTVFMHB4Z1VRdmdmZThQRzRkdFBkVTFEWUI1MFhxNmc0cFFXUV9Jai15bnNPNS1TSndMbDFIS0ZFLVZHcXVUMnJIbXZwYVpxOHU0MFhIOThzczkzU25NNGJxVw?oc=5,NBC4 Washington,neutral
Randy Clarke,DC Metro,"Scoop: No, Randy Clarke will not run for D.C. mayor - Axios",https://news.google.com/rss/articles/CBMif0FVX3lxTE9hUkx0QXhJNktSX2MyQ29kSjJEdnFRMHRjbG1YSUZlY1pOSjNyYUpiQlJNUGhDT1puWkwzaVF4TEplX001Y05SRl8yaWRVOEJXcFVDMTdNODJPeUlsX0dBV1Fjd3ZibW1UX1VoQURzZlE0d043d1c4OTlQcC1qZjg?oc=5,Axios,neutral
Randy Clarke,DC Metro,"‘Please do not engage:’ Randy Clarke’s X account was hacked, Metro says - DC News Now",https://news.google.com/rss/articles/CBMiwAFBVV95cUxNLUFva3BRblVIcnJnakpUMHJEdF9kQmNyd0o4RHRxa1I5N1pqQ1duWmRHWGNqSUlZMnB5WWJOSlFablhqbV9rZW5oVEVZNGxwdm1yTHZ1dW9HRHlQUWwxU0Z2M2w5bG05V2NOMWZRS18wdnRDbUpuS3lJY3RQd1BfQlQ5T2kxdm9EN0ttMWs0MW9mdXNwbHg3UHI1TE02Uy0zWjJxZFVITHEyNWZIUENMS3E0ckkzbjlsVWpqTHVMNU_SAcYBQVVfeXFMTTFPeGZaa2tKaW5LWFhkU2ZUX1oxRHpLVXJkVnFVQkhZRG51UmNycWJOVGs3ZU14YXBCeFNIRU1tXzdvVU1LVEQyZ1JGZHVKclVDZXhBTEtBNnRWbndzV0VmS05JS0lkWFlGMzlYYlhiTW05Nkx1eHY3R0dmUEdXMENkVl9xV2dqOXRKZ2hBUHY4RmVMeU5NYjduSEZPSW5HMHZYYnVjQktnVGZXM0dVWFZLRUdLakFGZlJJaDYwYU5UUFZ5ZElR?oc=5,DC News Now,negative
Randy Clarke,DC Metro,"Metro GM on possible new ‘Gold Line,’ Stadium-Armory improvements, bus fares - wtop.com",https://news.google.com/rss/articles/CBMiswFBVV95cUxNY2Mxc2JJQWxoTUtYY3lXSjVMMlZ3QW0yUVFYZ200LVVzUDdRUklidW51MHlTRUJfQXlHRG9Jc1VJOGV5NGRDRlFOYWs4a1Z5cFZsTTc5SXdvXzBsbnNzSGJPR2t4eV9xNjBuVkNwRWFoM3lCUmtXdWk5ajVHSXZYRkZqN3VaaC0wZDJHN0syb0w1M2hRbkt3WlVybklVM0oyTHpKUWhKOEtIeWFGQzNVSTN3WQ?oc=5,wtop.com,positive
Randy Clarke,DC Metro,"‘Step Back, Doors Closing’: A Renewed Metro at 50 - The Georgetowner",https://news.google.com/rss/articles/CBMilgFBVV95cUxPRC10Q294Y3ppQUNBckx0UjlUMDBIVkM3amV6b0VaS3JFZDBGSGN3cUJHYWUxWjBVRi10TXhvZmxwdXE2RFZuRU5GeTRudENpTHFLb0NuRTg0NzF5bUtVRTFkZHpFT205VUhwWWlhdThOSGFWU0xnZmNFS1RCZi1WX2ZQeUloejdUNnRfTVNkTWc4ZTJiZUE?oc=5,The Georgetowner,neutral
Randy Clarke,DC Metro,‘Really bad situation:' Metro GM says Red Line issues point to need for upgrades - NBC4 Washington,https://news.google.com/rss/articles/CBMiywFBVV95cUxQOU4tMWMzSDhJTXptX3NjN3pMZFo3QzNUUnJmd3ZaM2VUblhkR2ZhS0ExQ09qeTVVX041LWN6RUFzbHY1Vm9PU2NfNENpaFJDSEdkUEFzajlhVk1lSTBaZTdtd1NjNGJwX1B3cFpWVFp1ejh3UW5tLWt4cXNwZmNqX0ZFeFZJRDdCTUpsUTdDZnlNS0FDUW53R1NwVkRPS2ZOel9WRmtINVd2Yk5hMWdzMUJkSzhxaDhCUTBMYnBQaEJDV2hxNFluQ0ZwMNIB0wFBVV95cUxOSHRqRkJZMGlQNFJNMG43Q2E0cGtZckdlWHUtM1VPeHhzSnJjUEc0NjI0Q3NNZ1F4YzNMeUZnZ1VXQVU2Q29nZ3FZNHN4RmZMc19MZmwtS3JpTGtVV2NkRkVNUFBrSHhQcEJKTnhDM2Y2Rk02dEdQa3YtQWlPNXhiTHVLM0dNUE4xbjNWR0l2NGR6ZW13VzlDQ25IY0xTcWVpeDJoZW5JUXNxSE9kYUJKcGFWN0Y4aVVlZWxvdFkxU0xvTk9KSUN3WFN0b3ZIR3lUUk93?oc=5,NBC4 Washington,negative
Randy Clarke,DC Metro,Metro wants to expand Stadium-Armory station to handle Commanders crowds - Axios,https://news.google.com/rss/articles/CBMinAFBVV95cUxOTXRhUTNEMVJiRmdFaC13dllRY3JrWXlpUGVpb2RabmhEV1plSVJHbUVTVDNMOThoTFRxanhST19MVFRjRG9oUmtxY21VeFJ3SkttLTdXYmNUUUlZS3NBUGxaTml6N0VRNGVwYlJTUnNQeGEyeTNhODRWZFk2alZFemsxSnN4QUhmYUhxWGhycDMwcHNySnFKVUN1aFQ?oc=5,Axios,positive
Randy Clarke,DC Metro,WMATA CEO Randy Clarke gives a Metro operations update during winter storm - WUSA9,https://news.google.com/rss/articles/CBMi9wFBVV95cUxPWlM1a1daTzN5SmpWX3hIVEtTcWZJNmRTOVo1eUcwR2dFek1FQ3hEVmlJN2tCV1VUUHdpdHI0dmhQeFB1ZlVRdkZLOVNiSDVHR0lxVk9iRDRGNDJYUE9OTXo3djljRW1zeW1Xd1R6MkFxTlA1Vmp4dXdzQmZILWhidVBrbHRDVGVBTXcyMldCUkJLNHdzZG44dy0zUHBKeDVfZm5weGF4NDAxUzNjT01GV3VtWUNUM3JXVGhUNDBJQVpLaFFtZmREUWhNSjJrMllPRGJZeVp5amh0R3Z4ME9EM0xhSGlKVVVqWHpBSkM0eGd0WWNINVNj?oc=5,WUSA9,neutral
Randy Clarke,DC Metro,"With all hands on deck, Metro hopes to make the busy holiday weekend a safe one - wtop.com",https://news.google.com/rss/articles/CBMiqwFBVV95cUxNaXcwSUF2dDhmN1QzbUlhNmtQTlRDdmEwWXpobXdkTnRIVFRxeHl2RnZ5LWd1RGdTQ1F0ZGVYbzV6TWtibHp1VEIzbXhDUlFJdnloRGFMRE9KaDk0UV9pVGkwdGhIMmp1UUpmU1d2dEZqZVc3Q1lKSHItUXRRSWpVdmxWdTEzN2tndDg3NFZwU2J0VVFkSkxDd0ZXSGpHQUV5MjA5OUk5MllwOEk?oc=5,wtop.com,positive
Randy Clarke,DC Metro,Take a ride on the 'Gold Line?' Metro leaders discuss new RFK transit proposals - wjla.com,https://news.google.com/rss/articles/CBMi_wFBVV95cUxQcl90SlBjUlpHWHU2cDVQeWJ4UjVTLWxiQktoMVd1MHRobXVCLTd6Vng2NUlubE9EblFGMXVpRmJ0el9Xc25ON2FxSDF5ZE5PYU41Ukl4bnBfZXFVS0JWT0hROTlKYkFSU0lldkxRQ3JRN244dzZ1VXc2UWROeWluSTNWZFdNTjZnRm1OeEh5UkZ3MVpGVTh1OF9GMkwyMzBZUEJVTEFMVGN1NW1kb1BhYTlHbE9FTHR6Tk9adW5KUDRibUtQNm9HOU5SaWdsY2RQQkxZc1BFcjBaNnl5TEtZSVR4TjRrelBycDdGRmdOek5uZnMyYXMyYmdZbEtkNVk?oc=5,wjla.com,neutral
Randy Clarke,DC Metro,50 Years of DC’s Iconic Metro - Washingtonian,https://news.google.com/rss/articles/CBMic0FVX3lxTFBJZTdleXhOVUNuTlU4Vy00OGdRVW83NThLWHZDeG40Z25RZ1ByblFRaTRuNjJyaEhyRjZmOWtPVThKNGZ6dWNLeF9tb3RYby0zcUd6enh2YkRwQzhHRi1NRjU4U3p2UU16ZENKdG9WU2lKdXc?oc=5,Washingtonian,neutral
Randy Clarke,Metrorail,NTSB investigating after DC Metrorail collision injuries 11 - trains.com,https://news.google.com/rss/articles/CBMisAFBVV95cUxOSHFuNU93YnlyRjNNNmxHZUZsY3JqUC04RFVnSjFEQkdsZjFmbGNpQWVjdXNsQ1gySjBSSlJYbk5ZUWlJZWFwSENieVRZb1RLd2RybE5YTXU4WTYtOWFrWVFoMkRWWmR2Wm12ZHNZRVhSd3dDMVA4Q3dzY0JGTjhHbmwwZjFkUjQ3a1I3M001U0VTWWJfUGVVZ3lVTFZEUzh2RjlraWk1d3FKZ29nMlc4Ug?oc=5,trains.com,negative
Randy Clarke,Metrorail,"Leaders say major Metrorail, bus service upgrades needed to support stadium project at RFK - DC News Now",https://news.google.com/rss/articles/CBMi3wFBVV95cUxNdnBRSHhaV1d3SDA5ck9QcThRY3RzYmhyWjl2c3YybU1zd2h0NHgxTkFzRWpVeG5RWWRvZG9oeG5XSmNpVkpnaDJwM0Exa0ZaaG9OaFhzMk42cXR0Z2pIM28zM1JyWUdhaE4yMkJwQk1YQ0x1NFZXUjB3azZIN3l5UEdyckhNWmZ2RklweGh2VWVsREhuUWFkYTlRVVpNaEdkYmFFbmY2OUxUczhweEpwLXl3YUJyWXpFbXRMYldja3BveUd2bnNxX01QWVpZdHRsb2Rvcy1kN2VlQVJ4QnBv0gHkAUFVX3lxTFBUOExOSWNQUzhoRkZUdXZUbmk1eGlSd2Q0MnIzVUp1dVpiR29wd1hBREhMbGozV0ZBa085RHh2aDk0V251eEwxWTA0WVU4NGNFSVdEQ1FRVFJGb0hLQTc4QVlJWTFsOS1mazRXejQ4SDdhYUdtR1BrNmdGSzNFMVR3Qk1WQzcwYlprVDZ0QU5TUF91bFR6cVV1U2VmbG5SUmR0djZkRWEwbFR2ajZyWGQzRXFZNjZxcUowNnJaTl9zT3I5QnpUSFlhVFFMT3pfYUwyaXlOTktjRXV4Njg2UHhQeWdTag?oc=5,DC News Now,positive
Randy Clarke,Metrorail,You can now pay for D.C. Metro buses with a credit card - The Washington Post,https://news.google.com/rss/articles/CBMikAFBVV95cUxOUlg0d2RsUG54eDhPRHVGS2dSRVBYNzhtbHUtMzJtN1c4UW41RFJtaXRQUFZFeHFlb3FTTFl0d21Nd1hXSzlHNEdlOE8xSnp0cmxJQnA3RWVSYmNaZG5LUm5xbEpRYXpYSFhEVnkxVkJHTHNNaVBrMV9HNElOYXl6WnFwak5MV1FQUTlybFpLVFg?oc=5,The Washington Post,positive
Randy Clarke,Metrorail,Metrorail running so frequently now that Randy Clarke can’t ride literally every train - Greater Greater Washington,https://news.google.com/rss/articles/CBMitgFBVV95cUxON2E0UDdWUDRkSjFTdjZrN0kwNHlTOW82N2xCWVU5d2N5eVhEaXFJNzRnTkZTZzVWRDJLVk5PeDFVM3E2V0lFTklTRXFQTTVaY0U4cFVGYlY1QzJoSC1rdTQ1ckdoUmNkbXEtRC0wQWQtOFNnZVhKSVZIVXM2VmhBSWNVUmV4TFM1eW1JQ0Y4cTZoOXQxaGVzdk16aTljVFRIaU8zWGZaQVotaVMtVUdmX3hkVUw4d9IBSEFVX3lxTE8xVjJST0VwOEFNNlZONVM5SkxDRWdDUDA0YjQ1T2VuSmFlclk1Ykh6a2RrM3IyQlh1Y3paZXNTWVNvbTVLUGFOLQ?oc=5,Greater Greater Washington,positive
Randy Clarke,Metrorail,"Metro Budget Proposal: Low-Income Fare Program, Eliminating Peak Fares And Increasing Service - DCist",https://news.google.com/rss/articles/CBMiZkFVX3lxTE16NV90Q1ZyTk5HSVZVenNrWWlQd3F3QXNKRUNZdWgwRE91VkFDbGFUZWM5TTktVkRHdjl0aTUzYXdlN3pLNlJhbkdCLTBOc0Q1RFpzUllueWxPU3B5VUxKVWE3RWg2Zw?oc=5,DCist,neutral
Randy Clarke,Metrorail,"Metro proposes heavy discount for SNAP recipients, changes to Green, Yellow lines - WUSA9",https://news.google.com/rss/articles/CBMiiAJBVV95cUxQZ0E3eHpGOFgyNU9MRmFJMU5nendmYWxWdmJ1bWxPbmRiSzhNVWhwTEw4TXI4NHp4b1lvSjhxZVJTZkxDMVlfUkd4ZDh3ZG44a0R4WjVpbjlJYm9QaDNGSkc4Z1dEN0lMc1Byd21pZFoweGtCYWlMZnpjT2stckFlb3BzaWhDUkl3SG1GeFgtb2c3TjYxckh6c0YxWWFldUdCN2E1MzdsbTI0S0pzVnNlaGhETFo3X2xVbHpkbFlIMC1icXlVMXNkVGRYZnJyamtZTXdFc0tmemJmX0hRQ0szTDB3SE9aV0lVV0o2Z1o3Q29wd3dDS3FlYnVISXVWZ1BoTHF4S0pDaXY?oc=5,WUSA9,neutral
Randy Clarke,Metrorail,"Metro on pace for ‘lowest crime year ever,’ says GM - wtop.com",https://news.google.com/rss/articles/CBMikwFBVV95cUxPb2haa05LTkpwT09OYlhBSDRYenF1LTBJWThDYzZxaUFtQk03NWQ0cDUwRWJmQm9BcG8wbDhZbHhyYWduakFiYU1XQTUyc3A3Q1Bfd2VXcTNsalR3cVh3bjZYSG0tYi1UekZrakpISGFtV3JrR3VwMnJER2xJQk1vVEZXMUxRYmpsbVFaQlhadjFiWlU?oc=5,wtop.com,negative
Randy Clarke,Metrorail,Metro orders employees back to the office by July - The Washington Post,https://news.google.com/rss/articles/CBMiggFBVV95cUxPSzVHRnRBQURIblJQQ2d6UXhQTWdSdi1YaUhTamw3alNVTW12ck45UWl3U0JEWVQ3ejNFM1pUNVpCVjBNRmRUWXRGOFJmZ0EyRFFaYnZjTzNJQm5wY1ZQcHVfWlpxSi05LWNiWmRPSEs2RzlqZUZsWkhqV2stZnpvd1pR?oc=5,The Washington Post,neutral
Randy Clarke,Metrorail,"Cherry Blossoms, Pride Rainbows, Fireworks, And More: Here’s Why Metro Is Decorating Its Trains - DCist",https://news.google.com/rss/articles/CBMimAFBVV95cUxNMHRUbXdYdkIzOGZxNk5LWmtqUDFCcFBSaFI1ZnF3SDYtZ2FpOTRXMnlmS3NCZXc2dS1salF1N2VZZlcwOU5lcTJVeTNySl91cE55NjVwdU9XNDY0QkM2cXBfRHFCSmVTSFNTd0hpcFY2ZEZrX2FDQWtGTkEzRkUyakppR0FPcW5HUDY5VzVmU04zNUhvM0J1VQ?oc=5,DCist,positive
Randy Clarke,Metrorail,"A report card for Randy Clarke, Metro’s General Manager - Greater Greater Washington",https://news.google.com/rss/articles/CBMibEFVX3lxTFBQbWtJWTc1bVBjLUtzbC1iaG5tbnVuY0dveEJYMGwtZnhpRHZnV1c3Tm96RVlBVEJxZ3Nja3FaX3Z0SXoyanduX3Zqd2ttX2pQSGlhYnBIWU5mMnktblhkdU9aOHJCcUc5VVZPadIBSEFVX3lxTE9QRmFGdUMtWlZMLTdJcDVnNjJEMk40M2R4eXBLRDlrTkNVQ3ZUMW01eU1PVEhfVFdoa3FidzRhSFl0YmJXMG1Rbg?oc=5,Greater Greater Washington,positive
Randy Clarke,Metrorail,Metro ridership nears 5-year high as federal workers return to offices - NBC4 Washington,https://news.google.com/rss/articles/CBMi0AFBVV95cUxQem11M2Z0Y1JZaWpXRENtdlR5TTV1N0VYUFVyWG9LVEF3N0VnRzliQ2Z6ZS1LMVdCWnRfS3JKLU1GM1p5b05NSU16NjAxRS1yczM4R0hrM0NOQTlnQkNFQjVnRUV2SklfS205UF9nNHJjcWFfMTZycTFud1QyVVBMcTUxTFRxRXdNRTBieWRlN3ZzYmJEZmdvTzRLYldET2xBRjdSRnJXNHZmWm1DY2t2M1ZmQm5OTl9Oem9fNDZNY0ppTk1EeEFRbEphZXFXTGx00gHYAUFVX3lxTFBtZHhRNDgtRzdYSnBjWUdMcElUaXpBdUEzR29teXJmU0lpbkhOME1PNXlCcVd5R0hyb0pJME9udk44SVZSYVlpX1BSaGVrN3BWVHZvbmhwazVpT0Q2VHowLVRURzZiaml1Yzh3ZjF2Q0FvTER2T1A1YXVlNXJCSjQxQlRZMTdoQ2JMbU5NUjBUUDRyUXhBaTM3UUpoaklNV0VTeWJ0T1Q2WmVpTzJ2UE5CYUZSM3hOYVNBaDJjNkc1YVJxcG1PdlVkTHppSF9xc214WFJaUGZfTg?oc=5,NBC4 Washington,neutral
Randy Clarke,Metrorail,Georgetown Getting a Gold Line to the RFK Site? - The Georgetowner,https://news.google.com/rss/articles/CBMilwFBVV95cUxPV2wwNmpFVzNWT2tHX2RxRk9iYlc2cGZrWkRkOFpvemR1T1hHQXMwdUNQdS1sS2Z5RXNNcTk0VGVLdjVyTXdReUp3LXJDaUY4RkdFb2dqNENTc1QtdktjcU9zZ3lhM2k1Z0xwS2tVYlBFNDlRV0RqSHdaenhGc2UwRmkzdWpkYk9BZExwclh1OGxRR0VEdFdN?oc=5,The Georgetowner,neutral
Randy Clarke,Metrorail,Here's what Metro's new 8000-series trains will look like - WUSA9,https://news.google.com/rss/articles/CBMi0gFBVV95cUxPT04wQWpJTmhWZkFIbHVxZHY5LVVBUUhHeFJsc1RnNnVydVJfSlk4ckJHdE90SHBja1pLSUI3NTVfUVU2cWQ0R1R6QmQ0WEtHdEVTWDFsWjR6RXJtY3p0VkxMMGFjemswSFlyUHlDaE01dzh1YVZLT2hCY2RaVi02SGdfUGRsMUw5OXdDSHVzcWNsWWx0SUpSMlBRSGN1dDRnUWJHYnVNOG1VQUZmdjlpQ2VvcnJEbVhHOS1xS1dzbTR2eU9kb0xWNGUyWHFUaEJQd1E?oc=5,WUSA9,positive
Randy Clarke,Metrorail,D.C. Council Wants To Know Why WMATA And The Metrorail Safety Commission Aren’t Getting Along - DCist,https://news.google.com/rss/articles/CBMiwwFBVV95cUxOaXVBQjV4LTg2d0ZrZjVJWmRqSG5xSUVGVkVuRm9uLVJ4UkNiMHlYbmVxWmkxMlBSNDJxVkxTMGdMRzNPbzcxWUxWU1hTX3I3QTA2Y0NoMUlidzF2RW9yM0tpdExfdE9KS1ptMzNoSWV5QzY3dWg2YVpmV01odkJyRV9vMkE4WUxUc2JoT0RxQ05qeEt0dXRrYk9MOTRsV0EwNFhWNS1iaUhPcUFaNFJvTkRVVlpIWU9UcE9iZUhRMTdmdE0?oc=5,DCist,positive
Randy Clarke,Metrorail,Metro has free rides on Fourth of July. Here's how often trains will run - WUSA9,https://news.google.com/rss/articles/CBMixAFBVV95cUxQY1pTNE9aVTJzdmtLZ3lObk9wdnJsU2lHSXVQaEZvb2tQZlF6NG9PcEo1WXlqVzR5ZVVOc0w5SWlFeWNIZWVwTHRsUjBDb3dHdjZGQlByLUFFSm8zVjA0TmIyc2ZMenRoRE5MN0I0cC1OMzM1NVc2RjVFc090WlJyLVhMTXFQUnlZSEJJamNXcURQMmhnbXlVbjhHeDFVZXdyYkhvZUVLNmFVNm5va0tHVDBnczhuOEFQcV9qdHRJY0xwUy1r?oc=5,WUSA9,positive
Randy Clarke,Metrorail,"New Metro GM faces safety, financial challenges on first day - The Washington Post",https://news.google.com/rss/articles/CBMijwFBVV95cUxQYVNBTW9Xdktka1hNaWFrZnI3bGstYmZSX3JaQ1FVcVRGWERDWDNpVEpzZmpWTEpmNVc1UWtjNHBfU2dnU1dacmhCNGY3THJMR1d4M2NmcU8wcFlqRnYtUTB0eWdMekdNNGdQWmhZTmVNZ3BDYk9MSy0zRjdZUEtjTXRiS2hHQjFqaW84VEVvYw?oc=5,The Washington Post,positive
Randy Clarke,Metrorail,"Metro’s budget proposal includes massive layoffs, cuts in service — along with fare increases - wtop.com",https://news.google.com/rss/articles/CBMijgFBVV95cUxQMEhWZFlnYkhiQ3E1Z2VZbXJJUHo3Vm5XYzMzNERUdE81VDRhMXJBeHp5RmdVbzJMM2pDbFBOUzhKNGdUSWM5cXJwX2tQOHNMZ3RMNnIzUVp2eVlNUExpSG9nMmVzNDBQWURxOWxDLXFXWjF3REZUM2Z0U0RMUEgzVUN5R1cxUjVuQnBfbU5R?oc=5,wtop.com,negative
Randy Clarke,Metrorail,"Metro sees 16 signal issues since June, sparking urgent infrastructure upgrade calls - wjla.com",https://news.google.com/rss/articles/CBMivAJBVV95cUxNS2ZlVElMSUxObHZ1Uy1VVHNVTE84TWxvWldZMWdJa1lJenZTZ0Q5NGNHQzhsT2xjM1Q4ZXVqaEZKZkVsaFg3enpXTmVaWjBIREszVzRkYm96MW5sSGNGd2dLWmpSWGhsaXJQVTc0NjVqZFZnYWgwZEZ5bVFkTzdjR1diQjhGcG9wZFhZUWZQYlR2cEgtTjJmWDJDOFJzQ1BEUmRVdjB4T0F0TXBjTmxjSUxSZzN3eDRzUjBLbGFnbGtKT2trY3dGc1g1cHFJMFp1NHo3Uk93UTAtcFJIb3lWaUJUNkJsRFRXZHprSmxhTmcza0pTNkVIZ0EzM2ZzWUVLbzdiMUdiZWN6SldNX011OUY4RXdjNE5TQWNRZVpBM3JSa3B5a2owTnRFZ0ZCOHIxaXFEczhzWFFPUWg0?oc=5,wjla.com,neutral
Randy Clarke,Metrorail,US Metro system to gain new fleet as $100M Hitachi factory opens in Hagerstown - WUSA9,https://news.google.com/rss/articles/CBMi9wFBVV95cUxNc2lkdGYweHFjOElzQUk1Q2NSNWQ4ZW1uR1VjR0thdVR6NHZoSlh1OG5xLVY4djVYNEFUQm5rRW1LYjhxX0NuZHYxSkFmeW82REk2aFlWYkkteENMSHFsc2t0RG5nTTZrZHAxR0xBcm84MV9SOEhvVzVjVXcydjEtQUstOHhNeGx3VjBBSWdXajJkYWh1R0ZYZEF5VjZDQjNya1A4UWhTUEppRGVnaU5GbnBmRFY0RU5WZjM3MDNza2hueVVTUHVnb29PdUlqX1J1MWc0bExJOVJBRmlyYlR5MUJZMnprRWtpczJwTE0wcllUSjgyMDRF?oc=5,WUSA9,positive
Randy Clarke,Metrorail,"Metro Walks Back Blue, Orange, Silver Line Delays Announced After Watchdog Safety Report - NBC4 Washington",https://news.google.com/rss/articles/CBMi2wFBVV95cUxPS2hNdFFwUkxjcy1xYXBuYUNQS2JkTnFOOVctWWVzbHM4eVFJckEtYzByUEZwVTkxSFY0WDRycFRCODlVSjBZSFRDNmtjeU9NeDBfOXFYUjE4clhhSGVBRHVsV3RNaUFnMUhfSFdhRGNLRFB6cERIQ0YzUkNLYUljWGJwS2ZEMW5qOTZqMWcycnRCblpoWjVQZGg4MlNNbUtSc25MMmZQVkQ2Y0hUVGFUVnFJWnNTUmJhVnF4aHB1TzFieUVfMkd4TXVvaW1MZW1fSzMycTJrLXBVcjDSAeMBQVVfeXFMTXFsUE9Dcy11ZlJVUW5UbnV4RkRIY0Mxd2JsYkluNlJnVXJIMFJENUFpdmNmbnVreFZEa2h5Wmh2YV9nb2xrRmZLOTZ6YjR4VU5qX0tsS0ZGTzBZTHNpazc2S2ZNNXRkeG4tZFFmbk5jT0tzaGZfYXlBS1BVTjFmR0NsOXk0M3B3bE5CN2VPNGJrZ295Nk80RU15azlsNzd2OUdKWkppR01JRU9IYnBPX01WdmJ3VjRxa0h4c1licmNiTkZZelFvbzhpU3lxQzVjekpWSGpWbnF3Z1doMWhlbDdEcWs?oc=5,NBC4 Washington,positive
Janno Lieber,MTA,Op-Ed | The MTA will continue to make progress for New York City - amny.com,https://news.google.com/rss/articles/CBMic0FVX3lxTE5IaE93dHhfV2hjOEtIdGpKWUN6WlhkZDlvbVhsRWlVY2g1MUpoZkZQOVhDSEtlZzlEYjhmdUNoWkJyNWZ5cWU0NDVkV0N6N09MQkQwQTQzMzRnZjdiRDVCemkwQnc4bHpqdE0tMzZFS0pnUms?oc=5,amny.com,positive
Janno Lieber,MTA,INTERVIEW: MTA Chair Janno Lieber Talks to Streetsblog to Mark Four Years at the Top - Streetsblog New York City,https://news.google.com/rss/articles/CBMivwFBVV95cUxQMi1qTUszMmZ0LWFhWVppRm0tS0R6UkpmQlBPRXEtbTNmRW9JVV94R3dKTDBUU25QTnNyUDMxU05mX2xXTzI2NzFITzMtOHo5RnZMS2E4UjRGY0YycmYybXdKaWhHMzg1bUVfeEt1b2h0NEZLRS1LZm95RlJLWmczLVlxSUZpVURLY2JJUG11ckhWaWU4TWE2X0d1X2VzM3pBX3h1akRsV214MlVoMVV1d0ZkV2wteFJBZ1ZjZWVWaw?oc=5,Streetsblog New York City,neutral
Janno Lieber,MTA,"Janno Lieber on Free Buses, the State of the MTA, & The Promise of the Interborough Express - nyeditorialboard.substack.com",https://news.google.com/rss/articles/CBMiggFBVV95cUxNTmZOVWhEUXdDa0RGQVZuNjIxb3JpampxdkN3ZGY1WDJuM3ZnbzFBYlVVTDF6OW9VQ25Jd3pUQW5iU1hlYnItZFQxN0tNWEY5Nm4yUlAyVXJtb2ExN1NyVW9YU0pzdFhPdFJNU1cyRl91ZmhBRktTYm9pVTBHcTVMZE9R?oc=5,nyeditorialboard.substack.com,positive
Janno Lieber,MTA,MTA boss Lieber wary of signing Penn Station agreement with Trump admin - New York Daily News,https://news.google.com/rss/articles/CBMijAFBVV95cUxNZDdFQXJ0NGlxS3Z4UUNTWTJjeW1LVzhDUFBaVjhySjhDSkpFWUZrWXgzdWFvcjZqUGwyQmhMbGsxbGJROGFONzlsM0t6RTZPcXdmb0tpaHRJWnpEMm9EVENFNU93SlNScmx2MWowc2lGdG44ZTJYWmlXMDA3MkFPcjl2REhwXzM1bzZDNw?oc=5,New York Daily News,positive
Janno Lieber,MTA,MTA honcho Janno Lieber heatedly shouts at pol over fare evasion — as hearing goes off the rails - New York Post,https://news.google.com/rss/articles/CBMiuAFBVV95cUxQZTRxZUFEUUpzaG5zNkdaMmRjbUFWVURpbDJ4dkh0RDBNTFdNaFIwQkVVQzRCZllZT3gxNG9UZ3lSZ3h0dm83eDFIRnVXRzlLUVltX01RRFlPZEtIX2s2MUlxeTNTZ0s4SkQ0eEU1anVISmRRY1prSnNPazctTWg3eW5rMkpxNmZCTnpSaXlPdWR4YjVhdGFQM2VYZEFaNDRhU3djZkNsd1JvdWNiMFZTcng3OHRETTZ0?oc=5,New York Post,neutral
Janno Lieber,MTA,MTA CEO Janno Lieber gives update on negotiations with LIRR unions - CBS News,https://news.google.com/rss/articles/CBMiqAFBVV95cUxPTHRmU2x2MW9vS0R3TkxqWXRQaHkzcDdEVjFEUzBGMVJLWHlaVFF0VjdlLWxKMjNhNDZSTURZYi1nN2hOUG0xRVM1WDd0UTFSdy0wYUtzQkMwOFRBQUhwRjdIOV9SaFpzb0FKd3Z5SWpxX3JzbWN2UHpGUUVlM3VLRGdZcDdPWktHWmpUdGh5QkhERzl0V3JjcS1sNndkV3ZNRldydFpVMXE?oc=5,CBS News,neutral
Janno Lieber,MTA,"MTA chair calls Amtrak's Penn Station planning 'bizarre,' declines to join as partner - Gothamist",https://news.google.com/rss/articles/CBMipwFBVV95cUxQZDVnNlM0ekw5XzJQanhDekdxVE9DUE4zNWZlY1lOLXhNYTZGWEdIUGhmZkNpdEx1bHppeURnWVFtYXVCZlBGWnU4OWV3Z2dOQTQ1WjBLMDFmaEJELUtUNWJhTFNSMjJEcTFWZktmRUlPVV9fWWs0UGFGTjFIdkJ6eDhBSFQwWGsyMk5JejNYR01ObVBJYWF0LXNVOE9kSzNRcFB6eWc2RQ?oc=5,Gothamist,neutral
Janno Lieber,MTA,CEO Janno Lieber says MTA is ready to resume LIRR negotiations - NBC New York,https://news.google.com/rss/articles/CBMirgFBVV95cUxPV1Utd2dUUy1YQW45U0V6ejh4ZlFyUi1BN1RzYVlBZkxRM29tb2xKY1p0Q09RcjhRb2o0QXVzc2o2UUdWT1RhekNiaHVRTWVhNmtfMG0tcndfWXpvWVcwUllaMm5NUzItdF9FQ2ozeEoxYUo5OEJGYy15bWRUNjZCWVRhcEJhX0FWWmlEZmJjNUs1TGNOU2NIeEViYXozQ2dnUW02R2h0a09rZUxNM3fSAbYBQVVfeXFMTzBZRWx0TEh6Qm00QVhTNGtILUQ5NG1vWGhrYUlHdHdTNFNEU21mME14VEFXaXlweTZ2WEZITXZ0dGZ1VVhWMXpjOW92UTZCR3dhMk1sN29XNFJmWlRETzU3ZW9ueUFtWjhtV2s0bTZUN0FlT3E4d2N3VWkzSml1eFRxRjlNVmNrTW5vaGJLaUlTU3FEZWtwU2staHRWQkl0cjRSaUtMby10ZF9SZzdrYXFhaGJpZ3c?oc=5,NBC New York,positive
Janno Lieber,MTA,"Janno Lieber, like Mamdani and Hochul, has to walk a fine line with Trump - City & State New York",https://news.google.com/rss/articles/CBMisgFBVV95cUxNRy1IQWcyZk1FSzdTRGEzd0dnZ050SXFjdTVvaFA5WEJTWVNCQUhUTEtQZE1DdE5mTnFTOUd3OVV6ellZU3ZMSm5HSXV6Sng4Rk56Sm9sMzlUSlJpcFg5MDRTcnhpTm55V3JqbFlnNkVmUjkyb2ZBeDZ0YUQtdkJRWGNBNmhYVTVxS3ZlYjhBT1hZZTJPZS1UT254dWxleGliME5yZVdyRTZ4NU9lUmt2bXpB?oc=5,City & State New York,positive
Janno Lieber,MTA,Statement From Mta Chair And Ceo Janno Lieber Following Strike Announcement By 5 Lirr Unions - News12 | Long Island,https://news.google.com/rss/articles/CBMi7AFBVV95cUxNUTBVQndjUy1XV1pkTl9zOFpOOERGVU9nMi1yQUZqVmp2NzcxbVZIYTZUUVB5cXE2WjNScXNENjlkRTdpU2RXOUpUdkdxR0JNSWR2S3NBdWRzclhhRG1NUTloaDhmV1hQZ2hxUFljVmk1Z1RXaDI3MUlXd2pNRE9nc1BydUFOZEZnQWpKd0JyekYwbW43czRGN3BRWTBJNkk1RFZya1M5Z0ppTGlCWXBXaTNUWGhITG1KNmJsdmdIU2ZFX0VLOU9DOEpwNHdBUVVMYnlWSEwtZHcxQ2pXcjZ5S2R1aVJyOC13cE1SZw?oc=5,News12 | Long Island,negative
Janno Lieber,MTA,MTA chair Janno Lieber targets union work rules over record overtime costs - Newsday,https://news.google.com/rss/articles/CBMihAFBVV95cUxNTF9wTFBHdWhkY3U1QjNhQnR3YjlmOEJ2ci12cloxR2N6cWktcHZRSGhSMU50RW9MTDZFQjE0cWpsR3EtaU04eDBCMXVpLWpPVkVIXy11ckppR3BTRnNPR1l3MkNfNFRoZl91UTFsb2Z0U094b2hIa0hVdWRIQnFMcEVLMG0?oc=5,Newsday,neutral
Janno Lieber,MTA,"Lieber Strikes Back: Questions Penn Station Costs, Declines Amtrak “Partner” Offer - ourtownny.com",https://news.google.com/rss/articles/CBMiuwFBVV95cUxNVU1kWlN2X2JmYjRfRS1QV3NXUnl2TF9YMVVKTE9qZnh6dU04dTdsT2JlSUZHdTlYMGgxV0Fic1VUaVpTa0V2dE43UjlKV1hTWnBzT2J5LThDRFFNZjgxaGxoLTU2YjluOXNMajNaZHFwczlKeGZ0NGpQRi03NTA3YTluSGRFOTNNNGtlQ2FQVGxBWExLb1RpY0RHa01XS3JpTkhDdTVCOG9xRTBWMy1YWHhmaVpvVXlfQlZ3?oc=5,ourtownny.com,negative
Janno Lieber,MTA,"COMPLETE VIDEO: The 200th CityLaw Breakfast with Janno Lieber, MTA Chair and CEO - citylandnyc.org",https://news.google.com/rss/articles/CBMipgFBVV95cUxNNHpqOVVncEZJeFQ1eTRjX0NvYVpHNVBVbkpCOHIxVEs5ZmVHb1phRmNIOFRkc2txeDN6RzhpMEFPREd0OTlvV2hMejg2X2w3Zkc2WXU5Y0ZxemlGMFdRU0k2SHJaY3BJcTc4dkFjX2VCQnJ2LURqVzFUaWpGVmp6RmxXWDFzY1JHajFEeURVOEZteFljYVdXSUtJM1dLTERpMV83MVVB?oc=5,citylandnyc.org,neutral
Janno Lieber,MTA,Janno Lieber Op-Ed: Hochul’s Insurance Plan Is a Pro-Transit Plan - Streetsblog New York City,https://news.google.com/rss/articles/CBMinAFBVV95cUxON0VFM3JhMXFlT05TR0FGZGZsbzltZDBVbk5rNnZmUXgzck1FamM2amxybzhYRHE3Z2xvb3VLdTRXRkVVZ3d2bWZRQ0o0am5Vak5SZVFOaWljRnVRbUpxa0xJMVhKMlNoUW4xWXJoemJHWkpxSS0yRUdFRExBeHVZUk4zak0tWV9BV0JWSzdERnNfUXJLMzg1RGx3Tlc?oc=5,Streetsblog New York City,neutral
Janno Lieber,MTA,MTA head Janno Lieber has a wish list for 2026. Here's his plan for NYC buses and subways. - CBS News,https://news.google.com/rss/articles/CBMilgFBVV95cUxOblFRMUZ2SndzOExpUktvNW1ZQWpDVkNJa1JtR0hzTWNoSmFqN0pzVlJTSEhlYTlSY2I2SzJoVGoyX3dacUZvYktHSmlWbDRDTXM4dU5VRmlmeTlTSDMySWNENG91dTgxaVp0dkpFdGNwS1pRZVV4UXk5b0VibkI1ZkI1VEtRMFdBWlplSEQ1bzZCZlgyaXfSAZsBQVVfeXFMTjlwaWRHaUIyeTdvb2dWRkdBVXdTNjVLTXFGRGtYMjJ1dWNPOFRUdFhFeUU0MHNOM25rMjBnaW5vLXNkLUI4Y2p5NmFJT2lIUEFlMnhSVjNBMHdOb29acjVqMHFMTmpxeGsxUllPZG8xVnpDZWhZVURpRzdWQ0lOZnlLQXhaQTRvV3RWYkllT2g4M2pjVEhsTHJXelU?oc=5,CBS News,positive
Janno Lieber,MTA,"LIRR strike: MTA Chairman Janno Lieber says sides making progress, workers would be 'crazy' to walk off job - ABC7 New York",https://news.google.com/rss/articles/CBMiywFBVV95cUxPSkZIbHJEMDhRd0tyM3JDbk8yZU43NndQVllkX1hFVjI1eVZFUTVFNlgzai1OT3J2U2w0bVhQbW1tb3lHNTM4XzdEZEFRUHl1UmUzNi1nSWs3cmRqOVp2ZTlvVmhUM2tUSGZXWjRJOEdFemczanpVYWhfVHVZc0lLTjh4bkNhQU93eXJtMGtnWXRrRHRWbVlvYXlkN3AxYkxoclBwYTJyMmZocHotejliTmI0NUltWVI3amExSFU1MW5Wa1FuREpEaTAwNNIB0AFBVV95cUxQaUtuMFgweVVoRXlnTDk1NkYxTENlYTRMMlhCQ1RfbG00YXRUOThMM003NTNPeU5YeFFUY2ZwdkczU1F0b2p3UmVpTmdvX0RaczdIbEl0Qnp2c1RkN2cySURxNTlnTkFrUEJoQUptTDBsOTNsbjRuTVdtd1JSMkdIQUlzdkZ4NUJJVGJHVFEtZTZfbFE0SUoxbTU0clpjdlhqdEVGdXhGaUJRVVlqcUc3R3NqeGhVZVpBUWpoMlhCU0ZpeWFtYUs1QjJIQVBibkJi?oc=5,ABC7 New York,neutral
Janno Lieber,MTA,Pulling ‘a fast one’ at Penn Station? MTA boss Lieber accuses Trump admin of trying to bamboozle agency over redevelopment plan | amNewYork - amny.com,https://news.google.com/rss/articles/CBMickFVX3lxTE5mM2Mxbkl2UmM5UzFOcUctRnpQYVZmWWQ0OUQ5blJOU3p0T0IxQXo5T0hKQWhfWjZtQlZzQWRNLVpoMHRnOTlWY3JVcjBMNlkyazV1bHRqQ08zaTJhQXdHSXNYaUtkUWIydlF4NUdqdW9KQQ?oc=5,amny.com,negative
Janno Lieber,MTA,Press Boxed: MTA Boss Accuses Amtrak's Byford Of 'Gamesmanship' With Leaked Letter About Penn Station - Streetsblog New York City,https://news.google.com/rss/articles/CBMi0gFBVV95cUxPbk50X2sxdE5HM2t3Y3h3QXlUbUJGX0pQd3ZZSHIwaXp3a0hMcWMyczY1OFpDQS1qOFRyTVRHUEx3THI1VzJqNEg1Y2VQVF9acHBzRFN2MmRKMmN0MFRzaTljUFhBczFlRE1JNVRzNmZnUjNNc1VZenFXM1NiNUY5Nnp0THlHNF9qQ0hmLVF5MmxBcW9iLVEwaGpwaEt0ejVVYm5tQU9QR3FTNGdkRDB1bURXOWNOTWdWNU5fX1FtY1ByTklaS0hhZEwwZ3RmUFY2Smc?oc=5,Streetsblog New York City,negative
Janno Lieber,MTA,MTA’s Lieber Asks City to Put More Cops on Bus Lane Enforcement - Streetsblog New York City,https://news.google.com/rss/articles/CBMiowFBVV95cUxNdGRkcmVkb3RFbk0tMFd3eFhaYVc0eXhoM0s2NHd5QUhhUS1lalJJcS1mdG96dXNRdlNnWnBpVHVsNGZTaDZrQ2E2dEJtWGxmQTJnNTJpNXJDSHY2dHZNd2Z3TzBtaGpPd2Q2Vm5ZLUJlcVBodk01RW5aQ1FaZEdpbG9yWDQwbC1oYlUxNG1oWXhUblo5YWswUzlzNjhWd201Ukk4?oc=5,Streetsblog New York City,neutral
Janno Lieber,MTA,MTA boss blames Mamdani’s ‘free bus’ crusade as paid ridership drops a whopping 7.7% - New York Post,https://news.google.com/rss/articles/CBMiuwFBVV95cUxQS1pvVjR4N193R3pDLXdXV2VJbGNTclJoRE9ydzJBQTF2d3g0RDFYVDRIaE92MnUwU2xlMnEtMl9iR1RCNFl4TWs0R1VhS2ZFM1BwUFhyNFNkcWxYMXRPY1Q3X0FCcDJuVVFJMWxrd1BBWDRISTlYSHpzanJFNjNhXzZ5cTAyclJjSlEzbjNyV0pzNnNSUTZvSWw1LU0zX05fV0VpNTkybnEydUFkUGZGMzdrUW5hemZISHBB?oc=5,New York Post,negative
Janno Lieber,MTA,"MTA CEO Janno Lieber says progress made in negotiations, but no deal yet - FOX 5 New York",https://news.google.com/rss/articles/CBMiXkFVX3lxTE01YS1BVHUzYjdfLVk0VzNyNENZVlkzcVFrcldwOTVUMUxrY1hfZ09BQXp0SVBDWGhRWXR0dVBGT3c2VjZOMVhqQU9LQzRMU2Y1REZsaTRLcjJoNm54YWfSAWNBVV95cUxOSTlzbEc3ZW9xTXp4WEctamlEaUlSMnl6MVl5bS1NY1lrNmh2bThjYzZtTVF2d256Q0YzQnZJd0IzRmt6X19lWWhqWFdNN1MxbllTUFN3VE04eWl0WWUzU1NrMXM?oc=5,FOX 5 New York,negative
Janno Lieber,MTA,MTA chair discusses how the agency is preparing for heavy rain - Spectrum News NY1,https://news.google.com/rss/articles/CBMivAFBVV95cUxQcnVKT1FOcFNXdlBmSGtkSHlma2FXVTYzWkdBRThxaW9uUXFkcU9LREZnNGlxWjI0YV9tY1prM196dHM3NTdmTG9NVUI2blVNcUVhWVBITUJlSlRyYXRkcWIzVjNSdzk5eVBIZFdmelBkc0tHWXlTMENZZGM3LXI3bHpSOUI0X0tVSEFxQ0poRFYxY3RpblpoMmswZkI2RWpEdWpHTXhvaEprNzZhNWhDQXM5TXlLR3p0bDhkRg?oc=5,Spectrum News NY1,neutral
Janno Lieber,MTA,Bus-fare evasion is just the start of Kathy Hochul’s looming MTA cash woes - New York Post,https://news.google.com/rss/articles/CBMinwFBVV95cUxNajBDakQtUkEyaXdnSllCbE5OVnMzR0p2dTR5N2VGaVhpSmpKTnZNQlMzU1hmMVR1cTdjcGpTYXlZU3U3a1FYaUNPOWd1d1VOaUFydVphN0d5dm9ZUGlpSm5GOEdKVklVN2dnUlA4YWFkaXZoak1vMHV1U19hNXRnUk53Z182eFdndVRWMklWaGg1WExhMEJaMllnVlpTMEk?oc=5,New York Post,negative
Janno Lieber,MTA,MTA head blasts Trump’s Penn Station plan as having ‘the appearance of impropriety’ - New York Daily News,https://news.google.com/rss/articles/CBMivAFBVV95cUxPNTBPZ2FYNWs4QVh4TjRGQlR1dHYxaGdRLVplX1NvTHVHY0NfU3k3UmJINndCRHY3UE5OOW9CdEJJVThEcDF3QmJaZldfaFJnSXVDeHoxRjE2OTVmWUhUR0VDRENWbXVac2g4X05Ibzc5VDB6aEthUjktUzNmYUVJLU5OQ0hzUHM0bGpTQlcyc1JmUjBFbXN4NzRMVXRJcHNnU0NFenNIc0N1ekplNjdwWmxuM28zcHg4ZF9tbQ?oc=5,New York Daily News,neutral
Janno Lieber,MTA,MTA chief vows fare evasion crackdown on NYC buses once MetroCard retires - Gothamist,https://news.google.com/rss/articles/CBMiogFBVV95cUxNenBYV21mT0VsbjFCSHoyX3pEVFdqZHBnSGlIVUFqUE5zMkpkMGRINlAwd2pWUUpENzBtM094N2Z3aGZSdjd2MmdQeEZUSS1KWWhNNTk0cjdGYktPeEVkZUlBczAwSzcybEdYY1RBb3VNeThlZElQZG9RRnBvOHVTclNqMjR1SXRxTEdKMHk5Vmg1WWRwMXFfQ1kwVEFIQjY4Rnc?oc=5,Gothamist,neutral
Janno Lieber,NYC Subway,MTA unveils new plan to cool down NYC subway stations. Will it work — and how? - NBC New York,https://news.google.com/rss/articles/CBMisAFBVV95cUxOM2FxSGV2ckNYTDUwT1VSWkVoSmVSX0cxQzhkdGlzbDF0WFhOeloxc0UyRFVqeWkyS05ESkp0SXdWWEJNZzRyS2tWUDZsY1AxV3pka3FsQjM4M040eDIwWUV0TU5jZ290Tkk2ZW85VXBQdXdhS1JIVkpSUmVGWHZnZlNOUG5wOTgtZGZNZ3NXYWlod0pfNFMzTFRQUmZWTm0wbF9FOEhqN21IRXdMZjRFWNIBuAFBVV95cUxNQVdKUkFBRUNpOWYxVjFua3kzVTBOdWRxM0RqYWJzbUZDWThlZ2lVbUVNQWhZdFdtcWhHMkRWVXJyakJMTmFQNm4tdUlEWjVFbDlUdzlSUFhwem1nWXh4UHoxQ1NYeU1idDY3c2xfZHZjbVB2MGlJTWstUkJWZEhDSjQwUzB5WmE4bVhWaFFIenlDMkpLa0JvMjlweXZMRC1ZZi15VkNSdVR5MVZHRVBBOFNyRXRFcVVa?oc=5,NBC New York,positive
Janno Lieber,NYC Subway,"NYC, MTA eye first-of-its-kind plan that might keep subway platforms cooler - CBS News",https://news.google.com/rss/articles/CBMihwFBVV95cUxNSmRYX252cDBNaDRKUXcxeFdkdC1kdE94X1k5bnVYTXM5Xy0tU2h5VFN1ODExUmxOTGk0WjctMTA1c3A2bWtjUVpKb1Z6OEhBNUZ0UGN5R1F5ckxoZWhabnlfMTVTdHJpM3c4UG1ENkpjemJGWk5YcTJ4MEFkdEI5dm84TllFSVE?oc=5,CBS News,neutral
Janno Lieber,NYC Subway,NYC eyes first U.S. transit thermal energy network to fight subway heat - ABC7 New York,https://news.google.com/rss/articles/CBMiogFBVV95cUxQTGYyX19vRnYtejJla2s0Z1RPbTY2Z19EQ1Bkak9fb1AyOXBPc0p1WHExSEVvM0hyNWp0Y1dvV2tSWnVZQ3FCMk4yLVRTc3h1eU5KVVBDNzZPMEhEU01HTzdwalZ2SzUtZVY2U1ZGTFFlLVNNaTI4ZEFEZy11Q2dFMFh2Q0sxWlZ6Q1prVDBXRWxMTEIxcXc5SllzdndMWnJZeWfSAacBQVVfeXFMT05vU2pJOE5leW1FWlpnYjV0NzBGSzJlbUhqQ0tmcTBDWVN3M2d3cV9wZVJXV0wzbmNnaUczaV9kTVZObzRuWnNYbmdKWHpILThIcGwzdE1BWlBCR3hpRGhoMk5fWEE4RGM0LTAyVlRkRnRlWFdMakt1QnNkcnZjV3NRTnV4MUNCZy1SMVhxS0FERlVEeDJKUlVTc2RjZ2h3djJDeHJJVmM?oc=5,ABC7 New York,negative
Janno Lieber,NYC Subway,MTA keeps trains and buses running amid storm - Spectrum News NY1,https://news.google.com/rss/articles/CBMingFBVV95cUxNeDc0NVlDOFg4NUdIQ3NXeGhyMlM2OXhNdXB2Z0ZRSWx3dkxKcU5aSXBMeE9jR01qbzdUWVlBcDR2Y0hTNDRtRFlpaGZKQzRDTHVkU2JPSkhqcGdFWWI3ZlFuMDVidUxWOXFiYUJocHYwelZDUGpWTXhhNUF2VGpvS2JpMnZqVmdJaDlQN1BiWWR3R1EwUktBeVVKbXI5dw?oc=5,Spectrum News NY1,neutral
Janno Lieber,NYC Subway,Sweaty Mamdani unveils plan to ‘harness’ hot air from sweltering NYC subway platforms and warm city buildings - New York Post,https://news.google.com/rss/articles/CBMi2gFBVV95cUxPdVJ4MFQ3X1prb2JiVERqRzNFejl4YUxrOHBpMmJ1NndqVjVRUjFVaDBGZ0lwRU5yd1FWY2FXUmUxLUNiNXZSQkxnNEp4M192RU1vTEhqbjQyWE52ZDVvcmJ1SERBOWNybTdxb1dKZXU1UVNkbzAyVUV1U3lFSjY4bXpJSWZ6NkI4YXpzakJCU3dRcDBqdjhKV2pVcHhJMFN6NmxiUU1jQ0pWTFlmbEN3VlZwVGc1VU9sSTRZd25YbFJaNko1bHRIek9YYnlUUHhCMTVCTEhjTm9Bdw?oc=5,New York Post,neutral
Janno Lieber,NYC Subway,Hochul announces largest order of new subway cars in MTA history - Brooklyn Eagle,https://news.google.com/rss/articles/CBMidEFVX3lxTFBwWGg3bHpkaS1teGMtRGpBYzg0cTNQNno0N1dJUm9CeFJOQjhrcjVWeWdXQ0dyVUIwdE9QRDlHaHh5dy01Q1RfeVR0X2l3SmpJcFI2OW1aaTNyRk9YbnBzUFV5S2ZEbVZEYmpKcTZrUjRvTXVO?oc=5,Brooklyn Eagle,neutral
Janno Lieber,NYC Subway,NYC cashless vending machines popping up at some subway stations - ABC7 New York,https://news.google.com/rss/articles/CBMikAFBVV95cUxPejJtVXlrdDFsdWZDSFBYTk9MUDI3d0lsV1l4MEU0SlZIQjk2cG1xNnF4MXA0UHZMbXN2cjh4N19QTERkeTAySWhzdjMtcHBiMnIySE8zVnBwOTNGVVVTbloxNnkzYzE2T0wyWDdYckxfVUI2Qm1yQk5CeDY1dmdnd3N0bXExQUpPR1FFVDVZNkLSAZYBQVVfeXFMTUxWQllLc21pS0tvMTc0VVE3YS1NWHRIcUF0b0xTNDduQTFmT2NIeHNXWDdWaEhyZEtsRDRvUFppRWs2RlNSV3pjVUV6MC1TOVVvVm1JbWFZZFdZaTVZUVN0eTFBQThiaFM5WXl2UXlyUnZPdkdHZzcxWl83V1Qxb3Q2NUtqS3V4LUpXUmNrRDBESDhrRDdR?oc=5,ABC7 New York,neutral
Janno Lieber,NYC Subway,MTA seeking bids to replace oldest NYC subway cars on numbered lines - New York Daily News,https://news.google.com/rss/articles/CBMipAFBVV95cUxQMHlVZWNvWlIwbzdNTDlpX3pDNEYtaVVnSUFCVUtvOVUzZ2hXNkJyd2FfTnlmdlNXQ2Ixa1VaQVdhQmVOc1RUQXQtUXV2U2g5VXV5SGFZakNia0djenNzX1lobXphTFZYSngwNjB4ZmpMSWJmZ0VUNnJQLTdSNXNtQmdMUF9oWkNvajZLZU1KTUJRS0pHNi1ZNGxjWEhJQklVNlN1LQ?oc=5,New York Daily News,neutral
Janno Lieber,NYC Subway,‘Rail’-ly big deal: MTA requests proposals for largest-ever new subway car order to replace number line trains - amny.com,https://news.google.com/rss/articles/CBMiekFVX3lxTFBmQURWV3lyY01ta2RlS0xYbXZ4SGZ2SDBfdmFJUjZDaEN0VE5yUGpnRk44YVV0QWNWU2hfa0dENnpiYnBzNmU1Qk1BV0wweWxWU1hLV24tOUxIcTg4WWhTQ3Z1WUpwNmRTS0RULWM2V2Zhejltak05UWx3?oc=5,amny.com,neutral
Janno Lieber,NYC Subway,World Cup: MTA will run additional train service on numerous lines for match days - amny.com,https://news.google.com/rss/articles/CBMidkFVX3lxTE5PSkdKWC1qdG14R0t4T0dwUGs1WWluQUVucC1wWWtDbG40NlNoNnJfaWJYdXFadjBYSnhUNUdRbVFtbERmNWV5TVdiNEM2cDAtNVBNVmYyWnpZT3AwWGZnYU5JdlN6WUMtd25XbThELWdaUkdXNFE?oc=5,amny.com,neutral
Janno Lieber,NYC Subway,MTA settles suit to make subway elevators more reliable - Gothamist,https://news.google.com/rss/articles/CBMiigFBVV95cUxOLVBYT292YmRLU3UyTGNaUHhQOTJsZEk3dGtMS1ZESzhVMm1Za21idTVJU0JDd3RfZXl1d2tMMVBjcmVFVk4tV09KeHdlTjdoY3c3bWdweGJ0X1VBdEZOTFZJb3pUOXI1OXlUc1BUdDl6azFoRFNVMWtpX3RiWGU1cVpLaGFyZlk0c2c?oc=5,Gothamist,neutral
Janno Lieber,NYC Subway,"MTA flips the bird at Old Man Winter, bucking previous policy to shut service for snow - Gothamist",https://news.google.com/rss/articles/CBMisgFBVV95cUxNa3Z1eTV4bURtc2daSzl4NktZaE0yLTh2UjA0YnIta2pGdGpMM3RvVmZCY1laclFwNVF6ZWEzMUZTVHlzUzR0OEhLMzBiUF8xcFBTa3UzTFlwSnJBWmdUSG1zN1M4dzZEMjl6ekpGX2J0eE15LVBSV2dKbE52eXJTTjRfaVJxTVVkYVRoSmFBTnQwQm9fRXJDVkZDc2FmdGltRWpRVWh6eVdjYkNadXg4Ull3?oc=5,Gothamist,neutral
Janno Lieber,NYC Subway,NYC’s Transit Chief Is Not Letting Trump Derail Big Projects - Bloomberg.com,https://news.google.com/rss/articles/CBMivgFBVV95cUxOemtxd1ZPQWV3T3dpZTVpSlROaXNZc1ppUDJtYkVHNkxhVUtpODNoV2NYNThsQWxCN2RVbTJWV2FabFVYWXlRY1BqWDFUTmVhWE85c2YtbF9MYkNNdk1xVXVRVXI1X1dQa3JmeDRaNzVLMEtIVHBHR20wNVl0cW9XZVBRaTN4LUhlN0hXSDBaUkNROWRoMHJYVGo0X0Z3dXBiZGs3Z1Y1dktYVi1nMEtLX3VMckZVT05nYjBWUERB?oc=5,Bloomberg.com,neutral
Janno Lieber,NYC Subway,MTA is going high-tech in its battle against fare evasion. Here's what's coming to a station near you. - CBS News,https://news.google.com/rss/articles/CBMikgFBVV95cUxNcUhsbjFHeFRRSE43amw0QWhlVXFBZ2Y5VnhIelppTlhYZmYyV3RESTNSTFRDWHpBUml2dzBIVnNnaFRtVE5tR0d4WXI0TGxWVWZKVEhkV0xzTEU5Q0dTTVdMUEtxR3E5LUdQY09WOFVwcFVIZUxRbWtSZzlqTU9DS0NzMVltd3JVNHdNUFNITGhDQdIBlwFBVV95cUxPMDhQbVFmelFINFo1aWJmUzhuZ0I2dFZhVzdEWDZRbXNkZkpqa3VmMTBjeUZZYU1ZemRyNmN2VTZYWGd4NmJiaEg2ZDBLWjJBeWVwOG1palVzcGk0MFBIOENGYk54RzlZNVBUTEJmQ19hYXRBRThBaHZnZ19ET3NWWDJobTY2T0lXWk9sYUhQQ0lFc0Y1ZHRn?oc=5,CBS News,negative
Janno Lieber,OMNY,MTA boss says agency ‘developing capacity’ for OMNY to show balances and transfers to riders - amny.com,https://news.google.com/rss/articles/CBMid0FVX3lxTE40T09RMndjUDFoVHFmVC1VX2ozRjVKd29BamU1aXpTWGRIY1d1ZURrZFJ1LTVUQ2UwWGtFemt1UFFlYkM1R0w3UThlWElrekk4NFpieE5PdkNQU0F3UHk1d0U1STF2WmV0cGF5cUY4WnQxYWp2bFI0?oc=5,amny.com,neutral
Janno Lieber,OMNY,"MTA reminds riders the last day for MetroCard is December 31 as OMNY takes over buses, trains - ABC7 New York",https://news.google.com/rss/articles/CBMirwFBVV95cUxOdWNub2I1dEgwRHJYcTNVYTktazdKcU5jalplYnVMTlB6MEo3TlJ3MGlTbDhrejN4Q0lFNUQ3dnJ3eDBFLVJBWTV2VzhaU3RmOGtPemdSQVo4UjEzVWJiR0drSUw1dm9EOWhsNEN0UW5DdTVNTGFuWUQxaVcwMV9XbThaRXkxdHljLWhvR2xveEJIdXF2YjlyRWVfVnBmVGhLV0dDRnh1QUxIS1AzOHp30gG0AUFVX3lxTE5heHk5cEpyRFZVWXl4NmlaNEJ4aXBiM0loZmNzWXNleWsyUVlUZXJ3MkhQeFVaRjVFY2Y0eExlSDUtbEIwMkJoc3FYaF9ZUzRoS25oMEFXQjRlU0k0TEJUczMtZlExbXlzTFl5V1VSWGNqUV9YUExuYi15VTVrZVRHUGNzUnFHMS1zNmFyMWo5VlRrZlJ1eVdySTZydzF2UVR2VTRjTXNyeTUydThKTkwwNTZmWA?oc=5,ABC7 New York,neutral
Janno Lieber,OMNY,The MTA Is Putting Fare Inspectors On NYC Buses In 'European-Style' Fare Evasion Crackdown - Secret NYC,https://news.google.com/rss/articles/CBMie0FVX3lxTFBlMDdiNElNc1NISlp6aTdwUS1qWDZqSE9WbHk3T1UxVzl6anRtVUh0czktWXp1akZ2TTNmb1E2cXpfaWhxYkZpVHNhT0swckhvWXdGdXo5bWVrbk52RmFURnJZdVVhSTgyN19tMFJoX0k0S3pxRHNtUUFXQQ?oc=5,Secret NYC,neutral
Janno Lieber,OMNY,‘Show me your phone:’ End of cash bus fares to expedite MTA fare enforcement - New York Daily News,https://news.google.com/rss/articles/CBMiswFBVV95cUxOR2ozQXlkczhuYjdlVXM5eDRIS3hLaGRYdjRKeEd0WWp1SEpzY1QyY3BrMXE4V19JUHY3Qk04TWx5aU93RzZDSUY3dllrSzNTWmI4SnFTUno3dUhyNm5VQVJpME9JUEN2X1lEMURiTmVNRUhBMHZNWjZCVDFhbzdOMjJyZVRBcWJoU3RUSkVoRzRVcUE4YkdmNmNHU1YwTkl1MW5TRmVLMVRCM0tIVXV3aWpDSQ?oc=5,New York Daily News,neutral
Janno Lieber,OMNY,"MTA to stop selling MetroCards by end of year, agency chair says - Spectrum News NY1",https://news.google.com/rss/articles/CBMitAFBVV95cUxQdFA2S0ttME9kYk54WDBFMzl5SGVqTzI4cFhlN2JYMFppXzlHNUplUEF3VHdaa3ZaeXowTnJvMTdNb0NlZ3BNbTBJNEdPczNNbjRGbjlQeGthWi03aUsxOUxpVm5sMTJ3UTZjajZ0amhmenlDclRfLTlLZUswMnFmbnBnc08yOEVqNzRjYzN0V3FCcUt1T1ZqUXNkTWtsSHQ3ZkFWcmdEYlZxYWVrU1JTeTV6TlA?oc=5,Spectrum News NY1,negative
Janno Lieber,OMNY,"MTA hiking bus, subway fares to $3 next year. Here's a breakdown of the other changes - CBS News",https://news.google.com/rss/articles/CBMidkFVX3lxTE5pQ1IwX2lMMWtLRi1mV1ozWU0taGVJTE9ZZlhvOHVwdThMVEpRUURxTXQydHlJTDF1cG54aFFma0NxakdBV3JQUE9ETGdHaDVSVFNoejRnRENyMkkyOEJOc29OSTdJazZ2U01Zb3dNZUJndWxIVEHSAXtBVV95cUxOT2pJZHdEZndsVEdSNThCTnFXQXY3ZGIweF9iU3d6SlRqNlZiRzlIM29aOVlqZV9RUHNfR29Ha1B3c2xEWnNMcEtxMXRJWXg5YTl0NUpDSHducWo5VkFuQ0Y0RGxMZ21GOEstZGNqZXBPZ1BBRW9wVmlpZ0k?oc=5,CBS News,neutral
Janno Lieber,OMNY,"Mayor Adams, Chancellor Banks, MTA Chair & CEO Lieber Launch Expanded Student OMNY Cards - nyc.gov",https://news.google.com/rss/articles/CBMiywFBVV95cUxNRFZXVWhsYVVsU0c3VFVPcm01bXV3LVdKZERNVm5lbHlkTXZGYmg0X0FBMU0wLTlTSXZad2FHVl9BTUxvM2hWalNKLTFMZFhNVUZzYUNBX2EwUWtFaE9sX2ZOTDFmNWZLelU5Z01XQThoTk9SbW5fbUswQ1NrQ0o3SGtOSkdXajdFOXZsM25KS0tsUnlOZDFPSzVwTnR1a0hrblkzRUcwbGJSUWZYOWhnYXNoeHk3VG9aenhabnBoUzZlXy04TVBlVHlGOA?oc=5,nyc.gov,neutral
Janno Lieber,OMNY,"Thursday’s Headlines: Bye Bye, MetroCard Edition - Streetsblog New York City",https://news.google.com/rss/articles/CBMijAFBVV95cUxOa2lTa21MMWZPWkl1YXp5V05pdFp2UjZlLXFVTjhNUkNmWFM1RUw1cFM1NFd3QlZXQ3g3Y2FncHU5cEJRei1uaEVncVJzX1RWWDlEUlRGdGtzT3lJZWNTbXZMd25ObWRwWEFoYzliUnpBX0hqWGh0WmQ2Q0UxWmZfQnY3aHFQSXBBZmZvUQ?oc=5,Streetsblog New York City,neutral
Janno Lieber,OMNY,MTA announces that iconic MetroCards will be replaced by OMNY by end of ’25: ‘You served us well’ - New York Post,https://news.google.com/rss/articles/CBMikAFBVV95cUxPbVhaaUFKSTVCSWdLcUJMNF91a0RJMlE3ZFJGcHBETDdmUmpRTHE2WGF1blh6N0JLcmt5cmxPUEtqNjJlTGkyY2xnME94V292X0lVM2RPbm1nTXFCVDl6RHgxWEEtZ0otQm5VMWpILXR1dmFGQUVaR2hoUVh2S29XbllWd3BYakRTTkdGWjdQZlE?oc=5,New York Post,neutral
Janno Lieber,OMNY,"What to Know About OMNY, MetroCard’s Tap-and-Go Successor - The New York Times",https://news.google.com/rss/articles/CBMickFVX3lxTE1PTHd2elRlMHgzTTJVQ2hGNUFDWlFfM3ZWMEFtSUxZeFM0SVdkZ1FaQ2Vxa3dCTzBtd0lSUTc3ZTVySjJKSUdZWmdLbGFTV3lXeGs3QjlRUWhsRXNaMUl4NWdnV2EtZEdBZzVSRnFfeGJQQQ?oc=5,The New York Times,neutral
Janno Lieber,OMNY,NYC transit fare to bump to $3 as MTA board approves hike - Gothamist,https://news.google.com/rss/articles/CBMiiwFBVV95cUxQb1Rua2swSUdtbGFsTktZeWhWTUN1aGZHWGhwelN1amZMX3JPcC1HXzdINUFZTldaNDF6aF8yWGZrWXNOa3JjTE45ZVdIdGpsdkx0ZEEyOUxqaG16TWgzcmhFTk9wVzdQd2ppNVdUQ3lZR1p5ckp5TzA0c1J2MjhmS2UxbFlaMHdIak5N?oc=5,Gothamist,positive
Janno Lieber,OMNY,NYC student OMNY card program expanded for coming school year to include more free rides - SILive.com,https://news.google.com/rss/articles/CBMiyAFBVV95cUxQYW9RRjlRY0d4Vm5IUnNEZVdUcGFmZVRVRTY2QUVPUnJJSnIzQmRTbHF0LTk1ZUlWV18yXzVscjV0UWQ5WTltUF9XQjlOTHNjazBESnJXY28tZjh4ZWQ3X3pPVjRoM25mcnhYdFFtZDRhR0xlVGJsc3EydGRwSVNrRUdvZi1zdHpkWVhJbnVoQ05maEU3UlFJeXpEZGdHV01NZmJ1Mkp6WEFERnZCbU5vdjR0SjVKLWd6b1diVjhRRXMxOXZza0tQbtIB3AFBVV95cUxPa04tMGl1dm1XVnJZcmgtN3VIMXVMVkVzTWxPRmFpeEt2dXFSZllGYjR3OHUwajNRM1dmNGRuaHp2MFdxcGJaQzN3aHZFdDN2My01ZHczYlM3c24xQ1RFeDJnZUc4OXgxV1k4YW0tLUZqdVJuT3VvR3RTczNsWTc5djQxUnpBOEFrdms1X25PTGo4bHBFc2lraV9uNTR0Q042cnJwMjdYQmREZW91RFJmMzYzOWVLa0hxOW1EWVFpTG56UXo3el9NUmthVmZGQWpSZDZ0WWhvVXZoNmgw?oc=5,SILive.com,positive
Janno Lieber,OMNY,What the MTA says about expanding OMNY student passes - epicenter-nyc.com,https://news.google.com/rss/articles/CBMihwFBVV95cUxOcUZvNGlJSkVPcGhJaExnNkJVbUNOck1ldTJKdnY4dTBTTUk1U3M3MjZfX2MzbE0wcVVJeGU5Wkh1RnRUVVltUU9oQ1Vrb0swTkVmNzc5bTVPc2NfV3BfLTR3N0ZiYU1IeGtuXzRwM2ZmRXNlRG1JSmFlZVEtZmJNTXF3cWpESUU?oc=5,epicenter-nyc.com,neutral
Janno Lieber,OMNY,"OMNY complaints mount as some riders fail to get fare cap, transfers - Spectrum News NY1",https://news.google.com/rss/articles/CBMiuAFBVV95cUxQS0ZwN3FLQjBRYTJUbnU0WmFBbEFEYzh2bmk0bUJmN1RyN3VNRGJVRGd2WnZfbjh0dWdQcURyWHpwbENVR3hvcERzQXN1Wl9BU1BmUVg0SFlUQkFDbm5Zb0NNQzJVMi15dWJ5Z1ZZN3RXNFNPYmxveC1jcHViclJWS1I2cVNWdm5ZcEY2Sld2b1FoREJiRE53QzBnUU9JODZMSUZQNlFLeGVGSnVjb0FqWFlYZUFNckI0?oc=5,Spectrum News NY1,negative
Janno Lieber,OMNY,"MTA board approves proposed fare hikes for subway, bus commuters in NYC - ABC7 New York",https://news.google.com/rss/articles/CBMiiAFBVV95cUxQQWdGVkdjTnFyMlRWQk52MFRCMy1iZ2xlRmN5ZmVCX19kMEpULV8waTUtZGJRVWkxaHZ2blNnM0o2YVA2VkRYY0xsOEtDbzgwWVVjdThuYTcyN2M0MjFhdWtxVEVoNjVYZHprci11TmpSdGxoOUJLdFVQYmJmYUxENUlXNnlpWC1z0gGOAUFVX3lxTE5KX1pacVJXV1hXRFZVZDdPQ295RmlzRGc3YkFZcUNLc0VBR2xtRkFQWkNtbVI5SElJUGJ3dHpZODB5c3hMT2dqdFZqOUgxcWo2bnB6ZFZnY1JfOUZVX3dSV29MNUtpeXZ3SWg1OHdOcTFLOWpfeUFKR2pCemx2UmVXWVpMRFU2WVlQcnZTalE?oc=5,ABC7 New York,positive
Janno Lieber,OMNY,MTA Again Floats Back Door Boarding Once Students Get OMNY - Streetsblog New York City,https://news.google.com/rss/articles/CBMingFBVV95cUxOREhjYkNyQXJEMVFCNlZFUUViMzR3UjltZlRVWUhyOHlEdm1PeEo0aDNOTER1WHRfQlR3aHlLQ0RaeTFFeVZoMXpRR1E5U09hbkN2bEVTa3ktSWJ2cmFwSDVkbV9tMkhVRENmamZ0Rmt2YXJ0MUJhSEhlRFY4akZmelFCMC1DcDF1eXBVaWVXcWFCenprZzFIT0VHcUwyQQ?oc=5,Streetsblog New York City,neutral
Janno Lieber,OMNY,"Fare evasion: MTA plans to use ‘European model’ of agents asking bus riders if they paid after boarding, Lieber says - amny.com",https://news.google.com/rss/articles/CBMic0FVX3lxTE9mczBxcFhKZFU4YWtRZUQzeml2M0ltdnpKbVpGWWlSRjRNYVNEY1ZIODJLOTVSQmRoTkFoTTJ1UUtYTlgyZXotczBnbDlucTczV3dBRUZKZkIxTDNsak1YcnBHUzFDMmJqbUNsQ2pqWW9td1E?oc=5,amny.com,neutral
Janno Lieber,OMNY,MTA to stop selling MetroCards by end of 2025 as NYC transit fares move to OMNY - Gothamist,https://news.google.com/rss/articles/CBMiqgFBVV95cUxNbE40QTl0VGFMMjBwQnpYcEZtZHBtdnJLaVluZ2NNUG9ZQ0lINVpIN3ZlRDFmQ04yZXA1am1sdU5odXV1b29KY01qb3hSTDlYWHVlX2xJWUNYa1QtZ19jcFB1SHUydTBGNTZrT0Z4RG9XN2EzZzRTYzYwanVIN0JfRnpXckFLNWNWMk1xYW1sNnM3b25lQXlDbmpVRzI2T2E3OW1UUVFYMG9wZw?oc=5,Gothamist,negative
Janno Lieber,OMNY,Bye-Bye to Metrocards - WestSideSpirit.com,https://news.google.com/rss/articles/CBMidkFVX3lxTE9kU3J4RHB6VkQ3bGRGbDNJMUdTcmxXalJGTWpweFJUTEVweDVxYmhxZGJVdWdTTHhHM2tGQm5sblhTQ08xMlZENnFsYWlKSDAwZWJTd1ZKVTJEUk5lazV6RVpWQ3dtNDlKOTYwU29MMnJGdVl4ZVE?oc=5,WestSideSpirit.com,neutral
Janno Lieber,OMNY,The MTA Is Doubling the Cost of OMNY Cards: Why You Need To Buy One Now - Secret NYC,https://news.google.com/rss/articles/CBMidEFVX3lxTE5OS2FBT2UyVjkteEh2UTN4LU9XWHNFQzlOY2JvT0lWaXV4M25UN0p0RExzQnZPSTdRbnFwbGlJVk5zU3NRbWx6R2I0TnY5dHJlQXR4blBfel8wbzI4OG5vVlhvenFoTDE0REhEYjlMVUJER3Y1?oc=5,Secret NYC,neutral
Janno Lieber,OMNY,"Exclusive | NYC subway riders push AG Letitia James to probe OMNY cards after claims of extra charges, phantom fines - New York Post",https://news.google.com/rss/articles/CBMixAFBVV95cUxQdVFhc3dCcVYtNnJaU0dhQnZHODVkYkRFbjhGNkdTdlpHT2RsbjZfSFExVldiMjR4SDZ0R2dnbGZTR1RfZDNKX2JnSGFUNEtBYXFrTWY3TWVKX2tmWmJFNWQySUh4RWZuQ3pqTHh4YjkxRnNzWHl5bDFReUd5ZWtHWWdEdTkzWVBpWGQ1M1BHUzBSZDRSQV9nWFNPalRKQlNmTnNBRDd5YWdJeWNzbE9vdFlHbld6b2xnekhtaFZNRG1OMUlM?oc=5,New York Post,negative
Janno Lieber,OMNY,The Dream of All-Door Bus Boarding is Victim to MTA’s Fare Evasion Fears - Streetsblog New York City,https://news.google.com/rss/articles/CBMiowFBVV95cUxQM3VKRUFqbEZBczBBb29SWWF3eldEZWJ3UjhNSVUzNmU3MGIzMWxzYy1GSHhIbDh3Rm5SeUlaWGlzQzV6MzIxNkFaZ0o1V1ZJLWQwRHgzMF9KSjhVMmJsa3JUb3JtaE8xS2NqdlNoRzBHZWh0dEsybWtZOGhXNkk3bHNoTmFXcWNjcjU4X253SXRGTmdXVEZ0aEFWNnlINlB3SWxj?oc=5,Streetsblog New York City,negative
Janno Lieber,OMNY,"Slow Rollout: MTA Issuing Last of Reduced Fare MetroCards for Seniors, Officially Transitioning to OMNY - WestSideSpirit.com",https://news.google.com/rss/articles/CBMi4AFBVV95cUxOcGUtZUFpbkNtUnJMWG5iQ0k0bE9qZmt4cjd0cksxTnJCWVl4WmRlMDZaenJjZW10R2p4Z0xSek9TYmJ5TmFWU2c2WXJCU18xM0xzNjlwYmRJVGdMbHZaX2JVbmdydXZ6UkFpNnhXVkdCN3p2R25jRFo2MDVUbWV5eGdSZm9MTW1IYkdBaUNiT2dyM0g4NFZ1MVdpSmJYQ29UUy03LVNPd203ZHZDRW1ueUNZeHNSUTBXb3VtaWtHeVU1TWRGQWpBUExYUFNoVnJSVGNCSFJXLXl4MmJMZFljeg?oc=5,WestSideSpirit.com,neutral
Nora Leerhsen,Chicago Transit Authority,"As a new CTA board is seated in September, the current chair positions himself to stay in mix - Chicago Tribune",https://news.google.com/rss/articles/CBMidkFVX3lxTFB3ek42emtqYmFzSERmYS1GV0E0Tk52NDFuWGV4QXVhUlZ3eXJrbVNfUGMzQnlwVVh0dXZxZjdwVFJ6bDBpTTIwTDkzdkRrZXFBZzM1clhrejNBV0tQTkQ2dklzdU9WQkZYbzZXTlNMd2xCeGN4OVE?oc=5,Chicago Tribune,neutral
Nora Leerhsen,Chicago Transit Authority,CTA introduces child-sized benches at 10 'L' stops - CBS News,https://news.google.com/rss/articles/CBMieEFVX3lxTE9BajBSTXJEVmpmX0Q4aGZrNmhSbVpweElzR0NFZGFmZmx3WUYxU3BVRGdTTlMteDZkVTBXU1dLc1lSaldUb2Q2UU1BWm9QY2dfa2ZVMk5ENUFxRVFtVWYtZjB3OVdOZEl5ek10S0ZENWtBdWEtb1NzUg?oc=5,CBS News,negative
Nora Leerhsen,Chicago Transit Authority,"Union criticizes CTA for ""leadership vacuum"" due to lack of a permanent president. Acting President Leerhsen touts public safety progress. - Streetsblog Chicago",https://news.google.com/rss/articles/CBMigwJBVV95cUxNaTlyemVmTU9vSTMzOXMwaUZ1OG9wZDREQWRtZHMyLTlHU1BtZ2FGR2E1dGhVblNfQ000cENSS2RBcjU2SXplYzMyZlBRVXNsNlpqY1k4eGFYUzVwTXBqeUNELXdwVktEUWxCQVhubTc1S1NKZ2FOS0NpeFo4VG9ReUNzLU1ZdXhzbHUwZkcwb0taUmdWQkZiVzNxQ3RtcEN5MWUwZk8wU0dYcnV2bEY1YXN2UEZfbHJNdHN6d1ZyNElqRm9Oa25YZ2pnVmZPM3B5RU5LWjhOdUtzVWJCOHg1TjcyTlNCSlpES096OGRPcWFRREhqX0ptRlBLN0g3dkQxQ2Fr?oc=5,Streetsblog Chicago,neutral
Nora Leerhsen,Chicago Transit Authority,"Crime Is Down On The CTA As Ridership Increases, Agency Boss Says - Block Club Chicago",https://news.google.com/rss/articles/CBMiqAFBVV95cUxQWDhXWUNqcjNjQTlwWWJLYmViTzEycUVtc0JTa3cyQk1MOV9URjZVSkNnV3dLYlZCdjI0dWRQWHBzaVJoaWI4YkdYLVdBYkVQVkZkRWVGZS1WUGlocjRRY3lCd0p1MGVQQ0xoc3hHdkIxc1JEWHBuZXVzWkx2X2Z5VC1CLTlQTG02MWY1WE1KcUlOU29BN2FqLUF1d2xzOU1XeUxuUWtFTVU?oc=5,Block Club Chicago,negative
Nora Leerhsen,Chicago Transit Authority,Transportation committee misses chance to ask CTA questions for second consecutive time after lack of quorum - thedailyline.com,https://news.google.com/rss/articles/CBMi2AFBVV95cUxPaUJfaDFaSUY0RU1QQUZXYWRhaWlUeE50cWtCZnYyT2VYYzVRcm9lR2JnSXNDVUN4YzE0TVN1YktlbmJyR3hDenNtbHJ2UGt4XzVOV3BvbkxoMEpYTlVyYzlncjVZWlppSHRUQmJia1lsT0U4Q2IyRWZOR0k4ZFZUeHNPUm5qdUZDZEJOOEI1YWVja1B6U2RUUld6aG01N3kwRlp0TENCNWgtOVk1NlhnZlBfa3FuVnFQei11WjhNLVRldTcwMVdtZXFxalVtMGplMWpzbk9Yc0c?oc=5,thedailyline.com,negative
Nora Leerhsen,Chicago Transit Authority,CTA boss avoids potential grilling for second time as Council members skip meeting - NBC 5 Chicago,https://news.google.com/rss/articles/CBMiyAFBVV95cUxQR080T3FreDk2VkVYaUVwM1RwN0RheXpYamlZWjdnM0RkT0pqRXhGcWRubkJXTThBVTNDbDlxdmZBS2lCVW9vM2U4eFEtS0lYV2t3RURUYWQ0YTFabWttY1BPbU0zZTh4NWltWElxcnBDNWEwbnc2YzVVazVmdnJ3SFNaQVphNHlOMFZVM01vaEFhTWJfNTlEQWRyUHFpS3dmWVliVmNBN2R5Nm12SUdUaXJhUE5McG1sdmo1LS1WUDB1dGFaLUdnMdIB0AFBVV95cUxNaTUzOFFzbkZhYkpmM1NURG9jOWZjYTk5NFpEeGx4RDVnSng3SjhJbUpuSVBqb2RIV0tSYWhhSWhKSDdfb1lrN0JaVDhDZDIwY0ZoajdVd0FNY25VRVdGMWttZDhGcU5xZzc5eW1aYmMzbmRIUXluZE5aQ0JkS2ZfOE5TMlJlaW1CQUotODlsSGlHc3QzYjhyZEJJaDhYNG03cWpZcWlEMUZpaXJvbUVRNmRkVzdQbHd3YVFlY1lxcm1RT1BWdHZCaDRqVzhRR2Jj?oc=5,NBC 5 Chicago,negative
Nora Leerhsen,Chicago Transit Authority,"CTA Leaders Tout Ridership Gains, Lower Crime Rates on System - WTTW News",https://news.google.com/rss/articles/CBMilAFBVV95cUxOdDg1QnNBX1VvZHAtNEtVbVp1WGZvOExNbUFyYkIxTVpELWo4UXRjelJvVngzaEVESDZzSGxENTNPXzVLdUlMUGZBN3N4LUVYMzA0NlFZUGdEeno1VUVYdXVDNzdvVGpHSnBqRXZ5eldPcjFmNW5zZ0J6Y1hsMnFwbk5uRjRKdU9CZUpVSng2dFU0dzVC?oc=5,WTTW News,negative
Nora Leerhsen,Chicago Transit Authority,"Rail News - CTA addresses rail simulator, rider safety and station accessibility. For Railroad Career Professionals - Progressive Railroading",https://news.google.com/rss/articles/CBMizgFBVV95cUxQOTJfaDJ6RjA4NzdkbWR5ZWcxa0J3djROakJCU01OOUhTZzllWkU5S1lleTR4WFRjWXhhRVlLakxEczhzbzBndlNSSU5pUV80ZTdpRnJ4VEl2Slh1VDhYWGFiT1VrTzZfWDJHVUwydzNpdmxzTFV2T0ZDMHNtUENJdFc2aFQxY1Q1Qy1RVG9sWnpELWxzaXVqNUJYcHYwS2p4QkQwZjJoUUJwN2psd0kteDZoWGVNNlVFUXpfa1lxVElteWktZEZpMGJKQlJHdw?oc=5,Progressive Railroading,positive
Nora Leerhsen,Chicago Transit Authority,"CTA secures funding for West Side transit improvement design, construction - Mass Transit",https://news.google.com/rss/articles/CBMi8AFBVV95cUxQZHJ4aXZ5clc5bVFJYmdxUkNldDFxdXFyaEQ1RE9tQVZCY25WWFprWW9iWkkyS24xRElRT0JxR3ZvM1JSMHJpb25zYlFrWjdpS1hGSFBOYUZkOGljYXpoTm1ER2Z0dXZjMGJ6VGhGOGx0a1BxTlp2QWxrbk1Dc1FRaVVyZzFMaHA1ZUlySXVlNFNNdVFKNUQ0ck85aGgxYXlNQ1dXdC0zajRrWGd6MlY0RC12a1ZYbXhtd2J3b2otakNoejdfaXZYbTV6alcxUmNobnRkQTRjRkFUNUZMLUNTNVFzdm9WWE1aTjE1TGo3bVo?oc=5,Mass Transit,positive
Nora Leerhsen,Chicago Transit Authority,"Acting CTA boss cites major drop in crime on transit system, credits collaboration with CPD - WGN-TV",https://news.google.com/rss/articles/CBMixgFBVV95cUxPUHJ5N1hKa3gtWUFDUzVFcUxEcE84dWJ6Ni1YMHBhbWRfWDVOcUJGSHRQU0ZTNUxUX0NJbThjOEJiclNLOEJHejAySWZvaGRmYWx5YXcybVNBSTM4THFNeVBxTWpjNzhCZ01udDVMaUk2QmQtUXpwMUZpbHlILXo5ZmdVRlRWUlpFTTQ4RjdBaDVWRVpEM3JDTWdOaVJhVk5hbVFfbGVRYVkzbl9tVDRFb2Z2YW9yQ0Z6TXlpaDFLMk5HT1gzcXfSAcsBQVVfeXFMT2ZQUGRubHN2VGhNLXV4NERBOEJqMVVmUjMzcW9Ublc3TXFuTzQ5TGxGY0JIaFEtRkl5UTdJYnprV1A4MUVTYWs4Q0FHOGl5SGtiVExKSFRnZXdTODY4NW05azRyNjloejNpblBQdUhjNXhySlRva0FkdWhDZ1g1SU1BNDNfejNCY3EyTW5CMkdTeGRGdktqbURudGlBT3Q0cElET1d4SHlDQnpxd0FoVW43REdGbHRGeU1ncUU4ZGFlc25wNVdnend0Mmc?oc=5,WGN-TV,negative
Nora Leerhsen,Chicago Transit Authority,"CTA crime has dropped for 6 straight months amid security surge, agency boss says - Chicago Sun-Times",https://news.google.com/rss/articles/CBMikAFBVV95cUxOa0dOSE5EMG5aZDVVZ2RPQk9zLW9BNzIwSUZ0ejlSTzNKNlYxZGtFOUhBQmtmbW45TGlFSmNYRDJTQy0zbHM2V2U2MkthSWJtRDRxZ2dLMzNGT1g5NGVNVnItcTNQV1hHS2xYQXQ5RmJxUU1GMHBpRVNpMy00UVF0VU5uRURCeEN2MElQbXRibU4?oc=5,Chicago Sun-Times,negative
Nora Leerhsen,Chicago Transit Authority,$10K reward offered in shooting that killed CTA worker Kevin Barlow near South Side facility - ABC7 Chicago,https://news.google.com/rss/articles/CBMiuAFBVV95cUxNc2pOcXR4Mk8wVWNwaTdUcS1OUWdyYmR2ZDM4a1pITzJFa2h5NTIxd2hlNkxFRmt6aDJOQjVTUzVUYkRaeWJHekI5TG12aFZfVkthMG9SdGpGOVFqZjA3Ym9tVHdfMjNxTE9XZjZxdVlzaXdKZEhFbnBvVzBqYjk1LWh0NE94OTZhMTROZy0tSFdud29XQjMtdG92WE9wT3RidUxnYXpzOGdtOU9Ea1dfMXVOS2p4ZDhi0gG-AUFVX3lxTFBlRmU1VnE2NGU2QTNVQW9IcEhJS0NFMmFMQk82Q2hUekZ5UmFVV25TemZJQy1ZNk1jdU1ZSk43eERTU1N4WFFXdC1mOTZjU2haanJhTGdQUmJ2ZDMyUVJ0YkpyV29keG8xbTJrVEtmVzVkeEhRVDd2YVpQbVpmM19FX1VLbHhvd3JLdHZ0VDBBX2JZTWdaSFBOcVp1Vk9TTU8xbzh6cG1WeGNCeGx1Qk5nZEE3QVRQM1JYNFRKaVE?oc=5,ABC7 Chicago,negative
Nora Leerhsen,Chicago Transit Authority,"CTA chief touts improvements in safety, ridership - Audacy",https://news.google.com/rss/articles/CBMiakFVX3lxTE9DR01zeW1QcVAzYXJZU3JDNmZEMzdkSmNGdUxHdGtWYk5HYWhDUXpiYzJfMmNKemU0WV9fOWw1X3lYRWRIaWdDaWdIV28zaHU3azM1bTFSSXd3bWlsZWtFR1EwRGdFOURxeEE?oc=5,Audacy,positive
Nora Leerhsen,Chicago Transit Authority,CTA celebrates Red Line Extension groundbreaking - Urbanize Chicago,https://news.google.com/rss/articles/CBMiiwFBVV95cUxQYXN3YmsxS2ZOYTI4Y1Z4MjJOdDBoX0hvc1F6U0pvM0diV1A4bEstVlV0V0FjaFhtc25KTDVUb3p4ZFltRlJrX0Jzc0o4TVFfQU9pVHk5cFdVOTJwQ01QaFlZa044ZV9qaVYyM0VzTWxUQ3NIbmRtcDU1TnlzcG1wYzJJdi1oQ2NlcnBj?oc=5,Urbanize Chicago,positive
Nora Leerhsen,Chicago Transit Authority,Commuter advocates: Make Nora Leerhsen the CTA’s permanent president - Chicago Tribune,https://news.google.com/rss/articles/CBMihAFBVV95cUxPNzdHQS1jUFFYTU5NVEUxT3I3aVJrTWdSN1BobGNGc0VtQUdnWFduN0VCdWU3ckFNSXFfQnhVcHFlTmsyc2x6UFl3NFJOMDl1Z2RoYXNYV1NJaWU1WUtzdXR4T1REVDhtN2NvOFF4V29LWW5BWFlBM3d2cFhLcFl0aTIyRHU?oc=5,Chicago Tribune,neutral
Nora Leerhsen,Chicago Transit Authority,"New signs intended to deter crime to be posted on CTA buses, trains - CBS News",https://news.google.com/rss/articles/CBMiggFBVV95cUxONmV6RTV2WldwUGt6RTBDNGJyLTF6MjBQVnlMZzJFMU8wdjBNQjhOT1ZKTDlHNXZMZDZYTUoyN1YwTTcyS1F4RXdyWm1pWlJoOFY2SVFBUVFpRldhREZYMXFsUVduR1VESVVKT2ZuVTI2LTNaalZ5TEhWYVlkS3NfZVlB?oc=5,CBS News,negative
Nora Leerhsen,Chicago Transit Authority,"As the CTA approaches a major governance change, many alders ""ghosted"" it's quarterly City Council hearing once again - Streetsblog Chicago",https://news.google.com/rss/articles/CBMilgJBVV95cUxNYVVueHItR2xETkNFa1g5cDRWLXBLcWF1dUh5WTRMVXdFQ05jNTNCNjRGR0NuV3BtSXRvdFRxMnNKckJLd2lnZ1pYS3lTWTFndFVocW91UndEWFVXeUFON0E2em9hb3hPTmNtWTZ4eVVGbTNIUWRxSFllcVdwZk96OFJ0blBOZkdZQkUwTk5LTl9oQi1hUjR5VFdpYWk3WG1pQzkzdDZLRGJmYmQ0MW1EZWFEaC03V0pIc1N4WjhsaUZUM2duZzFEU1huUFE0VmxIdTBlZGNCdDRhTGVQalR1MUlFYmE1U0FOcFlKN0E2ZmswM3g5NmJuU0tzMHczbklCT3ZoTHpHTGl5eEk1Mm5lWUYzN0sxdw?oc=5,Streetsblog Chicago,neutral
Nora Leerhsen,Chicago Transit Authority,"CTA ends unarmed guard contract, sparking backlash from some groups - NBC 5 Chicago",https://news.google.com/rss/articles/CBMiugFBVV95cUxOS2lhOGs5VDRhcE14OTZ5WGptdXI5NkREeTdRY3NwTUtsYkpLdExnMlVWSGRPNk1RbWdNTl9yVVl2ZXlLUW5oeC1HcEhuU1p3T3hpczJVbDdod3BkQlpiWlNvM0xJNV9RRXVMZWE4aGxPUmplbHB4Z25DeHBiTUV5eVc1bk9McEtFSV96Z3lvZ3VaV3czR20yNlBZdkUxWEZMd2k1TjZ4ZGloMWRvdFExSkJvWVQ1LXg1dFHSAcIBQVVfeXFMUFh2YUxHeHF6QWd1dWZObzllWlgwT2t4UXhxM1BTcUNiSWtSbnBWcTEwMF9FWWZsd19LMTFkSTNrUl9fcXBxVTBoZ3lQOEx0X1dTY2o4Um93TFhFcElQelpSMXRZY2RsMXV4NVYzUy1tUDFCdWJMUkNFdWFYamh2UmRZSDEyOEpuMGVoc3laOVhFWmZUbGp6aFNjNl9UQXd4T0tNRkthX0ZZak1QbDFEMlhxd0RLRjhDalZTM25iLWxDSnc?oc=5,NBC 5 Chicago,neutral
Nora Leerhsen,Chicago Transit Authority,"CTA board approved deal with IDOT to fix Blue Line slow zones, and an increase in bus lane enforcement cameras. - Streetsblog Chicago",https://news.google.com/rss/articles/CBMiugFBVV95cUxON2w1ZnRDXzFfclpDMFFMSHkwOVQyVmhYS1ZDRXJjWlM0cEtuRXNqYnhFdy1BSGtTWHRrdWNKV1Z4S0ppTktDM2t5SDNVTEkwMndhY3ZZVFQxNVQyZVpTQlo0U2lfNV9FQVBoRFVlRHJMNTMyNXZtSllnbGJaYmVUSURnYWZEUkhaYzMyZEM5TmNCenA2T1I4MWUzM1pmSHpQYUstOExhWkkyVC1nU1hrTl94WUVKTS1lRGc?oc=5,Streetsblog Chicago,positive
Nora Leerhsen,Chicago Transit Authority,Mayor Brandon Johnson makes last-minute push to name permanent CTA leader - Chicago Tribune,https://news.google.com/rss/articles/CBMijgFBVV95cUxNZUd1eUVSUDNEX1pDOEhlRGRZek9nODd4VURXSWl0ZFZfX19BMURBSlZWREhfamgyUDdycnd3bEFCVkNqSFJqQXpiRlVDRTBvSzBxRS1sNmhKbndxclp1ZGxSbEJRMlI1aWxNRms4QXl0eDhBUkR1RVhDNmwyNUY1amdnYzJwbWo3aldjVEZn?oc=5,Chicago Tribune,neutral
Nora Leerhsen,Chicago Transit Authority,RTA chair sends veiled warning shot to Mayor Brandon Johnson over CTA leadership - Chicago Tribune,https://news.google.com/rss/articles/CBMidEFVX3lxTFB1YW5rbk5veUl4OWQxNWtWUXRVTTluQkRXSTkxakVpbGw3V1ZsZUJ2dzA5eW83Q2pnSFdXM2djbENucWlLaklzZy00cko3bFp1aUVhancwNjhlSUg3RFN4NXFZdnBRZDVsVkQyaHdoUnRCT2Q1?oc=5,Chicago Tribune,negative
Nora Leerhsen,Chicago Transit Authority,CTA Celebrates Start of Red Line Extension Project at the Future Michigan Avenue Station - Associated Construction Publications,https://news.google.com/rss/articles/CBMixwFBVV95cUxQWWhJcTAySEJpNzZBUXJpbmc1R2FfM3lRMl9NVzZiMzFNX2JIOWZNMmVCWmMzQjBCYmZRWl9QQ2ZYd2Q2ZEVEV1hYdnBXdGFyM1RNM2VvZF9MX1dlYmpqcEI5d1FSRVFBSWtSNVg0T2tRV3FWckhGR1hYd0xlc3FyazlxcFREVlpsdHg4S3Q2TUN2bHFQeFVUcDBiV1NNczFDbHVvc25WYXVKTExGazNrZUhMeFRZZGF3R2hxaTF1aHUxdDdrZ1hN?oc=5,Associated Construction Publications,positive
Nora Leerhsen,Chicago Transit Authority,Letters: Readers share how the CTA makes them happy and how it infuriates them - Chicago Tribune,https://news.google.com/rss/articles/CBMibkFVX3lxTFBoaWxyNTNSRDA3OGhxeFYzMDhjcmNaOVBRc2xLOGdBeGFFZlFoTjVTLVVfMkJkbFZlR2FXSWxTYWZmVFpGM09kWTVHblk2VnJXU1p0X0NZVnlSQ0drVlhwb3p2SURCeUhjVXBqa0Jn?oc=5,Chicago Tribune,positive
Nora Leerhsen,Chicago Transit Authority,CTA Says Bus Ridership Is Rising - Audacy,https://news.google.com/rss/articles/CBMid0FVX3lxTE9GdDhEbDB0WFNVM2dwWFByUWNMNmJ3VllGLVozUWVIV2t6WWlMZEdxdks5dVg5ajJjTnhlNFJpb3ZFbjE2TEQ4VWh5VElqNkZlYnFtRmtvTjJxNzVueUJzdUZ4MXVkQjZTUTRrejhMVGRWcFh1OVp3?oc=5,Audacy,neutral
Nora Leerhsen,Chicago Transit Authority,CTA touts drop in serious crime 2 months into security surge — but violent attacks remain at historic high - Chicago Sun-Times,https://news.google.com/rss/articles/CBMijwFBVV95cUxNSWhKcEJlY3l4UkZzOG1ET3k5V242LU03NVc2Vkdlc0ZNRkxXV0lkVGJnZUZ2OXRYQW92QTBJbTRldWpkVmlBTEVISl9Gckp0QWFYbkJTbnd5cmZZZHRYS1ZEYlJ6TkxoSF9WaFM5WXN3akZfRE9pUXh6cF9sWnl2RWdyQjFaZjJiYVFWZ1VONA?oc=5,Chicago Sun-Times,negative
Nora Leerhsen,CTA,Transportation committee misses chance to ask CTA questions for second consecutive time after lack of quorum - The Daily Line,https://news.google.com/rss/articles/CBMi2AFBVV95cUxPaUJfaDFaSUY0RU1QQUZXYWRhaWlUeE50cWtCZnYyT2VYYzVRcm9lR2JnSXNDVUN4YzE0TVN1YktlbmJyR3hDenNtbHJ2UGt4XzVOV3BvbkxoMEpYTlVyYzlncjVZWlppSHRUQmJia1lsT0U4Q2IyRWZOR0k4ZFZUeHNPUm5qdUZDZEJOOEI1YWVja1B6U2RUUld6aG01N3kwRlp0TENCNWgtOVk1NlhnZlBfa3FuVnFQei11WjhNLVRldTcwMVdtZXFxalVtMGplMWpzbk9Yc0c?oc=5,The Daily Line,negative
Nora Leerhsen,CTA,"As new CTA board member Lily Diego-Johnson is seated, the CTA board discusses art and crime in the system - Streetsblog Chicago",https://news.google.com/rss/articles/CBMi2wFBVV95cUxPR000cXkxQlVmU25kOVU0M1hqUWdWcTZHcnZmd0t5ZmhpVG1GSXV3TktFRHJGUjBCa3REZ2xrZklUN3lSLWF3Nnl1U25nWjQ2eWxtNlY0dWFsTUNjZEtBMG9xeXRfX3BnclN0QzN6RmxZXzcyVjhaVldkZ24tMXlnSWFQQUptVVQtdUY4Ti1mU3pGMG4zeUUzMVc5RkhfTFRaVTBrSzd0cF9xeVlwWVJqVWw4SHA1aVdiV3ZkbHE3ZC1GdmtJc0FCb05Yd3hiaDRpQlo5WlZxQi10bUU?oc=5,Streetsblog Chicago,negative
Nora Leerhsen,CTA,Welcome back Carter! A friendly chat with the controversial ex-CTA president at the joyful Red Line Extension groundbreaking - Streetsblog Chicago,https://news.google.com/rss/articles/CBMi9AFBVV95cUxPUm5xVzBneWtQMW9vbDlIZVZqelpxS29PbFRHM1VyYkZuR0tKQ0s2RGIzYUdtT2hEVjB0X1BmR1ZsV18tYl8wamVJNXJfSzRvcUpEZnhYMTVNQV9oaGNIcmNGbF9hcmw2Smh2LWdJTVB1RTlWV1pHVDV5c0FiSUxjcDBLX1ptR09JUnhicTdLYzROdEMxeG5vcjNjM1BZSUJtdElpY1VtYkFPNGExd0k5ZEp1c1hTczdKTnIybWRpYlhVY2NtT0R6Z0JWdE1zcjZrSXY3bUNEcWtnOEpFTk4tN2JpZjJWRnZrS2NfU3NxMy1UOTRf?oc=5,Streetsblog Chicago,positive
Nora Leerhsen,CTA,CTA task force aims to crack down on repeat offenders and enhance safety - WGN-TV,https://news.google.com/rss/articles/CBMipwFBVV95cUxNZjVrQ2pfZGlRUEpadUQ2S05aMnl4d1lPRms4ek1wQ0xGMXd6a1g0SGFCQzY1LWpIR0xKd3VzQllfdGFOcDF4S184OWUzVzF5Y2Rnbl80MFZsM0RNdTM1dE1qZGFCc2RDTnUzMkM5NnRwVG1yYWxNcFppd214ekZjN2JiRlNkN1dyb3ZSY25rLTVRbVlieHpBODNEamRqSThKdlpFZFptRdIBrAFBVV95cUxNQXljempyYWlRRjR5X3ZUSzI3aVRpV3hCejF6T3ktYzhnUXBrYmZxZVVvZXRlVEl3X3ZJZUtUYUJuQl9FOWFuaXd6cE1oRnN3R1hrWGxtLWJnZy1WdV85N2MyOTExWmtBTFJDcHVjc1RLR2syaU1TWU9rbVQzd2RfS2c1T3Q5QWN3SG4xc3V0TUtGTUNCM1N2MHJhSkhVdGowalF3bms3a3NnTk1D?oc=5,WGN-TV,neutral
Nora Leerhsen,CTA,Rail News - CTA starts construction on Red Line extension. For Railroad Career Professionals - Progressive Railroading,https://news.google.com/rss/articles/CBMisAFBVV95cUxOOGNDdFZ0RVYyU2lTMXhsd09rRXpUSkRXMXltLS1zdXlCWW40Nm9BdzhCVUJOb3JOZUloVjJkbldoRFZtMldsLVdkV3lxbXFmQk5vNkM3NzJ5V19ISlZtLTNYT3FwQW15VmZnbDQ4X1FoYmk2bDJrSE9xVjhyVzhlZ01yaHg0dHdnWXNoTDROSHFGRHpJdGJiNWNDNUhFRmY2bGVDdGNuQXVlUXdCRFhzMg?oc=5,Progressive Railroading,neutral
Nora Leerhsen,The L,Leaders break ground on Red Line extension - Audacy,https://news.google.com/rss/articles/CBMickFVX3lxTFBvdXdFbzZEZXdWdEZCWURwUmF2TDVYU2V4Wk9iMXp4R0F6bm1MSzBCVGRUVndzdFA3d1VEOXhrR21iRnJ6aTVRem5XSmg3NlhrcFQ4NHY4VFh6UG9YSHBNUUYzQzRBNTkyV2VTQ1VjY0pwUQ?oc=5,Audacy,neutral
Nora Leerhsen,The L,"CTA boss says more police officers patrolling trains, platforms in new program - Chicago Sun-Times",https://news.google.com/rss/articles/CBMiswFBVV95cUxNYUdVb2Eta2FTeThLOVhsdFRIblZfQnJqS18tT2F2aXJXZ3lvVVBvbzIwNGFVQVNFZFRLWUs5ekR0U3pIcU5zMExocC04TE1BRXBYaVUtQjg1amd3WVhPNk9JY01QTnhwdHNRN20tejcyMlY5OTVJMVNXT2JraDJKdDVHTDVObFhsbmlWLTJfaUZ1MEtQWEF4UnhoNUNDY1VSU0h5b2xaRE9SSWF6ZDF5djByWQ?oc=5,Chicago Sun-Times,neutral
Nora Leerhsen,The L,"CTA plans 24-hour service on Orange Line to Midway, thanks to mass transit bailout - WBEZ Chicago",https://news.google.com/rss/articles/CBMi3wFBVV95cUxQUjc1WnBCRW93R0c4RDFXS3FodVZMbFBJaFBiYzRYazA5eXpwQVl1SWp0LXM3NFNtdkRwUGRVZ2N1WU92MXlXNXFrY3pxMTFDX0FlT0RCaDlhQ2M4LWhIbDhlYkVHS3kyMzZkRU5TaGRvNDc3UWJEOU45YzFmaUdlZmNQUGdDMXI3bnJQM2pITnBCejg2Vi0wSEx4SWZXZnNfNVhBb01vWjV2N0VKZWxtWkNqSk1TMEZUQW5oVGx3M3BKTkE3M3dVaThsOHFEdTZXa0FJYjdzX1F0c0RiUEw0?oc=5,WBEZ Chicago,positive
Nora Leerhsen,The L,CTA unveils final design for blocks underneath new Red Line tracks - Urbanize Chicago,https://news.google.com/rss/articles/CBMingFBVV95cUxNdktBeXIyZ2pLeXYtTi12dkpMS2ZPREdnMkp5dEJjd2tlWmtiMmNjbVRvNGZQSTU2N1hNMEtENjVpc0tCOGhLN0k4MFI5M3FNMEZBQ2F2YlpLX2twMl8wSGpIZF95S2hkdi12ZjQ4TXBTcDhwZk95RnNlS3Q4NW5EZFVvNmlzRk5kQ1VObEx4U0JKZVVYc2ExTWZ2eG1KUQ?oc=5,Urbanize Chicago,negative
Nora Leerhsen,The L,"Chicago Transit Board appoints acting president, discusses customer service and public safety - Streetsblog Chicago",https://news.google.com/rss/articles/CBMiywFBVV95cUxQOXBsSHlxQVg2NmZXdzUwNGpjakRKa2pYQWdqOXRBUjFvSlhrRlZqTlRPa24xTGRYSW5FQVFfdUp5dkl2Z1lQMkVGcWhqZk9WcGo1UmZGVHd1N2NrdHpSdkh4SDVhOEVtU1dESkhsWWpMeVVCWVVHdjV3VFRUQ04zTmlZZTVNZkFUYXZGQ3FqaWlyMUU0VXBtRm9HQW1TQ04td3YwOWxRRHprSUk5SE53YlU4MVB2a0FkYndQTEppUllSMFBxM1VLVTFtRQ?oc=5,Streetsblog Chicago,positive
Nora Leerhsen,The L,Chicago City Council committee urges CTA to crack down on smoking on trains and buses - CBS News,https://news.google.com/rss/articles/CBMijAFBVV95cUxQR3djYnpmT1VDUGRITzQyaVlpeF9jRzZ4VXNJOVNSTkhlLTdzbUp2VlhSQVd0WlZMVmU0dHRSazRkRFRjR05hTm93bXFlTXZrclA1bHE4S0FhMVVSRXZEMVJYVFMwZ0dGSGFabjFpTnhybEVWNkZmRmwyV2NiT1FfMHU5U2trX3M3eDVORNIBkgFBVV95cUxQM3prVE5PdHhBN21hLV9GLXFwS1kxTDFTWGdRTmRaMWRZdDVfUFpwYkZ5dXpKOG0tVC1ycnFOVDR5eVdRWEZ0U09GWFU0alpnVF9uM25ad3RIVVJ6MDlNYkg2OVRXMm1tc25BdXNfcGxQVmtaN29sRTVGVUoyanQtWTFzSUtHdEhZUXZCajJPYVZyQQ?oc=5,CBS News,neutral
Nora Leerhsen,The L,Acting CTA chief lays out priorities after dodging fiscal cliff - Chicago Tribune,https://news.google.com/rss/articles/CBMiqgFBVV95cUxQY1NtTTNIcHpDa21NbHpSc29COF9zRi1tS0wtU05TRE1LNzh5WTRPNUJkd0ZGWUlHUUxYMHBPQmZvRm9LX2NFbnhCekJ5M1NwWFNXaVhqZVVIaFowdVdMX0cxaE5LU2pJbjI4WEV2TDdtaDc3TWdZT3pnX2N2TTdGYmRkdDlTLVZLVW82QnBUa1RrbHlndldoZHBVdjJZREZ2QWlCN1ZCSVNxQQ?oc=5,Chicago Tribune,negative
Nora Leerhsen,The L,"Comedy clubs offer safe spaces for thoughtful inquiry on Iran war, current affairs - Chicago Sun-Times",https://news.google.com/rss/articles/CBMi6wFBVV95cUxOZ3RzSVllQVlLbG80aUI4ZlJteHBOU0pPb1pHVmdGRzlxNUtSd3hybzd3QkdTUzljUFVveEU2YXV6ZU1kN0RhekVhQlo0SC1idldsZFF0VkRWZzJLX3lsc0JINndLWFlzLXhSMWo3eHlqTU12MXdrU1NfVXBUeThqV2hNWlh4bVUxcEhtZktoYVlfc2VqYWRFdUZFLVBJWTNCaVRTcmV3eE1GTlFZV2JKZjdTamV1aFA3SXFTMkEtbmVDY2diUkxYczJaS0ZHaDE3N2JTUlpNeGp2UGdHWXBFVEVJakpWbEhWZTZB?oc=5,Chicago Sun-Times,positive
Nora Leerhsen,The L,CTA Brings Out 1920s Vintage Railcars to Celebrate Transit Agency’s 78th Anniversary - WTTW News,https://news.google.com/rss/articles/CBMitAFBVV95cUxPcm5fS19wWkZrWkd6YktIbXpLd2JyY1ZoNEF3dFJOc1EwSFVVeGUwTDRKRmtXRzFCXzJNaGxlR3FFYUFRVHhpUUxUSmdkdjBLNGJYZEJrVkgzUVJQcFVub1VtbzAyaXFKUDUzSUFLSGxPU092ajY3cU1vNzhLQ3dmWGNPb0dobUF6bVc5MVVoQTZ4MDBVcEZwbEUtTjVhN0JXNUg2YU0xaVVZbmYtaW52aGNBcC0?oc=5,WTTW News,positive
Nora Leerhsen,The L,"A great day on Argyle: Celebrating new ‘L’ stations, in the shadow of the transit fiscal cliff - Streetsblog Chicago",https://news.google.com/rss/articles/CBMiyAFBVV95cUxPdlZsV3pzQnZJZk5SaHNISUZlM3p3M0NxRzZfcXZKZUJoNHpNLUxYcXZvRnBxN3R0V1I4dTBjR2tDeFdzR25KMHpjampoc3RmUU1LQVNSUGo5SzlCa0Jxalo2cm5jMFV3NGpmYW9KZ1FHS3pRRlAyZGczTGtNNE56dmZuYUNZdnp3cW43M1dKNkg5RzNaNTRNYTd3WUtpV3JqRmZTcTA3MDhUQXdFS2NJdEI4d244SDJjOXRXa2FnMC1LOEptR0RwWg?oc=5,Streetsblog Chicago,positive
Nora Leerhsen,The L,"CTA to focus on safety, cleanliness and bus service improvements in 2026, acting president says - Chicago Tribune",https://news.google.com/rss/articles/CBMijgFBVV95cUxQNlZLampScFRNVnZreUM3aTFOeHBQUXhlcjVXU2xrNTdRQWVCZUJlbmRpZ3F4SVVGeFFVTHVVbGJsOU00REFfMTRQLXFFbmpkZDlIODdvUlFDQ19SUUUzRjNQM1hnVUN2MUx1RnJiSDN3TFViOEpVMTlDelV6WmJqZTJ5N2tud2w5RHFMNmh3?oc=5,Chicago Tribune,positive
Nora Leerhsen,The L,"""Who you gonna call? Ghostbusters!"" At the CTA board meeting, discussion of a new program to exorcise ghost buses - Streetsblog Chicago",https://news.google.com/rss/articles/CBMi3gFBVV95cUxPNVc5aGJoTmFGd0RyUXU4TjFKWmdaazRYZndmWjlVRGtEOGFqeVprTHRYZTUzOVZUQUs3WFFuakRRVkd5WHFNaFFMeGFuanZtYTNEbXpyMm9YWDZ3a0hrSUNBeFM4NmtPUW04TzlHNnMySEZmRU1TMkcwTnQxXy1QX2dhMDQ5TFczOXBwWWhnR2RJVmdtdzZqRm15YUFxdmpFUkd1Ml95dUE5UXV3WE9iNzFQTlBodHAxZWFrcGN4My16dnlCQ3BkLXl5dzRJdzVlYWtXaDQ3NUVQWHpvS1E?oc=5,Streetsblog Chicago,negative
Nora Leerhsen,The L,"No service cuts, no layoffs and no fare increases: CTA board approves rosy-looking 2026 budget - Chicago Tribune",https://news.google.com/rss/articles/CBMia0FVX3lxTE1kTVlpODEwQVk3VFRJOVR5c3hQTWhkamNVRVYzbUtybUtsMWltQUpyUm15dTF2MG1EMUVacFQ4SDc3UTNhLS1IeXdwMVYtUFZ2aEM5OTY5U2MwVnZObEljU3VjTDIwbFFSR01j?oc=5,Chicago Tribune,negative
Nora Leerhsen,The L,"Mayor Brandon Johnson didn’t conduct formal national search for CTA head despite claiming otherwise, records show - Chicago Tribune",https://news.google.com/rss/articles/CBMieEFVX3lxTFA1MjZUZ1RPT3FzN1NnNXQzcktyLXdyMk1DSmdEclo2QTE2eFNYUXFLZkt1blV5anhfWnRDM0dJRGtiQ0tSaC1yelF5LVdLV2lSUHhDWHRCdnR6WEI3TGN2bEVYRjF2Rkd4OHViTVBOZzhNWDVaZE9zcw?oc=5,Chicago Tribune,neutral
