company,title,url,source,date,sentiment
Boston T,Congress Budgeted Billions for Big Transit Projects. Trump Isn’t Spending It. - The New York Times,https://news.google.com/rss/articles/CBMieEFVX3lxTE5STTQ2LWlvSlRoNWhSSFRTYVpvUWstb1ZfUVdWZXp5Vi0zNVRJbHlZM0I4SDJBYkdmNXdzNXh5NDVUWFVOTHBuMkIxeGhIbXNIX0oyUktUZVN6aDFFUFBlLWZCTU5lZzc5THgxN3doRXVHeVZmMTN0SA?oc=5,The New York Times,2026-07-29,neutral
Boston T,"Country singer RaeLynn files for divorce from Joshua Davis after 10 years, despite her past vow against it. - facebook.com",https://news.google.com/rss/articles/CBMi2wFBVV95cUxQd2lSNjNjYVp3OHJHY0ZSakZsXzZHQjY2S0Y1eDNwc0s0UkRpcVlWV0FFZk5Tby1YRHhSMXBEV3BLTjRPQmlBUE40amgweWNPb1I4XzNQclA3eVhreGI0Y1ZZN2ZyNWJ3Q3ItWEl5TXJPXzRhdUlrb29PMklmdVZrSk1nM2JOQUxTWG1kYlp2cUZYZXdzLWdmWGNQTEdaejdEck5acUwtRVFpRUU4TzZER2xwV18wZ1ZoZy1JMjZjSy1JWVJnSGVUeGpydU10X2FqeThaeTk4T0pEWU0?oc=5,facebook.com,2026-07-29,neutral
Boston T,Three MBTA bus routes to remain free through end of year - The Boston Globe,https://news.google.com/rss/articles/CBMikwFBVV95cUxQdklPRFYzXzJMQ2VpaVBmZjkzUGljQ0RmMjVXRHA4ZWM4Skc0XzBybDFDZjdZZ0lHZXZfeDFLeWZlUnFKRC11UGN5cDg0MjlsNXljVkdBUDJUNm5jVUJOeWlQYU5nTmdCUktQeGhNc0RBWkZlS0EzemxMMGtGalBTeG5oM3g1amNILWhUTEtsaG5wS00?oc=5,The Boston Globe,2026-07-29,positive
Boston T,Harvard Houses as T Stops - The Harvard Crimson,https://news.google.com/rss/articles/CBMifkFVX3lxTE5hczZCX2dFNFdwWllEYV9ma1lneFdUVVdfZmlxOXFDSjdRdWtZb3FhYWhaUzRmVjNQa0Jvb2VpLWpsWTB1TXZWQ0E5UFNvcUExODZRNFVjRjl4TE9tUWZWRHN2RG9naWxsUUt4NTF0R1hnV3NUdGFSMkQ5UTljQQ?oc=5,The Harvard Crimson,2026-07-29,negative
Boston T,"PREVIEW: Blue Jackets get right back at it, hosting Bruins - NHL.com",https://news.google.com/rss/articles/CBMimgFBVV95cUxQYS1CM0pZTjBNMHJKYkt3UE81WUpmZHdyLWZrOTBkQ2M4Vmg2cmlJeVhsVlRmb2diZGNheDd2TWhMLUlFYVlRY3JfeTJIbWpZbHQwdGt6dVZ3T3BjMWV3WDdacTdFS2YtVXM0bXFjX3dlWjRRV2ZoQkEtM3hNWUVldXp6alFpN1N5R3ZaQ0c4VklxN3JLSkdiQ1Jn?oc=5,NHL.com,2026-07-29,neutral
Boston T,LOC Boston T-03300-03379u - HistoryNet,https://news.google.com/rss/articles/CBMitgFBVV95cUxPTHd2WWtIVUhDQTYtc1l3NnZqRE5LQkNheEJON2drckVRSUo0R1hkSnVWODVBblVnWk1ZVEh6Ql9mSk5mQzI3XzhYRk0xX1dTTm9FRFpaOTdsMlIxazNSay13MGxEUHZwZHdWTUVWQlFLR05ndVBKdVN2bGVLaExaSXRjRVl2aE1sU25KbGtuZU5lMXd0TmVfNHBLdUJ1c3Q1WXFwZGV0N2lxbTJDemZzWTJXWWRGdw?oc=5,HistoryNet,2026-07-29,neutral
Boston T,Tartan Army toast Scotland’s World Cup return: ‘It’s a once-in-a-lifetime opportunity’ - The Guardian,https://news.google.com/rss/articles/CBMioAFBVV95cUxNdTRNckRqeFZOeTBsYTE5UUpQZEEyVkU1YnprRldadVhpc1BPckZqc0gzNUtHRGVJSjZIYkZEcEQ4N1VPQVB1NjZtcTR6Y18tempYb005YlRNbUQ5akRTSmpxS0pucmVDdmxqNHhaYWtnQjAxM3VjZ0xHWnp1Y0xfSF9sbVV2T0hZM1JLLVltVFdvZ0lacS1mS0VMUTM1TzRf?oc=5,The Guardian,2026-07-29,positive
Boston T,Unlicensed Corvette C8 Driver Blames ‘Wrong Turn’ After Getting Stuck On Train Tracks - Carscoops,https://news.google.com/rss/articles/CBMiugFBVV95cUxPN2Zid1hwelczdnNsQkdGLWhwNTNHeEpPUjM3TTRneTRMeFlhVTRaY3VFVnhMS0c0bnBEeld0LVZqOTFpWTZqSTBoY3B5UndmUkVxVTNWdXR4cTkzWjl2M0xrcjZpVF9GTVlFcDhKLUVOMWh3bVRKRGxxZk5yVkNVVjNCMEJFYmhfeU9wTnlSVy1oM3R5ZzNTVmlWNHNsem1RcGdyNHFRUlRIWExCYjlXTHM0a1JEaEFkc3c?oc=5,Carscoops,2026-07-29,negative
Boston T,MBTA forecasts warn of big budget deficits in coming years - The Boston Globe,https://news.google.com/rss/articles/CBMiiAFBVV95cUxONmtWRzQwcU93dENMdm5YVHhfYlNWMFdUMk80Qlg0YnplbzdUM3lyTnBRYlZBck91T3B3Ti1lclV2WS1JMDFFTmMwdzZfZFdpQXNKc2xfdkZ6NElHR0h5QVROaW0ycUZ3WGV5dmRmSWhyTWN6VlhzOXJlTGtLMXB4OC1SdFRieDdQ?oc=5,The Boston Globe,2026-07-29,negative
Boston T,'No Kings' protest takes over Boston Common - MassLive,https://news.google.com/rss/articles/CBMib0FVX3lxTE1uOE9BLUxYYldoQnRodE5UVDl6dWwySnBxMjFNajNHQWh2ZFZNRzN0ckxScEViYWhSdW1VV1lhd1h3WldPNUVmNkR4enQ0QjRlVzlod2lobHFVRHRKUVAwT1VHUk1Talo2ZmRlNnR1QQ?oc=5,MassLive,2026-07-29,negative
Boston T,Case Study: Healthy T for a Healthy Region Public Transportation in Boston - The Pew Charitable Trusts,https://news.google.com/rss/articles/CBMiuAJBVV95cUxPTy05SXg1TEZpTldYcDJBa2hkQklBb0ozMlNjMC15SVNZU3V0a2FPNktQaHlMYjFFbi0tbExwbEVqcHpNZWllSEIzX0U2QzRvYzBYa1hibFRkSFBmeFNLcXkyN1VzZFBDYXRsQjlkWlliSWxNOWZCWEVFR052ZTM4bUtmeU5fOFV2QnRPTGM5SHRYeGdyOUNMLTV2ZWxhR3pIaE9BYzdiZVA4WmpIaVluWlVnQjFOMFluSU8tSm45dkc5M0F6YkFnUW1PMFZyNEwzQlozZGw5ejhqbzhLV0lGVGFTWGF3WVBER19CYkFhTmVxVUN3bFNIZ1JmRkNJWmhZWjBreUY4TktmeTAwWDZwdHlGazFIbDBqZnpqcmszMDVjNjduM01XZllVc2NZZnU3R29XVDlMek8?oc=5,The Pew Charitable Trusts,2026-07-29,positive
Boston T,This Harbor-Front U.S. Destination Was Named The Best For Public Transit (It's Not The One You'd Expect) - islands.com,https://news.google.com/rss/articles/CBMikAFBVV95cUxQTnk2Q3hndWYwdDJhYmdxTVh6MjItTm9LV0h6LUV0eEpzb2kxMzBPTDR4cXlrYjBydWNfNExyS09FWkZTTTNtcG4ydkFrRFd6UUNGZGNxMm5yeDVTc2E4cEpuUVlmampSUnVRLUpaVm9Ra1RENjVnZlpySnNoX2hvVE1xV2RyWTh6WW9NMEVGOXE?oc=5,islands.com,2026-07-29,positive
Boston T,"For T riders, the shutdown fatigue is real - WGBH",https://news.google.com/rss/articles/CBMijAFBVV95cUxPX3c0d2tHUDFMdm1sT21kdnY3SUhULUctQ3BhWXpoZWhqZC13eGR0ZUNxWnZMQkZfNUdidmE1YzhCc0Z4Um4zU1VWbVJKakc0M2FudXlJcldkV0JraGd1a1NseG45MnpoWmtGZWdDSERZak51SXhNRUR1R2VYeWtlczhMNVdjWTcteW1XUQ?oc=5,WGBH,2026-07-29,negative
Boston T,Scotland fans optimistic as they arrive in Boston for World Cup - London Evening Standard,https://news.google.com/rss/articles/CBMiggFBVV95cUxQMFU2dmhLSm53MDJsc2RUMU42SWNiWU1KTng2X3hGa2hWRDFUYTk4UXlua3RLRUpUUjZZeE8tbzNRaVhscGlXOXVrakJrZFk5REFRRXJLYk1CeVNGVnZPY0UtR05DbzJsZzFlUkl1eVVObDhHeGFRT0o4djNYTmplRHln?oc=5,London Evening Standard,2026-07-29,positive
Boston T,"Here's why the T is so slow, according to a new report | Radio Boston - WBUR",https://news.google.com/rss/articles/CBMihAFBVV95cUxNaEhPT2Q1NUNtczlpeFFwRFJMd3A4WjI4dWhmdnBBX3NLWWZrR21UMG0wcEVENEZDWnhERGNwZS1ubzFjaDNRU0w3aFdCMXN0RTJuMlZqbUZxd3h1T3ZoVkdXVGl4RU1rd1JXVEVzeEJTaVhYTm15YjNOc2I2NEpyVE0xRms?oc=5,WBUR,2026-07-29,neutral
Boston T,T Riders Can Soon Tap to Pay for Bus and Subway Fares in Boston - PaymentsJournal,https://news.google.com/rss/articles/CBMinAFBVV95cUxQM0ZESDRXZXV6ZzlDZldKMnFIT2ZoOURIOVBld0dtN1QyWWt5VktndHpDcExTU0dLTGgyZkZ0VkNjMUY0dE5xQ3FOemFkaEpqei1IT0pUS2M3MVdqREJ4d0JiSUhjNkJJcDBtWmkxbzZ6OHpGYjFjekFmbmpkbHFRN2p5c2QxX0V5SER2WlNqX1VIVUVER3k3UFQtU1fSAaIBQVVfeXFMUE9ScEF0dEtPbjR5TFNEU0F4YmdPVU1zaExJemRtNUNiSmFCVnZkdmRXa1JYQUR2RHA4M1g2QXZGdmJRcXVLN25yZTNLWnN1UzRKMTM3N0RpcnFYTjVJc2FhcW9lMjBwdkhOUDlEbGlGRmRyQVFiTjhaLWxFSHFpMlU4U18xTU5HcmFTbUdkckRSNGU1eEhGbzItMzRMYmhlNW5B?oc=5,PaymentsJournal,2026-07-29,negative
Boston T,"When the voice of the T officiates your wedding, you’re a transit superfan - The Boston Globe",https://news.google.com/rss/articles/CBMikAFBVV95cUxOdW5EQndPa3FZdnR0RVBWLUE4VUVyeHNkclp3eE8tRm9ESjRKR3Z0RmxuQVpBaHpvRC1FQmt3ZXdHNzh0TlQ1cndxalNtYVVhcHVHcnhsOGxKc25teTRXa1RaZlJMX0hTVndqQktyWVlRMmlPR1d3LXFkekxZcUdtb0RBWFdxaFdjRGZNcG5LT2Q?oc=5,The Boston Globe,2026-07-29,neutral
Boston T,"How Boston T riders, drivers and bikers get around the city - WBUR",https://news.google.com/rss/articles/CBMinAFBVV95cUxPLUFLa0pEQlpnUFBiRTBrSUN6cC1jb3Iwc2NwMDlQd2pYZXQ4dHhwdXlkVUVwNzRsZ0R1Vnh3MHlKLUV2NEJUY1Jack9GVWZRbkJVWEpFeS0wMHJVZlFtc0pVUmNMZFFTZXpTd1dfdzQzRHFjSWdEcU1aUnFaYk1UOWdTZkFnT0xSRDNtb2ZReG5pRzNhMkhyU2Z0MVY?oc=5,WBUR,2026-07-29,neutral
Boston T,"In Boston, All Aboard Googly-Eyed Trains (Published 2024) - The New York Times",https://news.google.com/rss/articles/CBMieEFVX3lxTE43XzlFV1dLcnhTYWxNSGJLTXZVWURHbDdpRHo4SWI3X0FiMEVZMElyZ0QzQVdoMU1WOTh5aU1GNklObmVnbXFPcXExcXpRLW9BRm10UWh1S3dtUjBDNDlVZUdmT1p2QTFtY2hQZUZUcjVtUHZ5Q0lRag?oc=5,The New York Times,2026-07-29,neutral
Boston T,Poll: Residents say MBTA is unsafe and service isn't great either - WBUR,https://news.google.com/rss/articles/CBMieEFVX3lxTFBKM2ZpbTNEczEzOFB6QmtfbDVlaHowWGlkSDNsU3BhWGJkT3pQOWp5cG5fTDJtMHlWcWtTdVdEX0Z4dXNwd3BiNHJ5MzdMQ2pNR2piWWFCV0J2UVdjeWZrS0V0UUdVYVRvU0Nham1OVE0wb19HQmJ0aw?oc=5,WBUR,2026-07-29,negative
Boston T,How to Park on the Mass Pike and Take the T Into Boston - TripSavvy,https://news.google.com/rss/articles/CBMib0FVX3lxTE5SVVRXSjJBTXBTTEhEb3ZKZG10N0tPSEtBY3ZWSmlTUUkzMURfelRJaVhhdnUtUzZzVnVQT0t4TU4tbnhjMGI2QnBkRnd2QWt6VVVOR0lwWkxsTFZIT3lRMzhieTR0SjlaeExadVd5cw?oc=5,TripSavvy,2026-07-29,neutral
Boston T,Tufts Celebrates Opening of New Green Line Station - Tufts Now,https://news.google.com/rss/articles/CBMieEFVX3lxTE9Dai1pdW9jdEE4bEpuVmJaQUlqek9jMVBHWi00MmRBT283bFdhalZRXzVpSGZKbEktMnZFOHRQZWpPNHAtWXBjWG00c3pMN0tJRVN4aERXT2lTamRlNTVYOFV6RDhYRU1aWWNJS3gxcGJKS21rSVplNw?oc=5,Tufts Now,2026-07-29,positive
Boston T,MBTA Green Line service at Union Square reopens ahead of schedule with all slow zones lifted - WBUR,https://news.google.com/rss/articles/CBMiigFBVV95cUxPUE9mSFFEeTRFcV9ZWHdoV3pUZ3kwOU9UVnRCYjMtYS03SEhVbi1UT2FrSTI2V1VpMTc5TGNPWF9JVmthM2ozRTJadDRzdHIzdk5YSXFrTWxNTXd5dmlpT0lxSDZjNjFiU3doVTV0czZvRS0tLWkwRHFxMF8wZHhIOXphYTNXQmY1M3c?oc=5,WBUR,2026-07-29,neutral
Boston T,Quality Comes with a Fare - City Journal,https://news.google.com/rss/articles/CBMib0FVX3lxTE1mNWxFT3ZmZVFvcF9XYXdIeFVuX1Z5aEJGMmo1eUotNmdtTk5yNjJsQmFOeFBEV2VvY09sSlVOdzR5OTVEektnMXVicjJ6aV85ZURiVzhmODRpaFY5MDVZdjFKblMwOWYxZDZ3NGRSNA?oc=5,City Journal,2026-07-29,neutral
Boston T,"MBTA board’s $3.24 billion budget for daily operations relies heavily on state funding, and on state lawmakers - The Boston Globe",https://news.google.com/rss/articles/CBMigAFBVV95cUxOWEJqRmdxbWllTUJJU2E5bVVaUWZNTExoYXhEdFR4aWJYbTljOG5saUJ6N203a1RWemZzamhFVE5oQUtQTFp2ekdkOFR6VE9MVGU2MThNb1UzUko0M19oenRJQUdYVTJwLUpFekxubkFVOXV3SUN0M1NwWDd1RkE3cA?oc=5,The Boston Globe,2026-07-29,neutral
Boston T,"Changemaker: Catherine Gaggioli, Books on the T co-founder - thescopeboston.org",https://news.google.com/rss/articles/CBMiqgFBVV95cUxQakNVVWxJZUhlNnY0a19GaFIyVlczV3dPLWdwVDFMZ3B0WWVRUjFnb0sxTUtiell5cVR5WHdGQ3RveDZUbkNXNnZsT0VwVEt4QjdCMDRldmJGWVExdTFhZFYwclp6R0RkTW5hS1pEU3JZc0ZFYXpNdUxSMnB3NXB6RmxoVmtRQUI3cmdXQmhLLXJSV1FKczBnODl6TVA5R2wzRl9IdFFDWklYQQ?oc=5,thescopeboston.org,2026-07-29,neutral
Boston T,Get ready for a 9-day closure of the middle of the Red Line - WBUR,https://news.google.com/rss/articles/CBMilAFBVV95cUxOM25EZmtkNGtsVlpQQjFSWXVXaUlOcDNpVi1IbzdhVG1wSVhNZHVkMG53VzhuZUFGSFExRzQ2U0ZPdWFWS1FYZ2FnR0E2UzY2dlBjeDA1MkZWNFZ2Q0NVdEs0ZUtTQkxpMHJTcGwtSEVNN3lJS2dFZ2k2bDhoUFdLZVBZbHNfeXRsaW5vWTJWYXhmVl80?oc=5,WBUR,2026-07-29,positive
Boston T,"I spent 4 years in the US, but now I live in the UK. Here are 6 reasons I have no regrets leaving. - Business Insider",https://news.google.com/rss/articles/CBMihAFBVV95cUxNazNoUWVOOWZva05UT3ZKNUdubGhaTzZWRVh2dXZXakE4bW1nZU5SeUFBdFpjblVpMGthbVVZa1pSUUZXS2F1UXM4bnFFRWdfWHZjdjJFNFpfREFsQkRsWEpoOUxyV25iQ255eEx1N0ZXLUN2OWdxaXByWjgzeFNSR0xJcUM?oc=5,Business Insider,2026-07-29,positive
Boston T,Why Boston's Transit System Is the Best... but Still the Worst - Thrillist,https://news.google.com/rss/articles/CBMiiwFBVV95cUxQZEhsZ3Ezc1ZIVG40TFJseDhHWkVWN2dKWW5MVzhCUHFCN2VCcllrdUZmRkZ0clpheExaYWhRSTRIbUN0bUFnSnpQd05YNXhsaUk4TDA3VW12SnoxeUNTbnNkTVBpTWRxRHZUazJ1blU3RjRkOGxJZUJ1QzFqamEyWHBXWGxDSjFIQW5n?oc=5,Thrillist,2026-07-29,negative
Boston T,Coolest Boston T Stations for Kids - Mommy Poppins,https://news.google.com/rss/articles/CBMickFVX3lxTE9ITHN4RkFFODNJTWR6Z0FWRklkeGtyZ283emlNNlFMVmQtU0xOakpSQmZsMnhVM2pwSEJWbWVzd0tmXzlydVVkUEFRajNzRnVzSTVnWHVCMFlBSEFOdHRvbzNyTnVjb2k2MlFYejgyWTJMdw?oc=5,Mommy Poppins,2026-07-29,neutral
Boston T,A Cambridge councilor's modest April Fool's proposal: Annex Boston - WBUR,https://news.google.com/rss/articles/CBMigAFBVV95cUxORkhrWG02TGUxVUxWTnhHRHF4bkRiaXh4Qm53RlpENGtTYmFOQnR4eE42TjM3V1FTZVhEUFI5M0JvN1IyVEc5ZDVFMDFBR09ReGoyMm94bnRxTjVZUjB1WUs5VXlnRzV3b0N0bTdqYlVkeURGMkhST1lWMTZESWt6VQ?oc=5,WBUR,2026-07-29,neutral
Boston T,"Every T Line in Boston, Ranked From Worst to Most Acceptable (but Still Pretty Bad) - Thrillist",https://news.google.com/rss/articles/CBMinwFBVV95cUxQNHBkTzh0bzd3eGZOWXZ6RkFrOUJUMFFJR3ZqV2dFRG95X25tSEpMdWJnVTFjN1RQaldkZGN6TUxtR0kxV3BwZllGTW5CZjN2UmkySDFieUVxeTRFdXQ4UGxPeUlRSkFab1dXV2FBUnR1WEJKRnhQcHJkeUhEZnVpYlZoRXBMTmVLT1lTY3g5NkloSDM3blBTT0RyaFVUbkU?oc=5,Thrillist,2026-07-29,negative
Boston T,"‘West Roxberry,’ ‘Mission Hills,’ ‘Southy?’ Target T-shirts miss the mark - The Boston Globe",https://news.google.com/rss/articles/CBMi3AFBVV95cUxObFlLVHFRV1lnQzVDQWRPR183LXh4bDFrWWFwa2ZKenpRa0tZU2QtbDdmWDk3cGFZQXdnbER4R0xtRzk4M2c1bmhBU0tZTklUOFJsLWpUV1A3ZWJSX0RVUXNlZlk3b29rMEM5NnlnczdmM0VJbzVlY2dVOXV2NWFUNVZrbC1zUG1vRFpEZl9KLUNXMkkxNGNjSW1MNWZiVXZpdU1PTjg0NmNWb09seFcwZGx0VTNVQ0VqMDN6Y2FDc0UzbmFicm1RY1FrRVo3SjNkWUc4R1JFTndsaXds?oc=5,The Boston Globe,2026-07-29,negative
Boston T,"For the first time in decades, trains on the MBTA subway system hit 50 mph - WBUR",https://news.google.com/rss/articles/CBMiggFBVV95cUxQQ1BNZkJ1V3FNUUlEOTZTeDFvejdDazlaUFpKUEg1RmxEbjEyajJvU0JYLU95T1ZyMXBtS3R1VnVXY0JhOEdFNVg2cUZiUzNzOGFmM0hLSlctalpQYTk2akgzRGxGbS16by1vc2VOQ2JiakNzY3dYOUxfQ3ZvV2ZlemV3?oc=5,WBUR,2026-07-29,neutral
Boston T,Plan Released for South Station Rail and Bus Terminal Expansion in Boston - Planetizen,https://news.google.com/rss/articles/CBMipwFBVV95cUxNc2NrUjVzTUd5dWJyd3o3SnNnZjR4WHNpWDBZOU1TTnlGR1FRWndVbUhNeXJJVXZ0WjBKUXhVZlN6V0RUak1MMFM5ekhYZTlGaDV5c052MGlmUHlvRFJiU2J6bC03ZTlpSlhTai1TdElNUUtBbzZySHRtSUhadG1udWhILURpNGEzc2h0RVpNWHRHa3dqOXBITlZxVVI4VktpanlGRERJRQ?oc=5,Planetizen,2026-07-29,neutral
Boston T,July 4 In Boston: T Is Free After 9:30 p.m. - Patch,https://news.google.com/rss/articles/CBMif0FVX3lxTFBMTjZ2X0dGMXNmMDZ4RDB3bEgwNm1NR1FhVnYzTGJkTzBRVmZFeDVLZkIyaEU2cFhiUUpUWFJfZlpzTTZJS0otUk43aVB0WlZfbnJWeFFQZlJJNUNwWHczb1Qxc3hPZ2MyaFpPaHJuTThQcHhQUlFKMjFrM1QwOGs?oc=5,Patch,2026-07-29,positive
Boston T,"New ceiling debris found on Boston T station floor wasn’t concrete, says MBTA - Boston.com",https://news.google.com/rss/articles/CBMinAFBVV95cUxPbThVeF9lMTF3UUg0TGdCWkFScXRWRkZUN2ppQTlscmZZOUFteEhUX2hmMDNkY2p3azlGMzlNbEc3RTRuQnZQcmhubGFYSXNTSU5hM0U4d0xocHhEQjM3cXJ2OURna0VzZ0pySEtwdzFFVnQ1bzMxbTdheWRsUFE0UGRCMm1RSTJCYVN3UHpKSTB0d2R2ZE5UbVlVd0k?oc=5,Boston.com,2026-07-29,neutral
Boston T,Conan O’Brien saw it and an unauthorized sign says it: The Zakim Bridge may look like part of male anatomy - The Boston Globe,https://news.google.com/rss/articles/CBMiggFBVV95cUxQZDBQRnkwU3I1Nl9jMXFVM081OHI1OFFsWjd5M1NsWlBUWVFNWWd4bXFYQktkZlV0ZVZ1M2pJbHNRSW1URkVVSG5paTlJeW9iVGdpNFpSREQ4bHJ4WUJ1V2xJUWFuVjg5UGVtS2FZaE1sdXlDUjZ2cnBDZnN4cXNaNjZ3?oc=5,The Boston Globe,2026-07-29,positive
Boston T,This MBTA Map Tells You Which Are the Cheapest T Stops to Live By - Boston Magazine,https://news.google.com/rss/articles/CBMigAFBVV95cUxNcURVZmQxWVFhQ0N2Rm9WZVFkOE5tcjQ3ZkNhTHlVbEItTnBSUU1HVnl3Q0lfcndTY3Q2WVM3QU9TUi11R0hNTTVGSEtLWjNabUZXQ29UcGdCeEh3cnlzR0NacVN6YXpFeV95a0ljRzJuNktXcGREbmo3Nmh1SS1jVA?oc=5,Boston Magazine,2026-07-29,negative
Boston T,Study suggests MBTA float ferry service expansion - Boston Herald,https://news.google.com/rss/articles/CBMilAFBVV95cUxQMjNWQnNJYWpFdXVOTDV6S0FKUm5tbnZmcU96LXdiSEJMa1I4N2hnWDJZU2xwa0VpQklXUnBzeFkxdlBsa2U3eEx1YllYUW9lUlJCQW9YSUU3c1R4WlVUd3VNQWZIVGtEOUJ6N2Y4WUhBMHI2Y0VRV2N1cGJJekQwN1Q2LWg4UnVvaWVaQnJzbTY5Ml9K?oc=5,Boston Herald,2026-07-29,neutral
Boston T,20 Things You Need to Know Before Moving to Boston - Sparefoot,https://news.google.com/rss/articles/CBMiiAFBVV95cUxPejlnR2VDUjcxc01rbDkwQW5tX28xZ1VLcTl2MmlFRXltcGQ0aEpPYzBySlhId1p1NGxBN1FOZi1fUkZIRFUwc0NKSjUwZnYwQzhQUDN4cmtzX0FNV19LbVhMZms2cEVqODIwck16WV9kcjh3M3lzc3VidUdpNDdwbTVsMVJuNGMw?oc=5,Sparefoot,2026-07-29,neutral
Boston T,Report: Rents Drop Near 105 Boston T Stops - Patch,https://news.google.com/rss/articles/CBMihwFBVV95cUxPOEpPSHRfSjdFM1BOcW5NZWN3YzVITVg0SzFFTGlkaVczOGp3QjB5RTR5QzBLck1rX1Jmb19nYk8yT3ZsNnhzX29iR2F4dm5CUFpLSWJvSjdDT0FiUXVRaVJDUnNHZVBBU2UzWnVSQjdhV3RJVnlKT2dEejhLM0piZHFKcFlONmM?oc=5,Patch,2026-07-29,negative
Boston T,Boston “travel time” map shows the T in a new way - Greater Greater Washington,https://news.google.com/rss/articles/CBMigwFBVV95cUxOcXJCay1OeEtHYk5HeUZKUGdrWlhMYjFUSy1MMGxzSWhKWXc3TENJaHJYOExNM1R3UkZKY0c2UGVzMndpQm1UMDloUFNQYVZiZDhpd1daWEc1SnZmOHdqS1NSc19kNmtDWEFBdUNQNloxSFJtb2tFQmFhbzZpbUFvZ2JtTQ?oc=5,Greater Greater Washington,2026-07-29,positive
Boston T,Metrorail is no longer the second-busiest rapid transit system in the country - D.C. Policy Center,https://news.google.com/rss/articles/CBMivwFBVV95cUxQT2xGSmIyaDRKMU9vaDVJZVBQNnRYR25hekV2OXJtaFcwWm5uTm9LXzAtZmcxLWhyRERpQkpveGc3eTN2LXQyT2Y2Z0VJU3Z5bllKVFZJMktZWDh0bEdDMUdqLU5ySmRkVHFmTnh3SE13c29GNWNtcnpfai1tT2F1WUI0U2dqS0M1R01BRUdrOXJJWUZpbWNqNUtjb3E2QnlXdWVkclJua2V5NktoWTRENUJVbzAyZklaRGdyMG1kYw?oc=5,D.C. Policy Center,2026-07-29,negative
Boston T,Think you know the MBTA? This new game puts your T geography knowledge to the test. - The Boston Globe,https://news.google.com/rss/articles/CBMib0FVX3lxTE9SbHpHN2N3QXJTMDlVX0pHWTIxVEpoYUQ5ZkJZdF9LVEFNd1N2YzlMU1JaV3RTT1ZOa184NkZoUmo4V3ZXWjJKM2NVWkJkMUpWVlFDSjJaSk5INFlQd0M5NTdjcGx3ZjFoQUdPeDE4TQ?oc=5,The Boston Globe,2026-07-29,neutral
Boston T,Ben Affleck Rocks Beverly-Brewed 'Believe In Boston' Shirt With J-Lo - Patch,https://news.google.com/rss/articles/CBMinwFBVV95cUxPa0NkSGlXXzhJQThLNlRGRWYtc2FIdndWcXdYQ1Rac2FJZTNVYnN3MEp3U0FHSlRuR2EwZ1ZHTmI1Y1dwTDU2bUtvbXJiUTlUNTV3LUJNR2hpclNzZm1aRkpVNHZkblUtcHFPQ2FHNGhHaU13M2hNcklKNDZRaTF6cXo2N25jTVJuODBBbklhbkw0aWVtYThXMVJmdGpiNUU?oc=5,Patch,2026-07-29,neutral
Boston T,Boston subway study finds no plague or anthrax — but plenty of other lifeforms - The Washington Post,https://news.google.com/rss/articles/CBMi2gFBVV95cUxQQ3NvelJ1bkdnNk1RLTg5VG9BUFNuYmROSkFEYUhfd1E0RlB6a3JsNzRvOTJ5Y1U5cnBDemJOWUNkNlJkTDNzR1lxQkFNVWdtQldKdFAyckxwT1J3OU0xYkQzcC04dHl6bGNCYnRtVThtMWpDVW1zMWZ4bzJtLU1QUlllWmlVcHk5d3dFVGpxV0s5dk5QWXBvZHRrMDlCb2VNSmVfMTBnNG5OSG9hZl9XZUYwZ2VRVmVCMUduVGZHMlRsb2xWaGdYdlVZTHA4NENGR1d0elhuSGktQQ?oc=5,The Washington Post,2026-07-29,negative
Boston T,Why do Celtics fans despise Kyrie Irving? The beef explained - NBC 5 Dallas-Fort Worth,https://news.google.com/rss/articles/CBMipgFBVV95cUxOUkxsZjBmaV9SNUNXX2dIR25ycmVOOXE3Mlh6RF9FenhuSjZ0V0I1WC15cXVwRksxT0p6TkQ5Wjc1VlJWNlpsZkpVcTBLSVphdERwYWF5SkVkMXItWU1uZXFlN1FMWXJmOFUxRFRfM3hrbGJ0bW5wUXZzYTczTTZ4eEFKTnpHUDk5ZzJuczJGczdHNlZJbWx6VjM1TTJZa2JJNnc0X3FR0gGuAUFVX3lxTE1NWUNVa0lvY3ZuQlllem91UzBBQVp1ZTE3VXA3UFJqWWQ4WktEdnhfdU15R3pfWDZ1dVNnSXpxLVFBeUZLUXdIeXl0dDBILURYMFRUODlFcG1IVGlleF9uLTZrVzJlUVBGN0NpVFM3THJTZ0hYM1NLWVF2NVJBTGJlb2RRUW5NbHlaYVE1dGZWTVhtRTIydElUam9tTU9FOXdvcW1RVXJQZU1wREI0Zw?oc=5,NBC 5 Dallas-Fort Worth,2026-07-29,negative
Boston T,This Interactive MBTA Map Shows the Average Rent for Each T Stop - Boston Magazine,https://news.google.com/rss/articles/CBMifkFVX3lxTE5qbVUybEVaM2tGMXJuSjNONW9uMl9mVE8zOWU2T1FmU3RpdUpqbEw1ei04MzdaN0lJeUN5MHRUNDREV3BLLTM4RzZhOVcyaHdqa1VaNGJGMUpNVkRzSkNHY2FnMlJSYUhzMS1UdHk5Tms2b3dWeVlLMVV0c19Cdw?oc=5,Boston Magazine,2026-07-29,negative
Boston T,Live next to an MBTA subway station? This map shows how your rent compares to others who live along the T - MassLive,https://news.google.com/rss/articles/CBMi4AFBVV95cUxQR2loLWs2MGxadG15SFl6Znk2bDZaUkNMU2VaNEFsdTZ1c29DSmVyTVRpSXZzc0c4M2lmdlRNd2ZWaFQ1MkxkWEkyRVpuMFEwaUQxZHZiUWlmSjdTMjFMaU1aaUl3dExNZzk3czdJcm9fTjlVT3dURVdOSV9ZSlVrbDhweFgweVFJU0JtREhteURGUkp2RjBIclNSSkEyX2dmb2pRbTdnSlhYUmw2bkU0MTZkcTFtQkIzSzRhLUE3LXIyYk1iVzF5QlFNWmt1T0l1U1Q1WnZuYVdjUnEwbFJXQdIB9AFBVV95cUxQVlhKY3BhTmhKMnEwTkNIRGFfMllSWFEyM0ZHMjl4Y3dtY0dCMGowUGpMT1pDSGtxaDhvMmQ5ejJsMXZBYlpyR1RPY0pxWVhsRGx5TGhmMENlOVZNSTFkZk1nbEUyeDBuRTFEd0NheG9PdlBndmJqUDkyR1dZa1pCMVNlRko4S3FUdVV1RWthb1NoMThkcWFNNXFWdV9qS2ZRLUtuZFpwOFJWOG5Vcko0aGFzZVdsMzZ3ckFLdnBZWmRmRWFZQVItWFR4UHg1SEhwX2czR1A5NUQyWVlPNm80Nm5RY18wYndlZURadTBuSnhyTnYy?oc=5,MassLive,2026-07-29,neutral
CTA,WGN Investigates: Woman sues CTA after being injured in July 2025 attack at 95th Street Red Line station - WGN-TV,https://news.google.com/rss/articles/CBMieEFVX3lxTE1ENWdXbWlWOFg1R0I4bkxtTTVhR0Q2YnM4NHE5b3l2dVZCT0pvZE9MN1R1WURpWC1ENDZ4NXN2ZVVGRmFoY2U1OHpSVE45QkJ4Z2RadGVfZVBEblB4WWMyNTFLSWVtSzFCdFd5NU9lODZhT3VqWDBQedIBfkFVX3lxTE9zeTVZRVczSm9QaHR2OXRyUlVLcENFZm83TldTODlwTjJnQUlmTUFuMEt4d2NBTnZLdndTRER5amRkT3pYaVdCZmNXUWJBRGplaHFsLVFJY21FRHR1TU5TdnRBV29ZMVkwRWNUS3FRaVdHQkxranV4MGVnb3JIZw?oc=5,WGN-TV,2026-07-29,negative
CTA,"Metra, CTA trains impacted by Chicago-area in severe weather outbreak - NBC 5 Chicago",https://news.google.com/rss/articles/CBMipgFBVV95cUxNWU5WNFplUUZWYlY1OTZVVXJUOS00RFZ1THU5Y042MlEzQk9GUGZDVEdWeEl2RkN4NV9sOW10TVdmNmdIYUpMODktOXJBTGZNZHNPdzByYlEwZ1VjUGliRjNSZ1BjUG9JSzY0QnpWVDh2TW56ZjdxSTk3eDllc0FaWUFCdzgtY3NhcFI2UDhteEN1azZWUldjUDZRM1pDLWxUeVI5NjdR0gGuAUFVX3lxTE5kcFphTTJSVVZmY1haalp5OXh5YnhWcGZGcGhJeG1rZm9QdkNZTzBuVk1QUGZpWDhyRlktWEZvYzliVE9KSHdRTlFBV3kyT1ZlTmsxMnVSRWh3NndCRndzTEJDQUxmRzl6b2Q3em1sSldHeW5pQlpfN080WkVMWWxaWDZfeGRiWjNZZ01vWmhVTjJFUlQxODdwdk5jTG45TTBDUkV0bDlkRXNFVzNyQQ?oc=5,NBC 5 Chicago,2026-07-29,negative
CTA,"CTA crime: New campaign aims to deter violence on buses, trains - FOX 32 Chicago",https://news.google.com/rss/articles/CBMihgFBVV95cUxQQU82MUF6NWJka09Pc3JjZi1lbm40ck1PVnBESFpnTlV1UUFnZDlJbTh3SnFQTGFMUXBySlR3bUF2U0VRY3IxN2Rmbk1JYXZNNERXLUhQU2NKWTI1WEsxTjNJN1FKSFpqTEtKa1NkOWJhc3V1ei1pZUQzUERTWTIwTVYyQjZXUdIBiwFBVV95cUxNMXl4dDNFMEYyTG84V1RZWWViNlNNdGJmamJEUWdvSm5XMXFTcHZETzh2ZU1wTG10d3gzbGZqNS1kTVpGNTBJdGM5Z3J5dmZVYTJGeWxzRWg3M0RfcmxiZEFOMF9sVy0zMVplN2U3ekxjN1htb2t1bnFPeTAtdGRrZVNsNzVyVV9xemNJ?oc=5,FOX 32 Chicago,2026-07-29,negative
CTA,"Sales tax increase to pay for CTA, Metra, Pace problems - Illinois Policy",https://news.google.com/rss/articles/CBMijgFBVV95cUxOTUNWa1JDaHk2eWU4THZZRjV1dFpaLXdhelNFLWJPRXdvdUREYUVZNjd0M2ZNUHNCaFo5aGttd0dEcXpOWHBkdXZ3X2tDMmRtcWRWM2Ewamx1ZUVETm1ZWDRUWHNkcW82b3BQTkRURXJDWkdTRXZqMzY5MXo0RkdwWm9adndBcEU5S0ZtQU5R?oc=5,Illinois Policy,2026-07-29,negative
CTA,CTA shelters annexe in Vietnam beneath large curved roof - Dezeen,https://news.google.com/rss/articles/CBMib0FVX3lxTE5vYm1mTW9xRU00TjdMMzN3Mi10cEpyVEdIYnFIaDVjeHBjd2hrTm04dnQ2Y19ETURVdktnczA5b3U1ZW4yWWlvemZJWE5lZjg0MU5ZcUlKMkJQR3ZldTJidGZGNkRZUlpaU0dwV2NXWQ?oc=5,Dezeen,2026-07-29,neutral
CTA,CTA serial attacker caught after assaulting children at suburban day camp: prosecutors - CWB Chicago,https://news.google.com/rss/articles/CBMitAFBVV95cUxPMURpR3NXa0l0aWgtTXg3TnZrTG1QVXFJUHc1TzBTeUlCQkZBQ0tjemx5MXJ2RGxrTXdsUDJRbEp1cnNQeFJiWDNtazBLaktvZ2hSMnJuTnVNTmVNdnNCMW91X21yN1FMWW1QUlBqNUVscEkyTEhxbkg2ay1vQVkzVnp2RGJKYzA0YVFWVHlodXh4V0xfNWdXaUF5MjRVNV8wOHZtbWZyRm5DTmZrOU5mQ3B2bGw?oc=5,CWB Chicago,2026-07-29,negative
CTA,Debris on tracks snags multiple CTA train lines amid storms - CBS News,https://news.google.com/rss/articles/CBMimgFBVV95cUxPdnBwczF3cWFGZUlqOHJfX3l1S1A4MUlqcExtU2E3Q0VfUWludTRBQXhxcm1USWZIc2NVMDFmNHRua2d0QmhKZGJ1VDZ0akprakhhYWhneWZoUUo5emNIQjJ4X1ppcVdvMEVwV0E1RGFsU2tYQ0Y5LV9hbGdwbkpzLWx1MGkwcjhtWnFDSGZfa3BnMzN1VmtCQ0RR?oc=5,CBS News,2026-07-29,neutral
CTA,Chicago crime: Cook County State's Attorney Eileen O'Neill Burke launches CTA campaign warning violent offenders of jail time - ABC7 Chicago,https://news.google.com/rss/articles/CBMi7wFBVV95cUxQZDNDbXA0S05FYjlkclF1X0xuWE1sWVJ4VlBQelFYN3A2U0ZqY2pQbVFnVXMybHVTNXpCWjl5Qkt0R2JMWEpTc1QzbFpXVkJRUlZGdGRKbGlsSHU2ODdTQ0wwQzFLMWdqVTItQXBsSlZBM1JVbnpocWVxZkFYaE5JMDdwenRBQ1NWc3o2VnBGTnlfR1hNeC0wMXJJcDJyUnV4cENCSmFrRUZqam1MNDJ3eVRHdDZGSlFTWWhGWmd2V0FfY2dtMV9ncUQ1cFhiZTZfeE5PX0xmdk9mc3d4a3BzWlNWOHFOSHoyQTZiRm1lONIB9AFBVV95cUxNTVotVFZXNXNBbDFCTm5fckgxQUpKZ1FLS2FkU3dNOVFDSWM3ZlhpaDkydlpnZURfbkRhdUttYzRPQTlNQVhSTENyOGUxOFI2djhUcFBaWlhtbEJhWmlUWThpNmlMV19IWjJsWHlSaGw2eGlramZ4UFdfbU5FUGw2RlJQQ3hWSVdCb2x4TlNqQW1FTkdoWjVuaTNIVGpwSmlaUWM0cDlSVENnS2JWeFNvaXVLMjFlenZRUnNQeUYydnRZdHN2X004SExnTmEwTFdGMXhVMjl5YmpyblVoZWx3c1pBaS1Hb1BGZDdybEMzQU9zeVhG?oc=5,ABC7 Chicago,2026-07-29,negative
CTA,CTA Green Line attack leaves passenger injured; police searching for suspect - FOX 32 Chicago,https://news.google.com/rss/articles/CBMicEFVX3lxTE9qcjBsTnZIcjNzcEEwZTBRUGlIbW9LVkVCRE9VRDc5cUdrNlpSWDQ5M284bFBublI0YlU2MUhMdVBmdHE1UXM5NDhxemhFc3FGTEhLVWhzSkh1MHNFLUZoSUJ0X3RzTDJjM21sYlJULXg?oc=5,FOX 32 Chicago,2026-07-29,negative
CTA,"Closure continues on 3 elevated CTA Loop stations this weekend, Chicago Department of Transportation says - ABC7 Chicago",https://news.google.com/rss/articles/CBMi0AFBVV95cUxNbE0tY0lidG1xTFEyb1lKWEN3MWU4LW1YTXkzWVg3YUJwdzFPWS1Kb3FjMWgySG1UekFUdU9wdVNOSkhBR1JTN2o1TGJ4czZoSlRUek5UN2xBRWpiWHY4Z3d0d2VFMWRHWUh6MnJzOTdNMDlXc3Vuc3NqcWxMYkdmRVIybnhBMjZTdUd2b2JNVmhCX3ZMRTlhd3B0aFMyNC1KX1ZQNWozM1Z6TWRabHR6bVgzd0FPdkFTV0lVUzA0bzlJTlJreGkzdFRGbGQxMW9U0gHWAUFVX3lxTE92WXg5Z25kei00dDZYZnRLV3RzU0RVM1FhTktrQmEybnQwVnlma1gzYWZoTlpGSDQwOGhBWmtSTUg2NDhpWkltVTJSSXNoOFlOYlV4cjNRNHE4cUY5SFVya3kycEMwa0oxQjRkMGp2emR0RGxWdjhINFVmNnJfMmRVbTBYZHFQUTBqYVdzNFJoc2JYRmVQTzFBLWJueldFM1FtZ0Z2d2Q1cVI5cXZlRVhvSVBBS0dOQzZucEY0R003ODNKMVFQT1JBdDZVT2k1azBFdkhXd3c?oc=5,ABC7 Chicago,2026-07-29,neutral
CTA,CTA Innovation Studio Announces New Challenge to Test Faregate Technology - Press Releases - News - CTA,https://news.google.com/rss/articles/CBMiqAFBVV95cUxNajNhZDE4TXVTT0dLVlFIWmg1OUZZWmI3YTg0dEkyNzl4UGlfa3l4eWpHV0FrQlItYjlSaWp1NjFtUHVFdE8zYVhVUld3UUc0U25oR1hJQWsxTlVyU1NPYlRicm9qRFBRQThjWDctbE0xM21oLXo1T0dkT3NlckcxenhUUnNNODBmMTVnYk9rZGd1UHVqVU1femF6OEZ6SkJ4dlZoVUlXUHE?oc=5,CTA,2026-07-29,positive
CTA,5 Salesforce Architecture Resources Every CTA Candidate Should Use - Salesforce,https://news.google.com/rss/articles/CBMidEFVX3lxTE5CRmRlMjhpRHY1aFBvRi04MDBfRF80OF93akVVZDFtZWRIT0x4OVAwaEZPS3VzdmFOemJtXzluejg2NkZ5YU1fZ3B3TTNpUFRQcFUyN0dZTy1IdzNVcHp4OWt4bVJybGVORDBPZXFYNFlQYkJX?oc=5,Salesforce,2026-07-29,neutral
CTA,"Students, Families and Businesses Deserve Better Info on Community Colleges: Pass the College Transparency Act! - perspectives.acct.org",https://news.google.com/rss/articles/CBMi3wFBVV95cUxQbDNxUm0wQVlDWDc3N2RRMmpYb0hqa0ItR00zdXFhWWVPdHpyY2RuZUNfdVRTZjl4cmt4aGp5THBhLWNGYkZtWXVFbE81T0xPdnYxdV9XaGRWUWlnRlBsREdwLTZ5RHZYSHRsYjJmY1N3Ym0wUmY3b0NPcy01YWF4elVlRkpoeEltOHhmVXV4cGNWOGFIT2hkQ2dRenRIX01iWjhBUlNtYUtuVnhiblFndDBSRTdVOUptcW5zRXczQVgwRmptU0ozLTZEZ1RWSnlZNS1ycDhLeGpDeWZCUGFN?oc=5,perspectives.acct.org,2026-07-29,positive
CTA,Travel Advisory: Temporary Weekend Reroutes of Certain Loop Elevated Lines Due to State/Lake Station Reconstruction Work - City of Chicago (.gov),https://news.google.com/rss/articles/CBMi6gFBVV95cUxQT01vR2NDQVZLWEdqV1RDYVRNQ0U5TWtLN0VHMW1oSjVxZUk5bGdPVEFqakNZTWxUZmlBYU5QV2l3cDU3VlVGaDRob3dDZGtybnQ3WjVtbE1US1N6VU9CeEFXNDhuRWZhRnZiYmpQLUpBVUVfTXcxNW9lY21JZkowUHNwZkloT0gyaUVOSlh6ZTZjbE5jY0N1VjdCbnpoQmF0d0Vjc0VhclUtY1l1SFQ3a1ZXQzFaa0FIczUzYk42ckhzWndUMVU4aGVxaE9PbkhJRGYzd1RuMExkUkdTNmtXNjYxZHUzZDhMYVE?oc=5,City of Chicago (.gov),2026-07-29,positive
CTA,"Marcos names Teston, Dijamco as tax court associate justices - Inquirer.net",https://news.google.com/rss/articles/CBMingFBVV95cUxPMDJFSDNxdURzcDN0ZkZvZm1tYTFXeXJUVTdjOXNzTTUzTHRHd19fTElGRFRYOHRHdEpyMElzUjhhcnRZWjdzUHdWQjBTMjZSM0VfSjVTclU1Nk1wbUU0TWQ1NzUySWY0RHFHZkxaQlNzM3EzTTZISWdIQVBDbl93TU8weFdRZmFXa2Fza0tOdVRjUmpneXpvblhNamhtUdIBowFBVV95cUxOSmJKRURxRlIxLV9qUGphOG85QlV4Nnk2c3BZNkNHeGFHMU5nUjBKN2pwNkVoRTdwUVVVaE5jLVpZSjRuVDNCcUM4M2N0T3BuLTN2dGNxRm9EcUVwRl8td1ZfR0IwNXdUX0pZZm1QY3RoS1FuRmFWakVQY0ZNS3BFanI3NnhRSUlLcTZSNDAwZHFUTWFRZkxvUW80RlhTSTdQbFJR?oc=5,Inquirer.net,2026-07-29,neutral
CTA,"New signs intended to deter crime to be posted on CTA buses, trains - CBS News",https://news.google.com/rss/articles/CBMiggFBVV95cUxONmV6RTV2WldwUGt6RTBDNGJyLTF6MjBQVnlMZzJFMU8wdjBNQjhOT1ZKTDlHNXZMZDZYTUoyN1YwTTcyS1F4RXdyWm1pWlJoOFY2SVFBUVFpRldhREZYMXFsUVduR1VESVVKT2ZuVTI2LTNaalZ5TEhWYVlkS3NfZVlB?oc=5,CBS News,2026-07-29,negative
CTA,Depend on CTA to Get You to All the Independence Day Celebrations; Holiday Service Schedule in Effect July 3 to July 5 - CTA,https://news.google.com/rss/articles/CBMi4wFBVV95cUxOVTgtYjNyVHFRWXJoT2lDSi1jc2x3SUw0VFVLaGpKbVpRaHVXOXVxVWlSeGthV1M1d3F0M0R6aVRrT09iX1o1ajA5WFkzakVCSUxSdlRNY0lianhzVjkyUnRUMFRLNnRDQ0NKVlZLX3Y3YWFCNGpKWlQ3cUR6ZnFmRThhZXVKTWNxMzczTGUtYVo5NkZpd2s4RFZxeUlCNlhfZkVVRFhxR1VmSHYyR25uMmpYbk5SQWE5SnQ3YUJuaVJXNmhLdjIxTTlKRUd4Q0Z2QWdLOUIzbWlwaE1UY2x3dm5RVQ?oc=5,CTA,2026-07-29,positive
CTA,Cook County State's Attorney's office puts up new signs warning against violence on CTA - CBS News,https://news.google.com/rss/articles/CBMiwgFBVV95cUxQRjFrbEtiTnBhV0RKaUVMd3A0S1FIU0stb0E2WG4yS1FzdnNXbTV3UHFnTHVyYVhxbEo1dWRyc1U0VDAwbC13bjBKaWZsRktXZXg2UDRRanZ4NVNFNUhsaF8xTnJjMmlTYmEzRjlPbEhqMG9oQmVfS2htYm0tR0ZsMFpEUW9EM1dtelVkZk5oYUxDZWViOUVDU0I2M1RrSjN2NjFwWGR6NU5rdGJDUGJ2cDhsLUlGRVlyQll0alJCbFpadw?oc=5,CBS News,2026-07-29,negative
CTA,"Chicago crime: Suspect wanted in attack on CTA Green Line train near Damen stop, Chicago Police Department says - ABC7 Chicago",https://news.google.com/rss/articles/CBMiyAFBVV95cUxQSTk1dmo0aVRzLVhaNnJXUjdZMkM0SlVMVktXTmFzMmVDaUlDU0xnX1ZGVDBUNWtTci1YSXJfNEZwb05WTW1HbnNHMEU3aUU2b0o4TWRObmxtcXBBbTZIbFp6eFNVTlkxaWZ6OUdMYWNKZG4xRGMxUWV1UWhOYjNwOE1lMS16VWNSZ3pIeS1DUW5aOUxyYl9KakstOXNGa2I0NmVYRW1MR29JM0lvX0RQRVhpY3c0LWJ2dnhINi02TmNTMkZSY3Bpa9IBzgFBVV95cUxPT3ZDUEJRYXRKRHFIbTRtaUpZazVoS1I5SWZ3VjRTenRMWnhLRnpjUklQblpFb0RuUUtUQURIX2dwQ2J4UTZtSjRxblliSk9qS3pHYjFBTWh2QjNYUWIxZmJUZVJvZzY1WkVWQmNwSTlLLUx6TTUyMXFHOFpwSWE4M0ZiMVZRM1ZPTnFaYndHM3I0UlktS2ctUEdSM2VCaHNVZ2hxYlhGSHh4UkNncEVNbU53OWo0UEluZ2RobXhhbTZaMHEtTzBRQUZVaG1LQQ?oc=5,ABC7 Chicago,2026-07-29,negative
CTA,"Chicago CTA construction: Agency marks increase in Red Line riders, major update on State/Lake Station project - ABC7 Chicago",https://news.google.com/rss/articles/CBMi1wFBVV95cUxNY3k4R2ZjbWUxQUpUWTA4aHB1UEYxZVRaS1hUMUUxV0xLZEE4TVVvbVZMQ3hPQUFYd29XWDdmS2hGNUdLRmk3V0RlVF95T0pwR25qcHlrMFpCRWd4TDFOMFV1UFBfOHBwekFlM0tXOEpXOUcxQ0oybkdlUjBobURmV1hIbVdjWWh2TlNiSkk4WmpSMzhFSTgtQkIwQl9UZjZMWjJjMVFuN2JlSlZuV0lxMXhhNU1XUENlODhEdjRBQk8wbUZwQXVxTFBLSkkwcWFUWm1MckpBY9IB3AFBVV95cUxOTlN5Wjh5djZPMGNYN1QzaHFmNHhLbEdYRjNpR1BsaGVtTlREQkE1VGdrVTNLVHBobVlzdzdWMFp1SkxCSExqNE5ndmJYS3dvMlB5N29WVEJ3LWhFczlvWTZBQnZZMVFBUGVkaXZ6UlNWQmtwMDlweHdSS2l2d3AwRUgwS01yTDhSVnJyVVNYRkgxWUdveWNNQnhxSlFYTXh4b2JNNzdhMGwyR1RJNEFjOUhwak9IM3lIWWZQS0xZZWlaU0hqU3JmdHZwVXRrWjhuTkdtdEtMRmNUUXZt?oc=5,ABC7 Chicago,2026-07-29,positive
CTA,Pretty Cool Ice Cream and Chicago Transit Authority Partner on New CTA Line-Themed Giveback Pops for National Ice Cream Month - CTA,https://news.google.com/rss/articles/CBMi7gFBVV95cUxQRzJraW5qaXVQRGRaUWh1UFNBYy1GMHhvYnowakt2bTBycXJjeFR6dElxUlBDbWpWU1ZVcXhuRU1uMmR3eVRhM3FqNnNWd3NuMmZqQUExSWwzUzctbk9nMVBHLVh5dXVrU3BKUlpSR29mdzZ3eUw2ZnozaV9seURRY1JnZUxHRnQzalQ2aVhfM2tmZDgxWWlyNlEtREp2UVBqS1g3aDRSb3Jwb3FlWTZOMnNXZnA1WlN4TVdzcWIzQnNQNm1hb3lFWkI1WHQteVA1SVNNd2hUdjVJamR4SDlfVGs1SzEwRUQ4a29yV3Fn?oc=5,CTA,2026-07-29,positive
CTA,"CTA board approved deal with IDOT to fix Blue Line slow zones, and an increase in bus lane enforcement cameras. - Streetsblog Chicago",https://news.google.com/rss/articles/CBMiugFBVV95cUxON2w1ZnRDXzFfclpDMFFMSHkwOVQyVmhYS1ZDRXJjWlM0cEtuRXNqYnhFdy1BSGtTWHRrdWNKV1Z4S0ppTktDM2t5SDNVTEkwMndhY3ZZVFQxNVQyZVpTQlo0U2lfNV9FQVBoRFVlRHJMNTMyNXZtSllnbGJaYmVUSURnYWZEUkhaYzMyZEM5TmNCenA2T1I4MWUzM1pmSHpQYUstOExhWkkyVC1nU1hrTl94WUVKTS1lRGc?oc=5,Streetsblog Chicago,2026-07-29,positive
CTA,"Elevated CTA ""L"" stops in Loop rerouted for track work - CBS News",https://news.google.com/rss/articles/CBMifEFVX3lxTFBUZkNmRDhseldNbktPbFNJQkxpbTB0YTRDZHNqM0lPWU0wVDBMRklvdmc3WnhrYm9QeldQX0EtNTB0M1RvWlZlcWJTWWlGU2RWOGFpYmJBUFZPeEpfWVZUMGR5LTJPVk9qTmQxcTNrRDB4WTFrOC1hUGNqWmQ?oc=5,CBS News,2026-07-29,negative
CTA,Combating fare evasion could help lagging CTA ridership - Illinois Policy,https://news.google.com/rss/articles/CBMikAFBVV95cUxQVmlnNzEtcnhmcV9MY2ZOMU9FRDBRZjN4b1ZQcmRuTXFGcEZfaFNLYjBrcUZuamgxYnJWQWRQWm16VmI0cGJDd0ZnclA0MkFmOVVYcklqRmFDS2hZZjd4ejRjb2dfTGJFY0dhZ2JXbDZtQXNJVC10UmM4cU5Sd1o0bzcwMjlxYm8xdFBpbUY4MWc?oc=5,Illinois Policy,2026-07-29,neutral
CTA,CTA looks for new gates to help deter fare evasion - Chicago Tribune,https://news.google.com/rss/articles/CBMic0FVX3lxTFA5eWpPMG5CY3pJMlpsQjJ4QnVJME92VDE2T3hna01IMVJaZnVUNVVqZm9MRnM4V2kzQTZhWFk3bEYyRXNvVEdqaVVIQlk2c3VvRm13SEN0YjZVaHdjS3FuQ1Z4aHNIYTA3ckFDVXFfSDZGWDA?oc=5,Chicago Tribune,2026-07-29,positive
CTA,Yes on Proposition 3 - California Teachers Association,https://news.google.com/rss/articles/CBMiW0FVX3lxTE9lTF9LLVNqNVVlLWxmdVNUZDFiYV9zSzM3U053SzFqdVZ0eVQxSktSMGI3RXlfZ01ZY1p3ZGdMdnVzN2dCZkhwSTFhMHZWNlExdnZMSXNGX25uQWs?oc=5,California Teachers Association,2026-07-29,positive
CTA,Our Union Wins Paid Pregnancy Leave for Educators - California Teachers Association,https://news.google.com/rss/articles/CBMijAFBVV95cUxPOHJBZ2o2WkNkYUtiQ2RUcGQwbVQ1b0RpdG82OE05dmFNRlR6c05PQjRVOFNpbm9xU2RMeTU4dHZsdmU0Mkd6NzF0OWVsck5MUVljRWttU2JtR2ZxVnJyWXQ0QWhrbFB1c212U3BIQUxNb0VRMmR2dG9oSnRDN3JpZndpUURaVWZHVHU5Ug?oc=5,California Teachers Association,2026-07-29,positive
CTA,Purple Line back up after storm - Evanston Now,https://news.google.com/rss/articles/CBMif0FVX3lxTE9EZzVreGhtdVZPOU53TF8yOGo5U1NXZUFzb0V2QnpWemdKUlprUjVTUjFxU3RkaXJQeTJBOGNPQlNiUDFnVkdqRFVJS0ZxMW9VdU00Yy1BSVpYNl85T0xZdF9SWlBEaTlfSTNRVkYxNGRfMHh5WlRYczNIbXkxa1U?oc=5,Evanston Now,2026-07-29,neutral
CTA,Creative Technologies Academy offers quality education with small class sizes - FOX 17 West Michigan News,https://news.google.com/rss/articles/CBMiuAFBVV95cUxNWEQzVnhOVTQyWUZjZ3lONjI5a0gtVEN0RmpaTFB1RkhicW5ISC12MDFxWHhqQ0l5ZFlFOUMwOXhjSWc4c2hvOGZyQ1g1bEttVXNZNlp6cVE1R3VPaVVLZmoyd241djMzaHRCQ2Z0djhEQmY4TUVJVmpMWkdQUXB0NHVPZWtPNjRsRFk4RmJlNFlIWVJ2Rno0UmlWd3dFVGtuV3l6S01hMlo3QWVfbkE0UzJ6U1ZSZWt5?oc=5,FOX 17 West Michigan News,2026-07-29,positive
CTA,CTA Yellow Line service resumes after train hits vehicle in Skokie - NBC 5 Chicago,https://news.google.com/rss/articles/CBMitgFBVV95cUxNS0VMUzFpRm10XzUwNGgydkt6bXprQVdmT2pmRFFsc3htTVZtd1VFekowZW9WMUhzeWpyejFSWXo2Y0lRa2V0ZGxpWU1QZUJDYlByVVIxaEV4WFhzMXlraUNhQnluS1BoSldwQWs1dm9iVjBNWlhWLXpUYnhnUDU4enB0WlpMcDBLd3c3RDJ6UEZ5ZGdtT3hFeWtPMnpqMl9vNGFrUjJGVFZvUjA2Mmx0ZG0yemp2QdIBvgFBVV95cUxQbmtDeEIzWkY5UGZKSG1JRTNZRE9KWm1nT0pRYVpsaEdKWnd0VmF0d1paVjhuc3JoLWVaODRVS1ZDQU1OVkZvc2xIaEhrUHh4X2U0SG8walJud0RSTkI3bWdLODA3NVN3VXgtVnVSNzM1TDY4UjlNd1dpWi1BLU1hWWV2S3lpZnlLT0JnTzRFOEtCMTRfYzMtaUl4ZUtJUF9keVN5Y01IRGxPNFlTSDA3ZG1XYV9qVmwzekNMbGZR?oc=5,NBC 5 Chicago,2026-07-29,neutral
CTA,"CTA, IDOT sign off on design prep for long-awaited Blue Line improvements - Forest Park Review",https://news.google.com/rss/articles/CBMiakFVX3lxTE1Wd0F4YU9KN0J6THVoZElWUWg4VTZrUWIxNF84OU1YTHhZTjhlWVZwREZYMWVqaDBVY0k3VFRpbUtjbzR6SDRBRjZCMUk2bXF0eF9WRWZOS2haN2VBUVJoLTY4dUNXLWI1N3c?oc=5,Forest Park Review,2026-07-29,positive
CTA,"Three-Day Workshop on Training Guidelines Review, Validation, and Training Needs Assessment Begins - Central Tibetan Administration",https://news.google.com/rss/articles/CBMitgFBVV95cUxPdDhWajJLdHdsMG1WNUphWFpCcU5mMXhmYkhBTW9lYnNSdmRKTHB4SEIwRjgtNDhtUlR6SVh6RW1lUUV4ZXllaTY5Snp0M2o5bHNnM1pRbDJaaFdORjdlTk1kdklLbEZnREEwQWRhVzVQWDF6VGM5NXpEWUttQ2JlQktMVHpqenp3c1BuMmhYUXRkMFBYQUxjWXZmaGIzYTNyN1FRTmlaTjNRQXU5VVFUZlVva3ZoUQ?oc=5,Central Tibetan Administration,2026-07-29,neutral
CTA,"CTA says crime is down throughout the system, but many riders still don't feel safe - CBS News",https://news.google.com/rss/articles/CBMihgFBVV95cUxNdDVHMlgxazFvbm91OUI3WnpyeWNSbUZkdm9aTjNuQ1ZqUlRMWXdkaTBQQXREQ0VHM2NUMWRBOFJsMEJSUEFoWVppQm1POVFsMjQ1dzI0WXJTenRCZGZTREVsTUpGb0xpOWxRaGw2ZzlySGxLazlTcnh4MWhacHY3NURTQkpIdw?oc=5,CBS News,2026-07-29,negative
CTA,Letters: Putrid smell at a Loop station is an example of the problems that plague the CTA - Chicago Tribune,https://news.google.com/rss/articles/CBMifEFVX3lxTFBPeGJadVl6enhTRkJSaFpIMDhrcW16YVhEdm90Y29LekIzZkRrbUF1QXh2bW5NS001dWp5VnBCaU4zaEh5MnU5aXBiYlRMdmM5cU81NGY4d3Q0Wi1uX2J2OUYwVlhUUlZ3a0F4WExQclJGTGllcjYwTWlmaHQ?oc=5,Chicago Tribune,2026-07-29,negative
CTA,China’s grouse compels CTA withdrawal from upcoming Tibetan studies int’l conference in Nepal - Tibetan Review,https://news.google.com/rss/articles/CBMivwFBVV95cUxQTE4wdUxwS3ZuY3I1NXF0WWZBdGZZZ1VQVzNLckdJaXBFUzh4WjlDYWdDZ281N1hjX3p3c2RZbTNDNVhuMk5YTzl4OHNxMmd6MkFFMDJQVzVFVEZkLS1MamQ1Ykc4ZEw0dDdzaWFZSDJ2SnNZdDFvSXRzOFVZb2hlOUZZOGprVVhTX0xkSUs5Z2N4V2o1b2ZqUE1tYmViel84YXF2bGVLbjdqelVzZGRNRGpBOWZYMnZBeFBwQzJVNA?oc=5,Tibetan Review,2026-07-29,neutral
CTA,Zixi and CTA partner for IP-based distribution - IBC.org,https://news.google.com/rss/articles/CBMimAFBVV95cUxOVS1OcmNkbmNOQ29RUXgxb3hwdmlCY3Bxd0cydF9iNmEtVmN3bGhTTHlSY2Zxcmc2OE45b1ozdXVzRklwLVZKVi1ETDBjR2lsTkhCSm9YMlBPZ1pnV1FxNkk5SnZ0N0lzUkV0OElBbE10TDNQMWxNbk1fN05ON0Z4aUdhQTVLcTJ3dVRhYzBMMndfZzVJQ21LSA?oc=5,IBC.org,2026-07-29,neutral
CTA,"CTA Yellow Line train collides with vehicle in Skokie, service restored - FOX 32 Chicago",https://news.google.com/rss/articles/CBMie0FVX3lxTE15RGdjOW1xbEdROFdZQ0RfY3hnWjJ4amVqdmRNQnppbXhkNU1WcVBrSTFBUklfd1BhNkY4VzFOT2VSRkZSRGZyMkNyU1RsQk9JbWVYeGdPSS1EakdlLVlBNl91MjZpcGxSVWp5Vnh6WmVrY1RhQ0JMQXNYSQ?oc=5,FOX 32 Chicago,2026-07-29,neutral
CTA,"Service On Yellow, Purple Lines Suspended Due To Debris On Tracks - Patch",https://news.google.com/rss/articles/CBMikwFBVV95cUxNcnNSakl5OE5YZFFyWWJKSmVNY0EzUGdwSFAzN1ltVVlyck5SS01iRWFYMDZpQkR2QnZOajlUMWhTQ3M0bjJTREpCbmFJYTkzZUhldXBQcWxTQ0RCVFFxa1Z0MjMtaEFmTF9HUTFNUlFIN3piMGZXWEFrQXdpenhyYi1scEhiV0N6RWQ4NFFHdEV4Y1nSAbABQVVfeXFMUGlVclpvV29XcGRpX28ySzdfeGRjTFJ4VE1Ta0ZrczhaRzVOaEZVY1BWbjFjUzlXOXNJWGk3RHRxb3JIbG1wU1FrTFdtUkg3XzItWEU3RDZvbXVRdDFJQ05GVnJFb24zcEVfTUJvLThqSVk2NVQ1TksyUTNDNVJpbnFkdzNXbTJoSmktOGRETkN5ZzFuRlJ1UW1VVG5kMWJOMXZyQjR5NFZJcERpeWNqUEQ?oc=5,Patch,2026-07-29,negative
CTA,"CTA secures funding for West Side transit improvement design, construction - Mass Transit",https://news.google.com/rss/articles/CBMi8AFBVV95cUxQZHJ4aXZ5clc5bVFJYmdxUkNldDFxdXFyaEQ1RE9tQVZCY25WWFprWW9iWkkyS24xRElRT0JxR3ZvM1JSMHJpb25zYlFrWjdpS1hGSFBOYUZkOGljYXpoTm1ER2Z0dXZjMGJ6VGhGOGx0a1BxTlp2QWxrbk1Dc1FRaVVyZzFMaHA1ZUlySXVlNFNNdVFKNUQ0ck85aGgxYXlNQ1dXdC0zajRrWGd6MlY0RC12a1ZYbXhtd2J3b2otakNoejdfaXZYbTV6alcxUmNobnRkQTRjRkFUNUZMLUNTNVFzdm9WWE1aTjE1TGo3bVo?oc=5,Mass Transit,2026-07-29,positive
CTA,"CTA seeks upgraded fare gate, fare collection tech through Innovation Studio - Mass Transit",https://news.google.com/rss/articles/CBMi8wFBVV95cUxNWUR5QUNUNThDcWRhSGZvYW1lRG5zcE11Y1pOS2R3MTFISFZ3VExzSnZnSGpkbXRuNjlRbFRualQ3Wm1oMjFKc3U4UUlOYVNlX08xdEVhVGZ1LXp2YXp5cUNuT3N1QnFCQXlvM1Q1M2JsaDRsTEwxVkgzdW5mS1JOeGVZUkFFWkYxLW9ZUHBrXzItN0tRUFFBYjJ2R2ZFVW15S0dzc05GVGtHamQzWjR1TktRSDNKbUtIUTd6cXp1LUhBVVdOZmVQLTk5cF9MTjFaZnVlY0MyektmZU5lSzFDOHgxaGVKdE9XWFdPa3oxU0RzTWs?oc=5,Mass Transit,2026-07-29,positive
CTA,Pretty Cool Ice Cream offers limited-edition CTA ice cream - Chicago Parent,https://news.google.com/rss/articles/CBMimAFBVV95cUxNandrVXFMTTk3QVBsZ0dOdkRNenJzSGtpc3VBRkw5aDZ4cXFoaDFVTGZDb0Z4cU5KNUpXLXBIRUJPZUhfOUJpN3lKX2MyUlItU0J0d2VCOF9Qc09oZzNSUjZ5cFJ4OU5idXplbjhIb1VsNDJ4R2xfc3A2a3NIQnZSbFdCelRwLXRnYmlBUTJ2b3lQdVJFRVhpcA?oc=5,Chicago Parent,2026-07-29,positive
CTA,Surveillance video shows man wanted in shooting death of CTA worker - NBC 5 Chicago,https://news.google.com/rss/articles/CBMitAFBVV95cUxOUFRwLXR2LTdQSGlTWVFzbEVRWGxkaVVvVm1mLXFpRlpyUXlld3RnNUFLVllXcG9hckd2ZnBsdmwzTXhwSHFMVjFxRW01a1RwZFdRY3FTQ3BZQ2oyNWRZYmhRemlRQXU5bG5zUHlPbDl2U1lNMzFYSkJuYXh1QU9sUkpXV3FsZmZJVjNheFFYbXNERW95aHZjanY5c3ZGOXAzbmNwLUhDT3BLdDVXOW1GUklsa3LSAbwBQVVfeXFMTUk1RjltN2tsc2NyV3N5ZkpPTEl0d2tZUk4wb3FNZkZNZDBPT2tqZjhyUzJxQy1VN1hTTDJaWlJSZXc5cUVEX0tmYUV5eTEtM19nWG1mSnVlYmxMdk1NSEdIVnJrRW1kWi1OdHNvZkdrRzJESEZyTHRBanFCQVBoZjFFNHltSVpGV0szallRcUQwbmFSZ0FiQm1MUC1tRXBQZXMwZGpNb2RrYi1qMDFLdkN2d0NOX213Y1I0cGY?oc=5,NBC 5 Chicago,2026-07-29,negative
CTA,Woman pushed onto CTA tracks on Chicago's North Side - CBS News,https://news.google.com/rss/articles/CBMihwFBVV95cUxPVmhHd01wbkZnTVhfLXEwUUlDX1Z1bXJLRWVwWVpLTE9IelllYWxxb3JRRDNaUS0tSVRtZGkxNGFGQWdVUklyNDU5NWVxaWpfNWFSR3VhOUg5WW9VWFdNZDhrX3JvQUMwQ0ptaUtrN183SWFjZVNJTzEtSksyUDFtOXgzLXNJVU0?oc=5,CBS News,2026-07-29,neutral
CTA,"Crime Is Down On The CTA As Ridership Increases, Agency Boss Says - Block Club Chicago",https://news.google.com/rss/articles/CBMiqAFBVV95cUxQWDhXWUNqcjNjQTlwWWJLYmViTzEycUVtc0JTa3cyQk1MOV9URjZVSkNnV3dLYlZCdjI0dWRQWHBzaVJoaWI4YkdYLVdBYkVQVkZkRWVGZS1WUGlocjRRY3lCd0p1MGVQQ0xoc3hHdkIxc1JEWHBuZXVzWkx2X2Z5VC1CLTlQTG02MWY1WE1KcUlOU29BN2FqLUF1d2xzOU1XeUxuUWtFTVU?oc=5,Block Club Chicago,2026-07-29,negative
CTA,CTA Yellow Line service resumes after train hits vehicle in Skokie - CBS News,https://news.google.com/rss/articles/CBMihgFBVV95cUxQbHdtcVFQRXh3eUhwU1QweUhoQkRuV0Q2UC1JT0VrQ3ozeElNdHlQTmdmbzdiN1drakJaUUcwdXB2ZU9NNDdfaFhVTjRRRkRfODlpcUQxeWhIX05hUHhmUFcyTDdQZHpYekJrVWdFMWVOM1RVSWgtSU1yZWN0aDRFbDFtTndGQQ?oc=5,CBS News,2026-07-29,neutral
CTA,Truck rams CTA bus in West Town hit-and-run - Chicago Sun-Times,https://news.google.com/rss/articles/CBMikwFBVV95cUxPUTZ0bzUwTG5qRDdGWjFid1l4eHVZQWRqMXI1QkxIbUZYYWlaNU51NGxYcWVoMWFfdjZVWTVBblo5bjI4Y3gzazVMempDZE8wY1IzZFdrUG1zcEFPTkhfU2xTckFiQmx4UERybU5wZXliS25MQkxsTFBuRi04UG5ZRXlkVXZaVzhWSnRvMlJmY3lqS2s?oc=5,Chicago Sun-Times,2026-07-29,neutral
CTA,CTA: 3 Loop train stations to close for next 2 weekends - Chicago Tribune,https://news.google.com/rss/articles/CBMingFBVV95cUxNR0dkTl9aeGFTZnpSYXVQY0Y5bEJsaDBwWTlVUUx2N0h6OVBwNkZzMl9ILUNrOWpGNnhDWXpKUlJPUzNuVGJsLTNGdWVzNmNTTFNPMFJkaEJUQjlsZjZKdTFWenJTV1pfdVVzLXA1UUhscWZEMC1STW41QWFRVkFHMFUtaFp6RUVuTGFra1VEeUZqOUc2OGo1RDBOZEJmQQ?oc=5,Chicago Tribune,2026-07-29,neutral
CTA,Woman dead after being hit by CTA Brown Line train at Addison stop; trains resume service - ABC7 Chicago,https://news.google.com/rss/articles/CBMiywFBVV95cUxQQnYxaVprWjRnbFYxaVk2WnRaYXlBLUZKQXdLVU5YVzdaOFVaY28wYmZ4cUppTDFUMXBtVFlLWm1ybFNaeWQzM2NSX1BzQkFDak45a0wxd3l5YS1MS3JzQmk4VXQ0Sm9xU1pKY1BxUmw1RVRBU2lmaXZFRVEyblNBVGc4YnU2QkRsYWhUZFpvOGQ2QjlhYU5wYjFmdHBqbUVtcEdRb1E2ZXVTTVdQUkNMRGthWnY4NmQ1QXJBWUJqejNBdWxPa0dMZ1U1TdIB0AFBVV95cUxOWGFRamhSd1VlRDJlNFVpUGJjWDJHOWJieXJYdUpHV0pOemc3dnlldng2VjZfQjJfS3M0R2hyWmtLX005UDJLVkRIUDNpaTVtOEtwQUNNNTd3cDF2bnNQMk5GMDFPV0RWT3hLaVhpUWpJTTA3cjJKZVpNUFBiTTBxaVFLSFNfdjktemdFUjBNWkkwelpralNZTGVxM0wtSTJIamRGYzBIZm4zVExXVzFUVEZ2UTg4UGNuNXNLXzJSd0VfOGpjOHkwcDJsOExlWEtC?oc=5,ABC7 Chicago,2026-07-29,negative
CTA,Man slashed in fight with group of women on CTA bus on Chicago's north lakefront - CBS News,https://news.google.com/rss/articles/CBMimAFBVV95cUxOT3ZKbk5oMmZpVFNmYXQ1Q3BqTVBYTXJENDlYdERCblUwbjdvelhEVmljNlZmUTBWRXVhc01ZMU5WUjR6WjJ3bDNFQnNCT0xHdnkzM2VwZ3NERzlfZjRaNXkzX3FEeVdnTlBQeFVEY0VsVzQ0TTBjd29GTGpzb2VvMmtMUW1laGotYUNOYTk0Mnc4S2F1eW5ydw?oc=5,CBS News,2026-07-29,negative
CTA,CTA Yellow Line train strikes vehicle in Skokie - Chicago Sun-Times,https://news.google.com/rss/articles/CBMirwFBVV95cUxPTVA1dlhCTFZPVkVaWHZUR2FOMmVHbDVfRU5hU3EwYlVzWVFhdmUwVDd3aGV5UndnckFjeDJlYTgwSHN6Ni12aXVmNUREZmtod2FLUFhJOVhNLS1ua2ZqSTY0TV83NjZUNWdlTmdkU2RyYThSYVVORThVLWlhbDlYWkZpWW5kdnVKQUVRMXQxeUdYaEhBalZubEZ2NGlNY0RiNlllWllBSjhjVkltTUhj?oc=5,Chicago Sun-Times,2026-07-29,negative
Chicago Transit Authority,"Sales tax increase to pay for CTA, Metra, Pace problems - Illinois Policy",https://news.google.com/rss/articles/CBMijgFBVV95cUxOTUNWa1JDaHk2eWU4THZZRjV1dFpaLXdhelNFLWJPRXdvdUREYUVZNjd0M2ZNUHNCaFo5aGttd0dEcXpOWHBkdXZ3X2tDMmRtcWRWM2Ewamx1ZUVETm1ZWDRUWHNkcW82b3BQTkRURXJDWkdTRXZqMzY5MXo0RkdwWm9adndBcEU5S0ZtQU5R?oc=5,Illinois Policy,2026-07-29,negative
Chicago Transit Authority,"New signs intended to deter crime to be posted on CTA buses, trains - CBS News",https://news.google.com/rss/articles/CBMiggFBVV95cUxONmV6RTV2WldwUGt6RTBDNGJyLTF6MjBQVnlMZzJFMU8wdjBNQjhOT1ZKTDlHNXZMZDZYTUoyN1YwTTcyS1F4RXdyWm1pWlJoOFY2SVFBUVFpRldhREZYMXFsUVduR1VESVVKT2ZuVTI2LTNaalZ5TEhWYVlkS3NfZVlB?oc=5,CBS News,2026-07-29,negative
Chicago Transit Authority,Chicago crime: Cook County State's Attorney Eileen O'Neill Burke launches CTA campaign warning violent offenders of jail time - ABC7 Chicago,https://news.google.com/rss/articles/CBMiSEFVX3lxTFBFREQwQ3lCMEhkU2dXX0VrWlR0Z3dEa01sZGxWdVN6dzN2dDNtZjN1bXJ0MWpiTkd2ejJ6MDhwM2NKc2FLVVBXRNIB9AFBVV95cUxNTVotVFZXNXNBbDFCTm5fckgxQUpKZ1FLS2FkU3dNOVFDSWM3ZlhpaDkydlpnZURfbkRhdUttYzRPQTlNQVhSTENyOGUxOFI2djhUcFBaWlhtbEJhWmlUWThpNmlMV19IWjJsWHlSaGw2eGlramZ4UFdfbU5FUGw2RlJQQ3hWSVdCb2x4TlNqQW1FTkdoWjVuaTNIVGpwSmlaUWM0cDlSVENnS2JWeFNvaXVLMjFlenZRUnNQeUYydnRZdHN2X004SExnTmEwTFdGMXhVMjl5YmpyblVoZWx3c1pBaS1Hb1BGZDdybEMzQU9zeVhG?oc=5,ABC7 Chicago,2026-07-29,negative
Chicago Transit Authority,Pretty Cool Ice Cream and Chicago Transit Authority Partner on New CTA Line-Themed Giveback Pops for National Ice Cream Month - CTA,https://news.google.com/rss/articles/CBMi7gFBVV95cUxQRzJraW5qaXVQRGRaUWh1UFNBYy1GMHhvYnowakt2bTBycXJjeFR6dElxUlBDbWpWU1ZVcXhuRU1uMmR3eVRhM3FqNnNWd3NuMmZqQUExSWwzUzctbk9nMVBHLVh5dXVrU3BKUlpSR29mdzZ3eUw2ZnozaV9seURRY1JnZUxHRnQzalQ2aVhfM2tmZDgxWWlyNlEtREp2UVBqS1g3aDRSb3Jwb3FlWTZOMnNXZnA1WlN4TVdzcWIzQnNQNm1hb3lFWkI1WHQteVA1SVNNd2hUdjVJamR4SDlfVGs1SzEwRUQ4a29yV3Fn?oc=5,CTA,2026-07-29,positive
Chicago Transit Authority,"CTA secures funding for West Side transit improvement design, construction - Mass Transit",https://news.google.com/rss/articles/CBMi8AFBVV95cUxQZHJ4aXZ5clc5bVFJYmdxUkNldDFxdXFyaEQ1RE9tQVZCY25WWFprWW9iWkkyS24xRElRT0JxR3ZvM1JSMHJpb25zYlFrWjdpS1hGSFBOYUZkOGljYXpoTm1ER2Z0dXZjMGJ6VGhGOGx0a1BxTlp2QWxrbk1Dc1FRaVVyZzFMaHA1ZUlySXVlNFNNdVFKNUQ0ck85aGgxYXlNQ1dXdC0zajRrWGd6MlY0RC12a1ZYbXhtd2J3b2otakNoejdfaXZYbTV6alcxUmNobnRkQTRjRkFUNUZMLUNTNVFzdm9WWE1aTjE1TGo3bVo?oc=5,Mass Transit,2026-07-29,positive
Chicago Transit Authority,"Multiple Loop ‘L’ Stations Closing Next 2 Weekends, Riders Should Allow Extra Travel Time - WTTW",https://news.google.com/rss/articles/CBMiuwFBVV95cUxPdGNWVFcxUFBxWU14SVhjbUxWTHRWeG9ldENISFBhSTBRWGR0OC13NnVNd3dIRFgyT2k0TE14eEMxSld5R0NIY3Fhd1FuTW9KMlBFMk9JTjhsQnlYa0w0RHhDWE50OVIyRzhHXzA5TzBPdTdjRm9PYlEyWFBHSV91WWtDblRIX3lQbGZWNGlXWHdmY1ZJaVpicWlGU0xWQVE0NXBBUWVFTm5ZNS10NDdfT2d1WE5uMk1hN3g4?oc=5,WTTW,2026-07-29,neutral
Chicago Transit Authority,CTA: 3 Loop train stations to close for next 2 weekends - Chicago Tribune,https://news.google.com/rss/articles/CBMingFBVV95cUxNR0dkTl9aeGFTZnpSYXVQY0Y5bEJsaDBwWTlVUUx2N0h6OVBwNkZzMl9ILUNrOWpGNnhDWXpKUlJPUzNuVGJsLTNGdWVzNmNTTFNPMFJkaEJUQjlsZjZKdTFWenJTV1pfdVVzLXA1UUhscWZEMC1STW41QWFRVkFHMFUtaFp6RUVuTGFra1VEeUZqOUc2OGo1RDBOZEJmQQ?oc=5,Chicago Tribune,2026-07-29,neutral
Chicago Transit Authority,Chicago Transit Authority Blue Line - Railway-News,https://news.google.com/rss/articles/CBMifEFVX3lxTE1TWnhQaEZOWE13YkswTFdidUlFcGFGVHlIMTZJRGFlREVpMElSVS05YmhLel9zU2lXeHlkcjZBU3gwQzJGUEpFX2lmZ3VEby1Od2xrR2VhSDRXMWxZWXhfbGpaSFY5OHg5a0hLU3hHUV9mTUdtc0t6SmJrWXE?oc=5,Railway-News,2026-07-29,neutral
Chicago Transit Authority,Cook County State's Attorney's office puts up new signs warning against violence on CTA - CBS News,https://news.google.com/rss/articles/CBMiwgFBVV95cUxQRjFrbEtiTnBhV0RKaUVMd3A0S1FIU0stb0E2WG4yS1FzdnNXbTV3UHFnTHVyYVhxbEo1dWRyc1U0VDAwbC13bjBKaWZsRktXZXg2UDRRanZ4NVNFNUhsaF8xTnJjMmlTYmEzRjlPbEhqMG9oQmVfS2htYm0tR0ZsMFpEUW9EM1dtelVkZk5oYUxDZWViOUVDU0I2M1RrSjN2NjFwWGR6NU5rdGJDUGJ2cDhsLUlGRVlyQll0alJCbFpadw?oc=5,CBS News,2026-07-29,negative
Chicago Transit Authority,"Acting CTA boss cites major drop in crime on transit system, credits collaboration with CPD - WGN-TV",https://news.google.com/rss/articles/CBMixgFBVV95cUxPUHJ5N1hKa3gtWUFDUzVFcUxEcE84dWJ6Ni1YMHBhbWRfWDVOcUJGSHRQU0ZTNUxUX0NJbThjOEJiclNLOEJHejAySWZvaGRmYWx5YXcybVNBSTM4THFNeVBxTWpjNzhCZ01udDVMaUk2QmQtUXpwMUZpbHlILXo5ZmdVRlRWUlpFTTQ4RjdBaDVWRVpEM3JDTWdOaVJhVk5hbVFfbGVRYVkzbl9tVDRFb2Z2YW9yQ0Z6TXlpaDFLMk5HT1gzcXfSAcsBQVVfeXFMT2ZQUGRubHN2VGhNLXV4NERBOEJqMVVmUjMzcW9Ublc3TXFuTzQ5TGxGY0JIaFEtRkl5UTdJYnprV1A4MUVTYWs4Q0FHOGl5SGtiVExKSFRnZXdTODY4NW05azRyNjloejNpblBQdUhjNXhySlRva0FkdWhDZ1g1SU1BNDNfejNCY3EyTW5CMkdTeGRGdktqbURudGlBT3Q0cElET1d4SHlDQnpxd0FoVW43REdGbHRGeU1ncUU4ZGFlc25wNVdnend0Mmc?oc=5,WGN-TV,2026-07-29,negative
Chicago Transit Authority,Combating fare evasion could help lagging CTA ridership - Illinois Policy,https://news.google.com/rss/articles/CBMikAFBVV95cUxQVmlnNzEtcnhmcV9MY2ZOMU9FRDBRZjN4b1ZQcmRuTXFGcEZfaFNLYjBrcUZuamgxYnJWQWRQWm16VmI0cGJDd0ZnclA0MkFmOVVYcklqRmFDS2hZZjd4ejRjb2dfTGJFY0dhZ2JXbDZtQXNJVC10UmM4cU5Sd1o0bzcwMjlxYm8xdFBpbUY4MWc?oc=5,Illinois Policy,2026-07-29,neutral
Chicago Transit Authority,"CTA seeks upgraded fare gate, fare collection tech through Innovation Studio - Mass Transit",https://news.google.com/rss/articles/CBMi8wFBVV95cUxNWUR5QUNUNThDcWRhSGZvYW1lRG5zcE11Y1pOS2R3MTFISFZ3VExzSnZnSGpkbXRuNjlRbFRualQ3Wm1oMjFKc3U4UUlOYVNlX08xdEVhVGZ1LXp2YXp5cUNuT3N1QnFCQXlvM1Q1M2JsaDRsTEwxVkgzdW5mS1JOeGVZUkFFWkYxLW9ZUHBrXzItN0tRUFFBYjJ2R2ZFVW15S0dzc05GVGtHamQzWjR1TktRSDNKbUtIUTd6cXp1LUhBVVdOZmVQLTk5cF9MTjFaZnVlY0MyektmZU5lSzFDOHgxaGVKdE9XWFdPa3oxU0RzTWs?oc=5,Mass Transit,2026-07-29,positive
Chicago Transit Authority,Elevated Chicago Expands “Elevating Culture Near Transit” Initiative with Three New Grants and Historic Partnership with CTA - CTA,https://news.google.com/rss/articles/CBMi6wFBVV95cUxQSW53TjNNdzRRamNrTlA4T2EydWpocnVnNjVwVkYxV1k3RHU2RWp5VTlEMHZsSlBkSVpuU2laV3BVUmZaS2ctN2J5WC1ZbHQxT2hsQm9VdTBVQkRSN3QwTFNuOHJYTUdpZnNkRzJJYktrWV9QRFZseHV6V2tyYl9ZZEpKRm5kdTdiSWZ6UDc3bmFmeGpwUi1JMGg2SEJ4OUlVaTV2YW84QVliaVNuQ1lybi1WeXExSjhjZ3k3bVNRdmN1RDlycUN6d2ZzR2hjb1NXM3hZODkwOUtRYmc3NnZZZU1GUVdMQ2YtcGFJ?oc=5,CTA,2026-07-29,positive
Chicago Transit Authority,Mayor Brandon Johnson’s new transit board picks include CTA’s current chair - Chicago Tribune,https://news.google.com/rss/articles/CBMiggFBVV95cUxOV0Z6bmQ2bE9Tc1pTcHpjUkoyaHQ2SVdOSmJyMWY2QlNZRDhkLUVnUDBGQzBibS0wZlVDb1ZfN19EdzVWWFlYMVVNSUJSR0JWajVoeGlIcUd0Ny03MDlDY2M3MnFtcGJzRU1IbDNBNDdWbi1uLVdkZzZ3c05SMGc0SVJR?oc=5,Chicago Tribune,2026-07-29,neutral
Chicago Transit Authority,"CTA says crime is down throughout the system, but many riders still don't feel safe - CBS News",https://news.google.com/rss/articles/CBMihgFBVV95cUxNdDVHMlgxazFvbm91OUI3WnpyeWNSbUZkdm9aTjNuQ1ZqUlRMWXdkaTBQQXREQ0VHM2NUMWRBOFJsMEJSUEFoWVppQm1POVFsMjQ1dzI0WXJTenRCZGZTREVsTUpGb0xpOWxRaGw2ZzlySGxLazlTcnh4MWhacHY3NURTQkpIdw?oc=5,CBS News,2026-07-29,negative
Chicago Transit Authority,Chicago Transit Authority Sues Federal Government Over Paused Red Line Extension and Red & Purple Modernization Project Funding - Press Releases - News - CTA,https://news.google.com/rss/articles/CBMi7wFBVV95cUxNcDlGdXY3M0lZUGVvOE4yUW1FOXczTURfRXFBLW16SVBFc29Nb0R1NWJqRklyYm51Q3dQalFwa3UtMlZxTGU1U2tDZVROWTYwX0J4a25rb0FKUWpwQ2k4Zjd0RnRtQzUxMjh3SHJXN2VjYWZWc25TNFZlWlh1SG9ZYWxxT2JOZlNvODdKYjF4UXB6cmtwUjZKWjNDdnVyTWV1WmNEa2RjV1RyaWgzQXlQSzlSZUpNeGtxclZLcnlWVkphdUdJZkYyVXBNY0VybjVvamVDT2hDVDFMYzJjTlUtaVpOMnY5MXREa3lydFUxbw?oc=5,CTA,2026-07-29,neutral
Chicago Transit Authority,"CTA Submits Enhanced Security Plan to FTA, System Policing Hours to Increase by 75 Percent - CTA",https://news.google.com/rss/articles/CBMivgFBVV95cUxNaFJHbUVwQmdtMnAydzBMNlBRalhYV2hHOF9yYTVWWGxUTUM1MjZqVnV4MWlkQUJzYUw3M0VESEYxbGxDVUNlRWFqVDVxc2ZOMmlxY3FVZnUzMlFBVjBvaG1vbXM4RVJPVlFwX204YWpGTTh1cDBMZFg3U216am9FUGkwRkE4MVcwLTRmRVNqRnpDbF9QM3B6V1RiSHVZaDV2TjlJalI4M29ReGp4WUVSbnFHYlNPVEo5bTV1N1Vn?oc=5,CTA,2026-07-29,positive
Chicago Transit Authority,Cook County State’s Attorney Launches Regional Transit Task Force to Enhance Public Safety - CTA,https://news.google.com/rss/articles/CBMivwFBVV95cUxPRjE3TzRtOVRSNE9oT0YtSjA2S3pXT19oLWtHV2JDejRCZVFjV2lMQzB5MG8wdUwyLW9FYTVmZHpRT1NuMEhwZklUYU5ramZfQTlES01FU29ianRLLWozM1Y1OTc5dkFhZ0xGemRjX19LYU95ZXRlcDB6Q3FadWltb2FjQTNFSV9ONHdEMGFPOTNFa2RYR0FudWNPMzNGYk15d1RRTHlBSzhPUXpGaFF1b1NmQ2JJVXlYeFg4RU03SQ?oc=5,CTA,2026-07-29,positive
Chicago Transit Authority,Mayor Johnson and CTA Celebrate Investments in Welcoming Spaces Across Chicago’s Transit System - CTA,https://news.google.com/rss/articles/CBMixgFBVV95cUxPbWprc2hqUTV0RUdCbmpWTVNHTDF2VldrRlM5THc5TDhZVHprSzlJdXVzTmwxMktjNEk2bGRsbGV5UV9qcTJTZmlwSk9wMGpKOFRfWDJ4UjYyemJDdVByRXdreXBpTjdMYTlsSWRxRDV3X29pZTlKeERMOW5XZC0zNmVfY2d1UnhDU3NtUGNPeE1xemdxVVVQa0ZhYjF6Mjk1NFlxV3lzb05UWjJmXzVFVmo2YkVVLUotcUpYSzJ4UjBFY29uQXc?oc=5,CTA,2026-07-29,positive
Chicago Transit Authority,Chicago Loop 'L' trains to be rerouted for two weekends - CBS News,https://news.google.com/rss/articles/CBMiiAFBVV95cUxOV25hWG1NZDRoZ05wcXZvdl9vUWN5Qm1pSGxFNVNHQzFETTFvYlBvOFM1Z3VZRTlWZjJYRExSTlhfdG41dHhRYWZDTzYwNm05eEIzMFladGh1TFpwUE1BRWZPcjhTcnVRaFpfMFNQN2tSRjJ0SUY1aEViUkJsQTBtSF80ZEpERWV6?oc=5,CBS News,2026-07-29,neutral
Chicago Transit Authority,Man slashed in fight with group of women on CTA bus on Chicago's north lakefront - CBS News,https://news.google.com/rss/articles/CBMimAFBVV95cUxOT3ZKbk5oMmZpVFNmYXQ1Q3BqTVBYTXJENDlYdERCblUwbjdvelhEVmljNlZmUTBWRXVhc01ZMU5WUjR6WjJ3bDNFQnNCT0xHdnkzM2VwZ3NERzlfZjRaNXkzX3FEeVdnTlBQeFVEY0VsVzQ0TTBjd29GTGpzb2VvMmtMUW1laGotYUNOYTk0Mnc4S2F1eW5ydw?oc=5,CBS News,2026-07-29,negative
Chicago Transit Authority,Inside CTA's transit crackdown on crime and fare evasion - FOX 32 Chicago,https://news.google.com/rss/articles/CBMiuwFBVV95cUxNSmNfOU9mRlM1LWdBWGhXczRKUC1QazZIZkpsNnZvNS1BenFOc1hFY09ieWdzNUh1OGtGd204bFd3Y3NTNlpYOXNOQzFnYzJVRnBOZ2FYUkhRV0RiWkRzN2U3bGh5Q2sxLUZUWFktTzNRRC1VTjF0bDJ1TWZ3SE5pSThwUUpsZzlTaWVzZ3hFcW9YR1p2TXBIZlJhTUptZmZYaG1rV3RtYnlYQUNNODV1TkdDbHpKZVZFRGFF0gHAAUFVX3lxTFAtSllCQmROTmc4T0ZEc1JDNHpUTDVScU0zSXNXM3NhWWxPcDdwNFpGNndKd1g4Q1pGQ0tMbTk4Xy1NMl9PbHR6Z1ZlNHYzTzZxZGdPanVtams0dUtycWp6a0hQUDg1eWJJLTRqVjFyYWJfek9IZlhWZmh5anp3U01VeV9MYWsxVmRvZGlfdG10N1E4OE9IcXVWelJidzU4aDVNTGJmV3JURGV3cE9xZTJ1Vk9wa3BreTA3cEdHZTFUUg?oc=5,FOX 32 Chicago,2026-07-29,negative
Chicago Transit Authority,Fluor Joint Venture Reaches Substantial Completion on Chicago Transit Authority’s Red and Purple Line Project - Business Wire,https://news.google.com/rss/articles/CBMi-AFBVV95cUxQdGozdnhUdkNKQm5ZUHhRRF9hbjRPMGRmUzA4SVNhdzBqUTNCUi1Sb0lYMWRRSy1LMEZmdllOampKWTBuRGxIMlE3THEyLVdZRmF4bjFxWmo0YVlhakxZd1kwM2JjRmdHTHozYkRvTkZ5SG42VWQ1S1kzQ2ZDc1l5WjBtLVNBd0I1SzFHMm1xYnhLR0pMbVJIRjBSV29QOTF2QWJOQzZwalVBMW96YlFXaDRWVFNlVHQtRDlkdnZUY1V3dGRXbjgtVkRnTkxWQ1pYRHhhcUlEd091a0ZkWG13Z1dYRVpYYlRBMlJsTkdxNHJNRFA5U2RQZA?oc=5,Business Wire,2026-07-29,positive
Chicago Transit Authority,"Toni Preckwinkle backs Red Line Extension connections, wins approval for transit picks - Chicago Tribune",https://news.google.com/rss/articles/CBMikAFBVV95cUxPVFpkMEdSUnBoV2FtSHQ0b2FaWDlrRzRGQWlGcFYxd04xRnpkeExqZkdwT2JlLWZRbkVsRVVhSWN2dG9sVTJzX05fb0JsejNieXQ5RGE2clF0VWRIRW5OdEVVTHBOUXM3TnV6Zm00RUJLVm9aSGpXWWtIZlpwWDlzWWxNamt4enpKQkpZVUVhQWk?oc=5,Chicago Tribune,2026-07-29,positive
Chicago Transit Authority,"Advocate says Northern Illinois Transit Authority Act, now in effect, will improve transit around Chicago area - CBS News",https://news.google.com/rss/articles/CBMilgFBVV95cUxOWGdMS1pNVmtDQ0cyS3ZSSjFCa1hzM1JTeHE1a1RRMlAxWGFjalcwTU1HZlZ0LXJ4WmsxYjA1MGEzcTBLM216cmV0TGVrU3FUY3BteEV2VnIzcGpvVGk2YVc2NnI5OHd6a0VHaHZuZEszRnBhUUtfN2RiM2NqNGRJSjZnRjFWeTBtYy00WGhoczR1aDgyOWc?oc=5,CBS News,2026-07-29,positive
Chicago Transit Authority,"CTA Leaders Tout Ridership Gains, Lower Crime Rates on System - WTTW",https://news.google.com/rss/articles/CBMilAFBVV95cUxOdDg1QnNBX1VvZHAtNEtVbVp1WGZvOExNbUFyYkIxTVpELWo4UXRjelJvVngzaEVESDZzSGxENTNPXzVLdUlMUGZBN3N4LUVYMzA0NlFZUGdEeno1VUVYdXVDNzdvVGpHSnBqRXZ5eldPcjFmNW5zZ0J6Y1hsMnFwbk5uRjRKdU9CZUpVSng2dFU0dzVC?oc=5,WTTW,2026-07-29,negative
Chicago Transit Authority,"CPS Employee Accused of Double-Dipping Through Dual Employment Scheme Now Works for CTA, Records Show - WTTW",https://news.google.com/rss/articles/CBMivgFBVV95cUxOeUFkN0pPTWdfOWxTYVItOHdYUTIzSldUR09Yc01Rd2ZUSmE0U2tOMXdGbVdQMFU2OGdoUS04OVMzeTZMU3R4cENGdG5HbVJyQ0NCZl93M2pZV19oWjhnNnBYRGdPb0hGUFhYQWlGQlQ0VTBiUW1EUEp1UU9scC1Xa094clBsYTZYZmVGVHJWMVdTeU1kNlRUdnRETWkxLVdQVkZjdy04VW1nUWl2QWlyclJUcEU4TE1ndjF1Z0t3?oc=5,WTTW,2026-07-29,negative
Chicago Transit Authority,Appeals court sides with Chicago Transit Authority in transgender bias case - hcamag.com,https://news.google.com/rss/articles/CBMi1AFBVV95cUxQX1J2VkNUZ1JraUw4NmtiTHpOaUpHcklXX0VQY2Jqb2tKUHJUeTlqdTJnTzA5WWxfcUQ3Y3g5cnFMTUFZS2hDVW50aFFSa1BXSTM0ZThBNkpGV1hDZVBxenc1U19Pczg3a3Vtd19GbWJTZjdDZmt1aVF5R2tCWjZIbWNqUGt3MGtEaUZ3bERwWHdQcGRJZGQxR2VTNW0wdl9vVU5TdTNxTWVoZmtobEx4RTNmWkpuajd2dkppYUstS0J6UlNTb3NkdGVCYjgzNnp3eVBITQ?oc=5,hcamag.com,2026-07-29,neutral
Chicago Transit Authority,City Council blocks Mayor Brandon Johnson’s Chicago Housing Authority appointments - Chicago Tribune,https://news.google.com/rss/articles/CBMipgFBVV95cUxOMGdkdTlLRE12V3djcGpnVjJpS1VWNVVYZ1RvSXJIM1ZnRXZ1SGQ3NUo0NDRBMS1mZ3dSNFZjTGlsUXdRaGt5ekpQdExOajJkZTBXckNyUHNVQ0lkYnBwY1hIdWswZ21VeXhhTnBKY3A3ak9wTi1WUFZMUWpIbGhJLXFEdlpZejhiSU9JNlU5UGM2TER2YXd1SXVqSDM3ZkN3REtETzJB?oc=5,Chicago Tribune,2026-07-29,negative
Chicago Transit Authority,"CTA Chicago news: Chicago Transit Authority lays off 159 Monterrey Security guards, redirects funds to police, other resources - ABC7 Chicago",https://news.google.com/rss/articles/CBMi5gFBVV95cUxOM3dTTWpGZlh3a1p1TmZvNi12VkJfSEJXaGlIblFHUVgtYW9lLW5RRy1DWjdZUUlQMUtRMDBBMk9LUjFHUXFycTQ4Snc3ZXJzbDRoa3NILXlidHlKbzNqU3RFOHFONm40SFZ6ZnUxTG0zNm9hYWJTOWF4c1h0UmdTRTRXcUZGclUwY0c0MFBETTNqOGNvdC12bVF2YzlDbTVoWWFSMm9EZVM0bVZDSkNWN0piQXNkck5wZzBYVDVYTHc2ZXNBMFJfS01QejBsNW1hMTJ3MjZBdHlRaXFyLWpxcDV1NnYzd9IB6wFBVV95cUxPYzk1S3g2NGxaM0wxeHhFQ0NPM0V0cWlSbFF5THVoQjRaRm4wN3ZQSERqYzRFRlFXM2t2N3ZDbGNyTHVMYS03Q1Q3QnAtTFVKWXpEWEVGZkhjaXRkeF95ZU1Zd2p5cE1LYU12Zk5WY0h4U09QMkdOQ0swLVpBYTlaRGtpajhVVGIwbVU1d0Zwbk1pUGowZ0ppSk5KM29fOU1uenpZSzE2alBySWwtM2Rxc2hQVTB6N3ZjVm8zdHlfWV9EWGwzMUpBNTRHUUxxS3Z6ZUZ0Y3NoV0lyZWR6V2k3T0xDZ0gtNGRUa0dj?oc=5,ABC7 Chicago,2026-07-29,positive
Chicago Transit Authority,"CTA chief touts improvements in safety, ridership - Audacy",https://news.google.com/rss/articles/CBMiakFVX3lxTE9DR01zeW1QcVAzYXJZU3JDNmZEMzdkSmNGdUxHdGtWYk5HYWhDUXpiYzJfMmNKemU0WV9fOWw1X3lYRWRIaWdDaWdIV28zaHU3azM1bTFSSXd3bWlsZWtFR1EwRGdFOURxeEE?oc=5,Audacy,2026-07-29,positive
Chicago Transit Authority,Chicago Transit Authority sues to restore billions in federal funding - Politico,https://news.google.com/rss/articles/CBMilgFBVV95cUxOZFN2bnY2bTJOT1NLVFV5UEtqR19QMWZfNnh0N0xuMzlPVTZBY01sOEtoc2lhYmF6YnpNUVZZUlNpdW54aGdQTTBBdE1oa0tHWm1mTFI3dlkzWVFoV2laLS1LN09naHRTRzNmUmwwWXBGSTFQT1BHb3IxN0ZENG1TdG1SNEJoY1p0UExPLUxOODZndDJVZGc?oc=5,Politico,2026-07-29,positive
Chicago Transit Authority,"CTA switch worker shot, killed near train yard in Chicago's Roseland community - CBS News",https://news.google.com/rss/articles/CBMikwFBVV95cUxNLVU1aWZHSmpyeFNhekIxVldGQWM0RG1iU0lYM2IwRG83ZmlwQVQ5dnRmd2ZqVEN3emNqeEdmR2xnbWU0UVhnNUxZTS1RWTkydWZaUE83eEZ1WnRJeW05bFJ6eXRWSTRsTVMyb0JleWRYdEhXQ3pKcDRBN0cwRTRGQmVtNlp2b2RFVmxWV3hoTDVfMmM?oc=5,CBS News,2026-07-29,negative
Chicago Transit Authority,Chicago area begins transition to Northern Illinois Transit Authority - trains.com,https://news.google.com/rss/articles/CBMiwwFBVV95cUxOTmhyYzVHd0xnZk9USnMtUUhibHo2WWZYYzZXQzZpME9nU09nUVE4SjUzYXdoWWVadVVDVEhnMlVkYlRuN2M4azl1Tk1nRVBma1JFRXFuQ2ZZSkFEMDdHblAzbURVZWRqVVp2ZnJORGt1RkFoakVQbFR2akFMNGFzOFRFMTFPTnlwNWdWVmZ3Z0VGUjgtN0pUR01LSmdDcDU0U2pnSC15OTk1dFZqMEl0SkVWS1FnbXg3c2ZJNjNTdE16SEE?oc=5,trains.com,2026-07-29,neutral
Chicago Transit Authority,Yellow Line extension in Skokie could take ‘decades’ but CTA is studying it - therecordnorthshore.org,https://news.google.com/rss/articles/CBMivgFBVV95cUxOQmVFMjBCcXFlenVnSnJHWWxzR2xiYVZWbk1RRVZ4eHlfeXBlTmloNl9zcG41QzQwNUl3bWhtNE1FdjlWYjhqNld3aDh0eWdaVTREWUtkT0FLV0MyLUhEdGxvVERJMHJyRVRwQWFTWE5sUHM1ZTZ1czVKUXlhX0ZEREl5RE9HRGRhVkt4TTNsclpwMGJBeHI0SG9PRFdmeVFFUmhzanFpTGE4Z0lIY1g3djN2blU1TXdfS1BNTlB3?oc=5,therecordnorthshore.org,2026-07-29,neutral
Chicago Transit Authority,CTA safety: Cook County sheriff says dedicated CTA police force may be needed for safety on Chicago's public transit train system - ABC7 Chicago,https://news.google.com/rss/articles/CBMi4gFBVV95cUxPUDBlc2lpV3BlM2E5cWlrS3ZDd0dKRDJVVWpMamNISHRIbTdEN1lPRVlOakdqcHZkZXFzalA2VUdacFdQSGdVdnFKN1d4ekZiNENDYURTSHdzQnp2VC1jbXFjdDktZEFsQk5BYk5wc1lPYTRfWDM5Vk5RM3dvSFAwUVoxdEtGUFhGTk9EZ241aDhrV1RGek1RbW5VTUh1bEZSbnlCMlV2TEQ0VWJtN2Ixc2stSGxISHdRQzBEeFgwU0NqLW9RNlZBUnAyVWNlMUhfV090UjZ2MGF4NXJRdGs3aXVR0gHnAUFVX3lxTE5hR1A1N2I1UnBhR1B4Q2VJc2lBU0E2VmJNYUhJQXdtX3h4Z19KaUV1UlpacldPenVNZlFyUngtbGdJaTY4UHdZSmk3QW0xU1R0Z2pyc1o5UE9TTXp5SlV3Q21HNGFLY1RVSE9uX1c3OFpSU3FDMzNQVEtUNlNRQVNCWDh0czMwd3FwbTJlVHR6ODRPS2hURzVycW1kd1UzdU44R0R1X0tYNkxCdmdCeU1ITjFlbTEtTGtCVFNTMnZMd2NLLUplV0NtSjZBZ2M0ZUtPZVIyc2FvazhJc3BoYWV1ZDJPRzZTOA?oc=5,ABC7 Chicago,2026-07-29,positive
Chicago Transit Authority,Northern Illinois Transit Authority reshapes Chicago transit - Railway Supply,https://news.google.com/rss/articles/CBMikgFBVV95cUxPaFZsVzI3Q0M2d05BR21lREtGWHVpV2tQN1h3NVM1Zm1vcDVfUWUwYWw2MkpsbHhVTWlXU1MxeHNUWG56TzdQZy1kNWpQcDRMc0xXU19HckZyRTVaamNDNVhNbkVHdnJqSkh1UDN2dUV1TjJ0dTlOdUo2RWtMSmp4R1lQQWtYbU9XdUJVQ2pCV3Q0Zw?oc=5,Railway Supply,2026-07-29,neutral
Chicago Transit Authority,Trump Administration Ordered to Resume Chicago Transit Funding - Bloomberg Law News,https://news.google.com/rss/articles/CBMipgFBVV95cUxQSER6a1ZwcmhQU0x4Y2VEREctdzI3V2lBTEdQbGQ4TlBGaWs3Y3h0ZFdNQUJGN3ozcWFUQUlCajF1dWNMZVhjTGx6NFpBRUFOVGdRczc0OTJfR3dOQ0ktZGhwWTJGUVJUSVZqb3A2OWFaUzI0MmVtUjY3ajZRYTZDR3MxLVdFaUVBOWZOVmh1TDJHZzhHaG5QZlhsc05RRUVxTUJPQWNR?oc=5,Bloomberg Law News,2026-07-29,neutral
Chicago Transit Authority,"FMLA misuse, not transgender status, led to plaintiff’s firing, 7th Circuit says - HR Dive",https://news.google.com/rss/articles/CBMijAFBVV95cUxNaU1QT29veTBmcnI2elJoRkQ0OEQxdFNxTEczalllMF9BbnB4Z0dDRDJucU5kUm1RR1NWM2ZtdkhpVmVxVEdRamdZaTBPZkhTMlV2OHFoeHJiTWc1UE1ZSVY0VUFjd1dhOHE5R0tDWUthQURJSVRRLTNiVzY5dmMzWmJLenB6eWFwZUttNQ?oc=5,HR Dive,2026-07-29,negative
Chicago Transit Authority,Judge Orders Chicago Transit Funding Restored as Rail Projects Avoid Demobilization - Engineering News-Record (ENR),https://news.google.com/rss/articles/CBMiqgFBVV95cUxNUkxDeEgtWERRQkVNa1hSUW8yUDJHWnJkTnB3bUJMMnJUREJmS3FNUlRYd1JPWFRlTzE4c1FFSDRFVURMUXZmRFZaRjRyVnJGcmZUUks0NExmd0tlUkpyNWtuQlVuOUZYdnd4Uk1FR0dlYm5kV3VsbWlWTllJVDI5bnI1eWJJd0lZb0dtLUJWTlhPVjUzNVJIckY2Z1JINmpjYzZJc180RmFHdw?oc=5,Engineering News-Record (ENR),2026-07-29,neutral
Chicago Transit Authority,CTA underestimated Chicago transit ridership by 19 million trips - Planetizen,https://news.google.com/rss/articles/CBMirAFBVV95cUxOMXFOdm9veTl6QlZDNkgzY2ItRkxTemtEN3lRYWpOX1NLZ0EtTWEyaUxoSkNBTXJTLTkzMThaV0JRa1JnN0Nmb3NGQVVzY2dzVk9TSHNkUlBoTElJY1pEVzlmaFlnUHFGS2xuaHAweFRpYjZaaVRYZElWTWV6Z0pybGZnOUYwdm9DZWhmN2tuNW1ZX243NE5oV1JRZ2I4Ny0yVGk2OWhQZHc2S2x2?oc=5,Planetizen,2026-07-29,negative
Chicago Transit Authority,"Chicago Transit Cars, Buses Donated to IRM - Railfan & Railroad Magazine",https://news.google.com/rss/articles/CBMib0FVX3lxTE5KX2h6S3ZiZHNrT3ZNcEE5VmZWNVdqOFpzcDNGR0JZZzY5dy1rM2ZyQzhHMFVIcGU3VU9VMzUzUnRMWE5FVWs4MzhyaUFTWnRyZndnTE9lOU9LMVZCSGVudTBSRTQ0bmNjVTd4clV2VQ?oc=5,Railfan & Railroad Magazine,2026-07-29,neutral
Chicago Transit Authority,Federal Judge Orders Government to Temporarily Release Red Line Extension Funds - WTTW,https://news.google.com/rss/articles/CBMirgFBVV95cUxOcGo0NHNXNE82RG9UTVBQZl9QeV9rWUd6QkZlcDVzWm9qZnZ3elV5Ri1fa1NicUF3cDBQLWRVTnQwNjVvMW5Sakc2cUNXUkFGNm15S2VlZmdiNG03SXE2NFhkZTVTbUZOR09DZzdQZHBQam1kdEVVUmFhbUdKOFJZeENfUGZvMjVyd2thTC1TSlVwRW9KTllNRXVIZ2dCcG9FcFFiZ1VMWDBoRnlVTEE?oc=5,WTTW,2026-07-29,neutral
Chicago Transit Authority,"Fluor, Walsh JV reaches substantial completion on $2.1B Chicago transit project - Yahoo",https://news.google.com/rss/articles/CBMijwFBVV95cUxNXzl5SThTVnRSa3VBbzYxQjE0Z2xNS2RBUmlqZ2hnQ1A2VUkxTmZ0TzQtbE9FeWRQTzFURDJYSzBzbmVPaC1XU3N1SVNJUGVpWmJVZmd4clh0Z05tN0lIUkxoYmRqeWhlOEdYV2ZWZVdRS0FtM0VMM2FNYl9XMlZ6UzFUTnNxb2JETVBBb3lQTQ?oc=5,Yahoo,2026-07-29,positive
Chicago Transit Authority,CTA Faces Imminent Rail Work Stoppages as $2.1B Transit Funding Freeze Heads to Court - Engineering News-Record (ENR),https://news.google.com/rss/articles/CBMiugFBVV95cUxNQlRndUp0VDA5YWhwS1JNTzliVFdiUDNxdkFRZ0o5YTRKRzhleVItQTR4MlBBajhSdHY3NVN0QktRc09aMkU1VlRoRDNTeUJSZURIczBxTVN3VnpUTzlDTHpzeGJ4c0RMYkJuNW51TmlNSmZWd2ktc2Z4emZiQ3JEZC1Db2wzYWNtLUNJalllZXZQOWw4Ykp3TG9HSjc2VGRHRTVXS2RXM1BzYVYzZ05NUkJJVHViQjcta0E?oc=5,Engineering News-Record (ENR),2026-07-29,neutral
Chicago Transit Authority,Chicago Starts Work on $5.7B Red Line Extension - Engineering News-Record (ENR),https://news.google.com/rss/articles/CBMihwFBVV95cUxOazBfcXB1R2N3Tmp6Y0QwR0pOMVpGSXo1Z1Btb1hLVGNfQjIzZXl2X0ZHZEQ0RDJGMkk3UkRRcE9KUVVpenBQdUVacVQyOEduRFBjRDNZdHVWbW14ZHdCRkxlU3A4OTRReEF4cVNNNjR6SjhlbjhyeG90MFdFc3JqWGxzRUctVFk?oc=5,Engineering News-Record (ENR),2026-07-29,neutral
Chicago Transit Authority,CTA modernization project sparks calls for accessibility - The Daily Northwestern,https://news.google.com/rss/articles/CBMipgFBVV95cUxQOG0yX3VtNXFiYWhGQk1uQnhfOU9WbFBEcWVkUGpfT3JISzVXakJiS3R5bjhqTER2bjZGS2d1bS0zZFhNZFRiOVNlS0NjSXhoTDZIZDllZnIwZDVCc0UzemZkenlRLWtLV2REd3NXY01INzNCNlVDUm5tT1k5bzUtYjRiaGlNWWRxQ2pKWWVkZ01fZ19kdzFnVm5HM3BLNFVqNFR6dlNR?oc=5,The Daily Northwestern,2026-07-29,neutral
Chicago Transit Authority,What's next with the new CTA safety task force | The Chicago Report - FOX 32 Chicago,https://news.google.com/rss/articles/CBMikwFBVV95cUxQOEU2YmI4YlJvSkN6MjVKLTFyZE9IQTZoaXpZb1ZIalhtQVE2WHZRS2hyLXZFRHlrd2JyX0dWRjlNMUFwMF9ydG9nMUxXdENzcnJtZjVJWXQ2ejFqM1o5YjhjckFBcktSRGwyRVNmbWpQeXJ2czlvRUVqZGZOVjV0SVA5WGVIQzQtSHlSbDBkTEZDMXfSAZgBQVVfeXFMT01mdGJ3VGIyZHJ1Q0EyVlBtczVqd3FPNUJsWUoxZnRyMk9CWVVid1BVOVFTSEdGRmJmRzhLM2dqTTdaQkVobEZzd0p3N1hBOW1pNUgtd1JaTTZuaHdkZmpXdTRKNFRaTG1ENW1yaG9rTU1ocHpCc3JkVWd1OGdIeXFMREJvbEkzWU81ODhSWmlTX1pnYWxpakI?oc=5,FOX 32 Chicago,2026-07-29,positive
Chicago Transit Authority,Chicago breaks ground on $5.7B Red Line transit extension - Construction Dive,https://news.google.com/rss/articles/CBMimwFBVV95cUxQaGFfUE12dUFBTlBlOHJsYTFuM1k0Z25mci1wcndvY1RHbWxLQTNaU1lqM1l1bVUxeFFaOTRaSG56cU1SYjhLc3EzT00zOVFDYjdEVG9mQ3ZPUHZWTHgyUjI3Ym9yTW1scTJyUUc0dktJelFfNTJTYnlaM2ZoeDZtS3habzJTYUZuR0hSV2xYWWowM2dfR1dMRm9Caw?oc=5,Construction Dive,2026-07-29,neutral
Chicago Transit Authority,Cook County Prosecutors Launching New Task Force Focused on CTA Crime - WTTW,https://news.google.com/rss/articles/CBMioAFBVV95cUxNSURpSU1ubW1WWFNfZXR1ZGdDRXVIOG1xM3NtT1lJZkRBeXlWeVBoRjA3WHJ2SkFqUzJVZ0M0b0FobXNsUlN2Qk85aHZkbE51NThGMmZZZ1ZOQ3IxZUhxMnJmVTlxblVEcDNNTkEtczJ0SlhnbkRNM190RDV3alkwYU02WDY2S2pMYUQyekdIQmpUNm1RVDlGd3ZnY2Y3Rzk0?oc=5,WTTW,2026-07-29,negative
DC Metro,Weather Alert: Tornado & Severe Thunderstorm Watch until 10 pm for parts of the DMV - WJLA,https://news.google.com/rss/articles/CBMijAJBVV95cUxNX3p3bktWS0tSOW13LS16ZmhDRUF3U3N6SS13RlFWbEpLWHpaaDBaRWJ1bkVfcm9keHZUN0JvYjJKNHRXdExCM0hzeTFkOTNIZlFDUkpkbFpGTEY3N2xyR0NlM0Z3R3czUERvQjNjNk1ZM1VpajZ5cjQxamJLdFZfbkdyQ2trSUdiRVltdXQtNnZsMmYyR2RWcEd1RzhwOWFWaTRsOUVCMURrVGphVFBPYjlkRzJFV3djOFhUS2tWZi1uQy00bGF3RXhiZk1XcklST1ZXcFA1dVAxZEVUZW1DajNGQUZmQlppSXVvSlFERG03ZkFJcWlzc1QyQXVZbzNDS012ZjJ0Zk1IRXRj?oc=5,WJLA,2026-07-29,negative
DC Metro,DC Metro’s Red Line commuters face a summer slog amid station shutdowns - Maryland Daily Record,https://news.google.com/rss/articles/CBMinAFBVV95cUxPU0phaGJsNUI0bUxkWnF0SnFOVjNyNzQxd1JuU25aTzBiTEd1RnBQcWlfMW9WNGZib0R4QjROeWxZUXR2OWs4aGVqTXBfLUpLT2NGMHhMLWJjVHdxdDBqU0xoRXJSRnBxT2Z2STJUeFBNYU5sc0VwX0xIMGF1aVNBMFhxZWt1TjU4MTU2LVdDLTl4TjV0NEJ3V1BRMS0?oc=5,Maryland Daily Record,2026-07-29,neutral
DC Metro,WMATA releases list of major disruptions to Metro lines in 2027 - WUSA9,https://news.google.com/rss/articles/CBMixwFBVV95cUxOUEdtemJkdlhkeU1vbTJkRm05VWdRZWpCZ1ZDTmZKamZDRTFFV09DZXRvNFVfbG13dXljeDRvWk43bVdSY0lPRE5CelE5ak40NzN4RmNxSXFqOEhqNkF0eXd5YTFhSnVvcFYtVml1Z0xtUExJZmlkbFk3UW1xOGtMNHJ0UUk3UWxaM0s3SEkwV3c4Y25ETGh1eGstSDJNUzRjWVVSbVg3WndScmc4U0xTUHduTzhZNEVpVkpUT2lIamRCbkNFNmxv?oc=5,WUSA9,2026-07-29,negative
DC Metro,Metro details Red Line upgrades and upcoming shutdowns - FOX 5 DC,https://news.google.com/rss/articles/CBMimAFBVV95cUxOVVRsSlNIWTZ1NTdpWHRVd05YRlZFMnpfaDhGbzdjWEdnTmpKSGpNTXAzd3AzMFVieTJrTk53Mlo3R3hxdkFvT1J0RTc3SF9kX2t3X21XX09pazg5cmNZaXRMTUd0YmVULThLendXNVoydjRvcnFJMXQzTC1MNExCNlU2RENITUVzWGE2akc1ckFMOGVMS2t0NNIBngFBVV95cUxOYnl3M3BFRXNmaVhuekxVUDhDZ0hnR084SDZ3TWxlcXQyRVdVYUNwSnRacmM3ZEYtaFVQZHlKWnZmWDRVd3NLaGUxNVN4Y1hBbjhjREg3cDhPREJ2eGJYSzA5NkQ2U25GV3BZWjlrRkQ2WUZvVThhV01CcXBiWHljQ1NZUm5QeldYR2FiY2V0WWlVanp5eTh4NjRLY0d6UQ?oc=5,FOX 5 DC,2026-07-29,neutral
DC Metro,Scary Movie (2026) - Alamo Drafthouse,https://news.google.com/rss/articles/CBMifkFVX3lxTE4wdEJqQWZZTGg5ZXE1MTMzWmFJMl92eEp5RS0weEtZQUVOQWY1U0txcUxuVmR4U0g0eG9SZlRBZVczSEV6MkE3SnpOd2wyUnRRcThHRFhjZHYzSmFZNkhDdjc5bVE0OHZ0RDQ0VkdsVHdfWXJYbWJmNjdjQzN6dw?oc=5,Alamo Drafthouse,2026-07-29,negative
DC Metro,Traveling Without a Car in the District of Columbia - Streets.mn,https://news.google.com/rss/articles/CBMiigFBVV95cUxNclQ4d2dtVl9WMW54MmRCcEM5OVlxR2pXSGQ0TGFZZVhMY0FQR0ZBQVJYekhNeFFfcjJ2SUJha1F5QlZ4Z1AyS1lXQmVPdDZyQXJqUS1ZdVpwZWFSVmJGdEw2bWhfSmtaTGt4ejRWbTVJWjIwSEx4c3NRR19JNFRTQ19WTnQ0TkpQRGc?oc=5,Streets.mn,2026-07-29,neutral
DC Metro,"Rising Costs Stall 434-Unit Takoma Metro Project, Developer Seeks More Time - UrbanTurf",https://news.google.com/rss/articles/CBMiuwFBVV95cUxQR3A1TWlYWnh2N1BwdEFQNWl2UTVKMG9tWUMwZ3BrYnBCTWVHSGd0aTRrVUpDbEJWVGJaY25mNW1BNEN3U1BST0NxV0N0a3dOc3ptUnE4UVFaQkFWR2ZyaXVNYW1DTi0wLXNMLVZDSGNrU05WS1lKcjVTcVlpM05jTGl4US1UUzh0cGtNdWNrTkx2b0NZNi0zcEF0UkY4QkxmRzhtcEFHQl9sRjU3Q0Q1WmtQZEZjRnk5dTJF?oc=5,UrbanTurf,2026-07-29,negative
DC Metro,Metro wants to add glass platform doors to every Red Line station. Here’s why - DC News Now,https://news.google.com/rss/articles/CBMizAFBVV95cUxQYWJTR0J1Y1J2aFdMcHFaNEQ3THN2d1M0NVBPVUlhUnJsU2VQV1ZGejFHUnU5NHZiUG5JQmRqNkFKb0hDSmZZMGdjOVAzSEZ1VTJTUE9EUkVxQ2hOY0RhWWgxa2NKN0JqMkJrakI1TEtnemdIblRjeDljLXJLNXZUTU5uMjFwQjVuQXJfTlZzU1FGUWx2c3F5TGJTVTk1clRpNUd0OWlSWkJMUEN6cnEtLXRXM0JCeU0tLTgzOThGbWtjcWk2ZERqTXd4cDnSAdIBQVVfeXFMT0wxc1BqR25fNTRvdlNSdEVPb1BDMXpLZV9QMlpFSWhHZVBsSHJjbUhRcEw4djY2elMyajZ1YnhQVXIySUlqRmNCNDVNWEVObENZcWJLcTFTYktvbDdfa1FhdExPZjdsMGloNTNlMG5ycFhnd000WGtGSE5UV3lHUGc0aGQxMW5hTGRaYWM3dnJ3cTF5THF5RkxfWjlOcWJVNFpHRDdTdy1lSVpJWk5aOF9mV1dSMWdrUDg5ckZ3eWRwZk5YVFl5dkRBUm9qdGJ5Vkx3?oc=5,DC News Now,2026-07-29,neutral
DC Metro,Metro’s Red Line returns to normal after water floods control room - WTOP,https://news.google.com/rss/articles/CBMilgFBVV95cUxNMDFOV0pIdFlURVFFbGVXR0pOWDlXWnlVbzRsdk5tZHhQQnRQWm10RXZ4Y25MWHhQa3ZaMFBYTEtuSzA4OWxRUWwxVzBXbk01MGptTnM0RGpRT09uZ0k0dm1aVEVIRm0zOWU3U1YtQU9VRnVIMllRQnMwYkRLam11X2Z5TGFVU1VJdkpYWnN0dFFfLWp5VHc?oc=5,WTOP,2026-07-29,neutral
DC Metro,Opinion | What a viral photo of white supremacists on the Metro reveals - The Washington Post,https://news.google.com/rss/articles/CBMinwFBVV95cUxQLTYwSGpuUDV6OTJoT0NwRWp5dmtZbzBYZE1rYzVzYUpXQzlZdjlvWmU2R0FadEdhWldOamYtOEV1VjlLZnJ5dS1TX1MzVzRXaVdyUGdYcHM1dzhQNGRUZlM4OWlmejZQQjZTOEFxdkFQMjhZcW9YRVY2YjZJSG52RDJXUkppREFES2FWcnlqSXZqeFh3MFpJQTdQRGg1aTQ?oc=5,The Washington Post,2026-07-29,negative
DC Metro,Metro rider recounts encounter with Patriot Front members in D.C. - PBS,https://news.google.com/rss/articles/CBMinwFBVV95cUxOX2dDN2JfeHoyWDhlc1Z2VWxaWGtRcEJab2FibWRHNnZsb2hDME1YVVgtU18xQnJKelNYdmxFclhJTWpLY3oxVU1rcWk2b19VRHBnQWhWUHl6dzNRRXl0dzlldEZJV25ydUxWVUR4SkFVWEh1RUlTT0ZXWWhRU0JiZlZvT2xRWG1xdDZXZTZFSm5ucGRKNlJCcWE4aWZqelU?oc=5,PBS,2026-07-29,neutral
DC Metro,Man in viral D.C. Metro photo says he was ‘terrified’ as masked white nationalists surrounded him - Advocate.com,https://news.google.com/rss/articles/CBMie0FVX3lxTFBZaUtuOXJpT3ZkUWJzS3FveGsxcHNBd05Nc21WMXlIb2h6Nmc5b2tOekxiWUlnUHpkeGxLblR5dkFUdnk0MHFOWWIxS2JiVW1vX2xxbGFjb3Npd3ZIZkxkTExFYy14X0lnaGlJQWhwNmZibVhZVFR5NURuYw?oc=5,Advocate.com,2026-07-29,neutral
DC Metro,Another Scorcher in Store for the DC Metro - The Well News,https://news.google.com/rss/articles/CBMihgFBVV95cUxNT1FZM09BbTBxcFhEMDlRRTZGcTNjdGxjQ3ZEa1RoX1UtWUxibE9fWHZhZmE4dGtxTGJ1NG5xWDdRQUZyRURMM3dtUDlfbF9tM2JraVNzcHNrQnByX3BhVFlYbTFyRHhTcmlQVlkzZjBHeHplVEhyb1cxcXZBRWRZR1hnNzNuQQ?oc=5,The Well News,2026-07-29,positive
DC Metro,"The Woman in the Photo Wanted to Be Alone. Instead, She Went Viral. - News of the United States - NOTUS",https://news.google.com/rss/articles/CBMiggFBVV95cUxOdGkzOWdUbGU2cTJQM2w5bjNuVkQydXoyYzZmbFZJU3dqZUluMWR0YVNkRmJyeGNOS21BS2FYWXRXSTVFd3BKYWpyUmZUc3EzRjhtd0FIOG5KWnlQZ2hycURJYWNqVnVTSmpadC1PeFhDWkduNVZhd0JtTkVJdC1Ra3p3?oc=5,News of the United States - NOTUS,2026-07-29,neutral
DC Metro,"Metro plans to add platform doors, barriers to Red Line - WTOP",https://news.google.com/rss/articles/CBMirAFBVV95cUxQSVNTS1JhYmlDMEE4Y28yNzFmdkxSSGd4SUI5SWstbjdMRlZlM0l2RW93R3Z2dmlPUldqZmVmcXFtXzNQMDhua2RHZzdJT3UyMkFlN05RLVZhX2hxNklWdW1aM09wRFJ0YnFGbWQyWlVCck1QSVFmc040UEZ6RzNFWDdWNXVRX3FYUHdWeDJoVVh3RzFKVXl0UEZWQjVUNmt0N0taOVRyM2ZnMm1Y?oc=5,WTOP,2026-07-29,neutral
DC Metro,Stuffed frogs and more are flying off the shelves at Metro’s pop-up store - The Washington Post,https://news.google.com/rss/articles/CBMiowFBVV95cUxQUjNnYlBwdFM2dEpyRnJHdlpEV0wzcVh0WGVidXpiZnhFVXZPVDEtbVVkRkZuSGEtakRJejJUOUxJMXV0anFKeENTc1BYM0REcHJUdWlhcFVmcC1VSW1LX1NiZUlRVFNadXJ3XzZzSmF3cjZkb1F3MTIzZ3Ntc0xDQ2xHMFM3NnRZdHVzWEJyX01yYk0xVmFxOUhNUUZBaE5Lb2hv?oc=5,The Washington Post,2026-07-29,neutral
DC Metro,DC Metro rider describes encounter as Patriot Front boarded his train - WTOP,https://news.google.com/rss/articles/CBMimwFBVV95cUxNU3FNRlZYT0k2a2c1WGtiM0c3QUdzRmI3bXpsY0ZGZm94czg2WVVwVllrWHBMQUV5TFpCVVJDQWhZLURFcC1YRWhISDd1dkdxY2h5ZmlFSWNNOVVrZnE0MzFRQkE0UnpEc3lRaS14VUhsS1FwX21oWm1ETEV3R19LX1FRSU9RX2hkTlZyX0tvMUpTeHdJNUNlZnZhRQ?oc=5,WTOP,2026-07-29,neutral
DC Metro,Man in viral 4th of July photo reflects on Metro ride with white supremacist group - DC News Now,https://news.google.com/rss/articles/CBMi1gFBVV95cUxPYktSWUtjY2g1QThTU2QxSUVxT2thV25ibzNGR1NCQ1RPNWZud3k3bGV6Y1JOU3hycUdVNFc0Wnk2VnRIcllnM1pQVlpEbmJzRl9wYWROaDhYbWx0b0E2MkNsSTlnMlJ6dlFDamZOOUNxUVd4ZmIwTDhPNTZmVjNZYzJxRzRlUTc5WnJ0eUtUbEhXRm9rVlUzbElDTk9zUFdDLWs3bG8zYUpTLUQ1R2dDTVZCQWZMN3ROV0RPQjlwcFdocTltLTdKZHhjNkM2MmFON1pBY3FB0gHbAUFVX3lxTE1YbEV2VjhDVGsyajNkZWpKODhLZGFCQ0ZSemREMkZTMjlGNmVRMlItY1hob1hFUGN2eDFJeW1RZEZ1cG5EaWxJM1JZd0VwdlRGVkpIWTJQUGNlYXJFMHBxeUNtUXNGc1FGbjB1NGRrT25aWDM2T0VwUlFCRHpzMTRMRDh3YXRRaEpjeF81TEZZRE9CYmtQakI4WVNhUFBOeXc1N0plX1hxRlRBc0hKQnRpcEgtMkRWT1JfNkQySXlzZS02OGFyMEJfay1EUUpodnM1eXV2REZvaUI2OA?oc=5,DC News Now,2026-07-29,neutral
DC Metro,The hottest T-shirts in DC are from Metro - WTOP,https://news.google.com/rss/articles/CBMifEFVX3lxTE1RbUtBTVpzeUlScWYtZ2JxVTFoZDN5czU4TEhQUG44RmlpVktHUFc3U05WY2kxZVhuOHM2S1J3c2pMOXUyc2RQTWRyTW9KR09Hc2c1SVZpUEhEdy0wV1E5ZWVzSlZpdFg1cHNTUk9YQzlFUHp6ZkNFWWpUSzc?oc=5,WTOP,2026-07-29,neutral
DC Metro,Metro releases renderings of new train platform doors - WUSA9,https://news.google.com/rss/articles/CBMi4AFBVV95cUxQVTgybV9jNm9jTlMxUnR3TXc3Y2VZT19fWEwyN09jYzdWcUo5ZkFxVk14MHBncVRoa0dFUk9sdFZqaHk2Z2dFZzRUMkFqTm1ld3RVblNfOVBaaHNqRWhpbENINngzSE56blpoeW05S1M1RWt0YktDMTU2MVRUMWJlWlM2Y0ZENmNmdTljVmwzM2FWdWltMmQyX2hiV3dmd3FLWjNxSjAtTzRsbzc5M0pGNTVDN0hVU0NtdFJhRlgxd1B3UkI4V2JmQ2R6b1RFdEhwSGlqNWV1NWQwUDJ1VThVdQ?oc=5,WUSA9,2026-07-29,neutral
DC Metro,Terminator 2: Judgement Day 35th Anniversary - Alamo Drafthouse,https://news.google.com/rss/articles/CBMitgFBVV95cUxQNnhCUDE4T1pGa2dZRTh0UnlPNHZ2TjFyblp3QW5WWnVWcWIzV2Y2STcyY2M4UEhUY2g5OGNXemtMU01VbExuNklXNUdJbmItQW42Yi1EMnd2Q3ZGSFdXeXg2U3pvUnNpUG5jaUJCV2VrLUJwY2xGcWlWeGRZZi1oZlIzczdkSGdyMi1zdGlvNzNXNEgyTXdQRmUtWHdzd2xIekR6Si1sNWlodVVmXzM5Qi11U0RjQQ?oc=5,Alamo Drafthouse,2026-07-29,neutral
DC Metro,"DC, Metro have three weeks to finalize agreement for stadium deal - NBC4 Washington",https://news.google.com/rss/articles/CBMitAFBVV95cUxOUUhMY2xUVnBUTWxJWmFZejJ2STNIOXByZkVVWk9hSkxIeDNoSWtVU3J1WWdNYUh0RkUxLUtFNHRERm44bjlyTjZ6WkpoblV4ZHJlZi1mRFZkMUs5Ui1NY25mRnVQUUpLNmNpVmNWaXluNUxYb3pubEtRRDN1NVBuWlM3TmJrN0lGd0I0bm1vZEk5WnExRUhrTEQtdFNKM0ZEUmZkSVRweTNHTmpDZG1IRFJpVnHSAbwBQVVfeXFMTk5ZaVdlZjllSmFmTE5MbkY5Ym1QRzVyb1RXVUJ5VHhHTlNvd0VCcmdxUnRtQUlNQ2hLSDEyWnh4VXpyOXg4alozTV9PMnJYdl92SGt0M1VxTENQcjFyME5TM3Y4dFpwTC1IX2c0ei1Wd0huTFFuTDg5UTA5S2xPeHBNY2RIUG9qWW1KVlFaZFpneDYwZzVQb1hRb1FiYVNZSnlQb0RJWmNMLUxqT0R6SHdnRmZZTWlTa3FqTnU?oc=5,NBC4 Washington,2026-07-29,positive
DC Metro,D.C. Metro victim: I said goodbye to my family - DelmarvaNow.com,https://news.google.com/rss/articles/CBMiXkFVX3lxTFBlV1hvOVk3M3VYNzZUWFF3QWl6Z3ktZ3lmY3BZODl5V2JZbEtBWmhidUU3bGRTa0xlZl8yRmlrdDJWQ28xc1NCT2tkdTQ0eTcteWVTRlhxVXVPZkdWVlE?oc=5,DelmarvaNow.com,2026-07-29,negative
DC Metro,"Metro set ridership records July Fourth, WMATA says - WTOP",https://news.google.com/rss/articles/CBMinAFBVV95cUxNN1ZmcUVtaVgyeFdycEVHa19KMlVwVURnNnc1TjhYVmlOYmo4cTFZU2sxdi1DQzM1VGd1cy1HanZmS3RXMHpnU2FlRmlNRHpYa1gxUWJ0VUZLQTY3dzlqb1M4RVNGSXRxOUlhY3VHd05tS2R2TC16a2xSeTE4eXpMUGJlZ0lKQk0zM0N0OUtJMmllMXFoczk0VkU0TlM?oc=5,WTOP,2026-07-29,neutral
DC Metro,Photo shows white nationalist Patriot Front members riding with Black woman on DC metro - Snopes,https://news.google.com/rss/articles/CBMicEFVX3lxTE8yMndrcEl5QkNPakt3NUJkOTBvd2tfcU0wdEpYQW9RMHRxbUc5eTNQc3Z1VWlXSUxGejB3cThqVDBWcEdIZmo4RzcwVV9SQ1QxdGRwMVBPUnlJU0tVSzhjbEdYQmRWRGxDTDlrbTZsYU8?oc=5,Snopes,2026-07-29,neutral
DC Metro,"More than 200,000 DC Metro riders use shuttle buses as Red Line closure continues - WUSA9",https://news.google.com/rss/articles/CBMi_wFBVV95cUxNSml5bTE3a1BDdzl4NGFFRnF4QWtDSmFrazdGWFJLb3ljTHRrMTlHZF9ZTFF6RldoNlQ1Z1h0QXE3dzRhN2UyLXg3eUxXeGg2Q283WEw2NHpvZm1JaWVPd0t4QjVyNVRuc3lHSE02Y3J2OW4tTm5veWlyS1NTcGZDa1hxRDNxV2NaZGt3R2JkUl9DSnIyNnN6MmlremtmTGRFRjZhaGhVNkVCMVdiMlVVckwzZGVCN04zV0Z2SUNjdUpucHk3Zkc3WUIzT1pXckI3ODhlYUUzNFRFZDlDM2ZNZlViWm90UFdBb1h3dFJXbGI0eTFRR1RwLUZyTDBxVG8?oc=5,WUSA9,2026-07-29,neutral
DC Metro,The Photo of the Woman on the Metro Was Powerful. Was It Also Exploitative? - News of the United States - NOTUS,https://news.google.com/rss/articles/CBMirAFBVV95cUxPa1ctblB3UGtTbzZhWUFiX1k5akpTejhnQ3BjYTNQdHFiOWhHR09nbHdTVHlIMmFSNXhOWEN0ZDhtUjhqRTFEaTlCTGlMMzZyaUtkX3NHZ1JMcmZIV0RkYzY0Q1BnZlNwRkFaUkNBNEhueVFOb1Y0Y3k2Y2lHYUtKZFI3N3NyRWRxcFhWeW5SSkVKeVB2bEliUEZCZjAyTk1MLXMyMzJsUXhmbDB6?oc=5,News of the United States - NOTUS,2026-07-29,positive
DC Metro,"Severe thunderstorm watch until 10 pm, strong storms set to slam DC area - WJLA",https://news.google.com/rss/articles/CBMi0AFBVV95cUxNdVB3UHBzTDJIMGY4OVpJY21lZTR2TlpSTkJqMjEwcW5GaUU3YmgzZjZZUkdoWXQzTEhFRnQ5WmxvR1JMLVZtZTl4bVRMTFNvekd5VWVfc2hneEhIVWNDS2JUWXctNGE1bnk2U0laZENSanltVnlvRDI2ZjI3QThSa2JGTnJvZ1B5akJ5emRQQWxDTHlzaVBQUUVOWVN3c1ZLOV81UHBKTC16emYyNE1oM3JVNVVKaTQ3cHJDcDc0b0pieV9icmM2NEpkcjZTX1RE?oc=5,WJLA,2026-07-29,negative
DC Metro,Award-Winning DC Metro Insurance Advisory Opens Its Doors: Capitol Benefits Launches Culture Tours - Brattleboro Reformer,https://news.google.com/rss/articles/CBMiqwJBVV95cUxONnFjRzJLV21oOTlBTXlSXzVsQVBGRTVTTXVabkNmTllaVmNFOFBqcUkwSGRnbnNmQXhYcTBqOXlWc0JINDdtNUNzTnBYanQwZGJQaUw1Mm5ZR2p0Z0VncTN6M2IxcjdxbWluVGpVQTBndXctY0MyRjBMZlhCUFRNbkNKZG5qV3JELW9qWmNfTVRjeTdqdk5BTndGdjdySlFTQTVfTndUOWM2Y29YMzBZX0NkZ25KbVk0NEtTT3dQSUtYR1J0UkhRSl9fSGx6STVVc2RsYzhvSDdyNDlJQWRvMjRpX0Nqc2pTb18yelRDUVZTdFZrcVVhQkUxOWxQTU01VHJXVF9VV3lLc0htejlXdTVpNGtDSVlsOGc5N2piU3V3RGRuT1c3OW1aYw?oc=5,Brattleboro Reformer,2026-07-29,positive
DC Metro,Red line shutdown begins Monday between North Bethesda and Friendship Heights - FOX 5 DC,https://news.google.com/rss/articles/CBMiowFBVV95cUxNZVUtT29hdnBoNzU0ODRBbi1HS2drSm92clRqaXc3ZWlBTEZ2ZTVGUTlxNllrRW4ydThfM0lldW1zV0QwTWZpVTFuMDY5dTZhbXVBYkpMLU1ZQVowQy1JZnVFNUtlQkR0Y2xFcXlqdm1wbi1BV28zeVlMUnV2MmFDczZtenk0c3NhVVQ5LWtpcHR2RGZYV05QVFlvNUU2QzkxYmpB0gGoAUFVX3lxTFBrZ1F6NVdfOWxHd3IxaFl6TU4xOTI4VWczVUlkX21ic252d2I3Yk1mNXJncFM2NnJaOV9USnhjT0E0RFg4TU1kRk5VYUQycXM2Y2hYTGlpRHItZjdnUm13MG1aeGkxMmcwQ3NvZHRSOVdhWDJuNGxHOWo3NGktNFQ2QTRxYVFHSTJBR2FHMFFoQ2hUdXFBNVE0bWZWQ1VlM1VmczFCaldOOA?oc=5,FOX 5 DC,2026-07-29,positive
DC Metro,Target: Crime | Keeping DC’s Metro system safe - DC News Now,https://news.google.com/rss/articles/CBMiigFBVV95cUxNUW91U2g0QThMclR0dWcxZEpzYlp1TEJxMTliRXUzN1B1Vkc5cWI3LVpNVDFCbFVreVdqcTVBa3R5d0VBZExIS0tSc2d5Q1lEMWR4T0VkVnNOMVVrNm5DTEpxYzMtc3NncXhCWFFpRmJZN3g5aE5kTV9qWGZmblVnTTc3aVE4UUJla1HSAY8BQVVfeXFMTXEzazRMSjNXdVlxcnNXYTZIMEVMUGVJVXpLYzdEZkNzVV92R0xQU0FOV3UyNlNmWWtLVnpqZlBKR29icGwzY2FHeEQ3dHN5eTJwRWdjZXB5ZU9ycGVhcFlwMTNITF9hZl9LcUpydGtlNzNkRnNCNGcyRjhGMHREMmFnQWMwSkJuOVBtT3ZQMFk?oc=5,DC News Now,2026-07-29,negative
DC Metro,What the viral image of a Black woman surrounded by white nationalists on the DC metro says about America today - CNN,https://news.google.com/rss/articles/CBMimwFBVV95cUxOeS10ZnQycTFWX3dZSURVUW1UeWxtOFdMdDZacmZ2QzRJeEZPalFFa3V0ZjhoODVzdTdWOXBpbE9mclZpV3JoMG1kbENCXzRTVm12NWx4X3M5Y2xtSGVOT0ZRSVRVM2RaemtnUWd3SGFkME11cl9xNHkzRDcyUmk5ejJ5NVNkQmNWWTA3b3FaV2JZNjJVNkJTS1A4QQ?oc=5,CNN,2026-07-29,neutral
DC Metro,"Cities With the Most Expensive Homes in the Washington, D.C. Metro Area - Stacker",https://news.google.com/rss/articles/CBMinAFBVV95cUxPcTBTTzVWUF9NZmxQWlVuM3VGcnhrQjBoUklYa1RnZS1LbTdHekxqbDkyWDJXM3dJWWc5X2hnT1FMOTNlRzdKN2VXQUp5UUZqZGpjTG1yZTVPYUhTLTJQWWR1d2xMR0dqRjdlcFA2d25rZThRZmIwa01JNWxjVXpQbzFxa25XdUE1TWtqYno3WXNZdy1XLV9oYklTR0c?oc=5,Stacker,2026-07-29,neutral
DC Metro,Bellabliss Med Spa Celebrates Second Year and Service Expansion in DC Metro Area - EIN News,https://news.google.com/rss/articles/CBMivwFBVV95cUxQX3lQUFkyUjFpSTBEcUxOMlFDY3I2aTU0VzA1LXd5ZWVvQVo3WjBsRzlCb3ZDZll1ZVFSVnZfcVp5R2lGdm5Ud25Fa3NvemthTTRJTDJuTy1oMzFsTHpfdTY4ZFRaZWpOQ0F4ZjU1aXFkdEJrQi1nVVBuMUpKZ1hob1VfN3MtWEZQZUFvQV9scVF6a1NvZUpLVHhiSEt6Q1JxUGpyV3RjNTVic2hzT3RycnBNbURHcnFnMnk0NVV4WQ?oc=5,EIN News,2026-07-29,positive
DC Metro,"How Metro’s summer Red Line shutdown will affect commuters on Rockville Pike, Wisconsin Avenue - WTOP",https://news.google.com/rss/articles/CBMi0gFBVV95cUxNYVhqelBNaHNfSDZkT3F0ZGI0R2tia1Z5R1VHeFJpbE94aHBQdGVtc21QQVo4WHFCQ0FEck53Tk9MUTRhTEFwbU1MVTVBX2ZiZEV4Sm1GM0U1OWdKaHRQN1h1Snd3U0w1RGU0RG9GelBQVGxCZnBGN1ZBWWxjNFh1cDcyOWxsdDdSaEQzdkQ5T2dyQUhEdmlXQkQyZThXZjBESHZHY1dPZkR1TkdDYWhCVUx2UXJqamx5Zm14aFh1OEE2RVVPdEtTY0RuMGY3aG41bFE?oc=5,WTOP,2026-07-29,neutral
DC Metro,LaunchPad Home Group Acquires Top to Bottom Services to Expand D.C. Metro Presence - citybiz,https://news.google.com/rss/articles/CBMivAFBVV95cUxQTHFVUzdvREw0R0ZVUVVDRGY5SHNqMER6MEFhV3ItdHFNbV9WeUpKWkxDWnhNY1NIakJsWTNrWFFzdGRLcUhjcU1aUXM0b2l6OFA0VjIzMzlScy1zNkFJekZRNnJTa3d6STVZd3B6VS04Nk9lNE5MeFZ1dUstWFEyTHZsSWlabGo5N0tCdmI1dTk3cmdmYzNLVW9vRzZYR28yNFA4cHhxS0Y3WnIxY29OZHk2YjFQb2xJQmhGVw?oc=5,citybiz,2026-07-29,positive
DC Metro,Metro to change Friendship Heights shuttle boarding locations - DC News Now,https://news.google.com/rss/articles/CBMiugFBVV95cUxOWF9qdXI3Z01zTFpIclBOYlVyYzVndS1JSWNscjB0Mm8wOVhMUFd2Qmg2U2JjenJoYk9UVFZwUFU3bk9ybFM0cTlFS05FMDJKaGlPQmFhY01ldXdjT3g3S1dhUGhpV0s4SExyVUU5WUJXRl9oMDNTQTZzWTRoR0NSam4wVW1Xb3NlMHZZTm54WE00WXpLNkg3LVlvQ09iRll5VG4teFUxWEJDNFNLMGxwRWF6V1J4NlVsZnfSAb8BQVVfeXFMTXgwcEdsLTE0TGJkVTVYcXZfZFpNWnhySmxvMTgxakVyVHRXc0p2emN4QXA2TF9tQzR2OHdYbGxZWVNPdGVldlpGTlZqU19odE82M0oySy1kOHlNMmYzNWZjQl9yQ2hzLVZ0MUEzeFZYYVU3SmswclUzYW1WTFFGV0J3TWdFbkpraFJhcFJycjc4LTk3TEdTd0c0VjdCc0tFQmlSUVpMeFM5eXB5SnhpOUc4d2cxUlR4ZmtmUlRfcU0?oc=5,DC News Now,2026-07-29,positive
DC Metro,"Mixed Signals: A Housing Update for the Washington, D.C., Metro Area - Federal Reserve Bank of Richmond",https://news.google.com/rss/articles/CBMi0AFBVV95cUxOaWNFTTJsQWdWZFNjN3V3QlZDVFNZMy1YZEV3LV9YXzlQeDE4WFBsNTliWjVWd2M1dW1xTUtfYTRGSGRCMEhJa0c1a0ViN0x5SkxTUGxOajE2cXVEaDQyTEpOY3F5S21Fd0QyRkNlaFdsd2FPcjRSbEN6MnloVzJwbXczb285b09vdjU2clVpUGRUcVlSd2J4aFlBUkRwdnFBb2tvS0lJOVJWdWZESjhWR3JROXFTOUd4RlJoUm44XzFkTTJpYkNtS203cDZrMi1Q?oc=5,Federal Reserve Bank of Richmond,2026-07-29,neutral
DC Metro,DC Metro Red Line closure is underway: What riders need to know before the two-month shutdown - Secret DC,https://news.google.com/rss/articles/CBMiW0FVX3lxTFBhbXhYS0x4NXVZaFlENUZrVnM4cUdxNmtFbEtscHZoUmpLQWZjeFJndDJKNmthVjdGNzVMbGdzUUVnaXhiTDllWE1ZQmZ2aUxtQk1ZdE0wamQxT2s?oc=5,Secret DC,2026-07-29,neutral
DC Metro,DASH breaks ground on DC metro region’s first en-route electric bus chargers - Charged EVs,https://news.google.com/rss/articles/CBMirAFBVV95cUxOOV9nSXFYNVc3Vm1XZGZwNU5LVTd0eWhhckI4VkljaTdmQnBTWGZXN0VZOHFTeVAzMW1IOTdTQXM5bnlNUl93TWVjZVJUSnhwT0t6NGRTend0MnRfT01JZ3Q1S3N5STBDcUlMYTQ2cGpnYVZTNHROV3V5VnlPUWJQZTZlT2tKNmNxSnl6WUZIeFdjVnhydGc0MTgxREZVS1ZIdGFUUXdtZUVJS2tq?oc=5,Charged EVs,2026-07-29,negative
DC Metro,Photos Of Black Passengers Surrounded By White Supremacists On D.C. Metro Go Viral - Yahoo,https://news.google.com/rss/articles/CBMiogFBVV95cUxPcTFPUFhQaWg5M0E1Z3I5QWJ5eDJiR0hYRVZfZFdxR3dzMmZFTjhlcExfTGdsZ2JOYWlOSmcxZ0ZRX0dKb3RLd0lRS1haS1JBVnV0M2VlS3oxazVFTEt1UDhpTEVCMHhTc2gyRi1HT21WZ1k0T3RkRWRIcjJlYUh4WHdoVjdrYTY2RXN3MGVXS24wNTJZM2hGOFpSNDB5SkowYnc?oc=5,Yahoo,2026-07-29,negative
DC Metro,Metro tweaks strategy to manage Red Line crowds during shutdown - WTOP,https://news.google.com/rss/articles/CBMirgFBVV95cUxQc3ItRU9QRDY1V3FTS2FnLVRhWGxmUjhrRWIwRk9RU0R6aHN4Q0oteTBfU1FaSDRtM3loZlAzR2ZaZ3pCbENSNnBMaXpxOUlFaWkyN2Nab2RPUHpQalRKUjZDRUUxRDFUaF9xbFdmSktvQVJ3a0FxWjRkOGJfSzdfTzZ3VzVLSDhaV0dYNWxxQ2dmTW5RM3Y4eEYyb2xiamJ3ekJUNkNTbWtjcUVmUVE?oc=5,WTOP,2026-07-29,neutral
DC Metro,Gay man in viral DC Metro photo was ‘terrified’ surrounded by masked white nationalists - PinkNews,https://news.google.com/rss/articles/CBMijAFBVV95cUxORGJpT013N0RuMmJGbk83M2xobHpKbkk3SmVmU1pPRmJmQWVfQ0JqSDktc2NrMUlsSjA1YkoyV1Rhd2JJb2JxTHBVYlJJV29pcWQ0TUNwMUJwNlRVU0xxWkpUM0NZQ3BOOW9lYjJoMXlmWUs5bWJMMUJXNi1lWEtQcnh3b1k2VTVpOGFwRQ?oc=5,PinkNews,2026-07-29,neutral
DC Metro,Dozens wearing symbols of White supremacist group gather in DC on July 4 - USA Today,https://news.google.com/rss/articles/CBMiowFBVV95cUxNRjFCelNIZVFWQktxS3U1ZTZyV1oydUJla0djREFOM3lxbkFONFpVTUlRX0hnRGp4TkpmbVllZ2dJalhfdWZMNDdHXzJUcEdBLThnN0pVUFhJVnRROThXYVh2Y3JWSkxLV3kyaFRmSEVQNzFmenRhbU81T0JoVTdvVkdGM1RtZjlhQXZwSFQ0S3ljVmY3dEJ0QXRlSS1MNC1sUm1V?oc=5,USA Today,2026-07-29,neutral
DC Metro,Metro’s Red Line partially shuts down for summer work - WTOP,https://news.google.com/rss/articles/CBMinwFBVV95cUxOcDA4ZXBzVEVxNE54QzllQjNzZFpDblI2T2JWZWdoa0lELVp0MFFONDZOVjFHcWdBR2EyYi1MTHJpRWVpa1VtZmhsY0dHY01QTWRVR1lEQjRYNVBWQXNsb3U1azVHUE9BX3lyTml1c0J0SFRsM0tnVlZEdU4tTF9HdHpYWUdlTVBBOGhCY09MVTVING5Ca0NJNVJxdWMzY0U?oc=5,WTOP,2026-07-29,neutral
DC Metro,"Metro deploys army of staff, buses to ease Red Line shutdown chaos - WTOP",https://news.google.com/rss/articles/CBMixwFBVV95cUxQVVRVTW02MGJOVUs5UjFEcDVkNl9tTkJJclczSk1PdHd0Sk01YU41RXFrRnlGTjlUTVFTWkVkbVBXN3kzNlV3a1pSSkNJNk1vTzdrUGozejBfTWNzT0UzZ2s3TV82eTV0Qm45eFhmdUJGZ045YXdKZXBhck8zWHMtQmk1S3hQZFNDWjlGcnhrN3hWbEdGUk82cmtZbnVDcTNCcVJqQ2drUC1ZOU1FVFlOdl9tRVg1dFdNd3hvQWNkaUJoamcwbDlF?oc=5,WTOP,2026-07-29,negative
DC Metro,Social media reacts to viral photo from D.C. Metro during patriot front march - Yahoo,https://news.google.com/rss/articles/CBMijgFBVV95cUxNUnFHMnNIbUxQRXJWdlNpQnlodFkyXzlHQWc4Y2JxdEFLSHlQMlRkQkdsSEZtWE1ZRFRCLVRFT2pwNzdtR24xLXRjaXNzMzdpelFhUTFQX0N4bnhRU0dMRlBfVlBhM0lCeGlsUlNlT2FrblRiQ2hJZE13VHZwVVkzZlRlYU1Va2VMWjRQQ3ZB?oc=5,Yahoo,2026-07-29,neutral
DC Metro,"Metro, DC leaders lay out more details on transit at new Commanders stadium - WTOP",https://news.google.com/rss/articles/CBMivwFBVV95cUxNYThPM0p1a1RpRGl3QjljZ2JpX19GcVRtdUg1NVpWS2xJd1ZHWkVPWWFKVXY2Q1J4ckpYRS1MRDN0eEI2aXBrdHNiTDVMNWVxNVpwVHNqaFVDaEJINEZsVjZScHgwNTlqeWJYNmlvSVNWX1NSNmpBa2lUbG5tVnQtQTJXRXQta1lkQlFzRzhBUzdhakw0ZTllNUpnRXpza0R3ZE53cFZidjI1NGF5NlFXVVdXQ3NKb2lFSzhhUmgybw?oc=5,WTOP,2026-07-29,neutral
DC Metro,Most Metro Fare Evasion Cases in D.C. Are Thrown Out - News of the United States - NOTUS,https://news.google.com/rss/articles/CBMiXkFVX3lxTE9NcENhOWNRdGdldFBNTVc1SV83SUdYQVhTNWJWOUItYWpKX3VKTVJMeVpaSl9JOC1WSTljR0ZqYml1eHllSFYtR2h2NHF3MjNaQnVBUUVaQmkxUlZ4cUE?oc=5,News of the United States - NOTUS,2026-07-29,positive
DC Metro,Red Line shutdown begins July 6 as commuters brace for major summer disruptions - FOX 5 DC,https://news.google.com/rss/articles/CBMiogFBVV95cUxOaHNnQk5ULXhWM1BVU0VrQUh5bU1pRmdQN2tRZUdSODFpc3lBUFZ5UmdRV24wbVBkZzFoRWlYcW15OV92S2diVWVYSWtkX1d5cDV6ZllzSlFFc0FTQ1BOU1ZIbjZ0V0xkYmlLc2JkRmc5UmhLTDN1em1kTWNLLVdxa0FYYkJjLUE0WDZuZDJ0TFJUU3Boc3lnUnlQWnNvZng1RFHSAacBQVVfeXFMUEZtWXh6VmtEWktUN29JSjVsN05lbnZNTXh4b0pzOVhjbTlLMHItSmFqWGIzbmQ3QTF2b3JoS3JzOTEtQnlsQmZrc2NCUUxiTEZydWhwVkZXbDJYNVk0aHMxZWhhN2tMcjkyVnhZSnJNQTh0V3oyTm1WemNCRzUtNTRXcVUzXzZNSTJWTkl4OU1kSG9YSkRNVXBheEJxR1AtV1JjdjVCLXc?oc=5,FOX 5 DC,2026-07-29,negative
MBTA,"MBTA extends two commuter rail discounts into the fall, lowers some bus and subway costs - CBS News",https://news.google.com/rss/articles/CBMiggFBVV95cUxPUVEzLUFNWlNwTnVQU2JuNWtJSFRZM2ZGMFZBLWVSdW13cEkzTHlXQnI1QnZOU2Zyc043WnhfOTVwR0VWMFRSRlRERlF4QXBhSGVBY05OTEtlYWhkb2syYm9QNjBLRzhqY28wYXdGWEY3WDVOLU5kTkFFRkFLQm5EQmZ3?oc=5,CBS News,2026-07-29,neutral
MBTA,"MBTA extending some summer discounts through November, plans to offer free fares for older adults - The Boston Globe",https://news.google.com/rss/articles/CBMijwFBVV95cUxQU2J4NjY3WlFOWjFOMXR3bGpyTlNxWkNaY3FIX2RHc2ZlZXVicS1kOUhWT0Z5RmxXbENULWpIeWZVZ29obTZXZW9ObFhvanE4bXRZRWg3c0d6a09GMkIxakl2RmNwSnJnT254QzJfb1pfQXdIQTEwWmMzcWVnZ1FYc0V3eVlvZExpRXpkSmt4aw?oc=5,The Boston Globe,2026-07-29,positive
MBTA,‘Completely unacceptable’: Red Line riders describe hours-long commutes during shutdown - Boston.com,https://news.google.com/rss/articles/CBMinAFBVV95cUxNRHJBSk9xM2ZVeVp6aEwteXI2Q2x0alhrMUgwMzI5dTZWV3R3M3AzYi13VkkxcXFDX28xU0d5MDU4amdlUFNxVHJwTC01ZTB3TVVBT19ER3h2b2owWW0yc25hOUpKYnZsSTQ5UlowbjNhRG5rMHZ5bUd1MVlpXzBSUmVoRjRNWVZFZERROXNNY1B2WndIYjZCTGUyc0g?oc=5,Boston.com,2026-07-29,neutral
MBTA,"Person hit, killed by train at Attleboro MBTA station - WPRI.com",https://news.google.com/rss/articles/CBMinwFBVV95cUxOckJ5S1FPZTlZVFNvSFFNMy1KUUhKX0hiaDdobERqNkhfWTZRVmpZM0pCby1Pc1pZeE92QmpyUDRNRDk3NUZCQnZId042blRRUlpaX2loYzhJUVpuTVFleGh1bEVIeDU3Zmhwend3bF9LQ2ZleUhRU1Zjb1JmMHNmZXh0V1JIYjJDeEVUWEdTdXp5R0IwcVZ1dGhTMG5NZFXSAaQBQVVfeXFMTnhrTDB0RlBubFl3dTJVUHhlemtTMHM3TVRpZjZkS1V3cnpOdDZqU3JzNW8tU2ozNDJJbG9BUkhGdDdZWXVuclBxUkdFZTUzNEJUNjFmZnBwbTlxWTV4akYxemI1Vy1WN2lSVHFEWUlycE1lTUNTYjNxdGxPRE1WTlZlZU8xaV9kb0ZjT0ZEdVFLSWxGNDlRVzVybzFmSHh5bWZzS18?oc=5,WPRI.com,2026-07-29,negative
MBTA,‘Scary moment': Witness describes meeting man accused of bringing explosives on train - NBC Boston,https://news.google.com/rss/articles/CBMixwFBVV95cUxQamJJcXRJdUtoOUxxdlg2encxekNfUWcyVk5RWXZ5Rl9GeFppS2pkMkR5UjZZRXBSTmJGRFhEeEdEWU9TMW1DOHBqWTREdW9nSU1xV2JieTNqT1BMZ2dmUkhjVlRibDBzUmowQThRQU9vM1B3cThFc0g0cG9pdHp5dVlmLVN4bHVvQVJ0U3VMWWRQTzE5WC1uNmVRS08xOGNRdk1PZzBPQ1lnc1haTzF2VXlBdDM1ZlVQbDVfY2pQUV8zTFJIeWdB0gHPAUFVX3lxTE5VR1labUpjR2hjMXVpYjdhWHJqak81eTNTakdGY1k4MGo0aTBFSEpZZVk5cGlLcEFkY2g5UFZJYnRPNmtZVzdWcmFKOVYyajJzWUhYa2NkMmtPZDB5ZWRHSmxDYl9IalJCN1piN2JUbktfR3VXVnktOThqOU0yTjVvTG9nU2p3aW9DeG9QanJGTElTRGJKQVpXOElqUjBXbnpDci1WdmJrVUNCYS1TWEw3ZGFMTVNVMnBsdk1DQ2xQM0xFbF9LQXlhM0lxYnY4RQ?oc=5,NBC Boston,2026-07-29,negative
MBTA,"Brockton teen critically hurt at Montello car meetup, driver charged - Enterprise News",https://news.google.com/rss/articles/CBMi0gFBVV95cUxPR1d0V2UwRi1abTNhSE1KMVRxMXQzWHUwVFZIRjI1QkJNTnhUWlBKalloa2o1RG93dnVpeFJiZjNXMnotRll4dklfbVZwTXY3NGZtMHdXZVB4d0E5WFdYNjZ5X29peFNwYTZ1aVBxRFNwX0Nzc0FKS3ZZVlkySW5OUWNtWDVFV2dhU2JWUVlfU2xsWS1rX0tOcF96ZTVZTE1IQWhOLWVrYlVZbWlrWjB0WS1pM0oxa29RVWNycDV4bkY3ZXVxaV8tUC1Rb2t6N0cxVmc?oc=5,Enterprise News,2026-07-29,negative
MBTA,Person dies after being struck by Amtrak train at MBTA Commuter Rail station - Yahoo,https://news.google.com/rss/articles/CBMijgFBVV95cUxObDdSdVNIOFJNTFBXNHA3WEZWQTFZLW1Zalh5Q3hsWTJ5NVBIV0lXLWw3LWZfZjcxZGdjZUM1U2d5bVpja0pleW5vQ0pwVTMxaHFnSWNIdDl2Y3VDaEdsb1FVVmd6OVVETVJ3S0Y0SWF4ckZ3RU81SWZmUWg1Tk9EMFlscmZCQUVoclNnMWxn?oc=5,Yahoo,2026-07-29,negative
MBTA,"MBTA extends commuter rail discounts into the fall, lowers some bus and subway costs - WGBH",https://news.google.com/rss/articles/CBMixAFBVV95cUxNQU1BSDVhOVNVRFRmc1IxTC1Ncmd6YU0yN0Rpc3YzTVJacWtucDBIajVrWkQwNmFsb2dVNl9vT2dWVllacW80czdUbmJzTFlSSnJVam9OWWtjYnhZWE9MVFFhdVo5b2R3R181WDRTZkExNjV5cTBvWkhnZnNtaUdEVUJGWENuOE1ocGtLcDBYMjdnOXVSbVlmbVN5VjNhVm9EZC1nYmFuYzVhMTdHUXpXbmdBQUFkbEQtbW1BWmhQOWdVbVNr?oc=5,WGBH,2026-07-29,neutral
MBTA,"MBTA announces continuation of summer and new savings for Commuter Rail, subway, buses - Boston Herald",https://news.google.com/rss/articles/CBMiwwFBVV95cUxQeWM3UHg3eWliWHNhQU1Jdk16NVhDWjljMHBlQzYyRWJ5VV9sWVZMY24yV0xpc2ZobHh0bGVPTnQ2bnpoVXNQbDZ5NmdKWUFlak5Rb3l6dHl5V1VDNEV3ZUlSNjhWSXJXNzdBVER6bF9FWWVZYWllN1JvOHdWd2h4c0VOVDJWT20xSEtkeFBfV25BdVQ4ZFVDdGxScE5iSmJZeURqcTZxVEdHM3hJRmtNWjg5VHRtN3d6RW0zMGRfclROWjg?oc=5,Boston Herald,2026-07-29,neutral
MBTA,MBTA launching new pilot programs to make public transportation more affordable - Boston 25 News,https://news.google.com/rss/articles/CBMi3AFBVV95cUxQU2UxWkRtUkFwa25nWnRjWkFCOGtSZHJ2M3AzekNEVjFxZzA5WnBpX045aXdVVnZrZUVDVkZaNC1meE1iOVdaN2VneVdUWHRfdDRxUEc2TXFwU1ZNWEtIYnVvTGVtdV9GeWYyajUySlR3dGFwOW5ubkJfbGQ0LWNTTVhxaE9TUnNOQV9WN0Q2Nm1aVllzVW84WmhEMktWNTVKZ29rLUJOQi0xMkFtVl90NEp0dmpDRWczbzVyamhiZ3NWSU1fQ0FSLWFOd1JHME5Va01VMENBSG5mdHVr0gHwAUFVX3lxTE1OVDF1U0dxU1MxMGlVZ2VtREhDLXhYOFZaQVpNNDNsT2s2R09EenRIZ2ZQYTZKdU9GYjc1My1pZHZNenNnbVBjU2xRUlo2WVVvNHJtTjQyeGhKQXJsY002SzlhcVdvT2ZXUngyZkRBOUlRSVZpTmZRdmE2MUprZ3QtSVN5TS0tZ3RaYzhiUi0tdmFSalhLRzBISWNLZ0JQZjV3dDVRRDZBTVRHUU5sVUlxM2w3Y0R0cXVGVjlmTmVwSzdnODFYMmVmbUhWV2FiTDBxS3I0TEcycGN3Zy1ZdVRqbTN1QlNpUDk2cURGTFQzZw?oc=5,Boston 25 News,2026-07-29,neutral
MBTA,MBTA touts new pilot programs to reduce transit costs - Eagle-Tribune,https://news.google.com/rss/articles/CBMi3AFBVV95cUxPaHFoOHNEUkE0YkxnRjVqY0cyZFZSdWx3THdQVVFzMnZ6QkZmeXZtQ1V4bmtXSTdMNHRTUHVYX2JSNmVIS0dlMWFUUkdJN0hhcUZwSTVQTnhBV3c2Z1V4Y29RRE4xRU56WjhZSUlLWVc5ME1IdVFUTWNpYl9Nd3Y0TXNtSmJJQWVETVE0R1c5QTIwTmJmZlRGSG14V0dhVGdpVWxzbXU5LWk5NDh4V0N6RjV0cGFqX24zLWF2U29hamlncDRYbXdyWFV4TDRBdnAzUmgxWlI5bmg1dHZQ?oc=5,Eagle-Tribune,2026-07-29,neutral
MBTA,‘People were blindsided by this rule’: Paratransit riders face a greater challenge after MBTA policy change - The Boston Globe,https://news.google.com/rss/articles/CBMilwFBVV95cUxOU2EyeG84aGRHVWFqanhtbW15RUdtMHloTWdtRGd6T3Z4OUk0dTk3VFVCWEpuQVY2UThqS0tYVG16QklFUGFvSGpESXkzdElrbWtjaWtBb2phTkpLU04yYjVTWkNzRTBkRGxhR05Dc1FiT2d0NkZOaXJuT19mZm52X1RlN0x3SXU5M3lPZkFQSDJ0d3RjN25J?oc=5,The Boston Globe,2026-07-29,positive
MBTA,New MBTA pilot programs aim to cut costs for riders this fall - WCVB,https://news.google.com/rss/articles/CBMioAFBVV95cUxNS0tkRERjWEJmbGY1a1ZTUzVKOERacEJXVjFUQk5IMzFkcTd1cWZsNWVQaEY4anZuS2U0VVV6SWswNENFR09zWmhQNFFXNnNvQnZEYmltdnd1cjRUVFFSLVA4ZTlfNDJGelgza0NLS1NXLWhkbnlZbUZBOWo4SnlYS0hqVGJjVlpid3llTlNrbWFBYkFfenpzVHNlT2ptelRB?oc=5,WCVB,2026-07-29,negative
MBTA,The MBTA is rolling out 3 new fare discounts — and extending half-off commuter rail passes — this fall - WBUR,https://news.google.com/rss/articles/CBMikAFBVV95cUxQRDBpblRxYnp4V1VRZ0FIeVQ5UFdELWdid2RXcjhQOFhlRUFUYlBNQlFQZkZXYXFjXzhLN2xrNV9LaWVpWTNtd0dROXVCaDZkX2VtV3hZSGlwNVZyVFEweC1oSjZqWC1EN3Fxa0YtNzZ6M0lpR2RCZzdHSDFMd1k4V2ljLVctRjdNTU9NT0RRWnI?oc=5,WBUR,2026-07-29,neutral
MBTA,MBTA weighs options to improve Medford access - The Somerville Times,https://news.google.com/rss/articles/CBMiX0FVX3lxTE1TMUVhT1NLdXpLTHBwcmdtcklIVVpkWHNub2lwU0JEY2tlYWZHZ1JzU3dMQ2VCSVgtOHljNENXU2VUbU13Zi1kS3BFOUJraXFiOXh5dHVUVTVpN2dCNzZv?oc=5,The Somerville Times,2026-07-29,positive
MBTA,Person fatally struck by Amtrak train closes all tracks in Attleborough - NBC Boston,https://news.google.com/rss/articles/CBMikAFBVV95cUxQRE1lVkgyMGlzSW5rVzJlckdqMFNYV3NmcUFMbi14dXdERkNmRlh0SEc0UV9oR2lRUjBTemY5LXQ4b3Q2MzZxaVB6S25kNHNrOTZrZlltUGQya0ZwRzZJUkUwUDZmY2hkcjZWLW44Y2Vvalp0WFh4aXV5MWFaajlWcFpkOERVNVpiZy1mWHBuc3PSAZgBQVVfeXFMTkFIX1lkTDNtVTVLZDlYbDl6QWRLN241dDFSSldQX0t5R3dFWjY2WW53Y2s3R3U4ems3aVlDMDRVZHFjSkpycnJQWE9BZEozZTBzT0hTaHZRZ3VtdDZsTE1RWml0UFpidlhQejl0OWdwR1NSeFNRa1Y1TW9nemg2WUoweGVEVDR2Nk5JQjMxV0JWZ2Y5WmNYZXE?oc=5,NBC Boston,2026-07-29,negative
MBTA,Good news for MBTA riders! New pilot programs are coming that could put more money back in your pocket. - facebook.com,https://news.google.com/rss/articles/CBMi2gFBVV95cUxNckdlQkZEZjk3WUpqTmhGLThJUzN3QWFYYWVvaVVfTUpaQ1VCWkNCY1dxcHVZVEtjaWhQanQ3TXNRX0NFZHNWREF3ZnJvMUZtVkJ4MFFXci1rTVk3XzZObGllVlNnVVhMdG9UN2VGNnlNNmJCS3RxV3YtX18zRFpiNzFXSjlLOTV2ZHVCZDdvWXlZc25jY3V0Z3dBSzAyTDFPZWdES1p1TGtRT3NPaHczNkIySlNJSGQ2em5CQWJPS1VaT1I2ME9nM0NKUlBXWGR0Y2R6bl82bDMwUQ?oc=5,facebook.com,2026-07-29,positive
MBTA,"Person struck, killed by train in Attleboro - WJAR",https://news.google.com/rss/articles/CBMixwFBVV95cUxPdnhfVE9aWWRMZE9UZzJCc2hqajktMGhEcV9FR0dQTXBrWW5XZFNtaDZXZFJYSDFPZXoyWDBhY0szd1dqb1UwU3A0MHphRERjcTVIUjJnUVcwN1VPUFhQZkxoN25KbUlVTkFHQ2xPbVdiUURVYnNqTXRUc0QzZ2xieHI1N2dzZDdteFpXRmp5YjRfZl9MM2p6RlJqQlJrSk53dmYwa3J5RWdjdjlMckwxd0tEWlBzcGF6UFJwS3JiR2U3eUVyTkpZ?oc=5,WJAR,2026-07-29,negative
MBTA,"Mass. Approves $530MM for MBTA Operations, Infrastructure and Reduced Fares - Railway Age",https://news.google.com/rss/articles/CBMirwFBVV95cUxORXNSbWtIMVBHTFlRR3BVZktMMXhJN19MMnk5NS1KTHV5WXVXbTNLWkszVDctWm9zZ1l3aXNoRVdGMXVKQ0dyNG1FUDFYakpXS2M5V00yQ0RNRjU3ZlB5RjdRejVMUGJtX3I2czdnNUhpbFJTT2pHV2taQnMxREFPbl9QZmVpX3Z1ZGdGeWtyclFuRlQyX3BEMGdXcDQ5dGc3MkJ5OFpLbXZ2WFNjTEFN?oc=5,Railway Age,2026-07-29,positive
MBTA,MBTA riders could save hundreds this fall. See new discounts - Worcester Telegram,https://news.google.com/rss/articles/CBMiuAFBVV95cUxOVXZ5S1JWb3A3NVc3VXpsOUJfOTRBWXl2Sk9kMWRoMTZqcUZySDQtYnpIdGhSbEN4Rzl2OGsyYnM2bndVY0p2NE1aZlJPbjdiLUJhTHVoN1YzSV9VUTFMUzFxSFJYV1o0SWZ5LUplTHhfTmFXbGFSU3Z1Qi1HOFB3Z1RDNWhrVnB2UmVVVVo1SmtCZDFpQVRoNk1xUGZEOHJqdUFZUk1LVVE1cllJTDE5R0c0MTI2cUV3?oc=5,Worcester Telegram,2026-07-29,positive
MBTA,MBTA Green Line B Branch Service to Be Suspended Twice in August - Boston University,https://news.google.com/rss/articles/CBMif0FVX3lxTE9adk1OXzBEdGJyVTc0ZkwwVDJjWFNqQkxTVzZ5Wl8xRFJVR01sN2hJbjdwWXhzcUprbVRRcU1EQ2lEMHZMbnNrWW82VzFzT0p2ZTluVHpRa0hFNTM2b1dhbVdwU1FMbFRnczN0dWhfWlZzMWtpX3A2VXd4NENYbFk?oc=5,Boston University,2026-07-29,negative
MBTA,"MBTA Rolls Out Pilot Programs to Cut Costs, Simplify Travel - Metro Magazine",https://news.google.com/rss/articles/CBMimgFBVV95cUxQWkNaYUF0S1dYZXkyVkJ1d2lFVVNhZWNfQm96SGdhYXBTdXludlBsNFVhM2dOYjhWTFE3QmhWMUpXWDlUbXZWeU1Gc2M5dmtqc1ZFUkNuT29ybm9xckhuTTBFV3BOT2ZYVmd1eGc2aF95dVg3Q215SW15eEZsVGpaRHFkZVRyQ2lsUkZVdEdoTnhfMjZaaDVES3p3?oc=5,Metro Magazine,2026-07-29,negative
MBTA,MBTA launches new fare discount pilot programs aimed at saving riders money - Boston 25 News,https://news.google.com/rss/articles/CBMi1wFBVV95cUxNQ2NSVFNRS3NlSnAxVFhfVmV3MDJsZm5iTDA3bjdyOHI1d3RocXNVTlhCa3JfSFJwd09NY3psYmJTdVB1MkhYR0JKSlQzUzNUbDRMMVJpMmpLRHZMRURyX28xODdfelNRRFFiZHBjX1JkLVZtakg5Mm5QQjlVMkxEbUt6b2JLVUNiYVVReUF5ZHRtOUItLTRmU3ZiNl91T2lVRTlDd0xhNzdrSlhBSW44TGo5Nzl5Wm9WVGtncFNIVGhic2xfMlp5alRHWlRKZGV5QlVvWGN4d9IB6wFBVV95cUxQODdsYi1RZklIWk53Nm9xNi1xV2xXLXlNZFBhNEkzeVI1OENNWFhFMDZuYUxHSWtySVQ2blBQN1ZHYVlUREZ4d0RSV2NDS0JVV2pLcElfcUR2dHhCQW0zSndYZVdybk9ibS1HZjBJc245SktOWDNRWXdXTlYtVGo5dFhxcENQRkw0M1l0NWlMekFKaEVXQ3RmUHhVRVhEU0hfVWExVlliaHh6UFZNOTU0WWFkdTlzN2xEd3ZqRUhtTXR0Q0ktemxiZ3FVZ1l4QllYOHVTemw4U1BWOWNyNTRqaDhDbzJGYlVfSjJn?oc=5,Boston 25 News,2026-07-29,neutral
MBTA,"Gov. Healey announces MBTA pilot programs, expansion of affordable fares - WJAR",https://news.google.com/rss/articles/CBMi8wFBVV95cUxPeDFObkpzM1psWHU0OVB4Mmk5UlJZOTRCMFNTZ3MzX1NmVVExdEdyMklqQjF2QWFCcUsyRGEtNXhpTFlFd3RmbEdyQjI5MzJabV9wV1I4bnZsRWEtMUwwTW90a295RmtmVHZBNEV0bHk3TGZSWnR1d3NGcDh3eS1kdHZoeXhiUW9YUndIc3hHd1l1Q2RPdHRBX0ZLZ1U4M09HUVJkSk9CeUJyQzk4YnJtTkVpOHNNdU0xd3FLcjVjbEQ5bVhaRFlCZEZHbmZ5SThPQmljaE9ldGdfNDRrRnIzTTVzR3lka01Nc09WLUV6NU9Gd2c?oc=5,WJAR,2026-07-29,neutral
MBTA,Riders could soon save money with some big changes coming to the MBTA. - facebook.com,https://news.google.com/rss/articles/CBMizAFBVV95cUxPdndRM2hPc2o1QzF4TVBPTlFDemx3S0ZTeXRSLUx6WEx5QUhGNDYxcklNc1lfYnVoLXlpVWtBVFFUSjc3VEZNS0lmQnVPaVpXOEpmaTUtaFRmQURrWWNOd0tHZUh4VU5va18wN1BseldNVnROcVFhSmphaHQ1dHVvY0lYbXoxUUU4TnpBSmw5QnJhVzFFTW9PdHoxdlEwelB5cHRXZEE5WXB1SmM5ZjRZZEtTN1BMMXlpVUJOSUZvREdfSWVRRkJGeEVNY2c?oc=5,facebook.com,2026-07-29,positive
MBTA,"One person dead after being hit by train in Attleboro, riders told to expect delays - Boston 25 News",https://news.google.com/rss/articles/CBMi3AFBVV95cUxNbENaQUZiNTJKZ1ZLa0VsSUFPaHlrbnY5ZVhQNEdZdWJmUVpRTG9sRzBINUtQd29sQkRIWC1yVUJ6XzQzaTY5YldveDdFaTFqSDlVNTNnU25mWTUzYkE3WFU1RFY4c3NrRFBaY3ZiQzM5UGZYd0hnRlRKdDlYd3JlSjlMZGxpLVRtUlBzVmZGb25EbVFNZXZuNGw1TGkyeWxpaHUzaWFkV0xuYUtEV3YzYUNLNmhhVDhYUXAxVjYteXdtTXRMZ2tmaEJXR256cTFaQVNDY1dSRnU4S1FB0gHwAUFVX3lxTE85aE4xMVBLLWU3R0RGVzNIM2dFNXBwZkF1U2pVMG1EOWozbHNvMDRnTzdPaTJIa29jeDFRZDVGZGh6cUI0Yy0tVnRPNm14MmJVbGJEVi1aVzg3MmFfNG80T0ZRQWhZNE16bGhkNlhlMFl3ZWh0VXdPU2k1Zlo4Wl81bk9ZTEYwU0RHRWtvM3ZLS2JMWnF0MUxLRWhHZ2dnWkZXbFhfVmsyRFpNazlNUVN5anFhMXp4RWc1Q3Vyb3JOUmE4U29pcy1WdjlwSkFoclg4Q0kwbXF3eUdCMzBYOTdxQ3Q1LWE5R05FOFE3Vkt3TQ?oc=5,Boston 25 News,2026-07-29,negative
MBTA,MBTA announces new ways for riders to save money - CBS News,https://news.google.com/rss/articles/CBMiiAFBVV95cUxOcmJEc0JrcEJIVy1pTUFZblVlMlNwU21UbWVBNF83cXZfYTRrbV83V0NCUHRIU3phVUdQMkNzVFRQcWVHWUZ2Zld5UlA2czd1elhhSFEteXVTQndCeXJ5NTYwX1R6eDg1a1JiZHlFbTVtWll0anZLUkwyMWVvV085aE8yR1ktNlJM?oc=5,CBS News,2026-07-29,positive
MBTA,"Pedestrian fatally struck by Amtrak train in Attleboro, agency confirms - WCVB",https://news.google.com/rss/articles/CBMikAFBVV95cUxNaFBfVnBnZnZxUEVvVDRpdm9keEdVYlNVUWRmQVZSbTZQeFJ6MTRPdnc3aDF0cmR1VmNjdWRjMHdyMGNGUGNZcEowMlVLYWdraEFsSEFFd0dtcDg5RElzLXBQVFZOdkxwSTF3d1VoaFNRMks1ZHcyZVh4aC1sR204X1UyVHlUX2ZPTkhUQnN0d1g?oc=5,WCVB,2026-07-29,negative
MBTA,Mass. Gov. Healey announces new MBTA pilot programs aimed at saving riders money - Boston 25 News,https://news.google.com/rss/articles/CBMi4AFBVV95cUxPbkZoeDdpSkdDcGxQaUg3dk83ZXVlY2NLZ1F1UEtReFo3dGNsWVJZY0pfaS1FYUdnSHlXNEQ0MmhSeXk5dmc3UFMybE5kOTA4aVBXeG8wTERDaUlMY2dKRFpHNllEdzBrcWluc2xfa0R5MHNFRlBLWE9nQmw2ekp3enhGWlBIU1VHQ2ZDc3V5TFJPajhjcXZwaFNHSzdpdGpkZWd2OFM5TzdKUF9URVpDUktjX1BXTE1wRFRMSmpsbGtfS2R2Q2tRM0ZNSTJ0aGVIbGRUVy1uQUhQQkxIMEdadA?oc=5,Boston 25 News,2026-07-29,neutral
MBTA,Healey announces new MBTA pilot programs to make transportation more affordable - NBC Boston,https://news.google.com/rss/articles/CBMioAFBVV95cUxPQUJOWm9PVFFHWllpNDVxMm91OUttM1hPak5NUXdjV0lSVlZMRVVsbm4teXQ3VEVZV2ZwX2diZHNwTlJJaUZTeUNPVjhEWG5pSC1iWlNRNEhuQ3dpekM4MXplMk9aQTlmdzc3RXhYUkszOUZ5ZEQyX255RlRNSnVwRHVCLWh6T3c5cE5LVHFISlNZZTl3cGpqV0JxRTMxMFJQ0gGoAUFVX3lxTE1hS2hOY0ZKR2llcmFrckw1R2tOdVgzX29fQ1N1SjhxdzJJS1RxSzZyTWJHY3FoY1NwbjBwa2FfRU5kZElfYnNCaEMzaFZ5WlVaVm1hcHRlc0xRVU1RVEJfNW9lZFhUWUF6SGhJUENyRmo0RGhvalloTGdQeUdmM29tMGd3REpHb0NlTTlub2N2MjFVU2hEbUJUWXNQZEpUR0xOMTlJU3pidQ?oc=5,NBC Boston,2026-07-29,neutral
MBTA,BTS fans call for more MBTA trains after Gillette Stadium shuttle sells out in minutes - Boston 25 News,https://news.google.com/rss/articles/CBMi4AFBVV95cUxNMDJQUG9WeFNraFpYR2t2aEJuNlBibUs3dkQyTGs2Ul94MkNGVnhfdTMwSGxQemQzWlhzbXZKak4xQy1kR21ERDBHUjZtNUp2YTJwbjB2UVN4azU2cVNzaHdoU2tIUm5UTHJuRmNxUEhFWmFwekViZmVycHU3QUkwZC1PTjFoa0lDVEZDSm9QSFJTazBfdTdHSWV4ZjVkZmxsMGZFV0VaTVl5S09tYXpfNGhLd05kcjFqenNoeHZTSVVzdmI2SDdBd1BRczRzbmN3OWJIRGl2Uk5LczkyY3hvV9IB9AFBVV95cUxOSzlSLTJQci1YV2Jpd3dGeFV4STNaZjk3Nnl0N3Y3aExpQnAxcnhYZzRHdE9HUGJQYXo4bXVSVTYtcWZQSVZfeVVGNjR3U3ZER0xhdWpQc29WNHNnaXBUTmdBeW5sZHFrUllpSWVzWnFYQXRPUmthLTRpelZKQURhMzM4TGxPdEU5dTVkd24wQVRfLTN3QnVPV0YxZHVhUWJ4WmRkYXpRV2c0ZkxMN0xIOUNINkM3WG1RamhQSGJ6ZU10ZjMtM2NZaU5ZSlBFblcxbmd5T0VJNDY3cTZMeHFVUFk0UUNjSE1kLUdObnJuOXV1dllV?oc=5,Boston 25 News,2026-07-29,neutral
MBTA,"MBTA Temporary Schedule Changes Begin July 27 - Wellesley, MA (.gov)",https://news.google.com/rss/articles/CBMiY0FVX3lxTE94Y0F4RDd6ekhGa21FbW55M0R1cWx4TlhZbE1CbTlQOUI0X2ZIY2FqOFdGOWFpUkdKMFNkbC1WTUcxeDMzT1VNeVJqTk4xQlE1QjVVTTd1WS1fM3BSN1RBam9UWQ?oc=5,"Wellesley, MA (.gov)",2026-07-29,neutral
MBTA,This 10-year-old MBTA superfan is sharing his passion with the world - WGBH,https://news.google.com/rss/articles/CBMisAFBVV95cUxPa2hBbGFCYlY0ZGVIMllaaU1FSTFJM1F5U29ydEFDTmtEaFBYZjRNNVd5SUE1WkdjS1FqTWdmcnNLSzFxbzZ1NUNhNG1Hc2xUTlF6ZlJIOERYZDdPNWZ5THBTMW1KUjBqUHJsVFlGQmdScTZHWlhpWm5CVzdULTJlMGVqTllULWpYeE5yVVJFcHp4emVwaHRBQTJyWVRpR0ZBN2tBUmRtLUNMVlZROVp5ZQ?oc=5,WGBH,2026-07-29,positive
MBTA,Downed overhead wire causes fire near Orient Heights MBTA Station - WHDH,https://news.google.com/rss/articles/CBMikgFBVV95cUxNNUZlZU1UMURnLXdYM25KTWpoYzV5UU5PdkRXa2luY0xzWWN0OHR3NnoxMUxCLS1yb28xeHZXU0NJMGlQTG5SQkhHdzRlOU9YREZ3cXQ3OHJxbFRiVW9PTHRBM2dDVzhKQ29IQUNIaHpnbFZ6a21LVVdnaVFTeldLUW1sSDU5QVlibDhkRGEyOUxEdw?oc=5,WHDH,2026-07-29,negative
MBTA,"'We Had Trains On Fire': Gov. Healey Touts MBTA Repairs, Extends Some Summer Discounts - Patch",https://news.google.com/rss/articles/CBMirwFBVV95cUxOeC0wMS16MmFtNndCa05qNHk1NjM5MjZXcWlhZFVFVkYtZ0Z5RzJ1bnJPS1ZwNFdWZWs0U1ljbmVyU21oa1NLaUkzMlB5bWdSZ2hJMXB1OEFEUVlIbHhNbm1rQ21zTFVYVUlDN0xvVEozZ3NiamhRZWI4ZUxubTFGYUVhN21RdDZCcWpiNlJxN3BtVDhqOFBrdzhZbXlhZXV2cGotTFV3WG1VOHVrblhF0gHSAUFVX3lxTE1jTmxfQzV3Y2kxOEphaDdBX2g3VmU3Yi15X3J0aWpBT2JyNXVBLUFReU5BenB3SzJnTkpsUFpDclpWSElKUFUwZWthLURzSXNHeG5yQm5ySkRwcy1JelVrTHBxOWthRHNjdDI0UTdNN1gyUVJRcFY4OEJYeUZWSUxkN3owXzZ4bzY3Ym0zRTczaERoMHVTenNJYmNBTEd6SXg0ZlRCWGhLQmhMNzhqX2tET2ZaMlBhX3J0TG0zLTlPeGxCVDNHT0FxUkFFLUF5cERpZw?oc=5,Patch,2026-07-29,negative
MBTA,MBTA touts new pilot programs to reduce rider costs - Gloucester Daily Times,https://news.google.com/rss/articles/CBMi4wFBVV95cUxQaWpvbzlyNU03aWhMYnhYR3hGOEVNVlFleWdzTjFXRnctODJVOHdpbk1lWXFBamR2d1VCQ3lTM0xwcnhDLWZiTkF3ZGxpWUZzWklFanFIVVN1UVFFNkptRi1YNWNoNG5aWFc5TjZKNVl1XzB6VHNiNDRiUjhoVGwxZGpQTzhvYUQ5SnhRRjdPNnpJRk5GSGs0M0RidzFQTXgzd0VJbHZJdHhQZVIwbFRydDQ3MkVLWXA3OEJ1Q250XzRDTGtsczNQV3VQdHhWT0ZoUEVwS1JkRHAyMVV2TTVxUkdENA?oc=5,Gloucester Daily Times,2026-07-29,neutral
MBTA,New MBTA affordability initiatives being announced - NBC Boston,https://news.google.com/rss/articles/CBMirgFBVV95cUxNYXRkT21iMDJHUDNEbm9UT0lJZkNwRzNwNVNJU3BfMGp3bzZoeXljdjhnLTdWbWtTS1VfX0VITEtVU0UzQ2tSQzV2UDRvRUVvTGk5UTVqc25fRDdCWUdSR0Q0UVU2ZUlEMWNrZllEU3FQbFdNU0dVbHZkNVpyZmEwb2ZiWnVGNUpXaHBMQUVjOUc0OWR6Uy1lOTl0OElwRWNyN1I2N3lzaGZJdVdPb3fSAbYBQVVfeXFMUE9mUWVBNkZGWGQ1T3NMNjJTTU1GTk95alN4R0pPRVhCR0s4RFVyY2hrME9nYl9KcmN6SjNxT2VsWmd3VkdwbkVMVnNMUkVxeWtzazBua1ItYTlWU0pwU0ZPZVFuMzFHR1VoRlRCTGFvSHBVQUswXzNFczNKa3ViR2xVMzNzMlVNeW5IREhhX0cxclZDQU12LTBuS3BURWw5QUpDX2t1Vzd6NWJxVVNQNmJJckRuYlE?oc=5,NBC Boston,2026-07-29,neutral
MBTA,MBTA Seeking Public Input On Proposed Medford Bus Route Changes - Patch,https://news.google.com/rss/articles/CBMiogFBVV95cUxQNmlPVVRNb2lOcnlGanNUQThJNGdXYlM5YlFZSExZUHAyenNMb0ljeHV5ZkI3MmFBZ1NKNDFpQW1ITzljemtWLWI3Q3BfZmZueHA1NlRmVzRpZHVlOTFOb1JCV0UtMWNuX3RHQlJVTE5zUDNtWGx6d1Y3VTRpUks0bFgyd0J3d3JiaC0tM0VpdUw3LW9nVVFSSDVWNzZYYmY3ZGfSAbcBQVVfeXFMTWxsdUJEaDhUMGhpaV9rcG4xdnQyTVJZWlUwYm12Q2hzS3pSMWhLSjhTWTNCSWVtdkpQb0E4ZGF6b3JOUTFnd095R18tS21CX09VMjhMZEJ5ZzR2bmJSd0VCNllKOUw1Rlk2Rk9xTC1yV0JyczVQUGJCNmN4TFBSb3ZNTFhqaTktRG5CSTFCY3V5SmtTdlNydVBXTTg4dUN4Y0Z5T296QTRtVk1zQ0VjbzY0V3B3dU1B?oc=5,Patch,2026-07-29,neutral
MBTA,"Mass. launches MBTA pilot programs with unlimited transfers, free rides for seniors - Yahoo",https://news.google.com/rss/articles/CBMikAFBVV95cUxNSlNZREpkelg3Zi16LUwtWmxaYTJNbVNJNVZabnhzTGhrQVpZNU1QT2d6RzViaFYwOTBNUHVzbkpHYUxoUVo2cjA5d3laclNPZXNQeS1MYi0wUnl2U29DQVNVTHB0WVlDbXBLSjVuSnVHZkp6V0QzMGprbFNacWNRU0djd3F6cTI2UTA3ZTNtUDQ?oc=5,Yahoo,2026-07-29,positive
MBTA,Mass. announces 3 pilots to cut T fares and extends summer discounts - Axios,https://news.google.com/rss/articles/CBMilgFBVV95cUxQeWJqclpRbHVIOWpudFdRbDZCa1h0VFhLMmRsS04yNHdtcExFYWlQSFU5eFVST2pXZHRKRURrWnExNHp0VG5lRHluWkMxeFZua0tuOERKVGdBb09uUnd0SllWdUZfYzc0c2VJVEtLa1BxQWhUVnV5Z2Q5YlEzU2ZkdlhjdmwyRFNJUUl0YlMzZ3dGeG15Y3c?oc=5,Axios,2026-07-29,negative
MBTA,"MBTA to launch new pilot programs, reduce some fares - Yahoo",https://news.google.com/rss/articles/CBMikAFBVV95cUxOSTVnMFI0ZXBJMVluTUdGYzQzdWd0bXZfa282ZHFacjAxZ0wyS1VYVW9xdnI2ekJibEFIeG5QM3hub3BkNU1HaFJ6bzhEdmphNG96Mm9rUnpveS1ucEcwOXhQeTRtVUtvdWtFdGp4UTJobjROSTFwX1lWeVhhTlVhcVQzd3Z5UUFSUUxLU0cxMnY?oc=5,Yahoo,2026-07-29,neutral
MBTA,MBTA to Receive $530 Million to Improve Safe and Affordable Services - aptapassengertransport.com,https://news.google.com/rss/articles/CBMipgFBVV95cUxOMWp3czMzUmdfcDlEdWU2dTA2a215T0lmZ0p2bzlGX25RUHNUbVlqYUxpcmtQSnpJbEVsN3VpSTlDZ3FjNkZpNmdFcmZ4Qk1XRHRfQ3V3VHBhNXhIT2dYQ2NYMEd1emQzYXN3bDkyZkNNbGFLLUxvanVvU0lUT2lpbEtqUWZLTlc0MXdaSXV5R2tBOFZjV1JsMnB5VGhTa0FsZFBEdmtn?oc=5,aptapassengertransport.com,2026-07-29,positive
MBTA,Makai King makes TikTok and Instagram videos about the MBTA - WGBH,https://news.google.com/rss/articles/CBMiekFVX3lxTE9OYkFkTGd2aGxlSUE0N0tGSVBZMy0xY05Id291NXpjbEJpXzFFMnRSaHU3SWJ5MERONGVkYUN5RmZaaUg3ZEtoWGQzVEJzOTRYNUt5djViUDRvMHRoWVUwTFNNdXd6SmtSNWhOdkY3czZkMy0tMU5yVkxB?oc=5,WGBH,2026-07-29,neutral
MBTA,MBTA Train Tickets to BTS Shows Sell Out in Minutes as App Crashes - Boston's ROCK 92.9,https://news.google.com/rss/articles/CBMipgFBVV95cUxNMUd5ZTduakJLNnhvaWlyU3BYR3I3blBXNi04SHFPdHFYcDMzcURlQnh4VHpzcnZoYndTTzE0SXo1YVBQd2FDVnFQNVB0MHByck9qYnFCZ09oUWdyMVE5WG9uRGlReVJvRHBMdzh3czZucXlVY2lhVW43MzlzUFY5M0dpbVZDQng2S3B1Uy1PMmpnVWtDNHpZVkR6aFB2WE9yYWdHTVd3?oc=5,Boston's ROCK 92.9,2026-07-29,neutral
MBTA,"Rail News - MBTA receives $530M for operations, infrastructure projects. For Railroad Career Professionals - Progressive Railroading",https://news.google.com/rss/articles/CBMiwAFBVV95cUxOMmFiWVRUUzFRMEYxZUpNMDFoQS14aWVuN1BJbVJvUl9yQjBoV2p3eklqb3g2RVZUSVVEODg2bXJ0Y3MyRmtpc3RHTUo2bjh5cDNiRlNjTHNVczNxcDIxQ0loTHdMZnRwUVFNWXd0WU5GYXM2dWttZTVrVWotUXBTSk9pNDhLRlA3dlhlWURYV21DVzVnbE1uNUk4TlFhX3JzSGoxR0xwZ2pKSlN4UC1HeVRGc0hucmx4RTJFM3dNY04?oc=5,Progressive Railroading,2026-07-29,neutral
MBTA,"MBTA to receive $530M in Fair Share funding, including $450M to cover operating budget shortfalls - Transportation Today",https://news.google.com/rss/articles/CBMi2gFBVV95cUxQWWprV3lGU1VtV0NNdlg4bWI0bjA3UXVMWHhSNHZYcDN4ME54TVpwRWs3NzRsdjA2TzMxcG5OUTRkNERsdmRMZk5Eb0VTY09lZU9CNTg4Rjhoci0tb2IwT1d3YnpyWHptVS1GNWNibktjcHVJTy10ZDNhY2JRSWRpOWtqVVJuYjhCQ3ZwLWFxSTVmdkh2dGVxajBLR1Mta2FKdVlvTkRna1ZZS0NncXRVcnd0bTB6ZG9VcklYVkdwWERhckFpbDV3ME5YeXB3SzdWYmNPX19FZTlmZw?oc=5,Transportation Today,2026-07-29,positive
MBTA,Man dies from injuries after incident near downtown Boston MBTA station - Boston 25 News,https://news.google.com/rss/articles/CBMi3wFBVV95cUxNaE00cVJnaDJ0S3ZWYWdfOTE1WnhJTk52NUo5Tkxrcy1BaVp1YmZTa2t0a3NVT1JaYlJRNTBOVWVBWk1wVUpFTXNGYjM3ZHZhXzRSWnJGUzJWdHNHbE5VcUpmVE01c2tNVEpWRXNCMHRRY0lOeHA4MlpNY0p2enBVUDV3SzlWRWFtOE9LY2JTYWUyTl9BclRaNVJwUGxfT0Y2QzlITjVBY09wSldvanJRcnRsVTl2akRQMTRHNjdsN2YzTURuYzZRclFsWHZFQVRUeldueWg0RUNJbmN1WjVV0gHzAUFVX3lxTE1hVTFHZFMya3hMY2J3VVdsX2VrV1AzZzRZLWE2QXczcC00Zk9SQTNDTTBhYmJaMVRFME5QSjZBN1l5TDU5UUhtVXNNXzNzNkVJUUd4bVB6RHYyYjZnUW1SUDlOSVU4TzJ5TnZSYVh1M1pOVm9YQksydEgyYTZxejk1djF4elR3Y0piY1YtOExSc085QjhqYzladjRTNDVCQjhMaXNKR1dCY21jd1dITmV2Snk3Smh4Ykh6c2pGQTAxdGNIanhYeGkzRmUxU2VqeFNLVUFsMW9UN0RISXFWT3BxM1B1c3lVYXJHb2dLaC1kZW9KSQ?oc=5,Boston 25 News,2026-07-29,neutral
MBTA,"Police ID suspect accused in Boston Common murder, separate assault - WCVB",https://news.google.com/rss/articles/CBMipAFBVV95cUxNX24ybG05ekJZRE85NlRUbV9MU0h3WFFUeUlHaUthWjdaQ1JldzAwMzF3RXIyX1c3RVltRTZmcEtQQm9SZnZJa1o4NGxlblJhdHhoTHVUd2dhUWt1N1A2Y2NYdjVPTkY5MDd1VEJpLVlNdGpoVHB5STlSRzROLUlBUDlRMW9uaDljS1BSMFlKOGJIbWswd0lNRWt3RjMxczVSUjBubA?oc=5,WCVB,2026-07-29,negative
MBTA,What happened on this Boston subway train had riders cheering - Wicked Local,https://news.google.com/rss/articles/CBMi_AFBVV95cUxPRVVKUXRCbEdQd1dCdFh1VnFzM2x1WVRPTVgtTDJpdjJEM3phbHFoQ3ZRdlZURnFRbktfXzRqNThUSjBHb1ZZY05Id0NLRjFMLXNUZFBYR1dCTWV6d3J2QzltMnE5VDVwbU5IYjRIMkJPY1RoYno1bG14NU5aVk5CLTZPajVscVhIZHFaVDRuRVhGLW9kdTlYWUx6TV9sSHFzOHMzcGQtQnZOTzVlTzlITUgwazVHbUxwbG9ZZFVTbEFHYUF5bVdxU3Brclp5cVRnQ1dnQ1YtUU8zRk5EVDUwZk8ybUk2WHA4RUlkNWhNZW9BZGVTWXV0UERZY20?oc=5,Wicked Local,2026-07-29,neutral
MBTA,The Red Line Is Taking Summer Break July 21-30 - Streetsblog Massachusetts,https://news.google.com/rss/articles/CBMijwFBVV95cUxNYkN4Y0FrR0NvYW9ZREJMbUxJVnlGcVd5b3RRZzNCRjBLbEFtY2ZjOGF0UEFKNlhrbEFSVWNXOHIwUUVBOE9hY3Vqd2N0ZjE2bTFCUEhiM0xDVmxEMUZjQ0xQbzY4UGlBTnhtdFlDaVhXSFh6eEFLX283bHFqNGZaOS02NGdEUm5ES0hrNk5xZw?oc=5,Streetsblog Massachusetts,2026-07-29,neutral
MTA,MTA already blew overtime budget by $176M — as 1K workers raked in more from extra pay than base salaries - New York Post,https://news.google.com/rss/articles/CBMiqgFBVV95cUxNaFFIX1FmTW44YjhqRlhFNHl1dW9KeDVPQUdhNEFwRnlaQ21PYWVucDJkalE4VmlvRWpxR18zbmV0SHV3a0JjRWxaRGVFY1RtWjU4aFRnWURrdEhMRW9saTNtM01DMzRoaWdKTjNJLXo3X2hWaGx3aE5GRU50X2tET29PRU9YUE9hU1VCcUstMGV4LXVKWXRpbDU4eEdiME0tSWxSTzJMTTN1QQ?oc=5,New York Post,2026-07-29,negative
MTA,"An M.T.A. Project Is Under Budget and Finished Early. No, Really. - The New York Times",https://news.google.com/rss/articles/CBMifEFVX3lxTFBvcG92aDNJdzRVVG9od2MtcTBIMnE3Zldwb1hMMXY2U2praG5kdEtlMlY3eU5jc0dkVGRXNWZ1UVdPcWVGa1F6SmZGclh5eURuT19nOXFzNXVyTVpraTBESGZCVHFaRFBFRWpWZ3VocUdhWXZ6a3ZoWnhNalU?oc=5,The New York Times,2026-07-29,neutral
MTA,MTA Administrator Holly Arnold stepping down after 5 years leading agency - The Baltimore Banner,https://news.google.com/rss/articles/CBMipgFBVV95cUxObzFxU3ZLNXlucW5OakUwalAwTEZfNzVocFkzM3dEZ3pVcTItSWVzYk5WVGhxY09fVjZ1VkpLT2wwWHh3QmwzOVZ1SzVJbUppbkJwckFhR2NyZHRkYzBxLXAzaFBLY2Vta2hCRElDME9yNWNwUGpSYUZVckxqaWNzZTNkNWVldm0yWm41ZXYwRjdGT3Izbi1FYkZVdVVIU1B4N3VGNzFB?oc=5,The Baltimore Banner,2026-07-29,neutral
MTA,"OMNY processing issue resolved, says MTA - PIX11",https://news.google.com/rss/articles/CBMif0FVX3lxTE82Y1Y0VjBjYkNZT3VaTEt5ZTNDdHVtZ2otN0ZlVTVQNzYxXzNtLTlMcDBDRURzakpPdUQzd0NRclZMRzh3eVJvM1dVbjNNVlFYZ3dMUG55ZnV0TzlMYm1KOHhOcThKeTZIeENkZDh4OU1SREZjbXp6NC1DLThtc1XSAYQBQVVfeXFMTk9yTWZEalE1c1RFUDF2dmVpTkZSbUFTUmtSNDlUME1XTHNSODA0XzFRanVnRWQ0T0gyLVJxZVBLMFh5enpvMkkzVjUyQmhiWVFkTVdUaWVqVzdueDY0QWphWnFXSm9Lc2U3dDJETTVUajI2bEdmMFoxeVR3X0R3ZGhpb2c2?oc=5,PIX11,2026-07-29,neutral
MTA,Major Metro-North Connector Rebuilt 5 Years Early Thanks to Prefab Pieces - The City Reporter,https://news.google.com/rss/articles/CBMikAFBVV95cUxOanlmRVdMQktkR3BKTndFaGtMSnEtV3hFVXg1UmtkdnQteUJLZTU5OTZJQzd4LWNwM2lwdTV1LVhDSDdlOU5DWEVhSlZBSU9JcWc1a2ozTl9EYUJnWlFKSkl0ajZocXBOYTRwdFppZzlvaEYyUFB1VkhWNmVsUzNBWDk1bUlzRGdfOE1XUzJ0T0Q?oc=5,The City Reporter,2026-07-29,positive
MTA,Battery Drain: MTA Trims New Flyer Electric Bus Order Amid Tech Growing Pains - Streetsblog New York City,https://news.google.com/rss/articles/CBMiswFBVV95cUxQYjJiS1NIYVN4TFhkblZwSFd2bkcwc1RONmZCVEkzTU1yWGNPVmNZS091Z3Y4eHFuU2tQUjBiSDFxb0k5WXRfbXBObkVzNHRDZ05QQldlLXFZQ1JfeTVMa0JCX29adVlZaUJTOFNKR3pmYnRNNDNyYlJaMUpSMzdCcF80eFBUSHhqREZid1M0Y2E1NWljNVoxcVNDMWxwODFmQ3JwN1l5d3Fkc0x4d2JwQ0RWdw?oc=5,Streetsblog New York City,2026-07-29,negative
MTA,"This is NYC's highest-rated subway line, according to the MTA—and we’re honestly very surprised - Time Out Worldwide",https://news.google.com/rss/articles/CBMizAFBVV95cUxOV292TVphM3VYWHdYSkV6RkYzUzNjRXRtSFAzV09qV2pwenE0MmZwM3RwVmdBQWNwZjd5Zk5Ed2dKWXpUNXd1aWtOWFd5TnV6Q2JBN3Qydi0zcDIwWkR5QU0tV2R1T2t6QTFqWkVZVUVVYnFTVlc1VlAtVjk4UXF6eFdrNjdfc2tlZXJDM0ZvOTBfZ3F2RVJSd2puX3FTUlljbUg2ekM4WjZtVXVOUXZ4QTJXNEs3cTktZURSUWUyN2RoRUxZQ25TQzZJNmo?oc=5,Time Out Worldwide,2026-07-29,positive
MTA,"MTA plans to fix Brooklyn's worst subway bottlenecks, IDs 70 congested spots in system - Gothamist",https://news.google.com/rss/articles/CBMisAFBVV95cUxNOHpGWDhNT2VDM2ZnWUl0NU5oWTV0TjRnRy1VeXV0M3dHYzlSLVZnemRvTGJ6UWRJRFRVVzZhZTZES3MzaWRVdkJWekN3M2JoalBYclctRVNwT3oxQVBscmgybXhYUEJiVDlLNl9nM3B2YW1kaVhJMEg0X3Jwb1pCQ2h6RVZqZUZIaWozREI1STNmTzE3S3FDcDVpT0JEcVh4UkVMUnhiNnNlQ1VVSWp3SQ?oc=5,Gothamist,2026-07-29,negative
MTA,"Six months later, F and M train swap on weekdays is ‘improving commutes’: MTA - amNewYork",https://news.google.com/rss/articles/CBMifkFVX3lxTE1pclRvLXFvbkJRWkZFaWdsMnNrX0plZ2RRd2pJYnJPT0xuUkJuRWRKVVBLWVNqczI2R2tLOUtjQmdPc1FHZlJaWE9sejIwV0tBZm5Nck56MHZHM2VlSzgxZVJCWGxFVld5S0J1ZTNDbUdaQWY2bWZqbXlVbGgxUQ?oc=5,amNewYork,2026-07-29,neutral
MTA,Built in Brooklyn: Inside the hidden MTA shop that created the Knicks' parade icon - News12 | Brooklyn,https://news.google.com/rss/articles/CBMirAFBVV95cUxOOXl1VGFDOGhBbnYxcW5GaTFRSUpTdmVkSG54NGxqTnpRc3NPd0tPanJxd3llTzJnQ1pNQkZfRGFaWldfd1FoaVM2WUpUSlBtS0UtYjExaS1NQ2VNYWdqSXJiZHZ0TmI1d0dUS0RGd2xmNVQ4eDBfUE53cENFMzN1Rmh3OGhFTlBMM3pkdVJlY2llSVNjNG5xVHlKa3RucXFOUDVKTEtXWGx2Q0Fa?oc=5,News12 | Brooklyn,2026-07-29,positive
MTA,"MTA administrator to resign in September, Moore officials say - Maryland Daily Record",https://news.google.com/rss/articles/CBMiggFBVV95cUxPTWRVbGVGZ2E1M1BMWVVGUC0tSUl0aHp2UGJySDFSaGpXZkR6bGx0QnhHMGtyRmg1dXk4MzE3RWRYam9qMWllOENNUGhzMFY1eVBZR2RmN184TDJJaGdNMkg1Z2hBXy1JeXBLelB0aEJEaVBkZHZrbEVNd1FGMnJsRWxn?oc=5,Maryland Daily Record,2026-07-29,negative
MTA,The MTA bus routes that slowed down after cameras began ticketing double-parked drivers - Gothamist,https://news.google.com/rss/articles/CBMitAFBVV95cUxQSTctdXhqc2Y3MF8tWW5yTEFoX0hPZEhRdW9lOWJzaTVubTVUYXNOOTIzRmhMN1ZqT3BUSzdhcmhjdUx4WThPZG45YlgydEZGUEdkNDlzVVNJcU0za1VxRGVXZi1XY2NoM2Nxek41UHFfeUZ5bll3Ymh2c3BjZFVucFp2alpIRk9tQW1Ic193V0p1UUs3bXc5ZnFrM0hRX05TQ1ZSUGk3dEcyZVhDTDRxVEtPWGM?oc=5,Gothamist,2026-07-29,neutral
MTA,MTA's Park Avenue Viaduct Structural Replacement Work Completed 60 Months Ahead of Schedule - Railway Track and Structures,https://news.google.com/rss/articles/CBMizgFBVV95cUxQTGw5RnVUd29tZFpWbFFIVTN6dDdCc1BsUmhtV084bGI2UkVzZnZLTzJPZm5qV0x5ZnUwSDNra0o4Q2hoVE96eHpfeU92eHc4OVdaTW5Kb21nZlRHcnc5NHhYYVV4dGtEaXA1QVZLaFRPejh4OGpZbVNwTExDc1gzYmU0anVNN1hycTd3LWdGQ2wzWkZ1Qjdoa3p4eTA2bnpiUEUxRVdIT1poNU9id3ZfWjRIRXh0ZlNsai1JbkQ5NGEwY2M1MTViRU8ydW5wQQ?oc=5,Railway Track and Structures,2026-07-29,neutral
MTA,MTA Administrator steps down after five years - WMAR 2 News Baltimore,https://news.google.com/rss/articles/CBMinwFBVV95cUxQZW56WjczNU5VODk0QTJzZ3gzbHAyRktmWDctMThFRU1tWjk4VFZ6eE9xYjFDM1FtUHhqMW55eGtiRFRWUy1SRUE1aWpVUm5EejVIcmxILXA0OWlXWGJidjdOdXBkLTFURllKd01pTjMtRUE1LXFJU1ZqYTI0Q1FaR01mQVZ1MW51SlV3b2RxUnQ3QThIN3hHTGdsTW1RaGc?oc=5,WMAR 2 News Baltimore,2026-07-29,neutral
MTA,"As Mamdani seeks free buses, New Yorkers are skipping the fare - Crain's New York Business",https://news.google.com/rss/articles/CBMikgFBVV95cUxONnlmMW9wRXk3a1d6TV9FckVsSzBCM0E0Qk1PN0lXWklxY24tVy1BVktLRzRwcUNfanltTHlPeGc1YWZXeFIzSkdwdEhQQW9SNlRKNmt0SFEwOER2Wm5ib2RLbmNXZmJpd2hBd1FGQzVZWHBDUzk4bVNQcHYyRFNfTmJ5c2p0anFwT1JMTjJVR0JoQQ?oc=5,Crain's New York Business,2026-07-29,positive
MTA,"Metalla Royalty & Streaming Ltd. SEC Filing (Jul 29, 2026) - Stock Titan",https://news.google.com/rss/articles/CBMirAFBVV95cUxOM0w1dUZ4S2gxNnNqVU5HNXQzaERpdHhiZlFJVWpxYUZ5blByNE9FODFrZTFFTGtydGlGeHUzZE03dkZaaWVTNFRtb18ybURqWk4wdE9tUS16VTFvakVxN3dFNkJKUHNSNTZaa29UOVgyaGY3eWgyaWlIM1ZtWU1McDJvRGxHXzRYQ1NMdGhuX2plTWx1SW1kMndCRFBqU1hTbHlJWXRaWjlRaGdx?oc=5,Stock Titan,2026-07-29,neutral
MTA,MTA Administrator Holly Arnold to resign after leading administration the last 5 years - WBAL News Radio,https://news.google.com/rss/articles/CBMisAFBVV95cUxPSF9reDVmelFHS2haYWZOazBFRzEyRFBPdXRybm5LMnZuUkY2ZVRyWDF4YkVTNEhLNlROZzhObkhWS092b3Q4Vmxyd1FsM21Zbmt5VzEzakYzZkMzakpXT2pnUlVTR25JOTlMQjdMY3JrS3hHZll0VnhZNzh4ckxiMHc0ZzhuVFRLUV9yMWt1S1hNcWVvMmZCZ2xKbGhEOGc3QnFoSGlKQW5kazBob19CVQ?oc=5,WBAL News Radio,2026-07-29,negative
MTA,Mta Survey Shows Most Riders Are Satisfied With Service - News12 | Bronx,https://news.google.com/rss/articles/CBMihwFBVV95cUxObk9SX2Z6b1RQbTVPSmNPZzhzeVpKR25EWVlwakk2cWhuVzRSNDlfLUFiXzdKXzZnWUdLZnFvXzlyVGc0RUZfeGlvX1FyRUd2eDVyNTQ5OG1weU9rcXcybXVjTUw3Z25SZmJLRzJ0MGpFNFY0Y2dFY0YzUzNxalpRODBiOXhEdTQ?oc=5,News12 | Bronx,2026-07-29,positive
MTA,MTA completes Park Avenue Viaduct replacement 60 months early - 6sqft,https://news.google.com/rss/articles/CBMijAFBVV95cUxPMzVPWGpuSkpuTjNPY3JqNTBySkhrZnlxMHF3Q2ZqNktlOFRsYVRIc3RGZWpoUXNneEdPdlBwelprR3JKems3SE5kR2hpSzNKMllGSzBnR3BtdV9YZFhMMDJGaWJlOThKQ3h5UXp1QnNmYVR2NjVYVER6eUY4NWJKb1R3M2ZNdzkzZmRQeg?oc=5,6sqft,2026-07-29,neutral
MTA,"MTA service changes starting this weekend will affect subway, LIRR riders. Here's what to know. - CBS News",https://news.google.com/rss/articles/CBMieEFVX3lxTFBQcnllTjZVVVFRNExQZHp6a1VkT2NCVEVSbG01MzhHZjNtQTllYUhCUFJLNHRnbm1HN0ZLX0ctOWFNaWo0bVBCRlpPX3ZsVjNhNFdDY0lzZmxjc3dtbFFaeU81aERkbTFSQkpPZVdFRmJSTS1faFVwSQ?oc=5,CBS News,2026-07-29,neutral
MTA,"IDEAYA Biosciences Announces IDE892, a Potential Best-in-Class MTA-Cooperative PRMT5 Inhibitor, Initiates Part 2 Monotherapy Expansion in the Phase 1/2 Study in MTAP-Deleted Pancreatic and Lung Cancers - PR Newswire",https://news.google.com/rss/articles/CBMi7wJBVV95cUxNOHl2eXBkRG1lZkxHTmMtWWJ1dWtuNmhKVXZvRzlQODd0WWhxWFB4d3lGdlp3QkFURGJ0czZsV0FPZ0VGWTFqbTluYUNWYl9zWWZkdzZtaGJpckZIblRnX1NsZnhabzNXTUFuNm00UDZmRFNlOWZJSTdtVlJTcDdCTVp1R0pTaVZFYldvTDZCNk9GSTV3MUtHUlp5RFNxbXdFcmZzSEtkUXlDMVljdGdXZW9XOEZsQVlNc1VYQUtGMGhkVmJGejVYMDJhRUI0Rkl2dEg3NWJ5TFVEZ0s1Ri1xQThpNDNBa05lMEM4RW5QNmZIRkZhQWhUVnN5am5IWThEZ2Naa21MTS1NajNaTWJrN2J4SVNfeE1uaTZEVXhpOVlfSHJBQ0F3MHhPOFJpMWFzeTdTalAwZ2V0ZDVSaU9pSkNHNzN0UzM0RnhhWHpMSzhUZ2ZWYTlfV3BLSEEyQWtTWDV0ellkbjFFc3lQeVBr?oc=5,PR Newswire,2026-07-29,negative
MTA,"MTA weekend service changes to disrupt 1, 2 and 3 trains in Lower Manhattan through Aug. 24 - ABC7 New York",https://news.google.com/rss/articles/CBMiqAFBVV95cUxNVnpUd0RvenhnYl8xVTNKclk1R3U2aFl2UFJiWDVNSENrQm9HQWdHaGlWLU5NYTBCZnhQSnIyR0FFdzVPemIycENheVR0YTdUdnk3ckY5QXBINzVvazNuTXFETTRkeFQwWk13TXhsMlN6Y0NxLXhkanV2bjVfd1ZFWTRIVEdkR2p5SEFrdFphdnNHS3JOZUxwV3pmcGwwYVJxRVFtNDVOb0TSAa4BQVVfeXFMTVBWZ1Bnb2pEMmUtcEVYZ2F0SGpmUVIzeTd4MnJ5dWdkQzdCZnJ1Z3BrS0pIZGxTY3ZUMDlsZ3pCdkJmN0g4WjU3NjNKS3ZUdE1PcXB1UWV3UHN1NGNyTzYwXzRtSjhDbGVFU0FvWGU1VFNFZXR0Sk9LRzZrMDVuZF95bU04T1ZZb1VlTXluWUdGcjVzVTJ6MHZ2R3ZCaXBIaDlmVFc2RHlEak0ydjZB?oc=5,ABC7 New York,2026-07-29,negative
MTA,Baltimore police investigating MTA bus stabbing in Carrollton Ridge - WBAL News Radio,https://news.google.com/rss/articles/CBMikgFBVV95cUxQazAzVWp5OFh4czNnMVBQblk1UVlkX3NicjcxMVoxMU9pLXBnY2Q1MUNUSWxGdFhXN3M4TjY0ejByckp5eTB4cDBDRFZEenFsMmV1NkxZeWMxT3pyLV9CbTZVVE1oZFZ0LWxabm1MX0l2NUM2SmIwUi1oNHV3Mkx1Nkx2MmhfTngyVVFIakFrRnhhdw?oc=5,WBAL News Radio,2026-07-29,neutral
MTA,Rail News - MTA completes Park Avenue Viaduct structural work ahead of schedule. For Railroad Career Professionals - Progressive Railroading,https://news.google.com/rss/articles/CBMivwFBVV95cUxNdVhCY1hGSFhybmxIT2lwYlZxd3BVbTdBcFphWmJjbmVkOU1yeklkbkRHeVBRYTdhQlFuZDJBVm90cTlVZ3JySmRUUzg2dktvZjI2VHZTalhmOEFpVzVJYXAyU0NjZGtOeTRkbnV6Q1F0Z3UwZGIzeUgyNHhIa1MtQUlGX2ZzMW90MURnTUQzVDRoRHZpeUttbm1fQzJwUE1VTm8zRVNvODRET2VkVmhhSF9jLU1RcEtLZUdjZXhMRQ?oc=5,Progressive Railroading,2026-07-29,neutral
MTA,Deadly motorcycle crash involving MTA Mobility vehicle in Glen Burnie under investigation - WBFF,https://news.google.com/rss/articles/CBMijgFBVV95cUxOS21PMDFzOUhERWNzZDVmNDF3bm5GekU3VXNZOWRfOWYtcm1INDhyQWQ4eFdUY1hscGk5elBCakRPWjVXOS1MSkhYUFZZU2pYSTA1Yk9hS1ZXTG5QSEYwaWxYUmx2NzMxZXJLWGtSMW1NVEdSclBfSXRZZWUzQkFSR0oyOEtEc0tTQWF0Z1VR?oc=5,WBFF,2026-07-29,negative
MTA,LDLC ASVEL Villeurbanne vs Maccabi Rapyd Tel Aviv 2026-09-24 18:45 - Euroleague Basketball,https://news.google.com/rss/articles/CBMixAFBVV95cUxPZW1GQUF4aVdwQVU3bGx0UjdhVVQ0N3NWMm4yRzZYU3U0TGw3d1Z6eURyQWlqcWY4dko1YmhBRUJCOFF0QVZWWHd0NFRPU2c0a1RPTTlrYWxZNFljd0ZscnFkZkxyWl92cXV5c3ZDQUlDckRWQ2lBY2hqZk8yWWtLLWlzaWdFX3RsZmY1VG1FVWJrdWh6UlBvWDRKWDlkOU12T2ItOUppT1MzdVV2OGdicURvRFpENTJSb25WMDBUQVM1WmlO?oc=5,Euroleague Basketball,2026-07-29,neutral
MTA,Commuters care more about reliability than safety on the subway: MTA survey finds - PIX11,https://news.google.com/rss/articles/CBMikgFBVV95cUxNQWlpMmViYXZXckk3ZVRJVld3Q0RGRUhyaU5tal9wcjRpOUpyQlNld19YMnVHQkg0ZGRmanRHZkx0eGEwV3U2azR3cndwLU1qS2s3djZnMWtQdEpRbWxqclNHUjdaOU5NVXRoY1QxRTZGS3o2cDJlODNvTS1yN1JwVXppZ291QVVkRk9kOW10VTBuZ9IBlwFBVV95cUxOU28wbHdjd2ZBVmF1MDNoNFd4eUpyTmIwZTZqcUI1SGR6cGQ5OUxtNHFkSE9CT2dDdXJOdlBHWFZCNlVIaTZzRWh4bmFKdXZhUTBoWjdJTDRqODFNcGVmbTZIXzZJQzIwNXU4LXBvaE9TZU9ncW0zbDdRNmR1emRXeHpwVDB0ZUV3NW01M3hKTDVpNjFvTDVR?oc=5,PIX11,2026-07-29,positive
MTA,"MTA released satisfaction rankings for subway, bus lines. Here's where ones topped the list. - CBS News",https://news.google.com/rss/articles/CBMixgFBVV95cUxOdUR6TENIcVFJcktVLU9ESWlaZ1dCUTNjc2plbUlrQkJSa04wNlVYaTUwSVdEZTBWRFYzdDN2Y1pHWVJEbnhXZTJvWkFoWHRkMTdKaUQ5ZUx6LWR5R3VRVmtHQS1wOUJWcEtGZVpvQ2NfZFNNaWNxMlkzVVFJMUV4WUU5OXk1anhUWkx2c3BjREFMdFFzV1RBams2Zm5aWGkzbUxYeC1raHBTdjJ2cDBQX0hfR2twMDRPeEZwVXYzbWZ4aklBSHc?oc=5,CBS News,2026-07-29,positive
MTA,MTA customer survey results released: How did your subway line perform? - PIX11,https://news.google.com/rss/articles/CBMiowFBVV95cUxQaWpST19QVTY5RG5ob1c1Vy11VVFJelJfTGUtT2NPamNXYkgyUzR2VzMwZUs0YWZvMHBtVXhJSEJnRUZYS05YSURaQ045R3N3cmxhWTVlUGU3TFhsYWRfMDc0MHhSTGJjbkxYNmVxOEc5ZjFSRFp6eU5sdk9oeDJ5V3R1RC16REVEczQ0cDZwMlQtZ05ISTFNekZFUkowWnR6QmdV0gGoAUFVX3lxTFBGVUhhSFdYX2d4blRfa2hjbnAwTUFGcDBxazdtTy1FOTFia0prenpZSjNXMEUyTzlXTjFfRUN6Y0FsUThqZXJQRW1MYnJvODlhMEpublhoS3B5M1JybUlpVmloLWszc3FsS0pPZ05Bd1hFZ0ltOGVMcjQ5SXo5cGpTWlRvdFZ2ZGJmRHA1RTVRRWwyQ0lRcl9XcG5ucmUwQUNRd1pvZUd4dw?oc=5,PIX11,2026-07-29,neutral
MTA,MTA completes work on critical Metro-North corridor through Harlem - New York Daily News,https://news.google.com/rss/articles/CBMi1wFBVV95cUxQc3VCNk40V3pHTXlNSndOY2xZWmVLOFFtOTl6Sm5OYWRuR1lTMllFM3ZsZXloYkd5NFZib09QalZSWldYZldpSVdBSURod084QWN5WUJpaTFXZ1lBZ19SYXVSTklkTF9GUjVRbWxORE9Cbm9rZ0pvRk1oYnVWbWdWY2JfYThrYnQyNnczUHNvMHQ2ZUVWN1RyQUlqblpXcVRYU1JwVVNWTy1fN2hDWEF6SXk2TjFqMVBkenBnZWxPYm93TUJlQUxES0luSXBVb0xObzRiWjVNWQ?oc=5,New York Daily News,2026-07-29,negative
MTA,"Five years early, New York MTA completes structural replacement of Park Avenue Viaduct - trains.com",https://news.google.com/rss/articles/CBMi2AFBVV95cUxQcGhNcDJESmEyM2FzcDRaejJaaW1yVmlCek0zcF9RczRGX0hmUHgta2t6VXgxXzJLQmVtRWplU3VZcUJnZ0xrWlR3Z2xEQUJLNWFhOE5JQjlsdlRrRFk5eVJyX1JNeXQySnB4TmpUUFpZWklXNnFYU01CTnhKYWQwT1ZpbzZDc3gxMTdkak1mZkxRYzlWLTk1b0g1THN4N0NuTFdHS1FveXc4VEtMUXNnUldaVzRWZ1gxTjBaYkJYVk5QUVVTQXNZRGdtaWNxOHNBaTJ6ZFpuZkg?oc=5,trains.com,2026-07-29,neutral
MTA,Ask the MTA | Interborough Express updates and subway colors - amNewYork,https://news.google.com/rss/articles/CBMikgFBVV95cUxQajNhS3gxeFhpMUVHdnllRWxjaE8zNlBsQWhBU3k3NVlSaGJCNXpRdW00bmFmeDhXRU5MOGF6SjhFcG14aVpxNFhWUlROQ2tVeklCa0hmMk1HUmdSOG1oeGYyU2xValFBS3FNXzZ3MmFIWl9DM1FHb1cxcDNod0ZxVXVqeDU4WXBhTWVGWF9FcUZudw?oc=5,amNewYork,2026-07-29,neutral
MTA,"Plan ahead: MTA repairs to disrupt subway service on the 1, 2, 3 and 5 line - PIX11",https://news.google.com/rss/articles/CBMipgFBVV95cUxNcGh5SE4wN201RlhoSm1ncDBoQVN5bXQwdmgtZWdmcEJJdEkteHFQMFlINml3VDNZQ0RPNEE2Y01Mc0dqRU9rc3dnSUxETXNpWi1Cd2JoanRoWWl6UHU0eHNwYzhqOXc4cVZPaVoyTU53dE1CaVFDRS1OZEg2UDlXTHdCTU40LWVkcmdBdnhTQlFvOVhMbGwwNXRCSXFET0NIM1V4TnV30gGrAUFVX3lxTE9jTDVTeWRYSS02RHdGQldLeVYyT1Q0TFFqeDBfWDNYV1V4RDE0MHNxWHE0ZjUwMW1aaGJEX1RKMHdPT19ELXh5VW5iYTBySTRoX0FDdjAwTk5EQnpJUWE5T2ZpTWw5UGs5Ukt0dmw5UGp3TXlac3ZfUGRNaThBdmlQNWhjeEhNS3FiaUN4MkpPS1h0OWhOaDQ3SnNiS2VBdUplcWlBZmZXTFVKUQ?oc=5,PIX11,2026-07-29,neutral
MTA,"OMNY processing issue resolved, says MTA - Yahoo",https://news.google.com/rss/articles/CBMiiwFBVV95cUxOMUJod0J2RWRIZDVaX3VJbG1SRkIyUHl1T1V5Y1lvemxSbEIyc0JObWVSbGZuVGtFbGpiQzBhdlVuYVJlbGQxM3lHN1Z3dElGY1JVX2tsUm1qcVRScTFNUUppQ2ppM19ndGVNMGNZM1JNaDJLam5Wenl6OEFYa0R0Ym53TnNVbDJOWVEw?oc=5,Yahoo,2026-07-29,neutral
MTA,Mta Announces Major Weekend Service Changes Train Suspensions - News12 | Long Island,https://news.google.com/rss/articles/CBMiwwFBVV95cUxPY1NFWUdIRmpDRlloV0ZBSVpLakMzbUZvd1o4WlJHSWNqM05jWklOUnZRaS1XV0ZLcktjTGhnb3I0MHQ1RFhFeTdZQmFJajVHWXhwemxiMHgtamVNbmNYbzlkRHoxbWlXcTlIdkVqRWNHVnhFb0lFdW43dVBVTTFua3l2Mm9MeVRyX1RDZFZLbUVnSm0yZ1lzbjRsTVM1Umt5Q2d0TVdRSkUwY0dWLVRaa1ZCc3BGOFNqUHpuSFBnWW8yNGc?oc=5,News12 | Long Island,2026-07-29,neutral
MTA,State Senate Confirms Rockland Representative to the MTA - Rockland County Times Newspaper,https://news.google.com/rss/articles/CBMimgFBVV95cUxNSFdzdm1GTWdKd2lvb2hvXzhyQ0ZhdHlDUWFXNjJqNzlQeXRQWjFuYWtvZ3dFV2NPZEs3LWRmbHBsSTQxN09PNFltUTFyd0VXemxGczZGdmpKR3VzWGQ1cGF1ZEtvXzdQZkFrMHFRbi1GdUctRW9obnBQU093OTQ0M1RYeDlvdXBxVFlqbFUteDNadDNJNjFxRnhR?oc=5,Rockland County Times Newspaper,2026-07-29,neutral
MTA,MTA survey: Riders prioritize on-time service over safety - PIX11,https://news.google.com/rss/articles/CBMilAFBVV95cUxNbm5nYzFZek15UVdrUExBQ2NoV3ZlczhkSFBoaHBNbnhDS1U1bFFIUEYwY0hocDFaOTVLRGgxckJpZHNEWXVaZ3BEYWhRSXo0a3AwN1NmRm9aSmJITXMtM0hudjJwUVZ3a0s5clI3aEtCWlQ1RHBTUXM4Y3p5TUlXTElnZk95WFUxOFJhUG44cDhSSzRE?oc=5,PIX11,2026-07-29,positive
MTA,"LIRR Customer Satisfaction Declines, MTA Finds - Huntington Now",https://news.google.com/rss/articles/CBMifEFVX3lxTE0yTER6VkpwYWJZdlB2RmxLV3NRcGxSaEQ1Yy1oU0JvQ0VUbXl2dzNUUkRUQTlxRVZyZHFVLWQxM2dlNUQ2bER1cVBlQ0VpZlA3UkdJTkNhUGN4V3JEWTF1UWhwa0xJR1FSQkxCNEg1VnF6bWhaSkpqeTFvNE8?oc=5,Huntington Now,2026-07-29,positive
MTA,Metro-North Hudson Line weekend service to change: Things to know - PIX11,https://news.google.com/rss/articles/CBMioAFBVV95cUxQWTZPY2ZYSjFvbnJNTGxrT3poU0k3WHR0WkVUUnVkbjJXUUplZXlUTHF2N0phdEVIQTNQejB0ZXQxM0g3SXN4MEhtclppbzBqSXgxNExOOXRiZWdhNE5pLVNRTVdPN1lOUGVldjJWOFNqZzZZbWhLWFpQQnNKNkR0TE1TbGJJUGw1Ym5HY0tXYVQwOFMtZjRhcjVyYVM4OEVl0gGmAUFVX3lxTE1faVB6Q3JHcDNsRXFtenlDNEtxczhxbFRDdW5QUFVrTjJJc2pwMGczZUY3ajhmZEpSS2kxZG1fNVVvbXhZb0xNSjNBNjFTbGlDb3hWS2htZDdKb1VwWldyMGRUa2hOajlyREJqVzRUR0hlU1ZnSWNrZlROQmFBQ3BDU1hFWVdLYUc4MDNNUkpIUkJHSDdtWXRYYUgxa1N0UUJHaGw0Rnc?oc=5,PIX11,2026-07-29,neutral
MTA,STV finishes procurement effort for 78 MTA heavy railcars - Mass Transit,https://news.google.com/rss/articles/CBMi1gFBVV95cUxObVdMenQ4LWRpWVdGbE14OWpIUTEzRE8zam5wOEI0Z1B2cTVaQ1hNNHlZSEVmRG5EVDhOaUhTMHJuMkpuRXFvRTNxeWdPX2g5OElPMTl5TG5EdU0xU1psN1hVcGZJREtDLXdVSXFJdHNMQW53SEJtbkgxNkhJcTN2dzF4VkhMb180NmdYYlpPZVBMcW9yd0N0ZTcwdzdpZzZLY3JSWjdJVHhLbzBXRWNNVUFvNFdGeWxvR2ZWTTg1S3luclB1NVpVSnJtbzdJZ3o3T29fSVFn?oc=5,Mass Transit,2026-07-29,neutral
MTA,"LIVE REPORT: MTA bus crashes into cars, building in Pikesville - WBAL-TV",https://news.google.com/rss/articles/CBMifEFVX3lxTFB3YWZLeF9DMGJBdkRieXM2d0dvcXB1QWoyQkdsU0pRcHhySHJkWlNGTVB4NXJCb1F1WFc4OGtZaDVQUENsWUgtdzBQTzBZekNXb0RhQUhUYW83VWZHc3FPX01vRWdLSmdBMXdycERGbmw0bXZpMXE1Q29COUw?oc=5,WBAL-TV,2026-07-29,neutral
MTA,Driver of MTA bus involved in Pikesville crash that injured 30+ identified - WMAR 2 News Baltimore,https://news.google.com/rss/articles/CBMixwFBVV95cUxPSlFoYUJybkNNaFM5TXV3TWdiNzhmMFk2bGEyRFc4NzhDX0tZdzFQb1MydTBET3V2LWVCcUNjOV9LUmV0cTlNSnFUNHRnWHhLc0ViSUVBSUI0SDFTdjhVTTBId3lTNUhFdkswVExKSTROWHh5V0tmZG8wa1ZqWFU1dmVVNlZtWk5XRk5OczJaLUhhQm5wUUVKTXBDLVdWVDBGbFlMeXMxUTRmcGF6a2pldktWblZ3TnVpWElGSmw4c1p1Mi1TOHp3?oc=5,WMAR 2 News Baltimore,2026-07-29,negative
MTA,NYC completes installation of 7 large monopoles on Staten Island: Here’s what to know - SILive.com,https://news.google.com/rss/articles/CBMizwFBVV95cUxPNm9kMDBPTEUyWE1SZFV1TTh4WWRKdGpHRjdaSHdRbzZFSFlqRnhQc3MyWTkxX3lXRFJXZF8zVUxCOExYWUFFZFFzRUtVSEQ1VkxfR3hjdVNIWmlxLVlfdHR2MDRlQjg5WjZYZm1qeThHX1JXUmNMS2pvWWRJOXFncEdDWFQwZDNvcHNHWk44QTBockJCS1RFcHJadjRVQVlUdFFUaWg4SEpmaEVsLThjZUYybDlyU2l1dk1YZHJMcUc1VU11d3B4OTItX1RzZDg?oc=5,SILive.com,2026-07-29,neutral
MTA,Witness recounts seeing MTA bus crash in Pikesville - WBAL-TV,https://news.google.com/rss/articles/CBMihwFBVV95cUxNT29IeWxDLWNLd3R0Y29HSTJ2NVVWZ0RWMS1IMmJVMlp6QU16ZWZUVDV6cEhWZElnNVk5eTBfNENjNlZJTGpIbDNYWXpoQ1Z1dWxhTXFBbmpBWXdSdEMyXzNlWV9KRjRQb3dvM2U0d1R6QnFKRnhiek9PQmdabUZuWXFOTmpXNXM?oc=5,WBAL-TV,2026-07-29,negative
MTA,MTA wraps up $106M renovation of Borough Hall subway where ceiling collapsed in 2018 - Gothamist,https://news.google.com/rss/articles/CBMirwFBVV95cUxPVnJwTG9VNGN5Ti1LRjhfTFVDM0J1cHFNOWRlRFJKTmRFa2UyWWF4bmNTZDdxZkRHeVoyN3lxV2N6dzAwQ1ZncjRUQlpvcVdJQnkxY0dfVlVvVTgydEdRaS1fMmxYczhCRkw3dDQzdFowYXFxdGdsZHJ1bnBmMXJYdFpKTWU3UTJCNW9xazVEQ3JXZGJmX2F4dlh0a2paQ0VRWTVxdlhHQ3JvM0JyZmd3?oc=5,Gothamist,2026-07-29,negative
MTA,TWU accuses MTA of falsifying NYC bus maintenance records - ABC7 New York,https://news.google.com/rss/articles/CBMijwFBVV95cUxPZTZGeWU4YS1uczlDOW1OSWE5ekM0RWFVNWQyZG12dkExYWFhZ1drazV4akxLalRyWVg3cGNYTk5oVUlQM0RrSE9HblR1SGNLUmJpcG5lYTVIekxQNkZDUS10YnFFcDB4Y0IzVWpZcEJnN0hCX2thS3BpRDg0M2tzMjBHSUV6MGRoSEN0a3ZySdIBlAFBVV95cUxQWUVjZE9YWUg5NURJdWVHTUF1dHpyejA4UE1IUkFrbVotVEpYdlY0c3dRWWtoYTI1cTNLczRiVUJwckxETGkzcHJsWFpkeE5rNU9ScHI5MlJHa0RTNWJkX1JieHhzSk9Xc1JzVkJsb2F6X1VnYU94VDdWYm16aUV0emZkUUF2eEZGdnVvdWdTcEVhWXFF?oc=5,ABC7 New York,2026-07-29,negative
MTA,"One of NYC's biggest private sanitation firms trashed loads of MTA recycling, audit finds - Gothamist",https://news.google.com/rss/articles/CBMitAFBVV95cUxPUkw5UXN6aXVTR0R2VjZlY25FOUxRNDIwYi1COWlhblBfUkVmT1l4ZW9TRm9lTEMtRjI4aVF6VEFzR3hsUHBNSFFWczY3ZmppMGNkS2pSQ3ZpeFdkbVBLNUJhUXBSMHloSXZUam9xbDFEaHdvQnMtRTZXdUgxTEFvNm5NTUtuZmpld3dKUTdpV3ZGRVFuSl9qeHlmZnhyTWdvR1ZLbW1DSEg0ZkRjNFBjajh4WnI?oc=5,Gothamist,2026-07-29,neutral
MTA,MTA preps for possible subway floods ahead of severe NYC weather - PIX11,https://news.google.com/rss/articles/CBMioAFBVV95cUxNTWZWU0RBUW5QVmxVeHB0ekE3WWJjNTZTbkMzTUtnYk11bExrRlotWlJ1SVNxc01DTEphcTZFUGk4aGlXNjRrZnJ0M0o4dEc0X2FsNmNBZlFRRHRhS2VTeU95UGFieVhaOXh2TDNVQ1hzQmlpWHhVR0Q4Y0hLNTFhZnRxTms2VEE5T1NTMXZNOEItOVE5YUtJalZ1VzJONDRG0gGmAUFVX3lxTFBUaXREUzltVFMyb0U5ZjVrSUdyRDl0NlZLaDhEVDdzZmU1aWdVblNKdVJVWWV6ZTZlYlpZT2lWQnJlZkc0WGNMZ2taeFRNbjVFS0NoZTRyQXltNUFGdUJ0NFlIdmEwUjNNSUxBcDRDX2N3cXFCNW9UQURZQ0VoTDVGdGgtVXVCTkxzalZWWGVsdnJadnZSVlo4cUY3TDZRaEN3ZWdYeXc?oc=5,PIX11,2026-07-29,negative
MTA,"MTA failed to follow recycling law, losing $800K in major trash fail: report - New York Post",https://news.google.com/rss/articles/CBMisgFBVV95cUxQRUo3Y05pZDBzTDMzcXlpOVpITGVmdFlsdXJoSms1TU5HbHV6Q2tteFVrRGljdXRUZ3RVVmtoWjU0NzR0S2VpYmhaaERDVERYdUEzNlZJVXRUWkQtb0lEWmI4QzBIWjd4eWVPVTdvOFVTWTRxcm1nUUd3ZF96RzMyc19ESFlUY2phRVNSRncyT2tHMTlxSXdfVGFLalA1MFVyaFNKVktwSmc3M2NpaFUzZF9n?oc=5,New York Post,2026-07-29,negative
MTA,"Alumni @ Work: Janno Lieber (Law ’90), MTA CEO - New York University",https://news.google.com/rss/articles/CBMisAFBVV95cUxPZVc4b2hoc0RzZHh4eEhLTXpaZHZGZ1o0V2Q3ZkctYnZxTU5yT3otUDBENU1OY0NmRFBFTVE5WUJVRFJIZTVwS0NVMWxUZW54YlQxejVDeXIzQkV1SGUzXzR5X1RkX3FrVGxZQ1NoYkItNVZtbE9iNzVKbjJodDdzUzYxV0hSc0Mzdm43R0dMRDRuY3VrZkY2R2d2dEZPSzk2czZsc3llTG5oTEFZVUd6Zw?oc=5,New York University,2026-07-29,neutral
Massachusetts Bay Transportation Authority,$530M from state millionaire tax will go to Boston-area transit agency - Smart Cities Dive,https://news.google.com/rss/articles/CBMijwFBVV95cUxPLVU5TmpsY0RxRTRSNXJkQjN3eU9BelRlVlVsdk56cjdVMFdkYjlGNy01MGdfUmcwd0NaQXZhNDRDaC11N2lWWFduWVJMVkpqcUpCTUloN1RFMGYxekpnbVFMVmVIQ3BCbzRHYzV6b2J5bVZHZGtrNlM5bnNaQkFWeUhkMkV4Qkp4Mm5RMXFYcw?oc=5,Smart Cities Dive,2026-07-29,positive
Massachusetts Bay Transportation Authority,MBTA celebrates summer events in Boston with special-edition CharlieCards - MassLive,https://news.google.com/rss/articles/CBMiugFBVV95cUxQYml2NktXZ1VuR0tuQmVlUUNCYWtQbmxkYnlTMUFPdHFfVkY3LVhBXzFkZVJwTUlCQVExNy1OdFR2TUpKTlZCN0w1c1prN0JndkprRk5PNTkteU1jbmlyQjN5UEIxRXFrODN0ZGNGU3pwNUZFSVMzcnExY1doTmVYUWw5RS00blhiNEhOMGVCam1rWXFfUk1KamxFX1BWYVRFMWxJWFpzX1ZzNWJjOXU3OFNEWU9uVW9zbnfSAc4BQVVfeXFMT2xycmdETGhOZUxaNFNYUjgzQmNBZmtEMkJ3X0VlQXpfT0NGelQ0VEN3aUxTUFRTMk1vV1dOUUhHLXd4cWlPbTJLajNGRW41WFRkZ0tRVTRNME1sLUpOQTZpeDNCRGUxMW9Sc2JydmM5eUNyU2dtOGFvaC1DNjBQaHNyMjk3QlgyTXFpOFMweDB0cU4wTk5BUUhOTFpzSm5ZY1ctNWc4Qk5MbWIwamV6eGJZaHdzOWR1WDYxQ2FXNE9XMWhfQlV0ZVF3dzA3Wmc?oc=5,MassLive,2026-07-29,positive
Massachusetts Bay Transportation Authority,Major Upgrades Completed at Kendall/MIT Station - Railway Track and Structures,https://news.google.com/rss/articles/CBMiiAFBVV95cUxNZGluenAxRVRzTHBlQmlLMGlGd0NlcllIbVdoak01NjNXX3NiNVRjTnBaOXNTTnJIN29tcTZ5VVV0WlZHVXVyRDN0NmFYWl9QQnlxbV9Idll2cG43ZkR4YThjVHBjZHlUcXdabDAyalRHMmZ6b1NTR0tvMFJhamhnWG43cnNEdjJh?oc=5,Railway Track and Structures,2026-07-29,neutral
Massachusetts Bay Transportation Authority,Boston-area man killed after his clothes get stuck in a Massachusetts Bay Transportation Authority escalator - Yahoo News UK,https://news.google.com/rss/articles/CBMie0FVX3lxTFBFcnBCRjIxaloyM0VJZm1nazNEdVlLZWtDa2pBN3hXVDlwUkZRV1lKUXBRNjkzcGgzU3Y3NjFDVlhSc1JNQkNrNkV1UHViMGQxX0dCNlNONUlETFR4SXJYa0p6bFNSTmRLWHl1cGdFVDBSTGtyWThjWnFUYw?oc=5,Yahoo News UK,2026-07-29,negative
Massachusetts Bay Transportation Authority,News photo: MBTA’s America 250 unit in operation - trains.com,https://news.google.com/rss/articles/CBMipAFBVV95cUxNMUxKQTBfUTAtVTcxaWxzMnNvcVNlNlBqME9KTzJfZXNqZkItRHZ6WDFJVGhDb1dZQ01DdjUwdVBqa1YxNHJkWnc0bThYSUQtZ1h3Y0JLZUJuQ3FKRkJIazhQTlFtNnNnQ1hQUDdHVkMxNkJzYkVVUWUxOC1DMzV3TDdXcjNvZmFtZlZnekMzYnFJZWVwMEZmMk5OenVGQlNIcGVXYw?oc=5,trains.com,2026-07-29,neutral
Massachusetts Bay Transportation Authority,MBTA Board Approves $10.3 Billion Capital Plan Through 2031 - Metro Magazine,https://news.google.com/rss/articles/CBMimAFBVV95cUxQa3duWTMxN2NYOG5FRmxObDBxVTVoTjRIR2xVUFpzNDEzS0pEOHI1QWU2WGwtaTBwV2dHSVBTVEt6aHhxdThWVm83SnlQM2ppUG50dTZVYmg4WnpWWmtDT1MtX0hmVWFvQXNKY3ljUlRQVnhVLU5yZk82ZFJManZKTWVxdS04UHBUMkppODNuZ1NwNVpSR0xEYw?oc=5,Metro Magazine,2026-07-29,positive
Massachusetts Bay Transportation Authority,Authorities investigating after pedestrian killed by Massachusetts Bay Transportation Authority train - Fall River Reporter,https://news.google.com/rss/articles/CBMizAFBVV95cUxNNTlKTTY5T0xocWRrYURtMXA5QkhTMmVUa3IwbVZwRTdpNF8wQVBoejdQaHlRNDBpS2MtaFprYkdyeFdCd1ZTbExKTFF5YXJEUUpTMWdRQWhVakRuLWtJLVZ0VWVQcl85NS1XeXVadnlhRGlaY0JVQUd4QlA1c0dQU1I1NzZZZUZWbTc3RERmYlRDVF84SWh0cG80dG5kU1FYVWRMTW5BaG9saGhWVUczWGNaSWVyUUhvWHdZaTZ3LWtac3VGZzJmUzBnRnrSAcwBQVVfeXFMTTU5Sk02OU9MaHFka2FEbTFwOUJIUzJlVGtyMG1WcEU3aTRfMEFQaHo3UGh5UTQwaUtjLWhaa2JHcnhXQndWU2xMSkxReWFyRFFKUzFnUUFoVWpEbi1rSS1WdFVlUHJfOTUtV3l1WnZ5YURpWmNCVUFHeEJQNXNHUFNSNTc2WWVGVm03N0REZmJUQ1RfOElodHBvNHRuZFNRWFVkTE1uQWhvbGhoVlVHM1hjWkllclFIb1h3WWk2dy1rWnN1RmcyZlMwZ0Z6?oc=5,Fall River Reporter,2026-07-29,negative
Massachusetts Bay Transportation Authority,MBTA threatens to use eminent domain to pedestrianize Boston streets during World Cup - Planetizen,https://news.google.com/rss/articles/CBMixAFBVV95cUxPRk1oWEQyWkgwOHJIVWc3YmxkbzN6bG4teEx2aHllQkNjbkQtRTA5LWphekRTRDlhUmtLS0Z1ZXI5dnJzejVCc3FUYTBLNTlfc1g1VFRXajZDODJmYnZSd281U0NkT1hJNERZcXYwMFVoYVZjN2Jhc1pCNnRVWkpfVmMzLVpXbU9VYzNMNnp6WHNQWjFFX0xaWUduQkJ4alRCelNBanFkTE5XX3Y0Vm9yRnhLTm9vV3ZXNVJFXzBxckV1TUFv?oc=5,Planetizen,2026-07-29,negative
Massachusetts Bay Transportation Authority,MBTA to close Symphony Station for nearly three years - The Huntington News,https://news.google.com/rss/articles/CBMimgFBVV95cUxOc0ZzaGdUTm5pMUxjZncwejVPRkNJSkFCNHZZYUdja0YzY3U1YmpaUko4cV9jX05LUV9XS1BKTjJmTWFTNzlLUGNZbXdYemxTdl9iZjNqaTVSMHZiZF9hNXZ4eHZSc1pWNFQ2Ymo5c21fOFRiVF9FMzBNSVZ4cWZZWmgyVG9JUFd6dEFFNjJqVFh1eGxpLVU1U0dR?oc=5,The Huntington News,2026-07-29,neutral
Massachusetts Bay Transportation Authority,"Transit Briefs: MBTA, Brightline - Railway Age",https://news.google.com/rss/articles/CBMid0FVX3lxTE8xa1JGU0tVeFRlT21DTS10WHZhOVlSd2IwQ2ZHdnM3ZVhNMk1mLXMzV2tFZ3U3UTdtN0xJQzZkNjI1bjJrYVhqY1JGMmpudlE1VnhLM2FGTWo5X2lJSjRiMUVjRXVmbHZZclJBcWFXdWplTjBYRzRR?oc=5,Railway Age,2026-07-29,neutral
Massachusetts Bay Transportation Authority,"Man caught in MBTA escalator died from brain injuries after he was strangled by his clothes, shocking report reveals - The Independent",https://news.google.com/rss/articles/CBMipwFBVV95cUxONzVWNll4SVdSOTBHNEpiQWpadDdIRy1iYk1say0tb0RXbFVOSTVwbEpNZTZueDdUSjNUOWw1dVh4WFZYU2hlaVdPejhjU3h2Nl95VlZfSUJCRzI2OEYyQzdnOFNTekJiZm5sdDdUVFlhZHB4Yy0xUVhLM3I0STJnN3dwQzRzNlVINEhtX2sxN1BHdWdMX3dCcm16c2ZwRDhmX2pwZ0FkYw?oc=5,The Independent,2026-07-29,negative
Massachusetts Bay Transportation Authority,MBTA train tickets for World Cup 2026 matches to go on sale - WJAR,https://news.google.com/rss/articles/CBMikAJBVV95cUxOWXNZMTJHcmJ1eWtkbC1MZUh0QWpjMWZlejc4ZElXa1d6THgzaTVoeFVLUDBNNHNWUVZHaHNEVXE4Z0tpaG9mdUc1ZV9fdHZvM2hiTmJnd01HZzV4Y09hOGRLbkxrbVJKMHNlM09MSWg3LU9YbkJqbUdYcTk3bExreDNyanRPYlJJbnpKWVhvcmZGM3dlZ05vbmxZRHViV01ObEpsV0lvVWkzUk9jUXBENC0tWnA1OWkyVWVtbWNLY3hWLWJmeDZFSllKQ2ZuQ1RONVdqcjkxLTFEQW5IQ2FqeV9GeTc0VVJ6MjZYOE1vME9FSU92NGJlaldYMXpaUEhxbGJVdm9leXdTSWswRXpDTw?oc=5,WJAR,2026-07-29,neutral
Massachusetts Bay Transportation Authority,Ferry catches fire while underway off Boston; all on board rescued - Baird Maritime,https://news.google.com/rss/articles/CBMitAFBVV95cUxPblhzOG55eGV1WWVRQUdzR3MwTlVMN0M2d0Nqd0twRGZ5MFhqYWIwWXRhY3BfTFVOcGFPVVdtLXd6aEJjRFE4Z01uSkRnWVg1OFc5N2M3eXQwclRFcWFENnN0QU5keUZYeHdNY3RPMnB0bkQzaGhWSE53Um91cE5YTW1tQm0xUlEyVFdjeV9CaHBrTWVqdVQtTWdrS0lreFB2aTNHTm9FZC1BQXBzYUpMQlRZcU_SAcIBQVVfeXFMTWk2TnZJLTc2WV94N1NlVTlVWGN4ZzRvSFJPLXhzbTZmMXVYT3VlM2owLUJvcENvUWJURVJxZmtkNVFLa2xJZEFSeDlXZHRRWFhMOTJHNC1aVjAzX09qa1Q3ejBBVXU4bFBudUNobzg5OFQ0ZjFBbmlaQUloNnVvaHNqdWR4M0dmdkFDTjlVajhRZjFkODh3eF9rc2d0V18wOGZ0V2VYQjV6aXdxUWhhbldhZTZ5eHl2NTk1akw4LVViYUE?oc=5,Baird Maritime,2026-07-29,neutral
Massachusetts Bay Transportation Authority,Boston Charging $80 for World Cup Train As Free Fan Fest May Shrink - Front Office Sports,https://news.google.com/rss/articles/CBMickFVX3lxTFBZbWFZYzNsMVkzM1hCZkpXZTliclE3cFNFYmloVmFBTTVBQzBCNVdZVHJueXljUGZMRjU4MWdFd2Uyam11V0U0NTZBeGNNVHk3YUVBLWR4bnZ1UmVJT1hTS1NJNjBqYmNCUHhFQjBBUFVFUQ?oc=5,Front Office Sports,2026-07-29,positive
Massachusetts Bay Transportation Authority,Skanska lands $1B Massachusetts rail bridge project - Construction Dive,https://news.google.com/rss/articles/CBMikAFBVV95cUxOS3NaWVNlcl9nMndDOUlkdGdMV3lXaTFta1dVeUtVdFViYmphcmc5bi1aX1p5QjFwNkkwM2RkOC1TMk83LTRMbTkwM0RESUxHUkdQRmhvVnhtSG5LX29qMnlCN3RpNlZob05uUlZkTDlYT05BXzhQclBCU19nLTJXaG5qemE0YlpxS1dDaHhabHg?oc=5,Construction Dive,2026-07-29,neutral
Massachusetts Bay Transportation Authority,Boston-area man killed after his clothes get stuck in a Massachusetts Bay Transportation Authority escalator - Yahoo,https://news.google.com/rss/articles/CBMihgFBVV95cUxQdTc2S1U0dWM4NHBOTEs3VjBCMEw3TmlUWlVfdFFzazdabXRqNjM3aDhNa19wYnN0THY1M3FBWTR2NGRvREFoZjZjLVRXUlBoeEV0bkFVeVo1cTk2YUxISTFmd3lscjh3N3hzUk0tNDZTM3VmOENnRzluVVc3T1BqeFBLVEZ5dw?oc=5,Yahoo,2026-07-29,negative
Massachusetts Bay Transportation Authority,MBTA announces service changes during World Cup - trains.com,https://news.google.com/rss/articles/CBMigAFBVV95cUxQejFUREdxUEFCWF9PMmhlUEhqeE5KTHBSSElDNzFJcjdfLThUMXNmd1pEd1QzRlRyc01fUnplREs1RlpPVmE0ODJOTTNQQjUyMW1GQTZxQ0NoUXlmWlE2cklwa21lYngyVWhHbVpWUmZBektCT2xkR29HNWFoSW51Zw?oc=5,trains.com,2026-07-29,neutral
Massachusetts Bay Transportation Authority,Maintenance work to impact Fall River/New Bedford commuter rail weekend service - WJAR,https://news.google.com/rss/articles/CBMi_wFBVV95cUxQYVVON21ZeDYtSi02ZkhZS25ub2JZdnROM3pLeUgzM2kzcExtWF82eDc1b2Jvd1c0T2x0Zkcwck5LUTNZcHRjVmcybVB4cE16SFlwS0lnQWl1WUdfZEd3NHNSSlp4U2dFZnZmUE1jX2ZobktOTFJhZFBEMUlrUjMtQzIwWldtaE1CNFh0dmZMQllqQ05CQnhJME9xaDFnRkdwU1Q5TGt5cmhXWmN3VkhmLTRrNEZOSHRKTlNHbHlqdFBnU1IxekYwOUYzOVMxTWE5NTQzZmUxejJuOTJYLUNZUU52aXFDNjNCQXFZN3RoOEZBRzVERG0xTURqbndaZFE?oc=5,WJAR,2026-07-29,neutral
Massachusetts Bay Transportation Authority,MBTA sets price for special World Cup trains at $80 - trains.com,https://news.google.com/rss/articles/CBMiqgFBVV95cUxNNGpJczdrMkIyZW9ZNVFlcFgzanB6aXZGVDg3RHJRZ3NDYnNBRDJxb0VQa3JYODZ2bU9MdFBzZi0zenRXdFdpS1NVNjAxaVBzUmxrdzgtUVhSWGZnUEdfOUZkYlJrSU5keGVpVXhnVVJUV1A1OGhnVGRkUGkzd1ItXzMxaXB2U3dPWDNFdVowazF1U1FIOFBCZl81NU9RTno0UWh4SXI0VWREUQ?oc=5,trains.com,2026-07-29,positive
Massachusetts Bay Transportation Authority,MBTA announces summer fare savings programs for commuter rail riders - trains.com,https://news.google.com/rss/articles/CBMiwgFBVV95cUxORkd2R0tnb19MWlkzcFFGZmtROW83SUV3T3Z4UjhwSXI2dmREVXQwU2NXeU5EM2NNNFBqYW9GSmFrM2Y1TkhxcDN0R00yMFF6SWVycy1iSXM5Yk9wWDREWUM1WlBuSGJmX1JnWkxLZlJVX1ZVWlFNamhpWm9CdmpFbUNoRG9LWXJfQlpkd2h0ejkxTGRRYWZUV2w0ZlRGU0tZU0ZXWnI3R0JSMl9Zdy15MWdoT1NnaEk0ZzVrNGdfMXVydw?oc=5,trains.com,2026-07-29,neutral
Massachusetts Bay Transportation Authority,MBTA Updates Rail Modernization Plan to Expand Reliability and Accessibility - Metro Magazine,https://news.google.com/rss/articles/CBMisgFBVV95cUxPaWZNaVI5OXFHZXo2X01uSWdhVFB4YV84TVhGcEZFVTN0Vm1sa1c5UWhOZkl4Z3dUSk9zd0k0LXhJSHZBcElWTnd2ajd0WTdPMFhNN2JSa3liT3pwX0NkUkhtMHVKdmF6ZWxSMHp1T3NkNF9DcV9oOVA1Uk9ybzJqLXUtcFNqU1RfQW1feGo0aGhwengzUjN0eVA2SlhNY2V5dm1aU0ZOMU43OWNIU0I5cUR3?oc=5,Metro Magazine,2026-07-29,positive
Massachusetts Bay Transportation Authority,MBTA completes Green Line C branch infrastructure work - Railway Supply,https://news.google.com/rss/articles/CBMiigFBVV95cUxQZXBFRlc1RXdyR2RxX1BOdFNBZHM3LUJtUThPRGJCeVZQUklERVpJeVZySGpKRjRzR2IwM2VzOUtJZ2xQUXVhRGFKMXZ4SUxiNFA0QjllbktQNnRQZHNraG4yR194al9OT09yUDN1Zzd6NTYzUHJSNWdnbHJOVnBCT0dzTVZvQU9IUkE?oc=5,Railway Supply,2026-07-29,neutral
Massachusetts Bay Transportation Authority,"MBTA seeks new battery-electric, diesel locomotives for commuter service - trains.com",https://news.google.com/rss/articles/CBMivwFBVV95cUxQa0k2Z0VOc1FyNlQ5YjhGbEM1Ylp0aS0tbHUzRWNaOGlXcXJyT3FWRFlXRFNKa1pIckY3TDc2QjVnUFRoYXQxTE15VUtFZmpSazFrWDdncExrZUJRVXZ3anVHWjhQY25iV0kzMm5VQ0ZJaVdlLWR4aTRWY2czdXU3Sl8taWEzS3hwYUV5QWF6OUhUU1lIbW5pZzU3dEhHbWxCeGo5cGpjN25GdEhSTEc2MTd3VVl1N3IzV1YtZll3QQ?oc=5,trains.com,2026-07-29,neutral
Massachusetts Bay Transportation Authority,Turns out that World Cup MBTA tickets are not $75. They're $80. - The Patriot Ledger,https://news.google.com/rss/articles/CBMiigJBVV95cUxQWWpodV9yS3RWTTMwNVJPSjFqR2NyYmtPQ1ZtUk5RaVdLYktpdHdFMjdFUkhVaEg4THB3RG1hVnRabTNTRmxWSmJDNzRVQ2h3R0d4X1laOW4zNndSdnh1SFRJR0NEb3R5TkNtN01TYUJRWVkzdHNHQkJJMWtQRFNxa2xNd0J6bzRPQkRzT05kYnBTSWRsX19VdVllZlk1Y0ZhQ2hlTElid2lJZEUxdGg3LWM2cldrd0V5RTZlQ1pFMDhraVA2aU12eTdzRWYtQ1NlUkstV1VSMkk0RVdFckNSTEx5anVpWThoUjBOMlRuSmczSzFTemF6Sm1QYTJqbllSVklVSlgzYm81QQ?oc=5,The Patriot Ledger,2026-07-29,neutral
Massachusetts Bay Transportation Authority,Massachusetts opens public comment period for Capital Investment Plan - Transportation Today,https://news.google.com/rss/articles/CBMiuAFBVV95cUxNc0lnRnljRzhTWTg4dGhzVlF1OUoyQjlfVUU3TVA3cG0yb3AtWi1aMm9yTnhFVzJaY1FvVlJLX2FvODJCOHVtNFktNDN6eHVJSE9wZDJmbjNoOWRIbmVBOFQtak8tTHk0cjZSNlZsalZnZ1A0LWdrU3R5c011dnVqaDY0QlBiaEhtZklOUWtsOWg3VkVNUG1XRG9ja3lHMnZQd0hUS2Joamo0c2pGWjhpNWpmeDdLeTBi?oc=5,Transportation Today,2026-07-29,neutral
Massachusetts Bay Transportation Authority,Supporters outraged as Boston hikes rail prices from $8.75 to $80 for World Cup games - The Independent,https://news.google.com/rss/articles/CBMirAFBVV95cUxQdTNYcUJfeHJyR3hSbFJnR0RoZDhHdE5SQUkxakhDZXNMeVhUMlFod0xqVl92UThSa2hWTU16a1JCWXU5OVhrVGxlU1FuS2dwN1Y4VW4tSGE0M0dPVXBGMmEzRkJTQXJzcjd1Mm1TeWRGeDUwQVdDejYxV2NPVFRxSk1ocnVmVDl3WGktZWVzY2l2Q3AwRGZLUWEycmtTbzZTNlRZN2hxNnowMmEz?oc=5,The Independent,2026-07-29,negative
Massachusetts Bay Transportation Authority,US commuter operators launch battery-electric locomotive tender - International Railway Journal,https://news.google.com/rss/articles/CBMinwFBVV95cUxPb1NkbmpXYVhjWnJnVnd5bUJoMHdLX2VVQlFxYlVUMnJocHVteTQtU3RCT1BTdm12RE9SdW8weEx3dXBkVmFkV2RjV3FFa2Q2UE1waVlwYnQ0SkdKajk5dVJkbGg4YThPUjNQTWVpY29LZVhwS3NlS3lWUzM2VGtzTXhwV0d3T0ZYQjBSVG5YU3d0Q3NlYXl1NWxTYnNYa1U?oc=5,International Railway Journal,2026-07-29,neutral
Massachusetts Bay Transportation Authority,New F40 Lease Fleet Enters Service on MBTA - Railfan & Railroad Magazine,https://news.google.com/rss/articles/CBMicEFVX3lxTFBiTXhsQ2RocVpZYkFTdmhrMnR0Ui1GVHZpRWs0Z0FLbWNyNlZUdlJ2YXRybkpreGNHQVRCWjEwVWpwX0NmenRIOFZURnliNzlEdlhqT3plSFpmOWtqZXY5TFZOUmpjajBrVzZzZ3FhTWc?oc=5,Railfan & Railroad Magazine,2026-07-29,neutral
Massachusetts Bay Transportation Authority,6 hospitalized following Forest Hills incident - WBUR,https://news.google.com/rss/articles/CBMiiwFBVV95cUxNcEVWZnRKQjBZcExNblBjOXFWU2M1aVprTDVRS0tvUmplbkhGdS1oUjVuX2NmcDZlajFZV0ZfZzdlWUlqeEg5b1FIS25taVF4eng4QUZrX200a0l4UU95ZjR3SldrRzZQOVltYWdXVjk5NzlEMzRUUWlkcElLQkRZangycTM0VkJrUW13?oc=5,WBUR,2026-07-29,neutral
Massachusetts Bay Transportation Authority,MBTA Rail Modernization Plan sets rail upgrade roadmap - Railway Supply,https://news.google.com/rss/articles/CBMiigFBVV95cUxQNW96UXVvbkN1MjF0VDZjRjJlNzlicEI2VHBSa1JVdmJBLWZKS0VBZHk5bDdTa2VOTnFsUGVkVndMTlVGZmY1LS1DMnh4RzI5aHkweFJDcktlZi1VWnhIWmtsUS1HVTRoSXUwMTZmWlhtU1BuRVN5T1ZlSTZCTlVzWFNkZHVVbXBhZ0E?oc=5,Railway Supply,2026-07-29,neutral
Massachusetts Bay Transportation Authority,Rail News - MBTA enters New Haven heritage locomotive into passenger service. For Railroad Career Professionals - Progressive Railroading,https://news.google.com/rss/articles/CBMiygFBVV95cUxPcHpyUWhNb2dOM1pvTmFacFFaOENwQmMxWnRUSjcyX3JTcjV1Zk1YTm42VUVqeDIwSXBIMGVfMW90Z2RQdDB3TGlPUWxXclNCLTMwRzZHbzc5eE5yTFE0X1ZhbUh6eXZEd3FYV0JTT2t1MjRiZWZUYUR4ODdYX1VJY1dIOUpJSnJiTGhMeC1LUjhXa1lqNGZOdEIyREtpanRMSV90YWpJd3VjZVNDQTF0eUljREJXTUNUMVQ1M1prd0hmQ0NNSGFsM1hR?oc=5,Progressive Railroading,2026-07-29,neutral
Massachusetts Bay Transportation Authority,Boston's MBTA Orders 80 New Flyer Electric Buses - Metro Magazine,https://news.google.com/rss/articles/CBMiiwFBVV95cUxPZXI1Z01pTmVzTlRBQ2g3SmhJcUN0bWpkVmZ2ZWFEZ0FZN0hVdlFzVTNtVnIyOFZlUU9md1JwaHZ0MEdCOXBkUVlqYXl4YUF0WEJaWWFjTktZLUc3MFozZUNTSFJkaFYxeWRPNm1Za2pJX1pDaWQ3Zk81MHRPQ0pBWGF5NktyaWkwVlZR?oc=5,Metro Magazine,2026-07-29,neutral
Massachusetts Bay Transportation Authority,42-year-old man dies from injuries sustained after being struck by Massachusetts Bay Transportation Authority train - Fall River Reporter,https://news.google.com/rss/articles/CBMi3wFBVV95cUxNb3dOOXRJR3F6TExPdlJGNlg5XzVJeTlmOER3VW9fUVM0Y1p3M3BHVGdhQjBjZUVPYUstT1NfTEFCRDNkRklLcjBLS0FZTUJTOEJkOGRfcGQwbEZ4VkZJNWphYm5UTjkxVHJzRnQtSnpjV0d3TjEya2sxMnkxY1pZVVBFTWdJTFJFeXFzYWFWTEhScVhPcTdLeV9NX2hGSXZoQUg5SWtNdkMzVWNXSkR0Wmk3V1l5ZjFaUFh0V1Nta3VmMUc3MEpNcnhlYnZUR0QtUXVyakotOHVwRF8tSHZZ0gHfAUFVX3lxTE1vd045dElHcXpMTE92UkY2WDlfNUl5OWY4RHdVb19RUzRjWnczcEdUZ2FCMGNlRU9hSy1PU19MQUJEM2RGSUtyMEtLQVlNQlM4QmQ4ZF9wZDBsRnhWRkk1amFiblROOTFUcnNGdC1KemNXR3dOMTJrazEyeTFjWllVUEVNZ0lMUkV5cXNhYVZMSFJxWE9xN0t5X01faEZJdmhBSDlJa012QzNVY1dKRHRaaTdXWXlmMVpQWHRXU21rdWYxRzcwSk1yeGVidlRHRC1RdXJqSi04dXBEXy1Idlk?oc=5,Fall River Reporter,2026-07-29,negative
Massachusetts Bay Transportation Authority,These 8 Mass. cities and towns just received a share of $13.5M in grants - MassLive,https://news.google.com/rss/articles/CBMisgFBVV95cUxNNXhrTUtYS0ZyLUo0TTNGd3huT0RfWUhLbVFKbm1JcDhyRDM4WjhnaFNMQUM1Q3NWMEx6NlRLb0NkbnN3U1VxUmZZVHVGSGI1dV8zYUN4cXRZemVjOXk4d0hhUkZCdWxodXlteW9oNGtPMVNOZGRaSnh0RXBFRHkzZUo1MWczUUVHNnZLZVBiTFFZYWNtSHV3Qy1FbVIzeWNGMlAzRzZ3ZTUtREdxM3c3cER30gHGAUFVX3lxTE5hQ3RIaE15ZmY5NHh6QUNTT09ZRkZrWjJoMDVRV045NGo4c1dVTGJXczBzZ3RfcC1FOFNWbUhweFFQMkZEYWlDaTRaVy15VG9wNThPYjZtMmZTS2ZtYUh1N3JnQUc5TnBjVzFfYW9saTBvZUFOeXoxZTZxNEoxQnZIcFhHWTVLTnBkanZZUTRMOV9mWi1lellBNURXbmJ0aGFrb1Q4ZDQ0a1UxdU5MRVJzVEVIZHdVZWFrOXh4M3otMG1qcG1ndw?oc=5,MassLive,2026-07-29,positive
Massachusetts Bay Transportation Authority,NRTA Parts Ways With Longtime Wave Bus Operator In Favor Of International Company - Nantucket Current,https://news.google.com/rss/articles/CBMitgFBVV95cUxPOWZ3OUFHRXNVd1FLZTRsTmhFMFRsMFQ0Z1hBMTZscF9PNFRYSUJVeVVEVXVsWHlFZWl6cEVHaWRFaVVVTTlJWWFLREwtTFJ3OXZoVGd1dDh2VkhNSmNGdzBzb1VYSV8zWTdZQlRPaDYxalh5V1U4YTRnQkQ4NURQU0lKajEzWXE2cDNYTk1oSFdYYW9qcm5SZ0g1MTdfMkIxOVpYYzc4TXBvUHpZWmJXS0ZRRVFuUQ?oc=5,Nantucket Current,2026-07-29,positive
Massachusetts Bay Transportation Authority,"Man, 40, Died After He Became Trapped in Freak Escalator Accident That Others Ignored as They Walked by - People.com",https://news.google.com/rss/articles/CBMirgFBVV95cUxQY0RlbXo5d2tIQWgxLTVfdXptRWFobl9jZUh3bnBiMFZZcVVDNWxMclNZckhhaEw4ZEx6eHhCQ2licXNoZms1U0duaV9Rc1J4QUhFbFdOWG1fb0w2d2ZVMnRiNkFEb25XT3IxVGJwRHVDTEVySXFRQUJxQnhnOWhDQnRORDRERmdSQkpKSVVQRlhEeU50ekx2dGFUNEVRaTB3bWdvTGxMZ0RqR3JfTWc?oc=5,People.com,2026-07-29,negative
Massachusetts Bay Transportation Authority,Boston's MBTA Strikes Labor Agreements with Entire Workforce - Metro Magazine,https://news.google.com/rss/articles/CBMimwFBVV95cUxNVWJjR05vdnpkNGRZZEZDTFdDajdkWnVxWEFQelBzczFabGVPUzJJam00SEpha3RKYzNQQUIwLXFRQUwxcDVLeF95MEtoVF8wMy11UXpVdFdLV3BqU3dFTUtzZUhvNnJhRTlUMXNRN21heWhIX3R1aVFLeUhOcEM2NFl3V3dDajNiYW5WcWRxY2dHQ0hFQmNPMGU0cw?oc=5,Metro Magazine,2026-07-29,negative
Massachusetts Bay Transportation Authority,"Phil Eng has two ‘24/7’ jobs right now, and not everyone thinks that’s a great idea - The Boston Globe",https://news.google.com/rss/articles/CBMihgFBVV95cUxOWU8ycTJEWXo3UVZuTXZucmxnd1pnSTREYUhHalU1ajdfalkxSGlaTFo4dUtmOFVfc3ByRG8wT2xqMTJXQkhyN2Q2ZzdCdE5PcWkwWGxqMzRuQzNKanpFcWhzOER2YmxqWlAzalRWUmV1ZnU2NkdXdHlEQURXSE9IUGxUNVpPdw?oc=5,The Boston Globe,2026-07-29,positive
Massachusetts Bay Transportation Authority,"William J. ""Bill"" Leahy Obituary - Worcester Telegram",https://news.google.com/rss/articles/CBMiW0FVX3lxTE4xRG5lYVNveVZNM2E4OURMbWtMRWxuT0JBUWZybGZlVkE4QlhFeWRkcHRrNW5CTDJfQWlOTVhwaEVHMmc1Vm9zc1N6VmczZ0IybUZCZE5VN3FPeEE?oc=5,Worcester Telegram,2026-07-29,neutral
Massachusetts Bay Transportation Authority,A homeless man died in the cold outside Boston’s busiest train station. City Councilors want action - MassLive,https://news.google.com/rss/articles/CBMi2gFBVV95cUxQRHFPX1ZiLWJwamdwMng0Q3p1VHJqRHhuYkgtdVpKTXA3WWFiRkNpMk9laEhlRnJUN25KVDBfR0ZxcG5ldkEtMENDS0NRWXdrODE4aU04UlM5aDJoNmFKdk9kMVdTaXJrN0k5R1dhQkI0NERnb21nVzA0TmNiYXNSYnBUQzdMX2ZyRF9hRU5YYW56UVNPZUgweHBYNVhSdWpiZE5ocE91eTg4NHc4eFd0YnJ6TXAybnZtV3M3MTczbHR2UDZ1OTl0ZnNpNkdqa1BuV0FseTNlQ1dvQdIB7gFBVV95cUxOUmtTNEJ3MU1ESHRpWllWSG54SGlIeWhCZ01TS0FRSm9HNVhNUHNSNFMwUnNiRUF3X1hOU2w3WlJfTUYyZWpKUmNTUk9rOVNiN2ZGTHA5ZXQ0VWRFODNNMGlYS2FhUHJMeWRRbkZ6TW1acUo4MlVMM1VrRE15ZGtTdDJxSXp0VTVjS0Z1WEszUFdpcVZ5QXQ3UVNwaUtFcmlLcVlfaWowUU5EZTZ1dm9yenhsWENNeXdYTGd5NmpsYnNzLUVNZFY1dnFjYXVuZjVKMkwzcjdwVkxkREZmRTdiSGJLUjFsZlZ2RVMxSEpR?oc=5,MassLive,2026-07-29,negative
Massachusetts Bay Transportation Authority,Three shortlisted for Boston commuter train operating contact - Railway Gazette International,https://news.google.com/rss/articles/CBMirwFBVV95cUxNNXVOcHpxY2ZaZURVSGF3dGc2NW1qbXBKOFM2M19CUWNYLVB4cGNsUnNxMWJKNUpqVjJhcU9vT3pnaHFtaWVRd1JMcHI3WEI0UGpWenhKcGRxbGtuWG9TdDRKMmlfSWZXa1E1bTdlNXRYaXp1dFM2SUlhRm9Sa0pRRmFGaE04eFJxMm5VQmpZcDROd05PbG9DaTlMcDBYSlp2aHlVZE5rOGRpbUd3cWRJ?oc=5,Railway Gazette International,2026-07-29,neutral
Massachusetts Bay Transportation Authority,How Boston transit leaders fixed a failing transit system - Smart Cities Dive,https://news.google.com/rss/articles/CBMiigFBVV95cUxQWkNTNkd1NGE3NjZFOUE1MW12MzRXMnV5SUg1QWhjVUVLdk05amJuQjhSSTZXSER1T0szVEo1d2IyVFZSdGo3QWtnN09pQjdTdVlBUWo4VWxXb0NST29VN290dHp0TWF1S1NwNDI0VW4wQmNxcDdqLVhtcmRzYmFIY2VMdTZCM2k3c0E?oc=5,Smart Cities Dive,2026-07-29,negative
Massachusetts Bay Transportation Authority,AG Campbell files suit against 9 communities for noncompliance with MBTA law - WHDH,https://news.google.com/rss/articles/CBMioAFBVV95cUxOTUNhQmE1NDFDU2JCRTFpUk1YWWZKS0lxT3VWcHRKb1NQcjI1dU5Zdy1HcHctRzkwa3FuT1JkbVNxWFRGTE9hUXpIbEJBREhmYkNfUDVKcXN4ZE5XbDJsak55SEVXSHIxMm9RSjZyWmJnTjJYRUVhQTRENFY0TkFjTEd4Uy1yY2hPLWFnd1FPampKYVVNeFFBZXdpcVFkYy1I?oc=5,WHDH,2026-07-29,neutral
Massachusetts Bay Transportation Authority,MBTA Wraps Up 2025 with Strong Improvements Across the System - Metro Magazine,https://news.google.com/rss/articles/CBMingFBVV95cUxPNWM4Z282YzZSWFE4SzcyNUJFcDU2S0JPdVdkMm1CbWp4WGlRMlNkOFV5bjl2SU9tbDdMLXljR19nLUxZV1hlWUhJWE9GQ29QSlJoRndtYWZVWndKUXVvQzU5cWVqYlZrdGkzcHRacHdUTUtySHY4M3lQbXI2X3Q0QWUxVmJENEhIX21nMXpkNDRVaGplS0ZHT2plQzRKQQ?oc=5,Metro Magazine,2026-07-29,positive
Massachusetts Bay Transportation Authority,The MBTA must crack down on fare evasion - The Tufts Daily,https://news.google.com/rss/articles/CBMiiwFBVV95cUxNSlVDXzdweEtWUTBmOHZCY0tCMi0wWHBpZjUzYzNsQ08tLURkZ3FmbWp5U1FSMzRFWU1MaWtIYTV4TU52QVpKZVg5NTM2c0lBZ253Q1NSWVJiaDB1YkcydzJ6X2wzN1U2cGQtUHpGTUY4MmIyQjFtbDZxaXVpWXQ2U1ViQkJWMjlaY2xj?oc=5,The Tufts Daily,2026-07-29,neutral
Massachusetts Bay Transportation Authority,"Award of Merit, Airport/Transit: South Coast Rail - Engineering News-Record (ENR)",https://news.google.com/rss/articles/CBMiigFBVV95cUxPOVh5ZDZabGpJVmU1VDN4V2NySFRzRmx4MU9FNzNlTzZ2SnBfU3FvN2hzd0lhOFBOWGppcjlDMmZZSERiZmNLSzY5aGpGX05hM1FnY1lNY09hZWw0MzdqQ1BxYlVYWXBvRW5WV0Y3VlhnSFJUcERsbmVtVEhFMFVyaWtNV3Fpc3dXVUE?oc=5,Engineering News-Record (ENR),2026-07-29,positive
Massachusetts Bay Transportation Authority,Massachusetts Gov. Proposes $8B Transportation Investment - Engineering News-Record (ENR),https://news.google.com/rss/articles/CBMilAFBVV95cUxNMUVKYzYzLVNjcWFSNGNJUkQwSmJLMER3M0s1aXNZX2h6cjdCVUhzVUltZm5JekgzQmhNWUJWLXVabDRRNDJfYVJUN3pqd2JFTUcxUDNyVWFHdWlfeFBUcDJSSUJKRmVmeTZTOFBHbDkza2pZVzh0WUVOQXNqckF1Q0xpZUFEeGpYS21MSDJPSHNhYzZY?oc=5,Engineering News-Record (ENR),2026-07-29,neutral
Massachusetts Bay Transportation Authority,MBTA commuter-rail operator contract moves to proposal stage - Railway Supply,https://news.google.com/rss/articles/CBMikgFBVV95cUxPcFprX3MzWnV4NDZUQ1JTdTJxa1NjczFrcjQ3MkplWnZIRDhsZDFHbWtsSkxtS1B1ZWw0aThKbjNMdUFJTDFLY3MwNnNoYkk2aGdwVlVIa2h6Q2hEdjI3OWQxXzgxMEdCN1BiY1RTVVJfeXY3UmdGRWRoRjAwdWh6MjlWUmI2ZHBQdG1BSVVWZzd2dw?oc=5,Railway Supply,2026-07-29,neutral
Massachusetts Bay Transportation Authority,Massachusetts dedicates $8B to transportation in FY2026 budget - Smart Cities Dive,https://news.google.com/rss/articles/CBMinAFBVV95cUxQUTNneUFHak5IVlB6RkQ0NE5weEdhemlQSWVHQ1ZBYnN1d0VOaDJZdDAwbzZGa1pkMzVHRExjT2RsM3pyRm93NGgzWFQ3U0pHeW1ROWZWaUxlZ0pzd3h2M0toMWUxZ2xWUzFiVU5JTUVpaUVsYWNRWVZicWUzZjV3MHJjckJWY0FEelRRTUxwRzBkSjJRZ3RsZjFZcjc?oc=5,Smart Cities Dive,2026-07-29,positive
Massachusetts Bay Transportation Authority,MBTA Secures Funding to Procure New Commuter Rail Locomotives - Railway-News,https://news.google.com/rss/articles/CBMikAFBVV95cUxPSHZoYmpZbEJpMUI0aEFkZVE4ZFBURDlKa0loeTNlTml2TW9MQ2NwU2FMSDYxNW9WZHRNMDh4X3oxallIOTM5d0hjUEdBX0VGTWVRTW1ESkR0RDVFZnYzd1dSRmIwb3lsSktTVXNuWUswLVJlaEpSLVkzb1JybXpfdHpOaHJOQ2N3SkhjMGItZlU?oc=5,Railway-News,2026-07-29,positive
Metrorail,METRORail train struck by Houston Fire vehicle near Museum District - FOX 26 Houston,https://news.google.com/rss/articles/CBMijgFBVV95cUxNS09RT2tGWVNTb09mZVdrelBpcU5uVHBPdG1oeml0RHZPeWFsMFdCYUd5enpiTVRmQUktWGpTdzNKRmJCcU85NVcxUVRDaFozc0hEa2dnaEtaRjhBWHBiQUNzV2R1eTZyeTY4WTlFMTV4UzhhaUhLVEZJNXJUMlZGRzEtZXB3cmFpeXA5RGxB?oc=5,FOX 26 Houston,2026-07-29,negative
Metrorail,"Doors, barriers coming to Metrorail’s Red Line platforms - Washington Times",https://news.google.com/rss/articles/CBMiowFBVV95cUxQMFlaNDkyTnFzRUdpbzFYRGl5bDY5ZGd1VVkzMXF4OVlLSzBMU2syR0F6WGVadW1rejVwRW5Hb2U0NE1Sdlp2eEpnbXVyak5hQjJMbFkzQmoxWVFLSWZ5LWtlZXlXZEx6SnRBaEJSOVJOV0szM29maHpUNXNGRTcwNkhBeE9uSXNIS2VvZ05JZE1iSTRVOUtVaFd3NHctVHYtTldJ?oc=5,Washington Times,2026-07-29,neutral
Metrorail,"1 hospitalized after METRORail collides with HFD engine and derails in Near Northside, officials say - ABC13 Houston",https://news.google.com/rss/articles/CBMiowFBVV95cUxPQ0VzT0N4UnNHdjVQSlpab2d3b0NFWVM0MlUzV3JjX1p3OUtmeXE1czBZWllzRThPR2cyY2J2S3FTWGhuWWVoQWI2MzJMN3B4T1BkQjhTUjUxWkpEY3VCNzd2Vm5DU2R5S3Qtb203Zm5OS005SzhPMk9tcHBUS1VDZGwxckJ6Mlh2NUlOUklRN2lieHFRM1N4YTNObUFNbUhReHdR0gGoAUFVX3lxTFBCbEhUOC11Y3lxU2JIei15R1Y0ZWhIMEdteXN5QzZRM08zMGo1S3FPWVFkZmd2aVQ5LS13VlZ1TURtX0dBS0xIYnl0TjlsQnZMLURLem45dDRWS19QR1JHU3JZRFd2UUQwUmk0SUZtbEkyRU0wT0FIZUtlWGtNVm9TbjIwaXJVTzZOcVRwT1hNS2VGSjl4MGkwQTMwcHZELW5ZR0lNLUZEaQ?oc=5,ABC13 Houston,2026-07-29,negative
Metrorail,2 passengers hurt after HFD vehicle collides with METRORail train near Museum District - KHOU,https://news.google.com/rss/articles/CBMi-wFBVV95cUxNUmdDSUlOTzl0NGVtUzh4dUpxR0o3Z2lmNFVxOERHaEVoN2VJaFo1RjJVVUdTMFlrSDRWdThodFZNRWF6c0dZc09Xb2drU0RIWnNYUlp3eHpwRkFWeXRvaFI1aW9jV25ETnJBcVJDeXFvdC1kWThmRXI1SDhJY1NWazRWMm9kdVEtYk9NWkxiNWZwSlFqN0tmU3N6TXRRLW9hYzVZTmhoN0RPLTJfSkZrNnF5Si1SZ3dLcHl3TUl2bXFZSWVpanVNa2dXZXN0QldSaU1VeVU4WFFENkxLSDhYOHZoRmtNbDZtdEpVUWZfSUFSaVY3MndVVDMwaw?oc=5,KHOU,2026-07-29,negative
Metrorail,"Montgomery County Department of Transportation Director Chris Conklin Elected Chair of the Washington Metrorail Safety Commission - Montgomery County, MD (.gov)",https://news.google.com/rss/articles/CBMiiAFBVV95cUxOOTFidmtWeXlpeU9pOTEwR25mN0dBSDBhMTNnZjVrMTJYTVlQRy1hM0lCLWJ5eWE4ZXpxR25nOVMxNWtvXzZsaHpZS3g3ZkFYX3hwMDloVVgzblB5Wk0wU2xUdnN6ZllLZFMxcTBNaXRIazl1UFNfbmZrRGVYZ3ZZdWg3MGItZUtv?oc=5,"Montgomery County, MD (.gov)",2026-07-29,positive
Metrorail,Inter Miami CF - Inter Miami CF,https://news.google.com/rss/articles/CBMibkFVX3lxTE16UkZSa2s3OVJVcEJrUEJmMWZrLW5wNTE5SGhIXzJSaXNKQ01pUXBOZmZMS3lSM3BycEtUZWw0Q21xOWdHVkdCczZjelI4a08zUkt0Q2dzbTlFNFpON29HdENublNhVGw0U3Z6UGRn?oc=5,Inter Miami CF,2026-07-29,neutral
Metrorail,DC Metrorail to move ahead with plan for full automation of Red Line - trains.com,https://news.google.com/rss/articles/CBMivAFBVV95cUxPNVRoVzJFcmxyYi1XU2pZaTJqVmFMY0Fad1ZuUzhYbUVYRFgyY0FUWmpsVkVoMHEyaTRLdXl3SHNpZ2kycnFiNHk3OU0xem1nWVBWZXBjODg0RVh0ay1rYVU4bjRiNENzXzRXWTJoVzdDai1pZzJuSHJhdklrank1eUNzeGQzZTJKLUh4b0hYTlNZLVhIaVR1NUxDOHFLOEFzczZqcFQyaFpEVDNxTGdRc0phSUNmSWhuZUUzbA?oc=5,trains.com,2026-07-29,neutral
Metrorail,Why I’m celebrating 50 years of Metrorail magic - Greater Greater Washington,https://news.google.com/rss/articles/CBMigwFBVV95cUxQZjZ1ekdqYUNzd1NuXzFsbnZwRXR6a3dmbXpaY3pucEttM1NvcVB6VkkzdkY2a1MzbHBHYW5sNlV4M1lHOFZzdUVjYmV5WnFRcXRZYkhfX0NMNUR1NGlnMzJzU01Fa2Q2MFJnVUU2YXVXZTVMS254ZmlTZGdpNkxENmM1VdIBSkFVX3lxTE1aRGpQanZYUElhX0g0MVZxTHhlSHBYdV92ZkNXM0lRd3JXSGFPVXB2dUowWUxLZmwzTmhFcXpUdjNEQ01BdEMwcG5B?oc=5,Greater Greater Washington,2026-07-29,positive
Metrorail,One person injured when firetruck collides with METRORail - Click2Houston,https://news.google.com/rss/articles/CBMirwFBVV95cUxOa2xQMDhzVVlwdVdNVkNENmlvbHRYZXl0VVdONG9HMUh5Zm5JU2t2WGFaNk1wYzBrc2RoZ1JxMVdOUWl1M1VOdWFySHo0UFhzazJIWHVKVlZXV1hUS1NDTXJsaHBBdDdaNE10eE1ZVU9wV0JuT1haLVFSVy12UnUwd3I2aHlNVXpmOTFGTTV6OGxIczYzY1hCbzh3aS1iM2g2OVNFT01EVnFMclc3UkVV?oc=5,Click2Houston,2026-07-29,negative
Metrorail,Houston Fire Department vehicle crashes into MetroRail train in Museum District - Yahoo,https://news.google.com/rss/articles/CBMimAFBVV95cUxPdlBhaVpKbDZGRHNkdFBoZmtiVUMxLUdKX3B3bk11ZmdFV3dGb21RN3FCUmVIZWhCUGE4UTJ1N0x6MVByWGRBMVBnQ0FwWTRtdU85M095VHJtSXdDTEtlYkZwdkpmeHJOOEw2VGVwOXJfd28xVXNuM3pGT0J3SmRLMkdNUFpQMVc1cGEzNDN5T1dqNnZNcWpiRw?oc=5,Yahoo,2026-07-29,negative
Metrorail,One dead following fatal officer-involved shooting at METRORail platform - Houston Public Media,https://news.google.com/rss/articles/CBMi2gFBVV95cUxPbUhjNVd4OHBqZThNanJyYVd4ckFSTnZySWw1T2NNUHhCNEpEd0puSU1nN3BES1NsWVloN09IX2pBS2w3R2pQaEtGN0hZUEtReWpuaDIxd2JFOUJXd25oSHpRU2V5UmxOS2NESzJHbDRUS1dBZGg1Zk5HbmxLLXRqcGxLYkpMQWpDU2pIZXF1UVBrTlR1RkxMV19jMHlCdmwxaDFjWVRBa1dEcUJWUWJRU3lMcUxSaWp2eFZCR0ZWSE0ybFlnVGNyZGUzVTd0QUthVDIyY0NoMV83d9IB4gFBVV95cUxOdFhha0Q0TjJmVkktTU1DNE9ma1NKZ3ZFN2RQZ000dk1iSmFkTWxSRUd5bms4MWtQZWhLUkZtWndRNC1RNFlsZ0l3cnZ6RjlPWWJFbmhXeWhMam05dGlpcUhLZXN4cnlXRW0yeE16QURxQVZXbTZpWmM3OEU2a0QtYmp5UnA2UEtJVGNfV3Y4a3p3Ym1kcF9aZ0xRUVZNbnlaT1FUV0hRa2NmYXZGTGdOdm5hVG5GRHlEZGNVaFBObHJWQkxuSGxUaEp4NFRDdUtRNmhrSlRhdTVSaW4ySEhfR2hR?oc=5,Houston Public Media,2026-07-29,negative
Metrorail,GALLERY | Metrorail celebrates its 50th anniversary - WJLA,https://news.google.com/rss/articles/CBMi1AJBVV95cUxQOFljZWxCcGRVWm5FOFI4X1piZUhsMUU0Z3FvYUdxNlprVGc3dTlYNnZybFJKZEpqa0NYa1U3d19rTEFzeWhoTWpaMUhxbVI5TGI5dTlBU0JPQlRERHljNjkyTGZueE4xTlBsZmFsbElZRUZ1dG9KY3lBMVJuVGlUUldzbHVjQTRrb2lkY2JXdG45aGRIOThhZG13d0pESGtWVlZSTm1UZ0V6RlRHZHNJdF9JdWtwUzk2UkdyOWVIS1huaV81VVBZN1ZnclZIVWJQN2pvWU1KWWQtNmM3dC05SjFsRHdkbmdVcFpTRGN3anp2VlE3RWI5VzhiT0JFeFVqaW1NT0d6OGR2c1k2S3JCMG82OS0zTjVxS0MyUThrcjRhcFJpY1ZEc3FQVENGb0VjR1ZLYk1TemVXQTRhdGZpU0RaYThNVEliSXRhcW9mNXlCZ01n?oc=5,WJLA,2026-07-29,positive
Metrorail,Cost spike sparks rethink of Miami-Dade’s North Corridor rail plan - Florida Politics,https://news.google.com/rss/articles/CBMirwFBVV95cUxQeUI0ZS1CWE9VYWU3U3RZMTI3eXAzSjNlWUZiUGR5SlIwTUpYRW5Ca2FGUmtuTDlqT2k4b3JJZGI4MlFCQkxGNXMwelg0VmpqcTdtRWFBUGZXZWo5TUZrbUkxanhFaVRMQlVscW1mTU92T2E5ekZ3N0Y1ZF9iX0JvMGpwMzVVWmpxSnczSTFfcnlrRWFFb2Z3VVdSNk1uZHZ1eGpSaTNiMWZNMHdsb1V3?oc=5,Florida Politics,2026-07-29,neutral
Metrorail,METRORail Red Line service paused this weekend for maintenance in Houston - CW39 Houston,https://news.google.com/rss/articles/CBMidkFVX3lxTE1CeThyZTEzNU1qRjRUTkdhUGp6QXBxZ3Y3SzJRNDJMWV9VZEZMS1BUZlZzbVBwTTdaemhSVkgzV3U3UEhrWVhXdFhmazNCV09ycWhHQWtWV0tQVDd2d3pPbUJ4OFU1QVJCUzcwc0FVWGdQRmdoUHfSAXtBVV95cUxQNzhMeUVCNW9oNFdpeEtvTFpEMkNnR05YUVJhbFFabVJjQ3VhSm9xV0trVlo1dTdadTYzQXAyZDYwd2l3dVlSNk5iaktfemczZFNjTUFTVGZ2ejRYUk82bDJXTGxyb1RLRGd3bDN5eVF3YktZenc3MDNURTQ?oc=5,CW39 Houston,2026-07-29,neutral
Metrorail,"HOUSTON FIRE ENGINE COLLIDES WITH METRORAIL TRAIN, ONE INJURED - Firefighter Close Calls",https://news.google.com/rss/articles/CBMiogFBVV95cUxOdXB6NVpWekZHdko1SjgySXpmQlZVdWQwbXlydzR4RG1LZ0M2VVlESnVZcnM2SFRNWkZrNzdzaGstYkhDc1NnRXNKOTFRWEU4RVJ1VkdPSjBhSjcyV2czTDNpQU5HZkRCUlBMbXBUeGFqTXFqV19sWEUzMGU4bEplbTZOTFA5cGtabE5qUzNGZXNibVQ1X2tYM1VxZFdhRXdSSFE?oc=5,Firefighter Close Calls,2026-07-29,negative
Metrorail,"Collision between METRORail and HFD vehicle near Texas Medical Center, MPD confirms; second incident this month - ABC13 Houston",https://news.google.com/rss/articles/CBMiwwFBVV95cUxNVkxfYUY5U1d5NUdXQ0J3Y3N6aVlSZDRaQXpqeFp4bjF3ZGFYNm5lX3BHd0V3WTNQSktyTFJrcVIyQmQzYXRFdzhTZ0pqRUQyMWRMYWVqT0dHUWtMeS1xbWJsOGVuak5lTThxVm1kT3JQaXpMaUpOYTAwUkJZWU1fZzJuUnpCRjJpcEI0QVJEMHY3T19ZTmlUcmR0MG0tb1B2R3N3M0N0eE5DbXczcU4tbXZCSENDT1FIQ3pfUHFldkdlWXM?oc=5,ABC13 Houston,2026-07-29,negative
Metrorail,Houston Fire Department Fire Truck strikes METRORail train - FOX 26 Houston,https://news.google.com/rss/articles/CBMihgFBVV95cUxPMDF0djkxQ25uSFpxT2xjNzc2TmhkQTIzSUhvRzg4UFhBbnJmcEFXNFl2QnJyaXBXaHRsOXNLUDR6M19Vb3RvOHdfOW1OSUlVU1Q5STBiV3d3djZ0Y2xCdkdUMzhxcVdGYm9DcWNsLXVxRExQYVFYYUZKTzBIdWZYNjI2Y3h4QdIBiwFBVV95cUxNQW1KTVF0V3Z0WlVIR2JSS19LQjdiSzBBUlZCTHJzSGt2NlFrd2NoQ3pCRDg1MnNXcmg1aGMtYnlqajROSUQ5VEJOQVZSLVVhNHh4bHgxejRTOXNrdFI1ODAwc2NabXZrZXBQTmJ6Tks5dHdua1dqX29Nd0ZRX1RJNlUwaWJBUENjVFdn?oc=5,FOX 26 Houston,2026-07-29,negative
Metrorail,One injured after METRORail and HFD fire truck collide near downtown Houston - KHOU,https://news.google.com/rss/articles/CBMiuAFBVV95cUxOaTdLc2JoWDFaclEySE5SNlowOWRWRmZYeFdzdjUxeXNwd2ZVME9jS1NDVXhNMFR4dHltRC1fcHJyODlPMm5mc21sbEpHNFByZTVDak9oSEFXdmFSaEF6VlAyRDhVbkc3Q0lOOFByS1ZiTDByOFNBMTVNODJjb0pwc182NGV6S1Ryckd3Y2Rna09OR3Yyb1hDRGhfcC1iUmtyLUw2UnlPWktNei1TMXBSaXNmcEJvdHhN?oc=5,KHOU,2026-07-29,negative
Metrorail,MetroRail train crashes with Houston Fire vehicle near Midtown intersection - KHOU,https://news.google.com/rss/articles/CBMi6gFBVV95cUxOZDdXX1BoVkF2eXR1U1BycFpxaUpmbEJudUluVTgzX3h5VlBmTGQxamZpeEY0SWcyTWFfa0pCOS1jZHZqQ05IeFlZYXJ3YXlGbDdwZTB4OFR0VUo1NVRkSG5zTXZFS1psSFdOeDN0X0RocjdhVUlpME1Jb0JscjRzTjNIVkNEeENual9UQTdlUHQ0aWtLSUJyM25Wd1VUQjZyampHdTNtTk1BMmstaGRlcElLWUQwY1dpdW9ZajktbUtXU3hab3I5UzBNME9jdzdYX1Z3VDRtOTV0T0x2bS1USXlNeC05cm9RUnc?oc=5,KHOU,2026-07-29,negative
Metrorail,"Loudoun Commuter Bus Service Adjustments Begin April 1, 2026 - Loudoun County (.gov)",https://news.google.com/rss/articles/CBMiYkFVX3lxTE1wQ2JsOVhaaXRZblljWlNTV3l5d3B5RDM5MndmQ3NsVWhET1VZcTAtemRkeUxFUGs0QXU5Z3l0Q2FWRXU2MnhtUEloVVNWbFctV0FMTlZUcE9aZUM1UHZHYzZ3?oc=5,Loudoun County (.gov),2026-07-29,neutral
Metrorail,"Suspect taken into custody after incident involving box cutter on METRORail, METRO Police say - KHOU",https://news.google.com/rss/articles/CBMitwFBVV95cUxOa0RIbUg3WThjcF9nbTc2Z0xxaU9PMmZ5RGk2blN5elJPYWZJaXhBSzJBZEpRSTBnXzI4V2Q2bU0ybUpOd2pYc3JzRTRJal9DRHl3TmQwdHJReW5Bc2o1aVN4TFlZeU1NbFpKMmFWNVpIYjJuVEdTcFo5ME9vRlRXd2RvTU5raHl3dkZZN2p1VEY5RkJtYlNrZEVHaktpX3JiRzRlenRTbnVxN3d2bWt2dnp0WlBxcUk?oc=5,KHOU,2026-07-29,negative
Metrorail,"‘Elevate 54’ Planned Near Brownsville Metrorail Station at 2845 NW 54th St, Miami, FL - Florida YIMBY",https://news.google.com/rss/articles/CBMiuwFBVV95cUxNZTlRM2tkckZCVGN0WjBVVG4tY0VoS0tCbWVpdUVLdV9oM0U2ZUhaa1E0UGU5N1FWVG1RTHNPRGd0ZlZXYi02SWhlZXc2amJ1T0NOR25PdXAtZ2FiTm5MTHYxTEE1cGhESVNZVEtwTm1FYmp4eGlfQlpKMXNTXy13V1FYbzdYMnlwOG1ILUYzU0xoQVZTb0JrTVJTRjFRVmxzN2tmb05rWGVKelN6UGd2Yl9yNTNMVk5QRTNr?oc=5,Florida YIMBY,2026-07-29,neutral
Metrorail,Midtown Houston shooting under investigation - FOX 26 Houston,https://news.google.com/rss/articles/CBMihAFBVV95cUxNUjU3aWtTVzJwWHFDX2VkcVJjMlFYenh1RlJLc3lfLWlGcUVVSl9Na3FuM0FTb1VYWjBERG9rTUJMM29aSTNTdE5xWEFKZ2lHZ19VUVNEdGtwR0ZGbWJLeFdHcFhHSjlYQmtqcDVQNmNBcHk2N2E3WTRUZkQwaXpnaFZNM1rSAYoBQVVfeXFMTTU1blJnRE1aVDliSEhwRkZoY3lMSml2TjVJSWhiME5Eam1kZmNiN2pLTUFXWVpYTy1ndDVqaFlsVXY3NUExTjdjbUVMQ3FVM3NQYm5KWnJyUllxeWN3MFFPTW5PSkFlWjJxbklHMnpfR1pTZDJJWU9XZ3VvRWQzQWMyNTY3QjM1T1Jn?oc=5,FOX 26 Houston,2026-07-29,neutral
Metrorail,Houston Fire Department Fire Truck strikes METRORail train - FOX 26 Houston,https://news.google.com/rss/articles/CBMiZkFVX3lxTE9aMDdpUjU0azFjckcyWi1YRVN3VTVyUmJMUkdkUmliZUNCeHZONzJXSHFtVjFiMjBkbGhFQ0Q5S0ltZmVXUGJsN2ZqYnYxdmE1Nk4tejFGa1ZZX1I2TVZ6a2h5cTloQdIBa0FVX3lxTE9GWmhIbFpWTkJjNkxLOW9oVEJpVlhUSlc0UVpnbElFT2w3bU5KTFpBSmQ4QkhHMlA5bEpWaGpzOERwY2U0UEVGampfOHZxQUpaWVFiZ1NIdFFUM3R0WWx2ZWhZRWljdHRNVGtn?oc=5,FOX 26 Houston,2026-07-29,negative
Metrorail,"Cost of Miami-Dade’s North Corridor balloons to $4.2B, imperiling federal funding - Florida Politics",https://news.google.com/rss/articles/CBMiwAFBVV95cUxObk9hdFR2MXNkZnJmYVJoSm5VWktqa3RMcEVIWlRZSjNqSjNkVzBSVFQweGdIUE04S3BFNm5XbXRmQmFLSXBieXdHWk9abG9lRnBYeTdUa0JtQ2FxR3hwQ3AtZ1g0OXdDVjF5RzdGUW0wckhKNFJHNDRmVnMzY2V3b2twSGYzUU9jcDRhZC1UTHpJM09Qa0FoTHAzU3ZQMjJxVGVlNjRydWlTOXJDcFZNb3hqcEI3M0M1UGlDd1ZXVk4?oc=5,Florida Politics,2026-07-29,neutral
Metrorail,Video shows woman backing away from suspect before she was found dead under Metrorail - NBC 6 South Florida,https://news.google.com/rss/articles/CBMitgFBVV95cUxQMXRfSU5rWVZtWF9VUk5fdGFGR3NLelpkRlgtQ1FwWlh5NXhMdHk2RlVSUG5pT21vMVgtUkJaNDZOUFVXclJNTlk4ZWpZT2xoVU9CaTNVYl8zbmhRZFFJMzM0eTlQdXozNThNYzNyNDQ5NndzbGk5N3BuaGNFcDJWLXp0T2dQakxCa2tyaUpENFV1cE1raVNVRU1tZHhNb1lxSDdOMktIUGE5UW1NNHp0RkFnSnZVd9IBvgFBVV95cUxOSnRqMUp2dUJUUkd3ZXJDZEpRendMOVpQNk92WEVtRUVtTW05S3MtbWdMWXY5TWZITmRuNWhKUG9DODRGSnRJQVBnTXpjcEV0YlBLOWVmc0UySDBtRDM0RnNzdUlvWjV5LTBsR05jZDhGRnJ0UjVlNDR6YnhHbWVmRWl5c1BLZTJ3U0FxczBfdlRacEZucGVpMVBzV0RXQl9kN09tZkI5cjlfbUhtYVBQZXJiS1NhazNMRGtHbUFn?oc=5,NBC 6 South Florida,2026-07-29,negative
Metrorail,"Tons of Inter Miami fans ditch cars for Metrorail, Tri-Rail in rare transit win - Axios",https://news.google.com/rss/articles/CBMimwFBVV95cUxOT284emhPb1lnZ2FlLXg3a1RlZ3pXU3dSZ2JwUGtHaFJoZ3g5VVBjREJuZkhxRUZLWE42S0xRT09BZkE1bG9ieHNPY1JkbzcxWkdibW1RUjRaSHNsbnRyeGxUanFvLWdOV0NHMHIwbE81QW9VcGdrUmVHMmFjZG9jQXRKc09xd0xLMktIXzM0MXZKSDVGQzMyRFgyVQ?oc=5,Axios,2026-07-29,positive
Metrorail,Evolution of Metrorail cars to be displayed on National Mall - NBC4 Washington,https://news.google.com/rss/articles/CBMiywFBVV95cUxOWEJ5WGVBU01sZ19KWUx0NlRqRW94bWxIRzlZbWJkd1Y1WlBkUGlscV9kWEhSdnFINlczNU1XRWQ4bDg3cTZFdWs1SHo2aEhFZDc5SVllM2R6WEg1X0dIcFdIUWNlajhSTENwTUc5ZGpzOGVOMV9nd1U5dVc1SW1kVGNUVG9URU9TWk14Y2xBU0MtU2lQcUFyclVUMndEMGVKREgwTjVrcElMZVM3VmE3QTBCVmhJR1drTzk5Y2tNS1FtdGRUTTRZeGI5VdIB0wFBVV95cUxPNDFKX3N1MmwwMFlQR3pBcTR0RHhWZm1xeURpQU05S3NqTC10Vzk3NGxLWm94dEVhcU5ma2Vxc1B2OWs2NjZWSkpRNlN4UHlValFfVk4zeDdLNkpjcjk4MG13cl9uMmxQX2JNZVFVX1cxTXF6cU45cUdBaGVmSjA5VEdxS1NnS1R5M3p3d2J3LUdxX2NVNXZmTWxmdXZkY05FVVlsUUMyS1d5VE1UcmtUX1k1XzQ0UFI2WjVjSDRWekNBV1lvaExZeU1ORmVpSjZObGFR?oc=5,NBC4 Washington,2026-07-29,neutral
Metrorail,Suspect killed in deputy shooting at transit center - FOX 26 Houston,https://news.google.com/rss/articles/CBMirAFBVV95cUxPeDJRUmdBQk85aldJWmtNWk43Ykw1QVZSOURFOWF4YmJ0QkxNUmRjZWRaajZjb0xJcVRLSWpwRTJKMUN4WG1BZ25qSTdJd25VdThDNnJyVHlaaEc3SGNYRjBFU3N1eG1sS2E0ejRPcjM1aUZ2T0lQMWRuWlUzaFVCN19UbWtIR2ZvMEs5aTd4cEVHc2EtcVpMZHB1RnQ4S1ZBZFcyS05DQnZDU2hJ0gGyAUFVX3lxTE5DQThCTV9COHBTN0tTVm5TRWMtY3BCTmg5bnM5ejBEa2IyOTV1UE9GanhfNjY3THRuNzFMT3NRaW1VQkRfVEtNOU5IVVQteDZYNUlIWVVpUVJqUThqR2dmWE56cVpSLUZudTNhWllfbmRtb09WSThrTkRLcVNGVWJKbTJHSExjYm13ZTFzSlI2VGVTWGN4RHRwMDZzc2FwTFN4dTFMaWNwREQ3aFFKM2R2MGc?oc=5,FOX 26 Houston,2026-07-29,negative
Metrorail,A Metrorail expansion is good for FIU - PantherNOW,https://news.google.com/rss/articles/CBMifEFVX3lxTE5JcmtQVDA1WVdEa24xWlMtcEk2dC00NDhEMTh3TjV5em1PSDhVV1J1OTJDMnl2MHNVNm54eDZoSTBibDVJWm9BUHdMN0pmZlVaMWhhWURRNWMyMjdhQ0EyS1MtT0JPYWdqLTdrNzlDTWRZVkdycVc4dEVuS0I?oc=5,PantherNOW,2026-07-29,positive
Metrorail,Fans pack METRORail for first Houston World Cup match - KHOU,https://news.google.com/rss/articles/CBMi3gFBVV95cUxNMzlSYldWRGx4ODA0d21ZcTh4WVhuaWlYdm91LVUta0w4V09GdkZybEVwZXNXZXhWZlJMUGZ5cDdGRHBheWluY3BQRFZSNWFGWm5LRzdzU1Y4VGtQcTh4bkJjUkU2MHlTNEFvbF9pR0pMRU93c1pONlNhY1hsZnlyaGNVY2xQc25zdjl0VmRwYlNqYkpZRjlEU3hXTFdqeERqd2JlX3BNczl6RjFDTHdrMzN5Ykk3YVdMTDVWUmkyUUtNNVNIMmJRRlNZcWhSNHBVV2VxRlByODdxb2EyUnc?oc=5,KHOU,2026-07-29,neutral
Metrorail,"13th Floor, Barings nab $134M construction loan for last tower in Miami Metrorail stop project - The Real Deal",https://news.google.com/rss/articles/CBMinwFBVV95cUxPY3UyajZZN2hTU05WSEZaVGtiWHAtR0F3V1VQZFdYWUN2UGJ6VU9IOTIzTC1obnk0clJ0ZDJwQnlyd1h2dWhUcmVmU2IyVk45bkNCT0hhZ0V2c0Y0Rzh3REhJN01LU2tyQTlRQlZkRVh1VWVHTGZaVXNMYkJYTC1fck5xWURTZFh0cmM0NXFTN0IyZ2VXNTR0U0gtaUk0czQ?oc=5,The Real Deal,2026-07-29,negative
Metrorail,"Shooting near Midtown METRORail platform kills 1 man, injures another, police say - FOX 26 Houston",https://news.google.com/rss/articles/CBMirAFBVV95cUxQUDdQUUh6elNuR3IxZmZtdFp4dGpCbGN5d09CeFNSUi0zeldVZGtCcGEyNkM0TjFfTFMzQVRNTk1TN19wV0Rrelc5c1RWX3J3UGRRWWJKTFF0YzVDNHB3M1p2UzI5dUJ5ZS1HOG9yalBLeElaMk15a05zVUpraTRFcnJUNVZiT3dvaUtDVDJxenU3MmlkaTBwY29rbFFWRHpkUm9wT1NFMW95NTZT?oc=5,FOX 26 Houston,2026-07-29,negative
Metrorail,"Metrorail car derails near College Park, Md. with 11 on board - WTOP",https://news.google.com/rss/articles/CBMiqwFBVV95cUxOZ25jdEk1alRVc0ZuUWduQW1FN3BtbW1jZ3NvM290aEExMEQwdXZsVzV3RG5JVXFKRzgtMjh2U1V2U1gtQXJ2MWtGTEtxTTR0d3Z2cHRqbEVGRUh2TTJQN3o0UWxtZGk1aGpPQXo3X1dJMUpzMk50Zmt5UzM4MEwtU0Y0ZUcyOEdIS2JBcXI3X2h1dmJ6eFhycWlSYUc5eWdqaVgtbERSWVcwSFU?oc=5,WTOP,2026-07-29,negative
Metrorail,"Man found dead in roadway near METRORail was possibly struck by multiple vehicles, HPD says - ABC13 Houston",https://news.google.com/rss/articles/CBMisgFBVV95cUxPSWNWTHFZMzgwOFpJVWQ4NHBmU3hyTU91ZWxVN05DOXZCY2NpVjc2dzRZdFAwSXA1ek1OaVVyY0loRWxUX0JiSWJLUFpORndEdkQzai15bmN1VF9ZajhzRVMtZnh3ZUY4NkwzcFc0b2pCYUJYQ1c3NF9nSjE4cDFQVWlxd1RWYjVwbERnRGRXNTEzRTZWSjMyaTBoS2NKaTY4OV9fdVhNUGpOTXdkRTg3NHZR0gG3AUFVX3lxTFBOUDFnTElJTE0zaFNObER2UmkyOFhLTTJHcVdoaEd5dkhfX3B0UUFzX19laF82Mmc1YXpoTDN5LUZqN2JhSHRnY0JEZXlwZ0s3UTFYa1FJU3hWa1BqandfZVVvLTFLUWJtcTlURkRRd3B5MmY0V1BxMno0czhhcjFrMUlpc0lnQ3VqT3ZBZW9nUEs4Z3c4VzZqTVJXOXhLM3RVYVhrd3hvaGlLem1KMFV2SmlRU0NEVQ?oc=5,ABC13 Houston,2026-07-29,negative
Metrorail,1 injured in incident reportedly involving box cutter on Houston METRORail system; suspect in custody - FOX 26 Houston,https://news.google.com/rss/articles/CBMitAFBVV95cUxQRi13cXV1TmJkYU9iU1dRUmVyUndMOW91WkNjRzZaRHdQSmszU09sM2E5X1hLX2lvZjRwQmNVaVBpUnA3WVhOMnJvWlNzb25NSlozM0kza2FMUzM4cEwwajQtaGJSUGlwdUlFblU4d25fY3praTRfTEhWRC01Z3hQUkp2V182S014VlNONlBxc3N6d1lQcEJKME5FZXhyS0hSTnNGZ1Q1eTd6WmJzbjNNX0V0NDg?oc=5,FOX 26 Houston,2026-07-29,negative
Metrorail,"METRORail Red, Green, Purple lines to adjust service Feb. 13–15 for maintenance - Click2Houston",https://news.google.com/rss/articles/CBMixwFBVV95cUxNRlFRM0I3dFhUUldGczJ0VVp0Vlo5OU9TOGp6QnZwUEZrTWUwVEdlaWRGMDhRcFFoSG5nak5ZUm5yV2x4UFJnV0ZCTjdTdFQ2WjUwdk05dzlfMFViMmNQNWNSakE3MHlVZ2p4RXlHVEF5a01STTV4NGRyc092ZmllcUtqa3JZZDdlanNYRnhsbElIOGE0bk9zMm1teEhQSnIyNnRua01IMFZtVmljTnlEVHI3a3pheHJLRzgyUWhNcEhEV3F1YUtV?oc=5,Click2Houston,2026-07-29,neutral
Metrorail,"How to check your Metrorail, bus lines as snow service slowly returns to normal - WUSA9",https://news.google.com/rss/articles/CBMi_wFBVV95cUxNb0FuclA3V2ttNlpqUjU5Mkt3UHFBUXhvMXl2ZzZaT0ZLVHZxMDNXTFVtbmQ0YWxMTDFVcGNTaWotLTE1bTNDMTBSMjdSaV95a2ZYZ2VRa3ctSE1fclhqWHA3SzFHOFdiN1h6ckQwS0NkLXlZVUlVbzE3bjJLT3YtYXV1MTFpWUc0VTI1Tk9ZRUcxODBpa1ctb25CM3Z6ZmNjdXF4VnV4c3V1STNvLUpQNWl3T09EbXBGVHd3eFRPM1huLTh1eWJkc2ExVHJ3c3A1NXpMMDRCOWZsT0ptOFVEX1NrZnZabVRjeFVLS0pIUzdHeE5nUVBsWjVlMnR1VUU?oc=5,WUSA9,2026-07-29,neutral
Metrorail,"Work train in Metrorail collision exceeded its movement authority, NTSB says - trains.com",https://news.google.com/rss/articles/CBMixgFBVV95cUxNT3I2SEg5cWtPSWlteFVBM1FxM2ZYMkVvVEdGdnl0Y084NFhGZzN1dkVIaDhpMEhkRWlqYTNrTGtOdDVlRVRiRFVtRnhNbHJZVjR4VGtDUFp5OXl0T2xfN3NFQTdZTkJkd1J2QjhmSVpWc3dNbV9mUFl6a3VGMTZaZHJoc3d4eVRFeDNXVkhzcUR4UzBHbk1TOUNsZ25maEhKZ3J5QVhsWlVPZjFQTE96aVU4aVRObmduOF9CUlhkR0dPTWpvanc?oc=5,trains.com,2026-07-29,negative
Metrorail,High achievers and low performers figure in Metrorail’s post-pandemic world - Greater Greater Washington,https://news.google.com/rss/articles/CBMixgFBVV95cUxPTTJRRm9ab1MwaWdWdTJ3NW5TTlhhNjF4Q3I3RzFUdTJZdVJFZ0ZsNy1FYlVGSlZxZGtSTzBYU1lTT3paRWtNMTNtS3p0eGlZRi1qU1NuTW9XR3NzWk9kajhhbTJUbUpSRERYLTYxc1NEUE5JcUhDbTJYVXRRRjA1NDUwcVhhV3lZbER3LTlmTWxWTmJUa1dHM3VSU25aVXYyZ3BCOXN5TjgzZU4yVjNYRUxlQWtuUUNIeHRsMGEwRFV6Q0R3MlHSAUpBVV95cUxNQjRTVF81VTR2SzRESVUzNzV4RmNyd1ZtYkRhWWxLZEk2VUlkX0JyRDZsM0FKdS0yc0VrRVZVSmNPVHZaSXNsRF9mUQ?oc=5,Greater Greater Washington,2026-07-29,positive
Metrorail,Surveillance shows moments before woman found dead at Miami Metrorail - NBC 6 South Florida,https://news.google.com/rss/articles/CBMivAFBVV95cUxQc3RXMXlyTjk4ZzE2a3pDaklINzg3ZFJFRUdQMGdDd1NRQjgwbXc4Qy1SbVUtRWdyc2V0Nk5PVnRibHZ3a1AwWlRIRlFCZFBkcjJYZGttWlp2aC1MVElIOWl4cHRlQWY0VnlSUDEwYU1JNWFvR0MwSHFCeDdGVFMydnlnV0thcEk3Z1pzM2xYcXJ6MFk0b0I0WXl2czRaTHhLd3FUQ2Y3b3pZVnotT2pxLUVFMzdJcnJ6dDBMcNIBxAFBVV95cUxQX0ttMzhmbWFWUTJLTG9XdHdjdU1MVmFJM252QnB0NllxRkxJOW9EeWtmWTZ2bGdZM28xZURyWjZlTnJOeFpaRGpvc2drT3hyOFdhTTFYM1AwVjRqc3QyODVCVWNFWnJJcUFfWGNfUjFHSWdNWnRndXpJTHZ1ZXFZWFN3UHpLLUhjd05fRFZNUGluc2I0R1JPalNKVFZFeUxtMmxwbHV2OUYtX1B4dlF1SjNVWG5JQkIyUkx0ZWJ0U3Vma3hE?oc=5,NBC 6 South Florida,2026-07-29,negative
Metrorail,"1 killed, another hurt following shooting outside Playground bar near McGowen METRORail station in Midtown, HPD says - ABC13 Houston",https://news.google.com/rss/articles/CBMi1gFBVV95cUxPbDI1NnhwU1JaUzQ1S1RPNDI3LXVwZEpWU2RXdlVWbUlKaWxMdE5kSWhzTmJtdmJDaGl6UDU0ME90bVhtWmo2N1k0Sk90NTRyR1M5cmJ3bGotM2F0X3VnclRmUEhrVkJoYTFPQjhZQzRVQjZ1b1BJT1pxMlNSaFVjVmFfUDBMMXFNU0RFUnlOX3IweGVpZk04WDZiLWFtblYzNDZuc2tsdkNISXJwbnpsbnotYUNKV2Z5Y09tWExXWEZYRlBuVEY2dURrMndpUTF4SGVYbzdn0gHbAUFVX3lxTFBCbElpSGpOWjZ6ZlhReE5MTldmbk05aWN0S0pDc1kxdzQtVUhfWWF3Vjh3d1VrcHdqN0ZCeDFZLWNjSUYxQmY3QW84U2JTZ0x5Tml3Wm5EcGxOWXJObmNYWGJoWkx5dVgzVjB6M0NUaDQ3cDEzOE1zOFpUU1A0X2llOGwzQ2JaSlpOZFZwM0VVUGRKcGJpZ0pza2Mza1Q1cFpMbkVGWE1MelNTOHhpN3NBY0FKUDdKVnN4VE5sWXBJU2hlTE9NNm0tMHZ5WVJEWmQyWlpmdlFOWldGUQ?oc=5,ABC13 Houston,2026-07-29,negative
Metrorail,One shot during altercation at Downtown METRORail platform - FOX 26 Houston,https://news.google.com/rss/articles/CBMijwFBVV95cUxOR3VnaG1oX0NUeWJyeU5Ib3hYR080OE9fMG1mUnBhODY3RE51ODhzd2NBSHVTNHJRQXo1SHVWaERQZUZDOTB3NTVMMkh5MVN4NHJJUlgyZnBhQlhCSTZ3MmxDd2NRWGtib1RlRFRuWUNMelZwQjJTVVRabDc2VEcydDlNVGZOTl9DQlRUMlhOdw?oc=5,FOX 26 Houston,2026-07-29,neutral
Metrorail,Heat kink causes derailment of DC Metrorail train - Yahoo,https://news.google.com/rss/articles/CBMimgFBVV95cUxPNkthNFJ5MmUzendWOEhUYjlEYXZjYXN2Y1Bzb1VTZW5oTm92cy1MYXF6NFJDVTN0RGdVSXRyd1BmRG1JMVk5N0hYUG5tMzdEbXU2TEdzS2pYby1nSTBZU1FkckR3cmt6RDdqOS1XendyNWg3RWxfNVJRS2ZYUUZKOWpaeU9mOF9IS2FJWHltUkxwZHRiMjk3a1dB?oc=5,Yahoo,2026-07-29,neutral
Metrorail,The MetroRail and Metromover are extending their hours for New Year’s Eve: everything you need to know - Time Out Worldwide,https://news.google.com/rss/articles/CBMi2gFBVV95cUxNOWdSa2d4Z0hHSExOcUNpSkphd1FvbGVXWGZJMlBFMGMzUHdBMkRaNHN4NHBDa0pZemxVam5qQjRBaEpxNUM2OGtNcHlIbGhPcG9OLWVack9nNm1uNGlYaGFneXlYVkVkUThFT0UzMkRZX0xGVGxKczdwWVdnOXoxYWNqS3JnZ0U1Z296bGRfQy1CRlMtSmNIYURyUE40SzR1emdjNE1fSWJWSmdKajRlTjlYRVF0U19ubXVhQmZLbG52dUswN3pWNUhoRFVoX2JyZkZSUS1BUlc3Zw?oc=5,Time Out Worldwide,2026-07-29,neutral
Metrorail,Developer Lands $134M to Build Fourth Apartment Tower Near Miami Metrorail - Commercial Observer,https://news.google.com/rss/articles/CBMiwwFBVV95cUxOLUNEU2xwQkFONXFnOGpubFlYQWRvRkU3anhKSzVsYjM4RFphM3BINEJKUDIycUZITkhmWUFXNWtId1dnRTU1VzhzZXV3bDlySlcyY2NNMUloZUJRcWYyTEZiMGQ3M2R3UkVFX1d4Uko4TUJMUUlfa2Y5R09RVWctdmk0MFEwVW5ZNVJRaktfWGx5aDNOa2VVOVRXeDV2VkdOQ1o1QU15N1ZBYzNRdjJfaVlCYk9oSFk0MnJndlR5d2pIQkU?oc=5,Commercial Observer,2026-07-29,neutral
Metrorail,Deputies say woman killed in ‘unprovoked attack' near Miami Metrorail - NBC 6 South Florida,https://news.google.com/rss/articles/CBMiugFBVV95cUxQQkZxV3d2ajBNSzBNbk9PU3ItbF93akNrdWg5eHBfSUlCS2tScWNCV3Jqb2xMd05zVkFkc0xYaVZZQnZVY0tfT0M3RDhmb2JldXFhcXRvXzRpVWRoYlZJSnVtdHBLR2RiMkk5dDRaZ1hscWF2c083NlVYMlhtb2hPWERuWWpRVllDdzNFRTdKVEM1dEhUbkFvYlFnYUpNbk82ZUJTdHhjaXdCMkxZaDRLSlB6VzhVQ3kyMnfSAcIBQVVfeXFMTnh3Zl9pZUlhNUFJeXIydUNXbkRaZXFfcW9FalpPR1VkZE1TVnR0ZVBBdWdpNGdqdWhSSjFmZnFZZFVvSnB6ZG9YRTl0Ny1DYnhnWi11UXEySUkzLWItRWlJUGpOZFo2eHk3ZE9OXzA1dl8yUjU5eGZOX2JjMUFoNF95UDVxb1ZnTWJoU0VtcGtwUkJ2M3ZBTGY5ZXNZelVOZS1aM2JOSUxvcXNRbFVwNFNfd28xeEI4MGRJSE1EX21YeXc?oc=5,NBC 6 South Florida,2026-07-29,negative
Metrorail,METRO to expand rail and bus service for FIFA World Cup 2026 in Houston - Click2Houston,https://news.google.com/rss/articles/CBMiwgFBVV95cUxPaU5rSHF6TUJWWUxCcFJPbUwwOXRTZXBqcVYzd2Fpby1wRFFOdGxTSVFNbUt1UE1TeTN1QlVkTURMZnk4eHg2OW9zMGhjMkZlNks5YWRESjg3S0JNanBQOWlrNjZfQ1k4Rk9EVDVOUlpYdzlDOWZ0VVhldF91WU50aEJISDhUaTVUSXZZN2ZuTF9XQkxXZjhjcjd1eVItVDktdVlUWmI5REs1M0NvU3JqNzB3bnhTdnRRTzI0ZlJtQ2dmZw?oc=5,Click2Houston,2026-07-29,positive
Metrorail,Metrorail’s signaling system is showing its age. Here’s why it needs a new one - Greater Greater Washington,https://news.google.com/rss/articles/CBMiqAFBVV95cUxNT284d0ZXY3RCLXZKTTF0bHd1Q1p4M1NSSFRvWkNnT1cxRWdMYjVIcDhaTFIySWdpeFdtZlp3NXZzbVVnelI5NTRVLXo3RE5DNHBCdHdyNWZPb1BFNGoyYjY4c0w5akFGOWpZNUlhc0FUYmxvSzBpSXpUaDU0RVd2UXItUHJ3Z0pTaThRNUFTSFZUOE9ZbXJlcGRTTVRSbnhxdmczVGJVd1XSAUpBVV95cUxOWlRjUHFIZy10NThudkd5b0ZJaGR5V0lLLWNDZFB1dU9aSFYyTkVKNlozZjZqX3FpVW1mcDFESW5KeXphd2RrMWkwdw?oc=5,Greater Greater Washington,2026-07-29,positive
Metrorail,Mobility: Caught between Deutsche Bahn and Metrorail - Friedrich-Naumann-Stiftung für die Freiheit,https://news.google.com/rss/articles/CBMingFBVV95cUxQbnlHWmhVOG5YOExTM3BqRHUtZTB4RUI4dmtMNEtydGRJSklSb3RCVjdOLXNWc0NpRFdxZW9scDZFbmdweDZRWDkwX0xBSnRVb3hJa2VraDB6SXE1VU8zdC1JRDNHTDA0RGgxUmZXRVB4UVJfM0pubG85T3J1aGlMZmRIeERMOTdkRTlaZGRvYnZXck15cXQ0YUVQc3c1dw?oc=5,Friedrich-Naumann-Stiftung für die Freiheit,2026-07-29,negative
NYC Subway,A Newsstand That Aims to Delight N.Y.C. Subway Riders - The New York Times,https://news.google.com/rss/articles/CBMijgFBVV95cUxOb0M0Vi1DNmFwWS1UYzRiYjBQTVgyTmpVaXdxc3BhbDRlNkZXU0huSklfNUlKZVByeUh1V25uQUZ6dFowRVdYcVMxSjRtRWowTkJRNHFEeXN1MzNrQmZzUlNCbUNtSWRTTERQS3VORm1BUHhEODFodTZrS1ZxVkxDbk5zbXVRZ3h0UXJoaU53?oc=5,The New York Times,2026-07-29,positive
NYC Subway,Degree Renames NYC Subway Lines For The Hell That They Are 07/28/2026 - MediaPost,https://news.google.com/rss/articles/CBMirAFBVV95cUxNdkRVODBUcTRkY0lCdElhQW00cG8xRGZTdkx0amVqV0x0Qm1Cb0kxSkVRbUtrZnN4M1pLajlUclNxOEdONklXaV9CTGRoX0lLdUNMYl96N0sxZmVad3VEQ0t2X0hiem9MZVNrYnVSM3QzOWxjZ0FtdVR5dkNYR2pPcm5TUDlWYXZwOUVkV0lCeWUwUEluYnRiRG9kRldhRi10S1NtN2JoRFE3UFRk?oc=5,MediaPost,2026-07-29,negative
NYC Subway,"Woman allegedly choked subway rider, yelled antisemitic remarks in attack caught on video: police - Fox News",https://news.google.com/rss/articles/CBMitwFBVV95cUxQTXRETk92dlJYTVl1QldNWWJwajNwOE5JajJLS0l0c0FNejlwazZFZEo5Y0EydzlmMmJNcVljRXZKUlhEZ2hCT05nbnRrcmUtOUtCNWVWTS1VbFRfYm1vaWJDb01CNG9tU1QzUlFLTFJXRXd0Z0VBV2xaN0QxQnFseXZtZWZheVVneEFLeWdoU0h5eHJHOGEzcFRrcFJraG11Ml9JZWdTcnRBRVdqbk1EMDd5bHVJc0nSAbwBQVVfeXFMTUhPd3B4N19fUVV3NUdhcTNuNnZyMXRXLW80NDNqOGhJNU53U0dvV1dHb2x4d0VzNldoQi1qVk1BZFhwdTRTekRBUjg0dEFfSTJOVG9yU2NfaEVodS1LNU5KU21IdFlsT0IxMjJybFMxLTA2X203ZGVBc01uZm1VTzZGQ2gwbVVNTzdKTFlzbzFWR3VKbUZTVUxPQi1vcjVuT3JvU2hjSjdWYU5ia3BKa1JzZ081Snp5ZGhPY0k?oc=5,Fox News,2026-07-29,negative
NYC Subway,"New York City reshapes mass transit system to handle World Cup, NBA finals crowds - NPR",https://news.google.com/rss/articles/CBMingFBVV95cUxPLW1maFBlajZaRDc5SHB3TmFiUGNFREl4emRIVjN5RUo5TGxvY3BWNDliUXRjaHF5MzJJbkxjQmZOX1FRUFlTR3R4MEd2QnhOTlFtVDZUdjVSamtMQnVKSGZ0M01wQzRpTmRSeDVnMDBySDlSdHpOQnNlekFXYWo4alRVdlgtajB2SnpubHEyVnBYNkw4LXUzak45QXRQdw?oc=5,NPR,2026-07-29,neutral
NYC Subway,Unhinged attacker in antisemitic subway horror unmasked as ex-artist with long mental illness history: sources - New York Post,https://news.google.com/rss/articles/CBMizwFBVV95cUxQZkdVaU9vXzZKdGFtdFNnOEp2TVVmUkJBbnc2SkczSkdOSzBHcDVsVWFxbUt1dFFhQllCVndqSzd4Wjl2MVBCdnV1c3ZaSjlGYzNwaEVMQ1d5Y3dvV2NVcTlEZ1psTEtzNF9tQzBpXzEtaVEtdHN2UVAybVVsd0FCOC1kc2lMNXR1TTJveEU5NDg5TUNRVE9JaTB1b093dDc3N0hFTElxeUpCRmpELUFjRFlQemEyZlNXVnE1UjFXUzRic1NuWl84OVJDbVdtYkU?oc=5,New York Post,2026-07-29,negative
NYC Subway,"'Jews are eating kids': Jewish woman choked, hair torn out in NYC subway attack - The Jerusalem Post",https://news.google.com/rss/articles/CBMiakFVX3lxTE1XWFhzWG5ibkUwWDZEYUluUEZtbGFYdloxejY2Qkd5WEVnbHZxUWk0Z0pQMUNqSWVmcFRfdEtIU2Y5WlVXVUx1WGJNNEdxLTlfRlMxeldLZENSVWpJc3NyeVAtZEtmQmJlRlE?oc=5,The Jerusalem Post,2026-07-29,negative
NYC Subway,Mamdani under fire for silence on harrowing antisemitic NYC subway attack: ‘No leadership’ - New York Post,https://news.google.com/rss/articles/CBMisgFBVV95cUxOcnZzNDBkRkYtc2JNSThmUkZBU19GQ3UxaXpvWXlEY1lIbUt3ZmZwRkJFNVBpaG5fYXBBYmhQbVhnV2l4WENoV0lEUTdPVHBBRlkwWUZrSE9BdGJhOEtvZlZvak80a3ZKQXI1anQtdkx4LThrRThidWVza0FsZkp3cm5Lc3V2Yk84WXVxZEI0cXVSZThxTXU2SmFBa0txZEw4UGduWXBMQWloZVJKdWZRRlVR?oc=5,New York Post,2026-07-29,negative
NYC Subway,19-year-old brutally beaten on NYC subway train: NYPD - PIX11,https://news.google.com/rss/articles/CBMikAFBVV95cUxQVU82MXB0MWlUOWZqTFQxQWtMQWZfNjVNSDJPWEpUMm9zVjktRXVuWWF4a0ZYajRQWFpsWjY5T3VUb2NvR283bFMzR21HdEFqbncwNEEzQ2NmYUl5TU1MM2hPbmJEeHBoRUVCZGFIU2ktbHFUV2xGdkVIQm1WMEFTb0lfQ0Y2QzJ5bVh2R1VGM0LSAZYBQVVfeXFMTlJWM19HNVNidzQ5WVJ2Y1NuX0ZESFVkaWlYTWZuUmdLU0dBbTludkR3UzBtOHpnSGQ4bWI3dXZ0ZkJoOUlOLTVMY05wd1ljc3o2aDRxY0Q0THdiZmhONTFyMF9YQWllTkVrOG1TMkRSVmp0R0ZVNkxZT1h0TFdfR0IxSmdkblZQWmZvdEtTNnZnRHhYWHJR?oc=5,PIX11,2026-07-29,negative
NYC Subway,"These are officially the lowest-rated NYC subway lines, according to 94,000 New Yorkers - Secret NYC",https://news.google.com/rss/articles/CBMilAFBVV95cUxNYXZXcFJLZmRSOVNvSjF1MDNfMGNCNzgwdk15NzZXRE5vNm9DYWtQMWRnQWNmQkJNNnJ4ZmtLMGdsUHhCX0RQU1BQbHo1MEJVOXZ3UUlzUHE3ZnU1cU9UTUdZcl90c0pnT21waVFBajhwVGZITzNQMGlYVmtab0ZRV1ZvRkJIYTJDTk13NkQ4dU1NVkcx?oc=5,Secret NYC,2026-07-29,neutral
NYC Subway,Five subway lines face major weekend disruptions through August - Time Out Worldwide,https://news.google.com/rss/articles/CBMi3AFBVV95cUxONUZ0TUZCSGhJSHZ6TXQ1OF9rVkdRMldhUkZqR1kyaTNzMFdDeTdCVTlERHEwQUwwMzJfbXZKQU1FLXRJZklfYWVnNDFzaDNfdXl0cVROX3RISDR4SDQxZnFnVFBmZi16QkRmZDctODNJOEdsOGJxR0E0WHBSMmNZNUpRVFIzREhMX3ZlWVpnblhsUjAwUWItcmI4ZDJFUzY0YjJyQ3l6ZVF0NXFFLWUyZFhKYmh0SC1yOG1vbVRsWVlLS2VUOFFFQzNnc1JhYW9aazZlM0wwYzRJaVZj?oc=5,Time Out Worldwide,2026-07-29,negative
NYC Subway,Man put his fingers inside woman riding with 4 kids on NYC subway: DA - NewsNation,https://news.google.com/rss/articles/CBMiiAFBVV95cUxORHdlTkFZWWhYZEVrQk5DUE1YUlJaUG5vdEFwU1lCSDQycWMzZ1AxQkxsdFc1aXlxdVY5X0dGaG0zWWxidXItc1B2bG15SmJIdDJLN3phb0t2REVWbWJxY1NvU2dBdTVCcXZDZEh5cm9FQk9GeWZyb3c2ajdLYXRrc2F3N2FPWEhW0gGOAUFVX3lxTFA5N1cySFZRcEstOEN2RFByVGFsY1VxazdWekVjOGIteE4zSGVwT051ZGJzR1E2alRhZU9OOTVVNlNYY3NZN0lwcUktczB0ZDVrV2ItVlY4SkhXcFJqemhwYm1xZ19rbHJQaW5BSHRpTTJ2LUtLeWpHMUF3S3lkX19tUzNIZ2s0U25mNGx0ZHc?oc=5,NewsNation,2026-07-29,neutral
NYC Subway,"NYC girl, 16, hits beam during dangerous subway surfing stunt — and miraculously survives - New York Post",https://news.google.com/rss/articles/CBMikgFBVV95cUxQWHJVSmNQZGNWUUZRTFFtZTBzWW9WR1hidnJ0cm5rVm0xMTQtajhWNzJSN01YbkpMbk03VEZacU1sYTQxX015NmpQQV9TSnhEbC00VWwxdC1GaFRsYzBRaG5paXJtLTZuTGZMZ3NqY0pwS2MwN0oxR3FjU3pwYXdkQ1BXSnpUdGV2ZmxsQW04OGgtUQ?oc=5,New York Post,2026-07-29,negative
NYC Subway,"NYC subway crime: 70-year-old woman randomly pushed from behind onto tracks in Midtown, Manhattan - ABC7 New York",https://news.google.com/rss/articles/CBMitwFBVV95cUxQN0tGREwyWS1HUEV2aG5qRmJQMWk2enlfc2FqcFBwbUJOazFFRlJfdEVtdDBzM050REVGWnYyR05TczNtcVFQYXBNLUk0Q04zdmNZSGpzOVhkY0pjSlh4a1VxTmNZX0tzNW9zbDl6TGRrdUhPY09wLTNnOVBEd1dTblFnYkFnMkw3U0hxTjdTcjFtNlZPdjJ1WkNlN3JPZjNnUkxFOHdTblI5NlhmVjh4Z0I3ZzNqeE3SAbwBQVVfeXFMTldKSFlsMC1Wbm51MWtSSVlyUTFIR1h5bEU3Yno2M2IyQV84SVlHZ2tsYmtPc2Nqc3VQeS1RZEtsLWRadlBkWVB1eDF4WTB1aG1RNDU3Y3NYY1poZ3dpcEt0d0d3Z1VseXBVZ3VIWUh5Nm1RQmlnNEppcVI4R2V6cjMxWV9iemJKY3hFYWNKcDBaZTQ5eDNRZGlEelV1VDVFMVRIdGhyY25ubUl1aE9BNnZKWVRHY0xvaGo1Zks?oc=5,ABC7 New York,2026-07-29,negative
NYC Subway,"1, 2, 3 subway lines will undergo service changes for next several weekends - FOX 5 New York",https://news.google.com/rss/articles/CBMiggFBVV95cUxQa3E3UjNleUJlR1FoWlU2Zng3czFDY0stajdsdWw1OEtaS3EzbjZ3ZXlBU0FCVF9JVWdkckppa3JLV2RNOWwxTFdlUFBQeGhtb05kSnN1YklZY0FvU0dyRUNHQkd6U1ZkYWI3Q0NqeWkyR1dpTk9zQkJxYkFtQWFaLWlR?oc=5,FOX 5 New York,2026-07-29,neutral
NYC Subway,Degree Deodorant renames NYC’s ‘sweatiest’ subway stations with MTA stunt - PRWeek,https://news.google.com/rss/articles/CBMipwFBVV95cUxOYVVzMUZnaGRFQUZyeUNtT3VVLUVZeFo0bkp5R0lHWHBxSjdWSXNfT003ekJTcS1TajBqZENiOTdYQmYzUlBhNWc4U0J4WUF6Qmc4SlZMS1ozUnp2emdPM0N0NkxLdTlGNklNOWxKemcwZjZ5UDQ2Nm5ENXB5M3QtTjdrSF90dFl3UVc1Y2VGeE9GM1RiWlMyYWNHejRRZXc3b3RseXpVbw?oc=5,PRWeek,2026-07-29,neutral
NYC Subway,Teenage Girl Hospitalized After Hitting Overhead Beam While Subway Surfing in N.Y.C. - People.com,https://news.google.com/rss/articles/CBMiqgFBVV95cUxQdnhPZUpZOWo1NUQ4V3R0aWdNeUVMal8xeUJucXdJMkpuaGdVRHNEd05nSDlvV2ViaFFHRnlfY1BlMEFONjVkbmZDcm9nQWJ6SjFCVnExTDBIcTFjNFBXVEk5NDJaTkRQTGtoaGhMNl96d1VxVG1oNkxCcExyajRQZ2hvUGVBSVhKR0ZSLUU4YjdoNEVlSnYzbk9NQS1WRXJER1NhOExKWlJwZw?oc=5,People.com,2026-07-29,neutral
NYC Subway,What to know about subway service changes this summer - NBC New York,https://news.google.com/rss/articles/CBMiogFBVV95cUxPRXJZMmhOSWU3aVEtMTA3N2dUWDN4MW9IbHdjeDFBTTMzM3hzWno5dU9LbF96RElkTm5QMExiMUdEUkl1NTZRZWRmQ0ZONm9NM2hDNGhWdXZoNFJacGQ1NHpJaFppaUUxdUFpRmhjLTkxVFZjV3FpbVJGajVsVXoydmtxNFdXdlphN2N5d3hrREFLb1M2UmZrZnVzVk5EeGkycGfSAaoBQVVfeXFMTVZ0UWU3cDY3d0J3UXFDa3JzQjNkaS1Ma1ZFaWtKeUlOLU9hNC1pYjRLU2EwWjRPamI0cDZlUHJHTUVqTFFLZGhGNWVXaWw1ejZLRGxXVWJ5WjktVjhyTGh2MndHU255SnBfbm12Z3dpNmhxNmN6Y0x6TU1hNndHdzdmSTA2UXNQVnFiV1dpbVA2enBGb082M25XRHMtOFVNQTVwQktZTm9jT0E?oc=5,NBC New York,2026-07-29,neutral
NYC Subway,NYC Subway Ridership Has Recovered on Weekends but Not on Weekdays - Apollo Global Management,https://news.google.com/rss/articles/CBMiywFBVV95cUxNM29PcXluYzd4VFNwOEM5UG4tdi12akpUTFZiV1BHYkdURVdXdlUzT1JDSEZVdFVYam1wSW5lOXk0U3VzTDhLX1pqVUNOU2FfYVVTQ2lxemtKZ3pERk1pVEZTQ3FNLU9BTGFtQ05tdDJ1dVJud2hHbjNDWldJckdWVG9hTDlaRTlEX3B1aUxtc29EZDBJajB4SlVPWXR2aktjOC1USi1OVzZkRHBHT1o5UFlJbThzbXJ1RFZtNXlyN2NpNEdxSkE3U3R0cw?oc=5,Apollo Global Management,2026-07-29,neutral
NYC Subway,The surprising geological wonders hidden in the NYC subway - National Geographic,https://news.google.com/rss/articles/CBMigwFBVV95cUxPd2o2emRxZ3A5QVVDNWJYZjQybEluQ0dZNHFZUFJOU0JFY2ZtakhrWEYtbnl2WnduNVdFU2w5TURTdGdwUVE2STc4MlNoZmJ0WndFUkxfWjRLS2Y1VUsxRmFVeEFNbTNvS093dUxGU2ZUaXd2NWk0TFVLbWp1RVFuVUpkRQ?oc=5,National Geographic,2026-07-29,positive
NYC Subway,Man stabbed inside NYC subway station: NYPD - PIX11,https://news.google.com/rss/articles/CBMikAFBVV95cUxNTUZBQWRrNm4wTllWMjFTUkhrX1RuR3Y3a21CX1EwSW9SMkcwelB6MVp4U0xCRmtIcExGU0tiUGc0emoyVVVPY2I3RWl1ZjMyOHd4TEJYSGpjUGEwV2ZJTUo1WmFoT1UweVI4cEUzM3lzOWJqM2xxVFFUZXV5THpFaERKX3lXNHZtdkFhM2VtUEjSAZYBQVVfeXFMT3FDcFR3TUJsNzhWVmU0bmo4MnNfYk5RdGJQRFo3Tks2QVoxV243RjZ1R2NkZlJkOEdnbE9HNUU2NXBmeC0zRVRjNUQxV3BwSG5HdlBsdmNydUQ0SU1fZ0FwV09wZThwdHZhY2JWTG5paDlFTS1pYjhwN0dHSmZMZmdWV0IzREpHOXFWbjA0YVV1Wm5Tc29n?oc=5,PIX11,2026-07-29,negative
NYC Subway,Violent parolee arrested after allegedly tossing elderly woman onto NYC subway tracks - New York Post,https://news.google.com/rss/articles/CBMiwgFBVV95cUxORGc2b0RDaDB4QkxraVpyUDNqLVBQUDdhNnN1STBaNXBHTlB4eU12U3ZYLUhZQktDZm9wTTMxRHVKVnZaZHRyUG9fbVNodURNcV9DdlUtZHN5VEVhbWp4WDJPc0RpSk4wNTFsQjRWU2gzUzFxQnZ4U2t1a0FtcmdHLW9CMzU5SjZsc2dXMXk2cHEzRkxJRFEtSXNvRkwtSkV5NEZ5RklYbS03Y29iNlloRXVFWHNCalB6WFBVRWYyTG45Zw?oc=5,New York Post,2026-07-29,negative
NYC Subway,Major MTA repairs will disrupt NYC subway service for 5 straight weekends through August 24—here's what to know - Secret NYC,https://news.google.com/rss/articles/CBMiigFBVV95cUxQSXBRUjN1MHl6UzdsMXN2OU5xUTdqNVFZT0tsbzJYckc1YXZUY3NISmlHQmRQQzhKSHg1M2gtN29Hd2ZhbTlQd01GNWcxcXNGRGlNSGd2TGt4czdjYWllT3Q5YzRkdEV5U2RjaWdPbjlsUkpWblB4SURNVkRNWUNLM1dGMDl3WnYwWGc?oc=5,Secret NYC,2026-07-29,neutral
NYC Subway,"Plan ahead: MTA repairs to disrupt subway service on the 1, 2, 3 and 5 line - PIX11",https://news.google.com/rss/articles/CBMipgFBVV95cUxNcGh5SE4wN201RlhoSm1ncDBoQVN5bXQwdmgtZWdmcEJJdEkteHFQMFlINml3VDNZQ0RPNEE2Y01Mc0dqRU9rc3dnSUxETXNpWi1Cd2JoanRoWWl6UHU0eHNwYzhqOXc4cVZPaVoyTU53dE1CaVFDRS1OZEg2UDlXTHdCTU40LWVkcmdBdnhTQlFvOVhMbGwwNXRCSXFET0NIM1V4TnV30gGrAUFVX3lxTE9jTDVTeWRYSS02RHdGQldLeVYyT1Q0TFFqeDBfWDNYV1V4RDE0MHNxWHE0ZjUwMW1aaGJEX1RKMHdPT19ELXh5VW5iYTBySTRoX0FDdjAwTk5EQnpJUWE5T2ZpTWw5UGs5Ukt0dmw5UGp3TXlac3ZfUGRNaThBdmlQNWhjeEhNS3FiaUN4MkpPS1h0OWhOaDQ3SnNiS2VBdUplcWlBZmZXTFVKUQ?oc=5,PIX11,2026-07-29,neutral
NYC Subway,Teen girl shot in chest by masked man during robbery on NYC subway platform - New York Post,https://news.google.com/rss/articles/CBMimwFBVV95cUxNQzM0OXhvblVTTFlPTlJRTHY4MTdyMlRpWEJydlFNbTlrYU5lYk9Wb3lQM1Y5V0dBNzV3Zlc5TkNTdEdfcnRIY1AyMGlwS3lJTy13Y1ZCMi1JbkFPVy1zQklQTE9qSGIzaUk4bzg4c0YzUm9Wdnh5bGR5WTJJRDBVbzY1SzBMOVBjVmpqcHhjUHNOSk94M2xFQTlEOA?oc=5,New York Post,2026-07-29,neutral
NYC Subway,18-year-old woman shot in NYC subway station: NYPD - PIX11,https://news.google.com/rss/articles/CBMimAFBVV95cUxPbGZHbDBQMEN0ZHlDYS04SDZiZ3lYNmcybUVFSnZYTXJKczZLbGVlMVVVQ2hSSWV2QzhlU2Zad1F4eXlJeVNwUXlmZHUzV0pJeUhPNXVrMmwwaVdpbXZrOHNFV0JTRUdMN0RWNEVEY3VwbG94a0VzcTZsS0V6RHptZmRrVjdZeHl3d2tXc1Q3M3J4bm9OVUlQMtIBngFBVV95cUxNNEJxcHRtX3NpZXdvSVhyeFF2Y2k5RFNXeWlqa2dpbnBpMWdjekhlNFQyMy1vUHZmaWxJQ2xvQzVuMWNiQlZXdHdzR1g4T1B1TExyM2Y1d1JWeUJsSUhoUGtEa0VkVXJpdnY5UExrT1FQX0R3Z1Bya1FaQjRyaVhWQVVQT01HMlR2Nl9Ebm83Ui1fQmp6dGpKM3Vta3Z5dw?oc=5,PIX11,2026-07-29,neutral
NYC Subway,Exclusive | NYC subway shove victim recounts terrifying attack by unhinged stranger: ‘Nobody helped me’ - New York Post,https://news.google.com/rss/articles/CBMirwFBVV95cUxNVXNoSWJrZktnTWxZTkJkazVqLWZZajkxQlBJUUtfSTNNbE81UldieHJuUkUyY1R6NzE3cUVqa1AyNzdTVGhqMEVobjBqWGpvaTN6M1BSaS1xV2xyOS1ZQmIzaWthN3BmSVpEMGhWU05xLUNtd2tySDJtWEljazJ2bFZEYW1HNE1zT0N3V181RTFMb09NSFV4Rlo1SVEyeHFaRVU4ZHlGNEVFMXFaVENF?oc=5,New York Post,2026-07-29,negative
NYC Subway,"NYC subway riders face major 1, 2, 3 line changes this summer - SILive.com",https://news.google.com/rss/articles/CBMioAFBVV95cUxORzVIdzhYRWk3OWJzdGJ0WTY4UFVRRG0xaXFhVHZOZmRPdl9oLV9LVkZyTno1bW40OEhjSW1ueDdHc3ppeEQzRG8za2RuRGV3NGd3V29nUlA5TXBiQVU2MFVaWmlaMjhDWHI4ZUc3c0xDS0U3YTlSNS00WGlyOHloT1U3THhlb3R4YmJ0Z2dKQTBFWlVNUnVMUlloeEJkOVJ30gG0AUFVX3lxTE5fU0NoQTJqNmt1ckN0MlNhVlFWVEsyaEpzQjFRWURjdzNfeEtqWHpGcUlOdVFWNGp6TE02SUJyeHlkLV9kUnB3MTZIVTlzX0s0R09QYjhUQlpMSlNSajhYS3ItUno5RnA0TWJkWko1MWoxc0cyYl9ndU5vVWhieFdWNDMyaHZXSzVqWjRsOHIwWDMteVFLRnJmNFBwR1hjWnRlSjFDUnRvRU5iVVI4V3k4Z0xaSw?oc=5,SILive.com,2026-07-29,neutral
NYC Subway,"Fiends beat, rob sleeping straphanger on NYC subway train: cops - New York Post",https://news.google.com/rss/articles/CBMiogFBVV95cUxQdFZNTG4xcVRqWXZ6MWVkVE80U2FIQkUweXhXTVNmeTV5eWRyM0d4ZWNqWlAzWkVLSW9wQXJsSlBTX2VEaXhxLWxvOXhfdWlGYmRBWjhOV0I5S1hLWC1zLWNnZndYMk01WnV1NG9yQmRwQ2FVSXVwY0RHcE1zby1jaXZGejA0OUluSUNveXhuM3lRUndoeG5DVGs3c1IzdHM5VkE?oc=5,New York Post,2026-07-29,negative
NYC Subway,NYC’s Subway Rats & Metro Cards Inspire this Nike Air Force 1 - JustFreshKicks,https://news.google.com/rss/articles/CBMidEFVX3lxTE1QeW9TXzZlenF3SXNRcXdNS3BaUzhaVjBFbWVObUZ5RExiNFk2YjdQNE9wd0ZJdWhNdTh2bE1kekRYVzJNOUhmWEdYV01YYW1WbldmYlN6Zmk0TmZvRk1qeVhKeXUySThLRnR0X3RaQ1NwcU40?oc=5,JustFreshKicks,2026-07-29,positive
NYC Subway,"Rikers Island guards, NYC subway track worker took part in $3M check fraud scam: feds - New York Daily News",https://news.google.com/rss/articles/CBMimwFBVV95cUxNZU1CbGlrcTJEbEE1Ul9SanFVMzVKc3B5bEFjQm53TVpnTE1FSWlGMTdhTmROQ3JBbG95c3RVSnVnN3ppaXFLOFVMMGV4VjhjeXNWSWdaQTlTTHBITlYyODBQc2Q2U3lPd2pZWVg3RFJTbzRlVC1sZ3E5Q29qUXZ3QUxQWEg2ZmZrUTUtTFU2RE52VlY1T2VnRjFfRQ?oc=5,New York Daily News,2026-07-29,negative
NYC Subway,"NYC woman, 70, shoved and tossed onto subway tracks, suspect arrested - New York Post",https://news.google.com/rss/articles/CBMitwFBVV95cUxOM3JWOTZYLUVWZUdPNVZMbjY1NnctdTdQd1d4QW1lek41azVxYldwdHlJbkN5WlVNcWctT0J5Q2NrV3BwVFZRQ1JpcUQ3Vmo0SVJPR2M3UmNwd1kzb0J3RDRkM0xTZDJZLUlyNFJKMWtpZEJwdEZFd29JU1JObFdVYXlVLUpIT0V4VE1tMExabkRFb0JlWVdpUzlUYWdYRHZXeXQzWjZ4dXZXQzRkUGZKOGItdERxdTg?oc=5,New York Post,2026-07-29,negative
NYC Subway,Nike Air Force 1 Low '01 'NYC' Release Date IV6999-001 - Complex,https://news.google.com/rss/articles/CBMinwFBVV95cUxOMEYwbXZONFlYNl9EeTNXcFRQUm4zdnlYZUR5VUJoSmJidktGZk90akZCUU9NN3I2WnRnWWlBOGFwVlQwU0ptWEpDdndkY2hKeWpDTlpHYWlKX3pMWkJHVTFXU1ZSTkpIdDVyR01Ua25aQ21xZnZ5Q3JPM2ZfeFEzLWltOG5qb2ZWR1Z1ZEwyS1F1LWlZdFFnMDBmbVUxZzg?oc=5,Complex,2026-07-29,negative
NYC Subway,NYC plans sewer upgrades after back-to-back floods - Planetizen,https://news.google.com/rss/articles/CBMimgFBVV95cUxPdVU4LUlmeTB4VW1tOEpOUU9pWFU0LTJLaDBGVTBIVHdFM3FENUZtTXVrc1lLd2U5VGVPd01LLUVDVjZGU2NtdVd2UFQwaFphNEY1QUkwbW1VNlNodTRvczNSR2t0ZDZtdndQZ2tWTEVQdnV5aXM3ZVBPcUVpZGo1WFBXc2hFVncwSWhtcVRiNm56TkpMMlVVeTFR?oc=5,Planetizen,2026-07-29,neutral
NYC Subway,"1, 2, and 3 subway riders to face five weekends of service disruptions - 6sqft",https://news.google.com/rss/articles/CBMihwFBVV95cUxPQ2JzV1F3Q3NqVDZ6d0RpN2pMVHVjczQtWDFTX0dpZFFWOWZ1eGxUa3NUZlhVMUhHRUQ3b0hBaXNKNTVtYWJzc2w1aWVaOXF1Rng5NkFodlphcE1mQ00tUWp6SncxZ29wUTZoU1hTdFQtQWJwVjZzUUc1QU5aVHkzZ1V4a0tWS2c?oc=5,6sqft,2026-07-29,negative
NYC Subway,"Exclusive | NYC's subway crime spikes in all boroughs, while citywide total down 1% - New York Post",https://news.google.com/rss/articles/CBMiqwFBVV95cUxQRDdXUm9xdGxKdzhOYlhkRmRITXV2cnpiQnl1MG5Ma1FBdnhmNGpFZXJpNXpnM1JDa1ppOFNuRE9ic2pOWEdaOW82YXVIaVlBbVZ4VlN6VWlvaWZ1WGU4UVY2M2NfdVBaMjJrV0M3LVRZRkhaZ25WZ2tLZFlZZFZIQkpVR3VjS29BeDZNUTRuQjZDU21laTA5eGI1UncwY3RxVlRvUFJLYllKdVU?oc=5,New York Post,2026-07-29,negative
NYC Subway,"Accused NYC subway shover unleashes unhinged rant while waiting to face judge: ‘The cuffs are on, I’ll break them!’ - New York Post",https://news.google.com/rss/articles/CBMi4gFBVV95cUxQV0o3VU43QzU2V1ZFanBoYkRnLVQzUTZyeTNyX1NqOFZJaFB2Vnl3LWdiT0pkcTFLMC1CWHJLRnpZbm5McG0wN3hrUjZwZHVZRVdxdWRsVnAyazZGMURnNm82YjBvbjhmdThtQVNRYlZnUnBDeDYtTUJCeXVFX0dvSHQ4WWN5ZDhmTG5Va3lCamJYSkNBRlkzRlFqYVFBX0xfalBjblNjMklPM2I1TGdlVFMtX3ZEeU01MlNBaTc5Ym9PVWlkWEhCVUZCLXRqdTZyYjltWFA3dHZOaFVKRUdlbDdn?oc=5,New York Post,2026-07-29,negative
NYC Subway,Teen shot on NYC subway platform recounts fight with mugger over Steve Madden bag - New York Daily News,https://news.google.com/rss/articles/CBMiwwFBVV95cUxNd2pYbllSN0VnSlZLM0Ryb3kxMU56Z19uM25CeF9YelNQcEpIVTRWN3FyX1NOVzhGZmlaVm1DYkVoMXVWOHJrUDJNM182Skc2UHVDTGVmWk5qbXVQTzIyc2s3dHVfQ2xQMERPX3AwaVRSN3JvVUdSNXY5V0hYMm5MM2JsYUluRDJqUlphd01CcUhCS3I3QUFZbGpBd0Z6blBzTk9JS0thUzE4UW04T1lDTlRSWTA3Q1ZSZWZwUVJmLWlkdkk?oc=5,New York Daily News,2026-07-29,negative
NYC Subway,"Brute punches straphanger, 65, in face inside NYC subway station in random assault: cops - New York Post",https://news.google.com/rss/articles/CBMiuwFBVV95cUxQYUdid05SeXJqejdiaXlnb2hsN0lWbTRhYWpuOW83M2hjRzBTVXE1b1pzM1hKOEJwYjUxZTVmTE81WkF3YTV4d1BHZHpqb1QxcEpBdTRBTzBUNEdGQXh5QjAyUmxnRkIxRm5lV3YzdjdSTGFtb3MwYzNGc2ZxWU1sMnZMUEc4S0tOXy10Y3NZVHBQT2RVNzhfblI5TVFjWm11VEdCVUozaVlwdkwzTmJ0VmVMTlh3UHVmbzQ4?oc=5,New York Post,2026-07-29,negative
NYC Subway,Teen arrested for sex assault on a mom with kids on NYC subway is Yale student - New York Daily News,https://news.google.com/rss/articles/CBMiugFBVV95cUxQVkp0NzJ0YWNkX1YtTHRDWkVIQXMwdEFxc3lGUzlJMm81eEJGckx0YU5pbE1MWkVSZnR1c21LVWs5WDRva0JGMlNXbl9KcmVyaGJ5ekFkMHYzV3pOcnlZd0xZUS16OFdNeTFYVHZ3aGYwOXZrOFQ1MmZGcWhpUU5UV3doVENEZU54NVdPV09tOWR6VFREMzJvQV92STVleDB6bENHdGwzOE5DMjVXcTZTZl9VU1VVY3FiYlE?oc=5,New York Daily News,2026-07-29,negative
NYC Subway,Major NYC subway service changes planned for Memorial Day weekend - PIX11,https://news.google.com/rss/articles/CBMingFBVV95cUxNUmd5RTUtVlZidXFVcEpVX2p1dU1hcDMzajc2OVNLbHE0ckVNQXA3MWs0TmVfeXlKVllSVVU0N2Y3eXp2RGlJeUZ2NVE4TFhZRE95Z21xYlM0cEhJeWZkczVmdDJ0czQyTXN5Z0lNUTc4T2tlRGZvdjBqRnU2anRZLXVhelk1cDRKN3FJUnZ6eXM2SjM3d04wc25OV3QwUdIBowFBVV95cUxNVmpJN0xNbVdHNGo0RTVwMVRJcU5zQkJ1VUV5ZjRZUnRJaUR6RkRMcTczdmoyclh0SVZBaG5PSTZhNkRRdG12RWVZYU5SOFdlbXlCZTBWZ2t0TXJSbFFac0JtS2o3MER3V2c5NjVpSC1HTFlBWnhJMFcwVWlRMlVaenhzQUI5a0xvS1l3dE5BWk5PYkpCcUJOVXo1bnhoNThmdzlZ?oc=5,PIX11,2026-07-29,neutral
NYC Subway,Teenager arrested for sexually abusing mom traveling with 4 kids on NYC subway - New York Daily News,https://news.google.com/rss/articles/CBMiugFBVV95cUxNMzFWRGR6V1Bsb3llc3M3Y2ZNZzl6MEk1U01hbjVFUDg4YVM2RDdDVUo4b3o0YUtJcGlHdVNCUXg0WmtqUkhYSnN3RzJ0cnkySFdMWGppeTQ4ZGkxeUFwa2NHb0thcFcyckpFR3didHF2YUxQbjIyRkpuWVRvSk9Cc2VuQm4tVTAyZG5lVWh2V2Z0ektCNEgwQVhxU1Q3MEZhUmhHVlRtZFhYbWZXMk1iV3VHR213WDJaWVE?oc=5,New York Daily News,2026-07-29,negative
NYC Subway,Ignore Mamdani’s gaslighting — NYC subway violence is worse than you remember - New York Post,https://news.google.com/rss/articles/CBMiswFBVV95cUxOY1FFRUE3b0MwMlU4dFQxcVNXRkdmLTBaQmF2ZlRQbkpzc1JjV2FvZlNsRnluaEhNQldBT3JEajZ1dWJndVZTV1FKdVJwYzh3YTlWTm9lcXo0cTBpWkcxeUZBTGhOc3RDcE1sUXJzMHYxZlY5Zjh1WEJXeS1IemRLTFFONGZPcDBRckdQdHpLazNLcU1ScjhKUkZKLWMzMXlIQmlhNUNOblR6LUNJVEpSRjkyQQ?oc=5,New York Post,2026-07-29,negative
NYC Subway,High school senior gets over 5 years in prison for setting homeless man on fire on NYC subway - CNN,https://news.google.com/rss/articles/CBMiiAFBVV95cUxNN2d3N1JNdFRwcElCX0ptYnF5S0VUb19iRkQxX2hwcU9VTDdrRk0yMGpGVlNaT3VCbmNNQ0dyTk5NZWNMSC1ka1c2LUFLeF93V0JmSXNHWE5wdlBGdldwZThmRjBONG00UE9lRm56OVBMMldlV1czQ1dteEV5MHRzam1VTXI3V19l?oc=5,CNN,2026-07-29,negative
NYC Subway,Man stabbed in the back at NYC subway station: NYPD - PIX11,https://news.google.com/rss/articles/CBMimgFBVV95cUxPVE9sckY0eW0wZlREU1hjd1BVTmJtLU1aczdwTl90eGE5NFYzblIwZXpXcFE4U0VybkZDRW1DeXE1ZFNSaDg1NXpqUXdyV0lySVlwZmc5azF2OFFiSlc4QW91YUVzZXNlV3RVZHp4Y3psNXBZYndEVnNCSFRfcExKTy1iUnUyb09pNEttN3NfV1dKUUw0SmJxazN30gGfAUFVX3lxTE1Pd1U2bGhPSDh2N1RrN3hXaFlsc29fTHE3WS1VV1k1d3NaeVkzSU9MODFaT0hhLUNEZm1MdHRGU2FCdW01bFppdW5GdllrbDFvYUE4SzVwYUZTb2FueURFODhmVXJkdDVmSld6N3lNQnpQV3U5SVhDWmxVRk1XTDdmZU9Qa2VHVTN6YjBMak1SLVJtS1ZEajhzNWRXblVYOA?oc=5,PIX11,2026-07-29,negative
NYC Subway,Teen busted for ‘my bad’ NYC subway grope is a Yale student who once railed against sexual harassment training - New York Post,https://news.google.com/rss/articles/CBMi3AFBVV95cUxObGFkQ3htWnRUb3l6MFlrRmRrZEY3V0txMW1sTVVpbUlxSENZN3IyNTM3eHJPd0JLQzM3RHQwMDItdDBGeXQ3Q0pybkVMaFUwSThRU0l4OFdtdHBMU0NKM1NLYWRRdGw2Z2N3V2Roc2VrY0djSnlLRnB0bHBzT3l3Y3JsME52cC1NX244MnJ4QmZVV055eGgxekdibE95bi1Eb0F5XzZlNDhUMXZpdGFiNzVlZEhEV0UwNFlJNmxtSGZ2M2d5b1FBc2JVMjI5NW1tRy1JQVp5ZjYwSEFR?oc=5,New York Post,2026-07-29,negative
NYC Subway,We recorded the temps of NYC subway stations during 100-degree heat wave — the results blew our minds: ‘Dante’s Inferno’ - New York Post,https://news.google.com/rss/articles/CBMilgFBVV95cUxOODVpX24wVC1yRVBtdG1qWVVwbEd1c3NRS3JOdkxpdjhpdU5JcDdVVnUxamZGZG9ER0prdUZXWXBfQW5jTWhrdU5Oc3hlUmpTUk5QNm9QTm9PUG1JV3dCR3JWbWRhajNFNGw0a1JaWFJUX3V2bzhUanpQT3dsbkVseXNRemFQSkxrTFpTNmpycGZLTXNxUXc?oc=5,New York Post,2026-07-29,neutral
NYC Subway,MTA debuts trains celebrating different countries for 2026 FIFA World Cup - NBC New York,https://news.google.com/rss/articles/CBMijAFBVV95cUxNQ0Z5YVZwT041eEdhYllmX1FtalNWTUJ4UWkzandmQUhXaEdMRHdBU202UUFtUU1aYjdORXh3SjNZXzdaOVBySFU1WnV4djBLeFFZLUhUaWstelplaWl5dDlmWk5SYTV4ZGpITmhoR0NYQkxyRkVHUTl2d3g2TmxxeVFjbFBQSy1zMVpnUNIBlAFBVV95cUxNUVZVeVVyVnlZX28tNW1SS2pqc1QzT3JCQVppSzlXV3RpeXNYYTJfemwzY21lVGhHTzV6dnVxS2pGQlV3YkpaQWMzUmwwMUxGejBiQXZIWC1XN2xFdC12b0I1azBKZWh0Q2VCemZXLXN2SU9XWkFEWHVxS0NfU0JnZ1o2cWg0MlppWVkzclhtU3Vvbnlr?oc=5,NBC New York,2026-07-29,positive
NYC Subway,"New app combines NYC subways, buses and trains - Time Out Worldwide",https://news.google.com/rss/articles/CBMiwwFBVV95cUxOdjFZLWp6NzJQRW44bDk1M2tUOVZ5WWhQMEdPZ2YzXzNpcDlUS1pidUxicHlzRllpOFFCWktMZE5CV0kzeDNQSDVmYVFhRU16SThVaWhoMHAwTlZpQTZvVjgyUkNZX1dZM202TUpVdmktUDU4TjktWmVYaGZ2T2hfS1dPcVZsZzR1LTl5d0ZNSy1uYXdERGUwYU1iQVItd2lKZXhwOVZRR01BXzN1Y0w2STVCanBXQnp5V2Q1WkxIT1Z5c2s?oc=5,Time Out Worldwide,2026-07-29,neutral
NYC Subway,Elderly man dies weeks after being pushed onto NYC subway tracks; case now a homicide - FOX 5 New York,https://news.google.com/rss/articles/CBMid0FVX3lxTE81ZHJ1bVdxX0dIQ09rYmNzWEFxQ2dhb3otVkQydmN2MUZyTjM4MGVhZU9YVjNwTUE5eGtKZkhBV2xLMkdiTXpVNDE3akJCN0doQUxFRmxGRWNPNDUxTnBraEtfejNGTXVNT3o4c3FDWWFSSEZ5eExn?oc=5,FOX 5 New York,2026-07-29,neutral
NYC Subway,MTA plans to replace thousands of decades-old NYC subway cars - CBS News,https://news.google.com/rss/articles/CBMieEFVX3lxTE16VkJCM2NMa2Y4SXFYak84UFVkOFdORWRwWkY3di1BUHpBd0JvN0prVm9oVFhxT2JxZXVlSXc0T056anotaHlSYnROYU94bXE3cjlUT0lqR2JmQnRpTXdsUEhRRlB5VTF4YkNSTGFJVWlxSGxJOUx1cg?oc=5,CBS News,2026-07-29,neutral
OMNY,"OMNY processing issue resolved, says MTA - PIX11",https://news.google.com/rss/articles/CBMif0FVX3lxTE82Y1Y0VjBjYkNZT3VaTEt5ZTNDdHVtZ2otN0ZlVTVQNzYxXzNtLTlMcDBDRURzakpPdUQzd0NRclZMRzh3eVJvM1dVbjNNVlFYZ3dMUG55ZnV0TzlMYm1KOHhOcThKeTZIeENkZDh4OU1SREZjbXp6NC1DLThtc1XSAYQBQVVfeXFMTk9yTWZEalE1c1RFUDF2dmVpTkZSbUFTUmtSNDlUME1XTHNSODA0XzFRanVnRWQ0T0gyLVJxZVBLMFh5enpvMkkzVjUyQmhiWVFkTVdUaWVqVzdueDY0QWphWnFXSm9Lc2U3dDJETTVUajI2bEdmMFoxeVR3X0R3ZGhpb2c2?oc=5,PIX11,2026-07-29,neutral
OMNY,OMNY machines are back up and running after technical issues - CBS News,https://news.google.com/rss/articles/CBMioAFBVV95cUxPRlY4QS1UQlFIZ0d5eFZ5YXhGZU9qczlkV3RuN1VCb25WUHpyeEYyUTlOQ0c3bUpCeUFWU3RhU1NEX2IyenltM2FHLUxjX3BxTkNmeG1TRDRMd29wTHVfVjh5Q1RlWTBRbFNwVHRQSXlfV05kTk9GdFJURGdpaXZpWWV2dWtma0EtZ0VkaUVSNEFYTzlna1pQMld0bDJfNlRF?oc=5,CBS News,2026-07-29,neutral
OMNY,"Goodbye paper, hello cellphone tap: NYC to pilot digital student OMNY cards for some schools - Chalkbeat",https://news.google.com/rss/articles/CBMilgFBVV95cUxNZFoxc21fcFVyUzNrNkpua044MWJxSHZrSXgwLWRndHJtOFBwbmVMZ0lqRVRsdGxGVmoxR21IV0pQZFpkaE9mVFBxak1oV3RJOHpOTVUwTkhnczNtcVZvOE9iaFk3M3k4Z3Y1M3NRWEMzekxxdlNjVmR6VEJaNklINUt6YzNUY0ZtN3ZvU18zM19jWlh1aFE?oc=5,Chalkbeat,2026-07-29,neutral
OMNY,OMNY celebrates 30 years of service to local youth - GCJ.news,https://news.google.com/rss/articles/CBMifEFVX3lxTE5LVnFsMDJyVGd3VlRDYjhRcENsc2tFa0lpMEY0d19LVlRoX3M0V0J1Y01UTjlHZm1Ma1oxbklFV012Ukp5ekNHeTVEUHphZGQ2NVBGSDVZRU5JUEw3VDRTcEstWllsZHY3RmpEX1VuaFNLLW13XzJ6RURmMEk?oc=5,GCJ.news,2026-07-29,positive
OMNY,Farewell to MetroCard: NYC commuters embrace OMNY - PIX11,https://news.google.com/rss/articles/CBMiigFBVV95cUxNenNiYUJwV25uUWUwWjN0cXl2Sm9CRUZibGZlS2tHakZyQ3pFdVA4V0FWTzAwRkZkVDFkdk43MjhvTmc2R3dyMFplV2lqTy1wTGpJVUxUeU5SSGNXTTRMMVFzQlhORzhkTnZSMFBSWmo3M2ZZbGpaSnZib24wUHNOM1owM21UUjlZakE?oc=5,PIX11,2026-07-29,positive
OMNY,"EXCLUSIVE: City Council funds free OMNY cards for over 1,000 CUNY students in city budget deal - amNewYork",https://news.google.com/rss/articles/CBMiekFVX3lxTFBYakVQT0x3Tk5ycDVTV2htbnM5SjFJTHdsa0VTMTlyU05BbWRLVmpRSTNRSi1YM3NvMWdLNXlCUHpRZHdtVEI3ZUNlYzJOeUhpNlRkdHVhRkFGU3ZSdjQ2RVV1d0lfYkxfZ3hHbzBpN1dvVWdXdk96NGNR?oc=5,amNewYork,2026-07-29,positive
OMNY,"Students, pols call for OMNY card changes - Queens Chronicle",https://news.google.com/rss/articles/CBMizgFBVV95cUxPQzRiaDRhRUw3Sl8xLWlXT0VTVjVtNWhoWVVRTmxHXzk1RGJabGsxQk5rdmJkTEo1NkMwOXJHRHJBelBpd1dWeTlsUldPaTRDN0VsUmIyaGxmbjA3RmdVQnVQZnZWelBBd2lKOVNJT3ZzVjd2ajZUUUxwMk5DSEpTMXBTVUJaZ2lGaVhPbEdiQUtSOXJKeUE2RWxaU3ZSSHNjcy1rTjgtRGpDSm5WUnUyQkRzbTd6dnhVeXdKMTZBWGlsdlZPNkxHUzd2T2ZEZw?oc=5,Queens Chronicle,2026-07-29,neutral
OMNY,Expand Student OMNY - Transportation Alternatives,https://news.google.com/rss/articles/CBMia0FVX3lxTE9vWk9WRjlRb28tclFKd0JNaWhBUzhmZ3c0dzY2MW5pNGNBQ0pWdUtKVldjSHNwaHcyRlo1ZkU2NldlQ2l6enAySVBYU0RhQlRnMEgwVXlFcEpkX3hIY2Izd2dtaS1BZFZFZHN3?oc=5,Transportation Alternatives,2026-07-29,positive
OMNY,"NYC's OMNY Card Is Here, And I Am Full Of Regret - Aftermath",https://news.google.com/rss/articles/CBMiXkFVX3lxTE1NR1pWVHJKcTZnU3BOMDZIZnc1R1QyaHFpN096bVhYejBTRzVEUW9NQUtJNzZ5SmUwVFVRWWhQWDVDNnJfamR5dXczdHJVblhQVE5IT0xWZ082dGhYZUE?oc=5,Aftermath,2026-07-29,negative
OMNY,OMNY Health Surpasses 175 Million Patient Milestone; Launches Oncology Product Suite to Solve Complex Real-World Evidence Gaps - PR Newswire,https://news.google.com/rss/articles/CBMijgJBVV95cUxQY0ZNREotYTZUWVhuckgzdFhOYWdWa2cwTTE2eHNHNTlLZWZnM2pMUFNtSVJacHZaV0dtYXk5bWVCaE5JQzJDV3Q2N3FzVzJGV1Z4ajFycWFkckFDbzc1amJVTWp4OVVDU2RPa3Y3Nll4NVNOWkIzNnUtb2xUakJoV2psdXJ0T3pjMmtkYllYbkY0YTA4VXhSZHBlRXV1MVRuLUZnNkNpVmw5czZSTXNpN2VNYWlUbHlYMWZNRzVEUnh3OUJWVXRxRzdydkN0bmE1cTk1dGJoM3U3TWM3dnl5SWZoZEF2bDJNcmNRSE1LV2lwWTdBQjdZS3BQSnVSRFlPZjJ1WHlRU1RUT3lMUHc?oc=5,PR Newswire,2026-07-29,neutral
OMNY,Westchester Prepares for OMNY Rollout with Full Bee-Line Installation - westchestercountyny.gov,https://news.google.com/rss/articles/CBMiwgFBVV95cUxOX0xQT2Z4ZUQ1THdhbGhoRmFMaGJFS1c0elhYX3VCWi1ITWxGZHVGeWlZdmtQNVk5cGh1SmFBcXg0cHhDTkR1WmFUcVBpczVrWG1FLXZJQnhiZ3JtMjh3b0ZkU2NGQmJqOWw1QlNudmc5TlZZVW5HR1dENnJzdzZvLVM5YktfdW5oUERaV0Y3bDJ2SFFXUTBxT1E0NjJiaXFFc2hOQ0RoRFZ0MU9ZT3h5aXlaeHR2NDgxRks5V0hpZjMxZw?oc=5,westchestercountyny.gov,2026-07-29,neutral
OMNY,Manhattan man encounters issues with the OMNY senior discount - NBC New York,https://news.google.com/rss/articles/CBMivwFBVV95cUxQOE54cGE2cmlLZ1Y3YVE0elBuY282Ym4wczFUNHpFNlRhNGxiUzQtOHU5YWxURVI0U0xyekZISlhtTDExQ1IzSjB6Q1V5bV9TSmZEQUt1a05YcDA1RlVoalBNbFNXTWxiYWdjcEsyUGI1ZktidVBQRzN6Y0tuem43SnBVMllJXy1MNFFqaXF3RzZrYWV0OU93SG04Zk45M2xMNm43NEI3VmQ0cVpLQTVwb2h5T2h6T3dLa3FwYThFONIBxwFBVV95cUxQcm9wUllqNXVMZzg5clpab2NKTlJNWnlMd2JwYklKZWRjU2pDOVBLWWVsdGwwOTFtMDV5TFJqczc3bDU4VHpzbXY3T1pSenpfcm9Za3lYRWRtdWIxTGtPUUIwOFFNNVFXandnbHI4bnVjVl9WcUQwQ3ZQS2hXcml1cjRBMVhQNEp1ampYRGhGYTFJWkwzcTFQTmQ2cmJlTlE4eTQ2UXdnRFJ5a1N3a1F3SGMzSGtwTjdXYWxwU3F5MDJNX2REWnhv?oc=5,NBC New York,2026-07-29,neutral
OMNY,Riders will see more handheld payment validators on city buses - Spectrum News NY1,https://news.google.com/rss/articles/CBMi4AFBVV95cUxQX2NWS0xhUW9vNUE5U0JzbVZZVnJHVVNybFBHdDgtQlFuQ2VtYmlPN2kzMUVaZ2hucWtrUDRLbjBzYU81dEJuaVJxeS00aVJscDl5NmdlSWl2RjI5TEl5WERlLVktanlDSlh6Nkh2X2VxaGxOVnhoMHpLeEhOamxtbHJROUZKaE5jbEVoRHVlTW84c0FTaEljVlNxc05yVGw0WTZweWcxS0E5RlNnNXNtaVE2Y191SWhHbUttN0FaT1VLSS1MV3NwbXlRRnNGSEVFNnE1ZGtMczM4LUZqTWdOMg?oc=5,Spectrum News NY1,2026-07-29,neutral
OMNY,Nyc Students Say Omny Card Problems Are Leaving Them Stranded - News12 | Bronx,https://news.google.com/rss/articles/CBMivAFBVV95cUxPRWY4TGUxbTBTSEhLNTVpdVNMcEE0ekQ4SW5EWHU5cjhHN00yWFptYi1LTnVmZ2pLNVdhRVh0NXBZZlBBeURKTThWWS1wV25pdEV5NFZ6NXI3alRwRzcya1FGbl9LRi1LcGZxUUN1OThBUjRwYkQ4b3J6c2M4TkNSajdRNWgxcHl3a1UxU1NCZVdId25icW1LaEgyREhBSjRlakRrRkRnVk4yMmJvMThNTDlQUmZiMWFKUEJ5eQ?oc=5,News12 | Bronx,2026-07-29,negative
OMNY,The MTA still accepts MetroCards in the OMNY era — but does anyone still swipe? Here are a few who do. - amNewYork,https://news.google.com/rss/articles/CBMic0FVX3lxTFB3R1M1MFY4Zkg4ZmMzQjdDRkR1WmdqM21TUkc1ZTg2T3lNaUQ1bEljdkdTMFh0Vi1GX29Nd1NCM09ERlVpRm5reUNGTXR4Um1LdUVudm00b1Y0WVBCZlBaWTExcnl0VzFLNDh4YkE2V2g4Zm8?oc=5,amNewYork,2026-07-29,neutral
OMNY,Some NYC students will get digital OMNY cards - CBS News,https://news.google.com/rss/articles/CBMijAFBVV95cUxPZTlIMFp2dnAyRjZncGVoRER5UlVJWGpsSGxRR0RKazFqTHVxMVFIeXNhNndWSHhNbi01UTFjS2N3YlY4b01qbldTQjc2Vnl3ZXZlSnpJZFVyTmVZUzZZN0VNRGVyWGxXeXZjaHJUNTFhYW5mbnJ0VDhKVTdqeE5aSTBUV1ZmN2pQLTRQUA?oc=5,CBS News,2026-07-29,neutral
OMNY,"Take a survey, win a $100 OMNY card: Here’s how - PIX11",https://news.google.com/rss/articles/CBMihAFBVV95cUxPWHpoeERqZWZQU0VCOWctQWFNdWVGcVJIdzFKcEo4bnRUR0xLY1JjQVNRc2xLdzRMdVN1MG5kZ3h5YktBMXlLX2R1Vk51STBTTGF0R0JpZHZJV25UM3VJUHlOeHJNV25sV0FkdzdMd2hCdVhRQm5xYl91RmdWa0Y3dDBCX2zSAYoBQVVfeXFMTm1pUDA2UW9fc0xhUDdPS0lqNnl6VG9RWkYtTmFPQ3JUNXJwbS00Z0dkeEpYbFpUVTNLVncyUFJFQ0xSYTBSbGNfU1ZwbnZSRnI4ckZ5NzlBcGpWV0R6UlpvaVdIZC1NYTZMR3hrRFA5UVFJV2g0dWxXRHBTUl9ReGF6RElYcy0xZWp3?oc=5,PIX11,2026-07-29,positive
OMNY,Free OMNY cards coming for some CUNY students in new pilot program - PIX11,https://news.google.com/rss/articles/CBMiowFBVV95cUxOSm9hblRVN3h0QURZNlcwQ1RnM3pvc256a2xLelZtdFYzWlRobmlZNGI4bDBNVG5Cdzc3b0NpOGoyMHBzLU5PbF8wQ0ZyRjgwbjhhdGNHckgzLWpKNTVkc2MwMl9RT05CMTEzbXdnREJ1QV9mWWFCVS04SXpGQ2ZCR21rWkdBbUcxYTR2MElxcUtJYzJJcnk3aGF1V2w1bUVWTTBF0gGoAUFVX3lxTE1kOFVybmJpd1B4bUJEVGt1Mm51UGwxLXFSUVZMMzQ2UE4ya08zUW1Ha3dHeXdDRnBqelN2bEVSQkZYcFNXTVBFblVDbkdTVGpmNFBvNUx6a1JzU2swT3ZHeFVfZ0tuaS1CZzlBQVlYeXVteEV4QzgwXzZ5OExlcHl0QUpNOGl3UUVUTWw0eUFQeGhieEN2QzFHdloydjQ3dFFsTXVXUHlNWg?oc=5,PIX11,2026-07-29,positive
OMNY,NYC Transit Just Got Rid of MetroCards for Fares. The Successor Could Put Your Privacy at Risk. - Reason Magazine,https://news.google.com/rss/articles/CBMiggFBVV95cUxNRUFYSXo2NjhWRUR2RFZRRTJYMlBIUDRoZEpjQWZYVGsxUlZua3JQV1labEZwczB1a1hHMl9LS2dWYXdhSmRTTDFOR1ZKNHdONHRuZ1lKNVlCVzU1aGxKak9LeXhQdl9Va2RST0JBQ2lNa3VUc0I2Ri1oa1puZXhncVJB?oc=5,Reason Magazine,2026-07-29,negative
OMNY,Where to find an OMNY card in NYC as MetroCard is phased out - PIX11,https://news.google.com/rss/articles/CBMilwFBVV95cUxON3I0YU94MWFETGJGTEtIUk56eVI5V25JczNueVNyOWdQbHB6Wnc1c2Z0TDc3eF9USk9kNGlXWXNNbV8tSUFEdEdnTFlBMWdQU0xVQjh5S1BmVV9yNUlWSWJlRkRUWGdrVmFhYXY0R1k4czg1SE44ZndJa2I5OUZoS0pfYjdjOTZQQTJVc0Fqa0N4QzUyZWp30gGcAUFVX3lxTFA2bExzSGR5Z29ENWdUbWdnNU1VTTVrLTh6dGpodlh2ejhVRzc1VXFabFUwUjl6ZVJ5Um1mMFpNNXRDLUQ3cVhzclNNczBxbC1UVmN0S2VMZEdlQXJ6Sm9aTmtRT2JFLS1lQXM1b1dfOWwxa0Jjbl9Vd0tmaldBd2t3VXBlM2RkVkhOTFpPZmMwby1ycmtsbEp1VjhvYg?oc=5,PIX11,2026-07-29,neutral
OMNY,"Borough President Hoylman-Sigal, CM’s Marte and Restler, Riders Alliance, the Permanent Citizens Advisory Committee to the MTA, and Students Rally for Expanded Student OMNY Cards - Transportation Alternatives",https://news.google.com/rss/articles/CBMidEFVX3lxTE5LempCNDNycnZFN0M4bmxmREg4TTU3QWc1bG1FeE92RGUySmJ4bWE3blYyRTBjQzA5bGF1cHdxQWhUbkoyb0NuMXlyNVh4S3N2b1R5Mm1uS1lmbGNkOXppVTN5c3pxZFNHTGFURUVGSUlJTm5i?oc=5,Transportation Alternatives,2026-07-29,neutral
OMNY,NYC Student OMNY Cards Go Digital - Patch,https://news.google.com/rss/articles/CBMif0FVX3lxTE9CYlZ2Q2dPUF8tb2NvSDJmc1NkcmdKNjBnOHZFNlNXRVhfLXJRTnpieDl4eF9rLVJUdy1rOVg3clBqLUNBQTVZNU1idHpPdlBuVUxraVI5VDY0VGRDNUM5VmVDVHdBd01ld3hUampnb3ZXVm5nQUxkYkVHbUJVd00?oc=5,Patch,2026-07-29,neutral
OMNY,Bee-Line fare hike: OMNY to replace MetroCards on all buses in Westchester County - ABC7 New York,https://news.google.com/rss/articles/CBMiowFBVV95cUxQX19mWS12TU05eFV1M1Nfank0UHVXTncwZnBpWWx4QWppR0R0VFB3Wmo0X1FvS3VUd0FPR0dhNDFCbWprSnZ0YU5ybDdqN0pjWTA5ak5GbXVNRHpybTdnYllvdTdYSW5UdFZiOGNMR1cxQUwwSi1fYkZwN0t2dzBaUHpkSDRrekRXUzlGNkFidnBxV3JxYW55ME5xel81SVQyMzV30gGoAUFVX3lxTE1FOXpsTmotNEp0SDV5RlJSbXYzRkJ1cmpfTjRwX3dSb2dDb1c1NUF5RnFmaHZvWXY3NkZKTXkzeFd6TWxkSXpBM0pmRWE1a2ZtQndMcUJlMXlVMDFLQUJHeFRVWk84UjFqMjdGUEtSa0lzRVZBMWNzSUNrRlYyWTJ5Y1d2dVFQR2pEZGpDZWFyb0hyQ2I5RlBpeWdYSUhtaFdFRV9BQ0x3bA?oc=5,ABC7 New York,2026-07-29,neutral
OMNY,"Opinion: As MTA Moves From MetroCard to OMNY, Accessibility Must Come First - citylimits.org",https://news.google.com/rss/articles/CBMingFBVV95cUxPb1Fub29nc0dBOEN1X3EwUk04NEZXS24tX0JQUTJZN3ZRT0lfNTc3R0NMQzFTUlBadWtWTmZtLUpSYVJvUDdHN3BPZmVUYUcwTHJQMUlYb3pxeHNZTG12NFZXS3dmYzVJV2UxYzBmQzRUd3lTdE1YM29RRjktVG5qakJIbTVITGgxT1BIS2FtQTZsSDFuazBkaWF1TnNVdw?oc=5,citylimits.org,2026-07-29,neutral
OMNY,"MTA says OMNY cards can’t be bought or loaded this weekend, but riders can still tap to pay fares - Gothamist",https://news.google.com/rss/articles/CBMivwFBVV95cUxPUk1vM0M2VU1mTjkxRmN5SVpUdTQ1RnBBdnZWOHA3eGxtYXZQMG14bE0wd1FSbV9zU0s3QVRuLURtX1A3YVJEX1dwQkZyeU9LSElNTjlXUUw0OEZ4UDBIQ3hUTjEyQ25lMlNsbzhNNW1ZVG1KcVhtRTdMNTFrQVRnRHpBNUJvVEIxZlBNZjk4c0psanNaX0x6M19GbWo1czJFcU9GVTd5SGIweUhtOTBOT1FZbURSUkFqYk9mejE0SQ?oc=5,Gothamist,2026-07-29,negative
OMNY,Farewell to MetroCard: NYC commuters embrace OMNY - PIX11,https://news.google.com/rss/articles/CBMiiwFBVV95cUxPd0dwT0lrRzFTMXY4WUhOckNUa0p4a0tCS0lkOHd3QWE4ams2LVlVeEFRYngtcFpJdV8xdmt1LUY3c0NJM3AzV0xHeVVwTjVlajRjMlRwVER0eHdqZ0V5dlE3dV80bVJVSUtET2tjTTdyWXdsYzZDLUhaSTdFeFg5dWVzMmpST19aZkRN0gGQAUFVX3lxTE1naVlTMExxZkZ4b2tCMWRXaG5uZ0hEVTZJLTR4S0dCdmp1dnVvMHk5SmJqeGVCUUhoV2czZndnT3c5OG11N0JMMG9IV29HT3luamRRNGpERDItTXNzYnFtNHJ6M1dKZVlUYUpyZUQ3Y25fLXJBZXdMNDV6a3hLOXc3RWktbGlPc0hrZEdjQmU4Mw?oc=5,PIX11,2026-07-29,positive
OMNY,"Kids demand fixes to NYC's student OMNY cards, saying flaws encourage fare evasion - Gothamist",https://news.google.com/rss/articles/CBMiqwFBVV95cUxQd3hHMUsya1BERUpDOGMxaVVsZFRMQm1wQlB0UXo0NXBVQ3lKR1dUQVR6VWNUbzk1RmJ0RE91OUVQUDUzVkJjTElJSkR1eG5UZWg0eTR2aFR4WG5ZZHBLWDFMV0pna0lXUU0zdEhmVG1FM0RFdVF5QTdEMC1EN0tjSVZZTDkwWkhWOU41NEVLVzZnNkRoYk56anpUWDA1Y3Q3ZHdVLV9VLWd2dmc?oc=5,Gothamist,2026-07-29,positive
OMNY,"NYC moves toward digital OMNY cards for some public school students, report says - SILive.com",https://news.google.com/rss/articles/CBMiwwFBVV95cUxNS3pBWXBKX3NZTjBUcTZKc2hCZVhoUXphamNKR3cwSWtsV2xyMVVoWEVkVFBjZU5OUXdZdXVSLU9OcklqT0RYVDZhUTdISy1UdzJYa1hkdHhRbWRWQ3B5SlM3YVZfcGtzYVlXQjgtTTdpU1h4dUp0Zk85aFZTTVB2TUp0QkVTN1Z4M3Q4Q2NsaXJTQVF2Qm8yX0pOLWdzQ09rQ2FKRzRrTXU0ejc4ZEs3SmhyVndKN2JnZFlWMVBFOVNIdlk?oc=5,SILive.com,2026-07-29,neutral
OMNY,MTA gate guard caught on camera trading OMNY swipes for cash: agency watchdog - amNewYork,https://news.google.com/rss/articles/CBMifEFVX3lxTFBhOTd5MmY5VTFZZWMyTjg2TmFXT0RpYTZiSl9SM3hpTGZtQmhiQzE0bDlDMjY1T2tIRWxFQmNkV1Q2VVI4OHcwXzRSSFl2MW5JRDVaM2lvbEZWT2ZtRFEyRkc1ODJKV2QzUElWVFZtaHNqS1k0ZFNoMHpxVmU?oc=5,amNewYork,2026-07-29,neutral
OMNY,OMNY vending machines are finally coming to JFK AirTrain - Time Out Worldwide,https://news.google.com/rss/articles/CBMirgFBVV95cUxOWHZNYW5raEdqSGNWLVk1akZpcnhycHNjeWJYYmtneHNCY3pUbXVxcVFSVnhRMm1pTHB0Wmt0d3lJbVBETlJ0b2ZZSjh3S1hWQVJSZ1hCYm9DRnFxNG5WRDZ0MC1OWnlVYnRGcHBkUzJ5eWhpbFVsd2FreHYtU1pIOEJ5MkJxYUZ3ekN0VmNmdnJScVJwTWdLWndTVVJ5c1owel8tbVlidllIMDB4aHc?oc=5,Time Out Worldwide,2026-07-29,neutral
OMNY,Security guard accused of using OMNY card to let people into subway for cash - CBS News,https://news.google.com/rss/articles/CBMitgFBVV95cUxOQWdxYm15dUtzNjhmcktYQkwwb1JZWXpRUUkxa2xMQ1JGNzA2OFdCb1M4NDZLV1gtUlIwb0xZNTItY0ZwTURQaktGa2E3enJKMVYwb2o5bV8wY3A2alhxdjI3NDFDRGx2VGU3ZXJGMXYtUzZwS0FrUHZxM1dvV1IzSl80V3BuV2l1X2lxcE1zUU14a212UmJKR1ZIaTQ0OGlpZkRfeks3MjgyRmZLWExTUkpYRGJqUQ?oc=5,CBS News,2026-07-29,neutral
OMNY,NYC commuters face OMNY problems just days before tap-and-ride system becomes only option for NYC subway fare - New York Post,https://news.google.com/rss/articles/CBMinwFBVV95cUxPVi0xMkhKQi04ZUlLZmVtSXRPZ1E0a3E4NWhSZG1lVzhkaldFUldfcmxwZXZMeWFHMURYM2FEdkxJZ0YxTkNjRlNrUjF5OXlxSVZmVUkwRmxGMk13V2pUc1dTS0RCZHdINmppclgzdEx2YzVTdk5HUHdIbC1kMUY1MWNNbHRxU29oWTlrSk9FSXAzTXQwelV1aVVsR1lQTDQ?oc=5,New York Post,2026-07-29,negative
OMNY,"How to Get a Lower Fare on NYC Buses, Subways and Ferries - The City Reporter",https://news.google.com/rss/articles/CBMihwFBVV95cUxPaktPRzJ2SFVxMDNSMTVyNnhGMTNqN1h1NFJyd2JkMUlKZHhGb3ZZR3ZIczNLdmxVXzVYZUFIN25kTF9zcnVwQm9Kc0QwSi1xV3R1S0N3SG91ZFRPTFQzcnZXN08yTkRQV3NRWDJYOEpuMmRGSFJIY1MyeXhVNnpjVDVJSTZ5dzQ?oc=5,The City Reporter,2026-07-29,negative
OMNY,The MTA Is Doubling the Cost of OMNY Cards: Why You Need To Buy One Now - Secret NYC,https://news.google.com/rss/articles/CBMidEFVX3lxTE5OS2FBT2UyVjkteEh2UTN4LU9XWHNFQzlOY2JvT0lWaXV4M25UN0p0RExzQnZPSTdRbnFwbGlJVk5zU3NRbWx6R2I0TnY5dHJlQXR4blBfel8wbzI4OG5vVlhvenFoTDE0REhEYjlMVUJER3Y1?oc=5,Secret NYC,2026-07-29,neutral
OMNY,The Bee-Line Stings Riders With a Last-Minute OMNY Rollout - New York City News Service,https://news.google.com/rss/articles/CBMipwFBVV95cUxOTHAwQTlEUDBEUVJXTUdpWHlBc3UyUGxRUktrcURVeHZUbFhEcTFrTlI1a0pndmJkX1hFTTRsaGtlY1VRQ3pWNVpYakhkYXRvZDU4Snk5M19QSEkzcHZ2ZGM1Z08yazN1c0RtNl9tZVkyNXJmdXg2MWNGVC1RdFRUdjZaVVlZZzZOWUVIUHJtellJY2g5YjRTREtOMmRyNjhZajRIWExPdw?oc=5,New York City News Service,2026-07-29,neutral
OMNY,When do student OMNY cards expire in NYC? Things to know - PIX11,https://news.google.com/rss/articles/CBMilAFBVV95cUxNMEI3VGxVX0NFMHZlNnJOTWpWeDV1SHVyR2tkZnBpYm12NnVkWmU1OTRucGpBVzRteGFMaHlrT044UVFPTkZPNlN6d29Vd0hsOUNZLVlOXy04MjZBV0VWdUVtUl9vNzVuOHBiZ2dESzFHNEM5UzhFYmNGWTFVRkllRENBR0R2VEdBYnJhWmZDLVB4NjY00gGaAUFVX3lxTE1PSGp6ZGNNNHJfS2pDUWZ1aVRWWkNObHd5WG5LUnRTVFRsc3lDNnd0aVp1NXFxaHY2bDZPeTRmd2l5Vk10VHZOTkl3MWNRU3NKYzJhUU1DRE03VFRNUDdhSXJ5RGplRm1EcVdaanpha2tjWGhiYzVmWVNQS2xLNmRqSDhYTjlQRDB2ek1WY2VlV0xRa3FDLWR4anc?oc=5,PIX11,2026-07-29,neutral
OMNY,New York Announces Upcoming OMNY Fare Payment Milestones - Metro Magazine,https://news.google.com/rss/articles/CBMilwFBVV95cUxNeHROb1gtV00tYXktYkVKTGJwSDhPWlpiMWlqWHBOTENSMFhpa2RZS3lJXzlkU21laWtNajRXZXQ1RFU5VVhCMWx3ejlSbWJTYTdwYUdBZzcyUllQMjVRZlp0V2VBVXJPUE8zQmUxdWRSSkZxWjZuT2E1R3Q3bW1rVVFya01oa2tJYXg3V2FnYmhlRjRSbnFV?oc=5,Metro Magazine,2026-07-29,neutral
OMNY,Push continues for free OMNY cards for CUNY students - PIX11,https://news.google.com/rss/articles/CBMikAFBVV95cUxNOERieXlNeXR3ajN2b3RYUzA3VjUzYTJoYzJDbHNpcG9UeUd1Ri04cUxiSjRJMlk0OGxRQnIwVjliQ3NCeW5HQUdjN0MzMHpDTTZMWTRlMDhtd2NSbFM2YUFEYm0xaVZpempvRkFmb3o1MWVqOHRhYk9nMzdlcURBU2FweXVGQ29kWmJ2WmwtUjbSAZYBQVVfeXFMUHFjSEtjU3c0MnlQWlgyWWdvYTBtQWhLWTN6dU0yQXZnV1VQMFpySGx4OEZGcm80dkFhTE9SU2FHY1VGbmVsd29mMDRvbC1DN2U3RUxJdGR5SE16YjJSem03U0R0ejIwak56c0x2QnRURmxEWm10MlVEWXhPUUYyTkFSdmoyZ1NXbjNaaEpYOTM0SFlHQ0xn?oc=5,PIX11,2026-07-29,positive
OMNY,Some NYC seniors troubled by switch to OMNY as MTA kills the MetroCard - Gothamist,https://news.google.com/rss/articles/CBMingFBVV95cUxQYm9XdVdXNE11Q0hjY1R5Z1ZVUkdJbzdwVTN2Q1lHTG9lcFh2RG9mb3UxcmxhNHlwR213djA3bzcxbzBKdGZVNHdkUi1CQ2MyZjVUTWFDX1p6cG85M254dU8zZTU3Z2lNSUZjdWNxaU0tUmk3LVpYY25OX2h5WEdaanNXQ1VxT1liZ1kxUVBqZVkxeU5adDVIdnltX2JNQQ?oc=5,Gothamist,2026-07-29,negative
OMNY,Civilian agents with handheld devices are being deployed across NYC buses to verify tickets - Time Out Worldwide,https://news.google.com/rss/articles/CBMi0AFBVV95cUxNRnZLMHZvdXkzR0tMS0VPRTNPYkZYVWpQU0dWYUphdGE4ODBXQWpaN0JQSldxWUY5Y0Y4OUVzUVl4OFViNm41NTBNT1VwYlBFLXYxdy1mSmx3YXlZT0Q2TXhyenVPTXg4TUJ0VW9pem11dnUwS1JfSTNfektVY2R4cHZ6REs4ZFdRVjNfSzZLZDJzckdiSXBGQ3BSd3hKeXZWU0pJNThidk4xZzVfU1E5Uk5wUnVBY2JzWC1PaVJ0aVlrcmRVNTc5WmZkS2Y4bF9Z?oc=5,Time Out Worldwide,2026-07-29,neutral
OMNY,OMNY officially takes over New York City public transit - PIX11,https://news.google.com/rss/articles/CBMilAFBVV95cUxPSEpwNURjaFYxd0Nld3I3d1lzR0VWaG94cVcydzhZd1FBOFJqSkRLdGlwem55cEVOUzRZSGtkODdIOFF0MWxSZmxraVFmZ2VPUDJsTHhrQ3YyaThzRUhGTTBfeDk4a29McGxYZEthSTkyVlkwVll5YlNSVWtIa0RNbmlTekhyVkJrU0ZqRVp4QTljeFhF0gGaAUFVX3lxTE1lUEtUQk03emNLbHl6Q2JnMVFuRFB3V1VQaGU0LXc1YlhKSDNINF9tOUZsWjhTekh1WC1vRnZZMW9tMmM0OFZ1VzQxZFZ2d3lIMDh3cjlaWlgtcGNYVXY1UTVuV1lJMDJmY0xSb0NFaWUwN05ZVTZrVGI0dDdxYzdzZmZFcWlubFcwZVEwSTRZTUdUekhJUy1jS0E?oc=5,PIX11,2026-07-29,neutral
OMNY,OMNY makes a bumpy landing as MTA fully converts to tap-to-pay fare system - Gothamist,https://news.google.com/rss/articles/CBMiowFBVV95cUxPUDlwekU5TDVUNG9ZUlp4S3RzNmtsYUVwcC1sT1hpSldzVlh4cldVREVVQzc0VzJyT1FZdVRzMEFCZk1HTGFvejVHam9sRXlOWjNIY3MzdWlXT2M5RkZOTjd5TlFLMnVWQzRiMzdoQ3kybXY3eWF4REJzX01McGdnU1I0LWQ4V0J5SFFjTl8xWi16QTBmWEJ2M3lYTmQzVWQxSW9Z?oc=5,Gothamist,2026-07-29,neutral
OMNY,CM Ariola calls for ‘unlimited and universal’ free OMNY cards for NYC school students - qns.com,https://news.google.com/rss/articles/CBMiZ0FVX3lxTE8tZWNuSk0ydlBtaTdLd0lqaUVBMkRDNXNLeXZ6OGVWd0UyMDctSHB6N0tOWmxieHZ2cEdRMlNnaGlvRjhXdS1IM1lMMkVyRWp6TkRyT1lHMUZHSHJ5bTlUWE9vUWZkWHM?oc=5,qns.com,2026-07-29,positive
OMNY,"What to Know About OMNY, MetroCard’s Tap-and-Go Successor - The New York Times",https://news.google.com/rss/articles/CBMickFVX3lxTE1PTHd2elRlMHgzTTJVQ2hGNUFDWlFfM3ZWMEFtSUxZeFM0SVdkZ1FaQ2Vxa3dCTzBtd0lSUTc3ZTVySjJKSUdZWmdLbGFTV3lXeGs3QjlRUWhsRXNaMUl4NWdnV2EtZEdBZzVSRnFfeGJQQQ?oc=5,The New York Times,2026-07-29,neutral
OMNY,"MTA reminds riders the last day for MetroCard is December 31 as OMNY takes over buses, trains - ABC7 New York",https://news.google.com/rss/articles/CBMirwFBVV95cUxOdWNub2I1dEgwRHJYcTNVYTktazdKcU5jalplYnVMTlB6MEo3TlJ3MGlTbDhrejN4Q0lFNUQ3dnJ3eDBFLVJBWTV2VzhaU3RmOGtPemdSQVo4UjEzVWJiR0drSUw1dm9EOWhsNEN0UW5DdTVNTGFuWUQxaVcwMV9XbThaRXkxdHljLWhvR2xveEJIdXF2YjlyRWVfVnBmVGhLV0dDRnh1QUxIS1AzOHp30gG0AUFVX3lxTE5heHk5cEpyRFZVWXl4NmlaNEJ4aXBiM0loZmNzWXNleWsyUVlUZXJ3MkhQeFVaRjVFY2Y0eExlSDUtbEIwMkJoc3FYaF9ZUzRoS25oMEFXQjRlU0k0TEJUczMtZlExbXlzTFl5V1VSWGNqUV9YUExuYi15VTVrZVRHUGNzUnFHMS1zNmFyMWo5VlRrZlJ1eVdySTZydzF2UVR2VTRjTXNyeTUydThKTkwwNTZmWA?oc=5,ABC7 New York,2026-07-29,neutral
OMNY,"MetroCard future: MTA touts OMNY system, addresses commuter concerns as they prepare to phase out old payment method - ABC7 New York",https://news.google.com/rss/articles/CBMizgFBVV95cUxQZVlkRnh0bW5qUUYyNzlHdGJSMXZ5RUg0dmJtVzJlTkRRSFU1ZU0wS2pXRnFRVGFxamVKRVU1UVhYY0c4cGlMay1PcGlXNUg1Z3RrRzlpOVhxN0p5SjByOW82N1pCbEVZN1ZrNThMT0xVMG01VF83WEZuVTlsSUVBdDJBX1o2T1Z1OEdQdkxVVUdPYUY5Z0N1TXlkQm1rZkFQWjRsVHpvSVZDcFlrX2tCVzVPMF9pLURVVEQyckxYV0psQ2g0Z05iWW9OQ1Nod9IB0wFBVV95cUxQQnRXR1k5YWtXZVYzN3RmcTVzVm5HU1BibW5iMnlYX25QSk9NSldoOEp1MjRmYlRlSTFLVVljMmpVQ2RBVVVqNFFrdUJIUlVLaEZMMGNId3hNZXhVYU80aVR0TUdOdkk1aTljY0V5UHprVVhRMlBvcWI4OEd0WEdZRTI0Mkk2NklWZUV0eEdZSVluRmxzSThsNTk3RExxQ3VNb3ZGTGRtbm9wZThtdXMtTVZWZGExZTc4VlJUTzdZMWo3RVFaWjVYSFVDWkhfQ1dIRzRB?oc=5,ABC7 New York,2026-07-29,neutral
OMNY,NICE bus riders lose double free transfer option due to new OMNY system - Newsday,https://news.google.com/rss/articles/CBMikwFBVV95cUxQXzAxajdYTFc0QlpoUnpudFYtVFRvSV95ZWp4UmstQ0VWNlVoVXJVX1hXYVlBQlJ4Mmp6LXJxTmxpdVB1dzYxLWFabGx4RFhhSjVjQkk0Vk1jZlMwOHBiaEF1cFdsSlhyMjhTRkc0dTdreDZmYkh6R2kzdVJoTGU2dVpxQVVva05MVGhfTVVNeExndDA?oc=5,Newsday,2026-07-29,positive
OMNY,You Can Win A $100 OMNY Card By Complaining About The Subway Right Now - Secret NYC,https://news.google.com/rss/articles/CBMid0FVX3lxTE1DZVduMDVfSVNKY0lubUc5WGdnVXFRbnVyRzhuQjlteTRHMmRPYjdWQmRQTkp0cW01U0FlUDI3em05X0dtQVV5TWlCMERBUExmcWpZbE5fd0RrM3NQb3NOR0VETjY2RE9VRVFWeGU3cFM0Q1c1X1lN?oc=5,Secret NYC,2026-07-29,positive
OMNY,OMNY fare cap to include new transit option in 2026 - PIX11,https://news.google.com/rss/articles/CBMiiwFBVV95cUxPU1pZVTVEODZUZG13T1diM0E5dVFEM1oxaEF5Z3A5Q3JpR0EwYUxXQ2M2TXd0Z3g3UF9nMEl3dFdxWlVpTHBLTHh3TlpsTE1SelF5OUs2aXpVWXZPZWxBcUd0Q1p3d3ZpR3lIMGRqUVJBLU9PdXdEWGNrX3g3ZTNBNUF2UjVRM1R0SXhr0gGQAUFVX3lxTE4yMFVkeDFRV2h4d0pEUXZ2MjliY1RFMU9xSGFLMWpCQVhsY0VxdVVMcWtuR2otdmRJa3dkUDhmQ085RjdCeHMtY1Y5d3hVekVoS3ZSX2hOUXViQkFJa3R6UkVrakgxWVB4WkI4YWlOcDlzY2NhajJhNmZ2am9ZSjA1T3l2SzNqeXY4Ty1ZdzFqWg?oc=5,PIX11,2026-07-29,neutral
OMNY,New York City subway switching to tap-and-go fares - The Hill,https://news.google.com/rss/articles/CBMigwFBVV95cUxOYWhBTE5ON2Z5dE5obUEzdExxQ0lIZG5RVFNuUjRuSmFxclZpVGtGZ2pRdDg3ZW9DVHJIZFhxMUFxaUVJUzVuV1JpTkVkOGFYMjFYZDMwd29XX1lUMW1RRENWUkFBcGdab0lPa0tmVWFmaWhzamJ6WE1icWpxeDAtTTFRONIBiAFBVV95cUxQaFdfNmNSX09IS2hwSlc0QkpXLUpUdlllUHNOLXhQZko0ckN4Ul9NcDYzSjNnbTd3c3pWbHJHVC00TXVrVU9sdDRMRW5nVzYxekRUTXNFZndwUUFhcE5na1c3MXdWdVJ0bjdvUGIzV0xJTW81RS0zM0I5SXhzLU9wNWJjVFMwN3ZN?oc=5,The Hill,2026-07-29,neutral
The L,Back in the “L” Column - Yahoo Sports,https://news.google.com/rss/articles/CBMib0FVX3lxTFB6dDNtcXFtSmtnVDI0d0E2SHkyNWhkdE5tU0NoU3VEbWhoY0t3a0pUYjFZVXdiODVCbDExWnRNWHVCSGNGLTE1WVFRUWNNTU1VeWRiZzI0ZnI5RDJvQjJfMFpBQmtKeERPRGFUMm8xWQ?oc=5,Yahoo Sports,2026-07-29,neutral
The L,Back in the “L” Column - Covering the Corner,https://news.google.com/rss/articles/CBMingFBVV95cUxOTllLazlaX2UwV05yaThsaGtRSm9VMmVnZWhpb1ZaNUxRcGJSdUVSU2pvMmVWU21OSHVUTWpKX1RNMTIzUzJtcU1mNGxFQ0VIZzBlQlVuc0lCQVFDY0JHekg0OEFMemVhZ2xyRFFsWkF1RF8wakRBck9QMVNuNlNyOTRIN2RhVmEyYnVpclRSRDhxaEZnbjRxTFdUNE5JUQ?oc=5,Covering the Corner,2026-07-29,neutral
The L,Elizabeth Welcome Station recognized with Leisa Collins Historic Preservation Award - 24-7 Press Release Newswire,https://news.google.com/rss/articles/CBMi0wFBVV95cUxQUG93ck1iV0labEh3WXplckVNVm1zTTBWSFdnNEVJbGV6ZzVuYXpFZHlneWU4RGhtVWxjQ1lRV1d5bTZkY2lfemdyZE9EWEI4aFhSenotcVdWci1USkVhb29DZ3FSX20yWVE3eWI2bXoxQlJIVzh3VmRoclFBdnJ5T2ZXUk5HbVFoX0JLVXZUSFFyU0lFbHVEQlIzZlBXOW8zdWtQV0ZkUU9QMmhWbWd4cER4VDNNQzhzNV9QNFFGN19VQmdSMm5SZzV5U0ZLbS0zOEdj?oc=5,24-7 Press Release Newswire,2026-07-29,positive
The L,Carrie Cheung joins L’Observateur Newspaper as community reporter - lobservateur.com,https://news.google.com/rss/articles/CBMiowFBVV95cUxQR3BFbE9hVUVZNExVeFljU0p5eHhBaGo2TkFlR1lJQXJiV3VJRmV2TldheDMtbl93aV9XNURGQWdLaU9YNjk2YU1fU2M2QXZQcW0wcFBtM3A2RDFIaTBkRWU2ZjRiVWhGTmJXYmFXSDNaQmhDS256VEFLX3FJdlBPeGNtZUNrQVZ6WHA5akp2MVNiV0xJNGp6V0lzYlZOVk5DX2Fn?oc=5,lobservateur.com,2026-07-29,neutral
The L,Curiosity Lies Behind L’Oréal’s Sustainability Strategy - Sustainability Magazine,https://news.google.com/rss/articles/CBMilwFBVV95cUxPUVVMV2hucmVhUjcxeFJxOHRnVkZCcGk2RHpEUEtCS2Q3a1E4Y2NnZlEwN2tVdU5rNXpNT1NPN0dFZGdycTR4X3A2ZE9tSHRobDVYc2dCX1ZjRmFFSEFGbUV4dzZXdnJpZUp4SVlkUGc5LVd0OFFZTU9oclNPamNWT0ZYWUg4TXUwc1pzdFVhakdnQ3FoWEhB?oc=5,Sustainability Magazine,2026-07-29,negative
The L,I Mean It When I Say That I've Never Loved A Brow Product More Than This $10 Pen From The Drugstore - HuffPost,https://news.google.com/rss/articles/CBMiogFBVV95cUxPQnMwZktjSDBwTWIzTnk0QnZyVUJ1Z2h6eU1yMU11VUpiVjY2QzR5RWlES3pzbDhxbWowc3JzajN3cEt4UnBsQTdmekxNZlhKd1JyV3czQk1xeVliTXB5U092N0tfQ05TZW43cmxYVVBxQWRsS2I0Y1VnNGh6STBIY0FvOFJKOVdoTFlSc3lWVmJodXpmTDF4d0lSWkhqSlZHM1HSAacBQVVfeXFMTlZOWnVQR1RrU29YMGZQQnNJNTZvc3pMSm5qSlFHRjNDbXYzbThjYTI3Y241aDQ1NGc4WU9lVVgzX2hfQUNDOHhfT0o0ak5UaUQyOHYyRld6YVlpMjE3WDlGdEZVWUdVdE55bG1CYzBIYmJ6dnZKRER0eDhfUjZENDR4QkRqS3RRT1k5OXFQblhpd1czWUZGQWNlUUNMWXBISjh4Q19ER0k?oc=5,HuffPost,2026-07-29,negative
The L,"Compact L-Acoustics L2D Brings Immersive L-ISA Sound To Every Seat At Wave Church, Drawing The Congregation Closer - Live Design Online",https://news.google.com/rss/articles/CBMivgFBVV95cUxPTGEwRE5qQ1oxVWk5QlBvU3pva1VOSmhwQmtPSUNUemhFRWxUZTd5cU01QThHQjVDYlktS0NidzVYd2hKWm02eUZtcGxaOUFaQmhRalV0Q0dfNi10TFR1Mk1MTkRvNl84eWs2X28yV0FzbUdkTnh3cE4tcTRPSzVwWGxqMlRETmprcjFIbGJudFZxeGgzOWdFTzBPT0hKaUo4XzBBWEZpcTJfSzVpRHlMNGpYYzN0djFqWVNQaVp3?oc=5,Live Design Online,2026-07-29,neutral
The L,"Mid-Island suffers 1st Little League NYS All-Star 12s baseball tourney loss, but qualifies for playoff round - SILive.com",https://news.google.com/rss/articles/CBMi7AFBVV95cUxOVVBrODdJZkE2YVRRTE1YR2pucE0xdk5nTFJza1cteTdvMllfZHRwMUFzelIzZWc2M0lCYjYxUjJDTEY0QnNZZmcyZHNHVjJoRG5tbDN5U1ViNFprOEg5WHdCZEJEaFNSVGhVUzZSYVNVZm5iUHFFdUN5aF9DYUhkX3NFa1N1QVVSWHhFbERPUllUS1FXZ1pqRnZPRERZOEpsaHZ4el9FeGlKLTlSdFNwcXRPeE00cDExU3BrbEpqT0hYQ0FjNHZNMVYxbHYzb1J3OUxfZG9qT3VUeGJGdWRIZUZqOUthLUxuSDlRWNIBgAJBVV95cUxPNENVSHJ3blVZMWNTallxZ29XMEtuSVgyZ3RneTU3YmUyODhablpabGxsdkF1eEt6OG1IWE5MOHNnc0x6RnBfS2ItbjFZOWhGZTdEXy16M21JcTAyaHNwRkhjUXVqS2tDbl9PcGlwakQ2bXllY0MxcHM3ZXZQb2swMF9DYWd4Yldocy1RYk9sM3J4WTE1U1V3NnRxaWFrbVlfV1ZRUFl2UzFXTmF5d0dMVV9Ya1ViU2NjZXc2bGNTX1ZjbHNYZFBKaE96TlJjRlBmblFKN3liZ0s0UHpnRzd3aUZPQlJiaDY5RkZzb3d3WTFoNWtPd3phRGdjaDBTN050?oc=5,SILive.com,2026-07-29,negative
The L,L’Chaim: Rimler – Abend - COLlive,https://news.google.com/rss/articles/CBMiUkFVX3lxTE9GM2NpOTQ3Q2xLNnQyYXNHQURjUlFVODg3dVJVbVJaUUNoemUtazVxR2NneHZoTENiaWNwNXlBekRvUVZqbHRvazU5Mjdic2VzYkE?oc=5,COLlive,2026-07-29,neutral
The L,L/AB c/o Off-White Launch Draws Creative Community in L.A. - WWD,https://news.google.com/rss/articles/CBMimAFBVV95cUxOLWhfZ2tnYkZtVmNva3BoZ1FuanpPWnhxRkdRUGtSNndNOGNydzRobE5MTGJnaU5ZMDJJN3FxVkdkN1VFNXptbEtxSDVDU280LTJtdVJkYXlDaVBGUmdvM3VLSHhvVkE0YWdScmlSWno0VnRfdGJLOUk2WlppOHhQd05fZENEeGZjeDkzcFJqS09QMGQtYnRhbg?oc=5,WWD,2026-07-29,positive
The L,Why an Icy Hummingbird Has Emerged in Antarctica - Nautilus | Science,https://news.google.com/rss/articles/CBMif0FVX3lxTE9YZEU2YTFnUzRkXzhKa0tpQnpfNFhlS0VWTE9vZ3N3aFBxMi1HTkQyZU16N2hDaHMtTW5MdS10YlZaTWVoRTJ1QURoXzA4QmdFekFmenU0T1RyNWc3S1BDWkp1cS1NeXl4c1BzLTlFaWVORXVmMXFncVFkOHZoNHc?oc=5,Nautilus | Science,2026-07-29,neutral
The L,Teen takeover crowds Green Line 'L' terminal in Chicago's West Englewood community - CBS News,https://news.google.com/rss/articles/CBMiowFBVV95cUxQUmZaTEdPLUdfUjVTS2FxZFlkVnBTZlJvQ3hmbEpGbVdMUXBGUVR5dFBYZWIwMkhId2phVUM0ZHNvRW95OTRUbGx1S3AwZ2w2X1JXRFRsOTR4eG9YS09JQWhVNWJubDBuaFVHTU02bllVTkQ2cWd6OVZxUGVUT2hzRXRueVE3eHNMM2JCd0xlT19lY2l4R19GeV9TUHhtMGNtYXJB?oc=5,CBS News,2026-07-29,neutral
The L,U.S. Army soldier experiments with L-band Tactical Satellite during PC-C6 [Image 4 of 9] - DVIDS,https://news.google.com/rss/articles/CBMirwFBVV95cUxPSUxjTGJDaERORlNEZFo2T2VWXzlxQzNPQTNZY3JpVHpBNmt5Qkd0R1RNS0RySWpGeEo4RTF5NlFoNXAzck53ckd1bkJqNEl6WmlTNlpPeEpCNVRNMlN4NXNSN1JnSWZZWHRkSDhBdzIyay1NSmZIN3haT0lOczVteHJNa29TdWlVYTh4M0poYjRvY2JTUmVqcDg2eUd3SzNXR3VraWFDdTJkTkpMY0NJ?oc=5,DVIDS,2026-07-29,neutral
The L,Russian Air Force Loses Czech-Designed L-39 Albatros Jet in Krasnodar Crash - UNITED24 Media,https://news.google.com/rss/articles/CBMivwFBVV95cUxQYWEyd1BTRkI2X0Ntcmh0YVJTR19KbDNvdmhkX084ekRhd1ZMbmxuc2lHQmFpZmc5SXU3YUZ1X1EzUUFyYjEzRHdrY0ZhTXlJZEg5bHJHUDZQVHlhOUk2R3hBVHVpUG1ES1B6Z19KVUNPM0lqeVpLaTExVUpzcVl4T1VfRkM0SWc5dTN1dE1nZE5PUF8tOEZjc3BNSWczV19sU01nNzNxMTVJZzFKYUhCZ0l1c0FaNndXejgyczdHWQ?oc=5,UNITED24 Media,2026-07-29,negative
The L,"BV Interviews: L'Rain talks following absurd ideas, ice sculptures, new album 'fata morgana' & more - BrooklynVegan",https://news.google.com/rss/articles/CBMivwFBVV95cUxOdktEU2REQVBUVEdrSmN2OHJSRVNlSlhpTFBiaWFfaWIzZHJWS2VUQ0pnQTM4U3FFc3ZhTngxVDVvemRrWXdZZ2E2bTd1S0w4ekY5NW9FUzY1SHF2Z3JKM2ppaDdVU0hTN2tKaDVDYTZlRDMwcERjOVpiR2VRc2lMczFoOHptNkxRN0VibmwxTXVRV042OWkwdGlBUy0xSjFORmdaSm04SjgxSk9GOVhhNmtOdTJjRzZjRnRLN29tUQ?oc=5,BrooklynVegan,2026-07-29,neutral
The L,The Best Seats in Town - Chicago Tribune,https://news.google.com/rss/articles/CBMic0FVX3lxTE5NTk4xSWJkb0NPN0d4dWIwSEhPenJOQXJLdmFlYUVCbk5kM3dVSUVnbGJ0RXFlYXB6UVR6T2dKTXBPZ2dHdHBQd1NNRFJSeDZ1LXVwSWdxaXljSzFoczRYNDhaeGx0Nkd5a1NRcXJzeC10RFU?oc=5,Chicago Tribune,2026-07-29,positive
The L,"""AI will help us enormously in accelerating the transition to sustainability,"" says L'Oréal's Élodie Bernadi - FashionNetwork - The World's Fashion Business News",https://news.google.com/rss/articles/CBMi6gFBVV95cUxNd2JzQkFCZjJrU014REs4WFFWZlpwN1N5c1ZwVElHWklRLVdJNUF6MXBhQUQwSTZHNEM3dTNhMTE2VXExcTNMdDlsS3RTXzRjUjNGeXJqT3NsQkZidEZkMmVmVXhUQmtEU1NCZ1V6RWpOSHRwSEZEVnh2WE1TN3ZSVWRITHEtcnJISEs2WFpncDhSeTBYTWdfaUpGdV9qSE1kdUpGcTNSdVhTbHc0bDJzanV1ZG1oWlpSWHJuYkJoMWtpUE5tMDJhbGdjOWt0dkVCWkpYMUVoYWRHTW4yc2dxUm5PcjBpNWkxdGc?oc=5,FashionNetwork - The World's Fashion Business News,2026-07-29,positive
The L,This satellite image of a ‘hummingbird’ isn’t what you think - The Spokesman-Review,https://news.google.com/rss/articles/CBMingFBVV95cUxNSXV4WnRESk1HdnFvUzQ4RkRyczhjX1p3bC1kcDlGMUtPVnB5MEVlWXF0WEVib29OdUxtYTM5UjROVVEteVUzblhzNEFaNWNtYW4zLTA2LTJYRkdMbE1EYkdwR2k3MW5pbFRsYzVmRGhYalprbzZWeWVkNnA3dGZDNGU5djFybjFYUVl3d2NrQzR6WVJGdmtmakZJSU5odw?oc=5,The Spokesman-Review,2026-07-29,neutral
The L,Robyn McDougle named interim dean of the L. Douglas Wilder School of Government and Public Affairs - VCU Wilder School,https://news.google.com/rss/articles/CBMi5wFBVV95cUxQMXo4bDAzc0k2eXE1MmU2eWo2OFZYYnBpUHZyS1J6TjZLLW8tTWZObjM0NzdIeEh2MHVGaHM4dzF1Vkt3ajJEQXBjSVBKdVEyMWpKUGdSSEdEcHdaY000RmY3aFM4c205eUp4WnZLMExTY21ocDNwZlNoTWVXRmItdVRUUm9DM3p4YURNdGprZmwwYWl6YU82aXpCbURDWmVITE5jdi1sbGRHS3BFM0RyVTNOSzFPcUFkN01ZWmFUX1FnY2ZnWk92RGRZM1Jia1YtS2RyWmpFR0l1NEFvOXM1eVVOVm96TzQ?oc=5,VCU Wilder School,2026-07-29,neutral
The L,L-Acoustics L1 And CS1 Debut In The Americas On Bruno Mars’ The Romantic Tour - Live Design Online,https://news.google.com/rss/articles/CBMiogFBVV95cUxOaDNGWUtLN2FIRnVXYUE3SXFjNW1RTTJwMDVSTElMeTZFdGg5S19NOG15NlFBVHpYMzIxV2VkRXZWek9iUFR2TDlWNGpsc1pZOFpZeXRocVNXY1R1bHctZEtXVUFZTDIwMENzbWFTaTVVWEpYTjlSR3pFR2ZOM2JUS1l5a2ZZUWpybUtjVzdsRXhwVmN0aTFfTFYwVzFhcV9wT0E?oc=5,Live Design Online,2026-07-29,positive
The L,Marines Just Added AI That Turns M240 Machine Guns Into Drone Killers - Military.com,https://news.google.com/rss/articles/CBMioAFBVV95cUxQcDI5bGE0blpBLVFYTi1UZ0JOR0U1YWZqY0NPRjM0S2hMeGM0Njd6MldxRExEWTFUQ1JZQVFOaktCQXJndkpfTkppellzYkpPckFzaXYwNlZucDUxaldWMDZaS3FPLXBoWHZQWFJhYUt3VFRKbGVGcVBjaTlsVnNkeG9WeldxUE5OUUVMaThaeXZOaE5La29XR2dIYnR2SU1H?oc=5,Military.com,2026-07-29,negative
The L,2026 Tour de France Stage 19: Pogačar the Conqueror - Cycling West,https://news.google.com/rss/articles/CBMijAFBVV95cUxQa2xBUi0ySDdpWmVFcHhFeGxGcDZLTUp1TW5yRWtLbEtXVFJIQlNFM3lYaERrcEdHMUs2X3NFNjlXNmZEOGswTTNpT3g5ellvdm9sSHYyMzFRTXpJelVldngtNm5vZW9xZW4xNnI5SU4wNC1OelRoRVhQY0xKQjFNM2Y3S0JOMHR1UVRORw?oc=5,Cycling West,2026-07-29,neutral
The L,"Reel Thoughts: ‘Love Island USA’ Season 8 delivered the L-word, but not much else - The Daily Northwestern",https://news.google.com/rss/articles/CBMivwFBVV95cUxPSFlPNGxjWUlrcEpPYnhxcFh1ZnN2bzFoWWtHeDFIakxXX2xlYkc1RDhuUG44SnI5QldiZlQwV0JHYzJ6dk91UHhYT2V5aWhCRzI3N2Y2SktOVmN3UXRTQzQtbDA3c2dIT3B4akdLNndDWmpJQXB0b3ZjYWpuYmdfcUF0dEFCaGhOelRoR2RZZ0o1RFBFSDJ2U0tvWDRIX2JocVhnTWxTbGRaTE00NnlXYjRsbHNlSHVLb3V4a093QQ?oc=5,The Daily Northwestern,2026-07-29,neutral
The L,Abet Laminati laminates at L'ondra Sette - Architecture & Design,https://news.google.com/rss/articles/CBMi0wFBVV95cUxNWnZxQWdRc2Qtc0JQdzFvMkpIZU5DUThnQVFfT2w5RmstdkFxRGhLQzQ1b2Q1LUJEUVN1YTJjVU5TNF91NUJ1YVBtalVzSkFhU0toM1dScmpmREhnMlNMMEdzTE1XWUc0cFN2VThUakZmUE85dzdJbm5hdUVuaHJwZTdtaTA2TDFvMm4yVFp0TkY2TGFkTkFWampyclhVUUxGZFhBaHl1TTVDdkVZeDBHamFFZGJHcUNXb1UwdVA2OGxmX1Nud0VvUWUxbTZFeFZ2blNZ?oc=5,Architecture & Design,2026-07-29,neutral
The L,U.S. Army Soldier tests L-Band Tactical Satellite during PC-C6 [Image 3 of 3] - DVIDS,https://news.google.com/rss/articles/CBMioAFBVV95cUxQZGZKaUNWa1hodGMxaS1pcVA2MFQzM1FQWHR2SktFR21EcUJSTm1zWmcwRjRUTTJfeHdZWjF6bTMxU3UzYmhILTBRaXJNUENBUGJjZnUwbHRpNE5OVFhmN0IzSjNqT1JqQjlxWmJaV0k5MHlJdU5HTlhHd2NtOTN4QlYteC1oUUlvVTlFMk8yaVZoLWFCYUpvSkxDa2luaU9G?oc=5,DVIDS,2026-07-29,neutral
The L,YSL Beauty names Alisha Boe Black Opium Ambassador to mark ‘thrilling new chapter’ - Cosmetics Business,https://news.google.com/rss/articles/CBMihwFBVV95cUxQeUR5WTA4U3RwTUdJNUNzaGFvZmUxVEhwZnlfX2tJRlE0QUU2OC0wMktWSFgxWmJCSWpqdW54SjhzcUVwR211OGF4cjIwZFZMeEZQZTBqT2g5YkxCRVNLN3o2U0ZDWlNMOTAtM1prR0RPd1RPOGlDaXlTcXVuQm1VNHBVM2tyNlk?oc=5,Cosmetics Business,2026-07-29,positive
The L,Lose the ‘R’ Or Take the ‘L’? - The Dispatch,https://news.google.com/rss/articles/CBMigwFBVV95cUxNSWw3c2JlSV9LNmpDQ1RYbzVVUXUyRlRCSVFTaVJHaUpFS19KeDJGdTV1M3ZmQ3hJd2JXUUQweEotblE5NVN4RVdyYlIzU2ZUZGROZmJoSEhvZGZyTHpwUWlKMW5zZXVnamFvYXdGcUg4WkVKT1BtY3Q4YnpiTGtFOGVHMA?oc=5,The Dispatch,2026-07-29,negative
The L,UNESCO adds sites to the List of World Heritage in Danger - en.artmediaagency.com,https://news.google.com/rss/articles/CBMib0FVX3lxTE40bTRwekQxZjhWMmhqeEtMU0dxQjhtSkJCRGdJRXRsUUJNWWpuOWpLTVYwV2RKenhORmpBT0RZRTZFLUpIeXpJeTQ5YlQ5Q2kxSm1fc3Y5RExzUzIxYjFPeUN6YjZhY0k2UldmdnlEbw?oc=5,en.artmediaagency.com,2026-07-29,negative
The L,Palm Card: ‘The L Word’ in an election year - Audacy,https://news.google.com/rss/articles/CBMiigFBVV95cUxOUlZkOEtJVl9WbEV6QkphOUMwcldlRFZBcHIxSEhlYTZEVHNwOXlCeDlVSTlUSXlydm9xVDNSUFQtV0dCWDQ2VUh3MHR5YXRCa1dneGNwZHhmNUY3OUJYY1dKcUZnMFBZZXNMbTBEOWNYT0N1WWJXS3pia09QZVN1TGFJZmhadnZmblE?oc=5,Audacy,2026-07-29,positive
The L,"Saturdays NYC Fades Lacoste’s ""L.12.12"" Polo Into a Six-Color Custom Collaboration - Hypebeast",https://news.google.com/rss/articles/CBMinAFBVV95cUxONGI5RXkzZDIwTTN1NVdBT19vQ0c3MjlWZFYtN0J1Zm9YelIzSGFiY1RLTjF0VUhMR1NzYXZKMTlERms2eTNWaGtsTDRWSENKaF9TRFNBc2xlWkxlenBEamFBcXQ0YjRPMDdoTjdCODllS0Jtc3dHMGRHcUMzZjlWWW5laUp0d0hhQnF5U3J6bTFRMGVEczdlcnVnZnA?oc=5,Hypebeast,2026-07-29,neutral
The L,Russian L-39 Aircraft Crashed in Krasnodar Krai - Мілітарний,https://news.google.com/rss/articles/CBMif0FVX3lxTFBSZ3ZUZHZXNEdwdGtjcHRfbmNOTkNMNWV3RThFYWpZZTNzSWVPbFpGbEV3X3RqcllSRkZkYzg0S3VicjdRWThFbk1OWEtWUEhjczN3RmtSUWFNOTNfVUxhMXF1eDVwUVhTUTRjNHRtd3AzM3JuTlBvcDFCajI3dEk?oc=5,Мілітарний,2026-07-29,neutral
The L,I Might Cheat On My Partner: How “The L Word” Shaped My Pubescent Lesbian Brain - transyrambler.com,https://news.google.com/rss/articles/CBMitAFBVV95cUxONFREdnFKMVI1dGdTc3ljTmVQSU5VVWxpV2lock5acGVWTldBSnl4RWdRSmRFaVNLMXN4amNIOUNlTXV3dHhkODIxQmltdmNucGw5Q1g0ZnRqRG82X3VzOFA4M1BGQmF3d01OaUVucXhxekI4S3otVE5fTThuVEVxWUl2VGFRal9KYmY0NUg5RzVXcnpjZHpDMTlrVnlYZVFIRkxWamZoZktlblNncUlZWVMzOVo?oc=5,transyrambler.com,2026-07-29,neutral
The L,Robyn McDougle named interim dean of the L. Douglas Wilder School of Government and Public Affairs - VCU News,https://news.google.com/rss/articles/CBMiowFBVV95cUxQd2RmQkhnZk5KcTh6V25SMk54aS1aalFwVTdYUXJLTjRUN2s3eEdkQ1J4SEMtTGx4RlRRSl9NOERfUE5sdjNmWVV1NWNWN3VuTC01MnM2MURPMnlkVlFuYVl3ZDlBbnRxUnYtWjYycXliYjJUUmR3ZHVXb1RmMlFFcm1MYUhZVmVsLXhkQlZhWTRWYm9RY3E5aFlqOGxCZTZ4N0gw?oc=5,VCU News,2026-07-29,neutral
The L,"""SBC versus smoking on the CTA"" part five: Posting pizza-themed PSAs against puffing on the 'L' at every Blue stop provided a slice of Windy City life - Streetsblog Chicago",https://news.google.com/rss/articles/CBMilAJBVV95cUxQQ0czMTVrZUxONVN6QlNOOWJOa0l3R0xvcjB4MG4xV09rWXNKaEl3ZzJ5T2MyN1RiTUxvTk1NXy13Q1pUdXV1SG1oQW95d0JtNDdVQ1pfVVBGWTRmcmE3aFJuanZ6Nzc3XzdGN3ZWTk9nLUYxaVZ2MjJZX2dJUHJJOXFCZFU1akkzQi1UdGdQSDRkOUNpS1JjN0FMZGlod2pKeURNM1d1N3YzVmFNdkVRYnpiRno4a2V2OUl0U1AyUHlvMjU0QVBSXzZrX2kwSUhoWk40cTM4Y1VLdEw5a2RqR2RCUlhLek0yQmprOHNCLVJfV0JvYWx4YWx1dXdoODBYbDZVTVZFczZNaHczRjFOVDZxcE8?oc=5,Streetsblog Chicago,2026-07-29,negative
The L,Peak Design’s New Field Bracket Reinvents the L-Bracket for Modern Photographers - PetaPixel,https://news.google.com/rss/articles/CBMiswFBVV95cUxPWHhEZURCSGxjSU9waFc1SFpRd0pOdW9kY0lGck5DQ2dCZTljQ2ZZLTUwZ1N2WEYyYm4yeEtUYUZZb0o2LWFXV3hVWmM1RFkyaTdNMmtUVk5VYnVKVlBoX0hwck1CMENaWGdzd0dBQTR1dTYxN0lEVlZDZUQwQXdpV0ZLVHNKQmJ5QmVWcjJqV1BUbllBUVYxQVJBcjZydnRKWG10TmNQNUxoalhPZFU4RE9idw?oc=5,PetaPixel,2026-07-29,neutral
The L,"US-India Satellite Delivers Data, Reveals ‘Hummingbird’ in Antarctica - NASA Jet Propulsion Laboratory (JPL) (.gov)",https://news.google.com/rss/articles/CBMingFBVV95cUxPN2hFTHVTbnhEdXpJUlFaMDBOVk9sVHhjekpMc0xmeHJZb3ZrX2ZsSkVuUDVNLXdyeFUwajRKS2tMSHhFTFBwYzZCMTJ3NUlPQnBnM09mMld2Q2RTek9DV0huTVY0My0za3NiUjh3dnZVdlgwei1NT1FhRHI0Rm5KX1BVZzR2RVFGam9jT0RQaVAtWWNmZjd2cUhhVXBOUQ?oc=5,NASA Jet Propulsion Laboratory (JPL) (.gov),2026-07-29,neutral
The L,New Law Puts Cook County Sheriff’s Police on the ‘L.’ Here’s How It Works - WTTW,https://news.google.com/rss/articles/CBMinAFBVV95cUxNaTdTWDNLalB3bFBnNlEwalo4YXJLYmZPZUNTRTlrZ3RYcEVOdnVVdlV4Zi1Vb2c0RVZ3WXBzOHdKVm0wTWdNbWFwa2ZOcWw1SFZqZXZpSlEzcDlGX1g1TXVMZF95bXRxbF9hUDhaSTR6SVpNN09wbGdlRU00RTZSZTRaQVZBRG9rZ1pORDFCbGhfdDlXaHpsRlRRN1o?oc=5,WTTW,2026-07-29,neutral
The L,"“Amenities are a reflection of a property’s values"" - Boutique Hotelier USA",https://news.google.com/rss/articles/CBMif0FVX3lxTE1jbURGVDRZeTctbEFmbWktS2o3M3ZjTFFWRmVHa0VjbUk1SkFOOFhucjJGRUY4WDV5c0hCQjdwM3Y2MmJhRy1kYW11VWFDdUR5TXZhb0c2Y09fc2p4ZHd6OFl3aTYtZkotQjVXcmljQVpkNndEQWVKUzh5ZjQ3X28?oc=5,Boutique Hotelier USA,2026-07-29,positive
The L,"ASI with L-Division traffic police held for taking Rs 10,000 bribe to close case in Ahmedabad - The Times of India",https://news.google.com/rss/articles/CBMi_gFBVV95cUxNb0tZQVVyMlJvV1Q3bFJBNktvMEpQU2hUc2JmNW1jTXpoUWE0WHdKQ21HWGFVZmJUYjRNbzZIbjdpWDJQbzYzZGxNSEdaWmd4WEJGUmNURGVreVFXbXgyU3VJM1NfZEMzZVlzaHpKYzlqVDNidDJiSzNwUVdka1RVcmhfY1NhcEZtN1luSW8wTkRDSV9BM0lNa3oyR0J5M19VYXRNaGNWUGNoX0pCbnMzU0V4Q1hQOU1ZbngzOU9IeVNXeFluUmxCWE9vQng4eFhNT280TWVMNXdhcGNsaDFFTjJ6cmJPR3d1S2RqbkJkVktUb2FuY0NUR192LWo5d9IBgwJBVV95cUxOTmVOcWp0TkdmVUJTdkMzLTlBRHBNMUlkeHc3SG9oaGxSR2dJOUlqWE9XMFFra2lwbnBlX1d6SkFlVDNNRTBuM3RBNU1RNmZ2RDg3dDZ4OHA4NDJXTjBqOFVaUXliZ1ExVTFDTDBlX0hJbTg5elBqM1NaeDNiaTBmVGEzSklvbWFjNHFPZEY3ZHpsNkFid1ZfUHhUZ09YRWhxNVRwU3d3a1otR0Jld29oQVJJc0hGaGpFTEJRbGVQY2tPb29BT05hSTRlZVprdG9LUXBzUHo1UE16dUk2Q2xkdmQtLVdtNE5KM05rU2Q0Wk5yR01LQXY5ZjNYMEtXajRxSFhZ?oc=5,The Times of India,2026-07-29,negative
The L,L’Oréal enters a 50-year exclusive worldwide beauty licence with Kering for the Gucci brand - L'Oréal,https://news.google.com/rss/articles/CBMi1gFBVV95cUxQUkh3ZGJDVU00SWJ2RVBxZmtnRlhzcUx0RjktYkNuS3d6ZVRGZjVGdVJQVGhKRWFXQ0piZTRIbUJ3ZW05QkFGVkM5LWVnSktmc0NTYzZyYTEwYVdlZXp1X1Zla3dCNWNldmFlY2hlQ1V3LUM0ZThWczI2a3pYVGZic1JxbHhqblNWelhYOGJsZ2tGYVFvZEJfYXNJYVhmcWk2Y19XZzdDNHNfOWpXRzVkODFubzZGUkNXOW93LXJkNU9mN2pqeFVVRXJfOVpHV0JmcHRBTGdR?oc=5,L'Oréal,2026-07-29,positive
The L,Community spaces under the ‘L’ - CTA,https://news.google.com/rss/articles/CBMiYkFVX3lxTFBMR3h6Q0lHLWp2M1NqdkJCbzRZMGxUVGh6dVpNaGcxZ0VYY1dnaUlnNndpMjNuNG5hUk5IbDJxSnlXVXFhM25qMDlWRWJGZ0RrM1FyZC1PR2U5aHJCLWE4VnN3?oc=5,CTA,2026-07-29,neutral
The L,The L Suite 2026 Legal AI Conference - Wilson Sonsini,https://news.google.com/rss/articles/CBMifEFVX3lxTE9UeWVmemtYczRVTEpUcmY5azJRX1ktOWpNU1BXUnJNZmk4MGd2YV9rX2NMUVFNVkl2ZHBCM0UwSXA1UDJBSjF1NnlIV0toWjJTeUdfMTZFb0RLLXdfZ2ZsOE1HOG1UWGNrTEw1V3Y3b3AxakR4ZGI1dVUtNGU?oc=5,Wilson Sonsini,2026-07-29,positive
The L,The L-Fund’s Luck Be a Lady Gala Raises Record-Breaking Funds - Palm Springs Life,https://news.google.com/rss/articles/CBMiuwFBVV95cUxOV2tJcTRUeUxndXRSMGMweWR1N0Jxb1p0VzlhUG1KbGZHbFBvcUoxOTU1cnJjSWgyd0FRWV9yTG1MZzhrQ1A3bU8zdGhVWUpzbVlkN0JYbnhWU19hWEZhcE1PdlUtMi14eWxHX3pRY0lGVEJHY0ZpcGpEWDczck96ak5nYU42RWo2LXloSjdhdHRnX1hJcTR5QUFVUnd2Sk9aXzBjNWkzMnBzWHFYQWlTY1Q0cklVVS0xZVhv?oc=5,Palm Springs Life,2026-07-29,positive
The L,UWL unveils 10-foot stainless steel “Eagle in the L” sculpture - news8000.com,https://news.google.com/rss/articles/CBMi8wFBVV95cUxOZDFnTFBNeDRTY2ZVbEFZajVMRERwd0NLRE5lcXdHcUswYi1sTUNYY00xa3ZLek9GQV9ydHIyOWRNNlVmZ3FjUW4xM0RqR3QtMXRwYXhkU19MUEtxemRJeVBwb0dwN3IxMHhjUG15MFBkcWZTMDdGTEtrb3EwR1RxLVVLXzZHdk81bnNPbEU1cjhDcnpaQm1Iek9mdTZRbEtwdW9uVl9mZUZRVngzcVctMktaXzlFdWdZVUdXdjJDMjJicWJTdnZqenkwMk9GRG5rYzJoX211V0dYZF8wMjFKelpLNENHX09oV0QzcTNzMzN5Um8?oc=5,news8000.com,2026-07-29,neutral
The L,"‘Stand for the rule of law’: Elon Law graduates sworn to state, federal bars - Elon University",https://news.google.com/rss/articles/CBMisgFBVV95cUxOUld6VVBTcTlkcFZGXy0xV2tyVkloeEFMS1NZdGUzb2ZmWDRfWlY5UUxGR0ZyalVQcU9yNUpXZnprV0xEWFhYY01qYmJ3ejN5MDIwYjR5TzZZTmVxeUZHTFpnRlVaeG1pLW02Ui10Rm1LRDBqTXcyTHBBQjZMOFExaUFXLUxtWEJzRnhTMnpKLWtWWTM3QkExME4zVkNoRWpmYndCLWgzMW5vRG9hSU9oVXJ3?oc=5,Elon University,2026-07-29,neutral
The L,The Complete 2026 Pros-and-Cons Guide to TSP L Funds - Serving Those Who Serve,https://news.google.com/rss/articles/CBMif0FVX3lxTE9BbDQ4S1RPaF95ZXJtVVdpUVIzcGxjWV9nbWdidkpVNUJwWnJoeGhZQTZ5YjBFUmhfWl9kbXFQTkN3TmRLLUpzZVNfaXNVSHl3MXBaZ1VydjBaZzFGcGYzekFRUkFyTGdFMUpQQ3JPY2IwRmc1S2RkMVBXdHFvNzQ?oc=5,Serving Those Who Serve,2026-07-29,positive
The L,'So Gay For You' Book From 'L Word' Stars In Works As TV Series - Deadline,https://news.google.com/rss/articles/CBMiekFVX3lxTE1Wc0NMbXExa0gtQk15YVl4M2RwdlEzbm1CaHNUdnBDQUNEdENkMVhiNVBzbXR2a2lWb1hISjY2NndpMXRSSGhUb3FYdmMxVmNQei1oWHFqYWliLVlEay1ZcWJJV2VHZk5kRENHNmZ4VE5MaEtzM1h0c2Zn?oc=5,Deadline,2026-07-29,neutral
The L,Why the “L” comes first: The AIDS Crisis and a Community that Showed Up - POZ,https://news.google.com/rss/articles/CBMidkFVX3lxTE4yRGFFSGl5cmFIanFGb1JwdjdKUlVPZHM2cGJsblg3MnNlUnZGcWhDM29YWDVOOEl6Q2ZPNWpIeDNrUnBrN3VfMkpfdjhZaEk2dTNrckpqaUxEMDlLZUg3YVhXN3A5RTBBaTBkNGU4VkRfQWZjbEE?oc=5,POZ,2026-07-29,negative
The L,RTD January service changes include reinstating the L Line and resuming regular D and H line travel patterns - RTD-Denver,https://news.google.com/rss/articles/CBMi3gFBVV95cUxPMTNtS2JfSEl4Z0N4MzFfcnRMendVS0hhR3FQeWhYamE0RUduc3ZKV3AwaEx2Wmlzdy1jdVNLSG5jWGxtOFRTSVhya3N5MEpZMy1rZUdMSG1VMm9SZ0RnNXNSSEhkYVNRWmxWNE1EOW8yN01vaVh2ZDdnTnBkSzQ3cGs4dFZfUW16cWxJMlpqQllYdWhxdExjZjdaSDF6UWNuMGxkOU9JdnVJODJXXzlWXzdkbEt3NnV1eVhiRWxjT1czajFPMzcwNVFXbjB4NVpuOGViWDhmRTZtZ3loYWc?oc=5,RTD-Denver,2026-07-29,positive
The L,The L Suite Fintech GC Dinner Salon - Wilson Sonsini,https://news.google.com/rss/articles/CBMie0FVX3lxTE1BU2xsbmlZQjVvekpZZnczOGVVR19VelNHeXJveW1PRldXTlhoNnhleWo4U0Q0NWMxOExWUFVHVzdGdy1FNl9VT3RCRnNBODN1UDl1a2xzT2dDMmhFd1dtUlJNY1ZxM0M2dFpPcnBkTGptbm9fOEVlU0t5MA?oc=5,Wilson Sonsini,2026-07-29,positive
The T,"Air Force Moves to Purchase T-7 Engines, Not Boeing - Air & Space Forces Magazine",https://news.google.com/rss/articles/CBMijgFBVV95cUxOQ09PcGtTZW8xbTYxc0YyamFYcHY4MU05Rm9iQ2F4S3Faam50MWwtSWdZbTVIMUcyY19SeW1WRnEwaHN2YXBaaEFjS2M0aEN1OTFLSG1XZURjbnZVWEZBRXpWQ3BvenRWckFSSlZCaDJGT0JrSnNzcUNuZnB6WVRxRS1zbHNwYWNUTFRrRlZB?oc=5,Air & Space Forces Magazine,2026-07-29,neutral
The T,Mass.-based singer-songwriter shares inspiration for music video shot on the T - NBC Boston,https://news.google.com/rss/articles/CBMiiAFBVV95cUxQX3BUS3NJRTBOYmI4SnJfekhlQWRLSFhhTVNPSEpxdU5PTHZSVGtlZ3FCZzJoRENaSnRNeDloay0zSU1ubERmTmhueWRWczNBb2dHT1c1aTc2TUhjWFozd3RKZGlCR2RzMTRORnZnRmVwbVNDTFRVV1lGWmdobllDN2wwb1FWYU9l0gGQAUFVX3lxTE91TjUwcENWQV9ubU1iN0hjUmtOd3VobkppY24xOWZHMjJ2VG4tV0M5Z2VuRG1rbVpNekdqU1l5aFhNd0JZclBER2R4elNLTUNtRmlfMDFYRy1mLVZmYmxuN3dEQzFDbFhPSG5FcllsU21jcjNRSy1vUUtXWVFjUTFGRGIydUdXWFg5ZTIzUnQ3Ug?oc=5,NBC Boston,2026-07-29,positive
The T,"S.C. State finalizes freshman housing, continues placing returning students - The Times and Democrat",https://news.google.com/rss/articles/CBMilgFBVV95cUxQb1JtMGh0dmczWDRzVm5mUVNJcU9nX2VkeHhibHN3ZzdyRW5FY3RPWERSN0FzMmk2WjVGd0pIMEowV3dUN3NNYTJDd0wzWnp5VzlQWVhmMWk3RjJ2U05WeTBaazFNeGJQQnlkTDFpbkxhVDhSUXVwVTNyUVRlSWdMaEd4TkpCYzVQeUpFeGF3bGExd0d6dEE?oc=5,The Times and Democrat,2026-07-29,neutral
The T,Can T-Mobile and Verizon win on the strength of customer experience? - Customer Experience Dive,https://news.google.com/rss/articles/CBMiowFBVV95cUxPaHJ3Y2ZaVUhsa0pXbl9zQW13WDY1NE1zQXN0ak9mdEpvSk5YUXBkVkJyV0hjcUp2a25jZTJBVWhsckdxUFFNUjI2RjQ3R0hwYW1DU05kbi1kZlpqd2xIZ05YSzFVVWNKYW1yMDhXRzJrek10cHJMdDY4NWRwaXJGaUxubndNa2VkUFl4eVU1NnVfWE9TdTNDd2FVQXh2WXN3WXNv?oc=5,Customer Experience Dive,2026-07-29,positive
The T,Ban offensive t-shirts? - Index on Censorship,https://news.google.com/rss/articles/CBMic0FVX3lxTE1URjJYNHVlLVpsYThzb2lxMXhDYWVub0ZsWmxBd0FLdENmSG9tTHhnMzdzTVB5WlF3b3RqTG9jMUVjSFJ6ZFllcGVERlNBWHI2b3dZdkc1ZThNbHZQM2F4bVRqTWJ5Nll1clNva3ZmLUxzS1k?oc=5,Index on Censorship,2026-07-29,negative
The T,I Tried Every Steak at LongHorn Steakhouse & One Cut Stood Out - Eat This Not That,https://news.google.com/rss/articles/CBMiakFVX3lxTE5rVmZza2ZSbWJrQUVWS2ZWV29VcUFTM05yYzZJdEtzQnV5VXg2N05LRktMbjRzTTZKY09VUUh0UjRzOUppY2kwcnFid0xnMGZ6cHlxOUc1T21fREtRTURrcE5aV09qcUZoRXc?oc=5,Eat This Not That,2026-07-29,negative
The T,US Air Force seeks avionics upgrades for ageing T-38 Talon as T-7A Red Hawk delays persist - Shephard Media,https://news.google.com/rss/articles/CBMi1AFBVV95cUxPelNMSDgwOHN3bHlqTG5UNFJhMXEzUVlLd3hWYlMzNEJubGVOcnk2bVBjX28xZ2NWcG01YS05dmJnMXJiaGNiZnFFajI2U1BIUEw0Um5JV2xabDF4a054THFHaGVpR0duS1dVVng0TE5KdF9SYVJRX3dCSkpEcGE2Q2d0QUI0dEhXMm56Qms5bmR3LVJoN2xFYWQ1a2RVS1RxZFNuXzN3LXlYd2tZV09WSU82TENQTFM2VzZIYjJuZWNPM3ppNm9GaExOY2RjNVQwSHhVZg?oc=5,Shephard Media,2026-07-29,neutral
The T,The Pixel 10 just became ridiculously affordable thanks to T-Mobile's Mint - PhoneArena,https://news.google.com/rss/articles/CBMijgFBVV95cUxQS3ZwNElJSzExbUZXWWNSU29jSkwybV80UDBFQjdrMDFXZ3dQQmNGZFo5c2hmelBXaUtfRy1ySU1jVExFWi00UmhNN3NVQ1JJUFZlbEZmdDJQU2VZZGpEa0puOU1nYndnRS1jUHd3RkVrS2tQaHVzNXo0Z3dOSXgwdFFBbDVyQU5pZjRSZGpn?oc=5,PhoneArena,2026-07-29,neutral
The T,ElevateBio inks deal to supply Kyverna’s CAR T-cell therapy for gMG - Myasthenia Gravis News,https://news.google.com/rss/articles/CBMikgFBVV95cUxNUlp4RW1TM1BrUG9pRmlTX3JQdU5wVUZhdlEyR1RxTzRNRmxWbXNyUlFlSnhIZHZqYmZWQXFNbkxJa3k4TFAtczYyU1ZSWXJ5NGdUMWZaUDhLRTM1TDVMR2N6MXBaZTltZDl5STZhcEJCTDRZTFlYeWNHMUsyREVPLWFyWDNOWWdqY2MxcUQyVVNYdw?oc=5,Myasthenia Gravis News,2026-07-29,neutral
The T,"MBTA announces continuation of summer and new savings for Commuter Rail, subway, buses - Boston Herald",https://news.google.com/rss/articles/CBMiwwFBVV95cUxQeWM3UHg3eWliWHNhQU1Jdk16NVhDWjljMHBlQzYyRWJ5VV9sWVZMY24yV0xpc2ZobHh0bGVPTnQ2bnpoVXNQbDZ5NmdKWUFlak5Rb3l6dHl5V1VDNEV3ZUlSNjhWSXJXNzdBVER6bF9FWWVZYWllN1JvOHdWd2h4c0VOVDJWT20xSEtkeFBfV25BdVQ4ZFVDdGxScE5iSmJZeURqcTZxVEdHM3hJRmtNWjg5VHRtN3d6RW0zMGRfclROWjg?oc=5,Boston Herald,2026-07-29,neutral
The T,"T-Mobile US, Inc. $TMUS Shares Sold by The Manufacturers Life Insurance Company - MarketBeat",https://news.google.com/rss/articles/CBMi0wFBVV95cUxQMEdjZ3piemRBQW05NTRWa3ltWWExNWhmYXhmOS13aTVJZjFPSk4zeS1KdXNzNDJDWkVsaUlKdzFLamdURVpYMkVObWM2eWdoYU1HWF96V2UxbU9vWGVsd2kwaS1PWnFYb1ByM0N1ZllHMFppbjZWMWF2Q19RYkZ3WlZwdTM3SzFSYUVyVFNKLUQ5eGp2Yy1EUlNtWHdPQ1pMeHpPNFo3WVA0SzN6UzVXX3dpUEM5aTdDUHVpeGhkeV9tQVBLR2wxcFY0Yk1SUmVSWnZB?oc=5,MarketBeat,2026-07-29,positive
The T,Human lungs maintain tissue-resident memory T cells against a broad spectrum of pathogens - Nature,https://news.google.com/rss/articles/CBMiX0FVX3lxTE9uaVd0NmJOQUxEdWZRVGV1N0o0YlVIbW9UUXVTNEFyWnZTUUVITkE3cGlROGtvaDl1VDRMUWhpSUlqa0hKNVh2TlpRd1l0VkRQaEcwUFBlcnVkUVV0VDFz?oc=5,Nature,2026-07-29,neutral
The T,Newton High School To Participate in the T-Mobile Friday Night 5G Lights Campaign Again this Year - TAPinto,https://news.google.com/rss/articles/CBMi9wFBVV95cUxNYjNVRmQ0MjR1ZUNFSTJON1k0d0hoTy1BUF9MUTkyR0ZiY3YxV3pQMFV6TzBGRC1teW1VN1FTWktocGhfX3pLcHRiU05GcTFpdE1MUHNLUnNEZ1NuNlRxVXlnWXpscjFSSGVrT2VEZFBjWlNxOTJUSHlCekl6OEVDZDFCQ0swMHdPWHAyOHRyd2JCUjI4QlhZZUZNRlF6cWVINzJORmtoRmNvUWowQ1ZLZ1dwcnJCMXVzaUhJRE9TTHJvdndNQzgyUWYzeGlZaWtpVmx4aHZTMm9ZUEhSVXMxVVRIQld4TFZ2UGRjME95WDd6WmJkZ2xj?oc=5,TAPinto,2026-07-29,neutral
The T,"Abraham Kupfer, pioneer of cell therapy research at Johns Hopkins Medicine, dies at 77 - Johns Hopkins University",https://news.google.com/rss/articles/CBMiZkFVX3lxTE9MNnQzdnRRaU1KTHNJdHJOaGdkMTJKRWpoSWotUDUwams0cFNTT2hXdng4VXpSTndMaUFEVW5RN0lSSmJ2VWJSLUd1OEJ6ZzdCSXhzQ2NULTAzZUhtc055Vm56NXNzQQ?oc=5,Johns Hopkins University,2026-07-29,neutral
The T,Makai King makes TikTok and Instagram videos about the MBTA - WGBH,https://news.google.com/rss/articles/CBMiekFVX3lxTE9OYkFkTGd2aGxlSUE0N0tGSVBZMy0xY05Id291NXpjbEJpXzFFMnRSaHU3SWJ5MERONGVkYUN5RmZaaUg3ZEtoWGQzVEJzOTRYNUt5djViUDRvMHRoWVUwTFNNdXd6SmtSNWhOdkY3czZkMy0tMU5yVkxB?oc=5,WGBH,2026-07-29,neutral
The T,What’s Behind the Huge Flows Into Derivative-Based ETFs? - ETF Database,https://news.google.com/rss/articles/CBMijAFBVV95cUxOa2hPdWhkRGtId00xaXB2SVBOZmphckpiRzF0OVhBSVhadnFnOTF3bHM0ZVRaRUd4WTRmS2lQMjB5ZVJ4RWc1Zm1yRVA5UHl4TUlhTzhCU2U0R0xkcldRaVI1QW1SS0FDVXhBZEdzVEtNcVJnMzRUc1J0OFVtbTN1ODNpTVlzN2dQRHNYQQ?oc=5,ETF Database,2026-07-29,positive
The T,"33 Years Later, ‘Jurassic Park’ Fans Finally Solve a Major Mystery From the Original Film - Inside the Magic",https://news.google.com/rss/articles/CBMipwFBVV95cUxQVUxfQVJzWXBLRm1qeFNaQV9mVnhNUlZlS0Yxanh4d3Z2c0w2NFVlMExLUWJXWWROakpvN0FYV1JzaE1LUlp0QjlSU1RXamhkNE1PRlJzZGpNMllLSGFwRkJiUWtiejZVNlhsYVFlTHM2VmRrdk40YXdCMW40aFVaZE9XVWVXRzdpdm5paVM3Tk5mVHczUFhNT19KVFNEaXZmTERZU294TQ?oc=5,Inside the Magic,2026-07-29,positive
The T,Twelve candidates file to run in the SC special GOP Senate primary - The Times and Democrat,https://news.google.com/rss/articles/CBMiowFBVV95cUxPSUdvRGF1bFZZYTY2aTdsaXVZc1JzZHkybVVRdkgycXZERmMtV2ZCUzA0anh1Tnl0c0ctLTVkRlFHcEM2U18wYTFrZVNRbFh1THFraG5KV0N5TmNZRDkwZ0UzUVV6WFc4c0REbXlxRXdzLUZvVWhNbVI5T3VISjlUYzJzYVZZY21TZ05aWXplMDh2RnlabnJPN1FFMVE2Q2VKbXNr?oc=5,The Times and Democrat,2026-07-29,positive
The T,Orangeburg County - Filing opens soon for school board seats - The Times and Democrat,https://news.google.com/rss/articles/CBMisAFBVV95cUxPRHpneVZJNV96SlA0a1Q2czR6WEVhMnFBMzFtc2Nwd0dCdXByc1l0SFkyNTBOZ1JxYTd1WG0xLUNOLVhvWWwydmVIQm9kcmV6cE9KMjFwaW56ellzX2xvdS10Y1RvRWFyY3QzWlVlRmFxN2F1STJfNTBMWHZXaHpYWmZvbVhVc2lPNHZWdnFUNzlIUTZNM2c3Vjg5cVpHNy1RcUxhR3dNTTg1bVUwdkdGVQ?oc=5,The Times and Democrat,2026-07-29,neutral
The T,Filing for Calhoun County School Board starts Saturday - The Times and Democrat,https://news.google.com/rss/articles/CBMisAFBVV95cUxPdDZaa0VmM2U4aTg1eThDcUZuWFN2T2owTTh6ZmpPOFUyYmpDRVRJdnB4T1l0SFhlQ0tKWjZ2R1duMlNWdnhEZFYwYTRlbk94NFBXazEyTW5WLU1YM3ZRRENXeFJZeEl5Z1ctcTZFNXZQRTcwdTJGeVUtU1ZNN0Q3SnNRSk4zUVZjVUxxZHp5eW5DMWFva3NsLUtMNmthS0tOZTVDaTZUSjllcUFJdHBTbg?oc=5,The Times and Democrat,2026-07-29,neutral
The T,Hybrid VW Tiguan US-bound amid EV reset - WardsAuto,https://news.google.com/rss/articles/CBMihAFBVV95cUxNa05rckZib2h6ZG1RLUp1ZDZDMlNaaldvUUhFVHhJbFBLTzFaREpTckgtbVh4dHQ4aHYzaFpqa0NZRHRPY2l1SGZjMTB3VUFLU1Z0MmhmUjA1cHFJMjVIdTBCZUV3VEZpeENfSU5yal82QUJzazdIWkp4MkNpSVNFcElNTXE?oc=5,WardsAuto,2026-07-29,neutral
The T,Hot Today through Thursday then some Stronger T-Storms possible Thursday evening into Friday. - 5 EYEWITNESS NEWS,https://news.google.com/rss/articles/CBMi0wFBVV95cUxNZjE4eHFFb1dERXVBNmxXejFYRUdIb08xVE5mVUdXZ0U2dmROM29kSmYxSXdDeHFXUFQ0enF0TUlzSzdTdFJNdUFXWDRfd1lWcU5NTEt1UDlFOG5jMlFOcGdiZHM3WV91VUlNUzhmeWhXQVdYMEVwQWlzYUUwNXBKZXQyRXJjZnNmc3U0SXdYcndtREVBVlNXbi0tTUp6emV4TnpFNklBYktfbjdBY3dHMjFKS3VsNTBzQTJVMGtMcWFfVDBocXY2N3dUV2ZreUlUZEdF?oc=5,5 EYEWITNESS NEWS,2026-07-29,positive
The T,"EchoStar, AT&T Close $23 Billion Spectrum Sale - Broadband Breakfast",https://news.google.com/rss/articles/CBMiggFBVV95cUxPVzBPMGJqSkZxamRDZWhlbEdGZGEyVE5LMXlYR05FRXB5RUduSXM1cFdIanp2WjVudzNOQmZNcENfdVlJMWdqQVB3WHVTQWZuUDZ1R1Rjam83ckIwbTJMRU9YaW04Rm9kalI3S0V3MUEtUXBLWmZWZVR5NVBzaHFfdmRB?oc=5,Broadband Breakfast,2026-07-29,neutral
The T,Zack Polanski will not say sorry to Farage for sharing guillotine image - The Guardian,https://news.google.com/rss/articles/CBMitgFBVV95cUxQWTI4YnEta3ZOSDBiLXE5cHZObktTNFVPRDJ6eUs4T3AteGxCTXN1dk5sQUFZUkhVQVI3OU1uaFdJWndqNGhTc3Nfa3VWMG9oRGdhM2RCeVJOQ181eUkyeGRMaHB4R1dmYzhqU2JjcWtLeTBsX19LaW9XMnlIcTdQU3VzODZLT3dMWFVha1JGYTRUMTV0T20xWVF4ajY0cy1iSm9lVXVkX2NqN3kxcmx2S0tnN2g4UQ?oc=5,The Guardian,2026-07-29,positive
The T,Goldman Sachs and T. Rowe Price Launch Interval Fund - Wealth Management,https://news.google.com/rss/articles/CBMiugFBVV95cUxPdVRrS0pha0Q0dmZ5eEltOVd5dVZUWlpvTWxRcG5uYmtfVDhFZnhUX24wdHR3N1pmZ0VvUldRMXJwSnNGUkdTaWoxMFltaHdndmxIVGZsbnVpOVlEVlJSSzc0S2dpRHFJTE94Tk1xN3ZFa1FQMUctc1A1WjU3LWJFcUcwOGhnOFZlSEZmS2tVVGZSR1BqSHUzUWRLdVR6TUVpZEx0NFVyRHhxdm5WTzRMZkYtZ2Y0V1hQTmc?oc=5,Wealth Management,2026-07-29,positive
The T,"If You Own This Lens, You Hit the Jackpot - The Phoblographer",https://news.google.com/rss/articles/CBMijgFBVV95cUxNOF9aSjc5Rksza2xoSDRYb25JZU82dlEycnJES2ZlNFB4TEtzRFhBX3h1enB4RmdtR0dVUDhxcUhQWVBhX1Y5VlhmLXA3VGt1ZkhDUHZ4dzFIUENNM1dQNGlkS3J5RHZKOE55MkRsMEFvVWVsZzJvbUhscTY2MFEwZm1uTERtZDVPOUJqMzdn?oc=5,The Phoblographer,2026-07-29,neutral
The T,T-Mobile is pushing loyal customers away. These 7 changes could win them back - Android Authority,https://news.google.com/rss/articles/CBMiiwFBVV95cUxORU5IU1FIQ1JzUkdXdGNER2d3UF9YcldwdlA0c0FBVlZtYVRNQVpuV3pJQlhiend3TkxrZ00ydk5aaHJDWmpvV2JuR2xRLVdDSDM2UWQ3bDlPV1JETVBxSFo5dDc0SENNMWQ5Yzh3YmNLa1Qwc1p6dnBmWTYzek5aY2FtRnFEb21ZQUp3?oc=5,Android Authority,2026-07-29,positive
The T,The Dendritic Cell-based Vaccine PROTEXI leverages Antiviral CD4 T cell Memory to boost anti-tumor immune responses in mice - Nature,https://news.google.com/rss/articles/CBMiX0FVX3lxTFBidjhobXAyNHF5RHRjc2NOSmdGTXhGX3h1SURPREg1TWRGZUkyY1JBVlloZlBrTUJMQkZVUjBSYkNMUXFFU05rMTYyNHJDT1c5QVJOOEtvTnd5ZklnUlA4?oc=5,Nature,2026-07-29,positive
The T,T. Rowe Price and GSAM unveil new private markets fund - Alternative Credit Investor,https://news.google.com/rss/articles/CBMipgFBVV95cUxQMHJHN0xTQnl2VGZRaE1xRTVmLU1KT1dVcHZRcUdmOHktVV9lZXpuR1dqdFBNazF4MGNybDZtcVdzbEpJeG5yWVQtdVB3ZWFPbkJ1WmIyYmVISGtlZXBpTDlwM1dEWWMxVEo1eC1US3NjLTBta3pkRHZJSHFZZVRsYkJ6R21CZXRBYW9Ld3N0eDhXMFd5VWk0d3ZxTkd1MEw3eW1laFlR?oc=5,Alternative Credit Investor,2026-07-29,positive
The T,Celebrating 76 years of the T-Bone Committee - swiowanewssource.com,https://news.google.com/rss/articles/CBMilgFBVV95cUxQUjNaOXlldnRUSWlkQ1lpcVdjM3V5eElYRVEtdms0WUg3WmdKVGNGdm9Wa04tNU5zaTlMd2NzVUh0Zmt4bk44T0VKVmVTMENtbTdkUE1DekFTSDE1QTB5WFdOOGd5NWFMUHdnZjZPTlBnU0dWcVhRbkJPa0l5T1JqT0oyaGJITHVnT0MwaWpkZzM2c0Fudnc?oc=5,swiowanewssource.com,2026-07-29,positive
The T,Inside ImvivaBio's Trial For Off-The-Shelf CAR-T Strategy For Aggressive T-Cell Malignancies - Clinical Leader,https://news.google.com/rss/articles/CBMizAFBVV95cUxNSDd5Y2FhMFQ0RFU2WW82cnhkc2pLbFNvQXFPZ2x2R19JZjM1REZscF9NemhPUUtOZXNIX0wxRU54Q05QWW5TSFZicVVmbERWN0JlOU1JZENSMF9LcFhyZWN1SHhKWmM1UUREaXFBWFNDTDJfeHZBVkFVcG9oU25sRUppREtZdHkwU1IzZlV5cnJnVi1hbTdYWXVOTzRNY1VFcnNndkxZSzA1VFRTX05yMmxMbENaZUNreV9HRS11VGxrUmFzTkppRS1henE?oc=5,Clinical Leader,2026-07-29,negative
The T,Polanski refuses to apologise for social media post that appears to threaten Farage - Yahoo,https://news.google.com/rss/articles/CBMipgFBVV95cUxQcTIzQmoyMnFlV3pNQ3ZNcXREWGhydlBOdkRKMDdiVWFPcmxnLXVOTTZVREJjd3lnaUpmWGYzVi0zTG4xWHgzdGdEZFBaZVBsdE0ycVItNURSVTFiQUhSdWJIU2VTZENpWFFiUGNoekJrLWxBNFlRS2ZSWlJGUjZlLUFZWjJfWEVuZUZCUkwtQ2Y5Q3VkR1ZoRUNPaE9CS3pnYmhkT0p3?oc=5,Yahoo,2026-07-29,neutral
The T,How to keep your home powered during a summer heat wave - The Times and Democrat,https://news.google.com/rss/articles/CBMisAFBVV95cUxOMXp1ZldyQU9UV0c2Zzg4Q2E2bTFmRy1BVWxrMTBqUjZoemt5ZFNNMzhWUFkwaDh2ZWlzZnVSb0JGaVBKcGZBSEZGdnVhUE9CS041NjJvZVNtUkpMUjBXSWM3UGtfU3d4UGVWbE1ZenBEaDY4aC1EREdwSmprWTVMUGpGNG1HeGRVOXBSWHJabklVQ25JTXlxXzVxbGhIRXFPSThDSVdUdG80U1hacjhNQg?oc=5,The Times and Democrat,2026-07-29,neutral
The T,"Pier decking down and sealed, T-end work begins soon - The Anna Maria Islander",https://news.google.com/rss/articles/CBMijgFBVV95cUxNdkl1ekJHcXlRRzJwNkdRdmFwWmZsYWRkc1YyTUZjOEl2bUV1M29yQ0ZsTERRTUFwY2ppTHNVVmV0SXNXV2RjLVM0V2I0Z09uQ2Iwc3BYUlh4X0VuWXZURGNxVmQzcHJQc3c5WTU2cU03MDJ6M1ZSZml1SGYzN0hZVkY0b0pOZHVPNXBhTjh3?oc=5,The Anna Maria Islander,2026-07-29,neutral
The T,Mass. announces 3 pilots to cut T fares and extends summer discounts - Axios,https://news.google.com/rss/articles/CBMilgFBVV95cUxQeWJqclpRbHVIOWpudFdRbDZCa1h0VFhLMmRsS04yNHdtcExFYWlQSFU5eFVST2pXZHRKRURrWnExNHp0VG5lRHluWkMxeFZua0tuOERKVGdBb09uUnd0SllWdUZfYzc0c2VJVEtLa1BxQWhUVnV5Z2Q5YlEzU2ZkdlhjdmwyRFNJUUl0YlMzZ3dGeG15Y3c?oc=5,Axios,2026-07-29,negative
The T,Big paydays result from $50M auction of SD T. rex skeleton - KOTA Territory News,https://news.google.com/rss/articles/CBMiiwFBVV95cUxNamFYQzJQNk5hcG9YRm1IanNRaWxhNHVUOXlnZnllekIzYUVsNU5QRmpwT19DdVo1UjF6M3NVRnU5Y0VFVWZIa0h5Vm9udXZ6TkE4VFNBaWRDd2V2RUxNZEJ1bGVKX3luZnNSVWxxNjYyaEJlYUI4bTZEZmljdkZfamhENkNhcjk5cDBN0gGfAUFVX3lxTFBZa1lKSklfS0RoZDE0MzNaalB1RHc1SUpETEZGYWVxTUVUYUtqN05GYkpwTEpDRjlXcW1peFc1X0pDWHI3dnpzay14WmFxM2ktenJEYmJWMXloYkRHcXdIcWkyZUNzNUpMUlBvMERaY0YzOEhWTGxEeG1MWkJxU0syYjRoek8xRmkybTN1N3g1dnM2dEtkUTJkOEp0dEZHVQ?oc=5,KOTA Territory News,2026-07-29,neutral
The T,"From AC/DC to Willie Nelson, music fan's 29-year-old T-shirt has attended 350 concerts - kare11.com",https://news.google.com/rss/articles/CBMilwJBVV95cUxQNGExMGZoTXZXcW5LVy1oS1Bmc1lFbGh3b2JvNWx1TTk1dzRxRV9EZ2had1VTTGhGV3JoT2l2bWwwR2dFZVZMNk1FRDhhNktwWENYUC1ycTJDVXJPQ3M3cEhXcUs2NGd4SnFMWmJINnliem5jUHczclRQMVIxWjZOMmd6X1ZRcXo4aWU0OTFlVUcxYkVfSFZaNVZVakNpYTFoN1RiWHBZOEhpUE9EeTFBUzk3Ujl5RVdvVnRDVkFseThnS2R0dXctNzNpLTB3OWVyZnZjYWNIVWVROVktM3gzVk5LY2FEV21hQjFUT1RZVG00Q25ydkZKNWVCcG04MWVLYTV1ZWZ6S28zMTdzMmQ4SGp0cVh2bmc?oc=5,kare11.com,2026-07-29,neutral
The T,The MBTA is rolling out 3 new fare discounts — and extending half-off commuter rail passes — this fall - WBUR,https://news.google.com/rss/articles/CBMikAFBVV95cUxQRDBpblRxYnp4V1VRZ0FIeVQ5UFdELWdid2RXcjhQOFhlRUFUYlBNQlFQZkZXYXFjXzhLN2xrNV9LaWVpWTNtd0dROXVCaDZkX2VtV3hZSGlwNVZyVFEweC1oSjZqWC1EN3Fxa0YtNzZ6M0lpR2RCZzdHSDFMd1k4V2ljLVctRjdNTU9NT0RRWnI?oc=5,WBUR,2026-07-29,neutral
The T,Reform UK reporting Green leader Zack Polanski to police over Instagram post - BBC,https://news.google.com/rss/articles/CBMiXEFVX3lxTE8tcEUxa2JYbUk3Wnh4ZEhsMjRMTGR6Q3U2M1d2NHZ1RkI0RlVqRlRDak03dmhsNXgyLUR5dWtnZHdRRDEtb2c4SW9DTnhQWW5hY1hZOWNVZjhzNEhT?oc=5,BBC,2026-07-29,neutral
The T,"'Resident Evil': Cast, Plot, Release Date, Trailer, and More Details - TV Insider",https://news.google.com/rss/articles/CBMiogFBVV95cUxOeDNsMU54RXNyakRlTjAyY21yWWtTSE02SGI0WFlKUWRMOVdmWnBFS2pwSlVJZWNkQVFYazBUamVOaXpIQmJFN2tGUE5WVlVVNjBnUURfb2xyMDVNNEFEMF9QaHBiOUVLcVhMRmotM3NuUGJuZVpIQ2lPUGEyYlhzdjBucTRlRDd2U2UyeUVwMzYxVFVyek9FVEpFOFRZME1BMHc?oc=5,TV Insider,2026-07-29,negative
The T,Person fatally struck by Amtrak train closes all tracks in Attleborough - NBC Boston,https://news.google.com/rss/articles/CBMikAFBVV95cUxQRE1lVkgyMGlzSW5rVzJlckdqMFNYV3NmcUFMbi14dXdERkNmRlh0SEc0UV9oR2lRUjBTemY5LXQ4b3Q2MzZxaVB6S25kNHNrOTZrZlltUGQya0ZwRzZJUkUwUDZmY2hkcjZWLW44Y2Vvalp0WFh4aXV5MWFaajlWcFpkOERVNVpiZy1mWHBuc3PSAZgBQVVfeXFMTkFIX1lkTDNtVTVLZDlYbDl6QWRLN241dDFSSldQX0t5R3dFWjY2WW53Y2s3R3U4ems3aVlDMDRVZHFjSkpycnJQWE9BZEozZTBzT0hTaHZRZ3VtdDZsTE1RWml0UFpidlhQejl0OWdwR1NSeFNRa1Y1TW9nemg2WUoweGVEVDR2Nk5JQjMxV0JWZ2Y5WmNYZXE?oc=5,NBC Boston,2026-07-29,negative
The T,‘Terminally online’: why frustrated Greens want Polanski to hand over his social media - The Guardian,https://news.google.com/rss/articles/CBMilgFBVV95cUxNOXVoaVFldnJZVDJhczBybmplT0J0U0c4am9ZQlF0a2JyaEk3cjB5LVlISWYtcHdvWmtFWXg1aFVLZXA3SVRwdGRqdHFNV2pVQXBrSDhHTGdUZ3c3a0VYbHRpZEZpeXFOYjhaLXBEaUhmRURhMlhKQ3IyMzg0NXp2OS1rbjNvTzlYZ2l0V0lLUWZOU2ROU3c?oc=5,The Guardian,2026-07-29,neutral
The T,“It Lit the Spark”: Raptor Pilot Comes Full Circle at St. Cloud Air Show - KNSI,https://news.google.com/rss/articles/CBMiUkFVX3lxTE1WMjJMT09lVEQ2WEFyWGJ6QWpkblVjdVp6Q0FQRzVFeUxPZ21sSzlJUUgzbzV3ZVY1VFhqazIwTFRCTG5RVkdZc0p1djVuTjdSV1E?oc=5,KNSI,2026-07-29,neutral
The T,AT&T closes $23B spectrum deal with EchoStar - Fierce Network,https://news.google.com/rss/articles/CBMigwFBVV95cUxPc1NyMkxLcVRoUzdBRTlZdjRCX3U0TG5zMVowZ1Z4TTN6WWIxSWlVeEdMQUZDU0QtMHVlbG5odXZJSm9OUUs1dk5tQXFfZVFoX1ZZTG9MVndlUFZSLTRoQmNBSEhVY05pWmhSYUVndm9BVGZIUFRkQTM2enAxYm10UXJ1OA?oc=5,Fierce Network,2026-07-29,neutral
The T,T-Mobile outage: Company ‘fully restored service’ after hours-long service outage - The Denver Post,https://news.google.com/rss/articles/CBMigwFBVV95cUxOTGVZMzJYMm1yTWlHY2lCc2E0bzRqXzdhU0NWOU5JXzJnTjNkcEhYeDFDRTlRTS0tVFpzX0FSYzFGeFBXRVd3SUtTeWZTaVZERy01bmNTbFYwWTF4bmZLY0tpdHdMT09SdzBMdHNnU0xiWF9lX1o1cEdXY1RyRHBTS29VSQ?oc=5,The Denver Post,2026-07-29,positive
The T,Is This the Best Meta Joke in Ultimate Action Movie History? - No Film School,https://news.google.com/rss/articles/CBMiYEFVX3lxTFBBNDd2bjlnTVphVHhOUHpkQmJzc1BmUTJXMXBXMTRJc2lVMkR5MDF3WWEteGVhdEhuYzAxVThhLTRoVS1NU3B0elpxdV9LM0NaV19uWFc4ZWFFcXlfaDZ0dg?oc=5,No Film School,2026-07-29,positive
The T,"T-Mobile service problems draw more than 64,000 reports to Downdetector - Houston Chronicle",https://news.google.com/rss/articles/CBMisgFBVV95cUxONVVRY3U3RGIzLUNBa2V2TG1NcGRpX184V0hIanF0WEVzVy1rc0hjTnhwbzNodUp6OWdzLW8xU1Y5d1BTY1VlbkZDdFppaVVsU2tCblI2aS1hOTVZOWR3SFZCQnFod2VhdXByMEV6N1VjeW9pWXdGd1JNSWpJcWlmVGVuaXRFbXI3UVhCQ3BhckhoZncxaGxZLU1XcExtQllHSXhscDJqSDFqRXhVTnlDSmZR?oc=5,Houston Chronicle,2026-07-29,negative
The T,T-Mobile outage: Some users report they couldn't connect to Starlink via T-Satellite - Mashable,https://news.google.com/rss/articles/CBMiekFVX3lxTE9wd3dOVmdzVHpfVE5UZVRoaVcwMnoxOVlKQW9qbW1kZ3JHQkMwN2dJWmxUUjN0QWRmUG9DakpRVmlydEJmMHFRTlFsNkt2aGZNRHUzaFlucXUwYmxFa2VzQzlTVEZmTS1iV2YxSDY1NGdnZGlIdE1iY1R3?oc=5,Mashable,2026-07-29,neutral
The T,T-Mobile says service fully restored after Davidson County outage - News Channel 5 Nashville,https://news.google.com/rss/articles/CBMixAFBVV95cUxQdW1YM283SW9pT1l4cFgzQXJOTThYYXF4YzJTY3hTX1ZMb0RNZVpOS2NXWEpJSENmbmZQOFpjdkFEMDRGNHROOWw3M28ycll2aTlMQTFMcHQ4RHBsVnZTVGxMZEhveTQ5dUhkV0hLczNmNlFRUEJ1V0RpVEJxOWRKSUdfZ1dwQVJUeTgyelgtckk2ZkhqOG55ZUx1VkhKQ195TVk0S2FiZ1FreXFxU3dWOTdvYkhtaDV5dU1qNnROeXRpNHRG?oc=5,News Channel 5 Nashville,2026-07-29,positive
The T,"T-Mobile users report issues with phones, some in ‘SOS’ mode - WANE 15",https://news.google.com/rss/articles/CBMimgFBVV95cUxQQVVfWHQ1R2JQOHQ1MDFpSU1ESmlEaVJYUmxBV0ZDX3JUeEpLUGNabHRLMXhIaXA0ZUFtY0xMc1pqeWRJdWUyd3RyRTZOWUsxSXBZZ2l1amRVS0k0M2dDYkNrMzZVMEhSYTBrSHhTeWZ1Y0ZIenptRFl4M1JmLTdCcnZXb0I2aVZpMTBtR1JTWER1Z2pSUlZEVVd30gGfAUFVX3lxTE9QbUt2LUdRQ09oSERSNDNhTGtEbXdYVzd0amZBWTRKc2lscEZKNjZwdl8ybW42eVFHdzIzQWVVN3JMYktqM09RZU1yaTV2eTJLZGotdHZzVGs0Y3lCUlVXanZyMVVnNWxubXJhLTBhREdheHZadXVORFhQQ1hiUngtV2dvM3ZpNWt2LTN3LTVhQ0MtOEQtNXZKNlZ5TEhOZw?oc=5,WANE 15,2026-07-29,neutral
Washington Metropolitan Area Transit Authority,Record numbers rode D.C.-area Metro on July Fourth - The Washington Post,https://news.google.com/rss/articles/CBMingFBVV95cUxQZk1HSFRkLXYtUldXZ2FZNzdGRVlQSUJCejVBZ052eGU1WWNjbXY3YzNwbWNHeERsMnF0MDE1T0JOaEkyaUxFZEdQRFo5Z3Jfd1hXMGRiN2FBLWZqNVFBcTZzd1BWZlpQQlV1SHFUSmRqd05YSFhyTllsVTk2WjJ2MndsNC1wQ3Q3RUh0TkVmaGZtaGxGUXZFTlVmTVhlUQ?oc=5,The Washington Post,2026-07-29,neutral
Washington Metropolitan Area Transit Authority,Metro Red Line trains return to normal after day of delays - WUSA9,https://news.google.com/rss/articles/CBMiywFBVV95cUxPeUc0dEV1T2FBM3NGTFRfbUlUZDFuWW43aUNNdTR6alRQNHN6MmQ0QWUxWF90Rkc2bEh3bHV4NnlpdHRFbVVzenpEZ0VHcTlOV1VMLW11MFdmVUNEdnpidTRCZkI1eG5EdmlhUzJkZUxjU2RDOW43OFZ2a1pYcVV5OG1RZmt2U1JmdEtZS0lSeXgweEVXOWNwY21OX0tGVW1fNUFiakRlZ3BmTHpJX0o5Uk5iOGhWc0RYeGNKelZKcURqSE9ibFNBR0NNOA?oc=5,WUSA9,2026-07-29,neutral
Washington Metropolitan Area Transit Authority,Montgomery County Approves $49.8 Billion Metro 'Aqua Line' - Montgomery Leek,https://news.google.com/rss/articles/CBMilAFBVV95cUxNZUtMSncxOGktaF9QeEUycG95SXl3N0d6Mm4tVzVDamhDX055N1piM0xVM2RaX3AtcFNXdi0tWkZJY0NGdkhXZ0ZrV0RuS05YU2k4MHo1WVppYUk3ZW9fZHRkN0hlN3YtRUQxZEREYzYyRzFvdTYzUE9BN0NTWVY0S180clRmTmtvYlNiZUx3V1NOMko4?oc=5,Montgomery Leek,2026-07-29,positive
Washington Metropolitan Area Transit Authority,"UPDATE: Washington Metropolitan Area Transit Authority Has Begun Bus Shelter Replacement Work at Shady Grove East Metrorail Station in Rockville - Montgomery County, MD (.gov)",https://news.google.com/rss/articles/CBMiiAFBVV95cUxNZHFsN2NwejhON21BZm44MURDdzBXa0ZrZENfUzhTY3NUNURzWHJTbFhYMV9nSy04T29aVlJmU2pvNkR5UHJSQlVKLUdMQjc1M2lPTXJzSFhleFFza2xKODdwYUpjVFNod3lKZVdEdGJCMnlkanFIRXlMX3hXcnlJUXEwWkdQbldW?oc=5,"Montgomery County, MD (.gov)",2026-07-29,neutral
Washington Metropolitan Area Transit Authority,"Doors, barriers coming to Metrorail’s Red Line platforms - Washington Times",https://news.google.com/rss/articles/CBMiowFBVV95cUxQMFlaNDkyTnFzRUdpbzFYRGl5bDY5ZGd1VVkzMXF4OVlLSzBMU2syR0F6WGVadW1rejVwRW5Hb2U0NE1Sdlp2eEpnbXVyak5hQjJMbFkzQmoxWVFLSWZ5LWtlZXlXZEx6SnRBaEJSOVJOV0szM29maHpUNXNGRTcwNkhBeE9uSXNIS2VvZ05JZE1iSTRVOUtVaFd3NHctVHYtTldJ?oc=5,Washington Times,2026-07-29,neutral
Washington Metropolitan Area Transit Authority,Why Trump's Strait of Hormuz blockade may affect DC public transportation - USA Today,https://news.google.com/rss/articles/CBMixAFBVV95cUxQUW5pcFBLN2VDY3lnb3kzblduUC15S1BzSnlFM0VzT3M5NkhoYWI3d2ZLODAwdUxvampvcGN5dXZsTWFhYkl3UVk5SjY5N0dyaktpb1ZUTkk2NGhxOEVmYWwtRlFBM1BjSnBlcFY2UnV2SDNZNl9wQmdZTDBQM01YclR5cjVDRG1LcGw4T01DSEIxeFhiVkVtOThpZXFVMjE5TFVBR0xRd1NxUVZTbXY1VG90enBNal9mblRHdWNUZmY5WHd6?oc=5,USA Today,2026-07-29,neutral
Washington Metropolitan Area Transit Authority,"Washington Spirit, Metro Agree to Partnership that Promotes Taking Transit to Games - Washington Spirit",https://news.google.com/rss/articles/CBMixwFBVV95cUxNcjNNSVNJNmY4aThrZm44WFQ0a0tJN3o4V3kyUDJfbEFTdXNnOTljRnYyd0xwMmVkR2V2bnNSLTRJcU5JY29Bb2ptZ0plWlNIcTBFek9xa2V0T29BazhmRjBDVnUwdlEwMVo5R2RJR0xUN0cySDh1dUkzWnBHRzlDMHVjX29iUWFoSUZJTEs2bUFqeU8zUFBPNVllRC1jTF9lc2o5b0ZvMUhpcGRnZkl3QXRtZmxvYk1xdWh4dzJDb2tQX2NLZVo4?oc=5,Washington Spirit,2026-07-29,positive
Washington Metropolitan Area Transit Authority,"GU Expands Public Transit Partnership, Introduces Capitol Campus Programs - The Hoya",https://news.google.com/rss/articles/CBMinwFBVV95cUxNaUQ3Y2RONTZKMDU5UndkUXhiWUZoa2d3aE9yemdsck9DSzJzQnM5MS1FeUdXYUthYzdMcUI3ZGdMLXl5bHV3RGlSQ014bDFKaTh6ZEJaZTFFUDNkSzBFVmplYUl1dWsxNnJkUHh3bjJvUDVTcWtZN2NJTThUbU5LT1J2XzFVdG1HVFN0aUx4VE95ZWNMenRhYWNLaHBBWjg?oc=5,The Hoya,2026-07-29,neutral
Washington Metropolitan Area Transit Authority,"On March 27, 1976, the Metro rail system made its first trip in Washington, D.C. Over the next 50 years, it clocked more than 7 billion additional trips, according to the Washington Metropolitan Area Transit Authority. See photos from over the years: - facebook.com",https://news.google.com/rss/articles/CBMi3AFBVV95cUxPQml3MjE3TWpmQ0RPMmhRTzVLZi1qNzFmMUdYTDBIMnlwR1RLRnpLOUtOanlycGZFNERWS3BPa1U1UW5OMDFIVUJBQ1loUFlDR3NKTWdXNU82clJrNmRydTQ3REQxeTY3cnRRUnBCRGdhUTNBM3BfbUlOVHN0dU9SSlNUQUFlRzFlMF8wNHZUX1ZlbWNneXVIek11b1ZZdHRlLU04RzdSRjR3ZUxDdnN4VU5QWEU3VDFVaW5jeHR0bDJCcVBFRVJVekRRck55RGF1V3Mtc1hNV3Z4cm5o?oc=5,facebook.com,2026-07-29,neutral
Washington Metropolitan Area Transit Authority,How This McCourt Grad Helps Keep Metro Moving - McCourt School of Public Policy - Georgetown University,https://news.google.com/rss/articles/CBMiigFBVV95cUxQOVQ1NGtwQ0NnZVlQcVRfQ0JuODNRRUpsSVlVbEpVeWY5ZU54R3pnS3VsMzBLYTRiOUFMMlZsTDh4cC1tekpDQ3BkSXFrMnNZSUFsVFotTlBWNVFKYVg3SFFwVEtJNUtRNkFHSFpBb01vb2poRDhDY0hLZVFmbGxCVUhGWlpzWFBSZEE?oc=5,McCourt School of Public Policy - Georgetown University,2026-07-29,positive
Washington Metropolitan Area Transit Authority,"Data Helps Washington, D.C., Transit Fine-tune Its Service - GovTech",https://news.google.com/rss/articles/CBMimgFBVV95cUxNUU5LVnkzVW5XeUd3bFc3TnZiLTZHRFo2eGdhS0hhU3FPUUUyR1JLRkFYQmphX25aQWxKZlhLeHFubndiRWpDa3NaRFpwVzl4dGt2WHBjakF2SUpzQkE4b2dRUVdZV3JhdFh4N2Z6QUhOcVlWeU5IMXJEQ2liNzZweW5VSENRaXIyWG1nLVlXblNha1VWTUQ4SDhB?oc=5,GovTech,2026-07-29,positive
Washington Metropolitan Area Transit Authority,WMATA to vote on budget plan that includes Red Line automation - FOX 5 DC,https://news.google.com/rss/articles/CBMihgFBVV95cUxNUEVVMXZ0bENRSVdEamI3azh1U2dGRC04aWpWb0hhUWgzdG1EV1VVQ3BfTFowRE9feGhjX0FwZXpheF9vRlZHRzRWRy0wY1J0YThRSnNsMy1HcVdzLTVIYUtfRHlWQTZBMlBXaklDTlByaHlzOFdrN2otbjdfS293Ml9lOHNaQdIBiwFBVV95cUxNUktDZ3dIdFFmYk4yMDBYREl0UFJjem03YnRjWnlPRkhjNDY2YVh3dHhOdU80Z1V3OXNkZ3Jvb2Z3TXFqTEhJbFY5Y3FWVXc2TFdmU3JmVHd3c0NyUXJfN0I2bnFnOHVHT1R5OU12R1JheHlSVnZseENOaVdIeHczZEk2LTNyUUZFbXNv?oc=5,FOX 5 DC,2026-07-29,neutral
Washington Metropolitan Area Transit Authority,Indra Group to Equip the Entire Washington D.C. Subway Network With an Advanced Customer Terminal System - Yahoo Finance,https://news.google.com/rss/articles/CBMinAFBVV95cUxPZFlWblY5MVZYZ1FPUFVCRmJTMzJPbC03a2xFT3l5TFpWNko2dE1BTTZGNEFtZWd1LWp5NlBLY2pYb0N5bEhhcE5SZkRsMzZNX1hoNFQxcGJfSzFVU2pwOTFJYXRQMk5BWlVqc3loVUNmbXZIb1J1SGw4aURRc1dsVXlxbW1fb2t3VHNtbUxrT21vMFcyRlpQQXRvYnI?oc=5,Yahoo Finance,2026-07-29,positive
Washington Metropolitan Area Transit Authority,Demolition looms for Washington’s last trolley bridge - The Washington Post,https://news.google.com/rss/articles/CBMiogFBVV95cUxOSU1HOHNRLTVpTlF2QzdXMGg3bU9GdFVvRWJ0ai1SWG1ONVN6X3ZzWUh3NnNzX2s2UU04N2FOdy1iS2k4X0NjVC1UY1c0T3BycUpVYU0zMUQ4a01yc0hpR1kxdXZJUjNsUmhMYzZweDRGU1ZpZU52RVdrR1pMM2kteGpERTMwcmRiZTdPNnhYSVZkY1hDUmEyM3gtdDVRdDg2OHc?oc=5,The Washington Post,2026-07-29,negative
Washington Metropolitan Area Transit Authority,"Red Line delays caused by water intrusion, WMATA says - WUSA9",https://news.google.com/rss/articles/CBMi2gFBVV95cUxOM3lpQlg2ZEg4akhNQVdaV2dBS2F6dXhWTWl6dERmQUdYOFNUNWdxS2doWnNnU01MTDdCMF8yNkdVREt0eksxVm9Qb1ZMYWpMX0VSVEh0TElrOHNwTnNuelNkVDFFQ3ZKaGlRLTZ4SzJkdV9fU2F2ZU1VOEpLOG10Nzlob0VZcGpfeVVPVGFCaC1kR0xENVFaRnlUVk9TZ01LeGdGaXFmcjhqMXpMUEZyR2tGb0tUTnJJZF92OENLSzZpbXJQRW04eVhnWFdMdS1rYmpxeXliT1Yydw?oc=5,WUSA9,2026-07-29,neutral
Washington Metropolitan Area Transit Authority,"Washington Metropolitan Area Transit Authority Continues with Phase 2 of the Bus Shelter Replacement Work at Shady Grove East Metrorail Station in Rockville - Montgomery County, MD (.gov)",https://news.google.com/rss/articles/CBMiiAFBVV95cUxPUDlBcHZrb0FsUndCTi05NHp1S0wzbGo2SmZrRmJ2aFdiNktoWTd3YU1CR0h2SW9QcDZoWVBCYjhqU2F0LUVYZnhKekV2bENxdG9BcF9sSjlWVW9ibWkzbGJnSnd3WGEtaERNeWM2ZHRla3E0WmxuQnZET1RzNmFpY0NTdWVFXzhX?oc=5,"Montgomery County, MD (.gov)",2026-07-29,neutral
Washington Metropolitan Area Transit Authority,WMATA releases list of major disruptions to Metro lines in 2027 - WUSA9,https://news.google.com/rss/articles/CBMixwFBVV95cUxOUEdtemJkdlhkeU1vbTJkRm05VWdRZWpCZ1ZDTmZKamZDRTFFV09DZXRvNFVfbG13dXljeDRvWk43bVdSY0lPRE5CelE5ak40NzN4RmNxSXFqOEhqNkF0eXd5YTFhSnVvcFYtVml1Z0xtUExJZmlkbFk3UW1xOGtMNHJ0UUk3UWxaM0s3SEkwV3c4Y25ETGh1eGstSDJNUzRjWVVSbVg3WndScmc4U0xTUHduTzhZNEVpVkpUT2lIamRCbkNFNmxv?oc=5,WUSA9,2026-07-29,negative
Washington Metropolitan Area Transit Authority,Opinion | What is undermining the recovery of D.C. transit - The Washington Post,https://news.google.com/rss/articles/CBMitAFBVV95cUxNbHQxNjA5bnk3Nm5nY3l4dE9URC01dFZUU0drOEd2REhWWTVUa044dmp6NkhSUl8xYk9EUVQ3VWFLNDRvYnlpUnlReUhKZG9lRngxWnFoQVlydVBqTWdpakc2dE5yZ0FpdmNVb3FOeTBzcHlTaUVFVDNaQ2N3azZGVmVRYTZ2T2F6UUtzaHROT1M3OEp6QUZIR2ZuakdYaWJYZkpRSzVNcHBjV0J1U01YcWFyMFo?oc=5,The Washington Post,2026-07-29,negative
Washington Metropolitan Area Transit Authority,11 injured after WMATA work vehicle hits Metro train - WUSA9,https://news.google.com/rss/articles/CBMi5gFBVV95cUxOMXhxMTZ0UDhieFFjaGhKUVVlMDRwZjQzWVZUZVhDd1JhQU1ibDk5WHFmSkdUNnQxNjBaQlhvNjQxaFNUVGlEZ1A5ZzRZZDZHZThNbEVUQW5QeUNqOUNFNkk0cGZERGtzdUtrR0dLYnM2Z09rSk91OU1seUU5Tm4xekNzRFN0WUs5ajBSOGhlN0hBdEJxdmNJa2loUWkyMU9GQVJZSVMwRUhsV1pKcFkxQkZtYzVzZzVDbWRsRXM1ZEc4c0h0Vmd2UGE2dC1QeFJINWotWjdQdHRObThIYkY0T21zSmRQQQ?oc=5,WUSA9,2026-07-29,negative
Washington Metropolitan Area Transit Authority,"Metro’s original railcar is on display, orange carpet and all - The Washington Post",https://news.google.com/rss/articles/CBMiugFBVV95cUxNZTl5ZXZYRk9RZ2QxWXE2TGdEcXQzbkZhTVQ4bWNVSWcxWEVUb3lxYkVKeTVzaWZYZzVqeHJEQzdoM2RDMTRtc1VqNTJqdDc2NWwtTVV3eGV0elBUazRETm95S0NMUlpfdGlHaThVM1FIU3lSbG5FbWJEZlNCVENsUEZZLUdNMVFSbDd5bFhVTFZrcnQ4ZGltX1p0d1ktNlVVTlJoWDNxN1lsWkpycG9YeTJlanVOdHYyb2c?oc=5,The Washington Post,2026-07-29,positive
Washington Metropolitan Area Transit Authority,Stuffed frogs and more are flying off the shelves at Metro’s pop-up store - The Washington Post,https://news.google.com/rss/articles/CBMiowFBVV95cUxQUjNnYlBwdFM2dEpyRnJHdlpEV0wzcVh0WGVidXpiZnhFVXZPVDEtbVVkRkZuSGEtakRJejJUOUxJMXV0anFKeENTc1BYM0REcHJUdWlhcFVmcC1VSW1LX1NiZUlRVFNadXJ3XzZzSmF3cjZkb1F3MTIzZ3Ntc0xDQ2xHMFM3NnRZdHVzWEJyX01yYk0xVmFxOUhNUUZBaE5Lb2hv?oc=5,The Washington Post,2026-07-29,neutral
Washington Metropolitan Area Transit Authority,How Metro is preparing for this weekend's winter storm - NBC4 Washington,https://news.google.com/rss/articles/CBMipgFBVV95cUxON0VrZVFsdTZxUzNtMnl5NDk5UWZnNDRZaGpqYU5iWTlhd1dHQ0FhMGRUYWhMM09GS3RUOFowWmdQUlVtaTRTOV9ydkV0MF9zNEpJNW12WkdJMTNLb21KNmQzMGZYWU9qVUt2ODdGRW5Ia3RDNXlnZXJCdTVNYTEybEIwU1ZCWldhdTNLaHZiYmdGa21ZaWdxa3ZwODFwdlhVa0x5TXRB0gGuAUFVX3lxTE9pRmJOTjRUbGZ5X0FicF9laVhwVEJGSTNncTQ4RlhueDdEYWZZcGVNa0h5LXVObnNBSTlmRmNjNWd0UVdrMnJEalo4YjhDb2ZRMkJBQjBEU18yVWxOOXhpRHdEdFRVS2Rnc0g1Sk8xS0xuRmM3aXhYWGExWktVb1lmaVBPZVhmQW9qYm41ZEFwQS1JODJHWXFmQ0ZwX2xKUlFfZWVIck1jZFpLX0UxUQ?oc=5,NBC4 Washington,2026-07-29,neutral
Washington Metropolitan Area Transit Authority,DC Readies $1.2 Billion Bond Sale as Credit Stabilizes Post-DOGE - Bloomberg.com,https://news.google.com/rss/articles/CBMitAFBVV95cUxNYVZXX3hETDV6QWVKNnFlaE91RDNvWlRxckxTaVgxNkNnZjFZM3h3SEV4b1R3bWVUbm56c1ZwUjc0ZVh2aW80SGVFSldZNkZ2QWdqWTUzODNqMXBjRzZRY1FiMTUyVkVubWZ3T1lSQjN6UlFlNC05RUZQTFY3d2xQV2JQMzBQVkYwUUF6WTRMMVh6cU1iR1l5TUdHZzhxZ3E4akxScEN4eXg3U2o3X3dITktJOVE?oc=5,Bloomberg.com,2026-07-29,positive
Washington Metropolitan Area Transit Authority,Metro cracking down on fare evasion after 70% of bus riders skip payment - WJLA,https://news.google.com/rss/articles/CBMiuAJBVV95cUxOWXRmd1FCNEI2UDRkZDJTWkRvbjZweWYtU2pNUFAydkdtVmNXb1ljbmxHZ1p4WUg1OElUTy01QTNKRHhNbWw1VVM5QTVvYlY2UlRrSHFpdF9GdVdVdGxpOHZGd19IUkl3RHFMdmphdUU1N0J5MXNiUTB3S2pvVEhDWUVrbGQ2SG9BVy11TXhRSDcwdVNnYUFlbnNLWHVXVHFETjRReWFNelotTVBrUncweDBrNm5HejBkZy1pUHVVeGw2aVhSOGtoX3N3TFhZSGVEcW82aTBkZHNXTWItamxNWUVMVHNiVzNMR3NNWXFvOFZpLS1WZFFkSFIyZ0NPRHdhX1l2YkYxcXo1VUYtdS1hdURoclpCdXNFT0drQnloSk5UWmNlNmRESkdFOW9sR25CaDdNU1QwZlE?oc=5,WJLA,2026-07-29,neutral
Washington Metropolitan Area Transit Authority,WMATA Proposes Revised FY2027 Budget as System Marks 50 Years of Service - Metro Magazine,https://news.google.com/rss/articles/CBMirAFBVV95cUxPTHlJazhuenZ6czNRTTE5WUdVd3M1Y05nREV3S2hrOXFWdVp0eTlraldhcExqXzJVU2ZZTG5Rck5sMGl6dTR2RHRRZWgyc0drYkViMzNoTUxxZXJLWVllT0g3UVRGaGExZzJtMzA0dlhsYUZVYzdQS1hnakJOUnRsOFNsQlFMemttZ2stX3hSb0lHU2Z2RjJRalE0cHY0cVVYRjd2dDhUc01ybUNO?oc=5,Metro Magazine,2026-07-29,neutral
Washington Metropolitan Area Transit Authority,WMATA fare enforcement policy raises safety concerns among bus drivers’ union - WUSA9,https://news.google.com/rss/articles/CBMimwJBVV95cUxQWUhBYjR3SVIxOUlaVFNOLWhJV0RYX0c3aFlocUpNSzFCbUxrZWM0MnZGcGpVck1CTHViRmI3QUFWNXYtWHZ0ajZnZ3dXODhhRDdWdlBwMkhEMDQxdVVCUjIxT1ZHV2xtcmkwWDBCd0FWMUtHRmd4VHdsSklVWEYtV2dOLUVfd09CWl9uWnV6cG1yRzNfaTJvV2pWSlRtQXUydXdlV2FxR2g4MVJ5LW53czAyMHF1bWkxRDZyTDUxS3ROanNDTW9XaVlSMlQ1MjFQNXF1cW9pX1VraTd2R1N0dWU0VXhTOHhGWXAzbG1DTERBb0RDcmlRNGhMV1RIZ0NVN1kyQ1lHV216b2daRk12TGpHNmNtSkZId3Zz?oc=5,WUSA9,2026-07-29,positive
Washington Metropolitan Area Transit Authority,DC Metrorail to move ahead with plan for full automation of Red Line - trains.com,https://news.google.com/rss/articles/CBMivAFBVV95cUxPNVRoVzJFcmxyYi1XU2pZaTJqVmFMY0Fad1ZuUzhYbUVYRFgyY0FUWmpsVkVoMHEyaTRLdXl3SHNpZ2kycnFiNHk3OU0xem1nWVBWZXBjODg0RVh0ay1rYVU4bjRiNENzXzRXWTJoVzdDai1pZzJuSHJhdklrank1eUNzeGQzZTJKLUh4b0hYTlNZLVhIaVR1NUxDOHFLOEFzczZqcFQyaFpEVDNxTGdRc0phSUNmSWhuZUUzbA?oc=5,trains.com,2026-07-29,neutral
Washington Metropolitan Area Transit Authority,WMATA board approves plan aimed at automating trains - FOX 5 DC,https://news.google.com/rss/articles/CBMigwFBVV95cUxOak5PQnRSTGJMbEtFVnRfYmFDbFhlUzZYSjVrcTdLOUxHWVFLOG9YLVlJQmRHSUtsSE14QlRUUFc5am14WnNPWVpJVHkzVFAyemhQSjdGTUZ4TTU3S09GNndLbDhKX1VzUUwyZTgxaUVwTW5BOXZZbkpkTFlENFY2ZjZTVdIBiAFBVV95cUxNUTBCQXFXQnZjNnNHc3NuQnQyaHRKbV9JSWJsRU1tS28yTnFXZnJWaGJyRHFSVmhiTWJFQVVjbURodnlOLVloVTJ4RjVNYnk0NkNCSVZ4YVh5STBzd0JCa1Y5dTF0Vmg4VzNQdTJfaUpBVTFzamZQOGpLdDc0ZHZvNFV0NGU1aUtW?oc=5,FOX 5 DC,2026-07-29,positive
Washington Metropolitan Area Transit Authority,"Months after ending the DC Streetcar, leaders are considering a new transit line along H Street to get fans to RFK Stadium - WUSA9",https://news.google.com/rss/articles/CBMiwgFBVV95cUxNRE1HTTAxUzZRNTdDQzhBMUNHdWdnZUczZjZkeHBvMktlVFdHWkZvSW5QU2xwX1lkN3BmenNUQ3JyY0xYbDJ1Wk8zdnhSOVpxLWNuNEUxb0ktTG9HTk1Bckd1eXdXTEtMVGRvcWd5TzVVbXBleFVvYjEzN182QTlNOGZnYm5tcFN4MkpSQ2kxQ3MyUHRrMDloV0IxOTNSZ0JxMGdXUVRJbEVrd2FQS0stWUwtZWpMcmpQXzBmMHFQYTlyQQ?oc=5,WUSA9,2026-07-29,neutral
Washington Metropolitan Area Transit Authority,"Mayor Bowser Celebrates More Than a Decade of Delivering Free Rides to Students Across DC, Marks New Milestone of 450,000 Kids Ride Free Cards Distributed | mayormb - Executive Office of the Mayor (.gov)",https://news.google.com/rss/articles/CBMitgFBVV95cUxNc0R0TDAwWkJmdGFvZmgtR3dBeVp5UGVrcXdvYjV1Q2tteEtBUHlVaGtNS3BHSXpLQThTV3A4dl9XUmlRT0J3LXVPMU03N1lQNi1uVnR4YUxuTUlYcUJXTHc2V2ZRcTRmWGtGZXBDRGNoZmdnMm1GTlVsZmxnNGU4VFVidWx3SlVnbnNzYUZ4dG5YVDBObGFKMTQwVWU4RE1HSUxpVHZEaHRuaEFqbTYydnBGRnlPUQ?oc=5,Executive Office of the Mayor (.gov),2026-07-29,positive
Washington Metropolitan Area Transit Authority,Crowell & Moring Relocates D.C. Office to Newly Redeveloped Space In Penn Quarter - Crowell & Moring LLP,https://news.google.com/rss/articles/CBMixgFBVV95cUxNLTI1bzVOQlFlSk84YnJZR0JTVlVrY2ZZUnFUZU9OTmh5M0dScnRZTWFQbUwzeWVmX1AxNmJmaWdOZS1WTUl5N0hBT1Bnd0E2bEM5cy0wYnB0RmtwS1Atc09lcGFNN1ZYRk9IdXliS19xdjFaZm1RN1ZnOWR0am9pUEs2M0h6Z25Sem52VGtaTWFDMEJybmthRDcxaEtyVGxCX3VLeWtKSjRvUEVnS3dFcGU1MnRyeWNRUjY4WGFhOFIwLTdtd1E?oc=5,Crowell & Moring LLP,2026-07-29,neutral
Washington Metropolitan Area Transit Authority,Metro to stay open late Sunday for White House UFC fight - WUSA9,https://news.google.com/rss/articles/CBMihwJBVV95cUxPS2tOVUh1eEw2VmJNc1pYd0xrRlZLN3pmTnY4b3Q1NnAwUXNLWFEzTWp5TVRVN1pwaVU1OXRyZWdZdzlULUlQT2pBNllLeHA2RTVpX3ByVmhpdnQtZXhoRXhTRWliZlVXeGNGRGExVnNMa1ZBX1hFbnRNbzI0eFNCVHlLUXFpSVJ5aXhDTjQyR1I0VG45c0tFb3J2cU5la2p0eWJaRGNMZHBaV3dEX2RJaFlsSkFPSm1Hbnp5VjYxQ01xT0wtNUFhRGhfMGxDN0hhTDlQU2ZIc1dfekgtcDIxLUNJQVNWNThac0xVb3BKQkl6dkktRXNhN3pHQXFQRVJtVnVsYXVQcw?oc=5,WUSA9,2026-07-29,negative
Washington Metropolitan Area Transit Authority,Transportation officials face pressure to get DC's transit system ready for the new RFK stadium site - WUSA9,https://news.google.com/rss/articles/CBMiiwJBVV95cUxQRFg5OFV0NXczVXpfNDk1OWtHbHc2STd4YVZDa2xZVlZTa3RJU3hIN0FnVEhPa2lHbVpFRlFlTjliekVwMGltSV9ZdmItQkRYMFloLXNtSC1YaFI5aGx3OHhIbHVqQkdjcW5pTkxRMDlNZXBjQkFSTEktckFOeVMwYm1US2RyTVVCNnp6WlRjOEhNZm4yeW5SVmpFN3VVejZkZUJMODZ6YzZlWXpSZ29pd3B1dWRneG1aZl85YW51aFl3Nng0cEloVWs3dFNKZHFUOTJWQTA1OWVqZXFCUF81djlLcU9RNTUtMlBsU19vOEZ6cXJSY1BoN3M2bUtueXZncmxla05GNWt5QjA?oc=5,WUSA9,2026-07-29,neutral
Washington Metropolitan Area Transit Authority,"11 injured after work vehicle hits stopped metro train in Washington, D.C. - Xinhua",https://news.google.com/rss/articles/CBMijgFBVV95cUxONVJ5WGtlYVhhSkozZXB1UGRnc1FBSGdqeHJlU0xpQ1FpODNwQ3RfT0drVDhSYzgxTE9xQ0JKMlFQUUhRRk10MjBoQS1iYUNWdktfVjVjMGdFc3c4amFCYmJ3LThfTWJoRW4xYkc4U0h4R0IzTFg4ckJ5RjFRM0VIcy1HT3FXdHMyM20wd0JB?oc=5,Xinhua,2026-07-29,negative
Washington Metropolitan Area Transit Authority,Why is PETA suing DC Metro General Manager Randy Clarke? - WUSA9,https://news.google.com/rss/articles/CBMiyAFBVV95cUxORFl2UW8xT0xBaGs2ZlNlNE13Z3hqRmdtZzdFdFhOeXhZREN1dkh0WlRCZE9yczUzNm1nRTVYTXJMTGh3SmRwNmd5blBNRF80VnZqOFh0aDdwbVpjYUk3cnBJcVo0UE5UTHNGRHI1ZXdwdUZ3blZScFBZZTZmQ2hoSWkwMWh0S004ZXdxdXJBQlZwY0U2eTIwR002RkVucjZ0WkFnZ3hpUWZFaFNRYUs5QW9yZ2toNFUwNk5TQUNaODRhcFN5X182cw?oc=5,WUSA9,2026-07-29,negative
Washington Metropolitan Area Transit Authority,"Red Line trains to single-track between Dupont Circle, Van Ness THIS weekend - WJLA",https://news.google.com/rss/articles/CBMipgFBVV95cUxQTDFWQ1BvbEs2SGJnY0wzMTRpN0Rhb2FKc3VJbk0wbmt5elp6VzI3Zk9tYXJaSlhGWlVMUXhfaHN2OTU5SGpzZUNkRVpoTkM4UWpNWXRLaFpyWFNZWUJwYmRYUHdTSC1ybTBGNmNEai1aMGlfS2FoellUWDIzMndEMGRuNndCd01VeVFvWW1mVmV2b2syVHJGMXR6VHVqcHl3alluYkdR?oc=5,WJLA,2026-07-29,neutral
Washington Metropolitan Area Transit Authority,Train Derails Near College Park With 11 Passengers Aboard: WMATA - Patch,https://news.google.com/rss/articles/CBMingFBVV95cUxNYVNrS0k0RkVrWWVMSGx2eGVZTHBFV0Z1ZktrcmQteHRqb1RCY0hZWjVhQ3RkZ1E1UTVodnlCWnduN2JqRUtPSWxwejNLUFdZMGFhZWNIT2E2OE9QNlRGU1R5MEVEVFlqdmdsRm9ScUlKVTJvdHNHZmlRenJTMGl1NkpVSGtkT0xRLVJFVzQ4RjYxZDdNaXZGN3dSOFlYUQ?oc=5,Patch,2026-07-29,negative
Washington Metropolitan Area Transit Authority,"A work vehicle hits a stopped Washington Metro train, leaving 11 people with minor injuries - The Washington Post",https://news.google.com/rss/articles/CBMiywFBVV95cUxPWU1xUnF0Yjl0cXJtMlZzeGF6WWFMX2loZ3VtcUpGVjl1Y3E2ZlMyMGxEOVVtdEhmbHV2M3dFV3ZBM1ZucEhDNnV4TlIxTEpVS3FQSzF2TUtpbEVwOHNiUm54cXd0MW9uOG1aajd3SU5LdXRxeDJMRENmdHBqb1Y5bERpZEZSbkdUS2xOWS1SR21aTWFRWDhTd1BtWGlzWlNCczhLQ3dERjhPZnNRb1hQb0lrdE55MGJVQmNnTTNvb1dNNTJPX0x6Zy1MQQ?oc=5,The Washington Post,2026-07-29,negative
Washington Metropolitan Area Transit Authority,"Metro’s Blue Line, Silver Line partially shut down this weekend - WUSA9",https://news.google.com/rss/articles/CBMiwwFBVV95cUxQSXJubVVXemJITEQzTWlqWWFJdVRCV09xRFhtQWlJOTRibUw3cm90c3ExRjE3cWY2alVwQTdjWjhrSW9nTklyanY5ckJ5bEk1am9jcUlGb2RobUtVd2M3RXB1LWlQanZLaHRpODdpMFFPM3JQNFR5a3JQYThhX1hCUksyTHZKT3pVSHllNHNudnllTGJSenozcG1JQ1FvLVJJZ2NjamtFME9qSEF3OEFDOU1ZbXNpT012YVRnMEY4ZlpCNzA?oc=5,WUSA9,2026-07-29,neutral
Washington Metropolitan Area Transit Authority,Olathe manufacturer will upgrade ticket terminals for D.C. metro system - The Business Journals,https://news.google.com/rss/articles/CBMiqAFBVV95cUxObmwxbXJLUUZqVklRdDBYcnJoLXNYdm9ZSjZHdDhSTVhicGlWNzdjUlM5QTA5R3Y0U1ZGZXNUb1JENGRsazVrUEJ2SUY1ZnBxc1haN2U1Y1o3SC1oX0dlNWxCMER0WFU1TU5wWDRkNTNwak1DdG5fZ2hfdTR3X2l0QVNIN0NSOHpQNlVrUXhrTzFkMm0zeGs5bTJKeEhDYXFkWVZMVnZuWWI?oc=5,The Business Journals,2026-07-29,neutral
Washington Metropolitan Area Transit Authority,Why did PETA file a federal lawsuit against Washington DC's WMATA? - USA Today,https://news.google.com/rss/articles/CBMiwwFBVV95cUxPSk1fUlR2SGtPTlEwS0k2MmtDR1cyNDItY0dwZFZqQ2lDVUx1ejJOYW1vbi1GOXlpTVEwbDJjQVlKTTVQZkZ5ZTBoVkEwRDFCZDd4TXJiNC1fcFJ1RkEyd3g0NWs2YldiblU0TTRYSGpHWXJpdlVRMGU1ckRDeFNxMzBWOTZyT0lia1h5T0dtYVhvY3R0bnY3RmYzcldLdVJoeFdubjZXLXE2ckt6UEdKS21aNmZRN3FJZEFKZEpoNlBJS00?oc=5,USA Today,2026-07-29,negative
Washington Metropolitan Area Transit Authority,"WMATA Adopts FY2027 Budget, Boosts Service Without Raising Fares - Metro Magazine",https://news.google.com/rss/articles/CBMioAFBVV95cUxNUFNIcWpXUkFzaGRBOEFMa0J5dXlVRHFfQUx3QzdINVRkOGpnQnA5aWVHWFVQMWNwdXpuWUt4dTV3OVBJb3FYajlySGtCWWw4SWZDTzN3aC1TeWY2d0JOSENEMXQwUm1abC1aMXhnZXBCdkx6RzN6emJ3M0R3MDU3NnBsLVg5U01aTjdoZ0ZSSG5mRy10QVFacV8wcW1rcTNH?oc=5,Metro Magazine,2026-07-29,positive
Washington Metropolitan Area Transit Authority,Metro board unanimously approves train automation next step - WUSA9,https://news.google.com/rss/articles/CBMixwFBVV95cUxOVXdkbUgwSDc0Vjl4YTkySzJiZkVGMkI2NWJyRkdMOV92dnZRUHNpdUFWMDhvWXpGWmFhNkw0NDJZZDJtWkVTMFdWS09zNDd0cEg5aFdobFM0Nk1pQm9GNkY4NDkxYVlTWlNIUnVnbHozNy1TVU5laWdvaEZYQUMzUHJPZkhMR095cXNCa0phRGt1Q3JBYUlpYmplRFBTVnhlUUFXZTdJNUt3RG82akhxOWYyd0cyOHk3Qzk0bDljaEhMbmNxQ1dF?oc=5,WUSA9,2026-07-29,positive
Washington Metropolitan Area Transit Authority,"WMATA Marking Metro Rail’s Gold Anniversary, America’s Semiquincentennial - Railway Age",https://news.google.com/rss/articles/CBMixAFBVV95cUxPLWU4Qkhqck4yNlpZOUh4Tkk0SlpZM0ZPdnB3VUpJMXdMY2xSVnR6T3p4ckNXR05tWXZSS25zYzdhbnpYLVhRbWJZQjFMMFhiUjNFdVJIQ2R6dktZMjdLQnNxVkNUVy0zZk5pM29zQTBrbnJMa2VtUTQxZUg3LUg5VjQ2R1NaOHo3Q3NwdGVpRFNuQmVIRml4MEhBOHdvYmlxWjc2U2xnaFZoN21mWXh6Qk1iZFNUd0R6bXZzS0RBR2VGOWRf?oc=5,Railway Age,2026-07-29,neutral
Washington Metropolitan Area Transit Authority,Foggy Bottom metro fare evasion rebounded in 2025 despite enforcement surge - The GW Hatchet,https://news.google.com/rss/articles/CBMirgFBVV95cUxPTXJTMEo2TGhnbDBoWnd3aEpUSlRCME9rVFMzUjJXLTZNZllfcUwwdjFEaENHa2RuZ2xGdXpwRF9VZm5XZDlDakh5RlczSjdid3NoN0VKbk9KbW54Y09CYmp6a2FhazFVTHBZeF9fX0dnaVNXQWxiWk1FWVdndDBWczlCWDNwbzh2aHFKS045MzA5Q3loZElYbGRMZXlESVVlcnVWTG8wYUlvZHVpR2c?oc=5,The GW Hatchet,2026-07-29,neutral
Washington Metropolitan Area Transit Authority,Regional Leaders Endorse Increased WMATA Funding - aptapassengertransport.com,https://news.google.com/rss/articles/CBMijAFBVV95cUxNaGRBVFRDZGVPN0pjV3NQbFN3NDJkT3dtdlBXNFpJNmY3cWNWeHdHQ2NPSGNON1BleGJiV1BGb3o2cEVQUlhXX0RDQWcwdjNhQjJQV2dsMDJNS0ZoaVVNalROcUpMdWdxYkZ6MlQ0cXR3WnNTUmZEaVR0aWVPVTZGX0ZwVFJZWW1kUUV5cQ?oc=5,aptapassengertransport.com,2026-07-29,positive
Washington Metropolitan Area Transit Authority,Cherry blossom-themed Smart Trip cards on sale at 7 Metrorail stations - Washington Times,https://news.google.com/rss/articles/CBMitAFBVV95cUxPQmVSQmlJZHpUOFV0ZHd0Vk1FNXZtckluaUM5Vy1yUkZmYW9ZSHJYQk5KZnFzUkNaSlVVZi1JTnByYThMSHNoRkd5LXNtRGFhVEVSclF0eXRRb2hkLXU3SUVtZmZiQXcxaV9IRV9UUm5EWE11VmZHMk9BSTNCbDVMbFFwbVl6Z1lEQ3NBQ0VTUzRKRjZpNmpfZDBSdjdUOHFEMjQ1bnk5ejZSa1pBaDUwXzdudEQ?oc=5,Washington Times,2026-07-29,positive
Washington Metropolitan Area Transit Authority,Indra to replace Washington metro ticket machines - Railway Gazette International,https://news.google.com/rss/articles/CBMipAFBVV95cUxOZW16aG9zZnZkZ0o5c2c3LWhlbS1qUTdvR0NaVG1sYlR1MHRpaUJueHdBSnpCbjdRZVJ2T0c3YVBmOWsyRklqM3ROQm1iS2J3OUhNM0paaDE0Z0doelZjSDZfbVVuLTdYb1JrRmdQSGRXNm8zUThLekZrNmxJWjZ5dHJQbjJWSUJUYlJnWGpyakFNdW1VQUlIU0hCQWJRSmwtRUlWYQ?oc=5,Railway Gazette International,2026-07-29,neutral
Washington Metropolitan Area Transit Authority,Crews clear tree over tracks impacting Metro service in Virginia - WUSA9,https://news.google.com/rss/articles/CBMiwAFBVV95cUxNTGtybjIzb1ZGVWlVeXNvbVlMcWJ5bWxXaW5mczU0VHVteW1yZm9NdEIyaTVsS05Ea0IxQ1VXUlVyaGktbmF6aXlzaFprb29CUEhHemFGeVpTTGQwS2FPb2VCczhDZktzcmJoWXFPckxSRGRaRkU3d1UwZDJ1YXFGNG92eFM0TUEzbzloLTJuTThvS3pHTHZSd0JkUDYzdTBUT0YzN2dFX1FyZWx6WDJ1Zm8ySmFPZWZXZDNiUVdmNGY?oc=5,WUSA9,2026-07-29,positive
Washington Metropolitan Area Transit Authority,"Metro suspending bus, Access service amid severe winter storm - WUSA9",https://news.google.com/rss/articles/CBMi4AFBVV95cUxNaktQRll6U2pSYTdFamdqSzR2VDN6cXFuT3BWYlFZMmU5Vnp6TGsxZHJJeGFYb2JkQnQ1YWlQbkRRRTVmNUkyRjhKZUxCMkxETUtOenlxSHRzTFR0ZVJLbjJvbUFxcmlDLWkwWnhQU05jQ0tfb2pxYnpvY3RYcGxMa3hBN2dlV0lpRkk2aHpDTXhMQlNsQlpQY2RkTXkwTUFUNHlDaHR0U1UwLWx6Q1BKWkpjU1ZYZVV2VTJiU2dXNkQzSWF4Qk02OVZ4VFRqeHdlS0dWQ1AzTkNYUlpGQ3R6Sw?oc=5,WUSA9,2026-07-29,negative
