company,title,url,source,date,sentiment
Boston T,Congress Budgeted Billions for Big Transit Projects. Trump Isn’t Spending It. - The New York Times,https://news.google.com/rss/articles/CBMieEFVX3lxTE5STTQ2LWlvSlRoNWhSSFRTYVpvUWstb1ZfUVdWZXp5Vi0zNVRJbHlZM0I4SDJBYkdmNXdzNXh5NDVUWFVOTHBuMkIxeGhIbXNIX0oyUktUZVN6aDFFUFBlLWZCTU5lZzc5THgxN3doRXVHeVZmMTN0SA?oc=5,The New York Times,2026-08-01,neutral
Boston T,"Country singer RaeLynn files for divorce from Joshua Davis after 10 years, despite her past vow against it. - facebook.com",https://news.google.com/rss/articles/CBMi2wFBVV95cUxQd2lSNjNjYVp3OHJHY0ZSakZsXzZHQjY2S0Y1eDNwc0s0UkRpcVlWV0FFZk5Tby1YRHhSMXBEV3BLTjRPQmlBUE40amgweWNPb1I4XzNQclA3eVhreGI0Y1ZZN2ZyNWJ3Q3ItWEl5TXJPXzRhdUlrb29PMklmdVZrSk1nM2JOQUxTWG1kYlp2cUZYZXdzLWdmWGNQTEdaejdEck5acUwtRVFpRUU4TzZER2xwV18wZ1ZoZy1JMjZjSy1JWVJnSGVUeGpydU10X2FqeThaeTk4T0pEWU0?oc=5,facebook.com,2026-08-01,neutral
Boston T,Three MBTA bus routes to remain free through end of year - The Boston Globe,https://news.google.com/rss/articles/CBMikwFBVV95cUxQdklPRFYzXzJMQ2VpaVBmZjkzUGljQ0RmMjVXRHA4ZWM4Skc0XzBybDFDZjdZZ0lHZXZfeDFLeWZlUnFKRC11UGN5cDg0MjlsNXljVkdBUDJUNm5jVUJOeWlQYU5nTmdCUktQeGhNc0RBWkZlS0EzemxMMGtGalBTeG5oM3g1amNILWhUTEtsaG5wS00?oc=5,The Boston Globe,2026-08-01,positive
Boston T,Harvard Houses as T Stops - The Harvard Crimson,https://news.google.com/rss/articles/CBMifkFVX3lxTE5hczZCX2dFNFdwWllEYV9ma1lneFdUVVdfZmlxOXFDSjdRdWtZb3FhYWhaUzRmVjNQa0Jvb2VpLWpsWTB1TXZWQ0E5UFNvcUExODZRNFVjRjl4TE9tUWZWRHN2RG9naWxsUUt4NTF0R1hnV3NUdGFSMkQ5UTljQQ?oc=5,The Harvard Crimson,2026-08-01,negative
Boston T,"PREVIEW: Blue Jackets get right back at it, hosting Bruins - NHL.com",https://news.google.com/rss/articles/CBMimgFBVV95cUxQYS1CM0pZTjBNMHJKYkt3UE81WUpmZHdyLWZrOTBkQ2M4Vmg2cmlJeVhsVlRmb2diZGNheDd2TWhMLUlFYVlRY3JfeTJIbWpZbHQwdGt6dVZ3T3BjMWV3WDdacTdFS2YtVXM0bXFjX3dlWjRRV2ZoQkEtM3hNWUVldXp6alFpN1N5R3ZaQ0c4VklxN3JLSkdiQ1Jn?oc=5,NHL.com,2026-08-01,neutral
Boston T,LOC Boston T-03300-03379u - HistoryNet,https://news.google.com/rss/articles/CBMitgFBVV95cUxPTHd2WWtIVUhDQTYtc1l3NnZqRE5LQkNheEJON2drckVRSUo0R1hkSnVWODVBblVnWk1ZVEh6Ql9mSk5mQzI3XzhYRk0xX1dTTm9FRFpaOTdsMlIxazNSay13MGxEUHZwZHdWTUVWQlFLR05ndVBKdVN2bGVLaExaSXRjRVl2aE1sU25KbGtuZU5lMXd0TmVfNHBLdUJ1c3Q1WXFwZGV0N2lxbTJDemZzWTJXWWRGdw?oc=5,HistoryNet,2026-08-01,neutral
Boston T,Tartan Army toast Scotland’s World Cup return: ‘It’s a once-in-a-lifetime opportunity’ - The Guardian,https://news.google.com/rss/articles/CBMioAFBVV95cUxNdTRNckRqeFZOeTBsYTE5UUpQZEEyVkU1YnprRldadVhpc1BPckZqc0gzNUtHRGVJSjZIYkZEcEQ4N1VPQVB1NjZtcTR6Y18tempYb005YlRNbUQ5akRTSmpxS0pucmVDdmxqNHhaYWtnQjAxM3VjZ0xHWnp1Y0xfSF9sbVV2T0hZM1JLLVltVFdvZ0lacS1mS0VMUTM1TzRf?oc=5,The Guardian,2026-08-01,positive
Boston T,Unlicensed Corvette C8 Driver Blames ‘Wrong Turn’ After Getting Stuck On Train Tracks - Carscoops,https://news.google.com/rss/articles/CBMiugFBVV95cUxPN2Zid1hwelczdnNsQkdGLWhwNTNHeEpPUjM3TTRneTRMeFlhVTRaY3VFVnhMS0c0bnBEeld0LVZqOTFpWTZqSTBoY3B5UndmUkVxVTNWdXR4cTkzWjl2M0xrcjZpVF9GTVlFcDhKLUVOMWh3bVRKRGxxZk5yVkNVVjNCMEJFYmhfeU9wTnlSVy1oM3R5ZzNTVmlWNHNsem1RcGdyNHFRUlRIWExCYjlXTHM0a1JEaEFkc3c?oc=5,Carscoops,2026-08-01,negative
Boston T,MBTA forecasts warn of big budget deficits in coming years - The Boston Globe,https://news.google.com/rss/articles/CBMiiAFBVV95cUxONmtWRzQwcU93dENMdm5YVHhfYlNWMFdUMk80Qlg0YnplbzdUM3lyTnBRYlZBck91T3B3Ti1lclV2WS1JMDFFTmMwdzZfZFdpQXNKc2xfdkZ6NElHR0h5QVROaW0ycUZ3WGV5dmRmSWhyTWN6VlhzOXJlTGtLMXB4OC1SdFRieDdQ?oc=5,The Boston Globe,2026-08-01,negative
Boston T,'No Kings' protest takes over Boston Common - MassLive,https://news.google.com/rss/articles/CBMib0FVX3lxTE1uOE9BLUxYYldoQnRodE5UVDl6dWwySnBxMjFNajNHQWh2ZFZNRzN0ckxScEViYWhSdW1VV1lhd1h3WldPNUVmNkR4enQ0QjRlVzlod2lobHFVRHRKUVAwT1VHUk1Talo2ZmRlNnR1QQ?oc=5,MassLive,2026-08-01,negative
Boston T,Case Study: Healthy T for a Healthy Region Public Transportation in Boston - The Pew Charitable Trusts,https://news.google.com/rss/articles/CBMiuAJBVV95cUxPTy05SXg1TEZpTldYcDJBa2hkQklBb0ozMlNjMC15SVNZU3V0a2FPNktQaHlMYjFFbi0tbExwbEVqcHpNZWllSEIzX0U2QzRvYzBYa1hibFRkSFBmeFNLcXkyN1VzZFBDYXRsQjlkWlliSWxNOWZCWEVFR052ZTM4bUtmeU5fOFV2QnRPTGM5SHRYeGdyOUNMLTV2ZWxhR3pIaE9BYzdiZVA4WmpIaVluWlVnQjFOMFluSU8tSm45dkc5M0F6YkFnUW1PMFZyNEwzQlozZGw5ejhqbzhLV0lGVGFTWGF3WVBER19CYkFhTmVxVUN3bFNIZ1JmRkNJWmhZWjBreUY4TktmeTAwWDZwdHlGazFIbDBqZnpqcmszMDVjNjduM01XZllVc2NZZnU3R29XVDlMek8?oc=5,The Pew Charitable Trusts,2026-08-01,positive
Boston T,This Harbor-Front U.S. Destination Was Named The Best For Public Transit (It's Not The One You'd Expect) - islands.com,https://news.google.com/rss/articles/CBMikAFBVV95cUxQTnk2Q3hndWYwdDJhYmdxTVh6MjItTm9LV0h6LUV0eEpzb2kxMzBPTDR4cXlrYjBydWNfNExyS09FWkZTTTNtcG4ydkFrRFd6UUNGZGNxMm5yeDVTc2E4cEpuUVlmampSUnVRLUpaVm9Ra1RENjVnZlpySnNoX2hvVE1xV2RyWTh6WW9NMEVGOXE?oc=5,islands.com,2026-08-01,positive
Boston T,"For T riders, the shutdown fatigue is real - WGBH",https://news.google.com/rss/articles/CBMijAFBVV95cUxPX3c0d2tHUDFMdm1sT21kdnY3SUhULUctQ3BhWXpoZWhqZC13eGR0ZUNxWnZMQkZfNUdidmE1YzhCc0Z4Um4zU1VWbVJKakc0M2FudXlJcldkV0JraGd1a1NseG45MnpoWmtGZWdDSERZak51SXhNRUR1R2VYeWtlczhMNVdjWTcteW1XUQ?oc=5,WGBH,2026-08-01,negative
Boston T,Scotland fans optimistic as they arrive in Boston for World Cup - London Evening Standard,https://news.google.com/rss/articles/CBMiggFBVV95cUxQMFU2dmhLSm53MDJsc2RUMU42SWNiWU1KTng2X3hGa2hWRDFUYTk4UXlua3RLRUpUUjZZeE8tbzNRaVhscGlXOXVrakJrZFk5REFRRXJLYk1CeVNGVnZPY0UtR05DbzJsZzFlUkl1eVVObDhHeGFRT0o4djNYTmplRHln?oc=5,London Evening Standard,2026-08-01,positive
Boston T,"Here's why the T is so slow, according to a new report | Radio Boston - WBUR",https://news.google.com/rss/articles/CBMihAFBVV95cUxNaEhPT2Q1NUNtczlpeFFwRFJMd3A4WjI4dWhmdnBBX3NLWWZrR21UMG0wcEVENEZDWnhERGNwZS1ubzFjaDNRU0w3aFdCMXN0RTJuMlZqbUZxd3h1T3ZoVkdXVGl4RU1rd1JXVEVzeEJTaVhYTm15YjNOc2I2NEpyVE0xRms?oc=5,WBUR,2026-08-01,neutral
Boston T,T Riders Can Soon Tap to Pay for Bus and Subway Fares in Boston - PaymentsJournal,https://news.google.com/rss/articles/CBMinAFBVV95cUxQM0ZESDRXZXV6ZzlDZldKMnFIT2ZoOURIOVBld0dtN1QyWWt5VktndHpDcExTU0dLTGgyZkZ0VkNjMUY0dE5xQ3FOemFkaEpqei1IT0pUS2M3MVdqREJ4d0JiSUhjNkJJcDBtWmkxbzZ6OHpGYjFjekFmbmpkbHFRN2p5c2QxX0V5SER2WlNqX1VIVUVER3k3UFQtU1fSAaIBQVVfeXFMUE9ScEF0dEtPbjR5TFNEU0F4YmdPVU1zaExJemRtNUNiSmFCVnZkdmRXa1JYQUR2RHA4M1g2QXZGdmJRcXVLN25yZTNLWnN1UzRKMTM3N0RpcnFYTjVJc2FhcW9lMjBwdkhOUDlEbGlGRmRyQVFiTjhaLWxFSHFpMlU4U18xTU5HcmFTbUdkckRSNGU1eEhGbzItMzRMYmhlNW5B?oc=5,PaymentsJournal,2026-08-01,negative
Boston T,"When the voice of the T officiates your wedding, you’re a transit superfan - The Boston Globe",https://news.google.com/rss/articles/CBMikAFBVV95cUxOdW5EQndPa3FZdnR0RVBWLUE4VUVyeHNkclp3eE8tRm9ESjRKR3Z0RmxuQVpBaHpvRC1FQmt3ZXdHNzh0TlQ1cndxalNtYVVhcHVHcnhsOGxKc25teTRXa1RaZlJMX0hTVndqQktyWVlRMmlPR1d3LXFkekxZcUdtb0RBWFdxaFdjRGZNcG5LT2Q?oc=5,The Boston Globe,2026-08-01,neutral
Boston T,"How Boston T riders, drivers and bikers get around the city - WBUR",https://news.google.com/rss/articles/CBMinAFBVV95cUxPLUFLa0pEQlpnUFBiRTBrSUN6cC1jb3Iwc2NwMDlQd2pYZXQ4dHhwdXlkVUVwNzRsZ0R1Vnh3MHlKLUV2NEJUY1Jack9GVWZRbkJVWEpFeS0wMHJVZlFtc0pVUmNMZFFTZXpTd1dfdzQzRHFjSWdEcU1aUnFaYk1UOWdTZkFnT0xSRDNtb2ZReG5pRzNhMkhyU2Z0MVY?oc=5,WBUR,2026-08-01,neutral
Boston T,"In Boston, All Aboard Googly-Eyed Trains (Published 2024) - The New York Times",https://news.google.com/rss/articles/CBMieEFVX3lxTE43XzlFV1dLcnhTYWxNSGJLTXZVWURHbDdpRHo4SWI3X0FiMEVZMElyZ0QzQVdoMU1WOTh5aU1GNklObmVnbXFPcXExcXpRLW9BRm10UWh1S3dtUjBDNDlVZUdmT1p2QTFtY2hQZUZUcjVtUHZ5Q0lRag?oc=5,The New York Times,2026-08-01,neutral
Boston T,Poll: Residents say MBTA is unsafe and service isn't great either - WBUR,https://news.google.com/rss/articles/CBMieEFVX3lxTFBKM2ZpbTNEczEzOFB6QmtfbDVlaHowWGlkSDNsU3BhWGJkT3pQOWp5cG5fTDJtMHlWcWtTdVdEX0Z4dXNwd3BiNHJ5MzdMQ2pNR2piWWFCV0J2UVdjeWZrS0V0UUdVYVRvU0Nham1OVE0wb19HQmJ0aw?oc=5,WBUR,2026-08-01,negative
Boston T,Getting Around Boston: Guide to Public Transportation - TripSavvy,https://news.google.com/rss/articles/CBMijwFBVV95cUxQY2g5NjdMWEd5RWJfQ2p5R2V0WnVWQWROU0piUFZrVVpJenJLLV9INFdEc0RFd3pLbWtpRmtJUGw4WkMtQklRUGVnelZYZkg1LUIyVXZWMU1xQ0RQYng2ZU5CTG5LVFNHWDQ3SGZMV2tSR3pJSjM3Wnd0UEFrQlhNVzhGQWtLU3d5bUl2UVgxZw?oc=5,TripSavvy,2026-08-01,neutral
Boston T,How to Park on the Mass Pike and Take the T Into Boston - TripSavvy,https://news.google.com/rss/articles/CBMib0FVX3lxTE5SVVRXSjJBTXBTTEhEb3ZKZG10N0tPSEtBY3ZWSmlTUUkzMURfelRJaVhhdnUtUzZzVnVQT0t4TU4tbnhjMGI2QnBkRnd2QWt6VVVOR0lwWkxsTFZIT3lRMzhieTR0SjlaeExadVd5cw?oc=5,TripSavvy,2026-08-01,neutral
Boston T,Tufts Celebrates Opening of New Green Line Station - now.tufts.edu,https://news.google.com/rss/articles/CBMieEFVX3lxTE9Dai1pdW9jdEE4bEpuVmJaQUlqek9jMVBHWi00MmRBT283bFdhalZRXzVpSGZKbEktMnZFOHRQZWpPNHAtWXBjWG00c3pMN0tJRVN4aERXT2lTamRlNTVYOFV6RDhYRU1aWWNJS3gxcGJKS21rSVplNw?oc=5,now.tufts.edu,2026-08-01,positive
Boston T,MBTA Green Line service at Union Square reopens ahead of schedule with all slow zones lifted - WBUR,https://news.google.com/rss/articles/CBMiigFBVV95cUxPUE9mSFFEeTRFcV9ZWHdoV3pUZ3kwOU9UVnRCYjMtYS03SEhVbi1UT2FrSTI2V1VpMTc5TGNPWF9JVmthM2ozRTJadDRzdHIzdk5YSXFrTWxNTXd5dmlpT0lxSDZjNjFiU3doVTV0czZvRS0tLWkwRHFxMF8wZHhIOXphYTNXQmY1M3c?oc=5,WBUR,2026-08-01,neutral
Boston T,Quality Comes with a Fare - City Journal,https://news.google.com/rss/articles/CBMib0FVX3lxTE1mNWxFT3ZmZVFvcF9XYXdIeFVuX1Z5aEJGMmo1eUotNmdtTk5yNjJsQmFOeFBEV2VvY09sSlVOdzR5OTVEektnMXVicjJ6aV85ZURiVzhmODRpaFY5MDVZdjFKblMwOWYxZDZ3NGRSNA?oc=5,City Journal,2026-08-01,neutral
Boston T,Get ready for a 9-day closure of the middle of the Red Line - WBUR,https://news.google.com/rss/articles/CBMilAFBVV95cUxOM25EZmtkNGtsVlpQQjFSWXVXaUlOcDNpVi1IbzdhVG1wSVhNZHVkMG53VzhuZUFGSFExRzQ2U0ZPdWFWS1FYZ2FnR0E2UzY2dlBjeDA1MkZWNFZ2Q0NVdEs0ZUtTQkxpMHJTcGwtSEVNN3lJS2dFZ2k2bDhoUFdLZVBZbHNfeXRsaW5vWTJWYXhmVl80?oc=5,WBUR,2026-08-01,positive
Boston T,"MBTA board’s $3.24 billion budget for daily operations relies heavily on state funding, and on state lawmakers - The Boston Globe",https://news.google.com/rss/articles/CBMigAFBVV95cUxOWEJqRmdxbWllTUJJU2E5bVVaUWZNTExoYXhEdFR4aWJYbTljOG5saUJ6N203a1RWemZzamhFVE5oQUtQTFp2ekdkOFR6VE9MVGU2MThNb1UzUko0M19oenRJQUdYVTJwLUpFekxubkFVOXV3SUN0M1NwWDd1RkE3cA?oc=5,The Boston Globe,2026-08-01,neutral
Boston T,"Changemaker: Catherine Gaggioli, Books on the T co-founder - thescopeboston.org",https://news.google.com/rss/articles/CBMiqgFBVV95cUxQakNVVWxJZUhlNnY0a19GaFIyVlczV3dPLWdwVDFMZ3B0WWVRUjFnb0sxTUtiell5cVR5WHdGQ3RveDZUbkNXNnZsT0VwVEt4QjdCMDRldmJGWVExdTFhZFYwclp6R0RkTW5hS1pEU3JZc0ZFYXpNdUxSMnB3NXB6RmxoVmtRQUI3cmdXQmhLLXJSV1FKczBnODl6TVA5R2wzRl9IdFFDWklYQQ?oc=5,thescopeboston.org,2026-08-01,neutral
Boston T,"I spent 4 years in the US, but now I live in the UK. Here are 6 reasons I have no regrets leaving. - Business Insider",https://news.google.com/rss/articles/CBMihAFBVV95cUxNazNoUWVOOWZva05UT3ZKNUdubGhaTzZWRVh2dXZXakE4bW1nZU5SeUFBdFpjblVpMGthbVVZa1pSUUZXS2F1UXM4bnFFRWdfWHZjdjJFNFpfREFsQkRsWEpoOUxyV25iQ255eEx1N0ZXLUN2OWdxaXByWjgzeFNSR0xJcUM?oc=5,Business Insider,2026-08-01,positive
Boston T,Why Boston's Transit System Is the Best... but Still the Worst - Thrillist,https://news.google.com/rss/articles/CBMiiwFBVV95cUxQZEhsZ3Ezc1ZIVG40TFJseDhHWkVWN2dKWW5MVzhCUHFCN2VCcllrdUZmRkZ0clpheExaYWhRSTRIbUN0bUFnSnpQd05YNXhsaUk4TDA3VW12SnoxeUNTbnNkTVBpTWRxRHZUazJ1blU3RjRkOGxJZUJ1QzFqamEyWHBXWGxDSjFIQW5n?oc=5,Thrillist,2026-08-01,negative
Boston T,"For the first time in decades, trains on the MBTA subway system hit 50 mph - WBUR",https://news.google.com/rss/articles/CBMiggFBVV95cUxQQ1BNZkJ1V3FNUUlEOTZTeDFvejdDazlaUFpKUEg1RmxEbjEyajJvU0JYLU95T1ZyMXBtS3R1VnVXY0JhOEdFNVg2cUZiUzNzOGFmM0hLSlctalpQYTk2akgzRGxGbS16by1vc2VOQ2JiakNzY3dYOUxfQ3ZvV2ZlemV3?oc=5,WBUR,2026-08-01,neutral
Boston T,Coolest Boston T Stations for Kids - Mommy Poppins,https://news.google.com/rss/articles/CBMickFVX3lxTE9ITHN4RkFFODNJTWR6Z0FWRklkeGtyZ283emlNNlFMVmQtU0xOakpSQmZsMnhVM2pwSEJWbWVzd0tmXzlydVVkUEFRajNzRnVzSTVnWHVCMFlBSEFOdHRvbzNyTnVjb2k2MlFYejgyWTJMdw?oc=5,Mommy Poppins,2026-08-01,neutral
Boston T,"Every T Line in Boston, Ranked From Worst to Most Acceptable (but Still Pretty Bad) - Thrillist",https://news.google.com/rss/articles/CBMinwFBVV95cUxQNHBkTzh0bzd3eGZOWXZ6RkFrOUJUMFFJR3ZqV2dFRG95X25tSEpMdWJnVTFjN1RQaldkZGN6TUxtR0kxV3BwZllGTW5CZjN2UmkySDFieUVxeTRFdXQ4UGxPeUlRSkFab1dXV2FBUnR1WEJKRnhQcHJkeUhEZnVpYlZoRXBMTmVLT1lTY3g5NkloSDM3blBTT0RyaFVUbkU?oc=5,Thrillist,2026-08-01,negative
Boston T,A Cambridge councilor's modest April Fool's proposal: Annex Boston - WBUR,https://news.google.com/rss/articles/CBMigAFBVV95cUxORkhrWG02TGUxVUxWTnhHRHF4bkRiaXh4Qm53RlpENGtTYmFOQnR4eE42TjM3V1FTZVhEUFI5M0JvN1IyVEc5ZDVFMDFBR09ReGoyMm94bnRxTjVZUjB1WUs5VXlnRzV3b0N0bTdqYlVkeURGMkhST1lWMTZESWt6VQ?oc=5,WBUR,2026-08-01,neutral
Boston T,"‘West Roxberry,’ ‘Mission Hills,’ ‘Southy?’ Target T-shirts miss the mark - The Boston Globe",https://news.google.com/rss/articles/CBMi3AFBVV95cUxObFlLVHFRV1lnQzVDQWRPR183LXh4bDFrWWFwa2ZKenpRa0tZU2QtbDdmWDk3cGFZQXdnbER4R0xtRzk4M2c1bmhBU0tZTklUOFJsLWpUV1A3ZWJSX0RVUXNlZlk3b29rMEM5NnlnczdmM0VJbzVlY2dVOXV2NWFUNVZrbC1zUG1vRFpEZl9KLUNXMkkxNGNjSW1MNWZiVXZpdU1PTjg0NmNWb09seFcwZGx0VTNVQ0VqMDN6Y2FDc0UzbmFicm1RY1FrRVo3SjNkWUc4R1JFTndsaXds?oc=5,The Boston Globe,2026-08-01,negative
Boston T,Plan Released for South Station Rail and Bus Terminal Expansion in Boston - Planetizen,https://news.google.com/rss/articles/CBMipwFBVV95cUxNc2NrUjVzTUd5dWJyd3o3SnNnZjR4WHNpWDBZOU1TTnlGR1FRWndVbUhNeXJJVXZ0WjBKUXhVZlN6V0RUak1MMFM5ekhYZTlGaDV5c052MGlmUHlvRFJiU2J6bC03ZTlpSlhTai1TdElNUUtBbzZySHRtSUhadG1udWhILURpNGEzc2h0RVpNWHRHa3dqOXBITlZxVVI4VktpanlGRERJRQ?oc=5,Planetizen,2026-08-01,neutral
Boston T,July 4 In Boston: T Is Free After 9:30 p.m. - Patch,https://news.google.com/rss/articles/CBMif0FVX3lxTFBMTjZ2X0dGMXNmMDZ4RDB3bEgwNm1NR1FhVnYzTGJkTzBRVmZFeDVLZkIyaEU2cFhiUUpUWFJfZlpzTTZJS0otUk43aVB0WlZfbnJWeFFQZlJJNUNwWHczb1Qxc3hPZ2MyaFpPaHJuTThQcHhQUlFKMjFrM1QwOGs?oc=5,Patch,2026-08-01,positive
Boston T,This MBTA Map Tells You Which Are the Cheapest T Stops to Live By - Boston Magazine,https://news.google.com/rss/articles/CBMigAFBVV95cUxNcURVZmQxWVFhQ0N2Rm9WZVFkOE5tcjQ3ZkNhTHlVbEItTnBSUU1HVnl3Q0lfcndTY3Q2WVM3QU9TUi11R0hNTTVGSEtLWjNabUZXQ29UcGdCeEh3cnlzR0NacVN6YXpFeV95a0ljRzJuNktXcGREbmo3Nmh1SS1jVA?oc=5,Boston Magazine,2026-08-01,negative
Boston T,"New ceiling debris found on Boston T station floor wasn’t concrete, says MBTA - Boston.com",https://news.google.com/rss/articles/CBMinAFBVV95cUxPbThVeF9lMTF3UUg0TGdCWkFScXRWRkZUN2ppQTlscmZZOUFteEhUX2hmMDNkY2p3azlGMzlNbEc3RTRuQnZQcmhubGFYSXNTSU5hM0U4d0xocHhEQjM3cXJ2OURna0VzZ0pySEtwdzFFVnQ1bzMxbTdheWRsUFE0UGRCMm1RSTJCYVN3UHpKSTB0d2R2ZE5UbVlVd0k?oc=5,Boston.com,2026-08-01,neutral
Boston T,Study suggests MBTA float ferry service expansion - Boston Herald,https://news.google.com/rss/articles/CBMilAFBVV95cUxQMjNWQnNJYWpFdXVOTDV6S0FKUm5tbnZmcU96LXdiSEJMa1I4N2hnWDJZU2xwa0VpQklXUnBzeFkxdlBsa2U3eEx1YllYUW9lUlJCQW9YSUU3c1R4WlVUd3VNQWZIVGtEOUJ6N2Y4WUhBMHI2Y0VRV2N1cGJJekQwN1Q2LWg4UnVvaWVaQnJzbTY5Ml9K?oc=5,Boston Herald,2026-08-01,neutral
Boston T,Boston “travel time” map shows the T in a new way - Greater Greater Washington,https://news.google.com/rss/articles/CBMigwFBVV95cUxOcXJCay1OeEtHYk5HeUZKUGdrWlhMYjFUSy1MMGxzSWhKWXc3TENJaHJYOExNM1R3UkZKY0c2UGVzMndpQm1UMDloUFNQYVZiZDhpd1daWEc1SnZmOHdqS1NSc19kNmtDWEFBdUNQNloxSFJtb2tFQmFhbzZpbUFvZ2JtTQ?oc=5,Greater Greater Washington,2026-08-01,positive
Boston T,20 Things You Need to Know Before Moving to Boston - Sparefoot,https://news.google.com/rss/articles/CBMiiAFBVV95cUxPejlnR2VDUjcxc01rbDkwQW5tX28xZ1VLcTl2MmlFRXltcGQ0aEpPYzBySlhId1p1NGxBN1FOZi1fUkZIRFUwc0NKSjUwZnYwQzhQUDN4cmtzX0FNV19LbVhMZms2cEVqODIwck16WV9kcjh3M3lzc3VidUdpNDdwbTVsMVJuNGMw?oc=5,Sparefoot,2026-08-01,neutral
Boston T,Conan O’Brien saw it and an unauthorized sign says it: The Zakim Bridge may look like part of male anatomy - The Boston Globe,https://news.google.com/rss/articles/CBMiggFBVV95cUxQZDBQRnkwU3I1Nl9jMXFVM081OHI1OFFsWjd5M1NsWlBUWVFNWWd4bXFYQktkZlV0ZVZ1M2pJbHNRSW1URkVVSG5paTlJeW9iVGdpNFpSREQ4bHJ4WUJ1V2xJUWFuVjg5UGVtS2FZaE1sdXlDUjZ2cnBDZnN4cXNaNjZ3?oc=5,The Boston Globe,2026-08-01,positive
Boston T,Metrorail is no longer the second-busiest rapid transit system in the country - D.C. Policy Center,https://news.google.com/rss/articles/CBMivwFBVV95cUxQT2xGSmIyaDRKMU9vaDVJZVBQNnRYR25hekV2OXJtaFcwWm5uTm9LXzAtZmcxLWhyRERpQkpveGc3eTN2LXQyT2Y2Z0VJU3Z5bllKVFZJMktZWDh0bEdDMUdqLU5ySmRkVHFmTnh3SE13c29GNWNtcnpfai1tT2F1WUI0U2dqS0M1R01BRUdrOXJJWUZpbWNqNUtjb3E2QnlXdWVkclJua2V5NktoWTRENUJVbzAyZklaRGdyMG1kYw?oc=5,D.C. Policy Center,2026-08-01,negative
Boston T,Think you know the MBTA? This new game puts your T geography knowledge to the test. - The Boston Globe,https://news.google.com/rss/articles/CBMib0FVX3lxTE9SbHpHN2N3QXJTMDlVX0pHWTIxVEpoYUQ5ZkJZdF9LVEFNd1N2YzlMU1JaV3RTT1ZOa184NkZoUmo4V3ZXWjJKM2NVWkJkMUpWVlFDSjJaSk5INFlQd0M5NTdjcGx3ZjFoQUdPeDE4TQ?oc=5,The Boston Globe,2026-08-01,neutral
Boston T,Boston subway study finds no plague or anthrax — but plenty of other lifeforms - The Washington Post,https://news.google.com/rss/articles/CBMi2gFBVV95cUxQQ3NvelJ1bkdnNk1RLTg5VG9BUFNuYmROSkFEYUhfd1E0RlB6a3JsNzRvOTJ5Y1U5cnBDemJOWUNkNlJkTDNzR1lxQkFNVWdtQldKdFAyckxwT1J3OU0xYkQzcC04dHl6bGNCYnRtVThtMWpDVW1zMWZ4bzJtLU1QUlllWmlVcHk5d3dFVGpxV0s5dk5QWXBvZHRrMDlCb2VNSmVfMTBnNG5OSG9hZl9XZUYwZ2VRVmVCMUduVGZHMlRsb2xWaGdYdlVZTHA4NENGR1d0elhuSGktQQ?oc=5,The Washington Post,2026-08-01,negative
Boston T,Ben Affleck Rocks Beverly-Brewed 'Believe In Boston' Shirt With J-Lo - Patch,https://news.google.com/rss/articles/CBMinwFBVV95cUxPa0NkSGlXXzhJQThLNlRGRWYtc2FIdndWcXdYQ1Rac2FJZTNVYnN3MEp3U0FHSlRuR2EwZ1ZHTmI1Y1dwTDU2bUtvbXJiUTlUNTV3LUJNR2hpclNzZm1aRkpVNHZkblUtcHFPQ2FHNGhHaU13M2hNcklKNDZRaTF6cXo2N25jTVJuODBBbklhbkw0aWVtYThXMVJmdGpiNUU?oc=5,Patch,2026-08-01,neutral
Boston T,Why do Celtics fans despise Kyrie Irving? The beef explained - NBC 5 Dallas-Fort Worth,https://news.google.com/rss/articles/CBMipgFBVV95cUxOUkxsZjBmaV9SNUNXX2dIR25ycmVOOXE3Mlh6RF9FenhuSjZ0V0I1WC15cXVwRksxT0p6TkQ5Wjc1VlJWNlpsZkpVcTBLSVphdERwYWF5SkVkMXItWU1uZXFlN1FMWXJmOFUxRFRfM3hrbGJ0bW5wUXZzYTczTTZ4eEFKTnpHUDk5ZzJuczJGczdHNlZJbWx6VjM1TTJZa2JJNnc0X3FR0gGuAUFVX3lxTE1NWUNVa0lvY3ZuQlllem91UzBBQVp1ZTE3VXA3UFJqWWQ4WktEdnhfdU15R3pfWDZ1dVNnSXpxLVFBeUZLUXdIeXl0dDBILURYMFRUODlFcG1IVGlleF9uLTZrVzJlUVBGN0NpVFM3THJTZ0hYM1NLWVF2NVJBTGJlb2RRUW5NbHlaYVE1dGZWTVhtRTIydElUam9tTU9FOXdvcW1RVXJQZU1wREI0Zw?oc=5,NBC 5 Dallas-Fort Worth,2026-08-01,negative
Boston T,This Interactive MBTA Map Shows the Average Rent for Each T Stop - Boston Magazine,https://news.google.com/rss/articles/CBMifkFVX3lxTE5qbVUybEVaM2tGMXJuSjNONW9uMl9mVE8zOWU2T1FmU3RpdUpqbEw1ei04MzdaN0lJeUN5MHRUNDREV3BLLTM4RzZhOVcyaHdqa1VaNGJGMUpNVkRzSkNHY2FnMlJSYUhzMS1UdHk5Tms2b3dWeVlLMVV0c19Cdw?oc=5,Boston Magazine,2026-08-01,negative
Boston T,Live next to an MBTA subway station? This map shows how your rent compares to others who live along the T - MassLive,https://news.google.com/rss/articles/CBMi4AFBVV95cUxQR2loLWs2MGxadG15SFl6Znk2bDZaUkNMU2VaNEFsdTZ1c29DSmVyTVRpSXZzc0c4M2lmdlRNd2ZWaFQ1MkxkWEkyRVpuMFEwaUQxZHZiUWlmSjdTMjFMaU1aaUl3dExNZzk3czdJcm9fTjlVT3dURVdOSV9ZSlVrbDhweFgweVFJU0JtREhteURGUkp2RjBIclNSSkEyX2dmb2pRbTdnSlhYUmw2bkU0MTZkcTFtQkIzSzRhLUE3LXIyYk1iVzF5QlFNWmt1T0l1U1Q1WnZuYVdjUnEwbFJXQdIB9AFBVV95cUxQVlhKY3BhTmhKMnEwTkNIRGFfMllSWFEyM0ZHMjl4Y3dtY0dCMGowUGpMT1pDSGtxaDhvMmQ5ejJsMXZBYlpyR1RPY0pxWVhsRGx5TGhmMENlOVZNSTFkZk1nbEUyeDBuRTFEd0NheG9PdlBndmJqUDkyR1dZa1pCMVNlRko4S3FUdVV1RWthb1NoMThkcWFNNXFWdV9qS2ZRLUtuZFpwOFJWOG5Vcko0aGFzZVdsMzZ3ckFLdnBZWmRmRWFZQVItWFR4UHg1SEhwX2czR1A5NUQyWVlPNm80Nm5RY18wYndlZURadTBuSnhyTnYy?oc=5,MassLive,2026-08-01,neutral
CTA,"‘Expected increase' of passengers on Metra, CTA for Lollapalooza; big crowds likely - NBC 5 Chicago",https://news.google.com/rss/articles/CBMiywFBVV95cUxQUHp0SFVKemVzQzhpeV80c2N0S0N2M1RFbDNZUFh0MzY5dFFJNTRQN1E0d0l1N1FLSWFPby1EQkJ0N0xVcUZQOF94N3pnNWtTbFdsVjM5cG5JcjQzUGtlSDYyazQzdFpwRk9OdFVrVFV4MDQzWjdDakF6Z21hQVVDclFlQk0xVnZseWxyTFQ0Z0ZuajBtOTNFZ1hlaTZqYkhGSnNsa0NVT2oxWmlVcnZheUx3bndVN29maG9GUFFOMWxXVzFJTTlfM09xTdIB0wFBVV95cUxPaGNxaFhSZWFmcERZNldKZTJfQVo1SEdTWHdZTHJ1Z1FKaVJnVko0LWpxQm1lYWRtZnZ4cmg2anZ6NHJhTTlhdTdCNDZjMFdZalZxZi1zeFJRUjhuaHBvbnpxdG81bFhnRklUU01qMG1BbzdLc2FIMEhONHdQRmZOOXF5aDNDMS0tMjhXOE8tc0V4Z2hDakRCNkZlZGZERnYyNlRIRURLMG9YTm5NMmQybzYzLWx2ajIwUzN2NERtSUU4UGpvSUxIYkFzZDI5Tnl3ZmRr?oc=5,NBC 5 Chicago,2026-08-01,positive
CTA,Mac Casa / CTA | Creative Architects - ArchDaily,https://news.google.com/rss/articles/CBMidEFVX3lxTE1OSHFwSlVfbnBBMDVsc0RFRklRempYVlNMclg2UGhoUlc2T1FMdzVubFRkVXluTWJuck8wRzhHYVVxRXh6RjhHQWZMY2p3Z1NBT3MwbUpRcHZoNkpwUjhSbGFBM1ZkLXZGLXF3T2VmUFBJaWIt?oc=5,ArchDaily,2026-08-01,positive
CTA,"Sales tax increase to pay for CTA, Metra, Pace problems - Illinois Policy",https://news.google.com/rss/articles/CBMijgFBVV95cUxOTUNWa1JDaHk2eWU4THZZRjV1dFpaLXdhelNFLWJPRXdvdUREYUVZNjd0M2ZNUHNCaFo5aGttd0dEcXpOWHBkdXZ3X2tDMmRtcWRWM2Ewamx1ZUVETm1ZWDRUWHNkcW82b3BQTkRURXJDWkdTRXZqMzY5MXo0RkdwWm9adndBcEU5S0ZtQU5R?oc=5,Illinois Policy,2026-08-01,negative
CTA,"SEPTA, CTA report drops in system crime as agencies fortify security efforts - Mass Transit",https://news.google.com/rss/articles/CBMi0gFBVV95cUxOOGYyc19xZmVHdldXVUppR0RWbXJnbk9iX3NJZTJfOEV5azlLY1RIM19nU2FPcEo3Wk1lM2l4SXVKeEJYS3k4OURVXzVuaDVLdTNjYXJqUXRtaFNjb2s2NllaM0lvN1Z4Q2k5N3BoMWhtNU94ck5VUFEzaHVLZDJqc3RWNDFIRjJ5ZG5nanR0a2dzZ3JTVm8wUWpqalN0V2xYZFRveHA4Z3RON19mck1rUWNnUW5aZTl3Zmt2LUdlS3BSUTlvdGVzMjl6MmJTNTh5Ync?oc=5,Mass Transit,2026-08-01,negative
CTA,PCP-impaired driver sentenced to prison for crash that left 2 with life-changing injuries at CTA bus stop - CWB Chicago,https://news.google.com/rss/articles/CBMi2AFBVV95cUxNR0RDRkE3RnVGazRDMDBnTFRNY1BacjdNWENuakFvVTBhb3g1Q3FqdDkwOWtVOGloTGdpOU1VSlE5aTBIbkRmdW1QWVFXLUxrc2poM2lmZU1sdExJWUxDcUgzOTNNWlBhV2ZwWkZVV09uNml1VXlkV1VEZ3FvYVQ2eXJJSE5oVWc2YV9CVklIMGtxdFp2QVdBQVVOMTJaTXdHVkoyV1ZrWGdpcFRjY1F5Q2NrNUF3VFVPdzltZnF1dVhmQnJJeGc1TXh3UHY5dVd2QzEtYTc5YW4?oc=5,CWB Chicago,2026-08-01,negative
CTA,"Heading to Lollapalooza 2026? What to know about $5 CTA passes, road closures, and ticket help - Secret Chicago",https://news.google.com/rss/articles/CBMidkFVX3lxTFBiNmg5TjhMazJ4VndKbDNzN04ycFBtNjEzLTc5b2JGVDdVSmNndVdqcjMtZVpJamtYUnhhNHItUVQ0NzdsVXVRYzVSU3JaaE5CaE1yUnNDOFY1YmpNT0phWnowaFJHQUlEQnFDQjRyZDZoUzJBd3c?oc=5,Secret Chicago,2026-08-01,positive
CTA,Chicago to install thousands of signs in hopes of making transit safer - NewsNation,https://news.google.com/rss/articles/CBMihgFBVV95cUxOLTB6SjdqVTN4VmhQQ1N4VkZWVHlNVVZDaklYeFp0djR0SGtXcG0teFJHclcwdXRSUS1pRUVLdENYMkZQVzU4YWd6Ukk2MDM5Z3BFRm56QU51cU9PZ2FXeDgteHV1Zk5yQTU1dDlfQm9mVkFFVm91ME5qcXhEb3J4ZlE2aXFSZ9IBiwFBVV95cUxQRnFvc0Ryc0prLU9yVWtaaGhjNzZwZjdlRXpuNUpBWXpxc2RUb21qcXNzQy1zTExHMmVheFNqMTlXaWVWWVZWWDZveGN3TEZuYWgxNFFOZXo3TElzR3d3VTNHODFobDJzb2k2VktZYTh2YjJXWTNPT0Npcnlhcms3WlpPVWM2VFEtNTZB?oc=5,NewsNation,2026-08-01,positive
CTA,Gallery of Mac Casa / CTA | Creative Architects - 2 - ArchDaily,https://news.google.com/rss/articles/CBMiygFBVV95cUxQRUc0RzVLNExQMWdxbm5HODZpaXY2QmFDT0lzV0dIZ01MVlBiWDM3d1dkd1lsRDhhUGZ6U3pnQ1RVMFU5cEE1QV9ST3ZVWHpDU1pSdFdxd3dJcVNnS3U5LURTUVd5YmloQVFxeko0b2Y0RnRPUWFfdTNsYVZ6VHpUc1N1VnZwNnBRekNtMHU4d19pdXo1cHJZaTM5ZC1JY1dvejFnWmZ3VjZNX2YzVFdsZ01Gck1LQ2VLUGtvbV85ZXRyTWZKSHpQc0pB?oc=5,ArchDaily,2026-08-01,positive
CTA,"CTA crime: New campaign aims to deter violence on buses, trains - FOX 32 Chicago",https://news.google.com/rss/articles/CBMihgFBVV95cUxQQU82MUF6NWJka09Pc3JjZi1lbm40ck1PVnBESFpnTlV1UUFnZDlJbTh3SnFQTGFMUXBySlR3bUF2U0VRY3IxN2Rmbk1JYXZNNERXLUhQU2NKWTI1WEsxTjNJN1FKSFpqTEtKa1NkOWJhc3V1ei1pZUQzUERTWTIwTVYyQjZXUdIBiwFBVV95cUxNMXl4dDNFMEYyTG84V1RZWWViNlNNdGJmamJEUWdvSm5XMXFTcHZETzh2ZU1wTG10d3gzbGZqNS1kTVpGNTBJdGM5Z3J5dmZVYTJGeWxzRWg3M0RfcmxiZEFOMF9sVy0zMVplN2U3ekxjN1htb2t1bnFPeTAtdGRrZVNsNzVyVV9xemNJ?oc=5,FOX 32 Chicago,2026-08-01,negative
CTA,"New signs intended to deter crime to be posted on CTA buses, trains - CBS News",https://news.google.com/rss/articles/CBMiggFBVV95cUxONmV6RTV2WldwUGt6RTBDNGJyLTF6MjBQVnlMZzJFMU8wdjBNQjhOT1ZKTDlHNXZMZDZYTUoyN1YwTTcyS1F4RXdyWm1pWlJoOFY2SVFBUVFpRldhREZYMXFsUVduR1VESVVKT2ZuVTI2LTNaalZ5TEhWYVlkS3NfZVlB?oc=5,CBS News,2026-08-01,negative
CTA,WGN Investigates: Woman sues CTA after being injured in July 2025 attack at 95th Street Red Line station - WGN-TV,https://news.google.com/rss/articles/CBMieEFVX3lxTE1ENWdXbWlWOFg1R0I4bkxtTTVhR0Q2YnM4NHE5b3l2dVZCT0pvZE9MN1R1WURpWC1ENDZ4NXN2ZVVGRmFoY2U1OHpSVE45QkJ4Z2RadGVfZVBEblB4WWMyNTFLSWVtSzFCdFd5NU9lODZhT3VqWDBQedIBfkFVX3lxTE9zeTVZRVczSm9QaHR2OXRyUlVLcENFZm83TldTODlwTjJnQUlmTUFuMEt4d2NBTnZLdndTRER5amRkT3pYaVdCZmNXUWJBRGplaHFsLVFJY21FRHR1TU5TdnRBV29ZMVkwRWNUS3FRaVdHQkxranV4MGVnb3JIZw?oc=5,WGN-TV,2026-08-01,negative
CTA,CTA fare gates could look like New York's and San Francisco's - Axios,https://news.google.com/rss/articles/CBMitwFBVV95cUxQN2VhSU9JSHJneUJvMnM4MjJfR1M5Z1cwT1NGZW5RSzdHQUp0SEFhZW9RWU5UaDMybGhQMGdBZzJpUkhmbVhGaV9abW9HU3lSQXExc0djcmQxTl9selNtSDJXbkVHWGIxNThBWXpiM2RHWUs3SGVxbXpFQmlrMFhLWFZCanYtS1hHQUJBa0tRN2RWaGhjZXEtWFloLVVQbDZfQTV1TnBwOUpscTR6ZEdJbEd0d3V0YWs?oc=5,Axios,2026-08-01,positive
CTA,CTA Innovation Studio Announces New Challenge to Test Faregate Technology - Press Releases - News - CTA,https://news.google.com/rss/articles/CBMiqAFBVV95cUxNajNhZDE4TXVTT0dLVlFIWmg1OUZZWmI3YTg0dEkyNzl4UGlfa3l4eWpHV0FrQlItYjlSaWp1NjFtUHVFdE8zYVhVUld3UUc0U25oR1hJQWsxTlVyU1NPYlRicm9qRFBRQThjWDctbE0xM21oLXo1T0dkT3NlckcxenhUUnNNODBmMTVnYk9rZGd1UHVqVU1femF6OEZ6SkJ4dlZoVUlXUHE?oc=5,CTA,2026-08-01,positive
CTA,Chicago crime: Cook County State's Attorney Eileen O'Neill Burke launches CTA campaign warning violent offenders of jail time - ABC7 Chicago,https://news.google.com/rss/articles/CBMi7wFBVV95cUxQZDNDbXA0S05FYjlkclF1X0xuWE1sWVJ4VlBQelFYN3A2U0ZqY2pQbVFnVXMybHVTNXpCWjl5Qkt0R2JMWEpTc1QzbFpXVkJRUlZGdGRKbGlsSHU2ODdTQ0wwQzFLMWdqVTItQXBsSlZBM1JVbnpocWVxZkFYaE5JMDdwenRBQ1NWc3o2VnBGTnlfR1hNeC0wMXJJcDJyUnV4cENCSmFrRUZqam1MNDJ3eVRHdDZGSlFTWWhGWmd2V0FfY2dtMV9ncUQ1cFhiZTZfeE5PX0xmdk9mc3d4a3BzWlNWOHFOSHoyQTZiRm1lONIB9AFBVV95cUxNTVotVFZXNXNBbDFCTm5fckgxQUpKZ1FLS2FkU3dNOVFDSWM3ZlhpaDkydlpnZURfbkRhdUttYzRPQTlNQVhSTENyOGUxOFI2djhUcFBaWlhtbEJhWmlUWThpNmlMV19IWjJsWHlSaGw2eGlramZ4UFdfbU5FUGw2RlJQQ3hWSVdCb2x4TlNqQW1FTkdoWjVuaTNIVGpwSmlaUWM0cDlSVENnS2JWeFNvaXVLMjFlenZRUnNQeUYydnRZdHN2X004SExnTmEwTFdGMXhVMjl5YmpyblVoZWx3c1pBaS1Hb1BGZDdybEMzQU9zeVhG?oc=5,ABC7 Chicago,2026-08-01,negative
CTA,CTA Seeks Modern Fare Gates for Chicago Rail Stations - Railway Supply,https://news.google.com/rss/articles/CBMiiAFBVV95cUxPbThZWUgxNm5RS05ROV9JRHMxenc5bFEzTVJ3WXRzN1h0V1J6QWppV3dKSDRDaXJKdTduN2liLXdLSVhSLS1nZzhQTkxoRk9VT25GY20xcUpFTFloc0hpMGVqdnFPRVhYWmt0NGRlZGpDVk1sY01VdEh0SGVZUG5IYTNZRUJ0Q3NU?oc=5,Railway Supply,2026-08-01,neutral
CTA,Simplified Risk Score Predicts Coronary Calcium on CTA - Medscape,https://news.google.com/rss/articles/CBMiogFBVV95cUxQNkVNbE91dy1rMzZzYS1HSmNERjRwUW52MFBNYWJjZ090ZHc1elp0bnAyaHVRczVDZjdXcUw0RllRVjBDdUVFNWZuSmw2aFNib0NLVVVWRFl4SWRITlE3cFhGSk8tTExJaEVuU1J2bnlWU1pNNFFnYWlxRXU3LWRDeGxOempzVHMyeWJldGgwUTNIYnA2WlpWU1R6Z2cydUg1c1E?oc=5,Medscape,2026-08-01,negative
CTA,Travel Advisory: Temporary Weekend Reroutes of Certain Loop Elevated Lines Due to State/Lake Station Reconstruction Work - City of Chicago (.gov),https://news.google.com/rss/articles/CBMi6gFBVV95cUxQT01vR2NDQVZLWEdqV1RDYVRNQ0U5TWtLN0VHMW1oSjVxZUk5bGdPVEFqakNZTWxUZmlBYU5QV2l3cDU3VlVGaDRob3dDZGtybnQ3WjVtbE1US1N6VU9CeEFXNDhuRWZhRnZiYmpQLUpBVUVfTXcxNW9lY21JZkowUHNwZkloT0gyaUVOSlh6ZTZjbE5jY0N1VjdCbnpoQmF0d0Vjc0VhclUtY1l1SFQ3a1ZXQzFaa0FIczUzYk42ckhzWndUMVU4aGVxaE9PbkhJRGYzd1RuMExkUkdTNmtXNjYxZHUzZDhMYVE?oc=5,City of Chicago (.gov),2026-08-01,positive
CTA,5 Salesforce Architecture Resources Every CTA Candidate Should Use - salesforce.com,https://news.google.com/rss/articles/CBMidEFVX3lxTE82UzI1NW1HYno3ckw3dUtvNUowMGpPUHZaZHBoVEF2TW84LV9pRm9KTy1sZVFlN0hzVTdrVWhWZnNNUFFsUVZRb1pWeEszSDFhWVMyLW4yWTVldzNvN1RsYXhzXzZDa0IwUm1QRWswLXUwMmdf?oc=5,salesforce.com,2026-08-01,neutral
CTA,"Students, Families and Businesses Deserve Better Info on Community Colleges: Pass the College Transparency Act! - perspectives.acct.org",https://news.google.com/rss/articles/CBMi3wFBVV95cUxQbDNxUm0wQVlDWDc3N2RRMmpYb0hqa0ItR00zdXFhWWVPdHpyY2RuZUNfdVRTZjl4cmt4aGp5THBhLWNGYkZtWXVFbE81T0xPdnYxdV9XaGRWUWlnRlBsREdwLTZ5RHZYSHRsYjJmY1N3Ym0wUmY3b0NPcy01YWF4elVlRkpoeEltOHhmVXV4cGNWOGFIT2hkQ2dRenRIX01iWjhBUlNtYUtuVnhiblFndDBSRTdVOUptcW5zRXczQVgwRmptU0ozLTZEZ1RWSnlZNS1ycDhLeGpDeWZCUGFN?oc=5,perspectives.acct.org,2026-08-01,positive
CTA,CTA serial attacker caught after assaulting children at suburban day camp: prosecutors - CWB Chicago,https://news.google.com/rss/articles/CBMitAFBVV95cUxPMURpR3NXa0l0aWgtTXg3TnZrTG1QVXFJUHc1TzBTeUlCQkZBQ0tjemx5MXJ2RGxrTXdsUDJRbEp1cnNQeFJiWDNtazBLaktvZ2hSMnJuTnVNTmVNdnNCMW91X21yN1FMWW1QUlBqNUVscEkyTEhxbkg2ay1vQVkzVnp2RGJKYzA0YVFWVHlodXh4V0xfNWdXaUF5MjRVNV8wOHZtbWZyRm5DTmZrOU5mQ3B2bGw?oc=5,CWB Chicago,2026-08-01,negative
CTA,Debris on tracks snags multiple CTA train lines amid storms - CBS News,https://news.google.com/rss/articles/CBMimgFBVV95cUxPdnBwczF3cWFGZUlqOHJfX3l1S1A4MUlqcExtU2E3Q0VfUWludTRBQXhxcm1USWZIc2NVMDFmNHRua2d0QmhKZGJ1VDZ0akprakhhYWhneWZoUUo5emNIQjJ4X1ppcVdvMEVwV0E1RGFsU2tYQ0Y5LV9hbGdwbkpzLWx1MGkwcjhtWnFDSGZfa3BnMzN1VmtCQ0RR?oc=5,CBS News,2026-08-01,neutral
CTA,"Metra, CTA trains impacted by Chicago-area in severe weather outbreak - NBC 5 Chicago",https://news.google.com/rss/articles/CBMipgFBVV95cUxNWU5WNFplUUZWYlY1OTZVVXJUOS00RFZ1THU5Y042MlEzQk9GUGZDVEdWeEl2RkN4NV9sOW10TVdmNmdIYUpMODktOXJBTGZNZHNPdzByYlEwZ1VjUGliRjNSZ1BjUG9JSzY0QnpWVDh2TW56ZjdxSTk3eDllc0FaWUFCdzgtY3NhcFI2UDhteEN1azZWUldjUDZRM1pDLWxUeVI5NjdR0gGuAUFVX3lxTE5kcFphTTJSVVZmY1haalp5OXh5YnhWcGZGcGhJeG1rZm9QdkNZTzBuVk1QUGZpWDhyRlktWEZvYzliVE9KSHdRTlFBV3kyT1ZlTmsxMnVSRWh3NndCRndzTEJDQUxmRzl6b2Q3em1sSldHeW5pQlpfN080WkVMWWxaWDZfeGRiWjNZZ01vWmhVTjJFUlQxODdwdk5jTG45TTBDUkV0bDlkRXNFVzNyQQ?oc=5,NBC 5 Chicago,2026-08-01,negative
CTA,"Closure continues on 3 elevated CTA Loop stations this weekend, Chicago Department of Transportation says - ABC7 Chicago",https://news.google.com/rss/articles/CBMi0AFBVV95cUxNbE0tY0lidG1xTFEyb1lKWEN3MWU4LW1YTXkzWVg3YUJwdzFPWS1Kb3FjMWgySG1UekFUdU9wdVNOSkhBR1JTN2o1TGJ4czZoSlRUek5UN2xBRWpiWHY4Z3d0d2VFMWRHWUh6MnJzOTdNMDlXc3Vuc3NqcWxMYkdmRVIybnhBMjZTdUd2b2JNVmhCX3ZMRTlhd3B0aFMyNC1KX1ZQNWozM1Z6TWRabHR6bVgzd0FPdkFTV0lVUzA0bzlJTlJreGkzdFRGbGQxMW9U0gHWAUFVX3lxTE92WXg5Z25kei00dDZYZnRLV3RzU0RVM1FhTktrQmEybnQwVnlma1gzYWZoTlpGSDQwOGhBWmtSTUg2NDhpWkltVTJSSXNoOFlOYlV4cjNRNHE4cUY5SFVya3kycEMwa0oxQjRkMGp2emR0RGxWdjhINFVmNnJfMmRVbTBYZHFQUTBqYVdzNFJoc2JYRmVQTzFBLWJueldFM1FtZ0Z2d2Q1cVI5cXZlRVhvSVBBS0dOQzZucEY0R003ODNKMVFQT1JBdDZVT2k1azBFdkhXd3c?oc=5,ABC7 Chicago,2026-08-01,neutral
CTA,"Chicago CTA construction: Agency marks increase in Red Line riders, major update on State/Lake Station project - ABC7 Chicago",https://news.google.com/rss/articles/CBMi1wFBVV95cUxNY3k4R2ZjbWUxQUpUWTA4aHB1UEYxZVRaS1hUMUUxV0xLZEE4TVVvbVZMQ3hPQUFYd29XWDdmS2hGNUdLRmk3V0RlVF95T0pwR25qcHlrMFpCRWd4TDFOMFV1UFBfOHBwekFlM0tXOEpXOUcxQ0oybkdlUjBobURmV1hIbVdjWWh2TlNiSkk4WmpSMzhFSTgtQkIwQl9UZjZMWjJjMVFuN2JlSlZuV0lxMXhhNU1XUENlODhEdjRBQk8wbUZwQXVxTFBLSkkwcWFUWm1MckpBY9IB3AFBVV95cUxOTlN5Wjh5djZPMGNYN1QzaHFmNHhLbEdYRjNpR1BsaGVtTlREQkE1VGdrVTNLVHBobVlzdzdWMFp1SkxCSExqNE5ndmJYS3dvMlB5N29WVEJ3LWhFczlvWTZBQnZZMVFBUGVkaXZ6UlNWQmtwMDlweHdSS2l2d3AwRUgwS01yTDhSVnJyVVNYRkgxWUdveWNNQnhxSlFYTXh4b2JNNzdhMGwyR1RJNEFjOUhwak9IM3lIWWZQS0xZZWlaU0hqU3JmdHZwVXRrWjhuTkdtdEtMRmNUUXZt?oc=5,ABC7 Chicago,2026-08-01,positive
CTA,"CTA board approved deal with IDOT to fix Blue Line slow zones, and an increase in bus lane enforcement cameras. - Streetsblog Chicago",https://news.google.com/rss/articles/CBMiugFBVV95cUxON2w1ZnRDXzFfclpDMFFMSHkwOVQyVmhYS1ZDRXJjWlM0cEtuRXNqYnhFdy1BSGtTWHRrdWNKV1Z4S0ppTktDM2t5SDNVTEkwMndhY3ZZVFQxNVQyZVpTQlo0U2lfNV9FQVBoRFVlRHJMNTMyNXZtSllnbGJaYmVUSURnYWZEUkhaYzMyZEM5TmNCenA2T1I4MWUzM1pmSHpQYUstOExhWkkyVC1nU1hrTl94WUVKTS1lRGc?oc=5,Streetsblog Chicago,2026-08-01,positive
CTA,"CCSD teachers give Superintendent Anita Huggins highest rating in CTA survey history, but say board needs more focus - WCBD News 2",https://news.google.com/rss/articles/CBMijAJBVV95cUxNT1QxdHRBX1RieGVrSW1tazFQcHp6c1ZhVzdiczhaZjU2aVhXME5yRmlWdVZVTUFzNWxNc3BkWWNTcWw2RUFZVjNQNmFpRm1lSFJrSFh4bjZIUUVXY2VjU3NibFFrUFlmaUhxaks3Z08tTEJRd0NCYXFnZENpMTc1cXZJODRCVFNWUFU2UDZmWnhvX2Q1amUxZGQ3eHVRM010T1F4R2tNaEVoUEJfb3VLc1Z4bjNRc2VBZDlZLWI5eGc4b0ljUmtJS2NRNkM0Vjg1WWdpa3JuM01JWnlMbjRNYzF1cnR6VTBhSW4wMEtZZElOaDZLdmtjM1JuTG11Tko1cHhvaFZacS16WFdl0gGSAkFVX3lxTE15ZGNfR1RpNFdlOFV0QUNnYXc0SXRkWjdtMnpkOHQ2bXBZYWcwUjl4TnJQUzhLVGN6bEtTLUdOMHg2Tl9UQXFEcXdLT28xYWdwZ1VjNDYzWTQ3RWhPRzBBdGZ1RWo3YWZjdjdaREZLNGl5Vkp1YWRDT1lya0FfWmFGeEw2cHN4QWxxRVljRTNzY0VzTlNjVnhhY25IaGhJa0NQcFJmRGhkekp4UXIxd3REV2F2dkFvYWFZOXNLUGlhelFEcmw3bnhnUHZad3J5cEN5cU43bGdWY21sRlpmZ2t4OHprSGU3Umg2bmg0aUhLMjk3TDhxLWZuNnZvUmQycUNYZ3p4NTZCVFNJblBPTm1Zemc?oc=5,WCBD News 2,2026-08-01,neutral
CTA,"Editorial: Public disservice announcement — beginning Saturday, Chicagoans will pay $10.50 on every $100 in retail purchases - Chicago Tribune",https://news.google.com/rss/articles/CBMijAJBVV95cUxOS1ZIV2l5Rmtxa2xBY2szdzJfc2wwNjZXXzh4NWh2XzNhQlBCQ0ZCb0R1QXRQVWZZaHRNS3NySEZoM3dkamIxc29UVVcwaHk0UjFEd2I0SUdRYjUxbEFUX3hiOWtudm9xRUFvY0h0RkZ1UVg4dk9xcTVqRnhFeUZLak5YSlVVb3dnNFFsQmxjQVNNd3FmSnRRTWtnODZWSWR0YkdKQ0dqSWh3cllpM3lJZG1zQnJrUm5KVDBTNmNzOU9HZXJvMEhjUzhFcm1LSmo3UXNxTjdncWV3amZWZlN2eE93b0h5SEJncjcyRmg5WDNiUWdhNEd4UDZUTnJqb053R29IVmNYNm9BRDZR?oc=5,Chicago Tribune,2026-08-01,negative
CTA,"CTA says crime is down throughout the system, but many riders still don't feel safe - CBS News",https://news.google.com/rss/articles/CBMihgFBVV95cUxNdDVHMlgxazFvbm91OUI3WnpyeWNSbUZkdm9aTjNuQ1ZqUlRMWXdkaTBQQXREQ0VHM2NUMWRBOFJsMEJSUEFoWVppQm1POVFsMjQ1dzI0WXJTenRCZGZTREVsTUpGb0xpOWxRaGw2ZzlySGxLazlTcnh4MWhacHY3NURTQkpIdw?oc=5,CBS News,2026-08-01,negative
CTA,Combating fare evasion could help lagging CTA ridership - Illinois Policy,https://news.google.com/rss/articles/CBMikAFBVV95cUxQVmlnNzEtcnhmcV9MY2ZOMU9FRDBRZjN4b1ZQcmRuTXFGcEZfaFNLYjBrcUZuamgxYnJWQWRQWm16VmI0cGJDd0ZnclA0MkFmOVVYcklqRmFDS2hZZjd4ejRjb2dfTGJFY0dhZ2JXbDZtQXNJVC10UmM4cU5Sd1o0bzcwMjlxYm8xdFBpbUY4MWc?oc=5,Illinois Policy,2026-08-01,neutral
CTA,"Elevated CTA ""L"" stops in Loop rerouted for track work - CBS News",https://news.google.com/rss/articles/CBMifEFVX3lxTFBUZkNmRDhseldNbktPbFNJQkxpbTB0YTRDZHNqM0lPWU0wVDBMRklvdmc3WnhrYm9QeldQX0EtNTB0M1RvWlZlcWJTWWlGU2RWOGFpYmJBUFZPeEpfWVZUMGR5LTJPVk9qTmQxcTNrRDB4WTFrOC1hUGNqWmQ?oc=5,CBS News,2026-08-01,negative
CTA,"Today’s Headlines for Thursday, July 30 - Streetsblog Chicago",https://news.google.com/rss/articles/CBMiWEFVX3lxTFA2enhGbTZEUFNZLUk1WGVmNFhfQzNIcEgtYWN0NGcxMFlneEVJY3g4UWxyY2Vxa1pjX1lVM18wWkRrVG0zTmVDU3hzamVJaU1sRVFPa2NRLVM?oc=5,Streetsblog Chicago,2026-08-01,neutral
CTA,CTA Yellow Line service restored after train crashes into SUV at Niles Center Road in Skokie - ABC7 Chicago,https://news.google.com/rss/articles/CBMixAFBVV95cUxNR1hyMTFhd0U5eDFhQWF6Q1hKTXZManRMZExIdnRQUUpadWxrRUJtNjk4a25lbktFdTVlclNleU5mTGl5T3U4QXptUjRHYUprUGxmV0g5SDZFVzBoeDZPSGtuQmtrM1Q4aXZWN0xBZklfYTk2c2dNa09PNUEzTmJTSUhpSFVTZFRPckFYVmRsNzBoMXVFeTVGSnRadFNDY1Jhd04wSXBZOGpDS3k3MEZ2TDRqV3R6Um9vNXEyWnZXRUpzeTlv0gHKAUFVX3lxTFBRdG41VlFWX01qU3c2U0JpTWpSZU9SbUhEaExKRDdCQkprZzhXTDBITlhGd3dFNkhES1UyakdHVm53ajNjaWVncGU2RERyVmtpdEFPSENzMVVnQnVUU3UtNm5oQkRrLUoxX3d3SWVKZ0pqS1diRDhJdUhKZmdiSzhuRnVyYkxUOXJYUlpoWGNnOHdBV290V0ludkZBd2hrQnY4Tzg5bmdVYTM4aFBhbTJPYTJ4V3UwTjk0b3V5M3pVakJYSEtGaVc2NHc?oc=5,ABC7 Chicago,2026-08-01,positive
CTA,Cook County State's Attorney's office puts up new signs warning against violence on CTA - CBS News,https://news.google.com/rss/articles/CBMiwgFBVV95cUxQRjFrbEtiTnBhV0RKaUVMd3A0S1FIU0stb0E2WG4yS1FzdnNXbTV3UHFnTHVyYVhxbEo1dWRyc1U0VDAwbC13bjBKaWZsRktXZXg2UDRRanZ4NVNFNUhsaF8xTnJjMmlTYmEzRjlPbEhqMG9oQmVfS2htYm0tR0ZsMFpEUW9EM1dtelVkZk5oYUxDZWViOUVDU0I2M1RrSjN2NjFwWGR6NU5rdGJDUGJ2cDhsLUlGRVlyQll0alJCbFpadw?oc=5,CBS News,2026-08-01,negative
CTA,CTA looks for new gates to help deter fare evasion - Chicago Tribune,https://news.google.com/rss/articles/CBMic0FVX3lxTFA5eWpPMG5CY3pJMlpsQjJ4QnVJME92VDE2T3hna01IMVJaZnVUNVVqZm9MRnM4V2kzQTZhWFk3bEYyRXNvVEdqaVVIQlk2c3VvRm13SEN0YjZVaHdjS3FuQ1Z4aHNIYTA3ckFDVXFfSDZGWDA?oc=5,Chicago Tribune,2026-08-01,positive
CTA,"CTA, IDOT sign off on design prep for long-awaited Blue Line improvements - Forest Park Review",https://news.google.com/rss/articles/CBMiakFVX3lxTE1Wd0F4YU9KN0J6THVoZElWUWg4VTZrUWIxNF84OU1YTHhZTjhlWVZwREZYMWVqaDBVY0k3VFRpbUtjbzR6SDRBRjZCMUk2bXF0eF9WRWZOS2haN2VBUVJoLTY4dUNXLWI1N3c?oc=5,Forest Park Review,2026-08-01,positive
CTA,Gold: FOMC repricing caps CTA upside – TD Securities - FXStreet,https://news.google.com/rss/articles/CBMilwFBVV95cUxNSFNGa3N2bEl6b0xKTGVoeHk4TVkxdWNHWDFfSHh2VlRtRC0xYUFRTjFpOFZoT0FTM1YwR01zR0J5NnNTWldSek9SN3ZtQW5WMW5DZmtEbENGQjJrNlRKUEZhVWw2TWZVY0kyWDRWY0ExaVU4NElJNEpKYW90THV6dTdxUXYzd09WSUIwb0pSY3Jad0ktODE0?oc=5,FXStreet,2026-08-01,positive
CTA,"Chicago crime: Suspect wanted in attack on CTA Green Line train near Damen stop, Chicago Police Department says - ABC7 Chicago",https://news.google.com/rss/articles/CBMiyAFBVV95cUxQSTk1dmo0aVRzLVhaNnJXUjdZMkM0SlVMVktXTmFzMmVDaUlDU0xnX1ZGVDBUNWtTci1YSXJfNEZwb05WTW1HbnNHMEU3aUU2b0o4TWRObmxtcXBBbTZIbFp6eFNVTlkxaWZ6OUdMYWNKZG4xRGMxUWV1UWhOYjNwOE1lMS16VWNSZ3pIeS1DUW5aOUxyYl9KakstOXNGa2I0NmVYRW1MR29JM0lvX0RQRVhpY3c0LWJ2dnhINi02TmNTMkZSY3Bpa9IBzgFBVV95cUxPT3ZDUEJRYXRKRHFIbTRtaUpZazVoS1I5SWZ3VjRTenRMWnhLRnpjUklQblpFb0RuUUtUQURIX2dwQ2J4UTZtSjRxblliSk9qS3pHYjFBTWh2QjNYUWIxZmJUZVJvZzY1WkVWQmNwSTlLLUx6TTUyMXFHOFpwSWE4M0ZiMVZRM1ZPTnFaYndHM3I0UlktS2ctUEdSM2VCaHNVZ2hxYlhGSHh4UkNncEVNbU53OWo0UEluZ2RobXhhbTZaMHEtTzBRQUZVaG1LQQ?oc=5,ABC7 Chicago,2026-08-01,negative
CTA,"After pushback from advocates and alders, Council OKs CTA Chair Barclay for new NITA, CTA boards in close vote - Streetsblog Chicago",https://news.google.com/rss/articles/CBMitAFBVV95cUxNeGU2MTBxSmVSTzZqUmMyWVpMek9VZ2hnR3FQU0lXMVM0WGs2b3N5ZElQNVZBdjFvbHJnREVDTl8tNGdOYldJbm96TE5ITU5XUzZBdlVuVXkzYW1xcUFZdi1qQnN4djliTTh3SnFlUFltMV85cEhHcm9DamJJVWpOOGVBUVRvTlFRMmFqUkRZWnFGYWZpMEhIWUxacFdObUNESmxWZk5kT0VJS2lINTR4T2lXblQ?oc=5,Streetsblog Chicago,2026-08-01,neutral
CTA,Depend on CTA to Get You to All the Independence Day Celebrations; Holiday Service Schedule in Effect July 3 to July 5 - CTA,https://news.google.com/rss/articles/CBMi4wFBVV95cUxOVTgtYjNyVHFRWXJoT2lDSi1jc2x3SUw0VFVLaGpKbVpRaHVXOXVxVWlSeGthV1M1d3F0M0R6aVRrT09iX1o1ajA5WFkzakVCSUxSdlRNY0lianhzVjkyUnRUMFRLNnRDQ0NKVlZLX3Y3YWFCNGpKWlQ3cUR6ZnFmRThhZXVKTWNxMzczTGUtYVo5NkZpd2s4RFZxeUlCNlhfZkVVRFhxR1VmSHYyR25uMmpYbk5SQWE5SnQ3YUJuaVJXNmhLdjIxTTlKRUd4Q0Z2QWdLOUIzbWlwaE1UY2x3dm5RVQ?oc=5,CTA,2026-08-01,positive
CTA,"CTA profiles Tibetan political prisoner Lhamo Dorjee, raises concerns over detention - ANI News",https://news.google.com/rss/articles/CBMi0gFBVV95cUxQVTV1WGI4amZsd0FPbFN5ZTZOV01DYVo1U2kzdnc0a0hXRWdOTWVLUDFCbl9NMDdqTUhNV2dJUlNJckRGNHNwRTc5dnRDSmREZkFWRUdtdWdjYURDd296TnE4X1U0TmhNZUgtQnhiVk9SSTduUGswZUdKMURvRFpqQy00cmF0MFhEeUlKRS1hb09XaXIxQ0lSYWJuVzg1TlItUHExdmVsQllxNUM3anE4VG0xalFoU1lXTDAtWk5lXzFjY2REc2lVckFMQkItc29VZ0E?oc=5,ANI News,2026-08-01,negative
CTA,Gold: Fed risk caps CTA upside – TD Securities - FXStreet,https://news.google.com/rss/articles/CBMijwFBVV95cUxPSGdmaDVwWmdMV0hZNFZYWVg0b1RHUnlMT24wSllHbjNNdDdrdmlRXzlaTmZUY0RZRmROTmFjNS0yNTlSWWVGWFcteTlXSTZ2X1N4QXJ5a0doaXdRT1poNGNoTWlxSlNtQ3ptLVQ1S1ZBWE9lRHp1YjljV0JrMTJYbE9WVjhhV1lXZmx6NktuMA?oc=5,FXStreet,2026-08-01,neutral
CTA,CTA shelters annexe in Vietnam beneath large curved roof - dezeen.com,https://news.google.com/rss/articles/CBMib0FVX3lxTE5vYm1mTW9xRU00TjdMMzN3Mi10cEpyVEdIYnFIaDVjeHBjd2hrTm04dnQ2Y19ETURVdktnczA5b3U1ZW4yWWlvemZJWE5lZjg0MU5ZcUlKMkJQR3ZldTJidGZGNkRZUlpaU0dwV2NXWQ?oc=5,dezeen.com,2026-08-01,neutral
CTA,Pretty Cool Ice Cream and Chicago Transit Authority Partner on New CTA Line-Themed Giveback Pops for National Ice Cream Month - CTA,https://news.google.com/rss/articles/CBMi7gFBVV95cUxQRzJraW5qaXVQRGRaUWh1UFNBYy1GMHhvYnowakt2bTBycXJjeFR6dElxUlBDbWpWU1ZVcXhuRU1uMmR3eVRhM3FqNnNWd3NuMmZqQUExSWwzUzctbk9nMVBHLVh5dXVrU3BKUlpSR29mdzZ3eUw2ZnozaV9seURRY1JnZUxHRnQzalQ2aVhfM2tmZDgxWWlyNlEtREp2UVBqS1g3aDRSb3Jwb3FlWTZOMnNXZnA1WlN4TVdzcWIzQnNQNm1hb3lFWkI1WHQteVA1SVNNd2hUdjVJamR4SDlfVGs1SzEwRUQ4a29yV3Fn?oc=5,CTA,2026-08-01,positive
CTA,"3 CTA bus passengers injured in West Town hit-and-run, Chicago police say - ABC7 Chicago",https://news.google.com/rss/articles/CBMipwFBVV95cUxNS3Y4SDdwOEN0LUN6c25XMmEzNDhBaGRUX2lFbVR0cjYzc1VTMTJJX0NLNjlQd19kNEk1NlVEdDhIUEtzRmMxZTNJWG1WQjl2Skx4c1RFeG1oS0Jkdko5eUdsNnR2bXJncGM4VXljSEcySkpYVmRSbE1BRlg2S1MyVjRpQ2pSRVNGcTJqa2V3OFBUSXNGdG1OR2pVZi1XSTlPYXNncUc2b9IBrAFBVV95cUxOWlNpdUE4MDM5SW5wSU1BcjRxV2d4anV4MUtvQUlPTHV0YXhTVnBXcFZraEY0bVFyREtwUVI4cU96cDBkZW1sYTE0YzhWNDRjU2JYT0FmOEF0YXk1WVNSQm9Gd3hYRndRbjg4YW9RWTJ3U2hEdmtmR3NQa09yLUViblo0QW5YSHp2SHBNOU0xMzZKdjVJNm1mZ25hVkpDa3U2dmZjWVVPMHNQQ2E0?oc=5,ABC7 Chicago,2026-08-01,negative
CTA,Gallery of Mac Casa / CTA | Creative Architects - 1 - ArchDaily,https://news.google.com/rss/articles/CBMiygFBVV95cUxNbDlsaHVxRmNSN1NDb1hlSlFWZzJ5S2g5V3JVV0RNei12MnNxNHBrMmRpSUJKd0hLc043OHVVQlhVcXRuTURUVmxGNm9hcGJja1YxaWE5TUlPQlJLTW1ZYkM0RjZValI1bGNIMDh1RFl6ZlZYZ3c1RXhzb2FoRTRubkRwS0xrcnJ1MjljblJnX3EtbkZLRUNNdTdJQkZ4eGoxOFQzdzJTOGV4Tkp1ZFRmZFk2ZUtiWWYxNmNNS0JsTkVySWNsaG9oQzFR?oc=5,ArchDaily,2026-08-01,positive
CTA,Pretty Cool Ice Cream offers limited-edition CTA ice cream - Chicago Parent,https://news.google.com/rss/articles/CBMimAFBVV95cUxNandrVXFMTTk3QVBsZ0dOdkRNenJzSGtpc3VBRkw5aDZ4cXFoaDFVTGZDb0Z4cU5KNUpXLXBIRUJPZUhfOUJpN3lKX2MyUlItU0J0d2VCOF9Qc09oZzNSUjZ5cFJ4OU5idXplbjhIb1VsNDJ4R2xfc3A2a3NIQnZSbFdCelRwLXRnYmlBUTJ2b3lQdVJFRVhpcA?oc=5,Chicago Parent,2026-08-01,positive
CTA,Cannabis Guide for NJ Towns Released by CTA - Heady NJ,https://news.google.com/rss/articles/CBMifkFVX3lxTFBzUzB4QnhkYUxKc2NMR0p5UTNqZmJhcVJ2TnVleWs2bUU2TXNmUDFkSWdYRHVZanByYzdiWF9pWkdRbXpkLTIyZGc3MEFlMTJKYmx6WVNIdi11TnJmTXEycDNiSEZTdmplMnVIbExlTnl2ZFV2WUNwNUFUMGx4QQ?oc=5,Heady NJ,2026-08-01,neutral
CTA,China’s grouse compels CTA withdrawal from upcoming Tibetan studies int’l conference in Nepal - Tibetan Review,https://news.google.com/rss/articles/CBMivwFBVV95cUxQTE4wdUxwS3ZuY3I1NXF0WWZBdGZZZ1VQVzNLckdJaXBFUzh4WjlDYWdDZ281N1hjX3p3c2RZbTNDNVhuMk5YTzl4OHNxMmd6MkFFMDJQVzVFVEZkLS1MamQ1Ykc4ZEw0dDdzaWFZSDJ2SnNZdDFvSXRzOFVZb2hlOUZZOGprVVhTX0xkSUs5Z2N4V2o1b2ZqUE1tYmViel84YXF2bGVLbjdqelVzZGRNRGpBOWZYMnZBeFBwQzJVNA?oc=5,Tibetan Review,2026-08-01,neutral
CTA,"CTA secures funding for West Side transit improvement design, construction - Mass Transit",https://news.google.com/rss/articles/CBMi8AFBVV95cUxQZHJ4aXZ5clc5bVFJYmdxUkNldDFxdXFyaEQ1RE9tQVZCY25WWFprWW9iWkkyS24xRElRT0JxR3ZvM1JSMHJpb25zYlFrWjdpS1hGSFBOYUZkOGljYXpoTm1ER2Z0dXZjMGJ6VGhGOGx0a1BxTlp2QWxrbk1Dc1FRaVVyZzFMaHA1ZUlySXVlNFNNdVFKNUQ0ck85aGgxYXlNQ1dXdC0zajRrWGd6MlY0RC12a1ZYbXhtd2J3b2otakNoejdfaXZYbTV6alcxUmNobnRkQTRjRkFUNUZMLUNTNVFzdm9WWE1aTjE1TGo3bVo?oc=5,Mass Transit,2026-08-01,positive
CTA,CTA Innovation Studio announces challenge to test Faregate technology - Transportation Today,https://news.google.com/rss/articles/CBMiuAFBVV95cUxNM1VwX2xvaXktVkxHejcyb01Ebnd2ODE0U0VCbmQwLVhNc244UHp1OEZqaks3M1QySkRCeFV4Q1dSV1pTUldad2RZcFRha0ltdFNhaXFIVUk5SEItMG80OW9LM2pJbjBPeXMzZk16YkREcWp0STJRRzdrVHNVVE5JRXU0MmZXWXdZZnBRY2VBeXJsZi1MbVU4aDlud2otcjRncm1fM1I2VkdfejJVaTZlMURhdGhHMEVX?oc=5,Transportation Today,2026-08-01,positive
Chicago Transit Authority,"New signs intended to deter crime to be posted on CTA buses, trains - CBS News",https://news.google.com/rss/articles/CBMiggFBVV95cUxONmV6RTV2WldwUGt6RTBDNGJyLTF6MjBQVnlMZzJFMU8wdjBNQjhOT1ZKTDlHNXZMZDZYTUoyN1YwTTcyS1F4RXdyWm1pWlJoOFY2SVFBUVFpRldhREZYMXFsUVduR1VESVVKT2ZuVTI2LTNaalZ5TEhWYVlkS3NfZVlB?oc=5,CBS News,2026-08-01,negative
Chicago Transit Authority,CTA fare gates could look like New York's and San Francisco's - Axios,https://news.google.com/rss/articles/CBMitwFBVV95cUxQN2VhSU9JSHJneUJvMnM4MjJfR1M5Z1cwT1NGZW5RSzdHQUp0SEFhZW9RWU5UaDMybGhQMGdBZzJpUkhmbVhGaV9abW9HU3lSQXExc0djcmQxTl9selNtSDJXbkVHWGIxNThBWXpiM2RHWUs3SGVxbXpFQmlrMFhLWFZCanYtS1hHQUJBa0tRN2RWaGhjZXEtWFloLVVQbDZfQTV1TnBwOUpscTR6ZEdJbEd0d3V0YWs?oc=5,Axios,2026-08-01,positive
Chicago Transit Authority,"CTA crime: New campaign aims to deter violence on buses, trains - FOX 32 Chicago",https://news.google.com/rss/articles/CBMihgFBVV95cUxQQU82MUF6NWJka09Pc3JjZi1lbm40ck1PVnBESFpnTlV1UUFnZDlJbTh3SnFQTGFMUXBySlR3bUF2U0VRY3IxN2Rmbk1JYXZNNERXLUhQU2NKWTI1WEsxTjNJN1FKSFpqTEtKa1NkOWJhc3V1ei1pZUQzUERTWTIwTVYyQjZXUdIBiwFBVV95cUxNMXl4dDNFMEYyTG84V1RZWWViNlNNdGJmamJEUWdvSm5XMXFTcHZETzh2ZU1wTG10d3gzbGZqNS1kTVpGNTBJdGM5Z3J5dmZVYTJGeWxzRWg3M0RfcmxiZEFOMF9sVy0zMVplN2U3ekxjN1htb2t1bnFPeTAtdGRrZVNsNzVyVV9xemNJ?oc=5,FOX 32 Chicago,2026-08-01,negative
Chicago Transit Authority,"CTA Submits Enhanced Security Plan to FTA, System Policing Hours to Increase by 75 Percent - CTA",https://news.google.com/rss/articles/CBMivgFBVV95cUxNaFJHbUVwQmdtMnAydzBMNlBRalhYV2hHOF9yYTVWWGxUTUM1MjZqVnV4MWlkQUJzYUw3M0VESEYxbGxDVUNlRWFqVDVxc2ZOMmlxY3FVZnUzMlFBVjBvaG1vbXM4RVJPVlFwX204YWpGTTh1cDBMZFg3U216am9FUGkwRkE4MVcwLTRmRVNqRnpDbF9QM3B6V1RiSHVZaDV2TjlJalI4M29ReGp4WUVSbnFHYlNPVEo5bTV1N1Vn?oc=5,CTA,2026-08-01,positive
Chicago Transit Authority,Chicago to install thousands of signs in hopes of making transit safer - NewsNation,https://news.google.com/rss/articles/CBMihgFBVV95cUxOLTB6SjdqVTN4VmhQQ1N4VkZWVHlNVVZDaklYeFp0djR0SGtXcG0teFJHclcwdXRSUS1pRUVLdENYMkZQVzU4YWd6Ukk2MDM5Z3BFRm56QU51cU9PZ2FXeDgteHV1Zk5yQTU1dDlfQm9mVkFFVm91ME5qcXhEb3J4ZlE2aXFSZ9IBiwFBVV95cUxQRnFvc0Ryc0prLU9yVWtaaGhjNzZwZjdlRXpuNUpBWXpxc2RUb21qcXNzQy1zTExHMmVheFNqMTlXaWVWWVZWWDZveGN3TEZuYWgxNFFOZXo3TElzR3d3VTNHODFobDJzb2k2VktZYTh2YjJXWTNPT0Npcnlhcms3WlpPVWM2VFEtNTZB?oc=5,NewsNation,2026-08-01,positive
Chicago Transit Authority,Chicago crime: Cook County State's Attorney Eileen O'Neill Burke launches CTA campaign warning violent offenders of jail time - ABC7 Chicago,https://news.google.com/rss/articles/CBMi7wFBVV95cUxQZDNDbXA0S05FYjlkclF1X0xuWE1sWVJ4VlBQelFYN3A2U0ZqY2pQbVFnVXMybHVTNXpCWjl5Qkt0R2JMWEpTc1QzbFpXVkJRUlZGdGRKbGlsSHU2ODdTQ0wwQzFLMWdqVTItQXBsSlZBM1JVbnpocWVxZkFYaE5JMDdwenRBQ1NWc3o2VnBGTnlfR1hNeC0wMXJJcDJyUnV4cENCSmFrRUZqam1MNDJ3eVRHdDZGSlFTWWhGWmd2V0FfY2dtMV9ncUQ1cFhiZTZfeE5PX0xmdk9mc3d4a3BzWlNWOHFOSHoyQTZiRm1lONIB9AFBVV95cUxNTVotVFZXNXNBbDFCTm5fckgxQUpKZ1FLS2FkU3dNOVFDSWM3ZlhpaDkydlpnZURfbkRhdUttYzRPQTlNQVhSTENyOGUxOFI2djhUcFBaWlhtbEJhWmlUWThpNmlMV19IWjJsWHlSaGw2eGlramZ4UFdfbU5FUGw2RlJQQ3hWSVdCb2x4TlNqQW1FTkdoWjVuaTNIVGpwSmlaUWM0cDlSVENnS2JWeFNvaXVLMjFlenZRUnNQeUYydnRZdHN2X004SExnTmEwTFdGMXhVMjl5YmpyblVoZWx3c1pBaS1Hb1BGZDdybEMzQU9zeVhG?oc=5,ABC7 Chicago,2026-08-01,negative
Chicago Transit Authority,"Sales tax increase to pay for CTA, Metra, Pace problems - Illinois Policy",https://news.google.com/rss/articles/CBMijgFBVV95cUxOTUNWa1JDaHk2eWU4THZZRjV1dFpaLXdhelNFLWJPRXdvdUREYUVZNjd0M2ZNUHNCaFo5aGttd0dEcXpOWHBkdXZ3X2tDMmRtcWRWM2Ewamx1ZUVETm1ZWDRUWHNkcW82b3BQTkRURXJDWkdTRXZqMzY5MXo0RkdwWm9adndBcEU5S0ZtQU5R?oc=5,Illinois Policy,2026-08-01,negative
Chicago Transit Authority,"CTA secures funding for West Side transit improvement design, construction - Mass Transit",https://news.google.com/rss/articles/CBMi8AFBVV95cUxQZHJ4aXZ5clc5bVFJYmdxUkNldDFxdXFyaEQ1RE9tQVZCY25WWFprWW9iWkkyS24xRElRT0JxR3ZvM1JSMHJpb25zYlFrWjdpS1hGSFBOYUZkOGljYXpoTm1ER2Z0dXZjMGJ6VGhGOGx0a1BxTlp2QWxrbk1Dc1FRaVVyZzFMaHA1ZUlySXVlNFNNdVFKNUQ0ck85aGgxYXlNQ1dXdC0zajRrWGd6MlY0RC12a1ZYbXhtd2J3b2otakNoejdfaXZYbTV6alcxUmNobnRkQTRjRkFUNUZMLUNTNVFzdm9WWE1aTjE1TGo3bVo?oc=5,Mass Transit,2026-08-01,positive
Chicago Transit Authority,"CPS Employee Accused of Double-Dipping Through Dual Employment Scheme Now Works for CTA, Records Show - WTTW",https://news.google.com/rss/articles/CBMivgFBVV95cUxOeUFkN0pPTWdfOWxTYVItOHdYUTIzSldUR09Yc01Rd2ZUSmE0U2tOMXdGbVdQMFU2OGdoUS04OVMzeTZMU3R4cENGdG5HbVJyQ0NCZl93M2pZV19oWjhnNnBYRGdPb0hGUFhYQWlGQlQ0VTBiUW1EUEp1UU9scC1Xa094clBsYTZYZmVGVHJWMVdTeU1kNlRUdnRETWkxLVdQVkZjdy04VW1nUWl2QWlyclJUcEU4TE1ndjF1Z0t3?oc=5,WTTW,2026-08-01,negative
Chicago Transit Authority,Chicago Transit Authority Sues Federal Government Over Paused Red Line Extension and Red & Purple Modernization Project Funding - Press Releases - News - CTA,https://news.google.com/rss/articles/CBMi7wFBVV95cUxNcDlGdXY3M0lZUGVvOE4yUW1FOXczTURfRXFBLW16SVBFc29Nb0R1NWJqRklyYm51Q3dQalFwa3UtMlZxTGU1U2tDZVROWTYwX0J4a25rb0FKUWpwQ2k4Zjd0RnRtQzUxMjh3SHJXN2VjYWZWc25TNFZlWlh1SG9ZYWxxT2JOZlNvODdKYjF4UXB6cmtwUjZKWjNDdnVyTWV1WmNEa2RjV1RyaWgzQXlQSzlSZUpNeGtxclZLcnlWVkphdUdJZkYyVXBNY0VybjVvamVDT2hDVDFMYzJjTlUtaVpOMnY5MXREa3lydFUxbw?oc=5,CTA,2026-08-01,neutral
Chicago Transit Authority,Combating fare evasion could help lagging CTA ridership - Illinois Policy,https://news.google.com/rss/articles/CBMikAFBVV95cUxQVmlnNzEtcnhmcV9MY2ZOMU9FRDBRZjN4b1ZQcmRuTXFGcEZfaFNLYjBrcUZuamgxYnJWQWRQWm16VmI0cGJDd0ZnclA0MkFmOVVYcklqRmFDS2hZZjd4ejRjb2dfTGJFY0dhZ2JXbDZtQXNJVC10UmM4cU5Sd1o0bzcwMjlxYm8xdFBpbUY4MWc?oc=5,Illinois Policy,2026-08-01,neutral
Chicago Transit Authority,Inside CTA's transit crackdown on crime and fare evasion - FOX 32 Chicago,https://news.google.com/rss/articles/CBMiuwFBVV95cUxNSmNfOU9mRlM1LWdBWGhXczRKUC1QazZIZkpsNnZvNS1BenFOc1hFY09ieWdzNUh1OGtGd204bFd3Y3NTNlpYOXNOQzFnYzJVRnBOZ2FYUkhRV0RiWkRzN2U3bGh5Q2sxLUZUWFktTzNRRC1VTjF0bDJ1TWZ3SE5pSThwUUpsZzlTaWVzZ3hFcW9YR1p2TXBIZlJhTUptZmZYaG1rV3RtYnlYQUNNODV1TkdDbHpKZVZFRGFF0gHAAUFVX3lxTFAtSllCQmROTmc4T0ZEc1JDNHpUTDVScU0zSXNXM3NhWWxPcDdwNFpGNndKd1g4Q1pGQ0tMbTk4Xy1NMl9PbHR6Z1ZlNHYzTzZxZGdPanVtams0dUtycWp6a0hQUDg1eWJJLTRqVjFyYWJfek9IZlhWZmh5anp3U01VeV9MYWsxVmRvZGlfdG10N1E4OE9IcXVWelJidzU4aDVNTGJmV3JURGV3cE9xZTJ1Vk9wa3BreTA3cEdHZTFUUg?oc=5,FOX 32 Chicago,2026-08-01,negative
Chicago Transit Authority,"Advocate says Northern Illinois Transit Authority Act, now in effect, will improve transit around Chicago area - CBS News",https://news.google.com/rss/articles/CBMilgFBVV95cUxOWGdMS1pNVmtDQ0cyS3ZSSjFCa1hzM1JTeHE1a1RRMlAxWGFjalcwTU1HZlZ0LXJ4WmsxYjA1MGEzcTBLM216cmV0TGVrU3FUY3BteEV2VnIzcGpvVGk2YVc2NnI5OHd6a0VHaHZuZEszRnBhUUtfN2RiM2NqNGRJSjZnRjFWeTBtYy00WGhoczR1aDgyOWc?oc=5,CBS News,2026-08-01,positive
Chicago Transit Authority,Elevated Chicago Expands “Elevating Culture Near Transit” Initiative with Three New Grants and Historic Partnership with CTA - CTA,https://news.google.com/rss/articles/CBMi6wFBVV95cUxQSW53TjNNdzRRamNrTlA4T2EydWpocnVnNjVwVkYxV1k3RHU2RWp5VTlEMHZsSlBkSVpuU2laV3BVUmZaS2ctN2J5WC1ZbHQxT2hsQm9VdTBVQkRSN3QwTFNuOHJYTUdpZnNkRzJJYktrWV9QRFZseHV6V2tyYl9ZZEpKRm5kdTdiSWZ6UDc3bmFmeGpwUi1JMGg2SEJ4OUlVaTV2YW84QVliaVNuQ1lybi1WeXExSjhjZ3k3bVNRdmN1RDlycUN6d2ZzR2hjb1NXM3hZODkwOUtRYmc3NnZZZU1GUVdMQ2YtcGFJ?oc=5,CTA,2026-08-01,positive
Chicago Transit Authority,Take CTA to Your Holiday Celebrations - Press Releases - News - CTA,https://news.google.com/rss/articles/CBMiekFVX3lxTFBvZ0JMTU0yeVl0ZnkxeHAycjRpVjZFajNYeDBGcUFsWWdvNW05S0NCV2hPMTVSQjdxX1ZKeUY2OVMtLV9WR0h1SmRTN1o3N25NdEZRWUpSR3hhbHJ2S0pmTzdRQ05PVGpRMnJuVmF0RjkzNGxoY1JfbGlR?oc=5,CTA,2026-08-01,positive
Chicago Transit Authority,Pretty Cool Ice Cream and Chicago Transit Authority Partner on New CTA Line-Themed Giveback Pops for National Ice Cream Month - CTA,https://news.google.com/rss/articles/CBMi7gFBVV95cUxQRzJraW5qaXVQRGRaUWh1UFNBYy1GMHhvYnowakt2bTBycXJjeFR6dElxUlBDbWpWU1ZVcXhuRU1uMmR3eVRhM3FqNnNWd3NuMmZqQUExSWwzUzctbk9nMVBHLVh5dXVrU3BKUlpSR29mdzZ3eUw2ZnozaV9seURRY1JnZUxHRnQzalQ2aVhfM2tmZDgxWWlyNlEtREp2UVBqS1g3aDRSb3Jwb3FlWTZOMnNXZnA1WlN4TVdzcWIzQnNQNm1hb3lFWkI1WHQteVA1SVNNd2hUdjVJamR4SDlfVGs1SzEwRUQ4a29yV3Fn?oc=5,CTA,2026-08-01,positive
Chicago Transit Authority,Mayor Johnson and CTA Celebrate Investments in Welcoming Spaces Across Chicago’s Transit System - CTA,https://news.google.com/rss/articles/CBMixgFBVV95cUxPbWprc2hqUTV0RUdCbmpWTVNHTDF2VldrRlM5THc5TDhZVHprSzlJdXVzTmwxMktjNEk2bGRsbGV5UV9qcTJTZmlwSk9wMGpKOFRfWDJ4UjYyemJDdVByRXdreXBpTjdMYTlsSWRxRDV3X29pZTlKeERMOW5XZC0zNmVfY2d1UnhDU3NtUGNPeE1xemdxVVVQa0ZhYjF6Mjk1NFlxV3lzb05UWjJmXzVFVmo2YkVVLUotcUpYSzJ4UjBFY29uQXc?oc=5,CTA,2026-08-01,positive
Chicago Transit Authority,Chicago Transit Board Approves 2026 CTA Budget - Press Releases - News - CTA,https://news.google.com/rss/articles/CBMihAFBVV95cUxOYUQxQ0s5bHphNExIZ1pmU3RNV1p2elotQTUwZEpxLXh2UkxqMjY5M0d6MU5kUGtGWlZsWDRRQlhKV2RVb1lHa0ZqMFltYXB6NU5NWGNHWUpiS1B2RDVjUnFnRXhxRWJ0cU9iX0F3eHJvWDgwbDhYNFpGZVhUMnViSEI1bC0?oc=5,CTA,2026-08-01,positive
Chicago Transit Authority,"Construction to Begin in January on New, Fully Accessible State/Lake CTA Station - Press Releases - News - CTA",https://news.google.com/rss/articles/CBMirwFBVV95cUxQUWFDT1pnNGhxWGdfeUt2c2Nxd1UtQXROT00tTnRzLWhEYW50U3ktTTdBTDIxWTJBbEVPOU1tWG1vZl9tVzRsR3VVY2RMek82TzhtbGRvUkpyRURiemYwVkF5R2Fyb2NtamZoWl9MekQzZHU4MTBFQW1iamdTTDE2YTc5UUY5QUlEUVNmY3BMdE9Rd1l3X3ZSS05vY2Q2Sl9tVGotQVhEaC1oSDFXQ2Qw?oc=5,CTA,2026-08-01,neutral
Chicago Transit Authority,Chicago Transit Authority sues to restore billions in federal funding - politico.com,https://news.google.com/rss/articles/CBMilgFBVV95cUxOZFN2bnY2bTJOT1NLVFV5UEtqR19QMWZfNnh0N0xuMzlPVTZBY01sOEtoc2lhYmF6YnpNUVZZUlNpdW54aGdQTTBBdE1oa0tHWm1mTFI3dlkzWVFoV2laLS1LN09naHRTRzNmUmwwWXBGSTFQT1BHb3IxN0ZENG1TdG1SNEJoY1p0UExPLUxOODZndDJVZGc?oc=5,politico.com,2026-08-01,positive
Chicago Transit Authority,Crisis Intervention Specialists Pilot Program - CTA,https://news.google.com/rss/articles/CBMieEFVX3lxTFBfLWg5S0dkMEM5b3VjN01uRHphcUxJZHlrdG5mYk8xY3VJWEVpM3lLWktlcTgzeTNWeEpnYW9XdHo3eVJSUHZUTm93X3dZXy1CX0tYdnhPcXZUNlVheHV2dVllYk9DdTh0Q1JGUWVBeC1FNGxBdlQ0eQ?oc=5,CTA,2026-08-01,negative
Chicago Transit Authority,"CTA seeks upgraded fare gate, fare collection tech through Innovation Studio - Mass Transit",https://news.google.com/rss/articles/CBMi8wFBVV95cUxNWUR5QUNUNThDcWRhSGZvYW1lRG5zcE11Y1pOS2R3MTFISFZ3VExzSnZnSGpkbXRuNjlRbFRualQ3Wm1oMjFKc3U4UUlOYVNlX08xdEVhVGZ1LXp2YXp5cUNuT3N1QnFCQXlvM1Q1M2JsaDRsTEwxVkgzdW5mS1JOeGVZUkFFWkYxLW9ZUHBrXzItN0tRUFFBYjJ2R2ZFVW15S0dzc05GVGtHamQzWjR1TktRSDNKbUtIUTd6cXp1LUhBVVdOZmVQLTk5cF9MTjFaZnVlY0MyektmZU5lSzFDOHgxaGVKdE9XWFdPa3oxU0RzTWs?oc=5,Mass Transit,2026-08-01,positive
Chicago Transit Authority,"CTA Leaders Tout Ridership Gains, Lower Crime Rates on System - WTTW",https://news.google.com/rss/articles/CBMilAFBVV95cUxOdDg1QnNBX1VvZHAtNEtVbVp1WGZvOExNbUFyYkIxTVpELWo4UXRjelJvVngzaEVESDZzSGxENTNPXzVLdUlMUGZBN3N4LUVYMzA0NlFZUGdEeno1VUVYdXVDNzdvVGpHSnBqRXZ5eldPcjFmNW5zZ0J6Y1hsMnFwbk5uRjRKdU9CZUpVSng2dFU0dzVC?oc=5,WTTW,2026-08-01,negative
Chicago Transit Authority,CTA and CPD Unveil New CTA Security Surge Plan - Press Releases - News - CTA,https://news.google.com/rss/articles/CBMihAFBVV95cUxOa2tYS1dGWEFnemprTURvM2tJZ0RBdDFpX2twaDU0OG0xRDZpLVM3Uzk3eWhuVWRsQ2cyV2wxdWFiaFJ6ajVWNVpuWUNRQzFpVEkwMUdKQV9EZEN3WWlFVllDclNVYWpwUTU0QVgxY3VMWHFHbTNBa0lvNXdUOFI3b2NhNVE?oc=5,CTA,2026-08-01,positive
Chicago Transit Authority,"Multiple Loop ‘L’ Stations Closing Next 2 Weekends, Riders Should Allow Extra Travel Time - WTTW",https://news.google.com/rss/articles/CBMiuwFBVV95cUxPdGNWVFcxUFBxWU14SVhjbUxWTHRWeG9ldENISFBhSTBRWGR0OC13NnVNd3dIRFgyT2k0TE14eEMxSld5R0NIY3Fhd1FuTW9KMlBFMk9JTjhsQnlYa0w0RHhDWE50OVIyRzhHXzA5TzBPdTdjRm9PYlEyWFBHSV91WWtDblRIX3lQbGZWNGlXWHdmY1ZJaVpicWlGU0xWQVE0NXBBUWVFTm5ZNS10NDdfT2d1WE5uMk1hN3g4?oc=5,WTTW,2026-08-01,neutral
Chicago Transit Authority,Chicago Transit Authority Blue Line - Railway-News,https://news.google.com/rss/articles/CBMifEFVX3lxTE1TWnhQaEZOWE13YkswTFdidUlFcGFGVHlIMTZJRGFlREVpMElSVS05YmhLel9zU2lXeHlkcjZBU3gwQzJGUEpFX2lmZ3VEby1Od2xrR2VhSDRXMWxZWXhfbGpaSFY5OHg5a0hLU3hHUV9mTUdtc0t6SmJrWXE?oc=5,Railway-News,2026-08-01,neutral
Chicago Transit Authority,"CTA Chicago news: Chicago Transit Authority lays off 159 Monterrey Security guards, redirects funds to police, other resources - ABC7 Chicago",https://news.google.com/rss/articles/CBMi5gFBVV95cUxOM3dTTWpGZlh3a1p1TmZvNi12VkJfSEJXaGlIblFHUVgtYW9lLW5RRy1DWjdZUUlQMUtRMDBBMk9LUjFHUXFycTQ4Snc3ZXJzbDRoa3NILXlidHlKbzNqU3RFOHFONm40SFZ6ZnUxTG0zNm9hYWJTOWF4c1h0UmdTRTRXcUZGclUwY0c0MFBETTNqOGNvdC12bVF2YzlDbTVoWWFSMm9EZVM0bVZDSkNWN0piQXNkck5wZzBYVDVYTHc2ZXNBMFJfS01QejBsNW1hMTJ3MjZBdHlRaXFyLWpxcDV1NnYzd9IB6wFBVV95cUxPYzk1S3g2NGxaM0wxeHhFQ0NPM0V0cWlSbFF5THVoQjRaRm4wN3ZQSERqYzRFRlFXM2t2N3ZDbGNyTHVMYS03Q1Q3QnAtTFVKWXpEWEVGZkhjaXRkeF95ZU1Zd2p5cE1LYU12Zk5WY0h4U09QMkdOQ0swLVpBYTlaRGtpajhVVGIwbVU1d0Zwbk1pUGowZ0ppSk5KM29fOU1uenpZSzE2alBySWwtM2Rxc2hQVTB6N3ZjVm8zdHlfWV9EWGwzMUpBNTRHUUxxS3Z6ZUZ0Y3NoV0lyZWR6V2k3T0xDZ0gtNGRUa0dj?oc=5,ABC7 Chicago,2026-08-01,positive
Chicago Transit Authority,Chicago area begins transition to Northern Illinois Transit Authority - trains.com,https://news.google.com/rss/articles/CBMiwwFBVV95cUxOTmhyYzVHd0xnZk9USnMtUUhibHo2WWZYYzZXQzZpME9nU09nUVE4SjUzYXdoWWVadVVDVEhnMlVkYlRuN2M4azl1Tk1nRVBma1JFRXFuQ2ZZSkFEMDdHblAzbURVZWRqVVp2ZnJORGt1RkFoakVQbFR2akFMNGFzOFRFMTFPTnlwNWdWVmZ3Z0VGUjgtN0pUR01LSmdDcDU0U2pnSC15OTk1dFZqMEl0SkVWS1FnbXg3c2ZJNjNTdE16SEE?oc=5,trains.com,2026-08-01,neutral
Chicago Transit Authority,Bill Snyder: How much rain did we get Monday? - WGN Radio 720,https://news.google.com/rss/articles/CBMihwFBVV95cUxPdml2Wmc4U1R6ZXlzREdrZ1V1ZGlSMllfZkFHNmxPdjEtajZ6RExWdVc2bWNEaThKOFVrTEFEV2pFRU1GMG5sNVFzXzVCcXV2aWROSE5QVnBIZ2c3VlptcW1FeG9BYzFTaGpUMmY0Y1hMMURZQU5XZ3ZWYkpOTEtyeWszWnVqZnfSAYwBQVVfeXFMTTV6QUxmclBHeEIteVJMSGt2dGNId1RXbF9vcFdXRThuTXlTckpqLWNrdUZVR0dlOTF0dDN2NVJEb1JmQmNKM0Y3c2VDdlNKemZmbC1kQUdwdXVTQlBUd05KQ29Na1pDRmFhdDZMZHRWaVc4ZXhDY3o2ZG5qNkJQcmZvc0xGbWNraWFYUlg?oc=5,WGN Radio 720,2026-08-01,neutral
Chicago Transit Authority,Trump Administration Ordered to Resume Chicago Transit Funding - Bloomberg Law News,https://news.google.com/rss/articles/CBMipgFBVV95cUxQSER6a1ZwcmhQU0x4Y2VEREctdzI3V2lBTEdQbGQ4TlBGaWs3Y3h0ZFdNQUJGN3ozcWFUQUlCajF1dWNMZVhjTGx6NFpBRUFOVGdRczc0OTJfR3dOQ0ktZGhwWTJGUVJUSVZqb3A2OWFaUzI0MmVtUjY3ajZRYTZDR3MxLVdFaUVBOWZOVmh1TDJHZzhHaG5QZlhsc05RRUVxTUJPQWNR?oc=5,Bloomberg Law News,2026-08-01,neutral
Chicago Transit Authority,CTA and CDOT Invite Public Input on Bringing Bus Priority Infrastructure to Five Bus Corridors - CTA,https://news.google.com/rss/articles/CBMixAFBVV95cUxOcS1YemtfbnRLZTV0VG9nV0NjR0E0NDRDcVlhNkRWekNHd0hqUUpIdExOQk5KY0xlWU9qVGE0czgzX09aNjF5SWVLYjl1VWU4SkprWVFUMmh6c21ZNEp2S095SVRyclNFUzc3aFhoZ1FUU3JpMW1zQjhYeGg1eEUxd053TXRTd09QS3hrT2Jjb3RvTnAza2pXbDVRNmRJOUpGVmxWTXRWOE1YN2dCaVAyS3R2NTdvZFEzdnFTQWdPOVRiOGtX?oc=5,CTA,2026-08-01,neutral
Chicago Transit Authority,Judge Orders Chicago Transit Funding Restored as Rail Projects Avoid Demobilization - Engineering News-Record,https://news.google.com/rss/articles/CBMiqgFBVV95cUxNUkxDeEgtWERRQkVNa1hSUW8yUDJHWnJkTnB3bUJMMnJUREJmS3FNUlRYd1JPWFRlTzE4c1FFSDRFVURMUXZmRFZaRjRyVnJGcmZUUks0NExmd0tlUkpyNWtuQlVuOUZYdnd4Uk1FR0dlYm5kV3VsbWlWTllJVDI5bnI1eWJJd0lZb0dtLUJWTlhPVjUzNVJIckY2Z1JINmpjYzZJc180RmFHdw?oc=5,Engineering News-Record,2026-08-01,neutral
Chicago Transit Authority,Notice of Public Hearing - Public Notices - News - CTA,https://news.google.com/rss/articles/CBMifEFVX3lxTFA3ZW1KOG16dUFOYlVmM0tXMWtOZ0NROFgydHhRNmdHTmc2MDhMQjhYNmFwbUVkRGhPTm5BbEFLVnpySmJiRTJLSVBEeVpMbXh3b3JZQW5HVFZKVGE1dlpHR0tMOVNJVGFuWU5FZjl1OFJHcFh6OHFDZlU2UWQ?oc=5,CTA,2026-08-01,neutral
Chicago Transit Authority,Cook County Prosecutors Launching New Task Force Focused on CTA Crime - WTTW,https://news.google.com/rss/articles/CBMioAFBVV95cUxNSURpSU1ubW1WWFNfZXR1ZGdDRXVIOG1xM3NtT1lJZkRBeXlWeVBoRjA3WHJ2SkFqUzJVZ0M0b0FobXNsUlN2Qk85aHZkbE51NThGMmZZZ1ZOQ3IxZUhxMnJmVTlxblVEcDNNTkEtczJ0SlhnbkRNM190RDV3alkwYU02WDY2S2pMYUQyekdIQmpUNm1RVDlGd3ZnY2Y3Rzk0?oc=5,WTTW,2026-08-01,negative
Chicago Transit Authority,Appeals court sides with Chicago Transit Authority in transgender bias case - hcamag.com,https://news.google.com/rss/articles/CBMi1AFBVV95cUxQX1J2VkNUZ1JraUw4NmtiTHpOaUpHcklXX0VQY2Jqb2tKUHJUeTlqdTJnTzA5WWxfcUQ3Y3g5cnFMTUFZS2hDVW50aFFSa1BXSTM0ZThBNkpGV1hDZVBxenc1U19Pczg3a3Vtd19GbWJTZjdDZmt1aVF5R2tCWjZIbWNqUGt3MGtEaUZ3bERwWHdQcGRJZGQxR2VTNW0wdl9vVU5TdTNxTWVoZmtobEx4RTNmWkpuajd2dkppYUstS0J6UlNTb3NkdGVCYjgzNnp3eVBITQ?oc=5,hcamag.com,2026-08-01,neutral
Chicago Transit Authority,"CTA says crime is down throughout the system, but many riders still don't feel safe - CBS News",https://news.google.com/rss/articles/CBMihgFBVV95cUxNdDVHMlgxazFvbm91OUI3WnpyeWNSbUZkdm9aTjNuQ1ZqUlRMWXdkaTBQQXREQ0VHM2NUMWRBOFJsMEJSUEFoWVppQm1POVFsMjQ1dzI0WXJTenRCZGZTREVsTUpGb0xpOWxRaGw2ZzlySGxLazlTcnh4MWhacHY3NURTQkpIdw?oc=5,CBS News,2026-08-01,negative
Chicago Transit Authority,Federal Judge Orders Government to Temporarily Release Red Line Extension Funds - WTTW,https://news.google.com/rss/articles/CBMirgFBVV95cUxOcGo0NHNXNE82RG9UTVBQZl9QeV9rWUd6QkZlcDVzWm9qZnZ3elV5Ri1fa1NicUF3cDBQLWRVTnQwNjVvMW5Sakc2cUNXUkFGNm15S2VlZmdiNG03SXE2NFhkZTVTbUZOR09DZzdQZHBQam1kdEVVUmFhbUdKOFJZeENfUGZvMjVyd2thTC1TSlVwRW9KTllNRXVIZ2dCcG9FcFFiZ1VMWDBoRnlVTEE?oc=5,WTTW,2026-08-01,neutral
Chicago Transit Authority,CTA Faces Imminent Rail Work Stoppages as $2.1B Transit Funding Freeze Heads to Court - Engineering News-Record,https://news.google.com/rss/articles/CBMiugFBVV95cUxNQlRndUp0VDA5YWhwS1JNTzliVFdiUDNxdkFRZ0o5YTRKRzhleVItQTR4MlBBajhSdHY3NVN0QktRc09aMkU1VlRoRDNTeUJSZURIczBxTVN3VnpUTzlDTHpzeGJ4c0RMYkJuNW51TmlNSmZWd2ktc2Z4emZiQ3JEZC1Db2wzYWNtLUNJalllZXZQOWw4Ykp3TG9HSjc2VGRHRTVXS2RXM1BzYVYzZ05NUkJJVHViQjcta0E?oc=5,Engineering News-Record,2026-08-01,neutral
Chicago Transit Authority,CTA Proposes Three Operating Budgets for 2026 as the Agency Awaits Outcome of Ongoing Legislative Efforts - CTA,https://news.google.com/rss/articles/CBMi0wFBVV95cUxOSndJZGV2VkVwd3hXTm5ka2VHY3I0X2ZNcEo3NDRxdXI4TlZudXZqTktxTEtVazkySi1ZbGxFeVd1Uk9qRldxYUFEREpVaUdCWWcxTkgwUmlTeURsN2dkWkFvZ1JDUjZ1V2Q1b2JVUGlHMXRieklra29YS0ttOVVGWTBUYkNqYkFDdXhUay1HQkhlLTNUMzJ6Q2pNcF9BNWdncUpiUE9DYkRWY25lLVdtcU52cWlWamIyZm9RWE9URGVIcXRYMUg4eGFXemhNZEFYaTYw?oc=5,CTA,2026-08-01,neutral
Chicago Transit Authority,"Toni Preckwinkle backs Red Line Extension connections, wins approval for transit picks - Chicago Tribune",https://news.google.com/rss/articles/CBMikAFBVV95cUxPVFpkMEdSUnBoV2FtSHQ0b2FaWDlrRzRGQWlGcFYxd04xRnpkeExqZkdwT2JlLWZRbkVsRVVhSWN2dG9sVTJzX05fb0JsejNieXQ5RGE2clF0VWRIRW5OdEVVTHBOUXM3TnV6Zm00RUJLVm9aSGpXWWtIZlpwWDlzWWxNamt4enpKQkpZVUVhQWk?oc=5,Chicago Tribune,2026-08-01,positive
Chicago Transit Authority,Mayor Brandon Johnson’s new transit board picks include CTA’s current chair - Chicago Tribune,https://news.google.com/rss/articles/CBMiggFBVV95cUxOV0Z6bmQ2bE9Tc1pTcHpjUkoyaHQ2SVdOSmJyMWY2QlNZRDhkLUVnUDBGQzBibS0wZlVDb1ZfN19EdzVWWFlYMVVNSUJSR0JWajVoeGlIcUd0Ny03MDlDY2M3MnFtcGJzRU1IbDNBNDdWbi1uLVdkZzZ3c05SMGc0SVJR?oc=5,Chicago Tribune,2026-08-01,neutral
Chicago Transit Authority,"Pritzker Signs $1.5B Plan to Overhaul Public Transportation, Avoid Service Cuts - WTTW",https://news.google.com/rss/articles/CBMiqgFBVV95cUxNd1ZlSUh4cU5aejJsWURpZXZweVprdGg2N19SeTNXak13VXRzT2pjWjM2QTlRYUs2UkctYU5jaDBiR0EyTkVRbEZrTTVTN3lLLTlPOU1mSEYzZnZsRmhuOExJUDkxMzBsVno4cFp5dmdZMHcxaHB0RV9vc3B6M1oxaHZBaDVZaFBPcFE1WEFIME5DTDdicXBvNGsyTFllcVNWQnJsV29XQXdlUQ?oc=5,WTTW,2026-08-01,negative
Chicago Transit Authority,"Acting CTA boss cites major drop in crime on transit system, credits collaboration with CPD - WGN-TV",https://news.google.com/rss/articles/CBMixgFBVV95cUxPUHJ5N1hKa3gtWUFDUzVFcUxEcE84dWJ6Ni1YMHBhbWRfWDVOcUJGSHRQU0ZTNUxUX0NJbThjOEJiclNLOEJHejAySWZvaGRmYWx5YXcybVNBSTM4THFNeVBxTWpjNzhCZ01udDVMaUk2QmQtUXpwMUZpbHlILXo5ZmdVRlRWUlpFTTQ4RjdBaDVWRVpEM3JDTWdOaVJhVk5hbVFfbGVRYVkzbl9tVDRFb2Z2YW9yQ0Z6TXlpaDFLMk5HT1gzcXfSAcsBQVVfeXFMT2ZQUGRubHN2VGhNLXV4NERBOEJqMVVmUjMzcW9Ublc3TXFuTzQ5TGxGY0JIaFEtRkl5UTdJYnprV1A4MUVTYWs4Q0FHOGl5SGtiVExKSFRnZXdTODY4NW05azRyNjloejNpblBQdUhjNXhySlRva0FkdWhDZ1g1SU1BNDNfejNCY3EyTW5CMkdTeGRGdktqbURudGlBT3Q0cElET1d4SHlDQnpxd0FoVW43REdGbHRGeU1ncUU4ZGFlc25wNVdnend0Mmc?oc=5,WGN-TV,2026-08-01,negative
Chicago Transit Authority,Yellow Line extension in Skokie could take ‘decades’ but CTA is studying it - therecordnorthshore.org,https://news.google.com/rss/articles/CBMivgFBVV95cUxOQmVFMjBCcXFlenVnSnJHWWxzR2xiYVZWbk1RRVZ4eHlfeXBlTmloNl9zcG41QzQwNUl3bWhtNE1FdjlWYjhqNld3aDh0eWdaVTREWUtkT0FLV0MyLUhEdGxvVERJMHJyRVRwQWFTWE5sUHM1ZTZ1czVKUXlhX0ZEREl5RE9HRGRhVkt4TTNsclpwMGJBeHI0SG9PRFdmeVFFUmhzanFpTGE4Z0lIY1g3djN2blU1TXdfS1BNTlB3?oc=5,therecordnorthshore.org,2026-08-01,neutral
Chicago Transit Authority,Fluor Joint Venture Reaches Substantial Completion on Chicago Transit Authority’s Red and Purple Line Project - Business Wire,https://news.google.com/rss/articles/CBMi-AFBVV95cUxQdGozdnhUdkNKQm5ZUHhRRF9hbjRPMGRmUzA4SVNhdzBqUTNCUi1Sb0lYMWRRSy1LMEZmdllOampKWTBuRGxIMlE3THEyLVdZRmF4bjFxWmo0YVlhakxZd1kwM2JjRmdHTHozYkRvTkZ5SG42VWQ1S1kzQ2ZDc1l5WjBtLVNBd0I1SzFHMm1xYnhLR0pMbVJIRjBSV29QOTF2QWJOQzZwalVBMW96YlFXaDRWVFNlVHQtRDlkdnZUY1V3dGRXbjgtVkRnTkxWQ1pYRHhhcUlEd091a0ZkWG13Z1dYRVpYYlRBMlJsTkdxNHJNRFA5U2RQZA?oc=5,Business Wire,2026-08-01,positive
Chicago Transit Authority,CTA modernization project sparks calls for accessibility - The Daily Northwestern,https://news.google.com/rss/articles/CBMipgFBVV95cUxQOG0yX3VtNXFiYWhGQk1uQnhfOU9WbFBEcWVkUGpfT3JISzVXakJiS3R5bjhqTER2bjZGS2d1bS0zZFhNZFRiOVNlS0NjSXhoTDZIZDllZnIwZDVCc0UzemZkenlRLWtLV2REd3NXY01INzNCNlVDUm5tT1k5bzUtYjRiaGlNWWRxQ2pKWWVkZ01fZ19kdzFnVm5HM3BLNFVqNFR6dlNR?oc=5,The Daily Northwestern,2026-08-01,neutral
Chicago Transit Authority,Local Agencies Adjust Their Approaches Amid Concerns Over CTA Crime - WTTW,https://news.google.com/rss/articles/CBMiogFBVV95cUxPZ3VKTm45OG5LOWlSTUM1dHBfdHI0czR2VGg4MUYydHBsYWNjREVFbG1iQk9lUFZGdTY1U1FmTVl5WmtsLVJUXzJSVVhZa2ZCV1JWSjFtUnNZejBQbVlpcUFJbDFSZVl1U3lzTG52TGpNQ0JrQ2RFVUU1N3ktMFdrZU90ZlY0dWw5dVdsX3pPeHhyOUlKbUhFVld3dE9iVXRSUXc?oc=5,WTTW,2026-08-01,negative
Chicago Transit Authority,Chicago Transit Authority sues Trump administration over funding freeze - The Hill,https://news.google.com/rss/articles/CBMipgFBVV95cUxOMHh0UXlSakhzS2xIaV9xVmJyOU9nQUJ0TEdMTmktRjdMVlI1c29HbEd6dHcxN3RsTUNBZkN4TS1vVkEwN3lvZ3lEcEVEMllsZWIwNWFMZlJ1NVRjMmpfNWhqb3VXQktKX2d5cHJzdVdZbkRBVXJIU2wwa3BfRUdKc083b0lsdW9mT1BXSHNZdFlCeDk0eEh1MXVfUWwxYlQ1RUZtdDBR0gGrAUFVX3lxTFBaQUQtc0xyZmdpckp6TXo1cVJQUWdEOWpCNEdheEVzZnJwd3N1MkNwT1lHUk5jam9qb2YyYmJ3WWZGV2toSTRmSFJucjExNktFM0oxSmxKMkhYUzFzaTZNUlNtYzVMYmYtVjNEczNmQlFKcjMzZFNvY0FVdzd4Qm5YYmVpbzY4RVFHUEVPRWVtd25feEdKZzNWVmZPOFlFakVGYV9CYTBLZUVnbw?oc=5,The Hill,2026-08-01,neutral
Chicago Transit Authority,CTA safety: Cook County sheriff says dedicated CTA police force may be needed for safety on Chicago's public transit train system - ABC7 Chicago,https://news.google.com/rss/articles/CBMi4gFBVV95cUxPUDBlc2lpV3BlM2E5cWlrS3ZDd0dKRDJVVWpMamNISHRIbTdEN1lPRVlOakdqcHZkZXFzalA2VUdacFdQSGdVdnFKN1d4ekZiNENDYURTSHdzQnp2VC1jbXFjdDktZEFsQk5BYk5wc1lPYTRfWDM5Vk5RM3dvSFAwUVoxdEtGUFhGTk9EZ241aDhrV1RGek1RbW5VTUh1bEZSbnlCMlV2TEQ0VWJtN2Ixc2stSGxISHdRQzBEeFgwU0NqLW9RNlZBUnAyVWNlMUhfV090UjZ2MGF4NXJRdGs3aXVR0gHnAUFVX3lxTE5hR1A1N2I1UnBhR1B4Q2VJc2lBU0E2VmJNYUhJQXdtX3h4Z19KaUV1UlpacldPenVNZlFyUngtbGdJaTY4UHdZSmk3QW0xU1R0Z2pyc1o5UE9TTXp5SlV3Q21HNGFLY1RVSE9uX1c3OFpSU3FDMzNQVEtUNlNRQVNCWDh0czMwd3FwbTJlVHR6ODRPS2hURzVycW1kd1UzdU44R0R1X0tYNkxCdmdCeU1ITjFlbTEtTGtCVFNTMnZMd2NLLUplV0NtSjZBZ2M0ZUtPZVIyc2FvazhJc3BoYWV1ZDJPRzZTOA?oc=5,ABC7 Chicago,2026-08-01,positive
Chicago Transit Authority,"CTA Red Line funds must be restored, federal judge rules - wbez.org",https://news.google.com/rss/articles/CBMivgFBVV95cUxQbHhRODluX0pITjZaOVNPbGdhRXNFWUVuRzdkeEFaNHIzUGVKQTdwWVdJV3c1cE9yaV9LaGRVbldYWUcxZ2ZwLXMxZ3JJRE4taXlLVTJEOTBFRVFILVY5YWo2ZGl5ME9vMjI2ZEFZWnVpSWlsbFY1eHdueVQyOGVKQm9FZmFPNmlUbGhTZmpvWEptU01WMXFxR0Vxd1ItYUtINmpyYktvSHI5SHNLd2QtWllhbmJsUmtwQlF6V093?oc=5,wbez.org,2026-08-01,positive
DC Metro,"School’s out, hunger’s up: DC-area nonprofit steps in to feed kids - WTOP",https://news.google.com/rss/articles/CBMimgFBVV95cUxPdndNcWZBZm80MHNnMlJoc2x0aE5ybXNMaUxyU0ljOWZfYmdxcFNjdE5IdnJCMG1Yb0tfYTlHQk1tNXRzaDhuMDdEalNSOVdJdDR6bGVGYURxQU9lMjQzUDFmcmxhQjg2TTFEZHlxcTgySzA4cWM1WWlFRGRNU2pfV0tycjAwb1dyQndHMGNjOHJMMC10TC1MUnJn?oc=5,WTOP,2026-08-01,neutral
DC Metro,Metro board approves funding agreements for RFK transit plan - dcnewsnow.com,https://news.google.com/rss/articles/CBMiuAFBVV95cUxQMFFjTG13U2pYbWtMbGFWV09Wd0RYVXJiMzloRl9FZHh5QVBCRXdpbzFhNWpidVlweWVFN3YzSWxBTEJkSnI2NkZRcnIxTFlIdFlqOWNyMk1UdFFxdUxvRk1oVUEySUowYXV4akRpLVU0S3c4NTNCT2NJUUhyaU9xOEdrbC1ma1pQQ3dwNm1FN3BEQ2NJOTR1M1pBU3lDYnlkdklsc055Y1dsWmRHS1ViM3BINUdXWTR60gG-AUFVX3lxTE92T2F4SjRjVFlzVy14NjRqaWpycTFySmVlU0xJcW5kV18xSlQzbEphb3BZcFdoYTlnTnVpYkhwRlV6WWtuMzBGZHBhanJSSGFGb0c1RlJDWVRvbThRejJkOHBYTXpOMGF4ZFpOMWhUVFdtMzktaTYwMmtKV1h6dVFBckQ1VkNkVG5fUEJURnZtSUppUk5wZ3pyMDRvSlVfbXRYbm45YTZFTElQdUJZQzdYYWdTNHl2TkVDUmkzWHc?oc=5,dcnewsnow.com,2026-08-01,positive
DC Metro,State's Attorney convicts man in Baltimore cold case homicide of DC Metro police officer - WBFF,https://news.google.com/rss/articles/CBMizwFBVV95cUxPZFdMSXhnMjJMMlFlQk5NSUc1OENRMVU1MXRNalFDeGlkcTRHdkxlenotVlVMYjJzSWFLam1mQm1yaWdkcHdSWWFBa1JreTBuV2liWTFLMmZSRlYwelpRbVFrYTRfckc5WGVYYm5fRlJsY3BZZHEtellTRnZ2d21PNHBDbVY1alhXTXJBZEE1b0FmMG0ybkJMV09fMmp1NExhbGY3d0RyQTk2NnFmOF9XTXdiUnZBdFgxeEVlTXJSamMzX0gwMmZ6d2FqMExlQ28?oc=5,WBFF,2026-08-01,neutral
DC Metro,WMATA releases list of major disruptions to Metro lines in 2027 - wusa9.com,https://news.google.com/rss/articles/CBMixwFBVV95cUxOUEdtemJkdlhkeU1vbTJkRm05VWdRZWpCZ1ZDTmZKamZDRTFFV09DZXRvNFVfbG13dXljeDRvWk43bVdSY0lPRE5CelE5ak40NzN4RmNxSXFqOEhqNkF0eXd5YTFhSnVvcFYtVml1Z0xtUExJZmlkbFk3UW1xOGtMNHJ0UUk3UWxaM0s3SEkwV3c4Y25ETGh1eGstSDJNUzRjWVVSbVg3WndScmc4U0xTUHduTzhZNEVpVkpUT2lIamRCbkNFNmxv?oc=5,wusa9.com,2026-08-01,negative
DC Metro,Metro details Red Line upgrades and upcoming shutdowns - FOX 5 DC,https://news.google.com/rss/articles/CBMimAFBVV95cUxOVVRsSlNIWTZ1NTdpWHRVd05YRlZFMnpfaDhGbzdjWEdnTmpKSGpNTXAzd3AzMFVieTJrTk53Mlo3R3hxdkFvT1J0RTc3SF9kX2t3X21XX09pazg5cmNZaXRMTUd0YmVULThLendXNVoydjRvcnFJMXQzTC1MNExCNlU2RENITUVzWGE2akc1ckFMOGVMS2t0NNIBngFBVV95cUxOYnl3M3BFRXNmaVhuekxVUDhDZ0hnR084SDZ3TWxlcXQyRVdVYUNwSnRacmM3ZEYtaFVQZHlKWnZmWDRVd3NLaGUxNVN4Y1hBbjhjREg3cDhPREJ2eGJYSzA5NkQ2U25GV3BZWjlrRkQ2WUZvVThhV01CcXBiWHljQ1NZUm5QeldYR2FiY2V0WWlVanp5eTh4NjRLY0d6UQ?oc=5,FOX 5 DC,2026-08-01,neutral
DC Metro,DC Metro’s Red Line commuters face a summer slog amid station shutdowns - Maryland Daily Record,https://news.google.com/rss/articles/CBMinAFBVV95cUxPU0phaGJsNUI0bUxkWnF0SnFOVjNyNzQxd1JuU25aTzBiTEd1RnBQcWlfMW9WNGZib0R4QjROeWxZUXR2OWs4aGVqTXBfLUpLT2NGMHhMLWJjVHdxdDBqU0xoRXJSRnBxT2Z2STJUeFBNYU5sc0VwX0xIMGF1aVNBMFhxZWt1TjU4MTU2LVdDLTl4TjV0NEJ3V1BRMS0?oc=5,Maryland Daily Record,2026-08-01,neutral
DC Metro,Weather Alert: Tornado & Severe Thunderstorm Watch until 10 pm for parts of the DMV - WJLA,https://news.google.com/rss/articles/CBMijAJBVV95cUxNX3p3bktWS0tSOW13LS16ZmhDRUF3U3N6SS13RlFWbEpLWHpaaDBaRWJ1bkVfcm9keHZUN0JvYjJKNHRXdExCM0hzeTFkOTNIZlFDUkpkbFpGTEY3N2xyR0NlM0Z3R3czUERvQjNjNk1ZM1VpajZ5cjQxamJLdFZfbkdyQ2trSUdiRVltdXQtNnZsMmYyR2RWcEd1RzhwOWFWaTRsOUVCMURrVGphVFBPYjlkRzJFV3djOFhUS2tWZi1uQy00bGF3RXhiZk1XcklST1ZXcFA1dVAxZEVUZW1DajNGQUZmQlppSXVvSlFERG03ZkFJcWlzc1QyQXVZbzNDS012ZjJ0Zk1IRXRj?oc=5,WJLA,2026-08-01,negative
DC Metro,Metro rider recounts encounter with Patriot Front members in D.C. - PBS,https://news.google.com/rss/articles/CBMinwFBVV95cUxOX2dDN2JfeHoyWDhlc1Z2VWxaWGtRcEJab2FibWRHNnZsb2hDME1YVVgtU18xQnJKelNYdmxFclhJTWpLY3oxVU1rcWk2b19VRHBnQWhWUHl6dzNRRXl0dzlldEZJV25ydUxWVUR4SkFVWEh1RUlTT0ZXWWhRU0JiZlZvT2xRWG1xdDZXZTZFSm5ucGRKNlJCcWE4aWZqelU?oc=5,PBS,2026-08-01,neutral
DC Metro,Man convicted in 2017 cold case murder of off-duty D.C. police officer in Baltimore - CBS News,https://news.google.com/rss/articles/CBMiswFBVV95cUxNNEplN1Vxb2FfSy1objJpaG1qSGVteVhUaWQ4TUlhNVFnX2g3M2NJb2gwcVJrVjFsaVRZYjhRUElSLW1VMkZkZ3pkdDg1bVYyM3FnenQyaDFtLXVHSUJlVGVaOFRhcEVOb0xtYWR3SjRMUjBybTExenZmd0c0dDdiR042ZG1rdHNBYXd1MS1qejhHUllaNDZPZkQzMHh1cG4xa2F4b0daZkpJN1FvQko0UWdxYw?oc=5,CBS News,2026-08-01,negative
DC Metro,Opinion | What a viral photo of white supremacists on the Metro reveals - The Washington Post,https://news.google.com/rss/articles/CBMinwFBVV95cUxQLTYwSGpuUDV6OTJoT0NwRWp5dmtZbzBYZE1rYzVzYUpXQzlZdjlvWmU2R0FadEdhWldOamYtOEV1VjlLZnJ5dS1TX1MzVzRXaVdyUGdYcHM1dzhQNGRUZlM4OWlmejZQQjZTOEFxdkFQMjhZcW9YRVY2YjZJSG52RDJXUkppREFES2FWcnlqSXZqeFh3MFpJQTdQRGg1aTQ?oc=5,The Washington Post,2026-08-01,negative
DC Metro,Man in viral D.C. Metro photo says he was ‘terrified’ as masked white nationalists surrounded him - Advocate.com,https://news.google.com/rss/articles/CBMie0FVX3lxTFBZaUtuOXJpT3ZkUWJzS3FveGsxcHNBd05Nc21WMXlIb2h6Nmc5b2tOekxiWUlnUHpkeGxLblR5dkFUdnk0MHFOWWIxS2JiVW1vX2xxbGFjb3Npd3ZIZkxkTExFYy14X0lnaGlJQWhwNmZibVhZVFR5NURuYw?oc=5,Advocate.com,2026-08-01,neutral
DC Metro,Scary Movie (2026) - drafthouse.com,https://news.google.com/rss/articles/CBMifkFVX3lxTE4wdEJqQWZZTGg5ZXE1MTMzWmFJMl92eEp5RS0weEtZQUVOQWY1U0txcUxuVmR4U0g0eG9SZlRBZVczSEV6MkE3SnpOd2wyUnRRcThHRFhjZHYzSmFZNkhDdjc5bVE0OHZ0RDQ0VkdsVHdfWXJYbWJmNjdjQzN6dw?oc=5,drafthouse.com,2026-08-01,negative
DC Metro,"The Woman in the Photo Wanted to Be Alone. Instead, She Went Viral. - News of the United States - NOTUS",https://news.google.com/rss/articles/CBMiggFBVV95cUxOdGkzOWdUbGU2cTJQM2w5bjNuVkQydXoyYzZmbFZJU3dqZUluMWR0YVNkRmJyeGNOS21BS2FYWXRXSTVFd3BKYWpyUmZUc3EzRjhtd0FIOG5KWnlQZ2hycURJYWNqVnVTSmpadC1PeFhDWkduNVZhd0JtTkVJdC1Ra3p3?oc=5,News of the United States - NOTUS,2026-08-01,neutral
DC Metro,State's Attorney convicts man in Baltimore cold case homicide of DC Metro police officer - WBFF,https://news.google.com/rss/articles/CBMi2gFBVV95cUxPUTcxNzZUanowR0lHTVAza2xCNFhEX2NDSTBkcjNIeDJFMmpudEh2WkM4QW9haExKWmFnUWVHUDdfYnRRdEdXa2x2RUE2cmJTbTFqS0RKcEtoMzZNYkZVdVExMnhMbHFxVlpQeU9sYkR3NUtTQXdCYndpMWdXTWVCYjBHb2ZoOEdmNmpycGsxSHgxM3hCX2x5c2YzNmxacm1RMktEdTRaTXFoa1dZV0IzaXhlNmhYeFJYZzZQUXZHTjhhZElueVFQdkdQZXJULW9JZ09MWUljaEZSUQ?oc=5,WBFF,2026-08-01,neutral
DC Metro,"Metro plans to add platform doors, barriers to Red Line - WTOP",https://news.google.com/rss/articles/CBMirAFBVV95cUxQSVNTS1JhYmlDMEE4Y28yNzFmdkxSSGd4SUI5SWstbjdMRlZlM0l2RW93R3Z2dmlPUldqZmVmcXFtXzNQMDhua2RHZzdJT3UyMkFlN05RLVZhX2hxNklWdW1aM09wRFJ0YnFGbWQyWlVCck1QSVFmc040UEZ6RzNFWDdWNXVRX3FYUHdWeDJoVVh3RzFKVXl0UEZWQjVUNmt0N0taOVRyM2ZnMm1Y?oc=5,WTOP,2026-08-01,neutral
DC Metro,Metro wants to add glass platform doors to every Red Line station. Here’s why - dcnewsnow.com,https://news.google.com/rss/articles/CBMizAFBVV95cUxQYWJTR0J1Y1J2aFdMcHFaNEQ3THN2d1M0NVBPVUlhUnJsU2VQV1ZGejFHUnU5NHZiUG5JQmRqNkFKb0hDSmZZMGdjOVAzSEZ1VTJTUE9EUkVxQ2hOY0RhWWgxa2NKN0JqMkJrakI1TEtnemdIblRjeDljLXJLNXZUTU5uMjFwQjVuQXJfTlZzU1FGUWx2c3F5TGJTVTk1clRpNUd0OWlSWkJMUEN6cnEtLXRXM0JCeU0tLTgzOThGbWtjcWk2ZERqTXd4cDnSAdIBQVVfeXFMT0wxc1BqR25fNTRvdlNSdEVPb1BDMXpLZV9QMlpFSWhHZVBsSHJjbUhRcEw4djY2elMyajZ1YnhQVXIySUlqRmNCNDVNWEVObENZcWJLcTFTYktvbDdfa1FhdExPZjdsMGloNTNlMG5ycFhnd000WGtGSE5UV3lHUGc0aGQxMW5hTGRaYWM3dnJ3cTF5THF5RkxfWjlOcWJVNFpHRDdTdy1lSVpJWk5aOF9mV1dSMWdrUDg5ckZ3eWRwZk5YVFl5dkRBUm9qdGJ5Vkx3?oc=5,dcnewsnow.com,2026-08-01,neutral
DC Metro,Stuffed frogs and more are flying off the shelves at Metro’s pop-up store - The Washington Post,https://news.google.com/rss/articles/CBMiowFBVV95cUxQUjNnYlBwdFM2dEpyRnJHdlpEV0wzcVh0WGVidXpiZnhFVXZPVDEtbVVkRkZuSGEtakRJejJUOUxJMXV0anFKeENTc1BYM0REcHJUdWlhcFVmcC1VSW1LX1NiZUlRVFNadXJ3XzZzSmF3cjZkb1F3MTIzZ3Ntc0xDQ2xHMFM3NnRZdHVzWEJyX01yYk0xVmFxOUhNUUZBaE5Lb2hv?oc=5,The Washington Post,2026-08-01,neutral
DC Metro,Metro’s Red Line returns to normal after water floods control room - WTOP,https://news.google.com/rss/articles/CBMilgFBVV95cUxNMDFOV0pIdFlURVFFbGVXR0pOWDlXWnlVbzRsdk5tZHhQQnRQWm10RXZ4Y25MWHhQa3ZaMFBYTEtuSzA4OWxRUWwxVzBXbk01MGptTnM0RGpRT09uZ0k0dm1aVEVIRm0zOWU3U1YtQU9VRnVIMllRQnMwYkRLam11X2Z5TGFVU1VJdkpYWnN0dFFfLWp5VHc?oc=5,WTOP,2026-08-01,neutral
DC Metro,The hottest T-shirts in DC are from Metro - WTOP,https://news.google.com/rss/articles/CBMifEFVX3lxTE1RbUtBTVpzeUlScWYtZ2JxVTFoZDN5czU4TEhQUG44RmlpVktHUFc3U05WY2kxZVhuOHM2S1J3c2pMOXUyc2RQTWRyTW9KR09Hc2c1SVZpUEhEdy0wV1E5ZWVzSlZpdFg1cHNTUk9YQzlFUHp6ZkNFWWpUSzc?oc=5,WTOP,2026-08-01,neutral
DC Metro,DC Metro rider describes encounter as Patriot Front boarded his train - WTOP,https://news.google.com/rss/articles/CBMimwFBVV95cUxNU3FNRlZYT0k2a2c1WGtiM0c3QUdzRmI3bXpsY0ZGZm94czg2WVVwVllrWHBMQUV5TFpCVVJDQWhZLURFcC1YRWhISDd1dkdxY2h5ZmlFSWNNOVVrZnE0MzFRQkE0UnpEc3lRaS14VUhsS1FwX21oWm1ETEV3R19LX1FRSU9RX2hkTlZyX0tvMUpTeHdJNUNlZnZhRQ?oc=5,WTOP,2026-08-01,neutral
DC Metro,Traveling Without a Car in the District of Columbia - Streets.mn,https://news.google.com/rss/articles/CBMiigFBVV95cUxNclQ4d2dtVl9WMW54MmRCcEM5OVlxR2pXSGQ0TGFZZVhMY0FQR0ZBQVJYekhNeFFfcjJ2SUJha1F5QlZ4Z1AyS1lXQmVPdDZyQXJqUS1ZdVpwZWFSVmJGdEw2bWhfSmtaTGt4ejRWbTVJWjIwSEx4c3NRR19JNFRTQ19WTnQ0TkpQRGc?oc=5,Streets.mn,2026-08-01,neutral
DC Metro,Man in viral 4th of July photo reflects on Metro ride with white supremacist group - dcnewsnow.com,https://news.google.com/rss/articles/CBMi1gFBVV95cUxPYktSWUtjY2g1QThTU2QxSUVxT2thV25ibzNGR1NCQ1RPNWZud3k3bGV6Y1JOU3hycUdVNFc0Wnk2VnRIcllnM1pQVlpEbmJzRl9wYWROaDhYbWx0b0E2MkNsSTlnMlJ6dlFDamZOOUNxUVd4ZmIwTDhPNTZmVjNZYzJxRzRlUTc5WnJ0eUtUbEhXRm9rVlUzbElDTk9zUFdDLWs3bG8zYUpTLUQ1R2dDTVZCQWZMN3ROV0RPQjlwcFdocTltLTdKZHhjNkM2MmFON1pBY3FB0gHbAUFVX3lxTE1YbEV2VjhDVGsyajNkZWpKODhLZGFCQ0ZSemREMkZTMjlGNmVRMlItY1hob1hFUGN2eDFJeW1RZEZ1cG5EaWxJM1JZd0VwdlRGVkpIWTJQUGNlYXJFMHBxeUNtUXNGc1FGbjB1NGRrT25aWDM2T0VwUlFCRHpzMTRMRDh3YXRRaEpjeF81TEZZRE9CYmtQakI4WVNhUFBOeXc1N0plX1hxRlRBc0hKQnRpcEgtMkRWT1JfNkQySXlzZS02OGFyMEJfay1EUUpodnM1eXV2REZvaUI2OA?oc=5,dcnewsnow.com,2026-08-01,neutral
DC Metro,Metro releases renderings of new train platform doors - wusa9.com,https://news.google.com/rss/articles/CBMi4AFBVV95cUxQVTgybV9jNm9jTlMxUnR3TXc3Y2VZT19fWEwyN09jYzdWcUo5ZkFxVk14MHBncVRoa0dFUk9sdFZqaHk2Z2dFZzRUMkFqTm1ld3RVblNfOVBaaHNqRWhpbENINngzSE56blpoeW05S1M1RWt0YktDMTU2MVRUMWJlWlM2Y0ZENmNmdTljVmwzM2FWdWltMmQyX2hiV3dmd3FLWjNxSjAtTzRsbzc5M0pGNTVDN0hVU0NtdFJhRlgxd1B3UkI4V2JmQ2R6b1RFdEhwSGlqNWV1NWQwUDJ1VThVdQ?oc=5,wusa9.com,2026-08-01,neutral
DC Metro,Terminator 2: Judgement Day 35th Anniversary - drafthouse.com,https://news.google.com/rss/articles/CBMitgFBVV95cUxQNnhCUDE4T1pGa2dZRTh0UnlPNHZ2TjFyblp3QW5WWnVWcWIzV2Y2STcyY2M4UEhUY2g5OGNXemtMU01VbExuNklXNUdJbmItQW42Yi1EMnd2Q3ZGSFdXeXg2U3pvUnNpUG5jaUJCV2VrLUJwY2xGcWlWeGRZZi1oZlIzczdkSGdyMi1zdGlvNzNXNEgyTXdQRmUtWHdzd2xIekR6Si1sNWlodVVmXzM5Qi11U0RjQQ?oc=5,drafthouse.com,2026-08-01,neutral
DC Metro,Another Scorcher in Store for the DC Metro - The Well News,https://news.google.com/rss/articles/CBMihgFBVV95cUxNT1FZM09BbTBxcFhEMDlRRTZGcTNjdGxjQ3ZEa1RoX1UtWUxibE9fWHZhZmE4dGtxTGJ1NG5xWDdRQUZyRURMM3dtUDlfbF9tM2JraVNzcHNrQnByX3BhVFlYbTFyRHhTcmlQVlkzZjBHeHplVEhyb1cxcXZBRWRZR1hnNzNuQQ?oc=5,The Well News,2026-08-01,positive
DC Metro,Photo shows white nationalist Patriot Front members riding with Black woman on DC metro - Snopes,https://news.google.com/rss/articles/CBMicEFVX3lxTE8yMndrcEl5QkNPakt3NUJkOTBvd2tfcU0wdEpYQW9RMHRxbUc5eTNQc3Z1VWlXSUxGejB3cThqVDBWcEdIZmo4RzcwVV9SQ1QxdGRwMVBPUnlJU0tVSzhjbEdYQmRWRGxDTDlrbTZsYU8?oc=5,Snopes,2026-08-01,neutral
DC Metro,"More than 200,000 DC Metro riders use shuttle buses as Red Line closure continues - wusa9.com",https://news.google.com/rss/articles/CBMi_wFBVV95cUxNSml5bTE3a1BDdzl4NGFFRnF4QWtDSmFrazdGWFJLb3ljTHRrMTlHZF9ZTFF6RldoNlQ1Z1h0QXE3dzRhN2UyLXg3eUxXeGg2Q283WEw2NHpvZm1JaWVPd0t4QjVyNVRuc3lHSE02Y3J2OW4tTm5veWlyS1NTcGZDa1hxRDNxV2NaZGt3R2JkUl9DSnIyNnN6MmlremtmTGRFRjZhaGhVNkVCMVdiMlVVckwzZGVCN04zV0Z2SUNjdUpucHk3Zkc3WUIzT1pXckI3ODhlYUUzNFRFZDlDM2ZNZlViWm90UFdBb1h3dFJXbGI0eTFRR1RwLUZyTDBxVG8?oc=5,wusa9.com,2026-08-01,neutral
DC Metro,"Metro set ridership records July Fourth, WMATA says - WTOP",https://news.google.com/rss/articles/CBMinAFBVV95cUxNN1ZmcUVtaVgyeFdycEVHa19KMlVwVURnNnc1TjhYVmlOYmo4cTFZU2sxdi1DQzM1VGd1cy1HanZmS3RXMHpnU2FlRmlNRHpYa1gxUWJ0VUZLQTY3dzlqb1M4RVNGSXRxOUlhY3VHd05tS2R2TC16a2xSeTE4eXpMUGJlZ0lKQk0zM0N0OUtJMmllMXFoczk0VkU0TlM?oc=5,WTOP,2026-08-01,neutral
DC Metro,"Severe thunderstorm watch until 10 pm, strong storms set to slam DC area - WJLA",https://news.google.com/rss/articles/CBMi0AFBVV95cUxNdVB3UHBzTDJIMGY4OVpJY21lZTR2TlpSTkJqMjEwcW5GaUU3YmgzZjZZUkdoWXQzTEhFRnQ5WmxvR1JMLVZtZTl4bVRMTFNvekd5VWVfc2hneEhIVWNDS2JUWXctNGE1bnk2U0laZENSanltVnlvRDI2ZjI3QThSa2JGTnJvZ1B5akJ5emRQQWxDTHlzaVBQUUVOWVN3c1ZLOV81UHBKTC16emYyNE1oM3JVNVVKaTQ3cHJDcDc0b0pieV9icmM2NEpkcjZTX1RE?oc=5,WJLA,2026-08-01,negative
DC Metro,"A year into a national guard deployment, DC residents say they live in ‘a city under siege’ | Washington DC - The Guardian",https://news.google.com/rss/articles/CBMikAFBVV95cUxPZTdkdGM2Y3BRR0JTX0ZsaEZhLTRKZEF6RmpSOV91eWFGQVpPMkU1S1cxQlRZbTJqbTBndVBrZUJZdGRkdS1ZczZLMFlIeHo1RW03MEU4ODFnRU90ZmRUQ1lXeU9SQ2dWQjBnQmpadDI4RkNCdVBRdGNqZEdYWnc4TUhfYUY5c3lQeGx5OWdrcTU?oc=5,The Guardian,2026-08-01,neutral
DC Metro,Award-Winning DC Metro Insurance Advisory Opens Its Doors: Capitol Benefits Launches Culture Tours - Brattleboro Reformer,https://news.google.com/rss/articles/CBMiqwJBVV95cUxONnFjRzJLV21oOTlBTXlSXzVsQVBGRTVTTXVabkNmTllaVmNFOFBqcUkwSGRnbnNmQXhYcTBqOXlWc0JINDdtNUNzTnBYanQwZGJQaUw1Mm5ZR2p0Z0VncTN6M2IxcjdxbWluVGpVQTBndXctY0MyRjBMZlhCUFRNbkNKZG5qV3JELW9qWmNfTVRjeTdqdk5BTndGdjdySlFTQTVfTndUOWM2Y29YMzBZX0NkZ25KbVk0NEtTT3dQSUtYR1J0UkhRSl9fSGx6STVVc2RsYzhvSDdyNDlJQWRvMjRpX0Nqc2pTb18yelRDUVZTdFZrcVVhQkUxOWxQTU01VHJXVF9VV3lLc0htejlXdTVpNGtDSVlsOGc5N2piU3V3RGRuT1c3OW1aYw?oc=5,Brattleboro Reformer,2026-08-01,positive
DC Metro,"Cities With the Most Expensive Homes in the Washington, D.C. Metro Area - Stacker",https://news.google.com/rss/articles/CBMinAFBVV95cUxPcTBTTzVWUF9NZmxQWlVuM3VGcnhrQjBoUklYa1RnZS1LbTdHekxqbDkyWDJXM3dJWWc5X2hnT1FMOTNlRzdKN2VXQUp5UUZqZGpjTG1yZTVPYUhTLTJQWWR1d2xMR0dqRjdlcFA2d25rZThRZmIwa01JNWxjVXpQbzFxa25XdUE1TWtqYno3WXNZdy1XLV9oYklTR0c?oc=5,Stacker,2026-08-01,neutral
DC Metro,LaunchPad Home Group Acquires Top to Bottom Services to Expand D.C. Metro Presence - citybiz,https://news.google.com/rss/articles/CBMivAFBVV95cUxQTHFVUzdvREw0R0ZVUVVDRGY5SHNqMER6MEFhV3ItdHFNbV9WeUpKWkxDWnhNY1NIakJsWTNrWFFzdGRLcUhjcU1aUXM0b2l6OFA0VjIzMzlScy1zNkFJekZRNnJTa3d6STVZd3B6VS04Nk9lNE5MeFZ1dUstWFEyTHZsSWlabGo5N0tCdmI1dTk3cmdmYzNLVW9vRzZYR28yNFA4cHhxS0Y3WnIxY29OZHk2YjFQb2xJQmhGVw?oc=5,citybiz,2026-08-01,positive
DC Metro,Red line shutdown begins Monday between North Bethesda and Friendship Heights - FOX 5 DC,https://news.google.com/rss/articles/CBMiowFBVV95cUxNZVUtT29hdnBoNzU0ODRBbi1HS2drSm92clRqaXc3ZWlBTEZ2ZTVGUTlxNllrRW4ydThfM0lldW1zV0QwTWZpVTFuMDY5dTZhbXVBYkpMLU1ZQVowQy1JZnVFNUtlQkR0Y2xFcXlqdm1wbi1BV28zeVlMUnV2MmFDczZtenk0c3NhVVQ5LWtpcHR2RGZYV05QVFlvNUU2QzkxYmpB0gGoAUFVX3lxTFBrZ1F6NVdfOWxHd3IxaFl6TU4xOTI4VWczVUlkX21ic252d2I3Yk1mNXJncFM2NnJaOV9USnhjT0E0RFg4TU1kRk5VYUQycXM2Y2hYTGlpRHItZjdnUm13MG1aeGkxMmcwQ3NvZHRSOVdhWDJuNGxHOWo3NGktNFQ2QTRxYVFHSTJBR2FHMFFoQ2hUdXFBNVE0bWZWQ1VlM1VmczFCaldOOA?oc=5,FOX 5 DC,2026-08-01,positive
DC Metro,Photos Of Black Passengers Surrounded By White Supremacists On D.C. Metro Go Viral - Yahoo,https://news.google.com/rss/articles/CBMiogFBVV95cUxPcTFPUFhQaWg5M0E1Z3I5QWJ5eDJiR0hYRVZfZFdxR3dzMmZFTjhlcExfTGdsZ2JOYWlOSmcxZ0ZRX0dKb3RLd0lRS1haS1JBVnV0M2VlS3oxazVFTEt1UDhpTEVCMHhTc2gyRi1HT21WZ1k0T3RkRWRIcjJlYUh4WHdoVjdrYTY2RXN3MGVXS24wNTJZM2hGOFpSNDB5SkowYnc?oc=5,Yahoo,2026-08-01,negative
DC Metro,"Mixed Signals: A Housing Update for the Washington, D.C., Metro Area - Federal Reserve Bank of Richmond",https://news.google.com/rss/articles/CBMi0AFBVV95cUxOaWNFTTJsQWdWZFNjN3V3QlZDVFNZMy1YZEV3LV9YXzlQeDE4WFBsNTliWjVWd2M1dW1xTUtfYTRGSGRCMEhJa0c1a0ViN0x5SkxTUGxOajE2cXVEaDQyTEpOY3F5S21Fd0QyRkNlaFdsd2FPcjRSbEN6MnloVzJwbXczb285b09vdjU2clVpUGRUcVlSd2J4aFlBUkRwdnFBb2tvS0lJOVJWdWZESjhWR3JROXFTOUd4RlJoUm44XzFkTTJpYkNtS203cDZrMi1Q?oc=5,Federal Reserve Bank of Richmond,2026-08-01,neutral
DC Metro,What the viral image of a Black woman surrounded by white nationalists on the DC metro says about America today - CNN,https://news.google.com/rss/articles/CBMimwFBVV95cUxOeS10ZnQycTFWX3dZSURVUW1UeWxtOFdMdDZacmZ2QzRJeEZPalFFa3V0ZjhoODVzdTdWOXBpbE9mclZpV3JoMG1kbENCXzRTVm12NWx4X3M5Y2xtSGVOT0ZRSVRVM2RaemtnUWd3SGFkME11cl9xNHkzRDcyUmk5ejJ5NVNkQmNWWTA3b3FaV2JZNjJVNkJTS1A4QQ?oc=5,CNN,2026-08-01,neutral
DC Metro,"DC, Metro have three weeks to finalize agreement for stadium deal - NBC4 Washington",https://news.google.com/rss/articles/CBMitAFBVV95cUxOUUhMY2xUVnBUTWxJWmFZejJ2STNIOXByZkVVWk9hSkxIeDNoSWtVU3J1WWdNYUh0RkUxLUtFNHRERm44bjlyTjZ6WkpoblV4ZHJlZi1mRFZkMUs5Ui1NY25mRnVQUUpLNmNpVmNWaXluNUxYb3pubEtRRDN1NVBuWlM3TmJrN0lGd0I0bm1vZEk5WnExRUhrTEQtdFNKM0ZEUmZkSVRweTNHTmpDZG1IRFJpVnHSAbwBQVVfeXFMTk5ZaVdlZjllSmFmTE5MbkY5Ym1QRzVyb1RXVUJ5VHhHTlNvd0VCcmdxUnRtQUlNQ2hLSDEyWnh4VXpyOXg4alozTV9PMnJYdl92SGt0M1VxTENQcjFyME5TM3Y4dFpwTC1IX2c0ei1Wd0huTFFuTDg5UTA5S2xPeHBNY2RIUG9qWW1KVlFaZFpneDYwZzVQb1hRb1FiYVNZSnlQb0RJWmNMLUxqT0R6SHdnRmZZTWlTa3FqTnU?oc=5,NBC4 Washington,2026-08-01,positive
DC Metro,Metro tweaks strategy to manage Red Line crowds during shutdown - WTOP,https://news.google.com/rss/articles/CBMirgFBVV95cUxQc3ItRU9QRDY1V3FTS2FnLVRhWGxmUjhrRWIwRk9RU0R6aHN4Q0oteTBfU1FaSDRtM3loZlAzR2ZaZ3pCbENSNnBMaXpxOUlFaWkyN2Nab2RPUHpQalRKUjZDRUUxRDFUaF9xbFdmSktvQVJ3a0FxWjRkOGJfSzdfTzZ3VzVLSDhaV0dYNWxxQ2dmTW5RM3Y4eEYyb2xiamJ3ekJUNkNTbWtjcUVmUVE?oc=5,WTOP,2026-08-01,neutral
DC Metro,"How Metro’s summer Red Line shutdown will affect commuters on Rockville Pike, Wisconsin Avenue - WTOP",https://news.google.com/rss/articles/CBMi0gFBVV95cUxNYVhqelBNaHNfSDZkT3F0ZGI0R2tia1Z5R1VHeFJpbE94aHBQdGVtc21QQVo4WHFCQ0FEck53Tk9MUTRhTEFwbU1MVTVBX2ZiZEV4Sm1GM0U1OWdKaHRQN1h1Snd3U0w1RGU0RG9GelBQVGxCZnBGN1ZBWWxjNFh1cDcyOWxsdDdSaEQzdkQ5T2dyQUhEdmlXQkQyZThXZjBESHZHY1dPZkR1TkdDYWhCVUx2UXJqamx5Zm14aFh1OEE2RVVPdEtTY0RuMGY3aG41bFE?oc=5,WTOP,2026-08-01,neutral
DC Metro,Metro to change Friendship Heights shuttle boarding locations - dcnewsnow.com,https://news.google.com/rss/articles/CBMiugFBVV95cUxOWF9qdXI3Z01zTFpIclBOYlVyYzVndS1JSWNscjB0Mm8wOVhMUFd2Qmg2U2JjenJoYk9UVFZwUFU3bk9ybFM0cTlFS05FMDJKaGlPQmFhY01ldXdjT3g3S1dhUGhpV0s4SExyVUU5WUJXRl9oMDNTQTZzWTRoR0NSam4wVW1Xb3NlMHZZTm54WE00WXpLNkg3LVlvQ09iRll5VG4teFUxWEJDNFNLMGxwRWF6V1J4NlVsZnfSAb8BQVVfeXFMTXgwcEdsLTE0TGJkVTVYcXZfZFpNWnhySmxvMTgxakVyVHRXc0p2emN4QXA2TF9tQzR2OHdYbGxZWVNPdGVldlpGTlZqU19odE82M0oySy1kOHlNMmYzNWZjQl9yQ2hzLVZ0MUEzeFZYYVU3SmswclUzYW1WTFFGV0J3TWdFbkpraFJhcFJycjc4LTk3TEdTd0c0VjdCc0tFQmlSUVpMeFM5eXB5SnhpOUc4d2cxUlR4ZmtmUlRfcU0?oc=5,dcnewsnow.com,2026-08-01,positive
DC Metro,Metro’s Red Line partially shuts down for summer work - WTOP,https://news.google.com/rss/articles/CBMinwFBVV95cUxOcDA4ZXBzVEVxNE54QzllQjNzZFpDblI2T2JWZWdoa0lELVp0MFFONDZOVjFHcWdBR2EyYi1MTHJpRWVpa1VtZmhsY0dHY01QTWRVR1lEQjRYNVBWQXNsb3U1azVHUE9BX3lyTml1c0J0SFRsM0tnVlZEdU4tTF9HdHpYWUdlTVBBOGhCY09MVTVING5Ca0NJNVJxdWMzY0U?oc=5,WTOP,2026-08-01,neutral
DC Metro,DC Metro Red Line closure is underway: What riders need to know before the two-month shutdown - Secret DC,https://news.google.com/rss/articles/CBMiW0FVX3lxTFBhbXhYS0x4NXVZaFlENUZrVnM4cUdxNmtFbEtscHZoUmpLQWZjeFJndDJKNmthVjdGNzVMbGdzUUVnaXhiTDllWE1ZQmZ2aUxtQk1ZdE0wamQxT2s?oc=5,Secret DC,2026-08-01,neutral
DC Metro,Bellabliss Med Spa Celebrates Second Year and Service Expansion in DC Metro Area - EIN News,https://news.google.com/rss/articles/CBMivwFBVV95cUxQX3lQUFkyUjFpSTBEcUxOMlFDY3I2aTU0VzA1LXd5ZWVvQVo3WjBsRzlCb3ZDZll1ZVFSVnZfcVp5R2lGdm5Ud25Fa3NvemthTTRJTDJuTy1oMzFsTHpfdTY4ZFRaZWpOQ0F4ZjU1aXFkdEJrQi1nVVBuMUpKZ1hob1VfN3MtWEZQZUFvQV9scVF6a1NvZUpLVHhiSEt6Q1JxUGpyV3RjNTVic2hzT3RycnBNbURHcnFnMnk0NVV4WQ?oc=5,EIN News,2026-08-01,positive
DC Metro,D.C. Metro victim: I said goodbye to my family - DelmarvaNow.com,https://news.google.com/rss/articles/CBMiXkFVX3lxTFBlV1hvOVk3M3VYNzZUWFF3QWl6Z3ktZ3lmY3BZODl5V2JZbEtBWmhidUU3bGRTa0xlZl8yRmlrdDJWQ28xc1NCT2tkdTQ0eTcteWVTRlhxVXVPZkdWVlE?oc=5,DelmarvaNow.com,2026-08-01,negative
DC Metro,Gay man in viral DC Metro photo was ‘terrified’ surrounded by masked white nationalists - PinkNews,https://news.google.com/rss/articles/CBMijAFBVV95cUxORGJpT013N0RuMmJGbk83M2xobHpKbkk3SmVmU1pPRmJmQWVfQ0JqSDktc2NrMUlsSjA1YkoyV1Rhd2JJb2JxTHBVYlJJV29pcWQ0TUNwMUJwNlRVU0xxWkpUM0NZQ3BOOW9lYjJoMXlmWUs5bWJMMUJXNi1lWEtQcnh3b1k2VTVpOGFwRQ?oc=5,PinkNews,2026-08-01,neutral
DC Metro,Target: Crime | Keeping DC’s Metro system safe - dcnewsnow.com,https://news.google.com/rss/articles/CBMiigFBVV95cUxNUW91U2g0QThMclR0dWcxZEpzYlp1TEJxMTliRXUzN1B1Vkc5cWI3LVpNVDFCbFVreVdqcTVBa3R5d0VBZExIS0tSc2d5Q1lEMWR4T0VkVnNOMVVrNm5DTEpxYzMtc3NncXhCWFFpRmJZN3g5aE5kTV9qWGZmblVnTTc3aVE4UUJla1HSAY8BQVVfeXFMTXEzazRMSjNXdVlxcnNXYTZIMEVMUGVJVXpLYzdEZkNzVV92R0xQU0FOV3UyNlNmWWtLVnpqZlBKR29icGwzY2FHeEQ3dHN5eTJwRWdjZXB5ZU9ycGVhcFlwMTNITF9hZl9LcUpydGtlNzNkRnNCNGcyRjhGMHREMmFnQWMwSkJuOVBtT3ZQMFk?oc=5,dcnewsnow.com,2026-08-01,negative
DC Metro,DASH breaks ground on DC metro region’s first en-route electric bus chargers - Charged EVs,https://news.google.com/rss/articles/CBMirAFBVV95cUxOOV9nSXFYNVc3Vm1XZGZwNU5LVTd0eWhhckI4VkljaTdmQnBTWGZXN0VZOHFTeVAzMW1IOTdTQXM5bnlNUl93TWVjZVJUSnhwT0t6NGRTend0MnRfT01JZ3Q1S3N5STBDcUlMYTQ2cGpnYVZTNHROV3V5VnlPUWJQZTZlT2tKNmNxSnl6WUZIeFdjVnhydGc0MTgxREZVS1ZIdGFUUXdtZUVJS2tq?oc=5,Charged EVs,2026-08-01,negative
DC Metro,Most Metro Fare Evasion Cases in D.C. Are Thrown Out - News of the United States - NOTUS,https://news.google.com/rss/articles/CBMiXkFVX3lxTE9NcENhOWNRdGdldFBNTVc1SV83SUdYQVhTNWJWOUItYWpKX3VKTVJMeVpaSl9JOC1WSTljR0ZqYml1eHllSFYtR2h2NHF3MjNaQnVBUUVaQmkxUlZ4cUE?oc=5,News of the United States - NOTUS,2026-08-01,positive
DC Metro,Hundreds of masked white nationalists march in Washington on Fourth of July | Washington DC - The Guardian,https://news.google.com/rss/articles/CBMikAFBVV95cUxPUEU0VlRKX2txMFdfNFV1dVlEcVYtUTd2b0xQNFJVRzRIb2ZfMlJwWnd3a21ybzNpR0VqQVdTbU1rOVF2LTZ2VXhJekZNbUZySEZqMHNSMzl1eG1FcFFDQWlTYks3N2ZxWUl4dWNWR0FDM3h6dHdHRXhjemxEeklBSDVPT0hoTlZPT0hfREwza20?oc=5,The Guardian,2026-08-01,neutral
MBTA,"Red Line delayed by smoke, signal problems after MBTA touts ""successful"" 10-day shutdown for repair work - CBS News",https://news.google.com/rss/articles/CBMidEFVX3lxTE1DcmNkdF9UQ2ZYRTJ3djlqNXAxWGlrc1FuRi1FeVhGSVpBbjE1N3hKcEJMTmpfZ2VadHFIeHE0Q0N3eVZoS1ctdW1vRC1sLVVnQ2trU180UHAzV2VXRGhjR0hzSzFsWUlfOVFLZG5qeFNWUlly?oc=5,CBS News,2026-08-01,neutral
MBTA,"Woman injured on same MBTA escalator as deadly incident, but stop button used - NBC Boston",https://news.google.com/rss/articles/CBMikAFBVV95cUxOaU9JMnQtSVdwTUo5MDdyeU9NTnZiSGlha2NpY1lMbUVjeWh4eXU5eG1pN2J6TnJUNUJkdHpNT2NSOUhQLWN1akpESHFhYVBDYXhKbU9nZmVaLTd0QW94bkRjOFpneFpvT1pqY2VsbUNpcE5fQTRjTW04NVpxN0JkbDc2Sy1Wa1Q2RlB5VzBHLWrSAZgBQVVfeXFMUEplM0xVRGFHXzN2UkZfVlZjckdFX0FhZU9JNW1UeU9CYkxUSHZpX09wa2ZFRFFEV3RMZC1vU09oZy05MWg1dXZZNVMxR2NETUs4SjVQSnJtTkVOaFoxOWI3VjRhSndqYVA5SjhFaTVLa2lqdEJxU0dBMGxwd19MMDZFckhUek1FRGZNeG02RjRkQnI0bHpYa2s?oc=5,NBC Boston,2026-08-01,negative
MBTA,Rider injured after clothing gets caught in MBTA escalator - WCVB,https://news.google.com/rss/articles/CBMijwFBVV95cUxOSVZEaVc0RnNmeVNSc0ktRUJKMHRoaEY4Ukw1NFdrUDFqdkhDSVI0VlRBUDBVMTItakVUbjl3WGtTcVA3TFowQm5ua0lQeGZfdUlQTnZCbFhoaEV2WXowREVQQTlJU3JzaEZNMElWTEF6UVlXdGdtdHhkTEVKaXUzSHBPaEVCVnhPLTk0Z1BGSQ?oc=5,WCVB,2026-08-01,negative
MBTA,Woman Injured on Same Boston-Area Escalator Involved in Man’s Death Five Months Prior - People.com,https://news.google.com/rss/articles/CBMipAFBVV95cUxQME1YWFpONm5jWHI3aVNFUEl6VVlITWRQeHNQV25vaDlKdGQ3bndiRFV2am4xUW94QXAwalpBUldvejR5RS1VZEtjVzJNa2xPWnFfYzR5X0U1alVybldueXptN0Z5Q280Y2xHNllyd3BXbVJTTjd5Ui1YNE9rWVlEZ0dtOWp4RDJHT3JkZ1UxNEhlMC1yRW43X1VrYTFFOEVVRGt3Sw?oc=5,People.com,2026-08-01,negative
MBTA,"Transit Briefs: MBTA, SEPTA, TransLink - Railway Age",https://news.google.com/rss/articles/CBMifkFVX3lxTE5QeTRseXMyWFR5WG9YWG9oaEdwYTdiMGdxdjJWNWh3RXBFc1VteldLWjNlcGxhYXVTRVFUeUp3T1dVRjc0M18zUVhHNnRjTXEtMl9qajQ3ZElkSTVUQ25ZQnE4bkY5MHdFTXRZX3ktclBJLUphMkNBRy1vak9OQQ?oc=5,Railway Age,2026-08-01,neutral
MBTA,What to know about the Green Line shutdowns planned for August - Boston.com,https://news.google.com/rss/articles/CBMiigFBVV95cUxNSWZnNTJpTjZ1a0tZZk9mb1pieE1kNDNXU1U5SERySDZSQ0hqU1hSUFotU3JIbEgxMDhtM3M2RFdreTJPdjl6VFJtRUVHMVY4cXBGcWNKMG9GdlFiT04yNFFLLW5JYWlzRTEwT2xaaEVQUE5BeGdfTGlrdXNtTW1heXhhbGc2SXZGalE?oc=5,Boston.com,2026-08-01,neutral
MBTA,MBTA heat delays: How rail temperature sensors help prevent safety risks - Boston 25 News,https://news.google.com/rss/articles/CBMi1gFBVV95cUxNdVIwOXlUTlAtLWZpZ2NTM1dsQzZkWmVMM2tEa3FOTmx3ekczcjVhdUVMc29JTHFWMGVqTEVGRkpKdGdxMUhXWXF1aVlyQkI1R3haY1dkRVJ2QUR3cmUtNVMwbWkxbVhSZjVmRGwwM1NEUjNhMkQtMGo3Q3dfU1N3Y0trd2JfT20tRmE4QV9qTkY0eXRGRXNNQ3ZraVN5Y1lramtOTUcxQ1daaGk4SHg2VzZSOEZfMGk4UFozdWdDTjQ2ZmoxeW5EVTJpT09HNWZ1NXRfTjl30gHqAUFVX3lxTE5Za1k3U19xN19MRURrQ3BMSm9XYjhMWmpmNlRpb3lFSnExMnFsZEJnSUZ4U0ZIcHEwRjNHNllZMDNLcGljQzBHeWFXVk1BU29UWS0tak5qTE1uWnB1NGNPbWJjY1ZiNk1aY0kzb1lvckZzSkpoYnRqX2syb3p0N0U2RVZWVVg0cGNPRVV2NzFCZ0dmakYySTludnlmNkUyMkxzX1RJd0h3WnRuSWhLRHM5bEN0RDl0N1EwZ3UzQ3R3YzUxWEtwdmpDU1JQbUpqVzBxaWttVnVXUU1rV09FTkV4S0hUalJjQnVTQQ?oc=5,Boston 25 News,2026-08-01,positive
MBTA,‘Scary moment': Witness describes meeting man accused of bringing explosives on train - NBC Boston,https://news.google.com/rss/articles/CBMixwFBVV95cUxQamJJcXRJdUtoOUxxdlg2encxekNfUWcyVk5RWXZ5Rl9GeFppS2pkMkR5UjZZRXBSTmJGRFhEeEdEWU9TMW1DOHBqWTREdW9nSU1xV2JieTNqT1BMZ2dmUkhjVlRibDBzUmowQThRQU9vM1B3cThFc0g0cG9pdHp5dVlmLVN4bHVvQVJ0U3VMWWRQTzE5WC1uNmVRS08xOGNRdk1PZzBPQ1lnc1haTzF2VXlBdDM1ZlVQbDVfY2pQUV8zTFJIeWdB0gHPAUFVX3lxTE5VR1labUpjR2hjMXVpYjdhWHJqak81eTNTakdGY1k4MGo0aTBFSEpZZVk5cGlLcEFkY2g5UFZJYnRPNmtZVzdWcmFKOVYyajJzWUhYa2NkMmtPZDB5ZWRHSmxDYl9IalJCN1piN2JUbktfR3VXVnktOThqOU0yTjVvTG9nU2p3aW9DeG9QanJGTElTRGJKQVpXOElqUjBXbnpDci1WdmJrVUNCYS1TWEw3ZGFMTVNVMnBsdk1DQ2xQM0xFbF9LQXlhM0lxYnY4RQ?oc=5,NBC Boston,2026-08-01,negative
MBTA,How did a man die after getting caught in an MBTA escalator? - NBC Boston,https://news.google.com/rss/articles/CBMilAFBVV95cUxPNmVpYlNpVkNSbHlSNlZUWlhobTNCemdHQS14MlRTQ3VmbHNEdnNFSHVoT2hHeWlMTC1renhyVGlrdGxaWmRaUWptWDNwWXdPamVuUEM1YUc2VV9jLXNQeHlESG1vVl9vTDd0dHpFdG4xOEZKM19MQVAyUmRRYmRpck1uQzBQU1RlczN4QjdNSjBSWEpj0gGcAUFVX3lxTE9oR1FvM210THNmaG1nM0c0eHlTdEVyc3ZzaEJnNDlMd2xjeWFpd1ZEV094d2RiZm1HeW1WdVpLd19JeHpCTzMtNnR1S2lwREZrZDhkbEtZamFndjByMk5aS3QzdTNIVEw5WXVzSHQzR0RyUWxseHBEeF82eUptUlJDbDJFQ3JwdUdTbGlLS0dURVJVQVVFTTloMmhKVA?oc=5,NBC Boston,2026-08-01,negative
MBTA,Person injured on escalator at Davis Square MBTA station - The Boston Globe,https://news.google.com/rss/articles/CBMiowFBVV95cUxNUk9QRmwxcG9PcHRuRk10YXNZV1A0NGFyZEtFNHIwc25RZTlQWDc1Tmc5SDNTcDcxb1NsV1VNZy14ZlBTR3BXSUhaS3YtR0RmaFEyZjlWcU9SUklPRG1jRWxLVEwwbUZUQWZZSXJGOGVNR3BpenJ1ZXZDbWtWZlliREFBYXlvXzd2SkQtUEUwZEd1bG9JTE9Gdzg3TUJyRkU4a0VV?oc=5,The Boston Globe,2026-08-01,negative
MBTA,Commuter Rail Included as Healey Offers Grab Bag of MBTA Goodies - Franklin Observer,https://news.google.com/rss/articles/CBMivAFBVV95cUxOcmtsaWstYkZlazhONU9Lb3ZhMXp0NUZpTlBET0FCaEFlVjdtdnk2Sk9QdGdOWnJpVjBpWncydVJSeGhTczhPQm5vMkFjeTRTUWRoN19wLUM4aVU2S3hDb2o0MGhnQV9RRTVJOHVfWkg1b2ozenVaYk5SaWM2TTZnYjNzeUU0RnFfQkQ1WHBPVFo1SzJZdEVuM1lNWVlKeGxuOXNwNU9IY3lpTnd3N05jUXkyb0R4bVVHT19YZA?oc=5,Franklin Observer,2026-08-01,neutral
MBTA,The MBTA is rolling out 3 new fare discounts — and extending half-off commuter rail passes — this fall - WBUR,https://news.google.com/rss/articles/CBMikAFBVV95cUxQRDBpblRxYnp4V1VRZ0FIeVQ5UFdELWdid2RXcjhQOFhlRUFUYlBNQlFQZkZXYXFjXzhLN2xrNV9LaWVpWTNtd0dROXVCaDZkX2VtV3hZSGlwNVZyVFEweC1oSjZqWC1EN3Fxa0YtNzZ6M0lpR2RCZzdHSDFMd1k4V2ljLVctRjdNTU9NT0RRWnI?oc=5,WBUR,2026-08-01,neutral
MBTA,July 30 was last day for scheduled Red Line shutdown - Your Arlington,https://news.google.com/rss/articles/CBMibkFVX3lxTE95X2d5bHFNZzZHb2hOalo4THBxOXR0cVU1VDF3ak5EcElERzRCNWlORTJwVDRCelRzZy1takNiVkRYNWM0bUhQNXZQTGU4dDFTYnlHUG5KS3hqanJPdXNzczlrRTlwTVAwcjVid1N3?oc=5,Your Arlington,2026-08-01,neutral
MBTA,MBTA Green Line B Branch Service to Be Suspended Twice in August - Boston University,https://news.google.com/rss/articles/CBMif0FVX3lxTE9adk1OXzBEdGJyVTc0ZkwwVDJjWFNqQkxTVzZ5Wl8xRFJVR01sN2hJbjdwWXhzcUprbVRRcU1EQ2lEMHZMbnNrWW82VzFzT0p2ZTluVHpRa0hFNTM2b1dhbVdwU1FMbFRnczN0dWhfWlZzMWtpX3A2VXd4NENYbFk?oc=5,Boston University,2026-08-01,negative
MBTA,"Person hit, killed by train at Attleboro MBTA station - WPRI.com",https://news.google.com/rss/articles/CBMinwFBVV95cUxOckJ5S1FPZTlZVFNvSFFNMy1KUUhKX0hiaDdobERqNkhfWTZRVmpZM0pCby1Pc1pZeE92QmpyUDRNRDk3NUZCQnZId042blRRUlpaX2loYzhJUVpuTVFleGh1bEVIeDU3Zmhwend3bF9LQ2ZleUhRU1Zjb1JmMHNmZXh0V1JIYjJDeEVUWEdTdXp5R0IwcVZ1dGhTMG5NZFXSAaQBQVVfeXFMTnhrTDB0RlBubFl3dTJVUHhlemtTMHM3TVRpZjZkS1V3cnpOdDZqU3JzNW8tU2ozNDJJbG9BUkhGdDdZWXVuclBxUkdFZTUzNEJUNjFmZnBwbTlxWTV4akYxemI1Vy1WN2lSVHFEWUlycE1lTUNTYjNxdGxPRE1WTlZlZU8xaV9kb0ZjT0ZEdVFLSWxGNDlRVzVybzFmSHh5bWZzS18?oc=5,WPRI.com,2026-08-01,negative
MBTA,"MBTA extends commuter rail discounts into the fall, lowers some bus and subway costs - WGBH",https://news.google.com/rss/articles/CBMixAFBVV95cUxNQU1BSDVhOVNVRFRmc1IxTC1Ncmd6YU0yN0Rpc3YzTVJacWtucDBIajVrWkQwNmFsb2dVNl9vT2dWVllacW80czdUbmJzTFlSSnJVam9OWWtjYnhZWE9MVFFhdVo5b2R3R181WDRTZkExNjV5cTBvWkhnZnNtaUdEVUJGWENuOE1ocGtLcDBYMjdnOXVSbVlmbVN5VjNhVm9EZC1nYmFuYzVhMTdHUXpXbmdBQUFkbEQtbW1BWmhQOWdVbVNr?oc=5,WGBH,2026-08-01,neutral
MBTA,The MBTA says it relies on a recently modernized system of sensors and updated temperature readings to keep service on track and customers safe. - facebook.com,https://news.google.com/rss/articles/CBMi2wFBVV95cUxQaEFuNm52bV9yUGRCSTZ5VldPS19ldWp6WjhqU3pnRW8xVnhGZEZVZV9CNHc0ZmpqeVhBa25RQ3QzcTRXVDJFUjR6YmdvcDdabW9fbWd2QWE0YUdvcTRlVW5nZEVhWHM2WjRsdTVEUS1TUFFjNDlNMTYxZEhwNW9NSS1oSDgtSmo2UTJ2eTNRTjZwWTcwN0RNQ2taRnR4RjBSUlVmRmxqSVU1c3FLT2t5dG5iQV9yNXV5N0otbkI0RzJSRFdUakE2MkdjS3JnMWU4VzBSaGtxMmRNRDg?oc=5,facebook.com,2026-08-01,positive
MBTA,MBTA extends commuter rail discounts and lowers express bus fare to keep passengers riding into the fall - Planetizen,https://news.google.com/rss/articles/CBMitwFBVV95cUxPWEJvRjFCOG44ZWZUOFFNZ2ZXeXlhczAtYnhrLWEwcVpqTXdaQjFWWGxqLW1qTHRuQlBVLVdqanVwS1VhblRxU09lWVBZVmpuSDVpRm5RaEhkQlFpRzFtRVJObkR6WWI4RnQyYy1wbERnVTZVUExrLWhqUVVmdDRxWlhBdW1seFlIaTZXY2JWdGJxNlIyOWFxazRLMlVUajd3ZTFfOHRKU2FXem5RMTBUWDNqd1hKNnc?oc=5,Planetizen,2026-08-01,neutral
MBTA,"Brockton teen critically hurt at Montello car meetup, driver charged - Enterprise News",https://news.google.com/rss/articles/CBMi0gFBVV95cUxPR1d0V2UwRi1abTNhSE1KMVRxMXQzWHUwVFZIRjI1QkJNTnhUWlBKalloa2o1RG93dnVpeFJiZjNXMnotRll4dklfbVZwTXY3NGZtMHdXZVB4d0E5WFdYNjZ5X29peFNwYTZ1aVBxRFNwX0Nzc0FKS3ZZVlkySW5OUWNtWDVFV2dhU2JWUVlfU2xsWS1rX0tOcF96ZTVZTE1IQWhOLWVrYlVZbWlrWjB0WS1pM0oxa29RVWNycDV4bkY3ZXVxaV8tUC1Rb2t6N0cxVmc?oc=5,Enterprise News,2026-08-01,negative
MBTA,MBTA weighs options to improve Medford access - The Somerville Times,https://news.google.com/rss/articles/CBMiX0FVX3lxTE1TMUVhT1NLdXpLTHBwcmdtcklIVVpkWHNub2lwU0JEY2tlYWZHZ1JzU3dMQ2VCSVgtOHljNENXU2VUbU13Zi1kS3BFOUJraXFiOXh5dHVUVTVpN2dCNzZv?oc=5,The Somerville Times,2026-08-01,positive
MBTA,"MBTA extends two commuter rail discounts into the fall, lowers some bus and subway costs - CBS News",https://news.google.com/rss/articles/CBMiggFBVV95cUxPUVEzLUFNWlNwTnVQU2JuNWtJSFRZM2ZGMFZBLWVSdW13cEkzTHlXQnI1QnZOU2Zyc043WnhfOTVwR0VWMFRSRlRERlF4QXBhSGVBY05OTEtlYWhkb2syYm9QNjBLRzhqY28wYXdGWEY3WDVOLU5kTkFFRkFLQm5EQmZ3?oc=5,CBS News,2026-08-01,neutral
MBTA,New MBTA pilot programs aim to cut costs for riders this fall - WCVB,https://news.google.com/rss/articles/CBMioAFBVV95cUxNS0tkRERjWEJmbGY1a1ZTUzVKOERacEJXVjFUQk5IMzFkcTd1cWZsNWVQaEY4anZuS2U0VVV6SWswNENFR09zWmhQNFFXNnNvQnZEYmltdnd1cjRUVFFSLVA4ZTlfNDJGelgza0NLS1NXLWhkbnlZbUZBOWo4SnlYS0hqVGJjVlpid3llTlNrbWFBYkFfenpzVHNlT2ptelRB?oc=5,WCVB,2026-08-01,negative
MBTA,Person fatally struck by Amtrak train closes all tracks in Attleborough - NBC Boston,https://news.google.com/rss/articles/CBMikAFBVV95cUxQRE1lVkgyMGlzSW5rVzJlckdqMFNYV3NmcUFMbi14dXdERkNmRlh0SEc0UV9oR2lRUjBTemY5LXQ4b3Q2MzZxaVB6S25kNHNrOTZrZlltUGQya0ZwRzZJUkUwUDZmY2hkcjZWLW44Y2Vvalp0WFh4aXV5MWFaajlWcFpkOERVNVpiZy1mWHBuc3PSAZgBQVVfeXFMTkFIX1lkTDNtVTVLZDlYbDl6QWRLN241dDFSSldQX0t5R3dFWjY2WW53Y2s3R3U4ems3aVlDMDRVZHFjSkpycnJQWE9BZEozZTBzT0hTaHZRZ3VtdDZsTE1RWml0UFpidlhQejl0OWdwR1NSeFNRa1Y1TW9nemg2WUoweGVEVDR2Nk5JQjMxV0JWZ2Y5WmNYZXE?oc=5,NBC Boston,2026-08-01,negative
MBTA,"MBTA announces continuation of summer and new savings for Commuter Rail, subway, buses - Boston Herald",https://news.google.com/rss/articles/CBMiwwFBVV95cUxQeWM3UHg3eWliWHNhQU1Jdk16NVhDWjljMHBlQzYyRWJ5VV9sWVZMY24yV0xpc2ZobHh0bGVPTnQ2bnpoVXNQbDZ5NmdKWUFlak5Rb3l6dHl5V1VDNEV3ZUlSNjhWSXJXNzdBVER6bF9FWWVZYWllN1JvOHdWd2h4c0VOVDJWT20xSEtkeFBfV25BdVQ4ZFVDdGxScE5iSmJZeURqcTZxVEdHM3hJRmtNWjg5VHRtN3d6RW0zMGRfclROWjg?oc=5,Boston Herald,2026-08-01,neutral
MBTA,MBTA Hosts Open House for Proposed Bus Route Changes Affecting Medford - rock929rocks.com,https://news.google.com/rss/articles/CBMiqwFBVV95cUxQV3hUVzdpZk5DRUh5NmhFWS03Nk1HR2EtZkZhM0QwaWtCQVY1QzlOd1FuSnM0RG41UnFQWDdnTWNyZV9pTmRZTEltRVMwUUJEcUg4MG1IbV9ILTdnV01fb3FyeEdwMG9DZy1GdVVwZFFqUnVtMlo2eGYxcHdfMVNiMXlUTEdLTklJcmUwelJYclVQY1NTY0d1THRlem5Mblp6VmlueHpTSjk3WE0?oc=5,rock929rocks.com,2026-08-01,neutral
MBTA,‘A lifeline’: Why changes to an MBTA bus route are so important for this Boston neighborhood - MassLive,https://news.google.com/rss/articles/CBMizwFBVV95cUxNd3RIWTFQdXpJeEFVRXFVT1phQzN5UVFBeFNrTzBIZmNQU1FheHZfMDVhMDZ0QnFaV2dPMUI3eXdRU0Z2TGhFYl9ILTYyUnM5RmhzczFYaHZvT0R6XzJqTl9LQXhGT1NlcHRNUzM1bnI5ZHRwZkRCNXRzdG9NSjBCYWJWRVdrcWtTbW1QTjdkY2h1eS1JanJ6UWtPSUNwVjZ5VTZrS2t0dTZnWHhQbmhPdEI1RDRuUkV6R0NyaElBRXpxRVFZeW9ZWnludlc3Ym_SAeMBQVVfeXFMTUw3SXZ4ZWRhZmRUdjJkcFF4T2lKVThhVzI3UXZsR0huMmZIcWoyVy1najdLWXl2SlRITzRLUXFvUXdmZ192YVM3T2Y5X3lYOFRBcWM2SURuc1Jidy01bnVOZ1N0YmFHUUV4YlhOdGc4MEF4Q2VsMnhGdlQ5dzlQNnBMai1NUGlyQXpGNEJ1NmUxZVB5RVEyMXRBYTZjak1Rb3VjMzlDN1FDVzh3czZZTjZfeTlxbEFBUkV0aTZ6eUdVRGlDRk11b2kwbE51U1dDeTdHc21hbVluR1JzVDNWUmY4WjA?oc=5,MassLive,2026-08-01,positive
MBTA,MBTA launches new fare discount pilot programs aimed at saving riders money - Boston 25 News,https://news.google.com/rss/articles/CBMi1wFBVV95cUxNQ2NSVFNRS3NlSnAxVFhfVmV3MDJsZm5iTDA3bjdyOHI1d3RocXNVTlhCa3JfSFJwd09NY3psYmJTdVB1MkhYR0JKSlQzUzNUbDRMMVJpMmpLRHZMRURyX28xODdfelNRRFFiZHBjX1JkLVZtakg5Mm5QQjlVMkxEbUt6b2JLVUNiYVVReUF5ZHRtOUItLTRmU3ZiNl91T2lVRTlDd0xhNzdrSlhBSW44TGo5Nzl5Wm9WVGtncFNIVGhic2xfMlp5alRHWlRKZGV5QlVvWGN4d9IB6wFBVV95cUxQODdsYi1RZklIWk53Nm9xNi1xV2xXLXlNZFBhNEkzeVI1OENNWFhFMDZuYUxHSWtySVQ2blBQN1ZHYVlUREZ4d0RSV2NDS0JVV2pLcElfcUR2dHhCQW0zSndYZVdybk9ibS1HZjBJc245SktOWDNRWXdXTlYtVGo5dFhxcENQRkw0M1l0NWlMekFKaEVXQ3RmUHhVRVhEU0hfVWExVlliaHh6UFZNOTU0WWFkdTlzN2xEd3ZqRUhtTXR0Q0ktemxiZ3FVZ1l4QllYOHVTemw4U1BWOWNyNTRqaDhDbzJGYlVfSjJn?oc=5,Boston 25 News,2026-08-01,neutral
MBTA,MBTA riders could save hundreds this fall. See new discounts - Worcester Telegram,https://news.google.com/rss/articles/CBMiuAFBVV95cUxOVXZ5S1JWb3A3NVc3VXpsOUJfOTRBWXl2Sk9kMWRoMTZqcUZySDQtYnpIdGhSbEN4Rzl2OGsyYnM2bndVY0p2NE1aZlJPbjdiLUJhTHVoN1YzSV9VUTFMUzFxSFJYV1o0SWZ5LUplTHhfTmFXbGFSU3Z1Qi1HOFB3Z1RDNWhrVnB2UmVVVVo1SmtCZDFpQVRoNk1xUGZEOHJqdUFZUk1LVVE1cllJTDE5R0c0MTI2cUV3?oc=5,Worcester Telegram,2026-08-01,positive
MBTA,‘Completely unacceptable’: Red Line riders describe hours-long commutes during shutdown - Boston.com,https://news.google.com/rss/articles/CBMinAFBVV95cUxNRHJBSk9xM2ZVeVp6aEwteXI2Q2x0alhrMUgwMzI5dTZWV3R3M3AzYi13VkkxcXFDX28xU0d5MDU4amdlUFNxVHJwTC01ZTB3TVVBT19ER3h2b2owWW0yc25hOUpKYnZsSTQ5UlowbjNhRG5rMHZ5bUd1MVlpXzBSUmVoRjRNWVZFZERROXNNY1B2WndIYjZCTGUyc0g?oc=5,Boston.com,2026-08-01,neutral
MBTA,MBTA heat delays: How rail temperature sensors help prevent safety risks - Boston 25 News,https://news.google.com/rss/articles/CBMi2wFBVV95cUxONGNlNHlkajlyVDg3a1ZqSTRQYWZqbG53TTZ2eWFRZGJYZE13WGNXS0J3UklUYlRiVzlpVUtKOWlWLThhaW5JVDNKMHd5UUVnZFpTZGpWOVZ1V21QSUxvbTFESm0wZWZBc0ppanotWXZ1NGRIMC1qSzNpeV9FNENCTGlPdklIc0ZKWUkxcXBZMGN0d0hOSW5kRFNXdWplMkFjNkhtRC1hanIxZ0VXZE5ZTW1Vd0pLdDBCXzhoMEJpVnQxWFhQX0R0SE9XdjZFVjFTSk1FN2xVb1FJUW8?oc=5,Boston 25 News,2026-08-01,positive
MBTA,"Pedestrian fatally struck by Amtrak train in Attleboro, agency confirms - WCVB",https://news.google.com/rss/articles/CBMikAFBVV95cUxNaFBfVnBnZnZxUEVvVDRpdm9keEdVYlNVUWRmQVZSbTZQeFJ6MTRPdnc3aDF0cmR1VmNjdWRjMHdyMGNGUGNZcEowMlVLYWdraEFsSEFFd0dtcDg5RElzLXBQVFZOdkxwSTF3d1VoaFNRMks1ZHcyZVh4aC1sR204X1UyVHlUX2ZPTkhUQnN0d1g?oc=5,WCVB,2026-08-01,negative
MBTA,This 10-year-old MBTA superfan is sharing his passion with the world - WGBH,https://news.google.com/rss/articles/CBMisAFBVV95cUxPa2hBbGFCYlY0ZGVIMllaaU1FSTFJM1F5U29ydEFDTmtEaFBYZjRNNVd5SUE1WkdjS1FqTWdmcnNLSzFxbzZ1NUNhNG1Hc2xUTlF6ZlJIOERYZDdPNWZ5THBTMW1KUjBqUHJsVFlGQmdScTZHWlhpWm5CVzdULTJlMGVqTllULWpYeE5yVVJFcHp4emVwaHRBQTJyWVRpR0ZBN2tBUmRtLUNMVlZROVp5ZQ?oc=5,WGBH,2026-08-01,positive
MBTA,How new MBTA pilot programs aim to save riders money - Boston.com,https://news.google.com/rss/articles/CBMiqwFBVV95cUxPVUlhUUlfTmZ2WWV4Z2VobVdJZ1gtb3lQcUJHRlh1bzRmUmI2b0NIc2dwd3dxZV9vVUJ4WE5iY3BadWdNQmdOOVdUU2dWMUpmZVpqMzY4NGtfcnZmMTNJT3pZeWoxWGpkbGxvNmItNXZhdzBtVkFjVlNhVVlxSGJVdms5Wk1tMTVXMjVCeEd2UjFLczBpV0lhR0UxbGpnUU12SmNIRTdOVDZDUE0?oc=5,Boston.com,2026-08-01,positive
MBTA,"Mass. Approves $530MM for MBTA Operations, Infrastructure and Reduced Fares - Railway Age",https://news.google.com/rss/articles/CBMirwFBVV95cUxORXNSbWtIMVBHTFlRR3BVZktMMXhJN19MMnk5NS1KTHV5WXVXbTNLWkszVDctWm9zZ1l3aXNoRVdGMXVKQ0dyNG1FUDFYakpXS2M5V00yQ0RNRjU3ZlB5RjdRejVMUGJtX3I2czdnNUhpbFJTT2pHV2taQnMxREFPbl9QZmVpX3Z1ZGdGeWtyclFuRlQyX3BEMGdXcDQ5dGc3MkJ5OFpLbXZ2WFNjTEFN?oc=5,Railway Age,2026-08-01,positive
MBTA,Healey announces new MBTA pilot programs to make transportation more affordable - NBC Boston,https://news.google.com/rss/articles/CBMioAFBVV95cUxPQUJOWm9PVFFHWllpNDVxMm91OUttM1hPak5NUXdjV0lSVlZMRVVsbm4teXQ3VEVZV2ZwX2diZHNwTlJJaUZTeUNPVjhEWG5pSC1iWlNRNEhuQ3dpekM4MXplMk9aQTlmdzc3RXhYUkszOUZ5ZEQyX255RlRNSnVwRHVCLWh6T3c5cE5LVHFISlNZZTl3cGpqV0JxRTMxMFJQ0gGoAUFVX3lxTE1hS2hOY0ZKR2llcmFrckw1R2tOdVgzX29fQ1N1SjhxdzJJS1RxSzZyTWJHY3FoY1NwbjBwa2FfRU5kZElfYnNCaEMzaFZ5WlVaVm1hcHRlc0xRVU1RVEJfNW9lZFhUWUF6SGhJUENyRmo0RGhvalloTGdQeUdmM29tMGd3REpHb0NlTTlub2N2MjFVU2hEbUJUWXNQZEpUR0xOMTlJU3pidQ?oc=5,NBC Boston,2026-08-01,neutral
MBTA,MBTA expanding commuter rail fare gates to another train station - MassLive,https://news.google.com/rss/articles/CBMirgFBVV95cUxPWklOZDdpUGdyVmVXX3MyOTRGYXk3Y19HWXZUR1cyd0VXd1cwNjRMeXlqLUx3UkJvMlNBS3dsLUZJckxTc3I4aUZ5WWhRbDB2N3VlLTBrc0VTX1NPTTZwQzd1Z01EeDVrendlS1pJVDRDQk1Ea21TOE5FVjBCSV9Cb2pSVEdndnFmOXM0SmJXRTVXWktabUV1c3dBMUtpU0g5Y0NXTVQ2bzFTbU10SFHSAcIBQVVfeXFMT3BLdGlSazdBX25tMzVlM1JXWnpELU1aaGRoSmtBZEljenplLUpJRHFSemx6RkQzVGk4OU5sdkRUaW82ejJsZkpjWGUtaFM0dXVxT19NS3A0a19JNmx6MHFxRUwtX1ZRRkdhdEMwNFBSN2hObHpUZUhmZlYtUDRTOG5vVWJaRUNNdkJyNTd4OTc0M1BBbUVKc3IyeXR1cUx5R1lDUlFndlVCR2FZeF9hbzd2M3NfYmU4Q0RQbWoxSjRnVGc?oc=5,MassLive,2026-08-01,neutral
MBTA,New MBTA affordability program starting on September 1st - Boston 25 News,https://news.google.com/rss/articles/CBMiwwFBVV95cUxNallsWHBseE8wLUdrcGN4QWF4X25iWmhxOWpaUVN3VEZva2tHcE5ZWWNXVEg2VjY3VHFIY2VwUU1jMzhtX3ltOVEwdUl0S2hGaHZiUDl6ZU1yc2ZPR3JVQmZBeVpEbVRSaDY3eVRKWDJqWmtVTzk0N3B1Uks3azhFTEZfQlJSVDhLQVBWVTFEZkNSSFdxWFVkMGh3cGlRbkp4MHN1c1l2Qlh1LUVmT0FWSGdubzJZTHg0SVgzNzJFOEtFMlk?oc=5,Boston 25 News,2026-08-01,neutral
MBTA,"Gov. Healey announces MBTA pilot programs, expansion of affordable fares - turnto10.com",https://news.google.com/rss/articles/CBMi8wFBVV95cUxPeDFObkpzM1psWHU0OVB4Mmk5UlJZOTRCMFNTZ3MzX1NmVVExdEdyMklqQjF2QWFCcUsyRGEtNXhpTFlFd3RmbEdyQjI5MzJabV9wV1I4bnZsRWEtMUwwTW90a295RmtmVHZBNEV0bHk3TGZSWnR1d3NGcDh3eS1kdHZoeXhiUW9YUndIc3hHd1l1Q2RPdHRBX0ZLZ1U4M09HUVJkSk9CeUJyQzk4YnJtTkVpOHNNdU0xd3FLcjVjbEQ5bVhaRFlCZEZHbmZ5SThPQmljaE9ldGdfNDRrRnIzTTVzR3lka01Nc09WLUV6NU9Gd2c?oc=5,turnto10.com,2026-08-01,neutral
MBTA,"MBTA Rolls Out Pilot Programs to Cut Costs, Simplify Travel - Metro Magazine",https://news.google.com/rss/articles/CBMimgFBVV95cUxQWkNaYUF0S1dYZXkyVkJ1d2lFVVNhZWNfQm96SGdhYXBTdXludlBsNFVhM2dOYjhWTFE3QmhWMUpXWDlUbXZWeU1Gc2M5dmtqc1ZFUkNuT29ybm9xckhuTTBFV3BOT2ZYVmd1eGc2aF95dVg3Q215SW15eEZsVGpaRHFkZVRyQ2lsUkZVdEdoTnhfMjZaaDVES3p3?oc=5,Metro Magazine,2026-08-01,negative
MBTA,"One person dead after being hit by train in Attleboro, riders told to expect delays - Boston 25 News",https://news.google.com/rss/articles/CBMi3AFBVV95cUxNbENaQUZiNTJKZ1ZLa0VsSUFPaHlrbnY5ZVhQNEdZdWJmUVpRTG9sRzBINUtQd29sQkRIWC1yVUJ6XzQzaTY5YldveDdFaTFqSDlVNTNnU25mWTUzYkE3WFU1RFY4c3NrRFBaY3ZiQzM5UGZYd0hnRlRKdDlYd3JlSjlMZGxpLVRtUlBzVmZGb25EbVFNZXZuNGw1TGkyeWxpaHUzaWFkV0xuYUtEV3YzYUNLNmhhVDhYUXAxVjYteXdtTXRMZ2tmaEJXR256cTFaQVNDY1dSRnU4S1FB0gHwAUFVX3lxTE85aE4xMVBLLWU3R0RGVzNIM2dFNXBwZkF1U2pVMG1EOWozbHNvMDRnTzdPaTJIa29jeDFRZDVGZGh6cUI0Yy0tVnRPNm14MmJVbGJEVi1aVzg3MmFfNG80T0ZRQWhZNE16bGhkNlhlMFl3ZWh0VXdPU2k1Zlo4Wl81bk9ZTEYwU0RHRWtvM3ZLS2JMWnF0MUxLRWhHZ2dnWkZXbFhfVmsyRFpNazlNUVN5anFhMXp4RWc1Q3Vyb3JOUmE4U29pcy1WdjlwSkFoclg4Q0kwbXF3eUdCMzBYOTdxQ3Q1LWE5R05FOFE3Vkt3TQ?oc=5,Boston 25 News,2026-08-01,negative
MBTA,BTS fans call for more MBTA trains after Gillette Stadium shuttle sells out in minutes - Boston 25 News,https://news.google.com/rss/articles/CBMi4AFBVV95cUxNMDJQUG9WeFNraFpYR2t2aEJuNlBibUs3dkQyTGs2Ul94MkNGVnhfdTMwSGxQemQzWlhzbXZKak4xQy1kR21ERDBHUjZtNUp2YTJwbjB2UVN4azU2cVNzaHdoU2tIUm5UTHJuRmNxUEhFWmFwekViZmVycHU3QUkwZC1PTjFoa0lDVEZDSm9QSFJTazBfdTdHSWV4ZjVkZmxsMGZFV0VaTVl5S09tYXpfNGhLd05kcjFqenNoeHZTSVVzdmI2SDdBd1BRczRzbmN3OWJIRGl2Uk5LczkyY3hvV9IB9AFBVV95cUxOSzlSLTJQci1YV2Jpd3dGeFV4STNaZjk3Nnl0N3Y3aExpQnAxcnhYZzRHdE9HUGJQYXo4bXVSVTYtcWZQSVZfeVVGNjR3U3ZER0xhdWpQc29WNHNnaXBUTmdBeW5sZHFrUllpSWVzWnFYQXRPUmthLTRpelZKQURhMzM4TGxPdEU5dTVkd24wQVRfLTN3QnVPV0YxZHVhUWJ4WmRkYXpRV2c0ZkxMN0xIOUNINkM3WG1RamhQSGJ6ZU10ZjMtM2NZaU5ZSlBFblcxbmd5T0VJNDY3cTZMeHFVUFk0UUNjSE1kLUdObnJuOXV1dllV?oc=5,Boston 25 News,2026-08-01,neutral
MBTA,"Mass. launches MBTA pilot programs with unlimited transfers, free rides for seniors - MassLive",https://news.google.com/rss/articles/CBMixAFBVV95cUxPM21ZSGFuZHk1djB5SlY2WFlvd0ZYYk5VUGl3WW4zbmlERGdaaGF1bzl3aV9NQ1RLSnhDcTlRVG1QOTFtTExiSGRPeXF0bzBkREdTQlR3OWhrNWNoajF2U0E1ck5MbHVFVk9IcWpob2kwazVLYzVHdm5DNmxhZzNxYmlIcWlLZ0V4YklqTGJxeTF5N2sxMGRRbzk3dEV2M2NYLVM2Y1BTRVI0TzQ3M2FzQXJLT3lidlNyUWxxQ29DbU9vWEI30gHYAUFVX3lxTE1OcDhxNmhEZE9tRFBObEt3MG1FaDY0TEgxd2RSc2E2OFFZZjQ3b0lrTzVUamR2alduZ2Y3N2NvM3dhNlBLTnJtMVhLUzIzZkNEbXB1UUdBb2hNd2F2R1YwQ0JoSE83c1I0MFZKNE50UlFrLUV2T1hRNmFOV05tVGZXUnE2U1d4YWxNdy1FdmVfcU4zdUxoNWtRaFhjY1dqRU5mVXNuUWhibVRpLVJnNVViRExaTFhMeGF2VnVrdEFHUEIwcFNQM29kQU1HakJ5eFFyNG03NUFVUg?oc=5,MassLive,2026-08-01,positive
MBTA,"MBTA Extends Commuter Rail Discounts Through November, Launches Three New Fare Pilots - rock929rocks.com",https://news.google.com/rss/articles/CBMivgFBVV95cUxOdUlZZmNyLWVuYk5qSTJqa1dqN2hmZ2htckdkZ1BOdmpmbUoyQmstY2laYmJTOVFmZ3NmX3JSc3BZQmJqOWVDdEpmRWFHUUpxSUhnNlo4VHR4aVNQQ3NZa19ldWp1QW8tUEY5dXFqQkwxRXpwZEVrckhaeEgtaEdYYk05SGF4dE9ZQTZsWWgxU1ppTVRMQzMtZklqVEozUXdNMWpfamtybXNXZFdFQ3pmUzhwdVlTUThVV0pTV3l3?oc=5,rock929rocks.com,2026-08-01,neutral
MBTA,MBTA announces new ways for riders to save money - CBS News,https://news.google.com/rss/articles/CBMiiAFBVV95cUxOcmJEc0JrcEJIVy1pTUFZblVlMlNwU21UbWVBNF83cXZfYTRrbV83V0NCUHRIU3phVUdQMkNzVFRQcWVHWUZ2Zld5UlA2czd1elhhSFEteXVTQndCeXJ5NTYwX1R6eDg1a1JiZHlFbTVtWll0anZLUkwyMWVvV085aE8yR1ktNlJM?oc=5,CBS News,2026-08-01,positive
MBTA,Mass. announces 3 pilots to cut T fares and extends summer discounts - Axios,https://news.google.com/rss/articles/CBMilgFBVV95cUxQeWJqclpRbHVIOWpudFdRbDZCa1h0VFhLMmRsS04yNHdtcExFYWlQSFU5eFVST2pXZHRKRURrWnExNHp0VG5lRHluWkMxeFZua0tuOERKVGdBb09uUnd0SllWdUZfYzc0c2VJVEtLa1BxQWhUVnV5Z2Q5YlEzU2ZkdlhjdmwyRFNJUUl0YlMzZ3dGeG15Y3c?oc=5,Axios,2026-08-01,negative
MBTA,Person dies after being struck by Amtrak train at Attleboro Commuter Rail station - MassLive,https://news.google.com/rss/articles/CBMiwgFBVV95cUxOTkN2MlBfMV9rc21oU0Z4a09VMkJrN1JNVTJSRWZsOFhtblFqVDBHUHFvbkxSbmV3RzBGNloyeEtSeDM0X0dleHp4V01VdHkzQzNyakNHbjFCczJDQVk0TVZYeGFuNnZoTkYxdjJ2T1VlUk4tTVdoMDR4T2dGWXdjdlh5cjdzRHVGRTJ6eGhPWXJ0WE5OTTRuZDRzR0JZcU5CV20xdGQtLTBESkVyNWtTZjBkY09xNG9QZWx3ODhOU0poUdIB1gFBVV95cUxQZGQ2eXRsUmE1emVFYlBHNHhxQXB2dnNqOElPVndiOHRidlJRbEZzV1VxcF9WbWxCMHdqWWw0U3VTeVdIZ3RLUmg2QzI5aXBYMVZyYXpfbEktR010RnVUSDFTRHpEbkw0bFBSamFnTm1DakxwYjRTWGxkZkNWbldGaGFHNy1NZW5jQ1dRb2VJZmMycG1faWo4clM2c1lCbEpNdXVXNml3aHJ2aHhXMExVUmpHVG5qUkhBc2tXbFRpUGF0MXZPZjZFNGhxdXlyQmhrY2MySzVR?oc=5,MassLive,2026-08-01,negative
MBTA,Commuter rail from Worcester to Grafton on hold for a week in August - MassLive,https://news.google.com/rss/articles/CBMiugFBVV95cUxOLWpRZ09pY1lJd1pJMndxS25seGpmQWhqVXRSOUszcTBnQlFWQ2pVUnA4amVnV3JYLUJzd3dEZDNueDVsQ2hJS2tTQ0k0bHFiWVgxWmhPS214QlkyRERjRmc4WkZtUDZUMWpVRzVtMkVTRmN6RWhvRWt3bjZPOE5MMGpiLXJZS3lXVVJtbk9tVEhKMFdiai1DVE1Xa3dqQWh2a1FXXzZxbXB5dHpLY1g2ME16d2RZQkZFVEE?oc=5,MassLive,2026-08-01,neutral
MBTA,"MBTA extending some summer discounts through November, plans to offer free fares for older adults - The Boston Globe",https://news.google.com/rss/articles/CBMijwFBVV95cUxQU2J4NjY3WlFOWjFOMXR3bGpyTlNxWkNaY3FIX2RHc2ZlZXVicS1kOUhWT0Z5RmxXbENULWpIeWZVZ29obTZXZW9ObFhvanE4bXRZRWg3c0d6a09GMkIxakl2RmNwSnJnT254QzJfb1pfQXdIQTEwWmMzcWVnZ1FYc0V3eVlvZExpRXpkSmt4aw?oc=5,The Boston Globe,2026-08-01,positive
MBTA,"MBTA Temporary Schedule Changes Begin July 27 - Wellesley, MA (.gov)",https://news.google.com/rss/articles/CBMiY0FVX3lxTE94Y0F4RDd6ekhGa21FbW55M0R1cWx4TlhZbE1CbTlQOUI0X2ZIY2FqOFdGOWFpUkdKMFNkbC1WTUcxeDMzT1VNeVJqTk4xQlE1QjVVTTd1WS1fM3BSN1RBam9UWQ?oc=5,"Wellesley, MA (.gov)",2026-08-01,neutral
MBTA,Man found seriously injured near downtown Boston MBTA station; police investigating - Boston 25 News,https://news.google.com/rss/articles/CBMi5AFBVV95cUxNOWVER3ZId20zTl9ES1FGcWhVZzVVS0xRWlZ6Y0U2ZXBwUk5XTzlNNmMtLWVBOUZyVkVwQ1p3WE1namg1V2JsakRaWVVXVzlwNzZxRVA4U1dwOHE1dEE3VUtJZHJRcjg3Qm9LVFZvdVpZREhfa2M2WnZHMDYyaE5uQXRTS1N0WHRiS0JSNm1NRkt6azlqal9IWHpPN2pabFFGWUE4WHhKOC04bzBVQS1kMnFDRjhibUQxTGNEc2dsb2xqUXluMmh5RHEzUDlyMXdSdVZDbVRsZk5tVlQxZ3JLTmNCczDSAfgBQVVfeXFMTjRKU29Mc3laR2xaMlVranBfR1NZNGVnNTA3dGxhbURVMVNiX3g1Vy04WFFNWng5TC1rbzVMRzdzOGRackQ2LUwydWtDdG5nNHRpd3NITk0tTGk4YW0zTGJhLVh1RjBzNGhSZHQwbEJCOGVVcUZXRVhId3pnQW05Z2dIeVRRR0djVjByU2w4WEk2VlVNZ0tnSlQwbWZJZXpFWkhxVGJEUVBSWDRrWlRQYWxBbkRVLUdtdGpHeEowd19FYXMxQ29jTjRQeVlzc0F3NFVIYVBhWDlhNlF4eFVxUWxxeDNxbkxoWl9qUnBXT282bXRoVmpUb2E?oc=5,Boston 25 News,2026-08-01,negative
MTA,MTA already blew overtime budget by $176M — as 1K workers raked in more from extra pay than base salaries - New York Post,https://news.google.com/rss/articles/CBMiqgFBVV95cUxNaFFIX1FmTW44YjhqRlhFNHl1dW9KeDVPQUdhNEFwRnlaQ21PYWVucDJkalE4VmlvRWpxR18zbmV0SHV3a0JjRWxaRGVFY1RtWjU4aFRnWURrdEhMRW9saTNtM01DMzRoaWdKTjNJLXo3X2hWaGx3aE5GRU50X2tET29PRU9YUE9hU1VCcUstMGV4LXVKWXRpbDU4eEdiME0tSWxSTzJMTTN1QQ?oc=5,New York Post,2026-08-01,negative
MTA,"Subway, bus, bridge and tunnel tolls may receive 4% bump in MTA's preliminary budget plan for 2027 - ABC7 New York",https://news.google.com/rss/articles/CBMiuAFBVV95cUxOOHVMWXRtQ0R1M2VPd0ZuTXIyQmdkWHlDd3paVDhkbVNFcWpCV094dGdCcTItdWJvc2JaZ0dsR3ZPTXVDRU90TkxnM0NKYnpRLTAwYkZmUW5wbDhycVRMdkRoei0xdUE5T2JhckZoSDR2U1cyX2F0bUR2ZnRnU3RQYjltR2t1TVlwM0tTQ2M5YWFUeXc4dVNWVVlmcFNsY1NUTUtuTUw4THBxZ0dkQzhMYjRVUVFPX3lV0gG-AUFVX3lxTE9FdWEzT2dRekY3STNBakZ2N3A2ZERHQTNjWUJxVnFSeTQ0QnBLTThmNWg3RUR2QkRTQVNWYUxYWTgybWRIVHFld0JYZGlUM0xpZlFGMGpFaTU5ZWJLdVV3eVdnWEttdmYyaml3TS1mU19fVnpOcnRzaTJ0OEI2VXBaQjVrZW8tR3VHVXJGR3RJTjBYUzd2SW51MWFBbGR3cWFFajFWZG03WENiOUxraTZsZmQyYktjVmhrUkhoLWc?oc=5,ABC7 New York,2026-08-01,neutral
MTA,"MTA faces $300M deficit, pointing to 'uncontrollable' labor, health costs - Newsday",https://news.google.com/rss/articles/CBMiggFBVV95cUxQUHZ6ajBSakMxYS1mRXF3QzVySC1UaTZrSk1hMVlFdFVLR3dOeWtTaE1fT3NNNGk5eWVIaEUyeUlMUGhRSlJ1X1BIZ2FaWVZmUGZkaEhaRTZ4aW9fdVhQTlpGbmlCVS1RaFI4UUlpbjZtNGROaHVObVBwemZGWUs1Umtn?oc=5,Newsday,2026-08-01,negative
MTA,NYMTA Holds 2026 Budget in Balance With $600MM in Savings - Railway Age,https://news.google.com/rss/articles/CBMimgFBVV95cUxONG9Wc2hLZDNnUjRJUEx4dkJWb0ppZWNxTDdnUUFRenlEMTJhdXYtZ25rdEhlQURmVE1UMkYyTU5WNVl3dy1ZdFB5TmxaMWpkTllRUGV6RWw2eXZPSTBKeFFsMkFCQUhnVXQ0UDdTVmpEdHVTM3NhMG5JR2hZeU45TjhrZFhjWGZYUlZPLTAzVF9wb0k0aXZIcE1n?oc=5,Railway Age,2026-08-01,neutral
MTA,Some riders take concerns to MTA about OMNY fare payment as upgrades are planned - yahoo.com,https://news.google.com/rss/articles/CBMiiwFBVV95cUxOZXFLaUR6a1NrRTNqb3VWOVd4eEhUUDFtTjg1WGJ3WGhVbkZjZzJtTTBGdXhhMFBEWHYta0tlLTV1YjFGSG5HckNlLUFLNEhLOHJxZmhXS1hEN19ZQ3hIRENNM0hkMFJXX28yNkhXMHVmZ2VYcXJXaGhrT3djaUNXbUVJU05aNWxGT1I0?oc=5,yahoo.com,2026-08-01,neutral
MTA,2 MTA buses collide injuring 5 in the Bronx - ABC7 New York,https://news.google.com/rss/articles/CBMid0FVX3lxTE9KcE1kX1hCQ1RJMGgtb3M0QzU4c0tFZmpCaHlhV2xEaXl5c203V3gtWDVJQThCM2RlcTZ1WGV6b1ItUmE5d1gzSk85aW9zR3FZaTNDVUI4Zkk4djFwTTNja2JsZ012b3dOTWRQVzV6M0JGYUhWb3ZR?oc=5,ABC7 New York,2026-08-01,negative
MTA,MTA Settles With Disability Advocates as Subway Elevators Improve - The City Reporter,https://news.google.com/rss/articles/CBMinwFBVV95cUxQNlREQjJxU3d2a0h2dUtCSmNQaDdmMGtpVEdFUm5DYUFJUk5UQlYwU0xDWU9tVlNnZV85T012QktuYzIwRGlOZllERklfZFlXZTdvOER6LTI1dS1BTEM2MTl1Zi04WFBUOFV3SllQZ3RaZWZ0LXBWR09vdnEyUHRlRnEtbzNyNDhMdjQ1T2YzWjJPUmtMSlZOb2pmeDUwZVU?oc=5,The City Reporter,2026-08-01,positive
MTA,All aboard! MTA unveils Metro Subway plushies inspired by new trains - WBAL-TV,https://news.google.com/rss/articles/CBMijwFBVV95cUxNYVFZcFRHdmxCTlJjanlDN2VqZHFhaWE2VmQtckw3Z2xUczBPQ3h6dFBoeXAxYXpPWWQ2NVNUallWY2xfci1yOTJzZndsWEN5QmRVOVF2S3pheGNBNGM0SmtnOXlNTEcwUDJtZEdDVGx1NW5Iby05UlNpR1haRnQyb3BLR0F1MW9qUHJWYjhicw?oc=5,WBAL-TV,2026-08-01,positive
MTA,Running the MTA is a tough job. Janno Lieber is just the 4th person to last 5 years. - Gothamist,https://news.google.com/rss/articles/CBMirgFBVV95cUxQWTdscGo3S29ncHJLZ0E2RFdHT3dvVlB0YzNCVDNaSE5yQ1A5Ul9lUlp2VDR6eXRwazNLTF9tN1BmeGQ1dFZDR3FEdmpMb3FvNTNyRjZiNWltWm5aRFI0cWlIOFFZS0Y0aUVQV0hKZlJoSmpnNWQ5VDZxR3FHLVpBRG1WMHF0SE43WS00N0FIbU1qZE9FclZwY1J0VUdkMDZ5aHFCbmFDV01fUGRsR2c?oc=5,Gothamist,2026-08-01,negative
MTA,"People on the move: MTA, MDOT, HRT, Denver RTD - Mass Transit",https://news.google.com/rss/articles/CBMinwFBVV95cUxNU2QzVUNLbWM4X015SDgzYUtzbmhLaEVlalBwN2dFUF9ZM1Zqc1BHUlBwQVgzcGdTS2ZHaGt3eERRN3pxTnllQ2F2OHlSd3RnUEZzZUEwTHFwUHoyOXN5QkFmNjdBM3RuUWlIUUhtNHVoMDdqamtCc1VJSVZXNXZqejBpWC1DY1Z3dmdGYjJjbno3VnZXMjVJdjZTeW9fYlk?oc=5,Mass Transit,2026-08-01,neutral
MTA,MTA rolling out vending machines at 26 subway stations - Spectrum News NY1,https://news.google.com/rss/articles/CBMipgFBVV95cUxPaDNDQmVnc3dsZEVMQ1JjbndRblhEVEtNX2g1eHZkaWhSazNOY0xmOF83Q3BwNHlLb01FUVFJUF9tLUp2OVRWZElCRkFCV0V3bTJXbkhOcERMM3pfSy1yXzhXTVhkcHd4UlRHNzlZOTg2a2VYM2lwTVR3bktZYjdPVlkxdXNpQWtWUlZ5bGNTNkJ0NkRka3pocWhXWGkxU3RUSm5PUUh3?oc=5,Spectrum News NY1,2026-08-01,neutral
MTA,MTA developing OMNY software update - FOX 5 New York,https://news.google.com/rss/articles/CBMiXkFVX3lxTE55bHF4c01CLUVlUjVNODNUSlVHRk5RRmtOa1c5dGVKU0NabXpFdWdJTVZDWU5OMW5sOEQ3MmVsa1pNbGFFalRoa0gteGVWNjZNMk96UTJyODZxQVVxOHfSAWNBVV95cUxObk1ncVhBYk1fbGE0R0xJa2FXaFhLYklrbEU0ZnRvRDAyd0NDTk5MRXJWZ1hGU1hVQmJQSS1fdDBiUzNUMEJMeUE5Z0kzb0dhVFlCY3dpeVdSOXQyZXloWFJVSzQ?oc=5,FOX 5 New York,2026-08-01,neutral
MTA,Governor Moore Announces Appointment of Tony Bridges as Maryland Transit Administrator - The Office of Governor Wes Moore (.gov),https://news.google.com/rss/articles/CBMiygFBVV95cUxOakpYdFV0cHR5OWdIX3Q4alBRcDhnR0xPT1FoczUxNUNuamhlWEQ2WGl1NkNjd1dxTGFRWjBMaUdYckZKZzFmdmZYZlFySDJVSUhBMEQzX2xTYXVaMmJ6d3VpZUJ1anFWSFVNdFdnZXdSOU9fbHBCdEI3aUtoSzlQNS1uak15ZmlCZE5JdmlLUkozSUJuZ0JPcUIzeTJ3Z2k0OFhfX0xDYzR0Y1EyWThOUGNUR1ZfWG5HWkpsNXpPRHpuZEFDd1haNEd3?oc=5,The Office of Governor Wes Moore (.gov),2026-08-01,neutral
MTA,"‘Deficits are starting to return’: MTA faces fiscal headwinds as increased costs outpace fare revenue, officials say - amNewYork",https://news.google.com/rss/articles/CBMifEFVX3lxTFBic0JvTTFxVWZPd1k3ZWRwZXVyYXozSExRc3RSS3ROUkFvWm5zWjBMa084Q2o0REM4Y2pycTUwYXg4VVhMVEtfUmpVQUZGeE9CMG8yMlZmSTZxUUtQQklSQjQ3UU9TenRWSExxWDdNNU5CUEFmZWhNRkpQY2M?oc=5,amNewYork,2026-08-01,positive
MTA,"NYC subway fares, tolls could go up again in 2027 under MTA's new preliminary financial plan - CBS News",https://news.google.com/rss/articles/CBMid0FVX3lxTE5FbXJ2OWJyWTA3QVlKNzhYTnRYTkFheTg4V1ZhQ2lHNG5ocWItbmpLc3Y3a05COUhZVUFlN0syOUQ1dXJqSGxOM0ZOa3V0ZGlFQ0pFWVA5TzZwYnBteXdreGhabHJwVWEwQjdUMnRCSjY3cXBvbDRF?oc=5,CBS News,2026-08-01,neutral
MTA,MTA to Bring Vending Machines to 26 Subway Stations - City Life Org,https://news.google.com/rss/articles/CBMikAFBVV95cUxOUnJPZUhUOVU1N3BLeWYxa25fdlgxakk1WTUtRUNXZThCYmhTVXFZajVjV1dTYVlycXROUDZ2NUo1YUZyZ0o5RzNiTWgxZV9wa1MteXl2UDZsdDllUFJuODAzQ3cyME5TcTVuaUNrbGRrNlJwTV9UQ19tLWR4S053MFdySW56XzJCS0QzeFZWVnQ?oc=5,City Life Org,2026-08-01,neutral
MTA,Subway delays worsen as MTA touts solutions in 2050 — these are the worst lines - New York Post,https://news.google.com/rss/articles/CBMilAFBVV95cUxPRnZlSkFrUnVrUzE1YnpFMjY0dlZzSFRIVlVlaTM0UlZoU0pESUlOam0zQXZoRU0wYS13VU8xVkNPeWRqbG9RY2lINTduQjRlT0dkRi1uUXotM25Yb3hQdmhmQ1NhUWtWVzlxbWU1N2ktcWhEUW1nTE9sR1BiVVhwcTlSbU8xbWVTYmhkQko5YmlKSER1?oc=5,New York Post,2026-08-01,negative
MTA,MTA Administrator Holly Arnold stepping down after 5 years leading agency - thebanner.com,https://news.google.com/rss/articles/CBMipgFBVV95cUxObzFxU3ZLNXlucW5OakUwalAwTEZfNzVocFkzM3dEZ3pVcTItSWVzYk5WVGhxY09fVjZ1VkpLT2wwWHh3QmwzOVZ1SzVJbUppbkJwckFhR2NyZHRkYzBxLXAzaFBLY2Vta2hCRElDME9yNWNwUGpSYUZVckxqaWNzZTNkNWVldm0yWm41ZXYwRjdGT3Izbi1FYkZVdVVIU1B4N3VGNzFB?oc=5,thebanner.com,2026-08-01,neutral
MTA,Rideshare app might owe MTA millions in unpaid congestion pricing tolls - FOX 5 New York,https://news.google.com/rss/articles/CBMigwFBVV95cUxONFRXMFVqWTVWVzBremZERzNaX1NNeVB1elJvX2lmN1FoU0hNMGo2LWluMWFpYjFGVzFUQ1Y4OC1nYjA3a293UmNaQXl3eFpBZElxZVF3TGdMX1haM1Y2UTFKMXVWUUtHNzlSem9JdjdpOHVJemRhRlVERUY0blRiaEdTY9IBiAFBVV95cUxNSVdOb05kbGJCZDBmRUhYZmZDMmRuaU9DbEh4OXM2MC01ZHV5WHpDTFB0ZXZETGRqVU5GNjlsQVdxelRWWlVRUkRMWno2NDUwUE9xeXRra3h3X2x0ek9pcW5rTWd5d3dNU0JaS0FneVhseVpOY1AyT1ZpTEdYOTUyUnUtSjhyVmlY?oc=5,FOX 5 New York,2026-08-01,neutral
MTA,"An M.T.A. Project Is Under Budget and Finished Early. No, Really. - The New York Times",https://news.google.com/rss/articles/CBMifEFVX3lxTFBvcG92aDNJdzRVVG9od2MtcTBIMnE3Zldwb1hMMXY2U2praG5kdEtlMlY3eU5jc0dkVGRXNWZ1UVdPcWVGa1F6SmZGclh5eURuT19nOXFzNXVyTVpraTBESGZCVHFaRFBFRWpWZ3VocUdhWXZ6a3ZoWnhNalU?oc=5,The New York Times,2026-08-01,neutral
MTA,"MTA plans to fix Brooklyn's worst subway bottlenecks, IDs 70 congested spots in system - Gothamist",https://news.google.com/rss/articles/CBMisAFBVV95cUxNOHpGWDhNT2VDM2ZnWUl0NU5oWTV0TjRnRy1VeXV0M3dHYzlSLVZnemRvTGJ6UWRJRFRVVzZhZTZES3MzaWRVdkJWekN3M2JoalBYclctRVNwT3oxQVBscmgybXhYUEJiVDlLNl9nM3B2YW1kaVhJMEg0X3Jwb1pCQ2h6RVZqZUZIaWozREI1STNmTzE3S3FDcDVpT0JEcVh4UkVMUnhiNnNlQ1VVSWp3SQ?oc=5,Gothamist,2026-08-01,negative
MTA,Snacky? New MTA vending machines may be coming to a subway station near you - NBC New York,https://news.google.com/rss/articles/CBMilgFBVV95cUxPbHZtNGRlVUNSTFhUNm9sV0txU09QTDlLMmdZMjZXQkxfXzBhOWM4T2hMNEFuSDBjZW1mR09wR2hqeEYyTFk4OUtCWHNYNGVNZWl2RDJhR21lR3ptTTZ1dm9tMkEzWVRiZXhnTlJBNGFsMk1fMnlNOFVfWDJBeU1IQ1hSa0dQQnl6VDZ4Q1A4enBrYnBsVWfSAZ4BQVVfeXFMTkJpaW1PN3dGNlFFc3ZkcEQwN25sV0pvWV9uWThxaU1rWjRaOGRma191Y1RheHVWSXZsakFhY3JVeW05NV90eUFTclA0akZaeGN0YzduRFpOY1FBdm13U2Q0VFpZYkN2akRLR3RIVzVxLTlzbWlHVWdDVF8xcWNmT1pOUXAybVVfdi1IVXZtdUVicTJiX1F6MmtrT1h0Wmc?oc=5,NBC New York,2026-08-01,neutral
MTA,MTA targets notorious bottlenecks to combat subway delays - PIX11,https://news.google.com/rss/articles/CBMilwFBVV95cUxQSWlqaHAxcmNfMWRBSWtHa3pSbnk1bUItMV9wOEZUNXZZTkFKWlE4X0tva2drQ1BWYW5kZGt6dVZDN043eEpjb3VOY05tdlFHV1lEUjNmd2kyTWx4ZEJITFNZZVh6VjVHZnBmcVpHTXhTS1JhUzhUYWlKbzFBNVlaLUpMMWFZWm51aUVDVlZNRUJJQkgtUW1B0gGcAUFVX3lxTE5RdTR2MjZkbkNMazh0UFRWQldnNGhzZm9LRi1sazE0UEFpRXNnaDdjSzE1X0xfbnlxYVFuZVBvZnFXVVB3VUo4RVZLM0c4Z29SNVBhcDhselJUVnZKblpqTlgweGQyWnhBX2JlWkt2dWZNMmVNUXR1bHdtbklzLVZPVXpiZHcwOTU2VnJYXzRKR044N0hOenpOdUlWOQ?oc=5,PIX11,2026-08-01,negative
MTA,Governor taps former Baltimore delegate to lead MTA - WBAL-TV,https://news.google.com/rss/articles/CBMinAFBVV95cUxNNEJ0dV9QVmpISjh5ZkFlTFE1SXA0N2pCb2hRdW1PbWNTYXMwcHNaTUx0dVRCNmpMZFBPRU5MSVVJWHUwcnlmTmhOVkl0NnpYZk1KUC0yM2hyTlNPSTdmLUpDVjhQMW1qTEhSRUVhY0wzTUVHMmg0WjU0NG0zXzk1RkxQVjNxTnlRXzNDMlNXN25CTTFWOTdCWVE4MlM?oc=5,WBAL-TV,2026-08-01,neutral
MTA,"MTA aims to speed up service, reduce rider delays by clearing ‘bottlenecks’ in Brooklyn subways - amNewYork",https://news.google.com/rss/articles/CBMifEFVX3lxTE1kc0JyTHhnakJqdjRLOUdOdTZQXzlPOGtrUmo0NDlNUFNiZUpRYTUwcm45bVp6Z1ZsZ2ZOd1FUeVRKaUQtbEpCTDg4YS1CaGpoNWNySVNMSnVwQlVyWW43WnRWNWZMNU5FbTg1VXlPT3Jlay1TVERXNzh1SXo?oc=5,amNewYork,2026-08-01,neutral
MTA,MTA refurbishes 125th Street 2/3 station for Central Harlem riders - amNewYork,https://news.google.com/rss/articles/CBMigAFBVV95cUxNUTlfZ1RxbjVQX2RsbllGMVlCWmMtUTMyVUhyTHZkYm5HZHJBS0VLRExiVE80ME9taVZ2SjM1cWV0T3o1WFhCVk1ZY0FBMkluclJhc0kySF9KbkM2UkpCMzdIOENWM0tNanZ2UF9tNmRUbmpMejh6bm14TzlLWkNnZQ?oc=5,amNewYork,2026-08-01,neutral
MTA,NYC cashless vending machines popping up at some subway stations - ABC7 New York,https://news.google.com/rss/articles/CBMikAFBVV95cUxPejJtVXlrdDFsdWZDSFBYTk9MUDI3d0lsV1l4MEU0SlZIQjk2cG1xNnF4MXA0UHZMbXN2cjh4N19QTERkeTAySWhzdjMtcHBiMnIySE8zVnBwOTNGVVVTbloxNnkzYzE2T0wyWDdYckxfVUI2Qm1yQk5CeDY1dmdnd3N0bXExQUpPR1FFVDVZNkLSAZYBQVVfeXFMTUxWQllLc21pS0tvMTc0VVE3YS1NWHRIcUF0b0xTNDduQTFmT2NIeHNXWDdWaEhyZEtsRDRvUFppRWs2RlNSV3pjVUV6MC1TOVVvVm1JbWFZZFdZaTVZUVN0eTFBQThiaFM5WXl2UXlyUnZPdkdHZzcxWl83V1Qxb3Q2NUtqS3V4LUpXUmNrRDBESDhrRDdR?oc=5,ABC7 New York,2026-08-01,neutral
MTA,"Rail News - MTA budget balanced through 2026, deficits to start next year. For Railroad Career Professionals - Progressive Railroading",https://news.google.com/rss/articles/CBMixAFBVV95cUxQR19jbEk1V1ltLXhJMGoxZjk2cTBYbTlXSThZM2k3cGp1eHo0bmx2dnkySzlZd2xBdHl0Qld0S0ZPMXFlc3JidkFTVVpFeDFGakIzMGdiWGJPM0NxRzF0Um03cWVsRmY1Q3R2Z2l1ZTVPelNwSEkzRXNlUElfUTBCOEx3OUlYbWtUVWRsaFlZa202WWF1UWx0aWJmajYwYVIteEhvblhNV3ZzdlUxRnh5VndjbGpPQktmb0ZUN05Oa1hsd3c5?oc=5,Progressive Railroading,2026-08-01,neutral
MTA,MTA boss blames Mamdani’s ‘free bus’ crusade as paid ridership drops a whopping 7.7% - New York Post,https://news.google.com/rss/articles/CBMiuwFBVV95cUxQS1pvVjR4N193R3pDLXdXV2VJbGNTclJoRE9ydzJBQTF2d3g0RDFYVDRIaE92MnUwU2xlMnEtMl9iR1RCNFl4TWs0R1VhS2ZFM1BwUFhyNFNkcWxYMXRPY1Q3X0FCcDJuVVFJMWxrd1BBWDRISTlYSHpzanJFNjNhXzZ5cTAyclJjSlEzbjNyV0pzNnNSUTZvSWw1LU0zX05fV0VpNTkybnEydUFkUGZGMzdrUW5hemZISHBB?oc=5,New York Post,2026-08-01,negative
MTA,"Arnold leaves transit post, Scott readies for 'rodeo,' Mitchell hangs a shingle, in political notes - Maryland Matters",https://news.google.com/rss/articles/CBMizwFBVV95cUxQYUZPdl9mSHFyekItWE1vcFhlT2U4UUltSVktSkYwOG5ickJDR3FrN0RpbkVhck1nenNObk05VFBsc0doX1U1OGt1SE90TlFyY0lIX0F4MDRsQWpfRVNVRkNpdU95cjZZVnNjdnRvRmZYUmJlNGJJU2tZODF1RlBiSVcwaUFRZ0xMMDNZTjJiOEdCenBvWElrSUdwLWI3OEc2RVdpa3R0dWE3TDBKaE1GNGxIdnNpU25DN283WHBzeXRvN0RRLTE4Z3M1WFZjb28?oc=5,Maryland Matters,2026-08-01,neutral
MTA,"Blakeman slams Hochul, MTA boss Lieber for soaring spending and alleged mismanagement at transit agency - New York Post",https://news.google.com/rss/articles/CBMi4AFBVV95cUxOVG5zYXJhSWNERC14b2h3S3NCWTJjNERoSkc0ZzZTRURSV3RmME1veTlXdU13VlNxV0ZCS0ZJZjMtNW8tUlJSUVBMTkl3aUt5RFoyUnVpQ1V3SHpCX0o2MTZQSjNoZXJsdlN1U0dqTWctbTk1SzN3NXhRRTc4OGpQOTFPc1BCZUlqTkt1Sk1MNDBGc1JHZ0xhbXpialJoY0N3bk5ZUkFiVGFOSlhjOXBaeEg4ZEpWRy10UjhScHJBLWRTWC1ZSGpWaWpPWnpDaVpPZEhJcGU2T280RTZlZUllWQ?oc=5,New York Post,2026-08-01,neutral
MTA,Q and A: New MTA Board Member Janette Sadik-Khan Yaps With Streetsblog - Streetsblog New York City,https://news.google.com/rss/articles/CBMirAFBVV95cUxPRmdJVUI2UU4xenBLdm80bS1DUk5wNENWcEpMckZNNEZrdnhwNlFFS1VSZk9FYnVMaXpCanI2S1FfVTNsQkNQWHJEYTQwMjZPVGpmSHFaTkNNWDNpQmI0bGYyZmk1eTJsU3B3bkxMaDZ0S09NVExITjZCb1cwUTYxdG1jUUpaYWd5aU5wQlE0OTdYdThUcWl6VDZsRXp2VHRMMW96b0RUTXZEWnNl?oc=5,Streetsblog New York City,2026-08-01,neutral
MTA,MTA wants to fix Queens stations to address citywide bottleneck issues - Queens Daily Eagle,https://news.google.com/rss/articles/CBMirAFBVV95cUxQRnl5SkVKNXAtT1NxeVV4U3ZiTkJCbHNYY2lBLVM2R1VhRzFFRC0yczdLQWZacjZUaTFwbmxMcWJVMUFGcDY2RG9aQjFFNTRtbzNwbnNXN2dSQUxsaEgxMzZ1OGxUZUVhSy1EWEFSVHRXamdROTVZS2NrWUlfR1oxb09rWFg2TFlQSkgzMm1KSldjdHVJT2ZyM0VsakJHcl9yZ2g0VkhHaGFHV1Jy?oc=5,Queens Daily Eagle,2026-08-01,neutral
MTA,Former state lawmaker Tony Bridges is next MTA leader - thebanner.com,https://news.google.com/rss/articles/CBMiugFBVV95cUxOOENJMWtmZE5FUjNvcFNsWDMyTzZpaTVoNjJEU25hcnV3NzNLNlNxNVk0TmJsUy1JN0xOOFItaTNOdjRKLWwtNXZLRFZmaEVFNDNsemVDcld4NmNkWkhINmp2dmxPT3ZkUzBkcFhyWjdlVmFwSTkyc1lnczFxcTFxSEF5Z3FDbXJMTEdFSWtoOTU4amVab1hSb0NNWDVJREQtck54NjUtVjBCZDVBR3ZMZmpZRTJIcUFzQVE?oc=5,thebanner.com,2026-08-01,neutral
MTA,5 Passengers Hurt After Mta Bus Crash In Hunts Point - News12 | Connecticut,https://news.google.com/rss/articles/CBMiiwFBVV95cUxNM0RYQ3dVMXg5TU1hSTJhZmNfUWNIMC11aVJVZXNmajRsbDNfTm5IRUV1QV9CTkI5ZnluOWEyM1dfREdaS1k2MTJMbUx4TmI3eUdiLUNQa1dWc3ZFUTJBZHdabWQ3TWhwSURVQXlvbUJrSUJPMDNKNVg3S28xLU00OTUtMWhuWmt6b1Nv?oc=5,News12 | Connecticut,2026-08-01,negative
MTA,The MTA bus routes that slowed down after cameras began ticketing double-parked drivers - Gothamist,https://news.google.com/rss/articles/CBMitAFBVV95cUxQSTctdXhqc2Y3MF8tWW5yTEFoX0hPZEhRdW9lOWJzaTVubTVUYXNOOTIzRmhMN1ZqT3BUSzdhcmhjdUx4WThPZG45YlgydEZGUEdkNDlzVVNJcU0za1VxRGVXZi1XY2NoM2Nxek41UHFfeUZ5bll3Ymh2c3BjZFVucFp2alpIRk9tQW1Ic193V0p1UUs3bXc5ZnFrM0hRX05TQ1ZSUGk3dEcyZVhDTDRxVEtPWGM?oc=5,Gothamist,2026-08-01,neutral
MTA,"OMNY processing issue resolved, says MTA - PIX11",https://news.google.com/rss/articles/CBMif0FVX3lxTE82Y1Y0VjBjYkNZT3VaTEt5ZTNDdHVtZ2otN0ZlVTVQNzYxXzNtLTlMcDBDRURzakpPdUQzd0NRclZMRzh3eVJvM1dVbjNNVlFYZ3dMUG55ZnV0TzlMYm1KOHhOcThKeTZIeENkZDh4OU1SREZjbXp6NC1DLThtc1XSAYQBQVVfeXFMTk9yTWZEalE1c1RFUDF2dmVpTkZSbUFTUmtSNDlUME1XTHNSODA0XzFRanVnRWQ0T0gyLVJxZVBLMFh5enpvMkkzVjUyQmhiWVFkTVdUaWVqVzdueDY0QWphWnFXSm9Lc2U3dDJETTVUajI2bEdmMFoxeVR3X0R3ZGhpb2c2?oc=5,PIX11,2026-08-01,neutral
MTA,WSP Congratulates MTA on Major Milestone for Park Avenue Viaduct Replacement Project - wsp.com,https://news.google.com/rss/articles/CBMiggFBVV95cUxQVXRmX3M1NGFqajBRaVp0U09GMC1wQVBnYU0tTjUzTWNuWmw1X3pGdTAxeGg5YmZPZEFBeUhUd1k4WTRhZ25LVUJyM2JHQjcwUGNvQjFLMUVNQm9DZ2x2Q2pNb2U3TFhJVElUanl1d09SZEVldGpveDA1ckJwal9mdDJR?oc=5,wsp.com,2026-08-01,neutral
MTA,MTA boss says agency ‘developing capacity’ for OMNY to show balances and transfers to riders - amNewYork,https://news.google.com/rss/articles/CBMid0FVX3lxTE40T09RMndjUDFoVHFmVC1VX2ozRjVKd29BamU1aXpTWGRIY1d1ZURrZFJ1LTVUQ2UwWGtFemt1UFFlYkM1R0w3UThlWElrekk4NFpieE5PdkNQU0F3UHk1d0U1STF2WmV0cGF5cUY4WnQxYWp2bFI0?oc=5,amNewYork,2026-08-01,neutral
MTA,"MTA completes Park Avenue Viaduct replacement five years early, nearly $200 million under budget - Mass Transit",https://news.google.com/rss/articles/CBMirAJBVV95cUxQR0lNbUs4YnRfdHFmLXpvT05lMUYwTXJZTGtiT3QtX3d3MzVjNXlHR2JFNkl4Q1JsM1ZCcTRHQmlsbnRVTUk0WW1ldk5EWkRmTjE1T0oxWTZaYVFjejJGWW0zSzN3c3pqRjhXNFZoY3I3Tng5TWxJYjRHV015eGZUMVpVQXRmaXl4R05DTmlRQ3JEMFpULW9qdE5fYU1PTWtGVlhkOFBiMExuUXJjWEtDMmNkelBBQjJvMkZKYlNXeDM3VWlZYTVVQ0VTYzVkb0RxS1I0YmI1MmNhVl9jNURjX3F5dnJtbFBnQXp3eHBac25nVVlPWUFvNGdnZThvSHBPckpkSlplbUtocHp0d3VPOGtoRVFtLTI3eXFHWmhMcllZbTBtdm45Rk1MdlI?oc=5,Mass Transit,2026-08-01,neutral
MTA,"MTA administrator to resign in September, Moore officials say - Maryland Daily Record",https://news.google.com/rss/articles/CBMiggFBVV95cUxPTWRVbGVGZ2E1M1BMWVVGUC0tSUl0aHp2UGJySDFSaGpXZkR6bGx0QnhHMGtyRmg1dXk4MzE3RWRYam9qMWllOENNUGhzMFY1eVBZR2RmN184TDJJaGdNMkg1Z2hBXy1JeXBLelB0aEJEaVBkZHZrbEVNd1FGMnJsRWxn?oc=5,Maryland Daily Record,2026-08-01,negative
MTA,"This is NYC's highest-rated subway line, according to the MTA—and we’re honestly very surprised - Time Out Worldwide",https://news.google.com/rss/articles/CBMizAFBVV95cUxOV292TVphM3VYWHdYSkV6RkYzUzNjRXRtSFAzV09qV2pwenE0MmZwM3RwVmdBQWNwZjd5Zk5Ed2dKWXpUNXd1aWtOWFd5TnV6Q2JBN3Qydi0zcDIwWkR5QU0tV2R1T2t6QTFqWkVZVUVVYnFTVlc1VlAtVjk4UXF6eFdrNjdfc2tlZXJDM0ZvOTBfZ3F2RVJSd2puX3FTUlljbUg2ekM4WjZtVXVOUXZ4QTJXNEs3cTktZURSUWUyN2RoRUxZQ25TQzZJNmo?oc=5,Time Out Worldwide,2026-08-01,positive
MTA,MTA and disability advocates settle long-running elevator accessibility suit - amNewYork,https://news.google.com/rss/articles/CBMiigFBVV95cUxORDFiV3dNd1pVYkFZREJRMV9KVm1ZZVVINFdFTnlidEo1Tms4eUhsai1pZnozVGVRLUVycGtPYUpvWGhrWlNFYzA0VXBZcEhYaU50LV95V2JpYmtFaDBGbHlIeG9XY05fRVRkMEQyS1F0TkZ2VXZfdW5fN193UnAyVF9rNnVCTWhZQ2c?oc=5,amNewYork,2026-08-01,neutral
MTA,Former Baltimore delegate will take over as leader of Maryland Transit Administration - Maryland Matters,https://news.google.com/rss/articles/CBMiwwFBVV95cUxQelJiY3Nyb3FlZlpKYWRyQ005Ulo1YjlFTXJ0djdZODdMZ005QjRWOE1qWnB5VGpiSW5wRlFRMjJNTHY4SFVBN2Z5REVHNGVrb3lQV05FYU5zN0E2TEExcUdTajhINlZKMkxTTWc4eE42UWFUTVVPMkZ4V2IwSDQ4T2lpc0VndFJ6bzVGSGt3bmZWTktqMzM2QWpsNlF5T3BVMmNYNFZ0TC13WlNIZGh1WHA4ajBKUU9WVHRRWkdQdmx0TE0?oc=5,Maryland Matters,2026-08-01,neutral
MTA,MTA Administrator steps down after five years - WMAR 2 News Baltimore,https://news.google.com/rss/articles/CBMinwFBVV95cUxQZW56WjczNU5VODk0QTJzZ3gzbHAyRktmWDctMThFRU1tWjk4VFZ6eE9xYjFDM1FtUHhqMW55eGtiRFRWUy1SRUE1aWpVUm5EejVIcmxILXA0OWlXWGJidjdOdXBkLTFURllKd01pTjMtRUE1LXFJU1ZqYTI0Q1FaR01mQVZ1MW51SlV3b2RxUnQ3QThIN3hHTGdsTW1RaGc?oc=5,WMAR 2 News Baltimore,2026-08-01,neutral
MTA,Battery Drain: MTA Trims New Flyer Electric Bus Order Amid Tech Growing Pains - Streetsblog New York City,https://news.google.com/rss/articles/CBMiswFBVV95cUxQYjJiS1NIYVN4TFhkblZwSFd2bkcwc1RONmZCVEkzTU1yWGNPVmNZS091Z3Y4eHFuU2tQUjBiSDFxb0k5WXRfbXBObkVzNHRDZ05QQldlLXFZQ1JfeTVMa0JCX29adVlZaUJTOFNKR3pmYnRNNDNyYlJaMUpSMzdCcF80eFBUSHhqREZid1M0Y2E1NWljNVoxcVNDMWxwODFmQ3JwN1l5d3Fkc0x4d2JwQ0RWdw?oc=5,Streetsblog New York City,2026-08-01,negative
MTA,"MTA settles lawsuit with disabled New Yorkers, commits to better access, working elevators - New York Daily News",https://news.google.com/rss/articles/CBMixwFBVV95cUxNbHI2ck5DQ25xcDdiNUplN3h4dy0zdzYtQWJ4RU9zaU5xQ2ZWbDlpdHJWellZNG1YRkgtVG51NEVaa1pSLTRZc2ZnN19lVDRoejY1R2VQWnNaRTZaQlhqbmltSkpVM2VJMG41cXl6MGNtVDc3Z1E2VXZGZjMydlZtUklkMWdfdjJVdXJfaW4zdkpVYWZDN3MxeHFZV1loQkttU0RROW1jQU50Zi1neXMtbGo5Sy1QZ2t5VkZ0ZzhHaldtUnpVNHM0?oc=5,New York Daily News,2026-08-01,positive
MTA,NYC transit system faces $900M budget shortfall by 2030 - Audacy,https://news.google.com/rss/articles/CBMingFBVV95cUxNZVBLbk1ScFM0OEswb3Y2RGo0emhjQWhlQ1Nra3JCTnk3WWFPUG9mQ0UxbXZDV3R5N0tFS1NQeDA3NVE3U0NQd0RBZXpGUU1IdWNRUUY2eVl6eEE0RkdJNnpyQ0F3TmxJYXFCNnBydll2eHhCQ05XazJIZlMyNU5ZcTlReHpGOTJfX04tLXB5bUo4aG9IWEJRZUFDSy1Wdw?oc=5,Audacy,2026-08-01,neutral
MTA,Tony Bridges Named New MD MTA Administrator - aptapassengertransport.com,https://news.google.com/rss/articles/CBMihgFBVV95cUxNeUV3SjZud3YxNjBvQ0loeDlCSEdDeWxEYnpTdXBUZkpJNkpmbm5XNkpnSXN0cVZTRndDbGVfQlAzbEVsMGUxck5nWDcxbzZ3QW5wc3l0aTRZMmdDUWptaUVHdmNhWHRqR3ZhT0ZJTG1FVXJkbEx6U0p2Vlh4Wl9jeC1tLTRRQQ?oc=5,aptapassengertransport.com,2026-08-01,neutral
MTA,"CC Vending, Coca-Cola Partner With MTA to Deliver Convenient Retail in Subway - globest.com",https://news.google.com/rss/articles/CBMisgFBVV95cUxPVnB4MU5jWFJzSTBNeVRkSkszOTk0UXI5S1BtVXZ6SnhCRWQ3bENSSEQtXy1NeTNPTkc0SnA2ZHZMdkRDNGZnU19zUWhzV1V5WEEyYVZzTkpoTnhmVTI0Qmc4dzYwT2dHSGxyajVtZ0k5VjdkNk1mc3RwdXotcm5jWFU0ZjRFOVV2X1A0UUlDQmVnN2VzbUc3WXJkazQtX3ZFWVZuUDlibmkwQXRiZTJKTHBR?oc=5,globest.com,2026-08-01,neutral
Massachusetts Bay Transportation Authority,$530M from state millionaire tax will go to Boston-area transit agency - Smart Cities Dive,https://news.google.com/rss/articles/CBMijwFBVV95cUxPLVU5TmpsY0RxRTRSNXJkQjN3eU9BelRlVlVsdk56cjdVMFdkYjlGNy01MGdfUmcwd0NaQXZhNDRDaC11N2lWWFduWVJMVkpqcUpCTUloN1RFMGYxekpnbVFMVmVIQ3BCbzRHYzV6b2J5bVZHZGtrNlM5bnNaQkFWeUhkMkV4Qkp4Mm5RMXFYcw?oc=5,Smart Cities Dive,2026-08-01,positive
Massachusetts Bay Transportation Authority,MBTA expands Transit Screens @ Libraries initiative - Mass Transit,https://news.google.com/rss/articles/CBMi6AFBVV95cUxNd2EwQ0R5MGpLNE1zRjROSm5PLUpoSEVVcUpZalVKbE54WnFhR05WbkNEQndTMFJWb2Zmbk5Db1VVQ3VPbHFfWkRUOUl1a1ZOUEU0b0cyaU9ZbWF1MGJBV3ZSc3VVZDFFT0xyRVYxRURWckhGLWlhWnppQzBXWHVTMUtYOEZDeksyUUtCaTBtSlFTVGE4aGZUMy1PZmxCTUVreVgtUWJReWJJZENrMjhibUVINFppMGFpQTFUM1lna0dlVEIwdVdXMDgtc19XX1NtdGtEUGZvbi04VzBRYlhWLUd5ajY3LXRP?oc=5,Mass Transit,2026-08-01,neutral
Massachusetts Bay Transportation Authority,Major Upgrades Completed at Kendall/MIT Station - Railway Track and Structures,https://news.google.com/rss/articles/CBMiiAFBVV95cUxNZGluenAxRVRzTHBlQmlLMGlGd0NlcllIbVdoak01NjNXX3NiNVRjTnBaOXNTTnJIN29tcTZ5VVV0WlZHVXVyRDN0NmFYWl9QQnlxbV9Idll2cG43ZkR4YThjVHBjZHlUcXdabDAyalRHMmZ6b1NTR0tvMFJhamhnWG43cnNEdjJh?oc=5,Railway Track and Structures,2026-08-01,neutral
Massachusetts Bay Transportation Authority,MBTA announces service changes during World Cup - trains.com,https://news.google.com/rss/articles/CBMigAFBVV95cUxQejFUREdxUEFCWF9PMmhlUEhqeE5KTHBSSElDNzFJcjdfLThUMXNmd1pEd1QzRlRyc01fUnplREs1RlpPVmE0ODJOTTNQQjUyMW1GQTZxQ0NoUXlmWlE2cklwa21lYngyVWhHbVpWUmZBektCT2xkR29HNWFoSW51Zw?oc=5,trains.com,2026-08-01,neutral
Massachusetts Bay Transportation Authority,Three shortlisted for Boston commuter train operating contact - Railway Gazette International,https://news.google.com/rss/articles/CBMirwFBVV95cUxNNXVOcHpxY2ZaZURVSGF3dGc2NW1qbXBKOFM2M19CUWNYLVB4cGNsUnNxMWJKNUpqVjJhcU9vT3pnaHFtaWVRd1JMcHI3WEI0UGpWenhKcGRxbGtuWG9TdDRKMmlfSWZXa1E1bTdlNXRYaXp1dFM2SUlhRm9Sa0pRRmFGaE04eFJxMm5VQmpZcDROd05PbG9DaTlMcDBYSlp2aHlVZE5rOGRpbUd3cWRJ?oc=5,Railway Gazette International,2026-08-01,neutral
Massachusetts Bay Transportation Authority,Authorities investigating after pedestrian killed by Massachusetts Bay Transportation Authority train - Fall River Reporter,https://news.google.com/rss/articles/CBMizAFBVV95cUxNNTlKTTY5T0xocWRrYURtMXA5QkhTMmVUa3IwbVZwRTdpNF8wQVBoejdQaHlRNDBpS2MtaFprYkdyeFdCd1ZTbExKTFF5YXJEUUpTMWdRQWhVakRuLWtJLVZ0VWVQcl85NS1XeXVadnlhRGlaY0JVQUd4QlA1c0dQU1I1NzZZZUZWbTc3RERmYlRDVF84SWh0cG80dG5kU1FYVWRMTW5BaG9saGhWVUczWGNaSWVyUUhvWHdZaTZ3LWtac3VGZzJmUzBnRnrSAcwBQVVfeXFMTTU5Sk02OU9MaHFka2FEbTFwOUJIUzJlVGtyMG1WcEU3aTRfMEFQaHo3UGh5UTQwaUtjLWhaa2JHcnhXQndWU2xMSkxReWFyRFFKUzFnUUFoVWpEbi1rSS1WdFVlUHJfOTUtV3l1WnZ5YURpWmNCVUFHeEJQNXNHUFNSNTc2WWVGVm03N0REZmJUQ1RfOElodHBvNHRuZFNRWFVkTE1uQWhvbGhoVlVHM1hjWkllclFIb1h3WWk2dy1rWnN1RmcyZlMwZ0Z6?oc=5,Fall River Reporter,2026-08-01,negative
Massachusetts Bay Transportation Authority,MBTA Board Approves $10.3 Billion Capital Plan Through 2031 - Metro Magazine,https://news.google.com/rss/articles/CBMimAFBVV95cUxQa3duWTMxN2NYOG5FRmxObDBxVTVoTjRIR2xVUFpzNDEzS0pEOHI1QWU2WGwtaTBwV2dHSVBTVEt6aHhxdThWVm83SnlQM2ppUG50dTZVYmg4WnpWWmtDT1MtX0hmVWFvQXNKY3ljUlRQVnhVLU5yZk82ZFJManZKTWVxdS04UHBUMkppODNuZ1NwNVpSR0xEYw?oc=5,Metro Magazine,2026-08-01,positive
Massachusetts Bay Transportation Authority,MBTA threatens to use eminent domain to pedestrianize Boston streets during World Cup - Planetizen,https://news.google.com/rss/articles/CBMixAFBVV95cUxPRk1oWEQyWkgwOHJIVWc3YmxkbzN6bG4teEx2aHllQkNjbkQtRTA5LWphekRTRDlhUmtLS0Z1ZXI5dnJzejVCc3FUYTBLNTlfc1g1VFRXajZDODJmYnZSd281U0NkT1hJNERZcXYwMFVoYVZjN2Jhc1pCNnRVWkpfVmMzLVpXbU9VYzNMNnp6WHNQWjFFX0xaWUduQkJ4alRCelNBanFkTE5XX3Y0Vm9yRnhLTm9vV3ZXNVJFXzBxckV1TUFv?oc=5,Planetizen,2026-08-01,negative
Massachusetts Bay Transportation Authority,Boston-area man killed after his clothes get stuck in a Massachusetts Bay Transportation Authority escalator - Yahoo News UK,https://news.google.com/rss/articles/CBMie0FVX3lxTFBFcnBCRjIxaloyM0VJZm1nazNEdVlLZWtDa2pBN3hXVDlwUkZRV1lKUXBRNjkzcGgzU3Y3NjFDVlhSc1JNQkNrNkV1UHViMGQxX0dCNlNONUlETFR4SXJYa0p6bFNSTmRLWHl1cGdFVDBSTGtyWThjWnFUYw?oc=5,Yahoo News UK,2026-08-01,negative
Massachusetts Bay Transportation Authority,MBTA train tickets for World Cup 2026 matches to go on sale - turnto10.com,https://news.google.com/rss/articles/CBMikAJBVV95cUxOWXNZMTJHcmJ1eWtkbC1MZUh0QWpjMWZlejc4ZElXa1d6THgzaTVoeFVLUDBNNHNWUVZHaHNEVXE4Z0tpaG9mdUc1ZV9fdHZvM2hiTmJnd01HZzV4Y09hOGRLbkxrbVJKMHNlM09MSWg3LU9YbkJqbUdYcTk3bExreDNyanRPYlJJbnpKWVhvcmZGM3dlZ05vbmxZRHViV01ObEpsV0lvVWkzUk9jUXBENC0tWnA1OWkyVWVtbWNLY3hWLWJmeDZFSllKQ2ZuQ1RONVdqcjkxLTFEQW5IQ2FqeV9GeTc0VVJ6MjZYOE1vME9FSU92NGJlaldYMXpaUEhxbGJVdm9leXdTSWswRXpDTw?oc=5,turnto10.com,2026-08-01,neutral
Massachusetts Bay Transportation Authority,MBTA to close Symphony Station for nearly three years - The Huntington News,https://news.google.com/rss/articles/CBMimgFBVV95cUxOc0ZzaGdUTm5pMUxjZncwejVPRkNJSkFCNHZZYUdja0YzY3U1YmpaUko4cV9jX05LUV9XS1BKTjJmTWFTNzlLUGNZbXdYemxTdl9iZjNqaTVSMHZiZF9hNXZ4eHZSc1pWNFQ2Ymo5c21fOFRiVF9FMzBNSVZ4cWZZWmgyVG9JUFd6dEFFNjJqVFh1eGxpLVU1U0dR?oc=5,The Huntington News,2026-08-01,neutral
Massachusetts Bay Transportation Authority,AG Campbell files suit against 9 communities for noncompliance with MBTA law - WHDH,https://news.google.com/rss/articles/CBMioAFBVV95cUxOTUNhQmE1NDFDU2JCRTFpUk1YWWZKS0lxT3VWcHRKb1NQcjI1dU5Zdy1HcHctRzkwa3FuT1JkbVNxWFRGTE9hUXpIbEJBREhmYkNfUDVKcXN4ZE5XbDJsak55SEVXSHIxMm9RSjZyWmJnTjJYRUVhQTRENFY0TkFjTEd4Uy1yY2hPLWFnd1FPampKYVVNeFFBZXdpcVFkYy1I?oc=5,WHDH,2026-08-01,neutral
Massachusetts Bay Transportation Authority,News photo: MBTA’s America 250 unit in operation - trains.com,https://news.google.com/rss/articles/CBMipAFBVV95cUxNMUxKQTBfUTAtVTcxaWxzMnNvcVNlNlBqME9KTzJfZXNqZkItRHZ6WDFJVGhDb1dZQ01DdjUwdVBqa1YxNHJkWnc0bThYSUQtZ1h3Y0JLZUJuQ3FKRkJIazhQTlFtNnNnQ1hQUDdHVkMxNkJzYkVVUWUxOC1DMzV3TDdXcjNvZmFtZlZnekMzYnFJZWVwMEZmMk5OenVGQlNIcGVXYw?oc=5,trains.com,2026-08-01,neutral
Massachusetts Bay Transportation Authority,MBTA’s proposed FY 27-31 Capital Investment Plan to fund remaining cost for redesigned Arborway Bus Maintenance Facility - Mass Transit,https://news.google.com/rss/articles/CBMi1AJBVV95cUxQd2diQ2xjbS10NHQyTTF0d3RRS0dkaWNoYjlHR1ViWFg2dXhFaWxmRml2NzM4VktpYmFLQzhYR3UtdTdmUkxubGg3aGxqX0hDX3FFUHQ1QWFrLVJJTmVpUXlUTi01ZGRkc2ZOaDhXNGM0RG5wYjc2YnkwTTI2c05jMjZuX2JFOVd1NE5Bdk13aHZOUXF3X0M2aWNEb3U2Vzh0UTRtRkxOa2J2aXFQZnoybjBPOTFvWFRReWYwc0tuSTd2Q2J6ZVJhMlRFLWp3RXozQTZkdDRPTkxFS2dLUzdzN0tMcm02d0l4MHB4N3UyNkU2aVhzRlNkc3dUVUJORHhreTBsSnA0QXpzM0VBaVRYZy1aYXVFcG9GS2JIaERsTHJmdjVHb1RnZFpUQWFlemh5eW52YURKYlBmWEc2TW1ET29BTWJVMURZMkxVLTRjcmlmTERp?oc=5,Mass Transit,2026-08-01,neutral
Massachusetts Bay Transportation Authority,MBTA Updates Rail Modernization Plan to Expand Reliability and Accessibility - Metro Magazine,https://news.google.com/rss/articles/CBMisgFBVV95cUxPaWZNaVI5OXFHZXo2X01uSWdhVFB4YV84TVhGcEZFVTN0Vm1sa1c5UWhOZkl4Z3dUSk9zd0k0LXhJSHZBcElWTnd2ajd0WTdPMFhNN2JSa3liT3pwX0NkUkhtMHVKdmF6ZWxSMHp1T3NkNF9DcV9oOVA1Uk9ybzJqLXUtcFNqU1RfQW1feGo0aGhwengzUjN0eVA2SlhNY2V5dm1aU0ZOMU43OWNIU0I5cUR3?oc=5,Metro Magazine,2026-08-01,positive
Massachusetts Bay Transportation Authority,How Boston transit leaders fixed a failing transit system - Smart Cities Dive,https://news.google.com/rss/articles/CBMiigFBVV95cUxQWkNTNkd1NGE3NjZFOUE1MW12MzRXMnV5SUg1QWhjVUVLdk05amJuQjhSSTZXSER1T0szVEo1d2IyVFZSdGo3QWtnN09pQjdTdVlBUWo4VWxXb0NST29VN290dHp0TWF1S1NwNDI0VW4wQmNxcDdqLVhtcmRzYmFIY2VMdTZCM2k3c0E?oc=5,Smart Cities Dive,2026-08-01,negative
Massachusetts Bay Transportation Authority,MBTA sets price for special World Cup trains at $80 - trains.com,https://news.google.com/rss/articles/CBMiqgFBVV95cUxNNGpJczdrMkIyZW9ZNVFlcFgzanB6aXZGVDg3RHJRZ3NDYnNBRDJxb0VQa3JYODZ2bU9MdFBzZi0zenRXdFdpS1NVNjAxaVBzUmxrdzgtUVhSWGZnUEdfOUZkYlJrSU5keGVpVXhnVVJUV1A1OGhnVGRkUGkzd1ItXzMxaXB2U3dPWDNFdVowazF1U1FIOFBCZl81NU9RTno0UWh4SXI0VWREUQ?oc=5,trains.com,2026-08-01,positive
Massachusetts Bay Transportation Authority,MBTA Wraps Up 2025 with Strong Improvements Across the System - Metro Magazine,https://news.google.com/rss/articles/CBMingFBVV95cUxPNWM4Z282YzZSWFE4SzcyNUJFcDU2S0JPdVdkMm1CbWp4WGlRMlNkOFV5bjl2SU9tbDdMLXljR19nLUxZV1hlWUhJWE9GQ29QSlJoRndtYWZVWndKUXVvQzU5cWVqYlZrdGkzcHRacHdUTUtySHY4M3lQbXI2X3Q0QWUxVmJENEhIX21nMXpkNDRVaGplS0ZHT2plQzRKQQ?oc=5,Metro Magazine,2026-08-01,positive
Massachusetts Bay Transportation Authority,MBTA announces summer fare savings programs for commuter rail riders - trains.com,https://news.google.com/rss/articles/CBMiwgFBVV95cUxORkd2R0tnb19MWlkzcFFGZmtROW83SUV3T3Z4UjhwSXI2dmREVXQwU2NXeU5EM2NNNFBqYW9GSmFrM2Y1TkhxcDN0R00yMFF6SWVycy1iSXM5Yk9wWDREWUM1WlBuSGJmX1JnWkxLZlJVX1ZVWlFNamhpWm9CdmpFbUNoRG9LWXJfQlpkd2h0ejkxTGRRYWZUV2w0ZlRGU0tZU0ZXWnI3R0JSMl9Zdy15MWdoT1NnaEk0ZzVrNGdfMXVydw?oc=5,trains.com,2026-08-01,neutral
Massachusetts Bay Transportation Authority,"MBTA seeks new battery-electric, diesel locomotives for commuter service - trains.com",https://news.google.com/rss/articles/CBMivwFBVV95cUxQa0k2Z0VOc1FyNlQ5YjhGbEM1Ylp0aS0tbHUzRWNaOGlXcXJyT3FWRFlXRFNKa1pIckY3TDc2QjVnUFRoYXQxTE15VUtFZmpSazFrWDdncExrZUJRVXZ3anVHWjhQY25iV0kzMm5VQ0ZJaVdlLWR4aTRWY2czdXU3Sl8taWEzS3hwYUV5QWF6OUhUU1lIbW5pZzU3dEhHbWxCeGo5cGpjN25GdEhSTEc2MTd3VVl1N3IzV1YtZll3QQ?oc=5,trains.com,2026-08-01,neutral
Massachusetts Bay Transportation Authority,MBTA selling $80 World Cup train tickets from Boston - WPRI.com,https://news.google.com/rss/articles/CBMilAFBVV95cUxOM3hmREpJTzNBZ19hQVlQZ2QyUnB5N1o1SFhrdlVFNHh5TlNYV2J5NDJOZ2c1ZFAydHF4bWZDV3c3bU84UUxLamc0eldMSWpIRmVhYWxKbG0tSy1XQV9CeE9aZlp5NTg3WnBpR2p3cEhwbllxcFIyTEpOVUpqRmt6VTk5RmVkYmNLQllZQVptWDE3UG5D0gGaAUFVX3lxTE5uWkpHeXhkTE5JLVR6NHgwUmw1cnB6SkNINkd1U1ZDRVJnbkh1ZktTY0J4cW1mSk9tRzVhUk1CSHNzb0pqUERQV2c4N2hsSlY0YnVHS2FmR3VhbVVjZ2tGQ3RFWkJCeXREdkJndFNqZ01ubzA0LUFpRXZuTWs4aWVTSTNsMWNJdmVDLVlBWmFRUEtvZzVRcmpySXc?oc=5,WPRI.com,2026-08-01,neutral
Massachusetts Bay Transportation Authority,"Transit Briefs: MBTA, Brightline - Railway Age",https://news.google.com/rss/articles/CBMid0FVX3lxTE8xa1JGU0tVeFRlT21DTS10WHZhOVlSd2IwQ2ZHdnM3ZVhNMk1mLXMzV2tFZ3U3UTdtN0xJQzZkNjI1bjJrYVhqY1JGMmpudlE1VnhLM2FGTWo5X2lJSjRiMUVjRXVmbHZZclJBcWFXdWplTjBYRzRR?oc=5,Railway Age,2026-08-01,neutral
Massachusetts Bay Transportation Authority,Maintenance work to impact Fall River/New Bedford commuter rail weekend service - turnto10.com,https://news.google.com/rss/articles/CBMi_wFBVV95cUxQYVVON21ZeDYtSi02ZkhZS25ub2JZdnROM3pLeUgzM2kzcExtWF82eDc1b2Jvd1c0T2x0Zkcwck5LUTNZcHRjVmcybVB4cE16SFlwS0lnQWl1WUdfZEd3NHNSSlp4U2dFZnZmUE1jX2ZobktOTFJhZFBEMUlrUjMtQzIwWldtaE1CNFh0dmZMQllqQ05CQnhJME9xaDFnRkdwU1Q5TGt5cmhXWmN3VkhmLTRrNEZOSHRKTlNHbHlqdFBnU1IxekYwOUYzOVMxTWE5NTQzZmUxejJuOTJYLUNZUU52aXFDNjNCQXFZN3RoOEZBRzVERG0xTURqbndaZFE?oc=5,turnto10.com,2026-08-01,neutral
Massachusetts Bay Transportation Authority,Boston Charging $80 for World Cup Train As Free Fan Fest May Shrink - Front Office Sports,https://news.google.com/rss/articles/CBMickFVX3lxTFBZbWFZYzNsMVkzM1hCZkpXZTliclE3cFNFYmloVmFBTTVBQzBCNVdZVHJueXljUGZMRjU4MWdFd2Uyam11V0U0NTZBeGNNVHk3YUVBLWR4bnZ1UmVJT1hTS1NJNjBqYmNCUHhFQjBBUFVFUQ?oc=5,Front Office Sports,2026-08-01,positive
Massachusetts Bay Transportation Authority,"Award of Merit, Airport/Transit: South Coast Rail - Engineering News-Record",https://news.google.com/rss/articles/CBMiigFBVV95cUxPOVh5ZDZabGpJVmU1VDN4V2NySFRzRmx4MU9FNzNlTzZ2SnBfU3FvN2hzd0lhOFBOWGppcjlDMmZZSERiZmNLSzY5aGpGX05hM1FnY1lNY09hZWw0MzdqQ1BxYlVYWXBvRW5WV0Y3VlhnSFJUcERsbmVtVEhFMFVyaWtNV3Fpc3dXVUE?oc=5,Engineering News-Record,2026-08-01,positive
Massachusetts Bay Transportation Authority,The MBTA must crack down on fare evasion - The Tufts Daily,https://news.google.com/rss/articles/CBMiiwFBVV95cUxNSlVDXzdweEtWUTBmOHZCY0tCMi0wWHBpZjUzYzNsQ08tLURkZ3FmbWp5U1FSMzRFWU1MaWtIYTV4TU52QVpKZVg5NTM2c0lBZ253Q1NSWVJiaDB1YkcydzJ6X2wzN1U2cGQtUHpGTUY4MmIyQjFtbDZxaXVpWXQ2U1ViQkJWMjlaY2xj?oc=5,The Tufts Daily,2026-08-01,neutral
Massachusetts Bay Transportation Authority,Boston-area man killed after his clothes get stuck in a Massachusetts Bay Transportation Authority escalator - Yahoo,https://news.google.com/rss/articles/CBMihgFBVV95cUxQdTc2S1U0dWM4NHBOTEs3VjBCMEw3TmlUWlVfdFFzazdabXRqNjM3aDhNa19wYnN0THY1M3FBWTR2NGRvREFoZjZjLVRXUlBoeEV0bkFVeVo1cTk2YUxISTFmd3lscjh3N3hzUk0tNDZTM3VmOENnRzluVVc3T1BqeFBLVEZ5dw?oc=5,Yahoo,2026-08-01,negative
Massachusetts Bay Transportation Authority,Massachusetts Gov. Proposes $8B Transportation Investment - Engineering News-Record,https://news.google.com/rss/articles/CBMilAFBVV95cUxNMUVKYzYzLVNjcWFSNGNJUkQwSmJLMER3M0s1aXNZX2h6cjdCVUhzVUltZm5JekgzQmhNWUJWLXVabDRRNDJfYVJUN3pqd2JFTUcxUDNyVWFHdWlfeFBUcDJSSUJKRmVmeTZTOFBHbDkza2pZVzh0WUVOQXNqckF1Q0xpZUFEeGpYS21MSDJPSHNhYzZY?oc=5,Engineering News-Record,2026-08-01,neutral
Massachusetts Bay Transportation Authority,MBTA commuter-rail operator contract moves to proposal stage - Railway Supply,https://news.google.com/rss/articles/CBMikgFBVV95cUxPcFprX3MzWnV4NDZUQ1JTdTJxa1NjczFrcjQ3MkplWnZIRDhsZDFHbWtsSkxtS1B1ZWw0aThKbjNMdUFJTDFLY3MwNnNoYkk2aGdwVlVIa2h6Q2hEdjI3OWQxXzgxMEdCN1BiY1RTVVJfeXY3UmdGRWRoRjAwdWh6MjlWUmI2ZHBQdG1BSVVWZzd2dw?oc=5,Railway Supply,2026-08-01,neutral
Massachusetts Bay Transportation Authority,MBTA announces new weekday Harbor Loop ferry service starting June 29 - Boston 25 News,https://news.google.com/rss/articles/CBMi0wFBVV95cUxQTGk3WjNQbTVLdlh3UDllOEpnSXNIMmowTk5Vdzg3QWtDVlpBTUpfTFF1MlhBWG1XZ2FhYUpiM2E5TnBjNTIycXltR25FRXRON3M2cm9feklMNFNWYXRMNGFfT1R0dE1kLTJ1d3dmVFd0M2s5aWYyaGJWd1BSVS0za0o0SGxLRmIybkdFclFTUGJwMXBhaUJWZ0NoZy1ROTQ4LW1DSk5qS0ZyODBBanVKRndWTW96REFXVXVlVUQtaTV3ZFEtRFZab3NvNkl4d1k1Rzkw0gHnAUFVX3lxTE5TS0F5bEIxQl9WT3FPaWVhNm80X3p2UUtudjNqMDRaSV9aSVhySXBJaEJ5clE1SW1ieHdDN0VPbmhTVENVZ01BWmVxWlk4MU1wQjBkakFLVThEZlFuMmtUVXJVVGo3dGNCR1otenhUY0k1Vk5nUTZYd2k4R0VtZ1otZjZRbGFxQUFpMlB2Q293ZXoyTExyNElKLUgxN241OXZobDg0SEdlZGhsNnB0bnlycU40N25aV1lGR0hkS0w2WWt3S0gyZWZCMTNrSVFSTURDSDdmUGZxdExOSXktNFZyOW5CMEl1VQ?oc=5,Boston 25 News,2026-08-01,neutral
Massachusetts Bay Transportation Authority,Skanska lands $1B Massachusetts rail bridge project - Construction Dive,https://news.google.com/rss/articles/CBMikAFBVV95cUxOS3NaWVNlcl9nMndDOUlkdGdMV3lXaTFta1dVeUtVdFViYmphcmc5bi1aX1p5QjFwNkkwM2RkOC1TMk83LTRMbTkwM0RESUxHUkdQRmhvVnhtSG5LX29qMnlCN3RpNlZob05uUlZkTDlYT05BXzhQclBCU19nLTJXaG5qemE0YlpxS1dDaHhabHg?oc=5,Construction Dive,2026-08-01,neutral
Massachusetts Bay Transportation Authority,Boston's MBTA Orders 80 New Flyer Electric Buses - Metro Magazine,https://news.google.com/rss/articles/CBMiiwFBVV95cUxPZXI1Z01pTmVzTlRBQ2g3SmhJcUN0bWpkVmZ2ZWFEZ0FZN0hVdlFzVTNtVnIyOFZlUU9md1JwaHZ0MEdCOXBkUVlqYXl4YUF0WEJaWWFjTktZLUc3MFozZUNTSFJkaFYxeWRPNm1Za2pJX1pDaWQ3Zk81MHRPQ0pBWGF5NktyaWkwVlZR?oc=5,Metro Magazine,2026-08-01,neutral
Massachusetts Bay Transportation Authority,Ferry catches fire while underway off Boston; all on board rescued - Baird Maritime,https://news.google.com/rss/articles/CBMitAFBVV95cUxPblhzOG55eGV1WWVRQUdzR3MwTlVMN0M2d0Nqd0twRGZ5MFhqYWIwWXRhY3BfTFVOcGFPVVdtLXd6aEJjRFE4Z01uSkRnWVg1OFc5N2M3eXQwclRFcWFENnN0QU5keUZYeHdNY3RPMnB0bkQzaGhWSE53Um91cE5YTW1tQm0xUlEyVFdjeV9CaHBrTWVqdVQtTWdrS0lreFB2aTNHTm9FZC1BQXBzYUpMQlRZcU_SAcIBQVVfeXFMTWk2TnZJLTc2WV94N1NlVTlVWGN4ZzRvSFJPLXhzbTZmMXVYT3VlM2owLUJvcENvUWJURVJxZmtkNVFLa2xJZEFSeDlXZHRRWFhMOTJHNC1aVjAzX09qa1Q3ejBBVXU4bFBudUNobzg5OFQ0ZjFBbmlaQUloNnVvaHNqdWR4M0dmdkFDTjlVajhRZjFkODh3eF9rc2d0V18wOGZ0V2VYQjV6aXdxUWhhbldhZTZ5eHl2NTk1akw4LVViYUE?oc=5,Baird Maritime,2026-08-01,neutral
Massachusetts Bay Transportation Authority,MBTA backs away from major Alewife T development - Cambridge Day,https://news.google.com/rss/articles/CBMigAFBVV95cUxQU0pBbHc5cnNCbFdTOGYxdzMtdkpSaU91UmZiRWt2Y0ZYZHRyNlp6OC1ybGhBbVJONlVFQzJXUV9KLXkwWVc4OXVZUE9ETWFkXzA2QTFhdG5SOGNuaUJxYUphQWlRdG44ZUNydk5CQl9kQWZSLTV1VGhsZFZRTkRMYw?oc=5,Cambridge Day,2026-08-01,negative
Massachusetts Bay Transportation Authority,MBTA Secures Funding to Procure New Commuter Rail Locomotives - Railway-News,https://news.google.com/rss/articles/CBMikAFBVV95cUxPSHZoYmpZbEJpMUI0aEFkZVE4ZFBURDlKa0loeTNlTml2TW9MQ2NwU2FMSDYxNW9WZHRNMDh4X3oxallIOTM5d0hjUEdBX0VGTWVRTW1ESkR0RDVFZnYzd1dSRmIwb3lsSktTVXNuWUswLVJlaEpSLVkzb1JybXpfdHpOaHJOQ2N3SkhjMGItZlU?oc=5,Railway-News,2026-08-01,positive
Massachusetts Bay Transportation Authority,Rail News - MBTA enters New Haven heritage locomotive into passenger service. For Railroad Career Professionals - Progressive Railroading,https://news.google.com/rss/articles/CBMiygFBVV95cUxPcHpyUWhNb2dOM1pvTmFacFFaOENwQmMxWnRUSjcyX3JTcjV1Zk1YTm42VUVqeDIwSXBIMGVfMW90Z2RQdDB3TGlPUWxXclNCLTMwRzZHbzc5eE5yTFE0X1ZhbUh6eXZEd3FYV0JTT2t1MjRiZWZUYUR4ODdYX1VJY1dIOUpJSnJiTGhMeC1LUjhXa1lqNGZOdEIyREtpanRMSV90YWpJd3VjZVNDQTF0eUljREJXTUNUMVQ1M1prd0hmQ0NNSGFsM1hR?oc=5,Progressive Railroading,2026-08-01,neutral
Massachusetts Bay Transportation Authority,MBTA narrows field of potential commuter rail operators to three - trains.com,https://news.google.com/rss/articles/CBMivAFBVV95cUxPSFFHOUhLOXFtbGpodG8wd1lHSm93QnB0aWdPX0kyZC1SVlFEUFYySXZ1bzFVWkgtdGVQRGR3YmJrQk1UQlhLTjRIQVhrdlMwa3lxejZWOWtxZXp2NEswUHFtdTlGXzEzSEJHaWJydEI4NlNNY0hnd3loOWRTV1l1ZUpaajBLc1gtV1N1NlM2V1VHVUIwREFQaUtWbUd3TFRlTTBnRGlvekNkZWc3SURrV0FSSlJWb1I0TFBicw?oc=5,trains.com,2026-08-01,neutral
Massachusetts Bay Transportation Authority,Turns out that World Cup MBTA tickets are not $75. They're $80. - The Patriot Ledger,https://news.google.com/rss/articles/CBMiigJBVV95cUxQWWpodV9yS3RWTTMwNVJPSjFqR2NyYmtPQ1ZtUk5RaVdLYktpdHdFMjdFUkhVaEg4THB3RG1hVnRabTNTRmxWSmJDNzRVQ2h3R0d4X1laOW4zNndSdnh1SFRJR0NEb3R5TkNtN01TYUJRWVkzdHNHQkJJMWtQRFNxa2xNd0J6bzRPQkRzT05kYnBTSWRsX19VdVllZlk1Y0ZhQ2hlTElid2lJZEUxdGg3LWM2cldrd0V5RTZlQ1pFMDhraVA2aU12eTdzRWYtQ1NlUkstV1VSMkk0RVdFckNSTEx5anVpWThoUjBOMlRuSmczSzFTemF6Sm1QYTJqbllSVklVSlgzYm81QQ?oc=5,The Patriot Ledger,2026-08-01,neutral
Massachusetts Bay Transportation Authority,Supporters outraged as Boston hikes rail prices from $8.75 to $80 for World Cup games - The Independent,https://news.google.com/rss/articles/CBMirAFBVV95cUxQdTNYcUJfeHJyR3hSbFJnR0RoZDhHdE5SQUkxakhDZXNMeVhUMlFod0xqVl92UThSa2hWTU16a1JCWXU5OVhrVGxlU1FuS2dwN1Y4VW4tSGE0M0dPVXBGMmEzRkJTQXJzcjd1Mm1TeWRGeDUwQVdDejYxV2NPVFRxSk1ocnVmVDl3WGktZWVzY2l2Q3AwRGZLUWEycmtTbzZTNlRZN2hxNnowMmEz?oc=5,The Independent,2026-08-01,negative
Massachusetts Bay Transportation Authority,"Citing improvements, judge ends oversight of MBTA accessibility - WBUR",https://news.google.com/rss/articles/CBMioAFBVV95cUxQU1M4MWkyNkxMOUM4WkhHR1VrSWxtWEtSVVc1bVZDcUF4MElyRkZ4dGtTXzNUTGV3TWtsQVRyTk96dzBwN2FyUHM3VzMtQzdSbG54b0ZyY2FpYkNGMFM3UnhSQTJ1SUNnTTFPLW10Y29KendMWC1lTS15RFFsbTdmajRGT2Y0VnlSRHZDeERlMEZQRVhUeUVmajlodlFfV0Zf?oc=5,WBUR,2026-08-01,positive
Massachusetts Bay Transportation Authority,Train Service Halted After Man Parks a Corvette on the Tracks - Road & Track,https://news.google.com/rss/articles/CBMiqgFBVV95cUxQWFBwVDdLbDBhOVdjZGxLd0IxS0hiTkpHdWc0aGRHZkhiSy1YdERVMU5NV1R1X1JlOWNqN09VZEpxeWRpbnFsaGtXY19VM2ZrMXI3X1dQZ3B6eUhHbk5nYkEwcEdzbVhtWkdwdmNxTHI3TzRnM1dhUGtaTVFVUWlqcU50cE4ya05LUG5FSFB1aW90VXBpdW5KVGJhTDd1V0cxQzVKMXZyT0V6QQ?oc=5,Road & Track,2026-08-01,neutral
Massachusetts Bay Transportation Authority,MBTA head Eng named interim Massachusetts transportation secretary - trains.com,https://news.google.com/rss/articles/CBMivwFBVV95cUxPRExReXFSaExoRHVtcnFCLXhKXzFCSzl4REpON1QxekVieEZzTm04cV9nd1ZoMEJxY3hOLVFYRGVaRmRHSVJfYTlkamRILTB6MkRqREdwNFdGQUNaZFBUU3d1QVpXOW9Zb294c1dJeTFLNmtyalZNOXZtMENaNjJ0NmpJaDZWS1hDSERRbXYtVncySG9vZWdiWDlFWi1VU3JrenhKNUJZMXFoZTBKVVNvcTh0d3lCTEVOWE1Wdmxlaw?oc=5,trains.com,2026-08-01,neutral
Massachusetts Bay Transportation Authority,Massachusetts opens public comment period for Capital Investment Plan - Transportation Today,https://news.google.com/rss/articles/CBMiuAFBVV95cUxNc0lnRnljRzhTWTg4dGhzVlF1OUoyQjlfVUU3TVA3cG0yb3AtWi1aMm9yTnhFVzJaY1FvVlJLX2FvODJCOHVtNFktNDN6eHVJSE9wZDJmbjNoOWRIbmVBOFQtak8tTHk0cjZSNlZsalZnZ1A0LWdrU3R5c011dnVqaDY0QlBiaEhtZklOUWtsOWg3VkVNUG1XRG9ja3lHMnZQd0hUS2Joamo0c2pGWjhpNWpmeDdLeTBi?oc=5,Transportation Today,2026-08-01,neutral
Massachusetts Bay Transportation Authority,MBTA completes Green Line C branch infrastructure work - Railway Supply,https://news.google.com/rss/articles/CBMiigFBVV95cUxQZXBFRlc1RXdyR2RxX1BOdFNBZHM3LUJtUThPRGJCeVZQUklERVpJeVZySGpKRjRzR2IwM2VzOUtJZ2xQUXVhRGFKMXZ4SUxiNFA0QjllbktQNnRQZHNraG4yR194al9OT09yUDN1Zzd6NTYzUHJSNWdnbHJOVnBCT0dzTVZvQU9IUkE?oc=5,Railway Supply,2026-08-01,neutral
Massachusetts Bay Transportation Authority,MBTA opens Focus 2050 for rider and stakeholder input - Railway Supply,https://news.google.com/rss/articles/CBMiiAFBVV95cUxPTzdTNzJ0VE9oN3FJdUp2eFhza3RTYXJ4SHdURENXMDBWNzBoeDNvMlJja1J3SmVIQVdPSFZYM05KRTEtNDFOOEpZVmFkVTN3T1YxQUJvNE5GSkFydmJHWmhHNXY2U0FmVkk1YzZLQlZqR3oxZlhrN3kyMXVMWG9RWElvNUdxakRZ?oc=5,Railway Supply,2026-08-01,neutral
Massachusetts Bay Transportation Authority,New F40 Lease Fleet Enters Service on MBTA - railfan.com,https://news.google.com/rss/articles/CBMicEFVX3lxTFBiTXhsQ2RocVpZYkFTdmhrMnR0Ui1GVHZpRWs0Z0FLbWNyNlZUdlJ2YXRybkpreGNHQVRCWjEwVWpwX0NmenRIOFZURnliNzlEdlhqT3plSFpmOWtqZXY5TFZOUmpjajBrVzZzZ3FhTWc?oc=5,railfan.com,2026-08-01,neutral
Massachusetts Bay Transportation Authority,European companies compete for Boston commuter rail network - Railway PRO,https://news.google.com/rss/articles/CBMilAFBVV95cUxQU3Z5VkZVa2F4bjh6dVhyUE5CWGhIcHFDR1htSWxyUXNQUDBDRmNxTE5iMWxrU0dIbWctVUx5NUhLZHNsZHVYLVVWQW42cEJwUVRFbVdncEFST21tTFZhUnJWWmJORExVbkhIVWwza3ZXRXMtdmpnU3BLT3ZITkZadXg0ZTRIUVZUa01WX0xDSllnTUVl?oc=5,Railway PRO,2026-08-01,neutral
Massachusetts Bay Transportation Authority,US commuter operators launch battery-electric locomotive tender - International Railway Journal,https://news.google.com/rss/articles/CBMinwFBVV95cUxPb1NkbmpXYVhjWnJnVnd5bUJoMHdLX2VVQlFxYlVUMnJocHVteTQtU3RCT1BTdm12RE9SdW8weEx3dXBkVmFkV2RjV3FFa2Q2UE1waVlwYnQ0SkdKajk5dVJkbGg4YThPUjNQTWVpY29LZVhwS3NlS3lWUzM2VGtzTXhwV0d3T0ZYQjBSVG5YU3d0Q3NlYXl1NWxTYnNYa1U?oc=5,International Railway Journal,2026-08-01,neutral
Massachusetts Bay Transportation Authority,MBTA Orange Line to Shut Down Between Back Bay and Forest Hills on December 5 and 6 - rock929rocks.com,https://news.google.com/rss/articles/CBMivAFBVV95cUxQZXYyUWxjREZfeEJtTGM1MVNkNkM0eWRsalM2aXAzMnlLVTFraW5YdlpCdGVsbUUyZkZkbkJPMjYyYkZ4amM3cFZDR0VIc3JyQUFJQ29HSUhIRmpqYkc2RjYzR2JHaTBsbjZVbnhPMHlUbXQxWFNha2RNNmNXNElYTmZDZktaY09rZTUxYjVJaFJKY1Z1Nkh0eFlJWXpYR1FiUl9EYmVBeDFwTzFkR0diWnB3b2pWU196U3lZSA?oc=5,rock929rocks.com,2026-08-01,neutral
Massachusetts Bay Transportation Authority,42-year-old man dies from injuries sustained after being struck by Massachusetts Bay Transportation Authority train - Fall River Reporter,https://news.google.com/rss/articles/CBMi3wFBVV95cUxNb3dOOXRJR3F6TExPdlJGNlg5XzVJeTlmOER3VW9fUVM0Y1p3M3BHVGdhQjBjZUVPYUstT1NfTEFCRDNkRklLcjBLS0FZTUJTOEJkOGRfcGQwbEZ4VkZJNWphYm5UTjkxVHJzRnQtSnpjV0d3TjEya2sxMnkxY1pZVVBFTWdJTFJFeXFzYWFWTEhScVhPcTdLeV9NX2hGSXZoQUg5SWtNdkMzVWNXSkR0Wmk3V1l5ZjFaUFh0V1Nta3VmMUc3MEpNcnhlYnZUR0QtUXVyakotOHVwRF8tSHZZ0gHfAUFVX3lxTE1vd045dElHcXpMTE92UkY2WDlfNUl5OWY4RHdVb19RUzRjWnczcEdUZ2FCMGNlRU9hSy1PU19MQUJEM2RGSUtyMEtLQVlNQlM4QmQ4ZF9wZDBsRnhWRkk1amFiblROOTFUcnNGdC1KemNXR3dOMTJrazEyeTFjWllVUEVNZ0lMUkV5cXNhYVZMSFJxWE9xN0t5X01faEZJdmhBSDlJa012QzNVY1dKRHRaaTdXWXlmMVpQWHRXU21rdWYxRzcwSk1yeGVidlRHRC1RdXJqSi04dXBEXy1Idlk?oc=5,Fall River Reporter,2026-08-01,negative
Metrorail,"HFD at fault in both July collisions with METRORail trains, TxDOT says - abc13.com",https://news.google.com/rss/articles/CBMilgFBVV95cUxNV3Fva2N3Tk1WZGo4U0VXX1dPc3NMWG53T0JHUDN5TlB6SkF2LUdMSk9GQ2FyVkMzR3N6Z0VPd3NjU2RGSzgzS2w3TjlBZ0RqZm9YQlBfM2luLWNqemxjMlNFWWVtU2tvcV95S0JKZlBWNkoyT09sUjFSQ0NMVXFtNlEyeGRFQWpMcFFqN0JFWkJ0Z2JHSkHSAZsBQVVfeXFMUDh5VnhqNTVzSWpZV0lwU1BwblI5ZkNsa2NjaHIwSnRja0l6WnY1dVhuNHIwcVdNRzFzSktWNF81X3lCbF9POWUydlJGXy1mTEZJZFhzVVV5bVRNQjd4MnVXSHlBZ1JDbmJlVzlnQmtZamM5dEJqWkgzM1gxWEpjWkxEU05GTk5Pci1raWpCdWhhXzNuZFJ4RE9EVkU?oc=5,abc13.com,2026-08-01,negative
Metrorail,Breakfast links: How many people rode Metrorail to a sold-out concert? - Greater Greater Washington,https://news.google.com/rss/articles/CBMiSkFVX3lxTE8tNG40SldiMGJUeWg2TnhIVU9COUZucVhoMEdxc1V6aEd2M1hZRVZDdHo3cDdEcXJZR0pDcnJTTEE5eGNKVGNEdjZ30gFKQVVfeXFMTy00bjRKV2IwYlR5aDZOeEhVT0I5Rm5xWGgwR3FzVXpoR3YzWFlFVkN0ejdwN0RxcllHSkNyclNMQTl4Y0pUY0R2Nnc?oc=5,Greater Greater Washington,2026-08-01,positive
Metrorail,METRORail train struck by Houston Fire vehicle near Museum District - FOX 26 Houston,https://news.google.com/rss/articles/CBMijgFBVV95cUxNS09RT2tGWVNTb09mZVdrelBpcU5uVHBPdG1oeml0RHZPeWFsMFdCYUd5enpiTVRmQUktWGpTdzNKRmJCcU85NVcxUVRDaFozc0hEa2dnaEtaRjhBWHBiQUNzV2R1eTZyeTY4WTlFMTV4UzhhaUhLVEZJNXJUMlZGRzEtZXB3cmFpeXA5RGxB?oc=5,FOX 26 Houston,2026-08-01,negative
Metrorail,"Doors, barriers coming to Metrorail’s Red Line platforms - Washington Times",https://news.google.com/rss/articles/CBMiowFBVV95cUxQMFlaNDkyTnFzRUdpbzFYRGl5bDY5ZGd1VVkzMXF4OVlLSzBMU2syR0F6WGVadW1rejVwRW5Hb2U0NE1Sdlp2eEpnbXVyak5hQjJMbFkzQmoxWVFLSWZ5LWtlZXlXZEx6SnRBaEJSOVJOV0szM29maHpUNXNGRTcwNkhBeE9uSXNIS2VvZ05JZE1iSTRVOUtVaFd3NHctVHYtTldJ?oc=5,Washington Times,2026-08-01,neutral
Metrorail,2 passengers hurt after HFD vehicle collides with METRORail train near Museum District - KHOU,https://news.google.com/rss/articles/CBMi-wFBVV95cUxNUmdDSUlOTzl0NGVtUzh4dUpxR0o3Z2lmNFVxOERHaEVoN2VJaFo1RjJVVUdTMFlrSDRWdThodFZNRWF6c0dZc09Xb2drU0RIWnNYUlp3eHpwRkFWeXRvaFI1aW9jV25ETnJBcVJDeXFvdC1kWThmRXI1SDhJY1NWazRWMm9kdVEtYk9NWkxiNWZwSlFqN0tmU3N6TXRRLW9hYzVZTmhoN0RPLTJfSkZrNnF5Si1SZ3dLcHl3TUl2bXFZSWVpanVNa2dXZXN0QldSaU1VeVU4WFFENkxLSDhYOHZoRmtNbDZtdEpVUWZfSUFSaVY3MndVVDMwaw?oc=5,KHOU,2026-08-01,negative
Metrorail,Houston Fire Department vehicle crashes into MetroRail train in Museum District - Yahoo,https://news.google.com/rss/articles/CBMimAFBVV95cUxPdlBhaVpKbDZGRHNkdFBoZmtiVUMxLUdKX3B3bk11ZmdFV3dGb21RN3FCUmVIZWhCUGE4UTJ1N0x6MVByWGRBMVBnQ0FwWTRtdU85M095VHJtSXdDTEtlYkZwdkpmeHJOOEw2VGVwOXJfd28xVXNuM3pGT0J3SmRLMkdNUFpQMVc1cGEzNDN5T1dqNnZNcWpiRw?oc=5,Yahoo,2026-08-01,negative
Metrorail,One person injured when firetruck collides with METRORail - Click2Houston,https://news.google.com/rss/articles/CBMirwFBVV95cUxOa2xQMDhzVVlwdVdNVkNENmlvbHRYZXl0VVdONG9HMUh5Zm5JU2t2WGFaNk1wYzBrc2RoZ1JxMVdOUWl1M1VOdWFySHo0UFhzazJIWHVKVlZXV1hUS1NDTXJsaHBBdDdaNE10eE1ZVU9wV0JuT1haLVFSVy12UnUwd3I2aHlNVXpmOTFGTTV6OGxIczYzY1hCbzh3aS1iM2g2OVNFT01EVnFMclc3UkVV?oc=5,Click2Houston,2026-08-01,negative
Metrorail,Mobility: Caught between Deutsche Bahn and Metrorail - Friedrich-Naumann-Stiftung für die Freiheit,https://news.google.com/rss/articles/CBMingFBVV95cUxQbnlHWmhVOG5YOExTM3BqRHUtZTB4RUI4dmtMNEtydGRJSklSb3RCVjdOLXNWc0NpRFdxZW9scDZFbmdweDZRWDkwX0xBSnRVb3hJa2VraDB6SXE1VU8zdC1JRDNHTDA0RGgxUmZXRVB4UVJfM0pubG85T3J1aGlMZmRIeERMOTdkRTlaZGRvYnZXck15cXQ0YUVQc3c1dw?oc=5,Friedrich-Naumann-Stiftung für die Freiheit,2026-08-01,negative
Metrorail,"Collision between METRORail and HFD vehicle near Texas Medical Center, MPD confirms; second incident this month - abc13.com",https://news.google.com/rss/articles/CBMiwwFBVV95cUxNVkxfYUY5U1d5NUdXQ0J3Y3N6aVlSZDRaQXpqeFp4bjF3ZGFYNm5lX3BHd0V3WTNQSktyTFJrcVIyQmQzYXRFdzhTZ0pqRUQyMWRMYWVqT0dHUWtMeS1xbWJsOGVuak5lTThxVm1kT3JQaXpMaUpOYTAwUkJZWU1fZzJuUnpCRjJpcEI0QVJEMHY3T19ZTmlUcmR0MG0tb1B2R3N3M0N0eE5DbXczcU4tbXZCSENDT1FIQ3pfUHFldkdlWXM?oc=5,abc13.com,2026-08-01,negative
Metrorail,KZN travellers can win free Metrorail tickets - htxt.co.za,https://news.google.com/rss/articles/CBMifkFVX3lxTFB2YTltT2c1RDItajZqamZwemdHREZaaEdERGpQR2dqbWUtakhTUmpyOU5kdjJhbXlVQ1QwSzRTNjJ3NnpldG1PTFRJdWVBdFE0U0VDQ3NmWGVxSzFiVm9ZRXNNNGt2TGJtcWpUUjFVcmdwaXFsZTVRTjlkWW80dw?oc=5,htxt.co.za,2026-08-01,positive
Metrorail,Montgomery County Department of Transportation Director Chris Conklin Elected Chair of the Washington Metrorail Safety Commission - montgomerycountymd.gov,https://news.google.com/rss/articles/CBMiiAFBVV95cUxOOTFidmtWeXlpeU9pOTEwR25mN0dBSDBhMTNnZjVrMTJYTVlQRy1hM0lCLWJ5eWE4ZXpxR25nOVMxNWtvXzZsaHpZS3g3ZkFYX3hwMDloVVgzblB5Wk0wU2xUdnN6ZllLZFMxcTBNaXRIazl1UFNfbmZrRGVYZ3ZZdWg3MGItZUtv?oc=5,montgomerycountymd.gov,2026-08-01,positive
Metrorail,"HOUSTON FIRE ENGINE COLLIDES WITH METRORAIL TRAIN, ONE INJURED - Firefighter Close Calls",https://news.google.com/rss/articles/CBMiogFBVV95cUxOdXB6NVpWekZHdko1SjgySXpmQlZVdWQwbXlydzR4RG1LZ0M2VVlESnVZcnM2SFRNWkZrNzdzaGstYkhDc1NnRXNKOTFRWEU4RVJ1VkdPSjBhSjcyV2czTDNpQU5HZkRCUlBMbXBUeGFqTXFqV19sWEUzMGU4bEplbTZOTFA5cGtabE5qUzNGZXNibVQ1X2tYM1VxZFdhRXdSSFE?oc=5,Firefighter Close Calls,2026-08-01,negative
Metrorail,"Metrorail car derails near College Park, Md. with 11 on board - WTOP",https://news.google.com/rss/articles/CBMiqwFBVV95cUxOZ25jdEk1alRVc0ZuUWduQW1FN3BtbW1jZ3NvM290aEExMEQwdXZsVzV3RG5JVXFKRzgtMjh2U1V2U1gtQXJ2MWtGTEtxTTR0d3Z2cHRqbEVGRUh2TTJQN3o0UWxtZGk1aGpPQXo3X1dJMUpzMk50Zmt5UzM4MEwtU0Y0ZUcyOEdIS2JBcXI3X2h1dmJ6eFhycWlSYUc5eWdqaVgtbERSWVcwSFU?oc=5,WTOP,2026-08-01,negative
Metrorail,DC Metrorail to move ahead with plan for full automation of Red Line - trains.com,https://news.google.com/rss/articles/CBMivAFBVV95cUxPNVRoVzJFcmxyYi1XU2pZaTJqVmFMY0Fad1ZuUzhYbUVYRFgyY0FUWmpsVkVoMHEyaTRLdXl3SHNpZ2kycnFiNHk3OU0xem1nWVBWZXBjODg0RVh0ay1rYVU4bjRiNENzXzRXWTJoVzdDai1pZzJuSHJhdklrank1eUNzeGQzZTJKLUh4b0hYTlNZLVhIaVR1NUxDOHFLOEFzczZqcFQyaFpEVDNxTGdRc0phSUNmSWhuZUUzbA?oc=5,trains.com,2026-08-01,neutral
Metrorail,"Loudoun Commuter Bus Service Adjustments Begin April 1, 2026 - Loudoun County Website (.gov)",https://news.google.com/rss/articles/CBMiYkFVX3lxTE1wQ2JsOVhaaXRZblljWlNTV3l5d3B5RDM5MndmQ3NsVWhET1VZcTAtemRkeUxFUGs0QXU5Z3l0Q2FWRXU2MnhtUEloVVNWbFctV0FMTlZUcE9aZUM1UHZHYzZ3?oc=5,Loudoun County Website (.gov),2026-08-01,neutral
Metrorail,MetroRail train crashes with Houston Fire vehicle near Midtown intersection - KHOU,https://news.google.com/rss/articles/CBMi6gFBVV95cUxOZDdXX1BoVkF2eXR1U1BycFpxaUpmbEJudUluVTgzX3h5VlBmTGQxamZpeEY0SWcyTWFfa0pCOS1jZHZqQ05IeFlZYXJ3YXlGbDdwZTB4OFR0VUo1NVRkSG5zTXZFS1psSFdOeDN0X0RocjdhVUlpME1Jb0JscjRzTjNIVkNEeENual9UQTdlUHQ0aWtLSUJyM25Wd1VUQjZyampHdTNtTk1BMmstaGRlcElLWUQwY1dpdW9ZajktbUtXU3hab3I5UzBNME9jdzdYX1Z3VDRtOTV0T0x2bS1USXlNeC05cm9RUnc?oc=5,KHOU,2026-08-01,negative
Metrorail,Houston Fire Department Fire Truck strikes METRORail train - FOX 26 Houston,https://news.google.com/rss/articles/CBMihgFBVV95cUxPMDF0djkxQ25uSFpxT2xjNzc2TmhkQTIzSUhvRzg4UFhBbnJmcEFXNFl2QnJyaXBXaHRsOXNLUDR6M19Vb3RvOHdfOW1OSUlVU1Q5STBiV3d3djZ0Y2xCdkdUMzhxcVdGYm9DcWNsLXVxRExQYVFYYUZKTzBIdWZYNjI2Y3h4QdIBiwFBVV95cUxNQW1KTVF0V3Z0WlVIR2JSS19LQjdiSzBBUlZCTHJzSGt2NlFrd2NoQ3pCRDg1MnNXcmg1aGMtYnlqajROSUQ5VEJOQVZSLVVhNHh4bHgxejRTOXNrdFI1ODAwc2NabXZrZXBQTmJ6Tks5dHdua1dqX29Nd0ZRX1RJNlUwaWJBUENjVFdn?oc=5,FOX 26 Houston,2026-08-01,negative
Metrorail,"1 hospitalized after METRORail collides with HFD engine and derails in Near Northside, officials say - abc13.com",https://news.google.com/rss/articles/CBMiowFBVV95cUxPQ0VzT0N4UnNHdjVQSlpab2d3b0NFWVM0MlUzV3JjX1p3OUtmeXE1czBZWllzRThPR2cyY2J2S3FTWGhuWWVoQWI2MzJMN3B4T1BkQjhTUjUxWkpEY3VCNzd2Vm5DU2R5S3Qtb203Zm5OS005SzhPMk9tcHBUS1VDZGwxckJ6Mlh2NUlOUklRN2lieHFRM1N4YTNObUFNbUhReHdR0gGoAUFVX3lxTFBCbEhUOC11Y3lxU2JIei15R1Y0ZWhIMEdteXN5QzZRM08zMGo1S3FPWVFkZmd2aVQ5LS13VlZ1TURtX0dBS0xIYnl0TjlsQnZMLURLem45dDRWS19QR1JHU3JZRFd2UUQwUmk0SUZtbEkyRU0wT0FIZUtlWGtNVm9TbjIwaXJVTzZOcVRwT1hNS2VGSjl4MGkwQTMwcHZELW5ZR0lNLUZEaQ?oc=5,abc13.com,2026-08-01,negative
Metrorail,One injured after METRORail and HFD fire truck collide near downtown Houston - KHOU,https://news.google.com/rss/articles/CBMiuAFBVV95cUxOaTdLc2JoWDFaclEySE5SNlowOWRWRmZYeFdzdjUxeXNwd2ZVME9jS1NDVXhNMFR4dHltRC1fcHJyODlPMm5mc21sbEpHNFByZTVDak9oSEFXdmFSaEF6VlAyRDhVbkc3Q0lOOFByS1ZiTDByOFNBMTVNODJjb0pwc182NGV6S1Ryckd3Y2Rna09OR3Yyb1hDRGhfcC1iUmtyLUw2UnlPWktNei1TMXBSaXNmcEJvdHhN?oc=5,KHOU,2026-08-01,negative
Metrorail,"Suspect taken into custody after incident involving box cutter on METRORail, METRO Police say - KHOU",https://news.google.com/rss/articles/CBMitwFBVV95cUxOa0RIbUg3WThjcF9nbTc2Z0xxaU9PMmZ5RGk2blN5elJPYWZJaXhBSzJBZEpRSTBnXzI4V2Q2bU0ybUpOd2pYc3JzRTRJal9DRHl3TmQwdHJReW5Bc2o1aVN4TFlZeU1NbFpKMmFWNVpIYjJuVEdTcFo5ME9vRlRXd2RvTU5raHl3dkZZN2p1VEY5RkJtYlNrZEVHaktpX3JiRzRlenRTbnVxN3d2bWt2dnp0WlBxcUk?oc=5,KHOU,2026-08-01,negative
Metrorail,Houston Fire Department Fire Truck strikes METRORail train - FOX 26 Houston,https://news.google.com/rss/articles/CBMiZkFVX3lxTE9aMDdpUjU0azFjckcyWi1YRVN3VTVyUmJMUkdkUmliZUNCeHZONzJXSHFtVjFiMjBkbGhFQ0Q5S0ltZmVXUGJsN2ZqYnYxdmE1Nk4tejFGa1ZZX1I2TVZ6a2h5cTloQdIBa0FVX3lxTE9GWmhIbFpWTkJjNkxLOW9oVEJpVlhUSlc0UVpnbElFT2w3bU5KTFpBSmQ4QkhHMlA5bEpWaGpzOERwY2U0UEVGampfOHZxQUpaWVFiZ1NIdFFUM3R0WWx2ZWhZRWljdHRNVGtn?oc=5,FOX 26 Houston,2026-08-01,negative
Metrorail,Fire truck collision derails Metrorail train near downtown Houston - KHOU,https://news.google.com/rss/articles/CBMi3gFBVV95cUxQWW1vTHIxb1lTRldfWlUydlY0NlhzcW9WZDJIWVVUdXp5bG1qUFlLbDBkbGFzQ3VjaHF5dldoSHRUQi1OaXRTczQ3bW1LQS1FNnNobFo1cWNOdWpjRjVsT0ZuQ0lQWTVQZXFvaDkyajBhNFREVnQ5N3JhMXlTVFY1VUlBaEktdFBReUsweTNrMG5tMjFSUGlPRDJVelNZb0dTQ1VaRi1QV250Rk9HeXdYakZSazJQTXdXRnhCWnloenVnVVRUUGxCUjEybFJDUnJtRDhFYmo4bE1TV0VLN2c?oc=5,KHOU,2026-08-01,negative
Metrorail,Inter Miami CF - Inter Miami CF,https://news.google.com/rss/articles/CBMibkFVX3lxTE16UkZSa2s3OVJVcEJrUEJmMWZrLW5wNTE5SGhIXzJSaXNKQ01pUXBOZmZMS3lSM3BycEtUZWw0Q21xOWdHVkdCczZjelI4a08zUkt0Q2dzbTlFNFpON29HdENublNhVGw0U3Z6UGRn?oc=5,Inter Miami CF,2026-08-01,neutral
Metrorail,Heat kink causes derailment of DC Metrorail train - Yahoo,https://news.google.com/rss/articles/CBMimgFBVV95cUxPNkthNFJ5MmUzendWOEhUYjlEYXZjYXN2Y1Bzb1VTZW5oTm92cy1MYXF6NFJDVTN0RGdVSXRyd1BmRG1JMVk5N0hYUG5tMzdEbXU2TEdzS2pYby1nSTBZU1FkckR3cmt6RDdqOS1XendyNWg3RWxfNVJRS2ZYUUZKOWpaeU9mOF9IS2FJWHltUkxwZHRiMjk3a1dB?oc=5,Yahoo,2026-08-01,neutral
Metrorail,Cost spike sparks rethink of Miami-Dade’s North Corridor rail plan - Florida Politics,https://news.google.com/rss/articles/CBMirwFBVV95cUxQeUI0ZS1CWE9VYWU3U3RZMTI3eXAzSjNlWUZiUGR5SlIwTUpYRW5Ca2FGUmtuTDlqT2k4b3JJZGI4MlFCQkxGNXMwelg0VmpqcTdtRWFBUGZXZWo5TUZrbUkxanhFaVRMQlVscW1mTU92T2E5ekZ3N0Y1ZF9iX0JvMGpwMzVVWmpxSnczSTFfcnlrRWFFb2Z3VVdSNk1uZHZ1eGpSaTNiMWZNMHdsb1V3?oc=5,Florida Politics,2026-08-01,neutral
Metrorail,Evolution of Metrorail cars to be displayed on National Mall - NBC4 Washington,https://news.google.com/rss/articles/CBMiywFBVV95cUxOWEJ5WGVBU01sZ19KWUx0NlRqRW94bWxIRzlZbWJkd1Y1WlBkUGlscV9kWEhSdnFINlczNU1XRWQ4bDg3cTZFdWs1SHo2aEhFZDc5SVllM2R6WEg1X0dIcFdIUWNlajhSTENwTUc5ZGpzOGVOMV9nd1U5dVc1SW1kVGNUVG9URU9TWk14Y2xBU0MtU2lQcUFyclVUMndEMGVKREgwTjVrcElMZVM3VmE3QTBCVmhJR1drTzk5Y2tNS1FtdGRUTTRZeGI5VdIB0wFBVV95cUxPNDFKX3N1MmwwMFlQR3pBcTR0RHhWZm1xeURpQU05S3NqTC10Vzk3NGxLWm94dEVhcU5ma2Vxc1B2OWs2NjZWSkpRNlN4UHlValFfVk4zeDdLNkpjcjk4MG13cl9uMmxQX2JNZVFVX1cxTXF6cU45cUdBaGVmSjA5VEdxS1NnS1R5M3p3d2J3LUdxX2NVNXZmTWxmdXZkY05FVVlsUUMyS1d5VE1UcmtUX1k1XzQ0UFI2WjVjSDRWekNBV1lvaExZeU1ORmVpSjZObGFR?oc=5,NBC4 Washington,2026-08-01,neutral
Metrorail,METRORail Red Line service paused this weekend for maintenance in Houston - CW39 Houston,https://news.google.com/rss/articles/CBMidkFVX3lxTE1CeThyZTEzNU1qRjRUTkdhUGp6QXBxZ3Y3SzJRNDJMWV9VZEZMS1BUZlZzbVBwTTdaemhSVkgzV3U3UEhrWVhXdFhmazNCV09ycWhHQWtWV0tQVDd2d3pPbUJ4OFU1QVJCUzcwc0FVWGdQRmdoUHfSAXtBVV95cUxQNzhMeUVCNW9oNFdpeEtvTFpEMkNnR05YUVJhbFFabVJjQ3VhSm9xV0trVlo1dTdadTYzQXAyZDYwd2l3dVlSNk5iaktfemczZFNjTUFTVGZ2ejRYUk82bDJXTGxyb1RLRGd3bDN5eVF3YktZenc3MDNURTQ?oc=5,CW39 Houston,2026-08-01,neutral
Metrorail,Fans pack METRORail for first Houston World Cup match - KHOU,https://news.google.com/rss/articles/CBMi3gFBVV95cUxNMzlSYldWRGx4ODA0d21ZcTh4WVhuaWlYdm91LVUta0w4V09GdkZybEVwZXNXZXhWZlJMUGZ5cDdGRHBheWluY3BQRFZSNWFGWm5LRzdzU1Y4VGtQcTh4bkJjUkU2MHlTNEFvbF9pR0pMRU93c1pONlNhY1hsZnlyaGNVY2xQc25zdjl0VmRwYlNqYkpZRjlEU3hXTFdqeERqd2JlX3BNczl6RjFDTHdrMzN5Ykk3YVdMTDVWUmkyUUtNNVNIMmJRRlNZcWhSNHBVV2VxRlByODdxb2EyUnc?oc=5,KHOU,2026-08-01,neutral
Metrorail,Watch: Health risks escalate as rats invade pathway near Lentegeur Metrorail Station - Plainsman,https://news.google.com/rss/articles/CBMiwgFBVV95cUxQSjVSbTNDaFJoREN1czVjUzdvR2I5Qi1tRkE3cUpEQmJ3NXJJbWpYUHoyRW1RMExHbFM0R3JEODFqQTZObzNUczdEMjdTQmZTZ0pyN05pRE9PRjZpT2xseFktUnAxZzRQel9KcXdETGFidjRYT3dpeHFRcm9KM0E2REk2eW9Zd2I0Xy05Vm1oRXRQcFBsVTNxN1JUblAxMXVaOFVHUE1yc3REUFowRktyQlNsb2hZdy0tMmlISDVJVEJnZw?oc=5,Plainsman,2026-08-01,negative
Metrorail,"13th Floor, Barings nab $134M construction loan for last tower in Miami Metrorail stop project - The Real Deal",https://news.google.com/rss/articles/CBMinwFBVV95cUxPY3UyajZZN2hTU05WSEZaVGtiWHAtR0F3V1VQZFdYWUN2UGJ6VU9IOTIzTC1obnk0clJ0ZDJwQnlyd1h2dWhUcmVmU2IyVk45bkNCT0hhZ0V2c0Y0Rzh3REhJN01LU2tyQTlRQlZkRVh1VWVHTGZaVXNMYkJYTC1fck5xWURTZFh0cmM0NXFTN0IyZ2VXNTR0U0gtaUk0czQ?oc=5,The Real Deal,2026-08-01,negative
Metrorail,GALLERY | Metrorail celebrates its 50th anniversary - WJLA,https://news.google.com/rss/articles/CBMi1AJBVV95cUxQOFljZWxCcGRVWm5FOFI4X1piZUhsMUU0Z3FvYUdxNlprVGc3dTlYNnZybFJKZEpqa0NYa1U3d19rTEFzeWhoTWpaMUhxbVI5TGI5dTlBU0JPQlRERHljNjkyTGZueE4xTlBsZmFsbElZRUZ1dG9KY3lBMVJuVGlUUldzbHVjQTRrb2lkY2JXdG45aGRIOThhZG13d0pESGtWVlZSTm1UZ0V6RlRHZHNJdF9JdWtwUzk2UkdyOWVIS1huaV81VVBZN1ZnclZIVWJQN2pvWU1KWWQtNmM3dC05SjFsRHdkbmdVcFpTRGN3anp2VlE3RWI5VzhiT0JFeFVqaW1NT0d6OGR2c1k2S3JCMG82OS0zTjVxS0MyUThrcjRhcFJpY1ZEc3FQVENGb0VjR1ZLYk1TemVXQTRhdGZpU0RaYThNVEliSXRhcW9mNXlCZ01n?oc=5,WJLA,2026-08-01,positive
Metrorail,1 injured in incident reportedly involving box cutter on Houston METRORail system; suspect in custody - FOX 26 Houston,https://news.google.com/rss/articles/CBMitAFBVV95cUxQRi13cXV1TmJkYU9iU1dRUmVyUndMOW91WkNjRzZaRHdQSmszU09sM2E5X1hLX2lvZjRwQmNVaVBpUnA3WVhOMnJvWlNzb25NSlozM0kza2FMUzM4cEwwajQtaGJSUGlwdUlFblU4d25fY3praTRfTEhWRC01Z3hQUkp2V182S014VlNONlBxc3N6d1lQcEJKME5FZXhyS0hSTnNGZ1Q1eTd6WmJzbjNNX0V0NDg?oc=5,FOX 26 Houston,2026-08-01,negative
Metrorail,"Work train in Metrorail collision exceeded its movement authority, NTSB says - trains.com",https://news.google.com/rss/articles/CBMixgFBVV95cUxNT3I2SEg5cWtPSWlteFVBM1FxM2ZYMkVvVEdGdnl0Y084NFhGZzN1dkVIaDhpMEhkRWlqYTNrTGtOdDVlRVRiRFVtRnhNbHJZVjR4VGtDUFp5OXl0T2xfN3NFQTdZTkJkd1J2QjhmSVpWc3dNbV9mUFl6a3VGMTZaZHJoc3d4eVRFeDNXVkhzcUR4UzBHbk1TOUNsZ25maEhKZ3J5QVhsWlVPZjFQTE96aVU4aVRObmduOF9CUlhkR0dPTWpvanc?oc=5,trains.com,2026-08-01,negative
Metrorail,"Tons of Inter Miami fans ditch cars for Metrorail, Tri-Rail in rare transit win - Axios",https://news.google.com/rss/articles/CBMimwFBVV95cUxOT284emhPb1lnZ2FlLXg3a1RlZ3pXU3dSZ2JwUGtHaFJoZ3g5VVBjREJuZkhxRUZLWE42S0xRT09BZkE1bG9ieHNPY1JkbzcxWkdibW1RUjRaSHNsbnRyeGxUanFvLWdOV0NHMHIwbE81QW9VcGdrUmVHMmFjZG9jQXRKc09xd0xLMktIXzM0MXZKSDVGQzMyRFgyVQ?oc=5,Axios,2026-08-01,positive
Metrorail,Developer Lands $134M to Build Fourth Apartment Tower Near Miami Metrorail - Commercial Observer,https://news.google.com/rss/articles/CBMiwwFBVV95cUxOLUNEU2xwQkFONXFnOGpubFlYQWRvRkU3anhKSzVsYjM4RFphM3BINEJKUDIycUZITkhmWUFXNWtId1dnRTU1VzhzZXV3bDlySlcyY2NNMUloZUJRcWYyTEZiMGQ3M2R3UkVFX1d4Uko4TUJMUUlfa2Y5R09RVWctdmk0MFEwVW5ZNVJRaktfWGx5aDNOa2VVOVRXeDV2VkdOQ1o1QU15N1ZBYzNRdjJfaVlCYk9oSFk0MnJndlR5d2pIQkU?oc=5,Commercial Observer,2026-08-01,neutral
Metrorail,METRO to expand rail and bus service for FIFA World Cup 2026 in Houston - Click2Houston,https://news.google.com/rss/articles/CBMiwgFBVV95cUxPaU5rSHF6TUJWWUxCcFJPbUwwOXRTZXBqcVYzd2Fpby1wRFFOdGxTSVFNbUt1UE1TeTN1QlVkTURMZnk4eHg2OW9zMGhjMkZlNks5YWRESjg3S0JNanBQOWlrNjZfQ1k4Rk9EVDVOUlpYdzlDOWZ0VVhldF91WU50aEJISDhUaTVUSXZZN2ZuTF9XQkxXZjhjcjd1eVItVDktdVlUWmI5REs1M0NvU3JqNzB3bnhTdnRRTzI0ZlJtQ2dmZw?oc=5,Click2Houston,2026-08-01,positive
Metrorail,Midtown Houston shooting under investigation - FOX 26 Houston,https://news.google.com/rss/articles/CBMihAFBVV95cUxNUjU3aWtTVzJwWHFDX2VkcVJjMlFYenh1RlJLc3lfLWlGcUVVSl9Na3FuM0FTb1VYWjBERG9rTUJMM29aSTNTdE5xWEFKZ2lHZ19VUVNEdGtwR0ZGbWJLeFdHcFhHSjlYQmtqcDVQNmNBcHk2N2E3WTRUZkQwaXpnaFZNM1rSAYoBQVVfeXFMTTU1blJnRE1aVDliSEhwRkZoY3lMSml2TjVJSWhiME5Eam1kZmNiN2pLTUFXWVpYTy1ndDVqaFlsVXY3NUExTjdjbUVMQ3FVM3NQYm5KWnJyUllxeWN3MFFPTW5PSkFlWjJxbklHMnpfR1pTZDJJWU9XZ3VvRWQzQWMyNTY3QjM1T1Jn?oc=5,FOX 26 Houston,2026-08-01,neutral
Metrorail,One shot during altercation at Downtown METRORail platform - FOX 26 Houston,https://news.google.com/rss/articles/CBMijwFBVV95cUxOR3VnaG1oX0NUeWJyeU5Ib3hYR080OE9fMG1mUnBhODY3RE51ODhzd2NBSHVTNHJRQXo1SHVWaERQZUZDOTB3NTVMMkh5MVN4NHJJUlgyZnBhQlhCSTZ3MmxDd2NRWGtib1RlRFRuWUNMelZwQjJTVVRabDc2VEcydDlNVGZOTl9DQlRUMlhOdw?oc=5,FOX 26 Houston,2026-08-01,neutral
Metrorail,"Many say METRORail is the best way to get to World Cup matches, despite crowds and hot weather while waiting to board - KHOU",https://news.google.com/rss/articles/CBMitgFBVV95cUxPcHVxNWxhZUl1T3d1SlFwRWt5RzhvZ052eHhpWWxQWVZoaXVtbm5FbWkxSTNzazdMQXNpY0hxVTk0VU51aXRhblVGaVpGUzU2VHhfaGpJaW16aC1ka1JNQ2VxR3FjcGhTc1E4Ujl4elNPcVZOZXhCck15OXNvamF1elFmNXpnbnNvd0VvUThtNk9aa3pubHBxeEdyeVV3Z1ZhWG1JQWpxekhxT0JaRnM1RzNNQTk3Zw?oc=5,KHOU,2026-08-01,positive
Metrorail,Why I’m celebrating 50 years of Metrorail magic - Greater Greater Washington,https://news.google.com/rss/articles/CBMigwFBVV95cUxQZjZ1ekdqYUNzd1NuXzFsbnZwRXR6a3dmbXpaY3pucEttM1NvcVB6VkkzdkY2a1MzbHBHYW5sNlV4M1lHOFZzdUVjYmV5WnFRcXRZYkhfX0NMNUR1NGlnMzJzU01Fa2Q2MFJnVUU2YXVXZTVMS254ZmlTZGdpNkxENmM1VdIBSkFVX3lxTE1aRGpQanZYUElhX0g0MVZxTHhlSHBYdV92ZkNXM0lRd3JXSGFPVXB2dUowWUxLZmwzTmhFcXpUdjNEQ01BdEMwcG5B?oc=5,Greater Greater Washington,2026-08-01,positive
Metrorail,"No new Metro station for RFK Stadium, WMATA says - wusa9.com",https://news.google.com/rss/articles/CBMizgFBVV95cUxNNW41ZWxmQ1JrODNOODZXdmhsMDMyQ0QycnBBYklmR1dMd212MzV0aUhGWXJ5Wk9NV3dVenRZaTdnUnZoeHFYT2lqYWRvRzJIdHd3UVppZng5WXNGVUpUVWh4X2ZQNGhBd0QtSVA2OFhQREt6eFZfRUQ5ajg5QjdGR2FSWkZBTENaRFNqeW9SaW1FZTJJZHZJNzZnXzJ0MlJ3LTRfaWprNi01d2VEV0lMU1R5cTNIaHBBU1gtRkVlLXA1OHlHeURicTFCZ043dw?oc=5,wusa9.com,2026-08-01,negative
Metrorail,Fourth and Final Tower at Link at Douglas Secures $134 Million in Construction Financing and Breaks Ground - Florida YIMBY,https://news.google.com/rss/articles/CBMiwwFBVV95cUxQQUNEQV9WaWc3MEFJSkNiRXl2dlI1dG5ybl9FbURmMGtwLVFtLUdaNVd3ZUp2a2IyRGo5Vk1oSGdLdl91dWxuNjFnVUhxdW4zUHlVTXpPckNHc3MyRVUtbEIxcHo0VUlZaFVDem9zNGFQY1JiOGJCWWZkYUlHM2wwUEZuMlpFekhzZ0c4bm9jblpFd1huLWoyZFFiSFhqNGFCdEdQUGtiRHVGMVk4WC1LdnhmaWctM2xsVW5leFRSc29Pb1k?oc=5,Florida YIMBY,2026-08-01,positive
Metrorail,Houston Fire Department Fire Truck strikes METRORail train - Yahoo,https://news.google.com/rss/articles/CBMiiwFBVV95cUxPU1JYS0kzTXBTZi1iclRNVjY1cnlPREJ4dnJoamVCNkxQdlBtLW5BT1JEa1AyQWprNTVRVDNZb1ZyRU5YM1AwWURCU2xPcDRFOUhJM0tZajUyWHRLVDc4UVRuTXpOd2NVYmNEZ085ZTFlT3JaQWp0VXRGOFRwcHVqUEh1T3dJYUZ1YTB3?oc=5,Yahoo,2026-08-01,negative
Metrorail,Miami-Dade sets 4 FIFA World Cup 2026 Transportation Hubs: how to get to the games - IslanderNews.com,https://news.google.com/rss/articles/CBMi-AFBVV95cUxOd2pydkMtcUhpVEhLY2N0ZWszMmJmOFVyWXJKR3plVVNtNjRua1BOdElBalA2RUZZY2FwbTRXOTNpdnlnbC1WN3gydEZ0REFmTHRWRHVkRTdNakVFa3A5MWZjZmlZeDFKY1ZnWU4wU216Q2ZoYmhLVHhrR0dDckczMERDdmF2SmxDYXNKanI3RXRWTHhPdlBNQkRibTBQeHpkTTF3bXdEY2dzQmNTWWJqdklGR3htQ0ZuLW83X1dfSXh1aTRpNHJMc0EtUkttM1hEMUtCLTEwSURoY29OU240V3MzZlJUYks2TXF5TEJZczV6TFRCNG90cA?oc=5,IslanderNews.com,2026-08-01,neutral
Metrorail,WMATA Metrorail Breda 3000 Series Railcars Dennys (NjEESjQQjh) - Mshale,https://news.google.com/rss/articles/CBMiW0FVX3lxTE5Ba3d3WXNhZV9VVm1xSjhIbnhXdnYzN2wyMGFLeWNDSmxhQzJ5SGx3aDJUVmJ5SUF5LUZHdTlHYkJmSjVrYWFDUWxzczd4b2R2LXhaSVNqLWtnN1U?oc=5,Mshale,2026-08-01,neutral
Metrorail,Sismo frente a Cuba provoca evacuación del edificio del condado y retrasos en el Metrorail - WPLG Local 10,https://news.google.com/rss/articles/CBMizwFBVV95cUxOTXNRcDZSWGcwbk11VnUxR3JVR1Ytb3RLTnU0TVZkclZrMkFPWFpSRFBvSHFfU05nQTZZU2QwWU91ZEpFS1pCdUFxb0M3QlV0Z3Ewd3c2M2VMaUR2WmRxQ0Z3MlV6SDNad01sWlFudmdUbU12T3Y0ek1XNGtqdkEybDRYR01QSUFRYmJhOUZ0Sm9SZXAyQlBpTW52WU93enFWVFhHYmpiMlAtLVdmUDVBaENjR3Z1ZXpYSE9nUzBQVWRTN2tDUlRxcGdPZlE5aHc?oc=5,WPLG Local 10,2026-08-01,neutral
Metrorail,Metro to rename Cesar Chavez/67th Street station after abuse report - Houston Chronicle,https://news.google.com/rss/articles/CBMitgFBVV95cUxNLWNHT05kNjlSMUpGQVp4N1hucTVnN0VwQlhQWHpZazdnOURYUEhYTWtPeTZfelpGZk5ZNW0tVFcwSnBsSXVPendyclYxU0pmNVJwRlhXemVsV1ZUSHhNcVlVTC0zNVRCSUJFMFhXRVEwTmgwY0w1cDlNb01WRFRYRzF0WjlSX1QyQVlYNUJJSUJ5UHhuZWpDWTJzZlpYdDFPOGpacXA3MU1lczE1VngzcnlwV1RVQQ?oc=5,Houston Chronicle,2026-08-01,negative
Metrorail,Three Metrorail Red Line stations to close 2 months for summer construction - Washington Times,https://news.google.com/rss/articles/CBMiugFBVV95cUxQa2lLbzczbERyaDFuR19HSEh6THU4Sk5KMW5SWTUyX2V0VkxwdXpXVE9tWUNCRml3U1ZIZmxJdnlselkwel9DaGVUY0JUbFl6eUNlZ0RGS3NqVlFXbWVGNkE3NjRwQXhHelVLT3JyX3lYYThaZ2J3OEV3dWw5bV9yNV9nbVc1WEhvVlNzSEtUWTJkeUNza1J3VWNpdTEwZEJBSlc4RjgtQkVubnB0SU56ck9ZT2pDZllqaEE?oc=5,Washington Times,2026-08-01,neutral
Metrorail,We just felt an earthquake in South Florida. Have there been others? - Miami Herald,https://news.google.com/rss/articles/CBMiiAFBVV95cUxPZ1VJTVNoRlFiN05tSmQxdkFYMDFrZTBlQzRxcGdqTmUtMk82VUFLVGRvNS1GYkxQcTZTam5HNlYxdWxEblIwNnAzQmxvdEZDMkhYZGN6SFV4SXdpcG5SYlBOQzdhV1JVTFc3U0NXVWNBdlhGd3hmMERWaDQ4WDJwaUhITlhHaGRJ0gGIAUFVX3lxTFBmb1hDWHUxQVpDWmRQalc3LTY2OXMzSFNDUXJuTUpYaE5oMGtXODNsNm9kY2kyYXZPZ2N5VjMtRmcwejBSWi1YNU14eXM5LWNZaWhsbVpsWmJsb1VQc28xUFRIbXVnVWkzUGFzdnpkTFAtYnpnQXU2a3VlZXhfalRNVnNCU05LYXY?oc=5,Miami Herald,2026-08-01,neutral
Metrorail,"Best Houston restaurants, bars on the rail line to NRG Stadium for the World Cup - Houston Chronicle",https://news.google.com/rss/articles/CBMingFBVV95cUxPOWVyanV3eHYzeE9XT3I1M29GamZ2V0dhN2o5R1lKYmpfSF9rYUE0X0pJY0NKOXVfQTlNY2cwVDM5RnVlWDRsUVFYUTduaXZ4cFBvYV9aaGZyQUdOVzhqRlV1dTYwUzd4V2o2cVppeGlzU1kybXVhUlNDQ01ZaHgzUGFRZU5OUjRyUUszeXBoRGlIMy16eTNmTFU5eUpmQQ?oc=5,Houston Chronicle,2026-08-01,positive
NYC Subway,Vending machines coming to 26 subway stations to help refresh riders with snacks and beverages on the go - amNewYork,https://news.google.com/rss/articles/CBMidkFVX3lxTE82VUZRc1lvelNqRmp0eU55TzF2bjNyVk1VYnpQOTV0UC12b1dIbldoaVVkVUJXR09pZm1QRThjWE9MZUZtVmpYaW14Ni00ZFhOQ2hObXpwcF8yN0lGMk5XdXJMcEgxLUlIaTNaN1puSjZUclpNNHc?oc=5,amNewYork,2026-08-01,positive
NYC Subway,"OMNY complaints mount as some riders fail to get fare cap, transfers - Spectrum News NY1",https://news.google.com/rss/articles/CBMiuAFBVV95cUxQS0ZwN3FLQjBRYTJUbnU0WmFBbEFEYzh2bmk0bUJmN1RyN3VNRGJVRGd2WnZfbjh0dWdQcURyWHpwbENVR3hvcERzQXN1Wl9BU1BmUVg0SFlUQkFDbm5Zb0NNQzJVMi15dWJ5Z1ZZN3RXNFNPYmxveC1jcHViclJWS1I2cVNWdm5ZcEY2Sld2b1FoREJiRE53QzBnUU9JODZMSUZQNlFLeGVGSnVjb0FqWFlYZUFNckI0?oc=5,Spectrum News NY1,2026-08-01,negative
NYC Subway,NYC cashless vending machines popping up at some subway stations - ABC7 New York,https://news.google.com/rss/articles/CBMikAFBVV95cUxPejJtVXlrdDFsdWZDSFBYTk9MUDI3d0lsV1l4MEU0SlZIQjk2cG1xNnF4MXA0UHZMbXN2cjh4N19QTERkeTAySWhzdjMtcHBiMnIySE8zVnBwOTNGVVVTbloxNnkzYzE2T0wyWDdYckxfVUI2Qm1yQk5CeDY1dmdnd3N0bXExQUpPR1FFVDVZNkLSAZYBQVVfeXFMTUxWQllLc21pS0tvMTc0VVE3YS1NWHRIcUF0b0xTNDduQTFmT2NIeHNXWDdWaEhyZEtsRDRvUFppRWs2RlNSV3pjVUV6MC1TOVVvVm1JbWFZZFdZaTVZUVN0eTFBQThiaFM5WXl2UXlyUnZPdkdHZzcxWl83V1Qxb3Q2NUtqS3V4LUpXUmNrRDBESDhrRDdR?oc=5,ABC7 New York,2026-08-01,neutral
NYC Subway,Degree sweats it out with subway commuters for New York summer campaign - Marketing Dive,https://news.google.com/rss/articles/CBMitAFBVV95cUxOemM5akcyOTZJMGJMOUpYdTRlRnMybzhpU21fYXNxQmNudnNMTzdET3FYaWZWTDVkS1RDUDJ0bXpwT19VTUhVT1J1cDl1V2tlTWZEMktCUHY3WUhqUXZIVVB4WnNkcVFjX2tBb3k2MUJuNGpqOHBkZzhrM0ZlSzhYaUdMYWtKSDZkUXAzUTZMMUg2MU5SOENhTkJIdjhPVDh2aVdkRVYySU82TG5FN2ZDajdCNjU?oc=5,Marketing Dive,2026-08-01,neutral
NYC Subway,"Stranger shoves man, 62, into NYC subway station pillar, fracturing his skull: cops - New York Post",https://news.google.com/rss/articles/CBMiqAFBVV95cUxOeFhXOU56X0NQeXFmd1pTdTA3N0Vhb0VrUTZoRjFoSFM0ZDBGQ1lIMVBBUWpkWmFEOXhydk1kY29wQTR6a3NGOEtkT3drRkZtSHlZNTgyRWp0Mk9GeFpXc0NMMWxQNVV4dkM1UHBfdGV3Rmk4SXNwSExyUDNmWUtGOVFydGUxcHdRWWw4WWxhM3BQcFNsTDNsNjFXN2pOMUZudHNSNk5CQU0?oc=5,New York Post,2026-08-01,neutral
NYC Subway,"NYC subway fares, tolls could go up again in 2027 under MTA's new preliminary financial plan - CBS News",https://news.google.com/rss/articles/CBMid0FVX3lxTE5FbXJ2OWJyWTA3QVlKNzhYTnRYTkFheTg4V1ZhQ2lHNG5ocWItbmpLc3Y3a05COUhZVUFlN0syOUQ1dXJqSGxOM0ZOa3V0ZGlFQ0pFWVA5TzZwYnBteXdreGhabHJwVWEwQjdUMnRCSjY3cXBvbDRF?oc=5,CBS News,2026-08-01,neutral
NYC Subway,NYC subway suspensions and service changes for August - PIX11,https://news.google.com/rss/articles/CBMiigFBVV95cUxNa3JjTzdjTTJ0TGREcmhUZUdDVmF2dG44Sk9ibFJEdEpfSjl1b3J0VGhrWk9TdW1SbFdTWE5lVkpqV09jd2pqZUZfVDVyQ2UwcGlzQTgzcjF2aUtUM19GNWxma09DdHVjQTdzYVRvU0Z1RkhjMm5Sb0JPOTZiTXN5WW9meDB5WFR6eVHSAY8BQVVfeXFMTnBsWk1uUUFrQjRsMWFHbGdIdFl6MldickhHcDNySmFGX01HQllZdm1GYjBoaXBsNWhFTjNjbkZGM085TW9SSVRTZVE0YUtXRlRYbFRaOVg5c2lhOFZJWGxIOGdMWXJNQWRhdHVFVDZFYmVHdkFJeUVtaDhNeVM3VlZDNnlvODREa0ZMN3huTlE?oc=5,PIX11,2026-08-01,neutral
NYC Subway,Snacky? New MTA vending machines may be coming to a subway station near you - NBC New York,https://news.google.com/rss/articles/CBMilgFBVV95cUxPbHZtNGRlVUNSTFhUNm9sV0txU09QTDlLMmdZMjZXQkxfXzBhOWM4T2hMNEFuSDBjZW1mR09wR2hqeEYyTFk4OUtCWHNYNGVNZWl2RDJhR21lR3ptTTZ1dm9tMkEzWVRiZXhnTlJBNGFsMk1fMnlNOFVfWDJBeU1IQ1hSa0dQQnl6VDZ4Q1A4enBrYnBsVWfSAZ4BQVVfeXFMTkJpaW1PN3dGNlFFc3ZkcEQwN25sV0pvWV9uWThxaU1rWjRaOGRma191Y1RheHVWSXZsakFhY3JVeW05NV90eUFTclA0akZaeGN0YzduRFpOY1FBdm13U2Q0VFpZYkN2akRLR3RIVzVxLTlzbWlHVWdDVF8xcWNmT1pOUXAybVVfdi1IVXZtdUVicTJiX1F6MmtrT1h0Wmc?oc=5,NBC New York,2026-08-01,neutral
NYC Subway,"MTA aims to speed up service, reduce rider delays by clearing ‘bottlenecks’ in Brooklyn subways - amNewYork",https://news.google.com/rss/articles/CBMifEFVX3lxTE1kc0JyTHhnakJqdjRLOUdOdTZQXzlPOGtrUmo0NDlNUFNiZUpRYTUwcm45bVp6Z1ZsZ2ZOd1FUeVRKaUQtbEpCTDg4YS1CaGpoNWNySVNMSnVwQlVyWW43WnRWNWZMNU5FbTg1VXlPT3Jlay1TVERXNzh1SXo?oc=5,amNewYork,2026-08-01,neutral
NYC Subway,MTA rolling out vending machines at 26 subway stations - Spectrum News NY1,https://news.google.com/rss/articles/CBMipgFBVV95cUxPaDNDQmVnc3dsZEVMQ1JjbndRblhEVEtNX2g1eHZkaWhSazNOY0xmOF83Q3BwNHlLb01FUVFJUF9tLUp2OVRWZElCRkFCV0V3bTJXbkhOcERMM3pfSy1yXzhXTVhkcHd4UlRHNzlZOTg2a2VYM2lwTVR3bktZYjdPVlkxdXNpQWtWUlZ5bGNTNkJ0NkRka3pocWhXWGkxU3RUSm5PUUh3?oc=5,Spectrum News NY1,2026-08-01,neutral
NYC Subway,A Newsstand That Aims to Delight N.Y.C. Subway Riders - The New York Times,https://news.google.com/rss/articles/CBMijgFBVV95cUxOb0M0Vi1DNmFwWS1UYzRiYjBQTVgyTmpVaXdxc3BhbDRlNkZXU0huSklfNUlKZVByeUh1V25uQUZ6dFowRVdYcVMxSjRtRWowTkJRNHFEeXN1MzNrQmZzUlNCbUNtSWRTTERQS3VORm1BUHhEODFodTZrS1ZxVkxDbk5zbXVRZ3h0UXJoaU53?oc=5,The New York Times,2026-08-01,positive
NYC Subway,Retailers - Vacant newsstands given new life at NYC subway stations - Smart Cities World,https://news.google.com/rss/articles/CBMipwFBVV95cUxQeFJZUmo1eVVCbjExSWpob082cFF3NGdQWDdJTEM5bjBCV0RQRUZxamdQOGNrS2ttay0ta1I0OWxHaTJETnB1RlJyUFMxLWJ1cEpKR2paN3lUU0kyN1ZXNFNPbnp2MVJBaHZlNGpQTk83S3F6X2JxdWROZnh3UzN1emFielJCQy1kbWRFYkhmLV9rUnEtV21SWXNtaDVkVHNyOFhGald0bw?oc=5,Smart Cities World,2026-08-01,positive
NYC Subway,Vending machines to replace vacant newsstands at 26 NYC subway stations - 6sqft,https://news.google.com/rss/articles/CBMimgFBVV95cUxOVTYtOWtSX3NHM3g4YjZweE1DYUZjbEJtTm9FYnFrdlp0djI0Yl9pNUtYQmF6Q0pkOUluSEs3X0VGQVNSbzFRYUl2VlZkS3YtOU5RZ2s3UHVyaTNidC1Uemd1NHVobjRhcTRBeThIbngtUVJ0QncxWkhZUWZkUTN5R1BuaVg2d3JKeTVDaGgyeTNDQXVObFFBZHRB?oc=5,6sqft,2026-08-01,neutral
NYC Subway,Can NYC Finally Cool Its Subway? - cheddar.com,https://news.google.com/rss/articles/CBMib0FVX3lxTE5HTEZCOEpNaTI4djZBWjNkMDJhOXoxaXFLMUtnUmUtMnNzS0hwaXoxYnVPMmlLeGdqSTUyTjBxVVN1VFBZcVhBVXpnNnZhdFRDQnFzVWpqWHp5ckhQajQ5aGRfMEdYUEZ6REo5Sm1wRQ?oc=5,cheddar.com,2026-08-01,positive
NYC Subway,Degree Renames NYC Subway Lines For The Hell That They Are 07/28/2026 - MediaPost,https://news.google.com/rss/articles/CBMirAFBVV95cUxNdkRVODBUcTRkY0lCdElhQW00cG8xRGZTdkx0amVqV0x0Qm1Cb0kxSkVRbUtrZnN4M1pLajlUclNxOEdONklXaV9CTGRoX0lLdUNMYl96N0sxZmVad3VEQ0t2X0hiem9MZVNrYnVSM3QzOWxjZ0FtdVR5dkNYR2pPcm5TUDlWYXZwOUVkV0lCeWUwUEluYnRiRG9kRldhRi10S1NtN2JoRFE3UFRk?oc=5,MediaPost,2026-08-01,negative
NYC Subway,Vending machines replace former newsstand spots in NYC subway stations - Vending Times,https://news.google.com/rss/articles/CBMiqAFBVV95cUxQRHBiOC1TRlA1cWZUclltcE5yNElBbW5tOGI0YzBoWm1kSWx0M3ZxSXJCOVFnQXlUUE5pQjNrMUZSMXBNRi1IQ2ZVQk1CenZsdHRaek4tZWRiY1NxM25KNEJHT0pBQmR2OTlZQ3BmNHpxd0R2czlyWnBTZzYwX3JCR3g4eEM3eVBNcWpvemtrOGN1TF9uSnZERmFfWlNqZE9YbGNJbVhCUVM?oc=5,Vending Times,2026-08-01,neutral
NYC Subway,Five subway lines face major weekend disruptions through August - Time Out Worldwide,https://news.google.com/rss/articles/CBMi3AFBVV95cUxONUZ0TUZCSGhJSHZ6TXQ1OF9rVkdRMldhUkZqR1kyaTNzMFdDeTdCVTlERHEwQUwwMzJfbXZKQU1FLXRJZklfYWVnNDFzaDNfdXl0cVROX3RISDR4SDQxZnFnVFBmZi16QkRmZDctODNJOEdsOGJxR0E0WHBSMmNZNUpRVFIzREhMX3ZlWVpnblhsUjAwUWItcmI4ZDJFUzY0YjJyQ3l6ZVF0NXFFLWUyZFhKYmh0SC1yOG1vbVRsWVlLS2VUOFFFQzNnc1JhYW9aazZlM0wwYzRJaVZj?oc=5,Time Out Worldwide,2026-08-01,negative
NYC Subway,"These are officially the lowest-rated NYC subway lines, according to 94,000 New Yorkers - Secret NYC",https://news.google.com/rss/articles/CBMilAFBVV95cUxNYXZXcFJLZmRSOVNvSjF1MDNfMGNCNzgwdk15NzZXRE5vNm9DYWtQMWRnQWNmQkJNNnJ4ZmtLMGdsUHhCX0RQU1BQbHo1MEJVOXZ3UUlzUHE3ZnU1cU9UTUdZcl90c0pnT21waVFBajhwVGZITzNQMGlYVmtab0ZRV1ZvRkJIYTJDTk13NkQ4dU1NVkcx?oc=5,Secret NYC,2026-08-01,neutral
NYC Subway,"Man, 62, suffers skull fracture in NYC subway push: NYPD - PIX11",https://news.google.com/rss/articles/CBMimwFBVV95cUxOYjE5ZDFaUGF1YmV1Slk0dlpEejhvbEJhbEJDRUlWNXYzV0V1SXZCSUpLdGhWZlo4TE1fX1pqNWo5d1VMU01ESHEyMmdxVllJcWtRUWhUVXRUZXlFTF84dGg0Q2dQNXdhNVZjblRBTEZ1WmRxdmNLWC1oMW42NDNjVXNZUHR6WWhkakx4Smd2VVE3QmxhbmRwQXRoONIBoAFBVV95cUxQY2lQSDVhemRLNGlPb2VZQmgxQV9vQmV4dUtXMU1mX0tnaE1ISWFyTWxGSkpnU1phbm45MTZIMW45cGV1Q1RITmhjSTJMOHpmMnUzaUFqN3Q1UXF1UVdmdGJJbnJDNVJzVXVpaFpCMGRFd1ZCUHNIUjhfT3hHMUtMeXRFdGM5elVNcS1SWW44aGxQQWJBd215NTRtUWxOY2Rl?oc=5,PIX11,2026-08-01,negative
NYC Subway,Violent parolee arrested after allegedly tossing elderly woman onto NYC subway tracks - New York Post,https://news.google.com/rss/articles/CBMiwgFBVV95cUxORGc2b0RDaDB4QkxraVpyUDNqLVBQUDdhNnN1STBaNXBHTlB4eU12U3ZYLUhZQktDZm9wTTMxRHVKVnZaZHRyUG9fbVNodURNcV9DdlUtZHN5VEVhbWp4WDJPc0RpSk4wNTFsQjRWU2gzUzFxQnZ4U2t1a0FtcmdHLW9CMzU5SjZsc2dXMXk2cHEzRkxJRFEtSXNvRkwtSkV5NEZ5RklYbS03Y29iNlloRXVFWHNCalB6WFBVRWYyTG45Zw?oc=5,New York Post,2026-08-01,negative
NYC Subway,19-year-old brutally beaten on NYC subway train: NYPD - PIX11,https://news.google.com/rss/articles/CBMikAFBVV95cUxQVU82MXB0MWlUOWZqTFQxQWtMQWZfNjVNSDJPWEpUMm9zVjktRXVuWWF4a0ZYajRQWFpsWjY5T3VUb2NvR283bFMzR21HdEFqbncwNEEzQ2NmYUl5TU1MM2hPbmJEeHBoRUVCZGFIU2ktbHFUV2xGdkVIQm1WMEFTb0lfQ0Y2QzJ5bVh2R1VGM0LSAZYBQVVfeXFMTlJWM19HNVNidzQ5WVJ2Y1NuX0ZESFVkaWlYTWZuUmdLU0dBbTludkR3UzBtOHpnSGQ4bWI3dXZ0ZkJoOUlOLTVMY05wd1ljc3o2aDRxY0Q0THdiZmhONTFyMF9YQWllTkVrOG1TMkRSVmp0R0ZVNkxZT1h0TFdfR0IxSmdkblZQWmZvdEtTNnZnRHhYWHJR?oc=5,PIX11,2026-08-01,negative
NYC Subway,Grab a drink and snack in the NYC subways with new vending machines - PIX11,https://news.google.com/rss/articles/CBMioAFBVV95cUxQNW5iYVN5WmNKSVI4Y0xuS3ZoRUlCTmFabUdzaExybWgwY0xHOWMwaFQzRE8wN0lhT3dVeFI3cS1ic3NrcmVWLVF1WnIwVE1QYlc0QWYzQm9oLTRkUVZiNjR1VDJqalVzRldPeV9iU1lWekxla2FwZ3lFeEx5Qm94R2hPM2V1MzRqUVZETDBwN0RhM2E5Q3pEUFlzdDdkZ0820gGmAUFVX3lxTE1OMlNGZUppQ3NhTGpXMGE2alRDdjVUTkwtMDAxR0NwTThjT0RURThEck9SMlNMR3VvWmVJRXk5QkdhUzZpOFlRUFBoWEp6b3RUZURRNFVpSjR1NlRPdklGV2I4OWoyVk1Gei1QUFZvVGRwRmlTY29COFFqUzJjME1fNlROVzFsUUNBMGxXTmpoOGRRdEo5RzdmOGp2VlVtNldjYmZxVXc?oc=5,PIX11,2026-08-01,neutral
NYC Subway,"Plan ahead: MTA repairs to disrupt subway service on the 1, 2, 3 and 5 line - PIX11",https://news.google.com/rss/articles/CBMipgFBVV95cUxNcGh5SE4wN201RlhoSm1ncDBoQVN5bXQwdmgtZWdmcEJJdEkteHFQMFlINml3VDNZQ0RPNEE2Y01Mc0dqRU9rc3dnSUxETXNpWi1Cd2JoanRoWWl6UHU0eHNwYzhqOXc4cVZPaVoyTU53dE1CaVFDRS1OZEg2UDlXTHdCTU40LWVkcmdBdnhTQlFvOVhMbGwwNXRCSXFET0NIM1V4TnV30gGrAUFVX3lxTE9jTDVTeWRYSS02RHdGQldLeVYyT1Q0TFFqeDBfWDNYV1V4RDE0MHNxWHE0ZjUwMW1aaGJEX1RKMHdPT19ELXh5VW5iYTBySTRoX0FDdjAwTk5EQnpJUWE5T2ZpTWw5UGs5Ukt0dmw5UGp3TXlac3ZfUGRNaThBdmlQNWhjeEhNS3FiaUN4MkpPS1h0OWhOaDQ3SnNiS2VBdUplcWlBZmZXTFVKUQ?oc=5,PIX11,2026-08-01,neutral
NYC Subway,Man stabbed inside NYC subway station: NYPD - PIX11,https://news.google.com/rss/articles/CBMikAFBVV95cUxNTUZBQWRrNm4wTllWMjFTUkhrX1RuR3Y3a21CX1EwSW9SMkcwelB6MVp4U0xCRmtIcExGU0tiUGc0emoyVVVPY2I3RWl1ZjMyOHd4TEJYSGpjUGEwV2ZJTUo1WmFoT1UweVI4cEUzM3lzOWJqM2xxVFFUZXV5THpFaERKX3lXNHZtdkFhM2VtUEjSAZYBQVVfeXFMT3FDcFR3TUJsNzhWVmU0bmo4MnNfYk5RdGJQRFo3Tks2QVoxV243RjZ1R2NkZlJkOEdnbE9HNUU2NXBmeC0zRVRjNUQxV3BwSG5HdlBsdmNydUQ0SU1fZ0FwV09wZThwdHZhY2JWTG5paDlFTS1pYjhwN0dHSmZMZmdWV0IzREpHOXFWbjA0YVV1Wm5Tc29n?oc=5,PIX11,2026-08-01,negative
NYC Subway,"NYC subway crime: 70-year-old woman randomly pushed from behind onto tracks in Midtown, Manhattan - ABC7 New York",https://news.google.com/rss/articles/CBMitwFBVV95cUxQN0tGREwyWS1HUEV2aG5qRmJQMWk2enlfc2FqcFBwbUJOazFFRlJfdEVtdDBzM050REVGWnYyR05TczNtcVFQYXBNLUk0Q04zdmNZSGpzOVhkY0pjSlh4a1VxTmNZX0tzNW9zbDl6TGRrdUhPY09wLTNnOVBEd1dTblFnYkFnMkw3U0hxTjdTcjFtNlZPdjJ1WkNlN3JPZjNnUkxFOHdTblI5NlhmVjh4Z0I3ZzNqeE3SAbwBQVVfeXFMTldKSFlsMC1Wbm51MWtSSVlyUTFIR1h5bEU3Yno2M2IyQV84SVlHZ2tsYmtPc2Nqc3VQeS1RZEtsLWRadlBkWVB1eDF4WTB1aG1RNDU3Y3NYY1poZ3dpcEt0d0d3Z1VseXBVZ3VIWUh5Nm1RQmlnNEppcVI4R2V6cjMxWV9iemJKY3hFYWNKcDBaZTQ5eDNRZGlEelV1VDVFMVRIdGhyY25ubUl1aE9BNnZKWVRHY0xvaGo1Zks?oc=5,ABC7 New York,2026-08-01,negative
NYC Subway,NYC Subway Ridership Has Recovered on Weekends but Not on Weekdays - Apollo Global Management,https://news.google.com/rss/articles/CBMiywFBVV95cUxNM29PcXluYzd4VFNwOEM5UG4tdi12akpUTFZiV1BHYkdURVdXdlUzT1JDSEZVdFVYam1wSW5lOXk0U3VzTDhLX1pqVUNOU2FfYVVTQ2lxemtKZ3pERk1pVEZTQ3FNLU9BTGFtQ05tdDJ1dVJud2hHbjNDWldJckdWVG9hTDlaRTlEX3B1aUxtc29EZDBJajB4SlVPWXR2aktjOC1USi1OVzZkRHBHT1o5UFlJbThzbXJ1RFZtNXlyN2NpNEdxSkE3U3R0cw?oc=5,Apollo Global Management,2026-08-01,neutral
NYC Subway,"NYC girl, 16, hits beam during dangerous subway surfing stunt — and miraculously survives - New York Post",https://news.google.com/rss/articles/CBMikgFBVV95cUxQWHJVSmNQZGNWUUZRTFFtZTBzWW9WR1hidnJ0cm5rVm0xMTQtajhWNzJSN01YbkpMbk03VEZacU1sYTQxX015NmpQQV9TSnhEbC00VWwxdC1GaFRsYzBRaG5paXJtLTZuTGZMZ3NqY0pwS2MwN0oxR3FjU3pwYXdkQ1BXSnpUdGV2ZmxsQW04OGgtUQ?oc=5,New York Post,2026-08-01,negative
NYC Subway,Man put his fingers inside woman riding with 4 kids on NYC subway: DA - NewsNation,https://news.google.com/rss/articles/CBMiiAFBVV95cUxORHdlTkFZWWhYZEVrQk5DUE1YUlJaUG5vdEFwU1lCSDQycWMzZ1AxQkxsdFc1aXlxdVY5X0dGaG0zWWxidXItc1B2bG15SmJIdDJLN3phb0t2REVWbWJxY1NvU2dBdTVCcXZDZEh5cm9FQk9GeWZyb3c2ajdLYXRrc2F3N2FPWEhW0gGOAUFVX3lxTFA5N1cySFZRcEstOEN2RFByVGFsY1VxazdWekVjOGIteE4zSGVwT051ZGJzR1E2alRhZU9OOTVVNlNYY3NZN0lwcUktczB0ZDVrV2ItVlY4SkhXcFJqemhwYm1xZ19rbHJQaW5BSHRpTTJ2LUtLeWpHMUF3S3lkX19tUzNIZ2s0U25mNGx0ZHc?oc=5,NewsNation,2026-08-01,neutral
NYC Subway,Degree Renames New York Subway Stations - BM Outdoor,https://news.google.com/rss/articles/CBMiaEFVX3lxTE14Zjk5S210VG9VOVdDVDB1TG1HbmlNUUxLQVZ2WU9GeUROVy1ZekJqYkFycGVoc2RQUzlCRnIteTVsUFN3dzI0c0Y3blZCYmh4TnkwemliN3ZiTXctRWlaRndTcVAxeVY3?oc=5,BM Outdoor,2026-08-01,neutral
NYC Subway,"1, 2, 3 subway lines will undergo service changes for next several weekends - FOX 5 New York",https://news.google.com/rss/articles/CBMiggFBVV95cUxQa3E3UjNleUJlR1FoWlU2Zng3czFDY0stajdsdWw1OEtaS3EzbjZ3ZXlBU0FCVF9JVWdkckppa3JLV2RNOWwxTFdlUFBQeGhtb05kSnN1YklZY0FvU0dyRUNHQkd6U1ZkYWI3Q0NqeWkyR1dpTk9zQkJxYkFtQWFaLWlR?oc=5,FOX 5 New York,2026-08-01,neutral
NYC Subway,Exclusive | NYC subway shove victim recounts terrifying attack by unhinged stranger: ‘Nobody helped me’ - New York Post,https://news.google.com/rss/articles/CBMirwFBVV95cUxNVXNoSWJrZktnTWxZTkJkazVqLWZZajkxQlBJUUtfSTNNbE81UldieHJuUkUyY1R6NzE3cUVqa1AyNzdTVGhqMEVobjBqWGpvaTN6M1BSaS1xV2xyOS1ZQmIzaWthN3BmSVpEMGhWU05xLUNtd2tySDJtWEljazJ2bFZEYW1HNE1zT0N3V181RTFMb09NSFV4Rlo1SVEyeHFaRVU4ZHlGNEVFMXFaVENF?oc=5,New York Post,2026-08-01,negative
NYC Subway,The surprising geological wonders hidden in the NYC subway - National Geographic,https://news.google.com/rss/articles/CBMigwFBVV95cUxPd2o2emRxZ3A5QVVDNWJYZjQybEluQ0dZNHFZUFJOU0JFY2ZtakhrWEYtbnl2WnduNVdFU2w5TURTdGdwUVE2STc4MlNoZmJ0WndFUkxfWjRLS2Y1VUsxRmFVeEFNbTNvS093dUxGU2ZUaXd2NWk0TFVLbWp1RVFuVUpkRQ?oc=5,National Geographic,2026-08-01,positive
NYC Subway,Teen girl shot in chest by masked man during robbery on NYC subway platform - New York Post,https://news.google.com/rss/articles/CBMimwFBVV95cUxNQzM0OXhvblVTTFlPTlJRTHY4MTdyMlRpWEJydlFNbTlrYU5lYk9Wb3lQM1Y5V0dBNzV3Zlc5TkNTdEdfcnRIY1AyMGlwS3lJTy13Y1ZCMi1JbkFPVy1zQklQTE9qSGIzaUk4bzg4c0YzUm9Wdnh5bGR5WTJJRDBVbzY1SzBMOVBjVmpqcHhjUHNOSk94M2xFQTlEOA?oc=5,New York Post,2026-08-01,neutral
NYC Subway,"Woman, 18, shot on platform in NYC subway station - FOX 5 New York",https://news.google.com/rss/articles/CBMiXkFVX3lxTE9HQ01IekNGNFZaZ1AtMVFPTVAyQnFVa213bm1GeE1ISWsxUHM3S3ZCVldLTkY0Y1N1cFA0NnM0ZGdqRHg5NWQ2UmVzY3RFSWZaaXp3a1VVUDNqTGE4WFHSAWNBVV95cUxPTG1ZazJ6SmhfbUVSWld4U1dPbTRrUE9UUXdWdUJBTTJiZE5TLXVEV0Q1OFQ2cDB0Yk1aRVE2SDRNcUNUUjFvREV5TEpXck1PYzdDeENDNXZ5NVgwb1FMRVA1WVU?oc=5,FOX 5 New York,2026-08-01,neutral
NYC Subway,Degree Deodorant renames NYC’s ‘sweatiest’ subway stations with MTA stunt - PRWeek,https://news.google.com/rss/articles/CBMipwFBVV95cUxOYVVzMUZnaGRFQUZyeUNtT3VVLUVZeFo0bkp5R0lHWHBxSjdWSXNfT003ekJTcS1TajBqZENiOTdYQmYzUlBhNWc4U0J4WUF6Qmc4SlZMS1ozUnp2emdPM0N0NkxLdTlGNklNOWxKemcwZjZ5UDQ2Nm5ENXB5M3QtTjdrSF90dFl3UVc1Y2VGeE9GM1RiWlMyYWNHejRRZXc3b3RseXpVbw?oc=5,PRWeek,2026-08-01,neutral
NYC Subway,Teen accused of sex assault on a mom with kids on NYC subway is Yale student - Hartford Courant,https://news.google.com/rss/articles/CBMitAFBVV95cUxNTmVuMzhRaWtxQjlDQk9ObkpOZFk4RUV3MVlzU2N0aENXbkM1ZDVQaXgzYnUyaExyS09BTTktbUp0NFdRSU1vVHRZY011S1NrZVByUFFTSEpoTlRGWlhpRk1WZFI5d2hheVJ2OXA3VXZ6aVdFXzFEckgzZTRYYWJsZlY0QjVNc3VSNWFLVGNMWDFsekp3YUUzUHIyTnV3bjdpekNsaXpob3FaTlRNMWFOQnJLZXQ?oc=5,Hartford Courant,2026-08-01,negative
NYC Subway,Teenage Girl Hospitalized After Hitting Overhead Beam While Subway Surfing in N.Y.C. - People.com,https://news.google.com/rss/articles/CBMiqgFBVV95cUxQdnhPZUpZOWo1NUQ4V3R0aWdNeUVMal8xeUJucXdJMkpuaGdVRHNEd05nSDlvV2ViaFFHRnlfY1BlMEFONjVkbmZDcm9nQWJ6SjFCVnExTDBIcTFjNFBXVEk5NDJaTkRQTGtoaGhMNl96d1VxVG1oNkxCcExyajRQZ2hvUGVBSVhKR0ZSLUU4YjdoNEVlSnYzbk9NQS1WRXJER1NhOExKWlJwZw?oc=5,People.com,2026-08-01,neutral
NYC Subway,"NYC subway riders face major 1, 2, 3 line changes this summer - SILive.com",https://news.google.com/rss/articles/CBMioAFBVV95cUxORzVIdzhYRWk3OWJzdGJ0WTY4UFVRRG0xaXFhVHZOZmRPdl9oLV9LVkZyTno1bW40OEhjSW1ueDdHc3ppeEQzRG8za2RuRGV3NGd3V29nUlA5TXBiQVU2MFVaWmlaMjhDWHI4ZUc3c0xDS0U3YTlSNS00WGlyOHloT1U3THhlb3R4YmJ0Z2dKQTBFWlVNUnVMUlloeEJkOVJ30gG0AUFVX3lxTE5fU0NoQTJqNmt1ckN0MlNhVlFWVEsyaEpzQjFRWURjdzNfeEtqWHpGcUlOdVFWNGp6TE02SUJyeHlkLV9kUnB3MTZIVTlzX0s0R09QYjhUQlpMSlNSajhYS3ItUno5RnA0TWJkWko1MWoxc0cyYl9ndU5vVWhieFdWNDMyaHZXSzVqWjRsOHIwWDMteVFLRnJmNFBwR1hjWnRlSjFDUnRvRU5iVVI4V3k4Z0xaSw?oc=5,SILive.com,2026-08-01,neutral
NYC Subway,What to know about subway service changes this summer - NBC New York,https://news.google.com/rss/articles/CBMiogFBVV95cUxPRXJZMmhOSWU3aVEtMTA3N2dUWDN4MW9IbHdjeDFBTTMzM3hzWno5dU9LbF96RElkTm5QMExiMUdEUkl1NTZRZWRmQ0ZONm9NM2hDNGhWdXZoNFJacGQ1NHpJaFppaUUxdUFpRmhjLTkxVFZjV3FpbVJGajVsVXoydmtxNFdXdlphN2N5d3hrREFLb1M2UmZrZnVzVk5EeGkycGfSAaoBQVVfeXFMTVZ0UWU3cDY3d0J3UXFDa3JzQjNkaS1Ma1ZFaWtKeUlOLU9hNC1pYjRLU2EwWjRPamI0cDZlUHJHTUVqTFFLZGhGNWVXaWw1ejZLRGxXVWJ5WjktVjhyTGh2MndHU255SnBfbm12Z3dpNmhxNmN6Y0x6TU1hNndHdzdmSTA2UXNQVnFiV1dpbVA2enBGb082M25XRHMtOFVNQTVwQktZTm9jT0E?oc=5,NBC New York,2026-08-01,neutral
NYC Subway,Man stabbed on platform in NYC subway station; suspect sought - FOX 5 New York,https://news.google.com/rss/articles/CBMiXkFVX3lxTE5iZ2RNeVVjSF80U2tjbFZRTTUwQVhKSXI0QjJYWlNyXzhudHdVbW15SmVmV0VJcFh5OG05emZONFpuTURaM2NwOElDUjJEc2ZIaUxYLXZnb2xCM1p6TlHSAWNBVV95cUxOX2t3RlNIRllEd3k0V2NzOTRJWEswc1YycHEyRTVEUVhkamxZMW1WdXkwZkVWa1JNVWRyRnZRcG9fU20zZGNTYUJNR1A3eXdVWW1qQzQ0STJWRE9pVXJqbWxrSWs?oc=5,FOX 5 New York,2026-08-01,negative
NYC Subway,18-year-old woman shot in NYC subway station: NYPD - PIX11,https://news.google.com/rss/articles/CBMimAFBVV95cUxPbGZHbDBQMEN0ZHlDYS04SDZiZ3lYNmcybUVFSnZYTXJKczZLbGVlMVVVQ2hSSWV2QzhlU2Zad1F4eXlJeVNwUXlmZHUzV0pJeUhPNXVrMmwwaVdpbXZrOHNFV0JTRUdMN0RWNEVEY3VwbG94a0VzcTZsS0V6RHptZmRrVjdZeHl3d2tXc1Q3M3J4bm9OVUlQMtIBngFBVV95cUxNNEJxcHRtX3NpZXdvSVhyeFF2Y2k5RFNXeWlqa2dpbnBpMWdjekhlNFQyMy1vUHZmaWxJQ2xvQzVuMWNiQlZXdHdzR1g4T1B1TExyM2Y1d1JWeUJsSUhoUGtEa0VkVXJpdnY5UExrT1FQX0R3Z1Bya1FaQjRyaVhWQVVQT01HMlR2Nl9Ebm83Ui1fQmp6dGpKM3Vta3Z5dw?oc=5,PIX11,2026-08-01,neutral
NYC Subway,"NYC woman, 70, shoved and tossed onto subway tracks, suspect arrested - New York Post",https://news.google.com/rss/articles/CBMitwFBVV95cUxOM3JWOTZYLUVWZUdPNVZMbjY1NnctdTdQd1d4QW1lek41azVxYldwdHlJbkN5WlVNcWctT0J5Q2NrV3BwVFZRQ1JpcUQ3Vmo0SVJPR2M3UmNwd1kzb0J3RDRkM0xTZDJZLUlyNFJKMWtpZEJwdEZFd29JU1JObFdVYXlVLUpIT0V4VE1tMExabkRFb0JlWVdpUzlUYWdYRHZXeXQzWjZ4dXZXQzRkUGZKOGItdERxdTg?oc=5,New York Post,2026-08-01,negative
NYC Subway,Teen shot on NYC subway platform recounts fight with mugger over Steve Madden bag - New York Daily News,https://news.google.com/rss/articles/CBMiwwFBVV95cUxNd2pYbllSN0VnSlZLM0Ryb3kxMU56Z19uM25CeF9YelNQcEpIVTRWN3FyX1NOVzhGZmlaVm1DYkVoMXVWOHJrUDJNM182Skc2UHVDTGVmWk5qbXVQTzIyc2s3dHVfQ2xQMERPX3AwaVRSN3JvVUdSNXY5V0hYMm5MM2JsYUluRDJqUlphd01CcUhCS3I3QUFZbGpBd0Z6blBzTk9JS0thUzE4UW04T1lDTlRSWTA3Q1ZSZWZwUVJmLWlkdkk?oc=5,New York Daily News,2026-08-01,negative
NYC Subway,"Fiends beat, rob sleeping straphanger on NYC subway train: cops - New York Post",https://news.google.com/rss/articles/CBMiogFBVV95cUxQdFZNTG4xcVRqWXZ6MWVkVE80U2FIQkUweXhXTVNmeTV5eWRyM0d4ZWNqWlAzWkVLSW9wQXJsSlBTX2VEaXhxLWxvOXhfdWlGYmRBWjhOV0I5S1hLWC1zLWNnZndYMk01WnV1NG9yQmRwQ2FVSXVwY0RHcE1zby1jaXZGejA0OUluSUNveXhuM3lRUndoeG5DVGs3c1IzdHM5VkE?oc=5,New York Post,2026-08-01,negative
NYC Subway,Ignore Mamdani’s gaslighting — NYC subway violence is worse than you remember - New York Post,https://news.google.com/rss/articles/CBMiswFBVV95cUxOY1FFRUE3b0MwMlU4dFQxcVNXRkdmLTBaQmF2ZlRQbkpzc1JjV2FvZlNsRnluaEhNQldBT3JEajZ1dWJndVZTV1FKdVJwYzh3YTlWTm9lcXo0cTBpWkcxeUZBTGhOc3RDcE1sUXJzMHYxZlY5Zjh1WEJXeS1IemRLTFFONGZPcDBRckdQdHpLazNLcU1ScjhKUkZKLWMzMXlIQmlhNUNOblR6LUNJVEpSRjkyQQ?oc=5,New York Post,2026-08-01,negative
NYC Subway,Major NYC subway service changes planned for Memorial Day weekend - PIX11,https://news.google.com/rss/articles/CBMingFBVV95cUxNUmd5RTUtVlZidXFVcEpVX2p1dU1hcDMzajc2OVNLbHE0ckVNQXA3MWs0TmVfeXlKVllSVVU0N2Y3eXp2RGlJeUZ2NVE4TFhZRE95Z21xYlM0cEhJeWZkczVmdDJ0czQyTXN5Z0lNUTc4T2tlRGZvdjBqRnU2anRZLXVhelk1cDRKN3FJUnZ6eXM2SjM3d04wc25OV3QwUdIBowFBVV95cUxNVmpJN0xNbVdHNGo0RTVwMVRJcU5zQkJ1VUV5ZjRZUnRJaUR6RkRMcTczdmoyclh0SVZBaG5PSTZhNkRRdG12RWVZYU5SOFdlbXlCZTBWZ2t0TXJSbFFac0JtS2o3MER3V2c5NjVpSC1HTFlBWnhJMFcwVWlRMlVaenhzQUI5a0xvS1l3dE5BWk5PYkpCcUJOVXo1bnhoNThmdzlZ?oc=5,PIX11,2026-08-01,neutral
NYC Subway,High school senior gets over 5 years in prison for setting homeless man on fire on NYC subway - CNN,https://news.google.com/rss/articles/CBMiiAFBVV95cUxNN2d3N1JNdFRwcElCX0ptYnF5S0VUb19iRkQxX2hwcU9VTDdrRk0yMGpGVlNaT3VCbmNNQ0dyTk5NZWNMSC1ka1c2LUFLeF93V0JmSXNHWE5wdlBGdldwZThmRjBONG00UE9lRm56OVBMMldlV1czQ1dteEV5MHRzam1VTXI3V19l?oc=5,CNN,2026-08-01,negative
NYC Subway,"Exclusive | NYC's subway crime spikes in all boroughs, while citywide total down 1% - New York Post",https://news.google.com/rss/articles/CBMiqwFBVV95cUxQRDdXUm9xdGxKdzhOYlhkRmRITXV2cnpiQnl1MG5Ma1FBdnhmNGpFZXJpNXpnM1JDa1ppOFNuRE9ic2pOWEdaOW82YXVIaVlBbVZ4VlN6VWlvaWZ1WGU4UVY2M2NfdVBaMjJrV0M3LVRZRkhaZ25WZ2tLZFlZZFZIQkpVR3VjS29BeDZNUTRuQjZDU21laTA5eGI1UncwY3RxVlRvUFJLYllKdVU?oc=5,New York Post,2026-08-01,negative
NYC Subway,Teenager arrested for sexually abusing mom traveling with 4 kids on NYC subway - New York Daily News,https://news.google.com/rss/articles/CBMiugFBVV95cUxNMzFWRGR6V1Bsb3llc3M3Y2ZNZzl6MEk1U01hbjVFUDg4YVM2RDdDVUo4b3o0YUtJcGlHdVNCUXg0WmtqUkhYSnN3RzJ0cnkySFdMWGppeTQ4ZGkxeUFwa2NHb0thcFcyckpFR3didHF2YUxQbjIyRkpuWVRvSk9Cc2VuQm4tVTAyZG5lVWh2V2Z0ektCNEgwQVhxU1Q3MEZhUmhHVlRtZFhYbWZXMk1iV3VHR213WDJaWVE?oc=5,New York Daily News,2026-08-01,negative
NYC Subway,MTA debuts trains celebrating different countries for 2026 FIFA World Cup - NBC New York,https://news.google.com/rss/articles/CBMijAFBVV95cUxNQ0Z5YVZwT041eEdhYllmX1FtalNWTUJ4UWkzandmQUhXaEdMRHdBU202UUFtUU1aYjdORXh3SjNZXzdaOVBySFU1WnV4djBLeFFZLUhUaWstelplaWl5dDlmWk5SYTV4ZGpITmhoR0NYQkxyRkVHUTl2d3g2TmxxeVFjbFBQSy1zMVpnUNIBlAFBVV95cUxNUVZVeVVyVnlZX28tNW1SS2pqc1QzT3JCQVppSzlXV3RpeXNYYTJfemwzY21lVGhHTzV6dnVxS2pGQlV3YkpaQWMzUmwwMUxGejBiQXZIWC1XN2xFdC12b0I1azBKZWh0Q2VCemZXLXN2SU9XWkFEWHVxS0NfU0JnZ1o2cWg0MlppWVkzclhtU3Vvbnlr?oc=5,NBC New York,2026-08-01,positive
OMNY,"OMNY complaints mount as some riders fail to get fare cap, transfers - Spectrum News NY1",https://news.google.com/rss/articles/CBMiuAFBVV95cUxQS0ZwN3FLQjBRYTJUbnU0WmFBbEFEYzh2bmk0bUJmN1RyN3VNRGJVRGd2WnZfbjh0dWdQcURyWHpwbENVR3hvcERzQXN1Wl9BU1BmUVg0SFlUQkFDbm5Zb0NNQzJVMi15dWJ5Z1ZZN3RXNFNPYmxveC1jcHViclJWS1I2cVNWdm5ZcEY2Sld2b1FoREJiRE53QzBnUU9JODZMSUZQNlFLeGVGSnVjb0FqWFlYZUFNckI0?oc=5,Spectrum News NY1,2026-08-01,negative
OMNY,"OMNY processing issue resolved, says MTA - PIX11",https://news.google.com/rss/articles/CBMif0FVX3lxTE82Y1Y0VjBjYkNZT3VaTEt5ZTNDdHVtZ2otN0ZlVTVQNzYxXzNtLTlMcDBDRURzakpPdUQzd0NRclZMRzh3eVJvM1dVbjNNVlFYZ3dMUG55ZnV0TzlMYm1KOHhOcThKeTZIeENkZDh4OU1SREZjbXp6NC1DLThtc1XSAYQBQVVfeXFMTk9yTWZEalE1c1RFUDF2dmVpTkZSbUFTUmtSNDlUME1XTHNSODA0XzFRanVnRWQ0T0gyLVJxZVBLMFh5enpvMkkzVjUyQmhiWVFkTVdUaWVqVzdueDY0QWphWnFXSm9Lc2U3dDJETTVUajI2bEdmMFoxeVR3X0R3ZGhpb2c2?oc=5,PIX11,2026-08-01,neutral
OMNY,MTA developing OMNY software update - FOX 5 New York,https://news.google.com/rss/articles/CBMiXkFVX3lxTE55bHF4c01CLUVlUjVNODNUSlVHRk5RRmtOa1c5dGVKU0NabXpFdWdJTVZDWU5OMW5sOEQ3MmVsa1pNbGFFalRoa0gteGVWNjZNMk96UTJyODZxQVVxOHfSAWNBVV95cUxObk1ncVhBYk1fbGE0R0xJa2FXaFhLYklrbEU0ZnRvRDAyd0NDTk5MRXJWZ1hGU1hVQmJQSS1fdDBiUzNUMEJMeUE5Z0kzb0dhVFlCY3dpeVdSOXQyZXloWFJVSzQ?oc=5,FOX 5 New York,2026-08-01,neutral
OMNY,MTA boss says agency ‘developing capacity’ for OMNY to show balances and transfers to riders - amNewYork,https://news.google.com/rss/articles/CBMid0FVX3lxTE40T09RMndjUDFoVHFmVC1VX2ozRjVKd29BamU1aXpTWGRIY1d1ZURrZFJ1LTVUQ2UwWGtFemt1UFFlYkM1R0w3UThlWElrekk4NFpieE5PdkNQU0F3UHk1d0U1STF2WmV0cGF5cUY4WnQxYWp2bFI0?oc=5,amNewYork,2026-08-01,neutral
OMNY,MTA boss says agency ‘developing capacity’ for OMNY to show balances and transfers to riders - politicsny.com,https://news.google.com/rss/articles/CBMixwFBVV95cUxOWEZFd0ExVEpVZk9Yb3I1TXRsalNZbWhEY0c2SDV5WGtxYVNFTkl6NlluaDNBWFJPSExaVkZZblBVTTlfSEJSWDA0SXZCVzJDNVZROWxubGN2cUM0SXJhYUJvb0tZNmZ6UE1sRDVZQXFubVNmMHItM3JsMU9fUDRJaUpwRUZ5V1dZNG1PbUV1OVBvMGxpbmxLRUlUMkdvZ3BXOXd5OHk5QV9zWDk0bWxZVXM4eXk4MkI1cFJ2UTJ6YV8tODlpQ3lz?oc=5,politicsny.com,2026-08-01,neutral
OMNY,"Goodbye paper, hello cellphone tap: NYC to pilot digital student OMNY cards for some schools - Chalkbeat",https://news.google.com/rss/articles/CBMilgFBVV95cUxNZFoxc21fcFVyUzNrNkpua044MWJxSHZrSXgwLWRndHJtOFBwbmVMZ0lqRVRsdGxGVmoxR21IV0pQZFpkaE9mVFBxak1oV3RJOHpOTVUwTkhnczNtcVZvOE9iaFk3M3k4Z3Y1M3NRWEMzekxxdlNjVmR6VEJaNklINUt6YzNUY0ZtN3ZvU18zM19jWlh1aFE?oc=5,Chalkbeat,2026-08-01,neutral
OMNY,OMNY machines are back up and running after technical issues - CBS News,https://news.google.com/rss/articles/CBMioAFBVV95cUxPRlY4QS1UQlFIZ0d5eFZ5YXhGZU9qczlkV3RuN1VCb25WUHpyeEYyUTlOQ0c3bUpCeUFWU3RhU1NEX2IyenltM2FHLUxjX3BxTkNmeG1TRDRMd29wTHVfVjh5Q1RlWTBRbFNwVHRQSXlfV05kTk9GdFJURGdpaXZpWWV2dWtma0EtZ0VkaUVSNEFYTzlna1pQMld0bDJfNlRF?oc=5,CBS News,2026-08-01,neutral
OMNY,Some riders take concerns to MTA about OMNY fare payment as upgrades are planned - Yahoo,https://news.google.com/rss/articles/CBMiiwFBVV95cUxOZXFLaUR6a1NrRTNqb3VWOVd4eEhUUDFtTjg1WGJ3WGhVbkZjZzJtTTBGdXhhMFBEWHYta0tlLTV1YjFGSG5HckNlLUFLNEhLOHJxZmhXS1hEN19ZQ3hIRENNM0hkMFJXX28yNkhXMHVmZ2VYcXJXaGhrT3djaUNXbUVJU05aNWxGT1I0?oc=5,Yahoo,2026-08-01,neutral
OMNY,Farewell to MetroCard: NYC commuters embrace OMNY - PIX11,https://news.google.com/rss/articles/CBMiigFBVV95cUxNenNiYUJwV25uUWUwWjN0cXl2Sm9CRUZibGZlS2tHakZyQ3pFdVA4V0FWTzAwRkZkVDFkdk43MjhvTmc2R3dyMFplV2lqTy1wTGpJVUxUeU5SSGNXTTRMMVFzQlhORzhkTnZSMFBSWmo3M2ZZbGpaSnZib24wUHNOM1owM21UUjlZakE?oc=5,PIX11,2026-08-01,positive
OMNY,"Students, pols call for OMNY card changes - Queens Chronicle",https://news.google.com/rss/articles/CBMizgFBVV95cUxPQzRiaDRhRUw3Sl8xLWlXT0VTVjVtNWhoWVVRTmxHXzk1RGJabGsxQk5rdmJkTEo1NkMwOXJHRHJBelBpd1dWeTlsUldPaTRDN0VsUmIyaGxmbjA3RmdVQnVQZnZWelBBd2lKOVNJT3ZzVjd2ajZUUUxwMk5DSEpTMXBTVUJaZ2lGaVhPbEdiQUtSOXJKeUE2RWxaU3ZSSHNjcy1rTjgtRGpDSm5WUnUyQkRzbTd6dnhVeXdKMTZBWGlsdlZPNkxHUzd2T2ZEZw?oc=5,Queens Chronicle,2026-08-01,neutral
OMNY,OMNY celebrates 30 years of service to local youth - gcj.news,https://news.google.com/rss/articles/CBMifEFVX3lxTE5LVnFsMDJyVGd3VlRDYjhRcENsc2tFa0lpMEY0d19LVlRoX3M0V0J1Y01UTjlHZm1Ma1oxbklFV012Ukp5ekNHeTVEUHphZGQ2NVBGSDVZRU5JUEw3VDRTcEstWllsZHY3RmpEX1VuaFNLLW13XzJ6RURmMEk?oc=5,gcj.news,2026-08-01,positive
OMNY,Expand Student OMNY - Transportation Alternatives,https://news.google.com/rss/articles/CBMia0FVX3lxTE9vWk9WRjlRb28tclFKd0JNaWhBUzhmZ3c0dzY2MW5pNGNBQ0pWdUtKVldjSHNwaHcyRlo1ZkU2NldlQ2l6enAySVBYU0RhQlRnMEgwVXlFcEpkX3hIY2Izd2dtaS1BZFZFZHN3?oc=5,Transportation Alternatives,2026-08-01,positive
OMNY,OMNY Health Surpasses 175 Million Patient Milestone; Launches Oncology Product Suite to Solve Complex Real-World Evidence Gaps - PR Newswire,https://news.google.com/rss/articles/CBMijgJBVV95cUxQY0ZNREotYTZUWVhuckgzdFhOYWdWa2cwTTE2eHNHNTlLZWZnM2pMUFNtSVJacHZaV0dtYXk5bWVCaE5JQzJDV3Q2N3FzVzJGV1Z4ajFycWFkckFDbzc1amJVTWp4OVVDU2RPa3Y3Nll4NVNOWkIzNnUtb2xUakJoV2psdXJ0T3pjMmtkYllYbkY0YTA4VXhSZHBlRXV1MVRuLUZnNkNpVmw5czZSTXNpN2VNYWlUbHlYMWZNRzVEUnh3OUJWVXRxRzdydkN0bmE1cTk1dGJoM3U3TWM3dnl5SWZoZEF2bDJNcmNRSE1LV2lwWTdBQjdZS3BQSnVSRFlPZjJ1WHlRU1RUT3lMUHc?oc=5,PR Newswire,2026-08-01,neutral
OMNY,"NYC's OMNY Card Is Here, And I Am Full Of Regret - Aftermath",https://news.google.com/rss/articles/CBMiXkFVX3lxTE1NR1pWVHJKcTZnU3BOMDZIZnc1R1QyaHFpN096bVhYejBTRzVEUW9NQUtJNzZ5SmUwVFVRWWhQWDVDNnJfamR5dXczdHJVblhQVE5IT0xWZ082dGhYZUE?oc=5,Aftermath,2026-08-01,negative
OMNY,"EXCLUSIVE: City Council funds free OMNY cards for over 1,000 CUNY students in city budget deal - amNewYork",https://news.google.com/rss/articles/CBMiekFVX3lxTFBYakVQT0x3Tk5ycDVTV2htbnM5SjFJTHdsa0VTMTlyU05BbWRLVmpRSTNRSi1YM3NvMWdLNXlCUHpRZHdtVEI3ZUNlYzJOeUhpNlRkdHVhRkFGU3ZSdjQ2RVV1d0lfYkxfZ3hHbzBpN1dvVWdXdk96NGNR?oc=5,amNewYork,2026-08-01,positive
OMNY,The MTA still accepts MetroCards in the OMNY era — but does anyone still swipe? Here are a few who do. - amNewYork,https://news.google.com/rss/articles/CBMic0FVX3lxTFB3R1M1MFY4Zkg4ZmMzQjdDRkR1WmdqM21TUkc1ZTg2T3lNaUQ1bEljdkdTMFh0Vi1GX29Nd1NCM09ERlVpRm5reUNGTXR4Um1LdUVudm00b1Y0WVBCZlBaWTExcnl0VzFLNDh4YkE2V2g4Zm8?oc=5,amNewYork,2026-08-01,neutral
OMNY,"Take a survey, win a $100 OMNY card: Here’s how - PIX11",https://news.google.com/rss/articles/CBMihAFBVV95cUxPWHpoeERqZWZQU0VCOWctQWFNdWVGcVJIdzFKcEo4bnRUR0xLY1JjQVNRc2xLdzRMdVN1MG5kZ3h5YktBMXlLX2R1Vk51STBTTGF0R0JpZHZJV25UM3VJUHlOeHJNV25sV0FkdzdMd2hCdVhRQm5xYl91RmdWa0Y3dDBCX2zSAYoBQVVfeXFMTm1pUDA2UW9fc0xhUDdPS0lqNnl6VG9RWkYtTmFPQ3JUNXJwbS00Z0dkeEpYbFpUVTNLVncyUFJFQ0xSYTBSbGNfU1ZwbnZSRnI4ckZ5NzlBcGpWV0R6UlpvaVdIZC1NYTZMR3hrRFA5UVFJV2g0dWxXRHBTUl9ReGF6RElYcy0xZWp3?oc=5,PIX11,2026-08-01,positive
OMNY,Westchester Prepares for OMNY Rollout with Full Bee-Line Installation - westchestercountyny.gov,https://news.google.com/rss/articles/CBMiwgFBVV95cUxOX0xQT2Z4ZUQ1THdhbGhoRmFMaGJFS1c0elhYX3VCWi1ITWxGZHVGeWlZdmtQNVk5cGh1SmFBcXg0cHhDTkR1WmFUcVBpczVrWG1FLXZJQnhiZ3JtMjh3b0ZkU2NGQmJqOWw1QlNudmc5TlZZVW5HR1dENnJzdzZvLVM5YktfdW5oUERaV0Y3bDJ2SFFXUTBxT1E0NjJiaXFFc2hOQ0RoRFZ0MU9ZT3h5aXlaeHR2NDgxRks5V0hpZjMxZw?oc=5,westchestercountyny.gov,2026-08-01,neutral
OMNY,"OMNY processing issue resolved, says MTA - AOL.com",https://news.google.com/rss/articles/CBMifkFVX3lxTE5FX3I2ZlZQaS1jcTlXbWVyZEhuWnBLNmRZN2pWTGxFTF9DS3l5VUdDdlhPS0Q0NzBLS3VldlM1XzE1VlRIVXc3X2dnLTVDY2g3eWc3bzNDSWFPS0haSWZFRGlLeU9ZX1ZtY2ZTX2otV1dOLW9adzIwX3RhQzNjQQ?oc=5,AOL.com,2026-08-01,neutral
OMNY,Manhattan man encounters issues with the OMNY senior discount - NBC New York,https://news.google.com/rss/articles/CBMivwFBVV95cUxQOE54cGE2cmlLZ1Y3YVE0elBuY282Ym4wczFUNHpFNlRhNGxiUzQtOHU5YWxURVI0U0xyekZISlhtTDExQ1IzSjB6Q1V5bV9TSmZEQUt1a05YcDA1RlVoalBNbFNXTWxiYWdjcEsyUGI1ZktidVBQRzN6Y0tuem43SnBVMllJXy1MNFFqaXF3RzZrYWV0OU93SG04Zk45M2xMNm43NEI3VmQ0cVpLQTVwb2h5T2h6T3dLa3FwYThFONIBxwFBVV95cUxQcm9wUllqNXVMZzg5clpab2NKTlJNWnlMd2JwYklKZWRjU2pDOVBLWWVsdGwwOTFtMDV5TFJqczc3bDU4VHpzbXY3T1pSenpfcm9Za3lYRWRtdWIxTGtPUUIwOFFNNVFXandnbHI4bnVjVl9WcUQwQ3ZQS2hXcml1cjRBMVhQNEp1ampYRGhGYTFJWkwzcTFQTmQ2cmJlTlE4eTQ2UXdnRFJ5a1N3a1F3SGMzSGtwTjdXYWxwU3F5MDJNX2REWnhv?oc=5,NBC New York,2026-08-01,neutral
OMNY,Riders will see more handheld payment validators on city buses - Spectrum News NY1,https://news.google.com/rss/articles/CBMi4AFBVV95cUxQX2NWS0xhUW9vNUE5U0JzbVZZVnJHVVNybFBHdDgtQlFuQ2VtYmlPN2kzMUVaZ2hucWtrUDRLbjBzYU81dEJuaVJxeS00aVJscDl5NmdlSWl2RjI5TEl5WERlLVktanlDSlh6Nkh2X2VxaGxOVnhoMHpLeEhOamxtbHJROUZKaE5jbEVoRHVlTW84c0FTaEljVlNxc05yVGw0WTZweWcxS0E5RlNnNXNtaVE2Y191SWhHbUttN0FaT1VLSS1MV3NwbXlRRnNGSEVFNnE1ZGtMczM4LUZqTWdOMg?oc=5,Spectrum News NY1,2026-08-01,neutral
OMNY,Some NYC students will get digital OMNY cards - CBS News,https://news.google.com/rss/articles/CBMijAFBVV95cUxPZTlIMFp2dnAyRjZncGVoRER5UlVJWGpsSGxRR0RKazFqTHVxMVFIeXNhNndWSHhNbi01UTFjS2N3YlY4b01qbldTQjc2Vnl3ZXZlSnpJZFVyTmVZUzZZN0VNRGVyWGxXeXZjaHJUNTFhYW5mbnJ0VDhKVTdqeE5aSTBUV1ZmN2pQLTRQUA?oc=5,CBS News,2026-08-01,neutral
OMNY,NYC Transit Just Got Rid of MetroCards for Fares. The Successor Could Put Your Privacy at Risk. - reason.com,https://news.google.com/rss/articles/CBMiggFBVV95cUxNRUFYSXo2NjhWRUR2RFZRRTJYMlBIUDRoZEpjQWZYVGsxUlZua3JQV1labEZwczB1a1hHMl9LS2dWYXdhSmRTTDFOR1ZKNHdONHRuZ1lKNVlCVzU1aGxKak9LeXhQdl9Va2RST0JBQ2lNa3VUc0I2Ri1oa1puZXhncVJB?oc=5,reason.com,2026-08-01,negative
OMNY,Nyc Students Say Omny Card Problems Are Leaving Them Stranded - bronx.news12.com,https://news.google.com/rss/articles/CBMivAFBVV95cUxPRWY4TGUxbTBTSEhLNTVpdVNMcEE0ekQ4SW5EWHU5cjhHN00yWFptYi1LTnVmZ2pLNVdhRVh0NXBZZlBBeURKTThWWS1wV25pdEV5NFZ6NXI3alRwRzcya1FGbl9LRi1LcGZxUUN1OThBUjRwYkQ4b3J6c2M4TkNSajdRNWgxcHl3a1UxU1NCZVdId25icW1LaEgyREhBSjRlakRrRkRnVk4yMmJvMThNTDlQUmZiMWFKUEJ5eQ?oc=5,bronx.news12.com,2026-08-01,negative
OMNY,Free OMNY cards coming for some CUNY students in new pilot program - PIX11,https://news.google.com/rss/articles/CBMiowFBVV95cUxOSm9hblRVN3h0QURZNlcwQ1RnM3pvc256a2xLelZtdFYzWlRobmlZNGI4bDBNVG5Cdzc3b0NpOGoyMHBzLU5PbF8wQ0ZyRjgwbjhhdGNHckgzLWpKNTVkc2MwMl9RT05CMTEzbXdnREJ1QV9mWWFCVS04SXpGQ2ZCR21rWkdBbUcxYTR2MElxcUtJYzJJcnk3aGF1V2w1bUVWTTBF0gGoAUFVX3lxTE1kOFVybmJpd1B4bUJEVGt1Mm51UGwxLXFSUVZMMzQ2UE4ya08zUW1Ha3dHeXdDRnBqelN2bEVSQkZYcFNXTVBFblVDbkdTVGpmNFBvNUx6a1JzU2swT3ZHeFVfZ0tuaS1CZzlBQVlYeXVteEV4QzgwXzZ5OExlcHl0QUpNOGl3UUVUTWw0eUFQeGhieEN2QzFHdloydjQ3dFFsTXVXUHlNWg?oc=5,PIX11,2026-08-01,positive
OMNY,Where to find an OMNY card in NYC as MetroCard is phased out - PIX11,https://news.google.com/rss/articles/CBMilwFBVV95cUxON3I0YU94MWFETGJGTEtIUk56eVI5V25JczNueVNyOWdQbHB6Wnc1c2Z0TDc3eF9USk9kNGlXWXNNbV8tSUFEdEdnTFlBMWdQU0xVQjh5S1BmVV9yNUlWSWJlRkRUWGdrVmFhYXY0R1k4czg1SE44ZndJa2I5OUZoS0pfYjdjOTZQQTJVc0Fqa0N4QzUyZWp30gGcAUFVX3lxTFA2bExzSGR5Z29ENWdUbWdnNU1VTTVrLTh6dGpodlh2ejhVRzc1VXFabFUwUjl6ZVJ5Um1mMFpNNXRDLUQ3cVhzclNNczBxbC1UVmN0S2VMZEdlQXJ6Sm9aTmtRT2JFLS1lQXM1b1dfOWwxa0Jjbl9Vd0tmaldBd2t3VXBlM2RkVkhOTFpPZmMwby1ycmtsbEp1VjhvYg?oc=5,PIX11,2026-08-01,neutral
OMNY,"Borough President Hoylman-Sigal, CM’s Marte and Restler, Riders Alliance, the Permanent Citizens Advisory Committee to the MTA, and Students Rally for Expanded Student OMNY Cards - Transportation Alternatives",https://news.google.com/rss/articles/CBMidEFVX3lxTE5LempCNDNycnZFN0M4bmxmREg4TTU3QWc1bG1FeE92RGUySmJ4bWE3blYyRTBjQzA5bGF1cHdxQWhUbkoyb0NuMXlyNVh4S3N2b1R5Mm1uS1lmbGNkOXppVTN5c3pxZFNHTGFURUVGSUlJTm5i?oc=5,Transportation Alternatives,2026-08-01,neutral
OMNY,Bee-Line fare hike: OMNY to replace MetroCards on all buses in Westchester County - ABC7 New York,https://news.google.com/rss/articles/CBMiowFBVV95cUxQX19mWS12TU05eFV1M1Nfank0UHVXTncwZnBpWWx4QWppR0R0VFB3Wmo0X1FvS3VUd0FPR0dhNDFCbWprSnZ0YU5ybDdqN0pjWTA5ak5GbXVNRHpybTdnYllvdTdYSW5UdFZiOGNMR1cxQUwwSi1fYkZwN0t2dzBaUHpkSDRrekRXUzlGNkFidnBxV3JxYW55ME5xel81SVQyMzV30gGoAUFVX3lxTE1FOXpsTmotNEp0SDV5RlJSbXYzRkJ1cmpfTjRwX3dSb2dDb1c1NUF5RnFmaHZvWXY3NkZKTXkzeFd6TWxkSXpBM0pmRWE1a2ZtQndMcUJlMXlVMDFLQUJHeFRVWk84UjFqMjdGUEtSa0lzRVZBMWNzSUNrRlYyWTJ5Y1d2dVFQR2pEZGpDZWFyb0hyQ2I5RlBpeWdYSUhtaFdFRV9BQ0x3bA?oc=5,ABC7 New York,2026-08-01,neutral
OMNY,NYC Student OMNY Cards Go Digital - Patch,https://news.google.com/rss/articles/CBMif0FVX3lxTE9CYlZ2Q2dPUF8tb2NvSDJmc1NkcmdKNjBnOHZFNlNXRVhfLXJRTnpieDl4eF9rLVJUdy1rOVg3clBqLUNBQTVZNU1idHpPdlBuVUxraVI5VDY0VGRDNUM5VmVDVHdBd01ld3hUampnb3ZXVm5nQUxkYkVHbUJVd00?oc=5,Patch,2026-08-01,neutral
OMNY,"Opinion: As MTA Moves From MetroCard to OMNY, Accessibility Must Come First - citylimits.org",https://news.google.com/rss/articles/CBMingFBVV95cUxPb1Fub29nc0dBOEN1X3EwUk04NEZXS24tX0JQUTJZN3ZRT0lfNTc3R0NMQzFTUlBadWtWTmZtLUpSYVJvUDdHN3BPZmVUYUcwTHJQMUlYb3pxeHNZTG12NFZXS3dmYzVJV2UxYzBmQzRUd3lTdE1YM29RRjktVG5qakJIbTVITGgxT1BIS2FtQTZsSDFuazBkaWF1TnNVdw?oc=5,citylimits.org,2026-08-01,neutral
OMNY,"Kids demand fixes to NYC's student OMNY cards, saying flaws encourage fare evasion - Gothamist",https://news.google.com/rss/articles/CBMiqwFBVV95cUxQd3hHMUsya1BERUpDOGMxaVVsZFRMQm1wQlB0UXo0NXBVQ3lKR1dUQVR6VWNUbzk1RmJ0RE91OUVQUDUzVkJjTElJSkR1eG5UZWg0eTR2aFR4WG5ZZHBLWDFMV0pna0lXUU0zdEhmVG1FM0RFdVF5QTdEMC1EN0tjSVZZTDkwWkhWOU41NEVLVzZnNkRoYk56anpUWDA1Y3Q3ZHdVLV9VLWd2dmc?oc=5,Gothamist,2026-08-01,positive
OMNY,Farewell to MetroCard: NYC commuters embrace OMNY - PIX11,https://news.google.com/rss/articles/CBMiiwFBVV95cUxPd0dwT0lrRzFTMXY4WUhOckNUa0p4a0tCS0lkOHd3QWE4ams2LVlVeEFRYngtcFpJdV8xdmt1LUY3c0NJM3AzV0xHeVVwTjVlajRjMlRwVER0eHdqZ0V5dlE3dV80bVJVSUtET2tjTTdyWXdsYzZDLUhaSTdFeFg5dWVzMmpST19aZkRN0gGQAUFVX3lxTE1naVlTMExxZkZ4b2tCMWRXaG5uZ0hEVTZJLTR4S0dCdmp1dnVvMHk5SmJqeGVCUUhoV2czZndnT3c5OG11N0JMMG9IV29HT3luamRRNGpERDItTXNzYnFtNHJ6M1dKZVlUYUpyZUQ3Y25fLXJBZXdMNDV6a3hLOXc3RWktbGlPc0hrZEdjQmU4Mw?oc=5,PIX11,2026-08-01,positive
OMNY,MTA Paid Bus Ridership Drops 7.7% Amid Free-Ride Talk - The South Shore Press,https://news.google.com/rss/articles/CBMioAFBVV95cUxQcWp6aWY2czlBMFVKekFrQmVoWUxFbkVNd096Y2o3UWtoZ1VYWEpHU096cUlsME1qOTBPMTNtNzhJdklvNFVubDFkWXdfYmZ4V2F2VWlVTGlHVEs0OTA4cUs1R3J1dUZaT0dNQTJtdFltSjNIMEgwTHFWZmlMdkdsbE1LeVBVX0dBY1FJUFVTUnU5NEJCdGpMOHlaNTRfY184?oc=5,The South Shore Press,2026-08-01,neutral
OMNY,"How to Get a Lower Fare on NYC Buses, Subways and Ferries - The City Reporter",https://news.google.com/rss/articles/CBMihwFBVV95cUxPaktPRzJ2SFVxMDNSMTVyNnhGMTNqN1h1NFJyd2JkMUlKZHhGb3ZZR3ZIczNLdmxVXzVYZUFIN25kTF9zcnVwQm9Kc0QwSi1xV3R1S0N3SG91ZFRPTFQzcnZXN08yTkRQV3NRWDJYOEpuMmRGSFJIY1MyeXhVNnpjVDVJSTZ5dzQ?oc=5,The City Reporter,2026-08-01,negative
OMNY,MTA gate guard caught on camera trading OMNY swipes for cash: agency watchdog - amNewYork,https://news.google.com/rss/articles/CBMifEFVX3lxTFBhOTd5MmY5VTFZZWMyTjg2TmFXT0RpYTZiSl9SM3hpTGZtQmhiQzE0bDlDMjY1T2tIRWxFQmNkV1Q2VVI4OHcwXzRSSFl2MW5JRDVaM2lvbEZWT2ZtRFEyRkc1ODJKV2QzUElWVFZtaHNqS1k0ZFNoMHpxVmU?oc=5,amNewYork,2026-08-01,neutral
OMNY,OMNY vending machines are finally coming to JFK AirTrain - Time Out Worldwide,https://news.google.com/rss/articles/CBMirgFBVV95cUxOWHZNYW5raEdqSGNWLVk1akZpcnhycHNjeWJYYmtneHNCY3pUbXVxcVFSVnhRMm1pTHB0Wmt0d3lJbVBETlJ0b2ZZSjh3S1hWQVJSZ1hCYm9DRnFxNG5WRDZ0MC1OWnlVYnRGcHBkUzJ5eWhpbFVsd2FreHYtU1pIOEJ5MkJxYUZ3ekN0VmNmdnJScVJwTWdLWndTVVJ5c1owel8tbVlidllIMDB4aHc?oc=5,Time Out Worldwide,2026-08-01,neutral
OMNY,Security guard accused of using OMNY card to let people into subway for cash - CBS News,https://news.google.com/rss/articles/CBMitgFBVV95cUxOQWdxYm15dUtzNjhmcktYQkwwb1JZWXpRUUkxa2xMQ1JGNzA2OFdCb1M4NDZLV1gtUlIwb0xZNTItY0ZwTURQaktGa2E3enJKMVYwb2o5bV8wY3A2alhxdjI3NDFDRGx2VGU3ZXJGMXYtUzZwS0FrUHZxM1dvV1IzSl80V3BuV2l1X2lxcE1zUU14a212UmJKR1ZIaTQ0OGlpZkRfeks3MjgyRmZLWExTUkpYRGJqUQ?oc=5,CBS News,2026-08-01,neutral
OMNY,NYC commuters face OMNY problems just days before tap-and-ride system becomes only option for NYC subway fare - New York Post,https://news.google.com/rss/articles/CBMinwFBVV95cUxPVi0xMkhKQi04ZUlLZmVtSXRPZ1E0a3E4NWhSZG1lVzhkaldFUldfcmxwZXZMeWFHMURYM2FEdkxJZ0YxTkNjRlNrUjF5OXlxSVZmVUkwRmxGMk13V2pUc1dTS0RCZHdINmppclgzdEx2YzVTdk5HUHdIbC1kMUY1MWNNbHRxU29oWTlrSk9FSXAzTXQwelV1aVVsR1lQTDQ?oc=5,New York Post,2026-08-01,negative
OMNY,The Bee-Line Stings Riders With a Last-Minute OMNY Rollout - New York City News Service,https://news.google.com/rss/articles/CBMipwFBVV95cUxOTHAwQTlEUDBEUVJXTUdpWHlBc3UyUGxRUktrcURVeHZUbFhEcTFrTlI1a0pndmJkX1hFTTRsaGtlY1VRQ3pWNVpYakhkYXRvZDU4Snk5M19QSEkzcHZ2ZGM1Z08yazN1c0RtNl9tZVkyNXJmdXg2MWNGVC1RdFRUdjZaVVlZZzZOWUVIUHJtellJY2g5YjRTREtOMmRyNjhZajRIWExPdw?oc=5,New York City News Service,2026-08-01,neutral
OMNY,"NYC moves toward digital OMNY cards for some public school students, report says - SILive.com",https://news.google.com/rss/articles/CBMiwwFBVV95cUxNS3pBWXBKX3NZTjBUcTZKc2hCZVhoUXphamNKR3cwSWtsV2xyMVVoWEVkVFBjZU5OUXdZdXVSLU9OcklqT0RYVDZhUTdISy1UdzJYa1hkdHhRbWRWQ3B5SlM3YVZfcGtzYVlXQjgtTTdpU1h4dUp0Zk85aFZTTVB2TUp0QkVTN1Z4M3Q4Q2NsaXJTQVF2Qm8yX0pOLWdzQ09rQ2FKRzRrTXU0ejc4ZEs3SmhyVndKN2JnZFlWMVBFOVNIdlk?oc=5,SILive.com,2026-08-01,neutral
OMNY,When do student OMNY cards expire in NYC? Things to know - PIX11,https://news.google.com/rss/articles/CBMilAFBVV95cUxNMEI3VGxVX0NFMHZlNnJOTWpWeDV1SHVyR2tkZnBpYm12NnVkWmU1OTRucGpBVzRteGFMaHlrT044UVFPTkZPNlN6d29Vd0hsOUNZLVlOXy04MjZBV0VWdUVtUl9vNzVuOHBiZ2dESzFHNEM5UzhFYmNGWTFVRkllRENBR0R2VEdBYnJhWmZDLVB4NjY00gGaAUFVX3lxTE1PSGp6ZGNNNHJfS2pDUWZ1aVRWWkNObHd5WG5LUnRTVFRsc3lDNnd0aVp1NXFxaHY2bDZPeTRmd2l5Vk10VHZOTkl3MWNRU3NKYzJhUU1DRE03VFRNUDdhSXJ5RGplRm1EcVdaanpha2tjWGhiYzVmWVNQS2xLNmRqSDhYTjlQRDB2ek1WY2VlV0xRa3FDLWR4anc?oc=5,PIX11,2026-08-01,neutral
OMNY,The MTA Is Doubling the Cost of OMNY Cards: Why You Need To Buy One Now - Secret NYC,https://news.google.com/rss/articles/CBMidEFVX3lxTE5OS2FBT2UyVjkteEh2UTN4LU9XWHNFQzlOY2JvT0lWaXV4M25UN0p0RExzQnZPSTdRbnFwbGlJVk5zU3NRbWx6R2I0TnY5dHJlQXR4blBfel8wbzI4OG5vVlhvenFoTDE0REhEYjlMVUJER3Y1?oc=5,Secret NYC,2026-08-01,neutral
OMNY,Push continues for free OMNY cards for CUNY students - PIX11,https://news.google.com/rss/articles/CBMikAFBVV95cUxNOERieXlNeXR3ajN2b3RYUzA3VjUzYTJoYzJDbHNpcG9UeUd1Ri04cUxiSjRJMlk0OGxRQnIwVjliQ3NCeW5HQUdjN0MzMHpDTTZMWTRlMDhtd2NSbFM2YUFEYm0xaVZpempvRkFmb3o1MWVqOHRhYk9nMzdlcURBU2FweXVGQ29kWmJ2WmwtUjbSAZYBQVVfeXFMUHFjSEtjU3c0MnlQWlgyWWdvYTBtQWhLWTN6dU0yQXZnV1VQMFpySGx4OEZGcm80dkFhTE9SU2FHY1VGbmVsd29mMDRvbC1DN2U3RUxJdGR5SE16YjJSem03U0R0ejIwak56c0x2QnRURmxEWm10MlVEWXhPUUYyTkFSdmoyZ1NXbjNaaEpYOTM0SFlHQ0xn?oc=5,PIX11,2026-08-01,positive
OMNY,Civilian agents with handheld devices are being deployed across NYC buses to verify tickets - Time Out Worldwide,https://news.google.com/rss/articles/CBMi0AFBVV95cUxNRnZLMHZvdXkzR0tMS0VPRTNPYkZYVWpQU0dWYUphdGE4ODBXQWpaN0JQSldxWUY5Y0Y4OUVzUVl4OFViNm41NTBNT1VwYlBFLXYxdy1mSmx3YXlZT0Q2TXhyenVPTXg4TUJ0VW9pem11dnUwS1JfSTNfektVY2R4cHZ6REs4ZFdRVjNfSzZLZDJzckdiSXBGQ3BSd3hKeXZWU0pJNThidk4xZzVfU1E5Uk5wUnVBY2JzWC1PaVJ0aVlrcmRVNTc5WmZkS2Y4bF9Z?oc=5,Time Out Worldwide,2026-08-01,neutral
OMNY,CM Ariola calls for ‘unlimited and universal’ free OMNY cards for NYC school students - qns.com,https://news.google.com/rss/articles/CBMiZ0FVX3lxTE8tZWNuSk0ydlBtaTdLd0lqaUVBMkRDNXNLeXZ6OGVWd0UyMDctSHB6N0tOWmxieHZ2cEdRMlNnaGlvRjhXdS1IM1lMMkVyRWp6TkRyT1lHMUZHSHJ5bTlUWE9vUWZkWHM?oc=5,qns.com,2026-08-01,positive
OMNY,OMNY makes a bumpy landing as MTA fully converts to tap-to-pay fare system - Gothamist,https://news.google.com/rss/articles/CBMiowFBVV95cUxPUDlwekU5TDVUNG9ZUlp4S3RzNmtsYUVwcC1sT1hpSldzVlh4cldVREVVQzc0VzJyT1FZdVRzMEFCZk1HTGFvejVHam9sRXlOWjNIY3MzdWlXT2M5RkZOTjd5TlFLMnVWQzRiMzdoQ3kybXY3eWF4REJzX01McGdnU1I0LWQ4V0J5SFFjTl8xWi16QTBmWEJ2M3lYTmQzVWQxSW9Z?oc=5,Gothamist,2026-08-01,neutral
OMNY,Some NYC seniors troubled by switch to OMNY as MTA kills the MetroCard - Gothamist,https://news.google.com/rss/articles/CBMingFBVV95cUxQYm9XdVdXNE11Q0hjY1R5Z1ZVUkdJbzdwVTN2Q1lHTG9lcFh2RG9mb3UxcmxhNHlwR213djA3bzcxbzBKdGZVNHdkUi1CQ2MyZjVUTWFDX1p6cG85M254dU8zZTU3Z2lNSUZjdWNxaU0tUmk3LVpYY25OX2h5WEdaanNXQ1VxT1liZ1kxUVBqZVkxeU5adDVIdnltX2JNQQ?oc=5,Gothamist,2026-08-01,negative
OMNY,"MTA reminds riders the last day for MetroCard is December 31 as OMNY takes over buses, trains - ABC7 New York",https://news.google.com/rss/articles/CBMirwFBVV95cUxOdWNub2I1dEgwRHJYcTNVYTktazdKcU5jalplYnVMTlB6MEo3TlJ3MGlTbDhrejN4Q0lFNUQ3dnJ3eDBFLVJBWTV2VzhaU3RmOGtPemdSQVo4UjEzVWJiR0drSUw1dm9EOWhsNEN0UW5DdTVNTGFuWUQxaVcwMV9XbThaRXkxdHljLWhvR2xveEJIdXF2YjlyRWVfVnBmVGhLV0dDRnh1QUxIS1AzOHp30gG0AUFVX3lxTE5heHk5cEpyRFZVWXl4NmlaNEJ4aXBiM0loZmNzWXNleWsyUVlUZXJ3MkhQeFVaRjVFY2Y0eExlSDUtbEIwMkJoc3FYaF9ZUzRoS25oMEFXQjRlU0k0TEJUczMtZlExbXlzTFl5V1VSWGNqUV9YUExuYi15VTVrZVRHUGNzUnFHMS1zNmFyMWo5VlRrZlJ1eVdySTZydzF2UVR2VTRjTXNyeTUydThKTkwwNTZmWA?oc=5,ABC7 New York,2026-08-01,neutral
OMNY,You Can Win A $100 OMNY Card By Complaining About The Subway Right Now - Secret NYC,https://news.google.com/rss/articles/CBMid0FVX3lxTE1DZVduMDVfSVNKY0lubUc5WGdnVXFRbnVyRzhuQjlteTRHMmRPYjdWQmRQTkp0cW01U0FlUDI3em05X0dtQVV5TWlCMERBUExmcWpZbE5fd0RrM3NQb3NOR0VETjY2RE9VRVFWeGU3cFM0Q1c1X1lN?oc=5,Secret NYC,2026-08-01,positive
OMNY,OMNY officially takes over New York City public transit - PIX11,https://news.google.com/rss/articles/CBMilAFBVV95cUxPSEpwNURjaFYxd0Nld3I3d1lzR0VWaG94cVcydzhZd1FBOFJqSkRLdGlwem55cEVOUzRZSGtkODdIOFF0MWxSZmxraVFmZ2VPUDJsTHhrQ3YyaThzRUhGTTBfeDk4a29McGxYZEthSTkyVlkwVll5YlNSVWtIa0RNbmlTekhyVkJrU0ZqRVp4QTljeFhF0gGaAUFVX3lxTE1lUEtUQk03emNLbHl6Q2JnMVFuRFB3V1VQaGU0LXc1YlhKSDNINF9tOUZsWjhTekh1WC1vRnZZMW9tMmM0OFZ1VzQxZFZ2d3lIMDh3cjlaWlgtcGNYVXY1UTVuV1lJMDJmY0xSb0NFaWUwN05ZVTZrVGI0dDdxYzdzZmZFcWlubFcwZVEwSTRZTUdUekhJUy1jS0E?oc=5,PIX11,2026-08-01,neutral
The L,From Self-Doubt to the Start Line: Melanie Bianchi’s Journey to L’Étape Czech Republic - Škoda We Love Cycling,https://news.google.com/rss/articles/CBMinAFBVV95cUxQNTBWMTNqek1TLW9jQWtIUGw1V1h2YzhIdHA4VTdTb1hjTlZXT1N5UF9vaGt6ejBrcWFuRHBmNF9EemRYZEo0Q1JvVTZBa20wcVRtcGlrVWpmRTE2cFBaQUoydWJ3MHhHQk93NV9ZNVN0VW9McEd1QkVReHYzaEcxN1d0ZXVIZW5teVVsMmFCMFhRc3JPRjh1VElOV0g?oc=5,Škoda We Love Cycling,2026-08-01,positive
The L,Cruz takes the 'L' -- but the Yankees' offense takes the blame - MLB.com,https://news.google.com/rss/articles/CBMihgFBVV95cUxPZ1lOU0JQYUd6Mlo1blNCWXEzbC1XeUdOYzhJcWxzbDV2Q2VZQlY3bkd3RDVlb1BlTGJ5YWJTdkduV2FNVUdzU2JRYWdPcmdUX2tqYjVwQ2thM085Q2Vob0lFMDZid2xsTkhSR1IyYVd4MDhnXzJaQ3NONUlTUmpKZGJzVzVJdw?oc=5,MLB.com,2026-08-01,negative
The L,A calling born from loss - Bethel University,https://news.google.com/rss/articles/CBMid0FVX3lxTFBBY2FxVzd0dW9mRlVHVkM1Nk1MSVpScDd2NGRrOVU3dDVZQXN5Qi0xMkIwUV9hTndjMkFvUTIwOWJBQjd2NzdnYTNlVEtCQ19qMExYVDcwQmhRWE82NlNPXzhLSEtrNnhHcGFfQ1NtRXhpaDR2SEpB?oc=5,Bethel University,2026-08-01,negative
The L,The L-Fund joins forces with Coachella Valley LGBTQ Center - The Desert Sun,https://news.google.com/rss/articles/CBMi7gFBVV95cUxOZURvYmtqemhGaExjM2RyV0Zuc1BQdUdmMlVjb3R1NG9pV1AycjBkNk8yYjVoc0s5bmV0ZG9SSTQ5OS1ZT2o2NXlvdjR6WUNqVHlvdHhmR09XVEg1ZFJNRFN1cHpEOWlsZTZ1U2Vrd1RjaXpmMGVPSGc4OEhrZFVwY3pOOXRKaWI1ZVJXcXZabTdMYWFwVWdIeUdsSUltZWxMS3JSS215dW9aTGoxTlZfOURKeUtiUGtmRU5uYnhOMl83OXNBMjZpNTJRR0FvM3paSWtQTnFOUlplcXBWUTJhcF8tS0U4akZOQ2hOdEt3?oc=5,The Desert Sun,2026-08-01,neutral
The L,Robyn McDougle named interim dean of the L. Douglas Wilder School of Government and Public Affairs - VCU Wilder School,https://news.google.com/rss/articles/CBMi5wFBVV95cUxQMXo4bDAzc0k2eXE1MmU2eWo2OFZYYnBpUHZyS1J6TjZLLW8tTWZObjM0NzdIeEh2MHVGaHM4dzF1Vkt3ajJEQXBjSVBKdVEyMWpKUGdSSEdEcHdaY000RmY3aFM4c205eUp4WnZLMExTY21ocDNwZlNoTWVXRmItdVRUUm9DM3p4YURNdGprZmwwYWl6YU82aXpCbURDWmVITE5jdi1sbGRHS3BFM0RyVTNOSzFPcUFkN01ZWmFUX1FnY2ZnWk92RGRZM1Jia1YtS2RyWmpFR0l1NEFvOXM1eVVOVm96TzQ?oc=5,VCU Wilder School,2026-08-01,neutral
The L,Back in the “L” Column - Covering the Corner,https://news.google.com/rss/articles/CBMingFBVV95cUxOTllLazlaX2UwV05yaThsaGtRSm9VMmVnZWhpb1ZaNUxRcGJSdUVSU2pvMmVWU21OSHVUTWpKX1RNMTIzUzJtcU1mNGxFQ0VIZzBlQlVuc0lCQVFDY0JHekg0OEFMemVhZ2xyRFFsWkF1RF8wakRBck9QMVNuNlNyOTRIN2RhVmEyYnVpclRSRDhxaEZnbjRxTFdUNE5JUQ?oc=5,Covering the Corner,2026-08-01,neutral
The L,Why This 135mm f/1.8 Might Be the Year's Biggest Surprise - Fstoppers,https://news.google.com/rss/articles/CBMihgFBVV95cUxPMGFNVWd3cUhlSTkySW1RZkZsck04SzRNZ1U4dE5mV21KbVZKRmxQcWxVeGl2T0pSV1ZuNnFxd0JKMVA4ZG1xLWRZMHNJUnZhbmpfT010NDZTa2diVzZoU2RJbGh5R0NyNHVSNzRFZUg5Qk5Tb1J1YWMyWk1PTjFpQURZQXloZw?oc=5,Fstoppers,2026-08-01,positive
The L,From The Archives: The L-159 Flies Twenty-Five Years Ago In Aviation Week - Aviation Week,https://news.google.com/rss/articles/CBMikwFBVV95cUxPYUd2cGllT2RRdVJhVkJDMk1QeXFYejg4Qmt6R1AwdUlMRnY4c2t0Z2JiMDQxUXFoREFITUJMZElCd2hGdThMVWtMTDJMUzFVVUVKdEd6OFR0WkVsVGRPU1k2T2pqalZPMjIwQW1mLVZLUjY4WWdGYnc4YmY3akszeGU4TXBrMUd1U0JyeVNnX3hFYlE?oc=5,Aviation Week,2026-08-01,neutral
The L,Back in the “L” Column - Yahoo Sports,https://news.google.com/rss/articles/CBMib0FVX3lxTFB6dDNtcXFtSmtnVDI0d0E2SHkyNWhkdE5tU0NoU3VEbWhoY0t3a0pUYjFZVXdiODVCbDExWnRNWHVCSGNGLTE1WVFRUWNNTU1VeWRiZzI0ZnI5RDJvQjJfMFpBQmtKeERPRGFUMm8xWQ?oc=5,Yahoo Sports,2026-08-01,neutral
The L,L’Amour Bistro brings taste of Paris to cowboy country - KFYR-TV,https://news.google.com/rss/articles/CBMiigFBVV95cUxQWWxsT0FlZENwdC1ULUpvaWt3WlBKRTBxdk1iU3kxd0RvaDE3ay1GRW5mUHhtdmNlM2NER2cyVHQxaFlLeV9ZMzRLd0RtM0lBaVo3ZTJkLUswOTdFMURYazVObmFkU0dGa3lkblJtbDY4czNwYnM3bDZtZElQUE92NFRIeFJIVXF2ekHSAZ4BQVVfeXFMT0xfTlRDMVFJUDVjSnhNTnVCUWR1WGxKbWgxNGFzck5kbDFQUXg3RzcydlZBdm5Oczc3clFkcWlrb2pBZklUcE5uQ213V0NKVC0xWXlia2tKeEFVdlgxREl2Z3R3NjZmZUljRW5KVzY3T1BUX3NWcnpzekQ2Uld6amVSam9CTHJYWGF4T19CdWxXSTN4X2RkNUdSRU5UQ1E?oc=5,KFYR-TV,2026-08-01,neutral
The L,Marines to get new anti-drone round for M4 and M27 rifles - Task & Purpose,https://news.google.com/rss/articles/CBMiYkFVX3lxTE5MRE5HVERPLWpmbkNrOUctb056clBKUUtKNFJBVm5VV1EyT3YwRjR2a3Z5Tkl2eVJSTGdOT0loekVMMUV4SzNfOENsdEtNS09NVEZRQkZQV3Y3RXhLQkh5WC1n?oc=5,Task & Purpose,2026-08-01,neutral
The L,TSP Millionaires Reach Record High Following Q2 Market Rebound - 401(k) Specialist,https://news.google.com/rss/articles/CBMingFBVV95cUxNVGU2bEdJQlhoX2J4Sm81TnI1UFdyQUZjcTV2dk9ZdTFKcHhHZ3ZEY0JNYnBnMDA4YS1Od1c0UDJDODRJMllnb1pZWlBMb0lub2JET3BKdTltazA1ellHYXJrZTlHYVpVZTlvbFI3OTlxX3lUUHByV1A4cE02d2Y0NU4weG1jTHpPX2VzVmk1YzVDajZFb2pLblpnX24yQQ?oc=5,401(k) Specialist,2026-08-01,neutral
The L,We Got Up Close With Tesla’s Longboi Model Y L. Here’s What Stands Out. - MotorTrend,https://news.google.com/rss/articles/CBMidkFVX3lxTE9FYU1ibW5MZlZNcGQzQ2xMYkpQcE1GQ2E4S01zUVBHNExwU0NkTlo5S1ppUGNyVFVYVEplclFSVFhTc0NYMG5tWm1BMVItS1ZhWWU3QkhQYlV4Vlg1cWdTRW0zT2QyV21jTWVkZGJURmlvTlRoUFE?oc=5,MotorTrend,2026-08-01,neutral
The L,Russia Lost a Jet Trainer – What Happened to the L-39 Albatros? - Technology Org,https://news.google.com/rss/articles/CBMioAFBVV95cUxNMmR4SmhUVkUxM2h4dWtUNk1ZN3l3TzFkeDBEWEFIVU9IbnZwaThaYmF4cExBUk9KeUl0M1J5UE5HOEtocnlhdHJrOWFLSXJZc3B0TDBnSldnQXpJMXJPX1p2VUZvM2FySWZ3cURtZFIzVWU4T0JFS3FWM0hTSUdzRi05ZEdsemlLUzMzMC05QXJNUkd1Zm55d0NCNUhBLWNp?oc=5,Technology Org,2026-08-01,negative
The L,The 2026 Lexus ES 350e and 350h - detroitnews.com,https://news.google.com/rss/articles/CBMitAFBVV95cUxOSF9RQXIyQ0o3dTA3dGV2U283OHZVY1VOWldnaElEUHN6T25jOG9MSWdkNjJ6TXZNT2VhYUhydDdXU19zS1IxZmlyY2ZCYjZoUjhlcGI4M1NzS01UOHUwWDFkc1lzU2VES3kxazVuQXQxZ280ZmliVlBraDBsNVdRVzBjc1dVb3NUaXd6eXRSQUw1UXNHWjdxTk1rWTl2bGdJeUlOM1h5MHpUbEFyUm1kTkdYN1Y?oc=5,detroitnews.com,2026-08-01,neutral
The L,Free teacher supply pantry opens in Chula Vista - NBC 7 San Diego,https://news.google.com/rss/articles/CBMilAFBVV95cUxQSTh0akJGVHpqeWFLcnRPa09XWUJ5bHl5bVFGcXJGTWFzQlVuT3Y3M01TVU9ieTU0dEtBTlZEV24xU0VuRnkxZUF1RFR3NnNJd3hCeWtTdkhtQW0wWXc2d0tSZm1aTTYzT1ZxSUl5U3l4cGxvbzVQc3ZaU2phZWIzWThSZkswOWUxLURpN0t1UEt5TGNz0gGcAUFVX3lxTE02WE1OWUF6UEVWTWxVUU94ZVlZZzNVMFdkcG9LbERuZzM4bHJIdE5MRmFQRlczWHZtMEgzdWUtdXdubEhEX1NWSXV6bkVHTFNDV2JMNjZ5dGhNRnQ0R1NqS3NVSWx4b19adHlNWlBiWGVHRHUyZnZBYTBBODRZT2hFU2h5SElPel9SdUJjWWxBNklwazBEYjVld1lLQw?oc=5,NBC 7 San Diego,2026-08-01,positive
The L,A Thermal Camera Trick Could Let LIGO See Twice as Far - Universe Today,https://news.google.com/rss/articles/CBMimAFBVV95cUxQSHZwLWowaVhsclZJWS1uY0l3TFNBWlpTLTB0dGRBQ0lMSXJHQXItazlTU082d2dJUm5VU2tOSU9YWFZNWkNJNTNXSFZxYndobXJBc1J5NmswLTBZSHRvRXlWOUVuQm55dzEyQnBUN1VuSGF6dnFLbzRhSkZlR3EzbjZHOXRzMWx2azlWVllPTEZrbldRa1RLTg?oc=5,Universe Today,2026-08-01,negative
The L,L'Angolo Estate: Where Thoughtful Winemaking Meets Meaningful Hospitality in Oregon’s Dundee Hills - Wine Industry Advisor,https://news.google.com/rss/articles/CBMitgFBVV95cUxNWXZ5Z25nWnExNmF6a1BtMFp2eml3eC1LblpFZlVwaTliMUVrbjQ1SXhTZ2Z2VDUxNmgzS2lSVlZhSFV2cnJkTjBVY3FtTDNJeVhJNFk0eDhHYlpSZWRXS1k0S0xwNm1RY3BYaEFtUUxTWW1WckQ1cFFseVlQRXRHY055REF2eVJfVGZFM3Y4RnhVZXlUVU9pTFE3T3phNldrMW5DUVRkN1B0TjhoQmZkU1RJOFVXUQ?oc=5,Wine Industry Advisor,2026-08-01,positive
The L,The L'Air Liquide S.A. (EPA:AI) Interim Results Are Out And Analysts Have Published New Forecasts - simplywall.st,https://news.google.com/rss/articles/CBMizwFBVV95cUxPX2VRN0xEazBPZlJkUHpYVUl4d0huVzlqX0RXQ0VtU2w4Yl8ycFVGRDg1NF94amRTeWdxWmd2ZFhRTmk0d01CdGswWnRyYmMtOFR0aTVGU3ZpNWdGU0hsNWlJRjF5aWFOWjMyajZxdi0yX2hqUzNJOS1JbnRZR1B5UnY3MHhlMkRjc0JVcmVHRF9rcEdHV3ZJX01MREhZZ2FTYjBGQVBHTV91UkM5NU1TaE96ZHItZm5mTHpuVzg3WVg2Z3RwZDg3VUIwRUQ3bjjSAdQBQVVfeXFMTmJrMDc5eWk0ZzNtZm1UcTZtQmtfZFNWMjJfWEpKSlN0VzV1Mzg4ZDNOMVhHdEp1bGo2dmplVFJ6d2FWUWJfSHloUlMzMV85ZVBBc280cmg1MGljQTVpbzdReGF1UUxSbk1uU21rRWFiX1JCOG1tT3VWbE9TcV9qbldNMXE1U05Qa3F2SjBnZk82SGhFVC1WNmJDWGZteGhZN29mZVJDMDYxSzd0Z2RoVU5FX1RkdUlTYWhQbHpBcHlEdjYzMUdORHB1YV92WlNESlRNX3I?oc=5,simplywall.st,2026-08-01,neutral
The L,The L-Fund joins forces with Coachella Valley LGBT Center - The Desert Sun,https://news.google.com/rss/articles/CBMixwFBVV95cUxOUnFybEpNQnBSbVZkRm1zUUEzR1E3M0s4UjctbnZJWGh4M0hUSW53bWROYlZnTFFMTGhRTGdKQzdHWlo3Z1dGM0hOOHdkcnhGeEZQR0ZZNGdrRWQ1WVY4MkJEOWFUT1hkZ0YtUm84c3NmQlhvVTk3QVhpdVpZcVBMZFBFV0wwMzN2dTNwd0lrS2FfNmF5UXYyM3p1Y1FoNEZwT0tJVWJLYTBaa1lPWlVOZFlXd09wNmhRYjQwOUFFVTZpdFYtNGNn?oc=5,The Desert Sun,2026-08-01,neutral
The L,Bridging the gap: How one South Bay initiative is gathering school supplies for teachers and students - cbs8.com,https://news.google.com/rss/articles/CBMi9AFBVV95cUxPMzhNN2tVNU9YN0hrT0NsdkpEeGJkOUtzTE54VHlQYzN3ZUM2SDJKNFJPeU03cmhfVHpEUWQzdjloaDN2VVgza1NqRlNJM1phajVvTG9YTEdJTnpHaVk2cFRuMkVNWjliOHd4WGgxb1otTUZKMUV3bi1GX1RPb0RQZDJldnA3VFRGZXZHeXBOYVNVNnpxVjhLV1dCRHRDVHI2UkUwbm1PM0FqaDluMjk4cm5xbDJZeXllTUZlUG9jVmZUM3hwYjVSNnlTYXAxVWFXdDdKV1NsUVZQQVlPaXNwamc0a1pNVFNEcFpDMlowMU1EeXcx?oc=5,cbs8.com,2026-08-01,neutral
The L,I Mean It When I Say That I've Never Loved A Brow Product More Than This $10 Pen From The Drugstore - HuffPost,https://news.google.com/rss/articles/CBMiogFBVV95cUxPQnMwZktjSDBwTWIzTnk0QnZyVUJ1Z2h6eU1yMU11VUpiVjY2QzR5RWlES3pzbDhxbWowc3JzajN3cEt4UnBsQTdmekxNZlhKd1JyV3czQk1xeVliTXB5U092N0tfQ05TZW43cmxYVVBxQWRsS2I0Y1VnNGh6STBIY0FvOFJKOVdoTFlSc3lWVmJodXpmTDF4d0lSWkhqSlZHM1HSAacBQVVfeXFMTlZOWnVQR1RrU29YMGZQQnNJNTZvc3pMSm5qSlFHRjNDbXYzbThjYTI3Y241aDQ1NGc4WU9lVVgzX2hfQUNDOHhfT0o0ak5UaUQyOHYyRld6YVlpMjE3WDlGdEZVWUdVdE55bG1CYzBIYmJ6dnZKRER0eDhfUjZENDR4QkRqS3RRT1k5OXFQblhpd1czWUZGQWNlUUNMWXBISjh4Q19ER0k?oc=5,HuffPost,2026-08-01,negative
The L,Financial Strategy: Nestlé CEO Aims To Reduce Debt Without Selling L'Oréal Stake - en.edairynews.com,https://news.google.com/rss/articles/CBMiqAFBVV95cUxOVHNJcTVoV0lrdGdlU3JtS3h5YWw1WXBzVHFPdmRkTlByOGw4SkhVNlV5QkNXOXJHUl9rdVBGc0ozMnlTdUsybDVWMFdtYnhjeG9xOTBHREVCeTFQbm9EcldZSmtuc21lTE5ZbWpLazRlOVBkeFpEUEtyZ0NTTEt2aHVaZGtncHMxUWY3ajVvalJoSzlEY1ozNmFGVkY0ZTVyaW93WVJ2ejE?oc=5,en.edairynews.com,2026-08-01,negative
The L,A metro checkpoint in L'Hospitalet uncovers 674 police records - APD Noticies,https://news.google.com/rss/articles/CBMi1gFBVV95cUxNaWRlNllNaFVZbnpEV3dDX2NOTVpWVUZuOUxrWWFWWU1oU1ZSZzVza3BoNmUybzBUN2NLOG9MZmF5b0U1WEotOFVzekptejdpRHZaclVQZmt3ZERNcUxJdDYzdkwwRVZzZVVBWlp1XzY2STBBSlNBSFNFYlFIdzAtMXRncDlnbzV6WVRvODNocEpqbVVJclBGVzhvRlJ1eHc2ZUFJWWJULUd1NnhleHhISm1tNE1pQ0VUZlZobm1yVmxhbGhQZGhSLXZkai1VbTNjMlIxb3ZR?oc=5,APD Noticies,2026-08-01,neutral
The L,Curiosity Lies Behind L’Oréal’s Sustainability Strategy - sustainabilitymag.com,https://news.google.com/rss/articles/CBMilwFBVV95cUxPUVVMV2hucmVhUjcxeFJxOHRnVkZCcGk2RHpEUEtCS2Q3a1E4Y2NnZlEwN2tVdU5rNXpNT1NPN0dFZGdycTR4X3A2ZE9tSHRobDVYc2dCX1ZjRmFFSEFGbUV4dzZXdnJpZUp4SVlkUGc5LVd0OFFZTU9oclNPamNWT0ZYWUg4TXUwc1pzdFVhakdnQ3FoWEhB?oc=5,sustainabilitymag.com,2026-08-01,negative
The L,I Refuse to Wear Foundation in the Summer — This $16 Skin Tint Is My Weightless Alternative with a Filter-Like Finish - People.com,https://news.google.com/rss/articles/CBMif0FVX3lxTE1QdmF0VTJKT3B4STgyLUNxU1dXVVFZdFl4OWpSZ2c4SUU5OW4tMVJJS0ljdnFRRmJ1OXdVUTlBb1pIYkxhaG5zbkUwM1hOeDdMYUJ3dlFybHlNYkFBc3YxTTh4Ukw0VS1oUEZ0Sm1PVW12bTZROFU0bUVDVEpvY00?oc=5,People.com,2026-08-01,negative
The L,Eva Longoria’s Secret to “Flawless” Skin at 51 Years Old? The Blurring $16 Drugstore Skin Tint She “Lives By” - instyle.com,https://news.google.com/rss/articles/CBMifEFVX3lxTFBFYVZ0YTBET1NVR3NyN2ZYaDFMbFhHb01PMDhPaDdIY3oyWXZmdW5tNktqTFF2UTAyM3duZUhyTi1DYkZRVnJCaDl1UjZSZ0ROc3V5Rk0yREZCNDU2RG5NZUtzRmkxYXJJd3BmODFCQ1BreV9mMkEzRlowX1U?oc=5,instyle.com,2026-08-01,neutral
The L,Prada Beauty signs Zendaya as Prada Paradoxe Ambassador to mark ‘bold new chapter’ - cosmeticsbusiness.com,https://news.google.com/rss/articles/CBMijgFBVV95cUxNQWZ1OEdiUlBhQk1qNXFGaDdpYWp3cXhmZ0s0WE1SWnpIeFFFN1dRLWN2NDZTdkh1eXN6c1RzVWM3ZkN2SGNHQVVYRGtTaV9mbmhVb1hOcnNoWUROTXpJYnhBd1NLQlJIRHNUSExicE9kODNYVjVBd2s0UFBFX2J2RjQ3X0gtSXhELW9QbVJB?oc=5,cosmeticsbusiness.com,2026-08-01,positive
The L,L’Oréal plots first Gucci Beauty launch as early as 2028 and wants to make it a multibillion-euro brand - cosmeticsbusiness.com,https://news.google.com/rss/articles/CBMikAFBVV95cUxQWWFqMk9GT2pTSjFUenZ2aE5JdWZnTklzbFR6b0NmWkVBQ0pFUDlKNVZZcVZiREVpUF9FcHhNVHE0ZUE2ckpsQ3NJSDlhajRpWUZ6UE42YjFZWEcxdDNhX0daenFfQWl4M0RYUm5iSXZZU0RMaEJjYjJObDlSdDNEdHRhN2RBemllVUhxaWJoNEM?oc=5,cosmeticsbusiness.com,2026-08-01,positive
The L,"Judy Taylor Childress Obituary (2026) - Zebulon, NC - L. Harold Poole Funeral Service and Crematory - Legacy obituary",https://news.google.com/rss/articles/CBMigwFBVV95cUxPNXoyTm56d2FQeGc4eE9kTjRxSlQ1TGRVNzZmMUZFX1V6TEJUSE56blcwVDdOZ1g0NW1xanpJX1BCYlN3dERnXzhQT1RsUDFuYUFFbXMxMEQ4ZDQ5UXhwY2hxMGJleFA3UzltQllnSy1iaDVTMHJjT3g1RENaalhOUWJuNA?oc=5,Legacy obituary,2026-08-01,negative
The L,"Reel Thoughts: ‘Love Island USA’ Season 8 delivered the L-word, but not much else - The Daily Northwestern",https://news.google.com/rss/articles/CBMivwFBVV95cUxPSFlPNGxjWUlrcEpPYnhxcFh1ZnN2bzFoWWtHeDFIakxXX2xlYkc1RDhuUG44SnI5QldiZlQwV0JHYzJ6dk91UHhYT2V5aWhCRzI3N2Y2SktOVmN3UXRTQzQtbDA3c2dIT3B4akdLNndDWmpJQXB0b3ZjYWpuYmdfcUF0dEFCaGhOelRoR2RZZ0o1RFBFSDJ2U0tvWDRIX2JocVhnTWxTbGRaTE00NnlXYjRsbHNlSHVLb3V4a093QQ?oc=5,The Daily Northwestern,2026-08-01,neutral
The L,Lose the ‘R’ Or Take the ‘L’? - The Dispatch,https://news.google.com/rss/articles/CBMigwFBVV95cUxNSWw3c2JlSV9LNmpDQ1RYbzVVUXUyRlRCSVFTaVJHaUpFS19KeDJGdTV1M3ZmQ3hJd2JXUUQweEotblE5NVN4RVdyYlIzU2ZUZGROZmJoSEhvZGZyTHpwUWlKMW5zZXVnamFvYXdGcUg4WkVKT1BtY3Q4YnpiTGtFOGVHMA?oc=5,The Dispatch,2026-08-01,negative
The L,Panasonic Lumix S 40mm F2.0 review – the S9 just got the lens it’s been waiting for all its life - Amateur Photographer,https://news.google.com/rss/articles/CBMizgFBVV95cUxPbUpHU1Etc0wxWUdQTXNrM1M2VEh0elpXUTl6TkcyVDB1bkZ6UU8zdmFtRVk1OE1pVUlKV192X3JBZ0xyWDg5VUxHR2wyU0pJQm9DMU5kOEpQSkRIQXBCM0dnMThvb1Azb2ZCQ1NJSllYUDlxZnVaZTF6MmxuNlo1bFhSdkNQNUExU2ZSQnBWTGZaMUtISEJaWGpFOE5qTUtGZ1ZQLVpWSnZ2QWhhcS1Hdy1MaGIxeFVzV1JtVFo4Y1NCTlgzYmhoWFc0dXctZw?oc=5,Amateur Photographer,2026-08-01,neutral
The L,Palm Card: ‘The L Word’ in an election year - Audacy,https://news.google.com/rss/articles/CBMiigFBVV95cUxOUlZkOEtJVl9WbEV6QkphOUMwcldlRFZBcHIxSEhlYTZEVHNwOXlCeDlVSTlUSXlydm9xVDNSUFQtV0dCWDQ2VUh3MHR5YXRCa1dneGNwZHhmNUY3OUJYY1dKcUZnMFBZZXNMbTBEOWNYT0N1WWJXS3pia09QZVN1TGFJZmhadnZmblE?oc=5,Audacy,2026-08-01,positive
The L,The City Council evicts 3 stalls from the Collblanc market occupied by a fishmonger without a license - APD Noticies,https://news.google.com/rss/articles/CBMiigJBVV95cUxQYXYzYXdVb1lINzJRaGZHbEhmUkNXVG9pLUFPd3dZNmpGNjFkbHAzSG9qSHZZcnhkNUx4em11c041SmRqYWJueGNtSkhHMWEyNlZhYkgwWVhjS0xaa0dmRnk1cHdwR3J6UTZvd0JHRk5fUkFubGxkVUFGYnFLQnJOai01ZFk3UUYxLVlrMXZBR2NyT1Q5cV9HWUphaFhyRUhmdm9RYm5XRlZSWmdveDNkOFlDem1zNC0wbV9vMGRDRUVpZEs2ak1rY18tU21xYXB0cXZra3k1SU5WYmtSeWdIUG1rRVJ3X1NRSldfaGx0YUVVV0JKd0ZMbmc5Nm9NTXRoRldHSkZZYjJSdw?oc=5,APD Noticies,2026-08-01,neutral
The L,Ukrainian L’ORÉAL-UNESCO Prize “For Women in Science” - fundsforNGOs,https://news.google.com/rss/articles/CBMikwFBVV95cUxQekRMLW9IR2RCRG1fb095bmlLcHRfWktXb2dMcm1fUUVMLXJ1cVMwVWZsNkc4YWZPbzV2NnJjRGxOUVNlVF9NeF8yV245QTFwQWl0SzdFcHo1SUdxcWVlNjV2VWh5dktxODR5NW95RkpBTzQ2THkzbTJYTlRVQWstNHdGSHN6Z0hoeVd6a2lfSWZHck3SAZgBQVVfeXFMTmhmY0RCMmlUdVk1YlhycDl5aVNIdDlSaURKZERqb0dEUFJWa25tbmo2bGV3cWJiUDRCVDBYTHJmeXh5WUw1SlVJRW5rdm5lU00xbkZKazlHZG91NDA3U1l5dGwwaVZ3OXlrVEFlZEZRMGMzUEktYk5oTmw1UWlXRkhLaGtaYnV2VF9ab1dyVXJvQXFqU3BUMWQ?oc=5,fundsforNGOs,2026-08-01,positive
The L,I Might Cheat On My Partner: How “The L Word” Shaped My Pubescent Lesbian Brain - transyrambler.com,https://news.google.com/rss/articles/CBMitAFBVV95cUxONFREdnFKMVI1dGdTc3ljTmVQSU5VVWxpV2lock5acGVWTldBSnl4RWdRSmRFaVNLMXN4amNIOUNlTXV3dHhkODIxQmltdmNucGw5Q1g0ZnRqRG82X3VzOFA4M1BGQmF3d01OaUVucXhxekI4S3otVE5fTThuVEVxWUl2VGFRal9KYmY0NUg5RzVXcnpjZHpDMTlrVnlYZVFIRkxWamZoZktlblNncUlZWVMzOVo?oc=5,transyrambler.com,2026-08-01,neutral
The L,Robyn McDougle named interim dean of the L. Douglas Wilder School of Government and Public Affairs - VCU News,https://news.google.com/rss/articles/CBMiowFBVV95cUxQd2RmQkhnZk5KcTh6V25SMk54aS1aalFwVTdYUXJLTjRUN2s3eEdkQ1J4SEMtTGx4RlRRSl9NOERfUE5sdjNmWVV1NWNWN3VuTC01MnM2MURPMnlkVlFuYVl3ZDlBbnRxUnYtWjYycXliYjJUUmR3ZHVXb1RmMlFFcm1MYUhZVmVsLXhkQlZhWTRWYm9RY3E5aFlqOGxCZTZ4N0gw?oc=5,VCU News,2026-08-01,neutral
The L,"""SBC versus smoking on the CTA"" part five: Posting pizza-themed PSAs against puffing on the 'L' at every Blue stop provided a slice of Windy City life - Streetsblog Chicago",https://news.google.com/rss/articles/CBMilAJBVV95cUxQQ0czMTVrZUxONVN6QlNOOWJOa0l3R0xvcjB4MG4xV09rWXNKaEl3ZzJ5T2MyN1RiTUxvTk1NXy13Q1pUdXV1SG1oQW95d0JtNDdVQ1pfVVBGWTRmcmE3aFJuanZ6Nzc3XzdGN3ZWTk9nLUYxaVZ2MjJZX2dJUHJJOXFCZFU1akkzQi1UdGdQSDRkOUNpS1JjN0FMZGlod2pKeURNM1d1N3YzVmFNdkVRYnpiRno4a2V2OUl0U1AyUHlvMjU0QVBSXzZrX2kwSUhoWk40cTM4Y1VLdEw5a2RqR2RCUlhLek0yQmprOHNCLVJfV0JvYWx4YWx1dXdoODBYbDZVTVZFczZNaHczRjFOVDZxcE8?oc=5,Streetsblog Chicago,2026-08-01,negative
The L,Peak Design’s New Field Bracket Reinvents the L-Bracket for Modern Photographers - PetaPixel,https://news.google.com/rss/articles/CBMiswFBVV95cUxPWHhEZURCSGxjSU9waFc1SFpRd0pOdW9kY0lGck5DQ2dCZTljQ2ZZLTUwZ1N2WEYyYm4yeEtUYUZZb0o2LWFXV3hVWmM1RFkyaTdNMmtUVk5VYnVKVlBoX0hwck1CMENaWGdzd0dBQTR1dTYxN0lEVlZDZUQwQXdpV0ZLVHNKQmJ5QmVWcjJqV1BUbllBUVYxQVJBcjZydnRKWG10TmNQNUxoalhPZFU4RE9idw?oc=5,PetaPixel,2026-08-01,neutral
The L,Peak Design has raised over half a million for this not-so-simple camera accessory - Digital Camera World,https://news.google.com/rss/articles/CBMinwJBVV95cUxPV09XYllUcml3UGFLX0FmUFdMSm5ua1hxRkYyR2doeVk2SUJEam1RYUp4R1FfVlBNV1dHQmZISGd4R2FCRGs5LUFFdHFldThYMEZZeF9XdmtKVW1aQjJ4cTNaQzk3VDdwRm9pX2VxVk9YamRvcDBMTnZmcUo2R2s0WGQzdzZadmRIazVRU3JTMHNiT3VHaU5lRjVfU1BMaUpBc01yN1lveE01bEVtRlgwRjliNExVM0ZNM0MySUZqVk1nS1pwVFV4RjJrUExSTHpNdmVrTkVPb3FLeTg3NHJGS3AzMlBLMDJzc3Vlc0ZPTlV0MWcyWktYRmFuRTN3QTN4LXcwbWFqSE1UczN2N0dnZVI1N2F2bEFJSDBMY19kMA?oc=5,Digital Camera World,2026-08-01,neutral
The L,"The Government disperses 100,000 visitors in Terres de l'Ebre to contain the avalanche of an ephemeral eclipse - APD Noticies",https://news.google.com/rss/articles/CBMi-gFBVV95cUxQWm1JRnlNMGc0Q3Zla0hmdzJkbFZkbmxLaGxNNjBTNEJkVHkta0VxeFI4Y1M1dWJ1eGFxdXFQekRkM2dtLU8xZlVtVmZkVXpWME1aWThwYjBRSHE2UTVhY3IwZk5FVEc5UFBveUthLTBtcVpGR2lTRTgwU1BtTVJrd3BQX0Q2N2lrTEVjV0dRMG1mdGRWbjVibE5HVTRNbnVFTnJydVZ5SVp6ZFhvQTlCNm9EZzlJRG9WbDdDQVRDdXR6TmxKc21QZlhuU3BTLVIxd01PRjkteXVSRWJlc1FrcTB5TVZad3ktckdNNzRiMF95ODFBc0hTbTJn?oc=5,APD Noticies,2026-08-01,neutral
The L,New Law Puts Cook County Sheriff’s Police on the ‘L.’ Here’s How It Works - WTTW,https://news.google.com/rss/articles/CBMinAFBVV95cUxNaTdTWDNLalB3bFBnNlEwalo4YXJLYmZPZUNTRTlrZ3RYcEVOdnVVdlV4Zi1Vb2c0RVZ3WXBzOHdKVm0wTWdNbWFwa2ZOcWw1SFZqZXZpSlEzcDlGX1g1TXVMZF95bXRxbF9hUDhaSTR6SVpNN09wbGdlRU00RTZSZTRaQVZBRG9rZ1pORDFCbGhfdDlXaHpsRlRRN1o?oc=5,WTTW,2026-08-01,neutral
The L,Community spaces under the ‘L’ - CTA,https://news.google.com/rss/articles/CBMiYkFVX3lxTFBMR3h6Q0lHLWp2M1NqdkJCbzRZMGxUVGh6dVpNaGcxZ0VYY1dnaUlnNndpMjNuNG5hUk5IbDJxSnlXVXFhM25qMDlWRWJGZ0RrM1FyZC1PR2U5aHJCLWE4VnN3?oc=5,CTA,2026-08-01,neutral
The L,The L Suite 2026 Legal AI Conference - Wilson Sonsini,https://news.google.com/rss/articles/CBMifEFVX3lxTE9UeWVmemtYczRVTEpUcmY5azJRX1ktOWpNU1BXUnJNZmk4MGd2YV9rX2NMUVFNVkl2ZHBCM0UwSXA1UDJBSjF1NnlIV0toWjJTeUdfMTZFb0RLLXdfZ2ZsOE1HOG1UWGNrTEw1V3Y3b3AxakR4ZGI1dVUtNGU?oc=5,Wilson Sonsini,2026-08-01,positive
The L,The L-Fund’s Luck Be a Lady Gala Raises Record-Breaking Funds - Palm Springs Life,https://news.google.com/rss/articles/CBMiuwFBVV95cUxOV2tJcTRUeUxndXRSMGMweWR1N0Jxb1p0VzlhUG1KbGZHbFBvcUoxOTU1cnJjSWgyd0FRWV9yTG1MZzhrQ1A3bU8zdGhVWUpzbVlkN0JYbnhWU19hWEZhcE1PdlUtMi14eWxHX3pRY0lGVEJHY0ZpcGpEWDczck96ak5nYU42RWo2LXloSjdhdHRnX1hJcTR5QUFVUnd2Sk9aXzBjNWkzMnBzWHFYQWlTY1Q0cklVVS0xZVhv?oc=5,Palm Springs Life,2026-08-01,positive
The L,L’Oréal enters a 50-year exclusive worldwide beauty licence with Kering for the Gucci brand - L'Oréal,https://news.google.com/rss/articles/CBMi1gFBVV95cUxQUkh3ZGJDVU00SWJ2RVBxZmtnRlhzcUx0RjktYkNuS3d6ZVRGZjVGdVJQVGhKRWFXQ0piZTRIbUJ3ZW05QkFGVkM5LWVnSktmc0NTYzZyYTEwYVdlZXp1X1Zla3dCNWNldmFlY2hlQ1V3LUM0ZThWczI2a3pYVGZic1JxbHhqblNWelhYOGJsZ2tGYVFvZEJfYXNJYVhmcWk2Y19XZzdDNHNfOWpXRzVkODFubzZGUkNXOW93LXJkNU9mN2pqeFVVRXJfOVpHV0JmcHRBTGdR?oc=5,L'Oréal,2026-08-01,positive
The L,"‘Stand for the rule of law’: Elon Law graduates sworn to state, federal bars - Elon University",https://news.google.com/rss/articles/CBMisgFBVV95cUxOUld6VVBTcTlkcFZGXy0xV2tyVkloeEFMS1NZdGUzb2ZmWDRfWlY5UUxGR0ZyalVQcU9yNUpXZnprV0xEWFhYY01qYmJ3ejN5MDIwYjR5TzZZTmVxeUZHTFpnRlVaeG1pLW02Ui10Rm1LRDBqTXcyTHBBQjZMOFExaUFXLUxtWEJzRnhTMnpKLWtWWTM3QkExME4zVkNoRWpmYndCLWgzMW5vRG9hSU9oVXJ3?oc=5,Elon University,2026-08-01,neutral
The L,Why the “L” comes first: The AIDS Crisis and a Community that Showed Up - POZ,https://news.google.com/rss/articles/CBMidkFVX3lxTE4yRGFFSGl5cmFIanFGb1JwdjdKUlVPZHM2cGJsblg3MnNlUnZGcWhDM29YWDVOOEl6Q2ZPNWpIeDNrUnBrN3VfMkpfdjhZaEk2dTNrckpqaUxEMDlLZUg3YVhXN3A5RTBBaTBkNGU4VkRfQWZjbEE?oc=5,POZ,2026-08-01,negative
The L,UWL unveils 10-foot stainless steel “Eagle in the L” sculpture - news8000.com,https://news.google.com/rss/articles/CBMi8wFBVV95cUxOZDFnTFBNeDRTY2ZVbEFZajVMRERwd0NLRE5lcXdHcUswYi1sTUNYY00xa3ZLek9GQV9ydHIyOWRNNlVmZ3FjUW4xM0RqR3QtMXRwYXhkU19MUEtxemRJeVBwb0dwN3IxMHhjUG15MFBkcWZTMDdGTEtrb3EwR1RxLVVLXzZHdk81bnNPbEU1cjhDcnpaQm1Iek9mdTZRbEtwdW9uVl9mZUZRVngzcVctMktaXzlFdWdZVUdXdjJDMjJicWJTdnZqenkwMk9GRG5rYzJoX211V0dYZF8wMjFKelpLNENHX09oV0QzcTNzMzN5Um8?oc=5,news8000.com,2026-08-01,neutral
The T,The Williams Firm - Ad from 2026-08-01 - The Times and Democrat,https://news.google.com/rss/articles/CBMijgFBVV95cUxOZG9Vai1PWUU2am5VNjNXcllMeWhUdjI5d05BY1U4RGwzYjFSRVpVenA1QU5zRlZ6NHc2RlFseE9DWXpJaTZ4R1hzeUR5d05xa0VYcGYtWUQ4UnlRVHdHbXo4aTdYa05jZm02eW5CLWZyM0wzeHpjbzRCanNETy1YVmdXUDVGVnEwdGcwMXRR?oc=5,The Times and Democrat,2026-08-01,neutral
The T,T-Birds Hire Brandon Wildung as Goaltending Coach - Springfield Thunderbirds,https://news.google.com/rss/articles/CBMilAFBVV95cUxOOGVvSVpydkNQd25XZ0d0eUo1NFNCa2ptSU16bTBhcVZGbE1RNS1sbXZOS0xUTGRnRmlHWDNhVTRSV1BaOTBfTHNwUnFYbUUwTmlkbDcwNllkeVFOOXJIN0FTcG5aMHJRT3pzSkFtVVQxbndGTVhjRi1kM2ZNdzZ5WHh3X0lxUTMyUU1EeGVTQ3A1eHpR?oc=5,Springfield Thunderbirds,2026-08-01,neutral
The T,"Before the heroism, there was Stephen: Sibling of 9/11 hero shares brother’s story in memoir - SILive.com",https://news.google.com/rss/articles/CBMiyAFBVV95cUxOcFVUOWI4djJ3STFQeUpPczFYS3l2Ym0yT0tlLWt1MXlkZDFRODNRS21rRlhCMEhRdGpVRE0wU0R5dGpIWVE1cEhTM0xxSVhuVEZoaFJLTkpIaFJkLTRGQkZLUURDVExBdmtzYUlkOHJES3NxWjhEM1ZkV1hmWVlBa252YUtKcVExNDhMZy1aNVVyOTAxa29NRkNrd242NFNibFBsQTJGM25qTWtZYk9SZnJrRE5qYjFiOWc3UW9qRk5aN29JNlNOdNIB3AFBVV95cUxPd09oc1RwWXdTZTc4Vm9ja1NOWUVCamcxVlhfVWxWNkpxT0hmTFExSnlrcXY5amZ3MXBmZ2REWk1DbFNFcDZBVkZWckIzbHJZLURHR2RUQjNSM0w2WUFlbUJyVUdRLU1OQXlSR0FhYnRZY2VTYkVrOF9PVEgteThRdXRjWk03anZvODVqcmZsYVZ2bEhsazNxd2FjVVRVSHVmdXEtdWsxc3RkZ1lxQUdyQ3dBOHF0QndyeGVac1ZRdjBLZGY2dk1lTW01eFZ5SWdsYWJMZjFLRGgxdEJv?oc=5,SILive.com,2026-08-01,positive
The T,"Red Line delayed by smoke, signal problems after MBTA touts ""successful"" 10-day shutdown for repair work - CBS News",https://news.google.com/rss/articles/CBMidEFVX3lxTE1DcmNkdF9UQ2ZYRTJ3djlqNXAxWGlrc1FuRi1FeVhGSVpBbjE1N3hKcEJMTmpfZ2VadHFIeHE0Q0N3eVZoS1ctdW1vRC1sLVVnQ2trU180UHAzV2VXRGhjR0hzSzFsWUlfOVFLZG5qeFNWUlly?oc=5,CBS News,2026-08-01,neutral
The T,Review: Zara Larsson tunes out the gray day with her brand of pure pop sunshine - chicago.suntimes.com,https://news.google.com/rss/articles/CBMinwFBVV95cUxNWkRXeUFMN2xsNDQwMy1tSGRrU3dvY1d4QUY1OTlaZ0U1aXpqUW5rdGhoV0pQQWQ3WU5CcDRYWWJqelZOT3gxTk52M0RHNURaNTM5eDNSTXVIMy11bmVtc3NIMmdOdE40VDBWVjUyajl0elFZM2Zma1hFX3d3Q0pDcjY5YWQyS2VNeF9fNGdfSnNRSldBZ21zMDRYYzh1SHc?oc=5,chicago.suntimes.com,2026-08-01,positive
The T,T. Rowe Price (TROW) Stock Looks Like A Bargain On Fair Value And Earnings - simplywall.st,https://news.google.com/rss/articles/CBMi5gFBVV95cUxQWUhnQ1BqMjFzSlAzZHdfVlJ2QmFrQ1NXZkp0RVdQbXoxdlBDemJhMEh4M3RqaHMyejBzbmF1NFRCbHRXNUtYdjNUam8tZFBGMHhib0RpQWgxX3R1ZHNUZk00bm9HS0pHNnlacGppVENacWtEQ3pHZjVuSzdibnFuUXFCNlhnMVFrSU9Vb2taY1RJaFZNMHU1MEQtWTZLMTJ6OUFPUHFqQUhKNmcxdXQwQjNIOUpqeVI2SzdrQXMtT05YOEJvRHdLa1FISDlGSHc0MmNZSnhrN2lISFVvWGJuaXVGeVIzUdIB6wFBVV95cUxNaHROOWtRRFN6ODFfeVAyano0UWxZYmhuWVVZS1ZnT182STZldmNrbUJVWWo5eTVzYUpfZ2RQTmhlRlJDczYwdzV5cnN5MXZlUGFMNGpUdUktN0U5Q000SlQ1WFFrYkk4U0NGODYyZ3dCcGhtN2xuWUV6ZnQtcTJRZ09wU3hjTDF5OUVobFlmd1V6N0lKRjVqdkdDUS1oYW5tWm5RdC1wdWtwWE1EN0xvN0ZmQVczWUhRZWF6eTNLQ2NjMUthUE1mcVFJUHJiX1RxUEI3N2VaajZpdkdrdm11S3E0ckhOVFpvWEJF?oc=5,simplywall.st,2026-08-01,positive
The T,Do You Know the Story of Betty Harford? – BGS - The Bluegrass Situation,https://news.google.com/rss/articles/CBMihgFBVV95cUxQek9wc2JXNDNXYkhtWUs0ZzNqSHN3ZXNRUzJxZmRVNnBXV0U2NHdhajlRYmdYSzUtdlduQXM0M0FzcVBqWF9IenR0MFRzRFBlN2E1R0pRUktYLUF2VlRvQnpCY1hFOEU4S1c4eWlVOUN4LWt3TWs4X09NenhBVlBQVGpfbjc0Zw?oc=5,The Bluegrass Situation,2026-08-01,neutral
The T,"Woman injured on same MBTA escalator as deadly incident, but stop button used - NBC Boston",https://news.google.com/rss/articles/CBMikAFBVV95cUxOaU9JMnQtSVdwTUo5MDdyeU9NTnZiSGlha2NpY1lMbUVjeWh4eXU5eG1pN2J6TnJUNUJkdHpNT2NSOUhQLWN1akpESHFhYVBDYXhKbU9nZmVaLTd0QW94bkRjOFpneFpvT1pqY2VsbUNpcE5fQTRjTW04NVpxN0JkbDc2Sy1Wa1Q2RlB5VzBHLWrSAZgBQVVfeXFMUEplM0xVRGFHXzN2UkZfVlZjckdFX0FhZU9JNW1UeU9CYkxUSHZpX09wa2ZFRFFEV3RMZC1vU09oZy05MWg1dXZZNVMxR2NETUs4SjVQSnJtTkVOaFoxOWI3VjRhSndqYVA5SjhFaTVLa2lqdEJxU0dBMGxwd19MMDZFckhUek1FRGZNeG02RjRkQnI0bHpYa2s?oc=5,NBC Boston,2026-08-01,negative
The T,'The Malvinas are Argentine’: A World Cup banner makes the Falkland Islands a cultural obsession - WRAL,https://news.google.com/rss/articles/CBMizgFBVV95cUxNRHdhMGJCUVhIcXA4S0JLbUc4V0Q5RjNqdVdMYmx1SVVTZmk4czJRTDhGT09OOVhHVUNKOWdNYkdvcERsbGNnMEZfZHhTSGdmZzhHWlZ4c1V1TlFpN2FFN0JnRnR1SS03SjJNUHRydHM5eDlhV0N3RFYwNktHZXV5R2Z2dWhiaXF1ZjB0ZG9neDZYSDhxNkhnZU1lN1YwMlRMak5oSnliaXI2WkZ4OXlUNjZpek9HWVhVMUdjRDYxQ2pTRVRYSnJLZFFCTGxKZw?oc=5,WRAL,2026-08-01,negative
The T,New T-Mobile milestones might unsettle customers - PhoneArena,https://news.google.com/rss/articles/CBMidkFVX3lxTE1LSExtUll6WjAyekhxUGhhTFg0SmhVREQ1b0tKbl9Td0hrUklVVHZER2l6TEVxcExPaVRaZVhzVGo1UGFjc2poNWlBbUdDUUpZV1RLTFBxMklaWGRDbEZndG40aVd3WVY4OU4wWHdGU043Mk5VMFE?oc=5,PhoneArena,2026-08-01,neutral
The T,You might get credit on T-Mobile bill after the big outage - Mashable,https://news.google.com/rss/articles/CBMiekFVX3lxTE9fbC1UaG4ydC1zQ0pXTGZMZFV6aTlpVGd5a1hPR2YwU2tvTDRvZDU2UUx5OW5rLTNZd0VtOHYyUHFLQVBIbHFSbElhRXNmX1ZrbEVxMzUtVklDUzJKNy1yZkQtX2VaQ0RsYV94bjljVFl3aE9fVXZweDFR?oc=5,Mashable,2026-08-01,positive
The T,"Before The V12 T.50, Gordon Murray Built This Insane 800-Pound, 11,000 RPM Road Rocket - CarBuzz",https://news.google.com/rss/articles/CBMicEFVX3lxTE4xU2ctRE1lX2VDT3dLRVljZEpZY2had2Zlb2RkR1ZvRlhpQ3N4S0RIejRpQWxJVWd1bzdJMXJRT2ljZE4tNUtLNHo2UFpnY2lGVHB5bUhsd2p0YXlhR0JMN1RqM2c2bXF5TWQtd092RnE?oc=5,CarBuzz,2026-08-01,negative
The T,Lollapalooza opens for 2026: ‘Go big or go home’ - Fairbanks Daily News-Miner,https://news.google.com/rss/articles/CBMivgFBVV95cUxPeUlQZHRITEJZaHl0dTA3NjFDTUIzVjFGcFNjRkdDUjNKMjd4RndPdjhaTGNTTy1vZ2hBUGh2ZnZ0czVMRWlfS25ZdG9ITm5yMzNld1dEUEZqanNjcWhIZHdKUWdnbVU0Y1Y2MDRUbTJudG9kVE5hWlBpQ1VsNFJ0UnBsYklzTUJHTElaN01keFcwdS1Vdm5nWTE5ZWFTeHdyWGZRZ181STdmOF9weUhuNjNSM0FJbnlhS1JMT3Nn?oc=5,Fairbanks Daily News-Miner,2026-08-01,neutral
The T,Niko Moon Releases ‘ROOTS’ Album Celebrating Southern Upbringing and Family - Country 103.7,https://news.google.com/rss/articles/CBMisAFBVV95cUxNWEVxZlVsM3MwZzVFaWN4aXE3ZHdTTnUwMEZFekVid3ZpSG1hN24zV1o4ZjBFZzhoWkgzOThjRW82bG03elBNUnlFTUdreFMyN1NqcEdCMjcwNkN4YWo5ZDZxZEJ5QkUzUFQzME9pMDZZQllnUUxweTMyblJWTHdRTGU5N3IzZ3lSQ2J0MWlVbUMxUHpLVFl1TlUwUzFvalFhOHZtelE1NXd4S0ZHUjFaUw?oc=5,Country 103.7,2026-08-01,positive
The T,Denmark woman accused of using photo of lottery ticket to claim prize - The Times and Democrat,https://news.google.com/rss/articles/CBMimgFBVV95cUxOYVl4UnRaVG9qRDdUX1NwaVJNaFpEaFNtaUZzdU1YS2MtN3VTVl9XTkpJYU84a0JMaUZXWkNhZUh0SlVDbjFVaTlSaWprdU5xSGVMb0k5cWNQY21vUHAtelBCSWVkWE9Zc3dOT1M5WFlUWG42VnJxUldvbTNvX0h5OEpLeGxPNXR2OUJXa2U0bzhaVnNHRlVnY3N3?oc=5,The Times and Democrat,2026-08-01,positive
The T,The Works Physical Therapy - Ad from 2026-08-01 - The Times and Democrat,https://news.google.com/rss/articles/CBMipAFBVV95cUxPR25YNmw4c211ZEM1bFlBV3BzNUEtWnhNUWtDa1RnUXhRWGkwVTBmaGJDTzY2OTNTM1VTUG9BNHFxamJPVUZLSmR0cjFqZjdKQ3Z2VHhyWEEzZ0hadm5uZUZkSWFFM3czd0Q4Tlc2UmZHZ1pSdXFnQU1xS1l6YWZwTTkzNmFGV0NJbTA1UkYwdWdkeUg1Ti1IZDFMLWhHdmlkOWRzOA?oc=5,The Times and Democrat,2026-08-01,neutral
The T,GROVE PARK Pharmacy - Ad from 2026-08-01 - The Times and Democrat,https://news.google.com/rss/articles/CBMiqwFBVV95cUxOMjlPVmVFMjJfQkRuM2x6eWtlb0xzRUtKUVJQbFRHcGV2Z1FnUlEtOHRKQjBzVV9hOVpnbnpyMFVudUJTbU81U2d2MW1lQzJhV01sb211VFZjS1JEdFY0dnJyTmYyX3NYLV9vc3pJblU4OTZIVFptM01ucVZhdnd4aUlsblJNLUg1b0kxd0ZJYnlfY053cUxRY1J6aE5sSWVrRERvMHBZT0pHd2M?oc=5,The Times and Democrat,2026-08-01,neutral
The T,Subscribe - The Times and Democrat - The Times and Democrat,https://news.google.com/rss/articles/CBMiekFVX3lxTE1sakJmSkc1b2tGWGQzYUJ0bHZwamRSS2t6T1VScjZvT3JCakg1QTRWWmVyQkJMVTZXSHNkYWRiZTBic1V2WFlUZW12bVZKSmNzLUFPamZNTUpEQ0hpU1B2SS15UlpJeHBQbmFkdGEycGZESXF1UGdkcUx3?oc=5,The Times and Democrat,2026-08-01,neutral
The T,"Orangeburg County School District teacher of the year, others honored at kickoff - The Times and Democrat",https://news.google.com/rss/articles/CBMilgFBVV95cUxOZk5oZW5KSFNiU091V0tXcklXQjZiMWJ4UEZwRl9HYk1udUxkei03THhJMXZNdTNyNzQtcFkwbWVnRU1icGlKQTRWaEp4Y1o4ZnRaelgzNC1IcVM5Wm5kaGVabjdjUGdBejltaXhDbHctTEJwWEJqdThxRDVCY2pORWpiRlNNR0p6dXRCQVJiSnJCVEVOYXc?oc=5,The Times and Democrat,2026-08-01,positive
The T,"Sound Transit to pay Tacoma $16m for overpass drainage, T-Line projects - thenewstribune.com",https://news.google.com/rss/articles/CBMicEFVX3lxTE85Q1J1bkJ3c0s5WDU5UlJRZkh4SUk5V1ZzNTlydkRXMTRKNHV2M1NTWUppWEwtVFB4QzhpanlYVjlkVGNtdXRycGJ3dHA2bmtsWmtiLWp6TnR3MUVTQ3VzS0M1bkw1aGQ1QmhtQlF3azHSAXBBVV95cUxOZlV1SVZzU2lFMU9jV01lQ2pZdnVJcXdPb1dubXNwY2ZNdGpVdjFkMGhaNmRuM2ZPbjViaDZ0RkdHV3AyekpjSHBfRFBlQ2ZlejJFQ3BLSzVKZnQwaVB1Tm85TnBpUHh3ckgxRjg0cTRB?oc=5,thenewstribune.com,2026-08-01,negative
The T,"Music News: Plain White T'S SHARE NEW VERSION OF 2.5 BILLION-STREAMING, TIMELESS LOVE SONG ""HEY THERE DELILAH"" FEATURING LØLØ - Rock DNA Magazine",https://news.google.com/rss/articles/CBMijwFBVV95cUxPUnBEMHhHeWN4cDFuTEZZNU5ydnJBamJyYjNfQm1lUjNPbE1vbzVjdm1SMGxheEFmRTlSRnk2ZlM0MjNVV1QtVjlOWjNzWDZfWlN0R1lqai0tVXdxMWtFbVNmNnJpZXhhWG9kaFdPQ2swTXBfTXJkM25oVk5kTGxWdFgwRGwzbl9ueE84R1g5QQ?oc=5,Rock DNA Magazine,2026-08-01,positive
The T,"Bayview Buzz: SFMTA fixes T-line, oyster bar to replace long-shuttered cafe - Mission Local",https://news.google.com/rss/articles/CBMif0FVX3lxTE8tVmJabWdQQnU0azkyUDFfSk53NDdfMlJwdmlUVXNJOHVLU2R3OXF2aVVZS2pSUWhUTVhFNE5FS0Y2aFloYm1PVkdRc19iTG85clBDUG5fMmhGek5BSzdqdUxNMWpyWF9YLXlFWW9Pam1SQTNaQUR0ME1UZTNUOWM?oc=5,Mission Local,2026-08-01,neutral
The T,'PAW Patrol: The Dino Movie' Kids Meal Toys Roar Into Burger King - NickALive!,https://news.google.com/rss/articles/CBMigAFBVV95cUxNZjF6LS1xdnQ5ZmhTY0F1eVIwX0t0cmhKcThGZ0J5TUJHaFVNNEdYLVZyUW56Y0lqUWVVRDZxWC13V0YxOG1BdzlKZGFnT1VQSWVmaEo1QWJqMTY3cFRLMXBUMVNrY0ZCSk13S1dqcFAyUEwyZzRjazAtUy1VUlRQUw?oc=5,NickALive!,2026-08-01,neutral
The T,How T-Mobile’s MLB Partnership Became Essential - UPROXX,https://news.google.com/rss/articles/CBMiiAFBVV95cUxQbkNnM1VtemRSMXJ0dWpMcHBMYmhiYzgzM0IyeWRtbFVWZzlaaFA3TEkyTmZPbmxRLWljZDExWnI0cjZkZkhMV05NVTM3TWNodGVzMzA5WDEyUHJtMXBkNC1YQXA5YmM0QkQyYlNjZlM5V0pnWW5XSnF0aHFzLWllZ3lmU3hPb0xV?oc=5,UPROXX,2026-08-01,neutral
The T,"Review: Sombr, with margarita in hand, struts into Lollapalooza like he owns the place - wbez.org",https://news.google.com/rss/articles/CBMiowFBVV95cUxQczI4cF9qNUpYYzZPWlotS0I5eDcyTmN5elQyUWltRndhSFoxYnl3ZEh2Sk5kMnpkNUVHb0xKeDdDZ2FtZFBDZi1LTVpHNmlXNVBPMjB3REJuWDRyZUVrV0ZaYWJiZlE1b29WUzEzUkxMUTVMdzBWVk1IRkY1UE9lYUNWdThUZ3p5Y2ZSeW9zMUt0ZXNUTkV2bGdVanJkc2pBRGVZ?oc=5,wbez.org,2026-08-01,positive
The T,Young players take a swing at T-ball in Mitchell through Little Tiger camp - Mitchell Republic,https://news.google.com/rss/articles/CBMitAFBVV95cUxPYlRkbWRqa0xwcHl2LVY4US11X3JrQ1dpbllMdHY0NHlPOVBpNnkwZk9qeHp2elplblBPdkMwVFVCQm81dGNYRGRPVzJXOC1GSkNWMnpERmkyaDE5d2RPclFmYWhEM1RZYXp5VE9CQ0RmdTZoR0pIbERoSFZsMWZweVAzNkw1VVp4Rk1rSHhjMXpsRHE3em1DRzZseTFDTmxuVWhQTmFnLUwwWE1LblpQd3NZOW0?oc=5,Mitchell Republic,2026-08-01,neutral
The T,Cowboys training camp observations: Dak Prescott is thinking big - The New York Times,https://news.google.com/rss/articles/CBMikwFBVV95cUxNVnZ1elZVRGZhTXM0YWwyU0VyVk9kclV1QjZvZ0NxdnVucWFLa3hLSXFDWWRCXy00RmFyaXBnSFRaNmlPM2JRbE9aMFduZnZtMzE4bGFJTVVyLV9wYm9vY2FuN0dBeFRfYjZxV0YyYTdzOG5FR0hxbGxVbjhGQm5ydkJnZlhua3VzYmtJdjRPM3phWTA?oc=5,The New York Times,2026-08-01,neutral
The T,"Psychologists once sent students into a room wearing an embarrassing T-shirt and asked how many people had noticed — the students guessed about half, but the real number was closer to a quarter, a clean measure of how badly we overestimate how much - Space Daily",https://news.google.com/rss/articles/CBMiuwJBVV95cUxQNjNKY0VpX3VLVEV3cGNYeGtpc2dhXzN2OVNiS0lfazFvR3ZLOFE0RHVuSzhPcXZpY1BzaVJTalV1YXMtRVBmY1Y3RWExMG9GVmJlOGxCT3lZLS1HUUliRVRFRWhneV9HSkV3RGhneEFYS1lvZUMxV2RKbERLZFNaRzBQU1NERlowVXd4N1hpRUhKTG9RS3hxT1VXakZfbkRpWFBVMUJNM2xDNlZVLTdYRXgzOERZVlZCa2FLMVM5RERNeGhBWGxCNWV6RC1nZ05RenZNRnh4OF9YbXZIY1R6S1ViS3VybGgtS2ViRklBWVdwRFBkOHBzM0hPbUhnY1h0Q2hRbjZ3T25fSlBieVlSRVM2Uk1Ba3c5ODhwVmVTZ1NCLTBkQ1ZORnk3bEhoeExuakd6TFZuMVdpNU0?oc=5,Space Daily,2026-08-01,negative
The T,Read An Excerpt From ‘How To Find Love In The Cereal Aisle’ by Alissa Derogatis - The Nerd Daily,https://news.google.com/rss/articles/CBMilAFBVV95cUxNM19YeUVGemNLSktYY012Q1ozRlhlX0t5NkVfVkNIX1lUTVcxQVN4NzIwQ2IyUTJ1Qm1VbDQ2dlZnQTdPRkFmYU1mV2laVXFEZmszczRwVTlBeEdVdE4tMmlPcHM0Q2dRdDZnNjg2MzhORldvTFVUakpMelNCR3JCYkRTUzFaMEVRMzdhNTRhdXFUbktl?oc=5,The Nerd Daily,2026-08-01,positive
The T,"Rain soaks day 2 of Lollapalooza, but fans show up anyway — and evacuation shelter sites are ready - CBS News",https://news.google.com/rss/articles/CBMijwFBVV95cUxOZk9heVAyVXZVTGxCWkxGOWZJanpNdjhMWXFvM3RPSkJRZ2pQVEE4d1VobU5JS2hneTU3YnFYWGU5QzVWQmNQcERPWVZma0llT2FnU0dFTXVrUGV6MkcyOVBaSzhlWWxDUWJsRlo5ZkNHY2JENDFOdnMwYjdKUjBxdXl1N0tvOC1aN3dpUWRTTQ?oc=5,CBS News,2026-08-01,positive
The T,Cowgirl basketball set to compete in 28.5 Hoops Invitational - ocolly.com,https://news.google.com/rss/articles/CBMi7wFBVV95cUxPQ0luU2V2ODdyLVl5Y3h0UkwzVjViVDhBYTE2TjN6YzBjOHlobEhjcE9XY3dWY3FoMXFOSjEtUVBGXzMzVWxYbE52Xzg4ZFhZdGwzV3JzVWlsSGxtcnFwaWYxZzZWZ29DMjJVelhjNGs3ZzhOT1RLYmJZLUdWTWswWEgweUgyanBHRDRqSnhQVDFXNmltWXR0Zmw5VnpyNzhEdmY0emZ5TVVZcnBhb0VBZFlJUjhMMnVmRWJrUDlfQ1BVdGdudUdaNVl2dGVaVzllRnl5dFN4NzR4RHZnT3NFRDlnM0RNWjFabWxxRzdwNA?oc=5,ocolly.com,2026-08-01,neutral
The T,Lil Uzi Vert Cancels Lollapalooza Set at the Last Minute - IMDb,https://news.google.com/rss/articles/CBMiakFVX3lxTE9RajFxaVlIWGpqMmw1M1otcFUzb3lSQW5nX1k5WGV6OG9tZWEzRXFSV184MkRaYUhYdERnTWdvZlZvOGtLR2c4OEx3SUFZeHhDOF90U2VlWXJvc1JIdjZUeWJpT1pPS1dWTWc?oc=5,IMDb,2026-08-01,negative
The T,"Heinrich working for bill to share Sandia Mountains management with Sandia Pueblo, short of pueblo’s ask for total control - New Mexico Political Report",https://news.google.com/rss/articles/CBMi9AFBVV95cUxOMTh3dkdkbEt3VlJuWmVQY3J6VXJhb1p0c3BQTjJaZzVPREZBNHpZVl9JOHJpbXNhTTJoUm1jdW1PQ0FZVEN0Y1JlWS1vb2FlUERXWGF5NDhmTWlKbGtxRERGbE1FRXdUMkJlMlRPOVBQTXZtRFRLdXlCNmVfVm50aV8zX0IzdG90dnBIQjhLTTBablczdm5Fa0E2cXY3SmdFYlJGVjVYN0VpcXlBZzh6OHZrN1ZUcGpyLXI4UkN0OHZOZXpFcFF2aVdVdnpVdTU4SkhXNlBvbkE5VjJqVVA4eXhVNkFFUEdaRXRhZDgtMy1zV0dF?oc=5,New Mexico Political Report,2026-08-01,positive
The T,Review: Lorde makes her cathartic return to Lollapalooza - Chicago Tribune,https://news.google.com/rss/articles/CBMid0FVX3lxTFA3M1kwN1hGRzcwdXpncEdYTmFyWWVHZ0I3XzhHamo5anoyOHBqVGhxU3NSME5uR0FROF83REJFcXEzRExUNUdqcnFfRm1ad0F2MHBOQzl3eTFXR0tKWDdGSU9LLUlWVmk2cVZsa1BlZU5TR3N3MGdB?oc=5,Chicago Tribune,2026-08-01,neutral
The T,"Photos: The Smashing Pumpkins, HorsegiirL, Suki Waterhouse, Zara Larsson at Lollapalooza Day 2 - chicago.suntimes.com",https://news.google.com/rss/articles/CBMiygFBVV95cUxQYWNaX1lMbnJVdlQ3YjFQQkItLU5CaGdTZzMyWEt3TnRVa2NpWDNDd1BvR0xMcWR0QUxOWHVBTzd0bDV1QjJMUFExNFR1d0lKU1BMMmUxM1U3SkFacDJEalZOSWc4cnU0Um5hZ0JQT2hhNXZ1cDBZS2RBaURzd1RLaTI3WnRRX25xa2FFeGo4TXZEOGZLS0xpdWYwQ1hKZWlUWEtSem1BX0NsUzNDM1dhb0RxeE9qV3hXRk1BSWx3aG1FR1FySjZqR0FB?oc=5,chicago.suntimes.com,2026-08-01,neutral
The T,"Noticing Thinner Hair? The Scalp T-Zone Could Be the Reason, Experts Say - Real Simple",https://news.google.com/rss/articles/CBMib0FVX3lxTE5zZzM4VVozYm94czlVYWZ3RWtfbTU0Ry1LRmp5YkNmRElYdlZhbXpMREZoYTJBcWZSeGp5R2dUNVVYVGlkOE9UQ2VDRFpyTjJtaEU5ajExdUl5XzFnaDV5S3pOWnZQajJqZkRlN3RGRQ?oc=5,Real Simple,2026-08-01,neutral
The T,You might be able to get some credit on your T-Mobile bill after the big outage - Mashable SEA,https://news.google.com/rss/articles/CBMiuAFBVV95cUxOZVpxcUROWFRxc3ZSZmt2VGxpV3hrWFdHaG14REl0U19TaVJISkNYWjBqRGtlaGF1MXJNYXo3MFM2MExDZl92ZkFCWHJIZ2Z5UjhYamxxTTZ0YjRUa29yRXF2TlhDLW1iZUtSaGhIUEprUjJQMGE5R3RXdzZDRmlydlA0TmNiS1RYOGNTeDNpczFPZmFzcXh4TUhXRFFmMTJHRnQzeFB6dkVHNm00cUhJQ0g1NUFjbDkx?oc=5,Mashable SEA,2026-08-01,positive
The T,Tap Into the Vintage Aesthetic for Trendy T-Shirts - members.asicentral.com,https://news.google.com/rss/articles/CBMiqgFBVV95cUxPNGtyck56bzZZU2RYbDJPLXBSemJyMzNvWG1sai0wZVNvbnRLVnByZGRZYlJNRFZxOXRKbzJhTGRFdEVmdGEyS3BPNkNreF9WQ1VPS1V1d21tOURfbW1xVEFXek9JVUtrbHNVYzU0ajR6Q2k2Z3lXeUw2WHZOWWdtX0pIS0hIaE5XV0R3ODlsS2g4cEVtLW5oay11dEtaczlpZzVFOVp1VFpKQQ?oc=5,members.asicentral.com,2026-08-01,neutral
The T,DAZN to exclusively stream T’Wolves local telecasts as its NBA portfolio expands - Sports Business Journal,https://news.google.com/rss/articles/CBMi1gFBVV95cUxNM0kwQWxlb2tVQW9FS3VIUnJLYjNBTnpucjI0OUF4a0VSSGNxUHNpWEc1TVpJbWctQUJxNGw5S3F3THZDeGQwcXhpOG5na1BhSFZvOFc5a2J4Y1ZkNFVuMW0xelhKQTRJSC0tcjlLTmNPZjhFTjZHWXN3d3BGWkRqNlprb3RDQm8xZXJ1aHg1YzNGVzdiQnZQN05xUnRyczNhTW56Nzl2RmRHd2pTdVplTkZ0dEtWYi1GVEZnaTgyUGhiMW5YZjVRLW8wekhlNS1neUhPTTBR?oc=5,Sports Business Journal,2026-08-01,neutral
The T,Plain White T's Revisit 'Hey There Delilah' With LOLO - antiMusic,https://news.google.com/rss/articles/CBMilwFBVV95cUxOdUZ4OVlSRkdkR0ZjdDZHVUg0YUJOX3JlbmlQeFZnT2RwZklMampBT0NheEVfZWo2UzdVVHhQVjUyV0I2STVRWkc0SmJGX1FKd28zZ3R3MlFaMlMzcnZJc21oQ2tLOGdYVmlidV9fY3FhQzlveDBuRE5DdUswV2xfOUZneVV6MDJjbmYwdFdZY3FTMmpQTjdF?oc=5,antiMusic,2026-08-01,neutral
The T,The MBTA says it relies on a recently modernized system of sensors and updated temperature readings to keep service on track and customers safe. - facebook.com,https://news.google.com/rss/articles/CBMi2wFBVV95cUxQaEFuNm52bV9yUGRCSTZ5VldPS19ldWp6WjhqU3pnRW8xVnhGZEZVZV9CNHc0ZmpqeVhBa25RQ3QzcTRXVDJFUjR6YmdvcDdabW9fbWd2QWE0YUdvcTRlVW5nZEVhWHM2WjRsdTVEUS1TUFFjNDlNMTYxZEhwNW9NSS1oSDgtSmo2UTJ2eTNRTjZwWTcwN0RNQ2taRnR4RjBSUlVmRmxqSVU1c3FLT2t5dG5iQV9yNXV5N0otbkI0RzJSRFdUakE2MkdjS3JnMWU4VzBSaGtxMmRNRDg?oc=5,facebook.com,2026-08-01,positive
The T,"T. Rowe Price Raises 2026 Expense Outlook as It Expands ETFs, SMAs and Private Markets Offerings - citybiz",https://news.google.com/rss/articles/CBMizgFBVV95cUxNQzF1Y2RfVXJlNlJaMU1INWM2cm5rSWpWd29jTnliTUpkeUx3Qzg1QWtlcUhtRFhXWVVwbUNNTnBGeHpzTkVFMFhQWS1fRGZrY1JjYmw3bFVEYVZ4aUJUd281VVBDN2ZvU3dERGF4Wm01YWtJTjVIZzhnS3hkcGExV1p3VkVidFVvSjJuR0FlWmVLQW9uaUxYRDF2Ukh5cDJGMktlX3BTblJ1QThPQzVMNzRUa09DeWNoTUcxcmhCcnVlQVBzQnBlRlRkSHp5dw?oc=5,citybiz,2026-08-01,neutral
The T,ICYMI: More Than 20 Military & Veteran Organizations Urge Congress to Pass the Take Care of America’s Veterans Act - veterans.senate.gov,https://news.google.com/rss/articles/CBMi5AFBVV95cUxQWTEwOFFaR0dUWXZTc3ktQncxcDhBWXNHRHNIRC1lblcxSkhIZmRmalBLdnJtZTlHVi1STEVpbEV2RG1hR184dlY4Sll0cGZHaHdPaDRnVE9FYm15TXR5TS1yRXNxdmNsZnZLR3JRZDdWYXdudFdkS19TbkQyOTUwUnJYTk1uOExkOTlKNjBiTzdGMUpodXJCLS1UOUtkbXpqVGhEUjljWHNXYTNjWXVyYWlVTzVnaHgwZlp5S3d1VmFucnF1NkhvT3RNcXEwUWVfTkd6WkRZZDhlekk1WkMzWi04a1M?oc=5,veterans.senate.gov,2026-08-01,positive
The T,"J&J pays Sail $785M, securing option on in vivo CAR-T buyout - Fierce Biotech",https://news.google.com/rss/articles/CBMinwFBVV95cUxNSUJxdTA5d21OYk9NcEJ0SUtubFEwOGtNS3Z5QjY5MTdVT2UtQzdzTmZINnV2OWVYdXpfWUxPR2NUUXNORldCTmc2SzNINjViNjhublBFOGRWNWZfWWQ5aVR3LV8zS2ktaUpJaFRGV1NDcHE2MEQyRENTdDlBSWprUTJQVExSZVg1ZTU3eE5nTldDYzZHRWVyRWQ3aEpwa2s?oc=5,Fierce Biotech,2026-08-01,positive
The T,Kustom Car King George Barris Dressed A VW Beetle Up As A Model T And Boy Is It Weird - theautopian.com,https://news.google.com/rss/articles/CBMitAFBVV95cUxQV3VlR3hqMWhpV2hpLW9HSE91NW9ERm1rc1Q0SFkyaWJYdi1GZGRsc1Q1S0xNTktMN2d1SnRPSDZlLUNqTEZlVTJESG9kM0t5ZWY2S2N0Z0VRVmIyNXVDZ0w4Q0Q1cS1NUTNMX1JnZG42a0wtaWpHZnVSSzkweWVZOE5HTlJxQzR6REVDY1IzMk4xcGxoN3hGRHgxOGlRV0tIT0hMRkxoY09DS0VNUVJnbXhUZm8?oc=5,theautopian.com,2026-08-01,negative
The T,Introducing Call of Duty: Mobile Season 7 — Terminated - Call of Duty® | Best-Selling Video Game Franchise,https://news.google.com/rss/articles/CBMihgFBVV95cUxOeEtmcW5hYXNfUE12Nl9JdHJxcHA1TzRxc09OOG1EdGhReURpLWRWd3duVkJhUXk2aWdqNWplbWY1N1JJaWtDNUZCeVZQRVo1WE9EUXFyYmtmUDZlX1huODd6d3QzZ0dYOWFyUlJ6aEwxTzZzcDE5a0p2azdaUVFYQXA2cTBMQQ?oc=5,Call of Duty® | Best-Selling Video Game Franchise,2026-08-01,neutral
The T,Baby brains synchronise to the smell of dad - The Naked Scientists,https://news.google.com/rss/articles/CBMikgFBVV95cUxNcGplUzNYN3BVeDRkZXpjdklhVWFXYy1LZE5RLV8xTzZWY2N3SHZjaWVpXy1aY1ZLdWpwcGZLUkEzRmV0RWM2cmVVNEIwRUpkVmlERlFiN1RwVTZtQnY4YjhnNlU3Q2dpb285aVBaQmxDLXhBdVF0NVM1Z01OS3FIS0FJSGRPdHMwZFhZWWEtNWNZZw?oc=5,The Naked Scientists,2026-08-01,neutral
The T,Lollapalooza 2026: The Best Photos - Rolling Stone,https://news.google.com/rss/articles/CBMirgFBVV95cUxPOUhuZHlJdmM5Ui1kOUJWU013dUFaUTNuOUNkTmR3QkpJYm9ITHgySVljOVFDRGFrc015MDZGYkVleVQyWm15ejFaa1pSSXZESTctMENqZUJzZGV2RUxTTkw4NzRQdkJtSjV5dmYzMmZqSk9GdEFleVp1UXNVdm9iem5GLWRvTllyOTlTa3FzS19KMjdJb0d2dzFmaGp4UlZfYl90N25odFQtRE9rdVE?oc=5,Rolling Stone,2026-08-01,positive
The T,Mass.-based singer-songwriter shares inspiration for music video shot on the T - NBC Boston,https://news.google.com/rss/articles/CBMiiAFBVV95cUxQX3BUS3NJRTBOYmI4SnJfekhlQWRLSFhhTVNPSEpxdU5PTHZSVGtlZ3FCZzJoRENaSnRNeDloay0zSU1ubERmTmhueWRWczNBb2dHT1c1aTc2TUhjWFozd3RKZGlCR2RzMTRORnZnRmVwbVNDTFRVV1lGWmdobllDN2wwb1FWYU9l0gGQAUFVX3lxTE91TjUwcENWQV9ubU1iN0hjUmtOd3VobkppY24xOWZHMjJ2VG4tV0M5Z2VuRG1rbVpNekdqU1l5aFhNd0JZclBER2R4elNLTUNtRmlfMDFYRy1mLVZmYmxuN3dEQzFDbFhPSG5FcllsU21jcjNRSy1vUUtXWVFjUTFGRGIydUdXWFg5ZTIzUnQ3Ug?oc=5,NBC Boston,2026-08-01,positive
The T,Cowboys' Dak Prescott not shying away from setting lofty goals - ESPN,https://news.google.com/rss/articles/CBMinAFBVV95cUxNNXJiOUJfUHR5SXpjRXctQS1xS3dUVWRrTnZXT01IZWhfUFJwbUE0MUJ0UWQ5bzBpY0NBMW5ZZ0Y4N3Ftemt3OXVWNF9oT19WdUtVaDRQbklkeGlnd0d6U3d1d0lxblBrU2IzM1FDVmQ1ZWc3LTNHbWZfLUhiQnZRT0tfLWxZY3M5bzFnRVNKenFzWGJOZTYzd0Y5MVg?oc=5,ESPN,2026-08-01,neutral
Washington Metropolitan Area Transit Authority,"Rising Costs Stall 434-Unit Takoma Metro Project, Developer Seeks More Time - UrbanTurf",https://news.google.com/rss/articles/CBMiuwFBVV95cUxQR3A1TWlYWnh2N1BwdEFQNWl2UTVKMG9tWUMwZ3BrYnBCTWVHSGd0aTRrVUpDbEJWVGJaY25mNW1BNEN3U1BST0NxV0N0a3dOc3ptUnE4UVFaQkFWR2ZyaXVNYW1DTi0wLXNMLVZDSGNrU05WS1lKcjVTcVlpM05jTGl4US1UUzh0cGtNdWNrTkx2b0NZNi0zcEF0UkY4QkxmRzhtcEFHQl9sRjU3Q0Q1WmtQZEZjRnk5dTJF?oc=5,UrbanTurf,2026-08-01,negative
Washington Metropolitan Area Transit Authority,"Red Line delays caused by water intrusion, WMATA says - wusa9.com",https://news.google.com/rss/articles/CBMi2gFBVV95cUxOM3lpQlg2ZEg4akhNQVdaV2dBS2F6dXhWTWl6dERmQUdYOFNUNWdxS2doWnNnU01MTDdCMF8yNkdVREt0eksxVm9Qb1ZMYWpMX0VSVEh0TElrOHNwTnNuelNkVDFFQ3ZKaGlRLTZ4SzJkdV9fU2F2ZU1VOEpLOG10Nzlob0VZcGpfeVVPVGFCaC1kR0xENVFaRnlUVk9TZ01LeGdGaXFmcjhqMXpMUEZyR2tGb0tUTnJJZF92OENLSzZpbXJQRW04eVhnWFdMdS1rYmpxeXliT1Yydw?oc=5,wusa9.com,2026-08-01,neutral
Washington Metropolitan Area Transit Authority,Montgomery County Approves $49.8 Billion Metro 'Aqua Line' - Montgomery Leek,https://news.google.com/rss/articles/CBMilAFBVV95cUxNZUtMSncxOGktaF9QeEUycG95SXl3N0d6Mm4tVzVDamhDX055N1piM0xVM2RaX3AtcFNXdi0tWkZJY0NGdkhXZ0ZrV0RuS05YU2k4MHo1WVppYUk3ZW9fZHRkN0hlN3YtRUQxZEREYzYyRzFvdTYzUE9BN0NTWVY0S180clRmTmtvYlNiZUx3V1NOMko4?oc=5,Montgomery Leek,2026-08-01,positive
Washington Metropolitan Area Transit Authority,Record numbers rode D.C.-area Metro on July Fourth - The Washington Post,https://news.google.com/rss/articles/CBMingFBVV95cUxQZk1HSFRkLXYtUldXZ2FZNzdGRVlQSUJCejVBZ052eGU1WWNjbXY3YzNwbWNHeERsMnF0MDE1T0JOaEkyaUxFZEdQRFo5Z3Jfd1hXMGRiN2FBLWZqNVFBcTZzd1BWZlpQQlV1SHFUSmRqd05YSFhyTllsVTk2WjJ2MndsNC1wQ3Q3RUh0TkVmaGZtaGxGUXZFTlVmTVhlUQ?oc=5,The Washington Post,2026-08-01,neutral
Washington Metropolitan Area Transit Authority,"Doors, barriers coming to Metrorail’s Red Line platforms - Washington Times",https://news.google.com/rss/articles/CBMiowFBVV95cUxQMFlaNDkyTnFzRUdpbzFYRGl5bDY5ZGd1VVkzMXF4OVlLSzBMU2syR0F6WGVadW1rejVwRW5Hb2U0NE1Sdlp2eEpnbXVyak5hQjJMbFkzQmoxWVFLSWZ5LWtlZXlXZEx6SnRBaEJSOVJOV0szM29maHpUNXNGRTcwNkhBeE9uSXNIS2VvZ05JZE1iSTRVOUtVaFd3NHctVHYtTldJ?oc=5,Washington Times,2026-08-01,neutral
Washington Metropolitan Area Transit Authority,"GU Expands Public Transit Partnership, Introduces Capitol Campus Programs - The Hoya",https://news.google.com/rss/articles/CBMinwFBVV95cUxNaUQ3Y2RONTZKMDU5UndkUXhiWUZoa2d3aE9yemdsck9DSzJzQnM5MS1FeUdXYUthYzdMcUI3ZGdMLXl5bHV3RGlSQ014bDFKaTh6ZEJaZTFFUDNkSzBFVmplYUl1dWsxNnJkUHh3bjJvUDVTcWtZN2NJTThUbU5LT1J2XzFVdG1HVFN0aUx4VE95ZWNMenRhYWNLaHBBWjg?oc=5,The Hoya,2026-08-01,neutral
Washington Metropolitan Area Transit Authority,DC Readies $1.2 Billion Bond Sale as Credit Stabilizes Post-DOGE - Bloomberg.com,https://news.google.com/rss/articles/CBMitAFBVV95cUxNYVZXX3hETDV6QWVKNnFlaE91RDNvWlRxckxTaVgxNkNnZjFZM3h3SEV4b1R3bWVUbm56c1ZwUjc0ZVh2aW80SGVFSldZNkZ2QWdqWTUzODNqMXBjRzZRY1FiMTUyVkVubWZ3T1lSQjN6UlFlNC05RUZQTFY3d2xQV2JQMzBQVkYwUUF6WTRMMVh6cU1iR1l5TUdHZzhxZ3E4akxScEN4eXg3U2o3X3dITktJOVE?oc=5,Bloomberg.com,2026-08-01,positive
Washington Metropolitan Area Transit Authority,Why Trump's Strait of Hormuz blockade may affect DC public transportation - USA Today,https://news.google.com/rss/articles/CBMixAFBVV95cUxQUW5pcFBLN2VDY3lnb3kzblduUC15S1BzSnlFM0VzT3M5NkhoYWI3d2ZLODAwdUxvampvcGN5dXZsTWFhYkl3UVk5SjY5N0dyaktpb1ZUTkk2NGhxOEVmYWwtRlFBM1BjSnBlcFY2UnV2SDNZNl9wQmdZTDBQM01YclR5cjVDRG1LcGw4T01DSEIxeFhiVkVtOThpZXFVMjE5TFVBR0xRd1NxUVZTbXY1VG90enBNal9mblRHdWNUZmY5WHd6?oc=5,USA Today,2026-08-01,neutral
Washington Metropolitan Area Transit Authority,Metro Red Line trains return to normal after day of delays - wusa9.com,https://news.google.com/rss/articles/CBMiywFBVV95cUxPeUc0dEV1T2FBM3NGTFRfbUlUZDFuWW43aUNNdTR6alRQNHN6MmQ0QWUxWF90Rkc2bEh3bHV4NnlpdHRFbVVzenpEZ0VHcTlOV1VMLW11MFdmVUNEdnpidTRCZkI1eG5EdmlhUzJkZUxjU2RDOW43OFZ2a1pYcVV5OG1RZmt2U1JmdEtZS0lSeXgweEVXOWNwY21OX0tGVW1fNUFiakRlZ3BmTHpJX0o5Uk5iOGhWc0RYeGNKelZKcURqSE9ibFNBR0NNOA?oc=5,wusa9.com,2026-08-01,neutral
Washington Metropolitan Area Transit Authority,"On March 27, 1976, the Metro rail system made its first trip in Washington, D.C. Over the next 50 years, it clocked more than 7 billion additional trips, according to the Washington Metropolitan Area Transit Authority. See photos from over the years: - facebook.com",https://news.google.com/rss/articles/CBMi3AFBVV95cUxPQml3MjE3TWpmQ0RPMmhRTzVLZi1qNzFmMUdYTDBIMnlwR1RLRnpLOUtOanlycGZFNERWS3BPa1U1UW5OMDFIVUJBQ1loUFlDR3NKTWdXNU82clJrNmRydTQ3REQxeTY3cnRRUnBCRGdhUTNBM3BfbUlOVHN0dU9SSlNUQUFlRzFlMF8wNHZUX1ZlbWNneXVIek11b1ZZdHRlLU04RzdSRjR3ZUxDdnN4VU5QWEU3VDFVaW5jeHR0bDJCcVBFRVJVekRRck55RGF1V3Mtc1hNV3Z4cm5o?oc=5,facebook.com,2026-08-01,neutral
Washington Metropolitan Area Transit Authority,Train Derails Near College Park With 11 Passengers Aboard: WMATA - Patch,https://news.google.com/rss/articles/CBMingFBVV95cUxNYVNrS0k0RkVrWWVMSGx2eGVZTHBFV0Z1ZktrcmQteHRqb1RCY0hZWjVhQ3RkZ1E1UTVodnlCWnduN2JqRUtPSWxwejNLUFdZMGFhZWNIT2E2OE9QNlRGU1R5MEVEVFlqdmdsRm9ScUlKVTJvdHNHZmlRenJTMGl1NkpVSGtkT0xRLVJFVzQ4RjYxZDdNaXZGN3dSOFlYUQ?oc=5,Patch,2026-08-01,negative
Washington Metropolitan Area Transit Authority,Washington Transit Authority Hit With Class Suit Over Pensions - Bloomberg Law News,https://news.google.com/rss/articles/CBMirwFBVV95cUxPd0dDelJyVGZ6SzZ6VWktdTgwQVVmMzV2NnFsTDltR2E4anNHTEFnZk4xR0pnUUJFcFBQSjl0b1hQelVVS3M1SFluUTBKSzZ2VTk0NWxrenpNS3p2SlpCYm9iRzgwbjF1OGl1THBBUVI1cHNTWWc2Q1dQRGktVXFnV25WZjlaZW02Qm1fOHlWSFBReEp0by1TYklobG9uVXp1aHRyT0VLcU9VZkh4RWdF?oc=5,Bloomberg Law News,2026-08-01,neutral
Washington Metropolitan Area Transit Authority,WMATA to vote on budget plan that includes Red Line automation - FOX 5 DC,https://news.google.com/rss/articles/CBMihgFBVV95cUxNUEVVMXZ0bENRSVdEamI3azh1U2dGRC04aWpWb0hhUWgzdG1EV1VVQ3BfTFowRE9feGhjX0FwZXpheF9vRlZHRzRWRy0wY1J0YThRSnNsMy1HcVdzLTVIYUtfRHlWQTZBMlBXaklDTlByaHlzOFdrN2otbjdfS293Ml9lOHNaQdIBiwFBVV95cUxNUktDZ3dIdFFmYk4yMDBYREl0UFJjem03YnRjWnlPRkhjNDY2YVh3dHhOdU80Z1V3OXNkZ3Jvb2Z3TXFqTEhJbFY5Y3FWVXc2TFdmU3JmVHd3c0NyUXJfN0I2bnFnOHVHT1R5OU12R1JheHlSVnZseENOaVdIeHczZEk2LTNyUUZFbXNv?oc=5,FOX 5 DC,2026-08-01,neutral
Washington Metropolitan Area Transit Authority,How This McCourt Grad Helps Keep Metro Moving - McCourt School of Public Policy - Georgetown University,https://news.google.com/rss/articles/CBMiigFBVV95cUxQOVQ1NGtwQ0NnZVlQcVRfQ0JuODNRRUpsSVlVbEpVeWY5ZU54R3pnS3VsMzBLYTRiOUFMMlZsTDh4cC1tekpDQ3BkSXFrMnNZSUFsVFotTlBWNVFKYVg3SFFwVEtJNUtRNkFHSFpBb01vb2poRDhDY0hLZVFmbGxCVUhGWlpzWFBSZEE?oc=5,McCourt School of Public Policy - Georgetown University,2026-08-01,positive
Washington Metropolitan Area Transit Authority,Demolition looms for Washington’s last trolley bridge - The Washington Post,https://news.google.com/rss/articles/CBMiogFBVV95cUxOSU1HOHNRLTVpTlF2QzdXMGg3bU9GdFVvRWJ0ai1SWG1ONVN6X3ZzWUh3NnNzX2s2UU04N2FOdy1iS2k4X0NjVC1UY1c0T3BycUpVYU0zMUQ4a01yc0hpR1kxdXZJUjNsUmhMYzZweDRGU1ZpZU52RVdrR1pMM2kteGpERTMwcmRiZTdPNnhYSVZkY1hDUmEyM3gtdDVRdDg2OHc?oc=5,The Washington Post,2026-08-01,negative
Washington Metropolitan Area Transit Authority,WMATA releases list of major disruptions to Metro lines in 2027 - wusa9.com,https://news.google.com/rss/articles/CBMixwFBVV95cUxOUEdtemJkdlhkeU1vbTJkRm05VWdRZWpCZ1ZDTmZKamZDRTFFV09DZXRvNFVfbG13dXljeDRvWk43bVdSY0lPRE5CelE5ak40NzN4RmNxSXFqOEhqNkF0eXd5YTFhSnVvcFYtVml1Z0xtUExJZmlkbFk3UW1xOGtMNHJ0UUk3UWxaM0s3SEkwV3c4Y25ETGh1eGstSDJNUzRjWVVSbVg3WndScmc4U0xTUHduTzhZNEVpVkpUT2lIamRCbkNFNmxv?oc=5,wusa9.com,2026-08-01,negative
Washington Metropolitan Area Transit Authority,Stuffed frogs and more are flying off the shelves at Metro’s pop-up store - The Washington Post,https://news.google.com/rss/articles/CBMiowFBVV95cUxQUjNnYlBwdFM2dEpyRnJHdlpEV0wzcVh0WGVidXpiZnhFVXZPVDEtbVVkRkZuSGEtakRJejJUOUxJMXV0anFKeENTc1BYM0REcHJUdWlhcFVmcC1VSW1LX1NiZUlRVFNadXJ3XzZzSmF3cjZkb1F3MTIzZ3Ntc0xDQ2xHMFM3NnRZdHVzWEJyX01yYk0xVmFxOUhNUUZBaE5Lb2hv?oc=5,The Washington Post,2026-08-01,neutral
Washington Metropolitan Area Transit Authority,Opinion | What is undermining the recovery of D.C. transit - The Washington Post,https://news.google.com/rss/articles/CBMitAFBVV95cUxNbHQxNjA5bnk3Nm5nY3l4dE9URC01dFZUU0drOEd2REhWWTVUa044dmp6NkhSUl8xYk9EUVQ3VWFLNDRvYnlpUnlReUhKZG9lRngxWnFoQVlydVBqTWdpakc2dE5yZ0FpdmNVb3FOeTBzcHlTaUVFVDNaQ2N3azZGVmVRYTZ2T2F6UUtzaHROT1M3OEp6QUZIR2ZuakdYaWJYZkpRSzVNcHBjV0J1U01YcWFyMFo?oc=5,The Washington Post,2026-08-01,negative
Washington Metropolitan Area Transit Authority,11 injured after WMATA work vehicle hits Metro train - wusa9.com,https://news.google.com/rss/articles/CBMi5gFBVV95cUxOMXhxMTZ0UDhieFFjaGhKUVVlMDRwZjQzWVZUZVhDd1JhQU1ibDk5WHFmSkdUNnQxNjBaQlhvNjQxaFNUVGlEZ1A5ZzRZZDZHZThNbEVUQW5QeUNqOUNFNkk0cGZERGtzdUtrR0dLYnM2Z09rSk91OU1seUU5Tm4xekNzRFN0WUs5ajBSOGhlN0hBdEJxdmNJa2loUWkyMU9GQVJZSVMwRUhsV1pKcFkxQkZtYzVzZzVDbWRsRXM1ZEc4c0h0Vmd2UGE2dC1QeFJINWotWjdQdHRObThIYkY0T21zSmRQQQ?oc=5,wusa9.com,2026-08-01,negative
Washington Metropolitan Area Transit Authority,"Metro’s original railcar is on display, orange carpet and all - The Washington Post",https://news.google.com/rss/articles/CBMiugFBVV95cUxNZTl5ZXZYRk9RZ2QxWXE2TGdEcXQzbkZhTVQ4bWNVSWcxWEVUb3lxYkVKeTVzaWZYZzVqeHJEQzdoM2RDMTRtc1VqNTJqdDc2NWwtTVV3eGV0elBUazRETm95S0NMUlpfdGlHaThVM1FIU3lSbG5FbWJEZlNCVENsUEZZLUdNMVFSbDd5bFhVTFZrcnQ4ZGltX1p0d1ktNlVVTlJoWDNxN1lsWkpycG9YeTJlanVOdHYyb2c?oc=5,The Washington Post,2026-08-01,positive
Washington Metropolitan Area Transit Authority,"Data Helps Washington, D.C., Transit Fine-tune Its Service - GovTech",https://news.google.com/rss/articles/CBMimgFBVV95cUxNUU5LVnkzVW5XeUd3bFc3TnZiLTZHRFo2eGdhS0hhU3FPUUUyR1JLRkFYQmphX25aQWxKZlhLeHFubndiRWpDa3NaRFpwVzl4dGt2WHBjakF2SUpzQkE4b2dRUVdZV3JhdFh4N2Z6QUhOcVlWeU5IMXJEQ2liNzZweW5VSENRaXIyWG1nLVlXblNha1VWTUQ4SDhB?oc=5,GovTech,2026-08-01,positive
Washington Metropolitan Area Transit Authority,Metro cracking down on fare evasion after 70% of bus riders skip payment - WJLA,https://news.google.com/rss/articles/CBMiuAJBVV95cUxOWXRmd1FCNEI2UDRkZDJTWkRvbjZweWYtU2pNUFAydkdtVmNXb1ljbmxHZ1p4WUg1OElUTy01QTNKRHhNbWw1VVM5QTVvYlY2UlRrSHFpdF9GdVdVdGxpOHZGd19IUkl3RHFMdmphdUU1N0J5MXNiUTB3S2pvVEhDWUVrbGQ2SG9BVy11TXhRSDcwdVNnYUFlbnNLWHVXVHFETjRReWFNelotTVBrUncweDBrNm5HejBkZy1pUHVVeGw2aVhSOGtoX3N3TFhZSGVEcW82aTBkZHNXTWItamxNWUVMVHNiVzNMR3NNWXFvOFZpLS1WZFFkSFIyZ0NPRHdhX1l2YkYxcXo1VUYtdS1hdURoclpCdXNFT0drQnloSk5UWmNlNmRESkdFOW9sR25CaDdNU1QwZlE?oc=5,WJLA,2026-08-01,neutral
Washington Metropolitan Area Transit Authority,WMATA fare enforcement policy raises safety concerns among bus drivers’ union - wusa9.com,https://news.google.com/rss/articles/CBMimwJBVV95cUxQWUhBYjR3SVIxOUlaVFNOLWhJV0RYX0c3aFlocUpNSzFCbUxrZWM0MnZGcGpVck1CTHViRmI3QUFWNXYtWHZ0ajZnZ3dXODhhRDdWdlBwMkhEMDQxdVVCUjIxT1ZHV2xtcmkwWDBCd0FWMUtHRmd4VHdsSklVWEYtV2dOLUVfd09CWl9uWnV6cG1yRzNfaTJvV2pWSlRtQXUydXdlV2FxR2g4MVJ5LW53czAyMHF1bWkxRDZyTDUxS3ROanNDTW9XaVlSMlQ1MjFQNXF1cW9pX1VraTd2R1N0dWU0VXhTOHhGWXAzbG1DTERBb0RDcmlRNGhMV1RIZ0NVN1kyQ1lHV216b2daRk12TGpHNmNtSkZId3Zz?oc=5,wusa9.com,2026-08-01,positive
Washington Metropolitan Area Transit Authority,Metro to stay open late Sunday for White House UFC fight - wusa9.com,https://news.google.com/rss/articles/CBMihwJBVV95cUxPS2tOVUh1eEw2VmJNc1pYd0xrRlZLN3pmTnY4b3Q1NnAwUXNLWFEzTWp5TVRVN1pwaVU1OXRyZWdZdzlULUlQT2pBNllLeHA2RTVpX3ByVmhpdnQtZXhoRXhTRWliZlVXeGNGRGExVnNMa1ZBX1hFbnRNbzI0eFNCVHlLUXFpSVJ5aXhDTjQyR1I0VG45c0tFb3J2cU5la2p0eWJaRGNMZHBaV3dEX2RJaFlsSkFPSm1Hbnp5VjYxQ01xT0wtNUFhRGhfMGxDN0hhTDlQU2ZIc1dfekgtcDIxLUNJQVNWNThac0xVb3BKQkl6dkktRXNhN3pHQXFQRVJtVnVsYXVQcw?oc=5,wusa9.com,2026-08-01,negative
Washington Metropolitan Area Transit Authority,Crowell & Moring Relocates D.C. Office to Newly Redeveloped Space In Penn Quarter - Crowell & Moring LLP,https://news.google.com/rss/articles/CBMixgFBVV95cUxNLTI1bzVOQlFlSk84YnJZR0JTVlVrY2ZZUnFUZU9OTmh5M0dScnRZTWFQbUwzeWVmX1AxNmJmaWdOZS1WTUl5N0hBT1Bnd0E2bEM5cy0wYnB0RmtwS1Atc09lcGFNN1ZYRk9IdXliS19xdjFaZm1RN1ZnOWR0am9pUEs2M0h6Z25Sem52VGtaTWFDMEJybmthRDcxaEtyVGxCX3VLeWtKSjRvUEVnS3dFcGU1MnRyeWNRUjY4WGFhOFIwLTdtd1E?oc=5,Crowell & Moring LLP,2026-08-01,neutral
Washington Metropolitan Area Transit Authority,Washington Metropolitan Area Transit Authority Continues with Phase 2 of the Bus Shelter Replacement Work at Shady Grove East Metrorail Station in Rockville - montgomerycountymd.gov,https://news.google.com/rss/articles/CBMiiAFBVV95cUxPUDlBcHZrb0FsUndCTi05NHp1S0wzbGo2SmZrRmJ2aFdiNktoWTd3YU1CR0h2SW9QcDZoWVBCYjhqU2F0LUVYZnhKekV2bENxdG9BcF9sSjlWVW9ibWkzbGJnSnd3WGEtaERNeWM2ZHRla3E0WmxuQnZET1RzNmFpY0NTdWVFXzhX?oc=5,montgomerycountymd.gov,2026-08-01,neutral
Washington Metropolitan Area Transit Authority,Transportation officials face pressure to get DC's transit system ready for the new RFK stadium site - wusa9.com,https://news.google.com/rss/articles/CBMiiwJBVV95cUxQRFg5OFV0NXczVXpfNDk1OWtHbHc2STd4YVZDa2xZVlZTa3RJU3hIN0FnVEhPa2lHbVpFRlFlTjliekVwMGltSV9ZdmItQkRYMFloLXNtSC1YaFI5aGx3OHhIbHVqQkdjcW5pTkxRMDlNZXBjQkFSTEktckFOeVMwYm1US2RyTVVCNnp6WlRjOEhNZm4yeW5SVmpFN3VVejZkZUJMODZ6YzZlWXpSZ29pd3B1dWRneG1aZl85YW51aFl3Nng0cEloVWs3dFNKZHFUOTJWQTA1OWVqZXFCUF81djlLcU9RNTUtMlBsU19vOEZ6cXJSY1BoN3M2bUtueXZncmxla05GNWt5QjA?oc=5,wusa9.com,2026-08-01,neutral
Washington Metropolitan Area Transit Authority,"Months after ending the DC Streetcar, leaders are considering a new transit line along H Street to get fans to RFK Stadium - wusa9.com",https://news.google.com/rss/articles/CBMiwgFBVV95cUxNRE1HTTAxUzZRNTdDQzhBMUNHdWdnZUczZjZkeHBvMktlVFdHWkZvSW5QU2xwX1lkN3BmenNUQ3JyY0xYbDJ1Wk8zdnhSOVpxLWNuNEUxb0ktTG9HTk1Bckd1eXdXTEtMVGRvcWd5TzVVbXBleFVvYjEzN182QTlNOGZnYm5tcFN4MkpSQ2kxQ3MyUHRrMDloV0IxOTNSZ0JxMGdXUVRJbEVrd2FQS0stWUwtZWpMcmpQXzBmMHFQYTlyQQ?oc=5,wusa9.com,2026-08-01,neutral
Washington Metropolitan Area Transit Authority,Why is PETA suing DC Metro General Manager Randy Clarke? - wusa9.com,https://news.google.com/rss/articles/CBMiyAFBVV95cUxORFl2UW8xT0xBaGs2ZlNlNE13Z3hqRmdtZzdFdFhOeXhZREN1dkh0WlRCZE9yczUzNm1nRTVYTXJMTGh3SmRwNmd5blBNRF80VnZqOFh0aDdwbVpjYUk3cnBJcVo0UE5UTHNGRHI1ZXdwdUZ3blZScFBZZTZmQ2hoSWkwMWh0S004ZXdxdXJBQlZwY0U2eTIwR002RkVucjZ0WkFnZ3hpUWZFaFNRYUs5QW9yZ2toNFUwNk5TQUNaODRhcFN5X182cw?oc=5,wusa9.com,2026-08-01,negative
Washington Metropolitan Area Transit Authority,DC Metrorail to move ahead with plan for full automation of Red Line - trains.com,https://news.google.com/rss/articles/CBMivAFBVV95cUxPNVRoVzJFcmxyYi1XU2pZaTJqVmFMY0Fad1ZuUzhYbUVYRFgyY0FUWmpsVkVoMHEyaTRLdXl3SHNpZ2kycnFiNHk3OU0xem1nWVBWZXBjODg0RVh0ay1rYVU4bjRiNENzXzRXWTJoVzdDai1pZzJuSHJhdklrank1eUNzeGQzZTJKLUh4b0hYTlNZLVhIaVR1NUxDOHFLOEFzczZqcFQyaFpEVDNxTGdRc0phSUNmSWhuZUUzbA?oc=5,trains.com,2026-08-01,neutral
Washington Metropolitan Area Transit Authority,Olathe manufacturer will upgrade ticket terminals for D.C. metro system - The Business Journals,https://news.google.com/rss/articles/CBMiqAFBVV95cUxObmwxbXJLUUZqVklRdDBYcnJoLXNYdm9ZSjZHdDhSTVhicGlWNzdjUlM5QTA5R3Y0U1ZGZXNUb1JENGRsazVrUEJ2SUY1ZnBxc1haN2U1Y1o3SC1oX0dlNWxCMER0WFU1TU5wWDRkNTNwak1DdG5fZ2hfdTR3X2l0QVNIN0NSOHpQNlVrUXhrTzFkMm0zeGs5bTJKeEhDYXFkWVZMVnZuWWI?oc=5,The Business Journals,2026-08-01,neutral
Washington Metropolitan Area Transit Authority,Indra Group to Equip the Entire Washington D.C. Subway Network With an Advanced Customer Terminal System - GlobeNewswire,https://news.google.com/rss/articles/CBMihgJBVV95cUxQWVZEUENKYzJ2N3NRMmdkVUI2OEY1dFo2VVhTUDBGWldYX1lEQWZxdnV6YkpfZkdNRW9IQTRxRE1QLUxEbDlxelh3bXl1TGhpZzFqbjJOUkJ6TjlZMnFYXzhxSUp1V2xZQl9vRWJndGNyVEthOWxZck96Qzk5SXYxZUVYSklROXF0aDZzRF9mNXROejZjbUEtQ1lDSnRXaHAxNm1uR0JSS3JLam5RWFJZbEVJUVYwbDRtbFdITGJ5c3NNb2p1WlU1V0p2WnpjLVZKTGNWOFBaN0p5cXVrelFKTVVIY0U1Y1UzSDdSelY3ZWFNMF9kd2xXVHFQdWlFTmFQRjJjZDhn?oc=5,GlobeNewswire,2026-08-01,positive
Washington Metropolitan Area Transit Authority,Indra to replace Washington metro ticket machines - Railway Gazette International,https://news.google.com/rss/articles/CBMipAFBVV95cUxOZW16aG9zZnZkZ0o5c2c3LWhlbS1qUTdvR0NaVG1sYlR1MHRpaUJueHdBSnpCbjdRZVJ2T0c3YVBmOWsyRklqM3ROQm1iS2J3OUhNM0paaDE0Z0doelZjSDZfbVVuLTdYb1JrRmdQSGRXNm8zUThLekZrNmxJWjZ5dHJQbjJWSUJUYlJnWGpyakFNdW1VQUlIU0hCQWJRSmwtRUlWYQ?oc=5,Railway Gazette International,2026-08-01,neutral
Washington Metropolitan Area Transit Authority,"WMATA Marking Metro Rail’s Gold Anniversary, America’s Semiquincentennial - railwayage.com",https://news.google.com/rss/articles/CBMixAFBVV95cUxPLWU4Qkhqck4yNlpZOUh4Tkk0SlpZM0ZPdnB3VUpJMXdMY2xSVnR6T3p4ckNXR05tWXZSS25zYzdhbnpYLVhRbWJZQjFMMFhiUjNFdVJIQ2R6dktZMjdLQnNxVkNUVy0zZk5pM29zQTBrbnJMa2VtUTQxZUg3LUg5VjQ2R1NaOHo3Q3NwdGVpRFNuQmVIRml4MEhBOHdvYmlxWjc2U2xnaFZoN21mWXh6Qk1iZFNUd0R6bXZzS0RBR2VGOWRf?oc=5,railwayage.com,2026-08-01,neutral
Washington Metropolitan Area Transit Authority,WMATA Proposes Revised FY2027 Budget as System Marks 50 Years of Service - Metro Magazine,https://news.google.com/rss/articles/CBMirAFBVV95cUxPTHlJazhuenZ6czNRTTE5WUdVd3M1Y05nREV3S2hrOXFWdVp0eTlraldhcExqXzJVU2ZZTG5Rck5sMGl6dTR2RHRRZWgyc0drYkViMzNoTUxxZXJLWVllT0g3UVRGaGExZzJtMzA0dlhsYUZVYzdQS1hnakJOUnRsOFNsQlFMemttZ2stX3hSb0lHU2Z2RjJRalE0cHY0cVVYRjd2dDhUc01ybUNO?oc=5,Metro Magazine,2026-08-01,neutral
Washington Metropolitan Area Transit Authority,Red Line Shutdown: What commuters need to know for Summer 2026 - wusa9.com,https://news.google.com/rss/articles/CBMi0gFBVV95cUxOYzVYdXoxZTVSWHl5bEJwamRrUTFWdkFNc3JsQTUyNFdLbk1OLWhualpnRW5ZZndWcTlPbVE4N0UwQnlxWVFnOEU2dFg4VFc1OFNSeTVseTlZaVRHbVdhczFKV3ZjRlRZVlFLOURuaFdQdUVuNmowb3NzXzM1dmhFY3hzT01idlhWRzYwTi1Hc284U1U1SjVoTFpfRTZVVWVLcGoybG4wc3Q0U1FfTEpYOU1pc0djYXlyMHRtejgxRFcxTkdYeF83UGIzUjBZYzQ5TUE?oc=5,wusa9.com,2026-08-01,neutral
Washington Metropolitan Area Transit Authority,Why did PETA file a federal lawsuit against Washington DC's WMATA? - USA Today,https://news.google.com/rss/articles/CBMiwwFBVV95cUxPSk1fUlR2SGtPTlEwS0k2MmtDR1cyNDItY0dwZFZqQ2lDVUx1ejJOYW1vbi1GOXlpTVEwbDJjQVlKTTVQZkZ5ZTBoVkEwRDFCZDd4TXJiNC1fcFJ1RkEyd3g0NWs2YldiblU0TTRYSGpHWXJpdlVRMGU1ckRDeFNxMzBWOTZyT0lia1h5T0dtYVhvY3R0bnY3RmYzcldLdVJoeFdubjZXLXE2ckt6UEdKS21aNmZRN3FJZEFKZEpoNlBJS00?oc=5,USA Today,2026-08-01,negative
Washington Metropolitan Area Transit Authority,"Red Line trains to single-track between Dupont Circle, Van Ness THIS weekend - WJLA",https://news.google.com/rss/articles/CBMipgFBVV95cUxQTDFWQ1BvbEs2SGJnY0wzMTRpN0Rhb2FKc3VJbk0wbmt5elp6VzI3Zk9tYXJaSlhGWlVMUXhfaHN2OTU5SGpzZUNkRVpoTkM4UWpNWXRLaFpyWFNZWUJwYmRYUHdTSC1ybTBGNmNEai1aMGlfS2FoellUWDIzMndEMGRuNndCd01VeVFvWW1mVmV2b2syVHJGMXR6VHVqcHl3alluYkdR?oc=5,WJLA,2026-08-01,neutral
Washington Metropolitan Area Transit Authority,Crews clear tree over tracks impacting Metro service in Virginia - wusa9.com,https://news.google.com/rss/articles/CBMiwAFBVV95cUxNTGtybjIzb1ZGVWlVeXNvbVlMcWJ5bWxXaW5mczU0VHVteW1yZm9NdEIyaTVsS05Ea0IxQ1VXUlVyaGktbmF6aXlzaFprb29CUEhHemFGeVpTTGQwS2FPb2VCczhDZktzcmJoWXFPckxSRGRaRkU3d1UwZDJ1YXFGNG92eFM0TUEzbzloLTJuTThvS3pHTHZSd0JkUDYzdTBUT0YzN2dFX1FyZWx6WDJ1Zm8ySmFPZWZXZDNiUVdmNGY?oc=5,wusa9.com,2026-08-01,positive
Washington Metropolitan Area Transit Authority,Portion of Metro's Red Line will be closed for 3 months this summer - wusa9.com,https://news.google.com/rss/articles/CBMi7wFBVV95cUxQaC1HRWVOVlktZGQ0cmhKTklQZW52YmlhcTBLeDRhWGxFa1E0d1NpeXpLZFR2bzZYdmRNVkpzd2FxSXh0N3EwUkoyR1UtVTlCN0dlNGNyYnJXVEYzdFdMWWZraWJ3SGJ0UEhfWXFTVVA5eHpYbTFGR3dXSWFFaHhDdHE0Z1hKdmtWWTRDazh4TWZYdk5MZlpsRklFb0Zza0Y5T0dfVDJvc1NzeXAyY2h2LW5hdlptUFF0VlZ4NXVObVlDOXRyYzB2RjhvRkdGUkRNckJBR1VwRkhYNWZ6S1JiLWg4VGJZVjJYS2d1MmxVOA?oc=5,wusa9.com,2026-08-01,neutral
Washington Metropolitan Area Transit Authority,"Metro’s Blue Line, Silver Line partially shut down this weekend - wusa9.com",https://news.google.com/rss/articles/CBMiwwFBVV95cUxQSXJubVVXemJITEQzTWlqWWFJdVRCV09xRFhtQWlJOTRibUw3cm90c3ExRjE3cWY2alVwQTdjWjhrSW9nTklyanY5ckJ5bEk1am9jcUlGb2RobUtVd2M3RXB1LWlQanZLaHRpODdpMFFPM3JQNFR5a3JQYThhX1hCUksyTHZKT3pVSHllNHNudnllTGJSenozcG1JQ1FvLVJJZ2NjamtFME9qSEF3OEFDOU1ZbXNpT012YVRnMEY4ZlpCNzA?oc=5,wusa9.com,2026-08-01,neutral
Washington Metropolitan Area Transit Authority,Diamond Transportation cuts 715 jobs after losing major WMATA paratransit contract - The Business Journals,https://news.google.com/rss/articles/CBMirgFBVV95cUxQdktIT1RsUHdmMUticDUwTm5jaE5OUVlLZGFSSjJPMFY3c0FwdUZKUGt4eTdPZXJCVVFQWFNjME1OS2ZlZ1c4V2ZlWHR6el9wS3ltYmg4amsxWnNWU0Zlb3RnUmZRQ0VrekljcmN0TUlFYjRGWkw5YWdtTWd5TGQ2dkVrTWh5cDVHT2I0N1I5c2FZUEJyX240c3Z2RVFkazRhdHIzRGk0bW5XcnkzQlE?oc=5,The Business Journals,2026-08-01,negative
Washington Metropolitan Area Transit Authority,"Mayor Bowser Celebrates More Than a Decade of Delivering Free Rides to Students Across DC, Marks New Milestone of 450,000 Kids Ride Free Cards Distributed | mayormb - Executive Office of the Mayor (.gov)",https://news.google.com/rss/articles/CBMitgFBVV95cUxNc0R0TDAwWkJmdGFvZmgtR3dBeVp5UGVrcXdvYjV1Q2tteEtBUHlVaGtNS3BHSXpLQThTV3A4dl9XUmlRT0J3LXVPMU03N1lQNi1uVnR4YUxuTUlYcUJXTHc2V2ZRcTRmWGtGZXBDRGNoZmdnMm1GTlVsZmxnNGU4VFVidWx3SlVnbnNzYUZ4dG5YVDBObGFKMTQwVWU4RE1HSUxpVHZEaHRuaEFqbTYydnBGRnlPUQ?oc=5,Executive Office of the Mayor (.gov),2026-08-01,positive
Washington Metropolitan Area Transit Authority,"WMATA Adopts FY2027 Budget, Boosts Service Without Raising Fares - Metro Magazine",https://news.google.com/rss/articles/CBMioAFBVV95cUxNUFNIcWpXUkFzaGRBOEFMa0J5dXlVRHFfQUx3QzdINVRkOGpnQnA5aWVHWFVQMWNwdXpuWUt4dTV3OVBJb3FYajlySGtCWWw4SWZDTzN3aC1TeWY2d0JOSENEMXQwUm1abC1aMXhnZXBCdkx6RzN6emJ3M0R3MDU3NnBsLVg5U01aTjdoZ0ZSSG5mRy10QVFacV8wcW1rcTNH?oc=5,Metro Magazine,2026-08-01,positive
Washington Metropolitan Area Transit Authority,"WMATA adopts $4.8B FY2027 budget, expands service in DC, Maryland, Virginia with no fare hike - eciks.org",https://news.google.com/rss/articles/CBMirAFBVV95cUxPUXExandLTDN5aDJNazZna29KUFVPTWdEWUsyWmtZeDhUSDBOQUtwVTllSXRic3V0NnZSMXIxd2J1XzV1bmVwNHlaU19VOVZVTzBfWHplUEJ0c1E2QjVlQVFoajVGUmJVTHVrQUpqNnNVQURSUE9memJMTS1Bc0w3NFd1Q1NxaGFUVU81dktOYkZXN000VzFyeFBMTmlkMkw0bkhlWlVCR3Q1TkFX?oc=5,eciks.org,2026-08-01,neutral
Washington Metropolitan Area Transit Authority,Metro board unanimously approves train automation next step - wusa9.com,https://news.google.com/rss/articles/CBMixwFBVV95cUxOVXdkbUgwSDc0Vjl4YTkySzJiZkVGMkI2NWJyRkdMOV92dnZRUHNpdUFWMDhvWXpGWmFhNkw0NDJZZDJtWkVTMFdWS09zNDd0cEg5aFdobFM0Nk1pQm9GNkY4NDkxYVlTWlNIUnVnbHozNy1TVU5laWdvaEZYQUMzUHJPZkhMR095cXNCa0phRGt1Q3JBYUlpYmplRFBTVnhlUUFXZTdJNUt3RG82akhxOWYyd0cyOHk3Qzk0bDljaEhMbmNxQ1dF?oc=5,wusa9.com,2026-08-01,positive
Washington Metropolitan Area Transit Authority,About the Director - Department of Transportation - montgomerycountymd.gov,https://news.google.com/rss/articles/CBMitAFBVV95cUxPRE1HZjctVlRsUlVnTEtCeVRxNEZPSEc5N3Jwd2VTYnJfUVBBTVd6TVhnX0R1TlZrelh5VU9sNFd3MVNvb2U5LURFbkN2cXltanFCckpXS0E0dmNKVHIxcEdkOGNTUXlQdEtNTmh6QnlUZG4xZm5URVkwU253MVdEc1FBeHU2WEljUFV4bGlzclVFSGFybzluV3dLSV9uTjJyN2xBUllTU2VQNDNLdEl4cllxSHU?oc=5,montgomerycountymd.gov,2026-08-01,neutral
Washington Metropolitan Area Transit Authority,Lawmakers weigh merging Northern Virginia transit agencies to cut costs - Virginia Mercury,https://news.google.com/rss/articles/CBMisAFBVV95cUxNV0dPaGV3Y2FpSzVoVkljWTNPTV8tYmE1WU9vMEZnRS0ySGJvVmJxM0JvVmk2Y0FWRnpxb0lTZ2ZvOVhaOTAxSUdUV1RnSjlNcnYwSERWNTZRNEstNElMOHhPX1FTcXFmS2daYlBHMkM4aFczYWhvRDBCUmh4WnhxS2YxUzJyNk1VSG9Way1IRXpLR1hKUW95d1JSbUtJdUd0ekZtQ2RMYmZ0WGhpenZldg?oc=5,Virginia Mercury,2026-08-01,negative
Washington Metropolitan Area Transit Authority,Red Line shutdown begins July 6 as commuters brace for major summer disruptions - FOX 5 DC,https://news.google.com/rss/articles/CBMiogFBVV95cUxOaHNnQk5ULXhWM1BVU0VrQUh5bU1pRmdQN2tRZUdSODFpc3lBUFZ5UmdRV24wbVBkZzFoRWlYcW15OV92S2diVWVYSWtkX1d5cDV6ZllzSlFFc0FTQ1BOU1ZIbjZ0V0xkYmlLc2JkRmc5UmhLTDN1em1kTWNLLVdxa0FYYkJjLUE0WDZuZDJ0TFJUU3Boc3lnUnlQWnNvZng1RFHSAacBQVVfeXFMUEZtWXh6VmtEWktUN29JSjVsN05lbnZNTXh4b0pzOVhjbTlLMHItSmFqWGIzbmQ3QTF2b3JoS3JzOTEtQnlsQmZrc2NCUUxiTEZydWhwVkZXbDJYNVk0aHMxZWhhN2tMcjkyVnhZSnJNQTh0V3oyTm1WemNCRzUtNTRXcVUzXzZNSTJWTkl4OU1kSG9YSkRNVXBheEJxR1AtV1JjdjVCLXc?oc=5,FOX 5 DC,2026-08-01,negative
Washington Metropolitan Area Transit Authority,Foggy Bottom metro fare evasion rebounded in 2025 despite enforcement surge - The GW Hatchet,https://news.google.com/rss/articles/CBMirgFBVV95cUxPTXJTMEo2TGhnbDBoWnd3aEpUSlRCME9rVFMzUjJXLTZNZllfcUwwdjFEaENHa2RuZ2xGdXpwRF9VZm5XZDlDakh5RlczSjdid3NoN0VKbk9KbW54Y09CYmp6a2FhazFVTHBZeF9fX0dnaVNXQWxiWk1FWVdndDBWczlCWDNwbzh2aHFKS045MzA5Q3loZElYbGRMZXlESVVlcnVWTG8wYUlvZHVpR2c?oc=5,The GW Hatchet,2026-08-01,neutral
