ceo,company,title,url,source,sentiment
Monica Tibbits-Nutt,Massachusetts Bay Transportation Authority,"Rearranging the Cabinet: Transportation Sec. Monica Tibbits-Nutt Stepping Down, Replaced By MBTA GM Phillip Eng - Streetsblog Massachusetts",https://news.google.com/rss/articles/CBMi4gFBVV95cUxNVXVoUHVYNFJ5TTJUWDRuZGFoNGRWTG13UDBaV0RsV0wta21ndnBFZHp3anpnSmtWTS10Sl84ZG8xYXRjMkNHNWxicGJEUnRpTHF2Q0dFcGlmQnRpMnAtcnVycXhuY3VEa2lkUEw0TEl6cTZxQUY3VWVpUnJneEcxX1hXcEtOWDZkNE5ueG5iMnRTQnlmRTU2YWZ4NnlDZGRpT3Vxcks3emtMSV84enFKbjVxTWZIT3dMYVlJcVZNbGlUdVJTbGNBSmpVbzQ5NjNrZ2ZNdFctSTdrdGRXQW02U1RB?oc=5,Streetsblog Massachusetts,neutral
Monica Tibbits-Nutt,Massachusetts Bay Transportation Authority,Monica Tibbits-Nutt Steps Down as MassDOT Secretary; Phil Eng Named Interim - aptapassengertransport.com,https://news.google.com/rss/articles/CBMirwFBVV95cUxNcjNfdGJjNUwzcE95eWk1bzFKckpFblhkZGJTN1BYZU9OdGxTZFAwM2gwMkJmRmpLMkZJNC03MWsySWhwbl9BcjFnajltQVd5UjBpLV9IbUplelpuRmdjWWNPX3VQWi1JR2p2Mkd5UmkzZWRfQWY1enpNbFhkSzFITVUyODdyT253SnhYSkQ2dDRoaFdIemJnUXlzcV9KeDhBbDlNWkY0OThfQzVMUVhn?oc=5,aptapassengertransport.com,neutral
Monica Tibbits-Nutt,Massachusetts Bay Transportation Authority,"Massachusetts Transportation Sec. Monica Tibbits-Nutt steps down, MBTA GM Phil Eng named interim leader - cbsnews.com",https://news.google.com/rss/articles/CBMifkFVX3lxTE5hSnJUdEdlZUc3bDB4eTBPZEhOazc4clJIMF9TaDl5WFZST1JvaHNHVlVwcUdiTlNTSF9pOUJLVEF1UWRHWTV6X3pEZTR0ZTN1NkVUNGlRV0NicDRtNzVRWWpZN3U0b0hmaGtVaEw5Y1RrbjZfb3YzS3hHU0lJZ9IBgwFBVV95cUxNaTBqUVI1NXo3djlXQUk5WGRwVGt2TXRyZ052cFNxeThyTzJNSkhVbVdPU0pzOTM2Q3VCMi1TenZiTE5mMkhPRkppeDBhUlRLejBGWTViV2J5b0dYQXI0SVNvRU4wTjM3MTdsSmVqRVdqU1dPVGZfbUJ4akFXakJjYW9jZw?oc=5,cbsnews.com,neutral
Monica Tibbits-Nutt,Massachusetts Bay Transportation Authority,MassDOT secretary steps down; MBTA general manager taking interim role - WCVB,https://news.google.com/rss/articles/CBMiugFBVV95cUxPLVprMURzdUhVYzVfRVV6SDVzcmpwN2xzNzl5WGlHaDNtM09BcVF2d0U5cGJtQkxvTHZuc05ScF82ajNNeHlPbFRIb1JSd0Nmajd2cVlsbEVVcEItQ2JqU3hHRW5WeV84YWJ3NmxOYm5pVjk4c293QWpoMTdoRi00TTFfS2std1lnNVJSSUhzM1hzVjI3X0xSRS1jem9ocGpuMDBNcnprSTlyVzNSUG9zNi0yMWFlcEUwNVE?oc=5,WCVB,neutral
Monica Tibbits-Nutt,Massachusetts Bay Transportation Authority,"Phil Eng has two ‘24/7’ jobs right now, and not everyone thinks that’s a great idea - The Boston Globe",https://news.google.com/rss/articles/CBMihgFBVV95cUxOWU8ycTJEWXo3UVZuTXZucmxnd1pnSTREYUhHalU1ajdfalkxSGlaTFo4dUtmOFVfc3ByRG8wT2xqMTJXQkhyN2Q2ZzdCdE5PcWkwWGxqMzRuQzNKanpFcWhzOER2YmxqWlAzalRWUmV1ZnU2NkdXdHlEQURXSE9IUGxUNVpPdw?oc=5,The Boston Globe,positive
Monica Tibbits-Nutt,Massachusetts Bay Transportation Authority,"Mass. transportation secretary resigns, head of MBTA selected as interim replacement - telegram.com",https://news.google.com/rss/articles/CBMixAFBVV95cUxNc2lOQ242WVVBQ01ybF9hVGFQbzRpSXNwWVk2ODJxMTZSa05GVDBwNnZGempQMk5JcW9SaUwzaHk2dENKZVp0eGdKcjhrNndzYXRZWDFJeWE1LXp0VjRCMEtTSW9YUFQ1ZmctYzVrMFRPa0NIanpoYmlmVTM5czREOUVkMm1GNWNtc0ljRjlFc0NId19iMXQ3QWVQdnhsdnMtZzBVR19zR3R6MkVxYWc2bFNCNWp4WE9CTVNEMUtZaTBkWFZS?oc=5,telegram.com,negative
Monica Tibbits-Nutt,Massachusetts Bay Transportation Authority,"MassDOT shakeup: Secretary Tibbits-Nutt out, but keeps $200K pay - Boston Herald",https://news.google.com/rss/articles/CBMipgFBVV95cUxOUTNrMkRpOEYxUDhqZ1NzNmY2QlphbTUzQUEtVkN1WjVYVGNsOXBwWkVwMGJZVHB0bFhDZWZ4VW9URkZiWExsTHJHVWZMWlAyWFFRaWxtRi01RFhLcFFlVEFKM3VEc1FvSWZxT0p0OXAwdjk4MjY3WXJQVHVTOC1fLWlON0FZaFZIWTBfbl91U01NcUpsbFdrZHl1ZlVwSXprUkVEUUN3?oc=5,Boston Herald,negative
Monica Tibbits-Nutt,Massachusetts Bay Transportation Authority,In the news: Monica Tibbits-Nutt - The Bay State Banner,https://news.google.com/rss/articles/CBMiekFVX3lxTFBfLXNIVHRMc1pjcjBsdWVVUndzSXY5a2RBWXNVZmZnai1NbWVoOU9XcFVKeW1yRDFkcDVxRmMxR1dDOHIyYVhSQ2ItTFpDQnY1NWFWUmhCaWxMejBfT0dfSFlPZzlCZTBqdzhKRmkwb2IwQW56RlAtRVZ3?oc=5,The Bay State Banner,neutral
Monica Tibbits-Nutt,Massachusetts Bay Transportation Authority,MBTA showcases future Green Line Type 10 Vehicle mockup at Boston City Hall Plaza - The Somerville Times,https://news.google.com/rss/articles/CBMiX0FVX3lxTE02ZWFXbHkwVVBZNkxEVXpSR1pXODFaQlF3eThSM3N2MndvVGFBMXlJS0FuMEhSQnhmTUtFM3pMWnRNOGVuYVlEZHl4TnZHaTdtS2gzSFVPRFZWeEpyZlZv?oc=5,The Somerville Times,neutral
Monica Tibbits-Nutt,Massachusetts Bay Transportation Authority,"Healey-Driscoll Administration, MassDOT, MBTA Celebrate Launch of South Coast Rail - Mass.gov",https://news.google.com/rss/articles/CBMiqgFBVV95cUxPbmF3UFZscTc3bUhDNHREQzlLN05iX0lmb3JBU0pEV3R0cE9NS0xSRzJZeXZteUhQc2VkdGJPUnlLNHNtZ1NvTzVqT1J0WEJfNG1UbmkzeGlDcF9ueXhJWW9kZ1ZseWlfUUJKbnJyaWZCNzY5YWlXSU9wWDdrOHJJLTlCd2lSWHdlLWxDd1FDaEdOMXl3UFBxY1VtT2pZSW1CZExBWnktWjBmUQ?oc=5,Mass.gov,positive
Monica Tibbits-Nutt,Massachusetts Bay Transportation Authority,Massachusetts investing in commuter rail to relieve traffic congestion - Smart Cities Dive,https://news.google.com/rss/articles/CBMiqwFBVV95cUxQWGhCTHFYakhBdFFXRzV3UkhWQlhxamtzOXNKQzA3YXg2TjJoaG43YXBlUmlhNUpYaTE4VjdyMGNkSjM0QzNRdkVuV3BRLVlva3lfSTFLd09nU01SaGhJTFJ6VktoX2tMaW9mLVlOSEM4OS1JZzFJcWpnWmMyam5tbklOQXRQMWJsOHJqcDZXbThQN0dUdTVwZ0N1V01xQ0lMU2M1aUpLU1QtcHM?oc=5,Smart Cities Dive,positive
Monica Tibbits-Nutt,Massachusetts Bay Transportation Authority,MassDOT head steps down amid fallout over plaza deals - Eagle-Tribune,https://news.google.com/rss/articles/CBMi3AFBVV95cUxQcGNvVlctVC11MGRJTGJSbG1QazFDaWpUckhidHdjcGlBeVVfSTJqZmRWUExBa09rVkNOX09ZSUxLenR0UkNxWGM0MkRzblVoSmhaNlo1bUlYWVBkTXQzVFdZWWtWZ3pqZmdHaG1FUV9TUU1JVm0xdzAzMlhvc3pPNm5BbjJEU240aVZaUDZiX1RidG9FczcxZlNHUzUxV2xtUjlkQXQwVHB3OHNXY3dlT2liQTBSS3FoSnBWcDJIVm05Vkh6UDJzVnVFdGZqTlpnRk51TkpNTzdjay1V?oc=5,Eagle-Tribune,neutral
Monica Tibbits-Nutt,Massachusetts Bay Transportation Authority,Tibbits-Nutt becomes Massachusetts secretary of transportation - trains.com,https://news.google.com/rss/articles/CBMiswFBVV95cUxNcTlHRzdySDNBVmNGOEt1ZnRaUjFOVElaOEhEaU5WdWdTbTVZUmJCWTV3by0wVEhmRUdXdFNUUGk2WkZOM18yQkFBTjVQLS1haGFTVDBLVm5UNG5UektkYzhSRUNuTnA5dUpwa2lleHJmUU9fZk9BNU1JZHJkblEwS2pOYkRyd2hjZnY1OGFOVmJkOU9NbkVHNm1LM0k2emJOWmVBYnJmSlI4dUFaaTdEc3ozTQ?oc=5,trains.com,neutral
Monica Tibbits-Nutt,Massachusetts Bay Transportation Authority,"Healey-Driscoll Administration, Massachusetts DOT, MBTA Celebrate Launch of South Coast Rail - Associated Construction Publications",https://news.google.com/rss/articles/CBMiywFBVV95cUxOV3huNlhZd1djM0xjbXdMbmxPbmU4amJsVnBzYmIxLXhVNlcxZFlRLXo0RUFDZm0wWEZrUWRIejM5RFRhYUc1X21uQ0Q4dVNicHE1YzBzSGVVQ1IyRjFjcXBHV2dxM1ByR3JPbWJ6N2JHcGFvUm5hSGJ0UzhqOEZxV1puT2g2SDZpemJ6NFIxMnRKQWpfVUtVSlJISUZ1SURhTHliTGx1X1pwaUV2SzBaTnpLMnFiQlJ5N1JZTW5RcUhPUnAySnNraHZtdw?oc=5,Associated Construction Publications,positive
Monica Tibbits-Nutt,Massachusetts Bay Transportation Authority,MBTA and Swiftly pilot new transit navigation system - masstransitmag.com,https://news.google.com/rss/articles/CBMi2gJBVV95cUxQcFZ2RUFwa0NpNlVfZTgwSnJEUktKbG8zaGlyT09EWGFxXzU4cTFBNjNXdzlzdHkyRXhTaGtmY1piLW04OFhmTGVpTnFrQ2xpTURkRERjMkx4VGZHTmJPVlZXbWtWNXpHWFd3M0ZJM3cwd2VvdWluWndiTnhiUmJiZWRqUTY3S1VjdXN6MHV0bDdldVlENWNjMUVBU1lJR1k4N0hSbXZQbnZlbW02MWJrWFBjRWpZT0JwOVhaSUFRZnA4cW93M1JSWlVPOEt4ZE1XMnBZbFpsdlI4STJscUtGbG1XMFhHQ3Y2Zzk2UjJza0tPNEdzUjVZSFZ6SXVRelNBR0hZMzBIV1dhemZlNzRIT1QzNnpmLXhQSFlLeGstYjhQSmdsOWZPS2laLW1ZekoycjE2MWVJeDBlcXU4X0lfOW5sZTJUaEVBajJfRWFoZ2ZGSjdyaG5WUkRB?oc=5,masstransitmag.com,positive
Monica Tibbits-Nutt,Massachusetts Bay Transportation Authority,Announcing Leadership Evolution on our Board of Trustees - transitcenter.org,https://news.google.com/rss/articles/CBMiiwFBVV95cUxPZW5WVWMwOGs1dnlFRDkxVFlwMklOeEdpUVZaWllUbFJ5el8waVVEU0dsaTRwWnRrMW9SdHlfbTRhSEFUeWVQWGQ1RWc1RGt5aXdJT0hJeVVLeXBrd0FpVkc1eTRFZUlORWZiTWJDbjBGZWpOQlZpOHVtaTBNY0psNVhLTHIwV0Vwb3hR?oc=5,transitcenter.org,neutral
Monica Tibbits-Nutt,Massachusetts Bay Transportation Authority,APTA Kicks Off 2025 TRANSform Conference in Boston! - aptapassengertransport.com,https://news.google.com/rss/articles/CBMijwFBVV95cUxPTGt0T21JalFtTy1QemsyM1JPcHJvOUhsb29yT0thdTYxU2VQSy1TVWtvNzJJdjNQTTdsU0NyWjkyTnBwWmUzY2ZyaWtPLWUzV253Ny1xRlk2alI1aVpBeE5ST0FiaEtPX25fc3l4VHZfMVg5ZEFaNGhmZXFFNnlaZVpuUmNUdWxuNGdOVFgzOA?oc=5,aptapassengertransport.com,neutral
Monica Tibbits-Nutt,Massachusetts Bay Transportation Authority,MassDOT Secretary Gina Fiandaca Will Step Down in September - Streetsblog Massachusetts,https://news.google.com/rss/articles/CBMimAFBVV95cUxOLXdzaG9yblFXdjkwNWgzb3JsLTJhNV9zZjMtZ0VZUEhreFFrb0UyZXVvSHFCWEFiMDRFQmczOE5PV0plVWhjUUJtblg5YUtiWEFvMTFQdThFYmkzYmRkT2ZlSEZYekVRQ1NIT1hYem5rWjRyNUEyZHhPR09XUnRnaTNHOFpNVmJiWTlkbjgxVVkwV1VDUWJiSg?oc=5,Streetsblog Massachusetts,neutral
Monica Tibbits-Nutt,Massachusetts Bay Transportation Authority,"Reversing Course Again, Sec. Tibbits-Nutt Says Allston Project Will Include Multi-Acre Train Yard After All - Streetsblog Massachusetts",https://news.google.com/rss/articles/CBMi3gFBVV95cUxQY2lPdFR6MzNwVnk2dnlzcmpUWW0tUjZmSUNJelZ2S0VQYm0wSm1weHhzR1ZWQ3c3NnVUOVhFV0UtdHdWTnZKOTBjN2FWcnV3RmFpamZZeUcwQWNZczBZdF8zQ2hYU0o0V0hYQy04cUpJQnVlaHVRUXkxVGlSeV9wbE1TckNCdXl0dmlmVllIaUx4REtxTXJ5QWNNM0ctWWZscG1KWXhIZlhNR2RVaTZnZ0JTYWp5dU5KaUxMUkpaNmpOZHduRjZfOWI3QTRJTmUxZlh0U1ZsclU1U0IwTnc?oc=5,Streetsblog Massachusetts,neutral
Monica Tibbits-Nutt,Massachusetts Bay Transportation Authority,Sec. Tibbits-Nutt Tells the T to ‘Do Better’ Recruiting Women Into Its Workforce - Streetsblog Massachusetts,https://news.google.com/rss/articles/CBMiuAFBVV95cUxQZTduaUFtLU05OFhza0dLUXYwb1YyU1R1NUYzM05xcndtRG5PekNjbDBSZzBXdjJsOWFvalFEbk5MMjE4bmtybWl2WFdyRkMyQ2pxN3FLU21RSS1NTjJKZ3puQkVubjNqYm53blByU0UzMDV0bTY1T2dXWGVNNlBiRUNXSUZfVWU3eEF6a1V3Y3lCYUQ3WlRrZkNGS1doTVhEcUo1VEk3TFRqSWY2Z0FnQnRYdmluS2ls?oc=5,Streetsblog Massachusetts,neutral
Monica Tibbits-Nutt,Massachusetts Bay Transportation Authority,MassDOT Aeronautics Reports Successful Drone Medical Delivery Demonstrations - Inside Unmanned Systems,https://news.google.com/rss/articles/CBMisAFBVV95cUxNa2stdlllZy1GRUxLUjR6ei11ZWdxLU55U3R2MWhvQ1JLTjQ5eVlzUmFVMWY3RExzNWo3eGdpbTlKaXVQcWZ2RWxFVmJiZkI2bEotUGZrSG1YZHJYcDlydDhva1l6b09DQUlSaF9TaVBzQ1I4ajdlRlZ2TGNFVy1sWk9MLVY4UDgtVTVaN0kzZHlZTE9jaEZxUWxqU3QxZktSelNyTXJjeUdkYUhreFVveA?oc=5,Inside Unmanned Systems,positive
Monica Tibbits-Nutt,Massachusetts Bay Transportation Authority,"Top 40 Under 40 2017: Monica G. Tibbits-Nutt, AICP, LEED AP BD+C - masstransitmag.com",https://news.google.com/rss/articles/CBMiugFBVV95cUxPQjAxa1RqRzVYOVBiT1JMbDYxRHVzUTBHUGxxVVVqR09fekJFNG54RjJ4cXdNeVNVVGtlZURwU1ZxNDJNc2FRS0NBNlRBVmRrcHE3MUVpZThxbkxRSzAxUVRJY00wenl3X1dkRl9MbWVJdVd4T0NHdjVjem5oc2k4MU9qQm1LM3J6OFY4ZW5wQzlWVUFUWEctMk1XNTFyMGpicHlwVWVvZHZVOWZSbERpNWtEdVl4SVNId3c?oc=5,masstransitmag.com,neutral
Monica Tibbits-Nutt,Massachusetts Bay Transportation Authority,"MBTA names Jeff Cook chief administrative officer, Alicia Gomes executive director of light rail - masstransitmag.com",https://news.google.com/rss/articles/CBMisgJBVV95cUxNamQzeU1BSVExV3lXbGk2M3o2RURhZUVZNXpPNnY0dXNrb2NZVzFLVS14QUlGN3REcVNsUC1QUUFFcVNUM1duWldwVEZsOFNNYWlBZFBKeUtCY1EzYThrMlRoQ0l4dTdqR2dJdkd0cVJLWFFYeVg2eG5SSWwtVWdfRVBMcUYzRzRKMjhlMXo1dXZOaG9wd2R3eFZZUGZlVTlaa1JBbE5pMk1Genl6ZDlneDdqd1ZyYUlkUGMxTmxhaTkxWkJqT19yLVdPRnRsSW5aRnNyazQwMWZSTUlZbFVka19DUjJ2WTNZeEVSNDZiRkh5RlBVV25acHRIdjlCWG9yZGxQTkU1c1AweWpsNElpVTRPQi14aUJveGRrWmZkLVVrLTJrVGJJcU5sVC1HVGZrX3c?oc=5,masstransitmag.com,neutral
Monica Tibbits-Nutt,Massachusetts Bay Transportation Authority,MBTA completes ATC implementation - railwaypro.com,https://news.google.com/rss/articles/CBMijAFBVV95cUxQMmhmQk5qdWZuanBTY0N5UjRPSzZUTW1kNjhJRlVkbnZEU1pMZXRMWEFVMHdNTm9CVEc3NHB0XzVJX3dlQVkxMnBfZm5LNHBtTEMwMU1zeUJfUVBtTEVrZ2dfcEpkNmhrMm1sa3JBNG92SGhEOVNZQ3dUV0hWaHJ3MUgxTUt5VGh0ekFhZw?oc=5,railwaypro.com,neutral
Monica Tibbits-Nutt,Massachusetts Bay Transportation Authority,MBTA to switch on contactless payments across Boston’s public transportation network - NFCW,https://news.google.com/rss/articles/CBMiwAFBVV95cUxPby01X0lyTlRQTlQ5TC1JN2FSUGJ1MWU1d3EyWjZZLW5KSlV5eURrX0FpZ3d3T21raHMyMmlhb29pUXNlVTBmeWlvamlsM2tRS2kzRXBPaTRYeDd2cXExQVdlVnRNeUxuWUotdVdNWEVzNGh2dVpWUWl4Z0hTRllNYkxLM3dhWlFQMURkUE9kbzVRMGRjaGc5NUtId0x6YkpsT1RSYmQ5WnlkOGlud3hBOUI2bjFXakpiTnYzeTZTdmo?oc=5,NFCW,neutral
Phillip Eng,Massachusetts Bay Transportation Authority,MBTA reaches $500K settlement with employee who says GM pulled her hair - NBC Boston,https://news.google.com/rss/articles/CBMitwFBVV95cUxNdU9yTXJNVDZPcFctVVY2bFFnWjBFM21zdkJCbGtSS1VyaEhLbjdtY0ZHNk5Qc181RVFwY1E2VnlZNERsRC1xeWVNdkJrbll1RTlzRkgxVTZwcW11NV8tWG5wLTIzeVNOdXVGT1I0dGhNQ3I1TWUzWlNPZ2FZRmNXdE84OFdLT3UyMmhVM1VhU0otaHROSWlQeFNrZlJtUWJVRHh1ZHhIc2VmQVQybkh6WmVra3BTSEXSAb8BQVVfeXFMTlMwdTcyQW1OeFBTZW8wcEtxQi1lMDFnRkNCRDRTOEE1WGdOdGQxcXdwNk5UOTczaXU5WHkxMWJqUzdqbi12ZmJaVjc2czNmajdaSWRPUlpYbGQwZ0laNnU2bVRzYzZVVnZ5cVBMbFRqM2YxS3FlVEN5cFpfMGhaRWRGNlBZVi01TGdiWndVUDkwTWZIbDlmTjNFRWlQSmtjRTdzOHIzbjRESGlJdDU1cTBxZkhoRWxteUJHaUYtZ1U?oc=5,NBC Boston,neutral
Phillip Eng,Massachusetts Bay Transportation Authority,"Phil Eng's Professional Derailment Costs the T An Experienced Leader, Plus a $495K Settlement - Streetsblog Massachusetts",https://news.google.com/rss/articles/CBMiygFBVV95cUxQZ2tQbG8xRmVrV3F4TjZmMVNfRmZUZWkzakQ2T09fdTF2dFM3N0Vpc2ZYSEZKX3hGZjY3Q0lmd0ZDanQ2TUNGRjItdkFSeWNlOWk0QU9MVDM4OWFLeWR1M2EzWXlRQkphUVpwWmJDQ21UZGhwSnQzXzlEaTd5Q1JEN1UyN2JDYWVLNjRsYkt2b3IzR3Q4b0hOdHNWM0tUOWhNNWduMV85c1NNV2hfV25WcjFxRnJjNUlIeHV4d3Z6NkRtQ2JwbGpSZWxB?oc=5,Streetsblog Massachusetts,neutral
Phillip Eng,Massachusetts Bay Transportation Authority,MBTA Completes Major Infrastructure Work on Green Line - aptapassengertransport.com,https://news.google.com/rss/articles/CBMilAFBVV95cUxNTVd5eWc1NHBYRk9HdTRUSGVEWkpBU1g1QWdZNy16VmVqTkxGVmRWVUNaVUVrS3JET29fbE84N3BxcDRxSTVkVFBZQ0NUbTcyVXVzZEtpQklDZW1LM1V5YmtRcFMteUxLSExwUDRHN1dFcERmOUw5dGl4RmlCcENad0IwTzBibWhCQUJ6M1VEd295a1dI?oc=5,aptapassengertransport.com,neutral
Phillip Eng,Massachusetts Bay Transportation Authority,Pozniak: Eng’s apology a sign of leadership - Boston Herald,https://news.google.com/rss/articles/CBMiigFBVV95cUxQOHBkb3dXdkVZVkdjcXN3cWNqbUdOZkpWNHRyNkRVYlA1QzF0Q1JIODhUTGMtcDh2ZThrYmd5VG41a0piWVJKaFZ5d0tWS3pHV212LWNUUnFQM2U0aHpnLWd6cUt4MDNRdmU2dEt3WE9UeDkzNnRaUmJTeHBER25hbld4c0oxNjBlRmc?oc=5,Boston Herald,neutral
Phillip Eng,Massachusetts Bay Transportation Authority,MassDOT/MBTA boss Phil Eng has ‘no timeline’ to step down from dual roles | Bay State Briefing - MassLive.com,https://news.google.com/rss/articles/CBMixwFBVV95cUxQMVB1YmRzQzZ1YVpXVzRXYWd4MndPWDBNb1dxQWdHSzhRT2hVOUFHcHVhVlRHRE1wWHVLaFp5N3lQWU9id0NISWVKUkVIQU1vT2o5RHMtc19lS3U3NmdaM3d3eGsyeEJKbW1ZMGtNTDRqSzF5SzRKQVVBVmVQa2hXaVBIN05qWG5oU2lTRDJGajdabDl3bVpmYTlObGZvWFVzWEJSbmhmQlRQbnViSS1QU3FqcVd0ckl5QXp2dXU1MEtoX2dnME1z?oc=5,MassLive.com,neutral
Phillip Eng,Massachusetts Bay Transportation Authority,$530M from state millionaire tax will go to Boston-area transit agency - Smart Cities Dive,https://news.google.com/rss/articles/CBMijwFBVV95cUxPLVU5TmpsY0RxRTRSNXJkQjN3eU9BelRlVlVsdk56cjdVMFdkYjlGNy01MGdfUmcwd0NaQXZhNDRDaC11N2lWWFduWVJMVkpqcUpCTUloN1RFMGYxekpnbVFMVmVIQ3BCbzRHYzV6b2J5bVZHZGtrNlM5bnNaQkFWeUhkMkV4Qkp4Mm5RMXFYcw?oc=5,Smart Cities Dive,positive
Phillip Eng,Massachusetts Bay Transportation Authority,MBTA launches new Harbor Loop Ferry service - masstransitmag.com,https://news.google.com/rss/articles/CBMi_wFBVV95cUxOVjRTUmIwTFdaT1ZGQ05vc0lsOU9nZFM0RE9SMXduTEpHcE8wOEM5SVJfOXZ5dnk5eTBpVUVfbS16SHpOSGR2NFVSb0hqWGlpcThya0dXdjNjZmRrZ2dtSEhCeXN3SHFwYWFNWXNTLXBzM0Q4Vnk0TFlQV3dFNlZ2dlN3RS01RENpSWlSQmdic19tZEVVN3BhTGJwQjB6c2tBWWd3R2VPU1FEUmJXLUoxMTRIMWtSZ3ROV2ZValFpN0xzMjYzNHZYWFFIalVJV0tFZlZ5cUpsTlJHNlNicjR0MEYxekd5WHJrRklfc2ZkTm5NdVRiX0tEb2NkT2d0dzA?oc=5,masstransitmag.com,neutral
Phillip Eng,Massachusetts Bay Transportation Authority,"Phil Eng has two ‘24/7’ jobs right now, and not everyone thinks that’s a great idea - The Boston Globe",https://news.google.com/rss/articles/CBMihgFBVV95cUxOWU8ycTJEWXo3UVZuTXZucmxnd1pnSTREYUhHalU1ajdfalkxSGlaTFo4dUtmOFVfc3ByRG8wT2xqMTJXQkhyN2Q2ZzdCdE5PcWkwWGxqMzRuQzNKanpFcWhzOER2YmxqWlAzalRWUmV1ZnU2NkdXdHlEQURXSE9IUGxUNVpPdw?oc=5,The Boston Globe,positive
Phillip Eng,Massachusetts Bay Transportation Authority,MBTA General Manager Phil Eng says transit agency is ‘ready for the World Cup’ - WGBH,https://news.google.com/rss/articles/CBMiuwFBVV95cUxPZFBFQlB1X2JUNXhkclZmRzZ2QmtKMks3aVM0VklfSU91U2NxSi1ZSVM4UUhWV0xqNlhNNFBUdDYwUEtWRkZkWWtkekFXems4bkh1eWVESDFnUDE1alpndUVQa3JpU3VIS2pxaHlyV2JrYVRuU2N1MVlKOUV4d3pkTmZmT1J3SFR4XzhrcW9tQmt1YVlzUFU0cmJNZzd1ODFGQjNBY3ZsM3hhVjNldE9LZVVNSG9xd2txUzZj?oc=5,WGBH,neutral
Phillip Eng,Massachusetts Bay Transportation Authority,To a T: How Phillip Eng got Boston’s subway system back on track - The Christian Science Monitor,https://news.google.com/rss/articles/CBMid0FVX3lxTFBaNXlMeGtzMVlOUGlycUNGd1VRUC0wLU5pZXpUVjhQamJiUTJkYWNRLTJacmRLajdfUnY0U0dlRG5lR1UyNGhCVjNsX3V1ZVVNZmlkYllZczZxVHFCMGxObENXWkpTN0xYc2Q5cE5XeUt4M3ZGOHhB0gGQAUFVX3lxTE5WM2tSYm9wT1UzMTFDV3Y1RnlETUZSQ051Q01NYWRrQ2xaek9IQkRnT0tib1pPbmh4LTZUa1ZaSldYMmVMSFd0WUR1WkV5MXRzU3NSQ3Y4TE9OMjZUakxSQUVwMk45elJMbFRLUUZKMXRicXFES1RLMl9LNHZhMmF2Q0dRZzVqbWVnR3RBd0tscw?oc=5,The Christian Science Monitor,neutral
Phillip Eng,Massachusetts Bay Transportation Authority,MBTA Wraps Up 2025 with Strong Improvements Across the System - Metro Magazine,https://news.google.com/rss/articles/CBMingFBVV95cUxPNWM4Z282YzZSWFE4SzcyNUJFcDU2S0JPdVdkMm1CbWp4WGlRMlNkOFV5bjl2SU9tbDdMLXljR19nLUxZV1hlWUhJWE9GQ29QSlJoRndtYWZVWndKUXVvQzU5cWVqYlZrdGkzcHRacHdUTUtySHY4M3lQbXI2X3Q0QWUxVmJENEhIX21nMXpkNDRVaGplS0ZHT2plQzRKQQ?oc=5,Metro Magazine,positive
Phillip Eng,Massachusetts Bay Transportation Authority,MBTA threatens to use eminent domain to pedestrianize Boston streets during World Cup - Planetizen,https://news.google.com/rss/articles/CBMixAFBVV95cUxPRk1oWEQyWkgwOHJIVWc3YmxkbzN6bG4teEx2aHllQkNjbkQtRTA5LWphekRTRDlhUmtLS0Z1ZXI5dnJzejVCc3FUYTBLNTlfc1g1VFRXajZDODJmYnZSd281U0NkT1hJNERZcXYwMFVoYVZjN2Jhc1pCNnRVWkpfVmMzLVpXbU9VYzNMNnp6WHNQWjFFX0xaWUduQkJ4alRCelNBanFkTE5XX3Y0Vm9yRnhLTm9vV3ZXNVJFXzBxckV1TUFv?oc=5,Planetizen,negative
Phillip Eng,Massachusetts Bay Transportation Authority,"MBTA to receive $530M in Fair Share funding, including $450M to cover operating budget shortfalls - Transportation Today",https://news.google.com/rss/articles/CBMi2gFBVV95cUxQWWprV3lGU1VtV0NNdlg4bWI0bjA3UXVMWHhSNHZYcDN4ME54TVpwRWs3NzRsdjA2TzMxcG5OUTRkNERsdmRMZk5Eb0VTY09lZU9CNTg4Rjhoci0tb2IwT1d3YnpyWHptVS1GNWNibktjcHVJTy10ZDNhY2JRSWRpOWtqVVJuYjhCQ3ZwLWFxSTVmdkh2dGVxajBLR1Mta2FKdVlvTkRna1ZZS0NncXRVcnd0bTB6ZG9VcklYVkdwWERhckFpbDV3ME5YeXB3SzdWYmNPX19FZTlmZw?oc=5,Transportation Today,positive
Phillip Eng,Massachusetts Bay Transportation Authority,"With double duty at MassDOT and the T, Phil Eng is living out a leadership experiment - MassLive.com",https://news.google.com/rss/articles/CBMiywFBVV95cUxOeWpnWHhJNUh0WVBCUFJRM2N1ZjVLRTNBRUJiWW5LOEt6MEpueGhHLWliQ3M2cDhsTTF5bXo1a3V1M2JUemo4dzl2Y1pwb3ZCRmVTOHgwckZDM0JhdWRNeWNzRGpsUGtVb1JBRFliVmtRcVFTS2dYcW4wMFdvT2JYSDRxVWZHNnUyZG14UEVJMWxBZ0lxYjhWWVFQdmFjbkY4aXJDSGo3SXplNjZyeW4ySmJZWlBJbi1sTkFJbW1CTUd4RVY2U2pIMzE4QQ?oc=5,MassLive.com,neutral
Phillip Eng,Massachusetts Bay Transportation Authority,MBTA expands Transit Screens @ Libraries initiative - masstransitmag.com,https://news.google.com/rss/articles/CBMi6AFBVV95cUxNd2EwQ0R5MGpLNE1zRjROSm5PLUpoSEVVcUpZalVKbE54WnFhR05WbkNEQndTMFJWb2Zmbk5Db1VVQ3VPbHFfWkRUOUl1a1ZOUEU0b0cyaU9ZbWF1MGJBV3ZSc3VVZDFFT0xyRVYxRURWckhGLWlhWnppQzBXWHVTMUtYOEZDeksyUUtCaTBtSlFTVGE4aGZUMy1PZmxCTUVreVgtUWJReWJJZENrMjhibUVINFppMGFpQTFUM1lna0dlVEIwdVdXMDgtc19XX1NtdGtEUGZvbi04VzBRYlhWLUd5ajY3LXRP?oc=5,masstransitmag.com,neutral
Phillip Eng,Massachusetts Bay Transportation Authority,Healey announces new MBTA pilot programs to make transportation more affordable - NBC Boston,https://news.google.com/rss/articles/CBMioAFBVV95cUxPQUJOWm9PVFFHWllpNDVxMm91OUttM1hPak5NUXdjV0lSVlZMRVVsbm4teXQ3VEVZV2ZwX2diZHNwTlJJaUZTeUNPVjhEWG5pSC1iWlNRNEhuQ3dpekM4MXplMk9aQTlmdzc3RXhYUkszOUZ5ZEQyX255RlRNSnVwRHVCLWh6T3c5cE5LVHFISlNZZTl3cGpqV0JxRTMxMFJQ0gGoAUFVX3lxTE1hS2hOY0ZKR2llcmFrckw1R2tOdVgzX29fQ1N1SjhxdzJJS1RxSzZyTWJHY3FoY1NwbjBwa2FfRU5kZElfYnNCaEMzaFZ5WlVaVm1hcHRlc0xRVU1RVEJfNW9lZFhUWUF6SGhJUENyRmo0RGhvalloTGdQeUdmM29tMGd3REpHb0NlTTlub2N2MjFVU2hEbUJUWXNQZEpUR0xOMTlJU3pidQ?oc=5,NBC Boston,neutral
Phillip Eng,Massachusetts Bay Transportation Authority,MBTA to Launch Weekday Harbor Loop Ferry Service During Peak Commuting Hours - aptapassengertransport.com,https://news.google.com/rss/articles/CBMisgFBVV95cUxPcFhueDZ4RW4xeFY2dkxzM24tUUFnNlE5OVB6ajBNakdZLTdmX1lYcDVlOHIwaDI3a0lzUmlOQzhJMDFud2EtWGVOVUZjaXlkeXRpVkJfMGdacjVHVk5XY1B4OG5aYWN0dUNMVWs3cHJUNEtHc05YcWRHZEtDcnpZU1E4ZnAzdVB4Y0xBa25QaF8tUXhzYnJWR092S19XSkZySFJZNzVtNkdCTUViUWZabFpR?oc=5,aptapassengertransport.com,neutral
Phillip Eng,Massachusetts Bay Transportation Authority,Introducing MBTA’s New Rail Modernization Plan - aptapassengertransport.com,https://news.google.com/rss/articles/CBMickFVX3lxTFBGc2E1LVQ5ZTFYdkZtblRXeHlFbnRILUJsUXNkdmN3SkpqZlF1YUU4MXNCMzFzUEREN2d0d0dhNVRwaVRkYzB0aS1JMjFnNTNoTUlaeDY5NXEzajVocEs4TUlsZVdXc2NLWUd1RUhnVzl2UQ?oc=5,aptapassengertransport.com,neutral
Phillip Eng,Massachusetts Bay Transportation Authority,MBTA Welcomes World Cup with Commuter Rail Station Upgrades - aptapassengertransport.com,https://news.google.com/rss/articles/CBMirAFBVV95cUxQckJaV09PcF91RWh2UGh3QnRZZnlDYV84UFE3N0ppY1VnRVNKVkd6RnpYNTQ3ZVp5RElscDlUM2tmNW51dm04UlZtYmNmYzdKcXFGQ3RUVGpKbXdrVUVoWjJNSGVWazd2ejJ5Ni1QYWpEemp1VFNJNFpiNU1peF85Y2R2RnVoLXBpdXRBdXQ2dDZTZnRqQnhkdnRmQmF1eVdKVmdMUkVGaS1fSVBz?oc=5,aptapassengertransport.com,positive
Phillip Eng,Massachusetts Bay Transportation Authority,MBTA Resilience Roadmap to Improve Safety and Reliability - aptapassengertransport.com,https://news.google.com/rss/articles/CBMimAFBVV95cUxNRXRmUldkSDhLdjNLV3hHV1M3WjNuLUpLUWlRNVdiX1lsS2EtOTJNdzYwYUh5cnRhbHBfNHF2SFJ6Ymo0REdyRDZpZ21QRmFhV2htdEhtMlNITkxyTEs3VGpVdXpVN0stcUxGeWpDTURoTEN6UFRnSGdBdTRqeUNTTVlReHY0b0pOU0FIU3NVcWRNby1MU2NVTw?oc=5,aptapassengertransport.com,positive
Phillip Eng,Massachusetts Bay Transportation Authority,MBTA’s proposed FY 27-31 Capital Investment Plan to fund remaining cost for redesigned Arborway Bus Maintenance Facility - masstransitmag.com,https://news.google.com/rss/articles/CBMi1AJBVV95cUxQd2diQ2xjbS10NHQyTTF0d3RRS0dkaWNoYjlHR1ViWFg2dXhFaWxmRml2NzM4VktpYmFLQzhYR3UtdTdmUkxubGg3aGxqX0hDX3FFUHQ1QWFrLVJJTmVpUXlUTi01ZGRkc2ZOaDhXNGM0RG5wYjc2YnkwTTI2c05jMjZuX2JFOVd1NE5Bdk13aHZOUXF3X0M2aWNEb3U2Vzh0UTRtRkxOa2J2aXFQZnoybjBPOTFvWFRReWYwc0tuSTd2Q2J6ZVJhMlRFLWp3RXozQTZkdDRPTkxFS2dLUzdzN0tMcm02d0l4MHB4N3UyNkU2aVhzRlNkc3dUVUJORHhreTBsSnA0QXpzM0VBaVRYZy1aYXVFcG9GS2JIaERsTHJmdjVHb1RnZFpUQWFlemh5eW52YURKYlBmWEc2TW1ET29BTWJVMURZMkxVLTRjcmlmTERp?oc=5,masstransitmag.com,neutral
Phillip Eng,Massachusetts Bay Transportation Authority,"MBTA boss Phil Eng walks into a London tie shop, and a work of public transit art is born - MassLive.com",https://news.google.com/rss/articles/CBMizgFBVV95cUxOSjdyai1uelJVSVNodmlFc3VnZ2E2cDVBMl9aYlRTVmE5QWhMNlRaWUYwZi1OakdKZWJlT1daLWR3ZmxfdmRVUHhNbDdoNmtkSnFWZHF2SmEwV29Mc2lIbVVkTVFLcGRvQU9nQTB1ZDFtNUJSVzl5TlNzbk1tR0tPaWlRdDRyaUxmbThJdEFhTTVLUUpsakhPZlNvcDlyMVZBeXAtR2dLSUl3Mm5UbzBYNGpjbGljSUhURXlPbzI0MWhidGwwZ3lRbWVYR1lNQdIB4gFBVV95cUxNdTVrVHNMZ0FVMk81MmhjaE5MY3VaZzEzbVlvS0ZtOEotM3o3dl9fajhZd00yVmdtSTdIMm1nakFiNnZ4VjQwN1BJZTQxbzhibzdpY3JBSmUwWFNObmZEcmJqY21CNmY0TGF2aC1YYUJyYTl0bjFNMEdzTmRzOXBNTmJpNEI0b29nX1d3V2VjY3pHVE91d1pvMy1mSDdFMGt2UXF0dHR4VEFaOVVCNU5LbC1XeF9pWFMwdWFSWFk4MS1zd2FJQnFoMTllTTdVREFxX1JXS2lkLUtUME1ydmxzUmZR?oc=5,MassLive.com,neutral
Phillip Eng,Massachusetts Bay Transportation Authority,MBTA completes work on Green Line E branch - Transportation Today,https://news.google.com/rss/articles/CBMilAFBVV95cUxNLVdtdkxVc2QxbGZHT0xDZVhkOFI0cWU3eFJyQkVJZEYzU1pERy1FOXZkZ3Z2N1l4TWh0UE13T0xfdlVkTDVJcVIzNDRHc1NaOU5zT1VUN0RtZWJGVm95OFNOVDNHZjBqSTRxMGRVaWZsQ212TTVQWFBJZ3Zoa3VNdExjZm1iMUE2LWtaZlhBMjhLdVN2?oc=5,Transportation Today,neutral
Phillip Eng,Massachusetts Bay Transportation Authority,MBTA Board Approves $10.3 Billion Capital Plan Through 2031 - Metro Magazine,https://news.google.com/rss/articles/CBMimAFBVV95cUxQa3duWTMxN2NYOG5FRmxObDBxVTVoTjRIR2xVUFpzNDEzS0pEOHI1QWU2WGwtaTBwV2dHSVBTVEt6aHhxdThWVm83SnlQM2ppUG50dTZVYmg4WnpWWmtDT1MtX0hmVWFvQXNKY3ljUlRQVnhVLU5yZk82ZFJManZKTWVxdS04UHBUMkppODNuZ1NwNVpSR0xEYw?oc=5,Metro Magazine,positive
Phillip Eng,Massachusetts Bay Transportation Authority,"Transportation chief anticipates ramp-up of subway car production at CRRC, says workers at Springfield plant should be proud - MassLive.com",https://news.google.com/rss/articles/CBMi_wFBVV95cUxOWHBVRzhDVEFrNXE5eFJYbnRRdnZiSkJON1NIbjEzQkhkVkZ3NjJ4TlkyV3F5MFJNN2RBRl81MkZLZEs1RU5RNkN3UlBoRVhkM1RoYXVxeWY3NXlyeS1hSGIxc0ZXZmZfbW02MFVvam1PRzRxN2dYYTBrTGRQRHpORzFCQkJqZzRPaVpCbF9SWE16QjE1VnJ0U0NzZWw4dWRIa0tfeExZV09DZTd4V3lFV2x5ZUlYa1NoQ2NDRFg5dnJnSGNPeWVzcGFYMk52ZlRJQzVHU1JCRk90Y1RtUldoRzM3b3pTbkt2ZElHQTFULVlVbEFvaDcwNzNISE4wVG8?oc=5,MassLive.com,positive
Ryan Coholan,Massachusetts Bay Transportation Authority,Museum Is on the Right Side of the Tracks... - Franklin Observer,https://news.google.com/rss/articles/CBMikAFBVV95cUxQbmloWVZJeG1PZ253aEJMcHRfclhGdFN1cF8wN2p0TGFvMGdCWHlfRmtHT3puSVUxalNrS2dEV0FJTldvZWpjSlhJcmQ2MG5vaTkycFdBblRVa2t0ek9CdDdaYzZJR3BTdlFzbHNSTXBIbHlDYjJNUEU5b2ZfZDhpandJbWpRWHZGeXhQRENiUkk?oc=5,Franklin Observer,neutral
Ryan Coholan,Massachusetts Bay Transportation Authority,How Boston transit leaders fixed a failing transit system - Smart Cities Dive,https://news.google.com/rss/articles/CBMiigFBVV95cUxQWkNTNkd1NGE3NjZFOUE1MW12MzRXMnV5SUg1QWhjVUVLdk05amJuQjhSSTZXSER1T0szVEo1d2IyVFZSdGo3QWtnN09pQjdTdVlBUWo4VWxXb0NST29VN290dHp0TWF1S1NwNDI0VW4wQmNxcDdqLVhtcmRzYmFIY2VMdTZCM2k3c0E?oc=5,Smart Cities Dive,negative
Ryan Coholan,Massachusetts Bay Transportation Authority,"Local, State Officials Take A Ride On Potential MBTA Rail Service Line - CapeNews.net",https://news.google.com/rss/articles/CBMi7AFBVV95cUxNZklMOXQxWTIwUWdTR1pnWVl6eFA3R0ZCQXN0bjVMUTlBZXVkdFJ1NlNvWElHVjA3V00wOTJBN1dqT2Nydnd6aFJZRFFmWkRlaVRDRjl6Q3NTSzJBQ09qSkxlbjdneG5uUE1uQ2RPRUcxN1lXTW5veE5hWXZlMm5FMUc5dmh6QlhENnZqWGlhMy0xWGtvUmlTNDN2ZXJsNTA5dWNXM2c5MENsX1ozWkg1RjRFcUo3U0hEbDA0OHpSQzdBenpNMHRsMi04Wm9TbW5JYkZvWVZ4R0p0Z0hLdFZBTGFMOTFDeXRJdF8wSg?oc=5,CapeNews.net,neutral
Ryan Coholan,Massachusetts Bay Transportation Authority,MBTA begins using laser train to combat slippery rails south of Boston - WJAR,https://news.google.com/rss/articles/CBMixAFBVV95cUxNVDJNVWl2OGctb3VRMUlkNl9PWTdRVFBIT3JvdU9qeW9iXzZHUWtlNTRpMUx6ZmZpbUN0TGJDYi13emZ4ajBSVG5TZzRnTDM3N2pPVG1XRVZpYmZLV3BIcm4zOXhHUjF1c29TaUFxX2VSNno3NncwN21mMXpmV19VUkRmb1pZU1Rob1pURUZ3eUlPZmZIdmtaOWlhblEzcU5GTG1hZnVSc013X3k3TXVnZkZkU2lqc3l0UDR6eExZLTJ6dUl2?oc=5,WJAR,negative
Ryan Coholan,Massachusetts Bay Transportation Authority,MBTA approves $253 million program to overhaul 40 commuter diesels - trains.com,https://news.google.com/rss/articles/CBMirAFBVV95cUxQX05fVUVIdmxSMDNtOWU0R2RiQnBEdE01aUhRNTJyQm12MVNrYnlRcHpBLTR2dWF4Q1JIODhlOTEzbUtwVkJsNnUtNmNETWVPMW85alZNUzNvLUl1UU5ZZHdUOThHQ2R0WkxYd2JlVFZCVGNwTW9YeTJDeGN3OGUyeFUzVVNtN1MxWVhDUlcyQ1p3TGF3WThDSUFZazFhRWNjNGlnTzRZNnMxX1pt?oc=5,trains.com,positive
Ryan Coholan,Massachusetts Bay Transportation Authority,19th-century pieces of wood are forcing a ‘huge’ train shutdown in Boston. MBTA officials explain why - MassLive.com,https://news.google.com/rss/articles/CBMi2wFBVV95cUxOcDhJY3hkcGZqTUh2TkliQWZhUThCc2thNnRtYk5FWHE0RnZKSGFOTU4ydEtkTTdtMkEwWERKME9zeFlzRk1PaWM2YXdFLTI1dFZTUVBGaklxVjEwV19Nc1lxQ1lCN2RzWlRULUc3cHU4dENDbVpDNWJkZkN0NXNCcGQtYmlhYXJDSEY3X1puR3l2N042b0lKa25OaVJ4TWlrcHR4d0pUZHhRMDE2bTladXVsdW1jU1lqV2pEUDB4a2FZNDBHSURPWTlwdkxLOEJCcHpZaUdCVWdTMFXSAe8BQVVfeXFMT3JVR0ItZzVYQ002ZmVXc3RJQXZnZHJEQ3Z4LUhDcGt5Y2lmRUJkc1RRak1ub1pyTzFrNDl6aW5wS0tDS1JSQ2xWU2hBYVpkQWxEVVpQNTkxRTF3dVpXUG43TmFTOUoxNEJ4U1phTGJwWmxuVjlTWDloTFc4MHJkc0QwcEdKWFVkUWo4OWVmTUM3cE56VlNGWnlIdV91cXNTNnc5dnJXT1FLMzNoNUFDOFFZZGlXYThCTU9IMm0tY2VOVnM3ZnRvTXJlQmVDZUs4aHktdUExYUs2Tml3YnBUR2cwZ2pvbDdwakF1ZGdSNVk?oc=5,MassLive.com,neutral
Ryan Coholan,Massachusetts Bay Transportation Authority,MBTA withdraws latest iteration of controversial ‘turnback track’ plans | Reading - Homenewshere.com,https://news.google.com/rss/articles/CBMirgFBVV95cUxOcUtOcWxLdzl1NVNESDRyRE5ERUFSc1ZoLVZISy1RYTU3b19uR1NZUGxTcFpoT3ZoelZrVk53SW11TEJGalpWM3BsVmV2REc1NUY3b1JJNVcxSWhyTDFhYkNTLTVSSmV6NGdERnFNQWxrTjl4VGJqYkFYZFdiZXRFbmJORy1NU1c5dlpFUXhiZWgtcWN1cUtONUJybXVnSXRKRDFiR1pjWlVsWGRvc1E?oc=5,Homenewshere.com,negative
Ryan Coholan,Massachusetts Bay Transportation Authority,1 for the road: Subway eyes - Axios,https://news.google.com/rss/articles/CBMib0FVX3lxTE44NEpnTXZ0VjZSYjU2ZFloZEI1YlZKQ01hdXppNnBTamJxWGxITUQxNDRTQWQxcjdRZE96RDFPRG4ybEE4VDVQNkZqcUZ2TWY3NjYxaU9BaEhVQ2cyYVoxaDN6RmR3cWFfeS1OZmxGVQ?oc=5,Axios,neutral
Ryan Coholan,Massachusetts Bay Transportation Authority,Major shutdown of MBTA Green Line begins Monday: What riders need to know - MassLive.com,https://news.google.com/rss/articles/CBMiuAFBVV95cUxOT3M1NzhPZURDREtHbDFtMUtENjlONzRUTnhqUktxWlZVM1dsUnlicHFYOTdadzFIalczY3BfTks4ZzVpNXVJNzVrRWxXd19ubmthMmZyM3R5QW1wVXlCU2FmUjZGekJXSmFSaGlEbjV0QklWUm1NTnJjVnBzeUZsR0d3cWN6RmR3T2VZbTJMRm9GY2xCTkNBa2tyTDZBS2ZLaXd3R3FtNVlBckcybFlsNHltanFKeEU00gHMAUFVX3lxTFBXY1I2dEZmRlZHYk8wNGlLbTdVMU1QdDd0V1JmZFZwSTlNVHZrMFZfeUswb3EzYndKSDlWci02dG5rekdKVHF4RUcxenhSQ1VYa1d5THBHT2w3VjFlUklfRDJ3WUhXM2k3ZGVzZXVhcXp5TDVRaXQtS251VTh1eFF2ZWQ0WFl5QXIwUWdBX3AzTmFGRGN1UXFkTlprRjlpQU5vVTkxSExPZlozZEZtY3RmVlR6bjFGd01FdlpSdW9oVXhTUlNWTFRpTkxHNA?oc=5,MassLive.com,neutral
Ryan Coholan,Massachusetts Bay Transportation Authority,MBTA names David Perry director of commuter ferry services - Mass Transit,https://news.google.com/rss/articles/CBMigAJBVV95cUxQTFFTOTFBT3hyWWVyaWFfNEpzNXo3c2puRmlyTERsQmhPb200NnBTU2FPd2p4WUpQTGE1VDgyeFZVdnFJTzNIZUN2U0dWbVpmc2lsYjlwQk5sMGI1V3RhWnd0ZzJlMjZsRWZLUFBTV0lnSTVEUFE4UzY2ZHYtN3VUdURVUzc2bnVUTHhuUVdHam5NWDhNNUFmajZiTzdadGlyaFNfSjBjMVozOUhTczN5Z2NOU1ZuN2J6bWVSY0UxSWdpZXc0VzhpajZWVjMyVjBqX2J0SWdJVUlYMFo0cXJ2NnJRQ2RZLVJhU1lUQkZBa1h6SWYxNkw3VTdqMnYxdWRi?oc=5,Mass Transit,neutral
Ryan Coholan,Massachusetts Bay Transportation Authority,‘We are not the MBTA we were in 2015′: T says it was ready for big snowstorm that never came - The Boston Globe,https://news.google.com/rss/articles/CBMijwFBVV95cUxOZU9aVF9FQm1ZNENpbElna2FzVTM0MXZnOXc2N2swVmNaMUVveVRzWVRkYV82aGVSTEtwUExEVUNlY19NREtndVFGSGVPcWRwTnNnbmVFVV90MDJwMm00RWxjX1FYSUVLbUZaTUpfS0Z2WS1uVWhjdmp0NktUVHVKSVR6S0hGd2pweGJMc2lmQQ?oc=5,The Boston Globe,positive
Ryan Coholan,Massachusetts Bay Transportation Authority,"Several injured when passenger train derails in Cambridge, Massachusetts - cbsnews.com",https://news.google.com/rss/articles/CBMie0FVX3lxTFBJT0JrOFE5OGlTT0YxZDNUUnZUemg0elh1OEUyWkhZWFFZenE0TDBHbHRUV3VnNVZReThEN0VlZmF2THhQUUJVbF95NnE1X1NKci1CcXBKMkZsMVpVajFNRnZxWUVrZVk0YkV1MG95RS1fV0dSX3ZOcVYtTdIBgAFBVV95cUxONWctemM2QjNOTWF0OEdqU2RFcXAxc1Q2dWdmM1NPS3lvZFFucTMwUVJtbUFsYnk5ejl2TGU3dWdUSVlRcWJFbVF3N2R1T1EwY0FtSDY5LWF1U1k4bDllcUFXeC1pc1RFWlRmeEFoenY4d2l6NUlPb2JadUpjeTZHZw?oc=5,cbsnews.com,negative
Ryan Coholan,Massachusetts Bay Transportation Authority,MBTA boosts South Coast Rail's train schedule. Residents near tracks worry about noise. - Fall River Herald News,https://news.google.com/rss/articles/CBMivAFBVV95cUxOZE9lU0oyNlB1NEZ4cUZXcURpcWpFRW43UlA0OW8wR1pVMUUyMmhKaFVhQnl0QWkzUXJkWC1MbjdrWl9YclowZEU3Skw5WkY4eW00aEhKQ3NCdy11VWFUa19YUXBVbENXVnZzV2dqS2xtSU9FaXowN1BTMXYyd3JtSVduUUdjclFnbFFNMUlGZENYREo3S25kY3VqMUNGbkFqd283Q3ZSQ2R2WlpWa21LWUtwdUt3OG81a2pfOA?oc=5,Fall River Herald News,negative
Ryan Coholan,Massachusetts Bay Transportation Authority,News photos: MBTA introduces Boston & Maine heritage locomotive - trains.com,https://news.google.com/rss/articles/CBMisAFBVV95cUxNdTlldHQxV092Yk1TSUxqSWhEMzZhN1BoSUNTYTVEbFNNNjBQdGJxczJvcHNCVFRYbWlQeWEtNnRFZV9YRVRNYUw4T2dFNDYzbGg4M1ducnlZX3Ffc1RiZkRwR0pUMXBZcFkxT0gtelp5Rm9ac3ZSV2cta1EtT2FxSU9kWm5fa19vZHZMcjNHT0pSM1h0Z0JhQkNhYU5xTjFJVUVudUx4cGdoSUJ1RHpCMg?oc=5,trains.com,neutral
Ryan Coholan,Massachusetts Bay Transportation Authority,The future of regional transportation - telegram.com,https://news.google.com/rss/articles/CBMihgJBVV95cUxNdkVaT2tIRzFqcDFDWFY2LVI2X0JPakJDdTZPUnNKRTlKc1JvTUhsQnZ0YTRzR0FoODdkY1ZVVGQ5SFA5UG5HcUJ3V2FYWWVKbWRGQk1NT1VOSmNnQ0llbXE2dE4tTlY1S1RHZXVwam1DdjZ4NHNvMEx3elFQV1J3YWtPZHlQZXljQlUwbldYV19LbHNkRGxkemJzZE9CRWxtVjRkYXFfNFg4eDEzRE9RczhiREhxWk1KeU9BT2FxbXVxMDRnNERRbFNqZFJzdWlFSUJaN1RpY3VHZVF2SEtVUk45dkU5cGVaZmJQRVdaUVlvNTA0QS1wWXlyMktteGZESjRkOGxB?oc=5,telegram.com,neutral
Ryan Coholan,Massachusetts Bay Transportation Authority,The Future Of Work Now: Diesel Oil Analysis At The MBTA - forbes.com,https://news.google.com/rss/articles/CBMirAFBVV95cUxPT2lzdTNMSFBlYi15b2tsUjQ4OGctNzUxTkVLOVdxQ3laM09QM0VXRUJaYkJTNVgxbVozQ211aXFZLTJqVDVpc3hZekpHaGRZLVBqcTdJeVFuRDZjNk8zS21HY25MSEJaSG9pQWo1MkVqUkFHaU44aW5aaXhEN0IzVDByZGdXWEs5VlZsd05BRmE0NEo3SnJQWW1XOFAtRWxZQlJFRUN1OTI5UWFX?oc=5,forbes.com,neutral
Ryan Coholan,Massachusetts Bay Transportation Authority,Citizens hear about South Coast Rail from MBTA officials in Freetown - Fall River Herald News,https://news.google.com/rss/articles/CBMi1wFBVV95cUxQbDlJM2hSOUc3Qm1Ia2dfZGUwb2RDUmU5dEF3YldKYmo3LTViRzdYNmZpNktoOVdzS2pFWUthbEpsWkFaQ0ZIT25oSDlYMEhMY1pTaE0zSlZnRlBLeTBFNENqTmZ3MjZ5R3FOcUZhLU16OTNkMzh2c3NjeWFMbV9meXU0MFVCTEtDTGlwVFVicWNOd0RtSnZucnhBektqY2kwSWRNMWc3cEh1bUNsdm9SYk9WSVBiTWtwN0hUSXFqc19ORXdOYzdrVVBRNk55eklPR0RhZ3Rtcw?oc=5,Fall River Herald News,neutral
Monica Tibbits-Nutt,MBTA,Pols & Politics: Healey Tweaks Tibbits-Nutt - Boston Herald,https://news.google.com/rss/articles/CBMiiAFBVV95cUxNaGdPYXp3aU9ycFBEcjJXNkwwQ1NUSFJfX1BqaTNOTTAyTnhLbC1qRlRmai0td0x4UlRTNk53MUxGX2dLdWZPSk10Y2ItUUlmM3RhMTR5T1BHNDZmRDhfM2RoTVRVbXhpZGwxeWtRdHJIOGZtZnFlemNoWnVWN0dIc1FmQnM1SzVP?oc=5,Boston Herald,neutral
Monica Tibbits-Nutt,MBTA,"Tibbits-Nutt out, Eng elevated in abrupt shakeup at MassDOT - CommonWealth Beacon",https://news.google.com/rss/articles/CBMiqAFBVV95cUxONHN6Y3RBMG5rVXpNc0VWNk5QX2ZiWGNOcDBUQXlFaFJZMFczSjdkakxSRFJZZ3NFbFFoTFg3a0gxUUd4WE15WTlicHBEeF80eGc2OWpvTkw2a1dKVHJ1OG0wWncxeEhVNHBCaTJfUFM3TzlYOUpRQXNxVlFFUEo5QXV5a0ZISnBYMVQyWEV0YVVqUlhRWG8yVGE0bTJOWEZIY3VsZ0c3ZUM?oc=5,CommonWealth Beacon,negative
Monica Tibbits-Nutt,MBTA,MBTA GM named interim Mass. transportation secretary as Tibbits-Nutt steps down - NBC Boston,https://news.google.com/rss/articles/CBMiqgFBVV95cUxNdGRuYjQ5MTd2b2VKTmR5NFhUT3o1MnFwQV9oemtpSk5FaTFES09tMVQ1SjA5cmpLTDNaaEN6VDR3cnAwRHJHZnBXT19xcnh0cDdxbEVXQWdEM1JYbWRGZjBmcHozZVBQZ3RGR1dnOXJmZ1FiR1pzdVFyRkxVaVg4eDBEZ1FRNXQ3aHdndEE1MHB5SGVhYl9WbXBlNGJfdmltdUxpWEZ3cm4xZ9IBsgFBVV95cUxNbmlRRmZ5UlJYTWlwaktwYV80NkZDcEd4aG0wcGNGcHpPZU9zYWs3Q05qajVBc2habWF0UklBYTNoYjJmTTB4OGxYWlRnaFlRd0ZVY3hpMS1GT3FmaVIteXF6VHRneVNBWWRpZ2pVbE9JWXpHV2N3RVlWeUdDMUhTSGo0bnNpTUdnbGd5ckh3NVlpM0R0MjZiLTFuN1lFZjhaXzVYMEFrVUlvV0YzTFRZSU5B?oc=5,NBC Boston,neutral
Monica Tibbits-Nutt,MBTA,"MassDOT Secretary Tibbits-Nutt stepping down, MBTA GM Phillip Eng named interim replacement - Boston 25 News",https://news.google.com/rss/articles/CBMi7wFBVV95cUxOWE9taTRTSG53VFJXYS1DVHBmalV4RHRhcV90SEFIcVhBcUZEWVlMWnZpRTZOZHlPS3RVZTh6TmJGQnllVmxIS2FLa2NQanFaYV9rV0JCTG11djFPTDRleDBCVl9rYWhFaDBXc213WTJjdVRXRFRPSkppdWVwMkVhbHZsVnZCbmRGZWs1bzVBdHp4NXUzNGhXcFpNTkhod0hGeDdKSlZDQjNSa0dvWXl0dHFRYmtCREZRYzgwMEZhcTFncXhNbVlMcmJTNlk4NDUyUlZqQldMc084SlNoZENpMEZCeFhDVldFT2l6SWRmZ9IBgwJBVV95cUxPZlFrVnJXNENUZXlrRkVhc2praGdvQ1RWV2pmNXJlZHNqcUFLVGEyVG5oVmpoZWtnTjNTa25nMU5RZW56VmljcUJPaU9HWXhSbjVFVklnb0tLM3d2anZZMzFMTmpWREFxejU0THBQSFc5RGx3cWs0OXRmMVFKdVR6UHVFZWdCM3NNNk80V0tlZUJ0eVJSMWZzZDg4MjVDb1VEWUhsbGItUnVoaTZOUE5sLUFDOU1jTFJUeERTME5POUs4Y0M4M3d1dXZmWnVJRHZGb0oySVVRRVlLMkNNVUJHQ2NSNk9OZzRNc0NTWll4N0ppQnR0czdWMEJ6cnk5dkktdUlF?oc=5,Boston 25 News,neutral
Monica Tibbits-Nutt,MBTA,"MBTA GM Phil Eng takes over MassDOT, lays out vision for new shared role - Boston.com",https://news.google.com/rss/articles/CBMiyAFBVV95cUxNenJveHBRdzI1OVY2SGZDcnNzblpsa3MycHJiMkxhNElnWUVnUUN0VmlaX1dXWVZHOW5DR0Y2NG5Rbzh4Q3VWQm12dUUwaWtFVlc2bkNVdGFiYXNtUUQ5bVotdEs2akI3ZGFLYTdtS3R6OTlIZzdlbm0wa0dGSlpGU21Sb0RDMlMxTTlxc0d2dWh0d19NVWZXaXhrQVN2YjdJbG9nbTFOSjdMR3JOTHZtM3J6TVJrRTEwbldRb2p6OUZ0d3dKT29ZYQ?oc=5,Boston.com,positive
Monica Tibbits-Nutt,MBTA,Monica Tibbits-Nutt permanently appointed MassDOT secretary - WBUR,https://news.google.com/rss/articles/CBMiqAFBVV95cUxQTWNCUWoxYU0xang2cDdBaE9NRTU1NVRCZnJEdXRzdW8ta2J5X1kzeGpCeWtzNGIwRFRmRjRwNzF1YlBpSGIwUWZXVkhiVGRHVElna1lSM0FGcHB0Rm9VTzVvLWotbm1GMnRKMjZDY1lWblF3TmRxUHh6UEt0Z2pZY3MxQ0EtWHV2QlZuelc1Rk1aOWpUV3BPMFpYaFNUeDNjeEk3QU5KTlA?oc=5,WBUR,neutral
Monica Tibbits-Nutt,MBTA,Healey taps MBTA leader for dual role after her top transportation deputy resigns - The Boston Globe,https://news.google.com/rss/articles/CBMikAFBVV95cUxOYy1NSGtoRnV2SGhXNGRUckRlTlJGckJFWmhzUmU3ZkNLQ3hKOVBaeWVQZzIxYWJqVmdLbDh2cm53dUw3Sk5VZlllQ1dDSThTYm1YUGtuc1R5S3VXVm95TEpJaE9vc25GVDNyTTdncFZqUFVuOTkwa0d1NmZaYmJEUmNCTXFCTU5LM2RCRnVjd2Y?oc=5,The Boston Globe,negative
Monica Tibbits-Nutt,MBTA,Healey says outgoing transportation secretary was instrumental on projects including Cape Cod Canal bridges - CapeCod.com,https://news.google.com/rss/articles/CBMi2wFBVV95cUxPVUl5U1NtOUxHTW9nWTk2S2t3X0tkcFNYY2prMGpEWTh6MVN0ZWZ6MjByY1FjblR5NFU5UE1MR3FZeElEOC1OUW9yNEJmeWpGeHZ3enRaNHJrVExydEpFNHdaN1VZY0xvZndFclRUSFIwVWMzOWxTQl9iRjVFSm5NTy1FeXY0eUE5QTFsMVpQZ05PUnJvTHlsR2JESUd3aTZYVHpjMmlIZWVPWVlVQmh4ckhFRWJocEdfdHpaQU42MUpzWTBselhiZFUwbXdfMUxwb2pCTGYxR0YyTjA?oc=5,CapeCod.com,positive
Monica Tibbits-Nutt,MBTA,Mass. Gov. Healey taps MBTA boss Phil Eng as state’s interim transportation secretary - MassLive.com,https://news.google.com/rss/articles/CBMiyAFBVV95cUxQSE5OYkRWdkEzZTc2M2lFSzBqQ2pURmpfUHJQNDliZWZReU1IQks1YjJDNWdyQjdLbmRXZHF1UG8ybnYtaXJqdlk5aEVZdjBRMXpfblFJb3AwQTUyZTZ4eUhrZHVqdWNHaVh1ajFJTXIxUlozU05RamxZS2QwaUg1UmxQRkdxc3ZrTDQ5NnFIaFVVUXp6dFRKcUlPR1IyTW9ScC1qdXZ5VGtXQTQzWWVVTTRxamNsd1BNZE1FZmo5OEJuVS1ORlh5Yg?oc=5,MassLive.com,neutral
Monica Tibbits-Nutt,MBTA,Tibbits-Nutt seems more like her old self in Chamber talk - CommonWealth Beacon,https://news.google.com/rss/articles/CBMipwFBVV95cUxOYktMbGhZd3hUNWxmX0MtUEZWNi15SzZYOXZqT0RuamNDdDlTZ0YtVFBRM3RGR1JvODNoeVZzVHhDMTBRNkgtVjBPOHczTVZIbU1DUmluYkRhQXRoS0FVUU9uU2JYalJGZVRvMVlkMVlsekdPRVRCVkJiblp6UWNudXlHdnBDWEpUbVNiVGkzZUpldkhWR3kxNzh5R1pDaHJpWUpYckZSUQ?oc=5,CommonWealth Beacon,positive
Monica Tibbits-Nutt,MBTA,MBTA's GM to lead MassDOT as Sec. Tibbits-Nutt steps away - NBC Boston,https://news.google.com/rss/articles/CBMitAFBVV95cUxOVTZlQnlVaE9nc29wcXNObEpaenNqOS01Q3pfSzRsRzFSd05JVi0zYXpfcjhraEpEOTZMZkZBN1dYN0JRa21VcWxYbHRnNFc4QUVMR0IxYnFBc2ZsUXZlTFhkc29QNGNGZ2hfblEtUFJkNllnc19ick83YzdwaWFLQ2gwNDBKVUlOcFlSSXlDdTdIbnZzbkw4cjgzajI2aG8xejRpQm53dHJVcFdGb3l0OXN0YVHSAbwBQVVfeXFMTkRCa2dLbF9SbFo3eGdNOXpjejdoVUtvb3kzWWR4LVV5U0lLQzNKUjZ1MDRqUE1IYU0waDcxSm14NlY4RnROcWQyeDh4MXFVVlRham1ob3JERUdqS0c2aWlhaGdudHJ1RnRRWGJVYlAyb2plOWRVa0JwMUQ5VEN6a3lwbldlSHdTWkdXbXMxSDNUZ2RBOXY1WDVDeVJqVnBQOHpqVEVJeU9zTFBjejhLV1h0R1d6Y0FKOVFYcW4?oc=5,NBC Boston,neutral
Monica Tibbits-Nutt,MBTA,Some believe Monica Tibbits-Nutt has lost her voice as transportation secretary. Can she find it again? - The Boston Globe,https://news.google.com/rss/articles/CBMipwFBVV95cUxQald0T0MwVWZYZk01aU9UUlNMblZ4aUozWk42UGNZZHcxdVgtX3ZMLXNLRFRENDJXZjZCTG0xUE5ZR2c0cEdZQ3BZcXJBUWN1dmVWR054Z1R5WTBQUFRpdmJUQ09EOV9NejN1VTJOcHJ6UHppT3psRjhIQTk4N2xoemNTSnFBNXN5d3pIanAwVGRxcS0yWFBhcS1SUUdBdFZMazhBNEtmSQ?oc=5,The Boston Globe,negative
Monica Tibbits-Nutt,MBTA,Howie Carr: Monica Tibbits-Nutt didn’t leave much of a legacy for MassDOT - Boston Herald,https://news.google.com/rss/articles/CBMisgFBVV95cUxOY29IS3dNczRMT1NZMGdqQzlSeTV0YlE4djRUX3pOUGZHVVVnVlBCbFktZEJPY1RjX1dsT1ZaeHFXb0lEaUxCN2tMR0J0YUEtUl9mRHE4S2IyUDRnakt5Zk02amFaV1dzUEJiajBPd0VGVC1RM3FQOFlvaDY0MzRfdnRLNGJiLUlNRzFseUR1MGNaR0hoSFd1RHhid1ZuWndaeW9vdzg3cUl5SGRUeGpnUUtR?oc=5,Boston Herald,negative
Monica Tibbits-Nutt,MBTA,Acting director named Mass. transportation secretary - NBC Boston,https://news.google.com/rss/articles/CBMingFBVV95cUxONVIxaDFNT2VXTkZvYmRMWEF0LVhTLURveTlsa2VrdVJNZEJIcXQ2T2hIUW00SmQ1bDZxdExrUTBIZXpvZVVCS0xOb1ZFYVdDdURPVDRURkNxaEZUN0lXU1ZPcFJWbG5mVU1mbVZHUG0yVUNWN2xvMXRQQk1aOUt0ZGZZYV9QQmRZQlVDcTBxeVFqS0o5V3NId1ZER3Nsd9IBpgFBVV95cUxNN01PNHM3SmRncmswQTNIdzVGYVNHRlRmQmhvaU0wRFA0N2RxZzdfOU8wY19PemRiQ09nQzB0ZWZfNjh4eGlqY0loTWQ0czBDSk4xNS1MdVBTdkRGaW1MV1FkX0FqaXpCQkJnQThNcW1meWpReWNmVGJrQkhzSHpNM2xYRE9YbURPbzNyZWx6VjFHclRiem0wNHFGMFhEa3J2eWlHVVBn?oc=5,NBC Boston,neutral
Monica Tibbits-Nutt,MBTA,"If even the secretary of transportation won’t take the train, who will? - The Boston Globe",https://news.google.com/rss/articles/CBMiswFBVV95cUxQZzY4em9oSlFnOUZGRm1wLWttRHFlbjlhQlhjcHJOMzhpQzQ3Y1BWMFpjMElNUmpaUFo1d3NxdzJSbzNKdGJYSnN6Q0gxSFpJVjRXdHRVWGd4bFZQbm44UFh6Q2ZZT0xPakVMZENZMWo4bXYtalRMX3dMVC1iRm1teS1QWHh2ZFlmb090RXNMSWFhY2t5Z2NRWkozend1ZG5EdnRMYWpFY0s2UEN5YU9DX290dw?oc=5,The Boston Globe,neutral
Monica Tibbits-Nutt,MBTA,OTR: Mass. transportation secretary discusses current state of MBTA - WCVB,https://news.google.com/rss/articles/CBMijgFBVV95cUxNQmExZzF5TnVpSEdpX0lpc2Jtd2pfcmxRM3pUM0ZYeklJSHp3b1FOSXlUY0ppVDBqTEVuR3d6TGdNMjl0S3k3b3UybWcwcWlITm1Xek95Q0sxZzQ3WWJQUFFZQndEaFJPRzcwVHlGQTJQeW91LXI4WVBMYW9DMlhKZjBvWjZaNUVLUURCNFR3?oc=5,WCVB,neutral
Monica Tibbits-Nutt,MBTA,Healey rebukes transportation secretary after ‘unfiltered’ remarks - Boston.com,https://news.google.com/rss/articles/CBMitgFBVV95cUxQNHg5cjE1dVJXYWI0RllEZ1VIaVZWa3ZYR0hsYVpPSTE2Yy1WYXNFV01VLUlPSUFsaFlMTVBpUXByWU1LdDlkVnpTZGlab1kyZmJiWDFVSUNHc0Z0ZllsN1ZKaC1ncnZPMU43cDktLVJSU3lpc3V4SU9aQ2VVcGQyVEc4V2pqRWJSbXlDNEZ2WWlNT0dpS3VrSGQ2VnIxRVJfQ0R2b1FkUVVDclZmVXVJOV9xVE03Zw?oc=5,Boston.com,neutral
Phillip Eng,MBTA,"MBTA reaches $495,000 settlement with employee who says Eng pulled her hair - WCVB",https://news.google.com/rss/articles/CBMigwFBVV95cUxPN2VTNVdBR3NSZEJKZEEwNTZibzFUWkllUlRua2VxRDZGRFZxVjNsSU9yaVZlX0RjcXNWdmRHa0hBSjc1LS1nVUUtSXRHMFRCYVJPeUFSYWpJMDNTV2VuRVJlbWh3MTBqMEJfNnBFSGRnRWljbmhqODhGb0lFTTNKbUxzTQ?oc=5,WCVB,neutral
Phillip Eng,MBTA,MBTA pays $500K settlement to employee in Phil Eng hair-pulling incident - Boston.com,https://news.google.com/rss/articles/CBMivwFBVV95cUxOalFSeFdCSVZkT2M3RzhaLS1JbTl6cXlTYkRMTlRyRGhrVS1yOXhwYjZzVG9lMTRQZng2dndNMkZBZFJoNVl6bTlVX0tSQU5nWmJaWU5EQWxaOVR1YzVGeWhjQzg2LUIyaUF3ZzhyQV8tUldNSUlaZV9EVkdRTjJWZEYzU2ZlRGRyUHpiZXhMYXNnd1FzWGxManEtOVZRYkxXejRLVnAtZ2NpeW9LSjNEUmRSVlEzRUZlUGJ3dkZQOA?oc=5,Boston.com,neutral
Phillip Eng,MBTA,MBTA launches new programs to cut riders' costs - WGBH,https://news.google.com/rss/articles/CBMikwFBVV95cUxQaF9GTUdaNGQtY2Jxa2tINE1XXzY0UHkxV3Y3ZWMwdk9XSlBYYkduZkN4QThMcHowSnE2SE91b24waEFlWWlNOERWaEllY0szTVZpajJuTTJDLVJNcDMxX1pKYTI5SkNuTVAzUGY1WkFTWUsxbzhTbFJUWUhGR3Z4RUdNdV84ZVphRmJmZUEzQkV3cVE?oc=5,WGBH,negative
Phillip Eng,MBTA,"MBTA chief Phil Eng on his expanded role, World Cup plans - WBUR",https://news.google.com/rss/articles/CBMidEFVX3lxTE1NbEpiMmdtR0ZWajhMSGpidHV1Z0VYTlhSMEMwd292d3h5MGxGV1hsYVFIUzJRdEo5SVBYVFlzSmk2dEJGSlBXdERlczNZY3Ffb1E1SzdoWFpzQ3pPZkhJdlZkbWFyZEVfZGNjWnliaTYzaktH?oc=5,WBUR,neutral
Phillip Eng,MBTA,"Phil Eng earns rave reviews for simultaneous MBTA, transportation chief jobs - CommonWealth Beacon",https://news.google.com/rss/articles/CBMirgFBVV95cUxOOHR0TUNjdmNlbHBCemlCeXJnZGFyWkZheXk0ZWpLMFlKQUxTYW02MFBfb1pkVHByZ19udV9Sd09LendtTktIcEhVTENmYmNCS3dUSVp4N1FOaFF5ZkRJeDEwYXdXQkNjS0lMa051WlU0RXZLSU1QQk5Yb0dOckZ5RlZUN1dxMFo2WWhhQTRHNTNKWDNBOHNhTDhXZkFYbERMeU91bUMySTZFOVc4RlE?oc=5,CommonWealth Beacon,neutral
Phillip Eng,MBTA,MBTA chief Phillip Eng touts World Cup transit successes - UnionLeader.com,https://news.google.com/rss/articles/CBMi6gFBVV95cUxORE9BVXpmeWZxRmp4UlpBSTZjV3FDWi1EQjEwVy1kU2ExQlhNWExlUHg0NktIeElDZlU5ZGl1UFlLNXZ4M2xaTWZJT1J3T1A4c1hRMzR4MHh2QVpwVnh5YUdYN2o0OEpXakdnVGxsVm1xZ1JqZXo1NnF3RVRqbmIzOXJzSXFwRE1jek9KdUdRUTFtNE4wMkVNblBKbWhoVmFKZm9iclpiS056Z2Z6ckNJTHlPcnk4QTZ1a1Y1aDFaRFYyc25RZ21LdFdPVjBPSG5xVHFDMUV1YnFEQnNUSVFhUzYwalJ2al92dmc?oc=5,UnionLeader.com,positive
Phillip Eng,MBTA,Phillip Eng at-a-glance - Boston Herald,https://news.google.com/rss/articles/CBMickFVX3lxTE5FYkw1eDNxdGlmam1PNEwxMU91dmlZc0FlWHdtUkNEWDVwMDNjNWp6dUswUmVxYzRrQnowVjRHWUNRNWlrOG11eHJRVjdZQXVwRVFxTkN2dUJsRGcwUDV6YUp5QWF2SzBkYUdsVUFyQlI0UQ?oc=5,Boston Herald,neutral
Phillip Eng,MBTA,Healey says she ‘absolutely’ has confidence in Phil Eng’s leadership - The Boston Globe,https://news.google.com/rss/articles/CBMikwFBVV95cUxOd1VreXpKYkNSbjFNQk5RbUFWaWRZM0plSXN1ODNVb0lTNko0Zm10ZEtQclBPQy1xOEhETEFZUmMyS0dYUU5jU0FWT011dFZiazNXVFI0c2pXZmNPUEwzOEJRVFM5dTFJNFVnQWNKYXRVcFB4Q3UtNmE2cVlZbVZRZXE3cjJWaHFuaEliSUVEbW1zaWc?oc=5,The Boston Globe,positive
Phillip Eng,MBTA,MBTA General Manager apologizes for hair-pulling incident during team dinner - Boston 25 News,https://news.google.com/rss/articles/CBMi1wFBVV95cUxOcVZabmpFX09sQ09MOE1veC1xU0h1bmZxTlZGT0ZNRFpoS1kwbDBqM0tUeG9hZmlmMUhRLXNIa1N4WEpfbWFEYkZUaEQ2MVdfdVdrQjRlYi16UE4zeTFFUEE2ZV9PV0hyVUtyY0I0bjl0bVJvZW9scHBWYkV1M0lrRW5ic2xyYjJpcnczcWp5WHpWWk1wV2tDS1hYNDM3TWNrZzlod202UG0zRUdmdHFteVM4NWcyOVFGRzJHSEl6dXlJa2w0eHNhRkJjNEdhOUU4MHZ1N1RPd9IB6wFBVV95cUxPUFV2c2NOc2M0aFB5cDA5dlRuNm0tZ0ZPN1k4YzkwWGNwdk5QQmZwRGxYa0hSN0RJVDl2TU4yaF9NRHJxV1JYVEttQU1nV05wM0dZUExDZ0JWVV9BRnEzRXdxQzBfZk5OVUNPb1NpYzRySjVvRjdSdnVPZm9xZkJuNm16WEdnS2s5V3FmSUt5YmozYjhMd3FxcW1pOE5OcWdqc0RDRk40bmFVVDlTVlU0LVZ6TkdOc2xILVF4YXJmX2NuUU5kRGQ2S2hLSWE1NXRxUTlFU1J6akEzbHd1ZUU3WlktMUdaVTN1TTdz?oc=5,Boston 25 News,positive
Phillip Eng,MBTA,MBTA boss Phillip Eng accused of pulling employee's hair - WCVB,https://news.google.com/rss/articles/CBMimAFBVV95cUxQbFRydFFDVjg1M2FWdGgzb0dnNjBnalNHc2pER3hUUENGMjlpMHJhRU53VmZpSmpVWHNLem5MUnhyWTZwVmxURGVVUUl6c3lzVUFIYTFZTlQ3STY3RmQ5WXpVVnlmVFd6V3VnRUtqOHFZajZiM3dMc21mdE85VE5IWDJOTDUwM0lOc3pFWXV6cF9za2E4SE5PZg?oc=5,WCVB,negative
Phillip Eng,MBTA,Healey ‘absolutely’ confident in Eng as MBTA chief says he learned from hair-pulling incident - Boston.com,https://news.google.com/rss/articles/CBMipwFBVV95cUxNMS1oR0d0ampiVlJjN2MyUjM2bzNrLTJjTGJsWlBsd0w4bXNCM1VKTDg5SlBLeWhyMjVoTlZ6UXFlRlFKSUpTbjBRWjNiWjJFUl9HeEE4Tlo2NHMzYjJjM21rWDNUYjBtT1BDYUpfNkNKdXRoNTVVWXBuMlFEUWdLRW56VVVNTkU3cVMxMjJtOHJtRk04RGo4MWNpMm5HaEJGYV9FLUZDWQ?oc=5,Boston.com,positive
Phillip Eng,MBTA,"One-on-one with MBTA GM Phillip Eng: Aging infrastructure, planned upgrades & more - NBC Boston",https://news.google.com/rss/articles/CBMiigFBVV95cUxPSWt5Zm1hN2Mxb3A1dDZJdHIzMUZ6SldKOVdPcUNKNUFpVW9NbUpQWGg4clhLMzJGSXBiQjc1QzgyUTljSm1jZy1wdzk0aFlGMkMzYXI4OHl2ZGNUZTFOTUhlU3hXUjZ6bllBc2dacGpOa1MzRndwdjBicFZMSkJ3UUQyVUVzSzcyZXfSAZIBQVVfeXFMTXNHYnVLUW9mRHNhd28xVDFfTVlFSWNEY2tOaWR6OG5GOFNHbGR2Q1gyMW1RcHNtMi1wZmp5ZUxLb0RBVXFWYVNDX1RyUXFmSjVMalpHNXo1ZlVkSTNRUXhMTmFpQU5hVXhfX0RxM0R6b1BpSlBVMFJXcGZFQ0pESFJNSDhzYkVvcFVVMFFJc1dqRXc?oc=5,NBC Boston,neutral
Phillip Eng,MBTA,MBTA’s Phillip Eng apologizes after accusation he pulled employee’s hair in 2024 - MassLive.com,https://news.google.com/rss/articles/CBMiwAFBVV95cUxOVmROUDUtZXFDdEJQSXJqaUsxckFzbkwtenBxR0cwQ0RSZXBJU2paRGh2QzhNRHdVWEExZmVGemRPUkgtcWhTZUF4MWxjWlBkQkhhU2swcDlqSU9SYXJkLWlmbEduTkZBV0EzdGRwWVRoWnJ2MzdFVUFldjlyWFk3YmtZSzJuMHczUmdUdzFYTnR0Znk4UzZhQUJhQmVzQklmWVBmVmJRYWhLUWwzamRFeVB4VjBzVkJIVGp2b2h4dk7SAdQBQVVfeXFMUGYxODNIUXRXU3NFdVBTZmlFd3hoRm55MXBEUHBHMkxsQUhvbUt3N2owVDNaUFJzZHVUcG5LWXBUZjdpcDRDaVRSSTM2czB4aHRHSXJjMFMtWjF4Q1MybkFRN3JQYzhMRlVnZEZCSDRRaWdiWEUwaTAtVDFzVXNyLTJFRE1uSkZpZ19abkJJN0xMYkk2ZDA4cVFxSVR3MUFWUlNwMi1KNnlCVFNpOXdDMU5BRHZTTjZwNHhmUFgwTVhfNVF0MUJDQjE5bUxMMm1CLTNaYWw?oc=5,MassLive.com,neutral
Phillip Eng,MBTA,MBTA’s Phillip Eng Says T Will Exceed Pre-Pandemic Levels of Bus Service This Spring - Streetsblog Massachusetts,https://news.google.com/rss/articles/CBMiwAFBVV95cUxOVnYwTWdSR0Z6Z0M5Zmd0MkVLSXdFUEFFckFUa0hWYWZrWVNsNFNjZU53TXJ3QVhwaDAydkdmN3o3bzRRWW91NGxHX1VodGg1ak52cHNrNm9jMTBneVlZWGJxT1BmR20xb2VJZ2RvSkt4U2d5YWZYV293Y0dYSzFMQjMxRktta1RUcnNocDdOcDUwUlh6ZXotc3A2MXVoVGpfRkwwWXJETkdBZTlNWWwzaS1kWTRraVFFSzR1LVBiM1g?oc=5,Streetsblog Massachusetts,neutral
Phillip Eng,MBTA,"MBTA boss Philip Eng, accused of pulling employee’s hair in 2024, says it was ‘insensitive interaction’ - The Boston Globe",https://news.google.com/rss/articles/CBMinwFBVV95cUxOQzZTQ1JRYlRocXF1SmdqNjNEZEk5ZGU3WDFGZXNCcF8xc05xOFlMRjM2aWFQUXBoM2pNaDdyVHdnQWhfcE50bHhadW5fV1VZbHd5MENJdUhwc29GLVUwWHJjVTJTVVFaOFUxWmg2bHVfX1pNTm45amZyZU1odmZ1UUV4Z1NBbWNJc21ZWnBKM01BQ3BjM1hnczlyY295OWc?oc=5,The Boston Globe,negative
Phillip Eng,MBTA,MBTA GM Phil Eng accused of pulling employee’s hair - Boston.com,https://news.google.com/rss/articles/CBMiowFBVV95cUxQcFQ4WmdDalJacGo0a3prcEI1Sk5fZndnaERUbDFYUFRxVmFtc1VoUTk5aDNaTWw2QnlvbjlpTEtuRWxNeEUyM1JPelJJLUFhR2gybGFIamQtLU04dmE0YWxyZHpjNnhGMUVWWHcyVlRvcXN0NFM0b2p1S08yYjJ1ZzZmZ0Nha3hvV0luVGhfTFIxXzEyV2tZZ3hJcUctWHppYUNr?oc=5,Boston.com,negative
Phillip Eng,MBTA,State offers no evidence of hunt for new transportation secretary - CommonWealth Beacon,https://news.google.com/rss/articles/CBMisgFBVV95cUxOWERhQ3FIUThELVFDZEF5WXhmMk9uR3p1eFdiNGJoelJlU205WXBnTXRVZWlfTEo0Yl9NODBsckNWR2x5YkdvUDlfdk1zZWxUNW1fQlIyNTBDYzNETktqMkVCQWhVQUZ2S3ZlZlZfa25yamhrMmt3aFJ1UTBKaVNDV1l2NTVLVkFZQlVTeTJVLVVRblpTeEJVMGJkNkNZQndZd0NZNXNsU0xwQzFtSzNwckNn?oc=5,CommonWealth Beacon,negative
Phillip Eng,MBTA,"Where should the MBTA look for ideas? For Phil Eng, it’s Tokyo, Seoul, and Singapore. - The Boston Globe",https://news.google.com/rss/articles/CBMikAFBVV95cUxOa1hhNUZhR1gwRmxLenBRTDlFMzd0bnZfa3pVa2dmS1JqUVhlT3NVb2ZKU21VZzdocVhpc0ctZHpTUzVvcjdocmsxX19RLVlkTGFreDh0RmJDNmdha0lRWUhSQ1ZwZlFnTmJPTnlyLVhRQ0ozVEg3c2xESC1uWGprdm42RWw4NjZaSzlvYWxPWjc?oc=5,The Boston Globe,neutral
Phillip Eng,MBTA,Event Recap: How Transit Enriches a City with Phil Eng - Boston University,https://news.google.com/rss/articles/CBMikgFBVV95cUxQZlNRRkdiOHBTdEYzbU1aZnA1clR6Ulg5M21yN2FPQlUyTkxVS2I0NzFDTGg2aUI0bzBtS0xMelpRR1E4YTVpNDBRenlnaEtMY1VINzlsSDdEWkoteFVZR1liRzc2S0lQZkhUc2RBYUZLbUhRTHRtU0hKZ1lmXzUzazdrTTdpZ092TnZzRHNLZWpsQQ?oc=5,Boston University,neutral
Phillip Eng,MBTA,Healey stands by MBTA chief Phil Eng after hair-pulling allegation - WCVB,https://news.google.com/rss/articles/CBMipgFBVV95cUxNc19zU0FvcV94aGF4MmhoUXlXeVByWTE3bjFWTDJEVUJhRmlOUFlfdVpNcmptUVRvRDRubDJXNi00c3FrRENmQ3BSTGhJUGNzVUxTd3VuTTgxcnJiWEtfVUNXLUNZcTJjVFdvUHFnWXg4eGhDMGJhY1ZOS3oweTdkeUZCd3FxQUZPcTJRN196N0p4OFUxWDJmcnBLWkRNcXhrT2xMbFNR?oc=5,WCVB,neutral
Ryan Coholan,MBTA,MBTA COO drives commuter rail train from Boston to Fall River - Fall River Herald News,https://news.google.com/rss/articles/CBMi2gFBVV95cUxPVks3dDlqbjg2TGpmc0hyamtSbkZud09DUkktYjlLb2tFOEtDQXhwVlZJY1dBb09vQ3FOaHgySHNkdnoyWlpnZV82UlE0dzRrU0cxRDVvcGxsZVV4dUdMZF9FZGRkZkhyQ2pWOWN5Wlp2UEFBamNaMWx2MzZqZmY2WVpTNXpBelpKcjVMQ21jSjkzTXVneWJLV3hIaUJfMGxBSFpmVE5KOWJfazdvSllzeHd2bGtmd1dvLTAzV19kM2FSbVRvY1IxbnRrOThGbnc0YXJLN0szbzVHQQ?oc=5,Fall River Herald News,neutral
Ryan Coholan,MBTA,South Coast Rail turns 1 year old. MBTA sees growth coming to region - Fall River Herald News,https://news.google.com/rss/articles/CBMi1AFBVV95cUxQajRLVjI4QUlFVUo2VmpmaWppUjV1QnA0cDFhb0UxbzY4UFpPdnMyN1JSMVNKS1NvaWpUWWtGZ0ZPdVpCYm5rMHpwMWNLV09ka1EzRnMwZkxHaVp2ZlNLek5UejViV0NWOHU5NVoxNms4SEdZbmpZbHk3UGl0OGJqaFluNlVrQXl1am9NaTFkZTA2VFZ5Y1lWbUk3MUx1T0t5b01Kbjc0NFhCRHIxVHZlTEJxV1kyYzhkTlkxVnFxN21rUURRd0hZN1h3VEh0eXIwOFUtTw?oc=5,Fall River Herald News,positive
Ryan Coholan,MBTA,South Coast Rail marks 1 year of service to Boston - WJAR,https://news.google.com/rss/articles/CBMisAFBVV95cUxNbDRXb04xS25TOTlwdDZNWVVERTdRdGhlck11RXVCMWpZVHVQbVVMdjVQZ0dSUnh3Vk1sQTloZm8tSGRfVXNsZWxad2x0WXd1ZVYtR2tOVUc2V0MxbGRWZ0QtdmFyUl9Ccy1QZWFxa1RHR3hYRUl6eEQwTVp2N3ozT0N1VXc5bFZZSHhGeHJGUzBDNk5QZFBVcWpKOC1RVF9vTmZTM2t2aEZYODQtY0ZFTg?oc=5,WJAR,neutral
Ryan Coholan,MBTA,Leaves cause major rail problems - how the MBTA is using a new laser to fix this - Boston 25 News,https://news.google.com/rss/articles/CBMi0wFBVV95cUxPWEg1YlFvemFoOGlEeko3dHNBNVhZYVdBYW92Tjk3TWxNN3U2Nk9JZVpaNkxOYUZFazgzVnZwRGUtVi1neklEMHM4OHZNaVlOVU84U2c5dkFqNURLQ3gwZmh6bDhSOEtoTnNncjYwSkhTMlhxUWJ1dzlSRTc4WXk4SXh0Z2htUjdoZkxhekZJelNaUnY0YTVSbVh5TTlSMjVFa2dLMEotUjVQUWZVZi1XV1g1WEZXM0R6ZjlmalNiUGE2TWJKeHNYalVwSmdtT2ZyTW1Z0gHnAUFVX3lxTE5OWV9sZHBXTkFXcGpBSDNLT09rTmpsdUNxSjZPbHVONldMMk1jV0VFSzF5QWlhaWFXaVRQZjdxcTBqSmtnQzNlM1hzUFFDbW1LOE5ZbXFpWWVOVUJrZ3R5THd5cXhsZ0pWblVsUUNnYnJna3FYWkJRc2VDeGtEOFdmZEtLRDRHaU80VjV3Q19GUkF3SmVLM2N0UGREX1RQdUthOW1LYnFncG1heno2STluM21WeTVjUkhEX1JaX0Y1Ty1xeDdoZm9RTGx0WGV1bjRVZ1ppMGhxdWV0RTlYZkJrdmhqVzJXZw?oc=5,Boston 25 News,negative
Ryan Coholan,MBTA,MBTA shows love to drivers on ‘Driver Appreciation Day’ - WHDH,https://news.google.com/rss/articles/CBMiggFBVV95cUxOUDFkQ0VzSHR4bmNmaEU0OVk5Zk5NTGlVZDRFUEt1bzdjYTRTQi1SM25RcE96U2pkMG9KUndhdFREMkNPT1lXUnFRNmlBWU1ZZDJXTzZKdjNPUDZwVW1rbjFvM1pYWTVhWG1zSTMxSURha2x6QndVd1BOUENpVndfSFJ3?oc=5,WHDH,positive
Ryan Coholan,MBTA,"MBTA service expanded, parking limited for World Cup at Gillette Stadium - NBC Boston",https://news.google.com/rss/articles/CBMiuAFBVV95cUxOcmNqZ1hxYnY3YlZmOTNCNGtiNTdPejVJQ29ZVTRNYVlBWl9YVkFVRXR6ZmlkaUhaaHQzQ01SWnNtX1d1NmVUV2tNZktHMmhmSFNLSzVCU2o5OGZoblB5M1RSZ1F5S3Q5RjhYaHJRbUc0SEh0VjdkZ0JqMnZtU0h3TzFCQl9VQm5tM0xvQmdLeHhQT1djM05ROGZBUkJQM1V0VVIzZFhCNEhBb0Z5bElXN2tiMVhfSUpP0gHAAUFVX3lxTE5uWkdFLWd2OEg2MTZrWlBLcTlpbXdid1dtOWVjNjZoU1g1cVNTS3FBaHE5Q1ZwMDVZTnRrZzNTdkdveXJDYWZxUGV3UW9Gclo1cnhLSXlsYWk0c2YwcnExYlo3b05HblBMdmYtdnJVUExfb3JVbXF3UUM0TWJzMzBlLW1tR0NiZ3BweVZfdU53NmlQYUNvU0c5VFA0SWJ5djIzMlgwdjdmYXBlUUhmZXVQd2tTYmItZGNyUm9DcHRIeA?oc=5,NBC Boston,negative
Ryan Coholan,MBTA,Why MA transit officials say system is having 'monumental comeback' - MetroWest Daily News,https://news.google.com/rss/articles/CBMi-AFBVV95cUxOa2s4bl9ZdUQ4WXduQUM2NEFTNF83ZmZ6cXRSaDBwWlRUV1RZRE84clJKcTgyLW9WUmd1RTVORDBjSXAxWVRLRmZ5Q0NvbGZlUk4wdVlhd3M2T0Q0NVVTOTdFVlY2V3ZrbHJUeXVRcFlwVTFQeERQblVpWUhUYXJDRWJmOUlsVkZrT3V0NnNEUTlSSXNmX0tUSFM5ZFdkMkNKczVPemlwMExyZTNOOGx0Y3U3aTNvczFZTjBPNVl0cTlsZ0k5UE9XLUZ5S1RKeDI1RUY4RmlFODEwLXF5VlVPRGxXVUNhVzNNcnRHQmE1ZURRajRNU1RpWA?oc=5,MetroWest Daily News,neutral
Ryan Coholan,MBTA,MBTA votes to spend $253 million to repair commuter rail locomotives - The Boston Globe,https://news.google.com/rss/articles/CBMijgFBVV95cUxNX2dkbWUwZ0ZOWDI0SUVXc0ZadnUxa2ItQVo3RDRWajdnNGsyOEEtWFU5enNka1R1WDJ1Vm9UWTd0dWlsYnBNWGZmcWFDbkFla1ZEM05UVlVBWEQzQVZyQW1EZE5qVlBuckNQWmpEMzVjMnhZektJX3VCZTRIMXd0aDFzd0Q3VWNBYzU3S1Bn?oc=5,The Boston Globe,neutral
Ryan Coholan,MBTA,Tell us: Have you seen the MBTA’s holiday trains? - Boston.com,https://news.google.com/rss/articles/CBMijwFBVV95cUxOVmNqaDdJMUtQcERzeW9aeVJaSDhiTWtwSnJFS2g4U3IzTE9ZN1dqcjE2d1JMeVpwMjd6b0xxb0dyQWtsYWpaUDl5OEdMVjl6eWMxTFdEQUFFa1FnRVpmT0FiSFVUSmRNNENKUU1yeU5RelFRWlIyMi1QbXk4LVNDT3pnLWNOUzNtUVduXzJOYw?oc=5,Boston.com,positive
Ryan Coholan,MBTA,MBTA employee involved in Green Line derailment says agency threw her ‘under the bus’ - Boston Herald,https://news.google.com/rss/articles/CBMiwgFBVV95cUxNT1MxZXZvdnQyOWhuS2xNb19PNHNGQUM4Vlh5ek9CTUJ3ZC1icW90NzNxdVpYQmNBSFdmcmlicGxPUkdiZzV4WUkwUC1id2RxNjBrTXgxejJJeDR0YV85eTBSUUlxMzZpZWxEVjhpdmowX3hUUUo5d3oyZTlTcVJ2NWpzWGwxWDZvMHFuUXktd2FZS3dLOG92bEpha2VRbW92WEF4Y3BTUmJkVXV3MTgyMHV1WnBpYkRUYlJKREdxcWdGQQ?oc=5,Boston Herald,neutral
Ryan Coholan,MBTA,MBTA is testing safety of South Coast Rail — here’s why it takes so long - The New Bedford Light,https://news.google.com/rss/articles/CBMinwFBVV95cUxQbWxJMU5zSWZiVXFDVXd1NGZxS2VITHZZei13Zm1nTHl5Uk41dlBYZG11X3c1Tjhoak8zdjVsRXl2YlVwaW4yaXJFY1gyTXlHdWlnS184YWc1aVo2ZUNZRDljbFVNZGVjSGR1TWdxZmZ5UERCWG95TVRRcVo5MmxwSnk1REFsQnpvSHloYnFmaWtyaG9TUmc5VndDSXh0Mnc?oc=5,The New Bedford Light,positive
Ryan Coholan,MBTA,MBTA responds to Trump administration's safety questions - NBC Boston,https://news.google.com/rss/articles/CBMiowFBVV95cUxPb2xRU0hQYWpHbEFGd3hVTWQtS0dlRlVNc1F3RjFhU3lEZ0dZQS1Nb0hTTFV2NWZPaTFtUlRsOThOdl9vZjhMWmJjMy0xZ2JCanR0dlZ2VTdzclFIVEcwTURPdkZ0RDVtT3hBRnZqQzd0TmdfYjNXT0Qzb0x3TVNzQ0ZSTDI2NlFyRG4xcEhtdHd6U0NXb2EyMFF4dmZzTWE2WTNj0gGrAUFVX3lxTE16dHdtWkZNcjNDZ1V3U0h3VTU2cGI1ZElxbU1LYU05Rk5JOVhOYW5Wd1hINmVzeGJYNUN1S3RoMFZlZFY5allkdnRNSk9ETmozNDB1ejJPbGlZQlNORU5KZ3E4VV9LWFpwaG9CaFl5TS1FaUhYTW5ueUpZd3BjSXVUejJ6ZEI5NWR5RnpzR2N1aHZoeXRhSGpQbjdOM0trajVPUXA5bjdjVlViQQ?oc=5,NBC Boston,positive
Ryan Coholan,MBTA,The Red Line is so bad right now it might actually be easier to just drive - The Boston Globe,https://news.google.com/rss/articles/CBMiekFVX3lxTE9ma1pkNkpmLXl2Y0FqekRPZEI2WC1YMDJUaGFGX09WV2JBTWQ4RDVRSFBxb2Y1TmVJQ3drNW5nem5xQXIwcDBhbEQtZk5lYlZ4bW5iNFFsZE1Bcl9qdUZuRDFhVUpQRG9zejEyWjg2dFNobmRWTFFQZElR?oc=5,The Boston Globe,negative
Ryan Coholan,MBTA,Are MBTA trains tooting 'Jingle Bells'? Residents fed up with noise - Fall River Herald News,https://news.google.com/rss/articles/CBMiwgFBVV95cUxNcV9YMnVDbEhZb3pxMk03OUE1WEUxdHhwRWNITDBDQ1BIUW5BbmE3SFg1Q3ZGRWotbUMybkNnSllsNE5xTVhyYjVhLWlJTHNXbU53dXJJYnhqcEJLUWRNXzZ2eE1naUtGc04ya1ZBdUtDby1pLXJvY1NNV3ZyWkk5WXBna2N0Zm5FTTlFa1FnX3NNcGhuX0tkeDl2Zmt5dFB1Qk81U3dncFMtdDVSMnhBQWVZaGRrSkM2UGJKT05EaUhXdw?oc=5,Fall River Herald News,neutral
Ryan Coholan,MBTA,How many people ride South Coast Rail? MBTA 'super happy' with service - Fall River Herald News,https://news.google.com/rss/articles/CBMi2wFBVV95cUxObWljRGo1ZGpCb2RSSEgyT3lua1FralhBaF9JWnFvdHpFYVM4RlM4TE9OcUw1cUg2ZXlUb1htckVndmQ4VXZPd0hhOGpxbFN2ZXZhUkdQeEx3Tl9KSlVWSFE2MjJOME5QalNORldUTVZZVklSMlVjeWV6VDBFaE9HaUd5aVZrR0RaVDRWQUx1X0lXT2VqTnNuUU1ER2haYXlETE9yRjJNdW5BUVRsam5MOEx3OWszLW1jakhicDZYczktUWZSdERwNGNjQXdORzBRX081QlVSQmhYMzg?oc=5,Fall River Herald News,positive
Ryan Coholan,MBTA,An exclusive look at the MBTA's new train protection system on the Green Line - NBC Boston,https://news.google.com/rss/articles/CBMipwFBVV95cUxQckZoVnVOUWpRWE1lVzV2Yzk3cHhHNXFPb1BfLXNhUjNjWUEtT0FkVXZHYUwyQ09UaVVxdzFQSHpKSFp2R0lwSUVfbFU1dVZhb0xXSUtmNnhmWmNvU2ZFTllPUHVibmowbU9qNUpjWjh3cEh6dlZJLVh5MVN2OV9JMlp0QUFMaklLbXFFOXQxQWZjcXkwTDRsZVNaWV9sTWt3elczc3BhRdIBrwFBVV95cUxOUm9lUExZTGlMakgyNEhOekZEQ1REajFhUENLQ3VkSTQ5a2cxLUFWS0NOMFU4cnJQOGtZb1Z6cG1MZWJyQjFiYjBuMVQzU0g2VUtCQXc2SlVnRGZlNmJNM2l4WkdSbFZzMmRDdTZnVEZ5Tkt4ZFhJV2JMS25SS0NrcmZEemR4eVpER0lLV2Z6ODB0bTduNWJteVdYdHJlV3pleTRjZVNLd0lpX3l2dVdB?oc=5,NBC Boston,neutral
Ryan Coholan,MBTA,"MBTA announces new, largest ferry: The Millennium - The Boston Globe",https://news.google.com/rss/articles/CBMikwFBVV95cUxPRThJUGFLSFJ0TGtpZ0c2c0MxM3NuQTBKSWpNU3VJUkpWN3FMdEpITnkxaXNWemZxY01DcGk2TWoxampMdmk5bUJmdUdZTVppOEZDRENDLW0wRHplb1hHR1NoZmctVFJHMzhGZThFUjdmTWxpZFBEaHhmeHc0TDBmZGNqRzhWaDFtdjFUTmJkZGVzZms?oc=5,The Boston Globe,neutral
Ryan Coholan,MBTA,All aboard: The MBTA to unveil long-awaited South Coast Rail line - WBUR,https://news.google.com/rss/articles/CBMingFBVV95cUxPN0xnTmo1RXgxaW5wazhFT1QzajMyUmM2YkU5WU1LODZkbzhBU1lTQzV4MlEySU9DYnNOR1JOS3pNYV9ydUExc2FMTV9hQ20yN2c4NHJQbkRSYmF1cW9UX3lMUDFRclpWT3M3Y2RUWUdpaWpKX2tXMWtTSW4zOXBLTFFtTGpkcVo3U0xkemF4ZTFCSFZySmRuWE9kZ0lPZw?oc=5,WBUR,neutral
Monica Tibbits-Nutt,The T,Disgraced former Transportation Secretary Monica Tibbits-Nutt officially off state payroll - Boston Herald,https://news.google.com/rss/articles/CBMiywFBVV95cUxNa2JZSHM2VXp4RWJuVUZvOHBJU0ZjblRIVU1zdlJnY2ZKVG02MTYwbjd2REFoaWd0VGUtQ2tzRlU0LWJwalFRX3lCYktlRVZfcHptak5EalByS04yTGlrYnF3ZUM0Q0VxVGxVRzFMS1RqTk5iVmtjVTF2cjl2c3d4d3V0dE1DeGRYQXRuVTRzN0prcEJKRms2SjJCNEdsSGQzck1HTTJDNU5WRmdJUXczdUhzUG9kWWJIaUZSUDVBbEp2MTY1ZE9RVTlOTQ?oc=5,Boston Herald,negative
Monica Tibbits-Nutt,The T,Departing Transportation Secretary Monica Tibbits-Nutt said it was time to leave her ‘dream job’ - The Boston Globe,https://news.google.com/rss/articles/CBMijgFBVV95cUxOb2Uza0JXN21TWHF0SnpJRmNPYkp2NVlRQ3NjdlBWOFZiNjV1Qjg1YlZXcnNwQll5UldiMk9ua3hIN1Y1R3JyVjNEcGJyOURGNlNNOWdoTV9tMnpnMkRVdlhuM0JsS25qclZITTBxR29CVnhfRVBvMlFfbmtXQk8zQlBxeTRQY3l3c0IzNnJn?oc=5,The Boston Globe,negative
Monica Tibbits-Nutt,The T,Former MassDOT Secretary Aloisi comes to defense of Tibbits-Nutt - rhodeislandcurrent.com,https://news.google.com/rss/articles/CBMiqwFBVV95cUxNcDJKZVhGVmVDckJqNmdXVnFRN2JQVlRlNFN5ZGdPM0FGLTAxdktYUGFIQXhxVUFRRUFKZ0hEY05wSXhrSGpwalJqLWhXcll3QlowOVplMVlESllmNFREMkFoa1ZxaFltMW16VTlUeV9RbGpXbWRmaTlKOFMxbG5GQzViaEhUOVpvYXJiQnB0VjNEWkxNQTgzNS1CU1k5aTYyQnF5b1E1LTJ2bGM?oc=5,rhodeislandcurrent.com,neutral
Monica Tibbits-Nutt,The T,MassDOT CEO Monica Tibbits-Nutt wants to connect the Commonwealth - Smart Cities Dive,https://news.google.com/rss/articles/CBMisAFBVV95cUxQNjBKZ0FRMFo2ekhYdDV6M01KWXhhWmpXamxmQWhrSFBKQ3k3Znc2UDBRWEtOdDg5S1h5RXMya2hteHBveVBYWE54WHJhMloybnlucjItTGIwT0V5bTBqTnFMNHlOSnp5S0pNaXNkR2tYMnBudWtkaFpJVml3bXk5UURpOHRVZ1pFa1lMOWdrU1hubWVTU3JOVVZRYVB0dVRZbFVuMHlrNGNCdlJCNHFROQ?oc=5,Smart Cities Dive,positive
Monica Tibbits-Nutt,The T,Healey's transpo trick: Tapping Train Daddy Eng - Axios,https://news.google.com/rss/articles/CBMikAFBVV95cUxQanR2SnpQR1h4clBKdjB3MnRCbEJlZXhEdmh2emhyYnBFYkY4XzBoOEpjRElVX1lqVlBudF9tei1XaXZuRkJocEN1d01TRzBEMXZnVWdLY2tHSWV4WTYtOUFiVG83N3FQTU5FTUN2RmpJUHIyZFZDTTJZN2Z0QS1zb0d0ZDAxOGYzcTNXZ1VXSmw?oc=5,Axios,negative
Monica Tibbits-Nutt,The T,Getting to know Massachusetts Transportation Secretary Monica Tibbits-Nutt - NBC Boston,https://news.google.com/rss/articles/CBMivAFBVV95cUxPNXBMb0tNTGtHNkFnVDlHSzZsaUpjcmZmUmJoalp4Q0ZtT3RhaFg3Ulg2QnkwaDM1ci1YejFza1dJOHVmMzdXamlKTmRlSjZaamIyb2pmeUlJcWo4dDg2cjNFa3JTUFdRTUdDLV9OQm90S3J1S0tKeFpBRktVb1hxV2U1bTVBLW5VR1V6OC1abmFXWFpKSTItX3NnLVZhaU9GRTFwQkdoaExpZlRCQVFhLTFwaDFfRmM4dXVSZtIBxAFBVV95cUxPRGRyTFBYSU9DbXVTWGIyN2hqb21FWmYwTVNpVGt3ZWE4VFBSeGVOdTBheW9YdEl5X21PSGpGalJpU29kUG9WT25hMXA3dUxpUTFZZDJ4RTh4MmttcEZEMXllb1dyVFowWWFBcVZnUkF3dG9HcUpYYXVsdjVWNzBPcEdqN0QzN2pFV091c1prR2p5czBtVTlTallOMjU0cDFpNmlDNHFiYVEzM1duSWsyYUU4R05oa0VkdDIyc1B6Wmh1eWF5?oc=5,NBC Boston,neutral
Monica Tibbits-Nutt,The T,Mass. transportation secretary gives ‘unfiltered’ take on challenges - rhodeislandcurrent.com,https://news.google.com/rss/articles/CBMipgFBVV95cUxPZFhSZ0FNZ3N4Q19aU29TcnBpOVljbmt2ZFJOU1RDdnN1cFcwOUhxSmdpU0pZUWJVQ0c2N1Q0MWp0WngzemcwaEp0c2MxcXIyTTNVc180cUppVG5Pc1lxWUdhMFlRYkdjV24zYmxmMFlrMzFGNUJSUDNJNkRlWWotTGpQcVh1VmtEZVBxcXdoNE1GTUZScjRkenBjUVZxTUpsamhsaWF3?oc=5,rhodeislandcurrent.com,neutral
Monica Tibbits-Nutt,The T,Pols & Politics: Monica Tibbits-Nutt looks to ‘move forward’ after controversial remarks - Boston Herald,https://news.google.com/rss/articles/CBMiwgFBVV95cUxQRDBOOEl2ejJPNFEzOVh2WHB3TzdpMnBCWXBNekw0Sm1SdGd1QXhpdGY3QzBPRXZLT19RTVFHVXZXamdROTZ2ckRqRTMxRFU4YUE5VWg2em1ya0ZaMDRDQjBGNDFvSXhGXzVNbjFPdmt5ZFd1MDg1VE1STWJvNzdzcUxMZ19XLWR2bjFLU0YzTFNNSk91MmRHRnhBQ210bEdSeFJ2cXkwd3dIdEs2Y09yUU1LMlhCMzBtbzJISFltNjdVZw?oc=5,Boston Herald,negative
Monica Tibbits-Nutt,The T,Nutty MassDOT Chief Who Pushed NH Border Tolls Is Out - NH Journal,https://news.google.com/rss/articles/CBMiggFBVV95cUxOX3pmME53aGdSam5LSGM2R1ZXdDMzdTNDa3pBWl9CSlkyRkl0SHZCQVVybEVnbkZ1aEtNUU4tenE4TjVRbE9pSmZLU09fZE9rcU1NTU1WZmtERDhMMjFtREVOQnFqR3k2QXgyRWZWWlVRMTVaUlUxZnpFbWhJblVLaTJ3?oc=5,NH Journal,positive
Monica Tibbits-Nutt,The T,Howie Carr: Massachusetts hacks forgot how to do nepotism right - Boston Herald,https://news.google.com/rss/articles/CBMipgFBVV95cUxPd0dQM2xwczc3R0dILUNvdjFWQnRSZVdzbzVRN1M4TmlOOC00QWVGVHNzT19TRUhhUE5LQU00Slp2Z3pYOUFfUnpLSHY0bWgtNjlXU25DZ1B5UkpOd1J1RHljY0llOUhHOFZOdDBUUGhKRXRESkN6RmN2dGFnd094eXdTNDh1TE90LVpqMXdGQ0VnbEpxTTRGT1hiaGpuNkItOF9rSEJB?oc=5,Boston Herald,neutral
Monica Tibbits-Nutt,The T,Healey tries to put out a transportation fire - Politico,https://news.google.com/rss/articles/CBMiwwFBVV95cUxOV0V3Rmd2T3pJZGtEeFhRZzNjM1FiZVc5ZVRNUXJGNGRIRzlHUnRNRXhFbE9sd2tjYjdsTU84VTZWek85cUdJdG5oN1dDZ1A0UENPTEl1NkJfbFRtZi1UREd3Q2ljbkY0RXNSLWRpa0lRSW1SWGNwOWNGTW9BbDViQko5akZwRWZ6ZW85QUJHYkdmb3lBem4wRk9NUW1BTEZpWkl3NUpudlN3M2d2X284eHFKUE83Q3cyY19odUY3dHloSlU?oc=5,Politico,negative
Phillip Eng,The T,"MBTA, state transportation chief apologizes for ‘insensitive’ employee hair-pulling incident - Boston Herald",https://news.google.com/rss/articles/CBMiygFBVV95cUxOZS1qMmt1Vi01NHh3NlJYRTdNRkZjQllRQ2RpcjNsakZ3RHJCMy11RlZucTVGclR3R3hoWW9zVlcxUjFWSTlnc3RsWFdHVW1yTTJkTlc3dy02ODNxZmtSVkhfQjFHTGxRVkxxYXl6LVhtTVlXS2JLaE5QZEppNnk2RTgwZnJOUHdHUFBiZHljUXRUZUpGY2RGM1dwaUh1TERUWUJTdVBNV2NITUQzWUc3RkVHSHZTNW5LaTVJTEtTTWxBTlhOQnNDMWJR?oc=5,Boston Herald,positive
Phillip Eng,The T,The MBTA has made incredible strides. Did Phillip Eng fix the T? - cbsnews.com,https://news.google.com/rss/articles/CBMiogFBVV95cUxOYVN2UE9QRXo2aWoxX3B0RlpfcEsxRVpETVR0cFNmbk9reVRDU3B4MTktR1c5TWhVZEtBV2t5MGt1MURfRWw1bnJpbEx6ai16OGFpa0hmZ2t0ekljTlpIM0hqalV1T2FpRm0xYjdkcEZWZmVkVkNVOU11NEs4SjZmalplakhDVEwxckE1YkxKR0FzZ0ZMbHI2VWFuTHN2VTlCOEE?oc=5,cbsnews.com,neutral
Phillip Eng,The T,MBTA boss Phil Eng apologizes for pulling employee’s hair. ‘It was insensitive.’ - The Boston Globe,https://news.google.com/rss/articles/CBMijgFBVV95cUxQRVlYakxnc09yMkU2LXVPTXpfZU1sTlRPY1FLeE5FQTdiV2ZqTi1Wc3JETWlUXzBkRThteEF6MWpYM3ZpRTktX3ZBUlVZNVhUVDB5MVNhaEhoRm83WkVTNXJSQ1lYbjJWODhrV21vOVlKZlFyWkNhdVk0ZjYxd0dWZXdVVTZwTWlvOGdrUmpR?oc=5,The Boston Globe,positive
Phillip Eng,The T,Phil Eng isn’t worried about holding two job titles — but even ‘Train Daddy Eng’ can’t outmatch the winter - The Boston Globe,https://news.google.com/rss/articles/CBMie0FVX3lxTE93Qkc5bUozeGpvc1Z3Y0ZDbFltMDd0b2ZweXFLV3BGQW5jV3pfcF8xcDJPSnkzWjNzbVBKUElqWVVhdEFpVVdELTB2UkU5eGMxWENQS1hDMkZoWkg2NnVubUFfYnBaMkVWNlVXUUVxS3pwMGRpd0dHVE9lMA?oc=5,The Boston Globe,negative
Phillip Eng,The T,‘Don’t judge us on one storm.’ T general manager Phil Eng asks for patience amid tough week for transit system. - The Boston Globe,https://news.google.com/rss/articles/CBMieEFVX3lxTE8wZjljNE5rUzc2ZmpRVnVsc1ZKRW9uaWlnRTlVQmdMcWhzYThWSmltdjctOW84Ujhibi1hcTlyYkV5eVJEc01ZNVhYVTJXLTVZQkFBSjRlSHU0NlFWRVZYTjdfSVExbF9aNVdpUEVQN2dvNnpubV90eA?oc=5,The Boston Globe,negative
Phillip Eng,The T,"MBTA announces continuation of summer and new savings for Commuter Rail, subway, buses - Boston Herald",https://news.google.com/rss/articles/CBMiwwFBVV95cUxQeWM3UHg3eWliWHNhQU1Jdk16NVhDWjljMHBlQzYyRWJ5VV9sWVZMY24yV0xpc2ZobHh0bGVPTnQ2bnpoVXNQbDZ5NmdKWUFlak5Rb3l6dHl5V1VDNEV3ZUlSNjhWSXJXNzdBVER6bF9FWWVZYWllN1JvOHdWd2h4c0VOVDJWT20xSEtkeFBfV25BdVQ4ZFVDdGxScE5iSmJZeURqcTZxVEdHM3hJRmtNWjg5VHRtN3d6RW0zMGRfclROWjg?oc=5,Boston Herald,neutral
Phillip Eng,The T,MBTA GM named interim Mass. transportation secretary as Tibbits-Nutt steps down - NBC Boston,https://news.google.com/rss/articles/CBMiqgFBVV95cUxNdGRuYjQ5MTd2b2VKTmR5NFhUT3o1MnFwQV9oemtpSk5FaTFES09tMVQ1SjA5cmpLTDNaaEN6VDR3cnAwRHJHZnBXT19xcnh0cDdxbEVXQWdEM1JYbWRGZjBmcHozZVBQZ3RGR1dnOXJmZ1FiR1pzdVFyRkxVaVg4eDBEZ1FRNXQ3aHdndEE1MHB5SGVhYl9WbXBlNGJfdmltdUxpWEZ3cm4xZ9IBsgFBVV95cUxNbmlRRmZ5UlJYTWlwaktwYV80NkZDcEd4aG0wcGNGcHpPZU9zYWs3Q05qajVBc2habWF0UklBYTNoYjJmTTB4OGxYWlRnaFlRd0ZVY3hpMS1GT3FmaVIteXF6VHRneVNBWWRpZ2pVbE9JWXpHV2N3RVlWeUdDMUhTSGo0bnNpTUdnbGd5ckh3NVlpM0R0MjZiLTFuN1lFZjhaXzVYMEFrVUlvV0YzTFRZSU5B?oc=5,NBC Boston,neutral
Phillip Eng,The T,"Phillip Eng gets stopped for selfies on his commute, but his plan for Boston's trains might surprise you - MassLive.com",https://news.google.com/rss/articles/CBMiygFBVV95cUxPZEVQelRscEMwNER1Vy1rR3RiY2lNdkduMmFNTDdMVTdSUjNNUHlQcDBFTXhHSVdoX0tWV2MwVU53UUtuSEVmNXU0ZlUtdFZVOFpNVWpDZTBteGNDeFoyQXEya29ZSENfZGwxWk51bDBBaGV2TzN6T2s4ay1vcUVLQmV0V0Q5bWs1cXV2RUxnZFNtcExmT1ZxSUdXQmJEeUlpblBLRmJmODlYODRnQVRrTnhPb1Jpb1VkdmtpdlA0QUNoWFIyck14YUhn?oc=5,MassLive.com,positive
Ryan Coholan,The T,T says weekend ridership is nearly back to 2019 levels - WGBH,https://news.google.com/rss/articles/CBMingFBVV95cUxQOXJRRDBqMmMtem41UUpWSDRTNmZBbW9iM2xXYmh0MlZteXZPWFd4V0RnNEhnWDJxeERqX2hJXy1oSkM3X09CclFldDZFZTA0Z1E4d1JNNjYzTHVJX0Q0WFVTVWdaQTlaR0ViUzJ5LTNkY1JRaEQxdUpPWnp6QlVIWl93TnBLd2Nyd3E4NEdlS09fVDhqZVI2LUZHZXQ5Zw?oc=5,WGBH,neutral
Ryan Coholan,The T,Snowstorm uncovered weaknesses in Red Line and commuter rail. Here’s what caused the delays and cancellations. - The Boston Globe,https://news.google.com/rss/articles/CBMiggFBVV95cUxOb0tadTBDNk9DZU4yM3V6MHpuWnNsZHZPLWlPQzdDUlFfWnRIZlhXV2FMYko0UFk2VHNsQkh5c0tFUk8xaFJSTVNiVGlDLUlVdmc0SERlUElEeU5TWlN2b0VOWk11RXdXWE02T2Rzanp1Zk9JVmZIenpjY3dkaFNqTk9R?oc=5,The Boston Globe,negative
Ryan Coholan,The T,MBTA Loses Revenue as Green Line Riders Skip Fares Following Contactless Payment Launch - Boston's ROCK 92.9,https://news.google.com/rss/articles/CBMiwgFBVV95cUxOYl9kT2F6TmhSYkJPNmFmeFFwWEhYdk5HSjBsdU93dEtiUkFfcUdoRHZtNTAwZFBvMERjN2hpWEk4Z2NUN0YxUDVmeVdaa25BOXZ5aFJrc1dqOUI0U00waHVVZkJocUEydTd3Qnd3M2taaTlKTXBWaV9jZjZRRUs4cURjWkV2STlrWXhLSVhzLUtOY0JxaVlJRFpzaDVpZ3ZJYVZfX1ROeGc5eHR6VERJb0FHS3g3Qk8wNEtXM0d6dGpYZw?oc=5,Boston's ROCK 92.9,negative
Ryan Coholan,The T,Looking back on 2025 at the MBTA - NBC Boston,https://news.google.com/rss/articles/CBMigAFBVV95cUxNdkpEc3BGWTBVdXZRa1k2emZqLVNpV2FSRUN3djlyWENQTmFQekRjQ0JZRjJ4di00aG44VEZFUHplOURwVUhYQV9PUFRmSzJRS1lNZEVzOFpoVk1sYzNnWUZnMmpaTGpsNFhvREFIcUd0bVY1S1dNYm5RalVUS3ZVdtIBiAFBVV95cUxPR2hlNkxnMVpCZXphU2JSN1RuUlNJNDdrS2dlVkZTRGJ5anhrMmgzLUVib25tWno2aGdGb3c4ajZ3SkxBN1MxVXFPZ2l5Z1NXaVVWUlpfN3A3emhuWXpOWDBVZ3NtdXdwa1pPZm1HSjBfNWxTSVIwRTBvTTR4cjdqTXhnbndyRDJ4?oc=5,NBC Boston,neutral
Ryan Coholan,The T,How did the MBTA pull off 40 years of repairs in 14 months? T leaders offer behind-the-scenes look - MassLive.com,https://news.google.com/rss/articles/CBMi2gFBVV95cUxQQlAzSEQ2ajZDMFZGa1NiaW1VdXBGVnAwUU5GeVR2blloTjZIT0NLZndjeTllZ3BlZFdudElyeWdGTENZa2ZEWHhlM0tTdDNsUjFiUWpuQno4RWY0ekpvdm9XV0RSTTJmQVpsaU8wMktrSm1aMjdzams4UFU4OXRGMjhSdHFVengwUF9ZSVFjMGN4cWx0bjFseWFMRTNJT3p2ckhHNUVDaXpmaklOZW41UWJTaDhMZlV4dUpKb3FZYWY0akVwSDdjNVZYaS1IcndDQ3hkLXFaS1lUd9IB7gFBVV95cUxOWlRMTjVnMmFJOHhJM3V1eVhTNHlCbzVqb3NoVVRWN0lkUV9mZ2VIUm8xbHA5dGhtemZjMDNHYU5pQ2ZjVU55Q2ttWnRlMk5uM0hEX1g3eTFkeE5VUmN5LWR2STVtekdvZHV0UUhSZkwzdUtBcHJnOUZTZEpiMkJMTUxwVkhwZ2FTb0s5QmhyV0pfa1N6WmE4QjM5N0pFQS11RzA2SHBJdkZUanB6eUo1T2FVOTROTi0wRUg1SFhUSjktdXNIZGxreGlkSE95RklKRjdBSVpwaFYyTjBQM042NDY0UEVlSkZvNkRTNE1R?oc=5,MassLive.com,neutral
Ryan Coholan,The T,"In these tense times, Gov. Healey’s out-of-office policy deserves a rethink. Here’s why - MassLive.com",https://news.google.com/rss/articles/CBMiyAFBVV95cUxOR1Q2TjNoWHo1SkxWNTc3S3ROLU90X0MydE9iWFpscld6NGRwZzBLRFk3eDQ5QTd6Z2FBTWRoOXc0dC1pZHF1V1NjNGhUbXFBWWRoRGJESFhqN0lBREM3NVllZ2VIaGlYek9WQ19aS05FTXhRbVpxT1hYVTVfYlFrNmI3b3JJQ0YxVTg5eFhGVTVXcGpQV0M5RHFVbzJJNGlfOFVWdVNWVE1DN3N4VkdrNk5Za3RVTTJYMjhHd3NCcTFGU2UxblBwbg?oc=5,MassLive.com,negative
Ryan Coholan,The T,MBTA to add late-night hours on Fridays and Saturdays - MassLive.com,https://news.google.com/rss/articles/CBMinwFBVV95cUxNbjh0V0x2Z2tzSWEyWkZldEhKUHgxTG0zSnNSeVBYMDJ2Unl1RWd2YU54dUNBTGxucDllendQQnJ2NlBGLWdUXzZ0Yjk5aU16OTZmdUdrRXBHQmx3SVVLbUMzNXNUMUZfbU44Wm1uWkNxTF9QZ2hsUlVCSUlkazhROF9lRWVGakgxbW1nMXJHUjEwUjA4YzN1TXIxa3AtenfSAbMBQVVfeXFMTmlrb0w1RFlWWWVmcXB0NWhmVFp3YlZmeUpXQUc0c21uM3RSdWNZd21mRGpuV3UtelpZWVhhejFCWEh4cHFJNXltdEROYkZqSFRHVWNPRzRUb2FwWGVjZ2h5aEZGUkMxRzN5Z0dqdDZld1YwQnFWS3lwUzhNM3NueWJuazJFQjYzSGN3SjhQTHNaZTBhal9zZnMtNUFSVWtVejV3QTZLMWJtX1NwRzNqd2E0Nzg?oc=5,MassLive.com,neutral
Monica Tibbits-Nutt,Boston T,Calls for transportation secretary to resign come after service plaza bid fails - Boston Herald,https://news.google.com/rss/articles/CBMivAFBVV95cUxNdDIzazRGbkFiODNOeC1hMkRJTlZlZEw4SEozNXgtUGRFR3Jqb0pGQzdJMWpoQ3hUeFlsSmJCN3kxUGtqNms0NTRMRWZOTTRKaFJ2RFR4SjJRejVic2hZMGVkaFRjT2Z0T2wyRjRHR2dkVUtsNHBYMHY4dVhUNmJxNGxzTmhnZUpiMnM4OU8zdVRLYkFQTDhJMXUwbDJMcE5qNU1zTFcyVEpkX21oc2ZTX3ViZ2E3dzh4WUV0MQ?oc=5,Boston Herald,negative
Monica Tibbits-Nutt,Boston T,Monica Tibbits-Nutt named Massachusetts secretary of transportation - The Boston Globe,https://news.google.com/rss/articles/CBMirwFBVV95cUxOYUp1UWlmS2RvNjRLdGdGWnl1Q0JfMWotNU05OFktd1VqazNJN1NOQmNMazhkR0QtR1NjVWJCNEJQZ0ZGZGwtNXVCX1V0ckRQc19UMlZuSS1WdFgxRDdXX1dabTZqRHBiM0tWaDQ5eWFLT0lfaDhHZXRxa3ZSQ2hZdi1nSXI5RFIxMGU4dlFWZThpODU4UDJOSEhtZ2ZwblQ5SnA0WlNYVzB6ZEFobDRZ?oc=5,The Boston Globe,neutral
Randy Clarke,Washington Metropolitan Area Transit Authority,The Transit Chief Who Made Metro Popular Again - Governing,https://news.google.com/rss/articles/CBMiiAFBVV95cUxPb3BpRWNTOWw2RVpIeHNVY19iSlpnalR6OFNjRDVkeUM0MWNGcVlHZDd5S3E4eDlPb18yVEh2NjJWcENocGRITjZGODRSb29RM0w0NkNkMVBfWDhVR29BQ3VYWjZrLWVyaXFPekw2eUdXOW42NTFOX1V4UFVoZ2g4bEthSUJHekht?oc=5,Governing,positive
Randy Clarke,Washington Metropolitan Area Transit Authority,Transportation 2026: RANDY CLARKE - virginiabusiness.com,https://news.google.com/rss/articles/CBMib0FVX3lxTE1tN2tsZHJnNXg4U1JNTFVHRHJmV29fVzN1UG1oZ01SVnpIUVJES252VWdPeXpiZ3ZjajFoV3d4YWJ0cjBGWUdUY0I0Z0NzNUhwWlpORHlhQy1NVXdOUG9wbk9fdmJTY3BGOVlJR3B2cw?oc=5,virginiabusiness.com,neutral
Randy Clarke,Washington Metropolitan Area Transit Authority,S2 Meets With WMATA GM Randy Clarke (013) - Homeland Security (.gov),https://news.google.com/rss/articles/CBMiYEFVX3lxTE5Qb05RTWZ5dzNENFpqTVVzazhHSkhMOXZzWFhHbnl1LWhoby1feDRKN0JEMTMzVUVzYmFkTXJSMTF6eG5kZ0NpTzk3MEd4b2JzYTZNaHFuc3ZHM2NyalpBbQ?oc=5,Homeland Security (.gov),positive
Randy Clarke,Washington Metropolitan Area Transit Authority,Metro touts drop in crime across system - NBC4 Washington,https://news.google.com/rss/articles/CBMirgFBVV95cUxNZlFoeUtyX0p6b0RscmpvLUJ0blc0OWgwOVU5X2FsaVgwOWhKZC1MSFByZ0VJdUdhUWstd2RnT3ZSM3BtOTNDaV80VFF5aW9hMC10anl0ejU0cnRZTjUwUnhTQ2tkMjBRTnhRSUJiY01TM21yZVNGbGRveUJObEJrRE5pQjBUN3hDTnJJeU5TSWFZM2FXRXZzVmRNdTltWkNmQkpwbVNLQXU3MC1ocHfSAbYBQVVfeXFMT1R1YWRRRUliVXRObS1aenByeFFKTy10dkNXWFZ4RkMxWlhibjYxUkZ0UUlaSzFodTFJbkdNcDBJaW1WbmtEaDhWQjFiZTdxRUExSEZHaDUwWlVDaWlJTkVwUzN5ZG5ETWkxd3FFTjJlS1NteVhYNlpKemgxTTN3UU5IYjVmVElaUWhjbGJ2b1FGUXViVmxaX2dyS1hwdHBBdmV1blZiQUk4V1lHZjA3dVROYU5HaHc?oc=5,NBC4 Washington,negative
Randy Clarke,Washington Metropolitan Area Transit Authority,Why is PETA suing DC Metro General Manager Randy Clarke? - WUSA9,https://news.google.com/rss/articles/CBMiyAFBVV95cUxORFl2UW8xT0xBaGs2ZlNlNE13Z3hqRmdtZzdFdFhOeXhZREN1dkh0WlRCZE9yczUzNm1nRTVYTXJMTGh3SmRwNmd5blBNRF80VnZqOFh0aDdwbVpjYUk3cnBJcVo0UE5UTHNGRHI1ZXdwdUZ3blZScFBZZTZmQ2hoSWkwMWh0S004ZXdxdXJBQlZwY0U2eTIwR002RkVucjZ0WkFnZ3hpUWZFaFNRYUs5QW9yZ2toNFUwNk5TQUNaODRhcFN5X182cw?oc=5,WUSA9,negative
Randy Clarke,Washington Metropolitan Area Transit Authority,Can D.C.’s transit celebrity make your commute more enjoyable? - The Washington Post,https://news.google.com/rss/articles/CBMie0FVX3lxTE9uUmZ1UTlWM3NSMndsVVpYbWVUWlNiT2xjdEpvS2xaN3huNmVlZzZwSzBJQkFLbGdNbGRhQTlYR0c0OGdSYVhfdWFyUzUzSEJUXzRSWXk1TGxaS1FzQ3pLb2RCMENoV04yRDM3LS1aMmliNF9KQW9qREhKdw?oc=5,The Washington Post,positive
Randy Clarke,Washington Metropolitan Area Transit Authority,"‘Please do not engage:’ Randy Clarke’s X account was hacked, Metro says - DC News Now",https://news.google.com/rss/articles/CBMiwAFBVV95cUxNLUFva3BRblVIcnJnakpUMHJEdF9kQmNyd0o4RHRxa1I5N1pqQ1duWmRHWGNqSUlZMnB5WWJOSlFablhqbV9rZW5oVEVZNGxwdm1yTHZ1dW9HRHlQUWwxU0Z2M2w5bG05V2NOMWZRS18wdnRDbUpuS3lJY3RQd1BfQlQ5T2kxdm9EN0ttMWs0MW9mdXNwbHg3UHI1TE02Uy0zWjJxZFVITHEyNWZIUENMS3E0ckkzbjlsVWpqTHVMNU_SAcYBQVVfeXFMTTFPeGZaa2tKaW5LWFhkU2ZUX1oxRHpLVXJkVnFVQkhZRG51UmNycWJOVGs3ZU14YXBCeFNIRU1tXzdvVU1LVEQyZ1JGZHVKclVDZXhBTEtBNnRWbndzV0VmS05JS0lkWFlGMzlYYlhiTW05Nkx1eHY3R0dmUEdXMENkVl9xV2dqOXRKZ2hBUHY4RmVMeU5NYjduSEZPSW5HMHZYYnVjQktnVGZXM0dVWFZLRUdLakFGZlJJaDYwYU5UUFZ5ZElR?oc=5,DC News Now,negative
Randy Clarke,Washington Metropolitan Area Transit Authority,"Union Condemns WMATA GM Randy Clarke For Reversing Longstanding Bus Operator Policy, Increasing Assault Risk - The BayNet",https://news.google.com/rss/articles/CBMiygFBVV95cUxNalFkNTZmOHJtdE1pZFE5cXEwMXdwVjRfTUVoeGtQbHRtd3lGTFl6QXIxZGZIaTBad1dlcEY2UUM3YlFsdFdIQU9BNjhNbTZwQ2dYVjlTdndCZjY4bjliTUxMNHhEUUVFYk1sNjA5QWZPTUNSNnNOcThvMF9qX0dDUVAyY3ZUdmJSZGZOYUJQRnQ5M0N6Wnd4enJsMkp2VFN4X3d3b3YzeHFUQlhHeVUwcEFPaTFJR0wzNktWVnNqNjJSUHNhd1YzbHR3?oc=5,The BayNet,negative
Randy Clarke,Washington Metropolitan Area Transit Authority,"Metro CEO knocks N. Va. leaders for inconsistency in bus fares, enforcement - ARLnow",https://news.google.com/rss/articles/CBMiqwFBVV95cUxOMUlpd0RkeEtoSHZnNVJRZ1E4Y2VCMXlMUnBVUEdlMnRodjRUWFcxSXFMMkhwQVdzQWFqbTk3UktJdGlUVm5aQVpKS2ZoQmZJN2dUcXh5TXY0R0FHaXNfNzBFNzRQNnJ1QlFIY3B1Vjdqd3pMWVdkRHplb2FGazUzX0xWUllHMFJhd3NxV1dpc0x0OWNQWUViUXJpNnF4QTAwcEwybGxUelpqV00?oc=5,ARLnow,neutral
Randy Clarke,Washington Metropolitan Area Transit Authority,"WMATA CEO Randy Clarke's X account was hacked, Metro says - DC News Now",https://news.google.com/rss/articles/CBMingFBVV95cUxQY2tMbWh3Z3IwSTBHTlVFc1VHWjFhc1ptUDU3UERzamJTWjhGWm9vRkN5WHRpb1NsWVRpckRSZnRzOUo3aW5vU1B4TUgtUzhRempNOGZMTzFLZFl0QUUxckRVOFMxR1NROGpsSXdObldGZFVfX1lNSHQ1d09hN0xOelBPTWQ4RldMdzdtM3ZfRy1qNDZ4ekJCQTJMS01sZw?oc=5,DC News Now,negative
Randy Clarke,Washington Metropolitan Area Transit Authority,"Metro GM on possible new ‘Gold Line,’ Stadium-Armory improvements, bus fares - WTOP News",https://news.google.com/rss/articles/CBMiugFBVV95cUxOZlZtYS1JWVdack5iTlVwNFphSUZ6RlhIV3J1TlVhbE16VUx2UENPeDNybXZmNUZyUlpTbjVEWWhhWFdiNlVYcFhZek1RUEZwVk9rN0VYRVFyT2tqb19wTnZnbUJpRzV0d3ZpelJqVGw0cmowYjdqMEx2Uk9oNk11bS1VQVRvVnMwbUhSRUpGNFQydkloV1dZSjRzMk85MGNGYXdNS214M2RQczZnT2NNSDRId1FkY3lmSGc?oc=5,WTOP News,positive
Randy Clarke,Washington Metropolitan Area Transit Authority,Metro celebrates 50 years since first ride - WTOP News,https://news.google.com/rss/articles/CBMiiwFBVV95cUxPSzUtV3BIQ2JBWTlYejEyTDUzN1VsM1V2TnZibWY2YjVycnI0WmhnTjRuZ0NfbGIzRTFVSEdiYVZTaGNiR0plUEdSRGN0VWRQemsyckpVemRrYjJHLWtWOTJ0T0ZyUi0wdmVMZmp1SlpFUXlvRjNFWkI4Z0JmMi1WeGtRTnFqYW81d3pF?oc=5,WTOP News,positive
Randy Clarke,Washington Metropolitan Area Transit Authority,"Metro reveals what caused Red Line meltdown, and the $1.6 billion fix that's still not funded - WUSA9",https://news.google.com/rss/articles/CBMi1gFBVV95cUxNVnNOS08tWklIRWhHNVZGZ0FLRUtsTmx2anhVZmlGSlMwMUYzVXM1cjFNOTJ0MWlSeWlWZk9iclFNR3k1cVZ5Wlg1VTVZM1BpVXhkUUNQeV9NYlRsdE1wQmxWMnlKczZyU2tsS3BHcTNoejZ3eEY0WmgyTWt0QjVmUGNvM1I4LU5Ka0x1TnY5QVlEUFRKcGsxa1JNaG9mNDJGNEc4ZTc1MEhDLXF4NDNORXJiWUMxMEpfWWc2elcxeExyVnNWWkpFSzZaMGJybzFHT25La3JR?oc=5,WUSA9,neutral
Randy Clarke,Washington Metropolitan Area Transit Authority,Regional Leaders Endorse Increased WMATA Funding - aptapassengertransport.com,https://news.google.com/rss/articles/CBMijAFBVV95cUxNaGRBVFRDZGVPN0pjV3NQbFN3NDJkT3dtdlBXNFpJNmY3cWNWeHdHQ2NPSGNON1BleGJiV1BGb3o2cEVQUlhXX0RDQWcwdjNhQjJQV2dsMDJNS0ZoaVVNalROcUpMdWdxYkZ6MlQ0cXR3WnNTUmZEaVR0aWVPVTZGX0ZwVFJZWW1kUUV5cQ?oc=5,aptapassengertransport.com,positive
Randy Clarke,Washington Metropolitan Area Transit Authority,"Fearing violence, some Metro bus drivers are bucking order to announce fare - The Washington Post",https://news.google.com/rss/articles/CBMiwAFBVV95cUxPbk95X25fZUY1N3RCaFdldlJzYmU1RHJuVU54QzNwLVF0YkY1cWR5b3BDbF95SmNIaXpvcGdYNUZxMjBLakQ5bWhsX2kxWXpwVy1OLVVaMDJ0NU10ZUVjQzZlQWdtOVB5WWJKTFAwRzRwTFNKMnlMdGZYZkVLc2JyWmNjM01kSUFNLVMzVnRVVVBlSnhtOHY3ejl0ZW5zMlZGaGppM0NSb3Z3UG96UF9fXzdWM0VSdXlkWDgwSUh4dC0?oc=5,The Washington Post,negative
Randy Clarke,Washington Metropolitan Area Transit Authority,Why did PETA file a federal lawsuit against Washington DC's WMATA? - USA Today,https://news.google.com/rss/articles/CBMiwwFBVV95cUxPSk1fUlR2SGtPTlEwS0k2MmtDR1cyNDItY0dwZFZqQ2lDVUx1ejJOYW1vbi1GOXlpTVEwbDJjQVlKTTVQZkZ5ZTBoVkEwRDFCZDd4TXJiNC1fcFJ1RkEyd3g0NWs2YldiblU0TTRYSGpHWXJpdlVRMGU1ckRDeFNxMzBWOTZyT0lia1h5T0dtYVhvY3R0bnY3RmYzcldLdVJoeFdubjZXLXE2ckt6UEdKS21aNmZRN3FJZEFKZEpoNlBJS00?oc=5,USA Today,negative
Randy Clarke,Washington Metropolitan Area Transit Authority,WMATA Proposes Revised FY2027 Budget as System Marks 50 Years of Service - Metro Magazine,https://news.google.com/rss/articles/CBMirAFBVV95cUxPTHlJazhuenZ6czNRTTE5WUdVd3M1Y05nREV3S2hrOXFWdVp0eTlraldhcExqXzJVU2ZZTG5Rck5sMGl6dTR2RHRRZWgyc0drYkViMzNoTUxxZXJLWVllT0g3UVRGaGExZzJtMzA0dlhsYUZVYzdQS1hnakJOUnRsOFNsQlFMemttZ2stX3hSb0lHU2Z2RjJRalE0cHY0cVVYRjd2dDhUc01ybUNO?oc=5,Metro Magazine,neutral
Randy Clarke,Washington Metropolitan Area Transit Authority,WMATA GM Randy Clarke walks in DC Pride Parade - WUSA9,https://news.google.com/rss/articles/CBMizgFBVV95cUxQSjR1SEhTS3FJbjIzR0RCX0dDYVh2MXdFd1RXdnpXanlDWWlXTjFiY2ZSN0Z2Z2lnYlZ4bUhNWTFIYkEyREJWMkQyV0NTNHpqcFZ1UzY1Y3lnU1ZUYjZ4MTUtMnprbTd0UUI4NFlQQklFbTI5WWtGa1ZzYnIydkNrTzRzb0QxcFFKN1JiUnBYeEtlMEZCdTBUM3dHQ0RHX0ViUTlQVHdiQWo4aXNvNU5MckNEaUVSQ2VfV01JUlk4OTgwbmNRMkxNLU5lX3VTQQ?oc=5,WUSA9,positive
Randy Clarke,Washington Metropolitan Area Transit Authority,"More frequent rail service, bus improvements, flat fares all part of Metro GM’s budget proposal - WTOP News",https://news.google.com/rss/articles/CBMizgFBVV95cUxQZ3ZKRDIxZDZWTzN6dWYySEViT3JCRFhhLWZnOGxxbjgwNVBCT1RLU0pGUmVPTXJHOHR0cTdjVzBOOEFEVHlhMHB0TDFXdGJlRm5kalNhSTJvc3A4eEVaaDhKZkZ2Qk9LMXNpYjFOZURfYXZ0dUd0a3ZNYVdWVC11ZkZIWWpKTGsyWVN4bWtCbVBoTU5LWExCNFloSXZJNFlJUEdhNGFpM205Vy1QeXBQenpmZkt2b082Zk96YVZyV1RPSGt4V09Jb2dKTmdPdw?oc=5,WTOP News,positive
Randy Clarke,Washington Metropolitan Area Transit Authority,PETA Sues DC Transit Authority for Rejecting Advertisements - Legal Reader,https://news.google.com/rss/articles/CBMikgFBVV95cUxOamhybXB4NGVpSTNFRnBjZ3lyVWJwRDF4eFp1OWtFM1Q2QVJfNXFIM1lXM0x1Wk1CWDg4TlljZmM0V1FIUlhUTEtZLUEtZ1pIQWNtaG81TFlUaWhvT2tfbXFnMmVoMWZDS0hncnFwQnF0U09iV0t4emlZaHBUNVcyZTdfVHdoZXJGUmZYLVRxbktSdw?oc=5,Legal Reader,negative
Randy Clarke,Washington Metropolitan Area Transit Authority,Animal rights nonprofit group PETA sues DC Metro over refusal to run ads - Washington Examiner,https://news.google.com/rss/articles/CBMiogFBVV95cUxQRUU0TW5PWXQ4S01PSTdNWGJRWjlOSzRKaXRqdkRnMzZ6X3hMN3Q2QWZhVDBTbzhGQUxvUG9qczNnT3BnTnRpSEhHVDBYLVdwT051MzcxVzBMbDlXSktEeFdhTS10dnVnUG1kR19nYk9sdTk2bkhrbkhIYTNLNWxSXzZ4aVFOUW90QVhWdEJlakk4M3B2bEtKT05YUmVaMXkzSEE?oc=5,Washington Examiner,neutral
Randy Clarke,Washington Metropolitan Area Transit Authority,‘Metro is always going to be cheaper than driving a car': GM eyes ridership uptick - NBC4 Washington,https://news.google.com/rss/articles/CBMi3AFBVV95cUxQX2lfanU2Q1R3RUJlemhkcHRseGxUTW91UVdnd2Ftb21sUkxwQ2RLS2J6WW11S0pGZkpyUm1Vdlg2SGNlWWszdl9kR2lzUF9jRkJLbE1HVTJJTVhmdmdvUTh4VENjQlNlMTMyTEVHMEs1WXgzd3haOFAtSnk0MFM4WTU4b21VZWZCZG5oUlpURUVOYjBRbkVxcnZfallkMXE2cWVrbWhUVGVkdmMzNVZvdnducTB6dDF3V2JTWFFibVU3aHJ4OUxBVjRiUFpOUEpXX3ZQUWlwZDNNRi1z0gHkAUFVX3lxTE56Wnk1cE5KdXlOUV9zaU1yc2hIYWItei0xanNWTDVLVklZUFpSTUR6cEFwRFUzajFhXzROT3NzbVEzTFJROGRLaUFXYk5EeHNLN3BSRXNDa0QzbU5xT256Q3prNW13TExqdThrcVEzN3o0eVdjdUR0SkVOd25PUm1sdVplQW5NQjlOMTVFMHB4Z1VRdmdmZThQRzRkdFBkVTFEWUI1MFhxNmc0cFFXUV9Jai15bnNPNS1TSndMbDFIS0ZFLVZHcXVUMnJIbXZwYVpxOHU0MFhIOThzczkzU25NNGJxVw?oc=5,NBC4 Washington,neutral
Randy Clarke,Washington Metropolitan Area Transit Authority,DC Metro CEO fires back at critics hammering him for picture with National Guard troops - foxnews.com,https://news.google.com/rss/articles/CBMiqAFBVV95cUxQdXBVX3F1M3ZmV3BuTG1aSEFIbnp6aXUwamVzdlZaTUptYkk2Y2VDWDNwVjlFejM1SGtqbk1FLWpXV29IY3Z2Q3htbzRYY256TDl2bGdOZW1FMlRaRmV4LTM1UjVjak5lZVRyQnRMN1UtbzRGT01MWm50Uzcydk0xT0tZd3FZZFY2dDFMX0dlTURFWHhrcF9INlJuM2RlbE5oU1E3dllyY3TSAa4BQVVfeXFMT1BVVG1ybGgwYm12QnJFTmdLY1pLVjlBQVQzWTg1eHdkMUZjM3A2MXcyN3pqZU5qY0NyaUpMdWN3eXBkbDByRWpNR0pEMHdrb0JUbHpUbXJfYkRpR1BNRnJkT3lqWlMwS1U3cHQ5S2dISVhPZlUtTHBUcEpSak5vVzBLRWVqUk1SbUlCejhYZzBHTlFuRk1aLTlIYjFJLXZpUno2eGRkTVpuMm9kVm13?oc=5,foxnews.com,negative
Randy Clarke,Washington Metropolitan Area Transit Authority,"Viewpoint: Va., D.C. and Md. should approve Metro capital funding, inflation escalations - The Business Journals",https://news.google.com/rss/articles/CBMikgFBVV95cUxOOW9CZjQ2YTRFMHFBcnU5dFd1SHVkVmhnWXNrOC10bkFNUlBuMHoyNDBxMHRPemVpQXJvdEZjMUwtUGVucEVEaUpjdkh4djZnUURGUnE3Y1pmVWpWajZVWFZBTUZnOGFnVUt0X1ZWT0FSUnNiZjhScFk0RXM1dWtQTVNJdG95dG8waFBFWWNpLTNVdw?oc=5,The Business Journals,neutral
Randy Clarke,Washington Metropolitan Area Transit Authority,"Rail News - WMATA's FY27 budget to support rail service, Red Line changes. For Railroad Career Professionals - Progressive Railroading",https://news.google.com/rss/articles/CBMiwwFBVV95cUxNM1NEeHVfUUZ2NkswWVJuN0xsOHVYcXJEUjliSTA3QzdlaS04eHVIbnU5X0YtdGtvWVVnQjRZYjF1d2ZEQklZNVVoQVl5d1k3MFlHbGNqRFVXckEtbDVyUS1iUVdjRm5BU3VEM2pmNE93dEhyUURWaUR5WnhOUnp5bWU4bVZwNUJWdnRDc3lHTjhNRVhmLW9lN3NDOUJhZUVOVWxNMThLMmNiZDNJR0o0NDF5QjdoZHRTVFVtYVM2ajF3VTA?oc=5,Progressive Railroading,positive
Randy Clarke,DC Metro,"Scoop: No, Randy Clarke will not run for D.C. mayor - Axios",https://news.google.com/rss/articles/CBMif0FVX3lxTE9hUkx0QXhJNktSX2MyQ29kSjJEdnFRMHRjbG1YSUZlY1pOSjNyYUpiQlJNUGhDT1puWkwzaVF4TEplX001Y05SRl8yaWRVOEJXcFVDMTdNODJPeUlsX0dBV1Fjd3ZibW1UX1VoQURzZlE0d043d1c4OTlQcC1qZjg?oc=5,Axios,neutral
Randy Clarke,DC Metro,Broken water pipe causing significant delays on Metro Red Line - WJLA,https://news.google.com/rss/articles/CBMiswFBVV95cUxQSEtRb0lOLTVETUZXOTNpRGlGOXUtTkZ1WDlfM2NBaXdNdXQxb0xOUlF4NUFKdUpyUVVhQ2VOQWZZSXRmblc2Ri05b1lNVHl6ZkQ4Mk1MU2FWTEhYRGZfZ1dhUnc1V0R5aENXWHB0eEN0ZEtJUzBCWU5GZFhYWWtfTWFlV3NBT1AtUFgwWnFpdXJKancwZndxZGpzRVZjaU9sZG14b1ZCcXB5RXRUeG53TlFoYw?oc=5,WJLA,negative
Randy Clarke,DC Metro,The legend of Randy Clarke grows: Winners and losers of D.C.'s snow storm - Axios,https://news.google.com/rss/articles/CBMinwFBVV95cUxOdk5nSDNiV2VBZ2RWY1J1NU5Gdm5zMzAtZ1dreXdOcTJTcUY5Mmsxa1Z2dlE2bW1LcVZpVEE5VkJiWVZmTk11MDNKekI2ZjJ5Q1ItNDh6WTh2Q3ZRSWthdFFhTkxjUGtxQmNGdzM5WU1iZFllYVBLLTZxaHFRdGk5ekNCVFc0Q2NFckhJQ242dERacWNiRTV5eV9MWW5aNnM?oc=5,Axios,negative
Randy Clarke,DC Metro,Metro and IndyCar team up for a busy weekend of Freedom 250 Grand Prix events - WTOP News,https://news.google.com/rss/articles/CBMiqgFBVV95cUxPZHJ1cXRGN0F6cjhoSURZV0dfUllVOVFnNUZWWXF0Tmpyc1o0TXhvRHJhTnNxLXdPemlVTTB3UnhkbTA5NUFWYmlDRndJTnRNbGRWZUVORzBCVl83V0g1QnlZRUNxUEpDZlNYN2N6NU5PbGZJWHgtZERlM2RrcFFPZmRUbk1pWHlDQVJGakYzNVNoVUh6N2xzQ2hhMVhPcU1CTWtseC1lX0xDUQ?oc=5,WTOP News,positive
Randy Clarke,DC Metro,"DC, Metro have three weeks to finalize agreement for stadium deal - NBC4 Washington",https://news.google.com/rss/articles/CBMitAFBVV95cUxOUUhMY2xUVnBUTWxJWmFZejJ2STNIOXByZkVVWk9hSkxIeDNoSWtVU3J1WWdNYUh0RkUxLUtFNHRERm44bjlyTjZ6WkpoblV4ZHJlZi1mRFZkMUs5Ui1NY25mRnVQUUpLNmNpVmNWaXluNUxYb3pubEtRRDN1NVBuWlM3TmJrN0lGd0I0bm1vZEk5WnExRUhrTEQtdFNKM0ZEUmZkSVRweTNHTmpDZG1IRFJpVnHSAbwBQVVfeXFMTk5ZaVdlZjllSmFmTE5MbkY5Ym1QRzVyb1RXVUJ5VHhHTlNvd0VCcmdxUnRtQUlNQ2hLSDEyWnh4VXpyOXg4alozTV9PMnJYdl92SGt0M1VxTENQcjFyME5TM3Y4dFpwTC1IX2c0ei1Wd0huTFFuTDg5UTA5S2xPeHBNY2RIUG9qWW1KVlFaZFpneDYwZzVQb1hRb1FiYVNZSnlQb0RJWmNMLUxqT0R6SHdnRmZZTWlTa3FqTnU?oc=5,NBC4 Washington,positive
Randy Clarke,DC Metro,WMATA CEO Randy Clarke gives a Metro operations update during winter storm - WUSA9,https://news.google.com/rss/articles/CBMi9wFBVV95cUxPWlM1a1daTzN5SmpWX3hIVEtTcWZJNmRTOVo1eUcwR2dFek1FQ3hEVmlJN2tCV1VUUHdpdHI0dmhQeFB1ZlVRdkZLOVNiSDVHR0lxVk9iRDRGNDJYUE9OTXo3djljRW1zeW1Xd1R6MkFxTlA1Vmp4dXdzQmZILWhidVBrbHRDVGVBTXcyMldCUkJLNHdzZG44dy0zUHBKeDVfZm5weGF4NDAxUzNjT01GV3VtWUNUM3JXVGhUNDBJQVpLaFFtZmREUWhNSjJrMllPRGJZeVp5amh0R3Z4ME9EM0xhSGlKVVVqWHpBSkM0eGd0WWNINVNj?oc=5,WUSA9,neutral
Randy Clarke,DC Metro,‘Really bad situation:' Metro GM says Red Line issues point to need for upgrades - NBC4 Washington,https://news.google.com/rss/articles/CBMiywFBVV95cUxQOU4tMWMzSDhJTXptX3NjN3pMZFo3QzNUUnJmd3ZaM2VUblhkR2ZhS0ExQ09qeTVVX041LWN6RUFzbHY1Vm9PU2NfNENpaFJDSEdkUEFzajlhVk1lSTBaZTdtd1NjNGJwX1B3cFpWVFp1ejh3UW5tLWt4cXNwZmNqX0ZFeFZJRDdCTUpsUTdDZnlNS0FDUW53R1NwVkRPS2ZOel9WRmtINVd2Yk5hMWdzMUJkSzhxaDhCUTBMYnBQaEJDV2hxNFluQ0ZwMNIB0wFBVV95cUxOSHRqRkJZMGlQNFJNMG43Q2E0cGtZckdlWHUtM1VPeHhzSnJjUEc0NjI0Q3NNZ1F4YzNMeUZnZ1VXQVU2Q29nZ3FZNHN4RmZMc19MZmwtS3JpTGtVV2NkRkVNUFBrSHhQcEJKTnhDM2Y2Rk02dEdQa3YtQWlPNXhiTHVLM0dNUE4xbjNWR0l2NGR6ZW13VzlDQ25IY0xTcWVpeDJoZW5JUXNxSE9kYUJKcGFWN0Y4aVVlZWxvdFkxU0xvTk9KSUN3WFN0b3ZIR3lUUk93?oc=5,NBC4 Washington,negative
Randy Clarke,DC Metro,"‘Step Back, Doors Closing’: A Renewed Metro at 50 - The Georgetowner",https://news.google.com/rss/articles/CBMilgFBVV95cUxPRC10Q294Y3ppQUNBckx0UjlUMDBIVkM3amV6b0VaS3JFZDBGSGN3cUJHYWUxWjBVRi10TXhvZmxwdXE2RFZuRU5GeTRudENpTHFLb0NuRTg0NzF5bUtVRTFkZHpFT205VUhwWWlhdThOSGFWU0xnZmNFS1RCZi1WX2ZQeUloejdUNnRfTVNkTWc4ZTJiZUE?oc=5,The Georgetowner,neutral
Randy Clarke,DC Metro,Metro wants to expand Stadium-Armory station to handle Commanders crowds - Axios,https://news.google.com/rss/articles/CBMinAFBVV95cUxOTXRhUTNEMVJiRmdFaC13dllRY3JrWXlpUGVpb2RabmhEV1plSVJHbUVTVDNMOThoTFRxanhST19MVFRjRG9oUmtxY21VeFJ3SkttLTdXYmNUUUlZS3NBUGxaTml6N0VRNGVwYlJTUnNQeGEyeTNhODRWZFk2alZFemsxSnN4QUhmYUhxWGhycDMwcHNySnFKVUN1aFQ?oc=5,Axios,positive
Randy Clarke,DC Metro,Take a ride on the 'Gold Line?' Metro leaders discuss new RFK transit proposals - WJLA,https://news.google.com/rss/articles/CBMi9wFBVV95cUxOTC1CQUVYR2g2RDREY0ZRbGI2VXRrazcyQ1pxcWkzaXlWV1daUnlQREFqeDZ4ZlJPZEg0bzhvX2c1cjU0SDd1MlNsYzFyTUlYaFhfeG9zN2JYNlVLTjEyeGxwRjVmX2ZqT1htbnNESHVVcnBya1JCSmw0b0htVC1WaTgwelhDak9hNml3b0VGT1djWGQxQjhqekNBdVR6NWtWTHBUcF9kZkEzeUVTZGxfZGZxWHZySjFyOVhWRUQtS3MwRFB1NTRSdy0xVTZ2Mm5tWnFYRlVKRWttanBxRGZnY1lRQ1lxSTNTMjRmeHdBek12Q050dnlj?oc=5,WJLA,neutral
Randy Clarke,Metrorail,50 Years of DC’s Iconic Metro - Washingtonian,https://news.google.com/rss/articles/CBMic0FVX3lxTFBJZTdleXhOVUNuTlU4Vy00OGdRVW83NThLWHZDeG40Z25RZ1ByblFRaTRuNjJyaEhyRjZmOWtPVThKNGZ6dWNLeF9tb3RYby0zcUd6enh2YkRwQzhHRi1NRjU4U3p2UU16ZENKdG9WU2lKdXc?oc=5,Washingtonian,neutral
Randy Clarke,Metrorail,NTSB investigating after DC Metrorail collision injuries 11 - trains.com,https://news.google.com/rss/articles/CBMisAFBVV95cUxOSHFuNU93YnlyRjNNNmxHZUZsY3JqUC04RFVnSjFEQkdsZjFmbGNpQWVjdXNsQ1gySjBSSlJYbk5ZUWlJZWFwSENieVRZb1RLd2RybE5YTXU4WTYtOWFrWVFoMkRWWmR2Wm12ZHNZRVhSd3dDMVA4Q3dzY0JGTjhHbmwwZjFkUjQ3a1I3M001U0VTWWJfUGVVZ3lVTFZEUzh2RjlraWk1d3FKZ29nMlc4Ug?oc=5,trains.com,negative
Randy Clarke,Metrorail,Metro unveils budget plan to boost service without raising fares - WUSA9,https://news.google.com/rss/articles/CBMi6gFBVV95cUxPbEJUeU51RWoyakhzeHptWWJTeDZLd01KcUdSbER1U1Nzc0hhbW5iVUhUOTNvbURDdVlQemhSZU5pblBLdklBLVRQVTUwM2w1b1dQalJXRjFWVXJROUs5a0FqTGtlYVVhelk4WThkNnREMVlMUGpadjZRN25iSjBhYVVlS25vdGtxQ2tfVFI2SWp5QUZVZHNZcEpKbjlvcXJWWTROd1gxSUNoWUVGLU5nREwyZGVnbG44QVdrNkxNeVlrdXlGUW02eE95MVdHdEJrczl1MkxnSnZ4S2ltcTMxRUdoNXlwd0RLeVE?oc=5,WUSA9,positive
Randy Clarke,Metrorail,"Leaders say major Metrorail, bus service upgrades needed to support stadium project at RFK - DC News Now",https://news.google.com/rss/articles/CBMi3wFBVV95cUxNdnBRSHhaV1d3SDA5ck9QcThRY3RzYmhyWjl2c3YybU1zd2h0NHgxTkFzRWpVeG5RWWRvZG9oeG5XSmNpVkpnaDJwM0Exa0ZaaG9OaFhzMk42cXR0Z2pIM28zM1JyWUdhaE4yMkJwQk1YQ0x1NFZXUjB3azZIN3l5UEdyckhNWmZ2RklweGh2VWVsREhuUWFkYTlRVVpNaEdkYmFFbmY2OUxUczhweEpwLXl3YUJyWXpFbXRMYldja3BveUd2bnNxX01QWVpZdHRsb2Rvcy1kN2VlQVJ4QnBv0gHkAUFVX3lxTFBUOExOSWNQUzhoRkZUdXZUbmk1eGlSd2Q0MnIzVUp1dVpiR29wd1hBREhMbGozV0ZBa085RHh2aDk0V251eEwxWTA0WVU4NGNFSVdEQ1FRVFJGb0hLQTc4QVlJWTFsOS1mazRXejQ4SDdhYUdtR1BrNmdGSzNFMVR3Qk1WQzcwYlprVDZ0QU5TUF91bFR6cVV1U2VmbG5SUmR0djZkRWEwbFR2ajZyWGQzRXFZNjZxcUowNnJaTl9zT3I5QnpUSFlhVFFMT3pfYUwyaXlOTktjRXV4Njg2UHhQeWdTag?oc=5,DC News Now,positive
Randy Clarke,Metrorail,Metro GM Gets Good Marks In First Year. But A Fiscal Cliff Looms - DCist,https://news.google.com/rss/articles/CBMijgFBVV95cUxPTm5SdTZxXzRxRFZZWjVNdHBEa2ViWUhJSnhfY0J5MWRCZWx3WVZCRy04aENwVE9QaUtWN2RmOTdHZGo3UmloaWJOSHVSZGdvMkwzS3pLUXRIeEJkbkhlTExpZzAtQnFrQjZxTGVfSHIwNUhnbFM1YWNRaDY0U2pqSkw3aFZZazZxSWgyVGZ3?oc=5,DCist,neutral
Randy Clarke,Metrorail,D.C.'s first 100 days with new Metro CEO Randy Clarke - Axios,https://news.google.com/rss/articles/CBMingFBVV95cUxQdmtWWlFGMmFSZHZDM3RFZnF6aGFfMXdxQ1BzOTBqTlRnY3VVcUFOWVFSbWVDTjVHSXVuRWZOOFVNTVpLamZJOGdlNzQyYk1KajA1Z1A1RnVOc3M3dExPNjRsUXZ2OUpmelN2UnFGNmFHbE5JbFF5eDBaMW4yN3J0M091ek5LX0hRaVd4NXdlTlJXX1JQXzFjV3BIRG9yZw?oc=5,Axios,neutral
Randy Clarke,Metrorail,Metro orders employees back to the office by July - The Washington Post,https://news.google.com/rss/articles/CBMiggFBVV95cUxPSzVHRnRBQURIblJQQ2d6UXhQTWdSdi1YaUhTamw3alNVTW12ck45UWl3U0JEWVQ3ejNFM1pUNVpCVjBNRmRUWXRGOFJmZ0EyRFFaYnZjTzNJQm5wY1ZQcHVfWlpxSi05LWNiWmRPSEs2RzlqZUZsWkhqV2stZnpvd1pR?oc=5,The Washington Post,neutral
Randy Clarke,Metrorail,"A report card for Randy Clarke, Metro’s General Manager - ggwash.org",https://news.google.com/rss/articles/CBMibEFVX3lxTFBQbWtJWTc1bVBjLUtzbC1iaG5tbnVuY0dveEJYMGwtZnhpRHZnV1c3Tm96RVlBVEJxZ3Nja3FaX3Z0SXoyanduX3Zqd2ttX2pQSGlhYnBIWU5mMnktblhkdU9aOHJCcUc5VVZPadIBSEFVX3lxTE9QRmFGdUMtWlZMLTdJcDVnNjJEMk40M2R4eXBLRDlrTkNVQ3ZUMW01eU1PVEhfVFdoa3FidzRhSFl0YmJXMG1Rbg?oc=5,ggwash.org,neutral
Randy Clarke,Metrorail,Metro GM wants 8000 series trains to provide access for riders walk between rail cars - WJLA,https://news.google.com/rss/articles/CBMi4wFBVV95cUxNc21xSzhIeDFrUnhNMVJJUHh0LU4yZ24yajRGTFZFZzNEYnVQRGlxb2tBVHJkeEV4VmF1TVBPWEpuaWRiX0VZdGxNRENnaHl6QTlXUExUWmpQV2lPY1QzNG5nc0N3aHZjcHQtRVg5MjlBX2kzNVR5cDZVZUJWVXpzdFFvN1RNbjZtbVJoRzN5d1hSdkpEaGVrTTJnWUUtMjRVWmVDQkFDcTlnYnFTYTMtbVpCc1phUV9IUkZ6NkFRVzZiY1JVSUw0R0ZpNU1Va3lHVERkbWx3VHBmMXppelgyajNoYw?oc=5,WJLA,neutral
Randy Clarke,Metrorail,"Metro on pace for ‘lowest crime year ever,’ says GM - WTOP News",https://news.google.com/rss/articles/CBMimgFBVV95cUxONDVyNVRGa19xdnJnZ3lENXpzS1ZZamluTnBSc29IZ3hjcWxhZFVWeEFWdFpZeWFSek56c2pRQmVRNWsyQWVQeHJEcEZ2TW9LakdzYXF2LXNuN0lVSE9ER1ZqR1NsNDlpUjZsQ2ROS2JIZ25nQy14dHRqWml0dTRSdXl2cmxrbW04SXV1TTBMRVRCZktuR2ptM1NB?oc=5,WTOP News,negative
Randy Clarke,Metrorail,"Metro Budget Proposal: Low-Income Fare Program, Eliminating Peak Fares And Increasing Service - DCist",https://news.google.com/rss/articles/CBMiZkFVX3lxTE16NV90Q1ZyTk5HSVZVenNrWWlQd3F3QXNKRUNZdWgwRE91VkFDbGFUZWM5TTktVkRHdjl0aTUzYXdlN3pLNlJhbkdCLTBOc0Q1RFpzUllueWxPU3B5VUxKVWE3RWg2Zw?oc=5,DCist,neutral
Randy Clarke,Metrorail,Metro plans to return to automatic train operation for first time since tragic 2009 crash - WJLA,https://news.google.com/rss/articles/CBMi-gFBVV95cUxNdVpGZ2xOc2kzXzU0NlJhOERMenhxY3owS1U2NWhWUUhPb1lXOWhhLWNQVnBHNXFNRVR6V0JXSkFVY21MaVF0cWt3a1VxcXdqSEFOVm91OTFDWTFPRXR1Mm5VZUxYNVhaMldOUGEyWHhvVU1oLVF1MVJ6RFFMNk9QblNobHh0UUVuNTlMVHkzMFpNQ0h6dnV4WS1UZWh2MFJ5Qm5SelhqbURtOXRUeDduQXUyOGhUcXNTWjc1emZQaWhYVV9BRE9qMEJJYWZnS1VLTFA3MWlBNHBRazBmQXVDMFdxRDFkckwzNU5xMENXVWN4V1dVV0JycHR3?oc=5,WJLA,negative
Randy Clarke,Metrorail,The path to one million Metro rides a day starts with service enhancements - ggwash.org,https://news.google.com/rss/articles/CBMipwFBVV95cUxQNy1nZUFiY2JMemQ3SGE5M2dQUHROUnd3OHZSVzdLR0M4TTIxbkhMdGVDUGFPY2J5SXBOT2pRWTh4X1c1UC1vcWI0NG0wQ3ZfMHhLeG0yOGNxNkFhQlNma0ZIODRYVU5QY05NbURSS0pidGF1cEhsUW56SHdzaGFUTjBpZjRKYXpIZ1dZLTZUYlNCdjNpYVljSWZZY1JJa1UyZ3BXemw3b9IBSEFVX3lxTE5fVnloZlBFaG90Y2loeHhuSTJydUQ2dGU3dy1GUU5FM3lUbnlNaGt1UVg3dF9oWV9VZUhaVU5Ld2g5OUVWRU9QVw?oc=5,ggwash.org,neutral
Randy Clarke,Metrorail,Metro ridership nears 5-year high as federal workers return to offices - NBC4 Washington,https://news.google.com/rss/articles/CBMi0AFBVV95cUxQem11M2Z0Y1JZaWpXRENtdlR5TTV1N0VYUFVyWG9LVEF3N0VnRzliQ2Z6ZS1LMVdCWnRfS3JKLU1GM1p5b05NSU16NjAxRS1yczM4R0hrM0NOQTlnQkNFQjVnRUV2SklfS205UF9nNHJjcWFfMTZycTFud1QyVVBMcTUxTFRxRXdNRTBieWRlN3ZzYmJEZmdvTzRLYldET2xBRjdSRnJXNHZmWm1DY2t2M1ZmQm5OTl9Oem9fNDZNY0ppTk1EeEFRbEphZXFXTGx00gHYAUFVX3lxTFBtZHhRNDgtRzdYSnBjWUdMcElUaXpBdUEzR29teXJmU0lpbkhOME1PNXlCcVd5R0hyb0pJME9udk44SVZSYVlpX1BSaGVrN3BWVHZvbmhwazVpT0Q2VHowLVRURzZiaml1Yzh3ZjF2Q0FvTER2T1A1YXVlNXJCSjQxQlRZMTdoQ2JMbU5NUjBUUDRyUXhBaTM3UUpoaklNV0VTeWJ0T1Q2WmVpTzJ2UE5CYUZSM3hOYVNBaDJjNkc1YVJxcG1PdlVkTHppSF9xc214WFJaUGZfTg?oc=5,NBC4 Washington,neutral
Randy Clarke,Metrorail,"Metro proposes heavy discount for SNAP recipients, changes to Green, Yellow lines - WUSA9",https://news.google.com/rss/articles/CBMiiAJBVV95cUxQZ0E3eHpGOFgyNU9MRmFJMU5nendmYWxWdmJ1bWxPbmRiSzhNVWhwTEw4TXI4NHp4b1lvSjhxZVJTZkxDMVlfUkd4ZDh3ZG44a0R4WjVpbjlJYm9QaDNGSkc4Z1dEN0lMc1Byd21pZFoweGtCYWlMZnpjT2stckFlb3BzaWhDUkl3SG1GeFgtb2c3TjYxckh6c0YxWWFldUdCN2E1MzdsbTI0S0pzVnNlaGhETFo3X2xVbHpkbFlIMC1icXlVMXNkVGRYZnJyamtZTXdFc0tmemJmX0hRQ0szTDB3SE9aV0lVV0o2Z1o3Q29wd3dDS3FlYnVISXVWZ1BoTHF4S0pDaXY?oc=5,WUSA9,neutral
Randy Clarke,Metrorail,"Cherry Blossoms, Pride Rainbows, Fireworks, And More: Here’s Why Metro Is Decorating Its Trains - DCist",https://news.google.com/rss/articles/CBMimAFBVV95cUxNMHRUbXdYdkIzOGZxNk5LWmtqUDFCcFBSaFI1ZnF3SDYtZ2FpOTRXMnlmS3NCZXc2dS1salF1N2VZZlcwOU5lcTJVeTNySl91cE55NjVwdU9XNDY0QkM2cXBfRHFCSmVTSFNTd0hpcFY2ZEZrX2FDQWtGTkEzRkUyakppR0FPcW5HUDY5VzVmU04zNUhvM0J1VQ?oc=5,DCist,positive
Randy Clarke,Metrorail,D.C. Council Wants To Know Why WMATA And The Metrorail Safety Commission Aren’t Getting Along - DCist,https://news.google.com/rss/articles/CBMiwwFBVV95cUxOaXVBQjV4LTg2d0ZrZjVJWmRqSG5xSUVGVkVuRm9uLVJ4UkNiMHlYbmVxWmkxMlBSNDJxVkxTMGdMRzNPbzcxWUxWU1hTX3I3QTA2Y0NoMUlidzF2RW9yM0tpdExfdE9KS1ptMzNoSWV5QzY3dWg2YVpmV01odkJyRV9vMkE4WUxUc2JoT0RxQ05qeEt0dXRrYk9MOTRsV0EwNFhWNS1iaUhPcUFaNFJvTkRVVlpIWU9UcE9iZUhRMTdmdE0?oc=5,DCist,positive
Randy Clarke,Metrorail,Metro has free rides on Fourth of July. Here's how often trains will run - WUSA9,https://news.google.com/rss/articles/CBMixAFBVV95cUxQY1pTNE9aVTJzdmtLZ3lObk9wdnJsU2lHSXVQaEZvb2tQZlF6NG9PcEo1WXlqVzR5ZVVOc0w5SWlFeWNIZWVwTHRsUjBDb3dHdjZGQlByLUFFSm8zVjA0TmIyc2ZMenRoRE5MN0I0cC1OMzM1NVc2RjVFc090WlJyLVhMTXFQUnlZSEJJamNXcURQMmhnbXlVbjhHeDFVZXdyYkhvZUVLNmFVNm5va0tHVDBnczhuOEFQcV9qdHRJY0xwUy1r?oc=5,WUSA9,positive
Randy Clarke,Metrorail,"New Metro GM faces safety, financial challenges on first day - The Washington Post",https://news.google.com/rss/articles/CBMijwFBVV95cUxQYVNBTW9Xdktka1hNaWFrZnI3bGstYmZSX3JaQ1FVcVRGWERDWDNpVEpzZmpWTEpmNVc1UWtjNHBfU2dnU1dacmhCNGY3THJMR1d4M2NmcU8wcFlqRnYtUTB0eWdMekdNNGdQWmhZTmVNZ3BDYk9MSy0zRjdZUEtjTXRiS2hHQjFqaW84VEVvYw?oc=5,The Washington Post,positive
Randy Clarke,Metrorail,What will Metro rail cars look like in the future? - WTOP News,https://news.google.com/rss/articles/CBMilAFBVV95cUxPTWxVVTF5V1l3eUF0VWxqNDJzWk50NzJwQUJ4Vjh6bmxGS0NINVZRcEMzME1yN2RDcEtCWG4zMFJwTkpOQlF5Y0xFZ0huZkp3cDEyUHRONmlaRHZVczFDNEZ5TDEtQkF2b3dkTmxVODNWa0dhQWpRU21VMlNrUUxhM1ZvSktNZEpkVzM1QzI3RkVDOXdn?oc=5,WTOP News,positive
Randy Clarke,Metrorail,"Overwhelming majority supports extending Metrorail to National Harbor, survey finds - NBC4 Washington",https://news.google.com/rss/articles/CBMi4AFBVV95cUxOOUN2WjBKNFd3WHNmajZ1YnlhdGdaWXJMNWVUM3h3SmZIMDNCalZoWmZxeXdFa0ZpVUdKMmZWenctemFlX1RmU2RjQlRJRDBxZVk1b3VabWNpT2RfWXNNc2t0Q3BlSjdGd1Q4NXllX1Z2dHNXaTFrcUsxbFlnWmk5b1c3T3B5emdRT2hOU3piUUNQMFk0dXlxMElONTRTcHNlaGJUa3FiaEFmLUVpUFN6cUF1MEVhQ3ptVnptUWVSdHRuZUI3ZVdDUjhKeTY0VXBmRkdYaHhLeXEwWjdQWmM4cNIB6AFBVV95cUxORkltWk1XRV9tUlJXWFcwZ0ZiT2lkc1cyZlUxamlZS0tyRlpaTkZtUTd3RC1rVUFVZFJ1VjNlZGticmo2Y3pfRk56aFQ4UmxUUmhWek1pYkY4MEh6dHZBTUVzN1FTa3ZkOTdkX0o4RmZIVUxtaVl1X0I5SWl1UEh4aHNxNFB2ZGlIWHRKTjNjampnci0wUlQyMkdEZFRKbHZ0a3BwaEpYSzBDblR5b1ZJbFlEY3FOWXZHZGpBUXE3OFFvRTM3QmpMekd0NkVIdVhVVzdVNkY5RW5FYk5MZUV2WlI2YnYxWWhm?oc=5,NBC4 Washington,positive
Randy Clarke,Metrorail,'Growing safety issue': WMATA Board of Directors address overcrowding - WJLA,https://news.google.com/rss/articles/CBMi2AJBVV95cUxNY184Y3FKNEFreUtidlRsNnBzVjB0QlpzWVJGOFlUTGhXeldrYUZPMmVENmdXcDhBeWZ3Rk1NQlNyYkd4NUd0TG43aTJHNHpfTEJnX0ZSZllteHlSbFo5andHRzVqeWFuUnJVUUFpcEI1REhnc2hXSVVtaTVWM0dBMDg1Z2pSYkxGNmlzNm0tVmdreTFGZmRwREl0NUhJVkYySFpJZV80OU9zZG5QYmJnVWhVcTB1Y1ZWX3dRbGpoV3NUM3l4TzFwVXJMX1pwaldBakthYzJzeWRoTnc1UEgySGFtZWg2VkFkNWdkOFNpY0s1bm5XRVd0RERGYmljZXBVS1IyZ2QxRU9RZkRnSmY4TDJHSlpsc3ZPOGxFR3lmbFU0djlzZDVyMW5yVDQzYjZwWHVraXFNaHBCaUVZTi1PRTAtbS1VaHk1Y1lwMW1iSHV0U3ZqUm9MdA?oc=5,WJLA,positive
Janno Lieber,MTA,Op-Ed | The MTA will continue to make progress for New York City | amNewYork - amNewYork,https://news.google.com/rss/articles/CBMic0FVX3lxTE5IaE93dHhfV2hjOEtIdGpKWUN6WlhkZDlvbVhsRWlVY2g1MUpoZkZQOVhDSEtlZzlEYjhmdUNoWkJyNWZ5cWU0NDVkV0N6N09MQkQwQTQzMzRnZjdiRDVCemkwQnc4bHpqdE0tMzZFS0pnUms?oc=5,amNewYork,positive
Janno Lieber,MTA,"Alumni @ Work: Janno Lieber (Law ’90), MTA CEO - New York University",https://news.google.com/rss/articles/CBMisAFBVV95cUxPZVc4b2hoc0RzZHh4eEhLTXpaZHZGZ1o0V2Q3ZkctYnZxTU5yT3otUDBENU1OY0NmRFBFTVE5WUJVRFJIZTVwS0NVMWxUZW54YlQxejVDeXIzQkV1SGUzXzR5X1RkX3FrVGxZQ1NoYkItNVZtbE9iNzVKbjJodDdzUzYxV0hSc0Mzdm43R0dMRDRuY3VrZkY2R2d2dEZPSzk2czZsc3llTG5oTEFZVUd6Zw?oc=5,New York University,neutral
Janno Lieber,MTA,"Transcript: Mayor Mamdani, Governor Hochul, and MTA Announce Plan to Lower Subway Platform Temperatures and Harness Thermal Energy in Lower Manhattan - NYC.gov",https://news.google.com/rss/articles/CBMisAFBVV95cUxQZjJGYjMzT3JKNUM5UlZaSi16TzE3Q0xueDdKaVFsbFBObTNYMGJGTXFmdEdvU3pzMDhyLWpuMWgxUW0tTWpmclQtR2ZXdzhZTDJMNW8yUWEyNm1MX3k5NElEaGVRM0R3bnlmWTgtNGU4WTl1cnVuRW52VVM2TjFfZGl0VzM2cS1TRTVzYlF5RGQ1Ym8wdUc1eGd0R3pWcVp5azk2YnN1Y2ZjN1JtY3YzUw?oc=5,NYC.gov,negative
Janno Lieber,MTA,MTA boss Lieber wary of signing Penn Station agreement with Trump admin - New York Daily News,https://news.google.com/rss/articles/CBMijAFBVV95cUxNZDdFQXJ0NGlxS3Z4UUNTWTJjeW1LVzhDUFBaVjhySjhDSkpFWUZrWXgzdWFvcjZqUGwyQmhMbGsxbGJROGFONzlsM0t6RTZPcXdmb0tpaHRJWnpEMm9EVENFNU93SlNScmx2MWowc2lGdG44ZTJYWmlXMDA3MkFPcjl2REhwXzM1bzZDNw?oc=5,New York Daily News,positive
Janno Lieber,MTA,MTA chief pronounces ‘golden age of mass transit’ in Queens during tour of LaGuardia Bus Depot - qns.com,https://news.google.com/rss/articles/CBMickFVX3lxTFA2VkpkbUkxUHZnTnpXV2JLOHczd1NYSGlOZ3EyMkFoMHVaWDlqcFZJdUtzQUo5dnFiZVJkRmNyQ0l6QnVwOHdHRFVmb1FkUWxMeXZwcS02VHVwamlsc0NiVlNWNm1pc3M0bTZ1SkxtUmFuQQ?oc=5,qns.com,neutral
Janno Lieber,MTA,"MTA chair calls Amtrak's Penn Station planning 'bizarre,' declines to join as partner - Gothamist",https://news.google.com/rss/articles/CBMipwFBVV95cUxQZDVnNlM0ekw5XzJQanhDekdxVE9DUE4zNWZlY1lOLXhNYTZGWEdIUGhmZkNpdEx1bHppeURnWVFtYXVCZlBGWnU4OWV3Z2dOQTQ1WjBLMDFmaEJELUtUNWJhTFNSMjJEcTFWZktmRUlPVV9fWWs0UGFGTjFIdkJ6eDhBSFQwWGsyMk5JejNYR01ObVBJYWF0LXNVOE9kSzNRcFB6eWc2RQ?oc=5,Gothamist,neutral
Janno Lieber,MTA,MTA CEO Janno Lieber gives update on negotiations with LIRR unions - cbsnews.com,https://news.google.com/rss/articles/CBMiqAFBVV95cUxPTHRmU2x2MW9vS0R3TkxqWXRQaHkzcDdEVjFEUzBGMVJLWHlaVFF0VjdlLWxKMjNhNDZSTURZYi1nN2hOUG0xRVM1WDd0UTFSdy0wYUtzQkMwOFRBQUhwRjdIOV9SaFpzb0FKd3Z5SWpxX3JzbWN2UHpGUUVlM3VLRGdZcDdPWktHWmpUdGh5QkhERzl0V3JjcS1sNndkV3ZNRldydFpVMXE?oc=5,cbsnews.com,neutral
Janno Lieber,MTA,Janno Lieber Op-Ed: Hochul’s Insurance Plan Is a Pro-Transit Plan - Streetsblog New York City,https://news.google.com/rss/articles/CBMinAFBVV95cUxON0VFM3JhMXFlT05TR0FGZGZsbzltZDBVbk5rNnZmUXgzck1FamM2amxybzhYRHE3Z2xvb3VLdTRXRkVVZ3d2bWZRQ0o0am5Vak5SZVFOaWljRnVRbUpxa0xJMVhKMlNoUW4xWXJoemJHWkpxSS0yRUdFRExBeHVZUk4zak0tWV9BV0JWSzdERnNfUXJLMzg1RGx3Tlc?oc=5,Streetsblog New York City,neutral
Janno Lieber,MTA,MTA boss makes bus stop in East Elmhurst - qchron.com,https://news.google.com/rss/articles/CBMiygFBVV95cUxPWERxRjFjX3VJaHAwTVJyYXdGX1VTeWotU1hnSEhzdWRESzN2MnVJRkJhZnltcWE4cFhhM1RJeTdKZWNXTzZzYXF4cVllR2pLc3laQS05bzlHMndGUVktdzQyVC1VV3hrTEdHYUJxeUhteW1HRWFYY0tDMHlUQkgzZ0MzeGJsc245YnVVNm1PSXY3QzZ3YkJmcExzeE5hcmdxbmZqRmtyalVWX04wLWQtNmFtXzh3R2hiZ1VocnE1eFZ2bnAxTU15d1dR?oc=5,qchron.com,neutral
Janno Lieber,MTA,Statement From Mta Chair And Ceo Janno Lieber Following Strike Announcement By 5 Lirr Unions - News12 | Bronx,https://news.google.com/rss/articles/CBMi5gFBVV95cUxNcG9kZS1YX1lLRVdNYmd5bXNBNGlCaXIwSS1XbncxSGVoYlk4WlhiX1lDd3BEWk5CSG9iemU3T09ELUdvZnF1Q2VWbFkycC1SMWhqcGxsdFpVblBiaXdNVzZHaFRWWVJuTFF1dHhiSkh0SmNQMTRuLWtJUllrcDk4X1gzZ3dhQjQzMzFackxBaFMyak5CTkVqb2o1akpTczY0cG1EYm16LThEaUxoNXc4NWtzdWt2Wjl1Q3ZhZXhVcWpLWS1ESzBETzVpaWhnd2EwdFRZOF9VZHI1UmVvRVFKNWYyNnV5QQ?oc=5,News12 | Bronx,negative
Janno Lieber,MTA,MTA boss slams Amtrak over its East River Tunnel project he says snarled LIRR service as first phase of work is completed - amNewYork,https://news.google.com/rss/articles/CBMikAFBVV95cUxOUHNvRWRQa3d1YTJDV01hblJlc2JaOExsZ2pmckdPX1V6NVZOZUJyT2QzM0Zsa1pJLTRKanhkMnRpYy1hay16QzVibzlhUmY3QXJNZHBzaVptR2JXenY4RFpDQlk5WkdxbzluanJKb1BYSTExbjlHM2ZFQmZna3RUTzdqMExaTnFFdU54cXJIWnU?oc=5,amNewYork,neutral
Janno Lieber,MTA,CEO Janno Lieber says MTA is ready to resume LIRR negotiations - NBC New York,https://news.google.com/rss/articles/CBMirgFBVV95cUxPV1Utd2dUUy1YQW45U0V6ejh4ZlFyUi1BN1RzYVlBZkxRM29tb2xKY1p0Q09RcjhRb2o0QXVzc2o2UUdWT1RhekNiaHVRTWVhNmtfMG0tcndfWXpvWVcwUllaMm5NUzItdF9FQ2ozeEoxYUo5OEJGYy15bWRUNjZCWVRhcEJhX0FWWmlEZmJjNUs1TGNOU2NIeEViYXozQ2dnUW02R2h0a09rZUxNM3fSAbYBQVVfeXFMTzBZRWx0TEh6Qm00QVhTNGtILUQ5NG1vWGhrYUlHdHdTNFNEU21mME14VEFXaXlweTZ2WEZITXZ0dGZ1VVhWMXpjOW92UTZCR3dhMk1sN29XNFJmWlRETzU3ZW9ueUFtWjhtV2s0bTZUN0FlT3E4d2N3VWkzSml1eFRxRjlNVmNrTW5vaGJLaUlTU3FEZWtwU2staHRWQkl0cjRSaUtMby10ZF9SZzdrYXFhaGJpZ3c?oc=5,NBC New York,positive
Janno Lieber,MTA,"Lieber Strikes Back: Questions Penn Station Costs, Declines Amtrak “Partner” Offer - OurTownNY",https://news.google.com/rss/articles/CBMiuwFBVV95cUxNVU1kWlN2X2JmYjRfRS1QV3NXUnl2TF9YMVVKTE9qZnh6dU04dTdsT2JlSUZHdTlYMGgxV0Fic1VUaVpTa0V2dE43UjlKV1hTWnBzT2J5LThDRFFNZjgxaGxoLTU2YjluOXNMajNaZHFwczlKeGZ0NGpQRi03NTA3YTluSGRFOTNNNGtlQ2FQVGxBWExLb1RpY0RHa01XS3JpTkhDdTVCOG9xRTBWMy1YWHhmaVpvVXlfQlZ3?oc=5,OurTownNY,negative
Janno Lieber,MTA,Steamy NYC Chambers St. subway station targeted for high-tech cooling in MTA renovation plan - New York Daily News,https://news.google.com/rss/articles/CBMiywFBVV95cUxQU1ppVko5YVdyQTllUXRZWEpZRjV6WnVJbnhlbEdQQkVnQXAxblBXWGV3UGR2SkRVNE12TUVuN3dZSFBMTEFvMG1FdUhDd09Cb1B5REN4YUo5VVl0a3hwaGxzbW9zTVhQVzRma0hPdUFIS3JWeWloS1hqSkNwcURXSkx1alNyUUNhZFFPTktDUE9ENU5GUHBrMS1HeGlZYXFyeUZuRnY5N0lMMmZZWm9EN0d2Z3dMc1pjNXlIRS1aVkVtc1VpcWVoTWNXYw?oc=5,New York Daily News,neutral
Janno Lieber,MTA,"LIRR strike: MTA Chairman Janno Lieber says sides making progress, workers would be 'crazy' to walk off job - ABC7 New York",https://news.google.com/rss/articles/CBMiywFBVV95cUxPSkZIbHJEMDhRd0tyM3JDbk8yZU43NndQVllkX1hFVjI1eVZFUTVFNlgzai1OT3J2U2w0bVhQbW1tb3lHNTM4XzdEZEFRUHl1UmUzNi1nSWs3cmRqOVp2ZTlvVmhUM2tUSGZXWjRJOEdFemczanpVYWhfVHVZc0lLTjh4bkNhQU93eXJtMGtnWXRrRHRWbVlvYXlkN3AxYkxoclBwYTJyMmZocHotejliTmI0NUltWVI3amExSFU1MW5Wa1FuREpEaTAwNNIB0AFBVV95cUxQaUtuMFgweVVoRXlnTDk1NkYxTENlYTRMMlhCQ1RfbG00YXRUOThMM003NTNPeU5YeFFUY2ZwdkczU1F0b2p3UmVpTmdvX0RaczdIbEl0Qnp2c1RkN2cySURxNTlnTkFrUEJoQUptTDBsOTNsbjRuTVdtd1JSMkdIQUlzdkZ4NUJJVGJHVFEtZTZfbFE0SUoxbTU0clpjdlhqdEVGdXhGaUJRVVlqcUc3R3NqeGhVZVpBUWpoMlhCU0ZpeWFtYUs1QjJIQVBibkJi?oc=5,ABC7 New York,neutral
Janno Lieber,MTA,Press Boxed: MTA Boss Accuses Amtrak's Byford Of 'Gamesmanship' With Leaked Letter About Penn Station - Streetsblog New York City,https://news.google.com/rss/articles/CBMi0gFBVV95cUxPbk50X2sxdE5HM2t3Y3h3QXlUbUJGX0pQd3ZZSHIwaXp3a0hMcWMyczY1OFpDQS1qOFRyTVRHUEx3THI1VzJqNEg1Y2VQVF9acHBzRFN2MmRKMmN0MFRzaTljUFhBczFlRE1JNVRzNmZnUjNNc1VZenFXM1NiNUY5Nnp0THlHNF9qQ0hmLVF5MmxBcW9iLVEwaGpwaEt0ejVVYm5tQU9QR3FTNGdkRDB1bURXOWNOTWdWNU5fX1FtY1ByTklaS0hhZEwwZ3RmUFY2Smc?oc=5,Streetsblog New York City,negative
Janno Lieber,MTA,MTA Chair Janno Lieber says system is ready to handle severe storms - cbsnews.com,https://news.google.com/rss/articles/CBMiqgFBVV95cUxOQ2tZTzRvZXpFMTkzdHdNQlo4aGJTT1dCMjNVSC12LUt5Z1lXaWNZdWZVREdxTVNicXZyTlNtYnAxd0NTd0VfSVprMjlMNDdjaFNxT2dvcTNaTE5lN2s0NzhZc0p4TkRxeENmenRFcFJia1FfREtUMzlVeVJIVjl3bzByMGZKSjRjN3B4OXhZQ0lNaXgxb1hnN2JROTF2U0ZsRl9OaHhJSFhLUQ?oc=5,cbsnews.com,neutral
Janno Lieber,MTA,Pulling ‘a fast one’ at Penn Station? MTA boss Lieber accuses Trump admin of trying to bamboozle agency over redevelopment plan | amNewYork - amNewYork,https://news.google.com/rss/articles/CBMickFVX3lxTE5mM2Mxbkl2UmM5UzFOcUctRnpQYVZmWWQ0OUQ5blJOU3p0T0IxQXo5T0hKQWhfWjZtQlZzQWRNLVpoMHRnOTlWY3JVcjBMNlkyazV1bHRqQ08zaTJhQXdHSXNYaUtkUWIydlF4NUdqdW9KQQ?oc=5,amNewYork,negative
Janno Lieber,MTA,Bus-fare evasion is just the start of Kathy Hochul’s looming MTA cash woes - New York Post,https://news.google.com/rss/articles/CBMinwFBVV95cUxNajBDakQtUkEyaXdnSllCbE5OVnMzR0p2dTR5N2VGaVhpSmpKTnZNQlMzU1hmMVR1cTdjcGpTYXlZU3U3a1FYaUNPOWd1d1VOaUFydVphN0d5dm9ZUGlpSm5GOEdKVklVN2dnUlA4YWFkaXZoak1vMHV1U19hNXRnUk53Z182eFdndVRWMklWaGg1WExhMEJaMllnVlpTMEk?oc=5,New York Post,negative
Janno Lieber,MTA,Gov. Hochul moves to de-escalate Penn Station fight between MTA and Amtrak - Gothamist,https://news.google.com/rss/articles/CBMinAFBVV95cUxOa3VsS0hnWHEyaEpMMHAwRXQ5cXJ1VXhTcmN1QU1XRk9fNC1zZDBWSWNzQmF1VUhnX2hZZHhtT0JyZFZrb1NDTF8ya0dRdmQtTHJxWVBDYnRORU9NVzNObnBTTUc4alNmR3lqVzJYWUY5UC1ZMV8xXzN5ZHBZV1IzUC1MWEVDNzhRVU5GMVZLWUhqMWtZUmJteGFjVW8?oc=5,Gothamist,negative
Janno Lieber,MTA,"MTA CEO Janno Lieber says progress made in negotiations, but no deal yet - FOX 5 New York",https://news.google.com/rss/articles/CBMiXkFVX3lxTE01YS1BVHUzYjdfLVk0VzNyNENZVlkzcVFrcldwOTVUMUxrY1hfZ09BQXp0SVBDWGhRWXR0dVBGT3c2VjZOMVhqQU9LQzRMU2Y1REZsaTRLcjJoNm54YWfSAWNBVV95cUxOSTlzbEc3ZW9xTXp4WEctamlEaUlSMnl6MVl5bS1NY1lrNmh2bThjYzZtTVF2d256Q0YzQnZJd0IzRmt6X19lWWhqWFdNN1MxbllTUFN3VE04eWl0WWUzU1NrMXM?oc=5,FOX 5 New York,negative
Janno Lieber,MTA,"‘Deficits are starting to return’: MTA faces fiscal headwinds as increased costs outpace fare revenue, officials say - amNewYork",https://news.google.com/rss/articles/CBMifEFVX3lxTFBic0JvTTFxVWZPd1k3ZWRwZXVyYXozSExRc3RSS3ROUkFvWm5zWjBMa084Q2o0REM4Y2pycTUwYXg4VVhMVEtfUmpVQUZGeE9CMG8yMlZmSTZxUUtQQklSQjQ3UU9TenRWSExxWDdNNU5CUEFmZWhNRkpQY2M?oc=5,amNewYork,positive
Janno Lieber,MTA,Trump Administration and the M.T.A. Clash Over Penn Station Redesign - The New York Times,https://news.google.com/rss/articles/CBMikAFBVV95cUxPemx2YzhncEJIT19vZm42S2l2b19wZFJ2QlJRVERpM184MVkzSENiWFR1dXFzbWYxQVBYeU1Ta1d4cHBOQ0JET2ZNa21VLXotUnp0X29OUmlZdDh1Q21ZaU1fRTU3Y3dMUGxidUQ4REJwdmlzNDNQRVZOSlowY2h6T01kcnN4aVRKUUZKTXA2YzM?oc=5,The New York Times,neutral
Janno Lieber,MTA,"MTA faces $300M deficit, pointing to 'uncontrollable' labor, health costs - Newsday",https://news.google.com/rss/articles/CBMiggFBVV95cUxQUHZ6ajBSakMxYS1mRXF3QzVySC1UaTZrSk1hMVlFdFVLR3dOeWtTaE1fT3NNNGk5eWVIaEUyeUlMUGhRSlJ1X1BIZ2FaWVZmUGZkaEhaRTZ4aW9fdVhQTlpGbmlCVS1RaFI4UUlpbjZtNGROaHVObVBwemZGWUs1Umtn?oc=5,Newsday,negative
Janno Lieber,MTA,MTA settles suit to make subway elevators more reliable - Gothamist,https://news.google.com/rss/articles/CBMiigFBVV95cUxOLVBYT292YmRLU3UyTGNaUHhQOTJsZEk3dGtMS1ZESzhVMm1Za21idTVJU0JDd3RfZXl1d2tMMVBjcmVFVk4tV09KeHdlTjdoY3c3bWdweGJ0X1VBdEZOTFZJb3pUOXI1OXlUc1BUdDl6azFoRFNVMWtpX3RiWGU1cVpLaGFyZlk0c2c?oc=5,Gothamist,neutral
Janno Lieber,NYC Subway,"Steamy NYC subway air would be sucked out to cool stations, heat buildings under proposed plan - Newsday",https://news.google.com/rss/articles/CBMifkFVX3lxTE1wZGdPVHNLZUQ4MEdiMlhJdnFmelhWS1RpLWpPZ1J2N2dCbXgwOERxNEU3d2ZKdk1INmExVm5yWDRRYVZzMEpyanV0YkVic2xVVXlsQXF2ZDJ0dkkyZlhhdlFlVlVkS1g0Umx5RW9FYU8yNEdrTXpQenJzSXIyZw?oc=5,Newsday,negative
Janno Lieber,NYC Subway,NYC cashless vending machines popping up at some subway stations - ABC7 New York,https://news.google.com/rss/articles/CBMikAFBVV95cUxPejJtVXlrdDFsdWZDSFBYTk9MUDI3d0lsV1l4MEU0SlZIQjk2cG1xNnF4MXA0UHZMbXN2cjh4N19QTERkeTAySWhzdjMtcHBiMnIySE8zVnBwOTNGVVVTbloxNnkzYzE2T0wyWDdYckxfVUI2Qm1yQk5CeDY1dmdnd3N0bXExQUpPR1FFVDVZNkLSAZYBQVVfeXFMTUxWQllLc21pS0tvMTc0VVE3YS1NWHRIcUF0b0xTNDduQTFmT2NIeHNXWDdWaEhyZEtsRDRvUFppRWs2RlNSV3pjVUV6MC1TOVVvVm1JbWFZZFdZaTVZUVN0eTFBQThiaFM5WXl2UXlyUnZPdkdHZzcxWl83V1Qxb3Q2NUtqS3V4LUpXUmNrRDBESDhrRDdR?oc=5,ABC7 New York,neutral
Janno Lieber,NYC Subway,NYC subway accessibility upgrades cover five stations - Railway Supply,https://news.google.com/rss/articles/CBMiiAFBVV95cUxONTlFWUdvamFFbUk0R0dNUFZGakdJVXYzVm1RWE5IQ241Snh5bE5rTmZpYy0yZjV6ZXVJcEs3VWVfU1RIOUNzZWc0RVFIWDJrVXlEN3N2YUNWb1VoRXVWYXV4VzRNSE81cTNob3pmeElSbW0tbkdOMlFIb0NzYkFwLVd6VDRCb21I?oc=5,Railway Supply,neutral
Janno Lieber,NYC Subway,MTA to keep viral Knicks-themed NYC subway entrance through 2026-27 NBA season - New York Post,https://news.google.com/rss/articles/CBMipAFBVV95cUxOcFAxZzhqcEVVUXRjN3dMbVA5TUhSbTYyczhsZEdJT0IwWldtYU5RSmdBdk1oeUI4SE5fc2NEeTkyUG1qS1RWeFU5SWhzeUVPM3BiUmhVejkxY1VHb0ZHb2hXY0pKTGxRanFWMkc1ZWFGVXdTYWlnN3U4NFpOb0ZXUHVQTnNFakNGelU0N0pDQmdEVEJWMGdXVy1KZmV2aUhqLUQxMg?oc=5,New York Post,neutral
Janno Lieber,NYC Subway,MTA and Mamdani tout a new day for NYC buses after Eric Adams stalled projects - Gothamist,https://news.google.com/rss/articles/CBMiqAFBVV95cUxNYjhXMkNmNzFiTFBaTHlUanN1SWlWOE1yekJsSnRJMmc4TUszRlc0U2gyeEkyam5FMXlPZ1VQeGV4ZGNMM3FMTTZlbEFWb1BBd0kwYng1VmFMSHNGU3BkQV9HbWk2RG5pNDlRR2hzUGpyM01vZVJBU3phcHpyNWFuN1hxRUFjdmNsYlNiZ1JwTVhNWHA1VWZYcUc5Tnk1cWlfaUsyWTZRYlg?oc=5,Gothamist,negative
Janno Lieber,NYC Subway,‘Rail’-ly big deal: MTA requests proposals for largest-ever new subway car order to replace number line trains - amNewYork,https://news.google.com/rss/articles/CBMiekFVX3lxTFBmQURWV3lyY01ta2RlS0xYbXZ4SGZ2SDBfdmFJUjZDaEN0VE5yUGpnRk44YVV0QWNWU2hfa0dENnpiYnBzNmU1Qk1BV0wweWxWU1hLV24tOUxIcTg4WWhTQ3Z1WUpwNmRTS0RULWM2V2Zhejltak05UWx3?oc=5,amNewYork,neutral
Janno Lieber,NYC Subway,Amtrak calls for MTA to partner on the Penn Station rebuild it once led - Gothamist,https://news.google.com/rss/articles/CBMinwFBVV95cUxOZGNzejE3NGtPdlgzYl83enZIN01Mc1NjSU9hYWU2dm9pdFh6TzdNVUp5aGFralpOZ2NGYWpRZmpRM3IwOWJTelJGalZXNWhEclJ0ekNrU3RqOGJuOU05Vkt3ZmJMc1puOEQtZkNUcm1KWVduQ29UT2JwbF9jV0wwTmFteFotSHdhOTA1bkd5VWl3NXh3Q0xyRjF0bThNcUE?oc=5,Gothamist,neutral
Janno Lieber,NYC Subway,Trump administration agrees to restore funding for Second Avenue subway project in NYC - ABC7 New York,https://news.google.com/rss/articles/CBMiwAFBVV95cUxNQVMtZWlMVjlxNHUwSkN2SDRLcExIQmJyVllnLUdJbDV2Um45eGVLenUtRmZTVXpXSXVGSkJhM0lfdG83OW1JakZxZ1N4ZDJiWmk0X0gxSUR6THZadWtURkRGSDFJUEE5NzQ5cHJrVnRQT0ZsRk5VYVpTRUpnbVlpOHNGLTgxdXd1bmk3dWlvcEFsRDdxZUZvems1S3VKVjg5RUxVNjVzNzFja2FtcktQZG9vZ3hkOXg1NVJ4MkRhcG_SAcYBQVVfeXFMTklyMHBDcklIM3ltOGJRenZLd3I1N0d2WGd2b3MwaFcwbkI2cHlfU0gzMFVMUkI1LTRVeTc2Z1ZxVlhXb3hBRnVOblNTTS1aRURuRlpQYS1NbXM1bWFPNHVmNjU1WV9QNTdYN1VYeUVTbFlhRnJ2U2pTclE4dlRNM19lRHR1d1ZQQy01ZEZ3ZEpqb3gzQWpFeWx2b2pqd19LYzd1Z1E2VDI3ZnhvajBSeURjRjJfLWw0ZW83cERINlB6OUhJc0Z3?oc=5,ABC7 New York,positive
Janno Lieber,NYC Subway,"NYC to close streets, MTA to run more subway trains during World Cup 2026 NYC matches - New York Daily News",https://news.google.com/rss/articles/CBMiwgFBVV95cUxPWWZibHJkdmpxb0plRnN1ajRJT1Z4WlNmaEhMV1BVWXVrTE1DWk9BWXlXY2FwOTdPSUc3VURUVkt4Mjg2NWFTaEk3a2xnMXBpcmVLaGlYZlZrRVA1YUtRbVpYSjA0ZTBvN1BhS1k4X3dubGZPWEhxVUo1MlY2WEsxMlBrTVpzMmtYdDh5a3dEcmc0QnBZY0kxYU45Z0phVW9XQmtUODJhYlI0ZzlZWWt0WHpwY3p2cks4ZFM2WFZydGQ2dw?oc=5,New York Daily News,neutral
Janno Lieber,NYC Subway,MTA seeking bids to replace oldest NYC subway cars on numbered lines - New York Daily News,https://news.google.com/rss/articles/CBMipAFBVV95cUxQMHlVZWNvWlIwbzdNTDlpX3pDNEYtaVVnSUFCVUtvOVUzZ2hXNkJyd2FfTnlmdlNXQ2Ixa1VaQVdhQmVOc1RUQXQtUXV2U2g5VXV5SGFZakNia0djenNzX1lobXphTFZYSngwNjB4ZmpMSWJmZ0VUNnJQLTdSNXNtQmdMUF9oWkNvajZLZU1KTUJRS0pHNi1ZNGxjWEhJQklVNlN1LQ?oc=5,New York Daily News,neutral
Janno Lieber,NYC Subway,Hochul announces largest order of new subway cars in MTA history - Brooklyn Eagle,https://news.google.com/rss/articles/CBMidEFVX3lxTFBwWGg3bHpkaS1teGMtRGpBYzg0cTNQNno0N1dJUm9CeFJOQjhrcjVWeWdXQ0dyVUIwdE9QRDlHaHh5dy01Q1RfeVR0X2l3SmpJcFI2OW1aaTNyRk9YbnBzUFV5S2ZEbVZEYmpKcTZrUjRvTXVO?oc=5,Brooklyn Eagle,neutral
Janno Lieber,NYC Subway,MTA Goes to Court Again to Force $60M for Second Ave. Subway From Feds - The City Reporter,https://news.google.com/rss/articles/CBMikwFBVV95cUxNcHhZTjVNQUxnUEJOYUtWSElpdkkyWk5hZ2h6eG9ZOU1saVh4MENEanpfLXo5cUhWUTRPY0ZBeXJFMXpCdVVTalpUZnlvOVU1bTNsdG1LZERXdmJNSjg2NGtORjU4ZWM2MVZ0X204UUJWT1hmSlFuUU16X09oSVZGdUw2OXotdUZDWVF1SDFYWU5kclE?oc=5,The City Reporter,neutral
Janno Lieber,NYC Subway,MTA’s Lieber Asks City to Put More Cops on Bus Lane Enforcement - Streetsblog New York City,https://news.google.com/rss/articles/CBMiowFBVV95cUxNdGRkcmVkb3RFbk0tMFd3eFhaYVc0eXhoM0s2NHd5QUhhUS1lalJJcS1mdG96dXNRdlNnWnBpVHVsNGZTaDZrQ2E2dEJtWGxmQTJnNTJpNXJDSHY2dHZNd2Z3TzBtaGpPd2Q2Vm5ZLUJlcVBodk01RW5aQ1FaZEdpbG9yWDQwbC1oYlUxNG1oWXhUblo5YWswUzlzNjhWd201Ukk4?oc=5,Streetsblog New York City,neutral
Janno Lieber,NYC Subway,NYC subway ridership still trail pre-COVID numbers -- but MTA claims congestion pricing is helping - New York Post,https://news.google.com/rss/articles/CBMizwFBVV95cUxNZ1FoZWZqX1FHdDlzdS1fVllfQjljSVV5bUh3NTFHcHlzUGRiWWxhTXdXb3V1NGFGeWxsclo4TEFCT244Skh1ZU40LWc4LXdsWUJ5ZDNLTUxWc1RldTdOd21leDB4QWkyNGdnblR4S05rVVJyTVdhaUxMalI5UzJuVXZpd2ZCQldYVm14YVZhZXM4VWhXQmNrNGFmdFpaX2V3TjlRQmZBTm5raWdsSWpCTlBDUnBrLUtrMDV3NXM1dFE4aFFDTUdkeTJEZXZqZ1E?oc=5,New York Post,positive
Janno Lieber,NYC Subway,MTA keeps trains and buses running amid storm - ny1.com,https://news.google.com/rss/articles/CBMingFBVV95cUxNeDc0NVlDOFg4NUdIQ3NXeGhyMlM2OXhNdXB2Z0ZRSWx3dkxKcU5aSXBMeE9jR01qbzdUWVlBcDR2Y0hTNDRtRFlpaGZKQzRDTHVkU2JPSkhqcGdFWWI3ZlFuMDVidUxWOXFiYUJocHYwelZDUGpWTXhhNUF2VGpvS2JpMnZqVmdJaDlQN1BiWWR3R1EwUktBeVVKbXI5dw?oc=5,ny1.com,neutral
Janno Lieber,OMNY,MTA boss says agency ‘developing capacity’ for OMNY to show balances and transfers to riders - amNewYork,https://news.google.com/rss/articles/CBMid0FVX3lxTE40T09RMndjUDFoVHFmVC1VX2ozRjVKd29BamU1aXpTWGRIY1d1ZURrZFJ1LTVUQ2UwWGtFemt1UFFlYkM1R0w3UThlWElrekk4NFpieE5PdkNQU0F3UHk1d0U1STF2WmV0cGF5cUY4WnQxYWp2bFI0?oc=5,amNewYork,neutral
Janno Lieber,OMNY,MTA chief vows fare evasion crackdown on NYC buses once MetroCard retires - Gothamist,https://news.google.com/rss/articles/CBMiogFBVV95cUxNenBYV21mT0VsbjFCSHoyX3pEVFdqZHBnSGlIVUFqUE5zMkpkMGRINlAwd2pWUUpENzBtM094N2Z3aGZSdjd2MmdQeEZUSS1KWWhNNTk0cjdGYktPeEVkZUlBczAwSzcybEdYY1RBb3VNeThlZElQZG9RRnBvOHVTclNqMjR1SXRxTEdKMHk5Vmg1WWRwMXFfQ1kwVEFIQjY4Rnc?oc=5,Gothamist,neutral
Janno Lieber,OMNY,"MTA reminds riders the last day for MetroCard is December 31 as OMNY takes over buses, trains - ABC7 New York",https://news.google.com/rss/articles/CBMirwFBVV95cUxOdWNub2I1dEgwRHJYcTNVYTktazdKcU5jalplYnVMTlB6MEo3TlJ3MGlTbDhrejN4Q0lFNUQ3dnJ3eDBFLVJBWTV2VzhaU3RmOGtPemdSQVo4UjEzVWJiR0drSUw1dm9EOWhsNEN0UW5DdTVNTGFuWUQxaVcwMV9XbThaRXkxdHljLWhvR2xveEJIdXF2YjlyRWVfVnBmVGhLV0dDRnh1QUxIS1AzOHp30gG0AUFVX3lxTE5heHk5cEpyRFZVWXl4NmlaNEJ4aXBiM0loZmNzWXNleWsyUVlUZXJ3MkhQeFVaRjVFY2Y0eExlSDUtbEIwMkJoc3FYaF9ZUzRoS25oMEFXQjRlU0k0TEJUczMtZlExbXlzTFl5V1VSWGNqUV9YUExuYi15VTVrZVRHUGNzUnFHMS1zNmFyMWo5VlRrZlJ1eVdySTZydzF2UVR2VTRjTXNyeTUydThKTkwwNTZmWA?oc=5,ABC7 New York,neutral
Janno Lieber,OMNY,MTA boss gets the price of a MetroCard wrong while flippantly touting tap-to-ride switchover - New York Post,https://news.google.com/rss/articles/CBMiywFBVV95cUxQZVZaRlJKUWFqZDVwbFEtcDZOQWFhQWUtMjNpajM2S2Z6cC03MUpIaFZKZzJHWFpTdHVHRTQ0NEloWWZCSVFoU2tsNHNfVUVuckxRN0hTOGlqaGtvaWxWWldlMVhpVC1hV0tPdkRxbmItX2dmSEJXNGV2TEhzZHNlWFBvbExlSFBxaGU4NTRUc3lxc3lpNHFPOXQ4alE0R2RNaEsySzhKTUhQYkh5TlNVUEJYa1FrT1FIQ21pb2lQcm0zLVJtNzAwcUhjOA?oc=5,New York Post,negative
Janno Lieber,OMNY,MTA is going high-tech in its battle against fare evasion. Here's what's coming to a station near you. - cbsnews.com,https://news.google.com/rss/articles/CBMikgFBVV95cUxNcUhsbjFHeFRRSE43amw0QWhlVXFBZ2Y5VnhIelppTlhYZmYyV3RESTNSTFRDWHpBUml2dzBIVnNnaFRtVE5tR0d4WXI0TGxWVWZKVEhkV0xzTEU5Q0dTTVdMUEtxR3E5LUdQY09WOFVwcFVIZUxRbWtSZzlqTU9DS0NzMVltd3JVNHdNUFNITGhDQdIBlwFBVV95cUxPMDhQbVFmelFINFo1aWJmUzhuZ0I2dFZhVzdEWDZRbXNkZkpqa3VmMTBjeUZZYU1ZemRyNmN2VTZYWGd4NmJiaEg2ZDBLWjJBeWVwOG1palVzcGk0MFBIOENGYk54RzlZNVBUTEJmQ19hYXRBRThBaHZnZ19ET3NWWDJobTY2T0lXWk9sYUhQQ0lFc0Y1ZHRn?oc=5,cbsnews.com,negative
Janno Lieber,OMNY,The MTA Is Putting Fare Inspectors On NYC Buses In 'European-Style' Fare Evasion Crackdown - secretnyc.co,https://news.google.com/rss/articles/CBMie0FVX3lxTFBlMDdiNElNc1NISlp6aTdwUS1qWDZqSE9WbHk3T1UxVzl6anRtVUh0czktWXp1akZ2TTNmb1E2cXpfaWhxYkZpVHNhT0swckhvWXdGdXo5bWVrbk52RmFURnJZdVVhSTgyN19tMFJoX0k0S3pxRHNtUUFXQQ?oc=5,secretnyc.co,neutral
Janno Lieber,OMNY,‘Show me your phone:’ End of cash bus fares to expedite MTA fare enforcement - New York Daily News,https://news.google.com/rss/articles/CBMiswFBVV95cUxOR2ozQXlkczhuYjdlVXM5eDRIS3hLaGRYdjRKeEd0WWp1SEpzY1QyY3BrMXE4V19JUHY3Qk04TWx5aU93RzZDSUY3dllrSzNTWmI4SnFTUno3dUhyNm5VQVJpME9JUEN2X1lEMURiTmVNRUhBMHZNWjZCVDFhbzdOMjJyZVRBcWJoU3RUSkVoRzRVcUE4YkdmNmNHU1YwTkl1MW5TRmVLMVRCM0tIVXV3aWpDSQ?oc=5,New York Daily News,neutral
Janno Lieber,OMNY,"Transcript: Mayor Adams, Chancellor Banks, MTA Chair & Ceo Lieber Launch Expanded Student OMNY Cards - NYC.gov",https://news.google.com/rss/articles/CBMi2gFBVV95cUxNclpjUUVscXVDMHNNWHN0bGZETm5ucTFHMWp5NzVzX1BzdnNCV09zRG16b2RJNkdNdHpwbjVvZVJ3UzFjY0xmb20yRjc2akhqXzlNZW5SYldZaHFYcnMtTENITHJZVHJaZm5keTE4ZVJ0LUpkdjJPU2UyQ0k3emRkNEhsUnhIMklVSVNrZzVhQXJOWnJnZXpvaEY4X2xoQm04cU1KYWlwS2RpTjBPSDJORE9CSmwtRjdscl84MnYtQVBLVXZMTk5sN2dzZHJDTmJYdUg3elF0UE85dw?oc=5,NYC.gov,neutral
Janno Lieber,OMNY,"MTA to stop selling MetroCards by end of year, agency chair says - ny1.com",https://news.google.com/rss/articles/CBMitAFBVV95cUxQdFA2S0ttME9kYk54WDBFMzl5SGVqTzI4cFhlN2JYMFppXzlHNUplUEF3VHdaa3ZaeXowTnJvMTdNb0NlZ3BNbTBJNEdPczNNbjRGbjlQeGthWi03aUsxOUxpVm5sMTJ3UTZjajZ0amhmenlDclRfLTlLZUswMnFmbnBnc08yOEVqNzRjYzN0V3FCcUt1T1ZqUXNkTWtsSHQ3ZkFWcmdEYlZxYWVrU1JTeTV6TlA?oc=5,ny1.com,negative
Janno Lieber,OMNY,"MTA hiking bus, subway fares to $3 next year. Here's a breakdown of the other changes - cbsnews.com",https://news.google.com/rss/articles/CBMidkFVX3lxTE5pQ1IwX2lMMWtLRi1mV1ozWU0taGVJTE9ZZlhvOHVwdThMVEpRUURxTXQydHlJTDF1cG54aFFma0NxakdBV3JQUE9ETGdHaDVSVFNoejRnRENyMkkyOEJOc29OSTdJazZ2U01Zb3dNZUJndWxIVEHSAXtBVV95cUxOT2pJZHdEZndsVEdSNThCTnFXQXY3ZGIweF9iU3d6SlRqNlZiRzlIM29aOVlqZV9RUHNfR29Ha1B3c2xEWnNMcEtxMXRJWXg5YTl0NUpDSHducWo5VkFuQ0Y0RGxMZ21GOEstZGNqZXBPZ1BBRW9wVmlpZ0k?oc=5,cbsnews.com,neutral
Janno Lieber,OMNY,"Thursday’s Headlines: Bye Bye, MetroCard Edition - Streetsblog New York City",https://news.google.com/rss/articles/CBMijAFBVV95cUxOa2lTa21MMWZPWkl1YXp5V05pdFp2UjZlLXFVTjhNUkNmWFM1RUw1cFM1NFd3QlZXQ3g3Y2FncHU5cEJRei1uaEVncVJzX1RWWDlEUlRGdGtzT3lJZWNTbXZMd25ObWRwWEFoYzliUnpBX0hqWGh0WmQ2Q0UxWmZfQnY3aHFQSXBBZmZvUQ?oc=5,Streetsblog New York City,neutral
Janno Lieber,OMNY,MTA to stop selling MetroCards by the end of the year - NBC New York,https://news.google.com/rss/articles/CBMifEFVX3lxTFBfWHY4Tk5DR0pQejNnZm53QzlPQzBTZzJRaDJMRzA3OE5Eck9PaENHZXV6S3VIdWo5anJCamM3U0NsLURHWnpkQ3A4bEVVcjlPWWZhdkF0V3Q1a0V0cS15R2xmTHRzVExQUnFmRmhkUmlFU0FfTUdra1ZobkXSAYQBQVVfeXFMUEdFRDdiQzUzOW5CbHlvLV9vTkU2elZCci1rOC1fWjVreTBVVURuaEppUkdiYnVGYXVZbF9hUnA0UHlMMHhKZXBVSUlMRktjc1ZwNWR3ZVAxZmg5MVpwZkI3ejlMaGU5OXY1WTVuUklYMnB3MEZqcUZyem5idlFXRXdoRWha?oc=5,NBC New York,negative
Janno Lieber,OMNY,New York City subway switching to tap-and-go fares - thehill.com,https://news.google.com/rss/articles/CBMigwFBVV95cUxOYWhBTE5ON2Z5dE5obUEzdExxQ0lIZG5RVFNuUjRuSmFxclZpVGtGZ2pRdDg3ZW9DVHJIZFhxMUFxaUVJUzVuV1JpTkVkOGFYMjFYZDMwd29XX1lUMW1RRENWUkFBcGdab0lPa0tmVWFmaWhzamJ6WE1icWpxeDAtTTFRONIBiAFBVV95cUxQaFdfNmNSX09IS2hwSlc0QkpXLUpUdlllUHNOLXhQZko0ckN4Ul9NcDYzSjNnbTd3c3pWbHJHVC00TXVrVU9sdDRMRW5nVzYxekRUTXNFZndwUUFhcE5na1c3MXdWdVJ0bjdvUGIzV0xJTW81RS0zM0I5SXhzLU9wNWJjVFMwN3ZN?oc=5,thehill.com,neutral
Janno Lieber,OMNY,NYC transit fare to bump to $3 as MTA board approves hike - Gothamist,https://news.google.com/rss/articles/CBMiiwFBVV95cUxQb1Rua2swSUdtbGFsTktZeWhWTUN1aGZHWGhwelN1amZMX3JPcC1HXzdINUFZTldaNDF6aF8yWGZrWXNOa3JjTE45ZVdIdGpsdkx0ZEEyOUxqaG16TWgzcmhFTk9wVzdQd2ppNVdUQ3lZR1p5ckp5TzA0c1J2MjhmS2UxbFlaMHdIak5N?oc=5,Gothamist,positive
Janno Lieber,OMNY,MTA moves closer to phasing out Metrocards as 'tap-and-go' OMNY cards go to reduced fare riders - ABC7 New York,https://news.google.com/rss/articles/CBMiqwFBVV95cUxOYXkwT1NJeVVqaXZaYUZ5QzFIR1BkSVlzcUs4TDYxOWhERC1JSHpfRE5TSTZGd0I1d3JUU2RHU1lfQW9Ea01jeXRyMDJzQlJNTWZVbl9yekQ2N1RlVnFyTDF2R1hfcW1DMjVSQTF5VlRWQWRPSGg5T183WDY3TjJzYjM1QngzbDR3dVZhSkk4c2wycExBczdfNlZZU2FuMGI1aTQ2cTBwdXZVdUk?oc=5,ABC7 New York,neutral
Janno Lieber,OMNY,"OMNY complaints mount as some riders fail to get fare cap, transfers - ny1.com",https://news.google.com/rss/articles/CBMiuAFBVV95cUxQS0ZwN3FLQjBRYTJUbnU0WmFBbEFEYzh2bmk0bUJmN1RyN3VNRGJVRGd2WnZfbjh0dWdQcURyWHpwbENVR3hvcERzQXN1Wl9BU1BmUVg0SFlUQkFDbm5Zb0NNQzJVMi15dWJ5Z1ZZN3RXNFNPYmxveC1jcHViclJWS1I2cVNWdm5ZcEY2Sld2b1FoREJiRE53QzBnUU9JODZMSUZQNlFLeGVGSnVjb0FqWFlYZUFNckI0?oc=5,ny1.com,negative
Janno Lieber,OMNY,MTA Again Floats Back Door Boarding Once Students Get OMNY - Streetsblog New York City,https://news.google.com/rss/articles/CBMingFBVV95cUxOREhjYkNyQXJEMVFCNlZFUUViMzR3UjltZlRVWUhyOHlEdm1PeEo0aDNOTER1WHRfQlR3aHlLQ0RaeTFFeVZoMXpRR1E5U09hbkN2bEVTa3ktSWJ2cmFwSDVkbV9tMkhVRENmamZ0Rmt2YXJ0MUJhSEhlRFY4akZmelFCMC1DcDF1eXBVaWVXcWFCenprZzFIT0VHcUwyQQ?oc=5,Streetsblog New York City,neutral
Janno Lieber,OMNY,"MTA delays planned subway fare and toll hike, focusing on OMNY system transition - ABC7 New York",https://news.google.com/rss/articles/CBMiqgFBVV95cUxNS0RFZmFiSDBiaFd5ZXhTVWhYd0U4bXloVU1BMzV4YjVnZmdNWGhoRUVycUx4aFV2Qm9EbnVwYTlvb0dXaVdSZ3BCeHdidm1kSWpkb015c1ZDUWdqTTlnV1NfbjhZQXkzT21HQ19sSlFzSkxmYU9RXzZFVk1jVE5lZUVaaV9pQlZ2RzBhWjVmWXlpUVktUnpzOGpGRkpMelhTcllreXhpT1JHUdIBrwFBVV95cUxQUVZhTzV0SFM0V0xoel9xUlYwWWdSQ0JRdEVVUWxqT0trUGMzVUVfeTJGWkU1S2xfN3R6aENWdkpETjE0SjIwOHRjYThQaU1aWmhMQ1l4WXJNa09KbHFjRTFjenNmbnJqTHNXOUxiQXlrX3dkRlU1TDN4SmtBTVFUYUhtTjB2cHBkWDcwZzV1QUE3UEROMVpQLWhNb0NEaHBJa1BxV1k3SXJ5ZmtaVmtZ?oc=5,ABC7 New York,neutral
Janno Lieber,OMNY,NYC students can soon ride the subway for free a lot more. Here's how. - cbsnews.com,https://news.google.com/rss/articles/CBMihAFBVV95cUxOWDdSX3MzQnN6Q29jb2FkV25aVzJiSWpYTWcwMzhhY1ZTZTRyS29oWlBkRWVtMmdUNWZTenJRWWJjdXFpU1pEOFhqR1lwc0NqR2k2X0s5ckdubGtZbUo3ZkZndFJkVEo5VGNoTXBIUHpic05MdU9JVWt0RVRwWWM3YlptMkTSAYoBQVVfeXFMT0psTUk3RFl1eVg4S1NYaEZxckc3WDY2WFJ2cUkweEs4M1kxLTR0SXljQ0kxSHlNZ0VEYjBKdVQ5eGJXcjF0YXdLS1JFcmxuVkpGSFJMa1lzbjQ4Wjk5UE9CZ3c3Y2xHYkpYc191NEd2MWkyVktfT0doV1ZqNE1zalM5SzFqSlZMb0dR?oc=5,cbsnews.com,positive
Janno Lieber,OMNY,"MTA board approves proposed fare hikes for subway, bus commuters in NYC - ABC7 New York",https://news.google.com/rss/articles/CBMiiAFBVV95cUxQQWdGVkdjTnFyMlRWQk52MFRCMy1iZ2xlRmN5ZmVCX19kMEpULV8waTUtZGJRVWkxaHZ2blNnM0o2YVA2VkRYY0xsOEtDbzgwWVVjdThuYTcyN2M0MjFhdWtxVEVoNjVYZHprci11TmpSdGxoOUJLdFVQYmJmYUxENUlXNnlpWC1z0gGOAUFVX3lxTE5KX1pacVJXV1hXRFZVZDdPQ295RmlzRGc3YkFZcUNLc0VBR2xtRkFQWkNtbVI5SElJUGJ3dHpZODB5c3hMT2dqdFZqOUgxcWo2bnB6ZFZnY1JfOUZVX3dSV29MNUtpeXZ3SWg1OHdOcTFLOWpfeUFKR2pCemx2UmVXWVpMRFU2WVlQcnZTalE?oc=5,ABC7 New York,positive
Janno Lieber,OMNY,Travel restrictions on NYC students to ease as MTA replaces student MetroCards with OMNY - New York Daily News,https://news.google.com/rss/articles/CBMirwFBVV95cUxNb3pEX19COHV1ZmxHdnprNU5rN3VSZ0hCamJPanY3YjVfR0xwQkkyd0JDcG40QzFoSHFTajZfdEZfUTVEZ01kV0JUdjRTQVJ3cmJjbzNaTkx2RHA3d2xQYXBHcUdvcXBmVjhZUUdQaXVYck4tbndiM1dxYi1ObzVpWk02MGhyYkFmanY2Q1AxU05KbzBWdVZaTUt4LWk5RWlIM0NPQ2hGbFlLYlpObEI0?oc=5,New York Daily News,positive
Janno Lieber,OMNY,What the MTA says about expanding OMNY student passes - Epicenter NYC,https://news.google.com/rss/articles/CBMihwFBVV95cUxOcUZvNGlJSkVPcGhJaExnNkJVbUNOck1ldTJKdnY4dTBTTUk1U3M3MjZfX2MzbE0wcVVJeGU5Wkh1RnRUVVltUU9oQ1Vrb0swTkVmNzc5bTVPc2NfV3BfLTR3N0ZiYU1IeGtuXzRwM2ZmRXNlRG1JSmFlZVEtZmJNTXF3cWpESUU?oc=5,Epicenter NYC,neutral
Janno Lieber,OMNY,"Fare evasion: MTA plans to use ‘European model’ of agents asking bus riders if they paid after boarding, Lieber says - amNewYork",https://news.google.com/rss/articles/CBMic0FVX3lxTE9mczBxcFhKZFU4YWtRZUQzeml2M0ltdnpKbVpGWWlSRjRNYVNEY1ZIODJLOTVSQmRoTkFoTTJ1UUtYTlgyZXotczBnbDlucTczV3dBRUZKZkIxTDNsak1YcnBHUzFDMmJqbUNsQ2pqWW9td1E?oc=5,amNewYork,neutral
Janno Lieber,OMNY,Bye-Bye to Metrocards - WestSideSpirit.com,https://news.google.com/rss/articles/CBMidkFVX3lxTE9kU3J4RHB6VkQ3bGRGbDNJMUdTcmxXalJGTWpweFJUTEVweDVxYmhxZGJVdWdTTHhHM2tGQm5sblhTQ08xMlZENnFsYWlKSDAwZWJTd1ZKVTJEUk5lazV6RVpWQ3dtNDlKOTYwU29MMnJGdVl4ZVE?oc=5,WestSideSpirit.com,neutral
Janno Lieber,OMNY,The MTA Is Doubling the Cost of OMNY Cards: Why You Need To Buy One Now - secretnyc.co,https://news.google.com/rss/articles/CBMidEFVX3lxTE5OS2FBT2UyVjkteEh2UTN4LU9XWHNFQzlOY2JvT0lWaXV4M25UN0p0RExzQnZPSTdRbnFwbGlJVk5zU3NRbWx6R2I0TnY5dHJlQXR4blBfel8wbzI4OG5vVlhvenFoTDE0REhEYjlMVUJER3Y1?oc=5,secretnyc.co,neutral
Nora Leerhsen,Chicago Transit Authority,CTA introduces child-sized benches at 10 'L' stops - cbsnews.com,https://news.google.com/rss/articles/CBMieEFVX3lxTE9BajBSTXJEVmpmX0Q4aGZrNmhSbVpweElzR0NFZGFmZmx3WUYxU3BVRGdTTlMteDZkVTBXU1dLc1lSaldUb2Q2UU1BWm9QY2dfa2ZVMk5ENUFxRVFtVWYtZjB3OVdOZEl5ek10S0ZENWtBdWEtb1NzUg?oc=5,cbsnews.com,negative
Nora Leerhsen,Chicago Transit Authority,"At Transit-a-Thon, CTA Acting Prez Nora Leerhsen tells advocates: ""I need your pressure"" - Streetsblog Chicago",https://news.google.com/rss/articles/CBMiwAFBVV95cUxOMU15MUdLRnd0OEJlVTMwalJSYU5xWFY1WFZKbEFkWEpaNDR0OTZqd0lJTS13YmNDNy1aWDBnR3cwNEZ5TWxoWVZVX29IUm9uTU50U0FIc3pkWlBmWE5rZ3YzbEtNa3d3VEFpZUpCVTEwU3RLc1gxbUg0OGFVM3l5VW9NandEZUhMREEwQUJjdHJFQmROdjVXNHNQZkF2aWl0YjM1NXdpTFJ5aW9scTNNNEdwRW8wcDNPVUppb19yTGw?oc=5,Streetsblog Chicago,negative
Nora Leerhsen,Chicago Transit Authority,"CTA Board Approves Slate of Social Service Outreach Efforts Focused on Violence Intervention, Homelessness - WTTW News",https://news.google.com/rss/articles/CBMiuwFBVV95cUxPMWM0VG9BS1hpamxIaTdoNGJ0ZVBtNFdmUVB5ay1GMGZnMGo2ZTRwQ0RUSlF2M0J4SWc0U2lhTjJLaTVWYXFMc3BnYWNXNExrNlRGc0kzUUZqZ01rU1A2aGNyaXlscVJnQk9IeEZqbV96cjBFV1ZCUk1IblBpcnlYZFF5ZUxOSHhmcWNTVVJiSXNRY1daRlNnWTdEa29CR21YT241S3NyWUg2LUVrd0hSVVVSUzZzVzJodEZn?oc=5,WTTW News,positive
Nora Leerhsen,Chicago Transit Authority,Transportation committee misses chance to ask CTA questions for second consecutive time after lack of quorum - The Daily Line,https://news.google.com/rss/articles/CBMi2AFBVV95cUxPaUJfaDFaSUY0RU1QQUZXYWRhaWlUeE50cWtCZnYyT2VYYzVRcm9lR2JnSXNDVUN4YzE0TVN1YktlbmJyR3hDenNtbHJ2UGt4XzVOV3BvbkxoMEpYTlVyYzlncjVZWlppSHRUQmJia1lsT0U4Q2IyRWZOR0k4ZFZUeHNPUm5qdUZDZEJOOEI1YWVja1B6U2RUUld6aG01N3kwRlp0TENCNWgtOVk1NlhnZlBfa3FuVnFQei11WjhNLVRldTcwMVdtZXFxalVtMGplMWpzbk9Yc0c?oc=5,The Daily Line,negative
Nora Leerhsen,Chicago Transit Authority,Commuter advocates: Make Nora Leerhsen the CTA’s permanent president - Chicago Tribune,https://news.google.com/rss/articles/CBMihAFBVV95cUxPNzdHQS1jUFFYTU5NVEUxT3I3aVJrTWdSN1BobGNGc0VtQUdnWFduN0VCdWU3ckFNSXFfQnhVcHFlTmsyc2x6UFl3NFJOMDl1Z2RoYXNYV1NJaWU1WUtzdXR4T1REVDhtN2NvOFF4V29LWW5BWFlBM3d2cFhLcFl0aTIyRHU?oc=5,Chicago Tribune,neutral
Nora Leerhsen,Chicago Transit Authority,"Rail News - CTA addresses rail simulator, rider safety and station accessibility. For Railroad Career Professionals - Progressive Railroading",https://news.google.com/rss/articles/CBMizgFBVV95cUxQOTJfaDJ6RjA4NzdkbWR5ZWcxa0J3djROakJCU01OOUhTZzllWkU5S1lleTR4WFRjWXhhRVlLakxEczhzbzBndlNSSU5pUV80ZTdpRnJ4VEl2Slh1VDhYWGFiT1VrTzZfWDJHVUwydzNpdmxzTFV2T0ZDMHNtUENJdFc2aFQxY1Q1Qy1RVG9sWnpELWxzaXVqNUJYcHYwS2p4QkQwZjJoUUJwN2psd0kteDZoWGVNNlVFUXpfa1lxVElteWktZEZpMGJKQlJHdw?oc=5,Progressive Railroading,positive
Nora Leerhsen,Chicago Transit Authority,CTA boss avoids potential grilling for second time as Council members skip meeting - Chicago Sun-Times,https://news.google.com/rss/articles/CBMivAFBVV95cUxOakhJQzM3Wi1KdFlSaUR1bENQTC13eEdvajNpSmVOZHhDT2V4dzhIWkk0T0dkZ29Cd19ENlI3MDRzX1h3R0hnV3V4YXY1RFhVcnh0SENWcGs5ZjRWTURsS2szbXkwUmZqdGh2N3lqSnVyajZRX2Jmd2VSVEZGSXVyQW5FQXJobVpaWVR1WE83NDdRYWljcEFsUXBRelNuRVVYeVBrcU5tZVYxVkJNajJoQ3JqdEZvdmRSeHY0Zw?oc=5,Chicago Sun-Times,negative
Nora Leerhsen,Chicago Transit Authority,"Acting CTA boss cites major drop in crime on transit system, credits collaboration with CPD - wgntv.com",https://news.google.com/rss/articles/CBMixgFBVV95cUxPUHJ5N1hKa3gtWUFDUzVFcUxEcE84dWJ6Ni1YMHBhbWRfWDVOcUJGSHRQU0ZTNUxUX0NJbThjOEJiclNLOEJHejAySWZvaGRmYWx5YXcybVNBSTM4THFNeVBxTWpjNzhCZ01udDVMaUk2QmQtUXpwMUZpbHlILXo5ZmdVRlRWUlpFTTQ4RjdBaDVWRVpEM3JDTWdOaVJhVk5hbVFfbGVRYVkzbl9tVDRFb2Z2YW9yQ0Z6TXlpaDFLMk5HT1gzcXfSAcsBQVVfeXFMT2ZQUGRubHN2VGhNLXV4NERBOEJqMVVmUjMzcW9Ublc3TXFuTzQ5TGxGY0JIaFEtRkl5UTdJYnprV1A4MUVTYWs4Q0FHOGl5SGtiVExKSFRnZXdTODY4NW05azRyNjloejNpblBQdUhjNXhySlRva0FkdWhDZ1g1SU1BNDNfejNCY3EyTW5CMkdTeGRGdktqbURudGlBT3Q0cElET1d4SHlDQnpxd0FoVW43REdGbHRGeU1ncUU4ZGFlc25wNVdnend0Mmc?oc=5,wgntv.com,negative
Nora Leerhsen,Chicago Transit Authority,"CTA secures funding for West Side transit improvement design, construction - Mass Transit",https://news.google.com/rss/articles/CBMi8AFBVV95cUxQZHJ4aXZ5clc5bVFJYmdxUkNldDFxdXFyaEQ1RE9tQVZCY25WWFprWW9iWkkyS24xRElRT0JxR3ZvM1JSMHJpb25zYlFrWjdpS1hGSFBOYUZkOGljYXpoTm1ER2Z0dXZjMGJ6VGhGOGx0a1BxTlp2QWxrbk1Dc1FRaVVyZzFMaHA1ZUlySXVlNFNNdVFKNUQ0ck85aGgxYXlNQ1dXdC0zajRrWGd6MlY0RC12a1ZYbXhtd2J3b2otakNoejdfaXZYbTV6alcxUmNobnRkQTRjRkFUNUZMLUNTNVFzdm9WWE1aTjE1TGo3bVo?oc=5,Mass Transit,positive
Nora Leerhsen,Chicago Transit Authority,"CTA chief touts improvements in safety, ridership - Audacy",https://news.google.com/rss/articles/CBMiakFVX3lxTE9DR01zeW1QcVAzYXJZU3JDNmZEMzdkSmNGdUxHdGtWYk5HYWhDUXpiYzJfMmNKemU0WV9fOWw1X3lYRWRIaWdDaWdIV28zaHU3azM1bTFSSXd3bWlsZWtFR1EwRGdFOURxeEE?oc=5,Audacy,positive
Nora Leerhsen,Chicago Transit Authority,Officials Celebrate Completion of $25M Project to Improve Accessibility at CTA Green Line Station in Austin - WTTW News,https://news.google.com/rss/articles/CBMivAFBVV95cUxOSzZBREJHMWl3RWdPNXpNbFN5UFNYVDE5d0VNNHhLdHRrbFRXSmdnSnh5YWRwVWdpX1V4TlhVeGF0X1Z2bHpLaHJ6WUVxQVNfa3ZKQTU3ZzZTeXY2emJNVk5NMUs0TVB2VzlMcnFXZDlxbldkQ2NrVU4xTmJZOFN5SGZmU011Y1VGWGlybi11QmVkYUVzTDc3X1FzT3I3d2JSNkFubEdBV05hNHVyZUE2WGJBcW1XUFhVdTViTg?oc=5,WTTW News,positive
Nora Leerhsen,Chicago Transit Authority,CTA Celebrates Autism Acceptance Month with the Voices of the Future - Press Releases - News - CTA,https://news.google.com/rss/articles/CBMiogFBVV95cUxOekVsR1FTX1gwMDFDMDlUcWNNVkZGTi1zZENEV2hqbUdRRGxJM0NIWE1NNW5nT1g1MFQ4RV81eG5MNDN4cTQ1aGluWGJuQnhmMGFhb194QTdLUmR5aGNxN2xMVmRFOFo4dzZqd1dlSFBEc25NTE1aaklpWU5ZcjVZUkZad3d0cXBIMmFTTl9acWRLRHZDNlZHTHNmVDQ1T3JHR3c?oc=5,CTA,positive
Nora Leerhsen,Chicago Transit Authority,CTA celebrates Red Line Extension groundbreaking - Urbanize Chicago,https://news.google.com/rss/articles/CBMiiwFBVV95cUxQYXN3YmsxS2ZOYTI4Y1Z4MjJOdDBoX0hvc1F6U0pvM0diV1A4bEstVlV0V0FjaFhtc25KTDVUb3p4ZFltRlJrX0Jzc0o4TVFfQU9pVHk5cFdVOTJwQ01QaFlZa044ZV9qaVYyM0VzTWxUQ3NIbmRtcDU1TnlzcG1wYzJJdi1oQ2NlcnBj?oc=5,Urbanize Chicago,positive
Nora Leerhsen,Chicago Transit Authority,"New signs intended to deter crime to be posted on CTA buses, trains - cbsnews.com",https://news.google.com/rss/articles/CBMiggFBVV95cUxONmV6RTV2WldwUGt6RTBDNGJyLTF6MjBQVnlMZzJFMU8wdjBNQjhOT1ZKTDlHNXZMZDZYTUoyN1YwTTcyS1F4RXdyWm1pWlJoOFY2SVFBUVFpRldhREZYMXFsUVduR1VESVVKT2ZuVTI2LTNaalZ5TEhWYVlkS3NfZVlB?oc=5,cbsnews.com,negative
Nora Leerhsen,Chicago Transit Authority,"CTA crime has dropped for 6 straight months amid security surge, agency boss says - Chicago Sun-Times",https://news.google.com/rss/articles/CBMikAFBVV95cUxOa0dOSE5EMG5aZDVVZ2RPQk9zLW9BNzIwSUZ0ejlSTzNKNlYxZGtFOUhBQmtmbW45TGlFSmNYRDJTQy0zbHM2V2U2MkthSWJtRDRxZ2dLMzNGT1g5NGVNVnItcTNQV1hHS2xYQXQ5RmJxUU1GMHBpRVNpMy00UVF0VU5uRURCeEN2MElQbXRibU4?oc=5,Chicago Sun-Times,negative
Nora Leerhsen,Chicago Transit Authority,"CTA board approved deal with IDOT to fix Blue Line slow zones, and an increase in bus lane enforcement cameras. - Streetsblog Chicago",https://news.google.com/rss/articles/CBMiugFBVV95cUxON2w1ZnRDXzFfclpDMFFMSHkwOVQyVmhYS1ZDRXJjWlM0cEtuRXNqYnhFdy1BSGtTWHRrdWNKV1Z4S0ppTktDM2t5SDNVTEkwMndhY3ZZVFQxNVQyZVpTQlo0U2lfNV9FQVBoRFVlRHJMNTMyNXZtSllnbGJaYmVUSURnYWZEUkhaYzMyZEM5TmNCenA2T1I4MWUzM1pmSHpQYUstOExhWkkyVC1nU1hrTl94WUVKTS1lRGc?oc=5,Streetsblog Chicago,positive
Nora Leerhsen,Chicago Transit Authority,Mayor Brandon Johnson makes last-minute push to name permanent CTA leader - Chicago Tribune,https://news.google.com/rss/articles/CBMijgFBVV95cUxNZUd1eUVSUDNEX1pDOEhlRGRZek9nODd4VURXSWl0ZFZfX19BMURBSlZWREhfamgyUDdycnd3bEFCVkNqSFJqQXpiRlVDRTBvSzBxRS1sNmhKbndxclp1ZGxSbEJRMlI1aWxNRms4QXl0eDhBUkR1RVhDNmwyNUY1amdnYzJwbWo3aldjVEZn?oc=5,Chicago Tribune,neutral
Nora Leerhsen,Chicago Transit Authority,"CTA Leaders Tout Ridership Gains, Lower Crime Rates on System - WTTW News",https://news.google.com/rss/articles/CBMilAFBVV95cUxOdDg1QnNBX1VvZHAtNEtVbVp1WGZvOExNbUFyYkIxTVpELWo4UXRjelJvVngzaEVESDZzSGxENTNPXzVLdUlMUGZBN3N4LUVYMzA0NlFZUGdEeno1VUVYdXVDNzdvVGpHSnBqRXZ5eldPcjFmNW5zZ0J6Y1hsMnFwbk5uRjRKdU9CZUpVSng2dFU0dzVC?oc=5,WTTW News,negative
Nora Leerhsen,Chicago Transit Authority,RTA chair sends veiled warning shot to Mayor Brandon Johnson over CTA leadership - Chicago Tribune,https://news.google.com/rss/articles/CBMidEFVX3lxTFB1YW5rbk5veUl4OWQxNWtWUXRVTTluQkRXSTkxakVpbGw3V1ZsZUJ2dzA5eW83Q2pnSFdXM2djbENucWlLaklzZy00cko3bFp1aUVhancwNjhlSUg3RFN4NXFZdnBRZDVsVkQyaHdoUnRCT2Q1?oc=5,Chicago Tribune,negative
Nora Leerhsen,Chicago Transit Authority,"As the CTA approaches a major governance change, many alders ""ghosted"" it's quarterly City Council hearing once again - Streetsblog Chicago",https://news.google.com/rss/articles/CBMilgJBVV95cUxNYVVueHItR2xETkNFa1g5cDRWLXBLcWF1dUh5WTRMVXdFQ05jNTNCNjRGR0NuV3BtSXRvdFRxMnNKckJLd2lnZ1pYS3lTWTFndFVocW91UndEWFVXeUFON0E2em9hb3hPTmNtWTZ4eVVGbTNIUWRxSFllcVdwZk96OFJ0blBOZkdZQkUwTk5LTl9oQi1hUjR5VFdpYWk3WG1pQzkzdDZLRGJmYmQ0MW1EZWFEaC03V0pIc1N4WjhsaUZUM2duZzFEU1huUFE0VmxIdTBlZGNCdDRhTGVQalR1MUlFYmE1U0FOcFlKN0E2ZmswM3g5NmJuU0tzMHczbklCT3ZoTHpHTGl5eEk1Mm5lWUYzN0sxdw?oc=5,Streetsblog Chicago,neutral
Nora Leerhsen,Chicago Transit Authority,State’s attorney launches transit crime prosecution task force - Chicago Tribune,https://news.google.com/rss/articles/CBMidkFVX3lxTFA1YlhVY010VFBUaUNMRi1SRVdZQ2V5bU05a1JXTXo4YlNTYVd2YXc3NXdkcG9kaWoyaktrTHVJSGVWbkxjaGd6Rk1tU3JfTlpFeHVzalVOOFE5a2NFSHJQNGZnck5UaDVFaGtIT2NZOVM2cnFYWVE?oc=5,Chicago Tribune,negative
Nora Leerhsen,Chicago Transit Authority,"CTA ends unarmed guard contract, sparking backlash from some groups - NBC 5 Chicago",https://news.google.com/rss/articles/CBMiugFBVV95cUxOS2lhOGs5VDRhcE14OTZ5WGptdXI5NkREeTdRY3NwTUtsYkpLdExnMlVWSGRPNk1RbWdNTl9yVVl2ZXlLUW5oeC1HcEhuU1p3T3hpczJVbDdod3BkQlpiWlNvM0xJNV9RRXVMZWE4aGxPUmplbHB4Z25DeHBiTUV5eVc1bk9McEtFSV96Z3lvZ3VaV3czR20yNlBZdkUxWEZMd2k1TjZ4ZGloMWRvdFExSkJvWVQ1LXg1dFHSAcIBQVVfeXFMUFh2YUxHeHF6QWd1dWZObzllWlgwT2t4UXhxM1BTcUNiSWtSbnBWcTEwMF9FWWZsd19LMTFkSTNrUl9fcXBxVTBoZ3lQOEx0X1dTY2o4Um93TFhFcElQelpSMXRZY2RsMXV4NVYzUy1tUDFCdWJMUkNFdWFYamh2UmRZSDEyOEpuMGVoc3laOVhFWmZUbGp6aFNjNl9UQXd4T0tNRkthX0ZZak1QbDFEMlhxd0RLRjhDalZTM25iLWxDSnc?oc=5,NBC 5 Chicago,neutral
Nora Leerhsen,Chicago Transit Authority,CTA Celebrates Start of Red Line Extension Project at the Future Michigan Avenue Station - Associated Construction Publications,https://news.google.com/rss/articles/CBMixwFBVV95cUxQWWhJcTAySEJpNzZBUXJpbmc1R2FfM3lRMl9NVzZiMzFNX2JIOWZNMmVCWmMzQjBCYmZRWl9QQ2ZYd2Q2ZEVEV1hYdnBXdGFyM1RNM2VvZF9MX1dlYmpqcEI5d1FSRVFBSWtSNVg0T2tRV3FWckhGR1hYd0xlc3FyazlxcFREVlpsdHg4S3Q2TUN2bHFQeFVUcDBiV1NNczFDbHVvc25WYXVKTExGazNrZUhMeFRZZGF3R2hxaTF1aHUxdDdrZ1hN?oc=5,Associated Construction Publications,positive
Nora Leerhsen,Chicago Transit Authority,"Cook County State's Attorney Eileen O'Neill Burke, CTA acting president, sheriff's office announce Regional Transit Task Force - ABC7 Chicago",https://news.google.com/rss/articles/CBMi8gFBVV95cUxQcjN2bkVob1Vidml1aDJSMXpwLVctZENtOGhJUXNrZkdkNjFpemZSYnlwYTJNN0RsRGdnVW1leTBvd0xCaXduaXFvcUNPbzVLcEZpX2V0Smp0d3BEbXNTenI4TDhWaS1uZ1UtX2ZXYTdGY2VnbXVSMXlOSU5mbUNwTldpNVdWUmVjenlydlVwcVotRHNuTUh1QkFqbldZdFdoaGNKaE0wSl9pR3Q1bE1VZTBSdGdDMHFDNzM0U1NEWGlla0ZkUjZfcjZhVzdoSUUtSEhocG1fMjFFVjlqM01GWWkyU05Kc2R4aGlHM0ZQVjVqQdIB9wFBVV95cUxQd1EtTlVhRFZKZHJ4SlZGZlp2RGFXcHZhRm45empfNDZrUGREeTNKcVlUSFI1T1ZJYWduNFJpSFpoOUw3Zm9FY0lscGtGTEl2QVJBVWJETXhEQmxham11T2NOZEozS04zd2tfSklTaDdKTWhIbEVGUnNOeURNb1UyOWhLREpkSks0aGp5SU5tbTUydm5rVE1fMlVEd0RSVkdtSFlJbXZ4UERJSjhUWFI0TW1MUjlQYXpPa0hLQUloOERuN3Y1YjlFM3I4eF9wX2FGMjQyTjZOVDMwVVhyamRhSjBiQV9QUXZ1bmVSR0xRS1oyX0JudHZF?oc=5,ABC7 Chicago,neutral
Nora Leerhsen,Chicago Transit Authority,Letters: Readers share how the CTA makes them happy and how it infuriates them - Chicago Tribune,https://news.google.com/rss/articles/CBMibkFVX3lxTFBoaWxyNTNSRDA3OGhxeFYzMDhjcmNaOVBRc2xLOGdBeGFFZlFoTjVTLVVfMkJkbFZlR2FXSWxTYWZmVFpGM09kWTVHblk2VnJXU1p0X0NZVnlSQ0drVlhwb3p2SURCeUhjVXBqa0Jn?oc=5,Chicago Tribune,positive
Nora Leerhsen,CTA,"As new CTA board member Lily Diego-Johnson is seated, the CTA board discusses art and crime in the system - Streetsblog Chicago",https://news.google.com/rss/articles/CBMi2wFBVV95cUxPR000cXkxQlVmU25kOVU0M1hqUWdWcTZHcnZmd0t5ZmhpVG1GSXV3TktFRHJGUjBCa3REZ2xrZklUN3lSLWF3Nnl1U25nWjQ2eWxtNlY0dWFsTUNjZEtBMG9xeXRfX3BnclN0QzN6RmxZXzcyVjhaVldkZ24tMXlnSWFQQUptVVQtdUY4Ti1mU3pGMG4zeUUzMVc5RkhfTFRaVTBrSzd0cF9xeVlwWVJqVWw4SHA1aVdiV3ZkbHE3ZC1GdmtJc0FCb05Yd3hiaDRpQlo5WlZxQi10bUU?oc=5,Streetsblog Chicago,negative
Nora Leerhsen,CTA,Welcome back Carter! A friendly chat with the controversial ex-CTA president at the joyful Red Line Extension groundbreaking - Streetsblog Chicago,https://news.google.com/rss/articles/CBMi9AFBVV95cUxPUm5xVzBneWtQMW9vbDlIZVZqelpxS29PbFRHM1VyYkZuR0tKQ0s2RGIzYUdtT2hEVjB0X1BmR1ZsV18tYl8wamVJNXJfSzRvcUpEZnhYMTVNQV9oaGNIcmNGbF9hcmw2Smh2LWdJTVB1RTlWV1pHVDV5c0FiSUxjcDBLX1ptR09JUnhicTdLYzROdEMxeG5vcjNjM1BZSUJtdElpY1VtYkFPNGExd0k5ZEp1c1hTczdKTnIybWRpYlhVY2NtT0R6Z0JWdE1zcjZrSXY3bUNEcWtnOEpFTk4tN2JpZjJWRnZrS2NfU3NxMy1UOTRf?oc=5,Streetsblog Chicago,positive
Nora Leerhsen,CTA,CTA task force aims to crack down on repeat offenders and enhance safety - wgntv.com,https://news.google.com/rss/articles/CBMipwFBVV95cUxNZjVrQ2pfZGlRUEpadUQ2S05aMnl4d1lPRms4ek1wQ0xGMXd6a1g0SGFCQzY1LWpIR0xKd3VzQllfdGFOcDF4S184OWUzVzF5Y2Rnbl80MFZsM0RNdTM1dE1qZGFCc2RDTnUzMkM5NnRwVG1yYWxNcFppd214ekZjN2JiRlNkN1dyb3ZSY25rLTVRbVlieHpBODNEamRqSThKdlpFZFptRdIBrAFBVV95cUxNQXljempyYWlRRjR5X3ZUSzI3aVRpV3hCejF6T3ktYzhnUXBrYmZxZVVvZXRlVEl3X3ZJZUtUYUJuQl9FOWFuaXd6cE1oRnN3R1hrWGxtLWJnZy1WdV85N2MyOTExWmtBTFJDcHVjc1RLR2syaU1TWU9rbVQzd2RfS2c1T3Q5QWN3SG4xc3V0TUtGTUNCM1N2MHJhSkhVdGowalF3bms3a3NnTk1D?oc=5,wgntv.com,neutral
Nora Leerhsen,CTA,CTA touts drop in serious crime 2 months into security surge — but violent attacks remain at historic high - Chicago Sun-Times,https://news.google.com/rss/articles/CBMijwFBVV95cUxNSWhKcEJlY3l4UkZzOG1ET3k5V242LU03NVc2Vkdlc0ZNRkxXV0lkVGJnZUZ2OXRYQW92QTBJbTRldWpkVmlBTEVISl9Gckp0QWFYbkJTbnd5cmZZZHRYS1ZEYlJ6TkxoSF9WaFM5WXN3akZfRE9pUXh6cF9sWnl2RWdyQjFaZjJiYVFWZ1VONA?oc=5,Chicago Sun-Times,negative
Nora Leerhsen,The L,CTA Leaders Tout New Security Plan as Some Operators and Mechanics Protest Outside - WTTW News,https://news.google.com/rss/articles/CBMisgFBVV95cUxQSmJjXy1kUkZuakZJcWR3WUZBWngybWhwbnFuUE85N0VwY0NDNlAtR0xLdktmcl9kQzh1NUZvOXhDZnEyR2FZQTJNQzQ5MllSWGhLM2laY1hQckVTYVlFNXhRMXViN2htZ3ZGREhUQXFjb0N1QkZxM3pjbzlWWG9IaEpoWUZFZVdpeTNQQ015cTBsT2REZWlxX2VaZzhSTzBpazBqLUJMTndIZlh5SW9ObTZ3?oc=5,WTTW News,neutral
Nora Leerhsen,The L,"CTA board signs off on smoke mitigation pilot, discusses public safety challenges - Streetsblog Chicago",https://news.google.com/rss/articles/CBMiuwFBVV95cUxQaDUwdE1EYjlDbG5obHVhMGVoZnF4YlYwX1NxY0lOQlB3SkQ4WExpU3hNRzVSdkVmYnNqNGU3Q25TTXh4SEVoT2RQUWNkNkNFUzZ3RV92OGhHMC1XcVdGXzU1Z1h1SzQxS05qd1VSSHI2cHBJVnh3WEtIUTV2elNZLVNtOTkxbDJSNHlxTHgxYm1WZG1JTWRlb3JhYlZmRDhkUE1kQnZ3WWxFQnBLVTYydkwtSy1mQjZIYnN3?oc=5,Streetsblog Chicago,positive
Nora Leerhsen,The L,"CTA boss says more police officers patrolling trains, platforms in new program - Chicago Sun-Times",https://news.google.com/rss/articles/CBMiswFBVV95cUxNYUdVb2Eta2FTeThLOVhsdFRIblZfQnJqS18tT2F2aXJXZ3lvVVBvbzIwNGFVQVNFZFRLWUs5ekR0U3pIcU5zMExocC04TE1BRXBYaVUtQjg1amd3WVhPNk9JY01QTnhwdHNRN20tejcyMlY5OTVJMVNXT2JraDJKdDVHTDVObFhsbmlWLTJfaUZ1MEtQWEF4UnhoNUNDY1VSU0h5b2xaRE9SSWF6ZDF5djByWQ?oc=5,Chicago Sun-Times,neutral
Nora Leerhsen,The L,"CTA plans 24-hour service on Orange Line to Midway, thanks to mass transit bailout - WBEZ Chicago",https://news.google.com/rss/articles/CBMi3wFBVV95cUxQUjc1WnBCRW93R0c4RDFXS3FodVZMbFBJaFBiYzRYazA5eXpwQVl1SWp0LXM3NFNtdkRwUGRVZ2N1WU92MXlXNXFrY3pxMTFDX0FlT0RCaDlhQ2M4LWhIbDhlYkVHS3kyMzZkRU5TaGRvNDc3UWJEOU45YzFmaUdlZmNQUGdDMXI3bnJQM2pITnBCejg2Vi0wSEx4SWZXZnNfNVhBb01vWjV2N0VKZWxtWkNqSk1TMEZUQW5oVGx3M3BKTkE3M3dVaThsOHFEdTZXa0FJYjdzX1F0c0RiUEw0?oc=5,WBEZ Chicago,positive
Nora Leerhsen,The L,"CTA Faces 'Drastic Service Cuts' If State Funding Doesn’t Come Through, Agency Head Says - Block Club Chicago",https://news.google.com/rss/articles/CBMiwwFBVV95cUxQdzdXRGpzWS1rZlkyYi1faG13dTgzQnktbWVVb21wUEo3emVKUURuSGtvLUN6YW5KTFRTRWxZSFo4NG9mdjMtVWQzTlE3UVRzUVU4ejdlZ1ZwQ1pULUF4aWtwM3VZbnZlellKX3c2MGdFd3NIU0RUUHlGdUY0eXdEbVhsQzhQeS1aN1RsUlIwMnhmTXo0MHNtOGxkOFZfNy12MVFyTExOX09FTDVnRDRYdnIzYlJ5cURDeW4xWm1STXdneUU?oc=5,Block Club Chicago,negative
Nora Leerhsen,The L,Acting CTA chief lays out priorities after dodging fiscal cliff - Chicago Tribune,https://news.google.com/rss/articles/CBMiqgFBVV95cUxQY1NtTTNIcHpDa21NbHpSc29COF9zRi1tS0wtU05TRE1LNzh5WTRPNUJkd0ZGWUlHUUxYMHBPQmZvRm9LX2NFbnhCekJ5M1NwWFNXaVhqZVVIaFowdVdMX0cxaE5LU2pJbjI4WEV2TDdtaDc3TWdZT3pnX2N2TTdGYmRkdDlTLVZLVW82QnBUa1RrbHlndldoZHBVdjJZREZ2QWlCN1ZCSVNxQQ?oc=5,Chicago Tribune,negative
Nora Leerhsen,The L,"At CTA board meeting, interim president says she’ll tackle quality-of-ride issues, discussion of pilot to detect people and objects on tracks - Streetsblog Chicago",https://news.google.com/rss/articles/CBMiiAJBVV95cUxOY2NCRncwUWZzMXpKYWdmdGpybDNqUlc1NV9JdFRRWWRTSXBObXF1Tk1KQlM0MXZ6Z190QjU2UnhSd2V4RlVVcUZ5aXRiaC1jMElxbGYwUVRPMVYxaF9Va1BtLUhrLXRIQlBLNUpDVDRsc3Zwb2V1cDlqaXJndXJhT2pVZHM1NXdfNjIzOWRfVVZQaGVQOFlkOHh4dGEwRXlFMHh2Rkpmc2ViaEN5NFd1aml5VzAzc1QwcEpYR1h2aHVLOGxMclVKS0ZINDliY0ZiVnJCeFVSMkdONHpiU25wYlp0Y19SbHp2dXRzTDFrcS1CNGRFcHFRV3E1OC1DdENIMnVFRkR4ZFc?oc=5,Streetsblog Chicago,neutral
Nora Leerhsen,The L,Chicago City Council committee urges CTA to crack down on smoking on trains and buses - cbsnews.com,https://news.google.com/rss/articles/CBMijAFBVV95cUxQR3djYnpmT1VDUGRITzQyaVlpeF9jRzZ4VXNJOVNSTkhlLTdzbUp2VlhSQVd0WlZMVmU0dHRSazRkRFRjR05hTm93bXFlTXZrclA1bHE4S0FhMVVSRXZEMVJYVFMwZ0dGSGFabjFpTnhybEVWNkZmRmwyV2NiT1FfMHU5U2trX3M3eDVORNIBkgFBVV95cUxQM3prVE5PdHhBN21hLV9GLXFwS1kxTDFTWGdRTmRaMWRZdDVfUFpwYkZ5dXpKOG0tVC1ycnFOVDR5eVdRWEZ0U09GWFU0alpnVF9uM25ad3RIVVJ6MDlNYkg2OVRXMm1tc25BdXNfcGxQVmtaN29sRTVGVUoyanQtWTFzSUtHdEhZUXZCajJPYVZyQQ?oc=5,cbsnews.com,neutral
Nora Leerhsen,The L,"CTA to focus on safety, cleanliness and bus service improvements in 2026, acting president says - Chicago Tribune",https://news.google.com/rss/articles/CBMijgFBVV95cUxQNlZLampScFRNVnZreUM3aTFOeHBQUXhlcjVXU2xrNTdRQWVCZUJlbmRpZ3F4SVVGeFFVTHVVbGJsOU00REFfMTRQLXFFbmpkZDlIODdvUlFDQ19SUUUzRjNQM1hnVUN2MUx1RnJiSDN3TFViOEpVMTlDelV6WmJqZTJ5N2tud2w5RHFMNmh3?oc=5,Chicago Tribune,positive
Nora Leerhsen,The L,"Acting CTA President Pledges Outreach, Engagement as Agency Works to Tackle Budget Gap and Draw Back Passengers - WTTW News",https://news.google.com/rss/articles/CBMivgFBVV95cUxNRVY1X2lFZTJEZy03bW1lNVEwNlFzeFVWczNYRktkNjU5NGFrZDRBWnhQTENrTWYtZ2M4d25CUWgwOFN4NzNYRWdwcmk4d05wZHlyajRWWUZyRG11UndCdmFqQ01seG1VanI0bEk2dFZ2aGFOQUd1NGQ0eVMxaE9Lc1VTMHZmQzROMHlNX3R5a3gxSWIzTEZlUklNWFB0Yjh2OE5naEs0Q0JkNFEyWk9QTVluQjZiZkdhQTM1aHR3?oc=5,WTTW News,positive
Nora Leerhsen,The L,"At CTA board meeting, an update on bus lane cams, and commiseration over Trump's blockade of RLE grant: ""This is not normal."" - Streetsblog Chicago",https://news.google.com/rss/articles/CBMi4wFBVV95cUxNYzFvQnZUS0tYem5ZNGJvRksweFVLSDh3aUpDMjdkWkRBblF6eDhaQm9CbGs5N0FWV21kRE0yQzJER0F3dlZHYVJNUU9MMFE1UDRBV0x4VWs0NkZ0VVI3RFF2VUczdHozQkNOc3dDWUJnaTR0Y0NySVhlVlhjM3IweUE4OVVwcWFvRmk3QlEtT2hkQ1htYnV6Z3o3ZWdNSUp5cHUzZVBiaWt0VllQQkRDUlJjT0hXeXVqOGVJSW9tR3FncUpSWG8ySnZOWUh5ZHliNElmb1RVWVp5Z3hOZ0dDY0Jxdw?oc=5,Streetsblog Chicago,positive
Nora Leerhsen,The L,"Chicago Transit Board appoints acting president, discusses customer service and public safety - Streetsblog Chicago",https://news.google.com/rss/articles/CBMiywFBVV95cUxQOXBsSHlxQVg2NmZXdzUwNGpjakRKa2pYQWdqOXRBUjFvSlhrRlZqTlRPa24xTGRYSW5FQVFfdUp5dkl2Z1lQMkVGcWhqZk9WcGo1UmZGVHd1N2NrdHpSdkh4SDVhOEVtU1dESkhsWWpMeVVCWVVHdjV3VFRUQ04zTmlZZTVNZkFUYXZGQ3FqaWlyMUU0VXBtRm9HQW1TQ04td3YwOWxRRHprSUk5SE53YlU4MVB2a0FkYndQTEppUllSMFBxM1VLVTFtRQ?oc=5,Streetsblog Chicago,positive
Nora Leerhsen,The L,"No service cuts, no layoffs and no fare increases: CTA board approves rosy-looking 2026 budget - Chicago Tribune",https://news.google.com/rss/articles/CBMia0FVX3lxTE1kTVlpODEwQVk3VFRJOVR5c3hQTWhkamNVRVYzbUtybUtsMWltQUpyUm15dTF2MG1EMUVacFQ4SDc3UTNhLS1IeXdwMVYtUFZ2aEM5OTY5U2MwVnZObEljU3VjTDIwbFFSR01j?oc=5,Chicago Tribune,negative
Nora Leerhsen,The L,CTA ‘Fully Committed’ to Red Line Extension Despite Trump Administration Move to Pause Funding - WTTW News,https://news.google.com/rss/articles/CBMiuwFBVV95cUxNcVhydXVxUFp0ekVCQlZpMm5UdXYxSFppR1FHcXJuYUdJZ1lJczdkS2xwYVpTbW5yOGFLWGZ0YW8tQmdYMUlaRjg5XzJPNkRfSUFVbzlVNDhqNVpVbUlYTkJsYmUxQl80djRpVWVWSW5nMWszalpfMjVRc2pxX3dYMEp0UUtoVHBMcUVHOWxvS2hRdWt3a1lXMkdMTko4M2ZQM1N3RFV3ODg0RUtjR1JkSmRqVkZuaE9OVlNr?oc=5,WTTW News,neutral
Nora Leerhsen,The L,CTA chief of staff to become acting president after Dorval Carter’s retirement - Chicago Tribune,https://news.google.com/rss/articles/CBMickFVX3lxTE5FZTRnMXloRUxGd2cxNjJxdHR5QUdRd2FFY1Y5dDdPUWFJaUlmbGp5TE9hZFBXM2lMM25xbFJZUUdZcEtjZzYwRFk1YkNMU0VqVHB5MzJzU3A3SFJNQTUxY0tpek9sUHdFRUpnbGZkLVIzdw?oc=5,Chicago Tribune,neutral
Nora Leerhsen,The L,"""Who you gonna call? Ghostbusters!"" At the CTA board meeting, discussion of a new program to exorcise ghost buses - Streetsblog Chicago",https://news.google.com/rss/articles/CBMi3gFBVV95cUxPNVc5aGJoTmFGd0RyUXU4TjFKWmdaazRYZndmWjlVRGtEOGFqeVprTHRYZTUzOVZUQUs3WFFuakRRVkd5WHFNaFFMeGFuanZtYTNEbXpyMm9YWDZ3a0hrSUNBeFM4NmtPUW04TzlHNnMySEZmRU1TMkcwTnQxXy1QX2dhMDQ5TFczOXBwWWhnR2RJVmdtdzZqRm15YUFxdmpFUkd1Ml95dUE5UXV3WE9iNzFQTlBodHAxZWFrcGN4My16dnlCQ3BkLXl5dzRJdzVlYWtXaDQ3NUVQWHpvS1E?oc=5,Streetsblog Chicago,negative
Nora Leerhsen,The L,CTA unveils final design for blocks underneath new Red Line tracks - Urbanize Chicago,https://news.google.com/rss/articles/CBMingFBVV95cUxNdktBeXIyZ2pLeXYtTi12dkpMS2ZPREdnMkp5dEJjd2tlWmtiMmNjbVRvNGZQSTU2N1hNMEtENjVpc0tCOGhLN0k4MFI5M3FNMEZBQ2F2YlpLX2twMl8wSGpIZF95S2hkdi12ZjQ4TXBTcDhwZk95RnNlS3Q4NW5EZFVvNmlzRk5kQ1VObEx4U0JKZVVYc2ExTWZ2eG1KUQ?oc=5,Urbanize Chicago,negative
Nora Leerhsen,The L,CTA Brings Out 1920s Vintage Railcars to Celebrate Transit Agency’s 78th Anniversary - WTTW News,https://news.google.com/rss/articles/CBMitAFBVV95cUxPcm5fS19wWkZrWkd6YktIbXpLd2JyY1ZoNEF3dFJOc1EwSFVVeGUwTDRKRmtXRzFCXzJNaGxlR3FFYUFRVHhpUUxUSmdkdjBLNGJYZEJrVkgzUVJQcFVub1VtbzAyaXFKUDUzSUFLSGxPU092ajY3cU1vNzhLQ3dmWGNPb0dobUF6bVc5MVVoQTZ4MDBVcEZwbEUtTjVhN0JXNUg2YU0xaVVZbmYtaW52aGNBcC0?oc=5,WTTW News,positive
Nora Leerhsen,The L,CTA to clean up 6 stations as part of Refresh & Renew program - cbsnews.com,https://news.google.com/rss/articles/CBMihAFBVV95cUxPX0VZOVRORUdLRnN5azhfd1B6OE5VSGZYUXA5OXY0dGIyR2JBMGNuV3NrdXFjTFR5R2dnTllEOXRKbFZ4WmJuSHphdm1kUEk0REJ0SXJCc1ZaOWZXVFdBWnNrU3FhNmtpM3NlX3VwbkR6ZnJGSGk1TlJlYVlTdFdPdlFsY1PSAYoBQVVfeXFMTmNPSEVRT0JLUzhsdHliTklibHdRdTZVOURFQ0pEYTUxTzZ0dkJWMHBEaHYwb3dUdkdmckpTa3BjRVJXZzJvdmVSQ2dUUmk2cWhfZGR3ZnNFVlhlaGZHZ2lwOGNxMnVDR1d2RmlXX3oxTWZ6N1FlWl9rOUVEaUlZZ0VzS0xUSnE3cGxn?oc=5,cbsnews.com,positive
Nora Leerhsen,The L,CTA proposes fare hikes as it stares down budget gap - Chicago Tribune,https://news.google.com/rss/articles/CBMickFVX3lxTE1fbzBaQ0N3d0Njb19wbkVSSTFoX19YNC1wNTE2a3d1NXZIMUZoeDNWMWZ3YmxFUVM2RkljRkl1ZkNmdS1JZzlqbDZ5SGNuVVRqUUd1WVpaUmM1dkg4UkZ3ZEVlc2gxNUw0LXNVNXYwa085QQ?oc=5,Chicago Tribune,neutral
Nora Leerhsen,The L,CTA Brown Line moving again after slight derailment near Kimball stop - cbsnews.com,https://news.google.com/rss/articles/CBMipAFBVV95cUxOaU1MVFNUMWstZUdsNnB2cUxJLVNVNVMzNDBncjU4Qnc3Y09idUdyNDdBcUtNUGg3Q2hEdUJUNjRISXhRNXNIWlQ0M1lQT3RmUmZKM3Bwa3A3LWk0dlJ4UTJsaHpHRGVkYV81dWwxMEZuUFZRLU5EV2NVUG5rcU1JbkxWM2xpUHdnai1fY1FZRjVUOER2bjJnM204Wk5CdmJRcVhtTtIBqgFBVV95cUxOSG5lRlp0U1V6eDdBMXowNmsyTTV2R2xuQU5QRzk1OVVmbFFnVE1IeTI0OHhEaXpHVGEwem1tSWY1UExkUVVGYlpkbUliMWEyRzV6NXI2ajREYlNBcjJtd1QwWnY3cjJ0clpMemhiT1FpRlVZdXI2dmJYY2hNaC15Skxabm8tc1lycUJUb2JtaWpUY2JXV0t4eG9RZ0dBTElhNUZLUm0zdXg5QQ?oc=5,cbsnews.com,negative
