company,title,url,source,date,sentiment
Boston T,"More parking, fewer bike lanes: City of Boston, T release new Blue Hill Avenue redesign - The Boston Globe",https://news.google.com/rss/articles/CBMiiwFBVV95cUxPN1BYSk1RTWxPY3pRVnlST213MGhCZ3hudEl2dGh3WlAyN1hsMXg0SmVueUYzOEN6MEJRUEljTV8xcFAyUDVDLTBYMGphQkJ5dldYNUN6NGRhR09UZC1WOGdkdGthcEl0eVNYQmk5NlZRbFVXQzNXSUxpVVlraGFjU1FlazZmeEFhSk9v?oc=5,The Boston Globe,2026-09-16,neutral
Boston T,Harvard Houses as T Stops - The Harvard Crimson,https://news.google.com/rss/articles/CBMifkFVX3lxTE5hczZCX2dFNFdwWllEYV9ma1lneFdUVVdfZmlxOXFDSjdRdWtZb3FhYWhaUzRmVjNQa0Jvb2VpLWpsWTB1TXZWQ0E5UFNvcUExODZRNFVjRjl4TE9tUWZWRHN2RG9naWxsUUt4NTF0R1hnV3NUdGFSMkQ5UTljQQ?oc=5,The Harvard Crimson,2026-09-16,negative
Boston T,"PREVIEW: Blue Jackets get right back at it, hosting Bruins - NHL.com",https://news.google.com/rss/articles/CBMimgFBVV95cUxQYS1CM0pZTjBNMHJKYkt3UE81WUpmZHdyLWZrOTBkQ2M4Vmg2cmlJeVhsVlRmb2diZGNheDd2TWhMLUlFYVlRY3JfeTJIbWpZbHQwdGt6dVZ3T3BjMWV3WDdacTdFS2YtVXM0bXFjX3dlWjRRV2ZoQkEtM3hNWUVldXp6alFpN1N5R3ZaQ0c4VklxN3JLSkdiQ1Jn?oc=5,NHL.com,2026-09-16,neutral
Boston T,Congress Budgeted Billions for Big Transit Projects. Trump Isn’t Spending It. - The New York Times,https://news.google.com/rss/articles/CBMieEFVX3lxTE5STTQ2LWlvSlRoNWhSSFRTYVpvUWstb1ZfUVdWZXp5Vi0zNVRJbHlZM0I4SDJBYkdmNXdzNXh5NDVUWFVOTHBuMkIxeGhIbXNIX0oyUktUZVN6aDFFUFBlLWZCTU5lZzc5THgxN3doRXVHeVZmMTN0SA?oc=5,The New York Times,2026-09-16,neutral
Boston T,Sail Boston continues: Meet the tall ships crowds were eager to board on Day 2 - NBC Boston,https://news.google.com/rss/articles/CBMigAFBVV95cUxORXpwbVBMSjlZR0NJYmEtVWNPRXpTckxDLXB1V1c3U1dzbm5GMzgyWWJXSldOd19tSmtsNDNHNjhQUW1HUE5VN1lIU2ZTdFhESEdZaEt4RGcxYnN4cmVZeUpnZUxyaUU5YlFVbjM4NE5BZENWV1BpSEZDZUxKcFV4TdIBiAFBVV95cUxNd0x5UDd5QUxJcnMteHVnRHBfNDNBelRHSklvSlBuVWhxdlNZbURzM2JEbFotREJtbTZSbWlrODU4TTBySGp2WXZNT2RXeThxaUV1YjJORTEyVWNuaWNaZ3hLcXJuZThQUVdKSHk1SVo0azlrWnFaMmx0LUdoMk5ubXVEWlN3TnB4?oc=5,NBC Boston,2026-09-16,positive
Boston T,LOC Boston T-03300-03379u - HistoryNet,https://news.google.com/rss/articles/CBMitgFBVV95cUxPTHd2WWtIVUhDQTYtc1l3NnZqRE5LQkNheEJON2drckVRSUo0R1hkSnVWODVBblVnWk1ZVEh6Ql9mSk5mQzI3XzhYRk0xX1dTTm9FRFpaOTdsMlIxazNSay13MGxEUHZwZHdWTUVWQlFLR05ndVBKdVN2bGVLaExaSXRjRVl2aE1sU25KbGtuZU5lMXd0TmVfNHBLdUJ1c3Q1WXFwZGV0N2lxbTJDemZzWTJXWWRGdw?oc=5,HistoryNet,2026-09-16,neutral
Boston T,Tartan Army toast Scotland’s World Cup return: ‘It’s a once-in-a-lifetime opportunity’ - The Guardian,https://news.google.com/rss/articles/CBMioAFBVV95cUxNdTRNckRqeFZOeTBsYTE5UUpQZEEyVkU1YnprRldadVhpc1BPckZqc0gzNUtHRGVJSjZIYkZEcEQ4N1VPQVB1NjZtcTR6Y18tempYb005YlRNbUQ5akRTSmpxS0pucmVDdmxqNHhaYWtnQjAxM3VjZ0xHWnp1Y0xfSF9sbVV2T0hZM1JLLVltVFdvZ0lacS1mS0VMUTM1TzRf?oc=5,The Guardian,2026-09-16,positive
Boston T,Three MBTA bus routes to remain free through end of year - The Boston Globe,https://news.google.com/rss/articles/CBMikwFBVV95cUxQdklPRFYzXzJMQ2VpaVBmZjkzUGljQ0RmMjVXRHA4ZWM4Skc0XzBybDFDZjdZZ0lHZXZfeDFLeWZlUnFKRC11UGN5cDg0MjlsNXljVkdBUDJUNm5jVUJOeWlQYU5nTmdCUktQeGhNc0RBWkZlS0EzemxMMGtGalBTeG5oM3g1amNILWhUTEtsaG5wS00?oc=5,The Boston Globe,2026-09-16,positive
Boston T,Unlicensed Corvette C8 Driver Blames ‘Wrong Turn’ After Getting Stuck On Train Tracks - Carscoops,https://news.google.com/rss/articles/CBMiugFBVV95cUxPN2Zid1hwelczdnNsQkdGLWhwNTNHeEpPUjM3TTRneTRMeFlhVTRaY3VFVnhMS0c0bnBEeld0LVZqOTFpWTZqSTBoY3B5UndmUkVxVTNWdXR4cTkzWjl2M0xrcjZpVF9GTVlFcDhKLUVOMWh3bVRKRGxxZk5yVkNVVjNCMEJFYmhfeU9wTnlSVy1oM3R5ZzNTVmlWNHNsem1RcGdyNHFRUlRIWExCYjlXTHM0a1JEaEFkc3c?oc=5,Carscoops,2026-09-16,negative
Boston T,"Here's why the T is so slow, according to a new report | Radio Boston - WBUR",https://news.google.com/rss/articles/CBMihAFBVV95cUxNaEhPT2Q1NUNtczlpeFFwRFJMd3A4WjI4dWhmdnBBX3NLWWZrR21UMG0wcEVENEZDWnhERGNwZS1ubzFjaDNRU0w3aFdCMXN0RTJuMlZqbUZxd3h1T3ZoVkdXVGl4RU1rd1JXVEVzeEJTaVhYTm15YjNOc2I2NEpyVE0xRms?oc=5,WBUR,2026-09-16,neutral
Boston T,"For T riders, the shutdown fatigue is real - WGBH",https://news.google.com/rss/articles/CBMijAFBVV95cUxPX3c0d2tHUDFMdm1sT21kdnY3SUhULUctQ3BhWXpoZWhqZC13eGR0ZUNxWnZMQkZfNUdidmE1YzhCc0Z4Um4zU1VWbVJKakc0M2FudXlJcldkV0JraGd1a1NseG45MnpoWmtGZWdDSERZak51SXhNRUR1R2VYeWtlczhMNVdjWTcteW1XUQ?oc=5,WGBH,2026-09-16,negative
Boston T,Scotland fans optimistic as they arrive in Boston for World Cup - London Evening Standard,https://news.google.com/rss/articles/CBMiggFBVV95cUxQMFU2dmhLSm53MDJsc2RUMU42SWNiWU1KTng2X3hGa2hWRDFUYTk4UXlua3RLRUpUUjZZeE8tbzNRaVhscGlXOXVrakJrZFk5REFRRXJLYk1CeVNGVnZPY0UtR05DbzJsZzFlUkl1eVVObDhHeGFRT0o4djNYTmplRHln?oc=5,London Evening Standard,2026-09-16,positive
Boston T,July 4 In Boston: T Is Free After 9:30 p.m. - Patch,https://news.google.com/rss/articles/CBMif0FVX3lxTFBMTjZ2X0dGMXNmMDZ4RDB3bEgwNm1NR1FhVnYzTGJkTzBRVmZFeDVLZkIyaEU2cFhiUUpUWFJfZlpzTTZJS0otUk43aVB0WlZfbnJWeFFQZlJJNUNwWHczb1Qxc3hPZ2MyaFpPaHJuTThQcHhQUlFKMjFrM1QwOGs?oc=5,Patch,2026-09-16,positive
Boston T,'No Kings' protest takes over Boston Common - MassLive.com,https://news.google.com/rss/articles/CBMib0FVX3lxTE1uOE9BLUxYYldoQnRodE5UVDl6dWwySnBxMjFNajNHQWh2ZFZNRzN0ckxScEViYWhSdW1VV1lhd1h3WldPNUVmNkR4enQ0QjRlVzlod2lobHFVRHRKUVAwT1VHUk1Talo2ZmRlNnR1QQ?oc=5,MassLive.com,2026-09-16,negative
Boston T,Getting Around Boston: Guide to Public Transportation - TripSavvy,https://news.google.com/rss/articles/CBMijwFBVV95cUxQY2g5NjdMWEd5RWJfQ2p5R2V0WnVWQWROU0piUFZrVVpJenJLLV9INFdEc0RFd3pLbWtpRmtJUGw4WkMtQklRUGVnelZYZkg1LUIyVXZWMU1xQ0RQYng2ZU5CTG5LVFNHWDQ3SGZMV2tSR3pJSjM3Wnd0UEFrQlhNVzhGQWtLU3d5bUl2UVgxZw?oc=5,TripSavvy,2026-09-16,neutral
Boston T,MBTA forecasts warn of big budget deficits in coming years - The Boston Globe,https://news.google.com/rss/articles/CBMiiAFBVV95cUxONmtWRzQwcU93dENMdm5YVHhfYlNWMFdUMk80Qlg0YnplbzdUM3lyTnBRYlZBck91T3B3Ti1lclV2WS1JMDFFTmMwdzZfZFdpQXNKc2xfdkZ6NElHR0h5QVROaW0ycUZ3WGV5dmRmSWhyTWN6VlhzOXJlTGtLMXB4OC1SdFRieDdQ?oc=5,The Boston Globe,2026-09-16,negative
Boston T,"How Boston T riders, drivers and bikers get around the city - WBUR",https://news.google.com/rss/articles/CBMinAFBVV95cUxPLUFLa0pEQlpnUFBiRTBrSUN6cC1jb3Iwc2NwMDlQd2pYZXQ4dHhwdXlkVUVwNzRsZ0R1Vnh3MHlKLUV2NEJUY1Jack9GVWZRbkJVWEpFeS0wMHJVZlFtc0pVUmNMZFFTZXpTd1dfdzQzRHFjSWdEcU1aUnFaYk1UOWdTZkFnT0xSRDNtb2ZReG5pRzNhMkhyU2Z0MVY?oc=5,WBUR,2026-09-16,neutral
Boston T,"In Boston, All Aboard Googly-Eyed Trains (Published 2024) - The New York Times",https://news.google.com/rss/articles/CBMieEFVX3lxTE43XzlFV1dLcnhTYWxNSGJLTXZVWURHbDdpRHo4SWI3X0FiMEVZMElyZ0QzQVdoMU1WOTh5aU1GNklObmVnbXFPcXExcXpRLW9BRm10UWh1S3dtUjBDNDlVZUdmT1p2QTFtY2hQZUZUcjVtUHZ5Q0lRag?oc=5,The New York Times,2026-09-16,neutral
Boston T,Poll: Residents say MBTA is unsafe and service isn't great either - WBUR,https://news.google.com/rss/articles/CBMieEFVX3lxTFBKM2ZpbTNEczEzOFB6QmtfbDVlaHowWGlkSDNsU3BhWGJkT3pQOWp5cG5fTDJtMHlWcWtTdVdEX0Z4dXNwd3BiNHJ5MzdMQ2pNR2piWWFCV0J2UVdjeWZrS0V0UUdVYVRvU0Nham1OVE0wb19HQmJ0aw?oc=5,WBUR,2026-09-16,negative
Boston T,Ty Gibbs is having fun as a new NASCAR Cup winner while trying to maintain his low profile - The Boston Globe,https://news.google.com/rss/articles/CBMiigFBVV95cUxOdWRSdVNtUlZZcnU0SGlHUjJVdzljR1dnSUVsckVBeUU5Qm9pV3QxMTJfblQtYmxWdGJ4b2Nta2RlWHktajM3Z0dNMzA1LV93RkRHbUxtMDFrNGtIbFlFM0hYRG5TSEctTUNaNHRXTnJfV1hrZlNJOHIzNkNLdDQtSFNuaTNISXU4MGc?oc=5,The Boston Globe,2026-09-16,positive
Boston T,How to Park on the Mass Pike and Take the T Into Boston - TripSavvy,https://news.google.com/rss/articles/CBMib0FVX3lxTE5SVVRXSjJBTXBTTEhEb3ZKZG10N0tPSEtBY3ZWSmlTUUkzMURfelRJaVhhdnUtUzZzVnVQT0t4TU4tbnhjMGI2QnBkRnd2QWt6VVVOR0lwWkxsTFZIT3lRMzhieTR0SjlaeExadVd5cw?oc=5,TripSavvy,2026-09-16,neutral
Boston T,MBTA Green Line service at Union Square reopens ahead of schedule with all slow zones lifted - WBUR,https://news.google.com/rss/articles/CBMiigFBVV95cUxPUE9mSFFEeTRFcV9ZWHdoV3pUZ3kwOU9UVnRCYjMtYS03SEhVbi1UT2FrSTI2V1VpMTc5TGNPWF9JVmthM2ozRTJadDRzdHIzdk5YSXFrTWxNTXd5dmlpT0lxSDZjNjFiU3doVTV0czZvRS0tLWkwRHFxMF8wZHhIOXphYTNXQmY1M3c?oc=5,WBUR,2026-09-16,neutral
Boston T,MBTA announces extension of late-night service from Boston to Providence - browndailyherald.com,https://news.google.com/rss/articles/CBMivgFBVV95cUxOTTk0ekNGcVlKOVl3cVFuSzlveFlJUnlYQXpKdm52SGxLN2ZWOXFTd1VvNVlXb2J3cjJhQ0NLNGxoUk1QME92ZDlfWVdtWVhuYlZmWE54NEV3X2t6NHVRMlR1TjBhRTI2TTg3b0dWXzFJUUdHMmJPRlRHUy1zSFlQUm9zbnJjajUwNkNvQ2h6X01JN2RPa0xORVNkZm5HbmdoSlNDZXNuajJBVFJRdnNZeEk5eElBMmpMSU1NRkNR?oc=5,browndailyherald.com,2026-09-16,neutral
Boston T,Why Boston's Transit System Is the Best... but Still the Worst - Thrillist,https://news.google.com/rss/articles/CBMiiwFBVV95cUxQZEhsZ3Ezc1ZIVG40TFJseDhHWkVWN2dKWW5MVzhCUHFCN2VCcllrdUZmRkZ0clpheExaYWhRSTRIbUN0bUFnSnpQd05YNXhsaUk4TDA3VW12SnoxeUNTbnNkTVBpTWRxRHZUazJ1blU3RjRkOGxJZUJ1QzFqamEyWHBXWGxDSjFIQW5n?oc=5,Thrillist,2026-09-16,negative
Boston T,Quality Comes with a Fare - City Journal,https://news.google.com/rss/articles/CBMib0FVX3lxTE1mNWxFT3ZmZVFvcF9XYXdIeFVuX1Z5aEJGMmo1eUotNmdtTk5yNjJsQmFOeFBEV2VvY09sSlVOdzR5OTVEektnMXVicjJ6aV85ZURiVzhmODRpaFY5MDVZdjFKblMwOWYxZDZ3NGRSNA?oc=5,City Journal,2026-09-16,neutral
Boston T,"Changemaker: Catherine Gaggioli, Books on the T co-founder - thescopeboston.org",https://news.google.com/rss/articles/CBMiqgFBVV95cUxQakNVVWxJZUhlNnY0a19GaFIyVlczV3dPLWdwVDFMZ3B0WWVRUjFnb0sxTUtiell5cVR5WHdGQ3RveDZUbkNXNnZsT0VwVEt4QjdCMDRldmJGWVExdTFhZFYwclp6R0RkTW5hS1pEU3JZc0ZFYXpNdUxSMnB3NXB6RmxoVmtRQUI3cmdXQmhLLXJSV1FKczBnODl6TVA5R2wzRl9IdFFDWklYQQ?oc=5,thescopeboston.org,2026-09-16,neutral
Boston T,Riding the T During a Heat Wave Was Awful. CTA Will Also Need to Cope With Climate Change - Streetsblog Chicago,https://news.google.com/rss/articles/CBMixgFBVV95cUxQVGFQckZ2X1hucXVYbk0zR1JGQTBXQlh3MklLV2V6UEwtLWNEM2diWEhOT1FaR0xIOHNVd196VHN4M3JLcGRPSGpKMHFlQ0ZCSTJncDA3ODNGOGhLaGhsX3dZeDJpaGtxYy10MV9TX0VNeHRtX0JzcDBXWXZMU2pHVk5iNDFyZ1FhMFIzQzJidm44aXIwSGR3RlZEMlZMdzFUZXJ1WlpxS3ljZGFRdHR2bDFlM2s4QzFvbk5xdkFzcHhqWWJka2c?oc=5,Streetsblog Chicago,2026-09-16,negative
Boston T,Harvard's Corinne Wee shows support with Row for Boston T-shirts - Harvard Magazine,https://news.google.com/rss/articles/CBMiaEFVX3lxTE85aF9nell2Y3BFTjVmVVViZjFlWllWWVhCakt2RU94bk9vQm02c096MGxxcHZPdmNVVE9VcWRmdEp4cEJ0SEFPSUJTNEFUNE9SV29WZjcwSGMzbzd6QlFzWnpScEJEbVBU?oc=5,Harvard Magazine,2026-09-16,positive
Boston T,"I spent 4 years in the US, but now I live in the UK. Here are 6 reasons I have no regrets leaving. - Business Insider",https://news.google.com/rss/articles/CBMihAFBVV95cUxNazNoUWVOOWZva05UT3ZKNUdubGhaTzZWRVh2dXZXakE4bW1nZU5SeUFBdFpjblVpMGthbVVZa1pSUUZXS2F1UXM4bnFFRWdfWHZjdjJFNFpfREFsQkRsWEpoOUxyV25iQ255eEx1N0ZXLUN2OWdxaXByWjgzeFNSR0xJcUM?oc=5,Business Insider,2026-09-16,positive
Boston T,T Riders Can Soon Tap to Pay for Bus and Subway Fares in Boston - PaymentsJournal,https://news.google.com/rss/articles/CBMinAFBVV95cUxQM0ZESDRXZXV6ZzlDZldKMnFIT2ZoOURIOVBld0dtN1QyWWt5VktndHpDcExTU0dLTGgyZkZ0VkNjMUY0dE5xQ3FOemFkaEpqei1IT0pUS2M3MVdqREJ4d0JiSUhjNkJJcDBtWmkxbzZ6OHpGYjFjekFmbmpkbHFRN2p5c2QxX0V5SER2WlNqX1VIVUVER3k3UFQtU1fSAaIBQVVfeXFMUE9ScEF0dEtPbjR5TFNEU0F4YmdPVU1zaExJemRtNUNiSmFCVnZkdmRXa1JYQUR2RHA4M1g2QXZGdmJRcXVLN25yZTNLWnN1UzRKMTM3N0RpcnFYTjVJc2FhcW9lMjBwdkhOUDlEbGlGRmRyQVFiTjhaLWxFSHFpMlU4U18xTU5HcmFTbUdkckRSNGU1eEhGbzItMzRMYmhlNW5B?oc=5,PaymentsJournal,2026-09-16,negative
Boston T,"Every T Line in Boston, Ranked From Worst to Most Acceptable (but Still Pretty Bad) - Thrillist",https://news.google.com/rss/articles/CBMinwFBVV95cUxQNHBkTzh0bzd3eGZOWXZ6RkFrOUJUMFFJR3ZqV2dFRG95X25tSEpMdWJnVTFjN1RQaldkZGN6TUxtR0kxV3BwZllGTW5CZjN2UmkySDFieUVxeTRFdXQ4UGxPeUlRSkFab1dXV2FBUnR1WEJKRnhQcHJkeUhEZnVpYlZoRXBMTmVLT1lTY3g5NkloSDM3blBTT0RyaFVUbkU?oc=5,Thrillist,2026-09-16,negative
Boston T,This MBTA Map Tells You Which Are the Cheapest T Stops to Live By - bostonmagazine.com,https://news.google.com/rss/articles/CBMigAFBVV95cUxNcURVZmQxWVFhQ0N2Rm9WZVFkOE5tcjQ3ZkNhTHlVbEItTnBSUU1HVnl3Q0lfcndTY3Q2WVM3QU9TUi11R0hNTTVGSEtLWjNabUZXQ29UcGdCeEh3cnlzR0NacVN6YXpFeV95a0ljRzJuNktXcGREbmo3Nmh1SS1jVA?oc=5,bostonmagazine.com,2026-09-16,negative
Boston T,"MBTA board’s $3.24 billion budget for daily operations relies heavily on state funding, and on state lawmakers - The Boston Globe",https://news.google.com/rss/articles/CBMigAFBVV95cUxOWEJqRmdxbWllTUJJU2E5bVVaUWZNTExoYXhEdFR4aWJYbTljOG5saUJ6N203a1RWemZzamhFVE5oQUtQTFp2ekdkOFR6VE9MVGU2MThNb1UzUko0M19oenRJQUdYVTJwLUpFekxubkFVOXV3SUN0M1NwWDd1RkE3cA?oc=5,The Boston Globe,2026-09-16,neutral
Boston T,"For the first time in decades, trains on the MBTA subway system hit 50 mph - WBUR",https://news.google.com/rss/articles/CBMiggFBVV95cUxQQ1BNZkJ1V3FNUUlEOTZTeDFvejdDazlaUFpKUEg1RmxEbjEyajJvU0JYLU95T1ZyMXBtS3R1VnVXY0JhOEdFNVg2cUZiUzNzOGFmM0hLSlctalpQYTk2akgzRGxGbS16by1vc2VOQ2JiakNzY3dYOUxfQ3ZvV2ZlemV3?oc=5,WBUR,2026-09-16,neutral
Boston T,Plan Released for South Station Rail and Bus Terminal Expansion in Boston - Planetizen,https://news.google.com/rss/articles/CBMipwFBVV95cUxNc2NrUjVzTUd5dWJyd3o3SnNnZjR4WHNpWDBZOU1TTnlGR1FRWndVbUhNeXJJVXZ0WjBKUXhVZlN6V0RUak1MMFM5ekhYZTlGaDV5c052MGlmUHlvRFJiU2J6bC03ZTlpSlhTai1TdElNUUtBbzZySHRtSUhadG1udWhILURpNGEzc2h0RVpNWHRHa3dqOXBITlZxVVI4VktpanlGRERJRQ?oc=5,Planetizen,2026-09-16,neutral
Boston T,Boston “travel time” map shows the T in a new way - Greater Greater Washington,https://news.google.com/rss/articles/CBMigwFBVV95cUxOcXJCay1OeEtHYk5HeUZKUGdrWlhMYjFUSy1MMGxzSWhKWXc3TENJaHJYOExNM1R3UkZKY0c2UGVzMndpQm1UMDloUFNQYVZiZDhpd1daWEc1SnZmOHdqS1NSc19kNmtDWEFBdUNQNloxSFJtb2tFQmFhbzZpbUFvZ2JtTQ?oc=5,Greater Greater Washington,2026-09-16,positive
Boston T,"New ceiling debris found on Boston T station floor wasn’t concrete, says MBTA - Boston.com",https://news.google.com/rss/articles/CBMinAFBVV95cUxPbThVeF9lMTF3UUg0TGdCWkFScXRWRkZUN2ppQTlscmZZOUFteEhUX2hmMDNkY2p3azlGMzlNbEc3RTRuQnZQcmhubGFYSXNTSU5hM0U4d0xocHhEQjM3cXJ2OURna0VzZ0pySEtwdzFFVnQ1bzMxbTdheWRsUFE0UGRCMm1RSTJCYVN3UHpKSTB0d2R2ZE5UbVlVd0k?oc=5,Boston.com,2026-09-16,neutral
Boston T,Metrorail is no longer the second-busiest rapid transit system in the country - D.C. Policy Center,https://news.google.com/rss/articles/CBMivwFBVV95cUxQT2xGSmIyaDRKMU9vaDVJZVBQNnRYR25hekV2OXJtaFcwWm5uTm9LXzAtZmcxLWhyRERpQkpveGc3eTN2LXQyT2Y2Z0VJU3Z5bllKVFZJMktZWDh0bEdDMUdqLU5ySmRkVHFmTnh3SE13c29GNWNtcnpfai1tT2F1WUI0U2dqS0M1R01BRUdrOXJJWUZpbWNqNUtjb3E2QnlXdWVkclJua2V5NktoWTRENUJVbzAyZklaRGdyMG1kYw?oc=5,D.C. Policy Center,2026-09-16,negative
Boston T,"6 teens, 1 adult beat a 13-year-old at Boston T station in January, DA says - MassLive.com",https://news.google.com/rss/articles/CBMitwFBVV95cUxQbHZlcmhFazZHWVg4QTliVmZHXzcxS2w2a2oyN3A1OTZMZ24xMEk1ODlJX0QtZ1R6RmFJYWpFN0I0N0Y1Z0dvb2g0Qm1POXFDWnM3Z2RLQkNibTN3ZmtZRmVaN3lHTGhSdkRqdU1hcVJZVnVlWl9nbUtKQk96Z3FONnpvb2hlYWd0VThMUnRrVXJ2bHlHQzQ2Ry1HVHBsb2k2eW9hS1p4MVowTVVIQWNwTmdLcmk4RmfSAcsBQVVfeXFMTTdSUVl4UnVteU1sT3J5cEY5bjFnbjFtTkhtU09SRUVUSWdLbEw1Z3dyd1ozU3pDUlFCR3lEeTc3dDljMXVMVFdNOHJ3R1RtSVBaU3RTeWlUZGZ2X3lXcXFYVjRTMjYzbzc4eUQ4NjdaMEtjT0Jubk5KeFB5VmRvYW5CbzhidTY0MlBDUC1FRzNzbzFIcTJXQV93UUQ3aU55bnh1TTE5QmFIMzJNOGU2cDNIWXJzTjVuNWFEOGlReDhZOWpRaWhUbFkzdkE?oc=5,MassLive.com,2026-09-16,neutral
Boston T,20 Things You Need to Know Before Moving to Boston - SpareFoot,https://news.google.com/rss/articles/CBMiiAFBVV95cUxPejlnR2VDUjcxc01rbDkwQW5tX28xZ1VLcTl2MmlFRXltcGQ0aEpPYzBySlhId1p1NGxBN1FOZi1fUkZIRFUwc0NKSjUwZnYwQzhQUDN4cmtzX0FNV19LbVhMZms2cEVqODIwck16WV9kcjh3M3lzc3VidUdpNDdwbTVsMVJuNGMw?oc=5,SpareFoot,2026-09-16,neutral
Boston T,"Study: Boston’s T system faces severe flood threat, and soon - Boston.com",https://news.google.com/rss/articles/CBMiswFBVV95cUxNQWZjanczaWQweUUyNTZKalFLNU81ZXdmeVRmLW02dV9nT1pZVGpjZ01SOWFPbmdwY29MbW1vOU5ZbzdiT1hYY1ozYmFVWkFuempNTnlHMkFZbERtTTZDeklhRnU5WHA2a2xsZDdtdmRDU0VHaTdYSFBVbmp3SklVTE4tWjZlMENpczloQlE0S05XMkhPT1hxbWE2c1ctWVM1LThvNDZNaWJIQ1AtRVFuZVh2SQ?oc=5,Boston.com,2026-09-16,negative
Boston T,Gortat Propels Suns to Win at Boston “T” Party - NBA.com,https://news.google.com/rss/articles/CBMiX0FVX3lxTE9XOWNvMGxFdnBiMHpNa21ZYVdzcThQSGlpek8yWG1OV1JFYXhCRFlORUhjVk1fd3FQeWtsTUdGc3Z4SGsyeExKYTVXUTllanl3T1R4N2R5Wi1fNXFucU1v?oc=5,NBA.com,2026-09-16,positive
Boston T,Report: Rents Drop Near 105 Boston T Stops - Patch,https://news.google.com/rss/articles/CBMihwFBVV95cUxPOEpPSHRfSjdFM1BOcW5NZWN3YzVITVg0SzFFTGlkaVczOGp3QjB5RTR5QzBLck1rX1Jmb19nYk8yT3ZsNnhzX29iR2F4dm5CUFpLSWJvSjdDT0FiUXVRaVJDUnNHZVBBU2UzWnVSQjdhV3RJVnlKT2dEejhLM0piZHFKcFlONmM?oc=5,Patch,2026-09-16,negative
Boston T,"‘West Roxberry,’ ‘Mission Hills,’ ‘Southy?’ Target T-shirts miss the mark - The Boston Globe",https://news.google.com/rss/articles/CBMi3AFBVV95cUxObFlLVHFRV1lnQzVDQWRPR183LXh4bDFrWWFwa2ZKenpRa0tZU2QtbDdmWDk3cGFZQXdnbER4R0xtRzk4M2c1bmhBU0tZTklUOFJsLWpUV1A3ZWJSX0RVUXNlZlk3b29rMEM5NnlnczdmM0VJbzVlY2dVOXV2NWFUNVZrbC1zUG1vRFpEZl9KLUNXMkkxNGNjSW1MNWZiVXZpdU1PTjg0NmNWb09seFcwZGx0VTNVQ0VqMDN6Y2FDc0UzbmFicm1RY1FrRVo3SjNkWUc4R1JFTndsaXds?oc=5,The Boston Globe,2026-09-16,negative
Boston T,Ben Affleck Rocks Beverly-Brewed 'Believe In Boston' Shirt With J-Lo - Patch,https://news.google.com/rss/articles/CBMinwFBVV95cUxPa0NkSGlXXzhJQThLNlRGRWYtc2FIdndWcXdYQ1Rac2FJZTNVYnN3MEp3U0FHSlRuR2EwZ1ZHTmI1Y1dwTDU2bUtvbXJiUTlUNTV3LUJNR2hpclNzZm1aRkpVNHZkblUtcHFPQ2FHNGhHaU13M2hNcklKNDZRaTF6cXo2N25jTVJuODBBbklhbkw0aWVtYThXMVJmdGpiNUU?oc=5,Patch,2026-09-16,neutral
Boston T,Study suggests MBTA float ferry service expansion - Boston Herald,https://news.google.com/rss/articles/CBMilAFBVV95cUxQMjNWQnNJYWpFdXVOTDV6S0FKUm5tbnZmcU96LXdiSEJMa1I4N2hnWDJZU2xwa0VpQklXUnBzeFkxdlBsa2U3eEx1YllYUW9lUlJCQW9YSUU3c1R4WlVUd3VNQWZIVGtEOUJ6N2Y4WUhBMHI2Y0VRV2N1cGJJekQwN1Q2LWg4UnVvaWVaQnJzbTY5Ml9K?oc=5,Boston Herald,2026-09-16,neutral
Boston T,Live next to an MBTA subway station? This map shows how your rent compares to others who live along the T - MassLive.com,https://news.google.com/rss/articles/CBMi4AFBVV95cUxQR2loLWs2MGxadG15SFl6Znk2bDZaUkNMU2VaNEFsdTZ1c29DSmVyTVRpSXZzc0c4M2lmdlRNd2ZWaFQ1MkxkWEkyRVpuMFEwaUQxZHZiUWlmSjdTMjFMaU1aaUl3dExNZzk3czdJcm9fTjlVT3dURVdOSV9ZSlVrbDhweFgweVFJU0JtREhteURGUkp2RjBIclNSSkEyX2dmb2pRbTdnSlhYUmw2bkU0MTZkcTFtQkIzSzRhLUE3LXIyYk1iVzF5QlFNWmt1T0l1U1Q1WnZuYVdjUnEwbFJXQdIB9AFBVV95cUxQVlhKY3BhTmhKMnEwTkNIRGFfMllSWFEyM0ZHMjl4Y3dtY0dCMGowUGpMT1pDSGtxaDhvMmQ5ejJsMXZBYlpyR1RPY0pxWVhsRGx5TGhmMENlOVZNSTFkZk1nbEUyeDBuRTFEd0NheG9PdlBndmJqUDkyR1dZa1pCMVNlRko4S3FUdVV1RWthb1NoMThkcWFNNXFWdV9qS2ZRLUtuZFpwOFJWOG5Vcko0aGFzZVdsMzZ3ckFLdnBZWmRmRWFZQVItWFR4UHg1SEhwX2czR1A5NUQyWVlPNm80Nm5RY18wYndlZURadTBuSnhyTnYy?oc=5,MassLive.com,2026-09-16,neutral
Boston T,Gear up for a good ride: How and where to safely bike around Boston with pals this fall - WBUR,https://news.google.com/rss/articles/CBMingFBVV95cUxNTGtTTmljOXY5MUVEMmZFVFhlZTJGc0YzcW5EUkNRTHMtSEtlYkMxXzRGUGl3MGViZHgxTmlFV1ZDUmtVRmhSUmJ3QmNsM2Rub2FaY2ZtWEJJNXVZUDJONE54Ukxla3FmYm83RXVNV0paVHJSWjZKc3dSWi10WXZUdHhIVU1zc0gzZG1JZ1h5RzI0eDdNXzZsWDFxWlJVUQ?oc=5,WBUR,2026-09-16,positive
Boston T,This Tiny Boston Tunnel Is the Missing Piece to Finally Connect the Entire East Coast - Thrillist,https://news.google.com/rss/articles/CBMid0FVX3lxTE9jN1ZXRHlNWGhqSWwwcUNlazcxQlIxUmQzZ3BrQU1vRFZhbUt0elBvRm9RMlJ0TlpGdlE0Wll2UGRtZlBOZU5lUjNLOFBXQ21Yajl1VkItQUplWEs5Z1Q0M2lpVkhjUmZhMl9UN1pjY3l1UEdVcWlF?oc=5,Thrillist,2026-09-16,negative
Boston T,necn Investigates: Free ‘Free Brady' T-Shirt Trouble - NBC Boston,https://news.google.com/rss/articles/CBMimAFBVV95cUxPMnRrRlBLZ1NSUWdtLUVDQVFZNVA0bXozSVBqNHIxeFhLRzZ0bHNFdUNXSnYxUG10anpYeDF4Nm1IeFE2RGtBNWpIcXN3bEhoM21qQmFVamlQR3A1bnREQWNnRXpYYUNLcnFjMEN6cFNLazRMMV9VUUN2TXBZYVZkNzNwREsxWDZfWUJ0MDZ3SW1iYThEVGdBRtIBoAFBVV95cUxQYU1sR25LTlNHUWR5S0dIVm1oa1dBM3RMNnFaQTdoLWVrWFd4V2RlMHNZTWU5TzhGbzB0RGxXUmQ2RUhuZGx4aEJGZjk4ZE1mN1pySnhhbkZQdzVYam80Q3dMQlhCeUppUFJGN3NHV2k2MTBrU19DajZkelJoMTdpUEFTLXhlR205ZmNLMVN5UVdzcWpUS214Sm41TUs1OHBN?oc=5,NBC Boston,2026-09-16,neutral
CTA,"CTA Red Line death: Girl, 15, ordered held, charged after Kyle Bickham, Chicago man, pushed off train near 69th Street station - ABC7 Chicago",https://news.google.com/rss/articles/CBMi4gFBVV95cUxOWnlySDBpOXpHYlZibFQ1Sk15UmpLTEhad2RKbGNmUDlSQTVxbllldERLYWtNQm9fZlJKZVh1YU9YU2ZQdXk0a3MxUkFORGNYRzlBbDhJdVZ2OXFqdVhEYVUyM3hic3c5TFV2U0I4NEFiSzd0SXF1UHVvOE9OYTlkbkE5Mm1HRTYyamU3cTlfZW91YkhNYUY1T2U5b1BtSGtHb05GdHZqWktoNXlzcGpKTmlfa0RfSV9lMUtEcHdvWlJwRmd1a0xUN3lYQ0JKMHpTdHJaS3lHSkZybXA2cEdpMXNn0gHnAUFVX3lxTE5WUUZiNUhOd1pMaXJPWkNNem9FY25vcGtkM0hLYUozd0h4T0x6OUpZQVR0cE1SUGJCQlRQbW11R3UwU094bllvbmZxWmR0NWN2UXRvd01mM3gxWGhKTE5mMWVkLXpnV0E4Xy1POXF6aGI0eDZCLWREeXFLb2REZmptQlU3UEc0QS1WM0kwdGhyN2NybzNqMzhmQTJvUDdIbFRmSDNneG40NEhURlRIYkNUeGFVeE1qNERnY0hSY0M4LUZJYkhIVWVjc3FLZXRQX2pJNVY4TFpoSlhBZU1ZM01YTUs1U0RYZw?oc=5,ABC7 Chicago,2026-09-16,negative
CTA,Family of man killed after being pushed from CTA train demands answers - FOX 32 Chicago,https://news.google.com/rss/articles/CBMikAFBVV95cUxNb01JdzFXSFBpS3NmUkY1dlFSM3pzdUplUWl6UGN4bkI2aS1HTjR6NnBHbV82c2VNZG5RSkpoQVRldHJFdDM1V01NNXN3a1dkWVNQa19mbVB6dXM1R28yRldYaDJJM29xZEZEQjJFdlBvUnU4YUM5YTBVMVhraXEwMWRETEZER0U0N2xuTnR0emnSAZYBQVVfeXFMTTdOaWQycjBfVEFyNXhidHVXSW9FX2tWMFptSGdWTFJiTm1LenJfZ2FwdEpTWjc1a05OTWZ0YXY0bWg2UEh1TWx6a3NwZ0IxNEg3SE1jWS04eU1UNzhIUzhhZUdHOHE2NXBqeWktVDdsdEtiMWVMRTFyY1ZtUE1jMFpMSkVRdm11VDhBMW95ZDZFOEJxdUln?oc=5,FOX 32 Chicago,2026-09-16,negative
CTA,Family searching for answers after man fatally pushed from CTA train - NBC 5 Chicago,https://news.google.com/rss/articles/CBMitgFBVV95cUxQM1pJMVZaVjZlcHZPcFVfRV9lZ09iR3JEOVY4YlZaTzlrb0RuRWdZeVVnT2JJYVFyOEI0VTl3LXZyTFlDZ09iaWNNZ05LSTJyU1pFVXVRWnBjLThEZVFQbmMtcXB1MmhaN1JTNGxBNFBuMEQ1dFVLb0tIT1c3TlBKcjFURlBoVkRDcmVmc09wZHVaQVk3UUF0YTJhX1dKUU9MLWk4OW1tekw4Rl9ZNGl6YldhNTM2UdIBvgFBVV95cUxNN2pYQ1dOMHNJcFRsOW1rUWx1NS1zU0lKZTZFUnp5blJMTGx5d0hyNkhoYk5iajlybnM4bWFweU5HaDBFc0wyd2NoclhWa0dMbUVONnd6S1pZUHpkSFZDbG5fLXB6dUxhVUsxWWZQVlNQNWk2UnNiVjNEVFFPdkJRVFlpY2xsWG4zNmJsWUJRV2ltSzZjT3d4T2YzYUNXVEsxamJtVlR4RVBKeUx6amJKYjlRQ1JUZnpaeHpDX3ln?oc=5,NBC 5 Chicago,2026-09-16,negative
CTA,"Heavy Chicago police presence at Lincoln Square 7-Eleven at 5500 North Lincoln Avenue, video shows; CTA busses reroutes - ABC7 Chicago",https://news.google.com/rss/articles/CBMi2gFBVV95cUxNRzRnNUQ4SDREQUphVG52ZHhQSlMxbFhBbm1TWVk0TWE2amVsQ1UxbEhjN1hhYUIyV0x0dFQxRFBtX2Z1MDFHSl9CdWczYlBZOGZWUjFrWHdsWlp6WWZSbnpyRzZnTjRmMTNPLS1sOXo4ckJ0Z1dGRDhsV3FZZlhRVVJuTTJiRWR0al9KaG40dHhmRzhVRnM3X1Q1V0NvN3JCTVNfTEtKUWVtZXVibGVvRjNaYW1pQ2FhNlNyMnNfR1pDaDREUWdpREtwcFoySW5ZcTdRM0RjSVBrd9IB3wFBVV95cUxONFl1QUpjRUN0bFROR292d0ZtbWt6bElnOTlCMXFwN1RGdkVyaGJtSV9rZk9KZ3ZLekh6SU5CWFNOd1pPd1gzbjFaT1NvS0ZGb1hqQlZmcWhJVm9oaEtrZzBFQ3Q5bXExS1dWbVlvZk1GNTY0NUIyTlJzWFRoWUI2Wmlwd3RqM05nNkE3Rk4xSldWcmZmY3hkQTJGQ1o1QWxQcTdmU083SmVxUVBWeTJSUVk4LXB2TG1TUWRKdFNsYllVcjB0ZGhXT0VzdDJuODhpa2RhcE1IRDVCU1ZhTWtr?oc=5,ABC7 Chicago,2026-09-16,neutral
CTA,Delays on 2 CTA lines after medical emergency on tracks halts service - NBC 5 Chicago,https://news.google.com/rss/articles/CBMitgFBVV95cUxQeEo1WV9rUTQ2YWt1a2wzcWlDNEh3b2NjaVhVZ3Q1Q0lRV09jODZVRlhBY2h5dVBCTlJnU2Z0V1lwdEZyMUV6QXR4c0FXTzJra3dIRkJtVmFuTmJXTnJTYy0tMFc2cGFYT3VibVVJV29laE51YlNJQ1ZIbENvMGYxcGxsMkx5VngtVzExRTBmeVFCVGpQbGdJZFRfc1p1X3RpMEpWbk5TckNmelhIN3BDN3A3ZzJaZ9IBvgFBVV95cUxNNGpZMDJ3UlN5ZlRRZDFCenhybmpsODZQUGQ2cmNkUkZhWVdfVWE0NER5NHNHQTFPbkQzQnhSblpIZmppTExBZEQySms0ajFRZG91aUV6TzZ1QloxU2ZyaEdHOGgwZ3ZXTllreXNBa1l5TnBOemtkRGhtLXJ5ekdOa19KMEgyQVR0V0pBZDJRSjg4c3ZsdE9Zazl2RlFZMGliY3plZ2tMdmp1NFhaYmhLZ1dzZV84RHhjLWw4MTl3?oc=5,NBC 5 Chicago,2026-09-16,negative
CTA,"Fed Up With A Lack Of Benches At CTA Bus Stops, Chicagoans Install Their Own - blockclubchicago.org",https://news.google.com/rss/articles/CBMiygFBVV95cUxQLWZSQlBVVzB6c1NfbTF2S19GbjNBMUd1dDFQQWpQeTc3MWFLNVJSbGotaHZNLURaR0N2RWZBU2xUSnNrdzh0X3llTDFUMGJEdnh4YWJqU3NuS3JpNWh3eFd6XzlTcV93U24zZHFxY3FVSG8zLW1CMzAzMFYzbDJMbHNJcGN0X3pBb0MzRTUxS0FGeDA0Q3kxdDNFZ0dwLWFVWTVsdjBJTV9YdG1kQXVMVjZUZXowdEpkR3lKTEpyWThiTG5hWXFPZ1Fn?oc=5,blockclubchicago.org,2026-09-16,negative
CTA,Chicago police seek man for sexual abuse at Wicker Park CTA station - WGN-TV,https://news.google.com/rss/articles/CBMipwFBVV95cUxQZVdkVFNUYzFVcENHVURwVDN3dlp0dGdQNkJEOWhFQ3Z6VDgyYk5zYzhBMkhmelBQX0trM1BjbmpreDNvUWxERzZIelRQWC1RcjQxbEVjclExakRsS3BfUU1vWU5naFA0Wi1MSWlQSmZXXzJrclJFcENjcElRejVnMHRvZ2hLeTJLVkpyYjgyREREU3BWWEdtVlRLRlhuTTR3c21rNksxd9IBrAFBVV95cUxPV19WWV9MblJLandUWVl2QTZ3MU5Gb3BiN2xUNzdheTIwanlKTXE5YVRNR3pKaDV2RHFSRmRuYURsRXZycjlpNnNfRWtyWDhWMXZZM0p3aElHcWF4QXB5RnhFQUlkaW41TGcxaXNOMF9fTVhjOXFoQkY4ZHlpVWxOWE1tUUs4RkRfVDR1VGRDWUpBWDZFU0VPM0hzRHNpY193QkoxUDJZWjVKSGNR?oc=5,WGN-TV,2026-09-16,negative
CTA,CTA Chicago news: Action K-9 Security training questioned after viral 2025 melee caught on camera at 69th Street Red Line station - ABC7 Chicago,https://news.google.com/rss/articles/CBMi6AFBVV95cUxQSVA0LWJxN0FBV2hBU1lVeXV2UlUtSE5IclRBNmdGVGpUSW0wLWJpdlFMSzBHc3Mwd2RUcjF1a21MN2NyMVVpdWk0M25PY0VrVTVfdVB5YWlwMmwzdEdvdnpZcEpQenhtdUtEZVllQ2s4M2dYX09QS3ZEZWNEQ0l0RXNkOTB0cFFNNzhPZHJjY2QyM19zNkRMVElIaEZycWdsUjNNUURxU1B0UDNwMUNqcUYtMUg0LVFwaU55RHVhTU9Wdzlkbi0xNTUtb1dpb24xWGVoUUN5OVBxR2E1N24wcERVdWRQaTlW0gHuAUFVX3lxTE5ITi1CdU1ucHdVUGpLblNDZlNxcWRjS2lZd3lMTWQwT1ltRVAxNjNhVEl0WUxSZlhrN05Xdk5NWHZmSzQ5aU1ob1V2ZktzRnA5TEVGWU02bXF3TXZQeU4tS3VONk5kUy16Vm5HTllqaVA0SU14ejZmVnczOXZBS3lTeW9qekEtNUNHdWZKRWxxRk56NUVLcVNVUTZyQVRqUVYycS1nZVh3bGxEd1J1dS1saDVPMnhEMlgwX0NQeHlxLVVKaW40ZmJzX1M1ZUg5OXZIX2NZeF8tWU8ySGpOQUctRkhqYl9MZWtLcXVsNHc?oc=5,ABC7 Chicago,2026-09-16,positive
CTA,Extremely Local News: CTA riders install their own benches at bus stops - wgnradio.com,https://news.google.com/rss/articles/CBMipgFBVV95cUxPX1V0blBLcVlJWGh3QjA5TmZ3WVVlQlNlakozY19BRl9HRXFGM05MWGdnTm9FNVZzczZwTDk4UUxubDJseTNaN1ZPWXQxVkZVcGtxN2M5dkZOYWpzTW9Sc2l1X0ZSMGJqcU04b19LdHNhblZuQk8zZndLMDFkMWJXOVI1WEJfMklvT3dzR2xBcXFGOG5FWVh1WjhBMk9KU2R6cW42clFB0gGrAUFVX3lxTE1wNEppT0M4QXk3ck5Rd2UxbzVNazRBbHdiZlE4QVhraE5UUUdQeVFsS1cwaEJCSE5TWHpCUkhGeW0yV19zNUlEdmhlb3FHazcyckcxbjNlc0Q0QzZFbzBqbWlqWW41cEdhYTNqNHpKTW5LSUg4MW9vbEQzdEdKNkRGSnprNkNWQXBuRzluY3NocUN6TENEdi0yR2F5S19YS3VXWDlBaTB4akk4NA?oc=5,wgnradio.com,2026-09-16,negative
CTA,"Woman assaulted on CTA train platform in the Loop, police say - NBC 5 Chicago",https://news.google.com/rss/articles/CBMiqwFBVV95cUxONVVqQmJ1bkRCLWpWRHYwVmJGN2JaOVVJdzg3QkV3UmhHVUlYdEkzdE83VnhnZGN0X0NQVE5wNm9UZTRFcWdDVEZQcDZGSzlwX0JQYnFCVDVrNllkajdDQV9wMXpqeF9rb3d6cnFTbXhEc1NMMl82RmhzYjh6dkpWOVpXcXBfRDBBRGZHZTNFMS1wbHQ2SFpwdDFQRHE2VjVDckYyN3EzMTdsV2vSAbMBQVVfeXFMUEhrVEFEQURGVUxJbmRvT3FJc3hXOUdtRHJQUXktVjlpZ2JQT0ZNZ2stdTRXMWU0TzZqVGZLaWh4WWVRY1JYUmpGT1luemIxUnFsUFhEZmhIT0dMTmRHWWpTQml0UzZlX0FLVU9DY051Tk9GSUltbjNtSGpWMGpPSlRwQkVDMmJEYmJrQ2R6ZVRQdG9oa01rM0NOcmdwcWJIQWk5anZIdkdPX09SanpWMlRJdkk?oc=5,NBC 5 Chicago,2026-09-16,negative
CTA,CTA To Unveil Red Line Extension Station Plaza Designs This Month - blockclubchicago.org,https://news.google.com/rss/articles/CBMiqgFBVV95cUxNUV9LMmdpY1VMZU9nSUtNdmN2VUxWUzI5WTJON1lmVjFtZkV6MkMxQ3Z5THdNWWdIc0ltRjZpb2VfUWE4UFN5aXVTUnRwWUJ3QkJTLWZyVXFnbDFPWkx6VWNsdjd4RkFVQmppYnBmZmFpT3N1SnlOdUJKV2hsVVhWZXhmY2ZHNHphdVY4d0lRX2VjTTJRRjBYcl8xNk9qN2Rzb2xQckRsQWZuZw?oc=5,blockclubchicago.org,2026-09-16,neutral
CTA,"Man wanted for sexual abuse at CTA Red Line station in Loop, Chicago police say - ABC7 Chicago",https://news.google.com/rss/articles/CBMiqwFBVV95cUxQTmVGSjZYdVlmcHJ3SkJaWW9PWVJ6bkF4RTFfVVBFekhXTWwwMnVpSUM1cnJEd0ZZb2pDbUc0em9VUGlRTWRwS2RlYWJxS3ZJak9QVzVGSDB4aWJMVkRiR1BvTm5mOFFYLXcxWFRxVTJMWmpVZ2w2anFrVGR3OVJ5MVZacXh2RC1fQjV3b2Y4S3lrc2JnNUc5YmNSZE5SZmU5Zk81dzVhSFNfVFXSAbABQVVfeXFMTi1KQ3I1N1A3czFTVXhweEtlMnBQV3hFRzI3ZDlQWHBhdDNpazhEYUZYQmJOdE9aYjRmYUc4VldlajZpeGQyS2NSTFVZOC1tUk83bEN2ZVNfN2VnQ1p6Q2pqdkk3STNPTVJndEFxSGhadjdIM3djUDhxRzA4M25wS2FjaXYxUTZ4SDdZTGhJRnI1V2J0OTFNT1paODZJM3VpLVVwdW9JeHFvMV9VYnNyanE?oc=5,ABC7 Chicago,2026-09-16,negative
CTA,CTA Chicago news: Legal fight for records uncovers complaints about CTA private security firm Action K9 Security - ABC7 Chicago,https://news.google.com/rss/articles/CBMixgFBVV95cUxORHJYY2RBb18tZkFqMHhzUVhtRkthMzFjOENZQkVTWXREWXNKME02dzhBUTBrZTFQT3hlUTAyTTdqdzJCZlAyWldJeDN1andFbGRCMGNPUldMV1UzZ2txN0x3YTBXdDJLSTl4eW9wdUFUMFFBUTk1ZVlQeTRvVDBVZ3dWcE9uWFZSS01aYTlGcWFuQUxFMlpqQjBwUk5MMEw3eG5hM25rZ2h1RVF3dmFiLTdfTzdIQy1FT3YwR2dEOVF0dzhkMXfSAcsBQVVfeXFMUFRLSkdzSlNJMjctQ0FqX25VN18yMm5CRWtKamlBbnBfTWs1SC0zdC15ckJVay10VENGMjJtbHZzdmtCcTNvV1hHanUzSkRGdjlJSW5TemVEbVFkRVZsa3NYakpaZkxaOXVBdjhOODFsS2JGc1UzN29Bb1hndUdSejJMUVVvcjZia0dIZGd6T2VPazRLQ3JvWGp5LWFQNjJOMTdiRmtxMWZ6a3NIVnJhdGE1dFh6MnhLdS1wM1RuQS1weGdVSkRQeDlCY2c?oc=5,ABC7 Chicago,2026-09-16,neutral
CTA,"NITA's reduced fare program expands to CTA, Pace - FOX 32 Chicago",https://news.google.com/rss/articles/CBMirgFBVV95cUxObUVGQVIzU1JuUlp4ZFdkRTFjcEItaGxxYmo5TmZJX1BQX29EWldOZXJGM0lKVFBpY2ttODZJeUFYMVpNZ09nQ1R2QWVPMXM0SXFjSjdqb3RXUWRzZDNZa3p5UUVzelc2NjNaOVhab0ZQajFBTG80U2JzM3hILVpBdzdMTUV6TThLWkNZS3ZEMTZXcDYxQ1NsNkFSVmZ1bzJkWmhNMFJjRUIzSThBMXfSAbMBQVVfeXFMTXFDR1c3RkRpeE42b1Y0R1NfZjkzanNGcDZsQ0ZqcXotTnB3VDNpNFF1N3A3LWxoZGRXSmVFVzhGTGNfRmY1SnNvTU5tSmpsS3NoVkxsQkJOVFRUcnpXTUZRekR6VnN5Z0QxeTlSWVlROWxqdHU0bXdWdHBPM0RZUVJiTG9YYlBDMUZzQnN2bkpLa241d3BEc3ROa09ldXdJVlRUYjE1X0xqR2xQZWhKMmFlUms?oc=5,FOX 32 Chicago,2026-09-16,neutral
CTA,"Girl, 15, charged with pushing man from CTA train, killing him to remain in custody - CBS News",https://news.google.com/rss/articles/CBMihwFBVV95cUxOc1J5TFQ5N0psOVVNaUNWSEpkWThPazQxNW1tYldhc2t1aVNtU2NKcndMYlUweGRxUjJ1WmFNcWlVMlh1UFM3ZDBPUDByXzN4alhJOXR6d3JSQ2pNZmpOWHJMNzZWaS1HaHhtdmdETkNvUVdOajA3Sm00ZFlwdUhsM0xTcG83MFk?oc=5,CBS News,2026-09-16,negative
CTA,UPDATE: California Teachers Association sues state over $3.9B owed to schools - EdSource,https://news.google.com/rss/articles/CBMipwFBVV95cUxQVG5nUWtseHFGOHFTTHlxck9NdlFWR3lVLS1ZbEhUd2puNHpXNzlJSW5tZ2NOUGU3VjlrZnlkTlZKaldueVNrSlVKSm1ncnVNTjlDYVFWNC1VVDdzVlBPRHV6dW9SeWVqeE5zZVJzZERCYjB2aGc4T1JzbFlFTk5tRExWQW0wQ2ptd0VJX3c0SzI4ajlKT21vU1ZkZ2VwM3otTDA4S3BkVQ?oc=5,EdSource,2026-09-16,neutral
CTA,Chicago police issue alert on sexual abuse at CTA Blue Line station at Division Street in Wicker Park - ABC7 Chicago,https://news.google.com/rss/articles/CBMixwFBVV95cUxNNEsyWW11YVdNVWswa0puRzRlQW1ZN0pUX2pjYnhOM24xRXNrRi13UzlGM1lDazM0T003M2lvTFdOQzlpOVQ2WlYwS0dKZC03V0s3UGpfNXhLZVJiYTh0ektHWHZpelBWVmRtQXhET3lmRDdRdzdkYlk0U1Q3emdfOEVUNWpYS2kyN0ljT0VuRFMyRng4T2N3Y0xzTkU4a2ZsVjM3X3Z4VEdHUUFBRXZYeE1fWFMza0d2eVI1c0lQb3B5Um0ybGQ00gHMAUFVX3lxTE5PX0NsWlloUHVld0hqdUo2c0xJZV91QXRjX2pRWWs1b3lLenNBS2hpM00xMzU2STBnVFBWRUVXaDlLcmlGNEZiTmZhc18tYWpvY1Azczducm9jUHI1T1Y4ZDNGaEJQenFZTVA5U2tCSUtzMDNEZGJNdnJuOWFWYTRFWWt5cHNNbjBvbjc5dXBFaG9JMGxKNUZCTnlKTllDRTl3dllyZGE0NG83UDF2YnZmZ256azg1eGQ2clNPZjV5X1dTTWFreE40d3RGZw?oc=5,ABC7 Chicago,2026-09-16,negative
CTA,"Girl, 15, returns to court on charges of pushing man from CTA train, killing him - CBS News",https://news.google.com/rss/articles/CBMikwFBVV95cUxPLU1nU01yRFFBSzJSRWZJa3RxclFYUk5RbkxaRjZpeUxnZVpfaFJxRHZ1M0RfX0F4VEY4Vkt3MmNtT2E0Z2c2WVFBV19xVzMwdDN3anM5Q2pjSXJ6OXBwckwyekRKajF4dUNRaTh1SFdXM0tqWUdmbUUydGkxcmYxNUFVVUczTG1LbmFjOGNMc0VhS00?oc=5,CBS News,2026-09-16,negative
CTA,CTA Chicago news: Action K-9 Security training questioned after viral 2025 melee caught on camera at 69th Street Red Line station - ABC7 Chicago,https://news.google.com/rss/articles/CBMi7gFBVV95cUxOSE4tQnVNbnB3VVBqS25TQ2ZTcXFkY0tpWXd5TE1kME9ZbUVQMTYzYVRJdFlMUmZYazdOV3ZOTVh2Zks0OWlNaG9VdmZLc0ZwOUxFRllNNm1xd012UHlOLUt1TjZOZFMtelZuR05ZamlQNElNeHo2ZlZ3Mzl2QUt5U3lvanpBLTVDR3VmSkVscUZOejVFS3FTVVE2ckFUalFWMnEtZ2VYd2xsRHdSdXUtbGg1TzJ4RDJYMF9DUHh5cS1VSmluNGZic19TNWVIOTl2SF9jWXhfLVlPMkhqTkFHLUZIamJfTGVrS3F1bDR30gHuAUFVX3lxTE5ITi1CdU1ucHdVUGpLblNDZlNxcWRjS2lZd3lMTWQwT1ltRVAxNjNhVEl0WUxSZlhrN05Xdk5NWHZmSzQ5aU1ob1V2ZktzRnA5TEVGWU02bXF3TXZQeU4tS3VONk5kUy16Vm5HTllqaVA0SU14ejZmVnczOXZBS3lTeW9qekEtNUNHdWZKRWxxRk56NUVLcVNVUTZyQVRqUVYycS1nZVh3bGxEd1J1dS1saDVPMnhEMlgwX0NQeHlxLVVKaW40ZmJzX1M1ZUg5OXZIX2NZeF8tWU8ySGpOQUctRkhqYl9MZWtLcXVsNHc?oc=5,ABC7 Chicago,2026-09-16,positive
CTA,"Girl, 15, charged with murder after man pushed from moving CTA train - NBC 5 Chicago",https://news.google.com/rss/articles/CBMiswFBVV95cUxQSjM1cEJDUEhWbmlsanlETzNxc3pjRmQ3ckdQbmY1TGVJY3NaNGh2cVJJdUd0cHpxNHJfRnd5a0wxUnhFbG9qNmhUXzFCZmNFUXJIVXpaaHBjX0dTeHBtSzc4TUFseWdDbUU0R3JYN2dIYUU1N1pyMWdndmF1QTNjcXFHVmVpZmtlR3hWb3ZTczdUNnh3dVVOaDIzNWd0dlZFdXF2QzE5OVpTSXRQem9jTlYtSdIBuwFBVV95cUxQcWZYMDZjdkF4NXZDOEVqWHJCWWxfZnFMamMtUmZoRjdISlkzaGUzTHIyZDV5UWpZTkFvZjRRTEowaU8zX3FweFp1eHdXMGh0MnFXUm93MHNlZS1FS3FrOElwU1hZYnppcmJ1Q3hZRDhRc29aRTUyLXZ2ZUw5Ml9tYmM0N0pIMW02VFYtS3FZd2VPNUtqWDZEcVYwbG5oVGNmYjRleDdWdGN3cWpiX3NwRVlDc09CWXA1Z0xv?oc=5,NBC 5 Chicago,2026-09-16,negative
CTA,Chicago police seek man accused of groping woman on CTA platform - FOX 32 Chicago,https://news.google.com/rss/articles/CBMilwFBVV95cUxQZzRYYWRrbkRMOTVCc0VwMEN3aGJXclNoN2Zid3diMTVuTDk5MDVXanVoY2dKRHdfSWtxTUkwNnBXZWNwNVpKbGttWXQ1WG1WOXVvUzRrM2tybU9xVDdsdFhkUFVPRVJfNHg2OHhUQjR1amdmT1NtQzlpMkM0QXc0aFdmbUFJLXJ3UE9xWVJNNWwzaVlQSUNF?oc=5,FOX 32 Chicago,2026-09-16,negative
CTA,"NITA's reduced fare program expands to CTA, Pace - FOX 32 Chicago",https://news.google.com/rss/articles/CBMiZkFVX3lxTFBsT0xLMEdXbUp5azVZNThvMTgwYk5Xa1FId3Z5WTM3Q1pqMmN6M2ZNb2Vha3FvbmpwX2Y1cXRZaUhWUDl2bWVISkUyUTZGa1M2SzkzU29CdEQtSFd5NVNIRmFrM2xxUdIBa0FVX3lxTE5Ub0xYME5BYWc3VzBodjVOeUdfQkpxdHd0RGllRzFlTUtYVE00NmJNQjRIX1VRejVpNGlRNHJaaGg5VTZOTU5WQkMzaXpjUGhLVUdFaW83X3N3VnJlX1l2a3hRUGNBcEhyZ1Rr?oc=5,FOX 32 Chicago,2026-09-16,neutral
CTA,"CTA Red Line death: 15-year-old girl charged after Kyle Bickham, Chicago man, pushed off train near 69th Street station: CPD - ABC7 Chicago",https://news.google.com/rss/articles/CBMi4gFBVV95cUxQbmt4MzhiNm5MQ2dmU3RjYjVzODFsdUV2LVdXQU5lT3RVTGN3czRMSFZSM05PeUVSTzJvR3N0X0ZMd25sWUdLWTVvMkF5MWxHVk9iN0JHUm1vTjVqZ2RlRDlDX01Ic0ZQWm1kZUVkdmc3YTZzSkVjZDlwaHR0bm5xRk15QlBUN1V4a3ZqWUw5TXdPMmdRRG9SYkxMSzZvR0lreFo0MUZjS2tTN1UxaW9UM0x6VmdIMmFZb0swaHFaT3RDN1YxVnBOaGszclhiZ3dfMWM1U0RqN1JYSDVVNlZldTlR0gHnAUFVX3lxTE05ekdndkM0eHVzQjhoNndMSksxRzBnYmE0c2dSemRmQXlOT3FTdHpLS3B5b05wU0d3N2tldW5iME5QVzk2X3JWTXZwS3h1bkFjTVdBOWY2SE9WNWotdFFCcFl1NTB4dGpEUXZ0cjB4MENYazBlVUhnTkNzNjRuTDF2NzFPQnpaTmV4cDFxdXhlTFlOZDZDTlgtYWR4TWg3ekhfNUJKM25paWVpNnAxSDJfSnRuSnp6UVZZVnIwbDhjRzR2ZkdTeXF4eEpoTTZtcklDQ01tT0tqcjl0V0pzZGtJMDdCeEhUcw?oc=5,ABC7 Chicago,2026-09-16,negative
CTA,"Humboldt Park shooting: Michael Howard Jr., 18, killed in Chicago shooting near Chicago and Christiana that led to CTA bus crash - ABC7 Chicago",https://news.google.com/rss/articles/CBMixAFBVV95cUxON1Nxbmk2RmJlWEtXSE9ncWJZbkUzVVRKMHhnUjB5LVFQZFBFVjRJNUtZT3A1OWJYVmdCX1UwQ29uUGdjQ1Y1Q2phZlZIa2g2SlZVX0tkdkpKajA3ZVlhYVRfVFFsT3d2OHRFTHpmanhxajFGNU5jYmpmRVZtMHNCOVJCM1RTWXZyMVVPeGVTQlVVNkVLdURkb1JmVmxaTWprRHhIOFJDbzZkM3ZCOEFuSGJvN3B3TW5qTTZWQUNfaF92RjYt0gHKAUFVX3lxTE9DYXVleGJjVTBBNkx3QzhUZEwxNWdjU2cxbTlFUXkzdV93QnZuZkJvUlNhYm1ZTjZscHdNZkhBWW9YQVN0YlB0QUhIUjZXQ0xHU1NSTV9uQUh1eFp2QWNIdTVpQjFzczF5ejZBbmdINXdVSFJBV1lMa0twRk15TXZQZGdhV0tMZDh2aU5Pb0FVc3pDS2pnbTEyMkFpdWN5eDFHY1diYVg0b3VJNDJ5S200UkZTem84QXB5T2pIYS1YcllRMnV0VkNrMVE?oc=5,ABC7 Chicago,2026-09-16,negative
CTA,Chicago police issue alert about man who groped woman on Loop CTA platform - CBS News,https://news.google.com/rss/articles/CBMimAFBVV95cUxPTWVOS2ZfN05JM2ZsRWlwSklRVThIRGdtRTIyWmJsNDBOUEpiN2JYcDlFTThUOHVFbkxZMWdHOGY3UGlnd3JYLW1fQ2ZtWldCakJqbkZibXJqQzFNdnRNZFVCdDBKX3Fjb3YtYlBrVFhaeDV3T0V6TmxWVmFPaW5KbDBZV0RYcVhSRHU1dl9zbkRZOFBFWDJsdw?oc=5,CBS News,2026-09-16,positive
CTA,Chicago police seek man accused of groping woman on CTA Loop platform - CBS News,https://news.google.com/rss/articles/CBMirAFBVV95cUxQWjRjNUxPdzJwcEFTQ2VQQUJVZWdMMWVjUE50Z1ZJSFlMODVmYm8zRUVlVlFXWlNBZWszaFJZa1NKcEpHMlBtQ0V5VHY1YUtpdzJFMWdmd3JOS0VOSjhLald1ZzhjaEhNeUVfTzhwN2xOUHBtNENWNDlBR0NtX3o4Mm1temdLZ3EyVjhDUzg0YmRxQ2N6ZXJkTFA4a0hERzZJQTJ0aGZ1VGI4NTZL?oc=5,CBS News,2026-09-16,negative
CTA,15-year-old girl charged with murder after man pushed from moving train - WAFB,https://news.google.com/rss/articles/CBMioAFBVV95cUxPdjdMY0FsdXByRDVrLWlGZkdoZV81TjlUMEJoNVhtOHNVTVkzVHJ4UENXV1M4WEdSLS1lTXBHZEdCZ3U1d2stQ01BODRTZ1NWVzE3VzhiWUFxQ2xUNktPMWV1YW43X3NFRUJIOU56ejVZMVZVdk1tbFV2OFliV2R1T3o1aTkyeW1kNE1nOEtvbkZTdFlRaUZFeFpxMWo0b3BZ0gG0AUFVX3lxTFBlMWgyOUNQOFVKSXcwRVQyQXpzV0hCc3NmVGVSbXVHc3REbG9Ea1FBRDJvRHNJZ0JkYjlpRHBNdUtzWndtNDcyMWtZSnNqeDkwVDlDYkJLa2pGdldFSmxENnlFcFFDczJQdm9KMlV5RXFON1RqeVNHWF9GZ05xRnZOZjZPbE5Fa2ZqVHVfWkFhcXcyWlZEMWtaNi16WW5POTBpbmFDb015WEQ1RllxTUI0RVo3cg?oc=5,WAFB,2026-09-16,negative
CTA,"Kyle T. Bickham, man fatally pushed off CTA Red Line train near 69th Street on South Side, was coming home from work: family - ABC7 Chicago",https://news.google.com/rss/articles/CBMi2wFBVV95cUxNTkJiYksxWnZRM1Mwa3o3akR2QlNsWGxObWQtcXdHYnlSa1d0dHhmMzJfWF9yMGNEMUlDbzR4SjN1cTFvZ0pTcHVvY0ZyME5Dc0ZucjBBb1p4Vk9ZNVNLYndXVDFudXQ1c2VKZHUxazcwQTFuRkR4WVQyQk5UakZBaG5rN3pIQXlCWjlqU3h0YlRONlhDZkl2SkNqTDduNGFkcGppNEhPMktQNm1BbWVkWTVOYUF2bUhoNEJfLUhCZjVuelFKVWRLNFhsR1hFYmZ2R1hGU0QxMUJLRlHSAeABQVVfeXFMUDR1WTh6aVNsY2d5bnBqcDVPcnlMTlZnZlU0cnlTVXVhcWc2VkFPQVA0UWplSlN5dVQ3X1loZHlNaDhpa0FVV01HU3dzUXlfMGxycjc3NlItLU05OTdrWVpXcElDRVhOaTRyem5lUmwxTTZxd2s1V3dpeVZJVHVsZXVIckRIZFBlSEtVZm01Q2wzTU9lVE5WcF9KbGphRXZTZGpfb0t3TkJTaUxGNUlURlh2RmJyTzNHdGswc3pxN3pTcWJZM1ZUMVVhSTZycTcwem93c01mRTZTalRyVWJkeGc?oc=5,ABC7 Chicago,2026-09-16,negative
CTA,Who was Kyle Bickham? Family calls for answers in CTA train death - Newsweek,https://news.google.com/rss/articles/CBMinAFBVV95cUxOSjdidHpBYUNURmp4dEVUZnFMWEFIMFRhNmFmSkVZLXhhZnJLbG5kY3dvVGFZNlhQclBUQXVUU3JGWTR6X2lnNmFtZVRiWEdfbjVkQ2xvZC1ORzh2OFI3YUtQNUlLdm9GcmNtM2U2aGRtNjJKcGxWaVJoYUFXYkN6amVaZUVxeVBZSmI2RlhDSzdrNjRFemdMUXlwWEc?oc=5,Newsweek,2026-09-16,negative
CTA,Family calls for CTA security upgrades after man was fatally thrown from moving CTA train - Chicago Sun-Times,https://news.google.com/rss/articles/CBMi0AFBVV95cUxQNjhJMHc5RFE2bkhJNkxKdnloTFJ3UlFpQklDMXU0WWYwN0dlSkxBQTVPSGdFZlNfRnV3OEhsNWhmRTU2QVdYUUY3SnNXQWJXSEpfWHFHcDRUN2Z3OFVsa1JPVV9sR0x5QklZTlRTanpMMGxJZGp5bmxqc0l1clFoRng5a1BHT1IzMWdxblJyX2pQTzVMVWVzNmxOSmFpQWoxZ0hyNTYtVEdpSXBxd3pfbGF4ZWlnZGVvQ0h4WjZXN3NsRWpOZlFteEIzRDNlTmgt?oc=5,Chicago Sun-Times,2026-09-16,negative
CTA,"NITA, Chicago’s new transit agency, is meeting for the first time. What will it change? - Chicago Sun-Times",https://news.google.com/rss/articles/CBMirwFBVV95cUxNazlHa3pLby1RVVIxbFFFbUFKWGdkeldzY2ROZ0NzVFpRZzd4TFV1RDI1TURpSl96aTY3SnRkQ2dQN1l5U254bEtsNGZZOGdpQXNsemxZZWFwT0QyUDdNRU9PejVIdWYxUGlyQTVmTW00VVBuRk1pTGd0NVBkOVZrbjRTZnRvQmkzaEdFMFBZTk4xUHpiMU1sRXNUT2N5SC1UQWQ2b1hTS3JjbmdQaF84?oc=5,Chicago Sun-Times,2026-09-16,neutral
CTA,Search on for man who grabbed woman at Division Street CTA Blue Line station - CBS News,https://news.google.com/rss/articles/CBMinAFBVV95cUxPeW4xZ1BzZkl4TUxIcUZ5d1BjN1hNRGk4NFkzbzBRRVBhT3BXTFhnaWJEUDNGQ1Ayby1nTlpQOU9KaUNWWHZZRGd6ZHBaY2N1TU9vNF9ETUdjOUY3UlNQdWJscmcwb1h2VllTVGpMbHJsbXhyODRjdkRqazg1TEkzT3l4MFBUbENHMGdMZ0JkLUxuNEstZUtUX1RvNGw?oc=5,CBS News,2026-09-16,neutral
CTA,Incline Investment Management Wins Five-Year Performance Award at The Hedge Fund Journal CTA and Discretionary Trader Awards 2026 - Business Wire,https://news.google.com/rss/articles/CBMilAJBVV95cUxObWt1SExsbndMZ0xrakZHaEZKRE5jR1dkWVZiUko2MTJBZUZiWF9rU0RfejY3YktCQmFqQU5Tcm5BaFczNXpiMURNbXJ0dkl0aDZkY2ZNU2hyRFNsVmJ5dE9RdTNwUl9CSTVSU2ZlcExoZ0tMZlNQcndQSE1tczR2QWJQV1UzV2tZUjlobjZZRjVKa0FMaHZ6VFIzbXd0bnVjaWo1YTI3Y1dkY3lHbk9SUkY3bERaM2lJUWRSMjhGZGphNWN2ejExZU5wX0ZoZXdzXzZZU3NLRTJyXzBjbUdfanh0ckRNcGViVkZiX0s1S0ZjUkNiaFBJbklocmNmSnFNQlA0dUI4bkhFXzhLZXZqUUJ3TVM?oc=5,Business Wire,2026-09-16,positive
CTA,"Chicago crime: Girl, 15, charged with murder for pushing man off moving CTA train, police say - FOX 32 Chicago",https://news.google.com/rss/articles/CBMidkFVX3lxTE1WaUNqYlY1SS1IUHdTdnRaTnAwbHZfSmFUdVl6REQwUUZYa0JMMzF0Tng3dEpJNEtyenlsVGNYRDRJaTV5VzBVRVVMZl9nX0ZES2JmWDJQWURWcEJkX0MxYmcxMW9sMkFoQnBJS20wRHdubkRUY3c?oc=5,FOX 32 Chicago,2026-09-16,negative
CTA,"Humboldt Park shooting today: 7 shot, 1 fatally, near Chicago and Christiana; injured woman involved in CTA bus crash, CPD says - ABC7 Chicago",https://news.google.com/rss/articles/CBMi2AFBVV95cUxQN1E0cDlOQ05tTVJJa29WRE55NFphaVlIWndtcmEyWEhZT2N0VGtnRG1FV3h1ZmUwTWZqRmhfMW5DYWtVWDJhYlBJX0NqY05Ga3l4dFpUOWJsMW44VFVFVWNvVXdDaDJocElLR05aRkFBV19tVEtrdlZNcnBSWVB4MUtXWUdnWFpqbHNrbVFnUm03dnpXQTRLTUlqWGtxdEYxRHNVUHJJVHVGLXFvOTE5cWl2cDVhSE52N1JGYTMtU3lsbEFaSnc3cm1fTlU5ZmJJMm95M3RVZGnSAd4BQVVfeXFMUE5kUlFXLWtwa2F3aFhkaS1hXzZzR0w3R1JScTFpSG8teHYxYUd3bFNpZ1ZzZkNfU190NEJ0aUdoclFCMWFHVHB4VUk1VzFJVjJhWVZLRjRPYUMzRXR4UjJfVzY1OE16RTdtZGtVSmRPRUNOTGZGSmV0NnlWWnE2RDJmWlM2ejBYakc0dWdRc0VOX24tWmlXSWNvNk5fRWM2YjZxWFFwbHVZQWtFSmgwT01EUFdlc1hCTTI5MHVnMkpDeVRjMUhOX1IySURuYVlpaGlBV3RHSlM3cTJDblpB?oc=5,ABC7 Chicago,2026-09-16,negative
CTA,Police issue alert after woman was shoved off CTA bus earlier this summer - NBC 5 Chicago,https://news.google.com/rss/articles/CBMivAFBVV95cUxNd0w0VUZEaWRMMEtOVFUxcWpNUVNmR2dEVkJOeEt3Y0pNM0tjMjRWblREbDdlOHdNM0oyVGtHdGVMMGwxel9tVVBOVEhjZllOenlWYnNmVG1XNG51MlNQZUlhLVhjSERVVzlNQXlyREYyRkI1ZHJHT2tNclZXNzJhOTJMZmh2dWpYM3RpNWQ2NEFiOGlVbE9iV1RDcXdRZlNXUWNtUlo5R1pCOFhWMktLZzN3ZnRKd0taUi02UtIBxAFBVV95cUxPX3hDQ1REbnBVSmlzNW1TUkUwMzlsVkp1R0FNTVZqSExMakZwRUNxVk9NeXk0QmxDR0UyQnlOYTJVWnExd1owZ3RtTDBzc3lBRVFrZmJwZnc5SnE4WnctWmczX2VrcldlMExSSUhBU1hrb0t0VjRIeGlxMUtkbVY0VVczQW5fNGdVcTBESzFucmkyN1lFbG9waFotZ3JVbVVaRXFndDVBaURmRGNacFYzMFJ1TVExWkE0NVNNQ3ZtbEszbTQw?oc=5,NBC 5 Chicago,2026-09-16,positive
CTA,"CTA rider jumps from Red Line train near 69th Street, dies, CPD says - ABC7 Chicago",https://news.google.com/rss/articles/CBMiugFBVV95cUxPZlpmQ3ZmMk5TX3BoaWV5YXZPQllPOWJ1TE8zY3duRWdIZlVUM1JhclhxaUxVanh3aEFkUENMazA3azJtUHY2WFlWYW5GWGFhc1hvQ3Y2Ukd5aU5yQTBrdkJoNEEyTUl0V1d1ZjVjN19FaEhfbGdlWFNkWFZYSzRZNERyR0ZJeVNmZFRHOHZyMzZLeERiSFpyMGVHakFaYlZzVTRpSmxsNmFaaUJmYTdlbjUzZFpGUnBQblHSAb8BQVVfeXFMTzk1Sk9GMnVENDB6OFR1M2dWd25OaE9mV083M0t1bXJnUGFFel9HYjQtWU96WEZSekRTSEJyQUJRRFpaT0ZMdDBxcFZiM1NGM3dZVzVaTXpyaDdvV0hPeFhvU3ZQOF9aNGUxR3VjcF9ybnlUUHg1SDFhYVJfdjRUX19PZ2Zwb2Y4cGd2b3hjMDJod3djSjFWeUdrMWpyMnVCT19zMGFSaVcxV0hUc1NGMmYwcU10MkZWZUk3VkVhdk0?oc=5,ABC7 Chicago,2026-09-16,neutral
CTA,California teachers union sues state over $3.9 billion in delayed Prop. 98 funds - Sacramento Bee,https://news.google.com/rss/articles/CBMic0FVX3lxTE9rNG1mODBnVVBscUszMTJkWXIxOGxUbkd0SkxHc0FKVnBWSXdWSVNTSXlpUzNYd2tPZVlQdlhURll0aEdiTWdEOVFOQ0dFUTlVenBickplb29RZTlEbkQ0c1hvNGhOQnFXenVVZ2gybXl5RWvSAXNBVV95cUxORVBSSXBySkNZT2taYW9vR0JiZDNueUpsSkFGRHRfZDhSMzF2dkxvTmw0R3FQSVh3TGVsUTZMRXRaZ0pJY0pTbFdQVkxTd2ZxOFdrVms5NHJucHdDbEctcW0zQUVURElCME9udWR2ZXRYd2tF?oc=5,Sacramento Bee,2026-09-16,negative
CTA,CTA crime: Chicago police searching for suspect in alleged antisemitic attack on CTA Red Line near Granville stop - ABC7 Chicago,https://news.google.com/rss/articles/CBMizAFBVV95cUxNNENhTk9zLWNFMVIxTlh2cUNKemJCNUZ6dWpwa3l0QXJULXJkQlhQampsWXFabzJRQXU2RXBEQVlDRU12Rlh1NEtFODAxWDUyYnZLZUhtYkwzTkZmVXNic2FIRjZ6MWpGaWdDYmRRekhILWNNcWUxdXFLMWdSaWFqUVp1N1JIdzNNYUM5TjhaTXZUcUdjazNCWVJwOE9fSGlJMUNRVlV6UnV3VUkwRWp1U3BvMFNBaXBTdkpvaE5wUFUwa1ZncERBX2E4NzjSAdIBQVVfeXFMTlp0RUVMeXFDNnJJM01EMkxSTTJHMmJ3WXdJUF9HWmlPS1ZTNVg4TEc4a2ZSamtqWk9PcWtncGdnbXFiZkoxbDRLOWJQaGd2UEk1bTY2WHlPMHp4bDdxa0YxNXJLR1dnYnVUbHZQNVF2NnhVNkEzenhyTE1hU055My1uM3p1aU9jRTQtWFU3dDgyWENHLXAzZVNiZUVkWUhINWlBNXoxekJUTUR1LU1uX1BZN01BOXFJT09HcGU0T1Rldmh1Z0VvMFdGeDZVWkZJLUpn?oc=5,ABC7 Chicago,2026-09-16,negative
CTA,Purple Line Pride: An essential guide to Evanston’s CTA stops - The Daily Northwestern,https://news.google.com/rss/articles/CBMiswFBVV95cUxNYkkzbTFwMG1DWFdMRTVZdXVsTjA5U1VETU9DYnZUVm9ySVoyM01rQmxaZzJJVGIyd1VUc01Lek1tNDBIYjV2cTFTaDZRc3RlODdqUEV5ckFhVG1RaTZEY3FQdU5nSVdVTElMR3hVVkJQSVh2d1dlUmMtX1V3eFlfanVibzlNMFFuQXlCYmxnd1hEN00wSERrWjF6OTZtbnNfX3kyR0h6NTZ0THc5QXVfUURVdw?oc=5,The Daily Northwestern,2026-09-16,neutral
CTA,Kyle Bickham Died After He Was Pushed Off A Moving Red Line Train. His Family Wants Justice - blockclubchicago.org,https://news.google.com/rss/articles/CBMi0gFBVV95cUxNYkxXZjBhQWRCTFV1YmZMWVc5ZnZNQWhvMjhNVUt5MmZpZE1BX3RpSmUzdzdSWjBEMXlTaFVBZnZEQWc4NXpsREdyN2R6WFNRQ3NFTXliYnJDQVNpbEZjYWhpQUVpSUxQSXNheElVcDAwQ1FRMXloaEpuOHdCN0pKbDgyU2ViMGhIQ1pfeWJkT1hPZXdxdURSRkh0Sy1KZGE4aFA2a2JZUEhqM2JSeDE2WV9GSEp5dnRKcFZhc0hHSWlyMFBjSEM0dnQtY1ppc3pWRUE?oc=5,blockclubchicago.org,2026-09-16,negative
CTA,Chicago police seek man who pushed woman off CTA bus in Hyde Park - CBS News,https://news.google.com/rss/articles/CBMimgFBVV95cUxOMUJyd1BOZ29qNU9reFA1LVcxdjdQWklmRlBxTkJlMFY0VndjbFhnVl9GdW1hSzRsc2E3U0E1Z28tZWNHOUJJeFpVdlYtck11dlpwUHdOU2VfRUVlWDg0N1Q3Z096WmJSQlFGR2hhYzFldGgyY3BUTzF1WFhkOC0yOTduTXdMME13WmpWY1pRQUdfMHdhUXM3dWt3?oc=5,CBS News,2026-09-16,neutral
CTA,Family of Man Fatally Stabbed on Blue Line Train Suing CTA - WTTW News,https://news.google.com/rss/articles/CBMijgFBVV95cUxQd082dFNqbl81eXg1S0xsTkdjaUlQZXNGb1V2Y0JFc0NSMmJjSnFhUkxvd29CbHdmTmhFMVBRNVdubGwzN0lzaUE4Zy1IYUlnNXJnQWQxdDktU0ZmTmw0VG01TGc1ejlQbG1yeWlTYklxYWdVT0UzUmw5ZnJvMFB4UUtzX0lCblFMWm5wUjJR?oc=5,WTTW News,2026-09-16,negative
CTA,Chicago police conducting homicide investigation after person pushed off CTA Red Line train dies near 69th Street - ABC7 Chicago,https://news.google.com/rss/articles/CBMi2AFBVV95cUxOOWlrLVlTMFZQblJ2andOd0FWcjZVYU92UENHbXF1RU44Q1RLWjBSVHhIMmdEM3JObmEtSzJZenkwU1lHNGI2YVZyakRtX0dVNWRMNmxRelgxem4wMjlOa29SU3RhcTFjbzFpMDJHTUttY0QtQm1DSVBXOGpvVkhvSU5UTFpzVFJVUVFPcFdwNVNpX2h3Z1ptWlpON2lMeXdzeF9VODlhNzJydjF0UVFsb2RsMk9tV3ZuYWlnVGxYZXR4b3Fza1J2OERNelI0bERnY3ZTNlBnMFHSAd4BQVVfeXFMTmJLeGRCdGIyRlFTclFwdTVpVTZYTF9EejNzNXhZNjlsTl9yVTRkcGJITTJCc2hRclRLOTd6TG1EQkNRNHVsTmV6a281QTJVdV83UE1iUkhjUkJUNGxXNms4emcydWdvd191VUJaOVBhdDJXSWhWVGNoQjlFemJRSTBEMTZOTHpYWFBOTllVa0xVSGJoLUhRbGtYUzl3cW9mdDMySVRvS2NNMmo0bnEtOTlkZHpBdXdrT0RwNmpWYnlYT3lDSXRMTWFFek9GSjZ1VTBJYUR4NmtaVUdHai1n?oc=5,ABC7 Chicago,2026-09-16,neutral
CTA,Family of man killed after being pushed from CTA train demands answers - FOX 32 Chicago,https://news.google.com/rss/articles/CBMiZkFVX3lxTE05S1hUODZwNjRJZzFfSzMzSVlZalJNX21KUGNUSU01ekJMNHVSbDVqNDBPTU1QTnQ0Zk1QUTRuMG9jZzVSVW5Xd3ZSNzRIZU9UeGFmUW5BRzFPdVVfRjBtWks2bk1KQdIBa0FVX3lxTE1oY1dYckhTUEtZc1pPaHVlYnJ3RlZhbXpvS3FiNGdkZU1RN0toVTZQZl9Ldl9MOWxud1drMW16VzhlTlNwN1puQXdKTlU3ZXJMMGp1SUNJaVpZSTZETk5EVkR2b2pfQUhLTExr?oc=5,FOX 32 Chicago,2026-09-16,negative
CTA,"Our Chicago: The New Northern Illinois Transit Authority and Changes For Public Transit, overseeing the CTA, Pace and Metra - ABC7 Chicago",https://news.google.com/rss/articles/CBMixgFBVV95cUxNY3BDdU5BRk1SRzc1a09hNkRKS0JtclFHX1pILWF2cW1lUVRnOXJxaU1ITmE4eVlfaU9nYWFSdE9CR2tscWowUEo1MTE3WmphcC10ekRBSjlmM0lGaVRuYlUzZHdLQmE2ZEFKT19zcnFBUWxCckltV1M1ekxJckZ6U2o0NkZlb1dwOGJlSjN2dmNVTmVvby1pZWpOWWJNMVptUUdKdHV2alNmRjZZeFJmenc3WVVHVHhEU1l2MWZIRTZNejBrUWfSAcsBQVVfeXFMUHBwUUNoLWVsMG1adW5PYlZ3eW1Qek9Kdkk0N1A3NXZJT0REQjdpUnJzR0NpVUNscS1NaFlaRnpCQ2o3MlUzWWlFUTExTWRZcjJobldNSWJHbk9iVnI4eWJsQk5xR0N3ZHNfT1hQSkU5cnFjUmM0WDRhYnF0US1tS2hHNEg1cWF1XzhBVk90cmpHb1ZUelllSGtXS2pVT3RkZkp6VVlrRVlnWHp1dDBQYXZaOEJqc2hmdHhvLWpsQXFfem5ocDczXzRIZ2s?oc=5,ABC7 Chicago,2026-09-16,neutral
CTA,"Chicago traffic, today: Chopper 7 over fire on OB I-94 Dan Ryan Expy. near 95th Steet CTA Station - ABC7 Chicago",https://news.google.com/rss/articles/CBMiwAFBVV95cUxOV2JTcWtFODBJaGduaFFKLVZYMFlSTE1EZWdlZHYxeHI3bDlDLWVGMDBvYjM0MFZHZkRwMC1nQ0xBZGZfdXpKaG9Vc3dTa081S0t2YW1RTUg1OUs4eFI1dWV2U25CNmw0QzBybDQtOGFxMXd1SXFnYmlrUzM4MElFU1QyREUtU2FvZV81N2hZWjc1WnIzVW5YQXRaZEFYV3cxQVFPc1V1RkRQYmkwNjhpZnFKdGhrSlV4OTVaQWg4SWHSAcYBQVVfeXFMTWI0cjVqcEdtM2pHSTJRUzFOWXljNFZfOEo1MDZsVk1mVHA3emhXWjFfbUJ1NnJwMEZMRUZvRFpBV0JGMnZDWV9YZzJOVWtreXRadlkyMmZOV1NNazNCV1h4TmdVZU04NjRzRTdpX19pNnZVeUFYZUhMNjJIaUwzcEJPaVJFSnZ4R0tQSUZfZHV4OHZadzc1ZlNFcUF3QTJTVFZ0MlJZaXZfbGdQUi15a1pxdVh2U2tnSmVZWlBnclVIRkhkeFNR?oc=5,ABC7 Chicago,2026-09-16,negative
CTA,15-year-old charged after Black man was pushed to death from Chicago Red Line train - TheGrio,https://news.google.com/rss/articles/CBMiiwFBVV95cUxNWDhBZS1qTXNxSGZVMTJwMGFhZzI3akc5cVlVWHBCcWhPMGFXd0d4YzU2aC10akszMnZneGVsdjRJdlcyU05RRW5BREQ3eEZrbzZEVVMzdjZaOTBWWDdXLW1RWUNWd2hLNm0ya3dLZWZuV05HVlJrT2tkOURGbF82aVhWXzBzMVJucjJz?oc=5,TheGrio,2026-09-16,negative
CTA,Depend on CTA to Get You to All the Independence Day Celebrations; Holiday Service Schedule in Effect July 3 to July 5 - CTA,https://news.google.com/rss/articles/CBMi4wFBVV95cUxOVTgtYjNyVHFRWXJoT2lDSi1jc2x3SUw0VFVLaGpKbVpRaHVXOXVxVWlSeGthV1M1d3F0M0R6aVRrT09iX1o1ajA5WFkzakVCSUxSdlRNY0lianhzVjkyUnRUMFRLNnRDQ0NKVlZLX3Y3YWFCNGpKWlQ3cUR6ZnFmRThhZXVKTWNxMzczTGUtYVo5NkZpd2s4RFZxeUlCNlhfZkVVRFhxR1VmSHYyR25uMmpYbk5SQWE5SnQ3YUJuaVJXNmhLdjIxTTlKRUd4Q0Z2QWdLOUIzbWlwaE1UY2x3dm5RVQ?oc=5,CTA,2026-09-16,positive
CTA,"Man pushed onto Red Line tracks, killed by CTA train on South Side of Chicago - CBS News",https://news.google.com/rss/articles/CBMimwFBVV95cUxOS2dwbldWUnNYSmV4WVN4N2RFdXFUbzdLd3BMMjdhUHVKS0VNaWt2ZFdkaFpydEh5R09vbEI2OC1MdnQzclFnMDdxNGVMZUYyc0lMdEMtUW9qU1N4NFFiaEwzWjlvMDdncGlVS3Z5Vjh5Z1cwODNkUWhibzF3dVFEZVVobGtxOXA0LV8zd3pmMzdUQzN6cWJiREFxWQ?oc=5,CBS News,2026-09-16,negative
Chicago Transit Authority,"Girl, 15, returns to court on charges of pushing man from CTA train, killing him - CBS News",https://news.google.com/rss/articles/CBMikwFBVV95cUxPLU1nU01yRFFBSzJSRWZJa3RxclFYUk5RbkxaRjZpeUxnZVpfaFJxRHZ1M0RfX0F4VEY4Vkt3MmNtT2E0Z2c2WVFBV19xVzMwdDN3anM5Q2pjSXJ6OXBwckwyekRKajF4dUNRaTh1SFdXM0tqWUdmbUUydGkxcmYxNUFVVUczTG1LbmFjOGNMc0VhS00?oc=5,CBS News,2026-09-16,negative
Chicago Transit Authority,CTA Chicago news: Action K-9 Security training questioned after viral 2025 melee caught on camera at 69th Street Red Line station - ABC7 Chicago,https://news.google.com/rss/articles/CBMi6AFBVV95cUxQSVA0LWJxN0FBV2hBU1lVeXV2UlUtSE5IclRBNmdGVGpUSW0wLWJpdlFMSzBHc3Mwd2RUcjF1a21MN2NyMVVpdWk0M25PY0VrVTVfdVB5YWlwMmwzdEdvdnpZcEpQenhtdUtEZVllQ2s4M2dYX09QS3ZEZWNEQ0l0RXNkOTB0cFFNNzhPZHJjY2QyM19zNkRMVElIaEZycWdsUjNNUURxU1B0UDNwMUNqcUYtMUg0LVFwaU55RHVhTU9Wdzlkbi0xNTUtb1dpb24xWGVoUUN5OVBxR2E1N24wcERVdWRQaTlW0gHuAUFVX3lxTE5ITi1CdU1ucHdVUGpLblNDZlNxcWRjS2lZd3lMTWQwT1ltRVAxNjNhVEl0WUxSZlhrN05Xdk5NWHZmSzQ5aU1ob1V2ZktzRnA5TEVGWU02bXF3TXZQeU4tS3VONk5kUy16Vm5HTllqaVA0SU14ejZmVnczOXZBS3lTeW9qekEtNUNHdWZKRWxxRk56NUVLcVNVUTZyQVRqUVYycS1nZVh3bGxEd1J1dS1saDVPMnhEMlgwX0NQeHlxLVVKaW40ZmJzX1M1ZUg5OXZIX2NZeF8tWU8ySGpOQUctRkhqYl9MZWtLcXVsNHc?oc=5,ABC7 Chicago,2026-09-16,positive
Chicago Transit Authority,Delays on 2 CTA lines after medical emergency on tracks halts service - NBC 5 Chicago,https://news.google.com/rss/articles/CBMitgFBVV95cUxQeEo1WV9rUTQ2YWt1a2wzcWlDNEh3b2NjaVhVZ3Q1Q0lRV09jODZVRlhBY2h5dVBCTlJnU2Z0V1lwdEZyMUV6QXR4c0FXTzJra3dIRkJtVmFuTmJXTnJTYy0tMFc2cGFYT3VibVVJV29laE51YlNJQ1ZIbENvMGYxcGxsMkx5VngtVzExRTBmeVFCVGpQbGdJZFRfc1p1X3RpMEpWbk5TckNmelhIN3BDN3A3ZzJaZ9IBvgFBVV95cUxNNGpZMDJ3UlN5ZlRRZDFCenhybmpsODZQUGQ2cmNkUkZhWVdfVWE0NER5NHNHQTFPbkQzQnhSblpIZmppTExBZEQySms0ajFRZG91aUV6TzZ1QloxU2ZyaEdHOGgwZ3ZXTllreXNBa1l5TnBOemtkRGhtLXJ5ekdOa19KMEgyQVR0V0pBZDJRSjg4c3ZsdE9Zazl2RlFZMGliY3plZ2tMdmp1NFhaYmhLZ1dzZV84RHhjLWw4MTl3?oc=5,NBC 5 Chicago,2026-09-16,negative
Chicago Transit Authority,CTA To Unveil Red Line Extension Station Plaza Designs This Month - blockclubchicago.org,https://news.google.com/rss/articles/CBMiqgFBVV95cUxNUV9LMmdpY1VMZU9nSUtNdmN2VUxWUzI5WTJON1lmVjFtZkV6MkMxQ3Z5THdNWWdIc0ltRjZpb2VfUWE4UFN5aXVTUnRwWUJ3QkJTLWZyVXFnbDFPWkx6VWNsdjd4RkFVQmppYnBmZmFpT3N1SnlOdUJKV2hsVVhWZXhmY2ZHNHphdVY4d0lRX2VjTTJRRjBYcl8xNk9qN2Rzb2xQckRsQWZuZw?oc=5,blockclubchicago.org,2026-09-16,neutral
Chicago Transit Authority,Chicago police seek man for sexual abuse at Wicker Park CTA station - WGN-TV,https://news.google.com/rss/articles/CBMipwFBVV95cUxQZVdkVFNUYzFVcENHVURwVDN3dlp0dGdQNkJEOWhFQ3Z6VDgyYk5zYzhBMkhmelBQX0trM1BjbmpreDNvUWxERzZIelRQWC1RcjQxbEVjclExakRsS3BfUU1vWU5naFA0Wi1MSWlQSmZXXzJrclJFcENjcElRejVnMHRvZ2hLeTJLVkpyYjgyREREU3BWWEdtVlRLRlhuTTR3c21rNksxd9IBrAFBVV95cUxPV19WWV9MblJLandUWVl2QTZ3MU5Gb3BiN2xUNzdheTIwanlKTXE5YVRNR3pKaDV2RHFSRmRuYURsRXZycjlpNnNfRWtyWDhWMXZZM0p3aElHcWF4QXB5RnhFQUlkaW41TGcxaXNOMF9fTVhjOXFoQkY4ZHlpVWxOWE1tUUs4RkRfVDR1VGRDWUpBWDZFU0VPM0hzRHNpY193QkoxUDJZWjVKSGNR?oc=5,WGN-TV,2026-09-16,negative
Chicago Transit Authority,"NITA's reduced fare program expands to CTA, Pace - FOX 32 Chicago",https://news.google.com/rss/articles/CBMirgFBVV95cUxObUVGQVIzU1JuUlp4ZFdkRTFjcEItaGxxYmo5TmZJX1BQX29EWldOZXJGM0lKVFBpY2ttODZJeUFYMVpNZ09nQ1R2QWVPMXM0SXFjSjdqb3RXUWRzZDNZa3p5UUVzelc2NjNaOVhab0ZQajFBTG80U2JzM3hILVpBdzdMTUV6TThLWkNZS3ZEMTZXcDYxQ1NsNkFSVmZ1bzJkWmhNMFJjRUIzSThBMXfSAbMBQVVfeXFMTXFDR1c3RkRpeE42b1Y0R1NfZjkzanNGcDZsQ0ZqcXotTnB3VDNpNFF1N3A3LWxoZGRXSmVFVzhGTGNfRmY1SnNvTU5tSmpsS3NoVkxsQkJOVFRUcnpXTUZRekR6VnN5Z0QxeTlSWVlROWxqdHU0bXdWdHBPM0RZUVJiTG9YYlBDMUZzQnN2bkpLa241d3BEc3ROa09ldXdJVlRUYjE1X0xqR2xQZWhKMmFlUms?oc=5,FOX 32 Chicago,2026-09-16,neutral
Chicago Transit Authority,Who was Kyle Bickham? Family calls for answers in CTA train death - Newsweek,https://news.google.com/rss/articles/CBMinAFBVV95cUxOSjdidHpBYUNURmp4dEVUZnFMWEFIMFRhNmFmSkVZLXhhZnJLbG5kY3dvVGFZNlhQclBUQXVUU3JGWTR6X2lnNmFtZVRiWEdfbjVkQ2xvZC1ORzh2OFI3YUtQNUlLdm9GcmNtM2U2aGRtNjJKcGxWaVJoYUFXYkN6amVaZUVxeVBZSmI2RlhDSzdrNjRFemdMUXlwWEc?oc=5,Newsweek,2026-09-16,negative
Chicago Transit Authority,CTA Chicago news: Legal fight for records uncovers complaints about CTA private security firm Action K9 Security - ABC7 Chicago,https://news.google.com/rss/articles/CBMixgFBVV95cUxORHJYY2RBb18tZkFqMHhzUVhtRkthMzFjOENZQkVTWXREWXNKME02dzhBUTBrZTFQT3hlUTAyTTdqdzJCZlAyWldJeDN1andFbGRCMGNPUldMV1UzZ2txN0x3YTBXdDJLSTl4eW9wdUFUMFFBUTk1ZVlQeTRvVDBVZ3dWcE9uWFZSS01aYTlGcWFuQUxFMlpqQjBwUk5MMEw3eG5hM25rZ2h1RVF3dmFiLTdfTzdIQy1FT3YwR2dEOVF0dzhkMXfSAcsBQVVfeXFMUFRLSkdzSlNJMjctQ0FqX25VN18yMm5CRWtKamlBbnBfTWs1SC0zdC15ckJVay10VENGMjJtbHZzdmtCcTNvV1hHanUzSkRGdjlJSW5TemVEbVFkRVZsa3NYakpaZkxaOXVBdjhOODFsS2JGc1UzN29Bb1hndUdSejJMUVVvcjZia0dIZGd6T2VPazRLQ3JvWGp5LWFQNjJOMTdiRmtxMWZ6a3NIVnJhdGE1dFh6MnhLdS1wM1RuQS1weGdVSkRQeDlCY2c?oc=5,ABC7 Chicago,2026-09-16,neutral
Chicago Transit Authority,"Girl, 15, charged with pushing man from CTA train, killing him to remain in custody - kake.com",https://news.google.com/rss/articles/CBMi9AFBVV95cUxNWFJ5TW1meXFwVjJDYXZCS1JzQWVpVko3OEZRTGl3Vm1CWVJNenhDekhvVC1nblVLdm5hc19mWmNpeFloeGZReUNtYTZxS1RpZXp3NE5VLXBXb3A1aUFFTVNtLTJqMF85SXU5QjNsU2tXRWl3VHJVTXc3OTRnRkpTN1czeE1PYjZ0QUxqeTRZVjU3alhEOGdGZTRfb0RlMS1ITEI5WV8wV1d0RTVGeGc3ZTNtSG1yUEFRWVZQbVZucnVwY2dDZF9kMkUxWG15UVlXbWRzR1RtdWV1VFZVTmUwclM2a2lUYTJLRTZyczhqaGVCYzRW?oc=5,kake.com,2026-09-16,negative
Chicago Transit Authority,Family searching for answers after man fatally pushed from CTA train - NBC 5 Chicago,https://news.google.com/rss/articles/CBMitgFBVV95cUxQM1pJMVZaVjZlcHZPcFVfRV9lZ09iR3JEOVY4YlZaTzlrb0RuRWdZeVVnT2JJYVFyOEI0VTl3LXZyTFlDZ09iaWNNZ05LSTJyU1pFVXVRWnBjLThEZVFQbmMtcXB1MmhaN1JTNGxBNFBuMEQ1dFVLb0tIT1c3TlBKcjFURlBoVkRDcmVmc09wZHVaQVk3UUF0YTJhX1dKUU9MLWk4OW1tekw4Rl9ZNGl6YldhNTM2UdIBvgFBVV95cUxNN2pYQ1dOMHNJcFRsOW1rUWx1NS1zU0lKZTZFUnp5blJMTGx5d0hyNkhoYk5iajlybnM4bWFweU5HaDBFc0wyd2NoclhWa0dMbUVONnd6S1pZUHpkSFZDbG5fLXB6dUxhVUsxWWZQVlNQNWk2UnNiVjNEVFFPdkJRVFlpY2xsWG4zNmJsWUJRV2ltSzZjT3d4T2YzYUNXVEsxamJtVlR4RVBKeUx6amJKYjlRQ1JUZnpaeHpDX3ln?oc=5,NBC 5 Chicago,2026-09-16,negative
Chicago Transit Authority,CTA Chicago news: Action K-9 Security training questioned after viral 2025 melee caught on camera at 69th Street Red Line station - ABC7 Chicago,https://news.google.com/rss/articles/CBMi7gFBVV95cUxOSE4tQnVNbnB3VVBqS25TQ2ZTcXFkY0tpWXd5TE1kME9ZbUVQMTYzYVRJdFlMUmZYazdOV3ZOTVh2Zks0OWlNaG9VdmZLc0ZwOUxFRllNNm1xd012UHlOLUt1TjZOZFMtelZuR05ZamlQNElNeHo2ZlZ3Mzl2QUt5U3lvanpBLTVDR3VmSkVscUZOejVFS3FTVVE2ckFUalFWMnEtZ2VYd2xsRHdSdXUtbGg1TzJ4RDJYMF9DUHh5cS1VSmluNGZic19TNWVIOTl2SF9jWXhfLVlPMkhqTkFHLUZIamJfTGVrS3F1bDR30gHuAUFVX3lxTE5ITi1CdU1ucHdVUGpLblNDZlNxcWRjS2lZd3lMTWQwT1ltRVAxNjNhVEl0WUxSZlhrN05Xdk5NWHZmSzQ5aU1ob1V2ZktzRnA5TEVGWU02bXF3TXZQeU4tS3VONk5kUy16Vm5HTllqaVA0SU14ejZmVnczOXZBS3lTeW9qekEtNUNHdWZKRWxxRk56NUVLcVNVUTZyQVRqUVYycS1nZVh3bGxEd1J1dS1saDVPMnhEMlgwX0NQeHlxLVVKaW40ZmJzX1M1ZUg5OXZIX2NZeF8tWU8ySGpOQUctRkhqYl9MZWtLcXVsNHc?oc=5,ABC7 Chicago,2026-09-16,positive
Chicago Transit Authority,Depend on CTA to Get You to All the Independence Day Celebrations; Holiday Service Schedule in Effect July 3 to July 5 - CTA,https://news.google.com/rss/articles/CBMi4wFBVV95cUxOVTgtYjNyVHFRWXJoT2lDSi1jc2x3SUw0VFVLaGpKbVpRaHVXOXVxVWlSeGthV1M1d3F0M0R6aVRrT09iX1o1ajA5WFkzakVCSUxSdlRNY0lianhzVjkyUnRUMFRLNnRDQ0NKVlZLX3Y3YWFCNGpKWlQ3cUR6ZnFmRThhZXVKTWNxMzczTGUtYVo5NkZpd2s4RFZxeUlCNlhfZkVVRFhxR1VmSHYyR25uMmpYbk5SQWE5SnQ3YUJuaVJXNmhLdjIxTTlKRUd4Q0Z2QWdLOUIzbWlwaE1UY2x3dm5RVQ?oc=5,CTA,2026-09-16,positive
Chicago Transit Authority,15-year-old girl charged with murder after man pushed from moving train - WGEM,https://news.google.com/rss/articles/CBMioAFBVV95cUxNN0Yzb0dFZmtNeGNvZmJlMjZBMHoyNVcxeVNKNWd4NUlab2ptY2E4NUY5UDlSQ2Y0M09neW1KMW14cGtuRnhMWTlUMzhhVWhwYVRCMFJFdEZUcnhBT2tpRklTMTI3eUxpVjBONUhYM3B3emR5ZlJHNGNmdDQ1SEN4ZmVGUFE4TEZMOUtuSGZoamVMM3Rfc2tGMDFWTlZvLW5k0gG0AUFVX3lxTE5RZ1M2OV94RUV0UW85LUdPZU9FQjlYdlFSVlpkXzZNcDA3Ymp6ZS1hZWQ0cUxKUzZTYTRIV2x6alhjaG1sbmtqR29hZ3NJd19iSVliaGdsUDlPUkVtdTFoMmZwVDV3ZXpmXzNaQXV5XzVoamp2akdXeksyNG1oNW96NEtYV1lUYlJpRlBTZTI2X0FnTjA4aGZYZjFTYi16QkdDR1pCVkNtY1BTVHp1RmZ6bkRUeA?oc=5,WGEM,2026-09-16,negative
Chicago Transit Authority,"One Region, One Network: The Next Era of Chicago Transit - Mass Transit",https://news.google.com/rss/articles/CBMiswFBVV95cUxQUm9mSERTLUVLY1BuX3RBMHNhYU9tbWdCTnRiT3VKVTlSM2h2U3kyLXFaR3JiQ0dGUk50blpBb2JaSFc1VU1TWl9BRkNBNHFhM3l2RXlYcnRzeXE2ZjdmWTNYYWdadnVCWlBvXzVTZlM4QVQxZVBkVGE3bG1DSjBTWjFCeVFSSGFkTUtnQkpDdk1TQk4yNXlSdVFrUzdRNXlrWXJaWlItMVdQWWR5VVk4OTRfMA?oc=5,Mass Transit,2026-09-16,neutral
Chicago Transit Authority,"NITA, Chicago’s new transit agency, is meeting for the first time. What will it change? - Audacy",https://news.google.com/rss/articles/CBMie0FVX3lxTE9YcWxlUWM2SDduRUJjdDZzNnJoQ1ZYODB2SjVMRkdYRHJybW92WTJ2eFZpS2dUQ0wtNGVGNmtQaVROSHJ3RGtyMU90UE5XR1BYa1UtVFRJcndtN1NPclBEM3JObzN2a2VXcHZ3Q190UFl4MWptNHpVTFFtUQ?oc=5,Audacy,2026-09-16,neutral
Chicago Transit Authority,"‘They took the world from me’: Man dies after being pushed from train, family says - Action News 5",https://news.google.com/rss/articles/CBMipwFBVV95cUxPdmt1aGhVM0FWMThGZ2I1d3RNM3dZdmtvNG93NnZiN2Q1RXdHZHEzOVNCWDk0cFlpWG1JRWkzSGhJYmNqSEJTS2V0RGI0MmswT0lpcUJLNXlSZDJLeTVVOFRKUC0xMXJRUHZzWWtSc20xUkZmOFVTZDZmcDVHQlJDcTY0eGxySGwyNTJvMXJQZjFDQzY1cFBRVlVWQVJzRFF5UzFEdnNWb9IBuwFBVV95cUxQaEs5UUI4cWdYTDZ6TFJXOFQxRG05UjFDN2JkQTM2M0VUWVFCNHJrbFJmRVZvai1FOXJZOEJDU0xwbXFLTUUzaGZDdk5BOHBsRVp5T3lmUWExc2xUZ0RfWE9EcEtCUkYxc05ZSlRWSFk2TENTek16N3E0cC1yQ1dFaHpRQlpUWWFQdlpwRDU2bGs1OE96allmQVZsVlNoc3F4TDlaTFcxc1lXaHo5M2x6aDM1QlVaM0l2ZC0w?oc=5,Action News 5,2026-09-16,neutral
Chicago Transit Authority,The State of Illinois Newsroom - The State of Illinois Newsroom,https://news.google.com/rss/articles/CBMiowFBVV95cUxPX2hKTjNxRkFpZEgtZEhrVWE3SzZoMnhva0l1Zkk3dmlQQmY4OGJyXzlZbzBmRW9RSG1qUW1RWGZ5clZBQjN5T2sxX2cwMk9CZk92aUk5TG90WUVKeGtNSjZ6VWVTN3A0UlAtdUd2OHBITUUxbEdXbnQteFpPeDB0Tk5MdjlBaUZxalVGbFhlRndObnpNMlU0b3hpZ1hlZzNvZWRj?oc=5,The State of Illinois Newsroom,2026-09-16,neutral
Chicago Transit Authority,Cook County State’s Attorney Launches Regional Transit Task Force to Enhance Public Safety - CTA,https://news.google.com/rss/articles/CBMivwFBVV95cUxPRjE3TzRtOVRSNE9oT0YtSjA2S3pXT19oLWtHV2JDejRCZVFjV2lMQzB5MG8wdUwyLW9FYTVmZHpRT1NuMEhwZklUYU5ramZfQTlES01FU29ianRLLWozM1Y1OTc5dkFhZ0xGemRjX19LYU95ZXRlcDB6Q3FadWltb2FjQTNFSV9ONHdEMGFPOTNFa2RYR0FudWNPMzNGYk15d1RRTHlBSzhPUXpGaFF1b1NmQ2JJVXlYeFg4RU03SQ?oc=5,CTA,2026-09-16,positive
Chicago Transit Authority,New NITA holds first meeting as governing body of public transportation of Chicago area; discuss possibly of unified fares - ABC7 Chicago,https://news.google.com/rss/articles/CBMiuAFBVV95cUxOQXZ0VHRjNElGWXZOckJCTWF4c1FkbmZjZU83WE95cVc1Wm92bjJIX3FCSzFKU1laWjZSY1lkR1N5enA5VG9VRkVLMDVjOWFjQVdYazktZW4tUkpJVUt6ci05WnFRX282ZGoxU05RUlQtZjc4MFVkRnpjNGgwZlhybGhqRkVnWEFlU1RIYnhDT093a2ZaQ25GLXRjbHZuR1FleEdSQzJmOXpiVk9iNWY5N3RibUN3ckRV0gG-AUFVX3lxTE5hclFHa29xeUllNEdrY1JIOTExbVk1NFJjME9GWUNtb3VXTnhULW51b25NVUpBV09weFFLV1NJNV9ud1RRSV81TXdEQml6bENCMFJHeWdfeC13djBPU1pQOWdrcGxYZTZwMjJsdExCTHlPaGVWWGpVbzl3bWxXVzg0cndFRzBYWVhPU0dmTGM5V2Nicm9POG5aNktKMnNKcjFXWDB6TzdhXzhDNGotay1tR2h2OGNnZlNlc2dzd3c?oc=5,ABC7 Chicago,2026-09-16,positive
Chicago Transit Authority,NITA replaces RTA as Chicago area's mass transit oversight agency - CBS News,https://news.google.com/rss/articles/CBMikwFBVV95cUxNcWNjSEg0RXk1bTBPa19VTWJOdFNOaUxieG1qNWFxNGFxaVg2MmxCRHV5a2NQNkZVNDFJWnpZRUhpQ2xEX0pPa09odmx4eEw5OGotUHFnaHJMQnJRSnpRaTZIVElxREhPWlY1VFVKYndUT0FXSi1ib0twcDA4YmlNOThyTDNkY085Mlk5Nml2b3BUY0E?oc=5,CBS News,2026-09-16,neutral
Chicago Transit Authority,Pretty Cool Ice Cream and Chicago Transit Authority Partner on New CTA Line-Themed Giveback Pops for National Ice Cream Month - CTA,https://news.google.com/rss/articles/CBMi7gFBVV95cUxQRzJraW5qaXVQRGRaUWh1UFNBYy1GMHhvYnowakt2bTBycXJjeFR6dElxUlBDbWpWU1ZVcXhuRU1uMmR3eVRhM3FqNnNWd3NuMmZqQUExSWwzUzctbk9nMVBHLVh5dXVrU3BKUlpSR29mdzZ3eUw2ZnozaV9seURRY1JnZUxHRnQzalQ2aVhfM2tmZDgxWWlyNlEtREp2UVBqS1g3aDRSb3Jwb3FlWTZOMnNXZnA1WlN4TVdzcWIzQnNQNm1hb3lFWkI1WHQteVA1SVNNd2hUdjVJamR4SDlfVGs1SzEwRUQ4a29yV3Fn?oc=5,CTA,2026-09-16,positive
Chicago Transit Authority,"New Northern Illinois Transit Authority board prepares for first meeting as CTA, Metra, Pace riders seek improvements - ABC7 Chicago",https://news.google.com/rss/articles/CBMi4AFBVV95cUxNaC12Yi1lQmNmTnNJR3FzVkVyamdWdmVLSWVEQUZFdEpmWHpxZFpPbFg5S0hXeC01N0R2ZmU1YXdwWnFzLXZXSHNhTUZDMHFnNWd0cV9GLVcyakpUOUVwMGpfdWJBQ00wSi1qU2NrcjRMUVhpTjNNblQ2ZGQxX1ozdXdxckhnMGtxWFJEZExjTVdBMUVLcUxUa01iTl94TnYzN2ZPNzJCU21UejVmX1loZGdZemgwV2lON1VqS1lwUGJUQVhGV2JFcGZfc25HNHpUUHdpQWc2XzQ4NUlTbkxONNIB5gFBVV95cUxPTV9wQUpVc3loM1B3X1VIbWVmczJueXhUazJZUmpOeXhWemJUeFUxcExKQlpQd0VKZGVxQXAyVG1YNktIZGNyMnhDbXl3YWhVWUh6SDZiVlhWMlBTMV9TcHpjNVRHUlFLRTJzTFkySm43N1NvcXdzQ2dlQjlXM3NiT2RfRW9rU2twSmNkWHFwSTZfZ3pQU3V0SUd2N2wyMHRMTDB2NG8xSHM0V1hNSjF5R0RkY3BlVGt5ckpsZW1qLWtjbGo1NXpvbmpiUnZzTXNnTEFxNEY1dlM2b0tQYlRlTzJDRXZOZw?oc=5,ABC7 Chicago,2026-09-16,positive
Chicago Transit Authority,"Girl, 15, charged with pushing man from CTA train, killing him to remain in custody - CBS News",https://news.google.com/rss/articles/CBMihwFBVV95cUxOc1J5TFQ5N0psOVVNaUNWSEpkWThPazQxNW1tYldhc2t1aVNtU2NKcndMYlUweGRxUjJ1WmFNcWlVMlh1UFM3ZDBPUDByXzN4alhJOXR6d3JSQ2pNZmpOWHJMNzZWaS1HaHhtdmdETkNvUVdOajA3Sm00ZFlwdUhsM0xTcG83MFk?oc=5,CBS News,2026-09-16,negative
Chicago Transit Authority,"CTA Submits Enhanced Security Plan to FTA, System Policing Hours to Increase by 75 Percent - CTA",https://news.google.com/rss/articles/CBMivgFBVV95cUxNaFJHbUVwQmdtMnAydzBMNlBRalhYV2hHOF9yYTVWWGxUTUM1MjZqVnV4MWlkQUJzYUw3M0VESEYxbGxDVUNlRWFqVDVxc2ZOMmlxY3FVZnUzMlFBVjBvaG1vbXM4RVJPVlFwX204YWpGTTh1cDBMZFg3U216am9FUGkwRkE4MVcwLTRmRVNqRnpDbF9QM3B6V1RiSHVZaDV2TjlJalI4M29ReGp4WUVSbnFHYlNPVEo5bTV1N1Vn?oc=5,CTA,2026-09-16,positive
Chicago Transit Authority,Chicago Transit Authority Sues Federal Government Over Paused Red Line Extension and Red & Purple Modernization Project Funding - Press Releases - News - CTA,https://news.google.com/rss/articles/CBMi7wFBVV95cUxNcDlGdXY3M0lZUGVvOE4yUW1FOXczTURfRXFBLW16SVBFc29Nb0R1NWJqRklyYm51Q3dQalFwa3UtMlZxTGU1U2tDZVROWTYwX0J4a25rb0FKUWpwQ2k4Zjd0RnRtQzUxMjh3SHJXN2VjYWZWc25TNFZlWlh1SG9ZYWxxT2JOZlNvODdKYjF4UXB6cmtwUjZKWjNDdnVyTWV1WmNEa2RjV1RyaWgzQXlQSzlSZUpNeGtxclZLcnlWVkphdUdJZkYyVXBNY0VybjVvamVDT2hDVDFMYzJjTlUtaVpOMnY5MXREa3lydFUxbw?oc=5,CTA,2026-09-16,neutral
Chicago Transit Authority,Elevated Chicago Expands “Elevating Culture Near Transit” Initiative with Three New Grants and Historic Partnership with CTA - CTA,https://news.google.com/rss/articles/CBMi6wFBVV95cUxQSW53TjNNdzRRamNrTlA4T2EydWpocnVnNjVwVkYxV1k3RHU2RWp5VTlEMHZsSlBkSVpuU2laV3BVUmZaS2ctN2J5WC1ZbHQxT2hsQm9VdTBVQkRSN3QwTFNuOHJYTUdpZnNkRzJJYktrWV9QRFZseHV6V2tyYl9ZZEpKRm5kdTdiSWZ6UDc3bmFmeGpwUi1JMGg2SEJ4OUlVaTV2YW84QVliaVNuQ1lybi1WeXExSjhjZ3k3bVNRdmN1RDlycUN6d2ZzR2hjb1NXM3hZODkwOUtRYmc3NnZZZU1GUVdMQ2YtcGFJ?oc=5,CTA,2026-09-16,positive
Chicago Transit Authority,Travel Advisory: Temporary Weekend Reroutes of Certain Loop Elevated Lines Due to State/Lake Station Reconstruction Work - CTA,https://news.google.com/rss/articles/CBMi5AFBVV95cUxOd25HWUFmQTNiS0JIVThzdGgyVTBmQkFEWkdYelNPSUE0dWVuNEc0ejN5WElTZklrT2dPbW15YWxNRkd2WkhCc1hheDU0QnZjRzBjcERnQUQybXJFQzU1TUFIZlVjSFdfRVZMZG4yaXQ5ZGl2ZS1IbXFqWkszc0E5cU1ZckF6U1d0OU4yYkVkNGNkYnZRTlc1UHF1c1dCeE1ib3ZCZWtROVh1T1E2Y3puenZqUGhIX0RGaVF2MjZQbzY5eC1zSVdnYXlxX3llMFo4MDZxS1VTX0Fib0M5Ylo2eFFjUmg?oc=5,CTA,2026-09-16,positive
Chicago Transit Authority,Take CTA to Your Holiday Celebrations - Press Releases - News - CTA,https://news.google.com/rss/articles/CBMiekFVX3lxTFBvZ0JMTU0yeVl0ZnkxeHAycjRpVjZFajNYeDBGcUFsWWdvNW05S0NCV2hPMTVSQjdxX1ZKeUY2OVMtLV9WR0h1SmRTN1o3N25NdEZRWUpSR3hhbHJ2S0pmTzdRQ05PVGpRMnJuVmF0RjkzNGxoY1JfbGlR?oc=5,CTA,2026-09-16,positive
Chicago Transit Authority,Mayor Johnson and CTA Celebrate Investments in Welcoming Spaces Across Chicago’s Transit System - CTA,https://news.google.com/rss/articles/CBMixgFBVV95cUxPbWprc2hqUTV0RUdCbmpWTVNHTDF2VldrRlM5THc5TDhZVHprSzlJdXVzTmwxMktjNEk2bGRsbGV5UV9qcTJTZmlwSk9wMGpKOFRfWDJ4UjYyemJDdVByRXdreXBpTjdMYTlsSWRxRDV3X29pZTlKeERMOW5XZC0zNmVfY2d1UnhDU3NtUGNPeE1xemdxVVVQa0ZhYjF6Mjk1NFlxV3lzb05UWjJmXzVFVmo2YkVVLUotcUpYSzJ4UjBFY29uQXc?oc=5,CTA,2026-09-16,positive
Chicago Transit Authority,Chicago-area transit gains new regional authority - Planetizen,https://news.google.com/rss/articles/CBMinAFBVV95cUxPMzVCaWJOd3RNdmN2clZMR0JrVVMxcjU2cHBrYlN3SUZwMXVnbUJnRVNjeC1qSkFEOFRWdkZiRklwbVFvbDZEM0wtdEpPN1R6cUl4YlA1WF9lTU51N1Yyb091Wl9hc2NJQWNSd2lBU1p6Z3Roa1k2NllLWmpnU01tZVJNWVNvSk1zS2kzNVBYUjE1LXVjQ2hqZ09MR0c?oc=5,Planetizen,2026-09-16,positive
Chicago Transit Authority,15-year-old charged after Black man was pushed to death from Chicago Red Line train - TheGrio,https://news.google.com/rss/articles/CBMiiwFBVV95cUxNWDhBZS1qTXNxSGZVMTJwMGFhZzI3akc5cVlVWHBCcWhPMGFXd0d4YzU2aC10akszMnZneGVsdjRJdlcyU05RRW5BREQ3eEZrbzZEVVMzdjZaOTBWWDdXLW1RWUNWd2hLNm0ya3dLZWZuV05HVlJrT2tkOURGbF82aVhWXzBzMVJucjJz?oc=5,TheGrio,2026-09-16,negative
Chicago Transit Authority,Afternoon Briefing: Interim leader of Northern Illinois Transit Authority chosen - Chicago Tribune,https://news.google.com/rss/articles/CBMivwFBVV95cUxQSUZXRWtMOVhlcDI1cWpUU2hKSHRvQWhSWjRFMVBGVkxmN0FidlVMLXc3UTNYd05mR2d3NThFNG5vLTJrMTJJaUFqTW5ZRE9DeXE4ek5WOGN2UW9yOU1YYU5Ha3ZadkgwMm9XOE10U0dQVHA5THpVRjZtRWs2VjB3RXpjdkpBWXhqUVBxVzRMQlhEcWc5N3lpNGRGdWtRc3NfbEhsd1JUMnlURFZoQkdxLWFucFNZZ1A3Rm9oVnktRQ?oc=5,Chicago Tribune,2026-09-16,neutral
Chicago Transit Authority,"As a new CTA board is seated in September, the current chair positions himself to stay in mix - Chicago Tribune",https://news.google.com/rss/articles/CBMidkFVX3lxTFB3ek42emtqYmFzSERmYS1GV0E0Tk52NDFuWGV4QXVhUlZ3eXJrbVNfUGMzQnlwVVh0dXZxZjdwVFJ6bDBpTTIwTDkzdkRrZXFBZzM1clhrejNBV0tQTkQ2dklzdU9WQkZYbzZXTlNMd2xCeGN4OVE?oc=5,Chicago Tribune,2026-09-16,neutral
Chicago Transit Authority,Jamie Rhee named interim leader of Northern Illinois Transit Authority - Chicago Tribune,https://news.google.com/rss/articles/CBMikwFBVV95cUxOeTZnS05kSnN5SHh2al9qdk1vTWxWY0kxOXFmVF80eVQ4dEQzazFGN2FEamhORlZ6dEE2MGxZelhTeWx2cjQ3eFBiMVV2a0xRaHQ1SmxBRWRJdEo2aTJSVTIySW1pNjBMVGEwdHlWOXJ3TEtjLS1QSUlMTEFvR3VvdS1IOGo0dGtGSUt2c0w3QUh4ejQ?oc=5,Chicago Tribune,2026-09-16,neutral
Chicago Transit Authority,CTA fare gates could look like New York's and San Francisco's - Axios,https://news.google.com/rss/articles/CBMitwFBVV95cUxQN2VhSU9JSHJneUJvMnM4MjJfR1M5Z1cwT1NGZW5RSzdHQUp0SEFhZW9RWU5UaDMybGhQMGdBZzJpUkhmbVhGaV9abW9HU3lSQXExc0djcmQxTl9selNtSDJXbkVHWGIxNThBWXpiM2RHWUs3SGVxbXpFQmlrMFhLWFZCanYtS1hHQUJBa0tRN2RWaGhjZXEtWFloLVVQbDZfQTV1TnBwOUpscTR6ZEdJbEd0d3V0YWs?oc=5,Axios,2026-09-16,positive
Chicago Transit Authority,"CTA Board Approves Slate of Social Service Outreach Efforts Focused on Violence Intervention, Homelessness - WTTW News",https://news.google.com/rss/articles/CBMiuwFBVV95cUxPMWM0VG9BS1hpamxIaTdoNGJ0ZVBtNFdmUVB5ay1GMGZnMGo2ZTRwQ0RUSlF2M0J4SWc0U2lhTjJLaTVWYXFMc3BnYWNXNExrNlRGc0kzUUZqZ01rU1A2aGNyaXlscVJnQk9IeEZqbV96cjBFV1ZCUk1IblBpcnlYZFF5ZUxOSHhmcWNTVVJiSXNRY1daRlNnWTdEa29CR21YT241S3NyWUg2LUVrd0hSVVVSUzZzVzJodEZn?oc=5,WTTW News,2026-09-16,positive
Chicago Transit Authority,Chicago police issue alert about man who groped woman on Loop CTA platform - CBS News,https://news.google.com/rss/articles/CBMimAFBVV95cUxPTWVOS2ZfN05JM2ZsRWlwSklRVThIRGdtRTIyWmJsNDBOUEpiN2JYcDlFTThUOHVFbkxZMWdHOGY3UGlnd3JYLW1fQ2ZtWldCakJqbkZibXJqQzFNdnRNZFVCdDBKX3Fjb3YtYlBrVFhaeDV3T0V6TmxWVmFPaW5KbDBZV0RYcVhSRHU1dl9zbkRZOFBFWDJsdw?oc=5,CBS News,2026-09-16,positive
Chicago Transit Authority,"Construction to Begin in January on New, Fully Accessible State/Lake CTA Station - Press Releases - News - CTA",https://news.google.com/rss/articles/CBMirwFBVV95cUxQUWFDT1pnNGhxWGdfeUt2c2Nxd1UtQXROT00tTnRzLWhEYW50U3ktTTdBTDIxWTJBbEVPOU1tWG1vZl9tVzRsR3VVY2RMek82TzhtbGRvUkpyRURiemYwVkF5R2Fyb2NtamZoWl9MekQzZHU4MTBFQW1iamdTTDE2YTc5UUY5QUlEUVNmY3BMdE9Rd1l3X3ZSS05vY2Q2Sl9tVGotQVhEaC1oSDFXQ2Qw?oc=5,CTA,2026-09-16,neutral
Chicago Transit Authority,Chicago Transit Board Approves 2026 CTA Budget - Press Releases - News - CTA,https://news.google.com/rss/articles/CBMihAFBVV95cUxOYUQxQ0s5bHphNExIZ1pmU3RNV1p2elotQTUwZEpxLXh2UkxqMjY5M0d6MU5kUGtGWlZsWDRRQlhKV2RVb1lHa0ZqMFltYXB6NU5NWGNHWUpiS1B2RDVjUnFnRXhxRWJ0cU9iX0F3eHJvWDgwbDhYNFpGZVhUMnViSEI1bC0?oc=5,CTA,2026-09-16,positive
Chicago Transit Authority,Northern Illinois Transit Authority launches despite downstate funding concerns - Capitol City Now,https://news.google.com/rss/articles/CBMiuwFBVV95cUxPeTEtLVJGYS1mSlZwLWFCZ3lrcS12NDd0WXdLdVVENkZTTW00S25TVGtRb1c0Z3A5SDNPRkVIclVMb1p3ekdyeHI2U0FNVjRhNzhBU2NjUzVjRkE1bEY3dEtuWXhGWEdaVGc1NVBNSkdHT1RQcEdKSmZjRjR0WXM1SDRkaGlEXzNNdWtMVE1qYkhkcm00dzRQa212empPeEoySVJGTVhoTGxoMjZBekljTktLZm9hMmFfSWkw?oc=5,Capitol City Now,2026-09-16,neutral
Chicago Transit Authority,CTA adding bus service to some routes starting Sunday - Chicago Tribune,https://news.google.com/rss/articles/CBMiaEFVX3lxTE00OUtjWmhlWlBDdFFvZFBoQ0psZ0lwTi1ZRTBRNWFFLXFraDJDQUVsSElMZG1HSGkyTjJXZXlZS1Bqb3gzV0lsSkxKZ2ZqZnpYYmU0TUdNNTJqQTBNX1Q2eTNFYWVBYUNh?oc=5,Chicago Tribune,2026-09-16,neutral
Chicago Transit Authority,"CPS Employee Accused of Double-Dipping Through Dual Employment Scheme Now Works for CTA, Records Show - WTTW News",https://news.google.com/rss/articles/CBMivgFBVV95cUxOeUFkN0pPTWdfOWxTYVItOHdYUTIzSldUR09Yc01Rd2ZUSmE0U2tOMXdGbVdQMFU2OGdoUS04OVMzeTZMU3R4cENGdG5HbVJyQ0NCZl93M2pZV19oWjhnNnBYRGdPb0hGUFhYQWlGQlQ0VTBiUW1EUEp1UU9scC1Xa094clBsYTZYZmVGVHJWMVdTeU1kNlRUdnRETWkxLVdQVkZjdy04VW1nUWl2QWlyclJUcEU4TE1ndjF1Z0t3?oc=5,WTTW News,2026-09-16,negative
Chicago Transit Authority,"Advocate says Northern Illinois Transit Authority Act, now in effect, will improve transit around Chicago area - CBS News",https://news.google.com/rss/articles/CBMilgFBVV95cUxOWGdMS1pNVmtDQ0cyS3ZSSjFCa1hzM1JTeHE1a1RRMlAxWGFjalcwTU1HZlZ0LXJ4WmsxYjA1MGEzcTBLM216cmV0TGVrU3FUY3BteEV2VnIzcGpvVGk2YVc2NnI5OHd6a0VHaHZuZEszRnBhUUtfN2RiM2NqNGRJSjZnRjFWeTBtYy00WGhoczR1aDgyOWc?oc=5,CBS News,2026-09-16,positive
Chicago Transit Authority,Man wanted after allegedly slapping woman on CTA bus on Goose Island - FOX 32 Chicago,https://news.google.com/rss/articles/CBMinAFBVV95cUxQNWhTUDdVZWRXQUFKU29LUkRWVU00NEFTUlljbzlRcHQtNUpUSzNiaE9QZERxUE94aWE4NzF2eXJNN1Bla2M2ZzltYUNwT2xGdmFlR1VDTzZXelhOMXJkdklMaXNWdFRjdnBFY3BWbjNoWUtTcGNzcnVqM09tcHE5UHR2ajhfV1FHOUdUMG55S3lXQkt1empFVkVBeFo?oc=5,FOX 32 Chicago,2026-09-16,neutral
Chicago Transit Authority,Chicago Transit Authority sues to restore billions in federal funding - Politico,https://news.google.com/rss/articles/CBMilgFBVV95cUxOZFN2bnY2bTJOT1NLVFV5UEtqR19QMWZfNnh0N0xuMzlPVTZBY01sOEtoc2lhYmF6YnpNUVZZUlNpdW54aGdQTTBBdE1oa0tHWm1mTFI3dlkzWVFoV2laLS1LN09naHRTRzNmUmwwWXBGSTFQT1BHb3IxN0ZENG1TdG1SNEJoY1p0UExPLUxOODZndDJVZGc?oc=5,Politico,2026-09-16,positive
Chicago Transit Authority,Crisis Intervention Specialists Pilot Program - CTA,https://news.google.com/rss/articles/CBMieEFVX3lxTFBfLWg5S0dkMEM5b3VjN01uRHphcUxJZHlrdG5mYk8xY3VJWEVpM3lLWktlcTgzeTNWeEpnYW9XdHo3eVJSUHZUTm93X3dZXy1CX0tYdnhPcXZUNlVheHV2dVllYk9DdTh0Q1JGUWVBeC1FNGxBdlQ0eQ?oc=5,CTA,2026-09-16,negative
Chicago Transit Authority,Chicago Transit Authority Number of Employees 2026 | Employee Count & Headcount Data - Revelio Labs,https://news.google.com/rss/articles/CBMifkFVX3lxTE40cjBmbWcxSW0zSkE1X0stX3dPVTZvTGQ3a3pvQXRacXBUNmcyQUFPSGs1UHk4cmNfTmtwV2tYODdNR3R2cnV5S2RBT2VURFFxSVZPdHltOGdlZ2ViV0Z5ZWtRWDFnVmNBelIzUjNMc3prWkdUSk9PU3NROVd3dw?oc=5,Revelio Labs,2026-09-16,neutral
Chicago Transit Authority,"CTA Leaders Tout Ridership Gains, Lower Crime Rates on System - WTTW News",https://news.google.com/rss/articles/CBMilAFBVV95cUxOdDg1QnNBX1VvZHAtNEtVbVp1WGZvOExNbUFyYkIxTVpELWo4UXRjelJvVngzaEVESDZzSGxENTNPXzVLdUlMUGZBN3N4LUVYMzA0NlFZUGdEeno1VUVYdXVDNzdvVGpHSnBqRXZ5eldPcjFmNW5zZ0J6Y1hsMnFwbk5uRjRKdU9CZUpVSng2dFU0dzVC?oc=5,WTTW News,2026-09-16,negative
Chicago Transit Authority,"Sales tax increase to pay for CTA, Metra, Pace problems - Illinois Policy",https://news.google.com/rss/articles/CBMijgFBVV95cUxOTUNWa1JDaHk2eWU4THZZRjV1dFpaLXdhelNFLWJPRXdvdUREYUVZNjd0M2ZNUHNCaFo5aGttd0dEcXpOWHBkdXZ3X2tDMmRtcWRWM2Ewamx1ZUVETm1ZWDRUWHNkcW82b3BQTkRURXJDWkdTRXZqMzY5MXo0RkdwWm9adndBcEU5S0ZtQU5R?oc=5,Illinois Policy,2026-09-16,negative
Chicago Transit Authority,"Transportation overhaul taking shape with toll increase, new board appointees - Capitol News Illinois",https://news.google.com/rss/articles/CBMitAFBVV95cUxOSkJod3Q4WTlDM1BVWWtsMWtlbDRkVVBSbVpBX0JSaUx5SFVnc0F0aWpNNm5McnIzbThaZVJ1aVBEdW9SekxyZVliNmtxNTRXYmtrbHpnY2c2VUZEaDNWWmYtWUxHRllyQXByR2w3LUNVWTNyMlFZR1VMSDdtT19iUG1iX1lEZlcyVVVhdDhERC1FRUZBREM1ajlqUDdVaUYxaGtfRUFFRzc0R2o0LTdzTThBSlk?oc=5,Capitol News Illinois,2026-09-16,positive
DC Metro,Bell Partners Adds 501 Apartment Homes in the Bay Area and Washington D.C. Metro - Bell Partners,https://news.google.com/rss/articles/CBMiswFBVV95cUxOcjM3MWFHYWRLT0g2RlFPeFdaLWJGOGRMV0YzVmdLNVJpSXdJWVg0VmJQQTczYUxsOXZOeWJFZ283QndKTUkxbTVMLXZ4TXMzQnpmS1JBV1ZNOUpLLW1HSVJPR1RYNDVDRHBRdUdES19VWGE2cVc4aHUzN0x3NXBUOUdJbnFLOGg4WFdoLVlVTDFfWng1WmJnQ1hrM0gwOXdNd1R0LWltaHl6a1R6SkFyN3NGZw?oc=5,Bell Partners,2026-09-16,neutral
DC Metro,Transit leaders from DC's Metro and beyond bring safety and funding needs to Capitol Hill - WJLA,https://news.google.com/rss/articles/CBMizgFBVV95cUxNemRnWVhLakNEVjdrb2hrVGZYRHg2TDJGZGp0d2NpUnFTWEVfa0FleDZ3Q09YMWc3QW9LMEZEbDFwNGx0MmNXN3Jac2VaYVRBRjhVWmIySDY0VnV3dVRnem9hVlhZb3dqRk5VM2ZxUlRJUGpSWDlnU0lqbmJwTTlYS19fUlg3dVNKYUh5Sk4xV0hnMS1mdHhYQTlOTmJMNnlxQXFQejdEdU13Qm1JUlVpX1A2SWxCSEowckpZTkFydWl0VndJczFUWFlvN0QtZw?oc=5,WJLA,2026-09-16,positive
DC Metro,Rushmark Secures Financing for $136M Development Near Metro D.C. Commuter Station - Multifamily & Affordable Housing Business,https://news.google.com/rss/articles/CBMivgFBVV95cUxQdFJjSE9LcDMweFdYN3Iyemh5am5DSzJpSlhia0VLMFc0ejVnazlpZ1lGa3IxM0FJbHNUOXJGUDZaMV9mWDVFSjU2RnBJYnlyX1A2dlhsaEJhMUdmR1hFVG9rMi1pVVIxeF9ESDlNSnpQaUlqWDNmNW4tbEJNaEhhenhzVUs5dTZXZF94dlA1dHhWaWdESVVyTG9KdTZmY3ZCSktyajNwOGNzdkpaMHRXeEFTTGNiX1pGSWE0cDdB?oc=5,Multifamily & Affordable Housing Business,2026-09-16,positive
DC Metro,Federal employment is growing again in Greater Washington after months of workforce reductions - The Business Journals,https://news.google.com/rss/articles/CBMikAFBVV95cUxOVmRicHhiMnlzYU1tT0k1dXIyS3BJeWkxQXlBNHpKMGRPNTJmMC1FdVVxTU8zTTdnbzdFUGlJZEQtZWR2SXpDdzBkZ2V0UkJQOTRNbGh2UDhsNTJ6WDZZMXlvUk9mRXlQTFFwZ2hLTEktMnlsS1cyeXlUb3BkQnFLeURLakthR2tQMlQtbDFENUU?oc=5,The Business Journals,2026-09-16,positive
DC Metro,Metro & Rideshare - Freedom 250 Grand Prix,https://news.google.com/rss/articles/CBMiZEFVX3lxTE8xQWg4N3NWS2tfVFJZcnNSRzlCWnR3Y0hzQmtRWDUzZ0hMaUNDSTNIVjZNS21tY3d5aGNMNW9NUVJUT1p3RXNaTlE5SmR5MDlPT1h3VTJ2cjExVDhwN2RtaEdrM0k?oc=5,Freedom 250 Grand Prix,2026-09-16,positive
DC Metro,DC Metro trains and buses to stop for 9/11 minute of silence - washingtonexaminer.com,https://news.google.com/rss/articles/CBMimwFBVV95cUxNa3pyQVdfR2FuSXFwZ1MyX3N3V3R3Vl9sU0h6ckZXUWtxenZmQWJXV3JwdUlfbllNSHpuazJmbWM0NVhPT3VyWXlxNlNHc3JEU2xOdFJOVXNGLW9lVHc0NTZRWFVnQXQ0X3YxbnlHNnY1ZWpaeWp2b19USTdydHBiekFMSUFMUndVT1ptZ0hfMWVDVGViSWU0MVVUbw?oc=5,washingtonexaminer.com,2026-09-16,negative
DC Metro,DC Metro’s Red Line commuters face a summer slog amid station shutdowns - Maryland Daily Record,https://news.google.com/rss/articles/CBMinAFBVV95cUxPU0phaGJsNUI0bUxkWnF0SnFOVjNyNzQxd1JuU25aTzBiTEd1RnBQcWlfMW9WNGZib0R4QjROeWxZUXR2OWs4aGVqTXBfLUpLT2NGMHhMLWJjVHdxdDBqU0xoRXJSRnBxT2Z2STJUeFBNYU5sc0VwX0xIMGF1aVNBMFhxZWt1TjU4MTU2LVdDLTl4TjV0NEJ3V1BRMS0?oc=5,Maryland Daily Record,2026-09-16,neutral
DC Metro,September 11th and Public Transportation - Eno Center for Transportation,https://news.google.com/rss/articles/CBMiekFVX3lxTE9aMFlTYTFIQXhFSS1YLWpxVXpuZks0YnJ0SWVQZDRXZlNZaHRSeE5abzVRQVdPN0xnNGNFM0ZfRWNKNWtxSXJONDBlZlYtR2RmZ1lQSVgteTdkd1dSRHJpME5HWmhRWHhfR25lUjBObHNHTzE5WmY1empB?oc=5,Eno Center for Transportation,2026-09-16,neutral
DC Metro,Transit leaders from DC's Metro and beyond bring safety and funding needs to Capitol Hill - WJLA,https://news.google.com/rss/articles/CBMi6AFBVV95cUxOdEdRNjRuUW1HakVlY0hfdFpvT2g0Q1R1TG91LWFaYnBlMGRua2pVVWNaYVpHSHViRVBBS3I5RXNBXzM3Ujg4VmNLS1k2RUZiY2cxam54bWx4UDZKcHo1b0VFRkctMGJyNHFhQ05mQ3pUY2E5eTlpYlZ6UkJ4alhsbjVSVGhPNEliTHZuNy15Y05UYXpQNjlHd1oxRDg2alZ1bTF1QjViUWpwY01IdkRuaDV3X3FNeEhocGFzQ0wtUVJxRERLMmRJOHlRVWxoNWd1TkF3VWdMSmc3RlNRRG9hTFpQbXlkbl9B?oc=5,WJLA,2026-09-16,positive
DC Metro,Why not everyone is happy with DC Metro's new signs in stations - Yahoo,https://news.google.com/rss/articles/CBMihgFBVV95cUxNSGM3OTVzc2IyYTF3dm1XQnJoV2p4eXpDWGk0Y1pNMTZwXzRPMW4zSWVtcWJUR2J3bEpuVmdrdTBEcWhTSlROaEdJOXFETk03bkwyRXlOVEZtY3dVRGN2OWRzN00yQjVHR01TQU5iMkp0Sm1BZFVWMmRaR0RIQ19aM0tfTDc5dw?oc=5,Yahoo,2026-09-16,negative
DC Metro,Howard Advances Plans for Long-Awaited D.C. Metro UPass - thehilltoponline.com,https://news.google.com/rss/articles/CBMimwFBVV95cUxPVDVSaWxNQW9OZDdTRFJoUDI3Tl9tdmExakJ5ZWMxb243Mjh6ZHdkWWZqRDZYQ1Jic1lFY3dCZEJLMmhIZEZQZm9jUjhvNXhIUmhNMnhWanNjWHFFQ0hCUXVnQXBFQU8xMHRoeGlNUWVGLXZ6VjJxN3doOGZIWUMxaXJUN2kwamR5aXFKTmNqOEZIV2E4cC1aQmhpWQ?oc=5,thehilltoponline.com,2026-09-16,neutral
DC Metro,"Mixed Signals: A Housing Update for the Washington, D.C., Metro Area - richmondfed.org",https://news.google.com/rss/articles/CBMi0AFBVV95cUxOaWNFTTJsQWdWZFNjN3V3QlZDVFNZMy1YZEV3LV9YXzlQeDE4WFBsNTliWjVWd2M1dW1xTUtfYTRGSGRCMEhJa0c1a0ViN0x5SkxTUGxOajE2cXVEaDQyTEpOY3F5S21Fd0QyRkNlaFdsd2FPcjRSbEN6MnloVzJwbXczb285b09vdjU2clVpUGRUcVlSd2J4aFlBUkRwdnFBb2tvS0lJOVJWdWZESjhWR3JROXFTOUd4RlJoUm44XzFkTTJpYkNtS203cDZrMi1Q?oc=5,richmondfed.org,2026-09-16,neutral
DC Metro,Metro hears from neighbors of the new Commanders stadium site in DC - WTOP News,https://news.google.com/rss/articles/CBMinAFBVV95cUxQZVB4OGlKQVRaNmo1N0s5aUlGYWk1SG9TVFdST0FOSXh0LVBwWng5dUtRenh5UHpyMWRlWDJSVzNQSjZ2Z2tGbWdJZ2RXeGRHMF9nTWo2Y0k5ZHVBeDlvMkhNV1pNMjl3VlpBeXF3REhPdDV1Umkza0pMQjJuS2VFNWFTMWphamgwbVNCTFVtdHVqd0E1cTRDalIzemE?oc=5,WTOP News,2026-09-16,neutral
DC Metro,DC Metro heat wave begins Sunday with temperatures in the 90s - DC News Now,https://news.google.com/rss/articles/CBMickFVX3lxTE9WNE8zUmZ5RDNqU3lzOHgzUFkwOVVmeFk0RTh4WWtKZGJHVTBESkNJTUd3c1VxYkU1ZVB3UUlFVUFKTEhzbDFmenNoMmV4VG5UNmpleWEzQUpWV2F5TTRKU1VYOTJJcEt4dVlCNFc1dTV0QdIBd0FVX3lxTE0ycERTVFZtQklzS2Fhc1dWVHMzamhtTlFRSmlHZjk5N01xS1Jsa0lTYXIxN2pCQ1h2MU8xb2daSW8xdDNmeTZjX0NVV09TX1AtLXNaSXRzZUotci1GYWFwWkdfR0ZIUC1BSnozT0prUEVBaUpTamNv?oc=5,DC News Now,2026-09-16,neutral
DC Metro,Most Metro Fare Evasion Cases in D.C. Are Thrown Out - washingtonsun.com,https://news.google.com/rss/articles/CBMiXkFVX3lxTE9NcENhOWNRdGdldFBNTVc1SV83SUdYQVhTNWJWOUItYWpKX3VKTVJMeVpaSl9JOC1WSTljR0ZqYml1eHllSFYtR2h2NHF3MjNaQnVBUUVaQmkxUlZ4cUE?oc=5,washingtonsun.com,2026-09-16,neutral
DC Metro,What changes is the Metro making to its new signs at DC-area stations? - USA Today,https://news.google.com/rss/articles/CBMi5AFBVV95cUxONGd5ZzZmdnFRcXNSM0g1Skw2TUF5QUtnLTFnSzluWVBjYlFvNDM0dVh2V0JER2h1amJUTmN5dUFNTXJyVFJxWFYtUnBjdjg4VFZTbXNKck9pSmlsUUZfbU1ESkl0MUk3dHVTUUUwcExlbGVIX2pfZ0pwelNyV2Zyel8zTXJ2d2VDWWg4dE9QeFA3bEpSUDZsdjRQc0xUUVFLZ0I5b3BvSnI3ZWpQN3ZhOEw3cFA0OU9nM0NMajVlRkxlNDFmSEl4Yi1sUHBRNGpkbzV2eHp3SFhubTVOeVdTLUhJalg?oc=5,USA Today,2026-09-16,neutral
DC Metro,Metro and IndyCar team up for a busy weekend of Freedom 250 Grand Prix events - WTOP News,https://news.google.com/rss/articles/CBMiqgFBVV95cUxPZHJ1cXRGN0F6cjhoSURZV0dfUllVOVFnNUZWWXF0Tmpyc1o0TXhvRHJhTnNxLXdPemlVTTB3UnhkbTA5NUFWYmlDRndJTnRNbGRWZUVORzBCVl83V0g1QnlZRUNxUEpDZlNYN2N6NU5PbGZJWHgtZERlM2RrcFFPZmRUbk1pWHlDQVJGakYzNVNoVUh6N2xzQ2hhMVhPcU1CTWtseC1lX0xDUQ?oc=5,WTOP News,2026-09-16,positive
DC Metro,Why DC’s Metro Wants to Automate its Trains - Bloomberg.com,https://news.google.com/rss/articles/CBMisgFBVV95cUxNbEpRNWhsWTM2THVhbGdIbWtYMG0xV1RjRjVOSUxnNmFLdS1lOVdtaC0zTXBPQ0p1bjU3Z1F3bkpfNXRNVkZRblBRSjRDUzhaZ3lTNGgwaHV4LTBIb0Y4OU1pNUFhR3VreWtQV09LcVFJZ18xclFwM0FKZTNSM0hrVkRuN3JGYTBoVV9HVHFfdXhmY09hRDJhRWROa1JBMGRoMFRSVkhmczJnU0IzTU1aaWZB?oc=5,Bloomberg.com,2026-09-16,neutral
DC Metro,Why not everyone is happy with DC Metro's new signs in stations - USA Today,https://news.google.com/rss/articles/CBMi3AFBVV95cUxNbUdmSWx6RnpDQWQzT0pHRktfZm9QTWJDc1BwLURXVWd2TjRuVldKeXlnMklhWDlla3d3LXZPQ3UtbzFGMHlXdWQ2c0loSDRwbk90MWtzY0NQQmlBNUUzZk9idDlTTkJ1MXdJM3dybmpPLVMtdlRkVFR2Q1pGanlWa2ZGSG1nUFY4THJ2Q09nVi14Ym5hV0RYR09Oa0lfanM2WFJlWHgxT3VXTFdKa29qcEdwbDdqenJ2bkJwQXVNVllSRFhVX2hjOFljTzFXLWhQQ1I1Y1JCS1ZYQUst?oc=5,USA Today,2026-09-16,negative
DC Metro,Another Scorcher in Store for the DC Metro - The Well News,https://news.google.com/rss/articles/CBMihgFBVV95cUxNT1FZM09BbTBxcFhEMDlRRTZGcTNjdGxjQ3ZEa1RoX1UtWUxibE9fWHZhZmE4dGtxTGJ1NG5xWDdRQUZyRURMM3dtUDlfbF9tM2JraVNzcHNrQnByX3BhVFlYbTFyRHhTcmlQVlkzZjBHeHplVEhyb1cxcXZBRWRZR1hnNzNuQQ?oc=5,The Well News,2026-09-16,positive
DC Metro,Metro releases renderings of new train platform doors - wusa9.com,https://news.google.com/rss/articles/CBMi4AFBVV95cUxQVTgybV9jNm9jTlMxUnR3TXc3Y2VZT19fWEwyN09jYzdWcUo5ZkFxVk14MHBncVRoa0dFUk9sdFZqaHk2Z2dFZzRUMkFqTm1ld3RVblNfOVBaaHNqRWhpbENINngzSE56blpoeW05S1M1RWt0YktDMTU2MVRUMWJlWlM2Y0ZENmNmdTljVmwzM2FWdWltMmQyX2hiV3dmd3FLWjNxSjAtTzRsbzc5M0pGNTVDN0hVU0NtdFJhRlgxd1B3UkI4V2JmQ2R6b1RFdEhwSGlqNWV1NWQwUDJ1VThVdQ?oc=5,wusa9.com,2026-09-16,neutral
DC Metro,Metro rider recounts encounter with Patriot Front members in D.C. - PBS,https://news.google.com/rss/articles/CBMinwFBVV95cUxOX2dDN2JfeHoyWDhlc1Z2VWxaWGtRcEJab2FibWRHNnZsb2hDME1YVVgtU18xQnJKelNYdmxFclhJTWpLY3oxVU1rcWk2b19VRHBnQWhWUHl6dzNRRXl0dzlldEZJV25ydUxWVUR4SkFVWEh1RUlTT0ZXWWhRU0JiZlZvT2xRWG1xdDZXZTZFSm5ucGRKNlJCcWE4aWZqelU?oc=5,PBS,2026-09-16,neutral
DC Metro,Metro details Red Line upgrades and upcoming shutdowns - FOX 5 DC,https://news.google.com/rss/articles/CBMimAFBVV95cUxOVVRsSlNIWTZ1NTdpWHRVd05YRlZFMnpfaDhGbzdjWEdnTmpKSGpNTXAzd3AzMFVieTJrTk53Mlo3R3hxdkFvT1J0RTc3SF9kX2t3X21XX09pazg5cmNZaXRMTUd0YmVULThLendXNVoydjRvcnFJMXQzTC1MNExCNlU2RENITUVzWGE2akc1ckFMOGVMS2t0NNIBngFBVV95cUxOYnl3M3BFRXNmaVhuekxVUDhDZ0hnR084SDZ3TWxlcXQyRVdVYUNwSnRacmM3ZEYtaFVQZHlKWnZmWDRVd3NLaGUxNVN4Y1hBbjhjREg3cDhPREJ2eGJYSzA5NkQ2U25GV3BZWjlrRkQ2WUZvVThhV01CcXBiWHljQ1NZUm5QeldYR2FiY2V0WWlVanp5eTh4NjRLY0d6UQ?oc=5,FOX 5 DC,2026-09-16,neutral
DC Metro,50 Years of DC’s Iconic Metro - washingtonian.com,https://news.google.com/rss/articles/CBMic0FVX3lxTFBJZTdleXhOVUNuTlU4Vy00OGdRVW83NThLWHZDeG40Z25RZ1ByblFRaTRuNjJyaEhyRjZmOWtPVThKNGZ6dWNLeF9tb3RYby0zcUd6enh2YkRwQzhHRi1NRjU4U3p2UU16ZENKdG9WU2lKdXc?oc=5,washingtonian.com,2026-09-16,neutral
DC Metro,Morning Rain and Weekend Storms Hit DC Metro Region - suaragarut.id,https://news.google.com/rss/articles/CBMic0FVX3lxTFBUVzh1OVZoR2NfRWt2TFp4S3FVZW1MaUk5UjJwb0R5MWhtZk9KajhieHp3SzduMjgyQWE1Qmk5eE9uU1ZCOXBtazhyN2RJMF9aQ0J0QS1neU5IaUtmd3dRTldQNzNDSWM3QXVKQ2VEVnh1SXM?oc=5,suaragarut.id,2026-09-16,neutral
DC Metro,WMATA releases list of major disruptions to Metro lines in 2027 - wusa9.com,https://news.google.com/rss/articles/CBMixwFBVV95cUxOUEdtemJkdlhkeU1vbTJkRm05VWdRZWpCZ1ZDTmZKamZDRTFFV09DZXRvNFVfbG13dXljeDRvWk43bVdSY0lPRE5CelE5ak40NzN4RmNxSXFqOEhqNkF0eXd5YTFhSnVvcFYtVml1Z0xtUExJZmlkbFk3UW1xOGtMNHJ0UUk3UWxaM0s3SEkwV3c4Y25ETGh1eGstSDJNUzRjWVVSbVg3WndScmc4U0xTUHduTzhZNEVpVkpUT2lIamRCbkNFNmxv?oc=5,wusa9.com,2026-09-16,negative
DC Metro,The Transit Chief Who Made Metro Popular Again - Governing,https://news.google.com/rss/articles/CBMiiAFBVV95cUxPb3BpRWNTOWw2RVpIeHNVY19iSlpnalR6OFNjRDVkeUM0MWNGcVlHZDd5S3E4eDlPb18yVEh2NjJWcENocGRITjZGODRSb29RM0w0NkNkMVBfWDhVR29BQ3VYWjZrLWVyaXFPekw2eUdXOW42NTFOX1V4UFVoZ2g4bEthSUJHekht?oc=5,Governing,2026-09-16,positive
DC Metro,"DC, Metro have three weeks to finalize agreement for stadium deal - NBC4 Washington",https://news.google.com/rss/articles/CBMipAFBVV95cUxOeno3akdIZi1EU1kyaFhFWk9xN2lZdDN6eHNvS2RzLVlXSEstd0RXNFIzcU5jUWJ2VXVXQ3QxMVptQ0doNmlBQVlqLWhobndEZE83SDFDNUNad2phY2NfenR3MGdqSkh3SFBpbmdmRVdxUm9kQlJwNm0xaThDOVJTTW1obS1lWXBoWXNUSWk3THBxQ3lTRlNNTXB4ckVHVFRLYzVKa9IBrAFBVV95cUxOUTVwT2dwUlQ3RGlsU1l1STJUTEJnS043STRmNG5pSkZ3TFlnckxiaDg1SEVkakNZS256dHV5Y3M4VXc3RG1wRlVNR1BqT09kQnRnbVgzN3BDMzEtMWJJeFVvYWtvODhkWEhkT1h6MkZadm5tQzVaWDBpSGx6YjJMT0hUdTc4bTBrcktnWUZ0d3drYWlDUkJCVlRXS1BIODNXYlRJeEZuOTY4VHRZ?oc=5,NBC4 Washington,2026-09-16,positive
DC Metro,Metro hair toucher convicted on assault charge in DC - DC News Now,https://news.google.com/rss/articles/CBMirgFBVV95cUxPRTJUTk9ENmxzNjh2MWYzbEQzbWJuak5od2wyRURvRl9XN1J1UktiQmUycU9NRVB3WUxaQVRwYUt6VXh4aTZGekIydEpCeE81dGgxQUlKUkhtYXFVLU40RmQxTjlFcTNsV3RXaXl6T3I2ekU4bzBEWHFXcW1BVDRjQkpmYzBOMk13czhKT1FVRlhiYUNfSlM3SnNqbjNqNjdYeHN6QnRxN1V5NHBTMFHSAbMBQVVfeXFMTi01Qkx4c19ReFAwYWNpUExOMElDNmpyMHhfQW5TT0kwOVpxaEJMbXEweHlHek5PNlJBajR0bFZpUjZrNzRJOUlhZzdQZVhMNU1QZFNHZEs4cWRvN2dOTVJMTUxDMHVTX0VjLTZiQlBKODA1WExkbWt3MUpLZC1CU0ZTcFRxX3RIbE1TblI0RlRBTW9wYlRROTlYMWQ0b0NBOGhTZ0paNUVQRVFoa000bVZvaGc?oc=5,DC News Now,2026-09-16,negative
DC Metro,Using Metro to Get to AMCHP 2026 - AMCHP,https://news.google.com/rss/articles/CBMib0FVX3lxTE16NUxSeGJadmIzbFdCU3d3S0w4QUg4NWRwZ25FYkFhWDhGZjJIbDhFZFJ2djluQ3lodVJ4b2NtT3pNYktFMmlFZFJZMjlON2FHS3NKZkZWSC1rLW95am9vMy1taUJOLVZCWE5TLVR6aw?oc=5,AMCHP,2026-09-16,neutral
DC Metro,Pardoned Jan. 6 rioter sentenced for DC Metro assault - FOX 5 DC,https://news.google.com/rss/articles/CBMimAFBVV95cUxNQWswRU1peE5BdUNHTUJpckNmajRIbnAtQWgtbHQwYVpuSG9rUGhEYlZYVUFQU19zTUJkaUNSZlVOQXVXUGRQVE5FU1JqdThqaTgtODVJTF81SkRjNnUzOGNhYS02V25ZWG5BeWFjZDBXeTB2Rk5JdVU1eUE5Wmp0LTJNY2hRSGxJSlI3RG5OdWJZZTBLS2kycNIBngFBVV95cUxNWHNwa1hlUFRiWXZDa25QNDUzZWhUQ2VNU1UtdnFkRmI1NlFuSFd4ZWRlcDd3VS1IOFJzWS1IMHp6UnV6czFGckc1a1RXODFpZTJNaEsybVdsX2h1SkJjTGJpdkh2MUVDVmJsNmFOaUE4SmhZV3pxYi1zQnJNTGVLTVhWX1NEWE5DcUV5elBXenZnSTZuWmp0YmFseEc3QQ?oc=5,FOX 5 DC,2026-09-16,negative
DC Metro,"Chart of the week: D.C. metro area population growth under 1 percent in 2025, lagging lower-cost peers - D.C. Policy Center",https://news.google.com/rss/articles/CBMirwFBVV95cUxPeUU1Wkd2TWZXTlBOZHhmMVlGYlliaGVzRnJrZGpzWjdTZFlCU2Fscm1URFo1eGE3eUxzY1E1Yk9NY3BwSG9qaU5ZYWVxZWxjTFpHbUgwWFBxeUtHclRCQmZZX3hpUTBONTNwaGNudm1kM0pxNVZUVk5pNUhmVk1KTWtfenpqazlJdjJTYnE1VXJoUUdNdnVaS0R3WVlvVHpKSzFJNU9mNnpqUTZBNkgw?oc=5,D.C. Policy Center,2026-09-16,neutral
DC Metro,DC Metro faces sweltering heat and humidity through midweek - Yahoo,https://news.google.com/rss/articles/CBMimgFBVV95cUxPbTFaMWctSGJuM1lJeGdiOXFiS3otT2Z2Wm9yX0dybzhUVFZVVngySmVxZ0FialJGUHRwaWt6YjZHQVg5dUV2VmpzR29YQXNHNzRsODhIZDdzU09pVUxlSmF6YlFOWkU4R3NsXzBTMUlPQ1BTeTcxaXVmTUhQMC04c2R2YXNqN2F3WlU4eW9PZVJpSG5KemFiT3VB?oc=5,Yahoo,2026-09-16,neutral
DC Metro,DC’s Metro Wants to Install Platform Doors and Run Fully Automated Trains - washingtonian.com,https://news.google.com/rss/articles/CBMirwFBVV95cUxQRWhwZzVDeFZHRlhJYV8zclgtSGRLQWg5SDU3cG1aN1ZWdWIxcXpDWGRGQ0dTS0RuVnFOYktiMlFOc25oNHdyakZ5ODlOSzhUQkdxUko2Y0ZSV051TmNVSHI2YkU5a2F4OE00Ti13UWZ4QXJKS29LTVRURHB3R085MWkxY0FQaDhaUllEQ3N3bTh4NUhWd1hHbU9zOU5WMGRVYU1wdVBjT3dWajlSY3dj?oc=5,washingtonian.com,2026-09-16,neutral
DC Metro,Skip The Drive: Free Bus Connects Annapolis To DC Metro - Patch,https://news.google.com/rss/articles/CBMijAFBVV95cUxPRTU3WlNVNGxONFBudTMzd3drc0JvMUtMVjZCUTRwbktTTHRyYzV3NVRrWktiR2FxT0F1dXRpaG5LUW1zdmJscUU2QVRZMXpraF9yRm1QV0RwOTBTRmZ1QW1tYjU3eUtycFVIMXEyVGJfdFVtQWo2ZU5IbjdLZ0taSXMxMVNkX3Z0Y2RBeQ?oc=5,Patch,2026-09-16,positive
DC Metro,The DC metro area is getting its first en-route electric bus chargers - electrek.co,https://news.google.com/rss/articles/CBMiowFBVV95cUxPT1hQc0RYTUxMREt2VmMyOUxDOGFKQ01xTXVMRlJkWFNVUGI5YzNRZ2RZR0QxZVRtS1RUZnNjeW1rdjJxQy1rZVpDSEd6Ui12V2VDMzRLMkllRUtvT3lPd3RUczFyVFhKam5ROHlTWGJ5QWthSjNWWEs4U1NIdUVWZ2pnNkdJU3JCbWhpTzZKRzhtbERvWURzcnZHOTl4NjNCb3dF?oc=5,electrek.co,2026-09-16,neutral
DC Metro,Family Details 6-Day Nightmare After Son with Down Syndrome Was Found Trapped in D.C. Metro Station: Lawsuit - people.com,https://news.google.com/rss/articles/CBMizgFBVV95cUxPZnNPQmd3UGFmVzhFZGxRYV81cVZ3T2l2Q2hSa1V0NDFXSHZ1Yi11bmRvcWtXdmI0bHJkNWx5UlF5TTdmc0oxWGRheGp6R1dvQWVqTDNoLUZnVnVfdjNCOUJiTm1xeWpGTTlpVmJZeDhWTlAyalFibmN1TklBYU16SjhCUDRVc0t5U3QtQjVVMkhrWmZORFdqcDhaQ25BOXVLVm5vWUFDcDNKWjY5X1RCMjFYMlhaYzFWS2FHc1llRWUxUV9Zb0JRMEU1MXRHZw?oc=5,people.com,2026-09-16,negative
DC Metro,Red line shutdown begins Monday between North Bethesda and Friendship Heights - FOX 5 DC,https://news.google.com/rss/articles/CBMiowFBVV95cUxNZVUtT29hdnBoNzU0ODRBbi1HS2drSm92clRqaXc3ZWlBTEZ2ZTVGUTlxNllrRW4ydThfM0lldW1zV0QwTWZpVTFuMDY5dTZhbXVBYkpMLU1ZQVowQy1JZnVFNUtlQkR0Y2xFcXlqdm1wbi1BV28zeVlMUnV2MmFDczZtenk0c3NhVVQ5LWtpcHR2RGZYV05QVFlvNUU2QzkxYmpB0gGoAUFVX3lxTFBrZ1F6NVdfOWxHd3IxaFl6TU4xOTI4VWczVUlkX21ic252d2I3Yk1mNXJncFM2NnJaOV9USnhjT0E0RFg4TU1kRk5VYUQycXM2Y2hYTGlpRHItZjdnUm13MG1aeGkxMmcwQ3NvZHRSOVdhWDJuNGxHOWo3NGktNFQ2QTRxYVFHSTJBR2FHMFFoQ2hUdXFBNVE0bWZWQ1VlM1VmczFCaldOOA?oc=5,FOX 5 DC,2026-09-16,positive
DC Metro,They Wore Masks on this 250th. She Didn't Need One. - Civil War Memory,https://news.google.com/rss/articles/CBMid0FVX3lxTE9nSHJhTWlVUzNUQjdwQzJjVVpTU1lXSmtiZU0yU3ZqcG8yakx1S0hfbUxNTm9XMkxBZEZRS1ZIVkp0VWY5eTM1dmdRWFhBc0VHdGdsMXhqVXRWNUFmRnRieVNBbnBTci1aSUFjSm1GZHhsWEFpb0Z3?oc=5,Civil War Memory,2026-09-16,negative
DC Metro,"Metro announces upcoming service updates for bus, rail - DC News Now",https://news.google.com/rss/articles/CBMirwFBVV95cUxNcThWMjR5aVVhdW5xTGN1UGhKVnRyOGtiT0RmM0w4VDNFODJ3MldPTzVtNFNXQ0FBcTdMM0JSdnhtc1FVeTVNWVI4cDJ6MVVFcFRmOXd1LU9WUy1hQVZjZG1tUHdNaDJmNzFBQzZzdGVBMEZDUEZmdFJEa0pITFlQNzFjWUQ4NnRQWUpoRWV4aURiVkZxdDA1NXIzRWJDdFRIWHViV1UzLUxhc1otSFlr0gG0AUFVX3lxTFAwRWRabnI0WEVUUDk1T2pDVGNBLVBsUGpuY1FNT0hMTmI2Mm1oTmlNaGZfcUdIdGJjOWQ5bm5aS2ptbDRlTE0yV0ZjVEx0QVl4NXhIMzFWSkxTNlhTeS04Zkd3VW5OV19FNjlPSDRlTDRuM2wzdk5mMFpweVpxOWlIanNkNENjMk1oOW5CVkQtZ0VuZlJ1a2RWQVFkblhEMXUya1QwQllFNTlaSl8xeklCTVBjRw?oc=5,DC News Now,2026-09-16,neutral
DC Metro,The Photo of the Woman on the Metro Was Powerful. Was It Also Exploitative? - washingtonsun.com,https://news.google.com/rss/articles/CBMirAFBVV95cUxPa1ctblB3UGtTbzZhWUFiX1k5akpTejhnQ3BjYTNQdHFiOWhHR09nbHdTVHlIMmFSNXhOWEN0ZDhtUjhqRTFEaTlCTGlMMzZyaUtkX3NHZ1JMcmZIV0RkYzY0Q1BnZlNwRkFaUkNBNEhueVFOb1Y0Y3k2Y2lHYUtKZFI3N3NyRWRxcFhWeW5SSkVKeVB2bEliUEZCZjAyTk1MLXMyMzJsUXhmbDB6?oc=5,washingtonsun.com,2026-09-16,positive
DC Metro,Red Line shutdown begins July 6 as commuters brace for major summer disruptions - FOX 5 DC,https://news.google.com/rss/articles/CBMiogFBVV95cUxOaHNnQk5ULXhWM1BVU0VrQUh5bU1pRmdQN2tRZUdSODFpc3lBUFZ5UmdRV24wbVBkZzFoRWlYcW15OV92S2diVWVYSWtkX1d5cDV6ZllzSlFFc0FTQ1BOU1ZIbjZ0V0xkYmlLc2JkRmc5UmhLTDN1em1kTWNLLVdxa0FYYkJjLUE0WDZuZDJ0TFJUU3Boc3lnUnlQWnNvZng1RFHSAacBQVVfeXFMUEZtWXh6VmtEWktUN29JSjVsN05lbnZNTXh4b0pzOVhjbTlLMHItSmFqWGIzbmQ3QTF2b3JoS3JzOTEtQnlsQmZrc2NCUUxiTEZydWhwVkZXbDJYNVk0aHMxZWhhN2tMcjkyVnhZSnJNQTh0V3oyTm1WemNCRzUtNTRXcVUzXzZNSTJWTkl4OU1kSG9YSkRNVXBheEJxR1AtV1JjdjVCLXc?oc=5,FOX 5 DC,2026-09-16,negative
DC Metro,"‘Step Back, Doors Closing’: A Renewed Metro at 50 - The Georgetowner",https://news.google.com/rss/articles/CBMilgFBVV95cUxPRC10Q294Y3ppQUNBckx0UjlUMDBIVkM3amV6b0VaS3JFZDBGSGN3cUJHYWUxWjBVRi10TXhvZmxwdXE2RFZuRU5GeTRudENpTHFLb0NuRTg0NzF5bUtVRTFkZHpFT205VUhwWWlhdThOSGFWU0xnZmNFS1RCZi1WX2ZQeUloejdUNnRfTVNkTWc4ZTJiZUE?oc=5,The Georgetowner,2026-09-16,neutral
DC Metro,DC Metro rider describes encounter as Patriot Front boarded his train - WTOP News,https://news.google.com/rss/articles/CBMimwFBVV95cUxNU3FNRlZYT0k2a2c1WGtiM0c3QUdzRmI3bXpsY0ZGZm94czg2WVVwVllrWHBMQUV5TFpCVVJDQWhZLURFcC1YRWhISDd1dkdxY2h5ZmlFSWNNOVVrZnE0MzFRQkE0UnpEc3lRaS14VUhsS1FwX21oWm1ETEV3R19LX1FRSU9RX2hkTlZyX0tvMUpTeHdJNUNlZnZhRQ?oc=5,WTOP News,2026-09-16,neutral
DC Metro,Animal rights nonprofit group PETA sues DC Metro over refusal to run ads - washingtonexaminer.com,https://news.google.com/rss/articles/CBMiogFBVV95cUxQRUU0TW5PWXQ4S01PSTdNWGJRWjlOSzRKaXRqdkRnMzZ6X3hMN3Q2QWZhVDBTbzhGQUxvUG9qczNnT3BnTnRpSEhHVDBYLVdwT051MzcxVzBMbDlXSktEeFdhTS10dnVnUG1kR19nYk9sdTk2bkhrbkhIYTNLNWxSXzZ4aVFOUW90QVhWdEJlakk4M3B2bEtKT05YUmVaMXkzSEE?oc=5,washingtonexaminer.com,2026-09-16,neutral
DC Metro,"One family, four generations with DC Metro - FOX 5 DC",https://news.google.com/rss/articles/CBMib0FVX3lxTE1DVENWNWZYV3psSUFrWVMxQUUxMFVUdEhjZ2JPRXlUYmhOdGxQa2lUX19vbjYwZVRvaDBQUEl1bmVOeVNHVEltWFVDRTNVVDlzQ0dNamR6d1hrMGVfVTlFRUhxUVBGeTdHS2h6eC00a9IBdEFVX3lxTE9Kb21yczQwY1RTMmtySTRNUzFKTEVJOC1DNVoyNmVQcS1qVkxZRi1SR3hzVk1fQzFCN2k5eWtieWFTMW8wNFhlY215VDZCOFdhMXlXLWU2aU9aUlZsbXhsVG53bHczMWVPQVRlVTVfZFFHbkNB?oc=5,FOX 5 DC,2026-09-16,neutral
DC Metro,DC Weather: August begins with unsettled weather - WJLA,https://news.google.com/rss/articles/CBMixgJBVV95cUxQdG1JRE0xQTN0X1JQby16V0l1NUg1cEtXZ2t2SWJJdWgySS12cWFBZnJCZ0FISXlncG95YmEtUFl6Z3lrb2pmcnNRWXRjTlFEMjhiV3VWbndxd3I0bmJVUzQzVG14bnlsZ3pBRDUtTlNjWUVZbXZHM0RvN0lYbXZFVkQ0eHk1TTVlWGE4WWtRdnRzSXVGa3hZV3h1TEpMQlQ1T1hBU3U0RW5yc3BfbkJ6cW5IWXpMdFVITHdtSjZSNFJkWEd1UkhPY3F6clktaTNGWjRkRGFLSThtdVNsWHZ2NnJJOWtrSlFWaVdmc0FYb3FDRi05dEozX1BfUlI1N2Jjd0VGVGhzNUdTcFI0OXNhU0NfVGV1Nm9tM29TeVg1TUpwLVAzM3F2a0hPX0VYcVlpTTV5VG0tVnc3X1ktWktmemVQd0pyZw?oc=5,WJLA,2026-09-16,negative
DC Metro,Georgetown To RFK On A New Gold Line? - dc.urbanturf.com,https://news.google.com/rss/articles/CBMiiAFBVV95cUxPekcySmNBR001WHRQRmQ4TzhSX0hXbXY0S0Z5MHIyTFItX2dXUi1Jd2VJSzVtWkplcGNvVWtkN0w2endvTWk0dmV6RXZHaUZEeWdaM1R5Ni1QXzFqOWQ1TUktb05pSGt2dHd1d3Job212NlVNYzlmUWZhUFdRcVJPVzFLNG9CTVcz?oc=5,dc.urbanturf.com,2026-09-16,neutral
DC Metro,'Does pose a threat'| Metro hair toucher receives maximum sentence of 180 days in jail - wusa9.com,https://news.google.com/rss/articles/CBMi4gFBVV95cUxNR2MwX09yR0k4SmNOMmNBLU1mNjN0dUFKV1FpLV9LbEdvUVUxczlKVUdHdF9OckFiLThtdU54RUpJVVZtRUhub1dSR3NPX2dDYnFrTzRrd1VJVlN5em1OdF9NeTRkOGxrR3k4cS1OOGF2SjZMZEVNWm1DQkFJSXhOX1BWNTJlX3lKcXlPcUgzaE9zdU53SHhvcld3aGdXU2N0RVpId2twZHZkOGNhOUVYZjMtYVNMR0Fqak1Sbl9SUnl5bTBkLXhEV0hhZzNnSUNEMTV5ODBBSnhMMzVhT2hoRWx3?oc=5,wusa9.com,2026-09-16,negative
DC Metro,"The Woman in the Photo Wanted to Be Alone. Instead, She Went Viral. - washingtonsun.com",https://news.google.com/rss/articles/CBMiggFBVV95cUxOdGkzOWdUbGU2cTJQM2w5bjNuVkQydXoyYzZmbFZJU3dqZUluMWR0YVNkRmJyeGNOS21BS2FYWXRXSTVFd3BKYWpyUmZUc3EzRjhtd0FIOG5KWnlQZ2hycURJYWNqVnVTSmpadC1PeFhDWkduNVZhd0JtTkVJdC1Ra3p3?oc=5,washingtonsun.com,2026-09-16,negative
MBTA,Buses Keep Getting Pokier As Wu Administration Policies Increase Congestion - Streetsblog Massachusetts,https://news.google.com/rss/articles/CBMitgFBVV95cUxQRGttdEI2b3pYUHU3ZlNrR3ZRbEh6WDdNUlU1UTNkcVZyRXdjYmFUUG1ndE9Nek0weFEzT3hNRE13dGRGdHdUcTI1Z1NHZW1XSHktZ0Q5NE51STdqcHNJUWFfaFpJcGkwTms2OUJPZGtmVThXd3VsaXg5YVl0QVJYb1A3N3FOWl92YVBrNzg3YlRSaFNPOElqbWJlOW1ISVJ3Q1R5eGFCMmpUQ2lOMUZFRlU5UWxLQQ?oc=5,Streetsblog Massachusetts,2026-09-16,positive
MBTA,Report magnifies ‘time lost’ aboard slowest MBTA buses - CommonWealth Beacon,https://news.google.com/rss/articles/CBMioAFBVV95cUxPT2syWGR1aktNdzhISVBuamo4Q1NVSjhnMkpCSVFvZm1PRGwtNGZKbkl0dGljenhZNmpQNllxd0IwaWpCYkVPQXhSSWc0VFVPOHpvS2d0YWktU21HQ0Y0UHBWZy0wRlJFN1BXRGlFNnU3cGxpdkZEZTJXMFJYZ0ttdGVjZUh4LVNvV2ZyQ3cwVjNyX0stMy16WDNTWVF2LUJ2?oc=5,CommonWealth Beacon,2026-09-16,neutral
MBTA,MBTA bus slams into cars after driver suffers apparent medical emergency in Medford - CBS News,https://news.google.com/rss/articles/CBMid0FVX3lxTE12WG1SZk9fa1B6d00zZWpGZlhDTHBGOC11TkxMVXR0Mkl1TGROeUhKWmh4S3FuNkpSMFV6Tjc5R0E5UExUQ3VINmM3Q2RQZ3lrazVBZW1NTlBEajR2OHdKWG9LUERLZjVLQldOR0xOVWZQZjFZbWFN?oc=5,CBS News,2026-09-16,negative
MBTA,MBTA employee details discrimination in state complaint - The Boston Globe,https://news.google.com/rss/articles/CBMilwFBVV95cUxPTlh3a3RfcGltcGxrcjlnRU40bFNPWkk2Y2p4a2ZWSjFaR2h1RkgyZXdTdlR1Ry1GRTBPQmRwbHo4TXR2WmZybVJSc3lua00yaUk3U0g5a01fUVRGVm5VaVVBM2ZsQlRYSkE0YXowc2o1LVlzdDJEVWh3SG1fR1ZpZXdPTHVNWjhORHA5SDdUSjJ3UmVNVVVz?oc=5,The Boston Globe,2026-09-16,negative
MBTA,MBTA bus leaves trail of destruction after plowing into cars on Fellsway in Medford - Boston 25 News,https://news.google.com/rss/articles/CBMi2AFBVV95cUxOTjRtb1hrdGpqVUpXN1pZLWpBaTMzV09mdTU2ZVhQVUVCNnVpX1k3b2xlUHZ1R0NpbFVSb1J1WXJ2aUtoaUNZenNkM2ZpaERpTldXanQ1Z2RKWGxTcWdfVlJNS2dFS1RjRUtBd0VLYnMxTGJsWGluamlHWjl5ZjR2VE9yd2pqZVkxaVktdThUM05rLXBsSlRvNFZiRTdGTnY3aUdhclZabGVfdldlTktxY2FEYTVDbEIwQlpsSlNjbTdpbXY4aEJyYU1GZmV0QThUX2c0U1Z6MnPSAewBQVVfeXFMT2dHalFtcjJZSlJiTGw0azQ4cWRnbnFzdEtjT2NUY3RURFJ5MlRqV2VIeTJwbkYwSXdNbDFSekxrQmV1aFMyT0h0M1FRVnJsZjFIYmZLMlROUklzY0ZZTmJfMmV6YUdBQWw1V0NWR3lrWGl3VlhnX21Ob1VxR3dWR05DQTBZVF9QOENHYUlJbmZleTlKQzVLWDRjZTN4T0NUUzNNYzhDZXRVeXFpamZITWhheGMwci1GMmdwZFQ4SjFtcVZxcmhac0lOV2pvbEk3Z1JYdXFSYXYydTVaTlBnSXBveUpHUEZnRUh5MmI?oc=5,Boston 25 News,2026-09-16,negative
MBTA,"MBTA bus driver involved in Medford crash had medical emergency, officials say - NBC Boston",https://news.google.com/rss/articles/CBMid0FVX3lxTE9PbWlXRjgyQXJTN3pRSGdpRGZWbTEtd044TmU5Q0dpMUVEc2x1cU1XZElQTHgxQVM5ak83dWFTRkxGcVVNR1lLRC05bDFhREhqcW9PczhYNzFxLXd3SGdlT0lkcmpGMXlQd2ppS2NwUWFxZnpCejBZ0gF_QVVfeXFMTllzbGZCdFE1VmVuZ1c0b1Y0N3UwVFFzb1R0T0tvOWJlUnhtVWNjUFREQWtINEFQbkxqZjRRQUQtaTdoajk3ckNFYkREMDgxbXhWcDFJRVVfUDIxNWFvbU9ral9FUWR4eUNFai1ZYnVDaldMZnhhYmFnbkY0T0c4TQ?oc=5,NBC Boston,2026-09-16,negative
MBTA,MBTA bus driver suffered medical emergency before crash at red light in Medford - WCVB,https://news.google.com/rss/articles/CBMisgFBVV95cUxPUFJqdHZwXzZFRkpURkhERm9va1lRMklwc3Z5SEpPNlpJSnpaLXN6SlNNWXEycjQ3aEhjM2ZFNnhBQ2xfWjhiZ0JuRTcxNlZ6VnNtRXNGVkU3R1dsNU4yYzBhem96U3pGV0huSHRVMTIxNXRwdmUzQlpMaE1vbXBZSGo4WWRvWW5DVGVROXFGamRadEM2TjRIS19pUUQ5Vy1yWGFvanJpT21kT3BWTDBKTGxn?oc=5,WCVB,2026-09-16,negative
MBTA,"An MBTA bus slammed into six cars on Medford’s busy Fellsway West on Thursday, leaving a trail of destruction and prompting a massive emergency response. - facebook.com",https://news.google.com/rss/articles/CBMi2gFBVV95cUxPT2VDbEtCZDMwU25GQ0ExcVBkS2ZjOGJBclhyNS0zWUFDNGxwNzUyN2xYLTRReWN5LWpiZWRWZXdxSmZYakZURmlwcDBod0FLMllOaS1vdGQ3Zk1sYlo2eTdGc1JNcWoyYXZ3eVZqQ094TVZtNmFvVjRNN1laUDJYU2gxUjNCSGpITTdXTnJ0NTFGWEtSV1RndU9NS3VDeUdyVkUzUGVLT1ZIaVg4eVRDekp1ZkdHQ3FGc19LdGd2XzF4QWJRdXI3WVVHVjVyU3JndzNkX1lLWFUzUQ?oc=5,facebook.com,2026-09-16,negative
MBTA,"MBTA Draw One Bridge Project to Support 15,600 Jobs, Expand Rail Capacity - aptapassengertransport.com",https://news.google.com/rss/articles/CBMiqwFBVV95cUxQcTRGQjJORkFMbG9obVJ4bkZwU3VETmh5V1hvS0QwX0pKLU53TmRLcFVMMDNXdG1CdkRTbUxaaVF0ZnpIY1B6X2xnN0sxM3dfSFJSYTRITjUtUFJaaEVBRndmclB3SjdoUUE3U1M3NWVIZmpGMUg4bGw4VmdvLTRSVnZQa0NlaWFlMTVXWXZiUVpBNUxTNFhPd1VZeXVETm82ajIzVThTbVkzUkE?oc=5,aptapassengertransport.com,2026-09-16,positive
MBTA,"MBTA bus involved in major crash in Medford - Boston News, Weather, Sports - WHDH",https://news.google.com/rss/articles/CBMidEFVX3lxTE5FOHFrX1RxUlBhVGkzVDNiNHZydnpXaDhuSVlZMnB6T0IydXpUeHQ0WHRTLTlZQ1lWWkVXeDJGc0NmSEtKemtkTjZqeXZjNkk2TWVXbXlHNnZXaWxDQXJOZjNuRHpVNTVkdm01Um9UN255Um40?oc=5,WHDH,2026-09-16,negative
MBTA,"City of Boston, MBTA Release Updated Design Proposal for Transformative Blue Hill Avenue Project - Boston.gov",https://news.google.com/rss/articles/CBMitwFBVV95cUxQX2N3eGNWT1hNa0l6RzhUWVcyakphZWduZ29mZ01oUGp1NUhkWHVrWC05VWg5ZGwxNHJmZndmdXJWaWFtbnJhLTVNcTdjTEJFNkljM3A2VGxScUhBZG4yM0NOOVJRYUpIVGpseTRNMDVXNWFJV0RlS3NaXzR2ZXNLVGgwTkR4Ml94aFY1X0JOMkhtY2xLNHdqa29GVF9oVm13amo4SmJXVUQ3YlRkNUdnWWVUM3F4WUU?oc=5,Boston.gov,2026-09-16,neutral
MBTA,"MBTA bus driver, two others hospitalized in Medford collision - MassLive.com",https://news.google.com/rss/articles/CBMipgFBVV95cUxOVVhjR0NsOVVaNmM4NDdxQ0Y3aHVJZHRIWHVyTFZad0NnanZSR2xDVVhEQS1NZDBraVgwelM3ZmlneTJiUWRJYmppMi1uWUtINmVSN3BKeHFiWHBFanlNLV9sRWo4U3NxeU9hQ0ZzZ2U2ZGVuZHI0MWNZXy1pdVBvaW12bGVWYzE1b0gzZEU1clZWUHZXSVhTNkpMQnZ5dUp0d1JmVTJR0gG6AUFVX3lxTFBPNzJzR1IxU3ZvU1paN0tRVFRhazZ6emVvVnpMeDdlcHpDajZPQ2U4V05Wal91SVZPRHlKNXhUQ3hxZ3Mxb0E4ZTk2U19pcFJLYTdqUjh1RThlSlRuRE0xcGJOZWdGNXFoTmoxelF3ZEFwZm9wSVdRNlBDWlo0NFN1SWE1dFNabkk1c2pkWEF2UWFaTlB1c1l2UmRNOVRPVllWTmtNd05MWGdXS3JoZXk5Q3E2OHQ1WmwzQQ?oc=5,MassLive.com,2026-09-16,negative
MBTA,"An Amtrak train struck and killed a trespassing pedestrian in Sharon, officials say - Boston.com",https://news.google.com/rss/articles/CBMiekFVX3lxTFBkUHVSZGltLUtpalRJV2lQOHYxSU5hSVZiX2tjQXVfZlNDaExmM1hxRy1aSDM4Q2JXWjZZOFNQTFNlSzYxYTdidWc5UGJzTTI1X04yaERBQkIxOUtNUjNINGh1c1lTY3dUd09fQnBYSEFmb2JPS1RzV2xR?oc=5,Boston.com,2026-09-16,negative
MBTA,MBTA Bus route changes on the 220 and 222 are coming - weymouth.ma.us,https://news.google.com/rss/articles/CBMiYkFVX3lxTE0zNkFwSkUteE9CRDloNG5OTldIZUNNY0tNWnVCNnlHNnk0ejV6QldMRVE5Z19BWjhYYVhzOE5GUGQyNGR2ZzJVQjA5bTE2TzRGdmpBYUVVYm5jZzZjNlREczB3?oc=5,weymouth.ma.us,2026-09-16,neutral
MBTA,3 Hospitalized After MBTA Bus Crashes Onto Lawn In Medford - Patch,https://news.google.com/rss/articles/CBMioAFBVV95cUxObFdMTGdRdV9HLUpFdXpjNVREOExiZUhZYjNBTUg2c0VQOWZZODgwN0hSNVJ5LXk3Vk5tbk9KTDFJSlBMeFltQ2ZRdnNtcHctcDN0WEN4dkx5SzNvNjNtQmpYOE0xalRfNlN2dXAtcS1lRllWT2RFVjJ2VnZDQkpfLXhVWHlQRFFCMUVJUkJmMmlRc0hwTUJuZWRpdjhZWXA10gGwAUFVX3lxTFAzc28wT3hpclRyVGhLeEs2SG85bjdSc2tGMXJKYWRKQmdDR2F2TmFhMnJIRGtTVGtqbklCN1VYck50eGhwYUxCbGIzTmREOWozUl9Ib0xuN04tQnNOZVBpZ0dSd0tMTTN6ZmNicGQtemFETjZWZHJXek8wSVhnLThzbll3TFdZZERqdHQzM0pfQ2hXU2UxMkE1ZHJfaGdNRXU3T29OeTAtMUxQdWttOUlE?oc=5,Patch,2026-09-16,neutral
MBTA,MBTA Making Moves in Medford As Part of the Bus Network Redesign - Streetsblog Massachusetts,https://news.google.com/rss/articles/CBMipwFBVV95cUxPcnZLMHVWb1J1ck1xMkZvV05fM1E0emg0ZEE2cEpRMzJMdnBTdnoyMHQ3NHN6Z3NRNGxXbDdRUDBBdnRoamlqOWtoY2xYSFROc2lJMmp2SWxuc1hJQWlobUdFakdJMlBaNkxlRWlIdlJnYlhJR2hnMGxjYzgxYTU5SnhzXzFjZlkxWDhoeTdLM1VOLWp2cnZKSHF5U0YzSDFHTmJPMVdLWQ?oc=5,Streetsblog Massachusetts,2026-09-16,neutral
MBTA,MBTA alert: Fire activity at Boston station prompts termination of commuter rail train - Boston 25 News,https://news.google.com/rss/articles/CBMi4AFBVV95cUxPb0pmY1VrV211RXd6alRZby1feUtOSC1IRk5ueEZUS3p4TUJVVjZMLUl5Y2JhamdiUlc1UDdyeEJGbC1CbEFabXpzZmRfTG9SQTBqdGFmZnV1V3FhY05NbW9yRjExN0M3al9RcGZvcEx3LXVkR0FGTVhZTzVtQ2JUNHBiaTVrUkJGVDRjOXVUS01GUFhCRUJrTTF0d01XUnpuTjhRLVFFQjZaV2NEdHRYVFJwSEpRV3B3VDF5UzRHS3pObXhod0JRU2JJaElIOV9qVzJUMTd1VUpDTGJsQzUyeNIB9AFBVV95cUxQSVZJZ0RqTUpmZjN1SGNzNURjM3paeGlyelJ5MXB3a20zQlFkSE9XSU1WeE5zTFNxRkEzTm1oYUlBdF96SXo5OTJJWl9zcVA2RkpjdHgxcS12VTdjTHJpcXVwXy1WSXFycHpDOUhxS2cxTDYwQm5EdXFlOFprQWxyajhnQ2pzQm5mTDBsTzJWUjNMTEVvdDdQUURsSHdyczJNRG85XzJPSmJDb3IxcnMwOS1oQUJNdmpGMTczVlRTSlc0RU8zaFgwVTd2aGlDTlRPMlNEM044X0piS3VhemZuUVdGRXdMTDJiU0ZlZEZBN2RUV0lh?oc=5,Boston 25 News,2026-09-16,negative
MBTA,Pedestrian killed by train in Sharon - NBC Boston,https://news.google.com/rss/articles/CBMiigFBVV95cUxOc1FCUTNRalRGaGV1LXpMNUNuOXVMaXFZdmxaeUNsT3RsNTQzejZkSko1U3Z6NkE2WDJLQmdrOGRLZzk2SGNxMWR3V0QzVnVZQ20yb3ROV21KLVQxdlhHWk8tX2lsTzFvM1hlT2hmTHpsLTRCUC1GY0lSWUVYWmF4OTdDLUdwZVJ6cHfSAZIBQVVfeXFMTXZhSndaWUVwSk52bmc4WUZOemFtOHk2VzVjWmpRUXVWNWxwVHdwRmQ0ZXVDVjhNLXF3UWdNdHR4cHNrRTl1V0VRMTBlZmlHYUlCSGdLcDRwczlKSnpPc0w1V1JpMV9pN2ZuSEh1bnJSV3BGTHZOd1M0Z3F4MmNwVDh4elBSWDNNVldYaUFIODQ5V0E?oc=5,NBC Boston,2026-09-16,negative
MBTA,Teen's Third Rail Death Comes As MBTA Moves Ahead With Platform Screen Door Pilot Program - Streetsblog Massachusetts,https://news.google.com/rss/articles/CBMixwFBVV95cUxOcXVFbWRnakVfV2xCZHpYdDZqQ1VUWVV5Zkw0aUhQdmdBRU9vSEpsaFplMHdzbC1aMDRRZWpEd0JTTUxGZXpkd1p2MTBieUl1NHVWaS1mcTA2QnhOOVhfMVJzdHAxQS1tODB5WjVsV0p4dnZ4YTREZnROX2QxTGNuaUdSdzZpZmxoV1d3UkZIWFloZkpleGxYLWxCNEZGNlhiZjYwRktMNXFBZXdYTjdTYktMVnJRZ2FFOUNEX05Nb3pyV3FNcVRJ?oc=5,Streetsblog Massachusetts,2026-09-16,negative
MBTA,19-year-old dies after falling on third rail at Forest Hills MBTA station - NBC Boston,https://news.google.com/rss/articles/CBMihwFBVV95cUxNdGFTeDdSMm12UDhLRzFCemx1TzJnUGc2S3VVT0hsOXJQZFp4TkFfYS1PMFZMNVNZVjZsZTN6SlhZWncxY2F4NTdZQktfX2hHNGNsd1EycXJ4YWJ5NlREX045UUZOalZRblNoQlFkOVVYYkIzNm8wZC1wX1lsZ1FRaUotcUVTN2fSAY8BQVVfeXFMUGVqWnRjdERjRG5oalhXYTkzUWhxMUNfaXYySXVhYTk5TjJZY1FIVFI3by1DOWF3WDJlb0F2MUxjRkFZT0VDOWtCNC1DNHJCQ1Q3ZkJqSG5jMTJwYkh2cm55NmdzZUxWWVFzVVk3anlLNS1xQXNFQjNXRVAxR3R4cGFxN3lJbHJWUGxDSXdxNzA?oc=5,NBC Boston,2026-09-16,negative
MBTA,MBTA introduces fourth heritage locomotive - trains.com,https://news.google.com/rss/articles/CBMimAFBVV95cUxPVV9FNHJJdHpkcVhvVGcxZTFhSnNyczVSc2Q4SVZmbmRWdFJUZlZXaTNFVHJERW00Uks1blk0Zjl2Q0JKVTNFNmtRSXpadU1ZNjl0dmZNaVBoVDR5bDdFZ3R5QllqQ1RfWFFaX01nTFU1dWR0eGxOc1lmUThGSE9KTHRCNy1oZzhPeUFmM1dMendmMmt0NDJFVQ?oc=5,trains.com,2026-09-16,neutral
MBTA,The T put high-tech fare gates at South Station. Some can't be used when it rains - WBUR,https://news.google.com/rss/articles/CBMifkFVX3lxTE5URHU0TTMxWWhvcW5fRlllTkstTUwwWUdMdHpGR2R4YlUxZDBkWFl1Q19CSVo1UEJONnJGRGF5azdfLWppZFlpUXJxVmNwNEt0d2FsRWsxTzA2alhKMlNSLTh5clRMQ0YzalVVdjRYWUhsQUhla1c0ZEh1aFlZQQ?oc=5,WBUR,2026-09-16,neutral
MBTA,Photos: MBTA plows into cars in Medford - Boston 25 News,https://news.google.com/rss/articles/CBMihgFBVV95cUxQZE5XU01kRU1pS1cxTHpXY095SlVsaVJTajNtRkU3ZkdXbldyUTd6cGx2TWNUX09GWFB1NGZBMDM5OXNFd19KZndLc1h0Z3paTE42WTlOZ2tTU09ZcTEzVVVKZmd2T1ZLSkhCa01FT0RFemRxZVRDYUM3aVNVVU1FbWdZNnY5UQ?oc=5,Boston 25 News,2026-09-16,neutral
MBTA,"Locomotive fire, person struck disrupt train travel between Boston, Providence - WJAR",https://news.google.com/rss/articles/CBMi3AFBVV95cUxPVjlNWjJHcVBUblZKUFp0T1dmT0c0TWFHNGFWbkNFMXNHZEduNy1wSFE5c2k1NzEzUlVUblV0bmM3ZHhpaTZacHI1d3M3MDAtaHlwR2c3V1lnSmdjV2hzeTRfNmZoODlWZUpJUUdmNzRtZllpdGd0WkVFS0hON2JnX0Y3Y1JSVXpDUjdaWmE2TnlKTlJPazRIaUhWSXhqcFpiak9TY2JzT3l0Z3dtWHJJc1B5M3ZuYmpIdGJmQ3RYM3VlbWZlZTE0c0ZEXzdiTGtnRDFiTVJldUh5NmdZ?oc=5,WJAR,2026-09-16,negative
MBTA,MassDOT breaks ground on nearly century-old rail infrastructure replacement - Planetizen,https://news.google.com/rss/articles/CBMiuwFBVV95cUxQTUVHM3c1cmFiNW1xV180aVZpTjBIbHEtRHVfRHlJTERYQk03T3plNU8wM21GSHl4NGVSU0RvR0xCblBnMU1LekVRaW5RXzk5dWFGeVVhLXV2NXlqYm0tdGxCWlpuellHeUZkOUlOazB5cmVOZEhHdTlGejVCbEQ1ZFVnOS1aT3VmYml2YW1rS1hxcWJWUUMxdWwyR29DVDVDbVNLb2RSZFFjNXFhRDlTRXpnRDNINUQ5NGZN?oc=5,Planetizen,2026-09-16,neutral
MBTA,More upcoming work on Green and Orange lines as MBTA plans partial shutdowns - MassLive.com,https://news.google.com/rss/articles/CBMiwAFBVV95cUxOWTI5VFpHdmFZSTV0YkhHMEh6dTFoMFBjNVdKSG84amYtQmVKWTBpRlBtUmdYSURBRXVmNnR5Q09VaXFpdFRVcTlocVpNZG0tOFJhUnJwT0p2RWx4T1VXNTlrWTlzX3NKRmZVSUJwQ1otVVhMTlBHSDA4V19TSEt5SDdqS0hEVzZXYVQ3cU1FNTF0bEZCQndzMDVpRUZ2U3BCNGRlV3FKUXV6dEdjUjRYMTlVNWQ1dFJGM0wzR0FEbTA?oc=5,MassLive.com,2026-09-16,neutral
MBTA,Second teen hospitalized after deadly fall at Forest Hills MBTA station - NBC Boston,https://news.google.com/rss/articles/CBMiuAFBVV95cUxNWGtvYUhIa1p3TXhBcEdINmE2MlM3dzYwa180ZXAzeEJMVXRrbUo0ZEp3dVJTQ3FlYXJURHZGZ3NKbGxsb1QzaUpqYTlHRDA2cENub1lLVnZYQmNrRUFxVmNrNEhRYzYwRFhPUW1ITWM4SDZDQzdWazhybVVDcE14Q0ZuTlpPbWxwVmF0M0pNNG9OT3V3eGItdWhYLXNJUEtKX1dHTTBwaHBfajV0ei1tZHJGNVJ1dUdw0gHAAUFVX3lxTE8tRGpwMExyV29qNzhOcENOSEc5QmU3MGpSNnJ4UW5qXzI3QVE1VmNlZUlSV0o4MmlvcUVSQi1JT3ZZSGR1bU9wd0dTcnZNLUR0alNsYzIxcl9oakZBdFp4OXN4YTg2OURTTTdDOVhpY2IzLTl0QWpENUZSOWJtUU9ZOFlqNXZJNmxleGJzd2FWWnlDT0FxMUo4LWJIZm1oUGpCTHhXMm1FVnFUcE43RjZoam5KR2tGcnMyNGNCczZqUw?oc=5,NBC Boston,2026-09-16,neutral
MBTA,Mother of 19-year-old who died trying to save girlfriend on Boston subway tracks wants safety changes - CBS News,https://news.google.com/rss/articles/CBMifkFVX3lxTE0zaklKODZhVkp1MlFzM1d1YTZxYm50VnZZWDRSaFJ0b0loYjJqeUo3ZExLa05nckJRa3EyYThhSjE0MHhOakIxb3ByVk1qb3FSRFhfbmRwR0JvS3hDNnF4Q1FZVjFMdDVVVDF3M1Q2WkktdUZFdXVEclVxY3JfZw?oc=5,CBS News,2026-09-16,positive
MBTA,MBTA bus crashes into several cars after driver suffers apparent medical emergency - CBS News,https://news.google.com/rss/articles/CBMivAFBVV95cUxNZ0NvZWdWOEtKazROQVBCUlhMdV9rWDlzcDBrR3lTUjkzOGJQRjFhcTRoM3VaOUJ5MjROVGlDaGdFd0RaNEQ5SWgxODlsd1hXYVY2N09MT094RVMtVnAzWXNHOTNIS0JmSWpINGZQZ3l2QlB1LXhiTkFlY3Z1ZmMzdVpRWk5HZVR0ZmlkNGg4Y1V4dlZxaEh2cEtKSmpmNVBhNmVobG1Pem9leTBtOHZINW1vNWNfbV9yQjRWMw?oc=5,CBS News,2026-09-16,negative
MBTA,Boston's biggest bus corridor is getting a $124M makeover. Not everyone is on board - MassLive.com,https://news.google.com/rss/articles/CBMiugFBVV95cUxNajN5dVNhenJLTWNnN3daUlNidEoyOFFJdE1DU2pPdy1RVmZkeDg2MlJKbUh5TWxHSTlyNFB5VDRvYUxhS3hadFlBT0hLbC1xLXYzbVcwcUgxUkw3YnRnMUprbTBudGpxNndVSC1sWDRzb0pFU1MzNGp1akdLSzBDTlQzWFBqZjNSRmhlcVR6Wll0MDJSakY3TXZyc012NjlLdjN4ZkY4MlZuZ1lGTnZTeFZrZG5uZGM4Snc?oc=5,MassLive.com,2026-09-16,neutral
MBTA,MBTA pilot programs aim to cut costs for riders - The Swellesley Report,https://news.google.com/rss/articles/CBMikwFBVV95cUxQV0hza1lKVGZCZ1JpdEhiT1NzblFfTURrR3JUZnpRdVU2RGRTSk1IQ0trbkZPaHh3MWd3Q1VLZ0VTc1RCemJDdDVHMlBocG1fTUhFRUg5cHRaamRPMEJQaFFDQTRtOW1pZkYtbVNqemdxQmI4eHFGQ0o5NTRKNzJaWGR1N29uQWNFajc5RklFNjN5dXM?oc=5,The Swellesley Report,2026-09-16,negative
MBTA,Behind the MBTA green line updates - The Boston Globe,https://news.google.com/rss/articles/CBMiowFBVV95cUxPZFdYbmZuTjZxTjBreUxTZ3NNV0RabkFBSEdITmduNHkxU2NzeHdPcWlEZFdMMkQyYmxBZ3NhTS1ScG1mTkUzNmt5U1VmVG9kaVFKdUlfb2pBNGpvYTM1U2VlcUZNOUZIYjVaWnAxaUMzbFdPamRZMzBWSGdlMGg2bEhKemswdmQ2LW5NXy16NkEzUjR2aWpnSGxCb0FhNnAxR3R3?oc=5,The Boston Globe,2026-09-16,neutral
MBTA,"MBTA announces Orange, Green, Red line closures in September - Boston Herald",https://news.google.com/rss/articles/CBMioAFBVV95cUxOTHl6X05XV3VNRHQtWkxtTUlfTTFBd0pTejZOd3ZmQ2x5TXhXS0RtVVNQNUJMQzB0ZkNQX3N2TlVWa1FWU1NmTnowN3ptU2VqLVhpSVJibmpvSXFlWGoxRWlQa3R4cHRLUVhGZzJTLXBEbE5ha1pBbjFJS0ZzbWhLNFJyTllBejRTV1RJcExnbkFrRk4wMDIyTGx5dFFUa0NV?oc=5,Boston Herald,2026-09-16,neutral
MBTA,The MBTA’s Gilmore Girls era - Boston.com,https://news.google.com/rss/articles/CBMieEFVX3lxTE9lUXdMNDdoMkJEaWxyMTlIb1MyZFl3aVI4Q3pSd0NySmlfdmdJYUtyeVlUSTNzSXI5SDRJU0E1c251cjVUaEhZM1l0YzNBaUYyUDBIa25JRi0wSHdpeXAzVDl0eUdYb1RJV043ZHpxeTVBT3FqMzVaSw?oc=5,Boston.com,2026-09-16,neutral
MBTA,New MBTA pilot programs that aim to cut riders' costs begin - WCVB,https://news.google.com/rss/articles/CBMimwFBVV95cUxQUjNLU1lTRG9JTmFmb1JLaHhrU1p6VFl2cFAwSXcydDVSLWlGa2U2bHNJRkk0SmUzNHFyZS1vS2NocnltZm1aLTdiUzMwQXlnOUx2WFpUYWI2aE5janNPd0xFSVNQSW1SQTRXcnhiNmtTdkV4QVNIUkRWdVpLcTdYUzEyelVHanZzaHFsTlRfNXZLcmxmZWdnWkJvZw?oc=5,WCVB,2026-09-16,negative
MBTA,"Man killed after falling onto third rail at MBTA Forest Hills station was helping girlfriend, family says - CBS News",https://news.google.com/rss/articles/CBMid0FVX3lxTE9LemtkanYwNEJQV0c2VExpdW9QUGdGYWhjX2dWYUFtd1FHWWZLM3pxMDJQQy02S2xHRDNtNE1LR2hCejlqcUFrWTdkeVpUamk4cWFaa0NpYUJFcmxhNFpoSzI0MkxlX2E5UU9JYktmRmx6RnNiU3pr?oc=5,CBS News,2026-09-16,negative
MBTA,‘I didn’t think I would be making this much’: Here’s what an MBTA Green Line operator earns - The Boston Globe,https://news.google.com/rss/articles/CBMiiAFBVV95cUxNY0lYbXc2Ui1JY3VTLU5hbWJiMThnUmNPQW9fMmZUdHVPZzU2ZWFLaVc1bUZPWDk2a1dBWjdwN3JUaUtaeDhhRk5nRmlTVERMNjlteERSa3I4bm1Ib2NZczNXUmg4US1VbGtIaklrNkI4SXlkSzNXdmNzMDBNS05oRzRZRUU4aUlu?oc=5,The Boston Globe,2026-09-16,neutral
MBTA,Crews put out fire on commuter rail train at Ruggles - WHDH,https://news.google.com/rss/articles/CBMigAFBVV95cUxQdFZkMk16V1dtV3Vha3BWNHYwVUgzR2FuQUZSakFnNDMwLTUtYm8yTWkzX1dVRC1LdEdLQmRUbzllb3BnU243TzhnbEZPUkpPdEg0aHhObjIzS0ZIaUpwNEtpWVc0MHVicFY4N09ndnVqZTVfNHVQYU1YOVpyQ2RycQ?oc=5,WHDH,2026-09-16,negative
MBTA,MBTA Reveals Its Plans For ‘Phase 1’ of New Widett Circle Rail Yard - Streetsblog Massachusetts,https://news.google.com/rss/articles/CBMiqAFBVV95cUxOdzk1VGk3aTdjaTM2UmhWZFEzN3FNbkNNejE1ZWs5WmZldEFIazJ3MnJNNU1wOV9fc0JGS3NkNG9MYXRHTHNSaEdmbGtvZVNYM2VLWmo4REdFQXA0eTZWbnBQRDBXaHZxbUU3emlPcDI2V2M3VVR4aU5leHlqR09VTmZPU2J0S0pQQV9mWm1kVUg2SXJPRjdKdjFaVklTXzQxakxUSWE5dzE?oc=5,Streetsblog Massachusetts,2026-09-16,neutral
MBTA,"Man dead, woman critical after falling onto tracks at Forest Hills Station - WHDH",https://news.google.com/rss/articles/CBMinAFBVV95cUxOWHU2b2g3R3k1MF9yVUhHU2g4cEo2YTFjd2xMT3ZNNUtFSWs1WWFQcFdFc0JPdUM1TTZJNlRHV01wRW0xUWFuRXgxWDJOV3VGOVN5bXMwU0RGZFY2ZGxUQkFkbXFNVlhCWGM5TWlMbU83S2VNZkxQNWRPSG0xQzE5R24tbzR6ZlhhQ3ZVak5GZXVvc1VNQndpM0pFVmM?oc=5,WHDH,2026-09-16,negative
MBTA,Pedestrian Killed In Train Incident At Sharon MBTA Station - Patch,https://news.google.com/rss/articles/CBMilgFBVV95cUxOcXRiVjhZbjlyZWcySnZYSEQ4MmJzbVpkYlg5MUR1S0FZVDZQR2t6dnVvdzNfU0hlNDhnTU5wVTlET05uZXVqRDlFNXBKaWxxbl92VUNKUEVFRUNlX2JRODNnLTBaRzJDVl9JQWpGV3RPV3c1OHVQdGxFY2pWMU5nSWxMQk1QckNsYTBvQXZZcjI1bG9uOWfSAa8BQVVfeXFMTXF0aWVnVFJWdWhUNEtTRFR1dUZfaWJpMU5yUjl0b3EzTVdxV2h1NG4wemdodjNJemxsZDZlTGlPTDlLb0NkamJ2d2pZOWlzQU9yTGdiZWdDRWhLZUl2dUd1c1FIUjFpS1Z6U1ZfdzFBWEpCOHBYcGtBZDFWZTR5VTl6eUxjRzNZblFDdGtYNEh5eExMWUQtRXJWSi1GYjdFcHhDdzNHWkVqZHdsem5nUQ?oc=5,Patch,2026-09-16,negative
MBTA,This $140 million MBTA project could be a big deal for commuter rail and Amtrak riders north of Boston - WBUR,https://news.google.com/rss/articles/CBMiqwFBVV95cUxPbnNTY2tGMzlDR0RXTGZuQWc4bllzbVJHbVU5cjJjdHB0dzhjYW1zMG51YVpSUFFOcFEySFdrQ3g2LTU0LXBsdDJoVXVWR09yenRaeXZiUjFWeEtsalpTV3VydjkyV2pNVmRMZG5aY2Z4MTdkTDNWSTNIWkZ1WkI0NTBkSTVqaWJiUWtEalNidks2NGt1X21mN3R4dXNhU3lSYTNPOUZJQldfem8?oc=5,WBUR,2026-09-16,neutral
MBTA,The MBTA's Cape Cod train just broke its all-time ridership record — here's how - Yahoo,https://news.google.com/rss/articles/CBMihgFBVV95cUxNdzJvUzQ4ZWF3UXZyVTNRM2ltWGw5WmxjWl9ZV0JYUnl0MlFFUDlMcFRYZzNhNUJTOHI1Y3pxYk9FWVVBTjFud3o0Rkh2QmtySkMxRVlwNF93Wm5RN3NzUDF3SGdYWjhhbHZsNFNMZW05MndXLWJReHpDUkhxYU5IbmxHVUotQQ?oc=5,Yahoo,2026-09-16,negative
MBTA,CapeFLYER ridership climbs 7% with three weekly round trips in 2026 - Railway Supply,https://news.google.com/rss/articles/CBMimgFBVV95cUxNek55R0RKWnFrb0twT2dpWjVDcXJnV2dzSHMxN2VaS2lCNkxzR0VoUzNUU0NoTmcyMERtTmxmWktyNzFuRXdEQUpDWUswMnZjeTVheXJRQVFjUE5FQXJ4bXpOTGxmemlfM0F0TUpSeWhZZ3dDbzNBakZmWkVhLUcyQzNodjV5YkhlQXAyM0FZR1NZOTA3NE1RTUh3?oc=5,Railway Supply,2026-09-16,neutral
MBTA,Rail News - MBTA completes Orange Line infrastructure work. For Railroad Career Professionals - Progressive Railroading,https://news.google.com/rss/articles/CBMiowFBVV95cUxNM2REQ0o3MnRUWWllWmV0alQzekRJajI4UUtVak84Tlh3ZUhWeFpvZmRVcDlJSWdvVFRzcHp3Y0l2UzRDZEg0SlJLN3R6X3BTcFRZblVxZ0Q2dlQtZ1Q3YjB2dUk1UzdleGFLRENLdFFJeVlQU1N0RWI0bDExeVo1Y0dFcmxNLXR1QjRtWFdPaUZtYjB1ZURjVWFUSFFoZDVRNmhj?oc=5,Progressive Railroading,2026-09-16,neutral
MBTA,‘Trying to save the life of his girlfriend’: Young man dies after fall at Forest Hills MBTA Station - Boston 25 News,https://news.google.com/rss/articles/CBMi5gFBVV95cUxOWDQ1aGVGQ2U1VzVDbnhVNzFBZmo0eGRMalNYV3BPX2V6UlJkbFN5MHhpTzdYd3VaMGJVcjRkS3l4WWxtSlVSUDQtSkdVTmdxcW5uemJISEVfcmNsNkJJaXRseE5OeTlQWGpMRmdUMDZkZUxaN1lhNF9PUENUXzBtRHJKTmxPTjlHMTJwSmx5cW9IeG5Ic3oxZDFHUEp6MW5uUDBGbTdzWlA0SW1wWFBiQi1aeVZ2QUFta1E0WWliLUVjSzV3cC1sSnFScUg0YnAtRUJ0MFItQXdlb0JycDA0aWhuV0RYd9IB-gFBVV95cUxNbU5DS1pXeGpPYTBwekNFeWRYVWxxelVBWG53U0VVY0FNQ3B5cHF6TER3TTBZY3hSZjlsQ2RZOWp2b3NVRkZENXFTRk5leVVncW05YkdVS0hKZnNzalhSaDFydzdEbEhGRWNucU9xTHFUVnFFYU02SHpKUmNSUnBQTkdieFVselZFRFEydDlRazRySGhtN0FJeUdiajl2anNQQVJKaDN1el9BLTkxcWI5UjRXRmkzTVNjNmhJU2JDbWdKUUZ6RDFwTXdZcHJCQlQyRTdsR3FQY0FnZXF3N3NzTTZ3TjRlaTkzQjNiQmV3a2JvdjFlMnlUWWtB?oc=5,Boston 25 News,2026-09-16,positive
MBTA,This is not a rom-com. A Boston area woman is trying to find the blue-eyed mystery man she met on the Blue Line. - The Boston Globe,https://news.google.com/rss/articles/CBMimAFBVV95cUxNTmdYUEZaamFyM05tQUpqUy1vMENFMzJ4dGl3QWIwS2c5dnJXbEd5MmpQekVSR3ZvWDhia3Z5YnJjT0l6cWk5MkRqZDhQdEVmb09qT1pVUERNNWQtZTUwaVVoRXVEYVFYd1dTSnNlVm1ka3dTYUVQOWc0Tk1FS3kwbmtzM2Jkams2allETDYxMWhsRFFUZHRWbg?oc=5,The Boston Globe,2026-09-16,neutral
MBTA,Inside the Orange Line's 11-day shutdown: new tracks and hopes for 55 mph travel - WBUR,https://news.google.com/rss/articles/CBMigAFBVV95cUxPQWRmakloOHVPLVNhNWlxQkdGUWN0ZEc2X01JVmZoTTJMeFl1U3gwcV9oUjgwTk4tR041SXNIbld3NU9wbmF4M1lHSEF0U3Z0RTh0U0RHWGhzRjJUTmNDcTVPcDVmZENWX3gxeHVvM2JqV3ZjUTBCX21Ta3B2VE8zYQ?oc=5,WBUR,2026-09-16,positive
MBTA,MBTA North Station Draw One Rebuild: What Changes in 2026? - deeparrival.com,https://news.google.com/rss/articles/CBMihgFBVV95cUxQVDV2SGd6enl1bUZFdS1rSWE1cWNfZ2tBRm1ZbWpzNjN6OHAtWDNCSGhsUXNUTm9McXFOVFF1REdnRk5Sd3RpZWtoWTR0b1VOTndiVnBqMDRNd3VGQTNDTWY5VWRpdWxYWUZyUHNxdmhZMEVnWUFDV3g3M3B6SzQwbHltU2NNZw?oc=5,deeparrival.com,2026-09-16,neutral
MBTA,MBTA Wins $140 Million to Run More Trains to Lawrence and Haverhill - Streetsblog Massachusetts,https://news.google.com/rss/articles/CBMiqgFBVV95cUxPVm1FbXM4bUdnak5FOThkN0lsTnRBSTdweXo4a3Z3X28ySTJpTnpjSDRpSi1JVHdYTUxlbXhYTEN6c0t1S0dnZzhDajNBcDhrY2twTXFLSlRIVU9iaUlUcVJYY1hCSzkzZFlGSk9XZElFd2lpaGd6ck5qczJMOXBlWDVTd2YyWWkwVzFETHliUW9NT2lhR3dQdzNoeDdUR0JEWlctVlBnOVMzZw?oc=5,Streetsblog Massachusetts,2026-09-16,positive
MTA,"LIVE: Metro-North trains delayed at Grand Central due to police activity, MTA says - fox5ny.com",https://news.google.com/rss/articles/CBMiggFBVV95cUxNSkNjcGJYZl9GUHZFVDNSWmJadHdSY0RfSzdsYXBwQW4xUHMxR1hJZVFVeXR4b0k0cU41eU51LWNsZnJTY2hSMzZKMlQyYXNvSTlXSjdKU3p1NVIyb294UmRORjhOblhmT25ZeWRaRnp2eFROZkNtaURucTk4OURBaWhR?oc=5,fox5ny.com,2026-09-16,positive
MTA,"Person arrested following police response at Grand Central Terminal, MTA says - CBS News",https://news.google.com/rss/articles/CBMidkFVX3lxTE12elp6dHNYNDRpaGNGY0ZYQ0hxcXZubDlDWnc5cVNoaWR3OVpKUGZVSDRtbkxTRGZ4MGtsaGd0MnZ0UE9FakhDZjBiMnEyemcyck0waTRRRUY1YUlPdHk5MlBKOWR2VllBMmZYejE5RXdFcjR1NVE?oc=5,CBS News,2026-09-16,neutral
MTA,"Man wearing MTA vest hits woman, checks car and drives away - WBAL-TV",https://news.google.com/rss/articles/CBMijwFBVV95cUxQV1VjU3NFMUl6TWdlcHUwbUsxLTI4R3ljOW9wWTN3TG1fa05tVWVlYUhITmp3ekRsWTVReEViLW5mak1BRGFvbjBZejFjZzFmYlg3Tk1CNlJfM0VoZWltRGdNWHZsaHg0a2tuRGFVUVUzam1RQjRLd1FGWmRMVmpTd3BaeVA0Y2thN0tkWEoyUQ?oc=5,WBAL-TV,2026-09-16,neutral
MTA,Police activity impacts Grand Central train service during morning rush: MTA - PIX11,https://news.google.com/rss/articles/CBMirwFBVV95cUxPOFk3c1hIV1UwQWJTc3ZoRnU2NFctbDlFbUJuT2V2QnZrLXFUenVXeENuUVZqT0RZc2Y4UVd5MTQzbktDcWdrODVoOURDbmg2b0lUM1lDV2hYcF94ZFhxdEZWRkNNWVB6M1E0V0w4MzhVQnpuSThKNjZUdEE1aGlBUHNLUUFLb3FOM1dKWVoxNEI3cEw5bVJxVVNhMFFOVndtM3lSMVhQME5PSV9Eb21V0gG0AUFVX3lxTE5oY1hSUFFaRmltaXpESEx6SWlsRXd6S2dHVDc1SlNrSmttMmdoR2kyY0phcFBvOVdUOVZyVFJOOUFwQUZvdFFPUWVsZDBkbHR3SmZTSS1EdGhaMU42TW9SQk9oQkE3dHh6d3RLX1I0SGtVRlBBYUdnY2d4ci1kQjJDcGJhWXhrdGRCV2VFa0RXa3JraEZDVGN2b0liTmJnbHZhN1pBRFNkemp5MVBsa0hKTF9zUQ?oc=5,PIX11,2026-09-16,positive
MTA,SUN: Man indicted in Baltimore killing of celebrated MTA supervisor - WBFF,https://news.google.com/rss/articles/CBMiiAFBVV95cUxPS0JkSkRkRmQxVFlST1NvYy0zcDdUaGZPZ083Wm5JU3pGc0hzdldTYUR3eG55TzdzRXllSDMzNzhqU0FkUVpiMVBjTDN6ZGdoS0R6eG93MjdfdE13NWtZRURyclkxTXYzWS1jODRBRkVKNDl2ekl1ekwtY2JPU1VVZk54TEp4S28y?oc=5,WBFF,2026-09-16,negative
MTA,Man indicted in Baltimore killing of celebrated MTA supervisor - Baltimore Sun,https://news.google.com/rss/articles/CBMikgFBVV95cUxQdzdySklROGFxTEdHdEV1NklmOGxJOXFtYnlRUndzVTZPSW9OSU9YTFdhbUhIQmdvd25Hck5aM2FtQVgydFRubWNCc3M0cFZUM1lzWHFHdzdVckZfU20zMlVkZ2xjdC00NUJRLTF6QU43SVlyVVY3UnRyRG9RbWZEZmdUbGI3TGJ1MnJ3dGRZT1Ridw?oc=5,Baltimore Sun,2026-09-16,negative
MTA,MTA Flips the Switch from Electric Buses Back to Natural Gas - The City Reporter,https://news.google.com/rss/articles/CBMikgFBVV95cUxOd1BiVEZLaGkyYzFfQkFOb09BWlZ5LTJpTTR6VnZnN2pJdUwyUzd3UHB5emF2TFlCcUtFMUhyeEkwQm45NHRNYVgzLVBuZWU3eUdHWEpIckdKaDE0R0Nsdjh3bUgtc1c5SHNYcC1BQjBsY2xBdWl5OC0tTGFwMXVlb3hzUEdjZ3k4eEhIT0pIQzVqZw?oc=5,The City Reporter,2026-09-16,positive
MTA,Port Chester Police & MTA Police Respond to Machete Attack - Yonkers Times,https://news.google.com/rss/articles/CBMiigFBVV95cUxPa0xYazhLbWhjMHYyWVhVUFU3VzVDREMxYjhqaFNrUjl2d09nRmRuTzZCUXFILXhpRi1DbUktYms4WGhZSDJiRWxxWFVhbzMyVGczWGpBR3c0S3hYa1J0ZmJWTEphTTh0QWotdHEtNE40elI1dU9QWXk3N2FmQV9VX1ZUazFuc1pubUE?oc=5,Yonkers Times,2026-09-16,negative
MTA,"MTA track worker Moet McCullum struck, killed by subway train near Yankee Stadium in the Bronx - ABC7 New York",https://news.google.com/rss/articles/CBMilwFBVV95cUxQcjZiOG4zMTNqcDRrTHlaVGY5QlhvSkhUTk1vRlJscFlsS1lEQ1hKczhNMFZhMVZ2UHE5a2V0QUVKMkJGN1dxWFJPUXBGQmRfUjJvUXVhejd0ekdEVXdpZWFmcVVPVnpkZVZRNlctMTNiWXZsa0lQalRrYkxFNEpUN05PUHh0d1dMNHo3ZWtYUVItMGQza0xV0gGcAUFVX3lxTE1mYzEwRl9vc3FMTkNfXzdyenZVMVlKRjRyRHh3ZHgwNDN0SDFyN2JMSFMxaUhlQUUzSE94Q2o5TmQ5NndrVVZEcW1XOG9Zb2M3UVhNbHBMSlIydVpPemhCZXAyd2E4MUZKa3lpMklqVlBJb2h2MndHN1RlWnoxNkZFVDFxWDk2OEJhZHFGbEZsTXM2NzFWTkRNQW12Zw?oc=5,ABC7 New York,2026-09-16,negative
MTA,"Students say they're still waiting for city, MTA to improve OMNY card - Spectrum News NY1",https://news.google.com/rss/articles/CBMiugFBVV95cUxQUHFfX1BrRjNjZndZTHVSb21uVTVqRnU5TlYweGtKeGxlNDVxRHVRNmJkTm5NWWYzTXpWOWFsR3NvVTRIamEzcXFlNzdBLXUyOFgzd0V2dFRBWXRFdURpVXVTaE9NVjFla2Y4QTVHd2p6M1l3NTFjckhFcXJsMlJDckZhOEdDSTdGYnNOTlBTbHZXR25EcDF2bEd0UzlpSjFwOEFpalZEakxZcmZhMHlZYWVnRTFWNk1NNHc?oc=5,Spectrum News NY1,2026-09-16,positive
MTA,MTA to issue RFP for 650 new CNG buses to upgrade aging fleet - Mass Transit,https://news.google.com/rss/articles/CBMirwFBVV95cUxONlNSTjdydWlnTDQ5QTdSbXRrREU0d2hJNkxDbk44d253MXhVRUhTbVRsNTN6WVA1LV9xTVVNSDdOd1RGOWNBNXJCYW1XY2lZUlA5QUtCbGt6M19RS3ZzWW1CcE5LOElBYS15VzdQLVhjTXAyM0NrNWFsenBnLWdOa0llbllNTGJsX3hKRmpReXBxb0VWUXc0TnFVMXpQZEdwbGpRVGpzdVpDc01NS1VB?oc=5,Mass Transit,2026-09-16,neutral
MTA,MTA to purchase biggest fleet upgrade in over a decade - Planetizen,https://news.google.com/rss/articles/CBMimAFBVV95cUxOdzBGUFRFWWtWTF90ZlAtTmZ4cTBFeVVTTFZUbmpwbURFOHZHcjB0dFVta2ZSa1YwR3V2MUU3SGVTU1lRY3BobUNlcVYtSU40Vld1QnQ1LW1fSUQ4VFE1bzNRSlE1LWFfVm9sSkV5SWEzUkt1bncwLU1vRmg0TXFBQ25KU01RZ1VDS2YzNU51NkdpNFdNaE9EMQ?oc=5,Planetizen,2026-09-16,neutral
MTA,MTA moves forward with largest contract for $7B Second Avenue Subway extension - The Business Journals,https://news.google.com/rss/articles/CBMiogFBVV95cUxNWlliMGN2eHVxNDRhcFB6NXVVZzM2QlpjczZEeHpIdExtbW5VTXZTdkpmLUMyZVpYa1lvRk1QTGU1NkE4RFY5Wk5xUjY3cWI4RUllUHhQS3VhYUd0d25EVmlZUzIxUzJGTUU3Y215eU5uYXJFQzdZTkRCTndheFZJUkJudDdTSG91Ul9JV0xwZW9mc3VTOHMzczZYeEZkTEEzekE?oc=5,The Business Journals,2026-09-16,neutral
MTA,Woman struck by SUV in downtown Baltimore hit-and-run captured on video - The Baltimore Banner,https://news.google.com/rss/articles/CBMirgFBVV95cUxOVW5pTWdReDExMW9rQjMxb2Y3eFd1VTlySmVKNUNaaHFXTk9NS3Z1aVJqXzFoSm5ncUY3Slc1eC1wei1DaElEZ0x4NWlKMjVraXhleDlEUHVLYTEtOTgzNEduaHB1czhWZDdCNU5DcHVfcm5Sck5aMVY3TU1hMGU5dGxJS01TaUxFMkxkRzY1YWdaRlVLNXFzZ1FFTHZnTlZ0SFJDaldxTWJuelMtbWc?oc=5,The Baltimore Banner,2026-09-16,negative
MTA,MTA Moves Forward With $7bn Second Avenue Subway Extension Phase 2 Contract Four Award - constructionreviewonline.com,https://news.google.com/rss/articles/CBMiwAFBVV95cUxQamU1dUhjSXdPZGJDMk9PTHkwdlEzbmlMU3RnVERJUmxSUUQ2TnpCSUhxTjBIX3BFNHIxRnQ2VFNIZE9ucWhtekZWOGs2djBvVl9WLUZXMnlDanluUFVwcy1WZHAtVTNqM3Q3dlR4VzBVUVRzNWFLU0I1bmV3eVR6SS1GLTlJODd4SlFRZENzUFBJN3dVQ2o4dEZQUWRGS3RvN0NyUW1SS2RnUUNUU2VOc2k0U1lISUo5YXVvSGdPdk4?oc=5,constructionreviewonline.com,2026-09-16,positive
MTA,"MTA reveals renderings of new Interborough Express, IBX, connecting Queens and Brooklyn - ABC7 New York",https://news.google.com/rss/articles/CBMisgFBVV95cUxQbnhfRGt2NDB2WWM4TWllMWY5Y0NYTC1WX3JWNEJoUThOLXdwa0RXNWJ0VVJ5LTV3QkZkTjBsY3NOTVJXSk8xN0lsLV9MaWkybFdQMWJOWk9aczZRQ1NHZU9TUnVDNnJhclY0SHpCbndiM2ZwM09nclBDZkVLV3ZCbDIwblVXai1TaFgxWHFlOTBpMGVrdWdKMTlhdzVMdmJDbnhZWno0WTZCM053VzhXRmNn0gG3AUFVX3lxTE1KLU5HdjNOTFZIdVM5M3UweVVTem5Ebkk4OEtKYllZcTRvbi04dUdNU1hxZkZoclhyUFdxbDE0bG9yaG9wdjFtNGdkbGk1aGxtSG9LME9pa092dUJhN093Mk8xaTdwYWN1RGJ0TWNCd2U0aHFrR3pkRHltR203Qmd1UTJ1akY4bWxxTG0zT2FTNHU0R3I3Z1VBVzFHVlh3bWN6M3F6WFFWd2hwTzRGNlY3SHVtMlczTQ?oc=5,ABC7 New York,2026-09-16,neutral
MTA,‘Like It Happened All Over Again’: MTA Worker’s Death on Tracks Highlights Job Dangers - The City Reporter,https://news.google.com/rss/articles/CBMihAFBVV95cUxQY2p2WWo3Wk9QMGk3S2g1d3poeS1IcVY2dUJ2RVNKOFJydnVHamlFWVFQOUZMeGFZWWtQMWlqTEozNlNjRDFCU2J3SXhSanA4b1pwUENQSEs0OW5OWm4zMDJ5TlJOZUc4TXN1WFh6ZFlyckdFNkppUUdCRmVwRk1WMEE2c3Y?oc=5,The City Reporter,2026-09-16,negative
MTA,MDOT MTA to start RAISE East-West Transit Priority Project construction Oct. 6 - Mass Transit,https://news.google.com/rss/articles/CBMiiAJBVV95cUxQZ1BWRGl1UXppazdLODYyN1pabzdqZW9WNUViV3dKWDZEWjVmNC15bm1pM1BuVlVCT2FLWEpsMHg3MlhWRjAtNG1kX1FOUzZ3aENZT1pvMk80MWhIXzVwUmlEYW9HT1k2LVZzNDlzeGVvRUNYZjBCR1NSLW9SUExhemk1X0RSNkNkYWUtUllaNmk1bmdvU01lbmd3TDZoQV9zQ1AtZHlTYWJFMHpfdGtJc0xHNFZaN0lRbndndnZHNVdJQTVTVEJ0eGN5M1p4NnVpeFptZzZiaXEwREtIcDBXOGdTM1RtRFczZUNnRUYtdlhFZ053VmlBaVpoSG5TVlVfeldXMWVKZ3o?oc=5,Mass Transit,2026-09-16,neutral
MTA,New York City’s first light-rail project could take 5 years to build - Smart Cities Dive,https://news.google.com/rss/articles/CBMilgFBVV95cUxQWDNlTW96VW1GUnJ6bFI3ekE5Zm52WkxXTFhrX2wtVmdRaGZVdHAzcE9aNmpBaWhoaTZsRjE3QzFFUGZYS0REcThWMWpKN2pDeEVoX1RtSW5SX0c0Q29zVHRQZldpaHBWRlVQRlVwN2tNZmJJVnhvR2NPNUQ4TFNTUGRvSFlJdlEyTXFFWm80THRtSFJkUFE?oc=5,Smart Cities Dive,2026-09-16,positive
MTA,‘You cannot sell anything’: Why an abandoned West 4th Street subway booth is giving away free MTA art and rat portraits - Secret NYC,https://news.google.com/rss/articles/CBMiXkFVX3lxTFBxcVI5MjhyWmxtZHJsU2xhMFNuZGpyQ1VlSWEtaWRSUnNOOHN1dlZ1Vm1PNTdkQVNJdTJaSlhrcmZLODF2WmsxQW5NSG5NU3lKVW9jSlVLbzlQNmJCSXc?oc=5,Secret NYC,2026-09-16,positive
MTA,MTA looking for bidders to complete Second Ave Subway extension to 125th St. - nydailynews.com,https://news.google.com/rss/articles/CBMitgFBVV95cUxORXpnNzVfaEwyRG1IMjZFRDA0LXdXX3pLZkswSDgwYU5EczNzcS0wS1lnRGdqVC1YS2RhSzI0SXo4YVI0VFA4dkdiblQ1b1lQTV9NSS0ydXpVN2lmdm1fQ0pnZEIzRlFtbjFHVEl0RE1weDNWZXF4M3VERGJOVjZhX0g3b0dTUWlLalhMVWZEaVJVeDV6VE0ya2hxU2NsMGtITU1uYmhKWjBrV0NoWk8xRDZvUFhsQQ?oc=5,nydailynews.com,2026-09-16,neutral
MTA,"MTA Folds on Climate Hysteria, Electric Buses - Long Island Life & Politics",https://news.google.com/rss/articles/CBMilgFBVV95cUxPRnVWemIwSHZUZjIwR21CaC1DNlFuamtMQjI5dTJtSFpQdzR0OEdJTnNtMmQ3aWt3elZldXJRbXFfWmd5MkNEQmo3QUxMR00yQ3dMUzZLbTI5RlFlZjVBenpwSDZRNVFaQl8ySG1McF9hcDd4Zlc2aGdHZGpFMWp6ZjZBVHlrMWphem5peTJORDBPM3hwZlE?oc=5,Long Island Life & Politics,2026-09-16,negative
MTA,Governor Hochul Announces MTA Advances Final Construction Contract Of Second Avenue Subway Phase 2 - Harlem World Magazine,https://news.google.com/rss/articles/CBMi0AFBVV95cUxOdzBYLWJ4bHMyM0tYYzZkQW1WcWE5NDAtMUJZN1NuRlYzbDU5TllReXJOWnZVMXAyMURVc2hNS29YMWNKM1BycHZ4dmNtQWpLUUItSTd2aUstSk9vQkw4ZDhkaVNWNG9ReFV5UElOOTdUSXNDbFIxZEx1RkpOQWstZGpUZnBWMTl2NWdZdlRKWHhfR2dheHVHWG9Ybmhld2wwZ3VqbG5JZ2FJcnFfZFpDMWk1ZUtwNG5IRndWN3V5REwtMTJuS3Z4Z3p3bkhzWVNO?oc=5,Harlem World Magazine,2026-09-16,neutral
MTA,"New renderings of the MTA's IBX project serving Brooklyn, Queens are out - gothamist.com",https://news.google.com/rss/articles/CBMingFBVV95cUxOTGswQk9GN0FCemstMG0wNC1CZmZPVHNPY1lLQVVGeUFxRlJTYVZGMnFiMXdNemRoSlFrZXM5eG1HMEl1NjJPN0o1amNoWFo1TWhYNnJvOE9MWWJJT2ZtMEZ3allta29OOFVQZWdsNkVjMEY3b3k0RElvbi01a0NZcXk5ckk2WklOakVLZHpvVm9YVnFSR1ZFWG1UYjdoZw?oc=5,gothamist.com,2026-09-16,neutral
MTA,MTA launches new bus route to Tradepoint Atlantic - WBAL-TV,https://news.google.com/rss/articles/CBMipAFBVV95cUxPS3VhWDR3VkYtNHRCQnhxMWQtZWNHUTljeTB0QW05RkdONmh1TTAxZUlhbmtrRkszejh0dFlEUXRpU2J4bThVYTA1ZWVFdXJjQWZ1X1VzcHVyRTNNdkR3eVdCRUZBTnM3MEE3dEJRZm1udGdlRndlRnVMRWI1NVBWZ0thWWhaY184dGF2TnNlVndxd3lJbWo2dTFVcEV3c1F3QnBRSQ?oc=5,WBAL-TV,2026-09-16,neutral
MTA,MTA releases new renderings of IBX stops by Jacobs and HDR - The Architect’s Newspaper,https://news.google.com/rss/articles/CBMiY0FVX3lxTE9iZjQtWlBidDZyM0h0dmhfcGNLdW1MUUNwTHo5cldGNTlMYzduek13MVRJRmstb1plQVpFQm91LXNZZXV1VGpLTnFjTkFQY1ZYWnNEWnQ0VU1SVHkxOV90cEFxSQ?oc=5,The Architect’s Newspaper,2026-09-16,negative
MTA,"Tragic NYC duo killed in subway crash ID'd as longtime friends, recent Rutgers grads just starting out in their careers - New York Post",https://news.google.com/rss/articles/CBMi7AFBVV95cUxPZjhTS0xYZ01oZmR3UFY5VDYxTF96TWprRkNkeFE5OEVyWjlRd1hWUmR2QUg3WHd6SkdrYWMtOXJXcksxVXVzRXNJV2hQSWQ0ejM5aWFBNGdHS0dyVWMteUlDb0JORDFVTTRPUXMxRWZ5NW5KQm5NQUN3WVdmZ0FqVE9iUXZLQTl6b05iSHVtLThOaDFKdVJWNTZ5RjR5NHoxYUZOMHdfMlNMM01ad0ZTZ2ZueXB2QWEzeFJYNllXZUx5MzhKYi1rNW9xZVJwNks3UjlWV25HRXJwQW9HUlJUdTRlVF9lN2VCNkYxTA?oc=5,New York Post,2026-09-16,negative
MTA,Investigation launched after MTA worker killed by D train near Yankee Stadium in Bronx - NBC New York,https://news.google.com/rss/articles/CBMinAFBVV95cUxQTEkxckZqSnNvSk9FTm9BaThjc0xOUzl5bkRHNWRfWnpvdlBjUUdWUndUX3NhbC1ZaEF1Y3M3dUdUMVZtcnRsLWU5dnRFbXluUXhGUUJlTDZwQUNDUzg1OFJSbUpSdkJBWVdlSWpZU29qUEJDckM2Y01lZ3E1Y0FTRC1hZjc0M1VMNklRdXRpTkowMG1TSjlrd3BIOHrSAaQBQVVfeXFMUDJDcllCZ2VVMG0yRE9xNnpnVktlaUJZLWppMEZhaTRjLWhTU1FkQ2FpYVNKM1hUN0ZBb1NNMTB1TDlYZzc3ZEFJeUdDQWNuTU1NUjcwREU5NHhfMDZUV1c3Q2NPbUtXTW1zT1VMd3I5clBFc2hnZnBUVGRnOHBvTUFyR2t2ZmhwbnE3RXhEaHNuMW1hYmF2Mk9pSXpPazZ2NENQazE?oc=5,NBC New York,2026-09-16,negative
MTA,MTA worker killed by D train near Yankee Stadium in the Bronx - gothamist.com,https://news.google.com/rss/articles/CBMikgFBVV95cUxOUGFZcHJyVTNud2FjZWpDLVlXX2Q0aXZROUR6SlRQTmhCZklxOV9iWTU0aDhfQW8zMkEwRThhd3pud0JtcG9ReGxiRU5sRXhuQmR6aWdPZk1GSURQOE9fdnh4QlYzc1lmUzJCZ2FkbmtTbHpnd3VCSHFKTmctOU0zZTJsanNtWGNGSWM3V2FYajNDQQ?oc=5,gothamist.com,2026-09-16,negative
MTA,MTA track worker struck and killed by Bronx D train - amNewYork,https://news.google.com/rss/articles/CBMic0FVX3lxTE1TZF83SHFOUll4d21hc0RNVk14Z0VHOGVGQVBUTmRVZjVKSW5OYklRMTR3Mnd2OUJTMUpTSWxkNnBpZG5Mazg4Ujd2ZkZydlF2MjcxTVFqbFk2NVpNUWE4UElxek44LXJGQk5EazRUUzJVRTg?oc=5,amNewYork,2026-09-16,negative
MTA,New York MTA Plans Largest Bus Fleet Upgrade in More Than a Decade - Metro Magazine,https://news.google.com/rss/articles/CBMipAFBVV95cUxPOEJwdDVHRWZ0Vk1JMTdjTlZwVlhJX0pSdWpLa0dKeU9iQnRTZWItNTZXY2tLSk95SFJINmlyRXdmME5LQXA3SE9MSVRpOG5mSDVkZXVFRjFlRW1OQ3pCangwR2lwbHlDYTdia1JPV3d2SFZIckZ1aXE0T2Q4WjFUQjdITE5aNXN3alJINGVXU3dNdVBoOWUzRXhPNHh3T2lkbGgwbw?oc=5,Metro Magazine,2026-09-16,neutral
MTA,NYC students get changes to OMNY cards from MTA - PIX11,https://news.google.com/rss/articles/CBMiigFBVV95cUxNRTZSSzg3R1RQSFVJUjU1T2JGcUVZMmp4dDl2U3RhYzlzSTdYRmpZRXNyeTA5LVQ2UGp3TFV1V1luRXVQMUoyX044aFFLbi1tdzRqVDJGakpaZjY2VmVLczVtMzlOa3VDY21NY2ppSjBGRGRMWUdUejVmTlVFLW51cjdTSDdmenlIOEHSAY8BQVVfeXFMUGFhQ3lxUVByODlIV0IxM08wZEs0WUM0bnNFc0ZVd01Ja203Qm9aS0Y4eEwydVBPYUFqUWhnVG1YUmx2NzlvRy1USVdhRzExXzB1QzR2YnJvc1VOcUdkaFYzdmhkaExBMFo1eWZxbnJDRUphRlRwM280ZVdNcXUwMEgyWVhFZjNFY0NpMGZXd2M?oc=5,PIX11,2026-09-16,neutral
MTA,"Hochul, MTA unveil new IBX renderings, say project is moving faster than expected - amNewYork",https://news.google.com/rss/articles/CBMieEFVX3lxTE1sRXNYZmFVUWQwVHNnWVR2d2d2d0RaaEYwbG1CeUFteWczMXhsYjU2c2VLWEVaZlQ5OU92MWdPYlBRSm9vbE5BaTRnSFJqOUIzVGZWd0RKTF81bHpVU3hmNVVINjJyd2JWYWVoNVBub1dMZjA3X0F4cQ?oc=5,amNewYork,2026-09-16,neutral
MTA,Young man and woman killed by NYC subway train after one falls to tracks and other tries to help - nydailynews.com,https://news.google.com/rss/articles/CBMivAFBVV95cUxPN0lMS3VfWV9nSVk0a3dNQ1hwdWprWVlSNEYyRXJXZFZFMkQtTVRYaGYxMmVFVDFoUFJ2Z3hJQjlsblZDR1ZCLURqMUswaXNKUFYyZTZKMU9pS3ZGMndhcjBLbW1UNFdGcFRHc21vZmd4eXZXTjYzbVdYN2NHM0ZScmRGbEY3Yl91WmVnM1pFMThrbjcweV9jMTRBZlVfVlhNUkZ2WHpoeEhEaHF6TkJrVjJkU1EzUnBwR2t2LQ?oc=5,nydailynews.com,2026-09-16,negative
MTA,MTA worker attacked by urinating man at Times Square station sparks calls for protections - NBC New York,https://news.google.com/rss/articles/CBMiugFBVV95cUxOYnhna1BCV1phZ3dUbXd2VEdUUVV3YklwUVpyU1U0VzM0MVhpdDhHbzgyS055Mkh3RVladVF1Qm5YeHkxOHBZVi1qNmRZdk9tZ3dVb0VvRTJjTXNUR1VFdnNScnUyaE9XUmZHWFBidTFCbDM3VDIzUUUxaldGUFAyVjVoa2ZJYmJqSDUtQWQ4WGNxbFV2LUNOcW5ueTdYVG04LXJ0NDg2S25rOTA1WjF0cjFQSzhkbVFHSlHSAcIBQVVfeXFMT3RReEcxVDhId0dpRm5JQ0czc0duRDdWd2t4VmNFSV8wdEpuNTF1eFpFN2s3ZEliUURUMDdJdzM2WVA0cXBJMlJwQVRlZVNXX0djN3dpcGNhX3FYTU9lQ0pYb0YxcENSRmd0QXRoR2dyOXpldzRhcXZad0tRbm1kWXpKQXpOY2ZjNTB5alh1TEJkc2JFcVZKX1JJMldtMktWQ3Z1UVFWUDhCcDUwVGU4VDgzR0d3b3hPNEFaa1N6ZW5oZFE?oc=5,NBC New York,2026-09-16,negative
MTA,"Hurry up and wait: MTA chair says IBX won’t begin moving riders for at least five years, even as design phase speeds up - amNewYork",https://news.google.com/rss/articles/CBMic0FVX3lxTE1VT0o3WUVsT0dHMW5xWGpPMVdQakFFUVFuUVlUVmpySDUtNEdXQmVJY245QVdSWHFNUXRfaXlzR1BQNDFQQXR6SmFFTGVhZldjYmt5emZySTQ3VldXNUo1R3kwZUVwLXNSbHB5MWYtVmdMaXc?oc=5,amNewYork,2026-09-16,neutral
MTA,MTA Worker Struck and Killed by Bronx Subway Train During Overnight Construction - The City Reporter,https://news.google.com/rss/articles/CBMikAFBVV95cUxNWWtuTFZyc2s2anVwcEpzUk1JSGRjV1ZuWmJzcm5DV3R5ZTMzNC1Pb0wzdXlIb0lLVmdWZ2xqLU5CM3cwNVZaSkkya0lqSFBoNTVqaW9MZGxOelVnemhQdTRNbHVrSmhhUHJqUEt2dFhSRHh4SU9YbklILThtQkRzQlJGNWlPazFSMnFVa3NDWjY?oc=5,The City Reporter,2026-09-16,negative
MTA,MTA emergency track work causes B train suspension and snarls subways in Upper Manhattan and the Bronx - amNewYork,https://news.google.com/rss/articles/CBMiggFBVV95cUxQQ2JIbUtPSVA0c2JCQi1TMHN5UWg0STlielkteWIxaFU4bVdhdUtETzAyUWp6cGxBYjN1VlZOTjl2Vno0dTNsWDFHVjRBbE82WXduN1hzS0hwbEY5bWJNMzN3dDdQSGdFamx1WXFkVTctY3lQU3FKb2Z1LS16bUYxZ3Bn?oc=5,amNewYork,2026-09-16,negative
MTA,MTA announces Staten Island Railway boarding changes this week - SILive.com,https://news.google.com/rss/articles/CBMiswFBVV95cUxQSE1JQkgybE5EMnE1YWNfNkxVS0I4SC1zczhYOEtMTHZKcHlzVFJ5SjFySnFUaUZNSjdzSnp0ZXZiaEkwTVIwMDVtbnlFUWtGQ01UMkFTbTZPM05QWXA2VF9Gajk0cGI0VFpNeV82VmVfXzYwbmJILTlKVHNFU2lvemF1dXlQQVJUeDh6R1NZOG45M1pnX1JWeTNobjB6WnhLQ1FGSERYX2cwTDhhUWFCYkNWMA?oc=5,SILive.com,2026-09-16,neutral
MTA,New York’s MTA Seeks Manufacturers for 650 New CNG Buses - Bus-News,https://news.google.com/rss/articles/CBMiggFBVV95cUxPdXNTdF9VTjYwNXVXVm0xekJsb29TbXdqSDJqa0stb3ZfOG40dnlRaVFSREpFaUVNcGpkN2h0V3pUelNvUUJaQjN2V05DaENWR05FSVREcGd5UmFtX2lxTkJxMkI2NmpGZW9nd1pISWJUTHFnSXMxLXdvR3lOUWtsSk1R?oc=5,Bus-News,2026-09-16,neutral
MTA,5 injured after MTA bus damaged by falling tree - WBAL-TV,https://news.google.com/rss/articles/CBMilgFBVV95cUxNWmlLd24xZVlhdVVDWVRaM3dNNERMRlRtTzVwSUlhZUZwa3lsTHF6bTBsWWtPWVRYdEZxajVyMDMwNzVGd3VXVE0zanRRUUlkMlNxVXhYYWdSSjEyNjF2aDdVMjR0c3dxczVVZ2xfek9wdVVhTVAwenQyTzlaQmVreVpvVkptSTN3RFpydnZ6QjFzR1R1R1E?oc=5,WBAL-TV,2026-09-16,negative
MTA,MTA track worker killed on Bronx subway tracks by oncoming train - nydailynews.com,https://news.google.com/rss/articles/CBMipwFBVV95cUxNRXZKUTE3eGdjdzluMmRPdlpVTVhrVFZqSjFaZzRQdHBXM2pjMlIxdGdWT3F5dklsOGhQc2NYZkxnWXFSVVhWM3JSZ3dwbGN6NG5fU3FKdFZYQlhNWDc2eVh3TVJpTHNqNUJPX2ttbDZkd1Jma21sYU9sRUc1aElpcDF5dWRXZFNyU1A2NUVUbm5qZ29KZkVrYk8wdExCV1RyRVhTbUlPOA?oc=5,nydailynews.com,2026-09-16,negative
MTA,Big day for subway fans: MTA sells old MetroCard vending machines for more than $2K - gothamist.com,https://news.google.com/rss/articles/CBMirAFBVV95cUxQY2hhOWlLRlZrMEFjNFZla3FDenhoRjk4VndHTHNnV281NWs1blI5WVR3bGdVNGdabXVMdzk0V29Vd3hFYnA3QUNiTlBHUE4zN1Jua3VDT2IwcThCbktuTWJTdkpiZVlqbWNEOEthckdqVHVKNktxbzNHLXdCNllVYUs2b0lORml0c2NSazlvcHVOS0dXelkwWS1hY284dm1GVW9DNVBDQ01YTlFB?oc=5,gothamist.com,2026-09-16,neutral
MTA,MTA worker killed on the job after being hit by NYC subway train - PIX11,https://news.google.com/rss/articles/CBMinAFBVV95cUxONl9oUjc2Y3JKVktxWllXZXItUHlHUExUckVCVUZUS0x5WnpzTGk1SXV6WFZRdTJNcmVraGpBR2J0VkFFR0tKZGtMakUtTDFTMWE5VVJ0eXdlbkx3cndKUzY2a2MwS1NleUpOc0g1SzJOTW9pa3NPNWctWWJKOGF4QkxoT0dSam5OS1FJc2R0djFueEdBRUI5V25FTV_SAaIBQVVfeXFMTktOMllQeERMOFRVaXBlT3p2SkNuR3lNMGpZc0I3NjM1ZHh6WEFFUGZwMFJYbXBobFMyMVo0LXVGdHFDQmEzY2JuWExlZDc3QVFZNVdRdTFEQWJLRnlaNzFWVXRwVFFsWEk2VkhXcEhKMHlHQTBndkFXMnFfOVJoS0s3eTIweDFON184LTlKMEdudFpGckFaM0xSUnd6bU1wZmx3?oc=5,PIX11,2026-09-16,negative
MTA,"MTA limits A, B, C, and D train service amid Monday morning commuter rush - gothamist.com",https://news.google.com/rss/articles/CBMingFBVV95cUxNZFQwaE1wQ3BKVUc3RFBCVVhCOWh1dzhBa1JURlNYd2xrTzhqdHgxcG1PekNaaEhSY0ZVdnBISGNEdE1tNG16VGtOdlZNMHQxVER1ektMNURZM1VkLTdTcjA4UWEtRVdtS2s0Q1dFUVYtcnNuOE1VNFI4eWw5eTZMbVhsMktaUGRLb0J2TkRiLW9pTXRQN3NCSGxrMXJlZw?oc=5,gothamist.com,2026-09-16,neutral
MTA,Plans in Motion for 650 New NYC Buses - BKReader,https://news.google.com/rss/articles/CBMikwFBVV95cUxOR1dVLUc3aWVmVW1jNjFVdlU1UGFVM0RwQkR0UFBKSllmTFdqamtDb0hya0hKRlhoYUthT0x5V1NuSk1pTmVoYUxCRloxbGtHX1VseGFKbmZwRzRtVVNBNjFXX0lub1UtMHdmN3JodnI2YVpPdHlKQU5xbkJZRlZHSmg4Xzh2cGIzTTNaT1N2V2dzQmM?oc=5,BKReader,2026-09-16,neutral
MTA,‘Like it happened all over again’: MTA worker’s death on tracks highlights job dangers - Brooklyn Eagle,https://news.google.com/rss/articles/CBMia0FVX3lxTE56Q0hUMHVaLUhkZjhNVjEzanhMOXRiZHJPbHZwOE5fYkprMVlHVHZXanpqbDlsaWd6LWpKNGZsbXo2U25UM1BFQkZfNkFJQkoyaEl6dTd2WmZ5M1puekZ5UC1TSVFDYXdSZE1V?oc=5,Brooklyn Eagle,2026-09-16,negative
MTA,New renderings of the MTA’s Interborough Express—which will finally link Brooklyn to Queens—have officially dropped - Time Out Worldwide,https://news.google.com/rss/articles/CBMi7AFBVV95cUxOTUVqdG50T21nbUVXR3ctYUdMZVRFYWs1ZWpwZnNJeTlJdXFsOUtBNFRrei1LQ1pENGI5Z2w1U25zZk5zRTl6eHN0WVhlTGxEMEdPSjU4ZGMtQXJnbkRFelFlRnJxOXZTdXQyYVhsVkhGclZTLTNRMnFlNjBtc2F4dWN2c2k4dnR1WnRON0w4OEdzdENFNm8xcm9JazFxQmlxdTFSZ093dHhJQ3YtZ1dMWndTMzN6d3dwaUlNNGl1bEhWZEEwRzI1MVNMS2RkNWFkOWREdm1TeXRYcmVjbTUyd3RWSnZSd3FyN0NzZg?oc=5,Time Out Worldwide,2026-09-16,neutral
MTA,"MTA worker, mom of 3, fatally struck by oncoming train while working on NYC subway tracks - New York Post",https://news.google.com/rss/articles/CBMi3AFBVV95cUxOalF4NnJJSkpZdE5aTllDTDdXME1zalZJclFmLW84Y1pIb3RfREpNcl9DOF90WVp0eE5WWlZ0UjVMMl96M1l6UEJiOHh5VVBKZmVKYThremFlSFZ3T0REM0NvVkxmWkUzZHU4bm90LWxFRTJnWmxKaDN2bFhPdmlfbVgxeHZxTk5nczljVEQ0Rm5iUVZ6bms0LUxrZVg1QXhYRW5ELVluOXBsN2x6ZEhIWGx4QWZVY2JvbGJvZUp6eTI0YXJvLUJxMExFbFBsYlFTWWZmTzJaWnFLWnBL?oc=5,New York Post,2026-09-16,negative
MTA,Subway operator who struck and killed Bronx trackworker was going full speed despite warning - nydailynews.com,https://news.google.com/rss/articles/CBMiyAFBVV95cUxQT3FWNGJsYjBDNVRiU1Z0b1huNjF1T3ZfTzhxOXZ6ZkV2RmpXYThFTTFrSjRBbkR2VldwVHBRUDV4Ykd4VlpqT1dfTFN3Z0NMaUpQbG5QNlVxZVhSVjc3S3RLd2V0d2RmUEtpVDVkck5NNGtROEZvOVRmcXJnTjVCYm5wc1hJbnJhTGpqYWU4TGdIVk4yVDJvUkt6eVRXSy1UalcwMHYxRXlNWjNTMW9EVU1iUUdkTVEzRzNwSGVEZnBBRjBwT1lhYg?oc=5,nydailynews.com,2026-09-16,negative
Massachusetts Bay Transportation Authority,Massachusetts transit authority to sell bonds backed by sales tax - Bond Buyer,https://news.google.com/rss/articles/CBMinAFBVV95cUxNT2JhZ3A1ejl3dHFQTm1uLTJaNk0tR3RxU25Ic3lydnNjd1ZRM1lEejB5Q0hsSmo5b2ZUVVlUWWVHaHNJMElMT0o1WWxKVXBlTXpqRl9LOFM3eHV5M21jcmFKREd4dXp0endfMGtGQlVhblA5VldWeEZCLU1BbUVyeU5wR2ZoLWkyQnhsQWFrZW9QeUhmYWNpM3dMQ00?oc=5,Bond Buyer,2026-09-16,neutral
Massachusetts Bay Transportation Authority,Pedestrian and Amtrak train collide at station - Fall River Reporter,https://news.google.com/rss/articles/CBMigwFBVV95cUxNREV3VE4zS29uS2h6N3pSaGRkZ3BiTUZISy01ZEJLQ2tPRUtiVUFyVjdPYWVWci1rRVgxV0RjakFCaGtYX1VlQmpSSWZwYVh1ZkNEWU1fQndFZkZBT0lrOWt6eEF6MWxBdWd3b0t4cVl5UU1KNDhRMUczTVRyVl80MlphWQ?oc=5,Fall River Reporter,2026-09-16,negative
Massachusetts Bay Transportation Authority,New MBTA pilot programs begin Tuesday. Here’s everything riders need to know - Boston 25 News,https://news.google.com/rss/articles/CBMi1gFBVV95cUxPYTQtNUtxRXhpRjE5VWtndU9DZkIxRy0xS3loc0JXUUZFZWpQVmNraTFLam80UHllS2pJYmNXTUVnNkxmUmNNZFlnZnJGeUJ1TWhYWnFQMERqMDR6OUtWQms1S1F3LXpFOWVtMUppa0ZTMDdJRkxSdmdjcE9uNXZCdDEtb3lPaG1aUGcwbDNwdFZNY3l4R081VzBaelBtWHRNZWMxNk8xWUQ0V2FUSzJqeUptOG5RN2RsVzZ0eG9YWVlxVUQ4NmlKZFFjQlFJZm1Vb3diT0FR0gHqAUFVX3lxTE1XYTJmZ0xvTU1lZFRETnlYb29DZXA1NFlLT2pPRmFyMG1fcTZDZ2JBOHYxTzRwUk1aSEZBNElXNEFESWtUZ2pxYUI1VjBHWjF3TXZOTk5TZjNqVkRPOUFmbVdaSlVIemt6eEE0OTYwaGw4REoxeVBETGJVWWF0ZEVNajR5NkNYcktfdDlnQjJ5M2dDMDVlUkFDWXpMT19BaFNfYlVkeUZCREc2UklUYkQ5TkhBZlFNbDd1OHlldm9XRjJGb1llcWhTbHRzZW5XZmU0U19kYkVCUzY3dUlZekQxWnh0YkthUmxadw?oc=5,Boston 25 News,2026-09-16,neutral
Massachusetts Bay Transportation Authority,$530M from state millionaire tax will go to Boston-area transit agency - Smart Cities Dive,https://news.google.com/rss/articles/CBMijwFBVV95cUxPLVU5TmpsY0RxRTRSNXJkQjN3eU9BelRlVlVsdk56cjdVMFdkYjlGNy01MGdfUmcwd0NaQXZhNDRDaC11N2lWWFduWVJMVkpqcUpCTUloN1RFMGYxekpnbVFMVmVIQ3BCbzRHYzV6b2J5bVZHZGtrNlM5bnNaQkFWeUhkMkV4Qkp4Mm5RMXFYcw?oc=5,Smart Cities Dive,2026-09-16,positive
Massachusetts Bay Transportation Authority,MBTA receives additional $530 million in state funding - trains.com,https://news.google.com/rss/articles/CBMilgFBVV95cUxONnZyMDMwNWRKYjJGZkg5RGVnOERyRW1oM2hfRDZlWmlYUHh5VHBzVGxXSjE4TmNvbjBsd1hHMDFnLTk0NTdzUWhmQ1RiQ2lJc3h5QTZHVjZ1M2tVcVdwWUhXeWc1bUpSVjlvNEd5NDFVN2JlQkpJZHQ1X1BRNFhGd1FjWXZYWUU3MnF1Z2RsU3BIMjVaSUE?oc=5,trains.com,2026-09-16,neutral
Massachusetts Bay Transportation Authority,MBTA launches new Harbor Loop Ferry service - Mass Transit,https://news.google.com/rss/articles/CBMi_wFBVV95cUxOVjRTUmIwTFdaT1ZGQ05vc0lsOU9nZFM0RE9SMXduTEpHcE8wOEM5SVJfOXZ5dnk5eTBpVUVfbS16SHpOSGR2NFVSb0hqWGlpcThya0dXdjNjZmRrZ2dtSEhCeXN3SHFwYWFNWXNTLXBzM0Q4Vnk0TFlQV3dFNlZ2dlN3RS01RENpSWlSQmdic19tZEVVN3BhTGJwQjB6c2tBWWd3R2VPU1FEUmJXLUoxMTRIMWtSZ3ROV2ZValFpN0xzMjYzNHZYWFFIalVJV0tFZlZ5cUpsTlJHNlNicjR0MEYxekd5WHJrRklfc2ZkTm5NdVRiX0tEb2NkT2d0dzA?oc=5,Mass Transit,2026-09-16,neutral
Massachusetts Bay Transportation Authority,Massachusetts Bay Trans Number of Employees 2026 | Employee Count & Headcount Data - Revelio Labs,https://news.google.com/rss/articles/CBMie0FVX3lxTE1nMldHRXhuRG01UDNuaE0zT3dKNDN5VjVGckNnZzg5d2Vub1BURGhValVyaXhiZkhDR0hwRGExQmhhRXd6QnRXRS1UOW9xSlNWX3JwZFBXUlNyYVBHSjhraXJvR2RxYjBSa29lSjZiWmJQY1c2NGpOakdQMA?oc=5,Revelio Labs,2026-09-16,neutral
Massachusetts Bay Transportation Authority,MBTA threatens to use eminent domain to pedestrianize Boston streets during World Cup - Planetizen,https://news.google.com/rss/articles/CBMixAFBVV95cUxPRk1oWEQyWkgwOHJIVWc3YmxkbzN6bG4teEx2aHllQkNjbkQtRTA5LWphekRTRDlhUmtLS0Z1ZXI5dnJzejVCc3FUYTBLNTlfc1g1VFRXajZDODJmYnZSd281U0NkT1hJNERZcXYwMFVoYVZjN2Jhc1pCNnRVWkpfVmMzLVpXbU9VYzNMNnp6WHNQWjFFX0xaWUduQkJ4alRCelNBanFkTE5XX3Y0Vm9yRnhLTm9vV3ZXNVJFXzBxckV1TUFv?oc=5,Planetizen,2026-09-16,negative
Massachusetts Bay Transportation Authority,MBTA Board Approves $10.3 Billion Capital Plan Through 2031 - Metro Magazine,https://news.google.com/rss/articles/CBMimAFBVV95cUxQa3duWTMxN2NYOG5FRmxObDBxVTVoTjRIR2xVUFpzNDEzS0pEOHI1QWU2WGwtaTBwV2dHSVBTVEt6aHhxdThWVm83SnlQM2ppUG50dTZVYmg4WnpWWmtDT1MtX0hmVWFvQXNKY3ljUlRQVnhVLU5yZk82ZFJManZKTWVxdS04UHBUMkppODNuZ1NwNVpSR0xEYw?oc=5,Metro Magazine,2026-09-16,positive
Massachusetts Bay Transportation Authority,"Transit Briefs: MBTA, Brightline - railwayage.com",https://news.google.com/rss/articles/CBMid0FVX3lxTE8xa1JGU0tVeFRlT21DTS10WHZhOVlSd2IwQ2ZHdnM3ZVhNMk1mLXMzV2tFZ3U3UTdtN0xJQzZkNjI1bjJrYVhqY1JGMmpudlE1VnhLM2FGTWo5X2lJSjRiMUVjRXVmbHZZclJBcWFXdWplTjBYRzRR?oc=5,railwayage.com,2026-09-16,neutral
Massachusetts Bay Transportation Authority,AG Campbell files suit against 9 communities for noncompliance with MBTA law - WHDH,https://news.google.com/rss/articles/CBMioAFBVV95cUxOTUNhQmE1NDFDU2JCRTFpUk1YWWZKS0lxT3VWcHRKb1NQcjI1dU5Zdy1HcHctRzkwa3FuT1JkbVNxWFRGTE9hUXpIbEJBREhmYkNfUDVKcXN4ZE5XbDJsak55SEVXSHIxMm9RSjZyWmJnTjJYRUVhQTRENFY0TkFjTEd4Uy1yY2hPLWFnd1FPampKYVVNeFFBZXdpcVFkYy1I?oc=5,WHDH,2026-09-16,neutral
Massachusetts Bay Transportation Authority,7 MBTA Workers Charged In Red Line Track Inspection Fraud - Patch,https://news.google.com/rss/articles/CBMinAFBVV95cUxNS05LQUo5Y2pFeEVKRTZNUWplemZrUE9DbnVLT3lna3FraUdsVzRxMTZmOERGLWZ0NlhkLUhhZUVDZzlpRzhvRThwaGhSdHlhbzZFME5ZckZaaHZCaU1NaGdiX2x3bUVGS0lMdTZaOW5oY2o1cUVRUnJIY3F6RTFNX0FxTUY3a1VlMzRRRjZmZ19XQWYyM3ZFNjhpbjY?oc=5,Patch,2026-09-16,negative
Massachusetts Bay Transportation Authority,MBTA’s proposed FY 27-31 Capital Investment Plan to fund remaining cost for redesigned Arborway Bus Maintenance Facility - Mass Transit,https://news.google.com/rss/articles/CBMi1AJBVV95cUxQd2diQ2xjbS10NHQyTTF0d3RRS0dkaWNoYjlHR1ViWFg2dXhFaWxmRml2NzM4VktpYmFLQzhYR3UtdTdmUkxubGg3aGxqX0hDX3FFUHQ1QWFrLVJJTmVpUXlUTi01ZGRkc2ZOaDhXNGM0RG5wYjc2YnkwTTI2c05jMjZuX2JFOVd1NE5Bdk13aHZOUXF3X0M2aWNEb3U2Vzh0UTRtRkxOa2J2aXFQZnoybjBPOTFvWFRReWYwc0tuSTd2Q2J6ZVJhMlRFLWp3RXozQTZkdDRPTkxFS2dLUzdzN0tMcm02d0l4MHB4N3UyNkU2aVhzRlNkc3dUVUJORHhreTBsSnA0QXpzM0VBaVRYZy1aYXVFcG9GS2JIaERsTHJmdjVHb1RnZFpUQWFlemh5eW52YURKYlBmWEc2TW1ET29BTWJVMURZMkxVLTRjcmlmTERp?oc=5,Mass Transit,2026-09-16,neutral
Massachusetts Bay Transportation Authority,MBTA sets price for special World Cup trains at $80 - trains.com,https://news.google.com/rss/articles/CBMiqgFBVV95cUxNNGpJczdrMkIyZW9ZNVFlcFgzanB6aXZGVDg3RHJRZ3NDYnNBRDJxb0VQa3JYODZ2bU9MdFBzZi0zenRXdFdpS1NVNjAxaVBzUmxrdzgtUVhSWGZnUEdfOUZkYlJrSU5keGVpVXhnVVJUV1A1OGhnVGRkUGkzd1ItXzMxaXB2U3dPWDNFdVowazF1U1FIOFBCZl81NU9RTno0UWh4SXI0VWREUQ?oc=5,trains.com,2026-09-16,positive
Massachusetts Bay Transportation Authority,MBTA Appoints Four Transit Veterans to Leadership Positions - Metro Magazine,https://news.google.com/rss/articles/CBMimwFBVV95cUxNaVM2SjJSNmE5SjFFMFkyWXRPOTBaOU9DcjU3T1V4U1ZEcmpHbmJYVmFscmxEczRiMUJUNzlzOW9tYmJ3RzdrMm9weHU1M1p0ajFvN3RuRFRIdzNDRjRYY1ByTzQ5RFMxUkFKbmM5cUJCbUZ5amhMMDcwVnVpNDZlSkYzbVdET2p3NXl5cUo4MzUxQUtYZEV4cVdGWQ?oc=5,Metro Magazine,2026-09-16,neutral
Massachusetts Bay Transportation Authority,News photo: MBTA’s America 250 unit in operation - trains.com,https://news.google.com/rss/articles/CBMipAFBVV95cUxNMUxKQTBfUTAtVTcxaWxzMnNvcVNlNlBqME9KTzJfZXNqZkItRHZ6WDFJVGhDb1dZQ01DdjUwdVBqa1YxNHJkWnc0bThYSUQtZ1h3Y0JLZUJuQ3FKRkJIazhQTlFtNnNnQ1hQUDdHVkMxNkJzYkVVUWUxOC1DMzV3TDdXcjNvZmFtZlZnekMzYnFJZWVwMEZmMk5OenVGQlNIcGVXYw?oc=5,trains.com,2026-09-16,neutral
Massachusetts Bay Transportation Authority,MBTA Updates Rail Modernization Plan to Expand Reliability and Accessibility - Metro Magazine,https://news.google.com/rss/articles/CBMisgFBVV95cUxPaWZNaVI5OXFHZXo2X01uSWdhVFB4YV84TVhGcEZFVTN0Vm1sa1c5UWhOZkl4Z3dUSk9zd0k0LXhJSHZBcElWTnd2ajd0WTdPMFhNN2JSa3liT3pwX0NkUkhtMHVKdmF6ZWxSMHp1T3NkNF9DcV9oOVA1Uk9ybzJqLXUtcFNqU1RfQW1feGo0aGhwengzUjN0eVA2SlhNY2V5dm1aU0ZOMU43OWNIU0I5cUR3?oc=5,Metro Magazine,2026-09-16,positive
Massachusetts Bay Transportation Authority,MassDOT completes Maffa Way/Mystic Avenue Bridge superstructure replacements project nine months ahead of schedule - Mass Transit,https://news.google.com/rss/articles/CBMizwJBVV95cUxQWi14NTZ0cjZfalpUekxvT01VRlliVG5xVU12MndsMGxxVjZuSXN0cUFGemt4bGx0bWc4enlRdXVCN2xYamNtMktxR0FZU2FpcVRlOGxmSDdZRTZ6X2JVeHNqWjZYVWFzQnF3d3dJbU5xQlhPb1VBdGpUeElDdUVLLUp3bjkwdlNYQ3IyNjY0U2VGa2lRN1M3ZEYtZkxCeGx1dWQ3LUVIQldrWHc5UmRLTHJXZ3hrXy1fRVV3ZkQxYVBDZlVCcEhYQndrWmVtOEhaTE04NUdyTlZuRFljcHREd0Y0YWw2clV5LVh3RmZoNW5UN3NoR0NNSFdReW9VZ0JoQUFDMEcybWdpMHBBV1FVUldsOWFGUGQ2QlhwdHhkenFqSVdZRnJlNVk0UllFWVdxX0tjUXYxTmpFdlU0VmV6UGhmNFNSeXdKSUVsYUFsTQ?oc=5,Mass Transit,2026-09-16,neutral
Massachusetts Bay Transportation Authority,"Boston's MBTA Greenlights 5-Year, $9.8B Investment in Transit Infrastructure - Metro Magazine",https://news.google.com/rss/articles/CBMirgFBVV95cUxQbmVSY29OUXdZSlJTVVhfVWgzNjF0b3JhMU5PMUFnRnlSZTkyTG1hZzFMQWsyQ2JJVERUaFBoZHQ3MVY2T3FuTnE2TDlKeEN0T0o0UVdwbjR5UTdNMGhaTUlOTjEzMEFjaEN1NDh2Ui0xS1FVVERSNWhqV2lSUUxyR0d2ZlpvZy1VSk9hcG12SDZfNGUwQVBlZncwaktGbkdlcmZCcWtMMzdpeGJ6SXc?oc=5,Metro Magazine,2026-09-16,neutral
Massachusetts Bay Transportation Authority,MBTA Wraps Up 2025 with Strong Improvements Across the System - Metro Magazine,https://news.google.com/rss/articles/CBMingFBVV95cUxPNWM4Z282YzZSWFE4SzcyNUJFcDU2S0JPdVdkMm1CbWp4WGlRMlNkOFV5bjl2SU9tbDdMLXljR19nLUxZV1hlWUhJWE9GQ29QSlJoRndtYWZVWndKUXVvQzU5cWVqYlZrdGkzcHRacHdUTUtySHY4M3lQbXI2X3Q0QWUxVmJENEhIX21nMXpkNDRVaGplS0ZHT2plQzRKQQ?oc=5,Metro Magazine,2026-09-16,positive
Massachusetts Bay Transportation Authority,"Worcester Report Urges Faster, Reliable MBTA Commuter Rail to Boston with Express Service and Infrastructure Upgrades - Boston's ROCK 92.9",https://news.google.com/rss/articles/CBMi6AFBVV95cUxPTFhKejdSdlFPc2pWVDIwRWdadlhiTGFQV1FDa2M5djF2M0VaLTZVNWo3WkZUTXpuUU90cjl3c2JVVGVCVXdlMWtpYmRzZ3J6M1NEZFA5bkpjeWZEekV5bUV0MHE3Z0k1czdfV2JSbWQtQzZxSDR6V3lXTW5DV1FnX0ZRLTF4VndTaVZCUFNuWXNkTWhSYjZDY0tQNEdGY2EzOHBkM09CYmExZzhTM0J6b0NIS0poX2gwMnIxa19TUE1GWklDQnFXLW1HVTJfRC04d01hRHZNZDdlWG03Q21EYTVrUlhiSHdP?oc=5,Boston's ROCK 92.9,2026-09-16,neutral
Massachusetts Bay Transportation Authority,MBTA train tickets for World Cup 2026 matches to go on sale - WJAR,https://news.google.com/rss/articles/CBMikAJBVV95cUxOWXNZMTJHcmJ1eWtkbC1MZUh0QWpjMWZlejc4ZElXa1d6THgzaTVoeFVLUDBNNHNWUVZHaHNEVXE4Z0tpaG9mdUc1ZV9fdHZvM2hiTmJnd01HZzV4Y09hOGRLbkxrbVJKMHNlM09MSWg3LU9YbkJqbUdYcTk3bExreDNyanRPYlJJbnpKWVhvcmZGM3dlZ05vbmxZRHViV01ObEpsV0lvVWkzUk9jUXBENC0tWnA1OWkyVWVtbWNLY3hWLWJmeDZFSllKQ2ZuQ1RONVdqcjkxLTFEQW5IQ2FqeV9GeTc0VVJ6MjZYOE1vME9FSU92NGJlaldYMXpaUEhxbGJVdm9leXdTSWswRXpDTw?oc=5,WJAR,2026-09-16,neutral
Massachusetts Bay Transportation Authority,Boston Charging $80 for World Cup Train As Fan Fest May Shrink - Front Office Sports,https://news.google.com/rss/articles/CBMickFVX3lxTFBZbWFZYzNsMVkzM1hCZkpXZTliclE3cFNFYmloVmFBTTVBQzBCNVdZVHJueXljUGZMRjU4MWdFd2Uyam11V0U0NTZBeGNNVHk3YUVBLWR4bnZ1UmVJT1hTS1NJNjBqYmNCUHhFQjBBUFVFUQ?oc=5,Front Office Sports,2026-09-16,positive
Massachusetts Bay Transportation Authority,Major Upgrades Completed at Kendall/MIT Station - Railway Track and Structures,https://news.google.com/rss/articles/CBMiiAFBVV95cUxNZGluenAxRVRzTHBlQmlLMGlGd0NlcllIbVdoak01NjNXX3NiNVRjTnBaOXNTTnJIN29tcTZ5VVV0WlZHVXVyRDN0NmFYWl9QQnlxbV9Idll2cG43ZkR4YThjVHBjZHlUcXdabDAyalRHMmZ6b1NTR0tvMFJhamhnWG43cnNEdjJh?oc=5,Railway Track and Structures,2026-09-16,neutral
Massachusetts Bay Transportation Authority,"MBTA seeks new battery-electric, diesel locomotives for commuter service - trains.com",https://news.google.com/rss/articles/CBMivwFBVV95cUxQa0k2Z0VOc1FyNlQ5YjhGbEM1Ylp0aS0tbHUzRWNaOGlXcXJyT3FWRFlXRFNKa1pIckY3TDc2QjVnUFRoYXQxTE15VUtFZmpSazFrWDdncExrZUJRVXZ3anVHWjhQY25iV0kzMm5VQ0ZJaVdlLWR4aTRWY2czdXU3Sl8taWEzS3hwYUV5QWF6OUhUU1lIbW5pZzU3dEhHbWxCeGo5cGpjN25GdEhSTEc2MTd3VVl1N3IzV1YtZll3QQ?oc=5,trains.com,2026-09-16,neutral
Massachusetts Bay Transportation Authority,Supporters outraged as Boston hikes rail prices from $8.75 to $80 for World Cup games - The Independent,https://news.google.com/rss/articles/CBMirAFBVV95cUxQdTNYcUJfeHJyR3hSbFJnR0RoZDhHdE5SQUkxakhDZXNMeVhUMlFod0xqVl92UThSa2hWTU16a1JCWXU5OVhrVGxlU1FuS2dwN1Y4VW4tSGE0M0dPVXBGMmEzRkJTQXJzcjd1Mm1TeWRGeDUwQVdDejYxV2NPVFRxSk1ocnVmVDl3WGktZWVzY2l2Q3AwRGZLUWEycmtTbzZTNlRZN2hxNnowMmEz?oc=5,The Independent,2026-09-16,negative
Massachusetts Bay Transportation Authority,Massachusetts Gov. Proposes $8B Transportation Investment - Engineering News-Record,https://news.google.com/rss/articles/CBMilAFBVV95cUxNMUVKYzYzLVNjcWFSNGNJUkQwSmJLMER3M0s1aXNZX2h6cjdCVUhzVUltZm5JekgzQmhNWUJWLXVabDRRNDJfYVJUN3pqd2JFTUcxUDNyVWFHdWlfeFBUcDJSSUJKRmVmeTZTOFBHbDkza2pZVzh0WUVOQXNqckF1Q0xpZUFEeGpYS21MSDJPSHNhYzZY?oc=5,Engineering News-Record,2026-09-16,neutral
Massachusetts Bay Transportation Authority,Boston extends successful fare-free bus pilot - Planetizen,https://news.google.com/rss/articles/CBMilwFBVV95cUxOYXFRREltb3M3bGhQbVpCd0NxYnRxazE3UnN2LVl2bHdxWi1Ib0hFNC12blNOQjdpaTNlRkdScWxVY0I2amZXV1RYTFVUTDhlNE5maEwtX2ttTTVCQUJteDB4UjkzZmpCTnRlSEdFdW1nLVlOel9pZnU3d25ZcVdQcDRiZHI5T0ZzS3FidEhUcFJrZ05sQW5B?oc=5,Planetizen,2026-09-16,positive
Massachusetts Bay Transportation Authority,Ferry catches fire while underway off Boston; all on board rescued - bairdmaritime.com,https://news.google.com/rss/articles/CBMitAFBVV95cUxPblhzOG55eGV1WWVRQUdzR3MwTlVMN0M2d0Nqd0twRGZ5MFhqYWIwWXRhY3BfTFVOcGFPVVdtLXd6aEJjRFE4Z01uSkRnWVg1OFc5N2M3eXQwclRFcWFENnN0QU5keUZYeHdNY3RPMnB0bkQzaGhWSE53Um91cE5YTW1tQm0xUlEyVFdjeV9CaHBrTWVqdVQtTWdrS0lreFB2aTNHTm9FZC1BQXBzYUpMQlRZcU_SAcIBQVVfeXFMTWk2TnZJLTc2WV94N1NlVTlVWGN4ZzRvSFJPLXhzbTZmMXVYT3VlM2owLUJvcENvUWJURVJxZmtkNVFLa2xJZEFSeDlXZHRRWFhMOTJHNC1aVjAzX09qa1Q3ejBBVXU4bFBudUNobzg5OFQ0ZjFBbmlaQUloNnVvaHNqdWR4M0dmdkFDTjlVajhRZjFkODh3eF9rc2d0V18wOGZ0V2VYQjV6aXdxUWhhbldhZTZ5eHl2NTk1akw4LVViYUE?oc=5,bairdmaritime.com,2026-09-16,neutral
Massachusetts Bay Transportation Authority,Authorities investigating after pedestrian killed by Massachusetts Bay Transportation Authority train - Fall River Reporter,https://news.google.com/rss/articles/CBMizAFBVV95cUxNNTlKTTY5T0xocWRrYURtMXA5QkhTMmVUa3IwbVZwRTdpNF8wQVBoejdQaHlRNDBpS2MtaFprYkdyeFdCd1ZTbExKTFF5YXJEUUpTMWdRQWhVakRuLWtJLVZ0VWVQcl85NS1XeXVadnlhRGlaY0JVQUd4QlA1c0dQU1I1NzZZZUZWbTc3RERmYlRDVF84SWh0cG80dG5kU1FYVWRMTW5BaG9saGhWVUczWGNaSWVyUUhvWHdZaTZ3LWtac3VGZzJmUzBnRnrSAcwBQVVfeXFMTTU5Sk02OU9MaHFka2FEbTFwOUJIUzJlVGtyMG1WcEU3aTRfMEFQaHo3UGh5UTQwaUtjLWhaa2JHcnhXQndWU2xMSkxReWFyRFFKUzFnUUFoVWpEbi1rSS1WdFVlUHJfOTUtV3l1WnZ5YURpWmNCVUFHeEJQNXNHUFNSNTc2WWVGVm03N0REZmJUQ1RfOElodHBvNHRuZFNRWFVkTE1uQWhvbGhoVlVHM1hjWkllclFIb1h3WWk2dy1rWnN1RmcyZlMwZ0Z6?oc=5,Fall River Reporter,2026-09-16,negative
Massachusetts Bay Transportation Authority,Rail News - MBTA enters New Haven heritage locomotive into passenger service. For Railroad Career Professionals - Progressive Railroading,https://news.google.com/rss/articles/CBMiygFBVV95cUxPcHpyUWhNb2dOM1pvTmFacFFaOENwQmMxWnRUSjcyX3JTcjV1Zk1YTm42VUVqeDIwSXBIMGVfMW90Z2RQdDB3TGlPUWxXclNCLTMwRzZHbzc5eE5yTFE0X1ZhbUh6eXZEd3FYV0JTT2t1MjRiZWZUYUR4ODdYX1VJY1dIOUpJSnJiTGhMeC1LUjhXa1lqNGZOdEIyREtpanRMSV90YWpJd3VjZVNDQTF0eUljREJXTUNUMVQ1M1prd0hmQ0NNSGFsM1hR?oc=5,Progressive Railroading,2026-09-16,neutral
Massachusetts Bay Transportation Authority,MBTA commuter-rail operator contract moves to proposal stage - Railway Supply,https://news.google.com/rss/articles/CBMikgFBVV95cUxPcFprX3MzWnV4NDZUQ1JTdTJxa1NjczFrcjQ3MkplWnZIRDhsZDFHbWtsSkxtS1B1ZWw0aThKbjNMdUFJTDFLY3MwNnNoYkk2aGdwVlVIa2h6Q2hEdjI3OWQxXzgxMEdCN1BiY1RTVVJfeXY3UmdGRWRoRjAwdWh6MjlWUmI2ZHBQdG1BSVVWZzd2dw?oc=5,Railway Supply,2026-09-16,neutral
Massachusetts Bay Transportation Authority,Turns out that World Cup MBTA tickets are not $75. They're $80. - The Patriot Ledger,https://news.google.com/rss/articles/CBMiigJBVV95cUxQWWpodV9yS3RWTTMwNVJPSjFqR2NyYmtPQ1ZtUk5RaVdLYktpdHdFMjdFUkhVaEg4THB3RG1hVnRabTNTRmxWSmJDNzRVQ2h3R0d4X1laOW4zNndSdnh1SFRJR0NEb3R5TkNtN01TYUJRWVkzdHNHQkJJMWtQRFNxa2xNd0J6bzRPQkRzT05kYnBTSWRsX19VdVllZlk1Y0ZhQ2hlTElid2lJZEUxdGg3LWM2cldrd0V5RTZlQ1pFMDhraVA2aU12eTdzRWYtQ1NlUkstV1VSMkk0RVdFckNSTEx5anVpWThoUjBOMlRuSmczSzFTemF6Sm1QYTJqbllSVklVSlgzYm81QQ?oc=5,The Patriot Ledger,2026-09-16,neutral
Massachusetts Bay Transportation Authority,"Award of Merit, Airport/Transit: South Coast Rail - Engineering News-Record",https://news.google.com/rss/articles/CBMiigFBVV95cUxPOVh5ZDZabGpJVmU1VDN4V2NySFRzRmx4MU9FNzNlTzZ2SnBfU3FvN2hzd0lhOFBOWGppcjlDMmZZSERiZmNLSzY5aGpGX05hM1FnY1lNY09hZWw0MzdqQ1BxYlVYWXBvRW5WV0Y3VlhnSFJUcERsbmVtVEhFMFVyaWtNV3Fpc3dXVUE?oc=5,Engineering News-Record,2026-09-16,positive
Massachusetts Bay Transportation Authority,MBTA backs away from major Alewife T development - Cambridge Day,https://news.google.com/rss/articles/CBMigAFBVV95cUxQU0pBbHc5cnNCbFdTOGYxdzMtdkpSaU91UmZiRWt2Y0ZYZHRyNlp6OC1ybGhBbVJONlVFQzJXUV9KLXkwWVc4OXVZUE9ETWFkXzA2QTFhdG5SOGNuaUJxYUphQWlRdG44ZUNydk5CQl9kQWZSLTV1VGhsZFZRTkRMYw?oc=5,Cambridge Day,2026-09-16,negative
Massachusetts Bay Transportation Authority,Full steam ahead for CRRC making T cars at sprawling Springfield plant - MassLive.com,https://news.google.com/rss/articles/CBMivAFBVV95cUxOeG8wcU82ZEQyTGpTaHRuWWh3MWMzdmJ4ZnpNM2RjVkQ2a1VqU2VRVHRZTkpxV1dCUzd0eE96Z3oyeDF1QVBkSmZYLWdUR3RQQnZLUXMyWVNoM19nR3RSRGFJRi11SnBiSWJIWHRHaW9NSHhSSTlNYTdFZTg2YWtSRGtXeFhNNEpkamZISjdfS1EwQ2w4VjhqdjlHdnI4UndqZkpDSVVfWGx5SVBYeU94ZkxMdlVEaFdtaWZLTg?oc=5,MassLive.com,2026-09-16,neutral
Massachusetts Bay Transportation Authority,How Boston transit leaders fixed a failing transit system - Smart Cities Dive,https://news.google.com/rss/articles/CBMiigFBVV95cUxQWkNTNkd1NGE3NjZFOUE1MW12MzRXMnV5SUg1QWhjVUVLdk05amJuQjhSSTZXSER1T0szVEo1d2IyVFZSdGo3QWtnN09pQjdTdVlBUWo4VWxXb0NST29VN290dHp0TWF1S1NwNDI0VW4wQmNxcDdqLVhtcmRzYmFIY2VMdTZCM2k3c0E?oc=5,Smart Cities Dive,2026-09-16,negative
Massachusetts Bay Transportation Authority,MBTA Rail Modernization Plan sets rail upgrade roadmap - Railway Supply,https://news.google.com/rss/articles/CBMiigFBVV95cUxQNW96UXVvbkN1MjF0VDZjRjJlNzlicEI2VHBSa1JVdmJBLWZKS0VBZHk5bDdTa2VOTnFsUGVkVndMTlVGZmY1LS1DMnh4RzI5aHkweFJDcktlZi1VWnhIWmtsUS1HVTRoSXUwMTZmWlhtU1BuRVN5T1ZlSTZCTlVzWFNkZHVVbXBhZ0E?oc=5,Railway Supply,2026-09-16,neutral
Massachusetts Bay Transportation Authority,Skanska lands $1B Massachusetts rail bridge project - Construction Dive,https://news.google.com/rss/articles/CBMikAFBVV95cUxOS3NaWVNlcl9nMndDOUlkdGdMV3lXaTFta1dVeUtVdFViYmphcmc5bi1aX1p5QjFwNkkwM2RkOC1TMk83LTRMbTkwM0RESUxHUkdQRmhvVnhtSG5LX29qMnlCN3RpNlZob05uUlZkTDlYT05BXzhQclBCU19nLTJXaG5qemE0YlpxS1dDaHhabHg?oc=5,Construction Dive,2026-09-16,neutral
Massachusetts Bay Transportation Authority,Boston commuter rail contract: MBTA shortlists three bidder teams - Railway Supply,https://news.google.com/rss/articles/CBMilwFBVV95cUxPYVZfOWFUSFhvSEhQNjczTnVGN0lLZGRrRmYtb0NXRGRUWENFSmtYc195WC1lTjVTWEwyRFloS0FFbmh1WnpqckhJUXc0aVdkUDh3bDFVLURVM0RkdDBCRHZzbkVxR1V6c3RsLW1PdDVsZVJSYzBiYWdjMU53TDA5dUdoMjZaTHhETDlpSHU5emY4WFdUaGRF?oc=5,Railway Supply,2026-09-16,neutral
Massachusetts Bay Transportation Authority,Train Service Halted After Man Parks a Corvette on the Tracks - Road & Track,https://news.google.com/rss/articles/CBMiqgFBVV95cUxQWFBwVDdLbDBhOVdjZGxLd0IxS0hiTkpHdWc0aGRHZkhiSy1YdERVMU5NV1R1X1JlOWNqN09VZEpxeWRpbnFsaGtXY19VM2ZrMXI3X1dQZ3B6eUhHbk5nYkEwcEdzbVhtWkdwdmNxTHI3TzRnM1dhUGtaTVFVUWlqcU50cE4ya05LUG5FSFB1aW90VXBpdW5KVGJhTDd1V0cxQzVKMXZyT0V6QQ?oc=5,Road & Track,2026-09-16,neutral
Massachusetts Bay Transportation Authority,MBTA completes Green Line C branch infrastructure work - Railway Supply,https://news.google.com/rss/articles/CBMiigFBVV95cUxQZXBFRlc1RXdyR2RxX1BOdFNBZHM3LUJtUThPRGJCeVZQUklERVpJeVZySGpKRjRzR2IwM2VzOUtJZ2xQUXVhRGFKMXZ4SUxiNFA0QjllbktQNnRQZHNraG4yR194al9OT09yUDN1Zzd6NTYzUHJSNWdnbHJOVnBCT0dzTVZvQU9IUkE?oc=5,Railway Supply,2026-09-16,neutral
Massachusetts Bay Transportation Authority,42-year-old man dies from injuries sustained after being struck by Massachusetts Bay Transportation Authority train - Fall River Reporter,https://news.google.com/rss/articles/CBMi3wFBVV95cUxNb3dOOXRJR3F6TExPdlJGNlg5XzVJeTlmOER3VW9fUVM0Y1p3M3BHVGdhQjBjZUVPYUstT1NfTEFCRDNkRklLcjBLS0FZTUJTOEJkOGRfcGQwbEZ4VkZJNWphYm5UTjkxVHJzRnQtSnpjV0d3TjEya2sxMnkxY1pZVVBFTWdJTFJFeXFzYWFWTEhScVhPcTdLeV9NX2hGSXZoQUg5SWtNdkMzVWNXSkR0Wmk3V1l5ZjFaUFh0V1Nta3VmMUc3MEpNcnhlYnZUR0QtUXVyakotOHVwRF8tSHZZ?oc=5,Fall River Reporter,2026-09-16,negative
Massachusetts Bay Transportation Authority,MBTA Secures Funding to Procure New Commuter Rail Locomotives - Railway-News,https://news.google.com/rss/articles/CBMikAFBVV95cUxPSHZoYmpZbEJpMUI0aEFkZVE4ZFBURDlKa0loeTNlTml2TW9MQ2NwU2FMSDYxNW9WZHRNMDh4X3oxallIOTM5d0hjUEdBX0VGTWVRTW1ESkR0RDVFZnYzd1dSRmIwb3lsSktTVXNuWUswLVJlaEpSLVkzb1JybXpfdHpOaHJOQ2N3SkhjMGItZlU?oc=5,Railway-News,2026-09-16,positive
Massachusetts Bay Transportation Authority,European companies compete for Boston commuter rail network - Railway PRO,https://news.google.com/rss/articles/CBMilAFBVV95cUxQU3Z5VkZVa2F4bjh6dVhyUE5CWGhIcHFDR1htSWxyUXNQUDBDRmNxTE5iMWxrU0dIbWctVUx5NUhLZHNsZHVYLVVWQW42cEJwUVRFbVdncEFST21tTFZhUnJWWmJORExVbkhIVWwza3ZXRXMtdmpnU3BLT3ZITkZadXg0ZTRIUVZUa01WX0xDSllnTUVl?oc=5,Railway PRO,2026-09-16,neutral
Massachusetts Bay Transportation Authority,"Citing improvements, judge ends oversight of MBTA accessibility - WBUR",https://news.google.com/rss/articles/CBMioAFBVV95cUxQU1M4MWkyNkxMOUM4WkhHR1VrSWxtWEtSVVc1bVZDcUF4MElyRkZ4dGtTXzNUTGV3TWtsQVRyTk96dzBwN2FyUHM3VzMtQzdSbG54b0ZyY2FpYkNGMFM3UnhSQTJ1SUNnTTFPLW10Y29KendMWC1lTS15RFFsbTdmajRGT2Y0VnlSRHZDeERlMEZQRVhUeUVmajlodlFfV0Zf?oc=5,WBUR,2026-09-16,positive
Massachusetts Bay Transportation Authority,MBTA opens renovated Kendall/MIT Station headhouse - Railway Supply,https://news.google.com/rss/articles/CBMihAFBVV95cUxNcjRYMVV0a3JwdlVxVjlsZ1FDYld4SjdBZ1JoWnRNX3owSGhrcXE3ZG1kb2pRLVhIdy1ENkpvazZVTmlsQzVHYkRfOWt5ejdHMHpZQmdBVTdYTUFfM3pZeWd1T0NkdlZsLUwwaldXaW1ZM0dlZ3BPdGhPMDVBYWhHS2Y1ak0?oc=5,Railway Supply,2026-09-16,neutral
Massachusetts Bay Transportation Authority,The MBTA must crack down on fare evasion - The Tufts Daily,https://news.google.com/rss/articles/CBMiiwFBVV95cUxNSlVDXzdweEtWUTBmOHZCY0tCMi0wWHBpZjUzYzNsQ08tLURkZ3FmbWp5U1FSMzRFWU1MaWtIYTV4TU52QVpKZVg5NTM2c0lBZ253Q1NSWVJiaDB1YkcydzJ6X2wzN1U2cGQtUHpGTUY4MmIyQjFtbDZxaXVpWXQ2U1ViQkJWMjlaY2xj?oc=5,The Tufts Daily,2026-09-16,neutral
Massachusetts Bay Transportation Authority,US commuter operators launch battery-electric locomotive tender - International Railway Journal,https://news.google.com/rss/articles/CBMinwFBVV95cUxPb1NkbmpXYVhjWnJnVnd5bUJoMHdLX2VVQlFxYlVUMnJocHVteTQtU3RCT1BTdm12RE9SdW8weEx3dXBkVmFkV2RjV3FFa2Q2UE1waVlwYnQ0SkdKajk5dVJkbGg4YThPUjNQTWVpY29LZVhwS3NlS3lWUzM2VGtzTXhwV0d3T0ZYQjBSVG5YU3d0Q3NlYXl1NWxTYnNYa1U?oc=5,International Railway Journal,2026-09-16,neutral
Massachusetts Bay Transportation Authority,Healey faces off against Minogue in quest for second term as Massachusetts governor - thehill.com,https://news.google.com/rss/articles/CBMigAFBVV95cUxNSDFEV3duZXowX3E2c2JldE5TUlNMVzhnNzJfd1BOU2RvZEN0czhtVVRnVTd5czNVZzJyMG8taFNtbk4zSXc5UHdGbzFUMVF4Z1NORldmNWNEUGNJN1k5UlRpMjVIdEdDVS1QWmw4Wk1RMW5mTU94SDF6bzAtUDB0NNIBhgFBVV95cUxPeE9uZkJnV0tYWjEtUDVIS3FsY1RHSDlBdmNXb1pja212N1U1eWZiSWp1d2JPYjRZQU5FZU9wY3V4ZlhmVXQ0VFlKMkQ2cWlOWFlhVlNlOU1DNWR0Szg5ZG1WR2VyVnlSbGtkREoxQ0trVE9xUjVzZTROR2xPNkJ0NFpqTjRydw?oc=5,thehill.com,2026-09-16,neutral
Metrorail,"UHPD, METRORail partner to provide free game day transportation - The Daily Cougar",https://news.google.com/rss/articles/CBMiowFBVV95cUxPcTlKdnJlV3ZEeUNfNTdUYThkamVLSWhROGo4S3pKRGhZTU5wbnJVY1JYcW9CWUhJeThWMktJTHBsRFlaWk9kMGJQdVNNeUxFUWNYdXJReXlCb2NXVWlZZU0yWHVrMC1ZYURENEgyTXJIMXFhTjM3X19VM1d2LTFRdjdjRzZmd2NKMlhpcjJ4d2JlR2p3WEZqSkRHMUlfMDdtT19j?oc=5,The Daily Cougar,2026-09-16,positive
Metrorail,"Grosvenor-Strathmore, Medical Center, Bethesda Metrorail stations to reopen on Labor Day - Washington Times",https://news.google.com/rss/articles/CBMisgFBVV95cUxPSENlam9YMHByMklNSHk2NTNwUlpGQk5KRnltVWFkNF85NTZLSm9hT2MtWHh2TGZPT2NpX1h2bUpqSnZqWG9VR3NQZjdyVVdxMnY4WE1SV1R2QmpfaDIxbC1MSzdjSmRIb1E2SGstWmxPNUNwTXFBZDlqNU9lajFjQ1FPUFFOS3dWdTItOUc3RDJrM2QzY1Z3ellzVmowMFVIa1k2UVcyZGFlaXg4Q3hEaVhn?oc=5,Washington Times,2026-09-16,neutral
Metrorail,Houston Fire Department Fire Truck strikes METRORail train - FOX 26 Houston,https://news.google.com/rss/articles/CBMihgFBVV95cUxPMDF0djkxQ25uSFpxT2xjNzc2TmhkQTIzSUhvRzg4UFhBbnJmcEFXNFl2QnJyaXBXaHRsOXNLUDR6M19Vb3RvOHdfOW1OSUlVU1Q5STBiV3d3djZ0Y2xCdkdUMzhxcVdGYm9DcWNsLXVxRExQYVFYYUZKTzBIdWZYNjI2Y3h4QdIBiwFBVV95cUxNQW1KTVF0V3Z0WlVIR2JSS19LQjdiSzBBUlZCTHJzSGt2NlFrd2NoQ3pCRDg1MnNXcmg1aGMtYnlqajROSUQ5VEJOQVZSLVVhNHh4bHgxejRTOXNrdFI1ODAwc2NabXZrZXBQTmJ6Tks5dHdua1dqX29Nd0ZRX1RJNlUwaWJBUENjVFdn?oc=5,FOX 26 Houston,2026-09-16,negative
Metrorail,"Houston firefighters at fault in 2 METRORail crashes, reports state - FireRescue1",https://news.google.com/rss/articles/CBMirwFBVV95cUxPTTdRMGk4dVVQVGxzbmtvYk1Ua1lhb01CYlZsM0txWGxkamdKbXFTVjEzYlN1UFFScXp1WTBkNnprZ2laSFFpSXZTbWNzXzJEZjBoYTlIOXJhWHZXQ3ItTDRaZE83QUJPSEVxNVNyVmpYQjdmc2NIckJQSXQ2S2tKWVp4OElsaXhfVWgzdlRLZzhuX1dvd1JRTDRyNk5aX0JaRllYbXV6YVFGM1BvMUxB?oc=5,FireRescue1,2026-09-16,negative
Metrorail,"HFD at fault in both July collisions with METRORail trains, TxDOT says - abc13.com",https://news.google.com/rss/articles/CBMilgFBVV95cUxNV3Fva2N3Tk1WZGo4U0VXX1dPc3NMWG53T0JHUDN5TlB6SkF2LUdMSk9GQ2FyVkMzR3N6Z0VPd3NjU2RGSzgzS2w3TjlBZ0RqZm9YQlBfM2luLWNqemxjMlNFWWVtU2tvcV95S0JKZlBWNkoyT09sUjFSQ0NMVXFtNlEyeGRFQWpMcFFqN0JFWkJ0Z2JHSkHSAZsBQVVfeXFMUDh5VnhqNTVzSWpZV0lwU1BwblI5ZkNsa2NjaHIwSnRja0l6WnY1dVhuNHIwcVdNRzFzSktWNF81X3lCbF9POWUydlJGXy1mTEZJZFhzVVV5bVRNQjd4MnVXSHlBZ1JDbmJlVzlnQmtZamM5dEJqWkgzM1gxWEpjWkxEU05GTk5Pci1raWpCdWhhXzNuZFJ4RE9EVkU?oc=5,abc13.com,2026-09-16,negative
Metrorail,Miami-Dade could lease site along Metrorail tracks to developer - The Business Journals,https://news.google.com/rss/articles/CBMisgFBVV95cUxNdVpxdHBOZ3pZanVqX3dUbzYwUDJITzZETXNvUGZnZkM1MXowRzY4TWtwemRKNHVoeThQX2s5ZFV2WHJiQ1Q5Z1ZSMXRhSWtJOU5wVzU2SkZVbjJnT01Gc0JBMG82QnVMaGRTX1JrZ1IwNm5xUTVBSkxWc3lHdUNKMndNVXBKcTdxTktMNmdBd2FrSkRXMURqd2xucVdVcHZJWTFyRFhOYU9Ma01GVDUxeVZn?oc=5,The Business Journals,2026-09-16,neutral
Metrorail,DC Metrorail to move ahead with plan for full automation of Red Line - trains.com,https://news.google.com/rss/articles/CBMivAFBVV95cUxPNVRoVzJFcmxyYi1XU2pZaTJqVmFMY0Fad1ZuUzhYbUVYRFgyY0FUWmpsVkVoMHEyaTRLdXl3SHNpZ2kycnFiNHk3OU0xem1nWVBWZXBjODg0RVh0ay1rYVU4bjRiNENzXzRXWTJoVzdDai1pZzJuSHJhdklrank1eUNzeGQzZTJKLUh4b0hYTlNZLVhIaVR1NUxDOHFLOEFzczZqcFQyaFpEVDNxTGdRc0phSUNmSWhuZUUzbA?oc=5,trains.com,2026-09-16,neutral
Metrorail,Cost spike sparks rethink of Miami-Dade’s North Corridor rail plan - Florida Politics,https://news.google.com/rss/articles/CBMirwFBVV95cUxQeUI0ZS1CWE9VYWU3U3RZMTI3eXAzSjNlWUZiUGR5SlIwTUpYRW5Ca2FGUmtuTDlqT2k4b3JJZGI4MlFCQkxGNXMwelg0VmpqcTdtRWFBUGZXZWo5TUZrbUkxanhFaVRMQlVscW1mTU92T2E5ekZ3N0Y1ZF9iX0JvMGpwMzVVWmpxSnczSTFfcnlrRWFFb2Z3VVdSNk1uZHZ1eGpSaTNiMWZNMHdsb1V3?oc=5,Florida Politics,2026-09-16,neutral
Metrorail,GALLERY | Metrorail celebrates its 50th anniversary - WJLA,https://news.google.com/rss/articles/CBMi1AJBVV95cUxQOFljZWxCcGRVWm5FOFI4X1piZUhsMUU0Z3FvYUdxNlprVGc3dTlYNnZybFJKZEpqa0NYa1U3d19rTEFzeWhoTWpaMUhxbVI5TGI5dTlBU0JPQlRERHljNjkyTGZueE4xTlBsZmFsbElZRUZ1dG9KY3lBMVJuVGlUUldzbHVjQTRrb2lkY2JXdG45aGRIOThhZG13d0pESGtWVlZSTm1UZ0V6RlRHZHNJdF9JdWtwUzk2UkdyOWVIS1huaV81VVBZN1ZnclZIVWJQN2pvWU1KWWQtNmM3dC05SjFsRHdkbmdVcFpTRGN3anp2VlE3RWI5VzhiT0JFeFVqaW1NT0d6OGR2c1k2S3JCMG82OS0zTjVxS0MyUThrcjRhcFJpY1ZEc3FQVENGb0VjR1ZLYk1TemVXQTRhdGZpU0RaYThNVEliSXRhcW9mNXlCZ01n?oc=5,WJLA,2026-09-16,positive
Metrorail,2 passengers hurt after HFD vehicle collides with METRORail train near Museum District - KHOU,https://news.google.com/rss/articles/CBMi-wFBVV95cUxNUmdDSUlOTzl0NGVtUzh4dUpxR0o3Z2lmNFVxOERHaEVoN2VJaFo1RjJVVUdTMFlrSDRWdThodFZNRWF6c0dZc09Xb2drU0RIWnNYUlp3eHpwRkFWeXRvaFI1aW9jV25ETnJBcVJDeXFvdC1kWThmRXI1SDhJY1NWazRWMm9kdVEtYk9NWkxiNWZwSlFqN0tmU3N6TXRRLW9hYzVZTmhoN0RPLTJfSkZrNnF5Si1SZ3dLcHl3TUl2bXFZSWVpanVNa2dXZXN0QldSaU1VeVU4WFFENkxLSDhYOHZoRmtNbDZtdEpVUWZfSUFSaVY3MndVVDMwaw?oc=5,KHOU,2026-09-16,negative
Metrorail,Why I’m celebrating 50 years of Metrorail magic - Greater Greater Washington,https://news.google.com/rss/articles/CBMigwFBVV95cUxQZjZ1ekdqYUNzd1NuXzFsbnZwRXR6a3dmbXpaY3pucEttM1NvcVB6VkkzdkY2a1MzbHBHYW5sNlV4M1lHOFZzdUVjYmV5WnFRcXRZYkhfX0NMNUR1NGlnMzJzU01Fa2Q2MFJnVUU2YXVXZTVMS254ZmlTZGdpNkxENmM1VdIBSkFVX3lxTE1aRGpQanZYUElhX0g0MVZxTHhlSHBYdV92ZkNXM0lRd3JXSGFPVXB2dUowWUxLZmwzTmhFcXpUdjNEQ01BdEMwcG5B?oc=5,Greater Greater Washington,2026-09-16,positive
Metrorail,"‘Elevate 54’ Planned Near Brownsville Metrorail Station at 2845 NW 54th St, Miami, FL - Florida YIMBY",https://news.google.com/rss/articles/CBMiuwFBVV95cUxNZTlRM2tkckZCVGN0WjBVVG4tY0VoS0tCbWVpdUVLdV9oM0U2ZUhaa1E0UGU5N1FWVG1RTHNPRGd0ZlZXYi02SWhlZXc2amJ1T0NOR25PdXAtZ2FiTm5MTHYxTEE1cGhESVNZVEtwTm1FYmp4eGlfQlpKMXNTXy13V1FYbzdYMnlwOG1ILUYzU0xoQVZTb0JrTVJTRjFRVmxzN2tmb05rWGVKelN6UGd2Yl9yNTNMVk5QRTNr?oc=5,Florida YIMBY,2026-09-16,neutral
Metrorail,We’re Coming Home: Your Public Transportation Guide to Getting to Nu Stadium and Being Rewarded! - Inter Miami CF,https://news.google.com/rss/articles/CBMixwFBVV95cUxPTm4zT0Y3c3RyaGtIVGpfTGlqeHZsY010RW5veGtnWGlDM2RoZkdhMUZkOGlfUmxjWFB0b2VYY2wyM1ZVY2g4Q3ZpNFBCRlBCdmIwb3V3UXl0dktKYzBlV1FlRndBYkFtLVVmek1DWHFtUHlDZGZvSmZPdmRsZkozSkRFR0pvS1hKVVlPdFp3THg4Y3lBSVYyMGZYZzVWZ01hbXFWR3RNbnB6eXpzX3o2WTNhdmZEWUE1c3BTd044VlNGS01nSHZZ?oc=5,Inter Miami CF,2026-09-16,positive
Metrorail,METRORail Red Line service paused this weekend for maintenance in Houston - CW39 Houston,https://news.google.com/rss/articles/CBMidkFVX3lxTE1CeThyZTEzNU1qRjRUTkdhUGp6QXBxZ3Y3SzJRNDJMWV9VZEZMS1BUZlZzbVBwTTdaemhSVkgzV3U3UEhrWVhXdFhmazNCV09ycWhHQWtWV0tQVDd2d3pPbUJ4OFU1QVJCUzcwc0FVWGdQRmdoUHfSAXtBVV95cUxQNzhMeUVCNW9oNFdpeEtvTFpEMkNnR05YUVJhbFFabVJjQ3VhSm9xV0trVlo1dTdadTYzQXAyZDYwd2l3dVlSNk5iaktfemczZFNjTUFTVGZ2ejRYUk82bDJXTGxyb1RLRGd3bDN5eVF3YktZenc3MDNURTQ?oc=5,CW39 Houston,2026-09-16,neutral
Metrorail,"HOUSTON FIRE ENGINE COLLIDES WITH METRORAIL TRAIN, ONE INJURED - Firefighter Close Calls",https://news.google.com/rss/articles/CBMiogFBVV95cUxOdXB6NVpWekZHdko1SjgySXpmQlZVdWQwbXlydzR4RG1LZ0M2VVlESnVZcnM2SFRNWkZrNzdzaGstYkhDc1NnRXNKOTFRWEU4RVJ1VkdPSjBhSjcyV2czTDNpQU5HZkRCUlBMbXBUeGFqTXFqV19sWEUzMGU4bEplbTZOTFA5cGtabE5qUzNGZXNibVQ1X2tYM1VxZFdhRXdSSFE?oc=5,Firefighter Close Calls,2026-09-16,negative
Metrorail,"Collision between METRORail and HFD vehicle near Texas Medical Center, MPD confirms; second incident this month - abc13.com",https://news.google.com/rss/articles/CBMiwwFBVV95cUxNVkxfYUY5U1d5NUdXQ0J3Y3N6aVlSZDRaQXpqeFp4bjF3ZGFYNm5lX3BHd0V3WTNQSktyTFJrcVIyQmQzYXRFdzhTZ0pqRUQyMWRMYWVqT0dHUWtMeS1xbWJsOGVuak5lTThxVm1kT3JQaXpMaUpOYTAwUkJZWU1fZzJuUnpCRjJpcEI0QVJEMHY3T19ZTmlUcmR0MG0tb1B2R3N3M0N0eE5DbXczcU4tbXZCSENDT1FIQ3pfUHFldkdlWXM?oc=5,abc13.com,2026-09-16,negative
Metrorail,"Suspect taken into custody after incident involving box cutter on METRORail, METRO Police say - KHOU",https://news.google.com/rss/articles/CBMitwFBVV95cUxOa0RIbUg3WThjcF9nbTc2Z0xxaU9PMmZ5RGk2blN5elJPYWZJaXhBSzJBZEpRSTBnXzI4V2Q2bU0ybUpOd2pYc3JzRTRJal9DRHl3TmQwdHJReW5Bc2o1aVN4TFlZeU1NbFpKMmFWNVpIYjJuVEdTcFo5ME9vRlRXd2RvTU5raHl3dkZZN2p1VEY5RkJtYlNrZEVHaktpX3JiRzRlenRTbnVxN3d2bWt2dnp0WlBxcUk?oc=5,KHOU,2026-09-16,negative
Metrorail,"Doors, barriers coming to Metrorail’s Red Line platforms - Washington Times",https://news.google.com/rss/articles/CBMiowFBVV95cUxQMFlaNDkyTnFzRUdpbzFYRGl5bDY5ZGd1VVkzMXF4OVlLSzBMU2syR0F6WGVadW1rejVwRW5Hb2U0NE1Sdlp2eEpnbXVyak5hQjJMbFkzQmoxWVFLSWZ5LWtlZXlXZEx6SnRBaEJSOVJOV0szM29maHpUNXNGRTcwNkhBeE9uSXNIS2VvZ05JZE1iSTRVOUtVaFd3NHctVHYtTldJ?oc=5,Washington Times,2026-09-16,neutral
Metrorail,One injured after METRORail and HFD fire truck collide near downtown Houston - KHOU,https://news.google.com/rss/articles/CBMiuAFBVV95cUxOaTdLc2JoWDFaclEySE5SNlowOWRWRmZYeFdzdjUxeXNwd2ZVME9jS1NDVXhNMFR4dHltRC1fcHJyODlPMm5mc21sbEpHNFByZTVDak9oSEFXdmFSaEF6VlAyRDhVbkc3Q0lOOFByS1ZiTDByOFNBMTVNODJjb0pwc182NGV6S1Ryckd3Y2Rna09OR3Yyb1hDRGhfcC1iUmtyLUw2UnlPWktNei1TMXBSaXNmcEJvdHhN?oc=5,KHOU,2026-09-16,negative
Metrorail,MetroRail train crashes with Houston Fire vehicle near Midtown intersection - KHOU,https://news.google.com/rss/articles/CBMi6gFBVV95cUxOZDdXX1BoVkF2eXR1U1BycFpxaUpmbEJudUluVTgzX3h5VlBmTGQxamZpeEY0SWcyTWFfa0pCOS1jZHZqQ05IeFlZYXJ3YXlGbDdwZTB4OFR0VUo1NVRkSG5zTXZFS1psSFdOeDN0X0RocjdhVUlpME1Jb0JscjRzTjNIVkNEeENual9UQTdlUHQ0aWtLSUJyM25Wd1VUQjZyampHdTNtTk1BMmstaGRlcElLWUQwY1dpdW9ZajktbUtXU3hab3I5UzBNME9jdzdYX1Z3VDRtOTV0T0x2bS1USXlNeC05cm9RUnc?oc=5,KHOU,2026-09-16,negative
Metrorail,"Tons of Inter Miami fans ditch cars for Metrorail, Tri-Rail in rare transit win - Axios",https://news.google.com/rss/articles/CBMimwFBVV95cUxOT284emhPb1lnZ2FlLXg3a1RlZ3pXU3dSZ2JwUGtHaFJoZ3g5VVBjREJuZkhxRUZLWE42S0xRT09BZkE1bG9ieHNPY1JkbzcxWkdibW1RUjRaSHNsbnRyeGxUanFvLWdOV0NHMHIwbE81QW9VcGdrUmVHMmFjZG9jQXRKc09xd0xLMktIXzM0MXZKSDVGQzMyRFgyVQ?oc=5,Axios,2026-09-16,positive
Metrorail,"Montgomery County Department of Transportation Director Chris Conklin Elected Chair of the Washington Metrorail Safety Commission - Montgomery County, MD (.gov)",https://news.google.com/rss/articles/CBMiiAFBVV95cUxOOTFidmtWeXlpeU9pOTEwR25mN0dBSDBhMTNnZjVrMTJYTVlQRy1hM0lCLWJ5eWE4ZXpxR25nOVMxNWtvXzZsaHpZS3g3ZkFYX3hwMDloVVgzblB5Wk0wU2xUdnN6ZllLZFMxcTBNaXRIazl1UFNfbmZrRGVYZ3ZZdWg3MGItZUtv?oc=5,"Montgomery County, MD (.gov)",2026-09-16,positive
Metrorail,Fourth and Final Tower at Link at Douglas Secures $134 Million in Construction Financing and Breaks Ground - Florida YIMBY,https://news.google.com/rss/articles/CBMiwwFBVV95cUxQQUNEQV9WaWc3MEFJSkNiRXl2dlI1dG5ybl9FbURmMGtwLVFtLUdaNVd3ZUp2a2IyRGo5Vk1oSGdLdl91dWxuNjFnVUhxdW4zUHlVTXpPckNHc3MyRVUtbEIxcHo0VUlZaFVDem9zNGFQY1JiOGJCWWZkYUlHM2wwUEZuMlpFekhzZ0c4bm9jblpFd1huLWoyZFFiSFhqNGFCdEdQUGtiRHVGMVk4WC1LdnhmaWctM2xsVW5leFRSc29Pb1k?oc=5,Florida YIMBY,2026-09-16,positive
Metrorail,Breakfast links: How many people rode Metrorail to a sold-out concert? - Greater Greater Washington,https://news.google.com/rss/articles/CBMioAFBVV95cUxPeDlHRnM4ZmJWakc2UTRvdC1ZYmYyQkdnQVZsRmVIUndIRlVTTU1fMmxjSTAtdURYTnk0anVSSG1WUWp1YXV1Y080WDZiWE0xSVB1QW5ESXV4dGstMGZhekZCR0lTUmZKdFljSWJDWUp1Z1FYYVlQbUw4QjAyREVidmh6cU9HaVdrdzBLclR2YnlaLVo2UDhhalFzU3NQdm5Z0gFKQVVfeXFMTy00bjRKV2IwYlR5aDZOeEhVT0I5Rm5xWGgwR3FzVXpoR3YzWFlFVkN0ejdwN0RxcllHSkNyclNMQTl4Y0pUY0R2Nnc?oc=5,Greater Greater Washington,2026-09-16,positive
Metrorail,Midtown Houston shooting under investigation - FOX 26 Houston,https://news.google.com/rss/articles/CBMihAFBVV95cUxNUjU3aWtTVzJwWHFDX2VkcVJjMlFYenh1RlJLc3lfLWlGcUVVSl9Na3FuM0FTb1VYWjBERG9rTUJMM29aSTNTdE5xWEFKZ2lHZ19VUVNEdGtwR0ZGbWJLeFdHcFhHSjlYQmtqcDVQNmNBcHk2N2E3WTRUZkQwaXpnaFZNM1rSAYoBQVVfeXFMTTU1blJnRE1aVDliSEhwRkZoY3lMSml2TjVJSWhiME5Eam1kZmNiN2pLTUFXWVpYTy1ndDVqaFlsVXY3NUExTjdjbUVMQ3FVM3NQYm5KWnJyUllxeWN3MFFPTW5PSkFlWjJxbklHMnpfR1pTZDJJWU9XZ3VvRWQzQWMyNTY3QjM1T1Jn?oc=5,FOX 26 Houston,2026-09-16,neutral
Metrorail,"Cost of Miami-Dade’s North Corridor balloons to $4.2B, imperiling federal funding - Florida Politics",https://news.google.com/rss/articles/CBMiwAFBVV95cUxObk9hdFR2MXNkZnJmYVJoSm5VWktqa3RMcEVIWlRZSjNqSjNkVzBSVFQweGdIUE04S3BFNm5XbXRmQmFLSXBieXdHWk9abG9lRnBYeTdUa0JtQ2FxR3hwQ3AtZ1g0OXdDVjF5RzdGUW0wckhKNFJHNDRmVnMzY2V3b2twSGYzUU9jcDRhZC1UTHpJM09Qa0FoTHAzU3ZQMjJxVGVlNjRydWlTOXJDcFZNb3hqcEI3M0M1UGlDd1ZXVk4?oc=5,Florida Politics,2026-09-16,neutral
Metrorail,"Loudoun Commuter Bus Service Adjustments Begin April 1, 2026 - Loudoun County (.gov)",https://news.google.com/rss/articles/CBMiXkFVX3lxTFBHN1lnOW1LX3c1X3FERV8tR20zbmhneWhsMDlpLVJIS2RpaDU1YkNZUXJqa19Kb3pCLTR0WUYtb3U5dldpaTl6ZzVWenBvUXVFNXR5Nno4RVlkMl8tWnc?oc=5,Loudoun County (.gov),2026-09-16,neutral
Metrorail,Fans pack METRORail for first Houston World Cup match - KHOU,https://news.google.com/rss/articles/CBMi3gFBVV95cUxNMzlSYldWRGx4ODA0d21ZcTh4WVhuaWlYdm91LVUta0w4V09GdkZybEVwZXNXZXhWZlJMUGZ5cDdGRHBheWluY3BQRFZSNWFGWm5LRzdzU1Y4VGtQcTh4bkJjUkU2MHlTNEFvbF9pR0pMRU93c1pONlNhY1hsZnlyaGNVY2xQc25zdjl0VmRwYlNqYkpZRjlEU3hXTFdqeERqd2JlX3BNczl6RjFDTHdrMzN5Ykk3YVdMTDVWUmkyUUtNNVNIMmJRRlNZcWhSNHBVV2VxRlByODdxb2EyUnc?oc=5,KHOU,2026-09-16,neutral
Metrorail,Suspect killed in deputy shooting at transit center - FOX 26 Houston,https://news.google.com/rss/articles/CBMirAFBVV95cUxPeDJRUmdBQk85aldJWmtNWk43Ykw1QVZSOURFOWF4YmJ0QkxNUmRjZWRaajZjb0xJcVRLSWpwRTJKMUN4WG1BZ25qSTdJd25VdThDNnJyVHlaaEc3SGNYRjBFU3N1eG1sS2E0ejRPcjM1aUZ2T0lQMWRuWlUzaFVCN19UbWtIR2ZvMEs5aTd4cEVHc2EtcVpMZHB1RnQ4S1ZBZFcyS05DQnZDU2hJ0gGyAUFVX3lxTE5DQThCTV9COHBTN0tTVm5TRWMtY3BCTmg5bnM5ejBEa2IyOTV1UE9GanhfNjY3THRuNzFMT3NRaW1VQkRfVEtNOU5IVVQteDZYNUlIWVVpUVJqUThqR2dmWE56cVpSLUZudTNhWllfbmRtb09WSThrTkRLcVNGVWJKbTJHSExjYm13ZTFzSlI2VGVTWGN4RHRwMDZzc2FwTFN4dTFMaWNwREQ3aFFKM2R2MGc?oc=5,FOX 26 Houston,2026-09-16,negative
Metrorail,"Shooting near Midtown METRORail platform kills 1 man, injures another, police say - FOX 26 Houston",https://news.google.com/rss/articles/CBMirAFBVV95cUxQUDdQUUh6elNuR3IxZmZtdFp4dGpCbGN5d09CeFNSUi0zeldVZGtCcGEyNkM0TjFfTFMzQVRNTk1TN19wV0Rrelc5c1RWX3J3UGRRWWJKTFF0YzVDNHB3M1p2UzI5dUJ5ZS1HOG9yalBLeElaMk15a05zVUpraTRFcnJUNVZiT3dvaUtDVDJxenU3MmlkaTBwY29rbFFWRHpkUm9wT1NFMW95NTZT?oc=5,FOX 26 Houston,2026-09-16,negative
Metrorail,"Work train in Metrorail collision exceeded its movement authority, NTSB says - trains.com",https://news.google.com/rss/articles/CBMixgFBVV95cUxNT3I2SEg5cWtPSWlteFVBM1FxM2ZYMkVvVEdGdnl0Y084NFhGZzN1dkVIaDhpMEhkRWlqYTNrTGtOdDVlRVRiRFVtRnhNbHJZVjR4VGtDUFp5OXl0T2xfN3NFQTdZTkJkd1J2QjhmSVpWc3dNbV9mUFl6a3VGMTZaZHJoc3d4eVRFeDNXVkhzcUR4UzBHbk1TOUNsZ25maEhKZ3J5QVhsWlVPZjFQTE96aVU4aVRObmduOF9CUlhkR0dPTWpvanc?oc=5,trains.com,2026-09-16,negative
Metrorail,1 injured in incident reportedly involving box cutter on Houston METRORail system; suspect in custody - FOX 26 Houston,https://news.google.com/rss/articles/CBMitAFBVV95cUxQRi13cXV1TmJkYU9iU1dRUmVyUndMOW91WkNjRzZaRHdQSmszU09sM2E5X1hLX2lvZjRwQmNVaVBpUnA3WVhOMnJvWlNzb25NSlozM0kza2FMUzM4cEwwajQtaGJSUGlwdUlFblU4d25fY3praTRfTEhWRC01Z3hQUkp2V182S014VlNONlBxc3N6d1lQcEJKME5FZXhyS0hSTnNGZ1Q1eTd6WmJzbjNNX0V0NDg?oc=5,FOX 26 Houston,2026-09-16,negative
Metrorail,"Man found dead in roadway near METRORail was possibly struck by multiple vehicles, HPD says - abc13.com",https://news.google.com/rss/articles/CBMisgFBVV95cUxPSWNWTHFZMzgwOFpJVWQ4NHBmU3hyTU91ZWxVN05DOXZCY2NpVjc2dzRZdFAwSXA1ek1OaVVyY0loRWxUX0JiSWJLUFpORndEdkQzai15bmN1VF9ZajhzRVMtZnh3ZUY4NkwzcFc0b2pCYUJYQ1c3NF9nSjE4cDFQVWlxd1RWYjVwbERnRGRXNTEzRTZWSjMyaTBoS2NKaTY4OV9fdVhNUGpOTXdkRTg3NHZR0gG3AUFVX3lxTFBOUDFnTElJTE0zaFNObER2UmkyOFhLTTJHcVdoaEd5dkhfX3B0UUFzX19laF82Mmc1YXpoTDN5LUZqN2JhSHRnY0JEZXlwZ0s3UTFYa1FJU3hWa1BqandfZVVvLTFLUWJtcTlURkRRd3B5MmY0V1BxMno0czhhcjFrMUlpc0lnQ3VqT3ZBZW9nUEs4Z3c4VzZqTVJXOXhLM3RVYVhrd3hvaGlLem1KMFV2SmlRU0NEVQ?oc=5,abc13.com,2026-09-16,negative
Metrorail,Video shows woman backing away from suspect before she was found dead under Metrorail - NBC 6 South Florida,https://news.google.com/rss/articles/CBMitgFBVV95cUxQMXRfSU5rWVZtWF9VUk5fdGFGR3NLelpkRlgtQ1FwWlh5NXhMdHk2RlVSUG5pT21vMVgtUkJaNDZOUFVXclJNTlk4ZWpZT2xoVU9CaTNVYl8zbmhRZFFJMzM0eTlQdXozNThNYzNyNDQ5NndzbGk5N3BuaGNFcDJWLXp0T2dQakxCa2tyaUpENFV1cE1raVNVRU1tZHhNb1lxSDdOMktIUGE5UW1NNHp0RkFnSnZVd9IBvgFBVV95cUxOSnRqMUp2dUJUUkd3ZXJDZEpRendMOVpQNk92WEVtRUVtTW05S3MtbWdMWXY5TWZITmRuNWhKUG9DODRGSnRJQVBnTXpjcEV0YlBLOWVmc0UySDBtRDM0RnNzdUlvWjV5LTBsR05jZDhGRnJ0UjVlNDR6YnhHbWVmRWl5c1BLZTJ3U0FxczBfdlRacEZucGVpMVBzV0RXQl9kN09tZkI5cjlfbUhtYVBQZXJiS1NhazNMRGtHbUFn?oc=5,NBC 6 South Florida,2026-09-16,negative
Metrorail,High achievers and low performers figure in Metrorail’s post-pandemic world - Greater Greater Washington,https://news.google.com/rss/articles/CBMixgFBVV95cUxPTTJRRm9ab1MwaWdWdTJ3NW5TTlhhNjF4Q3I3RzFUdTJZdVJFZ0ZsNy1FYlVGSlZxZGtSTzBYU1lTT3paRWtNMTNtS3p0eGlZRi1qU1NuTW9XR3NzWk9kajhhbTJUbUpSRERYLTYxc1NEUE5JcUhDbTJYVXRRRjA1NDUwcVhhV3lZbER3LTlmTWxWTmJUa1dHM3VSU25aVXYyZ3BCOXN5TjgzZU4yVjNYRUxlQWtuUUNIeHRsMGEwRFV6Q0R3MlHSAUpBVV95cUxNQjRTVF81VTR2SzRESVUzNzV4RmNyd1ZtYkRhWWxLZEk2VUlkX0JyRDZsM0FKdS0yc0VrRVZVSmNPVHZaSXNsRF9mUQ?oc=5,Greater Greater Washington,2026-09-16,positive
Metrorail,"How to check your Metrorail, bus lines as snow service slowly returns to normal - wusa9.com",https://news.google.com/rss/articles/CBMi_wFBVV95cUxNb0FuclA3V2ttNlpqUjU5Mkt3UHFBUXhvMXl2ZzZaT0ZLVHZxMDNXTFVtbmQ0YWxMTDFVcGNTaWotLTE1bTNDMTBSMjdSaV95a2ZYZ2VRa3ctSE1fclhqWHA3SzFHOFdiN1h6ckQwS0NkLXlZVUlVbzE3bjJLT3YtYXV1MTFpWUc0VTI1Tk9ZRUcxODBpa1ctb25CM3Z6ZmNjdXF4VnV4c3V1STNvLUpQNWl3T09EbXBGVHd3eFRPM1huLTh1eWJkc2ExVHJ3c3A1NXpMMDRCOWZsT0ptOFVEX1NrZnZabVRjeFVLS0pIUzdHeE5nUVBsWjVlMnR1VUU?oc=5,wusa9.com,2026-09-16,neutral
Metrorail,"13th Floor, Barings nab $134M construction loan for last tower in Miami Metrorail stop project - The Real Deal",https://news.google.com/rss/articles/CBMinwFBVV95cUxPY3UyajZZN2hTU05WSEZaVGtiWHAtR0F3V1VQZFdYWUN2UGJ6VU9IOTIzTC1obnk0clJ0ZDJwQnlyd1h2dWhUcmVmU2IyVk45bkNCT0hhZ0V2c0Y0Rzh3REhJN01LU2tyQTlRQlZkRVh1VWVHTGZaVXNMYkJYTC1fck5xWURTZFh0cmM0NXFTN0IyZ2VXNTR0U0gtaUk0czQ?oc=5,The Real Deal,2026-09-16,negative
Metrorail,One shot during altercation at Downtown METRORail platform - FOX 26 Houston,https://news.google.com/rss/articles/CBMijwFBVV95cUxOR3VnaG1oX0NUeWJyeU5Ib3hYR080OE9fMG1mUnBhODY3RE51ODhzd2NBSHVTNHJRQXo1SHVWaERQZUZDOTB3NTVMMkh5MVN4NHJJUlgyZnBhQlhCSTZ3MmxDd2NRWGtib1RlRFRuWUNMelZwQjJTVVRabDc2VEcydDlNVGZOTl9DQlRUMlhOdw?oc=5,FOX 26 Houston,2026-09-16,neutral
Metrorail,Houston Fire Department Fire Truck strikes METRORail train - FOX 26 Houston,https://news.google.com/rss/articles/CBMiZkFVX3lxTE9aMDdpUjU0azFjckcyWi1YRVN3VTVyUmJMUkdkUmliZUNCeHZONzJXSHFtVjFiMjBkbGhFQ0Q5S0ltZmVXUGJsN2ZqYnYxdmE1Nk4tejFGa1ZZX1I2TVZ6a2h5cTloQdIBa0FVX3lxTE9GWmhIbFpWTkJjNkxLOW9oVEJpVlhUSlc0UVpnbElFT2w3bU5KTFpBSmQ4QkhHMlA5bEpWaGpzOERwY2U0UEVGampfOHZxQUpaWVFiZ1NIdFFUM3R0WWx2ZWhZRWljdHRNVGtn?oc=5,FOX 26 Houston,2026-09-16,negative
Metrorail,Fire truck collision derails Metrorail train near downtown Houston - KHOU,https://news.google.com/rss/articles/CBMi3gFBVV95cUxQWW1vTHIxb1lTRldfWlUydlY0NlhzcW9WZDJIWVVUdXp5bG1qUFlLbDBkbGFzQ3VjaHF5dldoSHRUQi1OaXRTczQ3bW1LQS1FNnNobFo1cWNOdWpjRjVsT0ZuQ0lQWTVQZXFvaDkyajBhNFREVnQ5N3JhMXlTVFY1VUlBaEktdFBReUsweTNrMG5tMjFSUGlPRDJVelNZb0dTQ1VaRi1QV250Rk9HeXdYakZSazJQTXdXRnhCWnloenVnVVRUUGxCUjEybFJDUnJtRDhFYmo4bE1TV0VLN2c?oc=5,KHOU,2026-09-16,negative
Metrorail,13th Floor Investments secures financing for Link at Douglas’ final tower - South Florida Agent Magazine,https://news.google.com/rss/articles/CBMie0FVX3lxTE5qa0t3eWRuR1RONTBWeDI4cDJ5SUxTSGE1YmwxTnhIU3B1YUExR0xPTlZJTVdaa1ZuNjRVWXU0SjdaR1czWnJyWTQzZnpNZldCWHE2YWc3NWV3SURUai1INlpVSWk3N3c5NkktOS02MlE3M0g3MHoxUW1HWQ?oc=5,South Florida Agent Magazine,2026-09-16,positive
Metrorail,NTSB investigating after DC Metrorail collision injuries 11 - trains.com,https://news.google.com/rss/articles/CBMisAFBVV95cUxOSHFuNU93YnlyRjNNNmxHZUZsY3JqUC04RFVnSjFEQkdsZjFmbGNpQWVjdXNsQ1gySjBSSlJYbk5ZUWlJZWFwSENieVRZb1RLd2RybE5YTXU4WTYtOWFrWVFoMkRWWmR2Wm12ZHNZRVhSd3dDMVA4Q3dzY0JGTjhHbmwwZjFkUjQ3a1I3M001U0VTWWJfUGVVZ3lVTFZEUzh2RjlraWk1d3FKZ29nMlc4Ug?oc=5,trains.com,2026-09-16,negative
Metrorail,"Washington Metropolitan Area Transit Authority Continues with Phase 2 of the Bus Shelter Replacement Work at Shady Grove East Metrorail Station in Rockville - Montgomery County, MD (.gov)",https://news.google.com/rss/articles/CBMiigJBVV95cUxNYlZ4azd5V0ptRHpsNEVVbDlKTjdrRzdSYl9rYjlFa3FmUWU0N1lQR0VodWYyM0lWYXlnNmc1eUhtaEE5TkVGMXhGeTJaaHlrMWtjQld3QWF0MG93aHpIaWRmYmEzalpJNUtPbUFiTi1kSlJJdGpmb0xUN3VMaFhha2JwSmdyb0pCTEFieldGUjFqWnBuM190ckRqaHZxTzNKa2FXNlJDOXBtTlNUOXdiTUV4MmtjOVhoRi1jampKeGpCV0g0Q0NoLW9mdDV0N2dQbDBmbFowUVhRcWVGaHA5VlBCWndOb3FsY2FCWnpjMmJJU3IwZlpiZ1c0b1hZVFBrQTNta2xYbVNpQQ?oc=5,"Montgomery County, MD (.gov)",2026-09-16,neutral
Metrorail,"No new Metro station for RFK Stadium, WMATA says - wusa9.com",https://news.google.com/rss/articles/CBMizgFBVV95cUxNNW41ZWxmQ1JrODNOODZXdmhsMDMyQ0QycnBBYklmR1dMd212MzV0aUhGWXJ5Wk9NV3dVenRZaTdnUnZoeHFYT2lqYWRvRzJIdHd3UVppZng5WXNGVUpUVWh4X2ZQNGhBd0QtSVA2OFhQREt6eFZfRUQ5ajg5QjdGR2FSWkZBTENaRFNqeW9SaW1FZTJJZHZJNzZnXzJ0MlJ3LTRfaWprNi01d2VEV0lMU1R5cTNIaHBBU1gtRkVlLXA1OHlHeURicTFCZ043dw?oc=5,wusa9.com,2026-09-16,negative
Metrorail,The MetroRail and Metromover are extending their hours for New Year’s Eve: everything you need to know - Time Out Worldwide,https://news.google.com/rss/articles/CBMi2gFBVV95cUxNOWdSa2d4Z0hHSExOcUNpSkphd1FvbGVXWGZJMlBFMGMzUHdBMkRaNHN4NHBDa0pZemxVam5qQjRBaEpxNUM2OGtNcHlIbGhPcG9OLWVack9nNm1uNGlYaGFneXlYVkVkUThFT0UzMkRZX0xGVGxKczdwWVdnOXoxYWNqS3JnZ0U1Z296bGRfQy1CRlMtSmNIYURyUE40SzR1emdjNE1fSWJWSmdKajRlTjlYRVF0U19ubXVhQmZLbG52dUswN3pWNUhoRFVoX2JyZkZSUS1BUlc3Zw?oc=5,Time Out Worldwide,2026-09-16,neutral
Metrorail,Developer Lands $134M to Build Fourth Apartment Tower Near Miami Metrorail - commercialobserver.com,https://news.google.com/rss/articles/CBMiwwFBVV95cUxOLUNEU2xwQkFONXFnOGpubFlYQWRvRkU3anhKSzVsYjM4RFphM3BINEJKUDIycUZITkhmWUFXNWtId1dnRTU1VzhzZXV3bDlySlcyY2NNMUloZUJRcWYyTEZiMGQ3M2R3UkVFX1d4Uko4TUJMUUlfa2Y5R09RVWctdmk0MFEwVW5ZNVJRaktfWGx5aDNOa2VVOVRXeDV2VkdOQ1o1QU15N1ZBYzNRdjJfaVlCYk9oSFk0MnJndlR5d2pIQkU?oc=5,commercialobserver.com,2026-09-16,neutral
Metrorail,"One killed, one injured in shooting at METRORail stop in Midtown - Click2Houston",https://news.google.com/rss/articles/CBMitwFBVV95cUxOTXJycmp0QjAwNVhXR2xaWXpEV1Z6eWxfbHFpRlFvTGNGUGNzZlJBQllOZWdfQ2hNaGEtMC03ejE0emJFVkE4RVZwaENPMTdXTG9NZVZJdlY2Y2IycERLWWowR1NaTVU3LUZzbzJ6SFBDR29aVlMzRmFyLVByekt6TnVsTzh2YmE2YUtmTDZjRGdQWnpYUWdOTlFxV25CWFBFU0tKNi1hck96MmVuVVlSenFianZkeGs?oc=5,Click2Houston,2026-09-16,negative
Metrorail,Surveillance shows moments before woman found dead at Miami Metrorail - NBC 6 South Florida,https://news.google.com/rss/articles/CBMivAFBVV95cUxQc3RXMXlyTjk4ZzE2a3pDaklINzg3ZFJFRUdQMGdDd1NRQjgwbXc4Qy1SbVUtRWdyc2V0Nk5PVnRibHZ3a1AwWlRIRlFCZFBkcjJYZGttWlp2aC1MVElIOWl4cHRlQWY0VnlSUDEwYU1JNWFvR0MwSHFCeDdGVFMydnlnV0thcEk3Z1pzM2xYcXJ6MFk0b0I0WXl2czRaTHhLd3FUQ2Y3b3pZVnotT2pxLUVFMzdJcnJ6dDBMcNIBxAFBVV95cUxQX0ttMzhmbWFWUTJLTG9XdHdjdU1MVmFJM252QnB0NllxRkxJOW9EeWtmWTZ2bGdZM28xZURyWjZlTnJOeFpaRGpvc2drT3hyOFdhTTFYM1AwVjRqc3QyODVCVWNFWnJJcUFfWGNfUjFHSWdNWnRndXpJTHZ1ZXFZWFN3UHpLLUhjd05fRFZNUGluc2I0R1JPalNKVFZFeUxtMmxwbHV2OUYtX1B4dlF1SjNVWG5JQkIyUkx0ZWJ0U3Vma3hE?oc=5,NBC 6 South Florida,2026-09-16,negative
Metrorail,Miami Metrorail: Are Officials Riding It? - Miami’s Community News,https://news.google.com/rss/articles/CBMijgFBVV95cUxNSExoT0xsNmoxdGkyc0Nzc3V5T1AtQ0VzN1RUdjNSTkNTeDZmY2wxbktsWE9VV1dZbmZneDV3TVdpQXdLOHpnX1VNTTlaY0JPZmZjUUU3bkxyNi1QSVlYTVdVZDl5R3RJUnZycE9tejVHQkk0NXFGd3p1XzBFZTBsUTdMX0xKUzl6SXFqTmFB?oc=5,Miami’s Community News,2026-09-16,neutral
Metrorail,Audit reveals Metrorail is failing to conduct internal safety reviews - WJLA,https://news.google.com/rss/articles/CBMixwJBVV95cUxOczhlQXBDeDJEdWtwamZCSW90LU40YnN0ejFXdkY2T3BoNGo3dGhuR3JYVTNicUFrN0tkUnlGeVlrSkNNMnNsN2puV2xBRU1Vb09ISkF6QW1EaFFGdE9BMURtaTExUmZvYzZTejBIMmxZSFUtRHJnb2R0MWJ0LWtPcjU4VDFPUkxEU0lrdHotck4tX3JvMl9hSFAxMGVtZXNXVWNfWDMwTFpTTUNwZUhWbXRiSWVLbnZJelJDQk1aWUxsWEl0Ulh1WE5wM0RsRElCWEZDQy1lb3dmaVFXYnh6RGpXZzRzQkRPaHI0d0FQZF9kWE9ZTm9sR1h2eUt5SU1MMzBYSllKZFJqY2hPaURKMDRPaVVEMmFPRXU1eXYxRUNzamJya3JxcDNBYVBRSi1IT3Atc2NOLW1rTWtuWmp6a0ZqNXRKcGs?oc=5,WJLA,2026-09-16,negative
NYC Subway,Young man and woman killed by NYC subway train after one falls to tracks and other tries to help - nydailynews.com,https://news.google.com/rss/articles/CBMivAFBVV95cUxPN0lMS3VfWV9nSVk0a3dNQ1hwdWprWVlSNEYyRXJXZFZFMkQtTVRYaGYxMmVFVDFoUFJ2Z3hJQjlsblZDR1ZCLURqMUswaXNKUFYyZTZKMU9pS3ZGMndhcjBLbW1UNFdGcFRHc21vZmd4eXZXTjYzbVdYN2NHM0ZScmRGbEY3Yl91WmVnM1pFMThrbjcweV9jMTRBZlVfVlhNUkZ2WHpoeEhEaHF6TkJrVjJkU1EzUnBwR2t2LQ?oc=5,nydailynews.com,2026-09-16,negative
NYC Subway,Editorial | NYC subways need real platform barriers to keep riders safe - amNewYork,https://news.google.com/rss/articles/CBMie0FVX3lxTE9laURSbkN5RVRQUTlzNjRGR21ESFc4aFFqSXVxeFdxQjQyUTRxalJ3YkJDRDE1dGRhMHNiNG05QVNxOTg2UnZmWnAzMm1KS0o2VHhPcm0xNUExU3pYVUhsOFg1RGxZU1didE9BLUhTbHMzd21LWFpjSzBWbw?oc=5,amNewYork,2026-09-16,positive
NYC Subway,Two people killed by NYC subway - News.com.au,https://news.google.com/rss/articles/CBMi_wFBVV95cUxPeWVQU1FxTm43TXhHUjMxZG51bUtyWXAyN0UwQnI1aGZicmRmWEdEZVg1TzkxN08ydzl3NWVUQ0ROVkxiVlNvYzFRRzUzTV9BNVVwT2JpRGFCcXBDVjFsRkFsVWJDemhINHZhUV9RSnd1MjZZc3FiWE4tam4tb3hRYXR4MkhwejFxMVBpNlBzWTdHR0NvTU9rS0FPNXJVU28zYkM5SU4zM0I0UWxYRVR4RDlRX0Fic0FNcDdrYUJCcHB3QXNzYjJ2MDNOdU5RTlhaaU51MDg1U0gwSnJVNDM4TEZOZHc4T19TVjlSbGNRY0VURkZ5SExWQ0NaU1pMZWfSAYQCQVVfeXFMTndHdkVRQ083emROb3RGdDR1TzRmWlp0VDdUUUcwSk50b1VtbmZleDUydGh2alpMdkZPTi12RUtaT0k0RGMyTkVZRThRX1plRWlzMm9FTHZSb0RCMnRYOHN1MTlVNnN4UEkyTlBjSEZxS1dLa1prUmY4cC1pTjhqdG9DaFNpRHhwYXpqYXEtN0NQcmxTS3BoNkN4RkZkb1ZqQXA4SENXb1NrS09aem9wbG5udHFiMUs0LUR3WFJZU25UczcxT2tyLThEOVdMaHlseUZJNTZFU1hRbXBIc3hQRm1iTlNlY3ZLU0hqVlQyVk5UQXZ3Z0hNdDFYeEtra1dudURyVVU?oc=5,News.com.au,2026-09-16,negative
NYC Subway,"College friends, both 24, killed after seeming not to realize NYC subway was barreling toward them: reports - The Independent",https://news.google.com/rss/articles/CBMimgFBVV95cUxQdVo1WUxEaFFGVTNEa3ZmTzlqQ2R0ZEhQclNrUG1jWWhWVFdBOGdFTmFWeEtEZjZaVVJnZUttbVBVeFFzWm14TUY0NnVzOE1yY2dQVHg0cmRJb2lGZGRXYmNTTG5weE5qY0c0SzFKNFFtVnM3dDRSajlWLTZ4TDlUdDJmYkZJX2JpcXVhUm0zX295bUhvRWhTT0ln?oc=5,The Independent,2026-09-16,negative
NYC Subway,"Indian-origin man, woman killed by train after sitting on NYC subway tracks - The Times of India",https://news.google.com/rss/articles/CBMi3gFBVV95cUxQNDk3SVNIOWlPRDFsZnBjN0x0UlVMdzExVHVteDI2TEFwQl95YzJsdkFFV2ZqR0FWdFY5RENSdUlnZmg2el8yUU9lR1lldld6N1BubkV5Q0dtZEpRY2E0ZVBKelNBWWNXYUpBZ1Itb25tSTdWV0hPeU4yTldDZzlmVFFZYTMzTXR2YWJ1VHRGNXFXMTV5cW9UaHJDd2lweGpua21weG5UZ05Nc1RHWGRDbXhzczJ5VVRlMkVhNDhCNkFxbUVFNWVPMTJMcXZLTmwyXzE1akJVblpsRnFtNnfSAeMBQVVfeXFMTW9QMXlsTDlkRklpSHdMQi1BMkZia2hpUFRwY1N4RzFNcGVNMVVJRHAxMnZOYVdGVkZCdk9EZkVZdVNOUGlwOGxQUElza1RuQXZQNklWaFBNN0RmZU1JQktvNU1LMlIwdW5qanFudUdGMW9rM000dTB3STVoNnZZNTRFOVBBeURFaFhkckwwNUx0TGpZQk9xdXJMeTBiTU1CcTcwSGhuZV9QOEhpNXR0X0l4V3VzbFNIa0gxVE9PSDdISmFFUWdUb09QSkNDVEQtLU5VT2xWQkRTX0xacW1zblphbDA?oc=5,The Times of India,2026-09-16,negative
NYC Subway,"Sayreville War Memorial High School Grad Hit, Killed By NYC Subway Train - Patch",https://news.google.com/rss/articles/CBMitAFBVV95cUxNREIzamdZYkRpaFFMaW8wUzhQREhyTlJPTWNablIzY0dLcHJmMWl2S3RKTlMxa180WFlqekFSZC1YM0YwUnFjMUpHQV9GX0JPTFEyb19zN0QweXh5LVU4bkl2ZUpCTFRsWlVhTndWRzA5WEw0R2dNYnhPRGp1dDc1Z2NoQzFNTkFFZVhNNnpBQVZXRDBlV3F2R1QtbkpvWTBPWUxpZjh3TjhCdWtseGJqRG5QUkTSAcoBQVVfeXFMUFJsb3gzQXFjVWZCRnRzRGtaaEc3cERTVm5XN3BIOUxjQ3QzVTV4NVE5cHhfRjU0NzFYOGJuTzQyV3dMd1dsRkFseXJGMjUwUmprQlVMZFIxUkoyaEpicE9saEVOakxia2tTZzVubkNpTWhWNlBiOE1UZVRBaVR1SWREY2VUemMyODB4bTFFQ2hCUlBVQjNNc3BuQVc5eW1jY3YzNHFublIySmt2OUVBTnQ2T2FHdWVZTUotRE9UcFp0VlJVNkNBNGRQdw?oc=5,Patch,2026-09-16,negative
NYC Subway,Police Investigating Whether Couple Killed on NYC Subway Tracks Were Intoxicated at the Time - National Enquirer,https://news.google.com/rss/articles/CBMivwFBVV95cUxNb21VcVhuZnlsRnNCeEExMXVhd1g5R3lRdEJuTTdTT2UwbHo2ekJiZmc3T3N5ZEk5Z2tIaGxoOVg2bW1zYTY1RGpUMlFsa2toY1l4Y1pOQmY0V2J1blVCbndaeUVETUR6SHdQVy1ZdFdNZHZ6aEh3Sm1hdU9wM3YxSG1EbUFxYXpjZHk1bmJaZGNFNHdkSmhZclY5c0J0a25tRVBCRUtQZml2MTZjNkxfNDd3S2R6aW1jM1B5OWhIZw?oc=5,National Enquirer,2026-09-16,negative
NYC Subway,"Indian-origin woman Malaika Chitre, her friend killed in NYC subway crash: ‘Fell’ on tracks, struck by train | Hindustan Times - Hindustan Times",https://news.google.com/rss/articles/CBMikgJBVV95cUxPREJtd2tXX2RWUEdXR1FFZDFmOEQtOHROR0pmLUNIMXBuaVhGNnRuZTZJd0VrSjZmOXJ2aTBGT0EtTnhEby1LRnEyS0Q2RXhNc0Z3NldTbV9EakFHU2Q4MXRaNHRjS3pXbnIwbDBUSWZGUHcxRGhlWVpOcDJidWxiUHNObnlmVFBvejRwQUNGUWRZaGhYV0xabW5ISFJobUU1Z1hPYVVQSldyajR3VHhDM2xsYTk4SmJrVW9vOC0yUHpnQzFuT3dtN2hmSk50bXVuQk5kSjNBLXpXdXdwWUxtbEotdzFvUWs5dmltMzNVZE5IQmRwUThORG5HVV94Zno0c0NyNEJDX0RDb1E1a2p2MXdB0gGXAkFVX3lxTE8wSFZYV3lDZ3Q2bGZjQUxTalQ1cmpsdzBBWUJsNzVzVXg2aWVrbFZIVDR5a0R2VjM3WnNNVENCeXFIZGtYZDFpeUZVSElScTl6aE5iOTJ0QmlETmZacVh4QmtsTjFOSFpkbnI2OTdkVGh1enFIU3kwdDNvVmJQU0RpcXJGaGtBV1hKa1NMakNPd3JISW1uTko2S3ZOdlBfS3VxXzFqMXJ1NkF3dkYwWTdrUEpSV1RUNkd5Vm5PaEV2TkZiVVlZWnQ1SEl3LWNFcTFUZmVfMnhlVGZBTGd2czJpc05vUGNEb2lpZnhfd3dTTi10TW5ZQS1NRElGTFU0dGhWZU4xcWZibkNIOF9FcnMzblhoem5sZw?oc=5,Hindustan Times,2026-09-16,negative
NYC Subway,"Indian-origin woman, friend killed by NYC subway train in Manhattan - Firstpost",https://news.google.com/rss/articles/CBMisgFBVV95cUxPVXVVUWRpbU9XV05GZUNPNlk0a3dwOFFJQWwtMXRMRkJaVFd1UnJNV0dEdmNEWjA5V1BLc1VlcTYyVDd4X3lUQWhFWG1BS3lnQkhhOGRWb3lXdlVoazRUbEhFZkp4V3N5eTRVTXA4R2dHbGFrcU42R29BQUd6Y0QycEJ6eGNzNEIweWt2aW1aTVM0M01PWXotLThLX3NwbmtJQTROREVfT1cwajE5QmtqaVl30gG3AUFVX3lxTE4xZ2I4WlQ3Y2w4ZWEyTk43bWp0dlZvWkwzeVF5TWQxalphMnFiQ3ZHZ3NKVWVGSDNvMVRwN2lrd1VTWVNFMlpvODRSdVVXU3R4UW12QnFfbmYyN0hqUlY0bWRnbDR3MjRwNDF2TjFrMXRrLWFDaWl3cFRhZUN0dHdLcUlDUk9mLUtwT04tU1B0MExHMHVsYXVaQlpOZkIyWmROMUl6UHhNVjJueHV5akdKUWVNYW0ydw?oc=5,Firstpost,2026-09-16,negative
NYC Subway,Learn to make iconic NYC subway-style mosaics: a mobile Queens art studio is hosting hands-on beginner classes inside Long Island City breweries - Secret NYC,https://news.google.com/rss/articles/CBMiT0FVX3lxTE9WQVlRMDdBc3F0SHRWcmctWmcwWmFJN1lJeUtzSlF1Vm5TRDNMMGp0ZEZITlRyTUhYMGg1X1oxY1VKWFlYbTZUVk9xVFRXV0U?oc=5,Secret NYC,2026-09-16,neutral
NYC Subway,Doomed pair struck by NYC subway may have been so disoriented they didn’t hear oncoming train: sources - New York Post,https://news.google.com/rss/articles/CBMi2AFBVV95cUxQUTNQSjVFNmFCeTQxb2F1V0NDVWdfMDFPa0JGRnVKN0gxQ3gtdF9IVlBMOU05cmFoUkZYN3BKM2k0c2doTFdETURPWHo2OTJZWGYxaDV4OVFtdzlEQkNxUnRUd2Y5R3dpSFltY1oyMzJpOXRINTFjblZZVTBncWQxOTRlRXdoNmdkcU5FTi1OMnRKLXlvbTFSa1Z1NVY5OXFURncya1pFZUw3QVd2N1pRTDM4MWRpeGdMUThmSDBySi1tenJpZkZueUZjMEthTnV4dmdtMkRPZ0M?oc=5,New York Post,2026-09-16,negative
NYC Subway,Man from N.J. and woman fatally struck by train in NYC - NJ.com,https://news.google.com/rss/articles/CBMikwFBVV95cUxPYS1mbnA2b0VzYi0ydDdwQWJmOVdIeTFBWmJPNFRGQ2NoMFBaOGpaQ09ScXNMbU16bzBLZF93WlZ5aFcwWXZKQWJVeFRUNkVlbzNWQlFEMUJOQ3U0NHZQc1VpYjJXT0dYWi1aSURVY2MtOGljRWdoeHluYnM4bHlRTDIzUDZHTG5hQlNyQmI2WVpKSVHSAacBQVVfeXFMTk1sV2tQalV1WlJfc2NNRGhLTV82cHk1OHI5MDVFbm5rWWFHMC1xblRYQTZNdjFXcGFBaFdyakV3MElYTFIzbElCcWtkMVk0Y3lmNG9rWEpYN3M4ZXpfVl9ONzZqWXVNYjFfWVpmeURvdHZucVRsaGJZak4yMnRzNnB6eXBSSjY5TGNkbnpnVklZYzA1U2xpcGhXYk90dHd1cUw5cmg4dm8?oc=5,NJ.com,2026-09-16,negative
NYC Subway,"South Brunswick Woman, Sayreville Man Killed In NYC Subway Incident - Patch",https://news.google.com/rss/articles/CBMiqwFBVV95cUxOdmV5cEprcXRVTGRpS2R5NldBN2x1cThJUm96SEhfakRqZjNRTEluMFhpTm1YZEszQTNqXzQ5RlRPcXhKanV4VXBQbDJrUHNHQ2trTlBpWlpxb3J3UE55ZmZnQUd1eXZOLVR6VmU0cU9BNjhwLWJuVXljdUV5VWpKQ2VDWjVwb2N5Ni12TkVXcjBvT0ZLZkFRUXVfUDlzbVdvdWtTQWV0MDFfVGPSAcABQVVfeXFMTkdveTVSSGxqRVpUdDZpanZnVUJLVklJcGxRVjVVY3RSSC1Hb0w0Z3ZBNVJGb3V1T1JCT2RpemVGTUlaTnpUaU5Qdm95azRyWm5rTWVVZy12NGZ5Z1dzNGZFQVVueTlxajd6OWZmNUY0cTJGX2ZjUFBfNHB4NllEYnJpaHFZYk1mWVdNbzVQak5neDVjcEJWdUlSVEJhS01MV05HaWw0YXpZLVdKRzBoWk1KbVk4alV5azBtQURXMlVL?oc=5,Patch,2026-09-16,negative
NYC Subway,Two Rutgers graduates are dead after being hit by a subway train in New York City. - New Jersey 101.5,https://news.google.com/rss/articles/CBMiYEFVX3lxTE5MSnIyMndzU2tPZUQ0cGFwQy14X3RKMk1sVWM3Q3BKS29uVzZRZjVkT3RLVlJvd3AyRF92eHh5MmFLOUdUQUpvdGJQWDFiX3k1RTJNc29GajY2bWdBckpMag?oc=5,New Jersey 101.5,2026-09-16,negative
NYC Subway,Young man and woman caught on video sitting on NYC subway tracks before being fatally struck - New York Post,https://news.google.com/rss/articles/CBMiywFBVV95cUxPQkRwMGpuQXFSZ05TZTQ2WlVOT0lJeGxXWDdFNHZ5aXlhRzZMOEx4T3lPRGVYQzBlaHdTcEs2d0xZNkMyMEd5b1R6bWJENlV1MFphMTRYdjRGQUJVYUxOdmVRWmstc3NjTWgyLUFBcWpZU2RkSk41N0E3TzZfNjJEemF4RzdYY3FkU2R6dC1HTllFTUxvVUszOEMtdTZKZGZ3X05NOG9FZGZjU1R5a1o5eTB6WkJseWp3bHBDUkxJRnpVQVFIWEFRU3FoMA?oc=5,New York Post,2026-09-16,negative
NYC Subway,"'Was laughing': Video shows Indian-origin woman, friend moments before NYC subway train ran over them - The Times of India",https://news.google.com/rss/articles/CBMi_AFBVV95cUxNLUV0M09oNDFMOU8yd3RjNDFSUzhHQTBVNGpwa012WHhRNFF1bUs4QS1xR3hVLUM4VnBLRFpNaE9ZTHhvOGZNRmhaNFNHREVjUEJzVEFBT1J2SEhWYTRjZ0s1VUYyVFFnTHdLQlZsTE9mR0poOHgzdVk3NVgyUE1BT0VQZXI5SnQ0VlRnSkdfOHhZNTFpSlgwV2pXZHFQYktsZkpWaVpBdGRQa0lWUFhjaVVON0tubjlONUxqeVBrUk5RMjFlWTVibmFGNkNHWmpHaGw4eS1KN2d2RGpIVlhyVHNhLVUyWWgxMDBxcktwOWhGMHktUlQzNUtuSW3SAYICQVVfeXFMT0doRGw4dEdsb2J5S2QxQm1zeFJXdjhscUZfNERxWVpKWnU1Ulk4MkxiZ2M0dkw0UTJHQlk0alVBWkhrSFNDNWtfZTlFRFo2ZnhiTXFiNzl0c1NRQXJ0VE9XY25PTmw3ZGdNY0V1dklDS01UeVllWFNCbWxYd3kweGNhdUxtaGIxemp6MGhwTWpSLUdfaWVMbnNBZjlNT0RSWkRTYUItT1ZXb0o4QjM5M0U3YmptdGcwX182bW5NUmIyMGNhZEdnSGszck4zeS1RelZlVWUtOG9QaFhneDNnSS15WnlXWVpvc0pjZUxfTTFmc2xwWk1uUVF2YlVBU29zdkRB?oc=5,The Times of India,2026-09-16,positive
NYC Subway,Two Young Indian Americans Killed on NYC Subway Tracks; Cause Remains Under Investigation - American Kahani,https://news.google.com/rss/articles/CBMixAFBVV95cUxQQU9fOGxLUVBPNE1zT0ZBQjRMZkc2MFdyb0lSenpoUXZmNW9BZHZQalVyRk9zajNrMnd0LUtKalFSTkFvb2J3cFVoUTJQT2o4RnBnajBHeHJQZkhYbTBLVG1aamNMeHhrNGI5emxLRVZHRkFVLWFxUGRfdF8tSzVjYmZiUWJYQmUyV3dwNEVrbzRTdkJqWHdNYl92Z0hvUnA0WkRHZE5LTHB0UGl2a093ZmJJTEpua2U5Wm9sU3BsWFZMdDAy?oc=5,American Kahani,2026-09-16,negative
NYC Subway,The Last Intact Piece of the Old World Trade Center Is Hidden in the NYC Subway - people.com,https://news.google.com/rss/articles/CBMioAFBVV95cUxOaVhMczMwTTNfdHFJbUh2S3VSMGp1djZta1c3TVg2RFVpUWVtajloaFlfTWhNX2xqMEhzMzZuSFU1VHNVVnJUcjVPUlVvbjFzQ3lzYV9MU0hLUWJFdXpQbnFNTjg2ai04TmFDVDB1cDFCYzJCX2Z0M3pNazR6QmszQklYU0NiS1pyaVRTWEhqMndSSWE1YnBaQ2xzWTNVQ0lx?oc=5,people.com,2026-09-16,neutral
NYC Subway,"Indian-origin woman, friend die in New York subway, trying to save each other - The Indian Express",https://news.google.com/rss/articles/CBMiqAFBVV95cUxOSVVndnh1OWxxTVQtd2hDakFkMF9hMnl2Y3Buc19zRTlsUXIycDJBazAwV1gtdUtBaXEzMzFNTU9jMHltVE41SjExNVY5ZkIwLUx5aU1iLWtiS0pqZjkwU2tvNDZpQmV0NzE4LTFaeExGSThYUWlKYzdQbWNjbUZJZWpBeS1IanZiU0VSQnJvX3dCMExLRTlnOW5mY09lTnhUdlhXandWSDTSAa8BQVVfeXFMTXM5OFFNYXFRRWRQOGZsbkxlckZPM3dlN3pGU2lSZ2xtRS1OZEVuREMzN01UOEFrRHJLb3BnUTc5R3dhUzRCMDhVLTJaMC1yUVFmbGwwSkhCSGJfcGZzM3dnWS1xUmt4UnJMOWx6cXAxREpTckxmRjF6V01JSm44V3o4R0FXY0l3WGJoUm9XMGtOZHVpUlFJZElNaDVIek1XcTI2VjE1XzBJTUNwYWtROA?oc=5,The Indian Express,2026-09-16,positive
NYC Subway,Knife-wielding woman slashes female commuter during clash at NYC subway station - New York Post,https://news.google.com/rss/articles/CBMi5AFBVV95cUxNYTVfLWxkUDlZVGFlQ25JZWRzVmhub1oxZkE5S3ljandDeVpLMjVhLVdoMy1QTmZNX1hTTHJLNW9WTUx3aHBpWnFUS2JzR1hZVUEzOHdEWFVKcWd2Qm95MU81b3paaWdrMkkxT3pUd1ZnTTZ3cEJrWmhucjhneWxkeDNlZXpUakRINTJXVTFXTVc2ODVsM3RPNmc4V1dQOVY4NmdYUXo1WGd0MXhDVHBsY3ViMVhMVHhkbG1zZTdCM0UyQWJBNVRscWQyN3NwMkltaUV2WXExaGZ4S0x6bDZFQTIyc0s?oc=5,New York Post,2026-09-16,negative
NYC Subway,The Blackout of ‘65 Left 800K Trapped in NYC Subway – 6 Hours Later People Were Inspired by Each Other - Good News Network,https://news.google.com/rss/articles/CBMimgFBVV95cUxQeWJpbEFvdnFZakd3LTltajhzaE1DTXRnUkdDZDBtOG5GWV9ENHIyM09aQzk1VDZfZ29hQzVHVk44R0lZU0IydDM4N1hveHVrTjZDZ1pscFRUUEVzbHZMUXMwQ0NNc1VHM1A4WmJFb1QyWjkyaW1rMlI4ZUJvOEF1c19ZZXQ2U1dTalZhTVljeUtma0dJcDVXNnln?oc=5,Good News Network,2026-09-16,positive
NYC Subway,"NYC subway lines A, B, C, D facing disruptions due to cracks found under track, MTA says - CBS News",https://news.google.com/rss/articles/CBMikAFBVV95cUxNd0xGT2hIY0FjdUxObkU0RFBEdkUtZU0xUGxKV0dtWGpqbGdOdVl6OGxyemFqYlQ2SlM0R2ZRWFIzaVVmTjFtYWdsaFJKQjFDRkVfNGw5VXhPWGUyMEFTS0lpMnVqZ3NqUXhMak5uOEhGOVFlU1l3MHlWeG1LUUNCdmROWnZXWWxfY1ZNWlUzbzE?oc=5,CBS News,2026-09-16,negative
NYC Subway,Full subway service restored after cracks found under subway tracks near Central Park - NBC New York,https://news.google.com/rss/articles/CBMihAFBVV95cUxPSk52Zy04dlZOT0V0dFB4ZDZDcWFEdHlEWC1kYUxva1NTY0JkQklycjZVY1hhem1SY1FTVV8wM29YQkRmekhSQV9DUk9oOG5PNEtSN2hoZFFscmdMVE5SOWJ5aFB1a3BCdVBqVzB6cE90S1dUVW5yTnFKX3ROd1NkYklPRDHSAYwBQVVfeXFMTTNHTnlXaV9NdFBCVGVEMUQ0UEJSMldURTJ5Nmp2bXEzNk11VUltbXdSVy0wdDN5UDZKOVhXbkZHQlAzZmUwM3RhSU5fb0JRbDVjQk1MTFc3T3Yya0ViZHo3SlRnNlhmOHV1OFBMNl9XTnpTTmhMVEYyUGFyYkFNalFWUGd0VXJCZ0k1RUo?oc=5,NBC New York,2026-09-16,positive
NYC Subway,Brooklyn subway stabbing victim furious to learn judge released attacker without bail - nydailynews.com,https://news.google.com/rss/articles/CBMiwwFBVV95cUxQOWNWeGxheXA1R1lwbUdjOVNGei02RGFva0UtY0xHZWVfVU44YnJzWmV6NVVOZmhwTTdTWFE5ekZuYURoODJLSWs3VG55UTJEejA2Um9RNDl2akFOLTlCaVViTnZkSEtYNTYyemEzd1QwTVBKMXhvWF9kSUhkWFJZRGRqMW5YV2tsYzdfWDhzRkNPTUx4QktrSm0tVnlPaWlOakVQUmp0b1g5ZmVYN0VOZmJFLUE2NktETWpya01heGJDX2M?oc=5,nydailynews.com,2026-09-16,negative
NYC Subway,Who were Navam Kaul and Malaika Chitre? Rutgers friends killed in NYC subway tragedy identified | Hindustan Times - Hindustan Times,https://news.google.com/rss/articles/CBMi-AFBVV95cUxPb2FyMEg0eERhN2gzX2FQWkptc1pwMjBwYWZKSGxjUkpUZ0hUcWh6MU41WWNzTlduS3lLSmRGYk9FZXV1cjNCSU9CNHNyM000T1RyMDQ1RWVvcWM2RncxLXlwSW5QMnlPbHBzM0RZSkxENXQ3Y2d4X1F0Znc3N3J6T01nb0Z3QV9JaEprTDRvZFNWME1kellfckJJdlcwSGtXNllzOU9PaDFnclcyUkJCMVVBaXAyLVFlYjR2aW05QUNHT1pQbHJvMnlyUzFyOGFQYmxaOFAyUGhJRlpzd1dxNVN1UThESTRRaWpFY2lyZkVuRmZNSUJKNNIB_gFBVV95cUxOaHhjZlJkZDcwQW8wMUtpdnhMajlFMlR5RnE2LXNCYy1KS1NrUzBHQkZSY0hIblJNbE53ckJob3F1cTBEdVZUdW9pUTdFUjl1RVF3ZFVHN2JpUEZzQmZ6czN3S2VhLVo3ZDc0aUh5VHZlQlV3akVkRmIyZmpsam04WHZscnpKVHhIN2drdlFOZGwwM1hKblZMYVV3aml5NW5tSFRWeTdnak9NSU9DUlN6MmNFNUJfbmRpLXVpaDNDT09hdm90b3dlaUl6NkMyZUREc2s2SHh4aE5xMWd2aXJBd2IxdHZXTjhfRWl5V1FCTkw1TGp0T1ppWHBEM2hnZw?oc=5,Hindustan Times,2026-09-16,negative
NYC Subway,Longtime friends fatally struck by NYC subway - News.com.au,https://news.google.com/rss/articles/CBMitAFBVV95cUxPRV9PTHlGMDY4RVVLb25jNFFZd25YcmdEb3oyYmtKNFY0dFRQNXFCcWkyTGcwcGE0Nm9aOXhxdXdIQV9OV19OdXdwa21xTVZJNDlhUUw1VzFwdkZIOUlJeU12Y3l1bGpLX0ZNdGc0b3JTWmVqREtuQ0I2c2paOWRrZ0k2bFlJeWZ1bFd6eEhlZnBjMmxZZ3BDR05ZYmd2bEs1akx0d3lKTzQxMDFuMU84YVQ0NTI?oc=5,News.com.au,2026-09-16,negative
NYC Subway,"Suspect tries to abduct child at NYC subway station, police say - PIX11",https://news.google.com/rss/articles/CBMingFBVV95cUxQRmJheElJSkdLaU9BUnRlMlA2aDk3U1VjYlJUS1JRd09KNm93NFVtbDNaQWN2MGFNYnh3dWVRU0NScHp4YmtqclVveXhVM2hvbldMY2dKUVZWdElyRXoyRnM2TUhUeTVMNjJJSGZDTmgzelo0Zl9YTDJPZUcwQ3RIWG8zeThaMS1Xb0ZOdDhZMG1adEwzaU4zd3hpaUtqQdIBowFBVV95cUxOQ0hINnUxRUU2aFpWRE1kT2dvSE1hNER6X3NfSjJQdVYyRFEzZDJ5Z2EwRDJZaENYMmkwOHdHcHRaWkZtOHNqOGRFMkpJNThncFMzYUJWdElIeFg1RVVCU1pDSUtvNERQazFwcXdESmpIb2NLWEZBY3NrVWVOWERIM21PVnRhSWo1S3JtdkFRX05GdW1zeHZPVG94Q2xVSHl1LUh3?oc=5,PIX11,2026-09-16,negative
NYC Subway,"Man brutally attacked on 2 different NYC subway platforms inside a year, wife says - CBS News",https://news.google.com/rss/articles/CBMingFBVV95cUxOYVEwRnRmSEhkSUt3UVBkR0tmZVdfcXoyV0k4aUZlUGNLMGlNd2RpU0dxc0JNTkRwakY2aWozQVB1Yy1aU2Rfejgzd1JKa0Z2ZzJTV2o4c3cwNlRETnFxLWY3OVVFSnNzdTd1dWJmbFdHNml5Y3liNWNZVm5mYk9VYUlzUnRZSEdmaGw1WWRvTTV1OV9IWmJRR1NGNU9LZw?oc=5,CBS News,2026-09-16,negative
NYC Subway,Second Circuit cautions lawyer against AI use in $82 million NYC subway injury case - Courthouse News,https://news.google.com/rss/articles/CBMiswFBVV95cUxPMEo3X3ZlVG50UU5JMjZjSWJtN1pBZjUxd0ZZZzdPMmJLVTJQb3ItNnFkNDZ2engxUkhpbXBlY3ZNX1FnZG5kQllHODdvRXhPTUgtaEI5TTBnMFNpUE5xdUlSQTJWX3YxNTNkSjVuVmZ1VmdIbW1mZ0h3MzFzdm9XYTQ5UWRXWWNIQl9KVGRDbVNWZVNrVnFURG40eFQ2RE1mLVpnc29IN2JNMmI5T0E4M0llYw?oc=5,Courthouse News,2026-09-16,negative
NYC Subway,"Indian-origin woman, friend sit on NYC subway track, die after train hits them - India Today",https://news.google.com/rss/articles/CBMitgJBVV95cUxNdnlQd05oVkh5MHB2dy1FUjZYdXhWNl8zSVNrYi0zRk9ra0tmQWFVdktDblpGRmdnTm9vLUZHcEVfdXlWM2JUUlk4R3dBRnRQTmFDbzVzaHNVNndwWVRNMnRabWExdkRER1Foa0VHa0JYOG95T1I5M1dRLUhIcFU2Vm9RVVhuUUJaZ1pMZld2S3JfNS0ybzc4Ri1QS1ZCUU1zejVRQjRBekh4QXRaZ0luNTdLM29taHpQTWRQNDJrX0c0dV9VdURkdlVmZUxJdnUwXzluOFkwTkRpbmtNM3Y5Vi1pNU9zd0FRZ2hJWEtrYXlZZ0FRZ0VIUlppZDNKSF9ZVG9EeDhWME1iZEdIaEFqVzNDMW43elVEclNYYjdPRGdvaDVseUVDNnIzcmZ6dlU2V0NUT0h30gG7AkFVX3lxTE91U2s5ZWd1MXpjSFg2T1Z3dllEeGxxc1RCWkFxTkZHUEExejhoM3FKbzZJbHZfSkZkcDBlclREdXhJNERndktjZ2s0cXBNMWpPTEhNQmR1TVF2OGJRUlZ2Z2QwTmhwS2dpY29xb3ZhY0xOMVNhME5Qb3ptS0tSSXVFb3l6WllIYlUybDlUZV91aERHbVlDZEFyTExCMFRqeDdhVGJIaUFZOHUwZ1RrOEROd1JqeFBIeG5sMzl2M01pamxlX2p0c1JEZnQxTXl4UmVwRHQyS2ZZdjJqSERPRGZ2bDd1SnlVTG03WU9TQTFrcnFLWHdxOGRLcFQ5WGtaYno4dHFrZV9fRFJyNEJBRnRMOUViZW0yWTRwY0s3WlFmSFpPclZ3NWRFUXN6QnZiYTNKTkUtMHZVNDBsMA?oc=5,India Today,2026-09-16,negative
NYC Subway,"Indian-origin woman, friend sit on NYC subway tracks, die after train hits them - Moneycontrol.com",https://news.google.com/rss/articles/CBMizwFBVV95cUxQM29vcWNSYUVVQzQtaGhWejVRUERPNXJja2hqMV80LUNwT1NoV3BiZ1VMZHdXQUdmeG9SR0hxWWpWY3c0b2JFM1IzVjFsWU9FZUU1RWF1VnFrYmNwcndWRjBFRklPcUlBdW5PbVBOaGtiME8wNjdINy1pS1pjc245b2VfT28wNjljLTcxZ0FGM0s3cVJ0UHctamRMazBNLUJ1OERjTXJWMm1TTzduQkRaQnp4R21iV1d6OFFuTGRPemNFd3N3bWF3ZS01eDhJWXPSAdQBQVVfeXFMTThUSVpyM2d3ZVhQVlpMNXpJZ3NyOGVkMGQ2ek1DRE5USXZvZlpDMXJoRXZ0RVhreFFCXy1EWUxlWnBCLWpacDJuLWxuWEE5TlN2VVhYRGdYSDlhZ0RTZUJmTXAtd2dKanV4Zkh4ZzFzR0k2UElzVUxDVndBMmFSTE1BaWVHNkZHQTJKYlRKVTNrYjZ0Nzg5dzcyUVBfeHR3a1lTU0o5dlJFUVZpZ3dSQXNZalMzYTRWdWFFX09fRHRHQW1IQUNoZkl6QWthejBLWHJLVVc?oc=5,Moneycontrol.com,2026-09-16,negative
NYC Subway,A Newsstand That Aims to Delight N.Y.C. Subway Riders - The New York Times,https://news.google.com/rss/articles/CBMijgFBVV95cUxOb0M0Vi1DNmFwWS1UYzRiYjBQTVgyTmpVaXdxc3BhbDRlNkZXU0huSklfNUlKZVByeUh1V25uQUZ6dFowRVdYcVMxSjRtRWowTkJRNHFEeXN1MzNrQmZzUlNCbUNtSWRTTERQS3VORm1BUHhEODFodTZrS1ZxVkxDbk5zbXVRZ3h0UXJoaU53?oc=5,The New York Times,2026-09-16,positive
NYC Subway,NYC Subway Horror: Doomed Pair May Have Been 'Too Disoriented' To Hear Oncoming Train - News18,https://news.google.com/rss/articles/CBMiygFBVV95cUxPcVIyUi1ETnlZeXphR3AybmdqdlNxRFNVNTkyamtwLTQ5b29vUGZBMDlvRGttLW84aXBENVB6XzczaGQ4cjV0Z1pzRV9QR045S2hxUFhlTV9ESXdUaDVLeFV6eG9GdHJLeDNTVXN6OTRQYjZHVktHSTJWV3hwLWlrNi1sSXM3ZDN5UzhpZGxBSEI4TVc3MEJ3LWJTQUVDLUl4Vl9QNnVvRXhYTEpEOVRvUUJ3WElCMDdCcTdtZTd0TFNRcHNpMjNIeGdB0gHPAUFVX3lxTE90eFc5aVhORS0xLWVwZEdETXNYM3J3dVR5XzZ2ZGJCUFNrZmcxcDVYSEJWcTRfZUJiV2dha1B1ZzJKWTlyWnZyVVlaZ18xcnNfTEFCQnkwenNiTXdxcHhtaFhRNG83djVJYTBKX1Z2b2pMZElUbXVnZ1NuaHVGSHRtU0JVc2tqLWxFVTJ0QV9SbzZWQ2tleFBqYzNjMWpERlllY3c2RkszcGpaRzZmRXRYbGxKV2VfQXpoaG9yYU1NWVF5UW40SzhwVFBRc3ZiVQ?oc=5,News18,2026-09-16,negative
NYC Subway,‘The world is going crazy': Subway riders reel after woman is randomly pushed on tracks - NBC New York,https://news.google.com/rss/articles/CBMilgFBVV95cUxPMHBNUFp0ZnBBdWc3dGxCVm1uM2kyUmwwYnB2V3ozckhxOFRTeFBWck5IT3lvWVdsb2NfM3JxRUM4SW9xY0J6Ui1kU0Rhc3ZvN1E5bVVZUk9BWHJteGt4cnNQdmNQb0E3VEVPQXpud0NTT1J1SkNqb3VIZXhadG8wLWM0TGtnSTI1S25iWUp2NEdmT1ZSRkHSAZ4BQVVfeXFMTXhBUVVXblFrcHRvdE92TXFQaGpNa3BDcDBIYnVNYk1mVzVnd05TemtVWkxacUNreUIwVXdLaDFHSjJTeHQtVVBVVzhuTzh2cWhIVFM1MGtudlVwS1lDQlJpN2ZtbEYzSHlYRlBlV19aX2NaUjIza1pkaGd4Smh4Q1FFMDRVeVBGQTY5NjEtNms5YWhrYWU4VF90cmNjYkE?oc=5,NBC New York,2026-09-16,negative
NYC Subway,Two Youth Killed By NYC Subway Train - Gulte,https://news.google.com/rss/articles/CBMif0FVX3lxTE8wSkwtNVJvQ3ZSdWMxOC01blEzWmM3RUpoS1Z2ZEZWM2dTeEpLV3YyUnNmMGRuWVFHUXdZR1Q2MnpvSHNUOEZJQWI4Nzk1WjdnT3ZRWUJOMkNWby1SbnFxVS1sSHZPWmNoazFTS3l5aXdkV0RFMXZEQjNOb3N0cknSAYQBQVVfeXFMTTMtNEQwdjJCYm1nWVlfRFR6N1BWSm1GSXotRTVKSHdpRWJJT0hxSEpDRmNaMkRjaHlYUDBhOGo3YnkzOUNoakxYcFNFMHdqTy1BaW16dFA3YkFwTHl4VlRnN1BFaG5oTm03U2tfcHdia1dHc1FUOW96NDhNS192VDFmVzVr?oc=5,Gulte,2026-09-16,negative
NYC Subway,Everything in this NYC subway newsstand is free - NBC News,https://news.google.com/rss/articles/CBMingFBVV95cUxNRm5fb1Y5Qm1pM2xVYTFxMVgwRVBmU3IwZTJkNi1mVVdjbkRmSWpKbmk3TmMxcjdVRzZ5RnhiR2J2QXpfRjFycnZ0bEJ0TFRKZ2VUR2Zsemxmam84UXE5Rld4N0tQR3pFLUNuZjQyRjlsV1NSVExyN3lHM0I2LU5kbUh2dnNJc3pLWW1oS05vVHkzWnp2YmctV21jR0tidw?oc=5,NBC News,2026-09-16,positive
NYC Subway,"MTA worker, mom of 3, fatally struck by oncoming train while working on NYC subway tracks - New York Post",https://news.google.com/rss/articles/CBMi3AFBVV95cUxOalF4NnJJSkpZdE5aTllDTDdXME1zalZJclFmLW84Y1pIb3RfREpNcl9DOF90WVp0eE5WWlZ0UjVMMl96M1l6UEJiOHh5VVBKZmVKYThremFlSFZ3T0REM0NvVkxmWkUzZHU4bm90LWxFRTJnWmxKaDN2bFhPdmlfbVgxeHZxTk5nczljVEQ0Rm5iUVZ6bms0LUxrZVg1QXhYRW5ELVluOXBsN2x6ZEhIWGx4QWZVY2JvbGJvZUp6eTI0YXJvLUJxMExFbFBsYlFTWWZmTzJaWnFLWnBL?oc=5,New York Post,2026-09-16,negative
NYC Subway,The surprising geological wonders hidden in the NYC subway - National Geographic,https://news.google.com/rss/articles/CBMigwFBVV95cUxPd2o2emRxZ3A5QVVDNWJYZjQybEluQ0dZNHFZUFJOU0JFY2ZtakhrWEYtbnl2WnduNVdFU2w5TURTdGdwUVE2STc4MlNoZmJ0WndFUkxfWjRLS2Y1VUsxRmFVeEFNbTNvS093dUxGU2ZUaXd2NWk0TFVLbWp1RVFuVUpkRQ?oc=5,National Geographic,2026-09-16,positive
NYC Subway,MTA unveils new plan to cool down NYC subway stations. Will it work — and how? - NBC New York,https://news.google.com/rss/articles/CBMisAFBVV95cUxOM2FxSGV2ckNYTDUwT1VSWkVoSmVSX0cxQzhkdGlzbDF0WFhOeloxc0UyRFVqeWkyS05ESkp0SXdWWEJNZzRyS2tWUDZsY1AxV3pka3FsQjM4M040eDIwWUV0TU5jZ290Tkk2ZW85VXBQdXdhS1JIVkpSUmVGWHZnZlNOUG5wOTgtZGZNZ3NXYWlod0pfNFMzTFRQUmZWTm0wbF9FOEhqN21IRXdMZjRFWNIBuAFBVV95cUxNQVdKUkFBRUNpOWYxVjFua3kzVTBOdWRxM0RqYWJzbUZDWThlZ2lVbUVNQWhZdFdtcWhHMkRWVXJyakJMTmFQNm4tdUlEWjVFbDlUdzlSUFhwem1nWXh4UHoxQ1NYeU1idDY3c2xfZHZjbVB2MGlJTWstUkJWZEhDSjQwUzB5WmE4bVhWaFFIenlDMkpLa0JvMjlweXZMRC1ZZi15VkNSdVR5MVZHRVBBOFNyRXRFcVVa?oc=5,NBC New York,2026-09-16,positive
NYC Subway,Woman allegedly tried to take 6-year-old girl from her mom at Manhattan subway station - NBC New York,https://news.google.com/rss/articles/CBMingFBVV95cUxQQUQ2NGlEcHFyTklxNENrOXN1NmlxSGR1R1loOWU2MkVMdUh4OURnWVB6U1BxVUs0cjExajFuaFFBSkk5dU5tVjdmMFNkMy1ubmtSaFBMWkhFZWRuUnFBN2Z3cjNFMkFaSkliWnBrMmVoZjcwUXZoUlhzZkhFVFZ5LVIyaFgzcnVMaFgtWm1aYU4wMlpZYlozazhaSFBmZ9IBpgFBVV95cUxORnEzeklBYko4NjZHLTJ1OEpPWGVyYnhoYkNBRWlWVDd5OUFwQzBHRGVSRjRmYUpia2dsdFpTeUlPdFo2OV9ocVlUMU5SY2JYZ3U3eXNWZU9uLUVIM1p6bzZzblJ5NVBCR0xwOHJJcFJ4ZHpHaEpySzN0cnVUSHYtVkQ5Um8xZWdHOHRKaDgzTjNPTGZTMFU5YVBfdlg1SHlqeThtQmpn?oc=5,NBC New York,2026-09-16,neutral
NYC Subway,Crazed stranger shoves elderly man onto NYC subway tracks in terrifying silent attack - New York Post,https://news.google.com/rss/articles/CBMikwFBVV95cUxNOVVOdXNnSnJlbGNlS2ZmRkViaVlaNWE4aklFSWFXcFNVV1BZUUh0d0l4QXlpMXQ4SmR0ek9XS1NmRW54YlFXVU5LVHRrSUxiYlQyMlg3TFlzZFBmMXU3bzJJU0F2TW1sNlp2VnRSZ2RJdUFlRFo5a01EY3V4UkpsbFhENWo3RDJTTVBIUW00Y0VqZHM?oc=5,New York Post,2026-09-16,negative
NYC Subway,"Indian-origin woman, Nepali-American friend killed after NYC subway train hits them - heraldgoa.in",https://news.google.com/rss/articles/CBMiuwFBVV95cUxQVHdCdVA1QmpsNkh5dUhNZkdmcGJUY2NVaDBWbG5NT2I3UFhFdnR5WWFQUzFFR081Rl9XZ2JuM3hKaEl5Um1PbVM3Zlhjb1Y1dTRuaXVzb0ZTcUE1UzhGV3RSUDdCbGJlQ21iaW83czlUdWV2RWdCUWlfRkFrLTE1dDN0RV9KbWxaZUFtLTlzVGlWX3JnalhacnVadlhUbDlKYW1Oa2tNYTRZOU9iRm5LT2tLczUtNF91U3pZ?oc=5,heraldgoa.in,2026-09-16,negative
NYC Subway,Smiling nut whacks straphanger with gardening tool on NYC subway - New York Post,https://news.google.com/rss/articles/CBMipgFBVV95cUxNVTZDamtITURZVjFuWldjemlQclZNM2w2MXRTeGJoOThlN0M3aFA3NWExRlYzZmx1d2JoQjROWjF6XzFpVWVOd29VOVd5a1NETTdnT1BsMDBLXzAxNnZWUnAzdVl4MlhqWmtxSU5CV1ptTGJFcWJRRHRob1B6Y0trbWgyWnBfc2RIdV9HUk5IYW5aSnNJcy1yQ1RrLVhWRDFoMURaWERn?oc=5,New York Post,2026-09-16,positive
NYC Subway,"NYC subway fire on train at Astor Place station injures 8 MTA workers, 6 firefighters; delays commute - ABC7 New York",https://news.google.com/rss/articles/CBMisAFBVV95cUxNVUlmdTgwM1F0OEtfelRwbVc5MXRHQVR2S1AyZVJUTnM2Zk1pbG9uUHpzQzhJeGREcmVIcjRibW1oQjFPWmJPMkJJRmN1TktLdHg2Z3NlT0lxU0JlV2h4b1dmaUJoU1NJMjhzc1Q0NEdPc0laRURhbVY0RzBxVnlOcmJKejB6bmZqMlR4QTdHVWJ0WHNKeFNvZW9yNFhjT0JKRkNUdmFWYkhRQTM0N0tmaNIBtgFBVV95cUxPeVFMbG5FNWt0RWRiRktIWTVPSzJjbFpYc3M0NGlvQk1ReUh5ejVoTFpKZVNkSzl5dDlNazJrSnBlcXgwOG9yY0l0dWF4U2FUWkFFcnNYS0VhRUtZOXJwaTUxdGE4WkE3NXBQMGtWMTYzamZaa0E0bjFmVWctSlBlbjRiY3lTMGJwUVpnaERhcGlHVnhRdEF0MG5lZHd6X0NEeFRBWkpjM1JpbzdIYllFWTBoYWw5dw?oc=5,ABC7 New York,2026-09-16,negative
NYC Subway,"NYC subway fares, tolls could go up again in 2027 under MTA's new preliminary financial plan - CBS News",https://news.google.com/rss/articles/CBMid0FVX3lxTE5FbXJ2OWJyWTA3QVlKNzhYTnRYTkFheTg4V1ZhQ2lHNG5ocWItbmpLc3Y3a05COUhZVUFlN0syOUQ1dXJqSGxOM0ZOa3V0ZGlFQ0pFWVA5TzZwYnBteXdreGhabHJwVWEwQjdUMnRCSjY3cXBvbDRF?oc=5,CBS News,2026-09-16,neutral
NYC Subway,NYC Subway Ridership Has Recovered on Weekends but Not on Weekdays - apollo.com,https://news.google.com/rss/articles/CBMiywFBVV95cUxNM29PcXluYzd4VFNwOEM5UG4tdi12akpUTFZiV1BHYkdURVdXdlUzT1JDSEZVdFVYam1wSW5lOXk0U3VzTDhLX1pqVUNOU2FfYVVTQ2lxemtKZ3pERk1pVEZTQ3FNLU9BTGFtQ05tdDJ1dVJud2hHbjNDWldJckdWVG9hTDlaRTlEX3B1aUxtc29EZDBJajB4SlVPWXR2aktjOC1USi1OVzZkRHBHT1o5UFlJbThzbXJ1RFZtNXlyN2NpNEdxSkE3U3R0cw?oc=5,apollo.com,2026-09-16,neutral
NYC Subway,These automated vending machines are moving into NYC’s subway newsstands - Fast Company,https://news.google.com/rss/articles/CBMifkFVX3lxTE13cjZGUVU1U1JNNm9UcGtVdGlMZ0ZXaExSbDU0WjNSNUJpanZScXUtNkt6a2xQTVpZZnBSZkxneXFYbjRONXhoLVdERF8zVDVtbXNPU0xnM21lVUd1TVJReTI4N0VXSXhlVndfRXVmVHp1OGpKYlRfV1ZKc3Ezdw?oc=5,Fast Company,2026-09-16,neutral
NYC Subway,"Teen dead, 18-year-old critical after 'subway surfing' over NYC bridge: Police - ABC News - Breaking News, Latest News and Videos",https://news.google.com/rss/articles/CBMikwFBVV95cUxQdTBHc1FQWmJrS0gwNk91MjdLU3I1d2NLUHFiN2M2VFp6WHBPUXdJajJhcXg5V3AzanYyc3o0WG9yOWdqVDVLUW8yU3JmMkJnamRJZmdqekU4bGNhSmtTdWJHdFRxR21GRDdjb0Jodk9WTU1ZVVozRThUQmozb1U2ZHdxT0NxVFNDZHZQRGlYZFE1QlXSAZgBQVVfeXFMT2kzY1J2SkMtWDY3VnVlTlFuMmtka3lyYVlaR1VUNi1hS0VtdnF4dmp2UWNXMXZxOGtHUDQtZUU2OVVZVC1XbFdPcUxHY0xTeTdxdjdiQUhHd1Bkd2tiQnBFekVOSU5QS0t1aGdwVUR0MTZaQ0JWYjQtTThLUFZUUjFQNURSTlMwUG02TGRpZ1J5TFB1SWpKeEU?oc=5,"ABC News - Breaking News, Latest News and Videos",2026-09-16,negative
NYC Subway,NYC subway train fire at Astor Place station causes severe delays - fox5ny.com,https://news.google.com/rss/articles/CBMiXkFVX3lxTFB3OGRfelBuUV9rQ1ZiYzBqRFJmcUVLNEFkQnRaeWF2YkUtNWI3UjNOOVB5OGg4UDFoSWJDM25PbS1RSDhMR0pMblM0U21ReHRJT3liWFlhMFp5UDVkX1HSAWNBVV95cUxNeWFvd2VobTRXSTlXNHF4M3F6c2NiY1FsMC1lMHE0MkdNSzlDN1NhTnB5SExqcnRNX0U2Vk82Yzd4VlBlNDlwMGhHWVdXQk5QS19qQ0sxSzlNcFlJN2NtQWJpUEk?oc=5,fox5ny.com,2026-09-16,negative
NYC Subway,MTA worker killed on the job after being hit by NYC subway train - PIX11,https://news.google.com/rss/articles/CBMinAFBVV95cUxONl9oUjc2Y3JKVktxWllXZXItUHlHUExUckVCVUZUS0x5WnpzTGk1SXV6WFZRdTJNcmVraGpBR2J0VkFFR0tKZGtMakUtTDFTMWE5VVJ0eXdlbkx3cndKUzY2a2MwS1NleUpOc0g1SzJOTW9pa3NPNWctWWJKOGF4QkxoT0dSam5OS1FJc2R0djFueEdBRUI5V25FTV_SAaIBQVVfeXFMTktOMllQeERMOFRVaXBlT3p2SkNuR3lNMGpZc0I3NjM1ZHh6WEFFUGZwMFJYbXBobFMyMVo0LXVGdHFDQmEzY2JuWExlZDc3QVFZNVdRdTFEQWJLRnlaNzFWVXRwVFFsWEk2VkhXcEhKMHlHQTBndkFXMnFfOVJoS0s3eTIweDFON184LTlKMEdudFpGckFaM0xSUnd6bU1wZmx3?oc=5,PIX11,2026-09-16,negative
OMNY,"Students say they're still waiting for city, MTA to improve OMNY card - Spectrum News NY1",https://news.google.com/rss/articles/CBMiugFBVV95cUxQUHFfX1BrRjNjZndZTHVSb21uVTVqRnU5TlYweGtKeGxlNDVxRHVRNmJkTm5NWWYzTXpWOWFsR3NvVTRIamEzcXFlNzdBLXUyOFgzd0V2dFRBWXRFdURpVXVTaE9NVjFla2Y4QTVHd2p6M1l3NTFjckhFcXJsMlJDckZhOEdDSTdGYnNOTlBTbHZXR25EcDF2bEd0UzlpSjFwOEFpalZEakxZcmZhMHlZYWVnRTFWNk1NNHc?oc=5,Spectrum News NY1,2026-09-16,positive
OMNY,NYC student OMNY cards are supposed to last all year. So why did they stop working this month? - Chalkbeat,https://news.google.com/rss/articles/CBMiogFBVV95cUxOLUd2Sy1ZbnozX1N4Y3FGc180N2xLUUs3aS15eDQ2ZlN1aTVhY0cwVkgtMk1ETFRqWTlJS3VwMDA2MExaWmREblNqdkxEMnZzY3VGNXNhLWhVQ1hiampiOGtlcVpIdkJwa0NDZ0k0ODRZcGpGdTJBWlFpYU42d1d6M285R3hYOTNqd1BQRjNKODVPWWVFYTlXdXpLYTNnUUJma0E?oc=5,Chalkbeat,2026-09-16,negative
OMNY,Westchester County Expands Student Omny Program To Better Support Students and Families - westchestergov.com,https://news.google.com/rss/articles/CBMi2gFBVV95cUxNS01jaHFXQjMxRTdPdnZsODJOLUpDNWJSMHFZUFFZOXNqWk42Vnp5RHpHMnBBWUhwUHpBdTVMUUxvakhseTFfUDJ6XzVVdTR4Vm1tR3oxVFFna1hneUpRRmZBQ2VHRGNhSDBJRXluNVUwQ3VjV0xld3FQVnNKaC1DV0xSeG1TWE1YN0x5RG5BZUhuMjJVWmN2RklVZThxMFVISkVsV0d6M21SMDNrQ1AyVVZrNzA2T2o4dU9aQWJaWVo0ZXhWdUlCcF9ISjBVNngwYnZkWFcyRE9qQQ?oc=5,westchestergov.com,2026-09-16,positive
OMNY,NYC students get changes to OMNY cards from MTA - PIX11,https://news.google.com/rss/articles/CBMiigFBVV95cUxNRTZSSzg3R1RQSFVJUjU1T2JGcUVZMmp4dDl2U3RhYzlzSTdYRmpZRXNyeTA5LVQ2UGp3TFV1V1luRXVQMUoyX044aFFLbi1tdzRqVDJGakpaZjY2VmVLczVtMzlOa3VDY21NY2ppSjBGRGRMWUdUejVmTlVFLW51cjdTSDdmenlIOEHSAY8BQVVfeXFMUGFhQ3lxUVByODlIV0IxM08wZEs0WUM0bnNFc0ZVd01Ja203Qm9aS0Y4eEwydVBPYUFqUWhnVG1YUmx2NzlvRy1USVdhRzExXzB1QzR2YnJvc1VOcUdkaFYzdmhkaExBMFo1eWZxbnJDRUphRlRwM280ZVdNcXUwMEgyWVhFZjNFY0NpMGZXd2M?oc=5,PIX11,2026-09-16,neutral
OMNY,"Physical OMNY cards can now be refilled after temporary snag, MTA says - gothamist.com",https://news.google.com/rss/articles/CBMipwFBVV95cUxNYnNTS0tldXZtQzkwZGU3T1I1N044OEJZQjg4akQza1QxZ2RQNHFWeW95bk1tdEgtb3NseXpWNjVHMFhYcEM1czc3Y1pIWlhDNEpKdC1JUWlIMjU1dFJTUnNibk5pLXcxa3V4U2R1aW80VmJ0WjVSQ0JSNVBqYTd3LTIySkF4RU1ZRko3MzhWcTljQXhoQno3Nk9JRGozWncySzZtelpiVQ?oc=5,gothamist.com,2026-09-16,neutral
OMNY,"NYC students call on MTA to upgrade OMNY cards, claim they are too fragile - ABC7 New York",https://news.google.com/rss/articles/CBMilwFBVV95cUxNbU02Z3VyTUxZSE9RMTNiUTNQVWNUSk0xLXBuaktoQU94ZUpCR2ZEa0F5UjJOV3NZakY4aTZMcVJXQWVkVkFJVTlVS00tWXVBNlFtbWpwdF9HVmdOZTZUSVJIUXAzdkhTTkF6NHVzM3RIcFlZMU5LWS1SZHRad2FnM3lRSDJXYmMwM0VwdWltQndHNjlqMnZZ?oc=5,ABC7 New York,2026-09-16,neutral
OMNY,"On the Day Before School, Transportation Alternatives’ Youth Activist Committee Hosts Funeral for Old Student OMNY Cards — Transportation Alternatives - Transportation Alternatives",https://news.google.com/rss/articles/CBMi6gFBVV95cUxNUTlMR0NqX1JTOEJ3cmlkUnZSdVVyRVpTektmQk5ibll4N2RObUZ5VHYzbHExMlBCdFJUY0txOE9zeHlYb1RNdW4yNERjaW1nZU1BV2hRTHhhOUl1M1VqZjFieEpoWUJxcVFOd2RTLWJHYjVTdHhIYXFZQVdzNllCWVUzM1pUVlFPSlZ6dUpXUllKOEt2X29MWWE3TjRyeFJDaXZVbWNBa2xtVHVtSWREQ0djM3pwSkZRenNrMTNQUURFVzRlWlgyaXJFUU1UNnJLb1FCUko1N2lORlQ3eTRJVWVMSDBkQlZjSUE?oc=5,Transportation Alternatives,2026-09-16,negative
OMNY,Westchester Expands Student Omny Program - Hudson Valley Press,https://news.google.com/rss/articles/CBMiigFBVV95cUxOZnV5dWhQRWVwa194WTdnVWxxUWh1S0dQT1RMYl9NY3pOT3BSaHRqbkpUR3NFVGZjWDlGUVhLdHM1VHJZdmhKYVVETDk3SWQxVVdvNUZRSG9OSHRoemlxNmN1bkZhY182ejNHT2pDMktDY3VIN2o4eWNTbjd6MmMtaGZaX0FqM0JLYUE?oc=5,Hudson Valley Press,2026-09-16,neutral
OMNY,Digital OMNY Cards Are on the Way for Some NYC Students - The City Reporter,https://news.google.com/rss/articles/CBMikAFBVV95cUxQc0V6blZQQ1hSbFZqRTNoRlJ1aTJ3VTJRSVRuOWtWeVBJb3J2T0tHbGZSSDJNSnZBeEdEQjlkRjkzMW52YS1nTW5EaElFX2k4QkQ5ZEUxdmlwdVpxODFSb0pBQXBDTDVfZ3JuejVqbFVFZWt2S0c5WmpTZ2xIV3VQYUNLNXl6VmpnaHNZTmhsbFg?oc=5,The City Reporter,2026-09-16,neutral
OMNY,Students say their flimsy OMNY cards are jamming up their school commute - amNewYork,https://news.google.com/rss/articles/CBMickFVX3lxTFBxdWdLQnZfcEl5ZFpRRTVwMFczTlNOMzY4amdOTVIyakxRNnJsc1dVNGk2Q2RFTzc1VTRwcVNLdmNQVmJFM1FFUXk3OUpLRkVrVWFBdzBTS3pqV0g1UjZpMG1vOG1wMHZCMzJKTnZzYkJMQQ?oc=5,amNewYork,2026-09-16,neutral
OMNY,"Some NYC students say their OMNY cards expired early, according to recent report - SILive.com",https://news.google.com/rss/articles/CBMiwwFBVV95cUxPLXIxckRWYWhyS1A1dXhPYlhfSlFGY3FVekpoa1FrdzZ4MzJselREX0FZNm1wTmliSVZ6amgySFlNejNKUV9CMFJSMU9MUXZiWEludjBXZ3dQOFRVX1N1b0dIM2hWTWs3WHlSNnoxWW5obGpxdUktOUFlZFRwM2lyanhWM3lHTzE2RW5kS0t6X1dqZm4tUmtjcVhJd242dE1ZRjl5WThuOFpla3RDN242TUxvMk4xSnBSbGZqVEMyUUNscW8?oc=5,SILive.com,2026-09-16,neutral
OMNY,Westchester County To Expand Student Omny Program - hudsonvalley.news12.com,https://news.google.com/rss/articles/CBMiiAFBVV95cUxOTDM2WkxNQU9NeV9nVjBjVnFXeDZZUFdDTUxEZjJxVEVISnVyaVZ1X1B0SXlHR3NaRTVOY2RpSXRNTU52Tmt5UE95a0xna1V5WjlocnJTaXBRZHl2ZXVxMXFNdDMxbU9TanlpZVEtVHQxdF9PNm42QkxWS0NfTTdKSU1NM25NMGFm?oc=5,hudsonvalley.news12.com,2026-09-16,positive
OMNY,"Exclusive | NYC subway riders push AG Letitia James to probe OMNY cards after claims of extra charges, phantom fines - New York Post",https://news.google.com/rss/articles/CBMixAFBVV95cUxQdVFhc3dCcVYtNnJaU0dhQnZHODVkYkRFbjhGNkdTdlpHT2RsbjZfSFExVldiMjR4SDZ0R2dnbGZTR1RfZDNKX2JnSGFUNEtBYXFrTWY3TWVKX2tmWmJFNWQySUh4RWZuQ3pqTHh4YjkxRnNzWHl5bDFReUd5ZWtHWWdEdTkzWVBpWGQ1M1BHUzBSZDRSQV9nWFNPalRKQlNmTnNBRDd5YWdJeWNzbE9vdFlHbld6b2xnekhtaFZNRG1OMUlM?oc=5,New York Post,2026-09-16,negative
OMNY,OMNY Card hit with technical issues again - PIX11,https://news.google.com/rss/articles/CBMigwFBVV95cUxQc2UxZm5mRmxOMTFMV05EVUtKNVR0OE03T0dRQlQwOXNwRlg5S1VYcTVTaEJqbTgyZDBIUW9hNVc2UHR1VFJZYVVBNld5OEdCMUZRUFdJaENHOGdoV1pjU2JOUjZTZHFwVWtaNGRPU3AyUXRZSm9NUHlRNXZtSllnSE9xb9IBiAFBVV95cUxPV2s2VnlvdnpUb2pmYndLRk5SQ1l6b3NIU0huLVBGdDFBZUk1M1BsSm54dzJienJseXlyUkY5QlRvNEpjazJDUzNuVi1oZnBlUlBDTlA3a2pDdWJ6OXd6cm4tT0hIOEo1djhnclRNbndib1pYT3ZISXdhanhrZkI0alJsT3EwaThk?oc=5,PIX11,2026-09-16,neutral
OMNY,"OMNY complaints mount as some riders fail to get fare cap, transfers - Spectrum News NY1",https://news.google.com/rss/articles/CBMiuAFBVV95cUxQS0ZwN3FLQjBRYTJUbnU0WmFBbEFEYzh2bmk0bUJmN1RyN3VNRGJVRGd2WnZfbjh0dWdQcURyWHpwbENVR3hvcERzQXN1Wl9BU1BmUVg0SFlUQkFDbm5Zb0NNQzJVMi15dWJ5Z1ZZN3RXNFNPYmxveC1jcHViclJWS1I2cVNWdm5ZcEY2Sld2b1FoREJiRE53QzBnUU9JODZMSUZQNlFLeGVGSnVjb0FqWFlYZUFNckI0?oc=5,Spectrum News NY1,2026-09-16,negative
OMNY,"For Some Older NYC Bus Riders, Change Comes Easy. Just Not OMNY. - The City Reporter",https://news.google.com/rss/articles/CBMijwFBVV95cUxNS1NudVYtWXNoWmdwcmJkRjkzS0NsUEtPQ256WVpKZlpVdGJxTGlobmxJT3JGMk90OTdyWU8xQ3BvTkRXa1k5bnowb1hwMUZSdGs4QXcxejZGRl9rMnFkN2p3SjJTMzFKaHFHQkF6NFpPOWhidVFPTkM3R3ZBMkw4ampDMDFJY3Y1QlpRYmdyMA?oc=5,The City Reporter,2026-09-16,positive
OMNY,"EXCLUSIVE: City Council funds free OMNY cards for over 1,000 CUNY students in city budget deal - amNewYork",https://news.google.com/rss/articles/CBMiekFVX3lxTFBYakVQT0x3Tk5ycDVTV2htbnM5SjFJTHdsa0VTMTlyU05BbWRLVmpRSTNRSi1YM3NvMWdLNXlCUHpRZHdtVEI3ZUNlYzJOeUhpNlRkdHVhRkFGU3ZSdjQ2RVV1d0lfYkxfZ3hHbzBpN1dvVWdXdk96NGNR?oc=5,amNewYork,2026-09-16,positive
OMNY,Some riders take concerns to MTA about OMNY fare payment as upgrades are planned - PIX11,https://news.google.com/rss/articles/CBMia0FVX3lxTE1FQzlpRm9HeTN2X0ZDNkNuZmxtSlVOQmJ2aUNGSkFOSU9XNWQ5YklJak5QRUxQbktSV0RvYTkyeHp0ZzlXb0ZKS2JBRTJqSDdzXzBtb0RyNldXQVllY0Z5anFjYWVLMTBiY1o00gFwQVVfeXFMTmFkVS1BN0N0aS1aM3MzOExfSmFqVHhLYmVscHNYRmp3SURBTE9OTzdvbmlfTmtUb1BmcHpDVm1rOWp0RnQ4QlR3ZHloX2lnUW4xdWdkWVBqcGg5ZkZYejhIVzlKOE5PRG5PYUhLZV9lZw?oc=5,PIX11,2026-09-16,neutral
OMNY,MTA boss says agency ‘developing capacity’ for OMNY to show balances and transfers to riders - amNewYork,https://news.google.com/rss/articles/CBMid0FVX3lxTE40T09RMndjUDFoVHFmVC1VX2ozRjVKd29BamU1aXpTWGRIY1d1ZURrZFJ1LTVUQ2UwWGtFemt1UFFlYkM1R0w3UThlWElrekk4NFpieE5PdkNQU0F3UHk1d0U1STF2WmV0cGF5cUY4WnQxYWp2bFI0?oc=5,amNewYork,2026-09-16,neutral
OMNY,NYC Student OMNY Cards Go Digital - Patch,https://news.google.com/rss/articles/CBMif0FVX3lxTE9CYlZ2Q2dPUF8tb2NvSDJmc1NkcmdKNjBnOHZFNlNXRVhfLXJRTnpieDl4eF9rLVJUdy1rOVg3clBqLUNBQTVZNU1idHpPdlBuVUxraVI5VDY0VGRDNUM5VmVDVHdBd01ld3hUampnb3ZXVm5nQUxkYkVHbUJVd00?oc=5,Patch,2026-09-16,neutral
OMNY,Expand Student OMNY - Transportation Alternatives,https://news.google.com/rss/articles/CBMia0FVX3lxTE9vWk9WRjlRb28tclFKd0JNaWhBUzhmZ3c0dzY2MW5pNGNBQ0pWdUtKVldjSHNwaHcyRlo1ZkU2NldlQ2l6enAySVBYU0RhQlRnMEgwVXlFcEpkX3hIY2Izd2dtaS1BZFZFZHN3?oc=5,Transportation Alternatives,2026-09-16,positive
OMNY,Inovalon and OMNY Health Partner to Launch Linked Real-World Dataset to Accelerate Research and Improve Patient Outcomes - Business Wire,https://news.google.com/rss/articles/CBMiiAJBVV95cUxQcy1KUzdTVzdaZ1JBQ2JGa0RJTERYMjJIYl9CdnNBcGl4ZWVoUmRnVjlxcGhPUVJQQlpkT09DUGVfOXE3QVNlQWNuRzJzYTc1bWRPQ0oySDdiS085dHpuaFcyWFgtYnBQd0dZOUx3azNyX3J6RmlObjdnZ0pNeklHMEhGa00wM2F1TjhFdk1neWc3VGFwTU50QjJ1ZldRSmpQdm1yakhacThNYTR5dUhVdkx3U0NoUTJVQVVHY0d0MGhkVWZaZXVxcENpcGgtNVRiZDU5SDhxYzlVMXU2X2RMWWJWQ0h6VlZockdYN2IxQkRvVEo1Y1VZWDFDa2dCYjZ6cklWU2oxNks?oc=5,Business Wire,2026-09-16,positive
OMNY,Riders will see more handheld payment validators on city buses - Spectrum News NY1,https://news.google.com/rss/articles/CBMi4AFBVV95cUxQX2NWS0xhUW9vNUE5U0JzbVZZVnJHVVNybFBHdDgtQlFuQ2VtYmlPN2kzMUVaZ2hucWtrUDRLbjBzYU81dEJuaVJxeS00aVJscDl5NmdlSWl2RjI5TEl5WERlLVktanlDSlh6Nkh2X2VxaGxOVnhoMHpLeEhOamxtbHJROUZKaE5jbEVoRHVlTW84c0FTaEljVlNxc05yVGw0WTZweWcxS0E5RlNnNXNtaVE2Y191SWhHbUttN0FaT1VLSS1MV3NwbXlRRnNGSEVFNnE1ZGtMczM4LUZqTWdOMg?oc=5,Spectrum News NY1,2026-09-16,neutral
OMNY,"OMNY processing issue resolved, says MTA - PIX11",https://news.google.com/rss/articles/CBMif0FVX3lxTE82Y1Y0VjBjYkNZT3VaTEt5ZTNDdHVtZ2otN0ZlVTVQNzYxXzNtLTlMcDBDRURzakpPdUQzd0NRclZMRzh3eVJvM1dVbjNNVlFYZ3dMUG55ZnV0TzlMYm1KOHhOcThKeTZIeENkZDh4OU1SREZjbXp6NC1DLThtc1XSAYQBQVVfeXFMTk9yTWZEalE1c1RFUDF2dmVpTkZSbUFTUmtSNDlUME1XTHNSODA0XzFRanVnRWQ0T0gyLVJxZVBLMFh5enpvMkkzVjUyQmhiWVFkTVdUaWVqVzdueDY0QWphWnFXSm9Lc2U3dDJETTVUajI2bEdmMFoxeVR3X0R3ZGhpb2c2?oc=5,PIX11,2026-09-16,neutral
OMNY,"Students, pols call for OMNY card changes - Queens Chronicle",https://news.google.com/rss/articles/CBMizgFBVV95cUxPQzRiaDRhRUw3Sl8xLWlXT0VTVjVtNWhoWVVRTmxHXzk1RGJabGsxQk5rdmJkTEo1NkMwOXJHRHJBelBpd1dWeTlsUldPaTRDN0VsUmIyaGxmbjA3RmdVQnVQZnZWelBBd2lKOVNJT3ZzVjd2ajZUUUxwMk5DSEpTMXBTVUJaZ2lGaVhPbEdiQUtSOXJKeUE2RWxaU3ZSSHNjcy1rTjgtRGpDSm5WUnUyQkRzbTd6dnhVeXdKMTZBWGlsdlZPNkxHUzd2T2ZEZw?oc=5,Queens Chronicle,2026-09-16,neutral
OMNY,OMNY Health Surpasses 175 Million Patient Milestone; Launches Oncology Product Suite to Solve Complex Real-World Evidence Gaps - PR Newswire,https://news.google.com/rss/articles/CBMijgJBVV95cUxQY0ZNREotYTZUWVhuckgzdFhOYWdWa2cwTTE2eHNHNTlLZWZnM2pMUFNtSVJacHZaV0dtYXk5bWVCaE5JQzJDV3Q2N3FzVzJGV1Z4ajFycWFkckFDbzc1amJVTWp4OVVDU2RPa3Y3Nll4NVNOWkIzNnUtb2xUakJoV2psdXJ0T3pjMmtkYllYbkY0YTA4VXhSZHBlRXV1MVRuLUZnNkNpVmw5czZSTXNpN2VNYWlUbHlYMWZNRzVEUnh3OUJWVXRxRzdydkN0bmE1cTk1dGJoM3U3TWM3dnl5SWZoZEF2bDJNcmNRSE1LV2lwWTdBQjdZS3BQSnVSRFlPZjJ1WHlRU1RUT3lMUHc?oc=5,PR Newswire,2026-09-16,neutral
OMNY,Free OMNY cards coming for some CUNY students in new pilot program - PIX11,https://news.google.com/rss/articles/CBMiowFBVV95cUxOSm9hblRVN3h0QURZNlcwQ1RnM3pvc256a2xLelZtdFYzWlRobmlZNGI4bDBNVG5Cdzc3b0NpOGoyMHBzLU5PbF8wQ0ZyRjgwbjhhdGNHckgzLWpKNTVkc2MwMl9RT05CMTEzbXdnREJ1QV9mWWFCVS04SXpGQ2ZCR21rWkdBbUcxYTR2MElxcUtJYzJJcnk3aGF1V2w1bUVWTTBF0gGoAUFVX3lxTE1kOFVybmJpd1B4bUJEVGt1Mm51UGwxLXFSUVZMMzQ2UE4ya08zUW1Ha3dHeXdDRnBqelN2bEVSQkZYcFNXTVBFblVDbkdTVGpmNFBvNUx6a1JzU2swT3ZHeFVfZ0tuaS1CZzlBQVlYeXVteEV4QzgwXzZ5OExlcHl0QUpNOGl3UUVUTWw0eUFQeGhieEN2QzFHdloydjQ3dFFsTXVXUHlNWg?oc=5,PIX11,2026-09-16,positive
OMNY,The MTA still accepts MetroCards in the OMNY era — but does anyone still swipe? Here are a few who do. - amNewYork,https://news.google.com/rss/articles/CBMic0FVX3lxTFB3R1M1MFY4Zkg4ZmMzQjdDRkR1WmdqM21TUkc1ZTg2T3lNaUQ1bEljdkdTMFh0Vi1GX29Nd1NCM09ERlVpRm5reUNGTXR4Um1LdUVudm00b1Y0WVBCZlBaWTExcnl0VzFLNDh4YkE2V2g4Zm8?oc=5,amNewYork,2026-09-16,neutral
OMNY,"NYC's OMNY Card Is Here, And I Am Full Of Regret - Aftermath",https://news.google.com/rss/articles/CBMiXkFVX3lxTE1NR1pWVHJKcTZnU3BOMDZIZnc1R1QyaHFpN096bVhYejBTRzVEUW9NQUtJNzZ5SmUwVFVRWWhQWDVDNnJfamR5dXczdHJVblhQVE5IT0xWZ082dGhYZUE?oc=5,Aftermath,2026-09-16,negative
OMNY,Some NYC Schools to Switch to Digital Cards for Public Transit - GovTech,https://news.google.com/rss/articles/CBMiowFBVV95cUxNdHNkdVBnRXpQUVVXSk5qZEZSOGR4aWxIVno0cEw3UzNFTm9LUWlxNVFhUUh1cnBvNk1Bb3ZpTzM1dnhOOGNIOFNIbVNWdGhiY0JEWVJlcTktMVIzelFyUGhCSVVJanVESkphaGJBZnVWWEtZZlJrdGMwVk1FczlKZHphdVJBRTF3R1hTbGVTM2lBV2k2ekRfSHlrbllSVnEyOXdJ?oc=5,GovTech,2026-09-16,neutral
OMNY,Westchester Prepares for OMNY Rollout with Full Bee-Line Installation - westchestergov.com,https://news.google.com/rss/articles/CBMigAJBVV95cUxOa3lVQzJueVBFdFc3ampVVFFScjJGMU5mTHRSNzFCWGpCNndyR19wd3BtMmRSX3lWQmZnQi1KTXQ0Zy1sNGRnZnNIYmV1MDlXb2NCWmkwN3lRd2poUXJyYjVVY3VfMzZLRG1MOFF1bDlBT2NBcEJPeVY0ek02dG05OVFfb0FyZVFQRFdzcWlMVTUtQzd4RzFoUGpKSWMyRThpRktXRkdwRmQ2Q0JrVFBtVjNUeFBwdzNkdlZOVEhaNkgyakxrQ0Z1aFJPVDkwR05KaVNWQmJ2SGhGeE56WmV0ekt0OUs4U005VWU5Q2NYRTloVWpXMXZKQnlMSXVJamIw?oc=5,westchestergov.com,2026-09-16,neutral
OMNY,Manhattan man encounters issues with the OMNY senior discount - NBC New York,https://news.google.com/rss/articles/CBMivwFBVV95cUxQOE54cGE2cmlLZ1Y3YVE0elBuY282Ym4wczFUNHpFNlRhNGxiUzQtOHU5YWxURVI0U0xyekZISlhtTDExQ1IzSjB6Q1V5bV9TSmZEQUt1a05YcDA1RlVoalBNbFNXTWxiYWdjcEsyUGI1ZktidVBQRzN6Y0tuem43SnBVMllJXy1MNFFqaXF3RzZrYWV0OU93SG04Zk45M2xMNm43NEI3VmQ0cVpLQTVwb2h5T2h6T3dLa3FwYThFONIBxwFBVV95cUxQcm9wUllqNXVMZzg5clpab2NKTlJNWnlMd2JwYklKZWRjU2pDOVBLWWVsdGwwOTFtMDV5TFJqczc3bDU4VHpzbXY3T1pSenpfcm9Za3lYRWRtdWIxTGtPUUIwOFFNNVFXandnbHI4bnVjVl9WcUQwQ3ZQS2hXcml1cjRBMVhQNEp1ampYRGhGYTFJWkwzcTFQTmQ2cmJlTlE4eTQ2UXdnRFJ5a1N3a1F3SGMzSGtwTjdXYWxwU3F5MDJNX2REWnhv?oc=5,NBC New York,2026-09-16,neutral
OMNY,OMNY? These bus riders still use coins. - The City Reporter,https://news.google.com/rss/articles/CBMiiAFBVV95cUxNYlIwRDVrY2ozLXFYWE05dGUzdUtsMTd3WnczZjJKVnU0WXpKclA2cUFXS0ZVVGZ6czEyV1JldG9mNmRrT2dvOTh3RzhpVXA1Ri05eEx6enZtX0JZVEE0Z0tWNmJVZVNwNW90VVRqVElxOU9FX214WDIwdjZUZGYwZ1Z4N0VpT0xr?oc=5,The City Reporter,2026-09-16,neutral
OMNY,NYC Transit Just Got Rid of MetroCards for Fares. The Successor Could Put Your Privacy at Risk. - Reason Magazine,https://news.google.com/rss/articles/CBMiggFBVV95cUxNRUFYSXo2NjhWRUR2RFZRRTJYMlBIUDRoZEpjQWZYVGsxUlZua3JQV1labEZwczB1a1hHMl9LS2dWYXdhSmRTTDFOR1ZKNHdONHRuZ1lKNVlCVzU1aGxKak9LeXhQdl9Va2RST0JBQ2lNa3VUc0I2Ri1oa1puZXhncVJB?oc=5,Reason Magazine,2026-09-16,negative
OMNY,"Tech Industry Transit Systems Endanger Immigrants, Advocates Fear - The American Prospect",https://news.google.com/rss/articles/CBMimAFBVV95cUxPQjNjQjNvcUdFVHdJT3ZTYUg0eUhza0dKR2thTlJBdzlpWG9BVkpIQlJDM05VRHdoTlNaanhkLUJMRGhFYlNyX1lmbnN5dGNpeGhEbktTMzI2alVkUEhNXzdUT3FxRDNseC15c1JoSUhGQnk5VkdVa296M2hPazhkbHN0dVBlOHJQaWFOS21za19ZSm1uT2xwZA?oc=5,The American Prospect,2026-09-16,negative
OMNY,Bee-Line bus systen's student OMNY program expanding in Westchester County - CBS News,https://news.google.com/rss/articles/CBMisgFBVV95cUxPeTJDSjZycEtBVWF2a1lMQjB1bVdONGE5VmRTa05QdFBuV2x5cTlXMllKSE5xc2dDS1YwTHFmdnM0ajhaX05hbksxRERiVG1GYzdKMDhiRWFJdzA5OUE5cmplZWFBdU1DZ2dYTUR4SWQtYUx2MEZ4MjFhYURSUlh5REZxV2xvLUJDZHhhdGk4bzlfZnNya2I5Y0ZQZjZyNHlwLVFUVm01ZzlTcDBiQzFvT3JR?oc=5,CBS News,2026-09-16,neutral
OMNY,MTA contracted subway guard accused of pocketing cash for OMNY taps in Brooklyn - ABC7 New York,https://news.google.com/rss/articles/CBMipgFBVV95cUxNdDBRM21QSTQwN0ZnQUd3RVdiZW05SFNqUnBad0hLaWJqT3JpdU1HaF9oS3FCb2lBUEJ4TDNMWEozQ2x2bkF4dzBsbFFUNGU5cVNPeW1RcHVWdGxNLXgxckUweFI4a1BKMVJPU3B1WEIwaVhWOEpwMTN4bFRGNFAwUkVtNndPU1VNZnNJTG05blp5TDN0dkN0MmJTSGJTd1VJVDlPWWNB0gGrAUFVX3lxTE41TlhsQUlNRFo3WlNRanhtTk1Nd1lqd0dfM3JUb2tOR2g5bEpCWDE3ODhLcEttVXltODRFQkt0LS1temdqUEtTT1ctZ09OOXVXRjVWZk9sbkxHaU1pQVNGcmtPOGt1dkc0RHprdmJDdlRCUHp4V1pPaUd2NUEtWkxta2FYTzBUZkJLSTVjNnJMbklhMm9aQ2pHY2tYNUJJbFktaUxkWGt5NkE2RQ?oc=5,ABC7 New York,2026-09-16,negative
OMNY,NYC Public Schools to hand out OMNY cards to students: Details - Yahoo,https://news.google.com/rss/articles/CBMiigFBVV95cUxQV0ZHUzBEcEUwdXVJaTcxYXhzVDc1NGdhRDF1TzhOT09pSEp2eTlhUEZBU0s3VjNONjh5ZEhwTDJuWkxTRUNSeENDNXNvQ2swZjNOM1ctMkNmZHBhTWdMRWVzaTIyNjdsUGxWWDVjY2hjekE4N2ZfOXp5U05VcHNwSUdMU3A1VDBuRlE?oc=5,Yahoo,2026-09-16,positive
OMNY,"Opinion: As MTA Moves From MetroCard to OMNY, Accessibility Must Come First - citylimits.org",https://news.google.com/rss/articles/CBMingFBVV95cUxPb1Fub29nc0dBOEN1X3EwUk04NEZXS24tX0JQUTJZN3ZRT0lfNTc3R0NMQzFTUlBadWtWTmZtLUpSYVJvUDdHN3BPZmVUYUcwTHJQMUlYb3pxeHNZTG12NFZXS3dmYzVJV2UxYzBmQzRUd3lTdE1YM29RRjktVG5qakJIbTVITGgxT1BIS2FtQTZsSDFuazBkaWF1TnNVdw?oc=5,citylimits.org,2026-09-16,neutral
OMNY,Westchester officials propose expansion to student OMNY cards - News12 | Westchester,https://news.google.com/rss/articles/CBMixAFBVV95cUxQRlYzRzZYTkZvWmxrTDFJZG1uc0R2M2pOZXl0eUVteDBSZU9qSmZaWEh6M0xGNzk1MlZ6Y3c4ZmdhYlIzN19yZjF5SWVoUXNTdzNqSVJsUW12N0Y1N0VkdWREZzZYcVZLN2tidmhBdWRERlhPTXRzWjNKLWJ1S3RUbHBsNTJMbTJTY0h4b2FNdEw4YzFZd1Z1YkNlRVBKci0xRzVDLUhHdXhxWXlpQlliM1REV0FLU19DZFc0MUluajVLV2dJ?oc=5,News12 | Westchester,2026-09-16,neutral
OMNY,Some NYC students will get digital OMNY cards - CBS News,https://news.google.com/rss/articles/CBMijAFBVV95cUxPZTlIMFp2dnAyRjZncGVoRER5UlVJWGpsSGxRR0RKazFqTHVxMVFIeXNhNndWSHhNbi01UTFjS2N3YlY4b01qbldTQjc2Vnl3ZXZlSnpJZFVyTmVZUzZZN0VNRGVyWGxXeXZjaHJUNTFhYW5mbnJ0VDhKVTdqeE5aSTBUV1ZmN2pQLTRQUA?oc=5,CBS News,2026-09-16,neutral
OMNY,"Kids demand fixes to NYC's student OMNY cards, saying flaws encourage fare evasion - gothamist.com",https://news.google.com/rss/articles/CBMiqwFBVV95cUxQd3hHMUsya1BERUpDOGMxaVVsZFRMQm1wQlB0UXo0NXBVQ3lKR1dUQVR6VWNUbzk1RmJ0RE91OUVQUDUzVkJjTElJSkR1eG5UZWg0eTR2aFR4WG5ZZHBLWDFMV0pna0lXUU0zdEhmVG1FM0RFdVF5QTdEMC1EN0tjSVZZTDkwWkhWOU41NEVLVzZnNkRoYk56anpUWDA1Y3Q3ZHdVLV9VLWd2dmc?oc=5,gothamist.com,2026-09-16,positive
OMNY,MTA boss says agency ‘developing capacity’ for OMNY to show balances and transfers to riders - PoliticsNY,https://news.google.com/rss/articles/CBMixwFBVV95cUxOWEZFd0ExVEpVZk9Yb3I1TXRsalNZbWhEY0c2SDV5WGtxYVNFTkl6NlluaDNBWFJPSExaVkZZblBVTTlfSEJSWDA0SXZCVzJDNVZROWxubGN2cUM0SXJhYUJvb0tZNmZ6UE1sRDVZQXFubVNmMHItM3JsMU9fUDRJaUpwRUZ5V1dZNG1PbUV1OVBvMGxpbmxLRUlUMkdvZ3BXOXd5OHk5QV9zWDk0bWxZVXM4eXk4MkI1cFJ2UTJ6YV8tODlpQ3lz?oc=5,PoliticsNY,2026-09-16,neutral
OMNY,"Borough President Hoylman-Sigal, CM’s Marte and Restler, Riders Alliance, the Permanent Citizens Advisory Committee to the MTA, and Students Rally for Expanded Student OMNY Cards - Transportation Alternatives",https://news.google.com/rss/articles/CBMidEFVX3lxTE5LempCNDNycnZFN0M4bmxmREg4TTU3QWc1bG1FeE92RGUySmJ4bWE3blYyRTBjQzA5bGF1cHdxQWhUbkoyb0NuMXlyNVh4S3N2b1R5Mm1uS1lmbGNkOXppVTN5c3pxZFNHTGFURUVGSUlJTm5i?oc=5,Transportation Alternatives,2026-09-16,neutral
OMNY,The Bee-Line Stings Riders With a Last-Minute OMNY Rollout - nycitynewsservice.com,https://news.google.com/rss/articles/CBMipwFBVV95cUxOTHAwQTlEUDBEUVJXTUdpWHlBc3UyUGxRUktrcURVeHZUbFhEcTFrTlI1a0pndmJkX1hFTTRsaGtlY1VRQ3pWNVpYakhkYXRvZDU4Snk5M19QSEkzcHZ2ZGM1Z08yazN1c0RtNl9tZVkyNXJmdXg2MWNGVC1RdFRUdjZaVVlZZzZOWUVIUHJtellJY2g5YjRTREtOMmRyNjhZajRIWExPdw?oc=5,nycitynewsservice.com,2026-09-16,neutral
OMNY,All NYC Students Could Get Free ‘Unlimited & Universal’ OMNY Cards - Secret NYC,https://news.google.com/rss/articles/CBMickFVX3lxTE8yT1VET09sY0JDcjB4d0dfMTU4S1haUzN0dkQtNnA3aTBQdzRjVENwWjZfdGpBaXFnXzdBdlJaQWl3YzRiX0R6UlM4a0NpZzVzLWgydlVvdzQzbWsxX294TXB4THdJY0lSWnlDWnM1bHZGQQ?oc=5,Secret NYC,2026-09-16,positive
OMNY,CM Ariola calls for ‘unlimited and universal’ free OMNY cards for NYC school students - qns.com,https://news.google.com/rss/articles/CBMiZ0FVX3lxTE8tZWNuSk0ydlBtaTdLd0lqaUVBMkRDNXNLeXZ6OGVWd0UyMDctSHB6N0tOWmxieHZ2cEdRMlNnaGlvRjhXdS1IM1lMMkVyRWp6TkRyT1lHMUZHSHJ5bTlUWE9vUWZkWHM?oc=5,qns.com,2026-09-16,positive
OMNY,Bee-Line fare hike: OMNY to replace MetroCards on all buses in Westchester County - ABC7 New York,https://news.google.com/rss/articles/CBMiowFBVV95cUxQX19mWS12TU05eFV1M1Nfank0UHVXTncwZnBpWWx4QWppR0R0VFB3Wmo0X1FvS3VUd0FPR0dhNDFCbWprSnZ0YU5ybDdqN0pjWTA5ak5GbXVNRHpybTdnYllvdTdYSW5UdFZiOGNMR1cxQUwwSi1fYkZwN0t2dzBaUHpkSDRrekRXUzlGNkFidnBxV3JxYW55ME5xel81SVQyMzV30gGoAUFVX3lxTE1FOXpsTmotNEp0SDV5RlJSbXYzRkJ1cmpfTjRwX3dSb2dDb1c1NUF5RnFmaHZvWXY3NkZKTXkzeFd6TWxkSXpBM0pmRWE1a2ZtQndMcUJlMXlVMDFLQUJHeFRVWk84UjFqMjdGUEtSa0lzRVZBMWNzSUNrRlYyWTJ5Y1d2dVFQR2pEZGpDZWFyb0hyQ2I5RlBpeWdYSUhtaFdFRV9BQ0x3bA?oc=5,ABC7 New York,2026-09-16,neutral
OMNY,Civilian agents with handheld devices are being deployed across NYC buses to verify tickets - Time Out Worldwide,https://news.google.com/rss/articles/CBMi0AFBVV95cUxNRnZLMHZvdXkzR0tMS0VPRTNPYkZYVWpQU0dWYUphdGE4ODBXQWpaN0JQSldxWUY5Y0Y4OUVzUVl4OFViNm41NTBNT1VwYlBFLXYxdy1mSmx3YXlZT0Q2TXhyenVPTXg4TUJ0VW9pem11dnUwS1JfSTNfektVY2R4cHZ6REs4ZFdRVjNfSzZLZDJzckdiSXBGQ3BSd3hKeXZWU0pJNThidk4xZzVfU1E5Uk5wUnVBY2JzWC1PaVJ0aVlrcmRVNTc5WmZkS2Y4bF9Z?oc=5,Time Out Worldwide,2026-09-16,neutral
OMNY,Where to find an OMNY card in NYC as MetroCard is phased out - PIX11,https://news.google.com/rss/articles/CBMilwFBVV95cUxON3I0YU94MWFETGJGTEtIUk56eVI5V25JczNueVNyOWdQbHB6Wnc1c2Z0TDc3eF9USk9kNGlXWXNNbV8tSUFEdEdnTFlBMWdQU0xVQjh5S1BmVV9yNUlWSWJlRkRUWGdrVmFhYXY0R1k4czg1SE44ZndJa2I5OUZoS0pfYjdjOTZQQTJVc0Fqa0N4QzUyZWp3?oc=5,PIX11,2026-09-16,neutral
The L,Bethel students gain hands-on ministry leadership experience through grant - bethel.edu,https://news.google.com/rss/articles/CBMigAFBVV95cUxNZVNvMWhDQkd2SU9vcUtWU2xGOEM0Q2NCd0U0RkstQzZpcW9ldjA1RjNxWUVSdDdWUkNmMldfRy1WOVdTRElaVGM2bml1cUZiR0RuTmQwME9aVzFPZHJGZmM4VUh1am5ZSDBrRVRGeGJlMy16MjQxbHowYlhmSDM4eQ?oc=5,bethel.edu,2026-09-16,positive
The L,L-Acoustics DJ Puts Spatial Audio In The Booth At Beatport Live LA - Live Design Online,https://news.google.com/rss/articles/CBMimgFBVV95cUxNYUJlNWl5SWZKcjN2WGx3Nk9fd2V0VUFBSDhVRlBib3pjVW85cnhjYkc1X1A2NF9NRlhOeGZxTk1aWnpid1loYjFRMHJZUU02MlpaTWZBVWN1YTZ1V19PcHMxLXhlbDlidHlkMzBUTHZMUC1jQjVvc3dpOGliM2dRNmVLTkJkUGllZ0EtRHdtRlhlTFI1RXhkWWt3?oc=5,Live Design Online,2026-09-16,neutral
The L,"BITS & BYTES September 16, 2026: What’s happening in the Berkshires and beyond! - The Berkshire Edge",https://news.google.com/rss/articles/CBMipgFBVV95cUxQQzhfN2NOOElGbE9mX3dRanFsQnpJRXEwcTJLcll3aDZyS1FhQjZkVlF5R284cnd2TE1TWDRhNk5Ecm5sZHpjTjFDeDEyZDBWR2tIOVI5WmZqQzlkV1czSG9UMHRfYnQwa0RJX3F5QWNUeE1zQ0s3VjIxeThVTEs1cGhsdzh5RWR4NlJ3VEVXT3owY19tRmhydlE2cU5jd2RHUng1ZEt3?oc=5,The Berkshire Edge,2026-09-16,neutral
The L,"L-Acoustics marks first House of Worship installation in Europe at Grace Family Church, Switzerland - Headliner Magazine",https://news.google.com/rss/articles/CBMizgFBVV95cUxNZHA2NXM4NTMteGNVZTBObzgzRThaM0FoSko0QXQ0Vlp3c21WVFBBeG1uOWdXS1AzMjRJTjU4bmw4TzNfZHgyNE1CcG9xVlZtVlFLX2x5R21TS29XYVdpLWVTRUMzMFdPRzBnRmNaRHNHVmtnT1hBeG8yeDktUE4zTzdVelg0cVhrOXA5N0ZSdVdXREdJWThKdnVrOU9XZkRqWTR4ZmVIVHJnRC1TajRCdkRqSm9yOFFyRjNNaVdHZlpBWTl1SUZZQUdhdVhvdw?oc=5,Headliner Magazine,2026-09-16,positive
The L,‘Mohawk’ on the Move - Railfan & Railroad Magazine,https://news.google.com/rss/articles/CBMiUEFVX3lxTFBRd2tEQXVrWms2TEVOOXg3a2pVZEd4S0pJN1hHYVJCZG9STUhDSkRHVUlmaHZjRU1pVjA1Z3pGT2FIRmJQZzFobUo3aFpzTmJZ?oc=5,Railfan & Railroad Magazine,2026-09-16,neutral
The L,"Arizona AG sues L'Oréal over cancer-linked hair relaxers, says Black women weren't warned - The Cool Down",https://news.google.com/rss/articles/CBMikAFBVV95cUxPeUR0WTRqbkMtS0ZoLWxiMFY4SGVrbXh6M3FpdlBYTVByMENTbFpwb2Jlc2ZBclF6TFEzVGIzVmx0RzRoemRhZEFGLTNXMC0wNHdqN3NUV0hFbldxWmNTSWs4dFhoZ0w5TnZYOUNhcHZFSHo3eTRqWXhXYkctd2JOMHJpM1dGTm9JV1BHUE9yWWQ?oc=5,The Cool Down,2026-09-16,positive
The L,The L Suite 2026 Bay Area Deputy GC Litigation Forum - wsgr.com,https://news.google.com/rss/articles/CBMikgFBVV95cUxOSEdVTmdwYUZ1akhzRHYyUk42cU5MeUJSUzhzYWtzUUxsS1NkR05NMFZ6XzFWNmFUcGU3Nnl3V3VfdDYtTTdBS3BtWTBYdl9NN1lNWmpKUGZVX1FwSzB4elBjaDJST1ZxYVczUXBya1psWkRkN2hLMTNXblp0NWVFS2VXbjhqcC1LSVhZM2QxU0swQQ?oc=5,wsgr.com,2026-09-16,positive
The L,First L-ISA installation in a European house of worship - AV Magazine,https://news.google.com/rss/articles/CBMivgFBVV95cUxQZWdob1UzdGVIWjNNMXNRZlJ4X0pVNEpMYVpjNWhNbUJQYlpJOGlHS1psUjF3YUFKOTJxWUYwYnpBYnlrX2JoWDViUzROQnZpbkVVTXNITFM1TmxzcFNucnNDZGNndXdMUmZhdVFUckt6NUFLQ2JrQnZoY3h2cDYzOEVjMHZLT3RjV3VhVE81bjFzTlpOVlo4MjdNdnhvanNBa3VwV2taNFF2eXYyZTk5V3VyX3IyM21hdVZCWmNn?oc=5,AV Magazine,2026-09-16,positive
The L,L-Acoustics L-ISA marks Europe’s first house of worship installation - LSi Online,https://news.google.com/rss/articles/CBMioAFBVV95cUxQWWlBOHdRcElnVm53bllmemJTbHNDVHZFZWxPcUx6Wm54cUhNX0FEeEVwQ0IxMDFrd2ZBaEFfanIycGJkYU9FeTd4QlZzUHdvdFlINjZZQ3VXVzR1Wl8yQnFvVF9nRXJITTd3VXBSdnhXVlRKMVlZSTlTNU44aHdrMDFLUldXcEJxelhrNms0Nk5iLUZVUENVQXZ6VXlBU0sz?oc=5,LSi Online,2026-09-16,positive
The L,Shop the L’Oréal Paris Revitalift Eye Cream for $10 - Real Simple,https://news.google.com/rss/articles/CBMijgFBVV95cUxORENuMGJnYWJrbEgwUG42eFZYb3VwYURLOUVnU1FWclhfWDlXOFNrdmFTaFhYSDVvN2phVzhPeTlGalowbkhYY2lQYmROUmxSaFlUNFliaklRczI2d1VzWllqTkowSTdpU1FjclN6NXRyeDVVejhLcC1DMzNMVmlhaVh5b1MxZm8wY1ZhUVh3?oc=5,Real Simple,2026-09-16,neutral
The L,The Ducati Wood Chipper Is Proof The L-Twin Deserves A Second Life In Anything - HotCars,https://news.google.com/rss/articles/CBMigAFBVV95cUxPcW5pRkVGZjZFOTFsdGhrd3A1Z19VQTY0a2hNSnpkZ2Q4Wl9VVnFVU1RZbkVaQUhJbkdrM2xEYWdSNVlURHJqZHJzd3RhQVBFdzI4TGpCWFIwYWQ1NXZrdzhQTVB6QmsyelBHUE9uS3JCdWV5Qk9jN1V1WUVCa1FkWg?oc=5,HotCars,2026-09-16,neutral
The L,L’Oréal faces lawsuit in the US over hair relaxer cancer risk links - Cosmetics Business,https://news.google.com/rss/articles/CBMijAFBVV95cUxQUFFJaDRkWVBFaFIyRDJEaFRFOGFHeVBHeFdpeDRWazl2NmpoYlRKY2ZmR3J6MGxkeTZSRGNHUHR2VkJkN0NZdTZ1cTFVU2ZHWUJ0VnUwZFZ0TmVpQ0cxcjAzYjg4Z0ZtWHJSUUlCc2dhdU80LWVtU3VVQTh0cjNILUxteFpMSlduYmFlQg?oc=5,Cosmetics Business,2026-09-16,negative
The L,How L’Rain tried to smash the cycle of time - Paste Magazine,https://news.google.com/rss/articles/CBMic0FVX3lxTE9qZ1dOZFdzQzV5MEh3RUhKME1jOVdlQUc3YkVkc3YtY2IxZWRXRTgtN3BXMFlQdl9hWVlmYm1Pc2lpVHczSUFMNmNLQWZjR3hreEJzcWR6RVVQczhsSWo2WWx4cTNkOEpJUXM1VGhrb1IzbHM?oc=5,Paste Magazine,2026-09-16,neutral
The L,Liebherr machines support Czech sand and gravel operation - Agg-Net,https://news.google.com/rss/articles/CBMijwFBVV95cUxQVlVpTmZpc1oyLWhmVjh3cEk3bmZ6cHlyNG9MaHl4d0xoSDBqWHVGSFFVV1VVRU1UdDZqeGxNQWdKZW8xcDFFN2paX1dVTkJqajJMQzczbUdHSGpncHFWSWhlcUdxS1NnZG1kZ0s4bFl2cWF4Tm1BbnVvanFkTGkxazRNVWVDeFZlNDQ2VGI2cw?oc=5,Agg-Net,2026-09-16,positive
The L,Viltrox brings four Air lenses to L-mount — and adds two fast f/1.2 APS-C primes - Camera Jabber,https://news.google.com/rss/articles/CBMivgFBVV95cUxQX2NkZlFERnYyTXhVcTJVZ3AtMlpPN21iX1VDQ3U1V0sweTh3aFJlZkMwb3FfbmhHM0Z4aV9UTk9BbUJ3NTNweXZjemRra1YwVmZZV2MzYnFkTlQ5dXNzbUhGakwxdHFKdzF5SllOU2Z6WjJnVWtZc0VSZ0NlN290eFpyeTg0T3JOQlRQVGE5VU8zaGVUTzMyeUJ0V1F6VzZiQkdKeVM5dkZva0FWdHp0V3NNZ3dGZ2lBODVMcWZR?oc=5,Camera Jabber,2026-09-16,neutral
The L,Ukraine’s Next Fighter Pilots Are Training on L-39s in Canada - MiGFlug,https://news.google.com/rss/articles/CBMikgFBVV95cUxOcE91eTVEanBsWGNLX1l4VHdMZXA2SndBZjYyOHJDcnNwdTc3dVMybW1fcWo4MVlyUVA0SnZZR1NsRFZtM3lzYnFGVUtnUm9QbF90M3V1OTBDVldUTV8xOHo1bGRZT2p5V0V0OW9ydllZa3dhQkVKZ1hLNkJVblZEYnhYQ3E2emVoMExEMFNxajNrUQ?oc=5,MiGFlug,2026-09-16,neutral
The L,Legendary Carnegie Deli reopens in NYC with timeless classics and new offerings - nydailynews.com,https://news.google.com/rss/articles/CBMiuwFBVV95cUxQSnBWaHluZGxBSGNsSF9DcVpYUVM2c2lXX1ZkNHFCRXJKM2huY3FmT3c3VW12SHl0RjF1RVZ6T2RYV002VFJGNlJoT0g4bDR1Z0Ixb3VIZTdTMGFIWnlLSUdUcExXbzBBYlFINi1KWXprdmF4cHg2NGgtNzZOZTMwNDRBNUNuLUNaWXhFZVVONElpeWUwTXNUX2NPVWd4VU5nTTFRVjV2bkJUbmI2Mk90dXcwazJEejJYQ0d3?oc=5,nydailynews.com,2026-09-16,neutral
The L,Prospect Charter hands Gilchrist the L - KDRV NewsWatch 12,https://news.google.com/rss/articles/CBMiswFBVV95cUxNdXJqTWZIbEF5Z0Z5UVh5M1ZfcmRXSlJ3TjN6QXpjZFZWWThXYVlnVnJxdVBDWl9TWDd5dE1RcndGWDB1bDA1NlhfWVN2bnBzX2ZwVldtX243NHZKVGs4RmZtc2E1ZTRwUXA5UzJldGNVSHpwMXdpbmwxeTVMX3BWd1lPTGV6U0xUdzB4ZDVNaTd1el9od3U2Rm5XRzNMX0p4dlcxNDQxQlNBYlZibzEzdEU1SQ?oc=5,KDRV NewsWatch 12,2026-09-16,positive
The L,The L Suite 2026 TechGC IPO Conference - wsgr.com,https://news.google.com/rss/articles/CBMif0FVX3lxTE1nckZocWJjM2NjMThPLWdnNFdrRm5fZGZHM2xidG9UTjNWQkhrUHVYdlNzTVppaDNCMnlmb1RQbU96OXh2TkZPRFBOQ1pmVWJHRXR3X1RlOXBCMFBTYS1ic3dLQ0xNa3kzcFZ3bmtya3JrMXhwZDBMM1FFYVl4TTQ?oc=5,wsgr.com,2026-09-16,positive
The L,L’Oréal Dermatological Beauty’s new ‘landmark’ study highlights inequalities in access to dermatological care - Cosmetics Business,https://news.google.com/rss/articles/CBMirAFBVV95cUxON0FJLVZVUG1jRU5EQnpQVVV0SjlZNko1X2JQQWJ6czdWQURacW9UWEFPWkx5R3F0U29lWjdqbElZRGNtSlY2Zml4YTdld3I3c0RxRDFkcEVqWUlDSnl5QmNCOWxiTzdILUxESGpfaXNrVVNueHZYcjJ5N2lNejZ6cEpqRmFyRHdKLXJEQVkwTEc5NXpYMlhuUUdVVk55Z2N1TE1uancyOXZXU25J?oc=5,Cosmetics Business,2026-09-16,positive
The L,Arizona accuses L'Oreal of concealing cancer risks linked to hair relaxers - Reuters,https://news.google.com/rss/articles/CBMivAFBVV95cUxOVzE0WHI0cVN3UDNUcXgxM0RLVVFjb2pLaGtCd2E0eGNXTFFOZ1UtTC1UV1Eta0RRQWd5dl83aF83ZzZpdFZra2lsOGhjenV5aE4tWnd6OFJtRHo2aFNDNlV4RjV4LWJUWXJoRzdodm5HZEdJQWJ1eEFtdTE0R2d4cG5fbTJzenBVNlU2UGZwck9neHIzdHRJUThKRVFPbUtMdnBnQ0hFN2pjdjFJRzJqSVQ2MS11YlBDZUlYbg?oc=5,Reuters,2026-09-16,negative
The L,Grace Family Church puts faith in immersive sound with L-ISA - Worship AVL,https://news.google.com/rss/articles/CBMiowFBVV95cUxPMnY5WWlUa1EzT25nN2lzS3EtN3FUTUVrcmJPYV9ENnc2Wm5sekt0a3ZUSl9meDFtalEyNGZMNHJwQVRycnNoandBbk5XNWp6TU9nbWh2clpqUThNM0oyZ1dNZ0k3S1JCTG93ZzlONncyNXM5THl3RlVwdU1TaFZnVEd5R3FmR2ZsNXhaYWxXQ1RyLXdmNTlPM2luY3hQM0c1c3hj?oc=5,Worship AVL,2026-09-16,positive
The L,My Husband & I Have Different Kinds Of ADHD. Here's How We Make It Work. - Scary Mommy,https://news.google.com/rss/articles/CBMilwFBVV95cUxPQzNKdG0tV09BUUYtV2NYT0xvMHJObkpGX3lNenNla09IZ1p2cU5JQWpiczJtUE1VVzhRY2ZuNlBBY0NEN0NTQzYzSmI4RWdmNjFVYXFPOGlCTGpWSExPTjY3MGF3dy02NV9fNGFFOXdKMDRRMUU5MmpKVUp2aC1KY0c2TUZtTWFWSXRzTnZmRkFJVmgxb0pr?oc=5,Scary Mommy,2026-09-16,negative
The L,L’Chaim: Friedman – Eckhaus - COLlive,https://news.google.com/rss/articles/CBMiV0FVX3lxTE1qbjY0MFRGM1lkZlRIcHRSb09Rd1dOSkx1UlI4THVYYVBUSFcxR19wdnkxVVZjNmNnWlM3WUlvTnE1TlhRTlMzN002YVFkbV9DSjBxR3ZuOA?oc=5,COLlive,2026-09-16,neutral
The L,B-1 and B-52 Bomber Readiness: The Missing Numbers - MiGFlug,https://news.google.com/rss/articles/CBMimAFBVV95cUxPUVhLeENGN05nbFk4TDJBSlZBZm9oZ1FOeEktR0oydnlaNFEwUkg1bXpJbm1DVE1wcXkzQ2VKZnVkZGxubEw3TFk4cVREMmJYNzVsaHYxalNjMk52c29BNUdSVkVIWFhjQzhMMG5XTl9rczIzcFpsSjl2ZG9BQktGamV0QXJMc2FFbnJRb1hNVzhxbXhLdl9Eaw?oc=5,MiGFlug,2026-09-16,negative
The L,Yahodyn Train Strike: Russia’s Jet Drones Reach the EU Border - MiGFlug,https://news.google.com/rss/articles/CBMimAFBVV95cUxNM0FpUnRDRXdYRGhucTNUbVg4S1Q2Z2hqMUw5WTdhWnBJc3kxYUZvRnhDcjBlbWE5WXFtUEtha0JRcElMaFFJc3dXQjV5cTVNVWRpT0ZTVURYdmFzRHVwMElMalZJMVJwX3NvNG11U2s2V1hsdUdiLUgxQjBBWGFYOEV2OVZoWWVHY19rWks5T0xlWFoxbThkZQ?oc=5,MiGFlug,2026-09-16,negative
The L,Lackland’s Airbase Range: Air Force Recruits Now Rearm an F-16 - MiGFlug,https://news.google.com/rss/articles/CBMingFBVV95cUxOQnEwZ1pHdlh2NVJMQnJIYURiM2ozNDc2eVBBMDY5NWdYNDU1WUc0WXQ4eUgxbmp4QmJoWUdaUEM4cWctQngtcTBSSi0zSC1fRTFza19jZEJyZS15cllJRVFBLUMxRVpNbEVrUXVpNklLdF9IeGg5Z3pPdEVjVzZOTFAtSUtacUdhMWY0SkJ5RDBqSzM2bGpyeTBnV1hoUQ?oc=5,MiGFlug,2026-09-16,neutral
The L,L’OBJET x Jessica McCormack Turns Jewelry Into Objects for the Home - Design Milk,https://news.google.com/rss/articles/CBMicEFVX3lxTFBrQjM1UG8waFJ0SUpUS0d2V0pxQkdDcUQ2dU5FMTBzU2RpQUxjLUdrTjM2UmloLXVpN2ltUGgwNDg4ZkFjZ2VOQ2VZOEtqN1Z2aENYb1hOUkhuREZjYi1sQ2JDREhHUlhmbHV5cjVkZHg?oc=5,Design Milk,2026-09-16,neutral
The L,Arizona AG files consumer fraud lawsuit against cosmetics company L'Oréal - kjzz.org,https://news.google.com/rss/articles/CBMiswFBVV95cUxNTjAya1V0UGl6cHBlTEtuTVg1YmpYdGpRQXdHN0g1cm1QQnNxQ0syVGlYUl9RU0NMVXhPTW9ZZnBibG0xN0tIZjJRc093N2d4VUdqemFRZGE3RExDcUxCYTlnVk9RcGxhYkZacXc5THV5RENnQ2dMcV95dVdZdDNJS1ZITkFOTmhEYVZmRFdYQWppY0VZbWpEQjZPMXhvRGVkdGh3bzFuanRPekV5bW9zWkc2dw?oc=5,kjzz.org,2026-09-16,negative
The L,Rafale F5: First Contracts Signed After FCAS Died - MiGFlug,https://news.google.com/rss/articles/CBMijAFBVV95cUxNaWtER0t2UGJQZ04yd3NKcjdJcUVJUWF5eG5zOS1DYTlmLXlZVnpBc3M1X0pXUWxTdkNnTHZrRVROTDNKTUJsVmFNZFg3NkJWQTB0QTgzeFpJX3NhMld1dUZ3RGJZMER1VXYybEdsYUZudWJXZFhhcUFuQkd1R21WT0xCYk53cG1hZXVqdw?oc=5,MiGFlug,2026-09-16,negative
The L,The Generalitat invests in new stations to rescue the freight train in Catalonia from the 3% - APD Noticies,https://news.google.com/rss/articles/CBMi3AFBVV95cUxPeFotaFlmV3JYaGtMUlFaMHdFd2Rjem5UZXVxUzVqSm1ib1lOM3NiLW4xeFl0ZWdLRDdBUHZUd2VyQ1pZQmhSdHRrUkxVMkpSd25ubUd2ek5na29XLXR6eXZycDl4YzRjUHI3Ym1nUXRkRk81OWlYTUJ6TnJsWlNONGpiRE9Udl9iV3pVczJqRHRmbS1jeXFNN3hYb2E3MVFHMmI3Y2FSSnFzZVladWVEdUZWLXIwRUZtQllPc3dsSG1YSkVHZDZaWmo4bXp3UzM3UXkxc1RVWE1NaEFq?oc=5,APD Noticies,2026-09-16,positive
The L,Trump Tells Ukraine to Stop Hitting Russian Refineries - MiGFlug,https://news.google.com/rss/articles/CBMilAFBVV95cUxPQXdfTVRCNFlScDVfTldIZHFsanN5XzdpQkdvaUVUZ0JzZXd4Qi1ZcERKVXVtUU03MjdNcExZRkx3TnI2dUt5dHZ6alltQzhoU2FvaUxTTTNUUzRJVFVNQUktbHpxNTZqOUlwUHpFak12VVNFaFhaMlVNN0FPQTdtSENHOVRNeHA1S1ZkUTBKSGZraXpL?oc=5,MiGFlug,2026-09-16,negative
The L,Dude 44 Bravo: The F-15E Backseater Breaks His Silence on Iran - MiGFlug,https://news.google.com/rss/articles/CBMilwFBVV95cUxQVTBJcjJ3eWVyOXY0ZFo4N1lxZ2dVMWttT2M3c29oLVZrTzZreFpyVDQ3dzJxb0RDS3hGZGExQ19ieC0xWS0ySDlJVHJuODZOTl9rMGJYaTVUelY1VDByQ0JEVlVZS1pWT0JZb2p0UVl6NHNpR0VNU2lESTItU2pBdjU4UkYxeVlvNm5HeDVLX0E3SGNzbEdN?oc=5,MiGFlug,2026-09-16,neutral
The L,L’Objet and Jessica McCormack bring ocean-inspired treasures to the table - wallpaper.com,https://news.google.com/rss/articles/CBMikgFBVV95cUxPR2ZUeGVUT3RMc2hCNmstRFpVQ0dBeER3R1Y4dDBHRGhvNjRXYW1jOU9pUHVmUDN0X2tnMURNZEVHQTVXc1NpckpUenA5WVRadUpZNG1DM251UVV6NkZ3MkZZTGV2WHViQTV5c2dSUWdLbjBHRGR2bFQzYktaUzU1LVRVdFVzTFFJNnp2ZUZUZ0E1UQ?oc=5,wallpaper.com,2026-09-16,positive
The L,RAF Fairford: A Business Jet Landed at the Bomber Base by Mistake - MiGFlug,https://news.google.com/rss/articles/CBMikgFBVV95cUxOMnpGSk5XbFdNZGIyMVN5U1NZNFFPVXU2aFdmTWZlVE0wVnlVZlhMbTdhSHJESGNKaTJmdE1ac3lDNmEwMmh3bDZydXNZYURCMG9taFpyMU5JdkRvdm85WVNlLXZ2a3B3UmM3VHZYOUd0MkJLMnlTeWUtcENQRzR0MEVMU2dnY3AtTkN3U1k5QlFJdw?oc=5,MiGFlug,2026-09-16,negative
The L,L-Acoustics L-ISA deployed in European house of worship first - Inavate,https://news.google.com/rss/articles/CBMipwFBVV95cUxOS3VrVXRRY0c4NjJ3THAwd1pkQnUwd1FrSWRWTDZ0Z29qTV9qVlllQm0xNDRPV0FpYV9iVF84WWE5cWp0bENFclNxdWlibW1DbGxYV2otUlFPQ1JTcWZFd3pTYmRLeGtmM2xiSHBQU3BQQVNrRHVCR0E5M1VtbTNhUjdRMUE0VUtDRHgyM3pkYklJTUV5T1VXNEZEaGp3Mzc1TlQwOEJ5bw?oc=5,Inavate,2026-09-16,positive
The L,Arizona accuses L'Oreal of concealing cancer risks linked to hair relaxers - Red Lake Nation News,https://news.google.com/rss/articles/CBMi3gFBVV95cUxNYkU1VXdRQURBT05vbXh6d09JQWpxcG9OcDBZNXprWFQ3U0NiR3VMM0EzVlBFS3cwc3Z4bjZzTFA3NllMVTJvWWVCdVlRMUhKZlItSnlCSEhiaFdnZkdnQU1fcnpTZ0REVGZnbFBTbnY5S0MyVWNjTTlldURqaVNyakE5OVJGbG1QelVtTjYyZnN3Nk1KU1R5QVh6TEVLUXcwYTZtM1dFak9EdGVQdEVPOWd0TzBLTDhQQnpkRWlydlBWSkF3SnBScmtCb0hqb1hEbmFFajA2azJ5aVRaZ1E?oc=5,Red Lake Nation News,2026-09-16,negative
The L,L’Chaim: Goldberg – Rosenfeld - COLlive,https://news.google.com/rss/articles/CBMiXEFVX3lxTFBBdGllYU5oNjg3bGJXenhSV19NblhVZTFZUkEyQlcydF80QWtVU2pxdG1HVmRFdy1xOUh2dExDLWloNWR6bzFXSC1NRUk5V014N29id2M1TEdzcEky?oc=5,COLlive,2026-09-16,neutral
The L,The Middle Eastern Designers Who Slayed The 2026 Emmys - Cosmopolitan Middle East,https://news.google.com/rss/articles/CBMifEFVX3lxTE5Ub04wcGd0NlBDSTJ4Y2ZsZElCaEpEeUN1dlZ4OEl5eTU0NDRvSk1NQjlFVkhJU3JRMm9pMzZCLXRSUnhINVBicHU3amp6SlRDZVRQRi1WMTRXSi15bTZKMG5VLXJwR3RReXNiSHFwSTBFeUFiSms5ZklPOHI?oc=5,Cosmopolitan Middle East,2026-09-16,neutral
The L,LA28 L.ocal A.uthentic Programme opens applications - Inside The Games,https://news.google.com/rss/articles/CBMikgFBVV95cUxPbHZ3VHI1eFRJeWpKYWJ3S3dzbzhDZFh0ODNhUS1GOHI3QWE1WFQ1dEtwTXloeF9KVUZxblRURWFLeS1zZlh2eGkwUnpVd29HX0Fpd1FkNllueGNwb0NlVlJ4YzhoQXRyUVVMSUkxREd3aEhJVmZaYk9kZmlGN2JBTGZhWVd5NGRuSkFidC05T0ZnUQ?oc=5,Inside The Games,2026-09-16,neutral
The L,L-Acoustics system tackles acoustics at Swiss church - Installation-international,https://news.google.com/rss/articles/CBMirAFBVV95cUxQaDVZZG12WlN4aHFaUTBxbVNtR0lldXhTR0h4VlU5WWxRaWg5VmNBS3ViNWlWRHN6d1g4dzZpZGU1Qkkzb3dURjRhdHV6cDJyWHJENlpESzVnZHBTVjNuS3JncDU5SzdURU1MaUNreE5EN1J0Ukg1R3VvX2lGQ1hnQkFCYWJ1Y1paN01aSGh3enYzWjRwS2JOY0dSX3RObjJjNVFlWnpaMXFZbUst?oc=5,Installation-international,2026-09-16,neutral
The L,Gazelli Art House representing the Lilly Fenichel Foundation - en.artmediaagency.com,https://news.google.com/rss/articles/CBMib0FVX3lxTE1oV0s0bmJZWVVscE9ZZGJDZlJ0U0dGNzVUVndQOGhLa3N4SXdubERzQThZaDUtMDhIMU1NTzI0cEwyUThod1NHRlpPQnlmcHJmMUUwVjRMSGU4UTU0TUdhWEV3LTNFNFF3VnpUMVV0dw?oc=5,en.artmediaagency.com,2026-09-16,neutral
The L,Valencia Basket's 3x3 Academy begins its fourth edition - Valencia Basket Club,https://news.google.com/rss/articles/CBMikgFBVV95cUxObVpRbmhTSTc5aWU2cHRYQ050YmZYUlk5OFkxZVFCRDBQWVpWSURUT3E2QzZTd3c1bVRhS2JuYjhRNUk0Tkw5TkNBTzhTZkU3SXBJZ2x3UDJ0QVgwTC01MG5Pc0ZCdGl5NnFGdXlLeDI3WExfeWQ4VjE3cjFGS1M1NWtLTHFCY3FKeGJLZ0o5UEhTQQ?oc=5,Valencia Basket Club,2026-09-16,neutral
The L,Turkish Navy S-70: First Helicopter to Fire L-UMTAS GM - TURDEF,https://news.google.com/rss/articles/CBMihwFBVV95cUxPNlNIYS1uLV80U29RcDhLX0IzWVJwQ2JlRWFnY2pmSDl1UXZfcTY1TnFBMDNyaFF6UGlWU2RoSHNrdk1GU2lWejhfMFMyLXkyNHpuYnNycWRHbl9mSXRLbjkyNl9wSmZLbkJQekFBendfZmJHMVltMUtDVzZJb3A5NU1tSm85SlU?oc=5,TURDEF,2026-09-16,negative
The L,Is L'Oréal (ENXTPA:OR) Undervalued As Arizona Lawsuit Risks Come Into Focus? - simplywall.st,https://news.google.com/rss/articles/CBMixgFBVV95cUxQN2IxLWhjMmpBTndfWUcwOWs3a2xuWi14QmZ5RWtXLVkxUkQ0OWxobExDUEdVS21KTU9QV2RTQzdScUpUcHFkWTFCdERWX2p2QmJZUGNKejQzNVZLaGVmb2pqZEVpRmVINUVnLVBmai1Icl92ZXhZRGlkeWtLdUxzMm85TUpUR1gxWmIxTEU3VUNBQzJvQnE0ZEFFTWRJNGFUYkZ2QWpnWmlVdVk2dEpUZGZrM0JuNlZ0T0tORnJVSG5Ja3pTYVHSAcsBQVVfeXFMUHZlMzQ3Nml5S0RIZnB6ZXVNX0Rpbm1tQVVXdUxSVnNKcUt0Y2E5QWxJaGd3SGdrRkVtZmlTWFNvNk5ueS1XUm9FQ3J3WTZXbzFxWldXcHhyaVZRWWlPSlRrb0NxWFdZV1BZaTRCckVqOVZKTWF0dzV5R3JKT0NfejFoSWhaQ0VON1pTMGZEX2pnaFJsdEVzc1l2ZUFLelcyYUR2ZVZmMzluVjh4Q19ST2VabjlkcGQ4eHFMamZPQmRQcktqZXRyb3hORlk?oc=5,simplywall.st,2026-09-16,negative
The L,"The L Word: 22 years on, the sexy lesbian series remains a cornerstone for modern sapphic culture - The Guardian",https://news.google.com/rss/articles/CBMiwAFBVV95cUxQWE43dGI3MFBZb3hORXAwUzh3Um9QU1Y3V3lOeXM4MXFiajNWQTJ2SnRxVFVqOTJnQVhLNTZhOXc0NjhfdnpfVGxLb19BNkxXcWktYXZRTHVPQmEyNWsxRG1ZM2pKLTVoQ0hFbWhPLTJGZDRFLVJYcEpDZURrdGNlNnJKLWVfNXo0ZUFTenM0akMtTlI2SXFnNkdhdE8zZHlsYTRnR0ZqWm5Gb2lTMVBVaGpQVWpha3dQdGRFcVBocjY?oc=5,The Guardian,2026-09-16,positive
The L,Venice Film Festival’s Final Red Carpet Fashion Highlights - Red Carpet Fashion Awards,https://news.google.com/rss/articles/CBMirgFBVV95cUxNaFA2Mkd1UUpWZVNOVjBlWHJZTkJMdGh3YTQzWXN6MEtJalVDcTdhTXU2dUJXNWQwLXB0TGJaYlNzZHJXSk9DQTNmUS1FQnhkMzBDRWpmSjlHbWZ4Sy1wYU1xelAycmZXZGFtMFJEOGJqQy1meEtFN2pHOEVZdXlvdHBqOXRNMkFEWG5fcWU4RHlsMVpxTGxjV282cDlHcmVtUDIweENOdnZ0NlowVlE?oc=5,Red Carpet Fashion Awards,2026-09-16,positive
The L,See photos of the new art installation downtown - Greensboro News and Record,https://news.google.com/rss/articles/CBMijwFBVV95cUxOSVlkS3RCR0lBZjRYZVZZa0lLX01fWFVXTHkzTTdLMEprSF9sM3JMbGtCZ2N0QVBialZ4NXJ4b0lYcVJTeXA0bloyWmJ2cHRaRTc1M0w4STYzei0xRmxPSVRjZGc0WDlNTDYxSHhrbHBocUlMTkNwUFZYOUlIdlNCUDFOVlZDb1NJWUVHcm9HQQ?oc=5,Greensboro News and Record,2026-09-16,neutral
The L,A Pukka Putney Project Courtesy of Cinergy and L-Acoustics - Essential Install,https://news.google.com/rss/articles/CBMiowFBVV95cUxNSWVkTGlkSTZwRTRJaER6RXdFZ0M5UTh3R3h6c1JCd25jVjJlOUZMU0tSRnFaVTlQT1lpQzJxdURLQ1FWMndtWTlJczFjSTBENnpZSmVweldxdFhzcXl2MDVxa2VaVjBRVmN0ODFZYzZ1dUVpd3M5djYtdV9hQWpIZ0FEZEhrYnQ5QzhyYTBEYlBMR1lQdDdrSmtOaC1JWDBPRHFj?oc=5,Essential Install,2026-09-16,positive
The L,EN 54 Certification Extends The L-Acoustics Ecosystem To Voice Alarm Applications - Live Design Online,https://news.google.com/rss/articles/CBMisgFBVV95cUxPYzFRQnRWUnktVDVtRFN5QzhlX1JnLVVkZUVuM2I3RjBETUpIZmNRYTh2d1pJS3ZNTTViVFg5eDI1YkZvT1JWM2ZKWnFCYWRERXM2ZEV0TXRueUJnR29wdkdKNFUxcjN5VzBwUVRrQTdadVMzYnFhNTBOWU5CUlY2YWxNM1hMSG9Od0N3clJ1aGo1VGRjZlk1UTIyS0VKMWFoUzRLUHRSUmFXZzhYcHBFY19n?oc=5,Live Design Online,2026-09-16,negative
The T,Buses Keep Getting Pokier As Wu Administration Policies Increase Congestion - Streetsblog Massachusetts,https://news.google.com/rss/articles/CBMitgFBVV95cUxQRGttdEI2b3pYUHU3ZlNrR3ZRbEh6WDdNUlU1UTNkcVZyRXdjYmFUUG1ndE9Nek0weFEzT3hNRE13dGRGdHdUcTI1Z1NHZW1XSHktZ0Q5NE51STdqcHNJUWFfaFpJcGkwTms2OUJPZGtmVThXd3VsaXg5YVl0QVJYb1A3N3FOWl92YVBrNzg3YlRSaFNPOElqbWJlOW1ISVJ3Q1R5eGFCMmpUQ2lOMUZFRlU5UWxLQQ?oc=5,Streetsblog Massachusetts,2026-09-16,positive
The T,‘Good First Try’: In Vivo CAR T for Neuro Autoimmune Disease - Medscape,https://news.google.com/rss/articles/CBMiqAFBVV95cUxPYnNZemRpZl94Z3QzdjFEQ2hPd2QxNC0yYUlEMzhkT3hXbVMwLUhPLUJLNWNjWXZaRzQwSTMxSDBTRTFpSHdyTW4zQVBhNWdrOFdWUjlOQUJqN1RHNXhEVWJQUVduYmlpM1E0dTBSSmpuRl8zT0xhYlFDYU4wVkJTOElnVE9wUjJUVElVQVpNY3BlZkFkTGNGd0EySF9HRjYtWVlWSTg5Z1A?oc=5,Medscape,2026-09-16,neutral
The T,Havelock to dedicate TAV-8B Harrier II “T-Bird” at public ceremony Sept. 23 - WCTI,https://news.google.com/rss/articles/CBMipAFBVV95cUxPZjFlUmNtWHlneXhQTGU2NXI1SzJjMzZsZTh4VWtCcW1TNHBaSnh3Y0d6TFIxd1dGWG9HbjhVNDhRYlVLUFlSRjBseGlvRGV2NUlKMTFhR3ktQ3RsUVdUV3kwRGMzbjFkNlAtblBwNktvaEhNYjdFOWJBVlZ3X2tuVzlIVk5vTmlGa21FUE4xWXA5RGZ2REtYbVdXRzNyOWVoTVpyVw?oc=5,WCTI,2026-09-16,neutral
The T,Alzheimer’s damage may begin outside the brain - Science News,https://news.google.com/rss/articles/CBMie0FVX3lxTE1WRlBJbndNYlBhMmdSb25saWRqSWdrak5LeC1VN2NFS2ZIdHZ5cHpYT0VMaTVJR3BPcy12bTZpcnYwbHVZOFQ1bGVFc3ZGd2poQjZXdUp5RWJFd1NVcHRpc3VVd1hfY1ZHRnRFS3NYYnA0RTkwUE9tUE02cw?oc=5,Science News,2026-09-16,negative
The T,AETC Boss Maps Path for New T-7 to Reach Initial Operational Capability - Air & Space Forces Magazine,https://news.google.com/rss/articles/CBMickFVX3lxTFAzOXE0SURQai1JczhIc29LRkpicnkxZGFYT2NtQnU0MGVicUpQZWllOVVZU0ExbUplTkgxMF9FWXBlcmYxMU9oN1ZPVFY0aERySGxrT1kwSk1mTVdSc21TdkdJTVllSWsyNHM1MWMxTXAzUQ?oc=5,Air & Space Forces Magazine,2026-09-16,neutral
The T,New York Fashion Week is full of beautiful food. The beautiful people don’t eat it. - The Washington Post,https://news.google.com/rss/articles/CBMiygFBVV95cUxQMGpjVXdhYVRhWE9NWUpTNlFaOTBMZkVSbFh6dlBmemFDRGJLZkg5MnE1TVE1cG5lbEUwOWFvNzRTVWNPMmJTNjF3bXcxbWtDUG1LdUNzUVNodTBpaGtQUzNvVVVMTEhuOV9pZjEwTlFXMDBnZVAxUFZDeWxObDUzQ01UZExfVmxjR0ZickZ6X0I0VjhjRnE3Q2g2dHBNWmE5dXB1VFZPZUgxbzJzUjRsYlVzSzB5WmxsN2FRakpIc1A2Z2ExS2RXcGZB?oc=5,The Washington Post,2026-09-16,positive
The T,Orangeburg neighbors: Obituaries for September 16 - The Times and Democrat,https://news.google.com/rss/articles/CBMijAFBVV95cUxPT2haejZkSkdSVFhPU3p5ZEhjcHh1LVJDcm8wTFhzQUZLNGt6TDZRcWlieGFBNk8yZjI1czJMUlJMa2pVUEo3RkJIcWpiZ1ZwOUhSTmtpVlBtQkt3S0d5YzUtaXZZUF9icjlSX3IxWVdaRU51Tl9lMVBXMVFmekM3ZTJLLTAtaXl6Yk5tNQ?oc=5,The Times and Democrat,2026-09-16,neutral
The T,Trastuzumab Botidotin Prolongs PFS vs T-DM1 in HER2+ Advanced Breast Cancer - cancernetwork.com,https://news.google.com/rss/articles/CBMirgFBVV95cUxPanRxdHU1Q1phNEtNemZGVGtPZ3cyYTFlT0ZqSHh6czBfbVIzbTlhMHBsWVlzYTE2MTMwQ0lTNGdhZXVTcVhMcXBrS0lwSG8yTk5NWE42TjdLQjdKN1U5QW1YT1hJckpWSkN5NE56a09HV1RWdmNvekMwdTNmQlZaWTBWQmJ2U0p3R0J0ekJZdk9DcTA2XzJRaUtDclRDSElmeElOME1PakJyWXpIRWc?oc=5,cancernetwork.com,2026-09-16,negative
The T,Why The US Air Force Is Quietly Retiring Its Entire T-38 Talon Training Fleet Ahead Of Schedule - Simple Flying,https://news.google.com/rss/articles/CBMioAFBVV95cUxNNjBVWnNsUHZubkdOMVNRVXpaVEdEeFZ0Sk03VHJNbVhWUDFENVk4dTk3SlN2dGlySUlCc3NjSVBldFhKNHV3VGxnQ2RpRkZIZi00Y0EwS0JETEdDbDBqR2U5RjlXR2JHNkYxNEVUekMyUmlTOFZZbktQZkN4a3dKd0EtbF9WSmVPaHItU1MzNTQ0eV9TTlktMVkyOFhIbU1q?oc=5,Simple Flying,2026-09-16,neutral
The T,"AETC achieves 1,500-pilot goal, validates modernized training model - af.mil",https://news.google.com/rss/articles/CBMivwFBVV95cUxPc3U3d2NRYXZrUmNyS2kzclZ0WWhuODFQQVVGSUtac29IZU5VZ1ZUcGFBZ2VkOEZYUmV4WVdINzdUaVdiWGRRV0MtZVduaXZObVp0RW0wTmxYREdGTUg1dnFvQTdpcVVCUDZxdVNFNk15MTZtV2twUmNPT0tGRVZIM0pxN0pQdlljMVpNMUxaTmM0Y3lYbWNmTFhOVzBTRzdvOUh1RC11a0RDWmhkWjA0TFhtd19GOUhCdWs2TmZkYw?oc=5,af.mil,2026-09-16,positive
The T,T-DXd Significantly Improves PFS in First-Line HER2-Mutant NSCLC - Targeted Oncology,https://news.google.com/rss/articles/CBMibEFVX3lxTE5JVGNaZTlZNi1MS2NkY29DNnBpcmFWZ0lrRmpwZlgxZUFQZFNHbmF4MzRiMldIYzJVbkp1bXRGbEJTVDJDcVp0MDg1dUpJLXgtSDVhNGR2RG1sVVRJVzUwSnhkN01GTVMyMTBYaQ?oc=5,Targeted Oncology,2026-09-16,positive
The T,FDA gives go-ahead for trial testing CAR T-cell therapy for progressive MS - multiplesclerosisnewstoday.com,https://news.google.com/rss/articles/CBMixwFBVV95cUxQaXRhTnJ2b3d5MnNtelIyT0JGeG52ZlVOQlhndTlZbnpzVFhxLU4yaFNtOFJ4UV9MR21jbjQ5VFowX0doM2ZvSlJXZTFGWWx3cHlUQTBQdEcycFlPSkZhaFdCTGlJUm9aUF9qRmZkSWdZNnp1ekZWZG9oUG1TNy00YU9uNFZWLThBOHBxUVJ3SW1tVGxhMVp6UlI4UHpPZzh6RndVU2JMVEtLNGIweXM1Zy1PYW4tRWlIMVBWVWhoRUJLYWVpUjRz?oc=5,multiplesclerosisnewstoday.com,2026-09-16,neutral
The T,"Botulism T-Shirts, and Four Unanswered Letters, Go to Capitol Hill Wednesday and Thursday - Marler Blog",https://news.google.com/rss/articles/CBMiwwFBVV95cUxOY0NWZ2l5Qmp2bXJKSGpPTWhCY3dZX1pQV3dBaW54ZjRSQXFOYUJ6aU4xX21DejhKWUJrWUpMenVRcW5LMEV3Vl9EV2NlSlZpNkk5Uzk2M2ljQzF4OGNOa0FaRHV4TGk1TVdkT3F0UHdqRWRKUzBveDdGOGZnRExOeXNOZ3doY2hOTzdmcVpoZWF2VUNqczg1WlBfbTEwWURhdzl4VEhoUGhXVG5kVjJJdmlvS01YUEIxRmJ5dm5lZzVic3M?oc=5,Marler Blog,2026-09-16,neutral
The T,The new iPhone 18 Pro may be the perfect occasion to switch to T-Mobile due to this exclusive deal - PhoneArena,https://news.google.com/rss/articles/CBMi1gFBVV95cUxPWjY3eGpvX1NDSFQ4UnptaURZWkg5Qjl6d2RQOTVNclRZcWtSaVZIaXRBcXBPR193LWJtanM5WGhISGRxOHcwbW4xdlJYemJmS2hyeUo0T2V2MkhrSVFHMlB1TWJ5TzhMSHpQaDk2QjlGTzB2WHdHenNSWHAwVzlJQVdXR1MyblpOSVZZVUtleXMwYWpJaUxmSzByMzhiQi03M3VPQTlrRklQdGpTcnVYbV9DaUZ4NjRSU1JoWWZfSUJwakxIWEs2YnpPRzNBWUZzal94REJR?oc=5,PhoneArena,2026-09-16,positive
The T,New method explores how mitochondrial tRNA changes can reshape immune cell behavior - Medical Xpress,https://news.google.com/rss/articles/CBMijwFBVV95cUxOcm1aMzNXTngzelBzQktNWUQwU3F3X1dnOF9CQlNDZXpMNXREUHA1eHlSMmpZUlQ1UkF3YU1jVFI2Q0JkWDdQekhaNlI1cklvSFVRNDhDQmpjNWNZSU1ESGozQjBFM3BGTE50QXdVX3RnWHoxb0tDRi1vUER3SVdDSXRpckJXelJhTmtkZ2M1bw?oc=5,Medical Xpress,2026-09-16,positive
The T,Adna scores twice in final minutes to top Goldendale - The Daily Chronicle,https://news.google.com/rss/articles/CBMimAFBVV95cUxONkJWeDgtRHdET3R3SDFSRHlrdTJ6bTdvVlVkZV8yeWk1QVRvUUlBbF9Od01YMVZIZmEtSHdEZzQ1MVFEMEVYU1NJU2NRb2lWenlUbFdnZU0yYzBkU24zaGhIUHlNVjREQXBudnljVDZERi1NbUtjWk5maEM5Z09nRnRtR19TUDZQQVhGTDRfYTBCYzQ4ZVRwVw?oc=5,The Daily Chronicle,2026-09-16,neutral
The T,A T. Rex Walked Here: Teacher Finds Rare Footprints in North Dakota - The New York Times,https://news.google.com/rss/articles/CBMikwFBVV95cUxPQ25US3U2UE5obzNLRGozdFN6dDZFZXp2cGRyU2RPOGlvRnNBNld4dVNCb0xxN29lbEJKU2x0RFlKbk1EWTlnemNNQUVHZHZua2RNS0Mwcy1DdzI5OGhlTkZ4SnhreGpDNjFnOGUwLUNMb1A0b0NLeTFFNU5nS3g4Wks2NnZOUks4eUhyYXJ2UzNPdUE?oc=5,The New York Times,2026-09-16,neutral
The T,Which school has the best Dance/Cheerleading Team? Vote for your favorite - The Times and Democrat,https://news.google.com/rss/articles/CBMikwFBVV95cUxNRTg5QnVCd3FCMEVaTTM4aXJQemRqUkVoUHg4VS1VNko0VnFlZC1SR04wd3J2M1A1NXRLLWZPVi05S3ViRVoySE1nQXBxNnEwNmRsbWdSRlJDd2FYMXJ3bnVTd0FUVnhfZTY1Z0ZjZ2dlbF9VeW9zbUhyRVZMX2Y0NTl6VV9fenFla3hVLXA3T0VxeDg?oc=5,The Times and Democrat,2026-09-16,positive
The T,Surprises greet new season of ‘Dancing with the Stars’ - The Times and Democrat,https://news.google.com/rss/articles/CBMisgFBVV95cUxNNUNpWGZZR1owMnJHNk53VV9YX2hXMklxUEt1cWtQUS1tSlNEZ3FQQjktcW1GTGw1S2sxYzhwMmJXWXhLRnEtY0p2ckE3N0JBMVRaVDU1djRuQlBRS3BkSjZ5Wlk0YVBETDhPOEVjeGNBdU9nTl9GdHA4QXg5WnNCQi14S3drS3J1VHZpbmhBeVdzVlcwaDZKSEFwX2hhbUpDVFFZMU5oaHpVSTVrME5nN3Bn?oc=5,The Times and Democrat,2026-09-16,positive
The T,BOG Expansion Discussions Revolve Around Vegas Venue - hoopsrumors.com,https://news.google.com/rss/articles/CBMimAFBVV95cUxNSktaaXloLV9FQkg2MjNCNndXRXdVbldMMGJGRl91N2Q2ZE5XdDJRc3d5TlFhTVdMREZqaTVySGpVdWJTcEZpdnd4bXZKZkRIYnBDMWFiZ1ZraU9ZSVp0ZlgyVlVEN1U0ZVdlbGpxZ3dHRmYwTjFsdkNfdWVPaEJMamdBNWRQQnQ1T1BfdGJhbVloMF9XSWJ3ag?oc=5,hoopsrumors.com,2026-09-16,neutral
The T,Anna Maria OKs $436K for pier T-end construction - The Anna Maria Islander,https://news.google.com/rss/articles/CBMiiAFBVV95cUxPZjJTbmxhMlRYaU5HZ1R1MEVuZHpzU0Z6NWd4TGUzTjlCU3k0MUQyYkFwbVgtNVR6aW11M3d1VDdnUUEzRUdnVUF6c0pGbF96c0ZlR2pRSmdyUFJPaVBWVFkwZGZKd2pvRzMzR1Mta2pxWnJUU3M4TGJfclFQeGlHMjlyeHBUVXl1?oc=5,The Anna Maria Islander,2026-09-16,neutral
The T,‘Like Two Raptors Fighting a T-Rex’: Alan Ritchson Unpacks ‘Reacher’ Season 4’s Incredible Finale Fight - Men's Journal,https://news.google.com/rss/articles/CBMijgFBVV95cUxPUzhHTWgtWl9UaW90V2FpaHdDVTJmVU5QSmZwM2VmTXFRcnF3OVdpNFF0OTVpbm9hY0hGdnR0WmMtT0g5cUY4WnZKc2x4MkE1YlJUZ1V3eGdlZGI5MW44bWtTdnFhRXVvME5QM1dRc1pYU3YyRktWbnNtTmxySjUzQXc5eUU2VEFGcUx6aGFR?oc=5,Men's Journal,2026-09-16,negative
The T,Clippers’ Kawhi trade now a ‘lifesaver’ following penalties - Sports Business Journal,https://news.google.com/rss/articles/CBMitgFBVV95cUxQNXJtZTNPQXRmWDBrQVliWVVvX3Atc3JnSjlxQ3hiVUdiYWxYODV4c1dQOG1xcWcyMFZhUUl0ZEpHa0VPS2wwNC0yemFJZE45NTJFSFljWHZZM0c1bFd2UlFDU3FRRjk1R292NEtvRWlkN0FHU0FQUWEzeHU5OGxVcTlLM2h2dF9DQTJIVFF1VHBqOUU3c3RadVR2SWRZM1g0ZXVFc0EwaDZYd3I3LVpKVE9YNGJsdw?oc=5,Sports Business Journal,2026-09-16,neutral
The T,"High School Teacher Discovers First-Ever T. Rex Trackway on Dig, a Find That Dates Back 66.5 Million Years - people.com",https://news.google.com/rss/articles/CBMiuAFBVV95cUxORkdiNzJ5MS1HUWtfUWVkZlplRENvY2cxX1ZaSXFNbm9UNm53dWRlZS1WYUVVTU5mYldvc1QwTmZFek1YeVNZZTVDeFZ4RHYtNWFfWDAxdFFzYWlDVEEwV3pPQW10Wnp6Q3AxVk1Oc2ZFVW9qOXNYU3VjQXEtNms1QkpoUnV3NVY2SEZFWFVGVzVqc24tR25lZFpydHd3NnhTUVdqUnUwaDRDSGlHcERpOERpanpyUExF?oc=5,people.com,2026-09-16,neutral
The T,"Roundup: GSK Acquires Trispecific T Cell-Engager from Chimagen, Sanofi & Cheplapharm Form Strategic Partnership - Pharmaceutical Executive",https://news.google.com/rss/articles/CBMirwFBVV95cUxORC1GLXJLc3phaFhqNzVtdnJZNDJzUk5DQmJuTk1ld3FaSkx5SHM5UVhhYXd0SWxyN0Zvb1dDajI3cXdjRGI2QkRBR1JMZ3U0NlludWdkVEl3Z05DeF9GbW95SF9PeHlMR1BOSm9vb3ByZHJaV3VseXNhMlVFY3Q5anl6TkFYMElJUy01MmhKQVJDMnNOUEs3TDVUdDFXYlpyaTE0b244MjJDZGhDbnhZ?oc=5,Pharmaceutical Executive,2026-09-16,neutral
The T,First-Line T-DXd Boosts PFS in HER2 -Mutant NSCLC - Medscape,https://news.google.com/rss/articles/CBMimwFBVV95cUxNbU5vb3lKNDdYWDVmVWlhbm1Uam85Y3pYZmNpMXVJUkhhNnZpSUlGbjVrSjRMNm95cVFSVkhhaUItVG1iUE9WMzJCaXRXV3ZhdHpvMDR6MGYtZ1hLZUFjNG5sdE1lam5mcnZDWU5WSHdPaVAtSm9PbHdwamxUVFVnaTA1bG5nQWliVFljeGd0cllqZE12bDZMeW9Bcw?oc=5,Medscape,2026-09-16,positive
The T,First-Ever Adult T. rex Trackway Shows the Dinosaur Took 13-Foot Strides - Discover Magazine,https://news.google.com/rss/articles/CBMirwFBVV95cUxQSFBUVDIxeU5ENzRqTDVKTVluUXB3dzQ1LXVid052aDRqVFZkSzdPVUN5Rl9yNHg1YXk2NTdONGJhY25Tdkx4QmViSGxDdWhEVy1pQ3dydktLT3hVTVdIU0tiRkd5aFJHU0w2bHhJLXgzc2xiX1NjVWFxalJTNVA4d19GcHdFQjhRcmZjckxsLURoLWw3Sjl3SUtkZExBeUJValVTWjNGY1UwZzRXb0g0?oc=5,Discover Magazine,2026-09-16,neutral
The T,"Swimming in mountain lakes? The hidden dangers everyone needs to know about - Futura, le média qui explore le monde",https://news.google.com/rss/articles/CBMitwFBVV95cUxOdmZISkd4SERxSk00Y01fTDJudlpZQ2gzVHRTXzdnS2JrRE9qel9KYWlXNVpUWDBzbXRBaVYyNG13T1EzXzBpSGRCa2x3YUpJc21vMGRrV3NzU3RpTTJXQzVLWmhpR1NhTjNvSGkta1lSYVppWXRFWU41MzhBLVJzUDZMSjVvS3ltanNDZEZjVml6ZkIwWHdXVnJWNXFlV3hGOU80RmR0OGhVd0FlTVVZODJWbTRKb1U?oc=5,"Futura, le média qui explore le monde",2026-09-16,negative
The T,Here’s How Fast An Adult Tyrannosaurus Rex Walked - Nautilus | Science Connected,https://news.google.com/rss/articles/CBMif0FVX3lxTE9wQ3BQWDJHcG9zVzhlZ1BjNFdHT3JTVklmUS1QMXRSM2EtQ3JZeFU3b0RUUkV0NjdVVWN0M1kxUmcyYW51a2h2X1BSUE5UdE5GRHBKZW9MLWNfWkJ3eFlWY1hyTGxOSFFpRFR0dXRTYnYtZXVlU2lFWGFBaWpGbm8?oc=5,Nautilus | Science Connected,2026-09-16,neutral
The T,"Shennon adds $12M, unveils trio of T-cell engager programmes - FirstWord Pharma",https://news.google.com/rss/articles/CBMiU0FVX3lxTE1EcjBNM1FiU2w1b2VXWkI3T2VpZWQ3MHY4RFAzYW1HbjZQRUxfbmJ5Q2VieXFsNE5McnNILTFqZVd4d3JnbDYta1NzVDR4Zkk5SDJr?oc=5,FirstWord Pharma,2026-09-16,positive
The T,Why Did the T. rex Have Such Tiny Arms? - Britannica,https://news.google.com/rss/articles/CBMinAFBVV95cUxNbEdEdU0yOFpiWmhDTUx3Q1d3clBHb2hQbkJKU296M2NDa2FWdGFvVWIxRFQ3dmtTNHEtcDY3S09oLXZhN2dvTkZsMGl1Z0stb3lkR3RqNjBLS2V4akpVcGMwV2RoWW5IMzB3VDdFZktkcUZnZGtCc210M0c5V0lIbTNOaDdjazBmamV1bVp2VV9rMnRYNHU1LWZpLTk?oc=5,Britannica,2026-09-16,neutral
The T,These Four Giant Dinosaur Footprints Discovered in North Dakota Might Represent the First Trackway Made by an Adult T. Rex Ever Found - Smithsonian Magazine,https://news.google.com/rss/articles/CBMikwJBVV95cUxNNmdEeVBjTFl4RUZ5NHFSQ2NMb0NVc1RaNEdWVElZbDRVNGZ1QWlUMUV6cF9qSHFwbE5KOVBNamVQSmRtYkJmSTNyMWUyelg0S2hjZDV6NmR4aVh6YjlPWHZ5QUlZQ3VqSThJYzdiMzVfWWotY1Nsekp1cV9zeGJnQWJGR3ZLZUNnbDdHUlNuVGtaWll1MHlDckpJTDlpVXpKblB1eGtLMnBvYVc5Mnd1TDRCWmpIQlJhX3c4by12QWF2aVNTNXNQZHZ6ZEtLRTFRZ1F1UVpBRVc3NGNubm00ekFCcHF3aHZXLWpIWTA0MlNNaE9uRVg1QllqaE9jWjA1cE5GeHQ2alNzVF9vbDgwT3c4dw?oc=5,Smithsonian Magazine,2026-09-16,neutral
The T,Zika vaccine tweak triggered an unexpected immune defense - The Brighter Side of News,https://news.google.com/rss/articles/CBMinAFBVV95cUxNTDQzZGFKT25OX3ctd29vQzg0VUQ1c21pMTE3cnJTeHZzWS1KZHB1VW1HQ1lkMGxpd1FsLW9Id193bjFLZlBmT0E4RlcySzFYb0t3V2R1MGk4YzZVR2ZGVkdqbWtnV3NmQS1ESEVtT1V3bkl2MlRZSzRCRHUtQzMtejZ2VWxHa3VlTExSX05zbjQ2aTZkSzI4ZmpLY0E?oc=5,The Brighter Side of News,2026-09-16,positive
The T,Opinion | The T has its reasons for having its issues - The Boston Globe,https://news.google.com/rss/articles/CBMilwFBVV95cUxNQS1kakNlZjRTVWhKVlhlTHhuY0trQl9rTUE2MjJ0UDMtYnFBMHpOeWVEVmIySGNFay1nUjNQTEl6ODZGN3l0MzBDalQ2c0N4UlYydnFwam1mY2NFZHZhUkpfX05EdmlCSktSODJZU3RYWVoyd3V4YVVMQzZhTFcxZzYyMzlwYWRpV0hwbTV6WmFZYW1VbU5Z?oc=5,The Boston Globe,2026-09-16,neutral
The T,A quickie with the man behind ‘Let’s Blow San Francisco’ - Gazetteer SF,https://news.google.com/rss/articles/CBMigwFBVV95cUxQUjUySllhazhLSkhEX01SdllEaEpzYU9VYWk4QTBTZ2l0RWV2NjBCa0g5Y3F0N1BaaTAtUmVEZVlrS1MxRjI4OWJRNG1KSVktb0ZWMldoZG5Qd0NOVmRrMEVxT3VlcWxkNDNpdU9PaGt3eVJrekVNT1FCN2Q0NlJMTGhSZw?oc=5,Gazetteer SF,2026-09-16,neutral
The T,Searching For Love On The Blue Line - WBZ NewsRadio 1030,https://news.google.com/rss/articles/CBMiggFBVV95cUxOVzl3eFlJT1hqN0xWeEVyVGJaVTBqYnlyYVgtNTQ2NTJkd0E1V0xULXZSekwxQmYwWTlPWG5xbDY4X2ttYTNKZk9rWWlfSnlmUnYwa005aVF4TG9nVy1RcmpPSmNncEJSaGhEWWNmX1ZBdEp3blBTU3owSGoyNzFSVW9R0gGKAUFVX3lxTE1BTkhDamxFNkpkQWZja0Izclg0bi1mZ1g4SWVWR0NpRzlvamEzZnRLeHFoSlZpMVdjRDlSOXhCOUhfZktLU3BRV2k1akFpZW51VFFvTmtqd3p6Mkw5OHgyelRYV1RzYUxMdlRpWnZzT2g1RXI2bzdpaHVna3MzMTJmRGVDelBGX252dw?oc=5,WBZ NewsRadio 1030,2026-09-16,positive
The T,"Week 2 football takeaways: Puyallup, Enumclaw, Tumwater make statements - thenewstribune.com",https://news.google.com/rss/articles/CBMie0FVX3lxTFByc3NoTE1BMURacUhFMXZ1ZkhzOVc2S005bUFwX09LcVBLNGxoNEtPUXNFSTZ0UkFnMGFhMTF6VUowZWtnQjFMbUxfS0kyVmZqR0IxSWdhVFVFWDBjWXFPOTVKY1pERUdjcXRxV3dfdjJQLXhSOUxPcmxmNNIBe0FVX3lxTE8wWFFCZHZvWFlQMndBc0VfZk93YjlmempURkdRZHFDU0RUOWFpVFI2eGJJZ2pzX2VEVnBTbWFUbGVJRVVyamlmdndNVGhyQ21zU2xlVGpoRXpZNnB0amdaWEpVU29MRFdHSTRvZ2RyNHd4cFNqXzJMaXZnYw?oc=5,thenewstribune.com,2026-09-16,neutral
The T,"Ten NCAA Tournament bids, bracing for eligibility chaos and a Monster deal: Why the Big 12 can't stay still - CBS Sports",https://news.google.com/rss/articles/CBMiywFBVV95cUxNeDd5VExaSGZWNmR5SEIxN1FfZVRCQWI5LTJKaEJISVRYbWNQeTJ4SWkycHJmTUZNUGhOUGpqZTZ5S0F3UnJ0SkFaQkFXOUVWajZveG1FY09NVng5V2dSY1BBR2RjUjlFYktCRDRtTjhUVUFPSU1WRkpnMjkyRTh0UU1keUhQYVJRZjFOTDZ1NndyU21UVmFJbGszdXN4cm41SlhrTFVydEJLUGJXZmtELWV3NDQ4Ync0TXNqaWxMVW51VDBiQXpaWURfdw?oc=5,CBS Sports,2026-09-16,negative
The T,Real Madrid Responds to Controversy Over Ceuta Support T-Shirt - moroccoworldnews.com,https://news.google.com/rss/articles/CBMisAFBVV95cUxOVjkwQTFtNmpuUUptWDEtYk1TTmVXaDZla29LUTVyV0ZDX2ZyQ0d6eENnUWxsQm1NMDJDWmJ1SXN0NVhRNGtwaEJ0aTZDQXhBWkxfcGR1MFAza3ZfZFBtMGJDbHpMUFljWG54Rl9oUUdlNldweENnVlB5WXhndERaMzIzMmkyUk80cXFTWkFGMU9ZZ0lHbWtKRzBLck4zZkdrZ2Z2c0h5RVN2RnU5Nmo0QQ?oc=5,moroccoworldnews.com,2026-09-16,positive
The T,ACL Fest Weekend One 2026: Best Shows & Tickets - Ones To Watch,https://news.google.com/rss/articles/CBMib0FVX3lxTE0xV011QWp1d2dPLW53d0xVb2dydGhQbEFJaUlKeFo0N0hCaXpacHNWYzRsV2dWMmw4T1FSbFo3c1hZMEdaN1ItOWhJSlNJckl2RlhHdnU5eDBwQlVFemIzNmdMWnZlS2xSSXlkU21LQQ?oc=5,Ones To Watch,2026-09-16,positive
The T,"Hyomin Mentions Kim Kwang-soo Two Years After Revisiting the ‘T-ara Bullying’ Controversy: “It Was Difficult, but It Helped Me Become Self-Reliant” - 스포츠조선",https://news.google.com/rss/articles/CBMigwFBVV95cUxPbGx2elZxZ1hZcXNmTmpmTWZLOXRjUFJpdXVIVTdkUlk5YVFERFBQSV9MeTZkaHBjTklKbmpBaFBQNXprbDhMTk9OZFhxRHlwLWxIMnZLczdPQWtRSlk5RWVzZU5JcjNaNThKdXRSSmpzcjNDWmZ0RUU2cm5nR1pxaHpsZw?oc=5,스포츠조선,2026-09-16,negative
The T,Acme Design surprises world’s youngest museum curator with T. rex skull replica - Kewanee Voice,https://news.google.com/rss/articles/CBMipgFBVV95cUxPbEpVRFpBU3REWklHNEhFWWtEZkdLbkxTb2JTX0l3Z0ROMHhUWk41SzRITHJ6NGlnZUNsWGNuRGhteThDeXpJdDBTVGhSWDlDZEQwcjRzcDZjOUppc1ZZRWVJVTVEOEwzZFc0QUY0RWxrRHRGZG10aC0xd1gxekVLR051NW1OUXRGS0k2dkZPT3ZSUzhDcGtFSlF6MEh2amVWVWhldzFB?oc=5,Kewanee Voice,2026-09-16,neutral
The T,Barely Driven Gordon Murray T.50 Targets $6.2 Million - Motor1.com,https://news.google.com/rss/articles/CBMiaEFVX3lxTE9WOUhENlY1ejdmVzVqeEtpQ1FWOU5zc3FvdnNVN2FoVjhXb2hORXpYdTJna1haUHZhczhJSnFwS0VxQWNXbGlJdzl2cWozM3VCX2RjelNjeVFfcU1qNW5iUEpHMW1ibWJp?oc=5,Motor1.com,2026-09-16,neutral
The T,The T put high-tech fare gates at South Station. Some can't be used when it rains - WBUR,https://news.google.com/rss/articles/CBMifkFVX3lxTE5URHU0TTMxWWhvcW5fRlllTkstTUwwWUdMdHpGR2R4YlUxZDBkWFl1Q19CSVo1UEJONnJGRGF5azdfLWppZFlpUXJxVmNwNEt0d2FsRWsxTzA2alhKMlNSLTh5clRMQ0YzalVVdjRYWUhsQUhla1c0ZEh1aFlZQQ?oc=5,WBUR,2026-09-16,neutral
The T,Gut infection may train immune sentries at the brain's border to remember microbes - Medical Xpress,https://news.google.com/rss/articles/CBMihgFBVV95cUxQWnRkY2tBMnZKaGJ2dVF0OVVkbEtIZVlWb1BCQWhhVzZSUU9MeVdsV255WVhEd3gyTGVJVmpIa0lYMzhnYlZBcHdoNEF5eDFWUEdRZFE1NUxBa3dUNi05c3lVX2F3ajYxdURPTGltX3gzZ21CNXNSZUk0RG5DUDJpd3JTR1prQQ?oc=5,Medical Xpress,2026-09-16,positive
The T,Until the T-Shirt Dries Ending Explained: Who Returns? - Papo de Dorama,https://news.google.com/rss/articles/CBMifEFVX3lxTE9lS0hmc2x2QmZKOURNQTV0UGFpOTNVTUNYTWNCY19LWXEwRElzSUE2dGJCZXVUVW14eENLeVNTdV9sdElGNWhBcVpPaExXdzZxMEJ4MmF6ZXFsVTBVVjJaSU1vaEkyX0dqc1VFZjNOTWRFSS1reVdmeVB5S1U?oc=5,Papo de Dorama,2026-09-16,neutral
The T,"T-Mobile Arena ranked 2nd most expensive NHL arena for families, report finds - Las Vegas Review-Journal",https://news.google.com/rss/articles/CBMi5wFBVV95cUxPczJRcXBFcVh4cUFmdGZ2Tjk4UmpJX3RCU3VrbWVkb3FMcHJTNVJ0TjBaamdSTDFMOHk1eVVBZWx5WjNNQUd6LWl2QU5MOGo0YW9PUUpQRFBlMlktMms2RjBaTThvekg4TlJCeV9XaDJ2UFpLRjRHQm1jRnI1WXFDMnkyX183QXlqbFRkVEI3T0czTzVwQmpRTTZBOE1zazBmYnJVX3pGWG1XdWRwOEdnS1l4d19SRHlaeU9kRll6SXR5UDJBMEdBMW5xZ1pubUhycjE4VHJ3cTNMMUJtV2Y0clVjSWFCclE?oc=5,Las Vegas Review-Journal,2026-09-16,neutral
The T,Massive Footprints Found in North Dakota Reveal How T. Rex Walked - Gizmodo,https://news.google.com/rss/articles/CBMimwFBVV95cUxNMW55T25RQkxSNVM3NUZwRFgxODJmMGluZzAybDh3a28tSlRiQ1VvTXFoQTlFV3dGR0x5YW44X0JGQ09RclZ3RlEyZ1hfbmExbVcycHpYcFVHeDNmUjNTVlc4VWJGVlkyMnJERjJiNVVmeDNSem9ybHBCdjJjQ3NVNDd5X3JFMmJFd0oydWlVTllHa2tJYnhFMXdyTQ?oc=5,Gizmodo,2026-09-16,neutral
The T,T tunnel to be closed in Downtown Pittsburgh this weekend - Pittsburgh Post-Gazette,https://news.google.com/rss/articles/CBMi4AFBVV95cUxPSWFFakE2bmJyeE15VGdhRzdQbXZUZWFuMWtHN0ZHTDM1QTdxdWgtOTBkck1BTmdIbzJNV0Nvc3E5ZFo4c3BDOEluaklKcmdMV3Y5YW5YS2VYMjJUaVRzYmNuR1pvMGRabGNDV21xV01pMWhfaGpWNlpUcDBjSFNfSmJaQWR3cXdycEt5Wm5aWlQwMlNoYnpHUHBBa1htbEVLeEx4YXZQUzhzTnVvaW9Pb1FLbFd0ckdRN2lIWjM3ZDcxS3oxcWVwZ3pFcUJSX21DSmlmb3ItNF9FcEE1RHhybQ?oc=5,Pittsburgh Post-Gazette,2026-09-16,neutral
The T,Why are two celebrities being eliminated during the DWTS premiere? - The Times and Democrat,https://news.google.com/rss/articles/CBMirwFBVV95cUxNNXFUalVobzlfXzl1WFc1QlB2NUk1bjIzOVNYZ3lPS1RJcXZJMGtnb0txZkhqbDRkc2pZWFZMblJsdFV4VFVMM1ZFaV9qRTQzWVBSc0w2ZDRjNmpwbnBpVFllUUFSZ0RheXhyZHc0S1hwLUFDTHJyTUg1VGJWbkctdmx0OUFQaWIzV0oxTUpYV1l5SkRwaUEtczUzQ2hHalVveTVSZVFJdlJTdzlPQTZZ?oc=5,The Times and Democrat,2026-09-16,neutral
Washington Metropolitan Area Transit Authority,"Transit Leaders Convene in DC for Safety and Security Summit, Capitol Hill Advocacy - aptapassengertransport.com",https://news.google.com/rss/articles/CBMiugFBVV95cUxQMWhaQU5kQmZQbkZ5TjlxeTRjT3Y1Z09wNEVYd2hFaEJGYXk5R3ZYVEpxUnJ1ZVAzVVhNWm9iT2h0blpzSm95Yml4aGVYLXUweGZ0MXI1RkhZZkVFWFR5S1YtYVpLNWZjbU40dmZXTXpNWmV1WllvcXp6Q050T2Z1NlpSbFJ4QzZWeVNmMzEwQjhFcXRKUkQ0b28zbXUyMTB2RmtqM01faUZDM3pxT1BGUEVpTTlfMnYzUGc?oc=5,aptapassengertransport.com,2026-09-16,positive
Washington Metropolitan Area Transit Authority,WMATA and bus union reach agreement on fare enforcement - FOX 5 DC,https://news.google.com/rss/articles/CBMifkFVX3lxTE53cWZIMThRMXpjU1h2QU12Y29aR0FzMmlYVXIyLXNOb3prZWs3Q0dEYWtpOXFFMnEzLWlXemRYaV9BSmhSTUx4SlZrbXNyaWt2dFh1bHZ3UXBjSk9PSEtOYnhaaDJqWkpxcVpnTHEzOWVyOWN2QlExS3FNZEZCd9IBgwFBVV95cUxPU2RBWmFTSTVVVTJOQlphQnUtUnFsMnhKQUotdHZhZWhuYi12Nk1ValNheHBBQTUzb18yREpWMlluWnBndl9uSUZrc0hlWmZUVl9xTVI3bU5jd0drOUdhTElBRnUySlFoRUt1bFlDWXFvcGw4bmFSbk40SEJNSFlpdVhLSQ?oc=5,FOX 5 DC,2026-09-16,positive
Washington Metropolitan Area Transit Authority,WMATA Wraps Up Red Line Project - Railway Track and Structures,https://news.google.com/rss/articles/CBMilAFBVV95cUxQWjZIZXVkWGpUbmNuclBUaWl6VkZNOWx0QzlkcmtEUWJBMlBKQUowQWk0N1RWSDF6eC15dE9YRmgyM2xXMXRsOXUyT1VnVUdDNWNmc2ZnelVSV3VfNFJScTQ3UjFibXpVZDY5YU9ybzJSOUhZN3ZWR3FuYUtGOGlGT0J1WHI2bUluWERrVV83bE13M0xM?oc=5,Railway Track and Structures,2026-09-16,neutral
Washington Metropolitan Area Transit Authority,Why not everyone is happy with DC Metro's new signs in stations - USA Today,https://news.google.com/rss/articles/CBMi3AFBVV95cUxNbUdmSWx6RnpDQWQzT0pHRktfZm9QTWJDc1BwLURXVWd2TjRuVldKeXlnMklhWDlla3d3LXZPQ3UtbzFGMHlXdWQ2c0loSDRwbk90MWtzY0NQQmlBNUUzZk9idDlTTkJ1MXdJM3dybmpPLVMtdlRkVFR2Q1pGanlWa2ZGSG1nUFY4THJ2Q09nVi14Ym5hV0RYR09Oa0lfanM2WFJlWHgxT3VXTFdKa29qcEdwbDdqenJ2bkJwQXVNVllSRFhVX2hjOFljTzFXLWhQQ1I1Y1JCS1ZYQUst?oc=5,USA Today,2026-09-16,negative
Washington Metropolitan Area Transit Authority,The Transit Chief Who Made Metro Popular Again - Governing,https://news.google.com/rss/articles/CBMiiAFBVV95cUxPb3BpRWNTOWw2RVpIeHNVY19iSlpnalR6OFNjRDVkeUM0MWNGcVlHZDd5S3E4eDlPb18yVEh2NjJWcENocGRITjZGODRSb29RM0w0NkNkMVBfWDhVR29BQ3VYWjZrLWVyaXFPekw2eUdXOW42NTFOX1V4UFVoZ2g4bEthSUJHekht?oc=5,Governing,2026-09-16,positive
Washington Metropolitan Area Transit Authority,"Metro's Summer Red Line shutdown to end on Monday, temporary bus lanes will be removed - wusa9.com",https://news.google.com/rss/articles/CBMi_wFBVV95cUxNb0ZCRm5Nb2Z3VWkxbkZmOWVqTkN0UGRtR0ZjVWRlN0xhcUIyb3g4Q1NRcTZSeWpxM0VBcFhPZ3JkZDlocDQ4MzhkajVVQzFablhkVjNXRVlYUlVRS3FOcHVXRy1rR1d6czFCN05RX2hsT3JmRGpPdElvb0ZIYVhVb1BjUHk2Vi1rMjVoZE5JM0tuOTZxbTg4RGhFY3E1bmM1aVpONDFwUHhNR00tT3Z4aDFEU0hmVHcyMF9XclZiZl9hdGdtYUJ6Z0gwOC1ZVkdMeTlUS0ppY2FSX3dmN0N2OWdneG9SYUV4bkNQNkZEOXkwZ0dlZjJfcjdHbTFUdG8?oc=5,wusa9.com,2026-09-16,neutral
Washington Metropolitan Area Transit Authority,Inside the team that responds to all the complaints about Metro - The Washington Post,https://news.google.com/rss/articles/CBMipwFBVV95cUxNZloxLW1YZk9aSUxiQjk3T05SM0ZDTFBmN1haSEdheGJoeXBiUDQzQS12NDYyN1c2eHBkb241VkpfdmY3M0VZN2lUVHl0Z2l0cjRwY3FMLWN2V3dsdm5KSldWa1kzQXBLV0kxa0FyQ1psSXI0a0NBRnF1VG5MZzU2cjltZnUySzZCNXBSV1pHOWFzQ3oyRjF6cUNLeFRjSzhHdy14OVkwTQ?oc=5,The Washington Post,2026-09-16,negative
Washington Metropolitan Area Transit Authority,"Grosvenor-Strathmore, Medical Center, Bethesda Metrorail stations to reopen on Labor Day - Washington Times",https://news.google.com/rss/articles/CBMisgFBVV95cUxPSENlam9YMHByMklNSHk2NTNwUlpGQk5KRnltVWFkNF85NTZLSm9hT2MtWHh2TGZPT2NpX1h2bUpqSnZqWG9VR3NQZjdyVVdxMnY4WE1SV1R2QmpfaDIxbC1MSzdjSmRIb1E2SGstWmxPNUNwTXFBZDlqNU9lajFjQ1FPUFFOS3dWdTItOUc3RDJrM2QzY1Z3ellzVmowMFVIa1k2UVcyZGFlaXg4Q3hEaVhn?oc=5,Washington Times,2026-09-16,neutral
Washington Metropolitan Area Transit Authority,S2 Meets With WMATA GM Randy Clarke(14) - Homeland Security (.gov),https://news.google.com/rss/articles/CBMiX0FVX3lxTE9LV2RjOTJUSmkwcmFWNTE5VjRMY1YzTWNUU2l0aVM2SEJTUm9EODJrZk9fQ2haNlF2am5QNUQ2V0hQbFd4TGs5YUl1cktXbEpQZm56Nk9sVnkxRVdfYnIw?oc=5,Homeland Security (.gov),2026-09-16,positive
Washington Metropolitan Area Transit Authority,Washington Metropolitan Number of Employees 2026 | Employee Count & Headcount Data - Revelio Labs,https://news.google.com/rss/articles/CBMie0FVX3lxTE1zcWY4UjVmRWw0Z3dVQnZic1hGU01yc1ZwX2RBYXo4anM4NHFzNHJyd042RktlZEdfVzBRMlBySW5wbUVWLWpQREZqNlpzTHNwaWNaS1JWdE5nemFWcUVvclRLYWdJdkRwR1YzVUgtY0prd1RrZUlYXzJfUQ?oc=5,Revelio Labs,2026-09-16,neutral
Washington Metropolitan Area Transit Authority,Metro touts drop in crime across system - NBC4 Washington,https://news.google.com/rss/articles/CBMirgFBVV95cUxNZlFoeUtyX0p6b0RscmpvLUJ0blc0OWgwOVU5X2FsaVgwOWhKZC1MSFByZ0VJdUdhUWstd2RnT3ZSM3BtOTNDaV80VFF5aW9hMC10anl0ejU0cnRZTjUwUnhTQ2tkMjBRTnhRSUJiY01TM21yZVNGbGRveUJObEJrRE5pQjBUN3hDTnJJeU5TSWFZM2FXRXZzVmRNdTltWkNmQkpwbVNLQXU3MC1ocHfSAbYBQVVfeXFMT1R1YWRRRUliVXRObS1aenByeFFKTy10dkNXWFZ4RkMxWlhibjYxUkZ0UUlaSzFodTFJbkdNcDBJaW1WbmtEaDhWQjFiZTdxRUExSEZHaDUwWlVDaWlJTkVwUzN5ZG5ETWkxd3FFTjJlS1NteVhYNlpKemgxTTN3UU5IYjVmVElaUWhjbGJ2b1FGUXViVmxaX2dyS1hwdHBBdmV1blZiQUk4V1lHZjA3dVROYU5HaHc?oc=5,NBC4 Washington,2026-09-16,negative
Washington Metropolitan Area Transit Authority,Indra Group to equip the entire Washington D.C. subway network with an advanced customer terminal system - Indra Group,https://news.google.com/rss/articles/CBMi1AFBVV95cUxPMGF1a3ZiMlAyalE0RF9lcngwbGd5WHFnVUdTeGFGcnkzSlpTZXU3MkxzX21iekVxdWNLd09CWWp3YlV3X3lGQnhFQlprQlRlNjdDaVBwUlNoNnlfaFhjYkJFTXhVS2U0M1lXTlNzUi1tZlNBSmw3NVd5Tm9NSGVTRHYyWDAyeXplNmdnWEZmaXpDcWI1czVfZkdzbjJYa0d2RGNodnVIR0E3T2xDRUVQd1hSeGJXSEczVTdid3hQTnVENEQ4WndIaFpJNXZmVU1XUXNQVQ?oc=5,Indra Group,2026-09-16,positive
Washington Metropolitan Area Transit Authority,"WMATA engages Indra Group for customer terminal, ticket vending machine upgrade - Mass Transit",https://news.google.com/rss/articles/CBMijwJBVV95cUxQaFJ1MjlFRTJWSEh1MUI3d1YyT0tVemp5c3ZsNV9oWlBMSHMzUDgwTUdRaVpaUS0xMlVHdm56V18taHd2MWFpbnBCUURaX0NOVkVlcXJSZ2xDSW1jdkhJcVdKNkdPdFdwVHA3NlpSOENhVFVJZzhvaVlGOW9nWmZFUFpDNHNIa1NwYzNIVllxTHZWLUg4WFJ4TFZEYVA4clB2SF9HXzZyQ0ZrZ0RBN2ZQV1BXSHRYbF94RjJJVXBPMjVOVDY4TkZGRjhCekgxcWtEM0l2cnVpdm9WOTZhQ0laX2NSVy1LeHN2MTBsd24za0Y4UmdZcTZ6MkUzU1dMdlAyT0xRanpsSkR4bW11WDNF?oc=5,Mass Transit,2026-09-16,positive
Washington Metropolitan Area Transit Authority,Record numbers rode D.C.-area Metro on July Fourth - The Washington Post,https://news.google.com/rss/articles/CBMingFBVV95cUxQZk1HSFRkLXYtUldXZ2FZNzdGRVlQSUJCejVBZ052eGU1WWNjbXY3YzNwbWNHeERsMnF0MDE1T0JOaEkyaUxFZEdQRFo5Z3Jfd1hXMGRiN2FBLWZqNVFBcTZzd1BWZlpQQlV1SHFUSmRqd05YSFhyTllsVTk2WjJ2MndsNC1wQ3Q3RUh0TkVmaGZtaGxGUXZFTlVmTVhlUQ?oc=5,The Washington Post,2026-09-16,neutral
Washington Metropolitan Area Transit Authority,WMATA pulls commemorative Freedom 250 Grand Prix Smart Trip cards after finding defect - wusa9.com,https://news.google.com/rss/articles/CBMi2wFBVV95cUxON0RaaFBvWjk2dFJRUzBWSW1HY19EU1Z1NGxISnNOMzZiaEk1Qm0wN2ZrQmVjSHUyVXFxb0lsaHBzcjJWZzJFQ1JBNVo4TXhsRTZsZ0phQ21jaXZTRFJhVFlPQWxiVjFsQndxNXhWQnhIYlVuc3dDd1VuRTJEdmVvWkNCOU9ieDlMX1lMbTR6UTRkM3RubEthaHdfVmZ4Ykw3VXluZDh0Nk9TSThtZEtVNG1vbXAyZlZ2OXhaTENUSTFsc0RXSzV2aFZxZldhdmo5MnhDVjBSM3FjSVE?oc=5,wusa9.com,2026-09-16,positive
Washington Metropolitan Area Transit Authority,The Purple Line: A DC Legend Nears Completion - aptapassengertransport.com,https://news.google.com/rss/articles/CBMihwFBVV95cUxOUXJtSW5zT090d0ZzZkM4Q2J3ZjBhalJaU3NwOGdETWt2SUdtRTlwMlZXbGRlbkFqdWl3LURYRG1uLUJiazl2a1lKVkRvdG1qMW5xb255X2p0V3A3NkY2aFdYcWNUcDJQaF9SUXpyRnlwNWFGVmZ4bXJ4ZEdrSzdFS182MU9fSm8?oc=5,aptapassengertransport.com,2026-09-16,neutral
Washington Metropolitan Area Transit Authority,Why Trump's Strait of Hormuz blockade may affect DC public transportation - USA Today,https://news.google.com/rss/articles/CBMixAFBVV95cUxQUW5pcFBLN2VDY3lnb3kzblduUC15S1BzSnlFM0VzT3M5NkhoYWI3d2ZLODAwdUxvampvcGN5dXZsTWFhYkl3UVk5SjY5N0dyaktpb1ZUTkk2NGhxOEVmYWwtRlFBM1BjSnBlcFY2UnV2SDNZNl9wQmdZTDBQM01YclR5cjVDRG1LcGw4T01DSEIxeFhiVkVtOThpZXFVMjE5TFVBR0xRd1NxUVZTbXY1VG90enBNal9mblRHdWNUZmY5WHd6?oc=5,USA Today,2026-09-16,neutral
Washington Metropolitan Area Transit Authority,Opinion | What is undermining the recovery of D.C. transit - The Washington Post,https://news.google.com/rss/articles/CBMitAFBVV95cUxNbHQxNjA5bnk3Nm5nY3l4dE9URC01dFZUU0drOEd2REhWWTVUa044dmp6NkhSUl8xYk9EUVQ3VWFLNDRvYnlpUnlReUhKZG9lRngxWnFoQVlydVBqTWdpakc2dE5yZ0FpdmNVb3FOeTBzcHlTaUVFVDNaQ2N3azZGVmVRYTZ2T2F6UUtzaHROT1M3OEp6QUZIR2ZuakdYaWJYZkpRSzVNcHBjV0J1U01YcWFyMFo?oc=5,The Washington Post,2026-09-16,negative
Washington Metropolitan Area Transit Authority,"Red Line delays caused by water intrusion, WMATA says - wusa9.com",https://news.google.com/rss/articles/CBMi2gFBVV95cUxOM3lpQlg2ZEg4akhNQVdaV2dBS2F6dXhWTWl6dERmQUdYOFNUNWdxS2doWnNnU01MTDdCMF8yNkdVREt0eksxVm9Qb1ZMYWpMX0VSVEh0TElrOHNwTnNuelNkVDFFQ3ZKaGlRLTZ4SzJkdV9fU2F2ZU1VOEpLOG10Nzlob0VZcGpfeVVPVGFCaC1kR0xENVFaRnlUVk9TZ01LeGdGaXFmcjhqMXpMUEZyR2tGb0tUTnJJZF92OENLSzZpbXJQRW04eVhnWFdMdS1rYmpxeXliT1Yydw?oc=5,wusa9.com,2026-09-16,neutral
Washington Metropolitan Area Transit Authority,Metrobus operators push back on fare announcement policy citing safety concerns - wusa9.com,https://news.google.com/rss/articles/CBMikwJBVV95cUxNbHpidm1seVpqaU9MT0w1M0ZTSG52WDJRbWVxdlBkSWV6aU54ZVI5NU1rUWtwRm1PeUM4blRXQ2l2blJSTG5FbGJRTGxXV0NUemM5SDJVVWpkVUZ6bjRmM0loV3FiX3JaenJnQmFILWJIMW1QNnJlSVpYMGN6OVRZa0lWUlRXdkxHbW90RXJXbWxZbjVqWXZjdnNGVzRYd25YWmlQZUxhSmtKcnVOc0tzSXB2OG5uUzdoYVljVjNSN1NJczNRbExjRHdTVHAyaXRZbnFER2NxYmV4X3B6cVV2S1k0ekNkR1NKSGNKZzRfWm9EOThsVlZIUVc4Y2RXdW9od3UwRVpiZHNXTG9nTHgwdFZFYw?oc=5,wusa9.com,2026-09-16,positive
Washington Metropolitan Area Transit Authority,MARTA names 3 finalists in search for agency's next general manager and CEO - CBS News,https://news.google.com/rss/articles/CBMisgFBVV95cUxPNEI4bklYYk50a3VTbW4xS1hZZElfcWUwdHRnQmpkME5DbWtNbnViZ1pldldPejFWQ2MzODNmdTM3YW9mVzNDb0hQVUlLRFhieXg4Yjh3cWotVk5zVVVnWGNBb1BhY2I5b3lUX2V0RjZRTTRJcTV2TDgwd1llLW9BSDF1czAwQ0tfbjd5a21BT1B4TGpfX0pXekhQSUFWZ2hLT0hOY3Qxa083d01hNUtvSGZ3?oc=5,CBS News,2026-09-16,neutral
Washington Metropolitan Area Transit Authority,Metro says it's so hot that trains must go slower - wusa9.com,https://news.google.com/rss/articles/CBMiywFBVV95cUxNVGJGb3lUNmFFSTJHNTk5NXloTGpFY3JxRHpyOFhxTG5oVEJLTWdiWWJpbUZBSnI0Q24wUnNyUVpmQXktX01oYWJiNzJHWTV2d0stcG56WlhNSGxzWVAwTHlrSFJHQmxqMGdNdHNjM1A1UEJRYTRiOU1WMTFpQ3h5Ti1hMUZnMlpRYXN4cDdWN1dJanhLWXlSdERNeGs0akdKOGluQ2w3SDV1WWlFMVBqUkJ3MTNQa1JMdXp1NjdjaG05Vnl3MlV2elV2VQ?oc=5,wusa9.com,2026-09-16,neutral
Washington Metropolitan Area Transit Authority,"Fearing violence, some Metro bus drivers are bucking order to announce fare - The Washington Post",https://news.google.com/rss/articles/CBMiwAFBVV95cUxPbk95X25fZUY1N3RCaFdldlJzYmU1RHJuVU54QzNwLVF0YkY1cWR5b3BDbF95SmNIaXpvcGdYNUZxMjBLakQ5bWhsX2kxWXpwVy1OLVVaMDJ0NU10ZUVjQzZlQWdtOVB5WWJKTFAwRzRwTFNKMnlMdGZYZkVLc2JyWmNjM01kSUFNLVMzVnRVVVBlSnhtOHY3ejl0ZW5zMlZGaGppM0NSb3Z3UG96UF9fXzdWM0VSdXlkWDgwSUh4dC0?oc=5,The Washington Post,2026-09-16,negative
Washington Metropolitan Area Transit Authority,Metro cracking down on fare evasion after 70% of bus riders skip payment - WJLA,https://news.google.com/rss/articles/CBMiuAJBVV95cUxOWXRmd1FCNEI2UDRkZDJTWkRvbjZweWYtU2pNUFAydkdtVmNXb1ljbmxHZ1p4WUg1OElUTy01QTNKRHhNbWw1VVM5QTVvYlY2UlRrSHFpdF9GdVdVdGxpOHZGd19IUkl3RHFMdmphdUU1N0J5MXNiUTB3S2pvVEhDWUVrbGQ2SG9BVy11TXhRSDcwdVNnYUFlbnNLWHVXVHFETjRReWFNelotTVBrUncweDBrNm5HejBkZy1pUHVVeGw2aVhSOGtoX3N3TFhZSGVEcW82aTBkZHNXTWItamxNWUVMVHNiVzNMR3NNWXFvOFZpLS1WZFFkSFIyZ0NPRHdhX1l2YkYxcXo1VUYtdS1hdURoclpCdXNFT0drQnloSk5UWmNlNmRESkdFOW9sR25CaDdNU1QwZlE?oc=5,WJLA,2026-09-16,neutral
Washington Metropolitan Area Transit Authority,Metro Red Line trains return to normal after day of delays - wusa9.com,https://news.google.com/rss/articles/CBMiywFBVV95cUxPeUc0dEV1T2FBM3NGTFRfbUlUZDFuWW43aUNNdTR6alRQNHN6MmQ0QWUxWF90Rkc2bEh3bHV4NnlpdHRFbVVzenpEZ0VHcTlOV1VMLW11MFdmVUNEdnpidTRCZkI1eG5EdmlhUzJkZUxjU2RDOW43OFZ2a1pYcVV5OG1RZmt2U1JmdEtZS0lSeXgweEVXOWNwY21OX0tGVW1fNUFiakRlZ3BmTHpJX0o5Uk5iOGhWc0RYeGNKelZKcURqSE9ibFNBR0NNOA?oc=5,wusa9.com,2026-09-16,neutral
Washington Metropolitan Area Transit Authority,Family sues Metro after missing man with Down syndrome was found trapped inside WMATA storage room 6 days later - wusa9.com,https://news.google.com/rss/articles/CBMiiAJBVV95cUxPNEh6TXB3cmdXRTVudlBIQ0lST1ZCS2I4M0xwaE9vYXRtUEhFRFhKY19LdU1wZ2xTWk5ic0Fua183b1ZkUjBXZlVNaWxCaFpoVW9TbHRMc1dNaWRsSzE3Y3BKZnlWdWdBekhJdHc0MTVFZlc2U1lON092dXhHa0pZUjJHTVl6SDV6YjFxeXM5bDZQU0h0RkJYbDJDZHNZZjJWRXp3VTF6WnNQby1Gc0FVODJhaEpOVHZGN1EwNkwxSEdLTTlpeGdoZ1Vua1hoaWV4bEdiZ2hNRElYYk9FZzBFYnVMUjlzaUZBR2JNRGtub1RwTG5sUDRtTXF0ZmxRQzdRbjRJNlozclQ?oc=5,wusa9.com,2026-09-16,negative
Washington Metropolitan Area Transit Authority,WMATA releases list of major disruptions to Metro lines in 2027 - wusa9.com,https://news.google.com/rss/articles/CBMixwFBVV95cUxOUEdtemJkdlhkeU1vbTJkRm05VWdRZWpCZ1ZDTmZKamZDRTFFV09DZXRvNFVfbG13dXljeDRvWk43bVdSY0lPRE5CelE5ak40NzN4RmNxSXFqOEhqNkF0eXd5YTFhSnVvcFYtVml1Z0xtUExJZmlkbFk3UW1xOGtMNHJ0UUk3UWxaM0s3SEkwV3c4Y25ETGh1eGstSDJNUzRjWVVSbVg3WndScmc4U0xTUHduTzhZNEVpVkpUT2lIamRCbkNFNmxv?oc=5,wusa9.com,2026-09-16,negative
Washington Metropolitan Area Transit Authority,WMATA board approves $4.8 billion FY27 operating budget - Mass Transit,https://news.google.com/rss/articles/CBMi9AFBVV95cUxQaklIc2hjeVRqdnphUmZ3S2JmVHQ0MjlJSkhiZzloOUVTYnlmdWtrcWduUWlpREdMMGJidzNCODFRU3VnbnpVUTJ3NzQ1cko4b0FKVzUyMXZyYVl1Q1pQV3BuSWtMVWVYZVNsbGtKXzhTQ256MHdieW1qZjI3aGZhQkVDMGZOVGZSN3dWaDJyWEhQMGV6NVI1S05QUzQydnZmeVBrQ1Qxdmk3eDlYU1JrWFZaeUgwSjJMYVQ3ZG9LTGFTSG9uZmRYOVdWVlBFQmhzbXBoWkplLXNRSDQ3bzJvRkhlWXJ2eWRlMnd5aHpsY3B1QmZh?oc=5,Mass Transit,2026-09-16,positive
Washington Metropolitan Area Transit Authority,The Changing Face of Digital Risk in Transit: Building Cyber Resilience in the Modern Transportation Era - aptapassengertransport.com,https://news.google.com/rss/articles/CBMi1gFBVV95cUxQOHQzcnktZzMtR1JYR0ZHeV9YQWdjM0ctX2hRZndqazc5ajhncjMzTFp2RDhScVVtR0tmeV85eHNuTFBpcDlfbnpuWFRWcVVGaXVYOXVjcEZZUF9fQjN0N0N0ZXkyMHB1Yy1ZYU1RN0hTN1c1SVNvTC1CTFBLY2R0OGdia1VRcGVZSWNwRHpJYnVyQklmQ0MzRnlKVHhZSlpIcGZDQ29oSVVBQmU4Z0p6VGRmQnV2WDVIRno1eUJYVVJseUV3WTJKTF9fclRURW5iRURtLW5R?oc=5,aptapassengertransport.com,2026-09-16,negative
Washington Metropolitan Area Transit Authority,Metro to stay open late Sunday for White House UFC fight - wusa9.com,https://news.google.com/rss/articles/CBMihwJBVV95cUxPS2tOVUh1eEw2VmJNc1pYd0xrRlZLN3pmTnY4b3Q1NnAwUXNLWFEzTWp5TVRVN1pwaVU1OXRyZWdZdzlULUlQT2pBNllLeHA2RTVpX3ByVmhpdnQtZXhoRXhTRWliZlVXeGNGRGExVnNMa1ZBX1hFbnRNbzI0eFNCVHlLUXFpSVJ5aXhDTjQyR1I0VG45c0tFb3J2cU5la2p0eWJaRGNMZHBaV3dEX2RJaFlsSkFPSm1Hbnp5VjYxQ01xT0wtNUFhRGhfMGxDN0hhTDlQU2ZIc1dfekgtcDIxLUNJQVNWNThac0xVb3BKQkl6dkktRXNhN3pHQXFQRVJtVnVsYXVQcw?oc=5,wusa9.com,2026-09-16,negative
Washington Metropolitan Area Transit Authority,Red Line Shutdown: What commuters need to know for Summer 2026 - wusa9.com,https://news.google.com/rss/articles/CBMi4wFBVV95cUxQemlCdzR3bFpiZzl4NmdNaDBEVTdDYUdYNjNEeFYwcFNPQk1Meko1Q0FPT19BSmlMZXl2M0lia2I2dHBMOURvQ3BBTGoyU3RNWHBzMWlJZGZXdEFnMHBTZks5UXlRTVBaRHF4cUZXa1Q3NUxNRlJqd040a09fM29vOTBJRG1CX0IySld6RTdackVST05tZVdZcjFJYldUU1d0MHhpdl80d1hoSnV2RjF0WURsQ2VncWt5ZFBBY0ZWeTV0Q0xRRkF3bFhkenZkbVZURS1fVlhlb2NObmZReF9mcFNLTQ?oc=5,wusa9.com,2026-09-16,neutral
Washington Metropolitan Area Transit Authority,WMATA to vote on budget plan that includes Red Line automation - FOX 5 DC,https://news.google.com/rss/articles/CBMihgFBVV95cUxNUEVVMXZ0bENRSVdEamI3azh1U2dGRC04aWpWb0hhUWgzdG1EV1VVQ3BfTFowRE9feGhjX0FwZXpheF9vRlZHRzRWRy0wY1J0YThRSnNsMy1HcVdzLTVIYUtfRHlWQTZBMlBXaklDTlByaHlzOFdrN2otbjdfS293Ml9lOHNaQdIBiwFBVV95cUxNUktDZ3dIdFFmYk4yMDBYREl0UFJjem03YnRjWnlPRkhjNDY2YVh3dHhOdU80Z1V3OXNkZ3Jvb2Z3TXFqTEhJbFY5Y3FWVXc2TFdmU3JmVHd3c0NyUXJfN0I2bnFnOHVHT1R5OU12R1JheHlSVnZseENOaVdIeHczZEk2LTNyUUZFbXNv?oc=5,FOX 5 DC,2026-09-16,neutral
Washington Metropolitan Area Transit Authority,Indra Group to Equip the Entire Washington D.C. Subway Network With an Advanced Customer Terminal System - GlobeNewswire,https://news.google.com/rss/articles/CBMihgJBVV95cUxQWVZEUENKYzJ2N3NRMmdkVUI2OEY1dFo2VVhTUDBGWldYX1lEQWZxdnV6YkpfZkdNRW9IQTRxRE1QLUxEbDlxelh3bXl1TGhpZzFqbjJOUkJ6TjlZMnFYXzhxSUp1V2xZQl9vRWJndGNyVEthOWxZck96Qzk5SXYxZUVYSklROXF0aDZzRF9mNXROejZjbUEtQ1lDSnRXaHAxNm1uR0JSS3JLam5RWFJZbEVJUVYwbDRtbFdITGJ5c3NNb2p1WlU1V0p2WnpjLVZKTGNWOFBaN0p5cXVrelFKTVVIY0U1Y1UzSDdSelY3ZWFNMF9kd2xXVHFQdWlFTmFQRjJjZDhn?oc=5,GlobeNewswire,2026-09-16,positive
Washington Metropolitan Area Transit Authority,"Rail News - WMATA's FY27 budget to support rail service, Red Line changes. For Railroad Career Professionals - Progressive Railroading",https://news.google.com/rss/articles/CBMiwwFBVV95cUxNM1NEeHVfUUZ2NkswWVJuN0xsOHVYcXJEUjliSTA3QzdlaS04eHVIbnU5X0YtdGtvWVVnQjRZYjF1d2ZEQklZNVVoQVl5d1k3MFlHbGNqRFVXckEtbDVyUS1iUVdjRm5BU3VEM2pmNE93dEhyUURWaUR5WnhOUnp5bWU4bVZwNUJWdnRDc3lHTjhNRVhmLW9lN3NDOUJhZUVOVWxNMThLMmNiZDNJR0o0NDF5QjdoZHRTVFVtYVM2ajF3VTA?oc=5,Progressive Railroading,2026-09-16,positive
Washington Metropolitan Area Transit Authority,WMATA fare enforcement policy raises safety concerns among bus drivers’ union - wusa9.com,https://news.google.com/rss/articles/CBMimwJBVV95cUxQWUhBYjR3SVIxOUlaVFNOLWhJV0RYX0c3aFlocUpNSzFCbUxrZWM0MnZGcGpVck1CTHViRmI3QUFWNXYtWHZ0ajZnZ3dXODhhRDdWdlBwMkhEMDQxdVVCUjIxT1ZHV2xtcmkwWDBCd0FWMUtHRmd4VHdsSklVWEYtV2dOLUVfd09CWl9uWnV6cG1yRzNfaTJvV2pWSlRtQXUydXdlV2FxR2g4MVJ5LW53czAyMHF1bWkxRDZyTDUxS3ROanNDTW9XaVlSMlQ1MjFQNXF1cW9pX1VraTd2R1N0dWU0VXhTOHhGWXAzbG1DTERBb0RDcmlRNGhMV1RIZ0NVN1kyQ1lHV216b2daRk12TGpHNmNtSkZId3Zz?oc=5,wusa9.com,2026-09-16,positive
Washington Metropolitan Area Transit Authority,"WMATA Marking Metro Rail’s Gold Anniversary, America’s Semiquincentennial - railwayage.com",https://news.google.com/rss/articles/CBMixAFBVV95cUxPLWU4Qkhqck4yNlpZOUh4Tkk0SlpZM0ZPdnB3VUpJMXdMY2xSVnR6T3p4ckNXR05tWXZSS25zYzdhbnpYLVhRbWJZQjFMMFhiUjNFdVJIQ2R6dktZMjdLQnNxVkNUVy0zZk5pM29zQTBrbnJMa2VtUTQxZUg3LUg5VjQ2R1NaOHo3Q3NwdGVpRFNuQmVIRml4MEhBOHdvYmlxWjc2U2xnaFZoN21mWXh6Qk1iZFNUd0R6bXZzS0RBR2VGOWRf?oc=5,railwayage.com,2026-09-16,neutral
Washington Metropolitan Area Transit Authority,Transportation officials face pressure to get DC's transit system ready for the new RFK stadium site - wusa9.com,https://news.google.com/rss/articles/CBMiiwJBVV95cUxQRFg5OFV0NXczVXpfNDk1OWtHbHc2STd4YVZDa2xZVlZTa3RJU3hIN0FnVEhPa2lHbVpFRlFlTjliekVwMGltSV9ZdmItQkRYMFloLXNtSC1YaFI5aGx3OHhIbHVqQkdjcW5pTkxRMDlNZXBjQkFSTEktckFOeVMwYm1US2RyTVVCNnp6WlRjOEhNZm4yeW5SVmpFN3VVejZkZUJMODZ6YzZlWXpSZ29pd3B1dWRneG1aZl85YW51aFl3Nng0cEloVWs3dFNKZHFUOTJWQTA1OWVqZXFCUF81djlLcU9RNTUtMlBsU19vOEZ6cXJSY1BoN3M2bUtueXZncmxla05GNWt5QjA?oc=5,wusa9.com,2026-09-16,neutral
Washington Metropolitan Area Transit Authority,"Doors, barriers coming to Metrorail’s Red Line platforms - Washington Times",https://news.google.com/rss/articles/CBMiowFBVV95cUxQMFlaNDkyTnFzRUdpbzFYRGl5bDY5ZGd1VVkzMXF4OVlLSzBMU2syR0F6WGVadW1rejVwRW5Hb2U0NE1Sdlp2eEpnbXVyak5hQjJMbFkzQmoxWVFLSWZ5LWtlZXlXZEx6SnRBaEJSOVJOV0szM29maHpUNXNGRTcwNkhBeE9uSXNIS2VvZ05JZE1iSTRVOUtVaFd3NHctVHYtTldJ?oc=5,Washington Times,2026-09-16,neutral
Washington Metropolitan Area Transit Authority,Why is PETA suing DC Metro General Manager Randy Clarke? - wusa9.com,https://news.google.com/rss/articles/CBMiyAFBVV95cUxORFl2UW8xT0xBaGs2ZlNlNE13Z3hqRmdtZzdFdFhOeXhZREN1dkh0WlRCZE9yczUzNm1nRTVYTXJMTGh3SmRwNmd5blBNRF80VnZqOFh0aDdwbVpjYUk3cnBJcVo0UE5UTHNGRHI1ZXdwdUZ3blZScFBZZTZmQ2hoSWkwMWh0S004ZXdxdXJBQlZwY0U2eTIwR002RkVucjZ0WkFnZ3hpUWZFaFNRYUs5QW9yZ2toNFUwNk5TQUNaODRhcFN5X182cw?oc=5,wusa9.com,2026-09-16,negative
Washington Metropolitan Area Transit Authority,Olathe manufacturer will upgrade ticket terminals for D.C. metro system - The Business Journals,https://news.google.com/rss/articles/CBMiqAFBVV95cUxObmwxbXJLUUZqVklRdDBYcnJoLXNYdm9ZSjZHdDhSTVhicGlWNzdjUlM5QTA5R3Y0U1ZGZXNUb1JENGRsazVrUEJ2SUY1ZnBxc1haN2U1Y1o3SC1oX0dlNWxCMER0WFU1TU5wWDRkNTNwak1DdG5fZ2hfdTR3X2l0QVNIN0NSOHpQNlVrUXhrTzFkMm0zeGs5bTJKeEhDYXFkWVZMVnZuWWI?oc=5,The Business Journals,2026-09-16,neutral
Washington Metropolitan Area Transit Authority,Crowell & Moring Relocates D.C. Office to Newly Redeveloped Space In Penn Quarter - Crowell & Moring LLP,https://news.google.com/rss/articles/CBMixgFBVV95cUxNLTI1bzVOQlFlSk84YnJZR0JTVlVrY2ZZUnFUZU9OTmh5M0dScnRZTWFQbUwzeWVmX1AxNmJmaWdOZS1WTUl5N0hBT1Bnd0E2bEM5cy0wYnB0RmtwS1Atc09lcGFNN1ZYRk9IdXliS19xdjFaZm1RN1ZnOWR0am9pUEs2M0h6Z25Sem52VGtaTWFDMEJybmthRDcxaEtyVGxCX3VLeWtKSjRvUEVnS3dFcGU1MnRyeWNRUjY4WGFhOFIwLTdtd1E?oc=5,Crowell & Moring LLP,2026-09-16,neutral
Washington Metropolitan Area Transit Authority,"GU Expands Public Transit Partnership, Introduces Capitol Campus Programs - The Hoya",https://news.google.com/rss/articles/CBMinwFBVV95cUxNaUQ3Y2RONTZKMDU5UndkUXhiWUZoa2d3aE9yemdsck9DSzJzQnM5MS1FeUdXYUthYzdMcUI3ZGdMLXl5bHV3RGlSQ014bDFKaTh6ZEJaZTFFUDNkSzBFVmplYUl1dWsxNnJkUHh3bjJvUDVTcWtZN2NJTThUbU5LT1J2XzFVdG1HVFN0aUx4VE95ZWNMenRhYWNLaHBBWjg?oc=5,The Hoya,2026-09-16,neutral
Washington Metropolitan Area Transit Authority,Animal rights nonprofit group PETA sues DC Metro over refusal to run ads - washingtonexaminer.com,https://news.google.com/rss/articles/CBMiogFBVV95cUxQRUU0TW5PWXQ4S01PSTdNWGJRWjlOSzRKaXRqdkRnMzZ6X3hMN3Q2QWZhVDBTbzhGQUxvUG9qczNnT3BnTnRpSEhHVDBYLVdwT051MzcxVzBMbDlXSktEeFdhTS10dnVnUG1kR19nYk9sdTk2bkhrbkhIYTNLNWxSXzZ4aVFOUW90QVhWdEJlakk4M3B2bEtKT05YUmVaMXkzSEE?oc=5,washingtonexaminer.com,2026-09-16,neutral
Washington Metropolitan Area Transit Authority,Henderson v. WMATA: Court Evaluates Immunity in Assault Suit - Wansom AI,https://news.google.com/rss/articles/CBMiygFBVV95cUxNNm9qNGpqNXRyNlRFZ2dNVm04OTgzcDU1VnJXbm1RczBObmFKZEVxSGxIMkhISk1wczd4NXBWdFVuX1NrQ3puZzVwbUpjTkVyQmVCYnUxRHdfU3RCb0Q0VFJSZWxsdEk1R0RNbV9UUnNlNGdaM1FwdHNfclJTNU1CcjJ5RzRLQmF3d2dtRUJWYXdGaDhvUWtmeHc1YU50STJTbjItQUVlVHUwZ2hLUlA3akJ4aUY1OWZOdnVoTjVsQUxZSmJFMGFjT0p3?oc=5,Wansom AI,2026-09-16,negative
Washington Metropolitan Area Transit Authority,National Park Service announces plans to tear down this final piece of DC transit history - wusa9.com,https://news.google.com/rss/articles/CBMi2gFBVV95cUxPRXpSQ1Etci1ZaHpzNUJtRWVMMlJzczFHMUtzeFo4ZVJhcjI3M3NJUzhDTm5oQ2cyUTVobGkyNjVsbXYtWWxWRnlrSVNJaHFGNUlMN0NWNHNkd2FaTWVoWlNxN2lqT0V4cXI1NlVUUDdQeGFyeEFOY2lPdzgySEFfSDc5TTE1Vy1JaWUyN1V5MXVqSWNUbTN6eGRkMEJDRWRHMHdNei1ES2ZBX2lRTEdaOWdSaF84T19CYkFXUkFoRloycVdsUGl2elZNYXlrTFBGQUZuMFBVekdvUQ?oc=5,wusa9.com,2026-09-16,neutral
Washington Metropolitan Area Transit Authority,Stuffed frogs and more are flying off the shelves at Metro’s pop-up store - The Washington Post,https://news.google.com/rss/articles/CBMiowFBVV95cUxQUjNnYlBwdFM2dEpyRnJHdlpEV0wzcVh0WGVidXpiZnhFVXZPVDEtbVVkRkZuSGEtakRJejJUOUxJMXV0anFKeENTc1BYM0REcHJUdWlhcFVmcC1VSW1LX1NiZUlRVFNadXJ3XzZzSmF3cjZkb1F3MTIzZ3Ntc0xDQ2xHMFM3NnRZdHVzWEJyX01yYk0xVmFxOUhNUUZBaE5Lb2hv?oc=5,The Washington Post,2026-09-16,neutral
Washington Metropolitan Area Transit Authority,Crews clear tree over tracks impacting Metro service in Virginia - wusa9.com,https://news.google.com/rss/articles/CBMiwAFBVV95cUxNTGtybjIzb1ZGVWlVeXNvbVlMcWJ5bWxXaW5mczU0VHVteW1yZm9NdEIyaTVsS05Ea0IxQ1VXUlVyaGktbmF6aXlzaFprb29CUEhHemFGeVpTTGQwS2FPb2VCczhDZktzcmJoWXFPckxSRGRaRkU3d1UwZDJ1YXFGNG92eFM0TUEzbzloLTJuTThvS3pHTHZSd0JkUDYzdTBUT0YzN2dFX1FyZWx6WDJ1Zm8ySmFPZWZXZDNiUVdmNGY?oc=5,wusa9.com,2026-09-16,positive
Washington Metropolitan Area Transit Authority,Lawmakers weigh merging Northern Virginia transit agencies to cut costs - Virginia Mercury,https://news.google.com/rss/articles/CBMisAFBVV95cUxNV0dPaGV3Y2FpSzVoVkljWTNPTV8tYmE1WU9vMEZnRS0ySGJvVmJxM0JvVmk2Y0FWRnpxb0lTZ2ZvOVhaOTAxSUdUV1RnSjlNcnYwSERWNTZRNEstNElMOHhPX1FTcXFmS2daYlBHMkM4aFczYWhvRDBCUmh4WnhxS2YxUzJyNk1VSG9Way1IRXpLR1hKUW95d1JSbUtJdUd0ekZtQ2RMYmZ0WGhpenZldg?oc=5,Virginia Mercury,2026-09-16,negative
Washington Metropolitan Area Transit Authority,"Honoring the 2026 APTA Rail Safety, Security & Emergency Management Award Winners! - aptapassengertransport.com",https://news.google.com/rss/articles/CBMitAFBVV95cUxNTDU3R00yRWlZbDhiY1J0WUNzQVFveTRxeGtSdlU0Zk1MUXViSFp1N0NCQWoyWGYyMlJsYk96aWdGZGpHSzlCczU1akljMWdIMWp0OUxhbmZjdWRiNXZRd0hlQVZhdm5vYzUxMDdjWElONV9JeGZIdktORl9zSWQyX01YVEdQcmJWVHg5WjBCWU9zbnI3dkZ0aG5sOGVwX3Y2LXJWazNZdTYyQTZnZS1FUjRfNkc?oc=5,aptapassengertransport.com,2026-09-16,positive
Washington Metropolitan Area Transit Authority,"Red Line trains to single-track between Dupont Circle, Van Ness THIS weekend - WJLA",https://news.google.com/rss/articles/CBMipgFBVV95cUxQTDFWQ1BvbEs2SGJnY0wzMTRpN0Rhb2FKc3VJbk0wbmt5elp6VzI3Zk9tYXJaSlhGWlVMUXhfaHN2OTU5SGpzZUNkRVpoTkM4UWpNWXRLaFpyWFNZWUJwYmRYUHdTSC1ybTBGNmNEai1aMGlfS2FoellUWDIzMndEMGRuNndCd01VeVFvWW1mVmV2b2syVHJGMXR6VHVqcHl3alluYkdR?oc=5,WJLA,2026-09-16,neutral
