company,title,url,source,date,sentiment
Boston T,Congress Budgeted Billions for Big Transit Projects. Trump Isn’t Spending It. - The New York Times,https://news.google.com/rss/articles/CBMieEFVX3lxTE5STTQ2LWlvSlRoNWhSSFRTYVpvUWstb1ZfUVdWZXp5Vi0zNVRJbHlZM0I4SDJBYkdmNXdzNXh5NDVUWFVOTHBuMkIxeGhIbXNIX0oyUktUZVN6aDFFUFBlLWZCTU5lZzc5THgxN3doRXVHeVZmMTN0SA?oc=5,The New York Times,2026-08-07,neutral
Boston T,"Country singer RaeLynn files for divorce from Joshua Davis after 10 years, despite her past vow against it. - facebook.com",https://news.google.com/rss/articles/CBMi2wFBVV95cUxQd2lSNjNjYVp3OHJHY0ZSakZsXzZHQjY2S0Y1eDNwc0s0UkRpcVlWV0FFZk5Tby1YRHhSMXBEV3BLTjRPQmlBUE40amgweWNPb1I4XzNQclA3eVhreGI0Y1ZZN2ZyNWJ3Q3ItWEl5TXJPXzRhdUlrb29PMklmdVZrSk1nM2JOQUxTWG1kYlp2cUZYZXdzLWdmWGNQTEdaejdEck5acUwtRVFpRUU4TzZER2xwV18wZ1ZoZy1JMjZjSy1JWVJnSGVUeGpydU10X2FqeThaeTk4T0pEWU0?oc=5,facebook.com,2026-08-07,neutral
Boston T,Three MBTA bus routes to remain free through end of year - The Boston Globe,https://news.google.com/rss/articles/CBMikwFBVV95cUxQdklPRFYzXzJMQ2VpaVBmZjkzUGljQ0RmMjVXRHA4ZWM4Skc0XzBybDFDZjdZZ0lHZXZfeDFLeWZlUnFKRC11UGN5cDg0MjlsNXljVkdBUDJUNm5jVUJOeWlQYU5nTmdCUktQeGhNc0RBWkZlS0EzemxMMGtGalBTeG5oM3g1amNILWhUTEtsaG5wS00?oc=5,The Boston Globe,2026-08-07,positive
Boston T,Harvard Houses as T Stops - The Harvard Crimson,https://news.google.com/rss/articles/CBMifkFVX3lxTE5hczZCX2dFNFdwWllEYV9ma1lneFdUVVdfZmlxOXFDSjdRdWtZb3FhYWhaUzRmVjNQa0Jvb2VpLWpsWTB1TXZWQ0E5UFNvcUExODZRNFVjRjl4TE9tUWZWRHN2RG9naWxsUUt4NTF0R1hnV3NUdGFSMkQ5UTljQQ?oc=5,The Harvard Crimson,2026-08-07,negative
Boston T,"PREVIEW: Blue Jackets get right back at it, hosting Bruins - nhl.com",https://news.google.com/rss/articles/CBMimgFBVV95cUxQYS1CM0pZTjBNMHJKYkt3UE81WUpmZHdyLWZrOTBkQ2M4Vmg2cmlJeVhsVlRmb2diZGNheDd2TWhMLUlFYVlRY3JfeTJIbWpZbHQwdGt6dVZ3T3BjMWV3WDdacTdFS2YtVXM0bXFjX3dlWjRRV2ZoQkEtM3hNWUVldXp6alFpN1N5R3ZaQ0c4VklxN3JLSkdiQ1Jn?oc=5,nhl.com,2026-08-07,neutral
Boston T,LOC Boston T-03300-03379u - HistoryNet,https://news.google.com/rss/articles/CBMitgFBVV95cUxPTHd2WWtIVUhDQTYtc1l3NnZqRE5LQkNheEJON2drckVRSUo0R1hkSnVWODVBblVnWk1ZVEh6Ql9mSk5mQzI3XzhYRk0xX1dTTm9FRFpaOTdsMlIxazNSay13MGxEUHZwZHdWTUVWQlFLR05ndVBKdVN2bGVLaExaSXRjRVl2aE1sU25KbGtuZU5lMXd0TmVfNHBLdUJ1c3Q1WXFwZGV0N2lxbTJDemZzWTJXWWRGdw?oc=5,HistoryNet,2026-08-07,neutral
Boston T,Tartan Army toast Scotland’s World Cup return: ‘It’s a once-in-a-lifetime opportunity’ - The Guardian,https://news.google.com/rss/articles/CBMioAFBVV95cUxNdTRNckRqeFZOeTBsYTE5UUpQZEEyVkU1YnprRldadVhpc1BPckZqc0gzNUtHRGVJSjZIYkZEcEQ4N1VPQVB1NjZtcTR6Y18tempYb005YlRNbUQ5akRTSmpxS0pucmVDdmxqNHhaYWtnQjAxM3VjZ0xHWnp1Y0xfSF9sbVV2T0hZM1JLLVltVFdvZ0lacS1mS0VMUTM1TzRf?oc=5,The Guardian,2026-08-07,positive
Boston T,Scotland fans optimistic as they arrive in Boston for World Cup - London Evening Standard,https://news.google.com/rss/articles/CBMiggFBVV95cUxQMFU2dmhLSm53MDJsc2RUMU42SWNiWU1KTng2X3hGa2hWRDFUYTk4UXlua3RLRUpUUjZZeE8tbzNRaVhscGlXOXVrakJrZFk5REFRRXJLYk1CeVNGVnZPY0UtR05DbzJsZzFlUkl1eVVObDhHeGFRT0o4djNYTmplRHln?oc=5,London Evening Standard,2026-08-07,positive
Boston T,"For T riders, the shutdown fatigue is real - WGBH",https://news.google.com/rss/articles/CBMijAFBVV95cUxPX3c0d2tHUDFMdm1sT21kdnY3SUhULUctQ3BhWXpoZWhqZC13eGR0ZUNxWnZMQkZfNUdidmE1YzhCc0Z4Um4zU1VWbVJKakc0M2FudXlJcldkV0JraGd1a1NseG45MnpoWmtGZWdDSERZak51SXhNRUR1R2VYeWtlczhMNVdjWTcteW1XUQ?oc=5,WGBH,2026-08-07,negative
Boston T,"Here's why the T is so slow, according to a new report | Radio Boston - WBUR",https://news.google.com/rss/articles/CBMihAFBVV95cUxNaEhPT2Q1NUNtczlpeFFwRFJMd3A4WjI4dWhmdnBBX3NLWWZrR21UMG0wcEVENEZDWnhERGNwZS1ubzFjaDNRU0w3aFdCMXN0RTJuMlZqbUZxd3h1T3ZoVkdXVGl4RU1rd1JXVEVzeEJTaVhYTm15YjNOc2I2NEpyVE0xRms?oc=5,WBUR,2026-08-07,neutral
Boston T,T Riders Can Soon Tap to Pay for Bus and Subway Fares in Boston - PaymentsJournal,https://news.google.com/rss/articles/CBMinAFBVV95cUxQM0ZESDRXZXV6ZzlDZldKMnFIT2ZoOURIOVBld0dtN1QyWWt5VktndHpDcExTU0dLTGgyZkZ0VkNjMUY0dE5xQ3FOemFkaEpqei1IT0pUS2M3MVdqREJ4d0JiSUhjNkJJcDBtWmkxbzZ6OHpGYjFjekFmbmpkbHFRN2p5c2QxX0V5SER2WlNqX1VIVUVER3k3UFQtU1fSAaIBQVVfeXFMUE9ScEF0dEtPbjR5TFNEU0F4YmdPVU1zaExJemRtNUNiSmFCVnZkdmRXa1JYQUR2RHA4M1g2QXZGdmJRcXVLN25yZTNLWnN1UzRKMTM3N0RpcnFYTjVJc2FhcW9lMjBwdkhOUDlEbGlGRmRyQVFiTjhaLWxFSHFpMlU4U18xTU5HcmFTbUdkckRSNGU1eEhGbzItMzRMYmhlNW5B?oc=5,PaymentsJournal,2026-08-07,negative
Boston T,Getting Around Boston: Guide to Public Transportation - TripSavvy,https://news.google.com/rss/articles/CBMijwFBVV95cUxQY2g5NjdMWEd5RWJfQ2p5R2V0WnVWQWROU0piUFZrVVpJenJLLV9INFdEc0RFd3pLbWtpRmtJUGw4WkMtQklRUGVnelZYZkg1LUIyVXZWMU1xQ0RQYng2ZU5CTG5LVFNHWDQ3SGZMV2tSR3pJSjM3Wnd0UEFrQlhNVzhGQWtLU3d5bUl2UVgxZw?oc=5,TripSavvy,2026-08-07,neutral
Boston T,Tufts Celebrates Opening of New Green Line Station - Tufts Now,https://news.google.com/rss/articles/CBMieEFVX3lxTE9Dai1pdW9jdEE4bEpuVmJaQUlqek9jMVBHWi00MmRBT283bFdhalZRXzVpSGZKbEktMnZFOHRQZWpPNHAtWXBjWG00c3pMN0tJRVN4aERXT2lTamRlNTVYOFV6RDhYRU1aWWNJS3gxcGJKS21rSVplNw?oc=5,Tufts Now,2026-08-07,positive
Boston T,Unlicensed Corvette C8 Driver Blames ‘Wrong Turn’ After Getting Stuck On Train Tracks - Carscoops,https://news.google.com/rss/articles/CBMiugFBVV95cUxPN2Zid1hwelczdnNsQkdGLWhwNTNHeEpPUjM3TTRneTRMeFlhVTRaY3VFVnhMS0c0bnBEeld0LVZqOTFpWTZqSTBoY3B5UndmUkVxVTNWdXR4cTkzWjl2M0xrcjZpVF9GTVlFcDhKLUVOMWh3bVRKRGxxZk5yVkNVVjNCMEJFYmhfeU9wTnlSVy1oM3R5ZzNTVmlWNHNsem1RcGdyNHFRUlRIWExCYjlXTHM0a1JEaEFkc3c?oc=5,Carscoops,2026-08-07,negative
Boston T,MBTA forecasts warn of big budget deficits in coming years - The Boston Globe,https://news.google.com/rss/articles/CBMiiAFBVV95cUxONmtWRzQwcU93dENMdm5YVHhfYlNWMFdUMk80Qlg0YnplbzdUM3lyTnBRYlZBck91T3B3Ti1lclV2WS1JMDFFTmMwdzZfZFdpQXNKc2xfdkZ6NElHR0h5QVROaW0ycUZ3WGV5dmRmSWhyTWN6VlhzOXJlTGtLMXB4OC1SdFRieDdQ?oc=5,The Boston Globe,2026-08-07,negative
Boston T,"How Boston T riders, drivers and bikers get around the city - WBUR",https://news.google.com/rss/articles/CBMinAFBVV95cUxPLUFLa0pEQlpnUFBiRTBrSUN6cC1jb3Iwc2NwMDlQd2pYZXQ4dHhwdXlkVUVwNzRsZ0R1Vnh3MHlKLUV2NEJUY1Jack9GVWZRbkJVWEpFeS0wMHJVZlFtc0pVUmNMZFFTZXpTd1dfdzQzRHFjSWdEcU1aUnFaYk1UOWdTZkFnT0xSRDNtb2ZReG5pRzNhMkhyU2Z0MVY?oc=5,WBUR,2026-08-07,neutral
Boston T,"In Boston, All Aboard Googly-Eyed Trains (Published 2024) - The New York Times",https://news.google.com/rss/articles/CBMieEFVX3lxTE43XzlFV1dLcnhTYWxNSGJLTXZVWURHbDdpRHo4SWI3X0FiMEVZMElyZ0QzQVdoMU1WOTh5aU1GNklObmVnbXFPcXExcXpRLW9BRm10UWh1S3dtUjBDNDlVZUdmT1p2QTFtY2hQZUZUcjVtUHZ5Q0lRag?oc=5,The New York Times,2026-08-07,neutral
Boston T,How to Park on the Mass Pike and Take the T Into Boston - TripSavvy,https://news.google.com/rss/articles/CBMib0FVX3lxTE5SVVRXSjJBTXBTTEhEb3ZKZG10N0tPSEtBY3ZWSmlTUUkzMURfelRJaVhhdnUtUzZzVnVQT0t4TU4tbnhjMGI2QnBkRnd2QWt6VVVOR0lwWkxsTFZIT3lRMzhieTR0SjlaeExadVd5cw?oc=5,TripSavvy,2026-08-07,neutral
Boston T,"When the voice of the T officiates your wedding, you’re a transit superfan - The Boston Globe",https://news.google.com/rss/articles/CBMikAFBVV95cUxOdW5EQndPa3FZdnR0RVBWLUE4VUVyeHNkclp3eE8tRm9ESjRKR3Z0RmxuQVpBaHpvRC1FQmt3ZXdHNzh0TlQ1cndxalNtYVVhcHVHcnhsOGxKc25teTRXa1RaZlJMX0hTVndqQktyWVlRMmlPR1d3LXFkekxZcUdtb0RBWFdxaFdjRGZNcG5LT2Q?oc=5,The Boston Globe,2026-08-07,neutral
Boston T,Poll: Residents say MBTA is unsafe and service isn't great either - WBUR,https://news.google.com/rss/articles/CBMieEFVX3lxTFBKM2ZpbTNEczEzOFB6QmtfbDVlaHowWGlkSDNsU3BhWGJkT3pQOWp5cG5fTDJtMHlWcWtTdVdEX0Z4dXNwd3BiNHJ5MzdMQ2pNR2piWWFCV0J2UVdjeWZrS0V0UUdVYVRvU0Nham1OVE0wb19HQmJ0aw?oc=5,WBUR,2026-08-07,negative
Boston T,MBTA Green Line service at Union Square reopens ahead of schedule with all slow zones lifted - WBUR,https://news.google.com/rss/articles/CBMiigFBVV95cUxPUE9mSFFEeTRFcV9ZWHdoV3pUZ3kwOU9UVnRCYjMtYS03SEhVbi1UT2FrSTI2V1VpMTc5TGNPWF9JVmthM2ozRTJadDRzdHIzdk5YSXFrTWxNTXd5dmlpT0lxSDZjNjFiU3doVTV0czZvRS0tLWkwRHFxMF8wZHhIOXphYTNXQmY1M3c?oc=5,WBUR,2026-08-07,neutral
Boston T,Quality Comes with a Fare - city-journal.org,https://news.google.com/rss/articles/CBMib0FVX3lxTE1mNWxFT3ZmZVFvcF9XYXdIeFVuX1Z5aEJGMmo1eUotNmdtTk5yNjJsQmFOeFBEV2VvY09sSlVOdzR5OTVEektnMXVicjJ6aV85ZURiVzhmODRpaFY5MDVZdjFKblMwOWYxZDZ3NGRSNA?oc=5,city-journal.org,2026-08-07,neutral
Boston T,Get ready for a 9-day closure of the middle of the Red Line - WBUR,https://news.google.com/rss/articles/CBMilAFBVV95cUxOM25EZmtkNGtsVlpQQjFSWXVXaUlOcDNpVi1IbzdhVG1wSVhNZHVkMG53VzhuZUFGSFExRzQ2U0ZPdWFWS1FYZ2FnR0E2UzY2dlBjeDA1MkZWNFZ2Q0NVdEs0ZUtTQkxpMHJTcGwtSEVNN3lJS2dFZ2k2bDhoUFdLZVBZbHNfeXRsaW5vWTJWYXhmVl80?oc=5,WBUR,2026-08-07,positive
Boston T,"Changemaker: Catherine Gaggioli, Books on the T co-founder - thescopeboston.org",https://news.google.com/rss/articles/CBMiqgFBVV95cUxQakNVVWxJZUhlNnY0a19GaFIyVlczV3dPLWdwVDFMZ3B0WWVRUjFnb0sxTUtiell5cVR5WHdGQ3RveDZUbkNXNnZsT0VwVEt4QjdCMDRldmJGWVExdTFhZFYwclp6R0RkTW5hS1pEU3JZc0ZFYXpNdUxSMnB3NXB6RmxoVmtRQUI3cmdXQmhLLXJSV1FKczBnODl6TVA5R2wzRl9IdFFDWklYQQ?oc=5,thescopeboston.org,2026-08-07,neutral
Boston T,Coolest Boston T Stations for Kids - Mommy Poppins,https://news.google.com/rss/articles/CBMickFVX3lxTE9ITHN4RkFFODNJTWR6Z0FWRklkeGtyZ283emlNNlFMVmQtU0xOakpSQmZsMnhVM2pwSEJWbWVzd0tmXzlydVVkUEFRajNzRnVzSTVnWHVCMFlBSEFOdHRvbzNyTnVjb2k2MlFYejgyWTJMdw?oc=5,Mommy Poppins,2026-08-07,neutral
Boston T,"For the first time in decades, trains on the MBTA subway system hit 50 mph - WBUR",https://news.google.com/rss/articles/CBMiggFBVV95cUxQQ1BNZkJ1V3FNUUlEOTZTeDFvejdDazlaUFpKUEg1RmxEbjEyajJvU0JYLU95T1ZyMXBtS3R1VnVXY0JhOEdFNVg2cUZiUzNzOGFmM0hLSlctalpQYTk2akgzRGxGbS16by1vc2VOQ2JiakNzY3dYOUxfQ3ZvV2ZlemV3?oc=5,WBUR,2026-08-07,neutral
Boston T,Why Boston's Transit System Is the Best... but Still the Worst - Thrillist,https://news.google.com/rss/articles/CBMiiwFBVV95cUxQZEhsZ3Ezc1ZIVG40TFJseDhHWkVWN2dKWW5MVzhCUHFCN2VCcllrdUZmRkZ0clpheExaYWhRSTRIbUN0bUFnSnpQd05YNXhsaUk4TDA3VW12SnoxeUNTbnNkTVBpTWRxRHZUazJ1blU3RjRkOGxJZUJ1QzFqamEyWHBXWGxDSjFIQW5n?oc=5,Thrillist,2026-08-07,negative
Boston T,'No Kings' protest takes over Boston Common - MassLive,https://news.google.com/rss/articles/CBMib0FVX3lxTE1uOE9BLUxYYldoQnRodE5UVDl6dWwySnBxMjFNajNHQWh2ZFZNRzN0ckxScEViYWhSdW1VV1lhd1h3WldPNUVmNkR4enQ0QjRlVzlod2lobHFVRHRKUVAwT1VHUk1Talo2ZmRlNnR1QQ?oc=5,MassLive,2026-08-07,negative
Boston T,"I spent 4 years in the US, but now I live in the UK. Here are 6 reasons I have no regrets leaving. - Business Insider",https://news.google.com/rss/articles/CBMihAFBVV95cUxNazNoUWVOOWZva05UT3ZKNUdubGhaTzZWRVh2dXZXakE4bW1nZU5SeUFBdFpjblVpMGthbVVZa1pSUUZXS2F1UXM4bnFFRWdfWHZjdjJFNFpfREFsQkRsWEpoOUxyV25iQ255eEx1N0ZXLUN2OWdxaXByWjgzeFNSR0xJcUM?oc=5,Business Insider,2026-08-07,positive
Boston T,"Every T Line in Boston, Ranked From Worst to Most Acceptable (but Still Pretty Bad) - Thrillist",https://news.google.com/rss/articles/CBMinwFBVV95cUxQNHBkTzh0bzd3eGZOWXZ6RkFrOUJUMFFJR3ZqV2dFRG95X25tSEpMdWJnVTFjN1RQaldkZGN6TUxtR0kxV3BwZllGTW5CZjN2UmkySDFieUVxeTRFdXQ4UGxPeUlRSkFab1dXV2FBUnR1WEJKRnhQcHJkeUhEZnVpYlZoRXBMTmVLT1lTY3g5NkloSDM3blBTT0RyaFVUbkU?oc=5,Thrillist,2026-08-07,negative
Boston T,"‘West Roxberry,’ ‘Mission Hills,’ ‘Southy?’ Target T-shirts miss the mark - The Boston Globe",https://news.google.com/rss/articles/CBMi3AFBVV95cUxObFlLVHFRV1lnQzVDQWRPR183LXh4bDFrWWFwa2ZKenpRa0tZU2QtbDdmWDk3cGFZQXdnbER4R0xtRzk4M2c1bmhBU0tZTklUOFJsLWpUV1A3ZWJSX0RVUXNlZlk3b29rMEM5NnlnczdmM0VJbzVlY2dVOXV2NWFUNVZrbC1zUG1vRFpEZl9KLUNXMkkxNGNjSW1MNWZiVXZpdU1PTjg0NmNWb09seFcwZGx0VTNVQ0VqMDN6Y2FDc0UzbmFicm1RY1FrRVo3SjNkWUc4R1JFTndsaXds?oc=5,The Boston Globe,2026-08-07,negative
Boston T,Bridj Proposes Overnight Transit Option for Boston - Next City,https://news.google.com/rss/articles/CBMigAFBVV95cUxPX0x0ZGVyYjYwSHlVR2NXdElQWkxiUFFET2o1a0kwLU5KcC1YLUR2Vk1qdFNOaWxSTUpxaXdrdTVnVHg0U2VGVmgxUldabTNvOWhRcEliSTgxOE9KM2RreUZKdHduQlFaMXFoNUt2TDkxOWp0N0FKR2lkRG5YODFyMA?oc=5,Next City,2026-08-07,neutral
Boston T,This MBTA Map Tells You Which Are the Cheapest T Stops to Live By - Boston Magazine,https://news.google.com/rss/articles/CBMigAFBVV95cUxNcURVZmQxWVFhQ0N2Rm9WZVFkOE5tcjQ3ZkNhTHlVbEItTnBSUU1HVnl3Q0lfcndTY3Q2WVM3QU9TUi11R0hNTTVGSEtLWjNabUZXQ29UcGdCeEh3cnlzR0NacVN6YXpFeV95a0ljRzJuNktXcGREbmo3Nmh1SS1jVA?oc=5,Boston Magazine,2026-08-07,negative
Boston T,"New ceiling debris found on Boston T station floor wasn’t concrete, says MBTA - Boston.com",https://news.google.com/rss/articles/CBMinAFBVV95cUxPbThVeF9lMTF3UUg0TGdCWkFScXRWRkZUN2ppQTlscmZZOUFteEhUX2hmMDNkY2p3azlGMzlNbEc3RTRuQnZQcmhubGFYSXNTSU5hM0U4d0xocHhEQjM3cXJ2OURna0VzZ0pySEtwdzFFVnQ1bzMxbTdheWRsUFE0UGRCMm1RSTJCYVN3UHpKSTB0d2R2ZE5UbVlVd0k?oc=5,Boston.com,2026-08-07,neutral
Boston T,This Harbor-Front U.S. Destination Was Named The Best For Public Transit (It's Not The One You'd Expect) - islands.com,https://news.google.com/rss/articles/CBMikAFBVV95cUxQTnk2Q3hndWYwdDJhYmdxTVh6MjItTm9LV0h6LUV0eEpzb2kxMzBPTDR4cXlrYjBydWNfNExyS09FWkZTTTNtcG4ydkFrRFd6UUNGZGNxMm5yeDVTc2E4cEpuUVlmampSUnVRLUpaVm9Ra1RENjVnZlpySnNoX2hvVE1xV2RyWTh6WW9NMEVGOXE?oc=5,islands.com,2026-08-07,positive
Boston T,July 4 In Boston: T Is Free After 9:30 p.m. - Patch,https://news.google.com/rss/articles/CBMif0FVX3lxTFBMTjZ2X0dGMXNmMDZ4RDB3bEgwNm1NR1FhVnYzTGJkTzBRVmZFeDVLZkIyaEU2cFhiUUpUWFJfZlpzTTZJS0otUk43aVB0WlZfbnJWeFFQZlJJNUNwWHczb1Qxc3hPZ2MyaFpPaHJuTThQcHhQUlFKMjFrM1QwOGs?oc=5,Patch,2026-08-07,positive
Boston T,20 Things You Need to Know Before Moving to Boston - Sparefoot,https://news.google.com/rss/articles/CBMiiAFBVV95cUxPejlnR2VDUjcxc01rbDkwQW5tX28xZ1VLcTl2MmlFRXltcGQ0aEpPYzBySlhId1p1NGxBN1FOZi1fUkZIRFUwc0NKSjUwZnYwQzhQUDN4cmtzX0FNV19LbVhMZms2cEVqODIwck16WV9kcjh3M3lzc3VidUdpNDdwbTVsMVJuNGMw?oc=5,Sparefoot,2026-08-07,neutral
Boston T,Study suggests MBTA float ferry service expansion - Boston Herald,https://news.google.com/rss/articles/CBMilAFBVV95cUxQMjNWQnNJYWpFdXVOTDV6S0FKUm5tbnZmcU96LXdiSEJMa1I4N2hnWDJZU2xwa0VpQklXUnBzeFkxdlBsa2U3eEx1YllYUW9lUlJCQW9YSUU3c1R4WlVUd3VNQWZIVGtEOUJ6N2Y4WUhBMHI2Y0VRV2N1cGJJekQwN1Q2LWg4UnVvaWVaQnJzbTY5Ml9K?oc=5,Boston Herald,2026-08-07,neutral
Boston T,"Ten MBTA employees on leave amid criminal investigation at Cabot Yard in South Boston, T general manager says - The Boston Globe",https://news.google.com/rss/articles/CBMiiwFBVV95cUxPOGlVWjk1TldMSUZ4U2x2MmZJYmVlS2RNNVNtOU1nVXU2c0hlTVJTc3JqdmYzVmp0RlZTXzBnVVlzZm50bFU0RzhuYXYzNkdZdUlTaHFLWl9QR1RsS3g5ZDROa1RlUGQyczJqZXVVNnJXMFZNdlk5N2xnZHEtMEF1cHpDWkRrVDFtZzd3?oc=5,The Boston Globe,2026-08-07,negative
Boston T,"Study: Boston’s T system faces severe flood threat, and soon - Boston.com",https://news.google.com/rss/articles/CBMiswFBVV95cUxNQWZjanczaWQweUUyNTZKalFLNU81ZXdmeVRmLW02dV9nT1pZVGpjZ01SOWFPbmdwY29MbW1vOU5ZbzdiT1hYY1ozYmFVWkFuempNTnlHMkFZbERtTTZDeklhRnU5WHA2a2xsZDdtdmRDU0VHaTdYSFBVbmp3SklVTE4tWjZlMENpczloQlE0S05XMkhPT1hxbWE2c1ctWVM1LThvNDZNaWJIQ1AtRVFuZVh2SQ?oc=5,Boston.com,2026-08-07,negative
Boston T,Think you know the MBTA? This new game puts your T geography knowledge to the test. - The Boston Globe,https://news.google.com/rss/articles/CBMib0FVX3lxTE9SbHpHN2N3QXJTMDlVX0pHWTIxVEpoYUQ5ZkJZdF9LVEFNd1N2YzlMU1JaV3RTT1ZOa184NkZoUmo4V3ZXWjJKM2NVWkJkMUpWVlFDSjJaSk5INFlQd0M5NTdjcGx3ZjFoQUdPeDE4TQ?oc=5,The Boston Globe,2026-08-07,neutral
Boston T,Ben Affleck Rocks Beverly-Brewed 'Believe In Boston' Shirt With J-Lo - Patch,https://news.google.com/rss/articles/CBMinwFBVV95cUxPa0NkSGlXXzhJQThLNlRGRWYtc2FIdndWcXdYQ1Rac2FJZTNVYnN3MEp3U0FHSlRuR2EwZ1ZHTmI1Y1dwTDU2bUtvbXJiUTlUNTV3LUJNR2hpclNzZm1aRkpVNHZkblUtcHFPQ2FHNGhHaU13M2hNcklKNDZRaTF6cXo2N25jTVJuODBBbklhbkw0aWVtYThXMVJmdGpiNUU?oc=5,Patch,2026-08-07,neutral
Boston T,Boston “travel time” map shows the T in a new way - Greater Greater Washington,https://news.google.com/rss/articles/CBMigwFBVV95cUxOcXJCay1OeEtHYk5HeUZKUGdrWlhMYjFUSy1MMGxzSWhKWXc3TENJaHJYOExNM1R3UkZKY0c2UGVzMndpQm1UMDloUFNQYVZiZDhpd1daWEc1SnZmOHdqS1NSc19kNmtDWEFBdUNQNloxSFJtb2tFQmFhbzZpbUFvZ2JtTQ?oc=5,Greater Greater Washington,2026-08-07,positive
Boston T,Why do Celtics fans despise Kyrie Irving? The beef explained - NBC 5 Dallas-Fort Worth,https://news.google.com/rss/articles/CBMipgFBVV95cUxOUkxsZjBmaV9SNUNXX2dIR25ycmVOOXE3Mlh6RF9FenhuSjZ0V0I1WC15cXVwRksxT0p6TkQ5Wjc1VlJWNlpsZkpVcTBLSVphdERwYWF5SkVkMXItWU1uZXFlN1FMWXJmOFUxRFRfM3hrbGJ0bW5wUXZzYTczTTZ4eEFKTnpHUDk5ZzJuczJGczdHNlZJbWx6VjM1TTJZa2JJNnc0X3FR0gGuAUFVX3lxTE1NWUNVa0lvY3ZuQlllem91UzBBQVp1ZTE3VXA3UFJqWWQ4WktEdnhfdU15R3pfWDZ1dVNnSXpxLVFBeUZLUXdIeXl0dDBILURYMFRUODlFcG1IVGlleF9uLTZrVzJlUVBGN0NpVFM3THJTZ0hYM1NLWVF2NVJBTGJlb2RRUW5NbHlaYVE1dGZWTVhtRTIydElUam9tTU9FOXdvcW1RVXJQZU1wREI0Zw?oc=5,NBC 5 Dallas-Fort Worth,2026-08-07,negative
Boston T,Boston subway study finds no plague or anthrax — but plenty of other lifeforms - The Washington Post,https://news.google.com/rss/articles/CBMi2gFBVV95cUxQQ3NvelJ1bkdnNk1RLTg5VG9BUFNuYmROSkFEYUhfd1E0RlB6a3JsNzRvOTJ5Y1U5cnBDemJOWUNkNlJkTDNzR1lxQkFNVWdtQldKdFAyckxwT1J3OU0xYkQzcC04dHl6bGNCYnRtVThtMWpDVW1zMWZ4bzJtLU1QUlllWmlVcHk5d3dFVGpxV0s5dk5QWXBvZHRrMDlCb2VNSmVfMTBnNG5OSG9hZl9XZUYwZ2VRVmVCMUduVGZHMlRsb2xWaGdYdlVZTHA4NENGR1d0elhuSGktQQ?oc=5,The Washington Post,2026-08-07,negative
Boston T,Live next to an MBTA subway station? This map shows how your rent compares to others who live along the T - MassLive,https://news.google.com/rss/articles/CBMi4AFBVV95cUxQR2loLWs2MGxadG15SFl6Znk2bDZaUkNMU2VaNEFsdTZ1c29DSmVyTVRpSXZzc0c4M2lmdlRNd2ZWaFQ1MkxkWEkyRVpuMFEwaUQxZHZiUWlmSjdTMjFMaU1aaUl3dExNZzk3czdJcm9fTjlVT3dURVdOSV9ZSlVrbDhweFgweVFJU0JtREhteURGUkp2RjBIclNSSkEyX2dmb2pRbTdnSlhYUmw2bkU0MTZkcTFtQkIzSzRhLUE3LXIyYk1iVzF5QlFNWmt1T0l1U1Q1WnZuYVdjUnEwbFJXQdIB9AFBVV95cUxQVlhKY3BhTmhKMnEwTkNIRGFfMllSWFEyM0ZHMjl4Y3dtY0dCMGowUGpMT1pDSGtxaDhvMmQ5ejJsMXZBYlpyR1RPY0pxWVhsRGx5TGhmMENlOVZNSTFkZk1nbEUyeDBuRTFEd0NheG9PdlBndmJqUDkyR1dZa1pCMVNlRko4S3FUdVV1RWthb1NoMThkcWFNNXFWdV9qS2ZRLUtuZFpwOFJWOG5Vcko0aGFzZVdsMzZ3ckFLdnBZWmRmRWFZQVItWFR4UHg1SEhwX2czR1A5NUQyWVlPNm80Nm5RY18wYndlZURadTBuSnhyTnYy?oc=5,MassLive,2026-08-07,neutral
Boston T,This Interactive MBTA Map Shows the Average Rent for Each T Stop - Boston Magazine,https://news.google.com/rss/articles/CBMifkFVX3lxTE5qbVUybEVaM2tGMXJuSjNONW9uMl9mVE8zOWU2T1FmU3RpdUpqbEw1ei04MzdaN0lJeUN5MHRUNDREV3BLLTM4RzZhOVcyaHdqa1VaNGJGMUpNVkRzSkNHY2FnMlJSYUhzMS1UdHk5Tms2b3dWeVlLMVV0c19Cdw?oc=5,Boston Magazine,2026-08-07,negative
Boston T,This Tiny Boston Tunnel Is the Missing Piece to Finally Connect the Entire East Coast - Thrillist,https://news.google.com/rss/articles/CBMid0FVX3lxTE9jN1ZXRHlNWGhqSWwwcUNlazcxQlIxUmQzZ3BrQU1vRFZhbUt0elBvRm9RMlJ0TlpGdlE0Wll2UGRtZlBOZU5lUjNLOFBXQ21Yajl1VkItQUplWEs5Z1Q0M2lpVkhjUmZhMl9UN1pjY3l1UEdVcWlF?oc=5,Thrillist,2026-08-07,negative
Boston T,Orange Line Time Machine: The Don Bosco signs at Tufts - Universal Hub,https://news.google.com/rss/articles/CBMiigFBVV95cUxPSHJuQ0pmMlMzdWFodERQTmd1X2cxZWRnX0xFb2Z6QVpTS1lxT0x4RENwRDJlZjl2MU1iUTZBMUNadjd5N0QzaTNoQmIxM2dDSkdsSU4xYTczUEYyMGE0d0ZkTnBvakNLal9DeEN1T0JSMFdFbXdRd0ZTZjRYbEZodGE2QU5jSktRUGc?oc=5,Universal Hub,2026-08-07,neutral
Boston T,"Best Boston Celtics holiday gifts: Celtics jerseys, t-shirts and more - Celtics Wire",https://news.google.com/rss/articles/CBMi1wFBVV95cUxNdlIxdW9zVXliczF0TmZOU0JTWVpnbHVWQVhOSGgwOVBTd3EwXzFFUk81WXQ0QWRWbU8xU3FidjZKbUloUU9uR1NrQnI0cFA1b1ZzNnU0REZudVk0ZFlGUzdEVFg3RlFVemVGQjZsMENZX2NxNjFZVEF1UERRXy1mNVRTdFVxQjY1aGE3dWgzUDQzNDNONlFzLS0zcVVERDROQ3BrV1EtNzVKcmJCTlRYNWxmdkI2QWp0Z2JnX0t4Zl9ITm1Ub3lrVXl0aXlKb3N5b09pRkRQNA?oc=5,Celtics Wire,2026-08-07,positive
CTA,"Chicago crime: Police searching for suspect in attack on CTA Blue Line train near Congress, Pulaski in West Garfield Park - ABC7 Chicago",https://news.google.com/rss/articles/CBMi1wFBVV95cUxQTFN5M3lsUG12Ql9UaHVSVi1WRkJHUi1Cem5QeExROGpiSU9oWHdCUGtrdkJrTEoyZ3RLYmotRk5faUw5am5XTEthamZZQnpqN000SmtkX0UzQ281X1lLX0VsZ3VaTEY1eHNGVWhObVNmNHJSeFdWNlFSVS1HdGo4WTcyTGEwZGR3R2dWVjZwaGZtMXE2MkZRcDg5QXlYMkp6N19YZkszeGdOMzVWcUdKcDVhX2FXU3dpNm4wVWkwSEVlYVY4UkJ3blJKNGJ3Rnh6QlZXSE0yc9IB3AFBVV95cUxNYVF5MFRtTGpTaWk5a3JESGs3Q0VQWjFzV2VrWVhURDN6VFBFQUFtQV96OWlCWUtMODFiOWJSdzhXTEI0elNHZWRldTM3YzVkRFItaHJzazYxcnB4Q1VJcDhTb2VCSWZxZzI0SFB3Rm5fNW9ZTTJQQWZOeks2ZzZUMHU0TUxkcFgyOGhzeHQ1QUlOTWtzd3JUTEdJSy1BeWNWRHhETGV1Z2Fod1FMXzdldFdld2pFblczZm9PM0RMRVNjaklYU0p6Tk1GNW5SYTdCbjdEeTlQWmR5NHpJ?oc=5,ABC7 Chicago,2026-08-07,negative
CTA,Chicago Nurse Sues CTA-Hired Security Firms After Fare Jumper Left Her With A Broken Leg - Block Club Chicago,https://news.google.com/rss/articles/CBMiwwFBVV95cUxPQUlNcV9LZG5lUmd6aXVnY2JvY0xqVjNTWExfQWJPd3J6c1dwMmVTU19rWFVLTjhDOTJKVGY4MUZJWEdwUkVtbkRrVkJaQlItVXo1ZFhsQ2JqX1JLT1dmRXBBU1JSUDVOelVLbk11T3F4RWRkZ2kzN1gxSzdKc2xkTklMbUM2TFRWa0EzaHNiX1MzQ2FVY0tfVmJCWUo0T3o0VkFvYUFfRXhCV1JuckR3d1NwSmRhbDlIQk92c1gybE5Sdk0?oc=5,Block Club Chicago,2026-08-07,negative
CTA,Nurse suing private security companies after CTA fare jumper knocked her down at 95th Street Red Line terminal - CBS News,https://news.google.com/rss/articles/CBMirgFBVV95cUxPeGxUbV9ZdnFZU2pmc1Z1VUd5QkJhdkozd3RiTlFBTnFMQlNLOHlkLV9rUjktM3hwYWhFRzdKTG03WVBFUXZkd3NDWlZfbTQ5dnpEVW91TDJXNUVhcnhrdm5YSDBGeHdlbFRqd3B0bkVSeENvY0o5bXBHUWxFU0QwVF81UFdmcTVXcmp0eTJQaFctMUNPa0lsYjJTRmZtdl9NMF9uWnNFRkpaTDZhNFE?oc=5,CBS News,2026-08-07,neutral
CTA,"Video shows alleged CTA fare jumper knocking down woman as security guards stand nearby, lawsuit claims - yahoo.com",https://news.google.com/rss/articles/CBMiigFBVV95cUxOZkVMSDJGdGxQeWZGdUlwbGlfQkpiSnpiNFJlSUdBaGVIRFU1T3dwM1hYeXJZaFFHUnJwcUxtekFNc1JQdVhnOWJIdmFzMFJOZXFmdjZULUxKLWxHVk1MeUZJeWhaaXFOaVhaU3NhU19TSHFzeWYzNmZrTGo1dDVycmVMdTRxVU5SVEE?oc=5,yahoo.com,2026-08-07,neutral
CTA,"Man with 30 arrests robbed woman on CTA, then walked into Taco Bell where she works: prosecutors - CWB Chicago",https://news.google.com/rss/articles/CBMiygFBVV95cUxOODNIelNEdkRhWFpfbTB0UndIUF9HVlQxUUJadm1sb1VQOUJyRXE0eVA5VllkWm5xSW5LcG9wSEt2Rlg1bUhpYkRKMDJFOTVnbHE3dVpVQk0zcW9BaWxTUmVWbl8zMWIxaDlBMlllaGg4ak5yUEpQUEZGWVF1UGZETXc0VHlQTXdycjE1cWNhdm85bmVNWFVrMFlHbG1HZFM0ZzZ1TmVPSEVpRGxfUWNEZFFzOVNIRjdDdF9aY0RVU3BpZU52NUVfc2VB?oc=5,CWB Chicago,2026-08-07,negative
CTA,Community alert issued after passenger punched in face on CTA Blue Line train - NBC 5 Chicago,https://news.google.com/rss/articles/CBMiwgFBVV95cUxPMTF1TkE2TEpGcE85M1FDaktMWGlIbmdYVkJ3ZzFKZUhXVW9WQzR6OW9ydElFemlJdXM0dkl0UC1FX1QzU3F2aEl2S3FaS1hpZ1lKYlhhTHFjaGdGSG9seDJqS25FOGJyWXhiV19USGhBQ0UyREEyb21ONEhVbEhSSGNteWcyc1oyX3ZUMG94amdydTFqN2FscjI4TzhiN2xEeHcyclJHTlNQRnlVSkpzcDFQVVBrdC1saERDTWZvOWFGQdIBygFBVV95cUxQbVBpXy1OWVJjaW00bWdXemVoRnZVUVlzZHdHRFM1Vjh2aVRTYXNoQjVKNWlWVVhjNnZxLXRMaXkzamlZRVVhb0RpeW04YVN3RDhSWlhyZkFsejNtSGxOdThzcU85UFBCbE93cEotd0xsUmI2QjRkWFJWdVRBVjNDWlVBMHpPNWRqb185anM2a1hjb0tEVnhyYlpTZ3ZheFNBU0tpVHUxNDdWN0lKLWdTV2hPbDNhazBDUV91dkJnTmNiOGMzZGx6Q1Zn?oc=5,NBC 5 Chicago,2026-08-07,positive
CTA,Video shows alleged CTA fare jumper knocking down woman as security guards stand nearby: lawsuit - FOX 32 Chicago,https://news.google.com/rss/articles/CBMiZkFVX3lxTE5kcWF4Tk4wU013T1RqaGV1SjYwbmhMRnE4SGMwZlJqLXFVbGk0cDFXVVdJcmQxNUFKbG01eUZSeU1SN09SVk1LMkRSQlptWnpsbnJhbHF6ZFJSSDMzUWZFVk5GMnEyUdIBa0FVX3lxTE0za0Vrb1lGXzkwVXB6UXFweFUtMGF5NW9NeUdTbUJCTjFsaDlmZG1XbkdfTkMtSC12bTFMSWQwQVV3WTlicVYtNURqb2xRZmptWHJXeXo0ZVpGc3h6alBaUllxZ3JSclcwQTU4?oc=5,FOX 32 Chicago,2026-08-07,neutral
CTA,Video shows alleged CTA fare jumper knocking down woman as security guards stand nearby: lawsuit - FOX 32 Chicago,https://news.google.com/rss/articles/CBMilAFBVV95cUxOcUhHUi1ISXI3eDYxR2U5T1VfLWhUS2ttYnBjb2hYSnBhY0w3MDUtZkhsZkZiaGtFdGYyNXd3LUYzTWtPcUNKczUwTHJsNHBWa3hmaTBWRzdBb1czd2ZQZUJsajM1T0FJbFpSNVR1RzZsVDNSejMycWg2dEFjRVhjdml3MG4ycXdHZG1XQ3E1b1lBQjZi0gGaAUFVX3lxTE5sWWxRWlRYV2tVQ0lUbWJsVEZFYURiTzVTbjNvbmZ1Wi1FU2xiQlk4eURDQ0UyM2czc3JTWm5DeDZfX29JYVNxYjhmelR1TERNaVBRdVVZcE9PTlpGOWxyckE3RG9oVm9YMmZ1Z1ZWLUxFWUlwb2lxREZ6V21EY1VKS0o2Wk44VWxxcWYzN0NVVTBlVzN0d25qLUE?oc=5,FOX 32 Chicago,2026-08-07,neutral
CTA,"U.S. Corporate Tax Transparency Bill Reintroduced, FinCEN Hearing Foregrounds CTA Rollback - Just the FACTs 8/6/26 - The FACT Coalition",https://news.google.com/rss/articles/CBMiYEFVX3lxTFBIY0Y5M2pJVHBZREpBblBOaFpFQ1dnN0FlcTc0NXRzbnRLUVhtMDViQUxDZmJGN05OeVNlNmVWT2s3WG5NWmNDbGEtYUdiVVpVUlIzaThhcFd0UFFXVDBUbA?oc=5,The FACT Coalition,2026-08-07,neutral
CTA,Police release photos of man wanted in CTA Blue Line battery - CBS News,https://news.google.com/rss/articles/CBMiiAFBVV95cUxQX0JkOGh4aFNjNzdwQUpERGpMVGJ3LTlLRWlFM19YT2FpNFFITUhYU3JKY0VBYVhLRjlFQ2FJUUNyLUpFSFJqR0lWRkd2Mi1tRmN4c0xESE9kbFlzLVVLWmdzREVkQkE3RUlNTk1ZWTFObE55UDEzZ3JsZng0cms1aFZmcVdDMEE4?oc=5,CBS News,2026-08-07,neutral
CTA,TrackTex Deployed to Rehabilitate CTA’s Spaulding Avenue Crossing - Railway-News,https://news.google.com/rss/articles/CBMiowFBVV95cUxNY3hlQkg1aVFsNmx3RjByMW01TlFtNS1MMFhMNW85MXVxSXIxdjRTOUZvU1ZnREdHdXhsdFZGbWt1b0VzTUNCSXg4V3BrOXJ1MHZvc3FNTFRreDFMUUMzRERreHVlQ0NhaFUtY1pOOHdRb04xdGdIMXFJR2NsbDd2REE2NWdPSU9fd3IxNjVKb2QzaDBkR251U1F6MTkwMWlzWTZJ?oc=5,Railway-News,2026-08-07,neutral
CTA,CTA Innovation Studio Announces New Challenge to Test Faregate Technology - Press Releases - News - CTA,https://news.google.com/rss/articles/CBMiqAFBVV95cUxNajNhZDE4TXVTT0dLVlFIWmg1OUZZWmI3YTg0dEkyNzl4UGlfa3l4eWpHV0FrQlItYjlSaWp1NjFtUHVFdE8zYVhVUld3UUc0U25oR1hJQWsxTlVyU1NPYlRicm9qRFBRQThjWDctbE0xM21oLXo1T0dkT3NlckcxenhUUnNNODBmMTVnYk9rZGd1UHVqVU1femF6OEZ6SkJ4dlZoVUlXUHE?oc=5,CTA,2026-08-07,positive
CTA,Early CTA leads to improved stroke outcomes for patients with BCVI - AuntMinnie,https://news.google.com/rss/articles/CBMiwgFBVV95cUxNQVVrcENCTExDRHh2eVU3c1QyaUNUSTl0RmF4UDFYSVRwQl9qRWZxLXg0R0IxeDVnRE9lRVNTaUxnMU8zMVhSQjdteTFpOU9JUG41UG1iN0d0dGZnQ3Joc2l4bk4ySy0wa0stc2dTQTIyQjl0UDBST1F1RVJqTlBndGlZLWpBWjBnRG9YVUEwR050Y3FzcEROU1M3cUpmZndpTDlvVEladnZqZjFqbUJuQnlFM1pxSTJDVG0yTl90WjZ0dw?oc=5,AuntMinnie,2026-08-07,positive
CTA,"CTA Takes the Wheel; Riders to See New Buses, Tech - tuscolatoday.com",https://news.google.com/rss/articles/CBMizAFBVV95cUxQbDF4X1o1eWpSdy1yY2tWdlpsS2dfZTJ6TkVsSDRnbGF0VnlwOUtmWDZCbkRoN3dNaGREV2p4cmNnalM5aHRIU3kzWWhoUDlRQ0FUUmhJYktpT0tjUnFJcFZHdmZjVzFlX3dnUWd5UjBmbFNIMWZrSnR0RTFCTmdLTEFIZ0NVX2JUa2FuYkZwNElYUmFLeDBKSlVMdU5qTWtoTTBfVWwyR1dMVVdSUGpNTG1Od0ZncFdrRDE2cmFWMVdYSjF5MzAzM3U3ZC0?oc=5,tuscolatoday.com,2026-08-07,neutral
CTA,"Silver Surges Over 8% in a Week, Triggering CTA Signals; Goldman Warns Short Squeeze May Just Be Starting - finance.biggo.com",https://news.google.com/rss/articles/CBMidkFVX3lxTE4wWWliSmRENE1HOHJlM25ocFc4Y2xDanlXSExMdzB3MTM2QUNSc2tVOGFUUVF4dFM2WHJlSDhJRG0yZmgwRGtacHF6aEtLWTl0dDNsTDVFYjAxWF9EZEtpVzU0dm1DTmpXOEdYTS1hZGdEci1pUXc?oc=5,finance.biggo.com,2026-08-07,negative
CTA,"Closure continues on 3 elevated CTA Loop stations this weekend, Chicago Department of Transportation says - ABC7 Chicago",https://news.google.com/rss/articles/CBMi0AFBVV95cUxNbE0tY0lidG1xTFEyb1lKWEN3MWU4LW1YTXkzWVg3YUJwdzFPWS1Kb3FjMWgySG1UekFUdU9wdVNOSkhBR1JTN2o1TGJ4czZoSlRUek5UN2xBRWpiWHY4Z3d0d2VFMWRHWUh6MnJzOTdNMDlXc3Vuc3NqcWxMYkdmRVIybnhBMjZTdUd2b2JNVmhCX3ZMRTlhd3B0aFMyNC1KX1ZQNWozM1Z6TWRabHR6bVgzd0FPdkFTV0lVUzA0bzlJTlJreGkzdFRGbGQxMW9U0gHWAUFVX3lxTE92WXg5Z25kei00dDZYZnRLV3RzU0RVM1FhTktrQmEybnQwVnlma1gzYWZoTlpGSDQwOGhBWmtSTUg2NDhpWkltVTJSSXNoOFlOYlV4cjNRNHE4cUY5SFVya3kycEMwa0oxQjRkMGp2emR0RGxWdjhINFVmNnJfMmRVbTBYZHFQUTBqYVdzNFJoc2JYRmVQTzFBLWJueldFM1FtZ0Z2d2Q1cVI5cXZlRVhvSVBBS0dOQzZucEY0R003ODNKMVFQT1JBdDZVT2k1azBFdkhXd3c?oc=5,ABC7 Chicago,2026-08-07,neutral
CTA,"CTA crime: New campaign aims to deter violence on buses, trains - FOX 32 Chicago",https://news.google.com/rss/articles/CBMihgFBVV95cUxQQU82MUF6NWJka09Pc3JjZi1lbm40ck1PVnBESFpnTlV1UUFnZDlJbTh3SnFQTGFMUXBySlR3bUF2U0VRY3IxN2Rmbk1JYXZNNERXLUhQU2NKWTI1WEsxTjNJN1FKSFpqTEtKa1NkOWJhc3V1ei1pZUQzUERTWTIwTVYyQjZXUdIBiwFBVV95cUxNMXl4dDNFMEYyTG84V1RZWWViNlNNdGJmamJEUWdvSm5XMXFTcHZETzh2ZU1wTG10d3gzbGZqNS1kTVpGNTBJdGM5Z3J5dmZVYTJGeWxzRWg3M0RfcmxiZEFOMF9sVy0zMVplN2U3ekxjN1htb2t1bnFPeTAtdGRrZVNsNzVyVV9xemNJ?oc=5,FOX 32 Chicago,2026-08-07,negative
CTA,"‘Expected increase' of passengers on Metra, CTA for Lollapalooza; big crowds likely - NBC 5 Chicago",https://news.google.com/rss/articles/CBMiywFBVV95cUxQUHp0SFVKemVzQzhpeV80c2N0S0N2M1RFbDNZUFh0MzY5dFFJNTRQN1E0d0l1N1FLSWFPby1EQkJ0N0xVcUZQOF94N3pnNWtTbFdsVjM5cG5JcjQzUGtlSDYyazQzdFpwRk9OdFVrVFV4MDQzWjdDakF6Z21hQVVDclFlQk0xVnZseWxyTFQ0Z0ZuajBtOTNFZ1hlaTZqYkhGSnNsa0NVT2oxWmlVcnZheUx3bndVN29maG9GUFFOMWxXVzFJTTlfM09xTdIB0wFBVV95cUxPaGNxaFhSZWFmcERZNldKZTJfQVo1SEdTWHdZTHJ1Z1FKaVJnVko0LWpxQm1lYWRtZnZ4cmg2anZ6NHJhTTlhdTdCNDZjMFdZalZxZi1zeFJRUjhuaHBvbnpxdG81bFhnRklUU01qMG1BbzdLc2FIMEhONHdQRmZOOXF5aDNDMS0tMjhXOE8tc0V4Z2hDakRCNkZlZGZERnYyNlRIRURLMG9YTm5NMmQybzYzLWx2ajIwUzN2NERtSUU4UGpvSUxIYkFzZDI5Tnl3ZmRr?oc=5,NBC 5 Chicago,2026-08-07,positive
CTA,"New signs intended to deter crime to be posted on CTA buses, trains - CBS News",https://news.google.com/rss/articles/CBMiggFBVV95cUxONmV6RTV2WldwUGt6RTBDNGJyLTF6MjBQVnlMZzJFMU8wdjBNQjhOT1ZKTDlHNXZMZDZYTUoyN1YwTTcyS1F4RXdyWm1pWlJoOFY2SVFBUVFpRldhREZYMXFsUVduR1VESVVKT2ZuVTI2LTNaalZ5TEhWYVlkS3NfZVlB?oc=5,CBS News,2026-08-07,negative
CTA,"Metra, CTA trains impacted by Chicago-area in severe weather outbreak - NBC 5 Chicago",https://news.google.com/rss/articles/CBMipgFBVV95cUxNWU5WNFplUUZWYlY1OTZVVXJUOS00RFZ1THU5Y042MlEzQk9GUGZDVEdWeEl2RkN4NV9sOW10TVdmNmdIYUpMODktOXJBTGZNZHNPdzByYlEwZ1VjUGliRjNSZ1BjUG9JSzY0QnpWVDh2TW56ZjdxSTk3eDllc0FaWUFCdzgtY3NhcFI2UDhteEN1azZWUldjUDZRM1pDLWxUeVI5NjdR0gGuAUFVX3lxTE5kcFphTTJSVVZmY1haalp5OXh5YnhWcGZGcGhJeG1rZm9QdkNZTzBuVk1QUGZpWDhyRlktWEZvYzliVE9KSHdRTlFBV3kyT1ZlTmsxMnVSRWh3NndCRndzTEJDQUxmRzl6b2Q3em1sSldHeW5pQlpfN080WkVMWWxaWDZfeGRiWjNZZ01vWmhVTjJFUlQxODdwdk5jTG45TTBDUkV0bDlkRXNFVzNyQQ?oc=5,NBC 5 Chicago,2026-08-07,negative
CTA,"Chicago mayoral candidate Joe Holberg calls for balanced budget, safer CTA - CBS News",https://news.google.com/rss/articles/CBMigAFBVV95cUxPdlFpWW9UdERVRVRvQ09nTjRGT0wxWENnVTRtQ1FZUXo2dy1lN3ZKRzJkenBqbktSNE0zd0N5ZGhSUGdIS254cDEwXzcydmxHclhFbXEtQXZ6akhiQzRWSEszZUM0d0t6T0QwNG8xZmhaZzh1bS1iUlJaUUZ4cEtWNw?oc=5,CBS News,2026-08-07,positive
CTA,Private security companies sued after fare dodger knocks woman down at CTA station - CBS News,https://news.google.com/rss/articles/CBMivgFBVV95cUxPRUhFblpLR0pkWnE0QjJmc1hpVkdpUks2SW41QWlwM0dLLTczM2lGWWdrb19CSUFQQmRqZS1UR01aRWxfcEU5VnowUDN4bks1WjNHNEUzU3k1eFV5Zkw5T0hfdGFsc2ExYk5maDZSalU2N1RwVlM2LXFxbkN3eVZZVVBUc1ZYOXVJTUhEVkJBT0NXeW42RmVKdkhsQUxCOENtMXlGVWlwYVhMVG9SN2tzaVpJZ1MzWU9PRVkxOWh3?oc=5,CBS News,2026-08-07,positive
CTA,Debris on tracks snags multiple CTA train lines amid storms - CBS News,https://news.google.com/rss/articles/CBMimgFBVV95cUxPdnBwczF3cWFGZUlqOHJfX3l1S1A4MUlqcExtU2E3Q0VfUWludTRBQXhxcm1USWZIc2NVMDFmNHRua2d0QmhKZGJ1VDZ0akprakhhYWhneWZoUUo5emNIQjJ4X1ppcVdvMEVwV0E1RGFsU2tYQ0Y5LV9hbGdwbkpzLWx1MGkwcjhtWnFDSGZfa3BnMzN1VmtCQ0RR?oc=5,CBS News,2026-08-07,neutral
CTA,CTA signs not good strategy in fighting crime - The Beverly Review,https://news.google.com/rss/articles/CBMiqAFBVV95cUxPSF9kdHpJN192LThXOUdpR0NkamJVcGM4VXBnU1R2SHFfaVhLcWlIaGtDbXJkZ3NtV1NwT0pWbkFESTdoLTV2YVVRT3U0Y0tyak5rcE9SXzVqaVJkR0hkMjkwd1EwbEF1dEpzVWZEYU9Qa3k1Z1kxRmdKbXZpRVVCdEpUNHl6WUVVRk1JUU1WMVRuaTRoc0N2RmZKXzhpWENhN0VNTExKRVQ?oc=5,The Beverly Review,2026-08-07,negative
CTA,Center for Theatre Arts begins fall enrollment in Salina - Salina Post,https://news.google.com/rss/articles/CBMic0FVX3lxTE5ISF8yQl8wUEdTbW5GcFgyRGYwRnRfRDJxc2xnS21oNVRDci1UZEdLVGZ3UGpFT3dFNnJTYXphb2FxZTg5LWtIaEJHdkZlRnNvQUNxcEVaaUlsQm50YzZadDVzSU5zUnJPVE5LRmRKcHRRdk0?oc=5,Salina Post,2026-08-07,neutral
CTA,Travel Advisory: Temporary Weekend Reroutes of Certain Loop Elevated Lines Due to State/Lake Station Reconstruction Work - City of Chicago (.gov),https://news.google.com/rss/articles/CBMi6gFBVV95cUxQT01vR2NDQVZLWEdqV1RDYVRNQ0U5TWtLN0VHMW1oSjVxZUk5bGdPVEFqakNZTWxUZmlBYU5QV2l3cDU3VlVGaDRob3dDZGtybnQ3WjVtbE1US1N6VU9CeEFXNDhuRWZhRnZiYmpQLUpBVUVfTXcxNW9lY21JZkowUHNwZkloT0gyaUVOSlh6ZTZjbE5jY0N1VjdCbnpoQmF0d0Vjc0VhclUtY1l1SFQ3a1ZXQzFaa0FIczUzYk42ckhzWndUMVU4aGVxaE9PbkhJRGYzd1RuMExkUkdTNmtXNjYxZHUzZDhMYVE?oc=5,City of Chicago (.gov),2026-08-07,positive
CTA,"Chicago CTA construction: Agency marks increase in Red Line riders, major update on State/Lake Station project - ABC7 Chicago",https://news.google.com/rss/articles/CBMi1wFBVV95cUxNY3k4R2ZjbWUxQUpUWTA4aHB1UEYxZVRaS1hUMUUxV0xLZEE4TVVvbVZMQ3hPQUFYd29XWDdmS2hGNUdLRmk3V0RlVF95T0pwR25qcHlrMFpCRWd4TDFOMFV1UFBfOHBwekFlM0tXOEpXOUcxQ0oybkdlUjBobURmV1hIbVdjWWh2TlNiSkk4WmpSMzhFSTgtQkIwQl9UZjZMWjJjMVFuN2JlSlZuV0lxMXhhNU1XUENlODhEdjRBQk8wbUZwQXVxTFBLSkkwcWFUWm1MckpBY9IB3AFBVV95cUxOTlN5Wjh5djZPMGNYN1QzaHFmNHhLbEdYRjNpR1BsaGVtTlREQkE1VGdrVTNLVHBobVlzdzdWMFp1SkxCSExqNE5ndmJYS3dvMlB5N29WVEJ3LWhFczlvWTZBQnZZMVFBUGVkaXZ6UlNWQmtwMDlweHdSS2l2d3AwRUgwS01yTDhSVnJyVVNYRkgxWUdveWNNQnhxSlFYTXh4b2JNNzdhMGwyR1RJNEFjOUhwak9IM3lIWWZQS0xZZWlaU0hqU3JmdHZwVXRrWjhuTkdtdEtMRmNUUXZt?oc=5,ABC7 Chicago,2026-08-07,positive
CTA,"Sales tax increase to pay for CTA, Metra, Pace problems - Illinois Policy",https://news.google.com/rss/articles/CBMijgFBVV95cUxOTUNWa1JDaHk2eWU4THZZRjV1dFpaLXdhelNFLWJPRXdvdUREYUVZNjd0M2ZNUHNCaFo5aGttd0dEcXpOWHBkdXZ3X2tDMmRtcWRWM2Ewamx1ZUVETm1ZWDRUWHNkcW82b3BQTkRURXJDWkdTRXZqMzY5MXo0RkdwWm9adndBcEU5S0ZtQU5R?oc=5,Illinois Policy,2026-08-07,negative
CTA,Our Union Wins Paid Pregnancy Leave for Educators - California Teachers Association,https://news.google.com/rss/articles/CBMijAFBVV95cUxPOHJBZ2o2WkNkYUtiQ2RUcGQwbVQ1b0RpdG82OE05dmFNRlR6c05PQjRVOFNpbm9xU2RMeTU4dHZsdmU0Mkd6NzF0OWVsck5MUVljRWttU2JtR2ZxVnJyWXQ0QWhrbFB1c212U3BIQUxNb0VRMmR2dG9oSnRDN3JpZndpUURaVWZHVHU5Ug?oc=5,California Teachers Association,2026-08-07,positive
CTA,Mozambique: CTA delegation visits Halliburton in Houston to explore local supplier opportunities - CLUB OF MOZAMBIQUE,https://news.google.com/rss/articles/CBMiygFBVV95cUxNTDdvU1FLc3JFRkc1eGxVZ0dHa1lUeFhRb3lDNnlYTTdUeks4dFl3U1B2cUZrOFdINmN5N3N6VVZkM0tEVFpfZG5fNHBoV0FycjhOb2RxTGItMmlXdUpJSFhMSXJEZ3NyT0RfSzBlc2M5eFhmdmNYWVlvaWc0ZWlueXU5OUYzbXJRb2dyMnRPU3lkckZGZF9Kc0hlRXJBbnc5YlQ1ZkMyNEVxUVl4NGJYUWdTT3U0cHN5Q2U0bnhQYkNfZ3BjTEZpcWtR?oc=5,CLUB OF MOZAMBIQUE,2026-08-07,positive
CTA,Mozambique’s CTA signs strategic MoU with Texas-Africa Chamber of Commerce - CLUB OF MOZAMBIQUE,https://news.google.com/rss/articles/CBMirAFBVV95cUxNNi1ZSUluRFNpWnpNNW1LZkVTZjRnSmhlWGVuV19nWThFakhPR21zakszU3lGa1l0UDY0TmVHQmpzN2VkeV9zNVFKbk84RWFWcXZadFdBOE5fa283d20wRW9qSWRPZ29BZmtyaEsxcHZtQkFJNmxjRmJMVThNZDRwMHg2TTIzWDVtY1ZERXBUcVN2WnZfQ1pueWtiZnBVbHhpZ0dKSndwRXBQR2Jr?oc=5,CLUB OF MOZAMBIQUE,2026-08-07,neutral
CTA,Depend on CTA to Get You to All the Independence Day Celebrations; Holiday Service Schedule in Effect July 3 to July 5 - Press Releases - News - CTA,https://news.google.com/rss/articles/CBMi4wFBVV95cUxOVTgtYjNyVHFRWXJoT2lDSi1jc2x3SUw0VFVLaGpKbVpRaHVXOXVxVWlSeGthV1M1d3F0M0R6aVRrT09iX1o1ajA5WFkzakVCSUxSdlRNY0lianhzVjkyUnRUMFRLNnRDQ0NKVlZLX3Y3YWFCNGpKWlQ3cUR6ZnFmRThhZXVKTWNxMzczTGUtYVo5NkZpd2s4RFZxeUlCNlhfZkVVRFhxR1VmSHYyR25uMmpYbk5SQWE5SnQ3YUJuaVJXNmhLdjIxTTlKRUd4Q0Z2QWdLOUIzbWlwaE1UY2x3dm5RVQ?oc=5,CTA,2026-08-07,positive
CTA,"Elevated CTA ""L"" stops in Loop rerouted for track work - CBS News",https://news.google.com/rss/articles/CBMifEFVX3lxTFBUZkNmRDhseldNbktPbFNJQkxpbTB0YTRDZHNqM0lPWU0wVDBMRklvdmc3WnhrYm9QeldQX0EtNTB0M1RvWlZlcWJTWWlGU2RWOGFpYmJBUFZPeEpfWVZUMGR5LTJPVk9qTmQxcTNrRDB4WTFrOC1hUGNqWmQ?oc=5,CBS News,2026-08-07,negative
CTA,Combating fare evasion could help lagging CTA ridership - Illinois Policy,https://news.google.com/rss/articles/CBMikAFBVV95cUxQVmlnNzEtcnhmcV9MY2ZOMU9FRDBRZjN4b1ZQcmRuTXFGcEZfaFNLYjBrcUZuamgxYnJWQWRQWm16VmI0cGJDd0ZnclA0MkFmOVVYcklqRmFDS2hZZjd4ejRjb2dfTGJFY0dhZ2JXbDZtQXNJVC10UmM4cU5Sd1o0bzcwMjlxYm8xdFBpbUY4MWc?oc=5,Illinois Policy,2026-08-07,neutral
CTA,Pretty Cool Ice Cream and Chicago Transit Authority Partner on New CTA Line-Themed Giveback Pops for National Ice Cream Month - CTA,https://news.google.com/rss/articles/CBMi7gFBVV95cUxQRzJraW5qaXVQRGRaUWh1UFNBYy1GMHhvYnowakt2bTBycXJjeFR6dElxUlBDbWpWU1ZVcXhuRU1uMmR3eVRhM3FqNnNWd3NuMmZqQUExSWwzUzctbk9nMVBHLVh5dXVrU3BKUlpSR29mdzZ3eUw2ZnozaV9seURRY1JnZUxHRnQzalQ2aVhfM2tmZDgxWWlyNlEtREp2UVBqS1g3aDRSb3Jwb3FlWTZOMnNXZnA1WlN4TVdzcWIzQnNQNm1hb3lFWkI1WHQteVA1SVNNd2hUdjVJamR4SDlfVGs1SzEwRUQ4a29yV3Fn?oc=5,CTA,2026-08-07,positive
CTA,CTA fare gates could look like New York's and San Francisco's - Axios,https://news.google.com/rss/articles/CBMitwFBVV95cUxQN2VhSU9JSHJneUJvMnM4MjJfR1M5Z1cwT1NGZW5RSzdHQUp0SEFhZW9RWU5UaDMybGhQMGdBZzJpUkhmbVhGaV9abW9HU3lSQXExc0djcmQxTl9selNtSDJXbkVHWGIxNThBWXpiM2RHWUs3SGVxbXpFQmlrMFhLWFZCanYtS1hHQUJBa0tRN2RWaGhjZXEtWFloLVVQbDZfQTV1TnBwOUpscTR6ZEdJbEd0d3V0YWs?oc=5,Axios,2026-08-07,positive
CTA,"CTA, IDOT sign off on design prep for long-awaited Blue Line improvements - Forest Park Review",https://news.google.com/rss/articles/CBMiakFVX3lxTE1Wd0F4YU9KN0J6THVoZElWUWg4VTZrUWIxNF84OU1YTHhZTjhlWVZwREZYMWVqaDBVY0k3VFRpbUtjbzR6SDRBRjZCMUk2bXF0eF9WRWZOS2haN2VBUVJoLTY4dUNXLWI1N3c?oc=5,Forest Park Review,2026-08-07,positive
CTA,"SEPTA, CTA report drops in system crime as agencies fortify security efforts - masstransitmag.com",https://news.google.com/rss/articles/CBMi0gFBVV95cUxOOGYyc19xZmVHdldXVUppR0RWbXJnbk9iX3NJZTJfOEV5azlLY1RIM19nU2FPcEo3Wk1lM2l4SXVKeEJYS3k4OURVXzVuaDVLdTNjYXJqUXRtaFNjb2s2NllaM0lvN1Z4Q2k5N3BoMWhtNU94ck5VUFEzaHVLZDJqc3RWNDFIRjJ5ZG5nanR0a2dzZ3JTVm8wUWpqalN0V2xYZFRveHA4Z3RON19mck1rUWNnUW5aZTl3Zmt2LUdlS3BSUTlvdGVzMjl6MmJTNTh5Ync?oc=5,masstransitmag.com,2026-08-07,negative
CTA,CTA looks for new gates to help deter fare evasion - Chicago Tribune,https://news.google.com/rss/articles/CBMic0FVX3lxTFA5eWpPMG5CY3pJMlpsQjJ4QnVJME92VDE2T3hna01IMVJaZnVUNVVqZm9MRnM4V2kzQTZhWFk3bEYyRXNvVEdqaVVIQlk2c3VvRm13SEN0YjZVaHdjS3FuQ1Z4aHNIYTA3ckFDVXFfSDZGWDA?oc=5,Chicago Tribune,2026-08-07,positive
CTA,"After pushback from advocates and alders, Council OKs CTA Chair Barclay for new NITA, CTA boards in close vote - Streetsblog Chicago",https://news.google.com/rss/articles/CBMitAFBVV95cUxNeGU2MTBxSmVSTzZqUmMyWVpMek9VZ2hnR3FQU0lXMVM0WGs2b3N5ZElQNVZBdjFvbHJnREVDTl8tNGdOYldJbm96TE5ITU5XUzZBdlVuVXkzYW1xcUFZdi1qQnN4djliTTh3SnFlUFltMV85cEhHcm9DamJJVWpOOGVBUVRvTlFRMmFqUkRZWnFGYWZpMEhIWUxacFdObUNESmxWZk5kT0VJS2lINTR4T2lXblQ?oc=5,Streetsblog Chicago,2026-08-07,neutral
CTA,Letters: Putrid smell at a Loop station is an example of the problems that plague the CTA - Chicago Tribune,https://news.google.com/rss/articles/CBMifEFVX3lxTFBPeGJadVl6enhTRkJSaFpIMDhrcW16YVhEdm90Y29LekIzZkRrbUF1QXh2bW5NS001dWp5VnBCaU4zaEh5MnU5aXBiYlRMdmM5cU81NGY4d3Q0Wi1uX2J2OUYwVlhUUlZ3a0F4WExQclJGTGllcjYwTWlmaHQ?oc=5,Chicago Tribune,2026-08-07,negative
CTA,"Illinois lawmaker, police officer says CTA anti-violence signs not enough - CWB Chicago",https://news.google.com/rss/articles/CBMirAFBVV95cUxOWGVDRnptN1dsaHJsU1pBR3FnRF85ZkV0M3RPT2k0Qk9mQ3NGbGJMeFE2ZGdCU0kwa2M0LWpPYzBpV2VxR3NjR3NQcTZCQmFXcnZ2Tk1ndEZWZFdTLXNEQTZCczRoVXlwbHd3VDdtVVljYmdpUDBKaGJEUS1xeTk4eG1hcXhjNGczbG1fQ29rLWxlOVNicUREQVo1TXhvNUEyMUtXSVNuT0xETkhU?oc=5,CWB Chicago,2026-08-07,neutral
CTA,"3 CTA bus passengers injured in West Town hit-and-run, Chicago police say - ABC7 Chicago",https://news.google.com/rss/articles/CBMipwFBVV95cUxNS3Y4SDdwOEN0LUN6c25XMmEzNDhBaGRUX2lFbVR0cjYzc1VTMTJJX0NLNjlQd19kNEk1NlVEdDhIUEtzRmMxZTNJWG1WQjl2Skx4c1RFeG1oS0Jkdko5eUdsNnR2bXJncGM4VXljSEcySkpYVmRSbE1BRlg2S1MyVjRpQ2pSRVNGcTJqa2V3OFBUSXNGdG1OR2pVZi1XSTlPYXNncUc2b9IBrAFBVV95cUxOWlNpdUE4MDM5SW5wSU1BcjRxV2d4anV4MUtvQUlPTHV0YXhTVnBXcFZraEY0bVFyREtwUVI4cU96cDBkZW1sYTE0YzhWNDRjU2JYT0FmOEF0YXk1WVNSQm9Gd3hYRndRbjg4YW9RWTJ3U2hEdmtmR3NQa09yLUViblo0QW5YSHp2SHBNOU0xMzZKdjVJNm1mZ25hVkpDa3U2dmZjWVVPMHNQQ2E0?oc=5,ABC7 Chicago,2026-08-07,negative
CTA,The West Side caught the train: Inside the viral CTA experience bringing Chicago together - Austin Weekly News,https://news.google.com/rss/articles/CBMimwFBVV95cUxOZlktY2M1YURaVjlhRG1EVVFlbl9XM1A5S0YxdUI0aV9XWUloZ0dycmVXN1VsRGN1YXE1dzFfT3pUZXhPeEpDd0sxcy1pQXo2YkV1eXV4UG5qaHZqamxEUjFMZm8zOUVDYmVtd2dHWTdYUHlUVUxReHdnQ2VRNkotbjE1SGZEczZEYV9kOWJ3ZlJSdFQ5R0ZfQVNBWQ?oc=5,Austin Weekly News,2026-08-07,neutral
CTA,"CTA board approved deal with IDOT to fix Blue Line slow zones, and an increase in bus lane enforcement cameras. - Streetsblog Chicago",https://news.google.com/rss/articles/CBMiugFBVV95cUxON2w1ZnRDXzFfclpDMFFMSHkwOVQyVmhYS1ZDRXJjWlM0cEtuRXNqYnhFdy1BSGtTWHRrdWNKV1Z4S0ppTktDM2t5SDNVTEkwMndhY3ZZVFQxNVQyZVpTQlo0U2lfNV9FQVBoRFVlRHJMNTMyNXZtSllnbGJaYmVUSURnYWZEUkhaYzMyZEM5TmNCenA2T1I4MWUzM1pmSHpQYUstOExhWkkyVC1nU1hrTl94WUVKTS1lRGc?oc=5,Streetsblog Chicago,2026-08-07,positive
CTA,"CTA says crime is down throughout the system, but many riders still don't feel safe - CBS News",https://news.google.com/rss/articles/CBMihgFBVV95cUxNdDVHMlgxazFvbm91OUI3WnpyeWNSbUZkdm9aTjNuQ1ZqUlRMWXdkaTBQQXREQ0VHM2NUMWRBOFJsMEJSUEFoWVppQm1POVFsMjQ1dzI0WXJTenRCZGZTREVsTUpGb0xpOWxRaGw2ZzlySGxLazlTcnh4MWhacHY3NURTQkpIdw?oc=5,CBS News,2026-08-07,negative
CTA,CTA Trains are being rerouted in the Loop this weekend—here’s how it’ll impact your plans - Secret Chicago,https://news.google.com/rss/articles/CBMifEFVX3lxTE0wa0R3LVBfTXM3eXNDU2VHNm8yLWRqUkZEckZVX09JMUhPcVJ2WDdBaE0weEhzd19oODVnbjZYNmRscmxRcVdncTZWR014T24yMzI1d1ZKUVd2MTdqT09zX2doaS1haWkwNTd5emlwX0swbllTbHpqcjJROEY?oc=5,Secret Chicago,2026-08-07,neutral
CTA,Suspect sought in CTA train robbery in Greater Grand Crossing - CBS News,https://news.google.com/rss/articles/CBMimAFBVV95cUxNNWlKNHVoMTBlTUtKaVB4V18zYlhSV05aOEFndV9kXzZxUmZqRDRYZTBpWUJGbEY4ckxQaExOZk1ZMUUxNkRobVJIREg4aU1IaWx6NW9KQzFSUHduWEpCdXNJaXEtWjNjYzFBX0JmUlNZNk9zZkhMd1RWMFNQYk9sZ2NDWTN2bUc3dXJxeWZmQmNOZXhkU1lTVw?oc=5,CBS News,2026-08-07,positive
CTA,"CTA seeks upgraded fare gate, fare collection tech through Innovation Studio - masstransitmag.com",https://news.google.com/rss/articles/CBMi8wFBVV95cUxNWUR5QUNUNThDcWRhSGZvYW1lRG5zcE11Y1pOS2R3MTFISFZ3VExzSnZnSGpkbXRuNjlRbFRualQ3Wm1oMjFKc3U4UUlOYVNlX08xdEVhVGZ1LXp2YXp5cUNuT3N1QnFCQXlvM1Q1M2JsaDRsTEwxVkgzdW5mS1JOeGVZUkFFWkYxLW9ZUHBrXzItN0tRUFFBYjJ2R2ZFVW15S0dzc05GVGtHamQzWjR1TktRSDNKbUtIUTd6cXp1LUhBVVdOZmVQLTk5cF9MTjFaZnVlY0MyektmZU5lSzFDOHgxaGVKdE9XWFdPa3oxU0RzTWs?oc=5,masstransitmag.com,2026-08-07,positive
CTA,"CTA secures funding for West Side transit improvement design, construction - masstransitmag.com",https://news.google.com/rss/articles/CBMi8AFBVV95cUxQZHJ4aXZ5clc5bVFJYmdxUkNldDFxdXFyaEQ1RE9tQVZCY25WWFprWW9iWkkyS24xRElRT0JxR3ZvM1JSMHJpb25zYlFrWjdpS1hGSFBOYUZkOGljYXpoTm1ER2Z0dXZjMGJ6VGhGOGx0a1BxTlp2QWxrbk1Dc1FRaVVyZzFMaHA1ZUlySXVlNFNNdVFKNUQ0ck85aGgxYXlNQ1dXdC0zajRrWGd6MlY0RC12a1ZYbXhtd2J3b2otakNoejdfaXZYbTV6alcxUmNobnRkQTRjRkFUNUZMLUNTNVFzdm9WWE1aTjE1TGo3bVo?oc=5,masstransitmag.com,2026-08-07,positive
Chicago Transit Authority,Chicago RTA releases study laying foundation for coordinated regional transit service - masstransitmag.com,https://news.google.com/rss/articles/CBMiiwJBVV95cUxQOS00TERaMlp0RXVaalcyLW5saVF2cXJTTVppVDBMVmNpWDhUMFNJWVY3U24wUkZ0X2xjbF9pQ2FPeHRnc1RKVmdmZFk0enBoZDBVR2psUEpINTZod0JUc2hPdDRFOUlwUDktOEVnQ0hXYzFZdTlYWEJqUmRGcW51TTFLYUhjaWhqMjY3Z0U5TEV3b25vRWRfX3U2NF8zUUpPTzB2TkUxRE1lQ3FEMFdHdVFRODliSjdQWXFVS3JBajJYTkdhc1p1TlhCUnF4aXFFZDhuMUVsaHI5V25VMWZiMFNJN1hwVHg0LThyUVdBa1k3LUI1Zk9vVk5NT0hfUlJhclRON2NibFJCV00?oc=5,masstransitmag.com,2026-08-07,neutral
Chicago Transit Authority,"CTA Submits Enhanced Security Plan to FTA, System Policing Hours to Increase by 75 Percent - CTA",https://news.google.com/rss/articles/CBMivgFBVV95cUxNaFJHbUVwQmdtMnAydzBMNlBRalhYV2hHOF9yYTVWWGxUTUM1MjZqVnV4MWlkQUJzYUw3M0VESEYxbGxDVUNlRWFqVDVxc2ZOMmlxY3FVZnUzMlFBVjBvaG1vbXM4RVJPVlFwX204YWpGTTh1cDBMZFg3U216am9FUGkwRkE4MVcwLTRmRVNqRnpDbF9QM3B6V1RiSHVZaDV2TjlJalI4M29ReGp4WUVSbnFHYlNPVEo5bTV1N1Vn?oc=5,CTA,2026-08-07,positive
Chicago Transit Authority,"New signs intended to deter crime to be posted on CTA buses, trains - CBS News",https://news.google.com/rss/articles/CBMiggFBVV95cUxONmV6RTV2WldwUGt6RTBDNGJyLTF6MjBQVnlMZzJFMU8wdjBNQjhOT1ZKTDlHNXZMZDZYTUoyN1YwTTcyS1F4RXdyWm1pWlJoOFY2SVFBUVFpRldhREZYMXFsUVduR1VESVVKT2ZuVTI2LTNaalZ5TEhWYVlkS3NfZVlB?oc=5,CBS News,2026-08-07,negative
Chicago Transit Authority,Combating fare evasion could help lagging CTA ridership - Illinois Policy,https://news.google.com/rss/articles/CBMikAFBVV95cUxQVmlnNzEtcnhmcV9MY2ZOMU9FRDBRZjN4b1ZQcmRuTXFGcEZfaFNLYjBrcUZuamgxYnJWQWRQWm16VmI0cGJDd0ZnclA0MkFmOVVYcklqRmFDS2hZZjd4ejRjb2dfTGJFY0dhZ2JXbDZtQXNJVC10UmM4cU5Sd1o0bzcwMjlxYm8xdFBpbUY4MWc?oc=5,Illinois Policy,2026-08-07,neutral
Chicago Transit Authority,Inside CTA's transit crackdown on crime and fare evasion - FOX 32 Chicago,https://news.google.com/rss/articles/CBMiuwFBVV95cUxNSmNfOU9mRlM1LWdBWGhXczRKUC1QazZIZkpsNnZvNS1BenFOc1hFY09ieWdzNUh1OGtGd204bFd3Y3NTNlpYOXNOQzFnYzJVRnBOZ2FYUkhRV0RiWkRzN2U3bGh5Q2sxLUZUWFktTzNRRC1VTjF0bDJ1TWZ3SE5pSThwUUpsZzlTaWVzZ3hFcW9YR1p2TXBIZlJhTUptZmZYaG1rV3RtYnlYQUNNODV1TkdDbHpKZVZFRGFF0gHAAUFVX3lxTFAtSllCQmROTmc4T0ZEc1JDNHpUTDVScU0zSXNXM3NhWWxPcDdwNFpGNndKd1g4Q1pGQ0tMbTk4Xy1NMl9PbHR6Z1ZlNHYzTzZxZGdPanVtams0dUtycWp6a0hQUDg1eWJJLTRqVjFyYWJfek9IZlhWZmh5anp3U01VeV9MYWsxVmRvZGlfdG10N1E4OE9IcXVWelJidzU4aDVNTGJmV3JURGV3cE9xZTJ1Vk9wa3BreTA3cEdHZTFUUg?oc=5,FOX 32 Chicago,2026-08-07,negative
Chicago Transit Authority,"CPS Employee Accused of Double-Dipping Through Dual Employment Scheme Now Works for CTA, Records Show - WTTW",https://news.google.com/rss/articles/CBMivgFBVV95cUxOeUFkN0pPTWdfOWxTYVItOHdYUTIzSldUR09Yc01Rd2ZUSmE0U2tOMXdGbVdQMFU2OGdoUS04OVMzeTZMU3R4cENGdG5HbVJyQ0NCZl93M2pZV19oWjhnNnBYRGdPb0hGUFhYQWlGQlQ0VTBiUW1EUEp1UU9scC1Xa094clBsYTZYZmVGVHJWMVdTeU1kNlRUdnRETWkxLVdQVkZjdy04VW1nUWl2QWlyclJUcEU4TE1ndjF1Z0t3?oc=5,WTTW,2026-08-07,negative
Chicago Transit Authority,Chicago Transit Authority sues to restore billions in federal funding - Politico,https://news.google.com/rss/articles/CBMilgFBVV95cUxOZFN2bnY2bTJOT1NLVFV5UEtqR19QMWZfNnh0N0xuMzlPVTZBY01sOEtoc2lhYmF6YnpNUVZZUlNpdW54aGdQTTBBdE1oa0tHWm1mTFI3dlkzWVFoV2laLS1LN09naHRTRzNmUmwwWXBGSTFQT1BHb3IxN0ZENG1TdG1SNEJoY1p0UExPLUxOODZndDJVZGc?oc=5,Politico,2026-08-07,positive
Chicago Transit Authority,Chicago Transit Authority Sues Federal Government Over Paused Red Line Extension and Red & Purple Modernization Project Funding - Press Releases - News - CTA,https://news.google.com/rss/articles/CBMi7wFBVV95cUxNcDlGdXY3M0lZUGVvOE4yUW1FOXczTURfRXFBLW16SVBFc29Nb0R1NWJqRklyYm51Q3dQalFwa3UtMlZxTGU1U2tDZVROWTYwX0J4a25rb0FKUWpwQ2k4Zjd0RnRtQzUxMjh3SHJXN2VjYWZWc25TNFZlWlh1SG9ZYWxxT2JOZlNvODdKYjF4UXB6cmtwUjZKWjNDdnVyTWV1WmNEa2RjV1RyaWgzQXlQSzlSZUpNeGtxclZLcnlWVkphdUdJZkYyVXBNY0VybjVvamVDT2hDVDFMYzJjTlUtaVpOMnY5MXREa3lydFUxbw?oc=5,CTA,2026-08-07,neutral
Chicago Transit Authority,"CTA secures funding for West Side transit improvement design, construction - masstransitmag.com",https://news.google.com/rss/articles/CBMi8AFBVV95cUxQZHJ4aXZ5clc5bVFJYmdxUkNldDFxdXFyaEQ1RE9tQVZCY25WWFprWW9iWkkyS24xRElRT0JxR3ZvM1JSMHJpb25zYlFrWjdpS1hGSFBOYUZkOGljYXpoTm1ER2Z0dXZjMGJ6VGhGOGx0a1BxTlp2QWxrbk1Dc1FRaVVyZzFMaHA1ZUlySXVlNFNNdVFKNUQ0ck85aGgxYXlNQ1dXdC0zajRrWGd6MlY0RC12a1ZYbXhtd2J3b2otakNoejdfaXZYbTV6alcxUmNobnRkQTRjRkFUNUZMLUNTNVFzdm9WWE1aTjE1TGo3bVo?oc=5,masstransitmag.com,2026-08-07,positive
Chicago Transit Authority,"Advocate says Northern Illinois Transit Authority Act, now in effect, will improve transit around Chicago area - CBS News",https://news.google.com/rss/articles/CBMilgFBVV95cUxOWGdMS1pNVmtDQ0cyS3ZSSjFCa1hzM1JTeHE1a1RRMlAxWGFjalcwTU1HZlZ0LXJ4WmsxYjA1MGEzcTBLM216cmV0TGVrU3FUY3BteEV2VnIzcGpvVGk2YVc2NnI5OHd6a0VHaHZuZEszRnBhUUtfN2RiM2NqNGRJSjZnRjFWeTBtYy00WGhoczR1aDgyOWc?oc=5,CBS News,2026-08-07,positive
Chicago Transit Authority,"CTA Leaders Tout Ridership Gains, Lower Crime Rates on System - WTTW",https://news.google.com/rss/articles/CBMilAFBVV95cUxOdDg1QnNBX1VvZHAtNEtVbVp1WGZvOExNbUFyYkIxTVpELWo4UXRjelJvVngzaEVESDZzSGxENTNPXzVLdUlMUGZBN3N4LUVYMzA0NlFZUGdEeno1VUVYdXVDNzdvVGpHSnBqRXZ5eldPcjFmNW5zZ0J6Y1hsMnFwbk5uRjRKdU9CZUpVSng2dFU0dzVC?oc=5,WTTW,2026-08-07,negative
Chicago Transit Authority,Cook County State’s Attorney Launches Regional Transit Task Force to Enhance Public Safety - CTA,https://news.google.com/rss/articles/CBMivwFBVV95cUxPRjE3TzRtOVRSNE9oT0YtSjA2S3pXT19oLWtHV2JDejRCZVFjV2lMQzB5MG8wdUwyLW9FYTVmZHpRT1NuMEhwZklUYU5ramZfQTlES01FU29ianRLLWozM1Y1OTc5dkFhZ0xGemRjX19LYU95ZXRlcDB6Q3FadWltb2FjQTNFSV9ONHdEMGFPOTNFa2RYR0FudWNPMzNGYk15d1RRTHlBSzhPUXpGaFF1b1NmQ2JJVXlYeFg4RU03SQ?oc=5,CTA,2026-08-07,positive
Chicago Transit Authority,Elevated Chicago Expands “Elevating Culture Near Transit” Initiative with Three New Grants and Historic Partnership with CTA - CTA,https://news.google.com/rss/articles/CBMi6wFBVV95cUxQSW53TjNNdzRRamNrTlA4T2EydWpocnVnNjVwVkYxV1k3RHU2RWp5VTlEMHZsSlBkSVpuU2laV3BVUmZaS2ctN2J5WC1ZbHQxT2hsQm9VdTBVQkRSN3QwTFNuOHJYTUdpZnNkRzJJYktrWV9QRFZseHV6V2tyYl9ZZEpKRm5kdTdiSWZ6UDc3bmFmeGpwUi1JMGg2SEJ4OUlVaTV2YW84QVliaVNuQ1lybi1WeXExSjhjZ3k3bVNRdmN1RDlycUN6d2ZzR2hjb1NXM3hZODkwOUtRYmc3NnZZZU1GUVdMQ2YtcGFJ?oc=5,CTA,2026-08-07,positive
Chicago Transit Authority,Take CTA to Your Holiday Celebrations - Press Releases - News - CTA,https://news.google.com/rss/articles/CBMiekFVX3lxTFBvZ0JMTU0yeVl0ZnkxeHAycjRpVjZFajNYeDBGcUFsWWdvNW05S0NCV2hPMTVSQjdxX1ZKeUY2OVMtLV9WR0h1SmRTN1o3N25NdEZRWUpSR3hhbHJ2S0pmTzdRQ05PVGpRMnJuVmF0RjkzNGxoY1JfbGlR?oc=5,CTA,2026-08-07,positive
Chicago Transit Authority,Mayor Johnson and CTA Celebrate Investments in Welcoming Spaces Across Chicago’s Transit System - CTA,https://news.google.com/rss/articles/CBMixgFBVV95cUxPbWprc2hqUTV0RUdCbmpWTVNHTDF2VldrRlM5THc5TDhZVHprSzlJdXVzTmwxMktjNEk2bGRsbGV5UV9qcTJTZmlwSk9wMGpKOFRfWDJ4UjYyemJDdVByRXdreXBpTjdMYTlsSWRxRDV3X29pZTlKeERMOW5XZC0zNmVfY2d1UnhDU3NtUGNPeE1xemdxVVVQa0ZhYjF6Mjk1NFlxV3lzb05UWjJmXzVFVmo2YkVVLUotcUpYSzJ4UjBFY29uQXc?oc=5,CTA,2026-08-07,positive
Chicago Transit Authority,Pretty Cool Ice Cream and Chicago Transit Authority Partner on New CTA Line-Themed Giveback Pops for National Ice Cream Month - CTA,https://news.google.com/rss/articles/CBMi7gFBVV95cUxQRzJraW5qaXVQRGRaUWh1UFNBYy1GMHhvYnowakt2bTBycXJjeFR6dElxUlBDbWpWU1ZVcXhuRU1uMmR3eVRhM3FqNnNWd3NuMmZqQUExSWwzUzctbk9nMVBHLVh5dXVrU3BKUlpSR29mdzZ3eUw2ZnozaV9seURRY1JnZUxHRnQzalQ2aVhfM2tmZDgxWWlyNlEtREp2UVBqS1g3aDRSb3Jwb3FlWTZOMnNXZnA1WlN4TVdzcWIzQnNQNm1hb3lFWkI1WHQteVA1SVNNd2hUdjVJamR4SDlfVGs1SzEwRUQ4a29yV3Fn?oc=5,CTA,2026-08-07,positive
Chicago Transit Authority,Chicago Transit Board Approves 2026 CTA Budget - Press Releases - News - CTA,https://news.google.com/rss/articles/CBMihAFBVV95cUxOYUQxQ0s5bHphNExIZ1pmU3RNV1p2elotQTUwZEpxLXh2UkxqMjY5M0d6MU5kUGtGWlZsWDRRQlhKV2RVb1lHa0ZqMFltYXB6NU5NWGNHWUpiS1B2RDVjUnFnRXhxRWJ0cU9iX0F3eHJvWDgwbDhYNFpGZVhUMnViSEI1bC0?oc=5,CTA,2026-08-07,positive
Chicago Transit Authority,"Construction to Begin in January on New, Fully Accessible State/Lake CTA Station - Press Releases - News - CTA",https://news.google.com/rss/articles/CBMirwFBVV95cUxQUWFDT1pnNGhxWGdfeUt2c2Nxd1UtQXROT00tTnRzLWhEYW50U3ktTTdBTDIxWTJBbEVPOU1tWG1vZl9tVzRsR3VVY2RMek82TzhtbGRvUkpyRURiemYwVkF5R2Fyb2NtamZoWl9MekQzZHU4MTBFQW1iamdTTDE2YTc5UUY5QUlEUVNmY3BMdE9Rd1l3X3ZSS05vY2Q2Sl9tVGotQVhEaC1oSDFXQ2Qw?oc=5,CTA,2026-08-07,neutral
Chicago Transit Authority,Crisis Intervention Specialists Pilot Program - CTA,https://news.google.com/rss/articles/CBMieEFVX3lxTFBfLWg5S0dkMEM5b3VjN01uRHphcUxJZHlrdG5mYk8xY3VJWEVpM3lLWktlcTgzeTNWeEpnYW9XdHo3eVJSUHZUTm93X3dZXy1CX0tYdnhPcXZUNlVheHV2dVllYk9DdTh0Q1JGUWVBeC1FNGxBdlQ0eQ?oc=5,CTA,2026-08-07,negative
Chicago Transit Authority,CTA and CPD Unveil New CTA Security Surge Plan - Press Releases - News - CTA,https://news.google.com/rss/articles/CBMihAFBVV95cUxOa2tYS1dGWEFnemprTURvM2tJZ0RBdDFpX2twaDU0OG0xRDZpLVM3Uzk3eWhuVWRsQ2cyV2wxdWFiaFJ6ajVWNVpuWUNRQzFpVEkwMUdKQV9EZEN3WWlFVllDclNVYWpwUTU0QVgxY3VMWHFHbTNBa0lvNXdUOFI3b2NhNVE?oc=5,CTA,2026-08-07,positive
Chicago Transit Authority,Chicago crime: Cook County State's Attorney Eileen O'Neill Burke launches CTA campaign warning violent offenders of jail time - ABC7 Chicago,https://news.google.com/rss/articles/CBMi7wFBVV95cUxQZDNDbXA0S05FYjlkclF1X0xuWE1sWVJ4VlBQelFYN3A2U0ZqY2pQbVFnVXMybHVTNXpCWjl5Qkt0R2JMWEpTc1QzbFpXVkJRUlZGdGRKbGlsSHU2ODdTQ0wwQzFLMWdqVTItQXBsSlZBM1JVbnpocWVxZkFYaE5JMDdwenRBQ1NWc3o2VnBGTnlfR1hNeC0wMXJJcDJyUnV4cENCSmFrRUZqam1MNDJ3eVRHdDZGSlFTWWhGWmd2V0FfY2dtMV9ncUQ1cFhiZTZfeE5PX0xmdk9mc3d4a3BzWlNWOHFOSHoyQTZiRm1lONIB9AFBVV95cUxNTVotVFZXNXNBbDFCTm5fckgxQUpKZ1FLS2FkU3dNOVFDSWM3ZlhpaDkydlpnZURfbkRhdUttYzRPQTlNQVhSTENyOGUxOFI2djhUcFBaWlhtbEJhWmlUWThpNmlMV19IWjJsWHlSaGw2eGlramZ4UFdfbU5FUGw2RlJQQ3hWSVdCb2x4TlNqQW1FTkdoWjVuaTNIVGpwSmlaUWM0cDlSVENnS2JWeFNvaXVLMjFlenZRUnNQeUYydnRZdHN2X004SExnTmEwTFdGMXhVMjl5YmpyblVoZWx3c1pBaS1Hb1BGZDdybEMzQU9zeVhG?oc=5,ABC7 Chicago,2026-08-07,negative
Chicago Transit Authority,"CTA Chicago news: Chicago Transit Authority lays off 159 Monterrey Security guards, redirects funds to police, other resources - ABC7 Chicago",https://news.google.com/rss/articles/CBMi5gFBVV95cUxOM3dTTWpGZlh3a1p1TmZvNi12VkJfSEJXaGlIblFHUVgtYW9lLW5RRy1DWjdZUUlQMUtRMDBBMk9LUjFHUXFycTQ4Snc3ZXJzbDRoa3NILXlidHlKbzNqU3RFOHFONm40SFZ6ZnUxTG0zNm9hYWJTOWF4c1h0UmdTRTRXcUZGclUwY0c0MFBETTNqOGNvdC12bVF2YzlDbTVoWWFSMm9EZVM0bVZDSkNWN0piQXNkck5wZzBYVDVYTHc2ZXNBMFJfS01QejBsNW1hMTJ3MjZBdHlRaXFyLWpxcDV1NnYzd9IB6wFBVV95cUxPYzk1S3g2NGxaM0wxeHhFQ0NPM0V0cWlSbFF5THVoQjRaRm4wN3ZQSERqYzRFRlFXM2t2N3ZDbGNyTHVMYS03Q1Q3QnAtTFVKWXpEWEVGZkhjaXRkeF95ZU1Zd2p5cE1LYU12Zk5WY0h4U09QMkdOQ0swLVpBYTlaRGtpajhVVGIwbVU1d0Zwbk1pUGowZ0ppSk5KM29fOU1uenpZSzE2alBySWwtM2Rxc2hQVTB6N3ZjVm8zdHlfWV9EWGwzMUpBNTRHUUxxS3Z6ZUZ0Y3NoV0lyZWR6V2k3T0xDZ0gtNGRUa0dj?oc=5,ABC7 Chicago,2026-08-07,positive
Chicago Transit Authority,Trump Administration Ordered to Resume Chicago Transit Funding - Bloomberg Law News,https://news.google.com/rss/articles/CBMipgFBVV95cUxQSER6a1ZwcmhQU0x4Y2VEREctdzI3V2lBTEdQbGQ4TlBGaWs3Y3h0ZFdNQUJGN3ozcWFUQUlCajF1dWNMZVhjTGx6NFpBRUFOVGdRczc0OTJfR3dOQ0ktZGhwWTJGUVJUSVZqb3A2OWFaUzI0MmVtUjY3ajZRYTZDR3MxLVdFaUVBOWZOVmh1TDJHZzhHaG5QZlhsc05RRUVxTUJPQWNR?oc=5,Bloomberg Law News,2026-08-07,neutral
Chicago Transit Authority,CTA and CDOT Invite Public Input on Bringing Bus Priority Infrastructure to Five Bus Corridors - CTA,https://news.google.com/rss/articles/CBMixAFBVV95cUxOcS1YemtfbnRLZTV0VG9nV0NjR0E0NDRDcVlhNkRWekNHd0hqUUpIdExOQk5KY0xlWU9qVGE0czgzX09aNjF5SWVLYjl1VWU4SkprWVFUMmh6c21ZNEp2S095SVRyclNFUzc3aFhoZ1FUU3JpMW1zQjhYeGg1eEUxd053TXRTd09QS3hrT2Jjb3RvTnAza2pXbDVRNmRJOUpGVmxWTXRWOE1YN2dCaVAyS3R2NTdvZFEzdnFTQWdPOVRiOGtX?oc=5,CTA,2026-08-07,neutral
Chicago Transit Authority,Judge Orders Chicago Transit Funding Restored as Rail Projects Avoid Demobilization - Engineering News-Record,https://news.google.com/rss/articles/CBMiqgFBVV95cUxNUkxDeEgtWERRQkVNa1hSUW8yUDJHWnJkTnB3bUJMMnJUREJmS3FNUlRYd1JPWFRlTzE4c1FFSDRFVURMUXZmRFZaRjRyVnJGcmZUUks0NExmd0tlUkpyNWtuQlVuOUZYdnd4Uk1FR0dlYm5kV3VsbWlWTllJVDI5bnI1eWJJd0lZb0dtLUJWTlhPVjUzNVJIckY2Z1JINmpjYzZJc180RmFHdw?oc=5,Engineering News-Record,2026-08-07,neutral
Chicago Transit Authority,Chicago area begins transition to Northern Illinois Transit Authority - trains.com,https://news.google.com/rss/articles/CBMiwwFBVV95cUxOTmhyYzVHd0xnZk9USnMtUUhibHo2WWZYYzZXQzZpME9nU09nUVE4SjUzYXdoWWVadVVDVEhnMlVkYlRuN2M4azl1Tk1nRVBma1JFRXFuQ2ZZSkFEMDdHblAzbURVZWRqVVp2ZnJORGt1RkFoakVQbFR2akFMNGFzOFRFMTFPTnlwNWdWVmZ3Z0VGUjgtN0pUR01LSmdDcDU0U2pnSC15OTk1dFZqMEl0SkVWS1FnbXg3c2ZJNjNTdE16SEE?oc=5,trains.com,2026-08-07,neutral
Chicago Transit Authority,Notice of Public Hearing - Public Notices - News - CTA,https://news.google.com/rss/articles/CBMifEFVX3lxTFA3ZW1KOG16dUFOYlVmM0tXMWtOZ0NROFgydHhRNmdHTmc2MDhMQjhYNmFwbUVkRGhPTm5BbEFLVnpySmJiRTJLSVBEeVpMbXh3b3JZQW5HVFZKVGE1dlpHR0tMOVNJVGFuWU5FZjl1OFJHcFh6OHFDZlU2UWQ?oc=5,CTA,2026-08-07,neutral
Chicago Transit Authority,"Multiple Loop ‘L’ Stations Closing Next 2 Weekends, Riders Should Allow Extra Travel Time - WTTW",https://news.google.com/rss/articles/CBMiuwFBVV95cUxPdGNWVFcxUFBxWU14SVhjbUxWTHRWeG9ldENISFBhSTBRWGR0OC13NnVNd3dIRFgyT2k0TE14eEMxSld5R0NIY3Fhd1FuTW9KMlBFMk9JTjhsQnlYa0w0RHhDWE50OVIyRzhHXzA5TzBPdTdjRm9PYlEyWFBHSV91WWtDblRIX3lQbGZWNGlXWHdmY1ZJaVpicWlGU0xWQVE0NXBBUWVFTm5ZNS10NDdfT2d1WE5uMk1hN3g4?oc=5,WTTW,2026-08-07,neutral
Chicago Transit Authority,Federal Judge Orders Government to Temporarily Release Red Line Extension Funds - WTTW,https://news.google.com/rss/articles/CBMirgFBVV95cUxOcGo0NHNXNE82RG9UTVBQZl9QeV9rWUd6QkZlcDVzWm9qZnZ3elV5Ri1fa1NicUF3cDBQLWRVTnQwNjVvMW5Sakc2cUNXUkFGNm15S2VlZmdiNG03SXE2NFhkZTVTbUZOR09DZzdQZHBQam1kdEVVUmFhbUdKOFJZeENfUGZvMjVyd2thTC1TSlVwRW9KTllNRXVIZ2dCcG9FcFFiZ1VMWDBoRnlVTEE?oc=5,WTTW,2026-08-07,neutral
Chicago Transit Authority,CTA Faces Imminent Rail Work Stoppages as $2.1B Transit Funding Freeze Heads to Court - Engineering News-Record,https://news.google.com/rss/articles/CBMiugFBVV95cUxNQlRndUp0VDA5YWhwS1JNTzliVFdiUDNxdkFRZ0o5YTRKRzhleVItQTR4MlBBajhSdHY3NVN0QktRc09aMkU1VlRoRDNTeUJSZURIczBxTVN3VnpUTzlDTHpzeGJ4c0RMYkJuNW51TmlNSmZWd2ktc2Z4emZiQ3JEZC1Db2wzYWNtLUNJalllZXZQOWw4Ykp3TG9HSjc2VGRHRTVXS2RXM1BzYVYzZ05NUkJJVHViQjcta0E?oc=5,Engineering News-Record,2026-08-07,neutral
Chicago Transit Authority,"Regional Transportation Authority sales tax hike pushes Chicago's burden to 10.5%, second-highest in the nation - Illinois Policy",https://news.google.com/rss/articles/CBMi6wFBVV95cUxOZDAyY2tsQTVidXpHV1Q0bC1ZLWdHT0k1SFo2V2toYkV1cHFfSThXcThWcUlKZENMaGN4TFA3bGhucDMzWXYzb2hyWVF5aFZWZGdsdnhfSzZRbTlJUmhkbTJKWEtSZXdfSy1JTl9ET0Q2blNMV2s1aHlUSUN1SHZRVEFZZUFBbzNJQ2Zxd3NvdWFUY1gwT0JjdHl5akZtQnBJNExZTFo1VjFwLUVUdDVXcVdBQWo3UHUyYktQXzVYLXdoQzB6TDZhY1hqcXJEbXFUNW5qTkNGNkRZSWFUbzRpX2U4Q2w0TS0wUUtr?oc=5,Illinois Policy,2026-08-07,negative
Chicago Transit Authority,CTA Proposes Three Operating Budgets for 2026 as the Agency Awaits Outcome of Ongoing Legislative Efforts - CTA,https://news.google.com/rss/articles/CBMi0wFBVV95cUxOSndJZGV2VkVwd3hXTm5ka2VHY3I0X2ZNcEo3NDRxdXI4TlZudXZqTktxTEtVazkySi1ZbGxFeVd1Uk9qRldxYUFEREpVaUdCWWcxTkgwUmlTeURsN2dkWkFvZ1JDUjZ1V2Q1b2JVUGlHMXRieklra29YS0ttOVVGWTBUYkNqYkFDdXhUay1HQkhlLTNUMzJ6Q2pNcF9BNWdncUpiUE9DYkRWY25lLVdtcU52cWlWamIyZm9RWE9URGVIcXRYMUg4eGFXemhNZEFYaTYw?oc=5,CTA,2026-08-07,neutral
Chicago Transit Authority,"CTA seeks upgraded fare gate, fare collection tech through Innovation Studio - masstransitmag.com",https://news.google.com/rss/articles/CBMi8wFBVV95cUxNWUR5QUNUNThDcWRhSGZvYW1lRG5zcE11Y1pOS2R3MTFISFZ3VExzSnZnSGpkbXRuNjlRbFRualQ3Wm1oMjFKc3U4UUlOYVNlX08xdEVhVGZ1LXp2YXp5cUNuT3N1QnFCQXlvM1Q1M2JsaDRsTEwxVkgzdW5mS1JOeGVZUkFFWkYxLW9ZUHBrXzItN0tRUFFBYjJ2R2ZFVW15S0dzc05GVGtHamQzWjR1TktRSDNKbUtIUTd6cXp1LUhBVVdOZmVQLTk5cF9MTjFaZnVlY0MyektmZU5lSzFDOHgxaGVKdE9XWFdPa3oxU0RzTWs?oc=5,masstransitmag.com,2026-08-07,positive
Chicago Transit Authority,Chicago CTA leaders say crime down 30 percent over last year - ABC7 Chicago,https://news.google.com/rss/articles/CBMimgFBVV95cUxNSGM1aFVsdVlQWlY3dUgxb1hSSXlCTnFrZ3VFdlpnaG5yNWpyMHVGNGtFQmpyU1MxaGppM1EwbENrQ3hnRjQwVV9tUm5iZXNWZ1kzTjQ1NkpTeG1zVkxHS19xMkhkQnVXNDNpZE41QmI3NUNUTlNzS0ctYncxSThJa3ZZaDhsdTJVTURPR09vTjZOUkx0VkZpbDVB0gGfAUFVX3lxTE9xcVNSM3FZbG1QalYwXzA2ZVVjTEpodkliOUExZVVmRkVmQktJVC1aT2VkSU1sYmMwQV8tTlBLU191aFZZTFJUQlFqQ05YZVVuOGQzbjhxVEVCN1B5bzE1ODE4UWw2X1VGcWRENFpzRFJJUnRwbzJDZHRGSER6YU96VnBMVUtUSk5uS3JmZEhscTlXX0RmZmVmdlM4S21ucw?oc=5,ABC7 Chicago,2026-08-07,negative
Chicago Transit Authority,"Pritzker Signs $1.5B Plan to Overhaul Public Transportation, Avoid Service Cuts - WTTW",https://news.google.com/rss/articles/CBMiqgFBVV95cUxNd1ZlSUh4cU5aejJsWURpZXZweVprdGg2N19SeTNXak13VXRzT2pjWjM2QTlRYUs2UkctYU5jaDBiR0EyTkVRbEZrTTVTN3lLLTlPOU1mSEYzZnZsRmhuOExJUDkxMzBsVno4cFp5dmdZMHcxaHB0RV9vc3B6M1oxaHZBaDVZaFBPcFE1WEFIME5DTDdicXBvNGsyTFllcVNWQnJsV29XQXdlUQ?oc=5,WTTW,2026-08-07,negative
Chicago Transit Authority,"Fluor, Walsh JV reaches substantial completion on $2.1B Chicago transit project - Construction Dive",https://news.google.com/rss/articles/CBMingFBVV95cUxNYjZGYTdSVmpYbWYyVW5wOUVhbmswSk5wcldYYVpzcV9TZ0JfZG9nLVpkUGRxYnpRdV80WHRBYjhjNlg3VUh0ZWdZa2V1VHpYN0hBckQtdV9KdWhVZWN2aDVXY3RqYkF2c29KeW5lVDdqOW5RdVRzT3REdDVZNXM4YUJEZ2dNSjZrQUlhMmF2azV3WndJRE9EZmQ0ZkxDQQ?oc=5,Construction Dive,2026-08-07,positive
Chicago Transit Authority,"Toni Preckwinkle backs Red Line Extension connections, wins approval for transit picks - Chicago Tribune",https://news.google.com/rss/articles/CBMikAFBVV95cUxPVFpkMEdSUnBoV2FtSHQ0b2FaWDlrRzRGQWlGcFYxd04xRnpkeExqZkdwT2JlLWZRbkVsRVVhSWN2dG9sVTJzX05fb0JsejNieXQ5RGE2clF0VWRIRW5OdEVVTHBOUXM3TnV6Zm00RUJLVm9aSGpXWWtIZlpwWDlzWWxNamt4enpKQkpZVUVhQWk?oc=5,Chicago Tribune,2026-08-07,positive
Chicago Transit Authority,CTA modernization project sparks calls for accessibility - dailynorthwestern.com,https://news.google.com/rss/articles/CBMipgFBVV95cUxQOG0yX3VtNXFiYWhGQk1uQnhfOU9WbFBEcWVkUGpfT3JISzVXakJiS3R5bjhqTER2bjZGS2d1bS0zZFhNZFRiOVNlS0NjSXhoTDZIZDllZnIwZDVCc0UzemZkenlRLWtLV2REd3NXY01INzNCNlVDUm5tT1k5bzUtYjRiaGlNWWRxQ2pKWWVkZ01fZ19kdzFnVm5HM3BLNFVqNFR6dlNR?oc=5,dailynorthwestern.com,2026-08-07,neutral
Chicago Transit Authority,Local Agencies Adjust Their Approaches Amid Concerns Over CTA Crime - WTTW,https://news.google.com/rss/articles/CBMiogFBVV95cUxPZ3VKTm45OG5LOWlSTUM1dHBfdHI0czR2VGg4MUYydHBsYWNjREVFbG1iQk9lUFZGdTY1U1FmTVl5WmtsLVJUXzJSVVhZa2ZCV1JWSjFtUnNZejBQbVlpcUFJbDFSZVl1U3lzTG52TGpNQ0JrQ2RFVUU1N3ktMFdrZU90ZlY0dWw5dVdsX3pPeHhyOUlKbUhFVld3dE9iVXRSUXc?oc=5,WTTW,2026-08-07,negative
Chicago Transit Authority,Yellow Line extension in Skokie could take ‘decades’ but CTA is studying it - therecordnorthshore.org,https://news.google.com/rss/articles/CBMivgFBVV95cUxOQmVFMjBCcXFlenVnSnJHWWxzR2xiYVZWbk1RRVZ4eHlfeXBlTmloNl9zcG41QzQwNUl3bWhtNE1FdjlWYjhqNld3aDh0eWdaVTREWUtkT0FLV0MyLUhEdGxvVERJMHJyRVRwQWFTWE5sUHM1ZTZ1czVKUXlhX0ZEREl5RE9HRGRhVkt4TTNsclpwMGJBeHI0SG9PRFdmeVFFUmhzanFpTGE4Z0lIY1g3djN2blU1TXdfS1BNTlB3?oc=5,therecordnorthshore.org,2026-08-07,neutral
Chicago Transit Authority,Chicago Starts Work on $5.7B Red Line Extension - Engineering News-Record,https://news.google.com/rss/articles/CBMihwFBVV95cUxOazBfcXB1R2N3Tmp6Y0QwR0pOMVpGSXo1Z1Btb1hLVGNfQjIzZXl2X0ZHZEQ0RDJGMkk3UkRRcE9KUVVpenBQdUVacVQyOEduRFBjRDNZdHVWbW14ZHdCRkxlU3A4OTRReEF4cVNNNjR6SjhlbjhyeG90MFdFc3JqWGxzRUctVFk?oc=5,Engineering News-Record,2026-08-07,neutral
Chicago Transit Authority,"CTA Red Line funds must be restored, federal judge rules - WBEZ Chicago",https://news.google.com/rss/articles/CBMivgFBVV95cUxQbHhRODluX0pITjZaOVNPbGdhRXNFWUVuRzdkeEFaNHIzUGVKQTdwWVdJV3c1cE9yaV9LaGRVbldYWUcxZ2ZwLXMxZ3JJRE4taXlLVTJEOTBFRVFILVY5YWo2ZGl5ME9vMjI2ZEFZWnVpSWlsbFY1eHdueVQyOGVKQm9FZmFPNmlUbGhTZmpvWEptU01WMXFxR0Vxd1ItYUtINmpyYktvSHI5SHNLd2QtWllhbmJsUmtwQlF6V093?oc=5,WBEZ Chicago,2026-08-07,positive
Chicago Transit Authority,"Sales tax increase to pay for CTA, Metra, Pace problems - Illinois Policy",https://news.google.com/rss/articles/CBMijgFBVV95cUxOTUNWa1JDaHk2eWU4THZZRjV1dFpaLXdhelNFLWJPRXdvdUREYUVZNjd0M2ZNUHNCaFo5aGttd0dEcXpOWHBkdXZ3X2tDMmRtcWRWM2Ewamx1ZUVETm1ZWDRUWHNkcW82b3BQTkRURXJDWkdTRXZqMzY5MXo0RkdwWm9adndBcEU5S0ZtQU5R?oc=5,Illinois Policy,2026-08-07,negative
Chicago Transit Authority,CTA safety: Cook County sheriff says dedicated CTA police force may be needed for safety on Chicago's public transit train system - ABC7 Chicago,https://news.google.com/rss/articles/CBMi4gFBVV95cUxPUDBlc2lpV3BlM2E5cWlrS3ZDd0dKRDJVVWpMamNISHRIbTdEN1lPRVlOakdqcHZkZXFzalA2VUdacFdQSGdVdnFKN1d4ekZiNENDYURTSHdzQnp2VC1jbXFjdDktZEFsQk5BYk5wc1lPYTRfWDM5Vk5RM3dvSFAwUVoxdEtGUFhGTk9EZ241aDhrV1RGek1RbW5VTUh1bEZSbnlCMlV2TEQ0VWJtN2Ixc2stSGxISHdRQzBEeFgwU0NqLW9RNlZBUnAyVWNlMUhfV090UjZ2MGF4NXJRdGs3aXVR0gHnAUFVX3lxTE5hR1A1N2I1UnBhR1B4Q2VJc2lBU0E2VmJNYUhJQXdtX3h4Z19KaUV1UlpacldPenVNZlFyUngtbGdJaTY4UHdZSmk3QW0xU1R0Z2pyc1o5UE9TTXp5SlV3Q21HNGFLY1RVSE9uX1c3OFpSU3FDMzNQVEtUNlNRQVNCWDh0czMwd3FwbTJlVHR6ODRPS2hURzVycW1kd1UzdU44R0R1X0tYNkxCdmdCeU1ITjFlbTEtTGtCVFNTMnZMd2NLLUplV0NtSjZBZ2M0ZUtPZVIyc2FvazhJc3BoYWV1ZDJPRzZTOA?oc=5,ABC7 Chicago,2026-08-07,positive
Chicago Transit Authority,CTA Trains are being rerouted in the Loop this weekend—here’s how it’ll impact your plans - Secret Chicago,https://news.google.com/rss/articles/CBMifEFVX3lxTE0wa0R3LVBfTXM3eXNDU2VHNm8yLWRqUkZEckZVX09JMUhPcVJ2WDdBaE0weEhzd19oODVnbjZYNmRscmxRcVdncTZWR014T24yMzI1d1ZKUVd2MTdqT09zX2doaS1haWkwNTd5emlwX0swbllTbHpqcjJROEY?oc=5,Secret Chicago,2026-08-07,neutral
Chicago Transit Authority,CTA underestimated Chicago transit ridership by 19 million trips - Planetizen,https://news.google.com/rss/articles/CBMirAFBVV95cUxOMXFOdm9veTl6QlZDNkgzY2ItRkxTemtEN3lRYWpOX1NLZ0EtTWEyaUxoSkNBTXJTLTkzMThaV0JRa1JnN0Nmb3NGQVVzY2dzVk9TSHNkUlBoTElJY1pEVzlmaFlnUHFGS2xuaHAweFRpYjZaaVRYZElWTWV6Z0pybGZnOUYwdm9DZWhmN2tuNW1ZX243NE5oV1JRZ2I4Ny0yVGk2OWhQZHc2S2x2?oc=5,Planetizen,2026-08-07,negative
Chicago Transit Authority,Cook County Prosecutors Launching New Task Force Focused on CTA Crime - WTTW,https://news.google.com/rss/articles/CBMioAFBVV95cUxNSURpSU1ubW1WWFNfZXR1ZGdDRXVIOG1xM3NtT1lJZkRBeXlWeVBoRjA3WHJ2SkFqUzJVZ0M0b0FobXNsUlN2Qk85aHZkbE51NThGMmZZZ1ZOQ3IxZUhxMnJmVTlxblVEcDNNTkEtczJ0SlhnbkRNM190RDV3alkwYU02WDY2S2pMYUQyekdIQmpUNm1RVDlGd3ZnY2Y3Rzk0?oc=5,WTTW,2026-08-07,negative
Chicago Transit Authority,Chicago breaks ground on $5.7B Red Line transit extension - Construction Dive,https://news.google.com/rss/articles/CBMimwFBVV95cUxQaGFfUE12dUFBTlBlOHJsYTFuM1k0Z25mci1wcndvY1RHbWxLQTNaU1lqM1l1bVUxeFFaOTRaSG56cU1SYjhLc3EzT00zOVFDYjdEVG9mQ3ZPUHZWTHgyUjI3Ym9yTW1scTJyUUc0dktJelFfNTJTYnlaM2ZoeDZtS3habzJTYUZuR0hSV2xYWWowM2dfR1dMRm9Caw?oc=5,Construction Dive,2026-08-07,neutral
Chicago Transit Authority,What's next with the new CTA safety task force | The Chicago Report - FOX 32 Chicago,https://news.google.com/rss/articles/CBMikwFBVV95cUxQOEU2YmI4YlJvSkN6MjVKLTFyZE9IQTZoaXpZb1ZIalhtQVE2WHZRS2hyLXZFRHlrd2JyX0dWRjlNMUFwMF9ydG9nMUxXdENzcnJtZjVJWXQ2ejFqM1o5YjhjckFBcktSRGwyRVNmbWpQeXJ2czlvRUVqZGZOVjV0SVA5WGVIQzQtSHlSbDBkTEZDMXfSAZgBQVVfeXFMT01mdGJ3VGIyZHJ1Q0EyVlBtczVqd3FPNUJsWUoxZnRyMk9CWVVid1BVOVFTSEdGRmJmRzhLM2dqTTdaQkVobEZzd0p3N1hBOW1pNUgtd1JaTTZuaHdkZmpXdTRKNFRaTG1ENW1yaG9rTU1ocHpCc3JkVWd1OGdIeXFMREJvbEkzWU81ODhSWmlTX1pnYWxpakI?oc=5,FOX 32 Chicago,2026-08-07,positive
Chicago Transit Authority,"Acting CTA boss cites major drop in crime on transit system, credits collaboration with CPD - WGN-TV",https://news.google.com/rss/articles/CBMixgFBVV95cUxPUHJ5N1hKa3gtWUFDUzVFcUxEcE84dWJ6Ni1YMHBhbWRfWDVOcUJGSHRQU0ZTNUxUX0NJbThjOEJiclNLOEJHejAySWZvaGRmYWx5YXcybVNBSTM4THFNeVBxTWpjNzhCZ01udDVMaUk2QmQtUXpwMUZpbHlILXo5ZmdVRlRWUlpFTTQ4RjdBaDVWRVpEM3JDTWdOaVJhVk5hbVFfbGVRYVkzbl9tVDRFb2Z2YW9yQ0Z6TXlpaDFLMk5HT1gzcXfSAcsBQVVfeXFMT2ZQUGRubHN2VGhNLXV4NERBOEJqMVVmUjMzcW9Ublc3TXFuTzQ5TGxGY0JIaFEtRkl5UTdJYnprV1A4MUVTYWs4Q0FHOGl5SGtiVExKSFRnZXdTODY4NW05azRyNjloejNpblBQdUhjNXhySlRva0FkdWhDZ1g1SU1BNDNfejNCY3EyTW5CMkdTeGRGdktqbURudGlBT3Q0cElET1d4SHlDQnpxd0FoVW43REdGbHRGeU1ncUU4ZGFlc25wNVdnend0Mmc?oc=5,WGN-TV,2026-08-07,negative
DC Metro,Flood watch issued for DC metro area - DC News Now,https://news.google.com/rss/articles/CBMie0FVX3lxTE5qb3E5QnZxdVVDc0F1T09laTFNMjVmN1ZKNVRMY2xaTmxwTGZPeUNPMXplbUZuVU0wQ3FfdUpGeGN5X2ZSVGh3Rl9OejdlSTJ6cEktdjNWWkFzdHFXcDFkbHlfTlBRMFhPcEJFUU9qMmhrclVQYVJUdWRfWdIBgAFBVV95cUxNVmlxUWxCUTNId0l0ZmxrLWRyNnhkalpBSWFFSURLWS1fZHZSS2NfSUxVWm5nTTBscU9QRS1DaHVDM2N4M01PODlabjJhNEhKSy1wSDljbnBNX1hiY05wWmdiajN1cWsxTjluQWx4MlRWOGJfRlMweU9vZWJYQ1RsZQ?oc=5,DC News Now,2026-08-07,neutral
DC Metro,New bus route connects Annapolis to DC Metro - Capital Gazette,https://news.google.com/rss/articles/CBMihwFBVV95cUxNd1haRXdfQUYtUGlCQmU3YThxREo4eEQtcWpKcHlUeExnc25SX1dhWVBxMWoxQUQ5UkhyQUk1UndYVVVsV0hQMGFSVEd0dVE2d2RidmMtQVRhTzNaOHpPZ2ZPSmFXSDdNTkpHUWlhNlpEenFKLWk2c3lhLXRESzNyYTI3UjJwcEk?oc=5,Capital Gazette,2026-08-07,neutral
DC Metro,DC Metro crime drops as fare evasion enforcement surges - FOX 5 DC,https://news.google.com/rss/articles/CBMiXkFVX3lxTFB5QWhFdHU5SWN2OGpVazJOeG1QVDhCQjRDbHQxc1JLcE5RX3B1NzVfemRYVnZZcXUwNXV5Sk50bzNsQkxkWl9lWm5qYlp1R0VvV0hKZGlDQm9MUmcySFHSAWNBVV95cUxNb3ZFb1dZb1BkeEltU3FjZXZNVW9OZ25CMWo1anhwQ0JHUGcxVGp0SlVKMmVTcW9reWhyYWdwWGk5RjZUMFZHTnFUSkRLejc2MVFId3V0ZGtIeUdVd0E0YUJlaDQ?oc=5,FOX 5 DC,2026-08-07,negative
DC Metro,Skip The Drive: Free Bus Connects Annapolis To DC Metro - Patch,https://news.google.com/rss/articles/CBMijAFBVV95cUxPRTU3WlNVNGxONFBudTMzd3drc0JvMUtMVjZCUTRwbktTTHRyYzV3NVRrWktiR2FxT0F1dXRpaG5LUW1zdmJscUU2QVRZMXpraF9yRm1QV0RwOTBTRmZ1QW1tYjU3eUtycFVIMXEyVGJfdFVtQWo2ZU5IbjdLZ0taSXMxMVNkX3Z0Y2RBedIBpwFBVV95cUxNd3FOWG12Q3Z2WG5PMVV0RFFxUG1XXzNhMUZiZ0lLX3Atb3N0dzNvcjd4aXVsX0hfTUh6aXdnM0I4V0tnR19VWGJ6VGdvY2hyckR6N2laZDVPMm00WFBjZzJwV1Y4dmtyWkJGdFd5dlNNV2tmcVBtZ3REbWNTMVhnMG9xVVdRdUFnQVBnR05yN2NZdjgwalJqeHhoQWxIRnA2QVRlTXJtMA?oc=5,Patch,2026-08-07,positive
DC Metro,Metro says system is getting safer thanks to fare evasion enforcement - WTOP,https://news.google.com/rss/articles/CBMitAFBVV95cUxNOTRUMkM3NU1FVy1zUzlMNUJieWY1LUQ2ZmQwcF9uWkdQWExHUGNMeEkwbTFhaXJhZnZfWk5WMUZiVzRrSlNEWnltVF9TTGhndndXLXBTY1ZNbndnYmZwUU91S0tjWjM0R2xwam9VNHV3anlaOVQ3dFJTeVdOY2YxLUNNUGVBNDl0eDVvRkV2WXNDeklwd1NFNEpPY1hGTmJWSVktQWVwbjVieElvUDVFam1zdGM?oc=5,WTOP,2026-08-07,positive
DC Metro,Life sentence for man convicted in 2017 murder of D.C. Metro Police sergeant - CBS News,https://news.google.com/rss/articles/CBMitwFBVV95cUxOaTVRQkpocmlxX2JNOGotLTZUV0hGYk9EcEpkb20xM1FqTUlGYl9fQWRfZzdwOTRGZ3FWVF93VWlVdkN2NHhFWmllbS1DOWRjS3l2RDRkd2pPQ2ZTX3dLOU5WWFZrMFBWX0d1U0RyTlgwcVo5UEo0Mmdrc3h0NXlfd2syVEQtWTZTaFV4SmxvLUZ2WTdDai1rVEZUYktTQmRrb09RcHNLLXpxNnlhRy1mQVkxRG5vd0U?oc=5,CBS News,2026-08-07,negative
DC Metro,Flood watch issued for DC metro area - AOL.com,https://news.google.com/rss/articles/CBMie0FVX3lxTE1XNGhkMGh2RUpJMU9XWXd4akJLcFVwM2lyZ1ZCYzNaVDVqNUxpZnlQb19tNGlpMk95VVEzdHRXaFlLSkxKbGVaQjR2OTNLUExwUjB2eWMyZUVqNURmQzZmc0hDQjhWUEZ3OThDck8tZ3BQZm5jWU14alB5SQ?oc=5,AOL.com,2026-08-07,neutral
DC Metro,DC Weather: August begins with unsettled weather - WJLA,https://news.google.com/rss/articles/CBMi1AJBVV95cUxQNHFhV3hkVU5henBwVjdJOFpPVGQ0WWd6RXpQaThfM1RJc1pCS1diRFp1MUVUZ21mRC1zUjRxTWJUZFdvb2h3U3A5bFRGSWdTeElvY0I4SGhsRUhqa0tReEMyUmgwMTRsTy1GYzRtekd0a25RT1JlRklhTXhYM01FcWNWUktzaGdPcFpLdFFEOERhZEdOd3prRzk1cnV0djEzTmVxQ0E5Sm9COWIwcUdwcnRqYXhFbkZfODMtUUtla0tuQnBsVlFUaTBkOGhxbDJVaVk5ekRSUEx1VHpBaWZ1cEtwVXVrZ2NXQUpMZW51clZ1bW9POXZrampiZDJOVW83UUY2SzNFSjFOdEkxeks5Z0wxNXFNWXUyU1VQaURlZUx0UmpOM2daOGlGRlRwNkFoV19ocTA4emtwX3lsNHRpSHl2QXIzeTVBVW5oTGs0UDNUcFZl?oc=5,WJLA,2026-08-07,negative
DC Metro,DC Metro Transit Police - DailyVoice.com,https://news.google.com/rss/articles/CBMiZ0FVX3lxTE4wWEwyZzc3dHhWcmEyWTFBTkFLMTBFSmJ4Q21mT0VCQmlaS2dXRGRaOXhtdkRqZklwTHNQb3NheG12ZjBtMUR2b2dlaEQxTktkc0ZmcmFmaHVLZGtPWTAyTlEyQ0J5WlE?oc=5,DailyVoice.com,2026-08-07,neutral
DC Metro,Metro launches limited-edition Smart Trip card for DC’s Grand Prix - Washington Examiner,https://news.google.com/rss/articles/CBMixAFBVV95cUxPbDVUQ3Jta0Z6ZjdUVUFkRXRRSC12dXNKbWtHVVlmQWQyOUktdUo0QW5DOVBnWDlUY2w0Um90QjJzREJ1WDQ3akwwb1FQRENXY3N3NjNuaVRhcjhRTnU4RlV1NkRIcDJQdDRxejVseUZ5cXMzYXFwaG5nTkFrUHhHQUVvOTZNQXNma2d4cHpZRW9KbjFxMUNMbXVXMllUNFVKeHd0c1hQVm5ENE9QcC1vdjVJWG8xYmRiQmwtQ09FODJCcDJJ?oc=5,Washington Examiner,2026-08-07,positive
DC Metro,WMATA releases list of major disruptions to Metro lines in 2027 - WUSA9,https://news.google.com/rss/articles/CBMixwFBVV95cUxOUEdtemJkdlhkeU1vbTJkRm05VWdRZWpCZ1ZDTmZKamZDRTFFV09DZXRvNFVfbG13dXljeDRvWk43bVdSY0lPRE5CelE5ak40NzN4RmNxSXFqOEhqNkF0eXd5YTFhSnVvcFYtVml1Z0xtUExJZmlkbFk3UW1xOGtMNHJ0UUk3UWxaM0s3SEkwV3c4Y25ETGh1eGstSDJNUzRjWVVSbVg3WndScmc4U0xTUHduTzhZNEVpVkpUT2lIamRCbkNFNmxv?oc=5,WUSA9,2026-08-07,negative
DC Metro,"OPM Directs Agencies to Shift Hiring Outside DC, Expand Tech Recruiting in FY 2027 Staffing Plans - FEDweek",https://news.google.com/rss/articles/CBMizwFBVV95cUxNbGJzeDRVZFhVcEMxVlZYQWQwY1otQUFkMFNqUUFqVGpkS2Iwd1hMUXRSOWpQdWZHS0FtLWVtdllhZFhJV05ZcHdFMVpucEkzeVFKbjJQVnRHQnFoNjJReUZHUmZYNktPMmxibkxWbnJ4RzI2VUtvX3d6U0U0SWJqVWw0bHF6bDgtdWtFaXJZSlg0VGpCLVFlMFc1NjU5M2V1SURTQmplTDZBaXFFbGRpd2dfQ2JYQWhNb09FV2d5N05JZjlWbXMwcjluNVBVU1U?oc=5,FEDweek,2026-08-07,positive
DC Metro,"About 4,600 National Guard troops remain stationed in DC as mission nears 1-year mark - National Desk",https://news.google.com/rss/articles/CBMi2gFBVV95cUxNN0U2Z3VEMTN2SEtyLVpldHhmWFM5MkZseHhjMndFcHhDdFN3ZWc1LWgzbkRvb2liNVdtUW5mQ1VNSy1CdWpJdk5GV3E3Qk9heXNRYjM1YU9Xc0NEcllvRmNuZk9DOTdYVW4yd3NkcFZqXzVaUkpHS3ZnQ3FzT0lBVmZ0T211cG9EN3lhRGptYkxxXzhaQXQzaGc5SXdZWXlBbDhjN2JLOGpObXdDcTR6SUpCSXFlYkZvYXA4aW1FcGhSLTROZjRNWDQ0WVM3NkJvbUFiYS03TVJzQQ?oc=5,National Desk,2026-08-07,neutral
DC Metro,DC Metro crime drops as fare evasion enforcement surges - FOX 5 DC,https://news.google.com/rss/articles/CBMidEFVX3lxTE85VFU4VUQwOVA5eVRCWmJEYk9Tck9rSFNocjV6UDdKSnhnRTZISno5OVV0RzllOWFoeHZXdEhJWG0zNFF4LWJQLTAxTzlyY3I5bVFmcW5TVGVMQmUwZUdxcV9XY3pRTWFFa09EdnJUZWdfVllN0gF6QVVfeXFMUHREVUx6Tk1Jd0pzOVFaNWVtSkpBUFV2ZV9TVDd0ZmZFczY2S255WHdnVVM1Tmx3WlUzY3I5TW84VldtMklxVXludWxjX0RUWnJ1YmM2LVJ0RmpXTzcxVjkyTXhlUDh3ZDhOWlBZRVc2a3pfa3ZJU2lLaFE?oc=5,FOX 5 DC,2026-08-07,negative
DC Metro,Man convicted in Baltimore cold case homicide of DC Metro police officer - WBFF,https://news.google.com/rss/articles/CBMizwFBVV95cUxPZFdMSXhnMjJMMlFlQk5NSUc1OENRMVU1MXRNalFDeGlkcTRHdkxlenotVlVMYjJzSWFLam1mQm1yaWdkcHdSWWFBa1JreTBuV2liWTFLMmZSRlYwelpRbVFrYTRfckc5WGVYYm5fRlJsY3BZZHEtellTRnZ2d21PNHBDbVY1alhXTXJBZEE1b0FmMG0ybkJMV09fMmp1NExhbGY3d0RyQTk2NnFmOF9XTXdiUnZBdFgxeEVlTXJSamMzX0gwMmZ6d2FqMExlQ28?oc=5,WBFF,2026-08-07,neutral
DC Metro,"Metro plans to add platform doors, barriers to Red Line - WTOP",https://news.google.com/rss/articles/CBMirAFBVV95cUxQSVNTS1JhYmlDMEE4Y28yNzFmdkxSSGd4SUI5SWstbjdMRlZlM0l2RW93R3Z2dmlPUldqZmVmcXFtXzNQMDhua2RHZzdJT3UyMkFlN05RLVZhX2hxNklWdW1aM09wRFJ0YnFGbWQyWlVCck1QSVFmc040UEZ6RzNFWDdWNXVRX3FYUHdWeDJoVVh3RzFKVXl0UEZWQjVUNmt0N0taOVRyM2ZnMm1Y?oc=5,WTOP,2026-08-07,neutral
DC Metro,Metro details Red Line upgrades and upcoming shutdowns - FOX 5 DC,https://news.google.com/rss/articles/CBMimAFBVV95cUxOVVRsSlNIWTZ1NTdpWHRVd05YRlZFMnpfaDhGbzdjWEdnTmpKSGpNTXAzd3AzMFVieTJrTk53Mlo3R3hxdkFvT1J0RTc3SF9kX2t3X21XX09pazg5cmNZaXRMTUd0YmVULThLendXNVoydjRvcnFJMXQzTC1MNExCNlU2RENITUVzWGE2akc1ckFMOGVMS2t0NNIBngFBVV95cUxOYnl3M3BFRXNmaVhuekxVUDhDZ0hnR084SDZ3TWxlcXQyRVdVYUNwSnRacmM3ZEYtaFVQZHlKWnZmWDRVd3NLaGUxNVN4Y1hBbjhjREg3cDhPREJ2eGJYSzA5NkQ2U25GV3BZWjlrRkQ2WUZvVThhV01CcXBiWHljQ1NZUm5QeldYR2FiY2V0WWlVanp5eTh4NjRLY0d6UQ?oc=5,FOX 5 DC,2026-08-07,neutral
DC Metro,DC Metro Faces Week of Storms: Drought-Hardened Soil Amplifies Flash Flood Danger - Tech Times,https://news.google.com/rss/articles/CBMizAFBVV95cUxQNTZFWlNIazZyazdGQXBBTlVRbUJjN3VBSVRHY29EdUgyaWdSNEU5QXBfTVdTS3ZpdG5Xek9NYi1DN3ZkUXZ2RDZrRzVaTVAyV0tObldQb0d3cHpJXzdVUEZsU2VSbUhVUjlTTWdPRHhCY1p4Y3k2NEVtUE9xTVdoV1dXcmZDMlRkanRHRWE3TTFBVmZJVmozLVBMekNzYU13UG95NFlGaktfMU5iMDIxSzVZaEVTaXdNaDVyWG1POGNfOWpxZ2xxdTN6R0M?oc=5,Tech Times,2026-08-07,negative
DC Metro,Metro rider recounts encounter with Patriot Front members in D.C. - PBS,https://news.google.com/rss/articles/CBMinwFBVV95cUxOX2dDN2JfeHoyWDhlc1Z2VWxaWGtRcEJab2FibWRHNnZsb2hDME1YVVgtU18xQnJKelNYdmxFclhJTWpLY3oxVU1rcWk2b19VRHBnQWhWUHl6dzNRRXl0dzlldEZJV25ydUxWVUR4SkFVWEh1RUlTT0ZXWWhRU0JiZlZvT2xRWG1xdDZXZTZFSm5ucGRKNlJCcWE4aWZqelU?oc=5,PBS,2026-08-07,neutral
DC Metro,Terminator 2: Judgement Day 35th Anniversary - Alamo Drafthouse,https://news.google.com/rss/articles/CBMitgFBVV95cUxQNnhCUDE4T1pGa2dZRTh0UnlPNHZ2TjFyblp3QW5WWnVWcWIzV2Y2STcyY2M4UEhUY2g5OGNXemtMU01VbExuNklXNUdJbmItQW42Yi1EMnd2Q3ZGSFdXeXg2U3pvUnNpUG5jaUJCV2VrLUJwY2xGcWlWeGRZZi1oZlIzczdkSGdyMi1zdGlvNzNXNEgyTXdQRmUtWHdzd2xIekR6Si1sNWlodVVmXzM5Qi11U0RjQQ?oc=5,Alamo Drafthouse,2026-08-07,neutral
DC Metro,Scary Movie (2026) - Alamo Drafthouse,https://news.google.com/rss/articles/CBMifkFVX3lxTE4wdEJqQWZZTGg5ZXE1MTMzWmFJMl92eEp5RS0weEtZQUVOQWY1U0txcUxuVmR4U0g0eG9SZlRBZVczSEV6MkE3SnpOd2wyUnRRcThHRFhjZHYzSmFZNkhDdjc5bVE0OHZ0RDQ0VkdsVHdfWXJYbWJmNjdjQzN6dw?oc=5,Alamo Drafthouse,2026-08-07,negative
DC Metro,DC Metro’s Red Line commuters face a summer slog amid station shutdowns - Maryland Daily Record,https://news.google.com/rss/articles/CBMinAFBVV95cUxPU0phaGJsNUI0bUxkWnF0SnFOVjNyNzQxd1JuU25aTzBiTEd1RnBQcWlfMW9WNGZib0R4QjROeWxZUXR2OWs4aGVqTXBfLUpLT2NGMHhMLWJjVHdxdDBqU0xoRXJSRnBxT2Z2STJUeFBNYU5sc0VwX0xIMGF1aVNBMFhxZWt1TjU4MTU2LVdDLTl4TjV0NEJ3V1BRMS0?oc=5,Maryland Daily Record,2026-08-07,neutral
DC Metro,Metro’s Red Line returns to normal after water floods control room - WTOP,https://news.google.com/rss/articles/CBMilgFBVV95cUxNMDFOV0pIdFlURVFFbGVXR0pOWDlXWnlVbzRsdk5tZHhQQnRQWm10RXZ4Y25MWHhQa3ZaMFBYTEtuSzA4OWxRUWwxVzBXbk01MGptTnM0RGpRT09uZ0k0dm1aVEVIRm0zOWU3U1YtQU9VRnVIMllRQnMwYkRLam11X2Z5TGFVU1VJdkpYWnN0dFFfLWp5VHc?oc=5,WTOP,2026-08-07,neutral
DC Metro,Metro board approves funding agreements for RFK transit plan - DC News Now,https://news.google.com/rss/articles/CBMiuAFBVV95cUxQMFFjTG13U2pYbWtMbGFWV09Wd0RYVXJiMzloRl9FZHh5QVBCRXdpbzFhNWpidVlweWVFN3YzSWxBTEJkSnI2NkZRcnIxTFlIdFlqOWNyMk1UdFFxdUxvRk1oVUEySUowYXV4akRpLVU0S3c4NTNCT2NJUUhyaU9xOEdrbC1ma1pQQ3dwNm1FN3BEQ2NJOTR1M1pBU3lDYnlkdklsc055Y1dsWmRHS1ViM3BINUdXWTR60gG-AUFVX3lxTE92T2F4SjRjVFlzVy14NjRqaWpycTFySmVlU0xJcW5kV18xSlQzbEphb3BZcFdoYTlnTnVpYkhwRlV6WWtuMzBGZHBhanJSSGFGb0c1RlJDWVRvbThRejJkOHBYTXpOMGF4ZFpOMWhUVFdtMzktaTYwMmtKV1h6dVFBckQ1VkNkVG5fUEJURnZtSUppUk5wZ3pyMDRvSlVfbXRYbm45YTZFTElQdUJZQzdYYWdTNHl2TkVDUmkzWHc?oc=5,DC News Now,2026-08-07,positive
DC Metro,Weather Alert: Tornado & Severe Thunderstorm Watch until 10 pm for parts of the DMV - WJLA,https://news.google.com/rss/articles/CBMijAJBVV95cUxNX3p3bktWS0tSOW13LS16ZmhDRUF3U3N6SS13RlFWbEpLWHpaaDBaRWJ1bkVfcm9keHZUN0JvYjJKNHRXdExCM0hzeTFkOTNIZlFDUkpkbFpGTEY3N2xyR0NlM0Z3R3czUERvQjNjNk1ZM1VpajZ5cjQxamJLdFZfbkdyQ2trSUdiRVltdXQtNnZsMmYyR2RWcEd1RzhwOWFWaTRsOUVCMURrVGphVFBPYjlkRzJFV3djOFhUS2tWZi1uQy00bGF3RXhiZk1XcklST1ZXcFA1dVAxZEVUZW1DajNGQUZmQlppSXVvSlFERG03ZkFJcWlzc1QyQXVZbzNDS012ZjJ0Zk1IRXRj?oc=5,WJLA,2026-08-07,negative
DC Metro,Stuffed frogs and more are flying off the shelves at Metro’s pop-up store - The Washington Post,https://news.google.com/rss/articles/CBMiowFBVV95cUxQUjNnYlBwdFM2dEpyRnJHdlpEV0wzcVh0WGVidXpiZnhFVXZPVDEtbVVkRkZuSGEtakRJejJUOUxJMXV0anFKeENTc1BYM0REcHJUdWlhcFVmcC1VSW1LX1NiZUlRVFNadXJ3XzZzSmF3cjZkb1F3MTIzZ3Ntc0xDQ2xHMFM3NnRZdHVzWEJyX01yYk0xVmFxOUhNUUZBaE5Lb2hv?oc=5,The Washington Post,2026-08-07,neutral
DC Metro,"The Woman in the Photo Wanted to Be Alone. Instead, She Went Viral. - News of the United States - NOTUS",https://news.google.com/rss/articles/CBMiggFBVV95cUxOdGkzOWdUbGU2cTJQM2w5bjNuVkQydXoyYzZmbFZJU3dqZUluMWR0YVNkRmJyeGNOS21BS2FYWXRXSTVFd3BKYWpyUmZUc3EzRjhtd0FIOG5KWnlQZ2hycURJYWNqVnVTSmpadC1PeFhDWkduNVZhd0JtTkVJdC1Ra3p3?oc=5,News of the United States - NOTUS,2026-08-07,neutral
DC Metro,"School’s out, hunger’s up: DC-area nonprofit steps in to feed kids - WTOP",https://news.google.com/rss/articles/CBMimgFBVV95cUxPdndNcWZBZm80MHNnMlJoc2x0aE5ybXNMaUxyU0ljOWZfYmdxcFNjdE5IdnJCMG1Yb0tfYTlHQk1tNXRzaDhuMDdEalNSOVdJdDR6bGVGYURxQU9lMjQzUDFmcmxhQjg2TTFEZHlxcTgySzA4cWM1WWlFRGRNU2pfV0tycjAwb1dyQndHMGNjOHJMMC10TC1MUnJn?oc=5,WTOP,2026-08-07,neutral
DC Metro,State's Attorney convicts man in Baltimore cold case homicide of DC Metro police officer - WBFF,https://news.google.com/rss/articles/CBMi2gFBVV95cUxPUTcxNzZUanowR0lHTVAza2xCNFhEX2NDSTBkcjNIeDJFMmpudEh2WkM4QW9haExKWmFnUWVHUDdfYnRRdEdXa2x2RUE2cmJTbTFqS0RKcEtoMzZNYkZVdVExMnhMbHFxVlpQeU9sYkR3NUtTQXdCYndpMWdXTWVCYjBHb2ZoOEdmNmpycGsxSHgxM3hCX2x5c2YzNmxacm1RMktEdTRaTXFoa1dZV0IzaXhlNmhYeFJYZzZQUXZHTjhhZElueVFQdkdQZXJULW9JZ09MWUljaEZSUQ?oc=5,WBFF,2026-08-07,neutral
DC Metro,"Severe storms, flash flooding possible in DC area as wet pattern settles in - WTOP",https://news.google.com/rss/articles/CBMitAFBVV95cUxPNzFveU9vN0UtS1I2S3hMcXdjN2dkRU9Sd2xJOVpDTVhGNGVMWDNnTGRPeFVSZXBCWllabzZkQWE2ckFjdW5wSnMwWlhIYmVtMVRkWDRYTzlVaVJ6VTlIWmZBLWRjQWhUMkVsV0dBSVRCdGNpZzVHVTFCZ0toYzhENFpvNVFHdzlBTmJuY1ktSDVBVTRpd0dLWUw2RmU3bUt0VzZZYkRlX0VWM25xeXEzby1vdmY?oc=5,WTOP,2026-08-07,negative
DC Metro,Another Scorcher in Store for the DC Metro - The Well News,https://news.google.com/rss/articles/CBMihgFBVV95cUxNT1FZM09BbTBxcFhEMDlRRTZGcTNjdGxjQ3ZEa1RoX1UtWUxibE9fWHZhZmE4dGtxTGJ1NG5xWDdRQUZyRURMM3dtUDlfbF9tM2JraVNzcHNrQnByX3BhVFlYbTFyRHhTcmlQVlkzZjBHeHplVEhyb1cxcXZBRWRZR1hnNzNuQQ?oc=5,The Well News,2026-08-07,positive
DC Metro,"A year into a national guard deployment, DC residents say they live in ‘a city under siege’ | Washington DC - The Guardian",https://news.google.com/rss/articles/CBMikAFBVV95cUxPZTdkdGM2Y3BRR0JTX0ZsaEZhLTRKZEF6RmpSOV91eWFGQVpPMkU1S1cxQlRZbTJqbTBndVBrZUJZdGRkdS1ZczZLMFlIeHo1RW03MEU4ODFnRU90ZmRUQ1lXeU9SQ2dWQjBnQmpadDI4RkNCdVBRdGNqZEdYWnc4TUhfYUY5c3lQeGx5OWdrcTU?oc=5,The Guardian,2026-08-07,neutral
DC Metro,Opinion | What a viral photo of white supremacists on the Metro reveals - The Washington Post,https://news.google.com/rss/articles/CBMinwFBVV95cUxQLTYwSGpuUDV6OTJoT0NwRWp5dmtZbzBYZE1rYzVzYUpXQzlZdjlvWmU2R0FadEdhWldOamYtOEV1VjlLZnJ5dS1TX1MzVzRXaVdyUGdYcHM1dzhQNGRUZlM4OWlmejZQQjZTOEFxdkFQMjhZcW9YRVY2YjZJSG52RDJXUkppREFES2FWcnlqSXZqeFh3MFpJQTdQRGg1aTQ?oc=5,The Washington Post,2026-08-07,negative
DC Metro,Metro releases renderings of new train platform doors - WUSA9,https://news.google.com/rss/articles/CBMi4AFBVV95cUxQVTgybV9jNm9jTlMxUnR3TXc3Y2VZT19fWEwyN09jYzdWcUo5ZkFxVk14MHBncVRoa0dFUk9sdFZqaHk2Z2dFZzRUMkFqTm1ld3RVblNfOVBaaHNqRWhpbENINngzSE56blpoeW05S1M1RWt0YktDMTU2MVRUMWJlWlM2Y0ZENmNmdTljVmwzM2FWdWltMmQyX2hiV3dmd3FLWjNxSjAtTzRsbzc5M0pGNTVDN0hVU0NtdFJhRlgxd1B3UkI4V2JmQ2R6b1RFdEhwSGlqNWV1NWQwUDJ1VThVdQ?oc=5,WUSA9,2026-08-07,neutral
DC Metro,Metro hair toucher to stay in jail past 100 days as trial delayed over X feeds - WUSA9,https://news.google.com/rss/articles/CBMi-gFBVV95cUxQQ2JGY3VmZVdsdnRtWF9PUF9uT2ZlWTlvWHRSckVJNGVQR0dGX0UydGRieUY4VHZyR1daeXAzaXpBenBTbDBrdWhOZnVkdThSSW05ME5IdWZKUFhrVGFxNGdGMU5kTDMtTHNrMElNTU41dUJNV0FFeGhMbDJ2Q18zOXZ2NEJkZ09POGJISlBNOVBKRjVOMmE5SUcwbWtScFJxd21NVy03ZmRiRC1mbWFUaTdkb1BnZWhJNzVIMVAtRWZSX2JjZjVXRHhzNnJCUFRqTUF1b0E4ZVhMZU01YkxnN2t0RkF3RkV2Um9ONXJMdG1Qb09FWjNFYWtB?oc=5,WUSA9,2026-08-07,negative
DC Metro,"Mixed Signals: A Housing Update for the Washington, D.C., Metro Area - Federal Reserve Bank of Richmond",https://news.google.com/rss/articles/CBMi0AFBVV95cUxOaWNFTTJsQWdWZFNjN3V3QlZDVFNZMy1YZEV3LV9YXzlQeDE4WFBsNTliWjVWd2M1dW1xTUtfYTRGSGRCMEhJa0c1a0ViN0x5SkxTUGxOajE2cXVEaDQyTEpOY3F5S21Fd0QyRkNlaFdsd2FPcjRSbEN6MnloVzJwbXczb285b09vdjU2clVpUGRUcVlSd2J4aFlBUkRwdnFBb2tvS0lJOVJWdWZESjhWR3JROXFTOUd4RlJoUm44XzFkTTJpYkNtS203cDZrMi1Q?oc=5,Federal Reserve Bank of Richmond,2026-08-07,neutral
DC Metro,"Cities With the Most Expensive Homes in the Washington, D.C. Metro Area - Stacker",https://news.google.com/rss/articles/CBMinAFBVV95cUxPcTBTTzVWUF9NZmxQWlVuM3VGcnhrQjBoUklYa1RnZS1LbTdHekxqbDkyWDJXM3dJWWc5X2hnT1FMOTNlRzdKN2VXQUp5UUZqZGpjTG1yZTVPYUhTLTJQWWR1d2xMR0dqRjdlcFA2d25rZThRZmIwa01JNWxjVXpQbzFxa25XdUE1TWtqYno3WXNZdy1XLV9oYklTR0c?oc=5,Stacker,2026-08-07,neutral
DC Metro,Man in viral D.C. Metro photo says he was ‘terrified’ as masked white nationalists surrounded him - Advocate.com,https://news.google.com/rss/articles/CBMie0FVX3lxTFBZaUtuOXJpT3ZkUWJzS3FveGsxcHNBd05Nc21WMXlIb2h6Nmc5b2tOekxiWUlnUHpkeGxLblR5dkFUdnk0MHFOWWIxS2JiVW1vX2xxbGFjb3Npd3ZIZkxkTExFYy14X0lnaGlJQWhwNmZibVhZVFR5NURuYw?oc=5,Advocate.com,2026-08-07,neutral
DC Metro,"Severe thunderstorm watch until 10 pm, strong storms set to slam DC area - WJLA",https://news.google.com/rss/articles/CBMi0AFBVV95cUxNdVB3UHBzTDJIMGY4OVpJY21lZTR2TlpSTkJqMjEwcW5GaUU3YmgzZjZZUkdoWXQzTEhFRnQ5WmxvR1JMLVZtZTl4bVRMTFNvekd5VWVfc2hneEhIVWNDS2JUWXctNGE1bnk2U0laZENSanltVnlvRDI2ZjI3QThSa2JGTnJvZ1B5akJ5emRQQWxDTHlzaVBQUUVOWVN3c1ZLOV81UHBKTC16emYyNE1oM3JVNVVKaTQ3cHJDcDc0b0pieV9icmM2NEpkcjZTX1RE?oc=5,WJLA,2026-08-07,negative
DC Metro,"DC, Metro have three weeks to finalize agreement for stadium deal - NBC4 Washington",https://news.google.com/rss/articles/CBMitAFBVV95cUxOUUhMY2xUVnBUTWxJWmFZejJ2STNIOXByZkVVWk9hSkxIeDNoSWtVU3J1WWdNYUh0RkUxLUtFNHRERm44bjlyTjZ6WkpoblV4ZHJlZi1mRFZkMUs5Ui1NY25mRnVQUUpLNmNpVmNWaXluNUxYb3pubEtRRDN1NVBuWlM3TmJrN0lGd0I0bm1vZEk5WnExRUhrTEQtdFNKM0ZEUmZkSVRweTNHTmpDZG1IRFJpVnHSAbwBQVVfeXFMTk5ZaVdlZjllSmFmTE5MbkY5Ym1QRzVyb1RXVUJ5VHhHTlNvd0VCcmdxUnRtQUlNQ2hLSDEyWnh4VXpyOXg4alozTV9PMnJYdl92SGt0M1VxTENQcjFyME5TM3Y4dFpwTC1IX2c0ei1Wd0huTFFuTDg5UTA5S2xPeHBNY2RIUG9qWW1KVlFaZFpneDYwZzVQb1hRb1FiYVNZSnlQb0RJWmNMLUxqT0R6SHdnRmZZTWlTa3FqTnU?oc=5,NBC4 Washington,2026-08-07,positive
DC Metro,LaunchPad Home Group Acquires Top to Bottom Services to Expand D.C. Metro Presence - citybiz,https://news.google.com/rss/articles/CBMivAFBVV95cUxQTHFVUzdvREw0R0ZVUVVDRGY5SHNqMER6MEFhV3ItdHFNbV9WeUpKWkxDWnhNY1NIakJsWTNrWFFzdGRLcUhjcU1aUXM0b2l6OFA0VjIzMzlScy1zNkFJekZRNnJTa3d6STVZd3B6VS04Nk9lNE5MeFZ1dUstWFEyTHZsSWlabGo5N0tCdmI1dTk3cmdmYzNLVW9vRzZYR28yNFA4cHhxS0Y3WnIxY29OZHk2YjFQb2xJQmhGVw?oc=5,citybiz,2026-08-07,positive
DC Metro,Award-Winning DC Metro Insurance Advisory Opens Its Doors: Capitol Benefits Launches Culture Tours - Oswego County News Now,https://news.google.com/rss/articles/CBMiugJBVV95cUxQQmhrSGRZc05UZEhxLVZPUzlOSG83dGkzSlIxU01uQ0RWNlVicEFaVzBMQkNQdkp0TVVRVGxoVW9TWmNmQ2lva0xybGM1TFBVTS03NGxJakFmUlN1NWRJUlpJZDhJc2lZWjgwWVdJUElKcV93MDRDQVo2bmwxY28tT3JiamxuWmItZ0ExMkVkdlo2anpjRENEUHdGRVd0X0hIN1pnREJqUlU3cFQ2MjVKRk9jbmFLeHl6ODlXbXk1WW5xeVVCcUhOLURZSkpMbkZFd1laQi1VRlBZZWlWbG1WVGtXSUlsSllUTlhmb240ckJkOHdodFp1OWlpZVVGTElXcktpQ0I4QTZva3ZsbXZiRU04UHdnelQ1WUg4UWQwQXFKWDJpRlRjNnJ5Z0NEOENXVlliRVBuQlMwQQ?oc=5,Oswego County News Now,2026-08-07,positive
DC Metro,The hottest T-shirts in DC are from Metro - WTOP,https://news.google.com/rss/articles/CBMifEFVX3lxTE1RbUtBTVpzeUlScWYtZ2JxVTFoZDN5czU4TEhQUG44RmlpVktHUFc3U05WY2kxZVhuOHM2S1J3c2pMOXUyc2RQTWRyTW9KR09Hc2c1SVZpUEhEdy0wV1E5ZWVzSlZpdFg1cHNTUk9YQzlFUHp6ZkNFWWpUSzc?oc=5,WTOP,2026-08-07,neutral
DC Metro,Man convicted in 2017 cold case murder of off-duty D.C. police officer in Baltimore - CBS News,https://news.google.com/rss/articles/CBMiswFBVV95cUxNNEplN1Vxb2FfSy1objJpaG1qSGVteVhUaWQ4TUlhNVFnX2g3M2NJb2gwcVJrVjFsaVRZYjhRUElSLW1VMkZkZ3pkdDg1bVYyM3FnenQyaDFtLXVHSUJlVGVaOFRhcEVOb0xtYWR3SjRMUjBybTExenZmd0c0dDdiR042ZG1rdHNBYXd1MS1qejhHUllaNDZPZkQzMHh1cG4xa2F4b0daZkpJN1FvQko0UWdxYw?oc=5,CBS News,2026-08-07,negative
DC Metro,DC Metro rider describes encounter as Patriot Front boarded his train - WTOP,https://news.google.com/rss/articles/CBMimwFBVV95cUxNU3FNRlZYT0k2a2c1WGtiM0c3QUdzRmI3bXpsY0ZGZm94czg2WVVwVllrWHBMQUV5TFpCVVJDQWhZLURFcC1YRWhISDd1dkdxY2h5ZmlFSWNNOVVrZnE0MzFRQkE0UnpEc3lRaS14VUhsS1FwX21oWm1ETEV3R19LX1FRSU9RX2hkTlZyX0tvMUpTeHdJNUNlZnZhRQ?oc=5,WTOP,2026-08-07,neutral
DC Metro,Bellabliss Med Spa Celebrates Second Year and Service Expansion in DC Metro Area - EIN News,https://news.google.com/rss/articles/CBMivwFBVV95cUxQX3lQUFkyUjFpSTBEcUxOMlFDY3I2aTU0VzA1LXd5ZWVvQVo3WjBsRzlCb3ZDZll1ZVFSVnZfcVp5R2lGdm5Ud25Fa3NvemthTTRJTDJuTy1oMzFsTHpfdTY4ZFRaZWpOQ0F4ZjU1aXFkdEJrQi1nVVBuMUpKZ1hob1VfN3MtWEZQZUFvQV9scVF6a1NvZUpLVHhiSEt6Q1JxUGpyV3RjNTVic2hzT3RycnBNbURHcnFnMnk0NVV4WQ?oc=5,EIN News,2026-08-07,positive
DC Metro,D.C. Metro victim: I said goodbye to my family - DelmarvaNow.com,https://news.google.com/rss/articles/CBMiXkFVX3lxTFBlV1hvOVk3M3VYNzZUWFF3QWl6Z3ktZ3lmY3BZODl5V2JZbEtBWmhidUU3bGRTa0xlZl8yRmlrdDJWQ28xc1NCT2tkdTQ0eTcteWVTRlhxVXVPZkdWVlE?oc=5,DelmarvaNow.com,2026-08-07,negative
DC Metro,Photo shows white nationalist Patriot Front members riding with Black woman on DC metro - Snopes,https://news.google.com/rss/articles/CBMicEFVX3lxTE8yMndrcEl5QkNPakt3NUJkOTBvd2tfcU0wdEpYQW9RMHRxbUc5eTNQc3Z1VWlXSUxGejB3cThqVDBWcEdIZmo4RzcwVV9SQ1QxdGRwMVBPUnlJU0tVSzhjbEdYQmRWRGxDTDlrbTZsYU8?oc=5,Snopes,2026-08-07,neutral
DC Metro,Red Line shutdown begins July 6 as commuters brace for major summer disruptions - FOX 5 DC,https://news.google.com/rss/articles/CBMiogFBVV95cUxOaHNnQk5ULXhWM1BVU0VrQUh5bU1pRmdQN2tRZUdSODFpc3lBUFZ5UmdRV24wbVBkZzFoRWlYcW15OV92S2diVWVYSWtkX1d5cDV6ZllzSlFFc0FTQ1BOU1ZIbjZ0V0xkYmlLc2JkRmc5UmhLTDN1em1kTWNLLVdxa0FYYkJjLUE0WDZuZDJ0TFJUU3Boc3lnUnlQWnNvZng1RFHSAacBQVVfeXFMUEZtWXh6VmtEWktUN29JSjVsN05lbnZNTXh4b0pzOVhjbTlLMHItSmFqWGIzbmQ3QTF2b3JoS3JzOTEtQnlsQmZrc2NCUUxiTEZydWhwVkZXbDJYNVk0aHMxZWhhN2tMcjkyVnhZSnJNQTh0V3oyTm1WemNCRzUtNTRXcVUzXzZNSTJWTkl4OU1kSG9YSkRNVXBheEJxR1AtV1JjdjVCLXc?oc=5,FOX 5 DC,2026-08-07,negative
DC Metro,Most Metro Fare Evasion Cases in D.C. Are Thrown Out - News of the United States - NOTUS,https://news.google.com/rss/articles/CBMiXkFVX3lxTE9NcENhOWNRdGdldFBNTVc1SV83SUdYQVhTNWJWOUItYWpKX3VKTVJMeVpaSl9JOC1WSTljR0ZqYml1eHllSFYtR2h2NHF3MjNaQnVBUUVaQmkxUlZ4cUE?oc=5,News of the United States - NOTUS,2026-08-07,positive
MBTA,MBTA to suspend parts of Green Line for 9 days. Here's what you need to know - WCVB,https://news.google.com/rss/articles/CBMiowFBVV95cUxNRVBpVEpRQkY0U05yUndJVXVsYTBYUzlxdVZ3bHlRTHFGaDVaVTlwQzFxOFM0RjV5aUhDTkVKaGNNOVR4RjdfVmRxMjJib3NiYy1ucWtfMHRxNzVoTEdqTUExS0ZJRHMyV1JaSzR3ZUJScDV4Qk9pbE5BMHQzVVYxSzZaY0pOMlVDUnB1UDJscDRLdmZOd1FXQ1g5TUc5ekxhTFpV?oc=5,WCVB,2026-08-07,negative
MBTA,Another big MBTA closure is coming up. Why are there so many this month? - WBUR,https://news.google.com/rss/articles/CBMiggFBVV95cUxOYTFFMjBuN1g4TVl5Rk1Vb28xNlA5X2o5My1VTUpEUzJwNy03ODl1NDFUSExuUWxvZC14dHVFNGVydzI4ZlE0cTkwc3hqTkxwczF1NElVRWxGY1lrejZCYXZnMVpENzNjRjdzRC1DUEdiejFoSUpQTEdWdnM1bGVSS05n?oc=5,WBUR,2026-08-07,neutral
MBTA,What to know about upcoming nine-day Green Line closure in August - The Boston Globe,https://news.google.com/rss/articles/CBMiekFVX3lxTE1EZ2hza0xaSHgwcDg2d0E3b1ZXZG4zaUozR3k1NUdZLVpGem1GZGpsdEpoclB5R2xIT05TRm55eWUtdUFiTnFrT3p0WHB6eEdhZV9jN2F3OF9fLXN2S0ZnRnRwRXVDdjlWME9XUk5Sd3EwX09MaXNpc3l3?oc=5,The Boston Globe,2026-08-07,neutral
MBTA,"A 9-day Green Line shutdown, then an 11-day Orange Line shutdown: What MBTA riders should know - MassLive",https://news.google.com/rss/articles/CBMi0wFBVV95cUxNQmJ5cl9rc0wwUDkyTVdPYVh0UTU5cUNQQkZsaG9ua2lSSUlSZjVaWENSclF6SEFyVmlkNXNSSVZGZ2hDYVVUQWZWb2FKcGZUUVBINDh2ZU5tb0ZRUEdETnN6VjBKWmF0Y3Y1V3RTRnVXdlFVOS1wck5SSkM4Rmt0aUZadS01OURFT3ZMQ0JNVTFYd2FhRXY5TS1FV0t0ZVRDaWNiZWRZeEhVeTJNSW1ObHN0ZTI1X2pEX2RoTHNOYkRxbmtoUC1zaU9nRTlCZ3p4YlZJ0gHnAUFVX3lxTE1jVzV3QUVQMEFvakxkandTcWsxdHV0LW5lZlNVbEh1NUdLazFtWHVJMzhQYXhjMlNadnFGbXlFbjZaaEtIUTI3ZmJpTGc3bXZiTzN0N3R5STZEczl5TnVGNV9yNWtucF95cWpSR29SWkRoU3Q5YWE5TV91OWpvOTNwcmZuWDU3SGR5RVB4VUVuN3k2LVlWU3BoVURKYXcwYUNoVnlRNUFIMkpTVHhKblZpQmxNcjF2Zm9KS0F3aGpFWGxHVWd3TGZRQWhyRDdkRVZsMV9oVjBuWG5rRmhmTXp1Z05rMEJDYw?oc=5,MassLive,2026-08-07,neutral
MBTA,"MBTA apologizes for continued Red Line problems after shutdown, explains what may be happening - CBS News",https://news.google.com/rss/articles/CBMigAFBVV95cUxNclBIMUhocFpvWDAwdkN0NktOQm90MW5ULTJxMW5rbzVOM2xkWDNFbXBpMmhEZDZENGwxNmE3eXBMNl9UVDhkMHFDdUhSSlBhaC1UckxkT0RrNkpFT18wUzhCQ0UtOFlzLVpDLXJ4NS0yWVZwN2dZMVEwRm90QThJTA?oc=5,CBS News,2026-08-07,negative
MBTA,Mayor Wu and MBTA Announce Compromises and Another Round of Meetings for Blue Hill Ave. Project - Streetsblog Massachusetts,https://news.google.com/rss/articles/CBMizwFBVV95cUxPWkNHYXJfSmo3ajZfaWU3S1Q5TGNUMUVVSXd6NThnUGFUU2R5NWtGMXVEODViNkRGdEdhclJWeTJDVGZnZDR2QUhQZnpEdGkyS1Z2UVhrX2xhSTVYN2dieThWN0tCN1lrMXJGZXV2ZGxRSklZSTNfU01XSWhYeXRuRktTQUpFM012MG8yUm1CZzhCejkzWDhudXlONWNGQjctSTVKQTItdHdSLXc0bFo4b3lOdURJTFRpdTZ5RVpGeW13dlVEanAtSnh2V1FNOGc?oc=5,Streetsblog Massachusetts,2026-08-07,neutral
MBTA,MBTA escalator: Video shows woman trapped at Davis Red Line station - The Boston Globe,https://news.google.com/rss/articles/CBMihwFBVV95cUxQc29iUUtmQjFMTmFIQ0ViOXFxUG1xLTNRVm9xQ3RLSW45amJyOXo1dWZuV1JOeXc0YUI5cFo4RU1JYnJXeWNjX09aTnJPZ3RjcWhDNUNsTDBKaWlqYkZXck5DM3lkTXFia1ZuQVFQT1hqaDRjR09PdG9iMGNjeVJhdFJVUUlhclE?oc=5,The Boston Globe,2026-08-07,negative
MBTA,Good Samaritan meets woman he helped when she was trapped in MBTA escalator - NBC Boston,https://news.google.com/rss/articles/CBMiwwFBVV95cUxNZE0zMS1nYkdKWE1yUWFET3djZmFzSVNTODN3UU1tSVh1WmFWa05QODNsUXoxZWZLWTZsUEVJN0ZmT3JMVkZKb2hZZlNLajB1Tm5Uek5ISTNpRmpjcnRfYmVSTzhvLVN2VHpMYS1jX0VnSTZaNHRhbDE5V3YtUkRFd2RESTdXelZLdlowNnNxeVJmd2g3VGx4Rm5HaDdtVjhvZVVEUjhZeEFTQTBISE1uTWduRElfSmZVM1ppbTBSeGNjNknSAcsBQVVfeXFMT3ZMVG5iWkgtaUpCMFV0ampVT0JSWVhZX1F5VU93X3N0OGZPUlRGMTZxb3lNUEtlQTVUYV9SVGNHaEZ1UWFkOFpNVDZFblVwWnBxNmkyVFpKNXAxZVJBeWU0N19Ba1FlMW9QR191NVlkdnJsdEh2X0o1S05pMGx0VjVWM1lOZ1gzX3djaUtmV1NVNG8zTHhDVUNIV3JBN1dnT1Z5d1o2QlJka29lZnRJVXNEZUhROWQxT3dfLUZYOGFHS1dQVXFZUjJTeGM?oc=5,NBC Boston,2026-08-07,negative
MBTA,Fairmount riders deserve same deal as suburban folk - dotnews.com,https://news.google.com/rss/articles/CBMikAFBVV95cUxQX2NxaVJONXJCQlc5QWhPeW9pS1hRTWJfOU94cEkwQ1ZrTlViczRPYTAwWmh6dVZEN091YTl4WFU5YU9QVTFXblFYREdKX2lWVW1LY3FzNy1wbkJpNXpJUTg0QXVVRW52Y2JqVTNWUUZjbEhWcWpNOUlKZ1djV2hHR0NESTk3ZjBBcU1aMWR1UDc?oc=5,dotnews.com,2026-08-07,neutral
MBTA,New video shows escalator injury at Davis Square T station - WHDH,https://news.google.com/rss/articles/CBMiiAFBVV95cUxPWDBWanV6SHYzYzZnNzhqN0w4eFlET2g4akRwcFdhejVQNUd2bHYxaVlSU2FfNjBMNmlLeEVzQnFyNEtPQnFlWmVKLXQyZWNBbGF0SG1iN0Ywa1RIWUw5Zy1ndFFIbzNyUEdCRi1lNHZ1a2pZby1xekRYLVRWZEEwZXRMeUduU09y?oc=5,WHDH,2026-08-07,negative
MBTA,"Woman trapped, injured in second incident on MBTA Davis escalator this year - Boston.com",https://news.google.com/rss/articles/CBMiwwFBVV95cUxOM1pkWkFuLXhaYzB0clh2b1VfU1p0RDNzODBXLTRBQW1EMjkxSkd0dWRNdVhRNXRnZEFpeF81aDRiTlJrTjBOUzRkVUZJRm02c3d1cXhCN2JyTWNwTE9DYnI0ZXpoYi1HUzdyTTRBQmFQaXo0U25IVVdsZDZUTm0wdDFMcUNUNEdFZVRPRE9rZjN2djhFVFZnVTRyY00wRXNleDBKNGU2ZjN2ZlpNXzZacDZDbjNWN21VamFXdmV3OXE3c28?oc=5,Boston.com,2026-08-07,negative
MBTA,WATCH: Good Samaritan hits stop button for woman trapped on escalator where man died months earlier - WPTZ,https://news.google.com/rss/articles/CBMihgFBVV95cUxPMldCVktZQ2g1ZmN6RUpxblc5Wjhidk84Q2lhSG41dXVSdnFPOWJnY2Y3RkhyNk1zc05zVS1tQUp3blNEYzRhX0pqdXBnRVdPdmpGRDJTZmE0Z29SX0UtZmI5UUthQ1lXd0hEVXExOUFYNlFaRk5vTzkxdzlUVy1jWkVrUkpmZw?oc=5,WPTZ,2026-08-07,negative
MBTA,Rail News - MBTA completes Red Line infrastructure work. For Railroad Career Professionals - Progressive Railroading,https://news.google.com/rss/articles/CBMinwFBVV95cUxObWxwdjRCSGl2UzNzMm1QY3Q4ekFHa2xRX1h1VDgwaFF6VjRMbGN3OHh1dzRZY3pHdHREdXFDM0xHYVZqNE43YjJlOWpId0Z5R0JKUlo1NlpvWEhzSGVCc2k3TkRMWGZ4VTZZa0xhZjJkbDYxdUVLbmFfZ0huWFJPYTJ6ODdwN0xPLXJIQzBSdFdfTUNVWmtiVUxMaHV0Nmc?oc=5,Progressive Railroading,2026-08-07,neutral
MBTA,The MBTA is rolling out 3 new fare discounts — and extending half-off commuter rail passes — this fall - WBUR,https://news.google.com/rss/articles/CBMikAFBVV95cUxQRDBpblRxYnp4V1VRZ0FIeVQ5UFdELWdid2RXcjhQOFhlRUFUYlBNQlFQZkZXYXFjXzhLN2xrNV9LaWVpWTNtd0dROXVCaDZkX2VtV3hZSGlwNVZyVFEweC1oSjZqWC1EN3Fxa0YtNzZ6M0lpR2RCZzdHSDFMd1k4V2ljLVctRjdNTU9NT0RRWnI?oc=5,WBUR,2026-08-07,neutral
MBTA,"MBTA extends two commuter rail discounts into the fall, lowers some bus and subway costs - CBS News",https://news.google.com/rss/articles/CBMiggFBVV95cUxPUVEzLUFNWlNwTnVQU2JuNWtJSFRZM2ZGMFZBLWVSdW13cEkzTHlXQnI1QnZOU2Zyc043WnhfOTVwR0VWMFRSRlRERlF4QXBhSGVBY05OTEtlYWhkb2syYm9QNjBLRzhqY28wYXdGWEY3WDVOLU5kTkFFRkFLQm5EQmZ3?oc=5,CBS News,2026-08-07,neutral
MBTA,‘She was really scared': Video shows woman caught in MBTA escalator - NBC Boston,https://news.google.com/rss/articles/CBMitAFBVV95cUxQOWNURXpkTjl6eWxNTklCbDZiOEljMm9GTjNnRDF0cl8zd2lRZ1ZzeXVobWVLRG80blFXQjFrY1kzaHF3UW1VVU9yaHJrYk03VzFlV1kwT2FVWGgwTmdQcFc1SEFpRm0wOTctOXVYb0M4NzZ4Yk0xajZ2TDdvNHFiM0lHWVBqMnVwVnVvdEpHRno0Y21JSEplQXJaUW9oNXZZSXJ1dVQ5dzlCTjU3enlHM1lLNU7SAbwBQVVfeXFMTnhlYWJoeGNZUmh2SVVmd1Zfd3ltOTQ4RHNNbWR5N3k0V2dBN3FGRGNlQ2g4QjEzMnRGd2hMZU90ZXByaTFpblhfZUtfUXR2S3NFRXBHYWxJd09sd2lycGJ1djZYYnJ4dEE5Y1VyNXVEbnQ4MkR1QUQ3OWZhcnd5Tlk4NmhUX1RSdXpTWGhYOWM2WHprSGlHNnlLTXc4TUpTSW9yRG4wVFZQc0E4U0I0a0RpU1ZiY2ZxUHNDd1Y?oc=5,NBC Boston,2026-08-07,negative
MBTA,Good Samaritan meets woman rescued from MBTA escalator - NBC Boston,https://news.google.com/rss/articles/CBMiswFBVV95cUxORjhvNHdzU1NjR2NhZjVETXBaeEVNU0xGcEdlUHJoTWFkYkZSR1I4dzVMVmNGWnlkdVpuSGxFbE50RWZLOU1pOS1FN2RSR25xZGpXZ1dfYzlIN2dQbmZHZmZqS09pMkFmT0VEU3hUcGx6elBuM21DWnMtU3RuZVd2dUJVN1g0bWEwZlIwSHdGdWxyWkV5TzQ1XzkzQWZvZDRkSlp6aE4za1JwdGpXZE1BaHAySdIBuwFBVV95cUxPRDI2N09RUlBRazF0cEdUOWgyQTRZaW0xX1FXaTBMN2dwcG54QTZVX0xKTExDNFpHRWhvQS1mNHFHY1ZBMnI2RFE1WEg5ZHNyOUl1UENsNDlwVWF6bXBRay1vamVhQ0dJbGViQVFzaTNlNlJydnR5R2drbzBnOGtnTXlqWVJqMXpCR21QYzJHRURwbzlpTUE0Z2djVGJuYmd3eGlFcGw3allqMER1NTBIbmFseXhsa3VMQThB?oc=5,NBC Boston,2026-08-07,positive
MBTA,"Red Line delayed by smoke, signal problems after MBTA touts ""successful"" 10-day shutdown for repair work - CBS News",https://news.google.com/rss/articles/CBMidEFVX3lxTE1DcmNkdF9UQ2ZYRTJ3djlqNXAxWGlrc1FuRi1FeVhGSVpBbjE1N3hKcEJMTmpfZ2VadHFIeHE0Q0N3eVZoS1ctdW1vRC1sLVVnQ2trU180UHAzV2VXRGhjR0hzSzFsWUlfOVFLZG5qeFNWUlly?oc=5,CBS News,2026-08-07,neutral
MBTA,MBTA Green Line B Branch Service to Be Suspended Twice in August - Boston University,https://news.google.com/rss/articles/CBMif0FVX3lxTE9adk1OXzBEdGJyVTc0ZkwwVDJjWFNqQkxTVzZ5Wl8xRFJVR01sN2hJbjdwWXhzcUprbVRRcU1EQ2lEMHZMbnNrWW82VzFzT0p2ZTluVHpRa0hFNTM2b1dhbVdwU1FMbFRnczN0dWhfWlZzMWtpX3A2VXd4NENYbFk?oc=5,Boston University,2026-08-07,negative
MBTA,"Woman injured on same MBTA escalator as deadly incident, but stop button used - NBC Boston",https://news.google.com/rss/articles/CBMikAFBVV95cUxOaU9JMnQtSVdwTUo5MDdyeU9NTnZiSGlha2NpY1lMbUVjeWh4eXU5eG1pN2J6TnJUNUJkdHpNT2NSOUhQLWN1akpESHFhYVBDYXhKbU9nZmVaLTd0QW94bkRjOFpneFpvT1pqY2VsbUNpcE5fQTRjTW04NVpxN0JkbDc2Sy1Wa1Q2RlB5VzBHLWrSAZgBQVVfeXFMUEplM0xVRGFHXzN2UkZfVlZjckdFX0FhZU9JNW1UeU9CYkxUSHZpX09wa2ZFRFFEV3RMZC1vU09oZy05MWg1dXZZNVMxR2NETUs4SjVQSnJtTkVOaFoxOWI3VjRhSndqYVA5SjhFaTVLa2lqdEJxU0dBMGxwd19MMDZFckhUek1FRGZNeG02RjRkQnI0bHpYa2s?oc=5,NBC Boston,2026-08-07,negative
MBTA,Your Green Line Station Will Probably Be Closed From Saturday Through August 16 - Streetsblog Massachusetts,https://news.google.com/rss/articles/CBMiuwFBVV95cUxQY1o5RDJCd0EtT3RIcEQtZEswYnlreE01NkVIV29UT0tyMXRWbEh0aUplcVlKd25CQnZRS2JBMGVzSHZNQnlBSm1sR21acjZuNXpYRG1lNktkZldxNlJGNFpadGxTS3Zqd0s0UmZ2bndKTmswck1Gc0tQaVh4M2VndWIxVTZYR0hFczNjZzZxbnpNb3VGS0lSN0pVaW5tT1VQSEs1YVBDTUVLV0Y5cnF3cWlMR01qNzhKMWpj?oc=5,Streetsblog Massachusetts,2026-08-07,neutral
MBTA,Significant MBTA Green Line Closure Coming Soon - Patch,https://news.google.com/rss/articles/CBMijwFBVV95cUxQbEFaVmVpLUxKZTJjX2hGd3FNUnhxejl3TnNBTWFOb2RYdWVzcWR4OFlPNkQwOVRMeFdYNkxDejB0NFBob0V4dkk4NGRsa29TWXB6V2FLa0xqWTUyOFFzTThNZ3pTbU1Hd2JhOWhwTmRWWkJveF9vTjNpWHM2cHZRa0ZudmIxRkt2VG96UnA2MNIBoAFBVV95cUxNZUd0WHNQaDJITGl4VnloTnFTR0FLTVNSaWZ0U1pOQXdiZDZnX3I4N0ROMVhiS0NXSnFkcDJSTmFqTmNpanVxTkxjNVdJTXNPNUNkMTZiNEp5UVROQkhvOE5fOFFVYlNfQkgtOUJnZFNISXhrdF9kVVpIcUFxUEk0STdhVnRwbUczcnZQdmJPd05nalBDMmhEUDgtekJyQkk1?oc=5,Patch,2026-08-07,neutral
MBTA,"Mass. Approves $530MM for MBTA Operations, Infrastructure and Reduced Fares - Railway Age",https://news.google.com/rss/articles/CBMirwFBVV95cUxORXNSbWtIMVBHTFlRR3BVZktMMXhJN19MMnk5NS1KTHV5WXVXbTNLWkszVDctWm9zZ1l3aXNoRVdGMXVKQ0dyNG1FUDFYakpXS2M5V00yQ0RNRjU3ZlB5RjdRejVMUGJtX3I2czdnNUhpbFJTT2pHV2taQnMxREFPbl9QZmVpX3Z1ZGdGeWtyclFuRlQyX3BEMGdXcDQ5dGc3MkJ5OFpLbXZ2WFNjTEFN?oc=5,Railway Age,2026-08-07,positive
MBTA,Healey announces new MBTA pilot programs to make transportation more affordable - NBC Boston,https://news.google.com/rss/articles/CBMioAFBVV95cUxPQUJOWm9PVFFHWllpNDVxMm91OUttM1hPak5NUXdjV0lSVlZMRVVsbm4teXQ3VEVZV2ZwX2diZHNwTlJJaUZTeUNPVjhEWG5pSC1iWlNRNEhuQ3dpekM4MXplMk9aQTlmdzc3RXhYUkszOUZ5ZEQyX255RlRNSnVwRHVCLWh6T3c5cE5LVHFISlNZZTl3cGpqV0JxRTMxMFJQ0gGoAUFVX3lxTE1hS2hOY0ZKR2llcmFrckw1R2tOdVgzX29fQ1N1SjhxdzJJS1RxSzZyTWJHY3FoY1NwbjBwa2FfRU5kZElfYnNCaEMzaFZ5WlVaVm1hcHRlc0xRVU1RVEJfNW9lZFhUWUF6SGhJUENyRmo0RGhvalloTGdQeUdmM29tMGd3REpHb0NlTTlub2N2MjFVU2hEbUJUWXNQZEpUR0xOMTlJU3pidQ?oc=5,NBC Boston,2026-08-07,neutral
MBTA,New MBTA pilot programs aim to cut costs for riders this fall - WCVB,https://news.google.com/rss/articles/CBMioAFBVV95cUxNS0tkRERjWEJmbGY1a1ZTUzVKOERacEJXVjFUQk5IMzFkcTd1cWZsNWVQaEY4anZuS2U0VVV6SWswNENFR09zWmhQNFFXNnNvQnZEYmltdnd1cjRUVFFSLVA4ZTlfNDJGelgza0NLS1NXLWhkbnlZbUZBOWo4SnlYS0hqVGJjVlpid3llTlNrbWFBYkFfenpzVHNlT2ptelRB?oc=5,WCVB,2026-08-07,negative
MBTA,MBTA launching new pilot programs to make public transportation more affordable - Boston 25 News,https://news.google.com/rss/articles/CBMi3AFBVV95cUxQU2UxWkRtUkFwa25nWnRjWkFCOGtSZHJ2M3AzekNEVjFxZzA5WnBpX045aXdVVnZrZUVDVkZaNC1meE1iOVdaN2VneVdUWHRfdDRxUEc2TXFwU1ZNWEtIYnVvTGVtdV9GeWYyajUySlR3dGFwOW5ubkJfbGQ0LWNTTVhxaE9TUnNOQV9WN0Q2Nm1aVllzVW84WmhEMktWNTVKZ29rLUJOQi0xMkFtVl90NEp0dmpDRWczbzVyamhiZ3NWSU1fQ0FSLWFOd1JHME5Va01VMENBSG5mdHVr0gHwAUFVX3lxTE1OVDF1U0dxU1MxMGlVZ2VtREhDLXhYOFZaQVpNNDNsT2s2R09EenRIZ2ZQYTZKdU9GYjc1My1pZHZNenNnbVBjU2xRUlo2WVVvNHJtTjQyeGhKQXJsY002SzlhcVdvT2ZXUngyZkRBOUlRSVZpTmZRdmE2MUprZ3QtSVN5TS0tZ3RaYzhiUi0tdmFSalhLRzBISWNLZ0JQZjV3dDVRRDZBTVRHUU5sVUlxM2w3Y0R0cXVGVjlmTmVwSzdnODFYMmVmbUhWV2FiTDBxS3I0TEcycGN3Zy1ZdVRqbTN1QlNpUDk2cURGTFQzZw?oc=5,Boston 25 News,2026-08-07,neutral
MBTA,"Mayor Wu, MBTA General Manager announce community meetings for Blue Hill Avenue project - WHDH",https://news.google.com/rss/articles/CBMirgFBVV95cUxQRWtsZkFxMC1uTlpfV2VTRS1faFc4MlBwbHoyQk10SWZxTU5RZlBkVFJPUnJFUUZDd2ZaQnFUMkFEUGVXN05VZnhPdWRod2J3dkg3MklTNE56SDJaa3JBN2RXYWJCc21FSTBRZGZvUHQ3QmFHMVFDZ0hiNlhHaFdVOTgzS0FQR290YzBvY0ZHN2stazlWRUpZU0VyMlpXWk5vU0ZQVS1oUEV5azdUSVE?oc=5,WHDH,2026-08-07,neutral
MBTA,"Brockton teen critically hurt at Montello car meetup, driver charged - Enterprise News",https://news.google.com/rss/articles/CBMi0gFBVV95cUxPR1d0V2UwRi1abTNhSE1KMVRxMXQzWHUwVFZIRjI1QkJNTnhUWlBKalloa2o1RG93dnVpeFJiZjNXMnotRll4dklfbVZwTXY3NGZtMHdXZVB4d0E5WFdYNjZ5X29peFNwYTZ1aVBxRFNwX0Nzc0FKS3ZZVlkySW5OUWNtWDVFV2dhU2JWUVlfU2xsWS1rX0tOcF96ZTVZTE1IQWhOLWVrYlVZbWlrWjB0WS1pM0oxa29RVWNycDV4bkY3ZXVxaV8tUC1Rb2t6N0cxVmc?oc=5,Enterprise News,2026-08-07,negative
MBTA,"Person hit, killed by train at Attleboro MBTA station - WPRI.com",https://news.google.com/rss/articles/CBMinwFBVV95cUxOckJ5S1FPZTlZVFNvSFFNMy1KUUhKX0hiaDdobERqNkhfWTZRVmpZM0pCby1Pc1pZeE92QmpyUDRNRDk3NUZCQnZId042blRRUlpaX2loYzhJUVpuTVFleGh1bEVIeDU3Zmhwend3bF9LQ2ZleUhRU1Zjb1JmMHNmZXh0V1JIYjJDeEVUWEdTdXp5R0IwcVZ1dGhTMG5NZFXSAaQBQVVfeXFMTnhrTDB0RlBubFl3dTJVUHhlemtTMHM3TVRpZjZkS1V3cnpOdDZqU3JzNW8tU2ozNDJJbG9BUkhGdDdZWXVuclBxUkdFZTUzNEJUNjFmZnBwbTlxWTV4akYxemI1Vy1WN2lSVHFEWUlycE1lTUNTYjNxdGxPRE1WTlZlZU8xaV9kb0ZjT0ZEdVFLSWxGNDlRVzVybzFmSHh5bWZzS18?oc=5,WPRI.com,2026-08-07,negative
MBTA,"MBTA Temporary Schedule Changes Begin July 27 - Wellesley, MA (.gov)",https://news.google.com/rss/articles/CBMiY0FVX3lxTE94Y0F4RDd6ekhGa21FbW55M0R1cWx4TlhZbE1CbTlQOUI0X2ZIY2FqOFdGOWFpUkdKMFNkbC1WTUcxeDMzT1VNeVJqTk4xQlE1QjVVTTd1WS1fM3BSN1RBam9UWQ?oc=5,"Wellesley, MA (.gov)",2026-08-07,neutral
MBTA,"Parts of the Green Line will be suspended for Nine Days, August 8 – 16 - The Somerville Times",https://news.google.com/rss/articles/CBMiX0FVX3lxTE9pN1VoTjlqUHdaQ1dDOUFBMEowbC15dV9rSl9zd09WOFdIRzM3THRpaUdSd3hBVXp0TGg0WGZTRGhjYUtPTkRVeXNDaDNDWHBuRnpTRlFHaVI1ajJDaUVr?oc=5,The Somerville Times,2026-08-07,negative
MBTA,BTS fans call for more MBTA trains after Gillette Stadium shuttle sells out in minutes - Boston 25 News,https://news.google.com/rss/articles/CBMi4AFBVV95cUxNMDJQUG9WeFNraFpYR2t2aEJuNlBibUs3dkQyTGs2Ul94MkNGVnhfdTMwSGxQemQzWlhzbXZKak4xQy1kR21ERDBHUjZtNUp2YTJwbjB2UVN4azU2cVNzaHdoU2tIUm5UTHJuRmNxUEhFWmFwekViZmVycHU3QUkwZC1PTjFoa0lDVEZDSm9QSFJTazBfdTdHSWV4ZjVkZmxsMGZFV0VaTVl5S09tYXpfNGhLd05kcjFqenNoeHZTSVVzdmI2SDdBd1BRczRzbmN3OWJIRGl2Uk5LczkyY3hvV9IB9AFBVV95cUxOSzlSLTJQci1YV2Jpd3dGeFV4STNaZjk3Nnl0N3Y3aExpQnAxcnhYZzRHdE9HUGJQYXo4bXVSVTYtcWZQSVZfeVVGNjR3U3ZER0xhdWpQc29WNHNnaXBUTmdBeW5sZHFrUllpSWVzWnFYQXRPUmthLTRpelZKQURhMzM4TGxPdEU5dTVkd24wQVRfLTN3QnVPV0YxZHVhUWJ4WmRkYXpRV2c0ZkxMN0xIOUNINkM3WG1RamhQSGJ6ZU10ZjMtM2NZaU5ZSlBFblcxbmd5T0VJNDY3cTZMeHFVUFk0UUNjSE1kLUdObnJuOXV1dllV?oc=5,Boston 25 News,2026-08-07,neutral
MBTA,"Woman trapped, injured on MBTA escalator that was site of fatal incident - MassLive",https://news.google.com/rss/articles/CBMitAFBVV95cUxOdVdzalNTVWhpbm9JeEZQTXAydVphU1pYLU9TS1pncjVmcnV0a0FWenBhRnppc1dNTm42NkVOUENpTW5ONDBhU3JZWEx3MUFNc25PbFhmdE9FRkxCd3U1dUlRRHhoYVJvb1U0cHJEc0JEeWtRTXVCaUxoZlRRMHQwcHl6N1lYUkpjVjZEejZlekl0eFc1VkdISDVxXy1JdzZyMGY5NGFQakUxajYyMGN5dWwzcUvSAcgBQVVfeXFMUG5HMTJKNE9XOVBJS2Zqb2pDSFQtVWdCcENDUGVPWno4N3dlaU01cGd0MVRYUlF3Z3J1YnJpTy1yYlBySDJLSFJHeGZhREhWWWRubE1jLS1XS1NwOXNFcVBfQ2RvQ0R3dFFWZGNKV2MxQWd0bENJUlNIMUlfQmdTbHFiaWNZMFVyNDJSaGM3dVFoUC1DNnc5SlVqS3BuSmFzN0lIOFJUNWFkSVJLRkk3Y05yRE44cFV1M0IzbDVXWUhrVVNjUm1XUDQ?oc=5,MassLive,2026-08-07,negative
MBTA,New Fare Gates Installed At Ruggles MBTA Commuter Rail Stop - WBZ NewsRadio 1030,https://news.google.com/rss/articles/CBMiugFBVV95cUxQUnk0SDc4c1hHMVhKMS1pWGY2azl5cC1tN1ZiNHpmYWU2SUgwY3RlX2lsQWdMNV9nSC1aSE5zMTZnTm5xNzlFS1dQbU9ScHRvSlBEMzJkTGNPbTdWNWdlRnlLWGg0OU1WTTh4YmNxa252endDY3hFX3R0bVVPbXh4M2JBRGNnTElMal9SY0piUjBMYjVjNGN3UXpBbE1DLUdaNXhVQkFDN2ZtdHcwaGJqMWtlOGxmczFNSXfSAboBQVVfeXFMUFJ5NEg3OHNYRzFYSjEtaVhmNms5eXAtbTdWYjR6ZmFlNklIMGN0ZV9pbEFnTDVfZ0gtWkhOczE2Z05ucTc5RUtXUG1PUnB0b0pQRDMyZExjT203VjVnZUZ5S1hoNDlNVk04eGJjcWtudnp3Q2N4RV90dG1VT214eDNiQURjZ0xJTGpfUmNKYlIwTGI1YzRjd1F6QWxNQy1HWjV4VUJBQzdmbXR3MGhiajFrZThsZnMxTUl3?oc=5,WBZ NewsRadio 1030,2026-08-07,negative
MBTA,"MBTA extends commuter rail discounts into the fall, lowers some bus and subway costs - WGBH",https://news.google.com/rss/articles/CBMixAFBVV95cUxNQU1BSDVhOVNVRFRmc1IxTC1Ncmd6YU0yN0Rpc3YzTVJacWtucDBIajVrWkQwNmFsb2dVNl9vT2dWVllacW80czdUbmJzTFlSSnJVam9OWWtjYnhZWE9MVFFhdVo5b2R3R181WDRTZkExNjV5cTBvWkhnZnNtaUdEVUJGWENuOE1ocGtLcDBYMjdnOXVSbVlmbVN5VjNhVm9EZC1nYmFuYzVhMTdHUXpXbmdBQUFkbEQtbW1BWmhQOWdVbVNr?oc=5,WGBH,2026-08-07,neutral
MBTA,Boston University Alums Uncover a Glitch Enabling Free MBTA Rides - Boston University,https://news.google.com/rss/articles/CBMihgFBVV95cUxQSElvR0RCX1lXZkNfTk1DVHd5VHJ3ZGItSVd3dFZ2NlhFc0lReDl0aFFPdU5obVRfT3JHc1phcVo3QkgyMUZtSHpGV0hwdFNPS2drVzd2RWEzX2xseXF4bFBGcnhMMHFUWXlfbmFva1U1SlBZZUgyV0k2QnUxazlkVk9tOE1DUQ?oc=5,Boston University,2026-08-07,positive
MBTA,MBTA expanding commuter rail fare gates to another train station - MassLive,https://news.google.com/rss/articles/CBMirgFBVV95cUxPWklOZDdpUGdyVmVXX3MyOTRGYXk3Y19HWXZUR1cyd0VXd1cwNjRMeXlqLUx3UkJvMlNBS3dsLUZJckxTc3I4aUZ5WWhRbDB2N3VlLTBrc0VTX1NPTTZwQzd1Z01EeDVrendlS1pJVDRDQk1Ea21TOE5FVjBCSV9Cb2pSVEdndnFmOXM0SmJXRTVXWktabUV1c3dBMUtpU0g5Y0NXTVQ2bzFTbU10SFHSAcIBQVVfeXFMT3BLdGlSazdBX25tMzVlM1JXWnpELU1aaGRoSmtBZEljenplLUpJRHFSemx6RkQzVGk4OU5sdkRUaW82ejJsZkpjWGUtaFM0dXVxT19NS3A0a19JNmx6MHFxRUwtX1ZRRkdhdEMwNFBSN2hObHpUZUhmZlYtUDRTOG5vVWJaRUNNdkJyNTd4OTc0M1BBbUVKc3IyeXR1cUx5R1lDUlFndlVCR2FZeF9hbzd2M3NfYmU4Q0RQbWoxSjRnVGc?oc=5,MassLive,2026-08-07,neutral
MBTA,What to know about the Green Line shutdowns planned for August - Boston.com,https://news.google.com/rss/articles/CBMiigFBVV95cUxNSWZnNTJpTjZ1a0tZZk9mb1pieE1kNDNXU1U5SERySDZSQ0hqU1hSUFotU3JIbEgxMDhtM3M2RFdreTJPdjl6VFJtRUVHMVY4cXBGcWNKMG9GdlFiT04yNFFLLW5JYWlzRTEwT2xaaEVQUE5BeGdfTGlrdXNtTW1heXhhbGc2SXZGalE?oc=5,Boston.com,2026-08-07,neutral
MBTA,Video shows woman caught in escalator at MBTA Davis Square station - The Boston Globe,https://news.google.com/rss/articles/CBMiugFBVV95cUxNN2hTcThzNjJ1T1hxQU4taUJvbEh3YzZKRjVLdTRuRDRmTFdzOTlVZWxUNDRiakZEQ1BUNnJvZkhoUE42SldodXAzUTNZbUJTOFhQNDBxMGVzN19IMlNJQUxqakVKUURsOG11dTBUSFA1YkVtczI3NDM5VE5ESFh5Mld0THVNbGVpY1F3NG5tMHVPZFptMXZzQmpvaF9sbzhyLXAwNTBaTE5jV2FiQ3BfUTZVdlR5X2FnSGc?oc=5,The Boston Globe,2026-08-07,neutral
MBTA,MBTA extends commuter rail discounts and lowers express bus fare to keep passengers riding into the fall - Planetizen,https://news.google.com/rss/articles/CBMitwFBVV95cUxPWEJvRjFCOG44ZWZUOFFNZ2ZXeXlhczAtYnhrLWEwcVpqTXdaQjFWWGxqLW1qTHRuQlBVLVdqanVwS1VhblRxU09lWVBZVmpuSDVpRm5RaEhkQlFpRzFtRVJObkR6WWI4RnQyYy1wbERnVTZVUExrLWhqUVVmdDRxWlhBdW1seFlIaTZXY2JWdGJxNlIyOWFxazRLMlVUajd3ZTFfOHRKU2FXem5RMTBUWDNqd1hKNnc?oc=5,Planetizen,2026-08-07,neutral
MBTA,The Red Line Is Taking Summer Break July 21-30 - Streetsblog Massachusetts,https://news.google.com/rss/articles/CBMijwFBVV95cUxNYkN4Y0FrR0NvYW9ZREJMbUxJVnlGcVd5b3RRZzNCRjBLbEFtY2ZjOGF0UEFKNlhrbEFSVWNXOHIwUUVBOE9hY3Vqd2N0ZjE2bTFCUEhiM0xDVmxEMUZjQ0xQbzY4UGlBTnhtdFlDaVhXSFh6eEFLX283bHFqNGZaOS02NGdEUm5ES0hrNk5xZw?oc=5,Streetsblog Massachusetts,2026-08-07,neutral
MBTA,MBTA to offer special train service for 2026 events at Gillette Stadium - WWLP,https://news.google.com/rss/articles/CBMisgFBVV95cUxQYkoyWWppMS1EakFNNVFSaVdidGZKWFczdGJsRkpYZFRvREVrTTY1UDlWTkg4NmxnRnNIM0VjV1V1bkVzU1UxdW9QaEFZSzFhT0tadzJCODJEdG41bmd0MEp0bUpLMEhjQ0t1eEtGVlU3eDRQUGwxVmI4ekh6NEt1eXpzQUdoMEZXUXFNZHJqeDNIakJwcHc4aEwyaGlTVk9EUU1yZlVjb3pFaXFBcHZIWHBB0gG3AUFVX3lxTE5MWjNkUzltMVZuWlVuNEJTRU5WMVVuSUY5MUtvSmRZLS1ZQkFxVTkxOGl1TmZaQThrakpMZnBDSWJwMHJFRDNHX2JHSjNWTWs5NkdDbnA4MThXVG5iYXhXc09UaWZlR3k1a01IWEhudW41YTJ1bjZueVBaajRHNlJLc0hMejVtVHFzQ242UU5ndlRsOXJJUmxtLVMybXVvN0h3amxvZWtxcFhHMTM2TS1jMVlRMm5Edw?oc=5,WWLP,2026-08-07,positive
MBTA,This 10-year-old MBTA superfan is sharing his passion with the world - WGBH,https://news.google.com/rss/articles/CBMisAFBVV95cUxPa2hBbGFCYlY0ZGVIMllaaU1FSTFJM1F5U29ydEFDTmtEaFBYZjRNNVd5SUE1WkdjS1FqTWdmcnNLSzFxbzZ1NUNhNG1Hc2xUTlF6ZlJIOERYZDdPNWZ5THBTMW1KUjBqUHJsVFlGQmdScTZHWlhpWm5CVzdULTJlMGVqTllULWpYeE5yVVJFcHp4emVwaHRBQTJyWVRpR0ZBN2tBUmRtLUNMVlZROVp5ZQ?oc=5,WGBH,2026-08-07,positive
MBTA,"MBTA Red Line shuttle buses cause delays, frustration for commuters - WCVB",https://news.google.com/rss/articles/CBMikAFBVV95cUxOckx2dFpra0s0eVNHRnU2Wm15U1JNTk5MdjRlTlVVUmJEeHFINFIxakRJdFJhOTZBYkFhcl9hUElPRDg0bEhnM1dlVWZ5UHVOVFVpYWlmOXRvTkpkTlcxTVFuVmVWS3dfSmxhSkpCbHF0Rnp5ZTdCYWhlV3RlVk50LUJKa3V1OHo4cWpnQzB3QWs?oc=5,WCVB,2026-08-07,negative
MBTA,Man found seriously injured near downtown Boston MBTA station; police investigating - Boston 25 News,https://news.google.com/rss/articles/CBMi5AFBVV95cUxNOWVER3ZId20zTl9ES1FGcWhVZzVVS0xRWlZ6Y0U2ZXBwUk5XTzlNNmMtLWVBOUZyVkVwQ1p3WE1namg1V2JsakRaWVVXVzlwNzZxRVA4U1dwOHE1dEE3VUtJZHJRcjg3Qm9LVFZvdVpZREhfa2M2WnZHMDYyaE5uQXRTS1N0WHRiS0JSNm1NRkt6azlqal9IWHpPN2pabFFGWUE4WHhKOC04bzBVQS1kMnFDRjhibUQxTGNEc2dsb2xqUXluMmh5RHEzUDlyMXdSdVZDbVRsZk5tVlQxZ3JLTmNCczDSAfgBQVVfeXFMTjRKU29Mc3laR2xaMlVranBfR1NZNGVnNTA3dGxhbURVMVNiX3g1Vy04WFFNWng5TC1rbzVMRzdzOGRackQ2LUwydWtDdG5nNHRpd3NITk0tTGk4YW0zTGJhLVh1RjBzNGhSZHQwbEJCOGVVcUZXRVhId3pnQW05Z2dIeVRRR0djVjByU2w4WEk2VlVNZ0tnSlQwbWZJZXpFWkhxVGJEUVBSWDRrWlRQYWxBbkRVLUdtdGpHeEowd19FYXMxQ29jTjRQeVlzc0F3NFVIYVBhWDlhNlF4eFVxUWxxeDNxbkxoWl9qUnBXT282bXRoVmpUb2E?oc=5,Boston 25 News,2026-08-07,negative
MBTA,10-day Red Line shutdown begins today: What to know - NBC Boston,https://news.google.com/rss/articles/CBMiekFVX3lxTE5hcnhSUy1Kc3FMUFlXX0ZoLTAzSWtIQWNsMy04ZGpCTnlGeVhUNF9PWG95b2g2VHY4dzRSY0RpUHZ1WUMtWGhFTzlNeW12MzdSSHJHWWFHUlg2QXJ5M2Rla2dZLWlMV2J0OGFqMGdvTFNEMXROYklNcWZB0gGCAUFVX3lxTE5CYmtYc1JVODNMWERVS0R5SDVrYzBSVG54clZDUWtxd2xrVnVaaHFoSXhzOTltRkw0bmJ3R2k2SEdrZW1scEpGVG9nSWtrOWVSR0UyUEEzdV9KVV9tSUJ2ekZhMnh2eHh2TUFrTTk4VEx0OU5mS1pnVmFZU0tCaDlBamc?oc=5,NBC Boston,2026-08-07,neutral
MBTA,MBTA heat delays: How rail temperature sensors help prevent safety risks - Boston 25 News,https://news.google.com/rss/articles/CBMi1gFBVV95cUxNdVIwOXlUTlAtLWZpZ2NTM1dsQzZkWmVMM2tEa3FOTmx3ekczcjVhdUVMc29JTHFWMGVqTEVGRkpKdGdxMUhXWXF1aVlyQkI1R3haY1dkRVJ2QUR3cmUtNVMwbWkxbVhSZjVmRGwwM1NEUjNhMkQtMGo3Q3dfU1N3Y0trd2JfT20tRmE4QV9qTkY0eXRGRXNNQ3ZraVN5Y1lramtOTUcxQ1daaGk4SHg2VzZSOEZfMGk4UFozdWdDTjQ2ZmoxeW5EVTJpT09HNWZ1NXRfTjl30gHqAUFVX3lxTE5Za1k3U19xN19MRURrQ3BMSm9XYjhMWmpmNlRpb3lFSnExMnFsZEJnSUZ4U0ZIcHEwRjNHNllZMDNLcGljQzBHeWFXVk1BU29UWS0tak5qTE1uWnB1NGNPbWJjY1ZiNk1aY0kzb1lvckZzSkpoYnRqX2syb3p0N0U2RVZWVVg0cGNPRVV2NzFCZ0dmakYySTludnlmNkUyMkxzX1RJd0h3WnRuSWhLRHM5bEN0RDl0N1EwZ3UzQ3R3YzUxWEtwdmpDU1JQbUpqVzBxaWttVnVXUU1rV09FTkV4S0hUalJjQnVTQQ?oc=5,Boston 25 News,2026-08-07,positive
MBTA,"Transit Briefs: MBTA, SEPTA, TransLink - Railway Age",https://news.google.com/rss/articles/CBMifkFVX3lxTE5QeTRseXMyWFR5WG9YWG9oaEdwYTdiMGdxdjJWNWh3RXBFc1VteldLWjNlcGxhYXVTRVFUeUp3T1dVRjc0M18zUVhHNnRjTXEtMl9qajQ3ZElkSTVUQ25ZQnE4bkY5MHdFTXRZX3ktclBJLUphMkNBRy1vak9OQQ?oc=5,Railway Age,2026-08-07,neutral
MBTA,10-day Red Line shutdown to affect 8 MBTA stations; riders can expect significant delays - CBS News,https://news.google.com/rss/articles/CBMidkFVX3lxTFAxc0VsY2NHNWpvUWJTNEE1WGRYUlBteTRUVkJMV280T2d2ZHVrNVRqcm1ZQm1ZS0lfeW5sYkZkOTk3WXBqZ0NxbEZJVGw4WW5EbjktbnY4OHJBd1pTdlFuWXY3SUtGVUl0R3JJWmhHd25Bdnhrb3c?oc=5,CBS News,2026-08-07,neutral
MBTA,How new MBTA pilot programs aim to save riders money - Boston.com,https://news.google.com/rss/articles/CBMiqwFBVV95cUxPVUlhUUlfTmZ2WWV4Z2VobVdJZ1gtb3lQcUJHRlh1bzRmUmI2b0NIc2dwd3dxZV9vVUJ4WE5iY3BadWdNQmdOOVdUU2dWMUpmZVpqMzY4NGtfcnZmMTNJT3pZeWoxWGpkbGxvNmItNXZhdzBtVkFjVlNhVVlxSGJVdms5Wk1tMTVXMjVCeEd2UjFLczBpV0lhR0UxbGpnUU12SmNIRTdOVDZDUE0?oc=5,Boston.com,2026-08-07,positive
MTA,MTA expands pilot program allowing parents to bring unfolded strollers on NYC buses - ABC7 New York,https://news.google.com/rss/articles/CBMisAFBVV95cUxNZDF5RjFkeDZLS1Vva3ZoM3NVQk5jX2szSk9JajNlWS1ZdWFaTHlmcFZ3a0cwNlZNSm43Y1pTVmEyVGlBNDhzVGxHZkgwU3RTVGs5YWpxOVdMTlB6Y0poUHVIbTB5aVNPQmF6QjhocUxiSFhqc1BOcF9iT240dy0ySnRiaGVoZ2RFQVN2cFV1YW5jb3gzSjZjblNtcHZfWE1jS1FvOVBmalN0dFM5NndUM9IBtgFBVV95cUxPTzh4ZGF0bXR1dUpmcGJ3SDJMbVhrb0tpMzhhSUhyY09XSy12bThJQTJ0RExQSVU2TDJNdmd4SGltQWdLTWdyQ2k2YlJubW5aektwclNFOTZ0TW9tOWZHRWdXWXp5Z1dKQ0JILWRIemd5Y1dtWi1pZDRZa1lITG5jNnRmelg3NHFLdVRTc3NhSzFwTGxyTG1pc0Z3MmJtRFBYWU1wU1VLd1J4d2I5NmtrNWRvR0otUQ?oc=5,ABC7 New York,2026-08-07,neutral
MTA,Wheels on the Bus: Strollers Now Given Space on Entire MTA Fleet - thecityreporter.nyc,https://news.google.com/rss/articles/CBMilAFBVV95cUxOTWFzRDlKSU0wSU5vTkJqVXRUVGMwVE0ydEtFSXVDWXNxUHFiMVh3UU5UNExyUzktWExxdHgxejF3TE9Ka0JGV3hNdGh2NXl4UmhLR2V1aEJxQ21Wc3hZVFpHelhGd2draS1jcUU0VnZobnFqa2FOX2xPc0NlSTRfV245dEtQNFY2NjRUQmNKbnc0UHBL?oc=5,thecityreporter.nyc,2026-08-07,neutral
MTA,'Shut up and drive': MTA bus driver says operators are told not to enforce fares - WBFF,https://news.google.com/rss/articles/CBMiwgFBVV95cUxQRUx0MzN2YTNnNW9qZmZVZHpDUmhBOEplOVhDc0pPai04N2UxcDZBZXdnWEJzUTVQTUZPRVFHM1V1VlZ6UXYzeWJWMlBrdlcwTlBjOXpheDRBMVlpZ2ZOYTd5ZDFzVGh6MEVDeFlaV1NpWW9JQjIwZmRJZDVTZHVacnk4Z1MxTTdqNmR0V3FVdkRDOVV2TXpmY3VhOFNobjg1dEZxVGNaX3dNVmZqenV6WE0wczE5QXpGSkwzUy1PbGprQQ?oc=5,WBFF,2026-08-07,neutral
MTA,7 years in prison for man who punched MTA station agent at NYC subway stop - New York Daily News,https://news.google.com/rss/articles/CBMixwFBVV95cUxPcmR4dFp4RHFsYldTVEJLb3ZBTXhiWC1lMTctbzJ3Rzd1UDNreWlwajNGQVFTZGJSaWVFaE1reVhDMzBwWWZjOXppVlJrcXVQdm1DVFhZRF81a2JLUVRqYUdYTjdSSklGTTgwTUtrLWhBdl9NV1plM0FsejRVNTF0bS1nQjZXT01ockVibUR4UnNlVDRJNENUT3Rhb1NDeHlUV2lfUUtpMGJMaVlSVC00a0kya1NQbTZORWVGRkVCajg5Wko4VkNz?oc=5,New York Daily News,2026-08-07,negative
MTA,Subway history is up for grabs! MTA auctioning off retired MetroCard vending machines - NBC New York,https://news.google.com/rss/articles/CBMijAFBVV95cUxQbDlOTW96by1qMExjaWM4cGZ3T2RyX2RGY0pJdUpBM2FsM1laWGlIcXQwWlRzaHgxLVh3RU1pYXdNX25KNHBFeVl2TV9uVG52UF9aWW1uVDcwVVV6YnRpbTgxNms3MTJlOXdySEwwLVFkbkg1UXdKWHI4aFlHdEJVeUxmaHE4Z2RsRFdjbtIBlAFBVV95cUxNUUlKUER5bTFwZ0hEQVhTTHNFelVxSTdIeDgyZThfRkZZVUU0TVRnR1lWRTltSVZfZU95THpHSnpzTWsxQlJ1bkRxTzBPRVhxSHJoMzQ4bmZoeEpON3ZyQ3g4SER3M3JfTmJkYVRQVVF5YWc0VlVUc3kxTm9GbFlZRDFCY19Rc0RwUVVYNjlpYUtFUVkx?oc=5,NBC New York,2026-08-07,neutral
MTA,Teen Fatally Struck By Metro-North Train In Norwalk: MTA Police - Patch,https://news.google.com/rss/articles/CBMimgFBVV95cUxQYXNLc2c4SmhMdEg1SjJMMUp4bVRoZ2NfNXl5LXYxOVQyMmJYZEZKR01QSnZYXzBka3lYZjIzVTg2UkJjUHJsQ3RWUUtsTnRMcmRCNkk0dExWRWZQUTFWdFd4LXFIWGhtMEtmX0xWd1VoUVlncGp4RkZ4RTM1TzJkcHY2UDF1ekVtRzlwOFR0WjRPQXk1bE12WHJ30gGzAUFVX3lxTE1rNG5HaVFKY2VERHRKdW9ORl9La1Rqcm1SQ2hZRTAtUFY0TVlydTMzd2hSUTNZRE4tYXZHVjlpcWRJN2lHenh6cFozc3VvQ3hhNEZxMkVNSkYxeER1TC16R0djNmw4ZlJ5VnNpdWJGUGIxeUk5VVFwa3FDbklmQ1o4S2VRRHZobDNQc1p3Tms2NElmWWwxUlNMZnNwUVpoNTItTmt0eEZhc01ld3oyUG41VU9r?oc=5,Patch,2026-08-07,negative
MTA,MTA identifies dozens of traffic chokepoints in NYC subway system as top candidates for improvements - CBS News,https://news.google.com/rss/articles/CBMiiwFBVV95cUxQenJMUnJ4RzNJNTFzcW00dmwycmxfclQxOVVUTXM3S1czTlVRM2Zod2dvSGdrNWJwN2ZRYWJoLW5Rcmw2bGN2QzFtX2RuSGlsZ1RmNFJ2dUVzWVpNUzhPbU94dTEzbUlWbkFXZ2RmUzd5bkhlNHpLMDVpUndMUDhpTTFSV0RJN0ZOVGJj?oc=5,CBS News,2026-08-07,positive
MTA,"Astor Place subway station train fire hospitalizes 6 MTA workers, 5 firefighters - New York Post",https://news.google.com/rss/articles/CBMiugFBVV95cUxPdHJ6Wk05T0FvLUdJTWJXSHFEVVkyZG9OYi1aLUUzT2hYWHJEYkJVYndGVkY4Zk83Q1ZoZm4tSFRqZU52czhpZFl3VXZSZEQtZW85Tjh4MmRLbzcwMTgzOFpTVEhUdC1lX3lVOFBTVDBoNHEteHdYOHpmZWUwTlRTMVJoWUk2Zkhwa0NhMmUtTGxVVW1XZEpwRmdsTUx0Z1QyQ3BGalowcHBwelU2Tm0zU3VCb2pxcVFYLVE?oc=5,New York Post,2026-08-07,negative
MTA,Police Identify Syosset Man Fatally Struck By LIRR Train: MTA - Patch,https://news.google.com/rss/articles/CBMitwFBVV95cUxPXzlxNWUtSjB2VVBvMWVVX2J6eHhiYU14dzlXZlZiVVc4b0x0a1BuWXZPUlVMQXdybVBQSF81S01zQllqVG0tTk5ybnpxc0trTXJXZ1VMOGU3ME42ZWw5ZTVKSlNlSzRiZDB5RFowbHJlYmFNeFRPYmg4bDQ2VGJ6NHdoYnlra1c0bkszX08zbmxwU3B6bWtFdW5pTkRGMHRtdVpVTm5vTXJsMXlaZ3U3VE1URmRxdk3SAawBQVVfeXFMUEpsWDE4a3BJRXlxZE1xamphY2NSZXJVejF0bk9jSUVzb1FKNDdTdVN6d2dKcWNqN2RFSTdWTTByaE1GNHd3cjRTZ3J6TVA4UTFvaE93bHJKdFVHYi1QQnVZcDN0M1RnTGpJdGREanN3U18tM0RZWXNLamVvX015bkZYTHZtTXRDUkN0U1FVSmg4TV80NmRrZDZod0N1ekw3THVFdWJMTzk3di1qdg?oc=5,Patch,2026-08-07,negative
MTA,Short-term pain for a long-term train: MTA subway construction upends life in East Harlem - Gothamist,https://news.google.com/rss/articles/CBMitgFBVV95cUxPTXFjSjVjWklfSzFmTmUxeEtNQVFJSDRDS2doRGZYU2MwU0xjZjlzNHAyaWxScWUxTVpQT2M4NnVqeXNhNjVKanR1NnhGb1B1anRmR2Y4X2FkVGl3dXIxaHlUT3I1N2ZvQ3BXQ09QTWd3akhKYU1CYzlCRjF3WXR6Wmo2ZHlzcnpnbWNRdUlLOVhYNjlvdkdyWHdycGhvejY4QTF6NWMxN0hOeHl4UEVTRWhlNmhlQQ?oc=5,Gothamist,2026-08-07,negative
MTA,"Fire on MTA subway work train fills East Village station with smoke, injures 14 - New York Daily News",https://news.google.com/rss/articles/CBMioAFBVV95cUxOZF9Gc3FwMFQwMk0tR2VQQWtRQ2dIM0dzY0JjWTV6UGI1Q1N0TFJXQU5vdS1NWnN4bUpiWDBsMjNhN0UtcWF4RlhnWV83M2VhQkg0VVUzQks1TDhFNk1DVFFGSUhIYkg1YnBHRVJoTUcxS2hTQ29uRXo5S0piNjdfVTFta1NwQzIzMW1oREI4SWVGU0padHJjQ1J3YkdiVk9Z?oc=5,New York Daily News,2026-08-07,negative
MTA,"NYC subway fire on train at Astor Place station injures 8 MTA workers, 6 firefighters; delays commute - ABC7 New York",https://news.google.com/rss/articles/CBMisAFBVV95cUxNVUlmdTgwM1F0OEtfelRwbVc5MXRHQVR2S1AyZVJUTnM2Zk1pbG9uUHpzQzhJeGREcmVIcjRibW1oQjFPWmJPMkJJRmN1TktLdHg2Z3NlT0lxU0JlV2h4b1dmaUJoU1NJMjhzc1Q0NEdPc0laRURhbVY0RzBxVnlOcmJKejB6bmZqMlR4QTdHVWJ0WHNKeFNvZW9yNFhjT0JKRkNUdmFWYkhRQTM0N0tmaNIBtgFBVV95cUxPeVFMbG5FNWt0RWRiRktIWTVPSzJjbFpYc3M0NGlvQk1ReUh5ejVoTFpKZVNkSzl5dDlNazJrSnBlcXgwOG9yY0l0dWF4U2FUWkFFcnNYS0VhRUtZOXJwaTUxdGE4WkE3NXBQMGtWMTYzamZaa0E0bjFmVWctSlBlbjRiY3lTMGJwUVpnaERhcGlHVnhRdEF0MG5lZHd6X0NEeFRBWkpjM1JpbzdIYllFWTBoYWw5dw?oc=5,ABC7 New York,2026-08-07,negative
MTA,MTA expands 'Open Stroller' program to all city buses - Spectrum News NY1,https://news.google.com/rss/articles/CBMipgFBVV95cUxNTDJiUzV0TmJ4aEVXRnpwR3JtSXR6VG53bGJ4N1BGWDRNSkpBOG91YXRremVLS3BEcy1wTlJPUlZlYXFHU3JMS2ZncTVkVFlrMTFocjlQSUpzRkxZZFRYdTdLZGtoR3Y2cUdKZmJNaFRoczZxdW9lemtEOWtTeGRaWVRJbzJDbTJ6MVlzeTNKeEN2UTNkTFRMQk1PQjZlR3U3YjFJMFlB?oc=5,Spectrum News NY1,2026-08-07,neutral
MTA,Babies on board: MTA moves to expand space for unfolded strollers on buses systemwide - amNewYork,https://news.google.com/rss/articles/CBMifEFVX3lxTFBNM2xoWVlJWHBESUV4b1lYNkJvZl9SYUJRaU94cUdteXd1ZjFUWk9BRi15cFVqT2ZUTHo3eWhmZU1WVzZaV3R5Z3dldWY1eTlySE1BVUZpZGlqTGpIbEdTNjNTZEtpbDItWnU3ZXZNYjN2S2Q2cjJHb2o2TzU?oc=5,amNewYork,2026-08-07,positive
MTA,The MTA is auctioning off old MetroCard machines - Time Out Worldwide,https://news.google.com/rss/articles/CBMitAFBVV95cUxNYjRlT0RsVG90ZmRGYlp2UzBOSDctaTVsUHpNSlBsbVV1ZFFzdnk0Vm1vOEtQZkNDZk05Q09FYVlyQl9FczY1cVRzWFFtZHNkdTdhSmpXSEVycGtibFlnNGpvd092dmZzTzA0UWFqZjIxUDRyQ0FlMkFnblozeThLajlsaFZyOEFJa1hXci00MXNjYmd6RXl3SGE3bHV0eldVZTBVQ1lMNWZ1YmQxU05FSE1ZRjQ?oc=5,Time Out Worldwide,2026-08-07,neutral
MTA,Gotham’s $100M project on Westbury MTA lot gets public hearing - libn.com,https://news.google.com/rss/articles/CBMifEFVX3lxTE9vemUtdGVTYzdjWjh4ZFhBdkpIUmFpWUpVQXdaMnYwVy1ZVmpneVp5TktQQVVzZXdDYWx2UlFQR1pVNE5rQWxFelRpajI3bktqUkQ0UE14a0JXcDVGalVGcklrZXB6aGtZVDZyZlU4WWpRby1mZWxUdkFUM0Y?oc=5,libn.com,2026-08-07,neutral
MTA,"MTA talking fare, toll hikes for 2027, ’29 - Queens Chronicle",https://news.google.com/rss/articles/CBMizAFBVV95cUxQSlduSzFnbVBvOEJ4WFdTUmJrMkJtTnJLUHFFNVMxOHpkZUNDd0VpRnVVajRvU25pcm8wa2JVdnFud3pqcGVWN3pvOTByaDVMTUJscDNrZkw3Z1VSbEh0b2t6NHpiSGk1dmprQ1FvUDJrd2kxTk5yRThuTnlxUWdXN1lkYThkYWQzYWlURGxIdGx6am00YVBfSHpQZUp6M3RNcnZkYWtWb3BMdlFoa1VMTkVZanlxQWZBcGtmUXNMRUttZjJHblJYSmt0Ry0?oc=5,Queens Chronicle,2026-08-07,neutral
MTA,New York City transit auctions off last MetroCard machines: ‘Wild home decor idea’ - The Guardian,https://news.google.com/rss/articles/CBMinAFBVV95cUxOSXlERm9qN2JPRGdGWGlWbU9mcW1NcGdtMFBFRlJpWjVVUkZoeXdkbjU0NjU1SE53YU9LYVNCMXZkSGJJNm84ZG9QYTZQazJlNGFIaXpLZVByUEVkRTdyTWlBaURuVnVBcDlialo0MkplR2FIUXl1WlpIWU9LaHdvd1ZsbFQzMmdGT1llRVRWU1ctbkRpN0dodzgzVFE?oc=5,The Guardian,2026-08-07,neutral
MTA,Teen dies after being hit by Metro-North train: MTA - PIX11,https://news.google.com/rss/articles/CBMijgFBVV95cUxQM1hmejk5ekJTTXRWUG1FcnA3UWg1QXJPM2pVS3ZBLXc0ZGFMYWpUWkRuMVQ1aWRkVUZTMTJxRFJIOWViTmJNS1dwbWs0M2lwRTZfSWZqUUE0d0JZV0lzaFh3NGRMTnhoNUVsZ1VhaEJfYXVoTlQ2ZHlqc1JBUE42emM3X0lTSmZCeDRXTnZR0gGTAUFVX3lxTE1mZDJCUkZEMjFQVEo4cmxDdHVHS2xlbjNPV190eE5ub2g5bkw4RG15V0lqREFmNkFfcFIyUF9hX2FDODZfUlFYb0FSM1I4eV80RkY3YlhETVUxdmE4aW1wb1dweTRCVjBPYmlfcE4tYWJaNEZWZkNnVzVrc2Z2OTA2MUY2V3pxQTR6UlFTRl9XMG13TQ?oc=5,PIX11,2026-08-07,neutral
MTA,"MTA plans to ease chokepoints in subway system, first in Brooklyn - Audacy",https://news.google.com/rss/articles/CBMiqAFBVV95cUxOR2haUjhQZnZmTTBKU2hRODFzYkJoV2xMRVFNN3pCYUh0YzN5bGI0M1l2ajh0MlNac3dieUtSbm1OR2c3TjJBQTZDdzVwa0lOZ01NQnFpTG95R2dpMWZKeGNmdWE0MTZqbTNmRHlFYmVlbm8yVFc0NkE3UFBwaXBENlVlZzdvaDl6ejZzc3NFLVFjTFpLZi10RnZkSGc2dXJZcEc4cnZtejI?oc=5,Audacy,2026-08-07,positive
MTA,Baby on board: MTA to make room for strollers on all NYC buses - Gothamist,https://news.google.com/rss/articles/CBMikgFBVV95cUxNdHpRUUVJNW9XMGl4aVFQRVNPdm1sUWNlREstWnlibGxFZDFkcEtHRTRBTHJ4R0hlTWpuVTgtamE2RXdJbFQ4SFAydmdJdVh1WWVpb1RHSDBCQkpQLUxRTGJmYi1UTTVqaENzS25fcDAwSS1qbHBDVEFJaFl0QWVIMXBuWFBGQm9SMXJnczhUUzN2Zw?oc=5,Gothamist,2026-08-07,neutral
MTA,Mixed emotions on MTA elevator deal - Queens Chronicle,https://news.google.com/rss/articles/CBMixwFBVV95cUxOaDYyQ0lzQXRHNXhkQjJxZi1uOHo0OHFxdzMyQm5ZNTNuYlZlSHRVbVI4T3kwYWU0Q0FudkpERmRMYWNpdnZWUl9EZFNISGFKaUdSZ3FyM1ozaHBZZlV1V3FXSm9JZ2t5d3R6S2s4LUlNVllxamRHTzZlbHo0c2ZhUWU3QjVxSlBpOWM2TncxZ2lrQW5oLWRNOGxCZ28zYWJIaVZ4ZnRuNlNOVHgzYmJzVjdNV0VpUG9oQ05SUEV6RkxsLXRqdzZF?oc=5,Queens Chronicle,2026-08-07,neutral
MTA,"Early morning train fire at Astor Place station injures 14 firefighters, MTA workers - Gothamist",https://news.google.com/rss/articles/CBMiowFBVV95cUxPTTliaEV3dXdpTjhPbExPSjR0aGpxV3d3UFVWazNONm5CSkdtMVVmT1JaVnlHTWwtYWZfRTdvNUlES3llbG0zdzZwQ1JQZXA4VVNTQ3JpT3F4bm90d0dqSGthMmo4M1RPNVZkOXFxb3pvZUw4clh1QVp5T0JHSjZZS2xfZDdVMmJ4azhKdF9VR2lieGRiQU84a3FuRmZKQVhXTmdz?oc=5,Gothamist,2026-08-07,negative
MTA,Mamdani hasn't made NYC's buses free. Riders stopped paying anyway. - Gothamist,https://news.google.com/rss/articles/CBMilAFBVV95cUxPaXlBZjZkSHBidnhvdThLRkRXbnoyRzlZNy1JUll4NkMtOGV2Mzl0dk5GUS11QWpMS0x6c0s4ZVQwMHNKVzlqTkJlWFM4bEk2M2lXbXEzTzBrR1Nnb2JJOFBCN0llLVhHdnRfQ0NCaU1DNEhlS04zak9YTXVMNXNkN3RweGRMSFhibGppNVliM0x0ZmlS?oc=5,Gothamist,2026-08-07,positive
MTA,MTA considering another fare increase months after price rose to $3 - FOX 5 New York,https://news.google.com/rss/articles/CBMilgFBVV95cUxNaDdWV1hsNmE4OUwxTUZiWUNVRWIzLVZqYVRld0xVaHlneU5oME1Da24tWXR2TUJxaHNSbFNzRWlUX0hSeFhUbHVpNGtTVk90a01mUlF0NlRYOF9nMl9XQjNzU2x2SVRRdm54blRMajBsT3kyN0IyU2hnNFNRZnNzbDg5WWROUy1RaTROeTRxTTVTalIzYXc?oc=5,FOX 5 New York,2026-08-07,positive
MTA,‘Shut up and drive’: MTA bus driver says operators are told not to enforce fares - Baltimore Sun,https://news.google.com/rss/articles/CBMie0FVX3lxTE9rUGdWZ3lFUlhlTzk4SGU0VGV0UlZkYUJvNE9SenZzZF9sX2xiU3BDVHdTdnQtQWIzX0NDUUNYeWlNMlo3VjlxR3RKSlNOeXkyVXVFOExBNGtyaXhsUVRmYU1JNDU4a2NueGZXOEdIby12UExGQkV5RXZ5QQ?oc=5,Baltimore Sun,2026-08-07,neutral
MTA,Bus-fare evasion is just the start of Kathy Hochul’s looming MTA cash woes - New York Post,https://news.google.com/rss/articles/CBMinwFBVV95cUxNajBDakQtUkEyaXdnSllCbE5OVnMzR0p2dTR5N2VGaVhpSmpKTnZNQlMzU1hmMVR1cTdjcGpTYXlZU3U3a1FYaUNPOWd1d1VOaUFydVphN0d5dm9ZUGlpSm5GOEdKVklVN2dnUlA4YWFkaXZoak1vMHV1U19hNXRnUk53Z182eFdndVRWMklWaGg1WExhMEJaMllnVlpTMEk?oc=5,New York Post,2026-08-07,negative
MTA,"The MTA Is Auctioning Off Its Last 60 MetroCard Machines. Bidding Opens at $1,500 - inc.com",https://news.google.com/rss/articles/CBMirAFBVV95cUxOVUJueTVjZDZPTkE0NXEzVUowQWYxaW10WDNPZXp4WTltaURCcG1idmEtTVBidWNVOXJnMERTWmJuUkdIM1lmY3FXQk5IQnpkOXp3eUExNVB6SWozZEN0aDRFQWc5YV9MdHRpYm5JeVRVVVU1Q2VQVFJoZjdHTHNWY213RUlnZEN5eERMYmdRNE5fOW1HWUtLbDhJeGFtTXZXcDlvQ0R1MUZvOU0y?oc=5,inc.com,2026-08-07,neutral
MTA,Putnam legislator questions MTA Railroad station maintenance costs - Mid Hudson News,https://news.google.com/rss/articles/CBMipwFBVV95cUxOeTVjclhpV0JqRmZXa0FkZHRXZUtSc2NUVmhrMllFeGRSVzZHdHdQc0NDdDhza0JWcWhYMmdkSnB2M2JoeFMyMHhKT19EOGZpMjBod3lQcE1TVDk3SEtuTktsRU93TzhSSUlkbFV4cm1qNW13NUlxTTZ2OTR3WG9LMmpnelRncFQzOC1tMWZ4VWxxNmU1S1NaSUYzZldrelUybjQwM1VqNA?oc=5,Mid Hudson News,2026-08-07,neutral
MTA,MTA opens bidding for retired MetroCard vending machines - FOX 5 New York,https://news.google.com/rss/articles/CBMic0FVX3lxTFBGaU96MUdkQm81S2VjaHBla3V5ZmVKcENLZUtsUDlpLVB4R2h4dDlsd1luNkJYRk9yZEg1WU44eGhCOXZ1bVMzNjIwTWJhWldEaW5LUUs2RHJ1LU5lX1RzaTRKb01mNjAxcEJZNllRSWlWNlU?oc=5,FOX 5 New York,2026-08-07,neutral
MTA,MTA to Pull Offensive Bus Ads After Community Pushback - anash.org,https://news.google.com/rss/articles/CBMifkFVX3lxTE9Ya1kzSzYzYkVKVmR6WG85MnVhNWVKZ01JVWxUc2U4RGQxcHU0VGVDMUZybHQxMHpUWFdoR1BMSzYtcE5LeFBjX1pWZ2NiTWxId2tvSUFDMk1CN1NIeGZjd19rWkpYSWp3RDJheDUyMG0tbTlIV0RTX0RmY0VMZw?oc=5,anash.org,2026-08-07,negative
MTA,"Readers sound off on MTA elevators, union power and Reflecting Pool charges - New York Daily News",https://news.google.com/rss/articles/CBMitAFBVV95cUxQWDliY1NRMklibFVrcXJIQ3Nya3JnRWNlRFpmM0Z6SFN2T0l1NU1vUjJzcU5qR3AwSWJKX251SXl0czdLM2hqT0RVQlRYeUFueU1aLUxUTmV1UVFvMGwzeHlqY3VySU1OQ2FYVnhTRzlZQXV6eEphVmszWWRiQ091cVpoTjVsSHRnR09lZ2RwM2NXTFZqYXZlZnVoQXJmN1dsYTNtOW1iLUFjZ01WMzhQSzlHcTY?oc=5,New York Daily News,2026-08-07,negative
MTA,"‘Deficits are starting to return’: MTA faces fiscal headwinds as increased costs outpace fare revenue, officials say - amNewYork",https://news.google.com/rss/articles/CBMifEFVX3lxTFBic0JvTTFxVWZPd1k3ZWRwZXVyYXozSExRc3RSS3ROUkFvWm5zWjBMa084Q2o0REM4Y2pycTUwYXg4VVhMVEtfUmpVQUZGeE9CMG8yMlZmSTZxUUtQQklSQjQ3UU9TenRWSExxWDdNNU5CUEFmZWhNRkpQY2M?oc=5,amNewYork,2026-08-07,positive
MTA,MTA to Install Vending Machines at 20 Manhattan Subway Stations - www.chelseanewsny.com,https://news.google.com/rss/articles/CBMirAFBVV95cUxNWXM2b09DNnRsNWJ4WTNleVpGQnhPUmkyMzZvdE5lRlIxTF94VzZzQ3Zjd3kzUjF6YjRpVVlPNkJnSWgwTGh1QURoTUhIc0EyNTFvc3hGa28wdzRMUnNYYmlNaDJpcUxFZm9CWmFvSFpMVkVfMVJ5ZEFfUkh5YWh5d0ZVd290TUUtVWx5eFpOaWYyOXNaaXlJTDJneTVRdUhyZVJVVHZ0Z1R5ZFF2?oc=5,www.chelseanewsny.com,2026-08-07,neutral
MTA,"Subway, bus, bridge and tunnel tolls may receive 4% bump in MTA's preliminary budget plan for 2027 - ABC7 New York",https://news.google.com/rss/articles/CBMiuAFBVV95cUxOOHVMWXRtQ0R1M2VPd0ZuTXIyQmdkWHlDd3paVDhkbVNFcWpCV094dGdCcTItdWJvc2JaZ0dsR3ZPTXVDRU90TkxnM0NKYnpRLTAwYkZmUW5wbDhycVRMdkRoei0xdUE5T2JhckZoSDR2U1cyX2F0bUR2ZnRnU3RQYjltR2t1TVlwM0tTQ2M5YWFUeXc4dVNWVVlmcFNsY1NUTUtuTUw4THBxZ0dkQzhMYjRVUVFPX3lV0gG-AUFVX3lxTE9FdWEzT2dRekY3STNBakZ2N3A2ZERHQTNjWUJxVnFSeTQ0QnBLTThmNWg3RUR2QkRTQVNWYUxYWTgybWRIVHFld0JYZGlUM0xpZlFGMGpFaTU5ZWJLdVV3eVdnWEttdmYyaml3TS1mU19fVnpOcnRzaTJ0OEI2VXBaQjVrZW8tR3VHVXJGR3RJTjBYUzd2SW51MWFBbGR3cWFFajFWZG03WENiOUxraTZsZmQyYktjVmhrUkhoLWc?oc=5,ABC7 New York,2026-08-07,neutral
MTA,MTA pledges greater transparency around subway elevators - Spectrum News NY1,https://news.google.com/rss/articles/CBMiqAFBVV95cUxQUHg4TndSdHpJN1NzMU50NFRBb1BWbDZzamVTSGthTDJ4WDdCM2hSQTVoXzluQlVZZlVJMl91UnFRQy01NFJoc0lPNzZwTVdkVDdybVhBcFV2WmtoWHdFT3BINGU3aUVwQVhSY2FTNm1YTF9fbHlZRTN4c2ZaQlhVbHlYU1NzQUc1UlBDLV9PaGlxMDFzWkhUU3Q5WS16OGtvdXp3S3FKcUE?oc=5,Spectrum News NY1,2026-08-07,positive
MTA,"Want a 1,000-pound hunk of junk? MTA auctioning off MetroCard machine — with a $1,500 starting bid - New York Post",https://news.google.com/rss/articles/CBMinwFBVV95cUxNS1hzLUdFN3U5TUlFQS1IV2djcEVqblJYcklXckdYc0JZVVMxTGtqMEd5Q1RHWVV4cHRrc1lmZTF6akJZTnliWlVPazhaSHRRZXlObWZQY1hCX3VMaG1FT1EwRlU2NHUwcDRNdi15M2FQd2JKZGhOOTFYNTdTM3BrSXU2RGttZ3VzMjR1N2g0N3ZLSDFDVVJucV9OLUhlNTA?oc=5,New York Post,2026-08-07,neutral
MTA,2 MTA buses collide injuring 5 in the Bronx - ABC7 New York,https://news.google.com/rss/articles/CBMid0FVX3lxTE9KcE1kX1hCQ1RJMGgtb3M0QzU4c0tFZmpCaHlhV2xEaXl5c203V3gtWDVJQThCM2RlcTZ1WGV6b1ItUmE5d1gzSk85aW9zR3FZaTNDVUI4Zkk4djFwTTNja2JsZ012b3dOTWRQVzV6M0JGYUhWb3ZR?oc=5,ABC7 New York,2026-08-07,negative
MTA,MTA is auctioning off MetroCard vending machines - 6sqft,https://news.google.com/rss/articles/CBMie0FVX3lxTE9EWTdJYmZpQ0szY25fTFZ6eVRHVU5QRmZpLVFMVTRSelNoZ2RYZ0cyQnNOZkxnQUcxajdlaVJDSlZuZkhlNVlVYVV3VmlNTF9BbWdWcnpiX3lLUFJIcV8tbk9KM1hoN25lVDE0bmlMemEybmZBVlRPYU9rRQ?oc=5,6sqft,2026-08-07,neutral
MTA,"12 injured in Astor Place subway fire, FDNY says - ABC News - Breaking News, Latest News and Videos",https://news.google.com/rss/articles/CBMilgFBVV95cUxQRW1GRmZJakR2THR2NnR2V0lCUGc1cTNORE5ZS2hCTU1lZ3NFaktnWXd4UWg4VTg3N3VwT0VFa0xZaEE3dnBmTTdrdEljNlhqTlNtSHA5N290TnNhclFPTDdQUzM3X0piU0wyUmoyaUVXT2hxV215RmtJRVhYWEN4eUQwdGFrVjFWNHhtZFd0SU1EYnZIVFHSAZsBQVVfeXFMT05iRzVUYVI3YUR1UGd3MmZ2TW9qaWpsWjk2ckFJallVRTJaT2xzRkdDUE1lTlJWM1AybG9makRnQXViT1ZsamFJR1U2RXU1X1dZa3lIX2NqMm9QVVByaFlkUFJhWWxqWVZEWWVheGZNbHVxX29IRFRUaW1qZHVkRVZoNFRwdWExMUk4aGM4WWZQWWs3TUhzMXFXQTA?oc=5,"ABC News - Breaking News, Latest News and Videos",2026-08-07,negative
MTA,"Teen killed after being hit by Metro-North train in Norwalk, Connecticut, police say - CBS News",https://news.google.com/rss/articles/CBMikAFBVV95cUxNZGYzNndBZmZhcS1jMGFXTGZSeXBjdGxFbmx3MDFQdVlQbHhyaWZINl9NWVBOTGhmd1YxRFNEbUJQUHZfS0tIRDA1cnB2Z2VyQTB2RmNsOU95b0hZdzdMZHI5RFRkRXVhdks5UVg1MEl1ZER4QXBJWVlCU3MtcEpZSUdDRDFydzgtSGdGSExaM1c?oc=5,CBS News,2026-08-07,negative
MTA,‘Shut up and drive’: MTA bus driver says operators are told not to enforce fares - Capital Gazette,https://news.google.com/rss/articles/CBMifkFVX3lxTE1Rb0Rtb3VnRTFGZHVWOGFnYmZtcXg4TVRFVHNyNklRbzU2OWVvLW1OX2FXVEYwOVN5NDlMU0hvVERtYlVlU0MzX01ZTHdzemRKUDNCZVlOOGc3NzlvUjRDTTBXd05BNzNzdkZneXpYOGxXNGhUeWFNSjZwbkpEQQ?oc=5,Capital Gazette,2026-08-07,neutral
MTA,MTA identifies top locations for improvements in NYC subway system - CBS News,https://news.google.com/rss/articles/CBMiqAFBVV95cUxPUUxvLTVzMGRTNFJKMWhRZGM4dDhXTzFsdkp6Q1o0Yjg2WFFmX0ZqUGhLdnVTVmc3QWJIWjlHZkt2TGNFRl9XaEZwa0IwMDlxVTZKTHprOXVhYU9MbW5CS0lqcnExVHVRU1U4YmptV0haY2JlOTZWaTI3aE9GNlVsaHBNRUQ1Z1g2U1NxOGVuN2pLeEhlaGo5VVFNM3pPVy1MeGRmWHpVdkQ?oc=5,CBS News,2026-08-07,positive
MTA,MetroCard vending machines to be auctioned by the MTA - Newsday,https://news.google.com/rss/articles/CBMimAFBVV95cUxNYmJTdk5yQ0dDWFhSUWtOVzZ2bEluNzltd1ZCTU9weV9Pc3FiSG1BbkJVTVhadGtNdjhKOWxtTW9oR3pyVnN4VVRxY1c0RFU1WlFYdVQwVlMxMmdNR1BXWU1NeXZZSWhneVc3VFZiZDlRbWpzUExySFd2NGF6MUdET29EN0pOUldTMzRYR1dtcHo4TWtweFkzMQ?oc=5,Newsday,2026-08-07,neutral
MTA,The case of the curb cut conundrum - Queens Chronicle,https://news.google.com/rss/articles/CBMiwgFBVV95cUxPRUdaZlhhcW9jaWJia2dQN3VOQXp6NTJJa2xhZ1hMTS1hNDJWQ3JWYXNtY0FweC1vdEZjT040U2RfUU5RNUNDeEFqVnRCaWEzSTVkZWRfbk5JbjBDRm5jZmVoMTJNQmh6a08zYXdlMFo4VE5yLUUxbGZvOVA4VExsZUtLUzRWNV85LWNKOUJaLTg2c0xiZk4yczRVNEJyNXlDRGxGZjdzRGt1enoxUkw1UTFIczhrS09HVmpSN0FxSzFSdw?oc=5,Queens Chronicle,2026-08-07,negative
MTA,The MTA is auctioning off real MetroCard vending machines for you to keep - Secret NYC,https://news.google.com/rss/articles/CBMicEFVX3lxTE9wQl9zYkRCNmlCMW9MY0RkWEVLZzNid0NvbFZqOTNGM1FtS290d0pnUzk2SzNNdzB0Yi1jNFVkQUNvVmJXQk9VdVdVZVdMTzhTcW5yaUMyUnNyODFickkyQjZEVHlIaFZEU3o2M3FDSWQ?oc=5,Secret NYC,2026-08-07,neutral
MTA,"An M.T.A. Project Is Under Budget and Finished Early. No, Really. - The New York Times",https://news.google.com/rss/articles/CBMifEFVX3lxTFBvcG92aDNJdzRVVG9od2MtcTBIMnE3Zldwb1hMMXY2U2praG5kdEtlMlY3eU5jc0dkVGRXNWZ1UVdPcWVGa1F6SmZGclh5eURuT19nOXFzNXVyTVpraTBESGZCVHFaRFBFRWpWZ3VocUdhWXZ6a3ZoWnhNalU?oc=5,The New York Times,2026-08-07,neutral
MTA,NYC subway train fire at Astor Place station causes severe delays - FOX 5 New York,https://news.google.com/rss/articles/CBMiYEFVX3lxTE1ieVBKT2NzYm12dnlkVzk0UGM3OUJHUExEcTRjSFBqWHBSUjRsV3Z2TUsxbmdBMXRoUS11TmtOaDNfeE1Lc3V0QVNhYUQzNV9ZR0x2R002dkRNRjh3UUFmVNIBZkFVX3lxTE8xM1hEVER4a2FLVWNwTVdxTHFNMkp6ZFUwMDY0b05RSnNORER2TjF1emFIWE1IRmVENHptVDVyelVTS3JpWWpIbElhS2ZBcDNqZWdMb0tTVHFBNkVYUV9uWUZPN2J0QQ?oc=5,FOX 5 New York,2026-08-07,negative
MTA,Governor taps former Baltimore delegate to lead MTA - WBAL-TV,https://news.google.com/rss/articles/CBMinAFBVV95cUxNNEJ0dV9QVmpISjh5ZkFlTFE1SXA0N2pCb2hRdW1PbWNTYXMwcHNaTUx0dVRCNmpMZFBPRU5MSVVJWHUwcnlmTmhOVkl0NnpYZk1KUC0yM2hyTlNPSTdmLUpDVjhQMW1qTEhSRUVhY0wzTUVHMmg0WjU0NG0zXzk1RkxQVjNxTnlRXzNDMlNXN25CTTFWOTdCWVE4MlM?oc=5,WBAL-TV,2026-08-07,neutral
MTA,"Person hit by LIRR train, service disrupted: MTA - PIX11",https://news.google.com/rss/articles/CBMimAFBVV95cUxQTkw0ZV9IOGNfbTJnT2hsNFBMdHVVdVpDT3hmZklrZGJMMzRVckRjVzBCaERna0ZXTlFlaGVJRlZRWHlvenlDaEJOeGJReVVTSG9xUkowN2pkWHFKX3lUOG5Tbjg2aTFRNXNIaWw0anNvbmM3dTJlTHE2d3lHS2JkS2lmdE1EODZtYkJ4TDFHSVBnN2c3amRnd9IBngFBVV95cUxQaklON3kxRkJ4U3RrMTk3aVVXcHB3d3ZYMGdsYzFIQ05IbkRERUpLY3FveHlod21fSXdCZWpxdkV1MjhSeTY2YTlvbFl2MjVRUmNuczh4U0ZfRGgxckcwVGZZT1Y3UVR3dG5VYzVVcWxzdVN0eTVGeUl3WjFNdnNVMVREcXJBalRoMnIwWnBnZlM1RTZpNDl5NlpWR3ZCZw?oc=5,PIX11,2026-08-07,neutral
Massachusetts Bay Transportation Authority,$530M from state millionaire tax will go to Boston-area transit agency - Smart Cities Dive,https://news.google.com/rss/articles/CBMijwFBVV95cUxPLVU5TmpsY0RxRTRSNXJkQjN3eU9BelRlVlVsdk56cjdVMFdkYjlGNy01MGdfUmcwd0NaQXZhNDRDaC11N2lWWFduWVJMVkpqcUpCTUloN1RFMGYxekpnbVFMVmVIQ3BCbzRHYzV6b2J5bVZHZGtrNlM5bnNaQkFWeUhkMkV4Qkp4Mm5RMXFYcw?oc=5,Smart Cities Dive,2026-08-07,positive
Massachusetts Bay Transportation Authority,Full steam ahead for CRRC making T cars at sprawling Springfield plant - MassLive,https://news.google.com/rss/articles/CBMivAFBVV95cUxOeG8wcU82ZEQyTGpTaHRuWWh3MWMzdmJ4ZnpNM2RjVkQ2a1VqU2VRVHRZTkpxV1dCUzd0eE96Z3oyeDF1QVBkSmZYLWdUR3RQQnZLUXMyWVNoM19nR3RSRGFJRi11SnBiSWJIWHRHaW9NSHhSSTlNYTdFZTg2YWtSRGtXeFhNNEpkamZISjdfS1EwQ2w4VjhqdjlHdnI4UndqZkpDSVVfWGx5SVBYeU94ZkxMdlVEaFdtaWZLTg?oc=5,MassLive,2026-08-07,neutral
Massachusetts Bay Transportation Authority,Massachusetts transit authority to sell bonds backed by sales tax - Bond Buyer,https://news.google.com/rss/articles/CBMinAFBVV95cUxNT2JhZ3A1ejl3dHFQTm1uLTJaNk0tR3RxU25Ic3lydnNjd1ZRM1lEejB5Q0hsSmo5b2ZUVVlUWWVHaHNJMElMT0o1WWxKVXBlTXpqRl9LOFM3eHV5M21jcmFKREd4dXp0endfMGtGQlVhblA5VldWeEZCLU1BbUVyeU5wR2ZoLWkyQnhsQWFrZW9QeUhmYWNpM3dMQ00?oc=5,Bond Buyer,2026-08-07,neutral
Massachusetts Bay Transportation Authority,Boston-area man killed after his clothes get stuck in a Massachusetts Bay Transportation Authority escalator - Yahoo News UK,https://news.google.com/rss/articles/CBMie0FVX3lxTFBFcnBCRjIxaloyM0VJZm1nazNEdVlLZWtDa2pBN3hXVDlwUkZRV1lKUXBRNjkzcGgzU3Y3NjFDVlhSc1JNQkNrNkV1UHViMGQxX0dCNlNONUlETFR4SXJYa0p6bFNSTmRLWHl1cGdFVDBSTGtyWThjWnFUYw?oc=5,Yahoo News UK,2026-08-07,negative
Massachusetts Bay Transportation Authority,MBTA announces service changes during World Cup - trains.com,https://news.google.com/rss/articles/CBMigAFBVV95cUxQejFUREdxUEFCWF9PMmhlUEhqeE5KTHBSSElDNzFJcjdfLThUMXNmd1pEd1QzRlRyc01fUnplREs1RlpPVmE0ODJOTTNQQjUyMW1GQTZxQ0NoUXlmWlE2cklwa21lYngyVWhHbVpWUmZBektCT2xkR29HNWFoSW51Zw?oc=5,trains.com,2026-08-07,neutral
Massachusetts Bay Transportation Authority,MBTA expands Transit Screens @ Libraries initiative - masstransitmag.com,https://news.google.com/rss/articles/CBMi6AFBVV95cUxNd2EwQ0R5MGpLNE1zRjROSm5PLUpoSEVVcUpZalVKbE54WnFhR05WbkNEQndTMFJWb2Zmbk5Db1VVQ3VPbHFfWkRUOUl1a1ZOUEU0b0cyaU9ZbWF1MGJBV3ZSc3VVZDFFT0xyRVYxRURWckhGLWlhWnppQzBXWHVTMUtYOEZDeksyUUtCaTBtSlFTVGE4aGZUMy1PZmxCTUVreVgtUWJReWJJZENrMjhibUVINFppMGFpQTFUM1lna0dlVEIwdVdXMDgtc19XX1NtdGtEUGZvbi04VzBRYlhWLUd5ajY3LXRP?oc=5,masstransitmag.com,2026-08-07,neutral
Massachusetts Bay Transportation Authority,MBTA Board Approves $10.3 Billion Capital Plan Through 2031 - Metro Magazine,https://news.google.com/rss/articles/CBMimAFBVV95cUxQa3duWTMxN2NYOG5FRmxObDBxVTVoTjRIR2xVUFpzNDEzS0pEOHI1QWU2WGwtaTBwV2dHSVBTVEt6aHhxdThWVm83SnlQM2ppUG50dTZVYmg4WnpWWmtDT1MtX0hmVWFvQXNKY3ljUlRQVnhVLU5yZk82ZFJManZKTWVxdS04UHBUMkppODNuZ1NwNVpSR0xEYw?oc=5,Metro Magazine,2026-08-07,positive
Massachusetts Bay Transportation Authority,Authorities investigating after pedestrian killed by Massachusetts Bay Transportation Authority train - Fall River Reporter,https://news.google.com/rss/articles/CBMizAFBVV95cUxNNTlKTTY5T0xocWRrYURtMXA5QkhTMmVUa3IwbVZwRTdpNF8wQVBoejdQaHlRNDBpS2MtaFprYkdyeFdCd1ZTbExKTFF5YXJEUUpTMWdRQWhVakRuLWtJLVZ0VWVQcl85NS1XeXVadnlhRGlaY0JVQUd4QlA1c0dQU1I1NzZZZUZWbTc3RERmYlRDVF84SWh0cG80dG5kU1FYVWRMTW5BaG9saGhWVUczWGNaSWVyUUhvWHdZaTZ3LWtac3VGZzJmUzBnRnrSAcwBQVVfeXFMTTU5Sk02OU9MaHFka2FEbTFwOUJIUzJlVGtyMG1WcEU3aTRfMEFQaHo3UGh5UTQwaUtjLWhaa2JHcnhXQndWU2xMSkxReWFyRFFKUzFnUUFoVWpEbi1rSS1WdFVlUHJfOTUtV3l1WnZ5YURpWmNCVUFHeEJQNXNHUFNSNTc2WWVGVm03N0REZmJUQ1RfOElodHBvNHRuZFNRWFVkTE1uQWhvbGhoVlVHM1hjWkllclFIb1h3WWk2dy1rWnN1RmcyZlMwZ0Z6?oc=5,Fall River Reporter,2026-08-07,negative
Massachusetts Bay Transportation Authority,MBTA threatens to use eminent domain to pedestrianize Boston streets during World Cup - Planetizen,https://news.google.com/rss/articles/CBMixAFBVV95cUxPRk1oWEQyWkgwOHJIVWc3YmxkbzN6bG4teEx2aHllQkNjbkQtRTA5LWphekRTRDlhUmtLS0Z1ZXI5dnJzejVCc3FUYTBLNTlfc1g1VFRXajZDODJmYnZSd281U0NkT1hJNERZcXYwMFVoYVZjN2Jhc1pCNnRVWkpfVmMzLVpXbU9VYzNMNnp6WHNQWjFFX0xaWUduQkJ4alRCelNBanFkTE5XX3Y0Vm9yRnhLTm9vV3ZXNVJFXzBxckV1TUFv?oc=5,Planetizen,2026-08-07,negative
Massachusetts Bay Transportation Authority,MBTA to close Symphony Station for nearly three years - The Huntington News,https://news.google.com/rss/articles/CBMimgFBVV95cUxOc0ZzaGdUTm5pMUxjZncwejVPRkNJSkFCNHZZYUdja0YzY3U1YmpaUko4cV9jX05LUV9XS1BKTjJmTWFTNzlLUGNZbXdYemxTdl9iZjNqaTVSMHZiZF9hNXZ4eHZSc1pWNFQ2Ymo5c21fOFRiVF9FMzBNSVZ4cWZZWmgyVG9JUFd6dEFFNjJqVFh1eGxpLVU1U0dR?oc=5,The Huntington News,2026-08-07,neutral
Massachusetts Bay Transportation Authority,"Transit Briefs: MBTA, Brightline - Railway Age",https://news.google.com/rss/articles/CBMid0FVX3lxTE8xa1JGU0tVeFRlT21DTS10WHZhOVlSd2IwQ2ZHdnM3ZVhNMk1mLXMzV2tFZ3U3UTdtN0xJQzZkNjI1bjJrYVhqY1JGMmpudlE1VnhLM2FGTWo5X2lJSjRiMUVjRXVmbHZZclJBcWFXdWplTjBYRzRR?oc=5,Railway Age,2026-08-07,neutral
Massachusetts Bay Transportation Authority,Ferry catches fire while underway off Boston; all on board rescued - Baird Maritime,https://news.google.com/rss/articles/CBMitAFBVV95cUxPblhzOG55eGV1WWVRQUdzR3MwTlVMN0M2d0Nqd0twRGZ5MFhqYWIwWXRhY3BfTFVOcGFPVVdtLXd6aEJjRFE4Z01uSkRnWVg1OFc5N2M3eXQwclRFcWFENnN0QU5keUZYeHdNY3RPMnB0bkQzaGhWSE53Um91cE5YTW1tQm0xUlEyVFdjeV9CaHBrTWVqdVQtTWdrS0lreFB2aTNHTm9FZC1BQXBzYUpMQlRZcU_SAcIBQVVfeXFMTWk2TnZJLTc2WV94N1NlVTlVWGN4ZzRvSFJPLXhzbTZmMXVYT3VlM2owLUJvcENvUWJURVJxZmtkNVFLa2xJZEFSeDlXZHRRWFhMOTJHNC1aVjAzX09qa1Q3ejBBVXU4bFBudUNobzg5OFQ0ZjFBbmlaQUloNnVvaHNqdWR4M0dmdkFDTjlVajhRZjFkODh3eF9rc2d0V18wOGZ0V2VYQjV6aXdxUWhhbldhZTZ5eHl2NTk1akw4LVViYUE?oc=5,Baird Maritime,2026-08-07,neutral
Massachusetts Bay Transportation Authority,MBTA train tickets for World Cup 2026 matches to go on sale - WJAR,https://news.google.com/rss/articles/CBMikAJBVV95cUxOWXNZMTJHcmJ1eWtkbC1MZUh0QWpjMWZlejc4ZElXa1d6THgzaTVoeFVLUDBNNHNWUVZHaHNEVXE4Z0tpaG9mdUc1ZV9fdHZvM2hiTmJnd01HZzV4Y09hOGRLbkxrbVJKMHNlM09MSWg3LU9YbkJqbUdYcTk3bExreDNyanRPYlJJbnpKWVhvcmZGM3dlZ05vbmxZRHViV01ObEpsV0lvVWkzUk9jUXBENC0tWnA1OWkyVWVtbWNLY3hWLWJmeDZFSllKQ2ZuQ1RONVdqcjkxLTFEQW5IQ2FqeV9GeTc0VVJ6MjZYOE1vME9FSU92NGJlaldYMXpaUEhxbGJVdm9leXdTSWswRXpDTw?oc=5,WJAR,2026-08-07,neutral
Massachusetts Bay Transportation Authority,Skanska lands $1B Massachusetts rail bridge project - Construction Dive,https://news.google.com/rss/articles/CBMikAFBVV95cUxOS3NaWVNlcl9nMndDOUlkdGdMV3lXaTFta1dVeUtVdFViYmphcmc5bi1aX1p5QjFwNkkwM2RkOC1TMk83LTRMbTkwM0RESUxHUkdQRmhvVnhtSG5LX29qMnlCN3RpNlZob05uUlZkTDlYT05BXzhQclBCU19nLTJXaG5qemE0YlpxS1dDaHhabHg?oc=5,Construction Dive,2026-08-07,neutral
Massachusetts Bay Transportation Authority,Boston Charging $80 for World Cup Train As Free Fan Fest May Shrink - Front Office Sports,https://news.google.com/rss/articles/CBMickFVX3lxTFBZbWFZYzNsMVkzM1hCZkpXZTliclE3cFNFYmloVmFBTTVBQzBCNVdZVHJueXljUGZMRjU4MWdFd2Uyam11V0U0NTZBeGNNVHk3YUVBLWR4bnZ1UmVJT1hTS1NJNjBqYmNCUHhFQjBBUFVFUQ?oc=5,Front Office Sports,2026-08-07,positive
Massachusetts Bay Transportation Authority,MBTA sets price for special World Cup trains at $80 - trains.com,https://news.google.com/rss/articles/CBMiqgFBVV95cUxNNGpJczdrMkIyZW9ZNVFlcFgzanB6aXZGVDg3RHJRZ3NDYnNBRDJxb0VQa3JYODZ2bU9MdFBzZi0zenRXdFdpS1NVNjAxaVBzUmxrdzgtUVhSWGZnUEdfOUZkYlJrSU5keGVpVXhnVVJUV1A1OGhnVGRkUGkzd1ItXzMxaXB2U3dPWDNFdVowazF1U1FIOFBCZl81NU9RTno0UWh4SXI0VWREUQ?oc=5,trains.com,2026-08-07,positive
Massachusetts Bay Transportation Authority,MBTA’s proposed FY 27-31 Capital Investment Plan to fund remaining cost for redesigned Arborway Bus Maintenance Facility - masstransitmag.com,https://news.google.com/rss/articles/CBMi1AJBVV95cUxQd2diQ2xjbS10NHQyTTF0d3RRS0dkaWNoYjlHR1ViWFg2dXhFaWxmRml2NzM4VktpYmFLQzhYR3UtdTdmUkxubGg3aGxqX0hDX3FFUHQ1QWFrLVJJTmVpUXlUTi01ZGRkc2ZOaDhXNGM0RG5wYjc2YnkwTTI2c05jMjZuX2JFOVd1NE5Bdk13aHZOUXF3X0M2aWNEb3U2Vzh0UTRtRkxOa2J2aXFQZnoybjBPOTFvWFRReWYwc0tuSTd2Q2J6ZVJhMlRFLWp3RXozQTZkdDRPTkxFS2dLUzdzN0tMcm02d0l4MHB4N3UyNkU2aVhzRlNkc3dUVUJORHhreTBsSnA0QXpzM0VBaVRYZy1aYXVFcG9GS2JIaERsTHJmdjVHb1RnZFpUQWFlemh5eW52YURKYlBmWEc2TW1ET29BTWJVMURZMkxVLTRjcmlmTERp?oc=5,masstransitmag.com,2026-08-07,neutral
Massachusetts Bay Transportation Authority,Maintenance work to impact Fall River/New Bedford commuter rail weekend service - WJAR,https://news.google.com/rss/articles/CBMi_wFBVV95cUxQYVVON21ZeDYtSi02ZkhZS25ub2JZdnROM3pLeUgzM2kzcExtWF82eDc1b2Jvd1c0T2x0Zkcwck5LUTNZcHRjVmcybVB4cE16SFlwS0lnQWl1WUdfZEd3NHNSSlp4U2dFZnZmUE1jX2ZobktOTFJhZFBEMUlrUjMtQzIwWldtaE1CNFh0dmZMQllqQ05CQnhJME9xaDFnRkdwU1Q5TGt5cmhXWmN3VkhmLTRrNEZOSHRKTlNHbHlqdFBnU1IxekYwOUYzOVMxTWE5NTQzZmUxejJuOTJYLUNZUU52aXFDNjNCQXFZN3RoOEZBRzVERG0xTURqbndaZFE?oc=5,WJAR,2026-08-07,neutral
Massachusetts Bay Transportation Authority,News photo: MBTA’s America 250 unit in operation - trains.com,https://news.google.com/rss/articles/CBMipAFBVV95cUxNMUxKQTBfUTAtVTcxaWxzMnNvcVNlNlBqME9KTzJfZXNqZkItRHZ6WDFJVGhDb1dZQ01DdjUwdVBqa1YxNHJkWnc0bThYSUQtZ1h3Y0JLZUJuQ3FKRkJIazhQTlFtNnNnQ1hQUDdHVkMxNkJzYkVVUWUxOC1DMzV3TDdXcjNvZmFtZlZnekMzYnFJZWVwMEZmMk5OenVGQlNIcGVXYw?oc=5,trains.com,2026-08-07,neutral
Massachusetts Bay Transportation Authority,MBTA announces summer fare savings programs for commuter rail riders - trains.com,https://news.google.com/rss/articles/CBMiwgFBVV95cUxORkd2R0tnb19MWlkzcFFGZmtROW83SUV3T3Z4UjhwSXI2dmREVXQwU2NXeU5EM2NNNFBqYW9GSmFrM2Y1TkhxcDN0R00yMFF6SWVycy1iSXM5Yk9wWDREWUM1WlBuSGJmX1JnWkxLZlJVX1ZVWlFNamhpWm9CdmpFbUNoRG9LWXJfQlpkd2h0ejkxTGRRYWZUV2w0ZlRGU0tZU0ZXWnI3R0JSMl9Zdy15MWdoT1NnaEk0ZzVrNGdfMXVydw?oc=5,trains.com,2026-08-07,neutral
Massachusetts Bay Transportation Authority,Supporters outraged as Boston hikes rail prices from $8.75 to $80 for World Cup games - The Independent,https://news.google.com/rss/articles/CBMirAFBVV95cUxQdTNYcUJfeHJyR3hSbFJnR0RoZDhHdE5SQUkxakhDZXNMeVhUMlFod0xqVl92UThSa2hWTU16a1JCWXU5OVhrVGxlU1FuS2dwN1Y4VW4tSGE0M0dPVXBGMmEzRkJTQXJzcjd1Mm1TeWRGeDUwQVdDejYxV2NPVFRxSk1ocnVmVDl3WGktZWVzY2l2Q3AwRGZLUWEycmtTbzZTNlRZN2hxNnowMmEz?oc=5,The Independent,2026-08-07,negative
Massachusetts Bay Transportation Authority,Turns out that World Cup MBTA tickets are not $75. They're $80. - The Patriot Ledger,https://news.google.com/rss/articles/CBMiigJBVV95cUxQWWpodV9yS3RWTTMwNVJPSjFqR2NyYmtPQ1ZtUk5RaVdLYktpdHdFMjdFUkhVaEg4THB3RG1hVnRabTNTRmxWSmJDNzRVQ2h3R0d4X1laOW4zNndSdnh1SFRJR0NEb3R5TkNtN01TYUJRWVkzdHNHQkJJMWtQRFNxa2xNd0J6bzRPQkRzT05kYnBTSWRsX19VdVllZlk1Y0ZhQ2hlTElid2lJZEUxdGg3LWM2cldrd0V5RTZlQ1pFMDhraVA2aU12eTdzRWYtQ1NlUkstV1VSMkk0RVdFckNSTEx5anVpWThoUjBOMlRuSmczSzFTemF6Sm1QYTJqbllSVklVSlgzYm81QQ?oc=5,The Patriot Ledger,2026-08-07,neutral
Massachusetts Bay Transportation Authority,MBTA Updates Rail Modernization Plan to Expand Reliability and Accessibility - Metro Magazine,https://news.google.com/rss/articles/CBMisgFBVV95cUxPaWZNaVI5OXFHZXo2X01uSWdhVFB4YV84TVhGcEZFVTN0Vm1sa1c5UWhOZkl4Z3dUSk9zd0k0LXhJSHZBcElWTnd2ajd0WTdPMFhNN2JSa3liT3pwX0NkUkhtMHVKdmF6ZWxSMHp1T3NkNF9DcV9oOVA1Uk9ybzJqLXUtcFNqU1RfQW1feGo0aGhwengzUjN0eVA2SlhNY2V5dm1aU0ZOMU43OWNIU0I5cUR3?oc=5,Metro Magazine,2026-08-07,positive
Massachusetts Bay Transportation Authority,"MBTA seeks new battery-electric, diesel locomotives for commuter service - trains.com",https://news.google.com/rss/articles/CBMivwFBVV95cUxQa0k2Z0VOc1FyNlQ5YjhGbEM1Ylp0aS0tbHUzRWNaOGlXcXJyT3FWRFlXRFNKa1pIckY3TDc2QjVnUFRoYXQxTE15VUtFZmpSazFrWDdncExrZUJRVXZ3anVHWjhQY25iV0kzMm5VQ0ZJaVdlLWR4aTRWY2czdXU3Sl8taWEzS3hwYUV5QWF6OUhUU1lIbW5pZzU3dEhHbWxCeGo5cGpjN25GdEhSTEc2MTd3VVl1N3IzV1YtZll3QQ?oc=5,trains.com,2026-08-07,neutral
Massachusetts Bay Transportation Authority,MBTA opens Focus 2050 for rider and stakeholder input - Railway Supply,https://news.google.com/rss/articles/CBMiiAFBVV95cUxPTzdTNzJ0VE9oN3FJdUp2eFhza3RTYXJ4SHdURENXMDBWNzBoeDNvMlJja1J3SmVIQVdPSFZYM05KRTEtNDFOOEpZVmFkVTN3T1YxQUJvNE5GSkFydmJHWmhHNXY2U0FmVkk1YzZLQlZqR3oxZlhrN3kyMXVMWG9RWElvNUdxakRZ?oc=5,Railway Supply,2026-08-07,neutral
Massachusetts Bay Transportation Authority,Massachusetts completes bridge project months ahead of schedule - Transportation Today,https://news.google.com/rss/articles/CBMisAFBVV95cUxQUWhMUWpyRFVWX280d2tlWnZPaVhyVExuWUp6TFZxVUVLclFSY204RmY1T25ZSUlmVjVkTmF3dTBmR29GRUwwdzYySXotWW1semc3a3F5MVJvdURWdkw2NktLT3FSbUNlM1o3WUphYlFZMTNtNWpKMWx1cmNjUjI3bUlyT1pzSlBPdWFuanFfSFhJN085S0hRSFNaZlFjTHE2d1FtZ21yaTFXdjdxT1EweA?oc=5,Transportation Today,2026-08-07,neutral
Massachusetts Bay Transportation Authority,"With double duty at MassDOT and the T, Phil Eng is living out a leadership experiment - MassLive",https://news.google.com/rss/articles/CBMiywFBVV95cUxOeWpnWHhJNUh0WVBCUFJRM2N1ZjVLRTNBRUJiWW5LOEt6MEpueGhHLWliQ3M2cDhsTTF5bXo1a3V1M2JUemo4dzl2Y1pwb3ZCRmVTOHgwckZDM0JhdWRNeWNzRGpsUGtVb1JBRFliVmtRcVFTS2dYcW4wMFdvT2JYSDRxVWZHNnUyZG14UEVJMWxBZ0lxYjhWWVFQdmFjbkY4aXJDSGo3SXplNjZyeW4ySmJZWlBJbi1sTkFJbW1CTUd4RVY2U2pIMzE4QQ?oc=5,MassLive,2026-08-07,neutral
Massachusetts Bay Transportation Authority,New F40 Lease Fleet Enters Service on MBTA - Railfan & Railroad Magazine,https://news.google.com/rss/articles/CBMicEFVX3lxTFBiTXhsQ2RocVpZYkFTdmhrMnR0Ui1GVHZpRWs0Z0FLbWNyNlZUdlJ2YXRybkpreGNHQVRCWjEwVWpwX0NmenRIOFZURnliNzlEdlhqT3plSFpmOWtqZXY5TFZOUmpjajBrVzZzZ3FhTWc?oc=5,Railfan & Railroad Magazine,2026-08-07,neutral
Massachusetts Bay Transportation Authority,US commuter operators launch battery-electric locomotive tender - railjournal.com,https://news.google.com/rss/articles/CBMinwFBVV95cUxPb1NkbmpXYVhjWnJnVnd5bUJoMHdLX2VVQlFxYlVUMnJocHVteTQtU3RCT1BTdm12RE9SdW8weEx3dXBkVmFkV2RjV3FFa2Q2UE1waVlwYnQ0SkdKajk5dVJkbGg4YThPUjNQTWVpY29LZVhwS3NlS3lWUzM2VGtzTXhwV0d3T0ZYQjBSVG5YU3d0Q3NlYXl1NWxTYnNYa1U?oc=5,railjournal.com,2026-08-07,neutral
Massachusetts Bay Transportation Authority,6 hospitalized following Forest Hills incident - WBUR,https://news.google.com/rss/articles/CBMiiwFBVV95cUxNcEVWZnRKQjBZcExNblBjOXFWU2M1aVprTDVRS0tvUmplbkhGdS1oUjVuX2NmcDZlajFZV0ZfZzdlWUlqeEg5b1FIS25taVF4eng4QUZrX200a0l4UU95ZjR3SldrRzZQOVltYWdXVjk5NzlEMzRUUWlkcElLQkRZangycTM0VkJrUW13?oc=5,WBUR,2026-08-07,neutral
Massachusetts Bay Transportation Authority,Rail News - MBTA enters New Haven heritage locomotive into passenger service. For Railroad Career Professionals - Progressive Railroading,https://news.google.com/rss/articles/CBMiygFBVV95cUxPcHpyUWhNb2dOM1pvTmFacFFaOENwQmMxWnRUSjcyX3JTcjV1Zk1YTm42VUVqeDIwSXBIMGVfMW90Z2RQdDB3TGlPUWxXclNCLTMwRzZHbzc5eE5yTFE0X1ZhbUh6eXZEd3FYV0JTT2t1MjRiZWZUYUR4ODdYX1VJY1dIOUpJSnJiTGhMeC1LUjhXa1lqNGZOdEIyREtpanRMSV90YWpJd3VjZVNDQTF0eUljREJXTUNUMVQ1M1prd0hmQ0NNSGFsM1hR?oc=5,Progressive Railroading,2026-08-07,neutral
Massachusetts Bay Transportation Authority,NRTA Parts Ways With Longtime Wave Bus Operator In Favor Of International Company - Nantucket Current,https://news.google.com/rss/articles/CBMitgFBVV95cUxPOWZ3OUFHRXNVd1FLZTRsTmhFMFRsMFQ0Z1hBMTZscF9PNFRYSUJVeVVEVXVsWHlFZWl6cEVHaWRFaVVVTTlJWWFLREwtTFJ3OXZoVGd1dDh2VkhNSmNGdzBzb1VYSV8zWTdZQlRPaDYxalh5V1U4YTRnQkQ4NURQU0lKajEzWXE2cDNYTk1oSFdYYW9qcm5SZ0g1MTdfMkIxOVpYYzc4TXBvUHpZWmJXS0ZRRVFuUQ?oc=5,Nantucket Current,2026-08-07,positive
Massachusetts Bay Transportation Authority,"William J. ""Bill"" Leahy Obituary - Worcester Telegram",https://news.google.com/rss/articles/CBMiW0FVX3lxTE4xRG5lYVNveVZNM2E4OURMbWtMRWxuT0JBUWZybGZlVkE4QlhFeWRkcHRrNW5CTDJfQWlOTVhwaEVHMmc1Vm9zc1N6VmczZ0IybUZCZE5VN3FPeEE?oc=5,Worcester Telegram,2026-08-07,neutral
Massachusetts Bay Transportation Authority,These 8 Mass. cities and towns just received a share of $13.5M in grants - MassLive,https://news.google.com/rss/articles/CBMisgFBVV95cUxNNXhrTUtYS0ZyLUo0TTNGd3huT0RfWUhLbVFKbm1JcDhyRDM4WjhnaFNMQUM1Q3NWMEx6NlRLb0NkbnN3U1VxUmZZVHVGSGI1dV8zYUN4cXRZemVjOXk4d0hhUkZCdWxodXlteW9oNGtPMVNOZGRaSnh0RXBFRHkzZUo1MWczUUVHNnZLZVBiTFFZYWNtSHV3Qy1FbVIzeWNGMlAzRzZ3ZTUtREdxM3c3cER30gHGAUFVX3lxTE5hQ3RIaE15ZmY5NHh6QUNTT09ZRkZrWjJoMDVRV045NGo4c1dVTGJXczBzZ3RfcC1FOFNWbUhweFFQMkZEYWlDaTRaVy15VG9wNThPYjZtMmZTS2ZtYUh1N3JnQUc5TnBjVzFfYW9saTBvZUFOeXoxZTZxNEoxQnZIcFhHWTVLTnBkanZZUTRMOV9mWi1lellBNURXbmJ0aGFrb1Q4ZDQ0a1UxdU5MRVJzVEVIZHdVZWFrOXh4M3otMG1qcG1ndw?oc=5,MassLive,2026-08-07,positive
Massachusetts Bay Transportation Authority,42-year-old man dies from injuries sustained after being struck by Massachusetts Bay Transportation Authority train - Fall River Reporter,https://news.google.com/rss/articles/CBMi3wFBVV95cUxNb3dOOXRJR3F6TExPdlJGNlg5XzVJeTlmOER3VW9fUVM0Y1p3M3BHVGdhQjBjZUVPYUstT1NfTEFCRDNkRklLcjBLS0FZTUJTOEJkOGRfcGQwbEZ4VkZJNWphYm5UTjkxVHJzRnQtSnpjV0d3TjEya2sxMnkxY1pZVVBFTWdJTFJFeXFzYWFWTEhScVhPcTdLeV9NX2hGSXZoQUg5SWtNdkMzVWNXSkR0Wmk3V1l5ZjFaUFh0V1Nta3VmMUc3MEpNcnhlYnZUR0QtUXVyakotOHVwRF8tSHZZ0gHfAUFVX3lxTE1vd045dElHcXpMTE92UkY2WDlfNUl5OWY4RHdVb19RUzRjWnczcEdUZ2FCMGNlRU9hSy1PU19MQUJEM2RGSUtyMEtLQVlNQlM4QmQ4ZF9wZDBsRnhWRkk1amFiblROOTFUcnNGdC1KemNXR3dOMTJrazEyeTFjWllVUEVNZ0lMUkV5cXNhYVZMSFJxWE9xN0t5X01faEZJdmhBSDlJa012QzNVY1dKRHRaaTdXWXlmMVpQWHRXU21rdWYxRzcwSk1yeGVidlRHRC1RdXJqSi04dXBEXy1Idlk?oc=5,Fall River Reporter,2026-08-07,negative
Massachusetts Bay Transportation Authority,Three shortlisted for Boston commuter train operating contact - Railway Gazette International,https://news.google.com/rss/articles/CBMirwFBVV95cUxNNXVOcHpxY2ZaZURVSGF3dGc2NW1qbXBKOFM2M19CUWNYLVB4cGNsUnNxMWJKNUpqVjJhcU9vT3pnaHFtaWVRd1JMcHI3WEI0UGpWenhKcGRxbGtuWG9TdDRKMmlfSWZXa1E1bTdlNXRYaXp1dFM2SUlhRm9Sa0pRRmFGaE04eFJxMm5VQmpZcDROd05PbG9DaTlMcDBYSlp2aHlVZE5rOGRpbUd3cWRJ?oc=5,Railway Gazette International,2026-08-07,neutral
Massachusetts Bay Transportation Authority,AG Campbell files suit against 9 communities for noncompliance with MBTA law - WHDH,https://news.google.com/rss/articles/CBMioAFBVV95cUxOTUNhQmE1NDFDU2JCRTFpUk1YWWZKS0lxT3VWcHRKb1NQcjI1dU5Zdy1HcHctRzkwa3FuT1JkbVNxWFRGTE9hUXpIbEJBREhmYkNfUDVKcXN4ZE5XbDJsak55SEVXSHIxMm9RSjZyWmJnTjJYRUVhQTRENFY0TkFjTEd4Uy1yY2hPLWFnd1FPampKYVVNeFFBZXdpcVFkYy1I?oc=5,WHDH,2026-08-07,neutral
Massachusetts Bay Transportation Authority,MBTA Wraps Up 2025 with Strong Improvements Across the System - Metro Magazine,https://news.google.com/rss/articles/CBMingFBVV95cUxPNWM4Z282YzZSWFE4SzcyNUJFcDU2S0JPdVdkMm1CbWp4WGlRMlNkOFV5bjl2SU9tbDdMLXljR19nLUxZV1hlWUhJWE9GQ29QSlJoRndtYWZVWndKUXVvQzU5cWVqYlZrdGkzcHRacHdUTUtySHY4M3lQbXI2X3Q0QWUxVmJENEhIX21nMXpkNDRVaGplS0ZHT2plQzRKQQ?oc=5,Metro Magazine,2026-08-07,positive
Massachusetts Bay Transportation Authority,How Boston transit leaders fixed a failing transit system - Smart Cities Dive,https://news.google.com/rss/articles/CBMiigFBVV95cUxQWkNTNkd1NGE3NjZFOUE1MW12MzRXMnV5SUg1QWhjVUVLdk05amJuQjhSSTZXSER1T0szVEo1d2IyVFZSdGo3QWtnN09pQjdTdVlBUWo4VWxXb0NST29VN290dHp0TWF1S1NwNDI0VW4wQmNxcDdqLVhtcmRzYmFIY2VMdTZCM2k3c0E?oc=5,Smart Cities Dive,2026-08-07,negative
Massachusetts Bay Transportation Authority,The MBTA must crack down on fare evasion - The Tufts Daily,https://news.google.com/rss/articles/CBMiiwFBVV95cUxNSlVDXzdweEtWUTBmOHZCY0tCMi0wWHBpZjUzYzNsQ08tLURkZ3FmbWp5U1FSMzRFWU1MaWtIYTV4TU52QVpKZVg5NTM2c0lBZ253Q1NSWVJiaDB1YkcydzJ6X2wzN1U2cGQtUHpGTUY4MmIyQjFtbDZxaXVpWXQ2U1ViQkJWMjlaY2xj?oc=5,The Tufts Daily,2026-08-07,neutral
Massachusetts Bay Transportation Authority,Massachusetts dedicates $8B to transportation in FY2026 budget - Smart Cities Dive,https://news.google.com/rss/articles/CBMinAFBVV95cUxQUTNneUFHak5IVlB6RkQ0NE5weEdhemlQSWVHQ1ZBYnN1d0VOaDJZdDAwbzZGa1pkMzVHRExjT2RsM3pyRm93NGgzWFQ3U0pHeW1ROWZWaUxlZ0pzd3h2M0toMWUxZ2xWUzFiVU5JTUVpaUVsYWNRWVZicWUzZjV3MHJjckJWY0FEelRRTUxwRzBkSjJRZ3RsZjFZcjc?oc=5,Smart Cities Dive,2026-08-07,positive
Massachusetts Bay Transportation Authority,"Award of Merit, Airport/Transit: South Coast Rail - Engineering News-Record",https://news.google.com/rss/articles/CBMiigFBVV95cUxPOVh5ZDZabGpJVmU1VDN4V2NySFRzRmx4MU9FNzNlTzZ2SnBfU3FvN2hzd0lhOFBOWGppcjlDMmZZSERiZmNLSzY5aGpGX05hM1FnY1lNY09hZWw0MzdqQ1BxYlVYWXBvRW5WV0Y3VlhnSFJUcERsbmVtVEhFMFVyaWtNV3Fpc3dXVUE?oc=5,Engineering News-Record,2026-08-07,positive
Massachusetts Bay Transportation Authority,Massachusetts Gov. Proposes $8B Transportation Investment - Engineering News-Record,https://news.google.com/rss/articles/CBMilAFBVV95cUxNMUVKYzYzLVNjcWFSNGNJUkQwSmJLMER3M0s1aXNZX2h6cjdCVUhzVUltZm5JekgzQmhNWUJWLXVabDRRNDJfYVJUN3pqd2JFTUcxUDNyVWFHdWlfeFBUcDJSSUJKRmVmeTZTOFBHbDkza2pZVzh0WUVOQXNqckF1Q0xpZUFEeGpYS21MSDJPSHNhYzZY?oc=5,Engineering News-Record,2026-08-07,neutral
Massachusetts Bay Transportation Authority,Boston's MBTA Orders 80 New Flyer Electric Buses - Metro Magazine,https://news.google.com/rss/articles/CBMiiwFBVV95cUxPZXI1Z01pTmVzTlRBQ2g3SmhJcUN0bWpkVmZ2ZWFEZ0FZN0hVdlFzVTNtVnIyOFZlUU9md1JwaHZ0MEdCOXBkUVlqYXl4YUF0WEJaWWFjTktZLUc3MFozZUNTSFJkaFYxeWRPNm1Za2pJX1pDaWQ3Zk81MHRPQ0pBWGF5NktyaWkwVlZR?oc=5,Metro Magazine,2026-08-07,neutral
Massachusetts Bay Transportation Authority,MBTA Secures Funding to Procure New Commuter Rail Locomotives - Railway-News,https://news.google.com/rss/articles/CBMikAFBVV95cUxPSHZoYmpZbEJpMUI0aEFkZVE4ZFBURDlKa0loeTNlTml2TW9MQ2NwU2FMSDYxNW9WZHRNMDh4X3oxallIOTM5d0hjUEdBX0VGTWVRTW1ESkR0RDVFZnYzd1dSRmIwb3lsSktTVXNuWUswLVJlaEpSLVkzb1JybXpfdHpOaHJOQ2N3SkhjMGItZlU?oc=5,Railway-News,2026-08-07,positive
Massachusetts Bay Transportation Authority,MBTA backs away from major Alewife T development - Cambridge Day,https://news.google.com/rss/articles/CBMigAFBVV95cUxQU0pBbHc5cnNCbFdTOGYxdzMtdkpSaU91UmZiRWt2Y0ZYZHRyNlp6OC1ybGhBbVJONlVFQzJXUV9KLXkwWVc4OXVZUE9ETWFkXzA2QTFhdG5SOGNuaUJxYUphQWlRdG44ZUNydk5CQl9kQWZSLTV1VGhsZFZRTkRMYw?oc=5,Cambridge Day,2026-08-07,negative
Massachusetts Bay Transportation Authority,Train Service Halted After Man Parks a Corvette on the Tracks - Road & Track,https://news.google.com/rss/articles/CBMiqgFBVV95cUxQWFBwVDdLbDBhOVdjZGxLd0IxS0hiTkpHdWc0aGRHZkhiSy1YdERVMU5NV1R1X1JlOWNqN09VZEpxeWRpbnFsaGtXY19VM2ZrMXI3X1dQZ3B6eUhHbk5nYkEwcEdzbVhtWkdwdmNxTHI3TzRnM1dhUGtaTVFVUWlqcU50cE4ya05LUG5FSFB1aW90VXBpdW5KVGJhTDd1V0cxQzVKMXZyT0V6QQ?oc=5,Road & Track,2026-08-07,neutral
Massachusetts Bay Transportation Authority,MBTA head Eng named interim Massachusetts transportation secretary - trains.com,https://news.google.com/rss/articles/CBMivwFBVV95cUxPRExReXFSaExoRHVtcnFCLXhKXzFCSzl4REpON1QxekVieEZzTm04cV9nd1ZoMEJxY3hOLVFYRGVaRmRHSVJfYTlkamRILTB6MkRqREdwNFdGQUNaZFBUU3d1QVpXOW9Zb294c1dJeTFLNmtyalZNOXZtMENaNjJ0NmpJaDZWS1hDSERRbXYtVncySG9vZWdiWDlFWi1VU3JrenhKNUJZMXFoZTBKVVNvcTh0d3lCTEVOWE1Wdmxlaw?oc=5,trains.com,2026-08-07,neutral
Massachusetts Bay Transportation Authority,A homeless man died in the cold outside Boston’s busiest train station. City Councilors want action - MassLive,https://news.google.com/rss/articles/CBMi2gFBVV95cUxQRHFPX1ZiLWJwamdwMng0Q3p1VHJqRHhuYkgtdVpKTXA3WWFiRkNpMk9laEhlRnJUN25KVDBfR0ZxcG5ldkEtMENDS0NRWXdrODE4aU04UlM5aDJoNmFKdk9kMVdTaXJrN0k5R1dhQkI0NERnb21nVzA0TmNiYXNSYnBUQzdMX2ZyRF9hRU5YYW56UVNPZUgweHBYNVhSdWpiZE5ocE91eTg4NHc4eFd0YnJ6TXAybnZtV3M3MTczbHR2UDZ1OTl0ZnNpNkdqa1BuV0FseTNlQ1dvQdIB7gFBVV95cUxOUmtTNEJ3MU1ESHRpWllWSG54SGlIeWhCZ01TS0FRSm9HNVhNUHNSNFMwUnNiRUF3X1hOU2w3WlJfTUYyZWpKUmNTUk9rOVNiN2ZGTHA5ZXQ0VWRFODNNMGlYS2FhUHJMeWRRbkZ6TW1acUo4MlVMM1VrRE15ZGtTdDJxSXp0VTVjS0Z1WEszUFdpcVZ5QXQ3UVNwaUtFcmlLcVlfaWowUU5EZTZ1dm9yenhsWENNeXdYTGd5NmpsYnNzLUVNZFY1dnFjYXVuZjVKMkwzcjdwVkxkREZmRTdiSGJLUjFsZlZ2RVMxSEpR?oc=5,MassLive,2026-08-07,negative
Massachusetts Bay Transportation Authority,MBTA is ‘barely treading water' - Route Fifty,https://news.google.com/rss/articles/CBMijgFBVV95cUxQNkR4VW1nSXhxY1ZSS280ZWMwWXBBbUhFazdkWmVnRGRMa2cxOEplT1d3cmZxSFRKNE1RTVc3amNlakNxNm1lMV9vZjVWcGRKV3dWVXpaY1BpUkFnLVNXMDN4VTFqakswWHVTNU5rRlFuX2xHZG5NZUVLd0pKVUw3QmVheTl0blRXUTFmVXlR?oc=5,Route Fifty,2026-08-07,neutral
Metrorail,Miami Metrorail: Are Officials Riding It? - Miami's Community News,https://news.google.com/rss/articles/CBMijgFBVV95cUxNSExoT0xsNmoxdGkyc0Nzc3V5T1AtQ0VzN1RUdjNSTkNTeDZmY2wxbktsWE9VV1dZbmZneDV3TVdpQXdLOHpnX1VNTTlaY0JPZmZjUUU3bkxyNi1QSVlYTVdVZDl5R3RJUnZycE9tejVHQkk0NXFGd3p1XzBFZTBsUTdMX0xKUzl6SXFqTmFB?oc=5,Miami's Community News,2026-08-07,neutral
Metrorail,DC Metrorail operator sentenced in health-care scheme - trains.com,https://news.google.com/rss/articles/CBMiqAFBVV95cUxPcmRyR0lRT1puQTBnUkdnSWFkaXlSUVQ2R055a1dNLXBHcl9oUVZTVGdkOTZ3WGlJeGRvREF2SHpDOE1QT1BFQnZwWVBhUEdHYm5CRGx6a1ZaTFU5VHBpZU5fdE02cUJUY0ZQLUtkTFJWU2NlWk1oNXN1UHhpaENQd0dnaUJYVVVuUGFjTkVVRGJDY0lpbkp5SkhiemxEMHdEWER2b2FTOEg?oc=5,trains.com,2026-08-07,neutral
Metrorail,"Houston firefighters at fault in 2 METRORail crashes, reports state - FireRescue1",https://news.google.com/rss/articles/CBMirwFBVV95cUxPTTdRMGk4dVVQVGxzbmtvYk1Ua1lhb01CYlZsM0txWGxkamdKbXFTVjEzYlN1UFFScXp1WTBkNnprZ2laSFFpSXZTbWNzXzJEZjBoYTlIOXJhWHZXQ3ItTDRaZE83QUJPSEVxNVNyVmpYQjdmc2NIckJQSXQ2S2tKWVp4OElsaXhfVWgzdlRLZzhuX1dvd1JRTDRyNk5aX0JaRllYbXV6YVFGM1BvMUxB?oc=5,FireRescue1,2026-08-07,negative
Metrorail,"HFD at fault in both July collisions with METRORail trains, TxDOT says - ABC13 Houston",https://news.google.com/rss/articles/CBMilgFBVV95cUxNV3Fva2N3Tk1WZGo4U0VXX1dPc3NMWG53T0JHUDN5TlB6SkF2LUdMSk9GQ2FyVkMzR3N6Z0VPd3NjU2RGSzgzS2w3TjlBZ0RqZm9YQlBfM2luLWNqemxjMlNFWWVtU2tvcV95S0JKZlBWNkoyT09sUjFSQ0NMVXFtNlEyeGRFQWpMcFFqN0JFWkJ0Z2JHSkHSAZsBQVVfeXFMUDh5VnhqNTVzSWpZV0lwU1BwblI5ZkNsa2NjaHIwSnRja0l6WnY1dVhuNHIwcVdNRzFzSktWNF81X3lCbF9POWUydlJGXy1mTEZJZFhzVVV5bVRNQjd4MnVXSHlBZ1JDbmJlVzlnQmtZamM5dEJqWkgzM1gxWEpjWkxEU05GTk5Pci1raWpCdWhhXzNuZFJ4RE9EVkU?oc=5,ABC13 Houston,2026-08-07,negative
Metrorail,METRORail train struck by Houston Fire vehicle near Museum District - FOX 26 Houston,https://news.google.com/rss/articles/CBMijgFBVV95cUxNS09RT2tGWVNTb09mZVdrelBpcU5uVHBPdG1oeml0RHZPeWFsMFdCYUd5enpiTVRmQUktWGpTdzNKRmJCcU85NVcxUVRDaFozc0hEa2dnaEtaRjhBWHBiQUNzV2R1eTZyeTY4WTlFMTV4UzhhaUhLVEZJNXJUMlZGRzEtZXB3cmFpeXA5RGxB?oc=5,FOX 26 Houston,2026-08-07,negative
Metrorail,Breakfast links: How many people rode Metrorail to a sold-out concert? - Greater Greater Washington,https://news.google.com/rss/articles/CBMioAFBVV95cUxPeDlHRnM4ZmJWakc2UTRvdC1ZYmYyQkdnQVZsRmVIUndIRlVTTU1fMmxjSTAtdURYTnk0anVSSG1WUWp1YXV1Y080WDZiWE0xSVB1QW5ESXV4dGstMGZhekZCR0lTUmZKdFljSWJDWUp1Z1FYYVlQbUw4QjAyREVidmh6cU9HaVdrdzBLclR2YnlaLVo2UDhhalFzU3NQdm5Z0gFKQVVfeXFMTy00bjRKV2IwYlR5aDZOeEhVT0I5Rm5xWGgwR3FzVXpoR3YzWFlFVkN0ejdwN0RxcllHSkNyclNMQTl4Y0pUY0R2Nnc?oc=5,Greater Greater Washington,2026-08-07,positive
Metrorail,2 passengers hurt after HFD vehicle collides with METRORail train near Museum District - KHOU,https://news.google.com/rss/articles/CBMi-wFBVV95cUxNUmdDSUlOTzl0NGVtUzh4dUpxR0o3Z2lmNFVxOERHaEVoN2VJaFo1RjJVVUdTMFlrSDRWdThodFZNRWF6c0dZc09Xb2drU0RIWnNYUlp3eHpwRkFWeXRvaFI1aW9jV25ETnJBcVJDeXFvdC1kWThmRXI1SDhJY1NWazRWMm9kdVEtYk9NWkxiNWZwSlFqN0tmU3N6TXRRLW9hYzVZTmhoN0RPLTJfSkZrNnF5Si1SZ3dLcHl3TUl2bXFZSWVpanVNa2dXZXN0QldSaU1VeVU4WFFENkxLSDhYOHZoRmtNbDZtdEpVUWZfSUFSaVY3MndVVDMwaw?oc=5,KHOU,2026-08-07,negative
Metrorail,"Doors, barriers coming to Metrorail’s Red Line platforms - Washington Times",https://news.google.com/rss/articles/CBMiowFBVV95cUxQMFlaNDkyTnFzRUdpbzFYRGl5bDY5ZGd1VVkzMXF4OVlLSzBMU2syR0F6WGVadW1rejVwRW5Hb2U0NE1Sdlp2eEpnbXVyak5hQjJMbFkzQmoxWVFLSWZ5LWtlZXlXZEx6SnRBaEJSOVJOV0szM29maHpUNXNGRTcwNkhBeE9uSXNIS2VvZ05JZE1iSTRVOUtVaFd3NHctVHYtTldJ?oc=5,Washington Times,2026-08-07,neutral
Metrorail,"Montgomery County Department of Transportation Director Chris Conklin Elected Chair of the Washington Metrorail Safety Commission - Montgomery County, MD (.gov)",https://news.google.com/rss/articles/CBMiiAFBVV95cUxOOTFidmtWeXlpeU9pOTEwR25mN0dBSDBhMTNnZjVrMTJYTVlQRy1hM0lCLWJ5eWE4ZXpxR25nOVMxNWtvXzZsaHpZS3g3ZkFYX3hwMDloVVgzblB5Wk0wU2xUdnN6ZllLZFMxcTBNaXRIazl1UFNfbmZrRGVYZ3ZZdWg3MGItZUtv?oc=5,"Montgomery County, MD (.gov)",2026-08-07,positive
Metrorail,Inter Miami CF - Inter Miami CF,https://news.google.com/rss/articles/CBMibkFVX3lxTE16UkZSa2s3OVJVcEJrUEJmMWZrLW5wNTE5SGhIXzJSaXNKQ01pUXBOZmZMS3lSM3BycEtUZWw0Q21xOWdHVkdCczZjelI4a08zUkt0Q2dzbTlFNFpON29HdENublNhVGw0U3Z6UGRn?oc=5,Inter Miami CF,2026-08-07,neutral
Metrorail,One dead following fatal officer-involved shooting at METRORail platform - Houston Public Media,https://news.google.com/rss/articles/CBMi2gFBVV95cUxPbUhjNVd4OHBqZThNanJyYVd4ckFSTnZySWw1T2NNUHhCNEpEd0puSU1nN3BES1NsWVloN09IX2pBS2w3R2pQaEtGN0hZUEtReWpuaDIxd2JFOUJXd25oSHpRU2V5UmxOS2NESzJHbDRUS1dBZGg1Zk5HbmxLLXRqcGxLYkpMQWpDU2pIZXF1UVBrTlR1RkxMV19jMHlCdmwxaDFjWVRBa1dEcUJWUWJRU3lMcUxSaWp2eFZCR0ZWSE0ybFlnVGNyZGUzVTd0QUthVDIyY0NoMV83d9IB4gFBVV95cUxOdFhha0Q0TjJmVkktTU1DNE9ma1NKZ3ZFN2RQZ000dk1iSmFkTWxSRUd5bms4MWtQZWhLUkZtWndRNC1RNFlsZ0l3cnZ6RjlPWWJFbmhXeWhMam05dGlpcUhLZXN4cnlXRW0yeE16QURxQVZXbTZpWmM3OEU2a0QtYmp5UnA2UEtJVGNfV3Y4a3p3Ym1kcF9aZ0xRUVZNbnlaT1FUV0hRa2NmYXZGTGdOdm5hVG5GRHlEZGNVaFBObHJWQkxuSGxUaEp4NFRDdUtRNmhrSlRhdTVSaW4ySEhfR2hR?oc=5,Houston Public Media,2026-08-07,negative
Metrorail,Miami-Dade could lease site along Metrorail tracks to developer - The Business Journals,https://news.google.com/rss/articles/CBMisgFBVV95cUxNdVpxdHBOZ3pZanVqX3dUbzYwUDJITzZETXNvUGZnZkM1MXowRzY4TWtwemRKNHVoeThQX2s5ZFV2WHJiQ1Q5Z1ZSMXRhSWtJOU5wVzU2SkZVbjJnT01Gc0JBMG82QnVMaGRTX1JrZ1IwNm5xUTVBSkxWc3lHdUNKMndNVXBKcTdxTktMNmdBd2FrSkRXMURqd2xucVdVcHZJWTFyRFhOYU9Ma01GVDUxeVZn?oc=5,The Business Journals,2026-08-07,neutral
Metrorail,Houston Fire Department Fire Truck strikes METRORail train - FOX 26 Houston,https://news.google.com/rss/articles/CBMihgFBVV95cUxPMDF0djkxQ25uSFpxT2xjNzc2TmhkQTIzSUhvRzg4UFhBbnJmcEFXNFl2QnJyaXBXaHRsOXNLUDR6M19Vb3RvOHdfOW1OSUlVU1Q5STBiV3d3djZ0Y2xCdkdUMzhxcVdGYm9DcWNsLXVxRExQYVFYYUZKTzBIdWZYNjI2Y3h4QdIBiwFBVV95cUxNQW1KTVF0V3Z0WlVIR2JSS19LQjdiSzBBUlZCTHJzSGt2NlFrd2NoQ3pCRDg1MnNXcmg1aGMtYnlqajROSUQ5VEJOQVZSLVVhNHh4bHgxejRTOXNrdFI1ODAwc2NabXZrZXBQTmJ6Tks5dHdua1dqX29Nd0ZRX1RJNlUwaWJBUENjVFdn?oc=5,FOX 26 Houston,2026-08-07,negative
Metrorail,DC Metrorail to move ahead with plan for full automation of Red Line - trains.com,https://news.google.com/rss/articles/CBMivAFBVV95cUxPNVRoVzJFcmxyYi1XU2pZaTJqVmFMY0Fad1ZuUzhYbUVYRFgyY0FUWmpsVkVoMHEyaTRLdXl3SHNpZ2kycnFiNHk3OU0xem1nWVBWZXBjODg0RVh0ay1rYVU4bjRiNENzXzRXWTJoVzdDai1pZzJuSHJhdklrank1eUNzeGQzZTJKLUh4b0hYTlNZLVhIaVR1NUxDOHFLOEFzczZqcFQyaFpEVDNxTGdRc0phSUNmSWhuZUUzbA?oc=5,trains.com,2026-08-07,neutral
Metrorail,One injured after METRORail and HFD fire truck collide near downtown Houston - KHOU,https://news.google.com/rss/articles/CBMiuAFBVV95cUxOaTdLc2JoWDFaclEySE5SNlowOWRWRmZYeFdzdjUxeXNwd2ZVME9jS1NDVXhNMFR4dHltRC1fcHJyODlPMm5mc21sbEpHNFByZTVDak9oSEFXdmFSaEF6VlAyRDhVbkc3Q0lOOFByS1ZiTDByOFNBMTVNODJjb0pwc182NGV6S1Ryckd3Y2Rna09OR3Yyb1hDRGhfcC1iUmtyLUw2UnlPWktNei1TMXBSaXNmcEJvdHhN?oc=5,KHOU,2026-08-07,negative
Metrorail,Why I’m celebrating 50 years of Metrorail magic - Greater Greater Washington,https://news.google.com/rss/articles/CBMigwFBVV95cUxQZjZ1ekdqYUNzd1NuXzFsbnZwRXR6a3dmbXpaY3pucEttM1NvcVB6VkkzdkY2a1MzbHBHYW5sNlV4M1lHOFZzdUVjYmV5WnFRcXRZYkhfX0NMNUR1NGlnMzJzU01Fa2Q2MFJnVUU2YXVXZTVMS254ZmlTZGdpNkxENmM1VdIBSkFVX3lxTE1aRGpQanZYUElhX0g0MVZxTHhlSHBYdV92ZkNXM0lRd3JXSGFPVXB2dUowWUxLZmwzTmhFcXpUdjNEQ01BdEMwcG5B?oc=5,Greater Greater Washington,2026-08-07,positive
Metrorail,"Collision between METRORail and HFD vehicle near Texas Medical Center, MPD confirms; second incident this month - ABC13 Houston",https://news.google.com/rss/articles/CBMiwwFBVV95cUxNVkxfYUY5U1d5NUdXQ0J3Y3N6aVlSZDRaQXpqeFp4bjF3ZGFYNm5lX3BHd0V3WTNQSktyTFJrcVIyQmQzYXRFdzhTZ0pqRUQyMWRMYWVqT0dHUWtMeS1xbWJsOGVuak5lTThxVm1kT3JQaXpMaUpOYTAwUkJZWU1fZzJuUnpCRjJpcEI0QVJEMHY3T19ZTmlUcmR0MG0tb1B2R3N3M0N0eE5DbXczcU4tbXZCSENDT1FIQ3pfUHFldkdlWXM?oc=5,ABC13 Houston,2026-08-07,negative
Metrorail,"1 hospitalized after METRORail collides with HFD engine and derails in Near Northside, officials say - ABC13 Houston",https://news.google.com/rss/articles/CBMiowFBVV95cUxPQ0VzT0N4UnNHdjVQSlpab2d3b0NFWVM0MlUzV3JjX1p3OUtmeXE1czBZWllzRThPR2cyY2J2S3FTWGhuWWVoQWI2MzJMN3B4T1BkQjhTUjUxWkpEY3VCNzd2Vm5DU2R5S3Qtb203Zm5OS005SzhPMk9tcHBUS1VDZGwxckJ6Mlh2NUlOUklRN2lieHFRM1N4YTNObUFNbUhReHdR0gGoAUFVX3lxTFBCbEhUOC11Y3lxU2JIei15R1Y0ZWhIMEdteXN5QzZRM08zMGo1S3FPWVFkZmd2aVQ5LS13VlZ1TURtX0dBS0xIYnl0TjlsQnZMLURLem45dDRWS19QR1JHU3JZRFd2UUQwUmk0SUZtbEkyRU0wT0FIZUtlWGtNVm9TbjIwaXJVTzZOcVRwT1hNS2VGSjl4MGkwQTMwcHZELW5ZR0lNLUZEaQ?oc=5,ABC13 Houston,2026-08-07,negative
Metrorail,GALLERY | Metrorail celebrates its 50th anniversary - WJLA,https://news.google.com/rss/articles/CBMi1AJBVV95cUxQOFljZWxCcGRVWm5FOFI4X1piZUhsMUU0Z3FvYUdxNlprVGc3dTlYNnZybFJKZEpqa0NYa1U3d19rTEFzeWhoTWpaMUhxbVI5TGI5dTlBU0JPQlRERHljNjkyTGZueE4xTlBsZmFsbElZRUZ1dG9KY3lBMVJuVGlUUldzbHVjQTRrb2lkY2JXdG45aGRIOThhZG13d0pESGtWVlZSTm1UZ0V6RlRHZHNJdF9JdWtwUzk2UkdyOWVIS1huaV81VVBZN1ZnclZIVWJQN2pvWU1KWWQtNmM3dC05SjFsRHdkbmdVcFpTRGN3anp2VlE3RWI5VzhiT0JFeFVqaW1NT0d6OGR2c1k2S3JCMG82OS0zTjVxS0MyUThrcjRhcFJpY1ZEc3FQVENGb0VjR1ZLYk1TemVXQTRhdGZpU0RaYThNVEliSXRhcW9mNXlCZ01n?oc=5,WJLA,2026-08-07,positive
Metrorail,METRORail MVA with HFD Truck - KHOU,https://news.google.com/rss/articles/CBMirAFBVV95cUxOSVZlNGttb3M2OU03YWhLbVRrUG1LWC1GRnZiWEJjRC1lYTAteS1LQjZRREEwSTZmWVBPM1lxd1pCTjhIV3hMMW9fbWRkanVZQmxDMjlYQWlqUW1IdEdMUHpMcXUwRlcwWTRuRDlDQ2EydDg0NW5jWmhrT1AxdHduOTBZZWctX2pnZU12VWxaSXVjeHRIa2VZLUZPWHZSYmcza0M4SjJMbXNvSEtJ?oc=5,KHOU,2026-08-07,neutral
Metrorail,METRORail Red Line service paused this weekend for maintenance in Houston - CW39 Houston,https://news.google.com/rss/articles/CBMidkFVX3lxTE1CeThyZTEzNU1qRjRUTkdhUGp6QXBxZ3Y3SzJRNDJMWV9VZEZMS1BUZlZzbVBwTTdaemhSVkgzV3U3UEhrWVhXdFhmazNCV09ycWhHQWtWV0tQVDd2d3pPbUJ4OFU1QVJCUzcwc0FVWGdQRmdoUHfSAXtBVV95cUxQNzhMeUVCNW9oNFdpeEtvTFpEMkNnR05YUVJhbFFabVJjQ3VhSm9xV0trVlo1dTdadTYzQXAyZDYwd2l3dVlSNk5iaktfemczZFNjTUFTVGZ2ejRYUk82bDJXTGxyb1RLRGd3bDN5eVF3YktZenc3MDNURTQ?oc=5,CW39 Houston,2026-08-07,neutral
Metrorail,MetroRail train crashes with Houston Fire vehicle near Midtown intersection - KHOU,https://news.google.com/rss/articles/CBMi6gFBVV95cUxOZDdXX1BoVkF2eXR1U1BycFpxaUpmbEJudUluVTgzX3h5VlBmTGQxamZpeEY0SWcyTWFfa0pCOS1jZHZqQ05IeFlZYXJ3YXlGbDdwZTB4OFR0VUo1NVRkSG5zTXZFS1psSFdOeDN0X0RocjdhVUlpME1Jb0JscjRzTjNIVkNEeENual9UQTdlUHQ0aWtLSUJyM25Wd1VUQjZyampHdTNtTk1BMmstaGRlcElLWUQwY1dpdW9ZajktbUtXU3hab3I5UzBNME9jdzdYX1Z3VDRtOTV0T0x2bS1USXlNeC05cm9RUnc?oc=5,KHOU,2026-08-07,negative
Metrorail,"‘Elevate 54’ Planned Near Brownsville Metrorail Station at 2845 NW 54th St, Miami, FL - Florida YIMBY",https://news.google.com/rss/articles/CBMiuwFBVV95cUxNZTlRM2tkckZCVGN0WjBVVG4tY0VoS0tCbWVpdUVLdV9oM0U2ZUhaa1E0UGU5N1FWVG1RTHNPRGd0ZlZXYi02SWhlZXc2amJ1T0NOR25PdXAtZ2FiTm5MTHYxTEE1cGhESVNZVEtwTm1FYmp4eGlfQlpKMXNTXy13V1FYbzdYMnlwOG1ILUYzU0xoQVZTb0JrTVJTRjFRVmxzN2tmb05rWGVKelN6UGd2Yl9yNTNMVk5QRTNr?oc=5,Florida YIMBY,2026-08-07,neutral
Metrorail,"Suspect taken into custody after incident involving box cutter on METRORail, METRO Police say - KHOU",https://news.google.com/rss/articles/CBMitwFBVV95cUxOa0RIbUg3WThjcF9nbTc2Z0xxaU9PMmZ5RGk2blN5elJPYWZJaXhBSzJBZEpRSTBnXzI4V2Q2bU0ybUpOd2pYc3JzRTRJal9DRHl3TmQwdHJReW5Bc2o1aVN4TFlZeU1NbFpKMmFWNVpIYjJuVEdTcFo5ME9vRlRXd2RvTU5raHl3dkZZN2p1VEY5RkJtYlNrZEVHaktpX3JiRzRlenRTbnVxN3d2bWt2dnp0WlBxcUk?oc=5,KHOU,2026-08-07,negative
Metrorail,Midtown Houston shooting under investigation - FOX 26 Houston,https://news.google.com/rss/articles/CBMihAFBVV95cUxNUjU3aWtTVzJwWHFDX2VkcVJjMlFYenh1RlJLc3lfLWlGcUVVSl9Na3FuM0FTb1VYWjBERG9rTUJMM29aSTNTdE5xWEFKZ2lHZ19VUVNEdGtwR0ZGbWJLeFdHcFhHSjlYQmtqcDVQNmNBcHk2N2E3WTRUZkQwaXpnaFZNM1rSAYoBQVVfeXFMTTU1blJnRE1aVDliSEhwRkZoY3lMSml2TjVJSWhiME5Eam1kZmNiN2pLTUFXWVpYTy1ndDVqaFlsVXY3NUExTjdjbUVMQ3FVM3NQYm5KWnJyUllxeWN3MFFPTW5PSkFlWjJxbklHMnpfR1pTZDJJWU9XZ3VvRWQzQWMyNTY3QjM1T1Jn?oc=5,FOX 26 Houston,2026-08-07,neutral
Metrorail,Evolution of Metrorail cars to be displayed on National Mall - NBC4 Washington,https://news.google.com/rss/articles/CBMiywFBVV95cUxOWEJ5WGVBU01sZ19KWUx0NlRqRW94bWxIRzlZbWJkd1Y1WlBkUGlscV9kWEhSdnFINlczNU1XRWQ4bDg3cTZFdWs1SHo2aEhFZDc5SVllM2R6WEg1X0dIcFdIUWNlajhSTENwTUc5ZGpzOGVOMV9nd1U5dVc1SW1kVGNUVG9URU9TWk14Y2xBU0MtU2lQcUFyclVUMndEMGVKREgwTjVrcElMZVM3VmE3QTBCVmhJR1drTzk5Y2tNS1FtdGRUTTRZeGI5VdIB0wFBVV95cUxPNDFKX3N1MmwwMFlQR3pBcTR0RHhWZm1xeURpQU05S3NqTC10Vzk3NGxLWm94dEVhcU5ma2Vxc1B2OWs2NjZWSkpRNlN4UHlValFfVk4zeDdLNkpjcjk4MG13cl9uMmxQX2JNZVFVX1cxTXF6cU45cUdBaGVmSjA5VEdxS1NnS1R5M3p3d2J3LUdxX2NVNXZmTWxmdXZkY05FVVlsUUMyS1d5VE1UcmtUX1k1XzQ0UFI2WjVjSDRWekNBV1lvaExZeU1ORmVpSjZObGFR?oc=5,NBC4 Washington,2026-08-07,neutral
Metrorail,"Cost of Miami-Dade’s North Corridor balloons to $4.2B, imperiling federal funding - Florida Politics",https://news.google.com/rss/articles/CBMiwAFBVV95cUxObk9hdFR2MXNkZnJmYVJoSm5VWktqa3RMcEVIWlRZSjNqSjNkVzBSVFQweGdIUE04S3BFNm5XbXRmQmFLSXBieXdHWk9abG9lRnBYeTdUa0JtQ2FxR3hwQ3AtZ1g0OXdDVjF5RzdGUW0wckhKNFJHNDRmVnMzY2V3b2twSGYzUU9jcDRhZC1UTHpJM09Qa0FoTHAzU3ZQMjJxVGVlNjRydWlTOXJDcFZNb3hqcEI3M0M1UGlDd1ZXVk4?oc=5,Florida Politics,2026-08-07,neutral
Metrorail,"Tons of Inter Miami fans ditch cars for Metrorail, Tri-Rail in rare transit win - Axios",https://news.google.com/rss/articles/CBMimwFBVV95cUxOT284emhPb1lnZ2FlLXg3a1RlZ3pXU3dSZ2JwUGtHaFJoZ3g5VVBjREJuZkhxRUZLWE42S0xRT09BZkE1bG9ieHNPY1JkbzcxWkdibW1RUjRaSHNsbnRyeGxUanFvLWdOV0NHMHIwbE81QW9VcGdrUmVHMmFjZG9jQXRKc09xd0xLMktIXzM0MXZKSDVGQzMyRFgyVQ?oc=5,Axios,2026-08-07,positive
Metrorail,Video shows woman backing away from suspect before she was found dead under Metrorail - NBC 6 South Florida,https://news.google.com/rss/articles/CBMitgFBVV95cUxQMXRfSU5rWVZtWF9VUk5fdGFGR3NLelpkRlgtQ1FwWlh5NXhMdHk2RlVSUG5pT21vMVgtUkJaNDZOUFVXclJNTlk4ZWpZT2xoVU9CaTNVYl8zbmhRZFFJMzM0eTlQdXozNThNYzNyNDQ5NndzbGk5N3BuaGNFcDJWLXp0T2dQakxCa2tyaUpENFV1cE1raVNVRU1tZHhNb1lxSDdOMktIUGE5UW1NNHp0RkFnSnZVd9IBvgFBVV95cUxOSnRqMUp2dUJUUkd3ZXJDZEpRendMOVpQNk92WEVtRUVtTW05S3MtbWdMWXY5TWZITmRuNWhKUG9DODRGSnRJQVBnTXpjcEV0YlBLOWVmc0UySDBtRDM0RnNzdUlvWjV5LTBsR05jZDhGRnJ0UjVlNDR6YnhHbWVmRWl5c1BLZTJ3U0FxczBfdlRacEZucGVpMVBzV0RXQl9kN09tZkI5cjlfbUhtYVBQZXJiS1NhazNMRGtHbUFn?oc=5,NBC 6 South Florida,2026-08-07,negative
Metrorail,"Loudoun Commuter Bus Service Adjustments Begin April 1, 2026 - Loudoun County Website (.gov)",https://news.google.com/rss/articles/CBMiXkFVX3lxTFBHN1lnOW1LX3c1X3FERV8tR20zbmhneWhsMDlpLVJIS2RpaDU1YkNZUXJqa19Kb3pCLTR0WUYtb3U5dldpaTl6ZzVWenBvUXVFNXR5Nno4RVlkMl8tWnc?oc=5,Loudoun County Website (.gov),2026-08-07,neutral
Metrorail,Suspect killed in deputy shooting at transit center - FOX 26 Houston,https://news.google.com/rss/articles/CBMirAFBVV95cUxPeDJRUmdBQk85aldJWmtNWk43Ykw1QVZSOURFOWF4YmJ0QkxNUmRjZWRaajZjb0xJcVRLSWpwRTJKMUN4WG1BZ25qSTdJd25VdThDNnJyVHlaaEc3SGNYRjBFU3N1eG1sS2E0ejRPcjM1aUZ2T0lQMWRuWlUzaFVCN19UbWtIR2ZvMEs5aTd4cEVHc2EtcVpMZHB1RnQ4S1ZBZFcyS05DQnZDU2hJ0gGyAUFVX3lxTE5DQThCTV9COHBTN0tTVm5TRWMtY3BCTmg5bnM5ejBEa2IyOTV1UE9GanhfNjY3THRuNzFMT3NRaW1VQkRfVEtNOU5IVVQteDZYNUlIWVVpUVJqUThqR2dmWE56cVpSLUZudTNhWllfbmRtb09WSThrTkRLcVNGVWJKbTJHSExjYm13ZTFzSlI2VGVTWGN4RHRwMDZzc2FwTFN4dTFMaWNwREQ3aFFKM2R2MGc?oc=5,FOX 26 Houston,2026-08-07,negative
Metrorail,A Metrorail expansion is good for FIU - PantherNOW,https://news.google.com/rss/articles/CBMifEFVX3lxTE5JcmtQVDA1WVdEa24xWlMtcEk2dC00NDhEMTh3TjV5em1PSDhVV1J1OTJDMnl2MHNVNm54eDZoSTBibDVJWm9BUHdMN0pmZlVaMWhhWURRNWMyMjdhQ0EyS1MtT0JPYWdqLTdrNzlDTWRZVkdycVc4dEVuS0I?oc=5,PantherNOW,2026-08-07,positive
Metrorail,"Shooting near Midtown METRORail platform kills 1 man, injures another, police say - FOX 26 Houston",https://news.google.com/rss/articles/CBMirAFBVV95cUxQUDdQUUh6elNuR3IxZmZtdFp4dGpCbGN5d09CeFNSUi0zeldVZGtCcGEyNkM0TjFfTFMzQVRNTk1TN19wV0Rrelc5c1RWX3J3UGRRWWJKTFF0YzVDNHB3M1p2UzI5dUJ5ZS1HOG9yalBLeElaMk15a05zVUpraTRFcnJUNVZiT3dvaUtDVDJxenU3MmlkaTBwY29rbFFWRHpkUm9wT1NFMW95NTZT?oc=5,FOX 26 Houston,2026-08-07,negative
Metrorail,Cost spike sparks rethink of Miami-Dade’s North Corridor rail plan - Florida Politics,https://news.google.com/rss/articles/CBMirwFBVV95cUxQeUI0ZS1CWE9VYWU3U3RZMTI3eXAzSjNlWUZiUGR5SlIwTUpYRW5Ca2FGUmtuTDlqT2k4b3JJZGI4MlFCQkxGNXMwelg0VmpqcTdtRWFBUGZXZWo5TUZrbUkxanhFaVRMQlVscW1mTU92T2E5ekZ3N0Y1ZF9iX0JvMGpwMzVVWmpxSnczSTFfcnlrRWFFb2Z3VVdSNk1uZHZ1eGpSaTNiMWZNMHdsb1V3?oc=5,Florida Politics,2026-08-07,neutral
Metrorail,"HOUSTON FIRE ENGINE COLLIDES WITH METRORAIL TRAIN, ONE INJURED - Firefighter Close Calls",https://news.google.com/rss/articles/CBMiogFBVV95cUxOdXB6NVpWekZHdko1SjgySXpmQlZVdWQwbXlydzR4RG1LZ0M2VVlESnVZcnM2SFRNWkZrNzdzaGstYkhDc1NnRXNKOTFRWEU4RVJ1VkdPSjBhSjcyV2czTDNpQU5HZkRCUlBMbXBUeGFqTXFqV19sWEUzMGU4bEplbTZOTFA5cGtabE5qUzNGZXNibVQ1X2tYM1VxZFdhRXdSSFE?oc=5,Firefighter Close Calls,2026-08-07,negative
Metrorail,"Man found dead in roadway near METRORail was possibly struck by multiple vehicles, HPD says - ABC13 Houston",https://news.google.com/rss/articles/CBMisgFBVV95cUxPSWNWTHFZMzgwOFpJVWQ4NHBmU3hyTU91ZWxVN05DOXZCY2NpVjc2dzRZdFAwSXA1ek1OaVVyY0loRWxUX0JiSWJLUFpORndEdkQzai15bmN1VF9ZajhzRVMtZnh3ZUY4NkwzcFc0b2pCYUJYQ1c3NF9nSjE4cDFQVWlxd1RWYjVwbERnRGRXNTEzRTZWSjMyaTBoS2NKaTY4OV9fdVhNUGpOTXdkRTg3NHZR0gG3AUFVX3lxTFBOUDFnTElJTE0zaFNObER2UmkyOFhLTTJHcVdoaEd5dkhfX3B0UUFzX19laF82Mmc1YXpoTDN5LUZqN2JhSHRnY0JEZXlwZ0s3UTFYa1FJU3hWa1BqandfZVVvLTFLUWJtcTlURkRRd3B5MmY0V1BxMno0czhhcjFrMUlpc0lnQ3VqT3ZBZW9nUEs4Z3c4VzZqTVJXOXhLM3RVYVhrd3hvaGlLem1KMFV2SmlRU0NEVQ?oc=5,ABC13 Houston,2026-08-07,negative
Metrorail,"13th Floor, Barings nab $134M construction loan for last tower in Miami Metrorail stop project - The Real Deal",https://news.google.com/rss/articles/CBMinwFBVV95cUxPY3UyajZZN2hTU05WSEZaVGtiWHAtR0F3V1VQZFdYWUN2UGJ6VU9IOTIzTC1obnk0clJ0ZDJwQnlyd1h2dWhUcmVmU2IyVk45bkNCT0hhZ0V2c0Y0Rzh3REhJN01LU2tyQTlRQlZkRVh1VWVHTGZaVXNMYkJYTC1fck5xWURTZFh0cmM0NXFTN0IyZ2VXNTR0U0gtaUk0czQ?oc=5,The Real Deal,2026-08-07,negative
Metrorail,Heat kink causes derailment of DC Metrorail train - trains.com,https://news.google.com/rss/articles/CBMiowFBVV95cUxPSnlRSHQxNTdvVGs2dnRzeUlGaEo4VHdLSzN4ckVUZHhRR0hYejFEUXFvekFfRURKTkcxZ1NoVDdXNUNRTXhMV2x6Zk9DNGQ4ZGZSUW5BZ0RIa1E5cVdONzc2cWQ3ZGJMbUdqUy0wcFlTejNBOFU4emhjZXk3b09SY3FCWGpXSGVST010UUxiTDdiaHRORVhrbTZYUmFLeTlVejE0?oc=5,trains.com,2026-08-07,neutral
Metrorail,Developer Lands $134M to Build Fourth Apartment Tower Near Miami Metrorail - Commercial Observer,https://news.google.com/rss/articles/CBMiwwFBVV95cUxOLUNEU2xwQkFONXFnOGpubFlYQWRvRkU3anhKSzVsYjM4RFphM3BINEJKUDIycUZITkhmWUFXNWtId1dnRTU1VzhzZXV3bDlySlcyY2NNMUloZUJRcWYyTEZiMGQ3M2R3UkVFX1d4Uko4TUJMUUlfa2Y5R09RVWctdmk0MFEwVW5ZNVJRaktfWGx5aDNOa2VVOVRXeDV2VkdOQ1o1QU15N1ZBYzNRdjJfaVlCYk9oSFk0MnJndlR5d2pIQkU?oc=5,Commercial Observer,2026-08-07,neutral
Metrorail,One person injured when firetruck collides with METRORail - Click2Houston,https://news.google.com/rss/articles/CBMirwFBVV95cUxOa2xQMDhzVVlwdVdNVkNENmlvbHRYZXl0VVdONG9HMUh5Zm5JU2t2WGFaNk1wYzBrc2RoZ1JxMVdOUWl1M1VOdWFySHo0UFhzazJIWHVKVlZXV1hUS1NDTXJsaHBBdDdaNE10eE1ZVU9wV0JuT1haLVFSVy12UnUwd3I2aHlNVXpmOTFGTTV6OGxIczYzY1hCbzh3aS1iM2g2OVNFT01EVnFMclc3UkVV?oc=5,Click2Houston,2026-08-07,negative
Metrorail,"METRORail Red, Green, Purple lines to adjust service Feb. 13–15 for maintenance - Click2Houston",https://news.google.com/rss/articles/CBMixwFBVV95cUxNRlFRM0I3dFhUUldGczJ0VVp0Vlo5OU9TOGp6QnZwUEZrTWUwVEdlaWRGMDhRcFFoSG5nak5ZUm5yV2x4UFJnV0ZCTjdTdFQ2WjUwdk05dzlfMFViMmNQNWNSakE3MHlVZ2p4RXlHVEF5a01STTV4NGRyc092ZmllcUtqa3JZZDdlanNYRnhsbElIOGE0bk9zMm1teEhQSnIyNnRua01IMFZtVmljTnlEVHI3a3pheHJLRzgyUWhNcEhEV3F1YUtV?oc=5,Click2Houston,2026-08-07,neutral
Metrorail,"Work train in Metrorail collision exceeded its movement authority, NTSB says - trains.com",https://news.google.com/rss/articles/CBMixgFBVV95cUxNT3I2SEg5cWtPSWlteFVBM1FxM2ZYMkVvVEdGdnl0Y084NFhGZzN1dkVIaDhpMEhkRWlqYTNrTGtOdDVlRVRiRFVtRnhNbHJZVjR4VGtDUFp5OXl0T2xfN3NFQTdZTkJkd1J2QjhmSVpWc3dNbV9mUFl6a3VGMTZaZHJoc3d4eVRFeDNXVkhzcUR4UzBHbk1TOUNsZ25maEhKZ3J5QVhsWlVPZjFQTE96aVU4aVRObmduOF9CUlhkR0dPTWpvanc?oc=5,trains.com,2026-08-07,negative
Metrorail,1 injured in incident reportedly involving box cutter on Houston METRORail system; suspect in custody - FOX 26 Houston,https://news.google.com/rss/articles/CBMitAFBVV95cUxQRi13cXV1TmJkYU9iU1dRUmVyUndMOW91WkNjRzZaRHdQSmszU09sM2E5X1hLX2lvZjRwQmNVaVBpUnA3WVhOMnJvWlNzb25NSlozM0kza2FMUzM4cEwwajQtaGJSUGlwdUlFblU4d25fY3praTRfTEhWRC01Z3hQUkp2V182S014VlNONlBxc3N6d1lQcEJKME5FZXhyS0hSTnNGZ1Q1eTd6WmJzbjNNX0V0NDg?oc=5,FOX 26 Houston,2026-08-07,negative
Metrorail,High achievers and low performers figure in Metrorail’s post-pandemic world - Greater Greater Washington,https://news.google.com/rss/articles/CBMixgFBVV95cUxPTTJRRm9ab1MwaWdWdTJ3NW5TTlhhNjF4Q3I3RzFUdTJZdVJFZ0ZsNy1FYlVGSlZxZGtSTzBYU1lTT3paRWtNMTNtS3p0eGlZRi1qU1NuTW9XR3NzWk9kajhhbTJUbUpSRERYLTYxc1NEUE5JcUhDbTJYVXRRRjA1NDUwcVhhV3lZbER3LTlmTWxWTmJUa1dHM3VSU25aVXYyZ3BCOXN5TjgzZU4yVjNYRUxlQWtuUUNIeHRsMGEwRFV6Q0R3MlHSAUpBVV95cUxNQjRTVF81VTR2SzRESVUzNzV4RmNyd1ZtYkRhWWxLZEk2VUlkX0JyRDZsM0FKdS0yc0VrRVZVSmNPVHZaSXNsRF9mUQ?oc=5,Greater Greater Washington,2026-08-07,positive
Metrorail,"How to check your Metrorail, bus lines as snow service slowly returns to normal - WUSA9",https://news.google.com/rss/articles/CBMi_wFBVV95cUxNb0FuclA3V2ttNlpqUjU5Mkt3UHFBUXhvMXl2ZzZaT0ZLVHZxMDNXTFVtbmQ0YWxMTDFVcGNTaWotLTE1bTNDMTBSMjdSaV95a2ZYZ2VRa3ctSE1fclhqWHA3SzFHOFdiN1h6ckQwS0NkLXlZVUlVbzE3bjJLT3YtYXV1MTFpWUc0VTI1Tk9ZRUcxODBpa1ctb25CM3Z6ZmNjdXF4VnV4c3V1STNvLUpQNWl3T09EbXBGVHd3eFRPM1huLTh1eWJkc2ExVHJ3c3A1NXpMMDRCOWZsT0ptOFVEX1NrZnZabVRjeFVLS0pIUzdHeE5nUVBsWjVlMnR1VUU?oc=5,WUSA9,2026-08-07,neutral
Metrorail,Surveillance shows moments before woman found dead at Miami Metrorail - NBC 6 South Florida,https://news.google.com/rss/articles/CBMivAFBVV95cUxQc3RXMXlyTjk4ZzE2a3pDaklINzg3ZFJFRUdQMGdDd1NRQjgwbXc4Qy1SbVUtRWdyc2V0Nk5PVnRibHZ3a1AwWlRIRlFCZFBkcjJYZGttWlp2aC1MVElIOWl4cHRlQWY0VnlSUDEwYU1JNWFvR0MwSHFCeDdGVFMydnlnV0thcEk3Z1pzM2xYcXJ6MFk0b0I0WXl2czRaTHhLd3FUQ2Y3b3pZVnotT2pxLUVFMzdJcnJ6dDBMcNIBxAFBVV95cUxQX0ttMzhmbWFWUTJLTG9XdHdjdU1MVmFJM252QnB0NllxRkxJOW9EeWtmWTZ2bGdZM28xZURyWjZlTnJOeFpaRGpvc2drT3hyOFdhTTFYM1AwVjRqc3QyODVCVWNFWnJJcUFfWGNfUjFHSWdNWnRndXpJTHZ1ZXFZWFN3UHpLLUhjd05fRFZNUGluc2I0R1JPalNKVFZFeUxtMmxwbHV2OUYtX1B4dlF1SjNVWG5JQkIyUkx0ZWJ0U3Vma3hE?oc=5,NBC 6 South Florida,2026-08-07,negative
Metrorail,Houston Fire Department Fire Truck strikes METRORail train - FOX 26 Houston,https://news.google.com/rss/articles/CBMiZkFVX3lxTE9aMDdpUjU0azFjckcyWi1YRVN3VTVyUmJMUkdkUmliZUNCeHZONzJXSHFtVjFiMjBkbGhFQ0Q5S0ltZmVXUGJsN2ZqYnYxdmE1Nk4tejFGa1ZZX1I2TVZ6a2h5cTloQdIBa0FVX3lxTE9GWmhIbFpWTkJjNkxLOW9oVEJpVlhUSlc0UVpnbElFT2w3bU5KTFpBSmQ4QkhHMlA5bEpWaGpzOERwY2U0UEVGampfOHZxQUpaWVFiZ1NIdFFUM3R0WWx2ZWhZRWljdHRNVGtn?oc=5,FOX 26 Houston,2026-08-07,negative
Metrorail,Mobility: Caught between Deutsche Bahn and Metrorail - Friedrich-Naumann-Stiftung für die Freiheit,https://news.google.com/rss/articles/CBMingFBVV95cUxQbnlHWmhVOG5YOExTM3BqRHUtZTB4RUI4dmtMNEtydGRJSklSb3RCVjdOLXNWc0NpRFdxZW9scDZFbmdweDZRWDkwX0xBSnRVb3hJa2VraDB6SXE1VU8zdC1JRDNHTDA0RGgxUmZXRVB4UVJfM0pubG85T3J1aGlMZmRIeERMOTdkRTlaZGRvYnZXck15cXQ0YUVQc3c1dw?oc=5,Friedrich-Naumann-Stiftung für die Freiheit,2026-08-07,negative
Metrorail,One shot during altercation at Downtown METRORail platform - FOX 26 Houston,https://news.google.com/rss/articles/CBMijwFBVV95cUxOR3VnaG1oX0NUeWJyeU5Ib3hYR080OE9fMG1mUnBhODY3RE51ODhzd2NBSHVTNHJRQXo1SHVWaERQZUZDOTB3NTVMMkh5MVN4NHJJUlgyZnBhQlhCSTZ3MmxDd2NRWGtib1RlRFRuWUNMelZwQjJTVVRabDc2VEcydDlNVGZOTl9DQlRUMlhOdw?oc=5,FOX 26 Houston,2026-08-07,neutral
Metrorail,The MetroRail and Metromover are extending their hours for New Year’s Eve: everything you need to know - Time Out Worldwide,https://news.google.com/rss/articles/CBMi2gFBVV95cUxNOWdSa2d4Z0hHSExOcUNpSkphd1FvbGVXWGZJMlBFMGMzUHdBMkRaNHN4NHBDa0pZemxVam5qQjRBaEpxNUM2OGtNcHlIbGhPcG9OLWVack9nNm1uNGlYaGFneXlYVkVkUThFT0UzMkRZX0xGVGxKczdwWVdnOXoxYWNqS3JnZ0U1Z296bGRfQy1CRlMtSmNIYURyUE40SzR1emdjNE1fSWJWSmdKajRlTjlYRVF0U19ubXVhQmZLbG52dUswN3pWNUhoRFVoX2JyZkZSUS1BUlc3Zw?oc=5,Time Out Worldwide,2026-08-07,neutral
NYC Subway,"Lunatic shoves man, 40, onto NYC subway tracks — remains on the loose - New York Post",https://news.google.com/rss/articles/CBMilAFBVV95cUxPQUk0ejJWMkdxT0xUcHhEWm8xYnhLbEpzdGt3enNiM25YSFMySmpVa213Nzd4STlvdzlzeGNlX1laSFFOMGN4NGdabmVCN1cxa2RTSWlZbTRuZ002THRiSDZyV3dHLUNZeWIwUGRTSGhObjQ3cGh3RFRkdFpTV3F0LVNXZ0xMRmhCX2FTZTBZbzBrVFpB?oc=5,New York Post,2026-08-07,negative
NYC Subway,"Fire breaks out at NYC subway station, 14 injured: FDNY - PIX11",https://news.google.com/rss/articles/CBMijgFBVV95cUxOcGFzMTRrbk5HYXdHVmlfUU9adm1HRXlyQkpzaGNNemRkN0UyLS0tMzhzOEZYcFhMaWl2MGMwTjd0azhubGhGWTUzSHcwaHVLRFBTcTB0MGl5TE1qRm8yaUZBNWhrRE1QTW02RXlVcWlkM3JjbDRQbktybjZSYUJCREJjVlNrMmZ1WDUxRkpn0gGTAUFVX3lxTE1NUFRLS0hlN0IwYUw0U0Y4SXRORjF4Q2NnTGdoTHVQWC15SGhUNEt2elhWVW4wSmp3VkFJU1JQVGZpNEdPRm5TOTR2UmJZcGxBeXFJd2o1ckxkZUdoVmJ0MUpaYjRULVByZkUzOE1FaDdBclloR2hoTVM4MzlZVUIzMnF2Ty1lOTJqZUlwQmpxT285cw?oc=5,PIX11,2026-08-07,negative
NYC Subway,7 years in prison for man who punched MTA station agent at NYC subway stop - New York Daily News,https://news.google.com/rss/articles/CBMixwFBVV95cUxPcmR4dFp4RHFsYldTVEJLb3ZBTXhiWC1lMTctbzJ3Rzd1UDNreWlwajNGQVFTZGJSaWVFaE1reVhDMzBwWWZjOXppVlJrcXVQdm1DVFhZRF81a2JLUVRqYUdYTjdSSklGTTgwTUtrLWhBdl9NV1plM0FsejRVNTF0bS1nQjZXT01ockVibUR4UnNlVDRJNENUT3Rhb1NDeHlUV2lfUUtpMGJMaVlSVC00a0kya1NQbTZORWVGRkVCajg5Wko4VkNz?oc=5,New York Daily News,2026-08-07,negative
NYC Subway,Subway history is up for grabs! MTA auctioning off retired MetroCard vending machines - NBC New York,https://news.google.com/rss/articles/CBMijAFBVV95cUxQbDlOTW96by1qMExjaWM4cGZ3T2RyX2RGY0pJdUpBM2FsM1laWGlIcXQwWlRzaHgxLVh3RU1pYXdNX25KNHBFeVl2TV9uVG52UF9aWW1uVDcwVVV6YnRpbTgxNms3MTJlOXdySEwwLVFkbkg1UXdKWHI4aFlHdEJVeUxmaHE4Z2RsRFdjbtIBlAFBVV95cUxNUUlKUER5bTFwZ0hEQVhTTHNFelVxSTdIeDgyZThfRkZZVUU0TVRnR1lWRTltSVZfZU95THpHSnpzTWsxQlJ1bkRxTzBPRVhxSHJoMzQ4bmZoeEpON3ZyQ3g4SER3M3JfTmJkYVRQVVF5YWc0VlVUc3kxTm9GbFlZRDFCY19Rc0RwUVVYNjlpYUtFUVkx?oc=5,NBC New York,2026-08-07,neutral
NYC Subway,"NYC Transit System Plans to Ease Chokepoints, First in Brooklyn - Bloomberg.com",https://news.google.com/rss/articles/CBMiswFBVV95cUxNRlFHdnRGa1dFdFBBc202ekFHV3AyTlBFOGRyX2VIcHRKclEwNUw0bE1fUW4tRmZRQ01oWUxQX2xJby1YS3lzLXJ3bWdfLTFFaWpfYXZZTVU2THR2dUNtRS0zWmhrbDJNUk5qRnU4S1NHeTUtY0IyTWszcW0wbEk0ME11cklTYS1QRDhndkt1NWs4YUVSOU0xQ0JJZTA2VjNPbUg2N21nUUhHTWw3MjJvOUVkOA?oc=5,Bloomberg.com,2026-08-07,positive
NYC Subway,They Filled the New York City Subway With Fake Tech Ads. Their Real Goal Is to Get People Offline - inc.com,https://news.google.com/rss/articles/CBMi1gFBVV95cUxNNUNaNWkycHc0QllyTF9oZ1JmTVV2WHJGMGxKeS1Lb2J0TVpndzVGbDBKOFpQVUVnZklzanJHWkV0eUxVNTRqekE1LS1HOUtkOVpyVXRQdThYUE16cWQ2STJSN05Pd2dvMWdwRzlsRE1CcmJoVURpVTluWXV1UTh0ZXRRaEpFVlI0TlJZa3NMS3F0czNzS0l6N3UwcFRxSzVrdnlndUJfMkZBZ1NQSFdXSzZjWF81REt1Ql9GVGwyV043RXpZY3EwS3d6c2NsaXlDeGVtRjVn?oc=5,inc.com,2026-08-07,negative
NYC Subway,Short-term pain for a long-term train: MTA subway construction upends life in East Harlem - Gothamist,https://news.google.com/rss/articles/CBMitgFBVV95cUxPTXFjSjVjWklfSzFmTmUxeEtNQVFJSDRDS2doRGZYU2MwU0xjZjlzNHAyaWxScWUxTVpQT2M4NnVqeXNhNjVKanR1NnhGb1B1anRmR2Y4X2FkVGl3dXIxaHlUT3I1N2ZvQ3BXQ09QTWd3akhKYU1CYzlCRjF3WXR6Wmo2ZHlzcnpnbWNRdUlLOVhYNjlvdkdyWHdycGhvejY4QTF6NWMxN0hOeHl4UEVTRWhlNmhlQQ?oc=5,Gothamist,2026-08-07,negative
NYC Subway,New York City transit auctions off last MetroCard machines: ‘Wild home decor idea’ - The Guardian,https://news.google.com/rss/articles/CBMinAFBVV95cUxOSXlERm9qN2JPRGdGWGlWbU9mcW1NcGdtMFBFRlJpWjVVUkZoeXdkbjU0NjU1SE53YU9LYVNCMXZkSGJJNm84ZG9QYTZQazJlNGFIaXpLZVByUEVkRTdyTWlBaURuVnVBcDlialo0MkplR2FIUXl1WlpIWU9LaHdvd1ZsbFQzMmdGT1llRVRWU1ctbkRpN0dodzgzVFE?oc=5,The Guardian,2026-08-07,neutral
NYC Subway,The MTA is auctioning off real MetroCard vending machines for you to keep - Secret NYC,https://news.google.com/rss/articles/CBMicEFVX3lxTE9wQl9zYkRCNmlCMW9MY0RkWEVLZzNid0NvbFZqOTNGM1FtS290d0pnUzk2SzNNdzB0Yi1jNFVkQUNvVmJXQk9VdVdVZVdMTzhTcW5yaUMyUnNyODFickkyQjZEVHlIaFZEU3o2M3FDSWQ?oc=5,Secret NYC,2026-08-07,neutral
NYC Subway,"Gunman shoots two near busy NYC subway station, sending bystanders scrambling to safety: video - New York Post",https://news.google.com/rss/articles/CBMikAFBVV95cUxOdzlWdHZ0TE5OYkdfSlFERDc5YmJ6ZXdwV3o5b1hhMjEtRXZ3blVDVThZNFBjQ01GSm5xTHk4VFVENVVNbnpXb0J2M0hHMUZRenB5NjJldWRmQU9zU0NpdlZHMm84b1o1VzROR0p2cFE1TEtTS3JuLVlvXzZfU05jRURkT01lTXVnOWVIMGxwQU8?oc=5,New York Post,2026-08-07,positive
NYC Subway,Bystanders help rescue man shoved onto NYC subway tracks: NYPD - PIX11,https://news.google.com/rss/articles/CBMiqgFBVV95cUxPdDQxUmZkU3ZPam1HTVp6YUxBZWRlbGt1YkZOTEV0Q1BTRzBLVV9SeFEtLWN2N0lOUFRaQ2hZZDIyX3hBVkRYd1FlaVE1SllrZHVvb28zbzNhc21OUFhCN19tUndGRWRoR19EaDk2ZlZid2oyWjJMZElGUkV5ajRrck1ibTBiRUJyQTNsSU5hNkwxd0xLRk9QVkI0TmUwNTNCZm45VmpJTEdJZ9IBrwFBVV95cUxON1d6MWFHRmJPaHBORjFpQ0lNMEVEenJHQm5xVm5tcUNfVjZiTTdpYnlUbkpFWnV1b2dLdW1xVFFacGwtV1pCTW41Zld2d1gyX2x3WmNRMjZGeWhIRHBZTURRMExEUC14Ym5sNXdfQVBjRXdwcENNb3FIdUZRQ2N6NG8wRnFEbjdadi0wY3F3N3lua0VyUExiTm9mUmZfUElmZU9ORGNlZVRmRVFRMjJn?oc=5,PIX11,2026-08-07,positive
NYC Subway,"Subway work train fire injures 14, snarls morning commute - Spectrum News NY1",https://news.google.com/rss/articles/CBMipgFBVV95cUxQcVhZT2dfaHpTd3NqZ3NTRFNhT3RmWFp3a2hJdVA5RnlHMU9PSWZuWm50NUt5bzM4S200WWFfSEhXbUNSZXcwMnJOaDRmay1UNVZrbTlVSk1uOTJ2dnhrQW94b3FCUkdna2taWDZRNU1GdXY4d0FpMEpUSGU5QmV2UlpuM2dtUXFCV2c4N1FoM01VczFNd2pzTEZIWlI5amFvMkFwcUV3?oc=5,Spectrum News NY1,2026-08-07,negative
NYC Subway,MTA identifies dozens of traffic chokepoints in NYC subway system as top candidates for improvements - CBS News,https://news.google.com/rss/articles/CBMiiwFBVV95cUxQenJMUnJ4RzNJNTFzcW00dmwycmxfclQxOVVUTXM3S1czTlVRM2Zod2dvSGdrNWJwN2ZRYWJoLW5Rcmw2bGN2QzFtX2RuSGlsZ1RmNFJ2dUVzWVpNUzhPbU94dTEzbUlWbkFXZ2RmUzd5bkhlNHpLMDVpUndMUDhpTTFSV0RJN0ZOVGJj?oc=5,CBS News,2026-08-07,positive
NYC Subway,NYC subway train fire at Astor Place station causes severe delays - FOX 5 New York,https://news.google.com/rss/articles/CBMiYEFVX3lxTE1ieVBKT2NzYm12dnlkVzk0UGM3OUJHUExEcTRjSFBqWHBSUjRsV3Z2TUsxbmdBMXRoUS11TmtOaDNfeE1Lc3V0QVNhYUQzNV9ZR0x2R002dkRNRjh3UUFmVNIBZkFVX3lxTE8xM1hEVER4a2FLVWNwTVdxTHFNMkp6ZFUwMDY0b05RSnNORER2TjF1emFIWE1IRmVENHptVDVyelVTS3JpWWpIbElhS2ZBcDNqZWdMb0tTVHFBNkVYUV9uWUZPN2J0QQ?oc=5,FOX 5 New York,2026-08-07,negative
NYC Subway,A Newsstand That Aims to Delight N.Y.C. Subway Riders - The New York Times,https://news.google.com/rss/articles/CBMijgFBVV95cUxOb0M0Vi1DNmFwWS1UYzRiYjBQTVgyTmpVaXdxc3BhbDRlNkZXU0huSklfNUlKZVByeUh1V25uQUZ6dFowRVdYcVMxSjRtRWowTkJRNHFEeXN1MzNrQmZzUlNCbUNtSWRTTERQS3VORm1BUHhEODFodTZrS1ZxVkxDbk5zbXVRZ3h0UXJoaU53?oc=5,The New York Times,2026-08-07,positive
NYC Subway,Which NYC subway stations have the worst bottlenecks? - SILive.com,https://news.google.com/rss/articles/CBMimAFBVV95cUxOdXg2bm1lN3JhWGkya3RGNWpIQnhaQXo3d3NfVDZiNVJ4NUpreVRaSzFMYWpMcURsWlQxR0kzRkJFSlR0ZDVmQXNFYzFONWVFWXlrb1Bma1lwOW9YWVlYemN0NUhkN3pGMHplZG5GbVlqaDROd1hFQW9JM2dtMDlZN0plb2ZhRDlMT3FsMkhyR3FPU08xakFUVtIBrAFBVV95cUxPTGxlOEZaN2pfMm1sQ2w2S0t4V0VVVlZJbldoWW5nRzdsTzZfRnlfWjl4WFJBMDRyM3Q2X1JqY2YyLUZvRDlObUxuRFlZeTVySGx5YzhXWnJTQUlxbUhZMDcyXzJuVS13SmY2aFB4elV4U3NBSUZGQlJ5SzNueGtJckxkVFVzWEFtQ2lFMGh0SV9wa0pKRE41bjktUE1MZjVTTUUwY3YtaEdYSmdB?oc=5,SILive.com,2026-08-07,negative
NYC Subway,"Fire breaks out at NYC subway station, 14 injured: FDNY - yahoo.com",https://news.google.com/rss/articles/CBMiiAFBVV95cUxOTlRZMWpqMU5qSFItcUZiNmFKLUtiRGJJd3N0WFUtRG1MWS01cUNqZy1nc3REamg3d2JTUWY1U2hCQVpkYjRRQXFmSmo0aWF5Y3hETTVsMWotdEJ0WG55aC0yU0tMaENWTkgtWTRueGVWUlhNZXFRWmlBdFpZaXA4bk4xWEZoVWs5?oc=5,yahoo.com,2026-08-07,negative
NYC Subway,"Subway fire in East Village injures 14 as choking smoke clogs tunnels, street - NBC New York",https://news.google.com/rss/articles/CBMinAFBVV95cUxNejRNRHBsSGpGLXpEbEZzQmJILVktOUpUbnU2NzkwMldQZjNaUzRQdTJSWjM3a1JlS2xRdHRlRzlsTHdjeE9FeFJ0NGtsT0JlaTBYYTRSZzk0VnBORHJzbUh4V2F2WHk5dW9ldC1RbUstRWhGT0ZLM29rNlBGYTQ3cTBSLVdSdDlJODl4N3Q5aVNZTW1CNm9lRGZBTWzSAaQBQVVfeXFMT2IxMm01NW15SmpPMEdLWE5FaFBMZ2wxQjhrbUJlalVmMUZDcDBWR3lUbjI3bGE2YW9fNDNOZjhfejJlcWptd2tTMEo2R0d3UXJ3eDdsTDhPUW9mOVFfbGp0VlJwZmR0TmZ3SXBCdFp4Ti0yYWtMbEd2WXpzbExianhUT0x3MVRqTVFwU2x6RDFaX3ZBa0JSbUFmZkJmRFBFZkhWQjQ?oc=5,NBC New York,2026-08-07,negative
NYC Subway,Old NYC Subway Cars Have An Unexpected Second Life On The Ocean Floor - bgr.com,https://news.google.com/rss/articles/CBMiiwFBVV95cUxQSWx2MWtPU2JNa1VhNXJRMk9yUzBPQk5xZy1MNXNUV0lheTFaZ3dSd3dLaWc1WjA1Q0xGODBZdjhVRTh3YVNpeWFfaGpTTWFfWmdOTVB1WWQ3VnE4eGRWU0tPVlZzYkpFRm94NW5pQjNCV3ZYUFlaS2ZCNDhCcnp3TmlVajVRMkplZGY4?oc=5,bgr.com,2026-08-07,neutral
NYC Subway,NYC Subway Ridership Has Recovered on Weekends but Not on Weekdays - Apollo Global Management,https://news.google.com/rss/articles/CBMiywFBVV95cUxNM29PcXluYzd4VFNwOEM5UG4tdi12akpUTFZiV1BHYkdURVdXdlUzT1JDSEZVdFVYam1wSW5lOXk0U3VzTDhLX1pqVUNOU2FfYVVTQ2lxemtKZ3pERk1pVEZTQ3FNLU9BTGFtQ05tdDJ1dVJud2hHbjNDWldJckdWVG9hTDlaRTlEX3B1aUxtc29EZDBJajB4SlVPWXR2aktjOC1USi1OVzZkRHBHT1o5UFlJbThzbXJ1RFZtNXlyN2NpNEdxSkE3U3R0cw?oc=5,Apollo Global Management,2026-08-07,neutral
NYC Subway,NYC subway train fire at Astor Place station causes severe delays - FOX 5 New York,https://news.google.com/rss/articles/CBMiXkFVX3lxTFB3OGRfelBuUV9rQ1ZiYzBqRFJmcUVLNEFkQnRaeWF2YkUtNWI3UjNOOVB5OGg4UDFoSWJDM25PbS1RSDhMR0pMblM0U21ReHRJT3liWFlhMFp5UDVkX1HSAWNBVV95cUxNeWFvd2VobTRXSTlXNHF4M3F6c2NiY1FsMC1lMHE0MkdNSzlDN1NhTnB5SExqcnRNX0U2Vk82Yzd4VlBlNDlwMGhHWVdXQk5QS19qQ0sxSzlNcFlJN2NtQWJpUEk?oc=5,FOX 5 New York,2026-08-07,negative
NYC Subway,MTA identifies top locations for improvements in NYC subway system - CBS News,https://news.google.com/rss/articles/CBMiqAFBVV95cUxPUUxvLTVzMGRTNFJKMWhRZGM4dDhXTzFsdkp6Q1o0Yjg2WFFmX0ZqUGhLdnVTVmc3QWJIWjlHZkt2TGNFRl9XaEZwa0IwMDlxVTZKTHprOXVhYU9MbW5CS0lqcnExVHVRU1U4YmptV0haY2JlOTZWaTI3aE9GNlVsaHBNRUQ1Z1g2U1NxOGVuN2pLeEhlaGo5VVFNM3pPVy1MeGRmWHpVdkQ?oc=5,CBS News,2026-08-07,positive
NYC Subway,NYC subway suspensions and service changes for August - PIX11,https://news.google.com/rss/articles/CBMiigFBVV95cUxNa3JjTzdjTTJ0TGREcmhUZUdDVmF2dG44Sk9ibFJEdEpfSjl1b3J0VGhrWk9TdW1SbFdTWE5lVkpqV09jd2pqZUZfVDVyQ2UwcGlzQTgzcjF2aUtUM19GNWxma09DdHVjQTdzYVRvU0Z1RkhjMm5Sb0JPOTZiTXN5WW9meDB5WFR6eVHSAY8BQVVfeXFMTnBsWk1uUUFrQjRsMWFHbGdIdFl6MldickhHcDNySmFGX01HQllZdm1GYjBoaXBsNWhFTjNjbkZGM085TW9SSVRTZVE0YUtXRlRYbFRaOVg5c2lhOFZJWGxIOGdMWXJNQWRhdHVFVDZFYmVHdkFJeUVtaDhNeVM3VlZDNnlvODREa0ZMN3huTlE?oc=5,PIX11,2026-08-07,neutral
NYC Subway,MTA installing new vending machines in NYC subway stations: Here’s where to find them - SILive.com,https://news.google.com/rss/articles/CBMizwFBVV95cUxPTFBDT21uMGYzbW5samdJRENVMmpaMVJzSEJ3T21IWDB2UzVZai1DVHRJenVtcFRubmw5cEpBdkhWaVFKM1hkX3NOTEl2SWFNVmtLTDhWdVVpSDF0RDIzY2Z6bE1ULTlxSUNsMDBxM295NFdJcjc4NmkyT0FlT3psYy1ERVYxeXAwbDBzdlpETzR4bC0wWEExQUNZNFo4M3hGSXB3amFrVFlxVlRrM3ZDTFA4NUlaT0tBTU5tdl9GRkFUdHBxdVh2U1lvelREUk0?oc=5,SILive.com,2026-08-07,neutral
NYC Subway,"Exclusive | NYC subway riders push AG Letitia James to probe OMNY cards after claims of extra charges, phantom fines - New York Post",https://news.google.com/rss/articles/CBMixAFBVV95cUxQdVFhc3dCcVYtNnJaU0dhQnZHODVkYkRFbjhGNkdTdlpHT2RsbjZfSFExVldiMjR4SDZ0R2dnbGZTR1RfZDNKX2JnSGFUNEtBYXFrTWY3TWVKX2tmWmJFNWQySUh4RWZuQ3pqTHh4YjkxRnNzWHl5bDFReUd5ZWtHWWdEdTkzWVBpWGQ1M1BHUzBSZDRSQV9nWFNPalRKQlNmTnNBRDd5YWdJeWNzbE9vdFlHbld6b2xnekhtaFZNRG1OMUlM?oc=5,New York Post,2026-08-07,negative
NYC Subway,Five subway lines face major weekend disruptions through August - Time Out Worldwide,https://news.google.com/rss/articles/CBMi3AFBVV95cUxONUZ0TUZCSGhJSHZ6TXQ1OF9rVkdRMldhUkZqR1kyaTNzMFdDeTdCVTlERHEwQUwwMzJfbXZKQU1FLXRJZklfYWVnNDFzaDNfdXl0cVROX3RISDR4SDQxZnFnVFBmZi16QkRmZDctODNJOEdsOGJxR0E0WHBSMmNZNUpRVFIzREhMX3ZlWVpnblhsUjAwUWItcmI4ZDJFUzY0YjJyQ3l6ZVF0NXFFLWUyZFhKYmh0SC1yOG1vbVRsWVlLS2VUOFFFQzNnc1JhYW9aazZlM0wwYzRJaVZj?oc=5,Time Out Worldwide,2026-08-07,negative
NYC Subway,19-year-old brutally beaten on NYC subway train: NYPD - PIX11,https://news.google.com/rss/articles/CBMikAFBVV95cUxQVU82MXB0MWlUOWZqTFQxQWtMQWZfNjVNSDJPWEpUMm9zVjktRXVuWWF4a0ZYajRQWFpsWjY5T3VUb2NvR283bFMzR21HdEFqbncwNEEzQ2NmYUl5TU1MM2hPbmJEeHBoRUVCZGFIU2ktbHFUV2xGdkVIQm1WMEFTb0lfQ0Y2QzJ5bVh2R1VGM0LSAZYBQVVfeXFMTlJWM19HNVNidzQ5WVJ2Y1NuX0ZESFVkaWlYTWZuUmdLU0dBbTludkR3UzBtOHpnSGQ4bWI3dXZ0ZkJoOUlOLTVMY05wd1ljc3o2aDRxY0Q0THdiZmhONTFyMF9YQWllTkVrOG1TMkRSVmp0R0ZVNkxZT1h0TFdfR0IxSmdkblZQWmZvdEtTNnZnRHhYWHJR?oc=5,PIX11,2026-08-07,negative
NYC Subway,"NYC Crime Is Down, But Not On The Subway, Says The NYPD - Time Out Worldwide",https://news.google.com/rss/articles/CBMisAFBVV95cUxPUGttMWxhVkR0N2wzZjFMTGtWNld1RXdtakJuU0tXLTZOQ05ZbXJyTTJ4TGxKbldqMDljd3RsMl9FS3FRcEdjMWY1Ui0yQ0N3NFpEbzFtVWlTM2U0eGYxZldRV0p6OURjZ0U5SUFjMXFXbjRENlZuZDl2WGZmOFhFVzdLRWNWVV9zWFNpWlhwRm02dTI2ZlY5UXN6elU4Z3RQNlhWRGxpYlhRek0zR3d1Xw?oc=5,Time Out Worldwide,2026-08-07,negative
NYC Subway,"14 Injured, Including Firefighters and MTA Workers, After Train Caught Fire in N.Y.C. Subway Station - People.com",https://news.google.com/rss/articles/CBMiwAFBVV95cUxQUmJXSWdEcU5HWWJPbnRPTVpWWmEwNVFXaHJ3Qm83QTh0ZEp3RjF6SDVvZjhjUnRBcWFjYXRvZGhlRmxnZTRfaWFPMm5TNXplVWwxS21mcDZ4VDFhN2lrekVDWmRmX3VNYUNJSDhOXzJjWEItMGVhckNwbWhZckJkODdLYmpuaDdLVnZ0cDRtb2NILXR6M1RBTDNIVloySmZRWlppNGVqLWg2WTV2XzRZNUFsdzZtYjhJNi11UjBPVTc?oc=5,People.com,2026-08-07,negative
NYC Subway,MTA is auctioning off MetroCard vending machines - 6sqft,https://news.google.com/rss/articles/CBMie0FVX3lxTE9EWTdJYmZpQ0szY25fTFZ6eVRHVU5QRmZpLVFMVTRSelNoZ2RYZ0cyQnNOZkxnQUcxajdlaVJDSlZuZkhlNVlVYVV3VmlNTF9BbWdWcnpiX3lLUFJIcV8tbk9KM1hoN25lVDE0bmlMemEybmZBVlRPYU9rRQ?oc=5,6sqft,2026-08-07,neutral
NYC Subway,26 NYC subway stations are getting brand new snack and drink vending machines—see if yours made the list - Secret NYC,https://news.google.com/rss/articles/CBMigAFBVV95cUxPcFYzenNFVEFMWS1oZE02MzU1WkNFcXdqX2RTOWZtQklndEcweVJLdmlSTURtT2FRNWRsQlJBUG5KNDFxQTktZFJGdVY4elRsVWdhVXYwc0llM0VuT21pcFBOUmtmYVhyVkRQX3M5NHIyUG5KYWY4LUJUU2duREVSUg?oc=5,Secret NYC,2026-08-07,neutral
NYC Subway,"Plan ahead: MTA repairs to disrupt subway service on the 1, 2, 3 and 5 line - PIX11",https://news.google.com/rss/articles/CBMipgFBVV95cUxNcGh5SE4wN201RlhoSm1ncDBoQVN5bXQwdmgtZWdmcEJJdEkteHFQMFlINml3VDNZQ0RPNEE2Y01Mc0dqRU9rc3dnSUxETXNpWi1Cd2JoanRoWWl6UHU0eHNwYzhqOXc4cVZPaVoyTU53dE1CaVFDRS1OZEg2UDlXTHdCTU40LWVkcmdBdnhTQlFvOVhMbGwwNXRCSXFET0NIM1V4TnV30gGrAUFVX3lxTE9jTDVTeWRYSS02RHdGQldLeVYyT1Q0TFFqeDBfWDNYV1V4RDE0MHNxWHE0ZjUwMW1aaGJEX1RKMHdPT19ELXh5VW5iYTBySTRoX0FDdjAwTk5EQnpJUWE5T2ZpTWw5UGs5Ukt0dmw5UGp3TXlac3ZfUGRNaThBdmlQNWhjeEhNS3FiaUN4MkpPS1h0OWhOaDQ3SnNiS2VBdUplcWlBZmZXTFVKUQ?oc=5,PIX11,2026-08-07,neutral
NYC Subway,"NYC subway crime: 70-year-old woman randomly pushed from behind onto tracks in Midtown, Manhattan - ABC7 New York",https://news.google.com/rss/articles/CBMitwFBVV95cUxQN0tGREwyWS1HUEV2aG5qRmJQMWk2enlfc2FqcFBwbUJOazFFRlJfdEVtdDBzM050REVGWnYyR05TczNtcVFQYXBNLUk0Q04zdmNZSGpzOVhkY0pjSlh4a1VxTmNZX0tzNW9zbDl6TGRrdUhPY09wLTNnOVBEd1dTblFnYkFnMkw3U0hxTjdTcjFtNlZPdjJ1WkNlN3JPZjNnUkxFOHdTblI5NlhmVjh4Z0I3ZzNqeE3SAbwBQVVfeXFMTldKSFlsMC1Wbm51MWtSSVlyUTFIR1h5bEU3Yno2M2IyQV84SVlHZ2tsYmtPc2Nqc3VQeS1RZEtsLWRadlBkWVB1eDF4WTB1aG1RNDU3Y3NYY1poZ3dpcEt0d0d3Z1VseXBVZ3VIWUh5Nm1RQmlnNEppcVI4R2V6cjMxWV9iemJKY3hFYWNKcDBaZTQ5eDNRZGlEelV1VDVFMVRIdGhyY25ubUl1aE9BNnZKWVRHY0xvaGo1Zks?oc=5,ABC7 New York,2026-08-07,negative
NYC Subway,"NYC subway fares, tolls could go up again in 2027 under MTA's new preliminary financial plan - CBS News",https://news.google.com/rss/articles/CBMid0FVX3lxTE5FbXJ2OWJyWTA3QVlKNzhYTnRYTkFheTg4V1ZhQ2lHNG5ocWItbmpLc3Y3a05COUhZVUFlN0syOUQ1dXJqSGxOM0ZOa3V0ZGlFQ0pFWVA5TzZwYnBteXdreGhabHJwVWEwQjdUMnRCSjY3cXBvbDRF?oc=5,CBS News,2026-08-07,neutral
NYC Subway,"Man, 62, suffers skull fracture in NYC subway push: NYPD - PIX11",https://news.google.com/rss/articles/CBMimwFBVV95cUxOYjE5ZDFaUGF1YmV1Slk0dlpEejhvbEJhbEJDRUlWNXYzV0V1SXZCSUpLdGhWZlo4TE1fX1pqNWo5d1VMU01ESHEyMmdxVllJcWtRUWhUVXRUZXlFTF84dGg0Q2dQNXdhNVZjblRBTEZ1WmRxdmNLWC1oMW42NDNjVXNZUHR6WWhkakx4Smd2VVE3QmxhbmRwQXRoONIBoAFBVV95cUxQY2lQSDVhemRLNGlPb2VZQmgxQV9vQmV4dUtXMU1mX0tnaE1ISWFyTWxGSkpnU1phbm45MTZIMW45cGV1Q1RITmhjSTJMOHpmMnUzaUFqN3Q1UXF1UVdmdGJJbnJDNVJzVXVpaFpCMGRFd1ZCUHNIUjhfT3hHMUtMeXRFdGM5elVNcS1SWW44aGxQQWJBd215NTRtUWxOY2Rl?oc=5,PIX11,2026-08-07,negative
NYC Subway,"Stranger shoves man, 62, into NYC subway station pillar, fracturing his skull: cops - New York Post",https://news.google.com/rss/articles/CBMiqAFBVV95cUxOeFhXOU56X0NQeXFmd1pTdTA3N0Vhb0VrUTZoRjFoSFM0ZDBGQ1lIMVBBUWpkWmFEOXhydk1kY29wQTR6a3NGOEtkT3drRkZtSHlZNTgyRWp0Mk9GeFpXc0NMMWxQNVV4dkM1UHBfdGV3Rmk4SXNwSExyUDNmWUtGOVFydGUxcHdRWWw4WWxhM3BQcFNsTDNsNjFXN2pOMUZudHNSNk5CQU0?oc=5,New York Post,2026-08-07,neutral
NYC Subway,Matthew Grabelsky Transforms NYC Subways with Mythology and Modern Surrealism in Paint - freeyork,https://news.google.com/rss/articles/CBMiigFBVV95cUxNUHh2emluTll1WFNrcEh3OTlpSHdkU2RHWXEyUmJPaTNMcEhpRXpScUhObEZneGRMRjV2bDFaOWNXdVFmQnpaam12aDhTZnhwVklkN25VSzd2Ymx0M1g3S1dXLVFvVmZuUHpxODZtUHlULW5PbHhTcG9iZDBoRkI4NWlmcUc0dkl5ZWc?oc=5,freeyork,2026-08-07,neutral
NYC Subway,The surprising geological wonders hidden in the NYC subway - National Geographic,https://news.google.com/rss/articles/CBMigwFBVV95cUxPd2o2emRxZ3A5QVVDNWJYZjQybEluQ0dZNHFZUFJOU0JFY2ZtakhrWEYtbnl2WnduNVdFU2w5TURTdGdwUVE2STc4MlNoZmJ0WndFUkxfWjRLS2Y1VUsxRmFVeEFNbTNvS093dUxGU2ZUaXd2NWk0TFVLbWp1RVFuVUpkRQ?oc=5,National Geographic,2026-08-07,positive
NYC Subway,Man put his fingers inside woman riding with 4 kids on NYC subway: DA - NewsNation,https://news.google.com/rss/articles/CBMiiAFBVV95cUxORHdlTkFZWWhYZEVrQk5DUE1YUlJaUG5vdEFwU1lCSDQycWMzZ1AxQkxsdFc1aXlxdVY5X0dGaG0zWWxidXItc1B2bG15SmJIdDJLN3phb0t2REVWbWJxY1NvU2dBdTVCcXZDZEh5cm9FQk9GeWZyb3c2ajdLYXRrc2F3N2FPWEhW?oc=5,NewsNation,2026-08-07,neutral
NYC Subway,Violent parolee arrested after allegedly tossing elderly woman onto NYC subway tracks - New York Post,https://news.google.com/rss/articles/CBMiwgFBVV95cUxORGc2b0RDaDB4QkxraVpyUDNqLVBQUDdhNnN1STBaNXBHTlB4eU12U3ZYLUhZQktDZm9wTTMxRHVKVnZaZHRyUG9fbVNodURNcV9DdlUtZHN5VEVhbWp4WDJPc0RpSk4wNTFsQjRWU2gzUzFxQnZ4U2t1a0FtcmdHLW9CMzU5SjZsc2dXMXk2cHEzRkxJRFEtSXNvRkwtSkV5NEZ5RklYbS03Y29iNlloRXVFWHNCalB6WFBVRWYyTG45Zw?oc=5,New York Post,2026-08-07,negative
NYC Subway,NYC Subway Fire at Astor Place Hospitalizes 11 - News.com.au,https://news.google.com/rss/articles/CBMitgFBVV95cUxQcDdNZGU3ekh2dHN2MS0xS3pidmtPSnE4dDIxN1I2bGVickthRE1UZGRGNGJXV2VnVGd6SVk2TGgybFEyVVN3dnhoeWctVjdGTFhLOE5Zcm5Pc3pBN1pUQkJvQmx6cDgwZzFFLU5PdjVWN2YteHlNTnNjemZWMFhPQmYwbjhXNFRYdVBIVDZXX3laQXVyeUZnd0xDdnI0eWJQR0V6djdFYndMY2FGejR4bEFmZkc4d9IBuwFBVV95cUxPSWNjYVgxNXRRVlNZbV9taHk3ZDFXLWtCSHhlb1hLRWo1OXlRMEt3ekY3WFlDLVA5NDlwb0dsRVlGMHQ2X2N5eTFST1M5cWh4ZVlYcEd1dWE0Q1ZPTVl2MDNHclRQbk12VzVSMzl4NHlFWFVGOXQ1b3FVR1pmbG5BUkIzYkh4TjlSa1NTTDd4ZFNjRUhNRDVIVVJNX01qS3VrclV0YWxUQ2N4ODNlWGF3ZU84VUtGWE1MVlNj?oc=5,News.com.au,2026-08-07,negative
NYC Subway,Teen girl shot in chest by masked man during robbery on NYC subway platform - New York Post,https://news.google.com/rss/articles/CBMimwFBVV95cUxNQzM0OXhvblVTTFlPTlJRTHY4MTdyMlRpWEJydlFNbTlrYU5lYk9Wb3lQM1Y5V0dBNzV3Zlc5TkNTdEdfcnRIY1AyMGlwS3lJTy13Y1ZCMi1JbkFPVy1zQklQTE9qSGIzaUk4bzg4c0YzUm9Wdnh5bGR5WTJJRDBVbzY1SzBMOVBjVmpqcHhjUHNOSk94M2xFQTlEOA?oc=5,New York Post,2026-08-07,neutral
NYC Subway,Former New York Professor Faces Backlash for Taking ‘Creepy’ Photos of NYC Subway Riders - yahoo.com,https://news.google.com/rss/articles/CBMilAFBVV95cUxNbXZIcFFiZkl3OFF3MG12NlBlcVFJUmFiUUVTTUIyYWxJQWo2YjI1Q1hvVXFLXzM3cEh2VUVYT0FnQlpHNlFYbDRmMXpnc3RhWGFfRWVubkExZklaSmdhNU1yaFkwZXY0V0lzOHJBdFVGQ1dzZ013bk1ZWnRFR3VMVmhXVGpDT3RhRjJ1bDk4X0dvVEN3?oc=5,yahoo.com,2026-08-07,neutral
NYC Subway,Major MTA repairs will disrupt NYC subway service for 5 straight weekends through August 24—here's what to know - Secret NYC,https://news.google.com/rss/articles/CBMiigFBVV95cUxQSXBRUjN1MHl6UzdsMXN2OU5xUTdqNVFZT0tsbzJYckc1YXZUY3NISmlHQmRQQzhKSHg1M2gtN29Hd2ZhbTlQd01GNWcxcXNGRGlNSGd2TGt4czdjYWllT3Q5YzRkdEV5U2RjaWdPbjlsUkpWblB4SURNVkRNWUNLM1dGMDl3WnYwWGc?oc=5,Secret NYC,2026-08-07,neutral
NYC Subway,"Woman, 18, shot on platform in NYC subway station - FOX 5 New York",https://news.google.com/rss/articles/CBMiXkFVX3lxTE9HQ01IekNGNFZaZ1AtMVFPTVAyQnFVa213bm1GeE1ISWsxUHM3S3ZCVldLTkY0Y1N1cFA0NnM0ZGdqRHg5NWQ2UmVzY3RFSWZaaXp3a1VVUDNqTGE4WFHSAWNBVV95cUxPTG1ZazJ6SmhfbUVSWld4U1dPbTRrUE9UUXdWdUJBTTJiZE5TLXVEV0Q1OFQ2cDB0Yk1aRVE2SDRNcUNUUjFvREV5TEpXck1PYzdDeENDNXZ5NVgwb1FMRVA1WVU?oc=5,FOX 5 New York,2026-08-07,neutral
NYC Subway,"NYC subway riders face major 1, 2, 3 line changes this summer - SILive.com",https://news.google.com/rss/articles/CBMioAFBVV95cUxORzVIdzhYRWk3OWJzdGJ0WTY4UFVRRG0xaXFhVHZOZmRPdl9oLV9LVkZyTno1bW40OEhjSW1ueDdHc3ppeEQzRG8za2RuRGV3NGd3V29nUlA5TXBiQVU2MFVaWmlaMjhDWHI4ZUc3c0xDS0U3YTlSNS00WGlyOHloT1U3THhlb3R4YmJ0Z2dKQTBFWlVNUnVMUlloeEJkOVJ30gG0AUFVX3lxTE5fU0NoQTJqNmt1ckN0MlNhVlFWVEsyaEpzQjFRWURjdzNfeEtqWHpGcUlOdVFWNGp6TE02SUJyeHlkLV9kUnB3MTZIVTlzX0s0R09QYjhUQlpMSlNSajhYS3ItUno5RnA0TWJkWko1MWoxc0cyYl9ndU5vVWhieFdWNDMyaHZXSzVqWjRsOHIwWDMteVFLRnJmNFBwR1hjWnRlSjFDUnRvRU5iVVI4V3k4Z0xaSw?oc=5,SILive.com,2026-08-07,neutral
NYC Subway,Can NYC Finally Cool Its Subway? - cheddar.com,https://news.google.com/rss/articles/CBMib0FVX3lxTE5HTEZCOEpNaTI4djZBWjNkMDJhOXoxaXFLMUtnUmUtMnNzS0hwaXoxYnVPMmlLeGdqSTUyTjBxVVN1VFBZcVhBVXpnNnZhdFRDQnFzVWpqWHp5ckhQajQ5aGRfMEdYUEZ6REo5Sm1wRQ?oc=5,cheddar.com,2026-08-07,positive
NYC Subway,"Fiends beat, rob sleeping straphanger on NYC subway train: cops - New York Post",https://news.google.com/rss/articles/CBMiogFBVV95cUxQdFZNTG4xcVRqWXZ6MWVkVE80U2FIQkUweXhXTVNmeTV5eWRyM0d4ZWNqWlAzWkVLSW9wQXJsSlBTX2VEaXhxLWxvOXhfdWlGYmRBWjhOV0I5S1hLWC1zLWNnZndYMk01WnV1NG9yQmRwQ2FVSXVwY0RHcE1zby1jaXZGejA0OUluSUNveXhuM3lRUndoeG5DVGs3c1IzdHM5VkE?oc=5,New York Post,2026-08-07,negative
NYC Subway,Major NYC subway service changes planned for Memorial Day weekend - PIX11,https://news.google.com/rss/articles/CBMingFBVV95cUxNUmd5RTUtVlZidXFVcEpVX2p1dU1hcDMzajc2OVNLbHE0ckVNQXA3MWs0TmVfeXlKVllSVVU0N2Y3eXp2RGlJeUZ2NVE4TFhZRE95Z21xYlM0cEhJeWZkczVmdDJ0czQyTXN5Z0lNUTc4T2tlRGZvdjBqRnU2anRZLXVhelk1cDRKN3FJUnZ6eXM2SjM3d04wc25OV3QwUdIBowFBVV95cUxNVmpJN0xNbVdHNGo0RTVwMVRJcU5zQkJ1VUV5ZjRZUnRJaUR6RkRMcTczdmoyclh0SVZBaG5PSTZhNkRRdG12RWVZYU5SOFdlbXlCZTBWZ2t0TXJSbFFac0JtS2o3MER3V2c5NjVpSC1HTFlBWnhJMFcwVWlRMlVaenhzQUI5a0xvS1l3dE5BWk5PYkpCcUJOVXo1bnhoNThmdzlZ?oc=5,PIX11,2026-08-07,neutral
NYC Subway,Vacant newsstands given new life at NYC subway stations - Smart Cities World,https://news.google.com/rss/articles/CBMioAFBVV95cUxNMzlrcGQzelVSMzh2cmU2VDJRRUJLaWpKUThiNENsV3RLZlp0MFhtb0hYdUNKS2FiR0x0bFlNbHZMd0xxLXh4NExJQ0YzLTFWYzJPWmhiRFVGcVdMbU9zZGlnRXJWc2hqTXFYajRoZFlNN2ZWeWdBaE1HZG9RLW5vcXZ1Y0w0QmY1NGxXbFl1VWp2ZUFNektiSk41dTBISFhN?oc=5,Smart Cities World,2026-08-07,positive
OMNY,"Exclusive | NYC subway riders push AG Letitia James to probe OMNY cards after claims of extra charges, phantom fines - New York Post",https://news.google.com/rss/articles/CBMixAFBVV95cUxQdVFhc3dCcVYtNnJaU0dhQnZHODVkYkRFbjhGNkdTdlpHT2RsbjZfSFExVldiMjR4SDZ0R2dnbGZTR1RfZDNKX2JnSGFUNEtBYXFrTWY3TWVKX2tmWmJFNWQySUh4RWZuQ3pqTHh4YjkxRnNzWHl5bDFReUd5ZWtHWWdEdTkzWVBpWGQ1M1BHUzBSZDRSQV9nWFNPalRKQlNmTnNBRDd5YWdJeWNzbE9vdFlHbld6b2xnekhtaFZNRG1OMUlM?oc=5,New York Post,2026-08-07,negative
OMNY,"OMNY complaints mount as some riders fail to get fare cap, transfers - Spectrum News NY1",https://news.google.com/rss/articles/CBMiuAFBVV95cUxQS0ZwN3FLQjBRYTJUbnU0WmFBbEFEYzh2bmk0bUJmN1RyN3VNRGJVRGd2WnZfbjh0dWdQcURyWHpwbENVR3hvcERzQXN1Wl9BU1BmUVg0SFlUQkFDbm5Zb0NNQzJVMi15dWJ5Z1ZZN3RXNFNPYmxveC1jcHViclJWS1I2cVNWdm5ZcEY2Sld2b1FoREJiRE53QzBnUU9JODZMSUZQNlFLeGVGSnVjb0FqWFlYZUFNckI0?oc=5,Spectrum News NY1,2026-08-07,negative
OMNY,Farewell to MetroCard: NYC commuters embrace OMNY - PIX11,https://news.google.com/rss/articles/CBMiigFBVV95cUxNenNiYUJwV25uUWUwWjN0cXl2Sm9CRUZibGZlS2tHakZyQ3pFdVA4V0FWTzAwRkZkVDFkdk43MjhvTmc2R3dyMFplV2lqTy1wTGpJVUxUeU5SSGNXTTRMMVFzQlhORzhkTnZSMFBSWmo3M2ZZbGpaSnZib24wUHNOM1owM21UUjlZakE?oc=5,PIX11,2026-08-07,positive
OMNY,"Goodbye paper, hello cellphone tap: NYC to pilot digital student OMNY cards for some schools - Chalkbeat",https://news.google.com/rss/articles/CBMilgFBVV95cUxNZFoxc21fcFVyUzNrNkpua044MWJxSHZrSXgwLWRndHJtOFBwbmVMZ0lqRVRsdGxGVmoxR21IV0pQZFpkaE9mVFBxak1oV3RJOHpOTVUwTkhnczNtcVZvOE9iaFk3M3k4Z3Y1M3NRWEMzekxxdlNjVmR6VEJaNklINUt6YzNUY0ZtN3ZvU18zM19jWlh1aFE?oc=5,Chalkbeat,2026-08-07,neutral
OMNY,MTA boss says agency ‘developing capacity’ for OMNY to show balances and transfers to riders - amNewYork,https://news.google.com/rss/articles/CBMid0FVX3lxTE40T09RMndjUDFoVHFmVC1VX2ozRjVKd29BamU1aXpTWGRIY1d1ZURrZFJ1LTVUQ2UwWGtFemt1UFFlYkM1R0w3UThlWElrekk4NFpieE5PdkNQU0F3UHk1d0U1STF2WmV0cGF5cUY4WnQxYWp2bFI0?oc=5,amNewYork,2026-08-07,neutral
OMNY,"The MTA Is Auctioning Off Its Last 60 MetroCard Machines. Bidding Opens at $1,500 - inc.com",https://news.google.com/rss/articles/CBMirAFBVV95cUxOVUJueTVjZDZPTkE0NXEzVUowQWYxaW10WDNPZXp4WTltaURCcG1idmEtTVBidWNVOXJnMERTWmJuUkdIM1lmY3FXQk5IQnpkOXp3eUExNVB6SWozZEN0aDRFQWc5YV9MdHRpYm5JeVRVVVU1Q2VQVFJoZjdHTHNWY213RUlnZEN5eERMYmdRNE5fOW1HWUtLbDhJeGFtTXZXcDlvQ0R1MUZvOU0y?oc=5,inc.com,2026-08-07,neutral
OMNY,Public Transportation Tips For Students Living In New York City - Harlem World Magazine,https://news.google.com/rss/articles/CBMiogFBVV95cUxNOXc3VS1fNkY4TFB3ajZYNDhOdDNTMl9QNXdHMXpNNm5ZTktiVl9WZ3h1YmZIdVRzeTFDazFuLWE3cHd2RWFnSWhjYWRaaVh2LXhLVmp4OWRuY3lBR0NTcDlySGRzUkY2V2JTUGI0TEtqVHNVUERaWjNDZDgwVVBzNXdQdjIxWm9qc3JvNFd0VjAySDVHQTdzS3ZfZHNLSnNSQ1E?oc=5,Harlem World Magazine,2026-08-07,neutral
OMNY,MTA opens bidding for retired MetroCard vending machines - FOX 5 New York,https://news.google.com/rss/articles/CBMic0FVX3lxTFBGaU96MUdkQm81S2VjaHBla3V5ZmVKcENLZUtsUDlpLVB4R2h4dDlsd1luNkJYRk9yZEg1WU44eGhCOXZ1bVMzNjIwTWJhWldEaW5LUUs2RHJ1LU5lX1RzaTRKb01mNjAxcEJZNllRSWlWNlU?oc=5,FOX 5 New York,2026-08-07,neutral
OMNY,MTA boss says agency ‘developing capacity’ for OMNY to show balances and transfers to riders - PoliticsNY,https://news.google.com/rss/articles/CBMixwFBVV95cUxOWEZFd0ExVEpVZk9Yb3I1TXRsalNZbWhEY0c2SDV5WGtxYVNFTkl6NlluaDNBWFJPSExaVkZZblBVTTlfSEJSWDA0SXZCVzJDNVZROWxubGN2cUM0SXJhYUJvb0tZNmZ6UE1sRDVZQXFubVNmMHItM3JsMU9fUDRJaUpwRUZ5V1dZNG1PbUV1OVBvMGxpbmxLRUlUMkdvZ3BXOXd5OHk5QV9zWDk0bWxZVXM4eXk4MkI1cFJ2UTJ6YV8tODlpQ3lz?oc=5,PoliticsNY,2026-08-07,neutral
OMNY,"OMNY processing issue resolved, says MTA - PIX11",https://news.google.com/rss/articles/CBMif0FVX3lxTE82Y1Y0VjBjYkNZT3VaTEt5ZTNDdHVtZ2otN0ZlVTVQNzYxXzNtLTlMcDBDRURzakpPdUQzd0NRclZMRzh3eVJvM1dVbjNNVlFYZ3dMUG55ZnV0TzlMYm1KOHhOcThKeTZIeENkZDh4OU1SREZjbXp6NC1DLThtc1XSAYQBQVVfeXFMTk9yTWZEalE1c1RFUDF2dmVpTkZSbUFTUmtSNDlUME1XTHNSODA0XzFRanVnRWQ0T0gyLVJxZVBLMFh5enpvMkkzVjUyQmhiWVFkTVdUaWVqVzdueDY0QWphWnFXSm9Lc2U3dDJETTVUajI2bEdmMFoxeVR3X0R3ZGhpb2c2?oc=5,PIX11,2026-08-07,neutral
OMNY,"Students, pols call for OMNY card changes - Queens Chronicle",https://news.google.com/rss/articles/CBMizgFBVV95cUxPQzRiaDRhRUw3Sl8xLWlXT0VTVjVtNWhoWVVRTmxHXzk1RGJabGsxQk5rdmJkTEo1NkMwOXJHRHJBelBpd1dWeTlsUldPaTRDN0VsUmIyaGxmbjA3RmdVQnVQZnZWelBBd2lKOVNJT3ZzVjd2ajZUUUxwMk5DSEpTMXBTVUJaZ2lGaVhPbEdiQUtSOXJKeUE2RWxaU3ZSSHNjcy1rTjgtRGpDSm5WUnUyQkRzbTd6dnhVeXdKMTZBWGlsdlZPNkxHUzd2T2ZEZw?oc=5,Queens Chronicle,2026-08-07,neutral
OMNY,OMNY Health Surpasses 175 Million Patient Milestone; Launches Oncology Product Suite to Solve Complex Real-World Evidence Gaps - PR Newswire,https://news.google.com/rss/articles/CBMijgJBVV95cUxQY0ZNREotYTZUWVhuckgzdFhOYWdWa2cwTTE2eHNHNTlLZWZnM2pMUFNtSVJacHZaV0dtYXk5bWVCaE5JQzJDV3Q2N3FzVzJGV1Z4ajFycWFkckFDbzc1amJVTWp4OVVDU2RPa3Y3Nll4NVNOWkIzNnUtb2xUakJoV2psdXJ0T3pjMmtkYllYbkY0YTA4VXhSZHBlRXV1MVRuLUZnNkNpVmw5czZSTXNpN2VNYWlUbHlYMWZNRzVEUnh3OUJWVXRxRzdydkN0bmE1cTk1dGJoM3U3TWM3dnl5SWZoZEF2bDJNcmNRSE1LV2lwWTdBQjdZS3BQSnVSRFlPZjJ1WHlRU1RUT3lMUHc?oc=5,PR Newswire,2026-08-07,neutral
OMNY,Expand Student OMNY - Transportation Alternatives,https://news.google.com/rss/articles/CBMia0FVX3lxTE9vWk9WRjlRb28tclFKd0JNaWhBUzhmZ3c0dzY2MW5pNGNBQ0pWdUtKVldjSHNwaHcyRlo1ZkU2NldlQ2l6enAySVBYU0RhQlRnMEgwVXlFcEpkX3hIY2Izd2dtaS1BZFZFZHN3?oc=5,Transportation Alternatives,2026-08-07,positive
OMNY,"NYC's OMNY Card Is Here, And I Am Full Of Regret - Aftermath",https://news.google.com/rss/articles/CBMiXkFVX3lxTE1NR1pWVHJKcTZnU3BOMDZIZnc1R1QyaHFpN096bVhYejBTRzVEUW9NQUtJNzZ5SmUwVFVRWWhQWDVDNnJfamR5dXczdHJVblhQVE5IT0xWZ082dGhYZUE?oc=5,Aftermath,2026-08-07,negative
OMNY,"EXCLUSIVE: City Council funds free OMNY cards for over 1,000 CUNY students in city budget deal - amNewYork",https://news.google.com/rss/articles/CBMiekFVX3lxTFBYakVQT0x3Tk5ycDVTV2htbnM5SjFJTHdsa0VTMTlyU05BbWRLVmpRSTNRSi1YM3NvMWdLNXlCUHpRZHdtVEI3ZUNlYzJOeUhpNlRkdHVhRkFGU3ZSdjQ2RVV1d0lfYkxfZ3hHbzBpN1dvVWdXdk96NGNR?oc=5,amNewYork,2026-08-07,positive
OMNY,MTA developing OMNY software update - FOX 5 New York,https://news.google.com/rss/articles/CBMiXkFVX3lxTE55bHF4c01CLUVlUjVNODNUSlVHRk5RRmtOa1c5dGVKU0NabXpFdWdJTVZDWU5OMW5sOEQ3MmVsa1pNbGFFalRoa0gteGVWNjZNMk96UTJyODZxQVVxOHfSAWNBVV95cUxObk1ncVhBYk1fbGE0R0xJa2FXaFhLYklrbEU0ZnRvRDAyd0NDTk5MRXJWZ1hGU1hVQmJQSS1fdDBiUzNUMEJMeUE5Z0kzb0dhVFlCY3dpeVdSOXQyZXloWFJVSzQ?oc=5,FOX 5 New York,2026-08-07,neutral
OMNY,Some riders take concerns to MTA about OMNY fare payment as upgrades are planned - PIX11,https://news.google.com/rss/articles/CBMia0FVX3lxTE1FQzlpRm9HeTN2X0ZDNkNuZmxtSlVOQmJ2aUNGSkFOSU9XNWQ5YklJak5QRUxQbktSV0RvYTkyeHp0ZzlXb0ZKS2JBRTJqSDdzXzBtb0RyNldXQVllY0Z5anFjYWVLMTBiY1o00gFwQVVfeXFMTmFkVS1BN0N0aS1aM3MzOExfSmFqVHhLYmVscHNYRmp3SURBTE9OTzdvbmlfTmtUb1BmcHpDVm1rOWp0RnQ4QlR3ZHloX2lnUW4xdWdkWVBqcGg5ZkZYejhIVzlKOE5PRG5PYUhLZV9lZw?oc=5,PIX11,2026-08-07,neutral
OMNY,"Take a survey, win a $100 OMNY card: Here’s how - PIX11",https://news.google.com/rss/articles/CBMihAFBVV95cUxPWHpoeERqZWZQU0VCOWctQWFNdWVGcVJIdzFKcEo4bnRUR0xLY1JjQVNRc2xLdzRMdVN1MG5kZ3h5YktBMXlLX2R1Vk51STBTTGF0R0JpZHZJV25UM3VJUHlOeHJNV25sV0FkdzdMd2hCdVhRQm5xYl91RmdWa0Y3dDBCX2zSAYoBQVVfeXFMTm1pUDA2UW9fc0xhUDdPS0lqNnl6VG9RWkYtTmFPQ3JUNXJwbS00Z0dkeEpYbFpUVTNLVncyUFJFQ0xSYTBSbGNfU1ZwbnZSRnI4ckZ5NzlBcGpWV0R6UlpvaVdIZC1NYTZMR3hrRFA5UVFJV2g0dWxXRHBTUl9ReGF6RElYcy0xZWp3?oc=5,PIX11,2026-08-07,positive
OMNY,Own a piece of history with NYC MetroCard machine auction - PIX11,https://news.google.com/rss/articles/CBMimAFBVV95cUxQTmtiaEZ5d0xfeTRYSHJDMzVudTBVVFVUMkhBT0xJVldHSWdsUGVwVWlyTkFqbXFzRjhxLW83c1RtVEVEUDRJVmlwdjhlcEE3TWR6UXEzd0FFbExvUGZzZnNwQnZIb2NlMFNESUppUjlZaEJWRy0xOUhjd3FwR0M3M0FUdDBTU0FMcFl0cHBvcnFnZHBUbEstVdIBmAFBVV95cUxQTmtiaEZ5d0xfeTRYSHJDMzVudTBVVFVUMkhBT0xJVldHSWdsUGVwVWlyTkFqbXFzRjhxLW83c1RtVEVEUDRJVmlwdjhlcEE3TWR6UXEzd0FFbExvUGZzZnNwQnZIb2NlMFNESUppUjlZaEJWRy0xOUhjd3FwR0M3M0FUdDBTU0FMcFl0cHBvcnFnZHBUbEstVQ?oc=5,PIX11,2026-08-07,neutral
OMNY,OMNY celebrates 30 years of service to local youth - GCJ.news,https://news.google.com/rss/articles/CBMifEFVX3lxTE5LVnFsMDJyVGd3VlRDYjhRcENsc2tFa0lpMEY0d19LVlRoX3M0V0J1Y01UTjlHZm1Ma1oxbklFV012Ukp5ekNHeTVEUHphZGQ2NVBGSDVZRU5JUEw3VDRTcEstWllsZHY3RmpEX1VuaFNLLW13XzJ6RURmMEk?oc=5,GCJ.news,2026-08-07,positive
OMNY,Riders will see more handheld payment validators on city buses - Spectrum News NY1,https://news.google.com/rss/articles/CBMi4AFBVV95cUxQX2NWS0xhUW9vNUE5U0JzbVZZVnJHVVNybFBHdDgtQlFuQ2VtYmlPN2kzMUVaZ2hucWtrUDRLbjBzYU81dEJuaVJxeS00aVJscDl5NmdlSWl2RjI5TEl5WERlLVktanlDSlh6Nkh2X2VxaGxOVnhoMHpLeEhOamxtbHJROUZKaE5jbEVoRHVlTW84c0FTaEljVlNxc05yVGw0WTZweWcxS0E5RlNnNXNtaVE2Y191SWhHbUttN0FaT1VLSS1MV3NwbXlRRnNGSEVFNnE1ZGtMczM4LUZqTWdOMg?oc=5,Spectrum News NY1,2026-08-07,neutral
OMNY,MTA pressed by riders concerned about OMNY - PIX11,https://news.google.com/rss/articles/CBMiggFBVV95cUxNcmI4ZXktRjNuc0NiaDdkZDNIZjY5ZzQ4d012V2l3SDZvNE82T2RET3otclNBVFFVQ3N5dmtNOXRNV3FrcVAwZ0wwOW9WY015YnZwS29FaXg5QU9FUUp3em5GTWpDS1JxaF9KLXpjcjlDNmRBdmhsenZET2NWeHJvZi1n?oc=5,PIX11,2026-08-07,neutral
OMNY,Manhattan man encounters issues with the OMNY senior discount - NBC New York,https://news.google.com/rss/articles/CBMivwFBVV95cUxQOE54cGE2cmlLZ1Y3YVE0elBuY282Ym4wczFUNHpFNlRhNGxiUzQtOHU5YWxURVI0U0xyekZISlhtTDExQ1IzSjB6Q1V5bV9TSmZEQUt1a05YcDA1RlVoalBNbFNXTWxiYWdjcEsyUGI1ZktidVBQRzN6Y0tuem43SnBVMllJXy1MNFFqaXF3RzZrYWV0OU93SG04Zk45M2xMNm43NEI3VmQ0cVpLQTVwb2h5T2h6T3dLa3FwYThFONIBxwFBVV95cUxQcm9wUllqNXVMZzg5clpab2NKTlJNWnlMd2JwYklKZWRjU2pDOVBLWWVsdGwwOTFtMDV5TFJqczc3bDU4VHpzbXY3T1pSenpfcm9Za3lYRWRtdWIxTGtPUUIwOFFNNVFXandnbHI4bnVjVl9WcUQwQ3ZQS2hXcml1cjRBMVhQNEp1ampYRGhGYTFJWkwzcTFQTmQ2cmJlTlE4eTQ2UXdnRFJ5a1N3a1F3SGMzSGtwTjdXYWxwU3F5MDJNX2REWnhv?oc=5,NBC New York,2026-08-07,neutral
OMNY,Westchester Prepares for OMNY Rollout with Full Bee-Line Installation - westchestercountyny.gov,https://news.google.com/rss/articles/CBMiwgFBVV95cUxOX0xQT2Z4ZUQ1THdhbGhoRmFMaGJFS1c0elhYX3VCWi1ITWxGZHVGeWlZdmtQNVk5cGh1SmFBcXg0cHhDTkR1WmFUcVBpczVrWG1FLXZJQnhiZ3JtMjh3b0ZkU2NGQmJqOWw1QlNudmc5TlZZVW5HR1dENnJzdzZvLVM5YktfdW5oUERaV0Y3bDJ2SFFXUTBxT1E0NjJiaXFFc2hOQ0RoRFZ0MU9ZT3h5aXlaeHR2NDgxRks5V0hpZjMxZw?oc=5,westchestercountyny.gov,2026-08-07,neutral
OMNY,NYC Transit Just Got Rid of MetroCards for Fares. The Successor Could Put Your Privacy at Risk. - Reason Magazine,https://news.google.com/rss/articles/CBMiggFBVV95cUxNRUFYSXo2NjhWRUR2RFZRRTJYMlBIUDRoZEpjQWZYVGsxUlZua3JQV1labEZwczB1a1hHMl9LS2dWYXdhSmRTTDFOR1ZKNHdONHRuZ1lKNVlCVzU1aGxKak9LeXhQdl9Va2RST0JBQ2lNa3VUc0I2Ri1oa1puZXhncVJB?oc=5,Reason Magazine,2026-08-07,negative
OMNY,Where to find an OMNY card in NYC as MetroCard is phased out - PIX11,https://news.google.com/rss/articles/CBMilwFBVV95cUxON3I0YU94MWFETGJGTEtIUk56eVI5V25JczNueVNyOWdQbHB6Wnc1c2Z0TDc3eF9USk9kNGlXWXNNbV8tSUFEdEdnTFlBMWdQU0xVQjh5S1BmVV9yNUlWSWJlRkRUWGdrVmFhYXY0R1k4czg1SE44ZndJa2I5OUZoS0pfYjdjOTZQQTJVc0Fqa0N4QzUyZWp30gGcAUFVX3lxTFA2bExzSGR5Z29ENWdUbWdnNU1VTTVrLTh6dGpodlh2ejhVRzc1VXFabFUwUjl6ZVJ5Um1mMFpNNXRDLUQ3cVhzclNNczBxbC1UVmN0S2VMZEdlQXJ6Sm9aTmtRT2JFLS1lQXM1b1dfOWwxa0Jjbl9Vd0tmaldBd2t3VXBlM2RkVkhOTFpPZmMwby1ycmtsbEp1VjhvYg?oc=5,PIX11,2026-08-07,neutral
OMNY,Some NYC Schools to Switch to Digital Cards for Public Transit - GovTech,https://news.google.com/rss/articles/CBMiowFBVV95cUxNdHNkdVBnRXpQUVVXSk5qZEZSOGR4aWxIVno0cEw3UzNFTm9LUWlxNVFhUUh1cnBvNk1Bb3ZpTzM1dnhOOGNIOFNIbVNWdGhiY0JEWVJlcTktMVIzelFyUGhCSVVJanVESkphaGJBZnVWWEtZZlJrdGMwVk1FczlKZHphdVJBRTF3R1hTbGVTM2lBV2k2ekRfSHlrbllSVnEyOXdJ?oc=5,GovTech,2026-08-07,neutral
OMNY,Free OMNY cards coming for some CUNY students in new pilot program - PIX11,https://news.google.com/rss/articles/CBMiowFBVV95cUxOSm9hblRVN3h0QURZNlcwQ1RnM3pvc256a2xLelZtdFYzWlRobmlZNGI4bDBNVG5Cdzc3b0NpOGoyMHBzLU5PbF8wQ0ZyRjgwbjhhdGNHckgzLWpKNTVkc2MwMl9RT05CMTEzbXdnREJ1QV9mWWFCVS04SXpGQ2ZCR21rWkdBbUcxYTR2MElxcUtJYzJJcnk3aGF1V2w1bUVWTTBF0gGoAUFVX3lxTE1kOFVybmJpd1B4bUJEVGt1Mm51UGwxLXFSUVZMMzQ2UE4ya08zUW1Ha3dHeXdDRnBqelN2bEVSQkZYcFNXTVBFblVDbkdTVGpmNFBvNUx6a1JzU2swT3ZHeFVfZ0tuaS1CZzlBQVlYeXVteEV4QzgwXzZ5OExlcHl0QUpNOGl3UUVUTWw0eUFQeGhieEN2QzFHdloydjQ3dFFsTXVXUHlNWg?oc=5,PIX11,2026-08-07,positive
OMNY,Nyc Students Say Omny Card Problems Are Leaving Them Stranded - News12 | Bronx,https://news.google.com/rss/articles/CBMivAFBVV95cUxPRWY4TGUxbTBTSEhLNTVpdVNMcEE0ekQ4SW5EWHU5cjhHN00yWFptYi1LTnVmZ2pLNVdhRVh0NXBZZlBBeURKTThWWS1wV25pdEV5NFZ6NXI3alRwRzcya1FGbl9LRi1LcGZxUUN1OThBUjRwYkQ4b3J6c2M4TkNSajdRNWgxcHl3a1UxU1NCZVdId25icW1LaEgyREhBSjRlakRrRkRnVk4yMmJvMThNTDlQUmZiMWFKUEJ5eQ?oc=5,News12 | Bronx,2026-08-07,negative
OMNY,MTA contracted subway guard accused of pocketing cash for OMNY taps in Brooklyn - ABC7 New York,https://news.google.com/rss/articles/CBMipgFBVV95cUxNdDBRM21QSTQwN0ZnQUd3RVdiZW05SFNqUnBad0hLaWJqT3JpdU1HaF9oS3FCb2lBUEJ4TDNMWEozQ2x2bkF4dzBsbFFUNGU5cVNPeW1RcHVWdGxNLXgxckUweFI4a1BKMVJPU3B1WEIwaVhWOEpwMTN4bFRGNFAwUkVtNndPU1VNZnNJTG05blp5TDN0dkN0MmJTSGJTd1VJVDlPWWNB0gGrAUFVX3lxTE41TlhsQUlNRFo3WlNRanhtTk1Nd1lqd0dfM3JUb2tOR2g5bEpCWDE3ODhLcEttVXltODRFQkt0LS1temdqUEtTT1ctZ09OOXVXRjVWZk9sbkxHaU1pQVNGcmtPOGt1dkc0RHprdmJDdlRCUHp4V1pPaUd2NUEtWkxta2FYTzBUZkJLSTVjNnJMbklhMm9aQ2pHY2tYNUJJbFktaUxkWGt5NkE2RQ?oc=5,ABC7 New York,2026-08-07,negative
OMNY,"Borough President Hoylman-Sigal, CM’s Marte and Restler, Riders Alliance, the Permanent Citizens Advisory Committee to the MTA, and Students Rally for Expanded Student OMNY Cards - Transportation Alternatives",https://news.google.com/rss/articles/CBMidEFVX3lxTE5LempCNDNycnZFN0M4bmxmREg4TTU3QWc1bG1FeE92RGUySmJ4bWE3blYyRTBjQzA5bGF1cHdxQWhUbkoyb0NuMXlyNVh4S3N2b1R5Mm1uS1lmbGNkOXppVTN5c3pxZFNHTGFURUVGSUlJTm5i?oc=5,Transportation Alternatives,2026-08-07,neutral
OMNY,MTA developing OMNY software update - yahoo.com,https://news.google.com/rss/articles/CBMigwFBVV95cUxPcHduajFNTEVsa2h1RTFLTUdsdVpPbTFKNEQ4UW05VFltdlp6cEVQYlNLWUZXZHZ6cGxFTVJvLTg3WnIwS1RlM2E4eTY4dGFmb0dINlRfcnpuVVN3NXhTeWJuci1iSGtvQk5fNlhOdnJHRFUtTUlrY1Z5RmozYnVIMFhsZw?oc=5,yahoo.com,2026-08-07,neutral
OMNY,Bee-Line fare hike: OMNY to replace MetroCards on all buses in Westchester County - ABC7 New York,https://news.google.com/rss/articles/CBMiowFBVV95cUxQX19mWS12TU05eFV1M1Nfank0UHVXTncwZnBpWWx4QWppR0R0VFB3Wmo0X1FvS3VUd0FPR0dhNDFCbWprSnZ0YU5ybDdqN0pjWTA5ak5GbXVNRHpybTdnYllvdTdYSW5UdFZiOGNMR1cxQUwwSi1fYkZwN0t2dzBaUHpkSDRrekRXUzlGNkFidnBxV3JxYW55ME5xel81SVQyMzV30gGoAUFVX3lxTE1FOXpsTmotNEp0SDV5RlJSbXYzRkJ1cmpfTjRwX3dSb2dDb1c1NUF5RnFmaHZvWXY3NkZKTXkzeFd6TWxkSXpBM0pmRWE1a2ZtQndMcUJlMXlVMDFLQUJHeFRVWk84UjFqMjdGUEtSa0lzRVZBMWNzSUNrRlYyWTJ5Y1d2dVFQR2pEZGpDZWFyb0hyQ2I5RlBpeWdYSUhtaFdFRV9BQ0x3bA?oc=5,ABC7 New York,2026-08-07,neutral
OMNY,Farewell to MetroCard: NYC commuters embrace OMNY - PIX11,https://news.google.com/rss/articles/CBMiiwFBVV95cUxPd0dwT0lrRzFTMXY4WUhOckNUa0p4a0tCS0lkOHd3QWE4ams2LVlVeEFRYngtcFpJdV8xdmt1LUY3c0NJM3AzV0xHeVVwTjVlajRjMlRwVER0eHdqZ0V5dlE3dV80bVJVSUtET2tjTTdyWXdsYzZDLUhaSTdFeFg5dWVzMmpST19aZkRN0gGQAUFVX3lxTE1naVlTMExxZkZ4b2tCMWRXaG5uZ0hEVTZJLTR4S0dCdmp1dnVvMHk5SmJqeGVCUUhoV2czZndnT3c5OG11N0JMMG9IV29HT3luamRRNGpERDItTXNzYnFtNHJ6M1dKZVlUYUpyZUQ3Y25fLXJBZXdMNDV6a3hLOXc3RWktbGlPc0hrZEdjQmU4Mw?oc=5,PIX11,2026-08-07,positive
OMNY,When do student OMNY cards expire in NYC? Things to know - PIX11,https://news.google.com/rss/articles/CBMilAFBVV95cUxNMEI3VGxVX0NFMHZlNnJOTWpWeDV1SHVyR2tkZnBpYm12NnVkWmU1OTRucGpBVzRteGFMaHlrT044UVFPTkZPNlN6d29Vd0hsOUNZLVlOXy04MjZBV0VWdUVtUl9vNzVuOHBiZ2dESzFHNEM5UzhFYmNGWTFVRkllRENBR0R2VEdBYnJhWmZDLVB4NjY00gGaAUFVX3lxTE1PSGp6ZGNNNHJfS2pDUWZ1aVRWWkNObHd5WG5LUnRTVFRsc3lDNnd0aVp1NXFxaHY2bDZPeTRmd2l5Vk10VHZOTkl3MWNRU3NKYzJhUU1DRE03VFRNUDdhSXJ5RGplRm1EcVdaanpha2tjWGhiYzVmWVNQS2xLNmRqSDhYTjlQRDB2ek1WY2VlV0xRa3FDLWR4anc?oc=5,PIX11,2026-08-07,neutral
OMNY,"Kids demand fixes to NYC's student OMNY cards, saying flaws encourage fare evasion - Gothamist",https://news.google.com/rss/articles/CBMiqwFBVV95cUxQd3hHMUsya1BERUpDOGMxaVVsZFRMQm1wQlB0UXo0NXBVQ3lKR1dUQVR6VWNUbzk1RmJ0RE91OUVQUDUzVkJjTElJSkR1eG5UZWg0eTR2aFR4WG5ZZHBLWDFMV0pna0lXUU0zdEhmVG1FM0RFdVF5QTdEMC1EN0tjSVZZTDkwWkhWOU41NEVLVzZnNkRoYk56anpUWDA1Y3Q3ZHdVLV9VLWd2dmc?oc=5,Gothamist,2026-08-07,positive
OMNY,"Opinion: As MTA Moves From MetroCard to OMNY, Accessibility Must Come First - citylimits.org",https://news.google.com/rss/articles/CBMingFBVV95cUxPb1Fub29nc0dBOEN1X3EwUk04NEZXS24tX0JQUTJZN3ZRT0lfNTc3R0NMQzFTUlBadWtWTmZtLUpSYVJvUDdHN3BPZmVUYUcwTHJQMUlYb3pxeHNZTG12NFZXS3dmYzVJV2UxYzBmQzRUd3lTdE1YM29RRjktVG5qakJIbTVITGgxT1BIS2FtQTZsSDFuazBkaWF1TnNVdw?oc=5,citylimits.org,2026-08-07,neutral
OMNY,"How to Get a Lower Fare on NYC Buses, Subways and Ferries - thecityreporter.nyc",https://news.google.com/rss/articles/CBMihwFBVV95cUxPaktPRzJ2SFVxMDNSMTVyNnhGMTNqN1h1NFJyd2JkMUlKZHhGb3ZZR3ZIczNLdmxVXzVYZUFIN25kTF9zcnVwQm9Kc0QwSi1xV3R1S0N3SG91ZFRPTFQzcnZXN08yTkRQV3NRWDJYOEpuMmRGSFJIY1MyeXhVNnpjVDVJSTZ5dzQ?oc=5,thecityreporter.nyc,2026-08-07,negative
OMNY,The Bee-Line Stings Riders With a Last-Minute OMNY Rollout - New York City News Service,https://news.google.com/rss/articles/CBMipwFBVV95cUxOTHAwQTlEUDBEUVJXTUdpWHlBc3UyUGxRUktrcURVeHZUbFhEcTFrTlI1a0pndmJkX1hFTTRsaGtlY1VRQ3pWNVpYakhkYXRvZDU4Snk5M19QSEkzcHZ2ZGM1Z08yazN1c0RtNl9tZVkyNXJmdXg2MWNGVC1RdFRUdjZaVVlZZzZOWUVIUHJtellJY2g5YjRTREtOMmRyNjhZajRIWExPdw?oc=5,New York City News Service,2026-08-07,neutral
OMNY,Security guard accused of using OMNY card to let people into subway for cash - CBS News,https://news.google.com/rss/articles/CBMitgFBVV95cUxOQWdxYm15dUtzNjhmcktYQkwwb1JZWXpRUUkxa2xMQ1JGNzA2OFdCb1M4NDZLV1gtUlIwb0xZNTItY0ZwTURQaktGa2E3enJKMVYwb2o5bV8wY3A2alhxdjI3NDFDRGx2VGU3ZXJGMXYtUzZwS0FrUHZxM1dvV1IzSl80V3BuV2l1X2lxcE1zUU14a212UmJKR1ZIaTQ0OGlpZkRfeks3MjgyRmZLWExTUkpYRGJqUQ?oc=5,CBS News,2026-08-07,neutral
OMNY,MTA gate guard caught on camera trading OMNY swipes for cash: agency watchdog - amNewYork,https://news.google.com/rss/articles/CBMifEFVX3lxTFBhOTd5MmY5VTFZZWMyTjg2TmFXT0RpYTZiSl9SM3hpTGZtQmhiQzE0bDlDMjY1T2tIRWxFQmNkV1Q2VVI4OHcwXzRSSFl2MW5JRDVaM2lvbEZWT2ZtRFEyRkc1ODJKV2QzUElWVFZtaHNqS1k0ZFNoMHpxVmU?oc=5,amNewYork,2026-08-07,neutral
OMNY,NYC commuters face OMNY problems just days before tap-and-ride system becomes only option for NYC subway fare - New York Post,https://news.google.com/rss/articles/CBMinwFBVV95cUxPVi0xMkhKQi04ZUlLZmVtSXRPZ1E0a3E4NWhSZG1lVzhkaldFUldfcmxwZXZMeWFHMURYM2FEdkxJZ0YxTkNjRlNrUjF5OXlxSVZmVUkwRmxGMk13V2pUc1dTS0RCZHdINmppclgzdEx2YzVTdk5HUHdIbC1kMUY1MWNNbHRxU29oWTlrSk9FSXAzTXQwelV1aVVsR1lQTDQ?oc=5,New York Post,2026-08-07,negative
OMNY,Push continues for free OMNY cards for CUNY students - PIX11,https://news.google.com/rss/articles/CBMikAFBVV95cUxNOERieXlNeXR3ajN2b3RYUzA3VjUzYTJoYzJDbHNpcG9UeUd1Ri04cUxiSjRJMlk0OGxRQnIwVjliQ3NCeW5HQUdjN0MzMHpDTTZMWTRlMDhtd2NSbFM2YUFEYm0xaVZpempvRkFmb3o1MWVqOHRhYk9nMzdlcURBU2FweXVGQ29kWmJ2WmwtUjbSAZYBQVVfeXFMUHFjSEtjU3c0MnlQWlgyWWdvYTBtQWhLWTN6dU0yQXZnV1VQMFpySGx4OEZGcm80dkFhTE9SU2FHY1VGbmVsd29mMDRvbC1DN2U3RUxJdGR5SE16YjJSem03U0R0ejIwak56c0x2QnRURmxEWm10MlVEWXhPUUYyTkFSdmoyZ1NXbjNaaEpYOTM0SFlHQ0xn?oc=5,PIX11,2026-08-07,positive
OMNY,Some NYC students will get digital OMNY cards - CBS News,https://news.google.com/rss/articles/CBMijAFBVV95cUxPZTlIMFp2dnAyRjZncGVoRER5UlVJWGpsSGxRR0RKazFqTHVxMVFIeXNhNndWSHhNbi01UTFjS2N3YlY4b01qbldTQjc2Vnl3ZXZlSnpJZFVyTmVZUzZZN0VNRGVyWGxXeXZjaHJUNTFhYW5mbnJ0VDhKVTdqeE5aSTBUV1ZmN2pQLTRQUA?oc=5,CBS News,2026-08-07,neutral
OMNY,3 things you need to do before MetroCard switches to OMNY - PIX11,https://news.google.com/rss/articles/CBMilwFBVV95cUxNcFNrUUV4TjNNcFUxbDlBSmVuVzJ5d1UwX1hUSVNJdGQ3TVpzYS00Z2Ztb1BldmdVeTZDOVRKMi1EOXl2cDBhbUdYcHlwamJ1M0F0MllCcHA5T1ZnUEp1VG1WaWp5eTIwTTlyMU45Qm5Cemo5RGEyZWxaWDE1Q0MwNTlPR19WVkRJeE5ZUnF0WWtQNGN1X3lV0gGcAUFVX3lxTE5Pb000bFBocWhseHB2RkQwb1cyeDg4dWRlcm5ReUsxYnEwWWJkLUF5QUdmcktoLUJrVGp5Q2E4M29VV2NBYl8tSkZ3eUI4OTJidFNYQTc1VjNqVW8zRUhWM1hmZFJIOGVpY0pqcktSZFRCa1Z2RS1sNC14b3VKS1JtZm1KVGwtbnVrbS04M3pBN0NUNnF2aXBEc0JkOA?oc=5,PIX11,2026-08-07,neutral
OMNY,OMNY officially takes over New York City public transit - PIX11,https://news.google.com/rss/articles/CBMilAFBVV95cUxPSEpwNURjaFYxd0Nld3I3d1lzR0VWaG94cVcydzhZd1FBOFJqSkRLdGlwem55cEVOUzRZSGtkODdIOFF0MWxSZmxraVFmZ2VPUDJsTHhrQ3YyaThzRUhGTTBfeDk4a29McGxYZEthSTkyVlkwVll5YlNSVWtIa0RNbmlTekhyVkJrU0ZqRVp4QTljeFhF0gGaAUFVX3lxTE1lUEtUQk03emNLbHl6Q2JnMVFuRFB3V1VQaGU0LXc1YlhKSDNINF9tOUZsWjhTekh1WC1vRnZZMW9tMmM0OFZ1VzQxZFZ2d3lIMDh3cjlaWlgtcGNYVXY1UTVuV1lJMDJmY0xSb0NFaWUwN05ZVTZrVGI0dDdxYzdzZmZFcWlubFcwZVEwSTRZTUdUekhJUy1jS0E?oc=5,PIX11,2026-08-07,neutral
OMNY,The MTA Is Doubling the Cost of OMNY Cards: Why You Need To Buy One Now - Secret NYC,https://news.google.com/rss/articles/CBMidEFVX3lxTE5OS2FBT2UyVjkteEh2UTN4LU9XWHNFQzlOY2JvT0lWaXV4M25UN0p0RExzQnZPSTdRbnFwbGlJVk5zU3NRbWx6R2I0TnY5dHJlQXR4blBfel8wbzI4OG5vVlhvenFoTDE0REhEYjlMVUJER3Y1?oc=5,Secret NYC,2026-08-07,neutral
OMNY,OMNY JFK AirTrain vending machines are soon going to be installed - Time Out Worldwide,https://news.google.com/rss/articles/CBMirgFBVV95cUxOWHZNYW5raEdqSGNWLVk1akZpcnhycHNjeWJYYmtneHNCY3pUbXVxcVFSVnhRMm1pTHB0Wmt0d3lJbVBETlJ0b2ZZSjh3S1hWQVJSZ1hCYm9DRnFxNG5WRDZ0MC1OWnlVYnRGcHBkUzJ5eWhpbFVsd2FreHYtU1pIOEJ5MkJxYUZ3ekN0VmNmdnJScVJwTWdLWndTVVJ5c1owel8tbVlidllIMDB4aHc?oc=5,Time Out Worldwide,2026-08-07,neutral
OMNY,Civilian agents with handheld devices are being deployed across NYC buses to verify tickets - Time Out Worldwide,https://news.google.com/rss/articles/CBMi0AFBVV95cUxNRnZLMHZvdXkzR0tMS0VPRTNPYkZYVWpQU0dWYUphdGE4ODBXQWpaN0JQSldxWUY5Y0Y4OUVzUVl4OFViNm41NTBNT1VwYlBFLXYxdy1mSmx3YXlZT0Q2TXhyenVPTXg4TUJ0VW9pem11dnUwS1JfSTNfektVY2R4cHZ6REs4ZFdRVjNfSzZLZDJzckdiSXBGQ3BSd3hKeXZWU0pJNThidk4xZzVfU1E5Uk5wUnVBY2JzWC1PaVJ0aVlrcmRVNTc5WmZkS2Y4bF9Z?oc=5,Time Out Worldwide,2026-08-07,neutral
OMNY,Some NYC seniors troubled by switch to OMNY as MTA kills the MetroCard - Gothamist,https://news.google.com/rss/articles/CBMingFBVV95cUxQYm9XdVdXNE11Q0hjY1R5Z1ZVUkdJbzdwVTN2Q1lHTG9lcFh2RG9mb3UxcmxhNHlwR213djA3bzcxbzBKdGZVNHdkUi1CQ2MyZjVUTWFDX1p6cG85M254dU8zZTU3Z2lNSUZjdWNxaU0tUmk3LVpYY25OX2h5WEdaanNXQ1VxT1liZ1kxUVBqZVkxeU5adDVIdnltX2JNQQ?oc=5,Gothamist,2026-08-07,negative
The L,What the record misses - VCU Wilder School,https://news.google.com/rss/articles/CBMihAFBVV95cUxNMjFzY3hUTnE5M05CRnVISjAzUUNMTjZBVmZIVzQxT3ZDZ3lyc2ppM0Q5V1VNN3RKTFA3MDZ6aHhRWEktOVNHNVBvUDItcVV0NGhwMWlxUE9sM3NQYXY3dV9TNWhsQ0ZfZnpfZHg0X21DZm1ab25aQ2VfWUFSUnQ2SFBGTXQ?oc=5,VCU Wilder School,2026-08-07,negative
The L,L'Oréal - The letter to shareholders - N°91 Spring/Summer 2026 - L'Oréal Finance,https://news.google.com/rss/articles/CBMif0FVX3lxTE5PSDJtbkZaVXV6TzhzTzhvbnQyZ0RnY0JfZ0p4OXZ3R1IyOXZ5UjQzcjJ0TXdSTV9TSDI1emdRQ05oSnFvVzJhcTJuNkxwQlY3WHcxaUp5MW1QdXk1MmVYY0piaDc3emtLeG1Dd2RNaFg5RVNzMlBaZm1xa25LVDQ?oc=5,L'Oréal Finance,2026-08-07,neutral
The L,On the Circuit: l’Eté du Vin Vintners' Tasting - Nfocus,https://news.google.com/rss/articles/CBMizwFBVV95cUxPM0xGQjBnZDNhNUJ5d2owM3JKcHFaZHBRd2JHVlJ0V3NvLUhNYjdXMGZoRGtaUzk2blRMNnJHQVJTdmxUcUdXMjFQc01FWUxsWlNGTF9RbHFtZFJKRzVHeTFOVHloSjA5QnYxRDd0SVR1WDNYazhxUGlXZmxJdE5CZnhpbEtUM2p1MFFrU1JWa0tUREs2UXphQ05uMjVNdHVHcEFEZTg4RExoaFY2MTJ5QkFRTFNsaWNjNnZWZFB1dnY2aGw2X19FQXNoTHQ1d0E?oc=5,Nfocus,2026-08-07,neutral
The L,Sanderson Field Airport Open House slated for Sat. Aug 8. - Sault Michigan News,https://news.google.com/rss/articles/CBMiowFBVV95cUxPOUhuSHc5YUR2VF9DSE1nRXVCLWsydHFwRFBJU25NNUVtWm5CNGVVeTFBQVpWR3ZLb09nb2V2U2pvUGxUYUxkbVhJbmNxSmxqT1NQTW5ZcDRNZmp5NWE3Wm5MRkpnT0dzRzBEMnR3cjQ1ZGVRY2I0N1owWFNpY3ZvX1g1cmRPcEpNMURfdXBCTlVlbDBjVjl2VUItMVZQbjV6MmRN?oc=5,Sault Michigan News,2026-08-07,neutral
The L,L’Oréal appoints Rahquel Purcell as North America DE&I chief - Premium Beauty News,https://news.google.com/rss/articles/CBMigAFBVV95cUxOc2ZHc0l1bDFudFA1U0xCNzltWlZPNVE1X2tvZ1pkeFAwZEtaTEIyaVYweDVVVnVGekZVN0xReVlwcXZsNENkX0RGLVpKZWhkdk5EWG5LV2ZXeXZnZ096aVNtT29tXzV6Q1RxRmtSVXdxM2lfeVBhcjV3Yzg1Z2tUWg?oc=5,Premium Beauty News,2026-08-07,positive
The L,L’Atelier 1664 Brings The Blue Hour to Mumbai For An Evening of French Style - Roastbrief US,https://news.google.com/rss/articles/CBMinwFBVV95cUxOcnBMUkZhVXcyVVRLdFFRUjZjNWZDc1dJamEyTTdRdmZwMnBUY3lMNU1heWROdVAzaEV1emJJaTdXZ2kyS0RZeThpR1REY0E5OWlhcHVqVlI0Z2p4OWh2OWdpelNNSkJxMjBlUU93clNwWU9KaUdOUkVUZVJRVnJCb0NJWGEtWEhscEJLcXJMeURXanBFSVIzYnh5UWlua2s?oc=5,Roastbrief US,2026-08-07,neutral
The L,TSP investments continued to tumble in July - GovExec.com,https://news.google.com/rss/articles/CBMilAFBVV95cUxNb2ZBZWh4UkkxTzBQaVZ2SF83WVJCYktReVBkZkg0R0tEdExBWWVjcjE5bk5iMUV2Zk42ZWFqakgwM3l4Mzg3SGN6bnF2SDFjZjVjUnlTNXRoSWROaGEzZXJBR2xXY2s5a1QzcnNyc2NlN1ZNNlZFRGVtUDNoNXctRXVncU9sYlp6b09BY2pfWmhHQmwt?oc=5,GovExec.com,2026-08-07,neutral
The L,Police confirm missing person Eldar Dayan found dead near Petah Tikva - The Jerusalem Post,https://news.google.com/rss/articles/CBMickFVX3lxTE91ZVVPLWs5N2lpdGdqZWFuWXRVM1pwTkhYREU1TWl1eGNQeTZyYmwtczEyVlRiVTd3YWQtdE1TbXFzM2p6MGhlTmhtQzFxQVBCTUNlV2R6VUh3LTEweFBFSkljRkdPRVpzWTYybDNHSXVnZw?oc=5,The Jerusalem Post,2026-08-07,negative
The L,Church of Scientology breaks ground on L. Ron Hubbard Hall in Clearwater - wtsp.com,https://news.google.com/rss/articles/CBMi7AFBVV95cUxNcUhrczRxLTMweXFobXBET1V3NGNQT2Q2U3QtV0V4SXN5dFJrZGktRUNGZ1NNcWxhc0lrb3ppRHlMaV80ekxrcVN0dlpFQWhqRUtNVHRfNUdJdEdrQ2lSbnhGQkpWc2xNUXg5ejh6anRSdzNWSUJvXzJ5Sm83MU84cGRFdlk2SHlxbjNWdDJVR2s3OVY4bDhpdE9QWXlRMHhQNDBXanA5RmJZWTIxOHRGWmtfLXBtdWZJWGhwWlZtdmQ1SWNoWFl5Mld4REdBUzROeXM4a2Y5czVCNmZaUEhFRHFMQU5iek1wU2hPXw?oc=5,wtsp.com,2026-08-07,neutral
The L,View Exterior Photos of the 2027 Tesla Model Y L Launch - Car and Driver,https://news.google.com/rss/articles/CBMingFBVV95cUxOVHFpTXhIMWtIWFlrbV9PNjVqMldPaTNrcE9aX2luNG5ZSlFVa1FyUzhLTVdFY05oTE5Lby1MQ3NrZXJ0dG1abTZJeGktUGNtOTRUSFFHc0hlNUxZeE1RT1cxYVFRTWNSZ25CTUtDWXVFSnVwbmdWenlrbmR4em1ITThNdDROQW9wa0pTZzRETm91WENra25FWUd1ZU94UQ?oc=5,Car and Driver,2026-08-07,positive
The L,P&G buys supplements maker Thorne as health and wellness push intensifies - WTVB,https://news.google.com/rss/articles/CBMinAFBVV95cUxQcm94QnZvbkhhb2ZuSGlueS1iZmp5M3VHT05lU0ZPQWVXLWctVzFMTWNxd1RURm8zWWJMQWFRZTdFeGhjT2wxem9XRmg3M1ZlcTBsZHpjWGtha09Dc0tiSjJ6cGR5ZFJCS05sd1R3TlVyWnBZQjlhamExNUxJOU9PNHN5enpNc3B5NEFJclVUMW5heEd2YjhxbzY3c0Y?oc=5,WTVB,2026-08-07,positive
The L,7Artisans’ $159 AF 40mm f/2.5 Comes to Full-Frame L and Z-Mount Cameras - PetaPixel,https://news.google.com/rss/articles/CBMipgFBVV95cUxNdC1GaTZFWGdXRVF1UVlKMHlCUUJjcmJHR0VpeUo2VWZWUkhmdHNNeDdyUEFRajlmamdXZEdpT1RESGc3MGJnUWUydVJ2TTYtUFZxNUpKRUUtSHV1aHAxWVdTQnBLeHFkcUJ6LVVOYW01RV9NTFlfSkFzYnQwdGlSQzBHdEk3WXo0Ui04UmxrdlN4c1lGcnhveHhSZ1pQcTFKeHdZbm53?oc=5,PetaPixel,2026-08-07,positive
The L,We Drove the 2027 Tesla Model Y L. It Isn't Just Bigger — It's Better - Edmunds,https://news.google.com/rss/articles/CBMigwFBVV95cUxQSFBVb2ZrRTl1RzNhNC1IVGw4d0NpRUdNaXRfS1ZpUklvUHRfSHlGSjM1cEdOMF85SW5MeE9WQkU4MUhERnc4MDhiYVE2SzJGU2hPcEVjTWlBWndGWXkxVUItTktaUGxQamR2d3ZmZ0hCQzVGTEJhcHFmeGhBLUluM3Z4QQ?oc=5,Edmunds,2026-08-07,positive
The L,Looking Back: Planning Board not feeling the love - Whitefish Pilot,https://news.google.com/rss/articles/CBMilAFBVV95cUxQMXVXN0lJa05RNGd3a1Z5ZGZWY3RYakRzVG9kSC1NenI0MDZKYnp2bDJKeGJNNllGU2o5eUMydmEtanR4MW1wMWxzaFV1NEtPWldLcVh6WUlRSEo5Z2V2RnhwcTVyMVkzUVZaVUtEbHk0YUtpM0tpVndyWl82eWFpcHluZnB2ZkU0X2F6MU9TSzF6YzVr?oc=5,Whitefish Pilot,2026-08-07,negative
The L,"L’Oréal names new Chief Diversity, Equity & Inclusion Officer, North America - Cosmetics Business",https://news.google.com/rss/articles/CBMiowFBVV95cUxQaVc4MlgyeWdnckFLcHRjVDBsVmJGX0xjeHpjaDgtdUtqa1hicmZfZEphd1o0SU5JTE84dS1fXzQ3LVFkeXBkb21EY19XQkdQSUVKQWZfM1FNM09uYnpSUFJ0VkRaZXQtbXpMUjgzOExPeS1SVFVBeTRwOWptRUxYWGxvMDBxTjBLd2ZjUk1jMGhZOTBEbEw2cWJfdGRQVFA5UTVF?oc=5,Cosmetics Business,2026-08-07,neutral
The L,Quote Of The Day By Diane Keaton: 'What Makes A Heroine? I Think I Can Answer That...' - women.com,https://news.google.com/rss/articles/CBMihgFBVV95cUxNdkdVZDRrMWtrdjJHeE04dkItOVB4Zk4tUmhFWU8xRXZEOTkyOGN3akhXZU1wRURPQkZqbm1jTWRocHR5aG5yc3FIcEo4MlBaMEVmb215ckRKMmJkdjdHTW1TX29ZSVdSZXpJVVUzdXRjVldzNVdDcXE4ZGlPeVdwWGdiR3VUdw?oc=5,women.com,2026-08-07,positive
The L,Ray of Light: The brilliance behind Mikimoto’s L’éclat high jewellery - vogue.sg,https://news.google.com/rss/articles/CBMiXkFVX3lxTE5neHE0U3JwRTdtSEtmbnp5N3pGRWo2akdoU25XRVJfdndBZ2dJWDRXRU9pcXdSdDgycVVRQ256UHhLVldHbTdJWTduZktIVmJMQnlwRWVLSFpEYzZUSXc?oc=5,vogue.sg,2026-08-07,positive
The L,L-Acoustics L-ISA upgrade transforms Wave Church audio - worshipavl.com,https://news.google.com/rss/articles/CBMimwFBVV95cUxOeHRKX2xZZTh2QmhxMkJEM3F5dzhmVUZlb2g5LVhDcjdxQ1N1RF9raVliWko2dWNmaXNZMW1fRFo1SzFCZlpNaGdGWFBtSUNveXFHU0lWRy1IcWZXQ1BEQ1dab0dfaFR6NWt0alRPTm1RRkh5NG5na0pIWEV3bXJqX00zdUVSc0ttdk5nZEIxT3RzQkU2Y050V09EWQ?oc=5,worshipavl.com,2026-08-07,neutral
The L,Susan Gooden appointed chair of Virginia Retirement System Board of Trustees - VCU Wilder School,https://news.google.com/rss/articles/CBMiywFBVV95cUxQX240QnlLNkRiQ216eGpkZU1aWnlxR0ozTnFBZjdwbU02UVQzeG1kYWQ5S3g3RjhCOEJxLTItYU9pSnV4VW15eVF4M1otQnhOcUVVV2I2aFBMMFBLR0VoX0VLMUpzRDFCNThvcE91N3pZcjZqSkktMF95MW1rVUd1V0ZsV3BxMlYwbmExaktHcnFfd0JGQUx5TWhwQkhmNklLNnB5cUd6SUhiaDZQcnhfSkRKMUhlTlY4dFdoNWxmSVZqOHFEZV91UUpabw?oc=5,VCU Wilder School,2026-08-07,neutral
The L,Fire broke out at L’auberge Casino early Monday morning. Here's what happened. - theadvocate.com,https://news.google.com/rss/articles/CBMi0wFBVV95cUxNWlNVU2YyanhvdXRaVjFDbnAtQmhnNE5Zb0syQS10X2VzZ2VXaGNPNHp6YWd5TXI5SXk2S01yc3lJM2NLVEZveWFoTWl2NmxVbHBvUV8xUUxyYXN5TG9idWxEYTlTOG9hUEZ4VFhXU0FhUlZKTUk5UnZNN1ZWcU1wQ1YzLXA1UnQ2cVozcXYySF9KQW15ZTJhdFNvTjdsTE5BUlZrZUtfMlByMW9oX3ZnTGVHRFo0dUhSbHJCUFBnQnp2YkFUMWNXMzNHRjJ5M3RJeHpV?oc=5,theadvocate.com,2026-08-07,negative
The L,"Rahquel Purcell Named Chief Diversity, Equity and Inclusion Officer of L’Oréal, North America - Yahoo Finance Singapore",https://news.google.com/rss/articles/CBMijwFBVV95cUxNMDdzeEJjdnI0b29JRVZHLXV5Y3JYMUJrdzlVbXRYakZvNkhqdnlmbEdyQVRtakdndHViYjJVOXBfMmg2Ym1idjlqeTlGME1lT2paXy1OLWhDa3VzbWh3U3U5a1BDV0lEVVM0bk5obUMwZ011bkw4a195Vld4aG92NXpMMnU4QmxGcmdkTlM2Yw?oc=5,Yahoo Finance Singapore,2026-08-07,neutral
The L,Modern Human PSPH Gene Outperforms Variants - Neuroscience News,https://news.google.com/rss/articles/CBMigAFBVV95cUxQMXFfSHBNV25Ua25wV1FBc0pxQTBnTHVvMndXSnBnVDhXU0NkTXRiLWhZN1pLWndZY1BQZkZia2hGX1IwZzFZbFBDdVhYaFZ1bmJfalJyOWg3MHl3MkJfOVVDUFJPVVd0aV8wUENsZjltZUNvaHdGQXZ1T2I0clBNcg?oc=5,Neuroscience News,2026-08-07,neutral
The L,"At colleges, the AI boom means everyone wants to dabble in computer science - Taipei Times",https://news.google.com/rss/articles/CBMid0FVX3lxTE9XQ2szcXdVUlJYLUxWNjkwUWF0WUhBSWlZcXA5LUpCRlJzY0hPaV9OZkZXSF9PV01QMmw2UWJJd0QyQllwSHIyMmU3Zkd3NTE5ZEZoTnNNa1FuVWxULWtpTXRsMDZiTlIyaHNydzZGTTBUT3JKd1FF?oc=5,Taipei Times,2026-08-07,neutral
The L,Human remains found during search for missing Israeli Eldar Dayan - The Jerusalem Post,https://news.google.com/rss/articles/CBMiXEFVX3lxTE5NODBWaXltbHlsU2tjOEl3WFBnQTJYQ08yQWpER1dDdE42SDBSN0txOUI2VmR2cWl5dndwLWg1bTBOQnlZTE9CallFLWRQZFRJTWZCVFlpd1JPR0Vr?oc=5,The Jerusalem Post,2026-08-07,negative
The L,H-1B Visa Renewal Change Could Cost Companies Millions - Newsweek,https://news.google.com/rss/articles/CBMikgFBVV95cUxQMVBQc0pMb2xkZXFWQnJTVzlPN1Y0b0RYX3Y1UDVwclo1Tk5ubkRrX1pGTDU4OHJiSEhuZWFBenJleThSQ0IyM25RTHUzVXExN1BsQ204ZGFHb0lfYWxEalhOVExKZ3VRN0VGXzVMR01UenJDLW1mNjUtN1J4TkFGQzVCTmVic2NLeF90Y0xfcFd4Zw?oc=5,Newsweek,2026-08-07,neutral
The L,Robyn McDougle named interim dean of the L. Douglas Wilder School of Government and Public Affairs - VCU Wilder School,https://news.google.com/rss/articles/CBMi5wFBVV95cUxQMXo4bDAzc0k2eXE1MmU2eWo2OFZYYnBpUHZyS1J6TjZLLW8tTWZObjM0NzdIeEh2MHVGaHM4dzF1Vkt3ajJEQXBjSVBKdVEyMWpKUGdSSEdEcHdaY000RmY3aFM4c205eUp4WnZLMExTY21ocDNwZlNoTWVXRmItdVRUUm9DM3p4YURNdGprZmwwYWl6YU82aXpCbURDWmVITE5jdi1sbGRHS3BFM0RyVTNOSzFPcUFkN01ZWmFUX1FnY2ZnWk92RGRZM1Jia1YtS2RyWmpFR0l1NEFvOXM1eVVOVm96TzQ?oc=5,VCU Wilder School,2026-08-07,neutral
The L,Prestige beauty outpaces high-end bags as China's luxury spending evolves - Reuters,https://news.google.com/rss/articles/CBMiygFBVV95cUxNRVZRdTNOTzRfYVlvOTdBM3I5WDJSNndyTk44TkMtaTVOR0t3cVpraHE2SEMtYnNmeU91WnAyWlRSZUl6dXB0Yk8xa291WGg4RU9GUGQ0aEc4VHhGMkNNdzRJLVY2NHU2dG5lOXdtRGtieXRJODFNVHRxRndDcm5BUTZaNV91NVJvc1NpOUZOOEZLRDZCblJjSXhYY212NmxIZGhkNmdRVlZXQ2RCQWNwLVRPaHR3cTJoTUxXWVRwcHp2cDFJM0JjNEtR?oc=5,Reuters,2026-08-07,positive
The L,Code 1 Aviation Named North American Sales Partner for Aero Vodochody’s L-39 Skyfox - Vintage Aviation News,https://news.google.com/rss/articles/CBMizgFBVV95cUxPYW9tS2I2WlN0NHBydkJSTEhIUnZzLVVuX2w1YmdKXzVET2w1NzQxYUpOYWdaTkEzT0pBRnQyUXFZNHhYTFY0N1dndWh0QVlRWk1UR1h2cVNZMWEyM293WUxsQmFyczNIYm9aMDM4a3dYa0J5TE5ZckxSWk1YemhZN2MtMjU3WExKc1ViTHpYc2V4d1pwMHExQTlKMXQ1M2xhSHgtNG5LRDV5NWFZTHVHcHZiSmtoZkR5UWg2OE1Nc2tVTkE5eC1CSUFfVlBPQQ?oc=5,Vintage Aviation News,2026-08-07,neutral
The L,L. Ron Hubbard Writers of the Future Podcast is in the Top 3 of 100 best Writing podcasts in the U.S. - EIN News,https://news.google.com/rss/articles/CBMi2AFBVV95cUxQY3JieG1ON2lBaG5NemlEYV9TekR6dTc3UU9PRVZJbGFzWE9iNG9iV2pkRnkwcTBEUUxvaW9XMlRfSlZfcllobzJINTFnak9QTThXbm1qSW5yS0NvelQxZWJHTHJDUWR3MDVoaUxyU0hET0g3Nm4teV9UQWhtV2ZjX2pRd3hlZFBkTGZEZ1lydzk4cnpaWmJtQTVrNEdjWE9ZYTd1dlJlQnlrN3dXUXBpY0FIclZsQklYN3FVdlNPOW1JZXl0RTFnZWdwM1dhbXJBQmFkLWNaV1I?oc=5,EIN News,2026-08-07,positive
The L,"PZL TS-11 Iskra — History, Specs & Photos - MiGFlug",https://news.google.com/rss/articles/CBMiZEFVX3lxTFBlX19kc2F6N1NHMUVGMUMzczhEbXJ1d25yeDhKNVRQZlRYOG1mbmg3SmhQdkZwc214U0Q1ejdhQnM2T0tsLUdHMVE0ajdJUF9pQjBHZGdtTWFHVWwxX0RqTWd6TEc?oc=5,MiGFlug,2026-08-07,neutral
The L,View Interior Photos of the 2027 Tesla Model Y L - Car and Driver,https://news.google.com/rss/articles/CBMingFBVV95cUxONDRFdjVHY2NwdmZGV1dMNDc2TXlpM0IyaGpRN2h6eVNZUU11RFhlS2xHeWRUZHJnS3YtNG9pTkJ1REZ2WDN5Tm9CNlUyWFkzOHRtQnBxZUhSR0hvaUtXY0JZM1g1UmZlTzI5TnhsNkN5aEtJczJPUkMzTUozbTF3QWc5QldNVHNjb2dLbHg1OHA1Zk1EUTNmMTZpVFJkZw?oc=5,Car and Driver,2026-08-07,positive
The L,Cruz takes the 'L' -- but the Yankees' offense takes the blame - mlb.com,https://news.google.com/rss/articles/CBMihgFBVV95cUxPZ1lOU0JQYUd6Mlo1blNCWXEzbC1XeUdOYzhJcWxzbDV2Q2VZQlY3bkd3RDVlb1BlTGJ5YWJTdkduV2FNVUdzU2JRYWdPcmdUX2tqYjVwQ2thM085Q2Vob0lFMDZid2xsTkhSR1IyYVd4MDhnXzJaQ3NONUlTUmpKZGJzVzVJdw?oc=5,mlb.com,2026-08-07,negative
The L,Back in the “L” Column - Covering the Corner,https://news.google.com/rss/articles/CBMingFBVV95cUxOTllLazlaX2UwV05yaThsaGtRSm9VMmVnZWhpb1ZaNUxRcGJSdUVSU2pvMmVWU21OSHVUTWpKX1RNMTIzUzJtcU1mNGxFQ0VIZzBlQlVuc0lCQVFDY0JHekg0OEFMemVhZ2xyRFFsWkF1RF8wakRBck9QMVNuNlNyOTRIN2RhVmEyYnVpclRSRDhxaEZnbjRxTFdUNE5JUQ?oc=5,Covering the Corner,2026-08-07,neutral
The L,Chesterfield Twp. voters reject parks & recreation tax hike in Tuesday’s election - Macomb Daily,https://news.google.com/rss/articles/CBMimwFBVV95cUxNZEtGVlpsYlhpcHRnRjViMFY2UXJTWWEtOE9mV1NIeEV3TEpxSWlubmNxZ0poVG5ieDJPM2h2bEZZWDRBa3lueUdpX0xDMEhxYzRMM055aFFrWWNTdmZEeWhfdnYwcW4zNFdmc1BnUmFPQ0s3UExaRUVqa04zYm9rbWlkNk9LWGZmOXZycE5nbHhITkIyYzBCcEhFOA?oc=5,Macomb Daily,2026-08-07,negative
The L,The L-Fund joins forces with Coachella Valley LGBTQ Center - The Desert Sun,https://news.google.com/rss/articles/CBMi7gFBVV95cUxOZURvYmtqemhGaExjM2RyV0Zuc1BQdUdmMlVjb3R1NG9pV1AycjBkNk8yYjVoc0s5bmV0ZG9SSTQ5OS1ZT2o2NXlvdjR6WUNqVHlvdHhmR09XVEg1ZFJNRFN1cHpEOWlsZTZ1U2Vrd1RjaXpmMGVPSGc4OEhrZFVwY3pOOXRKaWI1ZVJXcXZabTdMYWFwVWdIeUdsSUltZWxMS3JSS215dW9aTGoxTlZfOURKeUtiUGtmRU5uYnhOMl83OXNBMjZpNTJRR0FvM3paSWtQTnFOUlplcXBWUTJhcF8tS0U4akZOQ2hOdEt3?oc=5,The Desert Sun,2026-08-07,neutral
The L,"Reel Thoughts: ‘Love Island USA’ Season 8 delivered the L-word, but not much else - dailynorthwestern.com",https://news.google.com/rss/articles/CBMivwFBVV95cUxPSFlPNGxjWUlrcEpPYnhxcFh1ZnN2bzFoWWtHeDFIakxXX2xlYkc1RDhuUG44SnI5QldiZlQwV0JHYzJ6dk91UHhYT2V5aWhCRzI3N2Y2SktOVmN3UXRTQzQtbDA3c2dIT3B4akdLNndDWmpJQXB0b3ZjYWpuYmdfcUF0dEFCaGhOelRoR2RZZ0o1RFBFSDJ2U0tvWDRIX2JocVhnTWxTbGRaTE00NnlXYjRsbHNlSHVLb3V4a093QQ?oc=5,dailynorthwestern.com,2026-08-07,neutral
The L,Giorgio Armani taps Jonathan Bailey to front first men’s fragrance launch in 20 years - Cosmetics Business,https://news.google.com/rss/articles/CBMiigFBVV95cUxOQThyM1hmeGJOTGlrTWxFTFQwOFVpNXdOcTZBYlNQa2VKUkxVSUhDWjEzN1dnc2ZSdFU2TEg5ejFmTW9IdzlCQWt0cDF1bDI1Njd3b29hSWVSckNIamN5YjM2c21SaHlkZVBUU01SdFdXb1RXbnA0WURqMVVIdTVpMDVmTXptNldXTEE?oc=5,Cosmetics Business,2026-08-07,neutral
The L,From The Archives: The L-159 Flies Twenty-Five Years Ago In Aviation Week - Aviation Week,https://news.google.com/rss/articles/CBMikwFBVV95cUxPYUd2cGllT2RRdVJhVkJDMk1QeXFYejg4Qmt6R1AwdUlMRnY4c2t0Z2JiMDQxUXFoREFITUJMZElCd2hGdThMVWtMTDJMUzFVVUVKdEd6OFR0WkVsVGRPU1k2T2pqalZPMjIwQW1mLVZLUjY4WWdGYnc4YmY3akszeGU4TXBrMUd1U0JyeVNnX3hFYlE?oc=5,Aviation Week,2026-08-07,neutral
The L,L’Chaim: Schonbuch – Freeman - collive.com,https://news.google.com/rss/articles/CBMiWEFVX3lxTE5HazZ1c2dTbXFsTkQyQmpWamFnV2Ffb09hZXRhMW9Pbkk3b1NqZlBDaktub3pBUlpESVJUMGFWekc4YngzTDR6aUY3MHFuN3NKWlJ2aDJzbDI?oc=5,collive.com,2026-08-07,positive
The L,Urban Decay taps Off Campus star Mika Abdalla to front new Ghosting Trio collection - Cosmetics Business,https://news.google.com/rss/articles/CBMijgFBVV95cUxQb1VUeHY0VGdCSm1MVnBQX2RBTWU5NTNfdUQxRko0VHBfTTVyOWxIb1pWSUh5Xy1OVks0aGxvQ0REX2hhLVJQVGlLdmtnN1MzaTZzd2RRWVpaMUt0cVZ1MGM5WS1tOXZsZlhIYnhuTXo3eDV5ZVlXWE5haGJWZ1poYms3LTRkYnIzQ2RDb2RR?oc=5,Cosmetics Business,2026-08-07,negative
The L,More Than 40 German Valuation Professionals Join Newmark - Stock Titan,https://news.google.com/rss/articles/CBMiuwFBVV95cUxOUEIydExHNlNBNUpGbXlOMlJObGZHMER1bi0xaDhWR0xWalk1eU9tSzdGcjNJM3RkR0R4bUo0eUdpOEtEelZaSzZlb1ZIVVdOVjdzRWZkVzFJNmJLdVdvaGdMeDZxMjZ4Y2RnQkw1ZEc0ajFCeU12U0NZWXlnbHJxcmlOeFhmaWVDbUgwaXRxWkV3Y2RPZ05IQmRQVHVHOFUwM0pYQ2ZlS1VKbTJRYkJnNGNaOFhmOVlNbUYw?oc=5,Stock Titan,2026-08-07,positive
The L,Scared Of Tech Stocks? The Solution May Be Easier Than You Think - FedSmith.com,https://news.google.com/rss/articles/CBMiogFBVV95cUxOMVRQeFlWVjltV1lHRE5XVjZTTHlfZVlVb0d1VTk3cGpUTEZfN1VFcHl6RGMzYWR2TGZXZHBXYVZPVC1FYWR4T0wxbEh3alBFeUpnbGJfaGNfRlN1YW5YUERpUDlXbHcyNEhqcVBtMTZzTDJYV2tocGJzSmgxYi00ZlhiTmJfMWlKaVJwOWZ4MzlsRy1yMnF2WTEtaHpwMERISUE?oc=5,FedSmith.com,2026-08-07,positive
The L,SPY RANKING There Is A Consensus in the Spy Community That Slovakia Has The Worst Intelligence Service of All Europe - The Baltic Sentinel,https://news.google.com/rss/articles/CBMi5AFBVV95cUxQZXFwODRBR1pEM2xkejZjN3R3ekhPdjJaQnhNa3AxVHhWcm5hcnF0N21xTThPU0xyQTAzRWtMUTYtd3dUUGZaSGRZRFJqUVk1dmFNWlhPcEpsb3Q4bnlDNU9xWC1XTjJDTVZlWFhRQ2tsVWVJeGI0d212SUl0SXpUWEd6WUZXMVVMMFFzT1h1eWdsdDd3WlNHMEM4Vm9kR0dSMFRoU1BqbDgwVzRzZ0ljeXlleU1MNm0xVWpUS2Z4Z2xXWlNCOHRab2J2UXlCdi1WZlZfRjVJWWt5SHBiQmVoNUtpaDg?oc=5,The Baltic Sentinel,2026-08-07,negative
The L,The transfer of the surface right in Girona allows for the construction of 79 rental apartments without selling municipal land - APD Noticies,https://news.google.com/rss/articles/CBMiiwJBVV95cUxOSWdud0FwY2dncjZyZWZRLVc3UTI0NkNGYTN1dmNia3hfVzFRNUVaa3k4QXZMUEUzaktjUk54VW05dy1RQWM2SXQxVVBRNXJMWnM3Z3JWcjFpSmFEdTNyZFlOQjQxUzNRMXhKWDdaTVBoUEF2djF1Yi1vQ25DMDdrdzNFOGlYc2xOZXNVMzlhcms0akJoWnRPalMxVnd1bUlhZGsxeUZUOHRZTENKT3ZiRHN6ZmhpZTFzdzVkX3IzTy14MHJoWVhrS2RCY1ZUYk5HY0k5U3JabXdWc1Ywcjk3TTM3aGtTNnUySEs0RGlJcklFUjA3anZCWXlyOHlYM2xPTzNhVDJ3N3BRblE?oc=5,APD Noticies,2026-08-07,neutral
The L,Keep Your Hair Frizz-Free With These 6 Products - L'OFFICIEL USA,https://news.google.com/rss/articles/CBMixwFBVV95cUxOTnllY1lEaHpIOHlzSF92TkZNbEdVM3VlQnhmNVpCMWx3NzdHVTYtWXNROVFmTlFIWU43TlhGZ2JDc1hqcUZOVXF0dEstWi0td2FUdkN1TmsyM0lER3JsSm5iQ1NLNmdxYnZuMjQzbG9GSEZ2Y3BRQ055eVNJWklCWTdfTlVUOTFCNllPM0psckFKVlZBTmJyTVhuUkVJS2tGWUpNQlMwaGVOcUNIOVYzQTBWNUMycnFPWUhlbjdKT0oweWFkTlln?oc=5,L'OFFICIEL USA,2026-08-07,neutral
The L,"Victorian State Voting Intention: L-NP (26%) and ALP (26%) level on primary and ahead of One Nation (23.5%); however, L-NP narrowly leads ALP on two-party preferred basis (51% cf. 49%) - Roy Morgan Research",https://news.google.com/rss/articles/CBMijgFBVV95cUxQQU1UaGx6dlBDMlE2aHNUOFlEem10ZDRqOHBfR1NfSzdOYjVveHpqQk9vRVJiZV85R3NVcFFTb3hpZWhvd0RUdjRpcE9LRTJGR2ZJN01DbWFCcmpsZXZlYU9IMWpJRjBEdVp3WExrZmNnQTJqY0NVdUg4dFJRd2lmNjV5MnI0X0RkQmJMNUFn?oc=5,Roy Morgan Research,2026-08-07,neutral
The L,2027 Tesla Model Y L First Drive: X (Won’t) Give It to Ya - Cars.com,https://news.google.com/rss/articles/CBMilgFBVV95cUxNcFlxdTl0ODRZVlczZkpjcU5jcl9DazZZcnJNelQ5cnRhM2V2ak1kVEdRR0dndDdiS2ZuOG5MRkFzNW1xR21UTEdsOGF3eXM1Z3JsQ0JVQzhfUTRFbWlUclhFNk54UEdsZUNEejJVLU9JdUxPOVM0WlF2QUJBakdqeVBGTnJoU09yZGVvTkRLUk5Nc2doUGc?oc=5,Cars.com,2026-08-07,positive
The L,I Might Cheat On My Partner: How “The L Word” Shaped My Pubescent Lesbian Brain - transyrambler.com,https://news.google.com/rss/articles/CBMitAFBVV95cUxONFREdnFKMVI1dGdTc3ljTmVQSU5VVWxpV2lock5acGVWTldBSnl4RWdRSmRFaVNLMXN4amNIOUNlTXV3dHhkODIxQmltdmNucGw5Q1g0ZnRqRG82X3VzOFA4M1BGQmF3d01OaUVucXhxekI4S3otVE5fTThuVEVxWUl2VGFRal9KYmY0NUg5RzVXcnpjZHpDMTlrVnlYZVFIRkxWamZoZktlblNncUlZWVMzOVo?oc=5,transyrambler.com,2026-08-07,neutral
The L,"""SBC versus smoking on the CTA"" part five: Posting pizza-themed PSAs against puffing on the 'L' at every Blue stop provided a slice of Windy City life - Streetsblog Chicago",https://news.google.com/rss/articles/CBMilAJBVV95cUxQQ0czMTVrZUxONVN6QlNOOWJOa0l3R0xvcjB4MG4xV09rWXNKaEl3ZzJ5T2MyN1RiTUxvTk1NXy13Q1pUdXV1SG1oQW95d0JtNDdVQ1pfVVBGWTRmcmE3aFJuanZ6Nzc3XzdGN3ZWTk9nLUYxaVZ2MjJZX2dJUHJJOXFCZFU1akkzQi1UdGdQSDRkOUNpS1JjN0FMZGlod2pKeURNM1d1N3YzVmFNdkVRYnpiRno4a2V2OUl0U1AyUHlvMjU0QVBSXzZrX2kwSUhoWk40cTM4Y1VLdEw5a2RqR2RCUlhLek0yQmprOHNCLVJfV0JvYWx4YWx1dXdoODBYbDZVTVZFczZNaHczRjFOVDZxcE8?oc=5,Streetsblog Chicago,2026-08-07,negative
The L,Robyn McDougle named interim dean of the L. Douglas Wilder School of Government and Public Affairs - VCU News,https://news.google.com/rss/articles/CBMiowFBVV95cUxQd2RmQkhnZk5KcTh6V25SMk54aS1aalFwVTdYUXJLTjRUN2s3eEdkQ1J4SEMtTGx4RlRRSl9NOERfUE5sdjNmWVV1NWNWN3VuTC01MnM2MURPMnlkVlFuYVl3ZDlBbnRxUnYtWjYycXliYjJUUmR3ZHVXb1RmMlFFcm1MYUhZVmVsLXhkQlZhWTRWYm9RY3E5aFlqOGxCZTZ4N0gw?oc=5,VCU News,2026-08-07,neutral
The T,News - U.S. Army Yuma Proving Ground personnel test T-11 interoperability at home and abroad - DVIDS,https://news.google.com/rss/articles/CBMiuAFBVV95cUxOdUpVckx4VUR2U3M2eDJfdVJMMGJXZjhrQTJuZWxZV29BS2JVV181RFBRYUp3blUybUdpVDFZMDlpRDQzUlYtYmtCYkRKYlN1ZTNmNWdfb2NwUmp0UU5QS1haTnU2UjBQOHNUS19DY0RLRnRIRnNnYVBkTTBVWWU2UmlkU0xUUEpOeWlXWDhZbmpNb3lwWktCZlR1UC1GUFQ5LWQtUVc4M1VlQzdhcXl2U3Q4WUJweWdN?oc=5,DVIDS,2026-08-07,neutral
The T,Why Earlier CAR T-Cell Therapy May Benefit Patients With Multiple Myeloma - CancerNetwork,https://news.google.com/rss/articles/CBMirAFBVV95cUxOUjlXNjZzRnFBX1ZrX0lYSXNEWFNpRFZuSG1RTHNuMlh5R0JqMXUxUTFNUEtab1ZWOXN0YkhSeUd0V0RZNzZZWVplRXl6VXpvdVJOWU5WQ0ZXQ0FqRjFDNmVjbmFaMlpNRUUxejZwejVpbEItbWtqSWlXS0hqSEZCbXJvbGRvTEEteTQ5R2xNMExFeG9xTDNmQUUwVlVSclFEeDhZU0JNVEljeXp6?oc=5,CancerNetwork,2026-08-07,positive
The T,Oncologists Discuss CAR T Logistics and Bridging in Relapsed DLBCL - Targeted Oncology,https://news.google.com/rss/articles/CBMioAFBVV95cUxQeEhEWW9lS1k4VXVpbVphVmdTeFlEM2luTjBxMnQ5dGdlNktYc19oa3lmNTMxT0NlQ0hZZ09rUWJoZTZiQTl5UXllU3FORmFUbmVCSXhyelltNVd5T0N4Q20wOFBDRmlxQXpXZjFWRHloUF9DUzZUbVItVEhyMjV0WlFtdEtRTC1TZHFoZ2c1V2dwc1dEVFlYNGszT2J5SC1M?oc=5,Targeted Oncology,2026-08-07,neutral
The T,Recent stories from the Orangeburg County Sheriff's Office - The Times and Democrat,https://news.google.com/rss/articles/CBMingFBVV95cUxOZUNrZG1DaVJyaVVkbnp5S2Y5NHd1YTR6Rm5FV2c0WjFiRDZRZkFTM095X1M3VUxoU1hMeW1MY3pSRTRfcjVnT3N5Z1dORUd4S2VWQlFPQzRtMGY0bkJSc0FpVkszWmptbTJiSTZ3bS1fSHVSWnZGZ0c1SUpDOFBHSmdLZTRuZ25PSzdlQ2ZBcEdQMnM5elRvTTAxSVc0Zw?oc=5,The Times and Democrat,2026-08-07,neutral
The T,T-REx builds connection through communities - Michigan State University,https://news.google.com/rss/articles/CBMiiAFBVV95cUxNZEJHMVhMZHRMOHljMWNidXUwdHMyNS1QSXBTWXExdXhBUlNFbnpoakxMU0RURE5LcUZPb0stbFh2d09URk5KOWtITDBnVkVlSGN0V2ZJNmxURTFoMW9Vdm5vblhfVEN6bXcwbzRTMmtpam9LUlRvWmszM0piN2hfMm9rdzBDdmx1?oc=5,Michigan State University,2026-08-07,neutral
The T,Amy Acton’s Prescription for Ohio - The Bulwark,https://news.google.com/rss/articles/CBMihgFBVV95cUxORUM0VTB2blZhTTZ5LXo4SzBuUXNQemIwN1R5eHBPUDVhNno4UTk0VGxZZXFWQkZNakZvb0hXUm5HcTNuYzZ3Z3pDbFJmdmk5Y2VkQll0dUh2YnJWekVkcHg3aF9Ldk1sb0Rpd1lDc01JeEdHN3kzVDdPdnpiSjJWbFNyY2hPdw?oc=5,The Bulwark,2026-08-07,neutral
The T,'It's just phenomenal': Inside the primal appeal of T-Rex races - ESPN,https://news.google.com/rss/articles/CBMilwFBVV95cUxOX0RQWnlIdlg5SW9GLTBHY1hVU1FrU19MeUkwZUd6RGxJUVpZZUFqV1ZaM3AxbjVHaG1PdmpUZlRYU0VpcEUzdFB1VmJzQ21PbVNsM2p2YU82OVNORGNfMWdGWnFpUUdxR20wOXRuU19mTzFESUZpbkMzS3dMX2pHZTFkNmlLcENkbk5naFNiRkgya196QUtB?oc=5,ESPN,2026-08-07,neutral
The T,"‘Blue Line, best line’ no more? Delays, downed wires are testing the T’s long-steady subway. - The Boston Globe",https://news.google.com/rss/articles/CBMiiAFBVV95cUxPbFE3ZE54UFJCTGJWdlpYZ2VHd284c0R1eXZCMkRDUHlMTy1PVEZ1d2NCeDlWNlI4aXdNQS0xSUwtNGtXTjY5bks1cUZzVWNJMFF4ZVdLaC0wTkdMWWF3aVBYR0hRQkU5bTdyX2RsX2VGaDhTaDF6d3NkOFl3V2s4YXpsd2E1TWlH?oc=5,The Boston Globe,2026-08-07,positive
The T,"F1 Las Vegas Grand Prix announces concert lineup featuring Sean Paul, Disclosure, Natasha Bedingfield - FOX5 Vegas",https://news.google.com/rss/articles/CBMi0wFBVV95cUxQamQtdnNNTXVnZkIxdnl4cDR5MGg3REVhTTBsQzNua2c0UTZ1T1J2SG40UG9UUkJ0OF9hYkFNaDByblhnQlIwbFl0NVo5RjZaanJOWDhjaldITTBZV0VJSXF0MHVqVGZRbUlhdDVVM0lhOEdnWU1kbmNfM3NYSHRKNFdYS1RPRTRub0pOOTExXzFsY2Jfd0Fka1hkSHpjTWsxRVNfNXR6SnJINWw3TmtUNW9JbzdHeVRBNTVwazluQUZ2VVlERVhSVjZfazM5eFhDT1lJ?oc=5,FOX5 Vegas,2026-08-07,positive
The T,"Starlink mobile threat has been exaggerated, says T-Mobile CEO - Financial Times",https://news.google.com/rss/articles/CBMihAFBVV95cUxQWFNGcjNiWlFzeDFRdzhhSmR2ZG5HSkFLNnYwTkdtdllybEtRRjVHbVhuXzVEMU5lTnBPWWd0UmhOdDhEOW5OdkdOeDEwRHhYMnlnU09zN2FvdXZiVTBQWWhQeDlWXzRmbElfZGFXSVJna3pXdlNVUFF4UjF5aHJNZV9LLTA?oc=5,Financial Times,2026-08-07,negative
The T,F1 Las Vegas Grand Prix adds three-night concert series at Sphere’s T-Mobile Zone - KSNV,https://news.google.com/rss/articles/CBMisAFBVV95cUxNY0xBcHNrb3JiWGh5MWtwX3FUNmV4OW5Oa3NqZHluNlJuWnZRanZrYnUxUHhFOGZuWVhFTE1pV2dsdHB0YW9la2trb0VmeGV1U1lqT25mN0FGX3RUZTNhamZYOXJiLWIzM2hUWFJRSzBweXNtejZaLUQ2c0RPaTNITDEwRGdfbGc2dkxjSmpwVnJJRDBZTG5PVFlDZDVIdWVlVEV4a2Q0UWlBT1NGUzEybA?oc=5,KSNV,2026-08-07,positive
The T,"Treehouse, T-Mobile Foundation, Old Navy Partner for Back-to-School Support for Foster Youth - 425business.com",https://news.google.com/rss/articles/CBMi6gFBVV95cUxNV3BOSlQtTVR4aW4wZFdFR2FBMXdsYkRwa1U5ZzZKS0l0UkhWZkZ2RWFnSDdEbGpCc1plUXBlazRkTGIwRmd5WU8taE8yMUdQaFdGWC02ODF5NE5lN1lYdEJPZm9UREFBM29IWVZwVGtzenh1SkxSU2RmajJxTDZxVmVsZzJtZE5TZXlZQkcyQVdQZjdlaU9wUTI3NEJVQVV2NU0tams3OWVoMlMwN2E4dWVYbGFQM2cxYTNQMDQ1OHBwV2kzam9nM1BlMHl1dFR2Q2l0R2Q1TWFIU0RDZ1J1RWJsMC10aWdWdUE?oc=5,425business.com,2026-08-07,positive
The T,Vance Schedules T-1A Jayhawk Sunset Events - AVweb,https://news.google.com/rss/articles/CBMigAFBVV95cUxQWGJSaXd3M05zNVBWTGRVQ2VGRTVNaW9hamNQZXpqQVBuaTFKd21JcTFZTVFOQ1k5UjNhZFdFdFRQcTRuRjBGdE9kaXBjR3RHeV8yT3RjMEdFMXc2V1RPcHhrUzZDTXNrRC1FaGNEYlR2TmdxcE1PYXVmWkoyMGtSbw?oc=5,AVweb,2026-08-07,neutral
The T,"Lollapalooza's 4 Best VIP Viewing Areas In Chicago, Ranked - Elite Daily",https://news.google.com/rss/articles/CBMikAFBVV95cUxQTGhmVy14WXlvOERMQXJKYU5pU0ZZM1BLSFhFR1Zhd0owRmJRYUFFclJKX3Vqa0dhYVBxUHU0WmtQWnhUaHZwdlRvc05aTzFzblY1RXkyaGYtcXAzX3ZSUWRsa184OHJpb3VaelcwRHJDMnBWY2pMLXpvVXJSeUdIMjIzdFkwamhHWWFWc3QwMlc?oc=5,Elite Daily,2026-08-07,positive
The T,"Sean Paul, DISCLOSURE, Two Friends to headline T-Mobile Stage during Formula 1 Las Vegas Grand Prix - KLAS 8 News Now",https://news.google.com/rss/articles/CBMi2wFBVV95cUxQMEt6RjdGMjVwdnVub2pJVFFWQ19nbVZKcXE0VkxKMnBNeVp0emZRTWpiWVJGQm5kYlB0RW5aRnk3RlFSbnUyOTBxTE9YWnJCMEU2aGdzdXRoS25tTFl1Z3F6U1NzenJIVmlvYjUtWG5jYmhJUVBRWkdkMk1GOGNqS1B6RXFrQXg3eEJsTGdUa1FhQTBPdHlseUtUcjdCbVcycmoxbFh1N1B0ZUZhQjRDRHhvTTFEc1hyWmxnR2hveENaSWhjTVBTUGZFRWVKd3Bud1U2bXhOeVpDWWPSAeABQVVfeXFMTlJ2Zk9RMjJ2RVBtNGhtYmRYVHptbkZtZFh4VWoyUVlEWlJIODV5UHdlZ1piTGdmTW84cDFnNGt6Y0ZPemVwM2RaT05uWXFPWVNlUlV5UVB5WkcyM2x5ZXF1UEJJcEpwaXZpcm1ZUE1aU2s5clVZeWo2Zm9MTUdpMjNqenN2QXNpS3BmdDJ2Q1RqcVd2dm1abF9UeC0zR3djZWIycU4zVlhmTFJtTUFiTGpGaTVvTE51ZzZnQmJKX2E1TUdCOGxkZVpYc181dFVpX0tXV3pyRllJWkk2aVVkZkc?oc=5,KLAS 8 News Now,2026-08-07,positive
The T,Another big MBTA closure is coming up. Why are there so many this month? - WBUR,https://news.google.com/rss/articles/CBMiggFBVV95cUxOYTFFMjBuN1g4TVl5Rk1Vb28xNlA5X2o5My1VTUpEUzJwNy03ODl1NDFUSExuUWxvZC14dHVFNGVydzI4ZlE0cTkwc3hqTkxwczF1NElVRWxGY1lrejZCYXZnMVpENzNjRjdzRC1DUEdiejFoSUpQTEdWdnM1bGVSS05n?oc=5,WBUR,2026-08-07,neutral
The T,T-90 Main Battle Tank: Russia’s Workhorse Armor Explained - The Defense Post,https://news.google.com/rss/articles/CBMiZEFVX3lxTFBqQWxfSjVHb09xTXFpeW04d0toRWpMUHE1Q05LZXBDcUlkTWViNVRjNzl6d0MtNHR2NTBFSVgxdmVxTHVVTmVMMFEtMEZtUDFOdDZ0VG13U1dGWkxNcV8tSmRTQznSAWpBVV95cUxObTJnOUlBaWpzS1ZfU25NRTVLdzBwcDlZY1haSFVhbzNQN3RIQ05Lc1U4dE93QUEwQkJaRTdmZ0JUZU96bDZQZUNja0FndU1IaEdBZ0tlaWZTeWFSd1hXcTNWU3RzMEs3ZWN3?oc=5,The Defense Post,2026-08-07,negative
The T,Grand Prix headliners once played Strip ‘dayclub’ with no name - Las Vegas Review-Journal,https://news.google.com/rss/articles/CBMiqAFBVV95cUxOV3dRdUJxbGZBOThENXpzZEgyWXhNTEdGdkdYTnQxRnRGdE1SMy1nUG1RdUtKcm1hOURaYUlDRHlyd3RtZmdidDhmRmF2X3pKN0tBR0M2d3hFeHBTUnA5RTFONVZvb085V3ZOdFZZeW8tYWpfdjZUc2dGSC10TVN1TXpXcG1lVGg1dm5yTUh5cWRDUTdJZDdzdnBnb0NxOXMxUXExdUdrUFQ?oc=5,Las Vegas Review-Journal,2026-08-07,positive
The T,Coffee restaurant location - The Times and Democrat,https://news.google.com/rss/articles/CBMimAFBVV95cUxPd09nY1pqYzZpTVIzdGJNeUZzY19IMEJqZ29sS29DTjNORTJQRm9IdWhkbE9pLThBVXc4TkQwSmNFYzMyVGJWR3A5MnljMU53WEtoRkdyNVdLNGJJeHU5NjhBdm8tT3FfY0VSZV9tc3VkQmNHOW01ZGNVbVI5OXlFYy1EWUViamxUMTJDd2VzcVRESFNrQ1RxZg?oc=5,The Times and Democrat,2026-08-07,neutral
The T,"A Senate seat, a sudden death and a sprint campaign: SC revisits 1954 - The Times and Democrat",https://news.google.com/rss/articles/CBMivAFBVV95cUxPVHBuOEJENDFvMDd1V0FKb3JPaUVUNk9XTm9wWGlzLXBwZ2Y2ekNXTlZfMlRUR2hKTkFNMU5KSmtyNFpvRXJiTjQ4NDlrTGlPcGhaOURNRUg1Y3pEbWUwOWpPNmFXWURPQzNoWGVsYXN4X09aTUptTE5jVnNTYXN0d1FkNXhtaWRENVpBSGF4dnlpMWg2NC1NMld5b2V6eEQtNFZ3NjVEWWFUYzEzajQtemozbEFKbnU3STF5WA?oc=5,The Times and Democrat,2026-08-07,negative
The T,PAW PATROL: THE DINO MOVIE Stomps into Burger King - Movieguide,https://news.google.com/rss/articles/CBMimwFBVV95cUxPU1d4YjRmbnhjUkRRS0pkQ1RVb0IyMm44M0ZnYlkxWS1neFdnc3pyY2Y2RzZHZzVhN1FWX3hGeWxWZ3Y1d2Q0dEhRQmlSR2xHZktUa1VYMFpiR2VJbzh2OWEwb21qN2dRdFB5UVloaG9nS0RGSk1teWN4LVZUQ0FOWjBCd1Y3dXN4SXNValRWNFNOa2xoUjFnYXdJaw?oc=5,Movieguide,2026-08-07,neutral
The T,"Who is Scott LoBaido? The activist, artist and agitator behind decades of headlines - SILive.com",https://news.google.com/rss/articles/CBMiwwFBVV95cUxQa1ZiOW5sQzVzZzdBNUNjdmkzNzhjd2hkOHZBMy1UckhUZzF4SXNlQkZtT2x4T0ZrQkhPUkdyNzFjRXBETTdONFpycXhDN1JZRzV4RlVaU2o4WGN2VUNpeW5wWFhmTnVjU1VTTHJQelFuQkplWkVNbndiQWd2X2xSUkpYdnRsd1p0NzVuUVRCd3NfNEZKM3ZEbkMxeS1fQ3o2TUZMSTJnbmo5NTVkVF9vekp4bTRXUW1zb1FwSTRnbGo1Z1nSAdcBQVVfeXFMUENoQVo1YWpEVXNPd21JTGxINkRyQzNQdUxGTnUxYlJmQ1lGWUhZaTdJeWh6aWV1ZE1KWGZDeFd5ZmlkU1BzdWNfRDYzMmFyMENQZFNrbGJmQ3pjTjhKX1VyblRFeHpLSUVudHplbUVIWjk4SThudnpuNGJtQjhXU1Z4ZDJhaDlVY0dyUllxX05MU05jc3V6cFE2b0dwSTZINnpCUl9sM3NxaVdUSk83ZWJqS2ZTNDRsMWhsQnpYem9YeWxiNURlZUpBWmhoVjRlU3dYLURUX0k?oc=5,SILive.com,2026-08-07,negative
The T,"$58 billion In Payouts, A Lagging Stock: The T Trade-Off - Trefis",https://news.google.com/rss/articles/CBMisAFBVV95cUxPZHlvT0dpcWdZN2dpMzZtR1FzMTZoOHJYd1FWaUkxM3kxRDJfemQwY1h4NzJwNUI3NC1TQzE1YzBCSDhfbkx6MnUwMk5fcWVIckxpVXdoNzRnaFQyU0tTTEZlTlNfb0NUZTN1WlVnaFBEUk5hQzd6SXRNaEZFX2k2eXZDWnRFQ3hKRmlMaTZJazRITXJWVlNITDdkS0Q0R1Zvc3FqVGV5TTJaOFBfamJXbw?oc=5,Trefis,2026-08-07,negative
The T,See Oldham County through the eyes of a visitor - pmg-ky1.com,https://news.google.com/rss/articles/CBMi0wFBVV95cUxQOEdGU0c5MjZIN2k3QUJjN3dsRWFDcXNXeEk1SlVsUmtobEQycDkyYi01aEpBb0FkRGgwZ1JlXzNGN1VpWTFIZm9MNEhOczZkeTVZNl96bmxBeEl6bWc2NlkyVkpsS2FtaFQydDBmRGFUNnZsZC10WXVtckd2TnVGT0hRaGFnM1lDVTY4NlhVSlZtUEFCOFRPRGRfdTcyaVhReDFNZVNOYWlxWjktRm8wZThLZlVTNUY1VXcxU1hjbWpxSUlOZHgwZDZUVkxvcko1c1Ew?oc=5,pmg-ky1.com,2026-08-07,neutral
The T,Super-utility player Ezequiel Durán has been a big solution for the Texas Rangers - FOX Sports,https://news.google.com/rss/articles/CBMiuwFBVV95cUxQa09xamQ5VEdhZ2syTHRLbnZ4MGVwNS1xTTFMMWZqN0dSWEw0d2p0QUlEZ0NqdTk0Z3dLWW12aUdBeHVFZDdkTHp5S1ZMczMyRXJkcUQtR1llQVZFaGhzR0YyMTZiSFZjX2o1RjhmUXZCTWo2ZDlldkF1RU54ZjJQVnktUlJka0YwcTdyd3hHVHlpZjJtVC1LX1FGU09OaDN6Tlo1MHBkTDQtOXc5S3p0RHYzVEtJRHA0M19B?oc=5,FOX Sports,2026-08-07,positive
The T,How Chiefs Star Patrick Mahomes And T-Mobile Are Bolstering High School Football - Forbes,https://news.google.com/rss/articles/CBMizgFBVV95cUxOUVUycWVKcVViUms5R283THpYbDIxN1lfajFNRTVKSy1NbFNaMWRLOW5jemtpS2ZFbUZweXlZOEE0OWlVSFQxcEM1eGNLdEJCMjB5T3FKMlMtRVpsckk4ZUt5ZWt6TVlKUG41Z3RCQUt6MlAwTFEyWkRwOW5TRnlIaXgwbEFheHpvekptcm43dkVKU3VROUFLSkl5ZGFmWWJGdXFuRzBhUElWTVNBZnpDWEJvZ20xcWVXLVotWkxGdnVwMHBZOXEzQWlVQ2NBZw?oc=5,Forbes,2026-08-07,neutral
The T,Active Tech ETF TTEQ is Lapping Its Benchmark - ETF Database,https://news.google.com/rss/articles/CBMibkFVX3lxTFBuUzAxWFViSDRWWS1qN3RDVEpsSWdCdGNVb20tbUx6Q3E2ZVhJRFhwWTd2TDE2NXRyOERiOUt2S0prN1V6c0s1STMtV05sRUwzLWM0aGpXRWliVHBXV2EzRzhFYUJKQkUxZ2EyQ0Z3?oc=5,ETF Database,2026-08-07,positive
The T,Great Summer Weather Today then some Spotty T-Storms possible on Friday. - 5 EYEWITNESS NEWS,https://news.google.com/rss/articles/CBMitwFBVV95cUxOUkZCUlp3YTZER19TQlNoUGxiOHBBaERxNGxxUzJpNFZVQWhSWDFtbTZyR1BEMUs3N1BHeDdhZHdHRDZDUHZ4cUdTcVV0eWpmemJBRmQ2TFQ1ZXBpYU5kaGlROXBUOEp5NlNFcTNFTFphcUVZdC1pR0R6allWYVlpTHpuTEhic3pDXzZDd0JZR2ZqcGxJR1hveW5xYjNHZkFCbWlNWFEtNnNrMExoMnU2YzFiUWI3YWM?oc=5,5 EYEWITNESS NEWS,2026-08-07,positive
The T,"Letters: Been there, stayed here, got the T-shirts - NOLA.com",https://news.google.com/rss/articles/CBMitgFBVV95cUxPaHFrX2lfZjEtWW03QWZ2MXVKM1Q2aVp5QnRsSDhqa2I5STc5aGRtUEhyZnlOb1lHbkUxc3BIdXhRZl9XWjV3ekF1aXdHY2xPNDNoaXkteGQybFowSzNQNzdYeXp3VXk3ZkZOU0k1dzlWVFdDTTM1eFdnZ0ZGeWhwSVY0cFY4QTREdVZyaXJBUElMN2ZsaFk5RXRmZWFxY29oaXNNdjBjT3NxT2UxNGxUcTNFREozQdIBuwFBVV95cUxNV091YkQ0RTJzYVNuU19yTmV6UnZGeFpmWWpwQ0E1Zi05TWl2UDUxUm0wc2xZZ0s2a2tTV2lBdXpnUzZ2M1pJZXlHdmFaMXVVU0QxMExReFlMcEh6WVpNQ1ZXOFRBWFZoVGRVUl9WSEJpRTkxVlIzRHNaZ3R1WE4xa1ZEYmkzUXloWGw4UTFmcEI3bjJqR3ZkSUhtNFYteGVSeUFDWGxISnVvUU1IdjRFeTdacERzVDN6MjZ3?oc=5,NOLA.com,2026-08-07,neutral
The T,T-TeC: “Backup Solution for GNSS-Denied Navigation” project with Raysilience successfully completed - Leonardo S.p.A.,https://news.google.com/rss/articles/CBMinAFBVV95cUxOUzFMcnlwTE1CS3BBVkN4Qm9XTnZQLXRxQ1ZQcnM1emRDLTE4ZnNUMFBFd2U4eDJxTHFjelU1NEhTOXJmUVp2bVNJT01GbW1ieEZ3UWtxdG5PNjF4Z25qS3huck1NZkI4TjlheFBLM1V5Vkw5WmEwbFQ0MjljaXlmS1RITno4THlaSGhuZ1c5S3VrSTJSaGZEcVlRb3Y?oc=5,Leonardo S.p.A.,2026-08-07,positive
The T,"This 1955 Chrysler 300 Convertible Show Car Isn't Supposed To Exist, yet Someone Has the Keys to It - autoevolution",https://news.google.com/rss/articles/CBMi3gFBVV95cUxQa0d4WHlYMFRlRkQ4bTRLRHZwU0U5MGpuZXg1MGlyNWhDYjE1VFVJUVdkVlRsR18wZnZ6XzZ0R2JLeGJja2x5OG1RczVuekhub2tyX0w4SEE4RklfaEk1b3dOT19sN2VmSjNveVltVno5TjEzQVlRR3dGaHZORzJWZ0s3dktNRGkyNTE3YXozZldWQTAwSlRZQVhiNHE1M3VxUmRqZHBkNGtzYlFvS2pwQVRxcUpldTNDaXVWeGR6c2xvYnQ3NmZ4dm8yMjhjS2ZUREs0RS1MLURfdncwZXc?oc=5,autoevolution,2026-08-07,neutral
The T,The T-Reb Takeover - myhighplains.com,https://news.google.com/rss/articles/CBMid0FVX3lxTE1pWHRacl9Cdm1YZE0wOVhmRFRnanhjTTdZMW9TUWVwTmRzS2hyRHBYRElERmpGZGlCNm9tQmxwazBTeFlzY3RxZTJ3R1JFX3NkQUVMVHVsQkZfc0R1QUl4aEtwaUh4U1NZYWZZdDVpcm1rbmhhdWo00gF8QVVfeXFMTjRSQ1Y0U21FbHNuSDM5dWsydG1KdjhUalVRdEZaS29POVo4azVqZUxrVkZyT1Brd0pWQjVFaEVHcFY4bkxUeDkzcmJ4dVJaTDNoNmxHb2hTU256cUpRajBVRkpjSW5jZGg2cVc0eTdKWlBkQ2tDTmRxeW5lMg?oc=5,myhighplains.com,2026-08-07,neutral
The T,"“Could Start for the T-Wolves Right Now”: Fans React As Anthony Edwards, LaMelo Ball Join Olivia Miles at Minnesota Practice Facility - Yahoo Sports",https://news.google.com/rss/articles/CBMifkFVX3lxTE5fYzBXZGJ2Z1B5T2djNXk2T0dfaEhYY0VLanVxdU1LUWJ5UU42Q1Fib2g2TXo0V3UtN3htRk1Sa0JySXFKaHNMSE1ScUptWTZtLUZBTTlGalAxaEc1WEk1aGpnNVpRUVdEa0FEa1BpZXM2a0lnVXNiNU1tSjB3UQ?oc=5,Yahoo Sports,2026-08-07,positive
The T,T-1A Jayhawk Retirement: A Quiet USAF Trainer Bows Out - MiGFlug,https://news.google.com/rss/articles/CBMikAFBVV95cUxNM2ZscHdCZEhGNVh5V2I0TGw1YzBzOHR0Um1YVzFGQm81V3VROE5zZkY3Y1JMcEVwbEpxbl85STk5cTBiX0Q4NUpfWVlTVkF0RUlFZjVsZ2EzTGI2ZXczOG1UU2pKSkZpVHJsTjhZdjF0SnlFelNWTkFnT2dOcF9heDZFSWs2WHc1U0YzNE96Ulo?oc=5,MiGFlug,2026-08-07,neutral
The T,"Lollapalooza 2026 Day 3 & 4 | CORTIS, JENNIE, ADÉLA, TATE MCRAE - The Honey POP",https://news.google.com/rss/articles/CBMilwFBVV95cUxNSDlheFBrNWtJRXctUlpVY1U0bFFKYUY5Mk1PN3BObDI3NHMzOHJwZk92WHY4Q1dDNTRwUW1HSTZYQ2hibkpMMndubktiSHdlaWxsYkdvano4S2FIR3ZHLWg5TDBUMGo5QU5hSGFob1VPcmxUMzBSaU5OLTBwc0g1S2xGSk1EcWZLc1ZxbENHSGI3MG1hNTRR?oc=5,The Honey POP,2026-08-07,neutral
The T,Your Green Line Station Will Probably Be Closed From Saturday Through August 16 - Streetsblog Massachusetts,https://news.google.com/rss/articles/CBMiuwFBVV95cUxQY1o5RDJCd0EtT3RIcEQtZEswYnlreE01NkVIV29UT0tyMXRWbEh0aUplcVlKd25CQnZRS2JBMGVzSHZNQnlBSm1sR21acjZuNXpYRG1lNktkZldxNlJGNFpadGxTS3Zqd0s0UmZ2bndKTmswck1Gc0tQaVh4M2VndWIxVTZYR0hFczNjZzZxbnpNb3VGS0lSN0pVaW5tT1VQSEs1YVBDTUVLV0Y5cnF3cWlMR01qNzhKMWpj?oc=5,Streetsblog Massachusetts,2026-08-07,neutral
The T,Exclusive: The USAF T-1A Jayhawk Poses For Its Final Air-to-Air Photo Shoot - The Aviationist,https://news.google.com/rss/articles/CBMiswFBVV95cUxPZkpEeFNPNUtDTkRUZHBwaHhrQmtEN2VTY0l4VzVjQlozcDRwR3RsRWZtM2xDWjQxQzJET283SkkxTGNrd2xYWi1fQkVPMjg2N2RVZjNkLUNJVlpIMDdZQWNobm1LaUxLN1FoRlg4QnlscTZoTlhlWFVQLVhCNXNMZVdzbTdva0ZFS3JvME5sN0pnRTlVLUE3MHhWcHFXN25zWkpjUVJDNjFZbHZYQXZKN01oRQ?oc=5,The Aviationist,2026-08-07,negative
The T,"Active ETFs Top $2 Trillion, Led by Bond Demand - ETF Database",https://news.google.com/rss/articles/CBMihwFBVV95cUxQa2VtZkFyODIzRjlvakd4cEZUWENReFJleE1oa1JBeGF2LXhWZTFCRFhybF9fa1FYS251VlJUcExXN0JjSDM2ME8zWUpIYVFsSnFJNHhQQ092b0JncFF6SUlzMTJ2aFluNkVJbFFTdnlOakhDQ19mZXdtRnVrbDQ5VFBHcENTeFU?oc=5,ETF Database,2026-08-07,positive
The T,"The viral Lucy Williams x Missoma collection I missed last time is back, here’s what I’m shopping - graziadaily.co.uk",https://news.google.com/rss/articles/CBMiiAFBVV95cUxNNGwyTnZXWV9QRXdXcy0tY0NQQXJpNXNiZUc5dFBXQ3ZYcGZvSFFhYkU0SWxNTTJtOWlESVgwS2FhdXZxZ0toZ0FEZWdpVWhWLTF4Y2toblBfaHVpVjhtOC1vUTdwdWY2dVR3aXl6X2t0TkQxRmFidWhLM3Bfa21rbG5VZjFFbzBr?oc=5,graziadaily.co.uk,2026-08-07,negative
The T,T-Mobile's Friday Night 5G Lights Returns Bigger Than Ever with Over $8 Million in Prizes - Business Wire,https://news.google.com/rss/articles/CBMi4AFBVV95cUxQeUdaTjFoZGk4VHhKY3RjZk5sZTd4aWxTZVMyTFB5ZlF5c3NnbGpTTjRsRFNBbzZ5VE9DSXhQbzFzdE1ldEhRWGxFcEZnZGFsdzRWdkpKUmtuUGNBeG5lZUthcUtzQXE3MWNrOC1jdS1jZVA2djBqWlM1RC0ySFZqcm1tajNkQkJvMEdFbWpGTHR4cl9nTFJ6aTN6TXE2cGRXbTZuTFBUR3pPT1pPc3FLSnhwM0JZeTRmd2ZzbWVSVFUtQjkycHVqMVI3RlkwQXpOanA2MkxOazZRa3ZGQkt0SQ?oc=5,Business Wire,2026-08-07,positive
The T,"Sean Paul, Disclosure, Two Friends to headline T-Mobile Stage during F1 Heineken Las Vegas Grand Prix 2026 - The Music Universe",https://news.google.com/rss/articles/CBMizwFBVV95cUxQRFZuMjlfcFptTmd6RkZMN0k2RDZvcWNmRm9hTFZkNlJtaVJWT0RYRVRzSG5QdXYyZ2ZFY1J1U1FORC1nakpZQU1taXIyZElXUnh3MW91aVJVZmtPM2JQdG9PMElBNUdLQ09PaE9JVlZSTHAyNjFYSGVFaVFVYU1ZMnhFcWZ1dFFaLTJxRmllUlgxWXlSOTk0MWRQeXdxdGo1cnBmQ2g4WFV0QWFSaDlNdGZVWFFEZ2F0UGEyLUNZOUctWXdmYm92T2N1dWZwV00?oc=5,The Music Universe,2026-08-07,positive
The T,Publisher’s Platform: The T-Shirts Arrived. All of Them Say: Test Infant Formula for Botulism. - foodsafetynews.com,https://news.google.com/rss/articles/CBMiyAFBVV95cUxPQVgzc25kUXE3OTNrSm5KTWEzb0I1T2UzYUVwQWxOclZkM3JOWXFuTktRSy1EeDR1QUdNNFRXdEl0VHgxLTFrY0dZX19kU18tS1RpMUowZ0g2NXB3ZUtLWHFZT00xb2hJeG8zWXdyMzd0WUhDcFVaSHB0Tnd0MVcya1gyR2JVR2Jpc01Xd0NXOWlRQTNyWUZsM2paUlpSbVVPNU5ZMXNEbElZNXdwU0FuYllyWFIxZDNWTVpydi1VZXdXbkx1THpGaw?oc=5,foodsafetynews.com,2026-08-07,neutral
The T,Assessment of Capabilities for Ensuring Radiation Safety of Personnel at the T-15MD Facility during Operation with Deuterium Fuel - Springer Nature Link,https://news.google.com/rss/articles/CBMia0FVX3lxTE8xT1h4eXptbnlmWHI5akZZdG1pZnJ0ZWRqMjh0TzQyWVY2UXN4QXVrLUNEQ1NseUhScGVBaVc4djF5bmROUWFXMHJvSTZwS3ZuRUYxeUhKYWVJTHY3QjgyT1Y4QUpuM2tkbXhN?oc=5,Springer Nature Link,2026-08-07,positive
The T,New video shows escalator injury at Davis Square T station - WHDH,https://news.google.com/rss/articles/CBMiiAFBVV95cUxPWDBWanV6SHYzYzZnNzhqN0w4eFlET2g4akRwcFdhejVQNUd2bHYxaVlSU2FfNjBMNmlLeEVzQnFyNEtPQnFlWmVKLXQyZWNBbGF0SG1iN0Ywa1RIWUw5Zy1ndFFIbzNyUEdCRi1lNHZ1a2pZby1xekRYLVRWZEEwZXRMeUduU09y?oc=5,WHDH,2026-08-07,negative
The T,"The good, the bad and the muddy of Lollapalooza 2026 - North by Northwestern",https://news.google.com/rss/articles/CBMijAFBVV95cUxPSzZBLUJ5UVg3dS1JaU1xb1hqcV9WdktyNFVYNUFhZUg1UTFCN2Q0U1loMGF0bHpaYUl3U2xfemxtMkJRQVdpZGlOOWlXaG1QQS1Uc2VlbXlrMmhXbWxuRGxBM1FGcEQtUVhHaWQtYzExTEtNdTFVYzhKUjVrOUE1RUlhRjQwOUE0OHdRYg?oc=5,North by Northwestern,2026-08-07,negative
The T,"Minnie Driver is ‘grateful to be alive’ after ‘really bad,’ near-fatal car crash - Page Six",https://news.google.com/rss/articles/CBMirAFBVV95cUxOckIwNE95UWFFN0VHcnRjdzgyMjBUWUFqNm5UeTl4cDZKUVkzaGVtZVU5MWJKREtfTElUcWpXTzhNZFpEUUFvYk5SZXN3d3BMcDMzd0xwQ2hrcDVkTVdyWFhJUjBfOFFzWklrbVY5SlV1Yjd6UHR4TlVPRGxxaEhGM19ZNmlUWXR6RXN0OTktME5Jajl5ZXU3UWpFam1EYXVHN2tYSlVTd2JtUW80?oc=5,Page Six,2026-08-07,negative
The T,There's now a $69 pair of shoes designed only for using the toilet - Boing Boing,https://news.google.com/rss/articles/CBMioAFBVV95cUxNZ09yOGNDT1A4dU9MTGFnNEZiUEdaMllBbFF5SVppZUFZUWRRQ3FEMGhvVzhNNXFqVE50U2pQN0w1S1ZQSW1PUE1qaXJadHBUZS1mWERJQS1wSlJIVk1ZTWhEY1RJWk9CU0VrdjhRN1FZem9ETVU0MTduLW5iNEVZRHRYZnJzNEExWUdvdEpwTmp2dEdMbjRBTk05MkI4Tkpl0gGmAUFVX3lxTE1jZnFZQm5kdEI2SENRcEw0c19xZ1VfMnFiRXZGZUV5LThGWWpQekdJdFQ1VDV0QnpjQ3R0cVRjMnM4VTRjOWRHV19sM1RVejdPX0pDU2hBUGM5emNUanhtMEsxQjNPdTJKSFVFc0dBNEhNT2JBSEtZZ1lCeGpqWk5rOXhvaGZmRDNoTVdOMGcyNG9TWUhpY2wzMk90S2k5dWZOX1hkWHc?oc=5,Boing Boing,2026-08-07,neutral
The T,Here’s Every Song Zara Larsson Sang At Her 2026 Lollapalooza Set - The Honey POP,https://news.google.com/rss/articles/CBMioAFBVV95cUxPbEEydGRISmd1YkdzeTdvMm01ZVQtcXhPWVZDNUtFMDBuLVdadVl4SXFTYTJfTkJDeHA5Z0stTFZoODdMMG02M1lIVC1oTTlsNnUyNmVCdlZrWlBnQmNfYmhzVlhuX2VCckU0SFhYd3RxNnhYRWxRQmI1aE9LYmVxYTk0VWozOE9CUlB1TGRnTUo1VF9yT1UxNVFYRU51NUVQ?oc=5,The Honey POP,2026-08-07,neutral
The T,A thaw in diplomatic relations and the revival of the T-70 programme - Defence24.com,https://news.google.com/rss/articles/CBMioAFBVV95cUxQc0pQakFZbEFqNEs4SzBNVlRvYklPX2VYVno3Szh4bVZ0THgzNWNjbEJTY0JzY3g2eG0wRzZTRy10Y0xIc0xLVUluUUlmeGRnblJWN19MOTlZRTZQZUNFODNKWWY1TlVxYWRvLWpsbC1RSXB6eGd0UmJ1QXNiMFRYUXJDVDR4YnRCQk9JZHNQV1RDbHA2c3hJYjk3TXkyN1ky?oc=5,Defence24.com,2026-08-07,neutral
The T,T-Mobile’s Next Freebie Will Make You The Ultimate Magenta Grillmaster - The Mobile Report,https://news.google.com/rss/articles/CBMingFBVV95cUxNRlA5VzBLSG94amhoQ25tb3JOdTZYdllqaWVzeDJhREtGRWxKbUxmRnZ6YUFCVmhndV9aSV94aE5sU0tHMURnOGlMZ09lN1ktcUdpVndLYVlDQTNqUHdxVWxvTUlOOF8teGg2dDVqSWVEWG0zV2hWUFRIemhWVEF0TW03TjJCZ1dseE1NLWYzMzBZelJWV3hUczJNLURrZw?oc=5,The Mobile Report,2026-08-07,positive
Washington Metropolitan Area Transit Authority,Metro says it's so hot that trains must go slower - WUSA9,https://news.google.com/rss/articles/CBMiywFBVV95cUxNVGJGb3lUNmFFSTJHNTk5NXloTGpFY3JxRHpyOFhxTG5oVEJLTWdiWWJpbUZBSnI0Q24wUnNyUVpmQXktX01oYWJiNzJHWTV2d0stcG56WlhNSGxzWVAwTHlrSFJHQmxqMGdNdHNjM1A1UEJRYTRiOU1WMTFpQ3h5Ti1hMUZnMlpRYXN4cDdWN1dJanhLWXlSdERNeGs0akdKOGluQ2w3SDV1WWlFMVBqUkJ3MTNQa1JMdXp1NjdjaG05Vnl3MlV2elV2VQ?oc=5,WUSA9,2026-08-07,neutral
Washington Metropolitan Area Transit Authority,Lawsuit details Metro station ordeal of disabled man who was trapped for days - The Washington Post,https://news.google.com/rss/articles/CBMivwFBVV95cUxOM05ZSlRFcjdLY29TcWJYa0gwT1dERjJ0X3BlQWJKVWdoX1JGWnNTZ3FYekpJd1FKdms5MVFpWmpMUkZ2WDl4QnNLemYzaXZpLS14Q2hLZ1hKc3FJN0VMcGRVTXUtclpMNWE4QWh0dC04bHlicmdzTlQxTEx6UElnb3hQRVpxUEJ1ejFxaFQxTHBuOWxWTUp4M3FKYlQzVHc0NG1iZV9sc0RrX2hmT0ZPbEdQVzktdGtyUXZMUE1hTQ?oc=5,The Washington Post,2026-08-07,negative
Washington Metropolitan Area Transit Authority,Metro touts drop in crime across system - NBC4 Washington,https://news.google.com/rss/articles/CBMirgFBVV95cUxNZlFoeUtyX0p6b0RscmpvLUJ0blc0OWgwOVU5X2FsaVgwOWhKZC1MSFByZ0VJdUdhUWstd2RnT3ZSM3BtOTNDaV80VFF5aW9hMC10anl0ejU0cnRZTjUwUnhTQ2tkMjBRTnhRSUJiY01TM21yZVNGbGRveUJObEJrRE5pQjBUN3hDTnJJeU5TSWFZM2FXRXZzVmRNdTltWkNmQkpwbVNLQXU3MC1ocHfSAbYBQVVfeXFMT1R1YWRRRUliVXRObS1aenByeFFKTy10dkNXWFZ4RkMxWlhibjYxUkZ0UUlaSzFodTFJbkdNcDBJaW1WbmtEaDhWQjFiZTdxRUExSEZHaDUwWlVDaWlJTkVwUzN5ZG5ETWkxd3FFTjJlS1NteVhYNlpKemgxTTN3UU5IYjVmVElaUWhjbGJ2b1FGUXViVmxaX2dyS1hwdHBBdmV1blZiQUk4V1lHZjA3dVROYU5HaHc?oc=5,NBC4 Washington,2026-08-07,negative
Washington Metropolitan Area Transit Authority,Metro launches limited-edition Smart Trip card for DC’s Grand Prix - Washington Examiner,https://news.google.com/rss/articles/CBMixAFBVV95cUxPbDVUQ3Jta0Z6ZjdUVUFkRXRRSC12dXNKbWtHVVlmQWQyOUktdUo0QW5DOVBnWDlUY2w0Um90QjJzREJ1WDQ3akwwb1FQRENXY3N3NjNuaVRhcjhRTnU4RlV1NkRIcDJQdDRxejVseUZ5cXMzYXFwaG5nTkFrUHhHQUVvOTZNQXNma2d4cHpZRW9KbjFxMUNMbXVXMllUNFVKeHd0c1hQVm5ENE9QcC1vdjVJWG8xYmRiQmwtQ09FODJCcDJJ?oc=5,Washington Examiner,2026-08-07,positive
Washington Metropolitan Area Transit Authority,"UPDATE: Washington Metropolitan Area Transit Authority Has Begun Bus Shelter Replacement Work at Shady Grove East Metrorail Station in Rockville - Montgomery County, MD (.gov)",https://news.google.com/rss/articles/CBMiiAFBVV95cUxNZHFsN2NwejhON21BZm44MURDdzBXa0ZrZENfUzhTY3NUNURzWHJTbFhYMV9nSy04T29aVlJmU2pvNkR5UHJSQlVKLUdMQjc1M2lPTXJzSFhleFFza2xKODdwYUpjVFNod3lKZVdEdGJCMnlkanFIRXlMX3hXcnlJUXEwWkdQbldW?oc=5,"Montgomery County, MD (.gov)",2026-08-07,neutral
Washington Metropolitan Area Transit Authority,Why Trump's Strait of Hormuz blockade may affect DC public transportation - USA Today,https://news.google.com/rss/articles/CBMixAFBVV95cUxQUW5pcFBLN2VDY3lnb3kzblduUC15S1BzSnlFM0VzT3M5NkhoYWI3d2ZLODAwdUxvampvcGN5dXZsTWFhYkl3UVk5SjY5N0dyaktpb1ZUTkk2NGhxOEVmYWwtRlFBM1BjSnBlcFY2UnV2SDNZNl9wQmdZTDBQM01YclR5cjVDRG1LcGw4T01DSEIxeFhiVkVtOThpZXFVMjE5TFVBR0xRd1NxUVZTbXY1VG90enBNal9mblRHdWNUZmY5WHd6?oc=5,USA Today,2026-08-07,neutral
Washington Metropolitan Area Transit Authority,"Washington Spirit, Metro Agree to Partnership that Promotes Taking Transit to Games - Washington Spirit",https://news.google.com/rss/articles/CBMixwFBVV95cUxNcjNNSVNJNmY4aThrZm44WFQ0a0tJN3o4V3kyUDJfbEFTdXNnOTljRnYyd0xwMmVkR2V2bnNSLTRJcU5JY29Bb2ptZ0plWlNIcTBFek9xa2V0T29BazhmRjBDVnUwdlEwMVo5R2RJR0xUN0cySDh1dUkzWnBHRzlDMHVjX29iUWFoSUZJTEs2bUFqeU8zUFBPNVllRC1jTF9lc2o5b0ZvMUhpcGRnZkl3QXRtZmxvYk1xdWh4dzJDb2tQX2NLZVo4?oc=5,Washington Spirit,2026-08-07,positive
Washington Metropolitan Area Transit Authority,"WMATA Train Operator Sentenced in Four-Year Scheme to Defraud AFLAC Insurance of More Than $360,000 - smnewsnet.com",https://news.google.com/rss/articles/CBMi0gFBVV95cUxOMTBOb0RER0xFXy1DS2RWalItalZCS0RmRmJUTHBDbGV3Z0RJXzJIRExzX0xFUUhjSW1EVGtESjVSOEMzNkw1dktrSXQwejh3SEVaZ3g0VWstaDRjV2dxVS1VbGRMM1NuSmU3MmVKRXlLbHQ5YmdJU3dGd1FLRjd3RTdLdlU4d2RITExNX1ZjV0pDc2I5bzMzdHllVV9WOG5SSndtdEFxemNOZHpGeEZsakpUVlNEWkVvdGowVl9nYW9zTy02MmVDNmdaRm41WDhDNGc?oc=5,smnewsnet.com,2026-08-07,neutral
Washington Metropolitan Area Transit Authority,"On March 27, 1976, the Metro rail system made its first trip in Washington, D.C. Over the next 50 years, it clocked more than 7 billion additional trips, according to the Washington Metropolitan Area Transit Authority. See photos from over the years: - facebook.com",https://news.google.com/rss/articles/CBMi3AFBVV95cUxPQml3MjE3TWpmQ0RPMmhRTzVLZi1qNzFmMUdYTDBIMnlwR1RLRnpLOUtOanlycGZFNERWS3BPa1U1UW5OMDFIVUJBQ1loUFlDR3NKTWdXNU82clJrNmRydTQ3REQxeTY3cnRRUnBCRGdhUTNBM3BfbUlOVHN0dU9SSlNUQUFlRzFlMF8wNHZUX1ZlbWNneXVIek11b1ZZdHRlLU04RzdSRjR3ZUxDdnN4VU5QWEU3VDFVaW5jeHR0bDJCcVBFRVJVekRRck55RGF1V3Mtc1hNV3Z4cm5o?oc=5,facebook.com,2026-08-07,neutral
Washington Metropolitan Area Transit Authority,"Doors, barriers coming to Metrorail’s Red Line platforms - Washington Times",https://news.google.com/rss/articles/CBMiowFBVV95cUxQMFlaNDkyTnFzRUdpbzFYRGl5bDY5ZGd1VVkzMXF4OVlLSzBMU2syR0F6WGVadW1rejVwRW5Hb2U0NE1Sdlp2eEpnbXVyak5hQjJMbFkzQmoxWVFLSWZ5LWtlZXlXZEx6SnRBaEJSOVJOV0szM29maHpUNXNGRTcwNkhBeE9uSXNIS2VvZ05JZE1iSTRVOUtVaFd3NHctVHYtTldJ?oc=5,Washington Times,2026-08-07,neutral
Washington Metropolitan Area Transit Authority,How This McCourt Grad Helps Keep Metro Moving - McCourt School of Public Policy - Georgetown University,https://news.google.com/rss/articles/CBMiigFBVV95cUxQOVQ1NGtwQ0NnZVlQcVRfQ0JuODNRRUpsSVlVbEpVeWY5ZU54R3pnS3VsMzBLYTRiOUFMMlZsTDh4cC1tekpDQ3BkSXFrMnNZSUFsVFotTlBWNVFKYVg3SFFwVEtJNUtRNkFHSFpBb01vb2poRDhDY0hLZVFmbGxCVUhGWlpzWFBSZEE?oc=5,McCourt School of Public Policy - Georgetown University,2026-08-07,positive
Washington Metropolitan Area Transit Authority,"Data Helps Washington, D.C., Transit Fine-tune Its Service - GovTech",https://news.google.com/rss/articles/CBMimgFBVV95cUxNUU5LVnkzVW5XeUd3bFc3TnZiLTZHRFo2eGdhS0hhU3FPUUUyR1JLRkFYQmphX25aQWxKZlhLeHFubndiRWpDa3NaRFpwVzl4dGt2WHBjakF2SUpzQkE4b2dRUVdZV3JhdFh4N2Z6QUhOcVlWeU5IMXJEQ2liNzZweW5VSENRaXIyWG1nLVlXblNha1VWTUQ4SDhB?oc=5,GovTech,2026-08-07,positive
Washington Metropolitan Area Transit Authority,"Red Line delays caused by water intrusion, WMATA says - WUSA9",https://news.google.com/rss/articles/CBMi2gFBVV95cUxOM3lpQlg2ZEg4akhNQVdaV2dBS2F6dXhWTWl6dERmQUdYOFNUNWdxS2doWnNnU01MTDdCMF8yNkdVREt0eksxVm9Qb1ZMYWpMX0VSVEh0TElrOHNwTnNuelNkVDFFQ3ZKaGlRLTZ4SzJkdV9fU2F2ZU1VOEpLOG10Nzlob0VZcGpfeVVPVGFCaC1kR0xENVFaRnlUVk9TZ01LeGdGaXFmcjhqMXpMUEZyR2tGb0tUTnJJZF92OENLSzZpbXJQRW04eVhnWFdMdS1rYmpxeXliT1Yydw?oc=5,WUSA9,2026-08-07,neutral
Washington Metropolitan Area Transit Authority,"Washington Metropolitan Area Transit Authority Continues with Phase 2 of the Bus Shelter Replacement Work at Shady Grove East Metrorail Station in Rockville - Montgomery County, MD (.gov)",https://news.google.com/rss/articles/CBMiiAFBVV95cUxPUDlBcHZrb0FsUndCTi05NHp1S0wzbGo2SmZrRmJ2aFdiNktoWTd3YU1CR0h2SW9QcDZoWVBCYjhqU2F0LUVYZnhKekV2bENxdG9BcF9sSjlWVW9ibWkzbGJnSnd3WGEtaERNeWM2ZHRla3E0WmxuQnZET1RzNmFpY0NTdWVFXzhX?oc=5,"Montgomery County, MD (.gov)",2026-08-07,neutral
Washington Metropolitan Area Transit Authority,Opinion | What is undermining the recovery of D.C. transit - The Washington Post,https://news.google.com/rss/articles/CBMitAFBVV95cUxNbHQxNjA5bnk3Nm5nY3l4dE9URC01dFZUU0drOEd2REhWWTVUa044dmp6NkhSUl8xYk9EUVQ3VWFLNDRvYnlpUnlReUhKZG9lRngxWnFoQVlydVBqTWdpakc2dE5yZ0FpdmNVb3FOeTBzcHlTaUVFVDNaQ2N3azZGVmVRYTZ2T2F6UUtzaHROT1M3OEp6QUZIR2ZuakdYaWJYZkpRSzVNcHBjV0J1U01YcWFyMFo?oc=5,The Washington Post,2026-08-07,negative
Washington Metropolitan Area Transit Authority,Metro Red Line trains return to normal after day of delays - WUSA9,https://news.google.com/rss/articles/CBMiywFBVV95cUxPeUc0dEV1T2FBM3NGTFRfbUlUZDFuWW43aUNNdTR6alRQNHN6MmQ0QWUxWF90Rkc2bEh3bHV4NnlpdHRFbVVzenpEZ0VHcTlOV1VMLW11MFdmVUNEdnpidTRCZkI1eG5EdmlhUzJkZUxjU2RDOW43OFZ2a1pYcVV5OG1RZmt2U1JmdEtZS0lSeXgweEVXOWNwY21OX0tGVW1fNUFiakRlZ3BmTHpJX0o5Uk5iOGhWc0RYeGNKelZKcURqSE9ibFNBR0NNOA?oc=5,WUSA9,2026-08-07,neutral
Washington Metropolitan Area Transit Authority,Record numbers rode D.C.-area Metro on July Fourth - The Washington Post,https://news.google.com/rss/articles/CBMingFBVV95cUxQZk1HSFRkLXYtUldXZ2FZNzdGRVlQSUJCejVBZ052eGU1WWNjbXY3YzNwbWNHeERsMnF0MDE1T0JOaEkyaUxFZEdQRFo5Z3Jfd1hXMGRiN2FBLWZqNVFBcTZzd1BWZlpQQlV1SHFUSmRqd05YSFhyTllsVTk2WjJ2MndsNC1wQ3Q3RUh0TkVmaGZtaGxGUXZFTlVmTVhlUQ?oc=5,The Washington Post,2026-08-07,neutral
Washington Metropolitan Area Transit Authority,WMATA releases list of major disruptions to Metro lines in 2027 - WUSA9,https://news.google.com/rss/articles/CBMixwFBVV95cUxOUEdtemJkdlhkeU1vbTJkRm05VWdRZWpCZ1ZDTmZKamZDRTFFV09DZXRvNFVfbG13dXljeDRvWk43bVdSY0lPRE5CelE5ak40NzN4RmNxSXFqOEhqNkF0eXd5YTFhSnVvcFYtVml1Z0xtUExJZmlkbFk3UW1xOGtMNHJ0UUk3UWxaM0s3SEkwV3c4Y25ETGh1eGstSDJNUzRjWVVSbVg3WndScmc4U0xTUHduTzhZNEVpVkpUT2lIamRCbkNFNmxv?oc=5,WUSA9,2026-08-07,negative
Washington Metropolitan Area Transit Authority,"After brush with the law while with his goat, D.C. man speaks out - The Washington Post",https://news.google.com/rss/articles/CBMitAFBVV95cUxPbUtwZlJLbEt1NDVFQkdIVklubjVONkJEaTN2dEpWVllwUmJ5MzkyaE1TeXFIMkZKanVUUVFuUm1ic2JHTVV2T3FNU2ZuU3BFTXZVajRDLUlSMkxoNnNBWEgybXBXTnR3clplazVENXdDRlJtMWtVaU5CYi01cWppMlVrM0VLdUlCWU5nYVFVUFIxSWNFeGRFaGxxeW9CV0NmSnhjaS1la0FMUFN5VHYzRHhvejI?oc=5,The Washington Post,2026-08-07,neutral
Washington Metropolitan Area Transit Authority,11 injured after WMATA work vehicle hits Metro train - WUSA9,https://news.google.com/rss/articles/CBMi5gFBVV95cUxOMXhxMTZ0UDhieFFjaGhKUVVlMDRwZjQzWVZUZVhDd1JhQU1ibDk5WHFmSkdUNnQxNjBaQlhvNjQxaFNUVGlEZ1A5ZzRZZDZHZThNbEVUQW5QeUNqOUNFNkk0cGZERGtzdUtrR0dLYnM2Z09rSk91OU1seUU5Tm4xekNzRFN0WUs5ajBSOGhlN0hBdEJxdmNJa2loUWkyMU9GQVJZSVMwRUhsV1pKcFkxQkZtYzVzZzVDbWRsRXM1ZEc4c0h0Vmd2UGE2dC1QeFJINWotWjdQdHRObThIYkY0T21zSmRQQQ?oc=5,WUSA9,2026-08-07,negative
Washington Metropolitan Area Transit Authority,WMATA to vote on budget plan that includes Red Line automation - FOX 5 DC,https://news.google.com/rss/articles/CBMihgFBVV95cUxNUEVVMXZ0bENRSVdEamI3azh1U2dGRC04aWpWb0hhUWgzdG1EV1VVQ3BfTFowRE9feGhjX0FwZXpheF9vRlZHRzRWRy0wY1J0YThRSnNsMy1HcVdzLTVIYUtfRHlWQTZBMlBXaklDTlByaHlzOFdrN2otbjdfS293Ml9lOHNaQdIBiwFBVV95cUxNUktDZ3dIdFFmYk4yMDBYREl0UFJjem03YnRjWnlPRkhjNDY2YVh3dHhOdU80Z1V3OXNkZ3Jvb2Z3TXFqTEhJbFY5Y3FWVXc2TFdmU3JmVHd3c0NyUXJfN0I2bnFnOHVHT1R5OU12R1JheHlSVnZseENOaVdIeHczZEk2LTNyUUZFbXNv?oc=5,FOX 5 DC,2026-08-07,neutral
Washington Metropolitan Area Transit Authority,"Metro’s original railcar is on display, orange carpet and all - The Washington Post",https://news.google.com/rss/articles/CBMiugFBVV95cUxNZTl5ZXZYRk9RZ2QxWXE2TGdEcXQzbkZhTVQ4bWNVSWcxWEVUb3lxYkVKeTVzaWZYZzVqeHJEQzdoM2RDMTRtc1VqNTJqdDc2NWwtTVV3eGV0elBUazRETm95S0NMUlpfdGlHaThVM1FIU3lSbG5FbWJEZlNCVENsUEZZLUdNMVFSbDd5bFhVTFZrcnQ4ZGltX1p0d1ktNlVVTlJoWDNxN1lsWkpycG9YeTJlanVOdHYyb2c?oc=5,The Washington Post,2026-08-07,positive
Washington Metropolitan Area Transit Authority,"GU Expands Public Transit Partnership, Introduces Capitol Campus Programs - The Hoya",https://news.google.com/rss/articles/CBMinwFBVV95cUxNaUQ3Y2RONTZKMDU5UndkUXhiWUZoa2d3aE9yemdsck9DSzJzQnM5MS1FeUdXYUthYzdMcUI3ZGdMLXl5bHV3RGlSQ014bDFKaTh6ZEJaZTFFUDNkSzBFVmplYUl1dWsxNnJkUHh3bjJvUDVTcWtZN2NJTThUbU5LT1J2XzFVdG1HVFN0aUx4VE95ZWNMenRhYWNLaHBBWjg?oc=5,The Hoya,2026-08-07,neutral
Washington Metropolitan Area Transit Authority,Metro cracking down on fare evasion after 70% of bus riders skip payment - WJLA,https://news.google.com/rss/articles/CBMiuAJBVV95cUxOWXRmd1FCNEI2UDRkZDJTWkRvbjZweWYtU2pNUFAydkdtVmNXb1ljbmxHZ1p4WUg1OElUTy01QTNKRHhNbWw1VVM5QTVvYlY2UlRrSHFpdF9GdVdVdGxpOHZGd19IUkl3RHFMdmphdUU1N0J5MXNiUTB3S2pvVEhDWUVrbGQ2SG9BVy11TXhRSDcwdVNnYUFlbnNLWHVXVHFETjRReWFNelotTVBrUncweDBrNm5HejBkZy1pUHVVeGw2aVhSOGtoX3N3TFhZSGVEcW82aTBkZHNXTWItamxNWUVMVHNiVzNMR3NNWXFvOFZpLS1WZFFkSFIyZ0NPRHdhX1l2YkYxcXo1VUYtdS1hdURoclpCdXNFT0drQnloSk5UWmNlNmRESkdFOW9sR25CaDdNU1QwZlE?oc=5,WJLA,2026-08-07,neutral
Washington Metropolitan Area Transit Authority,"WMATA engages Indra Group for customer terminal, ticket vending machine upgrade - masstransitmag.com",https://news.google.com/rss/articles/CBMijwJBVV95cUxQaFJ1MjlFRTJWSEh1MUI3d1YyT0tVemp5c3ZsNV9oWlBMSHMzUDgwTUdRaVpaUS0xMlVHdm56V18taHd2MWFpbnBCUURaX0NOVkVlcXJSZ2xDSW1jdkhJcVdKNkdPdFdwVHA3NlpSOENhVFVJZzhvaVlGOW9nWmZFUFpDNHNIa1NwYzNIVllxTHZWLUg4WFJ4TFZEYVA4clB2SF9HXzZyQ0ZrZ0RBN2ZQV1BXSHRYbF94RjJJVXBPMjVOVDY4TkZGRjhCekgxcWtEM0l2cnVpdm9WOTZhQ0laX2NSVy1LeHN2MTBsd24za0Y4UmdZcTZ6MkUzU1dMdlAyT0xRanpsSkR4bW11WDNF?oc=5,masstransitmag.com,2026-08-07,positive
Washington Metropolitan Area Transit Authority,How Metro is preparing for this weekend's winter storm - NBC4 Washington,https://news.google.com/rss/articles/CBMipgFBVV95cUxON0VrZVFsdTZxUzNtMnl5NDk5UWZnNDRZaGpqYU5iWTlhd1dHQ0FhMGRUYWhMM09GS3RUOFowWmdQUlVtaTRTOV9ydkV0MF9zNEpJNW12WkdJMTNLb21KNmQzMGZYWU9qVUt2ODdGRW5Ia3RDNXlnZXJCdTVNYTEybEIwU1ZCWldhdTNLaHZiYmdGa21ZaWdxa3ZwODFwdlhVa0x5TXRB0gGuAUFVX3lxTE9pRmJOTjRUbGZ5X0FicF9laVhwVEJGSTNncTQ4RlhueDdEYWZZcGVNa0h5LXVObnNBSTlmRmNjNWd0UVdrMnJEalo4YjhDb2ZRMkJBQjBEU18yVWxOOXhpRHdEdFRVS2Rnc0g1Sk8xS0xuRmM3aXhYWGExWktVb1lmaVBPZVhmQW9qYm41ZEFwQS1JODJHWXFmQ0ZwX2xKUlFfZWVIck1jZFpLX0UxUQ?oc=5,NBC4 Washington,2026-08-07,neutral
Washington Metropolitan Area Transit Authority,WMATA fare enforcement policy raises safety concerns among bus drivers’ union - WUSA9,https://news.google.com/rss/articles/CBMimwJBVV95cUxQWUhBYjR3SVIxOUlaVFNOLWhJV0RYX0c3aFlocUpNSzFCbUxrZWM0MnZGcGpVck1CTHViRmI3QUFWNXYtWHZ0ajZnZ3dXODhhRDdWdlBwMkhEMDQxdVVCUjIxT1ZHV2xtcmkwWDBCd0FWMUtHRmd4VHdsSklVWEYtV2dOLUVfd09CWl9uWnV6cG1yRzNfaTJvV2pWSlRtQXUydXdlV2FxR2g4MVJ5LW53czAyMHF1bWkxRDZyTDUxS3ROanNDTW9XaVlSMlQ1MjFQNXF1cW9pX1VraTd2R1N0dWU0VXhTOHhGWXAzbG1DTERBb0RDcmlRNGhMV1RIZ0NVN1kyQ1lHV216b2daRk12TGpHNmNtSkZId3Zz?oc=5,WUSA9,2026-08-07,positive
Washington Metropolitan Area Transit Authority,WMATA Proposes Revised FY2027 Budget as System Marks 50 Years of Service - Metro Magazine,https://news.google.com/rss/articles/CBMirAFBVV95cUxPTHlJazhuenZ6czNRTTE5WUdVd3M1Y05nREV3S2hrOXFWdVp0eTlraldhcExqXzJVU2ZZTG5Rck5sMGl6dTR2RHRRZWgyc0drYkViMzNoTUxxZXJLWVllT0g3UVRGaGExZzJtMzA0dlhsYUZVYzdQS1hnakJOUnRsOFNsQlFMemttZ2stX3hSb0lHU2Z2RjJRalE0cHY0cVVYRjd2dDhUc01ybUNO?oc=5,Metro Magazine,2026-08-07,neutral
Washington Metropolitan Area Transit Authority,DC Metrorail to move ahead with plan for full automation of Red Line - trains.com,https://news.google.com/rss/articles/CBMivAFBVV95cUxPNVRoVzJFcmxyYi1XU2pZaTJqVmFMY0Fad1ZuUzhYbUVYRFgyY0FUWmpsVkVoMHEyaTRLdXl3SHNpZ2kycnFiNHk3OU0xem1nWVBWZXBjODg0RVh0ay1rYVU4bjRiNENzXzRXWTJoVzdDai1pZzJuSHJhdklrank1eUNzeGQzZTJKLUh4b0hYTlNZLVhIaVR1NUxDOHFLOEFzczZqcFQyaFpEVDNxTGdRc0phSUNmSWhuZUUzbA?oc=5,trains.com,2026-08-07,neutral
Washington Metropolitan Area Transit Authority,Transportation officials face pressure to get DC's transit system ready for the new RFK stadium site - WUSA9,https://news.google.com/rss/articles/CBMiiwJBVV95cUxQRFg5OFV0NXczVXpfNDk1OWtHbHc2STd4YVZDa2xZVlZTa3RJU3hIN0FnVEhPa2lHbVpFRlFlTjliekVwMGltSV9ZdmItQkRYMFloLXNtSC1YaFI5aGx3OHhIbHVqQkdjcW5pTkxRMDlNZXBjQkFSTEktckFOeVMwYm1US2RyTVVCNnp6WlRjOEhNZm4yeW5SVmpFN3VVejZkZUJMODZ6YzZlWXpSZ29pd3B1dWRneG1aZl85YW51aFl3Nng0cEloVWs3dFNKZHFUOTJWQTA1OWVqZXFCUF81djlLcU9RNTUtMlBsU19vOEZ6cXJSY1BoN3M2bUtueXZncmxla05GNWt5QjA?oc=5,WUSA9,2026-08-07,neutral
Washington Metropolitan Area Transit Authority,DC Metro Accused Of Denying Benefits While Skirting ERISA - Law360,https://news.google.com/rss/articles/CBMirgFBVV95cUxPRVpKWDhKbmw4enIzR0E1cVJncjlONXVYUkxYeU9BbnJVVmxQUno3NS1kVkh2YWtHTFpjeFlLUjBKdmRmcUw1UGI2SXRmUHpJS2c2WTlaMzU2UGMwSHcwYVFnMTZPdzVWOXpnUEIya2RwZDBNczBWNVhQRDQwNXdoc2tuQzhnQXlmaTBCVWt3d0hya3JaTmZKVXJfS0NBUzF6S3J2NWJYTVdUb2lBYUHSAVZBVV95cUxQSkhsekEyVm43OGpMeDV5UktJS0l2SGZldnZPMDZMRlMxSE5YUC1Ya2QxN1JBdXh2T18xaktnY3VJUVF2WlItcTVLVFctTjFPWWVMVnVYUQ?oc=5,Law360,2026-08-07,negative
Washington Metropolitan Area Transit Authority,Indra Group to Equip the Entire Washington D.C. Subway Network With an Advanced Customer Terminal System - GlobeNewswire,https://news.google.com/rss/articles/CBMihgJBVV95cUxQWVZEUENKYzJ2N3NRMmdkVUI2OEY1dFo2VVhTUDBGWldYX1lEQWZxdnV6YkpfZkdNRW9IQTRxRE1QLUxEbDlxelh3bXl1TGhpZzFqbjJOUkJ6TjlZMnFYXzhxSUp1V2xZQl9vRWJndGNyVEthOWxZck96Qzk5SXYxZUVYSklROXF0aDZzRF9mNXROejZjbUEtQ1lDSnRXaHAxNm1uR0JSS3JLam5RWFJZbEVJUVYwbDRtbFdITGJ5c3NNb2p1WlU1V0p2WnpjLVZKTGNWOFBaN0p5cXVrelFKTVVIY0U1Y1UzSDdSelY3ZWFNMF9kd2xXVHFQdWlFTmFQRjJjZDhn?oc=5,GlobeNewswire,2026-08-07,positive
Washington Metropolitan Area Transit Authority,"Months after ending the DC Streetcar, leaders are considering a new transit line along H Street to get fans to RFK Stadium - WUSA9",https://news.google.com/rss/articles/CBMiwgFBVV95cUxNRE1HTTAxUzZRNTdDQzhBMUNHdWdnZUczZjZkeHBvMktlVFdHWkZvSW5QU2xwX1lkN3BmenNUQ3JyY0xYbDJ1Wk8zdnhSOVpxLWNuNEUxb0ktTG9HTk1Bckd1eXdXTEtMVGRvcWd5TzVVbXBleFVvYjEzN182QTlNOGZnYm5tcFN4MkpSQ2kxQ3MyUHRrMDloV0IxOTNSZ0JxMGdXUVRJbEVrd2FQS0stWUwtZWpMcmpQXzBmMHFQYTlyQQ?oc=5,WUSA9,2026-08-07,neutral
Washington Metropolitan Area Transit Authority,Olathe manufacturer will upgrade ticket terminals for D.C. metro system - The Business Journals,https://news.google.com/rss/articles/CBMiqAFBVV95cUxObmwxbXJLUUZqVklRdDBYcnJoLXNYdm9ZSjZHdDhSTVhicGlWNzdjUlM5QTA5R3Y0U1ZGZXNUb1JENGRsazVrUEJ2SUY1ZnBxc1haN2U1Y1o3SC1oX0dlNWxCMER0WFU1TU5wWDRkNTNwak1DdG5fZ2hfdTR3X2l0QVNIN0NSOHpQNlVrUXhrTzFkMm0zeGs5bTJKeEhDYXFkWVZMVnZuWWI?oc=5,The Business Journals,2026-08-07,neutral
Washington Metropolitan Area Transit Authority,"Mayor Bowser Celebrates More Than a Decade of Delivering Free Rides to Students Across DC, Marks New Milestone of 450,000 Kids Ride Free Cards Distributed | mayormb - Executive Office of the Mayor (.gov)",https://news.google.com/rss/articles/CBMitgFBVV95cUxNc0R0TDAwWkJmdGFvZmgtR3dBeVp5UGVrcXdvYjV1Q2tteEtBUHlVaGtNS3BHSXpLQThTV3A4dl9XUmlRT0J3LXVPMU03N1lQNi1uVnR4YUxuTUlYcUJXTHc2V2ZRcTRmWGtGZXBDRGNoZmdnMm1GTlVsZmxnNGU4VFVidWx3SlVnbnNzYUZ4dG5YVDBObGFKMTQwVWU4RE1HSUxpVHZEaHRuaEFqbTYydnBGRnlPUQ?oc=5,Executive Office of the Mayor (.gov),2026-08-07,positive
Washington Metropolitan Area Transit Authority,Crowell & Moring Relocates D.C. Office to Newly Redeveloped Space In Penn Quarter - Crowell & Moring LLP,https://news.google.com/rss/articles/CBMixgFBVV95cUxNLTI1bzVOQlFlSk84YnJZR0JTVlVrY2ZZUnFUZU9OTmh5M0dScnRZTWFQbUwzeWVmX1AxNmJmaWdOZS1WTUl5N0hBT1Bnd0E2bEM5cy0wYnB0RmtwS1Atc09lcGFNN1ZYRk9IdXliS19xdjFaZm1RN1ZnOWR0am9pUEs2M0h6Z25Sem52VGtaTWFDMEJybmthRDcxaEtyVGxCX3VLeWtKSjRvUEVnS3dFcGU1MnRyeWNRUjY4WGFhOFIwLTdtd1E?oc=5,Crowell & Moring LLP,2026-08-07,neutral
Washington Metropolitan Area Transit Authority,Metro to stay open late Sunday for White House UFC fight - WUSA9,https://news.google.com/rss/articles/CBMihwJBVV95cUxPS2tOVUh1eEw2VmJNc1pYd0xrRlZLN3pmTnY4b3Q1NnAwUXNLWFEzTWp5TVRVN1pwaVU1OXRyZWdZdzlULUlQT2pBNllLeHA2RTVpX3ByVmhpdnQtZXhoRXhTRWliZlVXeGNGRGExVnNMa1ZBX1hFbnRNbzI0eFNCVHlLUXFpSVJ5aXhDTjQyR1I0VG45c0tFb3J2cU5la2p0eWJaRGNMZHBaV3dEX2RJaFlsSkFPSm1Hbnp5VjYxQ01xT0wtNUFhRGhfMGxDN0hhTDlQU2ZIc1dfekgtcDIxLUNJQVNWNThac0xVb3BKQkl6dkktRXNhN3pHQXFQRVJtVnVsYXVQcw?oc=5,WUSA9,2026-08-07,negative
Washington Metropolitan Area Transit Authority,Stuffed frogs and more are flying off the shelves at Metro’s pop-up store - The Washington Post,https://news.google.com/rss/articles/CBMiowFBVV95cUxQUjNnYlBwdFM2dEpyRnJHdlpEV0wzcVh0WGVidXpiZnhFVXZPVDEtbVVkRkZuSGEtakRJejJUOUxJMXV0anFKeENTc1BYM0REcHJUdWlhcFVmcC1VSW1LX1NiZUlRVFNadXJ3XzZzSmF3cjZkb1F3MTIzZ3Ntc0xDQ2xHMFM3NnRZdHVzWEJyX01yYk0xVmFxOUhNUUZBaE5Lb2hv?oc=5,The Washington Post,2026-08-07,neutral
Washington Metropolitan Area Transit Authority,"WMATA Adopts FY2027 Budget, Boosts Service Without Raising Fares - Metro Magazine",https://news.google.com/rss/articles/CBMioAFBVV95cUxNUFNIcWpXUkFzaGRBOEFMa0J5dXlVRHFfQUx3QzdINVRkOGpnQnA5aWVHWFVQMWNwdXpuWUt4dTV3OVBJb3FYajlySGtCWWw4SWZDTzN3aC1TeWY2d0JOSENEMXQwUm1abC1aMXhnZXBCdkx6RzN6emJ3M0R3MDU3NnBsLVg5U01aTjdoZ0ZSSG5mRy10QVFacV8wcW1rcTNH?oc=5,Metro Magazine,2026-08-07,positive
Washington Metropolitan Area Transit Authority,Why is PETA suing DC Metro General Manager Randy Clarke? - WUSA9,https://news.google.com/rss/articles/CBMiyAFBVV95cUxORFl2UW8xT0xBaGs2ZlNlNE13Z3hqRmdtZzdFdFhOeXhZREN1dkh0WlRCZE9yczUzNm1nRTVYTXJMTGh3SmRwNmd5blBNRF80VnZqOFh0aDdwbVpjYUk3cnBJcVo0UE5UTHNGRHI1ZXdwdUZ3blZScFBZZTZmQ2hoSWkwMWh0S004ZXdxdXJBQlZwY0U2eTIwR002RkVucjZ0WkFnZ3hpUWZFaFNRYUs5QW9yZ2toNFUwNk5TQUNaODRhcFN5X182cw?oc=5,WUSA9,2026-08-07,negative
Washington Metropolitan Area Transit Authority,"Red Line trains to single-track between Dupont Circle, Van Ness THIS weekend - WJLA",https://news.google.com/rss/articles/CBMipgFBVV95cUxQTDFWQ1BvbEs2SGJnY0wzMTRpN0Rhb2FKc3VJbk0wbmt5elp6VzI3Zk9tYXJaSlhGWlVMUXhfaHN2OTU5SGpzZUNkRVpoTkM4UWpNWXRLaFpyWFNZWUJwYmRYUHdTSC1ybTBGNmNEai1aMGlfS2FoellUWDIzMndEMGRuNndCd01VeVFvWW1mVmV2b2syVHJGMXR6VHVqcHl3alluYkdR?oc=5,WJLA,2026-08-07,neutral
Washington Metropolitan Area Transit Authority,"Metro’s Blue Line, Silver Line partially shut down this weekend - WUSA9",https://news.google.com/rss/articles/CBMiwwFBVV95cUxQSXJubVVXemJITEQzTWlqWWFJdVRCV09xRFhtQWlJOTRibUw3cm90c3ExRjE3cWY2alVwQTdjWjhrSW9nTklyanY5ckJ5bEk1am9jcUlGb2RobUtVd2M3RXB1LWlQanZLaHRpODdpMFFPM3JQNFR5a3JQYThhX1hCUksyTHZKT3pVSHllNHNudnllTGJSenozcG1JQ1FvLVJJZ2NjamtFME9qSEF3OEFDOU1ZbXNpT012YVRnMEY4ZlpCNzA?oc=5,WUSA9,2026-08-07,neutral
Washington Metropolitan Area Transit Authority,"A work vehicle hits a stopped Washington Metro train, leaving 11 people with minor injuries - New Haven Register",https://news.google.com/rss/articles/CBMioAFBVV95cUxOeHZubkI0M2JOYy0xQWlQamNmb01ta2JuaVZDOXlhYXVseHFuME5oNkxyaTJnTWhjelZVXzd2M2VBZU9BR21hSUFHVlVCc2xtYnBjSGVrdE9nY0gyWXZYWHVsUlNDSVlRdkhyTEFKSm5zeF8xSi16R19YenpQeEgtOVA1RXN6TUdaMm9ubW5kZWhkQTh4VFRvNmNBNjU3eDJn?oc=5,New Haven Register,2026-08-07,negative
Washington Metropolitan Area Transit Authority,WMATA board approves plan aimed at automating trains - FOX 5 DC,https://news.google.com/rss/articles/CBMigwFBVV95cUxOak5PQnRSTGJMbEtFVnRfYmFDbFhlUzZYSjVrcTdLOUxHWVFLOG9YLVlJQmRHSUtsSE14QlRUUFc5am14WnNPWVpJVHkzVFAyemhQSjdGTUZ4TTU3S09GNndLbDhKX1VzUUwyZTgxaUVwTW5BOXZZbkpkTFlENFY2ZjZTVdIBiAFBVV95cUxNUTBCQXFXQnZjNnNHc3NuQnQyaHRKbV9JSWJsRU1tS28yTnFXZnJWaGJyRHFSVmhiTWJFQVVjbURodnlOLVloVTJ4RjVNYnk0NkNCSVZ4YVh5STBzd0JCa1Y5dTF0Vmg4VzNQdTJfaUpBVTFzamZQOGpLdDc0ZHZvNFV0NGU1aUtW?oc=5,FOX 5 DC,2026-08-07,positive
Washington Metropolitan Area Transit Authority,Metro board unanimously approves train automation next step - WUSA9,https://news.google.com/rss/articles/CBMixwFBVV95cUxOVXdkbUgwSDc0Vjl4YTkySzJiZkVGMkI2NWJyRkdMOV92dnZRUHNpdUFWMDhvWXpGWmFhNkw0NDJZZDJtWkVTMFdWS09zNDd0cEg5aFdobFM0Nk1pQm9GNkY4NDkxYVlTWlNIUnVnbHozNy1TVU5laWdvaEZYQUMzUHJPZkhMR095cXNCa0phRGt1Q3JBYUlpYmplRFBTVnhlUUFXZTdJNUt3RG82akhxOWYyd0cyOHk3Qzk0bDljaEhMbmNxQ1dF?oc=5,WUSA9,2026-08-07,positive
Washington Metropolitan Area Transit Authority,Cherry blossom-themed Smart Trip cards on sale at 7 Metrorail stations - Washington Times,https://news.google.com/rss/articles/CBMitAFBVV95cUxPQmVSQmlJZHpUOFV0ZHd0Vk1FNXZtckluaUM5Vy1yUkZmYW9ZSHJYQk5KZnFzUkNaSlVVZi1JTnByYThMSHNoRkd5LXNtRGFhVEVSclF0eXRRb2hkLXU3SUVtZmZiQXcxaV9IRV9UUm5EWE11VmZHMk9BSTNCbDVMbFFwbVl6Z1lEQ3NBQ0VTUzRKRjZpNmpfZDBSdjdUOHFEMjQ1bnk5ejZSa1pBaDUwXzdudEQ?oc=5,Washington Times,2026-08-07,positive
Washington Metropolitan Area Transit Authority,Regional Leaders Endorse Increased WMATA Funding - aptapassengertransport.com,https://news.google.com/rss/articles/CBMijAFBVV95cUxNaGRBVFRDZGVPN0pjV3NQbFN3NDJkT3dtdlBXNFpJNmY3cWNWeHdHQ2NPSGNON1BleGJiV1BGb3o2cEVQUlhXX0RDQWcwdjNhQjJQV2dsMDJNS0ZoaVVNalROcUpMdWdxYkZ6MlQ0cXR3WnNTUmZEaVR0aWVPVTZGX0ZwVFJZWW1kUUV5cQ?oc=5,aptapassengertransport.com,2026-08-07,positive
Washington Metropolitan Area Transit Authority,"WMATA Marking Metro Rail’s Gold Anniversary, America’s Semiquincentennial - Railway Age",https://news.google.com/rss/articles/CBMixAFBVV95cUxPLWU4Qkhqck4yNlpZOUh4Tkk0SlpZM0ZPdnB3VUpJMXdMY2xSVnR6T3p4ckNXR05tWXZSS25zYzdhbnpYLVhRbWJZQjFMMFhiUjNFdVJIQ2R6dktZMjdLQnNxVkNUVy0zZk5pM29zQTBrbnJMa2VtUTQxZUg3LUg5VjQ2R1NaOHo3Q3NwdGVpRFNuQmVIRml4MEhBOHdvYmlxWjc2U2xnaFZoN21mWXh6Qk1iZFNUd0R6bXZzS0RBR2VGOWRf?oc=5,Railway Age,2026-08-07,neutral
Washington Metropolitan Area Transit Authority,Foggy Bottom metro fare evasion rebounded in 2025 despite enforcement surge - The GW Hatchet,https://news.google.com/rss/articles/CBMirgFBVV95cUxPTXJTMEo2TGhnbDBoWnd3aEpUSlRCME9rVFMzUjJXLTZNZllfcUwwdjFEaENHa2RuZ2xGdXpwRF9VZm5XZDlDakh5RlczSjdid3NoN0VKbk9KbW54Y09CYmp6a2FhazFVTHBZeF9fX0dnaVNXQWxiWk1FWVdndDBWczlCWDNwbzh2aHFKS045MzA5Q3loZElYbGRMZXlESVVlcnVWTG8wYUlvZHVpR2c?oc=5,The GW Hatchet,2026-08-07,neutral
Washington Metropolitan Area Transit Authority,Crews clear tree over tracks impacting Metro service in Virginia - WUSA9,https://news.google.com/rss/articles/CBMiwAFBVV95cUxNTGtybjIzb1ZGVWlVeXNvbVlMcWJ5bWxXaW5mczU0VHVteW1yZm9NdEIyaTVsS05Ea0IxQ1VXUlVyaGktbmF6aXlzaFprb29CUEhHemFGeVpTTGQwS2FPb2VCczhDZktzcmJoWXFPckxSRGRaRkU3d1UwZDJ1YXFGNG92eFM0TUEzbzloLTJuTThvS3pHTHZSd0JkUDYzdTBUT0YzN2dFX1FyZWx6WDJ1Zm8ySmFPZWZXZDNiUVdmNGY?oc=5,WUSA9,2026-08-07,positive
