company,title,url,source,date,sentiment
Boston T,Congress Budgeted Billions for Big Transit Projects. Trump Isn’t Spending It. - The New York Times,https://news.google.com/rss/articles/CBMieEFVX3lxTE5STTQ2LWlvSlRoNWhSSFRTYVpvUWstb1ZfUVdWZXp5Vi0zNVRJbHlZM0I4SDJBYkdmNXdzNXh5NDVUWFVOTHBuMkIxeGhIbXNIX0oyUktUZVN6aDFFUFBlLWZCTU5lZzc5THgxN3doRXVHeVZmMTN0SA?oc=5,The New York Times,2026-08-10,neutral
Boston T,"Country singer RaeLynn files for divorce from Joshua Davis after 10 years, despite her past vow against it. - facebook.com",https://news.google.com/rss/articles/CBMi2wFBVV95cUxQd2lSNjNjYVp3OHJHY0ZSakZsXzZHQjY2S0Y1eDNwc0s0UkRpcVlWV0FFZk5Tby1YRHhSMXBEV3BLTjRPQmlBUE40amgweWNPb1I4XzNQclA3eVhreGI0Y1ZZN2ZyNWJ3Q3ItWEl5TXJPXzRhdUlrb29PMklmdVZrSk1nM2JOQUxTWG1kYlp2cUZYZXdzLWdmWGNQTEdaejdEck5acUwtRVFpRUU4TzZER2xwV18wZ1ZoZy1JMjZjSy1JWVJnSGVUeGpydU10X2FqeThaeTk4T0pEWU0?oc=5,facebook.com,2026-08-10,neutral
Boston T,Three MBTA bus routes to remain free through end of year - The Boston Globe,https://news.google.com/rss/articles/CBMikwFBVV95cUxQdklPRFYzXzJMQ2VpaVBmZjkzUGljQ0RmMjVXRHA4ZWM4Skc0XzBybDFDZjdZZ0lHZXZfeDFLeWZlUnFKRC11UGN5cDg0MjlsNXljVkdBUDJUNm5jVUJOeWlQYU5nTmdCUktQeGhNc0RBWkZlS0EzemxMMGtGalBTeG5oM3g1amNILWhUTEtsaG5wS00?oc=5,The Boston Globe,2026-08-10,positive
Boston T,Harvard Houses as T Stops - The Harvard Crimson,https://news.google.com/rss/articles/CBMifkFVX3lxTE5hczZCX2dFNFdwWllEYV9ma1lneFdUVVdfZmlxOXFDSjdRdWtZb3FhYWhaUzRmVjNQa0Jvb2VpLWpsWTB1TXZWQ0E5UFNvcUExODZRNFVjRjl4TE9tUWZWRHN2RG9naWxsUUt4NTF0R1hnV3NUdGFSMkQ5UTljQQ?oc=5,The Harvard Crimson,2026-08-10,negative
Boston T,"PREVIEW: Blue Jackets get right back at it, hosting Bruins - NHL.com",https://news.google.com/rss/articles/CBMimgFBVV95cUxQYS1CM0pZTjBNMHJKYkt3UE81WUpmZHdyLWZrOTBkQ2M4Vmg2cmlJeVhsVlRmb2diZGNheDd2TWhMLUlFYVlRY3JfeTJIbWpZbHQwdGt6dVZ3T3BjMWV3WDdacTdFS2YtVXM0bXFjX3dlWjRRV2ZoQkEtM3hNWUVldXp6alFpN1N5R3ZaQ0c4VklxN3JLSkdiQ1Jn?oc=5,NHL.com,2026-08-10,neutral
Boston T,LOC Boston T-03300-03379u - HistoryNet,https://news.google.com/rss/articles/CBMitgFBVV95cUxPTHd2WWtIVUhDQTYtc1l3NnZqRE5LQkNheEJON2drckVRSUo0R1hkSnVWODVBblVnWk1ZVEh6Ql9mSk5mQzI3XzhYRk0xX1dTTm9FRFpaOTdsMlIxazNSay13MGxEUHZwZHdWTUVWQlFLR05ndVBKdVN2bGVLaExaSXRjRVl2aE1sU25KbGtuZU5lMXd0TmVfNHBLdUJ1c3Q1WXFwZGV0N2lxbTJDemZzWTJXWWRGdw?oc=5,HistoryNet,2026-08-10,neutral
Boston T,Tartan Army toast Scotland’s World Cup return: ‘It’s a once-in-a-lifetime opportunity’ - The Guardian,https://news.google.com/rss/articles/CBMioAFBVV95cUxNdTRNckRqeFZOeTBsYTE5UUpQZEEyVkU1YnprRldadVhpc1BPckZqc0gzNUtHRGVJSjZIYkZEcEQ4N1VPQVB1NjZtcTR6Y18tempYb005YlRNbUQ5akRTSmpxS0pucmVDdmxqNHhaYWtnQjAxM3VjZ0xHWnp1Y0xfSF9sbVV2T0hZM1JLLVltVFdvZ0lacS1mS0VMUTM1TzRf?oc=5,The Guardian,2026-08-10,positive
Boston T,Scotland fans optimistic as they arrive in Boston for World Cup - London Evening Standard,https://news.google.com/rss/articles/CBMiggFBVV95cUxQMFU2dmhLSm53MDJsc2RUMU42SWNiWU1KTng2X3hGa2hWRDFUYTk4UXlua3RLRUpUUjZZeE8tbzNRaVhscGlXOXVrakJrZFk5REFRRXJLYk1CeVNGVnZPY0UtR05DbzJsZzFlUkl1eVVObDhHeGFRT0o4djNYTmplRHln?oc=5,London Evening Standard,2026-08-10,positive
Boston T,"For T riders, the shutdown fatigue is real - WGBH",https://news.google.com/rss/articles/CBMijAFBVV95cUxPX3c0d2tHUDFMdm1sT21kdnY3SUhULUctQ3BhWXpoZWhqZC13eGR0ZUNxWnZMQkZfNUdidmE1YzhCc0Z4Um4zU1VWbVJKakc0M2FudXlJcldkV0JraGd1a1NseG45MnpoWmtGZWdDSERZak51SXhNRUR1R2VYeWtlczhMNVdjWTcteW1XUQ?oc=5,WGBH,2026-08-10,negative
Boston T,"Here's why the T is so slow, according to a new report | Radio Boston - WBUR",https://news.google.com/rss/articles/CBMihAFBVV95cUxNaEhPT2Q1NUNtczlpeFFwRFJMd3A4WjI4dWhmdnBBX3NLWWZrR21UMG0wcEVENEZDWnhERGNwZS1ubzFjaDNRU0w3aFdCMXN0RTJuMlZqbUZxd3h1T3ZoVkdXVGl4RU1rd1JXVEVzeEJTaVhYTm15YjNOc2I2NEpyVE0xRms?oc=5,WBUR,2026-08-10,neutral
Boston T,T Riders Can Soon Tap to Pay for Bus and Subway Fares in Boston - PaymentsJournal,https://news.google.com/rss/articles/CBMinAFBVV95cUxQM0ZESDRXZXV6ZzlDZldKMnFIT2ZoOURIOVBld0dtN1QyWWt5VktndHpDcExTU0dLTGgyZkZ0VkNjMUY0dE5xQ3FOemFkaEpqei1IT0pUS2M3MVdqREJ4d0JiSUhjNkJJcDBtWmkxbzZ6OHpGYjFjekFmbmpkbHFRN2p5c2QxX0V5SER2WlNqX1VIVUVER3k3UFQtU1fSAaIBQVVfeXFMUE9ScEF0dEtPbjR5TFNEU0F4YmdPVU1zaExJemRtNUNiSmFCVnZkdmRXa1JYQUR2RHA4M1g2QXZGdmJRcXVLN25yZTNLWnN1UzRKMTM3N0RpcnFYTjVJc2FhcW9lMjBwdkhOUDlEbGlGRmRyQVFiTjhaLWxFSHFpMlU4U18xTU5HcmFTbUdkckRSNGU1eEhGbzItMzRMYmhlNW5B?oc=5,PaymentsJournal,2026-08-10,negative
Boston T,Getting Around Boston: Guide to Public Transportation - TripSavvy,https://news.google.com/rss/articles/CBMijwFBVV95cUxQY2g5NjdMWEd5RWJfQ2p5R2V0WnVWQWROU0piUFZrVVpJenJLLV9INFdEc0RFd3pLbWtpRmtJUGw4WkMtQklRUGVnelZYZkg1LUIyVXZWMU1xQ0RQYng2ZU5CTG5LVFNHWDQ3SGZMV2tSR3pJSjM3Wnd0UEFrQlhNVzhGQWtLU3d5bUl2UVgxZw?oc=5,TripSavvy,2026-08-10,neutral
Boston T,Tufts Celebrates Opening of New Green Line Station - Tufts Now,https://news.google.com/rss/articles/CBMieEFVX3lxTE9Dai1pdW9jdEE4bEpuVmJaQUlqek9jMVBHWi00MmRBT283bFdhalZRXzVpSGZKbEktMnZFOHRQZWpPNHAtWXBjWG00c3pMN0tJRVN4aERXT2lTamRlNTVYOFV6RDhYRU1aWWNJS3gxcGJKS21rSVplNw?oc=5,Tufts Now,2026-08-10,positive
Boston T,MBTA forecasts warn of big budget deficits in coming years - The Boston Globe,https://news.google.com/rss/articles/CBMiiAFBVV95cUxONmtWRzQwcU93dENMdm5YVHhfYlNWMFdUMk80Qlg0YnplbzdUM3lyTnBRYlZBck91T3B3Ti1lclV2WS1JMDFFTmMwdzZfZFdpQXNKc2xfdkZ6NElHR0h5QVROaW0ycUZ3WGV5dmRmSWhyTWN6VlhzOXJlTGtLMXB4OC1SdFRieDdQ?oc=5,The Boston Globe,2026-08-10,negative
Boston T,"How Boston T riders, drivers and bikers get around the city - WBUR",https://news.google.com/rss/articles/CBMinAFBVV95cUxPLUFLa0pEQlpnUFBiRTBrSUN6cC1jb3Iwc2NwMDlQd2pYZXQ4dHhwdXlkVUVwNzRsZ0R1Vnh3MHlKLUV2NEJUY1Jack9GVWZRbkJVWEpFeS0wMHJVZlFtc0pVUmNMZFFTZXpTd1dfdzQzRHFjSWdEcU1aUnFaYk1UOWdTZkFnT0xSRDNtb2ZReG5pRzNhMkhyU2Z0MVY?oc=5,WBUR,2026-08-10,neutral
Boston T,"In Boston, All Aboard Googly-Eyed Trains (Published 2024) - The New York Times",https://news.google.com/rss/articles/CBMieEFVX3lxTE43XzlFV1dLcnhTYWxNSGJLTXZVWURHbDdpRHo4SWI3X0FiMEVZMElyZ0QzQVdoMU1WOTh5aU1GNklObmVnbXFPcXExcXpRLW9BRm10UWh1S3dtUjBDNDlVZUdmT1p2QTFtY2hQZUZUcjVtUHZ5Q0lRag?oc=5,The New York Times,2026-08-10,neutral
Boston T,How to Park on the Mass Pike and Take the T Into Boston - TripSavvy,https://news.google.com/rss/articles/CBMib0FVX3lxTE5SVVRXSjJBTXBTTEhEb3ZKZG10N0tPSEtBY3ZWSmlTUUkzMURfelRJaVhhdnUtUzZzVnVQT0t4TU4tbnhjMGI2QnBkRnd2QWt6VVVOR0lwWkxsTFZIT3lRMzhieTR0SjlaeExadVd5cw?oc=5,TripSavvy,2026-08-10,neutral
Boston T,"When the voice of the T officiates your wedding, you’re a transit superfan - The Boston Globe",https://news.google.com/rss/articles/CBMikAFBVV95cUxOdW5EQndPa3FZdnR0RVBWLUE4VUVyeHNkclp3eE8tRm9ESjRKR3Z0RmxuQVpBaHpvRC1FQmt3ZXdHNzh0TlQ1cndxalNtYVVhcHVHcnhsOGxKc25teTRXa1RaZlJMX0hTVndqQktyWVlRMmlPR1d3LXFkekxZcUdtb0RBWFdxaFdjRGZNcG5LT2Q?oc=5,The Boston Globe,2026-08-10,neutral
Boston T,Poll: Residents say MBTA is unsafe and service isn't great either - WBUR,https://news.google.com/rss/articles/CBMieEFVX3lxTFBKM2ZpbTNEczEzOFB6QmtfbDVlaHowWGlkSDNsU3BhWGJkT3pQOWp5cG5fTDJtMHlWcWtTdVdEX0Z4dXNwd3BiNHJ5MzdMQ2pNR2piWWFCV0J2UVdjeWZrS0V0UUdVYVRvU0Nham1OVE0wb19HQmJ0aw?oc=5,WBUR,2026-08-10,negative
Boston T,MBTA Green Line service at Union Square reopens ahead of schedule with all slow zones lifted - WBUR,https://news.google.com/rss/articles/CBMiigFBVV95cUxPUE9mSFFEeTRFcV9ZWHdoV3pUZ3kwOU9UVnRCYjMtYS03SEhVbi1UT2FrSTI2V1VpMTc5TGNPWF9JVmthM2ozRTJadDRzdHIzdk5YSXFrTWxNTXd5dmlpT0lxSDZjNjFiU3doVTV0czZvRS0tLWkwRHFxMF8wZHhIOXphYTNXQmY1M3c?oc=5,WBUR,2026-08-10,neutral
Boston T,Unlicensed Corvette C8 Driver Blames ‘Wrong Turn’ After Getting Stuck On Train Tracks - Carscoops,https://news.google.com/rss/articles/CBMiugFBVV95cUxPN2Zid1hwelczdnNsQkdGLWhwNTNHeEpPUjM3TTRneTRMeFlhVTRaY3VFVnhMS0c0bnBEeld0LVZqOTFpWTZqSTBoY3B5UndmUkVxVTNWdXR4cTkzWjl2M0xrcjZpVF9GTVlFcDhKLUVOMWh3bVRKRGxxZk5yVkNVVjNCMEJFYmhfeU9wTnlSVy1oM3R5ZzNTVmlWNHNsem1RcGdyNHFRUlRIWExCYjlXTHM0a1JEaEFkc3c?oc=5,Carscoops,2026-08-10,negative
Boston T,Quality Comes with a Fare - City Journal,https://news.google.com/rss/articles/CBMib0FVX3lxTE1mNWxFT3ZmZVFvcF9XYXdIeFVuX1Z5aEJGMmo1eUotNmdtTk5yNjJsQmFOeFBEV2VvY09sSlVOdzR5OTVEektnMXVicjJ6aV85ZURiVzhmODRpaFY5MDVZdjFKblMwOWYxZDZ3NGRSNA?oc=5,City Journal,2026-08-10,neutral
Boston T,"MBTA board’s $3.24 billion budget for daily operations relies heavily on state funding, and on state lawmakers - The Boston Globe",https://news.google.com/rss/articles/CBMigAFBVV95cUxOWEJqRmdxbWllTUJJU2E5bVVaUWZNTExoYXhEdFR4aWJYbTljOG5saUJ6N203a1RWemZzamhFVE5oQUtQTFp2ekdkOFR6VE9MVGU2MThNb1UzUko0M19oenRJQUdYVTJwLUpFekxubkFVOXV3SUN0M1NwWDd1RkE3cA?oc=5,The Boston Globe,2026-08-10,neutral
Boston T,Get ready for a 9-day closure of the middle of the Red Line - WBUR,https://news.google.com/rss/articles/CBMilAFBVV95cUxOM25EZmtkNGtsVlpQQjFSWXVXaUlOcDNpVi1IbzdhVG1wSVhNZHVkMG53VzhuZUFGSFExRzQ2U0ZPdWFWS1FYZ2FnR0E2UzY2dlBjeDA1MkZWNFZ2Q0NVdEs0ZUtTQkxpMHJTcGwtSEVNN3lJS2dFZ2k2bDhoUFdLZVBZbHNfeXRsaW5vWTJWYXhmVl80?oc=5,WBUR,2026-08-10,positive
Boston T,Examining the T’s spooky claim to fame - The Boston Globe,https://news.google.com/rss/articles/CBMirwFBVV95cUxQQnRvRXpRVjl2NW5rSnYta05vMEpkejFxVVpiQ29Sdl9PSEdKd3dCWHhfWFFaajdsNEZQYXowNjMwS1N0UHRuTjNRbEI0V3R2QTlSV1JjZ1BnNUs0TGpVT1M0MlRHOUtLbWlEWTlIOERTc1RYZHlobDd4MWZjVFFRdzNtM1dGc1Bya0cwZ1JxVU5Cb0tMbnNDT3R3eWRjNEdoWmZsajJWWDVqQkdaTjEw?oc=5,The Boston Globe,2026-08-10,positive
Boston T,"Changemaker: Catherine Gaggioli, Books on the T co-founder - thescopeboston.org",https://news.google.com/rss/articles/CBMiqgFBVV95cUxQakNVVWxJZUhlNnY0a19GaFIyVlczV3dPLWdwVDFMZ3B0WWVRUjFnb0sxTUtiell5cVR5WHdGQ3RveDZUbkNXNnZsT0VwVEt4QjdCMDRldmJGWVExdTFhZFYwclp6R0RkTW5hS1pEU3JZc0ZFYXpNdUxSMnB3NXB6RmxoVmtRQUI3cmdXQmhLLXJSV1FKczBnODl6TVA5R2wzRl9IdFFDWklYQQ?oc=5,thescopeboston.org,2026-08-10,neutral
Boston T,Coolest Boston T Stations for Kids - Mommy Poppins,https://news.google.com/rss/articles/CBMickFVX3lxTE9ITHN4RkFFODNJTWR6Z0FWRklkeGtyZ283emlNNlFMVmQtU0xOakpSQmZsMnhVM2pwSEJWbWVzd0tmXzlydVVkUEFRajNzRnVzSTVnWHVCMFlBSEFOdHRvbzNyTnVjb2k2MlFYejgyWTJMdw?oc=5,Mommy Poppins,2026-08-10,neutral
Boston T,"For the first time in decades, trains on the MBTA subway system hit 50 mph - WBUR",https://news.google.com/rss/articles/CBMiggFBVV95cUxQQ1BNZkJ1V3FNUUlEOTZTeDFvejdDazlaUFpKUEg1RmxEbjEyajJvU0JYLU95T1ZyMXBtS3R1VnVXY0JhOEdFNVg2cUZiUzNzOGFmM0hLSlctalpQYTk2akgzRGxGbS16by1vc2VOQ2JiakNzY3dYOUxfQ3ZvV2ZlemV3?oc=5,WBUR,2026-08-10,neutral
Boston T,A Cambridge councilor's modest April Fool's proposal: Annex Boston - WBUR,https://news.google.com/rss/articles/CBMigAFBVV95cUxORkhrWG02TGUxVUxWTnhHRHF4bkRiaXh4Qm53RlpENGtTYmFOQnR4eE42TjM3V1FTZVhEUFI5M0JvN1IyVEc5ZDVFMDFBR09ReGoyMm94bnRxTjVZUjB1WUs5VXlnRzV3b0N0bTdqYlVkeURGMkhST1lWMTZESWt6VQ?oc=5,WBUR,2026-08-10,neutral
Boston T,Why Boston's Transit System Is the Best... but Still the Worst - Thrillist,https://news.google.com/rss/articles/CBMiiwFBVV95cUxQZEhsZ3Ezc1ZIVG40TFJseDhHWkVWN2dKWW5MVzhCUHFCN2VCcllrdUZmRkZ0clpheExaYWhRSTRIbUN0bUFnSnpQd05YNXhsaUk4TDA3VW12SnoxeUNTbnNkTVBpTWRxRHZUazJ1blU3RjRkOGxJZUJ1QzFqamEyWHBXWGxDSjFIQW5n?oc=5,Thrillist,2026-08-10,negative
Boston T,"I spent 4 years in the US, but now I live in the UK. Here are 6 reasons I have no regrets leaving. - Business Insider",https://news.google.com/rss/articles/CBMihAFBVV95cUxNazNoUWVOOWZva05UT3ZKNUdubGhaTzZWRVh2dXZXakE4bW1nZU5SeUFBdFpjblVpMGthbVVZa1pSUUZXS2F1UXM4bnFFRWdfWHZjdjJFNFpfREFsQkRsWEpoOUxyV25iQ255eEx1N0ZXLUN2OWdxaXByWjgzeFNSR0xJcUM?oc=5,Business Insider,2026-08-10,positive
Boston T,'No Kings' protest takes over Boston Common - MassLive.com,https://news.google.com/rss/articles/CBMib0FVX3lxTE1uOE9BLUxYYldoQnRodE5UVDl6dWwySnBxMjFNajNHQWh2ZFZNRzN0ckxScEViYWhSdW1VV1lhd1h3WldPNUVmNkR4enQ0QjRlVzlod2lobHFVRHRKUVAwT1VHUk1Talo2ZmRlNnR1QQ?oc=5,MassLive.com,2026-08-10,negative
Boston T,"Every T Line in Boston, Ranked From Worst to Most Acceptable (but Still Pretty Bad) - Thrillist",https://news.google.com/rss/articles/CBMinwFBVV95cUxQNHBkTzh0bzd3eGZOWXZ6RkFrOUJUMFFJR3ZqV2dFRG95X25tSEpMdWJnVTFjN1RQaldkZGN6TUxtR0kxV3BwZllGTW5CZjN2UmkySDFieUVxeTRFdXQ4UGxPeUlRSkFab1dXV2FBUnR1WEJKRnhQcHJkeUhEZnVpYlZoRXBMTmVLT1lTY3g5NkloSDM3blBTT0RyaFVUbkU?oc=5,Thrillist,2026-08-10,negative
Boston T,Bridj Proposes Overnight Transit Option for Boston - Next City,https://news.google.com/rss/articles/CBMigAFBVV95cUxPX0x0ZGVyYjYwSHlVR2NXdElQWkxiUFFET2o1a0kwLU5KcC1YLUR2Vk1qdFNOaWxSTUpxaXdrdTVnVHg0U2VGVmgxUldabTNvOWhRcEliSTgxOE9KM2RreUZKdHduQlFaMXFoNUt2TDkxOWp0N0FKR2lkRG5YODFyMA?oc=5,Next City,2026-08-10,neutral
Boston T,This MBTA Map Tells You Which Are the Cheapest T Stops to Live By - Boston Magazine,https://news.google.com/rss/articles/CBMigAFBVV95cUxNcURVZmQxWVFhQ0N2Rm9WZVFkOE5tcjQ3ZkNhTHlVbEItTnBSUU1HVnl3Q0lfcndTY3Q2WVM3QU9TUi11R0hNTTVGSEtLWjNabUZXQ29UcGdCeEh3cnlzR0NacVN6YXpFeV95a0ljRzJuNktXcGREbmo3Nmh1SS1jVA?oc=5,Boston Magazine,2026-08-10,negative
Boston T,"New ceiling debris found on Boston T station floor wasn’t concrete, says MBTA - Boston.com",https://news.google.com/rss/articles/CBMinAFBVV95cUxPbThVeF9lMTF3UUg0TGdCWkFScXRWRkZUN2ppQTlscmZZOUFteEhUX2hmMDNkY2p3azlGMzlNbEc3RTRuQnZQcmhubGFYSXNTSU5hM0U4d0xocHhEQjM3cXJ2OURna0VzZ0pySEtwdzFFVnQ1bzMxbTdheWRsUFE0UGRCMm1RSTJCYVN3UHpKSTB0d2R2ZE5UbVlVd0k?oc=5,Boston.com,2026-08-10,neutral
Boston T,This Harbor-Front U.S. Destination Was Named The Best For Public Transit (It's Not The One You'd Expect) - islands.com,https://news.google.com/rss/articles/CBMikAFBVV95cUxQTnk2Q3hndWYwdDJhYmdxTVh6MjItTm9LV0h6LUV0eEpzb2kxMzBPTDR4cXlrYjBydWNfNExyS09FWkZTTTNtcG4ydkFrRFd6UUNGZGNxMm5yeDVTc2E4cEpuUVlmampSUnVRLUpaVm9Ra1RENjVnZlpySnNoX2hvVE1xV2RyWTh6WW9NMEVGOXE?oc=5,islands.com,2026-08-10,positive
Boston T,July 4 In Boston: T Is Free After 9:30 p.m. - Patch,https://news.google.com/rss/articles/CBMif0FVX3lxTFBMTjZ2X0dGMXNmMDZ4RDB3bEgwNm1NR1FhVnYzTGJkTzBRVmZFeDVLZkIyaEU2cFhiUUpUWFJfZlpzTTZJS0otUk43aVB0WlZfbnJWeFFQZlJJNUNwWHczb1Qxc3hPZ2MyaFpPaHJuTThQcHhQUlFKMjFrM1QwOGs?oc=5,Patch,2026-08-10,positive
Boston T,20 Things You Need to Know Before Moving to Boston - Sparefoot,https://news.google.com/rss/articles/CBMiiAFBVV95cUxPejlnR2VDUjcxc01rbDkwQW5tX28xZ1VLcTl2MmlFRXltcGQ0aEpPYzBySlhId1p1NGxBN1FOZi1fUkZIRFUwc0NKSjUwZnYwQzhQUDN4cmtzX0FNV19LbVhMZms2cEVqODIwck16WV9kcjh3M3lzc3VidUdpNDdwbTVsMVJuNGMw?oc=5,Sparefoot,2026-08-10,neutral
Boston T,Plan Released for South Station Rail and Bus Terminal Expansion in Boston - Planetizen,https://news.google.com/rss/articles/CBMipwFBVV95cUxNc2NrUjVzTUd5dWJyd3o3SnNnZjR4WHNpWDBZOU1TTnlGR1FRWndVbUhNeXJJVXZ0WjBKUXhVZlN6V0RUak1MMFM5ekhYZTlGaDV5c052MGlmUHlvRFJiU2J6bC03ZTlpSlhTai1TdElNUUtBbzZySHRtSUhadG1udWhILURpNGEzc2h0RVpNWHRHa3dqOXBITlZxVVI4VktpanlGRERJRQ?oc=5,Planetizen,2026-08-10,neutral
Boston T,"Ten MBTA employees on leave amid criminal investigation at Cabot Yard in South Boston, T general manager says - The Boston Globe",https://news.google.com/rss/articles/CBMiiwFBVV95cUxPOGlVWjk1TldMSUZ4U2x2MmZJYmVlS2RNNVNtOU1nVXU2c0hlTVJTc3JqdmYzVmp0RlZTXzBnVVlzZm50bFU0RzhuYXYzNkdZdUlTaHFLWl9QR1RsS3g5ZDROa1RlUGQyczJqZXVVNnJXMFZNdlk5N2xnZHEtMEF1cHpDWkRrVDFtZzd3?oc=5,The Boston Globe,2026-08-10,negative
Boston T,"Study: Boston’s T system faces severe flood threat, and soon - Boston.com",https://news.google.com/rss/articles/CBMiswFBVV95cUxNQWZjanczaWQweUUyNTZKalFLNU81ZXdmeVRmLW02dV9nT1pZVGpjZ01SOWFPbmdwY29MbW1vOU5ZbzdiT1hYY1ozYmFVWkFuempNTnlHMkFZbERtTTZDeklhRnU5WHA2a2xsZDdtdmRDU0VHaTdYSFBVbmp3SklVTE4tWjZlMENpczloQlE0S05XMkhPT1hxbWE2c1ctWVM1LThvNDZNaWJIQ1AtRVFuZVh2SQ?oc=5,Boston.com,2026-08-10,negative
Boston T,Ben Affleck Rocks Beverly-Brewed 'Believe In Boston' Shirt With J-Lo - Patch,https://news.google.com/rss/articles/CBMinwFBVV95cUxPa0NkSGlXXzhJQThLNlRGRWYtc2FIdndWcXdYQ1Rac2FJZTNVYnN3MEp3U0FHSlRuR2EwZ1ZHTmI1Y1dwTDU2bUtvbXJiUTlUNTV3LUJNR2hpclNzZm1aRkpVNHZkblUtcHFPQ2FHNGhHaU13M2hNcklKNDZRaTF6cXo2N25jTVJuODBBbklhbkw0aWVtYThXMVJmdGpiNUU?oc=5,Patch,2026-08-10,neutral
Boston T,"‘West Roxberry,’ ‘Mission Hills,’ ‘Southy?’ Target T-shirts miss the mark - The Boston Globe",https://news.google.com/rss/articles/CBMi3AFBVV95cUxObFlLVHFRV1lnQzVDQWRPR183LXh4bDFrWWFwa2ZKenpRa0tZU2QtbDdmWDk3cGFZQXdnbER4R0xtRzk4M2c1bmhBU0tZTklUOFJsLWpUV1A3ZWJSX0RVUXNlZlk3b29rMEM5NnlnczdmM0VJbzVlY2dVOXV2NWFUNVZrbC1zUG1vRFpEZl9KLUNXMkkxNGNjSW1MNWZiVXZpdU1PTjg0NmNWb09seFcwZGx0VTNVQ0VqMDN6Y2FDc0UzbmFicm1RY1FrRVo3SjNkWUc4R1JFTndsaXds?oc=5,The Boston Globe,2026-08-10,negative
Boston T,Why do Celtics fans despise Kyrie Irving? The beef explained - NBC 5 Dallas-Fort Worth,https://news.google.com/rss/articles/CBMipgFBVV95cUxOUkxsZjBmaV9SNUNXX2dIR25ycmVOOXE3Mlh6RF9FenhuSjZ0V0I1WC15cXVwRksxT0p6TkQ5Wjc1VlJWNlpsZkpVcTBLSVphdERwYWF5SkVkMXItWU1uZXFlN1FMWXJmOFUxRFRfM3hrbGJ0bW5wUXZzYTczTTZ4eEFKTnpHUDk5ZzJuczJGczdHNlZJbWx6VjM1TTJZa2JJNnc0X3FR0gGuAUFVX3lxTE1NWUNVa0lvY3ZuQlllem91UzBBQVp1ZTE3VXA3UFJqWWQ4WktEdnhfdU15R3pfWDZ1dVNnSXpxLVFBeUZLUXdIeXl0dDBILURYMFRUODlFcG1IVGlleF9uLTZrVzJlUVBGN0NpVFM3THJTZ0hYM1NLWVF2NVJBTGJlb2RRUW5NbHlaYVE1dGZWTVhtRTIydElUam9tTU9FOXdvcW1RVXJQZU1wREI0Zw?oc=5,NBC 5 Dallas-Fort Worth,2026-08-10,negative
Boston T,Boston “travel time” map shows the T in a new way - Greater Greater Washington,https://news.google.com/rss/articles/CBMigwFBVV95cUxOcXJCay1OeEtHYk5HeUZKUGdrWlhMYjFUSy1MMGxzSWhKWXc3TENJaHJYOExNM1R3UkZKY0c2UGVzMndpQm1UMDloUFNQYVZiZDhpd1daWEc1SnZmOHdqS1NSc19kNmtDWEFBdUNQNloxSFJtb2tFQmFhbzZpbUFvZ2JtTQ?oc=5,Greater Greater Washington,2026-08-10,positive
Boston T,Think you know the MBTA? This new game puts your T geography knowledge to the test. - The Boston Globe,https://news.google.com/rss/articles/CBMib0FVX3lxTE9SbHpHN2N3QXJTMDlVX0pHWTIxVEpoYUQ5ZkJZdF9LVEFNd1N2YzlMU1JaV3RTT1ZOa184NkZoUmo4V3ZXWjJKM2NVWkJkMUpWVlFDSjJaSk5INFlQd0M5NTdjcGx3ZjFoQUdPeDE4TQ?oc=5,The Boston Globe,2026-08-10,neutral
Boston T,Study suggests MBTA float ferry service expansion - Boston Herald,https://news.google.com/rss/articles/CBMilAFBVV95cUxQMjNWQnNJYWpFdXVOTDV6S0FKUm5tbnZmcU96LXdiSEJMa1I4N2hnWDJZU2xwa0VpQklXUnBzeFkxdlBsa2U3eEx1YllYUW9lUlJCQW9YSUU3c1R4WlVUd3VNQWZIVGtEOUJ6N2Y4WUhBMHI2Y0VRV2N1cGJJekQwN1Q2LWg4UnVvaWVaQnJzbTY5Ml9K?oc=5,Boston Herald,2026-08-10,neutral
Boston T,Boston subway study finds no plague or anthrax — but plenty of other lifeforms - washingtonpost.com,https://news.google.com/rss/articles/CBMi2gFBVV95cUxQQ3NvelJ1bkdnNk1RLTg5VG9BUFNuYmROSkFEYUhfd1E0RlB6a3JsNzRvOTJ5Y1U5cnBDemJOWUNkNlJkTDNzR1lxQkFNVWdtQldKdFAyckxwT1J3OU0xYkQzcC04dHl6bGNCYnRtVThtMWpDVW1zMWZ4bzJtLU1QUlllWmlVcHk5d3dFVGpxV0s5dk5QWXBvZHRrMDlCb2VNSmVfMTBnNG5OSG9hZl9XZUYwZ2VRVmVCMUduVGZHMlRsb2xWaGdYdlVZTHA4NENGR1d0elhuSGktQQ?oc=5,washingtonpost.com,2026-08-10,negative
Boston T,Live next to an MBTA subway station? This map shows how your rent compares to others who live along the T - MassLive.com,https://news.google.com/rss/articles/CBMi4AFBVV95cUxQR2loLWs2MGxadG15SFl6Znk2bDZaUkNMU2VaNEFsdTZ1c29DSmVyTVRpSXZzc0c4M2lmdlRNd2ZWaFQ1MkxkWEkyRVpuMFEwaUQxZHZiUWlmSjdTMjFMaU1aaUl3dExNZzk3czdJcm9fTjlVT3dURVdOSV9ZSlVrbDhweFgweVFJU0JtREhteURGUkp2RjBIclNSSkEyX2dmb2pRbTdnSlhYUmw2bkU0MTZkcTFtQkIzSzRhLUE3LXIyYk1iVzF5QlFNWmt1T0l1U1Q1WnZuYVdjUnEwbFJXQdIB9AFBVV95cUxQVlhKY3BhTmhKMnEwTkNIRGFfMllSWFEyM0ZHMjl4Y3dtY0dCMGowUGpMT1pDSGtxaDhvMmQ5ejJsMXZBYlpyR1RPY0pxWVhsRGx5TGhmMENlOVZNSTFkZk1nbEUyeDBuRTFEd0NheG9PdlBndmJqUDkyR1dZa1pCMVNlRko4S3FUdVV1RWthb1NoMThkcWFNNXFWdV9qS2ZRLUtuZFpwOFJWOG5Vcko0aGFzZVdsMzZ3ckFLdnBZWmRmRWFZQVItWFR4UHg1SEhwX2czR1A5NUQyWVlPNm80Nm5RY18wYndlZURadTBuSnhyTnYy?oc=5,MassLive.com,2026-08-10,neutral
CTA,Officials Celebrate Completion of $25M Project to Improve Accessibility at CTA Green Line Station in Austin - WTTW,https://news.google.com/rss/articles/CBMivAFBVV95cUxOSzZBREJHMWl3RWdPNXpNbFN5UFNYVDE5d0VNNHhLdHRrbFRXSmdnSnh5YWRwVWdpX1V4TlhVeGF0X1Z2bHpLaHJ6WUVxQVNfa3ZKQTU3ZzZTeXY2emJNVk5NMUs0TVB2VzlMcnFXZDlxbldkQ2NrVU4xTmJZOFN5SGZmU011Y1VGWGlybi11QmVkYUVzTDc3X1FzT3I3d2JSNkFubEdBV05hNHVyZUE2WGJBcW1XUFhVdTViTg?oc=5,WTTW,2026-08-10,positive
CTA,CTA Green Line Chicago news: Austin community marks reopening of fully accessible station - ABC7 Chicago,https://news.google.com/rss/articles/CBMiwgFBVV95cUxPUXhucl9tNEdjRVhxRGtwbkZ3VEZpNEFXUFhwWlFDMHdVQzJwdldmWk50bFh4b0pDdUpSRVpHb0dRQUVyZ2hHejVUaU5iaTJYdHJaTXN4OWFGUG16S0FwZWV6YTdLSi1Va0lteW9wOFV4bTlJQk1KX21LRjNzeGc1NEpLbUIwQVRtMlBJbVFDQ2NmWjE5dDBGTlF1UmZraTZDdUtkcGV3YlA1TzZ4Y0dyd19nMEFkSjQ3bHd3a1pZTXAzQdIBxwFBVV95cUxNNDRBaFNLMFdkQ2ZZNm4xSkY1V0Q1TzdrZTFZeDNlc1ZvaDdkNm1aR0ZxUEFtRnZXM0llbVFVLURfeE1nVEdldDRodFR3eWp6ZDRlcGl0U3BZRWxTcDVsa3ZpcGhTajdoWDRxeC1tX2ZaX2RlbV81OFg0Wk0tRmRQOTRQVnQ1eEMwRDhJZ0RlZElGUjRUQzJkdE9qcHhNeldPWVpfWkppckFyWHNXdmlYNnJaWGlJaHpSalItZWlJUkptejkxNGww?oc=5,ABC7 Chicago,2026-08-10,neutral
CTA,Video shows alleged CTA fare jumper knocking down woman as security guards stand nearby: lawsuit - FOX 32 Chicago,https://news.google.com/rss/articles/CBMilAFBVV95cUxOcUhHUi1ISXI3eDYxR2U5T1VfLWhUS2ttYnBjb2hYSnBhY0w3MDUtZkhsZkZiaGtFdGYyNXd3LUYzTWtPcUNKczUwTHJsNHBWa3hmaTBWRzdBb1czd2ZQZUJsajM1T0FJbFpSNVR1RzZsVDNSejMycWg2dEFjRVhjdml3MG4ycXdHZG1XQ3E1b1lBQjZi0gGaAUFVX3lxTE5sWWxRWlRYV2tVQ0lUbWJsVEZFYURiTzVTbjNvbmZ1Wi1FU2xiQlk4eURDQ0UyM2czc3JTWm5DeDZfX29JYVNxYjhmelR1TERNaVBRdVVZcE9PTlpGOWxyckE3RG9oVm9YMmZ1Z1ZWLUxFWUlwb2lxREZ6V21EY1VKS0o2Wk44VWxxcWYzN0NVVTBlVzN0d25qLUE?oc=5,FOX 32 Chicago,2026-08-10,neutral
CTA,Understanding the Setup: (CTA) and Scalable Risk - Stock Traders Daily,https://news.google.com/rss/articles/CBMixgFBVV95cUxNS0NTMFp0c25aR0habEJCb2JIc3p1SVlLV1JXdEFheS1jbWRvSjl6STg0NEhRb2ViMkkwT005OFNUbWhpQ0FRLUtoU2txZXU1VlYwVFBONHM2SU4zOHhMNHRpaXJQRGdxUDNnYzNyaXpmTkxkZDNDYnU5ZTFhdmlhazdRaWVHOUhiQVhpODVHTTNrRGFVd2F2c1RhSlNIVkV1Rl9mWTJQOEVXaDl3c3BBdklfZE5BeU8yMmJzRVp1QnRhc0N5dEE?oc=5,Stock Traders Daily,2026-08-10,negative
CTA,Depend on CTA to Get You to All the Independence Day Celebrations; Holiday Service Schedule in Effect July 3 to July 5 - Press Releases - News - CTA,https://news.google.com/rss/articles/CBMi4wFBVV95cUxOVTgtYjNyVHFRWXJoT2lDSi1jc2x3SUw0VFVLaGpKbVpRaHVXOXVxVWlSeGthV1M1d3F0M0R6aVRrT09iX1o1ajA5WFkzakVCSUxSdlRNY0lianhzVjkyUnRUMFRLNnRDQ0NKVlZLX3Y3YWFCNGpKWlQ3cUR6ZnFmRThhZXVKTWNxMzczTGUtYVo5NkZpd2s4RFZxeUlCNlhfZkVVRFhxR1VmSHYyR25uMmpYbk5SQWE5SnQ3YUJuaVJXNmhLdjIxTTlKRUd4Q0Z2QWdLOUIzbWlwaE1UY2x3dm5RVQ?oc=5,CTA,2026-08-10,positive
CTA,Chicago Nurse Sues CTA-Hired Security Firms After Fare Jumper Left Her With A Broken Leg - blockclubchicago.org,https://news.google.com/rss/articles/CBMiwwFBVV95cUxPQUlNcV9LZG5lUmd6aXVnY2JvY0xqVjNTWExfQWJPd3J6c1dwMmVTU19rWFVLTjhDOTJKVGY4MUZJWEdwUkVtbkRrVkJaQlItVXo1ZFhsQ2JqX1JLT1dmRXBBU1JSUDVOelVLbk11T3F4RWRkZ2kzN1gxSzdKc2xkTklMbUM2TFRWa0EzaHNiX1MzQ2FVY0tfVmJCWUo0T3o0VkFvYUFfRXhCV1JuckR3d1NwSmRhbDlIQk92c1gybE5Sdk0?oc=5,blockclubchicago.org,2026-08-10,negative
CTA,"New signs intended to deter crime to be posted on CTA buses, trains - CBS News",https://news.google.com/rss/articles/CBMiggFBVV95cUxONmV6RTV2WldwUGt6RTBDNGJyLTF6MjBQVnlMZzJFMU8wdjBNQjhOT1ZKTDlHNXZMZDZYTUoyN1YwTTcyS1F4RXdyWm1pWlJoOFY2SVFBUVFpRldhREZYMXFsUVduR1VESVVKT2ZuVTI2LTNaalZ5TEhWYVlkS3NfZVlB?oc=5,CBS News,2026-08-10,negative
CTA,"‘Expected increase' of passengers on Metra, CTA for Lollapalooza; big crowds likely - NBC 5 Chicago",https://news.google.com/rss/articles/CBMiywFBVV95cUxQUHp0SFVKemVzQzhpeV80c2N0S0N2M1RFbDNZUFh0MzY5dFFJNTRQN1E0d0l1N1FLSWFPby1EQkJ0N0xVcUZQOF94N3pnNWtTbFdsVjM5cG5JcjQzUGtlSDYyazQzdFpwRk9OdFVrVFV4MDQzWjdDakF6Z21hQVVDclFlQk0xVnZseWxyTFQ0Z0ZuajBtOTNFZ1hlaTZqYkhGSnNsa0NVT2oxWmlVcnZheUx3bndVN29maG9GUFFOMWxXVzFJTTlfM09xTdIB0wFBVV95cUxPaGNxaFhSZWFmcERZNldKZTJfQVo1SEdTWHdZTHJ1Z1FKaVJnVko0LWpxQm1lYWRtZnZ4cmg2anZ6NHJhTTlhdTdCNDZjMFdZalZxZi1zeFJRUjhuaHBvbnpxdG81bFhnRklUU01qMG1BbzdLc2FIMEhONHdQRmZOOXF5aDNDMS0tMjhXOE8tc0V4Z2hDakRCNkZlZGZERnYyNlRIRURLMG9YTm5NMmQybzYzLWx2ajIwUzN2NERtSUU4UGpvSUxIYkFzZDI5Tnl3ZmRr?oc=5,NBC 5 Chicago,2026-08-10,positive
CTA,WGN Investigates: Woman sues CTA after being injured in July 2025 attack at 95th Street Red Line station - WGN-TV,https://news.google.com/rss/articles/CBMieEFVX3lxTE1ENWdXbWlWOFg1R0I4bkxtTTVhR0Q2YnM4NHE5b3l2dVZCT0pvZE9MN1R1WURpWC1ENDZ4NXN2ZVVGRmFoY2U1OHpSVE45QkJ4Z2RadGVfZVBEblB4WWMyNTFLSWVtSzFCdFd5NU9lODZhT3VqWDBQedIBfkFVX3lxTE9zeTVZRVczSm9QaHR2OXRyUlVLcENFZm83TldTODlwTjJnQUlmTUFuMEt4d2NBTnZLdndTRER5amRkT3pYaVdCZmNXUWJBRGplaHFsLVFJY21FRHR1TU5TdnRBV29ZMVkwRWNUS3FRaVdHQkxranV4MGVnb3JIZw?oc=5,WGN-TV,2026-08-10,negative
CTA,Another mob attack near Roosevelt CTA station prompts renewed CPD warning - CWB Chicago,https://news.google.com/rss/articles/CBMirgFBVV95cUxQaFIwX2JEX0l3QWNFMFNIWlVHcWJabm82c3JoejJsX3g3cDhZZ2F4OHpmN3BMYXZucHV0WTFROV9RN0sydV9rZVdoZmQtUncxWldrVHpPcVpfUm1JRFQzSWN3UlFYX0xBSXJMMlJyVE84aXJPUFVzeWtMbHhHcHZDSENmZENiUnRHQUc2eUFtbHdFODZpWTctRFdya2pOZEFTNUZEN2pFZnRvMEVaRFE?oc=5,CWB Chicago,2026-08-10,negative
CTA,CTA reopens $25.6M renovated Green Line station with more accessibility - www.cities929.com,https://news.google.com/rss/articles/CBMirAFBVV95cUxNZm8tbU5rRGV2NHZkME55M3JtZG00WUplaWRCc0kteWxXMFZVSExSNl9VbHdlUDZsbDVWb3ZUM0RhbTctWXpOYkYyR2E4R05yMEF5a1kxRFdZX3JQbkkzRDNMQ19UVllyZ3hOOF9xYU9EMkdFLXoxRjFzTmpuaGVXQzg1Vk5McmxMcHFza0tkcHpSWDRrYVZKRUJKS3N3UkhaRnJDTTZhTHZ2b2ZZ?oc=5,www.cities929.com,2026-08-10,neutral
CTA,Travel Advisory: Temporary Weekend Reroutes of Certain Loop Elevated Lines Due to State/Lake Station Reconstruction Work - City of Chicago (.gov),https://news.google.com/rss/articles/CBMi6gFBVV95cUxQT01vR2NDQVZLWEdqV1RDYVRNQ0U5TWtLN0VHMW1oSjVxZUk5bGdPVEFqakNZTWxUZmlBYU5QV2l3cDU3VlVGaDRob3dDZGtybnQ3WjVtbE1US1N6VU9CeEFXNDhuRWZhRnZiYmpQLUpBVUVfTXcxNW9lY21JZkowUHNwZkloT0gyaUVOSlh6ZTZjbE5jY0N1VjdCbnpoQmF0d0Vjc0VhclUtY1l1SFQ3a1ZXQzFaa0FIczUzYk42ckhzWndUMVU4aGVxaE9PbkhJRGYzd1RuMExkUkdTNmtXNjYxZHUzZDhMYVE?oc=5,City of Chicago (.gov),2026-08-10,positive
CTA,"CTA Takes the Wheel; Riders to See New Buses, Tech - tuscolatoday.com",https://news.google.com/rss/articles/CBMizAFBVV95cUxQbDF4X1o1eWpSdy1yY2tWdlpsS2dfZTJ6TkVsSDRnbGF0VnlwOUtmWDZCbkRoN3dNaGREV2p4cmNnalM5aHRIU3kzWWhoUDlRQ0FUUmhJYktpT0tjUnFJcFZHdmZjVzFlX3dnUWd5UjBmbFNIMWZrSnR0RTFCTmdLTEFIZ0NVX2JUa2FuYkZwNElYUmFLeDBKSlVMdU5qTWtoTTBfVWwyR1dMVVdSUGpNTG1Od0ZncFdrRDE2cmFWMVdYSjF5MzAzM3U3ZC0?oc=5,tuscolatoday.com,2026-08-10,neutral
CTA,"Chicago crime: Police searching for suspect in attack on CTA Blue Line train near Congress, Pulaski in West Garfield Park - ABC7 Chicago",https://news.google.com/rss/articles/CBMi1wFBVV95cUxQTFN5M3lsUG12Ql9UaHVSVi1WRkJHUi1Cem5QeExROGpiSU9oWHdCUGtrdkJrTEoyZ3RLYmotRk5faUw5am5XTEthamZZQnpqN000SmtkX0UzQ281X1lLX0VsZ3VaTEY1eHNGVWhObVNmNHJSeFdWNlFSVS1HdGo4WTcyTGEwZGR3R2dWVjZwaGZtMXE2MkZRcDg5QXlYMkp6N19YZkszeGdOMzVWcUdKcDVhX2FXU3dpNm4wVWkwSEVlYVY4UkJ3blJKNGJ3Rnh6QlZXSE0yc9IB3AFBVV95cUxNYVF5MFRtTGpTaWk5a3JESGs3Q0VQWjFzV2VrWVhURDN6VFBFQUFtQV96OWlCWUtMODFiOWJSdzhXTEI0elNHZWRldTM3YzVkRFItaHJzazYxcnB4Q1VJcDhTb2VCSWZxZzI0SFB3Rm5fNW9ZTTJQQWZOeks2ZzZUMHU0TUxkcFgyOGhzeHQ1QUlOTWtzd3JUTEdJSy1BeWNWRHhETGV1Z2Fod1FMXzdldFdld2pFblczZm9PM0RMRVNjaklYU0p6Tk1GNW5SYTdCbjdEeTlQWmR5NHpJ?oc=5,ABC7 Chicago,2026-08-10,negative
CTA,"CTA crime: New campaign aims to deter violence on buses, trains - FOX 32 Chicago",https://news.google.com/rss/articles/CBMihgFBVV95cUxQQU82MUF6NWJka09Pc3JjZi1lbm40ck1PVnBESFpnTlV1UUFnZDlJbTh3SnFQTGFMUXBySlR3bUF2U0VRY3IxN2Rmbk1JYXZNNERXLUhQU2NKWTI1WEsxTjNJN1FKSFpqTEtKa1NkOWJhc3V1ei1pZUQzUERTWTIwTVYyQjZXUdIBiwFBVV95cUxNMXl4dDNFMEYyTG84V1RZWWViNlNNdGJmamJEUWdvSm5XMXFTcHZETzh2ZU1wTG10d3gzbGZqNS1kTVpGNTBJdGM5Z3J5dmZVYTJGeWxzRWg3M0RfcmxiZEFOMF9sVy0zMVplN2U3ekxjN1htb2t1bnFPeTAtdGRrZVNsNzVyVV9xemNJ?oc=5,FOX 32 Chicago,2026-08-10,negative
CTA,Pretty Cool Ice Cream and Chicago Transit Authority Partner on New CTA Line-Themed Giveback Pops for National Ice Cream Month - CTA,https://news.google.com/rss/articles/CBMi7gFBVV95cUxQRzJraW5qaXVQRGRaUWh1UFNBYy1GMHhvYnowakt2bTBycXJjeFR6dElxUlBDbWpWU1ZVcXhuRU1uMmR3eVRhM3FqNnNWd3NuMmZqQUExSWwzUzctbk9nMVBHLVh5dXVrU3BKUlpSR29mdzZ3eUw2ZnozaV9seURRY1JnZUxHRnQzalQ2aVhfM2tmZDgxWWlyNlEtREp2UVBqS1g3aDRSb3Jwb3FlWTZOMnNXZnA1WlN4TVdzcWIzQnNQNm1hb3lFWkI1WHQteVA1SVNNd2hUdjVJamR4SDlfVGs1SzEwRUQ4a29yV3Fn?oc=5,CTA,2026-08-10,positive
CTA,Police release photos of man wanted in CTA Blue Line battery - CBS News,https://news.google.com/rss/articles/CBMiiAFBVV95cUxQX0JkOGh4aFNjNzdwQUpERGpMVGJ3LTlLRWlFM19YT2FpNFFITUhYU3JKY0VBYVhLRjlFQ2FJUUNyLUpFSFJqR0lWRkd2Mi1tRmN4c0xESE9kbFlzLVVLWmdzREVkQkE3RUlNTk1ZWTFObE55UDEzZ3JsZng0cms1aFZmcVdDMEE4?oc=5,CBS News,2026-08-10,neutral
CTA,"Metra, CTA trains impacted by Chicago-area in severe weather outbreak - NBC 5 Chicago",https://news.google.com/rss/articles/CBMipgFBVV95cUxNWU5WNFplUUZWYlY1OTZVVXJUOS00RFZ1THU5Y042MlEzQk9GUGZDVEdWeEl2RkN4NV9sOW10TVdmNmdIYUpMODktOXJBTGZNZHNPdzByYlEwZ1VjUGliRjNSZ1BjUG9JSzY0QnpWVDh2TW56ZjdxSTk3eDllc0FaWUFCdzgtY3NhcFI2UDhteEN1azZWUldjUDZRM1pDLWxUeVI5NjdR0gGuAUFVX3lxTE5kcFphTTJSVVZmY1haalp5OXh5YnhWcGZGcGhJeG1rZm9QdkNZTzBuVk1QUGZpWDhyRlktWEZvYzliVE9KSHdRTlFBV3kyT1ZlTmsxMnVSRWh3NndCRndzTEJDQUxmRzl6b2Q3em1sSldHeW5pQlpfN080WkVMWWxaWDZfeGRiWjNZZ01vWmhVTjJFUlQxODdwdk5jTG45TTBDUkV0bDlkRXNFVzNyQQ?oc=5,NBC 5 Chicago,2026-08-10,negative
CTA,"Closure continues on 3 elevated CTA Loop stations this weekend, Chicago Department of Transportation says - ABC7 Chicago",https://news.google.com/rss/articles/CBMi0AFBVV95cUxNbE0tY0lidG1xTFEyb1lKWEN3MWU4LW1YTXkzWVg3YUJwdzFPWS1Kb3FjMWgySG1UekFUdU9wdVNOSkhBR1JTN2o1TGJ4czZoSlRUek5UN2xBRWpiWHY4Z3d0d2VFMWRHWUh6MnJzOTdNMDlXc3Vuc3NqcWxMYkdmRVIybnhBMjZTdUd2b2JNVmhCX3ZMRTlhd3B0aFMyNC1KX1ZQNWozM1Z6TWRabHR6bVgzd0FPdkFTV0lVUzA0bzlJTlJreGkzdFRGbGQxMW9U0gHWAUFVX3lxTE92WXg5Z25kei00dDZYZnRLV3RzU0RVM1FhTktrQmEybnQwVnlma1gzYWZoTlpGSDQwOGhBWmtSTUg2NDhpWkltVTJSSXNoOFlOYlV4cjNRNHE4cUY5SFVya3kycEMwa0oxQjRkMGp2emR0RGxWdjhINFVmNnJfMmRVbTBYZHFQUTBqYVdzNFJoc2JYRmVQTzFBLWJueldFM1FtZ0Z2d2Q1cVI5cXZlRVhvSVBBS0dOQzZucEY0R003ODNKMVFQT1JBdDZVT2k1azBFdkhXd3c?oc=5,ABC7 Chicago,2026-08-10,neutral
CTA,Debris on tracks snags multiple CTA train lines amid storms - CBS News,https://news.google.com/rss/articles/CBMimgFBVV95cUxPdnBwczF3cWFGZUlqOHJfX3l1S1A4MUlqcExtU2E3Q0VfUWludTRBQXhxcm1USWZIc2NVMDFmNHRua2d0QmhKZGJ1VDZ0akprakhhYWhneWZoUUo5emNIQjJ4X1ppcVdvMEVwV0E1RGFsU2tYQ0Y5LV9hbGdwbkpzLWx1MGkwcjhtWnFDSGZfa3BnMzN1VmtCQ0RR?oc=5,CBS News,2026-08-10,neutral
CTA,"CTA Submits Enhanced Security Plan to FTA, System Policing Hours to Increase by 75 Percent - CTA",https://news.google.com/rss/articles/CBMivgFBVV95cUxNaFJHbUVwQmdtMnAydzBMNlBRalhYV2hHOF9yYTVWWGxUTUM1MjZqVnV4MWlkQUJzYUw3M0VESEYxbGxDVUNlRWFqVDVxc2ZOMmlxY3FVZnUzMlFBVjBvaG1vbXM4RVJPVlFwX204YWpGTTh1cDBMZFg3U216am9FUGkwRkE4MVcwLTRmRVNqRnpDbF9QM3B6V1RiSHVZaDV2TjlJalI4M29ReGp4WUVSbnFHYlNPVEo5bTV1N1Vn?oc=5,CTA,2026-08-10,positive
CTA,"Elevated CTA ""L"" stops in Loop rerouted for track work - CBS News",https://news.google.com/rss/articles/CBMifEFVX3lxTFBUZkNmRDhseldNbktPbFNJQkxpbTB0YTRDZHNqM0lPWU0wVDBMRklvdmc3WnhrYm9QeldQX0EtNTB0M1RvWlZlcWJTWWlGU2RWOGFpYmJBUFZPeEpfWVZUMGR5LTJPVk9qTmQxcTNrRDB4WTFrOC1hUGNqWmQ?oc=5,CBS News,2026-08-10,negative
CTA,"Chicago CTA construction: Agency marks increase in Red Line riders, major update on State/Lake Station project - ABC7 Chicago",https://news.google.com/rss/articles/CBMi1wFBVV95cUxNY3k4R2ZjbWUxQUpUWTA4aHB1UEYxZVRaS1hUMUUxV0xLZEE4TVVvbVZMQ3hPQUFYd29XWDdmS2hGNUdLRmk3V0RlVF95T0pwR25qcHlrMFpCRWd4TDFOMFV1UFBfOHBwekFlM0tXOEpXOUcxQ0oybkdlUjBobURmV1hIbVdjWWh2TlNiSkk4WmpSMzhFSTgtQkIwQl9UZjZMWjJjMVFuN2JlSlZuV0lxMXhhNU1XUENlODhEdjRBQk8wbUZwQXVxTFBLSkkwcWFUWm1MckpBY9IB3AFBVV95cUxOTlN5Wjh5djZPMGNYN1QzaHFmNHhLbEdYRjNpR1BsaGVtTlREQkE1VGdrVTNLVHBobVlzdzdWMFp1SkxCSExqNE5ndmJYS3dvMlB5N29WVEJ3LWhFczlvWTZBQnZZMVFBUGVkaXZ6UlNWQmtwMDlweHdSS2l2d3AwRUgwS01yTDhSVnJyVVNYRkgxWUdveWNNQnhxSlFYTXh4b2JNNzdhMGwyR1RJNEFjOUhwak9IM3lIWWZQS0xZZWlaU0hqU3JmdHZwVXRrWjhuTkdtdEtMRmNUUXZt?oc=5,ABC7 Chicago,2026-08-10,positive
CTA,CTA revises ridership upward by 19 million trips after methodology update - Streetsblog Chicago,https://news.google.com/rss/articles/CBMisgFBVV95cUxPY1hmWFJjSlhBU0xZNUZOR3hudm9VQzM5ZHh1RXhDX0dDVWItcTh4bFdPNFRidllhcVItT21mdmt0LUMxWGFBOUNKa1F5b0lEMEtLRm9MVl80Q3ZXZ0ktUXlmWVZTcUszeHg3V3VrQlBkaFRWeFRfcnJydDBvRzJLbWJDaDVvME02MlU4Y2FpZU5lTV9PTFBJXzFWSHp3TGpweGNxNURYekNWZnVOdWJsNEhR?oc=5,Streetsblog Chicago,2026-08-10,neutral
CTA,Our Union Wins Paid Pregnancy Leave for Educators - California Teachers Association,https://news.google.com/rss/articles/CBMijAFBVV95cUxPOHJBZ2o2WkNkYUtiQ2RUcGQwbVQ1b0RpdG82OE05dmFNRlR6c05PQjRVOFNpbm9xU2RMeTU4dHZsdmU0Mkd6NzF0OWVsck5MUVljRWttU2JtR2ZxVnJyWXQ0QWhrbFB1c212U3BIQUxNb0VRMmR2dG9oSnRDN3JpZndpUURaVWZHVHU5Ug?oc=5,California Teachers Association,2026-08-10,positive
CTA,Yellow Line extension in Skokie could take ‘decades’ but CTA is studying it - therecordnorthshore.org,https://news.google.com/rss/articles/CBMivgFBVV95cUxOQmVFMjBCcXFlenVnSnJHWWxzR2xiYVZWbk1RRVZ4eHlfeXBlTmloNl9zcG41QzQwNUl3bWhtNE1FdjlWYjhqNld3aDh0eWdaVTREWUtkT0FLV0MyLUhEdGxvVERJMHJyRVRwQWFTWE5sUHM1ZTZ1czVKUXlhX0ZEREl5RE9HRGRhVkt4TTNsclpwMGJBeHI0SG9PRFdmeVFFUmhzanFpTGE4Z0lIY1g3djN2blU1TXdfS1BNTlB3?oc=5,therecordnorthshore.org,2026-08-10,neutral
CTA,View from the wheel: CTA needs a better approach to Bus Control - A City That Works,https://news.google.com/rss/articles/CBMigAFBVV95cUxPbzR2dXkzWHZkZFN5cFdVbndlUExOOUtXYUJjck9sakVJaE5lYzc4bjhkNnk4clgxd2pJMENiZ3h2MWR4VXNDTUpQYVBvTVNScFZGYTJtQk1XdWVVdndOMlJVT0ZtU0ZGTUQ3TjJja3lBeVo3M0Q3ZE5tSHBYdW5Pdw?oc=5,A City That Works,2026-08-10,positive
CTA,Combating fare evasion could help lagging CTA ridership - illinoispolicy.org,https://news.google.com/rss/articles/CBMikAFBVV95cUxQVmlnNzEtcnhmcV9MY2ZOMU9FRDBRZjN4b1ZQcmRuTXFGcEZfaFNLYjBrcUZuamgxYnJWQWRQWm16VmI0cGJDd0ZnclA0MkFmOVVYcklqRmFDS2hZZjd4ejRjb2dfTGJFY0dhZ2JXbDZtQXNJVC10UmM4cU5Sd1o0bzcwMjlxYm8xdFBpbUY4MWc?oc=5,illinoispolicy.org,2026-08-10,neutral
CTA,Richard Barrera for Superintendent of Public Instruction - California Teachers Association,https://news.google.com/rss/articles/CBMic0FVX3lxTE5Hdkk3emc5cG5tYW52Tzh6cFBWeUc3SzRXVEdoREJCcUU3eXF4T3NNWnhBNHJCUHFhbHIybTlPRFBtcUhTTGRfM0pMV0FBdkE2dVduQlRhM194T1lTNUp1U0tiai01MFNYNGI3VUlqTlJ0am8?oc=5,California Teachers Association,2026-08-10,neutral
CTA,"CTA, IDOT sign off on design prep for long-awaited Blue Line improvements - Forest Park Review",https://news.google.com/rss/articles/CBMiakFVX3lxTE1Wd0F4YU9KN0J6THVoZElWUWg4VTZrUWIxNF84OU1YTHhZTjhlWVZwREZYMWVqaDBVY0k3VFRpbUtjbzR6SDRBRjZCMUk2bXF0eF9WRWZOS2haN2VBUVJoLTY4dUNXLWI1N3c?oc=5,Forest Park Review,2026-08-10,positive
CTA,CTA safety: Cook County sheriff says dedicated CTA police force may be needed for safety on Chicago's public transit train system - ABC7 Chicago,https://news.google.com/rss/articles/CBMi4gFBVV95cUxPUDBlc2lpV3BlM2E5cWlrS3ZDd0dKRDJVVWpMamNISHRIbTdEN1lPRVlOakdqcHZkZXFzalA2VUdacFdQSGdVdnFKN1d4ekZiNENDYURTSHdzQnp2VC1jbXFjdDktZEFsQk5BYk5wc1lPYTRfWDM5Vk5RM3dvSFAwUVoxdEtGUFhGTk9EZ241aDhrV1RGek1RbW5VTUh1bEZSbnlCMlV2TEQ0VWJtN2Ixc2stSGxISHdRQzBEeFgwU0NqLW9RNlZBUnAyVWNlMUhfV090UjZ2MGF4NXJRdGs3aXVR0gHnAUFVX3lxTE5hR1A1N2I1UnBhR1B4Q2VJc2lBU0E2VmJNYUhJQXdtX3h4Z19KaUV1UlpacldPenVNZlFyUngtbGdJaTY4UHdZSmk3QW0xU1R0Z2pyc1o5UE9TTXp5SlV3Q21HNGFLY1RVSE9uX1c3OFpSU3FDMzNQVEtUNlNRQVNCWDh0czMwd3FwbTJlVHR6ODRPS2hURzVycW1kd1UzdU44R0R1X0tYNkxCdmdCeU1ITjFlbTEtTGtCVFNTMnZMd2NLLUplV0NtSjZBZ2M0ZUtPZVIyc2FvazhJc3BoYWV1ZDJPRzZTOA?oc=5,ABC7 Chicago,2026-08-10,positive
CTA,"CTA says crime is down throughout the system, but many riders still don't feel safe - CBS News",https://news.google.com/rss/articles/CBMihgFBVV95cUxNdDVHMlgxazFvbm91OUI3WnpyeWNSbUZkdm9aTjNuQ1ZqUlRMWXdkaTBQQXREQ0VHM2NUMWRBOFJsMEJSUEFoWVppQm1POVFsMjQ1dzI0WXJTenRCZGZTREVsTUpGb0xpOWxRaGw2ZzlySGxLazlTcnh4MWhacHY3NURTQkpIdw?oc=5,CBS News,2026-08-10,negative
CTA,Take CTA to Your Holiday Celebrations - Press Releases - News - CTA,https://news.google.com/rss/articles/CBMiekFVX3lxTFBvZ0JMTU0yeVl0ZnkxeHAycjRpVjZFajNYeDBGcUFsWWdvNW05S0NCV2hPMTVSQjdxX1ZKeUY2OVMtLV9WR0h1SmRTN1o3N25NdEZRWUpSR3hhbHJ2S0pmTzdRQ05PVGpRMnJuVmF0RjkzNGxoY1JfbGlR?oc=5,CTA,2026-08-10,positive
CTA,CTA to hold peace march and prayer service for martyr Lobga Rangzen - Phayul,https://news.google.com/rss/articles/CBMikAFBVV95cUxNcDRZS3dQVGtpQUJReVh2Tjk1UU54SmFrZ2tQdVF5NVJnZTdTaXFtME9DbUtjT0FqSXJXcjAtbnlMNThNUmt1OVh1a0tTV3BLcWxneUdBM1RJc0lqbXdYcDNLVnR4V2x4M1VIbE12eG5helBXWjExMFViSjB6RnB1WlNTNGJqZkRyQjI5c09jbVQ?oc=5,Phayul,2026-08-10,positive
CTA,"Cook County State's Attorney Eileen O'Neill Burke, CTA acting president, sheriff's office announce Regional Transit Task Force - ABC7 Chicago",https://news.google.com/rss/articles/CBMi8gFBVV95cUxQcjN2bkVob1Vidml1aDJSMXpwLVctZENtOGhJUXNrZkdkNjFpemZSYnlwYTJNN0RsRGdnVW1leTBvd0xCaXduaXFvcUNPbzVLcEZpX2V0Smp0d3BEbXNTenI4TDhWaS1uZ1UtX2ZXYTdGY2VnbXVSMXlOSU5mbUNwTldpNVdWUmVjenlydlVwcVotRHNuTUh1QkFqbldZdFdoaGNKaE0wSl9pR3Q1bE1VZTBSdGdDMHFDNzM0U1NEWGlla0ZkUjZfcjZhVzdoSUUtSEhocG1fMjFFVjlqM01GWWkyU05Kc2R4aGlHM0ZQVjVqQdIB9wFBVV95cUxQd1EtTlVhRFZKZHJ4SlZGZlp2RGFXcHZhRm45empfNDZrUGREeTNKcVlUSFI1T1ZJYWduNFJpSFpoOUw3Zm9FY0lscGtGTEl2QVJBVWJETXhEQmxham11T2NOZEozS04zd2tfSklTaDdKTWhIbEVGUnNOeURNb1UyOWhLREpkSks0aGp5SU5tbTUydm5rVE1fMlVEd0RSVkdtSFlJbXZ4UERJSjhUWFI0TW1MUjlQYXpPa0hLQUloOERuN3Y1YjlFM3I4eF9wX2FGMjQyTjZOVDMwVVhyamRhSjBiQV9QUXZ1bmVSR0xRS1oyX0JudHZF?oc=5,ABC7 Chicago,2026-08-10,neutral
CTA,Be Mine: CTA Will Be Your Valentine - Press Releases - News - CTA,https://news.google.com/rss/articles/CBMidkFVX3lxTE1TbmU0dzNxZTN6Tno2UUt1NTJFZ2ZRVVNrNlAxdEtVMW1EY0dZQUlZcGlMODA1ZGJ4TDJQcFRxS2RQUEkwei1ZMWFraHNndkJTOGYtWVhNekJZWVhiUXlvVDZzN082a3MzTWpveTN0bzFqdHdNQkE?oc=5,CTA,2026-08-10,neutral
CTA,CTA fare gates could look like New York's and San Francisco's - Axios,https://news.google.com/rss/articles/CBMitwFBVV95cUxQN2VhSU9JSHJneUJvMnM4MjJfR1M5Z1cwT1NGZW5RSzdHQUp0SEFhZW9RWU5UaDMybGhQMGdBZzJpUkhmbVhGaV9abW9HU3lSQXExc0djcmQxTl9selNtSDJXbkVHWGIxNThBWXpiM2RHWUs3SGVxbXpFQmlrMFhLWFZCanYtS1hHQUJBa0tRN2RWaGhjZXEtWFloLVVQbDZfQTV1TnBwOUpscTR6ZEdJbEd0d3V0YWs?oc=5,Axios,2026-08-10,positive
CTA,The West Side caught the train: Inside the viral CTA experience bringing Chicago together - Austin Weekly News,https://news.google.com/rss/articles/CBMimwFBVV95cUxOZlktY2M1YURaVjlhRG1EVVFlbl9XM1A5S0YxdUI0aV9XWUloZ0dycmVXN1VsRGN1YXE1dzFfT3pUZXhPeEpDd0sxcy1pQXo2YkV1eXV4UG5qaHZqamxEUjFMZm8zOUVDYmVtd2dHWTdYUHlUVUxReHdnQ2VRNkotbjE1SGZEczZEYV9kOWJ3ZlJSdFQ5R0ZfQVNBWQ?oc=5,Austin Weekly News,2026-08-10,neutral
CTA,"CTA Leaders Tout Ridership Gains, Lower Crime Rates on System - WTTW",https://news.google.com/rss/articles/CBMilAFBVV95cUxOdDg1QnNBX1VvZHAtNEtVbVp1WGZvOExNbUFyYkIxTVpELWo4UXRjelJvVngzaEVESDZzSGxENTNPXzVLdUlMUGZBN3N4LUVYMzA0NlFZUGdEeno1VUVYdXVDNzdvVGpHSnBqRXZ5eldPcjFmNW5zZ0J6Y1hsMnFwbk5uRjRKdU9CZUpVSng2dFU0dzVC?oc=5,WTTW,2026-08-10,negative
CTA,CTA looks for new gates to help deter fare evasion - Chicago Tribune,https://news.google.com/rss/articles/CBMic0FVX3lxTFA5eWpPMG5CY3pJMlpsQjJ4QnVJME92VDE2T3hna01IMVJaZnVUNVVqZm9MRnM4V2kzQTZhWFk3bEYyRXNvVEdqaVVIQlk2c3VvRm13SEN0YjZVaHdjS3FuQ1Z4aHNIYTA3ckFDVXFfSDZGWDA?oc=5,Chicago Tribune,2026-08-10,positive
CTA,CTA plans to charge for parking spots under train tracks in Lakeview - WGN-TV,https://news.google.com/rss/articles/CBMikwFBVV95cUxNSktYV1ZFMWRJczlWQ25wRHJ3RWdnMGdPaXlfeUV1UTN5N3I2MFFJc3piU1hwS3FobEoxb0hhUDZjenF3VGtwMHRkejM0ZTlRYVExRndxWXNnTG5YWHVjWEtldHdVWGxRcnhIUmoyUGswejdRb3VaVVROYWhCczRIVldlQTRaNU5zYUZVQnRWTWpJMFXSAZgBQVVfeXFMTlRWV244aWh3U04tTVRWZjlOMlB6UHlwb3pKeW1EVXlsSnRVRDlkNWRUa0JPdWtzd2ZFNEVVVkVQTTA5VWFfWDNLMFB3MHB3V2NsUkNnTUl0ajJHR0I3MG5pemxuZXFHZk4xVkxmNVY5RTU1TGFpalVhMjVTVDZmQ3M3dl9LVGdqTUEwS2hqUzdGSE1IMXRJdlE?oc=5,WGN-TV,2026-08-10,neutral
CTA,Woman dead after being hit by CTA Brown Line train at Addison stop; trains resume service - ABC7 Chicago,https://news.google.com/rss/articles/CBMiywFBVV95cUxQQnYxaVprWjRnbFYxaVk2WnRaYXlBLUZKQXdLVU5YVzdaOFVaY28wYmZ4cUppTDFUMXBtVFlLWm1ybFNaeWQzM2NSX1BzQkFDak45a0wxd3l5YS1MS3JzQmk4VXQ0Sm9xU1pKY1BxUmw1RVRBU2lmaXZFRVEyblNBVGc4YnU2QkRsYWhUZFpvOGQ2QjlhYU5wYjFmdHBqbUVtcEdRb1E2ZXVTTVdQUkNMRGthWnY4NmQ1QXJBWUJqejNBdWxPa0dMZ1U1TdIB0AFBVV95cUxOWGFRamhSd1VlRDJlNFVpUGJjWDJHOWJieXJYdUpHV0pOemc3dnlldng2VjZfQjJfS3M0R2hyWmtLX005UDJLVkRIUDNpaTVtOEtwQUNNNTd3cDF2bnNQMk5GMDFPV0RWT3hLaVhpUWpJTTA3cjJKZVpNUFBiTTBxaVFLSFNfdjktemdFUjBNWkkwelpralNZTGVxM0wtSTJIamRGYzBIZm4zVExXVzFUVEZ2UTg4UGNuNXNLXzJSd0VfOGpjOHkwcDJsOExlWEtC?oc=5,ABC7 Chicago,2026-08-10,negative
CTA,"Crime Is Down On The CTA As Ridership Increases, Agency Boss Says - blockclubchicago.org",https://news.google.com/rss/articles/CBMiqAFBVV95cUxQWDhXWUNqcjNjQTlwWWJLYmViTzEycUVtc0JTa3cyQk1MOV9URjZVSkNnV3dLYlZCdjI0dWRQWHBzaVJoaWI4YkdYLVdBYkVQVkZkRWVGZS1WUGlocjRRY3lCd0p1MGVQQ0xoc3hHdkIxc1JEWHBuZXVzWkx2X2Z5VC1CLTlQTG02MWY1WE1KcUlOU29BN2FqLUF1d2xzOU1XeUxuUWtFTVU?oc=5,blockclubchicago.org,2026-08-10,negative
CTA,Cook County Prosecutors Launching New Task Force Focused on CTA Crime - WTTW,https://news.google.com/rss/articles/CBMioAFBVV95cUxNSURpSU1ubW1WWFNfZXR1ZGdDRXVIOG1xM3NtT1lJZkRBeXlWeVBoRjA3WHJ2SkFqUzJVZ0M0b0FobXNsUlN2Qk85aHZkbE51NThGMmZZZ1ZOQ3IxZUhxMnJmVTlxblVEcDNNTkEtczJ0SlhnbkRNM190RDV3alkwYU02WDY2S2pMYUQyekdIQmpUNm1RVDlGd3ZnY2Y3Rzk0?oc=5,WTTW,2026-08-10,negative
CTA,Mozambique: CTA delegation visits Halliburton in Houston to explore local supplier opportunities - CLUB OF MOZAMBIQUE,https://news.google.com/rss/articles/CBMiygFBVV95cUxNTDdvU1FLc3JFRkc1eGxVZ0dHa1lUeFhRb3lDNnlYTTdUeks4dFl3U1B2cUZrOFdINmN5N3N6VVZkM0tEVFpfZG5fNHBoV0FycjhOb2RxTGItMmlXdUpJSFhMSXJEZ3NyT0RfSzBlc2M5eFhmdmNYWVlvaWc0ZWlueXU5OUYzbXJRb2dyMnRPU3lkckZGZF9Kc0hlRXJBbnc5YlQ1ZkMyNEVxUVl4NGJYUWdTT3U0cHN5Q2U0bnhQYkNfZ3BjTEZpcWtR?oc=5,CLUB OF MOZAMBIQUE,2026-08-10,positive
CTA,Catch the CTA to Pokémon Fossil Museum at the Field Museum - Field Museum,https://news.google.com/rss/articles/CBMinwFBVV95cUxPQWlyM2MzZF9rd21TV25uU1FzMUQ0RUxLSy1PTDd2cjlpT216UExhODlZTHN2U21GSzhUNmE0Sl9DZjN5WGdiRFd1RWRGdXB5ZG1HX0pfLWxadE9XX2N0S3c3OHZqNWYwVGMyYWRwTHItUm1Vb1VYNXd2NnhGeU5wY1VIbG1ON1lMdFpqZm1LRWphR0g3ZWl0RjJvbzVZSWc?oc=5,Field Museum,2026-08-10,neutral
CTA,"Transport Chicago's ""Year of the Bus"" panel discussed CTA service upgrades that contributed to increased ridership - Streetsblog Chicago",https://news.google.com/rss/articles/CBMi5AFBVV95cUxONTZhbWh2ckVwV3FyQVRfOFVxTzY5aTlySzhIN3ZySFI3WTVNdUpxYVNLQ1hQUzl6amJFNVVIa2p6TUZ0M3FURmx3RFFjNU5WdW00dDZZVk03dGQtWUZHb3ZMNUJHRUhVdnBmZDNSMlpTaWdBR1ZPQUhCOE9zT0QyMlJfcnU0N2pqUmQ3QzJFeGZPMUQ1NklQRnY5UFNqa1RUMUtVM0t2UU5sdElmQUItd3h1V0YyaDRoYUR4bWdoUW5faUFISTkyT1UtQWdaR1dTa3drc1FZYmQxM3NqMjNEcUF5OEE?oc=5,Streetsblog Chicago,2026-08-10,positive
CTA,Chicago man Lanell Fields charged with kidnapping in armed CTA bus hijacking on Pulaski in Belmont Gardens: CPD - ABC7 Chicago,https://news.google.com/rss/articles/CBMi0AFBVV95cUxNRjVkeE96VXRvVy1zSjZIbk1kTjhoQkFpal9ON0dIX3BpQjdQek4yVkt3eVpabzE0SUdpMnRsc2tsZXhKSDZDeUN3RFZ5RW16alZ4aUxJWDZ6T3hBaGVudUZaOGxzeXptYmIxWk1adUUweERXa1hOd3NUQWdPVjQ1U3hJQ19SeTJkek1uRkxVOUdxVXpYRGdDbU1UbFh0OHVSNGNVZVRWT0dHWE16bDdMcktCazJjNUI3RnJ1WW9kTDhCWFNzeXJmb1VnSlBsWGZW0gHWAUFVX3lxTE14dGpLWWdGTW50WXRPMzlUdVA0MUMzNlV3QzBfaHdZOEtVcHZ5eXkyODh2NGEyei1jeTZBY19yakc1SHl4S25CTV9oNDM1c1VGNkN0ZXRRN24tWnVxMnc0dFJmTFFVaXZLc3R6X0t3dkNNMDFKVTBJWXBLYi12SXZtVUJXek96LWplcmtPNF91bThtZUhGd1p2bnBUSDhxRkhjT25JMUtPcHhVRjR0THdxUEVQZWZlNzVSelVPUkhESDZ1TVMtWC1MWWtaeVZfNEwzM3JTMUE?oc=5,ABC7 Chicago,2026-08-10,negative
CTA,CTA backtracks on train tracks - Evanston Now,https://news.google.com/rss/articles/CBMiZkFVX3lxTE1rc2ZoN2ZlWmNObUdpcWdGODB3eURwaXNmWDZqQW1abG5JMWdCRS1QYzd5MDl3NGVaalpmUm5JdFZfMkZRalI4YXFkdURXS3BkSktLUXNBUEVGbzlDTWc0ZmRwdUMwQQ?oc=5,Evanston Now,2026-08-10,neutral
CTA,"CTA Green and Pink Line trains delayed due to signal problems, Orange Line delayed due to weather - CBS News",https://news.google.com/rss/articles/CBMingFBVV95cUxOcFZTY1c0V0FwWlprUVRuWEdRWTJJb3hVT0NRRlBFT0JsM1VfOXY3Ty10ZG1zZ2huUFBkUDBHZ2hfU1NHNVdqdl9ZZ0FSdjB2MzVBTTVSclJmdmJLbDFTVGJJV2FCRl82b2FsdDl4bXJBS3pKQnVKVkppSTNfN3pqWWRmZEpaVXpsWno3SlFVR1lJcHgyRjk0MzRnakhHdw?oc=5,CBS News,2026-08-10,negative
Chicago Transit Authority,Elevated Chicago Expands “Elevating Culture Near Transit” Initiative with Three New Grants and Historic Partnership with CTA - CTA,https://news.google.com/rss/articles/CBMi6wFBVV95cUxQSW53TjNNdzRRamNrTlA4T2EydWpocnVnNjVwVkYxV1k3RHU2RWp5VTlEMHZsSlBkSVpuU2laV3BVUmZaS2ctN2J5WC1ZbHQxT2hsQm9VdTBVQkRSN3QwTFNuOHJYTUdpZnNkRzJJYktrWV9QRFZseHV6V2tyYl9ZZEpKRm5kdTdiSWZ6UDc3bmFmeGpwUi1JMGg2SEJ4OUlVaTV2YW84QVliaVNuQ1lybi1WeXExSjhjZ3k3bVNRdmN1RDlycUN6d2ZzR2hjb1NXM3hZODkwOUtRYmc3NnZZZU1GUVdMQ2YtcGFJ?oc=5,CTA,2026-08-10,positive
Chicago Transit Authority,Officials Celebrate Completion of $25M Project to Improve Accessibility at CTA Green Line Station in Austin - WTTW,https://news.google.com/rss/articles/CBMivAFBVV95cUxOSzZBREJHMWl3RWdPNXpNbFN5UFNYVDE5d0VNNHhLdHRrbFRXSmdnSnh5YWRwVWdpX1V4TlhVeGF0X1Z2bHpLaHJ6WUVxQVNfa3ZKQTU3ZzZTeXY2emJNVk5NMUs0TVB2VzlMcnFXZDlxbldkQ2NrVU4xTmJZOFN5SGZmU011Y1VGWGlybi11QmVkYUVzTDc3X1FzT3I3d2JSNkFubEdBV05hNHVyZUE2WGJBcW1XUFhVdTViTg?oc=5,WTTW,2026-08-10,positive
Chicago Transit Authority,CTA Green Line Chicago news: Austin community marks reopening of fully accessible station - ABC7 Chicago,https://news.google.com/rss/articles/CBMiwgFBVV95cUxPUXhucl9tNEdjRVhxRGtwbkZ3VEZpNEFXUFhwWlFDMHdVQzJwdldmWk50bFh4b0pDdUpSRVpHb0dRQUVyZ2hHejVUaU5iaTJYdHJaTXN4OWFGUG16S0FwZWV6YTdLSi1Va0lteW9wOFV4bTlJQk1KX21LRjNzeGc1NEpLbUIwQVRtMlBJbVFDQ2NmWjE5dDBGTlF1UmZraTZDdUtkcGV3YlA1TzZ4Y0dyd19nMEFkSjQ3bHd3a1pZTXAzQdIBxwFBVV95cUxNNDRBaFNLMFdkQ2ZZNm4xSkY1V0Q1TzdrZTFZeDNlc1ZvaDdkNm1aR0ZxUEFtRnZXM0llbVFVLURfeE1nVEdldDRodFR3eWp6ZDRlcGl0U3BZRWxTcDVsa3ZpcGhTajdoWDRxeC1tX2ZaX2RlbV81OFg0Wk0tRmRQOTRQVnQ1eEMwRDhJZ0RlZElGUjRUQzJkdE9qcHhNeldPWVpfWkppckFyWHNXdmlYNnJaWGlJaHpSalItZWlJUkptejkxNGww?oc=5,ABC7 Chicago,2026-08-10,neutral
Chicago Transit Authority,Chicago RTA releases study laying foundation for coordinated regional transit service - Mass Transit,https://news.google.com/rss/articles/CBMiiwJBVV95cUxQOS00TERaMlp0RXVaalcyLW5saVF2cXJTTVppVDBMVmNpWDhUMFNJWVY3U24wUkZ0X2xjbF9pQ2FPeHRnc1RKVmdmZFk0enBoZDBVR2psUEpINTZod0JUc2hPdDRFOUlwUDktOEVnQ0hXYzFZdTlYWEJqUmRGcW51TTFLYUhjaWhqMjY3Z0U5TEV3b25vRWRfX3U2NF8zUUpPTzB2TkUxRE1lQ3FEMFdHdVFRODliSjdQWXFVS3JBajJYTkdhc1p1TlhCUnF4aXFFZDhuMUVsaHI5V25VMWZiMFNJN1hwVHg0LThyUVdBa1k3LUI1Zk9vVk5NT0hfUlJhclRON2NibFJCV00?oc=5,Mass Transit,2026-08-10,neutral
Chicago Transit Authority,"New signs intended to deter crime to be posted on CTA buses, trains - CBS News",https://news.google.com/rss/articles/CBMiggFBVV95cUxONmV6RTV2WldwUGt6RTBDNGJyLTF6MjBQVnlMZzJFMU8wdjBNQjhOT1ZKTDlHNXZMZDZYTUoyN1YwTTcyS1F4RXdyWm1pWlJoOFY2SVFBUVFpRldhREZYMXFsUVduR1VESVVKT2ZuVTI2LTNaalZ5TEhWYVlkS3NfZVlB?oc=5,CBS News,2026-08-10,negative
Chicago Transit Authority,Inside CTA's transit crackdown on crime and fare evasion - FOX 32 Chicago,https://news.google.com/rss/articles/CBMiuwFBVV95cUxNSmNfOU9mRlM1LWdBWGhXczRKUC1QazZIZkpsNnZvNS1BenFOc1hFY09ieWdzNUh1OGtGd204bFd3Y3NTNlpYOXNOQzFnYzJVRnBOZ2FYUkhRV0RiWkRzN2U3bGh5Q2sxLUZUWFktTzNRRC1VTjF0bDJ1TWZ3SE5pSThwUUpsZzlTaWVzZ3hFcW9YR1p2TXBIZlJhTUptZmZYaG1rV3RtYnlYQUNNODV1TkdDbHpKZVZFRGFF0gHAAUFVX3lxTFAtSllCQmROTmc4T0ZEc1JDNHpUTDVScU0zSXNXM3NhWWxPcDdwNFpGNndKd1g4Q1pGQ0tMbTk4Xy1NMl9PbHR6Z1ZlNHYzTzZxZGdPanVtams0dUtycWp6a0hQUDg1eWJJLTRqVjFyYWJfek9IZlhWZmh5anp3U01VeV9MYWsxVmRvZGlfdG10N1E4OE9IcXVWelJidzU4aDVNTGJmV3JURGV3cE9xZTJ1Vk9wa3BreTA3cEdHZTFUUg?oc=5,FOX 32 Chicago,2026-08-10,negative
Chicago Transit Authority,Sheriff says taxpayers owed safety on public transit - The Black Chronicle,https://news.google.com/rss/articles/CBMingFBVV95cUxPTG9FZ2RQV3lUbXVsLXp3c1VfWk0tYUZzdUY2RHVQSGFhUno4dExZSWdESXM3V2lyQ1dOcGl3NUk4dzMxQUR6ckI4akJsSkZCUG1wVXphMU5na1pwZndob2w4WEc5WWhJXzU5QlZZVkdMNVpHbEZWck9IalhNWHZlUm5nTXJWbTFDQzBPSTdEeEtJUkpwUjhuakhaQzJjZw?oc=5,The Black Chronicle,2026-08-10,positive
Chicago Transit Authority,Combating fare evasion could help lagging CTA ridership - illinoispolicy.org,https://news.google.com/rss/articles/CBMikAFBVV95cUxQVmlnNzEtcnhmcV9MY2ZOMU9FRDBRZjN4b1ZQcmRuTXFGcEZfaFNLYjBrcUZuamgxYnJWQWRQWm16VmI0cGJDd0ZnclA0MkFmOVVYcklqRmFDS2hZZjd4ejRjb2dfTGJFY0dhZ2JXbDZtQXNJVC10UmM4cU5Sd1o0bzcwMjlxYm8xdFBpbUY4MWc?oc=5,illinoispolicy.org,2026-08-10,neutral
Chicago Transit Authority,Chicago Transit Authority sues to restore billions in federal funding - Politico,https://news.google.com/rss/articles/CBMilgFBVV95cUxOZFN2bnY2bTJOT1NLVFV5UEtqR19QMWZfNnh0N0xuMzlPVTZBY01sOEtoc2lhYmF6YnpNUVZZUlNpdW54aGdQTTBBdE1oa0tHWm1mTFI3dlkzWVFoV2laLS1LN09naHRTRzNmUmwwWXBGSTFQT1BHb3IxN0ZENG1TdG1SNEJoY1p0UExPLUxOODZndDJVZGc?oc=5,Politico,2026-08-10,positive
Chicago Transit Authority,"CTA Submits Enhanced Security Plan to FTA, System Policing Hours to Increase by 75 Percent - CTA",https://news.google.com/rss/articles/CBMivgFBVV95cUxNaFJHbUVwQmdtMnAydzBMNlBRalhYV2hHOF9yYTVWWGxUTUM1MjZqVnV4MWlkQUJzYUw3M0VESEYxbGxDVUNlRWFqVDVxc2ZOMmlxY3FVZnUzMlFBVjBvaG1vbXM4RVJPVlFwX204YWpGTTh1cDBMZFg3U216am9FUGkwRkE4MVcwLTRmRVNqRnpDbF9QM3B6V1RiSHVZaDV2TjlJalI4M29ReGp4WUVSbnFHYlNPVEo5bTV1N1Vn?oc=5,CTA,2026-08-10,positive
Chicago Transit Authority,"CPS Employee Accused of Double-Dipping Through Dual Employment Scheme Now Works for CTA, Records Show - WTTW",https://news.google.com/rss/articles/CBMivgFBVV95cUxOeUFkN0pPTWdfOWxTYVItOHdYUTIzSldUR09Yc01Rd2ZUSmE0U2tOMXdGbVdQMFU2OGdoUS04OVMzeTZMU3R4cENGdG5HbVJyQ0NCZl93M2pZV19oWjhnNnBYRGdPb0hGUFhYQWlGQlQ0VTBiUW1EUEp1UU9scC1Xa094clBsYTZYZmVGVHJWMVdTeU1kNlRUdnRETWkxLVdQVkZjdy04VW1nUWl2QWlyclJUcEU4TE1ndjF1Z0t3?oc=5,WTTW,2026-08-10,negative
Chicago Transit Authority,"Advocate says Northern Illinois Transit Authority Act, now in effect, will improve transit around Chicago area - CBS News",https://news.google.com/rss/articles/CBMilgFBVV95cUxOWGdMS1pNVmtDQ0cyS3ZSSjFCa1hzM1JTeHE1a1RRMlAxWGFjalcwTU1HZlZ0LXJ4WmsxYjA1MGEzcTBLM216cmV0TGVrU3FUY3BteEV2VnIzcGpvVGk2YVc2NnI5OHd6a0VHaHZuZEszRnBhUUtfN2RiM2NqNGRJSjZnRjFWeTBtYy00WGhoczR1aDgyOWc?oc=5,CBS News,2026-08-10,positive
Chicago Transit Authority,Chicago Transit Authority Sues Federal Government Over Paused Red Line Extension and Red & Purple Modernization Project Funding - Press Releases - News - CTA,https://news.google.com/rss/articles/CBMi7wFBVV95cUxNcDlGdXY3M0lZUGVvOE4yUW1FOXczTURfRXFBLW16SVBFc29Nb0R1NWJqRklyYm51Q3dQalFwa3UtMlZxTGU1U2tDZVROWTYwX0J4a25rb0FKUWpwQ2k4Zjd0RnRtQzUxMjh3SHJXN2VjYWZWc25TNFZlWlh1SG9ZYWxxT2JOZlNvODdKYjF4UXB6cmtwUjZKWjNDdnVyTWV1WmNEa2RjV1RyaWgzQXlQSzlSZUpNeGtxclZLcnlWVkphdUdJZkYyVXBNY0VybjVvamVDT2hDVDFMYzJjTlUtaVpOMnY5MXREa3lydFUxbw?oc=5,CTA,2026-08-10,neutral
Chicago Transit Authority,Cook County State’s Attorney Launches Regional Transit Task Force to Enhance Public Safety - CTA,https://news.google.com/rss/articles/CBMivwFBVV95cUxPRjE3TzRtOVRSNE9oT0YtSjA2S3pXT19oLWtHV2JDejRCZVFjV2lMQzB5MG8wdUwyLW9FYTVmZHpRT1NuMEhwZklUYU5ramZfQTlES01FU29ianRLLWozM1Y1OTc5dkFhZ0xGemRjX19LYU95ZXRlcDB6Q3FadWltb2FjQTNFSV9ONHdEMGFPOTNFa2RYR0FudWNPMzNGYk15d1RRTHlBSzhPUXpGaFF1b1NmQ2JJVXlYeFg4RU03SQ?oc=5,CTA,2026-08-10,positive
Chicago Transit Authority,Take CTA to Your Holiday Celebrations - Press Releases - News - CTA,https://news.google.com/rss/articles/CBMiekFVX3lxTFBvZ0JMTU0yeVl0ZnkxeHAycjRpVjZFajNYeDBGcUFsWWdvNW05S0NCV2hPMTVSQjdxX1ZKeUY2OVMtLV9WR0h1SmRTN1o3N25NdEZRWUpSR3hhbHJ2S0pmTzdRQ05PVGpRMnJuVmF0RjkzNGxoY1JfbGlR?oc=5,CTA,2026-08-10,positive
Chicago Transit Authority,Mayor Johnson and CTA Celebrate Investments in Welcoming Spaces Across Chicago’s Transit System - CTA,https://news.google.com/rss/articles/CBMixgFBVV95cUxPbWprc2hqUTV0RUdCbmpWTVNHTDF2VldrRlM5THc5TDhZVHprSzlJdXVzTmwxMktjNEk2bGRsbGV5UV9qcTJTZmlwSk9wMGpKOFRfWDJ4UjYyemJDdVByRXdreXBpTjdMYTlsSWRxRDV3X29pZTlKeERMOW5XZC0zNmVfY2d1UnhDU3NtUGNPeE1xemdxVVVQa0ZhYjF6Mjk1NFlxV3lzb05UWjJmXzVFVmo2YkVVLUotcUpYSzJ4UjBFY29uQXc?oc=5,CTA,2026-08-10,positive
Chicago Transit Authority,Pretty Cool Ice Cream and Chicago Transit Authority Partner on New CTA Line-Themed Giveback Pops for National Ice Cream Month - CTA,https://news.google.com/rss/articles/CBMi7gFBVV95cUxQRzJraW5qaXVQRGRaUWh1UFNBYy1GMHhvYnowakt2bTBycXJjeFR6dElxUlBDbWpWU1ZVcXhuRU1uMmR3eVRhM3FqNnNWd3NuMmZqQUExSWwzUzctbk9nMVBHLVh5dXVrU3BKUlpSR29mdzZ3eUw2ZnozaV9seURRY1JnZUxHRnQzalQ2aVhfM2tmZDgxWWlyNlEtREp2UVBqS1g3aDRSb3Jwb3FlWTZOMnNXZnA1WlN4TVdzcWIzQnNQNm1hb3lFWkI1WHQteVA1SVNNd2hUdjVJamR4SDlfVGs1SzEwRUQ4a29yV3Fn?oc=5,CTA,2026-08-10,positive
Chicago Transit Authority,"Court Grants CTA Temporary Restraining Order, Directs Federal Government to Resume Funding for Red Line Extension and Red & Purple Modernization Projects - CTA",https://news.google.com/rss/articles/CBMikAJBVV95cUxOcG56X19EQnZKRUoycnE2ZE9QRGh4T19xOGVTM2xRQkVSVzNsblVBNnlxb3MtZktodnNiXzBJdXZ4RmJfaGJQTzR1TUQ1SUNuVzhhMld4WXJyaDVjZEZoamRZcGpjRWQ4THRRb1RPRW1BbEVxX1JMYTJQOGt4V3pSeUpOb0c3b29MOGdnNTNnam5xRGdHdTNtQnhmWldlWWdyXzBFUnh4R0JiLVM3MlUtbHZKTUxoZkxWdUVCcFNQVUhJOVVac0JmRGxBN3pQbFRzREd2X05aWG84UDlhSGN2MWptWjAtUTdHdjNlbmpZUU1TRmYxaEdHenZsZi00RjFQYTRJOWtJQWd2LURzMXRWSA?oc=5,CTA,2026-08-10,neutral
Chicago Transit Authority,Chicago Transit Board Approves 2026 CTA Budget - Press Releases - News - CTA,https://news.google.com/rss/articles/CBMihAFBVV95cUxOYUQxQ0s5bHphNExIZ1pmU3RNV1p2elotQTUwZEpxLXh2UkxqMjY5M0d6MU5kUGtGWlZsWDRRQlhKV2RVb1lHa0ZqMFltYXB6NU5NWGNHWUpiS1B2RDVjUnFnRXhxRWJ0cU9iX0F3eHJvWDgwbDhYNFpGZVhUMnViSEI1bC0?oc=5,CTA,2026-08-10,positive
Chicago Transit Authority,"Construction to Begin in January on New, Fully Accessible State/Lake CTA Station - Press Releases - News - CTA",https://news.google.com/rss/articles/CBMirwFBVV95cUxQUWFDT1pnNGhxWGdfeUt2c2Nxd1UtQXROT00tTnRzLWhEYW50U3ktTTdBTDIxWTJBbEVPOU1tWG1vZl9tVzRsR3VVY2RMek82TzhtbGRvUkpyRURiemYwVkF5R2Fyb2NtamZoWl9MekQzZHU4MTBFQW1iamdTTDE2YTc5UUY5QUlEUVNmY3BMdE9Rd1l3X3ZSS05vY2Q2Sl9tVGotQVhEaC1oSDFXQ2Qw?oc=5,CTA,2026-08-10,neutral
Chicago Transit Authority,Crisis Intervention Specialists Pilot Program - CTA,https://news.google.com/rss/articles/CBMieEFVX3lxTFBfLWg5S0dkMEM5b3VjN01uRHphcUxJZHlrdG5mYk8xY3VJWEVpM3lLWktlcTgzeTNWeEpnYW9XdHo3eVJSUHZUTm93X3dZXy1CX0tYdnhPcXZUNlVheHV2dVllYk9DdTh0Q1JGUWVBeC1FNGxBdlQ0eQ?oc=5,CTA,2026-08-10,negative
Chicago Transit Authority,CTA and CPD Unveil New CTA Security Surge Plan - Press Releases - News - CTA,https://news.google.com/rss/articles/CBMihAFBVV95cUxOa2tYS1dGWEFnemprTURvM2tJZ0RBdDFpX2twaDU0OG0xRDZpLVM3Uzk3eWhuVWRsQ2cyV2wxdWFiaFJ6ajVWNVpuWUNRQzFpVEkwMUdKQV9EZEN3WWlFVllDclNVYWpwUTU0QVgxY3VMWHFHbTNBa0lvNXdUOFI3b2NhNVE?oc=5,CTA,2026-08-10,positive
Chicago Transit Authority,"CTA Leaders Tout Ridership Gains, Lower Crime Rates on System - WTTW",https://news.google.com/rss/articles/CBMilAFBVV95cUxOdDg1QnNBX1VvZHAtNEtVbVp1WGZvOExNbUFyYkIxTVpELWo4UXRjelJvVngzaEVESDZzSGxENTNPXzVLdUlMUGZBN3N4LUVYMzA0NlFZUGdEeno1VUVYdXVDNzdvVGpHSnBqRXZ5eldPcjFmNW5zZ0J6Y1hsMnFwbk5uRjRKdU9CZUpVSng2dFU0dzVC?oc=5,WTTW,2026-08-10,negative
Chicago Transit Authority,"CTA secures funding for West Side transit improvement design, construction - Mass Transit",https://news.google.com/rss/articles/CBMi8AFBVV95cUxQZHJ4aXZ5clc5bVFJYmdxUkNldDFxdXFyaEQ1RE9tQVZCY25WWFprWW9iWkkyS24xRElRT0JxR3ZvM1JSMHJpb25zYlFrWjdpS1hGSFBOYUZkOGljYXpoTm1ER2Z0dXZjMGJ6VGhGOGx0a1BxTlp2QWxrbk1Dc1FRaVVyZzFMaHA1ZUlySXVlNFNNdVFKNUQ0ck85aGgxYXlNQ1dXdC0zajRrWGd6MlY0RC12a1ZYbXhtd2J3b2otakNoejdfaXZYbTV6alcxUmNobnRkQTRjRkFUNUZMLUNTNVFzdm9WWE1aTjE1TGo3bVo?oc=5,Mass Transit,2026-08-10,positive
Chicago Transit Authority,"CTA Chicago news: Chicago Transit Authority lays off 159 Monterrey Security guards, redirects funds to police, other resources - ABC7 Chicago",https://news.google.com/rss/articles/CBMi5gFBVV95cUxOM3dTTWpGZlh3a1p1TmZvNi12VkJfSEJXaGlIblFHUVgtYW9lLW5RRy1DWjdZUUlQMUtRMDBBMk9LUjFHUXFycTQ4Snc3ZXJzbDRoa3NILXlidHlKbzNqU3RFOHFONm40SFZ6ZnUxTG0zNm9hYWJTOWF4c1h0UmdTRTRXcUZGclUwY0c0MFBETTNqOGNvdC12bVF2YzlDbTVoWWFSMm9EZVM0bVZDSkNWN0piQXNkck5wZzBYVDVYTHc2ZXNBMFJfS01QejBsNW1hMTJ3MjZBdHlRaXFyLWpxcDV1NnYzd9IB6wFBVV95cUxPYzk1S3g2NGxaM0wxeHhFQ0NPM0V0cWlSbFF5THVoQjRaRm4wN3ZQSERqYzRFRlFXM2t2N3ZDbGNyTHVMYS03Q1Q3QnAtTFVKWXpEWEVGZkhjaXRkeF95ZU1Zd2p5cE1LYU12Zk5WY0h4U09QMkdOQ0swLVpBYTlaRGtpajhVVGIwbVU1d0Zwbk1pUGowZ0ppSk5KM29fOU1uenpZSzE2alBySWwtM2Rxc2hQVTB6N3ZjVm8zdHlfWV9EWGwzMUpBNTRHUUxxS3Z6ZUZ0Y3NoV0lyZWR6V2k3T0xDZ0gtNGRUa0dj?oc=5,ABC7 Chicago,2026-08-10,positive
Chicago Transit Authority,Chicago crime: Cook County State's Attorney Eileen O'Neill Burke launches CTA campaign warning violent offenders of jail time - ABC7 Chicago,https://news.google.com/rss/articles/CBMi7wFBVV95cUxQZDNDbXA0S05FYjlkclF1X0xuWE1sWVJ4VlBQelFYN3A2U0ZqY2pQbVFnVXMybHVTNXpCWjl5Qkt0R2JMWEpTc1QzbFpXVkJRUlZGdGRKbGlsSHU2ODdTQ0wwQzFLMWdqVTItQXBsSlZBM1JVbnpocWVxZkFYaE5JMDdwenRBQ1NWc3o2VnBGTnlfR1hNeC0wMXJJcDJyUnV4cENCSmFrRUZqam1MNDJ3eVRHdDZGSlFTWWhGWmd2V0FfY2dtMV9ncUQ1cFhiZTZfeE5PX0xmdk9mc3d4a3BzWlNWOHFOSHoyQTZiRm1lONIB9AFBVV95cUxNTVotVFZXNXNBbDFCTm5fckgxQUpKZ1FLS2FkU3dNOVFDSWM3ZlhpaDkydlpnZURfbkRhdUttYzRPQTlNQVhSTENyOGUxOFI2djhUcFBaWlhtbEJhWmlUWThpNmlMV19IWjJsWHlSaGw2eGlramZ4UFdfbU5FUGw2RlJQQ3hWSVdCb2x4TlNqQW1FTkdoWjVuaTNIVGpwSmlaUWM0cDlSVENnS2JWeFNvaXVLMjFlenZRUnNQeUYydnRZdHN2X004SExnTmEwTFdGMXhVMjl5YmpyblVoZWx3c1pBaS1Hb1BGZDdybEMzQU9zeVhG?oc=5,ABC7 Chicago,2026-08-10,negative
Chicago Transit Authority,Trump Administration Ordered to Resume Chicago Transit Funding - Bloomberg Law News,https://news.google.com/rss/articles/CBMipgFBVV95cUxQSER6a1ZwcmhQU0x4Y2VEREctdzI3V2lBTEdQbGQ4TlBGaWs3Y3h0ZFdNQUJGN3ozcWFUQUlCajF1dWNMZVhjTGx6NFpBRUFOVGdRczc0OTJfR3dOQ0ktZGhwWTJGUVJUSVZqb3A2OWFaUzI0MmVtUjY3ajZRYTZDR3MxLVdFaUVBOWZOVmh1TDJHZzhHaG5QZlhsc05RRUVxTUJPQWNR?oc=5,Bloomberg Law News,2026-08-10,neutral
Chicago Transit Authority,CTA and CDOT Invite Public Input on Bringing Bus Priority Infrastructure to Five Bus Corridors - CTA,https://news.google.com/rss/articles/CBMixAFBVV95cUxOcS1YemtfbnRLZTV0VG9nV0NjR0E0NDRDcVlhNkRWekNHd0hqUUpIdExOQk5KY0xlWU9qVGE0czgzX09aNjF5SWVLYjl1VWU4SkprWVFUMmh6c21ZNEp2S095SVRyclNFUzc3aFhoZ1FUU3JpMW1zQjhYeGg1eEUxd053TXRTd09QS3hrT2Jjb3RvTnAza2pXbDVRNmRJOUpGVmxWTXRWOE1YN2dCaVAyS3R2NTdvZFEzdnFTQWdPOVRiOGtX?oc=5,CTA,2026-08-10,neutral
Chicago Transit Authority,Chicago area begins transition to Northern Illinois Transit Authority - trains.com,https://news.google.com/rss/articles/CBMiwwFBVV95cUxOTmhyYzVHd0xnZk9USnMtUUhibHo2WWZYYzZXQzZpME9nU09nUVE4SjUzYXdoWWVadVVDVEhnMlVkYlRuN2M4azl1Tk1nRVBma1JFRXFuQ2ZZSkFEMDdHblAzbURVZWRqVVp2ZnJORGt1RkFoakVQbFR2akFMNGFzOFRFMTFPTnlwNWdWVmZ3Z0VGUjgtN0pUR01LSmdDcDU0U2pnSC15OTk1dFZqMEl0SkVWS1FnbXg3c2ZJNjNTdE16SEE?oc=5,trains.com,2026-08-10,neutral
Chicago Transit Authority,Notice of Public Hearing - Public Notices - News - CTA,https://news.google.com/rss/articles/CBMifEFVX3lxTFA3ZW1KOG16dUFOYlVmM0tXMWtOZ0NROFgydHhRNmdHTmc2MDhMQjhYNmFwbUVkRGhPTm5BbEFLVnpySmJiRTJLSVBEeVpMbXh3b3JZQW5HVFZKVGE1dlpHR0tMOVNJVGFuWU5FZjl1OFJHcFh6OHFDZlU2UWQ?oc=5,CTA,2026-08-10,neutral
Chicago Transit Authority,Federal Judge Orders Government to Temporarily Release Red Line Extension Funds - WTTW,https://news.google.com/rss/articles/CBMirgFBVV95cUxOcGo0NHNXNE82RG9UTVBQZl9QeV9rWUd6QkZlcDVzWm9qZnZ3elV5Ri1fa1NicUF3cDBQLWRVTnQwNjVvMW5Sakc2cUNXUkFGNm15S2VlZmdiNG03SXE2NFhkZTVTbUZOR09DZzdQZHBQam1kdEVVUmFhbUdKOFJZeENfUGZvMjVyd2thTC1TSlVwRW9KTllNRXVIZ2dCcG9FcFFiZ1VMWDBoRnlVTEE?oc=5,WTTW,2026-08-10,neutral
Chicago Transit Authority,CTA Faces Imminent Rail Work Stoppages as $2.1B Transit Funding Freeze Heads to Court - Engineering News-Record,https://news.google.com/rss/articles/CBMiugFBVV95cUxNQlRndUp0VDA5YWhwS1JNTzliVFdiUDNxdkFRZ0o5YTRKRzhleVItQTR4MlBBajhSdHY3NVN0QktRc09aMkU1VlRoRDNTeUJSZURIczBxTVN3VnpUTzlDTHpzeGJ4c0RMYkJuNW51TmlNSmZWd2ktc2Z4emZiQ3JEZC1Db2wzYWNtLUNJalllZXZQOWw4Ykp3TG9HSjc2VGRHRTVXS2RXM1BzYVYzZ05NUkJJVHViQjcta0E?oc=5,Engineering News-Record,2026-08-10,neutral
Chicago Transit Authority,CTA Proposes Three Operating Budgets for 2026 as the Agency Awaits Outcome of Ongoing Legislative Efforts - CTA,https://news.google.com/rss/articles/CBMi0wFBVV95cUxOSndJZGV2VkVwd3hXTm5ka2VHY3I0X2ZNcEo3NDRxdXI4TlZudXZqTktxTEtVazkySi1ZbGxFeVd1Uk9qRldxYUFEREpVaUdCWWcxTkgwUmlTeURsN2dkWkFvZ1JDUjZ1V2Q1b2JVUGlHMXRieklra29YS0ttOVVGWTBUYkNqYkFDdXhUay1HQkhlLTNUMzJ6Q2pNcF9BNWdncUpiUE9DYkRWY25lLVdtcU52cWlWamIyZm9RWE9URGVIcXRYMUg4eGFXemhNZEFYaTYw?oc=5,CTA,2026-08-10,neutral
Chicago Transit Authority,"Pritzker Signs $1.5B Plan to Overhaul Public Transportation, Avoid Service Cuts - WTTW",https://news.google.com/rss/articles/CBMiqgFBVV95cUxNd1ZlSUh4cU5aejJsWURpZXZweVprdGg2N19SeTNXak13VXRzT2pjWjM2QTlRYUs2UkctYU5jaDBiR0EyTkVRbEZrTTVTN3lLLTlPOU1mSEYzZnZsRmhuOExJUDkxMzBsVno4cFp5dmdZMHcxaHB0RV9vc3B6M1oxaHZBaDVZaFBPcFE1WEFIME5DTDdicXBvNGsyTFllcVNWQnJsV29XQXdlUQ?oc=5,WTTW,2026-08-10,negative
Chicago Transit Authority,"Multiple Loop ‘L’ Stations Closing Next 2 Weekends, Riders Should Allow Extra Travel Time - WTTW",https://news.google.com/rss/articles/CBMiuwFBVV95cUxPdGNWVFcxUFBxWU14SVhjbUxWTHRWeG9ldENISFBhSTBRWGR0OC13NnVNd3dIRFgyT2k0TE14eEMxSld5R0NIY3Fhd1FuTW9KMlBFMk9JTjhsQnlYa0w0RHhDWE50OVIyRzhHXzA5TzBPdTdjRm9PYlEyWFBHSV91WWtDblRIX3lQbGZWNGlXWHdmY1ZJaVpicWlGU0xWQVE0NXBBUWVFTm5ZNS10NDdfT2d1WE5uMk1hN3g4?oc=5,WTTW,2026-08-10,neutral
Chicago Transit Authority,Judge Orders Chicago Transit Funding Restored as Rail Projects Avoid Demobilization - Engineering News-Record,https://news.google.com/rss/articles/CBMiqgFBVV95cUxNUkxDeEgtWERRQkVNa1hSUW8yUDJHWnJkTnB3bUJMMnJUREJmS3FNUlRYd1JPWFRlTzE4c1FFSDRFVURMUXZmRFZaRjRyVnJGcmZUUks0NExmd0tlUkpyNWtuQlVuOUZYdnd4Uk1FR0dlYm5kV3VsbWlWTllJVDI5bnI1eWJJd0lZb0dtLUJWTlhPVjUzNVJIckY2Z1JINmpjYzZJc180RmFHdw?oc=5,Engineering News-Record,2026-08-10,neutral
Chicago Transit Authority,"Fluor, Walsh JV reaches substantial completion on $2.1B Chicago transit project - Construction Dive",https://news.google.com/rss/articles/CBMingFBVV95cUxNYjZGYTdSVmpYbWYyVW5wOUVhbmswSk5wcldYYVpzcV9TZ0JfZG9nLVpkUGRxYnpRdV80WHRBYjhjNlg3VUh0ZWdZa2V1VHpYN0hBckQtdV9KdWhVZWN2aDVXY3RqYkF2c29KeW5lVDdqOW5RdVRzT3REdDVZNXM4YUJEZ2dNSjZrQUlhMmF2azV3WndJRE9EZmQ0ZkxDQQ?oc=5,Construction Dive,2026-08-10,positive
Chicago Transit Authority,Yellow Line extension in Skokie could take ‘decades’ but CTA is studying it - therecordnorthshore.org,https://news.google.com/rss/articles/CBMivgFBVV95cUxOQmVFMjBCcXFlenVnSnJHWWxzR2xiYVZWbk1RRVZ4eHlfeXBlTmloNl9zcG41QzQwNUl3bWhtNE1FdjlWYjhqNld3aDh0eWdaVTREWUtkT0FLV0MyLUhEdGxvVERJMHJyRVRwQWFTWE5sUHM1ZTZ1czVKUXlhX0ZEREl5RE9HRGRhVkt4TTNsclpwMGJBeHI0SG9PRFdmeVFFUmhzanFpTGE4Z0lIY1g3djN2blU1TXdfS1BNTlB3?oc=5,therecordnorthshore.org,2026-08-10,neutral
Chicago Transit Authority,Local Agencies Adjust Their Approaches Amid Concerns Over CTA Crime - WTTW,https://news.google.com/rss/articles/CBMiogFBVV95cUxPZ3VKTm45OG5LOWlSTUM1dHBfdHI0czR2VGg4MUYydHBsYWNjREVFbG1iQk9lUFZGdTY1U1FmTVl5WmtsLVJUXzJSVVhZa2ZCV1JWSjFtUnNZejBQbVlpcUFJbDFSZVl1U3lzTG52TGpNQ0JrQ2RFVUU1N3ktMFdrZU90ZlY0dWw5dVdsX3pPeHhyOUlKbUhFVld3dE9iVXRSUXc?oc=5,WTTW,2026-08-10,negative
Chicago Transit Authority,CTA modernization project sparks calls for accessibility - The Daily Northwestern,https://news.google.com/rss/articles/CBMipgFBVV95cUxQOG0yX3VtNXFiYWhGQk1uQnhfOU9WbFBEcWVkUGpfT3JISzVXakJiS3R5bjhqTER2bjZGS2d1bS0zZFhNZFRiOVNlS0NjSXhoTDZIZDllZnIwZDVCc0UzemZkenlRLWtLV2REd3NXY01INzNCNlVDUm5tT1k5bzUtYjRiaGlNWWRxQ2pKWWVkZ01fZ19kdzFnVm5HM3BLNFVqNFR6dlNR?oc=5,The Daily Northwestern,2026-08-10,neutral
Chicago Transit Authority,Chicago Starts Work on $5.7B Red Line Extension - Engineering News-Record,https://news.google.com/rss/articles/CBMihwFBVV95cUxOazBfcXB1R2N3Tmp6Y0QwR0pOMVpGSXo1Z1Btb1hLVGNfQjIzZXl2X0ZHZEQ0RDJGMkk3UkRRcE9KUVVpenBQdUVacVQyOEduRFBjRDNZdHVWbW14ZHdCRkxlU3A4OTRReEF4cVNNNjR6SjhlbjhyeG90MFdFc3JqWGxzRUctVFk?oc=5,Engineering News-Record,2026-08-10,neutral
Chicago Transit Authority,Chicago Transit Authority sues Trump administration over funding freeze - The Hill,https://news.google.com/rss/articles/CBMipgFBVV95cUxOMHh0UXlSakhzS2xIaV9xVmJyOU9nQUJ0TEdMTmktRjdMVlI1c29HbEd6dHcxN3RsTUNBZkN4TS1vVkEwN3lvZ3lEcEVEMllsZWIwNWFMZlJ1NVRjMmpfNWhqb3VXQktKX2d5cHJzdVdZbkRBVXJIU2wwa3BfRUdKc083b0lsdW9mT1BXSHNZdFlCeDk0eEh1MXVfUWwxYlQ1RUZtdDBR0gGrAUFVX3lxTFBaQUQtc0xyZmdpckp6TXo1cVJQUWdEOWpCNEdheEVzZnJwd3N1MkNwT1lHUk5jam9qb2YyYmJ3WWZGV2toSTRmSFJucjExNktFM0oxSmxKMkhYUzFzaTZNUlNtYzVMYmYtVjNEczNmQlFKcjMzZFNvY0FVdzd4Qm5YYmVpbzY4RVFHUEVPRWVtd25feEdKZzNWVmZPOFlFakVGYV9CYTBLZUVnbw?oc=5,The Hill,2026-08-10,neutral
Chicago Transit Authority,"CTA Red Line funds must be restored, federal judge rules - WBEZ Chicago",https://news.google.com/rss/articles/CBMivgFBVV95cUxQbHhRODluX0pITjZaOVNPbGdhRXNFWUVuRzdkeEFaNHIzUGVKQTdwWVdJV3c1cE9yaV9LaGRVbldYWUcxZ2ZwLXMxZ3JJRE4taXlLVTJEOTBFRVFILVY5YWo2ZGl5ME9vMjI2ZEFZWnVpSWlsbFY1eHdueVQyOGVKQm9FZmFPNmlUbGhTZmpvWEptU01WMXFxR0Vxd1ItYUtINmpyYktvSHI5SHNLd2QtWllhbmJsUmtwQlF6V093?oc=5,WBEZ Chicago,2026-08-10,positive
Chicago Transit Authority,Chicago Transit Authority lawsuit targets federal construction funding halted last fall - AP News,https://news.google.com/rss/articles/CBMipwFBVV95cUxOMlNRNWp2NmdqbXRkTzVoSExWbGQ2SV9wd1JJZnJycXZTbWNyVnhaMk5vOERwa2dsdkZ3TGhaWmRjUzJiWWE4RG53NTczLU9YaXdkOERUamtzVEEtdEktTkFnMnNvT1lqcnBoeEZxTC1fSFFWUGtDenJBTnBYUy0za3gzVm96bTRBNFJyOGp5SjNwbElXR18tR2tyVVVfQWRtZ2RXNXI5VQ?oc=5,AP News,2026-08-10,negative
Chicago Transit Authority,CTA underestimated Chicago transit ridership by 19 million trips - Planetizen,https://news.google.com/rss/articles/CBMirAFBVV95cUxOMXFOdm9veTl6QlZDNkgzY2ItRkxTemtEN3lRYWpOX1NLZ0EtTWEyaUxoSkNBTXJTLTkzMThaV0JRa1JnN0Nmb3NGQVVzY2dzVk9TSHNkUlBoTElJY1pEVzlmaFlnUHFGS2xuaHAweFRpYjZaaVRYZElWTWV6Z0pybGZnOUYwdm9DZWhmN2tuNW1ZX243NE5oV1JRZ2I4Ny0yVGk2OWhQZHc2S2x2?oc=5,Planetizen,2026-08-10,negative
Chicago Transit Authority,CTA safety: Cook County sheriff says dedicated CTA police force may be needed for safety on Chicago's public transit train system - ABC7 Chicago,https://news.google.com/rss/articles/CBMi4gFBVV95cUxPUDBlc2lpV3BlM2E5cWlrS3ZDd0dKRDJVVWpMamNISHRIbTdEN1lPRVlOakdqcHZkZXFzalA2VUdacFdQSGdVdnFKN1d4ekZiNENDYURTSHdzQnp2VC1jbXFjdDktZEFsQk5BYk5wc1lPYTRfWDM5Vk5RM3dvSFAwUVoxdEtGUFhGTk9EZ241aDhrV1RGek1RbW5VTUh1bEZSbnlCMlV2TEQ0VWJtN2Ixc2stSGxISHdRQzBEeFgwU0NqLW9RNlZBUnAyVWNlMUhfV090UjZ2MGF4NXJRdGs3aXVR0gHnAUFVX3lxTE5hR1A1N2I1UnBhR1B4Q2VJc2lBU0E2VmJNYUhJQXdtX3h4Z19KaUV1UlpacldPenVNZlFyUngtbGdJaTY4UHdZSmk3QW0xU1R0Z2pyc1o5UE9TTXp5SlV3Q21HNGFLY1RVSE9uX1c3OFpSU3FDMzNQVEtUNlNRQVNCWDh0czMwd3FwbTJlVHR6ODRPS2hURzVycW1kd1UzdU44R0R1X0tYNkxCdmdCeU1ITjFlbTEtTGtCVFNTMnZMd2NLLUplV0NtSjZBZ2M0ZUtPZVIyc2FvazhJc3BoYWV1ZDJPRzZTOA?oc=5,ABC7 Chicago,2026-08-10,positive
Chicago Transit Authority,Cook County Prosecutors Launching New Task Force Focused on CTA Crime - WTTW,https://news.google.com/rss/articles/CBMioAFBVV95cUxNSURpSU1ubW1WWFNfZXR1ZGdDRXVIOG1xM3NtT1lJZkRBeXlWeVBoRjA3WHJ2SkFqUzJVZ0M0b0FobXNsUlN2Qk85aHZkbE51NThGMmZZZ1ZOQ3IxZUhxMnJmVTlxblVEcDNNTkEtczJ0SlhnbkRNM190RDV3alkwYU02WDY2S2pMYUQyekdIQmpUNm1RVDlGd3ZnY2Y3Rzk0?oc=5,WTTW,2026-08-10,negative
Chicago Transit Authority,Chicago CTA leaders say crime down 30 percent over last year - ABC7 Chicago,https://news.google.com/rss/articles/CBMimgFBVV95cUxNSGM1aFVsdVlQWlY3dUgxb1hSSXlCTnFrZ3VFdlpnaG5yNWpyMHVGNGtFQmpyU1MxaGppM1EwbENrQ3hnRjQwVV9tUm5iZXNWZ1kzTjQ1NkpTeG1zVkxHS19xMkhkQnVXNDNpZE41QmI3NUNUTlNzS0ctYncxSThJa3ZZaDhsdTJVTURPR09vTjZOUkx0VkZpbDVB0gGfAUFVX3lxTE9xcVNSM3FZbG1QalYwXzA2ZVVjTEpodkliOUExZVVmRkVmQktJVC1aT2VkSU1sYmMwQV8tTlBLU191aFZZTFJUQlFqQ05YZVVuOGQzbjhxVEVCN1B5bzE1ODE4UWw2X1VGcWRENFpzRFJJUnRwbzJDZHRGSER6YU96VnBMVUtUSk5uS3JmZEhscTlXX0RmZmVmdlM4S21ucw?oc=5,ABC7 Chicago,2026-08-10,negative
Chicago Transit Authority,What's next with the new CTA safety task force | The Chicago Report - FOX 32 Chicago,https://news.google.com/rss/articles/CBMikwFBVV95cUxQOEU2YmI4YlJvSkN6MjVKLTFyZE9IQTZoaXpZb1ZIalhtQVE2WHZRS2hyLXZFRHlrd2JyX0dWRjlNMUFwMF9ydG9nMUxXdENzcnJtZjVJWXQ2ejFqM1o5YjhjckFBcktSRGwyRVNmbWpQeXJ2czlvRUVqZGZOVjV0SVA5WGVIQzQtSHlSbDBkTEZDMXfSAZgBQVVfeXFMT01mdGJ3VGIyZHJ1Q0EyVlBtczVqd3FPNUJsWUoxZnRyMk9CWVVid1BVOVFTSEdGRmJmRzhLM2dqTTdaQkVobEZzd0p3N1hBOW1pNUgtd1JaTTZuaHdkZmpXdTRKNFRaTG1ENW1yaG9rTU1ocHpCc3JkVWd1OGdIeXFMREJvbEkzWU81ODhSWmlTX1pnYWxpakI?oc=5,FOX 32 Chicago,2026-08-10,positive
Chicago Transit Authority,Chicago breaks ground on $5.7B Red Line transit extension - Construction Dive,https://news.google.com/rss/articles/CBMimwFBVV95cUxQaGFfUE12dUFBTlBlOHJsYTFuM1k0Z25mci1wcndvY1RHbWxLQTNaU1lqM1l1bVUxeFFaOTRaSG56cU1SYjhLc3EzT00zOVFDYjdEVG9mQ3ZPUHZWTHgyUjI3Ym9yTW1scTJyUUc0dktJelFfNTJTYnlaM2ZoeDZtS3habzJTYUZuR0hSV2xYWWowM2dfR1dMRm9Caw?oc=5,Construction Dive,2026-08-10,neutral
DC Metro,Flood watch issued for DC metro area - DC News Now,https://news.google.com/rss/articles/CBMie0FVX3lxTE5qb3E5QnZxdVVDc0F1T09laTFNMjVmN1ZKNVRMY2xaTmxwTGZPeUNPMXplbUZuVU0wQ3FfdUpGeGN5X2ZSVGh3Rl9OejdlSTJ6cEktdjNWWkFzdHFXcDFkbHlfTlBRMFhPcEJFUU9qMmhrclVQYVJUdWRfWdIBgAFBVV95cUxNVmlxUWxCUTNId0l0ZmxrLWRyNnhkalpBSWFFSURLWS1fZHZSS2NfSUxVWm5nTTBscU9QRS1DaHVDM2N4M01PODlabjJhNEhKSy1wSDljbnBNX1hiY05wWmdiajN1cWsxTjluQWx4MlRWOGJfRlMweU9vZWJYQ1RsZQ?oc=5,DC News Now,2026-08-10,neutral
DC Metro,Flood watch issued for DC metro area - AOL.com,https://news.google.com/rss/articles/CBMie0FVX3lxTE1XNGhkMGh2RUpJMU9XWXd4akJLcFVwM2lyZ1ZCYzNaVDVqNUxpZnlQb19tNGlpMk95VVEzdHRXaFlLSkxKbGVaQjR2OTNLUExwUjB2eWMyZUVqNURmQzZmc0hDQjhWUEZ3OThDck8tZ3BQZm5jWU14alB5SQ?oc=5,AOL.com,2026-08-10,neutral
DC Metro,Skip The Drive: Free Bus Connects Annapolis To DC Metro - Patch,https://news.google.com/rss/articles/CBMijAFBVV95cUxPRTU3WlNVNGxONFBudTMzd3drc0JvMUtMVjZCUTRwbktTTHRyYzV3NVRrWktiR2FxT0F1dXRpaG5LUW1zdmJscUU2QVRZMXpraF9yRm1QV0RwOTBTRmZ1QW1tYjU3eUtycFVIMXEyVGJfdFVtQWo2ZU5IbjdLZ0taSXMxMVNkX3Z0Y2RBedIBpwFBVV95cUxNd3FOWG12Q3Z2WG5PMVV0RFFxUG1XXzNhMUZiZ0lLX3Atb3N0dzNvcjd4aXVsX0hfTUh6aXdnM0I4V0tnR19VWGJ6VGdvY2hyckR6N2laZDVPMm00WFBjZzJwV1Y4dmtyWkJGdFd5dlNNV2tmcVBtZ3REbWNTMVhnMG9xVVdRdUFnQVBnR05yN2NZdjgwalJqeHhoQWxIRnA2QVRlTXJtMA?oc=5,Patch,2026-08-10,positive
DC Metro,DC Metro crime drops as fare evasion enforcement surges - FOX 5 DC,https://news.google.com/rss/articles/CBMiXkFVX3lxTFB5QWhFdHU5SWN2OGpVazJOeG1QVDhCQjRDbHQxc1JLcE5RX3B1NzVfemRYVnZZcXUwNXV5Sk50bzNsQkxkWl9lWm5qYlp1R0VvV0hKZGlDQm9MUmcySFHSAWNBVV95cUxNb3ZFb1dZb1BkeEltU3FjZXZNVW9OZ25CMWo1anhwQ0JHUGcxVGp0SlVKMmVTcW9reWhyYWdwWGk5RjZUMFZHTnFUSkRLejc2MVFId3V0ZGtIeUdVd0E0YUJlaDQ?oc=5,FOX 5 DC,2026-08-10,negative
DC Metro,New bus route connects Annapolis to DC Metro - Baltimore Sun,https://news.google.com/rss/articles/CBMihAFBVV95cUxObjZDUU9jaTJ2OW4xQUo4NTNnZ01kNWlFRTVPVG9HYi1GcEhoWHlSY2dEWkR1SGtPdlVubXFfWGltNkVseUNXaURIcGt4RHBwa1QzdVU3WDVOQVBmRjQyWXFRZXNxTlFsZTdCT194T0k2SFpTaTRKdjgxQjZaTV9aX0F5b2w?oc=5,Baltimore Sun,2026-08-10,neutral
DC Metro,Is the Red Line of DC's Metro operating more smoothly today? - USA Today,https://news.google.com/rss/articles/CBMi4wFBVV95cUxPMjFoZC1fd1RsSVNzZmJDZzRwRDZORDZrMnF5OHVFYlFjcVVwRUNNQllNLThOUmh6NTdQWkhfXzJHRy1wOHJUaGVrRy1JdG5KdlFxdV94aENhcjk3T1RUcEhGeUVlUHBWanNWb1VVc0pUMld2ZzdjSDBOVzU5U2hQT3FxMjdrSlpIVHlYR3hSOGtHZ1p0SWd0cWJYUkhqaXB1MmFicTZad3FKWWZ6b25UdGFKZHd2MHpBeUVFaWJPelBBRXY1ZjA2cWNjM3M0d1pkN1NKLWMyTkxsWndjb204bG1vSQ?oc=5,USA Today,2026-08-10,neutral
DC Metro,Life sentence for man convicted in 2017 murder of D.C. Metro Police sergeant - CBS News,https://news.google.com/rss/articles/CBMitwFBVV95cUxOaTVRQkpocmlxX2JNOGotLTZUV0hGYk9EcEpkb20xM1FqTUlGYl9fQWRfZzdwOTRGZ3FWVF93VWlVdkN2NHhFWmllbS1DOWRjS3l2RDRkd2pPQ2ZTX3dLOU5WWFZrMFBWX0d1U0RyTlgwcVo5UEo0Mmdrc3h0NXlfd2syVEQtWTZTaFV4SmxvLUZ2WTdDai1rVEZUYktTQmRrb09RcHNLLXpxNnlhRy1mQVkxRG5vd0U?oc=5,CBS News,2026-08-10,negative
DC Metro,DC Metro Transit Police - DailyVoice.com,https://news.google.com/rss/articles/CBMiZ0FVX3lxTE4wWEwyZzc3dHhWcmEyWTFBTkFLMTBFSmJ4Q21mT0VCQmlaS2dXRGRaOXhtdkRqZklwTHNQb3NheG12ZjBtMUR2b2dlaEQxTktkc0ZmcmFmaHVLZGtPWTAyTlEyQ0J5WlE?oc=5,DailyVoice.com,2026-08-10,neutral
DC Metro,WMATA releases list of major disruptions to Metro lines in 2027 - WUSA9,https://news.google.com/rss/articles/CBMixwFBVV95cUxOUEdtemJkdlhkeU1vbTJkRm05VWdRZWpCZ1ZDTmZKamZDRTFFV09DZXRvNFVfbG13dXljeDRvWk43bVdSY0lPRE5CelE5ak40NzN4RmNxSXFqOEhqNkF0eXd5YTFhSnVvcFYtVml1Z0xtUExJZmlkbFk3UW1xOGtMNHJ0UUk3UWxaM0s3SEkwV3c4Y25ETGh1eGstSDJNUzRjWVVSbVg3WndScmc4U0xTUHduTzhZNEVpVkpUT2lIamRCbkNFNmxv?oc=5,WUSA9,2026-08-10,negative
DC Metro,Metro launches limited-edition Smart Trip card for DC’s Grand Prix - Washington Examiner,https://news.google.com/rss/articles/CBMixAFBVV95cUxPbDVUQ3Jta0Z6ZjdUVUFkRXRRSC12dXNKbWtHVVlmQWQyOUktdUo0QW5DOVBnWDlUY2w0Um90QjJzREJ1WDQ3akwwb1FQRENXY3N3NjNuaVRhcjhRTnU4RlV1NkRIcDJQdDRxejVseUZ5cXMzYXFwaG5nTkFrUHhHQUVvOTZNQXNma2d4cHpZRW9KbjFxMUNMbXVXMllUNFVKeHd0c1hQVm5ENE9QcC1vdjVJWG8xYmRiQmwtQ09FODJCcDJJ?oc=5,Washington Examiner,2026-08-10,positive
DC Metro,Metro’s Red Line returns to normal after water floods control room - wtop.com,https://news.google.com/rss/articles/CBMilgFBVV95cUxNMDFOV0pIdFlURVFFbGVXR0pOWDlXWnlVbzRsdk5tZHhQQnRQWm10RXZ4Y25MWHhQa3ZaMFBYTEtuSzA4OWxRUWwxVzBXbk01MGptTnM0RGpRT09uZ0k0dm1aVEVIRm0zOWU3U1YtQU9VRnVIMllRQnMwYkRLam11X2Z5TGFVU1VJdkpYWnN0dFFfLWp5VHc?oc=5,wtop.com,2026-08-10,neutral
DC Metro,DC Weather: August begins with unsettled weather - WJLA,https://news.google.com/rss/articles/CBMi1AJBVV95cUxQNHFhV3hkVU5henBwVjdJOFpPVGQ0WWd6RXpQaThfM1RJc1pCS1diRFp1MUVUZ21mRC1zUjRxTWJUZFdvb2h3U3A5bFRGSWdTeElvY0I4SGhsRUhqa0tReEMyUmgwMTRsTy1GYzRtekd0a25RT1JlRklhTXhYM01FcWNWUktzaGdPcFpLdFFEOERhZEdOd3prRzk1cnV0djEzTmVxQ0E5Sm9COWIwcUdwcnRqYXhFbkZfODMtUUtla0tuQnBsVlFUaTBkOGhxbDJVaVk5ekRSUEx1VHpBaWZ1cEtwVXVrZ2NXQUpMZW51clZ1bW9POXZrampiZDJOVW83UUY2SzNFSjFOdEkxeks5Z0wxNXFNWXUyU1VQaURlZUx0UmpOM2daOGlGRlRwNkFoV19ocTA4emtwX3lsNHRpSHl2QXIzeTVBVW5oTGs0UDNUcFZl?oc=5,WJLA,2026-08-10,negative
DC Metro,DC Metro’s Red Line commuters face a summer slog amid station shutdowns - Maryland Daily Record,https://news.google.com/rss/articles/CBMinAFBVV95cUxPU0phaGJsNUI0bUxkWnF0SnFOVjNyNzQxd1JuU25aTzBiTEd1RnBQcWlfMW9WNGZib0R4QjROeWxZUXR2OWs4aGVqTXBfLUpLT2NGMHhMLWJjVHdxdDBqU0xoRXJSRnBxT2Z2STJUeFBNYU5sc0VwX0xIMGF1aVNBMFhxZWt1TjU4MTU2LVdDLTl4TjV0NEJ3V1BRMS0?oc=5,Maryland Daily Record,2026-08-10,neutral
DC Metro,DC Metro crime drops as fare evasion enforcement surges - FOX 5 DC,https://news.google.com/rss/articles/CBMidEFVX3lxTE85VFU4VUQwOVA5eVRCWmJEYk9Tck9rSFNocjV6UDdKSnhnRTZISno5OVV0RzllOWFoeHZXdEhJWG0zNFF4LWJQLTAxTzlyY3I5bVFmcW5TVGVMQmUwZUdxcV9XY3pRTWFFa09EdnJUZWdfVllN0gF6QVVfeXFMUHREVUx6Tk1Jd0pzOVFaNWVtSkpBUFV2ZV9TVDd0ZmZFczY2S255WHdnVVM1Tmx3WlUzY3I5TW84VldtMklxVXludWxjX0RUWnJ1YmM2LVJ0RmpXTzcxVjkyTXhlUDh3ZDhOWlBZRVc2a3pfa3ZJU2lLaFE?oc=5,FOX 5 DC,2026-08-10,negative
DC Metro,Have the Red Line issues been fixed on the Washington DC Metro? - USA Today,https://news.google.com/rss/articles/CBMi2wFBVV95cUxPY0RLT0NPR0VwdVRzUHVaZkFkYWtXMmhrSVpqNFotdkxEWENNV2RNUVVWckotQ1pWVG14bFBUUk9mWlRESWtHYzNqYmRBeFlOb2lGQzVMVGxoMURhZGNVVFdBMEJFRF9BNENQNDFWaF96c3JGVm5UUW9LMGVjZERxUnFQMXhDeTVBMTBqNlItalhiWkZuVmVXblRHVTc2N19KdWdscGJlbzdqYjF6V2Z0V2RFUzNJZXJjWVJpNnVqYi1nUDdXbndjT08wek11TUVncXV3dGJkMUpSWTQ?oc=5,USA Today,2026-08-10,neutral
DC Metro,Is the Red Line of DC's Metro operating more smoothly today? - AOL.com,https://news.google.com/rss/articles/CBMifEFVX3lxTE9PTVJBNng5Z0FzOXh1V0Nna0xRVW5qdXJNMFd0blN1enVUbzdPTmNKaHZVZkFwV2J6R3hZY2R6TnVobGx5dnFLZ2FVbWpQd1ZndWxLTjlwM09vcUR1MEdURllvbzd2S2pteWs0WWo1bUpmMHRyLVZTSUM2SXU?oc=5,AOL.com,2026-08-10,neutral
DC Metro,Metro board approves funding agreements for RFK transit plan - DC News Now,https://news.google.com/rss/articles/CBMiuAFBVV95cUxQMFFjTG13U2pYbWtMbGFWV09Wd0RYVXJiMzloRl9FZHh5QVBCRXdpbzFhNWpidVlweWVFN3YzSWxBTEJkSnI2NkZRcnIxTFlIdFlqOWNyMk1UdFFxdUxvRk1oVUEySUowYXV4akRpLVU0S3c4NTNCT2NJUUhyaU9xOEdrbC1ma1pQQ3dwNm1FN3BEQ2NJOTR1M1pBU3lDYnlkdklsc055Y1dsWmRHS1ViM3BINUdXWTR60gG-AUFVX3lxTE92T2F4SjRjVFlzVy14NjRqaWpycTFySmVlU0xJcW5kV18xSlQzbEphb3BZcFdoYTlnTnVpYkhwRlV6WWtuMzBGZHBhanJSSGFGb0c1RlJDWVRvbThRejJkOHBYTXpOMGF4ZFpOMWhUVFdtMzktaTYwMmtKV1h6dVFBckQ1VkNkVG5fUEJURnZtSUppUk5wZ3pyMDRvSlVfbXRYbm45YTZFTElQdUJZQzdYYWdTNHl2TkVDUmkzWHc?oc=5,DC News Now,2026-08-10,positive
DC Metro,Metro details Red Line upgrades and upcoming shutdowns - FOX 5 DC,https://news.google.com/rss/articles/CBMimAFBVV95cUxOVVRsSlNIWTZ1NTdpWHRVd05YRlZFMnpfaDhGbzdjWEdnTmpKSGpNTXAzd3AzMFVieTJrTk53Mlo3R3hxdkFvT1J0RTc3SF9kX2t3X21XX09pazg5cmNZaXRMTUd0YmVULThLendXNVoydjRvcnFJMXQzTC1MNExCNlU2RENITUVzWGE2akc1ckFMOGVMS2t0NNIBngFBVV95cUxOYnl3M3BFRXNmaVhuekxVUDhDZ0hnR084SDZ3TWxlcXQyRVdVYUNwSnRacmM3ZEYtaFVQZHlKWnZmWDRVd3NLaGUxNVN4Y1hBbjhjREg3cDhPREJ2eGJYSzA5NkQ2U25GV3BZWjlrRkQ2WUZvVThhV01CcXBiWHljQ1NZUm5QeldYR2FiY2V0WWlVanp5eTh4NjRLY0d6UQ?oc=5,FOX 5 DC,2026-08-10,neutral
DC Metro,Have the Red Line issues been fixed on the Washington DC Metro? - USA Today,https://news.google.com/rss/articles/CBMiXkFVX3lxTE9NdEQ3alJ6TTFSV05XY3BOQ0xLRUZWS0JCenpzX0JoQnZmb1FBbnU5bE9wYjZkV2MzYUt5dmlBalM1bHJOaDZjRy05ZEN2cl9YSjEySkp1LXVjaGZoQmc?oc=5,USA Today,2026-08-10,neutral
DC Metro,Man convicted in Baltimore cold case homicide of DC Metro police officer - WBFF,https://news.google.com/rss/articles/CBMizwFBVV95cUxPZFdMSXhnMjJMMlFlQk5NSUc1OENRMVU1MXRNalFDeGlkcTRHdkxlenotVlVMYjJzSWFLam1mQm1yaWdkcHdSWWFBa1JreTBuV2liWTFLMmZSRlYwelpRbVFrYTRfckc5WGVYYm5fRlJsY3BZZHEtellTRnZ2d21PNHBDbVY1alhXTXJBZEE1b0FmMG0ybkJMV09fMmp1NExhbGY3d0RyQTk2NnFmOF9XTXdiUnZBdFgxeEVlTXJSamMzX0gwMmZ6d2FqMExlQ28?oc=5,WBFF,2026-08-10,neutral
DC Metro,"Metro plans to add platform doors, barriers to Red Line - wtop.com",https://news.google.com/rss/articles/CBMirAFBVV95cUxQSVNTS1JhYmlDMEE4Y28yNzFmdkxSSGd4SUI5SWstbjdMRlZlM0l2RW93R3Z2dmlPUldqZmVmcXFtXzNQMDhua2RHZzdJT3UyMkFlN05RLVZhX2hxNklWdW1aM09wRFJ0YnFGbWQyWlVCck1QSVFmc040UEZ6RzNFWDdWNXVRX3FYUHdWeDJoVVh3RzFKVXl0UEZWQjVUNmt0N0taOVRyM2ZnMm1Y?oc=5,wtop.com,2026-08-10,neutral
DC Metro,State's Attorney convicts man in Baltimore cold case homicide of DC Metro police officer - WBFF,https://news.google.com/rss/articles/CBMi2gFBVV95cUxPUTcxNzZUanowR0lHTVAza2xCNFhEX2NDSTBkcjNIeDJFMmpudEh2WkM4QW9haExKWmFnUWVHUDdfYnRRdEdXa2x2RUE2cmJTbTFqS0RKcEtoMzZNYkZVdVExMnhMbHFxVlpQeU9sYkR3NUtTQXdCYndpMWdXTWVCYjBHb2ZoOEdmNmpycGsxSHgxM3hCX2x5c2YzNmxacm1RMktEdTRaTXFoa1dZV0IzaXhlNmhYeFJYZzZQUXZHTjhhZElueVFQdkdQZXJULW9JZ09MWUljaEZSUQ?oc=5,WBFF,2026-08-10,neutral
DC Metro,Another Scorcher in Store for the DC Metro - The Well News,https://news.google.com/rss/articles/CBMihgFBVV95cUxNT1FZM09BbTBxcFhEMDlRRTZGcTNjdGxjQ3ZEa1RoX1UtWUxibE9fWHZhZmE4dGtxTGJ1NG5xWDdRQUZyRURMM3dtUDlfbF9tM2JraVNzcHNrQnByX3BhVFlYbTFyRHhTcmlQVlkzZjBHeHplVEhyb1cxcXZBRWRZR1hnNzNuQQ?oc=5,The Well News,2026-08-10,positive
DC Metro,Opinion | What a viral photo of white supremacists on the Metro reveals - washingtonpost.com,https://news.google.com/rss/articles/CBMinwFBVV95cUxQLTYwSGpuUDV6OTJoT0NwRWp5dmtZbzBYZE1rYzVzYUpXQzlZdjlvWmU2R0FadEdhWldOamYtOEV1VjlLZnJ5dS1TX1MzVzRXaVdyUGdYcHM1dzhQNGRUZlM4OWlmejZQQjZTOEFxdkFQMjhZcW9YRVY2YjZJSG52RDJXUkppREFES2FWcnlqSXZqeFh3MFpJQTdQRGg1aTQ?oc=5,washingtonpost.com,2026-08-10,negative
DC Metro,Terminator 2: Judgement Day 35th Anniversary - Alamo Drafthouse,https://news.google.com/rss/articles/CBMijgFBVV95cUxNdlh2X19uYkE4TUIzeVBXLWMzbVFaWDFjTHVqSW4xSDBBQkh1VFdEcVJEYzhKTDdtWTM3b2p4UzJCUVo5bG1MQm1xc0hCTmRIR1F6a1I5Tk5qMjdsby1qSENJVnNOR2VjYTltUWM3b2JPNEhhUE96S0hST1JHV0hfZW51bDZNTGdGV2lvSi1R?oc=5,Alamo Drafthouse,2026-08-10,neutral
DC Metro,Metro releases renderings of new train platform doors - WUSA9,https://news.google.com/rss/articles/CBMi4AFBVV95cUxQVTgybV9jNm9jTlMxUnR3TXc3Y2VZT19fWEwyN09jYzdWcUo5ZkFxVk14MHBncVRoa0dFUk9sdFZqaHk2Z2dFZzRUMkFqTm1ld3RVblNfOVBaaHNqRWhpbENINngzSE56blpoeW05S1M1RWt0YktDMTU2MVRUMWJlWlM2Y0ZENmNmdTljVmwzM2FWdWltMmQyX2hiV3dmd3FLWjNxSjAtTzRsbzc5M0pGNTVDN0hVU0NtdFJhRlgxd1B3UkI4V2JmQ2R6b1RFdEhwSGlqNWV1NWQwUDJ1VThVdQ?oc=5,WUSA9,2026-08-10,neutral
DC Metro,"Mixed Signals: A Housing Update for the Washington, D.C., Metro Area - richmondfed.org",https://news.google.com/rss/articles/CBMi0AFBVV95cUxOaWNFTTJsQWdWZFNjN3V3QlZDVFNZMy1YZEV3LV9YXzlQeDE4WFBsNTliWjVWd2M1dW1xTUtfYTRGSGRCMEhJa0c1a0ViN0x5SkxTUGxOajE2cXVEaDQyTEpOY3F5S21Fd0QyRkNlaFdsd2FPcjRSbEN6MnloVzJwbXczb285b09vdjU2clVpUGRUcVlSd2J4aFlBUkRwdnFBb2tvS0lJOVJWdWZESjhWR3JROXFTOUd4RlJoUm44XzFkTTJpYkNtS203cDZrMi1Q?oc=5,richmondfed.org,2026-08-10,neutral
DC Metro,Metro rider recounts encounter with Patriot Front members in D.C. - PBS,https://news.google.com/rss/articles/CBMinwFBVV95cUxOX2dDN2JfeHoyWDhlc1Z2VWxaWGtRcEJab2FibWRHNnZsb2hDME1YVVgtU18xQnJKelNYdmxFclhJTWpLY3oxVU1rcWk2b19VRHBnQWhWUHl6dzNRRXl0dzlldEZJV25ydUxWVUR4SkFVWEh1RUlTT0ZXWWhRU0JiZlZvT2xRWG1xdDZXZTZFSm5ucGRKNlJCcWE4aWZqelU?oc=5,PBS,2026-08-10,neutral
DC Metro,DC Metro rider describes encounter as Patriot Front boarded his train - wtop.com,https://news.google.com/rss/articles/CBMimwFBVV95cUxNU3FNRlZYT0k2a2c1WGtiM0c3QUdzRmI3bXpsY0ZGZm94czg2WVVwVllrWHBMQUV5TFpCVVJDQWhZLURFcC1YRWhISDd1dkdxY2h5ZmlFSWNNOVVrZnE0MzFRQkE0UnpEc3lRaS14VUhsS1FwX21oWm1ETEV3R19LX1FRSU9RX2hkTlZyX0tvMUpTeHdJNUNlZnZhRQ?oc=5,wtop.com,2026-08-10,neutral
DC Metro,Metro hair toucher to stay in jail past 100 days as trial delayed over X feeds - WUSA9,https://news.google.com/rss/articles/CBMi-gFBVV95cUxQQ2JGY3VmZVdsdnRtWF9PUF9uT2ZlWTlvWHRSckVJNGVQR0dGX0UydGRieUY4VHZyR1daeXAzaXpBenBTbDBrdWhOZnVkdThSSW05ME5IdWZKUFhrVGFxNGdGMU5kTDMtTHNrMElNTU41dUJNV0FFeGhMbDJ2Q18zOXZ2NEJkZ09POGJISlBNOVBKRjVOMmE5SUcwbWtScFJxd21NVy03ZmRiRC1mbWFUaTdkb1BnZWhJNzVIMVAtRWZSX2JjZjVXRHhzNnJCUFRqTUF1b0E4ZVhMZU01YkxnN2t0RkF3RkV2Um9ONXJMdG1Qb09FWjNFYWtB?oc=5,WUSA9,2026-08-10,negative
DC Metro,Man in viral D.C. Metro photo says he was ‘terrified’ as masked white nationalists surrounded him - Advocate.com,https://news.google.com/rss/articles/CBMie0FVX3lxTFBZaUtuOXJpT3ZkUWJzS3FveGsxcHNBd05Nc21WMXlIb2h6Nmc5b2tOekxiWUlnUHpkeGxLblR5dkFUdnk0MHFOWWIxS2JiVW1vX2xxbGFjb3Npd3ZIZkxkTExFYy14X0lnaGlJQWhwNmZibVhZVFR5NURuYw?oc=5,Advocate.com,2026-08-10,neutral
DC Metro,"A year into a national guard deployment, DC residents say they live in ‘a city under siege’ - The Guardian",https://news.google.com/rss/articles/CBMikAFBVV95cUxPZTdkdGM2Y3BRR0JTX0ZsaEZhLTRKZEF6RmpSOV91eWFGQVpPMkU1S1cxQlRZbTJqbTBndVBrZUJZdGRkdS1ZczZLMFlIeHo1RW03MEU4ODFnRU90ZmRUQ1lXeU9SQ2dWQjBnQmpadDI4RkNCdVBRdGNqZEdYWnc4TUhfYUY5c3lQeGx5OWdrcTU?oc=5,The Guardian,2026-08-10,neutral
DC Metro,"Cities With the Most Expensive Homes in the Washington, D.C. Metro Area - Stacker",https://news.google.com/rss/articles/CBMinAFBVV95cUxPcTBTTzVWUF9NZmxQWlVuM3VGcnhrQjBoUklYa1RnZS1LbTdHekxqbDkyWDJXM3dJWWc5X2hnT1FMOTNlRzdKN2VXQUp5UUZqZGpjTG1yZTVPYUhTLTJQWWR1d2xMR0dqRjdlcFA2d25rZThRZmIwa01JNWxjVXpQbzFxa25XdUE1TWtqYno3WXNZdy1XLV9oYklTR0c?oc=5,Stacker,2026-08-10,neutral
DC Metro,"Within Uber-Waymo split, a key labor battle over AVs is being waged in the nation's capital - CNBC",https://news.google.com/rss/articles/CBMigwFBVV95cUxQNHhMZVNib2lqNXZITTBORzl6RHhXdzJkSnZwNVNsRFdGUm05ak9tc1BxZ1ItNmlsZ240dC16d1Y1TXFSTEllOXFNYXpqOWFIMUE3ejYzSUMxR1kxMDRrRXl4c28zM0hmSGVObGZFQ0ZvMkMzd2o3Ykl1TmgwazhpeEdwc9IBiAFBVV95cUxPU0tQSUdHbWJuTUtTSGYyVU1fRjlOVGNkLTFYVXlxMkhxRVRCUU9CYXp4VGFlVjE3Q2VzUXpZT2ZROXFSbGlfVnl6MVB1RFBqSUllVWFtSUkxcURrd0NIa3dHVk9jWkNsNkVGTENCRmhodnp6dWZXU3Z4Qmp0RUxQczBYc1JxUUZk?oc=5,CNBC,2026-08-10,negative
DC Metro,"DC, Metro have three weeks to finalize agreement for stadium deal - NBC4 Washington",https://news.google.com/rss/articles/CBMitAFBVV95cUxOUUhMY2xUVnBUTWxJWmFZejJ2STNIOXByZkVVWk9hSkxIeDNoSWtVU3J1WWdNYUh0RkUxLUtFNHRERm44bjlyTjZ6WkpoblV4ZHJlZi1mRFZkMUs5Ui1NY25mRnVQUUpLNmNpVmNWaXluNUxYb3pubEtRRDN1NVBuWlM3TmJrN0lGd0I0bm1vZEk5WnExRUhrTEQtdFNKM0ZEUmZkSVRweTNHTmpDZG1IRFJpVnHSAbwBQVVfeXFMTk5ZaVdlZjllSmFmTE5MbkY5Ym1QRzVyb1RXVUJ5VHhHTlNvd0VCcmdxUnRtQUlNQ2hLSDEyWnh4VXpyOXg4alozTV9PMnJYdl92SGt0M1VxTENQcjFyME5TM3Y4dFpwTC1IX2c0ei1Wd0huTFFuTDg5UTA5S2xPeHBNY2RIUG9qWW1KVlFaZFpneDYwZzVQb1hRb1FiYVNZSnlQb0RJWmNMLUxqT0R6SHdnRmZZTWlTa3FqTnU?oc=5,NBC4 Washington,2026-08-10,positive
DC Metro,What are the upcoming Metro closures in Washington DC and the DMV? - Yahoo,https://news.google.com/rss/articles/CBMilgFBVV95cUxNVXhaYzl4ZlZzcEFxdXh0RUt6MGZ6Q2g2TVdyOTEtRHQxQlVHZHVsWUVXZmthbHBoNHdjSWRBSHlNeHY2TDQzT3RJTnJOYzFOLUdFdzVMNGRkVHhDUnppWEpCWlo5aE5MZXhxYUllaDRLenV6eF9wYmRGSUF2cUJJXzR1RGduTGpDemZYTWNsNEVTQVJLNkE?oc=5,Yahoo,2026-08-10,neutral
DC Metro,DC Metro Faces Week of Storms: Drought-Hardened Soil Amplifies Flash Flood Danger - Tech Times,https://news.google.com/rss/articles/CBMizAFBVV95cUxQNTZFWlNIazZyazdGQXBBTlVRbUJjN3VBSVRHY29EdUgyaWdSNEU5QXBfTVdTS3ZpdG5Xek9NYi1DN3ZkUXZ2RDZrRzVaTVAyV0tObldQb0d3cHpJXzdVUEZsU2VSbUhVUjlTTWdPRHhCY1p4Y3k2NEVtUE9xTVdoV1dXcmZDMlRkanRHRWE3TTFBVmZJVmozLVBMekNzYU13UG95NFlGaktfMU5iMDIxSzVZaEVTaXdNaDVyWG1POGNfOWpxZ2xxdTN6R0M?oc=5,Tech Times,2026-08-10,negative
DC Metro,LaunchPad Home Group Acquires Top to Bottom Services to Expand D.C. Metro Presence - citybiz,https://news.google.com/rss/articles/CBMivAFBVV95cUxQTHFVUzdvREw0R0ZVUVVDRGY5SHNqMER6MEFhV3ItdHFNbV9WeUpKWkxDWnhNY1NIakJsWTNrWFFzdGRLcUhjcU1aUXM0b2l6OFA0VjIzMzlScy1zNkFJekZRNnJTa3d6STVZd3B6VS04Nk9lNE5MeFZ1dUstWFEyTHZsSWlabGo5N0tCdmI1dTk3cmdmYzNLVW9vRzZYR28yNFA4cHhxS0Y3WnIxY29OZHk2YjFQb2xJQmhGVw?oc=5,citybiz,2026-08-10,positive
DC Metro,Stuffed frogs and more are flying off the shelves at Metro’s pop-up store - washingtonpost.com,https://news.google.com/rss/articles/CBMiowFBVV95cUxQUjNnYlBwdFM2dEpyRnJHdlpEV0wzcVh0WGVidXpiZnhFVXZPVDEtbVVkRkZuSGEtakRJejJUOUxJMXV0anFKeENTc1BYM0REcHJUdWlhcFVmcC1VSW1LX1NiZUlRVFNadXJ3XzZzSmF3cjZkb1F3MTIzZ3Ntc0xDQ2xHMFM3NnRZdHVzWEJyX01yYk0xVmFxOUhNUUZBaE5Lb2hv?oc=5,washingtonpost.com,2026-08-10,neutral
DC Metro,The hottest T-shirts in DC are from Metro - wtop.com,https://news.google.com/rss/articles/CBMifEFVX3lxTE1RbUtBTVpzeUlScWYtZ2JxVTFoZDN5czU4TEhQUG44RmlpVktHUFc3U05WY2kxZVhuOHM2S1J3c2pMOXUyc2RQTWRyTW9KR09Hc2c1SVZpUEhEdy0wV1E5ZWVzSlZpdFg1cHNTUk9YQzlFUHp6ZkNFWWpUSzc?oc=5,wtop.com,2026-08-10,neutral
DC Metro,Red Line shutdown begins July 6 as commuters brace for major summer disruptions - FOX 5 DC,https://news.google.com/rss/articles/CBMiogFBVV95cUxOaHNnQk5ULXhWM1BVU0VrQUh5bU1pRmdQN2tRZUdSODFpc3lBUFZ5UmdRV24wbVBkZzFoRWlYcW15OV92S2diVWVYSWtkX1d5cDV6ZllzSlFFc0FTQ1BOU1ZIbjZ0V0xkYmlLc2JkRmc5UmhLTDN1em1kTWNLLVdxa0FYYkJjLUE0WDZuZDJ0TFJUU3Boc3lnUnlQWnNvZng1RFHSAacBQVVfeXFMUEZtWXh6VmtEWktUN29JSjVsN05lbnZNTXh4b0pzOVhjbTlLMHItSmFqWGIzbmQ3QTF2b3JoS3JzOTEtQnlsQmZrc2NCUUxiTEZydWhwVkZXbDJYNVk0aHMxZWhhN2tMcjkyVnhZSnJNQTh0V3oyTm1WemNCRzUtNTRXcVUzXzZNSTJWTkl4OU1kSG9YSkRNVXBheEJxR1AtV1JjdjVCLXc?oc=5,FOX 5 DC,2026-08-10,negative
DC Metro,Photo shows white nationalist Patriot Front members riding with Black woman on DC metro - Snopes,https://news.google.com/rss/articles/CBMicEFVX3lxTE8yMndrcEl5QkNPakt3NUJkOTBvd2tfcU0wdEpYQW9RMHRxbUc5eTNQc3Z1VWlXSUxGejB3cThqVDBWcEdIZmo4RzcwVV9SQ1QxdGRwMVBPUnlJU0tVSzhjbEdYQmRWRGxDTDlrbTZsYU8?oc=5,Snopes,2026-08-10,neutral
DC Metro,Most Metro Fare Evasion Cases in D.C. Are Thrown Out - News of the United States - NOTUS,https://news.google.com/rss/articles/CBMiXkFVX3lxTE9NcENhOWNRdGdldFBNTVc1SV83SUdYQVhTNWJWOUItYWpKX3VKTVJMeVpaSl9JOC1WSTljR0ZqYml1eHllSFYtR2h2NHF3MjNaQnVBUUVaQmkxUlZ4cUE?oc=5,News of the United States - NOTUS,2026-08-10,positive
DC Metro,D.C. Metro victim: I said goodbye to my family - DelmarvaNow.com,https://news.google.com/rss/articles/CBMiXkFVX3lxTFBlV1hvOVk3M3VYNzZUWFF3QWl6Z3ktZ3lmY3BZODl5V2JZbEtBWmhidUU3bGRTa0xlZl8yRmlrdDJWQ28xc1NCT2tkdTQ0eTcteWVTRlhxVXVPZkdWVlE?oc=5,DelmarvaNow.com,2026-08-10,negative
DC Metro,DC’s Metro Wants to Install Platform Doors and Run Fully Automated Trains - Washingtonian,https://news.google.com/rss/articles/CBMirwFBVV95cUxQRWhwZzVDeFZHRlhJYV8zclgtSGRLQWg5SDU3cG1aN1ZWdWIxcXpDWGRGQ0dTS0RuVnFOYktiMlFOc25oNHdyakZ5ODlOSzhUQkdxUko2Y0ZSV051TmNVSHI2YkU5a2F4OE00Ti13UWZ4QXJKS29LTVRURHB3R085MWkxY0FQaDhaUllEQ3N3bTh4NUhWd1hHbU9zOU5WMGRVYU1wdVBjT3dWajlSY3dj?oc=5,Washingtonian,2026-08-10,neutral
DC Metro,"Chart of the week: D.C. metro area population growth under 1 percent in 2025, lagging lower-cost peers - D.C. Policy Center",https://news.google.com/rss/articles/CBMirwFBVV95cUxPeUU1Wkd2TWZXTlBOZHhmMVlGYlliaGVzRnJrZGpzWjdTZFlCU2Fscm1URFo1eGE3eUxzY1E1Yk9NY3BwSG9qaU5ZYWVxZWxjTFpHbUgwWFBxeUtHclRCQmZZX3hpUTBONTNwaGNudm1kM0pxNVZUVk5pNUhmVk1KTWtfenpqazlJdjJTYnE1VXJoUUdNdnVaS0R3WVlvVHpKSzFJNU9mNnpqUTZBNkgw?oc=5,D.C. Policy Center,2026-08-10,neutral
DC Metro,Why DC’s Metro Wants to Automate its Trains - Bloomberg.com,https://news.google.com/rss/articles/CBMisgFBVV95cUxNbEpRNWhsWTM2THVhbGdIbWtYMG0xV1RjRjVOSUxnNmFLdS1lOVdtaC0zTXBPQ0p1bjU3Z1F3bkpfNXRNVkZRblBRSjRDUzhaZ3lTNGgwaHV4LTBIb0Y4OU1pNUFhR3VreWtQV09LcVFJZ18xclFwM0FKZTNSM0hrVkRuN3JGYTBoVV9HVHFfdXhmY09hRDJhRWROa1JBMGRoMFRSVkhmczJnU0IzTU1aaWZB?oc=5,Bloomberg.com,2026-08-10,neutral
DC Metro,Why is PETA suing DC Metro General Manager Randy Clarke? - WUSA9,https://news.google.com/rss/articles/CBMiyAFBVV95cUxORFl2UW8xT0xBaGs2ZlNlNE13Z3hqRmdtZzdFdFhOeXhZREN1dkh0WlRCZE9yczUzNm1nRTVYTXJMTGh3SmRwNmd5blBNRF80VnZqOFh0aDdwbVpjYUk3cnBJcVo0UE5UTHNGRHI1ZXdwdUZ3blZScFBZZTZmQ2hoSWkwMWh0S004ZXdxdXJBQlZwY0U2eTIwR002RkVucjZ0WkFnZ3hpUWZFaFNRYUs5QW9yZ2toNFUwNk5TQUNaODRhcFN5X182cw?oc=5,WUSA9,2026-08-10,negative
DC Metro,"Metro set ridership records July Fourth, WMATA says - wtop.com",https://news.google.com/rss/articles/CBMinAFBVV95cUxNN1ZmcUVtaVgyeFdycEVHa19KMlVwVURnNnc1TjhYVmlOYmo4cTFZU2sxdi1DQzM1VGd1cy1HanZmS3RXMHpnU2FlRmlNRHpYa1gxUWJ0VUZLQTY3dzlqb1M4RVNGSXRxOUlhY3VHd05tS2R2TC16a2xSeTE4eXpMUGJlZ0lKQk0zM0N0OUtJMmllMXFoczk0VkU0TlM?oc=5,wtop.com,2026-08-10,neutral
DC Metro,Animal rights nonprofit group PETA sues DC Metro over refusal to run ads - Washington Examiner,https://news.google.com/rss/articles/CBMiogFBVV95cUxQRUU0TW5PWXQ4S01PSTdNWGJRWjlOSzRKaXRqdkRnMzZ6X3hMN3Q2QWZhVDBTbzhGQUxvUG9qczNnT3BnTnRpSEhHVDBYLVdwT051MzcxVzBMbDlXSktEeFdhTS10dnVnUG1kR19nYk9sdTk2bkhrbkhIYTNLNWxSXzZ4aVFOUW90QVhWdEJlakk4M3B2bEtKT05YUmVaMXkzSEE?oc=5,Washington Examiner,2026-08-10,neutral
MBTA,Parts of MBTA's Green Line suspended for 9 days. Here's what you need to know - WCVB,https://news.google.com/rss/articles/CBMiowFBVV95cUxNRVBpVEpRQkY0U05yUndJVXVsYTBYUzlxdVZ3bHlRTHFGaDVaVTlwQzFxOFM0RjV5aUhDTkVKaGNNOVR4RjdfVmRxMjJib3NiYy1ucWtfMHRxNzVoTEdqTUExS0ZJRHMyV1JaSzR3ZUJScDV4Qk9pbE5BMHQzVVYxSzZaY0pOMlVDUnB1UDJscDRLdmZOd1FXQ1g5TUc5ekxhTFpV?oc=5,WCVB,2026-08-10,negative
MBTA,The suspension is scheduled from Aug. 8 through Aug. 16 so the MBTA can work on two major projects. - facebook.com,https://news.google.com/rss/articles/CBMi2gFBVV95cUxNTkNLekFJSkJjUFRtaDFXVUhnenEzZ243LVdnSnpRLWJkSXpDeEhfWDJnaWt2UmJwdGYwckw5Z3hDVk9DckhtTjJpVW1kTmtNVGJQemdBdDV5VDZrSndzU212UnBXSU9ld0JiMW1DWlFOaUVQSy1EWVhYcHFhRDVmbEF0UEdqT0l5SFJ6UGdMajN4STBGSzA3RG11bENZOHdtV1dQcU55NktRcERQeTRteFkwUXhoRV9zS09XelpKUGZ0dEp4SEZFeVMwVmVnY05tTDRsQlhNdFdNZw?oc=5,facebook.com,2026-08-10,neutral
MBTA,Newton Highlands Area Council raises concerns over MBTA Station Accessibility Plan - Fig City News,https://news.google.com/rss/articles/CBMiuwFBVV95cUxPQ1NNdzd3OUVPZlFrYUVpTXZXX3Bid1NjZmxWVnN6MHBKRElmQUwtYVYzeUlhejNDXzk4bjhVOEM2cXkxb01QNWZIc01MMnA0Y3JuQThmVjlCRVFjTVN3TjZwNzBFTjQwRWZxU0hWbjdTRVpkcjZrRVFGbnR1R295b3dTNzdxRDNUT2lFS0hfWmsyazdEMGM5UXhmbVdOeExJS2lxSVg0WWlBN1VlVW55b2dnRTU1czh3Rk1z?oc=5,Fig City News,2026-08-10,neutral
MBTA,Significant portion of MBTA Green Line shuts down for 9 days - CBS News,https://news.google.com/rss/articles/CBMid0FVX3lxTE9WUTR1RENZOGdFOUJiNWNXMjFQYllqdUhfZlpacmMtcTByVGtXWGZPNGFqN05XUlAxLXQzTW14M1d5al9KMktHb1IzTVhBT0U0NGFJZ0JDMDdLSnUtalppS1hiZ3ZWaVlpZENJemxiaDhLN1JINzlr?oc=5,CBS News,2026-08-10,neutral
MBTA,Another big MBTA closure is coming up. Why are there so many this month? - WBUR,https://news.google.com/rss/articles/CBMiggFBVV95cUxOYTFFMjBuN1g4TVl5Rk1Vb28xNlA5X2o5My1VTUpEUzJwNy03ODl1NDFUSExuUWxvZC14dHVFNGVydzI4ZlE0cTkwc3hqTkxwczF1NElVRWxGY1lrejZCYXZnMVpENzNjRjdzRC1DUEdiejFoSUpQTEdWdnM1bGVSS05n?oc=5,WBUR,2026-08-10,neutral
MBTA,Welcome to the MBTA’s shutdown summer - The Boston Globe,https://news.google.com/rss/articles/CBMiiAFBVV95cUxOdGcwTXJqaE10THFScGVKdmdUZ2lyZ1ItRG5tMm5DS2lCQ3R1c2YyaC1EVWFpdFotdjA1RFptZU9fWHJIV0lvX3VuMGlMRGdZLTJ4MldxOHdUQjRBZFp5R3l5OUNqcWt1YmJhNGttNkFmLUtjX1JrcHYyS0lBR0ZKeDJDQkJyazRo?oc=5,The Boston Globe,2026-08-10,positive
MBTA,Service suspension on multiple Green Line branches now in effect - WHDH,https://news.google.com/rss/articles/CBMikAFBVV95cUxQSkVwZzdBOHZNbWVzMFZMU0IxUmpRM2I4NVc2dzZxQjNxN1l4OUVGenlGZkZHUE1tYzd5Y1dUVnA1UXF1bzgyR2l0b1pOek9VSE1rN1BPNEtxR1lJUDJZRkVFU1FmQ2RtcWUwVUJoM0ZqRjdlV1dPc1ZQdm1HS3RtTkd0d0JYXzFIRnV0RU0zelY?oc=5,WHDH,2026-08-10,neutral
MBTA,Large portion of Green Line will be shut down for 9 days starting Saturday - NBC Boston,https://news.google.com/rss/articles/CBMijgFBVV95cUxQOWM4dVVKdkMxaHlQSmM0SDFRZmtmZG10bU5HT3FhTjlpMUNDbmd3S1JwUlUyT0phaHhoRi1fcGprZTNYSEdKcjN1N2U1b1dqOWhjTHVKTlNwZjc4TFRSUFpBU3VLRW5wdWpDek9YZVlMUHZ4NGFXZHl6LUNtVlFhN3BPdkZyNGVKYkg4VTZ30gGWAUFVX3lxTE5wVTZrY19FbnFwN0VjUGJSRjNlTEp0THdXSFgzTnpJVWdFV1ZZVGYxVHRkcWlpa0RUdzk1WDg4QmNYMGZjUGZ6WFNGTmkxZUc3cTZwUkY0Y2dFUWl5YVZKV3hfbnRneDlBLUgwLXdVaktsaHhiaURjNHRGNHlQeXFXZC03WEtHMjV0Tm0wanBqbzhvdC1XQQ?oc=5,NBC Boston,2026-08-10,neutral
MBTA,Green Line branches suspended as MBTA begins major infrastructure work - Boston 25 News,https://news.google.com/rss/articles/CBMi0AFBVV95cUxOZm9YUjVPTXdvYTJ1ZzRZNTZ5REFkNkxfOFZXQ00wQTZCcklWbFYxbGRqNEpfeXg0OWkxX0ZOSmlPSkVVLVYyQnZSMjVxczBQMEptTU5jN2NpZzFmcW5udFhnN3VnRi1vUTBGSTRDNThYRmlfRDVaQWotU2pHYTdNRmRjeGlsd191ang3ejNYQjdwb3k5bk43UkNfVjU0QWZZYUM0dnBSUFJhT3lrcS1zSlVzekN2ZWgxTkUtZ3NVbTJFOVFYM3ZScGx5TTF2WjIx0gHkAUFVX3lxTE9GZ3I5RmdfLUd2QVUyMHQ1ZlV0WDlJbXppRHlKMlQxZFVnN1htR2pQcGdWemVPN2hVaXhGdmtGdE1IRFRHcmdhNkJmaHE5ekhOUWEzWU16Si00azJkcW9FZWhvZWpMa01rWTNpZ0pIV3dXLTNHb1NMZTNFSmpBUW5JVUJ6VG41b0JKSnhyMVpXNm41elJzVnNZQlJxUG9TOXRUY2FMdzVzekFWLWQwVndLNklvZ1lHOTF4M2VPdUh3aTNURWJFYlRhcWtVdUMzZFhzOHFPaEVUQ3Y1U2c2VkhteTl6Qw?oc=5,Boston 25 News,2026-08-10,negative
MBTA,Mansfield delivery driver's car struck by MBTA train; no injuries reported - The Sun Chronicle,https://news.google.com/rss/articles/CBMi_wFBVV95cUxNRWVlejlpYWdQNWZqcV8wNTJsSzk1MkthWmN4QmZna1Brc0g3X3VXQmhHeEpkcWZQQTZRVVFPUUhnYXo1aTVpc05RdmRxbnpCUUpaUV9aQWRxVlpBWEU5STdJckZSODBLNGtlY2FVUVR5SGt0Mk1saWs0SG9lWExoMnU2c0RfUEYyZWNIWmNhZjA1blpaZDFDZlh6SElWQThjNTVmVG1qUnVxZVZva2thRmk5eWdjUFd2dUUyRjhTZ1h6d2gxTGltcmRweG9YZlZQMHltdllyVXVRcFcxZlQwM3VGNjYzLUZ1YzVNVTZYWGJmVDBJZWx2YVpEMlBTZlk?oc=5,The Sun Chronicle,2026-08-10,negative
MBTA,Mayor Wu and MBTA Announce Compromises and Another Round of Meetings for Blue Hill Ave. Project - Streetsblog Massachusetts,https://news.google.com/rss/articles/CBMizwFBVV95cUxPWkNHYXJfSmo3ajZfaWU3S1Q5TGNUMUVVSXd6NThnUGFUU2R5NWtGMXVEODViNkRGdEdhclJWeTJDVGZnZDR2QUhQZnpEdGkyS1Z2UVhrX2xhSTVYN2dieThWN0tCN1lrMXJGZXV2ZGxRSklZSTNfU01XSWhYeXRuRktTQUpFM012MG8yUm1CZzhCejkzWDhudXlONWNGQjctSTVKQTItdHdSLXc0bFo4b3lOdURJTFRpdTZ5RVpGeW13dlVEanAtSnh2V1FNOGc?oc=5,Streetsblog Massachusetts,2026-08-10,neutral
MBTA,The MBTA is suspending service on several Green Line branches for the next nine days as crews work on two major projects involving signal upgrades and accessibility improvements. - facebook.com,https://news.google.com/rss/articles/CBMi2wFBVV95cUxPLXpqMG9FTXkxWHVtLTViOUx5ZExRSDR0Z2VrWi1jemVIZ3RaR0FyR0NtdUotUHAzM01rNVNtMzBQZDUyT3RjcXYxeEtISUdIU2hvNnZreGpGSHdYMnlJV19qdGRwSkNmUUMyUmJFMXFDWEs2X0VZMU8xX0FNNWVOOFhRNlFiYUUyUFVFSmVrYVo2cFlrcGpOWmhMWGhVdWZ4bmZ2akVkNV95cUQzTDJlcmdtQms1M2pUWHI4V3hBYnhmZENHV0hYbWRscXpUcVBQUk9jM0ZsWmN1aVU?oc=5,facebook.com,2026-08-10,positive
MBTA,"MBTA apologizes for continued Red Line problems after shutdown, explains what may be happening - CBS News",https://news.google.com/rss/articles/CBMigAFBVV95cUxNclBIMUhocFpvWDAwdkN0NktOQm90MW5ULTJxMW5rbzVOM2xkWDNFbXBpMmhEZDZENGwxNmE3eXBMNl9UVDhkMHFDdUhSSlBhaC1UckxkT0RrNkpFT18wUzhCQ0UtOFlzLVpDLXJ4NS0yWVZwN2dZMVEwRm90QThJTA?oc=5,CBS News,2026-08-10,negative
MBTA,Delivery driver's vehicle struck by Commuter Rail train after getting stuck on tracks in Cohasset - WCVB,https://news.google.com/rss/articles/CBMijAFBVV95cUxOX1FJdGhFRWtWYUJ0TVhQZkpKSXdkZTZoZHpObndGX18tRFRRM01nX1hnQmNoNjg0clFjVUVOemFxS2V4ZTRlQ0xWN0FaUlpabld1MGVIdUM5dVFtcHh6T3JVT1lnQnFXZjNJdVEtM1JNODFIQjBhQ1B0Vzk1LWNkbVBQYzByTGRKYkpKbw?oc=5,WCVB,2026-08-10,negative
MBTA,Good Samaritan meets woman he helped when she was trapped in MBTA escalator - NBC Boston,https://news.google.com/rss/articles/CBMiwwFBVV95cUxNZE0zMS1nYkdKWE1yUWFET3djZmFzSVNTODN3UU1tSVh1WmFWa05QODNsUXoxZWZLWTZsUEVJN0ZmT3JMVkZKb2hZZlNLajB1Tm5Uek5ISTNpRmpjcnRfYmVSTzhvLVN2VHpMYS1jX0VnSTZaNHRhbDE5V3YtUkRFd2RESTdXelZLdlowNnNxeVJmd2g3VGx4Rm5HaDdtVjhvZVVEUjhZeEFTQTBISE1uTWduRElfSmZVM1ppbTBSeGNjNknSAcsBQVVfeXFMT3ZMVG5iWkgtaUpCMFV0ampVT0JSWVhZX1F5VU93X3N0OGZPUlRGMTZxb3lNUEtlQTVUYV9SVGNHaEZ1UWFkOFpNVDZFblVwWnBxNmkyVFpKNXAxZVJBeWU0N19Ba1FlMW9QR191NVlkdnJsdEh2X0o1S05pMGx0VjVWM1lOZ1gzX3djaUtmV1NVNG8zTHhDVUNIV3JBN1dnT1Z5d1o2QlJka29lZnRJVXNEZUhROWQxT3dfLUZYOGFHS1dQVXFZUjJTeGM?oc=5,NBC Boston,2026-08-10,negative
MBTA,The MBTA is rolling out 3 new fare discounts — and extending half-off commuter rail passes — this fall - WBUR,https://news.google.com/rss/articles/CBMikAFBVV95cUxQRDBpblRxYnp4V1VRZ0FIeVQ5UFdELWdid2RXcjhQOFhlRUFUYlBNQlFQZkZXYXFjXzhLN2xrNV9LaWVpWTNtd0dROXVCaDZkX2VtV3hZSGlwNVZyVFEweC1oSjZqWC1EN3Fxa0YtNzZ6M0lpR2RCZzdHSDFMd1k4V2ljLVctRjdNTU9NT0RRWnI?oc=5,WBUR,2026-08-10,neutral
MBTA,Green Line branches suspended as MBTA begins major infrastructure work - Boston 25 News,https://news.google.com/rss/articles/CBMi1gFBVV95cUxPajZlTjMwYnFPbnotZURsVDZqOXVNeEt4TmNLUmVuc2dIMzNwMDUyMGFEQUdIQ282QUVCR1UxVzRtMkNqTzg3QTl2ZzRsSWNNcW5tWHVmZ2ExN2xIQjdWS2RNeUk2OGI3ZzI2SEx6cHRYeTlaSVlEaEdHajlnUjN5bzM1TnFSckw3OFIxZG9iUzRGYnNjSklYRU9VVGs2TkdjLWpEandWT0tqMHZCbUc2aUowYk9lQldpOU04WXEwYWRDbmpnb2MwMi1qYkxWTnV2MXF4ZFRB?oc=5,Boston 25 News,2026-08-10,negative
MBTA,A major nine-day Green Line closure begins Saturday. Here’s what to know. - The Boston Globe,https://news.google.com/rss/articles/CBMiekFVX3lxTE1EZ2hza0xaSHgwcDg2d0E3b1ZXZG4zaUozR3k1NUdZLVpGem1GZGpsdEpoclB5R2xIT05TRm55eWUtdUFiTnFrT3p0WHB6eEdhZV9jN2F3OF9fLXN2S0ZnRnRwRXVDdjlWME9XUk5Sd3EwX09MaXNpc3l3?oc=5,The Boston Globe,2026-08-10,neutral
MBTA,Major parts of MBTA Green Line shutting down for 9 days - CBS News,https://news.google.com/rss/articles/CBMimAFBVV95cUxQTlA3MUNYT1lMTnNwR2k1b0d1OVJUQmhtZGoyRmo1SXhJdmRGYWc3MVJaSk9hZl9tTjYzOTVuMlJfZW5BbXhIUHhYWXYwTVlyemlCNjdJTlFjd2xhLXFoSmFXdWJaTzJQZFNfWHcyOXNyMTZXSUdHTXE2eEZtcjhaYnB0ajhVU0xRWExITHU3V010Mm9sZ1ZrWA?oc=5,CBS News,2026-08-10,neutral
MBTA,"MBTA extends two commuter rail discounts into the fall, lowers some bus and subway costs - CBS News",https://news.google.com/rss/articles/CBMiggFBVV95cUxPUVEzLUFNWlNwTnVQU2JuNWtJSFRZM2ZGMFZBLWVSdW13cEkzTHlXQnI1QnZOU2Zyc043WnhfOTVwR0VWMFRSRlRERlF4QXBhSGVBY05OTEtlYWhkb2syYm9QNjBLRzhqY28wYXdGWEY3WDVOLU5kTkFFRkFLQm5EQmZ3?oc=5,CBS News,2026-08-10,neutral
MBTA,MBTA Green Line B Branch Service to Be Suspended Twice in August - Boston University,https://news.google.com/rss/articles/CBMif0FVX3lxTE9adk1OXzBEdGJyVTc0ZkwwVDJjWFNqQkxTVzZ5Wl8xRFJVR01sN2hJbjdwWXhzcUprbVRRcU1EQ2lEMHZMbnNrWW82VzFzT0p2ZTluVHpRa0hFNTM2b1dhbVdwU1FMbFRnczN0dWhfWlZzMWtpX3A2VXd4NENYbFk?oc=5,Boston University,2026-08-10,negative
MBTA,One person dead after being struck by train in Andover - Boston 25 News,https://news.google.com/rss/articles/CBMizAFBVV95cUxQSGRJc3dsWHVUandxNEU5cEZ2U01VaWFRNk1UVWJDd1ZDeEJORkI0QjllWEhVSTNzeFlncHN0cVRJdlByTnNZMXRUdDNOalJNbFY3VE10OHROUEstOW5nVlo3LURPNUpuSHNRbzVuZ05uSGxGT3hQc0duS3RVQmhNSlJabGthRlAzV1Zhbk5zVnF6dVpJSEswbGJxcGExdkZDS095c0FRTXhWOE5MLTNRSjBhbHRhbWxFal9yU09rOENXcDJ3Wnh3d0VtQ3HSAeABQVVfeXFMUDdMa1hLb3BaTnpQWVN1SzZtV2RsODM0eGxpcDJLdWhBcS1vNEllMWRWdGpiNFhGUEs4X244WWpsb0pxUDdiTm0zXzdMZER6YVpXMXdVZ1BnVjV0NzdIRDktaHllX3VVSnQwN3loWGhWYjJGSllJRXNSaGZaUlByVmw5clNpNXM0UndXSjhYdGw3WjRjSHpjT1g0M2FzeVR2c1A5cnpjQllsTk9nTTNEeExjUUl6Y1o4SkFPdTVSZHVveERVWGE3OVMtYTVTTG8tdzJtZW05NVhjRGREcC14NXI?oc=5,Boston 25 News,2026-08-10,negative
MBTA,"Woman trapped, injured in second incident on MBTA Davis escalator this year - Boston.com",https://news.google.com/rss/articles/CBMiwwFBVV95cUxOM1pkWkFuLXhaYzB0clh2b1VfU1p0RDNzODBXLTRBQW1EMjkxSkd0dWRNdVhRNXRnZEFpeF81aDRiTlJrTjBOUzRkVUZJRm02c3d1cXhCN2JyTWNwTE9DYnI0ZXpoYi1HUzdyTTRBQmFQaXo0U25IVVdsZDZUTm0wdDFMcUNUNEdFZVRPRE9rZjN2djhFVFZnVTRyY00wRXNleDBKNGU2ZjN2ZlpNXzZacDZDbjNWN21VamFXdmV3OXE3c28?oc=5,Boston.com,2026-08-10,negative
MBTA,"A 9-day Green Line shutdown, then an 11-day Orange Line shutdown: What MBTA riders should know - MassLive.com",https://news.google.com/rss/articles/CBMi0wFBVV95cUxNQmJ5cl9rc0wwUDkyTVdPYVh0UTU5cUNQQkZsaG9ua2lSSUlSZjVaWENSclF6SEFyVmlkNXNSSVZGZ2hDYVVUQWZWb2FKcGZUUVBINDh2ZU5tb0ZRUEdETnN6VjBKWmF0Y3Y1V3RTRnVXdlFVOS1wck5SSkM4Rmt0aUZadS01OURFT3ZMQ0JNVTFYd2FhRXY5TS1FV0t0ZVRDaWNiZWRZeEhVeTJNSW1ObHN0ZTI1X2pEX2RoTHNOYkRxbmtoUC1zaU9nRTlCZ3p4YlZJ0gHnAUFVX3lxTE1jVzV3QUVQMEFvakxkandTcWsxdHV0LW5lZlNVbEh1NUdLazFtWHVJMzhQYXhjMlNadnFGbXlFbjZaaEtIUTI3ZmJpTGc3bXZiTzN0N3R5STZEczl5TnVGNV9yNWtucF95cWpSR29SWkRoU3Q5YWE5TV91OWpvOTNwcmZuWDU3SGR5RVB4VUVuN3k2LVlWU3BoVURKYXcwYUNoVnlRNUFIMkpTVHhKblZpQmxNcjF2Zm9KS0F3aGpFWGxHVWd3TGZRQWhyRDdkRVZsMV9oVjBuWG5rRmhmTXp1Z05rMEJDYw?oc=5,MassLive.com,2026-08-10,neutral
MBTA,Good Samaritan meets woman rescued from MBTA escalator - NBC Boston,https://news.google.com/rss/articles/CBMiswFBVV95cUxORjhvNHdzU1NjR2NhZjVETXBaeEVNU0xGcEdlUHJoTWFkYkZSR1I4dzVMVmNGWnlkdVpuSGxFbE50RWZLOU1pOS1FN2RSR25xZGpXZ1dfYzlIN2dQbmZHZmZqS09pMkFmT0VEU3hUcGx6elBuM21DWnMtU3RuZVd2dUJVN1g0bWEwZlIwSHdGdWxyWkV5TzQ1XzkzQWZvZDRkSlp6aE4za1JwdGpXZE1BaHAySdIBuwFBVV95cUxPRDI2N09RUlBRazF0cEdUOWgyQTRZaW0xX1FXaTBMN2dwcG54QTZVX0xKTExDNFpHRWhvQS1mNHFHY1ZBMnI2RFE1WEg5ZHNyOUl1UENsNDlwVWF6bXBRay1vamVhQ0dJbGViQVFzaTNlNlJydnR5R2drbzBnOGtnTXlqWVJqMXpCR21QYzJHRURwbzlpTUE0Z2djVGJuYmd3eGlFcGw3allqMER1NTBIbmFseXhsa3VMQThB?oc=5,NBC Boston,2026-08-10,positive
MBTA,MBTA launching new pilot programs to make public transportation more affordable - Boston 25 News,https://news.google.com/rss/articles/CBMi3AFBVV95cUxQU2UxWkRtUkFwa25nWnRjWkFCOGtSZHJ2M3AzekNEVjFxZzA5WnBpX045aXdVVnZrZUVDVkZaNC1meE1iOVdaN2VneVdUWHRfdDRxUEc2TXFwU1ZNWEtIYnVvTGVtdV9GeWYyajUySlR3dGFwOW5ubkJfbGQ0LWNTTVhxaE9TUnNOQV9WN0Q2Nm1aVllzVW84WmhEMktWNTVKZ29rLUJOQi0xMkFtVl90NEp0dmpDRWczbzVyamhiZ3NWSU1fQ0FSLWFOd1JHME5Va01VMENBSG5mdHVr0gHwAUFVX3lxTE1OVDF1U0dxU1MxMGlVZ2VtREhDLXhYOFZaQVpNNDNsT2s2R09EenRIZ2ZQYTZKdU9GYjc1My1pZHZNenNnbVBjU2xRUlo2WVVvNHJtTjQyeGhKQXJsY002SzlhcVdvT2ZXUngyZkRBOUlRSVZpTmZRdmE2MUprZ3QtSVN5TS0tZ3RaYzhiUi0tdmFSalhLRzBISWNLZ0JQZjV3dDVRRDZBTVRHUU5sVUlxM2w3Y0R0cXVGVjlmTmVwSzdnODFYMmVmbUhWV2FiTDBxS3I0TEcycGN3Zy1ZdVRqbTN1QlNpUDk2cURGTFQzZw?oc=5,Boston 25 News,2026-08-10,neutral
MBTA,Surveillance video shows moment rider gets caught in MBTA escalator - WCVB,https://news.google.com/rss/articles/CBMingFBVV95cUxNSENwNGNpQjllZjlLS19vdk40U3dJTmVTVkNNaGxmVFVWUkV2V2FxMWtvZkVuZFdLM1Rfd3RucjZYWXRmdXJGNW95eV9qTFNHQkR4RnpIcld4c3FFXzA1VWpNdDZwTkVpcXdzMEwwa0hTTDMzbkZETnFNOU80RmxReW1EbDdQT0U3d2RXeGVydVRLOTVqU2lnRnQyeHpZdw?oc=5,WCVB,2026-08-10,neutral
MBTA,"Red Line delayed by smoke, signal problems after MBTA touts ""successful"" 10-day shutdown for repair work - CBS News",https://news.google.com/rss/articles/CBMidEFVX3lxTE1DcmNkdF9UQ2ZYRTJ3djlqNXAxWGlrc1FuRi1FeVhGSVpBbjE1N3hKcEJMTmpfZ2VadHFIeHE0Q0N3eVZoS1ctdW1vRC1sLVVnQ2trU180UHAzV2VXRGhjR0hzSzFsWUlfOVFLZG5qeFNWUlly?oc=5,CBS News,2026-08-10,neutral
MBTA,New MBTA pilot programs aim to cut costs for riders this fall - WCVB,https://news.google.com/rss/articles/CBMioAFBVV95cUxNS0tkRERjWEJmbGY1a1ZTUzVKOERacEJXVjFUQk5IMzFkcTd1cWZsNWVQaEY4anZuS2U0VVV6SWswNENFR09zWmhQNFFXNnNvQnZEYmltdnd1cjRUVFFSLVA4ZTlfNDJGelgza0NLS1NXLWhkbnlZbUZBOWo4SnlYS0hqVGJjVlpid3llTlNrbWFBYkFfenpzVHNlT2ptelRB?oc=5,WCVB,2026-08-10,negative
MBTA,"MBTA to Close Red Line Service and Replace with Shuttle Buses at All Cambridge Stations July 21–30, 2026 - the City of Cambridge (.gov)",https://news.google.com/rss/articles/CBMijwFBVV95cUxNYXJlWXJzOVFCTWVYRDNTVTlmQ0pqZmNKNnNWeFFsRkw1dm5XcE9vXzBzM082OWFhWF9pcUVWeWlvSVU1MGt0dXFqeU04TVBlOUdsZ3k1V2VJQ1gzMU92ZXNZRVRuamo0UXJLRVFzbDdtWGZMc1hGcTU4c0FPOU5FSS1aaTBHaUUyaURHOElZUQ?oc=5,the City of Cambridge (.gov),2026-08-10,neutral
MBTA,"Woman injured on same MBTA escalator as deadly incident, but stop button used - NBC Boston",https://news.google.com/rss/articles/CBMikAFBVV95cUxOaU9JMnQtSVdwTUo5MDdyeU9NTnZiSGlha2NpY1lMbUVjeWh4eXU5eG1pN2J6TnJUNUJkdHpNT2NSOUhQLWN1akpESHFhYVBDYXhKbU9nZmVaLTd0QW94bkRjOFpneFpvT1pqY2VsbUNpcE5fQTRjTW04NVpxN0JkbDc2Sy1Wa1Q2RlB5VzBHLWrSAZgBQVVfeXFMUEplM0xVRGFHXzN2UkZfVlZjckdFX0FhZU9JNW1UeU9CYkxUSHZpX09wa2ZFRFFEV3RMZC1vU09oZy05MWg1dXZZNVMxR2NETUs4SjVQSnJtTkVOaFoxOWI3VjRhSndqYVA5SjhFaTVLa2lqdEJxU0dBMGxwd19MMDZFckhUek1FRGZNeG02RjRkQnI0bHpYa2s?oc=5,NBC Boston,2026-08-10,negative
MBTA,‘She was really scared': Video shows woman caught in MBTA escalator - NBC Boston,https://news.google.com/rss/articles/CBMitAFBVV95cUxQOWNURXpkTjl6eWxNTklCbDZiOEljMm9GTjNnRDF0cl8zd2lRZ1ZzeXVobWVLRG80blFXQjFrY1kzaHF3UW1VVU9yaHJrYk03VzFlV1kwT2FVWGgwTmdQcFc1SEFpRm0wOTctOXVYb0M4NzZ4Yk0xajZ2TDdvNHFiM0lHWVBqMnVwVnVvdEpHRno0Y21JSEplQXJaUW9oNXZZSXJ1dVQ5dzlCTjU3enlHM1lLNU7SAbwBQVVfeXFMTnhlYWJoeGNZUmh2SVVmd1Zfd3ltOTQ4RHNNbWR5N3k0V2dBN3FGRGNlQ2g4QjEzMnRGd2hMZU90ZXByaTFpblhfZUtfUXR2S3NFRXBHYWxJd09sd2lycGJ1djZYYnJ4dEE5Y1VyNXVEbnQ4MkR1QUQ3OWZhcnd5Tlk4NmhUX1RSdXpTWGhYOWM2WHprSGlHNnlLTXc4TUpTSW9yRG4wVFZQc0E4U0I0a0RpU1ZiY2ZxUHNDd1Y?oc=5,NBC Boston,2026-08-10,negative
MBTA,"Person hit, killed by train at Attleboro MBTA station - WPRI.com",https://news.google.com/rss/articles/CBMinwFBVV95cUxOckJ5S1FPZTlZVFNvSFFNMy1KUUhKX0hiaDdobERqNkhfWTZRVmpZM0pCby1Pc1pZeE92QmpyUDRNRDk3NUZCQnZId042blRRUlpaX2loYzhJUVpuTVFleGh1bEVIeDU3Zmhwend3bF9LQ2ZleUhRU1Zjb1JmMHNmZXh0V1JIYjJDeEVUWEdTdXp5R0IwcVZ1dGhTMG5NZFXSAaQBQVVfeXFMTnhrTDB0RlBubFl3dTJVUHhlemtTMHM3TVRpZjZkS1V3cnpOdDZqU3JzNW8tU2ozNDJJbG9BUkhGdDdZWXVuclBxUkdFZTUzNEJUNjFmZnBwbTlxWTV4akYxemI1Vy1WN2lSVHFEWUlycE1lTUNTYjNxdGxPRE1WTlZlZU8xaV9kb0ZjT0ZEdVFLSWxGNDlRVzVybzFmSHh5bWZzS18?oc=5,WPRI.com,2026-08-10,negative
MBTA,"MBTA Temporary Schedule Changes Begin July 27 - Town of Wellesley, MA (.gov)",https://news.google.com/rss/articles/CBMiY0FVX3lxTE94Y0F4RDd6ekhGa21FbW55M0R1cWx4TlhZbE1CbTlQOUI0X2ZIY2FqOFdGOWFpUkdKMFNkbC1WTUcxeDMzT1VNeVJqTk4xQlE1QjVVTTd1WS1fM3BSN1RBam9UWQ?oc=5,"Town of Wellesley, MA (.gov)",2026-08-10,neutral
MBTA,"Mass. Approves $530MM for MBTA Operations, Infrastructure and Reduced Fares - Railway Age",https://news.google.com/rss/articles/CBMirwFBVV95cUxORXNSbWtIMVBHTFlRR3BVZktMMXhJN19MMnk5NS1KTHV5WXVXbTNLWkszVDctWm9zZ1l3aXNoRVdGMXVKQ0dyNG1FUDFYakpXS2M5V00yQ0RNRjU3ZlB5RjdRejVMUGJtX3I2czdnNUhpbFJTT2pHV2taQnMxREFPbl9QZmVpX3Z1ZGdGeWtyclFuRlQyX3BEMGdXcDQ5dGc3MkJ5OFpLbXZ2WFNjTEFN?oc=5,Railway Age,2026-08-10,positive
MBTA,Significant MBTA Green Line Closure Coming Soon - Patch,https://news.google.com/rss/articles/CBMijwFBVV95cUxQbEFaVmVpLUxKZTJjX2hGd3FNUnhxejl3TnNBTWFOb2RYdWVzcWR4OFlPNkQwOVRMeFdYNkxDejB0NFBob0V4dkk4NGRsa29TWXB6V2FLa0xqWTUyOFFzTThNZ3pTbU1Hd2JhOWhwTmRWWkJveF9vTjNpWHM2cHZRa0ZudmIxRkt2VG96UnA2MNIBoAFBVV95cUxNZUd0WHNQaDJITGl4VnloTnFTR0FLTVNSaWZ0U1pOQXdiZDZnX3I4N0ROMVhiS0NXSnFkcDJSTmFqTmNpanVxTkxjNVdJTXNPNUNkMTZiNEp5UVROQkhvOE5fOFFVYlNfQkgtOUJnZFNISXhrdF9kVVpIcUFxUEk0STdhVnRwbUczcnZQdmJPd05nalBDMmhEUDgtekJyQkk1?oc=5,Patch,2026-08-10,neutral
MBTA,Healey announces new MBTA pilot programs to make transportation more affordable - NBC Boston,https://news.google.com/rss/articles/CBMioAFBVV95cUxPQUJOWm9PVFFHWllpNDVxMm91OUttM1hPak5NUXdjV0lSVlZMRVVsbm4teXQ3VEVZV2ZwX2diZHNwTlJJaUZTeUNPVjhEWG5pSC1iWlNRNEhuQ3dpekM4MXplMk9aQTlmdzc3RXhYUkszOUZ5ZEQyX255RlRNSnVwRHVCLWh6T3c5cE5LVHFISlNZZTl3cGpqV0JxRTMxMFJQ0gGoAUFVX3lxTE1hS2hOY0ZKR2llcmFrckw1R2tOdVgzX29fQ1N1SjhxdzJJS1RxSzZyTWJHY3FoY1NwbjBwa2FfRU5kZElfYnNCaEMzaFZ5WlVaVm1hcHRlc0xRVU1RVEJfNW9lZFhUWUF6SGhJUENyRmo0RGhvalloTGdQeUdmM29tMGd3REpHb0NlTTlub2N2MjFVU2hEbUJUWXNQZEpUR0xOMTlJU3pidQ?oc=5,NBC Boston,2026-08-10,neutral
MBTA,"MBTA extends commuter rail discounts into the fall, lowers some bus and subway costs - WGBH",https://news.google.com/rss/articles/CBMixAFBVV95cUxNQU1BSDVhOVNVRFRmc1IxTC1Ncmd6YU0yN0Rpc3YzTVJacWtucDBIajVrWkQwNmFsb2dVNl9vT2dWVllacW80czdUbmJzTFlSSnJVam9OWWtjYnhZWE9MVFFhdVo5b2R3R181WDRTZkExNjV5cTBvWkhnZnNtaUdEVUJGWENuOE1ocGtLcDBYMjdnOXVSbVlmbVN5VjNhVm9EZC1nYmFuYzVhMTdHUXpXbmdBQUFkbEQtbW1BWmhQOWdVbVNr?oc=5,WGBH,2026-08-10,neutral
MBTA,MBTA heat delays: How rail temperature sensors help prevent safety risks - Boston 25 News,https://news.google.com/rss/articles/CBMi1gFBVV95cUxNdVIwOXlUTlAtLWZpZ2NTM1dsQzZkWmVMM2tEa3FOTmx3ekczcjVhdUVMc29JTHFWMGVqTEVGRkpKdGdxMUhXWXF1aVlyQkI1R3haY1dkRVJ2QUR3cmUtNVMwbWkxbVhSZjVmRGwwM1NEUjNhMkQtMGo3Q3dfU1N3Y0trd2JfT20tRmE4QV9qTkY0eXRGRXNNQ3ZraVN5Y1lramtOTUcxQ1daaGk4SHg2VzZSOEZfMGk4UFozdWdDTjQ2ZmoxeW5EVTJpT09HNWZ1NXRfTjl30gHqAUFVX3lxTE5Za1k3U19xN19MRURrQ3BMSm9XYjhMWmpmNlRpb3lFSnExMnFsZEJnSUZ4U0ZIcHEwRjNHNllZMDNLcGljQzBHeWFXVk1BU29UWS0tak5qTE1uWnB1NGNPbWJjY1ZiNk1aY0kzb1lvckZzSkpoYnRqX2syb3p0N0U2RVZWVVg0cGNPRVV2NzFCZ0dmakYySTludnlmNkUyMkxzX1RJd0h3WnRuSWhLRHM5bEN0RDl0N1EwZ3UzQ3R3YzUxWEtwdmpDU1JQbUpqVzBxaWttVnVXUU1rV09FTkV4S0hUalJjQnVTQQ?oc=5,Boston 25 News,2026-08-10,positive
MBTA,Man Killed By Train At Andover’s Essex Street Railroad Crossing - andovermanews.com,https://news.google.com/rss/articles/CBMikwFBVV95cUxNeEJ3WGd5QXpBQlRrbF9zVFRhN25rZlVIeXNlQTlSY0pIdHhpdnJja2hOblNfaHhUbm1uWmhTLXdpZGhaMVVELXo1dV93dGh0c1Q0Q0Q2VHNjRFRiMmZWSEpXV1paMi12TjlCMWRzelBDTGc5VWhoc2RpV3BRa1BMbGdJNFM0SGFvS3NKV0ZXWURVRlE?oc=5,andovermanews.com,2026-08-10,negative
MBTA,BTS fans call for more MBTA trains after Gillette Stadium shuttle sells out in minutes - Boston 25 News,https://news.google.com/rss/articles/CBMi4AFBVV95cUxNMDJQUG9WeFNraFpYR2t2aEJuNlBibUs3dkQyTGs2Ul94MkNGVnhfdTMwSGxQemQzWlhzbXZKak4xQy1kR21ERDBHUjZtNUp2YTJwbjB2UVN4azU2cVNzaHdoU2tIUm5UTHJuRmNxUEhFWmFwekViZmVycHU3QUkwZC1PTjFoa0lDVEZDSm9QSFJTazBfdTdHSWV4ZjVkZmxsMGZFV0VaTVl5S09tYXpfNGhLd05kcjFqenNoeHZTSVVzdmI2SDdBd1BRczRzbmN3OWJIRGl2Uk5LczkyY3hvV9IB9AFBVV95cUxOSzlSLTJQci1YV2Jpd3dGeFV4STNaZjk3Nnl0N3Y3aExpQnAxcnhYZzRHdE9HUGJQYXo4bXVSVTYtcWZQSVZfeVVGNjR3U3ZER0xhdWpQc29WNHNnaXBUTmdBeW5sZHFrUllpSWVzWnFYQXRPUmthLTRpelZKQURhMzM4TGxPdEU5dTVkd24wQVRfLTN3QnVPV0YxZHVhUWJ4WmRkYXpRV2c0ZkxMN0xIOUNINkM3WG1RamhQSGJ6ZU10ZjMtM2NZaU5ZSlBFblcxbmd5T0VJNDY3cTZMeHFVUFk0UUNjSE1kLUdObnJuOXV1dllV?oc=5,Boston 25 News,2026-08-10,neutral
MBTA,Man caught in MBTA escalator died from brain injuries tied to strangulation - NBC Boston,https://news.google.com/rss/articles/CBMivgFBVV95cUxNUUhHWkVUVmtXX2FRNG1WM3NHNlFvVnR2VUNLenhvTFF1LXdVNHhsekNYS2RBOHpNbU96ZHhKU0Y3M0h2SkdsVlY2NVA1cGN5SHFKZ3VYQkcxQmthUC1DWkZHdGZGbnZobEFrOHBNbDRjZUJnam9aS0pndEo5S2RGLXFyTExzdnZuQnY0bHNxRXU4cmxKS2dmRVdZcUNQSXV2TThfbzFNdGxMOWl4bksydWU4dFhsSFNvTzFoZUZR0gHGAUFVX3lxTE01dHpIV21Zd0RGLW8wZG01MGJPWTBaQUFNdmVUMDdOc09PRjJLMWRtMjh3OEJFY01pOEZleGNSRVJIZUl4SmF2cFV0NFc4Q251TDZYcy1GZzAtUVlwb1c3NTlVakN6VnJHMnc0cDJtMW9TaE1FcEVIb2VoZWJ2N0VQZmR4akFHS0VGWGhfYlZLOVo4UGtjOFdhZk04YkVpaEtLQXBldjBESVR5cHFQcjdGaE9IN0NkbzhWSnA2VVVCODRtbmVwdw?oc=5,NBC Boston,2026-08-10,negative
MBTA,Officials celebrate launch of new MBTA Harbor Loop Ferry service - NBC Boston,https://news.google.com/rss/articles/CBMirwFBVV95cUxNcFhjNXZfVlNISmprMGt1R0tUdTNKUVQtLWc5S2w3aEdYSTAtRmlieGFRN05sYWlfSFRfYXVyMjVvRFd4ZlFhQmduSV9tRFhhX1BBOW9rWVBadlNJVkM5NFI3S0RnLWhuQTVzNWdWMjZyUkR3enRIcmg0M3lDaUxpV2oyYTVCeHpSN3I5b0cxOW41cDBJczF2V3hOQS1UNXBzekI1cU1tY19IT0Jzandv0gG3AUFVX3lxTE5Pd0V4MG9wR3dtSEwyWm1mbTRQVnBPUDlReDFXVXJTQVVtN2xJTDJMX2lNUmQtVjc0LWVpNlk0Sl92SWYyYnRIeFVPaEpILXNYVGpfLV9KZU9ZWGxsdnZBb3hJR0lMWVJBSl9JV2otQ1BzUnZCM2U2RXgyZWxVY2IyWG9tbFlScHNhYjRUTGQwMnFrTWtoTV9TSEJYR1hIdlNMUFFGcEZiOGIzTF9lbTNsbHFaQ2hKaw?oc=5,NBC Boston,2026-08-10,positive
MBTA,MBTA to offer special train service for 2026 events at Gillette Stadium - WWLP,https://news.google.com/rss/articles/CBMisgFBVV95cUxQYkoyWWppMS1EakFNNVFSaVdidGZKWFczdGJsRkpYZFRvREVrTTY1UDlWTkg4NmxnRnNIM0VjV1V1bkVzU1UxdW9QaEFZSzFhT0tadzJCODJEdG41bmd0MEp0bUpLMEhjQ0t1eEtGVlU3eDRQUGwxVmI4ekh6NEt1eXpzQUdoMEZXUXFNZHJqeDNIakJwcHc4aEwyaGlTVk9EUU1yZlVjb3pFaXFBcHZIWHBB0gG3AUFVX3lxTE5MWjNkUzltMVZuWlVuNEJTRU5WMVVuSUY5MUtvSmRZLS1ZQkFxVTkxOGl1TmZaQThrakpMZnBDSWJwMHJFRDNHX2JHSjNWTWs5NkdDbnA4MThXVG5iYXhXc09UaWZlR3k1a01IWEhudW41YTJ1bjZueVBaajRHNlJLc0hMejVtVHFzQ242UU5ndlRsOXJJUmxtLVMybXVvN0h3amxvZWtxcFhHMTM2TS1jMVlRMm5Edw?oc=5,WWLP,2026-08-10,positive
MBTA,MBTA escalator: Video shows woman trapped at Davis Red Line station - The Boston Globe,https://news.google.com/rss/articles/CBMihwFBVV95cUxQc29iUUtmQjFMTmFIQ0ViOXFxUG1xLTNRVm9xQ3RLSW45amJyOXo1dWZuV1JOeXc0YUI5cFo4RU1JYnJXeWNjX09aTnJPZ3RjcWhDNUNsTDBKaWlqYkZXck5DM3lkTXFia1ZuQVFQT1hqaDRjR09PdG9iMGNjeVJhdFJVUUlhclE?oc=5,The Boston Globe,2026-08-10,negative
MBTA,MBTA extends commuter rail discounts and lowers express bus fare to keep passengers riding into the fall - Planetizen,https://news.google.com/rss/articles/CBMitwFBVV95cUxPWEJvRjFCOG44ZWZUOFFNZ2ZXeXlhczAtYnhrLWEwcVpqTXdaQjFWWGxqLW1qTHRuQlBVLVdqanVwS1VhblRxU09lWVBZVmpuSDVpRm5RaEhkQlFpRzFtRVJObkR6WWI4RnQyYy1wbERnVTZVUExrLWhqUVVmdDRxWlhBdW1seFlIaTZXY2JWdGJxNlIyOWFxazRLMlVUajd3ZTFfOHRKU2FXem5RMTBUWDNqd1hKNnc?oc=5,Planetizen,2026-08-10,neutral
MBTA,Man found seriously injured near downtown Boston MBTA station; police investigating - Boston 25 News,https://news.google.com/rss/articles/CBMi5AFBVV95cUxNOWVER3ZId20zTl9ES1FGcWhVZzVVS0xRWlZ6Y0U2ZXBwUk5XTzlNNmMtLWVBOUZyVkVwQ1p3WE1namg1V2JsakRaWVVXVzlwNzZxRVA4U1dwOHE1dEE3VUtJZHJRcjg3Qm9LVFZvdVpZREhfa2M2WnZHMDYyaE5uQXRTS1N0WHRiS0JSNm1NRkt6azlqal9IWHpPN2pabFFGWUE4WHhKOC04bzBVQS1kMnFDRjhibUQxTGNEc2dsb2xqUXluMmh5RHEzUDlyMXdSdVZDbVRsZk5tVlQxZ3JLTmNCczDSAfgBQVVfeXFMTjRKU29Mc3laR2xaMlVranBfR1NZNGVnNTA3dGxhbURVMVNiX3g1Vy04WFFNWng5TC1rbzVMRzdzOGRackQ2LUwydWtDdG5nNHRpd3NITk0tTGk4YW0zTGJhLVh1RjBzNGhSZHQwbEJCOGVVcUZXRVhId3pnQW05Z2dIeVRRR0djVjByU2w4WEk2VlVNZ0tnSlQwbWZJZXpFWkhxVGJEUVBSWDRrWlRQYWxBbkRVLUdtdGpHeEowd19FYXMxQ29jTjRQeVlzc0F3NFVIYVBhWDlhNlF4eFVxUWxxeDNxbkxoWl9qUnBXT282bXRoVmpUb2E?oc=5,Boston 25 News,2026-08-10,negative
MBTA,The Red Line Is Taking Summer Break July 21-30 - Streetsblog Massachusetts,https://news.google.com/rss/articles/CBMijwFBVV95cUxNYkN4Y0FrR0NvYW9ZREJMbUxJVnlGcVd5b3RRZzNCRjBLbEFtY2ZjOGF0UEFKNlhrbEFSVWNXOHIwUUVBOE9hY3Vqd2N0ZjE2bTFCUEhiM0xDVmxEMUZjQ0xQbzY4UGlBTnhtdFlDaVhXSFh6eEFLX283bHFqNGZaOS02NGdEUm5ES0hrNk5xZw?oc=5,Streetsblog Massachusetts,2026-08-10,neutral
MBTA,This 10-year-old MBTA superfan is sharing his passion with the world - WGBH,https://news.google.com/rss/articles/CBMisAFBVV95cUxPa2hBbGFCYlY0ZGVIMllaaU1FSTFJM1F5U29ydEFDTmtEaFBYZjRNNVd5SUE1WkdjS1FqTWdmcnNLSzFxbzZ1NUNhNG1Hc2xUTlF6ZlJIOERYZDdPNWZ5THBTMW1KUjBqUHJsVFlGQmdScTZHWlhpWm5CVzdULTJlMGVqTllULWpYeE5yVVJFcHp4emVwaHRBQTJyWVRpR0ZBN2tBUmRtLUNMVlZROVp5ZQ?oc=5,WGBH,2026-08-10,positive
MBTA,‘Scary moment': Witness describes meeting man accused of bringing explosives on train - NBC Boston,https://news.google.com/rss/articles/CBMixwFBVV95cUxQamJJcXRJdUtoOUxxdlg2encxekNfUWcyVk5RWXZ5Rl9GeFppS2pkMkR5UjZZRXBSTmJGRFhEeEdEWU9TMW1DOHBqWTREdW9nSU1xV2JieTNqT1BMZ2dmUkhjVlRibDBzUmowQThRQU9vM1B3cThFc0g0cG9pdHp5dVlmLVN4bHVvQVJ0U3VMWWRQTzE5WC1uNmVRS08xOGNRdk1PZzBPQ1lnc1haTzF2VXlBdDM1ZlVQbDVfY2pQUV8zTFJIeWdB0gHPAUFVX3lxTE5VR1labUpjR2hjMXVpYjdhWHJqak81eTNTakdGY1k4MGo0aTBFSEpZZVk5cGlLcEFkY2g5UFZJYnRPNmtZVzdWcmFKOVYyajJzWUhYa2NkMmtPZDB5ZWRHSmxDYl9IalJCN1piN2JUbktfR3VXVnktOThqOU0yTjVvTG9nU2p3aW9DeG9QanJGTElTRGJKQVpXOElqUjBXbnpDci1WdmJrVUNCYS1TWEw3ZGFMTVNVMnBsdk1DQ2xQM0xFbF9LQXlhM0lxYnY4RQ?oc=5,NBC Boston,2026-08-10,negative
MTA,"NYC, MTA considering project to cool down subway platforms - CBS News",https://news.google.com/rss/articles/CBMinAFBVV95cUxNMmVLWHl6WWF5ajhfakhtR1FxSzhUd3AtQkFXRDFKeVpxcTJOOWhJWVdTWUZfNmpNbDRlU2JPYm1KYjhYZGtMcEphMV9XNjNaU1M5dGFuNDhFQ2RZdEpoc0VjcFVQbWRvSGRsZHZqUUZBNnI2bTRNd2I5LXlwSnFKQzl2eS1hbFlCdnRqc1RGcVNINnRpNkkzbE14YTI?oc=5,CBS News,2026-08-10,positive
MTA,Mta Expands Open Stroller Program To Buses Citywide - News12 | Long Island,https://news.google.com/rss/articles/CBMiiAFBVV95cUxOeTNqRGZGUW0xcDV4Mm1hTXU0RlpYVm1xZ01lSS01S2Rjdk42ZXM4alFzdXlpYUVPbXdHZzk3ZlhrU3NTVFNXWS0xRzViSF8xVGhnbkVXY1lvOGpPYUVZbmEyWXlOemd1akkxc3MxTzJDM2tIUmpOaFd1XzZ4Yk01ZzZ4X0N1Vlhp?oc=5,News12 | Long Island,2026-08-10,neutral
MTA,'Shut up and drive': MTA bus driver says operators are told not to enforce fares - WBFF,https://news.google.com/rss/articles/CBMiwgFBVV95cUxQRUx0MzN2YTNnNW9qZmZVZHpDUmhBOEplOVhDc0pPai04N2UxcDZBZXdnWEJzUTVQTUZPRVFHM1V1VlZ6UXYzeWJWMlBrdlcwTlBjOXpheDRBMVlpZ2ZOYTd5ZDFzVGh6MEVDeFlaV1NpWW9JQjIwZmRJZDVTZHVacnk4Z1MxTTdqNmR0V3FVdkRDOVV2TXpmY3VhOFNobjg1dEZxVGNaX3dNVmZqenV6WE0wczE5QXpGSkwzUy1PbGprQQ?oc=5,WBFF,2026-08-10,neutral
MTA,Subway history is up for grabs! MTA auctioning off retired MetroCard vending machines - NBC New York,https://news.google.com/rss/articles/CBMijAFBVV95cUxQbDlOTW96by1qMExjaWM4cGZ3T2RyX2RGY0pJdUpBM2FsM1laWGlIcXQwWlRzaHgxLVh3RU1pYXdNX25KNHBFeVl2TV9uVG52UF9aWW1uVDcwVVV6YnRpbTgxNms3MTJlOXdySEwwLVFkbkg1UXdKWHI4aFlHdEJVeUxmaHE4Z2RsRFdjbtIBlAFBVV95cUxNUUlKUER5bTFwZ0hEQVhTTHNFelVxSTdIeDgyZThfRkZZVUU0TVRnR1lWRTltSVZfZU95THpHSnpzTWsxQlJ1bkRxTzBPRVhxSHJoMzQ4bmZoeEpON3ZyQ3g4SER3M3JfTmJkYVRQVVF5YWc0VlVUc3kxTm9GbFlZRDFCY19Rc0RwUVVYNjlpYUtFUVkx?oc=5,NBC New York,2026-08-10,neutral
MTA,End Nassau’s Financial Control Board. Place It on the MTA Instead. - Long Island Life & Politics,https://news.google.com/rss/articles/CBMiqgFBVV95cUxOSlljMUcxNUp6ai1pSTNjSzlXREZyZHNjWHBMa29UdlZ6OVZIZjhScTFVOV9Gdm9yRkJvbmtJUjRXUFF1dDQ5WUxvcTdPMV9GaGpxZ2lBYXNCYmFRUGtoeFRGWkxVT3lOUFhMdWI1ekhVTElpNjRmSy14M3lsbDhwYU5nUmhXZHlJdmhJQU1MdzNPdHNDeUd5UVM0Q3I2N3gxNERzS0FESElkZw?oc=5,Long Island Life & Politics,2026-08-10,neutral
MTA,"NYC subway fire on train at Astor Place station injures 8 MTA workers, 6 firefighters; delays commute - ABC7 New York",https://news.google.com/rss/articles/CBMisAFBVV95cUxNVUlmdTgwM1F0OEtfelRwbVc5MXRHQVR2S1AyZVJUTnM2Zk1pbG9uUHpzQzhJeGREcmVIcjRibW1oQjFPWmJPMkJJRmN1TktLdHg2Z3NlT0lxU0JlV2h4b1dmaUJoU1NJMjhzc1Q0NEdPc0laRURhbVY0RzBxVnlOcmJKejB6bmZqMlR4QTdHVWJ0WHNKeFNvZW9yNFhjT0JKRkNUdmFWYkhRQTM0N0tmaNIBtgFBVV95cUxPeVFMbG5FNWt0RWRiRktIWTVPSzJjbFpYc3M0NGlvQk1ReUh5ejVoTFpKZVNkSzl5dDlNazJrSnBlcXgwOG9yY0l0dWF4U2FUWkFFcnNYS0VhRUtZOXJwaTUxdGE4WkE3NXBQMGtWMTYzamZaa0E0bjFmVWctSlBlbjRiY3lTMGJwUVpnaERhcGlHVnhRdEF0MG5lZHd6X0NEeFRBWkpjM1JpbzdIYllFWTBoYWw5dw?oc=5,ABC7 New York,2026-08-10,negative
MTA,Inside the final offers before the LIRR strike - Newsday,https://news.google.com/rss/articles/CBMiggFBVV95cUxNMnJYMUdqZi0tVGROVE9LVkZXUW5BeEgycXBxQVRCdGxFZnVkM0xteXd2OXFQT2xDc0tQdWNFb3h0TldYUFhXUENBWkh6UDdJekNHSmdrQnBPczUwekpmcWRYWXFtckhDY05QNUQxRS1vS1ptWWNRZTFQNzB4Zk9Yb05B?oc=5,Newsday,2026-08-10,negative
MTA,MTA expands 'Open Stroller' program to all city buses - Spectrum News NY1,https://news.google.com/rss/articles/CBMipgFBVV95cUxNTDJiUzV0TmJ4aEVXRnpwR3JtSXR6VG53bGJ4N1BGWDRNSkpBOG91YXRremVLS3BEcy1wTlJPUlZlYXFHU3JMS2ZncTVkVFlrMTFocjlQSUpzRkxZZFRYdTdLZGtoR3Y2cUdKZmJNaFRoczZxdW9lemtEOWtTeGRaWVRJbzJDbTJ6MVlzeTNKeEN2UTNkTFRMQk1PQjZlR3U3YjFJMFlB?oc=5,Spectrum News NY1,2026-08-10,neutral
MTA,7 years in prison for man who punched MTA station agent at NYC subway stop - New York Daily News,https://news.google.com/rss/articles/CBMixwFBVV95cUxPcmR4dFp4RHFsYldTVEJLb3ZBTXhiWC1lMTctbzJ3Rzd1UDNreWlwajNGQVFTZGJSaWVFaE1reVhDMzBwWWZjOXppVlJrcXVQdm1DVFhZRF81a2JLUVRqYUdYTjdSSklGTTgwTUtrLWhBdl9NV1plM0FsejRVNTF0bS1nQjZXT01ockVibUR4UnNlVDRJNENUT3Rhb1NDeHlUV2lfUUtpMGJMaVlSVC00a0kya1NQbTZORWVGRkVCajg5Wko4VkNz?oc=5,New York Daily News,2026-08-10,negative
MTA,MTA plans to outfit all buses with stroller storage by next year - Planetizen,https://news.google.com/rss/articles/CBMiogFBVV95cUxNQVJwaG5BU3pNX2dfc2VUdXVmYm5yaHBkTmw2LXlkUl83dEJpY2EyZ001d1NTN0Nvc0dvcG5pak1CM2RWczFTVjZ2djRQbjBDcWMyWG8zaUNZdms4U0l1SVp5NkU5T2c4Tm5WbTliMi02V296T1BVa0NwT2lWay1xYlFoLUg0LUFiWHdneUpaZ3RKQzhSVHZJX2t3NUZBRkotTVE?oc=5,Planetizen,2026-08-10,neutral
MTA,Op-Ed | Accessibility takes priority for the MTA - amNewYork,https://news.google.com/rss/articles/CBMiekFVX3lxTFBaTk5OWHVZRkRmWktFRGFmQ2s5Z3BDaEtvYUlyT3Q2a2ZJMjdUMEVSdjJiSnJuWm1WZURBOFVmajJaSEZUS2dVc3U4QjNMVlh6ODJnaHhVd2hFeHdJUHFPQmFxX2tJb2lGRFZndG1mWFo4Tm96XzY0S2VB?oc=5,amNewYork,2026-08-10,neutral
MTA,New York City transit auctions off last MetroCard machines: ‘Wild home decor idea’ - The Guardian,https://news.google.com/rss/articles/CBMinAFBVV95cUxOSXlERm9qN2JPRGdGWGlWbU9mcW1NcGdtMFBFRlJpWjVVUkZoeXdkbjU0NjU1SE53YU9LYVNCMXZkSGJJNm84ZG9QYTZQazJlNGFIaXpLZVByUEVkRTdyTWlBaURuVnVBcDlialo0MkplR2FIUXl1WlpIWU9LaHdvd1ZsbFQzMmdGT1llRVRWU1ctbkRpN0dodzgzVFE?oc=5,The Guardian,2026-08-10,neutral
MTA,Gotham’s $100M project on Westbury MTA lot gets public hearing - Long Island Business News,https://news.google.com/rss/articles/CBMifEFVX3lxTE9vemUtdGVTYzdjWjh4ZFhBdkpIUmFpWUpVQXdaMnYwVy1ZVmpneVp5TktQQVVzZXdDYWx2UlFQR1pVNE5rQWxFelRpajI3bktqUkQ0UE14a0JXcDVGalVGcklrZXB6aGtZVDZyZlU4WWpRby1mZWxUdkFUM0Y?oc=5,Long Island Business News,2026-08-10,neutral
MTA,MTA weekend service changes impacting several subway lines in August - CBS News,https://news.google.com/rss/articles/CBMiiwFBVV95cUxNazkxMkpHMkYyUFY3UXRZOGhPME94d2k2ejY5a0FPMTFuNnVlcjVPeWhJcG9Vbjh3RnZabzNyQm9pZW1GN1RtMVBlUTI5Sk14TkhXNlU0MmozOVBhd3p5aVdfRWdsSlBBaGVJVVF2MWUtN2hPbW1DWE1LdVFEcktES2pRc0NmcW90LXBr?oc=5,CBS News,2026-08-10,neutral
MTA,MTA expands pilot program allowing parents to bring unfolded strollers on NYC buses - ABC7 New York,https://news.google.com/rss/articles/CBMisAFBVV95cUxNZDF5RjFkeDZLS1Vva3ZoM3NVQk5jX2szSk9JajNlWS1ZdWFaTHlmcFZ3a0cwNlZNSm43Y1pTVmEyVGlBNDhzVGxHZkgwU3RTVGs5YWpxOVdMTlB6Y0poUHVIbTB5aVNPQmF6QjhocUxiSFhqc1BOcF9iT240dy0ySnRiaGVoZ2RFQVN2cFV1YW5jb3gzSjZjblNtcHZfWE1jS1FvOVBmalN0dFM5NndUM9IBtgFBVV95cUxPTzh4ZGF0bXR1dUpmcGJ3SDJMbVhrb0tpMzhhSUhyY09XSy12bThJQTJ0RExQSVU2TDJNdmd4SGltQWdLTWdyQ2k2YlJubW5aektwclNFOTZ0TW9tOWZHRWdXWXp5Z1dKQ0JILWRIemd5Y1dtWi1pZDRZa1lITG5jNnRmelg3NHFLdVRTc3NhSzFwTGxyTG1pc0Z3MmJtRFBYWU1wU1VLd1J4d2I5NmtrNWRvR0otUQ?oc=5,ABC7 New York,2026-08-10,neutral
MTA,Have a baby? Pets? What MTA's stroller pilot program expansion means for you - NBC New York,https://news.google.com/rss/articles/CBMimwFBVV95cUxQck03NTJMVWpVR3BDd0dMRTR2eExXRFZEUTVkaXpUdGJzbERzM25LdzZCUkpGY04xTHNwaklPQS16Z2JSZTE5NW5yQ2tlQjgzXzRpb1VqTVVVcjRJbXV5UHo5dlN1d1MtNzM3LWNxVWdobHluVURfY1AxV1VWNVBzYXh6OHc3WlFXOHM4dm1JWW1ERXRNd0EtaVdBd9IBowFBVV95cUxQZXZSOTEtRUtFSHlMQVc2QnRkcTlQSVdWTVZjM3RWMkNXemJBcDNaYURKYy1VMlM0cUYzdWlFY2hFUUVDNjZESmR6bFVGeFIwYzRHMEI1YUZfdWFLd1BoekZvZFVSSHhUbzVVZlIybTJORmRtTmRTR0g0MlMtdlRvenNZZWNNM0U2STdrTUlVTktrbDVvaTdnMFJzbjIwRThFRExv?oc=5,NBC New York,2026-08-10,neutral
MTA,Babies on board: MTA moves to expand space for unfolded strollers on buses systemwide - amNewYork,https://news.google.com/rss/articles/CBMifEFVX3lxTFBNM2xoWVlJWHBESUV4b1lYNkJvZl9SYUJRaU94cUdteXd1ZjFUWk9BRi15cFVqT2ZUTHo3eWhmZU1WVzZaV3R5Z3dldWY1eTlySE1BVUZpZGlqTGpIbEdTNjNTZEtpbDItWnU3ZXZNYjN2S2Q2cjJHb2o2TzU?oc=5,amNewYork,2026-08-10,positive
MTA,MTA identifies dozens of traffic chokepoints in NYC subway system as top candidates for improvements - CBS News,https://news.google.com/rss/articles/CBMiiwFBVV95cUxQenJMUnJ4RzNJNTFzcW00dmwycmxfclQxOVVUTXM3S1czTlVRM2Zod2dvSGdrNWJwN2ZRYWJoLW5Rcmw2bGN2QzFtX2RuSGlsZ1RmNFJ2dUVzWVpNUzhPbU94dTEzbUlWbkFXZ2RmUzd5bkhlNHpLMDVpUndMUDhpTTFSV0RJN0ZOVGJj?oc=5,CBS News,2026-08-10,positive
MTA,"Weekend transit disruptions affect subway, rail riders in NYC, New Jersey, Long Island - ABC7 New York",https://news.google.com/rss/articles/CBMivAFBVV95cUxPczNvNWc3aUZNWFZlYmxXZy1iTktxSFVFWmR1YVdwek96WWlwTWQ1Zi1zcjNmc3NzS1FjM0FVZS1DTmJzdkZSV3ZvM0VzT1hlQWRLc2lVbUhQSXRBbm1ISTZzdFJCa2h6b1p3SHI4bEJ5eG9kb0RQM09vZ09CTFd2U1VOdHFWQWZlQkw1NTUxTUtGODB0NFlhSzBhMGFuMU9wRUJPOWFYSkZLRFhYcy1qcEZ4aG42NWN3VkJhNtIBwgFBVV95cUxNN293cWVIMmRsSVVDeDVWMzBfNUJmQzVoSGRXUnZQTm1MQXZnTnByN290SFp5MlN3VTExdmRPM2V3cExRTkhBa1puZTNjWG1RWDMwZ1hEd05vdDcySmdVRDB5RDdVcnB2ZzN3eEc4aEwxODVLWk55Nko3M0FGcnkxbHZUeW9xXzI1UkgxcDJ2V1pGVlhreGx3ZWN1SDBYcXRhbnhVOXdWajVtc1lYQ2puYkdwRVdaZTFLWWRSYlJ5NEZPdw?oc=5,ABC7 New York,2026-08-10,negative
MTA,"Subway, bus, bridge and tunnel tolls may receive 4% bump in MTA's preliminary budget plan for 2027 - ABC7 New York",https://news.google.com/rss/articles/CBMiuAFBVV95cUxOOHVMWXRtQ0R1M2VPd0ZuTXIyQmdkWHlDd3paVDhkbVNFcWpCV094dGdCcTItdWJvc2JaZ0dsR3ZPTXVDRU90TkxnM0NKYnpRLTAwYkZmUW5wbDhycVRMdkRoei0xdUE5T2JhckZoSDR2U1cyX2F0bUR2ZnRnU3RQYjltR2t1TVlwM0tTQ2M5YWFUeXc4dVNWVVlmcFNsY1NUTUtuTUw4THBxZ0dkQzhMYjRVUVFPX3lV0gG-AUFVX3lxTE9FdWEzT2dRekY3STNBakZ2N3A2ZERHQTNjWUJxVnFSeTQ0QnBLTThmNWg3RUR2QkRTQVNWYUxYWTgybWRIVHFld0JYZGlUM0xpZlFGMGpFaTU5ZWJLdVV3eVdnWEttdmYyaml3TS1mU19fVnpOcnRzaTJ0OEI2VXBaQjVrZW8tR3VHVXJGR3RJTjBYUzd2SW51MWFBbGR3cWFFajFWZG03WENiOUxraTZsZmQyYktjVmhrUkhoLWc?oc=5,ABC7 New York,2026-08-10,neutral
MTA,Mixed emotions on MTA elevator deal - Queens Chronicle,https://news.google.com/rss/articles/CBMixwFBVV95cUxOaDYyQ0lzQXRHNXhkQjJxZi1uOHo0OHFxdzMyQm5ZNTNuYlZlSHRVbVI4T3kwYWU0Q0FudkpERmRMYWNpdnZWUl9EZFNISGFKaUdSZ3FyM1ozaHBZZlV1V3FXSm9JZ2t5d3R6S2s4LUlNVllxamRHTzZlbHo0c2ZhUWU3QjVxSlBpOWM2TncxZ2lrQW5oLWRNOGxCZ28zYWJIaVZ4ZnRuNlNOVHgzYmJzVjdNV0VpUG9oQ05SUEV6RkxsLXRqdzZF?oc=5,Queens Chronicle,2026-08-10,neutral
MTA,Governor taps former Baltimore delegate to lead MTA - WBAL-TV,https://news.google.com/rss/articles/CBMinAFBVV95cUxNNEJ0dV9QVmpISjh5ZkFlTFE1SXA0N2pCb2hRdW1PbWNTYXMwcHNaTUx0dVRCNmpMZFBPRU5MSVVJWHUwcnlmTmhOVkl0NnpYZk1KUC0yM2hyTlNPSTdmLUpDVjhQMW1qTEhSRUVhY0wzTUVHMmg0WjU0NG0zXzk1RkxQVjNxTnlRXzNDMlNXN25CTTFWOTdCWVE4MlM?oc=5,WBAL-TV,2026-08-10,neutral
MTA,"Advertising revenue is boon for MTA, but some subway riders lament ‘ad creep’ - Gothamist",https://news.google.com/rss/articles/CBMiowFBVV95cUxQcEkzY3IxNGpob2tPRUhodHNubW05LThjanJ1Uk5HZWhPakZkNGotSlZmRzZLN0RUMTMzTzJweXVZc0tabFRBVEZrTWFZbEtMSzVZa1dDQ3BGY3NWUzNOQWZ6S2lpWGZiT1VoenBVOGRuUmplRC1ZRkZDU2lwanVPVkRPTG9fdktLWW1FS3VpeDhMWnFIZlBxX0VNN1EwNUVVb1lR?oc=5,Gothamist,2026-08-10,negative
MTA,2 MTA buses collide injuring 5 in the Bronx - ABC7 New York,https://news.google.com/rss/articles/CBMid0FVX3lxTE9KcE1kX1hCQ1RJMGgtb3M0QzU4c0tFZmpCaHlhV2xEaXl5c203V3gtWDVJQThCM2RlcTZ1WGV6b1ItUmE5d1gzSk85aW9zR3FZaTNDVUI4Zkk4djFwTTNja2JsZ012b3dOTWRQVzV6M0JGYUhWb3ZR?oc=5,ABC7 New York,2026-08-10,negative
MTA,MTA expanding open stroller policy on buses: What parents should know - NBC New York,https://news.google.com/rss/articles/CBMixwFBVV95cUxNLTU3UVNoU2RCeUpnSzRzQ2d3TlRzcnA2Si1iVmtRZjlsYWJ5Q0lOelJQRmQ3UjdMWGsxU1Y4YnY3aWtVcGV0RWJCa0Fkd0FHTktBUlc0czBYX0VEMjlxbXZJUUpPM1pzUmZjNlItLWgwRWl3TXRMUW1CdFkyelVtbW1VbWxDdjk5N3pQT3poQWhOUHA0U2lSeWlOTkxGNlJiWS1qUjYxcjRkSFdDUHkxZmp1US1DUThwUmZvcXd6NFdoTFNrVktZ0gHPAUFVX3lxTFBDcGJfVGxuYmtBM0VLZVFuTzNqeGpYX2dvaEExYnZLcUc2X0xHRjBHUVNGWEE5VTJYdU5fNEZ6WWVQRnBXdEp5NGpzXzVfX3lzQXlTMEp2MVR2MTFnT1VDUzIwTG1uaG9ZVVdLRUhaNHQ5NHlfOUZSQXpQazB5bFY2VnNMR0RKREtLNVExOXR3WnBkOGlLTVd5MEpMc3o2TG5hMXVpVjlwNTd1UVlVb1haWDBhV3Vua0tBbHFrdGY4S3IzeFdBMURneVJNME0xdw?oc=5,NBC New York,2026-08-10,neutral
MTA,"NYC subway fares, tolls could go up again in 2027 under MTA's new preliminary financial plan - CBS News",https://news.google.com/rss/articles/CBMid0FVX3lxTE5FbXJ2OWJyWTA3QVlKNzhYTnRYTkFheTg4V1ZhQ2lHNG5ocWItbmpLc3Y3a05COUhZVUFlN0syOUQ1dXJqSGxOM0ZOa3V0ZGlFQ0pFWVA5TzZwYnBteXdreGhabHJwVWEwQjdUMnRCSjY3cXBvbDRF?oc=5,CBS News,2026-08-10,neutral
MTA,MTA considering another fare increase months after price rose to $3 - FOX 5 New York,https://news.google.com/rss/articles/CBMilgFBVV95cUxNaDdWV1hsNmE4OUwxTUZiWUNVRWIzLVZqYVRld0xVaHlneU5oME1Da24tWXR2TUJxaHNSbFNzRWlUX0hSeFhUbHVpNGtTVk90a01mUlF0NlRYOF9nMl9XQjNzU2x2SVRRdm54blRMajBsT3kyN0IyU2hnNFNRZnNzbDg5WWROUy1RaTROeTRxTTVTalIzYXc?oc=5,FOX 5 New York,2026-08-10,positive
MTA,MTA to retrofit every NYC bus with area for open strollers - 6sqft,https://news.google.com/rss/articles/CBMiiAFBVV95cUxNRThFdDU1bDRmLUlVTUtuSnRCeDB4a05ueDY0RUR0S1k0WGxHNUZYb3JKbTRWUUJUVnAxeldWUFR5VmttN1Y4b3RnaW9PTUd4OXV6eVpLd0lZQnFQRGhMOGIzZjZhbnVPVk5oRmppOVpiMHNqbmh2eUtmSGtJdm80Ukp1eXQ2cndW?oc=5,6sqft,2026-08-10,neutral
MTA,"Astor Place subway station train fire hospitalizes 6 MTA workers, 5 firefighters - New York Post",https://news.google.com/rss/articles/CBMiugFBVV95cUxPdHJ6Wk05T0FvLUdJTWJXSHFEVVkyZG9OYi1aLUUzT2hYWHJEYkJVYndGVkY4Zk83Q1ZoZm4tSFRqZU52czhpZFl3VXZSZEQtZW85Tjh4MmRLbzcwMTgzOFpTVEhUdC1lX3lVOFBTVDBoNHEteHdYOHpmZWUwTlRTMVJoWUk2Zkhwa0NhMmUtTGxVVW1XZEpwRmdsTUx0Z1QyQ3BGalowcHBwelU2Tm0zU3VCb2pxcVFYLVE?oc=5,New York Post,2026-08-10,negative
MTA,Wheels on the Bus: Strollers Now Given Space on Entire MTA Fleet - The City Reporter,https://news.google.com/rss/articles/CBMilAFBVV95cUxOTWFzRDlKSU0wSU5vTkJqVXRUVGMwVE0ydEtFSXVDWXNxUHFiMVh3UU5UNExyUzktWExxdHgxejF3TE9Ka0JGV3hNdGh2NXl4UmhLR2V1aEJxQ21Wc3hZVFpHelhGd2draS1jcUU0VnZobnFqa2FOX2xPc0NlSTRfV245dEtQNFY2NjRUQmNKbnc0UHBL?oc=5,The City Reporter,2026-08-10,neutral
MTA,Baby on board: MTA to make room for strollers on all NYC buses - Gothamist,https://news.google.com/rss/articles/CBMikgFBVV95cUxNdHpRUUVJNW9XMGl4aVFQRVNPdm1sUWNlREstWnlibGxFZDFkcEtHRTRBTHJ4R0hlTWpuVTgtamE2RXdJbFQ4SFAydmdJdVh1WWVpb1RHSDBCQkpQLUxRTGJmYi1UTTVqaENzS25fcDAwSS1qbHBDVEFJaFl0QWVIMXBuWFBGQm9SMXJnczhUUzN2Zw?oc=5,Gothamist,2026-08-10,neutral
MTA,NYC buses are finally getting a major stroller upgrade - Time Out Worldwide,https://news.google.com/rss/articles/CBMizAFBVV95cUxQcHVSLU1FZE5qeEdyeEtycVBqbmhfRko5OXoxengwd3NINlc4V1hlZnFJaVdQUzhaTHlqNUhYNm1DVkpqenI3cnk4QXJJcmJWTTlYdk9BSEJCV0dZOWJkeGFTd3M2Njd3VlRmYThTRVFRYTR3bzFTaW0tYzNTSUpCeXRYVXVodDZIbkZJWm9GQTBLVHFJT2o2M0hEM25ORlZnNXpzb2I0a1ZtUXg1OWZjd241Q01IZXRsYVlxZHAxWjFEbUJyTFR6MF9kNU8?oc=5,Time Out Worldwide,2026-08-10,neutral
MTA,MTA expands open stroller program to all Local and Select Bus Service buses - Mass Transit,https://news.google.com/rss/articles/CBMisAJBVV95cUxPX3J3NkNNZTRITnJEd0tBaEEtS21pSG9sd0xhelU1dmpOcGl2NWxFYndGYnNUY0xFNmg1VzVwRXkwem92VmMzUjE0a0dyWmh5NVpVOG1leDFpeHNEU0xydFFFTUE5RjRKaHJzVkVBV0pvS3ZiQWMtZWhjRW41TVN6azV6X0poejRBNXZraWxiTUF2Z0tsVEVVY2VDLVNBbVlTeGM4eU1xT2hDU1RDaDEzN3ltaFVnZVUzbERLYjlaOEpzTG5rOE1YZktDeHE1anFUSzJlbDl5akpMREtyYzM1OFVBQjl3YnhjRG1oWnVRcE9vbzBMZXdmTktad1lJUUlHZmJGRzN3bjNCdjYzcXpBVTNITjhTNmRFOVI1U1A3bTlZMlhhbVIxMWdiQTYxeVhy?oc=5,Mass Transit,2026-08-10,neutral
MTA,"‘Deficits are starting to return’: MTA faces fiscal headwinds as increased costs outpace fare revenue, officials say - amNewYork",https://news.google.com/rss/articles/CBMifEFVX3lxTFBic0JvTTFxVWZPd1k3ZWRwZXVyYXozSExRc3RSS3ROUkFvWm5zWjBMa084Q2o0REM4Y2pycTUwYXg4VVhMVEtfUmpVQUZGeE9CMG8yMlZmSTZxUUtQQklSQjQ3UU9TenRWSExxWDdNNU5CUEFmZWhNRkpQY2M?oc=5,amNewYork,2026-08-10,positive
MTA,Short-term pain for a long-term train: MTA subway construction upends life in East Harlem - Gothamist,https://news.google.com/rss/articles/CBMitgFBVV95cUxPTXFjSjVjWklfSzFmTmUxeEtNQVFJSDRDS2doRGZYU2MwU0xjZjlzNHAyaWxScWUxTVpQT2M4NnVqeXNhNjVKanR1NnhGb1B1anRmR2Y4X2FkVGl3dXIxaHlUT3I1N2ZvQ3BXQ09QTWd3akhKYU1CYzlCRjF3WXR6Wmo2ZHlzcnpnbWNRdUlLOVhYNjlvdkdyWHdycGhvejY4QTF6NWMxN0hOeHl4UEVTRWhlNmhlQQ?oc=5,Gothamist,2026-08-10,negative
MTA,All MTA Buses to Have Designated Spot for Open Strollers - WestSideSpirit.com,https://news.google.com/rss/articles/CBMipAFBVV95cUxPYzZobDd5RnVGZEhuVFpId3dSR1dJUVVZV0g0clJuSmp1NVhnelo1NlRQYWZPQmlWTlctbXhlclhLSm1Rb1JIYW9sTDVMczZwUHRNZUNDNmZJZm9tU0MxT3RiUjZob0xQXzBIYkFlLXlvNDFkTWxWWDNOY2ZIbkhPSGRTZW84N0ZVTW1oMG1VcXc3dGc4ZkJOaE93aWdUTjB1MzU0YQ?oc=5,WestSideSpirit.com,2026-08-10,neutral
MTA,MTA maintenance will change service on several subway lines - CBS News,https://news.google.com/rss/articles/CBMinwFBVV95cUxPZGJEUUFsLVFfVDBvdVBsTmlNbjBwdUNJYWduOUI5TEpHSm1NNlU4VUswcTE3WDVkSHZmVDAyRHBjck9wU0NYampHUkZ6YTFvZHJZQTlXQTNPT3lLLWh5bUtudEgxdUpHYUVsaVdxekp2M19Ha3VjTDQ1U0VTTGNmc2VkT09xZnE2WHVFVzZ5UnJHXzlsXzBxTDE5YmxXMDA?oc=5,CBS News,2026-08-10,neutral
MTA,Teen dies after being hit by Metro-North train: MTA - PIX11,https://news.google.com/rss/articles/CBMijgFBVV95cUxQM1hmejk5ekJTTXRWUG1FcnA3UWg1QXJPM2pVS3ZBLXc0ZGFMYWpUWkRuMVQ1aWRkVUZTMTJxRFJIOWViTmJNS1dwbWs0M2lwRTZfSWZqUUE0d0JZV0lzaFh3NGRMTnhoNUVsZ1VhaEJfYXVoTlQ2ZHlqc1JBUE42emM3X0lTSmZCeDRXTnZR0gGTAUFVX3lxTE1mZDJCUkZEMjFQVEo4cmxDdHVHS2xlbjNPV190eE5ub2g5bkw4RG15V0lqREFmNkFfcFIyUF9hX2FDODZfUlFYb0FSM1I4eV80RkY3YlhETVUxdmE4aW1wb1dweTRCVjBPYmlfcE4tYWJaNEZWZkNnVzVrc2Z2OTA2MUY2V3pxQTR6UlFTRl9XMG13TQ?oc=5,PIX11,2026-08-10,neutral
MTA,"An M.T.A. Project Is Under Budget and Finished Early. No, Really. - The New York Times",https://news.google.com/rss/articles/CBMifEFVX3lxTFBvcG92aDNJdzRVVG9od2MtcTBIMnE3Zldwb1hMMXY2U2praG5kdEtlMlY3eU5jc0dkVGRXNWZ1UVdPcWVGa1F6SmZGclh5eURuT19nOXFzNXVyTVpraTBESGZCVHFaRFBFRWpWZ3VocUdhWXZ6a3ZoWnhNalU?oc=5,The New York Times,2026-08-10,neutral
MTA,MTA rolling out vending machines at 26 subway stations - Spectrum News NY1,https://news.google.com/rss/articles/CBMipgFBVV95cUxPaDNDQmVnc3dsZEVMQ1JjbndRblhEVEtNX2g1eHZkaWhSazNOY0xmOF83Q3BwNHlLb01FUVFJUF9tLUp2OVRWZElCRkFCV0V3bTJXbkhOcERMM3pfSy1yXzhXTVhkcHd4UlRHNzlZOTg2a2VYM2lwTVR3bktZYjdPVlkxdXNpQWtWUlZ5bGNTNkJ0NkRka3pocWhXWGkxU3RUSm5PUUh3?oc=5,Spectrum News NY1,2026-08-10,neutral
MTA,"MTA plans to ease chokepoints in subway system, first in Brooklyn - Audacy",https://news.google.com/rss/articles/CBMiqAFBVV95cUxOR2haUjhQZnZmTTBKU2hRODFzYkJoV2xMRVFNN3pCYUh0YzN5bGI0M1l2ajh0MlNac3dieUtSbm1OR2c3TjJBQTZDdzVwa0lOZ01NQnFpTG95R2dpMWZKeGNmdWE0MTZqbTNmRHlFYmVlbm8yVFc0NkE3UFBwaXBENlVlZzdvaDl6ejZzc3NFLVFjTFpLZi10RnZkSGc2dXJZcEc4cnZtejI?oc=5,Audacy,2026-08-10,positive
MTA,"Readers sound off on MTA elevators, union power and Reflecting Pool charges - New York Daily News",https://news.google.com/rss/articles/CBMitAFBVV95cUxQWDliY1NRMklibFVrcXJIQ3Nya3JnRWNlRFpmM0Z6SFN2T0l1NU1vUjJzcU5qR3AwSWJKX251SXl0czdLM2hqT0RVQlRYeUFueU1aLUxUTmV1UVFvMGwzeHlqY3VySU1OQ2FYVnhTRzlZQXV6eEphVmszWWRiQ091cVpoTjVsSHRnR09lZ2RwM2NXTFZqYXZlZnVoQXJmN1dsYTNtOW1iLUFjZ01WMzhQSzlHcTY?oc=5,New York Daily News,2026-08-10,negative
MTA,"MTA weekend service changes to disrupt 1, 2 and 3 trains in Lower Manhattan through Aug. 24 - ABC7 New York",https://news.google.com/rss/articles/CBMiqAFBVV95cUxNVnpUd0RvenhnYl8xVTNKclk1R3U2aFl2UFJiWDVNSENrQm9HQWdHaGlWLU5NYTBCZnhQSnIyR0FFdzVPemIycENheVR0YTdUdnk3ckY5QXBINzVvazNuTXFETTRkeFQwWk13TXhsMlN6Y0NxLXhkanV2bjVfd1ZFWTRIVEdkR2p5SEFrdFphdnNHS3JOZUxwV3pmcGwwYVJxRVFtNDVOb0TSAa4BQVVfeXFMTVBWZ1Bnb2pEMmUtcEVYZ2F0SGpmUVIzeTd4MnJ5dWdkQzdCZnJ1Z3BrS0pIZGxTY3ZUMDlsZ3pCdkJmN0g4WjU3NjNKS3ZUdE1PcXB1UWV3UHN1NGNyTzYwXzRtSjhDbGVFU0FvWGU1VFNFZXR0Sk9LRzZrMDVuZF95bU04T1ZZb1VlTXluWUdGcjVzVTJ6MHZ2R3ZCaXBIaDlmVFc2RHlEak0ydjZB?oc=5,ABC7 New York,2026-08-10,negative
MTA,Snacky? New MTA vending machines may be coming to a subway station near you - NBC New York,https://news.google.com/rss/articles/CBMilgFBVV95cUxPbHZtNGRlVUNSTFhUNm9sV0txU09QTDlLMmdZMjZXQkxfXzBhOWM4T2hMNEFuSDBjZW1mR09wR2hqeEYyTFk4OUtCWHNYNGVNZWl2RDJhR21lR3ptTTZ1dm9tMkEzWVRiZXhnTlJBNGFsMk1fMnlNOFVfWDJBeU1IQ1hSa0dQQnl6VDZ4Q1A4enBrYnBsVWfSAZ4BQVVfeXFMTkJpaW1PN3dGNlFFc3ZkcEQwN25sV0pvWV9uWThxaU1rWjRaOGRma191Y1RheHVWSXZsakFhY3JVeW05NV90eUFTclA0akZaeGN0YzduRFpOY1FBdm13U2Q0VFpZYkN2akRLR3RIVzVxLTlzbWlHVWdDVF8xcWNmT1pOUXAybVVfdi1IVXZtdUVicTJiX1F6MmtrT1h0Wmc?oc=5,NBC New York,2026-08-10,neutral
MTA,MTA targets notorious bottlenecks to combat subway delays - PIX11,https://news.google.com/rss/articles/CBMilwFBVV95cUxQSWlqaHAxcmNfMWRBSWtHa3pSbnk1bUItMV9wOEZUNXZZTkFKWlE4X0tva2drQ1BWYW5kZGt6dVZDN043eEpjb3VOY05tdlFHV1lEUjNmd2kyTWx4ZEJITFNZZVh6VjVHZnBmcVpHTXhTS1JhUzhUYWlKbzFBNVlaLUpMMWFZWm51aUVDVlZNRUJJQkgtUW1B0gGcAUFVX3lxTE5RdTR2MjZkbkNMazh0UFRWQldnNGhzZm9LRi1sazE0UEFpRXNnaDdjSzE1X0xfbnlxYVFuZVBvZnFXVVB3VUo4RVZLM0c4Z29SNVBhcDhselJUVnZKblpqTlgweGQyWnhBX2JlWkt2dWZNMmVNUXR1bHdtbklzLVZPVXpiZHcwOTU2VnJYXzRKR044N0hOenpOdUlWOQ?oc=5,PIX11,2026-08-10,negative
MTA,MTA identifies top locations for improvements in NYC subway system - CBS News,https://news.google.com/rss/articles/CBMiqAFBVV95cUxPUUxvLTVzMGRTNFJKMWhRZGM4dDhXTzFsdkp6Q1o0Yjg2WFFmX0ZqUGhLdnVTVmc3QWJIWjlHZkt2TGNFRl9XaEZwa0IwMDlxVTZKTHprOXVhYU9MbW5CS0lqcnExVHVRU1U4YmptV0haY2JlOTZWaTI3aE9GNlVsaHBNRUQ1Z1g2U1NxOGVuN2pLeEhlaGo5VVFNM3pPVy1MeGRmWHpVdkQ?oc=5,CBS News,2026-08-10,positive
MTA,Westbury TOD Enters Review as MTA’s First on Long Island - Railway Supply,https://news.google.com/rss/articles/CBMiiwFBVV95cUxPUlVrT0lVbEs5YXVld1ZCQlhXM2tkZEoyLWlISnhGbDZQVTVNR3hhTW5EbU40M2ZqalprYXpXcXBUX1oxQm1JMkg3b3g1R0VCdXhsQ0lfOUN2amZRbkMyRXh4cTVqLWlKUE1zVGVjYUJUZ1lWc21STDFMMmh1R0hucDQ0ZzBXQ1lHUG5Z?oc=5,Railway Supply,2026-08-10,neutral
MTA,TWU accuses MTA of falsifying NYC bus maintenance records - ABC7 New York,https://news.google.com/rss/articles/CBMijwFBVV95cUxPZTZGeWU4YS1uczlDOW1OSWE5ekM0RWFVNWQyZG12dkExYWFhZ1drazV4akxLalRyWVg3cGNYTk5oVUlQM0RrSE9HblR1SGNLUmJpcG5lYTVIekxQNkZDUS10YnFFcDB4Y0IzVWpZcEJnN0hCX2thS3BpRDg0M2tzMjBHSUV6MGRoSEN0a3ZySdIBlAFBVV95cUxQWUVjZE9YWUg5NURJdWVHTUF1dHpyejA4UE1IUkFrbVotVEpYdlY0c3dRWWtoYTI1cTNLczRiVUJwckxETGkzcHJsWFpkeE5rNU9ScHI5MlJHa0RTNWJkX1JieHhzSk9Xc1JzVkJsb2F6X1VnYU94VDdWYm16aUV0emZkUUF2eEZGdnVvdWdTcEVhWXFF?oc=5,ABC7 New York,2026-08-10,negative
MTA,Police Identify Syosset Man Fatally Struck By LIRR Train: MTA - Patch,https://news.google.com/rss/articles/CBMitwFBVV95cUxPXzlxNWUtSjB2VVBvMWVVX2J6eHhiYU14dzlXZlZiVVc4b0x0a1BuWXZPUlVMQXdybVBQSF81S01zQllqVG0tTk5ybnpxc0trTXJXZ1VMOGU3ME42ZWw5ZTVKSlNlSzRiZDB5RFowbHJlYmFNeFRPYmg4bDQ2VGJ6NHdoYnlra1c0bkszX08zbmxwU3B6bWtFdW5pTkRGMHRtdVpVTm5vTXJsMXlaZ3U3VE1URmRxdk3SAawBQVVfeXFMUEpsWDE4a3BJRXlxZE1xamphY2NSZXJVejF0bk9jSUVzb1FKNDdTdVN6d2dKcWNqN2RFSTdWTTByaE1GNHd3cjRTZ3J6TVA4UTFvaE93bHJKdFVHYi1QQnVZcDN0M1RnTGpJdGREanN3U18tM0RZWXNLamVvX015bkZYTHZtTXRDUkN0U1FVSmg4TV80NmRrZDZod0N1ekw3THVFdWJMTzk3di1qdg?oc=5,Patch,2026-08-10,negative
MTA,Is the LIRR 'kinda chic'? Commuters weigh in. - Newsday,https://news.google.com/rss/articles/CBMihgFBVV95cUxQTzB4VVRjN08xUFhlT24zSGoxMWJ1Q2FXY2xXdWVqWl9IRWlQdjAyVlZqSlRlYUJ4Z3dmS1ZRbXN1NnlKWF85dDVCSmFYRld6dTVCc3BxazlEMnBYTjM5d3VDbmZGMWFiNVBFZTV6SWFsWHBYVFRNT0Z3RE1SYVZiVTFNd0VQdw?oc=5,Newsday,2026-08-10,neutral
Massachusetts Bay Transportation Authority,Massachusetts Bay Transportation Authority train collides with Bristol County delivery driver - Fall River Reporter,https://news.google.com/rss/articles/CBMiwgFBVV95cUxQSHdBbWhzeFBQaVloNjRBTTJzZHd6RUMyYlMwNk1fX2hLUV9WNU9pcm5wekFabE9QMjhvYmlibmRSQm1QTVN0QnFUMWZ4WklaSWpmbGIzSkJCN0hjdWVOSTE4TllqYTlDQmhqSjBZSnVURWc5dlFtTmotVWRMQ3RydEFpOFVBOUdKZ2xuUzJnVlV6d3J2blQ0YkR2QjNMUUx0R1ZVUmpXXzVPcjA1SnlfNWxsRjFzempkUXc5eENuVjJod9IBwgFBVV95cUxQSHdBbWhzeFBQaVloNjRBTTJzZHd6RUMyYlMwNk1fX2hLUV9WNU9pcm5wekFabE9QMjhvYmlibmRSQm1QTVN0QnFUMWZ4WklaSWpmbGIzSkJCN0hjdWVOSTE4TllqYTlDQmhqSjBZSnVURWc5dlFtTmotVWRMQ3RydEFpOFVBOUdKZ2xuUzJnVlV6d3J2blQ0YkR2QjNMUUx0R1ZVUmpXXzVPcjA1SnlfNWxsRjFzempkUXc5eENuVjJodw?oc=5,Fall River Reporter,2026-08-10,negative
Massachusetts Bay Transportation Authority,$530M from state millionaire tax will go to Boston-area transit agency - Smart Cities Dive,https://news.google.com/rss/articles/CBMijwFBVV95cUxPLVU5TmpsY0RxRTRSNXJkQjN3eU9BelRlVlVsdk56cjdVMFdkYjlGNy01MGdfUmcwd0NaQXZhNDRDaC11N2lWWFduWVJMVkpqcUpCTUloN1RFMGYxekpnbVFMVmVIQ3BCbzRHYzV6b2J5bVZHZGtrNlM5bnNaQkFWeUhkMkV4Qkp4Mm5RMXFYcw?oc=5,Smart Cities Dive,2026-08-10,positive
Massachusetts Bay Transportation Authority,MBTA expands Transit Screens @ Libraries initiative - Mass Transit,https://news.google.com/rss/articles/CBMi6AFBVV95cUxNd2EwQ0R5MGpLNE1zRjROSm5PLUpoSEVVcUpZalVKbE54WnFhR05WbkNEQndTMFJWb2Zmbk5Db1VVQ3VPbHFfWkRUOUl1a1ZOUEU0b0cyaU9ZbWF1MGJBV3ZSc3VVZDFFT0xyRVYxRURWckhGLWlhWnppQzBXWHVTMUtYOEZDeksyUUtCaTBtSlFTVGE4aGZUMy1PZmxCTUVreVgtUWJReWJJZENrMjhibUVINFppMGFpQTFUM1lna0dlVEIwdVdXMDgtc19XX1NtdGtEUGZvbi04VzBRYlhWLUd5ajY3LXRP?oc=5,Mass Transit,2026-08-10,neutral
Massachusetts Bay Transportation Authority,Massachusetts transit authority to sell bonds backed by sales tax - Bond Buyer,https://news.google.com/rss/articles/CBMinAFBVV95cUxNT2JhZ3A1ejl3dHFQTm1uLTJaNk0tR3RxU25Ic3lydnNjd1ZRM1lEejB5Q0hsSmo5b2ZUVVlUWWVHaHNJMElMT0o1WWxKVXBlTXpqRl9LOFM3eHV5M21jcmFKREd4dXp0endfMGtGQlVhblA5VldWeEZCLU1BbUVyeU5wR2ZoLWkyQnhsQWFrZW9QeUhmYWNpM3dMQ00?oc=5,Bond Buyer,2026-08-10,neutral
Massachusetts Bay Transportation Authority,MBTA announces service changes during World Cup - trains.com,https://news.google.com/rss/articles/CBMigAFBVV95cUxQejFUREdxUEFCWF9PMmhlUEhqeE5KTHBSSElDNzFJcjdfLThUMXNmd1pEd1QzRlRyc01fUnplREs1RlpPVmE0ODJOTTNQQjUyMW1GQTZxQ0NoUXlmWlE2cklwa21lYngyVWhHbVpWUmZBektCT2xkR29HNWFoSW51Zw?oc=5,trains.com,2026-08-10,neutral
Massachusetts Bay Transportation Authority,Full steam ahead for CRRC making T cars at sprawling Springfield plant - MassLive.com,https://news.google.com/rss/articles/CBMivAFBVV95cUxOeG8wcU82ZEQyTGpTaHRuWWh3MWMzdmJ4ZnpNM2RjVkQ2a1VqU2VRVHRZTkpxV1dCUzd0eE96Z3oyeDF1QVBkSmZYLWdUR3RQQnZLUXMyWVNoM19nR3RSRGFJRi11SnBiSWJIWHRHaW9NSHhSSTlNYTdFZTg2YWtSRGtXeFhNNEpkamZISjdfS1EwQ2w4VjhqdjlHdnI4UndqZkpDSVVfWGx5SVBYeU94ZkxMdlVEaFdtaWZLTg?oc=5,MassLive.com,2026-08-10,neutral
Massachusetts Bay Transportation Authority,Three shortlisted for Boston commuter train operating contact - Railway Gazette International,https://news.google.com/rss/articles/CBMirwFBVV95cUxNNXVOcHpxY2ZaZURVSGF3dGc2NW1qbXBKOFM2M19CUWNYLVB4cGNsUnNxMWJKNUpqVjJhcU9vT3pnaHFtaWVRd1JMcHI3WEI0UGpWenhKcGRxbGtuWG9TdDRKMmlfSWZXa1E1bTdlNXRYaXp1dFM2SUlhRm9Sa0pRRmFGaE04eFJxMm5VQmpZcDROd05PbG9DaTlMcDBYSlp2aHlVZE5rOGRpbUd3cWRJ?oc=5,Railway Gazette International,2026-08-10,neutral
Massachusetts Bay Transportation Authority,MBTA Board Approves $10.3 Billion Capital Plan Through 2031 - Metro Magazine,https://news.google.com/rss/articles/CBMimAFBVV95cUxQa3duWTMxN2NYOG5FRmxObDBxVTVoTjRIR2xVUFpzNDEzS0pEOHI1QWU2WGwtaTBwV2dHSVBTVEt6aHhxdThWVm83SnlQM2ppUG50dTZVYmg4WnpWWmtDT1MtX0hmVWFvQXNKY3ljUlRQVnhVLU5yZk82ZFJManZKTWVxdS04UHBUMkppODNuZ1NwNVpSR0xEYw?oc=5,Metro Magazine,2026-08-10,positive
Massachusetts Bay Transportation Authority,MBTA threatens to use eminent domain to pedestrianize Boston streets during World Cup - Planetizen,https://news.google.com/rss/articles/CBMixAFBVV95cUxPRk1oWEQyWkgwOHJIVWc3YmxkbzN6bG4teEx2aHllQkNjbkQtRTA5LWphekRTRDlhUmtLS0Z1ZXI5dnJzejVCc3FUYTBLNTlfc1g1VFRXajZDODJmYnZSd281U0NkT1hJNERZcXYwMFVoYVZjN2Jhc1pCNnRVWkpfVmMzLVpXbU9VYzNMNnp6WHNQWjFFX0xaWUduQkJ4alRCelNBanFkTE5XX3Y0Vm9yRnhLTm9vV3ZXNVJFXzBxckV1TUFv?oc=5,Planetizen,2026-08-10,negative
Massachusetts Bay Transportation Authority,MBTA to close Symphony Station for nearly three years - The Huntington News,https://news.google.com/rss/articles/CBMimgFBVV95cUxOc0ZzaGdUTm5pMUxjZncwejVPRkNJSkFCNHZZYUdja0YzY3U1YmpaUko4cV9jX05LUV9XS1BKTjJmTWFTNzlLUGNZbXdYemxTdl9iZjNqaTVSMHZiZF9hNXZ4eHZSc1pWNFQ2Ymo5c21fOFRiVF9FMzBNSVZ4cWZZWmgyVG9JUFd6dEFFNjJqVFh1eGxpLVU1U0dR?oc=5,The Huntington News,2026-08-10,neutral
Massachusetts Bay Transportation Authority,AG Campbell files suit against 9 communities for noncompliance with MBTA law - WHDH,https://news.google.com/rss/articles/CBMioAFBVV95cUxOTUNhQmE1NDFDU2JCRTFpUk1YWWZKS0lxT3VWcHRKb1NQcjI1dU5Zdy1HcHctRzkwa3FuT1JkbVNxWFRGTE9hUXpIbEJBREhmYkNfUDVKcXN4ZE5XbDJsak55SEVXSHIxMm9RSjZyWmJnTjJYRUVhQTRENFY0TkFjTEd4Uy1yY2hPLWFnd1FPampKYVVNeFFBZXdpcVFkYy1I?oc=5,WHDH,2026-08-10,neutral
Massachusetts Bay Transportation Authority,MBTA selling $80 World Cup train tickets from Boston - WPRI.com,https://news.google.com/rss/articles/CBMilAFBVV95cUxOM3hmREpJTzNBZ19hQVlQZ2QyUnB5N1o1SFhrdlVFNHh5TlNYV2J5NDJOZ2c1ZFAydHF4bWZDV3c3bU84UUxLamc0eldMSWpIRmVhYWxKbG0tSy1XQV9CeE9aZlp5NTg3WnBpR2p3cEhwbllxcFIyTEpOVUpqRmt6VTk5RmVkYmNLQllZQVptWDE3UG5D0gGaAUFVX3lxTE5uWkpHeXhkTE5JLVR6NHgwUmw1cnB6SkNINkd1U1ZDRVJnbkh1ZktTY0J4cW1mSk9tRzVhUk1CSHNzb0pqUERQV2c4N2hsSlY0YnVHS2FmR3VhbVVjZ2tGQ3RFWkJCeXREdkJndFNqZ01ubzA0LUFpRXZuTWs4aWVTSTNsMWNJdmVDLVlBWmFRUEtvZzVRcmpySXc?oc=5,WPRI.com,2026-08-10,neutral
Massachusetts Bay Transportation Authority,MBTA sets price for special World Cup trains at $80 - trains.com,https://news.google.com/rss/articles/CBMiqgFBVV95cUxNNGpJczdrMkIyZW9ZNVFlcFgzanB6aXZGVDg3RHJRZ3NDYnNBRDJxb0VQa3JYODZ2bU9MdFBzZi0zenRXdFdpS1NVNjAxaVBzUmxrdzgtUVhSWGZnUEdfOUZkYlJrSU5keGVpVXhnVVJUV1A1OGhnVGRkUGkzd1ItXzMxaXB2U3dPWDNFdVowazF1U1FIOFBCZl81NU9RTno0UWh4SXI0VWREUQ?oc=5,trains.com,2026-08-10,positive
Massachusetts Bay Transportation Authority,MBTA’s proposed FY 27-31 Capital Investment Plan to fund remaining cost for redesigned Arborway Bus Maintenance Facility - Mass Transit,https://news.google.com/rss/articles/CBMi1AJBVV95cUxQd2diQ2xjbS10NHQyTTF0d3RRS0dkaWNoYjlHR1ViWFg2dXhFaWxmRml2NzM4VktpYmFLQzhYR3UtdTdmUkxubGg3aGxqX0hDX3FFUHQ1QWFrLVJJTmVpUXlUTi01ZGRkc2ZOaDhXNGM0RG5wYjc2YnkwTTI2c05jMjZuX2JFOVd1NE5Bdk13aHZOUXF3X0M2aWNEb3U2Vzh0UTRtRkxOa2J2aXFQZnoybjBPOTFvWFRReWYwc0tuSTd2Q2J6ZVJhMlRFLWp3RXozQTZkdDRPTkxFS2dLUzdzN0tMcm02d0l4MHB4N3UyNkU2aVhzRlNkc3dUVUJORHhreTBsSnA0QXpzM0VBaVRYZy1aYXVFcG9GS2JIaERsTHJmdjVHb1RnZFpUQWFlemh5eW52YURKYlBmWEc2TW1ET29BTWJVMURZMkxVLTRjcmlmTERp?oc=5,Mass Transit,2026-08-10,neutral
Massachusetts Bay Transportation Authority,MBTA Updates Rail Modernization Plan to Expand Reliability and Accessibility - Metro Magazine,https://news.google.com/rss/articles/CBMisgFBVV95cUxPaWZNaVI5OXFHZXo2X01uSWdhVFB4YV84TVhGcEZFVTN0Vm1sa1c5UWhOZkl4Z3dUSk9zd0k0LXhJSHZBcElWTnd2ajd0WTdPMFhNN2JSa3liT3pwX0NkUkhtMHVKdmF6ZWxSMHp1T3NkNF9DcV9oOVA1Uk9ybzJqLXUtcFNqU1RfQW1feGo0aGhwengzUjN0eVA2SlhNY2V5dm1aU0ZOMU43OWNIU0I5cUR3?oc=5,Metro Magazine,2026-08-10,positive
Massachusetts Bay Transportation Authority,Authorities investigating after pedestrian killed by Massachusetts Bay Transportation Authority train - Fall River Reporter,https://news.google.com/rss/articles/CBMizAFBVV95cUxNNTlKTTY5T0xocWRrYURtMXA5QkhTMmVUa3IwbVZwRTdpNF8wQVBoejdQaHlRNDBpS2MtaFprYkdyeFdCd1ZTbExKTFF5YXJEUUpTMWdRQWhVakRuLWtJLVZ0VWVQcl85NS1XeXVadnlhRGlaY0JVQUd4QlA1c0dQU1I1NzZZZUZWbTc3RERmYlRDVF84SWh0cG80dG5kU1FYVWRMTW5BaG9saGhWVUczWGNaSWVyUUhvWHdZaTZ3LWtac3VGZzJmUzBnRnrSAcwBQVVfeXFMTTU5Sk02OU9MaHFka2FEbTFwOUJIUzJlVGtyMG1WcEU3aTRfMEFQaHo3UGh5UTQwaUtjLWhaa2JHcnhXQndWU2xMSkxReWFyRFFKUzFnUUFoVWpEbi1rSS1WdFVlUHJfOTUtV3l1WnZ5YURpWmNCVUFHeEJQNXNHUFNSNTc2WWVGVm03N0REZmJUQ1RfOElodHBvNHRuZFNRWFVkTE1uQWhvbGhoVlVHM1hjWkllclFIb1h3WWk2dy1rWnN1RmcyZlMwZ0Z6?oc=5,Fall River Reporter,2026-08-10,negative
Massachusetts Bay Transportation Authority,News photo: MBTA’s America 250 unit in operation - trains.com,https://news.google.com/rss/articles/CBMipAFBVV95cUxNMUxKQTBfUTAtVTcxaWxzMnNvcVNlNlBqME9KTzJfZXNqZkItRHZ6WDFJVGhDb1dZQ01DdjUwdVBqa1YxNHJkWnc0bThYSUQtZ1h3Y0JLZUJuQ3FKRkJIazhQTlFtNnNnQ1hQUDdHVkMxNkJzYkVVUWUxOC1DMzV3TDdXcjNvZmFtZlZnekMzYnFJZWVwMEZmMk5OenVGQlNIcGVXYw?oc=5,trains.com,2026-08-10,neutral
Massachusetts Bay Transportation Authority,MBTA Wraps Up 2025 with Strong Improvements Across the System - Metro Magazine,https://news.google.com/rss/articles/CBMingFBVV95cUxPNWM4Z282YzZSWFE4SzcyNUJFcDU2S0JPdVdkMm1CbWp4WGlRMlNkOFV5bjl2SU9tbDdMLXljR19nLUxZV1hlWUhJWE9GQ29QSlJoRndtYWZVWndKUXVvQzU5cWVqYlZrdGkzcHRacHdUTUtySHY4M3lQbXI2X3Q0QWUxVmJENEhIX21nMXpkNDRVaGplS0ZHT2plQzRKQQ?oc=5,Metro Magazine,2026-08-10,positive
Massachusetts Bay Transportation Authority,MBTA announces summer fare savings programs for commuter rail riders - trains.com,https://news.google.com/rss/articles/CBMiwgFBVV95cUxORkd2R0tnb19MWlkzcFFGZmtROW83SUV3T3Z4UjhwSXI2dmREVXQwU2NXeU5EM2NNNFBqYW9GSmFrM2Y1TkhxcDN0R00yMFF6SWVycy1iSXM5Yk9wWDREWUM1WlBuSGJmX1JnWkxLZlJVX1ZVWlFNamhpWm9CdmpFbUNoRG9LWXJfQlpkd2h0ejkxTGRRYWZUV2w0ZlRGU0tZU0ZXWnI3R0JSMl9Zdy15MWdoT1NnaEk0ZzVrNGdfMXVydw?oc=5,trains.com,2026-08-10,neutral
Massachusetts Bay Transportation Authority,"MBTA seeks new battery-electric, diesel locomotives for commuter service - trains.com",https://news.google.com/rss/articles/CBMivwFBVV95cUxQa0k2Z0VOc1FyNlQ5YjhGbEM1Ylp0aS0tbHUzRWNaOGlXcXJyT3FWRFlXRFNKa1pIckY3TDc2QjVnUFRoYXQxTE15VUtFZmpSazFrWDdncExrZUJRVXZ3anVHWjhQY25iV0kzMm5VQ0ZJaVdlLWR4aTRWY2czdXU3Sl8taWEzS3hwYUV5QWF6OUhUU1lIbW5pZzU3dEhHbWxCeGo5cGpjN25GdEhSTEc2MTd3VVl1N3IzV1YtZll3QQ?oc=5,trains.com,2026-08-10,neutral
Massachusetts Bay Transportation Authority,"Transit Briefs: MBTA, Brightline - Railway Age",https://news.google.com/rss/articles/CBMid0FVX3lxTE8xa1JGU0tVeFRlT21DTS10WHZhOVlSd2IwQ2ZHdnM3ZVhNMk1mLXMzV2tFZ3U3UTdtN0xJQzZkNjI1bjJrYVhqY1JGMmpudlE1VnhLM2FGTWo5X2lJSjRiMUVjRXVmbHZZclJBcWFXdWplTjBYRzRR?oc=5,Railway Age,2026-08-10,neutral
Massachusetts Bay Transportation Authority,How Boston transit leaders fixed a failing transit system - Smart Cities Dive,https://news.google.com/rss/articles/CBMiigFBVV95cUxQWkNTNkd1NGE3NjZFOUE1MW12MzRXMnV5SUg1QWhjVUVLdk05amJuQjhSSTZXSER1T0szVEo1d2IyVFZSdGo3QWtnN09pQjdTdVlBUWo4VWxXb0NST29VN290dHp0TWF1S1NwNDI0VW4wQmNxcDdqLVhtcmRzYmFIY2VMdTZCM2k3c0E?oc=5,Smart Cities Dive,2026-08-10,negative
Massachusetts Bay Transportation Authority,MBTA train tickets for World Cup 2026 matches to go on sale - WJAR,https://news.google.com/rss/articles/CBMikAJBVV95cUxOWXNZMTJHcmJ1eWtkbC1MZUh0QWpjMWZlejc4ZElXa1d6THgzaTVoeFVLUDBNNHNWUVZHaHNEVXE4Z0tpaG9mdUc1ZV9fdHZvM2hiTmJnd01HZzV4Y09hOGRLbkxrbVJKMHNlM09MSWg3LU9YbkJqbUdYcTk3bExreDNyanRPYlJJbnpKWVhvcmZGM3dlZ05vbmxZRHViV01ObEpsV0lvVWkzUk9jUXBENC0tWnA1OWkyVWVtbWNLY3hWLWJmeDZFSllKQ2ZuQ1RONVdqcjkxLTFEQW5IQ2FqeV9GeTc0VVJ6MjZYOE1vME9FSU92NGJlaldYMXpaUEhxbGJVdm9leXdTSWswRXpDTw?oc=5,WJAR,2026-08-10,neutral
Massachusetts Bay Transportation Authority,Boston Charging $80 for World Cup Train As Free Fan Fest May Shrink - Front Office Sports,https://news.google.com/rss/articles/CBMickFVX3lxTFBZbWFZYzNsMVkzM1hCZkpXZTliclE3cFNFYmloVmFBTTVBQzBCNVdZVHJueXljUGZMRjU4MWdFd2Uyam11V0U0NTZBeGNNVHk3YUVBLWR4bnZ1UmVJT1hTS1NJNjBqYmNCUHhFQjBBUFVFUQ?oc=5,Front Office Sports,2026-08-10,positive
Massachusetts Bay Transportation Authority,Massachusetts Gov. Proposes $8B Transportation Investment - Engineering News-Record,https://news.google.com/rss/articles/CBMilAFBVV95cUxNMUVKYzYzLVNjcWFSNGNJUkQwSmJLMER3M0s1aXNZX2h6cjdCVUhzVUltZm5JekgzQmhNWUJWLXVabDRRNDJfYVJUN3pqd2JFTUcxUDNyVWFHdWlfeFBUcDJSSUJKRmVmeTZTOFBHbDkza2pZVzh0WUVOQXNqckF1Q0xpZUFEeGpYS21MSDJPSHNhYzZY?oc=5,Engineering News-Record,2026-08-10,neutral
Massachusetts Bay Transportation Authority,The MBTA must crack down on fare evasion - The Tufts Daily,https://news.google.com/rss/articles/CBMiiwFBVV95cUxNSlVDXzdweEtWUTBmOHZCY0tCMi0wWHBpZjUzYzNsQ08tLURkZ3FmbWp5U1FSMzRFWU1MaWtIYTV4TU52QVpKZVg5NTM2c0lBZ253Q1NSWVJiaDB1YkcydzJ6X2wzN1U2cGQtUHpGTUY4MmIyQjFtbDZxaXVpWXQ2U1ViQkJWMjlaY2xj?oc=5,The Tufts Daily,2026-08-10,neutral
Massachusetts Bay Transportation Authority,"Award of Merit, Airport/Transit: South Coast Rail - Engineering News-Record",https://news.google.com/rss/articles/CBMiigFBVV95cUxPOVh5ZDZabGpJVmU1VDN4V2NySFRzRmx4MU9FNzNlTzZ2SnBfU3FvN2hzd0lhOFBOWGppcjlDMmZZSERiZmNLSzY5aGpGX05hM1FnY1lNY09hZWw0MzdqQ1BxYlVYWXBvRW5WV0Y3VlhnSFJUcERsbmVtVEhFMFVyaWtNV3Fpc3dXVUE?oc=5,Engineering News-Record,2026-08-10,positive
Massachusetts Bay Transportation Authority,Boston's MBTA Orders 80 New Flyer Electric Buses - Metro Magazine,https://news.google.com/rss/articles/CBMiiwFBVV95cUxPZXI1Z01pTmVzTlRBQ2g3SmhJcUN0bWpkVmZ2ZWFEZ0FZN0hVdlFzVTNtVnIyOFZlUU9md1JwaHZ0MEdCOXBkUVlqYXl4YUF0WEJaWWFjTktZLUc3MFozZUNTSFJkaFYxeWRPNm1Za2pJX1pDaWQ3Zk81MHRPQ0pBWGF5NktyaWkwVlZR?oc=5,Metro Magazine,2026-08-10,neutral
Massachusetts Bay Transportation Authority,Supporters outraged as Boston hikes rail prices from $8.75 to $80 for World Cup games - The Independent,https://news.google.com/rss/articles/CBMirAFBVV95cUxQdTNYcUJfeHJyR3hSbFJnR0RoZDhHdE5SQUkxakhDZXNMeVhUMlFod0xqVl92UThSa2hWTU16a1JCWXU5OVhrVGxlU1FuS2dwN1Y4VW4tSGE0M0dPVXBGMmEzRkJTQXJzcjd1Mm1TeWRGeDUwQVdDejYxV2NPVFRxSk1ocnVmVDl3WGktZWVzY2l2Q3AwRGZLUWEycmtTbzZTNlRZN2hxNnowMmEz?oc=5,The Independent,2026-08-10,negative
Massachusetts Bay Transportation Authority,MBTA backs away from major Alewife T development - Cambridge Day,https://news.google.com/rss/articles/CBMigAFBVV95cUxQU0pBbHc5cnNCbFdTOGYxdzMtdkpSaU91UmZiRWt2Y0ZYZHRyNlp6OC1ybGhBbVJONlVFQzJXUV9KLXkwWVc4OXVZUE9ETWFkXzA2QTFhdG5SOGNuaUJxYUphQWlRdG44ZUNydk5CQl9kQWZSLTV1VGhsZFZRTkRMYw?oc=5,Cambridge Day,2026-08-10,negative
Massachusetts Bay Transportation Authority,Rail News - MBTA enters New Haven heritage locomotive into passenger service. For Railroad Career Professionals - Progressive Railroading,https://news.google.com/rss/articles/CBMiygFBVV95cUxPcHpyUWhNb2dOM1pvTmFacFFaOENwQmMxWnRUSjcyX3JTcjV1Zk1YTm42VUVqeDIwSXBIMGVfMW90Z2RQdDB3TGlPUWxXclNCLTMwRzZHbzc5eE5yTFE0X1ZhbUh6eXZEd3FYV0JTT2t1MjRiZWZUYUR4ODdYX1VJY1dIOUpJSnJiTGhMeC1LUjhXa1lqNGZOdEIyREtpanRMSV90YWpJd3VjZVNDQTF0eUljREJXTUNUMVQ1M1prd0hmQ0NNSGFsM1hR?oc=5,Progressive Railroading,2026-08-10,neutral
Massachusetts Bay Transportation Authority,Turns out that World Cup MBTA tickets are not $75. They're $80. - The Patriot Ledger,https://news.google.com/rss/articles/CBMiigJBVV95cUxQWWpodV9yS3RWTTMwNVJPSjFqR2NyYmtPQ1ZtUk5RaVdLYktpdHdFMjdFUkhVaEg4THB3RG1hVnRabTNTRmxWSmJDNzRVQ2h3R0d4X1laOW4zNndSdnh1SFRJR0NEb3R5TkNtN01TYUJRWVkzdHNHQkJJMWtQRFNxa2xNd0J6bzRPQkRzT05kYnBTSWRsX19VdVllZlk1Y0ZhQ2hlTElid2lJZEUxdGg3LWM2cldrd0V5RTZlQ1pFMDhraVA2aU12eTdzRWYtQ1NlUkstV1VSMkk0RVdFckNSTEx5anVpWThoUjBOMlRuSmczSzFTemF6Sm1QYTJqbllSVklVSlgzYm81QQ?oc=5,The Patriot Ledger,2026-08-10,neutral
Massachusetts Bay Transportation Authority,Ferry catches fire while underway off Boston; all on board rescued - Baird Maritime,https://news.google.com/rss/articles/CBMitAFBVV95cUxPblhzOG55eGV1WWVRQUdzR3MwTlVMN0M2d0Nqd0twRGZ5MFhqYWIwWXRhY3BfTFVOcGFPVVdtLXd6aEJjRFE4Z01uSkRnWVg1OFc5N2M3eXQwclRFcWFENnN0QU5keUZYeHdNY3RPMnB0bkQzaGhWSE53Um91cE5YTW1tQm0xUlEyVFdjeV9CaHBrTWVqdVQtTWdrS0lreFB2aTNHTm9FZC1BQXBzYUpMQlRZcU_SAcIBQVVfeXFMTWk2TnZJLTc2WV94N1NlVTlVWGN4ZzRvSFJPLXhzbTZmMXVYT3VlM2owLUJvcENvUWJURVJxZmtkNVFLa2xJZEFSeDlXZHRRWFhMOTJHNC1aVjAzX09qa1Q3ejBBVXU4bFBudUNobzg5OFQ0ZjFBbmlaQUloNnVvaHNqdWR4M0dmdkFDTjlVajhRZjFkODh3eF9rc2d0V18wOGZ0V2VYQjV6aXdxUWhhbldhZTZ5eHl2NTk1akw4LVViYUE?oc=5,Baird Maritime,2026-08-10,neutral
Massachusetts Bay Transportation Authority,Skanska lands $1B Massachusetts rail bridge project - Construction Dive,https://news.google.com/rss/articles/CBMikAFBVV95cUxOS3NaWVNlcl9nMndDOUlkdGdMV3lXaTFta1dVeUtVdFViYmphcmc5bi1aX1p5QjFwNkkwM2RkOC1TMk83LTRMbTkwM0RESUxHUkdQRmhvVnhtSG5LX29qMnlCN3RpNlZob05uUlZkTDlYT05BXzhQclBCU19nLTJXaG5qemE0YlpxS1dDaHhabHg?oc=5,Construction Dive,2026-08-10,neutral
Massachusetts Bay Transportation Authority,MBTA narrows field of potential commuter rail operators to three - trains.com,https://news.google.com/rss/articles/CBMivAFBVV95cUxPSFFHOUhLOXFtbGpodG8wd1lHSm93QnB0aWdPX0kyZC1SVlFEUFYySXZ1bzFVWkgtdGVQRGR3YmJrQk1UQlhLTjRIQVhrdlMwa3lxejZWOWtxZXp2NEswUHFtdTlGXzEzSEJHaWJydEI4NlNNY0hnd3loOWRTV1l1ZUpaajBLc1gtV1N1NlM2V1VHVUIwREFQaUtWbUd3TFRlTTBnRGlvekNkZWc3SURrV0FSSlJWb1I0TFBicw?oc=5,trains.com,2026-08-10,neutral
Massachusetts Bay Transportation Authority,MBTA Secures Funding to Procure New Commuter Rail Locomotives - Railway-News,https://news.google.com/rss/articles/CBMikAFBVV95cUxPSHZoYmpZbEJpMUI0aEFkZVE4ZFBURDlKa0loeTNlTml2TW9MQ2NwU2FMSDYxNW9WZHRNMDh4X3oxallIOTM5d0hjUEdBX0VGTWVRTW1ESkR0RDVFZnYzd1dSRmIwb3lsSktTVXNuWUswLVJlaEpSLVkzb1JybXpfdHpOaHJOQ2N3SkhjMGItZlU?oc=5,Railway-News,2026-08-10,positive
Massachusetts Bay Transportation Authority,New commuter rail fare gates at Boston’s South Station are out of service - Boston 25 News,https://news.google.com/rss/articles/CBMizwFBVV95cUxNVFVpQ3VqU1pJWlliQU1ydUZ4c3Q2b25kN015WmVJWmF1MDZIMnNMX09ya2w1d3M5NVRMeEhUMm4zT0F1Z1ppNjBIblpGWkdLRDZkempzYXRpYW9ZelNIQkRrd1hSYkRRQU9CWFJmVGpDelRxVEYtTXppTnMzY3R0RC0zbzZFVmdKc1czMlFpdmN6MUFNdVBuWUprY1VuVW4wMnU1dGRsbTNKUXVubjAtLXlPeW9uS2hXTG5pcVF6eEdjVHRrNlRPSkdRdWRhZkHSAeMBQVVfeXFMTW5sTXhRM0RCVHZ4T3R1WlJ5NkVRTUtpR0tBOElpeXVjeTFRWnprejRZRHlPdW12eHEwdlhJQ2tuaGU4WWptYzVlbnZqRHhCd1czYmlfVk5YNW01Ry1VYXI3TWhCNHJob1dRMnpkQXJZUzlyaVBwTlRoVmpzb2h2SDZnV2JxVlVhamFtOUhmMzVmMnN0cWN0TFBGNnNaU2xRd1l2S3ViT1gybTl1UkF2SU5hMHd0Qnh2c1NTMDI2WGVrTk8xdUdXaWh1OUhNVmhIcWdKWkM1SW91S2EwX1F6RzdTQ2c?oc=5,Boston 25 News,2026-08-10,neutral
Massachusetts Bay Transportation Authority,Train Service Halted After Man Parks a Corvette on the Tracks - Road & Track,https://news.google.com/rss/articles/CBMiqgFBVV95cUxQWFBwVDdLbDBhOVdjZGxLd0IxS0hiTkpHdWc0aGRHZkhiSy1YdERVMU5NV1R1X1JlOWNqN09VZEpxeWRpbnFsaGtXY19VM2ZrMXI3X1dQZ3B6eUhHbk5nYkEwcEdzbVhtWkdwdmNxTHI3TzRnM1dhUGtaTVFVUWlqcU50cE4ya05LUG5FSFB1aW90VXBpdW5KVGJhTDd1V0cxQzVKMXZyT0V6QQ?oc=5,Road & Track,2026-08-10,neutral
Massachusetts Bay Transportation Authority,European companies compete for Boston commuter rail network - Railway PRO,https://news.google.com/rss/articles/CBMilAFBVV95cUxQU3Z5VkZVa2F4bjh6dVhyUE5CWGhIcHFDR1htSWxyUXNQUDBDRmNxTE5iMWxrU0dIbWctVUx5NUhLZHNsZHVYLVVWQW42cEJwUVRFbVdncEFST21tTFZhUnJWWmJORExVbkhIVWwza3ZXRXMtdmpnU3BLT3ZITkZadXg0ZTRIUVZUa01WX0xDSllnTUVl?oc=5,Railway PRO,2026-08-10,neutral
Massachusetts Bay Transportation Authority,"Citing improvements, judge ends oversight of MBTA accessibility - WBUR",https://news.google.com/rss/articles/CBMioAFBVV95cUxQU1M4MWkyNkxMOUM4WkhHR1VrSWxtWEtSVVc1bVZDcUF4MElyRkZ4dGtTXzNUTGV3TWtsQVRyTk96dzBwN2FyUHM3VzMtQzdSbG54b0ZyY2FpYkNGMFM3UnhSQTJ1SUNnTTFPLW10Y29KendMWC1lTS15RFFsbTdmajRGT2Y0VnlSRHZDeERlMEZQRVhUeUVmajlodlFfV0Zf?oc=5,WBUR,2026-08-10,positive
Massachusetts Bay Transportation Authority,US commuter operators launch battery-electric locomotive tender - International Railway Journal,https://news.google.com/rss/articles/CBMinwFBVV95cUxPb1NkbmpXYVhjWnJnVnd5bUJoMHdLX2VVQlFxYlVUMnJocHVteTQtU3RCT1BTdm12RE9SdW8weEx3dXBkVmFkV2RjV3FFa2Q2UE1waVlwYnQ0SkdKajk5dVJkbGg4YThPUjNQTWVpY29LZVhwS3NlS3lWUzM2VGtzTXhwV0d3T0ZYQjBSVG5YU3d0Q3NlYXl1NWxTYnNYa1U?oc=5,International Railway Journal,2026-08-10,neutral
Massachusetts Bay Transportation Authority,New F40 Lease Fleet Enters Service on MBTA - Railfan & Railroad Magazine,https://news.google.com/rss/articles/CBMicEFVX3lxTFBiTXhsQ2RocVpZYkFTdmhrMnR0Ui1GVHZpRWs0Z0FLbWNyNlZUdlJ2YXRybkpreGNHQVRCWjEwVWpwX0NmenRIOFZURnliNzlEdlhqT3plSFpmOWtqZXY5TFZOUmpjajBrVzZzZ3FhTWc?oc=5,Railfan & Railroad Magazine,2026-08-10,neutral
Massachusetts Bay Transportation Authority,42-year-old man dies from injuries sustained after being struck by Massachusetts Bay Transportation Authority train - Fall River Reporter,https://news.google.com/rss/articles/CBMi3wFBVV95cUxNb3dOOXRJR3F6TExPdlJGNlg5XzVJeTlmOER3VW9fUVM0Y1p3M3BHVGdhQjBjZUVPYUstT1NfTEFCRDNkRklLcjBLS0FZTUJTOEJkOGRfcGQwbEZ4VkZJNWphYm5UTjkxVHJzRnQtSnpjV0d3TjEya2sxMnkxY1pZVVBFTWdJTFJFeXFzYWFWTEhScVhPcTdLeV9NX2hGSXZoQUg5SWtNdkMzVWNXSkR0Wmk3V1l5ZjFaUFh0V1Nta3VmMUc3MEpNcnhlYnZUR0QtUXVyakotOHVwRF8tSHZZ0gHfAUFVX3lxTE1vd045dElHcXpMTE92UkY2WDlfNUl5OWY4RHdVb19RUzRjWnczcEdUZ2FCMGNlRU9hSy1PU19MQUJEM2RGSUtyMEtLQVlNQlM4QmQ4ZF9wZDBsRnhWRkk1amFiblROOTFUcnNGdC1KemNXR3dOMTJrazEyeTFjWllVUEVNZ0lMUkV5cXNhYVZMSFJxWE9xN0t5X01faEZJdmhBSDlJa012QzNVY1dKRHRaaTdXWXlmMVpQWHRXU21rdWYxRzcwSk1yeGVidlRHRC1RdXJqSi04dXBEXy1Idlk?oc=5,Fall River Reporter,2026-08-10,negative
Massachusetts Bay Transportation Authority,These 8 Mass. cities and towns just received a share of $13.5M in grants - MassLive.com,https://news.google.com/rss/articles/CBMisgFBVV95cUxNNXhrTUtYS0ZyLUo0TTNGd3huT0RfWUhLbVFKbm1JcDhyRDM4WjhnaFNMQUM1Q3NWMEx6NlRLb0NkbnN3U1VxUmZZVHVGSGI1dV8zYUN4cXRZemVjOXk4d0hhUkZCdWxodXlteW9oNGtPMVNOZGRaSnh0RXBFRHkzZUo1MWczUUVHNnZLZVBiTFFZYWNtSHV3Qy1FbVIzeWNGMlAzRzZ3ZTUtREdxM3c3cER30gHGAUFVX3lxTE5hQ3RIaE15ZmY5NHh6QUNTT09ZRkZrWjJoMDVRV045NGo4c1dVTGJXczBzZ3RfcC1FOFNWbUhweFFQMkZEYWlDaTRaVy15VG9wNThPYjZtMmZTS2ZtYUh1N3JnQUc5TnBjVzFfYW9saTBvZUFOeXoxZTZxNEoxQnZIcFhHWTVLTnBkanZZUTRMOV9mWi1lellBNURXbmJ0aGFrb1Q4ZDQ0a1UxdU5MRVJzVEVIZHdVZWFrOXh4M3otMG1qcG1ndw?oc=5,MassLive.com,2026-08-10,positive
Massachusetts Bay Transportation Authority,"With double duty at MassDOT and the T, Phil Eng is living out a leadership experiment - MassLive.com",https://news.google.com/rss/articles/CBMiywFBVV95cUxOeWpnWHhJNUh0WVBCUFJRM2N1ZjVLRTNBRUJiWW5LOEt6MEpueGhHLWliQ3M2cDhsTTF5bXo1a3V1M2JUemo4dzl2Y1pwb3ZCRmVTOHgwckZDM0JhdWRNeWNzRGpsUGtVb1JBRFliVmtRcVFTS2dYcW4wMFdvT2JYSDRxVWZHNnUyZG14UEVJMWxBZ0lxYjhWWVFQdmFjbkY4aXJDSGo3SXplNjZyeW4ySmJZWlBJbi1sTkFJbW1CTUd4RVY2U2pIMzE4QQ?oc=5,MassLive.com,2026-08-10,neutral
Massachusetts Bay Transportation Authority,MBTA Orange Line to Shut Down Between Back Bay and Forest Hills on December 5 and 6 - Boston's ROCK 92.9,https://news.google.com/rss/articles/CBMivAFBVV95cUxQZXYyUWxjREZfeEJtTGM1MVNkNkM0eWRsalM2aXAzMnlLVTFraW5YdlpCdGVsbUUyZkZkbkJPMjYyYkZ4amM3cFZDR0VIc3JyQUFJQ29HSUhIRmpqYkc2RjYzR2JHaTBsbjZVbnhPMHlUbXQxWFNha2RNNmNXNElYTmZDZktaY09rZTUxYjVJaFJKY1Z1Nkh0eFlJWXpYR1FiUl9EYmVBeDFwTzFkR0diWnB3b2pWU196U3lZSA?oc=5,Boston's ROCK 92.9,2026-08-10,neutral
Massachusetts Bay Transportation Authority,Explainer: Understanding the costs (and benefits) of making public transportation free - hks.harvard.edu,https://news.google.com/rss/articles/CBMivwFBVV95cUxNa19helNVSjNZTlA3ai10eUd5YkotZ0FsWmlHVV9ONWZNcjd1NC04c3BZX0NfOG16aFVrSWVFbjJHc0lrQnI5OE42dDYwX0twNGU2MWhmUGJhNW9BWkJ6aGdUaUxMTjlxM3BpZVRTZTd0VUdLbzVHRnJlM1lQai12eVhrTzEzMlZyZTRTR09VMG9zam5kUzI5TUtDRGVxdWhQUWtoZVpzbTN5ZW1kbWVjYkgzMjdTLVRrTDRRTG8wdw?oc=5,hks.harvard.edu,2026-08-10,positive
Massachusetts Bay Transportation Authority,Healey Administration Announces Grant Funding For New RTA Bus Routes - Streetsblog Massachusetts,https://news.google.com/rss/articles/CBMirAFBVV95cUxQaVFhZlNvd3hTamhlRzZpYVZhTVBRRVhKTVZxMkFjX3pqLUJJeXBJamJzbFUwTU1LZklSMHNUUldORTNDZ0ZYRGdIZ1l5bXFWLXg1aHBoVDR0aGhKZU5NYnB1aVlWWGxOOGY2R3ZJZkctbmxVNVVhLWpVbDFlSFFiZW9vTklVNmJqbUV3cEZhVXl4SThYdThOdW1kRUxjZlU1YldMNnBnRjZqXzB4?oc=5,Streetsblog Massachusetts,2026-08-10,positive
Massachusetts Bay Transportation Authority,MassDOT and MBTA Are Studying Expanded Ferry Service - Streetsblog Massachusetts,https://news.google.com/rss/articles/CBMilwFBVV95cUxQa3ZkenNaYjFxVWJIbXprZ1E1UnVMZXZOUW5FYWh4bnJuSnVGOWRkajJrWWlXRFM2dDJxQUJWNmRWandrUHBNT1VlS0p2YS13RWpTTWkwOXRXd0dxVGtudmlpZG9KN2luZ1c2cUhYajE5WDFxUVZBamZuQzh0d01Hc0FkVGg5SXIyQUVnb0RVMzlEUmNRaWhB?oc=5,Streetsblog Massachusetts,2026-08-10,neutral
Massachusetts Bay Transportation Authority,6 hospitalized following Forest Hills incident - WBUR,https://news.google.com/rss/articles/CBMiiwFBVV95cUxNcEVWZnRKQjBZcExNblBjOXFWU2M1aVprTDVRS0tvUmplbkhGdS1oUjVuX2NmcDZlajFZV0ZfZzdlWUlqeEg5b1FIS25taVF4eng4QUZrX200a0l4UU95ZjR3SldrRzZQOVltYWdXVjk5NzlEMzRUUWlkcElLQkRZangycTM0VkJrUW13?oc=5,WBUR,2026-08-10,neutral
Metrorail,Miami Metrorail: Are Officials Riding It? - Miami's Community News,https://news.google.com/rss/articles/CBMijgFBVV95cUxNSExoT0xsNmoxdGkyc0Nzc3V5T1AtQ0VzN1RUdjNSTkNTeDZmY2wxbktsWE9VV1dZbmZneDV3TVdpQXdLOHpnX1VNTTlaY0JPZmZjUUU3bkxyNi1QSVlYTVdVZDl5R3RJUnZycE9tejVHQkk0NXFGd3p1XzBFZTBsUTdMX0xKUzl6SXFqTmFB?oc=5,Miami's Community News,2026-08-10,neutral
Metrorail,DC Metrorail operator sentenced in health-care scheme - Yahoo,https://news.google.com/rss/articles/CBMilwFBVV95cUxNeGVRbnFrZWpBRUdFVEItRGMxd3NwcGNqMjYzTDk1NVhMY0ljU0hRZHA0dGluY2t4dlRGZk44R096Y3pqbG5WVFVVMUZVNWQ5UEJBcVBab2xLRC1fUFlTbGtsT0hyUmh3UHFyV2pidFZNd3ZMTzRHZnNxdDFqcnpQYUl1cV9GVTRPYW1SVGVKcVV1Z0ZFMy1Z?oc=5,Yahoo,2026-08-10,neutral
Metrorail,"HFD at fault in both July collisions with METRORail trains, TxDOT says - ABC13 Houston",https://news.google.com/rss/articles/CBMilgFBVV95cUxNV3Fva2N3Tk1WZGo4U0VXX1dPc3NMWG53T0JHUDN5TlB6SkF2LUdMSk9GQ2FyVkMzR3N6Z0VPd3NjU2RGSzgzS2w3TjlBZ0RqZm9YQlBfM2luLWNqemxjMlNFWWVtU2tvcV95S0JKZlBWNkoyT09sUjFSQ0NMVXFtNlEyeGRFQWpMcFFqN0JFWkJ0Z2JHSkHSAZsBQVVfeXFMUDh5VnhqNTVzSWpZV0lwU1BwblI5ZkNsa2NjaHIwSnRja0l6WnY1dVhuNHIwcVdNRzFzSktWNF81X3lCbF9POWUydlJGXy1mTEZJZFhzVVV5bVRNQjd4MnVXSHlBZ1JDbmJlVzlnQmtZamM5dEJqWkgzM1gxWEpjWkxEU05GTk5Pci1raWpCdWhhXzNuZFJ4RE9EVkU?oc=5,ABC13 Houston,2026-08-10,negative
Metrorail,METRORail train struck by Houston Fire vehicle near Museum District - FOX 26 Houston,https://news.google.com/rss/articles/CBMijgFBVV95cUxNS09RT2tGWVNTb09mZVdrelBpcU5uVHBPdG1oeml0RHZPeWFsMFdCYUd5enpiTVRmQUktWGpTdzNKRmJCcU85NVcxUVRDaFozc0hEa2dnaEtaRjhBWHBiQUNzV2R1eTZyeTY4WTlFMTV4UzhhaUhLVEZJNXJUMlZGRzEtZXB3cmFpeXA5RGxB?oc=5,FOX 26 Houston,2026-08-10,negative
Metrorail,2 passengers hurt after HFD vehicle collides with METRORail train near Museum District - KHOU,https://news.google.com/rss/articles/CBMi-wFBVV95cUxNUmdDSUlOTzl0NGVtUzh4dUpxR0o3Z2lmNFVxOERHaEVoN2VJaFo1RjJVVUdTMFlrSDRWdThodFZNRWF6c0dZc09Xb2drU0RIWnNYUlp3eHpwRkFWeXRvaFI1aW9jV25ETnJBcVJDeXFvdC1kWThmRXI1SDhJY1NWazRWMm9kdVEtYk9NWkxiNWZwSlFqN0tmU3N6TXRRLW9hYzVZTmhoN0RPLTJfSkZrNnF5Si1SZ3dLcHl3TUl2bXFZSWVpanVNa2dXZXN0QldSaU1VeVU4WFFENkxLSDhYOHZoRmtNbDZtdEpVUWZfSUFSaVY3MndVVDMwaw?oc=5,KHOU,2026-08-10,negative
Metrorail,"Montgomery County Department of Transportation Director Chris Conklin Elected Chair of the Washington Metrorail Safety Commission - Montgomery County, MD (.gov)",https://news.google.com/rss/articles/CBMiiAFBVV95cUxOOTFidmtWeXlpeU9pOTEwR25mN0dBSDBhMTNnZjVrMTJYTVlQRy1hM0lCLWJ5eWE4ZXpxR25nOVMxNWtvXzZsaHpZS3g3ZkFYX3hwMDloVVgzblB5Wk0wU2xUdnN6ZllLZFMxcTBNaXRIazl1UFNfbmZrRGVYZ3ZZdWg3MGItZUtv?oc=5,"Montgomery County, MD (.gov)",2026-08-10,positive
Metrorail,Inter Miami CF - Inter Miami CF,https://news.google.com/rss/articles/CBMibkFVX3lxTE16UkZSa2s3OVJVcEJrUEJmMWZrLW5wNTE5SGhIXzJSaXNKQ01pUXBOZmZMS3lSM3BycEtUZWw0Q21xOWdHVkdCczZjelI4a08zUkt0Q2dzbTlFNFpON29HdENublNhVGw0U3Z6UGRn?oc=5,Inter Miami CF,2026-08-10,neutral
Metrorail,DC Metrorail to move ahead with plan for full automation of Red Line - trains.com,https://news.google.com/rss/articles/CBMivAFBVV95cUxPNVRoVzJFcmxyYi1XU2pZaTJqVmFMY0Fad1ZuUzhYbUVYRFgyY0FUWmpsVkVoMHEyaTRLdXl3SHNpZ2kycnFiNHk3OU0xem1nWVBWZXBjODg0RVh0ay1rYVU4bjRiNENzXzRXWTJoVzdDai1pZzJuSHJhdklrank1eUNzeGQzZTJKLUh4b0hYTlNZLVhIaVR1NUxDOHFLOEFzczZqcFQyaFpEVDNxTGdRc0phSUNmSWhuZUUzbA?oc=5,trains.com,2026-08-10,neutral
Metrorail,Why I’m celebrating 50 years of Metrorail magic - Greater Greater Washington,https://news.google.com/rss/articles/CBMigwFBVV95cUxQZjZ1ekdqYUNzd1NuXzFsbnZwRXR6a3dmbXpaY3pucEttM1NvcVB6VkkzdkY2a1MzbHBHYW5sNlV4M1lHOFZzdUVjYmV5WnFRcXRZYkhfX0NMNUR1NGlnMzJzU01Fa2Q2MFJnVUU2YXVXZTVMS254ZmlTZGdpNkxENmM1VdIBSkFVX3lxTE1aRGpQanZYUElhX0g0MVZxTHhlSHBYdV92ZkNXM0lRd3JXSGFPVXB2dUowWUxLZmwzTmhFcXpUdjNEQ01BdEMwcG5B?oc=5,Greater Greater Washington,2026-08-10,positive
Metrorail,One dead following fatal officer-involved shooting at METRORail platform - Houston Public Media,https://news.google.com/rss/articles/CBMi2gFBVV95cUxPbUhjNVd4OHBqZThNanJyYVd4ckFSTnZySWw1T2NNUHhCNEpEd0puSU1nN3BES1NsWVloN09IX2pBS2w3R2pQaEtGN0hZUEtReWpuaDIxd2JFOUJXd25oSHpRU2V5UmxOS2NESzJHbDRUS1dBZGg1Zk5HbmxLLXRqcGxLYkpMQWpDU2pIZXF1UVBrTlR1RkxMV19jMHlCdmwxaDFjWVRBa1dEcUJWUWJRU3lMcUxSaWp2eFZCR0ZWSE0ybFlnVGNyZGUzVTd0QUthVDIyY0NoMV83d9IB4gFBVV95cUxOdFhha0Q0TjJmVkktTU1DNE9ma1NKZ3ZFN2RQZ000dk1iSmFkTWxSRUd5bms4MWtQZWhLUkZtWndRNC1RNFlsZ0l3cnZ6RjlPWWJFbmhXeWhMam05dGlpcUhLZXN4cnlXRW0yeE16QURxQVZXbTZpWmM3OEU2a0QtYmp5UnA2UEtJVGNfV3Y4a3p3Ym1kcF9aZ0xRUVZNbnlaT1FUV0hRa2NmYXZGTGdOdm5hVG5GRHlEZGNVaFBObHJWQkxuSGxUaEp4NFRDdUtRNmhrSlRhdTVSaW4ySEhfR2hR?oc=5,Houston Public Media,2026-08-10,negative
Metrorail,Cost spike sparks rethink of Miami-Dade’s North Corridor rail plan - Florida Politics,https://news.google.com/rss/articles/CBMirwFBVV95cUxQeUI0ZS1CWE9VYWU3U3RZMTI3eXAzSjNlWUZiUGR5SlIwTUpYRW5Ca2FGUmtuTDlqT2k4b3JJZGI4MlFCQkxGNXMwelg0VmpqcTdtRWFBUGZXZWo5TUZrbUkxanhFaVRMQlVscW1mTU92T2E5ekZ3N0Y1ZF9iX0JvMGpwMzVVWmpxSnczSTFfcnlrRWFFb2Z3VVdSNk1uZHZ1eGpSaTNiMWZNMHdsb1V3?oc=5,Florida Politics,2026-08-10,neutral
Metrorail,GALLERY | Metrorail celebrates its 50th anniversary - WJLA,https://news.google.com/rss/articles/CBMi1AJBVV95cUxQOFljZWxCcGRVWm5FOFI4X1piZUhsMUU0Z3FvYUdxNlprVGc3dTlYNnZybFJKZEpqa0NYa1U3d19rTEFzeWhoTWpaMUhxbVI5TGI5dTlBU0JPQlRERHljNjkyTGZueE4xTlBsZmFsbElZRUZ1dG9KY3lBMVJuVGlUUldzbHVjQTRrb2lkY2JXdG45aGRIOThhZG13d0pESGtWVlZSTm1UZ0V6RlRHZHNJdF9JdWtwUzk2UkdyOWVIS1huaV81VVBZN1ZnclZIVWJQN2pvWU1KWWQtNmM3dC05SjFsRHdkbmdVcFpTRGN3anp2VlE3RWI5VzhiT0JFeFVqaW1NT0d6OGR2c1k2S3JCMG82OS0zTjVxS0MyUThrcjRhcFJpY1ZEc3FQVENGb0VjR1ZLYk1TemVXQTRhdGZpU0RaYThNVEliSXRhcW9mNXlCZ01n?oc=5,WJLA,2026-08-10,positive
Metrorail,METRORail Red Line service paused this weekend for maintenance in Houston - cw39.com,https://news.google.com/rss/articles/CBMidkFVX3lxTE1CeThyZTEzNU1qRjRUTkdhUGp6QXBxZ3Y3SzJRNDJMWV9VZEZMS1BUZlZzbVBwTTdaemhSVkgzV3U3UEhrWVhXdFhmazNCV09ycWhHQWtWV0tQVDd2d3pPbUJ4OFU1QVJCUzcwc0FVWGdQRmdoUHfSAXtBVV95cUxQNzhMeUVCNW9oNFdpeEtvTFpEMkNnR05YUVJhbFFabVJjQ3VhSm9xV0trVlo1dTdadTYzQXAyZDYwd2l3dVlSNk5iaktfemczZFNjTUFTVGZ2ejRYUk82bDJXTGxyb1RLRGd3bDN5eVF3YktZenc3MDNURTQ?oc=5,cw39.com,2026-08-10,neutral
Metrorail,"‘Elevate 54’ Planned Near Brownsville Metrorail Station at 2845 NW 54th St, Miami, FL - Florida YIMBY",https://news.google.com/rss/articles/CBMiuwFBVV95cUxNZTlRM2tkckZCVGN0WjBVVG4tY0VoS0tCbWVpdUVLdV9oM0U2ZUhaa1E0UGU5N1FWVG1RTHNPRGd0ZlZXYi02SWhlZXc2amJ1T0NOR25PdXAtZ2FiTm5MTHYxTEE1cGhESVNZVEtwTm1FYmp4eGlfQlpKMXNTXy13V1FYbzdYMnlwOG1ILUYzU0xoQVZTb0JrTVJTRjFRVmxzN2tmb05rWGVKelN6UGd2Yl9yNTNMVk5QRTNr?oc=5,Florida YIMBY,2026-08-10,neutral
Metrorail,"Collision between METRORail and HFD vehicle near Texas Medical Center, MPD confirms; second incident this month - ABC13 Houston",https://news.google.com/rss/articles/CBMiwwFBVV95cUxNVkxfYUY5U1d5NUdXQ0J3Y3N6aVlSZDRaQXpqeFp4bjF3ZGFYNm5lX3BHd0V3WTNQSktyTFJrcVIyQmQzYXRFdzhTZ0pqRUQyMWRMYWVqT0dHUWtMeS1xbWJsOGVuak5lTThxVm1kT3JQaXpMaUpOYTAwUkJZWU1fZzJuUnpCRjJpcEI0QVJEMHY3T19ZTmlUcmR0MG0tb1B2R3N3M0N0eE5DbXczcU4tbXZCSENDT1FIQ3pfUHFldkdlWXM?oc=5,ABC13 Houston,2026-08-10,negative
Metrorail,Houston Fire Department Fire Truck strikes METRORail train - FOX 26 Houston,https://news.google.com/rss/articles/CBMihgFBVV95cUxPMDF0djkxQ25uSFpxT2xjNzc2TmhkQTIzSUhvRzg4UFhBbnJmcEFXNFl2QnJyaXBXaHRsOXNLUDR6M19Vb3RvOHdfOW1OSUlVU1Q5STBiV3d3djZ0Y2xCdkdUMzhxcVdGYm9DcWNsLXVxRExQYVFYYUZKTzBIdWZYNjI2Y3h4QdIBiwFBVV95cUxNQW1KTVF0V3Z0WlVIR2JSS19LQjdiSzBBUlZCTHJzSGt2NlFrd2NoQ3pCRDg1MnNXcmg1aGMtYnlqajROSUQ5VEJOQVZSLVVhNHh4bHgxejRTOXNrdFI1ODAwc2NabXZrZXBQTmJ6Tks5dHdua1dqX29Nd0ZRX1RJNlUwaWJBUENjVFdn?oc=5,FOX 26 Houston,2026-08-10,negative
Metrorail,"Suspect taken into custody after incident involving box cutter on METRORail, METRO Police say - KHOU",https://news.google.com/rss/articles/CBMitwFBVV95cUxOa0RIbUg3WThjcF9nbTc2Z0xxaU9PMmZ5RGk2blN5elJPYWZJaXhBSzJBZEpRSTBnXzI4V2Q2bU0ybUpOd2pYc3JzRTRJal9DRHl3TmQwdHJReW5Bc2o1aVN4TFlZeU1NbFpKMmFWNVpIYjJuVEdTcFo5ME9vRlRXd2RvTU5raHl3dkZZN2p1VEY5RkJtYlNrZEVHaktpX3JiRzRlenRTbnVxN3d2bWt2dnp0WlBxcUk?oc=5,KHOU,2026-08-10,negative
Metrorail,"1 hospitalized after METRORail collides with HFD engine and derails in Near Northside, officials say - ABC13 Houston",https://news.google.com/rss/articles/CBMiowFBVV95cUxPQ0VzT0N4UnNHdjVQSlpab2d3b0NFWVM0MlUzV3JjX1p3OUtmeXE1czBZWllzRThPR2cyY2J2S3FTWGhuWWVoQWI2MzJMN3B4T1BkQjhTUjUxWkpEY3VCNzd2Vm5DU2R5S3Qtb203Zm5OS005SzhPMk9tcHBUS1VDZGwxckJ6Mlh2NUlOUklRN2lieHFRM1N4YTNObUFNbUhReHdR0gGoAUFVX3lxTFBCbEhUOC11Y3lxU2JIei15R1Y0ZWhIMEdteXN5QzZRM08zMGo1S3FPWVFkZmd2aVQ5LS13VlZ1TURtX0dBS0xIYnl0TjlsQnZMLURLem45dDRWS19QR1JHU3JZRFd2UUQwUmk0SUZtbEkyRU0wT0FIZUtlWGtNVm9TbjIwaXJVTzZOcVRwT1hNS2VGSjl4MGkwQTMwcHZELW5ZR0lNLUZEaQ?oc=5,ABC13 Houston,2026-08-10,negative
Metrorail,One injured after METRORail and HFD fire truck collide near downtown Houston - KHOU,https://news.google.com/rss/articles/CBMiuAFBVV95cUxOaTdLc2JoWDFaclEySE5SNlowOWRWRmZYeFdzdjUxeXNwd2ZVME9jS1NDVXhNMFR4dHltRC1fcHJyODlPMm5mc21sbEpHNFByZTVDak9oSEFXdmFSaEF6VlAyRDhVbkc3Q0lOOFByS1ZiTDByOFNBMTVNODJjb0pwc182NGV6S1Ryckd3Y2Rna09OR3Yyb1hDRGhfcC1iUmtyLUw2UnlPWktNei1TMXBSaXNmcEJvdHhN?oc=5,KHOU,2026-08-10,negative
Metrorail,Midtown Houston shooting under investigation - FOX 26 Houston,https://news.google.com/rss/articles/CBMihAFBVV95cUxNUjU3aWtTVzJwWHFDX2VkcVJjMlFYenh1RlJLc3lfLWlGcUVVSl9Na3FuM0FTb1VYWjBERG9rTUJMM29aSTNTdE5xWEFKZ2lHZ19VUVNEdGtwR0ZGbWJLeFdHcFhHSjlYQmtqcDVQNmNBcHk2N2E3WTRUZkQwaXpnaFZNM1rSAYoBQVVfeXFMTTU1blJnRE1aVDliSEhwRkZoY3lMSml2TjVJSWhiME5Eam1kZmNiN2pLTUFXWVpYTy1ndDVqaFlsVXY3NUExTjdjbUVMQ3FVM3NQYm5KWnJyUllxeWN3MFFPTW5PSkFlWjJxbklHMnpfR1pTZDJJWU9XZ3VvRWQzQWMyNTY3QjM1T1Jn?oc=5,FOX 26 Houston,2026-08-10,neutral
Metrorail,METRORail MVA with HFD Truck - KHOU,https://news.google.com/rss/articles/CBMirAFBVV95cUxOSVZlNGttb3M2OU03YWhLbVRrUG1LWC1GRnZiWEJjRC1lYTAteS1LQjZRREEwSTZmWVBPM1lxd1pCTjhIV3hMMW9fbWRkanVZQmxDMjlYQWlqUW1IdEdMUHpMcXUwRlcwWTRuRDlDQ2EydDg0NW5jWmhrT1AxdHduOTBZZWctX2pnZU12VWxaSXVjeHRIa2VZLUZPWHZSYmcza0M4SjJMbXNvSEtJ?oc=5,KHOU,2026-08-10,neutral
Metrorail,Evolution of Metrorail cars to be displayed on National Mall - NBC4 Washington,https://news.google.com/rss/articles/CBMiywFBVV95cUxOWEJ5WGVBU01sZ19KWUx0NlRqRW94bWxIRzlZbWJkd1Y1WlBkUGlscV9kWEhSdnFINlczNU1XRWQ4bDg3cTZFdWs1SHo2aEhFZDc5SVllM2R6WEg1X0dIcFdIUWNlajhSTENwTUc5ZGpzOGVOMV9nd1U5dVc1SW1kVGNUVG9URU9TWk14Y2xBU0MtU2lQcUFyclVUMndEMGVKREgwTjVrcElMZVM3VmE3QTBCVmhJR1drTzk5Y2tNS1FtdGRUTTRZeGI5VdIB0wFBVV95cUxPNDFKX3N1MmwwMFlQR3pBcTR0RHhWZm1xeURpQU05S3NqTC10Vzk3NGxLWm94dEVhcU5ma2Vxc1B2OWs2NjZWSkpRNlN4UHlValFfVk4zeDdLNkpjcjk4MG13cl9uMmxQX2JNZVFVX1cxTXF6cU45cUdBaGVmSjA5VEdxS1NnS1R5M3p3d2J3LUdxX2NVNXZmTWxmdXZkY05FVVlsUUMyS1d5VE1UcmtUX1k1XzQ0UFI2WjVjSDRWekNBV1lvaExZeU1ORmVpSjZObGFR?oc=5,NBC4 Washington,2026-08-10,neutral
Metrorail,MetroRail train crashes with Houston Fire vehicle near Midtown intersection - KHOU,https://news.google.com/rss/articles/CBMi6gFBVV95cUxOZDdXX1BoVkF2eXR1U1BycFpxaUpmbEJudUluVTgzX3h5VlBmTGQxamZpeEY0SWcyTWFfa0pCOS1jZHZqQ05IeFlZYXJ3YXlGbDdwZTB4OFR0VUo1NVRkSG5zTXZFS1psSFdOeDN0X0RocjdhVUlpME1Jb0JscjRzTjNIVkNEeENual9UQTdlUHQ0aWtLSUJyM25Wd1VUQjZyampHdTNtTk1BMmstaGRlcElLWUQwY1dpdW9ZajktbUtXU3hab3I5UzBNME9jdzdYX1Z3VDRtOTV0T0x2bS1USXlNeC05cm9RUnc?oc=5,KHOU,2026-08-10,negative
Metrorail,"Cost of Miami-Dade’s North Corridor balloons to $4.2B, imperiling federal funding - Florida Politics",https://news.google.com/rss/articles/CBMiwAFBVV95cUxObk9hdFR2MXNkZnJmYVJoSm5VWktqa3RMcEVIWlRZSjNqSjNkVzBSVFQweGdIUE04S3BFNm5XbXRmQmFLSXBieXdHWk9abG9lRnBYeTdUa0JtQ2FxR3hwQ3AtZ1g0OXdDVjF5RzdGUW0wckhKNFJHNDRmVnMzY2V3b2twSGYzUU9jcDRhZC1UTHpJM09Qa0FoTHAzU3ZQMjJxVGVlNjRydWlTOXJDcFZNb3hqcEI3M0M1UGlDd1ZXVk4?oc=5,Florida Politics,2026-08-10,neutral
Metrorail,"Tons of Inter Miami fans ditch cars for Metrorail, Tri-Rail in rare transit win - Axios",https://news.google.com/rss/articles/CBMimwFBVV95cUxOT284emhPb1lnZ2FlLXg3a1RlZ3pXU3dSZ2JwUGtHaFJoZ3g5VVBjREJuZkhxRUZLWE42S0xRT09BZkE1bG9ieHNPY1JkbzcxWkdibW1RUjRaSHNsbnRyeGxUanFvLWdOV0NHMHIwbE81QW9VcGdrUmVHMmFjZG9jQXRKc09xd0xLMktIXzM0MXZKSDVGQzMyRFgyVQ?oc=5,Axios,2026-08-10,positive
Metrorail,Video shows woman backing away from suspect before she was found dead under Metrorail - NBC 6 South Florida,https://news.google.com/rss/articles/CBMitgFBVV95cUxQMXRfSU5rWVZtWF9VUk5fdGFGR3NLelpkRlgtQ1FwWlh5NXhMdHk2RlVSUG5pT21vMVgtUkJaNDZOUFVXclJNTlk4ZWpZT2xoVU9CaTNVYl8zbmhRZFFJMzM0eTlQdXozNThNYzNyNDQ5NndzbGk5N3BuaGNFcDJWLXp0T2dQakxCa2tyaUpENFV1cE1raVNVRU1tZHhNb1lxSDdOMktIUGE5UW1NNHp0RkFnSnZVd9IBvgFBVV95cUxOSnRqMUp2dUJUUkd3ZXJDZEpRendMOVpQNk92WEVtRUVtTW05S3MtbWdMWXY5TWZITmRuNWhKUG9DODRGSnRJQVBnTXpjcEV0YlBLOWVmc0UySDBtRDM0RnNzdUlvWjV5LTBsR05jZDhGRnJ0UjVlNDR6YnhHbWVmRWl5c1BLZTJ3U0FxczBfdlRacEZucGVpMVBzV0RXQl9kN09tZkI5cjlfbUhtYVBQZXJiS1NhazNMRGtHbUFn?oc=5,NBC 6 South Florida,2026-08-10,negative
Metrorail,"Loudoun Commuter Bus Service Adjustments Begin April 1, 2026 - Loudoun County Website (.gov)",https://news.google.com/rss/articles/CBMiXkFVX3lxTFBHN1lnOW1LX3c1X3FERV8tR20zbmhneWhsMDlpLVJIS2RpaDU1YkNZUXJqa19Kb3pCLTR0WUYtb3U5dldpaTl6ZzVWenBvUXVFNXR5Nno4RVlkMl8tWnc?oc=5,Loudoun County Website (.gov),2026-08-10,neutral
Metrorail,Suspect killed in deputy shooting at transit center - FOX 26 Houston,https://news.google.com/rss/articles/CBMirAFBVV95cUxPeDJRUmdBQk85aldJWmtNWk43Ykw1QVZSOURFOWF4YmJ0QkxNUmRjZWRaajZjb0xJcVRLSWpwRTJKMUN4WG1BZ25qSTdJd25VdThDNnJyVHlaaEc3SGNYRjBFU3N1eG1sS2E0ejRPcjM1aUZ2T0lQMWRuWlUzaFVCN19UbWtIR2ZvMEs5aTd4cEVHc2EtcVpMZHB1RnQ4S1ZBZFcyS05DQnZDU2hJ0gGyAUFVX3lxTE5DQThCTV9COHBTN0tTVm5TRWMtY3BCTmg5bnM5ejBEa2IyOTV1UE9GanhfNjY3THRuNzFMT3NRaW1VQkRfVEtNOU5IVVQteDZYNUlIWVVpUVJqUThqR2dmWE56cVpSLUZudTNhWllfbmRtb09WSThrTkRLcVNGVWJKbTJHSExjYm13ZTFzSlI2VGVTWGN4RHRwMDZzc2FwTFN4dTFMaWNwREQ3aFFKM2R2MGc?oc=5,FOX 26 Houston,2026-08-10,negative
Metrorail,A Metrorail expansion is good for FIU - panthernow.com,https://news.google.com/rss/articles/CBMifEFVX3lxTE5JcmtQVDA1WVdEa24xWlMtcEk2dC00NDhEMTh3TjV5em1PSDhVV1J1OTJDMnl2MHNVNm54eDZoSTBibDVJWm9BUHdMN0pmZlVaMWhhWURRNWMyMjdhQ0EyS1MtT0JPYWdqLTdrNzlDTWRZVkdycVc4dEVuS0I?oc=5,panthernow.com,2026-08-10,positive
Metrorail,Miami-Dade could lease site along Metrorail tracks to developer - The Business Journals,https://news.google.com/rss/articles/CBMisgFBVV95cUxNdVpxdHBOZ3pZanVqX3dUbzYwUDJITzZETXNvUGZnZkM1MXowRzY4TWtwemRKNHVoeThQX2s5ZFV2WHJiQ1Q5Z1ZSMXRhSWtJOU5wVzU2SkZVbjJnT01Gc0JBMG82QnVMaGRTX1JrZ1IwNm5xUTVBSkxWc3lHdUNKMndNVXBKcTdxTktMNmdBd2FrSkRXMURqd2xucVdVcHZJWTFyRFhOYU9Ma01GVDUxeVZn?oc=5,The Business Journals,2026-08-10,neutral
Metrorail,NTSB investigating after DC Metrorail collision injuries 11 - trains.com,https://news.google.com/rss/articles/CBMisAFBVV95cUxOSHFuNU93YnlyRjNNNmxHZUZsY3JqUC04RFVnSjFEQkdsZjFmbGNpQWVjdXNsQ1gySjBSSlJYbk5ZUWlJZWFwSENieVRZb1RLd2RybE5YTXU4WTYtOWFrWVFoMkRWWmR2Wm12ZHNZRVhSd3dDMVA4Q3dzY0JGTjhHbmwwZjFkUjQ3a1I3M001U0VTWWJfUGVVZ3lVTFZEUzh2RjlraWk1d3FKZ29nMlc4Ug?oc=5,trains.com,2026-08-10,negative
Metrorail,"Shooting near Midtown METRORail platform kills 1 man, injures another, police say - FOX 26 Houston",https://news.google.com/rss/articles/CBMirAFBVV95cUxQUDdQUUh6elNuR3IxZmZtdFp4dGpCbGN5d09CeFNSUi0zeldVZGtCcGEyNkM0TjFfTFMzQVRNTk1TN19wV0Rrelc5c1RWX3J3UGRRWWJKTFF0YzVDNHB3M1p2UzI5dUJ5ZS1HOG9yalBLeElaMk15a05zVUpraTRFcnJUNVZiT3dvaUtDVDJxenU3MmlkaTBwY29rbFFWRHpkUm9wT1NFMW95NTZT?oc=5,FOX 26 Houston,2026-08-10,negative
Metrorail,13th Floor Investments secures financing for Link at Douglas’ final tower - South Florida Agent Magazine,https://news.google.com/rss/articles/CBMie0FVX3lxTE5qa0t3eWRuR1RONTBWeDI4cDJ5SUxTSGE1YmwxTnhIU3B1YUExR0xPTlZJTVdaa1ZuNjRVWXU0SjdaR1czWnJyWTQzZnpNZldCWHE2YWc3NWV3SURUai1INlpVSWk3N3c5NkktOS02MlE3M0g3MHoxUW1HWQ?oc=5,South Florida Agent Magazine,2026-08-10,positive
Metrorail,"HOUSTON FIRE ENGINE COLLIDES WITH METRORAIL TRAIN, ONE INJURED - Firefighter Close Calls",https://news.google.com/rss/articles/CBMiogFBVV95cUxOdXB6NVpWekZHdko1SjgySXpmQlZVdWQwbXlydzR4RG1LZ0M2VVlESnVZcnM2SFRNWkZrNzdzaGstYkhDc1NnRXNKOTFRWEU4RVJ1VkdPSjBhSjcyV2czTDNpQU5HZkRCUlBMbXBUeGFqTXFqV19sWEUzMGU4bEplbTZOTFA5cGtabE5qUzNGZXNibVQ1X2tYM1VxZFdhRXdSSFE?oc=5,Firefighter Close Calls,2026-08-10,negative
Metrorail,"Work train in Metrorail collision exceeded its movement authority, NTSB says - trains.com",https://news.google.com/rss/articles/CBMixgFBVV95cUxNT3I2SEg5cWtPSWlteFVBM1FxM2ZYMkVvVEdGdnl0Y084NFhGZzN1dkVIaDhpMEhkRWlqYTNrTGtOdDVlRVRiRFVtRnhNbHJZVjR4VGtDUFp5OXl0T2xfN3NFQTdZTkJkd1J2QjhmSVpWc3dNbV9mUFl6a3VGMTZaZHJoc3d4eVRFeDNXVkhzcUR4UzBHbk1TOUNsZ25maEhKZ3J5QVhsWlVPZjFQTE96aVU4aVRObmduOF9CUlhkR0dPTWpvanc?oc=5,trains.com,2026-08-10,negative
Metrorail,Heat kink causes derailment of DC Metrorail train - trains.com,https://news.google.com/rss/articles/CBMiowFBVV95cUxPSnlRSHQxNTdvVGs2dnRzeUlGaEo4VHdLSzN4ckVUZHhRR0hYejFEUXFvekFfRURKTkcxZ1NoVDdXNUNRTXhMV2x6Zk9DNGQ4ZGZSUW5BZ0RIa1E5cVdONzc2cWQ3ZGJMbUdqUy0wcFlTejNBOFU4emhjZXk3b09SY3FCWGpXSGVST010UUxiTDdiaHRORVhrbTZYUmFLeTlVejE0?oc=5,trains.com,2026-08-10,neutral
Metrorail,"Man found dead in roadway near METRORail was possibly struck by multiple vehicles, HPD says - ABC13 Houston",https://news.google.com/rss/articles/CBMisgFBVV95cUxPSWNWTHFZMzgwOFpJVWQ4NHBmU3hyTU91ZWxVN05DOXZCY2NpVjc2dzRZdFAwSXA1ek1OaVVyY0loRWxUX0JiSWJLUFpORndEdkQzai15bmN1VF9ZajhzRVMtZnh3ZUY4NkwzcFc0b2pCYUJYQ1c3NF9nSjE4cDFQVWlxd1RWYjVwbERnRGRXNTEzRTZWSjMyaTBoS2NKaTY4OV9fdVhNUGpOTXdkRTg3NHZR0gG3AUFVX3lxTFBOUDFnTElJTE0zaFNObER2UmkyOFhLTTJHcVdoaEd5dkhfX3B0UUFzX19laF82Mmc1YXpoTDN5LUZqN2JhSHRnY0JEZXlwZ0s3UTFYa1FJU3hWa1BqandfZVVvLTFLUWJtcTlURkRRd3B5MmY0V1BxMno0czhhcjFrMUlpc0lnQ3VqT3ZBZW9nUEs4Z3c4VzZqTVJXOXhLM3RVYVhrd3hvaGlLem1KMFV2SmlRU0NEVQ?oc=5,ABC13 Houston,2026-08-10,negative
Metrorail,One person injured when firetruck collides with METRORail - Click2Houston,https://news.google.com/rss/articles/CBMirwFBVV95cUxOa2xQMDhzVVlwdVdNVkNENmlvbHRYZXl0VVdONG9HMUh5Zm5JU2t2WGFaNk1wYzBrc2RoZ1JxMVdOUWl1M1VOdWFySHo0UFhzazJIWHVKVlZXV1hUS1NDTXJsaHBBdDdaNE10eE1ZVU9wV0JuT1haLVFSVy12UnUwd3I2aHlNVXpmOTFGTTV6OGxIczYzY1hCbzh3aS1iM2g2OVNFT01EVnFMclc3UkVV?oc=5,Click2Houston,2026-08-10,negative
Metrorail,Developer Lands $134M to Build Fourth Apartment Tower Near Miami Metrorail - Commercial Observer,https://news.google.com/rss/articles/CBMiwwFBVV95cUxOLUNEU2xwQkFONXFnOGpubFlYQWRvRkU3anhKSzVsYjM4RFphM3BINEJKUDIycUZITkhmWUFXNWtId1dnRTU1VzhzZXV3bDlySlcyY2NNMUloZUJRcWYyTEZiMGQ3M2R3UkVFX1d4Uko4TUJMUUlfa2Y5R09RVWctdmk0MFEwVW5ZNVJRaktfWGx5aDNOa2VVOVRXeDV2VkdOQ1o1QU15N1ZBYzNRdjJfaVlCYk9oSFk0MnJndlR5d2pIQkU?oc=5,Commercial Observer,2026-08-10,neutral
Metrorail,"METRORail Red, Green, Purple lines to adjust service Feb. 13–15 for maintenance - Click2Houston",https://news.google.com/rss/articles/CBMixwFBVV95cUxNRlFRM0I3dFhUUldGczJ0VVp0Vlo5OU9TOGp6QnZwUEZrTWUwVEdlaWRGMDhRcFFoSG5nak5ZUm5yV2x4UFJnV0ZCTjdTdFQ2WjUwdk05dzlfMFViMmNQNWNSakE3MHlVZ2p4RXlHVEF5a01STTV4NGRyc092ZmllcUtqa3JZZDdlanNYRnhsbElIOGE0bk9zMm1teEhQSnIyNnRua01IMFZtVmljTnlEVHI3a3pheHJLRzgyUWhNcEhEV3F1YUtV?oc=5,Click2Houston,2026-08-10,neutral
Metrorail,High achievers and low performers figure in Metrorail’s post-pandemic world - Greater Greater Washington,https://news.google.com/rss/articles/CBMixgFBVV95cUxPTTJRRm9ab1MwaWdWdTJ3NW5TTlhhNjF4Q3I3RzFUdTJZdVJFZ0ZsNy1FYlVGSlZxZGtSTzBYU1lTT3paRWtNMTNtS3p0eGlZRi1qU1NuTW9XR3NzWk9kajhhbTJUbUpSRERYLTYxc1NEUE5JcUhDbTJYVXRRRjA1NDUwcVhhV3lZbER3LTlmTWxWTmJUa1dHM3VSU25aVXYyZ3BCOXN5TjgzZU4yVjNYRUxlQWtuUUNIeHRsMGEwRFV6Q0R3MlHSAUpBVV95cUxNQjRTVF81VTR2SzRESVUzNzV4RmNyd1ZtYkRhWWxLZEk2VUlkX0JyRDZsM0FKdS0yc0VrRVZVSmNPVHZaSXNsRF9mUQ?oc=5,Greater Greater Washington,2026-08-10,positive
Metrorail,"13th Floor, Barings nab $134M construction loan for last tower in Miami Metrorail stop project - therealdeal.com",https://news.google.com/rss/articles/CBMinwFBVV95cUxPY3UyajZZN2hTU05WSEZaVGtiWHAtR0F3V1VQZFdYWUN2UGJ6VU9IOTIzTC1obnk0clJ0ZDJwQnlyd1h2dWhUcmVmU2IyVk45bkNCT0hhZ0V2c0Y0Rzh3REhJN01LU2tyQTlRQlZkRVh1VWVHTGZaVXNMYkJYTC1fck5xWURTZFh0cmM0NXFTN0IyZ2VXNTR0U0gtaUk0czQ?oc=5,therealdeal.com,2026-08-10,negative
Metrorail,"How to check your Metrorail, bus lines as snow service slowly returns to normal - WUSA9",https://news.google.com/rss/articles/CBMi_wFBVV95cUxNb0FuclA3V2ttNlpqUjU5Mkt3UHFBUXhvMXl2ZzZaT0ZLVHZxMDNXTFVtbmQ0YWxMTDFVcGNTaWotLTE1bTNDMTBSMjdSaV95a2ZYZ2VRa3ctSE1fclhqWHA3SzFHOFdiN1h6ckQwS0NkLXlZVUlVbzE3bjJLT3YtYXV1MTFpWUc0VTI1Tk9ZRUcxODBpa1ctb25CM3Z6ZmNjdXF4VnV4c3V1STNvLUpQNWl3T09EbXBGVHd3eFRPM1huLTh1eWJkc2ExVHJ3c3A1NXpMMDRCOWZsT0ptOFVEX1NrZnZabVRjeFVLS0pIUzdHeE5nUVBsWjVlMnR1VUU?oc=5,WUSA9,2026-08-10,neutral
Metrorail,1 injured in incident reportedly involving box cutter on Houston METRORail system; suspect in custody - FOX 26 Houston,https://news.google.com/rss/articles/CBMitAFBVV95cUxQRi13cXV1TmJkYU9iU1dRUmVyUndMOW91WkNjRzZaRHdQSmszU09sM2E5X1hLX2lvZjRwQmNVaVBpUnA3WVhOMnJvWlNzb25NSlozM0kza2FMUzM4cEwwajQtaGJSUGlwdUlFblU4d25fY3praTRfTEhWRC01Z3hQUkp2V182S014VlNONlBxc3N6d1lQcEJKME5FZXhyS0hSTnNGZ1Q1eTd6WmJzbjNNX0V0NDg?oc=5,FOX 26 Houston,2026-08-10,negative
Metrorail,Surveillance shows moments before woman found dead at Miami Metrorail - NBC 6 South Florida,https://news.google.com/rss/articles/CBMivAFBVV95cUxQc3RXMXlyTjk4ZzE2a3pDaklINzg3ZFJFRUdQMGdDd1NRQjgwbXc4Qy1SbVUtRWdyc2V0Nk5PVnRibHZ3a1AwWlRIRlFCZFBkcjJYZGttWlp2aC1MVElIOWl4cHRlQWY0VnlSUDEwYU1JNWFvR0MwSHFCeDdGVFMydnlnV0thcEk3Z1pzM2xYcXJ6MFk0b0I0WXl2czRaTHhLd3FUQ2Y3b3pZVnotT2pxLUVFMzdJcnJ6dDBMcNIBxAFBVV95cUxQX0ttMzhmbWFWUTJLTG9XdHdjdU1MVmFJM252QnB0NllxRkxJOW9EeWtmWTZ2bGdZM28xZURyWjZlTnJOeFpaRGpvc2drT3hyOFdhTTFYM1AwVjRqc3QyODVCVWNFWnJJcUFfWGNfUjFHSWdNWnRndXpJTHZ1ZXFZWFN3UHpLLUhjd05fRFZNUGluc2I0R1JPalNKVFZFeUxtMmxwbHV2OUYtX1B4dlF1SjNVWG5JQkIyUkx0ZWJ0U3Vma3hE?oc=5,NBC 6 South Florida,2026-08-10,negative
Metrorail,One shot during altercation at Downtown METRORail platform - FOX 26 Houston,https://news.google.com/rss/articles/CBMijwFBVV95cUxOR3VnaG1oX0NUeWJyeU5Ib3hYR080OE9fMG1mUnBhODY3RE51ODhzd2NBSHVTNHJRQXo1SHVWaERQZUZDOTB3NTVMMkh5MVN4NHJJUlgyZnBhQlhCSTZ3MmxDd2NRWGtib1RlRFRuWUNMelZwQjJTVVRabDc2VEcydDlNVGZOTl9DQlRUMlhOdw?oc=5,FOX 26 Houston,2026-08-10,neutral
Metrorail,Houston Fire Department Fire Truck strikes METRORail train - FOX 26 Houston,https://news.google.com/rss/articles/CBMiZkFVX3lxTE9aMDdpUjU0azFjckcyWi1YRVN3VTVyUmJMUkdkUmliZUNCeHZONzJXSHFtVjFiMjBkbGhFQ0Q5S0ltZmVXUGJsN2ZqYnYxdmE1Nk4tejFGa1ZZX1I2TVZ6a2h5cTloQdIBa0FVX3lxTE9GWmhIbFpWTkJjNkxLOW9oVEJpVlhUSlc0UVpnbElFT2w3bU5KTFpBSmQ4QkhHMlA5bEpWaGpzOERwY2U0UEVGampfOHZxQUpaWVFiZ1NIdFFUM3R0WWx2ZWhZRWljdHRNVGtn?oc=5,FOX 26 Houston,2026-08-10,negative
Metrorail,The MetroRail and Metromover are extending their hours for New Year’s Eve: everything you need to know - Time Out Worldwide,https://news.google.com/rss/articles/CBMi2gFBVV95cUxNOWdSa2d4Z0hHSExOcUNpSkphd1FvbGVXWGZJMlBFMGMzUHdBMkRaNHN4NHBDa0pZemxVam5qQjRBaEpxNUM2OGtNcHlIbGhPcG9OLWVack9nNm1uNGlYaGFneXlYVkVkUThFT0UzMkRZX0xGVGxKczdwWVdnOXoxYWNqS3JnZ0U1Z296bGRfQy1CRlMtSmNIYURyUE40SzR1emdjNE1fSWJWSmdKajRlTjlYRVF0U19ubXVhQmZLbG52dUswN3pWNUhoRFVoX2JyZkZSUS1BUlc3Zw?oc=5,Time Out Worldwide,2026-08-10,neutral
Metrorail,"One killed, one injured in shooting at METRORail stop in Midtown - Click2Houston",https://news.google.com/rss/articles/CBMitwFBVV95cUxOTXJycmp0QjAwNVhXR2xaWXpEV1Z6eWxfbHFpRlFvTGNGUGNzZlJBQllOZWdfQ2hNaGEtMC03ejE0emJFVkE4RVZwaENPMTdXTG9NZVZJdlY2Y2IycERLWWowR1NaTVU3LUZzbzJ6SFBDR29aVlMzRmFyLVByekt6TnVsTzh2YmE2YUtmTDZjRGdQWnpYUWdOTlFxV25CWFBFU0tKNi1hck96MmVuVVlSenFianZkeGs?oc=5,Click2Houston,2026-08-10,negative
Metrorail,"Breakdowns, staffing part of growing Miami Metrorail safety concerns - Metro Magazine",https://news.google.com/rss/articles/CBMipgFBVV95cUxQeUR5MWpzX042ZGtma1FKVGRyc05KOWlpQlBwcVFrU1cyWFhsUUY3M0V5OE5rdUtZckZfVkprZUhLQXFwNGROenh0cGFucGR2RThfNWExUHFiREg0NHVGdkNqVVRNZzRGRXMtVm9aLUZqcjM3TEFLd2UzcUE3bDdfMFRJQk5JUVA4eEYzS2JWN0hNX09vX3N4M1NoRWhGVkEwZDl5aW93?oc=5,Metro Magazine,2026-08-10,positive
NYC Subway,Staring contest on NYC train leads to rider getting shoved onto subway tracks - New York Post,https://news.google.com/rss/articles/CBMitwFBVV95cUxONUhqUFUxbExUOTdfMzJ3bjczMG1VMWdURGtocHNpQ3BXVmdHVTR1dW5yVzhRZkxobUNkbERzNTY1YUxYWmFIdDg1ckhzaXEyRHFVenJqTW4xdWlJOEZjVktjbFNHQUhyQTVGdU1UQTg0SGFEaGZjWm1TNUdnV21nNVowUVdwLWppR0xQRVNFQ2Mzajl5RkJ5YnZBQUViWDZXd3JCeXhQeDYxU0dTUlpCeGR2ZlVqSDQ?oc=5,New York Post,2026-08-10,neutral
NYC Subway,NYC subway station to undergo a much-needed makeover - PIX11,https://news.google.com/rss/articles/CBMijAFBVV95cUxQb2REdDdkWlpxYk5Qb3FkU0JkVktFeDB3WURzUlpkWUJKNlUwa2lhOWtzSXJ4LVU3TGpzZlF2OVptMFFQbDBDQzdBNzhySlhUaThYX184ak52dGpsbjZ6Y2F0TGI3R0NMR1R3RHhPVDVhbW5UbG5lZFdEMk9iVThDMnVLNURBbEt2aGZUatIBkgFBVV95cUxOZHpRWlZBRWhPWkRReXR5NVdGWkdXY3RGdE5GMTQtWnMxVDRMbnpXWWJiSEhWOXUzWV9yQXQ0dzlwcFlJaU5VUnI1dW1NLWdpSjRYenp5LW5BQTdYN0Fpc1E2elVRbV8wdWpIb29ncFQyS0xnNzZPYjQydlNWTXc3dmRhRTA4aVhEcjJpR1psaTA2dw?oc=5,PIX11,2026-08-10,neutral
NYC Subway,Crumbling historic Chambers St J and Z train station to finally get makeover - amNewYork,https://news.google.com/rss/articles/CBMieEFVX3lxTE8tLXV6and5ZFpnY2g2Y2ExaHZyZFoyQll6TDd3a2l5STNEUW5WU0RrU0FuRVpYVE5GVzhEdXlWdmpCY2N5RlE1LS1CMnU2eGJzbW92bUJ2NlFxQm40bHFZUVZONFVZaUw2Q2ZvT3hyZUpmTkE4MmVKbQ?oc=5,amNewYork,2026-08-10,neutral
NYC Subway,They Filled the New York City Subway With Fake Tech Ads. Their Real Goal Is to Get People Offline - inc.com,https://news.google.com/rss/articles/CBMi1gFBVV95cUxNNUNaNWkycHc0QllyTF9oZ1JmTVV2WHJGMGxKeS1Lb2J0TVpndzVGbDBKOFpQVUVnZklzanJHWkV0eUxVNTRqekE1LS1HOUtkOVpyVXRQdThYUE16cWQ2STJSN05Pd2dvMWdwRzlsRE1CcmJoVURpVTluWXV1UTh0ZXRRaEpFVlI0TlJZa3NMS3F0czNzS0l6N3UwcFRxSzVrdnlndUJfMkZBZ1NQSFdXSzZjWF81REt1Ql9GVGwyV043RXpZY3EwS3d6c2NsaXlDeGVtRjVn?oc=5,inc.com,2026-08-10,negative
NYC Subway,US Army soldier missed dad’s funeral after being pushed onto NYC subway tracks following staredown: ‘Devastated’ - New York Post,https://news.google.com/rss/articles/CBMiswFBVV95cUxQOWR2LWlNM1N4bHNPOWVLWl9YN29EeWRGWTJ2OWUzM1RFdDEzclhFalk2LWJCVkFDcV8xZzlaSTBPRDFlRmNtaEJub3J5dXl6V1ZpYmhSelBRczV0WEtuRVlUU2FmWTI1RmZwMVlFUUVjM2t2d3NrbWhMTC1IY1V6Ql9MTXNsN2t0Ti1CLW1MNzY1c1lMcEpGTUktbHNybUZROUFzVE9qMkRHR1A5eFE3akRERQ?oc=5,New York Post,2026-08-10,negative
NYC Subway,Bystanders help rescue man shoved onto NYC subway tracks: NYPD - PIX11,https://news.google.com/rss/articles/CBMiqgFBVV95cUxPdDQxUmZkU3ZPam1HTVp6YUxBZWRlbGt1YkZOTEV0Q1BTRzBLVV9SeFEtLWN2N0lOUFRaQ2hZZDIyX3hBVkRYd1FlaVE1SllrZHVvb28zbzNhc21OUFhCN19tUndGRWRoR19EaDk2ZlZid2oyWjJMZElGUkV5ajRrck1ibTBiRUJyQTNsSU5hNkwxd0xLRk9QVkI0TmUwNTNCZm45VmpJTEdJZ9IBrwFBVV95cUxON1d6MWFHRmJPaHBORjFpQ0lNMEVEenJHQm5xVm5tcUNfVjZiTTdpYnlUbkpFWnV1b2dLdW1xVFFacGwtV1pCTW41Zld2d1gyX2x3WmNRMjZGeWhIRHBZTURRMExEUC14Ym5sNXdfQVBjRXdwcENNb3FIdUZRQ2N6NG8wRnFEbjdadi0wY3F3N3lua0VyUExiTm9mUmZfUElmZU9ORGNlZVRmRVFRMjJn?oc=5,PIX11,2026-08-10,positive
NYC Subway,"Lunatic shoves man, 40, onto NYC subway tracks — remains on the loose - New York Post",https://news.google.com/rss/articles/CBMilAFBVV95cUxPQUk0ejJWMkdxT0xUcHhEWm8xYnhLbEpzdGt3enNiM25YSFMySmpVa213Nzd4STlvdzlzeGNlX1laSFFOMGN4NGdabmVCN1cxa2RTSWlZbTRuZ002THRiSDZyV3dHLUNZeWIwUGRTSGhObjQ3cGh3RFRkdFpTV3F0LVNXZ0xMRmhCX2FTZTBZbzBrVFpB?oc=5,New York Post,2026-08-10,negative
NYC Subway,"Gunman shoots two near busy NYC subway station, sending bystanders scrambling to safety: video - New York Post",https://news.google.com/rss/articles/CBMikAFBVV95cUxOdzlWdHZ0TE5OYkdfSlFERDc5YmJ6ZXdwV3o5b1hhMjEtRXZ3blVDVThZNFBjQ01GSm5xTHk4VFVENVVNbnpXb0J2M0hHMUZRenB5NjJldWRmQU9zU0NpdlZHMm84b1o1VzROR0p2cFE1TEtTS3JuLVlvXzZfU05jRURkT01lTXVnOWVIMGxwQU8?oc=5,New York Post,2026-08-10,positive
NYC Subway,A Newsstand That Aims to Delight N.Y.C. Subway Riders - The New York Times,https://news.google.com/rss/articles/CBMijgFBVV95cUxOb0M0Vi1DNmFwWS1UYzRiYjBQTVgyTmpVaXdxc3BhbDRlNkZXU0huSklfNUlKZVByeUh1V25uQUZ6dFowRVdYcVMxSjRtRWowTkJRNHFEeXN1MzNrQmZzUlNCbUNtSWRTTERQS3VORm1BUHhEODFodTZrS1ZxVkxDbk5zbXVRZ3h0UXJoaU53?oc=5,The New York Times,2026-08-10,positive
NYC Subway,"NYC subway fire on train at Astor Place station injures 8 MTA workers, 6 firefighters; delays commute - ABC7 New York",https://news.google.com/rss/articles/CBMisAFBVV95cUxNVUlmdTgwM1F0OEtfelRwbVc5MXRHQVR2S1AyZVJUTnM2Zk1pbG9uUHpzQzhJeGREcmVIcjRibW1oQjFPWmJPMkJJRmN1TktLdHg2Z3NlT0lxU0JlV2h4b1dmaUJoU1NJMjhzc1Q0NEdPc0laRURhbVY0RzBxVnlOcmJKejB6bmZqMlR4QTdHVWJ0WHNKeFNvZW9yNFhjT0JKRkNUdmFWYkhRQTM0N0tmaNIBtgFBVV95cUxPeVFMbG5FNWt0RWRiRktIWTVPSzJjbFpYc3M0NGlvQk1ReUh5ejVoTFpKZVNkSzl5dDlNazJrSnBlcXgwOG9yY0l0dWF4U2FUWkFFcnNYS0VhRUtZOXJwaTUxdGE4WkE3NXBQMGtWMTYzamZaa0E0bjFmVWctSlBlbjRiY3lTMGJwUVpnaERhcGlHVnhRdEF0MG5lZHd6X0NEeFRBWkpjM1JpbzdIYllFWTBoYWw5dw?oc=5,ABC7 New York,2026-08-10,negative
NYC Subway,MTA identifies dozens of traffic chokepoints in NYC subway system as top candidates for improvements - CBS News,https://news.google.com/rss/articles/CBMiiwFBVV95cUxQenJMUnJ4RzNJNTFzcW00dmwycmxfclQxOVVUTXM3S1czTlVRM2Zod2dvSGdrNWJwN2ZRYWJoLW5Rcmw2bGN2QzFtX2RuSGlsZ1RmNFJ2dUVzWVpNUzhPbU94dTEzbUlWbkFXZ2RmUzd5bkhlNHpLMDVpUndMUDhpTTFSV0RJN0ZOVGJj?oc=5,CBS News,2026-08-10,positive
NYC Subway,"Subway work train fire injures 14, snarls morning commute - Spectrum News NY1",https://news.google.com/rss/articles/CBMipgFBVV95cUxQcVhZT2dfaHpTd3NqZ3NTRFNhT3RmWFp3a2hJdVA5RnlHMU9PSWZuWm50NUt5bzM4S200WWFfSEhXbUNSZXcwMnJOaDRmay1UNVZrbTlVSk1uOTJ2dnhrQW94b3FCUkdna2taWDZRNU1GdXY4d0FpMEpUSGU5QmV2UlpuM2dtUXFCV2c4N1FoM01VczFNd2pzTEZIWlI5amFvMkFwcUV3?oc=5,Spectrum News NY1,2026-08-10,negative
NYC Subway,7 years in prison for man who punched MTA station agent at NYC subway stop - New York Daily News,https://news.google.com/rss/articles/CBMixwFBVV95cUxPcmR4dFp4RHFsYldTVEJLb3ZBTXhiWC1lMTctbzJ3Rzd1UDNreWlwajNGQVFTZGJSaWVFaE1reVhDMzBwWWZjOXppVlJrcXVQdm1DVFhZRF81a2JLUVRqYUdYTjdSSklGTTgwTUtrLWhBdl9NV1plM0FsejRVNTF0bS1nQjZXT01ockVibUR4UnNlVDRJNENUT3Rhb1NDeHlUV2lfUUtpMGJMaVlSVC00a0kya1NQbTZORWVGRkVCajg5Wko4VkNz?oc=5,New York Daily News,2026-08-10,negative
NYC Subway,NYC subway train fire at Astor Place station causes severe delays - FOX 5 New York,https://news.google.com/rss/articles/CBMiYEFVX3lxTE1ieVBKT2NzYm12dnlkVzk0UGM3OUJHUExEcTRjSFBqWHBSUjRsV3Z2TUsxbmdBMXRoUS11TmtOaDNfeE1Lc3V0QVNhYUQzNV9ZR0x2R002dkRNRjh3UUFmVNIBZkFVX3lxTE8xM1hEVER4a2FLVWNwTVdxTHFNMkp6ZFUwMDY0b05RSnNORER2TjF1emFIWE1IRmVENHptVDVyelVTS3JpWWpIbElhS2ZBcDNqZWdMb0tTVHFBNkVYUV9uWUZPN2J0QQ?oc=5,FOX 5 New York,2026-08-10,negative
NYC Subway,Five subway lines face major weekend disruptions through August - Time Out Worldwide,https://news.google.com/rss/articles/CBMi3AFBVV95cUxONUZ0TUZCSGhJSHZ6TXQ1OF9rVkdRMldhUkZqR1kyaTNzMFdDeTdCVTlERHEwQUwwMzJfbXZKQU1FLXRJZklfYWVnNDFzaDNfdXl0cVROX3RISDR4SDQxZnFnVFBmZi16QkRmZDctODNJOEdsOGJxR0E0WHBSMmNZNUpRVFIzREhMX3ZlWVpnblhsUjAwUWItcmI4ZDJFUzY0YjJyQ3l6ZVF0NXFFLWUyZFhKYmh0SC1yOG1vbVRsWVlLS2VUOFFFQzNnc1JhYW9aazZlM0wwYzRJaVZj?oc=5,Time Out Worldwide,2026-08-10,negative
NYC Subway,Which NYC subway stations have the worst bottlenecks? - SILive.com,https://news.google.com/rss/articles/CBMimAFBVV95cUxOdXg2bm1lN3JhWGkya3RGNWpIQnhaQXo3d3NfVDZiNVJ4NUpreVRaSzFMYWpMcURsWlQxR0kzRkJFSlR0ZDVmQXNFYzFONWVFWXlrb1Bma1lwOW9YWVlYemN0NUhkN3pGMHplZG5GbVlqaDROd1hFQW9JM2dtMDlZN0plb2ZhRDlMT3FsMkhyR3FPU08xakFUVtIBrAFBVV95cUxPTGxlOEZaN2pfMm1sQ2w2S0t4V0VVVlZJbldoWW5nRzdsTzZfRnlfWjl4WFJBMDRyM3Q2X1JqY2YyLUZvRDlObUxuRFlZeTVySGx5YzhXWnJTQUlxbUhZMDcyXzJuVS13SmY2aFB4elV4U3NBSUZGQlJ5SzNueGtJckxkVFVzWEFtQ2lFMGh0SV9wa0pKRE41bjktUE1MZjVTTUUwY3YtaEdYSmdB?oc=5,SILive.com,2026-08-10,negative
NYC Subway,"14 Injured, Including Firefighters and MTA Workers, After Train Caught Fire in N.Y.C. Subway Station - People.com",https://news.google.com/rss/articles/CBMiwAFBVV95cUxQUmJXSWdEcU5HWWJPbnRPTVpWWmEwNVFXaHJ3Qm83QTh0ZEp3RjF6SDVvZjhjUnRBcWFjYXRvZGhlRmxnZTRfaWFPMm5TNXplVWwxS21mcDZ4VDFhN2lrekVDWmRmX3VNYUNJSDhOXzJjWEItMGVhckNwbWhZckJkODdLYmpuaDdLVnZ0cDRtb2NILXR6M1RBTDNIVloySmZRWlppNGVqLWg2WTV2XzRZNUFsdzZtYjhJNi11UjBPVTc?oc=5,People.com,2026-08-10,negative
NYC Subway,Bystanders help rescue man shoved onto NYC subway tracks: NYPD - Yahoo,https://news.google.com/rss/articles/CBMikAFBVV95cUxQcHNiRVlSbEdnMFVjU2xPdGFvamdhUHc2RW9yLW5iWS12YTh6LWdtSnNpd0wyUEtyclc0eG51OEVxWk9WZjBIa0pjU1dKWkxjYi1ydHN5ekJ2dHRRbUVTMmgyNjNjUGM1eElTVDIzUnZsSmNSYjhFVHA3Y3ZqVDhCaGRGSWNIbFJ5UVMwaTNsb1k?oc=5,Yahoo,2026-08-10,positive
NYC Subway,"Subway fire in East Village injures 14 as choking smoke clogs tunnels, street - NBC New York",https://news.google.com/rss/articles/CBMinAFBVV95cUxNejRNRHBsSGpGLXpEbEZzQmJILVktOUpUbnU2NzkwMldQZjNaUzRQdTJSWjM3a1JlS2xRdHRlRzlsTHdjeE9FeFJ0NGtsT0JlaTBYYTRSZzk0VnBORHJzbUh4V2F2WHk5dW9ldC1RbUstRWhGT0ZLM29rNlBGYTQ3cTBSLVdSdDlJODl4N3Q5aVNZTW1CNm9lRGZBTWzSAaQBQVVfeXFMT2IxMm01NW15SmpPMEdLWE5FaFBMZ2wxQjhrbUJlalVmMUZDcDBWR3lUbjI3bGE2YW9fNDNOZjhfejJlcWptd2tTMEo2R0d3UXJ3eDdsTDhPUW9mOVFfbGp0VlJwZmR0TmZ3SXBCdFp4Ti0yYWtMbEd2WXpzbExianhUT0x3MVRqTVFwU2x6RDFaX3ZBa0JSbUFmZkJmRFBFZkhWQjQ?oc=5,NBC New York,2026-08-10,negative
NYC Subway,NYC subway suspensions and service changes for August - PIX11,https://news.google.com/rss/articles/CBMiigFBVV95cUxNa3JjTzdjTTJ0TGREcmhUZUdDVmF2dG44Sk9ibFJEdEpfSjl1b3J0VGhrWk9TdW1SbFdTWE5lVkpqV09jd2pqZUZfVDVyQ2UwcGlzQTgzcjF2aUtUM19GNWxma09DdHVjQTdzYVRvU0Z1RkhjMm5Sb0JPOTZiTXN5WW9meDB5WFR6eVHSAY8BQVVfeXFMTnBsWk1uUUFrQjRsMWFHbGdIdFl6MldickhHcDNySmFGX01HQllZdm1GYjBoaXBsNWhFTjNjbkZGM085TW9SSVRTZVE0YUtXRlRYbFRaOVg5c2lhOFZJWGxIOGdMWXJNQWRhdHVFVDZFYmVHdkFJeUVtaDhNeVM3VlZDNnlvODREa0ZMN3huTlE?oc=5,PIX11,2026-08-10,neutral
NYC Subway,MTA identifies top locations for improvements in NYC subway system - CBS News,https://news.google.com/rss/articles/CBMiqAFBVV95cUxPUUxvLTVzMGRTNFJKMWhRZGM4dDhXTzFsdkp6Q1o0Yjg2WFFmX0ZqUGhLdnVTVmc3QWJIWjlHZkt2TGNFRl9XaEZwa0IwMDlxVTZKTHprOXVhYU9MbW5CS0lqcnExVHVRU1U4YmptV0haY2JlOTZWaTI3aE9GNlVsaHBNRUQ1Z1g2U1NxOGVuN2pLeEhlaGo5VVFNM3pPVy1MeGRmWHpVdkQ?oc=5,CBS News,2026-08-10,positive
NYC Subway,NYC subway train fire at Astor Place station causes severe delays - FOX 5 New York,https://news.google.com/rss/articles/CBMiXkFVX3lxTFB3OGRfelBuUV9rQ1ZiYzBqRFJmcUVLNEFkQnRaeWF2YkUtNWI3UjNOOVB5OGg4UDFoSWJDM25PbS1RSDhMR0pMblM0U21ReHRJT3liWFlhMFp5UDVkX1HSAWNBVV95cUxNeWFvd2VobTRXSTlXNHF4M3F6c2NiY1FsMC1lMHE0MkdNSzlDN1NhTnB5SExqcnRNX0U2Vk82Yzd4VlBlNDlwMGhHWVdXQk5QS19qQ0sxSzlNcFlJN2NtQWJpUEk?oc=5,FOX 5 New York,2026-08-10,negative
NYC Subway,"Plan ahead: MTA repairs to disrupt subway service on the 1, 2, 3 and 5 line - PIX11",https://news.google.com/rss/articles/CBMipgFBVV95cUxNcGh5SE4wN201RlhoSm1ncDBoQVN5bXQwdmgtZWdmcEJJdEkteHFQMFlINml3VDNZQ0RPNEE2Y01Mc0dqRU9rc3dnSUxETXNpWi1Cd2JoanRoWWl6UHU0eHNwYzhqOXc4cVZPaVoyTU53dE1CaVFDRS1OZEg2UDlXTHdCTU40LWVkcmdBdnhTQlFvOVhMbGwwNXRCSXFET0NIM1V4TnV30gGrAUFVX3lxTE9jTDVTeWRYSS02RHdGQldLeVYyT1Q0TFFqeDBfWDNYV1V4RDE0MHNxWHE0ZjUwMW1aaGJEX1RKMHdPT19ELXh5VW5iYTBySTRoX0FDdjAwTk5EQnpJUWE5T2ZpTWw5UGs5Ukt0dmw5UGp3TXlac3ZfUGRNaThBdmlQNWhjeEhNS3FiaUN4MkpPS1h0OWhOaDQ3SnNiS2VBdUplcWlBZmZXTFVKUQ?oc=5,PIX11,2026-08-10,neutral
NYC Subway,"Fire breaks out at NYC subway station, 14 injured: FDNY - Yahoo",https://news.google.com/rss/articles/CBMiiAFBVV95cUxOTlRZMWpqMU5qSFItcUZiNmFKLUtiRGJJd3N0WFUtRG1MWS01cUNqZy1nc3REamg3d2JTUWY1U2hCQVpkYjRRQXFmSmo0aWF5Y3hETTVsMWotdEJ0WG55aC0yU0tMaENWTkgtWTRueGVWUlhNZXFRWmlBdFpZaXA4bk4xWEZoVWs5?oc=5,Yahoo,2026-08-10,negative
NYC Subway,MTA installing new vending machines in NYC subway stations: Here’s where to find them - SILive.com,https://news.google.com/rss/articles/CBMizwFBVV95cUxPTFBDT21uMGYzbW5samdJRENVMmpaMVJzSEJ3T21IWDB2UzVZai1DVHRJenVtcFRubmw5cEpBdkhWaVFKM1hkX3NOTEl2SWFNVmtLTDhWdVVpSDF0RDIzY2Z6bE1ULTlxSUNsMDBxM295NFdJcjc4NmkyT0FlT3psYy1ERVYxeXAwbDBzdlpETzR4bC0wWEExQUNZNFo4M3hGSXB3amFrVFlxVlRrM3ZDTFA4NUlaT0tBTU5tdl9GRkFUdHBxdVh2U1lvelREUk0?oc=5,SILive.com,2026-08-10,neutral
NYC Subway,"NYC subway crime: 70-year-old woman randomly pushed from behind onto tracks in Midtown, Manhattan - ABC7 New York",https://news.google.com/rss/articles/CBMitwFBVV95cUxQN0tGREwyWS1HUEV2aG5qRmJQMWk2enlfc2FqcFBwbUJOazFFRlJfdEVtdDBzM050REVGWnYyR05TczNtcVFQYXBNLUk0Q04zdmNZSGpzOVhkY0pjSlh4a1VxTmNZX0tzNW9zbDl6TGRrdUhPY09wLTNnOVBEd1dTblFnYkFnMkw3U0hxTjdTcjFtNlZPdjJ1WkNlN3JPZjNnUkxFOHdTblI5NlhmVjh4Z0I3ZzNqeE3SAbwBQVVfeXFMTldKSFlsMC1Wbm51MWtSSVlyUTFIR1h5bEU3Yno2M2IyQV84SVlHZ2tsYmtPc2Nqc3VQeS1RZEtsLWRadlBkWVB1eDF4WTB1aG1RNDU3Y3NYY1poZ3dpcEt0d0d3Z1VseXBVZ3VIWUh5Nm1RQmlnNEppcVI4R2V6cjMxWV9iemJKY3hFYWNKcDBaZTQ5eDNRZGlEelV1VDVFMVRIdGhyY25ubUl1aE9BNnZKWVRHY0xvaGo1Zks?oc=5,ABC7 New York,2026-08-10,negative
NYC Subway,Man stabbed inside NYC subway station: NYPD - PIX11,https://news.google.com/rss/articles/CBMikAFBVV95cUxNTUZBQWRrNm4wTllWMjFTUkhrX1RuR3Y3a21CX1EwSW9SMkcwelB6MVp4U0xCRmtIcExGU0tiUGc0emoyVVVPY2I3RWl1ZjMyOHd4TEJYSGpjUGEwV2ZJTUo1WmFoT1UweVI4cEUzM3lzOWJqM2xxVFFUZXV5THpFaERKX3lXNHZtdkFhM2VtUEjSAZYBQVVfeXFMT3FDcFR3TUJsNzhWVmU0bmo4MnNfYk5RdGJQRFo3Tks2QVoxV243RjZ1R2NkZlJkOEdnbE9HNUU2NXBmeC0zRVRjNUQxV3BwSG5HdlBsdmNydUQ0SU1fZ0FwV09wZThwdHZhY2JWTG5paDlFTS1pYjhwN0dHSmZMZmdWV0IzREpHOXFWbjA0YVV1Wm5Tc29n?oc=5,PIX11,2026-08-10,negative
NYC Subway,19-year-old brutally beaten on NYC subway train: NYPD - PIX11,https://news.google.com/rss/articles/CBMikAFBVV95cUxQVU82MXB0MWlUOWZqTFQxQWtMQWZfNjVNSDJPWEpUMm9zVjktRXVuWWF4a0ZYajRQWFpsWjY5T3VUb2NvR283bFMzR21HdEFqbncwNEEzQ2NmYUl5TU1MM2hPbmJEeHBoRUVCZGFIU2ktbHFUV2xGdkVIQm1WMEFTb0lfQ0Y2QzJ5bVh2R1VGM0LSAZYBQVVfeXFMTlJWM19HNVNidzQ5WVJ2Y1NuX0ZESFVkaWlYTWZuUmdLU0dBbTludkR3UzBtOHpnSGQ4bWI3dXZ0ZkJoOUlOLTVMY05wd1ljc3o2aDRxY0Q0THdiZmhONTFyMF9YQWllTkVrOG1TMkRSVmp0R0ZVNkxZT1h0TFdfR0IxSmdkblZQWmZvdEtTNnZnRHhYWHJR?oc=5,PIX11,2026-08-10,negative
NYC Subway,"NYC subway fares, tolls could go up again in 2027 under MTA's new preliminary financial plan - CBS News",https://news.google.com/rss/articles/CBMid0FVX3lxTE5FbXJ2OWJyWTA3QVlKNzhYTnRYTkFheTg4V1ZhQ2lHNG5ocWItbmpLc3Y3a05COUhZVUFlN0syOUQ1dXJqSGxOM0ZOa3V0ZGlFQ0pFWVA5TzZwYnBteXdreGhabHJwVWEwQjdUMnRCSjY3cXBvbDRF?oc=5,CBS News,2026-08-10,neutral
NYC Subway,NYC Subway Ridership Has Recovered on Weekends but Not on Weekdays - Apollo Global Management,https://news.google.com/rss/articles/CBMiywFBVV95cUxNM29PcXluYzd4VFNwOEM5UG4tdi12akpUTFZiV1BHYkdURVdXdlUzT1JDSEZVdFVYam1wSW5lOXk0U3VzTDhLX1pqVUNOU2FfYVVTQ2lxemtKZ3pERk1pVEZTQ3FNLU9BTGFtQ05tdDJ1dVJud2hHbjNDWldJckdWVG9hTDlaRTlEX3B1aUxtc29EZDBJajB4SlVPWXR2aktjOC1USi1OVzZkRHBHT1o5UFlJbThzbXJ1RFZtNXlyN2NpNEdxSkE3U3R0cw?oc=5,Apollo Global Management,2026-08-10,neutral
NYC Subway,"Exclusive | NYC subway riders push AG Letitia James to probe OMNY cards after claims of extra charges, phantom fines - New York Post",https://news.google.com/rss/articles/CBMixAFBVV95cUxQdVFhc3dCcVYtNnJaU0dhQnZHODVkYkRFbjhGNkdTdlpHT2RsbjZfSFExVldiMjR4SDZ0R2dnbGZTR1RfZDNKX2JnSGFUNEtBYXFrTWY3TWVKX2tmWmJFNWQySUh4RWZuQ3pqTHh4YjkxRnNzWHl5bDFReUd5ZWtHWWdEdTkzWVBpWGQ1M1BHUzBSZDRSQV9nWFNPalRKQlNmTnNBRDd5YWdJeWNzbE9vdFlHbld6b2xnekhtaFZNRG1OMUlM?oc=5,New York Post,2026-08-10,negative
NYC Subway,Old NYC Subway Cars Have An Unexpected Second Life On The Ocean Floor - bgr.com,https://news.google.com/rss/articles/CBMiiwFBVV95cUxQSWx2MWtPU2JNa1VhNXJRMk9yUzBPQk5xZy1MNXNUV0lheTFaZ3dSd3dLaWc1WjA1Q0xGODBZdjhVRTh3YVNpeWFfaGpTTWFfWmdOTVB1WWQ3VnE4eGRWU0tPVlZzYkpFRm94NW5pQjNCV3ZYUFlaS2ZCNDhCcnp3TmlVajVRMkplZGY4?oc=5,bgr.com,2026-08-10,neutral
NYC Subway,Major MTA repairs will disrupt NYC subway service for 5 straight weekends through August 24—here's what to know - Secret NYC,https://news.google.com/rss/articles/CBMiigFBVV95cUxQSXBRUjN1MHl6UzdsMXN2OU5xUTdqNVFZT0tsbzJYckc1YXZUY3NISmlHQmRQQzhKSHg1M2gtN29Hd2ZhbTlQd01GNWcxcXNGRGlNSGd2TGt4czdjYWllT3Q5YzRkdEV5U2RjaWdPbjlsUkpWblB4SURNVkRNWUNLM1dGMDl3WnYwWGc?oc=5,Secret NYC,2026-08-10,neutral
NYC Subway,The surprising geological wonders hidden in the NYC subway - National Geographic,https://news.google.com/rss/articles/CBMigwFBVV95cUxPd2o2emRxZ3A5QVVDNWJYZjQybEluQ0dZNHFZUFJOU0JFY2ZtakhrWEYtbnl2WnduNVdFU2w5TURTdGdwUVE2STc4MlNoZmJ0WndFUkxfWjRLS2Y1VUsxRmFVeEFNbTNvS093dUxGU2ZUaXd2NWk0TFVLbWp1RVFuVUpkRQ?oc=5,National Geographic,2026-08-10,positive
NYC Subway,Violent parolee arrested after allegedly tossing elderly woman onto NYC subway tracks - New York Post,https://news.google.com/rss/articles/CBMiwgFBVV95cUxORGc2b0RDaDB4QkxraVpyUDNqLVBQUDdhNnN1STBaNXBHTlB4eU12U3ZYLUhZQktDZm9wTTMxRHVKVnZaZHRyUG9fbVNodURNcV9DdlUtZHN5VEVhbWp4WDJPc0RpSk4wNTFsQjRWU2gzUzFxQnZ4U2t1a0FtcmdHLW9CMzU5SjZsc2dXMXk2cHEzRkxJRFEtSXNvRkwtSkV5NEZ5RklYbS03Y29iNlloRXVFWHNCalB6WFBVRWYyTG45Zw?oc=5,New York Post,2026-08-10,negative
NYC Subway,"NYC girl, 16, hits beam during dangerous subway surfing stunt — and miraculously survives - New York Post",https://news.google.com/rss/articles/CBMikgFBVV95cUxQWHJVSmNQZGNWUUZRTFFtZTBzWW9WR1hidnJ0cm5rVm0xMTQtajhWNzJSN01YbkpMbk03VEZacU1sYTQxX015NmpQQV9TSnhEbC00VWwxdC1GaFRsYzBRaG5paXJtLTZuTGZMZ3NqY0pwS2MwN0oxR3FjU3pwYXdkQ1BXSnpUdGV2ZmxsQW04OGgtUQ?oc=5,New York Post,2026-08-10,negative
NYC Subway,Teen girl shot in chest by masked man during robbery on NYC subway platform - New York Post,https://news.google.com/rss/articles/CBMimwFBVV95cUxNQzM0OXhvblVTTFlPTlJRTHY4MTdyMlRpWEJydlFNbTlrYU5lYk9Wb3lQM1Y5V0dBNzV3Zlc5TkNTdEdfcnRIY1AyMGlwS3lJTy13Y1ZCMi1JbkFPVy1zQklQTE9qSGIzaUk4bzg4c0YzUm9Wdnh5bGR5WTJJRDBVbzY1SzBMOVBjVmpqcHhjUHNOSk94M2xFQTlEOA?oc=5,New York Post,2026-08-10,neutral
NYC Subway,26 NYC subway stations are getting brand new snack and drink vending machines—see if yours made the list - Secret NYC,https://news.google.com/rss/articles/CBMigAFBVV95cUxPcFYzenNFVEFMWS1oZE02MzU1WkNFcXdqX2RTOWZtQklndEcweVJLdmlSTURtT2FRNWRsQlJBUG5KNDFxQTktZFJGdVY4elRsVWdhVXYwc0llM0VuT21pcFBOUmtmYVhyVkRQX3M5NHIyUG5KYWY4LUJUU2duREVSUg?oc=5,Secret NYC,2026-08-10,neutral
NYC Subway,Major NYC subway service changes planned for Memorial Day weekend - PIX11,https://news.google.com/rss/articles/CBMingFBVV95cUxNUmd5RTUtVlZidXFVcEpVX2p1dU1hcDMzajc2OVNLbHE0ckVNQXA3MWs0TmVfeXlKVllSVVU0N2Y3eXp2RGlJeUZ2NVE4TFhZRE95Z21xYlM0cEhJeWZkczVmdDJ0czQyTXN5Z0lNUTc4T2tlRGZvdjBqRnU2anRZLXVhelk1cDRKN3FJUnZ6eXM2SjM3d04wc25OV3QwUdIBowFBVV95cUxNVmpJN0xNbVdHNGo0RTVwMVRJcU5zQkJ1VUV5ZjRZUnRJaUR6RkRMcTczdmoyclh0SVZBaG5PSTZhNkRRdG12RWVZYU5SOFdlbXlCZTBWZ2t0TXJSbFFac0JtS2o3MER3V2c5NjVpSC1HTFlBWnhJMFcwVWlRMlVaenhzQUI5a0xvS1l3dE5BWk5PYkpCcUJOVXo1bnhoNThmdzlZ?oc=5,PIX11,2026-08-10,neutral
NYC Subway,Ignore Mamdani’s gaslighting — NYC subway violence is worse than you remember - New York Post,https://news.google.com/rss/articles/CBMiswFBVV95cUxOY1FFRUE3b0MwMlU4dFQxcVNXRkdmLTBaQmF2ZlRQbkpzc1JjV2FvZlNsRnluaEhNQldBT3JEajZ1dWJndVZTV1FKdVJwYzh3YTlWTm9lcXo0cTBpWkcxeUZBTGhOc3RDcE1sUXJzMHYxZlY5Zjh1WEJXeS1IemRLTFFONGZPcDBRckdQdHpLazNLcU1ScjhKUkZKLWMzMXlIQmlhNUNOblR6LUNJVEpSRjkyQQ?oc=5,New York Post,2026-08-10,negative
NYC Subway,Man put his fingers inside woman riding with 4 kids on NYC subway: DA - NewsNation,https://news.google.com/rss/articles/CBMiiAFBVV95cUxORHdlTkFZWWhYZEVrQk5DUE1YUlJaUG5vdEFwU1lCSDQycWMzZ1AxQkxsdFc1aXlxdVY5X0dGaG0zWWxidXItc1B2bG15SmJIdDJLN3phb0t2REVWbWJxY1NvU2dBdTVCcXZDZEh5cm9FQk9GeWZyb3c2ajdLYXRrc2F3N2FPWEhW?oc=5,NewsNation,2026-08-10,neutral
NYC Subway,High school senior gets over 5 years in prison for setting homeless man on fire on NYC subway - CNN,https://news.google.com/rss/articles/CBMiiAFBVV95cUxNN2d3N1JNdFRwcElCX0ptYnF5S0VUb19iRkQxX2hwcU9VTDdrRk0yMGpGVlNaT3VCbmNNQ0dyTk5NZWNMSC1ka1c2LUFLeF93V0JmSXNHWE5wdlBGdldwZThmRjBONG00UE9lRm56OVBMMldlV1czQ1dteEV5MHRzam1VTXI3V19l?oc=5,CNN,2026-08-10,negative
NYC Subway,"NYC subway riders face major 1, 2, 3 line changes this summer - SILive.com",https://news.google.com/rss/articles/CBMioAFBVV95cUxORzVIdzhYRWk3OWJzdGJ0WTY4UFVRRG0xaXFhVHZOZmRPdl9oLV9LVkZyTno1bW40OEhjSW1ueDdHc3ppeEQzRG8za2RuRGV3NGd3V29nUlA5TXBiQVU2MFVaWmlaMjhDWHI4ZUc3c0xDS0U3YTlSNS00WGlyOHloT1U3THhlb3R4YmJ0Z2dKQTBFWlVNUnVMUlloeEJkOVJ30gG0AUFVX3lxTE5fU0NoQTJqNmt1ckN0MlNhVlFWVEsyaEpzQjFRWURjdzNfeEtqWHpGcUlOdVFWNGp6TE02SUJyeHlkLV9kUnB3MTZIVTlzX0s0R09QYjhUQlpMSlNSajhYS3ItUno5RnA0TWJkWko1MWoxc0cyYl9ndU5vVWhieFdWNDMyaHZXSzVqWjRsOHIwWDMteVFLRnJmNFBwR1hjWnRlSjFDUnRvRU5iVVI4V3k4Z0xaSw?oc=5,SILive.com,2026-08-10,neutral
NYC Subway,"New app combines NYC subways, buses and trains - Time Out Worldwide",https://news.google.com/rss/articles/CBMiwwFBVV95cUxOdjFZLWp6NzJQRW44bDk1M2tUOVZ5WWhQMEdPZ2YzXzNpcDlUS1pidUxicHlzRllpOFFCWktMZE5CV0kzeDNQSDVmYVFhRU16SThVaWhoMHAwTlZpQTZvVjgyUkNZX1dZM202TUpVdmktUDU4TjktWmVYaGZ2T2hfS1dPcVZsZzR1LTl5d0ZNSy1uYXdERGUwYU1iQVItd2lKZXhwOVZRR01BXzN1Y0w2STVCanBXQnp5V2Q1WkxIT1Z5c2s?oc=5,Time Out Worldwide,2026-08-10,neutral
NYC Subway,MTA debuts trains celebrating different countries for 2026 FIFA World Cup - NBC New York,https://news.google.com/rss/articles/CBMijAFBVV95cUxNQ0Z5YVZwT041eEdhYllmX1FtalNWTUJ4UWkzandmQUhXaEdMRHdBU202UUFtUU1aYjdORXh3SjNZXzdaOVBySFU1WnV4djBLeFFZLUhUaWstelplaWl5dDlmWk5SYTV4ZGpITmhoR0NYQkxyRkVHUTl2d3g2TmxxeVFjbFBQSy1zMVpnUNIBlAFBVV95cUxNUVZVeVVyVnlZX28tNW1SS2pqc1QzT3JCQVppSzlXV3RpeXNYYTJfemwzY21lVGhHTzV6dnVxS2pGQlV3YkpaQWMzUmwwMUxGejBiQXZIWC1XN2xFdC12b0I1azBKZWh0Q2VCemZXLXN2SU9XWkFEWHVxS0NfU0JnZ1o2cWg0MlppWVkzclhtU3Vvbnlr?oc=5,NBC New York,2026-08-10,positive
NYC Subway,"Fiends beat, rob sleeping straphanger on NYC subway train: cops - New York Post",https://news.google.com/rss/articles/CBMiogFBVV95cUxQdFZNTG4xcVRqWXZ6MWVkVE80U2FIQkUweXhXTVNmeTV5eWRyM0d4ZWNqWlAzWkVLSW9wQXJsSlBTX2VEaXhxLWxvOXhfdWlGYmRBWjhOV0I5S1hLWC1zLWNnZndYMk01WnV1NG9yQmRwQ2FVSXVwY0RHcE1zby1jaXZGejA0OUluSUNveXhuM3lRUndoeG5DVGs3c1IzdHM5VkE?oc=5,New York Post,2026-08-10,negative
NYC Subway,Exclusive | NYC subway shove victim recounts terrifying attack by unhinged stranger: ‘Nobody helped me’ - New York Post,https://news.google.com/rss/articles/CBMirwFBVV95cUxNVXNoSWJrZktnTWxZTkJkazVqLWZZajkxQlBJUUtfSTNNbE81UldieHJuUkUyY1R6NzE3cUVqa1AyNzdTVGhqMEVobjBqWGpvaTN6M1BSaS1xV2xyOS1ZQmIzaWthN3BmSVpEMGhWU05xLUNtd2tySDJtWEljazJ2bFZEYW1HNE1zT0N3V181RTFMb09NSFV4Rlo1SVEyeHFaRVU4ZHlGNEVFMXFaVENF?oc=5,New York Post,2026-08-10,negative
NYC Subway,"Exclusive | NYC's subway crime spikes in all boroughs, while citywide total down 1% - New York Post",https://news.google.com/rss/articles/CBMiqwFBVV95cUxQRDdXUm9xdGxKdzhOYlhkRmRITXV2cnpiQnl1MG5Ma1FBdnhmNGpFZXJpNXpnM1JDa1ppOFNuRE9ic2pOWEdaOW82YXVIaVlBbVZ4VlN6VWlvaWZ1WGU4UVY2M2NfdVBaMjJrV0M3LVRZRkhaZ25WZ2tLZFlZZFZIQkpVR3VjS29BeDZNUTRuQjZDU21laTA5eGI1UncwY3RxVlRvUFJLYllKdVU?oc=5,New York Post,2026-08-10,negative
NYC Subway,World Cup-themed subway trains launch in NYC - PIX11,https://news.google.com/rss/articles/CBMihgFBVV95cUxPd2NyLU9YVlphRl9DRFJTSzBhN1FySWllcTNxUEwtVk1DbUFFT1hiMjhNRElGYkdLRTVRT2tUYUQ5cTVDOXdsQ2FQcWxFVkVuN0NNYWY0MW9YNkxLYUpONkJqck9YWWg2eFhZQnNxRGMtdVlQZlNHY0pHRnJNbDdfc2w1UG0tQdIBiwFBVV95cUxPU19ySzdLWFU5ajZxUTlfaDRpN2ltZE5XNDI3SWstNU1UM2JLZnFjTHRGdG8wNjRtR1VpYS01d2Vlc0JISG4wRDExSHM0RHdMWDVUS1d3NEFLWERlZkFUZWU3cHhRRUN6QWVyYmVUbEVOejFWcTIxSmFPenVtLWE1aFQzbzk2TnZjbUNR?oc=5,PIX11,2026-08-10,neutral
NYC Subway,"NYC Subway Looks to Replace Over 2,000 Train Cars in Aging Fleet - Bloomberg.com",https://news.google.com/rss/articles/CBMisAFBVV95cUxObmdyRkJfMWVfYTlwZUlqanlGWkVBdElPS0VkNHk0V0xaT0dhLVJVWDNQVlYyRXdSX3dMLTE5X3FjcnpxaHdQQUw5dlRENF9tVGIzLTFXdHc5UHVpby0wX3FPRWdXWHdNQ3E2MDkxWHA0QXJ3d3BXeWZoNFFkYldOUW9RY1RSZlc3RFZwOWtLMEVscVRsdG9tWFlBRmpLb0IzcVE1REZyU1ZiUWszV3dXaw?oc=5,Bloomberg.com,2026-08-10,neutral
OMNY,"OMNY complaints mount as some riders fail to get fare cap, transfers - Spectrum News NY1",https://news.google.com/rss/articles/CBMiuAFBVV95cUxQS0ZwN3FLQjBRYTJUbnU0WmFBbEFEYzh2bmk0bUJmN1RyN3VNRGJVRGd2WnZfbjh0dWdQcURyWHpwbENVR3hvcERzQXN1Wl9BU1BmUVg0SFlUQkFDbm5Zb0NNQzJVMi15dWJ5Z1ZZN3RXNFNPYmxveC1jcHViclJWS1I2cVNWdm5ZcEY2Sld2b1FoREJiRE53QzBnUU9JODZMSUZQNlFLeGVGSnVjb0FqWFlYZUFNckI0?oc=5,Spectrum News NY1,2026-08-10,negative
OMNY,Farewell to MetroCard: NYC commuters embrace OMNY - PIX11,https://news.google.com/rss/articles/CBMiigFBVV95cUxNenNiYUJwV25uUWUwWjN0cXl2Sm9CRUZibGZlS2tHakZyQ3pFdVA4V0FWTzAwRkZkVDFkdk43MjhvTmc2R3dyMFplV2lqTy1wTGpJVUxUeU5SSGNXTTRMMVFzQlhORzhkTnZSMFBSWmo3M2ZZbGpaSnZib24wUHNOM1owM21UUjlZakE?oc=5,PIX11,2026-08-10,positive
OMNY,"Exclusive | NYC subway riders push AG Letitia James to probe OMNY cards after claims of extra charges, phantom fines - New York Post",https://news.google.com/rss/articles/CBMixAFBVV95cUxQdVFhc3dCcVYtNnJaU0dhQnZHODVkYkRFbjhGNkdTdlpHT2RsbjZfSFExVldiMjR4SDZ0R2dnbGZTR1RfZDNKX2JnSGFUNEtBYXFrTWY3TWVKX2tmWmJFNWQySUh4RWZuQ3pqTHh4YjkxRnNzWHl5bDFReUd5ZWtHWWdEdTkzWVBpWGQ1M1BHUzBSZDRSQV9nWFNPalRKQlNmTnNBRDd5YWdJeWNzbE9vdFlHbld6b2xnekhtaFZNRG1OMUlM?oc=5,New York Post,2026-08-10,negative
OMNY,MTA boss says agency ‘developing capacity’ for OMNY to show balances and transfers to riders - amNewYork,https://news.google.com/rss/articles/CBMid0FVX3lxTE40T09RMndjUDFoVHFmVC1VX2ozRjVKd29BamU1aXpTWGRIY1d1ZURrZFJ1LTVUQ2UwWGtFemt1UFFlYkM1R0w3UThlWElrekk4NFpieE5PdkNQU0F3UHk1d0U1STF2WmV0cGF5cUY4WnQxYWp2bFI0?oc=5,amNewYork,2026-08-10,neutral
OMNY,"Goodbye paper, hello cellphone tap: NYC to pilot digital student OMNY cards for some schools - Chalkbeat",https://news.google.com/rss/articles/CBMilgFBVV95cUxNZFoxc21fcFVyUzNrNkpua044MWJxSHZrSXgwLWRndHJtOFBwbmVMZ0lqRVRsdGxGVmoxR21IV0pQZFpkaE9mVFBxak1oV3RJOHpOTVUwTkhnczNtcVZvOE9iaFk3M3k4Z3Y1M3NRWEMzekxxdlNjVmR6VEJaNklINUt6YzNUY0ZtN3ZvU18zM19jWlh1aFE?oc=5,Chalkbeat,2026-08-10,neutral
OMNY,MTA boss says agency ‘developing capacity’ for OMNY to show balances and transfers to riders - PoliticsNY,https://news.google.com/rss/articles/CBMixwFBVV95cUxOWEZFd0ExVEpVZk9Yb3I1TXRsalNZbWhEY0c2SDV5WGtxYVNFTkl6NlluaDNBWFJPSExaVkZZblBVTTlfSEJSWDA0SXZCVzJDNVZROWxubGN2cUM0SXJhYUJvb0tZNmZ6UE1sRDVZQXFubVNmMHItM3JsMU9fUDRJaUpwRUZ5V1dZNG1PbUV1OVBvMGxpbmxLRUlUMkdvZ3BXOXd5OHk5QV9zWDk0bWxZVXM4eXk4MkI1cFJ2UTJ6YV8tODlpQ3lz?oc=5,PoliticsNY,2026-08-10,neutral
OMNY,"The MTA Is Auctioning Off Its Last 60 MetroCard Machines. Bidding Opens at $1,500 - inc.com",https://news.google.com/rss/articles/CBMirAFBVV95cUxOVUJueTVjZDZPTkE0NXEzVUowQWYxaW10WDNPZXp4WTltaURCcG1idmEtTVBidWNVOXJnMERTWmJuUkdIM1lmY3FXQk5IQnpkOXp3eUExNVB6SWozZEN0aDRFQWc5YV9MdHRpYm5JeVRVVVU1Q2VQVFJoZjdHTHNWY213RUlnZEN5eERMYmdRNE5fOW1HWUtLbDhJeGFtTXZXcDlvQ0R1MUZvOU0y?oc=5,inc.com,2026-08-10,neutral
OMNY,"OMNY processing issue resolved, says MTA - PIX11",https://news.google.com/rss/articles/CBMif0FVX3lxTE82Y1Y0VjBjYkNZT3VaTEt5ZTNDdHVtZ2otN0ZlVTVQNzYxXzNtLTlMcDBDRURzakpPdUQzd0NRclZMRzh3eVJvM1dVbjNNVlFYZ3dMUG55ZnV0TzlMYm1KOHhOcThKeTZIeENkZDh4OU1SREZjbXp6NC1DLThtc1XSAYQBQVVfeXFMTk9yTWZEalE1c1RFUDF2dmVpTkZSbUFTUmtSNDlUME1XTHNSODA0XzFRanVnRWQ0T0gyLVJxZVBLMFh5enpvMkkzVjUyQmhiWVFkTVdUaWVqVzdueDY0QWphWnFXSm9Lc2U3dDJETTVUajI2bEdmMFoxeVR3X0R3ZGhpb2c2?oc=5,PIX11,2026-08-10,neutral
OMNY,MTA developing OMNY software update - FOX 5 New York,https://news.google.com/rss/articles/CBMiXkFVX3lxTE55bHF4c01CLUVlUjVNODNUSlVHRk5RRmtOa1c5dGVKU0NabXpFdWdJTVZDWU5OMW5sOEQ3MmVsa1pNbGFFalRoa0gteGVWNjZNMk96UTJyODZxQVVxOHfSAWNBVV95cUxObk1ncVhBYk1fbGE0R0xJa2FXaFhLYklrbEU0ZnRvRDAyd0NDTk5MRXJWZ1hGU1hVQmJQSS1fdDBiUzNUMEJMeUE5Z0kzb0dhVFlCY3dpeVdSOXQyZXloWFJVSzQ?oc=5,FOX 5 New York,2026-08-10,neutral
OMNY,OMNY celebrates 30 years of service to local youth - GCJ.news,https://news.google.com/rss/articles/CBMifEFVX3lxTE5LVnFsMDJyVGd3VlRDYjhRcENsc2tFa0lpMEY0d19LVlRoX3M0V0J1Y01UTjlHZm1Ma1oxbklFV012Ukp5ekNHeTVEUHphZGQ2NVBGSDVZRU5JUEw3VDRTcEstWllsZHY3RmpEX1VuaFNLLW13XzJ6RURmMEk?oc=5,GCJ.news,2026-08-10,positive
OMNY,OMNY Health Surpasses 175 Million Patient Milestone; Launches Oncology Product Suite to Solve Complex Real-World Evidence Gaps - PR Newswire,https://news.google.com/rss/articles/CBMijgJBVV95cUxQY0ZNREotYTZUWVhuckgzdFhOYWdWa2cwTTE2eHNHNTlLZWZnM2pMUFNtSVJacHZaV0dtYXk5bWVCaE5JQzJDV3Q2N3FzVzJGV1Z4ajFycWFkckFDbzc1amJVTWp4OVVDU2RPa3Y3Nll4NVNOWkIzNnUtb2xUakJoV2psdXJ0T3pjMmtkYllYbkY0YTA4VXhSZHBlRXV1MVRuLUZnNkNpVmw5czZSTXNpN2VNYWlUbHlYMWZNRzVEUnh3OUJWVXRxRzdydkN0bmE1cTk1dGJoM3U3TWM3dnl5SWZoZEF2bDJNcmNRSE1LV2lwWTdBQjdZS3BQSnVSRFlPZjJ1WHlRU1RUT3lMUHc?oc=5,PR Newswire,2026-08-10,neutral
OMNY,Some riders take concerns to MTA about OMNY fare payment as upgrades are planned - AOL.com,https://news.google.com/rss/articles/CBMifkFVX3lxTE1MeTF2a191ZzF0NklRbHNrbTVSaGNuLWpxbXRGdHBpcjFDc20xbGFnbkJhSnctRThwWXM5T0RMajVoUUdXQUlGSF9aSFFEREl0ZDdhMHo2cWlLRDNTQ3I3bEhZQmVKVU1FQ0s2bGNJZnZ4Y251QjlDQkFhaklhZw?oc=5,AOL.com,2026-08-10,neutral
OMNY,"Students, pols call for OMNY card changes - Queens Chronicle",https://news.google.com/rss/articles/CBMizgFBVV95cUxPQzRiaDRhRUw3Sl8xLWlXT0VTVjVtNWhoWVVRTmxHXzk1RGJabGsxQk5rdmJkTEo1NkMwOXJHRHJBelBpd1dWeTlsUldPaTRDN0VsUmIyaGxmbjA3RmdVQnVQZnZWelBBd2lKOVNJT3ZzVjd2ajZUUUxwMk5DSEpTMXBTVUJaZ2lGaVhPbEdiQUtSOXJKeUE2RWxaU3ZSSHNjcy1rTjgtRGpDSm5WUnUyQkRzbTd6dnhVeXdKMTZBWGlsdlZPNkxHUzd2T2ZEZw?oc=5,Queens Chronicle,2026-08-10,neutral
OMNY,Some riders take concerns to MTA about OMNY fare payment as upgrades are planned - PIX11,https://news.google.com/rss/articles/CBMia0FVX3lxTE1FQzlpRm9HeTN2X0ZDNkNuZmxtSlVOQmJ2aUNGSkFOSU9XNWQ5YklJak5QRUxQbktSV0RvYTkyeHp0ZzlXb0ZKS2JBRTJqSDdzXzBtb0RyNldXQVllY0Z5anFjYWVLMTBiY1o00gFwQVVfeXFMTmFkVS1BN0N0aS1aM3MzOExfSmFqVHhLYmVscHNYRmp3SURBTE9OTzdvbmlfTmtUb1BmcHpDVm1rOWp0RnQ4QlR3ZHloX2lnUW4xdWdkWVBqcGg5ZkZYejhIVzlKOE5PRG5PYUhLZV9lZw?oc=5,PIX11,2026-08-10,neutral
OMNY,"EXCLUSIVE: City Council funds free OMNY cards for over 1,000 CUNY students in city budget deal - amNewYork",https://news.google.com/rss/articles/CBMiekFVX3lxTFBYakVQT0x3Tk5ycDVTV2htbnM5SjFJTHdsa0VTMTlyU05BbWRLVmpRSTNRSi1YM3NvMWdLNXlCUHpRZHdtVEI3ZUNlYzJOeUhpNlRkdHVhRkFGU3ZSdjQ2RVV1d0lfYkxfZ3hHbzBpN1dvVWdXdk96NGNR?oc=5,amNewYork,2026-08-10,positive
OMNY,Riders will see more handheld payment validators on city buses - Spectrum News NY1,https://news.google.com/rss/articles/CBMi4AFBVV95cUxQX2NWS0xhUW9vNUE5U0JzbVZZVnJHVVNybFBHdDgtQlFuQ2VtYmlPN2kzMUVaZ2hucWtrUDRLbjBzYU81dEJuaVJxeS00aVJscDl5NmdlSWl2RjI5TEl5WERlLVktanlDSlh6Nkh2X2VxaGxOVnhoMHpLeEhOamxtbHJROUZKaE5jbEVoRHVlTW84c0FTaEljVlNxc05yVGw0WTZweWcxS0E5RlNnNXNtaVE2Y191SWhHbUttN0FaT1VLSS1MV3NwbXlRRnNGSEVFNnE1ZGtMczM4LUZqTWdOMg?oc=5,Spectrum News NY1,2026-08-10,neutral
OMNY,"Take a survey, win a $100 OMNY card: Here’s how - PIX11",https://news.google.com/rss/articles/CBMihAFBVV95cUxPWHpoeERqZWZQU0VCOWctQWFNdWVGcVJIdzFKcEo4bnRUR0xLY1JjQVNRc2xLdzRMdVN1MG5kZ3h5YktBMXlLX2R1Vk51STBTTGF0R0JpZHZJV25UM3VJUHlOeHJNV25sV0FkdzdMd2hCdVhRQm5xYl91RmdWa0Y3dDBCX2zSAYoBQVVfeXFMTm1pUDA2UW9fc0xhUDdPS0lqNnl6VG9RWkYtTmFPQ3JUNXJwbS00Z0dkeEpYbFpUVTNLVncyUFJFQ0xSYTBSbGNfU1ZwbnZSRnI4ckZ5NzlBcGpWV0R6UlpvaVdIZC1NYTZMR3hrRFA5UVFJV2g0dWxXRHBTUl9ReGF6RElYcy0xZWp3?oc=5,PIX11,2026-08-10,positive
OMNY,Free OMNY cards coming for some CUNY students in new pilot program - PIX11,https://news.google.com/rss/articles/CBMiowFBVV95cUxOSm9hblRVN3h0QURZNlcwQ1RnM3pvc256a2xLelZtdFYzWlRobmlZNGI4bDBNVG5Cdzc3b0NpOGoyMHBzLU5PbF8wQ0ZyRjgwbjhhdGNHckgzLWpKNTVkc2MwMl9RT05CMTEzbXdnREJ1QV9mWWFCVS04SXpGQ2ZCR21rWkdBbUcxYTR2MElxcUtJYzJJcnk3aGF1V2w1bUVWTTBF0gGoAUFVX3lxTE1kOFVybmJpd1B4bUJEVGt1Mm51UGwxLXFSUVZMMzQ2UE4ya08zUW1Ha3dHeXdDRnBqelN2bEVSQkZYcFNXTVBFblVDbkdTVGpmNFBvNUx6a1JzU2swT3ZHeFVfZ0tuaS1CZzlBQVlYeXVteEV4QzgwXzZ5OExlcHl0QUpNOGl3UUVUTWw0eUFQeGhieEN2QzFHdloydjQ3dFFsTXVXUHlNWg?oc=5,PIX11,2026-08-10,positive
OMNY,Manhattan man encounters issues with the OMNY senior discount - NBC New York,https://news.google.com/rss/articles/CBMivwFBVV95cUxQOE54cGE2cmlLZ1Y3YVE0elBuY282Ym4wczFUNHpFNlRhNGxiUzQtOHU5YWxURVI0U0xyekZISlhtTDExQ1IzSjB6Q1V5bV9TSmZEQUt1a05YcDA1RlVoalBNbFNXTWxiYWdjcEsyUGI1ZktidVBQRzN6Y0tuem43SnBVMllJXy1MNFFqaXF3RzZrYWV0OU93SG04Zk45M2xMNm43NEI3VmQ0cVpLQTVwb2h5T2h6T3dLa3FwYThFONIBxwFBVV95cUxQcm9wUllqNXVMZzg5clpab2NKTlJNWnlMd2JwYklKZWRjU2pDOVBLWWVsdGwwOTFtMDV5TFJqczc3bDU4VHpzbXY3T1pSenpfcm9Za3lYRWRtdWIxTGtPUUIwOFFNNVFXandnbHI4bnVjVl9WcUQwQ3ZQS2hXcml1cjRBMVhQNEp1ampYRGhGYTFJWkwzcTFQTmQ2cmJlTlE4eTQ2UXdnRFJ5a1N3a1F3SGMzSGtwTjdXYWxwU3F5MDJNX2REWnhv?oc=5,NBC New York,2026-08-10,neutral
OMNY,Some NYC Schools to Switch to Digital Cards for Public Transit - GovTech,https://news.google.com/rss/articles/CBMiowFBVV95cUxNdHNkdVBnRXpQUVVXSk5qZEZSOGR4aWxIVno0cEw3UzNFTm9LUWlxNVFhUUh1cnBvNk1Bb3ZpTzM1dnhOOGNIOFNIbVNWdGhiY0JEWVJlcTktMVIzelFyUGhCSVVJanVESkphaGJBZnVWWEtZZlJrdGMwVk1FczlKZHphdVJBRTF3R1hTbGVTM2lBV2k2ekRfSHlrbllSVnEyOXdJ?oc=5,GovTech,2026-08-10,neutral
OMNY,MTA contracted subway guard accused of pocketing cash for OMNY taps in Brooklyn - ABC7 New York,https://news.google.com/rss/articles/CBMipgFBVV95cUxNdDBRM21QSTQwN0ZnQUd3RVdiZW05SFNqUnBad0hLaWJqT3JpdU1HaF9oS3FCb2lBUEJ4TDNMWEozQ2x2bkF4dzBsbFFUNGU5cVNPeW1RcHVWdGxNLXgxckUweFI4a1BKMVJPU3B1WEIwaVhWOEpwMTN4bFRGNFAwUkVtNndPU1VNZnNJTG05blp5TDN0dkN0MmJTSGJTd1VJVDlPWWNB0gGrAUFVX3lxTE41TlhsQUlNRFo3WlNRanhtTk1Nd1lqd0dfM3JUb2tOR2g5bEpCWDE3ODhLcEttVXltODRFQkt0LS1temdqUEtTT1ctZ09OOXVXRjVWZk9sbkxHaU1pQVNGcmtPOGt1dkc0RHprdmJDdlRCUHp4V1pPaUd2NUEtWkxta2FYTzBUZkJLSTVjNnJMbklhMm9aQ2pHY2tYNUJJbFktaUxkWGt5NkE2RQ?oc=5,ABC7 New York,2026-08-10,negative
OMNY,Farewell to MetroCard: NYC commuters embrace OMNY - PIX11,https://news.google.com/rss/articles/CBMiiwFBVV95cUxPd0dwT0lrRzFTMXY4WUhOckNUa0p4a0tCS0lkOHd3QWE4ams2LVlVeEFRYngtcFpJdV8xdmt1LUY3c0NJM3AzV0xHeVVwTjVlajRjMlRwVER0eHdqZ0V5dlE3dV80bVJVSUtET2tjTTdyWXdsYzZDLUhaSTdFeFg5dWVzMmpST19aZkRN?oc=5,PIX11,2026-08-10,positive
OMNY,Security guard accused of using OMNY card to let people into subway for cash - CBS News,https://news.google.com/rss/articles/CBMitgFBVV95cUxOQWdxYm15dUtzNjhmcktYQkwwb1JZWXpRUUkxa2xMQ1JGNzA2OFdCb1M4NDZLV1gtUlIwb0xZNTItY0ZwTURQaktGa2E3enJKMVYwb2o5bV8wY3A2alhxdjI3NDFDRGx2VGU3ZXJGMXYtUzZwS0FrUHZxM1dvV1IzSl80V3BuV2l1X2lxcE1zUU14a212UmJKR1ZIaTQ0OGlpZkRfeks3MjgyRmZLWExTUkpYRGJqUQ?oc=5,CBS News,2026-08-10,neutral
OMNY,MTA gate guard caught on camera trading OMNY swipes for cash: agency watchdog - amNewYork,https://news.google.com/rss/articles/CBMifEFVX3lxTFBhOTd5MmY5VTFZZWMyTjg2TmFXT0RpYTZiSl9SM3hpTGZtQmhiQzE0bDlDMjY1T2tIRWxFQmNkV1Q2VVI4OHcwXzRSSFl2MW5JRDVaM2lvbEZWT2ZtRFEyRkc1ODJKV2QzUElWVFZtaHNqS1k0ZFNoMHpxVmU?oc=5,amNewYork,2026-08-10,neutral
OMNY,Some NYC students will get digital OMNY cards - CBS News,https://news.google.com/rss/articles/CBMijAFBVV95cUxPZTlIMFp2dnAyRjZncGVoRER5UlVJWGpsSGxRR0RKazFqTHVxMVFIeXNhNndWSHhNbi01UTFjS2N3YlY4b01qbldTQjc2Vnl3ZXZlSnpJZFVyTmVZUzZZN0VNRGVyWGxXeXZjaHJUNTFhYW5mbnJ0VDhKVTdqeE5aSTBUV1ZmN2pQLTRQUA?oc=5,CBS News,2026-08-10,neutral
OMNY,Nyc Students Say Omny Card Problems Are Leaving Them Stranded - News12 | Bronx,https://news.google.com/rss/articles/CBMivAFBVV95cUxPRWY4TGUxbTBTSEhLNTVpdVNMcEE0ekQ4SW5EWHU5cjhHN00yWFptYi1LTnVmZ2pLNVdhRVh0NXBZZlBBeURKTThWWS1wV25pdEV5NFZ6NXI3alRwRzcya1FGbl9LRi1LcGZxUUN1OThBUjRwYkQ4b3J6c2M4TkNSajdRNWgxcHl3a1UxU1NCZVdId25icW1LaEgyREhBSjRlakRrRkRnVk4yMmJvMThNTDlQUmZiMWFKUEJ5eQ?oc=5,News12 | Bronx,2026-08-10,negative
OMNY,Civilian agents with handheld devices are being deployed across NYC buses to verify tickets - Time Out Worldwide,https://news.google.com/rss/articles/CBMi0AFBVV95cUxNRnZLMHZvdXkzR0tMS0VPRTNPYkZYVWpQU0dWYUphdGE4ODBXQWpaN0JQSldxWUY5Y0Y4OUVzUVl4OFViNm41NTBNT1VwYlBFLXYxdy1mSmx3YXlZT0Q2TXhyenVPTXg4TUJ0VW9pem11dnUwS1JfSTNfektVY2R4cHZ6REs4ZFdRVjNfSzZLZDJzckdiSXBGQ3BSd3hKeXZWU0pJNThidk4xZzVfU1E5Uk5wUnVBY2JzWC1PaVJ0aVlrcmRVNTc5WmZkS2Y4bF9Z?oc=5,Time Out Worldwide,2026-08-10,neutral
OMNY,Expand Student OMNY - Transportation Alternatives,https://news.google.com/rss/articles/CBMia0FVX3lxTE9vWk9WRjlRb28tclFKd0JNaWhBUzhmZ3c0dzY2MW5pNGNBQ0pWdUtKVldjSHNwaHcyRlo1ZkU2NldlQ2l6enAySVBYU0RhQlRnMEgwVXlFcEpkX3hIY2Izd2dtaS1BZFZFZHN3?oc=5,Transportation Alternatives,2026-08-10,positive
OMNY,"OMNY processing issue resolved, says MTA - AOL.com",https://news.google.com/rss/articles/CBMifkFVX3lxTE5FX3I2ZlZQaS1jcTlXbWVyZEhuWnBLNmRZN2pWTGxFTF9DS3l5VUdDdlhPS0Q0NzBLS3VldlM1XzE1VlRIVXc3X2dnLTVDY2g3eWc3bzNDSWFPS0haSWZFRGlLeU9ZX1ZtY2ZTX2otV1dOLW9adzIwX3RhQzNjQQ?oc=5,AOL.com,2026-08-10,neutral
OMNY,"Borough President Hoylman-Sigal, CM’s Marte and Restler, Riders Alliance, the Permanent Citizens Advisory Committee to the MTA, and Students Rally for Expanded Student OMNY Cards - Transportation Alternatives",https://news.google.com/rss/articles/CBMidEFVX3lxTE5LempCNDNycnZFN0M4bmxmREg4TTU3QWc1bG1FeE92RGUySmJ4bWE3blYyRTBjQzA5bGF1cHdxQWhUbkoyb0NuMXlyNVh4S3N2b1R5Mm1uS1lmbGNkOXppVTN5c3pxZFNHTGFURUVGSUlJTm5i?oc=5,Transportation Alternatives,2026-08-10,neutral
OMNY,"Kids demand fixes to NYC's student OMNY cards, saying flaws encourage fare evasion - Gothamist",https://news.google.com/rss/articles/CBMiqwFBVV95cUxQd3hHMUsya1BERUpDOGMxaVVsZFRMQm1wQlB0UXo0NXBVQ3lKR1dUQVR6VWNUbzk1RmJ0RE91OUVQUDUzVkJjTElJSkR1eG5UZWg0eTR2aFR4WG5ZZHBLWDFMV0pna0lXUU0zdEhmVG1FM0RFdVF5QTdEMC1EN0tjSVZZTDkwWkhWOU41NEVLVzZnNkRoYk56anpUWDA1Y3Q3ZHdVLV9VLWd2dmc?oc=5,Gothamist,2026-08-10,positive
OMNY,NYC Student OMNY Cards Go Digital - Patch,https://news.google.com/rss/articles/CBMif0FVX3lxTE9CYlZ2Q2dPUF8tb2NvSDJmc1NkcmdKNjBnOHZFNlNXRVhfLXJRTnpieDl4eF9rLVJUdy1rOVg3clBqLUNBQTVZNU1idHpPdlBuVUxraVI5VDY0VGRDNUM5VmVDVHdBd01ld3hUampnb3ZXVm5nQUxkYkVHbUJVd00?oc=5,Patch,2026-08-10,neutral
OMNY,NYC Transit Just Got Rid of MetroCards for Fares. The Successor Could Put Your Privacy at Risk. - Reason Magazine,https://news.google.com/rss/articles/CBMiggFBVV95cUxNRUFYSXo2NjhWRUR2RFZRRTJYMlBIUDRoZEpjQWZYVGsxUlZua3JQV1labEZwczB1a1hHMl9LS2dWYXdhSmRTTDFOR1ZKNHdONHRuZ1lKNVlCVzU1aGxKak9LeXhQdl9Va2RST0JBQ2lNa3VUc0I2Ri1oa1puZXhncVJB?oc=5,Reason Magazine,2026-08-10,negative
OMNY,You Can Win A $100 OMNY Card By Complaining About The Subway Right Now - Secret NYC,https://news.google.com/rss/articles/CBMid0FVX3lxTE1DZVduMDVfSVNKY0lubUc5WGdnVXFRbnVyRzhuQjlteTRHMmRPYjdWQmRQTkp0cW01U0FlUDI3em05X0dtQVV5TWlCMERBUExmcWpZbE5fd0RrM3NQb3NOR0VETjY2RE9VRVFWeGU3cFM0Q1c1X1lN?oc=5,Secret NYC,2026-08-10,positive
OMNY,CM Ariola calls for ‘unlimited and universal’ free OMNY cards for NYC school students - qns.com,https://news.google.com/rss/articles/CBMiZ0FVX3lxTE8tZWNuSk0ydlBtaTdLd0lqaUVBMkRDNXNLeXZ6OGVWd0UyMDctSHB6N0tOWmxieHZ2cEdRMlNnaGlvRjhXdS1IM1lMMkVyRWp6TkRyT1lHMUZHSHJ5bTlUWE9vUWZkWHM?oc=5,qns.com,2026-08-10,positive
OMNY,Push continues for free OMNY cards for CUNY students - PIX11,https://news.google.com/rss/articles/CBMikAFBVV95cUxNOERieXlNeXR3ajN2b3RYUzA3VjUzYTJoYzJDbHNpcG9UeUd1Ri04cUxiSjRJMlk0OGxRQnIwVjliQ3NCeW5HQUdjN0MzMHpDTTZMWTRlMDhtd2NSbFM2YUFEYm0xaVZpempvRkFmb3o1MWVqOHRhYk9nMzdlcURBU2FweXVGQ29kWmJ2WmwtUjbSAZYBQVVfeXFMUHFjSEtjU3c0MnlQWlgyWWdvYTBtQWhLWTN6dU0yQXZnV1VQMFpySGx4OEZGcm80dkFhTE9SU2FHY1VGbmVsd29mMDRvbC1DN2U3RUxJdGR5SE16YjJSem03U0R0ejIwak56c0x2QnRURmxEWm10MlVEWXhPUUYyTkFSdmoyZ1NXbjNaaEpYOTM0SFlHQ0xn?oc=5,PIX11,2026-08-10,positive
OMNY,Subway Station Guard Caught On Video Tapping Customers With Omny In Exchange For Cash - News12 | Bronx,https://news.google.com/rss/articles/CBMi3AFBVV95cUxOdUdwd0lvdTJfSW8zdlpDTXhFRnR4a2FRTmZDSEFvQ0xIRDZfTGIzeGpCQWZ4eWowLXl0RXFLZS1CbUVEeThLVTRlcVJqWmRmcE1QdC16R1ZYR2NaRzVHTEw2N19PYTVLUnFrUGdpSFdsdW4ySUNhWHI3bVQzWTY2aEFGZ2kydGNXVmx6bUZ0WC1kbG41X1hxeVk5dTJnOERsWUVwby1HUHQ1MkJ2aGNocjVXMzd6UFoxd0xqc2lFZ1F4Ri00aEl3d1JVN0JPako2Y0hoRzJ4eFQ1WGE5?oc=5,News12 | Bronx,2026-08-10,neutral
OMNY,All NYC Students Could Get Free ‘Unlimited & Universal’ OMNY Cards - Secret NYC,https://news.google.com/rss/articles/CBMickFVX3lxTE8yT1VET09sY0JDcjB4d0dfMTU4S1haUzN0dkQtNnA3aTBQdzRjVENwWjZfdGpBaXFnXzdBdlJaQWl3YzRiX0R6UlM4a0NpZzVzLWgydlVvdzQzbWsxX294TXB4THdJY0lSWnlDWnM1bHZGQQ?oc=5,Secret NYC,2026-08-10,positive
OMNY,"Fare evaders beware. With OMNY in place, MTA teams are cracking down on those who don't pay - New York Daily News",https://news.google.com/rss/articles/CBMixwFBVV95cUxNTy04MmRNM3BwbTdCcXdEVUNvc0FNdWhkX2t1Q3FJejBSaDVpdVctWnd0MlptSDB2NzVOcWh1X0pBd2I3aFN1azV2VE1OOVpZOUZsUFd5c1JVYW5XWGt1MlA1U0d4X200ZU9tUGVnNmNwM2VCM052Q2I1blg3T0d6VFp2c3F1YkI5a2I4U09wcThEWXFQb2prOVh2SC11QloyZE5MekJOZFZ2M194cXl4anBlZ04xdVlLbzJWdV85LTdrM1RuQWNV?oc=5,New York Daily News,2026-08-10,neutral
OMNY,How the MTA Built Its New App In-House - Vital City,https://news.google.com/rss/articles/CBMiY0FVX3lxTFA2VUhvbzhOY2laeDJfRV82SlFVWG1PM0R0VFVaSTB3U0dsa0s4cHRZU0xoY1Y1dDVMNG1qTDZVZkNJbVczT2k0NnRJLVA4M3pfYllBSVZYOXZSLW1NVGtrS2p0QQ?oc=5,Vital City,2026-08-10,positive
OMNY,"Some MTA riders aren’t happy with the tap-and-go OMNY system, survey finds - Crain's New York Business",https://news.google.com/rss/articles/CBMinwFBVV95cUxPdkJMTDlUc1lxMzB2UElBVGhVSGlaaTd3b2k3ek1lQkRJQ2RJN1ZFNURDWjgzWWRjQTVXRTVwMGdjOUx3UWwwQ2Y3TUI5R2pTMnJGbUJCSXFZNEpHTFBwWkFHa1NBREwxUGVlZVE1YllEZ1hIRkNIc1ZNcWRUaFMxTDVmaVRDYlE3ZEFHS0stdFFOdExPWGc5VE9wX2Uxd3M?oc=5,Crain's New York Business,2026-08-10,positive
OMNY,"How to Get a Lower Fare on NYC Buses, Subways and Ferries - The City Reporter",https://news.google.com/rss/articles/CBMihwFBVV95cUxPaktPRzJ2SFVxMDNSMTVyNnhGMTNqN1h1NFJyd2JkMUlKZHhGb3ZZR3ZIczNLdmxVXzVYZUFIN25kTF9zcnVwQm9Kc0QwSi1xV3R1S0N3SG91ZFRPTFQzcnZXN08yTkRQV3NRWDJYOEpuMmRGSFJIY1MyeXhVNnpjVDVJSTZ5dzQ?oc=5,The City Reporter,2026-08-10,negative
OMNY,NICE bus riders lose double free transfer option due to new OMNY system - Newsday,https://news.google.com/rss/articles/CBMikwFBVV95cUxQXzAxajdYTFc0QlpoUnpudFYtVFRvSV95ZWp4UmstQ0VWNlVoVXJVX1hXYVlBQlJ4Mmp6LXJxTmxpdVB1dzYxLWFabGx4RFhhSjVjQkk0Vk1jZlMwOHBiaEF1cFdsSlhyMjhTRkc0dTdreDZmYkh6R2kzdVJoTGU2dVpxQVVva05MVGhfTVVNeExndDA?oc=5,Newsday,2026-08-10,positive
OMNY,"MTA launches new app, providing subway and bus riders with real-time personalized information - amNewYork",https://news.google.com/rss/articles/CBMicEFVX3lxTE1sM1BqZDB5WktzNFZiVjZTa3NOdHF6ZHYtbkQwYWlESlpBU1dXWUQtMGhPVjNPYzJobmd4RWFxYUhLdXFsTHdkaFJCampNMzVEVTl0WmRMcno0UWhBUHlnWHF0T2lvZjJpam55Z3hSV3U?oc=5,amNewYork,2026-08-10,neutral
OMNY,The MTA Is Doubling the Cost of OMNY Cards: Why You Need To Buy One Now - Secret NYC,https://news.google.com/rss/articles/CBMidEFVX3lxTE5OS2FBT2UyVjkteEh2UTN4LU9XWHNFQzlOY2JvT0lWaXV4M25UN0p0RExzQnZPSTdRbnFwbGlJVk5zU3NRbWx6R2I0TnY5dHJlQXR4blBfel8wbzI4OG5vVlhvenFoTDE0REhEYjlMVUJER3Y1?oc=5,Secret NYC,2026-08-10,neutral
OMNY,NYC deploying vending machines for new fare system - Vending Times,https://news.google.com/rss/articles/CBMijgFBVV95cUxQS0w4X0hDQmk2ZXN1eHhOZkF2VnUwQlhxWEY4aXBhY1ZYdl9jbkk2NTE3LVF4YUFqbHU4N0VxVG5xTDA0aFBPR1dWeWl1NnM5Qm5EQ0ZGSnpJN0dxWHFfekR3aXB5ZTlFNFFBeU1HYWhORUZMUWk2aEhhRlFWSnA1Y2MwOVJfNnVEQUgtWmdn?oc=5,Vending Times,2026-08-10,neutral
OMNY,"NYC's OMNY Card Is Here, And I Am Full Of Regret - Aftermath",https://news.google.com/rss/articles/CBMiXkFVX3lxTE1NR1pWVHJKcTZnU3BOMDZIZnc1R1QyaHFpN096bVhYejBTRzVEUW9NQUtJNzZ5SmUwVFVRWWhQWDVDNnJfamR5dXczdHJVblhQVE5IT0xWZ082dGhYZUE?oc=5,Aftermath,2026-08-10,negative
OMNY,Johnson & Johnson (JNJ) Reports 100% Success in OMNY-AF Study - Yahoo Finance,https://news.google.com/rss/articles/CBMigwFBVV95cUxQRS1zQmxUUzFoeEVKMk9DUWlobHZkMWtvU2REbThSVUVkaENNQU1FYzF2TDllWjNRcjBPMGxMYlJ3UHlnU21rSkVnYkZaZ0NRelNwdHhVZ0ZmeEZ4TEhtcEJFSWZtTTBGeXppVC1YWEZ4Q0t6QTFBTXdSeTB4X29leEdtRQ?oc=5,Yahoo Finance,2026-08-10,positive
OMNY,Westchester Prepares for OMNY Rollout with Full Bee-Line Installation - westchestercountyny.gov,https://news.google.com/rss/articles/CBMiwgFBVV95cUxOX0xQT2Z4ZUQ1THdhbGhoRmFMaGJFS1c0elhYX3VCWi1ITWxGZHVGeWlZdmtQNVk5cGh1SmFBcXg0cHhDTkR1WmFUcVBpczVrWG1FLXZJQnhiZ3JtMjh3b0ZkU2NGQmJqOWw1QlNudmc5TlZZVW5HR1dENnJzdzZvLVM5YktfdW5oUERaV0Y3bDJ2SFFXUTBxT1E0NjJiaXFFc2hOQ0RoRFZ0MU9ZT3h5aXlaeHR2NDgxRks5V0hpZjMxZw?oc=5,westchestercountyny.gov,2026-08-10,neutral
OMNY,Where to find an OMNY card in NYC as MetroCard is phased out - PIX11,https://news.google.com/rss/articles/CBMilwFBVV95cUxON3I0YU94MWFETGJGTEtIUk56eVI5V25JczNueVNyOWdQbHB6Wnc1c2Z0TDc3eF9USk9kNGlXWXNNbV8tSUFEdEdnTFlBMWdQU0xVQjh5S1BmVV9yNUlWSWJlRkRUWGdrVmFhYXY0R1k4czg1SE44ZndJa2I5OUZoS0pfYjdjOTZQQTJVc0Fqa0N4QzUyZWp30gGcAUFVX3lxTFA2bExzSGR5Z29ENWdUbWdnNU1VTTVrLTh6dGpodlh2ejhVRzc1VXFabFUwUjl6ZVJ5Um1mMFpNNXRDLUQ3cVhzclNNczBxbC1UVmN0S2VMZEdlQXJ6Sm9aTmtRT2JFLS1lQXM1b1dfOWwxa0Jjbl9Vd0tmaldBd2t3VXBlM2RkVkhOTFpPZmMwby1ycmtsbEp1VjhvYg?oc=5,PIX11,2026-08-10,neutral
The L,SPORTS: Aces rest the 'Big 3' take the 'L' in NY & Raiders Jalen Nailor gets mic'd up in - KSNV,https://news.google.com/rss/articles/CBMitgFBVV95cUxOYzRReGhlTEVCOVpTN25YNER0a3hBVjdXMUp0a0tmaWdLTDdiMnN3YzlJS0VTc2o2ODJJV29aUUh1Yzl0SmplclVrV0xEcHdXUjJYQk9vNUFkVmlmdEdRN1JwMC15bk5GOG1wVE9DUUFVM05QM0VEcTk2UHQ3dFdlMWp5eW1xUkRJTjBZTjd2N1p4bHZiS3pOS3k4eTZRVWtqSy1WRHVvTlNJRzNobk5qOVlwQzNtZw?oc=5,KSNV,2026-08-10,neutral
The L,Becky Hammon defends load management even if Aces have to ‘take the L’ vs. Liberty - The New York Times,https://news.google.com/rss/articles/CBMimgFBVV95cUxNSnQzUnN3emFrWHpPSTlOQkdUNzdPcERtWWJ2M25JdWE1N1R5LUttZHBMNzBhMkhIWjJHbmZUQXJ5MkRxcFRyTF9QUGNBOVlpekUwWGZHRmJfOWJwaXJ2a21vQkp2THUwS1FjWk5YSHNFRm5POHd1cll0U1Q4eEY5akc4MXFPNUVpaURacm14V0xJVE5WMUFORWdR?oc=5,The New York Times,2026-08-10,positive
The L,Shadow empire: Europe’s top intelligence agency revealed - israelhayom.com,https://news.google.com/rss/articles/CBMimgFBVV95cUxQZV85amhnZzZkR1F4Y3FQR0pRbk5Ja0ZxeFJ6NEpGODl2MFo1TXBKRDhIclQ3dWdVZmVraG9jYk5pTUdlMW1LRGtPZ3p1S1J3eUx0a0F0elZtRnhILXpodGN3ZzZPb3RXM1NUZURDYlpkSkM1WDBtU1VqSEIzekVmYXJKb0loRWRNXzVuRTVCeXozdmNrdjZNelJ3?oc=5,israelhayom.com,2026-08-10,positive
The L,Missiles Become Loitering Weapons – Rafael’s L-SPIKE Weapon Family - Defense Update,https://news.google.com/rss/articles/CBMicEFVX3lxTE9NWUhsWC15d2ZrSjVGYzA1ZG9aOThfSExxaURlZ29QdFJfNEduZHlKSWNBbS1PNzFQa2x2UV8xa24wdnQyT0hIU3hIRm5zWE1ZNmdLLVM5UXZGZ0tiUENHQUJqQzJuMTJQM3pjQVBURy0?oc=5,Defense Update,2026-08-10,negative
The L,Robyn McDougle named interim dean of the L. Douglas Wilder School of Government and Public Affairs - VCU Wilder School,https://news.google.com/rss/articles/CBMi5wFBVV95cUxQMXo4bDAzc0k2eXE1MmU2eWo2OFZYYnBpUHZyS1J6TjZLLW8tTWZObjM0NzdIeEh2MHVGaHM4dzF1Vkt3ajJEQXBjSVBKdVEyMWpKUGdSSEdEcHdaY000RmY3aFM4c205eUp4WnZLMExTY21ocDNwZlNoTWVXRmItdVRUUm9DM3p4YURNdGprZmwwYWl6YU82aXpCbURDWmVITE5jdi1sbGRHS3BFM0RyVTNOSzFPcUFkN01ZWmFUX1FnY2ZnWk92RGRZM1Jia1YtS2RyWmpFR0l1NEFvOXM1eVVOVm96TzQ?oc=5,VCU Wilder School,2026-08-10,neutral
The L,L-39 fighter jet steals the show at Sanderson Field Airport Open House - Sault Michigan News,https://news.google.com/rss/articles/CBMitwFBVV95cUxOVzh6N1JxTGRicWpHSE0yV2RVeGhiMDVCaXpLd1czNG5wMnNXa1V0ZUllby1aeG5vNkRReG1KYS1vOVhMdGZLbkttZF9lT2t4NFBxVVVMQUhaUS11QWJCMFdJM0ZCckZrU2ZtaFBKVkFxdVV6YWd2anE2QXlVSkR0Yk5neVl2azdxallVTmZVMEUwMG5VNFNfQWI4WXJtdkpQTWFpYVhJN05FUTdraVZ2dThXQl9EQWs?oc=5,Sault Michigan News,2026-08-10,negative
The L,L'Oréal - The letter to shareholders - N°91 Spring/Summer 2026 - loreal-finance.com,https://news.google.com/rss/articles/CBMif0FVX3lxTE5PSDJtbkZaVXV6TzhzTzhvbnQyZ0RnY0JfZ0p4OXZ3R1IyOXZ5UjQzcjJ0TXdSTV9TSDI1emdRQ05oSnFvVzJhcTJuNkxwQlY3WHcxaUp5MW1QdXk1MmVYY0piaDc3emtLeG1Dd2RNaFg5RVNzMlBaZm1xa25LVDQ?oc=5,loreal-finance.com,2026-08-10,neutral
The L,"Weekend transit disruptions affect subway, rail riders in NYC, New Jersey, Long Island - ABC7 New York",https://news.google.com/rss/articles/CBMivAFBVV95cUxPczNvNWc3aUZNWFZlYmxXZy1iTktxSFVFWmR1YVdwek96WWlwTWQ1Zi1zcjNmc3NzS1FjM0FVZS1DTmJzdkZSV3ZvM0VzT1hlQWRLc2lVbUhQSXRBbm1ISTZzdFJCa2h6b1p3SHI4bEJ5eG9kb0RQM09vZ09CTFd2U1VOdHFWQWZlQkw1NTUxTUtGODB0NFlhSzBhMGFuMU9wRUJPOWFYSkZLRFhYcy1qcEZ4aG42NWN3VkJhNtIBwgFBVV95cUxNN293cWVIMmRsSVVDeDVWMzBfNUJmQzVoSGRXUnZQTm1MQXZnTnByN290SFp5MlN3VTExdmRPM2V3cExRTkhBa1puZTNjWG1RWDMwZ1hEd05vdDcySmdVRDB5RDdVcnB2ZzN3eEc4aEwxODVLWk55Nko3M0FGcnkxbHZUeW9xXzI1UkgxcDJ2V1pGVlhreGx3ZWN1SDBYcXRhbnhVOXdWajVtc1lYQ2puYkdwRVdaZTFLWWRSYlJ5NEZPdw?oc=5,ABC7 New York,2026-08-10,negative
The L,“Caitlin Clark Solely Responsible For The L”: Fever Fans Get Critical After Indiana’s Clutch Loss to Aces - Yahoo Sports,https://news.google.com/rss/articles/CBMiiwFBVV95cUxQeEpSOG8xMWF0TnltLWdBX0ZnZTI2QVJzNzRYTGc5Mk1DalBYV0JtNWUtbGFUZ1RVNEFkWGI1TUtSb1dleWNDWGMwSEpadGdhc1lTMlVOSjlsX00yT0dSNVFCOWM0QVV3cWZBUFFRWXh2X25qVFdPZjZ0bmE4QXdoOGY3M3BwczlMM2dz?oc=5,Yahoo Sports,2026-08-10,negative
The L,The Long Road: 2026 Jeep Grand Wagoneer L - Palm Beach Illustrated,https://news.google.com/rss/articles/CBMihAFBVV95cUxQb2k0aGdMTG9Md1VkbUg3WVdhd3hqTDRySDhjcFJlNlNjVWlZRmFDZHNZTDZtOTUtZzRKODdqTi0tQVFNQWxGRlhVMnpCaUoxbDdfRDFuZmdCZlNKN2xqQ3p0d2NtU3hocldRX3ZFU0puclZSeExvaXRaMll2dnNZVTlzU1o?oc=5,Palm Beach Illustrated,2026-08-10,positive
The L,Frank Lloyd Wright-designed Shavin house in Chattanooga sold - Chattanooga Times Free Press,https://news.google.com/rss/articles/CBMilwFBVV95cUxPMXg1YUxmdVVETDMtZGcySjkwUk1QNkVmV21ZdHlnbGNNa1BOaDRhcnI2elpXVm5ndTN5Z1p0ZGtfSGhQemN0SThBMGJEWnpyY0c5b1NpblF3TkhNempkdk5JaGw2d1c1U0FRb2NlelpEN1F2a19qT2dHWmFwZGhFdFdIcHgxVG1XaVAtVHVDVWFuX2hHem00?oc=5,Chattanooga Times Free Press,2026-08-10,positive
The L,"The DOJ keeps taking the L, and Trump’s sham lawsuits drag on - Daily Kos",https://news.google.com/rss/articles/CBMiuwFBVV95cUxQcHE1OUZZV3FKNTRLREJDSG1wMFdQV3pMeWV0UlFPaWhFVnQwcEZRTlZEVUt5MW5GM3p6eWpRNEFhZ2hDUWVEZmxpSk5oTEhQNkd6b3hPaDJBNC12LVVqdFFEVXgzYU5lclBnMG1ubkhRM01waEpoNTdBWmdQWU5aazloSGJ5MDZvbmprYzdhMm9pdDl1WW5lX056ZTVDTWtQWThmcE1RN0hTQ1Y2VUV0Sm55WkFsdGZpUGJF?oc=5,Daily Kos,2026-08-10,negative
The L,Quiz: Which Gay Sport Are You? - Autostraddle,https://news.google.com/rss/articles/CBMiakFVX3lxTE9lNllXcXlGU3dPVWJNZFgtOG5kYV93Z0Q1VmZlWlpzT2xlTEEyVkh2RVo1Z3I4RXRHQkZYSU5lRlZUV1piT21FUVlJc19JeXR6TXJwNTgtQWJ6d1haZXRGTEMxSFJrU0FMSHc?oc=5,Autostraddle,2026-08-10,neutral
The L,The crash of 3 motorcycles forces the closure of the L-401 in Fígols i Alinyà - APD Noticies,https://news.google.com/rss/articles/CBMiygFBVV95cUxNa29TY05vMDI4RHVlY2xfZ0d2UFdjLUwwTzZnOF9NNld6M0ZIZ1h0cnF2UG5KZE01RG1Da3cxMUJHMXRRc1FzWUU0bkU1bjJoaTA3ZlRpMFlpX28yZGlHMzlubTVHRHZWb0ZRc0duSVNSc1lJd0s1MlBWdjk4ZVAtQlZsRzl1YTNBc1NYUUdhZVNYWmRzaUplUldEZDVnVFNkN1doN0piQm5INndaVW52WnE3Ti0yU21QZDNJMEhuemtNNlNhWmw1V3Fn?oc=5,APD Noticies,2026-08-10,negative
The L,"Elle Fanning, 28, and Martha Stewart, 85, Use This $15 Foundation Alternative to Achieve Radiant, Luminous Skin - instyle.com",https://news.google.com/rss/articles/CBMihwFBVV95cUxQdmtDbUgtRmU5LWlyMjVteHhzTlRoS3o0R1VlLXdjMERKZGVYNzV5U3NDaG1UbWtMcHdMYUtUcHl2cU8zR2VYWnIzaGEzMEJTUThLZS1HejhVSzA0cDYzOHoyOWVXZEVmZmhQWDJRNVVnWUd0S1JXcFFacURMTDd6QWZwaVZhb0U?oc=5,instyle.com,2026-08-10,positive
The L,"SEPTA to close this station, concourse for almost a year - USA Today",https://news.google.com/rss/articles/CBMi5AFBVV95cUxPYmhkdG43WVRwWUhKRkxNczZmdm1KMjVHTERBcUxPbHpYTzc4VVEtRDdKbnZCSDhZdTlEVldsQWxOc0FLVWZpZGh6WGVUYU1QSE15U252OGdsWjR0QXpaYzBIRl9jOFpRZHFhYlpCcGNQY1VNRS1mb2Q3cVNFVEtqQjVoS1hZVF9QM2ZoTjhiU1VoX1ViOUhUdFdIWlNxa2pQcVhxZVo2RXpPUmFERjZjcWREc3RadW4yalVKaGtmVEFWUFF0VDNDVS1RQWtkWE1VaExubWt0aUprZ1lEOGJ3R1dfSWU?oc=5,USA Today,2026-08-10,neutral
The L,Back in the “L” Column - Covering the Corner,https://news.google.com/rss/articles/CBMingFBVV95cUxOTllLazlaX2UwV05yaThsaGtRSm9VMmVnZWhpb1ZaNUxRcGJSdUVSU2pvMmVWU21OSHVUTWpKX1RNMTIzUzJtcU1mNGxFQ0VIZzBlQlVuc0lCQVFDY0JHekg0OEFMemVhZ2xyRFFsWkF1RF8wakRBck9QMVNuNlNyOTRIN2RhVmEyYnVpclRSRDhxaEZnbjRxTFdUNE5JUQ?oc=5,Covering the Corner,2026-08-10,neutral
The L,The L-Fund joins forces with Coachella Valley LGBTQ Center - The Desert Sun,https://news.google.com/rss/articles/CBMi7gFBVV95cUxOZURvYmtqemhGaExjM2RyV0Zuc1BQdUdmMlVjb3R1NG9pV1AycjBkNk8yYjVoc0s5bmV0ZG9SSTQ5OS1ZT2o2NXlvdjR6WUNqVHlvdHhmR09XVEg1ZFJNRFN1cHpEOWlsZTZ1U2Vrd1RjaXpmMGVPSGc4OEhrZFVwY3pOOXRKaWI1ZVJXcXZabTdMYWFwVWdIeUdsSUltZWxMS3JSS215dW9aTGoxTlZfOURKeUtiUGtmRU5uYnhOMl83OXNBMjZpNTJRR0FvM3paSWtQTnFOUlplcXBWUTJhcF8tS0U4akZOQ2hOdEt3?oc=5,The Desert Sun,2026-08-10,neutral
The L,Subway and Rail Riders Across the New York Region Face August Service Disruptions - thesunpapers.com,https://news.google.com/rss/articles/CBMilgFBVV95cUxQSkN5OUFGeG1Ic2dlb0ZJU240RjlIRjhPRzZCQW1rSV92OWVDTnNaTUdvMXloVU5iQl9sSWFzWjFJR1ptc21PRm11OEN3VTg1Z0RfcVFpa2kzSXd6ZlR2SkNrTXEwYjlSdVlVSzhuZmxtcHZZXzBaR1lYNjk0Nll5OXlEY3pwckFZSC1rYnVBemZVcmVfcEE?oc=5,thesunpapers.com,2026-08-10,negative
The L,Sanderson Field Airport Open House slated for Sat. Aug 8. - Sault Michigan News,https://news.google.com/rss/articles/CBMiowFBVV95cUxPOUhuSHc5YUR2VF9DSE1nRXVCLWsydHFwRFBJU25NNUVtWm5CNGVVeTFBQVpWR3ZLb09nb2V2U2pvUGxUYUxkbVhJbmNxSmxqT1NQTW5ZcDRNZmp5NWE3Wm5MRkpnT0dzRzBEMnR3cjQ1ZGVRY2I0N1owWFNpY3ZvX1g1cmRPcEpNMURfdXBCTlVlbDBjVjl2VUItMVZQbjV6MmRN?oc=5,Sault Michigan News,2026-08-10,neutral
The L,Police confirm missing person Eldar Dayan found dead near Petah Tikva - The Jerusalem Post,https://news.google.com/rss/articles/CBMickFVX3lxTE91ZVVPLWs5N2lpdGdqZWFuWXRVM1pwTkhYREU1TWl1eGNQeTZyYmwtczEyVlRiVTd3YWQtdE1TbXFzM2p6MGhlTmhtQzFxQVBCTUNlV2R6VUh3LTEweFBFSkljRkdPRVpzWTYybDNHSXVnZw?oc=5,The Jerusalem Post,2026-08-10,negative
The L,From The Archives: The L-159 Flies Twenty-Five Years Ago In Aviation Week - Aviation Week,https://news.google.com/rss/articles/CBMikwFBVV95cUxPYUd2cGllT2RRdVJhVkJDMk1QeXFYejg4Qmt6R1AwdUlMRnY4c2t0Z2JiMDQxUXFoREFITUJMZElCd2hGdThMVWtMTDJMUzFVVUVKdEd6OFR0WkVsVGRPU1k2T2pqalZPMjIwQW1mLVZLUjY4WWdGYnc4YmY3akszeGU4TXBrMUd1U0JyeVNnX3hFYlE?oc=5,Aviation Week,2026-08-10,neutral
The L,"Reel Thoughts: ‘Love Island USA’ Season 8 delivered the L-word, but not much else - The Daily Northwestern",https://news.google.com/rss/articles/CBMivwFBVV95cUxPSFlPNGxjWUlrcEpPYnhxcFh1ZnN2bzFoWWtHeDFIakxXX2xlYkc1RDhuUG44SnI5QldiZlQwV0JHYzJ6dk91UHhYT2V5aWhCRzI3N2Y2SktOVmN3UXRTQzQtbDA3c2dIT3B4akdLNndDWmpJQXB0b3ZjYWpuYmdfcUF0dEFCaGhOelRoR2RZZ0o1RFBFSDJ2U0tvWDRIX2JocVhnTWxTbGRaTE00NnlXYjRsbHNlSHVLb3V4a093QQ?oc=5,The Daily Northwestern,2026-08-10,neutral
The L,Can clouds hide an aircraft from the S-400? - wionews.com,https://news.google.com/rss/articles/CBMikAFBVV95cUxNamw5dENXZS1SM2o1eFdmbE5XRnN4ZkF4TDNYOTNOdG9RZVoycGpMcUxxQmV3cGpaSThZVjZ6aDF4T2ZGMWpSWld2QUZOeG0wOWQ5aUJ3MUdiNVV1dlgzOWpKWVEwQjdpNWZHV0RKemkyRnZucWpiaWU0eUR2eG45R2lUZGlhZEdJQjVEVS1kM24?oc=5,wionews.com,2026-08-10,negative
The L,We Drove the 2027 Tesla Model Y L. It Isn't Just Bigger — It's Better - Edmunds,https://news.google.com/rss/articles/CBMigwFBVV95cUxQSFBVb2ZrRTl1RzNhNC1IVGw4d0NpRUdNaXRfS1ZpUklvUHRfSHlGSjM1cEdOMF85SW5MeE9WQkU4MUhERnc4MDhiYVE2SzJGU2hPcEVjTWlBWndGWXkxVUItTktaUGxQamR2d3ZmZ0hCQzVGTEJhcHFmeGhBLUluM3Z4QQ?oc=5,Edmunds,2026-08-10,positive
The L,"L’Oréal Names Rahquel Purcell Chief Diversity, Equity & Inclusion Officer, NA - Beauty Packaging",https://news.google.com/rss/articles/CBMiuwFBVV95cUxPWVltZnY3NktGaE5uMVJHRGQ3LS1RbUQxRk96YlRsUllGRFdSZzBVTzNoeDhnMXR6NVhZMlJSX1kyTm1NMURZS2dLVUQ1ZEV5RTZ6NFhHMGxqcWZkaFhNWk8zQ0tMVHljSzdpNFZIMFZOSEN4ZGp3d2l5dUtiUURDYWsxeUFXY2ZmamxXYXJ6cFNkV05rSmNOT2IzTnFiTjFhNHN1dzhIVFAydUlnNGViTGNSR0VNNFRDalBF?oc=5,Beauty Packaging,2026-08-10,positive
The L,Cruz takes the 'L' -- but the Yankees' offense takes the blame - MLB.com,https://news.google.com/rss/articles/CBMihgFBVV95cUxPZ1lOU0JQYUd6Mlo1blNCWXEzbC1XeUdOYzhJcWxzbDV2Q2VZQlY3bkd3RDVlb1BlTGJ5YWJTdkduV2FNVUdzU2JRYWdPcmdUX2tqYjVwQ2thM085Q2Vob0lFMDZid2xsTkhSR1IyYVd4MDhnXzJaQ3NONUlTUmpKZGJzVzVJdw?oc=5,MLB.com,2026-08-10,negative
The L,Back in the “L” Column - Yahoo Sports,https://news.google.com/rss/articles/CBMib0FVX3lxTFB6dDNtcXFtSmtnVDI0d0E2SHkyNWhkdE5tU0NoU3VEbWhoY0t3a0pUYjFZVXdiODVCbDExWnRNWHVCSGNGLTE1WVFRUWNNTU1VeWRiZzI0ZnI5RDJvQjJfMFpBQmtKeERPRGFUMm8xWQ?oc=5,Yahoo Sports,2026-08-10,neutral
The L,L’Americano Australia opens fifth store within Coco Republic - insideretail.com.au,https://news.google.com/rss/articles/CBMitwFBVV95cUxPWXdfa1NaT3lKQ3hQcmEzNklJWkx1aWVHSmdWMk96cEh6U053QW9wbGtOMWlVN3VJbWVLN2hqcmxzSlFrdVMtenpLZGhja1ZqT0syME5oS3pyNmd6TTRJMnA4amdrcFp3OHNuU1UwQUtHX0llYTE5RnlhWkgzRG54b1BhQ1lOS29GY0hyNzl5eDFsRzFUdUluU29GNWYyVFRpVFZ1b3RUbFpwUmthM2VBYVJnalhWN1U?oc=5,insideretail.com.au,2026-08-10,neutral
The L,"Tesla Model Y L Review: Best-Riding Model Y Yet, 20-Inch Cargo Behind Third Row - Tech Times",https://news.google.com/rss/articles/CBMizAFBVV95cUxPNzZaRzRscVVRWktFRnAzUTlNNHdKQllLV3RXb3hIQS0wQ0J3MDNTaGVTbm55YnQ5NFJFb2l6NVpCeGF2cUdOOUtpUVFBNFRzaEVSajEzT2VTM3oybGZibFA4Ul9xUVljeTFidE4xeUIyWExyZS1mZ0F4QW96YlIzaG05eUEwdUhEbVB6V2w5MkVGc2ZKV3FhRWdzWU5GUVlfOGhDOURsMmdsVDFpUy1CQ2t1S0JiYm1tYURRVTdJa0RXX3lzOUNET2dFWHo?oc=5,Tech Times,2026-08-10,positive
The L,I Might Cheat On My Partner: How “The L Word” Shaped My Pubescent Lesbian Brain - transyrambler.com,https://news.google.com/rss/articles/CBMitAFBVV95cUxONFREdnFKMVI1dGdTc3ljTmVQSU5VVWxpV2lock5acGVWTldBSnl4RWdRSmRFaVNLMXN4amNIOUNlTXV3dHhkODIxQmltdmNucGw5Q1g0ZnRqRG82X3VzOFA4M1BGQmF3d01OaUVucXhxekI4S3otVE5fTThuVEVxWUl2VGFRal9KYmY0NUg5RzVXcnpjZHpDMTlrVnlYZVFIRkxWamZoZktlblNncUlZWVMzOVo?oc=5,transyrambler.com,2026-08-10,neutral
The L,Robyn McDougle named interim dean of the L. Douglas Wilder School of Government and Public Affairs - VCU News,https://news.google.com/rss/articles/CBMiowFBVV95cUxQd2RmQkhnZk5KcTh6V25SMk54aS1aalFwVTdYUXJLTjRUN2s3eEdkQ1J4SEMtTGx4RlRRSl9NOERfUE5sdjNmWVV1NWNWN3VuTC01MnM2MURPMnlkVlFuYVl3ZDlBbnRxUnYtWjYycXliYjJUUmR3ZHVXb1RmMlFFcm1MYUhZVmVsLXhkQlZhWTRWYm9RY3E5aFlqOGxCZTZ4N0gw?oc=5,VCU News,2026-08-10,neutral
The L,"""SBC versus smoking on the CTA"" part five: Posting pizza-themed PSAs against puffing on the 'L' at every Blue stop provided a slice of Windy City life - Streetsblog Chicago",https://news.google.com/rss/articles/CBMilAJBVV95cUxQQ0czMTVrZUxONVN6QlNOOWJOa0l3R0xvcjB4MG4xV09rWXNKaEl3ZzJ5T2MyN1RiTUxvTk1NXy13Q1pUdXV1SG1oQW95d0JtNDdVQ1pfVVBGWTRmcmE3aFJuanZ6Nzc3XzdGN3ZWTk9nLUYxaVZ2MjJZX2dJUHJJOXFCZFU1akkzQi1UdGdQSDRkOUNpS1JjN0FMZGlod2pKeURNM1d1N3YzVmFNdkVRYnpiRno4a2V2OUl0U1AyUHlvMjU0QVBSXzZrX2kwSUhoWk40cTM4Y1VLdEw5a2RqR2RCUlhLek0yQmprOHNCLVJfV0JvYWx4YWx1dXdoODBYbDZVTVZFczZNaHczRjFOVDZxcE8?oc=5,Streetsblog Chicago,2026-08-10,negative
The L,"Oh Sang-jin, Kim So-young Fulfill Daughter's Buffet Wish - 조선일보",https://news.google.com/rss/articles/CBMijgFBVV95cUxOSDFYel9iMTVJRkEyN1hBR2dxT2VUNVFnUEZfMF9NZktRNi1FQ3pVTmQwTElJdHlweUhGMkpoNGZ3X3F0SlZlM1dBTzQ3SndrZU5OUWFuZExXT09PQjd1dV9jbkZQcjFmbi1pczJremdreHd4dUtxZW85VV9aZ3I4VHpqbldlRzdCNlp4TDRB?oc=5,조선일보,2026-08-10,positive
The L,H-1B Visa Renewal Change Could Cost Companies Millions - Newsweek,https://news.google.com/rss/articles/CBMikgFBVV95cUxQMVBQc0pMb2xkZXFWQnJTVzlPN1Y0b0RYX3Y1UDVwclo1Tk5ubkRrX1pGTDU4OHJiSEhuZWFBenJleThSQ0IyM25RTHUzVXExN1BsQ204ZGFHb0lfYWxEalhOVExKZ3VRN0VGXzVMR01UenJDLW1mNjUtN1J4TkFGQzVCTmVic2NLeF90Y0xfcFd4Zw?oc=5,Newsweek,2026-08-10,neutral
The L,Palm Card: ‘The L Word’ in an election year - Audacy,https://news.google.com/rss/articles/CBMiigFBVV95cUxOUlZkOEtJVl9WbEV6QkphOUMwcldlRFZBcHIxSEhlYTZEVHNwOXlCeDlVSTlUSXlydm9xVDNSUFQtV0dCWDQ2VUh3MHR5YXRCa1dneGNwZHhmNUY3OUJYY1dKcUZnMFBZZXNMbTBEOWNYT0N1WWJXS3pia09QZVN1TGFJZmhadnZmblE?oc=5,Audacy,2026-08-10,positive
The L,Scared Of Tech Stocks? The Solution May Be Easier Than You Think - FedSmith.com,https://news.google.com/rss/articles/CBMiogFBVV95cUxOMVRQeFlWVjltV1lHRE5XVjZTTHlfZVlVb0d1VTk3cGpUTEZfN1VFcHl6RGMzYWR2TGZXZHBXYVZPVC1FYWR4T0wxbEh3alBFeUpnbGJfaGNfRlN1YW5YUERpUDlXbHcyNEhqcVBtMTZzTDJYV2tocGJzSmgxYi00ZlhiTmJfMWlKaVJwOWZ4MzlsRy1yMnF2WTEtaHpwMERISUE?oc=5,FedSmith.com,2026-08-10,positive
The L,Giorgio Armani taps Jonathan Bailey to front first men’s fragrance launch in 20 years - Cosmetics Business,https://news.google.com/rss/articles/CBMiigFBVV95cUxOQThyM1hmeGJOTGlrTWxFTFQwOFVpNXdOcTZBYlNQa2VKUkxVSUhDWjEzN1dnc2ZSdFU2TEg5ejFmTW9IdzlCQWt0cDF1bDI1Njd3b29hSWVSckNIamN5YjM2c21SaHlkZVBUU01SdFdXb1RXbnA0WURqMVVIdTVpMDVmTXptNldXTEE?oc=5,Cosmetics Business,2026-08-10,neutral
The L,New Law Puts Cook County Sheriff’s Police on the ‘L.’ Here’s How It Works - WTTW,https://news.google.com/rss/articles/CBMinAFBVV95cUxNaTdTWDNLalB3bFBnNlEwalo4YXJLYmZPZUNTRTlrZ3RYcEVOdnVVdlV4Zi1Vb2c0RVZ3WXBzOHdKVm0wTWdNbWFwa2ZOcWw1SFZqZXZpSlEzcDlGX1g1TXVMZF95bXRxbF9hUDhaSTR6SVpNN09wbGdlRU00RTZSZTRaQVZBRG9rZ1pORDFCbGhfdDlXaHpsRlRRN1o?oc=5,WTTW,2026-08-10,neutral
The L,"One Nation surges into first place on primary vote, but ALP maintains election-winning two-party preferred edge - Roy Morgan Research",https://news.google.com/rss/articles/CBMihwFBVV95cUxQUmlHOGd2NFNoX01vV3lUMG1fRHNOMTNlUzNYbjRudkhSUDJCcXhPb3VpdGhrc2NlTXlya0ZVRms4dHY1YnppUFpka3ZnYU1VTlN3QUZBV1NQSkJoOEJRSEtHYXJRU2FZVkNVcGhPLVVTMzE1TnRFYUxYczc1eTRHbjMtOEVudG8?oc=5,Roy Morgan Research,2026-08-10,neutral
The L,Kim Soyoung and Oh Sangjin's Daughter Sua Wins Top Math Award - 조선일보,https://news.google.com/rss/articles/CBMijgFBVV95cUxQVHBRMzlHb3lQOUFNMEg5ZVlpWndna05jYzVKbHRNRzV3blN4OWc1aWtwZGRZbThHTHFqbFJXbjhEWjZURmw0anpsaUNxSzc3SlJJRG9lbFpiZ2JPU2szRlZ0TGZrcUN6WlVIYXlRTEJSX21TcnhrMWlYYWttTkRuMFJNLXNBNWhRZWJFWVdn?oc=5,조선일보,2026-08-10,positive
The L,The L-Fund’s Luck Be a Lady Gala Raises Record-Breaking Funds - Palm Springs Life,https://news.google.com/rss/articles/CBMiuwFBVV95cUxOV2tJcTRUeUxndXRSMGMweWR1N0Jxb1p0VzlhUG1KbGZHbFBvcUoxOTU1cnJjSWgyd0FRWV9yTG1MZzhrQ1A3bU8zdGhVWUpzbVlkN0JYbnhWU19hWEZhcE1PdlUtMi14eWxHX3pRY0lGVEJHY0ZpcGpEWDczck96ak5nYU42RWo2LXloSjdhdHRnX1hJcTR5QUFVUnd2Sk9aXzBjNWkzMnBzWHFYQWlTY1Q0cklVVS0xZVhv?oc=5,Palm Springs Life,2026-08-10,positive
The L,Community spaces under the ‘L’ - CTA,https://news.google.com/rss/articles/CBMiYkFVX3lxTFBMR3h6Q0lHLWp2M1NqdkJCbzRZMGxUVGh6dVpNaGcxZ0VYY1dnaUlnNndpMjNuNG5hUk5IbDJxSnlXVXFhM25qMDlWRWJGZ0RrM1FyZC1PR2U5aHJCLWE4VnN3?oc=5,CTA,2026-08-10,neutral
The L,I Mean It When I Say That I've Never Loved A Brow Product More Than This $10 Pen From The Drugstore - HuffPost,https://news.google.com/rss/articles/CBMiogFBVV95cUxPQnMwZktjSDBwTWIzTnk0QnZyVUJ1Z2h6eU1yMU11VUpiVjY2QzR5RWlES3pzbDhxbWowc3JzajN3cEt4UnBsQTdmekxNZlhKd1JyV3czQk1xeVliTXB5U092N0tfQ05TZW43cmxYVVBxQWRsS2I0Y1VnNGh6STBIY0FvOFJKOVdoTFlSc3lWVmJodXpmTDF4d0lSWkhqSlZHM1HSAacBQVVfeXFMTlZOWnVQR1RrU29YMGZQQnNJNTZvc3pMSm5qSlFHRjNDbXYzbThjYTI3Y241aDQ1NGc4WU9lVVgzX2hfQUNDOHhfT0o0ak5UaUQyOHYyRld6YVlpMjE3WDlGdEZVWUdVdE55bG1CYzBIYmJ6dnZKRER0eDhfUjZENDR4QkRqS3RRT1k5OXFQblhpd1czWUZGQWNlUUNMWXBISjh4Q19ER0k?oc=5,HuffPost,2026-08-10,negative
The L,Peak Design’s New Field Bracket Reinvents the L-Bracket for Modern Photographers - PetaPixel,https://news.google.com/rss/articles/CBMiswFBVV95cUxPWHhEZURCSGxjSU9waFc1SFpRd0pOdW9kY0lGck5DQ2dCZTljQ2ZZLTUwZ1N2WEYyYm4yeEtUYUZZb0o2LWFXV3hVWmM1RFkyaTdNMmtUVk5VYnVKVlBoX0hwck1CMENaWGdzd0dBQTR1dTYxN0lEVlZDZUQwQXdpV0ZLVHNKQmJ5QmVWcjJqV1BUbllBUVYxQVJBcjZydnRKWG10TmNQNUxoalhPZFU4RE9idw?oc=5,PetaPixel,2026-08-10,neutral
The L,The L Suite 2026 Legal AI Conference - Wilson Sonsini,https://news.google.com/rss/articles/CBMifEFVX3lxTE9UeWVmemtYczRVTEpUcmY5azJRX1ktOWpNU1BXUnJNZmk4MGd2YV9rX2NMUVFNVkl2ZHBCM0UwSXA1UDJBSjF1NnlIV0toWjJTeUdfMTZFb0RLLXdfZ2ZsOE1HOG1UWGNrTEw1V3Y3b3AxakR4ZGI1dVUtNGU?oc=5,Wilson Sonsini,2026-08-10,positive
The L,"‘Stand for the rule of law’: Elon Law graduates sworn to state, federal bars - Elon University",https://news.google.com/rss/articles/CBMisgFBVV95cUxOUld6VVBTcTlkcFZGXy0xV2tyVkloeEFMS1NZdGUzb2ZmWDRfWlY5UUxGR0ZyalVQcU9yNUpXZnprV0xEWFhYY01qYmJ3ejN5MDIwYjR5TzZZTmVxeUZHTFpnRlVaeG1pLW02Ui10Rm1LRDBqTXcyTHBBQjZMOFExaUFXLUxtWEJzRnhTMnpKLWtWWTM3QkExME4zVkNoRWpmYndCLWgzMW5vRG9hSU9oVXJ3?oc=5,Elon University,2026-08-10,neutral
The L,Upcoming happenings at the L-JC Library System - Laurel Leader-Call,https://news.google.com/rss/articles/CBMi0AFBVV95cUxORDRjY051Q3A0bk1LbVlESzRRUUk1SzhvQnEyT1hHV0NVTU1vY0hWMUpzOEZzYngtbnV2LVZsaGJlcEhpakJxamtiRkllQlItaTNiSE9ydTVqMjFhdXk1MFVfUUlPRl9uS2F1QXJqcFBWS21uQUppT0tWZjdCYVpNSmpRN2VnYmxFb09wQlJmNk93SjgxRFpvVTRSV1Nmam1Wc2JSeVlMMVpQd3A1TnZiTDFPVGd6RnZjcXhjTnBLVHdTcnBtU3c2YTV5VU9wTzJo?oc=5,Laurel Leader-Call,2026-08-10,neutral
The L,Why the “L” comes first: The AIDS Crisis and a Community that Showed Up - POZ,https://news.google.com/rss/articles/CBMidkFVX3lxTE4yRGFFSGl5cmFIanFGb1JwdjdKUlVPZHM2cGJsblg3MnNlUnZGcWhDM29YWDVOOEl6Q2ZPNWpIeDNrUnBrN3VfMkpfdjhZaEk2dTNrckpqaUxEMDlLZUg3YVhXN3A5RTBBaTBkNGU4VkRfQWZjbEE?oc=5,POZ,2026-08-10,negative
The L,UWL unveils 10-foot stainless steel “Eagle in the L” sculpture - news8000.com,https://news.google.com/rss/articles/CBMi8wFBVV95cUxOZDFnTFBNeDRTY2ZVbEFZajVMRERwd0NLRE5lcXdHcUswYi1sTUNYY00xa3ZLek9GQV9ydHIyOWRNNlVmZ3FjUW4xM0RqR3QtMXRwYXhkU19MUEtxemRJeVBwb0dwN3IxMHhjUG15MFBkcWZTMDdGTEtrb3EwR1RxLVVLXzZHdk81bnNPbEU1cjhDcnpaQm1Iek9mdTZRbEtwdW9uVl9mZUZRVngzcVctMktaXzlFdWdZVUdXdjJDMjJicWJTdnZqenkwMk9GRG5rYzJoX211V0dYZF8wMjFKelpLNENHX09oV0QzcTNzMzN5Um8?oc=5,news8000.com,2026-08-10,neutral
The T,Two charged in Orangeburg County burglary - damage and loss exceeded $1M - The Times and Democrat,https://news.google.com/rss/articles/CBMimgFBVV95cUxQdE5WYWk2RjRBN3RLZVVfRXlBbm5oOEFmb3BmVjdPeXkyekVtRWxuZTE0V3hYSmRIcGdZRTY5N2E5YkVBTjBQeHYySGhoaVVCZlVBaE9aTHdpRGpWRjBYd3Izc3F1dTg0MXNDOTBmemZqVVFPR0dJejVwYWRneURYLVRFOENaenhiY0RTZUtSQUZTR1pOaTNnME5B?oc=5,The Times and Democrat,2026-08-10,negative
The T,"Yes, University of Tennessee lost parking. But what's the real change? | Exclusive - Knoxville News Sentinel",https://news.google.com/rss/articles/CBMi5wFBVV95cUxPVDdxVmVjODdHYW53aWM2V1owLUk3VzBmeHVWWXQ0QjYxZjd3T2tVZUFxNmtULWxZMVlGWFROb0taV0EyUGxPdEZsd3JjN0Ita200RU5DZmhkSkltNy1kTVdoanczY2VhbDZBVkFtLV9wMXRqenZreXZqSmtXazJlTjNmNTFYZFNHTjBxYlZUMnJHMy14emVpUWc1X0NUclVRSmVsMHdmeUphU3AxUVVOdEVtaHdBcE1jNTJpalhmblVjYnc4c082WFdjZWdWNDZKSTRONjVsYllxZ2J3M1BBSUdDaXd6QUE?oc=5,Knoxville News Sentinel,2026-08-10,neutral
The T,Table tennis: Japan's T.League eyes more exposure after success in Taiwan - Japan Wire by Kyodo News,https://news.google.com/rss/articles/CBMiWkFVX3lxTE9zTG5zWjBGNzBPQkhjN3BQX1ZIMi02NVFJa004NERNMDRNbGpTdGVhQWh3Ukc0aEtJbEVVYktkS1FBMFFJWFdqQnNWT1dUR1dIdmVDUVBrZGZSQQ?oc=5,Japan Wire by Kyodo News,2026-08-10,positive
The T,Top Comments: The T. Rex of the Oceans - Daily Kos,https://news.google.com/rss/articles/CBMioAFBVV95cUxON25VbkxtN0RmLXF4emlmWExWTENkVjRSTGRIVDFNLW5haEJUV2ZsX2NiY0Jrd3ZRZzY2RThrUThFdDlCb1oxRlZycEpXbTB2ZTk5aFN1SEVNSkhJNzVwSTB4OEx6QU1TU3J0R1BJOWRkcUo2ZVhFbzNHN2ZVQVlBNkpCbGNwY2Rjc0pBZTRETkIydlBwNEQwNjJ0STl0eU1U?oc=5,Daily Kos,2026-08-10,neutral
The T,Cadeler Strengthens Future Installation Capacity With Firm Orders for Two New T-class Vessels - Yahoo Finance Singapore,https://news.google.com/rss/articles/CBMingFBVV95cUxQZG5QQnlBenk4THhlSlBRWWJUQUxrX0VXTmFZeXFxc0lOMWt1RmhMV3hGM0xrWm1mNHFNTkdITmZHZjhiTTlZTjZSV3RRUTA3UXo3bkpuWU5uN0tNa0VPWnBzSVJnMl8wc055M01ZekY3dzBxSnN5OUxadjVSZ0xQT2kxQlhOaXNyd3o1WFIwaVMyaHFHdFB4cjZscVZSdw?oc=5,Yahoo Finance Singapore,2026-08-10,positive
The T,"A year after deadly Clairton Coke Works explosion, heartache and trauma linger - Pittsburgh Post-Gazette",https://news.google.com/rss/articles/CBMiuwFBVV95cUxNRnNmc0s0Y1p1STZjbFNJNDI2ZHA4bE81c3B2amZlNFU5ektscEZybV9KX3UybGNRTGhyaGhDYzJrUWZNYTZseEJSWE9WS3hFU295MkJHTGYyVFdDSVVTRTh4RHN6QkdId3JtSjQ4R0p2a3VNbXFTem9heGNYRUs3ckJhcUxDUl9ENXo2ZU14Sm0zMHh6bEpQbnlPcV9sVEljdVRfNFNvZk41b3V5VDRnMXFpT3lob2lQSE40?oc=5,Pittsburgh Post-Gazette,2026-08-10,negative
The T,Tomorrowland T-shirt and Bag Arrive at Walt Disney World - WDW News Today,https://news.google.com/rss/articles/CBMiqAFBVV95cUxPOTV4Vmh5X0tmNkJxRmxSTk1rcEJvRmxJZWxuUm1aMEd1Zk5Id1JIRDk1WEVHNlA5Q25aVkhiZ3JYaWVrakRHVTVIdGNBRVpFWGNLallDeVdrTE9NVUpnVlpCS1FuU043dThsdDc4NmZ1MUNPR0pnN1V1RkNpLTdCNVNsSF96RFNvRXVVZUpnU29QYUx3c0p5S29sSXk2VlMtRmoxNEl3Q0M?oc=5,WDW News Today,2026-08-10,neutral
The T,"Vernon football returning to 'Lion express, nothing less' days - Times Record News",https://news.google.com/rss/articles/CBMi-gFBVV95cUxPSUMyeXdRQ2g4WGNfdHpKN3VIMWtCSFVpNDNsdTlZRTU1N0V5RUFhOTZNVGp2dmJLekMxcjl3czVTX1gyYllQa0NtWW80bTliajFIYmFDREV2Wm9Rb2ZZOUpFckFIYVA5eHFOMktuY2FqTVlNbWV4RlNmWTdwMTdFalJVZUdmWGJkZHNSbG4zUUtfQ2NhT1BSV1Zzd2EtVkR3M0FZczM0NGZpTDBNekVBdUZzTmtkcEJhMXQ1dmFPTHprLWJKakhfSlhXck1YMVdjeVJKMFZRZERRWVhpb0ViMHlRT3phbG9DVWdXX1oyMGxpeW1wQmE2Ump3?oc=5,Times Record News,2026-08-10,neutral
The T,"T-Mobile US has just cut more than 4,500 jobs in latest shakeup - Light Reading",https://news.google.com/rss/articles/CBMitwFBVV95cUxOUVQ4YnJrUkh5SC1wQTVaOGRYNWVUNWdvSFBJZVF4aUQ1RVptc21BQlFhaURhS2tvVHl3M2xWcTIteWYtckpOZ212OXoyR2hfVnJfZjhaak8xNG5RR0MyNzVJajNlYkk5MHJ2bjFwMmhzbkx4ME9MU3BKYm1uY3o0RHpMVkZ2R2lyTU44MGMwM2N0NHFIWXFicUhWVEEtXzFmczlIcUFxQi1CektxUWEzek5tWU81Tms?oc=5,Light Reading,2026-08-10,negative
The T,"1 suspect dead, 2 charged following fatal shooting near Orangeburg - The Times and Democrat",https://news.google.com/rss/articles/CBMimgFBVV95cUxQbnduemtydGFSSFRSOTZzNUV2eC0xbW1Mb1dkYXItTlJUMUJJVUZ2SWFTRzgyLTJJQVJOR0ZJRUJfd0thZWVDa0QzYkhyeGVua3pHd3FXcFI0M2NwWUo4R1pWUEx6bjlsaEZ3R3R0VzJHVXViaEZXUktUcFJVUExSU25ZMGUyS2pUZXRqUmxBVVhaWElNM2psVjJn?oc=5,The Times and Democrat,2026-08-10,negative
The T,Orangeburg City Council - Rezoning sought for coffee restaurant - The Times and Democrat,https://news.google.com/rss/articles/CBMilAFBVV95cUxQMmFrdDhwZktBT3laQzhwV1ZudmUxSk5VRlNaal9BTllvcm9pLVZZeER3dUFTQm9iUnZ6WlNIMTNVcjJyMk0yd0U1a3Q0ZDZ4enQ3M2ZEODhFOHlzVDlfZ1I2cFNkZEdUcmExWUZzajdqQkhocG1xaXBVX05OV0d6dGRQQzFkZW5qaVBpa3VpbnJPQU5m?oc=5,The Times and Democrat,2026-08-10,neutral
The T,10 Tips to Vacation-Proof Your Home While You're Away - The Times and Democrat,https://news.google.com/rss/articles/CBMiogFBVV95cUxNX3pTZUl4S3I3blRwc2thcHJpYl9TSjZmU0Z1eUtFbTFPTGJwUFhHYzVkbGVUWi1kSk5sdjlyLVBCVVYzUVZMTUNicDB1X2paeE9DMDBKVUZOdFMtM2R3YzJ0RUtBenFGVHdCem1TT2RaNC01a0Frd3JsUnFjTnJ0Zk5Hd3lkeTNVa003Ymg5V1Y3cTRHcGhVMy0xYjhVUllaVHc?oc=5,The Times and Democrat,2026-08-10,neutral
The T,7 Tricks to Ease Back-to-School Chaos with a Little Magic - The Times and Democrat,https://news.google.com/rss/articles/CBMiogFBVV95cUxQdFJOUEZvSXpBc2U4VnJrVXNkWUJPNXVKUGZVaVdndk1SLVNEX0RpanV1ZHkxakc1SGVSMHJoRzRSM081Znh6Q2lsTGxKVkZ4Yk9vam5WTkN3clhRQ1FqeVJjbjB3QWsxV05EQUw2LVhiMlNDaDhIWDdRM1RLWUxwUEhjODl1bzFDUFE5RkVqdjV3c0NDYmdXUVpxSHB6VGNUN3c?oc=5,The Times and Democrat,2026-08-10,negative
The T,How to Get More Out of Your Travel Budget - The Times and Democrat,https://news.google.com/rss/articles/CBMipwFBVV95cUxOZTY5cTZ4cFdid0FCS2Z0a3RDbTJqT0o2NkYzaGpTa2FoSjByZXA4N0hQOTlzbUlVTVdhQWFwdm9PUU1PWFBIeGp3LTBVN1hSSExQTWNlTUMzT2ZNMDBxLUcxRjlpWUJ6eTJTV3JzUU5jcnEycXBBUHNnQk5wN05JOHdPckZoUFk1QVF5UDhabGVEYndUNTZnZjdORFJBMGtjZXB6UjVkRQ?oc=5,The Times and Democrat,2026-08-10,neutral
The T,4 Daily Brain Health Habits for Better Cognition - The Times and Democrat,https://news.google.com/rss/articles/CBMiqgFBVV95cUxNM1FOckp4MTdLV2JiaUpDZHMxcXNIMUVIemdNY3p6dzh6bk1tTXgtV1hBcGktRkZ5dEF3UjNEMlZqWTMwTXZZV0czTi1WZG1BTmgxdmlkSUZ1TkFxY1RkZS0xRG9Vdm5XYWFmWFBLSXpLVF9SeTRNZlIzc2t2SUx6SEN6QVZhTjkwY0dJeUdKTmt4RVNKelFkY0xCRmw1eVA0YlZUZXg0Q1BYZw?oc=5,The Times and Democrat,2026-08-10,positive
The T,6 Simple Yet Fun School-Day Meals to Feed Your Kids with Minimal Chaos - The Times and Democrat,https://news.google.com/rss/articles/CBMisgFBVV95cUxONE9qT1ptbG5veFFJcVk4ZjEtS3p6YTVQam4ybnhsZFdpT2tJbFF6VGZKN3hMb0huNG9VYTNjNDVQalExNnROT2w3aW9Ic3djcHNLYWR6U1lGekcwR3pCUXgyWUtzZ3l6emRVUHowQmQ2SlFQRkFIRjhJMVlnQmsyV3hhVWR6c1VDazZZV1dCeS1GRERDOVVPMmllRHV4WjZ2UnFNS1VVWVdsLVpDb01WRVhB?oc=5,The Times and Democrat,2026-08-10,negative
The T,Things to Look for When Considering an Auto Secured Loan - The Times and Democrat,https://news.google.com/rss/articles/CBMipwFBVV95cUxQMnNVWDdCWTh4LUw1U09JcnVNSmEtS1NlMXFZdlJVTlFZQkhObFdEd29NLXJMeHQ0QXl5bEhWVGN6eUtVTVdvekIzdEtBMTNtOUM1U0EwdzY0UjlVVHJrbVhuQjdwaE1VMEU0aTlqX0cwaDIwVmQ2Q1kzVHF1eU9BZ3ZEWEFORDNIbnB5Tl9wUHJ5N3JiVFk5WjNXUXd0UGhwb2lxaXdKUQ?oc=5,The Times and Democrat,2026-08-10,positive
The T,History of The Oaks dates back to WWII flying school - The Times and Democrat,https://news.google.com/rss/articles/CBMikwFBVV95cUxOTDNTMksxbm1RM2sxeGxsWGVINEhfTXJEbVkxVUpPaV9VaFNlSU83TnEtemdnZDdHREpucHJSakF5LXBjV2NiV3REU1VkYVVZUXJudFNFbGtRUm1uM0hWWGljQk9YYlpkdEViWFJ2QU9VbnRkbUo1VERxdVVUcC0wMTJsZHF3NGpfZmR1NnpOSlY1WEk?oc=5,The Times and Democrat,2026-08-10,neutral
The T,Fifty years of the Grand American - The Times and Democrat,https://news.google.com/rss/articles/CBMikwFBVV95cUxPQ0ZBaFVYamN5RHMwRWlheWt6QU51VmJTLXFNQUotY1MtZE1QSTdqVWxIdDBuTUhHRGQyc1BudEY2cDlxaGtLU1VGZG5XU0k2U0FwV2hUaWJCYTFmRWNyd3h4QjNvdlp3N2NnUmsxaTNpa3ZXV1NrckR2S2FMZXNsakJ1ekVxeGhkTTQ1NEhVUmR3RHM?oc=5,The Times and Democrat,2026-08-10,positive
The T,Fred Richard competes on the rings in the Xfinity U.S. Gymnastics senior menÕs championships at the Mortgage Matchup Center on - The Times and Democrat,https://news.google.com/rss/articles/CBMid0FVX3lxTE1DVGFtSk1keU5uVENHR3VyekNVbTkyZEFFdHc2RFQyUmFXbE56a2ZkMWQ3dzBhbkRkUU5Jbi1Ka1lqSzByWURrWTM5NWg4SmNwZDU4SVVmY1J4ZldNRXRBbDhjVDdlWjEwbWdUWW1nZnBpNTd2a0Nj?oc=5,The Times and Democrat,2026-08-10,positive
The T,Council on Aging created in 1972 to serve seniors - The Times and Democrat,https://news.google.com/rss/articles/CBMikwFBVV95cUxOdWwxbGFKV2x6YnJ4RUUwNEs4SjRUSmt5bktaNHZTOTdERDg0Z3B3dXJYdXVWWnIyVjV3VDlscmh0SEJWdGJQS2NDQUppdmFCQkxsMGM2SVI2VlJhVTZzdnBFMENkLUR0X0xWRFJULUpGTUNLWHVGTUJhWUFKdVhfU212R1dlUmVTeTN1eGlHVmg0Y00?oc=5,The Times and Democrat,2026-08-10,positive
The T,Welcome to the MBTA’s shutdown summer - The Boston Globe,https://news.google.com/rss/articles/CBMiiAFBVV95cUxOdGcwTXJqaE10THFScGVKdmdUZ2lyZ1ItRG5tMm5DS2lCQ3R1c2YyaC1EVWFpdFotdjA1RFptZU9fWHJIV0lvX3VuMGlMRGdZLTJ4MldxOHdUQjRBZFp5R3l5OUNqcWt1YmJhNGttNkFmLUtjX1JrcHYyS0lBR0ZKeDJDQkJyazRo?oc=5,The Boston Globe,2026-08-10,positive
The T,I Thought Loading Data Was the Finish Line. It Was the Starting Point. - Towards Data Science,https://news.google.com/rss/articles/CBMiogFBVV95cUxQV0s5Z2dIVnBVbVlkV3Fuc19mRVprNVRGQjNsX1lXbWR4WGpEUzFRNmJlUlNNTnA5eUgyd1BMVUgtdmNkVnZjaDA0WWl5bTRUVjFMM2JuTDFEODU4VmU5eDZaZ3hmVUtZX1VETnczaExBaHNQd0FYbjk2MGcxSFpZRWEzVFIxODV4Mkd3OWNsYmQ5RC1zTmlabE9KTXRfVEFVekE?oc=5,Towards Data Science,2026-08-10,neutral
The T,T-Life issues continue to upset T-Mobile customers - phonearena.com,https://news.google.com/rss/articles/CBMimAFBVV95cUxPN2ZKZXBGMTR1d1prUzJTV0NhSEo0MXZsQ0JjRDdheG1hUE1zVmd5MVNGVE42THZZUnY3V2MtWHZocUNIS1RRTzliekdmVERrdTBOTFdGMHFoNDhMVVllVzV0alAwWVozRkpnRlRKUzNkRU03ODg2N1JrNTVrd0haMFFsNW85dnlOWUN0QVhEZVIyNkY3UkwwZg?oc=5,phonearena.com,2026-08-10,negative
The T,U.S. Army Yuma Proving Ground personnel test T-11 interoperability at home and abroad - army.mil,https://news.google.com/rss/articles/CBMivAFBVV95cUxNZVN2YUlHM1FuV2VpZzBsSHlzM1dKdEFLRTZyUUxHTnR3MGM1S3lkX28wTU9ISWJrblFFd3dOSVFSazlpZDFuZVJtRDNrWWhyZ3NHRm9nSFRTU05FNDB6NnVwLUtkQ2phOFRnbm5WMzZXQXJSX2ZrNzFBdGljSlo5YlBfajFJdEVRZ0RUaGo1bFhwRGpENmhhZXBCaFB1VVhOMlM2c2lDRXlzUWF1Tnc4X001TGJyb1FGSURIbA?oc=5,army.mil,2026-08-10,neutral
The T,Local Regulatory T-cell Failure as a Potential Mechanism of the Halo Sign in Spinal Instrumentation: A Mechanistic Hypothesis - Cureus,https://news.google.com/rss/articles/CBMi9gFBVV95cUxQd1luQkQtOWpfQ2VqSHcxdWlMc2Rod0l4UEtOU2REYmpuZmNGVVVsQjFQUWplMDkwTjlzSm9ndzF5dEpCWWhZTW5kQUo0T1czZTVzeUVVeVJhb1BOR2U4clp2Yk5DaXBqd2RuUzgyekFvUDlYZGI2T2JPeGQ5aTJ2VlV6ZXJCbTFmbmctTlhqWS1kQnVEWWg3VzJwbm50QXZxaFN6cWpwVktvM1B6Nzd0WEc0NjNlZXBRS3RLQUNuc0dxdDlZRXludnZSZUhvcUlKNEZFWDU4T01PVTBVaVVwc3cxYzZtTFJoWGlTbGlKQ1RJVWZyekE?oc=5,Cureus,2026-08-10,negative
The T,Red Line hit with delays following track work and upgrades - Your Arlington,https://news.google.com/rss/articles/CBMiaEFVX3lxTE9UWV81bzM0YUdaTTJBeUJNS3hVSzVoYXNxVmczOHpHdDhMZ3I5SFRVMEZGQWZsMUpfa0lLdlZXT2dtYUxzR0pzOE1weHhROVVTT2ppVlNteUEzd3VuWkc4UnlsOXBaSFBt?oc=5,Your Arlington,2026-08-10,neutral
The T,Shirt of the Week: I ❤️ Sayin - Land-Grant Holy Land,https://news.google.com/rss/articles/CBMikwFBVV95cUxOR2lTZ1BsZ25WNU93Q0k4SHZKQkxaN3QtUmd4Yl9TNEd2X2dsRFFGSFg4TE85UDZ5RmZnX3lqTVdvNHRTYVN3N1ZrcHhWVW00OHJmTDAwNEFUbGY5WDZicVQ5OWJCYTcydWFRU2Fxc2NjTGNoLVZxSlNhazFqdW5zOWdtUkFCRlE4U053Z01FX2JCLU0?oc=5,Land-Grant Holy Land,2026-08-10,neutral
The T,"The Shows Are Great, but the T-Shirt Lines Are Terrible!, by Dr. Robert Wallace - Creators Syndicate",https://news.google.com/rss/articles/CBMiqgFBVV95cUxNNDUyM3dNNjZiSElsVFk3UUZaS3RqaDFBV2FTTDVZWl9ZS3gyUU14dUdxT0FSOVhFS1VCNDYyWkxJcnluQThWN1BZNkpSQ3lzZWtMM1dtNXczUUpYVG1QSGg3V1RFcjRHeUM4bkFJbVNCZWQ3RHdBR041ZHFROS1GbTZzT1gwU3dKY0dYUm0zNGZ3MnJlQ1NielgwU1F5ZExrOThoTmwwNTlKUQ?oc=5,Creators Syndicate,2026-08-10,negative
The T,Star Wars / Marvel Crossover Back On? LEGO Iron Falcon Leak Points To A Disney+ Special - Cosmic Book News,https://news.google.com/rss/articles/CBMifEFVX3lxTE5Yc09RRXp2bERJd29PelktWWFLWFY4MW5LbHV5Zl9TM3pxZG94OFZrVndfZkVDeEJabElfZl8tX2N5YkdDUlduZUxaZi1sb2FqbVhZU0JyT0picHEzZnk2eE52OC1iWDg5VW1XMER4TE84Q2FSTEtZMVU4WkE?oc=5,Cosmic Book News,2026-08-10,negative
The T,Cadeler orders two T-class offshore wind installation vessels - Heavy Lift & Project Forwarding International,https://news.google.com/rss/articles/CBMisAFBVV95cUxNbkJSM2pTdGx0UVJQd3J4cE55bElENGpUNkJ2SWVSdWw4ZUdRRVFDcXBwQWM1OWozYjFjbHNwbkROdXg5cjFUT3FIUkxkT0stRUJETXFWbUtOQ0RVQ0FobTZ5NHVMRkxNS3RiRnFIUDRwLVZnYkhNWmg1M2p1eTJBcTEtNkhsQXNZRzRINXlBMHV0aGs3ZE5OVHZaRXlzdVUwMXEzVjVmZHNXeXNwY0d3Wg?oc=5,Heavy Lift & Project Forwarding International,2026-08-10,neutral
The T,"Saab took another step toward an RAF contract, and the aircraft it is offering was not designed for Britain - OkDiario",https://news.google.com/rss/articles/CBMi2gFBVV95cUxOSzUwWFc1bzJwckFDbjB4QjByVHpVbWxOZmpwa294UktVR25Uc0NScUF5M2dqd0VWMWdQSUZyVXZNc1RjSlVPXzBvZ2RJMkhRb0xfbk95MmlNYTdrUm9LQWFjZjhMWVF0QUQ2YzFkd2FfWWsyUVBlR0c1VEIxVGNMWGhpN21JVzctUmQ4c3RidXEzRklISV9lT093dE1lY2FPMUxVZFlUWFNGUThOOUJQU3NjTWZhUWhOZUJUMEpYX0JPamhUZVlqdWE2R2NfUVZuLWxfZnJaNGNjdw?oc=5,OkDiario,2026-08-10,neutral
The T,Yamaichi launches right-angled PCB socket - Electronics Weekly,https://news.google.com/rss/articles/CBMidkFVX3lxTFB1SXR6S2htUVZmSjB2ZndSZXRBdnNJN2ZUU0txbGJpQ0l6YWJQNzJNN2ZPSUZ2TzEwSFphVi02ckVnX3pPaVZaVnpjeTF6ZU9YRURZWlhnV1RfMjFHNWNxWEFfajQ3emFRWVBNYXRIS2s2VXhSS1E?oc=5,Electronics Weekly,2026-08-10,neutral
The T,The Democratic National Committee is drunk with power - thegazette.com,https://news.google.com/rss/articles/CBMi1AFBVV95cUxNRGtORG9kc1ZWTUIyVGRVREtyZU03ZWJUbzR1dmw4QWE2cDRTSHJsckI0TGhaWFVicmpJaVFicWktS2RneFVDWlFOVUFEWHdLLW80dTBVWU5STE9PbFd1U3o1X1ZSaGROaFBJbXh3NHhXVmg4UjdEM1NqSnlCRW9Xelg3LWk1Tl9jSUEydzh1R2tzQ0U1V0JrYzJ5VnRjOVBMZGJVLXFWQS1ObjJvWkwwbmR3bDQ5Y2RpQjhKaERIUjR5cDVsZWNlVW1jWXVVdFB4VVNabg?oc=5,thegazette.com,2026-08-10,negative
The T,"Science Fiction Made Real: Kerry Rogers, MD, on How CAR T Works - ajmc.com",https://news.google.com/rss/articles/CBMijwFBVV95cUxPRFlfMW93ejA3MHdJRXNKYXI3MDFaZWk5Ql9ZYUJjMTBhS0RvR1MtSmllekhZMnNXYllmRlM1ZXRnX3oyZWwtVmNaSXFkLTZ3Q1o0TnJuSFZNenZVNnk4dU9XVXVqUk5Xa1BsT0dhaEwxbWtJRzlLZUgyR3lfQnlCcWlETkxGWmk4VzFMNkYyVQ?oc=5,ajmc.com,2026-08-10,neutral
The T,Teen wearing 'Free Palestine' T-shirt sparks confrontation at Mauthausen concentration camp - The Jerusalem Post,https://news.google.com/rss/articles/CBMiakFVX3lxTE1UVkpWdXdid3d0dHA0M3V0bjNIU2g0MWxwZFNVdHdIZnU2UTNYU2RrbWxHQjlMOGtyVDc0VkpOcldaR3B0eENBZXU1Rzk1WXc2QjItNHVuaW1Jamk5cmNUUjZ5TnNVZW4zVFE?oc=5,The Jerusalem Post,2026-08-10,positive
The T,'It's just phenomenal': Inside the primal appeal of T-Rex races - ESPN,https://news.google.com/rss/articles/CBMilwFBVV95cUxOX0RQWnlIdlg5SW9GLTBHY1hVU1FrU19MeUkwZUd6RGxJUVpZZUFqV1ZaM3AxbjVHaG1PdmpUZlRYU0VpcEUzdFB1VmJzQ21PbVNsM2p2YU82OVNORGNfMWdGWnFpUUdxR20wOXRuU19mTzFESUZpbkMzS3dMX2pHZTFkNmlLcENkbk5naFNiRkgya196QUtB?oc=5,ESPN,2026-08-10,neutral
The T,Why Taiwan is spending over T$1 trillion on defence to counter China - Firstpost,https://news.google.com/rss/articles/CBMiuAFBVV95cUxNVjJEeXB4aDROY28zQUJVWGJHY1k2bmlIblJzdVcwMUViZ2x0c1JFZHJTWi1OQmhXTl9qYkttSEFZa0VCR09ZRGtjZkNwbHZJOV84aUNNUFVVM0h2dXhob2wtbWt0b2VlNHc0N29Nb2RrS0VZMXRnMXdVTjVhZ2pfeW1fWUxqMEZIRGhPMVZVeFlxdTk2ZVhuUzVzUmJDcE84emgwbm9iXzFNejNvb1cwVnBDakZjeEFh0gG-AUFVX3lxTE1VYUVxVHdxbVhQSW9FYzhVVkFYcHhMWFlTRVJNeENDNVB1eHd6QVRicVI1YzlVdElXaE9fNDdsUXJwMXpPQUEtOXZrYUtrNTZCTmZNdS13T2tkbkc3YmgwZVZXdjN0RjJTalJCWnVWQ21xQnVCVEdvUkZZUlpwZmxBUzB3TUNqYUMtUG0wYnIyNkY4VDJudHA1Uk9aOVFqQmZzbHBQclN5OFNIUHUyOUhtV2w2dmc0OTBFT1hxeEE?oc=5,Firstpost,2026-08-10,neutral
The T,US Air Force to retire last of T-1A Jayhawk multi-engine trainers - FlightGlobal,https://news.google.com/rss/articles/CBMinwFBVV95cUxPR3RGcmxaWUJnbVZXUDljZUwwdml2Zms0Wi1HaHRHOWFHcWdZc2pXblcxY3V4U1ByV0tkeUp5ZkpCbjRzVG96QlZRcXkzeHBYY29pVlItelJsOFlZQmtGblpVcGt3VURLWE93bVZxemY1M2VENHNpWEZZRnFyaWdfUExtaWtaSS0zcmdXMlNCVGFZcktzcE1ZdmJEbi1ub2c?oc=5,FlightGlobal,2026-08-10,neutral
The T,Excessive familiarity dilutes impactfulness of kooky slasher film Buddy - Land of The Nerds,https://news.google.com/rss/articles/CBMihAFBVV95cUxQWDNuUHpsT0hjVEFqaFlQd29IeGJ5TDB4NHRiSVFBTHVGTWhTam5rQ0xNblgtVlJLbXZrRjBpMzBKLWVaeGhpdjQyR0wteUlRM1NsQnpxTjFxUWpISm9URU9nNTk3aTU5UU5BQXJ6TG9QbjliYVRpQldvcWxRSFpsaHA3MWg?oc=5,Land of The Nerds,2026-08-10,neutral
The T,Runner Breaks Guinness World Record Wearing 125 Shirts at Idaho Potato Marathon - People.com,https://news.google.com/rss/articles/CBMitgFBVV95cUxNQzl6SUhIa1dqMjF4OTFJM180bVEyLUYyY0l3bmNsNGFqcmJ0ajJfbHZZbk5vZzA2aTJSalN2a0h1azJoTXEzTmh1TkFjclVLWDJEaUgwby1WdnpIeURvS1RZM3FmeklYSWtfb1cySW1Bc3NKd1BmSTdjakJ4RXRHTzJ0NWxCb3VzNThXVF9QWHJpaEo2VXQ2SHpoQmJLa2NDaW9lYzNPNi1DRU9kd2QtOEdOQWVQdw?oc=5,People.com,2026-08-10,neutral
The T,Flower Memorial Library held ‘prehistoric’ escape room for kids Saturday - WWNY,https://news.google.com/rss/articles/CBMiowFBVV95cUxOUENqemNZN1NDbEhVU0tYRFFRMGhoQ0dRRzVFOFlLRHpjS1VocWhYRVhnbEV5cXFxcXdrNVVIQzZTcXRfQ0I2NEQ1RklkcFNyM0xCRnVBeWhtOHlWWFJNZUhZbmhKa1JMSnh6XzhBYU5US3JuUlBhWVBjODZ5dV8weTNiZ1lxWjI5UjRBMnZGb2xYSzJhWmhjVndZckV2OWNEMEVn0gG3AUFVX3lxTE05X1QwZXlYVi1uZGlQdGVRZE5iMEFnbUtfX3FfMXdCVUxmSWhYRkcwSGFfSjdWc2c5LUtuZWMtWWxlQjQ5RjUwc0laUVkwbE8wWEgzMUc2ZHBSaHVpdUpFbjU4UjE3eUVnS1RlMm85VU50SXdqUDJoOHhtQ1puVzU3TDJDMGJHbGN4eWNqQzlCVUgtcUdoTzZLUDBNZG55U0dJU1pxLWY4WXJXdUV3Sm02QWVOeG5xMA?oc=5,WWNY,2026-08-10,neutral
The T,"$58 billion In Payouts, A Lagging Stock: The T Trade-Off - Trefis",https://news.google.com/rss/articles/CBMisAFBVV95cUxPZHlvT0dpcWdZN2dpMzZtR1FzMTZoOHJYd1FWaUkxM3kxRDJfemQwY1h4NzJwNUI3NC1TQzE1YzBCSDhfbkx6MnUwMk5fcWVIckxpVXdoNzRnaFQyU0tTTEZlTlNfb0NUZTN1WlVnaFBEUk5hQzd6SXRNaEZFX2k2eXZDWnRFQ3hKRmlMaTZJazRITXJWVlNITDdkS0Q0R1Zvc3FqVGV5TTJaOFBfamJXbw?oc=5,Trefis,2026-08-10,negative
The T,Prep Football: T-Mobile contest back after Dierks victory - Texarkana Gazette,https://news.google.com/rss/articles/CBMioAFBVV95cUxNQ3FtWDVBTlNkUXRET01uWTFNdzFGZGRiLThybWhZX1NsTHo0a010cDlVM0NjQTRjQWNLcG44UDRtSVV2ZEQtNlRHU1ZFXzRDelZUbGpLRHpBVlUtZlRvMUx4eDRQM1B1YzRXVUQyRHRrdXpKcE9qeEdhNEdNTlpHaHJBR0ZOZnpaRUxJNUltaXdsSHVaTzdXMldrRnhTZzBC?oc=5,Texarkana Gazette,2026-08-10,neutral
The T,"Russia Promised 2,300 T-14 Armata Tanks by 2020. A Decade Later It Has About 20, and Moscow Says the Army Prefers T-90s. - 19FortyFive",https://news.google.com/rss/articles/CBMi6AFBVV95cUxPdUIwNFkzTWFna3pYVkRRRktIWDNKdlNDclZVd3p4a3YyWnFTenNCVmlyMEhUQm50c1FrM3BSeTRDWVVyeEtYRkxJRzQ1dEstTm5MSXAxZGl0VFdQUWRaWjZQM0VmcC0wNjlnajBPbGY0WWdCRTVhNGNNTzBIRHhsZFV1MkZ0Y1kwSlc0ckVSUFlHd3otNkFkR1VtMXFpOTNScjhlekN4cFRnY3ZDVTVHaXVZZF9JdXV1c3FiODc5UU1sdTdNSlloRjZpRUwwaEFUaDBUTUZYek1pa1dZcUtKdGZaczJ6Rnl5?oc=5,19FortyFive,2026-08-10,positive
The T,High-Profile Motosport Concert Series - Trend Hunter,https://news.google.com/rss/articles/CBMiXEFVX3lxTE5hbUU4TmJzbDVQekJPcE9HOWFmazBSRzFuNTV2MHRKc2lMbGRPZm5CcHoyX2pibmpfZWFyaFBGcVlTTVNldWhYc1Rla1dGbzd3aDZmclo3MlJrbC1K0gFiQVVfeXFMTVA5b05KM0Y2V1I2Z2l2bkRfVHgyZnZmUmw2X1VMbnIxekJ2MmttWXdoSUd5SmlKOUcxZFZiTnVXQVByWnJjbW9FSC1wbFpLU1RSODlobTlwZ3lzVmhsOEh6Wmc?oc=5,Trend Hunter,2026-08-10,neutral
The T,Big Brothers Big Sisters of the Bluegrass making a difference in the lives of local youth - LEX 18 News,https://news.google.com/rss/articles/CBMi2wFBVV95cUxPc2NLN2t4UW5GZ3JXeExFOGoxQzNKRThzaExTY3FIVE03Mmt5dVpfOXdOSndTUENlejBBZVNud0dYTEtVblR6RGtFaDhWNEFTR3BSZ2JyRF9TT0FobXFNMlhHVmVJMEZFUVk3dXNLcGg0Y21mR1FtUWNuZzVEQzBtQmJoWTg3SlpsTEpqXzgyd3UzMUU1Rllzai1iN25UU3JWY3Joei1LTUlERXF3QnlkRXpwLUY2WS1XWUdYVUZ6alVMSWNRbmxiczNXakRGLTBIRllZODZJNmk5eEk?oc=5,LEX 18 News,2026-08-10,neutral
The T,Patrick Mahomes supports hometown schools with T-Mobile - Chiefs Wire,https://news.google.com/rss/articles/CBMi7gFBVV95cUxQMXpIS2loWndTRkc5LTFZWW12ZEE5NXk0b1pmYXlqSVRrd2JjNWpablZrMXd0dzY2Nml2aDVtVEt4Sjg2eUM1Vmx3NUZ4TEl2eW5EZWtlVTFGVkNsWHU4OEpRMHFRZ2dXM1IwNTBGOXRCXzNfemZNOXRzVnhtSTRjVFdHd0FrVGNUNU1rWmJpT08wRXZWdlNtWVdvUk9nckplc3Q1MWlhSlNjVXlrNWVOWWxLN3BGdk91SUlIZlRMY1AzUXNqb25QV3dGZzVsV1dER3lkRnRmYnNWWHJrbjBNbTlUcUZOZnNiNHlLU3lR?oc=5,Chiefs Wire,2026-08-10,positive
The T,South Korea Telecoms Shift Focus to Retain Long-Term Customers with Exclusive Events - 조선일보,https://news.google.com/rss/articles/CBMiiAFBVV95cUxPdGdzWWJ2YW1UTTc3U2k3R0cwU0VBQ3NyQjZ5TG9TUGs4UmdsdEEwdzR6U1dzcFduSjEyQkdGaV8xSXZONVVGMVcxTk8wb1ZIZzlxbS1veDdDR0ZnZTExSDFxbW9qdDFwNVNPaXFFZjBneE4zcDdhbnNYR2NCWmJYdXBjUWo0V2N4?oc=5,조선일보,2026-08-10,neutral
The T,The NBA dunk champion reveals 6 jersey numbers in the t-shirt presale that shakes Girona - APD Noticies,https://news.google.com/rss/articles/CBMi2AFBVV95cUxQa2hQTEFTNmFoMVE3WXBSMTVFdU9EcWlLRkc2bGRvOTdERUhEeFpjVFN5NFQ2WFhfUTkzQW5tWFpRcGFockJrWVZpWllMdEhuZDJpYk8yaFJmUDNSMF9ZcmxackotMjE1OUtxQ1FqcEViUHBEVlh6RmtWQUtGVjJ2VmFuWU96WERUMDI3VlF4MHhfUUdGWC1LRDl4MkVvR3RjWnZFMThDeUZMbVZia2ZuZUMxYzc3VjlsOWVDMHRBcDdxTWVXVnVUY1NJeU5DaWdmc21sUDNfeTM?oc=5,APD Noticies,2026-08-10,positive
Washington Metropolitan Area Transit Authority,"Fearing violence, some Metro bus drivers are bucking order to announce fare - washingtonpost.com",https://news.google.com/rss/articles/CBMiwAFBVV95cUxPbk95X25fZUY1N3RCaFdldlJzYmU1RHJuVU54QzNwLVF0YkY1cWR5b3BDbF95SmNIaXpvcGdYNUZxMjBLakQ5bWhsX2kxWXpwVy1OLVVaMDJ0NU10ZUVjQzZlQWdtOVB5WWJKTFAwRzRwTFNKMnlMdGZYZkVLc2JyWmNjM01kSUFNLVMzVnRVVVBlSnhtOHY3ejl0ZW5zMlZGaGppM0NSb3Z3UG96UF9fXzdWM0VSdXlkWDgwSUh4dC0?oc=5,washingtonpost.com,2026-08-10,negative
Washington Metropolitan Area Transit Authority,Family sues Metro after missing man with Down syndrome was found trapped inside WMATA storage room 6 days later - WUSA9,https://news.google.com/rss/articles/CBMiiAJBVV95cUxPNEh6TXB3cmdXRTVudlBIQ0lST1ZCS2I4M0xwaE9vYXRtUEhFRFhKY19LdU1wZ2xTWk5ic0Fua183b1ZkUjBXZlVNaWxCaFpoVW9TbHRMc1dNaWRsSzE3Y3BKZnlWdWdBekhJdHc0MTVFZlc2U1lON092dXhHa0pZUjJHTVl6SDV6YjFxeXM5bDZQU0h0RkJYbDJDZHNZZjJWRXp3VTF6WnNQby1Gc0FVODJhaEpOVHZGN1EwNkwxSEdLTTlpeGdoZ1Vua1hoaWV4bEdiZ2hNRElYYk9FZzBFYnVMUjlzaUZBR2JNRGtub1RwTG5sUDRtTXF0ZmxRQzdRbjRJNlozclQ?oc=5,WUSA9,2026-08-10,negative
Washington Metropolitan Area Transit Authority,Metro touts drop in crime across system - NBC4 Washington,https://news.google.com/rss/articles/CBMirgFBVV95cUxNZlFoeUtyX0p6b0RscmpvLUJ0blc0OWgwOVU5X2FsaVgwOWhKZC1MSFByZ0VJdUdhUWstd2RnT3ZSM3BtOTNDaV80VFF5aW9hMC10anl0ejU0cnRZTjUwUnhTQ2tkMjBRTnhRSUJiY01TM21yZVNGbGRveUJObEJrRE5pQjBUN3hDTnJJeU5TSWFZM2FXRXZzVmRNdTltWkNmQkpwbVNLQXU3MC1ocHfSAbYBQVVfeXFMT1R1YWRRRUliVXRObS1aenByeFFKTy10dkNXWFZ4RkMxWlhibjYxUkZ0UUlaSzFodTFJbkdNcDBJaW1WbmtEaDhWQjFiZTdxRUExSEZHaDUwWlVDaWlJTkVwUzN5ZG5ETWkxd3FFTjJlS1NteVhYNlpKemgxTTN3UU5IYjVmVElaUWhjbGJ2b1FGUXViVmxaX2dyS1hwdHBBdmV1blZiQUk4V1lHZjA3dVROYU5HaHc?oc=5,NBC4 Washington,2026-08-10,negative
Washington Metropolitan Area Transit Authority,"UPDATE: Washington Metropolitan Area Transit Authority Has Begun Bus Shelter Replacement Work at Shady Grove East Metrorail Station in Rockville - Montgomery County, MD (.gov)",https://news.google.com/rss/articles/CBMiiAFBVV95cUxNZHFsN2NwejhON21BZm44MURDdzBXa0ZrZENfUzhTY3NUNURzWHJTbFhYMV9nSy04T29aVlJmU2pvNkR5UHJSQlVKLUdMQjc1M2lPTXJzSFhleFFza2xKODdwYUpjVFNod3lKZVdEdGJCMnlkanFIRXlMX3hXcnlJUXEwWkdQbldW?oc=5,"Montgomery County, MD (.gov)",2026-08-10,neutral
Washington Metropolitan Area Transit Authority,Indra Group to Feature Next-Generation Transit Ticketing Solutions at APTAtech 2026 in St. Louis - markets.businessinsider.com,https://news.google.com/rss/articles/CBMi6gFBVV95cUxQdFVyWmJKWlMwNEJBcnJBQVlESGxsUjFaSlJkMkxnY0h1ZkozREF6VTVtQndzV2FrNEFfbHJ4bkFYT0hCX3RPVUtIQjlYdWZkdlhRSi1rM2VrcHNoako2alBNTUpnS0lDQ3Q5YjNpeHVGWnA2OG9FLTZfbHZoai02a2NEejJSUklhM2twbFZucC1jOWxQLWM5azV3dFE0Vmg1UktTbDFtZ1YtaXZKNEhZWllBcklveU5CZzAwOTMyTEMtaGZGNGcwZjZFd0Z5bzh2WEJJNjZpRGllX3dDYTZXM3NqLU8tcVlVdXc?oc=5,markets.businessinsider.com,2026-08-10,neutral
Washington Metropolitan Area Transit Authority,Why Trump's Strait of Hormuz blockade may affect DC public transportation - USA Today,https://news.google.com/rss/articles/CBMixAFBVV95cUxQUW5pcFBLN2VDY3lnb3kzblduUC15S1BzSnlFM0VzT3M5NkhoYWI3d2ZLODAwdUxvampvcGN5dXZsTWFhYkl3UVk5SjY5N0dyaktpb1ZUTkk2NGhxOEVmYWwtRlFBM1BjSnBlcFY2UnV2SDNZNl9wQmdZTDBQM01YclR5cjVDRG1LcGw4T01DSEIxeFhiVkVtOThpZXFVMjE5TFVBR0xRd1NxUVZTbXY1VG90enBNal9mblRHdWNUZmY5WHd6?oc=5,USA Today,2026-08-10,neutral
Washington Metropolitan Area Transit Authority,Metro launches limited-edition Smart Trip card for DC’s Grand Prix - Washington Examiner,https://news.google.com/rss/articles/CBMixAFBVV95cUxPbDVUQ3Jta0Z6ZjdUVUFkRXRRSC12dXNKbWtHVVlmQWQyOUktdUo0QW5DOVBnWDlUY2w0Um90QjJzREJ1WDQ3akwwb1FQRENXY3N3NjNuaVRhcjhRTnU4RlV1NkRIcDJQdDRxejVseUZ5cXMzYXFwaG5nTkFrUHhHQUVvOTZNQXNma2d4cHpZRW9KbjFxMUNMbXVXMllUNFVKeHd0c1hQVm5ENE9QcC1vdjVJWG8xYmRiQmwtQ09FODJCcDJJ?oc=5,Washington Examiner,2026-08-10,positive
Washington Metropolitan Area Transit Authority,"Washington Spirit, Metro Agree to Partnership that Promotes Taking Transit to Games - Washington Spirit",https://news.google.com/rss/articles/CBMixwFBVV95cUxNcjNNSVNJNmY4aThrZm44WFQ0a0tJN3o4V3kyUDJfbEFTdXNnOTljRnYyd0xwMmVkR2V2bnNSLTRJcU5JY29Bb2ptZ0plWlNIcTBFek9xa2V0T29BazhmRjBDVnUwdlEwMVo5R2RJR0xUN0cySDh1dUkzWnBHRzlDMHVjX29iUWFoSUZJTEs2bUFqeU8zUFBPNVllRC1jTF9lc2o5b0ZvMUhpcGRnZkl3QXRtZmxvYk1xdWh4dzJDb2tQX2NLZVo4?oc=5,Washington Spirit,2026-08-10,positive
Washington Metropolitan Area Transit Authority,Metro says it's so hot that trains must go slower - WUSA9,https://news.google.com/rss/articles/CBMiywFBVV95cUxNVGJGb3lUNmFFSTJHNTk5NXloTGpFY3JxRHpyOFhxTG5oVEJLTWdiWWJpbUZBSnI0Q24wUnNyUVpmQXktX01oYWJiNzJHWTV2d0stcG56WlhNSGxzWVAwTHlrSFJHQmxqMGdNdHNjM1A1UEJRYTRiOU1WMTFpQ3h5Ti1hMUZnMlpRYXN4cDdWN1dJanhLWXlSdERNeGs0akdKOGluQ2w3SDV1WWlFMVBqUkJ3MTNQa1JMdXp1NjdjaG05Vnl3MlV2elV2VQ?oc=5,WUSA9,2026-08-10,neutral
Washington Metropolitan Area Transit Authority,"Data Helps Washington, D.C., Transit Fine-tune Its Service - GovTech",https://news.google.com/rss/articles/CBMimgFBVV95cUxNUU5LVnkzVW5XeUd3bFc3TnZiLTZHRFo2eGdhS0hhU3FPUUUyR1JLRkFYQmphX25aQWxKZlhLeHFubndiRWpDa3NaRFpwVzl4dGt2WHBjakF2SUpzQkE4b2dRUVdZV3JhdFh4N2Z6QUhOcVlWeU5IMXJEQ2liNzZweW5VSENRaXIyWG1nLVlXblNha1VWTUQ4SDhB?oc=5,GovTech,2026-08-10,positive
Washington Metropolitan Area Transit Authority,How This McCourt Grad Helps Keep Metro Moving - McCourt School of Public Policy - Georgetown University,https://news.google.com/rss/articles/CBMiigFBVV95cUxQOVQ1NGtwQ0NnZVlQcVRfQ0JuODNRRUpsSVlVbEpVeWY5ZU54R3pnS3VsMzBLYTRiOUFMMlZsTDh4cC1tekpDQ3BkSXFrMnNZSUFsVFotTlBWNVFKYVg3SFFwVEtJNUtRNkFHSFpBb01vb2poRDhDY0hLZVFmbGxCVUhGWlpzWFBSZEE?oc=5,McCourt School of Public Policy - Georgetown University,2026-08-10,positive
Washington Metropolitan Area Transit Authority,WMATA to vote on budget plan that includes Red Line automation - FOX 5 DC,https://news.google.com/rss/articles/CBMihgFBVV95cUxNUEVVMXZ0bENRSVdEamI3azh1U2dGRC04aWpWb0hhUWgzdG1EV1VVQ3BfTFowRE9feGhjX0FwZXpheF9vRlZHRzRWRy0wY1J0YThRSnNsMy1HcVdzLTVIYUtfRHlWQTZBMlBXaklDTlByaHlzOFdrN2otbjdfS293Ml9lOHNaQdIBiwFBVV95cUxNUktDZ3dIdFFmYk4yMDBYREl0UFJjem03YnRjWnlPRkhjNDY2YVh3dHhOdU80Z1V3OXNkZ3Jvb2Z3TXFqTEhJbFY5Y3FWVXc2TFdmU3JmVHd3c0NyUXJfN0I2bnFnOHVHT1R5OU12R1JheHlSVnZseENOaVdIeHczZEk2LTNyUUZFbXNv?oc=5,FOX 5 DC,2026-08-10,neutral
Washington Metropolitan Area Transit Authority,Lawsuit details Metro station ordeal of disabled man who was trapped for days - washingtonpost.com,https://news.google.com/rss/articles/CBMivwFBVV95cUxOM05ZSlRFcjdLY29TcWJYa0gwT1dERjJ0X3BlQWJKVWdoX1JGWnNTZ3FYekpJd1FKdms5MVFpWmpMUkZ2WDl4QnNLemYzaXZpLS14Q2hLZ1hKc3FJN0VMcGRVTXUtclpMNWE4QWh0dC04bHlicmdzTlQxTEx6UElnb3hQRVpxUEJ1ejFxaFQxTHBuOWxWTUp4M3FKYlQzVHc0NG1iZV9sc0RrX2hmT0ZPbEdQVzktdGtyUXZMUE1hTQ?oc=5,washingtonpost.com,2026-08-10,negative
Washington Metropolitan Area Transit Authority,"Washington Metropolitan Area Transit Authority Continues with Phase 2 of the Bus Shelter Replacement Work at Shady Grove East Metrorail Station in Rockville - Montgomery County, MD (.gov)",https://news.google.com/rss/articles/CBMiiAFBVV95cUxPUDlBcHZrb0FsUndCTi05NHp1S0wzbGo2SmZrRmJ2aFdiNktoWTd3YU1CR0h2SW9QcDZoWVBCYjhqU2F0LUVYZnhKekV2bENxdG9BcF9sSjlWVW9ibWkzbGJnSnd3WGEtaERNeWM2ZHRla3E0WmxuQnZET1RzNmFpY0NTdWVFXzhX?oc=5,"Montgomery County, MD (.gov)",2026-08-10,neutral
Washington Metropolitan Area Transit Authority,"Red Line delays caused by water intrusion, WMATA says - WUSA9",https://news.google.com/rss/articles/CBMi2gFBVV95cUxOM3lpQlg2ZEg4akhNQVdaV2dBS2F6dXhWTWl6dERmQUdYOFNUNWdxS2doWnNnU01MTDdCMF8yNkdVREt0eksxVm9Qb1ZMYWpMX0VSVEh0TElrOHNwTnNuelNkVDFFQ3ZKaGlRLTZ4SzJkdV9fU2F2ZU1VOEpLOG10Nzlob0VZcGpfeVVPVGFCaC1kR0xENVFaRnlUVk9TZ01LeGdGaXFmcjhqMXpMUEZyR2tGb0tUTnJJZF92OENLSzZpbXJQRW04eVhnWFdMdS1rYmpxeXliT1Yydw?oc=5,WUSA9,2026-08-10,neutral
Washington Metropolitan Area Transit Authority,Opinion | What is undermining the recovery of D.C. transit - washingtonpost.com,https://news.google.com/rss/articles/CBMitAFBVV95cUxNbHQxNjA5bnk3Nm5nY3l4dE9URC01dFZUU0drOEd2REhWWTVUa044dmp6NkhSUl8xYk9EUVQ3VWFLNDRvYnlpUnlReUhKZG9lRngxWnFoQVlydVBqTWdpakc2dE5yZ0FpdmNVb3FOeTBzcHlTaUVFVDNaQ2N3azZGVmVRYTZ2T2F6UUtzaHROT1M3OEp6QUZIR2ZuakdYaWJYZkpRSzVNcHBjV0J1U01YcWFyMFo?oc=5,washingtonpost.com,2026-08-10,negative
Washington Metropolitan Area Transit Authority,Record numbers rode D.C.-area Metro on July Fourth - washingtonpost.com,https://news.google.com/rss/articles/CBMingFBVV95cUxQZk1HSFRkLXYtUldXZ2FZNzdGRVlQSUJCejVBZ052eGU1WWNjbXY3YzNwbWNHeERsMnF0MDE1T0JOaEkyaUxFZEdQRFo5Z3Jfd1hXMGRiN2FBLWZqNVFBcTZzd1BWZlpQQlV1SHFUSmRqd05YSFhyTllsVTk2WjJ2MndsNC1wQ3Q3RUh0TkVmaGZtaGxGUXZFTlVmTVhlUQ?oc=5,washingtonpost.com,2026-08-10,neutral
Washington Metropolitan Area Transit Authority,Metro Red Line trains return to normal after day of delays - WUSA9,https://news.google.com/rss/articles/CBMiywFBVV95cUxPeUc0dEV1T2FBM3NGTFRfbUlUZDFuWW43aUNNdTR6alRQNHN6MmQ0QWUxWF90Rkc2bEh3bHV4NnlpdHRFbVVzenpEZ0VHcTlOV1VMLW11MFdmVUNEdnpidTRCZkI1eG5EdmlhUzJkZUxjU2RDOW43OFZ2a1pYcVV5OG1RZmt2U1JmdEtZS0lSeXgweEVXOWNwY21OX0tGVW1fNUFiakRlZ3BmTHpJX0o5Uk5iOGhWc0RYeGNKelZKcURqSE9ibFNBR0NNOA?oc=5,WUSA9,2026-08-10,neutral
Washington Metropolitan Area Transit Authority,WMATA releases list of major disruptions to Metro lines in 2027 - WUSA9,https://news.google.com/rss/articles/CBMixwFBVV95cUxOUEdtemJkdlhkeU1vbTJkRm05VWdRZWpCZ1ZDTmZKamZDRTFFV09DZXRvNFVfbG13dXljeDRvWk43bVdSY0lPRE5CelE5ak40NzN4RmNxSXFqOEhqNkF0eXd5YTFhSnVvcFYtVml1Z0xtUExJZmlkbFk3UW1xOGtMNHJ0UUk3UWxaM0s3SEkwV3c4Y25ETGh1eGstSDJNUzRjWVVSbVg3WndScmc4U0xTUHduTzhZNEVpVkpUT2lIamRCbkNFNmxv?oc=5,WUSA9,2026-08-10,negative
Washington Metropolitan Area Transit Authority,11 injured after WMATA work vehicle hits Metro train - WUSA9,https://news.google.com/rss/articles/CBMi5gFBVV95cUxOMXhxMTZ0UDhieFFjaGhKUVVlMDRwZjQzWVZUZVhDd1JhQU1ibDk5WHFmSkdUNnQxNjBaQlhvNjQxaFNUVGlEZ1A5ZzRZZDZHZThNbEVUQW5QeUNqOUNFNkk0cGZERGtzdUtrR0dLYnM2Z09rSk91OU1seUU5Tm4xekNzRFN0WUs5ajBSOGhlN0hBdEJxdmNJa2loUWkyMU9GQVJZSVMwRUhsV1pKcFkxQkZtYzVzZzVDbWRsRXM1ZEc4c0h0Vmd2UGE2dC1QeFJINWotWjdQdHRObThIYkY0T21zSmRQQQ?oc=5,WUSA9,2026-08-10,negative
Washington Metropolitan Area Transit Authority,Metro cracking down on fare evasion after 70% of bus riders skip payment - WJLA,https://news.google.com/rss/articles/CBMiuAJBVV95cUxOWXRmd1FCNEI2UDRkZDJTWkRvbjZweWYtU2pNUFAydkdtVmNXb1ljbmxHZ1p4WUg1OElUTy01QTNKRHhNbWw1VVM5QTVvYlY2UlRrSHFpdF9GdVdVdGxpOHZGd19IUkl3RHFMdmphdUU1N0J5MXNiUTB3S2pvVEhDWUVrbGQ2SG9BVy11TXhRSDcwdVNnYUFlbnNLWHVXVHFETjRReWFNelotTVBrUncweDBrNm5HejBkZy1pUHVVeGw2aVhSOGtoX3N3TFhZSGVEcW82aTBkZHNXTWItamxNWUVMVHNiVzNMR3NNWXFvOFZpLS1WZFFkSFIyZ0NPRHdhX1l2YkYxcXo1VUYtdS1hdURoclpCdXNFT0drQnloSk5UWmNlNmRESkdFOW9sR25CaDdNU1QwZlE?oc=5,WJLA,2026-08-10,neutral
Washington Metropolitan Area Transit Authority,"GU Expands Public Transit Partnership, Introduces Capitol Campus Programs - The Hoya",https://news.google.com/rss/articles/CBMinwFBVV95cUxNaUQ3Y2RONTZKMDU5UndkUXhiWUZoa2d3aE9yemdsck9DSzJzQnM5MS1FeUdXYUthYzdMcUI3ZGdMLXl5bHV3RGlSQ014bDFKaTh6ZEJaZTFFUDNkSzBFVmplYUl1dWsxNnJkUHh3bjJvUDVTcWtZN2NJTThUbU5LT1J2XzFVdG1HVFN0aUx4VE95ZWNMenRhYWNLaHBBWjg?oc=5,The Hoya,2026-08-10,neutral
Washington Metropolitan Area Transit Authority,How Metro is preparing for this weekend's winter storm - NBC4 Washington,https://news.google.com/rss/articles/CBMipgFBVV95cUxON0VrZVFsdTZxUzNtMnl5NDk5UWZnNDRZaGpqYU5iWTlhd1dHQ0FhMGRUYWhMM09GS3RUOFowWmdQUlVtaTRTOV9ydkV0MF9zNEpJNW12WkdJMTNLb21KNmQzMGZYWU9qVUt2ODdGRW5Ia3RDNXlnZXJCdTVNYTEybEIwU1ZCWldhdTNLaHZiYmdGa21ZaWdxa3ZwODFwdlhVa0x5TXRB0gGuAUFVX3lxTE9pRmJOTjRUbGZ5X0FicF9laVhwVEJGSTNncTQ4RlhueDdEYWZZcGVNa0h5LXVObnNBSTlmRmNjNWd0UVdrMnJEalo4YjhDb2ZRMkJBQjBEU18yVWxOOXhpRHdEdFRVS2Rnc0g1Sk8xS0xuRmM3aXhYWGExWktVb1lmaVBPZVhmQW9qYm41ZEFwQS1JODJHWXFmQ0ZwX2xKUlFfZWVIck1jZFpLX0UxUQ?oc=5,NBC4 Washington,2026-08-10,neutral
Washington Metropolitan Area Transit Authority,"WMATA engages Indra Group for customer terminal, ticket vending machine upgrade - Mass Transit",https://news.google.com/rss/articles/CBMijwJBVV95cUxQaFJ1MjlFRTJWSEh1MUI3d1YyT0tVemp5c3ZsNV9oWlBMSHMzUDgwTUdRaVpaUS0xMlVHdm56V18taHd2MWFpbnBCUURaX0NOVkVlcXJSZ2xDSW1jdkhJcVdKNkdPdFdwVHA3NlpSOENhVFVJZzhvaVlGOW9nWmZFUFpDNHNIa1NwYzNIVllxTHZWLUg4WFJ4TFZEYVA4clB2SF9HXzZyQ0ZrZ0RBN2ZQV1BXSHRYbF94RjJJVXBPMjVOVDY4TkZGRjhCekgxcWtEM0l2cnVpdm9WOTZhQ0laX2NSVy1LeHN2MTBsd24za0Y4UmdZcTZ6MkUzU1dMdlAyT0xRanpsSkR4bW11WDNF?oc=5,Mass Transit,2026-08-10,positive
Washington Metropolitan Area Transit Authority,WMATA fare enforcement policy raises safety concerns among bus drivers’ union - WUSA9,https://news.google.com/rss/articles/CBMimwJBVV95cUxQWUhBYjR3SVIxOUlaVFNOLWhJV0RYX0c3aFlocUpNSzFCbUxrZWM0MnZGcGpVck1CTHViRmI3QUFWNXYtWHZ0ajZnZ3dXODhhRDdWdlBwMkhEMDQxdVVCUjIxT1ZHV2xtcmkwWDBCd0FWMUtHRmd4VHdsSklVWEYtV2dOLUVfd09CWl9uWnV6cG1yRzNfaTJvV2pWSlRtQXUydXdlV2FxR2g4MVJ5LW53czAyMHF1bWkxRDZyTDUxS3ROanNDTW9XaVlSMlQ1MjFQNXF1cW9pX1VraTd2R1N0dWU0VXhTOHhGWXAzbG1DTERBb0RDcmlRNGhMV1RIZ0NVN1kyQ1lHV216b2daRk12TGpHNmNtSkZId3Zz?oc=5,WUSA9,2026-08-10,positive
Washington Metropolitan Area Transit Authority,"Mayor Bowser Celebrates More Than a Decade of Delivering Free Rides to Students Across DC, Marks New Milestone of 450,000 Kids Ride Free Cards Distributed | mayormb - Executive Office of the Mayor (.gov)",https://news.google.com/rss/articles/CBMitgFBVV95cUxNc0R0TDAwWkJmdGFvZmgtR3dBeVp5UGVrcXdvYjV1Q2tteEtBUHlVaGtNS3BHSXpLQThTV3A4dl9XUmlRT0J3LXVPMU03N1lQNi1uVnR4YUxuTUlYcUJXTHc2V2ZRcTRmWGtGZXBDRGNoZmdnMm1GTlVsZmxnNGU4VFVidWx3SlVnbnNzYUZ4dG5YVDBObGFKMTQwVWU4RE1HSUxpVHZEaHRuaEFqbTYydnBGRnlPUQ?oc=5,Executive Office of the Mayor (.gov),2026-08-10,positive
Washington Metropolitan Area Transit Authority,"Metro’s original railcar is on display, orange carpet and all - washingtonpost.com",https://news.google.com/rss/articles/CBMiugFBVV95cUxNZTl5ZXZYRk9RZ2QxWXE2TGdEcXQzbkZhTVQ4bWNVSWcxWEVUb3lxYkVKeTVzaWZYZzVqeHJEQzdoM2RDMTRtc1VqNTJqdDc2NWwtTVV3eGV0elBUazRETm95S0NMUlpfdGlHaThVM1FIU3lSbG5FbWJEZlNCVENsUEZZLUdNMVFSbDd5bFhVTFZrcnQ4ZGltX1p0d1ktNlVVTlJoWDNxN1lsWkpycG9YeTJlanVOdHYyb2c?oc=5,washingtonpost.com,2026-08-10,positive
Washington Metropolitan Area Transit Authority,WMATA Proposes Revised FY2027 Budget as System Marks 50 Years of Service - Metro Magazine,https://news.google.com/rss/articles/CBMirAFBVV95cUxPTHlJazhuenZ6czNRTTE5WUdVd3M1Y05nREV3S2hrOXFWdVp0eTlraldhcExqXzJVU2ZZTG5Rck5sMGl6dTR2RHRRZWgyc0drYkViMzNoTUxxZXJLWVllT0g3UVRGaGExZzJtMzA0dlhsYUZVYzdQS1hnakJOUnRsOFNsQlFMemttZ2stX3hSb0lHU2Z2RjJRalE0cHY0cVVYRjd2dDhUc01ybUNO?oc=5,Metro Magazine,2026-08-10,neutral
Washington Metropolitan Area Transit Authority,DC Metrorail to move ahead with plan for full automation of Red Line - trains.com,https://news.google.com/rss/articles/CBMivAFBVV95cUxPNVRoVzJFcmxyYi1XU2pZaTJqVmFMY0Fad1ZuUzhYbUVYRFgyY0FUWmpsVkVoMHEyaTRLdXl3SHNpZ2kycnFiNHk3OU0xem1nWVBWZXBjODg0RVh0ay1rYVU4bjRiNENzXzRXWTJoVzdDai1pZzJuSHJhdklrank1eUNzeGQzZTJKLUh4b0hYTlNZLVhIaVR1NUxDOHFLOEFzczZqcFQyaFpEVDNxTGdRc0phSUNmSWhuZUUzbA?oc=5,trains.com,2026-08-10,neutral
Washington Metropolitan Area Transit Authority,Transportation officials face pressure to get DC's transit system ready for the new RFK stadium site - WUSA9,https://news.google.com/rss/articles/CBMiiwJBVV95cUxQRFg5OFV0NXczVXpfNDk1OWtHbHc2STd4YVZDa2xZVlZTa3RJU3hIN0FnVEhPa2lHbVpFRlFlTjliekVwMGltSV9ZdmItQkRYMFloLXNtSC1YaFI5aGx3OHhIbHVqQkdjcW5pTkxRMDlNZXBjQkFSTEktckFOeVMwYm1US2RyTVVCNnp6WlRjOEhNZm4yeW5SVmpFN3VVejZkZUJMODZ6YzZlWXpSZ29pd3B1dWRneG1aZl85YW51aFl3Nng0cEloVWs3dFNKZHFUOTJWQTA1OWVqZXFCUF81djlLcU9RNTUtMlBsU19vOEZ6cXJSY1BoN3M2bUtueXZncmxla05GNWt5QjA?oc=5,WUSA9,2026-08-10,neutral
Washington Metropolitan Area Transit Authority,"After brush with the law while with his goat, D.C. man speaks out - washingtonpost.com",https://news.google.com/rss/articles/CBMitAFBVV95cUxPbUtwZlJLbEt1NDVFQkdIVklubjVONkJEaTN2dEpWVllwUmJ5MzkyaE1TeXFIMkZKanVUUVFuUm1ic2JHTVV2T3FNU2ZuU3BFTXZVajRDLUlSMkxoNnNBWEgybXBXTnR3clplazVENXdDRlJtMWtVaU5CYi01cWppMlVrM0VLdUlCWU5nYVFVUFIxSWNFeGRFaGxxeW9CV0NmSnhjaS1la0FMUFN5VHYzRHhvejI?oc=5,washingtonpost.com,2026-08-10,neutral
Washington Metropolitan Area Transit Authority,Indra Group to Equip the Entire Washington D.C. Subway Network With an Advanced Customer Terminal System - GlobeNewswire,https://news.google.com/rss/articles/CBMihgJBVV95cUxQWVZEUENKYzJ2N3NRMmdkVUI2OEY1dFo2VVhTUDBGWldYX1lEQWZxdnV6YkpfZkdNRW9IQTRxRE1QLUxEbDlxelh3bXl1TGhpZzFqbjJOUkJ6TjlZMnFYXzhxSUp1V2xZQl9vRWJndGNyVEthOWxZck96Qzk5SXYxZUVYSklROXF0aDZzRF9mNXROejZjbUEtQ1lDSnRXaHAxNm1uR0JSS3JLam5RWFJZbEVJUVYwbDRtbFdITGJ5c3NNb2p1WlU1V0p2WnpjLVZKTGNWOFBaN0p5cXVrelFKTVVIY0U1Y1UzSDdSelY3ZWFNMF9kd2xXVHFQdWlFTmFQRjJjZDhn?oc=5,GlobeNewswire,2026-08-10,positive
Washington Metropolitan Area Transit Authority,"Months after ending the DC Streetcar, leaders are considering a new transit line along H Street to get fans to RFK Stadium - WUSA9",https://news.google.com/rss/articles/CBMiwgFBVV95cUxNRE1HTTAxUzZRNTdDQzhBMUNHdWdnZUczZjZkeHBvMktlVFdHWkZvSW5QU2xwX1lkN3BmenNUQ3JyY0xYbDJ1Wk8zdnhSOVpxLWNuNEUxb0ktTG9HTk1Bckd1eXdXTEtMVGRvcWd5TzVVbXBleFVvYjEzN182QTlNOGZnYm5tcFN4MkpSQ2kxQ3MyUHRrMDloV0IxOTNSZ0JxMGdXUVRJbEVrd2FQS0stWUwtZWpMcmpQXzBmMHFQYTlyQQ?oc=5,WUSA9,2026-08-10,neutral
Washington Metropolitan Area Transit Authority,DC Metro Accused Of Denying Benefits While Skirting ERISA - Law360,https://news.google.com/rss/articles/CBMirgFBVV95cUxPRVpKWDhKbmw4enIzR0E1cVJncjlONXVYUkxYeU9BbnJVVmxQUno3NS1kVkh2YWtHTFpjeFlLUjBKdmRmcUw1UGI2SXRmUHpJS2c2WTlaMzU2UGMwSHcwYVFnMTZPdzVWOXpnUEIya2RwZDBNczBWNVhQRDQwNXdoc2tuQzhnQXlmaTBCVWt3d0hya3JaTmZKVXJfS0NBUzF6S3J2NWJYTVdUb2lBYUHSAVZBVV95cUxQSkhsekEyVm43OGpMeDV5UktJS0l2SGZldnZPMDZMRlMxSE5YUC1Ya2QxN1JBdXh2T18xaktnY3VJUVF2WlItcTVLVFctTjFPWWVMVnVYUQ?oc=5,Law360,2026-08-10,negative
Washington Metropolitan Area Transit Authority,Olathe manufacturer will upgrade ticket terminals for D.C. metro system - The Business Journals,https://news.google.com/rss/articles/CBMiqAFBVV95cUxObmwxbXJLUUZqVklRdDBYcnJoLXNYdm9ZSjZHdDhSTVhicGlWNzdjUlM5QTA5R3Y0U1ZGZXNUb1JENGRsazVrUEJ2SUY1ZnBxc1haN2U1Y1o3SC1oX0dlNWxCMER0WFU1TU5wWDRkNTNwak1DdG5fZ2hfdTR3X2l0QVNIN0NSOHpQNlVrUXhrTzFkMm0zeGs5bTJKeEhDYXFkWVZMVnZuWWI?oc=5,The Business Journals,2026-08-10,neutral
Washington Metropolitan Area Transit Authority,Crowell & Moring Relocates D.C. Office to Newly Redeveloped Space In Penn Quarter - Crowell & Moring LLP,https://news.google.com/rss/articles/CBMixgFBVV95cUxNLTI1bzVOQlFlSk84YnJZR0JTVlVrY2ZZUnFUZU9OTmh5M0dScnRZTWFQbUwzeWVmX1AxNmJmaWdOZS1WTUl5N0hBT1Bnd0E2bEM5cy0wYnB0RmtwS1Atc09lcGFNN1ZYRk9IdXliS19xdjFaZm1RN1ZnOWR0am9pUEs2M0h6Z25Sem52VGtaTWFDMEJybmthRDcxaEtyVGxCX3VLeWtKSjRvUEVnS3dFcGU1MnRyeWNRUjY4WGFhOFIwLTdtd1E?oc=5,Crowell & Moring LLP,2026-08-10,neutral
Washington Metropolitan Area Transit Authority,Metro to stay open late Sunday for White House UFC fight - WUSA9,https://news.google.com/rss/articles/CBMihwJBVV95cUxPS2tOVUh1eEw2VmJNc1pYd0xrRlZLN3pmTnY4b3Q1NnAwUXNLWFEzTWp5TVRVN1pwaVU1OXRyZWdZdzlULUlQT2pBNllLeHA2RTVpX3ByVmhpdnQtZXhoRXhTRWliZlVXeGNGRGExVnNMa1ZBX1hFbnRNbzI0eFNCVHlLUXFpSVJ5aXhDTjQyR1I0VG45c0tFb3J2cU5la2p0eWJaRGNMZHBaV3dEX2RJaFlsSkFPSm1Hbnp5VjYxQ01xT0wtNUFhRGhfMGxDN0hhTDlQU2ZIc1dfekgtcDIxLUNJQVNWNThac0xVb3BKQkl6dkktRXNhN3pHQXFQRVJtVnVsYXVQcw?oc=5,WUSA9,2026-08-10,negative
Washington Metropolitan Area Transit Authority,"WMATA Adopts FY2027 Budget, Boosts Service Without Raising Fares - Metro Magazine",https://news.google.com/rss/articles/CBMioAFBVV95cUxNUFNIcWpXUkFzaGRBOEFMa0J5dXlVRHFfQUx3QzdINVRkOGpnQnA5aWVHWFVQMWNwdXpuWUt4dTV3OVBJb3FYajlySGtCWWw4SWZDTzN3aC1TeWY2d0JOSENEMXQwUm1abC1aMXhnZXBCdkx6RzN6emJ3M0R3MDU3NnBsLVg5U01aTjdoZ0ZSSG5mRy10QVFacV8wcW1rcTNH?oc=5,Metro Magazine,2026-08-10,positive
Washington Metropolitan Area Transit Authority,Why is PETA suing DC Metro General Manager Randy Clarke? - WUSA9,https://news.google.com/rss/articles/CBMiyAFBVV95cUxORFl2UW8xT0xBaGs2ZlNlNE13Z3hqRmdtZzdFdFhOeXhZREN1dkh0WlRCZE9yczUzNm1nRTVYTXJMTGh3SmRwNmd5blBNRF80VnZqOFh0aDdwbVpjYUk3cnBJcVo0UE5UTHNGRHI1ZXdwdUZ3blZScFBZZTZmQ2hoSWkwMWh0S004ZXdxdXJBQlZwY0U2eTIwR002RkVucjZ0WkFnZ3hpUWZFaFNRYUs5QW9yZ2toNFUwNk5TQUNaODRhcFN5X182cw?oc=5,WUSA9,2026-08-10,negative
Washington Metropolitan Area Transit Authority,"Red Line trains to single-track between Dupont Circle, Van Ness THIS weekend - WJLA",https://news.google.com/rss/articles/CBMipgFBVV95cUxQTDFWQ1BvbEs2SGJnY0wzMTRpN0Rhb2FKc3VJbk0wbmt5elp6VzI3Zk9tYXJaSlhGWlVMUXhfaHN2OTU5SGpzZUNkRVpoTkM4UWpNWXRLaFpyWFNZWUJwYmRYUHdTSC1ybTBGNmNEai1aMGlfS2FoellUWDIzMndEMGRuNndCd01VeVFvWW1mVmV2b2syVHJGMXR6VHVqcHl3alluYkdR?oc=5,WJLA,2026-08-10,neutral
Washington Metropolitan Area Transit Authority,"Metro’s Blue Line, Silver Line partially shut down this weekend - WUSA9",https://news.google.com/rss/articles/CBMiwwFBVV95cUxQSXJubVVXemJITEQzTWlqWWFJdVRCV09xRFhtQWlJOTRibUw3cm90c3ExRjE3cWY2alVwQTdjWjhrSW9nTklyanY5ckJ5bEk1am9jcUlGb2RobUtVd2M3RXB1LWlQanZLaHRpODdpMFFPM3JQNFR5a3JQYThhX1hCUksyTHZKT3pVSHllNHNudnllTGJSenozcG1JQ1FvLVJJZ2NjamtFME9qSEF3OEFDOU1ZbXNpT012YVRnMEY4ZlpCNzA?oc=5,WUSA9,2026-08-10,neutral
Washington Metropolitan Area Transit Authority,"A work vehicle hits a stopped Washington Metro train, leaving 11 people with minor injuries - New Haven Register",https://news.google.com/rss/articles/CBMioAFBVV95cUxOeHZubkI0M2JOYy0xQWlQamNmb01ta2JuaVZDOXlhYXVseHFuME5oNkxyaTJnTWhjelZVXzd2M2VBZU9BR21hSUFHVlVCc2xtYnBjSGVrdE9nY0gyWXZYWHVsUlNDSVlRdkhyTEFKSm5zeF8xSi16R19YenpQeEgtOVA1RXN6TUdaMm9ubW5kZWhkQTh4VFRvNmNBNjU3eDJn?oc=5,New Haven Register,2026-08-10,negative
Washington Metropolitan Area Transit Authority,"WMATA Marking Metro Rail’s Gold Anniversary, America’s Semiquincentennial - Railway Age",https://news.google.com/rss/articles/CBMixAFBVV95cUxPLWU4Qkhqck4yNlpZOUh4Tkk0SlpZM0ZPdnB3VUpJMXdMY2xSVnR6T3p4ckNXR05tWXZSS25zYzdhbnpYLVhRbWJZQjFMMFhiUjNFdVJIQ2R6dktZMjdLQnNxVkNUVy0zZk5pM29zQTBrbnJMa2VtUTQxZUg3LUg5VjQ2R1NaOHo3Q3NwdGVpRFNuQmVIRml4MEhBOHdvYmlxWjc2U2xnaFZoN21mWXh6Qk1iZFNUd0R6bXZzS0RBR2VGOWRf?oc=5,Railway Age,2026-08-10,neutral
Washington Metropolitan Area Transit Authority,National Park Service announces plans to tear down this final piece of DC transit history - WUSA9,https://news.google.com/rss/articles/CBMi2gFBVV95cUxPRXpSQ1Etci1ZaHpzNUJtRWVMMlJzczFHMUtzeFo4ZVJhcjI3M3NJUzhDTm5oQ2cyUTVobGkyNjVsbXYtWWxWRnlrSVNJaHFGNUlMN0NWNHNkd2FaTWVoWlNxN2lqT0V4cXI1NlVUUDdQeGFyeEFOY2lPdzgySEFfSDc5TTE1Vy1JaWUyN1V5MXVqSWNUbTN6eGRkMEJDRWRHMHdNei1ES2ZBX2lRTEdaOWdSaF84T19CYkFXUkFoRloycVdsUGl2elZNYXlrTFBGQUZuMFBVekdvUQ?oc=5,WUSA9,2026-08-10,neutral
Washington Metropolitan Area Transit Authority,Regional Leaders Endorse Increased WMATA Funding - aptapassengertransport.com,https://news.google.com/rss/articles/CBMijAFBVV95cUxNaGRBVFRDZGVPN0pjV3NQbFN3NDJkT3dtdlBXNFpJNmY3cWNWeHdHQ2NPSGNON1BleGJiV1BGb3o2cEVQUlhXX0RDQWcwdjNhQjJQV2dsMDJNS0ZoaVVNalROcUpMdWdxYkZ6MlQ0cXR3WnNTUmZEaVR0aWVPVTZGX0ZwVFJZWW1kUUV5cQ?oc=5,aptapassengertransport.com,2026-08-10,positive
Washington Metropolitan Area Transit Authority,Metro board unanimously approves train automation next step - WUSA9,https://news.google.com/rss/articles/CBMixwFBVV95cUxOVXdkbUgwSDc0Vjl4YTkySzJiZkVGMkI2NWJyRkdMOV92dnZRUHNpdUFWMDhvWXpGWmFhNkw0NDJZZDJtWkVTMFdWS09zNDd0cEg5aFdobFM0Nk1pQm9GNkY4NDkxYVlTWlNIUnVnbHozNy1TVU5laWdvaEZYQUMzUHJPZkhMR095cXNCa0phRGt1Q3JBYUlpYmplRFBTVnhlUUFXZTdJNUt3RG82akhxOWYyd0cyOHk3Qzk0bDljaEhMbmNxQ1dF?oc=5,WUSA9,2026-08-10,positive
Washington Metropolitan Area Transit Authority,Metro proposes more frequent bus service on Alexandria-area route as part of revised fiscal year 2027 budget - The Alexandria Brief,https://news.google.com/rss/articles/CBMi2AFBVV95cUxPcGJWSGN0MWl6OFJGblNnUkxJWXFlNUxUUTAtQXJPZ25qQkNSZ3hqamw4MU13MjBLTlVReUdsODVWTklVbzA3X0VjT2NUemN2Q1AtdnpVLXpLLU81bDZRUF84RHVzWHdyclJFX1h0d2lLUVZiaWl0dHg3OEttZWRsTmp3WkNpZjZubzZHLXZVNnNqeUhLTFFSNEFGMnAzTU1uSU5IS19Nc0hyVlVnSXNxdkM1cVdIdllXOEJNR21yZ3ZUa05ObFViV0tpODQxTFN1amRrYTgydkE?oc=5,The Alexandria Brief,2026-08-10,neutral
Washington Metropolitan Area Transit Authority,Foggy Bottom metro fare evasion rebounded in 2025 despite enforcement surge - The GW Hatchet,https://news.google.com/rss/articles/CBMirgFBVV95cUxPTXJTMEo2TGhnbDBoWnd3aEpUSlRCME9rVFMzUjJXLTZNZllfcUwwdjFEaENHa2RuZ2xGdXpwRF9VZm5XZDlDakh5RlczSjdid3NoN0VKbk9KbW54Y09CYmp6a2FhazFVTHBZeF9fX0dnaVNXQWxiWk1FWVdndDBWczlCWDNwbzh2aHFKS045MzA5Q3loZElYbGRMZXlESVVlcnVWTG8wYUlvZHVpR2c?oc=5,The GW Hatchet,2026-08-10,neutral
Washington Metropolitan Area Transit Authority,Cherry blossom-themed Smart Trip cards on sale at 7 Metrorail stations - Washington Times,https://news.google.com/rss/articles/CBMitAFBVV95cUxPQmVSQmlJZHpUOFV0ZHd0Vk1FNXZtckluaUM5Vy1yUkZmYW9ZSHJYQk5KZnFzUkNaSlVVZi1JTnByYThMSHNoRkd5LXNtRGFhVEVSclF0eXRRb2hkLXU3SUVtZmZiQXcxaV9IRV9UUm5EWE11VmZHMk9BSTNCbDVMbFFwbVl6Z1lEQ3NBQ0VTUzRKRjZpNmpfZDBSdjdUOHFEMjQ1bnk5ejZSa1pBaDUwXzdudEQ?oc=5,Washington Times,2026-08-10,positive
Washington Metropolitan Area Transit Authority,Crews clear tree over tracks impacting Metro service in Virginia - WUSA9,https://news.google.com/rss/articles/CBMiwAFBVV95cUxNTGtybjIzb1ZGVWlVeXNvbVlMcWJ5bWxXaW5mczU0VHVteW1yZm9NdEIyaTVsS05Ea0IxQ1VXUlVyaGktbmF6aXlzaFprb29CUEhHemFGeVpTTGQwS2FPb2VCczhDZktzcmJoWXFPckxSRGRaRkU3d1UwZDJ1YXFGNG92eFM0TUEzbzloLTJuTThvS3pHTHZSd0JkUDYzdTBUT0YzN2dFX1FyZWx6WDJ1Zm8ySmFPZWZXZDNiUVdmNGY?oc=5,WUSA9,2026-08-10,positive
