company,title,url,source,date,sentiment
Boston T,Three MBTA bus routes to remain free through end of year - The Boston Globe,https://news.google.com/rss/articles/CBMikwFBVV95cUxQdklPRFYzXzJMQ2VpaVBmZjkzUGljQ0RmMjVXRHA4ZWM4Skc0XzBybDFDZjdZZ0lHZXZfeDFLeWZlUnFKRC11UGN5cDg0MjlsNXljVkdBUDJUNm5jVUJOeWlQYU5nTmdCUktQeGhNc0RBWkZlS0EzemxMMGtGalBTeG5oM3g1amNILWhUTEtsaG5wS00?oc=5,The Boston Globe,2026-08-31,positive
Boston T,Harvard Houses as T Stops - thecrimson.com,https://news.google.com/rss/articles/CBMifkFVX3lxTE5hczZCX2dFNFdwWllEYV9ma1lneFdUVVdfZmlxOXFDSjdRdWtZb3FhYWhaUzRmVjNQa0Jvb2VpLWpsWTB1TXZWQ0E5UFNvcUExODZRNFVjRjl4TE9tUWZWRHN2RG9naWxsUUt4NTF0R1hnV3NUdGFSMkQ5UTljQQ?oc=5,thecrimson.com,2026-08-31,negative
Boston T,Congress Budgeted Billions for Big Transit Projects. Trump Isn’t Spending It. - The New York Times,https://news.google.com/rss/articles/CBMieEFVX3lxTE5STTQ2LWlvSlRoNWhSSFRTYVpvUWstb1ZfUVdWZXp5Vi0zNVRJbHlZM0I4SDJBYkdmNXdzNXh5NDVUWFVOTHBuMkIxeGhIbXNIX0oyUktUZVN6aDFFUFBlLWZCTU5lZzc5THgxN3doRXVHeVZmMTN0SA?oc=5,The New York Times,2026-08-31,neutral
Boston T,"PREVIEW: Blue Jackets get right back at it, hosting Bruins - NHL.com",https://news.google.com/rss/articles/CBMimgFBVV95cUxQYS1CM0pZTjBNMHJKYkt3UE81WUpmZHdyLWZrOTBkQ2M4Vmg2cmlJeVhsVlRmb2diZGNheDd2TWhMLUlFYVlRY3JfeTJIbWpZbHQwdGt6dVZ3T3BjMWV3WDdacTdFS2YtVXM0bXFjX3dlWjRRV2ZoQkEtM3hNWUVldXp6alFpN1N5R3ZaQ0c4VklxN3JLSkdiQ1Jn?oc=5,NHL.com,2026-08-31,neutral
Boston T,"Country singer RaeLynn files for divorce from Joshua Davis after 10 years, despite her past vow against it. - facebook.com",https://news.google.com/rss/articles/CBMi2wFBVV95cUxQd2lSNjNjYVp3OHJHY0ZSakZsXzZHQjY2S0Y1eDNwc0s0UkRpcVlWV0FFZk5Tby1YRHhSMXBEV3BLTjRPQmlBUE40amgweWNPb1I4XzNQclA3eVhreGI0Y1ZZN2ZyNWJ3Q3ItWEl5TXJPXzRhdUlrb29PMklmdVZrSk1nM2JOQUxTWG1kYlp2cUZYZXdzLWdmWGNQTEdaejdEck5acUwtRVFpRUU4TzZER2xwV18wZ1ZoZy1JMjZjSy1JWVJnSGVUeGpydU10X2FqeThaeTk4T0pEWU0?oc=5,facebook.com,2026-08-31,neutral
Boston T,LOC Boston T-03300-03379u - HistoryNet,https://news.google.com/rss/articles/CBMitgFBVV95cUxPTHd2WWtIVUhDQTYtc1l3NnZqRE5LQkNheEJON2drckVRSUo0R1hkSnVWODVBblVnWk1ZVEh6Ql9mSk5mQzI3XzhYRk0xX1dTTm9FRFpaOTdsMlIxazNSay13MGxEUHZwZHdWTUVWQlFLR05ndVBKdVN2bGVLaExaSXRjRVl2aE1sU25KbGtuZU5lMXd0TmVfNHBLdUJ1c3Q1WXFwZGV0N2lxbTJDemZzWTJXWWRGdw?oc=5,HistoryNet,2026-08-31,neutral
Boston T,Sail Boston continues: Meet the tall ships crowds were eager to board on Day 2 - NBC Boston,https://news.google.com/rss/articles/CBMigAFBVV95cUxORXpwbVBMSjlZR0NJYmEtVWNPRXpTckxDLXB1V1c3U1dzbm5GMzgyWWJXSldOd19tSmtsNDNHNjhQUW1HUE5VN1lIU2ZTdFhESEdZaEt4RGcxYnN4cmVZeUpnZUxyaUU5YlFVbjM4NE5BZENWV1BpSEZDZUxKcFV4TdIBiAFBVV95cUxNd0x5UDd5QUxJcnMteHVnRHBfNDNBelRHSklvSlBuVWhxdlNZbURzM2JEbFotREJtbTZSbWlrODU4TTBySGp2WXZNT2RXeThxaUV1YjJORTEyVWNuaWNaZ3hLcXJuZThQUVdKSHk1SVo0azlrWnFaMmx0LUdoMk5ubXVEWlN3TnB4?oc=5,NBC Boston,2026-08-31,positive
Boston T,Tartan Army toast Scotland’s World Cup return: ‘It’s a once-in-a-lifetime opportunity’ - The Guardian,https://news.google.com/rss/articles/CBMioAFBVV95cUxNdTRNckRqeFZOeTBsYTE5UUpQZEEyVkU1YnprRldadVhpc1BPckZqc0gzNUtHRGVJSjZIYkZEcEQ4N1VPQVB1NjZtcTR6Y18tempYb005YlRNbUQ5akRTSmpxS0pucmVDdmxqNHhaYWtnQjAxM3VjZ0xHWnp1Y0xfSF9sbVV2T0hZM1JLLVltVFdvZ0lacS1mS0VMUTM1TzRf?oc=5,The Guardian,2026-08-31,positive
Boston T,Unlicensed Corvette C8 Driver Blames ‘Wrong Turn’ After Getting Stuck On Train Tracks - Carscoops,https://news.google.com/rss/articles/CBMiugFBVV95cUxPN2Zid1hwelczdnNsQkdGLWhwNTNHeEpPUjM3TTRneTRMeFlhVTRaY3VFVnhMS0c0bnBEeld0LVZqOTFpWTZqSTBoY3B5UndmUkVxVTNWdXR4cTkzWjl2M0xrcjZpVF9GTVlFcDhKLUVOMWh3bVRKRGxxZk5yVkNVVjNCMEJFYmhfeU9wTnlSVy1oM3R5ZzNTVmlWNHNsem1RcGdyNHFRUlRIWExCYjlXTHM0a1JEaEFkc3c?oc=5,Carscoops,2026-08-31,negative
Boston T,MBTA forecasts warn of big budget deficits in coming years - The Boston Globe,https://news.google.com/rss/articles/CBMiiAFBVV95cUxONmtWRzQwcU93dENMdm5YVHhfYlNWMFdUMk80Qlg0YnplbzdUM3lyTnBRYlZBck91T3B3Ti1lclV2WS1JMDFFTmMwdzZfZFdpQXNKc2xfdkZ6NElHR0h5QVROaW0ycUZ3WGV5dmRmSWhyTWN6VlhzOXJlTGtLMXB4OC1SdFRieDdQ?oc=5,The Boston Globe,2026-08-31,negative
Boston T,"Country singer RaeLynn files for divorce from Joshua Davis after 10 years, despite her past vow against it. - facebook.com",https://news.google.com/rss/articles/CBMi2wFBVV95cUxOeTZGVGg0Y2xYUVBhVUpCc1RqM1U4WlBIQ2U2RW5jZHJDckltSFpFZC1udWNBOF9iRHMxLVFjeWtaSkJUMnhtVTktRW1VN0JxdGF2ZmFySldyS0oxU1RiZ1A2WEdzOG8ydVNrd0JlQWhLQmdyNS0wNVZJZGxmY1dMZzd2MWVFZFNBRDI4TGZMcFlpQnBRRlBrX2JWZmctQkVhcnI2M0UyZUEydjdOaDBLX3JodHpvRTBHdmRPU0VzRnoxQXJRSzlxQVJCOWlyM3FueXByX0NtWFBGUUk?oc=5,facebook.com,2026-08-31,neutral
Boston T,"How Boston T riders, drivers and bikers get around the city - WBUR",https://news.google.com/rss/articles/CBMinAFBVV95cUxPLUFLa0pEQlpnUFBiRTBrSUN6cC1jb3Iwc2NwMDlQd2pYZXQ4dHhwdXlkVUVwNzRsZ0R1Vnh3MHlKLUV2NEJUY1Jack9GVWZRbkJVWEpFeS0wMHJVZlFtc0pVUmNMZFFTZXpTd1dfdzQzRHFjSWdEcU1aUnFaYk1UOWdTZkFnT0xSRDNtb2ZReG5pRzNhMkhyU2Z0MVY?oc=5,WBUR,2026-08-31,neutral
Boston T,Scotland fans optimistic as they arrive in Boston for World Cup - standard.co.uk,https://news.google.com/rss/articles/CBMiggFBVV95cUxQMFU2dmhLSm53MDJsc2RUMU42SWNiWU1KTng2X3hGa2hWRDFUYTk4UXlua3RLRUpUUjZZeE8tbzNRaVhscGlXOXVrakJrZFk5REFRRXJLYk1CeVNGVnZPY0UtR05DbzJsZzFlUkl1eVVObDhHeGFRT0o4djNYTmplRHln?oc=5,standard.co.uk,2026-08-31,positive
Boston T,'No Kings' protest takes over Boston Common - MassLive,https://news.google.com/rss/articles/CBMib0FVX3lxTE1uOE9BLUxYYldoQnRodE5UVDl6dWwySnBxMjFNajNHQWh2ZFZNRzN0ckxScEViYWhSdW1VV1lhd1h3WldPNUVmNkR4enQ0QjRlVzlod2lobHFVRHRKUVAwT1VHUk1Talo2ZmRlNnR1QQ?oc=5,MassLive,2026-08-31,negative
Boston T,"For T riders, the shutdown fatigue is real - WGBH",https://news.google.com/rss/articles/CBMijAFBVV95cUxPX3c0d2tHUDFMdm1sT21kdnY3SUhULUctQ3BhWXpoZWhqZC13eGR0ZUNxWnZMQkZfNUdidmE1YzhCc0Z4Um4zU1VWbVJKakc0M2FudXlJcldkV0JraGd1a1NseG45MnpoWmtGZWdDSERZak51SXhNRUR1R2VYeWtlczhMNVdjWTcteW1XUQ?oc=5,WGBH,2026-08-31,negative
Boston T,July 4 In Boston: T Is Free After 9:30 p.m. - patch.com,https://news.google.com/rss/articles/CBMif0FVX3lxTFBMTjZ2X0dGMXNmMDZ4RDB3bEgwNm1NR1FhVnYzTGJkTzBRVmZFeDVLZkIyaEU2cFhiUUpUWFJfZlpzTTZJS0otUk43aVB0WlZfbnJWeFFQZlJJNUNwWHczb1Qxc3hPZ2MyaFpPaHJuTThQcHhQUlFKMjFrM1QwOGs?oc=5,patch.com,2026-08-31,positive
Boston T,"When the voice of the T officiates your wedding, you’re a transit superfan - The Boston Globe",https://news.google.com/rss/articles/CBMikAFBVV95cUxOdW5EQndPa3FZdnR0RVBWLUE4VUVyeHNkclp3eE8tRm9ESjRKR3Z0RmxuQVpBaHpvRC1FQmt3ZXdHNzh0TlQ1cndxalNtYVVhcHVHcnhsOGxKc25teTRXa1RaZlJMX0hTVndqQktyWVlRMmlPR1d3LXFkekxZcUdtb0RBWFdxaFdjRGZNcG5LT2Q?oc=5,The Boston Globe,2026-08-31,neutral
Boston T,"Here's why the T is so slow, according to a new report | Radio Boston - WBUR",https://news.google.com/rss/articles/CBMihAFBVV95cUxNaEhPT2Q1NUNtczlpeFFwRFJMd3A4WjI4dWhmdnBBX3NLWWZrR21UMG0wcEVENEZDWnhERGNwZS1ubzFjaDNRU0w3aFdCMXN0RTJuMlZqbUZxd3h1T3ZoVkdXVGl4RU1rd1JXVEVzeEJTaVhYTm15YjNOc2I2NEpyVE0xRms?oc=5,WBUR,2026-08-31,neutral
Boston T,"In Boston, All Aboard Googly-Eyed Trains (Published 2024) - The New York Times",https://news.google.com/rss/articles/CBMieEFVX3lxTE43XzlFV1dLcnhTYWxNSGJLTXZVWURHbDdpRHo4SWI3X0FiMEVZMElyZ0QzQVdoMU1WOTh5aU1GNklObmVnbXFPcXExcXpRLW9BRm10UWh1S3dtUjBDNDlVZUdmT1p2QTFtY2hQZUZUcjVtUHZ5Q0lRag?oc=5,The New York Times,2026-08-31,neutral
Boston T,Poll: Residents say MBTA is unsafe and service isn't great either - WBUR,https://news.google.com/rss/articles/CBMieEFVX3lxTFBKM2ZpbTNEczEzOFB6QmtfbDVlaHowWGlkSDNsU3BhWGJkT3pQOWp5cG5fTDJtMHlWcWtTdVdEX0Z4dXNwd3BiNHJ5MzdMQ2pNR2piWWFCV0J2UVdjeWZrS0V0UUdVYVRvU0Nham1OVE0wb19HQmJ0aw?oc=5,WBUR,2026-08-31,negative
Boston T,Getting Around Boston: Guide to Public Transportation - TripSavvy,https://news.google.com/rss/articles/CBMijwFBVV95cUxQY2g5NjdMWEd5RWJfQ2p5R2V0WnVWQWROU0piUFZrVVpJenJLLV9INFdEc0RFd3pLbWtpRmtJUGw4WkMtQklRUGVnelZYZkg1LUIyVXZWMU1xQ0RQYng2ZU5CTG5LVFNHWDQ3SGZMV2tSR3pJSjM3Wnd0UEFrQlhNVzhGQWtLU3d5bUl2UVgxZw?oc=5,TripSavvy,2026-08-31,neutral
Boston T,How to Park on the Mass Pike and Take the T Into Boston - TripSavvy,https://news.google.com/rss/articles/CBMib0FVX3lxTE5SVVRXSjJBTXBTTEhEb3ZKZG10N0tPSEtBY3ZWSmlTUUkzMURfelRJaVhhdnUtUzZzVnVQT0t4TU4tbnhjMGI2QnBkRnd2QWt6VVVOR0lwWkxsTFZIT3lRMzhieTR0SjlaeExadVd5cw?oc=5,TripSavvy,2026-08-31,neutral
Boston T,MBTA Green Line service at Union Square reopens ahead of schedule with all slow zones lifted - WBUR,https://news.google.com/rss/articles/CBMiigFBVV95cUxPUE9mSFFEeTRFcV9ZWHdoV3pUZ3kwOU9UVnRCYjMtYS03SEhVbi1UT2FrSTI2V1VpMTc5TGNPWF9JVmthM2ozRTJadDRzdHIzdk5YSXFrTWxNTXd5dmlpT0lxSDZjNjFiU3doVTV0czZvRS0tLWkwRHFxMF8wZHhIOXphYTNXQmY1M3c?oc=5,WBUR,2026-08-31,neutral
Boston T,MBTA announces extension of late-night service from Boston to Providence - The Brown Daily Herald,https://news.google.com/rss/articles/CBMivgFBVV95cUxOTTk0ekNGcVlKOVl3cVFuSzlveFlJUnlYQXpKdm52SGxLN2ZWOXFTd1VvNVlXb2J3cjJhQ0NLNGxoUk1QME92ZDlfWVdtWVhuYlZmWE54NEV3X2t6NHVRMlR1TjBhRTI2TTg3b0dWXzFJUUdHMmJPRlRHUy1zSFlQUm9zbnJjajUwNkNvQ2h6X01JN2RPa0xORVNkZm5HbmdoSlNDZXNuajJBVFJRdnNZeEk5eElBMmpMSU1NRkNR?oc=5,The Brown Daily Herald,2026-08-31,neutral
Boston T,T Riders Can Soon Tap to Pay for Bus and Subway Fares in Boston - PaymentsJournal,https://news.google.com/rss/articles/CBMinAFBVV95cUxQM0ZESDRXZXV6ZzlDZldKMnFIT2ZoOURIOVBld0dtN1QyWWt5VktndHpDcExTU0dLTGgyZkZ0VkNjMUY0dE5xQ3FOemFkaEpqei1IT0pUS2M3MVdqREJ4d0JiSUhjNkJJcDBtWmkxbzZ6OHpGYjFjekFmbmpkbHFRN2p5c2QxX0V5SER2WlNqX1VIVUVER3k3UFQtU1fSAaIBQVVfeXFMUE9ScEF0dEtPbjR5TFNEU0F4YmdPVU1zaExJemRtNUNiSmFCVnZkdmRXa1JYQUR2RHA4M1g2QXZGdmJRcXVLN25yZTNLWnN1UzRKMTM3N0RpcnFYTjVJc2FhcW9lMjBwdkhOUDlEbGlGRmRyQVFiTjhaLWxFSHFpMlU4U18xTU5HcmFTbUdkckRSNGU1eEhGbzItMzRMYmhlNW5B?oc=5,PaymentsJournal,2026-08-31,negative
Boston T,Quality Comes with a Fare - City Journal,https://news.google.com/rss/articles/CBMib0FVX3lxTE1mNWxFT3ZmZVFvcF9XYXdIeFVuX1Z5aEJGMmo1eUotNmdtTk5yNjJsQmFOeFBEV2VvY09sSlVOdzR5OTVEektnMXVicjJ6aV85ZURiVzhmODRpaFY5MDVZdjFKblMwOWYxZDZ3NGRSNA?oc=5,City Journal,2026-08-31,neutral
Boston T,"MBTA board’s $3.24 billion budget for daily operations relies heavily on state funding, and on state lawmakers - The Boston Globe",https://news.google.com/rss/articles/CBMigAFBVV95cUxOWEJqRmdxbWllTUJJU2E5bVVaUWZNTExoYXhEdFR4aWJYbTljOG5saUJ6N203a1RWemZzamhFVE5oQUtQTFp2ekdkOFR6VE9MVGU2MThNb1UzUko0M19oenRJQUdYVTJwLUpFekxubkFVOXV3SUN0M1NwWDd1RkE3cA?oc=5,The Boston Globe,2026-08-31,neutral
Boston T,"Changemaker: Catherine Gaggioli, Books on the T co-founder - thescopeboston.org",https://news.google.com/rss/articles/CBMiqgFBVV95cUxQakNVVWxJZUhlNnY0a19GaFIyVlczV3dPLWdwVDFMZ3B0WWVRUjFnb0sxTUtiell5cVR5WHdGQ3RveDZUbkNXNnZsT0VwVEt4QjdCMDRldmJGWVExdTFhZFYwclp6R0RkTW5hS1pEU3JZc0ZFYXpNdUxSMnB3NXB6RmxoVmtRQUI3cmdXQmhLLXJSV1FKczBnODl6TVA5R2wzRl9IdFFDWklYQQ?oc=5,thescopeboston.org,2026-08-31,neutral
Boston T,Why Boston's Transit System Is the Best... but Still the Worst - Thrillist,https://news.google.com/rss/articles/CBMiiwFBVV95cUxQZEhsZ3Ezc1ZIVG40TFJseDhHWkVWN2dKWW5MVzhCUHFCN2VCcllrdUZmRkZ0clpheExaYWhRSTRIbUN0bUFnSnpQd05YNXhsaUk4TDA3VW12SnoxeUNTbnNkTVBpTWRxRHZUazJ1blU3RjRkOGxJZUJ1QzFqamEyWHBXWGxDSjFIQW5n?oc=5,Thrillist,2026-08-31,negative
Boston T,Riding the T During a Heat Wave Was Awful. CTA Will Also Need to Cope With Climate Change - Streetsblog Chicago,https://news.google.com/rss/articles/CBMixgFBVV95cUxQVGFQckZ2X1hucXVYbk0zR1JGQTBXQlh3MklLV2V6UEwtLWNEM2diWEhOT1FaR0xIOHNVd196VHN4M3JLcGRPSGpKMHFlQ0ZCSTJncDA3ODNGOGhLaGhsX3dZeDJpaGtxYy10MV9TX0VNeHRtX0JzcDBXWXZMU2pHVk5iNDFyZ1FhMFIzQzJidm44aXIwSGR3RlZEMlZMdzFUZXJ1WlpxS3ljZGFRdHR2bDFlM2s4QzFvbk5xdkFzcHhqWWJka2c?oc=5,Streetsblog Chicago,2026-08-31,negative
Boston T,"I spent 4 years in the US, but now I live in the UK. Here are 6 reasons I have no regrets leaving. - Business Insider",https://news.google.com/rss/articles/CBMihAFBVV95cUxNazNoUWVOOWZva05UT3ZKNUdubGhaTzZWRVh2dXZXakE4bW1nZU5SeUFBdFpjblVpMGthbVVZa1pSUUZXS2F1UXM4bnFFRWdfWHZjdjJFNFpfREFsQkRsWEpoOUxyV25iQ255eEx1N0ZXLUN2OWdxaXByWjgzeFNSR0xJcUM?oc=5,Business Insider,2026-08-31,positive
Boston T,Coolest Boston T Stations for Kids - Mommy Poppins,https://news.google.com/rss/articles/CBMickFVX3lxTE9ITHN4RkFFODNJTWR6Z0FWRklkeGtyZ283emlNNlFMVmQtU0xOakpSQmZsMnhVM2pwSEJWbWVzd0tmXzlydVVkUEFRajNzRnVzSTVnWHVCMFlBSEFOdHRvbzNyTnVjb2k2MlFYejgyWTJMdw?oc=5,Mommy Poppins,2026-08-31,neutral
Boston T,"Every T Line in Boston, Ranked From Worst to Most Acceptable (but Still Pretty Bad) - Thrillist",https://news.google.com/rss/articles/CBMinwFBVV95cUxQNHBkTzh0bzd3eGZOWXZ6RkFrOUJUMFFJR3ZqV2dFRG95X25tSEpMdWJnVTFjN1RQaldkZGN6TUxtR0kxV3BwZllGTW5CZjN2UmkySDFieUVxeTRFdXQ4UGxPeUlRSkFab1dXV2FBUnR1WEJKRnhQcHJkeUhEZnVpYlZoRXBMTmVLT1lTY3g5NkloSDM3blBTT0RyaFVUbkU?oc=5,Thrillist,2026-08-31,negative
Boston T,"‘West Roxberry,’ ‘Mission Hills,’ ‘Southy?’ Target T-shirts miss the mark - The Boston Globe",https://news.google.com/rss/articles/CBMi3AFBVV95cUxObFlLVHFRV1lnQzVDQWRPR183LXh4bDFrWWFwa2ZKenpRa0tZU2QtbDdmWDk3cGFZQXdnbER4R0xtRzk4M2c1bmhBU0tZTklUOFJsLWpUV1A3ZWJSX0RVUXNlZlk3b29rMEM5NnlnczdmM0VJbzVlY2dVOXV2NWFUNVZrbC1zUG1vRFpEZl9KLUNXMkkxNGNjSW1MNWZiVXZpdU1PTjg0NmNWb09seFcwZGx0VTNVQ0VqMDN6Y2FDc0UzbmFicm1RY1FrRVo3SjNkWUc4R1JFTndsaXds?oc=5,The Boston Globe,2026-08-31,negative
Boston T,Bridj Proposes Overnight Transit Option for Boston - Next City,https://news.google.com/rss/articles/CBMigAFBVV95cUxPX0x0ZGVyYjYwSHlVR2NXdElQWkxiUFFET2o1a0kwLU5KcC1YLUR2Vk1qdFNOaWxSTUpxaXdrdTVnVHg0U2VGVmgxUldabTNvOWhRcEliSTgxOE9KM2RreUZKdHduQlFaMXFoNUt2TDkxOWp0N0FKR2lkRG5YODFyMA?oc=5,Next City,2026-08-31,neutral
Boston T,This MBTA Map Tells You Which Are the Cheapest T Stops to Live By - Boston Magazine,https://news.google.com/rss/articles/CBMigAFBVV95cUxNcURVZmQxWVFhQ0N2Rm9WZVFkOE5tcjQ3ZkNhTHlVbEItTnBSUU1HVnl3Q0lfcndTY3Q2WVM3QU9TUi11R0hNTTVGSEtLWjNabUZXQ29UcGdCeEh3cnlzR0NacVN6YXpFeV95a0ljRzJuNktXcGREbmo3Nmh1SS1jVA?oc=5,Boston Magazine,2026-08-31,negative
Boston T,Boston Bus Mechanics Rally Against Privatization - GOIAM,https://news.google.com/rss/articles/CBMid0FVX3lxTE95ZU9maEFDaHhsNml3NWU3YWFLUEFIcm44cWptQjMzUFJkbFE5NkxlMmQ5ZzM1cDBIMExaRWozZldJVU54NGtRM29DdEdwQWNWOXVSRFdOaVRrVWpIc3dwcGNwQklKMjBGUVBlY2NTalFSNHg2MVdN?oc=5,GOIAM,2026-08-31,neutral
Boston T,"6 teens, 1 adult beat a 13-year-old at Boston T station in January, DA says - MassLive",https://news.google.com/rss/articles/CBMitwFBVV95cUxQbHZlcmhFazZHWVg4QTliVmZHXzcxS2w2a2oyN3A1OTZMZ24xMEk1ODlJX0QtZ1R6RmFJYWpFN0I0N0Y1Z0dvb2g0Qm1POXFDWnM3Z2RLQkNibTN3ZmtZRmVaN3lHTGhSdkRqdU1hcVJZVnVlWl9nbUtKQk96Z3FONnpvb2hlYWd0VThMUnRrVXJ2bHlHQzQ2Ry1HVHBsb2k2eW9hS1p4MVowTVVIQWNwTmdLcmk4RmfSAcsBQVVfeXFMTTdSUVl4UnVteU1sT3J5cEY5bjFnbjFtTkhtU09SRUVUSWdLbEw1Z3dyd1ozU3pDUlFCR3lEeTc3dDljMXVMVFdNOHJ3R1RtSVBaU3RTeWlUZGZ2X3lXcXFYVjRTMjYzbzc4eUQ4NjdaMEtjT0Jubk5KeFB5VmRvYW5CbzhidTY0MlBDUC1FRzNzbzFIcTJXQV93UUQ3aU55bnh1TTE5QmFIMzJNOGU2cDNIWXJzTjVuNWFEOGlReDhZOWpRaWhUbFkzdkE?oc=5,MassLive,2026-08-31,neutral
Boston T,"For the first time in decades, trains on the MBTA subway system hit 50 mph - WBUR",https://news.google.com/rss/articles/CBMiggFBVV95cUxQQ1BNZkJ1V3FNUUlEOTZTeDFvejdDazlaUFpKUEg1RmxEbjEyajJvU0JYLU95T1ZyMXBtS3R1VnVXY0JhOEdFNVg2cUZiUzNzOGFmM0hLSlctalpQYTk2akgzRGxGbS16by1vc2VOQ2JiakNzY3dYOUxfQ3ZvV2ZlemV3?oc=5,WBUR,2026-08-31,neutral
Boston T,"New ceiling debris found on Boston T station floor wasn’t concrete, says MBTA - Boston.com",https://news.google.com/rss/articles/CBMinAFBVV95cUxPbThVeF9lMTF3UUg0TGdCWkFScXRWRkZUN2ppQTlscmZZOUFteEhUX2hmMDNkY2p3azlGMzlNbEc3RTRuQnZQcmhubGFYSXNTSU5hM0U4d0xocHhEQjM3cXJ2OURna0VzZ0pySEtwdzFFVnQ1bzMxbTdheWRsUFE0UGRCMm1RSTJCYVN3UHpKSTB0d2R2ZE5UbVlVd0k?oc=5,Boston.com,2026-08-31,neutral
Boston T,Plan Released for South Station Rail and Bus Terminal Expansion in Boston - Planetizen,https://news.google.com/rss/articles/CBMipwFBVV95cUxNc2NrUjVzTUd5dWJyd3o3SnNnZjR4WHNpWDBZOU1TTnlGR1FRWndVbUhNeXJJVXZ0WjBKUXhVZlN6V0RUak1MMFM5ekhYZTlGaDV5c052MGlmUHlvRFJiU2J6bC03ZTlpSlhTai1TdElNUUtBbzZySHRtSUhadG1udWhILURpNGEzc2h0RVpNWHRHa3dqOXBITlZxVVI4VktpanlGRERJRQ?oc=5,Planetizen,2026-08-31,neutral
Boston T,Metrorail is no longer the second-busiest rapid transit system in the country - D.C. Policy Center,https://news.google.com/rss/articles/CBMivwFBVV95cUxQT2xGSmIyaDRKMU9vaDVJZVBQNnRYR25hekV2OXJtaFcwWm5uTm9LXzAtZmcxLWhyRERpQkpveGc3eTN2LXQyT2Y2Z0VJU3Z5bllKVFZJMktZWDh0bEdDMUdqLU5ySmRkVHFmTnh3SE13c29GNWNtcnpfai1tT2F1WUI0U2dqS0M1R01BRUdrOXJJWUZpbWNqNUtjb3E2QnlXdWVkclJua2V5NktoWTRENUJVbzAyZklaRGdyMG1kYw?oc=5,D.C. Policy Center,2026-08-31,negative
Boston T,"Ten MBTA employees on leave amid criminal investigation at Cabot Yard in South Boston, T general manager says - The Boston Globe",https://news.google.com/rss/articles/CBMiiwFBVV95cUxPOGlVWjk1TldMSUZ4U2x2MmZJYmVlS2RNNVNtOU1nVXU2c0hlTVJTc3JqdmYzVmp0RlZTXzBnVVlzZm50bFU0RzhuYXYzNkdZdUlTaHFLWl9QR1RsS3g5ZDROa1RlUGQyczJqZXVVNnJXMFZNdlk5N2xnZHEtMEF1cHpDWkRrVDFtZzd3?oc=5,The Boston Globe,2026-08-31,negative
Boston T,20 Things You Need to Know Before Moving to Boston - SpareFoot,https://news.google.com/rss/articles/CBMiiAFBVV95cUxPejlnR2VDUjcxc01rbDkwQW5tX28xZ1VLcTl2MmlFRXltcGQ0aEpPYzBySlhId1p1NGxBN1FOZi1fUkZIRFUwc0NKSjUwZnYwQzhQUDN4cmtzX0FNV19LbVhMZms2cEVqODIwck16WV9kcjh3M3lzc3VidUdpNDdwbTVsMVJuNGMw?oc=5,SpareFoot,2026-08-31,neutral
Boston T,Ben Affleck Rocks Beverly-Brewed 'Believe In Boston' Shirt With J-Lo - patch.com,https://news.google.com/rss/articles/CBMinwFBVV95cUxPa0NkSGlXXzhJQThLNlRGRWYtc2FIdndWcXdYQ1Rac2FJZTNVYnN3MEp3U0FHSlRuR2EwZ1ZHTmI1Y1dwTDU2bUtvbXJiUTlUNTV3LUJNR2hpclNzZm1aRkpVNHZkblUtcHFPQ2FHNGhHaU13M2hNcklKNDZRaTF6cXo2N25jTVJuODBBbklhbkw0aWVtYThXMVJmdGpiNUU?oc=5,patch.com,2026-08-31,neutral
Boston T,Boston “travel time” map shows the T in a new way - Greater Greater Washington,https://news.google.com/rss/articles/CBMigwFBVV95cUxOcXJCay1OeEtHYk5HeUZKUGdrWlhMYjFUSy1MMGxzSWhKWXc3TENJaHJYOExNM1R3UkZKY0c2UGVzMndpQm1UMDloUFNQYVZiZDhpd1daWEc1SnZmOHdqS1NSc19kNmtDWEFBdUNQNloxSFJtb2tFQmFhbzZpbUFvZ2JtTQ?oc=5,Greater Greater Washington,2026-08-31,positive
Boston T,Report: Rents Drop Near 105 Boston T Stops - patch.com,https://news.google.com/rss/articles/CBMihwFBVV95cUxPOEpPSHRfSjdFM1BOcW5NZWN3YzVITVg0SzFFTGlkaVczOGp3QjB5RTR5QzBLck1rX1Jmb19nYk8yT3ZsNnhzX29iR2F4dm5CUFpLSWJvSjdDT0FiUXVRaVJDUnNHZVBBU2UzWnVSQjdhV3RJVnlKT2dEejhLM0piZHFKcFlONmM?oc=5,patch.com,2026-08-31,negative
Boston T,"Study: Boston’s T system faces severe flood threat, and soon - Boston.com",https://news.google.com/rss/articles/CBMiswFBVV95cUxNQWZjanczaWQweUUyNTZKalFLNU81ZXdmeVRmLW02dV9nT1pZVGpjZ01SOWFPbmdwY29MbW1vOU5ZbzdiT1hYY1ozYmFVWkFuempNTnlHMkFZbERtTTZDeklhRnU5WHA2a2xsZDdtdmRDU0VHaTdYSFBVbmp3SklVTE4tWjZlMENpczloQlE0S05XMkhPT1hxbWE2c1ctWVM1LThvNDZNaWJIQ1AtRVFuZVh2SQ?oc=5,Boston.com,2026-08-31,negative
Boston T,This Interactive MBTA Map Shows the Average Rent for Each T Stop - Boston Magazine,https://news.google.com/rss/articles/CBMifkFVX3lxTE5qbVUybEVaM2tGMXJuSjNONW9uMl9mVE8zOWU2T1FmU3RpdUpqbEw1ei04MzdaN0lJeUN5MHRUNDREV3BLLTM4RzZhOVcyaHdqa1VaNGJGMUpNVkRzSkNHY2FnMlJSYUhzMS1UdHk5Tms2b3dWeVlLMVV0c19Cdw?oc=5,Boston Magazine,2026-08-31,negative
Boston T,Study suggests MBTA float ferry service expansion - Boston Herald,https://news.google.com/rss/articles/CBMilAFBVV95cUxQMjNWQnNJYWpFdXVOTDV6S0FKUm5tbnZmcU96LXdiSEJMa1I4N2hnWDJZU2xwa0VpQklXUnBzeFkxdlBsa2U3eEx1YllYUW9lUlJCQW9YSUU3c1R4WlVUd3VNQWZIVGtEOUJ6N2Y4WUhBMHI2Y0VRV2N1cGJJekQwN1Q2LWg4UnVvaWVaQnJzbTY5Ml9K?oc=5,Boston Herald,2026-08-31,neutral
CTA,"Our Chicago: The New Northern Illinois Transit Authority and Changes For Public Transit, overseeing the CTA, Pace and Metra - ABC7 Chicago",https://news.google.com/rss/articles/CBMixgFBVV95cUxNY3BDdU5BRk1SRzc1a09hNkRKS0JtclFHX1pILWF2cW1lUVRnOXJxaU1ITmE4eVlfaU9nYWFSdE9CR2tscWowUEo1MTE3WmphcC10ekRBSjlmM0lGaVRuYlUzZHdLQmE2ZEFKT19zcnFBUWxCckltV1M1ekxJckZ6U2o0NkZlb1dwOGJlSjN2dmNVTmVvby1pZWpOWWJNMVptUUdKdHV2alNmRjZZeFJmenc3WVVHVHhEU1l2MWZIRTZNejBrUWfSAcsBQVVfeXFMUHBwUUNoLWVsMG1adW5PYlZ3eW1Qek9Kdkk0N1A3NXZJT0REQjdpUnJzR0NpVUNscS1NaFlaRnpCQ2o3MlUzWWlFUTExTWRZcjJobldNSWJHbk9iVnI4eWJsQk5xR0N3ZHNfT1hQSkU5cnFjUmM0WDRhYnF0US1tS2hHNEg1cWF1XzhBVk90cmpHb1ZUelllSGtXS2pVT3RkZkp6VVlrRVlnWHp1dDBQYXZaOEJqc2hmdHhvLWpsQXFfem5ocDczXzRIZ2s?oc=5,ABC7 Chicago,2026-08-31,neutral
CTA,Man surrenders after recognizing himself in police alert about North Side CTA attack - CWB Chicago,https://news.google.com/rss/articles/CBMi5wJBVV95cUxOQS13MUJIcXh3Wjg0bVNjTENsbHZOamxnTTFvR1FsTjlrTEU2eVlNSkRVTDY2MHdfNHN1a2o2dGVZeFZKNHRrYjluWHVpUjAzeDNaQ1JmSGVkSUdHNTBNVVhRMllWNXZ5LTN4ekYtSDhGLUhnZjE0a1FmcWhtM2xocG1tQ1ZzakdqTXhzQ1hBSVFIR3hLbUF6aHJzdEp0YWk3OVhjVjZNcXJSSHp6SG9qMEJrZmUxY01Zb0lDYzRrVkhfcEtjR3VuLWJPZHdiRnZSQzZ5QTVtOGJQM2hMRmc0bVhxb3JLQ280cEdGV3pHb0JwZ3JXUGpCRC1LREUtaVhTdm9lLU9BZVhBNXVqZ2x6TmphSUh1X0k0X1RMMlQxRS1FMi02SjhYb2hTOUlzRWlaSURidkZFQWhLdlYyNlFwOU50RjZZQXFiNk5zM2VKX1VIQi1MRWYyRnFySi1yak1zbkJtaThvaw?oc=5,CWB Chicago,2026-08-31,negative
CTA,"UPDATE: California Teachers Association campaigns for Prop. 3, renewal of income tax for high earners - EdSource",https://news.google.com/rss/articles/CBMiwgFBVV95cUxOQVUyTGZlNGJwcURVNTNjZVdJaVViS2RKMmZiV0V5NWJ1T3RaLTNzRld6MWZrR0ZKYjVSV2l2QWhvd1hXc1M2cDBqNDdyV1Q1bHpvOHZFbTg1NGlWS2lTTUJLZlF1OEFrM3JUemQ0dlozUmZ5WHNDUGhaanlWU19Id0oxSFdnMlViOWVxVUxQbk5MMEdBalFtTU1fQmxPUUhTVl9hX2pKQXBRZWlKV0lheUw5Q2RUS2phdFZEWWZJaTFaUQ?oc=5,EdSource,2026-08-31,neutral
CTA,"Today’s Headlines for Monday, August 31 - Streetsblog Chicago",https://news.google.com/rss/articles/CBMihAFBVV95cUxOTFh5TDEtUHJNYmlvUS0wWnU4bXJOSGFKLVg1TzZXVnJDSW9QenJJZVEzX2VkbWNyQnZueGRyQlRWVU01cl9lYU5hY1VZM0hnT3RQNHRBR0FwWDNiLU5ZTWpzVWdmcm91MkdaS3d1QTY3RVlZV0s0cHF5aWY1eS1sY0RjSEM?oc=5,Streetsblog Chicago,2026-08-31,neutral
CTA,Clovis teachers call union petition ‘suspicious.’ What’s next for unionization efforts? - Fresno Bee,https://news.google.com/rss/articles/CBMifEFVX3lxTE5CTnp0T0EzbkZSa3FYWS10WjM0bmN2dUpWcjZaWWgxWjJ1SU9iemtvdHZKYlhDWjlQOHJPWUo3V29CWHU3WEpETC1VMzhFOFFwX2puX1NmQTkxU2E1YzQ5MDVaYXkxcjFySzBUbTBEQ012dXZjMXBHME1SM0PSAXxBVV95cUxPR3RuSnVRVDdERlRZUkxZOWt1bGR5ZE9NNWpBd3ZjdDUzRGRleE1rb0w3eTNXUjZ4YUM2MWdGRlJLQjVXS2xxaXFWQnVrSnF4VmZGb1ZCMWJYV0YyTWpxbUl1TWc5U1FZb2h2a3JMdVNLMEZkejJCY05nYnZW?oc=5,Fresno Bee,2026-08-31,neutral
CTA,"Lawrence Reed, man charged with setting woman on fire on CTA Blue Line, not in court for competency hearing - CBS News",https://news.google.com/rss/articles/CBMiogFBVV95cUxQRloyMmVMUXQtYUtTWGxzODNZU2x1OVU1bWtRRV9KVUNFMl9Sc1MxN0RTblNZZm9LdmVUY0pla0ZpZm12UGR4a0hwa0xTRkFHcmQ5WVJYOVlGZmo5QUNIbzN5UDBwNEpUSHpxN0pOMGNZVWVBVW4zanZDOXNES3JWVXYzQVFyWHBRRjhtQUJvSE9DLUEwX3pUNXFWbm9rWE1zbFE?oc=5,CBS News,2026-08-31,negative
CTA,CTA Innovation Studio Announces New Challenge to Test Faregate Technology - Press Releases - News - CTA,https://news.google.com/rss/articles/CBMiqAFBVV95cUxNajNhZDE4TXVTT0dLVlFIWmg1OUZZWmI3YTg0dEkyNzl4UGlfa3l4eWpHV0FrQlItYjlSaWp1NjFtUHVFdE8zYVhVUld3UUc0U25oR1hJQWsxTlVyU1NPYlRicm9qRFBRQThjWDctbE0xM21oLXo1T0dkT3NlckcxenhUUnNNODBmMTVnYk9rZGd1UHVqVU1femF6OEZ6SkJ4dlZoVUlXUHE?oc=5,CTA,2026-08-31,positive
CTA,Suspect arrested after allegedly wielding Molotov cocktail at CTA stop - NBC 5 Chicago,https://news.google.com/rss/articles/CBMiuAFBVV95cUxNSnotWVlvbjBqLTY1aTM1OHhpekhfSWMxYkJvbmR3eTcyOXhRMG5GbE5ZenJZR2JOaHJIUDlzbmFNWXRmb0NDZXNFY2x2cWVlVEJ6d1JURG9pTTZnN0dTVjRsZ2o3WXR1bmljLXVHNXNHMFgwYU5HOG1BYXhBbTFNLVZ3VHhTblpieFdySVlEWU8xTS12ZjUzckR4dGRkMy1URHN3MnBYYmRiLTZHay1PejNvbFVJTlJj0gHAAUFVX3lxTE9mdG1hbGhaV3pGMWdrNzV4SE9DYXhZQy1TTkEtZ25aNnJ6LWpCTm5iTWVUakkzR3VsUWVVQUl3MUYxOEVyWTBId091UzRHRjNtQm9vWXRxeWw4SUNFVjBQMl9hSl9ENVBESk12aVpfd2prcVZSWHBFMk92c3lYYnRJUUJjNXRETDUySUtPd2s1YzdWNzNUSU8wSXJERHlCV08zY09FRG9BU2VJWXBtWDRiVmhrRmpfNFlxWGRhN1FuaA?oc=5,NBC 5 Chicago,2026-08-31,negative
CTA,CTA workers dance to BTS ahead of concerts at Soldier Field | Good News Chicago - WGN-TV,https://news.google.com/rss/articles/CBMisAFBVV95cUxNQ2VKTDJuWjJaSUlrcjB4NnBxU1RHU3N6N2hhWFYzZVhMOGw0LXozRDFQdEJzY3Zwbi1CdXVFXzJyRkZBdFNTYWlLNktPbWdMT2tsWFI2RHh6YUVVUmQxTU1iT1BxZDBiN3FvaWZnRmxMQkpCSjBaRzhEclp6Q3lsU1ZwVXVYYktZZ2dKazgxTk9UUUhTdmduSVl4cVNsNTBQN2l5THVMbFlUaUFUSnQ3NQ?oc=5,WGN-TV,2026-08-31,positive
CTA,"As a new CTA board is seated in September, the current chair positions himself to stay in mix - Chicago Tribune",https://news.google.com/rss/articles/CBMidkFVX3lxTFB3ek42emtqYmFzSERmYS1GV0E0Tk52NDFuWGV4QXVhUlZ3eXJrbVNfUGMzQnlwVVh0dXZxZjdwVFJ6bDBpTTIwTDkzdkRrZXFBZzM1clhrejNBV0tQTkQ2dklzdU9WQkZYbzZXTlNMd2xCeGN4OVE?oc=5,Chicago Tribune,2026-08-31,neutral
CTA,CTA adding 4 bus routes to Frequent Network - Chicago Sun-Times,https://news.google.com/rss/articles/CBMiowFBVV95cUxQb3J2bnQyUFpVcmJOWEZKdVlVbUxubkdORHFQNlFyQzVqVmVBWENPWUVrcU9jMm1JZWdxMWxramE0X3IzN181eHozYXkyM3o0cFBWMFZhbi1ZOTZCX2YtMGNRcjJEeWUwdElMdnJuZ3NzeDhfSFVsSnJEV09PdTRWQll5TVQzU2Y5MXFHWWZhaDZJUm1MVm9taU5TOHNfYnZtLWRV?oc=5,Chicago Sun-Times,2026-08-31,neutral
CTA,"Formosa Pharmaceuticals Files European CTA for TSY-110, Potential First Kadcyla Biosimilar in Regulated Markets - BioPharma APAC",https://news.google.com/rss/articles/CBMi6gFBVV95cUxQWWFFYURQaF83Y0xIcXdfbE05cDVOQ2lhaklmV2xhQU5oY3M4S1RFOF9ZNTdWSGdYQ2RhUnZJQi15OHhDUlRadjhyU2t4b2FSc1VjbktQQzBFal9kbWJXTHo3M3dtM2htQndKZnc4V192b1N3R0MtYzU2Nk8yanBna2hvX0pVYzBSYkh2NG55SXluWWdORkdVTzEtcGVrNVVLc3hHSEdiclpQbzlYcXFPVXVQemppcnN0X2lVYzBESjVSemVTRkkya3h6cjRsX2JBM0QxMVZ2VEJFWkNFTXJwMlZSalVlVUdJQVE?oc=5,BioPharma APAC,2026-08-31,neutral
CTA,The Travel Institute's new CTA Immersion Program launches - Seatrade Cruise News,https://news.google.com/rss/articles/CBMiqAFBVV95cUxQd0wxTHN1ZjJ2TDFBd1VqVEJINThnend2c1djSTlFbDhOOUdSMlVOTGVFV01JMldpeWphNTRSaU90QkRmNVZQNGR1V0JvLU04dDNFVHp3dVJhWU9jR0FrV1JfbTFGNW9mNHFQOWFHUFBib2xvNXNSYUVNckh5QUNHSGF4dzNkOG9ORnFHVnZ3UDgyc19YUHlFX2xadHVzWDdmLTJYRVBTYjI?oc=5,Seatrade Cruise News,2026-08-31,neutral
CTA,Responsive Playbooks and the CTA Inflection - Stock Traders Daily,https://news.google.com/rss/articles/CBMiwAFBVV95cUxQRS0zODFaSzZpMS1ROGtXdzdyQmZiaGFwUDZDeHJ5SldaYnloRnYyeDNpcHZ3Mk9YSDdTN2VHeUt1LXNUYWVBaXlwNThYTjNyNkZodmRyTWhFNkFYR1BrOUpYY0d3cGhHSXRsUDZ1eUxHc19rR3BnY21Na0kwTGp0QllOR2dYSmFnakVWV0VzWUdEUGVTUlJPVl9vOHlvaWlmUTBWNzhyTzZuVmVUdmphSFZ5VU00YkhRT1JfT0xFaE4?oc=5,Stock Traders Daily,2026-08-31,positive
CTA,"CTA bus driver, father of 2 Octavius Simmons killed in Dan Ryan Expressway hit-and-run crash near Garfield Boulevard, fiancée says - ABC7 Chicago",https://news.google.com/rss/articles/CBMiswFBVV95cUxOY2hGbW4xb0VQOGZXQkoxb0kzdXFmQnNiZHd0SFl4NnNoX1B1NXdfYlIyZDk3QkdyVUpYTWVYUGFWM1FicG92ZmpFRE5ITUtDeXVuNzN4SklfRktPY2liMmlMejNwWkUxRHBUNkJjNUZSOHZmUjZyLVl4M1VCRFJDVXJFZmt0ZWRUYi1pSElBdE5sU2xhbnAtVmd3THpZYUZrQVhhakdvR3RkUzlrMHhFZmhqY9IBuAFBVV95cUxQRER3UGZwcGJOLTJreHpsZXpDUDVPa3FYSmE2SWVoV0hJRHdvMUwyXy1MVWhLbVo4ek5TTHF1blpxUjNFRERvM015VFpzRWZBOHdyMEJrSzVia0tkd0pLR2lUUHp0QmdTbll0VTYwcTFNNklheEpWQTh4em40V092SERnYXh0eTlnTU03ay1MaEFHMktWcGx3TE4yR2lSY0JTWU9NSVlzZDJQNEhYd21lNHRTc0JfQkpR?oc=5,ABC7 Chicago,2026-08-31,negative
CTA,CTA introduces child-sized benches at 10 'L' stops - CBS News,https://news.google.com/rss/articles/CBMieEFVX3lxTE9BajBSTXJEVmpmX0Q4aGZrNmhSbVpweElzR0NFZGFmZmx3WUYxU3BVRGdTTlMteDZkVTBXU1dLc1lSaldUb2Q2UU1BWm9QY2dfa2ZVMk5ENUFxRVFtVWYtZjB3OVdOZEl5ek10S0ZENWtBdWEtb1NzUg?oc=5,CBS News,2026-08-31,negative
CTA,Sluggish Blue Line commutes frustrate riders. Faster trips could be coming — but slowly. - Chicago Tribune,https://news.google.com/rss/articles/CBMickFVX3lxTE5sR05CZnYwRVpFWGxWUlhQN1U2REhpM1d2UmtoeDhjT2kyX3RlRTVNb2tEMFl0WWR2bGJhbjdYbzhwd05QNHJ4WVZ5eUdfbXpMN0NmTW1pRW5rNzE0ck1SMFF2bGp1amRSaE9QSUplRTdJZw?oc=5,Chicago Tribune,2026-08-31,negative
CTA,Man accused of trying to light Molotov cocktail at CTA bus stop is back in custody after going AWOL on ankle monitor - CWB Chicago,https://news.google.com/rss/articles/CBMi5wFBVV95cUxNMXhnVmpRajF4VG1UWHZ1UVFQVDZDeXBXM1h4aDZ0YnRWeUM4Yy1kaWlzNHlYaFJiWHhpNW8xTjNkU0RRbXd2ZU96QTc5OVZsWUtTeFd5VmFqckhCbFhrbFk0RjNNeXRvSWdfR2g1bDFNQndRZEEwVDBTMWFLZk5lcU9VNk11SEtjamtUWk5MYlZaTGpzamREZWpUYjZNZ2lBSVlJQmVFWlNQYkZySXpMc2thNW4yNGJoYWI1N1dLMlYtbnVOcEN1bG16SHZRSUlfanVsaURaQVVXalBYVlhrLVVqX0k2cUk?oc=5,CWB Chicago,2026-08-31,negative
CTA,"Day 1 of BTS World Tour 'Arirang' at Soldier Field: Public transportation, fan lines, bag policy and other Chicago events - ABC7 Chicago",https://news.google.com/rss/articles/CBMi3gFBVV95cUxQYXo0MXJIblJmaFJLMWJPREQ5cGQxUU1PLWJiS3J5WXVFRk1iSXNSLXdaWF80X2VERGl0MFpHdG4zVk92UmY0dU5NY0ZPVXZOYnZzS3JqV3RubWtndExWOVZRa19vbmh2UlljUkc1QXRXME1wN0xsTUhvZmJMZnJXZnl6QzNQUXJIU05fWDdDRjExekVjZXl2MEtsMXphcVgxbkZWYnFIOVotVFpsZUJVMHMwamtiTXRzQU0zQXJfaFMzSVF0XzFOeTRyRzJlWk5QajBOSlRZTFFIWW0xR1HSAeMBQVVfeXFMT3pRYkFXZGJzWjdweUNqUC05X3lac0RaRTZDcTlncEI3MEpvUXlCYjIzREZjN2JkMy1OUVdEeW9iNzh4OHBDQnh0WFZIOXFaclJjSkFrNWR6SmdobjRzM2lyMjBpWEJJWkF4d3ROZm5DOVpBV3BmOEVfNTd4cjJHajMxMXVuY3pTYXIyOW1HWngtRVJMUjZJRzFhUjhIdFFaaVFlc3MtMWNmdzFuUFh2d0l1RlNySTBFb3ZQc1IxWTNUQ2ZuY2w0QkZBbWNPVlRYVWpzcEFuOHlEQU1CNGV5UE84cGM?oc=5,ABC7 Chicago,2026-08-31,positive
CTA,CTA Yellow Line running with delays after signal problems - CBS News,https://news.google.com/rss/articles/CBMiggFBVV95cUxQSmVPdzFYRWljZnBiQzJSOWsyOHptQlZWMTB1S2liV1lMUV8zLWRjMS1JeG5nLW9xNTEwR2ZfRVA3bHNzRnJyMDExby14MlNaSFFwUUM2YkdFdi0tZS1Bbm1NZWJ5WlNkQ25TcWttU2U3Q1RYRTd4cE9UN25oakc1cjBR?oc=5,CBS News,2026-08-31,negative
CTA,"CTA Board Approves Slate of Social Service Outreach Efforts Focused on Violence Intervention, Homelessness - WTTW News",https://news.google.com/rss/articles/CBMiuwFBVV95cUxPMWM0VG9BS1hpamxIaTdoNGJ0ZVBtNFdmUVB5ay1GMGZnMGo2ZTRwQ0RUSlF2M0J4SWc0U2lhTjJLaTVWYXFMc3BnYWNXNExrNlRGc0kzUUZqZ01rU1A2aGNyaXlscVJnQk9IeEZqbV96cjBFV1ZCUk1IblBpcnlYZFF5ZUxOSHhmcWNTVVJiSXNRY1daRlNnWTdEa29CR21YT241S3NyWUg2LUVrd0hSVVVSUzZzVzJodEZn?oc=5,WTTW News,2026-08-31,positive
CTA,"CTA deploying violence interrupters, mental health clinicians on trains this fall - Chicago Sun-Times",https://news.google.com/rss/articles/CBMiqAFBVV95cUxQZEVUTDFzUzcweEVrbGtRRHllVUxQaTI1eEpyZlZjMkprenFnU3U4ZW8teThfRFRTSGR2dWpCcEIwemJGYkc1bko3QW5rR3lnLWZzUF9Da0F0QnMyLTRTc3g5RDZsNF9uMWZMaG4yUXM0QlQ5Y0xKeThRZTdCd0JXem9QUlRaVVlqU3psVERoYXc1Yk9vNjdieEl2WXRfOVJkMWhRVXlQS2Y?oc=5,Chicago Sun-Times,2026-08-31,negative
CTA,Man accused of trying to light Molotov cocktail at CTA bus stop disappears after judge puts him on ankle monitor; ‘I get a little messy’ - CWB Chicago,https://news.google.com/rss/articles/CBMi_gFBVV95cUxQNDU3TWNtYU1tclZhWW02YVU0dHBONDFHeGRwcVZIQmFiZVpRay0tUHZ1XzhraDdsNk42dGl6U0szQXVESU9yNEhCbEloSWxzTWdKSHJnSEpiZjhmWE1OM3hiVFRDV291WF9rOUR4Rkdic0dyMjAxZ3o4dXkxQUU4czhlbEVLZ2RpelF3ZWZYVnRXODd2eUN0UEdfcVg0MzVDd0lrQnhsVFJuMl9TSjByWTNreXRSZ2pXdmtla082elZzZEdBaFprSnFLV3R2WVMta2hFQk9pVnpRUGFWaVY2cnkzU081MDdwbkNRYy1ZOXRoV0Q1cHpHWVA4SGZvUQ?oc=5,CWB Chicago,2026-08-31,negative
CTA,Bessent’s buyback gambit may be engineering a CTA short squeeze at 5.34% - Investing.com,https://news.google.com/rss/articles/CBMiywFBVV95cUxNV1BRZ2RHQ0FDUG1pZjY4dHNPck9PdnNmaFZSRVVadmJQVGY2VlR0WmtlWjdWWWhzSWRtekxaTEM0dm1zQTdteC1ZN3B3aTV4UVowN0lpRWZQOWtNaWxndHplYVcxUjFhSTl1OURLM1FVeVU4bXMyWGNKT3BZUmFVX1o0eFd3X2NsTk80QWFTV0NTZXlYZUVGR0h0X0ZlT3RLaXhoODhqemVUQXgwSm5PX0JpMjBkRC14dEJIVUJfQ2VLLUlubExaSjVkcw?oc=5,Investing.com,2026-08-31,neutral
CTA,"Travel Institute, AmaWaterways Pair Up for CTA Immersion - Recommend Magazine",https://news.google.com/rss/articles/CBMinwFBVV95cUxObVh2T3dFR1NNZ2lCYy0xNlk2WDhYN2JaMzNNTmtBajdHOXFJcENMODNWcFBRQ1Y5YjF0WTAxVGZkOEF4WlJwSGZYRS04OElkVW40Nmp1bTBRcjZnVE5FckNfSEY2UEVjbGVFbjMtMGlNdzlpTXpKVzJ6X1JsazV2NXdMaG04OXZkcHlmRVlTallQNzRISG5STGxreTYwNTg?oc=5,Recommend Magazine,2026-08-31,positive
CTA,"Shots fired between 3 suspects, CCL holder near CTA station in Jefferson Park, Chicago police say - ABC7 Chicago",https://news.google.com/rss/articles/CBMi4gFBVV95cUxQeXVadDhTY0d2bHZkOTg2SkxOX3VER0NDNzBmVmtubUJCRmFaRmFBMWRkcDZuVHo3X0ZKLW1zUXh2a3NuZkFDck1TSFZXbjJrelA1bE94dzhfNTFQLVYyS3ZRVC1EWFhjNi1NWlpIYUtvdzlmMWtyX2pWXzFOQ0NtSFRncElXTmJFQ21pRGt0ak5pdEtTVk1ycThmY0JFYy10Z3Zjems2dFZCTHZzNWZjQmhSaTMwUzN2UFR6aTBDekVGTzNCV2I4Z3l6THlWZG45dTZuNHBWSHMwblhSNl9QOVdB?oc=5,ABC7 Chicago,2026-08-31,negative
CTA,Foxtrot lands retail space at former Ann Sather site near Belmont CTA - Crain's Chicago Business,https://news.google.com/rss/articles/CBMipwFBVV95cUxQSWE0SFJaVC1IUGg2dldJbWZtSGE2LVpGSG9LTkc4N1F0WDJXWjNCWWZlTXVBSFNqdkxVWFk4R2hpU0t3UzZ1VHExdUlGUDVTUUhJcmNJTzZaRlp1S3VEM092WVhiTHgwVDNZN3ZxdDkwejNzNy1nU0h1ZTgzbmR6dzRIYTMtSjJBVHV6eGlndXkzZzBEVWNLMTZuTlpiMHh6MHZ4VV8tYw?oc=5,Crain's Chicago Business,2026-08-31,neutral
CTA,"At Transit-a-Thon, CTA Acting Prez Nora Leerhsen tells advocates: ""I need your pressure"" - Streetsblog Chicago",https://news.google.com/rss/articles/CBMiwAFBVV95cUxOMU15MUdLRnd0OEJlVTMwalJSYU5xWFY1WFZKbEFkWEpaNDR0OTZqd0lJTS13YmNDNy1aWDBnR3cwNEZ5TWxoWVZVX29IUm9uTU50U0FIc3pkWlBmWE5rZ3YzbEtNa3d3VEFpZUpCVTEwU3RLc1gxbUg0OGFVM3l5VW9NandEZUhMREEwQUJjdHJFQmROdjVXNHNQZkF2aWl0YjM1NXdpTFJ5aW9scTNNNEdwRW8wcDNPVUppb19yTGw?oc=5,Streetsblog Chicago,2026-08-31,negative
CTA,Officials Celebrate Completion of $25M Project to Improve Accessibility at CTA Green Line Station in Austin - WTTW News,https://news.google.com/rss/articles/CBMivAFBVV95cUxOSzZBREJHMWl3RWdPNXpNbFN5UFNYVDE5d0VNNHhLdHRrbFRXSmdnSnh5YWRwVWdpX1V4TlhVeGF0X1Z2bHpLaHJ6WUVxQVNfa3ZKQTU3ZzZTeXY2emJNVk5NMUs0TVB2VzlMcnFXZDlxbldkQ2NrVU4xTmJZOFN5SGZmU011Y1VGWGlybi11QmVkYUVzTDc3X1FzT3I3d2JSNkFubEdBV05hNHVyZUE2WGJBcW1XUFhVdTViTg?oc=5,WTTW News,2026-08-31,positive
CTA,Depend on CTA to Get You to All the Independence Day Celebrations; Holiday Service Schedule in Effect July 3 to July 5 - CTA,https://news.google.com/rss/articles/CBMi4wFBVV95cUxOVTgtYjNyVHFRWXJoT2lDSi1jc2x3SUw0VFVLaGpKbVpRaHVXOXVxVWlSeGthV1M1d3F0M0R6aVRrT09iX1o1ajA5WFkzakVCSUxSdlRNY0lianhzVjkyUnRUMFRLNnRDQ0NKVlZLX3Y3YWFCNGpKWlQ3cUR6ZnFmRThhZXVKTWNxMzczTGUtYVo5NkZpd2s4RFZxeUlCNlhfZkVVRFhxR1VmSHYyR25uMmpYbk5SQWE5SnQ3YUJuaVJXNmhLdjIxTTlKRUd4Q0Z2QWdLOUIzbWlwaE1UY2x3dm5RVQ?oc=5,CTA,2026-08-31,positive
CTA,The Travel Institute Debuts CTA Immersion Program With AmaWaterways Cruise - TravelPulse Canada,https://news.google.com/rss/articles/CBMiswFBVV95cUxQQlJyci1XSzJNTm9DVl9PaVQyWEdMc2p5VFhBLS1POERoZTU4QUFYTGhNNHhIS0szYk5EUXo4dVg0YXg5OWJXR3FSZ0x3YTMzQW10WlgzNzFsUkFxMU1hT3FHcURWbnFrRjNNSzhQREVPNUxtdEVOek5xZFlxYUhVaUdSMXV3M0d4eDZwRk5zYW04eDBGV2hacGIzV1VCUW5ueGZZS3hqQ0FwOTJNeF9sRXNybw?oc=5,TravelPulse Canada,2026-08-31,neutral
CTA,Video shows alleged CTA fare jumper knocking down woman as security guards stand nearby: lawsuit - fox32chicago.com,https://news.google.com/rss/articles/CBMilAFBVV95cUxOcUhHUi1ISXI3eDYxR2U5T1VfLWhUS2ttYnBjb2hYSnBhY0w3MDUtZkhsZkZiaGtFdGYyNXd3LUYzTWtPcUNKczUwTHJsNHBWa3hmaTBWRzdBb1czd2ZQZUJsajM1T0FJbFpSNVR1RzZsVDNSejMycWg2dEFjRVhjdml3MG4ycXdHZG1XQ3E1b1lBQjZi0gGaAUFVX3lxTE5sWWxRWlRYV2tVQ0lUbWJsVEZFYURiTzVTbjNvbmZ1Wi1FU2xiQlk4eURDQ0UyM2czc3JTWm5DeDZfX29JYVNxYjhmelR1TERNaVBRdVVZcE9PTlpGOWxyckE3RG9oVm9YMmZ1Z1ZWLUxFWUlwb2lxREZ6V21EY1VKS0o2Wk44VWxxcWYzN0NVVTBlVzN0d25qLUE?oc=5,fox32chicago.com,2026-08-31,neutral
CTA,CTA Green Line Chicago news: Austin community marks reopening of fully accessible station - ABC7 Chicago,https://news.google.com/rss/articles/CBMiwgFBVV95cUxPUXhucl9tNEdjRVhxRGtwbkZ3VEZpNEFXUFhwWlFDMHdVQzJwdldmWk50bFh4b0pDdUpSRVpHb0dRQUVyZ2hHejVUaU5iaTJYdHJaTXN4OWFGUG16S0FwZWV6YTdLSi1Va0lteW9wOFV4bTlJQk1KX21LRjNzeGc1NEpLbUIwQVRtMlBJbVFDQ2NmWjE5dDBGTlF1UmZraTZDdUtkcGV3YlA1TzZ4Y0dyd19nMEFkSjQ3bHd3a1pZTXAzQdIBxwFBVV95cUxNNDRBaFNLMFdkQ2ZZNm4xSkY1V0Q1TzdrZTFZeDNlc1ZvaDdkNm1aR0ZxUEFtRnZXM0llbVFVLURfeE1nVEdldDRodFR3eWp6ZDRlcGl0U3BZRWxTcDVsa3ZpcGhTajdoWDRxeC1tX2ZaX2RlbV81OFg0Wk0tRmRQOTRQVnQ1eEMwRDhJZ0RlZElGUjRUQzJkdE9qcHhNeldPWVpfWkppckFyWHNXdmlYNnJaWGlJaHpSalItZWlJUkptejkxNGww?oc=5,ABC7 Chicago,2026-08-31,neutral
CTA,"K-12 students now able to ride CTA system, Pace buses for 75 cents - CBS News",https://news.google.com/rss/articles/CBMiigFBVV95cUxOeW80UXBsNGRNdldRRkRRanZORVlPU0Y4SEd1aHA2cDlNeUplOHpLbnpRaGN3SDVTR2JpMnFZc01tQ2QyZWV6NFd2OHplYmlUcGM1REtwc2g0SE5xUXh1ZDc3RW4wSE50YkI2ZUF4U3BHZ2V3UjRTVzZ6ZVJOVW1tcnhfVnhQOUhTV0E?oc=5,CBS News,2026-08-31,neutral
CTA,CTA adding bus service to some routes starting Sunday - Chicago Tribune,https://news.google.com/rss/articles/CBMiaEFVX3lxTE00OUtjWmhlWlBDdFFvZFBoQ0psZ0lwTi1ZRTBRNWFFLXFraDJDQUVsSElMZG1HSGkyTjJXZXlZS1Bqb3gzV0lsSkxKZ2ZqZnpYYmU0TUdNNTJqQTBNX1Q2eTNFYWVBYUNh?oc=5,Chicago Tribune,2026-08-31,neutral
CTA,Man wanted after allegedly slapping woman on CTA bus on Goose Island - fox32chicago.com,https://news.google.com/rss/articles/CBMinAFBVV95cUxQNWhTUDdVZWRXQUFKU29LUkRWVU00NEFTUlljbzlRcHQtNUpUSzNiaE9QZERxUE94aWE4NzF2eXJNN1Bla2M2ZzltYUNwT2xGdmFlR1VDTzZXelhOMXJkdklMaXNWdFRjdnBFY3BWbjNoWUtTcGNzcnVqM09tcHE5UHR2ajhfV1FHOUdUMG55S3lXQkt1empFVkVBeFo?oc=5,fox32chicago.com,2026-08-31,neutral
CTA,Capula hires ex-AQR trader Ooi to launch quant CTA strategy - Bloomberg - Investing.com,https://news.google.com/rss/articles/CBMiywFBVV95cUxNN2Z2a0dkNW82SVhHUTZaQnpVaHU3SmtFaHF2V2djRFJyeFlUcHJ3VVNjRm5KYkZrZDBfQTdjUmV6dVZ6LWZzWjJiMENFVmhRc2xFYWFSM0NqTGVyT1RrR0tMWDdmYTlmVXBpRWlZclJYdzhFdFpnMnlRSUdMRWh5ekZxdGdPMl96VXFjZldfWnVnMzBBaFVOLVFwV1NyOTBNbHJ1NDB0Ykx1Rng2cldZbFFOOXVuV3o2ZzB5T0FtMW9fLTExNzlYdnAzWQ?oc=5,Investing.com,2026-08-31,neutral
CTA,Pretty Cool Ice Cream and Chicago Transit Authority Partner on New CTA Line-Themed Giveback Pops for National Ice Cream Month - CTA,https://news.google.com/rss/articles/CBMi7gFBVV95cUxQRzJraW5qaXVQRGRaUWh1UFNBYy1GMHhvYnowakt2bTBycXJjeFR6dElxUlBDbWpWU1ZVcXhuRU1uMmR3eVRhM3FqNnNWd3NuMmZqQUExSWwzUzctbk9nMVBHLVh5dXVrU3BKUlpSR29mdzZ3eUw2ZnozaV9seURRY1JnZUxHRnQzalQ2aVhfM2tmZDgxWWlyNlEtREp2UVBqS1g3aDRSb3Jwb3FlWTZOMnNXZnA1WlN4TVdzcWIzQnNQNm1hb3lFWkI1WHQteVA1SVNNd2hUdjVJamR4SDlfVGs1SzEwRUQ4a29yV3Fn?oc=5,CTA,2026-08-31,positive
CTA,The CTA is expanding bus service citywide—here’s what it means for you - Secret Chicago,https://news.google.com/rss/articles/CBMickFVX3lxTE9yZHFsLUFZZzRqVElqbWRmZGdNMHJrQk9jUk1USEhGaXNyVUNHUGxKdERBSHlvOERXVzdrMmZ0NmJReDJnN21rd3JSVDNrc2VEM2Z4NFJuaDM2SEVmSHdQTXY3WENpcUExR2RrNzJ4QlJYQQ?oc=5,Secret Chicago,2026-08-31,neutral
CTA,"Rail News - CTA addresses rail simulator, rider safety and station accessibility. For Railroad Career Professionals - Progressive Railroading",https://news.google.com/rss/articles/CBMizgFBVV95cUxQOTJfaDJ6RjA4NzdkbWR5ZWcxa0J3djROakJCU01OOUhTZzllWkU5S1lleTR4WFRjWXhhRVlLakxEczhzbzBndlNSSU5pUV80ZTdpRnJ4VEl2Slh1VDhYWGFiT1VrTzZfWDJHVUwydzNpdmxzTFV2T0ZDMHNtUENJdFc2aFQxY1Q1Qy1RVG9sWnpELWxzaXVqNUJYcHYwS2p4QkQwZjJoUUJwN2psd0kteDZoWGVNNlVFUXpfa1lxVElteWktZEZpMGJKQlJHdw?oc=5,Progressive Railroading,2026-08-31,positive
CTA,"CTA to bolster Frequent Network, extend service on several routes - Audacy",https://news.google.com/rss/articles/CBMiqgFBVV95cUxOaUVrcmdteXNPRDBUcVBrYVl0RjBRal9ZRDFmajljWkdndmZPVnQxbHBPQXJOM216M01UUmNuSGZVeFdqOE1Gamp2bG1SZHlNRlB6VnFQOVhubmJyUlFmcWFxS0FJbVZfekRacEFCS1lvdVlyR05Qb0VVZEhCU2pJRm1uR1N4ZThvRnNzVVhCNm51WWc0VUc0UVhQV1BRWmc3enpPVExSVTBOUQ?oc=5,Audacy,2026-08-31,neutral
CTA,CPD seeks CTA attacker who hit woman with cord after punching passenger - WGN-TV,https://news.google.com/rss/articles/CBMirAFBVV95cUxNcDZJQTlXQzZWU1R6aW9Xd2ZRbS1kLVd5V3dhSGwwRHA2cWY4dXZnUWVoR19IaE0xNkZHVElUMUJKcThoVUhFSE8yalFldHJvZnBQWHFuU2lzQWdHdTJRYXNRTlFOdjM2NVQzRGpsYWhVUTFiTDlkTUZZUUtWNXBXemRvY3lQR0VOd1Y5QjctLVJPYUZDbzdReXlHeF9YMGVIUDN4dU9qbE9ZT1hR0gGyAUFVX3lxTFB1MmZ6WHV4dV9Mc1FXaXVDVHZ4LTgwcTVta2l1emlSdEVSdHJUQVpRYmZtWVhGZkV4UU1GRElvZHJwUnFfckFETkszbmVNNWR6UWtmN0FYcVhWQWw0SFBaUGJRVFFPa2hQbkF0YXp1b1BnWDBHU2t0MGpGOE5saHJwbkhjRzRiZFFKZmxxT2kxUzZQcjBDajVMODBaYVVKT09mM0NaWHgwbjFya1pCVXRHQVE?oc=5,WGN-TV,2026-08-31,negative
CTA,"Transit Briefs: MDOT MTA, VRE, CTA - Railway Age",https://news.google.com/rss/articles/CBMieEFVX3lxTE5ZTXBOM2JtWjdoNE44eW1jOUtiTTMxZ19tOGk4Z0RfT0Q5WmRWTXNrU0NJcWo2R0F6Umc5UnZwSTYybU9GUzNGQUxJcFNMeHVYY3FiMHBYODhhZThLZzI3QVhodzNiSnFZaGEyQ3RmS1JjZ002Rnlaaw?oc=5,Railway Age,2026-08-31,neutral
CTA,Nurse suing private security companies after CTA fare jumper knocked her down at 95th Street Red Line terminal - CBS News,https://news.google.com/rss/articles/CBMirgFBVV95cUxPeGxUbV9ZdnFZU2pmc1Z1VUd5QkJhdkozd3RiTlFBTnFMQlNLOHlkLV9rUjktM3hwYWhFRzdKTG03WVBFUXZkd3NDWlZfbTQ5dnpEVW91TDJXNUVhcnhrdm5YSDBGeHdlbFRqd3B0bkVSeENvY0o5bXBHUWxFU0QwVF81UFdmcTVXcmp0eTJQaFctMUNPa0lsYjJTRmZtdl9NMF9uWnNFRkpaTDZhNFE?oc=5,CBS News,2026-08-31,neutral
CTA,Travel Advisory: Temporary Weekend Reroutes of Certain Loop Elevated Lines Due to State/Lake Station Reconstruction Work - City of Chicago (.gov),https://news.google.com/rss/articles/CBMi6gFBVV95cUxQT01vR2NDQVZLWEdqV1RDYVRNQ0U5TWtLN0VHMW1oSjVxZUk5bGdPVEFqakNZTWxUZmlBYU5QV2l3cDU3VlVGaDRob3dDZGtybnQ3WjVtbE1US1N6VU9CeEFXNDhuRWZhRnZiYmpQLUpBVUVfTXcxNW9lY21JZkowUHNwZkloT0gyaUVOSlh6ZTZjbE5jY0N1VjdCbnpoQmF0d0Vjc0VhclUtY1l1SFQ3a1ZXQzFaa0FIczUzYk42ckhzWndUMVU4aGVxaE9PbkhJRGYzd1RuMExkUkdTNmtXNjYxZHUzZDhMYVE?oc=5,City of Chicago (.gov),2026-08-31,positive
CTA,"CTA board approved deal with IDOT to fix Blue Line slow zones, and an increase in bus lane enforcement cameras. - Streetsblog Chicago",https://news.google.com/rss/articles/CBMiugFBVV95cUxON2w1ZnRDXzFfclpDMFFMSHkwOVQyVmhYS1ZDRXJjWlM0cEtuRXNqYnhFdy1BSGtTWHRrdWNKV1Z4S0ppTktDM2t5SDNVTEkwMndhY3ZZVFQxNVQyZVpTQlo0U2lfNV9FQVBoRFVlRHJMNTMyNXZtSllnbGJaYmVUSURnYWZEUkhaYzMyZEM5TmNCenA2T1I4MWUzM1pmSHpQYUstOExhWkkyVC1nU1hrTl94WUVKTS1lRGc?oc=5,Streetsblog Chicago,2026-08-31,positive
CTA,View from the wheel: CTA needs a better approach to Bus Control - A City That Works,https://news.google.com/rss/articles/CBMigAFBVV95cUxPbzR2dXkzWHZkZFN5cFdVbndlUExOOUtXYUJjck9sakVJaE5lYzc4bjhkNnk4clgxd2pJMENiZ3h2MWR4VXNDTUpQYVBvTVNScFZGYTJtQk1XdWVVdndOMlJVT0ZtU0ZGTUQ3TjJja3lBeVo3M0Q3ZE5tSHBYdW5Pdw?oc=5,A City That Works,2026-08-31,positive
CTA,CTA fare gates could look like New York's and San Francisco's - Axios,https://news.google.com/rss/articles/CBMitwFBVV95cUxQN2VhSU9JSHJneUJvMnM4MjJfR1M5Z1cwT1NGZW5RSzdHQUp0SEFhZW9RWU5UaDMybGhQMGdBZzJpUkhmbVhGaV9abW9HU3lSQXExc0djcmQxTl9selNtSDJXbkVHWGIxNThBWXpiM2RHWUs3SGVxbXpFQmlrMFhLWFZCanYtS1hHQUJBa0tRN2RWaGhjZXEtWFloLVVQbDZfQTV1TnBwOUpscTR6ZEdJbEd0d3V0YWs?oc=5,Axios,2026-08-31,positive
CTA,Chicago CTA leaders say crime down 30 percent over last year - ABC7 Chicago,https://news.google.com/rss/articles/CBMimgFBVV95cUxNSGM1aFVsdVlQWlY3dUgxb1hSSXlCTnFrZ3VFdlpnaG5yNWpyMHVGNGtFQmpyU1MxaGppM1EwbENrQ3hnRjQwVV9tUm5iZXNWZ1kzTjQ1NkpTeG1zVkxHS19xMkhkQnVXNDNpZE41QmI3NUNUTlNzS0ctYncxSThJa3ZZaDhsdTJVTURPR09vTjZOUkx0VkZpbDVB0gGfAUFVX3lxTE9xcVNSM3FZbG1QalYwXzA2ZVVjTEpodkliOUExZVVmRkVmQktJVC1aT2VkSU1sYmMwQV8tTlBLU191aFZZTFJUQlFqQ05YZVVuOGQzbjhxVEVCN1B5bzE1ODE4UWw2X1VGcWRENFpzRFJJUnRwbzJDZHRGSER6YU96VnBMVUtUSk5uS3JmZEhscTlXX0RmZmVmdlM4S21ucw?oc=5,ABC7 Chicago,2026-08-31,negative
CTA,Police release photos of man wanted in CTA Blue Line battery - CBS News,https://news.google.com/rss/articles/CBMiiAFBVV95cUxQX0JkOGh4aFNjNzdwQUpERGpMVGJ3LTlLRWlFM19YT2FpNFFITUhYU3JKY0VBYVhLRjlFQ2FJUUNyLUpFSFJqR0lWRkd2Mi1tRmN4c0xESE9kbFlzLVVLWmdzREVkQkE3RUlNTk1ZWTFObE55UDEzZ3JsZng0cms1aFZmcVdDMEE4?oc=5,CBS News,2026-08-31,neutral
Chicago Transit Authority,The CTA is expanding bus service citywide—here’s what it means for you - Secret Chicago,https://news.google.com/rss/articles/CBMickFVX3lxTE9yZHFsLUFZZzRqVElqbWRmZGdNMHJrQk9jUk1USEhGaXNyVUNHUGxKdERBSHlvOERXVzdrMmZ0NmJReDJnN21rd3JSVDNrc2VEM2Z4NFJuaDM2SEVmSHdQTXY3WENpcUExR2RrNzJ4QlJYQQ?oc=5,Secret Chicago,2026-08-31,neutral
Chicago Transit Authority,CTA introduces child-sized benches at 10 'L' stops - CBS News,https://news.google.com/rss/articles/CBMieEFVX3lxTE9BajBSTXJEVmpmX0Q4aGZrNmhSbVpweElzR0NFZGFmZmx3WUYxU3BVRGdTTlMteDZkVTBXU1dLc1lSaldUb2Q2UU1BWm9QY2dfa2ZVMk5ENUFxRVFtVWYtZjB3OVdOZEl5ek10S0ZENWtBdWEtb1NzUg?oc=5,CBS News,2026-08-31,negative
Chicago Transit Authority,"As a new CTA board is seated in September, the current chair positions himself to stay in mix - Chicago Tribune",https://news.google.com/rss/articles/CBMidkFVX3lxTFB3ek42emtqYmFzSERmYS1GV0E0Tk52NDFuWGV4QXVhUlZ3eXJrbVNfUGMzQnlwVVh0dXZxZjdwVFJ6bDBpTTIwTDkzdkRrZXFBZzM1clhrejNBV0tQTkQ2dklzdU9WQkZYbzZXTlNMd2xCeGN4OVE?oc=5,Chicago Tribune,2026-08-31,neutral
Chicago Transit Authority,The State of Illinois Newsroom - The State of Illinois Newsroom,https://news.google.com/rss/articles/CBMivAFBVV95cUxPenBuSGVrQUZiMHpFaTBtb0Jma04teG9MZ21OQ1ZsNGdQb0ZYSEVoUmlSX1VPeW4xM0xnZEtiNndmdk1hMzl6dlFMSWtoQm9Wa0g5MjdwemhoRXNuMHpySEx2YlVPZDlDV2ZzZ3ZFaGtGR0xkVUdHNHp6X2FkNmlrNUVud18tNFFUb0dPanR0dEE4M2t6aHBzQkgtaDJCY2Y3QXlCS0hCal8yeHJrWU1vdHZJSHBfS1RNVU04Yw?oc=5,The State of Illinois Newsroom,2026-08-31,neutral
Chicago Transit Authority,Depend on CTA to Get You to All the Independence Day Celebrations; Holiday Service Schedule in Effect July 3 to July 5 - CTA,https://news.google.com/rss/articles/CBMi4wFBVV95cUxOVTgtYjNyVHFRWXJoT2lDSi1jc2x3SUw0VFVLaGpKbVpRaHVXOXVxVWlSeGthV1M1d3F0M0R6aVRrT09iX1o1ajA5WFkzakVCSUxSdlRNY0lianhzVjkyUnRUMFRLNnRDQ0NKVlZLX3Y3YWFCNGpKWlQ3cUR6ZnFmRThhZXVKTWNxMzczTGUtYVo5NkZpd2s4RFZxeUlCNlhfZkVVRFhxR1VmSHYyR25uMmpYbk5SQWE5SnQ3YUJuaVJXNmhLdjIxTTlKRUd4Q0Z2QWdLOUIzbWlwaE1UY2x3dm5RVQ?oc=5,CTA,2026-08-31,positive
Chicago Transit Authority,Chicago Transit Authority (aka Chicago) - I'm A Man (1969) Playstation 5 (4MkOTGNdO6) - Mshale,https://news.google.com/rss/articles/CBMiW0FVX3lxTE83c1ZJZ0k1SkdiOUFndUxocVo4U2M3Z2EyMFJLbmVSN09HaVlPQUl5dmQtaGRPR2stRERBWUVXZVpoa0hrWUFDU2dtRTVOa2VUTzF4SDdsQmprMlE?oc=5,Mshale,2026-08-31,neutral
Chicago Transit Authority,"Transportation overhaul taking shape with toll increase, new board appointees - Capitol News Illinois",https://news.google.com/rss/articles/CBMitAFBVV95cUxOSkJod3Q4WTlDM1BVWWtsMWtlbDRkVVBSbVpBX0JSaUx5SFVnc0F0aWpNNm5McnIzbThaZVJ1aVBEdW9SekxyZVliNmtxNTRXYmtrbHpnY2c2VUZEaDNWWmYtWUxHRllyQXByR2w3LUNVWTNyMlFZR1VMSDdtT19iUG1iX1lEZlcyVVVhdDhERC1FRUZBREM1ajlqUDdVaUYxaGtfRUFFRzc0R2o0LTdzTThBSlk?oc=5,Capitol News Illinois,2026-08-31,positive
Chicago Transit Authority,CPD seeks CTA attacker who hit woman with cord after punching passenger - WGN-TV,https://news.google.com/rss/articles/CBMirAFBVV95cUxNcDZJQTlXQzZWU1R6aW9Xd2ZRbS1kLVd5V3dhSGwwRHA2cWY4dXZnUWVoR19IaE0xNkZHVElUMUJKcThoVUhFSE8yalFldHJvZnBQWHFuU2lzQWdHdTJRYXNRTlFOdjM2NVQzRGpsYWhVUTFiTDlkTUZZUUtWNXBXemRvY3lQR0VOd1Y5QjctLVJPYUZDbzdReXlHeF9YMGVIUDN4dU9qbE9ZT1hR0gGyAUFVX3lxTFB1MmZ6WHV4dV9Mc1FXaXVDVHZ4LTgwcTVta2l1emlSdEVSdHJUQVpRYmZtWVhGZkV4UU1GRElvZHJwUnFfckFETkszbmVNNWR6UWtmN0FYcVhWQWw0SFBaUGJRVFFPa2hQbkF0YXp1b1BnWDBHU2t0MGpGOE5saHJwbkhjRzRiZFFKZmxxT2kxUzZQcjBDajVMODBaYVVKT09mM0NaWHgwbjFya1pCVXRHQVE?oc=5,WGN-TV,2026-08-31,negative
Chicago Transit Authority,Officials Celebrate Completion of $25M Project to Improve Accessibility at CTA Green Line Station in Austin - WTTW News,https://news.google.com/rss/articles/CBMivAFBVV95cUxOSzZBREJHMWl3RWdPNXpNbFN5UFNYVDE5d0VNNHhLdHRrbFRXSmdnSnh5YWRwVWdpX1V4TlhVeGF0X1Z2bHpLaHJ6WUVxQVNfa3ZKQTU3ZzZTeXY2emJNVk5NMUs0TVB2VzlMcnFXZDlxbldkQ2NrVU4xTmJZOFN5SGZmU011Y1VGWGlybi11QmVkYUVzTDc3X1FzT3I3d2JSNkFubEdBV05hNHVyZUE2WGJBcW1XUFhVdTViTg?oc=5,WTTW News,2026-08-31,positive
Chicago Transit Authority,CTA fare gates could look like New York's and San Francisco's - Axios,https://news.google.com/rss/articles/CBMitwFBVV95cUxQN2VhSU9JSHJneUJvMnM4MjJfR1M5Z1cwT1NGZW5RSzdHQUp0SEFhZW9RWU5UaDMybGhQMGdBZzJpUkhmbVhGaV9abW9HU3lSQXExc0djcmQxTl9selNtSDJXbkVHWGIxNThBWXpiM2RHWUs3SGVxbXpFQmlrMFhLWFZCanYtS1hHQUJBa0tRN2RWaGhjZXEtWFloLVVQbDZfQTV1TnBwOUpscTR6ZEdJbEd0d3V0YWs?oc=5,Axios,2026-08-31,positive
Chicago Transit Authority,"K-12 students now able to ride CTA system, Pace buses for 75 cents - CBS News",https://news.google.com/rss/articles/CBMiigFBVV95cUxOeW80UXBsNGRNdldRRkRRanZORVlPU0Y4SEd1aHA2cDlNeUplOHpLbnpRaGN3SDVTR2JpMnFZc01tQ2QyZWV6NFd2OHplYmlUcGM1REtwc2g0SE5xUXh1ZDc3RW4wSE50YkI2ZUF4U3BHZ2V3UjRTVzZ6ZVJOVW1tcnhfVnhQOUhTV0E?oc=5,CBS News,2026-08-31,neutral
Chicago Transit Authority,CTA adding bus service to some routes starting Sunday - Chicago Tribune,https://news.google.com/rss/articles/CBMiaEFVX3lxTE00OUtjWmhlWlBDdFFvZFBoQ0psZ0lwTi1ZRTBRNWFFLXFraDJDQUVsSElMZG1HSGkyTjJXZXlZS1Bqb3gzV0lsSkxKZ2ZqZnpYYmU0TUdNNTJqQTBNX1Q2eTNFYWVBYUNh?oc=5,Chicago Tribune,2026-08-31,neutral
Chicago Transit Authority,Pretty Cool Ice Cream and Chicago Transit Authority Partner on New CTA Line-Themed Giveback Pops for National Ice Cream Month - CTA,https://news.google.com/rss/articles/CBMi7gFBVV95cUxQRzJraW5qaXVQRGRaUWh1UFNBYy1GMHhvYnowakt2bTBycXJjeFR6dElxUlBDbWpWU1ZVcXhuRU1uMmR3eVRhM3FqNnNWd3NuMmZqQUExSWwzUzctbk9nMVBHLVh5dXVrU3BKUlpSR29mdzZ3eUw2ZnozaV9seURRY1JnZUxHRnQzalQ2aVhfM2tmZDgxWWlyNlEtREp2UVBqS1g3aDRSb3Jwb3FlWTZOMnNXZnA1WlN4TVdzcWIzQnNQNm1hb3lFWkI1WHQteVA1SVNNd2hUdjVJamR4SDlfVGs1SzEwRUQ4a29yV3Fn?oc=5,CTA,2026-08-31,positive
Chicago Transit Authority,"CTA Board Approves Slate of Social Service Outreach Efforts Focused on Violence Intervention, Homelessness - WTTW News",https://news.google.com/rss/articles/CBMiuwFBVV95cUxPMWM0VG9BS1hpamxIaTdoNGJ0ZVBtNFdmUVB5ay1GMGZnMGo2ZTRwQ0RUSlF2M0J4SWc0U2lhTjJLaTVWYXFMc3BnYWNXNExrNlRGc0kzUUZqZ01rU1A2aGNyaXlscVJnQk9IeEZqbV96cjBFV1ZCUk1IblBpcnlYZFF5ZUxOSHhmcWNTVVJiSXNRY1daRlNnWTdEa29CR21YT241S3NyWUg2LUVrd0hSVVVSUzZzVzJodEZn?oc=5,WTTW News,2026-08-31,positive
Chicago Transit Authority,"Lawrence Reed, man charged with setting woman on fire on CTA Blue Line, not in court for competency hearing - CBS News",https://news.google.com/rss/articles/CBMiogFBVV95cUxQRloyMmVMUXQtYUtTWGxzODNZU2x1OVU1bWtRRV9KVUNFMl9Sc1MxN0RTblNZZm9LdmVUY0pla0ZpZm12UGR4a0hwa0xTRkFHcmQ5WVJYOVlGZmo5QUNIbzN5UDBwNEpUSHpxN0pOMGNZVWVBVW4zanZDOXNES3JWVXYzQVFyWHBRRjhtQUJvSE9DLUEwX3pUNXFWbm9rWE1zbFE?oc=5,CBS News,2026-08-31,negative
Chicago Transit Authority,Cook County State’s Attorney Launches Regional Transit Task Force to Enhance Public Safety - CTA,https://news.google.com/rss/articles/CBMivwFBVV95cUxPRjE3TzRtOVRSNE9oT0YtSjA2S3pXT19oLWtHV2JDejRCZVFjV2lMQzB5MG8wdUwyLW9FYTVmZHpRT1NuMEhwZklUYU5ramZfQTlES01FU29ianRLLWozM1Y1OTc5dkFhZ0xGemRjX19LYU95ZXRlcDB6Q3FadWltb2FjQTNFSV9ONHdEMGFPOTNFa2RYR0FudWNPMzNGYk15d1RRTHlBSzhPUXpGaFF1b1NmQ2JJVXlYeFg4RU03SQ?oc=5,CTA,2026-08-31,positive
Chicago Transit Authority,RTA approves funding estimates in final meeting before being replaced by Northern Illinois Transit Authority - Chicago Tribune,https://news.google.com/rss/articles/CBMiekFVX3lxTE8zRWd2LWRrVGFPdkJtOUItaUtXUnJ3UEtfX2NjUk5ST3VlRDJtdGo3dkdHVWZaVDZtbV9wZnlEckNZd2NYMnhkWTB3UkhDcDZscmFSYlA0bDhaTTdMUkhDN3NXSnI2N2tGY0tXSWZCWmd6eTFpdjNudWJR?oc=5,Chicago Tribune,2026-08-31,positive
Chicago Transit Authority,Travel Advisory: Temporary Weekend Reroutes of Certain Loop Elevated Lines Due to State/Lake Station Reconstruction Work - CTA,https://news.google.com/rss/articles/CBMi5AFBVV95cUxOd25HWUFmQTNiS0JIVThzdGgyVTBmQkFEWkdYelNPSUE0dWVuNEc0ejN5WElTZklrT2dPbW15YWxNRkd2WkhCc1hheDU0QnZjRzBjcERnQUQybXJFQzU1TUFIZlVjSFdfRVZMZG4yaXQ5ZGl2ZS1IbXFqWkszc0E5cU1ZckF6U1d0OU4yYkVkNGNkYnZRTlc1UHF1c1dCeE1ib3ZCZWtROVh1T1E2Y3puenZqUGhIX0RGaVF2MjZQbzY5eC1zSVdnYXlxX3llMFo4MDZxS1VTX0Fib0M5Ylo2eFFjUmg?oc=5,CTA,2026-08-31,positive
Chicago Transit Authority,Chicago Transit Board Approves Expansion of Automated Bus Lane Enforcement Program - Press Releases - News - CTA,https://news.google.com/rss/articles/CBMitAFBVV95cUxNNmNyMzB5WHpLcVI0WDhBYVRkWS0zbGN0UzJrTWJGMnFkRGIxRnEwc1hzUWFFVmhKckZsY2xuYkl5NGs3eEV2M0FmYW5ocVV6UUN0aDFKVThIU3Q0dG52M0pkYzEzSUduOTNjeWhNTUtuQkFkcWZPS2Z6M252d2xrdnV5ckpEY1BaQkh6Z1kxVTczMjFPbFN6SXh5cEpzMEJqdWpMUmZNNmxwaWI5dmVWVzZlVE8?oc=5,CTA,2026-08-31,positive
Chicago Transit Authority,Elevated Chicago Expands “Elevating Culture Near Transit” Initiative with Three New Grants and Historic Partnership with CTA - CTA,https://news.google.com/rss/articles/CBMi6wFBVV95cUxQSW53TjNNdzRRamNrTlA4T2EydWpocnVnNjVwVkYxV1k3RHU2RWp5VTlEMHZsSlBkSVpuU2laV3BVUmZaS2ctN2J5WC1ZbHQxT2hsQm9VdTBVQkRSN3QwTFNuOHJYTUdpZnNkRzJJYktrWV9QRFZseHV6V2tyYl9ZZEpKRm5kdTdiSWZ6UDc3bmFmeGpwUi1JMGg2SEJ4OUlVaTV2YW84QVliaVNuQ1lybi1WeXExSjhjZ3k3bVNRdmN1RDlycUN6d2ZzR2hjb1NXM3hZODkwOUtRYmc3NnZZZU1GUVdMQ2YtcGFJ?oc=5,CTA,2026-08-31,positive
Chicago Transit Authority,"CTA deploying violence interrupters, mental health clinicians on trains this fall - Chicago Sun-Times",https://news.google.com/rss/articles/CBMiqAFBVV95cUxQZEVUTDFzUzcweEVrbGtRRHllVUxQaTI1eEpyZlZjMkprenFnU3U4ZW8teThfRFRTSGR2dWpCcEIwemJGYkc1bko3QW5rR3lnLWZzUF9Da0F0QnMyLTRTc3g5RDZsNF9uMWZMaG4yUXM0QlQ5Y0xKeThRZTdCd0JXem9QUlRaVVlqU3psVERoYXc1Yk9vNjdieEl2WXRfOVJkMWhRVXlQS2Y?oc=5,Chicago Sun-Times,2026-08-31,negative
Chicago Transit Authority,Man stabbed at Cermak-McCormick Place CTA Green Line stop - CBS News,https://news.google.com/rss/articles/CBMilwFBVV95cUxNRV8tVFpNeENCZlNMdzBKbEZIZnBCTVVxS2J6WlNrSDZfQUJUOHdOVUNxdGQ5VW11NjY2clFwRzlWZzdNUW1xa2Z0aWczd2JJcTFHd2xzcUFMRUJEb2ZrYzMtMTFCT3ZJb3A5M0VDNnhPdi1INmRYVng1alUzbVNoRFJ4RGhKT3RtWkxBbTh3d1c1X3ZKRzcw?oc=5,CBS News,2026-08-31,negative
Chicago Transit Authority,CTA Green Line Chicago news: Austin community marks reopening of fully accessible station - ABC7 Chicago,https://news.google.com/rss/articles/CBMiwgFBVV95cUxPUXhucl9tNEdjRVhxRGtwbkZ3VEZpNEFXUFhwWlFDMHdVQzJwdldmWk50bFh4b0pDdUpSRVpHb0dRQUVyZ2hHejVUaU5iaTJYdHJaTXN4OWFGUG16S0FwZWV6YTdLSi1Va0lteW9wOFV4bTlJQk1KX21LRjNzeGc1NEpLbUIwQVRtMlBJbVFDQ2NmWjE5dDBGTlF1UmZraTZDdUtkcGV3YlA1TzZ4Y0dyd19nMEFkSjQ3bHd3a1pZTXAzQdIBxwFBVV95cUxNNDRBaFNLMFdkQ2ZZNm4xSkY1V0Q1TzdrZTFZeDNlc1ZvaDdkNm1aR0ZxUEFtRnZXM0llbVFVLURfeE1nVEdldDRodFR3eWp6ZDRlcGl0U3BZRWxTcDVsa3ZpcGhTajdoWDRxeC1tX2ZaX2RlbV81OFg0Wk0tRmRQOTRQVnQ1eEMwRDhJZ0RlZElGUjRUQzJkdE9qcHhNeldPWVpfWkppckFyWHNXdmlYNnJaWGlJaHpSalItZWlJUkptejkxNGww?oc=5,ABC7 Chicago,2026-08-31,neutral
Chicago Transit Authority,Mayor Johnson and CTA Celebrate Investments in Welcoming Spaces Across Chicago’s Transit System - CTA,https://news.google.com/rss/articles/CBMixgFBVV95cUxPbWprc2hqUTV0RUdCbmpWTVNHTDF2VldrRlM5THc5TDhZVHprSzlJdXVzTmwxMktjNEk2bGRsbGV5UV9qcTJTZmlwSk9wMGpKOFRfWDJ4UjYyemJDdVByRXdreXBpTjdMYTlsSWRxRDV3X29pZTlKeERMOW5XZC0zNmVfY2d1UnhDU3NtUGNPeE1xemdxVVVQa0ZhYjF6Mjk1NFlxV3lzb05UWjJmXzVFVmo2YkVVLUotcUpYSzJ4UjBFY29uQXc?oc=5,CTA,2026-08-31,positive
Chicago Transit Authority,Chicago Transit Authority Sues Federal Government Over Paused Red Line Extension and Red & Purple Modernization Project Funding - Press Releases - News - CTA,https://news.google.com/rss/articles/CBMi7wFBVV95cUxNcDlGdXY3M0lZUGVvOE4yUW1FOXczTURfRXFBLW16SVBFc29Nb0R1NWJqRklyYm51Q3dQalFwa3UtMlZxTGU1U2tDZVROWTYwX0J4a25rb0FKUWpwQ2k4Zjd0RnRtQzUxMjh3SHJXN2VjYWZWc25TNFZlWlh1SG9ZYWxxT2JOZlNvODdKYjF4UXB6cmtwUjZKWjNDdnVyTWV1WmNEa2RjV1RyaWgzQXlQSzlSZUpNeGtxclZLcnlWVkphdUdJZkYyVXBNY0VybjVvamVDT2hDVDFMYzJjTlUtaVpOMnY5MXREa3lydFUxbw?oc=5,CTA,2026-08-31,neutral
Chicago Transit Authority,Illinois tollway rates set to rise as Pritzker appoints new transit board members - kwqc.com,https://news.google.com/rss/articles/CBMirAFBVV95cUxNdFlvU2o0N3BqUGpoOVhPenNacjBuSVR0cWJyRERJdDhpcHQ0SWIyM1JKWTNTcVM2TVVmbmNLSU9jTVpNeklDbjVTbGZkYi1vYkZBcmtnekc3bGJlUTNxSFp3Tmo1M0JzUmNfaG44Y2NNU2txQms4dTRnRlFKdVhpYzVmQ3Y3WE9HTGNqQ2dCbi0zNEw2RWlKbFBhSElGeUp1VmZjQk5tZW1aU1ZD?oc=5,kwqc.com,2026-08-31,neutral
Chicago Transit Authority,"Advocate says Northern Illinois Transit Authority Act, now in effect, will improve transit around Chicago area - CBS News",https://news.google.com/rss/articles/CBMilgFBVV95cUxOWGdMS1pNVmtDQ0cyS3ZSSjFCa1hzM1JTeHE1a1RRMlAxWGFjalcwTU1HZlZ0LXJ4WmsxYjA1MGEzcTBLM216cmV0TGVrU3FUY3BteEV2VnIzcGpvVGk2YVc2NnI5OHd6a0VHaHZuZEszRnBhUUtfN2RiM2NqNGRJSjZnRjFWeTBtYy00WGhoczR1aDgyOWc?oc=5,CBS News,2026-08-31,positive
Chicago Transit Authority,"CTA says crime is down throughout the system, but many riders still don't feel safe - CBS News",https://news.google.com/rss/articles/CBMihgFBVV95cUxNdDVHMlgxazFvbm91OUI3WnpyeWNSbUZkdm9aTjNuQ1ZqUlRMWXdkaTBQQXREQ0VHM2NUMWRBOFJsMEJSUEFoWVppQm1POVFsMjQ1dzI0WXJTenRCZGZTREVsTUpGb0xpOWxRaGw2ZzlySGxLazlTcnh4MWhacHY3NURTQkpIdw?oc=5,CBS News,2026-08-31,negative
Chicago Transit Authority,"CTA Leaders Tout Ridership Gains, Lower Crime Rates on System - WTTW News",https://news.google.com/rss/articles/CBMilAFBVV95cUxOdDg1QnNBX1VvZHAtNEtVbVp1WGZvOExNbUFyYkIxTVpELWo4UXRjelJvVngzaEVESDZzSGxENTNPXzVLdUlMUGZBN3N4LUVYMzA0NlFZUGdEeno1VUVYdXVDNzdvVGpHSnBqRXZ5eldPcjFmNW5zZ0J6Y1hsMnFwbk5uRjRKdU9CZUpVSng2dFU0dzVC?oc=5,WTTW News,2026-08-31,negative
Chicago Transit Authority,"Sales tax increase to pay for CTA, Metra, Pace problems - Illinois Policy",https://news.google.com/rss/articles/CBMijgFBVV95cUxOTUNWa1JDaHk2eWU4THZZRjV1dFpaLXdhelNFLWJPRXdvdUREYUVZNjd0M2ZNUHNCaFo5aGttd0dEcXpOWHBkdXZ3X2tDMmRtcWRWM2Ewamx1ZUVETm1ZWDRUWHNkcW82b3BQTkRURXJDWkdTRXZqMzY5MXo0RkdwWm9adndBcEU5S0ZtQU5R?oc=5,Illinois Policy,2026-08-31,negative
Chicago Transit Authority,Chicago CTA leaders say crime down 30 percent over last year - ABC7 Chicago,https://news.google.com/rss/articles/CBMimgFBVV95cUxNSGM1aFVsdVlQWlY3dUgxb1hSSXlCTnFrZ3VFdlpnaG5yNWpyMHVGNGtFQmpyU1MxaGppM1EwbENrQ3hnRjQwVV9tUm5iZXNWZ1kzTjQ1NkpTeG1zVkxHS19xMkhkQnVXNDNpZE41QmI3NUNUTlNzS0ctYncxSThJa3ZZaDhsdTJVTURPR09vTjZOUkx0VkZpbDVB0gGfAUFVX3lxTE9xcVNSM3FZbG1QalYwXzA2ZVVjTEpodkliOUExZVVmRkVmQktJVC1aT2VkSU1sYmMwQV8tTlBLU191aFZZTFJUQlFqQ05YZVVuOGQzbjhxVEVCN1B5bzE1ODE4UWw2X1VGcWRENFpzRFJJUnRwbzJDZHRGSER6YU96VnBMVUtUSk5uS3JmZEhscTlXX0RmZmVmdlM4S21ucw?oc=5,ABC7 Chicago,2026-08-31,negative
Chicago Transit Authority,"CTA secures funding for West Side transit improvement design, construction - Mass Transit",https://news.google.com/rss/articles/CBMi8AFBVV95cUxQZHJ4aXZ5clc5bVFJYmdxUkNldDFxdXFyaEQ1RE9tQVZCY25WWFprWW9iWkkyS24xRElRT0JxR3ZvM1JSMHJpb25zYlFrWjdpS1hGSFBOYUZkOGljYXpoTm1ER2Z0dXZjMGJ6VGhGOGx0a1BxTlp2QWxrbk1Dc1FRaVVyZzFMaHA1ZUlySXVlNFNNdVFKNUQ0ck85aGgxYXlNQ1dXdC0zajRrWGd6MlY0RC12a1ZYbXhtd2J3b2otakNoejdfaXZYbTV6alcxUmNobnRkQTRjRkFUNUZMLUNTNVFzdm9WWE1aTjE1TGo3bVo?oc=5,Mass Transit,2026-08-31,positive
Chicago Transit Authority,"Court Grants CTA Temporary Restraining Order, Directs Federal Government to Resume Funding for Red Line Extension and Red & Purple Modernization Projects - CTA",https://news.google.com/rss/articles/CBMikAJBVV95cUxOcG56X19EQnZKRUoycnE2ZE9QRGh4T19xOGVTM2xRQkVSVzNsblVBNnlxb3MtZktodnNiXzBJdXZ4RmJfaGJQTzR1TUQ1SUNuVzhhMld4WXJyaDVjZEZoamRZcGpjRWQ4THRRb1RPRW1BbEVxX1JMYTJQOGt4V3pSeUpOb0c3b29MOGdnNTNnam5xRGdHdTNtQnhmWldlWWdyXzBFUnh4R0JiLVM3MlUtbHZKTUxoZkxWdUVCcFNQVUhJOVVac0JmRGxBN3pQbFRzREd2X05aWG84UDlhSGN2MWptWjAtUTdHdjNlbmpZUU1TRmYxaEdHenZsZi00RjFQYTRJOWtJQWd2LURzMXRWSA?oc=5,CTA,2026-08-31,neutral
Chicago Transit Authority,"CTA Submits Enhanced Security Plan to FTA, System Policing Hours to Increase by 75 Percent - CTA",https://news.google.com/rss/articles/CBMivgFBVV95cUxNaFJHbUVwQmdtMnAydzBMNlBRalhYV2hHOF9yYTVWWGxUTUM1MjZqVnV4MWlkQUJzYUw3M0VESEYxbGxDVUNlRWFqVDVxc2ZOMmlxY3FVZnUzMlFBVjBvaG1vbXM4RVJPVlFwX204YWpGTTh1cDBMZFg3U216am9FUGkwRkE4MVcwLTRmRVNqRnpDbF9QM3B6V1RiSHVZaDV2TjlJalI4M29ReGp4WUVSbnFHYlNPVEo5bTV1N1Vn?oc=5,CTA,2026-08-31,positive
Chicago Transit Authority,Combating fare evasion could help lagging CTA ridership - Illinois Policy,https://news.google.com/rss/articles/CBMikAFBVV95cUxQVmlnNzEtcnhmcV9MY2ZOMU9FRDBRZjN4b1ZQcmRuTXFGcEZfaFNLYjBrcUZuamgxYnJWQWRQWm16VmI0cGJDd0ZnclA0MkFmOVVYcklqRmFDS2hZZjd4ejRjb2dfTGJFY0dhZ2JXbDZtQXNJVC10UmM4cU5Sd1o0bzcwMjlxYm8xdFBpbUY4MWc?oc=5,Illinois Policy,2026-08-31,neutral
Chicago Transit Authority,"CTA switch worker shot, killed near train yard in Chicago's Roseland community - CBS News",https://news.google.com/rss/articles/CBMikwFBVV95cUxNLVU1aWZHSmpyeFNhekIxVldGQWM0RG1iU0lYM2IwRG83ZmlwQVQ5dnRmd2ZqVEN3emNqeEdmR2xnbWU0UVhnNUxZTS1RWTkydWZaUE83eEZ1WnRJeW05bFJ6eXRWSTRsTVMyb0JleWRYdEhXQ3pKcDRBN0cwRTRGQmVtNlp2b2RFVmxWV3hoTDVfMmM?oc=5,CBS News,2026-08-31,negative
Chicago Transit Authority,Chicago to install thousands of signs in hopes of making transit safer - NewsNation,https://news.google.com/rss/articles/CBMihgFBVV95cUxOLTB6SjdqVTN4VmhQQ1N4VkZWVHlNVVZDaklYeFp0djR0SGtXcG0teFJHclcwdXRSUS1pRUVLdENYMkZQVzU4YWd6Ukk2MDM5Z3BFRm56QU51cU9PZ2FXeDgteHV1Zk5yQTU1dDlfQm9mVkFFVm91ME5qcXhEb3J4ZlE2aXFSZ9IBiwFBVV95cUxQRnFvc0Ryc0prLU9yVWtaaGhjNzZwZjdlRXpuNUpBWXpxc2RUb21qcXNzQy1zTExHMmVheFNqMTlXaWVWWVZWWDZveGN3TEZuYWgxNFFOZXo3TElzR3d3VTNHODFobDJzb2k2VktZYTh2YjJXWTNPT0Npcnlhcms3WlpPVWM2VFEtNTZB?oc=5,NewsNation,2026-08-31,positive
Chicago Transit Authority,"New signs intended to deter crime to be posted on CTA buses, trains - CBS News",https://news.google.com/rss/articles/CBMiggFBVV95cUxONmV6RTV2WldwUGt6RTBDNGJyLTF6MjBQVnlMZzJFMU8wdjBNQjhOT1ZKTDlHNXZMZDZYTUoyN1YwTTcyS1F4RXdyWm1pWlJoOFY2SVFBUVFpRldhREZYMXFsUVduR1VESVVKT2ZuVTI2LTNaalZ5TEhWYVlkS3NfZVlB?oc=5,CBS News,2026-08-31,negative
Chicago Transit Authority,"CPS Employee Accused of Double-Dipping Through Dual Employment Scheme Now Works for CTA, Records Show - WTTW News",https://news.google.com/rss/articles/CBMivgFBVV95cUxOeUFkN0pPTWdfOWxTYVItOHdYUTIzSldUR09Yc01Rd2ZUSmE0U2tOMXdGbVdQMFU2OGdoUS04OVMzeTZMU3R4cENGdG5HbVJyQ0NCZl93M2pZV19oWjhnNnBYRGdPb0hGUFhYQWlGQlQ0VTBiUW1EUEp1UU9scC1Xa094clBsYTZYZmVGVHJWMVdTeU1kNlRUdnRETWkxLVdQVkZjdy04VW1nUWl2QWlyclJUcEU4TE1ndjF1Z0t3?oc=5,WTTW News,2026-08-31,negative
Chicago Transit Authority,Fluor Joint Venture Reaches Substantial Completion on Chicago Transit Authority’s Red and Purple Line Project - Business Wire,https://news.google.com/rss/articles/CBMi-AFBVV95cUxQdGozdnhUdkNKQm5ZUHhRRF9hbjRPMGRmUzA4SVNhdzBqUTNCUi1Sb0lYMWRRSy1LMEZmdllOampKWTBuRGxIMlE3THEyLVdZRmF4bjFxWmo0YVlhakxZd1kwM2JjRmdHTHozYkRvTkZ5SG42VWQ1S1kzQ2ZDc1l5WjBtLVNBd0I1SzFHMm1xYnhLR0pMbVJIRjBSV29QOTF2QWJOQzZwalVBMW96YlFXaDRWVFNlVHQtRDlkdnZUY1V3dGRXbjgtVkRnTkxWQ1pYRHhhcUlEd091a0ZkWG13Z1dYRVpYYlRBMlJsTkdxNHJNRFA5U2RQZA?oc=5,Business Wire,2026-08-31,positive
Chicago Transit Authority,"Acting CTA boss cites major drop in crime on transit system, credits collaboration with CPD - WGN-TV",https://news.google.com/rss/articles/CBMixgFBVV95cUxPUHJ5N1hKa3gtWUFDUzVFcUxEcE84dWJ6Ni1YMHBhbWRfWDVOcUJGSHRQU0ZTNUxUX0NJbThjOEJiclNLOEJHejAySWZvaGRmYWx5YXcybVNBSTM4THFNeVBxTWpjNzhCZ01udDVMaUk2QmQtUXpwMUZpbHlILXo5ZmdVRlRWUlpFTTQ4RjdBaDVWRVpEM3JDTWdOaVJhVk5hbVFfbGVRYVkzbl9tVDRFb2Z2YW9yQ0Z6TXlpaDFLMk5HT1gzcXfSAcsBQVVfeXFMT2ZQUGRubHN2VGhNLXV4NERBOEJqMVVmUjMzcW9Ublc3TXFuTzQ5TGxGY0JIaFEtRkl5UTdJYnprV1A4MUVTYWs4Q0FHOGl5SGtiVExKSFRnZXdTODY4NW05azRyNjloejNpblBQdUhjNXhySlRva0FkdWhDZ1g1SU1BNDNfejNCY3EyTW5CMkdTeGRGdktqbURudGlBT3Q0cElET1d4SHlDQnpxd0FoVW43REdGbHRGeU1ncUU4ZGFlc25wNVdnend0Mmc?oc=5,WGN-TV,2026-08-31,negative
Chicago Transit Authority,CTA looks for new gates to help deter fare evasion - Chicago Tribune,https://news.google.com/rss/articles/CBMic0FVX3lxTFA5eWpPMG5CY3pJMlpsQjJ4QnVJME92VDE2T3hna01IMVJaZnVUNVVqZm9MRnM4V2kzQTZhWFk3bEYyRXNvVEdqaVVIQlk2c3VvRm13SEN0YjZVaHdjS3FuQ1Z4aHNIYTA3ckFDVXFfSDZGWDA?oc=5,Chicago Tribune,2026-08-31,positive
Chicago Transit Authority,Yellow Line extension in Skokie could take ‘decades’ but CTA is studying it - therecordnorthshore.org,https://news.google.com/rss/articles/CBMivgFBVV95cUxOQmVFMjBCcXFlenVnSnJHWWxzR2xiYVZWbk1RRVZ4eHlfeXBlTmloNl9zcG41QzQwNUl3bWhtNE1FdjlWYjhqNld3aDh0eWdaVTREWUtkT0FLV0MyLUhEdGxvVERJMHJyRVRwQWFTWE5sUHM1ZTZ1czVKUXlhX0ZEREl5RE9HRGRhVkt4TTNsclpwMGJBeHI0SG9PRFdmeVFFUmhzanFpTGE4Z0lIY1g3djN2blU1TXdfS1BNTlB3?oc=5,therecordnorthshore.org,2026-08-31,neutral
Chicago Transit Authority,CTA safety: Cook County sheriff says dedicated CTA police force may be needed for safety on Chicago's public transit train system - ABC7 Chicago,https://news.google.com/rss/articles/CBMi4gFBVV95cUxPUDBlc2lpV3BlM2E5cWlrS3ZDd0dKRDJVVWpMamNISHRIbTdEN1lPRVlOakdqcHZkZXFzalA2VUdacFdQSGdVdnFKN1d4ekZiNENDYURTSHdzQnp2VC1jbXFjdDktZEFsQk5BYk5wc1lPYTRfWDM5Vk5RM3dvSFAwUVoxdEtGUFhGTk9EZ241aDhrV1RGek1RbW5VTUh1bEZSbnlCMlV2TEQ0VWJtN2Ixc2stSGxISHdRQzBEeFgwU0NqLW9RNlZBUnAyVWNlMUhfV090UjZ2MGF4NXJRdGs3aXVR0gHnAUFVX3lxTE5hR1A1N2I1UnBhR1B4Q2VJc2lBU0E2VmJNYUhJQXdtX3h4Z19KaUV1UlpacldPenVNZlFyUngtbGdJaTY4UHdZSmk3QW0xU1R0Z2pyc1o5UE9TTXp5SlV3Q21HNGFLY1RVSE9uX1c3OFpSU3FDMzNQVEtUNlNRQVNCWDh0czMwd3FwbTJlVHR6ODRPS2hURzVycW1kd1UzdU44R0R1X0tYNkxCdmdCeU1ITjFlbTEtTGtCVFNTMnZMd2NLLUplV0NtSjZBZ2M0ZUtPZVIyc2FvazhJc3BoYWV1ZDJPRzZTOA?oc=5,ABC7 Chicago,2026-08-31,positive
Chicago Transit Authority,"New transit law takes effect as CTA, Metra, Pace enter new era - WBEZ Chicago",https://news.google.com/rss/articles/CBMiigFBVV95cUxOa0R5anlLb2w5Y2pVMTVFQVdQalB5cndBYXVJVUhwQW9MYjRhM3BxdnNJdWZ0MVE3cGVuU09vd0lkODJZYVV3X0cwdHZDcWlqbUIyeEdfQ05hbXY2MC1YQTJKQzZGRGdiQkpZeU5LZUhBa1lRTlZKUnBiQ3dBaDhwNkUtN3BLWTg3d0E?oc=5,WBEZ Chicago,2026-08-31,neutral
Chicago Transit Authority,"Toni Preckwinkle backs Red Line Extension connections, wins approval for transit picks - Chicago Tribune",https://news.google.com/rss/articles/CBMikAFBVV95cUxPVFpkMEdSUnBoV2FtSHQ0b2FaWDlrRzRGQWlGcFYxd04xRnpkeExqZkdwT2JlLWZRbkVsRVVhSWN2dG9sVTJzX05fb0JsejNieXQ5RGE2clF0VWRIRW5OdEVVTHBOUXM3TnV6Zm00RUJLVm9aSGpXWWtIZlpwWDlzWWxNamt4enpKQkpZVUVhQWk?oc=5,Chicago Tribune,2026-08-31,positive
Chicago Transit Authority,"Phase one of Chicago Transit Authority's Red, Purple Line Modernization reaches substantial completion - Transportation Today",https://news.google.com/rss/articles/CBMi4gFBVV95cUxPVG5vTTRKSV9KOGVuc2JvbVR6U1lqbGVfdEtQMEV1YVJ3UnZNSGh3YTZXN1lCN01kZjdlQmxNcW5sWHhZcm1RQXZQczlJb3NFNEMzTWlMcm5ld3lma1hsUU9QR04xNWJLVmhqd2VSejFRUDNRLVZKVE5tejFTUG5jLTlRZG9rN0tYN3dmODNRTmtwVjNxS3ZadXZKQnZ5TXJJUy1HTXFrNkotRGk0YjdoWVJlTXJ3TlEzVjJpRWsybTJYcTNIZWtPMzBZY2ttbmlZa3hJSVgwSzFxNFVDT0ZaQXJn?oc=5,Transportation Today,2026-08-31,positive
Chicago Transit Authority,Fluor Joint Venture Reaches Substantial Completion on Chicago Transit Authority’s Red and Purple Line Project - Associated Construction Publications,https://news.google.com/rss/articles/CBMi4wFBVV95cUxOcERRaXpLN09FS2xmT091azQ0OHlYRWJIS2RNZm5LcDUtVmVDajg3UDQ2UVZhdENEVnBhNTJZb2puRGx6bUZjQlVqVVdQdU1LTUZqR2t3Q1JCMlFwUTREU2pTa0ZMMElwX3dBTDZlZ1VYdlQ0N011ZXF5QUxheVNvdF9EVWphUHN6SVJjV3NjTU9vcGhyS2o5bm1hbk9uQnlUQldDSzVqNjlGNnV0UWpJWG8tQjQxblZmU0hVZkRlMDBQVVZlTmZQamdWbUFfd3NqRUdndU5YSExQcVdhcjMzZDlfWQ?oc=5,Associated Construction Publications,2026-08-31,positive
Chicago Transit Authority,CTA employee shot and killed in Chicago’s Roseland neighborhood: officials - WGN-TV,https://news.google.com/rss/articles/CBMioAFBVV95cUxPZGpMQnVqLThHNHBlTVVKZ0hma0xCejlHcnYxRnJCYUZOMVd0R21XWnVHckgyY2pjU0pFbEJnNWQ3bzBxRk9tcW9GVk8xbUNwMkRWanhiemllVXBnU2RjVEtReXZfNFpRX2d6djRsdXlTdVduMDRVUWFmTk5lRkxjMWZsYU56OWVsd210aHNQY3B4aVlCTjR6WGhPTVd5NEdT0gGmAUFVX3lxTE8zRUh0Z2tJVzRKTFgzZ00wMHpOYkVOcDBuNGczWURocVp0Zm1HSzVRSGpIbTQ2Yl9jb2poOUdQbkctdGtka0FZLWtDalpxdktJa2FBa2ZfdUowSlpqQkZfbkNnVnk3OHdYTV9qSEZzSDdsLVVNTGtMbVQ2ckZpNERJZ2lqMzNMWmNiY19mTlNpZm9nSE1BNk1NbS1tMXFjamgtYkVvV0E?oc=5,WGN-TV,2026-08-31,negative
Chicago Transit Authority,"Multiple Loop ‘L’ Stations Closing Next 2 Weekends, Riders Should Allow Extra Travel Time - WTTW News",https://news.google.com/rss/articles/CBMiuwFBVV95cUxPdGNWVFcxUFBxWU14SVhjbUxWTHRWeG9ldENISFBhSTBRWGR0OC13NnVNd3dIRFgyT2k0TE14eEMxSld5R0NIY3Fhd1FuTW9KMlBFMk9JTjhsQnlYa0w0RHhDWE50OVIyRzhHXzA5TzBPdTdjRm9PYlEyWFBHSV91WWtDblRIX3lQbGZWNGlXWHdmY1ZJaVpicWlGU0xWQVE0NXBBUWVFTm5ZNS10NDdfT2d1WE5uMk1hN3g4?oc=5,WTTW News,2026-08-31,neutral
DC Metro,Fall Foliage Report: Foliage continues to advance toward DC metro area - WJLA,https://news.google.com/rss/articles/CBMinAJBVV95cUxPQmVua2o3Q1c0WTR4UVE5M3RZdE40b2pScl9qVGlIX1Y4OFVHWnFuT3VuNWtPVzB4ZkVpSVg0Qzlja19UMkNETFRLWU1SeG5wcmdURFJrVEMxcEpIUE5ybG83ZVBvcnZ2TTQ0VnR5MEpJck5WeTZvQVZ3NkZnWnJ4WFdrNHVIbWxMblJpUHVvTHJUX1FVZmdJd0p0VDZ3c2F2OER0RzNReTU4NjZ5elJMRWFVWTNpREppYnNERmxBWXJjMmRmbVEwU2dmWGZMaG9SVWVhOHlkUFN5TVZyZHU5aWFxYzNZTkxhQThBMk0zX1JBM1RHMmpyNXp2MFEtS3RQWlNRVl9ROFEwb2dSOHBDNVhLbTZFeHJJYmpKaw?oc=5,WJLA,2026-08-31,neutral
DC Metro,DC Metro heat wave begins Sunday with temperatures in the 90s - DC News Now,https://news.google.com/rss/articles/CBMickFVX3lxTE9WNE8zUmZ5RDNqU3lzOHgzUFkwOVVmeFk0RTh4WWtKZGJHVTBESkNJTUd3c1VxYkU1ZVB3UUlFVUFKTEhzbDFmenNoMmV4VG5UNmpleWEzQUpWV2F5TTRKU1VYOTJJcEt4dVlCNFc1dTV0QdIBd0FVX3lxTE0ycERTVFZtQklzS2Fhc1dWVHMzamhtTlFRSmlHZjk5N01xS1Jsa0lTYXIxN2pCQ1h2MU8xb2daSW8xdDNmeTZjX0NVV09TX1AtLXNaSXRzZUotci1GYWFwWkdfR0ZIUC1BSnozT0prUEVBaUpTamNv?oc=5,DC News Now,2026-08-31,neutral
DC Metro,Inside the team that responds to all the complaints about Metro - The Washington Post,https://news.google.com/rss/articles/CBMipwFBVV95cUxNZloxLW1YZk9aSUxiQjk3T05SM0ZDTFBmN1haSEdheGJoeXBiUDQzQS12NDYyN1c2eHBkb241VkpfdmY3M0VZN2lUVHl0Z2l0cjRwY3FMLWN2V3dsdm5KSldWa1kzQXBLV0kxa0FyQ1psSXI0a0NBRnF1VG5MZzU2cjltZnUySzZCNXBSV1pHOWFzQ3oyRjF6cUNLeFRjSzhHdy14OVkwTQ?oc=5,The Washington Post,2026-08-31,negative
DC Metro,DC Metro faces sweltering heat and humidity through midweek - yahoo.com,https://news.google.com/rss/articles/CBMimgFBVV95cUxPbTFaMWctSGJuM1lJeGdiOXFiS3otT2Z2Wm9yX0dybzhUVFZVVngySmVxZ0FialJGUHRwaWt6YjZHQVg5dUV2VmpzR29YQXNHNzRsODhIZDdzU09pVUxlSmF6YlFOWkU4R3NsXzBTMUlPQ1BTeTcxaXVmTUhQMC04c2R2YXNqN2F3WlU4eW9PZVJpSG5KemFiT3VB?oc=5,yahoo.com,2026-08-31,neutral
DC Metro,Metro hears from neighbors of the new Commanders stadium site in DC - WTOP News,https://news.google.com/rss/articles/CBMinAFBVV95cUxQZVB4OGlKQVRaNmo1N0s5aUlGYWk1SG9TVFdST0FOSXh0LVBwWng5dUtRenh5UHpyMWRlWDJSVzNQSjZ2Z2tGbWdJZ2RXeGRHMF9nTWo2Y0k5ZHVBeDlvMkhNV1pNMjl3VlpBeXF3REhPdDV1Umkza0pMQjJuS2VFNWFTMWphamgwbVNCTFVtdHVqd0E1cTRDalIzemE?oc=5,WTOP News,2026-08-31,neutral
DC Metro,DC Metro’s Red Line commuters face a summer slog amid station shutdowns - Maryland Daily Record,https://news.google.com/rss/articles/CBMinAFBVV95cUxPU0phaGJsNUI0bUxkWnF0SnFOVjNyNzQxd1JuU25aTzBiTEd1RnBQcWlfMW9WNGZib0R4QjROeWxZUXR2OWs4aGVqTXBfLUpLT2NGMHhMLWJjVHdxdDBqU0xoRXJSRnBxT2Z2STJUeFBNYU5sc0VwX0xIMGF1aVNBMFhxZWt1TjU4MTU2LVdDLTl4TjV0NEJ3V1BRMS0?oc=5,Maryland Daily Record,2026-08-31,neutral
DC Metro,"Payam Music Opens First Washington, DC Metro School with New Bethesda Location at 8311 Wisconsin Avenue - webull.com",https://news.google.com/rss/articles/CBMiWEFVX3lxTE5na0g3c0VBTEpJUGJmU010ZlRoYUZkcWJBWUJWVHBFV05OMWV5X3R1c3JmcjNTN0IyeS04ME9kU3VMaHZsOVIwMF8ySmJpWkVXb01SaklucTc?oc=5,webull.com,2026-08-31,neutral
DC Metro,Pardoned Jan. 6 rioter sentenced for DC Metro assault - FOX 5 DC,https://news.google.com/rss/articles/CBMimAFBVV95cUxNQWswRU1peE5BdUNHTUJpckNmajRIbnAtQWgtbHQwYVpuSG9rUGhEYlZYVUFQU19zTUJkaUNSZlVOQXVXUGRQVE5FU1JqdThqaTgtODVJTF81SkRjNnUzOGNhYS02V25ZWG5BeWFjZDBXeTB2Rk5JdVU1eUE5Wmp0LTJNY2hRSGxJSlI3RG5OdWJZZTBLS2kycNIBngFBVV95cUxNWHNwa1hlUFRiWXZDa25QNDUzZWhUQ2VNU1UtdnFkRmI1NlFuSFd4ZWRlcDd3VS1IOFJzWS1IMHp6UnV6czFGckc1a1RXODFpZTJNaEsybVdsX2h1SkJjTGJpdkh2MUVDVmJsNmFOaUE4SmhZV3pxYi1zQnJNTGVLTVhWX1NEWE5DcUV5elBXenZnSTZuWmp0YmFseEc3QQ?oc=5,FOX 5 DC,2026-08-31,negative
DC Metro,"DC, Metro have three weeks to finalize agreement for stadium deal - NBC4 Washington",https://news.google.com/rss/articles/CBMitAFBVV95cUxOUUhMY2xUVnBUTWxJWmFZejJ2STNIOXByZkVVWk9hSkxIeDNoSWtVU3J1WWdNYUh0RkUxLUtFNHRERm44bjlyTjZ6WkpoblV4ZHJlZi1mRFZkMUs5Ui1NY25mRnVQUUpLNmNpVmNWaXluNUxYb3pubEtRRDN1NVBuWlM3TmJrN0lGd0I0bm1vZEk5WnExRUhrTEQtdFNKM0ZEUmZkSVRweTNHTmpDZG1IRFJpVnHSAbwBQVVfeXFMTk5ZaVdlZjllSmFmTE5MbkY5Ym1QRzVyb1RXVUJ5VHhHTlNvd0VCcmdxUnRtQUlNQ2hLSDEyWnh4VXpyOXg4alozTV9PMnJYdl92SGt0M1VxTENQcjFyME5TM3Y4dFpwTC1IX2c0ei1Wd0huTFFuTDg5UTA5S2xPeHBNY2RIUG9qWW1KVlFaZFpneDYwZzVQb1hRb1FiYVNZSnlQb0RJWmNMLUxqT0R6SHdnRmZZTWlTa3FqTnU?oc=5,NBC4 Washington,2026-08-31,positive
DC Metro,Howard Advances Plans for Long-Awaited D.C. Metro UPass - thehilltoponline.com,https://news.google.com/rss/articles/CBMimwFBVV95cUxPVDVSaWxNQW9OZDdTRFJoUDI3Tl9tdmExakJ5ZWMxb243Mjh6ZHdkWWZqRDZYQ1Jic1lFY3dCZEJLMmhIZEZQZm9jUjhvNXhIUmhNMnhWanNjWHFFQ0hCUXVnQXBFQU8xMHRoeGlNUWVGLXZ6VjJxN3doOGZIWUMxaXJUN2kwamR5aXFKTmNqOEZIV2E4cC1aQmhpWQ?oc=5,thehilltoponline.com,2026-08-31,neutral
DC Metro,"Mixed Signals: A Housing Update for the Washington, D.C., Metro Area - Federal Reserve Bank of Richmond",https://news.google.com/rss/articles/CBMi0AFBVV95cUxOaWNFTTJsQWdWZFNjN3V3QlZDVFNZMy1YZEV3LV9YXzlQeDE4WFBsNTliWjVWd2M1dW1xTUtfYTRGSGRCMEhJa0c1a0ViN0x5SkxTUGxOajE2cXVEaDQyTEpOY3F5S21Fd0QyRkNlaFdsd2FPcjRSbEN6MnloVzJwbXczb285b09vdjU2clVpUGRUcVlSd2J4aFlBUkRwdnFBb2tvS0lJOVJWdWZESjhWR3JROXFTOUd4RlJoUm44XzFkTTJpYkNtS203cDZrMi1Q?oc=5,Federal Reserve Bank of Richmond,2026-08-31,neutral
DC Metro,DC Metro Braces for Midweek Heat Near 100° - DC News Now,https://news.google.com/rss/articles/CBMikwFBVV95cUxNWnlxZlRiaWoxb0VTS3V0NnlxM0JQNXo5MDdkSmdNcUZjOFc0LUtiTVZzTVFBRkJDLUI2bmlWV0JSQzRxbENHSGVNcGNES21MYmpkaERPWEE5RmxMSFhiQWhXSGFwVzUxd0hiRGVDYzBjVXBPZTY3VzZjMGUyX2pnb0FNYXQ4MlpYVzFtdUV4ckd4ZHM?oc=5,DC News Now,2026-08-31,neutral
DC Metro,"FLOOD ALERT: Friday evening washout in the DC metro, some flooding - WJLA",https://news.google.com/rss/articles/CBMiqwJBVV95cUxOdjNFRFI3TDc0ZzJrWWpyVkEtU1NlY3NOQ05mNXNqWkxidVQweGJFZEhmOTNHR2s2RktLenhWQjR4SmpXek1qVGVpZXNQWHl0WUtVNENyQ1ZZWDV5TmlyVmdFTUtQMGtjNlpGRGxpekQ0RzBsUnNWSHhUYjdDWGhweUZILWZXZlJOTDBHM0R2MGpMZGJKVF9mT1FqSmJGX2V3LUt2dzVLRmF0NUZqN0J2aHFhZWJFdDQ2VHVKZkZ3Rm05aHhJeDU4RVhrT1VhWVc4WEtQelZFbFlhSU9UalhJb1lIRndhQXlybkhCNG9Ka1lZemJ3UXlWX3Z3M3ZOcU1NVE9mQklSdzJKSlNJZ1U4dkkxVVAwcGZ4VnJxS2huTHVLd19nNWdpZTZPSQ?oc=5,WJLA,2026-08-31,positive
DC Metro,Metro and IndyCar team up for a busy weekend of Freedom 250 Grand Prix events - WTOP News,https://news.google.com/rss/articles/CBMiqgFBVV95cUxPZHJ1cXRGN0F6cjhoSURZV0dfUllVOVFnNUZWWXF0Tmpyc1o0TXhvRHJhTnNxLXdPemlVTTB3UnhkbTA5NUFWYmlDRndJTnRNbGRWZUVORzBCVl83V0g1QnlZRUNxUEpDZlNYN2N6NU5PbGZJWHgtZERlM2RrcFFPZmRUbk1pWHlDQVJGakYzNVNoVUh6N2xzQ2hhMVhPcU1CTWtseC1lX0xDUQ?oc=5,WTOP News,2026-08-31,positive
DC Metro,Pleasant Start to Saturday Before Heat Builds Across the DC Metro - yahoo.com,https://news.google.com/rss/articles/CBMijAFBVV95cUxNQWhBMm9OQkgzRjg2Wl9LYlc5RzJmU0Z4UGNZNzlCdlVIMGRlSF9QTV9qV0kwTEhxTmVFcklPb0xhaE4zZE15MEY1aWpzWVRxcUw0c1psWjQzYkdEbDIxTF9welBranZ3WjlmWjZFanZRTDBQX1gxV3VZZ2haYnF0NEZlRm9fQnJHU0lSSA?oc=5,yahoo.com,2026-08-31,positive
DC Metro,Man accused of touching women's hair on Metro convicted of assault - NBC4 Washington,https://news.google.com/rss/articles/CBMivwFBVV95cUxNQ3lic0ctSFRCUjFUVW9QRzdtTjFmaGxJME9aeGo0MzhBdUxWM0dIQmtZb0JQRVZ4WF9EcDdEbHl2azhWaUZiZy1YczRaUUJXeElhd1ZHcEJIN3BGV21rQ1M5YWJhNjktbURLLTJ4dnBjeUhJQmdVbHNCaUVKRkN4Q0VQWjRlTXZobFRHQ0VfaHVmSzNMOVRnRTI0S3RvLWlPSGtRU0pIaWZjeFBaQTlwZFJqY0Y3UHdlNFh1cWFZRdIBxwFBVV95cUxNQ3hZTEVmclFKeEl0WkZkZGc4dmtpcXNocEVDSDBuUVlEU29lRFQ3bjBDcTdjWEcwXzhqVVRHN283aVJSYWNNU2dwUmVjWlhsb1A5RS1JMlVmTVpqUzZpaC1LUzhSbkxXdHB5WU0tWjZ6cGY3N2tYUE5aN1RKSWNkeWRxRU5vcDZtNU8tcUkxalF1UFFkb2ZKdklJelVaMURYOFJWdWlZd29IQVExTlhkaHJCTlVoYjRoWmdOV0FPZDhtSXhiVlhV?oc=5,NBC4 Washington,2026-08-31,negative
DC Metro,Pleasant Start to Saturday Before Heat Builds Across the DC Metro - DC News Now,https://news.google.com/rss/articles/CBMiqwFBVV95cUxOLWhyVUZkS1pNR29jTVRTY0JKNExIb3NxQkhhTFpSMkRESHFvZEtEWWJseHRoOFMwVEVhUl9ZX1JKdkVfd3dxYkJIX19iWTRFZ1REY0NvTlNrbUU2clhuemJNZkQ3UVZuSm1sbDJHVFNxZUozbGVhY3VTRkRoRFdJUlAzMDB2R3pnekRJdGVQQm5MQTlVM1h2QTg0N1o0S2JDRjBRcjBIQmZWRTg?oc=5,DC News Now,2026-08-31,positive
DC Metro,DC Metro train hair toucher sentenced to jail time - DC News Now,https://news.google.com/rss/articles/CBMiqwFBVV95cUxOSnptT2gzVHZacUdiRWlHTmtlWmlmd2NsVUNjNUZmMlhLTmhXczFjTF9DSzBtdVhQaEhicDdUR2ZNV1ZWLVdNdXo5S1dfUFBEdU5jZVNpMzJ2NW1pM2Iydlk3REVxQTRCRDd6YVd0Mm9CUzRteHNqd0I2ZUQ0SmZOV3IxakNvcTlHUVBjTnVRREotdlhkOG9qZFBhV1YzalExR19kdWRJdFlSSGfSAbABQVVfeXFMUEw5cTdBSEdkWlFJNE8zVzlVVE9Zci1UaXNoSm9kSWdoM19IWGwzUVR0NFFHNjF5TnBuR2t0TElqaV9jLWFpZ0FWdVNkblgtcmk1U01MckpMQ3pHN3U0VVBmVS0zUlpIdXRTdUpGYlVNbEFtMm1OSG4zMDJJTmFOeEJGT0l5c0dnZFRqNHJYeDNmc2dkdWFlMnE0OVc5N3ZMcmpaVUp1dDVyTGlZd1FjVU4?oc=5,DC News Now,2026-08-31,neutral
DC Metro,Family Details 6-Day Nightmare After Son with Down Syndrome Was Found Trapped in D.C. Metro Station: Lawsuit - people.com,https://news.google.com/rss/articles/CBMizgFBVV95cUxPZnNPQmd3UGFmVzhFZGxRYV81cVZ3T2l2Q2hSa1V0NDFXSHZ1Yi11bmRvcWtXdmI0bHJkNWx5UlF5TTdmc0oxWGRheGp6R1dvQWVqTDNoLUZnVnVfdjNCOUJiTm1xeWpGTTlpVmJZeDhWTlAyalFibmN1TklBYU16SjhCUDRVc0t5U3QtQjVVMkhrWmZORFdqcDhaQ25BOXVLVm5vWUFDcDNKWjY5X1RCMjFYMlhaYzFWS2FHc1llRWUxUV9Zb0JRMEU1MXRHZw?oc=5,people.com,2026-08-31,negative
DC Metro,Most Metro Fare Evasion Cases in D.C. Are Thrown Out - notus.org,https://news.google.com/rss/articles/CBMiXkFVX3lxTE9NcENhOWNRdGdldFBNTVc1SV83SUdYQVhTNWJWOUItYWpKX3VKTVJMeVpaSl9JOC1WSTljR0ZqYml1eHllSFYtR2h2NHF3MjNaQnVBUUVaQmkxUlZ4cUE?oc=5,notus.org,2026-08-31,neutral
DC Metro,DC Metro train hair toucher sentenced to jail time - DC News Now,https://news.google.com/rss/articles/CBMilwFBVV95cUxPYzNLNW1wT1BaXzdkTTVvQ2dKajNzMDRSN0o4OTBZVFA2dVdBbVRVVHVEQmNqMjhKMGlJYXptSDlrMkRMUk80dzNVSGh2NDBjZ3JnRS1xM3dDdkRLMGhzSzUwVk9ycVdYMVpoWE8zdjZjVXJQYjJVOXdhSFRwNFp2N1NUeVBmamFmTlRTMVhsYjBHMUhUVDB3?oc=5,DC News Now,2026-08-31,neutral
DC Metro,Metro prepares for large crowds on Fourth of July weekend - DC News Now,https://news.google.com/rss/articles/CBMipAFBVV95cUxOWkg4NkZfbTJnbWtRcHBkcXh3cTV5WFd5WjVpVnJxMmJMVGg2M0V3bkpMelZtMHBTeDdXbnhyUjZKOVVLaUxmUER5YkRoUWJYaktwcFo5V09RTThWc3RfLVlXNnVrLUFUZ29QVHhqZmtvam1uQ2hSN1FIeGJadW5vZWozalV4dmZIbVBBd2hkeXB0M2xxVDZuZm9fbTM4bHBXbjY5ddIBqgFBVV95cUxOaHJSS0tFcWtGcFlaZVNrYnZScWVkQWU2WFdlemwwLThOYV8wdUJGa3ZLMG1TdDcyWkRJdk14UXRHa2lKNUdNQ2pGcDFjMkVTX2NtQ2JsYV9oUGowS3hwS0tMZWlhS2c4UXpmaE5COW9uV0dEU2FfU1JkTWlCaWc1aXlGcFNLaDBaaks4VkZra2xoN0ljcmRvX2V3dUFjNS1USmxqa2xrRkY2Zw?oc=5,DC News Now,2026-08-31,neutral
DC Metro,Top Prime Contractors in the Washington DC Metro Area at the U.S. Department of Homeland Security for May 2016 - washingtonexec.com,https://news.google.com/rss/articles/CBMi2gFBVV95cUxOZ0VXdVpkb1F0eGEyQ2pXdWoyVUR4OHlkV2otaXRhMTNXLWRJMkRENmJpTjZ0TzJhNmxUakMzdEEzbnNCNGs3cVAwWWFTV2VubE5mZXk0VTN4VEtZR0FlU2pxQ3lFN1ItLTQ0OXZCc1VycXA4LWREM21GQWctbWJ4aDJMTEJpSE1OTjdKZFY5bFMzXzJtTy1tVUNSRFVRUHJrem0wOE51eHg5QTRKMkF0emNhaFZBbDVvVEczYzRRRm5xa0QtZXNqWEpBcXMtZEJuLVRyVU4zeEtzQQ?oc=5,washingtonexec.com,2026-08-31,positive
DC Metro,Why DC’s Metro Wants to Automate its Trains - Bloomberg.com,https://news.google.com/rss/articles/CBMisgFBVV95cUxNbEpRNWhsWTM2THVhbGdIbWtYMG0xV1RjRjVOSUxnNmFLdS1lOVdtaC0zTXBPQ0p1bjU3Z1F3bkpfNXRNVkZRblBRSjRDUzhaZ3lTNGgwaHV4LTBIb0Y4OU1pNUFhR3VreWtQV09LcVFJZ18xclFwM0FKZTNSM0hrVkRuN3JGYTBoVV9HVHFfdXhmY09hRDJhRWROa1JBMGRoMFRSVkhmczJnU0IzTU1aaWZB?oc=5,Bloomberg.com,2026-08-31,neutral
DC Metro,Another Scorcher in Store for the DC Metro - The Well News,https://news.google.com/rss/articles/CBMihgFBVV95cUxNT1FZM09BbTBxcFhEMDlRRTZGcTNjdGxjQ3ZEa1RoX1UtWUxibE9fWHZhZmE4dGtxTGJ1NG5xWDdRQUZyRURMM3dtUDlfbF9tM2JraVNzcHNrQnByX3BhVFlYbTFyRHhTcmlQVlkzZjBHeHplVEhyb1cxcXZBRWRZR1hnNzNuQQ?oc=5,The Well News,2026-08-31,positive
DC Metro,Flood watch issued for DC metro area - DC News Now,https://news.google.com/rss/articles/CBMie0FVX3lxTE5qb3E5QnZxdVVDc0F1T09laTFNMjVmN1ZKNVRMY2xaTmxwTGZPeUNPMXplbUZuVU0wQ3FfdUpGeGN5X2ZSVGh3Rl9OejdlSTJ6cEktdjNWWkFzdHFXcDFkbHlfTlBRMFhPcEJFUU9qMmhrclVQYVJUdWRfWdIBgAFBVV95cUxNVmlxUWxCUTNId0l0ZmxrLWRyNnhkalpBSWFFSURLWS1fZHZSS2NfSUxVWm5nTTBscU9QRS1DaHVDM2N4M01PODlabjJhNEhKSy1wSDljbnBNX1hiY05wWmdiajN1cWsxTjluQWx4MlRWOGJfRlMweU9vZWJYQ1RsZQ?oc=5,DC News Now,2026-08-31,neutral
DC Metro,Metro releases commemorative Freedom 250 Grand Prix Smart Trip cards - DC News Now,https://news.google.com/rss/articles/CBMiqAFBVV95cUxOUndmdHNHdS10X2dIRGJxTVNRS1dNWmRwaUEzWExnbEk5b2lDOWdYYjJ5X1Rici1JaWtvRW1Ea3pfZHllX0lSM0xEYTdOUHNzZXZVNmUwVHUtVEJRUDZSZ3dVWGVOQUMxSGE2SHN4dVZtZXJ4YkVFU2JWNTFUc0JvVUhWSDY3UWJuRDB2LUF3SXNjUlVOcVFLRU11SWljdFhUQTI4d0FRQVXSAa4BQVVfeXFMTmcxeGlHN0dwVDdaOWdXaUJmVHMwQ3hZcFVnU0JMOWg0cFFqYmpieElaajRsel9vUzQ0ekh1ZzlVVGVpM0dHUnRQX3h3U0NGSG90UFVpaWs0Um1BY1U0VGJfaDlFLS1LNW9Xc3RPOHVuTmdIMkxYbi1FNkRPNnJkVVhlVFFySGVVTko1SF84MVBnLW85cTlONmxGN3RMaEJJZ0lSaGhmdkRTSThYMGh3?oc=5,DC News Now,2026-08-31,positive
DC Metro,Using Metro to Get to AMCHP 2026 - AMCHP,https://news.google.com/rss/articles/CBMib0FVX3lxTE16NUxSeGJadmIzbFdCU3d3S0w4QUg4NWRwZ25FYkFhWDhGZjJIbDhFZFJ2djluQ3lodVJ4b2NtT3pNYktFMmlFZFJZMjlON2FHS3NKZkZWSC1rLW95am9vMy1taUJOLVZCWE5TLVR6aw?oc=5,AMCHP,2026-08-31,neutral
DC Metro,50 Years of DC’s Iconic Metro - Washingtonian,https://news.google.com/rss/articles/CBMic0FVX3lxTFBJZTdleXhOVUNuTlU4Vy00OGdRVW83NThLWHZDeG40Z25RZ1ByblFRaTRuNjJyaEhyRjZmOWtPVThKNGZ6dWNLeF9tb3RYby0zcUd6enh2YkRwQzhHRi1NRjU4U3p2UU16ZENKdG9WU2lKdXc?oc=5,Washingtonian,2026-08-31,neutral
DC Metro,What It Takes to Live Comfortably in DC and the Surrounding Metro Area - The Well News,https://news.google.com/rss/articles/CBMiqwFBVV95cUxNNUU3SlhSMjV0ak9aelJtRFBnd2RpTFZlR1pxQ01wU1BFaldvOFB4aUtaVkFBS2dtdm1XX3ZUN1dLRVV3V0kyZ2Z5NUNIMXNUNlJLa2dtOVZIdHhLTGRlVDZsSzNpS0ZFWl9rQjlNd1NTTkRKUUFpZ3ludThmTjR4LVRqWVhrN0czYjZ0My1xUE12Rk1MLXNkeTE3REM4WVJrdEFQMkkyY2QzU0k?oc=5,The Well News,2026-08-31,positive
DC Metro,Metro rider recounts encounter with Patriot Front members in D.C. - PBS,https://news.google.com/rss/articles/CBMinwFBVV95cUxOX2dDN2JfeHoyWDhlc1Z2VWxaWGtRcEJab2FibWRHNnZsb2hDME1YVVgtU18xQnJKelNYdmxFclhJTWpLY3oxVU1rcWk2b19VRHBnQWhWUHl6dzNRRXl0dzlldEZJV25ydUxWVUR4SkFVWEh1RUlTT0ZXWWhRU0JiZlZvT2xRWG1xdDZXZTZFSm5ucGRKNlJCcWE4aWZqelU?oc=5,PBS,2026-08-31,neutral
DC Metro,Metro releases renderings of new train platform doors - WUSA9,https://news.google.com/rss/articles/CBMi4AFBVV95cUxQVTgybV9jNm9jTlMxUnR3TXc3Y2VZT19fWEwyN09jYzdWcUo5ZkFxVk14MHBncVRoa0dFUk9sdFZqaHk2Z2dFZzRUMkFqTm1ld3RVblNfOVBaaHNqRWhpbENINngzSE56blpoeW05S1M1RWt0YktDMTU2MVRUMWJlWlM2Y0ZENmNmdTljVmwzM2FWdWltMmQyX2hiV3dmd3FLWjNxSjAtTzRsbzc5M0pGNTVDN0hVU0NtdFJhRlgxd1B3UkI4V2JmQ2R6b1RFdEhwSGlqNWV1NWQwUDJ1VThVdQ?oc=5,WUSA9,2026-08-31,neutral
DC Metro,"Chart of the week: D.C. metro area population growth under 1 percent in 2025, lagging lower-cost peers - D.C. Policy Center",https://news.google.com/rss/articles/CBMirwFBVV95cUxPeUU1Wkd2TWZXTlBOZHhmMVlGYlliaGVzRnJrZGpzWjdTZFlCU2Fscm1URFo1eGE3eUxzY1E1Yk9NY3BwSG9qaU5ZYWVxZWxjTFpHbUgwWFBxeUtHclRCQmZZX3hpUTBONTNwaGNudm1kM0pxNVZUVk5pNUhmVk1KTWtfenpqazlJdjJTYnE1VXJoUUdNdnVaS0R3WVlvVHpKSzFJNU9mNnpqUTZBNkgw?oc=5,D.C. Policy Center,2026-08-31,neutral
DC Metro,DC Pride is this weekend. Which Metro stops will get you there? - DC News Now,https://news.google.com/rss/articles/CBMiugFBVV95cUxOcGE3QU5aM1p5NEU0T0FhOG40RW5KZEJINVc3cnd4YWo5bGo0Z2VxYWJzbVc4QlN3a0RIdVlkaWp6YTNhT3VQSXI5d0lLcmFFaW9LTWpTUEg4aDQ2Y24xb0ZNN185MG5kcjJaazJJN3VTcU5zNHJRNFNwZGlvS3o2QVJuWkpzQThKSWV6b19VeVJhTjZrSDhlWTlrYXZZSE96c3MxbUxabG9lVlBLMndmV2dwTHJFeGgxaEHSAb8BQVVfeXFMTlNmeXJCUUFPdEt0YTU0ekMwLThTVHg1ZVc4Rmp6QUktNF8zVExwazFwM3lpLVpSOXF2aV9xT09CUk5jR3VDSFNRc1AySi0tVkJTczFmNy00UTNEQVUzT3UwSG4xMzY4UUQwS3c5d2U4NzZhTHktNGdnRHE4ZmVtaHZpc0FkU1VNR212cDkyOEZBZUc1RGx2a0VXQnQ5VnByQkx6QU1fMk9pVlNYQnV6UjcwanI1TDR1QWpHbFgzOE0?oc=5,DC News Now,2026-08-31,neutral
DC Metro,DC’s Metro Wants to Install Platform Doors and Run Fully Automated Trains - Washingtonian,https://news.google.com/rss/articles/CBMirwFBVV95cUxQRWhwZzVDeFZHRlhJYV8zclgtSGRLQWg5SDU3cG1aN1ZWdWIxcXpDWGRGQ0dTS0RuVnFOYktiMlFOc25oNHdyakZ5ODlOSzhUQkdxUko2Y0ZSV051TmNVSHI2YkU5a2F4OE00Ti13UWZ4QXJKS29LTVRURHB3R085MWkxY0FQaDhaUllEQ3N3bTh4NUhWd1hHbU9zOU5WMGRVYU1wdVBjT3dWajlSY3dj?oc=5,Washingtonian,2026-08-31,neutral
DC Metro,DC Metro crime drops as fare evasion enforcement surges - FOX 5 DC,https://news.google.com/rss/articles/CBMiXkFVX3lxTFB5QWhFdHU5SWN2OGpVazJOeG1QVDhCQjRDbHQxc1JLcE5RX3B1NzVfemRYVnZZcXUwNXV5Sk50bzNsQkxkWl9lWm5qYlp1R0VvV0hKZGlDQm9MUmcySFHSAWNBVV95cUxNb3ZFb1dZb1BkeEltU3FjZXZNVW9OZ25CMWo1anhwQ0JHUGcxVGp0SlVKMmVTcW9reWhyYWdwWGk5RjZUMFZHTnFUSkRLejc2MVFId3V0ZGtIeUdVd0E0YUJlaDQ?oc=5,FOX 5 DC,2026-08-31,negative
DC Metro,Metro details Red Line upgrades and upcoming shutdowns - FOX 5 DC,https://news.google.com/rss/articles/CBMimAFBVV95cUxOVVRsSlNIWTZ1NTdpWHRVd05YRlZFMnpfaDhGbzdjWEdnTmpKSGpNTXAzd3AzMFVieTJrTk53Mlo3R3hxdkFvT1J0RTc3SF9kX2t3X21XX09pazg5cmNZaXRMTUd0YmVULThLendXNVoydjRvcnFJMXQzTC1MNExCNlU2RENITUVzWGE2akc1ckFMOGVMS2t0NNIBngFBVV95cUxOYnl3M3BFRXNmaVhuekxVUDhDZ0hnR084SDZ3TWxlcXQyRVdVYUNwSnRacmM3ZEYtaFVQZHlKWnZmWDRVd3NLaGUxNVN4Y1hBbjhjREg3cDhPREJ2eGJYSzA5NkQ2U25GV3BZWjlrRkQ2WUZvVThhV01CcXBiWHljQ1NZUm5QeldYR2FiY2V0WWlVanp5eTh4NjRLY0d6UQ?oc=5,FOX 5 DC,2026-08-31,neutral
DC Metro,"Metro police issue 807 citations, make 51 arrests in fare evasion crackdown - DC News Now",https://news.google.com/rss/articles/CBMiuAFBVV95cUxPSWJFN0paaktOV3RnRXcxSnRZRm5tdE5UMkdpcXRtSklrUjBSaDhBNG5sdzhDQnZLbDNJNTRIVFFJNGNGM3JkN2ktZ2xrekU5M3BjX0RrTUZHc2hPNkRpM2lIS0FETWNPZFY2bFZ0WlY5dFJOZFI4VHpoc2E1MUlUNFZxTGk2ZW56WTlTakxYelljSkEtc0VGRHhsbVREVEliYklOV2JfXy1Ed2VWOUs4WEpEdjM3Vk1M0gG-AUFVX3lxTE0wYWNwd2xrRXRiTVI1UHJ4ajJjTnRTbm1NaG13cUJmV2pNbGdzWHhWdzFpbjdrRXlOZnNjOWJ4S2kwckxoSWNXZS1xQU1YTHNfTGRWZmppbHV4eUxGQkFuWHQ0dmtpcnhhaXg2Tm1NenMzTWJESXpqdlgwenRDOExQektiMkRXZmFqQ2swbk1MY1EwOTZMVEhRVmhpX0RXeGdkWjdkYVhBRjZIZTVCdGd4WFNOYzI1Q0YtNUR1ZkE?oc=5,DC News Now,2026-08-31,negative
DC Metro,"On March 27, 1976, the Metro rail system made its first trip in Washington, D.C. Over the next 50 years, it clocked more than 7 billion additional trips, according to the Washington Metropolitan Area Transit Authority. See photos from over the years: - facebook.com",https://news.google.com/rss/articles/CBMi3AFBVV95cUxPQml3MjE3TWpmQ0RPMmhRTzVLZi1qNzFmMUdYTDBIMnlwR1RLRnpLOUtOanlycGZFNERWS3BPa1U1UW5OMDFIVUJBQ1loUFlDR3NKTWdXNU82clJrNmRydTQ3REQxeTY3cnRRUnBCRGdhUTNBM3BfbUlOVHN0dU9SSlNUQUFlRzFlMF8wNHZUX1ZlbWNneXVIek11b1ZZdHRlLU04RzdSRjR3ZUxDdnN4VU5QWEU3VDFVaW5jeHR0bDJCcVBFRVJVekRRck55RGF1V3Mtc1hNV3Z4cm5o?oc=5,facebook.com,2026-08-31,neutral
DC Metro,DC Metro crime drops as fare evasion enforcement surges - FOX 5 DC,https://news.google.com/rss/articles/CBMidEFVX3lxTE85VFU4VUQwOVA5eVRCWmJEYk9Tck9rSFNocjV6UDdKSnhnRTZISno5OVV0RzllOWFoeHZXdEhJWG0zNFF4LWJQLTAxTzlyY3I5bVFmcW5TVGVMQmUwZUdxcV9XY3pRTWFFa09EdnJUZWdfVllN0gF6QVVfeXFMUHREVUx6Tk1Jd0pzOVFaNWVtSkpBUFV2ZV9TVDd0ZmZFczY2S255WHdnVVM1Tmx3WlUzY3I5TW84VldtMklxVXludWxjX0RUWnJ1YmM2LVJ0RmpXTzcxVjkyTXhlUDh3ZDhOWlBZRVc2a3pfa3ZJU2lLaFE?oc=5,FOX 5 DC,2026-08-31,negative
DC Metro,"Metro announces upcoming service updates for bus, rail - DC News Now",https://news.google.com/rss/articles/CBMirwFBVV95cUxNcThWMjR5aVVhdW5xTGN1UGhKVnRyOGtiT0RmM0w4VDNFODJ3MldPTzVtNFNXQ0FBcTdMM0JSdnhtc1FVeTVNWVI4cDJ6MVVFcFRmOXd1LU9WUy1hQVZjZG1tUHdNaDJmNzFBQzZzdGVBMEZDUEZmdFJEa0pITFlQNzFjWUQ4NnRQWUpoRWV4aURiVkZxdDA1NXIzRWJDdFRIWHViV1UzLUxhc1otSFlr0gG0AUFVX3lxTFAwRWRabnI0WEVUUDk1T2pDVGNBLVBsUGpuY1FNT0hMTmI2Mm1oTmlNaGZfcUdIdGJjOWQ5bm5aS2ptbDRlTE0yV0ZjVEx0QVl4NXhIMzFWSkxTNlhTeS04Zkd3VW5OV19FNjlPSDRlTDRuM2wzdk5mMFpweVpxOWlIanNkNENjMk1oOW5CVkQtZ0VuZlJ1a2RWQVFkblhEMXUya1QwQllFNTlaSl8xeklCTVBjRw?oc=5,DC News Now,2026-08-31,neutral
DC Metro,Red line shutdown begins Monday between North Bethesda and Friendship Heights - FOX 5 DC,https://news.google.com/rss/articles/CBMiowFBVV95cUxNZVUtT29hdnBoNzU0ODRBbi1HS2drSm92clRqaXc3ZWlBTEZ2ZTVGUTlxNllrRW4ydThfM0lldW1zV0QwTWZpVTFuMDY5dTZhbXVBYkpMLU1ZQVowQy1JZnVFNUtlQkR0Y2xFcXlqdm1wbi1BV28zeVlMUnV2MmFDczZtenk0c3NhVVQ5LWtpcHR2RGZYV05QVFlvNUU2QzkxYmpB0gGoAUFVX3lxTFBrZ1F6NVdfOWxHd3IxaFl6TU4xOTI4VWczVUlkX21ic252d2I3Yk1mNXJncFM2NnJaOV9USnhjT0E0RFg4TU1kRk5VYUQycXM2Y2hYTGlpRHItZjdnUm13MG1aeGkxMmcwQ3NvZHRSOVdhWDJuNGxHOWo3NGktNFQ2QTRxYVFHSTJBR2FHMFFoQ2hUdXFBNVE0bWZWQ1VlM1VmczFCaldOOA?oc=5,FOX 5 DC,2026-08-31,positive
DC Metro,The DC metro area is getting its first en-route electric bus chargers - Electrek,https://news.google.com/rss/articles/CBMiowFBVV95cUxPT1hQc0RYTUxMREt2VmMyOUxDOGFKQ01xTXVMRlJkWFNVUGI5YzNRZ2RZR0QxZVRtS1RUZnNjeW1rdjJxQy1rZVpDSEd6Ui12V2VDMzRLMkllRUtvT3lPd3RUczFyVFhKam5ROHlTWGJ5QWthSjNWWEs4U1NIdUVWZ2pnNkdJU3JCbWhpTzZKRzhtbERvWURzcnZHOTl4NjNCb3dF?oc=5,Electrek,2026-08-31,neutral
DC Metro,"Special edition Metro card, wraps pair with exhibition at Great American State Fair for America’s 250th birthday - DC News Now",https://news.google.com/rss/articles/CBMi7AFBVV95cUxQTy1lRXlKQXdhemI3TGxvYXlpZGVWX1B4blhGa0hVOVFLT0hKemZlOHVlVC1McFFFamJMa2E2UHBybEZpc1NXZzhtTlc3WTNxNFdxeEpMMnlnRkp0VDVrSnBsLURPRDlaTmNteUtjRjZ6VkpTYmNsa2dzaU5lZWdORmQ1Z2dNX1JIZlViblJIbXdkWEtFdzYyVXNaRVJrTkx5MmRVbXBmQm1MZFhLcXFQN2RYbXhaQXBQZ0tqS09HU3ZmbnB3MjRqcGJBTmduR1NXejFzSE10VkNzVmo1UmJNYnJ1YVUwbng4RlJkWtIB8gFBVV95cUxQb1k0ZHhEdlp5cHNHQ1VnS3BRMGhJc1pWcmhoRk5Ccjl6T0pVNmc5dGVfcWlhYlhFcUVHTkdWRnRuVmJiWkMxMXItaENwLV9yY3pfRmhZVkRlWk5Pb0JkbGwyR0tXSkc3RVhXSW9tcEVfNDNwVkR3Wkgtc01NZEpDYzhnQ05wNTF2eWg5RkRFWUxkLUVDSC16UmxYSnk3b1JtaGotY1dsMkN0QloxcVFIbjF6R2xLMmtUZzg5VVNhZjFuYnJoZWlRLXhrdS1QWm43Y3hUMmY2SzJWREk1cWc0aFBpZ2t5SVhkdWExRVB5aFFRdw?oc=5,DC News Now,2026-08-31,positive
DC Metro,DC Metro Red Line closure is underway: What riders need to know before the two-month shutdown - Secret DC,https://news.google.com/rss/articles/CBMiW0FVX3lxTFBhbXhYS0x4NXVZaFlENUZrVnM4cUdxNmtFbEtscHZoUmpLQWZjeFJndDJKNmthVjdGNzVMbGdzUUVnaXhiTDllWE1ZQmZ2aUxtQk1ZdE0wamQxT2s?oc=5,Secret DC,2026-08-31,neutral
DC Metro,They Wore Masks on this 250th. She Didn't Need One. - Civil War Memory,https://news.google.com/rss/articles/CBMid0FVX3lxTE9nSHJhTWlVUzNUQjdwQzJjVVpTU1lXSmtiZU0yU3ZqcG8yakx1S0hfbUxNTm9XMkxBZEZRS1ZIVkp0VWY5eTM1dmdRWFhBc0VHdGdsMXhqVXRWNUFmRnRieVNBbnBTci1aSUFjSm1GZHhsWEFpb0Z3?oc=5,Civil War Memory,2026-08-31,negative
DC Metro,Pardoned Jan. 6 rioter sentenced for DC Metro assault - FOX 5 DC,https://news.google.com/rss/articles/CBMiXkFVX3lxTE9RY2Z3amJDSVNUalI0VXI5ZGFuNTlrTUg2OVlzUFZNNVpxQTJHcVZleXJkVU5hVDR4OHFiM2UtR0VRTExkTlhxQ0JoQlhBZzc3NHpGVW1jY1NWT21CTHfSAWNBVV95cUxQaG45NURIV1l2QnJSMENfMDNPODJUM01POGVyaGNxRkZhc0h0Q1BINnhQV3N4QnY5Znh0QkxPeS1leFluTm5HNFRTNXBqWmZpVHJrZ0VmTUlablhxa1BvdHhsS28?oc=5,FOX 5 DC,2026-08-31,negative
DC Metro,WMATA releases list of major disruptions to Metro lines in 2027 - WUSA9,https://news.google.com/rss/articles/CBMixwFBVV95cUxOUEdtemJkdlhkeU1vbTJkRm05VWdRZWpCZ1ZDTmZKamZDRTFFV09DZXRvNFVfbG13dXljeDRvWk43bVdSY0lPRE5CelE5ak40NzN4RmNxSXFqOEhqNkF0eXd5YTFhSnVvcFYtVml1Z0xtUExJZmlkbFk3UW1xOGtMNHJ0UUk3UWxaM0s3SEkwV3c4Y25ETGh1eGstSDJNUzRjWVVSbVg3WndScmc4U0xTUHduTzhZNEVpVkpUT2lIamRCbkNFNmxv?oc=5,WUSA9,2026-08-31,negative
DC Metro,Red Line shutdown begins July 6 as commuters brace for major summer disruptions - FOX 5 DC,https://news.google.com/rss/articles/CBMiogFBVV95cUxOaHNnQk5ULXhWM1BVU0VrQUh5bU1pRmdQN2tRZUdSODFpc3lBUFZ5UmdRV24wbVBkZzFoRWlYcW15OV92S2diVWVYSWtkX1d5cDV6ZllzSlFFc0FTQ1BOU1ZIbjZ0V0xkYmlLc2JkRmc5UmhLTDN1em1kTWNLLVdxa0FYYkJjLUE0WDZuZDJ0TFJUU3Boc3lnUnlQWnNvZng1RFHSAacBQVVfeXFMUEZtWXh6VmtEWktUN29JSjVsN05lbnZNTXh4b0pzOVhjbTlLMHItSmFqWGIzbmQ3QTF2b3JoS3JzOTEtQnlsQmZrc2NCUUxiTEZydWhwVkZXbDJYNVk0aHMxZWhhN2tMcjkyVnhZSnJNQTh0V3oyTm1WemNCRzUtNTRXcVUzXzZNSTJWTkl4OU1kSG9YSkRNVXBheEJxR1AtV1JjdjVCLXc?oc=5,FOX 5 DC,2026-08-31,negative
DC Metro,DC Weather: August begins with unsettled weather - WJLA,https://news.google.com/rss/articles/CBMixgJBVV95cUxQdG1JRE0xQTN0X1JQby16V0l1NUg1cEtXZ2t2SWJJdWgySS12cWFBZnJCZ0FISXlncG95YmEtUFl6Z3lrb2pmcnNRWXRjTlFEMjhiV3VWbndxd3I0bmJVUzQzVG14bnlsZ3pBRDUtTlNjWUVZbXZHM0RvN0lYbXZFVkQ0eHk1TTVlWGE4WWtRdnRzSXVGa3hZV3h1TEpMQlQ1T1hBU3U0RW5yc3BfbkJ6cW5IWXpMdFVITHdtSjZSNFJkWEd1UkhPY3F6clktaTNGWjRkRGFLSThtdVNsWHZ2NnJJOWtrSlFWaVdmc0FYb3FDRi05dEozX1BfUlI1N2Jjd0VGVGhzNUdTcFI0OXNhU0NfVGV1Nm9tM29TeVg1TUpwLVAzM3F2a0hPX0VYcVlpTTV5VG0tVnc3X1ktWktmemVQd0pyZw?oc=5,WJLA,2026-08-31,negative
MBTA,19-year-old dies after falling on third rail at Forest Hills MBTA station - NBC Boston,https://news.google.com/rss/articles/CBMihwFBVV95cUxNdGFTeDdSMm12UDhLRzFCemx1TzJnUGc2S3VVT0hsOXJQZFp4TkFfYS1PMFZMNVNZVjZsZTN6SlhZWncxY2F4NTdZQktfX2hHNGNsd1EycXJ4YWJ5NlREX045UUZOalZRblNoQlFkOVVYYkIzNm8wZC1wX1lsZ1FRaUotcUVTN2fSAY8BQVVfeXFMUGVqWnRjdERjRG5oalhXYTkzUWhxMUNfaXYySXVhYTk5TjJZY1FIVFI3by1DOWF3WDJlb0F2MUxjRkFZT0VDOWtCNC1DNHJCQ1Q3ZkJqSG5jMTJwYkh2cm55NmdzZUxWWVFzVVk3anlLNS1xQXNFQjNXRVAxR3R4cGFxN3lJbHJWUGxDSXdxNzA?oc=5,NBC Boston,2026-08-31,negative
MBTA,Video obtained by NewsCenter 5 shows Green Line crash - WCVB,https://news.google.com/rss/articles/CBMiiAFBVV95cUxPSDE1VXc3TTlsU3JpU2dFZHJ4SW4xMlZ2RjRzWFQ3SjVnQnYxSkFKTU9zQ0VVSnRfLTdfM1hUMmZYTWktVjV5SXF0QjVsNFJVcm1teHlYMTZSN3hzRVNyNkZ1T242d3dtQVZ6bjNSMzhSNjZPUi1WUGcyWGN2R1FndTFtMlpPR2hs?oc=5,WCVB,2026-08-31,negative
MBTA,"The MBTA is implementing three new fare pilot programs in 2026, two of which begin on Sept. 1. Policies intend to make transit more affordable, easier to use and flexible for riders. - facebook.com",https://news.google.com/rss/articles/CBMi2wFBVV95cUxOVzV4UW5NVE9iR0tRcHN4MEk2Z1VjeGg5S1ZiVkVQallDZl9VYUJMdTlaSlRyVWd0Um5VRE9jQ1MybVVQOERPWXNvVEgxVEszMFpCRllxbWpKSWt4alJ4X2tpeHgzYWZmbnU3OElEaGtCR2w5eGVQV0JnSWhjSUk1VExfQVl2YV8yUVJ3LTlVWjU1T2ZKSk04b2V3WFRqUHJtR1Y5VXMtNGFUc2hMWnNnVTliOVQ4aVVSQS1VYkFkTVNscTF0TmdMTWFUMDNQMUo0RGVDVVZRbHRRTkk?oc=5,facebook.com,2026-08-31,positive
MBTA,This $140 million MBTA project could be a big deal for commuter rail and Amtrak riders north of Boston - WBUR,https://news.google.com/rss/articles/CBMiqwFBVV95cUxPbnNTY2tGMzlDR0RXTGZuQWc4bllzbVJHbVU5cjJjdHB0dzhjYW1zMG51YVpSUFFOcFEySFdrQ3g2LTU0LXBsdDJoVXVWR09yenRaeXZiUjFWeEtsalpTV3VydjkyV2pNVmRMZG5aY2Z4MTdkTDNWSTNIWkZ1WkI0NTBkSTVqaWJiUWtEalNidks2NGt1X21mN3R4dXNhU3lSYTNPOUZJQldfem8?oc=5,WBUR,2026-08-31,neutral
MBTA,Family mourns teen killed while trying to help girlfriend at Forest Hills MBTA station - Boston 25 News,https://news.google.com/rss/articles/CBMi4gFBVV95cUxQdGVEZmVOOGpjTVh6REtWZ1J0aWdDX2RSV3Y2a3ZLLThFSXFadlFueXhqWnRKUnliYXBSWHRld2cxbEwyRlhRbTVoZkhRUkh0N25lS0FuQ3pJeEtnOUJPQXBVU2NuSzhMZmZVejNTQmNGaHJjdTcwOGd1cmhjSHNTSllRVDUyZGcwVlhfeHRXLWg0OVRYOFY2TVBkRVAtSWdGQ1ZhemFBRjZsc1V6SEFZSkljNmZEUm9WaEtSbV96ZlNqNFNBbGJBZnU1bXdLS0JKRFBFVl8xLW1wRVgzZUk3TUhn0gH2AUFVX3lxTE5DRDAtR0JZTjlHWHpsTExZV0dzQ0piY0NLSUFfTzZWZGp5MHgweXhIX2JjNGtDSGxYcW1DaE1ZV1lrV1RKTzhSWVRHNGhwZE45TndoS2dZZnhwQ3BJTTBFaC0zVUs3Zno0UndrWjZDVTBTWGlxbHF5TkdlcTFOS3MtbVN6ZzZMU21vTWdqSGVFUk5wSjlyRFFTQkVmTGFaY01PQUNYVHBBVGROTGZQT2xJSHhGMUIzallDaldDNDVBVXdsZ05zdXg1b19RN09JZDdveTBWc201cjBCWUZTN1pxeXd4U0REVjBQUlBrS0pKNFpoWTJHZw?oc=5,Boston 25 News,2026-08-31,negative
MBTA,Man dies after falling on third rail at Forest Hills MBTA station - NBC Boston,https://news.google.com/rss/articles/CBMiwgFBVV95cUxNQjA5THVwRzBtbnlZYWNxLW1oYi05OTdpQzVrOEk0eUhvb3FCNXFHQW1kOVg4SG5wX29fWnllX2ZMTGhUeDFxXzhNbllnTVN0M0ZTWlExNENtWHB4dDBEbkIxb2pQc0ZVVk0tVXNVNVlPYkFtZ2kxYklNbllHOE1FRkNrMmo1ZzJiNUpqT0trZGhYMVBZdG5OREJwMkxfZG1RbW9FcjdlbmxLTG1MbWlQVnpOVldadS1idlNjOUJENmRkUdIBygFBVV95cUxNWU95Q2lFQmx3ZlNXVGxWeUVUMlIxS2ZyLUxjaVRzZnhUWkhLS2EtcXBmQ0FOanlSTGdYQzJyVTFYWFBLTUw4bklLNFlYeU9pLWpobGZxdWJ6UFJQVGVfcERBczZTbTVYNVQ0YlM4bmdYdkJSNnBzUGQtdkNtNzdhOXA2SFNDSFljVHU3VHZOa3dXTFlGeC1YTElYZzBMQkdpZm5MS0t0dEoycmJpay1fcnhJVU9HZXRoSkR2a0pYZ2ZPTENmaXpJWjB3?oc=5,NBC Boston,2026-08-31,negative
MBTA,Man killed at Forest Hills MBTA station after fall onto third rail - CBS News,https://news.google.com/rss/articles/CBMipwFBVV95cUxON2dIWi12SWt2WnNSU0NaSkRBOUUzSzExQXRmOGUwVnNGOUdFanZKc09YM3FqbEZQRmdVYm8yQ0pvTU03VHY0SnZoTEtRX3VhamZJZmxtVnlEM0hSUjdaSmpLdW10UTBqMy1fUEtOcTZlaEwyMjdkdlVuTGcxM0VFME5WcXdmUlQ1TGNrY2hZSTBzd2JSWmtJNnZnREJfOW83Wl9FZEtBcw?oc=5,CBS News,2026-08-31,negative
MBTA,MBTA will soon begin testing 3 new fare rules - MassLive,https://news.google.com/rss/articles/CBMilAFBVV95cUxObWNMNGNxN19uRDFieWdhSmJQbkZ4YWlmUDN4VnpiUGZFRXVGNWYxVU1IOEpQcnZ4LWM3d0k1b2JCVDcydi1saWtfbWkzQVVIVUtBT3VPUmJBY29MMWNkZUJCckRRS01fZDNLR2ZmVEpPQVdjeHBobTFRQk5haTFkYnlZeHRObWtXcTlvaHJyTmtvWnVC0gGoAUFVX3lxTFBLTm9iRVNlWDdCb2E3a2d0ZW5NUkNCSTIwZ042dHBacEhyWWY3ZHpxMTZ4b2NhQmFOU1RrZzFLSWtiT2s0M0ltNVBWQVdmMjFhTEFjTnQwVl90LUt6ZzlyeG02a0M5bnJmN3VDUVI4eW5oa01HaG5fRnFSYUxQTFNnQWQzZEE5bTNjcTlYR3hUVkt3VmdPRVR0S1NrX2ViV2NOV1BnRHpvTQ?oc=5,MassLive,2026-08-31,neutral
MBTA,19-year-old dies in incident on MBTA rail - Boston 25 News,https://news.google.com/rss/articles/CBMiqwFBVV95cUxOalFSOEw2M1pyX2FoM0pPb0hBWFhoamFqTDlDVUlSNVQ3Q3VJY2xtcXhBTHJmN0pwZFR2VUU0cTBOTXFWeVJmWlRfMXRNQmowSGp5QXY0WEhSbmV3V3ByNUV6QTFmY2lGa0xlX0pYckllRTYzVDB1bnJfSmNmdDgzdTYzZ2taaXZNUWREc2VibE80TDFVT1g5WXRianYyUjVycTFRdW1FUlJSS2c?oc=5,Boston 25 News,2026-08-31,neutral
MBTA,"Mike Minogue, Republican candidate for Massachusetts governor, on tariffs, taxes and the MBTA - CBS News",https://news.google.com/rss/articles/CBMixwFBVV95cUxQcm9mQ09IVTdhVlh3R3lxaEVYam1zVk96a3hHV3A0QkJyd2c5M1dwUnEtOVJMc2xEamRuQ2t2dUc5bFMyaTVxOEZ6NERlemlNN1ZVaU90T3lXUUxJTWJKNWxncTVHaWItWHBZZXFMNE92Z05HU3pkZmk5VXY2cGY5QThRUGhEYTk1bVBQMlpvSFktcFMwTzdMdGltOHBmWDRjQVVDRVZRcHVPSy1LWVoteU0yTmZxVS1jMXBEdktmNFVhaXE0SHd3?oc=5,CBS News,2026-08-31,neutral
MBTA,Somerville commuter warns pet owners about MBTA escalator injuries - NBC Boston,https://news.google.com/rss/articles/CBMitwFBVV95cUxPX1lVSlVEZE8yVm1wN2x3cno0dHhDdTJUSjU0SDdwM2ZYY3pVYl9UZDZnc0lJUEI3b2lHaHVXZ3NCZnZyb2lOZTNCRU9PX2kxTVU5ejctNzNYakI2Y1laWkVvek1RVTBqWWpzZTAtM1R0WFJmZFRUVWQtcW1keGtFY1JWN2J2ckc0T21KbnJ1aktxaG9zbmI0VU5nM2xwcU0tVkJxWUU2Z2hYaUluMVZxbTlMMWY3NmfSAb8BQVVfeXFMUHJqdGNlNlF2TFVqcHN1UzNYNHRab1A2WjZzZzhsQW9lbmZoYzRaTkhRSXM2WVlVbFRTMzVFSTNNYVE4QWR1TTd4R3FOOEMwSS01U0dXa2xOT2xpWmVselhMalJuVGRFazJCbHRGVXB2YVRqM0pHZjVjN20yN0hFaVRweWx0elNUbjZ3djlmRllkN1JwcmljTGRGdXJvWHRXQlZCdk5nZmlUSk5JUWE2YXdhUXByYVAtd011VjlON2c?oc=5,NBC Boston,2026-08-31,negative
MBTA,Transit Police investigate deadly incident at Forest Hills Station - Boston 25 News,https://news.google.com/rss/articles/CBMiywFBVV95cUxNTENCWld4aHBBT3hnUVRMTkNzeS1ubDg1SGczTmd1UnpMZjlMcDh4MzdPeVZaQlZMb1MtU1E1WHhLTU05clJleGhJcEZ1QWJSSGJMSXVEZ0oyUlp2OTZUSjFmZVp6OWc2UU9oM0Z6QmtrVHUxallvTGYtQmp0ZXdJeVF1Zy1vTnZyOWtBYUpmaV9hOUFUVG8waFZpMVctNHFpbDNDZ3JYcUFpbjhrWHJ4WTlWTldHYlNDZXNfZ0RJZFdTZks0MmtHVjQzUdIB3wFBVV95cUxNSWpSLXdrV1pDcDIyWVFkal9XZXptMlM2bFJoUXlZU3hBalJZS1hTTGFkSVU4czVCOUl1LXFjeGNsYmdXUDlPVlp4SHBpdkNUSUtJWVdlRldJU0N2VEppQzZMNHNFSDBrV2kzcDZnWDg5SEJlV1pEZ1VsQ09ab0ZodEVqU1ZoakxjZVJsdXlqMXE1enUxSjBmWjdULWJpTW9WRVI5TFYzXzZsNXoyZDdVRTJYNkYzVVJGa3NBc2NOZExQY2hfZ0pRTVBnOFZoYjlqQXd5VlVkTU1rS0FndWJR?oc=5,Boston 25 News,2026-08-31,neutral
MBTA,‘Trying to save the life of his girlfriend’: Young man dies after fall at Forest Hills MBTA Station - Boston 25 News,https://news.google.com/rss/articles/CBMi6wFBVV95cUxOZ3NkbTd3T2JKTHM0MGtUY0toc1pld1lrTzdNR0t4OXNYUGZMOWdOMHkxUGNadS1KRnV4NXlNT01zeUxFR1hoNGlKTWctaW50RDdJbHBmOEpQYzFiWGxpT1dMUGJDbUg5bFRWX184SjlNeFdNZm0ycjZxU015TWMwRnFoT0tBNERYRFF5d1FpNkZpWng4ekYwRG1jbmx4OEFDWjR4ajcya1kweU1zNENwVUFvZjlMd2dSRjlTSEJ6SkFQZWk5bEF0UjZmcmZkNHFFNlkyUlc1QWhfZi00RnlNUHBmZldSaDZjTmhF?oc=5,Boston 25 News,2026-08-31,positive
MBTA,An MBTA shuttle bus was supposed to go to North Station. Instead it went 10 miles north of Boston. - CBS News,https://news.google.com/rss/articles/CBMijAFBVV95cUxOQ3VGUXF4UElHSmMxWnVlYS15TUxBS1ljazlwZVM3cFVDZXBaYWd2RGJMbnp2UlpYWmZ2czVGYW5UX29hc09FR2pKUnVRZ3B4aW94cnJKTFNUS1RoYlo3dy1oSGJ1RjFUeFUwdEFQNThVcHhRVG1OR0Z3LW5sYWFCUG41d1dVNkIwNVRvZQ?oc=5,CBS News,2026-08-31,neutral
MBTA,Inside the Orange Line's 11-day shutdown: new tracks and hopes for 55 mph travel - WBUR,https://news.google.com/rss/articles/CBMigAFBVV95cUxPQWRmakloOHVPLVNhNWlxQkdGUWN0ZEc2X01JVmZoTTJMeFl1U3gwcV9oUjgwTk4tR041SXNIbld3NU9wbmF4M1lHSEF0U3Z0RTh0U0RHWGhzRjJUTmNDcTVPcDVmZENWX3gxeHVvM2JqV3ZjUTBCX21Ta3B2VE8zYQ?oc=5,WBUR,2026-08-31,positive
MBTA,"MBTA worker whose hair GM Eng pulled gets $495,000 in settlement - WBUR",https://news.google.com/rss/articles/CBMieEFVX3lxTFBNTGpIWjYtdEFtNTBZYXkybkwtY20yQ2JDZDZjT2M3dDk4MDdFN1psM2xqMGQ5THJjMGxrYlBnQXowdE9RODItbkZ3dkIwS2czeHRmeXZ0ek5RR3VfOTRvaWloNmczNFcydDFCYjVoTm8zNjQwVlBnZQ?oc=5,WBUR,2026-08-31,neutral
MBTA,Tickets for special train service to Gillette Stadium for Karol G concert go on sale today - Boston 25 News,https://news.google.com/rss/articles/CBMi3AFBVV95cUxNRVNJdG93cC1TV0F5RTNtOFp6NkJlOHJWOVI4QS05SnlaZmZtSlZhM3BTcFJCN1lvcXZyZUw2NjcxbUJqSUxJRHhMNEZBRWJka0xoVDZBX2dpclhLZS02Qm9PMmhQOGRiRHc3ZUNzcWxWa3VjN19NbmVJMk1Wc3labHlLbFJ0MW5FVG1uR1dNel9wMXZwRGNNblV5RG9MMlJrUDlzV1d0Nk5lME80eDRHTVFjUFY5MWRlT0VhU0dMc29hREx2NnROTkZkX1d6TEdUbk0ybnU1dklkc0da0gHwAUFVX3lxTE9Wa2h5TmhHNkQtNUt1Y2dmLWU0eVZuUlVmZFllaW90Y3Q4OGdOdVdSODhaYWNXTTdtTkVHVmhHcmQ1cmZzcXloTnJacUlnbFVzR1NpeThEekVieXdoQURDVjBla1QxS2NGcnlFUldOMjlVZVVPMU5VZEl3TUw5LWlnU3FobzhNNDBPM2w3dW8tWFVybzVPbUE2R2RCaUtKWlZ5TTM5MGdMYktLeGc5d1V2Wkg0Q2ZxeXh5a0k3OWJObmJlazNNV0x5ZVl4MmhsN0JjNHJxT3o1enZaRFEwdXR4NWw4bXZZbFdYejJaNGFFMA?oc=5,Boston 25 News,2026-08-31,positive
MBTA,New MBTA pilot programs that aim to cut riders' costs begin Tuesday - WCVB,https://news.google.com/rss/articles/CBMimwFBVV95cUxQUjNLU1lTRG9JTmFmb1JLaHhrU1p6VFl2cFAwSXcydDVSLWlGa2U2bHNJRkk0SmUzNHFyZS1vS2NocnltZm1aLTdiUzMwQXlnOUx2WFpUYWI2aE5janNPd0xFSVNQSW1SQTRXcnhiNmtTdkV4QVNIUkRWdVpLcTdYUzEyelVHanZzaHFsTlRfNXZLcmxmZWdnWkJvZw?oc=5,WCVB,2026-08-31,negative
MBTA,New MBTA pilot programs begin Tuesday. Here’s everything riders need to know - Boston 25 News,https://news.google.com/rss/articles/CBMi1gFBVV95cUxPYTQtNUtxRXhpRjE5VWtndU9DZkIxRy0xS3loc0JXUUZFZWpQVmNraTFLam80UHllS2pJYmNXTUVnNkxmUmNNZFlnZnJGeUJ1TWhYWnFQMERqMDR6OUtWQms1S1F3LXpFOWVtMUppa0ZTMDdJRkxSdmdjcE9uNXZCdDEtb3lPaG1aUGcwbDNwdFZNY3l4R081VzBaelBtWHRNZWMxNk8xWUQ0V2FUSzJqeUptOG5RN2RsVzZ0eG9YWVlxVUQ4NmlKZFFjQlFJZm1Vb3diT0FR0gHqAUFVX3lxTE1XYTJmZ0xvTU1lZFRETnlYb29DZXA1NFlLT2pPRmFyMG1fcTZDZ2JBOHYxTzRwUk1aSEZBNElXNEFESWtUZ2pxYUI1VjBHWjF3TXZOTk5TZjNqVkRPOUFmbVdaSlVIemt6eEE0OTYwaGw4REoxeVBETGJVWWF0ZEVNajR5NkNYcktfdDlnQjJ5M2dDMDVlUkFDWXpMT19BaFNfYlVkeUZCREc2UklUYkQ5TkhBZlFNbDd1OHlldm9XRjJGb1llcWhTbHRzZW5XZmU0U19kYkVCUzY3dUlZekQxWnh0YkthUmxadw?oc=5,Boston 25 News,2026-08-31,neutral
MBTA,‘Future-proof’ or ‘a strategic mistake’? Inside the MBTA’s effort to electrify its commuter rail system - CommonWealth Beacon,https://news.google.com/rss/articles/CBMi3AFBVV95cUxOUTNnSWFwaHhWeWptS1BaU2FsbWNPdVMwbDJzSVBpOHNTelYtR1B1OTEwZWlyYjVEeW12cFIzUjVUOUdNdmtIc3lkZUxyRjJGTHFxRXdBT3NnSDg3cWNoOFljeVJiREw5TGdvR2ZfQ2lnaE1BM0l1YjRtTklLYl9Ja0dpeWtUcFdBOWxaaFY2MGhScTR6MEYzcUhNelFna3MwMnh2VWRrUG5KQ0M3SHYyTXliTlpWYmNJQTdBaGFVVVgydVNNRXJnWnB5eExZRHg1RUQ5dkRKY1UyRXBp?oc=5,CommonWealth Beacon,2026-08-31,neutral
MBTA,"MBTA announces Orange, Green, Red line closures in September - Boston Herald",https://news.google.com/rss/articles/CBMioAFBVV95cUxOTHl6X05XV3VNRHQtWkxtTUlfTTFBd0pTejZOd3ZmQ2x5TXhXS0RtVVNQNUJMQzB0ZkNQX3N2TlVWa1FWU1NmTnowN3ptU2VqLVhpSVJibmpvSXFlWGoxRWlQa3R4cHRLUVhGZzJTLXBEbE5ha1pBbjFJS0ZzbWhLNFJyTllBejRTV1RJcExnbkFrRk4wMDIyTGx5dFFUa0NV?oc=5,Boston Herald,2026-08-31,neutral
MBTA,"MBTA’s $2.4 Million Fare Enforcement Team Issued 117 Warnings, Zero Fines During Its First 11 Months - Streetsblog Massachusetts",https://news.google.com/rss/articles/CBMi0wFBVV95cUxQaXFGRnJNd3V4N1JneW5JWFNueWx6d0M3X1Rja3lHeDlFS1o5NHV5TGwzV0RheDI1TzdacGJhYzNacTlEQlBKbVU2VFFTc0c5VTBOYnZHUk9BQ0V3VWtVaFkwSmlWd3ZoS1J4RHloc1I5NDAySDRGanFsTi12clBmX2p6ajdtMkRCcVFCVFYzbFQxS0xWcFRCOE1XdGtNQUFoUERSWlltNnNPN3Q2LU9YMjVIUk5hdU5wallBQUx6Z2VjdkRIdWJDSENJczdiLTl2Uldn?oc=5,Streetsblog Massachusetts,2026-08-31,negative
MBTA,Mayor Wu and MBTA Announce Compromises and Another Round of Meetings for Blue Hill Ave. Project - Streetsblog Massachusetts,https://news.google.com/rss/articles/CBMizwFBVV95cUxPWkNHYXJfSmo3ajZfaWU3S1Q5TGNUMUVVSXd6NThnUGFUU2R5NWtGMXVEODViNkRGdEdhclJWeTJDVGZnZDR2QUhQZnpEdGkyS1Z2UVhrX2xhSTVYN2dieThWN0tCN1lrMXJGZXV2ZGxRSklZSTNfU01XSWhYeXRuRktTQUpFM012MG8yUm1CZzhCejkzWDhudXlONWNGQjctSTVKQTItdHdSLXc0bFo4b3lOdURJTFRpdTZ5RVpGeW13dlVEanAtSnh2V1FNOGc?oc=5,Streetsblog Massachusetts,2026-08-31,neutral
MBTA,Another big MBTA closure is coming up. Why are there so many this month? - WBUR,https://news.google.com/rss/articles/CBMiggFBVV95cUxOYTFFMjBuN1g4TVl5Rk1Vb28xNlA5X2o5My1VTUpEUzJwNy03ODl1NDFUSExuUWxvZC14dHVFNGVydzI4ZlE0cTkwc3hqTkxwczF1NElVRWxGY1lrejZCYXZnMVpENzNjRjdzRC1DUEdiejFoSUpQTEdWdnM1bGVSS05n?oc=5,WBUR,2026-08-31,neutral
MBTA,Teen dead after falling onto third rail at Forest Hills - Boston Herald,https://news.google.com/rss/articles/CBMinAFBVV95cUxPOHNQR0Q0ajRaVDVnUUloQnlibVlqRmZfVFhxOHZDajJqUnNDTWoxX3JtTVJ3TU5jOGxhX3ExdDlrd3NFblhpOFFDNWU3eXNOakR1S3ZoTTNPY0MwREp1R2ZvS00wa0tDaDNhTVdMRzQzQjVMeUlQTnk0SE1xWnVZUXBzTTRGTVREaTJLR3g5LWp2RUpENTFuMUctaXY?oc=5,Boston Herald,2026-08-31,negative
MBTA,‘Unacceptable': MBTA Orange Line shuttle bus took riders miles in wrong direction - NBC Boston,https://news.google.com/rss/articles/CBMif0FVX3lxTE9ubGFVMVV5ZVVFV0R0UFVPNFE0blhXd2FmZlhtQ25IQlZMa0dqTWtEV25jY29LQnVjTlVFTUZ6MzV4RGxqUTVKZmhlTm16VTFOYy1IR0FUQ0ljV0tsSDNfN2hIMWl6WV9OSk9DUjljOG5rTDZRQ2FkYl8zYl9tNTTSAYcBQVVfeXFMUG14ZGl6QXkwS3hFUTJPTDNGdV9CQ19MTGdyTFo5NkJTMmlLYmw1b2hNT0RHY3JDZ241dkdSS0NQSlAzVFFCdDEyOThIbWhSZ3FWN0dlZzRrdlpsNl9pbnpPcXhUOFV2WWM5Q3JfWGUtLXdXU0FpZGZJZy1ZdG5BdnRTTXQxV0xB?oc=5,NBC Boston,2026-08-31,negative
MBTA,MBTA shuttle bus bound for North Station accidentally ends up in Stoneham - Boston.com,https://news.google.com/rss/articles/CBMiwgFBVV95cUxQejQ4WkpycXRuUVJxY3l0V2Vvd21PNElaODJYb0d4YzFla1l4dURodXYtYVpDS25xNDNheVhUTFlDOGgxODJVc19HSlNXUmkxTk5xWnF1MnZOUTJTOV9tc0h2RlZIcTZQZ0dmTmNrUHlVRUhfUGFyVjRRTUkxVXF3MlpWbkRJbWdBTERSdUxGeTB2eW9xVVFCeDB2NUxJRk1wdndiSkFSLXlpQjJyTEtXdG80SWFOeS1UM2hYeUFKRkNGUQ?oc=5,Boston.com,2026-08-31,negative
MBTA,Parts of MBTA's Green Line suspended for 9 days. Here's what you need to know - WCVB,https://news.google.com/rss/articles/CBMiowFBVV95cUxNRVBpVEpRQkY0U05yUndJVXVsYTBYUzlxdVZ3bHlRTHFGaDVaVTlwQzFxOFM0RjV5aUhDTkVKaGNNOVR4RjdfVmRxMjJib3NiYy1ucWtfMHRxNzVoTEdqTUExS0ZJRHMyV1JaSzR3ZUJScDV4Qk9pbE5BMHQzVVYxSzZaY0pOMlVDUnB1UDJscDRLdmZOd1FXQ1g5TUc5ekxhTFpV?oc=5,WCVB,2026-08-31,negative
MBTA,MBTA pays $500K settlement to employee in Phil Eng hair-pulling incident - Boston.com,https://news.google.com/rss/articles/CBMivwFBVV95cUxOalFSeFdCSVZkT2M3RzhaLS1JbTl6cXlTYkRMTlRyRGhrVS1yOXhwYjZzVG9lMTRQZng2dndNMkZBZFJoNVl6bTlVX0tSQU5nWmJaWU5EQWxaOVR1YzVGeWhjQzg2LUIyaUF3ZzhyQV8tUldNSUlaZV9EVkdRTjJWZEYzU2ZlRGRyUHpiZXhMYXNnd1FzWGxManEtOVZRYkxXejRLVnAtZ2NpeW9LSjNEUmRSVlEzRUZlUGJ3dkZQOA?oc=5,Boston.com,2026-08-31,neutral
MBTA,"Phil Eng's Professional Derailment Costs the T An Experienced Leader, Plus a $495K Settlement - Streetsblog Massachusetts",https://news.google.com/rss/articles/CBMiygFBVV95cUxQZ2tQbG8xRmVrV3F4TjZmMVNfRmZUZWkzakQ2T09fdTF2dFM3N0Vpc2ZYSEZKX3hGZjY3Q0lmd0ZDanQ2TUNGRjItdkFSeWNlOWk0QU9MVDM4OWFLeWR1M2EzWXlRQkphUVpwWmJDQ21UZGhwSnQzXzlEaTd5Q1JEN1UyN2JDYWVLNjRsYkt2b3IzR3Q4b0hOdHNWM0tUOWhNNWduMV85c1NNV2hfV25WcjFxRnJjNUlIeHV4d3Z6NkRtQ2JwbGpSZWxB?oc=5,Streetsblog Massachusetts,2026-08-31,neutral
MBTA,MBTA Red Line Closures - the City of Cambridge (.gov),https://news.google.com/rss/articles/CBMifEFVX3lxTE80UDFsSnpaQkp2SWNYNTQwTDhIb2JPdktIUjRyU1UyYUlyRlJNaFkzWjhjYWQwSF91cWwxNWdGNUh3VjhkaTRDLWFXSnNveUNKWWc0UG1mOGE4NUM5ZjQxR0g1cDBHSE5WT1BqOGJReHdjQ1ZBSkZ5OHpJSDU?oc=5,the City of Cambridge (.gov),2026-08-31,neutral
MBTA,Most of Orange Line to shut down for 11 days amid track problems on the MBTA - CBS News,https://news.google.com/rss/articles/CBMicEFVX3lxTE1PSEUxc2ZUVndDV3piZWc0X19ZblpqWlU0ZHcyRG9HYm1tT19pY0Y3VElBUnRQODloN2xJckdCTFdjc3hnWTdWbmIzOEh3WkpUd0tsZ2tDT2JOajM3bTBRazBRcDNqS1FVUEJja1U5QmQ?oc=5,CBS News,2026-08-31,negative
MBTA,MBTA receives nearly $140 million grant for Haverhill Line improvement - The Boston Globe,https://news.google.com/rss/articles/CBMigwFBVV95cUxOT0Qxbm5GQk1lZ0pEWGtZa2hpOXB0X1BfcXkwTUk0THFEc2V1ZWhOWnkzUll3ZWtvUDdLd0FBeHFyeTBSdXVGaWlCWi1Kd0o4dmNkQ0VTR3JDRnd2OG1CeHJXd2ZwVGw2c0l1dXJyZzVBX2pQWjVES2JJSlFvOGo5RmFTVQ?oc=5,The Boston Globe,2026-08-31,positive
MBTA,MBTA Wins $140 Million to Run More Trains to Lawrence and Haverhill - Streetsblog Massachusetts,https://news.google.com/rss/articles/CBMiqgFBVV95cUxPVm1FbXM4bUdnak5FOThkN0lsTnRBSTdweXo4a3Z3X28ySTJpTnpjSDRpSi1JVHdYTUxlbXhYTEN6c0t1S0dnZzhDajNBcDhrY2twTXFLSlRIVU9iaUlUcVJYY1hCSzkzZFlGSk9XZElFd2lpaGd6ck5qczJMOXBlWDVTd2YyWWkwVzFETHliUW9NT2lhR3dQdzNoeDdUR0JEWlctVlBnOVMzZw?oc=5,Streetsblog Massachusetts,2026-08-31,positive
MBTA,Heroic Rescue Ends in Tragedy: 19-Year-Old Dies After Companion Falls at Boston MBTA Station - New Bedford Guide,https://news.google.com/rss/articles/CBMivwFBVV95cUxON0FQYS1SSXBQRGpJbGpLSGJ6VHNTa0ktODNwYnJtSXQ5THdJZ2NWb3pzTWpYTm1fd2l4S1hWdzBzTFlWQ2loS25OMmVZX1cxd0xLSm5tTWFMMUx2ZFFjazlVd0tmY0dBblozZHpBemRqTlBpLWM2b19oeHZpRXRYVlZ4VGxMZUMwRjg3QWt3ZXpFbGJuS2tBdDIxV2dwZFJJYlNjR3NMQ0JsSElKNW1rQ1BNOHhKanF6VHpnalFESQ?oc=5,New Bedford Guide,2026-08-31,positive
MBTA,"MBTA reaches $495,000 settlement with employee who says Eng pulled her hair - WCVB",https://news.google.com/rss/articles/CBMigwFBVV95cUxPN2VTNVdBR3NSZEJKZEEwNTZibzFUWkllUlRua2VxRDZGRFZxVjNsSU9yaVZlX0RjcXNWdmRHa0hBSjc1LS1nVUUtSXRHMFRCYVJPeUFSYWpJMDNTV2VuRVJlbWh3MTBqMEJfNnBFSGRnRWljbmhqODhGb0lFTTNKbUxzTQ?oc=5,WCVB,2026-08-31,neutral
MBTA,MBTA reaches $500K settlement with employee who says GM pulled her hair - NBC Boston,https://news.google.com/rss/articles/CBMitwFBVV95cUxNdU9yTXJNVDZPcFctVVY2bFFnWjBFM21zdkJCbGtSS1VyaEhLbjdtY0ZHNk5Qc181RVFwY1E2VnlZNERsRC1xeWVNdkJrbll1RTlzRkgxVTZwcW11NV8tWG5wLTIzeVNOdXVGT1I0dGhNQ3I1TWUzWlNPZ2FZRmNXdE84OFdLT3UyMmhVM1VhU0otaHROSWlQeFNrZlJtUWJVRHh1ZHhIc2VmQVQybkh6WmVra3BTSEXSAb8BQVVfeXFMTlMwdTcyQW1OeFBTZW8wcEtxQi1lMDFnRkNCRDRTOEE1WGdOdGQxcXdwNk5UOTczaXU5WHkxMWJqUzdqbi12ZmJaVjc2czNmajdaSWRPUlpYbGQwZ0laNnU2bVRzYzZVVnZ5cVBMbFRqM2YxS3FlVEN5cFpfMGhaRWRGNlBZVi01TGdiWndVUDkwTWZIbDlmTjNFRWlQSmtjRTdzOHIzbjRESGlJdDU1cTBxZkhoRWxteUJHaUYtZ1U?oc=5,NBC Boston,2026-08-31,neutral
MBTA,"MBTA to pay nearly $500,000 to chief communications official whose hair GM Phil Eng pulled in ‘insensitive’ incident - The Boston Globe",https://news.google.com/rss/articles/CBMipgFBVV95cUxOa2hvSVN4b2dYQy0xQlJxUC1xSFFlam9oNnBLay03bmVqNW90NDFtRlptaEJFTEtEaU1UVm5saEczcFFkRlJndE9fd3FIcFhvWEUzOHNwS1VXal81WTV5OHRQTjRVNWJLSTZhWi16ZHZkQkNwckdNUnZrWnNwcnJXd1FGSWltRzBoZmw0MlJEd2RVU2FJTEdzb3hLNF9saVNYejZ4amdB?oc=5,The Boston Globe,2026-08-31,negative
MBTA,Green Line shutdown forces commuters onto shuttle buses as MBTA begins major infrastructure work - Boston 25 News,https://news.google.com/rss/articles/CBMi8wFBVV95cUxOZ0xyb09UN09sWnNxNVhNMmVxR1JHNERsdlBmY1h3ZGNSS3puNDk3RllQak8wWXAwN1lnaWF4RG1XVzBWMTEtUHNxcXU0SmxscjRqR1RyT2E4Y09DZ3lvbXRFSDRCTmg4Z0l5X2RUQzJhYTRhSUJMRzVwQnpPMk00LXIySy1ITkZoVl9pTTFVclVlVVVBRTk2ZTVPV2tZUXJWdmRreHpyaXhxNTB0UTJWbVNCb3Jua2NlQ0E0LWZaQWhoRnRvTnlKRi00YjY4TEk3bk9QaDA5c0IyWFlRV0dXYUhtam1tR1k2TnRDeGtNUXNibjTSAYcCQVVfeXFMTlFIcS1lNGZFMnd5OWIyTUdLM1lDYlNxY2xQWUQ2Y1o0UU5vQlhHR1BQd25hcFRuOEI5X1BxMUdSVXJrcGZVd2lPQ0xySzFCVDhQSl84bUdKYUNNTUFhQ2FrdWpoY3ozN0ZCY0VSZTRzWGFxWmNnTXQteDh4NXlDVHJnLUdRS1pINUZfMkRCR0xiaFZYRkpfQTlGXzVvQ25GNUo5R0xaSXAwTGFreVRJNW1tQlVTVnNpcUgyS0JuLUdqX3Bacll0eS1tNkRzVnJhdlA4SlZ2RzFYOUdJQmIxNnA2Vm85WFNPMmJiNWtvNmkwdUtCSFBNRlExbFgxSTNoTFIyUDJtYlE?oc=5,Boston 25 News,2026-08-31,neutral
MBTA,"1 hurt in car crash with MBTA train in Concord, officials say - NBC Boston",https://news.google.com/rss/articles/CBMigAFBVV95cUxPa1JQR3VuWDJYdGE5UXdHd0w0N2JFaTB2S3NBbXBwdjE0UmdRaTE3dUNBTDFUVWp5U0F1OTZmd0xyc1hIRk1QM3dqUTlqcTQ0Q0VXNmZuTUROZ0lUb3R5aU1qd0tIQmRlLTZOeXc5bTN1Snd2azlGNHFNUnZyVUxWeNIBiAFBVV95cUxQQWhXQ2RxUFZqVUZlNzRSUmFoeWhGOXQ5aFk2amZGMGllX2pEYm15OUdFZmtGLVVBSXBPX3ZpQWpPVnhqWUdwSjY4dzRlUHl1WDd5OU1uX3o3alNpeExFUUVjUFR0T2ZySTA4WWFOakhIaHZQSVFRZ3ZNY2pXQ0swOGVjVDFKaWdC?oc=5,NBC Boston,2026-08-31,negative
MBTA,"MBTA apologizes for continued Red Line problems after shutdown, explains what may be happening - CBS News",https://news.google.com/rss/articles/CBMigAFBVV95cUxNclBIMUhocFpvWDAwdkN0NktOQm90MW5ULTJxMW5rbzVOM2xkWDNFbXBpMmhEZDZENGwxNmE3eXBMNl9UVDhkMHFDdUhSSlBhaC1UckxkT0RrNkpFT18wUzhCQ0UtOFlzLVpDLXJ4NS0yWVZwN2dZMVEwRm90QThJTA?oc=5,CBS News,2026-08-31,negative
MBTA,12-year-old seriously injured while train surfing on MBTA train - Boston 25 News,https://news.google.com/rss/articles/CBMixwFBVV95cUxNUnV4a2V0YW5rYlB3V2NTUnNmSlFNb3NpX1FWR21Ca1FEYkE3NXRyZHhORDAxMS1FR2RtbDNnWC1LWGRzUE1DMjNCOXhxYVlPTldEbzBNOF84UzM2U1NjNzJJRXpVUXlieS1RSERiazRFZlVPWUptOVhZTFdPSEFtYkVSM3JfWjc4X3FMZXFiWEwzUlNPajduWWZoY0hESU5LY1dHelM3bmljMHFsa3Q3b2hFTlpBUmlya0F4bFh1UzBmRWhhRVY00gHbAUFVX3lxTE9nbkQ0c3Z0NXJEZXY5Sk96dEZ2ek5aYUlTU3BXV2xEM0NIMm0zOGV3R3ZEbE83ZkxUNkVQb3lQTFExRE9PTzlrcHg4WWs2VXM4TTJza0VUM0Voa0RGWHg4aXVEZ0lOc2N3VDl1eXJsWmZDMVhGdTMzSFNVZXE2S1RVYmtHSFNwLXRRNXAxVEhGY3VDTmZBdkJ5QVJWbmdZMFVodVE4WmZMNm52ZGU5NkdVbkJBTmxVZVJLOHpqMndNcVFZZkR5MUFiVktvOEVYU0l6YTM0Q09yZm05Zw?oc=5,Boston 25 News,2026-08-31,negative
MBTA,Rail News - MBTA completes infrastructure improvements on Green Line. For Railroad Career Professionals - Progressive Railroading,https://news.google.com/rss/articles/CBMivwFBVV95cUxPT2gxaWFpOWxpMXNsXzBLUTB5OG5mT3A1WUpfcXNwV0d2bVZSd2JWTHFYVERlTXJOaks2dDhic1ZWTjFUWEozYWRPWEE4bUJTYUh3SjgxWDdXVFNNeFRjaEpZSl9MeHNmWGxHcDJQVFJLMHZUaFE3OWFybkZaSlN3VG5nX0hpRjRKUmZCRlQwUEpuOWJvQkloZUptWVpsYkcyQmN3UThnLXc5YlhORWhoNHNKYTJva0ljNUVILVozVQ?oc=5,Progressive Railroading,2026-08-31,positive
MBTA,MBTA Commuter Rail delays reported due to downed wire near Back Bay - NBC Boston,https://news.google.com/rss/articles/CBMirAFBVV95cUxPSFRWdldBdmlrVnF4bU52M242U01NR3FSLTlPYW5WMDcwVFJyV1VhR0s3OS1DVjRRSmVPdkN0TnlwdGY5ZUJBN0RhVVNMak96Z1h1Sm9PRnhkaHlkSk52MUdNaEFWdmFKamw2S3d6OGdGYnlzVFBoblNLcWQ1amNaSF9iVTJnTjVBOGJfNmJVTVkzSEFncnhBVjJwWGttNmdXdHB2Q2FORUhxT0df0gG0AUFVX3lxTE9LdGZwS25FREdBSWpPaVFwdXZwdHRpWHNNREJMbUxCQUs0OHl2OGx4eWVtY1BSa05fNl9hZ3V3UE93UWt0OFFibmQyZTYxc3dnaWFqT0xydUdobGJjRWluYUxpa2I4MEtNNFBNb2pzcFVsTktPMm5xRHVzU2xkZXNHaUhTLVpIbXhDNTJ3b2wzNkFZdHQ0WUtoVUstSHhISlo0VlJ6UWppNkNyRDNJeUZ3Z0hsOQ?oc=5,NBC Boston,2026-08-31,neutral
MBTA,"MBTA Temporary Schedule Changes Begin July 27 - Wellesley, MA (.gov)",https://news.google.com/rss/articles/CBMiYEFVX3lxTE52dTZxY2hDUEhRdDUxQ2NZTk5PZG9iUE0zcEJtTF84TmJEblZicGNFMVozeUJwWHBtNGE1VHJiRDFxUERmcDlwdHVFLUMwVmFyX2hFUHhCYUNRYXhQV2hybg?oc=5,"Wellesley, MA (.gov)",2026-08-31,neutral
MBTA,Part of Orange Line shut down for next 11 days. Here's what to know - NBC Boston,https://news.google.com/rss/articles/CBMioAFBVV95cUxPbU42N1Z1OHZNcEJrTDB0dGQzWFV2U1ExSG10bjBsNDdOc3lrNXZ5TjFDQmNoQjZMRlRybTZjZ0JMbkRTN3A0UWxEQzhhaEhIOGN1ckNZbnlFN3VaYTJUcnR2eXN2NXlLNVFwQnR4bEZscDNmVDFySHlDeEJ2R2duZm0wc3p0OUYwd040SlJzRlRNMmlkejFONHNuMUNXR3Vf0gGoAUFVX3lxTE5ZWlhSUVI3WTB3Sm02c1hYc2k4ZEVUS1BJM296TlEyMTdyd2JrTnc2eFJIYVNOUzh2Ti0xX2dSRU9vR0EzZVk2b2hMenFaWk1PMjRQaDJqdl9fWXJPZ1Rjd1VtalQ5VUIwRWRVMjJLZjFjYmdEZGYxeE11UVlFZlBldWctVXhjVDhXTVYza1M4QVBJbmxJaHJfaVJQSUpUbmQwVy1lSEVyNQ?oc=5,NBC Boston,2026-08-31,neutral
MBTA,Significant portion of MBTA Green Line shuts down for 9 days - CBS News,https://news.google.com/rss/articles/CBMid0FVX3lxTE9WUTR1RENZOGdFOUJiNWNXMjFQYllqdUhfZlpacmMtcTByVGtXWGZPNGFqN05XUlAxLXQzTW14M1d5al9KMktHb1IzTVhBT0U0NGFJZ0JDMDdLSnUtalppS1hiZ3ZWaVlpZENJemxiaDhLN1JINzlr?oc=5,CBS News,2026-08-31,neutral
MBTA,"MBTA to Close Red Line Service and Replace with Shuttle Buses at All Cambridge Stations July 21–30, 2026 - the City of Cambridge (.gov)",https://news.google.com/rss/articles/CBMijwFBVV95cUxNYXJlWXJzOVFCTWVYRDNTVTlmQ0pqZmNKNnNWeFFsRkw1dm5XcE9vXzBzM082OWFhWF9pcUVWeWlvSVU1MGt0dXFqeU04TVBlOUdsZ3k1V2VJQ1gzMU92ZXNZRVRuamo0UXJLRVFzbDdtWGZMc1hGcTU4c0FPOU5FSS1aaTBHaUUyaURHOElZUQ?oc=5,the City of Cambridge (.gov),2026-08-31,neutral
MBTA,The MBTA is rolling out 3 new fare discounts — and extending half-off commuter rail passes — this fall - WBUR,https://news.google.com/rss/articles/CBMikAFBVV95cUxQRDBpblRxYnp4V1VRZ0FIeVQ5UFdELWdid2RXcjhQOFhlRUFUYlBNQlFQZkZXYXFjXzhLN2xrNV9LaWVpWTNtd0dROXVCaDZkX2VtV3hZSGlwNVZyVFEweC1oSjZqWC1EN3Fxa0YtNzZ6M0lpR2RCZzdHSDFMd1k4V2ljLVctRjdNTU9NT0RRWnI?oc=5,WBUR,2026-08-31,neutral
MBTA,"'Absolutely ridiculous': Bus mistakenly shuttles passengers to North Shore, instead of North Station - WCVB",https://news.google.com/rss/articles/CBMiiwFBVV95cUxNYmpkYTF5d1AtdmRndTItdFhwY1lGN2ozejJidnl1aWJTTl9IdTBsSmd4bVZQNFJmYmxVOHFMeDJkei1QNm5waHJXdjlkWlZuNnI1Y2dNWWQxRXhtMjBzek9PUVU1amM1Y3NwYXg1dzRiV1RiQzR3Q09RY2hqd3FaWUpZbTMxMnkwbzYw?oc=5,WCVB,2026-08-31,negative
MTA,"MTA limits A, B, C, and D train service amid Monday morning commuter rush - Gothamist",https://news.google.com/rss/articles/CBMingFBVV95cUxNZFQwaE1wQ3BKVUc3RFBCVVhCOWh1dzhBa1JURlNYd2xrTzhqdHgxcG1PekNaaEhSY0ZVdnBISGNEdE1tNG16VGtOdlZNMHQxVER1ektMNURZM1VkLTdTcjA4UWEtRVdtS2s0Q1dFUVYtcnNuOE1VNFI4eWw5eTZMbVhsMktaUGRLb0J2TkRiLW9pTXRQN3NCSGxrMXJlZw?oc=5,Gothamist,2026-08-31,neutral
MTA,Morning rush-hour subway service disrupted in NYC: MTA - PIX11,https://news.google.com/rss/articles/CBMijgFBVV95cUxQd2RFV0tzbzhhVVV2SHR6U0Ntd2xVRFVVQ1JkSlZiWXRfZ1EwV2UxZm9FalI2aTdTVlVTWW9ybDdsWWd2OV9QWElxVEZRNkNKMTF1VUhDR2dmY0JpNTliWGRucHpwTnBvMkgwWThZQlZ6TVhPNEV1S3duam1qMTE2OUhwaldIVExHdGMxT05B0gGTAUFVX3lxTFBQUk15NDhnTjVjNFBwaFdqV3ZTMjdJQlFfWUdiREFHazNGbUtlZG9FdnZYRjZoa1VwRlZfUHFmejRxOU4tU3dDS1NuVE9oWXN0d1FxX3ExMUp4OFNCbS1FdVhlZjBIdm1sc0t2ZUJqejlDbTFoeEtsZ253RUw1SVBWUHZrSkZBMy1XMjlhcW1NeGZpOA?oc=5,PIX11,2026-08-31,neutral
MTA,"NYC subway lines A, B, C, D facing disruptions due to cracks found under track, MTA says - CBS News",https://news.google.com/rss/articles/CBMikAFBVV95cUxNd0xGT2hIY0FjdUxObkU0RFBEdkUtZU0xUGxKV0dtWGpqbGdOdVl6OGxyemFqYlQ2SlM0R2ZRWFIzaVVmTjFtYWdsaFJKQjFDRkVfNGw5VXhPWGUyMEFTS0lpMnVqZ3NqUXhMak5uOEhGOVFlU1l3MHlWeG1LUUNCdmROWnZXWWxfY1ZNWlUzbzE?oc=5,CBS News,2026-08-31,negative
MTA,Downtown local subway service suspended on Upper West Side as MTA discovers crack in tunnel - nydailynews.com,https://news.google.com/rss/articles/CBMiywFBVV95cUxNQzY3MXBJN0Fvd1RObENsWmVDaktrWFAxWndpcUZVVEc0dVE0QlNTX0NqTl9zb0J6ZnJiT3dPUGcwSHFtaTg5cTFjTUc2czc2N3dTekRYd094ck1GNjRNNGY3cDJOaXVaQUlFV2xSX2pEd1BqWkdMR2hwY3pRSDQ2X3pFN0E2MUw5MUlvSjZ4bzI4NGJkdGdBUTBsQy1RUFI1dFNGSkpYS3BHTE5wVnJnSUhHeWlOWVJLY0kyWlJ6WVBVU3ZnUDItdmliYw?oc=5,nydailynews.com,2026-08-31,negative
MTA,MTA emergency track work causes B train suspension and snarls subways in Upper Manhattan and the Bronx - amNewYork,https://news.google.com/rss/articles/CBMiggFBVV95cUxQQ2JIbUtPSVA0c2JCQi1TMHN5UWg0STlielkteWIxaFU4bVdhdUtETzAyUWp6cGxBYjN1VlZOTjl2Vno0dTNsWDFHVjRBbE82WXduN1hzS0hwbEY5bWJNMzN3dDdQSGdFamx1WXFkVTctY3lQU3FKb2Z1LS16bUYxZ3Bn?oc=5,amNewYork,2026-08-31,negative
MTA,'Urgent' repairs to shutter multiple MTA lines on Monday commute - USA Today,https://news.google.com/rss/articles/CBMiwAFBVV95cUxNY09hNjEwb1ByYV95VEZPd2tuLU5ZTktYV2hjejZ1SzV2YWIzdnE5MFJNWExIRHFmbGxON3dZSml5YTM1SU1nT2RRUm9jTDlWWXZBMlI1aTNpUE96blF6SWpDWVJqcGJNbTJrQW5vZ3lPYVVLaC11Y2l5b2lBOE5ySkI1SWZRSHhoNm5tVnVCSDlBdkRwYU5RaG1NN3JPMG5tRW04Rlc3SHJpWnlRWWVTVEJNajV2LTR4UWZURmtENWc?oc=5,USA Today,2026-08-31,neutral
MTA,'Urgent' repairs to plague Monday morning commute on multiple MTA lines - Yahoo News UK,https://news.google.com/rss/articles/CBMigwFBVV95cUxQalRPMGhYMlFaRVlkZElENG1JRXl6eWR5X0FMZFN4UjlWUDZNQUxKd0dQR044a3I5RlFsQnVuRGxVMGFCNlJldEpqWXFFTHFOaktXRmdTVmhJcGxmUHo5RmV6SmFKTUlub0Jsa3hISjRlMWFpQVlLR2tNSl9hUVNRSkpYaw?oc=5,Yahoo News UK,2026-08-31,neutral
MTA,Bronx woman accused of punching MTA bus driver at Eltingville Transit Center on Staten Island - SILive.com,https://news.google.com/rss/articles/CBMi2gFBVV95cUxOZ0xCYjBENF9BTWd6Q1BvOHlUaE1Qc214LXVZa0V3dE9DQ01BclA3bGQ3R3BUMUxsQWYwa09nbzBhOVE5RmlSdXdBQjMzTUd0MlJ4YTlTTUxLcUl6bHhxX3hONmZJeHdwMGRDVm9mLWk1ZTZBN0dPMHMzbG1YODlDVXB0T1RORGN6RnpDamZrV3FGTGl6WTBzbkduSkZTN3lXRVJreklzU2x4VHhZYmdSTTZIVER0cm9iNzZBOUlRTF9HYW1YLU1vUkVKZmtZNWNHejRveENmT25PZ9IB7gFBVV95cUxOcHlKTEtMVnBCVlUxMmlXRG9GTGdzVkQyUTN3YUZwUVAtMHFTc1cycUhyazR4VXBvbDdDNXJabHJYOG1hdWlxRm1aSVhQSG9hWjVMOE5YZHY4SERVM1JjTVZoR0VLVUNXQnVpMHp4Zmk2SkV1VENtZVdWbFBRYzlhX3dzbWRHbUtsNWJia1g3a1hnVjJHMG83dmN1N1p6WUZMX0MyMWNPVVI0S1lTSXFDR2NKUkNKOW1XVHJBX2l2LVN2VDhnQnJPeWJ6SE1kZFMwcEdMVW9qRWU3VXY0MTAxdkp3MlB3UXJLRnVHYTVR?oc=5,SILive.com,2026-08-31,negative
MTA,"Track repair work severely disrupts A, B, C and D service - Spectrum News NY1",https://news.google.com/rss/articles/CBMirAFBVV95cUxNSFNVOEs2cjdqaGhURnNxZ0NPWHR4RGZ6aVc1VVZpcWtMLVdUbWZRLWpTVzNadjkyRDNyd1NnTUFrak44eUYxRjVFTk1IalRHSW9vVWdDeVJBOE41NVhJWXVBZjE4TmdEeEJVdXQwdlJOUDZiZFIzVC10cHNYQU0xanRyT0tKbS1sS3JQWVhOd2NQUVphU2FYSHZWTVVSczlvTThHbnBndkY4RFdu?oc=5,Spectrum News NY1,2026-08-31,negative
MTA,"MTA limits subway service on A, B, C, D lines - FOX 5 New York",https://news.google.com/rss/articles/CBMiXkFVX3lxTE15QlR5aUFRTGhWSG1yenYtTTR5LUJVc2ZsWVI0Tms5UlE3YWNPV3BlbFhBMEM3OGZnOFlGeXV0MDNlWEhsV0ZLdEpTZ0xVNDJUYXVuNS1Od0pQQ2ZXM1HSAWNBVV95cUxPSS1zdi04R0Yxb1dsRE5fLWxzTVFVQnlnbnk1bm1QOTZkdU04SHNRZmpIQ2prd21ueUVER1hYUnFndXkyZjl6ejhIMVRxeGsyZVR1dFhmd2hNSjVfeUlIY2JlQWM?oc=5,FOX 5 New York,2026-08-31,neutral
MTA,Rail News - MTA plans LIRR Montauk Branch improvements. For Railroad Career Professionals - Progressive Railroading,https://news.google.com/rss/articles/CBMirAFBVV95cUxOUFRCTk1Qb3JPOHB5SlR0UzFFcmRva0FrZDNSS3BZdk5ZbHRqMWpCZXlJaGYtNWxxNDRaWXZ5ajdPX2h0VEdaN1BQYUk1TGRaUy0weC1rNDU4T2xnbm1uRVF1cnN0UV94eWRXTEliQXF4MjZ5NWQ5cHN3ZlRfZ3RtNVNoOEJZU2pDRzVwSWNuWXJuQ2VBVWdKTTZkWkt3Y2VGSXU4YnpNTHY3TW1H?oc=5,Progressive Railroading,2026-08-31,positive
MTA,"NYC subway fire on train at Astor Place station injures 8 MTA workers, 6 firefighters; delays commute - ABC7 New York",https://news.google.com/rss/articles/CBMisAFBVV95cUxNVUlmdTgwM1F0OEtfelRwbVc5MXRHQVR2S1AyZVJUTnM2Zk1pbG9uUHpzQzhJeGREcmVIcjRibW1oQjFPWmJPMkJJRmN1TktLdHg2Z3NlT0lxU0JlV2h4b1dmaUJoU1NJMjhzc1Q0NEdPc0laRURhbVY0RzBxVnlOcmJKejB6bmZqMlR4QTdHVWJ0WHNKeFNvZW9yNFhjT0JKRkNUdmFWYkhRQTM0N0tmaNIBtgFBVV95cUxPeVFMbG5FNWt0RWRiRktIWTVPSzJjbFpYc3M0NGlvQk1ReUh5ejVoTFpKZVNkSzl5dDlNazJrSnBlcXgwOG9yY0l0dWF4U2FUWkFFcnNYS0VhRUtZOXJwaTUxdGE4WkE3NXBQMGtWMTYzamZaa0E0bjFmVWctSlBlbjRiY3lTMGJwUVpnaERhcGlHVnhRdEF0MG5lZHd6X0NEeFRBWkpjM1JpbzdIYllFWTBoYWw5dw?oc=5,ABC7 New York,2026-08-31,negative
MTA,Have a baby? Pets? What MTA's stroller pilot program expansion means for you - NBC New York,https://news.google.com/rss/articles/CBMimwFBVV95cUxQck03NTJMVWpVR3BDd0dMRTR2eExXRFZEUTVkaXpUdGJzbERzM25LdzZCUkpGY04xTHNwaklPQS16Z2JSZTE5NW5yQ2tlQjgzXzRpb1VqTVVVcjRJbXV5UHo5dlN1d1MtNzM3LWNxVWdobHluVURfY1AxV1VWNVBzYXh6OHc3WlFXOHM4dm1JWW1ERXRNd0EtaVdBd9IBowFBVV95cUxQZXZSOTEtRUtFSHlMQVc2QnRkcTlQSVdWTVZjM3RWMkNXemJBcDNaYURKYy1VMlM0cUYzdWlFY2hFUUVDNjZESmR6bFVGeFIwYzRHMEI1YUZfdWFLd1BoekZvZFVSSHhUbzVVZlIybTJORmRtTmRTR0g0MlMtdlRvenNZZWNNM0U2STdrTUlVTktrbDVvaTdnMFJzbjIwRThFRExv?oc=5,NBC New York,2026-08-31,neutral
MTA,Man allegedly attacks 76-year-old at MTA bus stop: NYPD - PIX11,https://news.google.com/rss/articles/CBMimwFBVV95cUxNcXEyY3lieUF4Q0dNRTJweGJLbVJuYnl0dWNKeDZBQkJKZksyelhrN2FlU2JBa0hOTTdvOFNHemlJN2V6RWpqbXFlLUpqU29ZUjg4bEsyTnF1eW5nNlFsblpwRV9zdjA5dEpKcXRmRnk5d0tMNUVFVXpHTFlzYzdwYzM3dnV1UHJSbnZ6Y0ViN0RyWTRKRHZrOFdtRdIBoAFBVV95cUxPdm4zN096YjBQZmRKeE1jQUpqWFBSU3RuZFl1NXlFbXd1WG1fYXVxVHVoN3VSakxlU3c3azZCd2pVZTZHV1VJVzFMdUc4SlMwSUNrTC1iOG83YVo4b2FBOUtBdk9ZSUE2LUdONjNGWnhNTGxsUllOWWFGSjVqa1pyNDE0My1Kcy1sdzc4TklYTkZ2V0kzYUE2b2hHV29FOEJw?oc=5,PIX11,2026-08-31,negative
MTA,"For The Price Of A BMW 5 Series, You Could Buy A Whole Damn Train - Jalopnik",https://news.google.com/rss/articles/CBMijAFBVV95cUxNbzY1WmJJNExEZGh3ck1ocXVxWktnYjV0MXd5VXhXOFZxaHE2R3VWYUc5REVBaW53czB3TFVLWUp0S3hKWWkwT2liR2pfX0Iwd0VWT0Q5OU1CMTNVMGFRV3F0UmY5ZTJTYnJ4NldGMmxnYjJKVTkxSGxJQXJFQ3lnRHg0QU91WTVxcEh4Yg?oc=5,Jalopnik,2026-08-31,negative
MTA,MTA cleaner stabbed at Times Square subway station in dispute with man caught peeing on platform: cops - amNewYork,https://news.google.com/rss/articles/CBMiigFBVV95cUxNQ3NJLXJmUEM5NlF2YWJJLVlkWFpacjRKYVB2T1RINk5DQm45aHhSUGN2NVdtc2Rhb0YzTXlQWkRXQTdsamVyQk1hQm5QcjRKRG9NWVAwZ2dJVDZULXpLNEFRRTN3bEQyd192NmlyWWwtdXUwWXdxdHRNdS11a1JvSk9hNWdOa2RyOHc?oc=5,amNewYork,2026-08-31,negative
MTA,Morning rush-hour subway service disrupted in NYC: MTA - PIX11,https://news.google.com/rss/articles/CBMikAFBVV95cUxOT1hMNVJST29lTDRpXy03OC1WRjJfekpnNU9YSGVzOTdjdDhPdjltZzlhQzFkTTlncDI3UnZLWXR3VGlBaDVGcURyU0VMNEozZDNnVWdGNmx6ZXI3eWpSZF9tdnhHb09qS0FjSFh1Wk9aa0oxYXI2b1F4bkpwZlRkb3FyNUlKQlp2c0c4Vi02M18?oc=5,PIX11,2026-08-31,neutral
MTA,Op-Ed | The MTA will continue to make progress for New York City - amNewYork,https://news.google.com/rss/articles/CBMic0FVX3lxTE5IaE93dHhfV2hjOEtIdGpKWUN6WlhkZDlvbVhsRWlVY2g1MUpoZkZQOVhDSEtlZzlEYjhmdUNoWkJyNWZ5cWU0NDVkV0N6N09MQkQwQTQzMzRnZjdiRDVCemkwQnc4bHpqdE0tMzZFS0pnUms?oc=5,amNewYork,2026-08-31,positive
MTA,MTA employee stabbed in a busy subway station: NYPD - PIX11,https://news.google.com/rss/articles/CBMihwFBVV95cUxPeUZubHdHNzRXeHpVeF9jV1RxSzZMWC14Q25fdzN2NXRUMWhqVHkyUlJvUEJzeUF0MXVjWWFyendjMncxc2cxRUd0QXlaOE1oTzlfaTRkekd4Y0txd0plOGdpV0Z6cHZIU3FuQTJVeE5WcWEtaGh5S3VQY3FTUEVWTElMLXdBaE3SAYwBQVVfeXFMTV9DZWdhNWoyZnJTb21UT1R6QjNta2c4TlpKQnNSLS0xbjdRSlpFei1hNC1ULTk3NmM4VHRsOHZqT3FtMzluZU9kQjJKRWtYd1RYQWl0RTd5dEZxRUJZVGlSRF9HeGE0dWFGTGVmMmlESGZIeTlkcVhIZWNWS1FsYWRLTFc1NVR4YlcwU3Y?oc=5,PIX11,2026-08-31,negative
MTA,NYC students get changes to OMNY cards from MTA - PIX11,https://news.google.com/rss/articles/CBMiigFBVV95cUxNRTZSSzg3R1RQSFVJUjU1T2JGcUVZMmp4dDl2U3RhYzlzSTdYRmpZRXNyeTA5LVQ2UGp3TFV1V1luRXVQMUoyX044aFFLbi1tdzRqVDJGakpaZjY2VmVLczVtMzlOa3VDY21NY2ppSjBGRGRMWUdUejVmTlVFLW51cjdTSDdmenlIOEHSAY8BQVVfeXFMUGFhQ3lxUVByODlIV0IxM08wZEs0WUM0bnNFc0ZVd01Ja203Qm9aS0Y4eEwydVBPYUFqUWhnVG1YUmx2NzlvRy1USVdhRzExXzB1QzR2YnJvc1VOcUdkaFYzdmhkaExBMFo1eWZxbnJDRUphRlRwM280ZVdNcXUwMEgyWVhFZjNFY0NpMGZXd2M?oc=5,PIX11,2026-08-31,neutral
MTA,MTA explores plan to turn subway heat into energy: How would it work? - PIX11,https://news.google.com/rss/articles/CBMioAFBVV95cUxQenNCdWNBb2lhS1R4cVYzVFBMaUwtbGMwdTBGbXE1MkFvX29tQkxYYmtnQU13OUJmSXZibE1FaUh5S2pWTTRkS2lIMUV5YWFHN0xqUXo4M2NsRWwydXhPTjJYdDlpZGJUTkxGRjhtVElQQkZnTkV1eF9hbWpCbTYzcjRLZ29HcFVyUkVwSF9KYTQzb3VmMC15Vk5FSlRCN2c40gGmAUFVX3lxTE00N05VaUJGWG9mY0lGbTBkUnN4ZUMtMmNIakp3Wmd2SEhFVVZVeGRNQ3JnVl9ISHRXY2prVGduZzR1LXNCUmxYQlZHMHdkSFVfYW9VTFZNNFJYSzhDNFZKM3U3eTRlNVdQOFI2TlVtZGxQUG1DZjVJTmpuemJhQ2d0dG5abEphdHlEQUx4cC1vM1lRYVFTNGdmWFU4ZzhOV0ExTzNDTGc?oc=5,PIX11,2026-08-31,positive
MTA,On-duty MTA maintenance worker stabbed by stranger during fight at Times Square subway stop - nydailynews.com,https://news.google.com/rss/articles/CBMiwAFBVV95cUxQSnB1cEtuOS05VUloUlItS2xVWVdOM2ZZcGw0b2xPbnJWcm5QLXpJRjV5UEZ2MzhmRm1ScWktMDZoVWtwalVCd0NhaGVDc1RmTkhkanFfc1RzTE9MeUtCa1NScEk3eW5JQmVOUHpSX0p0VHpING9DNENjRmZXN3ZyVG5nUEVzTDdNNmRCRnVMaUFqN3I2NnRROGdaSk1QRG1xR3lqTG9vOVdpcHVRQUowWHd2dXQ2TXhVdkpuWmVVc1A?oc=5,nydailynews.com,2026-08-31,negative
MTA,"Unhinged straphanger stabs MTA cleaner who scolded him for urinating on busy NYC subway platform: cops, sources - New York Post",https://news.google.com/rss/articles/CBMi4gFBVV95cUxPR2FOblJ1UzN2czE1X2dXQnFORkRzMHNBeW10Y2JpaGktLWw0SU1Ub3dZejJHTGxKY2ZqSTEzWTYtTnRoeVBpeVZqS3FjSVRFemptZ3E1M1hNU1NiRnJXR0tWc1lEbHZWUEVzUmhIRGRhRnkxMzJ3NzU0RTBtV3cwRnZFZUQyQ0hwVy03MWtWRUNRQUh3MHBNem5JT0wyYldpQnNyak0yanhEd3JPRWh0RXRIM3JISkxLV0dSNnI5VVFhdEVUUkdUb2ppbzBibnM1M1dOWkVNNENldi1TQ3VhcFl3?oc=5,New York Post,2026-08-31,negative
MTA,Some impacted by out-of-control Pikesville bus crash frustrated with MTA over claims - CBS News,https://news.google.com/rss/articles/CBMinAFBVV95cUxNRUFrc2t1SmhiOXhEeGJ0enM2S281SGx6a2oxcnNXLUFBN2RsdFIzY0RzWEFvaEFRQXkyZXA0Vm5rc2QzMkhmMl9KNlBpYUlCVUhrcjZLYURVZGxPaWhGS1JoWVkxY2drQk9rVXd5Ylc5MWtRQVpjVFhsVnBZSXNzdjZ1ejFpWTBGOEFGeFpyLW92QlpNOURCTlZ3Qmo?oc=5,CBS News,2026-08-31,negative
MTA,"FDNY firefighters, civilians hurt after MTA bus and fire truck collide in Longwood, Bronx - ABC7 New York",https://news.google.com/rss/articles/CBMirgFBVV95cUxPQzNQOUFmV05hcjlIbVZDb0pRYm1GR0lzZFBSMEQwSEVuQWttamxjckRBOFFkU0I4RnJYVi1JOEZQT05XSTQ2b19LcWQ2VEpuaHRCM3RlV1RuakN6Y25KdjBPMEgwN1JyX1JDWmJZTTZPbDNJaUxINmw4cW5Yci1aUWJvajkzdXZUaFp0NUc2ZUkwOEFPNEFVOElIdEY4ZDRLTldRVE1aNWIxT2p1eXfSAbMBQVVfeXFMT0xCU1NBWkMtOFFhMldfN1Mya2tCYS1LMDRva0paSmNiNHV1Mi1RajN1UVlYZlNicEFCeHNranc0dkdYN2plN2lHakNuNUttS19uU2JWNHVCU0p4OXlNNzdZTFE4UnJ4THZPZGpDS3psRlF6dTd3Y3pvby1GVW1xelZfNEU1VlBNYXJKVzE5VHpoZEtJbHc3cDBqZmhrM3FMYmpTMkNqVTBvcWp0bWhvVHV4TVk?oc=5,ABC7 New York,2026-08-31,negative
MTA,NYPD looking for woman who punched MTA employee - CBS News,https://news.google.com/rss/articles/CBMijwFBVV95cUxOSDBiX3JjQmNKemQyanBrR2tjWkNtaGRhWm14amVROVpaMnpZS2tCdGdLRW1PUThqWlN3LXpYRVFreFZGTlhwOWtpX2hHSTVfS1VoazVwMGllRlYwZXdkaFBNWExxcTcxcTQ3RFM1dmNnOFRrejNaMWdDVENscWhpZE5rMXFtMldTcGw0Mkw2Zw?oc=5,CBS News,2026-08-31,neutral
MTA,MTA employee attacked in Long Island City: NYPD - PIX11,https://news.google.com/rss/articles/CBMikgFBVV95cUxNdHpuai1WNXgyMDl3RTlUbDRpVHd0UTZKOFg3Ml81MWpCdkFMNGZTN1dXSEhqWkxLWFRXNHRxYUJ1UUh0aE1rbjJva1hzdUlsWTBpZjZiVUdfOTZ5Q1ZWd09JaTZ3UVFrUmZxOFpaS2lWUVRMMXp6ck5STjM4aXM3ekdQb2NLblJnREFoaG1IZDJIZ9IBlwFBVV95cUxPOUVIUy1pdTNzeFhtdFlNYld3a1FPNGhlZ1NCVEx0V0wzcXZjWkJKTWc0dHk1NmxLYndXZWdncWF6QTBOckhIMDllQkNRclExb2psaTkxaWtwd08xc0U4NW9UbVVqNGVISG9FSlJsQmNKMHNHdDdGcVpqVnhaN1VpaEFfNG1tSXFlUUtwdHNrOTRUQnBzRmtr?oc=5,PIX11,2026-08-31,negative
MTA,"MTA Remembers Artist Yayoi Kusama, 97, Who Brought Culture To Grand Central Madison - Harlem World Magazine",https://news.google.com/rss/articles/CBMi4AFBVV95cUxQcE13WkRWM2taY0w1ZGlob1dZMWJwcnNob2VmOGI4dFAyU0dMQm9vOUlvRDNWVF9ySU90TnMwcU5qaXYtOGtpSFpFd1RMQWVkYlVTY3pXOEM0bldHeDBZR3J1VlpRQ20tZUhJSEI3cko2VkFPRk0wZzRkdTFpdkdKSWdzLWZrQzZvNHF6QmFhcXEySEJ2eks0bEJWV1BQM19MYThmNjlUaEdVQWNLX1hNS3BVMWNBQWo0UHIyOHVuMTQ0bDMxSFlhM0dkQVFjOVZVR1lINkR3T3JTa0pVWjBnaA?oc=5,Harlem World Magazine,2026-08-31,positive
MTA,"Transcript: Mayor Mamdani, Governor Hochul, and MTA Announce Plan to Lower Subway Platform Temperatures and Harness Thermal Energy in Lower Manhattan - NYC.gov",https://news.google.com/rss/articles/CBMisAFBVV95cUxQZjJGYjMzT3JKNUM5UlZaSi16TzE3Q0xueDdKaVFsbFBObTNYMGJGTXFmdEdvU3pzMDhyLWpuMWgxUW0tTWpmclQtR2ZXdzhZTDJMNW8yUWEyNm1MX3k5NElEaGVRM0R3bnlmWTgtNGU4WTl1cnVuRW52VVM2TjFfZGl0VzM2cS1TRTVzYlF5RGQ1Ym8wdUc1eGd0R3pWcVp5azk2YnN1Y2ZjN1JtY3YzUw?oc=5,NYC.gov,2026-08-31,negative
MTA,MTA plans to pilot virtual OMNY cards after year of delays - Gothamist,https://news.google.com/rss/articles/CBMijgFBVV95cUxNZ0U0V3FnQzFEQnhvOENDN1ZnSnlNNWR4UFo1RFh2MXp2aTlLdWZoQVdpNXN6NWxaemRQOWhTdGlJY1U2bEhwUVc4SkdXRkVwR3Zhc1ZUMjk2NEswY0ZCanV6eU9zRnl0MnhSd1Nob2UycHNzUGRZbWdueXNETTF2UWhMZ2k4bUQ0TV9tYW1n?oc=5,Gothamist,2026-08-31,neutral
MTA,MTA push for new housing at LIRR stations goes off the rails - Long Island Business News,https://news.google.com/rss/articles/CBMid0FVX3lxTFA5T0ZMeW41M3JTaFU0VC1lMGpYTXBaZ2l5UEdFOGNhSng3S21qMDFremN0d3BxS2RyTnFpa1VjUVZCNk9oY2lnb3pnN0kzY1duRTdEYW55YzZwUFZWM1ZLamlobXJRQUNBSVVDZE1HOUpMbnFpeTJN?oc=5,Long Island Business News,2026-08-31,neutral
MTA,"Mayor Mamdani, Governor Hochul and MTA Announce Plan to Lower Subway Platform Temperatures and Harness Thermal Energy in Lower Manhattan - NYC.gov",https://news.google.com/rss/articles/CBMisAFBVV95cUxOMWJITXZGU1pQQXdQOHhQTm9KalloVWVUNXN6NWI5NFRxS0lhdEIwQUpDbURQZ0IxS1ZGQWk4WURCWENZeWdYSkFfZDZKa1ViZUQ5UzJ2R0dkdnA0NEhUZkZLaHRpSWNLbEFyeU5vYi1PaGFlWE5wOUxIajY4YVZZOHZ3Z3hPTnZOcDZTa1JkYkNTeWdVVnJ3RW50QlZ3ZXI2bUNhemhJdTNvaXBrSTJjSg?oc=5,NYC.gov,2026-08-31,negative
MTA,MTA boss slams Amtrak over its East River Tunnel project he says snarled LIRR service as first phase of work is completed - amNewYork,https://news.google.com/rss/articles/CBMikAFBVV95cUxOUHNvRWRQa3d1YTJDV01hblJlc2JaOExsZ2pmckdPX1V6NVZOZUJyT2QzM0Zsa1pJLTRKanhkMnRpYy1hay16QzVibzlhUmY3QXJNZHBzaVptR2JXenY4RFpDQlk5WkdxbzluanJKb1BYSTExbjlHM2ZFQmZna3RUTzdqMExaTnFFdU54cXJIWnU?oc=5,amNewYork,2026-08-31,neutral
MTA,Meet me in Montauk: LIRR to run direct trains to eastern tip of Long Island year-round - Gothamist,https://news.google.com/rss/articles/CBMisgFBVV95cUxNbDYwNnhVUzNON1FlR1F5WUZ5UkhQNGk4akJJa094MVVaOWRick5JVjRzLVR3UmZTVDNqdjM2eTQ5N1BuTUpENmkySDFuZXhUckpUand2MDVwWHRjeHo1RGJia2JfODJzalhLQk9ZSS1VZU1RM3E5OWtJeFZPT2xhQ2hyU3dhekcwSTBVUnZnRDRaZk01WldzV1lwWE5SXzhiTUs3R1JORnlhcnd2SDFvS2lB?oc=5,Gothamist,2026-08-31,neutral
MTA,Concern continues to surround MTA bus fixes as work orders show no work done - nydailynews.com,https://news.google.com/rss/articles/CBMitwFBVV95cUxPMVE0Q2cxYURVYnMwLW1FQjRHaXludHVrd0gyUThhcGxibjRBYlk3STMzVFVhTkliMkxvTUZaQW5zaC02YjJtUTlhYzk3T0oxdlZFWXVUcFFUVGFOTWNiZE54bzFvZ0RYMUVGcWVUU3BNVzhWRWtYcnBnc3F1SGFFZ3RDTDhnZ0NSMUtCdUVfU0g4SlhHRmxqT2FSUHh4ZndFNjBsZnZHQlNBWVFvaWg3MDI4bHo1aUE?oc=5,nydailynews.com,2026-08-31,negative
MTA,MTA worker suffers ‘severe’ laceration in stabbing at Times Square subway station: police - Audacy,https://news.google.com/rss/articles/CBMiyAFBVV95cUxQM0pJdDU4RUlhZHRMR2NiYjZ6TjVUYlp4bjNDLTBiQlQzTEl2bERTV2xTMVFybFhFaThRdmVJdEFudmRXU1F4SDVsRDdwMzlYVy1TV0x0X09Nem1kNl9ONjFDRXNyU0d3Qkd6b1M1Tkk2RHNUaks3ZThWeFJtb0RCSGEzUG92bC16UWZ1ZlNIZENwUjNONFlUZjNZaG5VejNCX0d3dWo2UE5kMlJCMmJQNzlwNDRIS3EwT0NoN0hYdUFsZVhnYURKYg?oc=5,Audacy,2026-08-31,negative
MTA,"19 hurt, including five firefighters, in MTA bus vs. FDNY truck collision - NBC New York",https://news.google.com/rss/articles/CBMigAFBVV95cUxOUTg1TUlPWGZIN1BSY2dVSkZXdTVKbmtYYS0ySW4tLWtTYTF3aE43RXo1RndXWG5DUkpFRUJMM2Z0ek91WVNUaXRPUTFEUWh1NjZvNFZqaXk5Yl9GVlh1SENqMldlR2lPa09MUzVUVklGeWt0VDBza3JNNWhESTdadtIBiAFBVV95cUxNa3dyaVh3TXA5V3dpYTNNS0thQURXUU5NUnFFRGVzdW5RWHpIclVWZjlIR2pzMzhlZHFBRWJfaDJWQnJwOS1NczdNN1NObXJkMnJSRV8yZkpuRkp1WFJpTWtzU1k5MzZVc1haZFZ2bjVmT3lqaS1XVWdGbkJLYzYyYUxlMVJyT3pR?oc=5,NBC New York,2026-08-31,negative
MTA,Service on multiple subway lines severely disrupted: MTA - PIX11,https://news.google.com/rss/articles/CBMilAFBVV95cUxNSGtnbEtUcDVDaFBvOWlzcTFMdjZRWS1oeXNTTjk1UVhIQ3JGcmFLNFB2ejc0c3JUT2tjeS10eEkyS0VLS0FQZUE3Z3BqbjJVX18zQnRDNmZ3Z3RxaS1NaXlXNGw3UVFNc2RPeGE4bE03a1E1RVZ3a2pLTC1BTFViczIxRkdhN1FTVkFaR2RuVTdMa2lu0gGaAUFVX3lxTFBGVW9YMzF4ODlReTdiWUxOZlRrSkRiSzJXazFIWktzOUV3VG56b2lpNjRYckdLY2pKRk4tM3JHVUEzRkxZLU5MRjh4YlJWSEJvdDE2cENSZVdCenBySktmN2lXc0lydnNyTkhpY19OdGtCeTRtT0ljLTF4V3VGMHBpa1N6M0NVNEZEX25NTEoyZm9kWURBc2VMb3c?oc=5,PIX11,2026-08-31,negative
MTA,Overnight service in Manhattan suspended on these subway lines: See when - PIX11,https://news.google.com/rss/articles/CBMiqgFBVV95cUxQVVM3OVV5UVZRSjgycVBvMGRUS0RCSHl2d2ZZeFJvY2lBdS1pdlJVbE43ZmhYX0ZQZ3NWQnpmNHVtWnBSbXd2ckI1ampkTVFCRmZ0VXhKc3l0blh3NGFpeFhmSmZCdmNXUFJ3b0llNUlpdUZmWTRhZG5QRFhrR29qeEZiZndxdWp2ck0xQ0xneGlva0IzLVZlMThfQWlmUDJUaS1ZVTl5V2p3d9IBrwFBVV95cUxOcFpTaVJXXzZuUy1XN2xKa2tZcHBGTFFOV28wRkZzYnBlXzdKdjIxTXdJemtKSHhHVW9xTW9lWnhaQnJTakRrOXJIamN5QWlLakZWN0djMFdmZzYyQzI1cXVrcVU3NXBqSHNHeHo1Q1ZydHVFSzRpZVZlZXh0OGlTSFl1SDZ2Vmo0WWNveElsRWc0X28zR0IwZExSdjQ5djQxY1ZIdllPNUZfRExqaHc0?oc=5,PIX11,2026-08-31,negative
MTA,MTA identifies dozens of traffic chokepoints in NYC subway system as top candidates for improvements - CBS News,https://news.google.com/rss/articles/CBMiiwFBVV95cUxQenJMUnJ4RzNJNTFzcW00dmwycmxfclQxOVVUTXM3S1czTlVRM2Zod2dvSGdrNWJwN2ZRYWJoLW5Rcmw2bGN2QzFtX2RuSGlsZ1RmNFJ2dUVzWVpNUzhPbU94dTEzbUlWbkFXZ2RmUzd5bkhlNHpLMDVpUndMUDhpTTFSV0RJN0ZOVGJj?oc=5,CBS News,2026-08-31,positive
MTA,Man sought for questioning in connection to stabbing of MTA employee: NYPD - SILive.com,https://news.google.com/rss/articles/CBMiswFBVV95cUxPQTZ6UEdub2FXV0VRSVNqdktlMWkxd3JRbEFSMVR2VTRmek41b2dpSndPajhUWGo5STNhTVpBakZ2NGoyRmNnWDdEcExQRVJNakswMW5TanNwMmN4bHdpTzl1Z2pXWExTYzgxbFo5R2hFby1QUjBhRUd3aVI3Qkh2ZUdQSUNlRTN5M0c4eWV6VWlRRnI2ZEFLM2xLTnVGVTVSeDlxVlB1TF9xYWc3Qi05QVI2b9IBxwFBVV95cUxPTVhuN2N5Xzk1QjFWdnhOc0tuSEoyNXJrWXJXWkw2WklOdDVRNGpxTU45M1AxeGN6Z1otR3JWOGsyckJRdnM2a3QyMkRPTGJnTGNfVmxLNTFkMEFPYVdPbHg4ZkNPMVg1eVJNa3gwamdObTN3QmctTnpLMUlPNEdGTHVVTUZhX01rakpvMHNicnF6WFgwcWR1RVZ2OTQySWh1d3BjU1NOZ3FNU1F0aHJaSm5DMS1VTWFMX2lKTTZaNUxzLTAzZWdZ?oc=5,SILive.com,2026-08-31,negative
MTA,"NYC students call on MTA to upgrade OMNY cards, claim they are too fragile - ABC7 New York",https://news.google.com/rss/articles/CBMilwFBVV95cUxNbU02Z3VyTUxZSE9RMTNiUTNQVWNUSk0xLXBuaktoQU94ZUpCR2ZEa0F5UjJOV3NZakY4aTZMcVJXQWVkVkFJVTlVS00tWXVBNlFtbWpwdF9HVmdOZTZUSVJIUXAzdkhTTkF6NHVzM3RIcFlZMU5LWS1SZHRad2FnM3lRSDJXYmMwM0VwdWltQndHNjlqMnZZ0gGcAUFVX3lxTFBXR3lJSWdFNVNPQTJNRjJrcXpZdWJqOEJXSHFLeWlsNDN0dkNrQW03alNkeFRseTJRTE05VVZncEdoakc3UjJxcDJxSUVJc195LVJqbHV1Zk51U0F5ZEJHVjFuNGIzbl9TRmNEUXlBYTFBbzdGMmpCQm1pb0RZR2dEUEs4YTI1cDBRSzBLRE4yaFVvYjdCeU1GQVVhQw?oc=5,ABC7 New York,2026-08-31,neutral
MTA,Man sought in Baltimore MTA bus assault - WBAL-TV,https://news.google.com/rss/articles/CBMid0FVX3lxTE1SbzhKYk90MzNQTk9TbnJ5aGc1cXp1Uk1VM1dmRnR0ZlE1YTY1T05VQWtOd0lZenIyQmtQczEzRmdEYmhPNUVuY1JZZEQzR2ZOdlhPNV9VLVRNX01XWWk4QnFGN0F0bnQ5SU05MVNRRnpBQU0yT2dB?oc=5,WBAL-TV,2026-08-31,negative
MTA,"Subway, bus, bridge and tunnel tolls may receive 4% bump in MTA's preliminary budget plan for 2027 - ABC7 New York",https://news.google.com/rss/articles/CBMiuAFBVV95cUxOOHVMWXRtQ0R1M2VPd0ZuTXIyQmdkWHlDd3paVDhkbVNFcWpCV094dGdCcTItdWJvc2JaZ0dsR3ZPTXVDRU90TkxnM0NKYnpRLTAwYkZmUW5wbDhycVRMdkRoei0xdUE5T2JhckZoSDR2U1cyX2F0bUR2ZnRnU3RQYjltR2t1TVlwM0tTQ2M5YWFUeXc4dVNWVVlmcFNsY1NUTUtuTUw4THBxZ0dkQzhMYjRVUVFPX3lV0gG-AUFVX3lxTE9FdWEzT2dRekY3STNBakZ2N3A2ZERHQTNjWUJxVnFSeTQ0QnBLTThmNWg3RUR2QkRTQVNWYUxYWTgybWRIVHFld0JYZGlUM0xpZlFGMGpFaTU5ZWJLdVV3eVdnWEttdmYyaml3TS1mU19fVnpOcnRzaTJ0OEI2VXBaQjVrZW8tR3VHVXJGR3RJTjBYUzd2SW51MWFBbGR3cWFFajFWZG03WENiOUxraTZsZmQyYktjVmhrUkhoLWc?oc=5,ABC7 New York,2026-08-31,neutral
MTA,"RELEASE: COUNCIL MEMBER PIERINA SANCHEZ, LOCAL ELECTEDS JOINED COMMUNITY LEADERS DENOUNCING MTA COMMUNITY ENGAGEMENT - New York City Council (.gov)",https://news.google.com/rss/articles/CBMi_wFBVV95cUxNNXBHdTlKR0ZNQVVOTW5YNkhPX1BHLTJKazF3OEM0bkwxWXdQYUY4VEhBUzl2cy1hQ0VkMDQ0VUZMclVuTE5HRXB5ZzFqQTdwa3NfYlhUYWNHUDYwOVRxRDd6blJDclhIdEJKb2toS1QyNE0yMEQzcExONUhRTWhsRF9NWUJqNzJaMWJCd1Zlb2RNWjQ4ZmgtcjZ2NjYzbmtJa0g5UDN3Ry1HeTdxNUFZd2J3SlFFSVBaSU9VTUo5eE93M0VyUEpsdVdTQ0h4ZnZWTGNPVFdhU0czLUt5OUtjVWYwOVFLVmlqQmJjX2dWc2tMTHFLZ29aSlZrQzFLNnM?oc=5,New York City Council (.gov),2026-08-31,positive
MTA,MTA could be missing tens of millions in bus fares - WBFF,https://news.google.com/rss/articles/CBMiwwFBVV95cUxNMmdkY0JOYVBpSEhjdFdfN0JCbFlpSmtpdmlsU3djZkZZNm1pZG5yVGZxOV84THJab1lhSUxuS3hYXzdSeVJBM29kSVBLUlpzLXUzMDNXUncwX0lqSk41Sk82am0ydHlLRnBxbGFsUUMwR2pBUlhjbGNxN213T3I2TEtiQmt3VHlBYVEtNDFUNHp5TVFQSTZmb2V2a05hRlRDRjdOVVNVcVR4YUFYTkRZOXpyWGZMeDlrbU1Pb21lcWQ3V28?oc=5,WBFF,2026-08-31,negative
MTA,Brooklyn Man Sentenced to 15 Years for Opening Fire on Four MTA Inspectors at Brooklyn Bus Stop - The Brooklyn District Attorney's Office,https://news.google.com/rss/articles/CBMizwFBVV95cUxQZ2V5eC16U3pRdmo4a1hBTTdrM2g0NmtfYTNFZTFfa29ZQ016ZUN2dlMyWFpLakNPcmVmeW9vNXppVFR5M09tclNQSno0aTI0RjJJWHlDZHl5YWlpZFVWc3dNUjM1Vk9yeXBROXZoQkpkREFCY1pabm5RSXlHaWl2Z3kzN3J6dEp5RzdPNzR6Q2ZLZzhkQnJtUUVNNUhIY1F5bWNobm5xdzluZXN4SXkyNWhqNGtrZUhVbkN2amVSVU94aWNPbUlzdnlrbDNqbDg?oc=5,The Brooklyn District Attorney's Office,2026-08-31,negative
MTA,Governor Moore Announces Appointment of Tony Bridges as Maryland Transit Administrator - The Office of Governor Wes Moore (.gov),https://news.google.com/rss/articles/CBMiygFBVV95cUxOakpYdFV0cHR5OWdIX3Q4alBRcDhnR0xPT1FoczUxNUNuamhlWEQ2WGl1NkNjd1dxTGFRWjBMaUdYckZKZzFmdmZYZlFySDJVSUhBMEQzX2xTYXVaMmJ6d3VpZUJ1anFWSFVNdFdnZXdSOU9fbHBCdEI3aUtoSzlQNS1uak15ZmlCZE5JdmlLUkozSUJuZ0JPcUIzeTJ3Z2k0OFhfX0xDYzR0Y1EyWThOUGNUR1ZfWG5HWkpsNXpPRHpuZEFDd1haNEd3?oc=5,The Office of Governor Wes Moore (.gov),2026-08-31,neutral
MTA,MTA unveils new plan to cool down NYC subway stations. Will it work — and how? - NBC New York,https://news.google.com/rss/articles/CBMisAFBVV95cUxOM2FxSGV2ckNYTDUwT1VSWkVoSmVSX0cxQzhkdGlzbDF0WFhOeloxc0UyRFVqeWkyS05ESkp0SXdWWEJNZzRyS2tWUDZsY1AxV3pka3FsQjM4M040eDIwWUV0TU5jZ290Tkk2ZW85VXBQdXdhS1JIVkpSUmVGWHZnZlNOUG5wOTgtZGZNZ3NXYWlod0pfNFMzTFRQUmZWTm0wbF9FOEhqN21IRXdMZjRFWNIBuAFBVV95cUxNQVdKUkFBRUNpOWYxVjFua3kzVTBOdWRxM0RqYWJzbUZDWThlZ2lVbUVNQWhZdFdtcWhHMkRWVXJyakJMTmFQNm4tdUlEWjVFbDlUdzlSUFhwem1nWXh4UHoxQ1NYeU1idDY3c2xfZHZjbVB2MGlJTWstUkJWZEhDSjQwUzB5WmE4bVhWaFFIenlDMkpLa0JvMjlweXZMRC1ZZi15VkNSdVR5MVZHRVBBOFNyRXRFcVVa?oc=5,NBC New York,2026-08-31,positive
MTA,'Shut up and drive': MTA bus driver says operators are told not to enforce fares - WBFF,https://news.google.com/rss/articles/CBMiwgFBVV95cUxQRUx0MzN2YTNnNW9qZmZVZHpDUmhBOEplOVhDc0pPai04N2UxcDZBZXdnWEJzUTVQTUZPRVFHM1V1VlZ6UXYzeWJWMlBrdlcwTlBjOXpheDRBMVlpZ2ZOYTd5ZDFzVGh6MEVDeFlaV1NpWW9JQjIwZmRJZDVTZHVacnk4Z1MxTTdqNmR0V3FVdkRDOVV2TXpmY3VhOFNobjg1dEZxVGNaX3dNVmZqenV6WE0wczE5QXpGSkwzUy1PbGprQQ?oc=5,WBFF,2026-08-31,neutral
Massachusetts Bay Transportation Authority,New MBTA pilot programs begin Tuesday. Here’s everything riders need to know - Boston 25 News,https://news.google.com/rss/articles/CBMi1gFBVV95cUxPYTQtNUtxRXhpRjE5VWtndU9DZkIxRy0xS3loc0JXUUZFZWpQVmNraTFLam80UHllS2pJYmNXTUVnNkxmUmNNZFlnZnJGeUJ1TWhYWnFQMERqMDR6OUtWQms1S1F3LXpFOWVtMUppa0ZTMDdJRkxSdmdjcE9uNXZCdDEtb3lPaG1aUGcwbDNwdFZNY3l4R081VzBaelBtWHRNZWMxNk8xWUQ0V2FUSzJqeUptOG5RN2RsVzZ0eG9YWVlxVUQ4NmlKZFFjQlFJZm1Vb3diT0FR0gHqAUFVX3lxTE1XYTJmZ0xvTU1lZFRETnlYb29DZXA1NFlLT2pPRmFyMG1fcTZDZ2JBOHYxTzRwUk1aSEZBNElXNEFESWtUZ2pxYUI1VjBHWjF3TXZOTk5TZjNqVkRPOUFmbVdaSlVIemt6eEE0OTYwaGw4REoxeVBETGJVWWF0ZEVNajR5NkNYcktfdDlnQjJ5M2dDMDVlUkFDWXpMT19BaFNfYlVkeUZCREc2UklUYkQ5TkhBZlFNbDd1OHlldm9XRjJGb1llcWhTbHRzZW5XZmU0U19kYkVCUzY3dUlZekQxWnh0YkthUmxadw?oc=5,Boston 25 News,2026-08-31,neutral
Massachusetts Bay Transportation Authority,Teen dies trying to rescue companion after fall at Massachusetts Bay Transportation Authority train station - Fall River Reporter,https://news.google.com/rss/articles/CBMi1AFBVV95cUxPRFlIX0dwUDhZR2hENXBKZ3EyVWZQMWhIdldWUXY0OVowM3Zvc3JJaHNlTFcwdnkwbFlMUUE0dV9nR1NnRk5EQ1dnR2E5S0JXWDgxNktVLTdKVkJYYkt2bWdPTTNyREVKMTB4VmlhaXFIMUZfQ0xhNEo3cC1GUm9YdkpqLXlnejhyZllPb28zejFaaGp0QlRsaTY0ZWdmRkxsNmdFSFgzM2Q5eGVyR2pLWG10YzlHY1ozVTA3NGJ4UExGdUlxYWFmMmdtWTlYSW5RWEtsT9IB1AFBVV95cUxPRFlIX0dwUDhZR2hENXBKZ3EyVWZQMWhIdldWUXY0OVowM3Zvc3JJaHNlTFcwdnkwbFlMUUE0dV9nR1NnRk5EQ1dnR2E5S0JXWDgxNktVLTdKVkJYYkt2bWdPTTNyREVKMTB4VmlhaXFIMUZfQ0xhNEo3cC1GUm9YdkpqLXlnejhyZllPb28zejFaaGp0QlRsaTY0ZWdmRkxsNmdFSFgzM2Q5eGVyR2pLWG10YzlHY1ozVTA3NGJ4UExGdUlxYWFmMmdtWTlYSW5RWEtsTw?oc=5,Fall River Reporter,2026-08-31,positive
Massachusetts Bay Transportation Authority,Massachusetts transit authority to sell bonds backed by sales tax - Bond Buyer,https://news.google.com/rss/articles/CBMinAFBVV95cUxNT2JhZ3A1ejl3dHFQTm1uLTJaNk0tR3RxU25Ic3lydnNjd1ZRM1lEejB5Q0hsSmo5b2ZUVVlUWWVHaHNJMElMT0o1WWxKVXBlTXpqRl9LOFM3eHV5M21jcmFKREd4dXp0endfMGtGQlVhblA5VldWeEZCLU1BbUVyeU5wR2ZoLWkyQnhsQWFrZW9QeUhmYWNpM3dMQ00?oc=5,Bond Buyer,2026-08-31,neutral
Massachusetts Bay Transportation Authority,MBTA launches new Harbor Loop Ferry service - Mass Transit,https://news.google.com/rss/articles/CBMi_wFBVV95cUxOVjRTUmIwTFdaT1ZGQ05vc0lsOU9nZFM0RE9SMXduTEpHcE8wOEM5SVJfOXZ5dnk5eTBpVUVfbS16SHpOSGR2NFVSb0hqWGlpcThya0dXdjNjZmRrZ2dtSEhCeXN3SHFwYWFNWXNTLXBzM0Q4Vnk0TFlQV3dFNlZ2dlN3RS01RENpSWlSQmdic19tZEVVN3BhTGJwQjB6c2tBWWd3R2VPU1FEUmJXLUoxMTRIMWtSZ3ROV2ZValFpN0xzMjYzNHZYWFFIalVJV0tFZlZ5cUpsTlJHNlNicjR0MEYxekd5WHJrRklfc2ZkTm5NdVRiX0tEb2NkT2d0dzA?oc=5,Mass Transit,2026-08-31,neutral
Massachusetts Bay Transportation Authority,$530M from state millionaire tax will go to Boston-area transit agency - Smart Cities Dive,https://news.google.com/rss/articles/CBMijwFBVV95cUxPLVU5TmpsY0RxRTRSNXJkQjN3eU9BelRlVlVsdk56cjdVMFdkYjlGNy01MGdfUmcwd0NaQXZhNDRDaC11N2lWWFduWVJMVkpqcUpCTUloN1RFMGYxekpnbVFMVmVIQ3BCbzRHYzV6b2J5bVZHZGtrNlM5bnNaQkFWeUhkMkV4Qkp4Mm5RMXFYcw?oc=5,Smart Cities Dive,2026-08-31,positive
Massachusetts Bay Transportation Authority,MBTA receives additional $530 million in state funding - trains.com,https://news.google.com/rss/articles/CBMilgFBVV95cUxONnZyMDMwNWRKYjJGZkg5RGVnOERyRW1oM2hfRDZlWmlYUHh5VHBzVGxXSjE4TmNvbjBsd1hHMDFnLTk0NTdzUWhmQ1RiQ2lJc3h5QTZHVjZ1M2tVcVdwWUhXeWc1bUpSVjlvNEd5NDFVN2JlQkpJZHQ1X1BRNFhGd1FjWXZYWUU3MnF1Z2RsU3BIMjVaSUE?oc=5,trains.com,2026-08-31,neutral
Massachusetts Bay Transportation Authority,Massachusetts Bay Trans Number of Employees 2026 | Employee Count & Headcount Data - Revelio Labs,https://news.google.com/rss/articles/CBMie0FVX3lxTE1nMldHRXhuRG01UDNuaE0zT3dKNDN5VjVGckNnZzg5d2Vub1BURGhValVyaXhiZkhDR0hwRGExQmhhRXd6QnRXRS1UOW9xSlNWX3JwZFBXUlNyYVBHSjhraXJvR2RxYjBSa29lSjZiWmJQY1c2NGpOakdQMA?oc=5,Revelio Labs,2026-08-31,neutral
Massachusetts Bay Transportation Authority,MBTA threatens to use eminent domain to pedestrianize Boston streets during World Cup - Planetizen,https://news.google.com/rss/articles/CBMixAFBVV95cUxPRk1oWEQyWkgwOHJIVWc3YmxkbzN6bG4teEx2aHllQkNjbkQtRTA5LWphekRTRDlhUmtLS0Z1ZXI5dnJzejVCc3FUYTBLNTlfc1g1VFRXajZDODJmYnZSd281U0NkT1hJNERZcXYwMFVoYVZjN2Jhc1pCNnRVWkpfVmMzLVpXbU9VYzNMNnp6WHNQWjFFX0xaWUduQkJ4alRCelNBanFkTE5XX3Y0Vm9yRnhLTm9vV3ZXNVJFXzBxckV1TUFv?oc=5,Planetizen,2026-08-31,negative
Massachusetts Bay Transportation Authority,MBTA Board Approves $10.3 Billion Capital Plan Through 2031 - Metro Magazine,https://news.google.com/rss/articles/CBMimAFBVV95cUxQa3duWTMxN2NYOG5FRmxObDBxVTVoTjRIR2xVUFpzNDEzS0pEOHI1QWU2WGwtaTBwV2dHSVBTVEt6aHhxdThWVm83SnlQM2ppUG50dTZVYmg4WnpWWmtDT1MtX0hmVWFvQXNKY3ljUlRQVnhVLU5yZk82ZFJManZKTWVxdS04UHBUMkppODNuZ1NwNVpSR0xEYw?oc=5,Metro Magazine,2026-08-31,positive
Massachusetts Bay Transportation Authority,Three shortlisted for Boston commuter train operating contact - Railway Gazette International,https://news.google.com/rss/articles/CBMirwFBVV95cUxNNXVOcHpxY2ZaZURVSGF3dGc2NW1qbXBKOFM2M19CUWNYLVB4cGNsUnNxMWJKNUpqVjJhcU9vT3pnaHFtaWVRd1JMcHI3WEI0UGpWenhKcGRxbGtuWG9TdDRKMmlfSWZXa1E1bTdlNXRYaXp1dFM2SUlhRm9Sa0pRRmFGaE04eFJxMm5VQmpZcDROd05PbG9DaTlMcDBYSlp2aHlVZE5rOGRpbUd3cWRJ?oc=5,Railway Gazette International,2026-08-31,neutral
Massachusetts Bay Transportation Authority,MBTA to close Symphony Station for nearly three years - The Huntington News,https://news.google.com/rss/articles/CBMimgFBVV95cUxOc0ZzaGdUTm5pMUxjZncwejVPRkNJSkFCNHZZYUdja0YzY3U1YmpaUko4cV9jX05LUV9XS1BKTjJmTWFTNzlLUGNZbXdYemxTdl9iZjNqaTVSMHZiZF9hNXZ4eHZSc1pWNFQ2Ymo5c21fOFRiVF9FMzBNSVZ4cWZZWmgyVG9JUFd6dEFFNjJqVFh1eGxpLVU1U0dR?oc=5,The Huntington News,2026-08-31,neutral
Massachusetts Bay Transportation Authority,Major Upgrades Completed at Kendall/MIT Station - Railway Track and Structures,https://news.google.com/rss/articles/CBMiiAFBVV95cUxNZGluenAxRVRzTHBlQmlLMGlGd0NlcllIbVdoak01NjNXX3NiNVRjTnBaOXNTTnJIN29tcTZ5VVV0WlZHVXVyRDN0NmFYWl9QQnlxbV9Idll2cG43ZkR4YThjVHBjZHlUcXdabDAyalRHMmZ6b1NTR0tvMFJhamhnWG43cnNEdjJh?oc=5,Railway Track and Structures,2026-08-31,neutral
Massachusetts Bay Transportation Authority,MBTA expands Transit Screens @ Libraries initiative - Mass Transit,https://news.google.com/rss/articles/CBMi6AFBVV95cUxNd2EwQ0R5MGpLNE1zRjROSm5PLUpoSEVVcUpZalVKbE54WnFhR05WbkNEQndTMFJWb2Zmbk5Db1VVQ3VPbHFfWkRUOUl1a1ZOUEU0b0cyaU9ZbWF1MGJBV3ZSc3VVZDFFT0xyRVYxRURWckhGLWlhWnppQzBXWHVTMUtYOEZDeksyUUtCaTBtSlFTVGE4aGZUMy1PZmxCTUVreVgtUWJReWJJZENrMjhibUVINFppMGFpQTFUM1lna0dlVEIwdVdXMDgtc19XX1NtdGtEUGZvbi04VzBRYlhWLUd5ajY3LXRP?oc=5,Mass Transit,2026-08-31,neutral
Massachusetts Bay Transportation Authority,MBTA sets price for special World Cup trains at $80 - trains.com,https://news.google.com/rss/articles/CBMiqgFBVV95cUxNNGpJczdrMkIyZW9ZNVFlcFgzanB6aXZGVDg3RHJRZ3NDYnNBRDJxb0VQa3JYODZ2bU9MdFBzZi0zenRXdFdpS1NVNjAxaVBzUmxrdzgtUVhSWGZnUEdfOUZkYlJrSU5keGVpVXhnVVJUV1A1OGhnVGRkUGkzd1ItXzMxaXB2U3dPWDNFdVowazF1U1FIOFBCZl81NU9RTno0UWh4SXI0VWREUQ?oc=5,trains.com,2026-08-31,positive
Massachusetts Bay Transportation Authority,MBTA Updates Rail Modernization Plan to Expand Reliability and Accessibility - Metro Magazine,https://news.google.com/rss/articles/CBMisgFBVV95cUxPaWZNaVI5OXFHZXo2X01uSWdhVFB4YV84TVhGcEZFVTN0Vm1sa1c5UWhOZkl4Z3dUSk9zd0k0LXhJSHZBcElWTnd2ajd0WTdPMFhNN2JSa3liT3pwX0NkUkhtMHVKdmF6ZWxSMHp1T3NkNF9DcV9oOVA1Uk9ybzJqLXUtcFNqU1RfQW1feGo0aGhwengzUjN0eVA2SlhNY2V5dm1aU0ZOMU43OWNIU0I5cUR3?oc=5,Metro Magazine,2026-08-31,positive
Massachusetts Bay Transportation Authority,Massachusetts Bay Transportation Authority train collides with Bristol County delivery driver - Fall River Reporter,https://news.google.com/rss/articles/CBMiwgFBVV95cUxQSHdBbWhzeFBQaVloNjRBTTJzZHd6RUMyYlMwNk1fX2hLUV9WNU9pcm5wekFabE9QMjhvYmlibmRSQm1QTVN0QnFUMWZ4WklaSWpmbGIzSkJCN0hjdWVOSTE4TllqYTlDQmhqSjBZSnVURWc5dlFtTmotVWRMQ3RydEFpOFVBOUdKZ2xuUzJnVlV6d3J2blQ0YkR2QjNMUUx0R1ZVUmpXXzVPcjA1SnlfNWxsRjFzempkUXc5eENuVjJod9IBwgFBVV95cUxQSHdBbWhzeFBQaVloNjRBTTJzZHd6RUMyYlMwNk1fX2hLUV9WNU9pcm5wekFabE9QMjhvYmlibmRSQm1QTVN0QnFUMWZ4WklaSWpmbGIzSkJCN0hjdWVOSTE4TllqYTlDQmhqSjBZSnVURWc5dlFtTmotVWRMQ3RydEFpOFVBOUdKZ2xuUzJnVlV6d3J2blQ0YkR2QjNMUUx0R1ZVUmpXXzVPcjA1SnlfNWxsRjFzempkUXc5eENuVjJodw?oc=5,Fall River Reporter,2026-08-31,negative
Massachusetts Bay Transportation Authority,MBTA’s proposed FY 27-31 Capital Investment Plan to fund remaining cost for redesigned Arborway Bus Maintenance Facility - Mass Transit,https://news.google.com/rss/articles/CBMi1AJBVV95cUxQd2diQ2xjbS10NHQyTTF0d3RRS0dkaWNoYjlHR1ViWFg2dXhFaWxmRml2NzM4VktpYmFLQzhYR3UtdTdmUkxubGg3aGxqX0hDX3FFUHQ1QWFrLVJJTmVpUXlUTi01ZGRkc2ZOaDhXNGM0RG5wYjc2YnkwTTI2c05jMjZuX2JFOVd1NE5Bdk13aHZOUXF3X0M2aWNEb3U2Vzh0UTRtRkxOa2J2aXFQZnoybjBPOTFvWFRReWYwc0tuSTd2Q2J6ZVJhMlRFLWp3RXozQTZkdDRPTkxFS2dLUzdzN0tMcm02d0l4MHB4N3UyNkU2aVhzRlNkc3dUVUJORHhreTBsSnA0QXpzM0VBaVRYZy1aYXVFcG9GS2JIaERsTHJmdjVHb1RnZFpUQWFlemh5eW52YURKYlBmWEc2TW1ET29BTWJVMURZMkxVLTRjcmlmTERp?oc=5,Mass Transit,2026-08-31,neutral
Massachusetts Bay Transportation Authority,News photo: MBTA’s America 250 unit in operation - trains.com,https://news.google.com/rss/articles/CBMipAFBVV95cUxNMUxKQTBfUTAtVTcxaWxzMnNvcVNlNlBqME9KTzJfZXNqZkItRHZ6WDFJVGhDb1dZQ01DdjUwdVBqa1YxNHJkWnc0bThYSUQtZ1h3Y0JLZUJuQ3FKRkJIazhQTlFtNnNnQ1hQUDdHVkMxNkJzYkVVUWUxOC1DMzV3TDdXcjNvZmFtZlZnekMzYnFJZWVwMEZmMk5OenVGQlNIcGVXYw?oc=5,trains.com,2026-08-31,neutral
Massachusetts Bay Transportation Authority,Authorities investigating after pedestrian killed by Massachusetts Bay Transportation Authority train - Fall River Reporter,https://news.google.com/rss/articles/CBMizAFBVV95cUxNNTlKTTY5T0xocWRrYURtMXA5QkhTMmVUa3IwbVZwRTdpNF8wQVBoejdQaHlRNDBpS2MtaFprYkdyeFdCd1ZTbExKTFF5YXJEUUpTMWdRQWhVakRuLWtJLVZ0VWVQcl85NS1XeXVadnlhRGlaY0JVQUd4QlA1c0dQU1I1NzZZZUZWbTc3RERmYlRDVF84SWh0cG80dG5kU1FYVWRMTW5BaG9saGhWVUczWGNaSWVyUUhvWHdZaTZ3LWtac3VGZzJmUzBnRnrSAcwBQVVfeXFMTTU5Sk02OU9MaHFka2FEbTFwOUJIUzJlVGtyMG1WcEU3aTRfMEFQaHo3UGh5UTQwaUtjLWhaa2JHcnhXQndWU2xMSkxReWFyRFFKUzFnUUFoVWpEbi1rSS1WdFVlUHJfOTUtV3l1WnZ5YURpWmNCVUFHeEJQNXNHUFNSNTc2WWVGVm03N0REZmJUQ1RfOElodHBvNHRuZFNRWFVkTE1uQWhvbGhoVlVHM1hjWkllclFIb1h3WWk2dy1rWnN1RmcyZlMwZ0Z6?oc=5,Fall River Reporter,2026-08-31,negative
Massachusetts Bay Transportation Authority,Boston extends successful fare-free bus pilot - Planetizen,https://news.google.com/rss/articles/CBMilwFBVV95cUxOYXFRREltb3M3bGhQbVpCd0NxYnRxazE3UnN2LVl2bHdxWi1Ib0hFNC12blNOQjdpaTNlRkdScWxVY0I2amZXV1RYTFVUTDhlNE5maEwtX2ttTTVCQUJteDB4UjkzZmpCTnRlSEdFdW1nLVlOel9pZnU3d25ZcVdQcDRiZHI5T0ZzS3FidEhUcFJrZ05sQW5B?oc=5,Planetizen,2026-08-31,positive
Massachusetts Bay Transportation Authority,AG Campbell files suit against 9 communities for noncompliance with MBTA law - WHDH,https://news.google.com/rss/articles/CBMioAFBVV95cUxOTUNhQmE1NDFDU2JCRTFpUk1YWWZKS0lxT3VWcHRKb1NQcjI1dU5Zdy1HcHctRzkwa3FuT1JkbVNxWFRGTE9hUXpIbEJBREhmYkNfUDVKcXN4ZE5XbDJsak55SEVXSHIxMm9RSjZyWmJnTjJYRUVhQTRENFY0TkFjTEd4Uy1yY2hPLWFnd1FPampKYVVNeFFBZXdpcVFkYy1I?oc=5,WHDH,2026-08-31,neutral
Massachusetts Bay Transportation Authority,MBTA announces summer fare savings programs for commuter rail riders - trains.com,https://news.google.com/rss/articles/CBMiwgFBVV95cUxORkd2R0tnb19MWlkzcFFGZmtROW83SUV3T3Z4UjhwSXI2dmREVXQwU2NXeU5EM2NNNFBqYW9GSmFrM2Y1TkhxcDN0R00yMFF6SWVycy1iSXM5Yk9wWDREWUM1WlBuSGJmX1JnWkxLZlJVX1ZVWlFNamhpWm9CdmpFbUNoRG9LWXJfQlpkd2h0ejkxTGRRYWZUV2w0ZlRGU0tZU0ZXWnI3R0JSMl9Zdy15MWdoT1NnaEk0ZzVrNGdfMXVydw?oc=5,trains.com,2026-08-31,neutral
Massachusetts Bay Transportation Authority,MBTA Wraps Up 2025 with Strong Improvements Across the System - Metro Magazine,https://news.google.com/rss/articles/CBMingFBVV95cUxPNWM4Z282YzZSWFE4SzcyNUJFcDU2S0JPdVdkMm1CbWp4WGlRMlNkOFV5bjl2SU9tbDdMLXljR19nLUxZV1hlWUhJWE9GQ29QSlJoRndtYWZVWndKUXVvQzU5cWVqYlZrdGkzcHRacHdUTUtySHY4M3lQbXI2X3Q0QWUxVmJENEhIX21nMXpkNDRVaGplS0ZHT2plQzRKQQ?oc=5,Metro Magazine,2026-08-31,positive
Massachusetts Bay Transportation Authority,MassDOT completes Maffa Way/Mystic Avenue Bridge superstructure replacements project nine months ahead of schedule - Mass Transit,https://news.google.com/rss/articles/CBMizwJBVV95cUxQWi14NTZ0cjZfalpUekxvT01VRlliVG5xVU12MndsMGxxVjZuSXN0cUFGemt4bGx0bWc4enlRdXVCN2xYamNtMktxR0FZU2FpcVRlOGxmSDdZRTZ6X2JVeHNqWjZYVWFzQnF3d3dJbU5xQlhPb1VBdGpUeElDdUVLLUp3bjkwdlNYQ3IyNjY0U2VGa2lRN1M3ZEYtZkxCeGx1dWQ3LUVIQldrWHc5UmRLTHJXZ3hrXy1fRVV3ZkQxYVBDZlVCcEhYQndrWmVtOEhaTE04NUdyTlZuRFljcHREd0Y0YWw2clV5LVh3RmZoNW5UN3NoR0NNSFdReW9VZ0JoQUFDMEcybWdpMHBBV1FVUldsOWFGUGQ2QlhwdHhkenFqSVdZRnJlNVk0UllFWVdxX0tjUXYxTmpFdlU0VmV6UGhmNFNSeXdKSUVsYUFsTQ?oc=5,Mass Transit,2026-08-31,neutral
Massachusetts Bay Transportation Authority,"Transit Briefs: MBTA, Brightline - Railway Age",https://news.google.com/rss/articles/CBMid0FVX3lxTE8xa1JGU0tVeFRlT21DTS10WHZhOVlSd2IwQ2ZHdnM3ZVhNMk1mLXMzV2tFZ3U3UTdtN0xJQzZkNjI1bjJrYVhqY1JGMmpudlE1VnhLM2FGTWo5X2lJSjRiMUVjRXVmbHZZclJBcWFXdWplTjBYRzRR?oc=5,Railway Age,2026-08-31,neutral
Massachusetts Bay Transportation Authority,MBTA train tickets for World Cup 2026 matches to go on sale - WJAR,https://news.google.com/rss/articles/CBMikAJBVV95cUxOWXNZMTJHcmJ1eWtkbC1MZUh0QWpjMWZlejc4ZElXa1d6THgzaTVoeFVLUDBNNHNWUVZHaHNEVXE4Z0tpaG9mdUc1ZV9fdHZvM2hiTmJnd01HZzV4Y09hOGRLbkxrbVJKMHNlM09MSWg3LU9YbkJqbUdYcTk3bExreDNyanRPYlJJbnpKWVhvcmZGM3dlZ05vbmxZRHViV01ObEpsV0lvVWkzUk9jUXBENC0tWnA1OWkyVWVtbWNLY3hWLWJmeDZFSllKQ2ZuQ1RONVdqcjkxLTFEQW5IQ2FqeV9GeTc0VVJ6MjZYOE1vME9FSU92NGJlaldYMXpaUEhxbGJVdm9leXdTSWswRXpDTw?oc=5,WJAR,2026-08-31,neutral
Massachusetts Bay Transportation Authority,7 MBTA Workers Charged In Red Line Track Inspection Fraud - patch.com,https://news.google.com/rss/articles/CBMinAFBVV95cUxNS05LQUo5Y2pFeEVKRTZNUWplemZrUE9DbnVLT3lna3FraUdsVzRxMTZmOERGLWZ0NlhkLUhhZUVDZzlpRzhvRThwaGhSdHlhbzZFME5ZckZaaHZCaU1NaGdiX2x3bUVGS0lMdTZaOW5oY2o1cUVRUnJIY3F6RTFNX0FxTUY3a1VlMzRRRjZmZ19XQWYyM3ZFNjhpbjY?oc=5,patch.com,2026-08-31,negative
Massachusetts Bay Transportation Authority,"MBTA seeks new battery-electric, diesel locomotives for commuter service - trains.com",https://news.google.com/rss/articles/CBMivwFBVV95cUxQa0k2Z0VOc1FyNlQ5YjhGbEM1Ylp0aS0tbHUzRWNaOGlXcXJyT3FWRFlXRFNKa1pIckY3TDc2QjVnUFRoYXQxTE15VUtFZmpSazFrWDdncExrZUJRVXZ3anVHWjhQY25iV0kzMm5VQ0ZJaVdlLWR4aTRWY2czdXU3Sl8taWEzS3hwYUV5QWF6OUhUU1lIbW5pZzU3dEhHbWxCeGo5cGpjN25GdEhSTEc2MTd3VVl1N3IzV1YtZll3QQ?oc=5,trains.com,2026-08-31,neutral
Massachusetts Bay Transportation Authority,Supporters outraged as Boston hikes rail prices from $8.75 to $80 for World Cup games - The Independent,https://news.google.com/rss/articles/CBMirAFBVV95cUxQdTNYcUJfeHJyR3hSbFJnR0RoZDhHdE5SQUkxakhDZXNMeVhUMlFod0xqVl92UThSa2hWTU16a1JCWXU5OVhrVGxlU1FuS2dwN1Y4VW4tSGE0M0dPVXBGMmEzRkJTQXJzcjd1Mm1TeWRGeDUwQVdDejYxV2NPVFRxSk1ocnVmVDl3WGktZWVzY2l2Q3AwRGZLUWEycmtTbzZTNlRZN2hxNnowMmEz?oc=5,The Independent,2026-08-31,negative
Massachusetts Bay Transportation Authority,Massachusetts Gov. Proposes $8B Transportation Investment - Engineering News-Record,https://news.google.com/rss/articles/CBMilAFBVV95cUxNMUVKYzYzLVNjcWFSNGNJUkQwSmJLMER3M0s1aXNZX2h6cjdCVUhzVUltZm5JekgzQmhNWUJWLXVabDRRNDJfYVJUN3pqd2JFTUcxUDNyVWFHdWlfeFBUcDJSSUJKRmVmeTZTOFBHbDkza2pZVzh0WUVOQXNqckF1Q0xpZUFEeGpYS21MSDJPSHNhYzZY?oc=5,Engineering News-Record,2026-08-31,neutral
Massachusetts Bay Transportation Authority,Boston Charging $80 for World Cup Train As Free Fan Fest May Shrink - Front Office Sports,https://news.google.com/rss/articles/CBMickFVX3lxTFBZbWFZYzNsMVkzM1hCZkpXZTliclE3cFNFYmloVmFBTTVBQzBCNVdZVHJueXljUGZMRjU4MWdFd2Uyam11V0U0NTZBeGNNVHk3YUVBLWR4bnZ1UmVJT1hTS1NJNjBqYmNCUHhFQjBBUFVFUQ?oc=5,Front Office Sports,2026-08-31,positive
Massachusetts Bay Transportation Authority,Ferry catches fire while underway off Boston; all on board rescued - bairdmaritime.com,https://news.google.com/rss/articles/CBMitAFBVV95cUxPblhzOG55eGV1WWVRQUdzR3MwTlVMN0M2d0Nqd0twRGZ5MFhqYWIwWXRhY3BfTFVOcGFPVVdtLXd6aEJjRFE4Z01uSkRnWVg1OFc5N2M3eXQwclRFcWFENnN0QU5keUZYeHdNY3RPMnB0bkQzaGhWSE53Um91cE5YTW1tQm0xUlEyVFdjeV9CaHBrTWVqdVQtTWdrS0lreFB2aTNHTm9FZC1BQXBzYUpMQlRZcU_SAcIBQVVfeXFMTWk2TnZJLTc2WV94N1NlVTlVWGN4ZzRvSFJPLXhzbTZmMXVYT3VlM2owLUJvcENvUWJURVJxZmtkNVFLa2xJZEFSeDlXZHRRWFhMOTJHNC1aVjAzX09qa1Q3ejBBVXU4bFBudUNobzg5OFQ0ZjFBbmlaQUloNnVvaHNqdWR4M0dmdkFDTjlVajhRZjFkODh3eF9rc2d0V18wOGZ0V2VYQjV6aXdxUWhhbldhZTZ5eHl2NTk1akw4LVViYUE?oc=5,bairdmaritime.com,2026-08-31,neutral
Massachusetts Bay Transportation Authority,Rail News - MBTA enters New Haven heritage locomotive into passenger service. For Railroad Career Professionals - Progressive Railroading,https://news.google.com/rss/articles/CBMiygFBVV95cUxPcHpyUWhNb2dOM1pvTmFacFFaOENwQmMxWnRUSjcyX3JTcjV1Zk1YTm42VUVqeDIwSXBIMGVfMW90Z2RQdDB3TGlPUWxXclNCLTMwRzZHbzc5eE5yTFE0X1ZhbUh6eXZEd3FYV0JTT2t1MjRiZWZUYUR4ODdYX1VJY1dIOUpJSnJiTGhMeC1LUjhXa1lqNGZOdEIyREtpanRMSV90YWpJd3VjZVNDQTF0eUljREJXTUNUMVQ1M1prd0hmQ0NNSGFsM1hR?oc=5,Progressive Railroading,2026-08-31,neutral
Massachusetts Bay Transportation Authority,MBTA commuter-rail operator contract moves to proposal stage - Railway Supply,https://news.google.com/rss/articles/CBMikgFBVV95cUxPcFprX3MzWnV4NDZUQ1JTdTJxa1NjczFrcjQ3MkplWnZIRDhsZDFHbWtsSkxtS1B1ZWw0aThKbjNMdUFJTDFLY3MwNnNoYkk2aGdwVlVIa2h6Q2hEdjI3OWQxXzgxMEdCN1BiY1RTVVJfeXY3UmdGRWRoRjAwdWh6MjlWUmI2ZHBQdG1BSVVWZzd2dw?oc=5,Railway Supply,2026-08-31,neutral
Massachusetts Bay Transportation Authority,"Award of Merit, Airport/Transit: South Coast Rail - Engineering News-Record",https://news.google.com/rss/articles/CBMiigFBVV95cUxPOVh5ZDZabGpJVmU1VDN4V2NySFRzRmx4MU9FNzNlTzZ2SnBfU3FvN2hzd0lhOFBOWGppcjlDMmZZSERiZmNLSzY5aGpGX05hM1FnY1lNY09hZWw0MzdqQ1BxYlVYWXBvRW5WV0Y3VlhnSFJUcERsbmVtVEhFMFVyaWtNV3Fpc3dXVUE?oc=5,Engineering News-Record,2026-08-31,positive
Massachusetts Bay Transportation Authority,How Boston transit leaders fixed a failing transit system - Smart Cities Dive,https://news.google.com/rss/articles/CBMiigFBVV95cUxQWkNTNkd1NGE3NjZFOUE1MW12MzRXMnV5SUg1QWhjVUVLdk05amJuQjhSSTZXSER1T0szVEo1d2IyVFZSdGo3QWtnN09pQjdTdVlBUWo4VWxXb0NST29VN290dHp0TWF1S1NwNDI0VW4wQmNxcDdqLVhtcmRzYmFIY2VMdTZCM2k3c0E?oc=5,Smart Cities Dive,2026-08-31,negative
Massachusetts Bay Transportation Authority,US commuter operators launch battery-electric locomotive tender - International Railway Journal,https://news.google.com/rss/articles/CBMinwFBVV95cUxPb1NkbmpXYVhjWnJnVnd5bUJoMHdLX2VVQlFxYlVUMnJocHVteTQtU3RCT1BTdm12RE9SdW8weEx3dXBkVmFkV2RjV3FFa2Q2UE1waVlwYnQ0SkdKajk5dVJkbGg4YThPUjNQTWVpY29LZVhwS3NlS3lWUzM2VGtzTXhwV0d3T0ZYQjBSVG5YU3d0Q3NlYXl1NWxTYnNYa1U?oc=5,International Railway Journal,2026-08-31,neutral
Massachusetts Bay Transportation Authority,MBTA backs away from major Alewife T development - Cambridge Day,https://news.google.com/rss/articles/CBMigAFBVV95cUxQU0pBbHc5cnNCbFdTOGYxdzMtdkpSaU91UmZiRWt2Y0ZYZHRyNlp6OC1ybGhBbVJONlVFQzJXUV9KLXkwWVc4OXVZUE9ETWFkXzA2QTFhdG5SOGNuaUJxYUphQWlRdG44ZUNydk5CQl9kQWZSLTV1VGhsZFZRTkRMYw?oc=5,Cambridge Day,2026-08-31,negative
Massachusetts Bay Transportation Authority,Boston's MBTA Orders 80 New Flyer Electric Buses - Metro Magazine,https://news.google.com/rss/articles/CBMiiwFBVV95cUxPZXI1Z01pTmVzTlRBQ2g3SmhJcUN0bWpkVmZ2ZWFEZ0FZN0hVdlFzVTNtVnIyOFZlUU9md1JwaHZ0MEdCOXBkUVlqYXl4YUF0WEJaWWFjTktZLUc3MFozZUNTSFJkaFYxeWRPNm1Za2pJX1pDaWQ3Zk81MHRPQ0pBWGF5NktyaWkwVlZR?oc=5,Metro Magazine,2026-08-31,neutral
Massachusetts Bay Transportation Authority,Turns out that World Cup MBTA tickets are not $75. They're $80. - The Patriot Ledger,https://news.google.com/rss/articles/CBMiigJBVV95cUxQWWpodV9yS3RWTTMwNVJPSjFqR2NyYmtPQ1ZtUk5RaVdLYktpdHdFMjdFUkhVaEg4THB3RG1hVnRabTNTRmxWSmJDNzRVQ2h3R0d4X1laOW4zNndSdnh1SFRJR0NEb3R5TkNtN01TYUJRWVkzdHNHQkJJMWtQRFNxa2xNd0J6bzRPQkRzT05kYnBTSWRsX19VdVllZlk1Y0ZhQ2hlTElid2lJZEUxdGg3LWM2cldrd0V5RTZlQ1pFMDhraVA2aU12eTdzRWYtQ1NlUkstV1VSMkk0RVdFckNSTEx5anVpWThoUjBOMlRuSmczSzFTemF6Sm1QYTJqbllSVklVSlgzYm81QQ?oc=5,The Patriot Ledger,2026-08-31,neutral
Massachusetts Bay Transportation Authority,World Cup 2026: Fans in Boston face increased train ticket fares - BBC,https://news.google.com/rss/articles/CBMiZ0FVX3lxTE5XZ3hIZEFBV0RvQUNiLVZBb3hjYk5ZeGRSVHZnRDZBOUJid1NrWm1zU1I2dFdjaG9OWmdLS3pQbVFiM1UyX2phVEJFQy1EWW5EZzVfaFUyMW8wejN0OWVacmFDemFXa2c?oc=5,BBC,2026-08-31,positive
Massachusetts Bay Transportation Authority,Skanska lands $1B Massachusetts rail bridge project - Construction Dive,https://news.google.com/rss/articles/CBMikAFBVV95cUxOS3NaWVNlcl9nMndDOUlkdGdMV3lXaTFta1dVeUtVdFViYmphcmc5bi1aX1p5QjFwNkkwM2RkOC1TMk83LTRMbTkwM0RESUxHUkdQRmhvVnhtSG5LX29qMnlCN3RpNlZob05uUlZkTDlYT05BXzhQclBCU19nLTJXaG5qemE0YlpxS1dDaHhabHg?oc=5,Construction Dive,2026-08-31,neutral
Massachusetts Bay Transportation Authority,MBTA Rail Modernization Plan sets rail upgrade roadmap - Railway Supply,https://news.google.com/rss/articles/CBMiigFBVV95cUxQNW96UXVvbkN1MjF0VDZjRjJlNzlicEI2VHBSa1JVdmJBLWZKS0VBZHk5bDdTa2VOTnFsUGVkVndMTlVGZmY1LS1DMnh4RzI5aHkweFJDcktlZi1VWnhIWmtsUS1HVTRoSXUwMTZmWlhtU1BuRVN5T1ZlSTZCTlVzWFNkZHVVbXBhZ0E?oc=5,Railway Supply,2026-08-31,neutral
Massachusetts Bay Transportation Authority,The MBTA must crack down on fare evasion - The Tufts Daily,https://news.google.com/rss/articles/CBMiiwFBVV95cUxNSlVDXzdweEtWUTBmOHZCY0tCMi0wWHBpZjUzYzNsQ08tLURkZ3FmbWp5U1FSMzRFWU1MaWtIYTV4TU52QVpKZVg5NTM2c0lBZ253Q1NSWVJiaDB1YkcydzJ6X2wzN1U2cGQtUHpGTUY4MmIyQjFtbDZxaXVpWXQ2U1ViQkJWMjlaY2xj?oc=5,The Tufts Daily,2026-08-31,neutral
Massachusetts Bay Transportation Authority,MBTA celebrates summer events in Boston with special-edition CharlieCards - MassLive,https://news.google.com/rss/articles/CBMiugFBVV95cUxQYml2NktXZ1VuR0tuQmVlUUNCYWtQbmxkYnlTMUFPdHFfVkY3LVhBXzFkZVJwTUlCQVExNy1OdFR2TUpKTlZCN0w1c1prN0JndkprRk5PNTkteU1jbmlyQjN5UEIxRXFrODN0ZGNGU3pwNUZFSVMzcnExY1doTmVYUWw5RS00blhiNEhOMGVCam1rWXFfUk1KamxFX1BWYVRFMWxJWFpzX1ZzNWJjOXU3OFNEWU9uVW9zbnfSAc4BQVVfeXFMT2xycmdETGhOZUxaNFNYUjgzQmNBZmtEMkJ3X0VlQXpfT0NGelQ0VEN3aUxTUFRTMk1vV1dOUUhHLXd4cWlPbTJLajNGRW41WFRkZ0tRVTRNME1sLUpOQTZpeDNCRGUxMW9Sc2JydmM5eUNyU2dtOGFvaC1DNjBQaHNyMjk3QlgyTXFpOFMweDB0cU4wTk5BUUhOTFpzSm5ZY1ctNWc4Qk5MbWIwamV6eGJZaHdzOWR1WDYxQ2FXNE9XMWhfQlV0ZVF3dzA3Wmc?oc=5,MassLive,2026-08-31,positive
Massachusetts Bay Transportation Authority,Train Service Halted After Man Parks a Corvette on the Tracks - Road & Track,https://news.google.com/rss/articles/CBMiqgFBVV95cUxQWFBwVDdLbDBhOVdjZGxLd0IxS0hiTkpHdWc0aGRHZkhiSy1YdERVMU5NV1R1X1JlOWNqN09VZEpxeWRpbnFsaGtXY19VM2ZrMXI3X1dQZ3B6eUhHbk5nYkEwcEdzbVhtWkdwdmNxTHI3TzRnM1dhUGtaTVFVUWlqcU50cE4ya05LUG5FSFB1aW90VXBpdW5KVGJhTDd1V0cxQzVKMXZyT0V6QQ?oc=5,Road & Track,2026-08-31,neutral
Massachusetts Bay Transportation Authority,MBTA Secures Funding to Procure New Commuter Rail Locomotives - Railway-News,https://news.google.com/rss/articles/CBMikAFBVV95cUxPSHZoYmpZbEJpMUI0aEFkZVE4ZFBURDlKa0loeTNlTml2TW9MQ2NwU2FMSDYxNW9WZHRNMDh4X3oxallIOTM5d0hjUEdBX0VGTWVRTW1ESkR0RDVFZnYzd1dSRmIwb3lsSktTVXNuWUswLVJlaEpSLVkzb1JybXpfdHpOaHJOQ2N3SkhjMGItZlU?oc=5,Railway-News,2026-08-31,positive
Massachusetts Bay Transportation Authority,New F40 Lease Fleet Enters Service on MBTA - Railfan & Railroad Magazine,https://news.google.com/rss/articles/CBMicEFVX3lxTFBiTXhsQ2RocVpZYkFTdmhrMnR0Ui1GVHZpRWs0Z0FLbWNyNlZUdlJ2YXRybkpreGNHQVRCWjEwVWpwX0NmenRIOFZURnliNzlEdlhqT3plSFpmOWtqZXY5TFZOUmpjajBrVzZzZ3FhTWc?oc=5,Railfan & Railroad Magazine,2026-08-31,neutral
Massachusetts Bay Transportation Authority,European companies compete for Boston commuter rail network - Railway PRO,https://news.google.com/rss/articles/CBMilAFBVV95cUxQU3Z5VkZVa2F4bjh6dVhyUE5CWGhIcHFDR1htSWxyUXNQUDBDRmNxTE5iMWxrU0dIbWctVUx5NUhLZHNsZHVYLVVWQW42cEJwUVRFbVdncEFST21tTFZhUnJWWmJORExVbkhIVWwza3ZXRXMtdmpnU3BLT3ZITkZadXg0ZTRIUVZUa01WX0xDSllnTUVl?oc=5,Railway PRO,2026-08-31,neutral
Massachusetts Bay Transportation Authority,MBTA completes Green Line C branch infrastructure work - Railway Supply,https://news.google.com/rss/articles/CBMiigFBVV95cUxQZXBFRlc1RXdyR2RxX1BOdFNBZHM3LUJtUThPRGJCeVZQUklERVpJeVZySGpKRjRzR2IwM2VzOUtJZ2xQUXVhRGFKMXZ4SUxiNFA0QjllbktQNnRQZHNraG4yR194al9OT09yUDN1Zzd6NTYzUHJSNWdnbHJOVnBCT0dzTVZvQU9IUkE?oc=5,Railway Supply,2026-08-31,neutral
Metrorail,Houston Fire Department Fire Truck strikes METRORail train - FOX 26 Houston,https://news.google.com/rss/articles/CBMihgFBVV95cUxPMDF0djkxQ25uSFpxT2xjNzc2TmhkQTIzSUhvRzg4UFhBbnJmcEFXNFl2QnJyaXBXaHRsOXNLUDR6M19Vb3RvOHdfOW1OSUlVU1Q5STBiV3d3djZ0Y2xCdkdUMzhxcVdGYm9DcWNsLXVxRExQYVFYYUZKTzBIdWZYNjI2Y3h4QdIBiwFBVV95cUxNQW1KTVF0V3Z0WlVIR2JSS19LQjdiSzBBUlZCTHJzSGt2NlFrd2NoQ3pCRDg1MnNXcmg1aGMtYnlqajROSUQ5VEJOQVZSLVVhNHh4bHgxejRTOXNrdFI1ODAwc2NabXZrZXBQTmJ6Tks5dHdua1dqX29Nd0ZRX1RJNlUwaWJBUENjVFdn?oc=5,FOX 26 Houston,2026-08-31,negative
Metrorail,"1 hospitalized after METRORail collides with HFD engine and derails in Near Northside, officials say - ABC13 Houston",https://news.google.com/rss/articles/CBMiowFBVV95cUxPQ0VzT0N4UnNHdjVQSlpab2d3b0NFWVM0MlUzV3JjX1p3OUtmeXE1czBZWllzRThPR2cyY2J2S3FTWGhuWWVoQWI2MzJMN3B4T1BkQjhTUjUxWkpEY3VCNzd2Vm5DU2R5S3Qtb203Zm5OS005SzhPMk9tcHBUS1VDZGwxckJ6Mlh2NUlOUklRN2lieHFRM1N4YTNObUFNbUhReHdR0gGoAUFVX3lxTFBCbEhUOC11Y3lxU2JIei15R1Y0ZWhIMEdteXN5QzZRM08zMGo1S3FPWVFkZmd2aVQ5LS13VlZ1TURtX0dBS0xIYnl0TjlsQnZMLURLem45dDRWS19QR1JHU3JZRFd2UUQwUmk0SUZtbEkyRU0wT0FIZUtlWGtNVm9TbjIwaXJVTzZOcVRwT1hNS2VGSjl4MGkwQTMwcHZELW5ZR0lNLUZEaQ?oc=5,ABC13 Houston,2026-08-31,negative
Metrorail,Miami-Dade could lease site along Metrorail tracks to developer - The Business Journals,https://news.google.com/rss/articles/CBMisgFBVV95cUxNdVpxdHBOZ3pZanVqX3dUbzYwUDJITzZETXNvUGZnZkM1MXowRzY4TWtwemRKNHVoeThQX2s5ZFV2WHJiQ1Q5Z1ZSMXRhSWtJOU5wVzU2SkZVbjJnT01Gc0JBMG82QnVMaGRTX1JrZ1IwNm5xUTVBSkxWc3lHdUNKMndNVXBKcTdxTktMNmdBd2FrSkRXMURqd2xucVdVcHZJWTFyRFhOYU9Ma01GVDUxeVZn?oc=5,The Business Journals,2026-08-31,neutral
Metrorail,"Houston firefighters at fault in 2 METRORail crashes, reports state - FireRescue1",https://news.google.com/rss/articles/CBMirwFBVV95cUxPTTdRMGk4dVVQVGxzbmtvYk1Ua1lhb01CYlZsM0txWGxkamdKbXFTVjEzYlN1UFFScXp1WTBkNnprZ2laSFFpSXZTbWNzXzJEZjBoYTlIOXJhWHZXQ3ItTDRaZE83QUJPSEVxNVNyVmpYQjdmc2NIckJQSXQ2S2tKWVp4OElsaXhfVWgzdlRLZzhuX1dvd1JRTDRyNk5aX0JaRllYbXV6YVFGM1BvMUxB?oc=5,FireRescue1,2026-08-31,negative
Metrorail,DC Metrorail to move ahead with plan for full automation of Red Line - trains.com,https://news.google.com/rss/articles/CBMivAFBVV95cUxPNVRoVzJFcmxyYi1XU2pZaTJqVmFMY0Fad1ZuUzhYbUVYRFgyY0FUWmpsVkVoMHEyaTRLdXl3SHNpZ2kycnFiNHk3OU0xem1nWVBWZXBjODg0RVh0ay1rYVU4bjRiNENzXzRXWTJoVzdDai1pZzJuSHJhdklrank1eUNzeGQzZTJKLUh4b0hYTlNZLVhIaVR1NUxDOHFLOEFzczZqcFQyaFpEVDNxTGdRc0phSUNmSWhuZUUzbA?oc=5,trains.com,2026-08-31,neutral
Metrorail,GALLERY | Metrorail celebrates its 50th anniversary - WJLA,https://news.google.com/rss/articles/CBMi1AJBVV95cUxQOFljZWxCcGRVWm5FOFI4X1piZUhsMUU0Z3FvYUdxNlprVGc3dTlYNnZybFJKZEpqa0NYa1U3d19rTEFzeWhoTWpaMUhxbVI5TGI5dTlBU0JPQlRERHljNjkyTGZueE4xTlBsZmFsbElZRUZ1dG9KY3lBMVJuVGlUUldzbHVjQTRrb2lkY2JXdG45aGRIOThhZG13d0pESGtWVlZSTm1UZ0V6RlRHZHNJdF9JdWtwUzk2UkdyOWVIS1huaV81VVBZN1ZnclZIVWJQN2pvWU1KWWQtNmM3dC05SjFsRHdkbmdVcFpTRGN3anp2VlE3RWI5VzhiT0JFeFVqaW1NT0d6OGR2c1k2S3JCMG82OS0zTjVxS0MyUThrcjRhcFJpY1ZEc3FQVENGb0VjR1ZLYk1TemVXQTRhdGZpU0RaYThNVEliSXRhcW9mNXlCZ01n?oc=5,WJLA,2026-08-31,positive
Metrorail,Cost spike sparks rethink of Miami-Dade’s North Corridor rail plan - Florida Politics,https://news.google.com/rss/articles/CBMirwFBVV95cUxQeUI0ZS1CWE9VYWU3U3RZMTI3eXAzSjNlWUZiUGR5SlIwTUpYRW5Ca2FGUmtuTDlqT2k4b3JJZGI4MlFCQkxGNXMwelg0VmpqcTdtRWFBUGZXZWo5TUZrbUkxanhFaVRMQlVscW1mTU92T2E5ekZ3N0Y1ZF9iX0JvMGpwMzVVWmpxSnczSTFfcnlrRWFFb2Z3VVdSNk1uZHZ1eGpSaTNiMWZNMHdsb1V3?oc=5,Florida Politics,2026-08-31,neutral
Metrorail,One dead following fatal officer-involved shooting at METRORail platform - Houston Public Media,https://news.google.com/rss/articles/CBMi2gFBVV95cUxPbUhjNVd4OHBqZThNanJyYVd4ckFSTnZySWw1T2NNUHhCNEpEd0puSU1nN3BES1NsWVloN09IX2pBS2w3R2pQaEtGN0hZUEtReWpuaDIxd2JFOUJXd25oSHpRU2V5UmxOS2NESzJHbDRUS1dBZGg1Zk5HbmxLLXRqcGxLYkpMQWpDU2pIZXF1UVBrTlR1RkxMV19jMHlCdmwxaDFjWVRBa1dEcUJWUWJRU3lMcUxSaWp2eFZCR0ZWSE0ybFlnVGNyZGUzVTd0QUthVDIyY0NoMV83d9IB4gFBVV95cUxOdFhha0Q0TjJmVkktTU1DNE9ma1NKZ3ZFN2RQZ000dk1iSmFkTWxSRUd5bms4MWtQZWhLUkZtWndRNC1RNFlsZ0l3cnZ6RjlPWWJFbmhXeWhMam05dGlpcUhLZXN4cnlXRW0yeE16QURxQVZXbTZpWmM3OEU2a0QtYmp5UnA2UEtJVGNfV3Y4a3p3Ym1kcF9aZ0xRUVZNbnlaT1FUV0hRa2NmYXZGTGdOdm5hVG5GRHlEZGNVaFBObHJWQkxuSGxUaEp4NFRDdUtRNmhrSlRhdTVSaW4ySEhfR2hR?oc=5,Houston Public Media,2026-08-31,negative
Metrorail,Why I’m celebrating 50 years of Metrorail magic - Greater Greater Washington,https://news.google.com/rss/articles/CBMigwFBVV95cUxQZjZ1ekdqYUNzd1NuXzFsbnZwRXR6a3dmbXpaY3pucEttM1NvcVB6VkkzdkY2a1MzbHBHYW5sNlV4M1lHOFZzdUVjYmV5WnFRcXRZYkhfX0NMNUR1NGlnMzJzU01Fa2Q2MFJnVUU2YXVXZTVMS254ZmlTZGdpNkxENmM1VdIBSkFVX3lxTE1aRGpQanZYUElhX0g0MVZxTHhlSHBYdV92ZkNXM0lRd3JXSGFPVXB2dUowWUxLZmwzTmhFcXpUdjNEQ01BdEMwcG5B?oc=5,Greater Greater Washington,2026-08-31,positive
Metrorail,"‘Elevate 54’ Planned Near Brownsville Metrorail Station at 2845 NW 54th St, Miami, FL - Florida YIMBY",https://news.google.com/rss/articles/CBMiuwFBVV95cUxNZTlRM2tkckZCVGN0WjBVVG4tY0VoS0tCbWVpdUVLdV9oM0U2ZUhaa1E0UGU5N1FWVG1RTHNPRGd0ZlZXYi02SWhlZXc2amJ1T0NOR25PdXAtZ2FiTm5MTHYxTEE1cGhESVNZVEtwTm1FYmp4eGlfQlpKMXNTXy13V1FYbzdYMnlwOG1ILUYzU0xoQVZTb0JrTVJTRjFRVmxzN2tmb05rWGVKelN6UGd2Yl9yNTNMVk5QRTNr?oc=5,Florida YIMBY,2026-08-31,neutral
Metrorail,2 passengers hurt after HFD vehicle collides with METRORail train near Museum District - KHOU,https://news.google.com/rss/articles/CBMi-wFBVV95cUxNUmdDSUlOTzl0NGVtUzh4dUpxR0o3Z2lmNFVxOERHaEVoN2VJaFo1RjJVVUdTMFlrSDRWdThodFZNRWF6c0dZc09Xb2drU0RIWnNYUlp3eHpwRkFWeXRvaFI1aW9jV25ETnJBcVJDeXFvdC1kWThmRXI1SDhJY1NWazRWMm9kdVEtYk9NWkxiNWZwSlFqN0tmU3N6TXRRLW9hYzVZTmhoN0RPLTJfSkZrNnF5Si1SZ3dLcHl3TUl2bXFZSWVpanVNa2dXZXN0QldSaU1VeVU4WFFENkxLSDhYOHZoRmtNbDZtdEpVUWZfSUFSaVY3MndVVDMwaw?oc=5,KHOU,2026-08-31,negative
Metrorail,"Montgomery County Department of Transportation Director Chris Conklin Elected Chair of the Washington Metrorail Safety Commission - Montgomery County, MD (.gov)",https://news.google.com/rss/articles/CBMiiAFBVV95cUxOOTFidmtWeXlpeU9pOTEwR25mN0dBSDBhMTNnZjVrMTJYTVlQRy1hM0lCLWJ5eWE4ZXpxR25nOVMxNWtvXzZsaHpZS3g3ZkFYX3hwMDloVVgzblB5Wk0wU2xUdnN6ZllLZFMxcTBNaXRIazl1UFNfbmZrRGVYZ3ZZdWg3MGItZUtv?oc=5,"Montgomery County, MD (.gov)",2026-08-31,positive
Metrorail,METRORail Red Line service paused this weekend for maintenance in Houston - CW39 Houston,https://news.google.com/rss/articles/CBMidkFVX3lxTE1CeThyZTEzNU1qRjRUTkdhUGp6QXBxZ3Y3SzJRNDJMWV9VZEZMS1BUZlZzbVBwTTdaemhSVkgzV3U3UEhrWVhXdFhmazNCV09ycWhHQWtWV0tQVDd2d3pPbUJ4OFU1QVJCUzcwc0FVWGdQRmdoUHfSAXtBVV95cUxQNzhMeUVCNW9oNFdpeEtvTFpEMkNnR05YUVJhbFFabVJjQ3VhSm9xV0trVlo1dTdadTYzQXAyZDYwd2l3dVlSNk5iaktfemczZFNjTUFTVGZ2ejRYUk82bDJXTGxyb1RLRGd3bDN5eVF3YktZenc3MDNURTQ?oc=5,CW39 Houston,2026-08-31,neutral
Metrorail,We’re Coming Home: Your Public Transportation Guide to Getting to Nu Stadium and Being Rewarded! - Inter Miami CF,https://news.google.com/rss/articles/CBMixwFBVV95cUxPTm4zT0Y3c3RyaGtIVGpfTGlqeHZsY010RW5veGtnWGlDM2RoZkdhMUZkOGlfUmxjWFB0b2VYY2wyM1ZVY2g4Q3ZpNFBCRlBCdmIwb3V3UXl0dktKYzBlV1FlRndBYkFtLVVmek1DWHFtUHlDZGZvSmZPdmRsZkozSkRFR0pvS1hKVVlPdFp3THg4Y3lBSVYyMGZYZzVWZ01hbXFWR3RNbnB6eXpzX3o2WTNhdmZEWUE1c3BTd044VlNGS01nSHZZ?oc=5,Inter Miami CF,2026-08-31,positive
Metrorail,"HFD at fault in both July collisions with METRORail trains, TxDOT says - ABC13 Houston",https://news.google.com/rss/articles/CBMilgFBVV95cUxNV3Fva2N3Tk1WZGo4U0VXX1dPc3NMWG53T0JHUDN5TlB6SkF2LUdMSk9GQ2FyVkMzR3N6Z0VPd3NjU2RGSzgzS2w3TjlBZ0RqZm9YQlBfM2luLWNqemxjMlNFWWVtU2tvcV95S0JKZlBWNkoyT09sUjFSQ0NMVXFtNlEyeGRFQWpMcFFqN0JFWkJ0Z2JHSkHSAZsBQVVfeXFMUDh5VnhqNTVzSWpZV0lwU1BwblI5ZkNsa2NjaHIwSnRja0l6WnY1dVhuNHIwcVdNRzFzSktWNF81X3lCbF9POWUydlJGXy1mTEZJZFhzVVV5bVRNQjd4MnVXSHlBZ1JDbmJlVzlnQmtZamM5dEJqWkgzM1gxWEpjWkxEU05GTk5Pci1raWpCdWhhXzNuZFJ4RE9EVkU?oc=5,ABC13 Houston,2026-08-31,negative
Metrorail,METRORail train struck by Houston Fire vehicle near Museum District - FOX 26 Houston,https://news.google.com/rss/articles/CBMijgFBVV95cUxNS09RT2tGWVNTb09mZVdrelBpcU5uVHBPdG1oeml0RHZPeWFsMFdCYUd5enpiTVRmQUktWGpTdzNKRmJCcU85NVcxUVRDaFozc0hEa2dnaEtaRjhBWHBiQUNzV2R1eTZyeTY4WTlFMTV4UzhhaUhLVEZJNXJUMlZGRzEtZXB3cmFpeXA5RGxB?oc=5,FOX 26 Houston,2026-08-31,negative
Metrorail,Heat kink causes derailment of DC Metrorail train - trains.com,https://news.google.com/rss/articles/CBMiowFBVV95cUxPSnlRSHQxNTdvVGs2dnRzeUlGaEo4VHdLSzN4ckVUZHhRR0hYejFEUXFvekFfRURKTkcxZ1NoVDdXNUNRTXhMV2x6Zk9DNGQ4ZGZSUW5BZ0RIa1E5cVdONzc2cWQ3ZGJMbUdqUy0wcFlTejNBOFU4emhjZXk3b09SY3FCWGpXSGVST010UUxiTDdiaHRORVhrbTZYUmFLeTlVejE0?oc=5,trains.com,2026-08-31,neutral
Metrorail,"Suspect taken into custody after incident involving box cutter on METRORail, METRO Police say - KHOU",https://news.google.com/rss/articles/CBMitwFBVV95cUxOa0RIbUg3WThjcF9nbTc2Z0xxaU9PMmZ5RGk2blN5elJPYWZJaXhBSzJBZEpRSTBnXzI4V2Q2bU0ybUpOd2pYc3JzRTRJal9DRHl3TmQwdHJReW5Bc2o1aVN4TFlZeU1NbFpKMmFWNVpIYjJuVEdTcFo5ME9vRlRXd2RvTU5raHl3dkZZN2p1VEY5RkJtYlNrZEVHaktpX3JiRzRlenRTbnVxN3d2bWt2dnp0WlBxcUk?oc=5,KHOU,2026-08-31,negative
Metrorail,"Collision between METRORail and HFD vehicle near Texas Medical Center, MPD confirms; second incident this month - ABC13 Houston",https://news.google.com/rss/articles/CBMiwwFBVV95cUxNVkxfYUY5U1d5NUdXQ0J3Y3N6aVlSZDRaQXpqeFp4bjF3ZGFYNm5lX3BHd0V3WTNQSktyTFJrcVIyQmQzYXRFdzhTZ0pqRUQyMWRMYWVqT0dHUWtMeS1xbWJsOGVuak5lTThxVm1kT3JQaXpMaUpOYTAwUkJZWU1fZzJuUnpCRjJpcEI0QVJEMHY3T19ZTmlUcmR0MG0tb1B2R3N3M0N0eE5DbXczcU4tbXZCSENDT1FIQ3pfUHFldkdlWXM?oc=5,ABC13 Houston,2026-08-31,negative
Metrorail,MetroRail train crashes with Houston Fire vehicle near Midtown intersection - KHOU,https://news.google.com/rss/articles/CBMi6gFBVV95cUxOZDdXX1BoVkF2eXR1U1BycFpxaUpmbEJudUluVTgzX3h5VlBmTGQxamZpeEY0SWcyTWFfa0pCOS1jZHZqQ05IeFlZYXJ3YXlGbDdwZTB4OFR0VUo1NVRkSG5zTXZFS1psSFdOeDN0X0RocjdhVUlpME1Jb0JscjRzTjNIVkNEeENual9UQTdlUHQ0aWtLSUJyM25Wd1VUQjZyampHdTNtTk1BMmstaGRlcElLWUQwY1dpdW9ZajktbUtXU3hab3I5UzBNME9jdzdYX1Z3VDRtOTV0T0x2bS1USXlNeC05cm9RUnc?oc=5,KHOU,2026-08-31,negative
Metrorail,"HOUSTON FIRE ENGINE COLLIDES WITH METRORAIL TRAIN, ONE INJURED - Firefighter Close Calls",https://news.google.com/rss/articles/CBMiogFBVV95cUxOdXB6NVpWekZHdko1SjgySXpmQlZVdWQwbXlydzR4RG1LZ0M2VVlESnVZcnM2SFRNWkZrNzdzaGstYkhDc1NnRXNKOTFRWEU4RVJ1VkdPSjBhSjcyV2czTDNpQU5HZkRCUlBMbXBUeGFqTXFqV19sWEUzMGU4bEplbTZOTFA5cGtabE5qUzNGZXNibVQ1X2tYM1VxZFdhRXdSSFE?oc=5,Firefighter Close Calls,2026-08-31,negative
Metrorail,One person injured when firetruck collides with METRORail - Click2Houston,https://news.google.com/rss/articles/CBMirwFBVV95cUxOa2xQMDhzVVlwdVdNVkNENmlvbHRYZXl0VVdONG9HMUh5Zm5JU2t2WGFaNk1wYzBrc2RoZ1JxMVdOUWl1M1VOdWFySHo0UFhzazJIWHVKVlZXV1hUS1NDTXJsaHBBdDdaNE10eE1ZVU9wV0JuT1haLVFSVy12UnUwd3I2aHlNVXpmOTFGTTV6OGxIczYzY1hCbzh3aS1iM2g2OVNFT01EVnFMclc3UkVV?oc=5,Click2Houston,2026-08-31,negative
Metrorail,Midtown Houston shooting under investigation - FOX 26 Houston,https://news.google.com/rss/articles/CBMihAFBVV95cUxNUjU3aWtTVzJwWHFDX2VkcVJjMlFYenh1RlJLc3lfLWlGcUVVSl9Na3FuM0FTb1VYWjBERG9rTUJMM29aSTNTdE5xWEFKZ2lHZ19VUVNEdGtwR0ZGbWJLeFdHcFhHSjlYQmtqcDVQNmNBcHk2N2E3WTRUZkQwaXpnaFZNM1rSAYoBQVVfeXFMTTU1blJnRE1aVDliSEhwRkZoY3lMSml2TjVJSWhiME5Eam1kZmNiN2pLTUFXWVpYTy1ndDVqaFlsVXY3NUExTjdjbUVMQ3FVM3NQYm5KWnJyUllxeWN3MFFPTW5PSkFlWjJxbklHMnpfR1pTZDJJWU9XZ3VvRWQzQWMyNTY3QjM1T1Jn?oc=5,FOX 26 Houston,2026-08-31,neutral
Metrorail,One injured after METRORail and HFD fire truck collide near downtown Houston - KHOU,https://news.google.com/rss/articles/CBMiuAFBVV95cUxOaTdLc2JoWDFaclEySE5SNlowOWRWRmZYeFdzdjUxeXNwd2ZVME9jS1NDVXhNMFR4dHltRC1fcHJyODlPMm5mc21sbEpHNFByZTVDak9oSEFXdmFSaEF6VlAyRDhVbkc3Q0lOOFByS1ZiTDByOFNBMTVNODJjb0pwc182NGV6S1Ryckd3Y2Rna09OR3Yyb1hDRGhfcC1iUmtyLUw2UnlPWktNei1TMXBSaXNmcEJvdHhN?oc=5,KHOU,2026-08-31,negative
Metrorail,"Metrorail car derails near College Park, Md. with 11 on board - WTOP News",https://news.google.com/rss/articles/CBMimgFBVV95cUxPMVM1Z0g2QWEtb1hGR2t6QUZQTGl2MnNSQUhfX3NXNUVuQlN3dTRlZjdHeng1aElCbnp1YzBsaDJCOWozQ2pVTlRsY1pXSmVvX2cyZktCNkJKMjQ2UDNxc3RRM0o5SGVzLXF5MHhaUV9MdW1GMU1VWGk2NTlCdWt4aWNseGllMW5CRThNLVZjX21ycHhDQjktYV93?oc=5,WTOP News,2026-08-31,negative
Metrorail,"Tons of Inter Miami fans ditch cars for Metrorail, Tri-Rail in rare transit win - Axios",https://news.google.com/rss/articles/CBMimwFBVV95cUxOT284emhPb1lnZ2FlLXg3a1RlZ3pXU3dSZ2JwUGtHaFJoZ3g5VVBjREJuZkhxRUZLWE42S0xRT09BZkE1bG9ieHNPY1JkbzcxWkdibW1RUjRaSHNsbnRyeGxUanFvLWdOV0NHMHIwbE81QW9VcGdrUmVHMmFjZG9jQXRKc09xd0xLMktIXzM0MXZKSDVGQzMyRFgyVQ?oc=5,Axios,2026-08-31,positive
Metrorail,A Metrorail expansion is good for FIU - PantherNOW,https://news.google.com/rss/articles/CBMifEFVX3lxTE5JcmtQVDA1WVdEa24xWlMtcEk2dC00NDhEMTh3TjV5em1PSDhVV1J1OTJDMnl2MHNVNm54eDZoSTBibDVJWm9BUHdMN0pmZlVaMWhhWURRNWMyMjdhQ0EyS1MtT0JPYWdqLTdrNzlDTWRZVkdycVc4dEVuS0I?oc=5,PantherNOW,2026-08-31,positive
Metrorail,Evolution of Metrorail cars to be displayed on National Mall - NBC4 Washington,https://news.google.com/rss/articles/CBMiywFBVV95cUxOWEJ5WGVBU01sZ19KWUx0NlRqRW94bWxIRzlZbWJkd1Y1WlBkUGlscV9kWEhSdnFINlczNU1XRWQ4bDg3cTZFdWs1SHo2aEhFZDc5SVllM2R6WEg1X0dIcFdIUWNlajhSTENwTUc5ZGpzOGVOMV9nd1U5dVc1SW1kVGNUVG9URU9TWk14Y2xBU0MtU2lQcUFyclVUMndEMGVKREgwTjVrcElMZVM3VmE3QTBCVmhJR1drTzk5Y2tNS1FtdGRUTTRZeGI5VdIB0wFBVV95cUxPNDFKX3N1MmwwMFlQR3pBcTR0RHhWZm1xeURpQU05S3NqTC10Vzk3NGxLWm94dEVhcU5ma2Vxc1B2OWs2NjZWSkpRNlN4UHlValFfVk4zeDdLNkpjcjk4MG13cl9uMmxQX2JNZVFVX1cxTXF6cU45cUdBaGVmSjA5VEdxS1NnS1R5M3p3d2J3LUdxX2NVNXZmTWxmdXZkY05FVVlsUUMyS1d5VE1UcmtUX1k1XzQ0UFI2WjVjSDRWekNBV1lvaExZeU1ORmVpSjZObGFR?oc=5,NBC4 Washington,2026-08-31,neutral
Metrorail,"Doors, barriers coming to Metrorail’s Red Line platforms - Washington Times",https://news.google.com/rss/articles/CBMiowFBVV95cUxQMFlaNDkyTnFzRUdpbzFYRGl5bDY5ZGd1VVkzMXF4OVlLSzBMU2syR0F6WGVadW1rejVwRW5Hb2U0NE1Sdlp2eEpnbXVyak5hQjJMbFkzQmoxWVFLSWZ5LWtlZXlXZEx6SnRBaEJSOVJOV0szM29maHpUNXNGRTcwNkhBeE9uSXNIS2VvZ05JZE1iSTRVOUtVaFd3NHctVHYtTldJ?oc=5,Washington Times,2026-08-31,neutral
Metrorail,"Cost of Miami-Dade’s North Corridor balloons to $4.2B, imperiling federal funding - Florida Politics",https://news.google.com/rss/articles/CBMiwAFBVV95cUxObk9hdFR2MXNkZnJmYVJoSm5VWktqa3RMcEVIWlRZSjNqSjNkVzBSVFQweGdIUE04S3BFNm5XbXRmQmFLSXBieXdHWk9abG9lRnBYeTdUa0JtQ2FxR3hwQ3AtZ1g0OXdDVjF5RzdGUW0wckhKNFJHNDRmVnMzY2V3b2twSGYzUU9jcDRhZC1UTHpJM09Qa0FoTHAzU3ZQMjJxVGVlNjRydWlTOXJDcFZNb3hqcEI3M0M1UGlDd1ZXVk4?oc=5,Florida Politics,2026-08-31,neutral
Metrorail,Fourth and Final Tower at Link at Douglas Secures $134 Million in Construction Financing and Breaks Ground - Florida YIMBY,https://news.google.com/rss/articles/CBMiwwFBVV95cUxQQUNEQV9WaWc3MEFJSkNiRXl2dlI1dG5ybl9FbURmMGtwLVFtLUdaNVd3ZUp2a2IyRGo5Vk1oSGdLdl91dWxuNjFnVUhxdW4zUHlVTXpPckNHc3MyRVUtbEIxcHo0VUlZaFVDem9zNGFQY1JiOGJCWWZkYUlHM2wwUEZuMlpFekhzZ0c4bm9jblpFd1huLWoyZFFiSFhqNGFCdEdQUGtiRHVGMVk4WC1LdnhmaWctM2xsVW5leFRSc29Pb1k?oc=5,Florida YIMBY,2026-08-31,positive
Metrorail,"Loudoun Commuter Bus Service Adjustments Begin April 1, 2026 - Loudoun County Sheriff's Office (.gov)",https://news.google.com/rss/articles/CBMiY0FVX3lxTE1taUVuXzY4Q2dCOGR3VGt5OW9sUE84bm5wU3VlTkdpUFRfVUdVeDkzOEl3WFZhMkZ3dFNpbHlHai1UNXpkUTJmR3NmMmdjRUtiVlZhdlM3end4dk1YMFNEZnRNWQ?oc=5,Loudoun County Sheriff's Office (.gov),2026-08-31,neutral
Metrorail,Suspect killed in deputy shooting at transit center - FOX 26 Houston,https://news.google.com/rss/articles/CBMirAFBVV95cUxPeDJRUmdBQk85aldJWmtNWk43Ykw1QVZSOURFOWF4YmJ0QkxNUmRjZWRaajZjb0xJcVRLSWpwRTJKMUN4WG1BZ25qSTdJd25VdThDNnJyVHlaaEc3SGNYRjBFU3N1eG1sS2E0ejRPcjM1aUZ2T0lQMWRuWlUzaFVCN19UbWtIR2ZvMEs5aTd4cEVHc2EtcVpMZHB1RnQ4S1ZBZFcyS05DQnZDU2hJ0gGyAUFVX3lxTE5DQThCTV9COHBTN0tTVm5TRWMtY3BCTmg5bnM5ejBEa2IyOTV1UE9GanhfNjY3THRuNzFMT3NRaW1VQkRfVEtNOU5IVVQteDZYNUlIWVVpUVJqUThqR2dmWE56cVpSLUZudTNhWllfbmRtb09WSThrTkRLcVNGVWJKbTJHSExjYm13ZTFzSlI2VGVTWGN4RHRwMDZzc2FwTFN4dTFMaWNwREQ3aFFKM2R2MGc?oc=5,FOX 26 Houston,2026-08-31,negative
Metrorail,Fans pack METRORail for first Houston World Cup match - KHOU,https://news.google.com/rss/articles/CBMi3gFBVV95cUxNMzlSYldWRGx4ODA0d21ZcTh4WVhuaWlYdm91LVUta0w4V09GdkZybEVwZXNXZXhWZlJMUGZ5cDdGRHBheWluY3BQRFZSNWFGWm5LRzdzU1Y4VGtQcTh4bkJjUkU2MHlTNEFvbF9pR0pMRU93c1pONlNhY1hsZnlyaGNVY2xQc25zdjl0VmRwYlNqYkpZRjlEU3hXTFdqeERqd2JlX3BNczl6RjFDTHdrMzN5Ykk3YVdMTDVWUmkyUUtNNVNIMmJRRlNZcWhSNHBVV2VxRlByODdxb2EyUnc?oc=5,KHOU,2026-08-31,neutral
Metrorail,"Shooting near Midtown METRORail platform kills 1 man, injures another, police say - FOX 26 Houston",https://news.google.com/rss/articles/CBMirAFBVV95cUxQUDdQUUh6elNuR3IxZmZtdFp4dGpCbGN5d09CeFNSUi0zeldVZGtCcGEyNkM0TjFfTFMzQVRNTk1TN19wV0Rrelc5c1RWX3J3UGRRWWJKTFF0YzVDNHB3M1p2UzI5dUJ5ZS1HOG9yalBLeElaMk15a05zVUpraTRFcnJUNVZiT3dvaUtDVDJxenU3MmlkaTBwY29rbFFWRHpkUm9wT1NFMW95NTZT?oc=5,FOX 26 Houston,2026-08-31,negative
Metrorail,Video shows woman backing away from suspect before she was found dead under Metrorail - NBC 6 South Florida,https://news.google.com/rss/articles/CBMitgFBVV95cUxQMXRfSU5rWVZtWF9VUk5fdGFGR3NLelpkRlgtQ1FwWlh5NXhMdHk2RlVSUG5pT21vMVgtUkJaNDZOUFVXclJNTlk4ZWpZT2xoVU9CaTNVYl8zbmhRZFFJMzM0eTlQdXozNThNYzNyNDQ5NndzbGk5N3BuaGNFcDJWLXp0T2dQakxCa2tyaUpENFV1cE1raVNVRU1tZHhNb1lxSDdOMktIUGE5UW1NNHp0RkFnSnZVd9IBvgFBVV95cUxOSnRqMUp2dUJUUkd3ZXJDZEpRendMOVpQNk92WEVtRUVtTW05S3MtbWdMWXY5TWZITmRuNWhKUG9DODRGSnRJQVBnTXpjcEV0YlBLOWVmc0UySDBtRDM0RnNzdUlvWjV5LTBsR05jZDhGRnJ0UjVlNDR6YnhHbWVmRWl5c1BLZTJ3U0FxczBfdlRacEZucGVpMVBzV0RXQl9kN09tZkI5cjlfbUhtYVBQZXJiS1NhazNMRGtHbUFn?oc=5,NBC 6 South Florida,2026-08-31,negative
Metrorail,"Work train in Metrorail collision exceeded its movement authority, NTSB says - trains.com",https://news.google.com/rss/articles/CBMixgFBVV95cUxNT3I2SEg5cWtPSWlteFVBM1FxM2ZYMkVvVEdGdnl0Y084NFhGZzN1dkVIaDhpMEhkRWlqYTNrTGtOdDVlRVRiRFVtRnhNbHJZVjR4VGtDUFp5OXl0T2xfN3NFQTdZTkJkd1J2QjhmSVpWc3dNbV9mUFl6a3VGMTZaZHJoc3d4eVRFeDNXVkhzcUR4UzBHbk1TOUNsZ25maEhKZ3J5QVhsWlVPZjFQTE96aVU4aVRObmduOF9CUlhkR0dPTWpvanc?oc=5,trains.com,2026-08-31,negative
Metrorail,"13th Floor, Barings nab $134M construction loan for last tower in Miami Metrorail stop project - The Real Deal",https://news.google.com/rss/articles/CBMinwFBVV95cUxPY3UyajZZN2hTU05WSEZaVGtiWHAtR0F3V1VQZFdYWUN2UGJ6VU9IOTIzTC1obnk0clJ0ZDJwQnlyd1h2dWhUcmVmU2IyVk45bkNCT0hhZ0V2c0Y0Rzh3REhJN01LU2tyQTlRQlZkRVh1VWVHTGZaVXNMYkJYTC1fck5xWURTZFh0cmM0NXFTN0IyZ2VXNTR0U0gtaUk0czQ?oc=5,The Real Deal,2026-08-31,negative
Metrorail,NTSB investigating after DC Metrorail collision injuries 11 - trains.com,https://news.google.com/rss/articles/CBMisAFBVV95cUxOSHFuNU93YnlyRjNNNmxHZUZsY3JqUC04RFVnSjFEQkdsZjFmbGNpQWVjdXNsQ1gySjBSSlJYbk5ZUWlJZWFwSENieVRZb1RLd2RybE5YTXU4WTYtOWFrWVFoMkRWWmR2Wm12ZHNZRVhSd3dDMVA4Q3dzY0JGTjhHbmwwZjFkUjQ3a1I3M001U0VTWWJfUGVVZ3lVTFZEUzh2RjlraWk1d3FKZ29nMlc4Ug?oc=5,trains.com,2026-08-31,negative
Metrorail,1 injured in incident reportedly involving box cutter on Houston METRORail system; suspect in custody - FOX 26 Houston,https://news.google.com/rss/articles/CBMitAFBVV95cUxQRi13cXV1TmJkYU9iU1dRUmVyUndMOW91WkNjRzZaRHdQSmszU09sM2E5X1hLX2lvZjRwQmNVaVBpUnA3WVhOMnJvWlNzb25NSlozM0kza2FMUzM4cEwwajQtaGJSUGlwdUlFblU4d25fY3praTRfTEhWRC01Z3hQUkp2V182S014VlNONlBxc3N6d1lQcEJKME5FZXhyS0hSTnNGZ1Q1eTd6WmJzbjNNX0V0NDg?oc=5,FOX 26 Houston,2026-08-31,negative
Metrorail,"METRORail Red, Green, Purple lines to adjust service Feb. 13–15 for maintenance - Click2Houston",https://news.google.com/rss/articles/CBMixwFBVV95cUxNRlFRM0I3dFhUUldGczJ0VVp0Vlo5OU9TOGp6QnZwUEZrTWUwVEdlaWRGMDhRcFFoSG5nak5ZUm5yV2x4UFJnV0ZCTjdTdFQ2WjUwdk05dzlfMFViMmNQNWNSakE3MHlVZ2p4RXlHVEF5a01STTV4NGRyc092ZmllcUtqa3JZZDdlanNYRnhsbElIOGE0bk9zMm1teEhQSnIyNnRua01IMFZtVmljTnlEVHI3a3pheHJLRzgyUWhNcEhEV3F1YUtV?oc=5,Click2Houston,2026-08-31,neutral
Metrorail,"Man found dead in roadway near METRORail was possibly struck by multiple vehicles, HPD says - ABC13 Houston",https://news.google.com/rss/articles/CBMisgFBVV95cUxPSWNWTHFZMzgwOFpJVWQ4NHBmU3hyTU91ZWxVN05DOXZCY2NpVjc2dzRZdFAwSXA1ek1OaVVyY0loRWxUX0JiSWJLUFpORndEdkQzai15bmN1VF9ZajhzRVMtZnh3ZUY4NkwzcFc0b2pCYUJYQ1c3NF9nSjE4cDFQVWlxd1RWYjVwbERnRGRXNTEzRTZWSjMyaTBoS2NKaTY4OV9fdVhNUGpOTXdkRTg3NHZR0gG3AUFVX3lxTFBOUDFnTElJTE0zaFNObER2UmkyOFhLTTJHcVdoaEd5dkhfX3B0UUFzX19laF82Mmc1YXpoTDN5LUZqN2JhSHRnY0JEZXlwZ0s3UTFYa1FJU3hWa1BqandfZVVvLTFLUWJtcTlURkRRd3B5MmY0V1BxMno0czhhcjFrMUlpc0lnQ3VqT3ZBZW9nUEs4Z3c4VzZqTVJXOXhLM3RVYVhrd3hvaGlLem1KMFV2SmlRU0NEVQ?oc=5,ABC13 Houston,2026-08-31,negative
Metrorail,Houston Fire Department Fire Truck strikes METRORail train - FOX 26 Houston,https://news.google.com/rss/articles/CBMiZkFVX3lxTE9aMDdpUjU0azFjckcyWi1YRVN3VTVyUmJMUkdkUmliZUNCeHZONzJXSHFtVjFiMjBkbGhFQ0Q5S0ltZmVXUGJsN2ZqYnYxdmE1Nk4tejFGa1ZZX1I2TVZ6a2h5cTloQdIBa0FVX3lxTE9GWmhIbFpWTkJjNkxLOW9oVEJpVlhUSlc0UVpnbElFT2w3bU5KTFpBSmQ4QkhHMlA5bEpWaGpzOERwY2U0UEVGampfOHZxQUpaWVFiZ1NIdFFUM3R0WWx2ZWhZRWljdHRNVGtn?oc=5,FOX 26 Houston,2026-08-31,negative
Metrorail,High achievers and low performers figure in Metrorail’s post-pandemic world - Greater Greater Washington,https://news.google.com/rss/articles/CBMixgFBVV95cUxPTTJRRm9ab1MwaWdWdTJ3NW5TTlhhNjF4Q3I3RzFUdTJZdVJFZ0ZsNy1FYlVGSlZxZGtSTzBYU1lTT3paRWtNMTNtS3p0eGlZRi1qU1NuTW9XR3NzWk9kajhhbTJUbUpSRERYLTYxc1NEUE5JcUhDbTJYVXRRRjA1NDUwcVhhV3lZbER3LTlmTWxWTmJUa1dHM3VSU25aVXYyZ3BCOXN5TjgzZU4yVjNYRUxlQWtuUUNIeHRsMGEwRFV6Q0R3MlHSAUpBVV95cUxNQjRTVF81VTR2SzRESVUzNzV4RmNyd1ZtYkRhWWxLZEk2VUlkX0JyRDZsM0FKdS0yc0VrRVZVSmNPVHZaSXNsRF9mUQ?oc=5,Greater Greater Washington,2026-08-31,positive
Metrorail,One shot during altercation at Downtown METRORail platform - FOX 26 Houston,https://news.google.com/rss/articles/CBMijwFBVV95cUxOR3VnaG1oX0NUeWJyeU5Ib3hYR080OE9fMG1mUnBhODY3RE51ODhzd2NBSHVTNHJRQXo1SHVWaERQZUZDOTB3NTVMMkh5MVN4NHJJUlgyZnBhQlhCSTZ3MmxDd2NRWGtib1RlRFRuWUNMelZwQjJTVVRabDc2VEcydDlNVGZOTl9DQlRUMlhOdw?oc=5,FOX 26 Houston,2026-08-31,neutral
Metrorail,DC Metrorail operator sentenced in health-care scheme - yahoo.com,https://news.google.com/rss/articles/CBMilwFBVV95cUxNeGVRbnFrZWpBRUdFVEItRGMxd3NwcGNqMjYzTDk1NVhMY0ljU0hRZHA0dGluY2t4dlRGZk44R096Y3pqbG5WVFVVMUZVNWQ5UEJBcVBab2xLRC1fUFlTbGtsT0hyUmh3UHFyV2pidFZNd3ZMTzRHZnNxdDFqcnpQYUl1cV9GVTRPYW1SVGVKcVV1Z0ZFMy1Z?oc=5,yahoo.com,2026-08-31,neutral
Metrorail,"How to check your Metrorail, bus lines as snow service slowly returns to normal - WUSA9",https://news.google.com/rss/articles/CBMi_wFBVV95cUxNb0FuclA3V2ttNlpqUjU5Mkt3UHFBUXhvMXl2ZzZaT0ZLVHZxMDNXTFVtbmQ0YWxMTDFVcGNTaWotLTE1bTNDMTBSMjdSaV95a2ZYZ2VRa3ctSE1fclhqWHA3SzFHOFdiN1h6ckQwS0NkLXlZVUlVbzE3bjJLT3YtYXV1MTFpWUc0VTI1Tk9ZRUcxODBpa1ctb25CM3Z6ZmNjdXF4VnV4c3V1STNvLUpQNWl3T09EbXBGVHd3eFRPM1huLTh1eWJkc2ExVHJ3c3A1NXpMMDRCOWZsT0ptOFVEX1NrZnZabVRjeFVLS0pIUzdHeE5nUVBsWjVlMnR1VUU?oc=5,WUSA9,2026-08-31,neutral
Metrorail,Developer Lands $134M to Build Fourth Apartment Tower Near Miami Metrorail - Commercial Observer,https://news.google.com/rss/articles/CBMiwwFBVV95cUxOLUNEU2xwQkFONXFnOGpubFlYQWRvRkU3anhKSzVsYjM4RFphM3BINEJKUDIycUZITkhmWUFXNWtId1dnRTU1VzhzZXV3bDlySlcyY2NNMUloZUJRcWYyTEZiMGQ3M2R3UkVFX1d4Uko4TUJMUUlfa2Y5R09RVWctdmk0MFEwVW5ZNVJRaktfWGx5aDNOa2VVOVRXeDV2VkdOQ1o1QU15N1ZBYzNRdjJfaVlCYk9oSFk0MnJndlR5d2pIQkU?oc=5,Commercial Observer,2026-08-31,neutral
Metrorail,13th Floor Investments secures financing for Link at Douglas’ final tower - South Florida Agent Magazine,https://news.google.com/rss/articles/CBMie0FVX3lxTE5qa0t3eWRuR1RONTBWeDI4cDJ5SUxTSGE1YmwxTnhIU3B1YUExR0xPTlZJTVdaa1ZuNjRVWXU0SjdaR1czWnJyWTQzZnpNZldCWHE2YWc3NWV3SURUai1INlpVSWk3N3c5NkktOS02MlE3M0g3MHoxUW1HWQ?oc=5,South Florida Agent Magazine,2026-08-31,positive
Metrorail,Fire truck collision derails Metrorail train near downtown Houston - KHOU,https://news.google.com/rss/articles/CBMi3gFBVV95cUxQWW1vTHIxb1lTRldfWlUydlY0NlhzcW9WZDJIWVVUdXp5bG1qUFlLbDBkbGFzQ3VjaHF5dldoSHRUQi1OaXRTczQ3bW1LQS1FNnNobFo1cWNOdWpjRjVsT0ZuQ0lQWTVQZXFvaDkyajBhNFREVnQ5N3JhMXlTVFY1VUlBaEktdFBReUsweTNrMG5tMjFSUGlPRDJVelNZb0dTQ1VaRi1QV250Rk9HeXdYakZSazJQTXdXRnhCWnloenVnVVRUUGxCUjEybFJDUnJtRDhFYmo4bE1TV0VLN2c?oc=5,KHOU,2026-08-31,negative
NYC Subway,Smiling nut whacks straphanger with gardening tool on NYC subway - New York Post,https://news.google.com/rss/articles/CBMipgFBVV95cUxNVTZDamtITURZVjFuWldjemlQclZNM2w2MXRTeGJoOThlN0M3aFA3NWExRlYzZmx1d2JoQjROWjF6XzFpVWVOd29VOVd5a1NETTdnT1BsMDBLXzAxNnZWUnAzdVl4MlhqWmtxSU5CV1ptTGJFcWJRRHRob1B6Y0trbWgyWnBfc2RIdV9HUk5IYW5aSnNJcy1yQ1RrLVhWRDFoMURaWERn?oc=5,New York Post,2026-08-31,positive
NYC Subway,Morning rush-hour subway service disrupted in NYC: MTA - PIX11,https://news.google.com/rss/articles/CBMijgFBVV95cUxQd2RFV0tzbzhhVVV2SHR6U0Ntd2xVRFVVQ1JkSlZiWXRfZ1EwV2UxZm9FalI2aTdTVlVTWW9ybDdsWWd2OV9QWElxVEZRNkNKMTF1VUhDR2dmY0JpNTliWGRucHpwTnBvMkgwWThZQlZ6TVhPNEV1S3duam1qMTE2OUhwaldIVExHdGMxT05B0gGTAUFVX3lxTFBQUk15NDhnTjVjNFBwaFdqV3ZTMjdJQlFfWUdiREFHazNGbUtlZG9FdnZYRjZoa1VwRlZfUHFmejRxOU4tU3dDS1NuVE9oWXN0d1FxX3ExMUp4OFNCbS1FdVhlZjBIdm1sc0t2ZUJqejlDbTFoeEtsZ253RUw1SVBWUHZrSkZBMy1XMjlhcW1NeGZpOA?oc=5,PIX11,2026-08-31,neutral
NYC Subway,"Man brutally attacked on 2 different NYC subway platforms inside a year, wife says - CBS News",https://news.google.com/rss/articles/CBMingFBVV95cUxOYVEwRnRmSEhkSUt3UVBkR0tmZVdfcXoyV0k4aUZlUGNLMGlNd2RpU0dxc0JNTkRwakY2aWozQVB1Yy1aU2Rfejgzd1JKa0Z2ZzJTV2o4c3cwNlRETnFxLWY3OVVFSnNzdTd1dWJmbFdHNml5Y3liNWNZVm5mYk9VYUlzUnRZSEdmaGw1WWRvTTV1OV9IWmJRR1NGNU9LZw?oc=5,CBS News,2026-08-31,negative
NYC Subway,"MTA limits A, B, C, and D train service amid Monday morning commuter rush - Gothamist",https://news.google.com/rss/articles/CBMingFBVV95cUxNZFQwaE1wQ3BKVUc3RFBCVVhCOWh1dzhBa1JURlNYd2xrTzhqdHgxcG1PekNaaEhSY0ZVdnBISGNEdE1tNG16VGtOdlZNMHQxVER1ektMNURZM1VkLTdTcjA4UWEtRVdtS2s0Q1dFUVYtcnNuOE1VNFI4eWw5eTZMbVhsMktaUGRLb0J2TkRiLW9pTXRQN3NCSGxrMXJlZw?oc=5,Gothamist,2026-08-31,neutral
NYC Subway,"Woman shoved onto Bronx subway tracks blasts NYC leaders, Mamdani, as transit assaults spike - nydailynews.com",https://news.google.com/rss/articles/CBMiygFBVV95cUxQU1RmVG9aVWdJdkhoWU9YX25QLUVGLV85ZmNqdlN4aGR4Szd2MWczXzVMWXRPcUtubzZPSWV6aVI0c1lzcHFsYkFiM19TT1cyVU5vSlZaNFZkYnltdWVHcUg4MC1GVWtIdmtEVHR4VGNicXo3R2dqb2RlMGlfS1I2aGNXVi1MemRzcTR4dFVDWVphWnJNbkFOOWtjZFpnREl0dWZZVWVraWRSQjBTY05obnpvRExkLVJ5TkRBbUNXV2FnTFVmbGxRQkF3?oc=5,nydailynews.com,2026-08-31,negative
NYC Subway,"Just How Ridiculously, Hellishly Hot Are New York City’s Subways? Jack Can Tell You. - Mother Jones",https://news.google.com/rss/articles/CBMiwgFBVV95cUxPSS1oczJSQ2VXWkhsU0lnZWxDV1hhMHZCanB4Tk5qY0V0OUlHaVBXakFEZTBzWXBJWVV1RE5UVFFVVTl5OGpxaHBVWHd5VGx0VkRnY1pHU3RnR1d4RU1SRVlSbXRkdGJkWGtJckpkZlJVYXV2bmszRTNWU1ZlZVhJVG5HY2V1UXdjSkFIQjRtT1Q4cDNFSkN2M1Jqb00tdG1ISzVoMHNDOVNSaUhDN3RmRExtd21LMEI2S1pHNnpISnlYQQ?oc=5,Mother Jones,2026-08-31,negative
NYC Subway,‘The world is going crazy': Subway riders reel after woman is randomly pushed on tracks - NBC New York,https://news.google.com/rss/articles/CBMilgFBVV95cUxPMHBNUFp0ZnBBdWc3dGxCVm1uM2kyUmwwYnB2V3ozckhxOFRTeFBWck5IT3lvWVdsb2NfM3JxRUM4SW9xY0J6Ui1kU0Rhc3ZvN1E5bVVZUk9BWHJteGt4cnNQdmNQb0E3VEVPQXpud0NTT1J1SkNqb3VIZXhadG8wLWM0TGtnSTI1S25iWUp2NEdmT1ZSRkHSAZ4BQVVfeXFMTXhBUVVXblFrcHRvdE92TXFQaGpNa3BDcDBIYnVNYk1mVzVnd05TemtVWkxacUNreUIwVXdLaDFHSjJTeHQtVVBVVzhuTzh2cWhIVFM1MGtudlVwS1lDQlJpN2ZtbEYzSHlYRlBlV19aX2NaUjIza1pkaGd4Smh4Q1FFMDRVeVBGQTY5NjEtNms5YWhrYWU4VF90cmNjYkE?oc=5,NBC New York,2026-08-31,negative
NYC Subway,These automated vending machines are moving into NYC’s subway newsstands - Fast Company,https://news.google.com/rss/articles/CBMifkFVX3lxTE13cjZGUVU1U1JNNm9UcGtVdGlMZ0ZXaExSbDU0WjNSNUJpanZScXUtNkt6a2xQTVpZZnBSZkxneXFYbjRONXhoLVdERF8zVDVtbXNPU0xnM21lVUd1TVJReTI4N0VXSXhlVndfRXVmVHp1OGpKYlRfV1ZKc3Ezdw?oc=5,Fast Company,2026-08-31,neutral
NYC Subway,"Track repair work severely disrupts A, B, C and D service - Spectrum News NY1",https://news.google.com/rss/articles/CBMirAFBVV95cUxNSFNVOEs2cjdqaGhURnNxZ0NPWHR4RGZ6aVc1VVZpcWtMLVdUbWZRLWpTVzNadjkyRDNyd1NnTUFrak44eUYxRjVFTk1IalRHSW9vVWdDeVJBOE41NVhJWXVBZjE4TmdEeEJVdXQwdlJOUDZiZFIzVC10cHNYQU0xanRyT0tKbS1sS3JQWVhOd2NQUVphU2FYSHZWTVVSczlvTThHbnBndkY4RFdu?oc=5,Spectrum News NY1,2026-08-31,negative
NYC Subway,"NYC subway lines A, B, C, D facing disruptions due to cracks found under track, MTA says - CBS News",https://news.google.com/rss/articles/CBMikAFBVV95cUxNd0xGT2hIY0FjdUxObkU0RFBEdkUtZU0xUGxKV0dtWGpqbGdOdVl6OGxyemFqYlQ2SlM0R2ZRWFIzaVVmTjFtYWdsaFJKQjFDRkVfNGw5VXhPWGUyMEFTS0lpMnVqZ3NqUXhMak5uOEhGOVFlU1l3MHlWeG1LUUNCdmROWnZXWWxfY1ZNWlUzbzE?oc=5,CBS News,2026-08-31,negative
NYC Subway,Cracks found under subway tracks trigger major NYC transit disruptions: What to know - NBC New York,https://news.google.com/rss/articles/CBMijAFBVV95cUxNM0dOeVdpX010UEJUZUQxRDRQQlIyV1RFMnk2anZtcTM2TXVVSW1td1JXLTB0M3lQNko5WFduRkdCUDNmZTAzdGFJTl9vQlFsNWNCTUxMVzdPdjJrRWJkejdKVGc2WGY4dXU4UEw2X1dOelNOaExURjJQYXJiQU1qUVZQZ3RVckJnSTVFStIBjAFBVV95cUxNM0dOeVdpX010UEJUZUQxRDRQQlIyV1RFMnk2anZtcTM2TXVVSW1td1JXLTB0M3lQNko5WFduRkdCUDNmZTAzdGFJTl9vQlFsNWNCTUxMVzdPdjJrRWJkejdKVGc2WGY4dXU4UEw2X1dOelNOaExURjJQYXJiQU1qUVZQZ3RVckJnSTVFSg?oc=5,NBC New York,2026-08-31,negative
NYC Subway,Video: TWO STRANGERS (CARRY A CAKE ACROSS NEW YORK)) Perform in the Times Square Subway Station - BroadwayWorld,https://news.google.com/rss/articles/CBMi1AFBVV95cUxPWnU4Zm9oRlBiRUx2ajNGZHFoNEplQlR1MjUwMzc0TFFNc1NqZ2FXcldMRlpfMGdCTDZoR0NXVGcyaUNhVzJSMFpzUkVBa2d6ZkxLWmVVOUtkVGdjc2J4NWdxQWwzS2w5V1p6MGVXMkw3eWpiLV92WG5maXZJRG5aQWdaVnJqemNfYVZpeUhUSnV2dmEyalM2YXdIX2RkVWl4bEhJaW95cnAyeW9aSU1fb3NSQV80VWI0NUJ5bnE0YVU0V0t2bTMzZTdBbkZtbWZJVTU3Sw?oc=5,BroadwayWorld,2026-08-31,neutral
NYC Subway,See it: NYC subway station turned into Dolly Parton tribute - PIX11,https://news.google.com/rss/articles/CBMimAFBVV95cUxPYkNDTUs2X1pYenVJTGJkYkJYd0hDczZER3ZKYVpIMFNsT2JHZTVJRTVCcFZMNkswUGdOUlBGNHV6MmdKWXpmcDBIeXk0TXdwMHJ0eDBuRE5GMF9wazkydFliUGdVbGk0bi1GSzYwSmZyaTRRUTZuTDBleWgtejh3akZCYjdldTRtWDNENTVhWE5UM0lCazh0a9IBngFBVV95cUxOaVlhRnFWT1dtSW1tRmlpZzZUYUhqY29rUFg5RTd3MlJHV0Q4VWxIcUktNzNoV0gyaUNUTHpPeld6QS1NaTJsT28zcnRYdUN3UmFibjFnZTJLTzVCY2NXLWFaUjZvUE1wTlpuZlI4cWpuUkcyWkNSSElrUXVFNnR0MkhlWnRjTEhFcXFmR1VjTHlVXzZaQXhYVEI0NnJadw?oc=5,PIX11,2026-08-31,neutral
NYC Subway,Everything in this NYC subway newsstand is free - NBC News,https://news.google.com/rss/articles/CBMingFBVV95cUxNRm5fb1Y5Qm1pM2xVYTFxMVgwRVBmU3IwZTJkNi1mVVdjbkRmSWpKbmk3TmMxcjdVRzZ5RnhiR2J2QXpfRjFycnZ0bEJ0TFRKZ2VUR2Zsemxmam84UXE5Rld4N0tQR3pFLUNuZjQyRjlsV1NSVExyN3lHM0I2LU5kbUh2dnNJc3pLWW1oS05vVHkzWnp2YmctV21jR0tidw?oc=5,NBC News,2026-08-31,positive
NYC Subway,"Woman shoved to NYC subway tracks in unprovoked attack, police say - NBC New York",https://news.google.com/rss/articles/CBMijwFBVV95cUxPVjUzSW05U2Y1c2FvSU56MDh6MEM3b2R1S3Q2THZndDJtWi1fMnNSZ2QzenNfV0JwT2hrTmVoSU9UY1NtSndUR0hEUkJ4N0hGZndaeFZCV2lKcGtqUDNQc2dDX05kV2U0QzlqaklGTWhIYkVPYkpwWGdEUE4xWXMyVVNOcEZub1JIY0NMTG4tSdIBlwFBVV95cUxNbUU0SlVZaUxtczh3LVctZHVxM1ZZN182c0N3MW5YYzRqZnBmZUtqd1V6MUdLb2RjeERnNWpnN1lGYWhRLUh3WkJnY2E0aDVTTE5jR0xKY0tvNlFVc1Zuem9vNk9YS2lHaHNiU0pnMGI1WV9nVVRQcjhlYjN6a0RnY2RIUFJtdFl4Z0ZyenVPUWpmcVQ5TkpZ?oc=5,NBC New York,2026-08-31,negative
NYC Subway,A Newsstand That Aims to Delight N.Y.C. Subway Riders - The New York Times,https://news.google.com/rss/articles/CBMijgFBVV95cUxOb0M0Vi1DNmFwWS1UYzRiYjBQTVgyTmpVaXdxc3BhbDRlNkZXU0huSklfNUlKZVByeUh1V25uQUZ6dFowRVdYcVMxSjRtRWowTkJRNHFEeXN1MzNrQmZzUlNCbUNtSWRTTERQS3VORm1BUHhEODFodTZrS1ZxVkxDbk5zbXVRZ3h0UXJoaU53?oc=5,The New York Times,2026-08-31,positive
NYC Subway,2 men hospitalized after being pushed onto NYC subway tracks: NYPD - PIX11,https://news.google.com/rss/articles/CBMioAFBVV95cUxQRHBLWmJGa2xPVTdkVGxNVkUxX2pDaVFDTlFDX3FibF9GUDF3cmFxNjlRLTBOY1lxVnRVWTdReHJiRDVWMWsyai1rMmtwMzV5TkRmZ1BNM2tMUUZ4MGYyajQxSkgzUlEtU0FnN0xDV2oyM3l1Q1NnT0tXRGlsU1RPRld4dEx3MVVBWXkxd2pZSnlQWkRrN0JiT2N0M0p3Yzlh?oc=5,PIX11,2026-08-31,neutral
NYC Subway,"Man who survived NYC subway attack nearly a year ago attacked on platform again, wife says - CBS News",https://news.google.com/rss/articles/CBMixwFBVV95cUxOMEQ3dUwya3hRV0hUVUc2Q1BVdW50RmFPMC1FcnZmYWgzMUFId3B2cURTR2NaQ2RaaHFSOXBtUmgxaC03YjNXc1JXQk5xcndiQU5sTmlFYWp2LW04ZW9UcjlDWjV0RFlEN0ItSU1oMFE2Yno1T1d0T2M1ZER2RHczajVDT2pYaGRmeGtHeXJzZTdaaF9Oc01vNmhLSEExWEcxUzh5UGpIXzZOWWpERFZCRUF6X0FKNE5zUnFtRFFlNmFhaldaZEY4?oc=5,CBS News,2026-08-31,negative
NYC Subway,MTA announces largest NYC subway car upgrade in history - PIX11,https://news.google.com/rss/articles/CBMikwFBVV95cUxNaTR1enYxeHljbU1FTVZGcXpON2k1d0Fhd0hqbVllcjBMdDFBdEhOYXJ3YmRmV2g5SWUyRGlPN1ctcjIzOE53U25ucXY0YnlCcXNuX2NkTlFON2NwMU93bl80WWExd3VBbEp4QzRLanJzYXZmOHpnQ19Oa1lwLXplWkdObmlLVVBHUjg4OXZEbXJ4NTA?oc=5,PIX11,2026-08-31,neutral
NYC Subway,Subway rider slashed during morning commute in the Bronx: NYPD - PIX11,https://news.google.com/rss/articles/CBMipAFBVV95cUxPbkFsMkpwa1JETTdXYzF4LTNpUkxiaG9ieENRcS1SbGFIS3NoM3ZUMndVNF9XNXh1eE9KaklYSVc3M25wMUIxWHh3NVZSN1JCSFRDVHM4cWF3eHFHdlVnVHE4Wm5Qd0Zrc1V0czhLdkpwSkNaRDNMNHU3ZVRaNDZVUWxTd19Ia1ZJbVZkU1NiY05ab3ZFYTlYYU03VHcyT0d6TExZYdIBqgFBVV95cUxQLVpsQjI1VldkUU13RXd6SXYtdzUwblkyZDZXMWFXUWF0MzdlRE93RVNJS0JFUVZSWnA1clRfdm1vUDVlS003bGVONW9TRU1UNlgwSXdNM183Q0NFaDdlT21FaU5FNTJBbkdQbTNrbDRxblZiN0pqWUtUOW5nYUtoUm9xUFU0a1JmOWt1ZUpoLVB4d25VaXNybXlNaHRua2ZmRHBoTmcwYzFZUQ?oc=5,PIX11,2026-08-31,negative
NYC Subway,"NYC, MTA eye first-of-its-kind plan that might keep subway platforms cooler - CBS News",https://news.google.com/rss/articles/CBMihwFBVV95cUxNSmRYX252cDBNaDRKUXcxeFdkdC1kdE94X1k5bnVYTXM5Xy0tU2h5VFN1ODExUmxOTGk0WjctMTA1c3A2bWtjUVpKb1Z6OEhBNUZ0UGN5R1F5ckxoZWhabnlfMTVTdHJpM3c4UG1ENkpjemJGWk5YcTJ4MEFkdEI5dm84TllFSVE?oc=5,CBS News,2026-08-31,neutral
NYC Subway,MTA unveils new plan to cool down NYC subway stations. Will it work — and how? - NBC New York,https://news.google.com/rss/articles/CBMisAFBVV95cUxOM2FxSGV2ckNYTDUwT1VSWkVoSmVSX0cxQzhkdGlzbDF0WFhOeloxc0UyRFVqeWkyS05ESkp0SXdWWEJNZzRyS2tWUDZsY1AxV3pka3FsQjM4M040eDIwWUV0TU5jZ290Tkk2ZW85VXBQdXdhS1JIVkpSUmVGWHZnZlNOUG5wOTgtZGZNZ3NXYWlod0pfNFMzTFRQUmZWTm0wbF9FOEhqN21IRXdMZjRFWNIBuAFBVV95cUxNQVdKUkFBRUNpOWYxVjFua3kzVTBOdWRxM0RqYWJzbUZDWThlZ2lVbUVNQWhZdFdtcWhHMkRWVXJyakJMTmFQNm4tdUlEWjVFbDlUdzlSUFhwem1nWXh4UHoxQ1NYeU1idDY3c2xfZHZjbVB2MGlJTWstUkJWZEhDSjQwUzB5WmE4bVhWaFFIenlDMkpLa0JvMjlweXZMRC1ZZi15VkNSdVR5MVZHRVBBOFNyRXRFcVVa?oc=5,NBC New York,2026-08-31,positive
NYC Subway,NYC subway stations get a some much-needed refurbishment - PIX11,https://news.google.com/rss/articles/CBMikgFBVV95cUxQdVN0bEJOMF82TVl2NFgyVUpMZUJVbWp0OFEzZmdIRk5zYU1mc0dTTnNRS1RBbWZWT1RWMGxMMUE1WVhlUHp3Qkx1U3NJWVpPNXE5dHl1V1E5cERLSlBvN0ZMdDNlVExFazczOTFFd2J2QUVlQzluYnB1RUJyRmhFbFZXcnd0VHRsMGYwNEhKREdPUdIBlwFBVV95cUxPYmdFck84M1o5eGx0UXdtNmJ6MHNaaHRSaUc0cTAwZnBDdk5kU01oMGFXeGhMRC16SXJkZmVJNEpzOXk5WVdlUklNWXl3alpnbHJWNlNSMklPOE9jd3NVYXFvRzVyZlBpdmIxZDhrZVJIV0MtVzRHbmg2NWozdldCQk1pc1h0bzRqTm1WY3kwOFhrWFpocTlr?oc=5,PIX11,2026-08-31,neutral
NYC Subway,Springs between NYC subway cars keep injuring transit workers - Gothamist,https://news.google.com/rss/articles/CBMikgFBVV95cUxPYmxUU0NOQ1JvY1ZURkgtT2EteUdSajBsOVJOZ19NaUNqZnVtaWdraGxlREotYkFiWHpNSnlGZnZ4NWNDU2xyekcxb3pwdzFFSzc3eExCdUJld1Y5UlNSejdiaXllM25LNWRUSFo2VDBUZ2dxSjZ1QkhtQTROTXFpa0FucmgzWnZnSEVHSkFyNWVYZw?oc=5,Gothamist,2026-08-31,neutral
NYC Subway,Crazed stranger shoves elderly man onto NYC subway tracks in terrifying silent attack - New York Post,https://news.google.com/rss/articles/CBMikwFBVV95cUxNOVVOdXNnSnJlbGNlS2ZmRkViaVlaNWE4aklFSWFXcFNVV1BZUUh0d0l4QXlpMXQ4SmR0ek9XS1NmRW54YlFXVU5LVHRrSUxiYlQyMlg3TFlzZFBmMXU3bzJJU0F2TW1sNlp2VnRSZ2RJdUFlRFo5a01EY3V4UkpsbFhENWo3RDJTTVBIUW00Y0VqZHM?oc=5,New York Post,2026-08-31,negative
NYC Subway,"Unhinged straphanger stabs MTA cleaner who scolded him for urinating on busy NYC subway platform: cops, sources - New York Post",https://news.google.com/rss/articles/CBMi4gFBVV95cUxPR2FOblJ1UzN2czE1X2dXQnFORkRzMHNBeW10Y2JpaGktLWw0SU1Ub3dZejJHTGxKY2ZqSTEzWTYtTnRoeVBpeVZqS3FjSVRFemptZ3E1M1hNU1NiRnJXR0tWc1lEbHZWUEVzUmhIRGRhRnkxMzJ3NzU0RTBtV3cwRnZFZUQyQ0hwVy03MWtWRUNRQUh3MHBNem5JT0wyYldpQnNyak0yanhEd3JPRWh0RXRIM3JISkxLV0dSNnI5VVFhdEVUUkdUb2ppbzBibnM1M1dOWkVNNENldi1TQ3VhcFl3?oc=5,New York Post,2026-08-31,negative
NYC Subway,The surprising geological wonders hidden in the NYC subway - nationalgeographic.com,https://news.google.com/rss/articles/CBMigwFBVV95cUxPd2o2emRxZ3A5QVVDNWJYZjQybEluQ0dZNHFZUFJOU0JFY2ZtakhrWEYtbnl2WnduNVdFU2w5TURTdGdwUVE2STc4MlNoZmJ0WndFUkxfWjRLS2Y1VUsxRmFVeEFNbTNvS093dUxGU2ZUaXd2NWk0TFVLbWp1RVFuVUpkRQ?oc=5,nationalgeographic.com,2026-08-31,positive
NYC Subway,Good Samaritan stabbed on NYC subway platform while trying to stop trio harassing old man - New York Post,https://news.google.com/rss/articles/CBMi2AFBVV95cUxQZy1TMjVQZ3ZGUXB6N2x5cEplNHhlWUNuR2Q4TVpVV2pnR0pHVXpuLWJhRlhOcmZldHNJejk3WmtxcUxwa0NheE5SX00teHRjcm5IdGZ0bDdQNXA3WDJqN0xqX2dXREtBc0o4UDMxOGt6bFJPeXpsdVZvSHlwNE9lcjdBSWU0bEs3bjA1OHB6aDRPMkdKdmVxeE5CMHZxYjZUcXBLSXpSc2t6cDd4Q3p1NWY3eUFVSFBkeUtSOE1SdmJ6M050Tk5IaV9DZ3Jqb0FybVladmNKMkk?oc=5,New York Post,2026-08-31,negative
NYC Subway,"NYC subway fire on train at Astor Place station injures 8 MTA workers, 6 firefighters; delays commute - ABC7 New York",https://news.google.com/rss/articles/CBMisAFBVV95cUxNVUlmdTgwM1F0OEtfelRwbVc5MXRHQVR2S1AyZVJUTnM2Zk1pbG9uUHpzQzhJeGREcmVIcjRibW1oQjFPWmJPMkJJRmN1TktLdHg2Z3NlT0lxU0JlV2h4b1dmaUJoU1NJMjhzc1Q0NEdPc0laRURhbVY0RzBxVnlOcmJKejB6bmZqMlR4QTdHVWJ0WHNKeFNvZW9yNFhjT0JKRkNUdmFWYkhRQTM0N0tmaNIBtgFBVV95cUxPeVFMbG5FNWt0RWRiRktIWTVPSzJjbFpYc3M0NGlvQk1ReUh5ejVoTFpKZVNkSzl5dDlNazJrSnBlcXgwOG9yY0l0dWF4U2FUWkFFcnNYS0VhRUtZOXJwaTUxdGE4WkE3NXBQMGtWMTYzamZaa0E0bjFmVWctSlBlbjRiY3lTMGJwUVpnaERhcGlHVnhRdEF0MG5lZHd6X0NEeFRBWkpjM1JpbzdIYllFWTBoYWw5dw?oc=5,ABC7 New York,2026-08-31,negative
NYC Subway,"Subway work train fire injures 14, snarls morning commute - Spectrum News NY1",https://news.google.com/rss/articles/CBMipgFBVV95cUxQcVhZT2dfaHpTd3NqZ3NTRFNhT3RmWFp3a2hJdVA5RnlHMU9PSWZuWm50NUt5bzM4S200WWFfSEhXbUNSZXcwMnJOaDRmay1UNVZrbTlVSk1uOTJ2dnhrQW94b3FCUkdna2taWDZRNU1GdXY4d0FpMEpUSGU5QmV2UlpuM2dtUXFCV2c4N1FoM01VczFNd2pzTEZIWlI5amFvMkFwcUV3?oc=5,Spectrum News NY1,2026-08-31,negative
NYC Subway,Man stabbed multiple times in NYC subway station: NYPD - PIX11,https://news.google.com/rss/articles/CBMiiwFBVV95cUxNNWI3dFJNZHVEOWVqU3M3TjRpVV9wczlmUVliU2pEdVRjdkEwM1BLWEtsTDIxRWtJbThaVldIZkVlU2ZKNVd4R3E0UER3aXIwRE83V2tvSnVmMUtrXzZaUFdDTThGQ3VoajhESWFQc2Z6NEFQRU1DQTh5a0Y1Vkx2UVNHUVdvQnN4ckdJ0gGQAUFVX3lxTE1mNmVVSEhYcFpZZHhER3lneEh0RjhtbE5BaE5xSHU1UHN5WTloNVVkNWRBSWtfLXVSak9PZzIzeXBRQUM3VlJ2bzlvZ0hDZ3JwMDJzRnNna1kyX2c4a2FFdGdXTkN3R29lSEFyMFdTcW94V0tRcnV5OVZqNGJadjVNZlBPMzRJaF9QQ3NlNnRxOQ?oc=5,PIX11,2026-08-31,negative
NYC Subway,"Plan ahead: MTA repairs to disrupt subway service on the 1, 2, 3 and 5 line - PIX11",https://news.google.com/rss/articles/CBMipgFBVV95cUxNcGh5SE4wN201RlhoSm1ncDBoQVN5bXQwdmgtZWdmcEJJdEkteHFQMFlINml3VDNZQ0RPNEE2Y01Mc0dqRU9rc3dnSUxETXNpWi1Cd2JoanRoWWl6UHU0eHNwYzhqOXc4cVZPaVoyTU53dE1CaVFDRS1OZEg2UDlXTHdCTU40LWVkcmdBdnhTQlFvOVhMbGwwNXRCSXFET0NIM1V4TnV30gGrAUFVX3lxTE9jTDVTeWRYSS02RHdGQldLeVYyT1Q0TFFqeDBfWDNYV1V4RDE0MHNxWHE0ZjUwMW1aaGJEX1RKMHdPT19ELXh5VW5iYTBySTRoX0FDdjAwTk5EQnpJUWE5T2ZpTWw5UGs5Ukt0dmw5UGp3TXlac3ZfUGRNaThBdmlQNWhjeEhNS3FiaUN4MkpPS1h0OWhOaDQ3SnNiS2VBdUplcWlBZmZXTFVKUQ?oc=5,PIX11,2026-08-31,neutral
NYC Subway,NYC Subway Ridership Has Recovered on Weekends but Not on Weekdays - Apollo Global Management,https://news.google.com/rss/articles/CBMiywFBVV95cUxNM29PcXluYzd4VFNwOEM5UG4tdi12akpUTFZiV1BHYkdURVdXdlUzT1JDSEZVdFVYam1wSW5lOXk0U3VzTDhLX1pqVUNOU2FfYVVTQ2lxemtKZ3pERk1pVEZTQ3FNLU9BTGFtQ05tdDJ1dVJud2hHbjNDWldJckdWVG9hTDlaRTlEX3B1aUxtc29EZDBJajB4SlVPWXR2aktjOC1USi1OVzZkRHBHT1o5UFlJbThzbXJ1RFZtNXlyN2NpNEdxSkE3U3R0cw?oc=5,Apollo Global Management,2026-08-31,neutral
NYC Subway,"NYC subway fares, tolls could go up again in 2027 under MTA's new preliminary financial plan - CBS News",https://news.google.com/rss/articles/CBMid0FVX3lxTE5FbXJ2OWJyWTA3QVlKNzhYTnRYTkFheTg4V1ZhQ2lHNG5ocWItbmpLc3Y3a05COUhZVUFlN0syOUQ1dXJqSGxOM0ZOa3V0ZGlFQ0pFWVA5TzZwYnBteXdreGhabHJwVWEwQjdUMnRCSjY3cXBvbDRF?oc=5,CBS News,2026-08-31,neutral
NYC Subway,"How NYC subway stations could get cooler in summer, warmer in winter - PIX11",https://news.google.com/rss/articles/CBMioAFBVV95cUxOQndqTVQxenRZNXg4eEQxYjFQaHVnVEhqeXVBT3A2TTZtS3dzUlpnMFNYcDRqaGw5bzg2TGgwMGNGVW5mXzRheTRBN2ZtRE16cVhoSU9BX0lpbEZJWGhrWlBRVC1kc3FEMFkyNlRmWUo2WUZRemt4QV9tUHBXSnliT2xtN0V2ek1ON1Z0cEdpWmdFWVdpZnNfX1B0R3FGcDhF0gGmAUFVX3lxTFB2Qm1TYVNMTjhhVkVzVTJtY3ZKZEJCRzQyTmoyZmZHQXFWclBQSWM5R05nYjJVSFhkNDl6ZEc0dnVOQUpBOGxlU0RpLXExSHUzQmltdDdaR05wVmJwWmRZb2lVR2p0YUp4R0tkSEp1NjFmNTM1Tno2ZlZDSk9feHZTSUpHTDl0ZkpyNk5ZN1BIckstbDUtSnR4UGZydENHRFpLcEM5OUE?oc=5,PIX11,2026-08-31,positive
NYC Subway,MTA identifies dozens of traffic chokepoints in NYC subway system as top candidates for improvements - CBS News,https://news.google.com/rss/articles/CBMiiwFBVV95cUxQenJMUnJ4RzNJNTFzcW00dmwycmxfclQxOVVUTXM3S1czTlVRM2Zod2dvSGdrNWJwN2ZRYWJoLW5Rcmw2bGN2QzFtX2RuSGlsZ1RmNFJ2dUVzWVpNUzhPbU94dTEzbUlWbkFXZ2RmUzd5bkhlNHpLMDVpUndMUDhpTTFSV0RJN0ZOVGJj?oc=5,CBS News,2026-08-31,positive
NYC Subway,NYC subway suspensions and service changes for August - PIX11,https://news.google.com/rss/articles/CBMiigFBVV95cUxNa3JjTzdjTTJ0TGREcmhUZUdDVmF2dG44Sk9ibFJEdEpfSjl1b3J0VGhrWk9TdW1SbFdTWE5lVkpqV09jd2pqZUZfVDVyQ2UwcGlzQTgzcjF2aUtUM19GNWxma09DdHVjQTdzYVRvU0Z1RkhjMm5Sb0JPOTZiTXN5WW9meDB5WFR6eVHSAY8BQVVfeXFMTnBsWk1uUUFrQjRsMWFHbGdIdFl6MldickhHcDNySmFGX01HQllZdm1GYjBoaXBsNWhFTjNjbkZGM085TW9SSVRTZVE0YUtXRlRYbFRaOVg5c2lhOFZJWGxIOGdMWXJNQWRhdHVFVDZFYmVHdkFJeUVtaDhNeVM3VlZDNnlvODREa0ZMN3huTlE?oc=5,PIX11,2026-08-31,neutral
NYC Subway,High school senior who set homeless man on fire on NYC subway gets over 5 years in prison - NBC News,https://news.google.com/rss/articles/CBMirgFBVV95cUxNLXJlR2R3TWF4emNOSk1seTZnRW05MVZPMXhvN0F2a25DMjVRNWxKSHgyVU5UZ0lxb0JlMG15NTNRcGxEcUdaUDN5SGp5Sm1lRGp1anJISjRYeXhiYWt0SE9MbFlpa0k4bDBMVTFsd0NYakFNNlNoYndmVDR3bk9KTVJOenNzUXJUWVdHT0RGVFMzNGdPLTBwdXlGQUE5ODExLW9ZNzJ0enI5WE5ZaXc?oc=5,NBC News,2026-08-31,negative
NYC Subway,New Yorkers Just Ranked the Best and Worst Subway Lines—and These 2 Trains Came Out on Top - Travel + Leisure,https://news.google.com/rss/articles/CBMingFBVV95cUxQTVBFUWZrc3FSeW1BNDBTNFFPZ2lIZzZxQkhIWFVsbzRfV0ZWMGFJTDVMTjdzSXlBVWtVLVVOQ014b1BLQjVvRFFxcldMbW5LRFdBMWpwT0F3UUpVRWNIUXE1YkNUc1pwdVZCcjktQkk4V0RwNkVTVnJjY0Q3TUFLMkNjd2I2b0Q3ZnFYS2o0RVZQU202cHY3NUl2S05xZw?oc=5,Travel + Leisure,2026-08-31,neutral
NYC Subway,"14 Injured, Including Firefighters and MTA Workers, After Train Caught Fire in N.Y.C. Subway Station - people.com",https://news.google.com/rss/articles/CBMiwAFBVV95cUxQUmJXSWdEcU5HWWJPbnRPTVpWWmEwNVFXaHJ3Qm83QTh0ZEp3RjF6SDVvZjhjUnRBcWFjYXRvZGhlRmxnZTRfaWFPMm5TNXplVWwxS21mcDZ4VDFhN2lrekVDWmRmX3VNYUNJSDhOXzJjWEItMGVhckNwbWhZckJkODdLYmpuaDdLVnZ0cDRtb2NILXR6M1RBTDNIVloySmZRWlppNGVqLWg2WTV2XzRZNUFsdzZtYjhJNi11UjBPVTc?oc=5,people.com,2026-08-31,negative
NYC Subway,MTA unveils plan to cool down NYC subway stations. Will it work? - NBC New York,https://news.google.com/rss/articles/CBMirgFBVV95cUxOYzFuejRGTEVxNmROaTB6Z3RIN0lOME1UZVQyN3JJYVg2NHpTeF9JcTdNZ1hJelJ2cVY3Z0VkM3ZVZFptSHhpVnRRcVE5T2JlTWo1b05LbGx6SXJnS0ZMM1Fadmo3Q3JtOVQ2SG13bWI4dUF5clpXT2dKVkRmeUxHTzUxWktVYTRYa1hzSGxZZUVaS3g2OGk2OXlSb2lwVy1uRHNYMVBsTlRqaW14elHSAbYBQVVfeXFMT1k4eUw3RmFiTE9TWm5JZ0JzN1pEbkV4ZVdRWlFfU1p1ZEtPR2lTRGx4QWVKblJMcm12VEJRYmZGVThpaHdPTXZKM3dLRWlvVWdib3FwTWNvOVhnY1ZfNTFJZmJJREkyZjJDVzFyTlB1NC1lTzlMYVN1WGNsMEJudkFxYVY5Ylk1Qk1takM4ZXZzR1ZqbXFRdTdCaGdZLTNSX2Q0VktTOXNTWGlPczlCLTF4YkRhSWc?oc=5,NBC New York,2026-08-31,positive
NYC Subway,"Lunatic shoves man, 40, onto NYC subway tracks — remains on the loose - New York Post",https://news.google.com/rss/articles/CBMilAFBVV95cUxPQUk0ejJWMkdxT0xUcHhEWm8xYnhLbEpzdGt3enNiM25YSFMySmpVa213Nzd4STlvdzlzeGNlX1laSFFOMGN4NGdabmVCN1cxa2RTSWlZbTRuZ002THRiSDZyV3dHLUNZeWIwUGRTSGhObjQ3cGh3RFRkdFpTV3F0LVNXZ0xMRmhCX2FTZTBZbzBrVFpB?oc=5,New York Post,2026-08-31,negative
NYC Subway,Five subway lines face major weekend disruptions through August - Time Out Worldwide,https://news.google.com/rss/articles/CBMi3AFBVV95cUxONUZ0TUZCSGhJSHZ6TXQ1OF9rVkdRMldhUkZqR1kyaTNzMFdDeTdCVTlERHEwQUwwMzJfbXZKQU1FLXRJZklfYWVnNDFzaDNfdXl0cVROX3RISDR4SDQxZnFnVFBmZi16QkRmZDctODNJOEdsOGJxR0E0WHBSMmNZNUpRVFIzREhMX3ZlWVpnblhsUjAwUWItcmI4ZDJFUzY0YjJyQ3l6ZVF0NXFFLWUyZFhKYmh0SC1yOG1vbVRsWVlLS2VUOFFFQzNnc1JhYW9aazZlM0wwYzRJaVZj?oc=5,Time Out Worldwide,2026-08-31,negative
NYC Subway,NYC subway train fire at Astor Place station causes severe delays - FOX 5 New York,https://news.google.com/rss/articles/CBMiYEFVX3lxTE1ieVBKT2NzYm12dnlkVzk0UGM3OUJHUExEcTRjSFBqWHBSUjRsV3Z2TUsxbmdBMXRoUS11TmtOaDNfeE1Lc3V0QVNhYUQzNV9ZR0x2R002dkRNRjh3UUFmVNIBZkFVX3lxTE8xM1hEVER4a2FLVWNwTVdxTHFNMkp6ZFUwMDY0b05RSnNORER2TjF1emFIWE1IRmVENHptVDVyelVTS3JpWWpIbElhS2ZBcDNqZWdMb0tTVHFBNkVYUV9uWUZPN2J0QQ?oc=5,FOX 5 New York,2026-08-31,negative
NYC Subway,Major NYC subway service changes planned for Memorial Day weekend - PIX11,https://news.google.com/rss/articles/CBMingFBVV95cUxNUmd5RTUtVlZidXFVcEpVX2p1dU1hcDMzajc2OVNLbHE0ckVNQXA3MWs0TmVfeXlKVllSVVU0N2Y3eXp2RGlJeUZ2NVE4TFhZRE95Z21xYlM0cEhJeWZkczVmdDJ0czQyTXN5Z0lNUTc4T2tlRGZvdjBqRnU2anRZLXVhelk1cDRKN3FJUnZ6eXM2SjM3d04wc25OV3QwUdIBowFBVV95cUxNVmpJN0xNbVdHNGo0RTVwMVRJcU5zQkJ1VUV5ZjRZUnRJaUR6RkRMcTczdmoyclh0SVZBaG5PSTZhNkRRdG12RWVZYU5SOFdlbXlCZTBWZ2t0TXJSbFFac0JtS2o3MER3V2c5NjVpSC1HTFlBWnhJMFcwVWlRMlVaenhzQUI5a0xvS1l3dE5BWk5PYkpCcUJOVXo1bnhoNThmdzlZ?oc=5,PIX11,2026-08-31,neutral
NYC Subway,Ignore Mamdani’s gaslighting — NYC subway violence is worse than you remember - New York Post,https://news.google.com/rss/articles/CBMiswFBVV95cUxOY1FFRUE3b0MwMlU4dFQxcVNXRkdmLTBaQmF2ZlRQbkpzc1JjV2FvZlNsRnluaEhNQldBT3JEajZ1dWJndVZTV1FKdVJwYzh3YTlWTm9lcXo0cTBpWkcxeUZBTGhOc3RDcE1sUXJzMHYxZlY5Zjh1WEJXeS1IemRLTFFONGZPcDBRckdQdHpLazNLcU1ScjhKUkZKLWMzMXlIQmlhNUNOblR6LUNJVEpSRjkyQQ?oc=5,New York Post,2026-08-31,negative
NYC Subway,We recorded the temps of NYC subway stations during 100-degree heat wave — the results blew our minds: ‘Dante’s Inferno’ - New York Post,https://news.google.com/rss/articles/CBMilgFBVV95cUxOODVpX24wVC1yRVBtdG1qWVVwbEd1c3NRS3JOdkxpdjhpdU5JcDdVVnUxamZGZG9ER0prdUZXWXBfQW5jTWhrdU5Oc3hlUmpTUk5QNm9QTm9PUG1JV3dCR3JWbWRhajNFNGw0a1JaWFJUX3V2bzhUanpQT3dsbkVseXNRemFQSkxrTFpTNmpycGZLTXNxUXc?oc=5,New York Post,2026-08-31,neutral
NYC Subway,Person of interest in custody after man fatally shoved down NYC subway stairs in Chelsea - ABC7 New York,https://news.google.com/rss/articles/CBMi0gFBVV95cUxPRXM1UGRsSEhLSEdpcktTTDNLRHlVbm80TW1RVVhsM3dqMWVfZ2ZtQUw0aWlfQVFZV1JmNjBXbk0yUG5pQTRZUkx0dk12ekZtOER3M3ZiVDVCUEhvcUpvQ0JZRFVjUUh1dnNqc0JPU21faW92SXpWWFRPUGVSNnJQQnc1Z3c5aWo1UWNJWkl4dlN3VWhOM3k0UTVyakZWaEYwY2tHZ09oLVdlN21pR09Tb2gzX0ZvY0hEZDhMTkZKcGo5VFhTbzAwZzdsemFLbzRWV2fSAdcBQVVfeXFMTkFRei0zWUZhREZxaEY0ZDMwbXFORHdfOXF2N216cjdJdUwyMEpQY0MxX055R3N6a191SmxNaWk5RFV2SThLeVZIVjhxVG5vUEFFaWRKVWYtd2E4WFZkTWJYUnlvZVZUZEJ5RkdfaFlueTlDLWtuaXd6cFN3VXVjbFNKMXItVkhCVF9IZUhuZXR1T3lwOV9aOHRzZTdsUHJNdk5aazRWWHhSOFV5RW9ZRDIteGpNRFpGc2lVUHRMNDJvN1FOb1lTbG1zRVVFaTdlUE51YlhSUEU?oc=5,ABC7 New York,2026-08-31,negative
NYC Subway,MTA debuts trains celebrating different countries for 2026 FIFA World Cup - NBC New York,https://news.google.com/rss/articles/CBMijAFBVV95cUxNQ0Z5YVZwT041eEdhYllmX1FtalNWTUJ4UWkzandmQUhXaEdMRHdBU202UUFtUU1aYjdORXh3SjNZXzdaOVBySFU1WnV4djBLeFFZLUhUaWstelplaWl5dDlmWk5SYTV4ZGpITmhoR0NYQkxyRkVHUTl2d3g2TmxxeVFjbFBQSy1zMVpnUNIBlAFBVV95cUxNUVZVeVVyVnlZX28tNW1SS2pqc1QzT3JCQVppSzlXV3RpeXNYYTJfemwzY21lVGhHTzV6dnVxS2pGQlV3YkpaQWMzUmwwMUxGejBiQXZIWC1XN2xFdC12b0I1azBKZWh0Q2VCemZXLXN2SU9XWkFEWHVxS0NfU0JnZ1o2cWg0MlppWVkzclhtU3Vvbnlr?oc=5,NBC New York,2026-08-31,positive
NYC Subway,"1, 2, 3 subway lines will undergo service changes for next several weekends - FOX 5 New York",https://news.google.com/rss/articles/CBMiggFBVV95cUxQa3E3UjNleUJlR1FoWlU2Zng3czFDY0stajdsdWw1OEtaS3EzbjZ3ZXlBU0FCVF9JVWdkckppa3JLV2RNOWwxTFdlUFBQeGhtb05kSnN1YklZY0FvU0dyRUNHQkd6U1ZkYWI3Q0NqeWkyR1dpTk9zQkJxYkFtQWFaLWlR?oc=5,FOX 5 New York,2026-08-31,neutral
OMNY,OMNY Cards hit with technical issues again - PIX11,https://news.google.com/rss/articles/CBMigwFBVV95cUxQc2UxZm5mRmxOMTFMV05EVUtKNVR0OE03T0dRQlQwOXNwRlg5S1VYcTVTaEJqbTgyZDBIUW9hNVc2UHR1VFJZYVVBNld5OEdCMUZRUFdJaENHOGdoV1pjU2JOUjZTZHFwVWtaNGRPU3AyUXRZSm9NUHlRNXZtSllnSE9xb9IBiAFBVV95cUxPV2s2VnlvdnpUb2pmYndLRk5SQ1l6b3NIU0huLVBGdDFBZUk1M1BsSm54dzJienJseXlyUkY5QlRvNEpjazJDUzNuVi1oZnBlUlBDTlA3a2pDdWJ6OXd6cm4tT0hIOEo1djhnclRNbndib1pYT3ZISXdhanhrZkI0alJsT3EwaThk?oc=5,PIX11,2026-08-31,neutral
OMNY,MTA plans to pilot virtual OMNY cards after year of delays - Gothamist,https://news.google.com/rss/articles/CBMijgFBVV95cUxNZ0U0V3FnQzFEQnhvOENDN1ZnSnlNNWR4UFo1RFh2MXp2aTlLdWZoQVdpNXN6NWxaemRQOWhTdGlJY1U2bEhwUVc4SkdXRkVwR3Zhc1ZUMjk2NEswY0ZCanV6eU9zRnl0MnhSd1Nob2UycHNzUGRZbWdueXNETTF2UWhMZ2k4bUQ0TV9tYW1n?oc=5,Gothamist,2026-08-31,neutral
OMNY,"NYC students call on MTA to upgrade OMNY cards, claim they are too fragile - ABC7 New York",https://news.google.com/rss/articles/CBMilwFBVV95cUxNbU02Z3VyTUxZSE9RMTNiUTNQVWNUSk0xLXBuaktoQU94ZUpCR2ZEa0F5UjJOV3NZakY4aTZMcVJXQWVkVkFJVTlVS00tWXVBNlFtbWpwdF9HVmdOZTZUSVJIUXAzdkhTTkF6NHVzM3RIcFlZMU5LWS1SZHRad2FnM3lRSDJXYmMwM0VwdWltQndHNjlqMnZZ0gGcAUFVX3lxTFBXR3lJSWdFNVNPQTJNRjJrcXpZdWJqOEJXSHFLeWlsNDN0dkNrQW03alNkeFRseTJRTE05VVZncEdoakc3UjJxcDJxSUVJc195LVJqbHV1Zk51U0F5ZEJHVjFuNGIzbl9TRmNEUXlBYTFBbzdGMmpCQm1pb0RZR2dEUEs4YTI1cDBRSzBLRE4yaFVvYjdCeU1GQVVhQw?oc=5,ABC7 New York,2026-08-31,neutral
OMNY,N.Y.C. Students Are Sick of Using Flimsy Paper Cards to Ride the Subway - The New York Times,https://news.google.com/rss/articles/CBMihAFBVV95cUxQN1dYVmxBY1VhQ0JIWUVXdUtlbnkzSnZDZDRXMG1jUWpUWVo5WERvZzk2ck1vUUt4ZEtaT1ZKUDFYaGhPbm4yR1lCX1FVOGxnWER5RS1UZFE3Qy1sMWxzakE3MmdzaWJ1WHdLMGYxLTVMWGZ3RHp1V2tsVlJKSmYzZUtmbm4?oc=5,The New York Times,2026-08-31,negative
OMNY,NYC students get changes to OMNY cards from MTA - PIX11,https://news.google.com/rss/articles/CBMiigFBVV95cUxNRTZSSzg3R1RQSFVJUjU1T2JGcUVZMmp4dDl2U3RhYzlzSTdYRmpZRXNyeTA5LVQ2UGp3TFV1V1luRXVQMUoyX044aFFLbi1tdzRqVDJGakpaZjY2VmVLczVtMzlOa3VDY21NY2ppSjBGRGRMWUdUejVmTlVFLW51cjdTSDdmenlIOEHSAY8BQVVfeXFMUGFhQ3lxUVByODlIV0IxM08wZEs0WUM0bnNFc0ZVd01Ja203Qm9aS0Y4eEwydVBPYUFqUWhnVG1YUmx2NzlvRy1USVdhRzExXzB1QzR2YnJvc1VOcUdkaFYzdmhkaExBMFo1eWZxbnJDRUphRlRwM280ZVdNcXUwMEgyWVhFZjNFY0NpMGZXd2M?oc=5,PIX11,2026-08-31,neutral
OMNY,"For Some Older NYC Bus Riders, Change Comes Easy. Just Not OMNY. - The City Reporter",https://news.google.com/rss/articles/CBMijwFBVV95cUxNS1NudVYtWXNoWmdwcmJkRjkzS0NsUEtPQ256WVpKZlpVdGJxTGlobmxJT3JGMk90OTdyWU8xQ3BvTkRXa1k5bnowb1hwMUZSdGs4QXcxejZGRl9rMnFkN2p3SjJTMzFKaHFHQkF6NFpPOWhidVFPTkM3R3ZBMkw4ampDMDFJY3Y1QlpRYmdyMA?oc=5,The City Reporter,2026-08-31,positive
OMNY,"OMNY complaints mount as some riders fail to get fare cap, transfers - Spectrum News NY1",https://news.google.com/rss/articles/CBMiuAFBVV95cUxQS0ZwN3FLQjBRYTJUbnU0WmFBbEFEYzh2bmk0bUJmN1RyN3VNRGJVRGd2WnZfbjh0dWdQcURyWHpwbENVR3hvcERzQXN1Wl9BU1BmUVg0SFlUQkFDbm5Zb0NNQzJVMi15dWJ5Z1ZZN3RXNFNPYmxveC1jcHViclJWS1I2cVNWdm5ZcEY2Sld2b1FoREJiRE53QzBnUU9JODZMSUZQNlFLeGVGSnVjb0FqWFlYZUFNckI0?oc=5,Spectrum News NY1,2026-08-31,negative
OMNY,Students say their flimsy OMNY cards are jamming up their school commute - amNewYork,https://news.google.com/rss/articles/CBMickFVX3lxTFBxdWdLQnZfcEl5ZFpRRTVwMFczTlNOMzY4amdOTVIyakxRNnJsc1dVNGk2Q2RFTzc1VTRwcVNLdmNQVmJFM1FFUXk3OUpLRkVrVWFBdzBTS3pqV0g1UjZpMG1vOG1wMHZCMzJKTnZzYkJMQQ?oc=5,amNewYork,2026-08-31,neutral
OMNY,"Goodbye paper, hello cellphone tap: NYC to pilot digital student OMNY cards for some schools - chalkbeat.org",https://news.google.com/rss/articles/CBMilgFBVV95cUxNZFoxc21fcFVyUzNrNkpua044MWJxSHZrSXgwLWRndHJtOFBwbmVMZ0lqRVRsdGxGVmoxR21IV0pQZFpkaE9mVFBxak1oV3RJOHpOTVUwTkhnczNtcVZvOE9iaFk3M3k4Z3Y1M3NRWEMzekxxdlNjVmR6VEJaNklINUt6YzNUY0ZtN3ZvU18zM19jWlh1aFE?oc=5,chalkbeat.org,2026-08-31,neutral
OMNY,"Staten Island student pays thousands to get to school, asks Mayor Mamdani to make express buses free for students - CBS News",https://news.google.com/rss/articles/CBMikgFBVV95cUxPRnU0cU8yeGkwSm1KaW9IVE5NRUU2VWRMcDhkcFMzUGhGV0hEdkp6U3p3dHhrOGNkU3oxWUJ1QTBoQUxnb09yOTNET3RaaUNsSVhITXdDdEFNSkZHQWkxenlVaGNFM0FpZHhHZ0xkMC1ZRWJJcWFrUWM3a2E4MG1MMmdTUU1DSTg2VXRiTmh6alB6QQ?oc=5,CBS News,2026-08-31,positive
OMNY,Inovalon and OMNY Health Partner to Launch Linked Real-World Dataset to Accelerate Research and Improve Patient Outcomes - Business Wire,https://news.google.com/rss/articles/CBMiiAJBVV95cUxQcy1KUzdTVzdaZ1JBQ2JGa0RJTERYMjJIYl9CdnNBcGl4ZWVoUmRnVjlxcGhPUVJQQlpkT09DUGVfOXE3QVNlQWNuRzJzYTc1bWRPQ0oySDdiS085dHpuaFcyWFgtYnBQd0dZOUx3azNyX3J6RmlObjdnZ0pNeklHMEhGa00wM2F1TjhFdk1neWc3VGFwTU50QjJ1ZldRSmpQdm1yakhacThNYTR5dUhVdkx3U0NoUTJVQVVHY0d0MGhkVWZaZXVxcENpcGgtNVRiZDU5SDhxYzlVMXU2X2RMWWJWQ0h6VlZockdYN2IxQkRvVEo1Y1VZWDFDa2dCYjZ6cklWU2oxNks?oc=5,Business Wire,2026-08-31,positive
OMNY,Westchester Officials Propose Expansion To Student Omny Cards - News 12 - Hudson Valley,https://news.google.com/rss/articles/CBMixgFBVV95cUxNVHZjRWxudElnSzZwc1BhdVg1M1E2VHd1VTEyNHhzVG9Vd3A1S1pmMEMtRGtSYUw5dTBOYm9nN21URWZMVTJSX3UwQlJCU3JDV1FuVTdZN282dWNvNXExaHAxOTliaGo2MFg0c1VTUGZEY3phYmZTZi1WZkVVODVQWmhNZTREcVMtazIyRVVDUUQtZ1dnbk4wUDNSaFFZcGUyekJFYk85eDM5WEtRNkRoa2tuRi1TS181TDFBRXIzdkE0a3lpaWc?oc=5,News 12 - Hudson Valley,2026-08-31,neutral
OMNY,"Exclusive | NYC subway riders push AG Letitia James to probe OMNY cards after claims of extra charges, phantom fines - New York Post",https://news.google.com/rss/articles/CBMixAFBVV95cUxQdVFhc3dCcVYtNnJaU0dhQnZHODVkYkRFbjhGNkdTdlpHT2RsbjZfSFExVldiMjR4SDZ0R2dnbGZTR1RfZDNKX2JnSGFUNEtBYXFrTWY3TWVKX2tmWmJFNWQySUh4RWZuQ3pqTHh4YjkxRnNzWHl5bDFReUd5ZWtHWWdEdTkzWVBpWGQ1M1BHUzBSZDRSQV9nWFNPalRKQlNmTnNBRDd5YWdJeWNzbE9vdFlHbld6b2xnekhtaFZNRG1OMUlM?oc=5,New York Post,2026-08-31,negative
OMNY,NYC Public Schools to hand out OMNY cards to students: Details - yahoo.com,https://news.google.com/rss/articles/CBMiigFBVV95cUxQV0ZHUzBEcEUwdXVJaTcxYXhzVDc1NGdhRDF1TzhOT09pSEp2eTlhUEZBU0s3VjNONjh5ZEhwTDJuWkxTRUNSeENDNXNvQ2swZjNOM1ctMkNmZHBhTWdMRWVzaTIyNjdsUGxWWDVjY2hjekE4N2ZfOXp5U05VcHNwSUdMU3A1VDBuRlE?oc=5,yahoo.com,2026-08-31,positive
OMNY,Farewell to MetroCard: NYC commuters embrace OMNY - PIX11,https://news.google.com/rss/articles/CBMiigFBVV95cUxNenNiYUJwV25uUWUwWjN0cXl2Sm9CRUZibGZlS2tHakZyQ3pFdVA4V0FWTzAwRkZkVDFkdk43MjhvTmc2R3dyMFplV2lqTy1wTGpJVUxUeU5SSGNXTTRMMVFzQlhORzhkTnZSMFBSWmo3M2ZZbGpaSnZib24wUHNOM1owM21UUjlZakE?oc=5,PIX11,2026-08-31,positive
OMNY,OMNY? These bus riders still use coins. - The City Reporter,https://news.google.com/rss/articles/CBMiiAFBVV95cUxNYlIwRDVrY2ozLXFYWE05dGUzdUtsMTd3WnczZjJKVnU0WXpKclA2cUFXS0ZVVGZ6czEyV1JldG9mNmRrT2dvOTh3RzhpVXA1Ri05eEx6enZtX0JZVEE0Z0tWNmJVZVNwNW90VVRqVElxOU9FX214WDIwdjZUZGYwZ1Z4N0VpT0xr?oc=5,The City Reporter,2026-08-31,neutral
OMNY,Subway riders request OMNY investigation - PIX11,https://news.google.com/rss/articles/CBMif0FVX3lxTE1jRHRsVlhvUWNSWlNweGhHekY4amVnN0lqT1ZuZzZUYkZVVk5tc3dheTI1R256VUdlY1B1cHo5UktpSE55U2otc1c3ZU53dzRKdVJBcDU1a3BIYVItSlcweGUzMG10cWM3LXJYbWRwQm1maXg2ODFMT0pwclc2YWM?oc=5,PIX11,2026-08-31,neutral
OMNY,Staten Island teen issues Instagram plea to Mamdani for OMNY cards to cover express buses - New York Post,https://news.google.com/rss/articles/CBMirgFBVV95cUxOTVNJdk9XUW9rekhXR3RiTG9WNUJ1UU5ndzlxNXhEaVRtMF90Zmdib3owaU9fdjhYby1EX3FNZGF1RGFvVl9uSEVMYmZGQjFBaDRGZ3g1V3JuQ3lfQXUxbU5KTkMwN3ZUVTY5cURGSElrM0JhcGV0YV9iM3hSMDg0eWFTSkU4XzYyVFcxZ3hZVThZeGd3UWRkc29hRE1ialRoaHlleDJPU0diUU5YelE?oc=5,New York Post,2026-08-31,neutral
OMNY,NYC Student OMNY Cards Go Digital - patch.com,https://news.google.com/rss/articles/CBMif0FVX3lxTE9CYlZ2Q2dPUF8tb2NvSDJmc1NkcmdKNjBnOHZFNlNXRVhfLXJRTnpieDl4eF9rLVJUdy1rOVg3clBqLUNBQTVZNU1idHpPdlBuVUxraVI5VDY0VGRDNUM5VmVDVHdBd01ld3hUampnb3ZXVm5nQUxkYkVHbUJVd00?oc=5,patch.com,2026-08-31,neutral
OMNY,"Students call for changes to OMNY cards, claim they are too flimsy - yahoo.com",https://news.google.com/rss/articles/CBMiiAFBVV95cUxNMjM5aVVTSVZMbHZuV2pwVU1DRE5oVm1yMjlibTFJZjJzbVB5OHlTMFdKZlB2OVQwTnUwRExER0FUamRqcWFkUlc4am9IcS1fSkxvR3NBZ2JNNEJNLVY0WEtUYnVYQUxTZHIxZHlSOF9nRHR4ck4tbm5sVGFNdjQ3dVNQZG1aamRf?oc=5,yahoo.com,2026-08-31,neutral
OMNY,Free OMNY cards coming for some CUNY students in new pilot program - PIX11,https://news.google.com/rss/articles/CBMiowFBVV95cUxOSm9hblRVN3h0QURZNlcwQ1RnM3pvc256a2xLelZtdFYzWlRobmlZNGI4bDBNVG5Cdzc3b0NpOGoyMHBzLU5PbF8wQ0ZyRjgwbjhhdGNHckgzLWpKNTVkc2MwMl9RT05CMTEzbXdnREJ1QV9mWWFCVS04SXpGQ2ZCR21rWkdBbUcxYTR2MElxcUtJYzJJcnk3aGF1V2w1bUVWTTBF0gGoAUFVX3lxTE1kOFVybmJpd1B4bUJEVGt1Mm51UGwxLXFSUVZMMzQ2UE4ya08zUW1Ha3dHeXdDRnBqelN2bEVSQkZYcFNXTVBFblVDbkdTVGpmNFBvNUx6a1JzU2swT3ZHeFVfZ0tuaS1CZzlBQVlYeXVteEV4QzgwXzZ5OExlcHl0QUpNOGl3UUVUTWw0eUFQeGhieEN2QzFHdloydjQ3dFFsTXVXUHlNWg?oc=5,PIX11,2026-08-31,positive
OMNY,"EXCLUSIVE: City Council funds free OMNY cards for over 1,000 CUNY students in city budget deal - amNewYork",https://news.google.com/rss/articles/CBMiekFVX3lxTFBYakVQT0x3Tk5ycDVTV2htbnM5SjFJTHdsa0VTMTlyU05BbWRLVmpRSTNRSi1YM3NvMWdLNXlCUHpRZHdtVEI3ZUNlYzJOeUhpNlRkdHVhRkFGU3ZSdjQ2RVV1d0lfYkxfZ3hHbzBpN1dvVWdXdk96NGNR?oc=5,amNewYork,2026-08-31,positive
OMNY,Some NYC Schools to Switch to Digital Cards for Public Transit - GovTech,https://news.google.com/rss/articles/CBMiowFBVV95cUxNdHNkdVBnRXpQUVVXSk5qZEZSOGR4aWxIVno0cEw3UzNFTm9LUWlxNVFhUUh1cnBvNk1Bb3ZpTzM1dnhOOGNIOFNIbVNWdGhiY0JEWVJlcTktMVIzelFyUGhCSVVJanVESkphaGJBZnVWWEtZZlJrdGMwVk1FczlKZHphdVJBRTF3R1hTbGVTM2lBV2k2ekRfSHlrbllSVnEyOXdJ?oc=5,GovTech,2026-08-31,neutral
OMNY,The MTA still accepts MetroCards in the OMNY era — but does anyone still swipe? Here are a few who do. - amNewYork,https://news.google.com/rss/articles/CBMic0FVX3lxTFB3R1M1MFY4Zkg4ZmMzQjdDRkR1WmdqM21TUkc1ZTg2T3lNaUQ1bEljdkdTMFh0Vi1GX29Nd1NCM09ERlVpRm5reUNGTXR4Um1LdUVudm00b1Y0WVBCZlBaWTExcnl0VzFLNDh4YkE2V2g4Zm8?oc=5,amNewYork,2026-08-31,neutral
OMNY,OMNY Health Surpasses 175 Million Patient Milestone; Launches Oncology Product Suite to Solve Complex Real-World Evidence Gaps - PR Newswire,https://news.google.com/rss/articles/CBMijgJBVV95cUxQY0ZNREotYTZUWVhuckgzdFhOYWdWa2cwTTE2eHNHNTlLZWZnM2pMUFNtSVJacHZaV0dtYXk5bWVCaE5JQzJDV3Q2N3FzVzJGV1Z4ajFycWFkckFDbzc1amJVTWp4OVVDU2RPa3Y3Nll4NVNOWkIzNnUtb2xUakJoV2psdXJ0T3pjMmtkYllYbkY0YTA4VXhSZHBlRXV1MVRuLUZnNkNpVmw5czZSTXNpN2VNYWlUbHlYMWZNRzVEUnh3OUJWVXRxRzdydkN0bmE1cTk1dGJoM3U3TWM3dnl5SWZoZEF2bDJNcmNRSE1LV2lwWTdBQjdZS3BQSnVSRFlPZjJ1WHlRU1RUT3lMUHc?oc=5,PR Newswire,2026-08-31,neutral
OMNY,Some riders take concerns to MTA about OMNY fare payment as upgrades are planned - yahoo.com,https://news.google.com/rss/articles/CBMiiwFBVV95cUxOZXFLaUR6a1NrRTNqb3VWOVd4eEhUUDFtTjg1WGJ3WGhVbkZjZzJtTTBGdXhhMFBEWHYta0tlLTV1YjFGSG5HckNlLUFLNEhLOHJxZmhXS1hEN19ZQ3hIRENNM0hkMFJXX28yNkhXMHVmZ2VYcXJXaGhrT3djaUNXbUVJU05aNWxGT1I0?oc=5,yahoo.com,2026-08-31,neutral
OMNY,"Take a survey, win a $100 OMNY card: Here’s how - PIX11",https://news.google.com/rss/articles/CBMihAFBVV95cUxPWHpoeERqZWZQU0VCOWctQWFNdWVGcVJIdzFKcEo4bnRUR0xLY1JjQVNRc2xLdzRMdVN1MG5kZ3h5YktBMXlLX2R1Vk51STBTTGF0R0JpZHZJV25UM3VJUHlOeHJNV25sV0FkdzdMd2hCdVhRQm5xYl91RmdWa0Y3dDBCX2zSAYoBQVVfeXFMTm1pUDA2UW9fc0xhUDdPS0lqNnl6VG9RWkYtTmFPQ3JUNXJwbS00Z0dkeEpYbFpUVTNLVncyUFJFQ0xSYTBSbGNfU1ZwbnZSRnI4ckZ5NzlBcGpWV0R6UlpvaVdIZC1NYTZMR3hrRFA5UVFJV2g0dWxXRHBTUl9ReGF6RElYcy0xZWp3?oc=5,PIX11,2026-08-31,positive
OMNY,Manhattan man encounters issues with the OMNY senior discount - NBC New York,https://news.google.com/rss/articles/CBMivwFBVV95cUxQOE54cGE2cmlLZ1Y3YVE0elBuY282Ym4wczFUNHpFNlRhNGxiUzQtOHU5YWxURVI0U0xyekZISlhtTDExQ1IzSjB6Q1V5bV9TSmZEQUt1a05YcDA1RlVoalBNbFNXTWxiYWdjcEsyUGI1ZktidVBQRzN6Y0tuem43SnBVMllJXy1MNFFqaXF3RzZrYWV0OU93SG04Zk45M2xMNm43NEI3VmQ0cVpLQTVwb2h5T2h6T3dLa3FwYThFONIBxwFBVV95cUxQcm9wUllqNXVMZzg5clpab2NKTlJNWnlMd2JwYklKZWRjU2pDOVBLWWVsdGwwOTFtMDV5TFJqczc3bDU4VHpzbXY3T1pSenpfcm9Za3lYRWRtdWIxTGtPUUIwOFFNNVFXandnbHI4bnVjVl9WcUQwQ3ZQS2hXcml1cjRBMVhQNEp1ampYRGhGYTFJWkwzcTFQTmQ2cmJlTlE4eTQ2UXdnRFJ5a1N3a1F3SGMzSGtwTjdXYWxwU3F5MDJNX2REWnhv?oc=5,NBC New York,2026-08-31,neutral
OMNY,"Tech Industry Transit Systems Endanger Immigrants, Advocates Fear - The American Prospect",https://news.google.com/rss/articles/CBMimAFBVV95cUxPQjNjQjNvcUdFVHdJT3ZTYUg0eUhza0dKR2thTlJBdzlpWG9BVkpIQlJDM05VRHdoTlNaanhkLUJMRGhFYlNyX1lmbnN5dGNpeGhEbktTMzI2alVkUEhNXzdUT3FxRDNseC15c1JoSUhGQnk5VkdVa296M2hPazhkbHN0dVBlOHJQaWFOS21za19ZSm1uT2xwZA?oc=5,The American Prospect,2026-08-31,negative
OMNY,Riders will see more handheld payment validators on city buses - Spectrum News NY1,https://news.google.com/rss/articles/CBMi4AFBVV95cUxQX2NWS0xhUW9vNUE5U0JzbVZZVnJHVVNybFBHdDgtQlFuQ2VtYmlPN2kzMUVaZ2hucWtrUDRLbjBzYU81dEJuaVJxeS00aVJscDl5NmdlSWl2RjI5TEl5WERlLVktanlDSlh6Nkh2X2VxaGxOVnhoMHpLeEhOamxtbHJROUZKaE5jbEVoRHVlTW84c0FTaEljVlNxc05yVGw0WTZweWcxS0E5RlNnNXNtaVE2Y191SWhHbUttN0FaT1VLSS1MV3NwbXlRRnNGSEVFNnE1ZGtMczM4LUZqTWdOMg?oc=5,Spectrum News NY1,2026-08-31,neutral
OMNY,MTA contracted subway guard accused of pocketing cash for OMNY taps in Brooklyn - ABC7 New York,https://news.google.com/rss/articles/CBMipgFBVV95cUxNdDBRM21QSTQwN0ZnQUd3RVdiZW05SFNqUnBad0hLaWJqT3JpdU1HaF9oS3FCb2lBUEJ4TDNMWEozQ2x2bkF4dzBsbFFUNGU5cVNPeW1RcHVWdGxNLXgxckUweFI4a1BKMVJPU3B1WEIwaVhWOEpwMTN4bFRGNFAwUkVtNndPU1VNZnNJTG05blp5TDN0dkN0MmJTSGJTd1VJVDlPWWNB0gGrAUFVX3lxTE41TlhsQUlNRFo3WlNRanhtTk1Nd1lqd0dfM3JUb2tOR2g5bEpCWDE3ODhLcEttVXltODRFQkt0LS1temdqUEtTT1ctZ09OOXVXRjVWZk9sbkxHaU1pQVNGcmtPOGt1dkc0RHprdmJDdlRCUHp4V1pPaUd2NUEtWkxta2FYTzBUZkJLSTVjNnJMbklhMm9aQ2pHY2tYNUJJbFktaUxkWGt5NkE2RQ?oc=5,ABC7 New York,2026-08-31,negative
OMNY,Security guard accused of using OMNY card to let people into subway for cash - CBS News,https://news.google.com/rss/articles/CBMitgFBVV95cUxOQWdxYm15dUtzNjhmcktYQkwwb1JZWXpRUUkxa2xMQ1JGNzA2OFdCb1M4NDZLV1gtUlIwb0xZNTItY0ZwTURQaktGa2E3enJKMVYwb2o5bV8wY3A2alhxdjI3NDFDRGx2VGU3ZXJGMXYtUzZwS0FrUHZxM1dvV1IzSl80V3BuV2l1X2lxcE1zUU14a212UmJKR1ZIaTQ0OGlpZkRfeks3MjgyRmZLWExTUkpYRGJqUQ?oc=5,CBS News,2026-08-31,neutral
OMNY,Some NYC students will get digital OMNY cards - CBS News,https://news.google.com/rss/articles/CBMijAFBVV95cUxPZTlIMFp2dnAyRjZncGVoRER5UlVJWGpsSGxRR0RKazFqTHVxMVFIeXNhNndWSHhNbi01UTFjS2N3YlY4b01qbldTQjc2Vnl3ZXZlSnpJZFVyTmVZUzZZN0VNRGVyWGxXeXZjaHJUNTFhYW5mbnJ0VDhKVTdqeE5aSTBUV1ZmN2pQLTRQUA?oc=5,CBS News,2026-08-31,neutral
OMNY,OMNY machines are back up and running after technical issues - CBS News,https://news.google.com/rss/articles/CBMioAFBVV95cUxPRlY4QS1UQlFIZ0d5eFZ5YXhGZU9qczlkV3RuN1VCb25WUHpyeEYyUTlOQ0c3bUpCeUFWU3RhU1NEX2IyenltM2FHLUxjX3BxTkNmeG1TRDRMd29wTHVfVjh5Q1RlWTBRbFNwVHRQSXlfV05kTk9GdFJURGdpaXZpWWV2dWtma0EtZ0VkaUVSNEFYTzlna1pQMld0bDJfNlRF?oc=5,CBS News,2026-08-31,neutral
OMNY,"Students, pols call for OMNY card changes - Queens Chronicle",https://news.google.com/rss/articles/CBMizgFBVV95cUxPQzRiaDRhRUw3Sl8xLWlXT0VTVjVtNWhoWVVRTmxHXzk1RGJabGsxQk5rdmJkTEo1NkMwOXJHRHJBelBpd1dWeTlsUldPaTRDN0VsUmIyaGxmbjA3RmdVQnVQZnZWelBBd2lKOVNJT3ZzVjd2ajZUUUxwMk5DSEpTMXBTVUJaZ2lGaVhPbEdiQUtSOXJKeUE2RWxaU3ZSSHNjcy1rTjgtRGpDSm5WUnUyQkRzbTd6dnhVeXdKMTZBWGlsdlZPNkxHUzd2T2ZEZw?oc=5,Queens Chronicle,2026-08-31,neutral
OMNY,MTA gate guard caught on camera trading OMNY swipes for cash: agency watchdog - amNewYork,https://news.google.com/rss/articles/CBMifEFVX3lxTFBhOTd5MmY5VTFZZWMyTjg2TmFXT0RpYTZiSl9SM3hpTGZtQmhiQzE0bDlDMjY1T2tIRWxFQmNkV1Q2VVI4OHcwXzRSSFl2MW5JRDVaM2lvbEZWT2ZtRFEyRkc1ODJKV2QzUElWVFZtaHNqS1k0ZFNoMHpxVmU?oc=5,amNewYork,2026-08-31,neutral
OMNY,Farewell to MetroCard: NYC commuters embrace OMNY - PIX11,https://news.google.com/rss/articles/CBMiiwFBVV95cUxPd0dwT0lrRzFTMXY4WUhOckNUa0p4a0tCS0lkOHd3QWE4ams2LVlVeEFRYngtcFpJdV8xdmt1LUY3c0NJM3AzV0xHeVVwTjVlajRjMlRwVER0eHdqZ0V5dlE3dV80bVJVSUtET2tjTTdyWXdsYzZDLUhaSTdFeFg5dWVzMmpST19aZkRN0gGQAUFVX3lxTE1naVlTMExxZkZ4b2tCMWRXaG5uZ0hEVTZJLTR4S0dCdmp1dnVvMHk5SmJqeGVCUUhoV2czZndnT3c5OG11N0JMMG9IV29HT3luamRRNGpERDItTXNzYnFtNHJ6M1dKZVlUYUpyZUQ3Y25fLXJBZXdMNDV6a3hLOXc3RWktbGlPc0hrZEdjQmU4Mw?oc=5,PIX11,2026-08-31,positive
OMNY,"OMNY processing issue resolved, says MTA - yahoo.com",https://news.google.com/rss/articles/CBMiiwFBVV95cUxOMUJod0J2RWRIZDVaX3VJbG1SRkIyUHl1T1V5Y1lvemxSbEIyc0JObWVSbGZuVGtFbGpiQzBhdlVuYVJlbGQxM3lHN1Z3dElGY1JVX2tsUm1qcVRScTFNUUppQ2ppM19ndGVNMGNZM1JNaDJLam5Wenl6OEFYa0R0Ym53TnNVbDJOWVEw?oc=5,yahoo.com,2026-08-31,neutral
OMNY,Civilian agents with handheld devices are being deployed across NYC buses to verify tickets - Time Out Worldwide,https://news.google.com/rss/articles/CBMi0AFBVV95cUxNRnZLMHZvdXkzR0tMS0VPRTNPYkZYVWpQU0dWYUphdGE4ODBXQWpaN0JQSldxWUY5Y0Y4OUVzUVl4OFViNm41NTBNT1VwYlBFLXYxdy1mSmx3YXlZT0Q2TXhyenVPTXg4TUJ0VW9pem11dnUwS1JfSTNfektVY2R4cHZ6REs4ZFdRVjNfSzZLZDJzckdiSXBGQ3BSd3hKeXZWU0pJNThidk4xZzVfU1E5Uk5wUnVBY2JzWC1PaVJ0aVlrcmRVNTc5WmZkS2Y4bF9Z?oc=5,Time Out Worldwide,2026-08-31,neutral
OMNY,Subway Station Guard Caught On Video Tapping Customers With Omny In Exchange For Cash - News12 | Bronx,https://news.google.com/rss/articles/CBMi3AFBVV95cUxOdUdwd0lvdTJfSW8zdlpDTXhFRnR4a2FRTmZDSEFvQ0xIRDZfTGIzeGpCQWZ4eWowLXl0RXFLZS1CbUVEeThLVTRlcVJqWmRmcE1QdC16R1ZYR2NaRzVHTEw2N19PYTVLUnFrUGdpSFdsdW4ySUNhWHI3bVQzWTY2aEFGZ2kydGNXVmx6bUZ0WC1kbG41X1hxeVk5dTJnOERsWUVwby1HUHQ1MkJ2aGNocjVXMzd6UFoxd0xqc2lFZ1F4Ri00aEl3d1JVN0JPako2Y0hoRzJ4eFQ1WGE5?oc=5,News12 | Bronx,2026-08-31,neutral
OMNY,You Can Win A $100 OMNY Card By Complaining About The Subway Right Now - Secret NYC,https://news.google.com/rss/articles/CBMid0FVX3lxTE1DZVduMDVfSVNKY0lubUc5WGdnVXFRbnVyRzhuQjlteTRHMmRPYjdWQmRQTkp0cW01U0FlUDI3em05X0dtQVV5TWlCMERBUExmcWpZbE5fd0RrM3NQb3NOR0VETjY2RE9VRVFWeGU3cFM0Q1c1X1lN?oc=5,Secret NYC,2026-08-31,positive
OMNY,"Kids demand fixes to NYC's student OMNY cards, saying flaws encourage fare evasion - Gothamist",https://news.google.com/rss/articles/CBMiqwFBVV95cUxQd3hHMUsya1BERUpDOGMxaVVsZFRMQm1wQlB0UXo0NXBVQ3lKR1dUQVR6VWNUbzk1RmJ0RE91OUVQUDUzVkJjTElJSkR1eG5UZWg0eTR2aFR4WG5ZZHBLWDFMV0pna0lXUU0zdEhmVG1FM0RFdVF5QTdEMC1EN0tjSVZZTDkwWkhWOU41NEVLVzZnNkRoYk56anpUWDA1Y3Q3ZHdVLV9VLWd2dmc?oc=5,Gothamist,2026-08-31,positive
OMNY,OMNY celebrates 30 years of service to local youth - GCJ.news,https://news.google.com/rss/articles/CBMifEFVX3lxTE5LVnFsMDJyVGd3VlRDYjhRcENsc2tFa0lpMEY0d19LVlRoX3M0V0J1Y01UTjlHZm1Ma1oxbklFV012Ukp5ekNHeTVEUHphZGQ2NVBGSDVZRU5JUEw3VDRTcEstWllsZHY3RmpEX1VuaFNLLW13XzJ6RURmMEk?oc=5,GCJ.news,2026-08-31,positive
OMNY,All NYC Students Could Get Free ‘Unlimited & Universal’ OMNY Cards - Secret NYC,https://news.google.com/rss/articles/CBMickFVX3lxTE8yT1VET09sY0JDcjB4d0dfMTU4S1haUzN0dkQtNnA3aTBQdzRjVENwWjZfdGpBaXFnXzdBdlJaQWl3YzRiX0R6UlM4a0NpZzVzLWgydlVvdzQzbWsxX294TXB4THdJY0lSWnlDWnM1bHZGQQ?oc=5,Secret NYC,2026-08-31,positive
OMNY,CM Ariola calls for ‘unlimited and universal’ free OMNY cards for NYC school students - qns.com,https://news.google.com/rss/articles/CBMiZ0FVX3lxTE8tZWNuSk0ydlBtaTdLd0lqaUVBMkRDNXNLeXZ6OGVWd0UyMDctSHB6N0tOWmxieHZ2cEdRMlNnaGlvRjhXdS1IM1lMMkVyRWp6TkRyT1lHMUZHSHJ5bTlUWE9vUWZkWHM?oc=5,qns.com,2026-08-31,positive
OMNY,Free OMNY cards coming for some CUNY students in new pilot program - AOL.com,https://news.google.com/rss/articles/CBMie0FVX3lxTE1yMEdxbFd3cGctR2VTbmZlTzBsZkN2dWxEcnYzbmkzZDhlM3poSU1IdGZHU052SDBJZXRTWURjSmpic0Z3eDZ3X2NzbEpvZFpQRWgxa0tDSXoyMXJaLVhHZVVJSjliQUFwZ1otR2F5bE1yM1hPZ3pOWHZiOA?oc=5,AOL.com,2026-08-31,positive
OMNY,Nyc Students Say Omny Card Problems Are Leaving Them Stranded - News12 | Long Island,https://news.google.com/rss/articles/CBMiwwFBVV95cUxPSThiQmhxYjBSWVltaWc2SjhWbXM3Wmc1RkdsYXIxcm9nc1NYc3BxMnZ2cXFvbGZtN2E5ZVgtQVdiUWY2RUxaT0xKcldOQUlodFV1bDQ1OWxPaGxYbHRBdjQtNC1IYmdqd1RrLWx5MzlVS2t6clZlOFpCVzVfdzNHWVpUeTMzVG9DenlKc1ZuajI0N0w2bzJYaEg5YWFmZWZmUU1VTlN5a0NqMjV3dWM2Z0hfbERDNUR4V04tWXF0M2ZCZm8?oc=5,News12 | Long Island,2026-08-31,negative
OMNY,Bee Line Leaps Into The Tap And Go Era During Omny Rollout - News12 | Westchester,https://news.google.com/rss/articles/CBMiwAFBVV95cUxQN19Qbl82MW5ORElJT2huekdjMGRmdmExOHRWTmFTY2Z1WWVlWmlSS0s5ZUpVbEdSQVc5YlV4SDU3bTd3dUpFYXJmczFCdnVudzZCTGJOS1dnSkhrYVpMREZWalcxeHIycHlGZkR3bXdWU1c3a0VLcWxqTTRJZXNDZTdQRmsweGpBWlV5Z2NZVV9qLXlpaW10TGVLc1Z5RnpsSS1pa2FwdWdBTVNQc3dwdXVlc1ktT2g3aFNBTVozR3A?oc=5,News12 | Westchester,2026-08-31,neutral
OMNY,"OMNY processing issue resolved, says MTA - AOL.com",https://news.google.com/rss/articles/CBMifkFVX3lxTE5FX3I2ZlZQaS1jcTlXbWVyZEhuWnBLNmRZN2pWTGxFTF9DS3l5VUdDdlhPS0Q0NzBLS3VldlM1XzE1VlRIVXc3X2dnLTVDY2g3eWc3bzNDSWFPS0haSWZFRGlLeU9ZX1ZtY2ZTX2otV1dOLW9adzIwX3RhQzNjQQ?oc=5,AOL.com,2026-08-31,neutral
OMNY,"Borough President Hoylman-Sigal, CM’s Marte and Restler, Riders Alliance, the Permanent Citizens Advisory Committee to the MTA, and Students Rally for Expanded Student OMNY Cards - Transportation Alternatives",https://news.google.com/rss/articles/CBMidEFVX3lxTE5LempCNDNycnZFN0M4bmxmREg4TTU3QWc1bG1FeE92RGUySmJ4bWE3blYyRTBjQzA5bGF1cHdxQWhUbkoyb0NuMXlyNVh4S3N2b1R5Mm1uS1lmbGNkOXppVTN5c3pxZFNHTGFURUVGSUlJTm5i?oc=5,Transportation Alternatives,2026-08-31,neutral
The L,"Lancaster-Lebanon Section 4 girls soccer preview: Picks, predictions, preseason MVP - PennLive.com",https://news.google.com/rss/articles/CBMi0AFBVV95cUxPMWFXeEFWNWkyZWc2bWZnbWkydEZ3YWRCcVFzcDd1ZUVXXzBUc25nSkhEbVVobmV3d2d4enhGRDlkSWZzQ0JZQnpuUllEYXBtZU1XVHAySGRQc2ZkcWJuUk5tZjVTWTU3TUJZSGtUZzhvV0doYkU1c1lEUTQxOHkxTTZMeHdoMDdEX0ljbU5XV0NCWmhoTjliRGUyempReHN0ZW5lbFVwNG02T0tpcDhXWWY4WnUtMGtuMmFOZDgzUGNtZGx2SHl2b2cwZl9nVjdq?oc=5,PennLive.com,2026-08-31,neutral
The L,LSU football stars draw big crowd at autograph signing - WBRZ,https://news.google.com/rss/articles/CBMiigFBVV95cUxNNGl3ZjV0SXpTd1RJWjlVZkJwQXhQQTl5YktrRmFFNjc5SHhXQUd1ZFc0NFBjQVY1cUF6NzczbGlXTGhuNTZQdk9jaXlISDdNdVliUVVmdFI0R0RHMGtfSmZldG81MlREaUxKRFRKNUJZQTdEWklJX2U5bDZjNXl2cVZOTWtwN0RYWkE?oc=5,WBRZ,2026-08-31,neutral
The L,"Beyond the TSP’s 5 Core Funds: L Funds, Mutual Fund Window - FEDweek",https://news.google.com/rss/articles/CBMijAFBVV95cUxOSU1CRXJicW5fSHlSampUWUo4WDlubXE1TkRuM1hLbmVyVHFnclU4MV9rMGEwSnlERVNRbE1zaFR4VFFRRks1aXpsN2hLcEhxOW5hU29JMDFhMWFnX0Q0Um9OTy1talVXMk85aVV0djhCRUhqZWFLSkdjUXFfZWs4T3hSdGMwR1I4djNIVA?oc=5,FEDweek,2026-08-31,positive
The L,Ferrari Dino Pushes the L-Series Market Higher as Saleen S7 Enters Final Days on duPont REGISTRY Live - duPont REGISTRY News,https://news.google.com/rss/articles/CBMifkFVX3lxTE45QzhteEVyWGFLUUttY1hyOVhTUVhiaHVXTnNaNkJJNUctTWUxSGxIaUVDMUdVRTNSbnpieDFpdlkxUG1LWHFJVjdxZVByMGF2YTdDbHlVY1ktV3Y1bFZKSVpLWDZLUVNESndMVUVteXRMWjFnUjJMUG5sV3hLZw?oc=5,duPont REGISTRY News,2026-08-31,neutral
The L,North Medford serves Lakeridge the L - kdrv.com,https://news.google.com/rss/articles/CBMisAFBVV95cUxQdjY0S2pYVXJuWm9uUWtjY2tOOUxhUVpjeEY5RFExc0Itd01EZDVpWXZqclMyR3J4Q21Rb01OR3ZXTUw0MGJ4dWs5eTg3Ym9lWEZVV0NKM0FOV0NuZkU0TWZnOXI2MWNvNGZuSGVIZjM0Q3JmcE41eHdocmh4WExzMWNfRnVjSTk1bzZLM29GOGJwZWVKYURhT1lnMTlIWUlZeGpReF8zVWlJWVI5R05EYw?oc=5,kdrv.com,2026-08-31,positive
The L,AI-Driven Rooms Bring Intelligent Design to California Homes: A Look at LiveLarge’s Innovation - freeyork,https://news.google.com/rss/articles/CBMiekFVX3lxTE9QVllNV19rQWlPSF9JUlZkeUZta0hMakQwRnliT3FEaFJfbGFIWUtPVm1ic1k2cV80QnpLQUJGOWp0ZTBjWVYzd1NuRERZdGpIVXpTUXRSblg5OEJ2WS1hcHpkQ0JldUMySlN1enhSaGVPNHNaZjVlYjF3?oc=5,freeyork,2026-08-31,positive
The L,Should Denver rip the train tracks from Welton Street in Five Points? - The Colorado Sun,https://news.google.com/rss/articles/CBMiiAFBVV95cUxNSTcyWlpfN3BuMFY3eWJ3c3k2aDluN28ycWNOM2d1elRXNGlWemh3VE12czFYOWR2OHh0QXpSM0prTUxPbzUyRU5iclRlYjk3YTUxb3F2YzNJLUNmaVA1RnN4LTdEY21xWVZrSFVJOTI5ZUZBc2VCUnBUVEhpLUYyVmlWRkQzVjFt?oc=5,The Colorado Sun,2026-08-31,neutral
The L,The Hop Changes Tracks To Two-Route Configuration - Urban Milwaukee,https://news.google.com/rss/articles/CBMikgFBVV95cUxOU1dXNkw0T3lHc0Z1S29ETWpGX015R05weGYwNktTTFVTeVgzdEtqSE1TWlZjYVRJZWg0emNYZ2RldXRtcmUzM3FIQkNMbXJ2NXhyNV9fMDJLRVFseTc0N2VvNlhOZzVuUm05dVBtempmX3pJUHp1YmFmZWc0SHE5R2FyNEdvTlBDSVZLVTdYdlBZZw?oc=5,Urban Milwaukee,2026-08-31,neutral
The L,Falcon Heavy launches NASA’s Roman Space Telescope - SpaceNews,https://news.google.com/rss/articles/CBMifEFVX3lxTFBPLTlQZ1RJemo4TkRaZ09TcGdkRDlpbHppc0FwRS1iSzNSN1hkenNzQXg5cFplR1pvTU9OS2NGdUhBVzRzZUk0LU5BMU5jQW9CWkJwTUVRVmZqR09Xd0dIQ1lkbVVWZ0VzOWo3TnpUUGlsY2dPZWpmcG5Mc3c?oc=5,SpaceNews,2026-08-31,neutral
The L,Football: Big-play Lake Mills lights up scoreboard in 66-38 victory over McFarland - hngnews.com,https://news.google.com/rss/articles/CBMijAJBVV95cUxOSXF1U2hSMm9vNVRNRXhBTm9ZRDI4T3pJeWpBMGc4TVhXbk13ZlJjVmJBNmNOWV81dm5NbDQ3eDU3Qmc3cklDblM5Ulp5RjhlODlOSVdsM0lXbWtqdEVzSWxoU19WUXM1R0E5dUZkenRKWUtQOVRqWlkxVFpYUGYxb0VoNTJ2MnBCMkt1b0VOZDdHMXo5dy1jVHZIUW43UmRnckEyc3dfT3lzeU9LSnJtZ21BdWZiVS1fRDl0OVNNZjlpbmFwa1JnSXNDdF9qeWxHZHNacDk2bnRicnBRcTRYYUJjVms1THJqeEN1SE1oeHpNS0J6TDZoeWtwWGVYYXRuUmxZdjBpcGpOdUps?oc=5,hngnews.com,2026-08-31,neutral
The L,Suspect wanted for allegedly attacking an L train rider at the Halsey Street station in Ridgewood before stealing victim’s shoes: NYPD - qns.com,https://news.google.com/rss/articles/CBMifkFVX3lxTE9WQkotQ0NieUtRMF9GaVJkc1dOcGxUY0ZWdHlrQjR2ekpBNkhzX2RDU3JCcWtXUW8xZnZxcmg4U2RVdTJvRVhQRk5scVVfU0tST1QxTEN1c011dm9pVEdlV3Z3MWJIUDFTNmRSVEZrcnRqT3hHOUZEUDBPMjUzdw?oc=5,qns.com,2026-08-31,negative
The L,"Introducing: The new L.Leroy Vox Temporis Tourbillon Minute Repeater, with Tact-Inspired Single-Hand Display - Monochrome Watches",https://news.google.com/rss/articles/CBMi2AFBVV95cUxPUFgzQWcxQ1dtamFfLU9DWFpQZXlJR2FPVWtwS3BZQXk1S0FKT0VHZnh4ZlN3dzFKdnpXaTA4bmFuOS1IZkNqZ29wcFhhUkFPanBDVEVUNjQtM3dqS2EtUEJsRUpsdlJIb0IzM0tJdFJQVHFBWEE0ZlVjT1YtT2hGNnhmejRTR1RtZU1RQXFHazZucXVIVHJLMHZaa2ppcTNsTEs3R3JBWGpQX285Qm16dko4Um9nblc5WjR4UE5DdHVxNEtzeGNiMnNHZ25Kb1VkbkNsX0lJQmc?oc=5,Monochrome Watches,2026-08-31,neutral
The L,The Macaroni-Shaped Pillow That Soothed My Aching Neck - The New York Times,https://news.google.com/rss/articles/CBMidkFVX3lxTE5aenNlZ3BrQV9PWEh4MmIwTl83OWdkZEpHdzZWWjhwSl9wYTJsNGl3RzV1VjZiSkY2QmtSbDRKV0pHNV9NTktvQ0xscm42WTNBamhVazRKdjUxcXNUMGdvVm5LT1JtVTNBMFlIMWwxV2d0cmdBcVE?oc=5,The New York Times,2026-08-31,negative
The L,"Qronge X1 Spark L Review: Does a $1,299 Sur-Ron Light Bee alternative cut the right corners? - Electrek",https://news.google.com/rss/articles/CBMivAFBVV95cUxOUExTMzRBR3l5VkVEcS1yV3dlUTdzVG43TXZ4dmRZNkJEQTZ1UEhnZmcyUktTVGNNXzZvQUFueENNeWVjU201Ri1wZjJHM094ME5VU0hxUVhMSnE4WFZzbGxDeWdpUlpCOFl5ZmFvVjF2ZEdpcHNUTGNkU08wUHRFTmNuWWI2V29uenlXTDBsczBrV2pkODVuX0NDLWJTc2F2ZDN5U0UxeHBta2pTU3MyNUczM3lUdmhoMWlDQw?oc=5,Electrek,2026-08-31,positive
The L,Kristen Bell Proclaiming “I’m Worth It” as New L’Oréal Paris Rep - American Salon,https://news.google.com/rss/articles/CBMinAFBVV95cUxPenFaeFJCNG94ZkQzd2lzX1hHRU9EeUE2a3cxMHRiZDIybnc1Q0dWMXRtSDhjODdCWEhRWGkxSjY0RWROY2N6UnlTTzY0M2hsRWFFWlU5eVdORDA4aHRTUTROSzdpekhqQkFIMnNpbGZmbFp6TUNhQ2lQV3lrSFNENW93cHZzazNweXRTUFNIZlprd1F3UGRVOHlVM2s?oc=5,American Salon,2026-08-31,neutral
The L,"Hilary Duff, 38, Defies Aging With the $26 Drugstore Serum That Made a Shopper’s “Skin Look 21 Instead of 71” - instyle.com",https://news.google.com/rss/articles/CBMiekFVX3lxTFBzZHJWS0ZhSjBsN3pyX0tpd3Y2aGZEU3p4OWdSZTY2dlJiZ0hfZ0pnczM4c3FQQll2NGdhcTlEaGFpM0g2eWY4NEJJdGx0aDF4Y0VkN19ZaVQybTBWRkpybVZJbV9yRE9iWVdMWk5jQ2gxcUoxYk5vdlln?oc=5,instyle.com,2026-08-31,neutral
The L,Kristen Bell Named Newest L'Oréal Paris Ambassador (August 2026) - Young Hollywood,https://news.google.com/rss/articles/CBMiiAFBVV95cUxQb1JDZE1FZmNiaFo4bjRSZFlYVUVMNms4V1YxLXlpNUgzRFRtYld4ZTRPWFNiS0R5akx0dUV3OVZEeTVxTWdjZWpmU3pTdEV0N1FaMjF3R0phZmstcEtLVWhrVllLRk80TUZxbUZFaVZIZ0NHaFllblZ2SHZOY2JxQ28teTBoR1Zf?oc=5,Young Hollywood,2026-08-31,neutral
The L,"Purple Hornets put the sting to Wykons, 54-6 - - The Mining Gazette",https://news.google.com/rss/articles/CBMipAFBVV95cUxQR2xFcDVmanpqWXRIYVdmN3l5ek5pZ1diTkEtZDF5S19TUV84dUJpMUEzN0s1ZjlXT01TTE9vZFEyd3lZMHVOaWY4RG9fSmlvSkwyUVJubXZmZGNJZFJMc29Udkh3M1YyVG9IRDRPdlJnTXFNajJ4UXg3SmxXa2d0azNVSEMySnlvMmd1WGpQb1l5QWpRTVM1TzFTRnNUVktXMVhpUA?oc=5,The Mining Gazette,2026-08-31,neutral
The L,"The free admission forces the closure of Figueres' Rambla after gathering 100,000 people - APD Noticies",https://news.google.com/rss/articles/CBMi1wFBVV95cUxNRlZlUzNvVmNjM1JfWDlwVHFrTmVfWTI3X1FaVTc2MERPX2UybjB6bThEVmswaEIybzJveUE5aS1RVVpsWHJGdS1veWJNbFJJR0dnMEZDemtDVHpja3lNVzlyanlCS0hyTTJBd0JxOV9Vcl8tb0EwMzJBdlRjV1BzUnpVR0hyUmV3b3IyaVZ1ZWROWk05LXBmb1lqNW81ako1TFBBMVhhZV9vTmowdkZnMHZYN2czYVlvVE9Yd2VTcURhRjVReGtSS0NHUGF5czQxYVJoREhwVQ?oc=5,APD Noticies,2026-08-31,positive
The L,"Lancaster-Lebanon Section 3 girls soccer preview: Picks, predictions, preseason MVP - PennLive.com",https://news.google.com/rss/articles/CBMi0AFBVV95cUxQNkdwdUVOR0l1al9Hd1AydGk4T00zckV5ZWpUUm5aWFZhNnFxdGRLV19WMGRIalhRZ3BlakdwYUFoT213VTlPZEF6R3NKZC0zQUNxdEQ0Qm4yY2M0a1ZmTFBGcnRrelR4S0RWRzJ4WkJ0bDBBSlpfZGF2SUl0MTJ2YV9hcFA3SzlGUVB1RDZQaWFaNlUzbG1QdDFHODJFNDJFc1ZlV2pjTkNTQ3VWWUhzS09LSG95VTlFZ2w2VHl5N3h4T2JWSF9UekNNYnZQb2Fp?oc=5,PennLive.com,2026-08-31,neutral
The L,Viltrox brings its 60g $99 pancake lens to L-mount - Camera Jabber,https://news.google.com/rss/articles/CBMilwFBVV95cUxNd2JJR21Ob2dzUTJUU2lQSnN4dUxTdElKY2l6cFM5QUQ4Y1YyMGpiUWxLaVI3Y3pxLW1uai1vOWFobEdoOU9KNlBCdkxpR1lhTHB1Qm1mZkIzRWFlVkRBak1GMG1wbHFOZEhwbUxscGo1cG9Hdko2RjdjeFh2UmVhUXNPT1FqbHI5eFYxZ2VJNFlYcmdyRERn?oc=5,Camera Jabber,2026-08-31,neutral
The L,Robyn McDougle named interim dean of the L. Douglas Wilder School of Government and Public Affairs - VCU Wilder School,https://news.google.com/rss/articles/CBMi5wFBVV95cUxQMXo4bDAzc0k2eXE1MmU2eWo2OFZYYnBpUHZyS1J6TjZLLW8tTWZObjM0NzdIeEh2MHVGaHM4dzF1Vkt3ajJEQXBjSVBKdVEyMWpKUGdSSEdEcHdaY000RmY3aFM4c205eUp4WnZLMExTY21ocDNwZlNoTWVXRmItdVRUUm9DM3p4YURNdGprZmwwYWl6YU82aXpCbURDWmVITE5jdi1sbGRHS3BFM0RyVTNOSzFPcUFkN01ZWmFUX1FnY2ZnWk92RGRZM1Jia1YtS2RyWmpFR0l1NEFvOXM1eVVOVm96TzQ?oc=5,VCU Wilder School,2026-08-31,neutral
The L,"Around L-L football: Ushering in new eras, historic milestones, injuries and more - PennLive.com",https://news.google.com/rss/articles/CBMizgFBVV95cUxQVnpfcjBCaExpWjh0QmZUajZXazkyQm1TbzB0R2c3ZXlhcnVjbmZFVko3N3dzSENlN1pwaTgyQlJSbksyVkdUeXdMeEw5dG1zSmRDUE1LdjJnZFR2OVFELW9tQzhSRW5ERjlNVmg5MW53M1RzYkFfWW5tY3BKeWZFdDdYankzdTMwN1NVMXBWeFI3cTJfRDdQVVZSZEhGdWcyZTk4cnhtVjd3b1lVV1VGbDdPaWtIVmg3d29Ob2c4cWgyMjFORlZmLVVIWGhydw?oc=5,PennLive.com,2026-08-31,neutral
The L,L’Aventura: French Offshore Racing’s Newest Chapter - Live Sail Die,https://news.google.com/rss/articles/CBMigwFBVV95cUxOR2E4YTRjMlhxTXRyTmswcW1TZmNGNU5YYUFYUXd6QU5SX09nZGZnTjRvS09jc3hqMnZDQXRpNldDWXZ6VVBXdGJCdXdmT2FFU20zV196LWdHaWlCdGlGUU1jUmJKZ3EtdUJfSDlOQ2pNNkxuTFBJUi1fY3FGX3ljTWQ1bw?oc=5,Live Sail Die,2026-08-31,negative
The L,"Amal Clooney’s Hairstylist Used This $10 Volumizing Shampoo to Create Her “Bouncy, Soft Blowout” - instyle.com",https://news.google.com/rss/articles/CBMidkFVX3lxTE9WeWRxQUlod3JIOWJ2aDNKZ2xmVlhndnIyUnBaVU9pTjJ4R3RhUE4teEpxVWZFVW1jRUdFVVM2MWo3N2NSb3FwR2JhQXJYSG91aGxxaS14d2VBd1dRSUZpVm54WWNSRVdRYkZkZ0dVVURuUTFlWkE?oc=5,instyle.com,2026-08-31,positive
The L,4 THE L sets a tempo in Lindsay - The Sun-Gazette Newspaper,https://news.google.com/rss/articles/CBMiigFBVV95cUxPRmt0QXUyWFJvX3RYa0N5LVU5MzBiRWw3VG9pZTZtSXNmSlMwYWdpTG9FQWI5LUNMMXFGd3A4RFZjam1LdWpGOHY4dXpCaS1TZ1BNUUtwLTRvclI2ZXNRaGJfOExSd0dPc1EybkdXYmM5WEEtQWRGRUdfTEgyQUNIeEw0UDU1bk9FOFE?oc=5,The Sun-Gazette Newspaper,2026-08-31,positive
The L,"I Was Secretly Awful at Styling My Hair, But This Viral Hot Tool Creates Perfect Curls - instyle.com",https://news.google.com/rss/articles/CBMickFVX3lxTE9qN01wc2lucGlVRDhnMDRwMW5qYXpheTh6T2JEelJjX1JpelhocktxUnZFY3NsX0hweTN1NVpVTU1Tb3V4RGxPTkFHVG9PM1NuWWxXN25CSTlTVFVaRXJnN0hrWi01VlM3UUxrNG5ubEsxUQ?oc=5,instyle.com,2026-08-31,positive
The L,The L Suite: Inhouse Community + Legal AI - Artificial Lawyer,https://news.google.com/rss/articles/CBMiiwFBVV95cUxQLUM5WEhzbzV1VnAxZTBpUzhFb2tLcmxtM3hCMkxYcno3MDBlamtwLVpXdlRmOHFSaU4wWkdNdVJHMy1KdjNpT2JlNFNtaW9pQmRxMDFYa2pmMmR0RXpibGMzbGlJYW9wdmRlb25uanNGSzloWjhYb3pZUGV5dmFySGM5c3Ytb0Z0eV9B?oc=5,Artificial Lawyer,2026-08-31,positive
The L,L-1 Visa from Mexico to the U.S.: Complete Guide for 2026 - The National Law Review,https://news.google.com/rss/articles/CBMie0FVX3lxTE16azNuSjN1cHBXS3NrUS0wQm92ODFSQUFQbEZTV0FTQzNWUXdnSTZhZWRmaEVuWFdiQ0U5a3paNWY5OTFkLU14NXhjSGlvNXQxcjFqSWVLamFoSlpNTjdBTlhhenBiWDloYjlFUk5sQnUwV0V5TWE4cC1ld9IBgAFBVV95cUxNYVlxRVhrUVAzbGlhZ2dlbTlyY0pOTWYtYmtFTFhXQ19YVjdoNmVmb09WSWdiU0I5QzNEWFY5NjE0eFVJVE9VdkR4VzlXbjdsM0FHZ1RjUHJrRHJWWTBQY0FwNS1zaXJLNkI4QmtZWkh5MmNtbk0yTUdTdkxUY1lDVQ?oc=5,The National Law Review,2026-08-31,neutral
The L,Balloons stay grounded for the first launch window of the Lewiston-Auburn Balloon Festival - WMTW,https://news.google.com/rss/articles/CBMixwFBVV95cUxPQm9yRk5JcmI2czNPbEVVV2ZMRDRjclZYNWJubEdMSkpfSTZVZkNEX3cyU21pV1JuRUdPQWcxRXAxQ05qMEZGS0pMZ3Vkc3E1VjgtN01Jc0FaM1FtdWxIbXRCUklpZS1WRXNxRi11Z2dTRFdaUmlIbGJ6WEJQY0ZYd21FMHJBWGJpUmlqSjJjN3FkZUdJbFFzZnVUMjZ0UzdGMzZLS0Q2Sk03V0hmLW1aNDhKWmtXQmxEV3JFQXdTamo0cWJ6bmc0?oc=5,WMTW,2026-08-31,positive
The L,Becky Hammon defends load management even if Aces have to ‘take the L’ vs. Liberty - The Athletic - The New York Times,https://news.google.com/rss/articles/CBMimgFBVV95cUxNSnQzUnN3emFrWHpPSTlOQkdUNzdPcERtWWJ2M25JdWE1N1R5LUttZHBMNzBhMkhIWjJHbmZUQXJ5MkRxcFRyTF9QUGNBOVlpekUwWGZHRmJfOWJwaXJ2a21vQkp2THUwS1FjWk5YSHNFRm5POHd1cll0U1Q4eEY5akc4MXFPNUVpaURacm14V0xJVE5WMUFORWdR?oc=5,The New York Times,2026-08-31,positive
The L,Model Y L Test Drives Begin in the U.S.: 6 Details That Matter - BASENOR - Tesla Accessories,https://news.google.com/rss/articles/CBMimwFBVV95cUxPcndKNVg2RGhiMFBrSElZZDlOYndlbk1HV1VxQWxNZ19OMmFXUTBVY1JQcDFaOUwyR3NZa3lQWndjUFVGem5wcWtYWlUwR1NKNHdyV21ZZjFrcFdRTExJOFRCMFRreU5GbUFyMnQwbHRQY3pjSlZ1TkVXR3ZXRG5laUFoTENjcWFKdWlmSVpQdDNRNUZQTkNMX3RzQQ?oc=5,BASENOR - Tesla Accessories,2026-08-31,positive
The L,SPORTS: Aces rest the 'Big 3' take the 'L' in NY & Raiders Jalen Nailor gets mic'd up in - KSNV,https://news.google.com/rss/articles/CBMisAFBVV95cUxOSTZoeDlZMlpQVktTYk9DUUhuWFBnLVNpOEx0djhRV1lTamZ0MFJXa012UVBsalZkOWZvSmpUZFptZU41ZnY4bU5EMDNWQzBzdl9JNDBjcEFpTU94RE1DNm1HdmhDWTk3dWxlaDdodVBmbEFreHAtNGEzQ214ekx3ZUN6WEpEaFpzVnFYWlF3UHFuWkVQUDVoTHNvYjdwM2p0Z1dYOUlwZl9KWGplYlZoQg?oc=5,KSNV,2026-08-31,neutral
The L,"Despite the ALP loss in Western Australia, the ALP has gained nationally after One Nation MP David Farley says One Nation’s immigration policy is ‘not too different’ to Labor’s - Roy Morgan Research",https://news.google.com/rss/articles/CBMihwFBVV95cUxQb1MtQmpJWWlUOHFYb2hUeldrTkpPUGR3WGp6bWh3VS1oOHhOZ3VuX21sN0VMQUdzb1ZxcGJpYXZvd21YcEtMRWRaSlRpNnlWSl9UZVZqWW9LLVpob0hDdmpVSm9wNWVGNjJuUFMyZGpmZXdOY01JaS1TSktQWjBwZ1lPZ0RfZ28?oc=5,Roy Morgan Research,2026-08-31,positive
The L,“Caitlin Clark Solely Responsible For The L”: Fever Fans Get Critical After Indiana’s Clutch Loss to Aces - Yahoo Sports,https://news.google.com/rss/articles/CBMiiwFBVV95cUxQeEpSOG8xMWF0TnltLWdBX0ZnZTI2QVJzNzRYTGc5Mk1DalBYV0JtNWUtbGFUZ1RVNEFkWGI1TUtSb1dleWNDWGMwSEpadGdhc1lTMlVOSjlsX00yT0dSNVFCOWM0QVV3cWZBUFFRWXh2X25qVFdPZjZ0bmE4QXdoOGY3M3BwczlMM2dz?oc=5,Yahoo Sports,2026-08-31,negative
The L,"CBC empanels JioHotstar, ZEE5, Amazon MX Player and FanCode for govt ads - Adgully.com",https://news.google.com/rss/articles/CBMiqAFBVV95cUxPQVRiTFdxMU42NDZ3bXB0M3R6UUgtV0RCSGNZc2wxMC1UZEJEeDFUMGhqSXRsTVo1MlItWHVva1ROVjJ6WHU1dDNVNWlmc3p6TnUzRk9fVEFPVGNRMXFPcGk5YVloYlJlMHFzN2EtYkFycWpVQlRBTWdKZHc2UnFqNzgxME1LeXJ0UW5sWlBwVmZjNHNseW1EdmhsMHhmYjBUX3A5TEQ4ejA?oc=5,Adgully.com,2026-08-31,neutral
The L,"Zoë Kravitz’s Engagement Glow Is Thanks to Martha Stewart’s $15 Drugstore Secret to Plump, Luminous Skin - instyle.com",https://news.google.com/rss/articles/CBMiiAFBVV95cUxPM3h3alFSRmFpLTJJSldVUHh1TDh3VkUzbEV6Z3YyUmpoQThjNGJ1Q3BMQXdfaFJZbzF1N1dTUXJnM25ST2t0VldZWkdOdmk3QlQ5dS1HNy15Nm8wdjZidzBOWGx1a1kyTDdDa3Y0dGFFdXVBQWtIX0RNMzJpWnRINk00VDRCeE1j?oc=5,instyle.com,2026-08-31,positive
The L,Visit L Street in Koramangala and be awed - The Hindu,https://news.google.com/rss/articles/CBMirAFBVV95cUxNSllvdnNkZW8wN1dFTGt2a3J6akFhaFgwUUlNdW9zeUJZNTdqcEQ5NWI5TDBQS0hfWTdQd21jMWsxTnVKNldFRGF1M2NrcFg2TWM0bTQyM29pSHdsUmg5RkI5d25VeVRkU2pFVGs0Sk5WUGhXSHVua2h2d1hlZjFSTHNkWHZVc2FBd3pXSEY1dUFfZVFHWlpqUldsY2JlalRsVERIMXdST1NXYVBG0gGzAUFVX3lxTE9OX25oQUV2bEtxLUNzZDFXMkZsanUtaUFsUUI0Y0Y4QS1YSUtFSlE4NjY3aXVwX1RGQ2xsemhyaHROb2pNSE1YSXVpNmNPT05pRjZXaEpzbWtaRUdQSFRmT3lCcHpVb2JtOEVvTFZLTHVIWXFXZ0czZ3dwbE9OZG9LVVJ5d0RKUUtwTWxqU05OQlJJYVQ1TkZ3aGlOdGxwNGFDdW50SV9kV0xJY2ZzX1lVeGFR?oc=5,The Hindu,2026-08-31,positive
The L,Lose the ‘R’ Or Take the ‘L’? - The Dispatch,https://news.google.com/rss/articles/CBMigwFBVV95cUxNSWw3c2JlSV9LNmpDQ1RYbzVVUXUyRlRCSVFTaVJHaUpFS19KeDJGdTV1M3ZmQ3hJd2JXUUQweEotblE5NVN4RVdyYlIzU2ZUZGROZmJoSEhvZGZyTHpwUWlKMW5zZXVnamFvYXdGcUg4WkVKT1BtY3Q4YnpiTGtFOGVHMA?oc=5,The Dispatch,2026-08-31,negative
The L,"Insta360, Viltrox show signs of moving into mirrorless cameras, could shake Japan-led market - 디지털투데이",https://news.google.com/rss/articles/CBMiygFBVV95cUxPV0RFcG1vUElEeFNBa3dqRHFjWmRzd3g3TUl0ZVZVeS1sYTJPd0t5amtqdVItWVdrOXVPak9lZ1M0a2F0amdBdHhmaXJxazA1UGN6SFVHRUxCR3VEbUhQaElNemlOem5XTGI2VVJWMUFKRDVmSmtXajZmZk5kRlFPck45ZlJWM2NnYk1jeWE4Mk83LXJBZ1NaUm5fRlRvc0hkTzJiNnFOZTI1LVQ2SFQ0el9IVGdqcnVSd0dQSVJSalY5Y3JvWWtfNFdn?oc=5,디지털투데이,2026-08-31,negative
The L,We Drove the 2027 Tesla Model Y L. It Isn't Just Bigger — It's Better - Edmunds,https://news.google.com/rss/articles/CBMigwFBVV95cUxQSFBVb2ZrRTl1RzNhNC1IVGw4d0NpRUdNaXRfS1ZpUklvUHRfSHlGSjM1cEdOMF85SW5MeE9WQkU4MUhERnc4MDhiYVE2SzJGU2hPcEVjTWlBWndGWXkxVUItTktaUGxQamR2d3ZmZ0hCQzVGTEJhcHFmeGhBLUluM3Z4QQ?oc=5,Edmunds,2026-08-31,positive
The L,New Law Puts Cook County Sheriff’s Police on the ‘L.’ Here’s How It Works - WTTW News,https://news.google.com/rss/articles/CBMinAFBVV95cUxNaTdTWDNLalB3bFBnNlEwalo4YXJLYmZPZUNTRTlrZ3RYcEVOdnVVdlV4Zi1Vb2c0RVZ3WXBzOHdKVm0wTWdNbWFwa2ZOcWw1SFZqZXZpSlEzcDlGX1g1TXVMZF95bXRxbF9hUDhaSTR6SVpNN09wbGdlRU00RTZSZTRaQVZBRG9rZ1pORDFCbGhfdDlXaHpsRlRRN1o?oc=5,WTTW News,2026-08-31,neutral
The L,"Reel Thoughts: ‘Love Island USA’ Season 8 delivered the L-word, but not much else - The Daily Northwestern",https://news.google.com/rss/articles/CBMivwFBVV95cUxPSFlPNGxjWUlrcEpPYnhxcFh1ZnN2bzFoWWtHeDFIakxXX2xlYkc1RDhuUG44SnI5QldiZlQwV0JHYzJ6dk91UHhYT2V5aWhCRzI3N2Y2SktOVmN3UXRTQzQtbDA3c2dIT3B4akdLNndDWmpJQXB0b3ZjYWpuYmdfcUF0dEFCaGhOelRoR2RZZ0o1RFBFSDJ2U0tvWDRIX2JocVhnTWxTbGRaTE00NnlXYjRsbHNlSHVLb3V4a093QQ?oc=5,The Daily Northwestern,2026-08-31,neutral
The L,Robyn McDougle named interim dean of the L. Douglas Wilder School of Government and Public Affairs - VCU News,https://news.google.com/rss/articles/CBMiowFBVV95cUxQd2RmQkhnZk5KcTh6V25SMk54aS1aalFwVTdYUXJLTjRUN2s3eEdkQ1J4SEMtTGx4RlRRSl9NOERfUE5sdjNmWVV1NWNWN3VuTC01MnM2MURPMnlkVlFuYVl3ZDlBbnRxUnYtWjYycXliYjJUUmR3ZHVXb1RmMlFFcm1MYUhZVmVsLXhkQlZhWTRWYm9RY3E5aFlqOGxCZTZ4N0gw?oc=5,VCU News,2026-08-31,neutral
The L,"Multiple Loop ‘L’ Stations Closing Next 2 Weekends, Riders Should Allow Extra Travel Time - WTTW News",https://news.google.com/rss/articles/CBMiuwFBVV95cUxPdGNWVFcxUFBxWU14SVhjbUxWTHRWeG9ldENISFBhSTBRWGR0OC13NnVNd3dIRFgyT2k0TE14eEMxSld5R0NIY3Fhd1FuTW9KMlBFMk9JTjhsQnlYa0w0RHhDWE50OVIyRzhHXzA5TzBPdTdjRm9PYlEyWFBHSV91WWtDblRIX3lQbGZWNGlXWHdmY1ZJaVpicWlGU0xWQVE0NXBBUWVFTm5ZNS10NDdfT2d1WE5uMk1hN3g4?oc=5,WTTW News,2026-08-31,neutral
The L,Back in the “L” Column - Covering the Corner,https://news.google.com/rss/articles/CBMingFBVV95cUxOTllLazlaX2UwV05yaThsaGtRSm9VMmVnZWhpb1ZaNUxRcGJSdUVSU2pvMmVWU21OSHVUTWpKX1RNMTIzUzJtcU1mNGxFQ0VIZzBlQlVuc0lCQVFDY0JHekg0OEFMemVhZ2xyRFFsWkF1RF8wakRBck9QMVNuNlNyOTRIN2RhVmEyYnVpclRSRDhxaEZnbjRxTFdUNE5JUQ?oc=5,Covering the Corner,2026-08-31,neutral
The L,UWL unveils 10-foot stainless steel “Eagle in the L” sculpture - news8000.com,https://news.google.com/rss/articles/CBMi8wFBVV95cUxOZDFnTFBNeDRTY2ZVbEFZajVMRERwd0NLRE5lcXdHcUswYi1sTUNYY00xa3ZLek9GQV9ydHIyOWRNNlVmZ3FjUW4xM0RqR3QtMXRwYXhkU19MUEtxemRJeVBwb0dwN3IxMHhjUG15MFBkcWZTMDdGTEtrb3EwR1RxLVVLXzZHdk81bnNPbEU1cjhDcnpaQm1Iek9mdTZRbEtwdW9uVl9mZUZRVngzcVctMktaXzlFdWdZVUdXdjJDMjJicWJTdnZqenkwMk9GRG5rYzJoX211V0dYZF8wMjFKelpLNENHX09oV0QzcTNzMzN5Um8?oc=5,news8000.com,2026-08-31,neutral
The L,The L Suite Fintech GC Dinner Salon - Wilson Sonsini,https://news.google.com/rss/articles/CBMie0FVX3lxTE1BU2xsbmlZQjVvekpZZnczOGVVR19VelNHeXJveW1PRldXTlhoNnhleWo4U0Q0NWMxOExWUFVHVzdGdy1FNl9VT3RCRnNBODN1UDl1a2xzT2dDMmhFd1dtUlJNY1ZxM0M2dFpPcnBkTGptbm9fOEVlU0t5MA?oc=5,Wilson Sonsini,2026-08-31,positive
The L,"‘Stand for the rule of law’: Elon Law graduates sworn to state, federal bars - Elon University",https://news.google.com/rss/articles/CBMisgFBVV95cUxOUld6VVBTcTlkcFZGXy0xV2tyVkloeEFMS1NZdGUzb2ZmWDRfWlY5UUxGR0ZyalVQcU9yNUpXZnprV0xEWFhYY01qYmJ3ejN5MDIwYjR5TzZZTmVxeUZHTFpnRlVaeG1pLW02Ui10Rm1LRDBqTXcyTHBBQjZMOFExaUFXLUxtWEJzRnhTMnpKLWtWWTM3QkExME4zVkNoRWpmYndCLWgzMW5vRG9hSU9oVXJ3?oc=5,Elon University,2026-08-31,neutral
The L,The L Suite 2026 Legal AI Conference - Wilson Sonsini,https://news.google.com/rss/articles/CBMifEFVX3lxTE9UeWVmemtYczRVTEpUcmY5azJRX1ktOWpNU1BXUnJNZmk4MGd2YV9rX2NMUVFNVkl2ZHBCM0UwSXA1UDJBSjF1NnlIV0toWjJTeUdfMTZFb0RLLXdfZ2ZsOE1HOG1UWGNrTEw1V3Y3b3AxakR4ZGI1dVUtNGU?oc=5,Wilson Sonsini,2026-08-31,positive
The T,The Graphic T-Shirts That Won Summer - Vogue,https://news.google.com/rss/articles/CBMid0FVX3lxTE83ZkdaTGRMaUdEVjZDaFU5UVFUeDVQbzVoSkhhbVVrMlRMTGJ5MXNsZzFtU1dBOFkyRFo5NExXbTNPYXc1WVh3X21IMlZFY3JaaGVYWHAyaWluRnE1eFlkdEttRmVFaTVPX1FzNm9mSDd1aC1QaEww?oc=5,Vogue,2026-08-31,positive
The T,T cell therapy shows promise in treating aggressive brain cancer - Medical Xpress,https://news.google.com/rss/articles/CBMihwFBVV95cUxPa2NFQmltOEd3NkdFQ0dtSWIydHo5M3lkOFh4MWtqRnJqMnkzR1U3UE9jZzhRTm1VSzZxQzRVWE5XWHlKa0NuMFpEaVZPOU9SajJNYVBnU3lIcF81VkxWZ09oLWQyVld1U2pETjBKOTB6NXRvbVFKX0FmVVpyanhsNW9YT0N6Tms?oc=5,Medical Xpress,2026-08-31,negative
The T,T-Mobile is closing some stores. Are Michigan locations safe? - freep.com,https://news.google.com/rss/articles/CBMizAFBVV95cUxPZHNGcXBsM0pXNTJWdGQ2YThqcmd0T0Uyb0xmYlg2OXRKYnZtb0ZOa0gxaDVSSnJPZ0hjd3o2ZlpOLW5TVF9BY3JRR1VGTjlvU1RUQnk5RHdmeUt4Nkp6clJOVVZQdkQ1S1RUc1N5a05TZWRZOHVZejEyWGFBWUotc1dTMTIwOExmRjN2dzlvUjRjWmdnd0hUQ3BhY1lyemJYMDdLcFdyVGFCZS1CWHZXV0NkWm1yUktBOG1DV3ZXelM3c0gxZjFJRURfTTE?oc=5,freep.com,2026-08-31,positive
The T,The US can’t fake its way out of fiscal trouble | Bloomberg News - The Times and Democrat,https://news.google.com/rss/articles/CBMijgFBVV95cUxNMUFiWnVZT2NlTDNZUHpFS1ZYMzUxWGFXYXRvREpuZjhUQThMcmRDSzJ0ZnlPd0RvcDNITVNuQzRMMG1nR2tNekZndWt0eEppVUZIdTJ4QjN2SXh0aUhqbi1Wb25PRFhKQl9QNWhSX2dFN0lEUktHU2oxbWs0NXVZRzc2OUFQNnY0amI5WlhR?oc=5,The Times and Democrat,2026-08-31,negative
The T,Driver Cited Following T-Bone Crash With ECSO Deputy In Byrneville - NorthEscambia.com,https://news.google.com/rss/articles/CBMipgFBVV95cUxQX1dmYlNtQkY3amdQanZOVzFBWHlwMlZjZEpyMDB5ZW1aeVdvNmJWNTB3b3V2TEprbWl4QnV4Q0hfNHNyM2pHMllGSGM4dDBudjI3LTViWUpvRHlabEtvWHQ4VDVLSVYtQ1c3S3dwMVZtNjFuT19TakpKSXBfUlZPeVpMbGhoRU5UVmNwcUR6WURoenZMeDZIblVjTFUwX1dDU21nVmd3?oc=5,NorthEscambia.com,2026-08-31,negative
The T,"HOMES Brewery in Ann Arbor selling ""SHAME"" t-shirts over Lake Ontario name change - WJRT ABC12",https://news.google.com/rss/articles/CBMi-AFBVV95cUxNNDgtQTF1YXRUT2RDalVSU1d2MkFnOWVndnlPbmUzcWxkNm53UGVYWHk0QUZLcXk4eXVMN0lLOExqN0VLVV80SzIyTmQ1MjZsaFF4RmlGbmNFTGZQbUJVd2xlRFNmdDFCSjM4OHdwSjFGQnU2bzkwelhobTE0aU1SdTNDLThrMThiT1JEREI2ZmgxUFRnSnEyOWlRQUVHd3VCM0d0dGVjNDlaNFhxRjR2a1RuTElDUEZCRzZMTEZpbzdnOV9iWlVCYXlqT192QWFkWURLNlhyRkxFVjByb0ZSenV2WGlRMDd6V2QybUlyajFRZG1UM0lWag?oc=5,WJRT ABC12,2026-08-31,negative
The T,Yan Leyfman: What If We Could Reprogram the Signaling That Drives T-Cell Lymphoma? - Oncodaily,https://news.google.com/rss/articles/CBMicEFVX3lxTE10Vm1SRzl0YjJPb0Z1Sl9pY04yWTZUOWxJZXdGR0poellzRHYxdjZzZllQb3o4YlQxQ3dVLXhIYUtNd2dxMHpTX3k1MUx0WjljX2hLZmxnQm43cFFWQ1hvcDZGSWZ1SjZhVWxDSFUwMW8?oc=5,Oncodaily,2026-08-31,neutral
The T,Efforts Continue to Connect T-Bone Trail Between Atlantic and Audubon - westerniowatoday.com,https://news.google.com/rss/articles/CBMirwFBVV95cUxQdm43NFcyeFpHbmNuTHBKNGFCZk5kc0VkSTdkQ3cxRmMwanpGa2VjN09RQ3JPTjJfSGQ5dERoWEoxY3dRc1MtSWVJUWs3b1dnTmZfT0xma3Z3UndtdTNKMmc0cERQVENXeHhOOTNMVmZUV2Z4ODNFdG9aNW9uQU1PVzVReWtvRUJSOVhnSXJwTnc0Q1o3VVE5ek1CeHpaRGRleW9WWEJZek1OLV9kRnNz?oc=5,westerniowatoday.com,2026-08-31,neutral
The T,‘The Kelly Clarkson Show’ signs off after 7 seasons: Here’s what you didn’t see on TV - Gold Derby,https://news.google.com/rss/articles/CBMingFBVV95cUxPUTBSdGNHajNyWHRnMnRNcDZja0ZnQjV6MU1Iak5xekxYV09wN3VadmNwek5ORkEtQmtzVDI5TlBxdHVSV2JGUTVEVDM4RUdOUHNkZnRWUmdsR0Fua0NfUUVvLXloTVZsc2RuZ2doUERpU2gwd1NEMllScWQ4Rk9xMHZVXzl0Y25wQndyNERqWkdPRmt5amp0VUNMU3hMUQ?oc=5,Gold Derby,2026-08-31,neutral
The T,It’s time to get shirty about the short life of the football top - The Guardian,https://news.google.com/rss/articles/CBMiowFBVV95cUxPN1U1ZzJvNE1OaWlLcGpDYldFRjdEVmpiMVNHbUFNRjRqNHNMaHJyVHQ5bWhYdlNIX1RjXzJYcFo1Qm1HQkpuWENCV0tzVzFWTHVCdmxBX0huaEpfcXpSNEpWa1BwbmpoSFRzbXYwSGc0NDEzT1F2Qk9TMGVmdUVjUTVoVUt3Vm55UGM1S2VkRGxwWTh2TmdZR2xpdVA5bUU2cTRB?oc=5,The Guardian,2026-08-31,neutral
The T,T-Mobile Now Wants You to Check Into Stores Through the T-Life App - Android Headlines,https://news.google.com/rss/articles/CBMisgFBVV95cUxNa2xVNFdwUVBxbWt2NW1xOHM3bWZRZl9Hck92enpsQ19lSEJfOEE4SDdncDE2VlozVW1hcnlIbmIyMnpjVlVmdmRYSzdfYzVPWDJ2X3JrSER4d3RpUTJaOHo4emtvVHIteXpBV3lOOERhSUxBdGZaVU1rcVF4M3ZsZzdoYmVOcjkwLWR0UXVScGJkRUgxcjBxYUduSm9PTFFacnBnNWVjdW1kWk11VjVzQVJR?oc=5,Android Headlines,2026-08-31,neutral
The T,T-Mobile has a new rule for customers entering its stores - thestreet.com,https://news.google.com/rss/articles/CBMifkFVX3lxTFBXZTlhd2FPdlI4WUFsdEMwUklUX1J4NWVJelpRMDVyaG9oc09Od2tCNW56RjdyUzVnU290anNDTk5SbktWN25DRFlwNFZTVVR2YlhkUVNZYThveUtJM2xjaW5rem5aSW1wNGxad3ByQzFYbGRWRVpOV0QyWHByZw?oc=5,thestreet.com,2026-08-31,neutral
The T,Vols expecting more ‘chills’ as Saturday’s opener approaches - Chattanooga Times Free Press,https://news.google.com/rss/articles/CBMimwFBVV95cUxOSHlrdEQxUlBYQUx5d0pucTZON1BQaURzVElwekRXQmRnY25mc05zNE9KZnJNc082ejlGS2xqUFVmVjRWb0hwRTJPcE94OGRoWThBZ2RYUzBUd1lNWlZtMktmaDNJaldSQ0R0LTZ5T25wVmpNTTd4WUQtNElnWktLQUVYS0E3R0NyTUx6ZmgtR0kzaHk5LUp4OU41Yw?oc=5,Chattanooga Times Free Press,2026-08-31,positive
The T,The Measles-Stricken Mother Who Lost Her Newborn Son - The Atlantic,https://news.google.com/rss/articles/CBMilgFBVV95cUxOT0NSNi1MeWtaRlVaaDZXUnhnNEl5UmpReTFjMjJiMjJjcGR5bU1QNnNJLWNuSHAwY1E4SkhicGx0c2tERWxWQS1VOHR5b0ZNYk5oYzg5Q28zbmw1UkRhWHRCOVJpYk8xaUZvRm9ERWJQRGtQUkROdnpoczc1OTJhX2k4NkhyemxKTUNnRkhUVFBJbnNDeUE?oc=5,The Atlantic,2026-08-31,negative
The T,Griz outlast T-Birds in Kennedy’s debut - University of Montana Athletics,https://news.google.com/rss/articles/CBMiiAFBVV95cUxQZURhTklTdWktMHhrV3lTNjk0SlhWVWFmYlFia0FITGtYVEJIcXZGSkVrNFAtRDdJQlEtcE1MRGlLQkRWaVNKZE5ZaTlYUl96NUpBT05aZ2xEZVV0ZzA2N053VkRaYmZPSU1la25vVzljdXh0cEhkTDFrZDRDak83dTRwelBHNm5z?oc=5,University of Montana Athletics,2026-08-31,neutral
The T,Week 1 College Football Predictions from the T Shoe Index - VSiN,https://news.google.com/rss/articles/CBMikgFBVV95cUxNTmppTDZJV2wwdWNxRVpmeUpLNzFld2lGcFF0N0VXV3hhS0lTdlNHMTRIYU10MUV3allaY0FIZ25SMlJreURubFNXT3VtQWpDVUhIM0liR01SRTFJWjRLTHFaaXNpMUJMRUdOVE9HOXZSU0hRajYzdTJYQWpLN2tRbi1hWVBaZTAtVndSVXk3SUdoQQ?oc=5,VSiN,2026-08-31,neutral
The T,"Dragon dancers, town and state officials at T Market grand opening - MetroWest Daily News",https://news.google.com/rss/articles/CBMizgFBVV95cUxNWTM2MzJUYy05VF9GanlzbTJyanBpQng4RUdjV2NRSXhqZ3B4bVAtMEh6SU91cEdVc2lVaC14YVhBdFd2cGtLeUNfajBVblZSLUJRR1lDT19SWjlyQ1c3aU9xbWhWN0hUdUVkTVNSbG1iTGdmcFU4UW0zM045UHYyNGo2UTZMQ3VIVFdEdGhTQ2ltSU9IS3JGS2hzRzJPYjJIUGI0Zy04bnl1WlMzM2hqOXNVME9ZWjBZMnFpUUEzUTJnazFCQ0ZSUlV3dkhQZw?oc=5,MetroWest Daily News,2026-08-31,positive
The T,An autographed T-1A launches from Vance – ending a training legacy - aetc.af.mil,https://news.google.com/rss/articles/CBMixAFBVV95cUxQeVlNRUt4U3FjendEcTd0THRvZm1uTTBQT19GRWUwWVpiN3laXzNSS2dpVzZUeVduc0p3RnUtNElTQlhxMks0cGdpeGtsMmZBemhWQ0gzTUdYRVlLbW9hVk52WVRONzRIVUo2d1JBLTZjUWV6Vm01XzZQdTRWVGl3V0g5TjQzck9uNW9EYUlHUUtWTV8zbGc2SVpEc2xSRFE4SnpobjluV1dTYVFqWVNraGRtNl9VQS00a1dnbmlXR0x6QXdk?oc=5,aetc.af.mil,2026-08-31,neutral
The T,Orangeburg neighbors: Obituaries for August 31 - The Times and Democrat,https://news.google.com/rss/articles/CBMijAFBVV95cUxQSHlIUk1WTXpoWG43T08yN0NGQXYtb0RaY3JNenBTOXpHUTQzLTAzbDh3SFFOSHd5aE5rbkJzRnZ2RjZhZDdRbm9uSG9ZZ1BJdEpoS1ZKakJTTWhfdjc5T2tXZHpCc0d3NHJNYUFRNUdmZ1dhQVVZdHFRT182YUg3WnRqdEM4V2lkLV9MRg?oc=5,The Times and Democrat,2026-08-31,neutral
The T,Debating Odell Beckham Jr.'s Impact on the New York Giants - The Times and Democrat,https://news.google.com/rss/articles/CBMioAFBVV95cUxORzZ1TDhfakgxTE5pZFJ0MFNUWWtvRlhsZjhaS2JmQzNxcm1ab09tUUlVZi1hdWVScWlKdjQ0Tjhka3dmVzJHU0ZlRndYTDYyeVR2LXYtODFFNWVoRTJkZVJZbi1FSm9QeFh5cEtMcG4tQms4RWo5Ti10bWllc01tUTV1dllrazFyN1hqZkVucmFnZUF0RS00aU9ydEtNckht?oc=5,The Times and Democrat,2026-08-31,neutral
The T,PREDICTING what happens with these NFL Plays | Guess The Play 2.0 - The Times and Democrat,https://news.google.com/rss/articles/CBMioAFBVV95cUxNdVNvODZnc1ZlcXFSbWVtYjZJOTU4dkpXa0JXZkNlRXliWDQyaTFmZDc4dmNPaG1mMmk2dTgtZFgxSXpDUUR2ZFR4WEN4YUcwMTBXdl81d3MxNmVKR0xBR1E4NXBvcXZGcG1EODlscDZ5d3FwTmpTT3QwaExBdkZfb1N4Y2JROWp3LTNhdnlKWHBHWGJleFIxc1dpbV82VnZG?oc=5,The Times and Democrat,2026-08-31,positive
The T,Third T-7A Red Hawk arrives at JBSA-Randolph to accelerate pilot training - jbsa.mil,https://news.google.com/rss/articles/CBMivgFBVV95cUxOYmprYUhmeUhBaE9Sb285YVFBc3pPbVh6Z0lwbHh6Zkt1N19vNER1ZUNCUmhPMGpJMlNGTGxJNnYyUy1kemhrZ3RFbDVHVlBndWFWWVpyWjE2NWhVSUJldUhIVXV2a3BOOWxpZVJSaTJWVWw0Vk9VUWZfOVdteUpIdU9nVXc0Q2pTLUtuNlotMms0dUxwcDZMUGZvVlRscGVGRFh5ZnM1SmdJLVRzN0Y0SkNUdzVZbktRUEZjYWR3?oc=5,jbsa.mil,2026-08-31,neutral
The T,Meet the Louisville artist behind ‘Can Opener’ t-shirts - The Louisville Cardinal,https://news.google.com/rss/articles/CBMingFBVV95cUxQNHR3Q3lZUGNkZUdFdUluY09mYlhxNUJFLWFzRFhRdmswb0QzdFMyTURNLTlGU2J1WHpDMHd6eFVISmFzZEdTRDdkM3V4TWxsQ3JCbXFtWWZpUU1POURRZDdFeHZ5RmxHLUdOSjZTMEVTbFB5cVdKbTJjbjB2dEJHZ1VVOTFmaHh2UVp6UHhHdkZuUkxFdGxJTXlmcGVFdw?oc=5,The Louisville Cardinal,2026-08-31,neutral
The T,"Romania sells 148 mln euro of 2029 T-notes, above target - SeeNews",https://news.google.com/rss/articles/CBMikgFBVV95cUxNd1RmVTJMUFphSGF6VmFHSWpBb1ZFMkhsazdpd1RlMXF6RHVFNlA1aGNZUDFWZ0VEaUhaZEFTeUpVRHhqTy1RSlJob0s4X0hvdVFhc3QyalVkT3JPTDJMWjhkaFpWX1Q0UjExNVI0MVl1VE1FTGx2QkFPZGY1NURyd2l5NERRUTlnUmUwSXcxb0l0UQ?oc=5,SeeNews,2026-08-31,neutral
The T,"T-Mobile closes 6 stores, cuts 77 jobs in Washington state - eciks.org",https://news.google.com/rss/articles/CBMidEFVX3lxTE05c2RhZ2pBbzVOVk5fVkkzel9rRVNqZHBPMDM3NDgtc1dWN1Z5MTZ0QVJBalRrVnpKRkpsMmRuT0ZzUWlaenZIVDZrOV95MTNncFFfbTMxdFEyZ1loYjF5cHZabFpLOWR2dHFEYk42MlR4R3NF?oc=5,eciks.org,2026-08-31,negative
The T,Jay Leno Hops into the Middle Seat of the GMA T.50 - The ClassicCars.com Journal,https://news.google.com/rss/articles/CBMimgFBVV95cUxQTE5fdl9IUmk0MmRYZFZCOVI1TW5iaWtPSFp5R1p4NnpxS29GbnZ0b1RJTnFDbEVpMElQY2RNSXZGbGZPV3ZubFIzZ1BmNHNMbnpVZjRPQ0JlenNtVG5KdllrdUt6YkZZSEFJTG43V0wzb0JXYlV4N1VVU2I2bG0zdy1odUNBTmluVHR3Y3BtMHJaSzBjOXBUZ1hR?oc=5,The ClassicCars.com Journal,2026-08-31,neutral
The T,"Bo’s First Alert 6 Forecast: Early spotty t-showers possible, heat & humidity stays a while - WOWT",https://news.google.com/rss/articles/CBMiuAFBVV95cUxQeVFXVnlINU94UnVJSTJ5LVd6LWhWeUpPOFRTbUFwc1U2dnFLWEh1WHRsMV9wcHctMldFZkJCM08wc05ydUViVGtJbmllRUs3cWZvODJwR2szd2xlYnZNNFBPdEJKRzJBeEhTQlVqTUQzOE93d0I1UDZfV0JKZTdGdEVwY2xjTW1uLS10MVJKN0h5MGwxbV9XblVJTE1VRXVBSjFfaFVpSFpXT3BmNW9xN3NvVThwY05R0gHMAUFVX3lxTE9xZjZBQVRBTVNKMTdycXo1T1hKOXRuNDMwamhwTmNSR28xQU1KekoxcDJGQ0FNanlqWU1GQjNMLWtKaUpsRENGQm1NWTRuQnk3VUJsT2hlTjkzLXVBMTN0Qm1Wc1J4QmR1dktmajZlckJWS1VUbFdfb08yci1feHMzTTF6b3ZvaVg5NjVqWkFiUzI3Q0o4b010MUNsQ3RtekFodlowbEc0b1o5SVJ6VVA4R0IyUU5wVzdtM2xrTTVBXzNTSEdkMG5RckR2Vw?oc=5,WOWT,2026-08-31,positive
The T,DESTINY-Breast05 Safety Analysis Clarifies ILD and Radiation Risks With T-DXd in HER2+ Breast Cancer - OncLive,https://news.google.com/rss/articles/CBMixwFBVV95cUxOU1BqdEtYSFp2QmZBWS1hck9GR1pVNHNud3VlZ09nVnFJemJRRWd4a3E2bHRKN0hEYlNrcUV2RUhyMlc2MWdZN2NWUEVTZUdnZXZycWk3ekJnSW9XWUdFcXk1OGJyUnkwZHVOdlVLdUl0SW90eko3aGxidUhkeDVIU084N0lSSEVlRGZHOVlPaV9GM3pyamVQMUVOclZFdnQ5TlZUR2VsanFPeWRhUXBjRkdHS0toRTB6c19oUkNNSEVBWHJfd3c4?oc=5,OncLive,2026-08-31,negative
The T,"'He Knocks Him Out,' Paulie Malignaggi’s Reason for Picking the 'Streamer' in Ryan Garcia vs Conor Benn - Fights Around The World",https://news.google.com/rss/articles/CBMivAFBVV95cUxNczd3bnFobWozRUZabmRKRXg3MENDVVlSRmRZQ3VQUTFLUWdLdmR5RUpSdzZjUW83SjU0RFczNWxpejRWYmt6ZUdCS3ljMTBNdXR6XzF0V04xNjZueUNacGs4TEJ0RkpfR3NST3VzbzQxUWh4amZvZ2ZOdEw5T3YwamRORU5MNlNpR19Nd1VIdlJJYjRmd3lYWUQ3UUxIUU5fcGtKRTMxN29sTzgzRVNWVnNGRUg4ZTliRzB0eA?oc=5,Fights Around The World,2026-08-31,negative
The T,"APD empowers with 6,000 race shirts for Gqeberha event - theherald.co.za",https://news.google.com/rss/articles/CBMinwFBVV95cUxQSW5KU0JPTmt3Yi1QMUMwXzV3MzVXQXRhLUliVFR0bUkzdy1ERzJEMkVmLVI0S1pvREo1bFRyUjNOZHR1cFFZQUt6YmFlcEl0bjI2cDVwaHJveDZrbEZ5Z3BuM2N5dlhzNFZYRGhFTm9EOFZWd213ODIzUl8xYXpDOUNSZFBXODNPa2FRcXpUZFhRQW9rRjFnOVRWV0gzV28?oc=5,theherald.co.za,2026-08-31,neutral
The T,'Most diverse collections.' T Market marks grand opening in Natick - MetroWest Daily News,https://news.google.com/rss/articles/CBMi1wFBVV95cUxPRTBTQWQ0WUFVYWJma1hTcDFXcTVHNWRCOUVQQkRLbEIya3FxR1d6eG15VmpLYUNBWGRJM25yczVublZQZnRuS1hUdUdNdHZLYlFaeXlNX2dLR1lCZzYxeXVROGNTYkFtRmVuQXFhMGo3TTA4OXRRaWtwRW5ETEZsR2gzRTRGa0RtYVFYeEJOUEFwaHZGWXpOeEhCQnpXbTBSaEI4REMzSnV0TXRQdnVVVFlPd1N6dnJBdHo5ZjZkM1hfS2FKQV9IeVd0d2ZmeG1VbUt4Y3JtQQ?oc=5,MetroWest Daily News,2026-08-31,positive
The T,Terminator 2 Returns to the Big Screen for a Must-See Fathom Event Review - FlickDirect,https://news.google.com/rss/articles/CBMihAFBVV95cUxNTl91RUJ4VUhiYWhKUkhqU3ozemxMemZkSWlRazliR0p0VHBZMkFkbEZsVzlnTU8xQU9MUmNyYWhPb2Y3NGNEZk85OVV2VW80b2s2Q21ZUFl6NXNGTF9wc0NKMGtaM1daU211b0FDdDVHU0ladlZyN3Y1QUJzOFFiaGRjLWs?oc=5,FlickDirect,2026-08-31,neutral
The T,Sandra Bullock Proves the T-Strap Fall Shoe Trend Works for Women in Their 60s - WWD,https://news.google.com/rss/articles/CBMilwFBVV95cUxObmp4a1BfY091RUxHZ3ZwY01oam92RlFhdXhrV1RtQUNzR0NZT2kwc1JZa2t0V3Z5UFBndENOcEtnWE5oU0ZRczdiTm5weFpfY1NaRHlsbjI1Yk9tdUhZVDJSMWFZTGU4dUgtV29uLU1HOFhRTWdaSjEtMkNWc29aWU1uRXlKcVc5TjJmR1lLd25GekZCZWZz?oc=5,WWD,2026-08-31,neutral
The T,These four aircraft could replace the RAF Hawk and become the Red Arrows’ next jet - Aerospace Global News,https://news.google.com/rss/articles/CBMif0FVX3lxTFBUOTYwYVJ1YzBPeGhPUW4wZUtmMWI0R0M1ZkJhSmoxMjdDZGh1QlJoOE9CUGE0cFBLR0NrdnhBOGtweEJUN3hjdDdTRWFjblQtWmZ3Q2JKOS1HeXFRT3YyQnJiY3RBcU5RZ1ZfRll6bXpiWFhqSXFyNjdwREpqblU?oc=5,Aerospace Global News,2026-08-31,neutral
The T,Mamdani Ends $200M Adams-Era Deal for T-Mobile Internet Service on Student Laptops - The City Reporter,https://news.google.com/rss/articles/CBMiwwFBVV95cUxQdEFTYVR1Z2k3dGhRUVJWWWFqYVdiaUZDZHB0M1dQZ1ZEcUFPZzl3QWJYMXNUemZGaDQ2ck42bTJLaHdUNkVWS3Q3aUhqd000alVHSFA3eFJ3bnJXVVVXQmJWRzRyZlhteUNaR0Nzd2FsN0xqbXNTRXlOQVFnd0pFRkFWek5vN2R6czBRdXNaTnZaX0Y4cVZ2c2R4R3hOZVN3UjVtMG9QTmw4T3FnVFFiUjNWNmNxNjFUYXdUY2hUY0w5UGM?oc=5,The City Reporter,2026-08-31,neutral
The T,A Copenhagen Hotel Overlooking One of the City’s Largest Gardens - The New York Times,https://news.google.com/rss/articles/CBMipwFBVV95cUxONzJaWVRwb1V0aVgzcEhoc2Q1UEh0UzJpMGJPdVFhZnZBd3puN0FVT05WeDl1Nzh1VWd5TGp2LWtudFM0anVpb183NG1Tdk9nVElCek5PWUlvYUpnV3B0NGdsVUxOcFA3dHVLNHFxZHNQUG4yenA1SHBTZGNVY0Y3WEdqQVlWbTlmbjZaSnZQNDRublh6cF9pNlQzVWl3eE03eGo3dUhDTQ?oc=5,The New York Times,2026-08-31,neutral
The T,Optimum signs new multi-year 5G connectivity agreement with T-Mobile - Telecompaper,https://news.google.com/rss/articles/CBMisAFBVV95cUxQX0lMNGExODhZUFM0WTNVd2RDV3VOb1QtTXB5YW1SVlREQndUTFhYbV9sQmJjMC1EbGVUcjlmQ3c3OTBiWGptdi1acGQyakI0aDBSZGZlVmloQ293N3M2VXVZQ1M1U3A2V2lWeFpDQy1Yd21QeFhnMEtacThHOW9GMjFwLUVGY3kwMkRiQ3FuRkJmdUhLZjhHaTZ1UGp2Vy0tVmVmNjFaVTRnU2FYNE5ucQ?oc=5,Telecompaper,2026-08-31,positive
The T,Taiwan’s parliament finally passes drone bill to back hedgehog strategy - The Strategist | ASPI's analysis and commentary site,https://news.google.com/rss/articles/CBMiqAFBVV95cUxPWWVxaUdXQ1JVYV9IR3BhYkpTamtyaDVPRDhsLVQwaEFheWNJRXhScEZJRDJnV0RQMHYwSDFPVDZOMkNibVhWRHh4OHZfQ0lKZWJtZTd5dl9ncTBwZ3hJN1ZfTGwzSmRQbXlVanVjUXBjZjlOTTgtQWE5cWxjRmJjLXlOY1BUWHZCZlYyOU5iT2FELWl0Rno4MEZTd0UxMlFhdmVMZG5tcEk?oc=5,The Strategist | ASPI's analysis and commentary site,2026-08-31,neutral
The T,Our 10 favorite scenes from T2: Judgment Day - Ars Technica,https://news.google.com/rss/articles/CBMijAFBVV95cUxPdTlOX1pWbENGYVJCTXBnOU5PejBZckk1OTdGWnRXLV9IRTFsTFIxSVpxVWdEWXpDazh1VGhJWXdfVVNpWDVJUnk2bWtPYlJJNDlzaTMyZ0dzQncwNXpxenYxWjROeGcyVzdpSnpwV3RyNTJZQ0RWT1NmZV9SbHFTNlNLOHZnQjh3NU9STA?oc=5,Ars Technica,2026-08-31,positive
The T,Knappa High School gets $5K award from T-Mobile - The Daily Astorian,https://news.google.com/rss/articles/CBMijAFBVV95cUxOUlF6ZGh1enc5UGFNT0RLWk9McW1EVnQ5RkZjZ0hzWmJNZjFvVlBLWHlEUGR2S05kbzFXNnRnQzRjUW1jVU5RZXlGSk1DdXNNeXJ0ZGNzTWUwZkI4YzJVV1BqN0pJODlwbElYel9KRDIwZWx5YzNjek40OENwZzJiMWRzdkU0RjlkVzVzQw?oc=5,The Daily Astorian,2026-08-31,positive
The T,Signing With The T Wolves Could Hurt Jonathan Kuminga's Future - Yahoo Sports,https://news.google.com/rss/articles/CBMif0FVX3lxTE1Qb08taEc5aE5aN0luY1RLb2ZBMWtESmtuaVJWOVBJNy1hNVI1enpBVWdjcGl6ZkM1cE5raW80ZUNrbVRydWRBdTVCTmUwVUc5cXYyT2xQSjBvS0pxUUxKczhrc1o0UkstcGFyUzRob2lmUzN4WVpPdG1PNk1GUzA?oc=5,Yahoo Sports,2026-08-31,negative
The T,BREAKING: Jonathan Kuminga to the T-Wolves - Audacy,https://news.google.com/rss/articles/CBMikwFBVV95cUxNbGhXSk8yLVo1UXEwX3lFVWNWT3dhNTRrNjlmamdmRVRISGIyZFpyb0hVMXNkRDNuaFhOZUJ4MlloWld5Nm11Q0dPV0p6RnprN3VEenVjdzBfd0ZGaHZfaUFBVjBlNzVxRVp4NXRXTk9sOXd4SS1zQXJJRWJBeFdGRGhfSU82SW8xZ0ltb2xOQXNnWlU?oc=5,Audacy,2026-08-31,neutral
The T,Terminator 2: Judgment Day Returns and Proves the Future Still Isn’t Set - Grow Omaha,https://news.google.com/rss/articles/CBMiVEFVX3lxTFBua0l3RW5mek55Z2ZJano2aGNVU0FTT1JXUWhYWUFwcWhieDJxbnR5Q3VSYjY0V1laZTZZS29hYkFWcVVZLUJzOG5ZXzYwdi05eHB1eg?oc=5,Grow Omaha,2026-08-31,neutral
The T,Nice and Warm Today then Very Humid this Weekend with T-Storms at times especially Saturday morning. - 5 EYEWITNESS NEWS,https://news.google.com/rss/articles/CBMi3AFBVV95cUxPdUJtYTRKdEMzZk5vZXkxUGYyblc1NDFZRFBhSmdocDREQVJmRkx5YzNlUmp6a3dsZGR4Y24zTmhVWDBETkE3bEh4d2k3US1LLWdIVUpSSUpGenFFd0trd2Z6RkwyXzFzNUdhZTVMeGFnUUpGcnpqNGZwdDRMclBtY0Z5eFliV0xRWGJnZFVmdU84NTRIUjRHdF90QjBYcTVpelQyS3NWd3NfdWxtNkRzZFVPRUpDUk9yajdLU2pvZGd4UXV6SGlfUWNnLUhFZ25lSTJvWTNzNkRzOWls?oc=5,5 EYEWITNESS NEWS,2026-08-31,positive
The T,"Look out, K-Beauty! T-Beauty is winning over Southeast Asian consumers now - Asia News Network",https://news.google.com/rss/articles/CBMinwFBVV95cUxNZ0VaNlRWbDI5bGZTOVJEc3pwUE82RHBIX2MtWHhEVmRHT3NhVWM2OFRTOEJWUjNVb1NDdlczNVlCVnRkS1piU1RlZkt4RlFXbklhUk5mWjd2OFJYOGppdXI3ZW9XT1doa1A3SXFtTVBzUzU3aHNGaDRkVDRxcmp4QUlSNHVoMGJLNXlGakVqTzNncW9tMTR0aHpBSW9EaVE?oc=5,Asia News Network,2026-08-31,positive
The T,8 Things Younger Generations Refuse To Pay For That Boomers & Gen X Consider Standard Monthly Bills - YourTango,https://news.google.com/rss/articles/CBMiowFBVV95cUxQVmlnVkVPdDhjVjg0bkxzYzZRME9pNHVyMG1TYXBuaG9YVUtHMkdDeEN2M3JiWXVWeWtZQlBkR1RjRks2ZjdtSzBOR0Q2ZDdCenNiVExUdlFoM0dmVS11RENzTkZhQ2ZHREtfMU5hWW1TYk9RQ2F4eWNRYzlENjg0R1liUk8wbXN2NXlSaWI5MGdqZGVJM0p0czk1NnM1NmNmX3ZB?oc=5,YourTango,2026-08-31,negative
The T,T-Mobile US (TMUS) Extends Satellite Service As Its Valuation Story Stays In Focus - Yahoo Finance,https://news.google.com/rss/articles/CBMikwFBVV95cUxPWVBXbjRienpiQTF3WEcteWpwSGlnNjdIMEM5bVpwUU10bU8ydGtValoyVTZlSDhtRHRXaE50M2VVQW5pTU4yQ21Wekl5b000anZDTUtZcXdmM1pPbVZaNGZIS1ZmTlIyMlRoZHRpN3gtYWczWTlMYWtvTFlEMWx6VnAybEdrcTRGZE1EUjhoNVJ3TGM?oc=5,Yahoo Finance,2026-08-31,neutral
The T,NASA’s Hunt To Replace Its Iconic T-38 Talon Jets Kicks Off - TWZ,https://news.google.com/rss/articles/CBMiigFBVV95cUxOaUVDcnBlbENwcHFnRm1hU1NFU3I1NW1xN3A3aVcwOEV6YjM1dXpqOWNXd0xhNzVQckRXbHdwdWs3YlAwVGd6VnM3VmJjOVZpUFhuZ2lJcXZLQW9paVJvMzVsSVpQTTJnRkRlc3NuM0liNldUWG5rSm9pYnVIZ3FRVGpUb0ZHMl9yb1E?oc=5,TWZ,2026-08-31,neutral
The T,The Most Power-Dense NA Road Car Engine Has Remained Undefeated For 6 Years - CarBuzz,https://news.google.com/rss/articles/CBMiigFBVV95cUxQc3VjYlFzNkFPUmNHWHB0cnBpeDl5LVo3ZHZYSGxXRzctTVZsaUw3bXZXWksyT3l1czF3bTIwMnFkTG5EaGRLaDlJQjZrbGxVTGJ0NjREdFpEU0hQM0VvQkNrVjJ3dGJfZ3k2UDhTLVZqZldFTTlXY0F3aEhSRkJyckRYQkF3RzRCRnc?oc=5,CarBuzz,2026-08-31,neutral
The T,Is an $88 White T-Shirt Worth It? We Tried 13 ‘Premium’ Tees. - New York Magazine,https://news.google.com/rss/articles/CBMiiAFBVV95cUxNZmlhSTVUR1VPdDlZZ2FFT1l2ZVN3d3VEa1FPeTE5bWpkSFVEUkJfX0Z1LWY2bDZnRTVHeUxTRzhDX05Ib09fVTZuLVVLZlFVbFcyRTVGLU9jN3IxTDItMG9OQ1NERFNBQzFxWkxtOTI0UnE3T21taXVMcFotZlNFMmgtYlJvMDFi?oc=5,New York Magazine,2026-08-31,neutral
Washington Metropolitan Area Transit Authority,Inside the team that responds to all the complaints about Metro - The Washington Post,https://news.google.com/rss/articles/CBMipwFBVV95cUxNZloxLW1YZk9aSUxiQjk3T05SM0ZDTFBmN1haSEdheGJoeXBiUDQzQS12NDYyN1c2eHBkb241VkpfdmY3M0VZN2lUVHl0Z2l0cjRwY3FMLWN2V3dsdm5KSldWa1kzQXBLV0kxa0FyQ1psSXI0a0NBRnF1VG5MZzU2cjltZnUySzZCNXBSV1pHOWFzQ3oyRjF6cUNLeFRjSzhHdy14OVkwTQ?oc=5,The Washington Post,2026-08-31,negative
Washington Metropolitan Area Transit Authority,"UPDATE: Washington Metropolitan Area Transit Authority Has Begun Bus Shelter Replacement Work at Shady Grove East Metrorail Station in Rockville - Montgomery County, MD (.gov)",https://news.google.com/rss/articles/CBMiiAFBVV95cUxNZHFsN2NwejhON21BZm44MURDdzBXa0ZrZENfUzhTY3NUNURzWHJTbFhYMV9nSy04T29aVlJmU2pvNkR5UHJSQlVKLUdMQjc1M2lPTXJzSFhleFFza2xKODdwYUpjVFNod3lKZVdEdGJCMnlkanFIRXlMX3hXcnlJUXEwWkdQbldW?oc=5,"Montgomery County, MD (.gov)",2026-08-31,neutral
Washington Metropolitan Area Transit Authority,MT 2026 40 Under 40 Davis Rajtik - Mass Transit,https://news.google.com/rss/articles/CBMiywFBVV95cUxPbGpBa3pha1JZZlZFMm9jUkM4aTFQaThIZjdQbml1UUxreWpQZnhqS3IwN0Mwd2RmR0UzR0tQQzhfSGdhcy1Pdi1jVTR6emdWa1pmcXU3anI4emQzUjYzWmVJaWJLRGR4dEgtLUNuQ2hSblRGb1B3ODM0RDg2cVZBb2swUW1UdGhxRDhJOUxFbWZEbTdzb2g3TzRhanJOdXhzVi1YYTltX1JYUnBWQTU4Nm8zYlZWMEE5ckRuOGJpMVdudEVFOEZOYzNaOA?oc=5,Mass Transit,2026-08-31,neutral
Washington Metropolitan Area Transit Authority,Metro union says new policy puts bus drivers at risk - FOX 5 DC,https://news.google.com/rss/articles/CBMigwFBVV95cUxPVEstQ1d1RWk3LVZ2WDB4Z1FGNE9PSnhHc0NSQnV4Wm10MGZYalNWM0pYSl9uQngzZ1lCd2x0LWN4cWQzRnpVVFkzVEdHNks5bmR3ZkduQ1dlbVdDM1BwcGxQSncwUlN2bk93aXhDYjBoaG1lcDJOZkJHZWl1cjdWNmw1SdIBiAFBVV95cUxPdVB0RG5oNTZqNTBTMDVLQW5UeWV6VDlWeGp3RlNtLXM2emtrcGhuMzZUTmxsNmxlcXozVU50MXRLdUY5cTVkMkJhT3ZzeTJGMEltSFkySnBzOUdORkN2dTR4Y0ViZnFWQUpTTHZrRGE2LUNfWXZUcllwUGJOX0ZhQ3ZTVUlIbFZC?oc=5,FOX 5 DC,2026-08-31,negative
Washington Metropolitan Area Transit Authority,Metro touts drop in crime across system - NBC4 Washington,https://news.google.com/rss/articles/CBMirgFBVV95cUxNZlFoeUtyX0p6b0RscmpvLUJ0blc0OWgwOVU5X2FsaVgwOWhKZC1MSFByZ0VJdUdhUWstd2RnT3ZSM3BtOTNDaV80VFF5aW9hMC10anl0ejU0cnRZTjUwUnhTQ2tkMjBRTnhRSUJiY01TM21yZVNGbGRveUJObEJrRE5pQjBUN3hDTnJJeU5TSWFZM2FXRXZzVmRNdTltWkNmQkpwbVNLQXU3MC1ocHfSAbYBQVVfeXFMT1R1YWRRRUliVXRObS1aenByeFFKTy10dkNXWFZ4RkMxWlhibjYxUkZ0UUlaSzFodTFJbkdNcDBJaW1WbmtEaDhWQjFiZTdxRUExSEZHaDUwWlVDaWlJTkVwUzN5ZG5ETWkxd3FFTjJlS1NteVhYNlpKemgxTTN3UU5IYjVmVElaUWhjbGJ2b1FGUXViVmxaX2dyS1hwdHBBdmV1blZiQUk4V1lHZjA3dVROYU5HaHc?oc=5,NBC4 Washington,2026-08-31,negative
Washington Metropolitan Area Transit Authority,Do Something #132: Transit Tuesday for RFK - Greater Greater Washington,https://news.google.com/rss/articles/CBMiW0FVX3lxTE4ycS00UGpBQ0swRXZhbnlfM0xNdUZSWURYSkxLZFpHX2hla0kwM2hnckRsNHdubkltX1hFYWpQcXRYMjhiMl9MOVBlc0Jyc3FSV1M3eEVBTXdnN3fSAUpBVV95cUxPZ19oSXNNYkZmN2dRUzMyOUF6UXF2RVdyTGIwMmRlMlhFLV85cms0S3liQ1NSUTJZR2p5Wjh5bTlBc0syTXNVRjZidw?oc=5,Greater Greater Washington,2026-08-31,positive
Washington Metropolitan Area Transit Authority,Why Trump's Strait of Hormuz blockade may affect DC public transportation - USA Today,https://news.google.com/rss/articles/CBMixAFBVV95cUxQUW5pcFBLN2VDY3lnb3kzblduUC15S1BzSnlFM0VzT3M5NkhoYWI3d2ZLODAwdUxvampvcGN5dXZsTWFhYkl3UVk5SjY5N0dyaktpb1ZUTkk2NGhxOEVmYWwtRlFBM1BjSnBlcFY2UnV2SDNZNl9wQmdZTDBQM01YclR5cjVDRG1LcGw4T01DSEIxeFhiVkVtOThpZXFVMjE5TFVBR0xRd1NxUVZTbXY1VG90enBNal9mblRHdWNUZmY5WHd6?oc=5,USA Today,2026-08-31,neutral
Washington Metropolitan Area Transit Authority,Washington Metropolitan Number of Employees 2026 | Employee Count & Headcount Data - Revelio Labs,https://news.google.com/rss/articles/CBMie0FVX3lxTE1zcWY4UjVmRWw0Z3dVQnZic1hGU01yc1ZwX2RBYXo4anM4NHFzNHJyd042RktlZEdfVzBRMlBySW5wbUVWLWpQREZqNlpzTHNwaWNaS1JWdE5nemFWcUVvclRLYWdJdkRwR1YzVUgtY0prd1RrZUlYXzJfUQ?oc=5,Revelio Labs,2026-08-31,neutral
Washington Metropolitan Area Transit Authority,Metrobus operators push back on fare announcement policy citing safety concerns - WUSA9,https://news.google.com/rss/articles/CBMikwJBVV95cUxNbHpidm1seVpqaU9MT0w1M0ZTSG52WDJRbWVxdlBkSWV6aU54ZVI5NU1rUWtwRm1PeUM4blRXQ2l2blJSTG5FbGJRTGxXV0NUemM5SDJVVWpkVUZ6bjRmM0loV3FiX3JaenJnQmFILWJIMW1QNnJlSVpYMGN6OVRZa0lWUlRXdkxHbW90RXJXbWxZbjVqWXZjdnNGVzRYd25YWmlQZUxhSmtKcnVOc0tzSXB2OG5uUzdoYVljVjNSN1NJczNRbExjRHdTVHAyaXRZbnFER2NxYmV4X3B6cVV2S1k0ekNkR1NKSGNKZzRfWm9EOThsVlZIUVc4Y2RXdW9od3UwRVpiZHNXTG9nTHgwdFZFYw?oc=5,WUSA9,2026-08-31,positive
Washington Metropolitan Area Transit Authority,How This McCourt Grad Helps Keep Metro Moving - McCourt School of Public Policy - Georgetown University,https://news.google.com/rss/articles/CBMijAFBVV95cUxQWWRnelVWWmE3aGtGY2IwWmpvZ2dQZGUzUjlSdjU5dHJnQXBxdWlfYWhlTnlUVjVQZURuWE9SM1RGUE9Hc0VwOXE3R29CM1ZFQkF2aVRfUGlQTDdFWUU5b2E3bkhWMnJadEFnUDZhcXBndldlOHQzLVF0bE01TDMxZEdDZjlxWVcySHNMNA?oc=5,McCourt School of Public Policy - Georgetown University,2026-08-31,positive
Washington Metropolitan Area Transit Authority,Dave J. Kubicek Named SFRTA Executive Director - aptapassengertransport.com,https://news.google.com/rss/articles/CBMiiAFBVV95cUxQd3gzenkxZUVBTFg2ZkpvVnZBN1hMWmVpeU9zWFFGQnpJa1ZUSUtTUmprVFVaM2NsS3dBbkJVaU9wTm1TNWx3ZGpzekVNNk9Ubi1FLWdjWGZMTk15cmM2OVFFT0FVd2JQSVpETnlDOXhRUUo3Y19kb2RnbGl3d0FjNE9TSVpSNDBp?oc=5,aptapassengertransport.com,2026-08-31,neutral
Washington Metropolitan Area Transit Authority,"Washington Spirit, Metro Agree to Partnership that Promotes Taking Transit to Games - Washington Spirit",https://news.google.com/rss/articles/CBMixwFBVV95cUxNcjNNSVNJNmY4aThrZm44WFQ0a0tJN3o4V3kyUDJfbEFTdXNnOTljRnYyd0xwMmVkR2V2bnNSLTRJcU5JY29Bb2ptZ0plWlNIcTBFek9xa2V0T29BazhmRjBDVnUwdlEwMVo5R2RJR0xUN0cySDh1dUkzWnBHRzlDMHVjX29iUWFoSUZJTEs2bUFqeU8zUFBPNVllRC1jTF9lc2o5b0ZvMUhpcGRnZkl3QXRtZmxvYk1xdWh4dzJDb2tQX2NLZVo4?oc=5,Washington Spirit,2026-08-31,positive
Washington Metropolitan Area Transit Authority,MARTA board announces three finalists for CEO position - SaportaReport,https://news.google.com/rss/articles/CBMisgFBVV95cUxQdnM1U3hrN0QwZFNEZXhqYzVGMFpNMXp1UGFGSjhVVVQxWTRnU3BfQXR1VUN6ZWhNVEZtM1dMcmE0QUFnWFI0bUMzSHZ4dktpQzctMXNBUl9tX1FrbThUeU1mSGZYOXJMRnJKU09kck9iRzFsVXhyT2t2QWRjUEZXMTFZSjljbFZ0ZzRvU1hnMnB4bzRELVFkLVplZWh2UGI4djhKYXU2UEc2dmRHc2NJWlBB?oc=5,SaportaReport,2026-08-31,neutral
Washington Metropolitan Area Transit Authority,"Data Helps Washington, D.C., Transit Fine-tune Its Service - GovTech",https://news.google.com/rss/articles/CBMimgFBVV95cUxNUU5LVnkzVW5XeUd3bFc3TnZiLTZHRFo2eGdhS0hhU3FPUUUyR1JLRkFYQmphX25aQWxKZlhLeHFubndiRWpDa3NaRFpwVzl4dGt2WHBjakF2SUpzQkE4b2dRUVdZV3JhdFh4N2Z6QUhOcVlWeU5IMXJEQ2liNzZweW5VSENRaXIyWG1nLVlXblNha1VWTUQ4SDhB?oc=5,GovTech,2026-08-31,positive
Washington Metropolitan Area Transit Authority,Record numbers rode D.C.-area Metro on July Fourth - The Washington Post,https://news.google.com/rss/articles/CBMingFBVV95cUxQZk1HSFRkLXYtUldXZ2FZNzdGRVlQSUJCejVBZ052eGU1WWNjbXY3YzNwbWNHeERsMnF0MDE1T0JOaEkyaUxFZEdQRFo5Z3Jfd1hXMGRiN2FBLWZqNVFBcTZzd1BWZlpQQlV1SHFUSmRqd05YSFhyTllsVTk2WjJ2MndsNC1wQ3Q3RUh0TkVmaGZtaGxGUXZFTlVmTVhlUQ?oc=5,The Washington Post,2026-08-31,neutral
Washington Metropolitan Area Transit Authority,WMATA pulls commemorative Freedom 250 Grand Prix Smart Trip cards after finding defect - WUSA9,https://news.google.com/rss/articles/CBMi2wFBVV95cUxON0RaaFBvWjk2dFJRUzBWSW1HY19EU1Z1NGxISnNOMzZiaEk1Qm0wN2ZrQmVjSHUyVXFxb0lsaHBzcjJWZzJFQ1JBNVo4TXhsRTZsZ0phQ21jaXZTRFJhVFlPQWxiVjFsQndxNXhWQnhIYlVuc3dDd1VuRTJEdmVvWkNCOU9ieDlMX1lMbTR6UTRkM3RubEthaHdfVmZ4Ykw3VXluZDh0Nk9TSThtZEtVNG1vbXAyZlZ2OXhaTENUSTFsc0RXSzV2aFZxZldhdmo5MnhDVjBSM3FjSVE?oc=5,WUSA9,2026-08-31,positive
Washington Metropolitan Area Transit Authority,"Washington Metropolitan Area Transit Authority Continues with Phase 2 of the Bus Shelter Replacement Work at Shady Grove East Metrorail Station in Rockville - Montgomery County, MD (.gov)",https://news.google.com/rss/articles/CBMiiAFBVV95cUxPUDlBcHZrb0FsUndCTi05NHp1S0wzbGo2SmZrRmJ2aFdiNktoWTd3YU1CR0h2SW9QcDZoWVBCYjhqU2F0LUVYZnhKekV2bENxdG9BcF9sSjlWVW9ibWkzbGJnSnd3WGEtaERNeWM2ZHRla3E0WmxuQnZET1RzNmFpY0NTdWVFXzhX?oc=5,"Montgomery County, MD (.gov)",2026-08-31,neutral
Washington Metropolitan Area Transit Authority,Opinion | What is undermining the recovery of D.C. transit - The Washington Post,https://news.google.com/rss/articles/CBMitAFBVV95cUxNbHQxNjA5bnk3Nm5nY3l4dE9URC01dFZUU0drOEd2REhWWTVUa044dmp6NkhSUl8xYk9EUVQ3VWFLNDRvYnlpUnlReUhKZG9lRngxWnFoQVlydVBqTWdpakc2dE5yZ0FpdmNVb3FOeTBzcHlTaUVFVDNaQ2N3azZGVmVRYTZ2T2F6UUtzaHROT1M3OEp6QUZIR2ZuakdYaWJYZkpRSzVNcHBjV0J1U01YcWFyMFo?oc=5,The Washington Post,2026-08-31,negative
Washington Metropolitan Area Transit Authority,11 injured after WMATA work vehicle hits Metro train - WUSA9,https://news.google.com/rss/articles/CBMi5gFBVV95cUxOMXhxMTZ0UDhieFFjaGhKUVVlMDRwZjQzWVZUZVhDd1JhQU1ibDk5WHFmSkdUNnQxNjBaQlhvNjQxaFNUVGlEZ1A5ZzRZZDZHZThNbEVUQW5QeUNqOUNFNkk0cGZERGtzdUtrR0dLYnM2Z09rSk91OU1seUU5Tm4xekNzRFN0WUs5ajBSOGhlN0hBdEJxdmNJa2loUWkyMU9GQVJZSVMwRUhsV1pKcFkxQkZtYzVzZzVDbWRsRXM1ZEc4c0h0Vmd2UGE2dC1QeFJINWotWjdQdHRObThIYkY0T21zSmRQQQ?oc=5,WUSA9,2026-08-31,negative
Washington Metropolitan Area Transit Authority,Metro says it's so hot that trains must go slower - WUSA9,https://news.google.com/rss/articles/CBMiywFBVV95cUxNVGJGb3lUNmFFSTJHNTk5NXloTGpFY3JxRHpyOFhxTG5oVEJLTWdiWWJpbUZBSnI0Q24wUnNyUVpmQXktX01oYWJiNzJHWTV2d0stcG56WlhNSGxzWVAwTHlrSFJHQmxqMGdNdHNjM1A1UEJRYTRiOU1WMTFpQ3h5Ti1hMUZnMlpRYXN4cDdWN1dJanhLWXlSdERNeGs0akdKOGluQ2w3SDV1WWlFMVBqUkJ3MTNQa1JMdXp1NjdjaG05Vnl3MlV2elV2VQ?oc=5,WUSA9,2026-08-31,neutral
Washington Metropolitan Area Transit Authority,"Red Line delays caused by water intrusion, WMATA says - WUSA9",https://news.google.com/rss/articles/CBMi2gFBVV95cUxOM3lpQlg2ZEg4akhNQVdaV2dBS2F6dXhWTWl6dERmQUdYOFNUNWdxS2doWnNnU01MTDdCMF8yNkdVREt0eksxVm9Qb1ZMYWpMX0VSVEh0TElrOHNwTnNuelNkVDFFQ3ZKaGlRLTZ4SzJkdV9fU2F2ZU1VOEpLOG10Nzlob0VZcGpfeVVPVGFCaC1kR0xENVFaRnlUVk9TZ01LeGdGaXFmcjhqMXpMUEZyR2tGb0tUTnJJZF92OENLSzZpbXJQRW04eVhnWFdMdS1rYmpxeXliT1Yydw?oc=5,WUSA9,2026-08-31,neutral
Washington Metropolitan Area Transit Authority,"Fearing violence, some Metro bus drivers are bucking order to announce fare - The Washington Post",https://news.google.com/rss/articles/CBMiwAFBVV95cUxPbk95X25fZUY1N3RCaFdldlJzYmU1RHJuVU54QzNwLVF0YkY1cWR5b3BDbF95SmNIaXpvcGdYNUZxMjBLakQ5bWhsX2kxWXpwVy1OLVVaMDJ0NU10ZUVjQzZlQWdtOVB5WWJKTFAwRzRwTFNKMnlMdGZYZkVLc2JyWmNjM01kSUFNLVMzVnRVVVBlSnhtOHY3ejl0ZW5zMlZGaGppM0NSb3Z3UG96UF9fXzdWM0VSdXlkWDgwSUh4dC0?oc=5,The Washington Post,2026-08-31,negative
Washington Metropolitan Area Transit Authority,"Metro’s original railcar is on display, orange carpet and all - The Washington Post",https://news.google.com/rss/articles/CBMiugFBVV95cUxNZTl5ZXZYRk9RZ2QxWXE2TGdEcXQzbkZhTVQ4bWNVSWcxWEVUb3lxYkVKeTVzaWZYZzVqeHJEQzdoM2RDMTRtc1VqNTJqdDc2NWwtTVV3eGV0elBUazRETm95S0NMUlpfdGlHaThVM1FIU3lSbG5FbWJEZlNCVENsUEZZLUdNMVFSbDd5bFhVTFZrcnQ4ZGltX1p0d1ktNlVVTlJoWDNxN1lsWkpycG9YeTJlanVOdHYyb2c?oc=5,The Washington Post,2026-08-31,positive
Washington Metropolitan Area Transit Authority,Metro cracking down on fare evasion after 70% of bus riders skip payment - WJLA,https://news.google.com/rss/articles/CBMiuAJBVV95cUxOWXRmd1FCNEI2UDRkZDJTWkRvbjZweWYtU2pNUFAydkdtVmNXb1ljbmxHZ1p4WUg1OElUTy01QTNKRHhNbWw1VVM5QTVvYlY2UlRrSHFpdF9GdVdVdGxpOHZGd19IUkl3RHFMdmphdUU1N0J5MXNiUTB3S2pvVEhDWUVrbGQ2SG9BVy11TXhRSDcwdVNnYUFlbnNLWHVXVHFETjRReWFNelotTVBrUncweDBrNm5HejBkZy1pUHVVeGw2aVhSOGtoX3N3TFhZSGVEcW82aTBkZHNXTWItamxNWUVMVHNiVzNMR3NNWXFvOFZpLS1WZFFkSFIyZ0NPRHdhX1l2YkYxcXo1VUYtdS1hdURoclpCdXNFT0drQnloSk5UWmNlNmRESkdFOW9sR25CaDdNU1QwZlE?oc=5,WJLA,2026-08-31,neutral
Washington Metropolitan Area Transit Authority,WMATA to vote on budget plan that includes Red Line automation - FOX 5 DC,https://news.google.com/rss/articles/CBMihgFBVV95cUxNUEVVMXZ0bENRSVdEamI3azh1U2dGRC04aWpWb0hhUWgzdG1EV1VVQ3BfTFowRE9feGhjX0FwZXpheF9vRlZHRzRWRy0wY1J0YThRSnNsMy1HcVdzLTVIYUtfRHlWQTZBMlBXaklDTlByaHlzOFdrN2otbjdfS293Ml9lOHNaQdIBiwFBVV95cUxNUktDZ3dIdFFmYk4yMDBYREl0UFJjem03YnRjWnlPRkhjNDY2YVh3dHhOdU80Z1V3OXNkZ3Jvb2Z3TXFqTEhJbFY5Y3FWVXc2TFdmU3JmVHd3c0NyUXJfN0I2bnFnOHVHT1R5OU12R1JheHlSVnZseENOaVdIeHczZEk2LTNyUUZFbXNv?oc=5,FOX 5 DC,2026-08-31,neutral
Washington Metropolitan Area Transit Authority,MARTA names 3 finalists in search for agency's next general manager and CEO - CBS News,https://news.google.com/rss/articles/CBMisgFBVV95cUxPNEI4bklYYk50a3VTbW4xS1hZZElfcWUwdHRnQmpkME5DbWtNbnViZ1pldldPejFWQ2MzODNmdTM3YW9mVzNDb0hQVUlLRFhieXg4Yjh3cWotVk5zVVVnWGNBb1BhY2I5b3lUX2V0RjZRTTRJcTV2TDgwd1llLW9BSDF1czAwQ0tfbjd5a21BT1B4TGpfX0pXekhQSUFWZ2hLT0hOY3Qxa083d01hNUtvSGZ3?oc=5,CBS News,2026-08-31,neutral
Washington Metropolitan Area Transit Authority,"Mayor Bowser Celebrates More Than a Decade of Delivering Free Rides to Students Across DC, Marks New Milestone of 450,000 Kids Ride Free Cards Distributed | mayormb - Executive Office of the Mayor (.gov)",https://news.google.com/rss/articles/CBMitgFBVV95cUxNc0R0TDAwWkJmdGFvZmgtR3dBeVp5UGVrcXdvYjV1Q2tteEtBUHlVaGtNS3BHSXpLQThTV3A4dl9XUmlRT0J3LXVPMU03N1lQNi1uVnR4YUxuTUlYcUJXTHc2V2ZRcTRmWGtGZXBDRGNoZmdnMm1GTlVsZmxnNGU4VFVidWx3SlVnbnNzYUZ4dG5YVDBObGFKMTQwVWU4RE1HSUxpVHZEaHRuaEFqbTYydnBGRnlPUQ?oc=5,Executive Office of the Mayor (.gov),2026-08-31,positive
Washington Metropolitan Area Transit Authority,"Rail News - WMATA's FY27 budget to support rail service, Red Line changes. For Railroad Career Professionals - Progressive Railroading",https://news.google.com/rss/articles/CBMiwwFBVV95cUxNM1NEeHVfUUZ2NkswWVJuN0xsOHVYcXJEUjliSTA3QzdlaS04eHVIbnU5X0YtdGtvWVVnQjRZYjF1d2ZEQklZNVVoQVl5d1k3MFlHbGNqRFVXckEtbDVyUS1iUVdjRm5BU3VEM2pmNE93dEhyUURWaUR5WnhOUnp5bWU4bVZwNUJWdnRDc3lHTjhNRVhmLW9lN3NDOUJhZUVOVWxNMThLMmNiZDNJR0o0NDF5QjdoZHRTVFVtYVM2ajF3VTA?oc=5,Progressive Railroading,2026-08-31,positive
Washington Metropolitan Area Transit Authority,"WMATA engages Indra Group for customer terminal, ticket vending machine upgrade - Mass Transit",https://news.google.com/rss/articles/CBMijwJBVV95cUxQaFJ1MjlFRTJWSEh1MUI3d1YyT0tVemp5c3ZsNV9oWlBMSHMzUDgwTUdRaVpaUS0xMlVHdm56V18taHd2MWFpbnBCUURaX0NOVkVlcXJSZ2xDSW1jdkhJcVdKNkdPdFdwVHA3NlpSOENhVFVJZzhvaVlGOW9nWmZFUFpDNHNIa1NwYzNIVllxTHZWLUg4WFJ4TFZEYVA4clB2SF9HXzZyQ0ZrZ0RBN2ZQV1BXSHRYbF94RjJJVXBPMjVOVDY4TkZGRjhCekgxcWtEM0l2cnVpdm9WOTZhQ0laX2NSVy1LeHN2MTBsd24za0Y4UmdZcTZ6MkUzU1dMdlAyT0xRanpsSkR4bW11WDNF?oc=5,Mass Transit,2026-08-31,positive
Washington Metropolitan Area Transit Authority,WMATA Introduces Priority Seating Reminder Pilot for Metro Riders - Metro Magazine,https://news.google.com/rss/articles/CBMiowFBVV95cUxQX0JyQkZuQ3VtQ1lHN29WRm5OOTJobGR0c2J0dlk3a0JzLVZ4TXNTMlZJXzQ1N09OU0NVWW41M3VyVFBTN0xvN1k0ZkI3QU5DMkpMZWp4Y2FZUFhCQVMwcG1JaFVIYUJJLVVlR3dOclZhbXNqT2dXVEwzVmQ5dTFoMWVXTVZUTHk1SDZTNjd1TnJjV2pDV1FpUVFkenVlcWVPUkc4?oc=5,Metro Magazine,2026-08-31,neutral
Washington Metropolitan Area Transit Authority,WMATA Proposes Revised FY2027 Budget as System Marks 50 Years of Service - Metro Magazine,https://news.google.com/rss/articles/CBMirAFBVV95cUxPTHlJazhuenZ6czNRTTE5WUdVd3M1Y05nREV3S2hrOXFWdVp0eTlraldhcExqXzJVU2ZZTG5Rck5sMGl6dTR2RHRRZWgyc0drYkViMzNoTUxxZXJLWVllT0g3UVRGaGExZzJtMzA0dlhsYUZVYzdQS1hnakJOUnRsOFNsQlFMemttZ2stX3hSb0lHU2Z2RjJRalE0cHY0cVVYRjd2dDhUc01ybUNO?oc=5,Metro Magazine,2026-08-31,neutral
Washington Metropolitan Area Transit Authority,How Metro is preparing for this weekend's winter storm - NBC4 Washington,https://news.google.com/rss/articles/CBMipgFBVV95cUxON0VrZVFsdTZxUzNtMnl5NDk5UWZnNDRZaGpqYU5iWTlhd1dHQ0FhMGRUYWhMM09GS3RUOFowWmdQUlVtaTRTOV9ydkV0MF9zNEpJNW12WkdJMTNLb21KNmQzMGZYWU9qVUt2ODdGRW5Ia3RDNXlnZXJCdTVNYTEybEIwU1ZCWldhdTNLaHZiYmdGa21ZaWdxa3ZwODFwdlhVa0x5TXRB0gGuAUFVX3lxTE9pRmJOTjRUbGZ5X0FicF9laVhwVEJGSTNncTQ4RlhueDdEYWZZcGVNa0h5LXVObnNBSTlmRmNjNWd0UVdrMnJEalo4YjhDb2ZRMkJBQjBEU18yVWxOOXhpRHdEdFRVS2Rnc0g1Sk8xS0xuRmM3aXhYWGExWktVb1lmaVBPZVhmQW9qYm41ZEFwQS1JODJHWXFmQ0ZwX2xKUlFfZWVIck1jZFpLX0UxUQ?oc=5,NBC4 Washington,2026-08-31,neutral
Washington Metropolitan Area Transit Authority,WMATA fare enforcement policy raises safety concerns among bus drivers’ union - WUSA9,https://news.google.com/rss/articles/CBMimwJBVV95cUxQWUhBYjR3SVIxOUlaVFNOLWhJV0RYX0c3aFlocUpNSzFCbUxrZWM0MnZGcGpVck1CTHViRmI3QUFWNXYtWHZ0ajZnZ3dXODhhRDdWdlBwMkhEMDQxdVVCUjIxT1ZHV2xtcmkwWDBCd0FWMUtHRmd4VHdsSklVWEYtV2dOLUVfd09CWl9uWnV6cG1yRzNfaTJvV2pWSlRtQXUydXdlV2FxR2g4MVJ5LW53czAyMHF1bWkxRDZyTDUxS3ROanNDTW9XaVlSMlQ1MjFQNXF1cW9pX1VraTd2R1N0dWU0VXhTOHhGWXAzbG1DTERBb0RDcmlRNGhMV1RIZ0NVN1kyQ1lHV216b2daRk12TGpHNmNtSkZId3Zz?oc=5,WUSA9,2026-08-31,positive
Washington Metropolitan Area Transit Authority,"Months after ending the DC Streetcar, leaders are considering a new transit line along H Street to get fans to RFK Stadium - WUSA9",https://news.google.com/rss/articles/CBMiwgFBVV95cUxNRE1HTTAxUzZRNTdDQzhBMUNHdWdnZUczZjZkeHBvMktlVFdHWkZvSW5QU2xwX1lkN3BmenNUQ3JyY0xYbDJ1Wk8zdnhSOVpxLWNuNEUxb0ktTG9HTk1Bckd1eXdXTEtMVGRvcWd5TzVVbXBleFVvYjEzN182QTlNOGZnYm5tcFN4MkpSQ2kxQ3MyUHRrMDloV0IxOTNSZ0JxMGdXUVRJbEVrd2FQS0stWUwtZWpMcmpQXzBmMHFQYTlyQQ?oc=5,WUSA9,2026-08-31,neutral
Washington Metropolitan Area Transit Authority,"Red Line trains to single-track between Dupont Circle, Van Ness THIS weekend - WJLA",https://news.google.com/rss/articles/CBMipgFBVV95cUxQTDFWQ1BvbEs2SGJnY0wzMTRpN0Rhb2FKc3VJbk0wbmt5elp6VzI3Zk9tYXJaSlhGWlVMUXhfaHN2OTU5SGpzZUNkRVpoTkM4UWpNWXRLaFpyWFNZWUJwYmRYUHdTSC1ybTBGNmNEai1aMGlfS2FoellUWDIzMndEMGRuNndCd01VeVFvWW1mVmV2b2syVHJGMXR6VHVqcHl3alluYkdR?oc=5,WJLA,2026-08-31,neutral
Washington Metropolitan Area Transit Authority,Metro to stay open late Sunday for White House UFC fight - WUSA9,https://news.google.com/rss/articles/CBMihwJBVV95cUxPS2tOVUh1eEw2VmJNc1pYd0xrRlZLN3pmTnY4b3Q1NnAwUXNLWFEzTWp5TVRVN1pwaVU1OXRyZWdZdzlULUlQT2pBNllLeHA2RTVpX3ByVmhpdnQtZXhoRXhTRWliZlVXeGNGRGExVnNMa1ZBX1hFbnRNbzI0eFNCVHlLUXFpSVJ5aXhDTjQyR1I0VG45c0tFb3J2cU5la2p0eWJaRGNMZHBaV3dEX2RJaFlsSkFPSm1Hbnp5VjYxQ01xT0wtNUFhRGhfMGxDN0hhTDlQU2ZIc1dfekgtcDIxLUNJQVNWNThac0xVb3BKQkl6dkktRXNhN3pHQXFQRVJtVnVsYXVQcw?oc=5,WUSA9,2026-08-31,negative
Washington Metropolitan Area Transit Authority,DC Metrorail to move ahead with plan for full automation of Red Line - trains.com,https://news.google.com/rss/articles/CBMivAFBVV95cUxPNVRoVzJFcmxyYi1XU2pZaTJqVmFMY0Fad1ZuUzhYbUVYRFgyY0FUWmpsVkVoMHEyaTRLdXl3SHNpZ2kycnFiNHk3OU0xem1nWVBWZXBjODg0RVh0ay1rYVU4bjRiNENzXzRXWTJoVzdDai1pZzJuSHJhdklrank1eUNzeGQzZTJKLUh4b0hYTlNZLVhIaVR1NUxDOHFLOEFzczZqcFQyaFpEVDNxTGdRc0phSUNmSWhuZUUzbA?oc=5,trains.com,2026-08-31,neutral
Washington Metropolitan Area Transit Authority,"Metro’s Blue Line, Silver Line partially shut down this weekend - WUSA9",https://news.google.com/rss/articles/CBMiwwFBVV95cUxQSXJubVVXemJITEQzTWlqWWFJdVRCV09xRFhtQWlJOTRibUw3cm90c3ExRjE3cWY2alVwQTdjWjhrSW9nTklyanY5ckJ5bEk1am9jcUlGb2RobUtVd2M3RXB1LWlQanZLaHRpODdpMFFPM3JQNFR5a3JQYThhX1hCUksyTHZKT3pVSHllNHNudnllTGJSenozcG1JQ1FvLVJJZ2NjamtFME9qSEF3OEFDOU1ZbXNpT012YVRnMEY4ZlpCNzA?oc=5,WUSA9,2026-08-31,neutral
Washington Metropolitan Area Transit Authority,Cherry blossom-themed Smart Trip cards on sale at 7 Metrorail stations - Washington Times,https://news.google.com/rss/articles/CBMitAFBVV95cUxPQmVSQmlJZHpUOFV0ZHd0Vk1FNXZtckluaUM5Vy1yUkZmYW9ZSHJYQk5KZnFzUkNaSlVVZi1JTnByYThMSHNoRkd5LXNtRGFhVEVSclF0eXRRb2hkLXU3SUVtZmZiQXcxaV9IRV9UUm5EWE11VmZHMk9BSTNCbDVMbFFwbVl6Z1lEQ3NBQ0VTUzRKRjZpNmpfZDBSdjdUOHFEMjQ1bnk5ejZSa1pBaDUwXzdudEQ?oc=5,Washington Times,2026-08-31,positive
Washington Metropolitan Area Transit Authority,"WMATA Delivers $120M in Savings, Record Ridership in FY2025 - Metro Magazine",https://news.google.com/rss/articles/CBMimAFBVV95cUxNNTJLUVp3b1ByRkI5XzdMdDY1QlhxQnFuVXZvSXFIOEp6UVpiY1VGeWMwTmdUTGx4TTFFQ21EWllGVFVqZmZreUJjTXp0emJCdHdYdHMtT09mWnp4c2xBNzlnUlhrdy1vckZvalp5SFA0RG55d3NBdjk5S202a0ZBQU1tTGYyMEwyYVAzd01mYXV2Uk00aVFNMA?oc=5,Metro Magazine,2026-08-31,neutral
Washington Metropolitan Area Transit Authority,WMATA releases list of major disruptions to Metro lines in 2027 - WUSA9,https://news.google.com/rss/articles/CBMixwFBVV95cUxOUEdtemJkdlhkeU1vbTJkRm05VWdRZWpCZ1ZDTmZKamZDRTFFV09DZXRvNFVfbG13dXljeDRvWk43bVdSY0lPRE5CelE5ak40NzN4RmNxSXFqOEhqNkF0eXd5YTFhSnVvcFYtVml1Z0xtUExJZmlkbFk3UW1xOGtMNHJ0UUk3UWxaM0s3SEkwV3c4Y25ETGh1eGstSDJNUzRjWVVSbVg3WndScmc4U0xTUHduTzhZNEVpVkpUT2lIamRCbkNFNmxv?oc=5,WUSA9,2026-08-31,negative
Washington Metropolitan Area Transit Authority,Metro Red Line trains return to normal after day of delays - WUSA9,https://news.google.com/rss/articles/CBMiywFBVV95cUxPeUc0dEV1T2FBM3NGTFRfbUlUZDFuWW43aUNNdTR6alRQNHN6MmQ0QWUxWF90Rkc2bEh3bHV4NnlpdHRFbVVzenpEZ0VHcTlOV1VMLW11MFdmVUNEdnpidTRCZkI1eG5EdmlhUzJkZUxjU2RDOW43OFZ2a1pYcVV5OG1RZmt2U1JmdEtZS0lSeXgweEVXOWNwY21OX0tGVW1fNUFiakRlZ3BmTHpJX0o5Uk5iOGhWc0RYeGNKelZKcURqSE9ibFNBR0NNOA?oc=5,WUSA9,2026-08-31,neutral
Washington Metropolitan Area Transit Authority,Why is PETA suing DC Metro General Manager Randy Clarke? - WUSA9,https://news.google.com/rss/articles/CBMiyAFBVV95cUxORFl2UW8xT0xBaGs2ZlNlNE13Z3hqRmdtZzdFdFhOeXhZREN1dkh0WlRCZE9yczUzNm1nRTVYTXJMTGh3SmRwNmd5blBNRF80VnZqOFh0aDdwbVpjYUk3cnBJcVo0UE5UTHNGRHI1ZXdwdUZ3blZScFBZZTZmQ2hoSWkwMWh0S004ZXdxdXJBQlZwY0U2eTIwR002RkVucjZ0WkFnZ3hpUWZFaFNRYUs5QW9yZ2toNFUwNk5TQUNaODRhcFN5X182cw?oc=5,WUSA9,2026-08-31,negative
Washington Metropolitan Area Transit Authority,Red Line Shutdown: What commuters need to know for Summer 2026 - WUSA9,https://news.google.com/rss/articles/CBMi4wFBVV95cUxQemlCdzR3bFpiZzl4NmdNaDBEVTdDYUdYNjNEeFYwcFNPQk1Meko1Q0FPT19BSmlMZXl2M0lia2I2dHBMOURvQ3BBTGoyU3RNWHBzMWlJZGZXdEFnMHBTZks5UXlRTVBaRHF4cUZXa1Q3NUxNRlJqd040a09fM29vOTBJRG1CX0IySld6RTdackVST05tZVdZcjFJYldUU1d0MHhpdl80d1hoSnV2RjF0WURsQ2VncWt5ZFBBY0ZWeTV0Q0xRRkF3bFhkenZkbVZURS1fVlhlb2NObmZReF9mcFNLTQ?oc=5,WUSA9,2026-08-31,neutral
Washington Metropolitan Area Transit Authority,Indra Group to Equip the Entire Washington D.C. Subway Network With an Advanced Customer Terminal System - GlobeNewswire,https://news.google.com/rss/articles/CBMihgJBVV95cUxQWVZEUENKYzJ2N3NRMmdkVUI2OEY1dFo2VVhTUDBGWldYX1lEQWZxdnV6YkpfZkdNRW9IQTRxRE1QLUxEbDlxelh3bXl1TGhpZzFqbjJOUkJ6TjlZMnFYXzhxSUp1V2xZQl9vRWJndGNyVEthOWxZck96Qzk5SXYxZUVYSklROXF0aDZzRF9mNXROejZjbUEtQ1lDSnRXaHAxNm1uR0JSS3JLam5RWFJZbEVJUVYwbDRtbFdITGJ5c3NNb2p1WlU1V0p2WnpjLVZKTGNWOFBaN0p5cXVrelFKTVVIY0U1Y1UzSDdSelY3ZWFNMF9kd2xXVHFQdWlFTmFQRjJjZDhn?oc=5,GlobeNewswire,2026-08-31,positive
Washington Metropolitan Area Transit Authority,"A work vehicle hits a stopped Washington Metro train, leaving 11 people with minor injuries - The Washington Post",https://news.google.com/rss/articles/CBMiywFBVV95cUxPWU1xUnF0Yjl0cXJtMlZzeGF6WWFMX2loZ3VtcUpGVjl1Y3E2ZlMyMGxEOVVtdEhmbHV2M3dFV3ZBM1ZucEhDNnV4TlIxTEpVS3FQSzF2TUtpbEVwOHNiUm54cXd0MW9uOG1aajd3SU5LdXRxeDJMRENmdHBqb1Y5bERpZEZSbkdUS2xOWS1SR21aTWFRWDhTd1BtWGlzWlNCczhLQ3dERjhPZnNRb1hQb0lrdE55MGJVQmNnTTNvb1dNNTJPX0x6Zy1MQQ?oc=5,The Washington Post,2026-08-31,negative
Washington Metropolitan Area Transit Authority,Crowell & Moring Relocates D.C. Office to Newly Redeveloped Space In Penn Quarter - Crowell & Moring LLP,https://news.google.com/rss/articles/CBMixgFBVV95cUxNLTI1bzVOQlFlSk84YnJZR0JTVlVrY2ZZUnFUZU9OTmh5M0dScnRZTWFQbUwzeWVmX1AxNmJmaWdOZS1WTUl5N0hBT1Bnd0E2bEM5cy0wYnB0RmtwS1Atc09lcGFNN1ZYRk9IdXliS19xdjFaZm1RN1ZnOWR0am9pUEs2M0h6Z25Sem52VGtaTWFDMEJybmthRDcxaEtyVGxCX3VLeWtKSjRvUEVnS3dFcGU1MnRyeWNRUjY4WGFhOFIwLTdtd1E?oc=5,Crowell & Moring LLP,2026-08-31,neutral
Washington Metropolitan Area Transit Authority,Metro proposes more frequent bus service on Alexandria-area route as part of revised fiscal year 2027 budget - The Alexandria Brief,https://news.google.com/rss/articles/CBMi2AFBVV95cUxPcGJWSGN0MWl6OFJGblNnUkxJWXFlNUxUUTAtQXJPZ25qQkNSZ3hqamw4MU13MjBLTlVReUdsODVWTklVbzA3X0VjT2NUemN2Q1AtdnpVLXpLLU81bDZRUF84RHVzWHdyclJFX1h0d2lLUVZiaWl0dHg3OEttZWRsTmp3WkNpZjZubzZHLXZVNnNqeUhLTFFSNEFGMnAzTU1uSU5IS19Nc0hyVlVnSXNxdkM1cVdIdllXOEJNR21yZ3ZUa05ObFViV0tpODQxTFN1amRrYTgydkE?oc=5,The Alexandria Brief,2026-08-31,neutral
Washington Metropolitan Area Transit Authority,"WMATA Marking Metro Rail’s Gold Anniversary, America’s Semiquincentennial - Railway Age",https://news.google.com/rss/articles/CBMixAFBVV95cUxPLWU4Qkhqck4yNlpZOUh4Tkk0SlpZM0ZPdnB3VUpJMXdMY2xSVnR6T3p4ckNXR05tWXZSS25zYzdhbnpYLVhRbWJZQjFMMFhiUjNFdVJIQ2R6dktZMjdLQnNxVkNUVy0zZk5pM29zQTBrbnJMa2VtUTQxZUg3LUg5VjQ2R1NaOHo3Q3NwdGVpRFNuQmVIRml4MEhBOHdvYmlxWjc2U2xnaFZoN21mWXh6Qk1iZFNUd0R6bXZzS0RBR2VGOWRf?oc=5,Railway Age,2026-08-31,neutral
Washington Metropolitan Area Transit Authority,"WMATA Adopts FY2027 Budget, Boosts Service Without Raising Fares - Metro Magazine",https://news.google.com/rss/articles/CBMioAFBVV95cUxNUFNIcWpXUkFzaGRBOEFMa0J5dXlVRHFfQUx3QzdINVRkOGpnQnA5aWVHWFVQMWNwdXpuWUt4dTV3OVBJb3FYajlySGtCWWw4SWZDTzN3aC1TeWY2d0JOSENEMXQwUm1abC1aMXhnZXBCdkx6RzN6emJ3M0R3MDU3NnBsLVg5U01aTjdoZ0ZSSG5mRy10QVFacV8wcW1rcTNH?oc=5,Metro Magazine,2026-08-31,positive
