company,title,url,source,date,sentiment
Boston T,"More parking, fewer bike lanes: City of Boston, T release new Blue Hill Avenue redesign - The Boston Globe",https://news.google.com/rss/articles/CBMiiwFBVV95cUxPN1BYSk1RTWxPY3pRVnlST213MGhCZ3hudEl2dGh3WlAyN1hsMXg0SmVueUYzOEN6MEJRUEljTV8xcFAyUDVDLTBYMGphQkJ5dldYNUN6NGRhR09UZC1WOGdkdGthcEl0eVNYQmk5NlZRbFVXQzNXSUxpVVlraGFjU1FlazZmeEFhSk9v?oc=5,The Boston Globe,2026-09-17,neutral
Boston T,"PREVIEW: Blue Jackets get right back at it, hosting Bruins - nhl.com",https://news.google.com/rss/articles/CBMimgFBVV95cUxQYS1CM0pZTjBNMHJKYkt3UE81WUpmZHdyLWZrOTBkQ2M4Vmg2cmlJeVhsVlRmb2diZGNheDd2TWhMLUlFYVlRY3JfeTJIbWpZbHQwdGt6dVZ3T3BjMWV3WDdacTdFS2YtVXM0bXFjX3dlWjRRV2ZoQkEtM3hNWUVldXp6alFpN1N5R3ZaQ0c4VklxN3JLSkdiQ1Jn?oc=5,nhl.com,2026-09-17,neutral
Boston T,Harvard Houses as T Stops - The Harvard Crimson,https://news.google.com/rss/articles/CBMifkFVX3lxTE5hczZCX2dFNFdwWllEYV9ma1lneFdUVVdfZmlxOXFDSjdRdWtZb3FhYWhaUzRmVjNQa0Jvb2VpLWpsWTB1TXZWQ0E5UFNvcUExODZRNFVjRjl4TE9tUWZWRHN2RG9naWxsUUt4NTF0R1hnV3NUdGFSMkQ5UTljQQ?oc=5,The Harvard Crimson,2026-09-17,negative
Boston T,Congress Budgeted Billions for Big Transit Projects. Trump Isn’t Spending It. - nytimes.com,https://news.google.com/rss/articles/CBMieEFVX3lxTE5STTQ2LWlvSlRoNWhSSFRTYVpvUWstb1ZfUVdWZXp5Vi0zNVRJbHlZM0I4SDJBYkdmNXdzNXh5NDVUWFVOTHBuMkIxeGhIbXNIX0oyUktUZVN6aDFFUFBlLWZCTU5lZzc5THgxN3doRXVHeVZmMTN0SA?oc=5,nytimes.com,2026-09-17,neutral
Boston T,Sail Boston continues: Meet the tall ships crowds were eager to board on Day 2 - NBC Boston,https://news.google.com/rss/articles/CBMigAFBVV95cUxORXpwbVBMSjlZR0NJYmEtVWNPRXpTckxDLXB1V1c3U1dzbm5GMzgyWWJXSldOd19tSmtsNDNHNjhQUW1HUE5VN1lIU2ZTdFhESEdZaEt4RGcxYnN4cmVZeUpnZUxyaUU5YlFVbjM4NE5BZENWV1BpSEZDZUxKcFV4TdIBiAFBVV95cUxNd0x5UDd5QUxJcnMteHVnRHBfNDNBelRHSklvSlBuVWhxdlNZbURzM2JEbFotREJtbTZSbWlrODU4TTBySGp2WXZNT2RXeThxaUV1YjJORTEyVWNuaWNaZ3hLcXJuZThQUVdKSHk1SVo0azlrWnFaMmx0LUdoMk5ubXVEWlN3TnB4?oc=5,NBC Boston,2026-09-17,positive
Boston T,LOC Boston T-03300-03379u - HistoryNet,https://news.google.com/rss/articles/CBMitgFBVV95cUxPTHd2WWtIVUhDQTYtc1l3NnZqRE5LQkNheEJON2drckVRSUo0R1hkSnVWODVBblVnWk1ZVEh6Ql9mSk5mQzI3XzhYRk0xX1dTTm9FRFpaOTdsMlIxazNSay13MGxEUHZwZHdWTUVWQlFLR05ndVBKdVN2bGVLaExaSXRjRVl2aE1sU25KbGtuZU5lMXd0TmVfNHBLdUJ1c3Q1WXFwZGV0N2lxbTJDemZzWTJXWWRGdw?oc=5,HistoryNet,2026-09-17,neutral
Boston T,Tartan Army toast Scotland’s World Cup return: ‘It’s a once-in-a-lifetime opportunity’ - theguardian.com,https://news.google.com/rss/articles/CBMioAFBVV95cUxNdTRNckRqeFZOeTBsYTE5UUpQZEEyVkU1YnprRldadVhpc1BPckZqc0gzNUtHRGVJSjZIYkZEcEQ4N1VPQVB1NjZtcTR6Y18tempYb005YlRNbUQ5akRTSmpxS0pucmVDdmxqNHhaYWtnQjAxM3VjZ0xHWnp1Y0xfSF9sbVV2T0hZM1JLLVltVFdvZ0lacS1mS0VMUTM1TzRf?oc=5,theguardian.com,2026-09-17,positive
Boston T,Three MBTA bus routes to remain free through end of year - The Boston Globe,https://news.google.com/rss/articles/CBMikwFBVV95cUxQdklPRFYzXzJMQ2VpaVBmZjkzUGljQ0RmMjVXRHA4ZWM4Skc0XzBybDFDZjdZZ0lHZXZfeDFLeWZlUnFKRC11UGN5cDg0MjlsNXljVkdBUDJUNm5jVUJOeWlQYU5nTmdCUktQeGhNc0RBWkZlS0EzemxMMGtGalBTeG5oM3g1amNILWhUTEtsaG5wS00?oc=5,The Boston Globe,2026-09-17,positive
Boston T,Unlicensed Corvette C8 Driver Blames ‘Wrong Turn’ After Getting Stuck On Train Tracks - Carscoops,https://news.google.com/rss/articles/CBMiugFBVV95cUxPN2Zid1hwelczdnNsQkdGLWhwNTNHeEpPUjM3TTRneTRMeFlhVTRaY3VFVnhMS0c0bnBEeld0LVZqOTFpWTZqSTBoY3B5UndmUkVxVTNWdXR4cTkzWjl2M0xrcjZpVF9GTVlFcDhKLUVOMWh3bVRKRGxxZk5yVkNVVjNCMEJFYmhfeU9wTnlSVy1oM3R5ZzNTVmlWNHNsem1RcGdyNHFRUlRIWExCYjlXTHM0a1JEaEFkc3c?oc=5,Carscoops,2026-09-17,negative
Boston T,Scotland fans optimistic as they arrive in Boston for World Cup - London Evening Standard,https://news.google.com/rss/articles/CBMiggFBVV95cUxQMFU2dmhLSm53MDJsc2RUMU42SWNiWU1KTng2X3hGa2hWRDFUYTk4UXlua3RLRUpUUjZZeE8tbzNRaVhscGlXOXVrakJrZFk5REFRRXJLYk1CeVNGVnZPY0UtR05DbzJsZzFlUkl1eVVObDhHeGFRT0o4djNYTmplRHln?oc=5,London Evening Standard,2026-09-17,positive
Boston T,"Here's why the T is so slow, according to a new report | Radio Boston - WBUR",https://news.google.com/rss/articles/CBMihAFBVV95cUxNaEhPT2Q1NUNtczlpeFFwRFJMd3A4WjI4dWhmdnBBX3NLWWZrR21UMG0wcEVENEZDWnhERGNwZS1ubzFjaDNRU0w3aFdCMXN0RTJuMlZqbUZxd3h1T3ZoVkdXVGl4RU1rd1JXVEVzeEJTaVhYTm15YjNOc2I2NEpyVE0xRms?oc=5,WBUR,2026-09-17,neutral
Boston T,July 4 In Boston: T Is Free After 9:30 p.m. - patch.com,https://news.google.com/rss/articles/CBMif0FVX3lxTFBMTjZ2X0dGMXNmMDZ4RDB3bEgwNm1NR1FhVnYzTGJkTzBRVmZFeDVLZkIyaEU2cFhiUUpUWFJfZlpzTTZJS0otUk43aVB0WlZfbnJWeFFQZlJJNUNwWHczb1Qxc3hPZ2MyaFpPaHJuTThQcHhQUlFKMjFrM1QwOGs?oc=5,patch.com,2026-09-17,positive
Boston T,'No Kings' protest takes over Boston Common - MassLive.com,https://news.google.com/rss/articles/CBMib0FVX3lxTE1uOE9BLUxYYldoQnRodE5UVDl6dWwySnBxMjFNajNHQWh2ZFZNRzN0ckxScEViYWhSdW1VV1lhd1h3WldPNUVmNkR4enQ0QjRlVzlod2lobHFVRHRKUVAwT1VHUk1Talo2ZmRlNnR1QQ?oc=5,MassLive.com,2026-09-17,negative
Boston T,"For T riders, the shutdown fatigue is real - WGBH",https://news.google.com/rss/articles/CBMijAFBVV95cUxPX3c0d2tHUDFMdm1sT21kdnY3SUhULUctQ3BhWXpoZWhqZC13eGR0ZUNxWnZMQkZfNUdidmE1YzhCc0Z4Um4zU1VWbVJKakc0M2FudXlJcldkV0JraGd1a1NseG45MnpoWmtGZWdDSERZak51SXhNRUR1R2VYeWtlczhMNVdjWTcteW1XUQ?oc=5,WGBH,2026-09-17,negative
Boston T,Getting Around Boston: Guide to Public Transportation - TripSavvy,https://news.google.com/rss/articles/CBMijwFBVV95cUxQY2g5NjdMWEd5RWJfQ2p5R2V0WnVWQWROU0piUFZrVVpJenJLLV9INFdEc0RFd3pLbWtpRmtJUGw4WkMtQklRUGVnelZYZkg1LUIyVXZWMU1xQ0RQYng2ZU5CTG5LVFNHWDQ3SGZMV2tSR3pJSjM3Wnd0UEFrQlhNVzhGQWtLU3d5bUl2UVgxZw?oc=5,TripSavvy,2026-09-17,neutral
Boston T,MBTA forecasts warn of big budget deficits in coming years - The Boston Globe,https://news.google.com/rss/articles/CBMiiAFBVV95cUxONmtWRzQwcU93dENMdm5YVHhfYlNWMFdUMk80Qlg0YnplbzdUM3lyTnBRYlZBck91T3B3Ti1lclV2WS1JMDFFTmMwdzZfZFdpQXNKc2xfdkZ6NElHR0h5QVROaW0ycUZ3WGV5dmRmSWhyTWN6VlhzOXJlTGtLMXB4OC1SdFRieDdQ?oc=5,The Boston Globe,2026-09-17,negative
Boston T,"How Boston T riders, drivers and bikers get around the city - WBUR",https://news.google.com/rss/articles/CBMinAFBVV95cUxPLUFLa0pEQlpnUFBiRTBrSUN6cC1jb3Iwc2NwMDlQd2pYZXQ4dHhwdXlkVUVwNzRsZ0R1Vnh3MHlKLUV2NEJUY1Jack9GVWZRbkJVWEpFeS0wMHJVZlFtc0pVUmNMZFFTZXpTd1dfdzQzRHFjSWdEcU1aUnFaYk1UOWdTZkFnT0xSRDNtb2ZReG5pRzNhMkhyU2Z0MVY?oc=5,WBUR,2026-09-17,neutral
Boston T,"In Boston, All Aboard Googly-Eyed Trains (Published 2024) - nytimes.com",https://news.google.com/rss/articles/CBMieEFVX3lxTE43XzlFV1dLcnhTYWxNSGJLTXZVWURHbDdpRHo4SWI3X0FiMEVZMElyZ0QzQVdoMU1WOTh5aU1GNklObmVnbXFPcXExcXpRLW9BRm10UWh1S3dtUjBDNDlVZUdmT1p2QTFtY2hQZUZUcjVtUHZ5Q0lRag?oc=5,nytimes.com,2026-09-17,neutral
Boston T,Poll: Residents say MBTA is unsafe and service isn't great either - WBUR,https://news.google.com/rss/articles/CBMieEFVX3lxTFBKM2ZpbTNEczEzOFB6QmtfbDVlaHowWGlkSDNsU3BhWGJkT3pQOWp5cG5fTDJtMHlWcWtTdVdEX0Z4dXNwd3BiNHJ5MzdMQ2pNR2piWWFCV0J2UVdjeWZrS0V0UUdVYVRvU0Nham1OVE0wb19HQmJ0aw?oc=5,WBUR,2026-09-17,negative
Boston T,Ty Gibbs is having fun as a new NASCAR Cup winner while trying to maintain his low profile - The Boston Globe,https://news.google.com/rss/articles/CBMiigFBVV95cUxOdWRSdVNtUlZZcnU0SGlHUjJVdzljR1dnSUVsckVBeUU5Qm9pV3QxMTJfblQtYmxWdGJ4b2Nta2RlWHktajM3Z0dNMzA1LV93RkRHbUxtMDFrNGtIbFlFM0hYRG5TSEctTUNaNHRXTnJfV1hrZlNJOHIzNkNLdDQtSFNuaTNISXU4MGc?oc=5,The Boston Globe,2026-09-17,positive
Boston T,How to Park on the Mass Pike and Take the T Into Boston - TripSavvy,https://news.google.com/rss/articles/CBMib0FVX3lxTE5SVVRXSjJBTXBTTEhEb3ZKZG10N0tPSEtBY3ZWSmlTUUkzMURfelRJaVhhdnUtUzZzVnVQT0t4TU4tbnhjMGI2QnBkRnd2QWt6VVVOR0lwWkxsTFZIT3lRMzhieTR0SjlaeExadVd5cw?oc=5,TripSavvy,2026-09-17,neutral
Boston T,"I spent 4 years in the US, but now I live in the UK. Here are 6 reasons I have no regrets leaving. - Business Insider",https://news.google.com/rss/articles/CBMihAFBVV95cUxNazNoUWVOOWZva05UT3ZKNUdubGhaTzZWRVh2dXZXakE4bW1nZU5SeUFBdFpjblVpMGthbVVZa1pSUUZXS2F1UXM4bnFFRWdfWHZjdjJFNFpfREFsQkRsWEpoOUxyV25iQ255eEx1N0ZXLUN2OWdxaXByWjgzeFNSR0xJcUM?oc=5,Business Insider,2026-09-17,positive
Boston T,MBTA Green Line service at Union Square reopens ahead of schedule with all slow zones lifted - WBUR,https://news.google.com/rss/articles/CBMiigFBVV95cUxPUE9mSFFEeTRFcV9ZWHdoV3pUZ3kwOU9UVnRCYjMtYS03SEhVbi1UT2FrSTI2V1VpMTc5TGNPWF9JVmthM2ozRTJadDRzdHIzdk5YSXFrTWxNTXd5dmlpT0lxSDZjNjFiU3doVTV0czZvRS0tLWkwRHFxMF8wZHhIOXphYTNXQmY1M3c?oc=5,WBUR,2026-09-17,neutral
Boston T,T Riders Can Soon Tap to Pay for Bus and Subway Fares in Boston - PaymentsJournal,https://news.google.com/rss/articles/CBMinAFBVV95cUxQM0ZESDRXZXV6ZzlDZldKMnFIT2ZoOURIOVBld0dtN1QyWWt5VktndHpDcExTU0dLTGgyZkZ0VkNjMUY0dE5xQ3FOemFkaEpqei1IT0pUS2M3MVdqREJ4d0JiSUhjNkJJcDBtWmkxbzZ6OHpGYjFjekFmbmpkbHFRN2p5c2QxX0V5SER2WlNqX1VIVUVER3k3UFQtU1fSAaIBQVVfeXFMUE9ScEF0dEtPbjR5TFNEU0F4YmdPVU1zaExJemRtNUNiSmFCVnZkdmRXa1JYQUR2RHA4M1g2QXZGdmJRcXVLN25yZTNLWnN1UzRKMTM3N0RpcnFYTjVJc2FhcW9lMjBwdkhOUDlEbGlGRmRyQVFiTjhaLWxFSHFpMlU4U18xTU5HcmFTbUdkckRSNGU1eEhGbzItMzRMYmhlNW5B?oc=5,PaymentsJournal,2026-09-17,negative
Boston T,Why Boston's Transit System Is the Best... but Still the Worst - Thrillist,https://news.google.com/rss/articles/CBMiiwFBVV95cUxQZEhsZ3Ezc1ZIVG40TFJseDhHWkVWN2dKWW5MVzhCUHFCN2VCcllrdUZmRkZ0clpheExaYWhRSTRIbUN0bUFnSnpQd05YNXhsaUk4TDA3VW12SnoxeUNTbnNkTVBpTWRxRHZUazJ1blU3RjRkOGxJZUJ1QzFqamEyWHBXWGxDSjFIQW5n?oc=5,Thrillist,2026-09-17,negative
Boston T,"MBTA board’s $3.24 billion budget for daily operations relies heavily on state funding, and on state lawmakers - The Boston Globe",https://news.google.com/rss/articles/CBMigAFBVV95cUxOWEJqRmdxbWllTUJJU2E5bVVaUWZNTExoYXhEdFR4aWJYbTljOG5saUJ6N203a1RWemZzamhFVE5oQUtQTFp2ekdkOFR6VE9MVGU2MThNb1UzUko0M19oenRJQUdYVTJwLUpFekxubkFVOXV3SUN0M1NwWDd1RkE3cA?oc=5,The Boston Globe,2026-09-17,neutral
Boston T,MBTA announces extension of late-night service from Boston to Providence - Brown Daily Herald,https://news.google.com/rss/articles/CBMivgFBVV95cUxOTTk0ekNGcVlKOVl3cVFuSzlveFlJUnlYQXpKdm52SGxLN2ZWOXFTd1VvNVlXb2J3cjJhQ0NLNGxoUk1QME92ZDlfWVdtWVhuYlZmWE54NEV3X2t6NHVRMlR1TjBhRTI2TTg3b0dWXzFJUUdHMmJPRlRHUy1zSFlQUm9zbnJjajUwNkNvQ2h6X01JN2RPa0xORVNkZm5HbmdoSlNDZXNuajJBVFJRdnNZeEk5eElBMmpMSU1NRkNR?oc=5,Brown Daily Herald,2026-09-17,neutral
Boston T,Quality Comes with a Fare - city-journal.org,https://news.google.com/rss/articles/CBMib0FVX3lxTE1mNWxFT3ZmZVFvcF9XYXdIeFVuX1Z5aEJGMmo1eUotNmdtTk5yNjJsQmFOeFBEV2VvY09sSlVOdzR5OTVEektnMXVicjJ6aV85ZURiVzhmODRpaFY5MDVZdjFKblMwOWYxZDZ3NGRSNA?oc=5,city-journal.org,2026-09-17,neutral
Boston T,Riding the T During a Heat Wave Was Awful. CTA Will Also Need to Cope With Climate Change - Streetsblog Chicago,https://news.google.com/rss/articles/CBMixgFBVV95cUxQVGFQckZ2X1hucXVYbk0zR1JGQTBXQlh3MklLV2V6UEwtLWNEM2diWEhOT1FaR0xIOHNVd196VHN4M3JLcGRPSGpKMHFlQ0ZCSTJncDA3ODNGOGhLaGhsX3dZeDJpaGtxYy10MV9TX0VNeHRtX0JzcDBXWXZMU2pHVk5iNDFyZ1FhMFIzQzJidm44aXIwSGR3RlZEMlZMdzFUZXJ1WlpxS3ljZGFRdHR2bDFlM2s4QzFvbk5xdkFzcHhqWWJka2c?oc=5,Streetsblog Chicago,2026-09-17,negative
Boston T,"6 teens, 1 adult beat a 13-year-old at Boston T station in January, DA says - MassLive.com",https://news.google.com/rss/articles/CBMitwFBVV95cUxQbHZlcmhFazZHWVg4QTliVmZHXzcxS2w2a2oyN3A1OTZMZ24xMEk1ODlJX0QtZ1R6RmFJYWpFN0I0N0Y1Z0dvb2g0Qm1POXFDWnM3Z2RLQkNibTN3ZmtZRmVaN3lHTGhSdkRqdU1hcVJZVnVlWl9nbUtKQk96Z3FONnpvb2hlYWd0VThMUnRrVXJ2bHlHQzQ2Ry1HVHBsb2k2eW9hS1p4MVowTVVIQWNwTmdLcmk4RmfSAcsBQVVfeXFMTTdSUVl4UnVteU1sT3J5cEY5bjFnbjFtTkhtU09SRUVUSWdLbEw1Z3dyd1ozU3pDUlFCR3lEeTc3dDljMXVMVFdNOHJ3R1RtSVBaU3RTeWlUZGZ2X3lXcXFYVjRTMjYzbzc4eUQ4NjdaMEtjT0Jubk5KeFB5VmRvYW5CbzhidTY0MlBDUC1FRzNzbzFIcTJXQV93UUQ3aU55bnh1TTE5QmFIMzJNOGU2cDNIWXJzTjVuNWFEOGlReDhZOWpRaWhUbFkzdkE?oc=5,MassLive.com,2026-09-17,neutral
Boston T,"Changemaker: Catherine Gaggioli, Books on the T co-founder - thescopeboston.org",https://news.google.com/rss/articles/CBMiqgFBVV95cUxQakNVVWxJZUhlNnY0a19GaFIyVlczV3dPLWdwVDFMZ3B0WWVRUjFnb0sxTUtiell5cVR5WHdGQ3RveDZUbkNXNnZsT0VwVEt4QjdCMDRldmJGWVExdTFhZFYwclp6R0RkTW5hS1pEU3JZc0ZFYXpNdUxSMnB3NXB6RmxoVmtRQUI3cmdXQmhLLXJSV1FKczBnODl6TVA5R2wzRl9IdFFDWklYQQ?oc=5,thescopeboston.org,2026-09-17,neutral
Boston T,"For the first time in decades, trains on the MBTA subway system hit 50 mph - WBUR",https://news.google.com/rss/articles/CBMiggFBVV95cUxQQ1BNZkJ1V3FNUUlEOTZTeDFvejdDazlaUFpKUEg1RmxEbjEyajJvU0JYLU95T1ZyMXBtS3R1VnVXY0JhOEdFNVg2cUZiUzNzOGFmM0hLSlctalpQYTk2akgzRGxGbS16by1vc2VOQ2JiakNzY3dYOUxfQ3ZvV2ZlemV3?oc=5,WBUR,2026-09-17,neutral
Boston T,Gortat Propels Suns to Win at Boston “T” Party - NBA.com,https://news.google.com/rss/articles/CBMiX0FVX3lxTE9XOWNvMGxFdnBiMHpNa21ZYVdzcThQSGlpek8yWG1OV1JFYXhCRFlORUhjVk1fd3FQeWtsTUdGc3Z4SGsyeExKYTVXUTllanl3T1R4N2R5Wi1fNXFucU1v?oc=5,NBA.com,2026-09-17,positive
Boston T,Harvard's Corinne Wee shows support with Row for Boston T-shirts - Harvard Magazine,https://news.google.com/rss/articles/CBMiaEFVX3lxTE85aF9nell2Y3BFTjVmVVViZjFlWllWWVhCakt2RU94bk9vQm02c096MGxxcHZPdmNVVE9VcWRmdEp4cEJ0SEFPSUJTNEFUNE9SV29WZjcwSGMzbzd6QlFzWnpScEJEbVBU?oc=5,Harvard Magazine,2026-09-17,positive
Boston T,"Study: Boston’s T system faces severe flood threat, and soon - Boston.com",https://news.google.com/rss/articles/CBMiswFBVV95cUxNQWZjanczaWQweUUyNTZKalFLNU81ZXdmeVRmLW02dV9nT1pZVGpjZ01SOWFPbmdwY29MbW1vOU5ZbzdiT1hYY1ozYmFVWkFuempNTnlHMkFZbERtTTZDeklhRnU5WHA2a2xsZDdtdmRDU0VHaTdYSFBVbmp3SklVTE4tWjZlMENpczloQlE0S05XMkhPT1hxbWE2c1ctWVM1LThvNDZNaWJIQ1AtRVFuZVh2SQ?oc=5,Boston.com,2026-09-17,negative
Boston T,Report: Rents Drop Near 105 Boston T Stops - patch.com,https://news.google.com/rss/articles/CBMihwFBVV95cUxPOEpPSHRfSjdFM1BOcW5NZWN3YzVITVg0SzFFTGlkaVczOGp3QjB5RTR5QzBLck1rX1Jmb19nYk8yT3ZsNnhzX29iR2F4dm5CUFpLSWJvSjdDT0FiUXVRaVJDUnNHZVBBU2UzWnVSQjdhV3RJVnlKT2dEejhLM0piZHFKcFlONmM?oc=5,patch.com,2026-09-17,negative
Boston T,Ben Affleck Rocks Beverly-Brewed 'Believe In Boston' Shirt With J-Lo - patch.com,https://news.google.com/rss/articles/CBMinwFBVV95cUxPa0NkSGlXXzhJQThLNlRGRWYtc2FIdndWcXdYQ1Rac2FJZTNVYnN3MEp3U0FHSlRuR2EwZ1ZHTmI1Y1dwTDU2bUtvbXJiUTlUNTV3LUJNR2hpclNzZm1aRkpVNHZkblUtcHFPQ2FHNGhHaU13M2hNcklKNDZRaTF6cXo2N25jTVJuODBBbklhbkw0aWVtYThXMVJmdGpiNUU?oc=5,patch.com,2026-09-17,neutral
Boston T,"Every T Line in Boston, Ranked From Worst to Most Acceptable (but Still Pretty Bad) - Thrillist",https://news.google.com/rss/articles/CBMinwFBVV95cUxQNHBkTzh0bzd3eGZOWXZ6RkFrOUJUMFFJR3ZqV2dFRG95X25tSEpMdWJnVTFjN1RQaldkZGN6TUxtR0kxV3BwZllGTW5CZjN2UmkySDFieUVxeTRFdXQ4UGxPeUlRSkFab1dXV2FBUnR1WEJKRnhQcHJkeUhEZnVpYlZoRXBMTmVLT1lTY3g5NkloSDM3blBTT0RyaFVUbkU?oc=5,Thrillist,2026-09-17,negative
Boston T,Plan Released for South Station Rail and Bus Terminal Expansion in Boston - Planetizen,https://news.google.com/rss/articles/CBMipwFBVV95cUxNc2NrUjVzTUd5dWJyd3o3SnNnZjR4WHNpWDBZOU1TTnlGR1FRWndVbUhNeXJJVXZ0WjBKUXhVZlN6V0RUak1MMFM5ekhYZTlGaDV5c052MGlmUHlvRFJiU2J6bC03ZTlpSlhTai1TdElNUUtBbzZySHRtSUhadG1udWhILURpNGEzc2h0RVpNWHRHa3dqOXBITlZxVVI4VktpanlGRERJRQ?oc=5,Planetizen,2026-09-17,neutral
Boston T,"‘West Roxberry,’ ‘Mission Hills,’ ‘Southy?’ Target T-shirts miss the mark - The Boston Globe",https://news.google.com/rss/articles/CBMi3AFBVV95cUxObFlLVHFRV1lnQzVDQWRPR183LXh4bDFrWWFwa2ZKenpRa0tZU2QtbDdmWDk3cGFZQXdnbER4R0xtRzk4M2c1bmhBU0tZTklUOFJsLWpUV1A3ZWJSX0RVUXNlZlk3b29rMEM5NnlnczdmM0VJbzVlY2dVOXV2NWFUNVZrbC1zUG1vRFpEZl9KLUNXMkkxNGNjSW1MNWZiVXZpdU1PTjg0NmNWb09seFcwZGx0VTNVQ0VqMDN6Y2FDc0UzbmFicm1RY1FrRVo3SjNkWUc4R1JFTndsaXds?oc=5,The Boston Globe,2026-09-17,negative
Boston T,Study suggests MBTA float ferry service expansion - Boston Herald,https://news.google.com/rss/articles/CBMilAFBVV95cUxQMjNWQnNJYWpFdXVOTDV6S0FKUm5tbnZmcU96LXdiSEJMa1I4N2hnWDJZU2xwa0VpQklXUnBzeFkxdlBsa2U3eEx1YllYUW9lUlJCQW9YSUU3c1R4WlVUd3VNQWZIVGtEOUJ6N2Y4WUhBMHI2Y0VRV2N1cGJJekQwN1Q2LWg4UnVvaWVaQnJzbTY5Ml9K?oc=5,Boston Herald,2026-09-17,neutral
Boston T,"Suspects, 14 & 18, charged with murder in shooting of Canton T-Mobile employee - CBS News",https://news.google.com/rss/articles/CBMiwgFBVV95cUxNODE2S29yTjA1akFYWXcxYzVuOG5hUV9zZ2xsUzdzSnQ0RG9jVlFqbnVQWDVEbXEzWi1LUC1VMC14RlVUSkd3SXRfZndrY25hRlpyQnVJNENIcW5sV2tPaWpiekxKTzdYMnJlR1lvU01VbmtkNFV0c3FLUUhpUlRSOW9Yc2dhb210dHRQdUp0UjBoc2tnOGtjdk9HTEQtdWU1UWlHWF94RFdzcklKY3lGV1pnZ1liclhTSGdEWXRWUFZ5QdIBxwFBVV95cUxQcURXd0N3WkhDb2xnT3dlaVpIMWNpVzkwejJ4ZkEtSUt3QWZrZjRYdGZIakVRYU9mM3N1enVMMjhGVWl1LWdKUklZZnc5YjVydzNmV243VUJJMWhUbmlvcEU4bFhvcmUyS2xYNFA3eFlxMlk0SkJmR2p5ekM0RHdZM2lHRDlILVFWR0JlYUJpOW1DMVB4S3lnbVB2QXFpMS1HRGVEV21MbmY0X3pzMm1uWGx1RTJjNmVVdzlSVlo0azhDeW5la0Fz?oc=5,CBS News,2026-09-17,negative
Boston T,Live next to an MBTA subway station? This map shows how your rent compares to others who live along the T - MassLive.com,https://news.google.com/rss/articles/CBMi4AFBVV95cUxQR2loLWs2MGxadG15SFl6Znk2bDZaUkNMU2VaNEFsdTZ1c29DSmVyTVRpSXZzc0c4M2lmdlRNd2ZWaFQ1MkxkWEkyRVpuMFEwaUQxZHZiUWlmSjdTMjFMaU1aaUl3dExNZzk3czdJcm9fTjlVT3dURVdOSV9ZSlVrbDhweFgweVFJU0JtREhteURGUkp2RjBIclNSSkEyX2dmb2pRbTdnSlhYUmw2bkU0MTZkcTFtQkIzSzRhLUE3LXIyYk1iVzF5QlFNWmt1T0l1U1Q1WnZuYVdjUnEwbFJXQdIB9AFBVV95cUxQVlhKY3BhTmhKMnEwTkNIRGFfMllSWFEyM0ZHMjl4Y3dtY0dCMGowUGpMT1pDSGtxaDhvMmQ5ejJsMXZBYlpyR1RPY0pxWVhsRGx5TGhmMENlOVZNSTFkZk1nbEUyeDBuRTFEd0NheG9PdlBndmJqUDkyR1dZa1pCMVNlRko4S3FUdVV1RWthb1NoMThkcWFNNXFWdV9qS2ZRLUtuZFpwOFJWOG5Vcko0aGFzZVdsMzZ3ckFLdnBZWmRmRWFZQVItWFR4UHg1SEhwX2czR1A5NUQyWVlPNm80Nm5RY18wYndlZURadTBuSnhyTnYy?oc=5,MassLive.com,2026-09-17,neutral
Boston T,Boston subway study finds no plague or anthrax — but plenty of other lifeforms - The Washington Post,https://news.google.com/rss/articles/CBMi2gFBVV95cUxQQ3NvelJ1bkdnNk1RLTg5VG9BUFNuYmROSkFEYUhfd1E0RlB6a3JsNzRvOTJ5Y1U5cnBDemJOWUNkNlJkTDNzR1lxQkFNVWdtQldKdFAyckxwT1J3OU0xYkQzcC04dHl6bGNCYnRtVThtMWpDVW1zMWZ4bzJtLU1QUlllWmlVcHk5d3dFVGpxV0s5dk5QWXBvZHRrMDlCb2VNSmVfMTBnNG5OSG9hZl9XZUYwZ2VRVmVCMUduVGZHMlRsb2xWaGdYdlVZTHA4NENGR1d0elhuSGktQQ?oc=5,The Washington Post,2026-09-17,negative
Boston T,20 Things You Need to Know Before Moving to Boston - SpareFoot,https://news.google.com/rss/articles/CBMiiAFBVV95cUxPejlnR2VDUjcxc01rbDkwQW5tX28xZ1VLcTl2MmlFRXltcGQ0aEpPYzBySlhId1p1NGxBN1FOZi1fUkZIRFUwc0NKSjUwZnYwQzhQUDN4cmtzX0FNV19LbVhMZms2cEVqODIwck16WV9kcjh3M3lzc3VidUdpNDdwbTVsMVJuNGMw?oc=5,SpareFoot,2026-09-17,neutral
Boston T,necn Investigates: Free ‘Free Brady' T-Shirt Trouble - NBC Boston,https://news.google.com/rss/articles/CBMimAFBVV95cUxPMnRrRlBLZ1NSUWdtLUVDQVFZNVA0bXozSVBqNHIxeFhLRzZ0bHNFdUNXSnYxUG10anpYeDF4Nm1IeFE2RGtBNWpIcXN3bEhoM21qQmFVamlQR3A1bnREQWNnRXpYYUNLcnFjMEN6cFNLazRMMV9VUUN2TXBZYVZkNzNwREsxWDZfWUJ0MDZ3SW1iYThEVGdBRtIBoAFBVV95cUxQYU1sR25LTlNHUWR5S0dIVm1oa1dBM3RMNnFaQTdoLWVrWFd4V2RlMHNZTWU5TzhGbzB0RGxXUmQ2RUhuZGx4aEJGZjk4ZE1mN1pySnhhbkZQdzVYam80Q3dMQlhCeUppUFJGN3NHV2k2MTBrU19DajZkelJoMTdpUEFTLXhlR205ZmNLMVN5UVdzcWpUS214Sm41TUs1OHBN?oc=5,NBC Boston,2026-09-17,neutral
Boston T,Boston “travel time” map shows the T in a new way - Greater Greater Washington,https://news.google.com/rss/articles/CBMigwFBVV95cUxOcXJCay1OeEtHYk5HeUZKUGdrWlhMYjFUSy1MMGxzSWhKWXc3TENJaHJYOExNM1R3UkZKY0c2UGVzMndpQm1UMDloUFNQYVZiZDhpd1daWEc1SnZmOHdqS1NSc19kNmtDWEFBdUNQNloxSFJtb2tFQmFhbzZpbUFvZ2JtTQ?oc=5,Greater Greater Washington,2026-09-17,positive
Boston T,"Best Boston Celtics holiday gifts: Celtics jerseys, t-shirts and more - Celtics Wire",https://news.google.com/rss/articles/CBMi1wFBVV95cUxNdlIxdW9zVXliczF0TmZOU0JTWVpnbHVWQVhOSGgwOVBTd3EwXzFFUk81WXQ0QWRWbU8xU3FidjZKbUloUU9uR1NrQnI0cFA1b1ZzNnU0REZudVk0ZFlGUzdEVFg3RlFVemVGQjZsMENZX2NxNjFZVEF1UERRXy1mNVRTdFVxQjY1aGE3dWgzUDQzNDNONlFzLS0zcVVERDROQ3BrV1EtNzVKcmJCTlRYNWxmdkI2QWp0Z2JnX0t4Zl9ITm1Ub3lrVXl0aXlKb3N5b09pRkRQNA?oc=5,Celtics Wire,2026-09-17,positive
Boston T,"Brooks to release Boston MBTA-themed 'T Launch 6’ running shoe before Boston Marathon, says this one will run - MassLive.com",https://news.google.com/rss/articles/CBMi8AFBVV95cUxQU2k1b2dIRC1sSFdTUzc1VXp2QWpva0diWEdzOTZWUFFaTjVOdU5mdVhuYmhsUmk2bkxaMWphUEdTWkNUWjRSYTZiM3lLS0l2d1dFX2JXQklGNDBJQTRJOW1QYWMxeXIwakN4a2hDLVJtREpSWUxjS0VjWHBod2I0NGpTYm42VDRhN0RHOHdlR3FnRC1ZQ2FvaU80M29qempUVnptSEZJcmZKTGVOaU1PaUd3ZWVORkV0SGNWdkZjc2t1bFMyZG8wQ0x5VGNYYkMxdk1DZ2ttU25jN3ZTUmEwaHdVUzM3YVJESF9aUEtvNnnSAYQCQVVfeXFMT2hOakszbHVNRVhqNG5vb2FxRERrbUdZek1FdEUxLXppb2NlUzBoSXJCZHFpVDhiSTVKQWhnTzJDTU9ubnI2ZTM5OS1kc01GZUtlOGZlMHpQUW1mbG5KR2JaNGJhSW9JRFpjeXNPZmNmcGVVZ2stZG5oSVhXM2o5X1hCazhUQUJ3MGpUeUFHVG9UUGJEWVhDTktRSFhFYU9COUZNMElhdXBLV2dPTE91amlZdmJBTjR3dUV6Wldaa2FqeGtYVHF0cTR3ZV9CbzdTUmllQmhQZ2pKVVMyMWNmXzhxN1R3WVh5cmhnMEdtMng4UVIxRUsyR0tsb0RjbnpieTRhNjY?oc=5,MassLive.com,2026-09-17,neutral
Boston T,Metrorail is no longer the second-busiest rapid transit system in the country - D.C. Policy Center,https://news.google.com/rss/articles/CBMivwFBVV95cUxQT2xGSmIyaDRKMU9vaDVJZVBQNnRYR25hekV2OXJtaFcwWm5uTm9LXzAtZmcxLWhyRERpQkpveGc3eTN2LXQyT2Y2Z0VJU3Z5bllKVFZJMktZWDh0bEdDMUdqLU5ySmRkVHFmTnh3SE13c29GNWNtcnpfai1tT2F1WUI0U2dqS0M1R01BRUdrOXJJWUZpbWNqNUtjb3E2QnlXdWVkclJua2V5NktoWTRENUJVbzAyZklaRGdyMG1kYw?oc=5,D.C. Policy Center,2026-09-17,negative
CTA,"Girl, 15, returns to court on charges of pushing man from CTA train, killing him - CBS News",https://news.google.com/rss/articles/CBMikwFBVV95cUxPLU1nU01yRFFBSzJSRWZJa3RxclFYUk5RbkxaRjZpeUxnZVpfaFJxRHZ1M0RfX0F4VEY4Vkt3MmNtT2E0Z2c2WVFBV19xVzMwdDN3anM5Q2pjSXJ6OXBwckwyekRKajF4dUNRaTh1SFdXM0tqWUdmbUUydGkxcmYxNUFVVUczTG1LbmFjOGNMc0VhS00?oc=5,CBS News,2026-09-17,negative
CTA,CTA bus stabbing: Woman injured during South Side argument - FOX 32 Chicago,https://news.google.com/rss/articles/CBMijAFBVV95cUxPbmlSR1JCWUtFVXJGSlgzT3VhS21WLTlaWHhkQVg5NmYwMi0zQ09tYXVuU1B4di1tdm0wbUt1eHBuajdhN3UxNHZycWdFU3NrZnd3Q0FQNUhpa0NfMjQ2X2F4RTJiREpqMDlzanFXWGR2R284QnlzczNjcVNpby14QkJsNmN4bFJnRWZoRw?oc=5,FOX 32 Chicago,2026-09-17,negative
CTA,CTA To Unveil Red Line Extension Station Plaza Designs This Month - Block Club Chicago,https://news.google.com/rss/articles/CBMiqgFBVV95cUxNUV9LMmdpY1VMZU9nSUtNdmN2VUxWUzI5WTJON1lmVjFtZkV6MkMxQ3Z5THdNWWdIc0ltRjZpb2VfUWE4UFN5aXVTUnRwWUJ3QkJTLWZyVXFnbDFPWkx6VWNsdjd4RkFVQmppYnBmZmFpT3N1SnlOdUJKV2hsVVhWZXhmY2ZHNHphdVY4d0lRX2VjTTJRRjBYcl8xNk9qN2Rzb2xQckRsQWZuZw?oc=5,Block Club Chicago,2026-09-17,negative
CTA,Delays on 2 CTA lines after medical emergency on tracks halts service - NBC 5 Chicago,https://news.google.com/rss/articles/CBMitgFBVV95cUxQeEo1WV9rUTQ2YWt1a2wzcWlDNEh3b2NjaVhVZ3Q1Q0lRV09jODZVRlhBY2h5dVBCTlJnU2Z0V1lwdEZyMUV6QXR4c0FXTzJra3dIRkJtVmFuTmJXTnJTYy0tMFc2cGFYT3VibVVJV29laE51YlNJQ1ZIbENvMGYxcGxsMkx5VngtVzExRTBmeVFCVGpQbGdJZFRfc1p1X3RpMEpWbk5TckNmelhIN3BDN3A3ZzJaZ9IBvgFBVV95cUxNNGpZMDJ3UlN5ZlRRZDFCenhybmpsODZQUGQ2cmNkUkZhWVdfVWE0NER5NHNHQTFPbkQzQnhSblpIZmppTExBZEQySms0ajFRZG91aUV6TzZ1QloxU2ZyaEdHOGgwZ3ZXTllreXNBa1l5TnBOemtkRGhtLXJ5ekdOa19KMEgyQVR0V0pBZDJRSjg4c3ZsdE9Zazl2RlFZMGliY3plZ2tMdmp1NFhaYmhLZ1dzZV84RHhjLWw4MTl3?oc=5,NBC 5 Chicago,2026-09-17,negative
CTA,CTA Chicago news: Legal fight for records uncovers complaints about CTA private security firm Action K9 Security - ABC7 Chicago,https://news.google.com/rss/articles/CBMixgFBVV95cUxORHJYY2RBb18tZkFqMHhzUVhtRkthMzFjOENZQkVTWXREWXNKME02dzhBUTBrZTFQT3hlUTAyTTdqdzJCZlAyWldJeDN1andFbGRCMGNPUldMV1UzZ2txN0x3YTBXdDJLSTl4eW9wdUFUMFFBUTk1ZVlQeTRvVDBVZ3dWcE9uWFZSS01aYTlGcWFuQUxFMlpqQjBwUk5MMEw3eG5hM25rZ2h1RVF3dmFiLTdfTzdIQy1FT3YwR2dEOVF0dzhkMXfSAcsBQVVfeXFMUFRLSkdzSlNJMjctQ0FqX25VN18yMm5CRWtKamlBbnBfTWs1SC0zdC15ckJVay10VENGMjJtbHZzdmtCcTNvV1hHanUzSkRGdjlJSW5TemVEbVFkRVZsa3NYakpaZkxaOXVBdjhOODFsS2JGc1UzN29Bb1hndUdSejJMUVVvcjZia0dIZGd6T2VPazRLQ3JvWGp5LWFQNjJOMTdiRmtxMWZ6a3NIVnJhdGE1dFh6MnhLdS1wM1RuQS1weGdVSkRQeDlCY2c?oc=5,ABC7 Chicago,2026-09-17,neutral
CTA,Police seek to identify individual wanted in connection with sexual abuse on downtown CTA platform - WGN-TV,https://news.google.com/rss/articles/CBMi0AFBVV95cUxPUU1CVzI0RTVUTGxmRXZUTTcxS19fc2VudDVoRHE2bHNKTEFtNVgxaDVkWEtYN2tXbV9QS0JKenhWT3c0c2c5eXdpUFhpNjd3dHd1eC1ValNhdjVEUzMwbjI5X0d0TW1vV01vQXdFQl8xY21hSXo1a0VCZkU1eXlfMGJkWmp3S0tOc0lYdjBUMHlCZGNtaTBjdUVxUW4yRnpXc3pOMWxSc0Fud09jUkFINEFLRk1pQVFyQ0xrUG5mdlFfOHBVak5hOGh1WUtELVcw0gHWAUFVX3lxTE5wUWU5Z2ZVa2t5WWhyc0M1RkxKdzctOVNuemFiTnZpZDBPc1Z3VnhQTGJjbVhsTk05dG5jVVdfcnF4MzU0MHk2d2daTmlNLVZYay1FeDNKWW5ucE9NOW9aaktfejNpTjgwRlh0RjNXVGZpc1d2RUltZkNrQnl2ZUVuUDV5alBHNWJDeEhwZnQ5N1lUNHlZQ2dNaGZlc2RiWHAyWHBtbFI1ZXQyR3ZkSGRKc1JyT3Z3dDNHNWZUWGFQU056Vk1CcFlRRDZiUmFzZE5ZbFVJUUE?oc=5,WGN-TV,2026-09-17,negative
CTA,UPDATE: Barrera applauds CTA lawsuit: ‘Our schools are not piggy banks’ - EdSource,https://news.google.com/rss/articles/CBMikwFBVV95cUxNS012N1NZZXVaUWh5cFJ1SHZjOWVzblV2TWRCN0xaUjRYUXdvdHgyMmM5V0RPN1RMRjZkdXh3OXpaVlNFNTY2aW41MG5CajdIaGdWeDJGVXBna0luLUVUdy1WTnFsWnJ5V1pDR01tWU4ybU05UW1EMVY3cVZFVllSeFY0LWdBUGh6Qkp5REhNMmhONFk?oc=5,EdSource,2026-09-17,neutral
CTA,Man who robbed teen of shoes on Blue Line was wearing ankle monitor for CTA stabbing: prosecutors - CWB Chicago,https://news.google.com/rss/articles/CBMizAFBVV95cUxPMEdqQmR0N3pBSlI1WllkMjFETlpBVldYZ1AzclNCYXFhazJmVUcxNXl1aWhNeHB5Ym5vRktScjJmaks4bkFrV2cyckUyeHd6dENYSjl6Sl95M203WTh0X1gyMFhVbnlkQ3JNSWhCWk0xSWlPQXp2WW1nTjJDeE5BTmV2eTVudkxBMzJQRWp4THhfSGQzWlhOMkp2WVlXOEpfelFkZkZsdnY5Z09WMy1Za3ZWY2VVcGk4M3otRS1pZXZiMjNxWm9EakpHMXE?oc=5,CWB Chicago,2026-09-17,neutral
CTA,Who was Kyle Bickham? Family calls for answers in CTA train death - Newsweek,https://news.google.com/rss/articles/CBMinAFBVV95cUxOSjdidHpBYUNURmp4dEVUZnFMWEFIMFRhNmFmSkVZLXhhZnJLbG5kY3dvVGFZNlhQclBUQXVUU3JGWTR6X2lnNmFtZVRiWEdfbjVkQ2xvZC1ORzh2OFI3YUtQNUlLdm9GcmNtM2U2aGRtNjJKcGxWaVJoYUFXYkN6amVaZUVxeVBZSmI2RlhDSzdrNjRFemdMUXlwWEc?oc=5,Newsweek,2026-09-17,negative
CTA,"Fed Up With A Lack Of Benches At CTA Bus Stops, Chicagoans Install Their Own - Block Club Chicago",https://news.google.com/rss/articles/CBMiygFBVV95cUxQLWZSQlBVVzB6c1NfbTF2S19GbjNBMUd1dDFQQWpQeTc3MWFLNVJSbGotaHZNLURaR0N2RWZBU2xUSnNrdzh0X3llTDFUMGJEdnh4YWJqU3NuS3JpNWh3eFd6XzlTcV93U24zZHFxY3FVSG8zLW1CMzAzMFYzbDJMbHNJcGN0X3pBb0MzRTUxS0FGeDA0Q3kxdDNFZ0dwLWFVWTVsdjBJTV9YdG1kQXVMVjZUZXowdEpkR3lKTEpyWThiTG5hWXFPZ1Fn?oc=5,Block Club Chicago,2026-09-17,negative
CTA,CTA Chicago news: Action K-9 Security training questioned after viral 2025 melee caught on camera at 69th Street Red Line station - ABC7 Chicago,https://news.google.com/rss/articles/CBMi6AFBVV95cUxQSVA0LWJxN0FBV2hBU1lVeXV2UlUtSE5IclRBNmdGVGpUSW0wLWJpdlFMSzBHc3Mwd2RUcjF1a21MN2NyMVVpdWk0M25PY0VrVTVfdVB5YWlwMmwzdEdvdnpZcEpQenhtdUtEZVllQ2s4M2dYX09QS3ZEZWNEQ0l0RXNkOTB0cFFNNzhPZHJjY2QyM19zNkRMVElIaEZycWdsUjNNUURxU1B0UDNwMUNqcUYtMUg0LVFwaU55RHVhTU9Wdzlkbi0xNTUtb1dpb24xWGVoUUN5OVBxR2E1N24wcERVdWRQaTlW0gHuAUFVX3lxTE5ITi1CdU1ucHdVUGpLblNDZlNxcWRjS2lZd3lMTWQwT1ltRVAxNjNhVEl0WUxSZlhrN05Xdk5NWHZmSzQ5aU1ob1V2ZktzRnA5TEVGWU02bXF3TXZQeU4tS3VONk5kUy16Vm5HTllqaVA0SU14ejZmVnczOXZBS3lTeW9qekEtNUNHdWZKRWxxRk56NUVLcVNVUTZyQVRqUVYycS1nZVh3bGxEd1J1dS1saDVPMnhEMlgwX0NQeHlxLVVKaW40ZmJzX1M1ZUg5OXZIX2NZeF8tWU8ySGpOQUctRkhqYl9MZWtLcXVsNHc?oc=5,ABC7 Chicago,2026-09-17,positive
CTA,CTA sues state over billions in delayed funding - The San Joaquin Valley Sun,https://news.google.com/rss/articles/CBMihAFBVV95cUxQa0ppQUZyM0FVSnR6R01HOGRmUlU4M19aMllSNzU2V01kdkdrSWtSUkk2ZWEyTXlDM0kzRUlscHk4RnFramFxNDh3RHlRUnBvY0tBRFN5dFEwVVRhX3RmaUpreElGTGE1SkxfN0RrMDNMVTZRZVJfMUcwUGhWZE5TMFZ6ZDI?oc=5,The San Joaquin Valley Sun,2026-09-17,negative
CTA,CTA seeking resident feedback on latest designs for Red Line Extension - audacy.com,https://news.google.com/rss/articles/CBMisgFBVV95cUxQTmhUZ2NrVzZmWVNBUHJ5cU1uVk9zRzlOSWRhSl9wc2h5V0tZMWZmbEhUX2ZHaEpyNS1lZVFNQktTSXlyUmJIMlBsQ3p6dTdCVHBhc2YxSTEwMGFWWDZkUmcxdHVzUnVCMEJzcWZmWEVJdmNvT1BCTjBfdnZpcS1YQTFXUl84blp6cnBVMDdCaWRoZnNfRUUweVVZQTZzQkpvcURpYnpjaWJJUndsZm9sY0dR?oc=5,audacy.com,2026-09-17,neutral
CTA,"NITA's reduced fare program expands to CTA, Pace - FOX 32 Chicago",https://news.google.com/rss/articles/CBMirgFBVV95cUxObUVGQVIzU1JuUlp4ZFdkRTFjcEItaGxxYmo5TmZJX1BQX29EWldOZXJGM0lKVFBpY2ttODZJeUFYMVpNZ09nQ1R2QWVPMXM0SXFjSjdqb3RXUWRzZDNZa3p5UUVzelc2NjNaOVhab0ZQajFBTG80U2JzM3hILVpBdzdMTUV6TThLWkNZS3ZEMTZXcDYxQ1NsNkFSVmZ1bzJkWmhNMFJjRUIzSThBMXfSAbMBQVVfeXFMTXFDR1c3RkRpeE42b1Y0R1NfZjkzanNGcDZsQ0ZqcXotTnB3VDNpNFF1N3A3LWxoZGRXSmVFVzhGTGNfRmY1SnNvTU5tSmpsS3NoVkxsQkJOVFRUcnpXTUZRekR6VnN5Z0QxeTlSWVlROWxqdHU0bXdWdHBPM0RZUVJiTG9YYlBDMUZzQnN2bkpLa241d3BEc3ROa09ldXdJVlRUYjE1X0xqR2xQZWhKMmFlUms?oc=5,FOX 32 Chicago,2026-09-17,neutral
CTA,Family searching for answers after man fatally pushed from CTA train - NBC 5 Chicago,https://news.google.com/rss/articles/CBMitgFBVV95cUxQM1pJMVZaVjZlcHZPcFVfRV9lZ09iR3JEOVY4YlZaTzlrb0RuRWdZeVVnT2JJYVFyOEI0VTl3LXZyTFlDZ09iaWNNZ05LSTJyU1pFVXVRWnBjLThEZVFQbmMtcXB1MmhaN1JTNGxBNFBuMEQ1dFVLb0tIT1c3TlBKcjFURlBoVkRDcmVmc09wZHVaQVk3UUF0YTJhX1dKUU9MLWk4OW1tekw4Rl9ZNGl6YldhNTM2UdIBvgFBVV95cUxNN2pYQ1dOMHNJcFRsOW1rUWx1NS1zU0lKZTZFUnp5blJMTGx5d0hyNkhoYk5iajlybnM4bWFweU5HaDBFc0wyd2NoclhWa0dMbUVONnd6S1pZUHpkSFZDbG5fLXB6dUxhVUsxWWZQVlNQNWk2UnNiVjNEVFFPdkJRVFlpY2xsWG4zNmJsWUJRV2ltSzZjT3d4T2YzYUNXVEsxamJtVlR4RVBKeUx6amJKYjlRQ1JUZnpaeHpDX3ln?oc=5,NBC 5 Chicago,2026-09-17,negative
CTA,"Girl, 15, charged with pushing man from CTA train, killing him to remain in custody - CBS News",https://news.google.com/rss/articles/CBMihwFBVV95cUxOc1J5TFQ5N0psOVVNaUNWSEpkWThPazQxNW1tYldhc2t1aVNtU2NKcndMYlUweGRxUjJ1WmFNcWlVMlh1UFM3ZDBPUDByXzN4alhJOXR6d3JSQ2pNZmpOWHJMNzZWaS1HaHhtdmdETkNvUVdOajA3Sm00ZFlwdUhsM0xTcG83MFk?oc=5,CBS News,2026-09-17,negative
CTA,Chicago police issue alert on sexual abuse at CTA Blue Line station at Division Street in Wicker Park - ABC7 Chicago,https://news.google.com/rss/articles/CBMixwFBVV95cUxNNEsyWW11YVdNVWswa0puRzRlQW1ZN0pUX2pjYnhOM24xRXNrRi13UzlGM1lDazM0T003M2lvTFdOQzlpOVQ2WlYwS0dKZC03V0s3UGpfNXhLZVJiYTh0ektHWHZpelBWVmRtQXhET3lmRDdRdzdkYlk0U1Q3emdfOEVUNWpYS2kyN0ljT0VuRFMyRng4T2N3Y0xzTkU4a2ZsVjM3X3Z4VEdHUUFBRXZYeE1fWFMza0d2eVI1c0lQb3B5Um0ybGQ00gHMAUFVX3lxTE5PX0NsWlloUHVld0hqdUo2c0xJZV91QXRjX2pRWWs1b3lLenNBS2hpM00xMzU2STBnVFBWRUVXaDlLcmlGNEZiTmZhc18tYWpvY1Azczducm9jUHI1T1Y4ZDNGaEJQenFZTVA5U2tCSUtzMDNEZGJNdnJuOWFWYTRFWWt5cHNNbjBvbjc5dXBFaG9JMGxKNUZCTnlKTllDRTl3dllyZGE0NG83UDF2YnZmZ256azg1eGQ2clNPZjV5X1dTTWFreE40d3RGZw?oc=5,ABC7 Chicago,2026-09-17,negative
CTA,Family of man killed after being pushed from CTA train demands answers - FOX 32 Chicago,https://news.google.com/rss/articles/CBMikAFBVV95cUxNb01JdzFXSFBpS3NmUkY1dlFSM3pzdUplUWl6UGN4bkI2aS1HTjR6NnBHbV82c2VNZG5RSkpoQVRldHJFdDM1V01NNXN3a1dkWVNQa19mbVB6dXM1R28yRldYaDJJM29xZEZEQjJFdlBvUnU4YUM5YTBVMVhraXEwMWRETEZER0U0N2xuTnR0emnSAZYBQVVfeXFMTTdOaWQycjBfVEFyNXhidHVXSW9FX2tWMFptSGdWTFJiTm1LenJfZ2FwdEpTWjc1a05OTWZ0YXY0bWg2UEh1TWx6a3NwZ0IxNEg3SE1jWS04eU1UNzhIUzhhZUdHOHE2NXBqeWktVDdsdEtiMWVMRTFyY1ZtUE1jMFpMSkVRdm11VDhBMW95ZDZFOEJxdUln?oc=5,FOX 32 Chicago,2026-09-17,negative
CTA,"Woman assaulted on CTA train platform in the Loop, police say - NBC 5 Chicago",https://news.google.com/rss/articles/CBMiqwFBVV95cUxONVVqQmJ1bkRCLWpWRHYwVmJGN2JaOVVJdzg3QkV3UmhHVUlYdEkzdE83VnhnZGN0X0NQVE5wNm9UZTRFcWdDVEZQcDZGSzlwX0JQYnFCVDVrNllkajdDQV9wMXpqeF9rb3d6cnFTbXhEc1NMMl82RmhzYjh6dkpWOVpXcXBfRDBBRGZHZTNFMS1wbHQ2SFpwdDFQRHE2VjVDckYyN3EzMTdsV2vSAbMBQVVfeXFMUEhrVEFEQURGVUxJbmRvT3FJc3hXOUdtRHJQUXktVjlpZ2JQT0ZNZ2stdTRXMWU0TzZqVGZLaWh4WWVRY1JYUmpGT1luemIxUnFsUFhEZmhIT0dMTmRHWWpTQml0UzZlX0FLVU9DY051Tk9GSUltbjNtSGpWMGpPSlRwQkVDMmJEYmJrQ2R6ZVRQdG9oa01rM0NOcmdwcWJIQWk5anZIdkdPX09SanpWMlRJdkk?oc=5,NBC 5 Chicago,2026-09-17,negative
CTA,"CTA Red Line death: 15-year-old girl charged after Kyle Bickham, Chicago man, pushed off train near 69th Street station: CPD - ABC7 Chicago",https://news.google.com/rss/articles/CBMi4gFBVV95cUxQbmt4MzhiNm5MQ2dmU3RjYjVzODFsdUV2LVdXQU5lT3RVTGN3czRMSFZSM05PeUVSTzJvR3N0X0ZMd25sWUdLWTVvMkF5MWxHVk9iN0JHUm1vTjVqZ2RlRDlDX01Ic0ZQWm1kZUVkdmc3YTZzSkVjZDlwaHR0bm5xRk15QlBUN1V4a3ZqWUw5TXdPMmdRRG9SYkxMSzZvR0lreFo0MUZjS2tTN1UxaW9UM0x6VmdIMmFZb0swaHFaT3RDN1YxVnBOaGszclhiZ3dfMWM1U0RqN1JYSDVVNlZldTlR0gHnAUFVX3lxTE05ekdndkM0eHVzQjhoNndMSksxRzBnYmE0c2dSemRmQXlOT3FTdHpLS3B5b05wU0d3N2tldW5iME5QVzk2X3JWTXZwS3h1bkFjTVdBOWY2SE9WNWotdFFCcFl1NTB4dGpEUXZ0cjB4MENYazBlVUhnTkNzNjRuTDF2NzFPQnpaTmV4cDFxdXhlTFlOZDZDTlgtYWR4TWg3ekhfNUJKM25paWVpNnAxSDJfSnRuSnp6UVZZVnIwbDhjRzR2ZkdTeXF4eEpoTTZtcklDQ01tT0tqcjl0V0pzZGtJMDdCeEhUcw?oc=5,ABC7 Chicago,2026-09-17,negative
CTA,"CTA Red Line death: Girl, 15, ordered held, charged after Kyle Bickham, Chicago man, pushed off train near 69th Street station - ABC7 Chicago",https://news.google.com/rss/articles/CBMi4gFBVV95cUxOWnlySDBpOXpHYlZibFQ1Sk15UmpLTEhad2RKbGNmUDlSQTVxbllldERLYWtNQm9fZlJKZVh1YU9YU2ZQdXk0a3MxUkFORGNYRzlBbDhJdVZ2OXFqdVhEYVUyM3hic3c5TFV2U0I4NEFiSzd0SXF1UHVvOE9OYTlkbkE5Mm1HRTYyamU3cTlfZW91YkhNYUY1T2U5b1BtSGtHb05GdHZqWktoNXlzcGpKTmlfa0RfSV9lMUtEcHdvWlJwRmd1a0xUN3lYQ0JKMHpTdHJaS3lHSkZybXA2cEdpMXNn0gHnAUFVX3lxTE5WUUZiNUhOd1pMaXJPWkNNem9FY25vcGtkM0hLYUozd0h4T0x6OUpZQVR0cE1SUGJCQlRQbW11R3UwU094bllvbmZxWmR0NWN2UXRvd01mM3gxWGhKTE5mMWVkLXpnV0E4Xy1POXF6aGI0eDZCLWREeXFLb2REZmptQlU3UEc0QS1WM0kwdGhyN2NybzNqMzhmQTJvUDdIbFRmSDNneG40NEhURlRIYkNUeGFVeE1qNERnY0hSY0M4LUZJYkhIVWVjc3FLZXRQX2pJNVY4TFpoSlhBZU1ZM01YTUs1U0RYZw?oc=5,ABC7 Chicago,2026-09-17,negative
CTA,"Humboldt Park shooting: Michael Howard Jr., 18, killed in Chicago shooting near Chicago and Christiana that led to CTA bus crash - ABC7 Chicago",https://news.google.com/rss/articles/CBMixAFBVV95cUxON1Nxbmk2RmJlWEtXSE9ncWJZbkUzVVRKMHhnUjB5LVFQZFBFVjRJNUtZT3A1OWJYVmdCX1UwQ29uUGdjQ1Y1Q2phZlZIa2g2SlZVX0tkdkpKajA3ZVlhYVRfVFFsT3d2OHRFTHpmanhxajFGNU5jYmpmRVZtMHNCOVJCM1RTWXZyMVVPeGVTQlVVNkVLdURkb1JmVmxaTWprRHhIOFJDbzZkM3ZCOEFuSGJvN3B3TW5qTTZWQUNfaF92RjYt0gHKAUFVX3lxTE9DYXVleGJjVTBBNkx3QzhUZEwxNWdjU2cxbTlFUXkzdV93QnZuZkJvUlNhYm1ZTjZscHdNZkhBWW9YQVN0YlB0QUhIUjZXQ0xHU1NSTV9uQUh1eFp2QWNIdTVpQjFzczF5ejZBbmdINXdVSFJBV1lMa0twRk15TXZQZGdhV0tMZDh2aU5Pb0FVc3pDS2pnbTEyMkFpdWN5eDFHY1diYVg0b3VJNDJ5S200UkZTem84QXB5T2pIYS1YcllRMnV0VkNrMVE?oc=5,ABC7 Chicago,2026-09-17,negative
CTA,"Man wanted for sexual abuse at CTA Red Line station in Loop, Chicago police say - ABC7 Chicago",https://news.google.com/rss/articles/CBMiqwFBVV95cUxQTmVGSjZYdVlmcHJ3SkJaWW9PWVJ6bkF4RTFfVVBFekhXTWwwMnVpSUM1cnJEd0ZZb2pDbUc0em9VUGlRTWRwS2RlYWJxS3ZJak9QVzVGSDB4aWJMVkRiR1BvTm5mOFFYLXcxWFRxVTJMWmpVZ2w2anFrVGR3OVJ5MVZacXh2RC1fQjV3b2Y4S3lrc2JnNUc5YmNSZE5SZmU5Zk81dzVhSFNfVFXSAbABQVVfeXFMTi1KQ3I1N1A3czFTVXhweEtlMnBQV3hFRzI3ZDlQWHBhdDNpazhEYUZYQmJOdE9aYjRmYUc4VldlajZpeGQyS2NSTFVZOC1tUk83bEN2ZVNfN2VnQ1p6Q2pqdkk3STNPTVJndEFxSGhadjdIM3djUDhxRzA4M25wS2FjaXYxUTZ4SDdZTGhJRnI1V2J0OTFNT1paODZJM3VpLVVwdW9JeHFvMV9VYnNyanE?oc=5,ABC7 Chicago,2026-09-17,negative
CTA,Chicago police seek man accused of groping woman on CTA platform - FOX 32 Chicago,https://news.google.com/rss/articles/CBMilwFBVV95cUxQZzRYYWRrbkRMOTVCc0VwMEN3aGJXclNoN2Zid3diMTVuTDk5MDVXanVoY2dKRHdfSWtxTUkwNnBXZWNwNVpKbGttWXQ1WG1WOXVvUzRrM2tybU9xVDdsdFhkUFVPRVJfNHg2OHhUQjR1amdmT1NtQzlpMkM0QXc0aFdmbUFJLXJ3UE9xWVJNNWwzaVlQSUNF?oc=5,FOX 32 Chicago,2026-09-17,negative
CTA,UPDATE: California Teachers Association sues state over $3.9B owed to schools - EdSource,https://news.google.com/rss/articles/CBMipwFBVV95cUxQVG5nUWtseHFGOHFTTHlxck9NdlFWR3lVLS1ZbEhUd2puNHpXNzlJSW5tZ2NOUGU3VjlrZnlkTlZKaldueVNrSlVKSm1ncnVNTjlDYVFWNC1VVDdzVlBPRHV6dW9SeWVqeE5zZVJzZERCYjB2aGc4T1JzbFlFTk5tRExWQW0wQ2ptd0VJX3c0SzI4ajlKT21vU1ZkZ2VwM3otTDA4S3BkVQ?oc=5,EdSource,2026-09-17,neutral
CTA,Search on for man who grabbed woman at Division Street CTA Blue Line station - CBS News,https://news.google.com/rss/articles/CBMinAFBVV95cUxPeW4xZ1BzZkl4TUxIcUZ5d1BjN1hNRGk4NFkzbzBRRVBhT3BXTFhnaWJEUDNGQ1Ayby1nTlpQOU9KaUNWWHZZRGd6ZHBaY2N1TU9vNF9ETUdjOUY3UlNQdWJscmcwb1h2VllTVGpMbHJsbXhyODRjdkRqazg1TEkzT3l4MFBUbENHMGdMZ0JkLUxuNEstZUtUX1RvNGw?oc=5,CBS News,2026-09-17,neutral
CTA,Family calls for CTA security upgrades after man was fatally thrown from moving CTA train - Chicago Sun-Times,https://news.google.com/rss/articles/CBMi0AFBVV95cUxQNjhJMHc5RFE2bkhJNkxKdnloTFJ3UlFpQklDMXU0WWYwN0dlSkxBQTVPSGdFZlNfRnV3OEhsNWhmRTU2QVdYUUY3SnNXQWJXSEpfWHFHcDRUN2Z3OFVsa1JPVV9sR0x5QklZTlRTanpMMGxJZGp5bmxqc0l1clFoRng5a1BHT1IzMWdxblJyX2pQTzVMVWVzNmxOSmFpQWoxZ0hyNTYtVEdpSXBxd3pfbGF4ZWlnZGVvQ0h4WjZXN3NsRWpOZlFteEIzRDNlTmgt?oc=5,Chicago Sun-Times,2026-09-17,negative
CTA,"Chicago crime: Girl, 15, charged with murder for pushing man off moving CTA train, police say - FOX 32 Chicago",https://news.google.com/rss/articles/CBMidkFVX3lxTE1WaUNqYlY1SS1IUHdTdnRaTnAwbHZfSmFUdVl6REQwUUZYa0JMMzF0Tng3dEpJNEtyenlsVGNYRDRJaTV5VzBVRVVMZl9nX0ZES2JmWDJQWURWcEJkX0MxYmcxMW9sMkFoQnBJS20wRHdubkRUY3c?oc=5,FOX 32 Chicago,2026-09-17,negative
CTA,"Humboldt Park shooting today: 7 shot, 1 fatally, near Chicago and Christiana; injured woman involved in CTA bus crash, CPD says - ABC7 Chicago",https://news.google.com/rss/articles/CBMi2AFBVV95cUxQN1E0cDlOQ05tTVJJa29WRE55NFphaVlIWndtcmEyWEhZT2N0VGtnRG1FV3h1ZmUwTWZqRmhfMW5DYWtVWDJhYlBJX0NqY05Ga3l4dFpUOWJsMW44VFVFVWNvVXdDaDJocElLR05aRkFBV19tVEtrdlZNcnBSWVB4MUtXWUdnWFpqbHNrbVFnUm03dnpXQTRLTUlqWGtxdEYxRHNVUHJJVHVGLXFvOTE5cWl2cDVhSE52N1JGYTMtU3lsbEFaSnc3cm1fTlU5ZmJJMm95M3RVZGnSAd4BQVVfeXFMUE5kUlFXLWtwa2F3aFhkaS1hXzZzR0w3R1JScTFpSG8teHYxYUd3bFNpZ1ZzZkNfU190NEJ0aUdoclFCMWFHVHB4VUk1VzFJVjJhWVZLRjRPYUMzRXR4UjJfVzY1OE16RTdtZGtVSmRPRUNOTGZGSmV0NnlWWnE2RDJmWlM2ejBYakc0dWdRc0VOX24tWmlXSWNvNk5fRWM2YjZxWFFwbHVZQWtFSmgwT01EUFdlc1hCTTI5MHVnMkpDeVRjMUhOX1IySURuYVlpaGlBV3RHSlM3cTJDblpB?oc=5,ABC7 Chicago,2026-09-17,negative
CTA,"Kyle T. Bickham, man fatally pushed off CTA Red Line train near 69th Street on South Side, was coming home from work: family - ABC7 Chicago",https://news.google.com/rss/articles/CBMi2wFBVV95cUxNTkJiYksxWnZRM1Mwa3o3akR2QlNsWGxObWQtcXdHYnlSa1d0dHhmMzJfWF9yMGNEMUlDbzR4SjN1cTFvZ0pTcHVvY0ZyME5Dc0ZucjBBb1p4Vk9ZNVNLYndXVDFudXQ1c2VKZHUxazcwQTFuRkR4WVQyQk5UakZBaG5rN3pIQXlCWjlqU3h0YlRONlhDZkl2SkNqTDduNGFkcGppNEhPMktQNm1BbWVkWTVOYUF2bUhoNEJfLUhCZjVuelFKVWRLNFhsR1hFYmZ2R1hGU0QxMUJLRlHSAeABQVVfeXFMUDR1WTh6aVNsY2d5bnBqcDVPcnlMTlZnZlU0cnlTVXVhcWc2VkFPQVA0UWplSlN5dVQ3X1loZHlNaDhpa0FVV01HU3dzUXlfMGxycjc3NlItLU05OTdrWVpXcElDRVhOaTRyem5lUmwxTTZxd2s1V3dpeVZJVHVsZXVIckRIZFBlSEtVZm01Q2wzTU9lVE5WcF9KbGphRXZTZGpfb0t3TkJTaUxGNUlURlh2RmJyTzNHdGswc3pxN3pTcWJZM1ZUMVVhSTZycTcwem93c01mRTZTalRyVWJkeGc?oc=5,ABC7 Chicago,2026-09-17,negative
CTA,"Girl, 15, charged with murder after man pushed from moving CTA train - NBC 5 Chicago",https://news.google.com/rss/articles/CBMiswFBVV95cUxQSjM1cEJDUEhWbmlsanlETzNxc3pjRmQ3ckdQbmY1TGVJY3NaNGh2cVJJdUd0cHpxNHJfRnd5a0wxUnhFbG9qNmhUXzFCZmNFUXJIVXpaaHBjX0dTeHBtSzc4TUFseWdDbUU0R3JYN2dIYUU1N1pyMWdndmF1QTNjcXFHVmVpZmtlR3hWb3ZTczdUNnh3dVVOaDIzNWd0dlZFdXF2QzE5OVpTSXRQem9jTlYtSdIBuwFBVV95cUxQcWZYMDZjdkF4NXZDOEVqWHJCWWxfZnFMamMtUmZoRjdISlkzaGUzTHIyZDV5UWpZTkFvZjRRTEowaU8zX3FweFp1eHdXMGh0MnFXUm93MHNlZS1FS3FrOElwU1hZYnppcmJ1Q3hZRDhRc29aRTUyLXZ2ZUw5Ml9tYmM0N0pIMW02VFYtS3FZd2VPNUtqWDZEcVYwbG5oVGNmYjRleDdWdGN3cWpiX3NwRVlDc09CWXA1Z0xv?oc=5,NBC 5 Chicago,2026-09-17,negative
CTA,"CTA rider jumps from Red Line train near 69th Street, dies, CPD says - ABC7 Chicago",https://news.google.com/rss/articles/CBMiugFBVV95cUxPZlpmQ3ZmMk5TX3BoaWV5YXZPQllPOWJ1TE8zY3duRWdIZlVUM1JhclhxaUxVanh3aEFkUENMazA3azJtUHY2WFlWYW5GWGFhc1hvQ3Y2Ukd5aU5yQTBrdkJoNEEyTUl0V1d1ZjVjN19FaEhfbGdlWFNkWFZYSzRZNERyR0ZJeVNmZFRHOHZyMzZLeERiSFpyMGVHakFaYlZzVTRpSmxsNmFaaUJmYTdlbjUzZFpGUnBQblHSAb8BQVVfeXFMTzk1Sk9GMnVENDB6OFR1M2dWd25OaE9mV083M0t1bXJnUGFFel9HYjQtWU96WEZSekRTSEJyQUJRRFpaT0ZMdDBxcFZiM1NGM3dZVzVaTXpyaDdvV0hPeFhvU3ZQOF9aNGUxR3VjcF9ybnlUUHg1SDFhYVJfdjRUX19PZ2Zwb2Y4cGd2b3hjMDJod3djSjFWeUdrMWpyMnVCT19zMGFSaVcxV0hUc1NGMmYwcU10MkZWZUk3VkVhdk0?oc=5,ABC7 Chicago,2026-09-17,neutral
CTA,Chicago police issue alert about man who groped woman on Loop CTA platform - CBS News,https://news.google.com/rss/articles/CBMimAFBVV95cUxPTWVOS2ZfN05JM2ZsRWlwSklRVThIRGdtRTIyWmJsNDBOUEpiN2JYcDlFTThUOHVFbkxZMWdHOGY3UGlnd3JYLW1fQ2ZtWldCakJqbkZibXJqQzFNdnRNZFVCdDBKX3Fjb3YtYlBrVFhaeDV3T0V6TmxWVmFPaW5KbDBZV0RYcVhSRHU1dl9zbkRZOFBFWDJsdw?oc=5,CBS News,2026-09-17,positive
CTA,CTA Construction Managers Completes Building Enclosure at New Newton Countryside Elementary School - PR Newswire,https://news.google.com/rss/articles/CBMi6gFBVV95cUxNMUJ6UVFJaGhmYmt6b0RiVTBGWlJhM0czZXJIencyS0E2X1R3MC15M3dQTFcxcVFSUi12UUFScFFxRTlJTjM4NEw0eWphY2JUTlpkVHZwLTB4YjBoc05Qd2J5VDdTa0RDR29vemhZbDBIcDB4allubExnQ2RMMlNNRzFiTFpLMUpjWVNNX1gxak05cFhLTDFuY3hibGpEeHY1UVBQZm5jWjJfamV1SVV3R08ycl9uSmNPcDluUVZNMFFIMlpXNjZwQ0lIN013OFU2VGhvMlNqM0pMTzQ1QXdqSWdzU2JreHFfQ0E?oc=5,PR Newswire,2026-09-17,neutral
CTA,Chicago police seek man accused of groping woman on CTA Loop platform - CBS News,https://news.google.com/rss/articles/CBMirAFBVV95cUxQWjRjNUxPdzJwcEFTQ2VQQUJVZWdMMWVjUE50Z1ZJSFlMODVmYm8zRUVlVlFXWlNBZWszaFJZa1NKcEpHMlBtQ0V5VHY1YUtpdzJFMWdmd3JOS0VOSjhLald1ZzhjaEhNeUVfTzhwN2xOUHBtNENWNDlBR0NtX3o4Mm1temdLZ3EyVjhDUzg0YmRxQ2N6ZXJkTFA4a0hERzZJQTJ0aGZ1VGI4NTZL?oc=5,CBS News,2026-09-17,negative
CTA,"NITA's reduced fare program expands to CTA, Pace - FOX 32 Chicago",https://news.google.com/rss/articles/CBMiZkFVX3lxTFBsT0xLMEdXbUp5azVZNThvMTgwYk5Xa1FId3Z5WTM3Q1pqMmN6M2ZNb2Vha3FvbmpwX2Y1cXRZaUhWUDl2bWVISkUyUTZGa1M2SzkzU29CdEQtSFd5NVNIRmFrM2xxUdIBa0FVX3lxTE5Ub0xYME5BYWc3VzBodjVOeUdfQkpxdHd0RGllRzFlTUtYVE00NmJNQjRIX1VRejVpNGlRNHJaaGg5VTZOTU5WQkMzaXpjUGhLVUdFaW83X3N3VnJlX1l2a3hRUGNBcEhyZ1Rr?oc=5,FOX 32 Chicago,2026-09-17,neutral
CTA,California teachers union sues state over $3.9 billion in delayed Prop. 98 funds - Sacramento Bee,https://news.google.com/rss/articles/CBMic0FVX3lxTE9rNG1mODBnVVBscUszMTJkWXIxOGxUbkd0SkxHc0FKVnBWSXdWSVNTSXlpUzNYd2tPZVlQdlhURll0aEdiTWdEOVFOQ0dFUTlVenBickplb29RZTlEbkQ0c1hvNGhOQnFXenVVZ2gybXl5RWvSAXNBVV95cUxORVBSSXBySkNZT2taYW9vR0JiZDNueUpsSkFGRHRfZDhSMzF2dkxvTmw0R3FQSVh3TGVsUTZMRXRaZ0pJY0pTbFdQVkxTd2ZxOFdrVms5NHJucHdDbEctcW0zQUVURElCME9udWR2ZXRYd2tF?oc=5,Sacramento Bee,2026-09-17,negative
CTA,Police issue alert after woman was shoved off CTA bus earlier this summer - NBC 5 Chicago,https://news.google.com/rss/articles/CBMivAFBVV95cUxNd0w0VUZEaWRMMEtOVFUxcWpNUVNmR2dEVkJOeEt3Y0pNM0tjMjRWblREbDdlOHdNM0oyVGtHdGVMMGwxel9tVVBOVEhjZllOenlWYnNmVG1XNG51MlNQZUlhLVhjSERVVzlNQXlyREYyRkI1ZHJHT2tNclZXNzJhOTJMZmh2dWpYM3RpNWQ2NEFiOGlVbE9iV1RDcXdRZlNXUWNtUlo5R1pCOFhWMktLZzN3ZnRKd0taUi02UtIBxAFBVV95cUxPX3hDQ1REbnBVSmlzNW1TUkUwMzlsVkp1R0FNTVZqSExMakZwRUNxVk9NeXk0QmxDR0UyQnlOYTJVWnExd1owZ3RtTDBzc3lBRVFrZmJwZnc5SnE4WnctWmczX2VrcldlMExSSUhBU1hrb0t0VjRIeGlxMUtkbVY0VVczQW5fNGdVcTBESzFucmkyN1lFbG9waFotZ3JVbVVaRXFndDVBaURmRGNacFYzMFJ1TVExWkE0NVNNQ3ZtbEszbTQw?oc=5,NBC 5 Chicago,2026-09-17,positive
CTA,Family of man killed after being pushed from CTA train demands answers - FOX 32 Chicago,https://news.google.com/rss/articles/CBMiZkFVX3lxTE05S1hUODZwNjRJZzFfSzMzSVlZalJNX21KUGNUSU01ekJMNHVSbDVqNDBPTU1QTnQ0Zk1QUTRuMG9jZzVSVW5Xd3ZSNzRIZU9UeGFmUW5BRzFPdVVfRjBtWks2bk1KQdIBa0FVX3lxTE1oY1dYckhTUEtZc1pPaHVlYnJ3RlZhbXpvS3FiNGdkZU1RN0toVTZQZl9Ldl9MOWxud1drMW16VzhlTlNwN1puQXdKTlU3ZXJMMGp1SUNJaVpZSTZETk5EVkR2b2pfQUhLTExr?oc=5,FOX 32 Chicago,2026-09-17,negative
CTA,Chicago police seek man who pushed woman off CTA bus in Hyde Park - CBS News,https://news.google.com/rss/articles/CBMimgFBVV95cUxOMUJyd1BOZ29qNU9reFA1LVcxdjdQWklmRlBxTkJlMFY0VndjbFhnVl9GdW1hSzRsc2E3U0E1Z28tZWNHOUJJeFpVdlYtck11dlpwUHdOU2VfRUVlWDg0N1Q3Z096WmJSQlFGR2hhYzFldGgyY3BUTzF1WFhkOC0yOTduTXdMME13WmpWY1pRQUdfMHdhUXM3dWt3?oc=5,CBS News,2026-09-17,neutral
CTA,Chicago police seek man for sexual abuse at Wicker Park CTA station - WGN-TV,https://news.google.com/rss/articles/CBMipwFBVV95cUxQZVdkVFNUYzFVcENHVURwVDN3dlp0dGdQNkJEOWhFQ3Z6VDgyYk5zYzhBMkhmelBQX0trM1BjbmpreDNvUWxERzZIelRQWC1RcjQxbEVjclExakRsS3BfUU1vWU5naFA0Wi1MSWlQSmZXXzJrclJFcENjcElRejVnMHRvZ2hLeTJLVkpyYjgyREREU3BWWEdtVlRLRlhuTTR3c21rNksxd9IBrAFBVV95cUxPV19WWV9MblJLandUWVl2QTZ3MU5Gb3BiN2xUNzdheTIwanlKTXE5YVRNR3pKaDV2RHFSRmRuYURsRXZycjlpNnNfRWtyWDhWMXZZM0p3aElHcWF4QXB5RnhFQUlkaW41TGcxaXNOMF9fTVhjOXFoQkY4ZHlpVWxOWE1tUUs4RkRfVDR1VGRDWUpBWDZFU0VPM0hzRHNpY193QkoxUDJZWjVKSGNR?oc=5,WGN-TV,2026-09-17,negative
CTA,Family of Man Fatally Stabbed on Blue Line Train Suing CTA - WTTW News,https://news.google.com/rss/articles/CBMijgFBVV95cUxQd082dFNqbl81eXg1S0xsTkdjaUlQZXNGb1V2Y0JFc0NSMmJjSnFhUkxvd29CbHdmTmhFMVBRNVdubGwzN0lzaUE4Zy1IYUlnNXJnQWQxdDktU0ZmTmw0VG01TGc1ejlQbG1yeWlTYklxYWdVT0UzUmw5ZnJvMFB4UUtzX0lCblFMWm5wUjJR?oc=5,WTTW News,2026-09-17,negative
CTA,Chicago police conducting homicide investigation after person pushed off CTA Red Line train dies near 69th Street - ABC7 Chicago,https://news.google.com/rss/articles/CBMi2AFBVV95cUxOOWlrLVlTMFZQblJ2andOd0FWcjZVYU92UENHbXF1RU44Q1RLWjBSVHhIMmdEM3JObmEtSzJZenkwU1lHNGI2YVZyakRtX0dVNWRMNmxRelgxem4wMjlOa29SU3RhcTFjbzFpMDJHTUttY0QtQm1DSVBXOGpvVkhvSU5UTFpzVFJVUVFPcFdwNVNpX2h3Z1ptWlpON2lMeXdzeF9VODlhNzJydjF0UVFsb2RsMk9tV3ZuYWlnVGxYZXR4b3Fza1J2OERNelI0bERnY3ZTNlBnMFHSAd4BQVVfeXFMTmJLeGRCdGIyRlFTclFwdTVpVTZYTF9EejNzNXhZNjlsTl9yVTRkcGJITTJCc2hRclRLOTd6TG1EQkNRNHVsTmV6a281QTJVdV83UE1iUkhjUkJUNGxXNms4emcydWdvd191VUJaOVBhdDJXSWhWVGNoQjlFemJRSTBEMTZOTHpYWFBOTllVa0xVSGJoLUhRbGtYUzl3cW9mdDMySVRvS2NNMmo0bnEtOTlkZHpBdXdrT0RwNmpWYnlYT3lDSXRMTWFFek9GSjZ1VTBJYUR4NmtaVUdHai1n?oc=5,ABC7 Chicago,2026-09-17,neutral
CTA,15-year-old girl charged with murder after man pushed from moving train - FOX19 | Cincinnati,https://news.google.com/rss/articles/CBMiogFBVV95cUxPc3Q5MkNydWJrVWpBdW5iZ1RXVERlRzNObGMxY0E5RGN5OThaZElMbFpOVHcxbzlWU0cyTVVfbHNwWWZBZzlKMW5rVG1VSExhQTlXQ05qWWlyNDhxVmlhREdiajFiMzNSMGNXeGoyRDRMMThqZ3E5VkR2Q2RvbThYMEJJYk42Wl9tOXEtOW1WMmZZQ1RyRFBiaER0ZWgwcGRSYWfSAbYBQVVfeXFMTkxZcDd1Z3J5M2g3SWItekVPZWFSN1hzUHdRMEJ4bEdqbFRsSjZscUprc0dVRGxVVUgzLUoyMjBQdWVQXzNsN3YwcllLSUtXMjFXWlNIRXU0QVpxS01CNTA0TTBQNmFhcDFicl9qR25YUUdUbDBKU2pZbEdHV2NsVU1uS3dXcUFUcHNFWFVNZnMxOExTNGpkb0N0cmhEWWcwelJGMlJkQldoRVhqMzBoUFBSVDVXU0E?oc=5,FOX19 | Cincinnati,2026-09-17,negative
CTA,"NITA, Chicago’s new transit agency, is meeting for the first time. What will it change? - Chicago Sun-Times",https://news.google.com/rss/articles/CBMirwFBVV95cUxNazlHa3pLby1RVVIxbFFFbUFKWGdkeldzY2ROZ0NzVFpRZzd4TFV1RDI1TURpSl96aTY3SnRkQ2dQN1l5U254bEtsNGZZOGdpQXNsemxZZWFwT0QyUDdNRU9PejVIdWYxUGlyQTVmTW00VVBuRk1pTGd0NVBkOVZrbjRTZnRvQmkzaEdFMFBZTk4xUHpiMU1sRXNUT2N5SC1UQWQ2b1hTS3JjbmdQaF84?oc=5,Chicago Sun-Times,2026-09-17,neutral
CTA,Depend on CTA to Get You to All the Independence Day Celebrations; Holiday Service Schedule in Effect July 3 to July 5 - transitchicago.com,https://news.google.com/rss/articles/CBMi4wFBVV95cUxOVTgtYjNyVHFRWXJoT2lDSi1jc2x3SUw0VFVLaGpKbVpRaHVXOXVxVWlSeGthV1M1d3F0M0R6aVRrT09iX1o1ajA5WFkzakVCSUxSdlRNY0lianhzVjkyUnRUMFRLNnRDQ0NKVlZLX3Y3YWFCNGpKWlQ3cUR6ZnFmRThhZXVKTWNxMzczTGUtYVo5NkZpd2s4RFZxeUlCNlhfZkVVRFhxR1VmSHYyR25uMmpYbk5SQWE5SnQ3YUJuaVJXNmhLdjIxTTlKRUd4Q0Z2QWdLOUIzbWlwaE1UY2x3dm5RVQ?oc=5,transitchicago.com,2026-09-17,positive
CTA,"Man pushed onto Red Line tracks, killed by CTA train on South Side of Chicago - CBS News",https://news.google.com/rss/articles/CBMimwFBVV95cUxOS2dwbldWUnNYSmV4WVN4N2RFdXFUbzdLd3BMMjdhUHVKS0VNaWt2ZFdkaFpydEh5R09vbEI2OC1MdnQzclFnMDdxNGVMZUYyc0lMdEMtUW9qU1N4NFFiaEwzWjlvMDdncGlVS3Z5Vjh5Z1cwODNkUWhibzF3dVFEZVVobGtxOXA0LV8zd3pmMzdUQzN6cWJiREFxWQ?oc=5,CBS News,2026-09-17,negative
CTA,"Chicago traffic, today: Chopper 7 over fire on OB I-94 Dan Ryan Expy. near 95th Steet CTA Station - ABC7 Chicago",https://news.google.com/rss/articles/CBMiwAFBVV95cUxOV2JTcWtFODBJaGduaFFKLVZYMFlSTE1EZWdlZHYxeHI3bDlDLWVGMDBvYjM0MFZHZkRwMC1nQ0xBZGZfdXpKaG9Vc3dTa081S0t2YW1RTUg1OUs4eFI1dWV2U25CNmw0QzBybDQtOGFxMXd1SXFnYmlrUzM4MElFU1QyREUtU2FvZV81N2hZWjc1WnIzVW5YQXRaZEFYV3cxQVFPc1V1RkRQYmkwNjhpZnFKdGhrSlV4OTVaQWg4SWHSAcYBQVVfeXFMTWI0cjVqcEdtM2pHSTJRUzFOWXljNFZfOEo1MDZsVk1mVHA3emhXWjFfbUJ1NnJwMEZMRUZvRFpBV0JGMnZDWV9YZzJOVWtreXRadlkyMmZOV1NNazNCV1h4TmdVZU04NjRzRTdpX19pNnZVeUFYZUhMNjJIaUwzcEJPaVJFSnZ4R0tQSUZfZHV4OHZadzc1ZlNFcUF3QTJTVFZ0MlJZaXZfbGdQUi15a1pxdVh2U2tnSmVZWlBnclVIRkhkeFNR?oc=5,ABC7 Chicago,2026-09-17,negative
CTA,"CTA Red Line trains running again between Garfield, 95th after person dies on tracks, officials say - CBS News",https://news.google.com/rss/articles/CBMirgFBVV95cUxNbHJNNERPWFIzdXJJTGV5ZjBQWE04S0NrNzVzZGhpMXdyRWtmRUZXdVJIcG5PTXl6MXVBdm44WHF4a09nOVdudFBlZFJaMkNmMmhmRXhqMlJVdFNVQjNOQW13c01TeUVVaFlUaDdDdnM1REttSWp2Vk1jY0tqa3FleVd2MGdIelp0WmowZktmd2JISUhqMzg1X3d4N0ZjSWRMR2x4YzNZXzVrR2FMSHc?oc=5,CBS News,2026-09-17,neutral
CTA,"Our Chicago: The New Northern Illinois Transit Authority and Changes For Public Transit, overseeing the CTA, Pace and Metra - ABC7 Chicago",https://news.google.com/rss/articles/CBMixgFBVV95cUxNY3BDdU5BRk1SRzc1a09hNkRKS0JtclFHX1pILWF2cW1lUVRnOXJxaU1ITmE4eVlfaU9nYWFSdE9CR2tscWowUEo1MTE3WmphcC10ekRBSjlmM0lGaVRuYlUzZHdLQmE2ZEFKT19zcnFBUWxCckltV1M1ekxJckZ6U2o0NkZlb1dwOGJlSjN2dmNVTmVvby1pZWpOWWJNMVptUUdKdHV2alNmRjZZeFJmenc3WVVHVHhEU1l2MWZIRTZNejBrUWfSAcsBQVVfeXFMUHBwUUNoLWVsMG1adW5PYlZ3eW1Qek9Kdkk0N1A3NXZJT0REQjdpUnJzR0NpVUNscS1NaFlaRnpCQ2o3MlUzWWlFUTExTWRZcjJobldNSWJHbk9iVnI4eWJsQk5xR0N3ZHNfT1hQSkU5cnFjUmM0WDRhYnF0US1tS2hHNEg1cWF1XzhBVk90cmpHb1ZUelllSGtXS2pVT3RkZkp6VVlrRVlnWHp1dDBQYXZaOEJqc2hmdHhvLWpsQXFfem5ocDczXzRIZ2s?oc=5,ABC7 Chicago,2026-09-17,neutral
Chicago Transit Authority,"Girl, 15, returns to court on charges of pushing man from CTA train, killing him - CBS News",https://news.google.com/rss/articles/CBMikwFBVV95cUxPLU1nU01yRFFBSzJSRWZJa3RxclFYUk5RbkxaRjZpeUxnZVpfaFJxRHZ1M0RfX0F4VEY4Vkt3MmNtT2E0Z2c2WVFBV19xVzMwdDN3anM5Q2pjSXJ6OXBwckwyekRKajF4dUNRaTh1SFdXM0tqWUdmbUUydGkxcmYxNUFVVUczTG1LbmFjOGNMc0VhS00?oc=5,CBS News,2026-09-17,negative
Chicago Transit Authority,Delays on 2 CTA lines after medical emergency on tracks halts service - NBC 5 Chicago,https://news.google.com/rss/articles/CBMitgFBVV95cUxQeEo1WV9rUTQ2YWt1a2wzcWlDNEh3b2NjaVhVZ3Q1Q0lRV09jODZVRlhBY2h5dVBCTlJnU2Z0V1lwdEZyMUV6QXR4c0FXTzJra3dIRkJtVmFuTmJXTnJTYy0tMFc2cGFYT3VibVVJV29laE51YlNJQ1ZIbENvMGYxcGxsMkx5VngtVzExRTBmeVFCVGpQbGdJZFRfc1p1X3RpMEpWbk5TckNmelhIN3BDN3A3ZzJaZ9IBvgFBVV95cUxNNGpZMDJ3UlN5ZlRRZDFCenhybmpsODZQUGQ2cmNkUkZhWVdfVWE0NER5NHNHQTFPbkQzQnhSblpIZmppTExBZEQySms0ajFRZG91aUV6TzZ1QloxU2ZyaEdHOGgwZ3ZXTllreXNBa1l5TnBOemtkRGhtLXJ5ekdOa19KMEgyQVR0V0pBZDJRSjg4c3ZsdE9Zazl2RlFZMGliY3plZ2tMdmp1NFhaYmhLZ1dzZV84RHhjLWw4MTl3?oc=5,NBC 5 Chicago,2026-09-17,negative
Chicago Transit Authority,CTA To Unveil Red Line Extension Station Plaza Designs This Month - Block Club Chicago,https://news.google.com/rss/articles/CBMiqgFBVV95cUxNUV9LMmdpY1VMZU9nSUtNdmN2VUxWUzI5WTJON1lmVjFtZkV6MkMxQ3Z5THdNWWdIc0ltRjZpb2VfUWE4UFN5aXVTUnRwWUJ3QkJTLWZyVXFnbDFPWkx6VWNsdjd4RkFVQmppYnBmZmFpT3N1SnlOdUJKV2hsVVhWZXhmY2ZHNHphdVY4d0lRX2VjTTJRRjBYcl8xNk9qN2Rzb2xQckRsQWZuZw?oc=5,Block Club Chicago,2026-09-17,negative
Chicago Transit Authority,CTA Chicago news: Legal fight for records uncovers complaints about CTA private security firm Action K9 Security - ABC7 Chicago,https://news.google.com/rss/articles/CBMixgFBVV95cUxORHJYY2RBb18tZkFqMHhzUVhtRkthMzFjOENZQkVTWXREWXNKME02dzhBUTBrZTFQT3hlUTAyTTdqdzJCZlAyWldJeDN1andFbGRCMGNPUldMV1UzZ2txN0x3YTBXdDJLSTl4eW9wdUFUMFFBUTk1ZVlQeTRvVDBVZ3dWcE9uWFZSS01aYTlGcWFuQUxFMlpqQjBwUk5MMEw3eG5hM25rZ2h1RVF3dmFiLTdfTzdIQy1FT3YwR2dEOVF0dzhkMXfSAcsBQVVfeXFMUFRLSkdzSlNJMjctQ0FqX25VN18yMm5CRWtKamlBbnBfTWs1SC0zdC15ckJVay10VENGMjJtbHZzdmtCcTNvV1hHanUzSkRGdjlJSW5TemVEbVFkRVZsa3NYakpaZkxaOXVBdjhOODFsS2JGc1UzN29Bb1hndUdSejJMUVVvcjZia0dIZGd6T2VPazRLQ3JvWGp5LWFQNjJOMTdiRmtxMWZ6a3NIVnJhdGE1dFh6MnhLdS1wM1RuQS1weGdVSkRQeDlCY2c?oc=5,ABC7 Chicago,2026-09-17,neutral
Chicago Transit Authority,Chicago police seek man for sexual abuse at Wicker Park CTA station - WGN-TV,https://news.google.com/rss/articles/CBMipwFBVV95cUxQZVdkVFNUYzFVcENHVURwVDN3dlp0dGdQNkJEOWhFQ3Z6VDgyYk5zYzhBMkhmelBQX0trM1BjbmpreDNvUWxERzZIelRQWC1RcjQxbEVjclExakRsS3BfUU1vWU5naFA0Wi1MSWlQSmZXXzJrclJFcENjcElRejVnMHRvZ2hLeTJLVkpyYjgyREREU3BWWEdtVlRLRlhuTTR3c21rNksxd9IBrAFBVV95cUxPV19WWV9MblJLandUWVl2QTZ3MU5Gb3BiN2xUNzdheTIwanlKTXE5YVRNR3pKaDV2RHFSRmRuYURsRXZycjlpNnNfRWtyWDhWMXZZM0p3aElHcWF4QXB5RnhFQUlkaW41TGcxaXNOMF9fTVhjOXFoQkY4ZHlpVWxOWE1tUUs4RkRfVDR1VGRDWUpBWDZFU0VPM0hzRHNpY193QkoxUDJZWjVKSGNR?oc=5,WGN-TV,2026-09-17,negative
Chicago Transit Authority,"NITA's reduced fare program expands to CTA, Pace - FOX 32 Chicago",https://news.google.com/rss/articles/CBMirgFBVV95cUxObUVGQVIzU1JuUlp4ZFdkRTFjcEItaGxxYmo5TmZJX1BQX29EWldOZXJGM0lKVFBpY2ttODZJeUFYMVpNZ09nQ1R2QWVPMXM0SXFjSjdqb3RXUWRzZDNZa3p5UUVzelc2NjNaOVhab0ZQajFBTG80U2JzM3hILVpBdzdMTUV6TThLWkNZS3ZEMTZXcDYxQ1NsNkFSVmZ1bzJkWmhNMFJjRUIzSThBMXfSAbMBQVVfeXFMTXFDR1c3RkRpeE42b1Y0R1NfZjkzanNGcDZsQ0ZqcXotTnB3VDNpNFF1N3A3LWxoZGRXSmVFVzhGTGNfRmY1SnNvTU5tSmpsS3NoVkxsQkJOVFRUcnpXTUZRekR6VnN5Z0QxeTlSWVlROWxqdHU0bXdWdHBPM0RZUVJiTG9YYlBDMUZzQnN2bkpLa241d3BEc3ROa09ldXdJVlRUYjE1X0xqR2xQZWhKMmFlUms?oc=5,FOX 32 Chicago,2026-09-17,neutral
Chicago Transit Authority,Who was Kyle Bickham? Family calls for answers in CTA train death - Newsweek,https://news.google.com/rss/articles/CBMinAFBVV95cUxOSjdidHpBYUNURmp4dEVUZnFMWEFIMFRhNmFmSkVZLXhhZnJLbG5kY3dvVGFZNlhQclBUQXVUU3JGWTR6X2lnNmFtZVRiWEdfbjVkQ2xvZC1ORzh2OFI3YUtQNUlLdm9GcmNtM2U2aGRtNjJKcGxWaVJoYUFXYkN6amVaZUVxeVBZSmI2RlhDSzdrNjRFemdMUXlwWEc?oc=5,Newsweek,2026-09-17,negative
Chicago Transit Authority,CTA Chicago news: Action K-9 Security training questioned after viral 2025 melee caught on camera at 69th Street Red Line station - ABC7 Chicago,https://news.google.com/rss/articles/CBMi6AFBVV95cUxQSVA0LWJxN0FBV2hBU1lVeXV2UlUtSE5IclRBNmdGVGpUSW0wLWJpdlFMSzBHc3Mwd2RUcjF1a21MN2NyMVVpdWk0M25PY0VrVTVfdVB5YWlwMmwzdEdvdnpZcEpQenhtdUtEZVllQ2s4M2dYX09QS3ZEZWNEQ0l0RXNkOTB0cFFNNzhPZHJjY2QyM19zNkRMVElIaEZycWdsUjNNUURxU1B0UDNwMUNqcUYtMUg0LVFwaU55RHVhTU9Wdzlkbi0xNTUtb1dpb24xWGVoUUN5OVBxR2E1N24wcERVdWRQaTlW0gHuAUFVX3lxTE5ITi1CdU1ucHdVUGpLblNDZlNxcWRjS2lZd3lMTWQwT1ltRVAxNjNhVEl0WUxSZlhrN05Xdk5NWHZmSzQ5aU1ob1V2ZktzRnA5TEVGWU02bXF3TXZQeU4tS3VONk5kUy16Vm5HTllqaVA0SU14ejZmVnczOXZBS3lTeW9qekEtNUNHdWZKRWxxRk56NUVLcVNVUTZyQVRqUVYycS1nZVh3bGxEd1J1dS1saDVPMnhEMlgwX0NQeHlxLVVKaW40ZmJzX1M1ZUg5OXZIX2NZeF8tWU8ySGpOQUctRkhqYl9MZWtLcXVsNHc?oc=5,ABC7 Chicago,2026-09-17,positive
Chicago Transit Authority,Depend on CTA to Get You to All the Independence Day Celebrations; Holiday Service Schedule in Effect July 3 to July 5 - transitchicago.com,https://news.google.com/rss/articles/CBMi4wFBVV95cUxOVTgtYjNyVHFRWXJoT2lDSi1jc2x3SUw0VFVLaGpKbVpRaHVXOXVxVWlSeGthV1M1d3F0M0R6aVRrT09iX1o1ajA5WFkzakVCSUxSdlRNY0lianhzVjkyUnRUMFRLNnRDQ0NKVlZLX3Y3YWFCNGpKWlQ3cUR6ZnFmRThhZXVKTWNxMzczTGUtYVo5NkZpd2s4RFZxeUlCNlhfZkVVRFhxR1VmSHYyR25uMmpYbk5SQWE5SnQ3YUJuaVJXNmhLdjIxTTlKRUd4Q0Z2QWdLOUIzbWlwaE1UY2x3dm5RVQ?oc=5,transitchicago.com,2026-09-17,positive
Chicago Transit Authority,15-year-old girl charged with murder after man pushed from moving train - KCRG,https://news.google.com/rss/articles/CBMioAFBVV95cUxPU1A5OVI4N0JsZnl3ckhVSkpWZ1hOY1pKVWQyVVpHTUdnQzAzRnQyalZhc09tVC1wc2swWWpuZ0RjbzZfa05NRkxkSkFUbThGZXdiSWZmOGFCUFlMSkY0YVBIRkVZYUhjeHZTMWZlamRJMXhWdjd5Y05IMXVrTmlwMV9RUmlJdDM5bG9JeGtBOGxmS3ZBcFk0TEZtZEpBV3Fr0gG0AUFVX3lxTE1rTmVFbk5BbnRneUl1TXA0M0tnclZVRWZsc2toYlR3NVNrVk5jZVlsZUN6WEY2VkIyV010UnRQOVVWU1p6MTBadnM3S0dQbnpMU2NGUm1VcDFLY1NhY1duR0xqbm5LeW9ZeGpHQnBRNmxLUFByNkthTTM5NF9OaVlLSEd6d2RmVlByLS1fdTN1RFBZOWQxY0gyeVgtT0t4c1ZxRUVRbUpRaktobXFaTm1xRHVfMg?oc=5,KCRG,2026-09-17,negative
Chicago Transit Authority,Chicago-area transit agencies start operating under new regional authority - Smart Cities Dive,https://news.google.com/rss/articles/CBMikgFBVV95cUxPM2pRREJvaUVRNjRYc3ZCMThpNGxqN09GcVpPQzBjTkdGTWlGejlqRUdWdHdyZU0xX0IwbllNNFNNUjJtNTktTW5sTEM0ZExLN29MdzJ5S1dfa21ZVzhwODFqYVBFZGNTUzNJNXhZNkF6SUpPa1RLY2NfbWFfemRsSWpxZ0JQaU5sd1U3aXNFNlVSQQ?oc=5,Smart Cities Dive,2026-09-17,positive
Chicago Transit Authority,"One Region, One Network: The Next Era of Chicago Transit - Mass Transit",https://news.google.com/rss/articles/CBMiswFBVV95cUxQUm9mSERTLUVLY1BuX3RBMHNhYU9tbWdCTnRiT3VKVTlSM2h2U3kyLXFaR3JiQ0dGUk50blpBb2JaSFc1VU1TWl9BRkNBNHFhM3l2RXlYcnRzeXE2ZjdmWTNYYWdadnVCWlBvXzVTZlM4QVQxZVBkVGE3bG1DSjBTWjFCeVFSSGFkTUtnQkpDdk1TQk4yNXlSdVFrUzdRNXlrWXJaWlItMVdQWWR5VVk4OTRfMA?oc=5,Mass Transit,2026-09-17,neutral
Chicago Transit Authority,"CTA Submits Enhanced Security Plan to FTA, System Policing Hours to Increase by 75 Percent - transitchicago.com",https://news.google.com/rss/articles/CBMivgFBVV95cUxNaFJHbUVwQmdtMnAydzBMNlBRalhYV2hHOF9yYTVWWGxUTUM1MjZqVnV4MWlkQUJzYUw3M0VESEYxbGxDVUNlRWFqVDVxc2ZOMmlxY3FVZnUzMlFBVjBvaG1vbXM4RVJPVlFwX204YWpGTTh1cDBMZFg3U216am9FUGkwRkE4MVcwLTRmRVNqRnpDbF9QM3B6V1RiSHVZaDV2TjlJalI4M29ReGp4WUVSbnFHYlNPVEo5bTV1N1Vn?oc=5,transitchicago.com,2026-09-17,positive
Chicago Transit Authority,Cook County State’s Attorney Launches Regional Transit Task Force to Enhance Public Safety - transitchicago.com,https://news.google.com/rss/articles/CBMivwFBVV95cUxPRjE3TzRtOVRSNE9oT0YtSjA2S3pXT19oLWtHV2JDejRCZVFjV2lMQzB5MG8wdUwyLW9FYTVmZHpRT1NuMEhwZklUYU5ramZfQTlES01FU29ianRLLWozM1Y1OTc5dkFhZ0xGemRjX19LYU95ZXRlcDB6Q3FadWltb2FjQTNFSV9ONHdEMGFPOTNFa2RYR0FudWNPMzNGYk15d1RRTHlBSzhPUXpGaFF1b1NmQ2JJVXlYeFg4RU03SQ?oc=5,transitchicago.com,2026-09-17,positive
Chicago Transit Authority,"New Northern Illinois Transit Authority board prepares for first meeting as CTA, Metra, Pace riders seek improvements - ABC7 Chicago",https://news.google.com/rss/articles/CBMi4AFBVV95cUxNaC12Yi1lQmNmTnNJR3FzVkVyamdWdmVLSWVEQUZFdEpmWHpxZFpPbFg5S0hXeC01N0R2ZmU1YXdwWnFzLXZXSHNhTUZDMHFnNWd0cV9GLVcyakpUOUVwMGpfdWJBQ00wSi1qU2NrcjRMUVhpTjNNblQ2ZGQxX1ozdXdxckhnMGtxWFJEZExjTVdBMUVLcUxUa01iTl94TnYzN2ZPNzJCU21UejVmX1loZGdZemgwV2lON1VqS1lwUGJUQVhGV2JFcGZfc25HNHpUUHdpQWc2XzQ4NUlTbkxONNIB5gFBVV95cUxPTV9wQUpVc3loM1B3X1VIbWVmczJueXhUazJZUmpOeXhWemJUeFUxcExKQlpQd0VKZGVxQXAyVG1YNktIZGNyMnhDbXl3YWhVWUh6SDZiVlhWMlBTMV9TcHpjNVRHUlFLRTJzTFkySm43N1NvcXdzQ2dlQjlXM3NiT2RfRW9rU2twSmNkWHFwSTZfZ3pQU3V0SUd2N2wyMHRMTDB2NG8xSHM0V1hNSjF5R0RkY3BlVGt5ckpsZW1qLWtjbGo1NXpvbmpiUnZzTXNnTEFxNEY1dlM2b0tQYlRlTzJDRXZOZw?oc=5,ABC7 Chicago,2026-09-17,positive
Chicago Transit Authority,"Girl, 15, charged with pushing man from CTA train, killing him to remain in custody - CBS News",https://news.google.com/rss/articles/CBMihwFBVV95cUxOc1J5TFQ5N0psOVVNaUNWSEpkWThPazQxNW1tYldhc2t1aVNtU2NKcndMYlUweGRxUjJ1WmFNcWlVMlh1UFM3ZDBPUDByXzN4alhJOXR6d3JSQ2pNZmpOWHJMNzZWaS1HaHhtdmdETkNvUVdOajA3Sm00ZFlwdUhsM0xTcG83MFk?oc=5,CBS News,2026-09-17,negative
Chicago Transit Authority,Pretty Cool Ice Cream and Chicago Transit Authority Partner on New CTA Line-Themed Giveback Pops for National Ice Cream Month - transitchicago.com,https://news.google.com/rss/articles/CBMi7gFBVV95cUxQRzJraW5qaXVQRGRaUWh1UFNBYy1GMHhvYnowakt2bTBycXJjeFR6dElxUlBDbWpWU1ZVcXhuRU1uMmR3eVRhM3FqNnNWd3NuMmZqQUExSWwzUzctbk9nMVBHLVh5dXVrU3BKUlpSR29mdzZ3eUw2ZnozaV9seURRY1JnZUxHRnQzalQ2aVhfM2tmZDgxWWlyNlEtREp2UVBqS1g3aDRSb3Jwb3FlWTZOMnNXZnA1WlN4TVdzcWIzQnNQNm1hb3lFWkI1WHQteVA1SVNNd2hUdjVJamR4SDlfVGs1SzEwRUQ4a29yV3Fn?oc=5,transitchicago.com,2026-09-17,positive
Chicago Transit Authority,New NITA holds first meeting as governing body of public transportation of Chicago area; discuss possibly of unified fares - ABC7 Chicago,https://news.google.com/rss/articles/CBMiuAFBVV95cUxOQXZ0VHRjNElGWXZOckJCTWF4c1FkbmZjZU83WE95cVc1Wm92bjJIX3FCSzFKU1laWjZSY1lkR1N5enA5VG9VRkVLMDVjOWFjQVdYazktZW4tUkpJVUt6ci05WnFRX282ZGoxU05RUlQtZjc4MFVkRnpjNGgwZlhybGhqRkVnWEFlU1RIYnhDT093a2ZaQ25GLXRjbHZuR1FleEdSQzJmOXpiVk9iNWY5N3RibUN3ckRV0gG-AUFVX3lxTE5hclFHa29xeUllNEdrY1JIOTExbVk1NFJjME9GWUNtb3VXTnhULW51b25NVUpBV09weFFLV1NJNV9ud1RRSV81TXdEQml6bENCMFJHeWdfeC13djBPU1pQOWdrcGxYZTZwMjJsdExCTHlPaGVWWGpVbzl3bWxXVzg0cndFRzBYWVhPU0dmTGM5V2Nicm9POG5aNktKMnNKcjFXWDB6TzdhXzhDNGotay1tR2h2OGNnZlNlc2dzd3c?oc=5,ABC7 Chicago,2026-09-17,positive
Chicago Transit Authority,NITA replaces RTA as Chicago area's mass transit oversight agency - CBS News,https://news.google.com/rss/articles/CBMikwFBVV95cUxNcWNjSEg0RXk1bTBPa19VTWJOdFNOaUxieG1qNWFxNGFxaVg2MmxCRHV5a2NQNkZVNDFJWnpZRUhpQ2xEX0pPa09odmx4eEw5OGotUHFnaHJMQnJRSnpRaTZIVElxREhPWlY1VFVKYndUT0FXSi1ib0twcDA4YmlNOThyTDNkY085Mlk5Nml2b3BUY0E?oc=5,CBS News,2026-09-17,neutral
Chicago Transit Authority,Chicago Transit Authority Sues Federal Government Over Paused Red Line Extension and Red & Purple Modernization Project Funding - Press Releases - News - transitchicago.com,https://news.google.com/rss/articles/CBMi7wFBVV95cUxNcDlGdXY3M0lZUGVvOE4yUW1FOXczTURfRXFBLW16SVBFc29Nb0R1NWJqRklyYm51Q3dQalFwa3UtMlZxTGU1U2tDZVROWTYwX0J4a25rb0FKUWpwQ2k4Zjd0RnRtQzUxMjh3SHJXN2VjYWZWc25TNFZlWlh1SG9ZYWxxT2JOZlNvODdKYjF4UXB6cmtwUjZKWjNDdnVyTWV1WmNEa2RjV1RyaWgzQXlQSzlSZUpNeGtxclZLcnlWVkphdUdJZkYyVXBNY0VybjVvamVDT2hDVDFMYzJjTlUtaVpOMnY5MXREa3lydFUxbw?oc=5,transitchicago.com,2026-09-17,neutral
Chicago Transit Authority,Elevated Chicago Expands “Elevating Culture Near Transit” Initiative with Three New Grants and Historic Partnership with CTA - transitchicago.com,https://news.google.com/rss/articles/CBMi6wFBVV95cUxQSW53TjNNdzRRamNrTlA4T2EydWpocnVnNjVwVkYxV1k3RHU2RWp5VTlEMHZsSlBkSVpuU2laV3BVUmZaS2ctN2J5WC1ZbHQxT2hsQm9VdTBVQkRSN3QwTFNuOHJYTUdpZnNkRzJJYktrWV9QRFZseHV6V2tyYl9ZZEpKRm5kdTdiSWZ6UDc3bmFmeGpwUi1JMGg2SEJ4OUlVaTV2YW84QVliaVNuQ1lybi1WeXExSjhjZ3k3bVNRdmN1RDlycUN6d2ZzR2hjb1NXM3hZODkwOUtRYmc3NnZZZU1GUVdMQ2YtcGFJ?oc=5,transitchicago.com,2026-09-17,positive
Chicago Transit Authority,Travel Advisory: Temporary Weekend Reroutes of Certain Loop Elevated Lines Due to State/Lake Station Reconstruction Work - transitchicago.com,https://news.google.com/rss/articles/CBMi5AFBVV95cUxOd25HWUFmQTNiS0JIVThzdGgyVTBmQkFEWkdYelNPSUE0dWVuNEc0ejN5WElTZklrT2dPbW15YWxNRkd2WkhCc1hheDU0QnZjRzBjcERnQUQybXJFQzU1TUFIZlVjSFdfRVZMZG4yaXQ5ZGl2ZS1IbXFqWkszc0E5cU1ZckF6U1d0OU4yYkVkNGNkYnZRTlc1UHF1c1dCeE1ib3ZCZWtROVh1T1E2Y3puenZqUGhIX0RGaVF2MjZQbzY5eC1zSVdnYXlxX3llMFo4MDZxS1VTX0Fib0M5Ylo2eFFjUmg?oc=5,transitchicago.com,2026-09-17,positive
Chicago Transit Authority,Take CTA to Your Holiday Celebrations - Press Releases - News - transitchicago.com,https://news.google.com/rss/articles/CBMiekFVX3lxTFBvZ0JMTU0yeVl0ZnkxeHAycjRpVjZFajNYeDBGcUFsWWdvNW05S0NCV2hPMTVSQjdxX1ZKeUY2OVMtLV9WR0h1SmRTN1o3N25NdEZRWUpSR3hhbHJ2S0pmTzdRQ05PVGpRMnJuVmF0RjkzNGxoY1JfbGlR?oc=5,transitchicago.com,2026-09-17,positive
Chicago Transit Authority,"Court Grants CTA Temporary Restraining Order, Directs Federal Government to Resume Funding for Red Line Extension and Red & Purple Modernization Projects - transitchicago.com",https://news.google.com/rss/articles/CBMikAJBVV95cUxOcG56X19EQnZKRUoycnE2ZE9QRGh4T19xOGVTM2xRQkVSVzNsblVBNnlxb3MtZktodnNiXzBJdXZ4RmJfaGJQTzR1TUQ1SUNuVzhhMld4WXJyaDVjZEZoamRZcGpjRWQ4THRRb1RPRW1BbEVxX1JMYTJQOGt4V3pSeUpOb0c3b29MOGdnNTNnam5xRGdHdTNtQnhmWldlWWdyXzBFUnh4R0JiLVM3MlUtbHZKTUxoZkxWdUVCcFNQVUhJOVVac0JmRGxBN3pQbFRzREd2X05aWG84UDlhSGN2MWptWjAtUTdHdjNlbmpZUU1TRmYxaEdHenZsZi00RjFQYTRJOWtJQWd2LURzMXRWSA?oc=5,transitchicago.com,2026-09-17,neutral
Chicago Transit Authority,Mayor Johnson and CTA Celebrate Investments in Welcoming Spaces Across Chicago’s Transit System - transitchicago.com,https://news.google.com/rss/articles/CBMixgFBVV95cUxPbWprc2hqUTV0RUdCbmpWTVNHTDF2VldrRlM5THc5TDhZVHprSzlJdXVzTmwxMktjNEk2bGRsbGV5UV9qcTJTZmlwSk9wMGpKOFRfWDJ4UjYyemJDdVByRXdreXBpTjdMYTlsSWRxRDV3X29pZTlKeERMOW5XZC0zNmVfY2d1UnhDU3NtUGNPeE1xemdxVVVQa0ZhYjF6Mjk1NFlxV3lzb05UWjJmXzVFVmo2YkVVLUotcUpYSzJ4UjBFY29uQXc?oc=5,transitchicago.com,2026-09-17,positive
Chicago Transit Authority,CTA fare gates could look like New York's and San Francisco's - Axios,https://news.google.com/rss/articles/CBMitwFBVV95cUxQN2VhSU9JSHJneUJvMnM4MjJfR1M5Z1cwT1NGZW5RSzdHQUp0SEFhZW9RWU5UaDMybGhQMGdBZzJpUkhmbVhGaV9abW9HU3lSQXExc0djcmQxTl9selNtSDJXbkVHWGIxNThBWXpiM2RHWUs3SGVxbXpFQmlrMFhLWFZCanYtS1hHQUJBa0tRN2RWaGhjZXEtWFloLVVQbDZfQTV1TnBwOUpscTR6ZEdJbEd0d3V0YWs?oc=5,Axios,2026-09-17,positive
Chicago Transit Authority,"‘They took the world from me’: Man dies after being pushed from train, family says - Action News 5",https://news.google.com/rss/articles/CBMipwFBVV95cUxPdmt1aGhVM0FWMThGZ2I1d3RNM3dZdmtvNG93NnZiN2Q1RXdHZHEzOVNCWDk0cFlpWG1JRWkzSGhJYmNqSEJTS2V0RGI0MmswT0lpcUJLNXlSZDJLeTVVOFRKUC0xMXJRUHZzWWtSc20xUkZmOFVTZDZmcDVHQlJDcTY0eGxySGwyNTJvMXJQZjFDQzY1cFBRVlVWQVJzRFF5UzFEdnNWb9IBuwFBVV95cUxQaEs5UUI4cWdYTDZ6TFJXOFQxRG05UjFDN2JkQTM2M0VUWVFCNHJrbFJmRVZvai1FOXJZOEJDU0xwbXFLTUUzaGZDdk5BOHBsRVp5T3lmUWExc2xUZ0RfWE9EcEtCUkYxc05ZSlRWSFk2TENTek16N3E0cC1yQ1dFaHpRQlpUWWFQdlpwRDU2bGs1OE96allmQVZsVlNoc3F4TDlaTFcxc1lXaHo5M2x6aDM1QlVaM0l2ZC0w?oc=5,Action News 5,2026-09-17,neutral
Chicago Transit Authority,Chicago-area transit gains new regional authority - Planetizen,https://news.google.com/rss/articles/CBMinAFBVV95cUxPMzVCaWJOd3RNdmN2clZMR0JrVVMxcjU2cHBrYlN3SUZwMXVnbUJnRVNjeC1qSkFEOFRWdkZiRklwbVFvbDZEM0wtdEpPN1R6cUl4YlA1WF9lTU51N1Yyb091Wl9hc2NJQWNSd2lBU1p6Z3Roa1k2NllLWmpnU01tZVJNWVNvSk1zS2kzNVBYUjE1LXVjQ2hqZ09MR0c?oc=5,Planetizen,2026-09-17,positive
Chicago Transit Authority,"NITA, Chicago’s new transit agency, is meeting for the first time. What will it change? - audacy.com",https://news.google.com/rss/articles/CBMie0FVX3lxTE9YcWxlUWM2SDduRUJjdDZzNnJoQ1ZYODB2SjVMRkdYRHJybW92WTJ2eFZpS2dUQ0wtNGVGNmtQaVROSHJ3RGtyMU90UE5XR1BYa1UtVFRJcndtN1NPclBEM3JObzN2a2VXcHZ3Q190UFl4MWptNHpVTFFtUQ?oc=5,audacy.com,2026-09-17,neutral
Chicago Transit Authority,The State of Illinois Newsroom - gov-pritzker-newsroom.prezly.com,https://news.google.com/rss/articles/CBMiowFBVV95cUxPX2hKTjNxRkFpZEgtZEhrVWE3SzZoMnhva0l1Zkk3dmlQQmY4OGJyXzlZbzBmRW9RSG1qUW1RWGZ5clZBQjN5T2sxX2cwMk9CZk92aUk5TG90WUVKeGtNSjZ6VWVTN3A0UlAtdUd2OHBITUUxbEdXbnQteFpPeDB0Tk5MdjlBaUZxalVGbFhlRndObnpNMlU0b3hpZ1hlZzNvZWRj?oc=5,gov-pritzker-newsroom.prezly.com,2026-09-17,neutral
Chicago Transit Authority,75th Anniversary events - transitchicago.com,https://news.google.com/rss/articles/CBMiTEFVX3lxTE1zV3V3YkxuSEhJQko2ZzJGQVVZc2V2Z0lkU1h1OUI5Zy1zTGVoWlQ4NGZJSDBZRS1uc1NNYTFoMV9wUDIxYi1idnVIRGI?oc=5,transitchicago.com,2026-09-17,neutral
Chicago Transit Authority,Man wanted after allegedly slapping woman on CTA bus on Goose Island - FOX 32 Chicago,https://news.google.com/rss/articles/CBMinAFBVV95cUxQNWhTUDdVZWRXQUFKU29LUkRWVU00NEFTUlljbzlRcHQtNUpUSzNiaE9QZERxUE94aWE4NzF2eXJNN1Bla2M2ZzltYUNwT2xGdmFlR1VDTzZXelhOMXJkdklMaXNWdFRjdnBFY3BWbjNoWUtTcGNzcnVqM09tcHE5UHR2ajhfV1FHOUdUMG55S3lXQkt1empFVkVBeFo?oc=5,FOX 32 Chicago,2026-09-17,neutral
Chicago Transit Authority,Chicago Transit Authority sues to restore billions in federal funding - Politico,https://news.google.com/rss/articles/CBMilgFBVV95cUxOZFN2bnY2bTJOT1NLVFV5UEtqR19QMWZfNnh0N0xuMzlPVTZBY01sOEtoc2lhYmF6YnpNUVZZUlNpdW54aGdQTTBBdE1oa0tHWm1mTFI3dlkzWVFoV2laLS1LN09naHRTRzNmUmwwWXBGSTFQT1BHb3IxN0ZENG1TdG1SNEJoY1p0UExPLUxOODZndDJVZGc?oc=5,Politico,2026-09-17,positive
Chicago Transit Authority,Chicago Transit Board Approves 2026 CTA Budget - Press Releases - News - transitchicago.com,https://news.google.com/rss/articles/CBMihAFBVV95cUxOYUQxQ0s5bHphNExIZ1pmU3RNV1p2elotQTUwZEpxLXh2UkxqMjY5M0d6MU5kUGtGWlZsWDRRQlhKV2RVb1lHa0ZqMFltYXB6NU5NWGNHWUpiS1B2RDVjUnFnRXhxRWJ0cU9iX0F3eHJvWDgwbDhYNFpGZVhUMnViSEI1bC0?oc=5,transitchicago.com,2026-09-17,positive
Chicago Transit Authority,Chicago police issue alert about man who groped woman on Loop CTA platform - CBS News,https://news.google.com/rss/articles/CBMimAFBVV95cUxPTWVOS2ZfN05JM2ZsRWlwSklRVThIRGdtRTIyWmJsNDBOUEpiN2JYcDlFTThUOHVFbkxZMWdHOGY3UGlnd3JYLW1fQ2ZtWldCakJqbkZibXJqQzFNdnRNZFVCdDBKX3Fjb3YtYlBrVFhaeDV3T0V6TmxWVmFPaW5KbDBZV0RYcVhSRHU1dl9zbkRZOFBFWDJsdw?oc=5,CBS News,2026-09-17,positive
Chicago Transit Authority,15-year-old charged after Black man was pushed to death from Chicago Red Line train - thegrio.com,https://news.google.com/rss/articles/CBMiiwFBVV95cUxNWDhBZS1qTXNxSGZVMTJwMGFhZzI3akc5cVlVWHBCcWhPMGFXd0d4YzU2aC10akszMnZneGVsdjRJdlcyU05RRW5BREQ3eEZrbzZEVVMzdjZaOTBWWDdXLW1RWUNWd2hLNm0ya3dLZWZuV05HVlJrT2tkOURGbF82aVhWXzBzMVJucjJz?oc=5,thegrio.com,2026-09-17,negative
Chicago Transit Authority,"Construction to Begin in January on New, Fully Accessible State/Lake CTA Station - Press Releases - News - transitchicago.com",https://news.google.com/rss/articles/CBMirwFBVV95cUxQUWFDT1pnNGhxWGdfeUt2c2Nxd1UtQXROT00tTnRzLWhEYW50U3ktTTdBTDIxWTJBbEVPOU1tWG1vZl9tVzRsR3VVY2RMek82TzhtbGRvUkpyRURiemYwVkF5R2Fyb2NtamZoWl9MekQzZHU4MTBFQW1iamdTTDE2YTc5UUY5QUlEUVNmY3BMdE9Rd1l3X3ZSS05vY2Q2Sl9tVGotQVhEaC1oSDFXQ2Qw?oc=5,transitchicago.com,2026-09-17,neutral
Chicago Transit Authority,The State of Illinois Newsroom - gov-pritzker-newsroom.prezly.com,https://news.google.com/rss/articles/CBMivAFBVV95cUxPenBuSGVrQUZiMHpFaTBtb0Jma04teG9MZ21OQ1ZsNGdQb0ZYSEVoUmlSX1VPeW4xM0xnZEtiNndmdk1hMzl6dlFMSWtoQm9Wa0g5MjdwemhoRXNuMHpySEx2YlVPZDlDV2ZzZ3ZFaGtGR0xkVUdHNHp6X2FkNmlrNUVud18tNFFUb0dPanR0dEE4M2t6aHBzQkgtaDJCY2Y3QXlCS0hCal8yeHJrWU1vdHZJSHBfS1RNVU04Yw?oc=5,gov-pritzker-newsroom.prezly.com,2026-09-17,neutral
Chicago Transit Authority,"CTA Board Approves Slate of Social Service Outreach Efforts Focused on Violence Intervention, Homelessness - WTTW News",https://news.google.com/rss/articles/CBMiuwFBVV95cUxPMWM0VG9BS1hpamxIaTdoNGJ0ZVBtNFdmUVB5ay1GMGZnMGo2ZTRwQ0RUSlF2M0J4SWc0U2lhTjJLaTVWYXFMc3BnYWNXNExrNlRGc0kzUUZqZ01rU1A2aGNyaXlscVJnQk9IeEZqbV96cjBFV1ZCUk1IblBpcnlYZFF5ZUxOSHhmcWNTVVJiSXNRY1daRlNnWTdEa29CR21YT241S3NyWUg2LUVrd0hSVVVSUzZzVzJodEZn?oc=5,WTTW News,2026-09-17,positive
Chicago Transit Authority,Platform 60201: A history of Evanston’s railroads - dailynorthwestern.com,https://news.google.com/rss/articles/CBMimgFBVV95cUxOUnNBNXVxRmNpVmxOU091WmhfeU5FbmtpSmowWkFoaXZLUUVpYW9MaFBUeVZKdmVJSFR1bHRqdDBJSDhZbjJyU1hmXzR1V0tuVHA5RDBkY0ZGeHV3bDlKQmw3UlBleU00TnduOXFCTkxsVUVVRldxV0JPWU9GVGE3S2I0SzR0TEZ6dnJDUElVQThxaW50ekhtQ0tB?oc=5,dailynorthwestern.com,2026-09-17,neutral
Chicago Transit Authority,"New signs intended to deter crime to be posted on CTA buses, trains - CBS News",https://news.google.com/rss/articles/CBMiggFBVV95cUxONmV6RTV2WldwUGt6RTBDNGJyLTF6MjBQVnlMZzJFMU8wdjBNQjhOT1ZKTDlHNXZMZDZYTUoyN1YwTTcyS1F4RXdyWm1pWlJoOFY2SVFBUVFpRldhREZYMXFsUVduR1VESVVKT2ZuVTI2LTNaalZ5TEhWYVlkS3NfZVlB?oc=5,CBS News,2026-09-17,negative
Chicago Transit Authority,"K-12 students now able to ride CTA system, Pace buses for 75 cents - CBS News",https://news.google.com/rss/articles/CBMiigFBVV95cUxOeW80UXBsNGRNdldRRkRRanZORVlPU0Y4SEd1aHA2cDlNeUplOHpLbnpRaGN3SDVTR2JpMnFZc01tQ2QyZWV6NFd2OHplYmlUcGM1REtwc2g0SE5xUXh1ZDc3RW4wSE50YkI2ZUF4U3BHZ2V3UjRTVzZ6ZVJOVW1tcnhfVnhQOUhTV0E?oc=5,CBS News,2026-09-17,neutral
Chicago Transit Authority,Crisis Intervention Specialists Pilot Program - transitchicago.com,https://news.google.com/rss/articles/CBMieEFVX3lxTFBfLWg5S0dkMEM5b3VjN01uRHphcUxJZHlrdG5mYk8xY3VJWEVpM3lLWktlcTgzeTNWeEpnYW9XdHo3eVJSUHZUTm93X3dZXy1CX0tYdnhPcXZUNlVheHV2dVllYk9DdTh0Q1JGUWVBeC1FNGxBdlQ0eQ?oc=5,transitchicago.com,2026-09-17,negative
Chicago Transit Authority,Afternoon Briefing: Interim leader of Northern Illinois Transit Authority chosen - Chicago Tribune,https://news.google.com/rss/articles/CBMivwFBVV95cUxQSUZXRWtMOVhlcDI1cWpUU2hKSHRvQWhSWjRFMVBGVkxmN0FidlVMLXc3UTNYd05mR2d3NThFNG5vLTJrMTJJaUFqTW5ZRE9DeXE4ek5WOGN2UW9yOU1YYU5Ha3ZadkgwMm9XOE10U0dQVHA5THpVRjZtRWs2VjB3RXpjdkpBWXhqUVBxVzRMQlhEcWc5N3lpNGRGdWtRc3NfbEhsd1JUMnlURFZoQkdxLWFucFNZZ1A3Rm9oVnktRQ?oc=5,Chicago Tribune,2026-09-17,neutral
Chicago Transit Authority,Northern Illinois Transit Authority launches despite downstate funding concerns - Capitol City Now,https://news.google.com/rss/articles/CBMiuwFBVV95cUxPeTEtLVJGYS1mSlZwLWFCZ3lrcS12NDd0WXdLdVVENkZTTW00S25TVGtRb1c0Z3A5SDNPRkVIclVMb1p3ekdyeHI2U0FNVjRhNzhBU2NjUzVjRkE1bEY3dEtuWXhGWEdaVGc1NVBNSkdHT1RQcEdKSmZjRjR0WXM1SDRkaGlEXzNNdWtMVE1qYkhkcm00dzRQa212empPeEoySVJGTVhoTGxoMjZBekljTktLZm9hMmFfSWkw?oc=5,Capitol City Now,2026-09-17,neutral
Chicago Transit Authority,"CTA Chicago news: Chicago Transit Authority lays off 159 Monterrey Security guards, redirects funds to police, other resources - ABC7 Chicago",https://news.google.com/rss/articles/CBMi5gFBVV95cUxOM3dTTWpGZlh3a1p1TmZvNi12VkJfSEJXaGlIblFHUVgtYW9lLW5RRy1DWjdZUUlQMUtRMDBBMk9LUjFHUXFycTQ4Snc3ZXJzbDRoa3NILXlidHlKbzNqU3RFOHFONm40SFZ6ZnUxTG0zNm9hYWJTOWF4c1h0UmdTRTRXcUZGclUwY0c0MFBETTNqOGNvdC12bVF2YzlDbTVoWWFSMm9EZVM0bVZDSkNWN0piQXNkck5wZzBYVDVYTHc2ZXNBMFJfS01QejBsNW1hMTJ3MjZBdHlRaXFyLWpxcDV1NnYzd9IB6wFBVV95cUxPYzk1S3g2NGxaM0wxeHhFQ0NPM0V0cWlSbFF5THVoQjRaRm4wN3ZQSERqYzRFRlFXM2t2N3ZDbGNyTHVMYS03Q1Q3QnAtTFVKWXpEWEVGZkhjaXRkeF95ZU1Zd2p5cE1LYU12Zk5WY0h4U09QMkdOQ0swLVpBYTlaRGtpajhVVGIwbVU1d0Zwbk1pUGowZ0ppSk5KM29fOU1uenpZSzE2alBySWwtM2Rxc2hQVTB6N3ZjVm8zdHlfWV9EWGwzMUpBNTRHUUxxS3Z6ZUZ0Y3NoV0lyZWR6V2k3T0xDZ0gtNGRUa0dj?oc=5,ABC7 Chicago,2026-09-17,positive
Chicago Transit Authority,CTA safety: Cook County sheriff says dedicated CTA police force may be needed for safety on Chicago's public transit train system - ABC7 Chicago,https://news.google.com/rss/articles/CBMi4gFBVV95cUxPUDBlc2lpV3BlM2E5cWlrS3ZDd0dKRDJVVWpMamNISHRIbTdEN1lPRVlOakdqcHZkZXFzalA2VUdacFdQSGdVdnFKN1d4ekZiNENDYURTSHdzQnp2VC1jbXFjdDktZEFsQk5BYk5wc1lPYTRfWDM5Vk5RM3dvSFAwUVoxdEtGUFhGTk9EZ241aDhrV1RGek1RbW5VTUh1bEZSbnlCMlV2TEQ0VWJtN2Ixc2stSGxISHdRQzBEeFgwU0NqLW9RNlZBUnAyVWNlMUhfV090UjZ2MGF4NXJRdGs3aXVR0gHnAUFVX3lxTE5hR1A1N2I1UnBhR1B4Q2VJc2lBU0E2VmJNYUhJQXdtX3h4Z19KaUV1UlpacldPenVNZlFyUngtbGdJaTY4UHdZSmk3QW0xU1R0Z2pyc1o5UE9TTXp5SlV3Q21HNGFLY1RVSE9uX1c3OFpSU3FDMzNQVEtUNlNRQVNCWDh0czMwd3FwbTJlVHR6ODRPS2hURzVycW1kd1UzdU44R0R1X0tYNkxCdmdCeU1ITjFlbTEtTGtCVFNTMnZMd2NLLUplV0NtSjZBZ2M0ZUtPZVIyc2FvazhJc3BoYWV1ZDJPRzZTOA?oc=5,ABC7 Chicago,2026-09-17,positive
Chicago Transit Authority,"CPS Employee Accused of Double-Dipping Through Dual Employment Scheme Now Works for CTA, Records Show - WTTW News",https://news.google.com/rss/articles/CBMivgFBVV95cUxOeUFkN0pPTWdfOWxTYVItOHdYUTIzSldUR09Yc01Rd2ZUSmE0U2tOMXdGbVdQMFU2OGdoUS04OVMzeTZMU3R4cENGdG5HbVJyQ0NCZl93M2pZV19oWjhnNnBYRGdPb0hGUFhYQWlGQlQ0VTBiUW1EUEp1UU9scC1Xa094clBsYTZYZmVGVHJWMVdTeU1kNlRUdnRETWkxLVdQVkZjdy04VW1nUWl2QWlyclJUcEU4TE1ndjF1Z0t3?oc=5,WTTW News,2026-09-17,negative
Chicago Transit Authority,Fluor Joint Venture Reaches Substantial Completion on Chicago Transit Authority’s Red and Purple Line Project - Business Wire,https://news.google.com/rss/articles/CBMi-AFBVV95cUxQdGozdnhUdkNKQm5ZUHhRRF9hbjRPMGRmUzA4SVNhdzBqUTNCUi1Sb0lYMWRRSy1LMEZmdllOampKWTBuRGxIMlE3THEyLVdZRmF4bjFxWmo0YVlhakxZd1kwM2JjRmdHTHozYkRvTkZ5SG42VWQ1S1kzQ2ZDc1l5WjBtLVNBd0I1SzFHMm1xYnhLR0pMbVJIRjBSV29QOTF2QWJOQzZwalVBMW96YlFXaDRWVFNlVHQtRDlkdnZUY1V3dGRXbjgtVkRnTkxWQ1pYRHhhcUlEd091a0ZkWG13Z1dYRVpYYlRBMlJsTkdxNHJNRFA5U2RQZA?oc=5,Business Wire,2026-09-17,positive
Chicago Transit Authority,Chicago CTA leaders say crime down 30 percent over last year - ABC7 Chicago,https://news.google.com/rss/articles/CBMimgFBVV95cUxNSGM1aFVsdVlQWlY3dUgxb1hSSXlCTnFrZ3VFdlpnaG5yNWpyMHVGNGtFQmpyU1MxaGppM1EwbENrQ3hnRjQwVV9tUm5iZXNWZ1kzTjQ1NkpTeG1zVkxHS19xMkhkQnVXNDNpZE41QmI3NUNUTlNzS0ctYncxSThJa3ZZaDhsdTJVTURPR09vTjZOUkx0VkZpbDVB0gGfAUFVX3lxTE9xcVNSM3FZbG1QalYwXzA2ZVVjTEpodkliOUExZVVmRkVmQktJVC1aT2VkSU1sYmMwQV8tTlBLU191aFZZTFJUQlFqQ05YZVVuOGQzbjhxVEVCN1B5bzE1ODE4UWw2X1VGcWRENFpzRFJJUnRwbzJDZHRGSER6YU96VnBMVUtUSk5uS3JmZEhscTlXX0RmZmVmdlM4S21ucw?oc=5,ABC7 Chicago,2026-09-17,negative
DC Metro,Transit leaders from DC's Metro and beyond bring safety and funding needs to Capitol Hill - WJLA,https://news.google.com/rss/articles/CBMi1gFBVV95cUxOX09HaHJneU1MMXZfUTJkQlNnQkVZWTlndzAzTFF1UU9EdWs4a3ZkQXhib3lyMTlpT3ZSS1NKeW15aWdSSzNadFNtMlA5OUtMV0lhVk9qWG5JSFBhS3FjRDJYZ1kwdndIZmVNcTF1QzNDNW5pa2NRR0FFSG9jVVRTOVZkbXdSelE1OUFqOUVZRGM3cDVCY2RFMXpBdkxBbXZneVhNT3JSeEUxbnpNWHV6TFlSNnVteTdFanFLMFZPY05YNlNpMWQ1dmJtU19TMmdOM3ZoTW13?oc=5,WJLA,2026-09-17,positive
DC Metro,Bell Partners Adds 501 Apartment Homes in the Bay Area and Washington D.C. Metro - Bell Partners,https://news.google.com/rss/articles/CBMiswFBVV95cUxOcjM3MWFHYWRLT0g2RlFPeFdaLWJGOGRMV0YzVmdLNVJpSXdJWVg0VmJQQTczYUxsOXZOeWJFZ283QndKTUkxbTVMLXZ4TXMzQnpmS1JBV1ZNOUpLLW1HSVJPR1RYNDVDRHBRdUdES19VWGE2cVc4aHUzN0x3NXBUOUdJbnFLOGg4WFdoLVlVTDFfWng1WmJnQ1hrM0gwOXdNd1R0LWltaHl6a1R6SkFyN3NGZw?oc=5,Bell Partners,2026-09-17,neutral
DC Metro,Federal employment is growing again in Greater Washington after months of workforce reductions - The Business Journals,https://news.google.com/rss/articles/CBMikAFBVV95cUxOVmRicHhiMnlzYU1tT0k1dXIyS3BJeWkxQXlBNHpKMGRPNTJmMC1FdVVxTU8zTTdnbzdFUGlJZEQtZWR2SXpDdzBkZ2V0UkJQOTRNbGh2UDhsNTJ6WDZZMXlvUk9mRXlQTFFwZ2hLTEktMnlsS1cyeXlUb3BkQnFLeURLakthR2tQMlQtbDFENUU?oc=5,The Business Journals,2026-09-17,positive
DC Metro,Metro & Rideshare - Freedom 250 Grand Prix,https://news.google.com/rss/articles/CBMiZEFVX3lxTE8xQWg4N3NWS2tfVFJZcnNSRzlCWnR3Y0hzQmtRWDUzZ0hMaUNDSTNIVjZNS21tY3d5aGNMNW9NUVJUT1p3RXNaTlE5SmR5MDlPT1h3VTJ2cjExVDhwN2RtaEdrM0k?oc=5,Freedom 250 Grand Prix,2026-09-17,positive
DC Metro,DC Metro’s Red Line commuters face a summer slog amid station shutdowns - Maryland Daily Record,https://news.google.com/rss/articles/CBMinAFBVV95cUxPU0phaGJsNUI0bUxkWnF0SnFOVjNyNzQxd1JuU25aTzBiTEd1RnBQcWlfMW9WNGZib0R4QjROeWxZUXR2OWs4aGVqTXBfLUpLT2NGMHhMLWJjVHdxdDBqU0xoRXJSRnBxT2Z2STJUeFBNYU5sc0VwX0xIMGF1aVNBMFhxZWt1TjU4MTU2LVdDLTl4TjV0NEJ3V1BRMS0?oc=5,Maryland Daily Record,2026-09-17,neutral
DC Metro,September 11th and Public Transportation - Eno Center for Transportation,https://news.google.com/rss/articles/CBMiekFVX3lxTE9aMFlTYTFIQXhFSS1YLWpxVXpuZks0YnJ0SWVQZDRXZlNZaHRSeE5abzVRQVdPN0xnNGNFM0ZfRWNKNWtxSXJONDBlZlYtR2RmZ1lQSVgteTdkd1dSRHJpME5HWmhRWHhfR25lUjBObHNHTzE5WmY1empB?oc=5,Eno Center for Transportation,2026-09-17,neutral
DC Metro,DC Metro trains and buses to stop for 9/11 minute of silence - washingtonexaminer.com,https://news.google.com/rss/articles/CBMimwFBVV95cUxNa3pyQVdfR2FuSXFwZ1MyX3N3V3R3Vl9sU0h6ckZXUWtxenZmQWJXV3JwdUlfbllNSHpuazJmbWM0NVhPT3VyWXlxNlNHc3JEU2xOdFJOVXNGLW9lVHc0NTZRWFVnQXQ0X3YxbnlHNnY1ZWpaeWp2b19USTdydHBiekFMSUFMUndVT1ptZ0hfMWVDVGViSWU0MVVUbw?oc=5,washingtonexaminer.com,2026-09-17,negative
DC Metro,Why DC’s Metro Wants to Automate its Trains - Bloomberg.com,https://news.google.com/rss/articles/CBMisgFBVV95cUxNbEpRNWhsWTM2THVhbGdIbWtYMG0xV1RjRjVOSUxnNmFLdS1lOVdtaC0zTXBPQ0p1bjU3Z1F3bkpfNXRNVkZRblBRSjRDUzhaZ3lTNGgwaHV4LTBIb0Y4OU1pNUFhR3VreWtQV09LcVFJZ18xclFwM0FKZTNSM0hrVkRuN3JGYTBoVV9HVHFfdXhmY09hRDJhRWROa1JBMGRoMFRSVkhmczJnU0IzTU1aaWZB?oc=5,Bloomberg.com,2026-09-17,neutral
DC Metro,Howard Advances Plans for Long-Awaited D.C. Metro UPass - thehilltoponline.com,https://news.google.com/rss/articles/CBMimwFBVV95cUxPVDVSaWxNQW9OZDdTRFJoUDI3Tl9tdmExakJ5ZWMxb243Mjh6ZHdkWWZqRDZYQ1Jic1lFY3dCZEJLMmhIZEZQZm9jUjhvNXhIUmhNMnhWanNjWHFFQ0hCUXVnQXBFQU8xMHRoeGlNUWVGLXZ6VjJxN3doOGZIWUMxaXJUN2kwamR5aXFKTmNqOEZIV2E4cC1aQmhpWQ?oc=5,thehilltoponline.com,2026-09-17,neutral
DC Metro,Metro hears from neighbors of the new Commanders stadium site in DC - wtop.com,https://news.google.com/rss/articles/CBMinAFBVV95cUxQZVB4OGlKQVRaNmo1N0s5aUlGYWk1SG9TVFdST0FOSXh0LVBwWng5dUtRenh5UHpyMWRlWDJSVzNQSjZ2Z2tGbWdJZ2RXeGRHMF9nTWo2Y0k5ZHVBeDlvMkhNV1pNMjl3VlpBeXF3REhPdDV1Umkza0pMQjJuS2VFNWFTMWphamgwbVNCTFVtdHVqd0E1cTRDalIzemE?oc=5,wtop.com,2026-09-17,neutral
DC Metro,Why not everyone is happy with DC Metro's new signs in stations - Yahoo,https://news.google.com/rss/articles/CBMihgFBVV95cUxNSGM3OTVzc2IyYTF3dm1XQnJoV2p4eXpDWGk0Y1pNMTZwXzRPMW4zSWVtcWJUR2J3bEpuVmdrdTBEcWhTSlROaEdJOXFETk03bkwyRXlOVEZtY3dVRGN2OWRzN00yQjVHR01TQU5iMkp0Sm1BZFVWMmRaR0RIQ19aM0tfTDc5dw?oc=5,Yahoo,2026-09-17,negative
DC Metro,"Mixed Signals: A Housing Update for the Washington, D.C., Metro Area - Federal Reserve Bank of Richmond",https://news.google.com/rss/articles/CBMi0AFBVV95cUxOaWNFTTJsQWdWZFNjN3V3QlZDVFNZMy1YZEV3LV9YXzlQeDE4WFBsNTliWjVWd2M1dW1xTUtfYTRGSGRCMEhJa0c1a0ViN0x5SkxTUGxOajE2cXVEaDQyTEpOY3F5S21Fd0QyRkNlaFdsd2FPcjRSbEN6MnloVzJwbXczb285b09vdjU2clVpUGRUcVlSd2J4aFlBUkRwdnFBb2tvS0lJOVJWdWZESjhWR3JROXFTOUd4RlJoUm44XzFkTTJpYkNtS203cDZrMi1Q?oc=5,Federal Reserve Bank of Richmond,2026-09-17,neutral
DC Metro,Metro rider recounts encounter with Patriot Front members in D.C. - PBS,https://news.google.com/rss/articles/CBMinwFBVV95cUxOX2dDN2JfeHoyWDhlc1Z2VWxaWGtRcEJab2FibWRHNnZsb2hDME1YVVgtU18xQnJKelNYdmxFclhJTWpLY3oxVU1rcWk2b19VRHBnQWhWUHl6dzNRRXl0dzlldEZJV25ydUxWVUR4SkFVWEh1RUlTT0ZXWWhRU0JiZlZvT2xRWG1xdDZXZTZFSm5ucGRKNlJCcWE4aWZqelU?oc=5,PBS,2026-09-17,neutral
DC Metro,Most Metro Fare Evasion Cases in D.C. Are Thrown Out - washingtonsun.com,https://news.google.com/rss/articles/CBMiXkFVX3lxTE9NcENhOWNRdGdldFBNTVc1SV83SUdYQVhTNWJWOUItYWpKX3VKTVJMeVpaSl9JOC1WSTljR0ZqYml1eHllSFYtR2h2NHF3MjNaQnVBUUVaQmkxUlZ4cUE?oc=5,washingtonsun.com,2026-09-17,neutral
DC Metro,Pardoned Jan. 6 rioter sentenced for DC Metro assault - FOX 5 DC,https://news.google.com/rss/articles/CBMimAFBVV95cUxNQWswRU1peE5BdUNHTUJpckNmajRIbnAtQWgtbHQwYVpuSG9rUGhEYlZYVUFQU19zTUJkaUNSZlVOQXVXUGRQVE5FU1JqdThqaTgtODVJTF81SkRjNnUzOGNhYS02V25ZWG5BeWFjZDBXeTB2Rk5JdVU1eUE5Wmp0LTJNY2hRSGxJSlI3RG5OdWJZZTBLS2kycNIBngFBVV95cUxNWHNwa1hlUFRiWXZDa25QNDUzZWhUQ2VNU1UtdnFkRmI1NlFuSFd4ZWRlcDd3VS1IOFJzWS1IMHp6UnV6czFGckc1a1RXODFpZTJNaEsybVdsX2h1SkJjTGJpdkh2MUVDVmJsNmFOaUE4SmhZV3pxYi1zQnJNTGVLTVhWX1NEWE5DcUV5elBXenZnSTZuWmp0YmFseEc3QQ?oc=5,FOX 5 DC,2026-09-17,negative
DC Metro,Transit leaders from DC's Metro and beyond bring safety and funding needs to Capitol Hill - WJLA,https://news.google.com/rss/articles/CBMi6AFBVV95cUxOdEdRNjRuUW1HakVlY0hfdFpvT2g0Q1R1TG91LWFaYnBlMGRua2pVVWNaYVpHSHViRVBBS3I5RXNBXzM3Ujg4VmNLS1k2RUZiY2cxam54bWx4UDZKcHo1b0VFRkctMGJyNHFhQ05mQ3pUY2E5eTlpYlZ6UkJ4alhsbjVSVGhPNEliTHZuNy15Y05UYXpQNjlHd1oxRDg2alZ1bTF1QjViUWpwY01IdkRuaDV3X3FNeEhocGFzQ0wtUVJxRERLMmRJOHlRVWxoNWd1TkF3VWdMSmc3RlNRRG9hTFpQbXlkbl9B?oc=5,WJLA,2026-09-17,positive
DC Metro,DC Metro faces sweltering heat and humidity through midweek - Yahoo,https://news.google.com/rss/articles/CBMimgFBVV95cUxPbTFaMWctSGJuM1lJeGdiOXFiS3otT2Z2Wm9yX0dybzhUVFZVVngySmVxZ0FialJGUHRwaWt6YjZHQVg5dUV2VmpzR29YQXNHNzRsODhIZDdzU09pVUxlSmF6YlFOWkU4R3NsXzBTMUlPQ1BTeTcxaXVmTUhQMC04c2R2YXNqN2F3WlU4eW9PZVJpSG5KemFiT3VB?oc=5,Yahoo,2026-09-17,neutral
DC Metro,Metro releases renderings of new train platform doors - WUSA9,https://news.google.com/rss/articles/CBMi4AFBVV95cUxQVTgybV9jNm9jTlMxUnR3TXc3Y2VZT19fWEwyN09jYzdWcUo5ZkFxVk14MHBncVRoa0dFUk9sdFZqaHk2Z2dFZzRUMkFqTm1ld3RVblNfOVBaaHNqRWhpbENINngzSE56blpoeW05S1M1RWt0YktDMTU2MVRUMWJlWlM2Y0ZENmNmdTljVmwzM2FWdWltMmQyX2hiV3dmd3FLWjNxSjAtTzRsbzc5M0pGNTVDN0hVU0NtdFJhRlgxd1B3UkI4V2JmQ2R6b1RFdEhwSGlqNWV1NWQwUDJ1VThVdQ?oc=5,WUSA9,2026-09-17,neutral
DC Metro,Skip The Drive: Free Bus Connects Annapolis To DC Metro - patch.com,https://news.google.com/rss/articles/CBMijAFBVV95cUxPRTU3WlNVNGxONFBudTMzd3drc0JvMUtMVjZCUTRwbktTTHRyYzV3NVRrWktiR2FxT0F1dXRpaG5LUW1zdmJscUU2QVRZMXpraF9yRm1QV0RwOTBTRmZ1QW1tYjU3eUtycFVIMXEyVGJfdFVtQWo2ZU5IbjdLZ0taSXMxMVNkX3Z0Y2RBeQ?oc=5,patch.com,2026-09-17,positive
DC Metro,Another Scorcher in Store for the DC Metro - The Well News,https://news.google.com/rss/articles/CBMihgFBVV95cUxNT1FZM09BbTBxcFhEMDlRRTZGcTNjdGxjQ3ZEa1RoX1UtWUxibE9fWHZhZmE4dGtxTGJ1NG5xWDdRQUZyRURMM3dtUDlfbF9tM2JraVNzcHNrQnByX3BhVFlYbTFyRHhTcmlQVlkzZjBHeHplVEhyb1cxcXZBRWRZR1hnNzNuQQ?oc=5,The Well News,2026-09-17,positive
DC Metro,Why Trump's Strait of Hormuz blockade may affect DC public transportation - USA Today,https://news.google.com/rss/articles/CBMixAFBVV95cUxQUW5pcFBLN2VDY3lnb3kzblduUC15S1BzSnlFM0VzT3M5NkhoYWI3d2ZLODAwdUxvampvcGN5dXZsTWFhYkl3UVk5SjY5N0dyaktpb1ZUTkk2NGhxOEVmYWwtRlFBM1BjSnBlcFY2UnV2SDNZNl9wQmdZTDBQM01YclR5cjVDRG1LcGw4T01DSEIxeFhiVkVtOThpZXFVMjE5TFVBR0xRd1NxUVZTbXY1VG90enBNal9mblRHdWNUZmY5WHd6?oc=5,USA Today,2026-09-17,neutral
DC Metro,WMATA releases list of major disruptions to Metro lines in 2027 - WUSA9,https://news.google.com/rss/articles/CBMixwFBVV95cUxOUEdtemJkdlhkeU1vbTJkRm05VWdRZWpCZ1ZDTmZKamZDRTFFV09DZXRvNFVfbG13dXljeDRvWk43bVdSY0lPRE5CelE5ak40NzN4RmNxSXFqOEhqNkF0eXd5YTFhSnVvcFYtVml1Z0xtUExJZmlkbFk3UW1xOGtMNHJ0UUk3UWxaM0s3SEkwV3c4Y25ETGh1eGstSDJNUzRjWVVSbVg3WndScmc4U0xTUHduTzhZNEVpVkpUT2lIamRCbkNFNmxv?oc=5,WUSA9,2026-09-17,negative
DC Metro,Red line shutdown begins Monday between North Bethesda and Friendship Heights - FOX 5 DC,https://news.google.com/rss/articles/CBMiowFBVV95cUxNZVUtT29hdnBoNzU0ODRBbi1HS2drSm92clRqaXc3ZWlBTEZ2ZTVGUTlxNllrRW4ydThfM0lldW1zV0QwTWZpVTFuMDY5dTZhbXVBYkpMLU1ZQVowQy1JZnVFNUtlQkR0Y2xFcXlqdm1wbi1BV28zeVlMUnV2MmFDczZtenk0c3NhVVQ5LWtpcHR2RGZYV05QVFlvNUU2QzkxYmpB0gGoAUFVX3lxTFBrZ1F6NVdfOWxHd3IxaFl6TU4xOTI4VWczVUlkX21ic252d2I3Yk1mNXJncFM2NnJaOV9USnhjT0E0RFg4TU1kRk5VYUQycXM2Y2hYTGlpRHItZjdnUm13MG1aeGkxMmcwQ3NvZHRSOVdhWDJuNGxHOWo3NGktNFQ2QTRxYVFHSTJBR2FHMFFoQ2hUdXFBNVE0bWZWQ1VlM1VmczFCaldOOA?oc=5,FOX 5 DC,2026-09-17,positive
DC Metro,The DC metro area is getting its first en-route electric bus chargers - Electrek,https://news.google.com/rss/articles/CBMiowFBVV95cUxPT1hQc0RYTUxMREt2VmMyOUxDOGFKQ01xTXVMRlJkWFNVUGI5YzNRZ2RZR0QxZVRtS1RUZnNjeW1rdjJxQy1rZVpDSEd6Ui12V2VDMzRLMkllRUtvT3lPd3RUczFyVFhKam5ROHlTWGJ5QWthSjNWWEs4U1NIdUVWZ2pnNkdJU3JCbWhpTzZKRzhtbERvWURzcnZHOTl4NjNCb3dF?oc=5,Electrek,2026-09-17,neutral
DC Metro,How is DC's Metro upgrading its station signage? - USA Today,https://news.google.com/rss/articles/CBMi5AFBVV95cUxONGd5ZzZmdnFRcXNSM0g1Skw2TUF5QUtnLTFnSzluWVBjYlFvNDM0dVh2V0JER2h1amJUTmN5dUFNTXJyVFJxWFYtUnBjdjg4VFZTbXNKck9pSmlsUUZfbU1ESkl0MUk3dHVTUUUwcExlbGVIX2pfZ0pwelNyV2Zyel8zTXJ2d2VDWWg4dE9QeFA3bEpSUDZsdjRQc0xUUVFLZ0I5b3BvSnI3ZWpQN3ZhOEw3cFA0OU9nM0NMajVlRkxlNDFmSEl4Yi1sUHBRNGpkbzV2eHp3SFhubTVOeVdTLUhJalg?oc=5,USA Today,2026-09-17,neutral
DC Metro,Is the Red Line of DC's Metro operating more smoothly today? - USA Today,https://news.google.com/rss/articles/CBMi4wFBVV95cUxPMjFoZC1fd1RsSVNzZmJDZzRwRDZORDZrMnF5OHVFYlFjcVVwRUNNQllNLThOUmh6NTdQWkhfXzJHRy1wOHJUaGVrRy1JdG5KdlFxdV94aENhcjk3T1RUcEhGeUVlUHBWanNWb1VVc0pUMld2ZzdjSDBOVzU5U2hQT3FxMjdrSlpIVHlYR3hSOGtHZ1p0SWd0cWJYUkhqaXB1MmFicTZad3FKWWZ6b25UdGFKZHd2MHpBeUVFaWJPelBBRXY1ZjA2cWNjM3M0d1pkN1NKLWMyTkxsWndjb204bG1vSQ?oc=5,USA Today,2026-09-17,neutral
DC Metro,"DC, Metro have three weeks to finalize agreement for stadium deal - NBC4 Washington",https://news.google.com/rss/articles/CBMipAFBVV95cUxOeno3akdIZi1EU1kyaFhFWk9xN2lZdDN6eHNvS2RzLVlXSEstd0RXNFIzcU5jUWJ2VXVXQ3QxMVptQ0doNmlBQVlqLWhobndEZE83SDFDNUNad2phY2NfenR3MGdqSkh3SFBpbmdmRVdxUm9kQlJwNm0xaThDOVJTTW1obS1lWXBoWXNUSWk3THBxQ3lTRlNNTXB4ckVHVFRLYzVKa9IBrAFBVV95cUxOUTVwT2dwUlQ3RGlsU1l1STJUTEJnS043STRmNG5pSkZ3TFlnckxiaDg1SEVkakNZS256dHV5Y3M4VXc3RG1wRlVNR1BqT09kQnRnbVgzN3BDMzEtMWJJeFVvYWtvODhkWEhkT1h6MkZadm5tQzVaWDBpSGx6YjJMT0hUdTc4bTBrcktnWUZ0d3drYWlDUkJCVlRXS1BIODNXYlRJeEZuOTY4VHRZ?oc=5,NBC4 Washington,2026-09-17,positive
DC Metro,"One family, four generations with DC Metro - FOX 5 DC",https://news.google.com/rss/articles/CBMib0FVX3lxTE1DVENWNWZYV3psSUFrWVMxQUUxMFVUdEhjZ2JPRXlUYmhOdGxQa2lUX19vbjYwZVRvaDBQUEl1bmVOeVNHVEltWFVDRTNVVDlzQ0dNamR6d1hrMGVfVTlFRUhxUVBGeTdHS2h6eC00a9IBdEFVX3lxTE9Kb21yczQwY1RTMmtySTRNUzFKTEVJOC1DNVoyNmVQcS1qVkxZRi1SR3hzVk1fQzFCN2k5eWtieWFTMW8wNFhlY215VDZCOFdhMXlXLWU2aU9aUlZsbXhsVG53bHczMWVPQVRlVTVfZFFHbkNB?oc=5,FOX 5 DC,2026-09-17,neutral
DC Metro,Family Details 6-Day Nightmare After Son with Down Syndrome Was Found Trapped in D.C. Metro Station: Lawsuit - People.com,https://news.google.com/rss/articles/CBMizgFBVV95cUxPZnNPQmd3UGFmVzhFZGxRYV81cVZ3T2l2Q2hSa1V0NDFXSHZ1Yi11bmRvcWtXdmI0bHJkNWx5UlF5TTdmc0oxWGRheGp6R1dvQWVqTDNoLUZnVnVfdjNCOUJiTm1xeWpGTTlpVmJZeDhWTlAyalFibmN1TklBYU16SjhCUDRVc0t5U3QtQjVVMkhrWmZORFdqcDhaQ25BOXVLVm5vWUFDcDNKWjY5X1RCMjFYMlhaYzFWS2FHc1llRWUxUV9Zb0JRMEU1MXRHZw?oc=5,People.com,2026-09-17,negative
DC Metro,Metro board approves funding agreements for RFK transit plan - DC News Now,https://news.google.com/rss/articles/CBMiuAFBVV95cUxQMFFjTG13U2pYbWtMbGFWV09Wd0RYVXJiMzloRl9FZHh5QVBCRXdpbzFhNWpidVlweWVFN3YzSWxBTEJkSnI2NkZRcnIxTFlIdFlqOWNyMk1UdFFxdUxvRk1oVUEySUowYXV4akRpLVU0S3c4NTNCT2NJUUhyaU9xOEdrbC1ma1pQQ3dwNm1FN3BEQ2NJOTR1M1pBU3lDYnlkdklsc055Y1dsWmRHS1ViM3BINUdXWTR60gG-AUFVX3lxTE92T2F4SjRjVFlzVy14NjRqaWpycTFySmVlU0xJcW5kV18xSlQzbEphb3BZcFdoYTlnTnVpYkhwRlV6WWtuMzBGZHBhanJSSGFGb0c1RlJDWVRvbThRejJkOHBYTXpOMGF4ZFpOMWhUVFdtMzktaTYwMmtKV1h6dVFBckQ1VkNkVG5fUEJURnZtSUppUk5wZ3pyMDRvSlVfbXRYbm45YTZFTElQdUJZQzdYYWdTNHl2TkVDUmkzWHc?oc=5,DC News Now,2026-09-17,positive
DC Metro,The very first ride. A surprise encounter. Memories of Metro’s 50 years. - The Washington Post,https://news.google.com/rss/articles/CBMihAFBVV95cUxOdXNfbDI3bU80ZmxTUmQxZE5TZkZ5MGhRTlVVZ3pycjNuMXloUW9LUWloWng4LTdjd3FCR2luanA4TXJxZWlGQnV3WUdpYUlxaHNzTC1KZlNUX1pObzdzbm9HZFlqMVZPMFduUFB2d2lKMHl1QjRCcGVybXY5U19oYTVaNUU?oc=5,The Washington Post,2026-09-17,positive
DC Metro,Metro hair toucher convicted on assault charge in DC - DC News Now,https://news.google.com/rss/articles/CBMirgFBVV95cUxPRTJUTk9ENmxzNjh2MWYzbEQzbWJuak5od2wyRURvRl9XN1J1UktiQmUycU9NRVB3WUxaQVRwYUt6VXh4aTZGekIydEpCeE81dGgxQUlKUkhtYXFVLU40RmQxTjlFcTNsV3RXaXl6T3I2ekU4bzBEWHFXcW1BVDRjQkpmYzBOMk13czhKT1FVRlhiYUNfSlM3SnNqbjNqNjdYeHN6QnRxN1V5NHBTMFHSAbMBQVVfeXFMTi01Qkx4c19ReFAwYWNpUExOMElDNmpyMHhfQW5TT0kwOVpxaEJMbXEweHlHek5PNlJBajR0bFZpUjZrNzRJOUlhZzdQZVhMNU1QZFNHZEs4cWRvN2dOTVJMTUxDMHVTX0VjLTZiQlBKODA1WExkbWt3MUpLZC1CU0ZTcFRxX3RIbE1TblI0RlRBTW9wYlRROTlYMWQ0b0NBOGhTZ0paNUVQRVFoa000bVZvaGc?oc=5,DC News Now,2026-09-17,negative
DC Metro,50 Years of DC’s Iconic Metro - Washingtonian,https://news.google.com/rss/articles/CBMic0FVX3lxTFBJZTdleXhOVUNuTlU4Vy00OGdRVW83NThLWHZDeG40Z25RZ1ByblFRaTRuNjJyaEhyRjZmOWtPVThKNGZ6dWNLeF9tb3RYby0zcUd6enh2YkRwQzhHRi1NRjU4U3p2UU16ZENKdG9WU2lKdXc?oc=5,Washingtonian,2026-09-17,neutral
DC Metro,DC Metro rider describes encounter as Patriot Front boarded his train - wtop.com,https://news.google.com/rss/articles/CBMimwFBVV95cUxNU3FNRlZYT0k2a2c1WGtiM0c3QUdzRmI3bXpsY0ZGZm94czg2WVVwVllrWHBMQUV5TFpCVVJDQWhZLURFcC1YRWhISDd1dkdxY2h5ZmlFSWNNOVVrZnE0MzFRQkE0UnpEc3lRaS14VUhsS1FwX21oWm1ETEV3R19LX1FRSU9RX2hkTlZyX0tvMUpTeHdJNUNlZnZhRQ?oc=5,wtop.com,2026-09-17,neutral
DC Metro,DC Metro heat wave begins Sunday with temperatures in the 90s - Yahoo,https://news.google.com/rss/articles/CBMikwFBVV95cUxPSDhTX0xZR0hNV01Xa2xyZFJDem5mY09jWldZWjRYSmFYd0FnY1hkVnRkUWZJMTAyNElxMzZtT2RwSk5aX2tMd3JZQ3R2YlBybWF2V0IzeVBocF9tSlBMVTMyYTZuU2NQSEpGQnc1WXhUdGxvVlNLcXhlb2ZNSUJvaTg2d3JWYUNaMXNQTjIyRGJBTXM?oc=5,Yahoo,2026-09-17,neutral
DC Metro,Metro and IndyCar team up for a busy weekend of Freedom 250 Grand Prix events - wtop.com,https://news.google.com/rss/articles/CBMiqgFBVV95cUxPZHJ1cXRGN0F6cjhoSURZV0dfUllVOVFnNUZWWXF0Tmpyc1o0TXhvRHJhTnNxLXdPemlVTTB3UnhkbTA5NUFWYmlDRndJTnRNbGRWZUVORzBCVl83V0g1QnlZRUNxUEpDZlNYN2N6NU5PbGZJWHgtZERlM2RrcFFPZmRUbk1pWHlDQVJGakYzNVNoVUh6N2xzQ2hhMVhPcU1CTWtseC1lX0xDUQ?oc=5,wtop.com,2026-09-17,positive
DC Metro,DC’s Metro Wants to Install Platform Doors and Run Fully Automated Trains - Washingtonian,https://news.google.com/rss/articles/CBMirwFBVV95cUxQRWhwZzVDeFZHRlhJYV8zclgtSGRLQWg5SDU3cG1aN1ZWdWIxcXpDWGRGQ0dTS0RuVnFOYktiMlFOc25oNHdyakZ5ODlOSzhUQkdxUko2Y0ZSV051TmNVSHI2YkU5a2F4OE00Ti13UWZ4QXJKS29LTVRURHB3R085MWkxY0FQaDhaUllEQ3N3bTh4NUhWd1hHbU9zOU5WMGRVYU1wdVBjT3dWajlSY3dj?oc=5,Washingtonian,2026-09-17,neutral
DC Metro,"Payam Music Opens First Washington, DC Metro School with New Bethesda Location at 8311 Wisconsin Avenue - PR Newswire",https://news.google.com/rss/articles/CBMi7wFBVV95cUxOMmM2cWM2blJ5bHFSWTlQM1JrQzJMZE0zdUwxR3NJaEZzNzdZaVN0UUdZcWhSejhmUDE2Ql9hMkxYb2dDTWtURnpFYlI1b19ZeFc5dG1YNGtZbE1HQ0RxMDdtWDRtZUpCYUVRQ0phN3QxTm42b2ZmaXpQVUhfUFhyaUpBT2t0T2Fhb1JOWHlwVHdLaVlydEZ1NUEwR1Voby1xRl8zeG1QbjBZZnd6ZW1ObHB4TlhGcE1TbUNEaERnd3ozSzdhOURNQWN5U0RoRURNUTlDVGwza3pQNkZGekJNa0g0aWtyd2hXV2o3VHptcw?oc=5,PR Newswire,2026-09-17,neutral
DC Metro,"Metro announces upcoming service updates for bus, rail - DC News Now",https://news.google.com/rss/articles/CBMirwFBVV95cUxNcThWMjR5aVVhdW5xTGN1UGhKVnRyOGtiT0RmM0w4VDNFODJ3MldPTzVtNFNXQ0FBcTdMM0JSdnhtc1FVeTVNWVI4cDJ6MVVFcFRmOXd1LU9WUy1hQVZjZG1tUHdNaDJmNzFBQzZzdGVBMEZDUEZmdFJEa0pITFlQNzFjWUQ4NnRQWUpoRWV4aURiVkZxdDA1NXIzRWJDdFRIWHViV1UzLUxhc1otSFlr0gG0AUFVX3lxTFAwRWRabnI0WEVUUDk1T2pDVGNBLVBsUGpuY1FNT0hMTmI2Mm1oTmlNaGZfcUdIdGJjOWQ5bm5aS2ptbDRlTE0yV0ZjVEx0QVl4NXhIMzFWSkxTNlhTeS04Zkd3VW5OV19FNjlPSDRlTDRuM2wzdk5mMFpweVpxOWlIanNkNENjMk1oOW5CVkQtZ0VuZlJ1a2RWQVFkblhEMXUya1QwQllFNTlaSl8xeklCTVBjRw?oc=5,DC News Now,2026-09-17,neutral
DC Metro,Animal rights nonprofit group PETA sues DC Metro over refusal to run ads - washingtonexaminer.com,https://news.google.com/rss/articles/CBMiogFBVV95cUxQRUU0TW5PWXQ4S01PSTdNWGJRWjlOSzRKaXRqdkRnMzZ6X3hMN3Q2QWZhVDBTbzhGQUxvUG9qczNnT3BnTnRpSEhHVDBYLVdwT051MzcxVzBMbDlXSktEeFdhTS10dnVnUG1kR19nYk9sdTk2bkhrbkhIYTNLNWxSXzZ4aVFOUW90QVhWdEJlakk4M3B2bEtKT05YUmVaMXkzSEE?oc=5,washingtonexaminer.com,2026-09-17,neutral
DC Metro,Have the Red Line issues been fixed on the Washington DC Metro? - USA Today,https://news.google.com/rss/articles/CBMi2wFBVV95cUxPY0RLT0NPR0VwdVRzUHVaZkFkYWtXMmhrSVpqNFotdkxEWENNV2RNUVVWckotQ1pWVG14bFBUUk9mWlRESWtHYzNqYmRBeFlOb2lGQzVMVGxoMURhZGNVVFdBMEJFRF9BNENQNDFWaF96c3JGVm5UUW9LMGVjZERxUnFQMXhDeTVBMTBqNlItalhiWkZuVmVXblRHVTc2N19KdWdscGJlbzdqYjF6V2Z0V2RFUzNJZXJjWVJpNnVqYi1nUDdXbndjT08wek11TUVncXV3dGJkMUpSWTQ?oc=5,USA Today,2026-09-17,neutral
DC Metro,'Does pose a threat'| Metro hair toucher receives maximum sentence of 180 days in jail - WUSA9,https://news.google.com/rss/articles/CBMi4gFBVV95cUxNR2MwX09yR0k4SmNOMmNBLU1mNjN0dUFKV1FpLV9LbEdvUVUxczlKVUdHdF9OckFiLThtdU54RUpJVVZtRUhub1dSR3NPX2dDYnFrTzRrd1VJVlN5em1OdF9NeTRkOGxrR3k4cS1OOGF2SjZMZEVNWm1DQkFJSXhOX1BWNTJlX3lKcXlPcUgzaE9zdU53SHhvcld3aGdXU2N0RVpId2twZHZkOGNhOUVYZjMtYVNMR0Fqak1Sbl9SUnl5bTBkLXhEV0hhZzNnSUNEMTV5ODBBSnhMMzVhT2hoRWx3?oc=5,WUSA9,2026-09-17,negative
DC Metro,DC Weather: August begins with unsettled weather - WJLA,https://news.google.com/rss/articles/CBMixgJBVV95cUxQdG1JRE0xQTN0X1JQby16V0l1NUg1cEtXZ2t2SWJJdWgySS12cWFBZnJCZ0FISXlncG95YmEtUFl6Z3lrb2pmcnNRWXRjTlFEMjhiV3VWbndxd3I0bmJVUzQzVG14bnlsZ3pBRDUtTlNjWUVZbXZHM0RvN0lYbXZFVkQ0eHk1TTVlWGE4WWtRdnRzSXVGa3hZV3h1TEpMQlQ1T1hBU3U0RW5yc3BfbkJ6cW5IWXpMdFVITHdtSjZSNFJkWEd1UkhPY3F6clktaTNGWjRkRGFLSThtdVNsWHZ2NnJJOWtrSlFWaVdmc0FYb3FDRi05dEozX1BfUlI1N2Jjd0VGVGhzNUdTcFI0OXNhU0NfVGV1Nm9tM29TeVg1TUpwLVAzM3F2a0hPX0VYcVlpTTV5VG0tVnc3X1ktWktmemVQd0pyZw?oc=5,WJLA,2026-09-17,negative
DC Metro,Using Metro to Get to AMCHP 2026 - AMCHP,https://news.google.com/rss/articles/CBMib0FVX3lxTE16NUxSeGJadmIzbFdCU3d3S0w4QUg4NWRwZ25FYkFhWDhGZjJIbDhFZFJ2djluQ3lodVJ4b2NtT3pNYktFMmlFZFJZMjlON2FHS3NKZkZWSC1rLW95am9vMy1taUJOLVZCWE5TLVR6aw?oc=5,AMCHP,2026-09-17,neutral
DC Metro,"Metro’s Blue Line, Silver Line partially shut down this weekend - WUSA9",https://news.google.com/rss/articles/CBMiwwFBVV95cUxQSXJubVVXemJITEQzTWlqWWFJdVRCV09xRFhtQWlJOTRibUw3cm90c3ExRjE3cWY2alVwQTdjWjhrSW9nTklyanY5ckJ5bEk1am9jcUlGb2RobUtVd2M3RXB1LWlQanZLaHRpODdpMFFPM3JQNFR5a3JQYThhX1hCUksyTHZKT3pVSHllNHNudnllTGJSenozcG1JQ1FvLVJJZ2NjamtFME9qSEF3OEFDOU1ZbXNpT012YVRnMEY4ZlpCNzA?oc=5,WUSA9,2026-09-17,neutral
DC Metro,"Chart of the week: D.C. metro area population growth under 1 percent in 2025, lagging lower-cost peers - D.C. Policy Center",https://news.google.com/rss/articles/CBMirwFBVV95cUxPeUU1Wkd2TWZXTlBOZHhmMVlGYlliaGVzRnJrZGpzWjdTZFlCU2Fscm1URFo1eGE3eUxzY1E1Yk9NY3BwSG9qaU5ZYWVxZWxjTFpHbUgwWFBxeUtHclRCQmZZX3hpUTBONTNwaGNudm1kM0pxNVZUVk5pNUhmVk1KTWtfenpqazlJdjJTYnE1VXJoUUdNdnVaS0R3WVlvVHpKSzFJNU9mNnpqUTZBNkgw?oc=5,D.C. Policy Center,2026-09-17,neutral
DC Metro,Why is PETA suing DC Metro General Manager Randy Clarke? - WUSA9,https://news.google.com/rss/articles/CBMiyAFBVV95cUxORFl2UW8xT0xBaGs2ZlNlNE13Z3hqRmdtZzdFdFhOeXhZREN1dkh0WlRCZE9yczUzNm1nRTVYTXJMTGh3SmRwNmd5blBNRF80VnZqOFh0aDdwbVpjYUk3cnBJcVo0UE5UTHNGRHI1ZXdwdUZ3blZScFBZZTZmQ2hoSWkwMWh0S004ZXdxdXJBQlZwY0U2eTIwR002RkVucjZ0WkFnZ3hpUWZFaFNRYUs5QW9yZ2toNFUwNk5TQUNaODRhcFN5X182cw?oc=5,WUSA9,2026-09-17,negative
DC Metro,11 Injured After Work Vehicle Collides with Stopped D.C. Metro Train - People.com,https://news.google.com/rss/articles/CBMimwFBVV95cUxNcUVYaEtVdUpkYTdSeGR6bmdzOEw3cjNIVnFTNjlKbFp1cDlxbXNnY1ByYXlUem94MXJkZTZNczJPVjVFdjcyTWhhZ094b2ItQ0dkMFpQOUtLbHVOLXpSRVhtcllrYzN0S2dBX3Bodms2RzFwakFRYVV4OEJ3bGIyMFpwbUs0Y1VjQkFPZkVpQmV4NmdRanh3SXQ0NA?oc=5,People.com,2026-09-17,negative
DC Metro,DC Metro Braces for Midweek Heat Near 100° - Yahoo,https://news.google.com/rss/articles/CBMigwFBVV95cUxQMDAzS3Qyalo5SWszOV8tZmJicTZRR2ZBUGJPM2RDbXFnY1JDOTByMnJlVU4yZXMtUUpVZzFCN05XZk91MVc0ZWVieHBISndiV19mMEU1aUlPdjJWTDF4WVdzUGhtdXE5a0xydlU5X0Y1Z1F2T2F4NElibUNpdmZxSzRpZw?oc=5,Yahoo,2026-09-17,neutral
DC Metro,Why not everyone is happy with DC Metro's new signs in stations - AOL.com,https://news.google.com/rss/articles/CBMieEFVX3lxTE5TRG1WeDdpektGclZKYlNXN1AwSUo5aS1fV3F4TEVLcUlwMVpjRXZ1X2hnbkN2YlJFQ0o0b2hKRnZQTXNNQmxkQjhuQUVuTFdFRG9FYmM1ekhQaEdETlktT3hUbzVOVm90dmRjaHF2Z1U1aEdaWkdaeg?oc=5,AOL.com,2026-09-17,negative
MBTA,"Transit Briefs: Sound Transit, MBTA - Railway Age",https://news.google.com/rss/articles/CBMie0FVX3lxTE9mZ2g0bXpPRzl0OXprbE9MR2xIQ1prU0pzV211Snp3SGJ5S0laMjJETERaWXdhRWU0XzNvMU1tNkxMcEdNN09KRUxjYkJGREM1MnVCV0lremN0SVM2emVzM1dVb3pfNjNMamsxelU5N0lUQnhCZWpKNGlNcw?oc=5,Railway Age,2026-09-17,neutral
MBTA,MBTA to run special event train service for New England Revolution match vs. Inter Miami CF at Gillette Stadium on November 1 - revolutionsoccer.net,https://news.google.com/rss/articles/CBMizgFBVV95cUxPRXpnZjVLbmE2QkYydFU4empyYnZCaWtzT1UzVXZnbzJ5RFpHWWI0aWhTa3hXbnlIMXBUWFZJS1VmcGNiVG12bV9jRmMzYUlSV1FXWkpyZmtxRGhGRENhWFZMRjNSeUhuY2hUSjJRV3ZfUU5Rck1IbWtiUjMtZWMtSEFJVVFXSlhWZ1hhWWJiUXVETGx2M1dHRGJrNUpyZ01NUlVfNHNIb1NXMVJnS3hSendxZVQzUlVMNlVZRzlHM0djTHF2dXdXbUJiUkpiZw?oc=5,revolutionsoccer.net,2026-09-17,positive
MBTA,"MassHealth Outreach Campaign Money to Go to MBTA, Not Local News Outlets - WHAV",https://news.google.com/rss/articles/CBMiogFBVV95cUxQN0R2TnFXdEpkWWwyYlJlS0hrcWZobTg1VDhqeU52ajNvQkMyQlNOTHRmSjE0R0dZNkRiWjZPTkJNM09US0VGUnd0dlRTV09scDRXMWNpelBCOGpHZUNEa2E1TTZvZ2NQc0xyUjkxZkxYRzFEV1hCTlRBUlpiTjNob2tsX0J5VEYyeU9vMzRhYkVma25RQ1FmV0hPQlJEZENCN2c?oc=5,WHAV,2026-09-17,positive
MBTA,More upcoming work on Green and Orange lines as MBTA plans partial shutdowns - MassLive.com,https://news.google.com/rss/articles/CBMiwAFBVV95cUxOWTI5VFpHdmFZSTV0YkhHMEh6dTFoMFBjNVdKSG84amYtQmVKWTBpRlBtUmdYSURBRXVmNnR5Q09VaXFpdFRVcTlocVpNZG0tOFJhUnJwT0p2RWx4T1VXNTlrWTlzX3NKRmZVSUJwQ1otVVhMTlBHSDA4V19TSEt5SDdqS0hEVzZXYVQ3cU1FNTF0bEZCQndzMDVpRUZ2U3BCNGRlV3FKUXV6dEdjUjRYMTlVNWQ1dFJGM0wzR0FEbTA?oc=5,MassLive.com,2026-09-17,neutral
MBTA,‘Demolition by neglect’: Historians say the MBTA has allowed Attleboro station’s historic canopies to deteriorate - The Sun Chronicle,https://news.google.com/rss/articles/CBMiogJBVV95cUxNZ1Z3NE5tQlRmN2tYS1hOeFY3ZU5wNUFrdzVPWEdrQ1FrNm1oSTQ1dDVvemJ6M0pqQ1FPc0ZweGViOWVqbGZxYnVJdjlsOVZPTjVUdGxMYjFzbDVqdEJCeHVnZHNUYmxxOC02aW01alNQdWs1NjV3a2E5NnZCbXJEZG9Qa2JQRmxCSThNQVV3VFh4UWJlS0xNQWE4a3hCT1h1TFh6MnJXUl9HOVBPUzB1dGQzZkFfV1liTmxJMUdjZ1EzdjQ3ODh5b2ZMRnpoM2xmNVlBbzBSSGlOTnp0RXdLZ0d4VHZIS0dwd1lpV2xwa0dpekFBVVJQMklzLW16NGd0dWdjUUs0N2RxWmVVNHZNa3h4UG9TYmxtaHdlc1JVTEpNUQ?oc=5,The Sun Chronicle,2026-09-17,neutral
MBTA,"After outcry, MBTA reverses restrictions that made for ‘difficult year’ for some paratransit riders - The Boston Globe",https://news.google.com/rss/articles/CBMiiAFBVV95cUxOandCYzRlVXRPWjEzRzZmWmdsMEhnSVN1Z3M2cnl0LVRLa2t5U3dpS0RJNVBUeFotRVZzc1VGcDNINEF1RldJRXk5cnV2Nk1Ha1V2NjMxQTBFWXFQQU9mWUV3Y2hIb2J4U3dkU296bmRsSXFiLUQzNlNCSjR6RDJsUWJkSGhEcUJk?oc=5,The Boston Globe,2026-09-17,negative
MBTA,"MBTA announces Orange, Green, Red line closures in September - Boston Herald",https://news.google.com/rss/articles/CBMioAFBVV95cUxOTHl6X05XV3VNRHQtWkxtTUlfTTFBd0pTejZOd3ZmQ2x5TXhXS0RtVVNQNUJMQzB0ZkNQX3N2TlVWa1FWU1NmTnowN3ptU2VqLVhpSVJibmpvSXFlWGoxRWlQa3R4cHRLUVhGZzJTLXBEbE5ha1pBbjFJS0ZzbWhLNFJyTllBejRTV1RJcExnbkFrRk4wMDIyTGx5dFFUa0NV?oc=5,Boston Herald,2026-09-17,neutral
MBTA,Report magnifies ‘time lost’ aboard slowest MBTA buses - CommonWealth Beacon,https://news.google.com/rss/articles/CBMioAFBVV95cUxPT2syWGR1aktNdzhISVBuamo4Q1NVSjhnMkpCSVFvZm1PRGwtNGZKbkl0dGljenhZNmpQNllxd0IwaWpCYkVPQXhSSWc0VFVPOHpvS2d0YWktU21HQ0Y0UHBWZy0wRlJFN1BXRGlFNnU3cGxpdkZEZTJXMFJYZ0ttdGVjZUh4LVNvV2ZyQ3cwVjNyX0stMy16WDNTWVF2LUJ2?oc=5,CommonWealth Beacon,2026-09-17,neutral
MBTA,Rail News - MBTA completes latest Orange Line updates. For Railroad Career Professionals - Progressive Railroading,https://news.google.com/rss/articles/CBMiqwFBVV95cUxQb0RYVnVwS1Iwdk11SUd4QTVjWkRHX1ZaMXVvYV9XVjNVaVZUeHBFSHpkekoxVUwtWFdPNjZ6c0xrUUNZcC1mVGxINTRGb2M1cXFvQzR4RzF1QVNiazVPd2MxMVRUaVVDcGkxdm1Wa0pqUTYyU0FjeDhiYnBhOFp4OXlFQnFjRkE4YXVXNHBaUFJHQlR1eUU0d3E0SHVDUUVBWW9EN3NhX3lYRzg?oc=5,Progressive Railroading,2026-09-17,neutral
MBTA,MBTA bus slams into cars after driver suffers apparent medical emergency in Medford - CBS News,https://news.google.com/rss/articles/CBMid0FVX3lxTE12WG1SZk9fa1B6d00zZWpGZlhDTHBGOC11TkxMVXR0Mkl1TGROeUhKWmh4S3FuNkpSMFV6Tjc5R0E5UExUQ3VINmM3Q2RQZ3lrazVBZW1NTlBEajR2OHdKWG9LUERLZjVLQldOR0xOVWZQZjFZbWFN?oc=5,CBS News,2026-09-17,negative
MBTA,A look at the Boston's slowest — and bunchiest — bus routes - WBUR,https://news.google.com/rss/articles/CBMieEFVX3lxTE80TjBQXzlpMUd4RW1TT21JZTU5TUlGV1NfdnVVNzFxS3FSblZLQndhRFBLNG9LcXZFT29wTzUzMkJ3czZXUm1ScG1hcFNaS0YxMjNRTDNCVnRpd0VaNENZTjU5N3hGMmUtbTNEMGxHSDB2ampaTEFlRw?oc=5,WBUR,2026-09-17,neutral
MBTA,"MBTA Draw One Bridge Project to Support 15,600 Jobs, Expand Rail Capacity - aptapassengertransport.com",https://news.google.com/rss/articles/CBMiqwFBVV95cUxQcTRGQjJORkFMbG9obVJ4bkZwU3VETmh5V1hvS0QwX0pKLU53TmRLcFVMMDNXdG1CdkRTbUxaaVF0ZnpIY1B6X2xnN0sxM3dfSFJSYTRITjUtUFJaaEVBRndmclB3SjdoUUE3U1M3NWVIZmpGMUg4bGw4VmdvLTRSVnZQa0NlaWFlMTVXWXZiUVpBNUxTNFhPd1VZeXVETm82ajIzVThTbVkzUkE?oc=5,aptapassengertransport.com,2026-09-17,positive
MBTA,MBTA bus driver suffered medical emergency before crash at red light in Medford - WCVB,https://news.google.com/rss/articles/CBMisgFBVV95cUxPUFJqdHZwXzZFRkpURkhERm9va1lRMklwc3Z5SEpPNlpJSnpaLXN6SlNNWXEycjQ3aEhjM2ZFNnhBQ2xfWjhiZ0JuRTcxNlZ6VnNtRXNGVkU3R1dsNU4yYzBhem96U3pGV0huSHRVMTIxNXRwdmUzQlpMaE1vbXBZSGo4WWRvWW5DVGVROXFGamRadEM2TjRIS19pUUQ5Vy1yWGFvanJpT21kT3BWTDBKTGxn?oc=5,WCVB,2026-09-17,negative
MBTA,"Buses Keep Getting Pokier As Wu Administration Cancels, Delays Bus Projects - Streetsblog Massachusetts",https://news.google.com/rss/articles/CBMitgFBVV95cUxQRGttdEI2b3pYUHU3ZlNrR3ZRbEh6WDdNUlU1UTNkcVZyRXdjYmFUUG1ndE9Nek0weFEzT3hNRE13dGRGdHdUcTI1Z1NHZW1XSHktZ0Q5NE51STdqcHNJUWFfaFpJcGkwTms2OUJPZGtmVThXd3VsaXg5YVl0QVJYb1A3N3FOWl92YVBrNzg3YlRSaFNPOElqbWJlOW1ISVJ3Q1R5eGFCMmpUQ2lOMUZFRlU5UWxLQQ?oc=5,Streetsblog Massachusetts,2026-09-17,negative
MBTA,"City of Boston, MBTA Release Updated Design Proposal for Transformative Blue Hill Avenue Project - Boston.gov",https://news.google.com/rss/articles/CBMitwFBVV95cUxQX2N3eGNWT1hNa0l6RzhUWVcyakphZWduZ29mZ01oUGp1NUhkWHVrWC05VWg5ZGwxNHJmZndmdXJWaWFtbnJhLTVNcTdjTEJFNkljM3A2VGxScUhBZG4yM0NOOVJRYUpIVGpseTRNMDVXNWFJV0RlS3NaXzR2ZXNLVGgwTkR4Ml94aFY1X0JOMkhtY2xLNHdqa29GVF9oVm13amo4SmJXVUQ3YlRkNUdnWWVUM3F4WUU?oc=5,Boston.gov,2026-09-17,neutral
MBTA,"MBTA bus driver involved in Medford crash had medical emergency, officials say - NBC Boston",https://news.google.com/rss/articles/CBMid0FVX3lxTE9PbWlXRjgyQXJTN3pRSGdpRGZWbTEtd044TmU5Q0dpMUVEc2x1cU1XZElQTHgxQVM5ak83dWFTRkxGcVVNR1lLRC05bDFhREhqcW9PczhYNzFxLXd3SGdlT0lkcmpGMXlQd2ppS2NwUWFxZnpCejBZ0gF_QVVfeXFMTllzbGZCdFE1VmVuZ1c0b1Y0N3UwVFFzb1R0T0tvOWJlUnhtVWNjUFREQWtINEFQbkxqZjRRQUQtaTdoajk3ckNFYkREMDgxbXhWcDFJRVVfUDIxNWFvbU9ral9FUWR4eUNFai1ZYnVDaldMZnhhYmFnbkY0T0c4TQ?oc=5,NBC Boston,2026-09-17,negative
MBTA,"Massive Healthpeak plan and its bridge get the green light, with an MBTA 'urban rail' stop decision three years away - Cambridge | Somerville Independent -",https://news.google.com/rss/articles/CBMizwFBVV95cUxQX0ZmUzVuNktYUnFiOVlaYkQwWUoyVVF5QjNlT2YzaTNqTFlQQzRBYldJNGx5NklQWS1yOENVN1ZqNkNQV3VwZ3liRHdQT0VEVEFfWjVvTExwcnVVRjc4UWRleU40MDR4MzBZbUtZLVg5ZFg0dW5JZEVjN3c2UGg4UllqYllHa09QM1R5NFA0VUxWbUVxcFpFcHlFOTI1dkYxcFViNEV0UDhRQzhyNFhzeHEyV0UxMVRpN2RWQ3NWWDYyWHZkTUxaVnN2NVNBTms?oc=5,Cambridge | Somerville Independent -,2026-09-17,negative
MBTA,MBTA bus leaves trail of destruction after plowing into cars on Fellsway in Medford - Boston 25 News,https://news.google.com/rss/articles/CBMi2AFBVV95cUxOTjRtb1hrdGpqVUpXN1pZLWpBaTMzV09mdTU2ZVhQVUVCNnVpX1k3b2xlUHZ1R0NpbFVSb1J1WXJ2aUtoaUNZenNkM2ZpaERpTldXanQ1Z2RKWGxTcWdfVlJNS2dFS1RjRUtBd0VLYnMxTGJsWGluamlHWjl5ZjR2VE9yd2pqZVkxaVktdThUM05rLXBsSlRvNFZiRTdGTnY3aUdhclZabGVfdldlTktxY2FEYTVDbEIwQlpsSlNjbTdpbXY4aEJyYU1GZmV0QThUX2c0U1Z6MnPSAewBQVVfeXFMT2dHalFtcjJZSlJiTGw0azQ4cWRnbnFzdEtjT2NUY3RURFJ5MlRqV2VIeTJwbkYwSXdNbDFSekxrQmV1aFMyT0h0M1FRVnJsZjFIYmZLMlROUklzY0ZZTmJfMmV6YUdBQWw1V0NWR3lrWGl3VlhnX21Ob1VxR3dWR05DQTBZVF9QOENHYUlJbmZleTlKQzVLWDRjZTN4T0NUUzNNYzhDZXRVeXFpamZITWhheGMwci1GMmdwZFQ4SjFtcVZxcmhac0lOV2pvbEk3Z1JYdXFSYXYydTVaTlBnSXBveUpHUEZnRUh5MmI?oc=5,Boston 25 News,2026-09-17,negative
MBTA,MBTA employee details discrimination in state complaint - The Boston Globe,https://news.google.com/rss/articles/CBMilwFBVV95cUxPTlh3a3RfcGltcGxrcjlnRU40bFNPWkk2Y2p4a2ZWSjFaR2h1RkgyZXdTdlR1Ry1GRTBPQmRwbHo4TXR2WmZybVJSc3lua00yaUk3U0g5a01fUVRGVm5VaVVBM2ZsQlRYSkE0YXowc2o1LVlzdDJEVWh3SG1fR1ZpZXdPTHVNWjhORHA5SDdUSjJ3UmVNVVVz?oc=5,The Boston Globe,2026-09-17,negative
MBTA,"Nearly a decade after its 'historic' vote, Boston's MBTA nears a $750 million battery train test - Yahoo",https://news.google.com/rss/articles/CBMikwFBVV95cUxPcm12ZjhqMEJUdmJGOFNJMURua3NMWmRaRk91eTdwYTRVSUk4TmNIVHJaZGdYMGxwSEo3azNjLWkxN1ZDSkRaNUFWa1BGZlRYRHJJWHRxZUJYZk5WRVI2NHp5TS1ZUWcwLVBLQXBXNTlaRlhsdnZrYXEwYl9MN0lxcFdHLUpXSXZUeTNVOHhVSERRejQ?oc=5,Yahoo,2026-09-17,neutral
MBTA,MBTA Making Moves in Medford As Part of the Bus Network Redesign - Streetsblog Massachusetts,https://news.google.com/rss/articles/CBMipwFBVV95cUxPcnZLMHVWb1J1ck1xMkZvV05fM1E0emg0ZEE2cEpRMzJMdnBTdnoyMHQ3NHN6Z3NRNGxXbDdRUDBBdnRoamlqOWtoY2xYSFROc2lJMmp2SWxuc1hJQWlobUdFakdJMlBaNkxlRWlIdlJnYlhJR2hnMGxjYzgxYTU5SnhzXzFjZlkxWDhoeTdLM1VOLWp2cnZKSHF5U0YzSDFHTmJPMVdLWQ?oc=5,Streetsblog Massachusetts,2026-09-17,neutral
MBTA,MBTA Reveals Its Plans For ‘Phase 1’ of New Widett Circle Rail Yard - Streetsblog Massachusetts,https://news.google.com/rss/articles/CBMiqAFBVV95cUxOdzk1VGk3aTdjaTM2UmhWZFEzN3FNbkNNejE1ZWs5WmZldEFIazJ3MnJNNU1wOV9fc0JGS3NkNG9MYXRHTHNSaEdmbGtvZVNYM2VLWmo4REdFQXA0eTZWbnBQRDBXaHZxbUU3emlPcDI2V2M3VVR4aU5leHlqR09VTmZPU2J0S0pQQV9mWm1kVUg2SXJPRjdKdjFaVklTXzQxakxUSWE5dzE?oc=5,Streetsblog Massachusetts,2026-09-17,neutral
MBTA,19-year-old dies after falling on third rail at Forest Hills MBTA station - NBC Boston,https://news.google.com/rss/articles/CBMihwFBVV95cUxNdGFTeDdSMm12UDhLRzFCemx1TzJnUGc2S3VVT0hsOXJQZFp4TkFfYS1PMFZMNVNZVjZsZTN6SlhZWncxY2F4NTdZQktfX2hHNGNsd1EycXJ4YWJ5NlREX045UUZOalZRblNoQlFkOVVYYkIzNm8wZC1wX1lsZ1FRaUotcUVTN2fSAY8BQVVfeXFMUGVqWnRjdERjRG5oalhXYTkzUWhxMUNfaXYySXVhYTk5TjJZY1FIVFI3by1DOWF3WDJlb0F2MUxjRkFZT0VDOWtCNC1DNHJCQ1Q3ZkJqSG5jMTJwYkh2cm55NmdzZUxWWVFzVVk3anlLNS1xQXNFQjNXRVAxR3R4cGFxN3lJbHJWUGxDSXdxNzA?oc=5,NBC Boston,2026-09-17,negative
MBTA,MBTA introduces fourth heritage locomotive - trains.com,https://news.google.com/rss/articles/CBMimAFBVV95cUxPVV9FNHJJdHpkcVhvVGcxZTFhSnNyczVSc2Q4SVZmbmRWdFJUZlZXaTNFVHJERW00Uks1blk0Zjl2Q0JKVTNFNmtRSXpadU1ZNjl0dmZNaVBoVDR5bDdFZ3R5QllqQ1RfWFFaX01nTFU1dWR0eGxOc1lmUThGSE9KTHRCNy1oZzhPeUFmM1dMendmMmt0NDJFVQ?oc=5,trains.com,2026-09-17,neutral
MBTA,MBTA alert: Fire activity at Boston station prompts termination of commuter rail train - Boston 25 News,https://news.google.com/rss/articles/CBMi4AFBVV95cUxPb0pmY1VrV211RXd6alRZby1feUtOSC1IRk5ueEZUS3p4TUJVVjZMLUl5Y2JhamdiUlc1UDdyeEJGbC1CbEFabXpzZmRfTG9SQTBqdGFmZnV1V3FhY05NbW9yRjExN0M3al9RcGZvcEx3LXVkR0FGTVhZTzVtQ2JUNHBiaTVrUkJGVDRjOXVUS01GUFhCRUJrTTF0d01XUnpuTjhRLVFFQjZaV2NEdHRYVFJwSEpRV3B3VDF5UzRHS3pObXhod0JRU2JJaElIOV9qVzJUMTd1VUpDTGJsQzUyeNIB9AFBVV95cUxQSVZJZ0RqTUpmZjN1SGNzNURjM3paeGlyelJ5MXB3a20zQlFkSE9XSU1WeE5zTFNxRkEzTm1oYUlBdF96SXo5OTJJWl9zcVA2RkpjdHgxcS12VTdjTHJpcXVwXy1WSXFycHpDOUhxS2cxTDYwQm5EdXFlOFprQWxyajhnQ2pzQm5mTDBsTzJWUjNMTEVvdDdQUURsSHdyczJNRG85XzJPSmJDb3IxcnMwOS1oQUJNdmpGMTczVlRTSlc0RU8zaFgwVTd2aGlDTlRPMlNEM044X0piS3VhemZuUVdGRXdMTDJiU0ZlZEZBN2RUV0lh?oc=5,Boston 25 News,2026-09-17,negative
MBTA,Teen's Third Rail Death Comes As MBTA Moves Ahead With Platform Screen Door Pilot Program - Streetsblog Massachusetts,https://news.google.com/rss/articles/CBMixwFBVV95cUxOcXVFbWRnakVfV2xCZHpYdDZqQ1VUWVV5Zkw0aUhQdmdBRU9vSEpsaFplMHdzbC1aMDRRZWpEd0JTTUxGZXpkd1p2MTBieUl1NHVWaS1mcTA2QnhOOVhfMVJzdHAxQS1tODB5WjVsV0p4dnZ4YTREZnROX2QxTGNuaUdSdzZpZmxoV1d3UkZIWFloZkpleGxYLWxCNEZGNlhiZjYwRktMNXFBZXdYTjdTYktMVnJRZ2FFOUNEX05Nb3pyV3FNcVRJ?oc=5,Streetsblog Massachusetts,2026-09-17,negative
MBTA,Mother of 19-year-old who died trying to save girlfriend on Boston subway tracks wants safety changes - CBS News,https://news.google.com/rss/articles/CBMifkFVX3lxTE0zaklKODZhVkp1MlFzM1d1YTZxYm50VnZZWDRSaFJ0b0loYjJqeUo3ZExLa05nckJRa3EyYThhSjE0MHhOakIxb3ByVk1qb3FSRFhfbmRwR0JvS3hDNnF4Q1FZVjFMdDVVVDF3M1Q2WkktdUZFdXVEclVxY3JfZw?oc=5,CBS News,2026-09-17,positive
MBTA,The T put high-tech fare gates at South Station. Some can't be used when it rains - WBUR,https://news.google.com/rss/articles/CBMifkFVX3lxTE5URHU0TTMxWWhvcW5fRlllTkstTUwwWUdMdHpGR2R4YlUxZDBkWFl1Q19CSVo1UEJONnJGRGF5azdfLWppZFlpUXJxVmNwNEt0d2FsRWsxTzA2alhKMlNSLTh5clRMQ0YzalVVdjRYWUhsQUhla1c0ZEh1aFlZQQ?oc=5,WBUR,2026-09-17,neutral
MBTA,MBTA police release redacted photo of lewd and lascivious suspect on Green Line - Boston.com,https://news.google.com/rss/articles/CBMirgFBVV95cUxOQy1LR3dtSnFRSkZtQjIzRGlTeXFMdDdfYWtPQTdTX3IwR0ZUZ1lEZlVScF9RVlNzSFFvaFBGX0R3ZVM4cTJSa3VGWGFWY2M0XzhTblFMTm9md1VST0k4b0ZJOHdiZy1Gekw3UDhJVDZ4czQtRkhqRUVpZ3JkZ2U0d21FQldOa3NoejZQZVZOMXVySmRQbFhoSzl6dHFDSFdvOFN5cDNoZlJTOHFZS1E?oc=5,Boston.com,2026-09-17,negative
MBTA,"MBTA bus driver, two others hospitalized in Medford collision - MassLive.com",https://news.google.com/rss/articles/CBMipgFBVV95cUxOVVhjR0NsOVVaNmM4NDdxQ0Y3aHVJZHRIWHVyTFZad0NnanZSR2xDVVhEQS1NZDBraVgwelM3ZmlneTJiUWRJYmppMi1uWUtINmVSN3BKeHFiWHBFanlNLV9sRWo4U3NxeU9hQ0ZzZ2U2ZGVuZHI0MWNZXy1pdVBvaW12bGVWYzE1b0gzZEU1clZWUHZXSVhTNkpMQnZ5dUp0d1JmVTJR0gG6AUFVX3lxTFBPNzJzR1IxU3ZvU1paN0tRVFRhazZ6emVvVnpMeDdlcHpDajZPQ2U4V05Wal91SVZPRHlKNXhUQ3hxZ3Mxb0E4ZTk2U19pcFJLYTdqUjh1RThlSlRuRE0xcGJOZWdGNXFoTmoxelF3ZEFwZm9wSVdRNlBDWlo0NFN1SWE1dFNabkk1c2pkWEF2UWFaTlB1c1l2UmRNOVRPVllWTmtNd05MWGdXS3JoZXk5Q3E2OHQ1WmwzQQ?oc=5,MassLive.com,2026-09-17,negative
MBTA,Pedestrian killed by train in Sharon - NBC Boston,https://news.google.com/rss/articles/CBMiigFBVV95cUxOc1FCUTNRalRGaGV1LXpMNUNuOXVMaXFZdmxaeUNsT3RsNTQzejZkSko1U3Z6NkE2WDJLQmdrOGRLZzk2SGNxMWR3V0QzVnVZQ20yb3ROV21KLVQxdlhHWk8tX2lsTzFvM1hlT2hmTHpsLTRCUC1GY0lSWUVYWmF4OTdDLUdwZVJ6cHfSAZIBQVVfeXFMTXZhSndaWUVwSk52bmc4WUZOemFtOHk2VzVjWmpRUXVWNWxwVHdwRmQ0ZXVDVjhNLXF3UWdNdHR4cHNrRTl1V0VRMTBlZmlHYUlCSGdLcDRwczlKSnpPc0w1V1JpMV9pN2ZuSEh1bnJSV3BGTHZOd1M0Z3F4MmNwVDh4elBSWDNNVldYaUFIODQ5V0E?oc=5,NBC Boston,2026-09-17,negative
MBTA,"Man killed after falling onto third rail at MBTA Forest Hills station was helping girlfriend, family says - CBS News",https://news.google.com/rss/articles/CBMid0FVX3lxTE9LemtkanYwNEJQV0c2VExpdW9QUGdGYWhjX2dWYUFtd1FHWWZLM3pxMDJQQy02S2xHRDNtNE1LR2hCejlqcUFrWTdkeVpUamk4cWFaa0NpYUJFcmxhNFpoSzI0MkxlX2E5UU9JYktmRmx6RnNiU3pr?oc=5,CBS News,2026-09-17,negative
MBTA,New MBTA pilot programs that aim to cut riders' costs begin - WCVB,https://news.google.com/rss/articles/CBMimwFBVV95cUxQUjNLU1lTRG9JTmFmb1JLaHhrU1p6VFl2cFAwSXcydDVSLWlGa2U2bHNJRkk0SmUzNHFyZS1vS2NocnltZm1aLTdiUzMwQXlnOUx2WFpUYWI2aE5janNPd0xFSVNQSW1SQTRXcnhiNmtTdkV4QVNIUkRWdVpLcTdYUzEyelVHanZzaHFsTlRfNXZLcmxmZWdnWkJvZw?oc=5,WCVB,2026-09-17,negative
MBTA,MBTA Red Line Closures - the City of Cambridge (.gov),https://news.google.com/rss/articles/CBMifEFVX3lxTE80UDFsSnpaQkp2SWNYNTQwTDhIb2JPdktIUjRyU1UyYUlyRlJNaFkzWjhjYWQwSF91cWwxNWdGNUh3VjhkaTRDLWFXSnNveUNKWWc0UG1mOGE4NUM5ZjQxR0g1cDBHSE5WT1BqOGJReHdjQ1ZBSkZ5OHpJSDU?oc=5,the City of Cambridge (.gov),2026-09-17,neutral
MBTA,"MBTA Bus route changes on the 220 and 222 are coming - Weymouth, MA",https://news.google.com/rss/articles/CBMiYkFVX3lxTE0zNkFwSkUteE9CRDloNG5OTldIZUNNY0tNWnVCNnlHNnk0ejV6QldMRVE5Z19BWjhYYVhzOE5GUGQyNGR2ZzJVQjA5bTE2TzRGdmpBYUVVYm5jZzZjNlREczB3?oc=5,"Weymouth, MA",2026-09-17,neutral
MBTA,MBTA Wins $140 Million to Run More Trains to Lawrence and Haverhill - Streetsblog Massachusetts,https://news.google.com/rss/articles/CBMiqgFBVV95cUxPVm1FbXM4bUdnak5FOThkN0lsTnRBSTdweXo4a3Z3X28ySTJpTnpjSDRpSi1JVHdYTUxlbXhYTEN6c0t1S0dnZzhDajNBcDhrY2twTXFLSlRIVU9iaUlUcVJYY1hCSzkzZFlGSk9XZElFd2lpaGd6ck5qczJMOXBlWDVTd2YyWWkwVzFETHliUW9NT2lhR3dQdzNoeDdUR0JEWlctVlBnOVMzZw?oc=5,Streetsblog Massachusetts,2026-09-17,positive
MBTA,"Locomotive fire, person struck disrupt train travel between Boston, Providence - WJAR",https://news.google.com/rss/articles/CBMi3AFBVV95cUxPVjlNWjJHcVBUblZKUFp0T1dmT0c0TWFHNGFWbkNFMXNHZEduNy1wSFE5c2k1NzEzUlVUblV0bmM3ZHhpaTZacHI1d3M3MDAtaHlwR2c3V1lnSmdjV2hzeTRfNmZoODlWZUpJUUdmNzRtZllpdGd0WkVFS0hON2JnX0Y3Y1JSVXpDUjdaWmE2TnlKTlJPazRIaUhWSXhqcFpiak9TY2JzT3l0Z3dtWHJJc1B5M3ZuYmpIdGJmQ3RYM3VlbWZlZTE0c0ZEXzdiTGtnRDFiTVJldUh5NmdZ?oc=5,WJAR,2026-09-17,negative
MBTA,"An Amtrak train struck and killed a trespassing pedestrian in Sharon, officials say - Boston.com",https://news.google.com/rss/articles/CBMiekFVX3lxTFBkUHVSZGltLUtpalRJV2lQOHYxSU5hSVZiX2tjQXVfZlNDaExmM1hxRy1aSDM4Q2JXWjZZOFNQTFNlSzYxYTdidWc5UGJzTTI1X04yaERBQkIxOUtNUjNINGh1c1lTY3dUd09fQnBYSEFmb2JPS1RzV2xR?oc=5,Boston.com,2026-09-17,negative
MBTA,An MBTA shuttle bus was supposed to go to North Station. Instead it went 10 miles north of Boston. - CBS News,https://news.google.com/rss/articles/CBMijAFBVV95cUxOQ3VGUXF4UElHSmMxWnVlYS15TUxBS1ljazlwZVM3cFVDZXBaYWd2RGJMbnp2UlpYWmZ2czVGYW5UX29hc09FR2pKUnVRZ3B4aW94cnJKTFNUS1RoYlo3dy1oSGJ1RjFUeFUwdEFQNThVcHhRVG1OR0Z3LW5sYWFCUG41d1dVNkIwNVRvZQ?oc=5,CBS News,2026-09-17,neutral
MBTA,"Man dead, woman critical after falling onto tracks at Forest Hills Station - WHDH",https://news.google.com/rss/articles/CBMinAFBVV95cUxOWHU2b2g3R3k1MF9yVUhHU2g4cEo2YTFjd2xMT3ZNNUtFSWs1WWFQcFdFc0JPdUM1TTZJNlRHV01wRW0xUWFuRXgxWDJOV3VGOVN5bXMwU0RGZFY2ZGxUQkFkbXFNVlhCWGM5TWlMbU83S2VNZkxQNWRPSG0xQzE5R24tbzR6ZlhhQ3ZVak5GZXVvc1VNQndpM0pFVmM?oc=5,WHDH,2026-09-17,negative
MBTA,Boston's biggest bus corridor is getting a $124M makeover. Not everyone is on board - MassLive.com,https://news.google.com/rss/articles/CBMiugFBVV95cUxNajN5dVNhenJLTWNnN3daUlNidEoyOFFJdE1DU2pPdy1RVmZkeDg2MlJKbUh5TWxHSTlyNFB5VDRvYUxhS3hadFlBT0hLbC1xLXYzbVcwcUgxUkw3YnRnMUprbTBudGpxNndVSC1sWDRzb0pFU1MzNGp1akdLSzBDTlQzWFBqZjNSRmhlcVR6Wll0MDJSakY3TXZyc012NjlLdjN4ZkY4MlZuZ1lGTnZTeFZrZG5uZGM4Snc?oc=5,MassLive.com,2026-09-17,neutral
MBTA,This $140 million MBTA project could be a big deal for commuter rail and Amtrak riders north of Boston - WBUR,https://news.google.com/rss/articles/CBMiqwFBVV95cUxPbnNTY2tGMzlDR0RXTGZuQWc4bllzbVJHbVU5cjJjdHB0dzhjYW1zMG51YVpSUFFOcFEySFdrQ3g2LTU0LXBsdDJoVXVWR09yenRaeXZiUjFWeEtsalpTV3VydjkyV2pNVmRMZG5aY2Z4MTdkTDNWSTNIWkZ1WkI0NTBkSTVqaWJiUWtEalNidks2NGt1X21mN3R4dXNhU3lSYTNPOUZJQldfem8?oc=5,WBUR,2026-09-17,neutral
MBTA,The MBTA’s Gilmore Girls era - Boston.com,https://news.google.com/rss/articles/CBMieEFVX3lxTE9lUXdMNDdoMkJEaWxyMTlIb1MyZFl3aVI4Q3pSd0NySmlfdmdJYUtyeVlUSTNzSXI5SDRJU0E1c251cjVUaEhZM1l0YzNBaUYyUDBIa25JRi0wSHdpeXAzVDl0eUdYb1RJV043ZHpxeTVBT3FqMzVaSw?oc=5,Boston.com,2026-09-17,neutral
MBTA,The MBTA's Cape Cod train just broke its all-time ridership record — here's how - MassLive.com,https://news.google.com/rss/articles/CBMixwFBVV95cUxQeWJKaHU2Q19sU3d5QXRETjNmd0s4UFljYWZLTnVUaUYxNUQ1Ym45SnFYZ24wMU5sdFJrZXE2Z19UcVF1cnhtdnA1SVF4WGg4cFdLUVNsUFlNOGNqeGlrUTR5TFVqUTY4ekVmczB6RzhjblNzNU41Y3BPR25SZVg5ZTY5cE1EMkZJMFFDQTBxaXNMSDl5SFRxRmo0dEVBS3JtbVZ3Y1hGc0EtalpXcF82MDJxYzJGRExfN0tqdGh1ZU9OSE0xNUtz?oc=5,MassLive.com,2026-09-17,negative
MBTA,Second teen hospitalized after deadly fall at Forest Hills MBTA station - NBC Boston,https://news.google.com/rss/articles/CBMiuAFBVV95cUxNWGtvYUhIa1p3TXhBcEdINmE2MlM3dzYwa180ZXAzeEJMVXRrbUo0ZEp3dVJTQ3FlYXJURHZGZ3NKbGxsb1QzaUpqYTlHRDA2cENub1lLVnZYQmNrRUFxVmNrNEhRYzYwRFhPUW1ITWM4SDZDQzdWazhybVVDcE14Q0ZuTlpPbWxwVmF0M0pNNG9OT3V3eGItdWhYLXNJUEtKX1dHTTBwaHBfajV0ei1tZHJGNVJ1dUdw0gHAAUFVX3lxTE8tRGpwMExyV29qNzhOcENOSEc5QmU3MGpSNnJ4UW5qXzI3QVE1VmNlZUlSV0o4MmlvcUVSQi1JT3ZZSGR1bU9wd0dTcnZNLUR0alNsYzIxcl9oakZBdFp4OXN4YTg2OURTTTdDOVhpY2IzLTl0QWpENUZSOWJtUU9ZOFlqNXZJNmxleGJzd2FWWnlDT0FxMUo4LWJIZm1oUGpCTHhXMm1FVnFUcE43RjZoam5KR2tGcnMyNGNCczZqUw?oc=5,NBC Boston,2026-09-17,neutral
MBTA,Rail News - MBTA completes Orange Line infrastructure work. For Railroad Career Professionals - Progressive Railroading,https://news.google.com/rss/articles/CBMiowFBVV95cUxNM2REQ0o3MnRUWWllWmV0alQzekRJajI4UUtVak84Tlh3ZUhWeFpvZmRVcDlJSWdvVFRzcHp3Y0l2UzRDZEg0SlJLN3R6X3BTcFRZblVxZ0Q2dlQtZ1Q3YjB2dUk1UzdleGFLRENLdFFJeVlQU1N0RWI0bDExeVo1Y0dFcmxNLXR1QjRtWFdPaUZtYjB1ZURjVWFUSFFoZDVRNmhj?oc=5,Progressive Railroading,2026-09-17,neutral
MBTA,Crews put out fire on commuter rail train at Ruggles - WHDH,https://news.google.com/rss/articles/CBMigAFBVV95cUxQdFZkMk16V1dtV3Vha3BWNHYwVUgzR2FuQUZSakFnNDMwLTUtYm8yTWkzX1dVRC1LdEdLQmRUbzllb3BnU243TzhnbEZPUkpPdEg0aHhObjIzS0ZIaUpwNEtpWVc0MHVicFY4N09ndnVqZTVfNHVQYU1YOVpyQ2RycQ?oc=5,WHDH,2026-09-17,negative
MBTA,"MBTA to Close Red Line Service and Replace with Shuttle Buses at All Cambridge Stations July 21–30, 2026 - the City of Cambridge (.gov)",https://news.google.com/rss/articles/CBMi3AFBVV95cUxPLTNxQlpkekt4cHBia0xVZFZvN3FkUnlPRmFEM2dGc0NjOHhiT2QwMlRHOGttRzBPTy0wVUl6QkF5NjljWU9tczlvRVFFSk43QUl5NFZ5WVNIVlpmV1hLdWtuekxXV1FqV1V6d2dKNUlWYzhZWmtRbVFXb3psNXlfQWg2VXNoUE54OGdqSEhVWUFrRUdZTXY2NTlURVVzSTNXR1BxTVdhb2ZYMkxxMEtYQUpQRHZwaDlWbUZMakJhUUxOVnFzUTRPNFhTVjVrdDZmMUJmOHliQmwtTTNX?oc=5,the City of Cambridge (.gov),2026-09-17,neutral
MBTA,Photos: MBTA plows into cars in Medford - Boston 25 News,https://news.google.com/rss/articles/CBMihgFBVV95cUxQZE5XU01kRU1pS1cxTHpXY095SlVsaVJTajNtRkU3ZkdXbldyUTd6cGx2TWNUX09GWFB1NGZBMDM5OXNFd19KZndLc1h0Z3paTE42WTlOZ2tTU09ZcTEzVVVKZmd2T1ZLSkhCa01FT0RFemRxZVRDYUM3aVNVVU1FbWdZNnY5UQ?oc=5,Boston 25 News,2026-09-17,neutral
MBTA,‘I didn’t think I would be making this much’: Here’s what an MBTA Green Line operator earns - The Boston Globe,https://news.google.com/rss/articles/CBMiiAFBVV95cUxNY0lYbXc2Ui1JY3VTLU5hbWJiMThnUmNPQW9fMmZUdHVPZzU2ZWFLaVc1bUZPWDk2a1dBWjdwN3JUaUtaeDhhRk5nRmlTVERMNjlteERSa3I4bm1Ib2NZczNXUmg4US1VbGtIaklrNkI4SXlkSzNXdmNzMDBNS05oRzRZRUU4aUlu?oc=5,The Boston Globe,2026-09-17,neutral
MTA,Commuters panic as emergency brake triggers Grand Central train delay - FOX 5 New York,https://news.google.com/rss/articles/CBMiggFBVV95cUxNSkNjcGJYZl9GUHZFVDNSWmJadHdSY0RfSzdsYXBwQW4xUHMxR1hJZVFVeXR4b0k0cU41eU51LWNsZnJTY2hSMzZKMlQyYXNvSTlXSjdKU3p1NVIyb294UmRORjhOblhmT25ZeWRaRnp2eFROZkNtaURucTk4OURBaWhR0gGHAUFVX3lxTFBpZDZIN3ViZmVMV2o2bTN0ZkwxY3VVX0JhclFVZXRrZkFaaUl3Y1I1TTdQYVd5ZlZIQTVHVDlDVnREcXR4cWJScDNuMFJndUtvZzZVVXBmdzRfLXk5VUZIY29pNkRHaTAzbmtvQ3dvTFdfYl9oODQ5UkpFN1ZubUo1LU1BUFJuaw?oc=5,FOX 5 New York,2026-09-17,negative
MTA,"Woman arrested for allegedly making threat aboard Metro-North train at Grand Central Terminal, MTA says - CBS News",https://news.google.com/rss/articles/CBMidkFVX3lxTE12elp6dHNYNDRpaGNGY0ZYQ0hxcXZubDlDWnc5cVNoaWR3OVpKUGZVSDRtbkxTRGZ4MGtsaGd0MnZ0UE9FakhDZjBiMnEyemcyck0waTRRRUY1YUlPdHk5MlBKOWR2VllBMmZYejE5RXdFcjR1NVE?oc=5,CBS News,2026-09-17,negative
MTA,New York MTA moves toward award of final construction contract for Second Avenue Subway - trains.com,https://news.google.com/rss/articles/CBMi1gFBVV95cUxObzdRZG5YdC1xOVk4c3lBa2gtY2lJY29qQ2JtUTNmSGV2RjdTQWVCTEhYSk5NZHJvODR6RFJUTFlpM1NGU0xhd3Rqd0ZsdXlDd1RpdU1PWThLajdTWFF3X3NFR3F0aFQyMjBNc1Z4eXpGMlpfWTEyeFF6bkRqemczR2o0VVk1WUlISVVPTUpuMF96MWxrbUFwdERSeHFDeFNQelRyZzFVX0Fia01VM3U4cW43d3h1V09CTWNlbDYwampQNkhGR3RhUDlxU1dHRzRPSGk0ZVlR?oc=5,trains.com,2026-09-17,positive
MTA,"Baltimore woman hit in crosswalk, driver in MTA vest checking car and driving away - WBAL News Radio",https://news.google.com/rss/articles/CBMiuAFBVV95cUxPRTJ2cHVRQ2pMbjEtdEdGSEJFQV9uVlBYZ0EwcTlOeUJaajBxLVJaWnljUlhWM253QkJtZTNrZ2JhdWxXWEE3OFRCUUNnemhQUG1JcUJHUjQyQ1RFQWRtT055R2ZUV2FWUGIzVUtVc1pFVjVzLVRKNE9VR1NRQ0M2VDdxQW1NT09WYTVhYV9kcUpUVHFFbE8wdXJkbjg4VDMydGZaZDF2TWxCOUp4Y2tnMWFHT3VwVk9J?oc=5,WBAL News Radio,2026-09-17,neutral
MTA,Exteriors of NYC subway trains covered in grime while MTA repairs car washers - Gothamist,https://news.google.com/rss/articles/CBMipwFBVV95cUxNWm95cUFTVzgzQTFiX21aNTV6UERGV21YMFNJdTFxSVJKNjJlQk5fa2w3cHlWUmxVZjF3YkhDckFUOG5lLWxIQVhHeDRoaGxmT2pZSW5JZzJ6WWtsbUNHSV9HT0d2QW9FTi1ublJzVHg1QmlmYnpaVE9Jc29YS0puSGxNR1VtSWN4UFJmbFV5VmIxeXlVc2hVbThJcVI3dU5fNVBtV3VfQQ?oc=5,Gothamist,2026-09-17,negative
MTA,Top MTA official says agency on track to finish major structural repair work at 7 line station in Queens next year after delays - amNewYork,https://news.google.com/rss/articles/CBMigAFBVV95cUxONktGcDExX2lreHNxSVRSVUxIVzZVYm95aGFLTGpNWFQyNHBxRHlMRTdLVTZoZWJOaWhEM29IQ21reEdaLU01dTI3b1h4LTliNHJaNWtTSHd4LWNlNm02R3hMdFN0aGNXSlFjT1NhUkpzOUtmS01TcU9VZUNWeEZMSg?oc=5,amNewYork,2026-09-17,neutral
MTA,MTA updates track-worker safety rules after flagger killed by subway train - New York Daily News,https://news.google.com/rss/articles/CBMiogFBVV95cUxQZEhPV0gzZHJaVWFnZW9yWDFGMXRJU0VpWmNfM2RWQnhBTy04WGVzZEp0eHpycXNCb2RkeHpLSURCdVpndVVRNEpCajMzMTVNRlR0UEt4OV9lRGJIUzZLU3RIWDdsR1V5NFJOUWlTWVl5MVVuX2xwYW8tS3dhekdJYjNKMFFKc0FYcjN5TWhHNi1hSTZpSDVLZFZ5M1J6TzZJRWc?oc=5,New York Daily News,2026-09-17,negative
MTA,Byford says MTA reportedly to reverse course and endorse Penn Station redevelopment - Crain's New York,https://news.google.com/rss/articles/CBMiqgFBVV95cUxPRXVXaS1oUzBWRENFaXlsT1RaMjBSSWV4WTJYVkdwam1CYjlhOHNGRmw0YWpEeUhHNXg2RVJYLWJERmk4dHlqVVJjc05yZVJnbUlmQ2hPRXgxYW9pcVFHS1BDTExWT3h0NjdUSDViWlI1Sl9fVHdwUHlpaVlOYzFQeUQ5NFJWUVFlTEtDNVhBYWRkbzVEVWtWa3Uxa3BHMkxSNExDRW5vZEJHZw?oc=5,Crain's New York,2026-09-17,positive
MTA,Police activity impacts Grand Central train service during morning rush: MTA - PIX11,https://news.google.com/rss/articles/CBMirwFBVV95cUxPOFk3c1hIV1UwQWJTc3ZoRnU2NFctbDlFbUJuT2V2QnZrLXFUenVXeENuUVZqT0RZc2Y4UVd5MTQzbktDcWdrODVoOURDbmg2b0lUM1lDV2hYcF94ZFhxdEZWRkNNWVB6M1E0V0w4MzhVQnpuSThKNjZUdEE1aGlBUHNLUUFLb3FOM1dKWVoxNEI3cEw5bVJxVVNhMFFOVndtM3lSMVhQME5PSV9Eb21V0gG0AUFVX3lxTE5oY1hSUFFaRmltaXpESEx6SWlsRXd6S2dHVDc1SlNrSmttMmdoR2kyY0phcFBvOVdUOVZyVFJOOUFwQUZvdFFPUWVsZDBkbHR3SmZTSS1EdGhaMU42TW9SQk9oQkE3dHh6d3RLX1I0SGtVRlBBYUdnY2d4ci1kQjJDcGJhWXhrdGRCV2VFa0RXa3JraEZDVGN2b0liTmJnbHZhN1pBRFNkemp5MVBsa0hKTF9zUQ?oc=5,PIX11,2026-09-17,positive
MTA,MTA looking for bidders to complete Second Ave Subway extension to 125th St. - New York Daily News,https://news.google.com/rss/articles/CBMitgFBVV95cUxORXpnNzVfaEwyRG1IMjZFRDA0LXdXX3pLZkswSDgwYU5EczNzcS0wS1lnRGdqVC1YS2RhSzI0SXo4YVI0VFA4dkdiblQ1b1lQTV9NSS0ydXpVN2lmdm1fQ0pnZEIzRlFtbjFHVEl0RE1weDNWZXF4M3VERGJOVjZhX0g3b0dTUWlLalhMVWZEaVJVeDV6VE0ya2hxU2NsMGtITU1uYmhKWjBrV0NoWk8xRDZvUFhsQQ?oc=5,New York Daily News,2026-09-17,neutral
MTA,MTA Maryland to offer free rides on Car Free Day - CBS News,https://news.google.com/rss/articles/CBMiigFBVV95cUxOR3UwR2E0ZE1ka2hPZklTVF9oaVE0bFVKbko0X1UxVmhJYXhWdDBwa3dYVkpGZl9JM2pReE1GSGp2QlQ5ekFzN19FblphZEo5Sm9VaGxkUjVpRnU4Y0VwVnpQMlhSVHB5NVRJOExMaVVkVGI3VXRDcWlseThSRk9RSGVQTDNVdWRrLWc?oc=5,CBS News,2026-09-17,positive
MTA,"Man wearing MTA vest hits woman, checks car and drives away - WBAL-TV",https://news.google.com/rss/articles/CBMijwFBVV95cUxQV1VjU3NFMUl6TWdlcHUwbUsxLTI4R3ljOW9wWTN3TG1fa05tVWVlYUhITmp3ekRsWTVReEViLW5mak1BRGFvbjBZejFjZzFmYlg3Tk1CNlJfM0VoZWltRGdNWHZsaHg0a2tuRGFVUVUzam1RQjRLd1FGWmRMVmpTd3BaeVA0Y2thN0tkWEoyUQ?oc=5,WBAL-TV,2026-09-17,neutral
MTA,‘This will be your last day on Earth': Woman arrested after Metro-North train threat - NBC New York,https://news.google.com/rss/articles/CBMijgFBVV95cUxNanZtdjlzNGh6M3pYb2VraUp2NV92WjROOXRIQWEyOGRSVlRLdlV3VTljRjY5blpMOEhpaF94RjhxTDJFYTF4RVRidHNfSk44NXc2cVc2ZElRQjB2VFRFbzhPS0p0V05QYnk3aGRtdWpyUXhYUmJBaXA4d1RjM2FSNFM0WkZTRDNMRUkyLV930gGWAUFVX3lxTE5oa0lFZzd4aU5OUHlaLVZMTHNQREpSblNsTHQ3aDcwYlR2dUpteEhVVFlwZGxBRmx4ZElmOXNvYjNndFYxVnBBdl83MEZzUlREbWN4bnBUdHIzdklYZnNHT0o5NUVaWTdZZ1RtV2FKakFZUXVLWmdQZjFlU2ktSVNPaklQNHZfWWVINE9YbEdTdDJoV2MwQQ?oc=5,NBC New York,2026-09-17,negative
MTA,New York MTA Advances Final Contract for Second Avenue Subway Expansion - Metro Magazine,https://news.google.com/rss/articles/CBMiqwFBVV95cUxNeWYtRmJtV3RUd2xVanFLYmdhcUR6MDcxLXFqOHI2QTdhLWF6NGExUElTZWRYbXVGRmVEYXJpNmk0QTA5Q29SWDJpQ3kzdldVY2dZSmtEWUZKLVhyNFY2eVNLUTNiZ3Q2Ql9xVFhDZHVPVG4yWlFGT2FzZWNka3ltOVhYTXFYN0JpeFVxYXlfWm1Mb1NyNmNuWm12LTI0d2ZVbmNldUtEM3YxSTA?oc=5,Metro Magazine,2026-09-17,neutral
MTA,"MTA track worker Moet McCullum struck, killed by subway train near Yankee Stadium in the Bronx - ABC7 New York",https://news.google.com/rss/articles/CBMilwFBVV95cUxQcjZiOG4zMTNqcDRrTHlaVGY5QlhvSkhUTk1vRlJscFlsS1lEQ1hKczhNMFZhMVZ2UHE5a2V0QUVKMkJGN1dxWFJPUXBGQmRfUjJvUXVhejd0ekdEVXdpZWFmcVVPVnpkZVZRNlctMTNiWXZsa0lQalRrYkxFNEpUN05PUHh0d1dMNHo3ZWtYUVItMGQza0xV0gGcAUFVX3lxTE1mYzEwRl9vc3FMTkNfXzdyenZVMVlKRjRyRHh3ZHgwNDN0SDFyN2JMSFMxaUhlQUUzSE94Q2o5TmQ5NndrVVZEcW1XOG9Zb2M3UVhNbHBMSlIydVpPemhCZXAyd2E4MUZKa3lpMklqVlBJb2h2MndHN1RlWnoxNkZFVDFxWDk2OEJhZHFGbEZsTXM2NzFWTkRNQW12Zw?oc=5,ABC7 New York,2026-09-17,negative
MTA,MTA Advances Final Construction Contract of SAS Phase 2 - Tunnel Business Magazine,https://news.google.com/rss/articles/CBMijAFBVV95cUxNczJqaHJWNDZEc25ReVFtbEtoZnhTV0dsYnNyb2s4NWFiLW5BQm11bl9vemhWeW1RMEo5UlVJbGgzNmdIai1HLTZDUkUtdjhyYWdwaEx2bG1fZXNoVGVTa21BTkU2Sm10dlB5VDN1aHRJVDZ5TDNZb3h0S1lGR0RvejlRcVQ1Q2dESXIzSw?oc=5,Tunnel Business Magazine,2026-09-17,neutral
MTA,New York City’s MTA advances final construction contract for Second Ave Subway project - Transportation Today,https://news.google.com/rss/articles/CBMizgFBVV95cUxQUDdFV2lwdzQteEZNeS1JWkh5XzBsWjBuOUJtOTFqU3R6QnhMVEwwYW5ERE5fZXljSG9PYUJfTWRFcDdsb0JZS0x2U3NBTVlQVTBZbTRHWHg2MjZ0MUp4cjItbHNJXzlUVjQ2UWw1SXJhcEZJYVMtb0ZvRzFwVVpVeTFNV3pWNmJtZktHMW9NR1JETDVjejBlbDJreDlpd2NqZU43dGQwWWstVEp3dG9Ja1k3bzZfeW0tSkp1YTVDTG16TGI4d21oN2V2emtaQQ?oc=5,Transportation Today,2026-09-17,neutral
MTA,Hundreds Delayed After Threat On Metro North Train Triggers Evacuation Near Grand Central - longisland.news12.com,https://news.google.com/rss/articles/CBMiuwFBVV95cUxNbXpDYllLSTg5eEpHcHJyUTJfcnpHaG5VRTRydGdMX3d5b09POG91Q2twUkdMZXRrZ2t4N3dvS2dGMTdMSGozRFh3NEZfV0NYODNRMS1NWE10VW5ScTVmbmM2MnI0M1E2ODFqdHh2Uld3MGJYTFRyRFFEUWFpSnF0bHgxanlNYlZTc3lwSzlpUlY5SURXTENIYmJnWW1wRHUwWmlBWDYwVFVOVzRkQWlaU3kwZE8wdXU1ZEpF?oc=5,longisland.news12.com,2026-09-17,negative
MTA,MTA advances final construction contract for Second Avenue Subway Phase 2 - Mass Transit,https://news.google.com/rss/articles/CBMikAJBVV95cUxQelNqcl9lenQ1b2NoZXdFMk8tZXdmYXFaZUJMZzRQZ2hEMkFrclFxSlRVUnFRc1g5bHlfV25vQ20tQlFjTVlvTnVuR1BRS0d0NE9lYlR4VGNHRzNoaUhQN19kT2lXa2owNXI5Smc1elZTUkN1SDlmcXpmMXJuYXQ0N0loRzZURXNGNkJPOVN3amFOYURUNzVpcExxdGRnS3VPM19MQ3ByMGh1S1pkQ0J0WnVzY3pzOWQ1R1pUcFZSQld0VUVlZlVmek0wVDZJeGtEY2FVcVpXaVBaSGlaMHppMTc0NXFOa0tGZWY2by1nUE1ISmhQQmNoZ0hDSjJQWnBCbm11ZWdWQUo1MUpLYml3OQ?oc=5,Mass Transit,2026-09-17,neutral
MTA,"Students say they're still waiting for city, MTA to improve OMNY card - Spectrum News NY1",https://news.google.com/rss/articles/CBMiugFBVV95cUxQUHFfX1BrRjNjZndZTHVSb21uVTVqRnU5TlYweGtKeGxlNDVxRHVRNmJkTm5NWWYzTXpWOWFsR3NvVTRIamEzcXFlNzdBLXUyOFgzd0V2dFRBWXRFdURpVXVTaE9NVjFla2Y4QTVHd2p6M1l3NTFjckhFcXJsMlJDckZhOEdDSTdGYnNOTlBTbHZXR25EcDF2bEd0UzlpSjFwOEFpalZEakxZcmZhMHlZYWVnRTFWNk1NNHc?oc=5,Spectrum News NY1,2026-09-17,positive
MTA,Passenger in emotional distress sparks chaotic scene aboard Metro-North train at Grand Central Terminal - ABC7 New York,https://news.google.com/rss/articles/CBMiywFBVV95cUxPNExqM3NBaHprdGd1ekNPT0Eya3UyWXBJTXN6RWRVbzQyUlZ1cHprZG5hVkpzT2g2RE80OTFjenpfOElQVlpua3RpMnhNMEp3UmEyRFV5c0dveUs1aVVENlBlRFZ5eVZ4T0Ftd2diZ1ViUzVlVy01WUhzUVNBZ0FfcmZuRE5vSV9tTHEyd09ydEg1Q1ZVU1lucWgzZUdncUx0Q2tBVGVHdWVnb0Z4S2lSSUcxNDR5ZUxXN2xmTFJQZkdldzQ0Q04xcGV0RdIB0AFBVV95cUxPVlJfUG45S2ZXQW1JbnBkWUZfNzlXWG1oTHRjcUE2MTBkVXBSNVNWYk9QUzlQNE9tMDVaYnNvalZyQnMxN1ZHZlZTWHR0Tm5KT3h4N3Z6QS1RLV9rcjFEbDJEZ0tOZkNkZm5wSFNVYlk3bHg4NkRjQ3lfYWFWMGh1YVBadDkwYXFJVnFpMzVoOVZYV3ZPVVlfcm9BUngtbDdTUjg5cjUzNERvSlBINURhaUFkWTctcUctcm1nMkk2b3BUTDQ0d2MxNDlBWnNFamxV?oc=5,ABC7 New York,2026-09-17,negative
MTA,MDOT MTA to start RAISE East-West Transit Priority Project construction Oct. 6 - Mass Transit,https://news.google.com/rss/articles/CBMiiAJBVV95cUxQZ1BWRGl1UXppazdLODYyN1pabzdqZW9WNUViV3dKWDZEWjVmNC15bm1pM1BuVlVCT2FLWEpsMHg3MlhWRjAtNG1kX1FOUzZ3aENZT1pvMk80MWhIXzVwUmlEYW9HT1k2LVZzNDlzeGVvRUNYZjBCR1NSLW9SUExhemk1X0RSNkNkYWUtUllaNmk1bmdvU01lbmd3TDZoQV9zQ1AtZHlTYWJFMHpfdGtJc0xHNFZaN0lRbndndnZHNVdJQTVTVEJ0eGN5M1p4NnVpeFptZzZiaXEwREtIcDBXOGdTM1RtRFczZUNnRUYtdlhFZ053VmlBaVpoSG5TVlVfeldXMWVKZ3o?oc=5,Mass Transit,2026-09-17,neutral
MTA,MTA Advances Final Construction Contract for Second Avenue Subway Phase 2 - Railway Track and Structures,https://news.google.com/rss/articles/CBMiqwFBVV95cUxOMFJIUTJsTm1IMUg5X0NaXzhodlVCZDMzQTFBRFhCcDhqOUwxODF5V3pIY0ZpUi1aTmdiQXoyQ1VHYlNkWmNvRlF4ekI2LUxfeGlBM0dLZy1iM0kyS0J2OTNURWwzUzdOaHZJeGRES21ZSWY4VVNhaWEzMDlsek1OcmhNWlYwa2ZvRGNIY0lvZWNOTXdzRF9Md0JtMzRQVzRTQzZseXNZVTNJUG8?oc=5,Railway Track and Structures,2026-09-17,neutral
MTA,Chaos erupts at Grand Central as woman tells riders 'this will be your last day on earth' - Gothamist,https://news.google.com/rss/articles/CBMitAFBVV95cUxNeld3b2RQT05rT0M5SEY3NUVQWnpKQmdJMWlEZGNTbWxyUVNlNGZHa0xac2hYSThSenJrVk5yQ2o2SzJkamltOWpOOHNDSFFraDFfQnpzYVZmRjBUWFRHVENtS1piNzNJYm5lMUNYWlB0RlAxb1NTUXZ1cmpyTGw3X0h5b1pyRVUyNzVuSmRWckNzTUlUV1ZaTVdKdW5DaExCVUVYTlVvLVdNZG8zY1gzTklTdkI?oc=5,Gothamist,2026-09-17,negative
MTA,"MTA reveals renderings of new Interborough Express, IBX, connecting Queens and Brooklyn - ABC7 New York",https://news.google.com/rss/articles/CBMisgFBVV95cUxQbnhfRGt2NDB2WWM4TWllMWY5Y0NYTC1WX3JWNEJoUThOLXdwa0RXNWJ0VVJ5LTV3QkZkTjBsY3NOTVJXSk8xN0lsLV9MaWkybFdQMWJOWk9aczZRQ1NHZU9TUnVDNnJhclY0SHpCbndiM2ZwM09nclBDZkVLV3ZCbDIwblVXai1TaFgxWHFlOTBpMGVrdWdKMTlhdzVMdmJDbnhZWno0WTZCM053VzhXRmNn0gG3AUFVX3lxTE1KLU5HdjNOTFZIdVM5M3UweVVTem5Ebkk4OEtKYllZcTRvbi04dUdNU1hxZkZoclhyUFdxbDE0bG9yaG9wdjFtNGdkbGk1aGxtSG9LME9pa092dUJhN093Mk8xaTdwYWN1RGJ0TWNCd2U0aHFrR3pkRHltR203Qmd1UTJ1akY4bWxxTG0zT2FTNHU0R3I3Z1VBVzFHVlh3bWN6M3F6WFFWd2hwTzRGNlY3SHVtMlczTQ?oc=5,ABC7 New York,2026-09-17,neutral
MTA,SUN: Man indicted in Baltimore killing of celebrated MTA supervisor - WBFF,https://news.google.com/rss/articles/CBMiiAFBVV95cUxPS0JkSkRkRmQxVFlST1NvYy0zcDdUaGZPZ083Wm5JU3pGc0hzdldTYUR3eG55TzdzRXllSDMzNzhqU0FkUVpiMVBjTDN6ZGdoS0R6eG93MjdfdE13NWtZRURyclkxTXYzWS1jODRBRkVKNDl2ekl1ekwtY2JPU1VVZk54TEp4S28y?oc=5,WBFF,2026-09-17,negative
MTA,MTA Flips the Switch from Electric Buses Back to Natural Gas - The City Reporter,https://news.google.com/rss/articles/CBMikgFBVV95cUxOd1BiVEZLaGkyYzFfQkFOb09BWlZ5LTJpTTR6VnZnN2pJdUwyUzd3UHB5emF2TFlCcUtFMUhyeEkwQm45NHRNYVgzLVBuZWU3eUdHWEpIckdKaDE0R0Nsdjh3bUgtc1c5SHNYcC1BQjBsY2xBdWl5OC0tTGFwMXVlb3hzUEdjZ3k4eEhIT0pIQzVqZw?oc=5,The City Reporter,2026-09-17,positive
MTA,MTA to issue RFP for 650 new CNG buses to upgrade aging fleet - Mass Transit,https://news.google.com/rss/articles/CBMirwFBVV95cUxONlNSTjdydWlnTDQ5QTdSbXRrREU0d2hJNkxDbk44d253MXhVRUhTbVRsNTN6WVA1LV9xTVVNSDdOd1RGOWNBNXJCYW1XY2lZUlA5QUtCbGt6M19RS3ZzWW1CcE5LOElBYS15VzdQLVhjTXAyM0NrNWFsenBnLWdOa0llbllNTGJsX3hKRmpReXBxb0VWUXc0TnFVMXpQZEdwbGpRVGpzdVpDc01NS1VB?oc=5,Mass Transit,2026-09-17,neutral
MTA,Woman struck by SUV in downtown Baltimore hit-and-run captured on video - The Baltimore Banner,https://news.google.com/rss/articles/CBMirgFBVV95cUxOVW5pTWdReDExMW9rQjMxb2Y3eFd1VTlySmVKNUNaaHFXTk9NS3Z1aVJqXzFoSm5ncUY3Slc1eC1wei1DaElEZ0x4NWlKMjVraXhleDlEUHVLYTEtOTgzNEduaHB1czhWZDdCNU5DcHVfcm5Sck5aMVY3TU1hMGU5dGxJS01TaUxFMkxkRzY1YWdaRlVLNXFzZ1FFTHZnTlZ0SFJDaldxTWJuelMtbWc?oc=5,The Baltimore Banner,2026-09-17,negative
MTA,MTA launches new bus route to Tradepoint Atlantic - WBAL-TV,https://news.google.com/rss/articles/CBMipAFBVV95cUxPS3VhWDR3VkYtNHRCQnhxMWQtZWNHUTljeTB0QW05RkdONmh1TTAxZUlhbmtrRkszejh0dFlEUXRpU2J4bThVYTA1ZWVFdXJjQWZ1X1VzcHVyRTNNdkR3eVdCRUZBTnM3MEE3dEJRZm1udGdlRndlRnVMRWI1NVBWZ0thWWhaY184dGF2TnNlVndxd3lJbWo2dTFVcEV3c1F3QnBRSQ?oc=5,WBAL-TV,2026-09-17,neutral
MTA,Brooklyn Leaders Call for More Accessible Subway Stations - BKReader,https://news.google.com/rss/articles/CBMirgFBVV95cUxONkkydHh5WkhuaFZMMUk4Vl9YWlI4cXJEUk9tOFpleVI4R3VlYTJjWkJ6TjBVQ2FLNzFqbU1FUVZ6bHl1SndORU5weEZJbVZFcUx3NXJOa1B6alRjRndjY0hHdkVtdEs1R1VxY3Q2QjlVUFNFZG5VUGlrMlZXYk15Um1jXzFYbDFWUE5EOUctRFNXY1lJZTV3WjRDZzh4NUUxQk5PRGZ4cE9RdEtvQWc?oc=5,BKReader,2026-09-17,neutral
MTA,‘Like It Happened All Over Again’: MTA Worker’s Death on Tracks Highlights Job Dangers - The City Reporter,https://news.google.com/rss/articles/CBMihAFBVV95cUxQY2p2WWo3Wk9QMGk3S2g1d3poeS1IcVY2dUJ2RVNKOFJydnVHamlFWVFQOUZMeGFZWWtQMWlqTEozNlNjRDFCU2J3SXhSanA4b1pwUENQSEs0OW5OWm4zMDJ5TlJOZUc4TXN1WFh6ZFlyckdFNkppUUdCRmVwRk1WMEE2c3Y?oc=5,The City Reporter,2026-09-17,negative
MTA,MTA Advances Final Construction Contract for Second Avenue Subway Phase 2 - Railway-News,https://news.google.com/rss/articles/CBMioAFBVV95cUxNRHg1LTdBRVg3dnVIeHFJdlRIV1BNTjJTOHhMeF9Lengtc3ZSWEkzMlZOVkdhRDNHaXExejhnTWN4d1hrR0V3eFJ0clVQd0lNZ01HTURvdHlucDBDWmh2cU9teUJCN2kwTU1iT29WNVBxVE83Q0tRWlNwaXhnQWFEQVF4V2VjOXExbHBQcGw3aDRHbWN6bU9rVWRkMEJjSFRZ?oc=5,Railway-News,2026-09-17,neutral
MTA,"Emirates signs strategic partnership with Medical Tourism Association (MTA), with the aim of expanding its presence in high-value travel segments - Zawya",https://news.google.com/rss/articles/CBMitAJBVV95cUxNMS15cUg1dTJ2YXBfVFlDN0hGMF9aM1FveVE4bVdiTTM4SkwtMEhDLTZXUnN6N0xhaXZtQ1R5dEx2aU1zbGVaVDBKZWZNNi1RSkFWMWRYSmRFa3pKVnFJNDhRZElqYjNMVjFJWXk5TGFhYXFzOGZtbmFBTnJETHVSTXliVXFoODE1dmN6VG80azV2R0lIeElqeWtqVUxneE1WMGhra0NMczdUVFRsSTd4M2hyUThDNE5oR2FqSktHMm5jbUxMUE1BcEpJdlg5WVp6NUJnZW4yQW9jQVBSaWpPQnBqSXVFcU9uSWlXVVBCUXB2aERDMjdsWU0zSnYwSkhQd3h1LXZHc1gxNTM1MUhRUTJnak1tNkp5c1I4dEU0VC1iSHN6UWhaRVY2M1liOEg0OVVHeg?oc=5,Zawya,2026-09-17,neutral
MTA,New York City’s first light-rail project could take 5 years to build - Smart Cities Dive,https://news.google.com/rss/articles/CBMilgFBVV95cUxQWDNlTW96VW1GUnJ6bFI3ekE5Zm52WkxXTFhrX2wtVmdRaGZVdHAzcE9aNmpBaWhoaTZsRjE3QzFFUGZYS0REcThWMWpKN2pDeEVoX1RtSW5SX0c0Q29zVHRQZldpaHBWRlVQRlVwN2tNZmJJVnhvR2NPNUQ4TFNTUGRvSFlJdlEyTXFFWm80THRtSFJkUFE?oc=5,Smart Cities Dive,2026-09-17,positive
MTA,MTA track worker struck and killed by Bronx D train - amNewYork,https://news.google.com/rss/articles/CBMic0FVX3lxTE1TZF83SHFOUll4d21hc0RNVk14Z0VHOGVGQVBUTmRVZjVKSW5OYklRMTR3Mnd2OUJTMUpTSWxkNnBpZG5Mazg4Ujd2ZkZydlF2MjcxTVFqbFk2NVpNUWE4UElxek44LXJGQk5EazRUUzJVRTg?oc=5,amNewYork,2026-09-17,negative
MTA,MTA worker killed by D train near Yankee Stadium in the Bronx - Gothamist,https://news.google.com/rss/articles/CBMikgFBVV95cUxOUGFZcHJyVTNud2FjZWpDLVlXX2Q0aXZROUR6SlRQTmhCZklxOV9iWTU0aDhfQW8zMkEwRThhd3pud0JtcG9ReGxiRU5sRXhuQmR6aWdPZk1GSURQOE9fdnh4QlYzc1lmUzJCZ2FkbmtTbHpnd3VCSHFKTmctOU0zZTJsanNtWGNGSWM3V2FYajNDQQ?oc=5,Gothamist,2026-09-17,negative
MTA,Investigation launched after MTA worker killed by D train near Yankee Stadium in Bronx - NBC New York,https://news.google.com/rss/articles/CBMinAFBVV95cUxQTEkxckZqSnNvSk9FTm9BaThjc0xOUzl5bkRHNWRfWnpvdlBjUUdWUndUX3NhbC1ZaEF1Y3M3dUdUMVZtcnRsLWU5dnRFbXluUXhGUUJlTDZwQUNDUzg1OFJSbUpSdkJBWVdlSWpZU29qUEJDckM2Y01lZ3E1Y0FTRC1hZjc0M1VMNklRdXRpTkowMG1TSjlrd3BIOHrSAaQBQVVfeXFMUDJDcllCZ2VVMG0yRE9xNnpnVktlaUJZLWppMEZhaTRjLWhTU1FkQ2FpYVNKM1hUN0ZBb1NNMTB1TDlYZzc3ZEFJeUdDQWNuTU1NUjcwREU5NHhfMDZUV1c3Q2NPbUtXTW1zT1VMd3I5clBFc2hnZnBUVGRnOHBvTUFyR2t2ZmhwbnE3RXhEaHNuMW1hYmF2Mk9pSXpPazZ2NENQazE?oc=5,NBC New York,2026-09-17,negative
MTA,"New renderings of the MTA's IBX project serving Brooklyn, Queens are out - Gothamist",https://news.google.com/rss/articles/CBMingFBVV95cUxOTGswQk9GN0FCemstMG0wNC1CZmZPVHNPY1lLQVVGeUFxRlJTYVZGMnFiMXdNemRoSlFrZXM5eG1HMEl1NjJPN0o1amNoWFo1TWhYNnJvOE9MWWJJT2ZtMEZ3allta29OOFVQZWdsNkVjMEY3b3k0RElvbi01a0NZcXk5ckk2WklOakVLZHpvVm9YVnFSR1ZFWG1UYjdoZw?oc=5,Gothamist,2026-09-17,neutral
MTA,MTA moves forward with largest contract for $7B Second Avenue Subway extension - The Business Journals,https://news.google.com/rss/articles/CBMiogFBVV95cUxNWlliMGN2eHVxNDRhcFB6NXVVZzM2QlpjczZEeHpIdExtbW5VTXZTdkpmLUMyZVpYa1lvRk1QTGU1NkE4RFY5Wk5xUjY3cWI4RUllUHhQS3VhYUd0d25EVmlZUzIxUzJGTUU3Y215eU5uYXJFQzdZTkRCTndheFZJUkJudDdTSG91Ul9JV0xwZW9mc3VTOHMzczZYeEZkTEEzekE?oc=5,The Business Journals,2026-09-17,neutral
MTA,"Tragic NYC duo killed in subway crash ID'd as longtime friends, recent Rutgers grads just starting out in their careers - nypost.com",https://news.google.com/rss/articles/CBMi7AFBVV95cUxPZjhTS0xYZ01oZmR3UFY5VDYxTF96TWprRkNkeFE5OEVyWjlRd1hWUmR2QUg3WHd6SkdrYWMtOXJXcksxVXVzRXNJV2hQSWQ0ejM5aWFBNGdHS0dyVWMteUlDb0JORDFVTTRPUXMxRWZ5NW5KQm5NQUN3WVdmZ0FqVE9iUXZLQTl6b05iSHVtLThOaDFKdVJWNTZ5RjR5NHoxYUZOMHdfMlNMM01ad0ZTZ2ZueXB2QWEzeFJYNllXZUx5MzhKYi1rNW9xZVJwNks3UjlWV25HRXJwQW9HUlJUdTRlVF9lN2VCNkYxTA?oc=5,nypost.com,2026-09-17,negative
MTA,MTA worker killed on the job after being hit by NYC subway train - PIX11,https://news.google.com/rss/articles/CBMinAFBVV95cUxONl9oUjc2Y3JKVktxWllXZXItUHlHUExUckVCVUZUS0x5WnpzTGk1SXV6WFZRdTJNcmVraGpBR2J0VkFFR0tKZGtMakUtTDFTMWE5VVJ0eXdlbkx3cndKUzY2a2MwS1NleUpOc0g1SzJOTW9pa3NPNWctWWJKOGF4QkxoT0dSam5OS1FJc2R0djFueEdBRUI5V25FTV_SAaIBQVVfeXFMTktOMllQeERMOFRVaXBlT3p2SkNuR3lNMGpZc0I3NjM1ZHh6WEFFUGZwMFJYbXBobFMyMVo0LXVGdHFDQmEzY2JuWExlZDc3QVFZNVdRdTFEQWJLRnlaNzFWVXRwVFFsWEk2VkhXcEhKMHlHQTBndkFXMnFfOVJoS0s3eTIweDFON184LTlKMEdudFpGckFaM0xSUnd6bU1wZmx3?oc=5,PIX11,2026-09-17,negative
MTA,Young man and woman killed by NYC subway train after one falls to tracks and other tries to help - New York Daily News,https://news.google.com/rss/articles/CBMivAFBVV95cUxPN0lMS3VfWV9nSVk0a3dNQ1hwdWprWVlSNEYyRXJXZFZFMkQtTVRYaGYxMmVFVDFoUFJ2Z3hJQjlsblZDR1ZCLURqMUswaXNKUFYyZTZKMU9pS3ZGMndhcjBLbW1UNFdGcFRHc21vZmd4eXZXTjYzbVdYN2NHM0ZScmRGbEY3Yl91WmVnM1pFMThrbjcweV9jMTRBZlVfVlhNUkZ2WHpoeEhEaHF6TkJrVjJkU1EzUnBwR2t2LQ?oc=5,New York Daily News,2026-09-17,negative
MTA,5 injured after MTA bus damaged by falling tree - WBAL-TV,https://news.google.com/rss/articles/CBMilgFBVV95cUxNWmlLd24xZVlhdVVDWVRaM3dNNERMRlRtTzVwSUlhZUZwa3lsTHF6bTBsWWtPWVRYdEZxajVyMDMwNzVGd3VXVE0zanRRUUlkMlNxVXhYYWdSSjEyNjF2aDdVMjR0c3dxczVVZ2xfek9wdVVhTVAwenQyTzlaQmVreVpvVkptSTN3RFpydnZ6QjFzR1R1R1E?oc=5,WBAL-TV,2026-09-17,negative
MTA,MTA worker attacked by urinating man at Times Square station sparks calls for protections - NBC New York,https://news.google.com/rss/articles/CBMiugFBVV95cUxOYnhna1BCV1phZ3dUbXd2VEdUUVV3YklwUVpyU1U0VzM0MVhpdDhHbzgyS055Mkh3RVladVF1Qm5YeHkxOHBZVi1qNmRZdk9tZ3dVb0VvRTJjTXNUR1VFdnNScnUyaE9XUmZHWFBidTFCbDM3VDIzUUUxaldGUFAyVjVoa2ZJYmJqSDUtQWQ4WGNxbFV2LUNOcW5ueTdYVG04LXJ0NDg2S25rOTA1WjF0cjFQSzhkbVFHSlHSAcIBQVVfeXFMT3RReEcxVDhId0dpRm5JQ0czc0duRDdWd2t4VmNFSV8wdEpuNTF1eFpFN2s3ZEliUURUMDdJdzM2WVA0cXBJMlJwQVRlZVNXX0djN3dpcGNhX3FYTU9lQ0pYb0YxcENSRmd0QXRoR2dyOXpldzRhcXZad0tRbm1kWXpKQXpOY2ZjNTB5alh1TEJkc2JFcVZKX1JJMldtMktWQ3Z1UVFWUDhCcDUwVGU4VDgzR0d3b3hPNEFaa1N6ZW5oZFE?oc=5,NBC New York,2026-09-17,negative
MTA,MTA Worker Struck and Killed by Bronx Subway Train During Overnight Construction - The City Reporter,https://news.google.com/rss/articles/CBMikAFBVV95cUxNWWtuTFZyc2s2anVwcEpzUk1JSGRjV1ZuWmJzcm5DV3R5ZTMzNC1Pb0wzdXlIb0lLVmdWZ2xqLU5CM3cwNVZaSkkya0lqSFBoNTVqaW9MZGxOelVnemhQdTRNbHVrSmhhUHJqUEt2dFhSRHh4SU9YbklILThtQkRzQlJGNWlPazFSMnFVa3NDWjY?oc=5,The City Reporter,2026-09-17,negative
MTA,"MTA worker, mom of 3, fatally struck by oncoming train while working on NYC subway tracks - nypost.com",https://news.google.com/rss/articles/CBMi3AFBVV95cUxOalF4NnJJSkpZdE5aTllDTDdXME1zalZJclFmLW84Y1pIb3RfREpNcl9DOF90WVp0eE5WWlZ0UjVMMl96M1l6UEJiOHh5VVBKZmVKYThremFlSFZ3T0REM0NvVkxmWkUzZHU4bm90LWxFRTJnWmxKaDN2bFhPdmlfbVgxeHZxTk5nczljVEQ0Rm5iUVZ6bms0LUxrZVg1QXhYRW5ELVluOXBsN2x6ZEhIWGx4QWZVY2JvbGJvZUp6eTI0YXJvLUJxMExFbFBsYlFTWWZmTzJaWnFLWnBL?oc=5,nypost.com,2026-09-17,negative
MTA,MTA releases new renderings of IBX stops by Jacobs and HDR - The Architect’s Newspaper,https://news.google.com/rss/articles/CBMiY0FVX3lxTE9iZjQtWlBidDZyM0h0dmhfcGNLdW1MUUNwTHo5cldGNTlMYzduek13MVRJRmstb1plQVpFQm91LXNZZXV1VGpLTnFjTkFQY1ZYWnNEWnQ0VU1SVHkxOV90cEFxSQ?oc=5,The Architect’s Newspaper,2026-09-17,negative
MTA,MTA track worker killed on Bronx subway tracks by oncoming train - New York Daily News,https://news.google.com/rss/articles/CBMipwFBVV95cUxNRXZKUTE3eGdjdzluMmRPdlpVTVhrVFZqSjFaZzRQdHBXM2pjMlIxdGdWT3F5dklsOGhQc2NYZkxnWXFSVVhWM3JSZ3dwbGN6NG5fU3FKdFZYQlhNWDc2eVh3TVJpTHNqNUJPX2ttbDZkd1Jma21sYU9sRUc1aElpcDF5dWRXZFNyU1A2NUVUbm5qZ29KZkVrYk8wdExCV1RyRVhTbUlPOA?oc=5,New York Daily News,2026-09-17,negative
MTA,Woman arrested for making terror threat on Metro-North train at Grand Central: police - New York Daily News,https://news.google.com/rss/articles/CBMiyAFBVV95cUxObmlsWDFhc0E5N21jVHdHWFU1TnhoTndGOWVEczl3M3FmNzltNWNkNXNod0NSZnVPUC10NkdRRV9nQUx2dHRqcjh5cHpNZ1VyVW9QVzBzVFNPazZWSjYwN01qcWEtc3ZXMjR3djFScmhfaHctNzFEdXRrakxDRE1sOHB4UkZuRUMwWUVOSEtEdmZsN2Zzb2g0UnJ4U3ZzOHJXZlVLOVVMa1BWaldlR01CY2ZMcXhxaVZMV0FicHNNZVp5bE0xaDZYSw?oc=5,New York Daily News,2026-09-17,negative
Massachusetts Bay Transportation Authority,Massachusetts transit authority to sell bonds backed by sales tax - Bond Buyer,https://news.google.com/rss/articles/CBMinAFBVV95cUxNT2JhZ3A1ejl3dHFQTm1uLTJaNk0tR3RxU25Ic3lydnNjd1ZRM1lEejB5Q0hsSmo5b2ZUVVlUWWVHaHNJMElMT0o1WWxKVXBlTXpqRl9LOFM3eHV5M21jcmFKREd4dXp0endfMGtGQlVhblA5VldWeEZCLU1BbUVyeU5wR2ZoLWkyQnhsQWFrZW9QeUhmYWNpM3dMQ00?oc=5,Bond Buyer,2026-09-17,neutral
Massachusetts Bay Transportation Authority,New MBTA pilot programs begin Tuesday. Here’s everything riders need to know - Boston 25 News,https://news.google.com/rss/articles/CBMi1gFBVV95cUxPYTQtNUtxRXhpRjE5VWtndU9DZkIxRy0xS3loc0JXUUZFZWpQVmNraTFLam80UHllS2pJYmNXTUVnNkxmUmNNZFlnZnJGeUJ1TWhYWnFQMERqMDR6OUtWQms1S1F3LXpFOWVtMUppa0ZTMDdJRkxSdmdjcE9uNXZCdDEtb3lPaG1aUGcwbDNwdFZNY3l4R081VzBaelBtWHRNZWMxNk8xWUQ0V2FUSzJqeUptOG5RN2RsVzZ0eG9YWVlxVUQ4NmlKZFFjQlFJZm1Vb3diT0FR0gHqAUFVX3lxTE1XYTJmZ0xvTU1lZFRETnlYb29DZXA1NFlLT2pPRmFyMG1fcTZDZ2JBOHYxTzRwUk1aSEZBNElXNEFESWtUZ2pxYUI1VjBHWjF3TXZOTk5TZjNqVkRPOUFmbVdaSlVIemt6eEE0OTYwaGw4REoxeVBETGJVWWF0ZEVNajR5NkNYcktfdDlnQjJ5M2dDMDVlUkFDWXpMT19BaFNfYlVkeUZCREc2UklUYkQ5TkhBZlFNbDd1OHlldm9XRjJGb1llcWhTbHRzZW5XZmU0U19kYkVCUzY3dUlZekQxWnh0YkthUmxadw?oc=5,Boston 25 News,2026-09-17,neutral
Massachusetts Bay Transportation Authority,$530M from state millionaire tax will go to Boston-area transit agency - Smart Cities Dive,https://news.google.com/rss/articles/CBMijwFBVV95cUxPLVU5TmpsY0RxRTRSNXJkQjN3eU9BelRlVlVsdk56cjdVMFdkYjlGNy01MGdfUmcwd0NaQXZhNDRDaC11N2lWWFduWVJMVkpqcUpCTUloN1RFMGYxekpnbVFMVmVIQ3BCbzRHYzV6b2J5bVZHZGtrNlM5bnNaQkFWeUhkMkV4Qkp4Mm5RMXFYcw?oc=5,Smart Cities Dive,2026-09-17,positive
Massachusetts Bay Transportation Authority,MBTA launches new Harbor Loop Ferry service - Mass Transit,https://news.google.com/rss/articles/CBMi_wFBVV95cUxOVjRTUmIwTFdaT1ZGQ05vc0lsOU9nZFM0RE9SMXduTEpHcE8wOEM5SVJfOXZ5dnk5eTBpVUVfbS16SHpOSGR2NFVSb0hqWGlpcThya0dXdjNjZmRrZ2dtSEhCeXN3SHFwYWFNWXNTLXBzM0Q4Vnk0TFlQV3dFNlZ2dlN3RS01RENpSWlSQmdic19tZEVVN3BhTGJwQjB6c2tBWWd3R2VPU1FEUmJXLUoxMTRIMWtSZ3ROV2ZValFpN0xzMjYzNHZYWFFIalVJV0tFZlZ5cUpsTlJHNlNicjR0MEYxekd5WHJrRklfc2ZkTm5NdVRiX0tEb2NkT2d0dzA?oc=5,Mass Transit,2026-09-17,neutral
Massachusetts Bay Transportation Authority,MBTA receives additional $530 million in state funding - trains.com,https://news.google.com/rss/articles/CBMilgFBVV95cUxONnZyMDMwNWRKYjJGZkg5RGVnOERyRW1oM2hfRDZlWmlYUHh5VHBzVGxXSjE4TmNvbjBsd1hHMDFnLTk0NTdzUWhmQ1RiQ2lJc3h5QTZHVjZ1M2tVcVdwWUhXeWc1bUpSVjlvNEd5NDFVN2JlQkpJZHQ1X1BRNFhGd1FjWXZYWUU3MnF1Z2RsU3BIMjVaSUE?oc=5,trains.com,2026-09-17,neutral
Massachusetts Bay Transportation Authority,Massachusetts Bay Trans Number of Employees 2026 | Employee Count & Headcount Data - Revelio Labs,https://news.google.com/rss/articles/CBMie0FVX3lxTE1nMldHRXhuRG01UDNuaE0zT3dKNDN5VjVGckNnZzg5d2Vub1BURGhValVyaXhiZkhDR0hwRGExQmhhRXd6QnRXRS1UOW9xSlNWX3JwZFBXUlNyYVBHSjhraXJvR2RxYjBSa29lSjZiWmJQY1c2NGpOakdQMA?oc=5,Revelio Labs,2026-09-17,neutral
Massachusetts Bay Transportation Authority,MBTA threatens to use eminent domain to pedestrianize Boston streets during World Cup - Planetizen,https://news.google.com/rss/articles/CBMixAFBVV95cUxPRk1oWEQyWkgwOHJIVWc3YmxkbzN6bG4teEx2aHllQkNjbkQtRTA5LWphekRTRDlhUmtLS0Z1ZXI5dnJzejVCc3FUYTBLNTlfc1g1VFRXajZDODJmYnZSd281U0NkT1hJNERZcXYwMFVoYVZjN2Jhc1pCNnRVWkpfVmMzLVpXbU9VYzNMNnp6WHNQWjFFX0xaWUduQkJ4alRCelNBanFkTE5XX3Y0Vm9yRnhLTm9vV3ZXNVJFXzBxckV1TUFv?oc=5,Planetizen,2026-09-17,negative
Massachusetts Bay Transportation Authority,MBTA Board Approves $10.3 Billion Capital Plan Through 2031 - Metro Magazine,https://news.google.com/rss/articles/CBMimAFBVV95cUxQa3duWTMxN2NYOG5FRmxObDBxVTVoTjRIR2xVUFpzNDEzS0pEOHI1QWU2WGwtaTBwV2dHSVBTVEt6aHhxdThWVm83SnlQM2ppUG50dTZVYmg4WnpWWmtDT1MtX0hmVWFvQXNKY3ljUlRQVnhVLU5yZk82ZFJManZKTWVxdS04UHBUMkppODNuZ1NwNVpSR0xEYw?oc=5,Metro Magazine,2026-09-17,positive
Massachusetts Bay Transportation Authority,"Transit Briefs: MBTA, Brightline - Railway Age",https://news.google.com/rss/articles/CBMid0FVX3lxTE8xa1JGU0tVeFRlT21DTS10WHZhOVlSd2IwQ2ZHdnM3ZVhNMk1mLXMzV2tFZ3U3UTdtN0xJQzZkNjI1bjJrYVhqY1JGMmpudlE1VnhLM2FGTWo5X2lJSjRiMUVjRXVmbHZZclJBcWFXdWplTjBYRzRR?oc=5,Railway Age,2026-09-17,neutral
Massachusetts Bay Transportation Authority,AG Campbell files suit against 9 communities for noncompliance with MBTA law - WHDH,https://news.google.com/rss/articles/CBMioAFBVV95cUxOTUNhQmE1NDFDU2JCRTFpUk1YWWZKS0lxT3VWcHRKb1NQcjI1dU5Zdy1HcHctRzkwa3FuT1JkbVNxWFRGTE9hUXpIbEJBREhmYkNfUDVKcXN4ZE5XbDJsak55SEVXSHIxMm9RSjZyWmJnTjJYRUVhQTRENFY0TkFjTEd4Uy1yY2hPLWFnd1FPampKYVVNeFFBZXdpcVFkYy1I?oc=5,WHDH,2026-09-17,neutral
Massachusetts Bay Transportation Authority,7 MBTA Workers Charged In Red Line Track Inspection Fraud - patch.com,https://news.google.com/rss/articles/CBMinAFBVV95cUxNS05LQUo5Y2pFeEVKRTZNUWplemZrUE9DbnVLT3lna3FraUdsVzRxMTZmOERGLWZ0NlhkLUhhZUVDZzlpRzhvRThwaGhSdHlhbzZFME5ZckZaaHZCaU1NaGdiX2x3bUVGS0lMdTZaOW5oY2o1cUVRUnJIY3F6RTFNX0FxTUY3a1VlMzRRRjZmZ19XQWYyM3ZFNjhpbjY?oc=5,patch.com,2026-09-17,negative
Massachusetts Bay Transportation Authority,"Worcester Report Urges Faster, Reliable MBTA Commuter Rail to Boston with Express Service and Infrastructure Upgrades - Boston's ROCK 92.9",https://news.google.com/rss/articles/CBMi6AFBVV95cUxPTFhKejdSdlFPc2pWVDIwRWdadlhiTGFQV1FDa2M5djF2M0VaLTZVNWo3WkZUTXpuUU90cjl3c2JVVGVCVXdlMWtpYmRzZ3J6M1NEZFA5bkpjeWZEekV5bUV0MHE3Z0k1czdfV2JSbWQtQzZxSDR6V3lXTW5DV1FnX0ZRLTF4VndTaVZCUFNuWXNkTWhSYjZDY0tQNEdGY2EzOHBkM09CYmExZzhTM0J6b0NIS0poX2gwMnIxa19TUE1GWklDQnFXLW1HVTJfRC04d01hRHZNZDdlWG03Q21EYTVrUlhiSHdP?oc=5,Boston's ROCK 92.9,2026-09-17,neutral
Massachusetts Bay Transportation Authority,MBTA’s proposed FY 27-31 Capital Investment Plan to fund remaining cost for redesigned Arborway Bus Maintenance Facility - Mass Transit,https://news.google.com/rss/articles/CBMi1AJBVV95cUxQd2diQ2xjbS10NHQyTTF0d3RRS0dkaWNoYjlHR1ViWFg2dXhFaWxmRml2NzM4VktpYmFLQzhYR3UtdTdmUkxubGg3aGxqX0hDX3FFUHQ1QWFrLVJJTmVpUXlUTi01ZGRkc2ZOaDhXNGM0RG5wYjc2YnkwTTI2c05jMjZuX2JFOVd1NE5Bdk13aHZOUXF3X0M2aWNEb3U2Vzh0UTRtRkxOa2J2aXFQZnoybjBPOTFvWFRReWYwc0tuSTd2Q2J6ZVJhMlRFLWp3RXozQTZkdDRPTkxFS2dLUzdzN0tMcm02d0l4MHB4N3UyNkU2aVhzRlNkc3dUVUJORHhreTBsSnA0QXpzM0VBaVRYZy1aYXVFcG9GS2JIaERsTHJmdjVHb1RnZFpUQWFlemh5eW52YURKYlBmWEc2TW1ET29BTWJVMURZMkxVLTRjcmlmTERp?oc=5,Mass Transit,2026-09-17,neutral
Massachusetts Bay Transportation Authority,MBTA sets price for special World Cup trains at $80 - trains.com,https://news.google.com/rss/articles/CBMiqgFBVV95cUxNNGpJczdrMkIyZW9ZNVFlcFgzanB6aXZGVDg3RHJRZ3NDYnNBRDJxb0VQa3JYODZ2bU9MdFBzZi0zenRXdFdpS1NVNjAxaVBzUmxrdzgtUVhSWGZnUEdfOUZkYlJrSU5keGVpVXhnVVJUV1A1OGhnVGRkUGkzd1ItXzMxaXB2U3dPWDNFdVowazF1U1FIOFBCZl81NU9RTno0UWh4SXI0VWREUQ?oc=5,trains.com,2026-09-17,positive
Massachusetts Bay Transportation Authority,MBTA Appoints Four Transit Veterans to Leadership Positions - Metro Magazine,https://news.google.com/rss/articles/CBMimwFBVV95cUxNaVM2SjJSNmE5SjFFMFkyWXRPOTBaOU9DcjU3T1V4U1ZEcmpHbmJYVmFscmxEczRiMUJUNzlzOW9tYmJ3RzdrMm9weHU1M1p0ajFvN3RuRFRIdzNDRjRYY1ByTzQ5RFMxUkFKbmM5cUJCbUZ5amhMMDcwVnVpNDZlSkYzbVdET2p3NXl5cUo4MzUxQUtYZEV4cVdGWQ?oc=5,Metro Magazine,2026-09-17,neutral
Massachusetts Bay Transportation Authority,News photo: MBTA’s America 250 unit in operation - trains.com,https://news.google.com/rss/articles/CBMipAFBVV95cUxNMUxKQTBfUTAtVTcxaWxzMnNvcVNlNlBqME9KTzJfZXNqZkItRHZ6WDFJVGhDb1dZQ01DdjUwdVBqa1YxNHJkWnc0bThYSUQtZ1h3Y0JLZUJuQ3FKRkJIazhQTlFtNnNnQ1hQUDdHVkMxNkJzYkVVUWUxOC1DMzV3TDdXcjNvZmFtZlZnekMzYnFJZWVwMEZmMk5OenVGQlNIcGVXYw?oc=5,trains.com,2026-09-17,neutral
Massachusetts Bay Transportation Authority,MBTA Wraps Up 2025 with Strong Improvements Across the System - Metro Magazine,https://news.google.com/rss/articles/CBMingFBVV95cUxPNWM4Z282YzZSWFE4SzcyNUJFcDU2S0JPdVdkMm1CbWp4WGlRMlNkOFV5bjl2SU9tbDdMLXljR19nLUxZV1hlWUhJWE9GQ29QSlJoRndtYWZVWndKUXVvQzU5cWVqYlZrdGkzcHRacHdUTUtySHY4M3lQbXI2X3Q0QWUxVmJENEhIX21nMXpkNDRVaGplS0ZHT2plQzRKQQ?oc=5,Metro Magazine,2026-09-17,positive
Massachusetts Bay Transportation Authority,MassDOT completes Maffa Way/Mystic Avenue Bridge superstructure replacements project nine months ahead of schedule - Mass Transit,https://news.google.com/rss/articles/CBMizwJBVV95cUxQWi14NTZ0cjZfalpUekxvT01VRlliVG5xVU12MndsMGxxVjZuSXN0cUFGemt4bGx0bWc4enlRdXVCN2xYamNtMktxR0FZU2FpcVRlOGxmSDdZRTZ6X2JVeHNqWjZYVWFzQnF3d3dJbU5xQlhPb1VBdGpUeElDdUVLLUp3bjkwdlNYQ3IyNjY0U2VGa2lRN1M3ZEYtZkxCeGx1dWQ3LUVIQldrWHc5UmRLTHJXZ3hrXy1fRVV3ZkQxYVBDZlVCcEhYQndrWmVtOEhaTE04NUdyTlZuRFljcHREd0Y0YWw2clV5LVh3RmZoNW5UN3NoR0NNSFdReW9VZ0JoQUFDMEcybWdpMHBBV1FVUldsOWFGUGQ2QlhwdHhkenFqSVdZRnJlNVk0UllFWVdxX0tjUXYxTmpFdlU0VmV6UGhmNFNSeXdKSUVsYUFsTQ?oc=5,Mass Transit,2026-09-17,neutral
Massachusetts Bay Transportation Authority,MBTA Updates Rail Modernization Plan to Expand Reliability and Accessibility - Metro Magazine,https://news.google.com/rss/articles/CBMisgFBVV95cUxPaWZNaVI5OXFHZXo2X01uSWdhVFB4YV84TVhGcEZFVTN0Vm1sa1c5UWhOZkl4Z3dUSk9zd0k0LXhJSHZBcElWTnd2ajd0WTdPMFhNN2JSa3liT3pwX0NkUkhtMHVKdmF6ZWxSMHp1T3NkNF9DcV9oOVA1Uk9ybzJqLXUtcFNqU1RfQW1feGo0aGhwengzUjN0eVA2SlhNY2V5dm1aU0ZOMU43OWNIU0I5cUR3?oc=5,Metro Magazine,2026-09-17,positive
Massachusetts Bay Transportation Authority,"Boston's MBTA Greenlights 5-Year, $9.8B Investment in Transit Infrastructure - Metro Magazine",https://news.google.com/rss/articles/CBMirgFBVV95cUxQbmVSY29OUXdZSlJTVVhfVWgzNjF0b3JhMU5PMUFnRnlSZTkyTG1hZzFMQWsyQ2JJVERUaFBoZHQ3MVY2T3FuTnE2TDlKeEN0T0o0UVdwbjR5UTdNMGhaTUlOTjEzMEFjaEN1NDh2Ui0xS1FVVERSNWhqV2lSUUxyR0d2ZlpvZy1VSk9hcG12SDZfNGUwQVBlZncwaktGbkdlcmZCcWtMMzdpeGJ6SXc?oc=5,Metro Magazine,2026-09-17,neutral
Massachusetts Bay Transportation Authority,Boston Charging $80 for World Cup Train As Fan Fest May Shrink - Front Office Sports,https://news.google.com/rss/articles/CBMickFVX3lxTFBZbWFZYzNsMVkzM1hCZkpXZTliclE3cFNFYmloVmFBTTVBQzBCNVdZVHJueXljUGZMRjU4MWdFd2Uyam11V0U0NTZBeGNNVHk3YUVBLWR4bnZ1UmVJT1hTS1NJNjBqYmNCUHhFQjBBUFVFUQ?oc=5,Front Office Sports,2026-09-17,positive
Massachusetts Bay Transportation Authority,Supporters outraged as Boston hikes rail prices from $8.75 to $80 for World Cup games - The Independent,https://news.google.com/rss/articles/CBMirAFBVV95cUxQdTNYcUJfeHJyR3hSbFJnR0RoZDhHdE5SQUkxakhDZXNMeVhUMlFod0xqVl92UThSa2hWTU16a1JCWXU5OVhrVGxlU1FuS2dwN1Y4VW4tSGE0M0dPVXBGMmEzRkJTQXJzcjd1Mm1TeWRGeDUwQVdDejYxV2NPVFRxSk1ocnVmVDl3WGktZWVzY2l2Q3AwRGZLUWEycmtTbzZTNlRZN2hxNnowMmEz?oc=5,The Independent,2026-09-17,negative
Massachusetts Bay Transportation Authority,Major Upgrades Completed at Kendall/MIT Station - Railway Track and Structures,https://news.google.com/rss/articles/CBMiiAFBVV95cUxNZGluenAxRVRzTHBlQmlLMGlGd0NlcllIbVdoak01NjNXX3NiNVRjTnBaOXNTTnJIN29tcTZ5VVV0WlZHVXVyRDN0NmFYWl9QQnlxbV9Idll2cG43ZkR4YThjVHBjZHlUcXdabDAyalRHMmZ6b1NTR0tvMFJhamhnWG43cnNEdjJh?oc=5,Railway Track and Structures,2026-09-17,neutral
Massachusetts Bay Transportation Authority,"MBTA seeks new battery-electric, diesel locomotives for commuter service - trains.com",https://news.google.com/rss/articles/CBMivwFBVV95cUxQa0k2Z0VOc1FyNlQ5YjhGbEM1Ylp0aS0tbHUzRWNaOGlXcXJyT3FWRFlXRFNKa1pIckY3TDc2QjVnUFRoYXQxTE15VUtFZmpSazFrWDdncExrZUJRVXZ3anVHWjhQY25iV0kzMm5VQ0ZJaVdlLWR4aTRWY2czdXU3Sl8taWEzS3hwYUV5QWF6OUhUU1lIbW5pZzU3dEhHbWxCeGo5cGpjN25GdEhSTEc2MTd3VVl1N3IzV1YtZll3QQ?oc=5,trains.com,2026-09-17,neutral
Massachusetts Bay Transportation Authority,Boston extends successful fare-free bus pilot - Planetizen,https://news.google.com/rss/articles/CBMilwFBVV95cUxOYXFRREltb3M3bGhQbVpCd0NxYnRxazE3UnN2LVl2bHdxWi1Ib0hFNC12blNOQjdpaTNlRkdScWxVY0I2amZXV1RYTFVUTDhlNE5maEwtX2ttTTVCQUJteDB4UjkzZmpCTnRlSEdFdW1nLVlOel9pZnU3d25ZcVdQcDRiZHI5T0ZzS3FidEhUcFJrZ05sQW5B?oc=5,Planetizen,2026-09-17,positive
Massachusetts Bay Transportation Authority,Ferry catches fire while underway off Boston; all on board rescued - bairdmaritime.com,https://news.google.com/rss/articles/CBMitAFBVV95cUxPblhzOG55eGV1WWVRQUdzR3MwTlVMN0M2d0Nqd0twRGZ5MFhqYWIwWXRhY3BfTFVOcGFPVVdtLXd6aEJjRFE4Z01uSkRnWVg1OFc5N2M3eXQwclRFcWFENnN0QU5keUZYeHdNY3RPMnB0bkQzaGhWSE53Um91cE5YTW1tQm0xUlEyVFdjeV9CaHBrTWVqdVQtTWdrS0lreFB2aTNHTm9FZC1BQXBzYUpMQlRZcU_SAcIBQVVfeXFMTWk2TnZJLTc2WV94N1NlVTlVWGN4ZzRvSFJPLXhzbTZmMXVYT3VlM2owLUJvcENvUWJURVJxZmtkNVFLa2xJZEFSeDlXZHRRWFhMOTJHNC1aVjAzX09qa1Q3ejBBVXU4bFBudUNobzg5OFQ0ZjFBbmlaQUloNnVvaHNqdWR4M0dmdkFDTjlVajhRZjFkODh3eF9rc2d0V18wOGZ0V2VYQjV6aXdxUWhhbldhZTZ5eHl2NTk1akw4LVViYUE?oc=5,bairdmaritime.com,2026-09-17,neutral
Massachusetts Bay Transportation Authority,Massachusetts Gov. Proposes $8B Transportation Investment - Engineering News-Record,https://news.google.com/rss/articles/CBMilAFBVV95cUxNMUVKYzYzLVNjcWFSNGNJUkQwSmJLMER3M0s1aXNZX2h6cjdCVUhzVUltZm5JekgzQmhNWUJWLXVabDRRNDJfYVJUN3pqd2JFTUcxUDNyVWFHdWlfeFBUcDJSSUJKRmVmeTZTOFBHbDkza2pZVzh0WUVOQXNqckF1Q0xpZUFEeGpYS21MSDJPSHNhYzZY?oc=5,Engineering News-Record,2026-09-17,neutral
Massachusetts Bay Transportation Authority,Authorities investigating after pedestrian killed by Massachusetts Bay Transportation Authority train - Fall River Reporter,https://news.google.com/rss/articles/CBMizAFBVV95cUxNNTlKTTY5T0xocWRrYURtMXA5QkhTMmVUa3IwbVZwRTdpNF8wQVBoejdQaHlRNDBpS2MtaFprYkdyeFdCd1ZTbExKTFF5YXJEUUpTMWdRQWhVakRuLWtJLVZ0VWVQcl85NS1XeXVadnlhRGlaY0JVQUd4QlA1c0dQU1I1NzZZZUZWbTc3RERmYlRDVF84SWh0cG80dG5kU1FYVWRMTW5BaG9saGhWVUczWGNaSWVyUUhvWHdZaTZ3LWtac3VGZzJmUzBnRnrSAcwBQVVfeXFMTTU5Sk02OU9MaHFka2FEbTFwOUJIUzJlVGtyMG1WcEU3aTRfMEFQaHo3UGh5UTQwaUtjLWhaa2JHcnhXQndWU2xMSkxReWFyRFFKUzFnUUFoVWpEbi1rSS1WdFVlUHJfOTUtV3l1WnZ5YURpWmNCVUFHeEJQNXNHUFNSNTc2WWVGVm03N0REZmJUQ1RfOElodHBvNHRuZFNRWFVkTE1uQWhvbGhoVlVHM1hjWkllclFIb1h3WWk2dy1rWnN1RmcyZlMwZ0Z6?oc=5,Fall River Reporter,2026-09-17,negative
Massachusetts Bay Transportation Authority,Boston's MBTA Approves Plan to Introduce Battery-Electric Trains on Commuter Rail Line - Metro Magazine,https://news.google.com/rss/articles/CBMitwFBVV95cUxORU43ZFJhZmlUQ1JlMHBHXy1rQnk5U3cxekszNWQwZXhibWhwMmh6MkgtZmlKVnVWSjVmZlhGU3c5MGxWTTdnZzQ1bzNRX0ZvTkdyY3p0LVIzdk9ZN3dFZ0FtOS1EcXVfclRPZVQzUWhHSEtjNXp6eERIUEdJZnduMkhjNEtFUmc3blNnck5UZ05CR0pCa0YyRzZwY0plOUZEZTlqUUVjM2t5akk1bFRYVC1VcEtDV2M?oc=5,Metro Magazine,2026-09-17,positive
Massachusetts Bay Transportation Authority,Turns out that World Cup MBTA tickets are not $75. They're $80. - patriotledger.com,https://news.google.com/rss/articles/CBMiigJBVV95cUxQWWpodV9yS3RWTTMwNVJPSjFqR2NyYmtPQ1ZtUk5RaVdLYktpdHdFMjdFUkhVaEg4THB3RG1hVnRabTNTRmxWSmJDNzRVQ2h3R0d4X1laOW4zNndSdnh1SFRJR0NEb3R5TkNtN01TYUJRWVkzdHNHQkJJMWtQRFNxa2xNd0J6bzRPQkRzT05kYnBTSWRsX19VdVllZlk1Y0ZhQ2hlTElid2lJZEUxdGg3LWM2cldrd0V5RTZlQ1pFMDhraVA2aU12eTdzRWYtQ1NlUkstV1VSMkk0RVdFckNSTEx5anVpWThoUjBOMlRuSmczSzFTemF6Sm1QYTJqbllSVklVSlgzYm81QQ?oc=5,patriotledger.com,2026-09-17,neutral
Massachusetts Bay Transportation Authority,Rail News - MBTA enters New Haven heritage locomotive into passenger service. For Railroad Career Professionals - Progressive Railroading,https://news.google.com/rss/articles/CBMiygFBVV95cUxPcHpyUWhNb2dOM1pvTmFacFFaOENwQmMxWnRUSjcyX3JTcjV1Zk1YTm42VUVqeDIwSXBIMGVfMW90Z2RQdDB3TGlPUWxXclNCLTMwRzZHbzc5eE5yTFE0X1ZhbUh6eXZEd3FYV0JTT2t1MjRiZWZUYUR4ODdYX1VJY1dIOUpJSnJiTGhMeC1LUjhXa1lqNGZOdEIyREtpanRMSV90YWpJd3VjZVNDQTF0eUljREJXTUNUMVQ1M1prd0hmQ0NNSGFsM1hR?oc=5,Progressive Railroading,2026-09-17,neutral
Massachusetts Bay Transportation Authority,MBTA commuter-rail operator contract moves to proposal stage - Railway Supply,https://news.google.com/rss/articles/CBMikgFBVV95cUxPcFprX3MzWnV4NDZUQ1JTdTJxa1NjczFrcjQ3MkplWnZIRDhsZDFHbWtsSkxtS1B1ZWw0aThKbjNMdUFJTDFLY3MwNnNoYkk2aGdwVlVIa2h6Q2hEdjI3OWQxXzgxMEdCN1BiY1RTVVJfeXY3UmdGRWRoRjAwdWh6MjlWUmI2ZHBQdG1BSVVWZzd2dw?oc=5,Railway Supply,2026-09-17,neutral
Massachusetts Bay Transportation Authority,"Award of Merit, Airport/Transit: South Coast Rail - Engineering News-Record",https://news.google.com/rss/articles/CBMiigFBVV95cUxPOVh5ZDZabGpJVmU1VDN4V2NySFRzRmx4MU9FNzNlTzZ2SnBfU3FvN2hzd0lhOFBOWGppcjlDMmZZSERiZmNLSzY5aGpGX05hM1FnY1lNY09hZWw0MzdqQ1BxYlVYWXBvRW5WV0Y3VlhnSFJUcERsbmVtVEhFMFVyaWtNV3Fpc3dXVUE?oc=5,Engineering News-Record,2026-09-17,positive
Massachusetts Bay Transportation Authority,Boston to charge fans $95 for bus to Gillette Stadium during the World Cup - nytimes.com,https://news.google.com/rss/articles/CBMivgFBVV95cUxObmwtclBFU1N0YUpFUkZ3LW52WjZkVDY3SjRpZk9WaUlna2gzRzVVQmpVUTNnY3Z4b1dETEJCLXRiOVJmVnJieXJtMV9EMGJFTGpRSlZzRV94U05jTDMtdGdzRU56cWtIaHdDd0Q2UGc5V21zZjRqcC1iazRXamhrRWdwaW8tbTZmWEpRSUR5ejRPZjlVZWE0OHhwUmdGc19ISTVBRTdIUElkU3RGTjJjSzM5UHFSZnNWa1RURzBn?oc=5,nytimes.com,2026-09-17,neutral
Massachusetts Bay Transportation Authority,MBTA backs away from major Alewife T development - Cambridge Day,https://news.google.com/rss/articles/CBMigAFBVV95cUxQU0pBbHc5cnNCbFdTOGYxdzMtdkpSaU91UmZiRWt2Y0ZYZHRyNlp6OC1ybGhBbVJONlVFQzJXUV9KLXkwWVc4OXVZUE9ETWFkXzA2QTFhdG5SOGNuaUJxYUphQWlRdG44ZUNydk5CQl9kQWZSLTV1VGhsZFZRTkRMYw?oc=5,Cambridge Day,2026-09-17,negative
Massachusetts Bay Transportation Authority,Full steam ahead for CRRC making T cars at sprawling Springfield plant - MassLive.com,https://news.google.com/rss/articles/CBMivAFBVV95cUxOeG8wcU82ZEQyTGpTaHRuWWh3MWMzdmJ4ZnpNM2RjVkQ2a1VqU2VRVHRZTkpxV1dCUzd0eE96Z3oyeDF1QVBkSmZYLWdUR3RQQnZLUXMyWVNoM19nR3RSRGFJRi11SnBiSWJIWHRHaW9NSHhSSTlNYTdFZTg2YWtSRGtXeFhNNEpkamZISjdfS1EwQ2w4VjhqdjlHdnI4UndqZkpDSVVfWGx5SVBYeU94ZkxMdlVEaFdtaWZLTg?oc=5,MassLive.com,2026-09-17,neutral
Massachusetts Bay Transportation Authority,MBTA Rail Modernization Plan sets rail upgrade roadmap - Railway Supply,https://news.google.com/rss/articles/CBMiigFBVV95cUxQNW96UXVvbkN1MjF0VDZjRjJlNzlicEI2VHBSa1JVdmJBLWZKS0VBZHk5bDdTa2VOTnFsUGVkVndMTlVGZmY1LS1DMnh4RzI5aHkweFJDcktlZi1VWnhIWmtsUS1HVTRoSXUwMTZmWlhtU1BuRVN5T1ZlSTZCTlVzWFNkZHVVbXBhZ0E?oc=5,Railway Supply,2026-09-17,neutral
Massachusetts Bay Transportation Authority,How Boston transit leaders fixed a failing transit system - Smart Cities Dive,https://news.google.com/rss/articles/CBMiigFBVV95cUxQWkNTNkd1NGE3NjZFOUE1MW12MzRXMnV5SUg1QWhjVUVLdk05amJuQjhSSTZXSER1T0szVEo1d2IyVFZSdGo3QWtnN09pQjdTdVlBUWo4VWxXb0NST29VN290dHp0TWF1S1NwNDI0VW4wQmNxcDdqLVhtcmRzYmFIY2VMdTZCM2k3c0E?oc=5,Smart Cities Dive,2026-09-17,negative
Massachusetts Bay Transportation Authority,Skanska lands $1B Massachusetts rail bridge project - Construction Dive,https://news.google.com/rss/articles/CBMikAFBVV95cUxOS3NaWVNlcl9nMndDOUlkdGdMV3lXaTFta1dVeUtVdFViYmphcmc5bi1aX1p5QjFwNkkwM2RkOC1TMk83LTRMbTkwM0RESUxHUkdQRmhvVnhtSG5LX29qMnlCN3RpNlZob05uUlZkTDlYT05BXzhQclBCU19nLTJXaG5qemE0YlpxS1dDaHhabHg?oc=5,Construction Dive,2026-09-17,neutral
Massachusetts Bay Transportation Authority,Boston commuter rail contract: MBTA shortlists three bidder teams - Railway Supply,https://news.google.com/rss/articles/CBMilwFBVV95cUxPYVZfOWFUSFhvSEhQNjczTnVGN0lLZGRrRmYtb0NXRGRUWENFSmtYc195WC1lTjVTWEwyRFloS0FFbmh1WnpqckhJUXc0aVdkUDh3bDFVLURVM0RkdDBCRHZzbkVxR1V6c3RsLW1PdDVsZVJSYzBiYWdjMU53TDA5dUdoMjZaTHhETDlpSHU5emY4WFdUaGRF?oc=5,Railway Supply,2026-09-17,neutral
Massachusetts Bay Transportation Authority,Train Service Halted After Man Parks a Corvette on the Tracks - Road & Track,https://news.google.com/rss/articles/CBMiqgFBVV95cUxQWFBwVDdLbDBhOVdjZGxLd0IxS0hiTkpHdWc0aGRHZkhiSy1YdERVMU5NV1R1X1JlOWNqN09VZEpxeWRpbnFsaGtXY19VM2ZrMXI3X1dQZ3B6eUhHbk5nYkEwcEdzbVhtWkdwdmNxTHI3TzRnM1dhUGtaTVFVUWlqcU50cE4ya05LUG5FSFB1aW90VXBpdW5KVGJhTDd1V0cxQzVKMXZyT0V6QQ?oc=5,Road & Track,2026-09-17,neutral
Massachusetts Bay Transportation Authority,MBTA completes Green Line C branch infrastructure work - Railway Supply,https://news.google.com/rss/articles/CBMiigFBVV95cUxQZXBFRlc1RXdyR2RxX1BOdFNBZHM3LUJtUThPRGJCeVZQUklERVpJeVZySGpKRjRzR2IwM2VzOUtJZ2xQUXVhRGFKMXZ4SUxiNFA0QjllbktQNnRQZHNraG4yR194al9OT09yUDN1Zzd6NTYzUHJSNWdnbHJOVnBCT0dzTVZvQU9IUkE?oc=5,Railway Supply,2026-09-17,neutral
Massachusetts Bay Transportation Authority,European companies compete for Boston commuter rail network - railwaypro.com,https://news.google.com/rss/articles/CBMilAFBVV95cUxQU3Z5VkZVa2F4bjh6dVhyUE5CWGhIcHFDR1htSWxyUXNQUDBDRmNxTE5iMWxrU0dIbWctVUx5NUhLZHNsZHVYLVVWQW42cEJwUVRFbVdncEFST21tTFZhUnJWWmJORExVbkhIVWwza3ZXRXMtdmpnU3BLT3ZITkZadXg0ZTRIUVZUa01WX0xDSllnTUVl?oc=5,railwaypro.com,2026-09-17,neutral
Massachusetts Bay Transportation Authority,New F40 Lease Fleet Enters Service on MBTA - Railfan & Railroad Magazine,https://news.google.com/rss/articles/CBMicEFVX3lxTFBiTXhsQ2RocVpZYkFTdmhrMnR0Ui1GVHZpRWs0Z0FLbWNyNlZUdlJ2YXRybkpreGNHQVRCWjEwVWpwX0NmenRIOFZURnliNzlEdlhqT3plSFpmOWtqZXY5TFZOUmpjajBrVzZzZ3FhTWc?oc=5,Railfan & Railroad Magazine,2026-09-17,neutral
Massachusetts Bay Transportation Authority,42-year-old man dies from injuries sustained after being struck by Massachusetts Bay Transportation Authority train - Fall River Reporter,https://news.google.com/rss/articles/CBMi3wFBVV95cUxNb3dOOXRJR3F6TExPdlJGNlg5XzVJeTlmOER3VW9fUVM0Y1p3M3BHVGdhQjBjZUVPYUstT1NfTEFCRDNkRklLcjBLS0FZTUJTOEJkOGRfcGQwbEZ4VkZJNWphYm5UTjkxVHJzRnQtSnpjV0d3TjEya2sxMnkxY1pZVVBFTWdJTFJFeXFzYWFWTEhScVhPcTdLeV9NX2hGSXZoQUg5SWtNdkMzVWNXSkR0Wmk3V1l5ZjFaUFh0V1Nta3VmMUc3MEpNcnhlYnZUR0QtUXVyakotOHVwRF8tSHZZ?oc=5,Fall River Reporter,2026-09-17,negative
Massachusetts Bay Transportation Authority,"Citing improvements, judge ends oversight of MBTA accessibility - WBUR",https://news.google.com/rss/articles/CBMioAFBVV95cUxQU1M4MWkyNkxMOUM4WkhHR1VrSWxtWEtSVVc1bVZDcUF4MElyRkZ4dGtTXzNUTGV3TWtsQVRyTk96dzBwN2FyUHM3VzMtQzdSbG54b0ZyY2FpYkNGMFM3UnhSQTJ1SUNnTTFPLW10Y29KendMWC1lTS15RFFsbTdmajRGT2Y0VnlSRHZDeERlMEZQRVhUeUVmajlodlFfV0Zf?oc=5,WBUR,2026-09-17,positive
Massachusetts Bay Transportation Authority,MBTA Secures Funding to Procure New Commuter Rail Locomotives - Railway-News,https://news.google.com/rss/articles/CBMikAFBVV95cUxPSHZoYmpZbEJpMUI0aEFkZVE4ZFBURDlKa0loeTNlTml2TW9MQ2NwU2FMSDYxNW9WZHRNMDh4X3oxallIOTM5d0hjUEdBX0VGTWVRTW1ESkR0RDVFZnYzd1dSRmIwb3lsSktTVXNuWUswLVJlaEpSLVkzb1JybXpfdHpOaHJOQ2N3SkhjMGItZlU?oc=5,Railway-News,2026-09-17,positive
Massachusetts Bay Transportation Authority,These 8 Mass. cities and towns just received a share of $13.5M in grants - MassLive.com,https://news.google.com/rss/articles/CBMisgFBVV95cUxNNXhrTUtYS0ZyLUo0TTNGd3huT0RfWUhLbVFKbm1JcDhyRDM4WjhnaFNMQUM1Q3NWMEx6NlRLb0NkbnN3U1VxUmZZVHVGSGI1dV8zYUN4cXRZemVjOXk4d0hhUkZCdWxodXlteW9oNGtPMVNOZGRaSnh0RXBFRHkzZUo1MWczUUVHNnZLZVBiTFFZYWNtSHV3Qy1FbVIzeWNGMlAzRzZ3ZTUtREdxM3c3cER30gHGAUFVX3lxTE5hQ3RIaE15ZmY5NHh6QUNTT09ZRkZrWjJoMDVRV045NGo4c1dVTGJXczBzZ3RfcC1FOFNWbUhweFFQMkZEYWlDaTRaVy15VG9wNThPYjZtMmZTS2ZtYUh1N3JnQUc5TnBjVzFfYW9saTBvZUFOeXoxZTZxNEoxQnZIcFhHWTVLTnBkanZZUTRMOV9mWi1lellBNURXbmJ0aGFrb1Q4ZDQ0a1UxdU5MRVJzVEVIZHdVZWFrOXh4M3otMG1qcG1ndw?oc=5,MassLive.com,2026-09-17,positive
Massachusetts Bay Transportation Authority,The MBTA must crack down on fare evasion - The Tufts Daily,https://news.google.com/rss/articles/CBMiiwFBVV95cUxNSlVDXzdweEtWUTBmOHZCY0tCMi0wWHBpZjUzYzNsQ08tLURkZ3FmbWp5U1FSMzRFWU1MaWtIYTV4TU52QVpKZVg5NTM2c0lBZ253Q1NSWVJiaDB1YkcydzJ6X2wzN1U2cGQtUHpGTUY4MmIyQjFtbDZxaXVpWXQ2U1ViQkJWMjlaY2xj?oc=5,The Tufts Daily,2026-09-17,neutral
Massachusetts Bay Transportation Authority,MBTA opens renovated Kendall/MIT Station headhouse - Railway Supply,https://news.google.com/rss/articles/CBMihAFBVV95cUxNcjRYMVV0a3JwdlVxVjlsZ1FDYld4SjdBZ1JoWnRNX3owSGhrcXE3ZG1kb2pRLVhIdy1ENkpvazZVTmlsQzVHYkRfOWt5ejdHMHpZQmdBVTdYTUFfM3pZeWd1T0NkdlZsLUwwaldXaW1ZM0dlZ3BPdGhPMDVBYWhHS2Y1ak0?oc=5,Railway Supply,2026-09-17,neutral
Metrorail,"Road in NW Miami-Dade repaired after sinkhole opening disrupts traffic, interrupts Metrorail service - WSVN",https://news.google.com/rss/articles/CBMi1gFBVV95cUxOOTZTM1VVeGtTODhzVTZxZFMtYlJpTUhEVW1yNDVpZEhIQ1g5NmJ3VUprSGNDc2pkakhwVWtia2ozVVBBY0hPZmNUOHhTTldId01tLXVSYnhvb3hGd05vUlo0djQwT0daNGwweS1oUDBlV2tVbm9zTk5PMXl3QkxwbHNOcy1oekhmbTFUM2kxVlg4OVNITEkybllma1AxdGJLdV9jVXlzSnhiejd6MDFkTjM2Mk9MQkxFcHlubzc1M2FQSE85WEZjXzcweC1JSE8zdnBzdXJn?oc=5,WSVN,2026-09-17,negative
Metrorail,Sinkhole in northwest Miami-Dade impacting some Metrorail service - CBS News,https://news.google.com/rss/articles/CBMipAFBVV95cUxPVXZnTjZidVN3TDRuMjVHTmlLMXRJN2xLVFc0Q2k0TDVpbkRkcHBUTkpQSUlBeHdpaHY1dFExamRyd3NVaXhZU2tmYmRRbzZGX3BjekhKeXFJZThrV2tsV0t1anpuYVNDQm8xV2IxN1R3X09fN21lTzJsOVpPZWRMVW1kV1VNOHRaVUtDY1Z5dllmZjJORkNYREFvaHpfM0RqcFB1Rw?oc=5,CBS News,2026-09-17,neutral
Metrorail,Sinkhole closes major road in north Miami-Dade; Metrorail service resumes - Miami Herald,https://news.google.com/rss/articles/CBMiiAFBVV95cUxOejFhVTYxYkZyUWtjTDROVU1sWjdsSzMtZVA2YWE2QVNscVFJMnZpeVdmWFdiUVpud2Qxd3BwWFhBRTJ3OTY1ZWNlcjZRNGpmM0JjQWRyRHEzazJ0bEpYWFl4YjhBNmdyblhzTFdLTEJGM0JrNC1YcjdYZEJpQ0I2SEdadG5ZVTB10gGIAUFVX3lxTE1vODRHV09HWTd3SXJzNVNnaktzbmc3NFFKRjJjVmJTTEUxa3pINWtfbEMzQ3dRUDRxMWktd1JaS0JUV2RMakJSTnFDWk5mYS1PdDdKRHRMTXI0YlJvSkFhSlhiN1oyMWx5ZDlWT2s3SGc3RlhVTXREd3pXb2tMeXZrSTVNck9xdlo?oc=5,Miami Herald,2026-09-17,neutral
Metrorail,"UHPD, METRORail partner to provide free game day transportation - The Daily Cougar",https://news.google.com/rss/articles/CBMiowFBVV95cUxPcTlKdnJlV3ZEeUNfNTdUYThkamVLSWhROGo4S3pKRGhZTU5wbnJVY1JYcW9CWUhJeThWMktJTHBsRFlaWk9kMGJQdVNNeUxFUWNYdXJReXlCb2NXVWlZZU0yWHVrMC1ZYURENEgyTXJIMXFhTjM3X19VM1d2LTFRdjdjRzZmd2NKMlhpcjJ4d2JlR2p3WEZqSkRHMUlfMDdtT19j?oc=5,The Daily Cougar,2026-09-17,positive
Metrorail,"Grosvenor-Strathmore, Medical Center, Bethesda Metrorail stations to reopen on Labor Day - Washington Times",https://news.google.com/rss/articles/CBMisgFBVV95cUxPSENlam9YMHByMklNSHk2NTNwUlpGQk5KRnltVWFkNF85NTZLSm9hT2MtWHh2TGZPT2NpX1h2bUpqSnZqWG9VR3NQZjdyVVdxMnY4WE1SV1R2QmpfaDIxbC1MSzdjSmRIb1E2SGstWmxPNUNwTXFBZDlqNU9lajFjQ1FPUFFOS3dWdTItOUc3RDJrM2QzY1Z3ellzVmowMFVIa1k2UVcyZGFlaXg4Q3hEaVhn?oc=5,Washington Times,2026-09-17,neutral
Metrorail,"Houston firefighters at fault in 2 METRORail crashes, reports state - FireRescue1",https://news.google.com/rss/articles/CBMirwFBVV95cUxPTTdRMGk4dVVQVGxzbmtvYk1Ua1lhb01CYlZsM0txWGxkamdKbXFTVjEzYlN1UFFScXp1WTBkNnprZ2laSFFpSXZTbWNzXzJEZjBoYTlIOXJhWHZXQ3ItTDRaZE83QUJPSEVxNVNyVmpYQjdmc2NIckJQSXQ2S2tKWVp4OElsaXhfVWgzdlRLZzhuX1dvd1JRTDRyNk5aX0JaRllYbXV6YVFGM1BvMUxB?oc=5,FireRescue1,2026-09-17,negative
Metrorail,"HFD at fault in both July collisions with METRORail trains, TxDOT says - ABC13 Houston",https://news.google.com/rss/articles/CBMilgFBVV95cUxNV3Fva2N3Tk1WZGo4U0VXX1dPc3NMWG53T0JHUDN5TlB6SkF2LUdMSk9GQ2FyVkMzR3N6Z0VPd3NjU2RGSzgzS2w3TjlBZ0RqZm9YQlBfM2luLWNqemxjMlNFWWVtU2tvcV95S0JKZlBWNkoyT09sUjFSQ0NMVXFtNlEyeGRFQWpMcFFqN0JFWkJ0Z2JHSkHSAZsBQVVfeXFMUDh5VnhqNTVzSWpZV0lwU1BwblI5ZkNsa2NjaHIwSnRja0l6WnY1dVhuNHIwcVdNRzFzSktWNF81X3lCbF9POWUydlJGXy1mTEZJZFhzVVV5bVRNQjd4MnVXSHlBZ1JDbmJlVzlnQmtZamM5dEJqWkgzM1gxWEpjWkxEU05GTk5Pci1raWpCdWhhXzNuZFJ4RE9EVkU?oc=5,ABC13 Houston,2026-09-17,negative
Metrorail,METRORail train struck by Houston Fire vehicle near Museum District - FOX 26 Houston,https://news.google.com/rss/articles/CBMijgFBVV95cUxNS09RT2tGWVNTb09mZVdrelBpcU5uVHBPdG1oeml0RHZPeWFsMFdCYUd5enpiTVRmQUktWGpTdzNKRmJCcU85NVcxUVRDaFozc0hEa2dnaEtaRjhBWHBiQUNzV2R1eTZyeTY4WTlFMTV4UzhhaUhLVEZJNXJUMlZGRzEtZXB3cmFpeXA5RGxB?oc=5,FOX 26 Houston,2026-09-17,negative
Metrorail,"Small sinkhole opens up beneath semi-truck in NW Miami-Dade, shutting down 79th St and disrupting Metrorail service - WSVN",https://news.google.com/rss/articles/CBMi6gFBVV95cUxOUU9zRHRqZldtQlVBNkZlUDBpeUVvMGYtVmNHOUxLOXpoeFZRa0Rwd2l2bmNxdWhxZWRIMEk5S3pmZzVYVGRKN0hQcFFnR01mT3JQWGxudHZ3TzRiQWN2QlpWbGZvUWpVd1VJYTRNRVkyX3oyTDdmLXIxdEJub2tKdUNvS1l1b2pURnBxVTRQaDJiVlJTem1kSEMyV2NNVEZfMFVZSzh3WDhRYXZrX0xmeHZUdm9UeDVDRldYTjFTRmI2SGU5cDN5bWNuaTlSOXNfVHV4MUw3VWNpT0M3cmlreGp5Z1RFRjlZM3c?oc=5,WSVN,2026-09-17,neutral
Metrorail,Miami-Dade could lease site along Metrorail tracks to developer - The Business Journals,https://news.google.com/rss/articles/CBMisgFBVV95cUxNdVpxdHBOZ3pZanVqX3dUbzYwUDJITzZETXNvUGZnZkM1MXowRzY4TWtwemRKNHVoeThQX2s5ZFV2WHJiQ1Q5Z1ZSMXRhSWtJOU5wVzU2SkZVbjJnT01Gc0JBMG82QnVMaGRTX1JrZ1IwNm5xUTVBSkxWc3lHdUNKMndNVXBKcTdxTktMNmdBd2FrSkRXMURqd2xucVdVcHZJWTFyRFhOYU9Ma01GVDUxeVZn?oc=5,The Business Journals,2026-09-17,neutral
Metrorail,DC Metrorail to move ahead with plan for full automation of Red Line - trains.com,https://news.google.com/rss/articles/CBMivAFBVV95cUxPNVRoVzJFcmxyYi1XU2pZaTJqVmFMY0Fad1ZuUzhYbUVYRFgyY0FUWmpsVkVoMHEyaTRLdXl3SHNpZ2kycnFiNHk3OU0xem1nWVBWZXBjODg0RVh0ay1rYVU4bjRiNENzXzRXWTJoVzdDai1pZzJuSHJhdklrank1eUNzeGQzZTJKLUh4b0hYTlNZLVhIaVR1NUxDOHFLOEFzczZqcFQyaFpEVDNxTGdRc0phSUNmSWhuZUUzbA?oc=5,trains.com,2026-09-17,neutral
Metrorail,Cost spike sparks rethink of Miami-Dade’s North Corridor rail plan - Florida Politics,https://news.google.com/rss/articles/CBMirwFBVV95cUxQeUI0ZS1CWE9VYWU3U3RZMTI3eXAzSjNlWUZiUGR5SlIwTUpYRW5Ca2FGUmtuTDlqT2k4b3JJZGI4MlFCQkxGNXMwelg0VmpqcTdtRWFBUGZXZWo5TUZrbUkxanhFaVRMQlVscW1mTU92T2E5ekZ3N0Y1ZF9iX0JvMGpwMzVVWmpxSnczSTFfcnlrRWFFb2Z3VVdSNk1uZHZ1eGpSaTNiMWZNMHdsb1V3?oc=5,Florida Politics,2026-09-17,neutral
Metrorail,2 passengers hurt after HFD vehicle collides with METRORail train near Museum District - KHOU,https://news.google.com/rss/articles/CBMi-wFBVV95cUxNUmdDSUlOTzl0NGVtUzh4dUpxR0o3Z2lmNFVxOERHaEVoN2VJaFo1RjJVVUdTMFlrSDRWdThodFZNRWF6c0dZc09Xb2drU0RIWnNYUlp3eHpwRkFWeXRvaFI1aW9jV25ETnJBcVJDeXFvdC1kWThmRXI1SDhJY1NWazRWMm9kdVEtYk9NWkxiNWZwSlFqN0tmU3N6TXRRLW9hYzVZTmhoN0RPLTJfSkZrNnF5Si1SZ3dLcHl3TUl2bXFZSWVpanVNa2dXZXN0QldSaU1VeVU4WFFENkxLSDhYOHZoRmtNbDZtdEpVUWZfSUFSaVY3MndVVDMwaw?oc=5,KHOU,2026-09-17,negative
Metrorail,GALLERY | Metrorail celebrates its 50th anniversary - WJLA,https://news.google.com/rss/articles/CBMi1AJBVV95cUxQOFljZWxCcGRVWm5FOFI4X1piZUhsMUU0Z3FvYUdxNlprVGc3dTlYNnZybFJKZEpqa0NYa1U3d19rTEFzeWhoTWpaMUhxbVI5TGI5dTlBU0JPQlRERHljNjkyTGZueE4xTlBsZmFsbElZRUZ1dG9KY3lBMVJuVGlUUldzbHVjQTRrb2lkY2JXdG45aGRIOThhZG13d0pESGtWVlZSTm1UZ0V6RlRHZHNJdF9JdWtwUzk2UkdyOWVIS1huaV81VVBZN1ZnclZIVWJQN2pvWU1KWWQtNmM3dC05SjFsRHdkbmdVcFpTRGN3anp2VlE3RWI5VzhiT0JFeFVqaW1NT0d6OGR2c1k2S3JCMG82OS0zTjVxS0MyUThrcjRhcFJpY1ZEc3FQVENGb0VjR1ZLYk1TemVXQTRhdGZpU0RaYThNVEliSXRhcW9mNXlCZ01n?oc=5,WJLA,2026-09-17,positive
Metrorail,Why I’m celebrating 50 years of Metrorail magic - Greater Greater Washington,https://news.google.com/rss/articles/CBMigwFBVV95cUxQZjZ1ekdqYUNzd1NuXzFsbnZwRXR6a3dmbXpaY3pucEttM1NvcVB6VkkzdkY2a1MzbHBHYW5sNlV4M1lHOFZzdUVjYmV5WnFRcXRZYkhfX0NMNUR1NGlnMzJzU01Fa2Q2MFJnVUU2YXVXZTVMS254ZmlTZGdpNkxENmM1VdIBSkFVX3lxTE1aRGpQanZYUElhX0g0MVZxTHhlSHBYdV92ZkNXM0lRd3JXSGFPVXB2dUowWUxLZmwzTmhFcXpUdjNEQ01BdEMwcG5B?oc=5,Greater Greater Washington,2026-09-17,positive
Metrorail,"‘Elevate 54’ Planned Near Brownsville Metrorail Station at 2845 NW 54th St, Miami, FL - Florida YIMBY",https://news.google.com/rss/articles/CBMiuwFBVV95cUxNZTlRM2tkckZCVGN0WjBVVG4tY0VoS0tCbWVpdUVLdV9oM0U2ZUhaa1E0UGU5N1FWVG1RTHNPRGd0ZlZXYi02SWhlZXc2amJ1T0NOR25PdXAtZ2FiTm5MTHYxTEE1cGhESVNZVEtwTm1FYmp4eGlfQlpKMXNTXy13V1FYbzdYMnlwOG1ILUYzU0xoQVZTb0JrTVJTRjFRVmxzN2tmb05rWGVKelN6UGd2Yl9yNTNMVk5QRTNr?oc=5,Florida YIMBY,2026-09-17,neutral
Metrorail,We’re Coming Home: Your Public Transportation Guide to Getting to Nu Stadium and Being Rewarded! - Inter Miami CF,https://news.google.com/rss/articles/CBMixwFBVV95cUxPTm4zT0Y3c3RyaGtIVGpfTGlqeHZsY010RW5veGtnWGlDM2RoZkdhMUZkOGlfUmxjWFB0b2VYY2wyM1ZVY2g4Q3ZpNFBCRlBCdmIwb3V3UXl0dktKYzBlV1FlRndBYkFtLVVmek1DWHFtUHlDZGZvSmZPdmRsZkozSkRFR0pvS1hKVVlPdFp3THg4Y3lBSVYyMGZYZzVWZ01hbXFWR3RNbnB6eXpzX3o2WTNhdmZEWUE1c3BTd044VlNGS01nSHZZ?oc=5,Inter Miami CF,2026-09-17,positive
Metrorail,"Collision between METRORail and HFD vehicle near Texas Medical Center, MPD confirms; second incident this month - ABC13 Houston",https://news.google.com/rss/articles/CBMiwwFBVV95cUxNVkxfYUY5U1d5NUdXQ0J3Y3N6aVlSZDRaQXpqeFp4bjF3ZGFYNm5lX3BHd0V3WTNQSktyTFJrcVIyQmQzYXRFdzhTZ0pqRUQyMWRMYWVqT0dHUWtMeS1xbWJsOGVuak5lTThxVm1kT3JQaXpMaUpOYTAwUkJZWU1fZzJuUnpCRjJpcEI0QVJEMHY3T19ZTmlUcmR0MG0tb1B2R3N3M0N0eE5DbXczcU4tbXZCSENDT1FIQ3pfUHFldkdlWXM?oc=5,ABC13 Houston,2026-09-17,negative
Metrorail,"Suspect taken into custody after incident involving box cutter on METRORail, METRO Police say - KHOU",https://news.google.com/rss/articles/CBMitwFBVV95cUxOa0RIbUg3WThjcF9nbTc2Z0xxaU9PMmZ5RGk2blN5elJPYWZJaXhBSzJBZEpRSTBnXzI4V2Q2bU0ybUpOd2pYc3JzRTRJal9DRHl3TmQwdHJReW5Bc2o1aVN4TFlZeU1NbFpKMmFWNVpIYjJuVEdTcFo5ME9vRlRXd2RvTU5raHl3dkZZN2p1VEY5RkJtYlNrZEVHaktpX3JiRzRlenRTbnVxN3d2bWt2dnp0WlBxcUk?oc=5,KHOU,2026-09-17,negative
Metrorail,"Doors, barriers coming to Metrorail’s Red Line platforms - Washington Times",https://news.google.com/rss/articles/CBMiowFBVV95cUxQMFlaNDkyTnFzRUdpbzFYRGl5bDY5ZGd1VVkzMXF4OVlLSzBMU2syR0F6WGVadW1rejVwRW5Hb2U0NE1Sdlp2eEpnbXVyak5hQjJMbFkzQmoxWVFLSWZ5LWtlZXlXZEx6SnRBaEJSOVJOV0szM29maHpUNXNGRTcwNkhBeE9uSXNIS2VvZ05JZE1iSTRVOUtVaFd3NHctVHYtTldJ?oc=5,Washington Times,2026-09-17,neutral
Metrorail,One injured after METRORail and HFD fire truck collide near downtown Houston - KHOU,https://news.google.com/rss/articles/CBMiuAFBVV95cUxOaTdLc2JoWDFaclEySE5SNlowOWRWRmZYeFdzdjUxeXNwd2ZVME9jS1NDVXhNMFR4dHltRC1fcHJyODlPMm5mc21sbEpHNFByZTVDak9oSEFXdmFSaEF6VlAyRDhVbkc3Q0lOOFByS1ZiTDByOFNBMTVNODJjb0pwc182NGV6S1Ryckd3Y2Rna09OR3Yyb1hDRGhfcC1iUmtyLUw2UnlPWktNei1TMXBSaXNmcEJvdHhN?oc=5,KHOU,2026-09-17,negative
Metrorail,METRORail Red Line service paused this weekend for maintenance in Houston - CW39 Houston,https://news.google.com/rss/articles/CBMidkFVX3lxTE1CeThyZTEzNU1qRjRUTkdhUGp6QXBxZ3Y3SzJRNDJMWV9VZEZMS1BUZlZzbVBwTTdaemhSVkgzV3U3UEhrWVhXdFhmazNCV09ycWhHQWtWV0tQVDd2d3pPbUJ4OFU1QVJCUzcwc0FVWGdQRmdoUHfSAXtBVV95cUxQNzhMeUVCNW9oNFdpeEtvTFpEMkNnR05YUVJhbFFabVJjQ3VhSm9xV0trVlo1dTdadTYzQXAyZDYwd2l3dVlSNk5iaktfemczZFNjTUFTVGZ2ejRYUk82bDJXTGxyb1RLRGd3bDN5eVF3YktZenc3MDNURTQ?oc=5,CW39 Houston,2026-09-17,neutral
Metrorail,Fourth and Final Tower at Link at Douglas Secures $134 Million in Construction Financing and Breaks Ground - Florida YIMBY,https://news.google.com/rss/articles/CBMiwwFBVV95cUxQQUNEQV9WaWc3MEFJSkNiRXl2dlI1dG5ybl9FbURmMGtwLVFtLUdaNVd3ZUp2a2IyRGo5Vk1oSGdLdl91dWxuNjFnVUhxdW4zUHlVTXpPckNHc3MyRVUtbEIxcHo0VUlZaFVDem9zNGFQY1JiOGJCWWZkYUlHM2wwUEZuMlpFekhzZ0c4bm9jblpFd1huLWoyZFFiSFhqNGFCdEdQUGtiRHVGMVk4WC1LdnhmaWctM2xsVW5leFRSc29Pb1k?oc=5,Florida YIMBY,2026-09-17,positive
Metrorail,MetroRail train crashes with Houston Fire vehicle near Midtown intersection - KHOU,https://news.google.com/rss/articles/CBMi6gFBVV95cUxOZDdXX1BoVkF2eXR1U1BycFpxaUpmbEJudUluVTgzX3h5VlBmTGQxamZpeEY0SWcyTWFfa0pCOS1jZHZqQ05IeFlZYXJ3YXlGbDdwZTB4OFR0VUo1NVRkSG5zTXZFS1psSFdOeDN0X0RocjdhVUlpME1Jb0JscjRzTjNIVkNEeENual9UQTdlUHQ0aWtLSUJyM25Wd1VUQjZyampHdTNtTk1BMmstaGRlcElLWUQwY1dpdW9ZajktbUtXU3hab3I5UzBNME9jdzdYX1Z3VDRtOTV0T0x2bS1USXlNeC05cm9RUnc?oc=5,KHOU,2026-09-17,negative
Metrorail,"HOUSTON FIRE ENGINE COLLIDES WITH METRORAIL TRAIN, ONE INJURED - Firefighter Close Calls",https://news.google.com/rss/articles/CBMiogFBVV95cUxOdXB6NVpWekZHdko1SjgySXpmQlZVdWQwbXlydzR4RG1LZ0M2VVlESnVZcnM2SFRNWkZrNzdzaGstYkhDc1NnRXNKOTFRWEU4RVJ1VkdPSjBhSjcyV2czTDNpQU5HZkRCUlBMbXBUeGFqTXFqV19sWEUzMGU4bEplbTZOTFA5cGtabE5qUzNGZXNibVQ1X2tYM1VxZFdhRXdSSFE?oc=5,Firefighter Close Calls,2026-09-17,negative
Metrorail,"Tons of Inter Miami fans ditch cars for Metrorail, Tri-Rail in rare transit win - Axios",https://news.google.com/rss/articles/CBMimwFBVV95cUxOT284emhPb1lnZ2FlLXg3a1RlZ3pXU3dSZ2JwUGtHaFJoZ3g5VVBjREJuZkhxRUZLWE42S0xRT09BZkE1bG9ieHNPY1JkbzcxWkdibW1RUjRaSHNsbnRyeGxUanFvLWdOV0NHMHIwbE81QW9VcGdrUmVHMmFjZG9jQXRKc09xd0xLMktIXzM0MXZKSDVGQzMyRFgyVQ?oc=5,Axios,2026-09-17,positive
Metrorail,Breakfast links: How many people rode Metrorail to a sold-out concert? - Greater Greater Washington,https://news.google.com/rss/articles/CBMioAFBVV95cUxPeDlHRnM4ZmJWakc2UTRvdC1ZYmYyQkdnQVZsRmVIUndIRlVTTU1fMmxjSTAtdURYTnk0anVSSG1WUWp1YXV1Y080WDZiWE0xSVB1QW5ESXV4dGstMGZhekZCR0lTUmZKdFljSWJDWUp1Z1FYYVlQbUw4QjAyREVidmh6cU9HaVdrdzBLclR2YnlaLVo2UDhhalFzU3NQdm5Z0gFKQVVfeXFMTy00bjRKV2IwYlR5aDZOeEhVT0I5Rm5xWGgwR3FzVXpoR3YzWFlFVkN0ejdwN0RxcllHSkNyclNMQTl4Y0pUY0R2Nnc?oc=5,Greater Greater Washington,2026-09-17,positive
Metrorail,"Montgomery County Department of Transportation Director Chris Conklin Elected Chair of the Washington Metrorail Safety Commission - Montgomery County, MD (.gov)",https://news.google.com/rss/articles/CBMiiAFBVV95cUxOOTFidmtWeXlpeU9pOTEwR25mN0dBSDBhMTNnZjVrMTJYTVlQRy1hM0lCLWJ5eWE4ZXpxR25nOVMxNWtvXzZsaHpZS3g3ZkFYX3hwMDloVVgzblB5Wk0wU2xUdnN6ZllLZFMxcTBNaXRIazl1UFNfbmZrRGVYZ3ZZdWg3MGItZUtv?oc=5,"Montgomery County, MD (.gov)",2026-09-17,positive
Metrorail,Midtown Houston shooting under investigation - FOX 26 Houston,https://news.google.com/rss/articles/CBMihAFBVV95cUxNUjU3aWtTVzJwWHFDX2VkcVJjMlFYenh1RlJLc3lfLWlGcUVVSl9Na3FuM0FTb1VYWjBERG9rTUJMM29aSTNTdE5xWEFKZ2lHZ19VUVNEdGtwR0ZGbWJLeFdHcFhHSjlYQmtqcDVQNmNBcHk2N2E3WTRUZkQwaXpnaFZNM1rSAYoBQVVfeXFMTTU1blJnRE1aVDliSEhwRkZoY3lMSml2TjVJSWhiME5Eam1kZmNiN2pLTUFXWVpYTy1ndDVqaFlsVXY3NUExTjdjbUVMQ3FVM3NQYm5KWnJyUllxeWN3MFFPTW5PSkFlWjJxbklHMnpfR1pTZDJJWU9XZ3VvRWQzQWMyNTY3QjM1T1Jn?oc=5,FOX 26 Houston,2026-09-17,neutral
Metrorail,"Cost of Miami-Dade’s North Corridor balloons to $4.2B, imperiling federal funding - Florida Politics",https://news.google.com/rss/articles/CBMiwAFBVV95cUxObk9hdFR2MXNkZnJmYVJoSm5VWktqa3RMcEVIWlRZSjNqSjNkVzBSVFQweGdIUE04S3BFNm5XbXRmQmFLSXBieXdHWk9abG9lRnBYeTdUa0JtQ2FxR3hwQ3AtZ1g0OXdDVjF5RzdGUW0wckhKNFJHNDRmVnMzY2V3b2twSGYzUU9jcDRhZC1UTHpJM09Qa0FoTHAzU3ZQMjJxVGVlNjRydWlTOXJDcFZNb3hqcEI3M0M1UGlDd1ZXVk4?oc=5,Florida Politics,2026-09-17,neutral
Metrorail,"Loudoun Commuter Bus Service Adjustments Begin April 1, 2026 - Loudoun County (.gov)",https://news.google.com/rss/articles/CBMiXkFVX3lxTFBHN1lnOW1LX3c1X3FERV8tR20zbmhneWhsMDlpLVJIS2RpaDU1YkNZUXJqa19Kb3pCLTR0WUYtb3U5dldpaTl6ZzVWenBvUXVFNXR5Nno4RVlkMl8tWnc?oc=5,Loudoun County (.gov),2026-09-17,neutral
Metrorail,Fans pack METRORail for first Houston World Cup match - KHOU,https://news.google.com/rss/articles/CBMi3gFBVV95cUxNMzlSYldWRGx4ODA0d21ZcTh4WVhuaWlYdm91LVUta0w4V09GdkZybEVwZXNXZXhWZlJMUGZ5cDdGRHBheWluY3BQRFZSNWFGWm5LRzdzU1Y4VGtQcTh4bkJjUkU2MHlTNEFvbF9pR0pMRU93c1pONlNhY1hsZnlyaGNVY2xQc25zdjl0VmRwYlNqYkpZRjlEU3hXTFdqeERqd2JlX3BNczl6RjFDTHdrMzN5Ykk3YVdMTDVWUmkyUUtNNVNIMmJRRlNZcWhSNHBVV2VxRlByODdxb2EyUnc?oc=5,KHOU,2026-09-17,neutral
Metrorail,"Man found dead in roadway near METRORail was possibly struck by multiple vehicles, HPD says - ABC13 Houston",https://news.google.com/rss/articles/CBMisgFBVV95cUxPSWNWTHFZMzgwOFpJVWQ4NHBmU3hyTU91ZWxVN05DOXZCY2NpVjc2dzRZdFAwSXA1ek1OaVVyY0loRWxUX0JiSWJLUFpORndEdkQzai15bmN1VF9ZajhzRVMtZnh3ZUY4NkwzcFc0b2pCYUJYQ1c3NF9nSjE4cDFQVWlxd1RWYjVwbERnRGRXNTEzRTZWSjMyaTBoS2NKaTY4OV9fdVhNUGpOTXdkRTg3NHZR0gG3AUFVX3lxTFBOUDFnTElJTE0zaFNObER2UmkyOFhLTTJHcVdoaEd5dkhfX3B0UUFzX19laF82Mmc1YXpoTDN5LUZqN2JhSHRnY0JEZXlwZ0s3UTFYa1FJU3hWa1BqandfZVVvLTFLUWJtcTlURkRRd3B5MmY0V1BxMno0czhhcjFrMUlpc0lnQ3VqT3ZBZW9nUEs4Z3c4VzZqTVJXOXhLM3RVYVhrd3hvaGlLem1KMFV2SmlRU0NEVQ?oc=5,ABC13 Houston,2026-09-17,negative
Metrorail,"Work train in Metrorail collision exceeded its movement authority, NTSB says - trains.com",https://news.google.com/rss/articles/CBMixgFBVV95cUxNT3I2SEg5cWtPSWlteFVBM1FxM2ZYMkVvVEdGdnl0Y084NFhGZzN1dkVIaDhpMEhkRWlqYTNrTGtOdDVlRVRiRFVtRnhNbHJZVjR4VGtDUFp5OXl0T2xfN3NFQTdZTkJkd1J2QjhmSVpWc3dNbV9mUFl6a3VGMTZaZHJoc3d4eVRFeDNXVkhzcUR4UzBHbk1TOUNsZ25maEhKZ3J5QVhsWlVPZjFQTE96aVU4aVRObmduOF9CUlhkR0dPTWpvanc?oc=5,trains.com,2026-09-17,negative
Metrorail,"Shooting near Midtown METRORail platform kills 1 man, injures another, police say - FOX 26 Houston",https://news.google.com/rss/articles/CBMirAFBVV95cUxQUDdQUUh6elNuR3IxZmZtdFp4dGpCbGN5d09CeFNSUi0zeldVZGtCcGEyNkM0TjFfTFMzQVRNTk1TN19wV0Rrelc5c1RWX3J3UGRRWWJKTFF0YzVDNHB3M1p2UzI5dUJ5ZS1HOG9yalBLeElaMk15a05zVUpraTRFcnJUNVZiT3dvaUtDVDJxenU3MmlkaTBwY29rbFFWRHpkUm9wT1NFMW95NTZT?oc=5,FOX 26 Houston,2026-09-17,negative
Metrorail,1 injured in incident reportedly involving box cutter on Houston METRORail system; suspect in custody - FOX 26 Houston,https://news.google.com/rss/articles/CBMitAFBVV95cUxQRi13cXV1TmJkYU9iU1dRUmVyUndMOW91WkNjRzZaRHdQSmszU09sM2E5X1hLX2lvZjRwQmNVaVBpUnA3WVhOMnJvWlNzb25NSlozM0kza2FMUzM4cEwwajQtaGJSUGlwdUlFblU4d25fY3praTRfTEhWRC01Z3hQUkp2V182S014VlNONlBxc3N6d1lQcEJKME5FZXhyS0hSTnNGZ1Q1eTd6WmJzbjNNX0V0NDg?oc=5,FOX 26 Houston,2026-09-17,negative
Metrorail,Video shows woman backing away from suspect before she was found dead under Metrorail - NBC 6 South Florida,https://news.google.com/rss/articles/CBMitgFBVV95cUxQMXRfSU5rWVZtWF9VUk5fdGFGR3NLelpkRlgtQ1FwWlh5NXhMdHk2RlVSUG5pT21vMVgtUkJaNDZOUFVXclJNTlk4ZWpZT2xoVU9CaTNVYl8zbmhRZFFJMzM0eTlQdXozNThNYzNyNDQ5NndzbGk5N3BuaGNFcDJWLXp0T2dQakxCa2tyaUpENFV1cE1raVNVRU1tZHhNb1lxSDdOMktIUGE5UW1NNHp0RkFnSnZVd9IBvgFBVV95cUxOSnRqMUp2dUJUUkd3ZXJDZEpRendMOVpQNk92WEVtRUVtTW05S3MtbWdMWXY5TWZITmRuNWhKUG9DODRGSnRJQVBnTXpjcEV0YlBLOWVmc0UySDBtRDM0RnNzdUlvWjV5LTBsR05jZDhGRnJ0UjVlNDR6YnhHbWVmRWl5c1BLZTJ3U0FxczBfdlRacEZucGVpMVBzV0RXQl9kN09tZkI5cjlfbUhtYVBQZXJiS1NhazNMRGtHbUFn?oc=5,NBC 6 South Florida,2026-09-17,negative
Metrorail,High achievers and low performers figure in Metrorail’s post-pandemic world - Greater Greater Washington,https://news.google.com/rss/articles/CBMixgFBVV95cUxPTTJRRm9ab1MwaWdWdTJ3NW5TTlhhNjF4Q3I3RzFUdTJZdVJFZ0ZsNy1FYlVGSlZxZGtSTzBYU1lTT3paRWtNMTNtS3p0eGlZRi1qU1NuTW9XR3NzWk9kajhhbTJUbUpSRERYLTYxc1NEUE5JcUhDbTJYVXRRRjA1NDUwcVhhV3lZbER3LTlmTWxWTmJUa1dHM3VSU25aVXYyZ3BCOXN5TjgzZU4yVjNYRUxlQWtuUUNIeHRsMGEwRFV6Q0R3MlHSAUpBVV95cUxNQjRTVF81VTR2SzRESVUzNzV4RmNyd1ZtYkRhWWxLZEk2VUlkX0JyRDZsM0FKdS0yc0VrRVZVSmNPVHZaSXNsRF9mUQ?oc=5,Greater Greater Washington,2026-09-17,positive
Metrorail,"How to check your Metrorail, bus lines as snow service slowly returns to normal - WUSA9",https://news.google.com/rss/articles/CBMi_wFBVV95cUxNb0FuclA3V2ttNlpqUjU5Mkt3UHFBUXhvMXl2ZzZaT0ZLVHZxMDNXTFVtbmQ0YWxMTDFVcGNTaWotLTE1bTNDMTBSMjdSaV95a2ZYZ2VRa3ctSE1fclhqWHA3SzFHOFdiN1h6ckQwS0NkLXlZVUlVbzE3bjJLT3YtYXV1MTFpWUc0VTI1Tk9ZRUcxODBpa1ctb25CM3Z6ZmNjdXF4VnV4c3V1STNvLUpQNWl3T09EbXBGVHd3eFRPM1huLTh1eWJkc2ExVHJ3c3A1NXpMMDRCOWZsT0ptOFVEX1NrZnZabVRjeFVLS0pIUzdHeE5nUVBsWjVlMnR1VUU?oc=5,WUSA9,2026-09-17,neutral
Metrorail,"13th Floor, Barings nab $134M construction loan for last tower in Miami Metrorail stop project - The Real Deal",https://news.google.com/rss/articles/CBMinwFBVV95cUxPY3UyajZZN2hTU05WSEZaVGtiWHAtR0F3V1VQZFdYWUN2UGJ6VU9IOTIzTC1obnk0clJ0ZDJwQnlyd1h2dWhUcmVmU2IyVk45bkNCT0hhZ0V2c0Y0Rzh3REhJN01LU2tyQTlRQlZkRVh1VWVHTGZaVXNMYkJYTC1fck5xWURTZFh0cmM0NXFTN0IyZ2VXNTR0U0gtaUk0czQ?oc=5,The Real Deal,2026-09-17,negative
Metrorail,Houston Fire Department Fire Truck strikes METRORail train - FOX 26 Houston,https://news.google.com/rss/articles/CBMiZkFVX3lxTE9aMDdpUjU0azFjckcyWi1YRVN3VTVyUmJMUkdkUmliZUNCeHZONzJXSHFtVjFiMjBkbGhFQ0Q5S0ltZmVXUGJsN2ZqYnYxdmE1Nk4tejFGa1ZZX1I2TVZ6a2h5cTloQdIBa0FVX3lxTE9GWmhIbFpWTkJjNkxLOW9oVEJpVlhUSlc0UVpnbElFT2w3bU5KTFpBSmQ4QkhHMlA5bEpWaGpzOERwY2U0UEVGampfOHZxQUpaWVFiZ1NIdFFUM3R0WWx2ZWhZRWljdHRNVGtn?oc=5,FOX 26 Houston,2026-09-17,negative
Metrorail,Fire truck collision derails Metrorail train near downtown Houston - KHOU,https://news.google.com/rss/articles/CBMi3gFBVV95cUxQWW1vTHIxb1lTRldfWlUydlY0NlhzcW9WZDJIWVVUdXp5bG1qUFlLbDBkbGFzQ3VjaHF5dldoSHRUQi1OaXRTczQ3bW1LQS1FNnNobFo1cWNOdWpjRjVsT0ZuQ0lQWTVQZXFvaDkyajBhNFREVnQ5N3JhMXlTVFY1VUlBaEktdFBReUsweTNrMG5tMjFSUGlPRDJVelNZb0dTQ1VaRi1QV250Rk9HeXdYakZSazJQTXdXRnhCWnloenVnVVRUUGxCUjEybFJDUnJtRDhFYmo4bE1TV0VLN2c?oc=5,KHOU,2026-09-17,negative
Metrorail,13th Floor Investments secures financing for Link at Douglas’ final tower - South Florida Agent Magazine,https://news.google.com/rss/articles/CBMie0FVX3lxTE5qa0t3eWRuR1RONTBWeDI4cDJ5SUxTSGE1YmwxTnhIU3B1YUExR0xPTlZJTVdaa1ZuNjRVWXU0SjdaR1czWnJyWTQzZnpNZldCWHE2YWc3NWV3SURUai1INlpVSWk3N3c5NkktOS02MlE3M0g3MHoxUW1HWQ?oc=5,South Florida Agent Magazine,2026-09-17,positive
Metrorail,NTSB investigating after DC Metrorail collision injuries 11 - trains.com,https://news.google.com/rss/articles/CBMisAFBVV95cUxOSHFuNU93YnlyRjNNNmxHZUZsY3JqUC04RFVnSjFEQkdsZjFmbGNpQWVjdXNsQ1gySjBSSlJYbk5ZUWlJZWFwSENieVRZb1RLd2RybE5YTXU4WTYtOWFrWVFoMkRWWmR2Wm12ZHNZRVhSd3dDMVA4Q3dzY0JGTjhHbmwwZjFkUjQ3a1I3M001U0VTWWJfUGVVZ3lVTFZEUzh2RjlraWk1d3FKZ29nMlc4Ug?oc=5,trains.com,2026-09-17,negative
Metrorail,"Washington Metropolitan Area Transit Authority Continues with Phase 2 of the Bus Shelter Replacement Work at Shady Grove East Metrorail Station in Rockville - Montgomery County, MD (.gov)",https://news.google.com/rss/articles/CBMiigJBVV95cUxNYlZ4azd5V0ptRHpsNEVVbDlKTjdrRzdSYl9rYjlFa3FmUWU0N1lQR0VodWYyM0lWYXlnNmc1eUhtaEE5TkVGMXhGeTJaaHlrMWtjQld3QWF0MG93aHpIaWRmYmEzalpJNUtPbUFiTi1kSlJJdGpmb0xUN3VMaFhha2JwSmdyb0pCTEFieldGUjFqWnBuM190ckRqaHZxTzNKa2FXNlJDOXBtTlNUOXdiTUV4MmtjOVhoRi1jampKeGpCV0g0Q0NoLW9mdDV0N2dQbDBmbFowUVhRcWVGaHA5VlBCWndOb3FsY2FCWnpjMmJJU3IwZlpiZ1c0b1hZVFBrQTNta2xYbVNpQQ?oc=5,"Montgomery County, MD (.gov)",2026-09-17,neutral
Metrorail,"No new Metro station for RFK Stadium, WMATA says - WUSA9",https://news.google.com/rss/articles/CBMizgFBVV95cUxNNW41ZWxmQ1JrODNOODZXdmhsMDMyQ0QycnBBYklmR1dMd212MzV0aUhGWXJ5Wk9NV3dVenRZaTdnUnZoeHFYT2lqYWRvRzJIdHd3UVppZng5WXNGVUpUVWh4X2ZQNGhBd0QtSVA2OFhQREt6eFZfRUQ5ajg5QjdGR2FSWkZBTENaRFNqeW9SaW1FZTJJZHZJNzZnXzJ0MlJ3LTRfaWprNi01d2VEV0lMU1R5cTNIaHBBU1gtRkVlLXA1OHlHeURicTFCZ043dw?oc=5,WUSA9,2026-09-17,negative
Metrorail,The MetroRail and Metromover are extending their hours for New Year’s Eve: everything you need to know - Time Out Worldwide,https://news.google.com/rss/articles/CBMi2gFBVV95cUxNOWdSa2d4Z0hHSExOcUNpSkphd1FvbGVXWGZJMlBFMGMzUHdBMkRaNHN4NHBDa0pZemxVam5qQjRBaEpxNUM2OGtNcHlIbGhPcG9OLWVack9nNm1uNGlYaGFneXlYVkVkUThFT0UzMkRZX0xGVGxKczdwWVdnOXoxYWNqS3JnZ0U1Z296bGRfQy1CRlMtSmNIYURyUE40SzR1emdjNE1fSWJWSmdKajRlTjlYRVF0U19ubXVhQmZLbG52dUswN3pWNUhoRFVoX2JyZkZSUS1BUlc3Zw?oc=5,Time Out Worldwide,2026-09-17,neutral
Metrorail,Developer Lands $134M to Build Fourth Apartment Tower Near Miami Metrorail - Commercial Observer,https://news.google.com/rss/articles/CBMiwwFBVV95cUxOLUNEU2xwQkFONXFnOGpubFlYQWRvRkU3anhKSzVsYjM4RFphM3BINEJKUDIycUZITkhmWUFXNWtId1dnRTU1VzhzZXV3bDlySlcyY2NNMUloZUJRcWYyTEZiMGQ3M2R3UkVFX1d4Uko4TUJMUUlfa2Y5R09RVWctdmk0MFEwVW5ZNVJRaktfWGx5aDNOa2VVOVRXeDV2VkdOQ1o1QU15N1ZBYzNRdjJfaVlCYk9oSFk0MnJndlR5d2pIQkU?oc=5,Commercial Observer,2026-09-17,neutral
Metrorail,"1 killed, another hurt following shooting outside Playground bar near McGowen METRORail station in Midtown, HPD says - ABC13 Houston",https://news.google.com/rss/articles/CBMi1gFBVV95cUxPbDI1NnhwU1JaUzQ1S1RPNDI3LXVwZEpWU2RXdlVWbUlKaWxMdE5kSWhzTmJtdmJDaGl6UDU0ME90bVhtWmo2N1k0Sk90NTRyR1M5cmJ3bGotM2F0X3VnclRmUEhrVkJoYTFPQjhZQzRVQjZ1b1BJT1pxMlNSaFVjVmFfUDBMMXFNU0RFUnlOX3IweGVpZk04WDZiLWFtblYzNDZuc2tsdkNISXJwbnpsbnotYUNKV2Z5Y09tWExXWEZYRlBuVEY2dURrMndpUTF4SGVYbzdn0gHbAUFVX3lxTFBCbElpSGpOWjZ6ZlhReE5MTldmbk05aWN0S0pDc1kxdzQtVUhfWWF3Vjh3d1VrcHdqN0ZCeDFZLWNjSUYxQmY3QW84U2JTZ0x5Tml3Wm5EcGxOWXJObmNYWGJoWkx5dVgzVjB6M0NUaDQ3cDEzOE1zOFpUU1A0X2llOGwzQ2JaSlpOZFZwM0VVUGRKcGJpZ0pza2Mza1Q1cFpMbkVGWE1MelNTOHhpN3NBY0FKUDdKVnN4VE5sWXBJU2hlTE9NNm0tMHZ5WVJEWmQyWlpmdlFOWldGUQ?oc=5,ABC13 Houston,2026-09-17,negative
Metrorail,"Fairfax County Opens New Pedestrian Connection to Innovation Center Metrorail Station - Feb. 27, 2026 - Fairfax County (.gov)",https://news.google.com/rss/articles/CBMiZkFVX3lxTE1senhMRWFqMzkxc0ZUR2lPUHlSTXpwamhEWlROSi11T2tPSjFKYVdKbDc3eFRoSDl3b2ViemlQT2JNaW1hRGU1NjJKUGRPSUhpdTZIdDBGMjdBSDlCNGdkTnk4UmFzUQ?oc=5,Fairfax County (.gov),2026-09-17,positive
NYC Subway,"Tragic NYC duo killed in subway crash ID'd as longtime friends, recent Rutgers grads just starting out in their careers - nypost.com",https://news.google.com/rss/articles/CBMi7AFBVV95cUxPZjhTS0xYZ01oZmR3UFY5VDYxTF96TWprRkNkeFE5OEVyWjlRd1hWUmR2QUg3WHd6SkdrYWMtOXJXcksxVXVzRXNJV2hQSWQ0ejM5aWFBNGdHS0dyVWMteUlDb0JORDFVTTRPUXMxRWZ5NW5KQm5NQUN3WVdmZ0FqVE9iUXZLQTl6b05iSHVtLThOaDFKdVJWNTZ5RjR5NHoxYUZOMHdfMlNMM01ad0ZTZ2ZueXB2QWEzeFJYNllXZUx5MzhKYi1rNW9xZVJwNks3UjlWV25HRXJwQW9HUlJUdTRlVF9lN2VCNkYxTA?oc=5,nypost.com,2026-09-17,negative
NYC Subway,Exteriors of NYC subway trains covered in grime while MTA repairs car washers - Gothamist,https://news.google.com/rss/articles/CBMipwFBVV95cUxNWm95cUFTVzgzQTFiX21aNTV6UERGV21YMFNJdTFxSVJKNjJlQk5fa2w3cHlWUmxVZjF3YkhDckFUOG5lLWxIQVhHeDRoaGxmT2pZSW5JZzJ6WWtsbUNHSV9HT0d2QW9FTi1ublJzVHg1QmlmYnpaVE9Jc29YS0puSGxNR1VtSWN4UFJmbFV5VmIxeXlVc2hVbThJcVI3dU5fNVBtV3VfQQ?oc=5,Gothamist,2026-09-17,negative
NYC Subway,Woman arrested for making terror threat on Metro-North train at Grand Central: police - New York Daily News,https://news.google.com/rss/articles/CBMiyAFBVV95cUxObmlsWDFhc0E5N21jVHdHWFU1TnhoTndGOWVEczl3M3FmNzltNWNkNXNod0NSZnVPUC10NkdRRV9nQUx2dHRqcjh5cHpNZ1VyVW9QVzBzVFNPazZWSjYwN01qcWEtc3ZXMjR3djFScmhfaHctNzFEdXRrakxDRE1sOHB4UkZuRUMwWUVOSEtEdmZsN2Zzb2g0UnJ4U3ZzOHJXZlVLOVVMa1BWaldlR01CY2ZMcXhxaVZMV0FicHNNZVp5bE0xaDZYSw?oc=5,New York Daily News,2026-09-17,negative
NYC Subway,"South Brunswick Woman, Sayreville Man Killed In NYC Subway Incident - patch.com",https://news.google.com/rss/articles/CBMiqwFBVV95cUxOdmV5cEprcXRVTGRpS2R5NldBN2x1cThJUm96SEhfakRqZjNRTEluMFhpTm1YZEszQTNqXzQ5RlRPcXhKanV4VXBQbDJrUHNHQ2trTlBpWlpxb3J3UE55ZmZnQUd1eXZOLVR6VmU0cU9BNjhwLWJuVXljdUV5VWpKQ2VDWjVwb2N5Ni12TkVXcjBvT0ZLZkFRUXVfUDlzbVdvdWtTQWV0MDFfVGPSAcABQVVfeXFMTkdveTVSSGxqRVpUdDZpanZnVUJLVklJcGxRVjVVY3RSSC1Hb0w0Z3ZBNVJGb3V1T1JCT2RpemVGTUlaTnpUaU5Qdm95azRyWm5rTWVVZy12NGZ5Z1dzNGZFQVVueTlxajd6OWZmNUY0cTJGX2ZjUFBfNHB4NllEYnJpaHFZYk1mWVdNbzVQak5neDVjcEJWdUlSVEJhS01MV05HaWw0YXpZLVdKRzBoWk1KbVk4alV5azBtQURXMlVL?oc=5,patch.com,2026-09-17,negative
NYC Subway,MTA looking for bidders to complete Second Ave Subway extension to 125th St. - New York Daily News,https://news.google.com/rss/articles/CBMitgFBVV95cUxORXpnNzVfaEwyRG1IMjZFRDA0LXdXX3pLZkswSDgwYU5EczNzcS0wS1lnRGdqVC1YS2RhSzI0SXo4YVI0VFA4dkdiblQ1b1lQTV9NSS0ydXpVN2lmdm1fQ0pnZEIzRlFtbjFHVEl0RE1weDNWZXF4M3VERGJOVjZhX0g3b0dTUWlLalhMVWZEaVJVeDV6VE0ya2hxU2NsMGtITU1uYmhKWjBrV0NoWk8xRDZvUFhsQQ?oc=5,New York Daily News,2026-09-17,neutral
NYC Subway,Young man and woman killed by NYC subway train after one falls to tracks and other tries to help - New York Daily News,https://news.google.com/rss/articles/CBMivAFBVV95cUxPN0lMS3VfWV9nSVk0a3dNQ1hwdWprWVlSNEYyRXJXZFZFMkQtTVRYaGYxMmVFVDFoUFJ2Z3hJQjlsblZDR1ZCLURqMUswaXNKUFYyZTZKMU9pS3ZGMndhcjBLbW1UNFdGcFRHc21vZmd4eXZXTjYzbVdYN2NHM0ZScmRGbEY3Yl91WmVnM1pFMThrbjcweV9jMTRBZlVfVlhNUkZ2WHpoeEhEaHF6TkJrVjJkU1EzUnBwR2t2LQ?oc=5,New York Daily News,2026-09-17,negative
NYC Subway,"'Was laughing': Video shows Indian-origin woman, friend moments before NYC subway train ran over them - The Times of India",https://news.google.com/rss/articles/CBMi_AFBVV95cUxNLUV0M09oNDFMOU8yd3RjNDFSUzhHQTBVNGpwa012WHhRNFF1bUs4QS1xR3hVLUM4VnBLRFpNaE9ZTHhvOGZNRmhaNFNHREVjUEJzVEFBT1J2SEhWYTRjZ0s1VUYyVFFnTHdLQlZsTE9mR0poOHgzdVk3NVgyUE1BT0VQZXI5SnQ0VlRnSkdfOHhZNTFpSlgwV2pXZHFQYktsZkpWaVpBdGRQa0lWUFhjaVVON0tubjlONUxqeVBrUk5RMjFlWTVibmFGNkNHWmpHaGw4eS1KN2d2RGpIVlhyVHNhLVUyWWgxMDBxcktwOWhGMHktUlQzNUtuSW3SAYICQVVfeXFMT0doRGw4dEdsb2J5S2QxQm1zeFJXdjhscUZfNERxWVpKWnU1Ulk4MkxiZ2M0dkw0UTJHQlk0alVBWkhrSFNDNWtfZTlFRFo2ZnhiTXFiNzl0c1NRQXJ0VE9XY25PTmw3ZGdNY0V1dklDS01UeVllWFNCbWxYd3kweGNhdUxtaGIxemp6MGhwTWpSLUdfaWVMbnNBZjlNT0RSWkRTYUItT1ZXb0o4QjM5M0U3YmptdGcwX182bW5NUmIyMGNhZEdnSGszck4zeS1RelZlVWUtOG9QaFhneDNnSS15WnlXWVpvc0pjZUxfTTFmc2xwWk1uUVF2YlVBU29zdkRB?oc=5,The Times of India,2026-09-17,positive
NYC Subway,New York’s Subways Weren’t Built for This - nytimes.com,https://news.google.com/rss/articles/CBMiigFBVV95cUxOTVpqYnZCN0pPRERVUTBmbmZJbmkwRmxKT0dFZXpPODh0U0FkQ1R4SmNQV3k2Y05vbzZSTTQ5Q1VzcXJORmtrdTFmd3d6ZzBEcGtQeTl0V2NLRlVMZ1hBMEhIR05zX2M0Q1hJMW1seG9Kc1A2REgwTVhDU0NEb01pVlNCbnJpX0ljSVE?oc=5,nytimes.com,2026-09-17,neutral
NYC Subway,Young man and woman caught on video sitting on NYC subway tracks before being fatally struck - nypost.com,https://news.google.com/rss/articles/CBMiywFBVV95cUxPQkRwMGpuQXFSZ05TZTQ2WlVOT0lJeGxXWDdFNHZ5aXlhRzZMOEx4T3lPRGVYQzBlaHdTcEs2d0xZNkMyMEd5b1R6bWJENlV1MFphMTRYdjRGQUJVYUxOdmVRWmstc3NjTWgyLUFBcWpZU2RkSk41N0E3TzZfNjJEemF4RzdYY3FkU2R6dC1HTllFTUxvVUszOEMtdTZKZGZ3X05NOG9FZGZjU1R5a1o5eTB6WkJseWp3bHBDUkxJRnpVQVFIWEFRU3FoMA?oc=5,nypost.com,2026-09-17,negative
NYC Subway,Friends Fatally Struck by N.Y.C. Subway Train Moments After They Were Seen Sitting on the Tracks - People.com,https://news.google.com/rss/articles/CBMivgFBVV95cUxQdWZCR3M2NGdIMXp1bi1XbDJ2RjNxM25CdzJXWnhlT1ZLWVhDT2d6MVNLc0o4c3dtaFBwZDdzTXRIMENLMFFZVHNhWlhzZkRVdkh0TjV4TXhDWVNiZmhOdlZ4N1B0WXQwbF9WS190cWhQb2ExNUVOSmp2Ny11T1ZjNmxFWTZZZlExUkI2NDJ0U2d2SVhQVmVGLXFnTVU0QlBOeUx5VHBGZmNhb3NrRWsxMUc2VzVEcFBVSkZFUU9R?oc=5,People.com,2026-09-17,negative
NYC Subway,"Teen dead, 18-year-old critical after 'subway surfing' over NYC bridge: Police - ABC News - Breaking News, Latest News and Videos",https://news.google.com/rss/articles/CBMikwFBVV95cUxQdTBHc1FQWmJrS0gwNk91MjdLU3I1d2NLUHFiN2M2VFp6WHBPUXdJajJhcXg5V3AzanYyc3o0WG9yOWdqVDVLUW8yU3JmMkJnamRJZmdqekU4bGNhSmtTdWJHdFRxR21GRDdjb0Jodk9WTU1ZVVozRThUQmozb1U2ZHdxT0NxVFNDZHZQRGlYZFE1QlXSAZgBQVVfeXFMT2kzY1J2SkMtWDY3VnVlTlFuMmtka3lyYVlaR1VUNi1hS0VtdnF4dmp2UWNXMXZxOGtHUDQtZUU2OVVZVC1XbFdPcUxHY0xTeTdxdjdiQUhHd1Bkd2tiQnBFekVOSU5QS0t1aGdwVUR0MTZaQ0JWYjQtTThLUFZUUjFQNURSTlMwUG02TGRpZ1J5TFB1SWpKeEU?oc=5,"ABC News - Breaking News, Latest News and Videos",2026-09-17,negative
NYC Subway,N.J. friends killed by NYC subway train identified as former Rutgers students - nj.com,https://news.google.com/rss/articles/CBMixgFBVV95cUxNdXNuOUJDQ3BKMUt5VDQ0RnhTUERVeWRfakVSVEE2emFEYU93RHVhVFNEcDR3VEhsOElkcDdrUXdkVG9HREx4aHM2dW5KbUQ0Rlg5YWNHSXNfVE9QX084MVFpdC1kVi0yZzd1RmdiNUVkTHMtaHAtTUs5MDFkeXVaWk5BQzZheDllZXpRTVYzeFA0RU4wNDhrek5aNW9Bc3RBVE5SbVZsRVNMZjdWeml4X09VYVdhZWk2UDNZRkF6R1dsU3lQanfSAdoBQVVfeXFMTnRkenIyR3B5TmxSWXVIN0I3SG5oOEJrWm9PeURGd1J1V2duQWN3Y2R0OERkWTl0SVRiX3VTN1ljTmJlZ2lSNnhmcWdkZUhIUXJiUnQ5cVNZdE9TdnVVQXBob0Exc05PbzJ6amEtRVdyTDV4NjBTWkZSYnhDaVE2UXM0czI5aFJVaFlBRWtZWWIwdVdNY3dRanpqcmNZLXdIdEdFblZxTnhoWk1Yem1URDhKWnFsV29BcnJGZHZaYlN5YV96NWEySVZrc0dxVHhKOGdsZ3U2elp5VUE?oc=5,nj.com,2026-09-17,negative
NYC Subway,"College friends, both 24, killed after seeming not to realize NYC subway was barreling toward them: reports - The Independent",https://news.google.com/rss/articles/CBMimgFBVV95cUxQdVo1WUxEaFFGVTNEa3ZmTzlqQ2R0ZEhQclNrUG1jWWhWVFdBOGdFTmFWeEtEZjZaVVJnZUttbVBVeFFzWm14TUY0NnVzOE1yY2dQVHg0cmRJb2lGZGRXYmNTTG5weE5qY0c0SzFKNFFtVnM3dDRSajlWLTZ4TDlUdDJmYkZJX2JpcXVhUm0zX295bUhvRWhTT0ln?oc=5,The Independent,2026-09-17,negative
NYC Subway,"Indian-origin man, woman killed by train after sitting on NYC subway tracks - The Times of India",https://news.google.com/rss/articles/CBMi3gFBVV95cUxQNDk3SVNIOWlPRDFsZnBjN0x0UlVMdzExVHVteDI2TEFwQl95YzJsdkFFV2ZqR0FWdFY5RENSdUlnZmg2el8yUU9lR1lldld6N1BubkV5Q0dtZEpRY2E0ZVBKelNBWWNXYUpBZ1Itb25tSTdWV0hPeU4yTldDZzlmVFFZYTMzTXR2YWJ1VHRGNXFXMTV5cW9UaHJDd2lweGpua21weG5UZ05Nc1RHWGRDbXhzczJ5VVRlMkVhNDhCNkFxbUVFNWVPMTJMcXZLTmwyXzE1akJVblpsRnFtNnfSAeMBQVVfeXFMTW9QMXlsTDlkRklpSHdMQi1BMkZia2hpUFRwY1N4RzFNcGVNMVVJRHAxMnZOYVdGVkZCdk9EZkVZdVNOUGlwOGxQUElza1RuQXZQNklWaFBNN0RmZU1JQktvNU1LMlIwdW5qanFudUdGMW9rM000dTB3STVoNnZZNTRFOVBBeURFaFhkckwwNUx0TGpZQk9xdXJMeTBiTU1CcTcwSGhuZV9QOEhpNXR0X0l4V3VzbFNIa0gxVE9PSDdISmFFUWdUb09QSkNDVEQtLU5VT2xWQkRTX0xacW1zblphbDA?oc=5,The Times of India,2026-09-17,negative
NYC Subway,Two Rutgers graduates killed in Manhattan subway accident - New Jersey 101.5,https://news.google.com/rss/articles/CBMiZkFVX3lxTE9qQlAtMXpIRXp5cnotMnFiQ19udENudmFTYkwwenNfdkRKcTZQQ3RwanUwaU4wZGhTODBNdGYxVnJiYXdIMVFSV0I4MzdFMXo3blRLVlhiRmdqcjJFZXR6dm9vcXJUUQ?oc=5,New Jersey 101.5,2026-09-17,negative
NYC Subway,"Indian-origin woman Malaika Chitre, her friend killed in NYC subway crash: ‘Fell’ on tracks, struck by train | Hindustan Times - Hindustan Times",https://news.google.com/rss/articles/CBMikgJBVV95cUxPREJtd2tXX2RWUEdXR1FFZDFmOEQtOHROR0pmLUNIMXBuaVhGNnRuZTZJd0VrSjZmOXJ2aTBGT0EtTnhEby1LRnEyS0Q2RXhNc0Z3NldTbV9EakFHU2Q4MXRaNHRjS3pXbnIwbDBUSWZGUHcxRGhlWVpOcDJidWxiUHNObnlmVFBvejRwQUNGUWRZaGhYV0xabW5ISFJobUU1Z1hPYVVQSldyajR3VHhDM2xsYTk4SmJrVW9vOC0yUHpnQzFuT3dtN2hmSk50bXVuQk5kSjNBLXpXdXdwWUxtbEotdzFvUWs5dmltMzNVZE5IQmRwUThORG5HVV94Zno0c0NyNEJDX0RDb1E1a2p2MXdB0gGXAkFVX3lxTE8wSFZYV3lDZ3Q2bGZjQUxTalQ1cmpsdzBBWUJsNzVzVXg2aWVrbFZIVDR5a0R2VjM3WnNNVENCeXFIZGtYZDFpeUZVSElScTl6aE5iOTJ0QmlETmZacVh4QmtsTjFOSFpkbnI2OTdkVGh1enFIU3kwdDNvVmJQU0RpcXJGaGtBV1hKa1NMakNPd3JISW1uTko2S3ZOdlBfS3VxXzFqMXJ1NkF3dkYwWTdrUEpSV1RUNkd5Vm5PaEV2TkZiVVlZWnQ1SEl3LWNFcTFUZmVfMnhlVGZBTGd2czJpc05vUGNEb2lpZnhfd3dTTi10TW5ZQS1NRElGTFU0dGhWZU4xcWZibkNIOF9FcnMzblhoem5sZw?oc=5,Hindustan Times,2026-09-17,negative
NYC Subway,Two people killed by NYC subway - News.com.au,https://news.google.com/rss/articles/CBMi_wFBVV95cUxPeWVQU1FxTm43TXhHUjMxZG51bUtyWXAyN0UwQnI1aGZicmRmWEdEZVg1TzkxN08ydzl3NWVUQ0ROVkxiVlNvYzFRRzUzTV9BNVVwT2JpRGFCcXBDVjFsRkFsVWJDemhINHZhUV9RSnd1MjZZc3FiWE4tam4tb3hRYXR4MkhwejFxMVBpNlBzWTdHR0NvTU9rS0FPNXJVU28zYkM5SU4zM0I0UWxYRVR4RDlRX0Fic0FNcDdrYUJCcHB3QXNzYjJ2MDNOdU5RTlhaaU51MDg1U0gwSnJVNDM4TEZOZHc4T19TVjlSbGNRY0VURkZ5SExWQ0NaU1pMZWfSAYQCQVVfeXFMTndHdkVRQ083emROb3RGdDR1TzRmWlp0VDdUUUcwSk50b1VtbmZleDUydGh2alpMdkZPTi12RUtaT0k0RGMyTkVZRThRX1plRWlzMm9FTHZSb0RCMnRYOHN1MTlVNnN4UEkyTlBjSEZxS1dLa1prUmY4cC1pTjhqdG9DaFNpRHhwYXpqYXEtN0NQcmxTS3BoNkN4RkZkb1ZqQXA4SENXb1NrS09aem9wbG5udHFiMUs0LUR3WFJZU25UczcxT2tyLThEOVdMaHlseUZJNTZFU1hRbXBIc3hQRm1iTlNlY3ZLU0hqVlQyVk5UQXZ3Z0hNdDFYeEtra1dudURyVVU?oc=5,News.com.au,2026-09-17,negative
NYC Subway,"Indian-origin woman, friend killed by NYC subway train in Manhattan - Firstpost",https://news.google.com/rss/articles/CBMisgFBVV95cUxPVXVVUWRpbU9XV05GZUNPNlk0a3dwOFFJQWwtMXRMRkJaVFd1UnJNV0dEdmNEWjA5V1BLc1VlcTYyVDd4X3lUQWhFWG1BS3lnQkhhOGRWb3lXdlVoazRUbEhFZkp4V3N5eTRVTXA4R2dHbGFrcU42R29BQUd6Y0QycEJ6eGNzNEIweWt2aW1aTVM0M01PWXotLThLX3NwbmtJQTROREVfT1cwajE5QmtqaVl30gG3AUFVX3lxTE4xZ2I4WlQ3Y2w4ZWEyTk43bWp0dlZvWkwzeVF5TWQxalphMnFiQ3ZHZ3NKVWVGSDNvMVRwN2lrd1VTWVNFMlpvODRSdVVXU3R4UW12QnFfbmYyN0hqUlY0bWRnbDR3MjRwNDF2TjFrMXRrLWFDaWl3cFRhZUN0dHdLcUlDUk9mLUtwT04tU1B0MExHMHVsYXVaQlpOZkIyWmROMUl6UHhNVjJueHV5akdKUWVNYW0ydw?oc=5,Firstpost,2026-09-17,negative
NYC Subway,Sayreville War Memorial High School Grad Killed By NYC Subway - patch.com,https://news.google.com/rss/articles/CBMitAFBVV95cUxNREIzamdZYkRpaFFMaW8wUzhQREhyTlJPTWNablIzY0dLcHJmMWl2S3RKTlMxa180WFlqekFSZC1YM0YwUnFjMUpHQV9GX0JPTFEyb19zN0QweXh5LVU4bkl2ZUpCTFRsWlVhTndWRzA5WEw0R2dNYnhPRGp1dDc1Z2NoQzFNTkFFZVhNNnpBQVZXRDBlV3F2R1QtbkpvWTBPWUxpZjh3TjhCdWtseGJqRG5QUkTSAbwBQVVfeXFMTzBDN29id1RZX1IzTFZxRnY2N1JSNEhta1FibzZ4STJQZGtLNThrSnVnVVRqQjRwb09RN3NBNWh0YjdlYk5wZTlhSXoyVXRLQmVRbVh4OFFhSnpkNkJ1ZFpvb2c0QWhxUjFHVm5oR1hjMHRYSF93STkyRHllbVhMUkhhLVVsMks4RGRRdUJkVW1UbU1YYzlrcGRZbV9vVnZhalN0Nmc1eWtDT0xOVVhqZHU3el9EZ1JsbHZQRHM?oc=5,patch.com,2026-09-17,negative
NYC Subway,Doomed pair struck by NYC subway may have been so disoriented they didn’t hear oncoming train: sources - nypost.com,https://news.google.com/rss/articles/CBMi2AFBVV95cUxQUTNQSjVFNmFCeTQxb2F1V0NDVWdfMDFPa0JGRnVKN0gxQ3gtdF9IVlBMOU05cmFoUkZYN3BKM2k0c2doTFdETURPWHo2OTJZWGYxaDV4OVFtdzlEQkNxUnRUd2Y5R3dpSFltY1oyMzJpOXRINTFjblZZVTBncWQxOTRlRXdoNmdkcU5FTi1OMnRKLXlvbTFSa1Z1NVY5OXFURncya1pFZUw3QVd2N1pRTDM4MWRpeGdMUThmSDBySi1tenJpZkZueUZjMEthTnV4dmdtMkRPZ0M?oc=5,nypost.com,2026-09-17,negative
NYC Subway,Man from N.J. and woman fatally struck by train in NYC - nj.com,https://news.google.com/rss/articles/CBMikwFBVV95cUxPYS1mbnA2b0VzYi0ydDdwQWJmOVdIeTFBWmJPNFRGQ2NoMFBaOGpaQ09ScXNMbU16bzBLZF93WlZ5aFcwWXZKQWJVeFRUNkVlbzNWQlFEMUJOQ3U0NHZQc1VpYjJXT0dYWi1aSURVY2MtOGljRWdoeHluYnM4bHlRTDIzUDZHTG5hQlNyQmI2WVpKSVHSAacBQVVfeXFMTk1sV2tQalV1WlJfc2NNRGhLTV82cHk1OHI5MDVFbm5rWWFHMC1xblRYQTZNdjFXcGFBaFdyakV3MElYTFIzbElCcWtkMVk0Y3lmNG9rWEpYN3M4ZXpfVl9ONzZqWXVNYjFfWVpmeURvdHZucVRsaGJZak4yMnRzNnB6eXBSSjY5TGNkbnpnVklZYzA1U2xpcGhXYk90dHd1cUw5cmg4dm8?oc=5,nj.com,2026-09-17,negative
NYC Subway,"Michigan woman accidentally brushes her butt against a girl in the NYC subway, then glances over her phone and reads something infuriating - The Mary Sue",https://news.google.com/rss/articles/CBMi-AFBVV95cUxQdTdNeUY2aE52UXRURmllSnBnNEd2Y1JGSHZZNkZlRHhNZjFjUFRrZDJnUHdRV2EyckZfZW9qaWlIdG9RV1NxbUktRmh2V3VJVXlKc0xrQjFfcUF3ZTNQVzNIclNMQVdtbU1Ed2tsX09XdVlYMDRnYUhpNC1ob2xtNlYzT0dUZVpuYnZqZ1dzS3Y4cjZ4d1l5dFNQcVJXN2FXc181V0RjRUsybGRxejBSX2ozblIzR2VIYWtwUmJKcnFQa0dxczhCSVlualg0N1YxQ0VabFBBbVQ5Wjl0WHYzVGJrWTBTYTdNdkV0NldQY3pkN1NYRkY0eA?oc=5,The Mary Sue,2026-09-17,negative
NYC Subway,MTA updates track-worker safety rules after flagger killed by subway train - New York Daily News,https://news.google.com/rss/articles/CBMiogFBVV95cUxQZEhPV0gzZHJaVWFnZW9yWDFGMXRJU0VpWmNfM2RWQnhBTy04WGVzZEp0eHpycXNCb2RkeHpLSURCdVpndVVRNEpCajMzMTVNRlR0UEt4OV9lRGJIUzZLU3RIWDdsR1V5NFJOUWlTWVl5MVVuX2xwYW8tS3dhekdJYjNKMFFKc0FYcjN5TWhHNi1hSTZpSDVLZFZ5M1J6TzZJRWc?oc=5,New York Daily News,2026-09-17,negative
NYC Subway,Two Rutgers graduates are dead after being hit by a subway train in New York City. - New Jersey 101.5,https://news.google.com/rss/articles/CBMiYEFVX3lxTE5MSnIyMndzU2tPZUQ0cGFwQy14X3RKMk1sVWM3Q3BKS29uVzZRZjVkT3RLVlJvd3AyRF92eHh5MmFLOUdUQUpvdGJQWDFiX3k1RTJNc29GajY2bWdBckpMag?oc=5,New Jersey 101.5,2026-09-17,negative
NYC Subway,NYC subway fatalities: Rutgers grads who died together are identified - SILive.com,https://news.google.com/rss/articles/CBMirAFBVV95cUxQcU1yZy1zaHhKb3RDU1A2TFBaMFQ0T2pvRTUwc0RzeGc5cno2YjlyNEpoWUJrUmxuWnJMUTVPTWFELXdTdHVFbGp3ZFlBT3lxcWVBZkJzbVRMZVR2ZjlRYU9wd0F2QzFLcUZwTzh3ZTQ1b0xnQ3lUdGdCSm1pZE5senB5cVZLYXVIb0tncUhwcFhrMnZBZVNKcl9vOTZmN0RUM1I3bU5CUzVsQ0pQ?oc=5,SILive.com,2026-09-17,negative
NYC Subway,"Indian-origin woman, friend die in New York subway, trying to save each other - The Indian Express",https://news.google.com/rss/articles/CBMiqAFBVV95cUxOSVVndnh1OWxxTVQtd2hDakFkMF9hMnl2Y3Buc19zRTlsUXIycDJBazAwV1gtdUtBaXEzMzFNTU9jMHltVE41SjExNVY5ZkIwLUx5aU1iLWtiS0pqZjkwU2tvNDZpQmV0NzE4LTFaeExGSThYUWlKYzdQbWNjbUZJZWpBeS1IanZiU0VSQnJvX3dCMExLRTlnOW5mY09lTnhUdlhXandWSDTSAa8BQVVfeXFMTXM5OFFNYXFRRWRQOGZsbkxlckZPM3dlN3pGU2lSZ2xtRS1OZEVuREMzN01UOEFrRHJLb3BnUTc5R3dhUzRCMDhVLTJaMC1yUVFmbGwwSkhCSGJfcGZzM3dnWS1xUmt4UnJMOWx6cXAxREpTckxmRjF6V01JSm44V3o4R0FXY0l3WGJoUm9XMGtOZHVpUlFJZElNaDVIek1XcTI2VjE1XzBJTUNwYWtROA?oc=5,The Indian Express,2026-09-17,positive
NYC Subway,Two Young Indian Americans Killed on NYC Subway Tracks; Cause Remains Under Investigation - American Kahani,https://news.google.com/rss/articles/CBMixAFBVV95cUxQQU9fOGxLUVBPNE1zT0ZBQjRMZkc2MFdyb0lSenpoUXZmNW9BZHZQalVyRk9zajNrMnd0LUtKalFSTkFvb2J3cFVoUTJQT2o4RnBnajBHeHJQZkhYbTBLVG1aamNMeHhrNGI5emxLRVZHRkFVLWFxUGRfdF8tSzVjYmZiUWJYQmUyV3dwNEVrbzRTdkJqWHdNYl92Z0hvUnA0WkRHZE5LTHB0UGl2a093ZmJJTEpua2U5Wm9sU3BsWFZMdDAy?oc=5,American Kahani,2026-09-17,negative
NYC Subway,The Last Intact Piece of the Old World Trade Center Is Hidden in the NYC Subway - People.com,https://news.google.com/rss/articles/CBMioAFBVV95cUxOaVhMczMwTTNfdHFJbUh2S3VSMGp1djZta1c3TVg2RFVpUWVtajloaFlfTWhNX2xqMEhzMzZuSFU1VHNVVnJUcjVPUlVvbjFzQ3lzYV9MU0hLUWJFdXpQbnFNTjg2ai04TmFDVDB1cDFCYzJCX2Z0M3pNazR6QmszQklYU0NiS1pyaVRTWEhqMndSSWE1YnBaQ2xzWTNVQ0lx?oc=5,People.com,2026-09-17,neutral
NYC Subway,"NYC subway lines A, B, C, D facing disruptions due to cracks found under track, MTA says - CBS News",https://news.google.com/rss/articles/CBMikAFBVV95cUxNd0xGT2hIY0FjdUxObkU0RFBEdkUtZU0xUGxKV0dtWGpqbGdOdVl6OGxyemFqYlQ2SlM0R2ZRWFIzaVVmTjFtYWdsaFJKQjFDRkVfNGw5VXhPWGUyMEFTS0lpMnVqZ3NqUXhMak5uOEhGOVFlU1l3MHlWeG1LUUNCdmROWnZXWWxfY1ZNWlUzbzE?oc=5,CBS News,2026-09-17,negative
NYC Subway,Police Investigating Whether Couple Killed on NYC Subway Tracks Were Intoxicated at the Time - National Enquirer,https://news.google.com/rss/articles/CBMivwFBVV95cUxNb21VcVhuZnlsRnNCeEExMXVhd1g5R3lRdEJuTTdTT2UwbHo2ekJiZmc3T3N5ZEk5Z2tIaGxoOVg2bW1zYTY1RGpUMlFsa2toY1l4Y1pOQmY0V2J1blVCbndaeUVETUR6SHdQVy1ZdFdNZHZ6aEh3Sm1hdU9wM3YxSG1EbUFxYXpjZHk1bmJaZGNFNHdkSmhZclY5c0J0a25tRVBCRUtQZml2MTZjNkxfNDd3S2R6aW1jM1B5OWhIZw?oc=5,National Enquirer,2026-09-17,negative
NYC Subway,Full subway service restored after cracks found under subway tracks near Central Park - NBC New York,https://news.google.com/rss/articles/CBMihAFBVV95cUxPSk52Zy04dlZOT0V0dFB4ZDZDcWFEdHlEWC1kYUxva1NTY0JkQklycjZVY1hhem1SY1FTVV8wM29YQkRmekhSQV9DUk9oOG5PNEtSN2hoZFFscmdMVE5SOWJ5aFB1a3BCdVBqVzB6cE90S1dUVW5yTnFKX3ROd1NkYklPRDHSAYwBQVVfeXFMTTNHTnlXaV9NdFBCVGVEMUQ0UEJSMldURTJ5Nmp2bXEzNk11VUltbXdSVy0wdDN5UDZKOVhXbkZHQlAzZmUwM3RhSU5fb0JRbDVjQk1MTFc3T3Yya0ViZHo3SlRnNlhmOHV1OFBMNl9XTnpTTmhMVEYyUGFyYkFNalFWUGd0VXJCZ0k1RUo?oc=5,NBC New York,2026-09-17,positive
NYC Subway,Two Youth Killed By NYC Subway Train - Gulte,https://news.google.com/rss/articles/CBMif0FVX3lxTE8wSkwtNVJvQ3ZSdWMxOC01blEzWmM3RUpoS1Z2ZEZWM2dTeEpLV3YyUnNmMGRuWVFHUXdZR1Q2MnpvSHNUOEZJQWI4Nzk1WjdnT3ZRWUJOMkNWby1SbnFxVS1sSHZPWmNoazFTS3l5aXdkV0RFMXZEQjNOb3N0cknSAYQBQVVfeXFMTTMtNEQwdjJCYm1nWVlfRFR6N1BWSm1GSXotRTVKSHdpRWJJT0hxSEpDRmNaMkRjaHlYUDBhOGo3YnkzOUNoakxYcFNFMHdqTy1BaW16dFA3YkFwTHl4VlRnN1BFaG5oTm03U2tfcHdia1dHc1FUOW96NDhNS192VDFmVzVr?oc=5,Gulte,2026-09-17,negative
NYC Subway,"Sayreville Rutgers Graduate, Friend Killed by NYC Subway Train - TAPinto",https://news.google.com/rss/articles/CBMi0wFBVV95cUxNZnlIRDIxalg5RnpNV29ZanpUeEYtMm44dG9fZm1kR0U1OUpDa0h1UVljclUtRm5ZRk9RX2dnUll1a0tiOVR0SDBabTJGOFFLR2lBOVoyaEFIenBFa1cyVEtiNjBHMGxNeFUyZEhINFN4WE1xR19Mbi1vRkI0V1ZoNjRVZkJvV3N0REFSX05UTUlrM3p4MFVhYjB0d0ZyVEdzUDdRRWltUW1telo4X3BVb09RTldXWGFuTTQtVnp6N2tTazQ0RUtfMXJEUW5Kb0E1XzI0?oc=5,TAPinto,2026-09-17,negative
NYC Subway,Who were Navam Kaul and Malaika Chitre? Rutgers friends killed in NYC subway tragedy identified | Hindustan Times - Hindustan Times,https://news.google.com/rss/articles/CBMi-AFBVV95cUxPb2FyMEg0eERhN2gzX2FQWkptc1pwMjBwYWZKSGxjUkpUZ0hUcWh6MU41WWNzTlduS3lLSmRGYk9FZXV1cjNCSU9CNHNyM000T1RyMDQ1RWVvcWM2RncxLXlwSW5QMnlPbHBzM0RZSkxENXQ3Y2d4X1F0Znc3N3J6T01nb0Z3QV9JaEprTDRvZFNWME1kellfckJJdlcwSGtXNllzOU9PaDFnclcyUkJCMVVBaXAyLVFlYjR2aW05QUNHT1pQbHJvMnlyUzFyOGFQYmxaOFAyUGhJRlpzd1dxNVN1UThESTRRaWpFY2lyZkVuRmZNSUJKNNIB_gFBVV95cUxOaHhjZlJkZDcwQW8wMUtpdnhMajlFMlR5RnE2LXNCYy1KS1NrUzBHQkZSY0hIblJNbE53ckJob3F1cTBEdVZUdW9pUTdFUjl1RVF3ZFVHN2JpUEZzQmZ6czN3S2VhLVo3ZDc0aUh5VHZlQlV3akVkRmIyZmpsam04WHZscnpKVHhIN2drdlFOZGwwM1hKblZMYVV3aml5NW5tSFRWeTdnak9NSU9DUlN6MmNFNUJfbmRpLXVpaDNDT09hdm90b3dlaUl6NkMyZUREc2s2SHh4aE5xMWd2aXJBd2IxdHZXTjhfRWl5V1FCTkw1TGp0T1ppWHBEM2hnZw?oc=5,Hindustan Times,2026-09-17,negative
NYC Subway,Longtime friends fatally struck by NYC subway - News.com.au,https://news.google.com/rss/articles/CBMitAFBVV95cUxPRV9PTHlGMDY4RVVLb25jNFFZd25YcmdEb3oyYmtKNFY0dFRQNXFCcWkyTGcwcGE0Nm9aOXhxdXdIQV9OV19OdXdwa21xTVZJNDlhUUw1VzFwdkZIOUlJeU12Y3l1bGpLX0ZNdGc0b3JTWmVqREtuQ0I2c2paOWRrZ0k2bFlJeWZ1bFd6eEhlZnBjMmxZZ3BDR05ZYmd2bEs1akx0d3lKTzQxMDFuMU84YVQ0NTI?oc=5,News.com.au,2026-09-17,negative
NYC Subway,"Man brutally attacked on 2 different NYC subway platforms inside a year, wife says - CBS News",https://news.google.com/rss/articles/CBMingFBVV95cUxOYVEwRnRmSEhkSUt3UVBkR0tmZVdfcXoyV0k4aUZlUGNLMGlNd2RpU0dxc0JNTkRwakY2aWozQVB1Yy1aU2Rfejgzd1JKa0Z2ZzJTV2o4c3cwNlRETnFxLWY3OVVFSnNzdTd1dWJmbFdHNml5Y3liNWNZVm5mYk9VYUlzUnRZSEdmaGw1WWRvTTV1OV9IWmJRR1NGNU9LZw?oc=5,CBS News,2026-09-17,negative
NYC Subway,Brooklyn subway stabbing victim furious to learn judge released attacker without bail - New York Daily News,https://news.google.com/rss/articles/CBMiwwFBVV95cUxQOWNWeGxheXA1R1lwbUdjOVNGei02RGFva0UtY0xHZWVfVU44YnJzWmV6NVVOZmhwTTdTWFE5ekZuYURoODJLSWs3VG55UTJEejA2Um9RNDl2akFOLTlCaVViTnZkSEtYNTYyemEzd1QwTVBKMXhvWF9kSUhkWFJZRGRqMW5YV2tsYzdfWDhzRkNPTUx4QktrSm0tVnlPaWlOakVQUmp0b1g5ZmVYN0VOZmJFLUE2NktETWpya01heGJDX2M?oc=5,New York Daily News,2026-09-17,negative
NYC Subway,"Indian-origin woman, friend sit on NYC subway tracks, die after train hits them - Moneycontrol.com",https://news.google.com/rss/articles/CBMizwFBVV95cUxQM29vcWNSYUVVQzQtaGhWejVRUERPNXJja2hqMV80LUNwT1NoV3BiZ1VMZHdXQUdmeG9SR0hxWWpWY3c0b2JFM1IzVjFsWU9FZUU1RWF1VnFrYmNwcndWRjBFRklPcUlBdW5PbVBOaGtiME8wNjdINy1pS1pjc245b2VfT28wNjljLTcxZ0FGM0s3cVJ0UHctamRMazBNLUJ1OERjTXJWMm1TTzduQkRaQnp4R21iV1d6OFFuTGRPemNFd3N3bWF3ZS01eDhJWXPSAdQBQVVfeXFMTThUSVpyM2d3ZVhQVlpMNXpJZ3NyOGVkMGQ2ek1DRE5USXZvZlpDMXJoRXZ0RVhreFFCXy1EWUxlWnBCLWpacDJuLWxuWEE5TlN2VVhYRGdYSDlhZ0RTZUJmTXAtd2dKanV4Zkh4ZzFzR0k2UElzVUxDVndBMmFSTE1BaWVHNkZHQTJKYlRKVTNrYjZ0Nzg5dzcyUVBfeHR3a1lTU0o5dlJFUVZpZ3dSQXNZalMzYTRWdWFFX09fRHRHQW1IQUNoZkl6QWthejBLWHJLVVc?oc=5,Moneycontrol.com,2026-09-17,negative
NYC Subway,"Indian-origin woman, friend sit on NYC subway track, die after train hits them - India Today",https://news.google.com/rss/articles/CBMitgJBVV95cUxNdnlQd05oVkh5MHB2dy1FUjZYdXhWNl8zSVNrYi0zRk9ra0tmQWFVdktDblpGRmdnTm9vLUZHcEVfdXlWM2JUUlk4R3dBRnRQTmFDbzVzaHNVNndwWVRNMnRabWExdkRER1Foa0VHa0JYOG95T1I5M1dRLUhIcFU2Vm9RVVhuUUJaZ1pMZld2S3JfNS0ybzc4Ri1QS1ZCUU1zejVRQjRBekh4QXRaZ0luNTdLM29taHpQTWRQNDJrX0c0dV9VdURkdlVmZUxJdnUwXzluOFkwTkRpbmtNM3Y5Vi1pNU9zd0FRZ2hJWEtrYXlZZ0FRZ0VIUlppZDNKSF9ZVG9EeDhWME1iZEdIaEFqVzNDMW43elVEclNYYjdPRGdvaDVseUVDNnIzcmZ6dlU2V0NUT0h30gG7AkFVX3lxTE91U2s5ZWd1MXpjSFg2T1Z3dllEeGxxc1RCWkFxTkZHUEExejhoM3FKbzZJbHZfSkZkcDBlclREdXhJNERndktjZ2s0cXBNMWpPTEhNQmR1TVF2OGJRUlZ2Z2QwTmhwS2dpY29xb3ZhY0xOMVNhME5Qb3ptS0tSSXVFb3l6WllIYlUybDlUZV91aERHbVlDZEFyTExCMFRqeDdhVGJIaUFZOHUwZ1RrOEROd1JqeFBIeG5sMzl2M01pamxlX2p0c1JEZnQxTXl4UmVwRHQyS2ZZdjJqSERPRGZ2bDd1SnlVTG03WU9TQTFrcnFLWHdxOGRLcFQ5WGtaYno4dHFrZV9fRFJyNEJBRnRMOUViZW0yWTRwY0s3WlFmSFpPclZ3NWRFUXN6QnZiYTNKTkUtMHZVNDBsMA?oc=5,India Today,2026-09-17,negative
NYC Subway,NYC Subway Horror: Doomed Pair May Have Been 'Too Disoriented' To Hear Oncoming Train - News18,https://news.google.com/rss/articles/CBMiygFBVV95cUxPcVIyUi1ETnlZeXphR3AybmdqdlNxRFNVNTkyamtwLTQ5b29vUGZBMDlvRGttLW84aXBENVB6XzczaGQ4cjV0Z1pzRV9QR045S2hxUFhlTV9ESXdUaDVLeFV6eG9GdHJLeDNTVXN6OTRQYjZHVktHSTJWV3hwLWlrNi1sSXM3ZDN5UzhpZGxBSEI4TVc3MEJ3LWJTQUVDLUl4Vl9QNnVvRXhYTEpEOVRvUUJ3WElCMDdCcTdtZTd0TFNRcHNpMjNIeGdB0gHPAUFVX3lxTE90eFc5aVhORS0xLWVwZEdETXNYM3J3dVR5XzZ2ZGJCUFNrZmcxcDVYSEJWcTRfZUJiV2dha1B1ZzJKWTlyWnZyVVlaZ18xcnNfTEFCQnkwenNiTXdxcHhtaFhRNG83djVJYTBKX1Z2b2pMZElUbXVnZ1NuaHVGSHRtU0JVc2tqLWxFVTJ0QV9SbzZWQ2tleFBqYzNjMWpERlllY3c2RkszcGpaRzZmRXRYbGxKV2VfQXpoaG9yYU1NWVF5UW40SzhwVFBRc3ZiVQ?oc=5,News18,2026-09-17,negative
NYC Subway,11 NYC subway lines face major Labor Day disruptions—here’s your full 3-day weekend transit guide - Secret NYC,https://news.google.com/rss/articles/CBMidEFVX3lxTE8xbUF6ZGE5b1ZxU1ZwNEF3R2RWWFk5S0xMUFQ2Rnd0WE5NQ0ktTTl6dFpPMVJrakYtLUxlOXJzVC1ZUUo1ZnlfeERqNEw4T3dmaXZVX0xYS1RwNEtEOFdZelU2eGlVN0Vac3pQU0tKcDBkMU9S?oc=5,Secret NYC,2026-09-17,neutral
NYC Subway,Second Circuit cautions lawyer against AI use in $82 million NYC subway injury case - Courthouse News,https://news.google.com/rss/articles/CBMiswFBVV95cUxPMEo3X3ZlVG50UU5JMjZjSWJtN1pBZjUxd0ZZZzdPMmJLVTJQb3ItNnFkNDZ2engxUkhpbXBlY3ZNX1FnZG5kQllHODdvRXhPTUgtaEI5TTBnMFNpUE5xdUlSQTJWX3YxNTNkSjVuVmZ1VmdIbW1mZ0h3MzFzdm9XYTQ5UWRXWWNIQl9KVGRDbVNWZVNrVnFURG40eFQ2RE1mLVpnc29IN2JNMmI5T0E4M0llYw?oc=5,Courthouse News,2026-09-17,negative
NYC Subway,See it: NYC subway station turned into Dolly Parton tribute - PIX11,https://news.google.com/rss/articles/CBMimAFBVV95cUxPYkNDTUs2X1pYenVJTGJkYkJYd0hDczZER3ZKYVpIMFNsT2JHZTVJRTVCcFZMNkswUGdOUlBGNHV6MmdKWXpmcDBIeXk0TXdwMHJ0eDBuRE5GMF9wazkydFliUGdVbGk0bi1GSzYwSmZyaTRRUTZuTDBleWgtejh3akZCYjdldTRtWDNENTVhWE5UM0lCazh0a9IBngFBVV95cUxOaVlhRnFWT1dtSW1tRmlpZzZUYUhqY29rUFg5RTd3MlJHV0Q4VWxIcUktNzNoV0gyaUNUTHpPeld6QS1NaTJsT28zcnRYdUN3UmFibjFnZTJLTzVCY2NXLWFaUjZvUE1wTlpuZlI4cWpuUkcyWkNSSElrUXVFNnR0MkhlWnRjTEhFcXFmR1VjTHlVXzZaQXhYVEI0NnJadw?oc=5,PIX11,2026-09-17,neutral
NYC Subway,The surprising geological wonders hidden in the NYC subway - National Geographic,https://news.google.com/rss/articles/CBMigwFBVV95cUxPd2o2emRxZ3A5QVVDNWJYZjQybEluQ0dZNHFZUFJOU0JFY2ZtakhrWEYtbnl2WnduNVdFU2w5TURTdGdwUVE2STc4MlNoZmJ0WndFUkxfWjRLS2Y1VUsxRmFVeEFNbTNvS093dUxGU2ZUaXd2NWk0TFVLbWp1RVFuVUpkRQ?oc=5,National Geographic,2026-09-17,positive
NYC Subway,Everything in this NYC subway newsstand is free - NBC News,https://news.google.com/rss/articles/CBMingFBVV95cUxNRm5fb1Y5Qm1pM2xVYTFxMVgwRVBmU3IwZTJkNi1mVVdjbkRmSWpKbmk3TmMxcjdVRzZ5RnhiR2J2QXpfRjFycnZ0bEJ0TFRKZ2VUR2Zsemxmam84UXE5Rld4N0tQR3pFLUNuZjQyRjlsV1NSVExyN3lHM0I2LU5kbUh2dnNJc3pLWW1oS05vVHkzWnp2YmctV21jR0tidw?oc=5,NBC News,2026-09-17,positive
NYC Subway,‘The world is going crazy': Subway riders reel after woman is randomly pushed on tracks - NBC New York,https://news.google.com/rss/articles/CBMilgFBVV95cUxPMHBNUFp0ZnBBdWc3dGxCVm1uM2kyUmwwYnB2V3ozckhxOFRTeFBWck5IT3lvWVdsb2NfM3JxRUM4SW9xY0J6Ui1kU0Rhc3ZvN1E5bVVZUk9BWHJteGt4cnNQdmNQb0E3VEVPQXpud0NTT1J1SkNqb3VIZXhadG8wLWM0TGtnSTI1S25iWUp2NEdmT1ZSRkHSAZ4BQVVfeXFMTXhBUVVXblFrcHRvdE92TXFQaGpNa3BDcDBIYnVNYk1mVzVnd05TemtVWkxacUNreUIwVXdLaDFHSjJTeHQtVVBVVzhuTzh2cWhIVFM1MGtudlVwS1lDQlJpN2ZtbEYzSHlYRlBlV19aX2NaUjIza1pkaGd4Smh4Q1FFMDRVeVBGQTY5NjEtNms5YWhrYWU4VF90cmNjYkE?oc=5,NBC New York,2026-09-17,negative
NYC Subway,"NYC subway fares, tolls could go up again in 2027 under MTA's new preliminary financial plan - CBS News",https://news.google.com/rss/articles/CBMid0FVX3lxTE5FbXJ2OWJyWTA3QVlKNzhYTnRYTkFheTg4V1ZhQ2lHNG5ocWItbmpLc3Y3a05COUhZVUFlN0syOUQ1dXJqSGxOM0ZOa3V0ZGlFQ0pFWVA5TzZwYnBteXdreGhabHJwVWEwQjdUMnRCSjY3cXBvbDRF?oc=5,CBS News,2026-09-17,neutral
NYC Subway,"Subway work train fire injures 14, snarls morning commute - Spectrum News NY1",https://news.google.com/rss/articles/CBMipgFBVV95cUxQcVhZT2dfaHpTd3NqZ3NTRFNhT3RmWFp3a2hJdVA5RnlHMU9PSWZuWm50NUt5bzM4S200WWFfSEhXbUNSZXcwMnJOaDRmay1UNVZrbTlVSk1uOTJ2dnhrQW94b3FCUkdna2taWDZRNU1GdXY4d0FpMEpUSGU5QmV2UlpuM2dtUXFCV2c4N1FoM01VczFNd2pzTEZIWlI5amFvMkFwcUV3?oc=5,Spectrum News NY1,2026-09-17,negative
NYC Subway,MTA unveils new plan to cool down NYC subway stations. Will it work — and how? - NBC New York,https://news.google.com/rss/articles/CBMisAFBVV95cUxOM2FxSGV2ckNYTDUwT1VSWkVoSmVSX0cxQzhkdGlzbDF0WFhOeloxc0UyRFVqeWkyS05ESkp0SXdWWEJNZzRyS2tWUDZsY1AxV3pka3FsQjM4M040eDIwWUV0TU5jZ290Tkk2ZW85VXBQdXdhS1JIVkpSUmVGWHZnZlNOUG5wOTgtZGZNZ3NXYWlod0pfNFMzTFRQUmZWTm0wbF9FOEhqN21IRXdMZjRFWNIBuAFBVV95cUxNQVdKUkFBRUNpOWYxVjFua3kzVTBOdWRxM0RqYWJzbUZDWThlZ2lVbUVNQWhZdFdtcWhHMkRWVXJyakJMTmFQNm4tdUlEWjVFbDlUdzlSUFhwem1nWXh4UHoxQ1NYeU1idDY3c2xfZHZjbVB2MGlJTWstUkJWZEhDSjQwUzB5WmE4bVhWaFFIenlDMkpLa0JvMjlweXZMRC1ZZi15VkNSdVR5MVZHRVBBOFNyRXRFcVVa?oc=5,NBC New York,2026-09-17,positive
NYC Subway,"NYC subway fire on train at Astor Place station injures 8 MTA workers, 6 firefighters; delays commute - ABC7 New York",https://news.google.com/rss/articles/CBMisAFBVV95cUxNVUlmdTgwM1F0OEtfelRwbVc5MXRHQVR2S1AyZVJUTnM2Zk1pbG9uUHpzQzhJeGREcmVIcjRibW1oQjFPWmJPMkJJRmN1TktLdHg2Z3NlT0lxU0JlV2h4b1dmaUJoU1NJMjhzc1Q0NEdPc0laRURhbVY0RzBxVnlOcmJKejB6bmZqMlR4QTdHVWJ0WHNKeFNvZW9yNFhjT0JKRkNUdmFWYkhRQTM0N0tmaNIBtgFBVV95cUxPeVFMbG5FNWt0RWRiRktIWTVPSzJjbFpYc3M0NGlvQk1ReUh5ejVoTFpKZVNkSzl5dDlNazJrSnBlcXgwOG9yY0l0dWF4U2FUWkFFcnNYS0VhRUtZOXJwaTUxdGE4WkE3NXBQMGtWMTYzamZaa0E0bjFmVWctSlBlbjRiY3lTMGJwUVpnaERhcGlHVnhRdEF0MG5lZHd6X0NEeFRBWkpjM1JpbzdIYllFWTBoYWw5dw?oc=5,ABC7 New York,2026-09-17,negative
OMNY,"Students say they're still waiting for city, MTA to improve OMNY card - Spectrum News NY1",https://news.google.com/rss/articles/CBMiugFBVV95cUxQUHFfX1BrRjNjZndZTHVSb21uVTVqRnU5TlYweGtKeGxlNDVxRHVRNmJkTm5NWWYzTXpWOWFsR3NvVTRIamEzcXFlNzdBLXUyOFgzd0V2dFRBWXRFdURpVXVTaE9NVjFla2Y4QTVHd2p6M1l3NTFjckhFcXJsMlJDckZhOEdDSTdGYnNOTlBTbHZXR25EcDF2bEd0UzlpSjFwOEFpalZEakxZcmZhMHlZYWVnRTFWNk1NNHc?oc=5,Spectrum News NY1,2026-09-17,positive
OMNY,NYC student OMNY cards are supposed to last all year. So why did they stop working this month? - Chalkbeat,https://news.google.com/rss/articles/CBMiogFBVV95cUxOLUd2Sy1ZbnozX1N4Y3FGc180N2xLUUs3aS15eDQ2ZlN1aTVhY0cwVkgtMk1ETFRqWTlJS3VwMDA2MExaWmREblNqdkxEMnZzY3VGNXNhLWhVQ1hiampiOGtlcVpIdkJwa0NDZ0k0ODRZcGpGdTJBWlFpYU42d1d6M285R3hYOTNqd1BQRjNKODVPWWVFYTlXdXpLYTNnUUJma0E?oc=5,Chalkbeat,2026-09-17,negative
OMNY,Westchester County Expands Student Omny Program To Better Support Students and Families - westchestergov.com,https://news.google.com/rss/articles/CBMi2gFBVV95cUxNS01jaHFXQjMxRTdPdnZsODJOLUpDNWJSMHFZUFFZOXNqWk42Vnp5RHpHMnBBWUhwUHpBdTVMUUxvakhseTFfUDJ6XzVVdTR4Vm1tR3oxVFFna1hneUpRRmZBQ2VHRGNhSDBJRXluNVUwQ3VjV0xld3FQVnNKaC1DV0xSeG1TWE1YN0x5RG5BZUhuMjJVWmN2RklVZThxMFVISkVsV0d6M21SMDNrQ1AyVVZrNzA2T2o4dU9aQWJaWVo0ZXhWdUlCcF9ISjBVNngwYnZkWFcyRE9qQQ?oc=5,westchestergov.com,2026-09-17,positive
OMNY,NYC students get changes to OMNY cards from MTA - PIX11,https://news.google.com/rss/articles/CBMiigFBVV95cUxNRTZSSzg3R1RQSFVJUjU1T2JGcUVZMmp4dDl2U3RhYzlzSTdYRmpZRXNyeTA5LVQ2UGp3TFV1V1luRXVQMUoyX044aFFLbi1tdzRqVDJGakpaZjY2VmVLczVtMzlOa3VDY21NY2ppSjBGRGRMWUdUejVmTlVFLW51cjdTSDdmenlIOEHSAY8BQVVfeXFMUGFhQ3lxUVByODlIV0IxM08wZEs0WUM0bnNFc0ZVd01Ja203Qm9aS0Y4eEwydVBPYUFqUWhnVG1YUmx2NzlvRy1USVdhRzExXzB1QzR2YnJvc1VOcUdkaFYzdmhkaExBMFo1eWZxbnJDRUphRlRwM280ZVdNcXUwMEgyWVhFZjNFY0NpMGZXd2M?oc=5,PIX11,2026-09-17,neutral
OMNY,"Physical OMNY cards can now be refilled after temporary snag, MTA says - Gothamist",https://news.google.com/rss/articles/CBMipwFBVV95cUxNYnNTS0tldXZtQzkwZGU3T1I1N044OEJZQjg4akQza1QxZ2RQNHFWeW95bk1tdEgtb3NseXpWNjVHMFhYcEM1czc3Y1pIWlhDNEpKdC1JUWlIMjU1dFJTUnNibk5pLXcxa3V4U2R1aW80VmJ0WjVSQ0JSNVBqYTd3LTIySkF4RU1ZRko3MzhWcTljQXhoQno3Nk9JRGozWncySzZtelpiVQ?oc=5,Gothamist,2026-09-17,neutral
OMNY,"NYC students call on MTA to upgrade OMNY cards, claim they are too fragile - ABC7 New York",https://news.google.com/rss/articles/CBMilwFBVV95cUxNbU02Z3VyTUxZSE9RMTNiUTNQVWNUSk0xLXBuaktoQU94ZUpCR2ZEa0F5UjJOV3NZakY4aTZMcVJXQWVkVkFJVTlVS00tWXVBNlFtbWpwdF9HVmdOZTZUSVJIUXAzdkhTTkF6NHVzM3RIcFlZMU5LWS1SZHRad2FnM3lRSDJXYmMwM0VwdWltQndHNjlqMnZZ0gGcAUFVX3lxTFBXR3lJSWdFNVNPQTJNRjJrcXpZdWJqOEJXSHFLeWlsNDN0dkNrQW03alNkeFRseTJRTE05VVZncEdoakc3UjJxcDJxSUVJc195LVJqbHV1Zk51U0F5ZEJHVjFuNGIzbl9TRmNEUXlBYTFBbzdGMmpCQm1pb0RZR2dEUEs4YTI1cDBRSzBLRE4yaFVvYjdCeU1GQVVhQw?oc=5,ABC7 New York,2026-09-17,neutral
OMNY,"For Some Older NYC Bus Riders, Change Comes Easy. Just Not OMNY. - The City Reporter",https://news.google.com/rss/articles/CBMijwFBVV95cUxNS1NudVYtWXNoWmdwcmJkRjkzS0NsUEtPQ256WVpKZlpVdGJxTGlobmxJT3JGMk90OTdyWU8xQ3BvTkRXa1k5bnowb1hwMUZSdGs4QXcxejZGRl9rMnFkN2p3SjJTMzFKaHFHQkF6NFpPOWhidVFPTkM3R3ZBMkw4ampDMDFJY3Y1QlpRYmdyMA?oc=5,The City Reporter,2026-09-17,positive
OMNY,Students say their flimsy OMNY cards are jamming up their school commute - amNewYork,https://news.google.com/rss/articles/CBMickFVX3lxTFBxdWdLQnZfcEl5ZFpRRTVwMFczTlNOMzY4amdOTVIyakxRNnJsc1dVNGk2Q2RFTzc1VTRwcVNLdmNQVmJFM1FFUXk3OUpLRkVrVWFBdzBTS3pqV0g1UjZpMG1vOG1wMHZCMzJKTnZzYkJMQQ?oc=5,amNewYork,2026-09-17,neutral
OMNY,Westchester Expands Student Omny Program - Hudson Valley Press,https://news.google.com/rss/articles/CBMiigFBVV95cUxOZnV5dWhQRWVwa194WTdnVWxxUWh1S0dQT1RMYl9NY3pOT3BSaHRqbkpUR3NFVGZjWDlGUVhLdHM1VHJZdmhKYVVETDk3SWQxVVdvNUZRSG9OSHRoemlxNmN1bkZhY182ejNHT2pDMktDY3VIN2o4eWNTbjd6MmMtaGZaX0FqM0JLYUE?oc=5,Hudson Valley Press,2026-09-17,neutral
OMNY,Inovalon and OMNY Health Partner to Launch Linked Real-World Dataset to Accelerate Research and Improve Patient Outcomes - Business Wire,https://news.google.com/rss/articles/CBMiiAJBVV95cUxQcy1KUzdTVzdaZ1JBQ2JGa0RJTERYMjJIYl9CdnNBcGl4ZWVoUmRnVjlxcGhPUVJQQlpkT09DUGVfOXE3QVNlQWNuRzJzYTc1bWRPQ0oySDdiS085dHpuaFcyWFgtYnBQd0dZOUx3azNyX3J6RmlObjdnZ0pNeklHMEhGa00wM2F1TjhFdk1neWc3VGFwTU50QjJ1ZldRSmpQdm1yakhacThNYTR5dUhVdkx3U0NoUTJVQVVHY0d0MGhkVWZaZXVxcENpcGgtNVRiZDU5SDhxYzlVMXU2X2RMWWJWQ0h6VlZockdYN2IxQkRvVEo1Y1VZWDFDa2dCYjZ6cklWU2oxNks?oc=5,Business Wire,2026-09-17,positive
OMNY,"Exclusive | NYC subway riders push AG Letitia James to probe OMNY cards after claims of extra charges, phantom fines - nypost.com",https://news.google.com/rss/articles/CBMixAFBVV95cUxQdVFhc3dCcVYtNnJaU0dhQnZHODVkYkRFbjhGNkdTdlpHT2RsbjZfSFExVldiMjR4SDZ0R2dnbGZTR1RfZDNKX2JnSGFUNEtBYXFrTWY3TWVKX2tmWmJFNWQySUh4RWZuQ3pqTHh4YjkxRnNzWHl5bDFReUd5ZWtHWWdEdTkzWVBpWGQ1M1BHUzBSZDRSQV9nWFNPalRKQlNmTnNBRDd5YWdJeWNzbE9vdFlHbld6b2xnekhtaFZNRG1OMUlM?oc=5,nypost.com,2026-09-17,negative
OMNY,NYC Student OMNY Cards Go Digital - patch.com,https://news.google.com/rss/articles/CBMif0FVX3lxTE9CYlZ2Q2dPUF8tb2NvSDJmc1NkcmdKNjBnOHZFNlNXRVhfLXJRTnpieDl4eF9rLVJUdy1rOVg3clBqLUNBQTVZNU1idHpPdlBuVUxraVI5VDY0VGRDNUM5VmVDVHdBd01ld3hUampnb3ZXVm5nQUxkYkVHbUJVd00?oc=5,patch.com,2026-09-17,neutral
OMNY,"Some NYC students say their OMNY cards expired early, according to recent report - SILive.com",https://news.google.com/rss/articles/CBMiwwFBVV95cUxPLXIxckRWYWhyS1A1dXhPYlhfSlFGY3FVekpoa1FrdzZ4MzJselREX0FZNm1wTmliSVZ6amgySFlNejNKUV9CMFJSMU9MUXZiWEludjBXZ3dQOFRVX1N1b0dIM2hWTWs3WHlSNnoxWW5obGpxdUktOUFlZFRwM2lyanhWM3lHTzE2RW5kS0t6X1dqZm4tUmtjcVhJd242dE1ZRjl5WThuOFpla3RDN242TUxvMk4xSnBSbGZqVEMyUUNscW8?oc=5,SILive.com,2026-09-17,neutral
OMNY,OMNY Card hit with technical issues again - PIX11,https://news.google.com/rss/articles/CBMigwFBVV95cUxQc2UxZm5mRmxOMTFMV05EVUtKNVR0OE03T0dRQlQwOXNwRlg5S1VYcTVTaEJqbTgyZDBIUW9hNVc2UHR1VFJZYVVBNld5OEdCMUZRUFdJaENHOGdoV1pjU2JOUjZTZHFwVWtaNGRPU3AyUXRZSm9NUHlRNXZtSllnSE9xb9IBiAFBVV95cUxPV2s2VnlvdnpUb2pmYndLRk5SQ1l6b3NIU0huLVBGdDFBZUk1M1BsSm54dzJienJseXlyUkY5QlRvNEpjazJDUzNuVi1oZnBlUlBDTlA3a2pDdWJ6OXd6cm4tT0hIOEo1djhnclRNbndib1pYT3ZISXdhanhrZkI0alJsT3EwaThk?oc=5,PIX11,2026-09-17,neutral
OMNY,"OMNY complaints mount as some riders fail to get fare cap, transfers - Spectrum News NY1",https://news.google.com/rss/articles/CBMiuAFBVV95cUxQS0ZwN3FLQjBRYTJUbnU0WmFBbEFEYzh2bmk0bUJmN1RyN3VNRGJVRGd2WnZfbjh0dWdQcURyWHpwbENVR3hvcERzQXN1Wl9BU1BmUVg0SFlUQkFDbm5Zb0NNQzJVMi15dWJ5Z1ZZN3RXNFNPYmxveC1jcHViclJWS1I2cVNWdm5ZcEY2Sld2b1FoREJiRE53QzBnUU9JODZMSUZQNlFLeGVGSnVjb0FqWFlYZUFNckI0?oc=5,Spectrum News NY1,2026-09-17,negative
OMNY,Digital OMNY Cards Are on the Way for Some NYC Students - The City Reporter,https://news.google.com/rss/articles/CBMikAFBVV95cUxQc0V6blZQQ1hSbFZqRTNoRlJ1aTJ3VTJRSVRuOWtWeVBJb3J2T0tHbGZSSDJNSnZBeEdEQjlkRjkzMW52YS1nTW5EaElFX2k4QkQ5ZEUxdmlwdVpxODFSb0pBQXBDTDVfZ3JuejVqbFVFZWt2S0c5WmpTZ2xIV3VQYUNLNXl6VmpnaHNZTmhsbFg?oc=5,The City Reporter,2026-09-17,neutral
OMNY,"EXCLUSIVE: City Council funds free OMNY cards for over 1,000 CUNY students in city budget deal - amNewYork",https://news.google.com/rss/articles/CBMiekFVX3lxTFBYakVQT0x3Tk5ycDVTV2htbnM5SjFJTHdsa0VTMTlyU05BbWRLVmpRSTNRSi1YM3NvMWdLNXlCUHpRZHdtVEI3ZUNlYzJOeUhpNlRkdHVhRkFGU3ZSdjQ2RVV1d0lfYkxfZ3hHbzBpN1dvVWdXdk96NGNR?oc=5,amNewYork,2026-09-17,positive
OMNY,"Student says despite free OMNY, high school commute costs thousands - Spectrum News NY1",https://news.google.com/rss/articles/CBMitwFBVV95cUxNRFpJVjRmQVRHMUFBbnlVVVlhSFIzQVZSUEx0aFR5WmttbFRoNkQ4c1lDSTM2ZGxxemQta0RvSFpJU3hPUU9hLU4yR29TSExqRUJDMVpLc2ZjdUo5SlZiTldVY2JtRGZDVW1KSDItLXdUQjYtU1EzQnkwanJwZnNWUGNYcXIzTXJVeTdMVEp2U1lJN2JWX1N0b1IxeXZ1X0txa1lzcXR4Q2tkOU9PRHJSTGh3NmljMDg?oc=5,Spectrum News NY1,2026-09-17,negative
OMNY,Some riders take concerns to MTA about OMNY fare payment as upgrades are planned - PIX11,https://news.google.com/rss/articles/CBMia0FVX3lxTE1FQzlpRm9HeTN2X0ZDNkNuZmxtSlVOQmJ2aUNGSkFOSU9XNWQ5YklJak5QRUxQbktSV0RvYTkyeHp0ZzlXb0ZKS2JBRTJqSDdzXzBtb0RyNldXQVllY0Z5anFjYWVLMTBiY1o00gFwQVVfeXFMTmFkVS1BN0N0aS1aM3MzOExfSmFqVHhLYmVscHNYRmp3SURBTE9OTzdvbmlfTmtUb1BmcHpDVm1rOWp0RnQ4QlR3ZHloX2lnUW4xdWdkWVBqcGg5ZkZYejhIVzlKOE5PRG5PYUhLZV9lZw?oc=5,PIX11,2026-09-17,neutral
OMNY,"On the Day Before School, Transportation Alternatives’ Youth Activist Committee Hosts Funeral for Old Student OMNY Cards — Transportation Alternatives - Transportation Alternatives",https://news.google.com/rss/articles/CBMi6gFBVV95cUxNUTlMR0NqX1JTOEJ3cmlkUnZSdVVyRVpTektmQk5ibll4N2RObUZ5VHYzbHExMlBCdFJUY0txOE9zeHlYb1RNdW4yNERjaW1nZU1BV2hRTHhhOUl1M1VqZjFieEpoWUJxcVFOd2RTLWJHYjVTdHhIYXFZQVdzNllCWVUzM1pUVlFPSlZ6dUpXUllKOEt2X29MWWE3TjRyeFJDaXZVbWNBa2xtVHVtSWREQ0djM3pwSkZRenNrMTNQUURFVzRlWlgyaXJFUU1UNnJLb1FCUko1N2lORlQ3eTRJVWVMSDBkQlZjSUE?oc=5,Transportation Alternatives,2026-09-17,negative
OMNY,MTA boss says agency ‘developing capacity’ for OMNY to show balances and transfers to riders - amNewYork,https://news.google.com/rss/articles/CBMid0FVX3lxTE40T09RMndjUDFoVHFmVC1VX2ozRjVKd29BamU1aXpTWGRIY1d1ZURrZFJ1LTVUQ2UwWGtFemt1UFFlYkM1R0w3UThlWElrekk4NFpieE5PdkNQU0F3UHk1d0U1STF2WmV0cGF5cUY4WnQxYWp2bFI0?oc=5,amNewYork,2026-09-17,neutral
OMNY,"OMNY processing issue resolved, says MTA - PIX11",https://news.google.com/rss/articles/CBMif0FVX3lxTE82Y1Y0VjBjYkNZT3VaTEt5ZTNDdHVtZ2otN0ZlVTVQNzYxXzNtLTlMcDBDRURzakpPdUQzd0NRclZMRzh3eVJvM1dVbjNNVlFYZ3dMUG55ZnV0TzlMYm1KOHhOcThKeTZIeENkZDh4OU1SREZjbXp6NC1DLThtc1XSAYQBQVVfeXFMTk9yTWZEalE1c1RFUDF2dmVpTkZSbUFTUmtSNDlUME1XTHNSODA0XzFRanVnRWQ0T0gyLVJxZVBLMFh5enpvMkkzVjUyQmhiWVFkTVdUaWVqVzdueDY0QWphWnFXSm9Lc2U3dDJETTVUajI2bEdmMFoxeVR3X0R3ZGhpb2c2?oc=5,PIX11,2026-09-17,neutral
OMNY,Free OMNY cards coming for some CUNY students in new pilot program - PIX11,https://news.google.com/rss/articles/CBMiowFBVV95cUxOSm9hblRVN3h0QURZNlcwQ1RnM3pvc256a2xLelZtdFYzWlRobmlZNGI4bDBNVG5Cdzc3b0NpOGoyMHBzLU5PbF8wQ0ZyRjgwbjhhdGNHckgzLWpKNTVkc2MwMl9RT05CMTEzbXdnREJ1QV9mWWFCVS04SXpGQ2ZCR21rWkdBbUcxYTR2MElxcUtJYzJJcnk3aGF1V2w1bUVWTTBF0gGoAUFVX3lxTE1kOFVybmJpd1B4bUJEVGt1Mm51UGwxLXFSUVZMMzQ2UE4ya08zUW1Ha3dHeXdDRnBqelN2bEVSQkZYcFNXTVBFblVDbkdTVGpmNFBvNUx6a1JzU2swT3ZHeFVfZ0tuaS1CZzlBQVlYeXVteEV4QzgwXzZ5OExlcHl0QUpNOGl3UUVUTWw0eUFQeGhieEN2QzFHdloydjQ3dFFsTXVXUHlNWg?oc=5,PIX11,2026-09-17,positive
OMNY,Westchester County To Expand Student Omny Program - News 12 - Hudson Valley,https://news.google.com/rss/articles/CBMiiAFBVV95cUxOTDM2WkxNQU9NeV9nVjBjVnFXeDZZUFdDTUxEZjJxVEVISnVyaVZ1X1B0SXlHR3NaRTVOY2RpSXRNTU52Tmt5UE95a0xna1V5WjlocnJTaXBRZHl2ZXVxMXFNdDMxbU9TanlpZVEtVHQxdF9PNm42QkxWS0NfTTdKSU1NM25NMGFm?oc=5,News 12 - Hudson Valley,2026-09-17,positive
OMNY,Expand Student OMNY - Transportation Alternatives,https://news.google.com/rss/articles/CBMia0FVX3lxTE9vWk9WRjlRb28tclFKd0JNaWhBUzhmZ3c0dzY2MW5pNGNBQ0pWdUtKVldjSHNwaHcyRlo1ZkU2NldlQ2l6enAySVBYU0RhQlRnMEgwVXlFcEpkX3hIY2Izd2dtaS1BZFZFZHN3?oc=5,Transportation Alternatives,2026-09-17,positive
OMNY,Riders will see more handheld payment validators on city buses - Spectrum News NY1,https://news.google.com/rss/articles/CBMi4AFBVV95cUxQX2NWS0xhUW9vNUE5U0JzbVZZVnJHVVNybFBHdDgtQlFuQ2VtYmlPN2kzMUVaZ2hucWtrUDRLbjBzYU81dEJuaVJxeS00aVJscDl5NmdlSWl2RjI5TEl5WERlLVktanlDSlh6Nkh2X2VxaGxOVnhoMHpLeEhOamxtbHJROUZKaE5jbEVoRHVlTW84c0FTaEljVlNxc05yVGw0WTZweWcxS0E5RlNnNXNtaVE2Y191SWhHbUttN0FaT1VLSS1MV3NwbXlRRnNGSEVFNnE1ZGtMczM4LUZqTWdOMg?oc=5,Spectrum News NY1,2026-09-17,neutral
OMNY,The MTA still accepts MetroCards in the OMNY era — but does anyone still swipe? Here are a few who do. - amNewYork,https://news.google.com/rss/articles/CBMic0FVX3lxTFB3R1M1MFY4Zkg4ZmMzQjdDRkR1WmdqM21TUkc1ZTg2T3lNaUQ1bEljdkdTMFh0Vi1GX29Nd1NCM09ERlVpRm5reUNGTXR4Um1LdUVudm00b1Y0WVBCZlBaWTExcnl0VzFLNDh4YkE2V2g4Zm8?oc=5,amNewYork,2026-09-17,neutral
OMNY,"Students, pols call for OMNY card changes - Queens Chronicle",https://news.google.com/rss/articles/CBMizgFBVV95cUxPQzRiaDRhRUw3Sl8xLWlXT0VTVjVtNWhoWVVRTmxHXzk1RGJabGsxQk5rdmJkTEo1NkMwOXJHRHJBelBpd1dWeTlsUldPaTRDN0VsUmIyaGxmbjA3RmdVQnVQZnZWelBBd2lKOVNJT3ZzVjd2ajZUUUxwMk5DSEpTMXBTVUJaZ2lGaVhPbEdiQUtSOXJKeUE2RWxaU3ZSSHNjcy1rTjgtRGpDSm5WUnUyQkRzbTd6dnhVeXdKMTZBWGlsdlZPNkxHUzd2T2ZEZw?oc=5,Queens Chronicle,2026-09-17,neutral
OMNY,MTA contracted subway guard accused of pocketing cash for OMNY taps in Brooklyn - ABC7 New York,https://news.google.com/rss/articles/CBMipgFBVV95cUxNdDBRM21QSTQwN0ZnQUd3RVdiZW05SFNqUnBad0hLaWJqT3JpdU1HaF9oS3FCb2lBUEJ4TDNMWEozQ2x2bkF4dzBsbFFUNGU5cVNPeW1RcHVWdGxNLXgxckUweFI4a1BKMVJPU3B1WEIwaVhWOEpwMTN4bFRGNFAwUkVtNndPU1VNZnNJTG05blp5TDN0dkN0MmJTSGJTd1VJVDlPWWNB0gGrAUFVX3lxTE41TlhsQUlNRFo3WlNRanhtTk1Nd1lqd0dfM3JUb2tOR2g5bEpCWDE3ODhLcEttVXltODRFQkt0LS1temdqUEtTT1ctZ09OOXVXRjVWZk9sbkxHaU1pQVNGcmtPOGt1dkc0RHprdmJDdlRCUHp4V1pPaUd2NUEtWkxta2FYTzBUZkJLSTVjNnJMbklhMm9aQ2pHY2tYNUJJbFktaUxkWGt5NkE2RQ?oc=5,ABC7 New York,2026-09-17,negative
OMNY,Manhattan man encounters issues with the OMNY senior discount - NBC New York,https://news.google.com/rss/articles/CBMivwFBVV95cUxQOE54cGE2cmlLZ1Y3YVE0elBuY282Ym4wczFUNHpFNlRhNGxiUzQtOHU5YWxURVI0U0xyekZISlhtTDExQ1IzSjB6Q1V5bV9TSmZEQUt1a05YcDA1RlVoalBNbFNXTWxiYWdjcEsyUGI1ZktidVBQRzN6Y0tuem43SnBVMllJXy1MNFFqaXF3RzZrYWV0OU93SG04Zk45M2xMNm43NEI3VmQ0cVpLQTVwb2h5T2h6T3dLa3FwYThFONIBxwFBVV95cUxQcm9wUllqNXVMZzg5clpab2NKTlJNWnlMd2JwYklKZWRjU2pDOVBLWWVsdGwwOTFtMDV5TFJqczc3bDU4VHpzbXY3T1pSenpfcm9Za3lYRWRtdWIxTGtPUUIwOFFNNVFXandnbHI4bnVjVl9WcUQwQ3ZQS2hXcml1cjRBMVhQNEp1ampYRGhGYTFJWkwzcTFQTmQ2cmJlTlE4eTQ2UXdnRFJ5a1N3a1F3SGMzSGtwTjdXYWxwU3F5MDJNX2REWnhv?oc=5,NBC New York,2026-09-17,neutral
OMNY,Some NYC students will get digital OMNY cards - CBS News,https://news.google.com/rss/articles/CBMijAFBVV95cUxPZTlIMFp2dnAyRjZncGVoRER5UlVJWGpsSGxRR0RKazFqTHVxMVFIeXNhNndWSHhNbi01UTFjS2N3YlY4b01qbldTQjc2Vnl3ZXZlSnpJZFVyTmVZUzZZN0VNRGVyWGxXeXZjaHJUNTFhYW5mbnJ0VDhKVTdqeE5aSTBUV1ZmN2pQLTRQUA?oc=5,CBS News,2026-09-17,neutral
OMNY,Bee-Line bus systen's student OMNY program expanding in Westchester County - CBS News,https://news.google.com/rss/articles/CBMisgFBVV95cUxPeTJDSjZycEtBVWF2a1lMQjB1bVdONGE5VmRTa05QdFBuV2x5cTlXMllKSE5xc2dDS1YwTHFmdnM0ajhaX05hbksxRERiVG1GYzdKMDhiRWFJdzA5OUE5cmplZWFBdU1DZ2dYTUR4SWQtYUx2MEZ4MjFhYURSUlh5REZxV2xvLUJDZHhhdGk4bzlfZnNya2I5Y0ZQZjZyNHlwLVFUVm01ZzlTcDBiQzFvT3JR?oc=5,CBS News,2026-09-17,neutral
OMNY,Westchester Prepares for OMNY Rollout with Full Bee-Line Installation - westchestergov.com,https://news.google.com/rss/articles/CBMigAJBVV95cUxOa3lVQzJueVBFdFc3ampVVFFScjJGMU5mTHRSNzFCWGpCNndyR19wd3BtMmRSX3lWQmZnQi1KTXQ0Zy1sNGRnZnNIYmV1MDlXb2NCWmkwN3lRd2poUXJyYjVVY3VfMzZLRG1MOFF1bDlBT2NBcEJPeVY0ek02dG05OVFfb0FyZVFQRFdzcWlMVTUtQzd4RzFoUGpKSWMyRThpRktXRkdwRmQ2Q0JrVFBtVjNUeFBwdzNkdlZOVEhaNkgyakxrQ0Z1aFJPVDkwR05KaVNWQmJ2SGhGeE56WmV0ekt0OUs4U005VWU5Q2NYRTloVWpXMXZKQnlMSXVJamIw?oc=5,westchestergov.com,2026-09-17,neutral
OMNY,Some NYC Schools to Switch to Digital Cards for Public Transit - GovTech,https://news.google.com/rss/articles/CBMiowFBVV95cUxNdHNkdVBnRXpQUVVXSk5qZEZSOGR4aWxIVno0cEw3UzNFTm9LUWlxNVFhUUh1cnBvNk1Bb3ZpTzM1dnhOOGNIOFNIbVNWdGhiY0JEWVJlcTktMVIzelFyUGhCSVVJanVESkphaGJBZnVWWEtZZlJrdGMwVk1FczlKZHphdVJBRTF3R1hTbGVTM2lBV2k2ekRfSHlrbllSVnEyOXdJ?oc=5,GovTech,2026-09-17,neutral
OMNY,OMNY Health Revenue 2023: $4.8M Est. ARR - GetLatka,https://news.google.com/rss/articles/CBMiWEFVX3lxTFA5ZzdESTgxQTVkVHNaR0l1QlBFMHRmVk9HM1IwY3pIaW9GZGlKWHROcEd1UHo5cXFtLVlLQVRzQWdBZHM1MEZKa215OGpaZnhhZXl5UlU0Q1g?oc=5,GetLatka,2026-09-17,neutral
OMNY,OMNY Health Surpasses 175 Million Patient Milestone; Launches Oncology Product Suite to Solve Complex Real-World Evidence Gaps - PR Newswire,https://news.google.com/rss/articles/CBMijgJBVV95cUxQY0ZNREotYTZUWVhuckgzdFhOYWdWa2cwTTE2eHNHNTlLZWZnM2pMUFNtSVJacHZaV0dtYXk5bWVCaE5JQzJDV3Q2N3FzVzJGV1Z4ajFycWFkckFDbzc1amJVTWp4OVVDU2RPa3Y3Nll4NVNOWkIzNnUtb2xUakJoV2psdXJ0T3pjMmtkYllYbkY0YTA4VXhSZHBlRXV1MVRuLUZnNkNpVmw5czZSTXNpN2VNYWlUbHlYMWZNRzVEUnh3OUJWVXRxRzdydkN0bmE1cTk1dGJoM3U3TWM3dnl5SWZoZEF2bDJNcmNRSE1LV2lwWTdBQjdZS3BQSnVSRFlPZjJ1WHlRU1RUT3lMUHc?oc=5,PR Newswire,2026-09-17,neutral
OMNY,OMNY? These bus riders still use coins. - The City Reporter,https://news.google.com/rss/articles/CBMiiAFBVV95cUxNYlIwRDVrY2ozLXFYWE05dGUzdUtsMTd3WnczZjJKVnU0WXpKclA2cUFXS0ZVVGZ6czEyV1JldG9mNmRrT2dvOTh3RzhpVXA1Ri05eEx6enZtX0JZVEE0Z0tWNmJVZVNwNW90VVRqVElxOU9FX214WDIwdjZUZGYwZ1Z4N0VpT0xr?oc=5,The City Reporter,2026-09-17,neutral
OMNY,All NYC Students Could Get Free ‘Unlimited & Universal’ OMNY Cards - Secret NYC,https://news.google.com/rss/articles/CBMickFVX3lxTE8yT1VET09sY0JDcjB4d0dfMTU4S1haUzN0dkQtNnA3aTBQdzRjVENwWjZfdGpBaXFnXzdBdlJaQWl3YzRiX0R6UlM4a0NpZzVzLWgydlVvdzQzbWsxX294TXB4THdJY0lSWnlDWnM1bHZGQQ?oc=5,Secret NYC,2026-09-17,positive
OMNY,"NYC's OMNY Card Is Here, And I Am Full Of Regret - Aftermath",https://news.google.com/rss/articles/CBMiXkFVX3lxTE1NR1pWVHJKcTZnU3BOMDZIZnc1R1QyaHFpN096bVhYejBTRzVEUW9NQUtJNzZ5SmUwVFVRWWhQWDVDNnJfamR5dXczdHJVblhQVE5IT0xWZ082dGhYZUE?oc=5,Aftermath,2026-09-17,negative
OMNY,"Kids demand fixes to NYC's student OMNY cards, saying flaws encourage fare evasion - Gothamist",https://news.google.com/rss/articles/CBMiqwFBVV95cUxQd3hHMUsya1BERUpDOGMxaVVsZFRMQm1wQlB0UXo0NXBVQ3lKR1dUQVR6VWNUbzk1RmJ0RE91OUVQUDUzVkJjTElJSkR1eG5UZWg0eTR2aFR4WG5ZZHBLWDFMV0pna0lXUU0zdEhmVG1FM0RFdVF5QTdEMC1EN0tjSVZZTDkwWkhWOU41NEVLVzZnNkRoYk56anpUWDA1Y3Q3ZHdVLV9VLWd2dmc?oc=5,Gothamist,2026-09-17,positive
OMNY,NYC commuters face OMNY problems just days before tap-and-ride system becomes only option for NYC subway fare - nypost.com,https://news.google.com/rss/articles/CBMinwFBVV95cUxPVi0xMkhKQi04ZUlLZmVtSXRPZ1E0a3E4NWhSZG1lVzhkaldFUldfcmxwZXZMeWFHMURYM2FEdkxJZ0YxTkNjRlNrUjF5OXlxSVZmVUkwRmxGMk13V2pUc1dTS0RCZHdINmppclgzdEx2YzVTdk5HUHdIbC1kMUY1MWNNbHRxU29oWTlrSk9FSXAzTXQwelV1aVVsR1lQTDQ?oc=5,nypost.com,2026-09-17,negative
OMNY,NYC Public Schools to hand out OMNY cards to students: Details - Yahoo,https://news.google.com/rss/articles/CBMiigFBVV95cUxQV0ZHUzBEcEUwdXVJaTcxYXhzVDc1NGdhRDF1TzhOT09pSEp2eTlhUEZBU0s3VjNONjh5ZEhwTDJuWkxTRUNSeENDNXNvQ2swZjNOM1ctMkNmZHBhTWdMRWVzaTIyNjdsUGxWWDVjY2hjekE4N2ZfOXp5U05VcHNwSUdMU3A1VDBuRlE?oc=5,Yahoo,2026-09-17,positive
OMNY,Civilian agents with handheld devices are being deployed across NYC buses to verify tickets - Time Out Worldwide,https://news.google.com/rss/articles/CBMi0AFBVV95cUxNRnZLMHZvdXkzR0tMS0VPRTNPYkZYVWpQU0dWYUphdGE4ODBXQWpaN0JQSldxWUY5Y0Y4OUVzUVl4OFViNm41NTBNT1VwYlBFLXYxdy1mSmx3YXlZT0Q2TXhyenVPTXg4TUJ0VW9pem11dnUwS1JfSTNfektVY2R4cHZ6REs4ZFdRVjNfSzZLZDJzckdiSXBGQ3BSd3hKeXZWU0pJNThidk4xZzVfU1E5Uk5wUnVBY2JzWC1PaVJ0aVlrcmRVNTc5WmZkS2Y4bF9Z?oc=5,Time Out Worldwide,2026-09-17,neutral
OMNY,Bee-Line fare hike: OMNY to replace MetroCards on all buses in Westchester County - ABC7 New York,https://news.google.com/rss/articles/CBMiowFBVV95cUxQX19mWS12TU05eFV1M1Nfank0UHVXTncwZnBpWWx4QWppR0R0VFB3Wmo0X1FvS3VUd0FPR0dhNDFCbWprSnZ0YU5ybDdqN0pjWTA5ak5GbXVNRHpybTdnYllvdTdYSW5UdFZiOGNMR1cxQUwwSi1fYkZwN0t2dzBaUHpkSDRrekRXUzlGNkFidnBxV3JxYW55ME5xel81SVQyMzV30gGoAUFVX3lxTE1FOXpsTmotNEp0SDV5RlJSbXYzRkJ1cmpfTjRwX3dSb2dDb1c1NUF5RnFmaHZvWXY3NkZKTXkzeFd6TWxkSXpBM0pmRWE1a2ZtQndMcUJlMXlVMDFLQUJHeFRVWk84UjFqMjdGUEtSa0lzRVZBMWNzSUNrRlYyWTJ5Y1d2dVFQR2pEZGpDZWFyb0hyQ2I5RlBpeWdYSUhtaFdFRV9BQ0x3bA?oc=5,ABC7 New York,2026-09-17,neutral
OMNY,NYC Transit Just Got Rid of MetroCards for Fares. The Successor Could Put Your Privacy at Risk. - Reason Magazine,https://news.google.com/rss/articles/CBMiggFBVV95cUxNRUFYSXo2NjhWRUR2RFZRRTJYMlBIUDRoZEpjQWZYVGsxUlZua3JQV1labEZwczB1a1hHMl9LS2dWYXdhSmRTTDFOR1ZKNHdONHRuZ1lKNVlCVzU1aGxKak9LeXhQdl9Va2RST0JBQ2lNa3VUc0I2Ri1oa1puZXhncVJB?oc=5,Reason Magazine,2026-09-17,negative
OMNY,OMNY card refill systems are down in NYC - Yahoo,https://news.google.com/rss/articles/CBMihAFBVV95cUxObWZ4eTJDZkpaT09VVzRwVU5SNjd1NTlfa244SXRYVlQ2THhuMUdvS2lNdXg3bUZ4TUt3ZHJTTUxFeW1leUtIVWw4ajFDd3lZWkRybVE5VHA3cTBSRm5JT3BYZEdRY3dCdnF3N25JQ3dsVUZzNTZtTnExVFZNLW92cndreUE?oc=5,Yahoo,2026-09-17,neutral
OMNY,You Can Win A $100 OMNY Card By Complaining About The Subway Right Now - Secret NYC,https://news.google.com/rss/articles/CBMid0FVX3lxTE1DZVduMDVfSVNKY0lubUc5WGdnVXFRbnVyRzhuQjlteTRHMmRPYjdWQmRQTkp0cW01U0FlUDI3em05X0dtQVV5TWlCMERBUExmcWpZbE5fd0RrM3NQb3NOR0VETjY2RE9VRVFWeGU3cFM0Q1c1X1lN?oc=5,Secret NYC,2026-09-17,positive
OMNY,Where to find an OMNY card in NYC as MetroCard is phased out - PIX11,https://news.google.com/rss/articles/CBMilwFBVV95cUxON3I0YU94MWFETGJGTEtIUk56eVI5V25JczNueVNyOWdQbHB6Wnc1c2Z0TDc3eF9USk9kNGlXWXNNbV8tSUFEdEdnTFlBMWdQU0xVQjh5S1BmVV9yNUlWSWJlRkRUWGdrVmFhYXY0R1k4czg1SE44ZndJa2I5OUZoS0pfYjdjOTZQQTJVc0Fqa0N4QzUyZWp30gGcAUFVX3lxTFA2bExzSGR5Z29ENWdUbWdnNU1VTTVrLTh6dGpodlh2ejhVRzc1VXFabFUwUjl6ZVJ5Um1mMFpNNXRDLUQ3cVhzclNNczBxbC1UVmN0S2VMZEdlQXJ6Sm9aTmtRT2JFLS1lQXM1b1dfOWwxa0Jjbl9Vd0tmaldBd2t3VXBlM2RkVkhOTFpPZmMwby1ycmtsbEp1VjhvYg?oc=5,PIX11,2026-09-17,neutral
OMNY,MTA pressed by riders concerned about OMNY - PIX11,https://news.google.com/rss/articles/CBMiggFBVV95cUxNcmI4ZXktRjNuc0NiaDdkZDNIZjY5ZzQ4d012V2l3SDZvNE82T2RET3otclNBVFFVQ3N5dmtNOXRNV3FrcVAwZ0wwOW9WY015YnZwS29FaXg5QU9FUUp3em5GTWpDS1JxaF9KLXpjcjlDNmRBdmhsenZET2NWeHJvZi1n?oc=5,PIX11,2026-09-17,neutral
OMNY,Westchester officials propose expansion to student OMNY cards - westchester.news12.com,https://news.google.com/rss/articles/CBMixAFBVV95cUxQRlYzRzZYTkZvWmxrTDFJZG1uc0R2M2pOZXl0eUVteDBSZU9qSmZaWEh6M0xGNzk1MlZ6Y3c4ZmdhYlIzN19yZjF5SWVoUXNTdzNqSVJsUW12N0Y1N0VkdWREZzZYcVZLN2tidmhBdWRERlhPTXRzWjNKLWJ1S3RUbHBsNTJMbTJTY0h4b2FNdEw4YzFZd1Z1YkNlRVBKci0xRzVDLUhHdXhxWXlpQlliM1REV0FLU19DZFc0MUluajVLV2dJ?oc=5,westchester.news12.com,2026-09-17,neutral
The L,Exteriors of NYC subway trains covered in grime while MTA repairs car washers - Gothamist,https://news.google.com/rss/articles/CBMipwFBVV95cUxNWm95cUFTVzgzQTFiX21aNTV6UERGV21YMFNJdTFxSVJKNjJlQk5fa2w3cHlWUmxVZjF3YkhDckFUOG5lLWxIQVhHeDRoaGxmT2pZSW5JZzJ6WWtsbUNHSV9HT0d2QW9FTi1ublJzVHg1QmlmYnpaVE9Jc29YS0puSGxNR1VtSWN4UFJmbFV5VmIxeXlVc2hVbThJcVI3dU5fNVBtV3VfQQ?oc=5,Gothamist,2026-09-17,negative
The L,"Jessica McCormack, L’Objet Collab on Homewares Collection - nationaljeweler.com",https://news.google.com/rss/articles/CBMioAFBVV95cUxOVkpTSjhFb09rd2ZFREtyb1V3LVlhX3dFdzc2ZEkzeXdRZW03TjJPeGJ6TGxkamxvUnJac3c4cjBRRXNSTVU1ZHVyeEx3c2ZsZGNtZWVkM1RJQ3Z5SWEyUU84em45bUw4Y3dmR09tX2twY1B1Z0gyLWxMalVsVEhSNUtFQnZmdDRIRW5DUGJ6ckZtY2JvR3lTQklOaTRGTmtX?oc=5,nationaljeweler.com,2026-09-17,neutral
The L,"From the Army to the sidelines: meet Richard Holdridge, the L-E’s new sports reporter - ledger-enquirer.com",https://news.google.com/rss/articles/CBMickFVX3lxTFBuNDZPOW5YajNjc0VLT1lTMTUtbk43LXpOcm4xbHd3ckhQMkJ4ZHBnTWVXN1NCYi1nMzZKcTh3MnJxalNGMjVRc3lFMkVrdndnbVVzSU9MbjY2ZkVtcDdwQnBqdTRRTnZKaExYdlN1TjhNUdIBckFVX3lxTE1vQm1iUklwQmcwLUozUm1JZHUwQ3V0bDZKMjVpS2F2UG1LUWRUUXlSUDdNQmdRa1pWcTZyak1qMFZKa0ZnS3dEQjB2Z2hFdTlPdE1PVWkwdmRvTmt6RndoT2lWb3c3WVdiWUIteUladEZLdw?oc=5,ledger-enquirer.com,2026-09-17,neutral
The L,SEPTA investigating after viral video shows man hanging from moving train - NBC10 Philadelphia,https://news.google.com/rss/articles/CBMiwwFBVV95cUxObVhSTmliTnJpbkxNMUU5Q2s2NkF3Nm1MYW5VeGdydTBoR3B1TmVBWGlFZG16azVpMHRxRlB5clI1VV95dnBYbUNXWF9hNkI5UXlTbU5mWDQ2dXdJRkJoRW9yOXJNMUFwNWcyQ1dfalQwZUhFenB4N2hrOS0xbzFTVHNqZkNXNTY2QV9kSkJjZVV0WC1zVlM3WVgwYXd0ZDF5RTVsNmcwODc0bG14OU8tcHEyYlNRd2VyOFRFQUtQMTR6cFHSAcsBQVVfeXFMTnJKNlcwcVd3Vl92WEs5dnRwYTFwTmJGaXhYeUJjS3hSZUdmS2gtTjc1dGZ1bjZSQXZkNldSZm1tZXBOX1ZJZFEwalRCQl90Q3ZPUm12bElUYjBZVjdZTVhCam1VSktNMlRiS1JZT3QwWFNmMGN0OXFabDFUYTNUZ05mVm1ZdFIxSnYyVXAzejhOWkIyOWJzNWhVVlE2MjJrc0JhMUNTdXNvSmdqa3BBVkJoSWFibmNpbVc1dFNQRHp4aC1hbGpuT3AydG8?oc=5,NBC10 Philadelphia,2026-09-17,neutral
The L,Infrastructure Needs Are Mounting at Wellfleet Harbor - The Provincetown Independent,https://news.google.com/rss/articles/CBMirwFBVV95cUxOSjN4RnVYanBDR2V0SXYycjIwUDA2ZkVpRWxoclJvaExTR1BNNGIxVmdqSzhveDZlTUdvWnFiWUZWOVBwSXI5ak5ocW9HOTk1bmhsZDNmY1NoRVROejQ2SGZySFA3RUs4U01iT1FLYS1QZ0tLdGZBX1dFYVlSRzNTR2NINVg5ZURxZllfem02d0ZFeW53MWtsZDNISmJBNTBBWmVhN3JWLWtWWUNtb1Bj?oc=5,The Provincetown Independent,2026-09-17,neutral
The L,Boys soccer: L-Cats score 6 unanswered goals in win over rival Warriors - Daily Jefferson County Union,https://news.google.com/rss/articles/CBMi6gFBVV95cUxNbW1ZTFpzbnJQcU5jSkNMdWhPdWJDYXpIeWZFRFdJNDd6N2ptRW8xYnBNZlNWeTItc3RoVHN0THRoREM0dG1SNm53Uk1kdmJweTNpUklPSUU2M2c3eFpqalRLUTlLOERWY2E5NHRrTjVrT2QyRXlVZ0hjSld1SEtSSTlYeWw3cEY0Zzhra3QzRWY1S3ZqS1BGSmZmMTlveDZOZVF3aDRKV3FUU3ZMSXYwMUNKVmlXRUxvS1JFMklYcEVrY1FBUVpqUjczYjZzcDN5cnFUVjU0WXIzMWFYRFZac2ZvMFJZQ2RLQWc?oc=5,Daily Jefferson County Union,2026-09-17,positive
The L,The L Suite 2026 Bay Area Deputy GC Litigation Forum - Wilson Sonsini,https://news.google.com/rss/articles/CBMikgFBVV95cUxOSEdVTmdwYUZ1akhzRHYyUk42cU5MeUJSUzhzYWtzUUxsS1NkR05NMFZ6XzFWNmFUcGU3Nnl3V3VfdDYtTTdBS3BtWTBYdl9NN1lNWmpKUGZVX1FwSzB4elBjaDJST1ZxYVczUXBya1psWkRkN2hLMTNXblp0NWVFS2VXbjhqcC1LSVhZM2QxU0swQQ?oc=5,Wilson Sonsini,2026-09-17,positive
The L,Portland’s reigning Restaurant of the Year is adding brunch. Here’s everything you need to know - OregonLive.com,https://news.google.com/rss/articles/CBMi1gFBVV95cUxQaXRZLWxKcGtuTFJWalBSX0VaRERENDZFdXRYS1RqY0ZocEZqb0FkQjYybkc1c3QyRURFeFN4eHpBTTNCNjk0ZGhOOU94dEJ2Zjd0eHgxY3JpcVJYcGhJNWlvZFl4MTNmcVQzeHNoZm51cklVZ2VTTENsU3J0TG1zVVBXb1hRZXVsOElzWEd2VWo3QnJ1SW5hNXZzaGx3V2Fpci0wVWJkYlJGVHR0UG40WXRFMXAtX2lZVGtNaGdpOGtZRE5DRGZndC1fYV84V1B3VzhoUURB?oc=5,OregonLive.com,2026-09-17,neutral
The L,Chicago's West Town makes list of Coolest Neighborhoods in the World - CBS News,https://news.google.com/rss/articles/CBMilAFBVV95cUxOb1NtUFpIb1ZYY0JuN3NOS1VrZnh4ZGhNSTJza0pkZjl5XzZyMHI3MERvc19tRnlKS2w3NkdkYkN4Z1NDUW9LZ3gtV0lIQU5qMEtjbFVMS2Z6c1JfZzRwMWNnNHdYVHBSSTJwaTJGZ1FlbW52VFFaMHJJWVpka1NNd3QtYUd2aUtaNnJ1NUJfOTRZaG1W?oc=5,CBS News,2026-09-17,neutral
The L,"Viltrox Unveils New Lenses, Flashes and DC-X4 Monitor at IBC 2026 - Comics Gaming Magazine",https://news.google.com/rss/articles/CBMieEFVX3lxTE0xbndZdFhZV3R6T2tHR0FuZV9kMkxuUXphQ2xBa3RSVW9Zdlh6Y09LR1dnLWVPSFFCc2pIQ0RWYUJmYU1XWElRRk9jOUt3aHRlM0hyNzdUMGhrT1dqOUZJaVZKRWJvbmdnZHBlOF84VmpVV1RGZVlvaw?oc=5,Comics Gaming Magazine,2026-09-17,neutral
The L,L'Oréal Paris Expands its Iconic Revitalift Franchise with New Triple Power Rich Night Moisturizer - StreetInsider,https://news.google.com/rss/articles/CBMi7gFBVV95cUxPVGVTLUdCX1RFMnhSQ2hzQ0QwWnlPRmE2eE01ODhJWkloaTZ0TENrUUNPTlF2X0Y2bi11Q0RyQ0xnQTU4Y2Jsc2pGVFB0akhtZXM0d1RFVGdKS3F2MXZSTEFGWXNHOTBmZjRhU18wTkMyXzBfVVdYSnd2YjA0YVczbUY3OFhmaUZtNkJUczdwbllmc1RqdFEwUU1IYXNMUklXZEI5em92THd3ZXVGR3VrcE5NU09pR0ozRFcwME96ekNwUDROMElVTVBEQlQyVV9nelQ0UkhWNldBM2tPb0h6N241UF9zT0VGVWxVSldn?oc=5,StreetInsider,2026-09-17,positive
The L,L’atitude 52°N smart glasses: Are these my ideal travel companions? - Gadget Flow,https://news.google.com/rss/articles/CBMiakFVX3lxTFBrUEd5dFZrVTRVMHlUZkhTYzc0c01YeEIyTDk3Uy1EZ0pTaVRLOEtlbHM0b0JHT0EtaFdXZ21Td1VMZDBwUkJwUEwwbUJ1LXpURzgwaU5TbzIxWjhsWkRvcHMzN1o3alR2NHc?oc=5,Gadget Flow,2026-09-17,positive
The L,The Ducati Wood Chipper Is Proof The L-Twin Deserves A Second Life In Anything - HotCars,https://news.google.com/rss/articles/CBMigAFBVV95cUxPcW5pRkVGZjZFOTFsdGhrd3A1Z19VQTY0a2hNSnpkZ2Q4Wl9VVnFVU1RZbkVaQUhJbkdrM2xEYWdSNVlURHJqZHJzd3RhQVBFdzI4TGpCWFIwYWQ1NXZrdzhQTVB6QmsyelBHUE9uS3JCdWV5Qk9jN1V1WUVCa1FkWg?oc=5,HotCars,2026-09-17,neutral
The L,French Elegance Meets Modern Kitchen Design - Modern Luxury,https://news.google.com/rss/articles/CBMingFBVV95cUxOanZfM2hoWS1RekhUemRsNVh2YjBQTzRuMUI3eTVHdzFod2xuYmdRazNBOVViazZlX25BN2x5OGtMZklvQkFqa3VUb0ZZb0xuU0ZOMDZrQ1Z2LVZzTDZWODJwVlF0dlRiRDloWEFUT0hCd3RqV2RqbXlzRjhzeWtSemJ1UmxKdXNIbUFYdHdBRzVJZzhqZVdEeEUyVERCdw?oc=5,Modern Luxury,2026-09-17,positive
The L,L’Oréal usurps LVMH to become one of France’s most valuable listed company - cosmeticsbusiness.com,https://news.google.com/rss/articles/CBMikAFBVV95cUxNdHlmLU5DYzlPTUdsWHB4ZTNhOE1venA3d1dnWmhpdTIwN0QybllLYmJlS3VEX3hRUk1meWxBWGNiMWxlc251UTNSb2p1RkxOVXV5SWRXOEJKQlc2R0Y0VERyYURBZzlQdXBJNVVVUGFjZWxCMVVldVdqZVlYYWFxQmNmMFRQUHpYd0drNktwc1g?oc=5,cosmeticsbusiness.com,2026-09-17,positive
The L,Volleyball: L-Cats sweep Columbus - wdtimes.com,https://news.google.com/rss/articles/CBMiwwFBVV95cUxQa3JpQjlJYTlWQTRNTHVldjg5eWZOR05KYjd0ZUV1c2hRX2RIdnpuNEYyRXVhT2Jab0kzVzVfNFlKVk9MMklMRTlHMTh4Q0Frc0cybXN6Z19COVNLMDJpeFlTODFrNXNPcGp4eXl3TGo5T0lxZ2lQZEtIYzdqcFRScnNnck9lR1loXzBMYXNqQ18zUXZaRndyQ2FyUHBFNWV5THhWNlVKOWc2dTdrUnJUTTh2d1pKcS1ORUNFV2p4NHBGNmM?oc=5,wdtimes.com,2026-09-17,neutral
The L,"Shoot from a tripod, with a strap or with accessories – this new L-bracket is built for more than vertical shooting - Digital Camera World",https://news.google.com/rss/articles/CBMi9wFBVV95cUxQSHNIRFhMVlZLVmZTT3NVTUhfRkdRc1Rrdnc2Nkh1ekE5N0tHMlhpX0FPdXVHNFZGUnc2SkNOUmhBZ1lhQVZFcTVsZkdVakR4WF81TDJja0ZNU1JLLWRGOWlLNHBfMUhsR3Frb2tFMjlKVFQ3MjZ1ajdPZjRoLW5kY19wNmFGcUV6Snkta21EWTRlWVRFc3dVRl9EUzc1MzlWS1JyNV9OLUpQdnN3d3NieEcxdlEzVUhjMjJlRWZWcHJCSDZzM0FvY295djVfQkZNR3BSRy1VVDA4YncxWE9Hdmdocjl3WTl1aWVmSHY5VlZ5NXpneS1B?oc=5,Digital Camera World,2026-09-17,negative
The L,"BITS & BYTES September 16, 2026: What’s happening in the Berkshires and beyond! - The Berkshire Edge",https://news.google.com/rss/articles/CBMipgFBVV95cUxQQzhfN2NOOElGbE9mX3dRanFsQnpJRXEwcTJLcll3aDZyS1FhQjZkVlF5R284cnd2TE1TWDRhNk5Ecm5sZHpjTjFDeDEyZDBWR2tIOVI5WmZqQzlkV1czSG9UMHRfYnQwa0RJX3F5QWNUeE1zQ0s3VjIxeThVTEs1cGhsdzh5RWR4NlJ3VEVXT3owY19tRmhydlE2cU5jd2RHUng1ZEt3?oc=5,The Berkshire Edge,2026-09-17,neutral
The L,Panasonic Expands Full-Frame LUMIX S Lineup with New 20mm F2.5 Lens - Panasonic,https://news.google.com/rss/articles/CBMif0FVX3lxTE9jY2U2dXlKLUtQcERqdllOQ3puU2RfRHZhYkdSZ01JUXN5QU5DMzRjUW1TX2Q2Zmx5Y1ZfSnQtX0FkZjRqRHJIbmwtaWZ6WmpnMHZheWxqWVluRl9fNEF5T2pYMjZkV1dmZ0FsYzRxODRaWl9RVkF1Qm9jUHhHbEE?oc=5,Panasonic,2026-09-17,neutral
The L,The L Suite 2026 TechGC IPO Conference - Wilson Sonsini,https://news.google.com/rss/articles/CBMif0FVX3lxTE1nckZocWJjM2NjMThPLWdnNFdrRm5fZGZHM2xidG9UTjNWQkhrUHVYdlNzTVppaDNCMnlmb1RQbU96OXh2TkZPRFBOQ1pmVWJHRXR3X1RlOXBCMFBTYS1ic3dLQ0xNa3kzcFZ3bmtya3JrMXhwZDBMM1FFYVl4TTQ?oc=5,Wilson Sonsini,2026-09-17,positive
The L,Ukraine’s Next Fighter Pilots Are Training on L-39s in Canada - MiGFlug,https://news.google.com/rss/articles/CBMikgFBVV95cUxOcE91eTVEanBsWGNLX1l4VHdMZXA2SndBZjYyOHJDcnNwdTc3dVMybW1fcWo4MVlyUVA0SnZZR1NsRFZtM3lzYnFGVUtnUm9QbF90M3V1OTBDVldUTV8xOHo1bGRZT2p5V0V0OW9ydllZa3dhQkVKZ1hLNkJVblZEYnhYQ3E2emVoMExEMFNxajNrUQ?oc=5,MiGFlug,2026-09-17,neutral
The L,L’Oréal Canada appoints Amélie Fortier-Cyr as its new CDMO - premiumbeautynews.com,https://news.google.com/rss/articles/CBMifkFVX3lxTFAtUW5VZldqTlNpQVFFTHd3Y3NIYlkwZzNYamlNWnpXZXE5OXVsLS1Ea3laQVliMkdZdnNIenp3X2lCUVFVQUtwQUdXRUEzWkNBT3JGOGtyNXJPQTRYTEZOUDhsazlCbDRxOXhkZzA1M3ZSUmZmX3pKT3VCbEc2Zw?oc=5,premiumbeautynews.com,2026-09-17,neutral
The L,"Screens use red, green and blue because human retinas carry only three types of colour-sensing cones, tuned near those wavelengths — a display isn't reproducing colour, it's tricking three specific proteins in your eye into firing in the right ratio - Make Tech Easier",https://news.google.com/rss/articles/CBMizAJBVV95cUxNd3RYRDJJR29jWjQ2ZmkyWTNTVnBaLXdlcTZScWdGR3RrdWtZeUhyMVJXMnM5VkpmcnZQcG1TVDExbzFRWS1RbWcxT3I2V0RkUVJlMi1wRVc3WHJ3OEl5UVRMNktSemNKMGJGLXBBcHRiS09WSWF2Z19uc0FIVl9xbWNhQTZNcGgxTmJzbHE0MTlHVld0MFFVOG03WHdQVXppSlNCdTJIenlSVllydUZOYXRoZVNvQ3dJZmEwYU40eTRFLXFjZkRXclFBSDlKcVVtTEhhSGtFOFNKOVBZaEd4UWlWOHh1bnNxN0RWNmtuQTNOTnZGMHFPbTI4VTgzdlR4Vk9ZQmpRVXB2czlWLV9YcWJsd1hPaWlXT0cxM204LUNZbV9mODlfQkRyV0dmTGN2U01FNW5ZYU15eEw5VVhOSllXTDRsaG5na05fQQ?oc=5,Make Tech Easier,2026-09-17,neutral
The L,‘Mohawk’ on the Move - Railfan & Railroad Magazine,https://news.google.com/rss/articles/CBMiUEFVX3lxTFBRd2tEQXVrWms2TEVOOXg3a2pVZEd4S0pJN1hHYVJCZG9STUhDSkRHVUlmaHZjRU1pVjA1Z3pGT2FIRmJQZzFobUo3aFpzTmJZ?oc=5,Railfan & Railroad Magazine,2026-09-17,neutral
The L,My Husband & I Have Different Kinds Of ADHD. Here's How We Make It Work. - Scary Mommy,https://news.google.com/rss/articles/CBMilwFBVV95cUxPQzNKdG0tV09BUUYtV2NYT0xvMHJObkpGX3lNenNla09IZ1p2cU5JQWpiczJtUE1VVzhRY2ZuNlBBY0NEN0NTQzYzSmI4RWdmNjFVYXFPOGlCTGpWSExPTjY3MGF3dy02NV9fNGFFOXdKMDRRMUU5MmpKVUp2aC1KY0c2TUZtTWFWSXRzTnZmRkFJVmgxb0pr?oc=5,Scary Mommy,2026-09-17,negative
The L,NCIS: New York To Welcome NCIS' Jimmy Palmer And More 'Familiar Faces' From The Franchise - TVLine,https://news.google.com/rss/articles/CBMiigFBVV95cUxPRHZKNTEyWFp0b0kybWJqMW5RU2JwdEdfRmtqdHZBMHRyNkpQNXFGOEphN3dLbDR5MFJUS0QwNTZ0OURIWmJqRTJ5TGNDb1VISFZLUXg1YjdvaE9iejExc0lhWTd6MU9jSlpjb2lCOW1HVFdtT014d0J2Sk5PdGh5Ukgyb2Fhckl4SlE?oc=5,TVLine,2026-09-17,positive
The L,L-Acoustics L-ISA deployed in European house of worship first - inavateonthenet.net,https://news.google.com/rss/articles/CBMipwFBVV95cUxOS3VrVXRRY0c4NjJ3THAwd1pkQnUwd1FrSWRWTDZ0Z29qTV9qVlllQm0xNDRPV0FpYV9iVF84WWE5cWp0bENFclNxdWlibW1DbGxYV2otUlFPQ1JTcWZFd3pTYmRLeGtmM2xiSHBQU3BQQVNrRHVCR0E5M1VtbTNhUjdRMUE0VUtDRHgyM3pkYklJTUV5T1VXNEZEaGp3Mzc1TlQwOEJ5bw?oc=5,inavateonthenet.net,2026-09-17,positive
The L,AD Ports on course for delisting as L’imad acquires additional 23.08% stake - EnterpriseAM,https://news.google.com/rss/articles/CBMitAFBVV95cUxQU3VyanktRFRDU0VqbC1ESlFvdEZHVkN0bHltaEtHZXNoWlJSemZMMTlGT1ZHV2p5bnRKS1k2b0JfcHVDbm5uTVNoUUpjRzdSTEU2ZkpOVkd3S3BodzVwLVBBaDF6VDFfd29oU0FmdFRESnRUdFQweVQtc050c05sS25UUm0xdFhfY004VGd6QklzLXdERm9QXzdZZE4yLUVqWlRaYXVvX3lQUzNCWVhJVVRNTUw?oc=5,EnterpriseAM,2026-09-17,neutral
The L,"Getting housing aid in L'Hospitalet requires being quick given a limited budget of 235,200 euros. - apdnoticies.com",https://news.google.com/rss/articles/CBMigwJBVV95cUxNYjBfTkNPNDVsbEw0c09ibzJEZTNQa3V4bVVIRWlqV3E1bXIxMkNIVnhwZkpYU2RVakdPYUlleGx5VTJNTElkWUpOcXh0YmJtc3poRjdnejktM2tDT1Fydm5oNXJXVkw0YUlfVUVZc1REYXpFM0hldHptbGlMYjQ3WnAzeU9sbnJPMy1HejN2TGNTQ1RjLVpUd3RvdXRpVkpGVUE3LXBxdDJndmEzZGNHcFN3dmE2Y01DM3hTRWJ3bHo3NVZVeGEtWFZZTUV5MENSSGNnQVRnQlA4NXdvWDU0eFZPNGw2QUdEZ3p3cmd2TGV5d3QzWGxNaGYyeFBxYmN3cU5F?oc=5,apdnoticies.com,2026-09-17,negative
The L,First L-ISA installation in a European house of worship - AV Magazine,https://news.google.com/rss/articles/CBMivgFBVV95cUxQZWdob1UzdGVIWjNNMXNRZlJ4X0pVNEpMYVpjNWhNbUJQYlpJOGlHS1psUjF3YUFKOTJxWUYwYnpBYnlrX2JoWDViUzROQnZpbkVVTXNITFM1TmxzcFNucnNDZGNndXdMUmZhdVFUckt6NUFLQ2JrQnZoY3h2cDYzOEVjMHZLT3RjV3VhVE81bjFzTlpOVlo4MjdNdnhvanNBa3VwV2taNFF2eXYyZTk5V3VyX3IyM21hdVZCWmNn?oc=5,AV Magazine,2026-09-17,positive
The L,"Arizona AG sues L'Oréal over cancer-linked hair relaxers, says Black women weren't warned - The Cool Down",https://news.google.com/rss/articles/CBMikAFBVV95cUxPeUR0WTRqbkMtS0ZoLWxiMFY4SGVrbXh6M3FpdlBYTVByMENTbFpwb2Jlc2ZBclF6TFEzVGIzVmx0RzRoemRhZEFGLTNXMC0wNHdqN3NUV0hFbldxWmNTSWs4dFhoZ0w5TnZYOUNhcHZFSHo3eTRqWXhXYkctd2JOMHJpM1dGTm9JV1BHUE9yWWQ?oc=5,The Cool Down,2026-09-17,positive
The L,L’OBJET x Jessica McCormack Turns Jewelry Into Objects for the Home - Design Milk,https://news.google.com/rss/articles/CBMicEFVX3lxTFBrQjM1UG8waFJ0SUpUS0d2V0pxQkdDcUQ2dU5FMTBzU2RpQUxjLUdrTjM2UmloLXVpN2ltUGgwNDg4ZkFjZ2VOQ2VZOEtqN1Z2aENYb1hOUkhuREZjYi1sQ2JDREhHUlhmbHV5cjVkZHg?oc=5,Design Milk,2026-09-17,neutral
The L,"EDGE and Hanwha explore UAE joint venture and local production of L-SAM, M-SAM and Chunmoo integrated air defence systems - Defence Industry Europe",https://news.google.com/rss/articles/CBMi4wFBVV95cUxOVWtMemtXREx2czJCdzhUb1c5aG5mY2l1aVhnLW9fX0d2RmdKT3Q5dVR5b0ZYWWU1Qm1ybzRnRzdnQWNCSmc1WXRkQWQ1WWhMUnIxUHYyaHl3VzdCbnJaXzg1akM2QmdyRFBFRFV2SzZLNGJueXNBMDdHQWdoYnBNam00S2hLdkhVR3NRbmdPX2NCcFExamgtTHZMZEhkcEhoT2lMMmR1MzJfZzBpeHZRMGxOVzJVQ2drWV9KRjlYSGpQQXdYRWpic0kwcU84dVc5dnNtTFd3NVk1dEhCVzJCcTU0Zw?oc=5,Defence Industry Europe,2026-09-17,neutral
The L,Shop the L’Oréal Paris Revitalift Eye Cream for $10 - Real Simple,https://news.google.com/rss/articles/CBMijgFBVV95cUxORENuMGJnYWJrbEgwUG42eFZYb3VwYURLOUVnU1FWclhfWDlXOFNrdmFTaFhYSDVvN2phVzhPeTlGalowbkhYY2lQYmROUmxSaFlUNFliaklRczI2d1VzWllqTkowSTdpU1FjclN6NXRyeDVVejhLcC1DMzNMVmlhaVh5b1MxZm8wY1ZhUVh3?oc=5,Real Simple,2026-09-17,neutral
The L,Rafale F5: First Contracts Signed After FCAS Died - MiGFlug,https://news.google.com/rss/articles/CBMijAFBVV95cUxNaWtER0t2UGJQZ04yd3NKcjdJcUVJUWF5eG5zOS1DYTlmLXlZVnpBc3M1X0pXUWxTdkNnTHZrRVROTDNKTUJsVmFNZFg3NkJWQTB0QTgzeFpJX3NhMld1dUZ3RGJZMER1VXYybEdsYUZudWJXZFhhcUFuQkd1R21WT0xCYk53cG1hZXVqdw?oc=5,MiGFlug,2026-09-17,negative
The L,"L-Acoustics marks first House of Worship installation in Europe at Grace Family Church, Switzerland - Headliner Magazine",https://news.google.com/rss/articles/CBMizgFBVV95cUxNZHA2NXM4NTMteGNVZTBObzgzRThaM0FoSko0QXQ0Vlp3c21WVFBBeG1uOWdXS1AzMjRJTjU4bmw4TzNfZHgyNE1CcG9xVlZtVlFLX2x5R21TS29XYVdpLWVTRUMzMFdPRzBnRmNaRHNHVmtnT1hBeG8yeDktUE4zTzdVelg0cVhrOXA5N0ZSdVdXREdJWThKdnVrOU9XZkRqWTR4ZmVIVHJnRC1TajRCdkRqSm9yOFFyRjNNaVdHZlpBWTl1SUZZQUdhdVhvdw?oc=5,Headliner Magazine,2026-09-17,positive
The L,Arizona+accuses+L%26%238217%3BOreal+of+concealing+cancer+risks+linked+to+hair+relaxers - Virginia Lawyers Weekly,https://news.google.com/rss/articles/CBMilgFBVV95cUxNVkw0NjZ0TUVfQmp5LUhlajg2UEFlSW5SVTFLaVpteWVUYUhTaGl1SEMxNUFNeWRoZFVBU3llM3owV2xkZDhCRWw1QXB0REwwOEdxRkd4LURmU1VRclMtZXRtQ3NLVEx0VTlvQlQwNFYxWXZPN3REbVlQRDZfYU9pLVdVTFJrTnFrWHN5WmFfaDItMnY1WVE?oc=5,Virginia Lawyers Weekly,2026-09-17,neutral
The L,L-Acoustics L-ISA marks Europe’s first house of worship installation - LSi Online,https://news.google.com/rss/articles/CBMioAFBVV95cUxQWWlBOHdRcElnVm53bllmemJTbHNDVHZFZWxPcUx6Wm54cUhNX0FEeEVwQ0IxMDFrd2ZBaEFfanIycGJkYU9FeTd4QlZzUHdvdFlINjZZQ3VXVzR1Wl8yQnFvVF9nRXJITTd3VXBSdnhXVlRKMVlZSTlTNU44aHdrMDFLUldXcEJxelhrNms0Nk5iLUZVUENVQXZ6VXlBU0sz?oc=5,LSi Online,2026-09-17,positive
The L,L’Objet and Jessica McCormack bring ocean-inspired treasures to the table - wallpaper.com,https://news.google.com/rss/articles/CBMikgFBVV95cUxPR2ZUeGVUT3RMc2hCNmstRFpVQ0dBeER3R1Y4dDBHRGhvNjRXYW1jOU9pUHVmUDN0X2tnMURNZEVHQTVXc1NpckpUenA5WVRadUpZNG1DM251UVV6NkZ3MkZZTGV2WHViQTV5c2dSUWdLbjBHRGR2bFQzYktaUzU1LVRVdFVzTFFJNnp2ZUZUZ0E1UQ?oc=5,wallpaper.com,2026-09-17,positive
The L,Dude 44 Bravo: The F-15E Backseater Breaks His Silence on Iran - MiGFlug,https://news.google.com/rss/articles/CBMilwFBVV95cUxQVTBJcjJ3eWVyOXY0ZFo4N1lxZ2dVMWttT2M3c29oLVZrTzZreFpyVDQ3dzJxb0RDS3hGZGExQ19ieC0xWS0ySDlJVHJuODZOTl9rMGJYaTVUelY1VDByQ0JEVlVZS1pWT0JZb2p0UVl6NHNpR0VNU2lESTItU2pBdjU4UkYxeVlvNm5HeDVLX0E3SGNzbEdN?oc=5,MiGFlug,2026-09-17,neutral
The L,L’Oréal faces lawsuit in the US over hair relaxer cancer risk links - cosmeticsbusiness.com,https://news.google.com/rss/articles/CBMijAFBVV95cUxQUFFJaDRkWVBFaFIyRDJEaFRFOGFHeVBHeFdpeDRWazl2NmpoYlRKY2ZmR3J6MGxkeTZSRGNHUHR2VkJkN0NZdTZ1cTFVU2ZHWUJ0VnUwZFZ0TmVpQ0cxcjAzYjg4Z0ZtWHJSUUlCc2dhdU80LWVtU3VVQTh0cjNILUxteFpMSlduYmFlQg?oc=5,cosmeticsbusiness.com,2026-09-17,negative
The L,Landmark Study Proves Critical Inequalities to Dermatological Care Worldwide - Yahoo,https://news.google.com/rss/articles/CBMioAFBVV95cUxQSjhwb2pUWU0yZXJkUkUzTHNpWUtEbGdicnh6V0ZZRko4b0VybFdycXg2YXdTUW4temNKV1dWUXBLOU1xdDdOR3hxTVlCY3BHckMyQ3R2TGRXN2ZreGQxd1ZhTUpVeDNSNHlmVndIaWV1X2hMRE5kUjJOczJjOWNjSnlhUW5DMWdSR1hzX1VXLVRaZDBLTjNnUU9lSS1UVE5O?oc=5,Yahoo,2026-09-17,positive
The L,Viltrox brings four Air lenses to L-mount — and adds two fast f/1.2 APS-C primes - Camera Jabber,https://news.google.com/rss/articles/CBMivgFBVV95cUxQX2NkZlFERnYyTXhVcTJVZ3AtMlpPN21iX1VDQ3U1V0sweTh3aFJlZkMwb3FfbmhHM0Z4aV9UTk9BbUJ3NTNweXZjemRra1YwVmZZV2MzYnFkTlQ5dXNzbUhGakwxdHFKdzF5SllOU2Z6WjJnVWtZc0VSZ0NlN290eFpyeTg0T3JOQlRQVGE5VU8zaGVUTzMyeUJ0V1F6VzZiQkdKeVM5dkZva0FWdHp0V3NNZ3dGZ2lBODVMcWZR?oc=5,Camera Jabber,2026-09-17,neutral
The L,L’Oréal Paris Returns To Paris Fashion Week With Ninth Edition Of Le Défilé - IFAB MEDIA,https://news.google.com/rss/articles/CBMiYkFVX3lxTE1lVnlZM2hmeXJ0SmltRXNhM1liNTU1RTRKaTBmT3hfWGhtWlAxZHlUYjBFREtYdzN4S2xGVUgySG1JR3BKYngwWnpBRXdiR01wdG9TZmliOFlpei0wVFkxU1NB?oc=5,IFAB MEDIA,2026-09-17,neutral
The L,Arizona accuses L'Oreal of concealing cancer risks linked to hair relaxers - redlakenationnews.com,https://news.google.com/rss/articles/CBMi3gFBVV95cUxNYkU1VXdRQURBT05vbXh6d09JQWpxcG9OcDBZNXprWFQ3U0NiR3VMM0EzVlBFS3cwc3Z4bjZzTFA3NllMVTJvWWVCdVlRMUhKZlItSnlCSEhiaFdnZkdnQU1fcnpTZ0REVGZnbFBTbnY5S0MyVWNjTTlldURqaVNyakE5OVJGbG1QelVtTjYyZnN3Nk1KU1R5QVh6TEVLUXcwYTZtM1dFak9EdGVQdEVPOWd0TzBLTDhQQnpkRWlydlBWSkF3SnBScmtCb0hqb1hEbmFFajA2azJ5aVRaZ1E?oc=5,redlakenationnews.com,2026-09-17,negative
The L,The Middle Eastern Designers Who Slayed The 2026 Emmys - Cosmopolitan Middle East,https://news.google.com/rss/articles/CBMifEFVX3lxTE5Ub04wcGd0NlBDSTJ4Y2ZsZElCaEpEeUN1dlZ4OEl5eTU0NDRvSk1NQjlFVkhJU3JRMm9pMzZCLXRSUnhINVBicHU3amp6SlRDZVRQRi1WMTRXSi15bTZKMG5VLXJwR3RReXNiSHFwSTBFeUFiSms5ZklPOHI?oc=5,Cosmopolitan Middle East,2026-09-17,neutral
The L,Liebherr machines support Czech sand and gravel operation - Agg-Net,https://news.google.com/rss/articles/CBMijwFBVV95cUxQVlVpTmZpc1oyLWhmVjh3cEk3bmZ6cHlyNG9MaHl4d0xoSDBqWHVGSFFVV1VVRU1UdDZqeGxNQWdKZW8xcDFFN2paX1dVTkJqajJMQzczbUdHSGpncHFWSWhlcUdxS1NnZG1kZ0s4bFl2cWF4Tm1BbnVvanFkTGkxazRNVWVDeFZlNDQ2VGI2cw?oc=5,Agg-Net,2026-09-17,positive
The L,AM Best Affirms Credit Ratings of Unum Group and Its Core U.S. Life/Health Subsidiaries - FinancialContent,https://news.google.com/rss/articles/CBMi2wFBVV95cUxNYWJWRE9XNnFpZExwRm53bTNrSEp3akFoY1RnWEtEOWdfNVFjYWlMWm9HU1p5R0NVd3lEd3BQQzNxTWFLSnJGd1dkaHJUcXFGMEg4WVc2YnA0dHZRU1JPVktJejVkbkd4UmJGcHowXy1ycWtIUER1ek9mQjJxN2QzUHlnMWtiTHRLZzhkeEZkV3pQdlREb0JNV2Z5UVdtc2xMX2JJelAxT0FOSEpDOGUzX1ZaRkhhLVpaa1YwUldoaTBhUjBES3ZCZkFiMVdDZ3Z6bXVLRGItUWY4azQ?oc=5,FinancialContent,2026-09-17,positive
The L,Legendary Carnegie Deli reopens in NYC with timeless classics and new offerings - New York Daily News,https://news.google.com/rss/articles/CBMiuwFBVV95cUxQSnBWaHluZGxBSGNsSF9DcVpYUVM2c2lXX1ZkNHFCRXJKM2huY3FmT3c3VW12SHl0RjF1RVZ6T2RYV002VFJGNlJoT0g4bDR1Z0Ixb3VIZTdTMGFIWnlLSUdUcExXbzBBYlFINi1KWXprdmF4cHg2NGgtNzZOZTMwNDRBNUNuLUNaWXhFZVVONElpeWUwTXNUX2NPVWd4VU5nTTFRVjV2bkJUbmI2Mk90dXcwazJEejJYQ0d3?oc=5,New York Daily News,2026-09-17,neutral
The L,L'OCCITANE Group achieves a new milestone in its B Corp™ certification journey - Thailand Business News,https://news.google.com/rss/articles/CBMiwAFBVV95cUxQTzVxMXhsUHV4YjA3UWhDa0hOazBTX19oUHBvaTgyS1pDTzNraGxSU3dvOEVKeFlhS0Ffd3EtM0NNbUt3MGk3LXdpaks0Nm82NVVjdEE4ZnpxQl9qQnU5TmdZY3dxb1J0ZWtqSFpUT2Q5Zm5vTFlSYnY3OUxqZnpxWjFsMFo5c1luWlVEY3E3U1F3WFFQSmRuWUkxbzBzNWlQT2lrejRxTTNTeVhFbFZPaUxPc2VObkNtakNDZ0lfQ1I?oc=5,Thailand Business News,2026-09-17,neutral
The T,Scientists finally know the body temperature of the Tyrannosaurus rex - Newsroom | UCLA,https://news.google.com/rss/articles/CBMipwFBVV95cUxOcEktbFFBMGRkbGlfbENPNHhicjBOZ2xWRkE0VHhGTDdLQS1qZ25wR1dIQy1mbDQtWHB6VUlqbUl6OENnWkhadFNWY0dpTkJXRS1ORG53RWJ5WjUweEJHVElqZlNvVkJwNV91bURZenBNSFJvQXRESTdzcjVRY1RNNE1ES083SFJFTDR1eC1XT2JWdUJtLXpMb2NDWDJPMm9oUzhqVXNpNA?oc=5,Newsroom | UCLA,2026-09-17,neutral
The T,1st adult T. rex trackway found by high school teacher - EarthSky,https://news.google.com/rss/articles/CBMiigFBVV95cUxPOHhweG9VNmc2M1l2b0RUSzhvYWdsajRnclRPRkxRXzkwWXhqT283ejJiZkR5UFU2cXJkLUlfNFR3UURHa3diMnJSNks0MjM0TGVqSTNGYXd4anFKSHJHTGNuS0plZTNxXy0zLUEwZS1ETUx5MXZrWThNNC11Q3pkREdSWm5TbTdkVGc?oc=5,EarthSky,2026-09-17,neutral
The T,"SU football’s T-shirt contest winner depicts campus experience, fan values - The Daily Orange",https://news.google.com/rss/articles/CBMidkFVX3lxTE9iX1lUZVZkTFU4VUtJTzZmSUY4cURxTHhkUlkyQ3IzTmVjZ3I4WjV4di1ZWmFOZG51cjVNT2ExV0t5eDk0UlVDaWpycFFycDRHRU9JeGQ3SzZ1TEFrU05uTFQtQWNaSUN4dkJfdFZDUHc4TFBBMFE?oc=5,The Daily Orange,2026-09-17,positive
The T,"The T. rex had a body temperature similar to our own, study finds - AP News",https://news.google.com/rss/articles/CBMimgFBVV95cUxPUlZTQzhWV3E1TWZ1bWVMT1ZSQnMtX3pDLXVDRGw0UWV3WWsxY0hjTmsxNkNvLVBwanlrR2ZCUEpjblJLMS1iczY1aW9JRFdETGM0VFVvd1hkYXRWSTBZSGlOeEhlcktmRHZWSllBNnptRTlTNkhKNDd6cFRlTm1vc0psVkZBWjIzUmRlUmFMRjhZTzFWUjFlZUJB?oc=5,AP News,2026-09-17,neutral
The T,Real Madrid fan group demands Mbappe apology for Ceuta shirt snub - Al Jazeera,https://news.google.com/rss/articles/CBMisAFBVV95cUxNTFBGalFyV2pMdFYxalJMOFc1ekxHZU0xbExGVlZkZU5EN0VIb2lnRnRNYlYzdUcwZ2tsdG8xeXFUdWR6Rm82NTFXZ09LMFZNQU5rYmNqR3pfbmlKMDEwR2w0emtqS051UnRzNFBRRkc0ZTVRR2w0ZmZlT3MxUWRLSnppZks1RFVUZlYxSzBmM09zN0lXV1VRUFBISXdKeGhaWFhERHZZaXFlWW44QXl0Q9IBtgFBVV95cUxNd2EwT0FlbjdDOW9yTWhyMkJ4azd0UzF5YXpHWkhfem4tLUYzTDQ2Z2cyeXRiZ2RtZTZfeUY3Njc5Ynhra2kwekdMTk9JU3djNVRfYXJjdmhybnlVM3Z1OVN4WlF4aExqZ041dkxVb25uNnExT2hZalhoY3hJZGZ1OERPeG1Xd2RaMmdKbExwWXBCXzhucnVFY3RwQVVTZlJpajNhOWFqMFJtTWMxcHZyNGs0aHY1Zw?oc=5,Al Jazeera,2026-09-17,negative
The T,Secondary T-Cell Malignancies: Identifying and Counseling After CAR T-Cell Therapy - CancerNetwork,https://news.google.com/rss/articles/CBMitwFBVV95cUxORl9aUzlndFhpMy1vaUw5dVhLRFBremJGM2t3OVZxWkpBVTVVeEQ2N1NSZ3h0ZHBJWXlKU3NzcU1kSnZQQUgtZDZDQTBVV0RmTnB3d05yZm84VVNhcmRCNVNhNW1UYzdnZXJJWTBVLUYyUDZtY1pqc0QzcnZBa2pPZjcteW9nYzE4aXhkN3MtWHh3VVYwSHVCMUJwdG9xSm9lWlpvbFkxbFZrZ2pXNHNhT3FpTnh3SUk?oc=5,CancerNetwork,2026-09-17,neutral
The T,Clients Want Crypto? Multi-Token Crypto Fund TKNZ Gets Them in 1 Wrapper - ETF Trends,https://news.google.com/rss/articles/CBMivgFBVV95cUxPdUswb2pYTXAxREhCV0loWHZuSHNoZGRmTTAxd2hLZENYZ0JpWEs3QUJnTFBVWElXcTZfOTdGcmd5VWxvVzlmVHlhdzJNX1BPbFpwQ1BQNVJkaTZSdW9fb1BoUGxBeXFLanRSLWNSbnN6dzJmZFhJdFlNSm5VSnJGSVhCTkw3eDVfdGo0X1NKUXlmVjdJNjFTc2EwSXpma0IxU29QM2R1UXZ6VHEyUEJWLTBLdWVOSGUxVzNKUF9B?oc=5,ETF Trends,2026-09-17,neutral
The T,"The T. rex had a body temperature similar to our own, study finds - Jonesboro Sun",https://news.google.com/rss/articles/CBMi7AFBVV95cUxQM2hBZzJRUkRnTWNhTmsweDJoeEVyR0xHRWNFbVp5VnlOalpHQXBEZ2VfME1YSUxtV0N6N0g5REl2aVBYYVBXVF9HeGJ3WTVuS0lma3RfcVpBdkhmczIyajdua0l0bk1NektWZHNqQ0VKZDQzZnpXTU5XX1Ntd0xJRHhqQ3YzR1dKbEJwdGZXZ1FXWVdlQ2RVNm1JU2xGbzJCbXdOMXNOa0JBYWotMkY3aFRleW5LUFlvbGl1ZXJVaXUzaHUtMTVWeVpGRThraXpEYkd0RjhFaElLMWRhS1hWa0dIcWtDYV94TDFGcg?oc=5,Jonesboro Sun,2026-09-17,neutral
The T,"Japan Approves T-DXd, Dato-DXd in Select First-Line Metastatic Breast Cancers Indications - OncLive",https://news.google.com/rss/articles/CBMiuAFBVV95cUxOeUhqWWM5ajBvbWIyTFk1Wm9jaklLTDM0d2ZJcTh4VGYzUzBNN0ZtNWVlZkdDLWlCMkVoSHRNdURIODJ3dHJjXy1wQTV4NjJ4MVpnelVGTEZnQzlQNjhoWmhTMTJUN1VpdDE0eWtRTzhTVTdGMFBmUHdIdmNZLVBoYi16XzJoLWZIYllER3dXVE1hSXA3N1A1Y1FDQUU1OVhVUXFLaFl6UlFnb1JXVXFCSmZMdDY4ZGZa?oc=5,OncLive,2026-09-17,positive
The T,"The T. rex had a body temperature similar to our own, study finds - Herald Bulletin",https://news.google.com/rss/articles/CBMi9AFBVV95cUxNSGNvSHNFZ3Z1UFRtWENZdnQ5WTE2UnRGbkdIbEtFS2Z0RG5FMkpKamxQNm5sdGNqZWJ0OVlYLTNyRzRlMDVuS0lNZFBIa1FsT2RCNXNNSFpEWHI1WXpiUlhXb013Y1J2bmlFbHAxSXlJVHd2YU4xMWwtNlJhbURkQjBpRHoxdWJ2dUctemNJVEk0X19YZDBtc2lDYWNzcXh4dmxsV3E5UGRNM3hJOWU2cjNCWDNRcHNTeWZTOTMwRHBMTlN1RjBkd1RPOUJuLTBpd1czWkRyRF9zUWtiUFFUM1NBdkhoUG1VSmdPaXF5dGdPT1hh?oc=5,Herald Bulletin,2026-09-17,neutral
The T,"T. ROWE PRICE DEBUTS BIOTECH, SMALL-CAP, AND MID-CAP EXCHANGE TRADED FUNDS - PR Newswire",https://news.google.com/rss/articles/CBMixgFBVV95cUxQQk9Gd2tDbVNhRWFuTXFyLWVjaUwyV0dOX3ViemZjeE1vOXVqbVVmS0p5ZXBLQkwydWZqdE52VnloZUdncHlxemhTc2ZnaV8tbzlkWXpCMGhWRDJFODlJNDBHa1NDRGZUR2F2N2Zid1NyZkJ3RmZRdXNpOHl0SFdiODE1cUZoQTJEUHJmLXYwNGVVZmhOSzJCYXc1aVdJak9WSW9xR2FzYkVrQndwaFJVMHk2SXZhSC1maDlZVTdENkNpaTgxUWc?oc=5,PR Newswire,2026-09-17,neutral
The T,"Tyrannosaurus Rex Was Warm-Blooded and Able to Live in the Arctic, Study Finds - CNET",https://news.google.com/rss/articles/CBMickFVX3lxTE5LV1NyUUFmbDlNaDlyeXFkNnBkd0g5TjBGdnR4V1RTOER3cmh2MkotYWFZMTRfWXVqMUkxSEJPZXVvNEk0alpBckVwWlNLeWJxM0lGcUdJSEFGR3Z3dVlyR3pKeGFfbXhNOWhOZDVWS1NTdw?oc=5,CNET,2026-09-17,neutral
The T,"T. Rex, King of the Dinosaurs, Had a Body Temperature of 97 Degrees - nytimes.com",https://news.google.com/rss/articles/CBMijwFBVV95cUxOQUpEaDh4S005Y09CazVaMXNzeW5EZ2U0NWs3TzVPMks0YS1QdHlwYWNfSGt4cDM2THpHRVNVNUxfQjVJNUt2b2ZqTnpERENvaWlJZ0I1ZGVldVozbURSVHZSUkxkN05RSXpiZjVFMDVJUDNReEtvcHIweDJWWHFMeF9VcWhQWDNJU1hkVmdsZw?oc=5,nytimes.com,2026-09-17,neutral
The T,"What’s the temperature of a T. rex? Hotter than you might think - ABC News - Breaking News, Latest News and Videos",https://news.google.com/rss/articles/CBMiekFVX3lxTE9NVy1NM2lHTlFMR09kVVg4Y084S1FJTTVHdXBJa0Z0SFN1UWhnVzhKX3Zra1VMbEh3My1zMzFRQjBpMjgtd2F5MDdaNjVvTVJwT05hT1RPUFQ5eWw2R0REUmlrSHh1TXVjUWNnaERHRW1ST0lUbjJUVDFn0gF_QVVfeXFMUC1LVUhkNzlPRGk1QlhfUW5CQnlBXzlVUm0zdW1EMW9iT1FYRElXMlZoZUdkSEVfZjdzWkoyc000VXpQNUJsSjdoWXY2czlQeG1GcXZSRkIzdl85eWVRRlMyQ2hNLTNja004WElRMWs1ZzVnYWZHZ2t5aE9WbkJiUQ?oc=5,"ABC News - Breaking News, Latest News and Videos",2026-09-17,neutral
The T,T-Mobile executive who helped launch its “Un-carrier” strategy joins MNTN’s board - Stock Titan,https://news.google.com/rss/articles/CBMilAFBVV95cUxOUXNTdGhIUWFRV0FvUUF1LU9DWWRaa1diQTduLU9aMzR2ck5mVWRuUlllVldMXzJ6OFBOSkFqMzBvWktYYzkxV0tlUEZSMUpRX3ZpWm1JWnhqT0tOMXNtempmM3hFTU9Dd0dhY25jSWFlVmNjX0x1NnJOMmc5MTRuLW5QdjNxQ0d3QVNaV0g4a0JXclNa?oc=5,Stock Titan,2026-09-17,neutral
The T,"Fed raises interest rates: What it means for T-bills, fixed deposits and blue chip stocks - Moomoo",https://news.google.com/rss/articles/CBMiqAFBVV95cUxOdzNwWFVmZFBDY2lSNHQyWEJ4T0NPU0FRcC1UNi14VXBlTExVS1N1RFhINTB5SjNwTGJUN2RSUDVDUVYzNG5JZnV2RkdGUVAwaG5taHRscVRXemp5T1pUWW1KSDhKVlJWWVZwdk9UbmlPMWhmMUZ6U3dUT29DVkJLZzFQQXhQM29qaVA5X0VGMHNhWHhrcUpEai1TT3lscEpveV9JZUdvakU?oc=5,Moomoo,2026-09-17,positive
The T,"5 Steakhouse Chains With the Best T-Bone Steak and Loaded Mashed Potatoes, According to Diners - Eat This Not That",https://news.google.com/rss/articles/CBMieEFVX3lxTFBaVUxpb2pOd09ZdDlFTVZ4R2NXbFRWbUdVOERTaVo4cU5reHo3dmpFVFVSWXVsTVR4bjNjbno1ZzJDNm81U2FsdEM5NDhtX1Z1aFhBQ0t1ajZ0dG44NW1md0VjbUxKX2tlMFN4Y19FWlA4cmpPRmdiNA?oc=5,Eat This Not That,2026-09-17,positive
The T,"The T. rex had a body temperature similar to our own, study finds - couriernews.com",https://news.google.com/rss/articles/CBMi6wFBVV95cUxQdGJWbFVpbm5ManViUVZPUXhXaGpqT0RXYlFIRW1kV1pmXzlBTmhpRmlpbm82VW9xWnFhVThaLTAyX19fZ0h3UFhiVjlPdUdRR0dNS25ZY2JJVkRRSWlqRy13NjUwQUgyODNWSWxkVGJ0RWsxQjdGSE9iakdFdjExb1BOaEJ3cUt5YVV5UnZNU0Y2Tk1FNHdPc2ZCYkFHZkdiZEg1bUZVak5Fa1QtallpT1RUdHR1aTZHcXI0VlZaQnRsdlZzbXR2enphaWRSNk94QzM4Snc1NTl3Z1pJWHRMaWNJcVB1M0d1Qmtv?oc=5,couriernews.com,2026-09-17,neutral
The T,New evidence shows that you are only slightly hotter than a T. rex - Los Angeles Times,https://news.google.com/rss/articles/CBMisgFBVV95cUxNdS1XQl8zUG1meGlRLWVMWEFnellpWGwtTXN6aDJxVEkzcFdpbXNrLUhaelVzTzRXNV8yZjh0cG0xazZVVWItZ3RqcjN3eVU4Y2xhOGZ3QnlaTUtWX1AzMUJEUjZkX0dlTXNOaFIxdl9FcWYxaURSZ1Z2SGdEa2I4Ykc1eWRLWVEzcnNVVWc1ek1LcmZSeDRTTE54bm5TNnRJY3QycUVKdVNDLW1PRzYtV0FR?oc=5,Los Angeles Times,2026-09-17,neutral
The T,Scientists finally figured out the temperature of T. rex's blood — and it was as hot as ours - Live Science,https://news.google.com/rss/articles/CBMizwFBVV95cUxQcEt5Zk1VT09CU3JtQ1FvLVNVbVZZU0VRWU9UVUpxRVpHMERGRUFMVklZU2htSDRrRHFIbXpjMGo5VW1wZVBDajB5TnQxZ1Vnd1Z5VzhGck5FQzVxMFRkNnVLR2tYZDdpQ2dKUF9DVm9xUHV4bUdfOXBRVWF1bm9fbTRUMjU2c1FYZ1VtSEp1WFZsTE52UGRsY0N3NWM5UVhpZUJCRWw0WU5NbDNyZXI0TmtldG11MFdaTXB3elJuTEF4YXhTQmFBREJvMjkzTnM?oc=5,Live Science,2026-09-17,neutral
The T,"High school science teacher discovers rare T. Rex tracks: 'A real pivotal moment' - ABC News - Breaking News, Latest News and Videos",https://news.google.com/rss/articles/CBMimwFBVV95cUxNV2RzcWJZVmt0S2ZKZDR3Q3lWNGRfTHc1eFF0ZXhicDZtTzFVODBhc3dmVEZOM0FpUGlmMFdTVkxPU0RIUGVlOWZ6ZjY4OHdaLTdjZjdsTTJ5ZS1WNW5MRVZpNnlyVDFuTEoza1NqZGxSTTE2VFJTLXJaTjJ2R2hsZC1pNWxJOGcwREhIZzBjUU56VkJhR0VuVnFXONIBoAFBVV95cUxOajJJLWlqcnVKUHhqeGwtcWFoWGM0SFZJRnRBRjE4R3VlY2wycXZRVnpjVHphaENVNlo3LWtHRmhNZGtsamRmZ0VCUnpCWXlhbEVxQmNyZkwzRDM2TlkyR1p3Wm9JeGRJZnNlTjE2RF92SjZUQ0RfQmFKZEE4RGZuTUo1QW9zeDNvQ0ZLakZsVXNBYVhKVUtFdVlULUp1ZmNp?oc=5,"ABC News - Breaking News, Latest News and Videos",2026-09-17,neutral
The T,"36 Incredibly Rare And Fascinating Photos Of The United States That Are Old, Old, OLD - BuzzFeed",https://news.google.com/rss/articles/CBMifEFVX3lxTE9VOHdNZk43MVlFMTM3cVZBYnNwS0wxOHplc29XVWZrd0NYRWJCNWgxY0VLRl9yejZNNU1MQjM2alpoSWdIWWFHTTFwU0pBWTlQVFZYbktLRkUzQnB1SVBXRmFSZHBFSDFONW8xR2hUTzViQ0FCUnZ0VjdqNVo?oc=5,BuzzFeed,2026-09-17,positive
The T,"The T. rex had a body temperature similar to our own, study finds - The Seattle Times",https://news.google.com/rss/articles/CBMitAFBVV95cUxPWlZnT3dNVW9OZW1nVGxFYmxTNm05WGpHNk9MS3RWZXVSRExPeE5Lc3pGNWZuVXFCdWkxa3pZY1o5dTg1dHd5UWduNENyRnJvRnFpTDAxcEtMUXZRclB3T3lhVllkamdxRjlOVjJsR3JiSXFNZk9tdHYtSHZ4a3lnTlJ2NHpXWTNSSEtPb3p6YnMydGViZ0FFVFF3SS1mME9oS1V4bjMzaE1fN0ZBbzgtbGNhV3g?oc=5,The Seattle Times,2026-09-17,neutral
The T,T-Mobile executive says every wireless provider needs to have this one goal - PhoneArena,https://news.google.com/rss/articles/CBMiigFBVV95cUxNRVVhR1prMEJscEdtVENmYkdFQ3NGZzc4Tlk3Tk01Yk5KODVOTFM3Q1FRSlZnUWMtYWFaSU1oVFhZUGpoSF9MRDVMZEVqYzBGTHR1NktvS3pRd2Q1OEtBOGlxTEE5V21xMTgwY2dEaTIxX3lfbTR5UzNUZTVQTzU4LS0yckFaWDlxdWc?oc=5,PhoneArena,2026-09-17,neutral
The T,How T. Rex Teeth Helped UCLA Scientists Take The Dinosaur's Temperature - patch.com,https://news.google.com/rss/articles/CBMiqgFBVV95cUxOUmdjalVEclc3UTBGdEJYWEpyUUlMOXMtX1RSamNQNFBidU9ZRkQ2VTFiM1hheFJDSC1SVGcyNHJKUmRLa01kOTkwWWlJdExTSEplWmREamdzblFabVNRbGNBNVotNWZQVWswNlRWMzZPeHVEME1UdmgtNkxmUlQ0VXRsOVhWdzRQTzlwSHIxdVlSeVlZWmwzNDdJcXlOaDBQdUxTQ1REdmtEQdIBwAFBVV95cUxPZkJkLWJhcE81LVhwUjdnZEx2YUQtcTFNQnN3dVZCbUUzNG1BUUpjc2tQTFZGV20tei1tTUM5UHRxQVhQR2RBZWN2Znhkb0lBTlpmTzdVOTE5aURRVWJqWDYxWExNb1B0alYzYWNHaG5sZDdMektaUEljeHltUlNkQU5WM3c2a2tBU01ZclpuQXhCamVXWmQ3Sk55dU1QaDFhcDhiaFRIVXhuSE54M3VzR01ERW1zUG9YN3FCRnNoc1A?oc=5,patch.com,2026-09-17,neutral
The T,Fossil tooth analysis confirms Tyrannosaurus rex was warm-blooded - KSL News,https://news.google.com/rss/articles/CBMipAFBVV95cUxNN29KaGZOeEVJZnZGOTd0SFZzMjltd2FhNTVWWXA1NDRGbEJGRDNwR0pBeE1QSmpFSzZHc0hXZkdpTXlLV2F5MWxVVUp5b0NDMURWQ2lTS0ZPRDlZNGRianZIUkY5NGlMS3lDdThkZmJkb0t3d1h3MzY5cERGWVlDNVd0N282NlYzTVF2TDctb2I5b1hERUlyQUh4cklZNG01RmFSNg?oc=5,KSL News,2026-09-17,neutral
The T,"The T. rex had a body temperature similar to our own, study finds - Ottumwa Courier",https://news.google.com/rss/articles/CBMi9gFBVV95cUxQZkd0a3ZmazdmTzZlOGctZ3JIRUZ6UUFwYUcyd3RXMDl5UG9JdXhILWExM29KRGtPelFMYjJLejVYcUFkOWVmNmdqYkxMSGk3M1I4U1dzd3lIMGJ5U0RFemc2R01tanR3aVhhdmJVVHp2WnZKZnR5TEFvb2I0dUNmZG5kNUh1blBpeE53dHpaQTJmcWtzWER6TXV1cmEwN0o2dDJYTUR6LVZFR0lJS2hKNzlDNHBINUt1UXJ0Y0pqSGh5YnlFWnRHTkEwRzZSUkxaYXhpc2NGMFFib0lMamVTNUY4dnV5ZDNUQWVqOHFYUDQxU2kxdUE?oc=5,Ottumwa Courier,2026-09-17,neutral
The T,T-90MS (Tagil Main Battle Tank Modernized Series) Export Variant Market Competitive Landscape Analyzed Leading Companies - EIN News,https://news.google.com/rss/articles/CBMi8gFBVV95cUxPamZhSlhkTEtTMEtid3MwVTdqV0k1RTNoMVUtUEVSUllrVFJNeHVraXpXczdrRi1wclNaS3J1SFZHMHVDZzdJXzI3RUhVdVNTUE1JLUdib2dORGNmR2w3TDVTdXNhalVIZnJ2OFpNNzdqTUM5NndDNF9MaEZfY3pTX1dZQUFnZmcwQ0hTTEdrNF9oTXd6N3hSTTUySGxyTlNkb1VoNVBfcUhuQkRJUlZpUm9xZ0pKNXl3Mzc4VFNVR2xvUDhfMkVQVThjMExyZnpwN0JpWV9tdWFtVkdHSUllZ21PTG5LOWhBN0dJanc5LXJjZw?oc=5,EIN News,2026-09-17,negative
The T,Mainstream media gives Macklemore a pass in Kraft showdown | Chronically late BPS bus operator chases T commuter rail deal | Delays killing new homes | 911 dispatchers unsung heroes | Quick Hits | - Contrarian Boston,https://news.google.com/rss/articles/CBMifEFVX3lxTFB3MnJtLVZGYUx0eDBTYTVIcEE2dkhaaGd3T05ndmJhR3BjMFFLRDZyVFJYWTE1amlzNGd6MkJoME5zNFRaRnMzVUtWalFfUGYyOUF4cjlNQXRWVVNBNDItWXNfYklTTzdXVmNzQm5yS29tR2luM1JaekpEMFg?oc=5,Contrarian Boston,2026-09-17,negative
The T,"Buses Keep Getting Pokier As Wu Administration Cancels, Delays Bus Projects - Streetsblog Massachusetts",https://news.google.com/rss/articles/CBMitgFBVV95cUxQRGttdEI2b3pYUHU3ZlNrR3ZRbEh6WDdNUlU1UTNkcVZyRXdjYmFUUG1ndE9Nek0weFEzT3hNRE13dGRGdHdUcTI1Z1NHZW1XSHktZ0Q5NE51STdqcHNJUWFfaFpJcGkwTms2OUJPZGtmVThXd3VsaXg5YVl0QVJYb1A3N3FOWl92YVBrNzg3YlRSaFNPOElqbWJlOW1ISVJ3Q1R5eGFCMmpUQ2lOMUZFRlU5UWxLQQ?oc=5,Streetsblog Massachusetts,2026-09-17,negative
The T,"Kylian Mbappe, Vinicius Jr and Ibrahima Konate hide Real Madrid’s message of support for Ceuta - The Athletic - nytimes.com",https://news.google.com/rss/articles/CBMipAFBVV95cUxON2x5VjBMSkFMWl9wbWZwRGctTUl6X09WVzF2YlZiTHd3NUhoWG9RWFc1Z3FDdU13SGdhbEg3b09IQWZPMHF1M2xNdkZYRlBfYkl0Q3VZVHVZU1UwTUFMcGtDd3pwZV9WS0ZMbXdfNTFmanhZUDZrVGZ0YVdHa2FQbkFOYnQ4c0R6OXhnXzN3SXM1N2tQWk54eEl3TnVYeHlOR2lUMA?oc=5,nytimes.com,2026-09-17,positive
The T,A look at the Boston's slowest — and bunchiest — bus routes - WBUR,https://news.google.com/rss/articles/CBMieEFVX3lxTE80TjBQXzlpMUd4RW1TT21JZTU5TUlGV1NfdnVVNzFxS3FSblZLQndhRFBLNG9LcXZFT29wTzUzMkJ3czZXUm1ScG1hcFNaS0YxMjNRTDNCVnRpd0VaNENZTjU5N3hGMmUtbTNEMGxHSDB2ampaTEFlRw?oc=5,WBUR,2026-09-17,neutral
The T,"Skull Session: Ohio State Has the Most Expensive Roster in College Football, Kirk Herbstreit Doesn’t Agree with the Buckeyes Falling to #6 in the AP Poll After Losing to Texas - Eleven Warriors",https://news.google.com/rss/articles/CBMihAJBVV95cUxQV183eVFrQ0g4ZlVSTTAzc2VKVW5yWU9ndjUzMFA0RHBPbDhFY1N2aG1JcnZLTUJSbVF2Q3pLZlVKVjlOMDdTSjdkNlJXNTd3bFA1c2FnOFB2RHM4a3g0LTc4dUVHRmpEOW5iVFZNRHdKUTRKZHBBUlZFNG5BTFlfTEFtUGN1eVNuQy1nc0JqR3A3ZlViRHJsVUMtTXpNaDBTNm12blZfYWdlNHlSVlhLTDJXVlFqNkgzRUY3dDZWNGVtUkpUQ2tjTzB4SVF4QnhPZ0ZVSC1LRDdyZy1pSU52UTFncFZPREs1VTFoRTgtNzBLOElIc0ZnMVlPU0RGUGwyVFF5Vg?oc=5,Eleven Warriors,2026-09-17,negative
The T,Tito Ortiz wants to make peace with Dana White: 'I messed up' - MMA Junkie,https://news.google.com/rss/articles/CBMiwgFBVV95cUxNSl90N25WX1hHSUQyNV9qX25iT1hyTUdTS3F0X0t0QkFLNDlRRy1DNFEtaGZhc0luaFV0V2J3NURJZmRNS3ZvYVpZVU4zTWJCTDdkbzE4LWZyd3lGNzEtaFdUY0lHejRVb1VIWkNpdEthV0RjTWtXTmFpVXlWVDhfMmhrSEJSTFhLZS0zNVdweUw0OWVwaEZ4YlE1Y0RPT25WZTlXQlNIbDI5RV85Ykd5U20xbmhaanZZWXVkV3BjUFpGQQ?oc=5,MMA Junkie,2026-09-17,positive
The T,These Four Giant Dinosaur Footprints Discovered in North Dakota Might Represent the First Trackway Made by an Adult T. Rex Ever Found - Smithsonian Magazine,https://news.google.com/rss/articles/CBMikwJBVV95cUxNNmdEeVBjTFl4RUZ5NHFSQ2NMb0NVc1RaNEdWVElZbDRVNGZ1QWlUMUV6cF9qSHFwbE5KOVBNamVQSmRtYkJmSTNyMWUyelg0S2hjZDV6NmR4aVh6YjlPWHZ5QUlZQ3VqSThJYzdiMzVfWWotY1Nsekp1cV9zeGJnQWJGR3ZLZUNnbDdHUlNuVGtaWll1MHlDckpJTDlpVXpKblB1eGtLMnBvYVc5Mnd1TDRCWmpIQlJhX3c4by12QWF2aVNTNXNQZHZ6ZEtLRTFRZ1F1UVpBRVc3NGNubm00ekFCcHF3aHZXLWpIWTA0MlNNaE9uRVg1QllqaE9jWjA1cE5GeHQ2alNzVF9vbDgwT3c4dw?oc=5,Smithsonian Magazine,2026-09-17,neutral
The T,T-7A trainer fleet to reach initial operational capability in 2027: USAF training chief - FlightGlobal,https://news.google.com/rss/articles/CBMizAFBVV95cUxPQ1VITVdsVUI0YzdFODhwQmxOMThUUHFtSzJySGw4MV9pWE5nMFFrdm9RWjlQbV8wNDVya3M0OUlRQUtoQkFFOGdJc3JnTlRHWnh5aGthZ1gyNnZEb2VGZGRLaERhUy01bmJGTFZwN1oyYjhwSUhaRnVEbnN4UjlfTEV3azRkM3R0NHdNdkx3Y3plREVHamgzbU1uVTh4cm8xSTZMN2VQamY1ZUxIbHFRU0xNUHZtb3dEdE1uWHhGTENmTmFvZHVkeDc1WDU?oc=5,FlightGlobal,2026-09-17,neutral
The T,Tom the turkey is causing traffic backups in Bethel Park. The solution? Stop feeding him. - CBS News,https://news.google.com/rss/articles/CBMiigFBVV95cUxOSEdvOXBYMHQwYkRuaTByTXRXUGdHVHNDVl9TdGNDRVA2ZUR3RmtqMXBQZHVlb1dKcm5pMWtqZG9WcW9ISlhyazlGeUN5b0xjdEI0MnJlNWc3d2xacEZ1d2xXMmhQbGt1SUJKUGlIaTRDT3JJS0hjbWQyaFptMmpQNjUtVE9FRERNS2c?oc=5,CBS News,2026-09-17,neutral
The T,New York Fashion Week is full of beautiful food. The beautiful people don’t eat it. - The Washington Post,https://news.google.com/rss/articles/CBMiygFBVV95cUxQMGpjVXdhYVRhWE9NWUpTNlFaOTBMZkVSbFh6dlBmemFDRGJLZkg5MnE1TVE1cG5lbEUwOWFvNzRTVWNPMmJTNjF3bXcxbWtDUG1LdUNzUVNodTBpaGtQUzNvVVVMTEhuOV9pZjEwTlFXMDBnZVAxUFZDeWxObDUzQ01UZExfVmxjR0ZickZ6X0I0VjhjRnE3Q2g2dHBNWmE5dXB1VFZPZUgxbzJzUjRsYlVzSzB5WmxsN2FRakpIc1A2Z2ExS2RXcGZB?oc=5,The Washington Post,2026-09-17,positive
The T,Dr. David Cangello on Piezo Ultrasonic Rhinoplasty: The T… | Cosmetic Treatments - Haute Living,https://news.google.com/rss/articles/CBMinwFBVV95cUxQVldkZ3JFVUczMFJHZmdkT3JBTFdPbXNKVXlLelQ0WEFOeXlTdUpLYUtjM01IbXRCNk0wOVNyaGpPWjFpcTRrdk1EaVh1eGR1WDRiMDFJSmdtS0tET09ncW5mdkQ0Tk1adnkyQkJKaHUtSGFjMmZxbUFTdXR3dEo4c3ZKeE9LZ2JQeHRqaks5YnFMbVVOX2lEQlR2bVhrNUE?oc=5,Haute Living,2026-09-17,neutral
The T,Lamine Yamal’s Refusal Influenced Barcelona’s Decision Over Ceuta T-Shirts - moroccoworldnews.com,https://news.google.com/rss/articles/CBMivgFBVV95cUxNbjVYRWJVMzNFeU9nTnVwTUtRdzRjQWxMUy1nVkhOMmtkUEhxTkJqVXU3TnJIbmlUaWZUQkdFX1h4V2ZiVHhtOW5vRlRzVHVQT3ZxOUNWaUxiUUdRYXFzTkxoTG1ZZVJocGtEWjM3cG5lY3VEY1hHZVBxQk5FWmlyUldXaUthMHNKOWNpV0ZHMTlxaFpDQl9YWnZMdW40OVIzenpJelhhbFdLQWg5OV9KYjJjWVpRMTBBR3Rvb1dR?oc=5,moroccoworldnews.com,2026-09-17,neutral
The T,"""Bron sliding into that space would've been perfect"" - Matt Barnes says Timberwolves are one piece away from title contention - Basketball Network",https://news.google.com/rss/articles/CBMitwFBVV95cUxPZmZKRmstRTJyYzdyWjhfNDkwc2tuTWZkVXBCamZUSXZlTlY0NFE0b3V5MkpVeFI0M2cwMnZqQjI0RDNqdGNSdWxYLUZXenNJV0pCZU05MFB2RUgtNWpsYVpQTWZtM29yVVBGWEFSNEpPb1ZlZzRiTEVhNW9fY2dNM2hISjFGWWk4SC1KeXhiZU1zVnhqUEhqOHJudlI5RU1YOEEtd2RRTTM2Q1V5VklBNGFjdklCYzQ?oc=5,Basketball Network,2026-09-17,positive
The T,Why Did the T. rex Have Such Tiny Arms? - Britannica,https://news.google.com/rss/articles/CBMinAFBVV95cUxNbEdEdU0yOFpiWmhDTUx3Q1d3clBHb2hQbkJKU296M2NDa2FWdGFvVWIxRFQ3dmtTNHEtcDY3S09oLXZhN2dvTkZsMGl1Z0stb3lkR3RqNjBLS2V4akpVcGMwV2RoWW5IMzB3VDdFZktkcUZnZGtCc210M0c5V0lIbTNOaDdjazBmamV1bVp2VV9rMnRYNHU1LWZpLTk?oc=5,Britannica,2026-09-17,neutral
The T,"The T. rex had a body temperature similar to our own, study finds - Terre Haute Tribune-Star",https://news.google.com/rss/articles/CBMi3gFBVV95cUxQRTM0eG9McXNVTHVTZzVTVE5VTTE2OVN6ZGVkZFBYZFlJSjJLZU1nY3NZbGE5WXdmSl81SXp0WU1rbFNtYjVuRzMyOHpLUFJfeWpwLXlZS0c5QnJ2OUtwV3ozZVNocTA1VHpSUndIaUU0a0J1cVUxdXFMSlRQMDc3U2FvRTU4Um0tSzI2OUhqMTBxMzZWZWRVdEJaZzZ6dzNGZ202a19UMEU5bFlnVGNQazBvd1ZYYkk2WFV0T05MTDlYZFNubzhBR01IdW50VHlsNU9Bb3l3eExFWkoxTEE?oc=5,Terre Haute Tribune-Star,2026-09-17,neutral
The T,"The T. rex had a body temperature similar to our own, study finds - Reading Eagle",https://news.google.com/rss/articles/CBMicEFVX3lxTE9BMTFIM0xJMGZKTVVjRGNlTEFINnFsdV9oQWFqLUZ1QVRMcVdOMkJHbTZVaDJLVHRiX3J3M3IxSHZEVW0xRDFpMGt0ZVR2a0ZRRjNpMS1SWWQ3VjR2LUZGV0xmdWdILTZiUmRIaENBckM?oc=5,Reading Eagle,2026-09-17,neutral
The T,Why The US Air Force Is Quietly Retiring Its Entire T-38 Talon Training Fleet Ahead Of Schedule - simpleflying.com,https://news.google.com/rss/articles/CBMioAFBVV95cUxNNjBVWnNsUHZubkdOMVNRVXpaVEdEeFZ0Sk03VHJNbVhWUDFENVk4dTk3SlN2dGlySUlCc3NjSVBldFhKNHV3VGxnQ2RpRkZIZi00Y0EwS0JETEdDbDBqR2U5RjlXR2JHNkYxNEVUekMyUmlTOFZZbktQZkN4a3dKd0EtbF9WSmVPaHItU1MzNTQ0eV9TTlktMVkyOFhIbU1q?oc=5,simpleflying.com,2026-09-17,neutral
The T,"Tyrannosaurus rex was warm-blooded, new study confirms - Popular Science",https://news.google.com/rss/articles/CBMib0FVX3lxTE1rMzJ5LUFYX19kVTF3NjhrMUtMelVSMkRFVlhPcHdEZHlmYWltNk9CLUgtamcwV2FSN25td1dFUHVCOVZvcVNvU2Q5RHlwdkY3UDlZZ3Y2YVcwSWwwblh5WHZSVk9YM1l2QW9HSUEtWQ?oc=5,Popular Science,2026-09-17,positive
The T,A T. Rex Walked Here: Teacher Finds Rare Footprints in North Dakota - nytimes.com,https://news.google.com/rss/articles/CBMikwFBVV95cUxPQ25US3U2UE5obzNLRGozdFN6dDZFZXp2cGRyU2RPOGlvRnNBNld4dVNCb0xxN29lbEJKU2x0RFlKbk1EWTlnemNNQUVHZHZua2RNS0Mwcy1DdzI5OGhlTkZ4SnhreGpDNjFnOGUwLUNMb1A0b0NLeTFFNU5nS3g4Wks2NnZOUks4eUhyYXJ2UzNPdUE?oc=5,nytimes.com,2026-09-17,neutral
The T,Movie Review: Resident Evil - The Best Resident Evil Film Ever - Push Square,https://news.google.com/rss/articles/CBMimwFBVV95cUxPOHJDbVVVVHhsUFBMU2hQVEFvenBvb0NKbGZiR2ZwcjVtMGZIN0VVbEJxWmpMeDBRa0tPVzdmV29SR0VsQks5aDNTNTAtemFzODI1U2RLWmtneEw4bXVXVWl1aXppR09fTzBmcUpLdUdsaXNlOHNlOVUyWlA0WlFqS21yanhEX1NzMEU1R1RueWRZOU1FNS0tbTA2MA?oc=5,Push Square,2026-09-17,negative
The T,"The T. rex had a body temperature similar to our own, study finds - The Daily Gazette",https://news.google.com/rss/articles/CBMi-wFBVV95cUxPRndHYzdsd2lYR3JnM2pLLXlMakxtZWppcWhpVGk3YU1vdzA2dXppUTJSSnBkOVBMZFpJV2ZITklhdmZsOXpmVWhxMXhVWEYtbzZ2MklFSVdIVGNwTDFMZnhTMHFnN0ZWUEFxWXJrR3Y1WERaY0NiQW1malYzVkRKNTczTkdOaEVKampDQWlSdVBSZHhkYktUREVqUnBnYmN5MnljYlZmZjFlOEJWVGhEeHozR3Z6SU15cEstMnZnZVowTjBDSTBObEU0am9nbzR2eWNnbU1xRTA5X21iNFFKYWNxbnhlR1Nld3dHMlRuR0ZhVTlTaWVHYzNSVQ?oc=5,The Daily Gazette,2026-09-17,neutral
The T,The T put high-tech fare gates at South Station. Some can't be used when it rains - WBUR,https://news.google.com/rss/articles/CBMifkFVX3lxTE5URHU0TTMxWWhvcW5fRlllTkstTUwwWUdMdHpGR2R4YlUxZDBkWFl1Q19CSVo1UEJONnJGRGF5azdfLWppZFlpUXJxVmNwNEt0d2FsRWsxTzA2alhKMlNSLTh5clRMQ0YzalVVdjRYWUhsQUhla1c0ZEh1aFlZQQ?oc=5,WBUR,2026-09-17,neutral
Washington Metropolitan Area Transit Authority,"Transit Leaders Convene in DC for Safety and Security Summit, Capitol Hill Advocacy - aptapassengertransport.com",https://news.google.com/rss/articles/CBMiugFBVV95cUxQMWhaQU5kQmZQbkZ5TjlxeTRjT3Y1Z09wNEVYd2hFaEJGYXk5R3ZYVEpxUnJ1ZVAzVVhNWm9iT2h0blpzSm95Yml4aGVYLXUweGZ0MXI1RkhZZkVFWFR5S1YtYVpLNWZjbU40dmZXTXpNWmV1WllvcXp6Q050T2Z1NlpSbFJ4QzZWeVNmMzEwQjhFcXRKUkQ0b28zbXUyMTB2RmtqM01faUZDM3pxT1BGUEVpTTlfMnYzUGc?oc=5,aptapassengertransport.com,2026-09-17,positive
Washington Metropolitan Area Transit Authority,WMATA and bus union reach agreement on fare enforcement - FOX 5 DC,https://news.google.com/rss/articles/CBMifkFVX3lxTE53cWZIMThRMXpjU1h2QU12Y29aR0FzMmlYVXIyLXNOb3prZWs3Q0dEYWtpOXFFMnEzLWlXemRYaV9BSmhSTUx4SlZrbXNyaWt2dFh1bHZ3UXBjSk9PSEtOYnhaaDJqWkpxcVpnTHEzOWVyOWN2QlExS3FNZEZCd9IBgwFBVV95cUxPU2RBWmFTSTVVVTJOQlphQnUtUnFsMnhKQUotdHZhZWhuYi12Nk1ValNheHBBQTUzb18yREpWMlluWnBndl9uSUZrc0hlWmZUVl9xTVI3bU5jd0drOUdhTElBRnUySlFoRUt1bFlDWXFvcGw4bmFSbk40SEJNSFlpdVhLSQ?oc=5,FOX 5 DC,2026-09-17,positive
Washington Metropolitan Area Transit Authority,The Transit Chief Who Made Metro Popular Again - governing.com,https://news.google.com/rss/articles/CBMiiAFBVV95cUxPb3BpRWNTOWw2RVpIeHNVY19iSlpnalR6OFNjRDVkeUM0MWNGcVlHZDd5S3E4eDlPb18yVEh2NjJWcENocGRITjZGODRSb29RM0w0NkNkMVBfWDhVR29BQ3VYWjZrLWVyaXFPekw2eUdXOW42NTFOX1V4UFVoZ2g4bEthSUJHekht?oc=5,governing.com,2026-09-17,positive
Washington Metropolitan Area Transit Authority,WMATA Wraps Up Red Line Project - Railway Track and Structures,https://news.google.com/rss/articles/CBMilAFBVV95cUxQWjZIZXVkWGpUbmNuclBUaWl6VkZNOWx0QzlkcmtEUWJBMlBKQUowQWk0N1RWSDF6eC15dE9YRmgyM2xXMXRsOXUyT1VnVUdDNWNmc2ZnelVSV3VfNFJScTQ3UjFibXpVZDY5YU9ybzJSOUhZN3ZWR3FuYUtGOGlGT0J1WHI2bUluWERrVV83bE13M0xM?oc=5,Railway Track and Structures,2026-09-17,neutral
Washington Metropolitan Area Transit Authority,Inside the team that responds to all the complaints about Metro - The Washington Post,https://news.google.com/rss/articles/CBMipwFBVV95cUxNZloxLW1YZk9aSUxiQjk3T05SM0ZDTFBmN1haSEdheGJoeXBiUDQzQS12NDYyN1c2eHBkb241VkpfdmY3M0VZN2lUVHl0Z2l0cjRwY3FMLWN2V3dsdm5KSldWa1kzQXBLV0kxa0FyQ1psSXI0a0NBRnF1VG5MZzU2cjltZnUySzZCNXBSV1pHOWFzQ3oyRjF6cUNLeFRjSzhHdy14OVkwTQ?oc=5,The Washington Post,2026-09-17,negative
Washington Metropolitan Area Transit Authority,"Metro's Summer Red Line shutdown to end on Monday, temporary bus lanes will be removed - WUSA9",https://news.google.com/rss/articles/CBMi_wFBVV95cUxNb0ZCRm5Nb2Z3VWkxbkZmOWVqTkN0UGRtR0ZjVWRlN0xhcUIyb3g4Q1NRcTZSeWpxM0VBcFhPZ3JkZDlocDQ4MzhkajVVQzFablhkVjNXRVlYUlVRS3FOcHVXRy1rR1d6czFCN05RX2hsT3JmRGpPdElvb0ZIYVhVb1BjUHk2Vi1rMjVoZE5JM0tuOTZxbTg4RGhFY3E1bmM1aVpONDFwUHhNR00tT3Z4aDFEU0hmVHcyMF9XclZiZl9hdGdtYUJ6Z0gwOC1ZVkdMeTlUS0ppY2FSX3dmN0N2OWdneG9SYUV4bkNQNkZEOXkwZ0dlZjJfcjdHbTFUdG8?oc=5,WUSA9,2026-09-17,neutral
Washington Metropolitan Area Transit Authority,Why not everyone is happy with DC Metro's new signs in stations - USA Today,https://news.google.com/rss/articles/CBMi3AFBVV95cUxNbUdmSWx6RnpDQWQzT0pHRktfZm9QTWJDc1BwLURXVWd2TjRuVldKeXlnMklhWDlla3d3LXZPQ3UtbzFGMHlXdWQ2c0loSDRwbk90MWtzY0NQQmlBNUUzZk9idDlTTkJ1MXdJM3dybmpPLVMtdlRkVFR2Q1pGanlWa2ZGSG1nUFY4THJ2Q09nVi14Ym5hV0RYR09Oa0lfanM2WFJlWHgxT3VXTFdKa29qcEdwbDdqenJ2bkJwQXVNVllSRFhVX2hjOFljTzFXLWhQQ1I1Y1JCS1ZYQUst?oc=5,USA Today,2026-09-17,negative
Washington Metropolitan Area Transit Authority,"Grosvenor-Strathmore, Medical Center, Bethesda Metrorail stations to reopen on Labor Day - Washington Times",https://news.google.com/rss/articles/CBMisgFBVV95cUxPSENlam9YMHByMklNSHk2NTNwUlpGQk5KRnltVWFkNF85NTZLSm9hT2MtWHh2TGZPT2NpX1h2bUpqSnZqWG9VR3NQZjdyVVdxMnY4WE1SV1R2QmpfaDIxbC1MSzdjSmRIb1E2SGstWmxPNUNwTXFBZDlqNU9lajFjQ1FPUFFOS3dWdTItOUc3RDJrM2QzY1Z3ellzVmowMFVIa1k2UVcyZGFlaXg4Q3hEaVhn?oc=5,Washington Times,2026-09-17,neutral
Washington Metropolitan Area Transit Authority,S2 Meets With WMATA GM Randy Clarke(14) - Homeland Security (.gov),https://news.google.com/rss/articles/CBMiX0FVX3lxTE9LV2RjOTJUSmkwcmFWNTE5VjRMY1YzTWNUU2l0aVM2SEJTUm9EODJrZk9fQ2haNlF2am5QNUQ2V0hQbFd4TGs5YUl1cktXbEpQZm56Nk9sVnkxRVdfYnIw?oc=5,Homeland Security (.gov),2026-09-17,positive
Washington Metropolitan Area Transit Authority,Washington Metropolitan Number of Employees 2026 | Employee Count & Headcount Data - Revelio Labs,https://news.google.com/rss/articles/CBMie0FVX3lxTE1zcWY4UjVmRWw0Z3dVQnZic1hGU01yc1ZwX2RBYXo4anM4NHFzNHJyd042RktlZEdfVzBRMlBySW5wbUVWLWpQREZqNlpzTHNwaWNaS1JWdE5nemFWcUVvclRLYWdJdkRwR1YzVUgtY0prd1RrZUlYXzJfUQ?oc=5,Revelio Labs,2026-09-17,neutral
Washington Metropolitan Area Transit Authority,Indra Group to equip the entire Washington D.C. subway network with an advanced customer terminal system - Indra Group,https://news.google.com/rss/articles/CBMi1AFBVV95cUxPMGF1a3ZiMlAyalE0RF9lcngwbGd5WHFnVUdTeGFGcnkzSlpTZXU3MkxzX21iekVxdWNLd09CWWp3YlV3X3lGQnhFQlprQlRlNjdDaVBwUlNoNnlfaFhjYkJFTXhVS2U0M1lXTlNzUi1tZlNBSmw3NVd5Tm9NSGVTRHYyWDAyeXplNmdnWEZmaXpDcWI1czVfZkdzbjJYa0d2RGNodnVIR0E3T2xDRUVQd1hSeGJXSEczVTdid3hQTnVENEQ4WndIaFpJNXZmVU1XUXNQVQ?oc=5,Indra Group,2026-09-17,positive
Washington Metropolitan Area Transit Authority,"WMATA engages Indra Group for customer terminal, ticket vending machine upgrade - Mass Transit",https://news.google.com/rss/articles/CBMijwJBVV95cUxQaFJ1MjlFRTJWSEh1MUI3d1YyT0tVemp5c3ZsNV9oWlBMSHMzUDgwTUdRaVpaUS0xMlVHdm56V18taHd2MWFpbnBCUURaX0NOVkVlcXJSZ2xDSW1jdkhJcVdKNkdPdFdwVHA3NlpSOENhVFVJZzhvaVlGOW9nWmZFUFpDNHNIa1NwYzNIVllxTHZWLUg4WFJ4TFZEYVA4clB2SF9HXzZyQ0ZrZ0RBN2ZQV1BXSHRYbF94RjJJVXBPMjVOVDY4TkZGRjhCekgxcWtEM0l2cnVpdm9WOTZhQ0laX2NSVy1LeHN2MTBsd24za0Y4UmdZcTZ6MkUzU1dMdlAyT0xRanpsSkR4bW11WDNF?oc=5,Mass Transit,2026-09-17,positive
Washington Metropolitan Area Transit Authority,Metro and IndyCar team up for a busy weekend of Freedom 250 Grand Prix events - wtop.com,https://news.google.com/rss/articles/CBMiqgFBVV95cUxPZHJ1cXRGN0F6cjhoSURZV0dfUllVOVFnNUZWWXF0Tmpyc1o0TXhvRHJhTnNxLXdPemlVTTB3UnhkbTA5NUFWYmlDRndJTnRNbGRWZUVORzBCVl83V0g1QnlZRUNxUEpDZlNYN2N6NU5PbGZJWHgtZERlM2RrcFFPZmRUbk1pWHlDQVJGakYzNVNoVUh6N2xzQ2hhMVhPcU1CTWtseC1lX0xDUQ?oc=5,wtop.com,2026-09-17,positive
Washington Metropolitan Area Transit Authority,MARTA names 3 finalists in search for agency's next general manager and CEO - CBS News,https://news.google.com/rss/articles/CBMisgFBVV95cUxPNEI4bklYYk50a3VTbW4xS1hZZElfcWUwdHRnQmpkME5DbWtNbnViZ1pldldPejFWQ2MzODNmdTM3YW9mVzNDb0hQVUlLRFhieXg4Yjh3cWotVk5zVVVnWGNBb1BhY2I5b3lUX2V0RjZRTTRJcTV2TDgwd1llLW9BSDF1czAwQ0tfbjd5a21BT1B4TGpfX0pXekhQSUFWZ2hLT0hOY3Qxa083d01hNUtvSGZ3?oc=5,CBS News,2026-09-17,neutral
Washington Metropolitan Area Transit Authority,WMATA pulls commemorative Freedom 250 Grand Prix Smart Trip cards after finding defect - WUSA9,https://news.google.com/rss/articles/CBMi2wFBVV95cUxON0RaaFBvWjk2dFJRUzBWSW1HY19EU1Z1NGxISnNOMzZiaEk1Qm0wN2ZrQmVjSHUyVXFxb0lsaHBzcjJWZzJFQ1JBNVo4TXhsRTZsZ0phQ21jaXZTRFJhVFlPQWxiVjFsQndxNXhWQnhIYlVuc3dDd1VuRTJEdmVvWkNCOU9ieDlMX1lMbTR6UTRkM3RubEthaHdfVmZ4Ykw3VXluZDh0Nk9TSThtZEtVNG1vbXAyZlZ2OXhaTENUSTFsc0RXSzV2aFZxZldhdmo5MnhDVjBSM3FjSVE?oc=5,WUSA9,2026-09-17,positive
Washington Metropolitan Area Transit Authority,Opinion | What is undermining the recovery of D.C. transit - The Washington Post,https://news.google.com/rss/articles/CBMitAFBVV95cUxNbHQxNjA5bnk3Nm5nY3l4dE9URC01dFZUU0drOEd2REhWWTVUa044dmp6NkhSUl8xYk9EUVQ3VWFLNDRvYnlpUnlReUhKZG9lRngxWnFoQVlydVBqTWdpakc2dE5yZ0FpdmNVb3FOeTBzcHlTaUVFVDNaQ2N3azZGVmVRYTZ2T2F6UUtzaHROT1M3OEp6QUZIR2ZuakdYaWJYZkpRSzVNcHBjV0J1U01YcWFyMFo?oc=5,The Washington Post,2026-09-17,negative
Washington Metropolitan Area Transit Authority,Why Trump's Strait of Hormuz blockade may affect DC public transportation - USA Today,https://news.google.com/rss/articles/CBMixAFBVV95cUxQUW5pcFBLN2VDY3lnb3kzblduUC15S1BzSnlFM0VzT3M5NkhoYWI3d2ZLODAwdUxvampvcGN5dXZsTWFhYkl3UVk5SjY5N0dyaktpb1ZUTkk2NGhxOEVmYWwtRlFBM1BjSnBlcFY2UnV2SDNZNl9wQmdZTDBQM01YclR5cjVDRG1LcGw4T01DSEIxeFhiVkVtOThpZXFVMjE5TFVBR0xRd1NxUVZTbXY1VG90enBNal9mblRHdWNUZmY5WHd6?oc=5,USA Today,2026-09-17,neutral
Washington Metropolitan Area Transit Authority,The Purple Line: A DC Legend Nears Completion - aptapassengertransport.com,https://news.google.com/rss/articles/CBMihwFBVV95cUxOUXJtSW5zT090d0ZzZkM4Q2J3ZjBhalJaU3NwOGdETWt2SUdtRTlwMlZXbGRlbkFqdWl3LURYRG1uLUJiazl2a1lKVkRvdG1qMW5xb255X2p0V3A3NkY2aFdYcWNUcDJQaF9SUXpyRnlwNWFGVmZ4bXJ4ZEdrSzdFS182MU9fSm8?oc=5,aptapassengertransport.com,2026-09-17,neutral
Washington Metropolitan Area Transit Authority,Metrobus operators push back on fare announcement policy citing safety concerns - WUSA9,https://news.google.com/rss/articles/CBMikwJBVV95cUxNbHpidm1seVpqaU9MT0w1M0ZTSG52WDJRbWVxdlBkSWV6aU54ZVI5NU1rUWtwRm1PeUM4blRXQ2l2blJSTG5FbGJRTGxXV0NUemM5SDJVVWpkVUZ6bjRmM0loV3FiX3JaenJnQmFILWJIMW1QNnJlSVpYMGN6OVRZa0lWUlRXdkxHbW90RXJXbWxZbjVqWXZjdnNGVzRYd25YWmlQZUxhSmtKcnVOc0tzSXB2OG5uUzdoYVljVjNSN1NJczNRbExjRHdTVHAyaXRZbnFER2NxYmV4X3B6cVV2S1k0ekNkR1NKSGNKZzRfWm9EOThsVlZIUVc4Y2RXdW9od3UwRVpiZHNXTG9nTHgwdFZFYw?oc=5,WUSA9,2026-09-17,positive
Washington Metropolitan Area Transit Authority,"Red Line delays caused by water intrusion, WMATA says - WUSA9",https://news.google.com/rss/articles/CBMi2gFBVV95cUxOM3lpQlg2ZEg4akhNQVdaV2dBS2F6dXhWTWl6dERmQUdYOFNUNWdxS2doWnNnU01MTDdCMF8yNkdVREt0eksxVm9Qb1ZMYWpMX0VSVEh0TElrOHNwTnNuelNkVDFFQ3ZKaGlRLTZ4SzJkdV9fU2F2ZU1VOEpLOG10Nzlob0VZcGpfeVVPVGFCaC1kR0xENVFaRnlUVk9TZ01LeGdGaXFmcjhqMXpMUEZyR2tGb0tUTnJJZF92OENLSzZpbXJQRW04eVhnWFdMdS1rYmpxeXliT1Yydw?oc=5,WUSA9,2026-09-17,neutral
Washington Metropolitan Area Transit Authority,"Fearing violence, some Metro bus drivers are bucking order to announce fare - The Washington Post",https://news.google.com/rss/articles/CBMiwAFBVV95cUxPbk95X25fZUY1N3RCaFdldlJzYmU1RHJuVU54QzNwLVF0YkY1cWR5b3BDbF95SmNIaXpvcGdYNUZxMjBLakQ5bWhsX2kxWXpwVy1OLVVaMDJ0NU10ZUVjQzZlQWdtOVB5WWJKTFAwRzRwTFNKMnlMdGZYZkVLc2JyWmNjM01kSUFNLVMzVnRVVVBlSnhtOHY3ejl0ZW5zMlZGaGppM0NSb3Z3UG96UF9fXzdWM0VSdXlkWDgwSUh4dC0?oc=5,The Washington Post,2026-09-17,negative
Washington Metropolitan Area Transit Authority,Metro says it's so hot that trains must go slower - WUSA9,https://news.google.com/rss/articles/CBMiywFBVV95cUxNVGJGb3lUNmFFSTJHNTk5NXloTGpFY3JxRHpyOFhxTG5oVEJLTWdiWWJpbUZBSnI0Q24wUnNyUVpmQXktX01oYWJiNzJHWTV2d0stcG56WlhNSGxzWVAwTHlrSFJHQmxqMGdNdHNjM1A1UEJRYTRiOU1WMTFpQ3h5Ti1hMUZnMlpRYXN4cDdWN1dJanhLWXlSdERNeGs0akdKOGluQ2w3SDV1WWlFMVBqUkJ3MTNQa1JMdXp1NjdjaG05Vnl3MlV2elV2VQ?oc=5,WUSA9,2026-09-17,neutral
Washington Metropolitan Area Transit Authority,Family sues Metro after missing man with Down syndrome was found trapped inside WMATA storage room 6 days later - WUSA9,https://news.google.com/rss/articles/CBMiiAJBVV95cUxPNEh6TXB3cmdXRTVudlBIQ0lST1ZCS2I4M0xwaE9vYXRtUEhFRFhKY19LdU1wZ2xTWk5ic0Fua183b1ZkUjBXZlVNaWxCaFpoVW9TbHRMc1dNaWRsSzE3Y3BKZnlWdWdBekhJdHc0MTVFZlc2U1lON092dXhHa0pZUjJHTVl6SDV6YjFxeXM5bDZQU0h0RkJYbDJDZHNZZjJWRXp3VTF6WnNQby1Gc0FVODJhaEpOVHZGN1EwNkwxSEdLTTlpeGdoZ1Vua1hoaWV4bEdiZ2hNRElYYk9FZzBFYnVMUjlzaUZBR2JNRGtub1RwTG5sUDRtTXF0ZmxRQzdRbjRJNlozclQ?oc=5,WUSA9,2026-09-17,negative
Washington Metropolitan Area Transit Authority,WMATA releases list of major disruptions to Metro lines in 2027 - WUSA9,https://news.google.com/rss/articles/CBMixwFBVV95cUxOUEdtemJkdlhkeU1vbTJkRm05VWdRZWpCZ1ZDTmZKamZDRTFFV09DZXRvNFVfbG13dXljeDRvWk43bVdSY0lPRE5CelE5ak40NzN4RmNxSXFqOEhqNkF0eXd5YTFhSnVvcFYtVml1Z0xtUExJZmlkbFk3UW1xOGtMNHJ0UUk3UWxaM0s3SEkwV3c4Y25ETGh1eGstSDJNUzRjWVVSbVg3WndScmc4U0xTUHduTzhZNEVpVkpUT2lIamRCbkNFNmxv?oc=5,WUSA9,2026-09-17,negative
Washington Metropolitan Area Transit Authority,Metro Red Line trains return to normal after day of delays - WUSA9,https://news.google.com/rss/articles/CBMiywFBVV95cUxPeUc0dEV1T2FBM3NGTFRfbUlUZDFuWW43aUNNdTR6alRQNHN6MmQ0QWUxWF90Rkc2bEh3bHV4NnlpdHRFbVVzenpEZ0VHcTlOV1VMLW11MFdmVUNEdnpidTRCZkI1eG5EdmlhUzJkZUxjU2RDOW43OFZ2a1pYcVV5OG1RZmt2U1JmdEtZS0lSeXgweEVXOWNwY21OX0tGVW1fNUFiakRlZ3BmTHpJX0o5Uk5iOGhWc0RYeGNKelZKcURqSE9ibFNBR0NNOA?oc=5,WUSA9,2026-09-17,neutral
Washington Metropolitan Area Transit Authority,Metro to stay open late Sunday for White House UFC fight - WUSA9,https://news.google.com/rss/articles/CBMihwJBVV95cUxPS2tOVUh1eEw2VmJNc1pYd0xrRlZLN3pmTnY4b3Q1NnAwUXNLWFEzTWp5TVRVN1pwaVU1OXRyZWdZdzlULUlQT2pBNllLeHA2RTVpX3ByVmhpdnQtZXhoRXhTRWliZlVXeGNGRGExVnNMa1ZBX1hFbnRNbzI0eFNCVHlLUXFpSVJ5aXhDTjQyR1I0VG45c0tFb3J2cU5la2p0eWJaRGNMZHBaV3dEX2RJaFlsSkFPSm1Hbnp5VjYxQ01xT0wtNUFhRGhfMGxDN0hhTDlQU2ZIc1dfekgtcDIxLUNJQVNWNThac0xVb3BKQkl6dkktRXNhN3pHQXFQRVJtVnVsYXVQcw?oc=5,WUSA9,2026-09-17,negative
Washington Metropolitan Area Transit Authority,The Changing Face of Digital Risk in Transit: Building Cyber Resilience in the Modern Transportation Era - aptapassengertransport.com,https://news.google.com/rss/articles/CBMi1gFBVV95cUxQOHQzcnktZzMtR1JYR0ZHeV9YQWdjM0ctX2hRZndqazc5ajhncjMzTFp2RDhScVVtR0tmeV85eHNuTFBpcDlfbnpuWFRWcVVGaXVYOXVjcEZZUF9fQjN0N0N0ZXkyMHB1Yy1ZYU1RN0hTN1c1SVNvTC1CTFBLY2R0OGdia1VRcGVZSWNwRHpJYnVyQklmQ0MzRnlKVHhZSlpIcGZDQ29oSVVBQmU4Z0p6VGRmQnV2WDVIRno1eUJYVVJseUV3WTJKTF9fclRURW5iRURtLW5R?oc=5,aptapassengertransport.com,2026-09-17,negative
Washington Metropolitan Area Transit Authority,WMATA board approves $4.8 billion FY27 operating budget - Mass Transit,https://news.google.com/rss/articles/CBMi9AFBVV95cUxQaklIc2hjeVRqdnphUmZ3S2JmVHQ0MjlJSkhiZzloOUVTYnlmdWtrcWduUWlpREdMMGJidzNCODFRU3VnbnpVUTJ3NzQ1cko4b0FKVzUyMXZyYVl1Q1pQV3BuSWtMVWVYZVNsbGtKXzhTQ256MHdieW1qZjI3aGZhQkVDMGZOVGZSN3dWaDJyWEhQMGV6NVI1S05QUzQydnZmeVBrQ1Qxdmk3eDlYU1JrWFZaeUgwSjJMYVQ3ZG9LTGFTSG9uZmRYOVdWVlBFQmhzbXBoWkplLXNRSDQ3bzJvRkhlWXJ2eWRlMnd5aHpsY3B1QmZh?oc=5,Mass Transit,2026-09-17,positive
Washington Metropolitan Area Transit Authority,Red Line Shutdown: What commuters need to know for Summer 2026 - WUSA9,https://news.google.com/rss/articles/CBMi4wFBVV95cUxQemlCdzR3bFpiZzl4NmdNaDBEVTdDYUdYNjNEeFYwcFNPQk1Meko1Q0FPT19BSmlMZXl2M0lia2I2dHBMOURvQ3BBTGoyU3RNWHBzMWlJZGZXdEFnMHBTZks5UXlRTVBaRHF4cUZXa1Q3NUxNRlJqd040a09fM29vOTBJRG1CX0IySld6RTdackVST05tZVdZcjFJYldUU1d0MHhpdl80d1hoSnV2RjF0WURsQ2VncWt5ZFBBY0ZWeTV0Q0xRRkF3bFhkenZkbVZURS1fVlhlb2NObmZReF9mcFNLTQ?oc=5,WUSA9,2026-09-17,neutral
Washington Metropolitan Area Transit Authority,WMATA fare enforcement policy raises safety concerns among bus drivers’ union - WUSA9,https://news.google.com/rss/articles/CBMimwJBVV95cUxQWUhBYjR3SVIxOUlaVFNOLWhJV0RYX0c3aFlocUpNSzFCbUxrZWM0MnZGcGpVck1CTHViRmI3QUFWNXYtWHZ0ajZnZ3dXODhhRDdWdlBwMkhEMDQxdVVCUjIxT1ZHV2xtcmkwWDBCd0FWMUtHRmd4VHdsSklVWEYtV2dOLUVfd09CWl9uWnV6cG1yRzNfaTJvV2pWSlRtQXUydXdlV2FxR2g4MVJ5LW53czAyMHF1bWkxRDZyTDUxS3ROanNDTW9XaVlSMlQ1MjFQNXF1cW9pX1VraTd2R1N0dWU0VXhTOHhGWXAzbG1DTERBb0RDcmlRNGhMV1RIZ0NVN1kyQ1lHV216b2daRk12TGpHNmNtSkZId3Zz?oc=5,WUSA9,2026-09-17,positive
Washington Metropolitan Area Transit Authority,WMATA to vote on budget plan that includes Red Line automation - FOX 5 DC,https://news.google.com/rss/articles/CBMihgFBVV95cUxNUEVVMXZ0bENRSVdEamI3azh1U2dGRC04aWpWb0hhUWgzdG1EV1VVQ3BfTFowRE9feGhjX0FwZXpheF9vRlZHRzRWRy0wY1J0YThRSnNsMy1HcVdzLTVIYUtfRHlWQTZBMlBXaklDTlByaHlzOFdrN2otbjdfS293Ml9lOHNaQdIBiwFBVV95cUxNUktDZ3dIdFFmYk4yMDBYREl0UFJjem03YnRjWnlPRkhjNDY2YVh3dHhOdU80Z1V3OXNkZ3Jvb2Z3TXFqTEhJbFY5Y3FWVXc2TFdmU3JmVHd3c0NyUXJfN0I2bnFnOHVHT1R5OU12R1JheHlSVnZseENOaVdIeHczZEk2LTNyUUZFbXNv?oc=5,FOX 5 DC,2026-09-17,neutral
Washington Metropolitan Area Transit Authority,"Rail News - WMATA's FY27 budget to support rail service, Red Line changes. For Railroad Career Professionals - Progressive Railroading",https://news.google.com/rss/articles/CBMiwwFBVV95cUxNM1NEeHVfUUZ2NkswWVJuN0xsOHVYcXJEUjliSTA3QzdlaS04eHVIbnU5X0YtdGtvWVVnQjRZYjF1d2ZEQklZNVVoQVl5d1k3MFlHbGNqRFVXckEtbDVyUS1iUVdjRm5BU3VEM2pmNE93dEhyUURWaUR5WnhOUnp5bWU4bVZwNUJWdnRDc3lHTjhNRVhmLW9lN3NDOUJhZUVOVWxNMThLMmNiZDNJR0o0NDF5QjdoZHRTVFVtYVM2ajF3VTA?oc=5,Progressive Railroading,2026-09-17,positive
Washington Metropolitan Area Transit Authority,Indra Group to Equip the Entire Washington D.C. Subway Network With an Advanced Customer Terminal System - globenewswire.com,https://news.google.com/rss/articles/CBMihgJBVV95cUxQWVZEUENKYzJ2N3NRMmdkVUI2OEY1dFo2VVhTUDBGWldYX1lEQWZxdnV6YkpfZkdNRW9IQTRxRE1QLUxEbDlxelh3bXl1TGhpZzFqbjJOUkJ6TjlZMnFYXzhxSUp1V2xZQl9vRWJndGNyVEthOWxZck96Qzk5SXYxZUVYSklROXF0aDZzRF9mNXROejZjbUEtQ1lDSnRXaHAxNm1uR0JSS3JLam5RWFJZbEVJUVYwbDRtbFdITGJ5c3NNb2p1WlU1V0p2WnpjLVZKTGNWOFBaN0p5cXVrelFKTVVIY0U1Y1UzSDdSelY3ZWFNMF9kd2xXVHFQdWlFTmFQRjJjZDhn?oc=5,globenewswire.com,2026-09-17,positive
Washington Metropolitan Area Transit Authority,Transportation officials face pressure to get DC's transit system ready for the new RFK stadium site - WUSA9,https://news.google.com/rss/articles/CBMiiwJBVV95cUxQRFg5OFV0NXczVXpfNDk1OWtHbHc2STd4YVZDa2xZVlZTa3RJU3hIN0FnVEhPa2lHbVpFRlFlTjliekVwMGltSV9ZdmItQkRYMFloLXNtSC1YaFI5aGx3OHhIbHVqQkdjcW5pTkxRMDlNZXBjQkFSTEktckFOeVMwYm1US2RyTVVCNnp6WlRjOEhNZm4yeW5SVmpFN3VVejZkZUJMODZ6YzZlWXpSZ29pd3B1dWRneG1aZl85YW51aFl3Nng0cEloVWs3dFNKZHFUOTJWQTA1OWVqZXFCUF81djlLcU9RNTUtMlBsU19vOEZ6cXJSY1BoN3M2bUtueXZncmxla05GNWt5QjA?oc=5,WUSA9,2026-09-17,neutral
Washington Metropolitan Area Transit Authority,"WMATA Marking Metro Rail’s Gold Anniversary, America’s Semiquincentennial - Railway Age",https://news.google.com/rss/articles/CBMixAFBVV95cUxPLWU4Qkhqck4yNlpZOUh4Tkk0SlpZM0ZPdnB3VUpJMXdMY2xSVnR6T3p4ckNXR05tWXZSS25zYzdhbnpYLVhRbWJZQjFMMFhiUjNFdVJIQ2R6dktZMjdLQnNxVkNUVy0zZk5pM29zQTBrbnJMa2VtUTQxZUg3LUg5VjQ2R1NaOHo3Q3NwdGVpRFNuQmVIRml4MEhBOHdvYmlxWjc2U2xnaFZoN21mWXh6Qk1iZFNUd0R6bXZzS0RBR2VGOWRf?oc=5,Railway Age,2026-09-17,neutral
Washington Metropolitan Area Transit Authority,Olathe manufacturer will upgrade ticket terminals for D.C. metro system - The Business Journals,https://news.google.com/rss/articles/CBMiqAFBVV95cUxObmwxbXJLUUZqVklRdDBYcnJoLXNYdm9ZSjZHdDhSTVhicGlWNzdjUlM5QTA5R3Y0U1ZGZXNUb1JENGRsazVrUEJ2SUY1ZnBxc1haN2U1Y1o3SC1oX0dlNWxCMER0WFU1TU5wWDRkNTNwak1DdG5fZ2hfdTR3X2l0QVNIN0NSOHpQNlVrUXhrTzFkMm0zeGs5bTJKeEhDYXFkWVZMVnZuWWI?oc=5,The Business Journals,2026-09-17,neutral
Washington Metropolitan Area Transit Authority,Why is PETA suing DC Metro General Manager Randy Clarke? - WUSA9,https://news.google.com/rss/articles/CBMiyAFBVV95cUxORFl2UW8xT0xBaGs2ZlNlNE13Z3hqRmdtZzdFdFhOeXhZREN1dkh0WlRCZE9yczUzNm1nRTVYTXJMTGh3SmRwNmd5blBNRF80VnZqOFh0aDdwbVpjYUk3cnBJcVo0UE5UTHNGRHI1ZXdwdUZ3blZScFBZZTZmQ2hoSWkwMWh0S004ZXdxdXJBQlZwY0U2eTIwR002RkVucjZ0WkFnZ3hpUWZFaFNRYUs5QW9yZ2toNFUwNk5TQUNaODRhcFN5X182cw?oc=5,WUSA9,2026-09-17,negative
Washington Metropolitan Area Transit Authority,"GU Expands Public Transit Partnership, Introduces Capitol Campus Programs - The Hoya",https://news.google.com/rss/articles/CBMinwFBVV95cUxNaUQ3Y2RONTZKMDU5UndkUXhiWUZoa2d3aE9yemdsck9DSzJzQnM5MS1FeUdXYUthYzdMcUI3ZGdMLXl5bHV3RGlSQ014bDFKaTh6ZEJaZTFFUDNkSzBFVmplYUl1dWsxNnJkUHh3bjJvUDVTcWtZN2NJTThUbU5LT1J2XzFVdG1HVFN0aUx4VE95ZWNMenRhYWNLaHBBWjg?oc=5,The Hoya,2026-09-17,neutral
Washington Metropolitan Area Transit Authority,Animal rights nonprofit group PETA sues DC Metro over refusal to run ads - washingtonexaminer.com,https://news.google.com/rss/articles/CBMiogFBVV95cUxQRUU0TW5PWXQ4S01PSTdNWGJRWjlOSzRKaXRqdkRnMzZ6X3hMN3Q2QWZhVDBTbzhGQUxvUG9qczNnT3BnTnRpSEhHVDBYLVdwT051MzcxVzBMbDlXSktEeFdhTS10dnVnUG1kR19nYk9sdTk2bkhrbkhIYTNLNWxSXzZ4aVFOUW90QVhWdEJlakk4M3B2bEtKT05YUmVaMXkzSEE?oc=5,washingtonexaminer.com,2026-09-17,neutral
Washington Metropolitan Area Transit Authority,Crowell & Moring Relocates D.C. Office to Newly Redeveloped Space In Penn Quarter - Crowell & Moring LLP,https://news.google.com/rss/articles/CBMixgFBVV95cUxNLTI1bzVOQlFlSk84YnJZR0JTVlVrY2ZZUnFUZU9OTmh5M0dScnRZTWFQbUwzeWVmX1AxNmJmaWdOZS1WTUl5N0hBT1Bnd0E2bEM5cy0wYnB0RmtwS1Atc09lcGFNN1ZYRk9IdXliS19xdjFaZm1RN1ZnOWR0am9pUEs2M0h6Z25Sem52VGtaTWFDMEJybmthRDcxaEtyVGxCX3VLeWtKSjRvUEVnS3dFcGU1MnRyeWNRUjY4WGFhOFIwLTdtd1E?oc=5,Crowell & Moring LLP,2026-09-17,neutral
Washington Metropolitan Area Transit Authority,National Park Service announces plans to tear down this final piece of DC transit history - WUSA9,https://news.google.com/rss/articles/CBMi2gFBVV95cUxPRXpSQ1Etci1ZaHpzNUJtRWVMMlJzczFHMUtzeFo4ZVJhcjI3M3NJUzhDTm5oQ2cyUTVobGkyNjVsbXYtWWxWRnlrSVNJaHFGNUlMN0NWNHNkd2FaTWVoWlNxN2lqT0V4cXI1NlVUUDdQeGFyeEFOY2lPdzgySEFfSDc5TTE1Vy1JaWUyN1V5MXVqSWNUbTN6eGRkMEJDRWRHMHdNei1ES2ZBX2lRTEdaOWdSaF84T19CYkFXUkFoRloycVdsUGl2elZNYXlrTFBGQUZuMFBVekdvUQ?oc=5,WUSA9,2026-09-17,neutral
Washington Metropolitan Area Transit Authority,Crews clear tree over tracks impacting Metro service in Virginia - WUSA9,https://news.google.com/rss/articles/CBMiwAFBVV95cUxNTGtybjIzb1ZGVWlVeXNvbVlMcWJ5bWxXaW5mczU0VHVteW1yZm9NdEIyaTVsS05Ea0IxQ1VXUlVyaGktbmF6aXlzaFprb29CUEhHemFGeVpTTGQwS2FPb2VCczhDZktzcmJoWXFPckxSRGRaRkU3d1UwZDJ1YXFGNG92eFM0TUEzbzloLTJuTThvS3pHTHZSd0JkUDYzdTBUT0YzN2dFX1FyZWx6WDJ1Zm8ySmFPZWZXZDNiUVdmNGY?oc=5,WUSA9,2026-09-17,positive
Washington Metropolitan Area Transit Authority,Henderson v. WMATA: Court Evaluates Immunity in Assault Suit - Wansom AI,https://news.google.com/rss/articles/CBMiygFBVV95cUxNNm9qNGpqNXRyNlRFZ2dNVm04OTgzcDU1VnJXbm1RczBObmFKZEVxSGxIMkhISk1wczd4NXBWdFVuX1NrQ3puZzVwbUpjTkVyQmVCYnUxRHdfU3RCb0Q0VFJSZWxsdEk1R0RNbV9UUnNlNGdaM1FwdHNfclJTNU1CcjJ5RzRLQmF3d2dtRUJWYXdGaDhvUWtmeHc1YU50STJTbjItQUVlVHUwZ2hLUlA3akJ4aUY1OWZOdnVoTjVsQUxZSmJFMGFjT0p3?oc=5,Wansom AI,2026-09-17,negative
Washington Metropolitan Area Transit Authority,Train Derails Near College Park With 11 Passengers Aboard: WMATA - patch.com,https://news.google.com/rss/articles/CBMingFBVV95cUxNYVNrS0k0RkVrWWVMSGx2eGVZTHBFV0Z1ZktrcmQteHRqb1RCY0hZWjVhQ3RkZ1E1UTVodnlCWnduN2JqRUtPSWxwejNLUFdZMGFhZWNIT2E2OE9QNlRGU1R5MEVEVFlqdmdsRm9ScUlKVTJvdHNHZmlRenJTMGl1NkpVSGtkT0xRLVJFVzQ4RjYxZDdNaXZGN3dSOFlYUQ?oc=5,patch.com,2026-09-17,negative
Washington Metropolitan Area Transit Authority,"WMATA Board of Directors adopts FY2027 budget with Alexandria-area service gains, no fare hike - alexandriabrief.com",https://news.google.com/rss/articles/CBMixAFBVV95cUxPOXVjS2hObVBNcC1pZG1Rc2M0ZExKYWExMGtGN0NYcERVT3EzRmU4NHJXbkl2SFBEQjl6VmJKWVQ3Q1E2ZVdLdzFBbXpsenJDR1kzRHRHUjJ4MXJ6aDFfR2ZMbWo1bTlJSTY3cWNRQmIwcGVTMW9mc2pzRUF6LWNUbmtmVkwzRV92eWVkRFI5Zm1VMTBDaldNU0o0ekpwdUI4S2ZOdUdudG1vcTk5WTVVcWdtQV9TOUMtcGZKVm52S1JCVEV2?oc=5,alexandriabrief.com,2026-09-17,neutral
Washington Metropolitan Area Transit Authority,"WMATA Adopts FY2027 Budget, Boosts Service Without Raising Fares - Metro Magazine",https://news.google.com/rss/articles/CBMioAFBVV95cUxNUFNIcWpXUkFzaGRBOEFMa0J5dXlVRHFfQUx3QzdINVRkOGpnQnA5aWVHWFVQMWNwdXpuWUt4dTV3OVBJb3FYajlySGtCWWw4SWZDTzN3aC1TeWY2d0JOSENEMXQwUm1abC1aMXhnZXBCdkx6RzN6emJ3M0R3MDU3NnBsLVg5U01aTjdoZ0ZSSG5mRy10QVFacV8wcW1rcTNH?oc=5,Metro Magazine,2026-09-17,positive
Washington Metropolitan Area Transit Authority,PETA Sues DC Transit Authority for Rejecting Advertisements - Legal Reader,https://news.google.com/rss/articles/CBMikgFBVV95cUxOamhybXB4NGVpSTNFRnBjZ3lyVWJwRDF4eFp1OWtFM1Q2QVJfNXFIM1lXM0x1Wk1CWDg4TlljZmM0V1FIUlhUTEtZLUEtZ1pIQWNtaG81TFlUaWhvT2tfbXFnMmVoMWZDS0hncnFwQnF0U09iV0t4emlZaHBUNVcyZTdfVHdoZXJGUmZYLVRxbktSdw?oc=5,Legal Reader,2026-09-17,negative
Washington Metropolitan Area Transit Authority,Why did PETA file a federal lawsuit against Washington DC's WMATA? - USA Today,https://news.google.com/rss/articles/CBMiwwFBVV95cUxPSk1fUlR2SGtPTlEwS0k2MmtDR1cyNDItY0dwZFZqQ2lDVUx1ejJOYW1vbi1GOXlpTVEwbDJjQVlKTTVQZkZ5ZTBoVkEwRDFCZDd4TXJiNC1fcFJ1RkEyd3g0NWs2YldiblU0TTRYSGpHWXJpdlVRMGU1ckRDeFNxMzBWOTZyT0lia1h5T0dtYVhvY3R0bnY3RmYzcldLdVJoeFdubjZXLXE2ckt6UEdKS21aNmZRN3FJZEFKZEpoNlBJS00?oc=5,USA Today,2026-09-17,negative
Washington Metropolitan Area Transit Authority,"Red Line trains to single-track between Dupont Circle, Van Ness THIS weekend - WJLA",https://news.google.com/rss/articles/CBMipgFBVV95cUxQTDFWQ1BvbEs2SGJnY0wzMTRpN0Rhb2FKc3VJbk0wbmt5elp6VzI3Zk9tYXJaSlhGWlVMUXhfaHN2OTU5SGpzZUNkRVpoTkM4UWpNWXRLaFpyWFNZWUJwYmRYUHdTSC1ybTBGNmNEai1aMGlfS2FoellUWDIzMndEMGRuNndCd01VeVFvWW1mVmV2b2syVHJGMXR6VHVqcHl3alluYkdR?oc=5,WJLA,2026-09-17,neutral
Washington Metropolitan Area Transit Authority,"Honoring the 2026 APTA Rail Safety, Security & Emergency Management Award Winners! - aptapassengertransport.com",https://news.google.com/rss/articles/CBMitAFBVV95cUxNTDU3R00yRWlZbDhiY1J0WUNzQVFveTRxeGtSdlU0Zk1MUXViSFp1N0NCQWoyWGYyMlJsYk96aWdGZGpHSzlCczU1akljMWdIMWp0OUxhbmZjdWRiNXZRd0hlQVZhdm5vYzUxMDdjWElONV9JeGZIdktORl9zSWQyX01YVEdQcmJWVHg5WjBCWU9zbnI3dkZ0aG5sOGVwX3Y2LXJWazNZdTYyQTZnZS1FUjRfNkc?oc=5,aptapassengertransport.com,2026-09-17,positive
