company,title,url,source,date,sentiment
Boston T,"Country singer RaeLynn files for divorce from Joshua Davis after 10 years, despite her past vow against it. - facebook.com",https://news.google.com/rss/articles/CBMi2wFBVV95cUxQd2lSNjNjYVp3OHJHY0ZSakZsXzZHQjY2S0Y1eDNwc0s0UkRpcVlWV0FFZk5Tby1YRHhSMXBEV3BLTjRPQmlBUE40amgweWNPb1I4XzNQclA3eVhreGI0Y1ZZN2ZyNWJ3Q3ItWEl5TXJPXzRhdUlrb29PMklmdVZrSk1nM2JOQUxTWG1kYlp2cUZYZXdzLWdmWGNQTEdaejdEck5acUwtRVFpRUU4TzZER2xwV18wZ1ZoZy1JMjZjSy1JWVJnSGVUeGpydU10X2FqeThaeTk4T0pEWU0?oc=5,facebook.com,2026-08-12,neutral
Boston T,Three MBTA bus routes to remain free through end of year - The Boston Globe,https://news.google.com/rss/articles/CBMikwFBVV95cUxQdklPRFYzXzJMQ2VpaVBmZjkzUGljQ0RmMjVXRHA4ZWM4Skc0XzBybDFDZjdZZ0lHZXZfeDFLeWZlUnFKRC11UGN5cDg0MjlsNXljVkdBUDJUNm5jVUJOeWlQYU5nTmdCUktQeGhNc0RBWkZlS0EzemxMMGtGalBTeG5oM3g1amNILWhUTEtsaG5wS00?oc=5,The Boston Globe,2026-08-12,positive
Boston T,Harvard Houses as T Stops - The Harvard Crimson,https://news.google.com/rss/articles/CBMifkFVX3lxTE5hczZCX2dFNFdwWllEYV9ma1lneFdUVVdfZmlxOXFDSjdRdWtZb3FhYWhaUzRmVjNQa0Jvb2VpLWpsWTB1TXZWQ0E5UFNvcUExODZRNFVjRjl4TE9tUWZWRHN2RG9naWxsUUt4NTF0R1hnV3NUdGFSMkQ5UTljQQ?oc=5,The Harvard Crimson,2026-08-12,negative
Boston T,"PREVIEW: Blue Jackets get right back at it, hosting Bruins - NHL.com",https://news.google.com/rss/articles/CBMimgFBVV95cUxQYS1CM0pZTjBNMHJKYkt3UE81WUpmZHdyLWZrOTBkQ2M4Vmg2cmlJeVhsVlRmb2diZGNheDd2TWhMLUlFYVlRY3JfeTJIbWpZbHQwdGt6dVZ3T3BjMWV3WDdacTdFS2YtVXM0bXFjX3dlWjRRV2ZoQkEtM3hNWUVldXp6alFpN1N5R3ZaQ0c4VklxN3JLSkdiQ1Jn?oc=5,NHL.com,2026-08-12,neutral
Boston T,LOC Boston T-03300-03379u - historynet.com,https://news.google.com/rss/articles/CBMitgFBVV95cUxPTHd2WWtIVUhDQTYtc1l3NnZqRE5LQkNheEJON2drckVRSUo0R1hkSnVWODVBblVnWk1ZVEh6Ql9mSk5mQzI3XzhYRk0xX1dTTm9FRFpaOTdsMlIxazNSay13MGxEUHZwZHdWTUVWQlFLR05ndVBKdVN2bGVLaExaSXRjRVl2aE1sU25KbGtuZU5lMXd0TmVfNHBLdUJ1c3Q1WXFwZGV0N2lxbTJDemZzWTJXWWRGdw?oc=5,historynet.com,2026-08-12,neutral
Boston T,Tartan Army toast Scotland’s World Cup return: ‘It’s a once-in-a-lifetime opportunity’ - The Guardian,https://news.google.com/rss/articles/CBMioAFBVV95cUxNdTRNckRqeFZOeTBsYTE5UUpQZEEyVkU1YnprRldadVhpc1BPckZqc0gzNUtHRGVJSjZIYkZEcEQ4N1VPQVB1NjZtcTR6Y18tempYb005YlRNbUQ5akRTSmpxS0pucmVDdmxqNHhaYWtnQjAxM3VjZ0xHWnp1Y0xfSF9sbVV2T0hZM1JLLVltVFdvZ0lacS1mS0VMUTM1TzRf?oc=5,The Guardian,2026-08-12,positive
Boston T,Scotland fans optimistic as they arrive in Boston for World Cup - London Evening Standard,https://news.google.com/rss/articles/CBMiggFBVV95cUxQMFU2dmhLSm53MDJsc2RUMU42SWNiWU1KTng2X3hGa2hWRDFUYTk4UXlua3RLRUpUUjZZeE8tbzNRaVhscGlXOXVrakJrZFk5REFRRXJLYk1CeVNGVnZPY0UtR05DbzJsZzFlUkl1eVVObDhHeGFRT0o4djNYTmplRHln?oc=5,London Evening Standard,2026-08-12,positive
Boston T,"For T riders, the shutdown fatigue is real - WGBH",https://news.google.com/rss/articles/CBMijAFBVV95cUxPX3c0d2tHUDFMdm1sT21kdnY3SUhULUctQ3BhWXpoZWhqZC13eGR0ZUNxWnZMQkZfNUdidmE1YzhCc0Z4Um4zU1VWbVJKakc0M2FudXlJcldkV0JraGd1a1NseG45MnpoWmtGZWdDSERZak51SXhNRUR1R2VYeWtlczhMNVdjWTcteW1XUQ?oc=5,WGBH,2026-08-12,negative
Boston T,"Here's why the T is so slow, according to a new report | Radio Boston - WBUR",https://news.google.com/rss/articles/CBMihAFBVV95cUxNaEhPT2Q1NUNtczlpeFFwRFJMd3A4WjI4dWhmdnBBX3NLWWZrR21UMG0wcEVENEZDWnhERGNwZS1ubzFjaDNRU0w3aFdCMXN0RTJuMlZqbUZxd3h1T3ZoVkdXVGl4RU1rd1JXVEVzeEJTaVhYTm15YjNOc2I2NEpyVE0xRms?oc=5,WBUR,2026-08-12,neutral
Boston T,"In Boston, All Aboard Googly-Eyed Trains (Published 2024) - The New York Times",https://news.google.com/rss/articles/CBMieEFVX3lxTE43XzlFV1dLcnhTYWxNSGJLTXZVWURHbDdpRHo4SWI3X0FiMEVZMElyZ0QzQVdoMU1WOTh5aU1GNklObmVnbXFPcXExcXpRLW9BRm10UWh1S3dtUjBDNDlVZUdmT1p2QTFtY2hQZUZUcjVtUHZ5Q0lRag?oc=5,The New York Times,2026-08-12,neutral
Boston T,T Riders Can Soon Tap to Pay for Bus and Subway Fares in Boston - paymentsjournal.com,https://news.google.com/rss/articles/CBMinAFBVV95cUxQM0ZESDRXZXV6ZzlDZldKMnFIT2ZoOURIOVBld0dtN1QyWWt5VktndHpDcExTU0dLTGgyZkZ0VkNjMUY0dE5xQ3FOemFkaEpqei1IT0pUS2M3MVdqREJ4d0JiSUhjNkJJcDBtWmkxbzZ6OHpGYjFjekFmbmpkbHFRN2p5c2QxX0V5SER2WlNqX1VIVUVER3k3UFQtU1fSAaIBQVVfeXFMUE9ScEF0dEtPbjR5TFNEU0F4YmdPVU1zaExJemRtNUNiSmFCVnZkdmRXa1JYQUR2RHA4M1g2QXZGdmJRcXVLN25yZTNLWnN1UzRKMTM3N0RpcnFYTjVJc2FhcW9lMjBwdkhOUDlEbGlGRmRyQVFiTjhaLWxFSHFpMlU4U18xTU5HcmFTbUdkckRSNGU1eEhGbzItMzRMYmhlNW5B?oc=5,paymentsjournal.com,2026-08-12,negative
Boston T,Getting Around Boston: Guide to Public Transportation - TripSavvy,https://news.google.com/rss/articles/CBMijwFBVV95cUxQY2g5NjdMWEd5RWJfQ2p5R2V0WnVWQWROU0piUFZrVVpJenJLLV9INFdEc0RFd3pLbWtpRmtJUGw4WkMtQklRUGVnelZYZkg1LUIyVXZWMU1xQ0RQYng2ZU5CTG5LVFNHWDQ3SGZMV2tSR3pJSjM3Wnd0UEFrQlhNVzhGQWtLU3d5bUl2UVgxZw?oc=5,TripSavvy,2026-08-12,neutral
Boston T,Tufts Celebrates Opening of New Green Line Station - Tufts Now,https://news.google.com/rss/articles/CBMieEFVX3lxTE9Dai1pdW9jdEE4bEpuVmJaQUlqek9jMVBHWi00MmRBT283bFdhalZRXzVpSGZKbEktMnZFOHRQZWpPNHAtWXBjWG00c3pMN0tJRVN4aERXT2lTamRlNTVYOFV6RDhYRU1aWWNJS3gxcGJKS21rSVplNw?oc=5,Tufts Now,2026-08-12,positive
Boston T,Unlicensed Corvette C8 Driver Blames ‘Wrong Turn’ After Getting Stuck On Train Tracks - Carscoops,https://news.google.com/rss/articles/CBMiugFBVV95cUxPN2Zid1hwelczdnNsQkdGLWhwNTNHeEpPUjM3TTRneTRMeFlhVTRaY3VFVnhMS0c0bnBEeld0LVZqOTFpWTZqSTBoY3B5UndmUkVxVTNWdXR4cTkzWjl2M0xrcjZpVF9GTVlFcDhKLUVOMWh3bVRKRGxxZk5yVkNVVjNCMEJFYmhfeU9wTnlSVy1oM3R5ZzNTVmlWNHNsem1RcGdyNHFRUlRIWExCYjlXTHM0a1JEaEFkc3c?oc=5,Carscoops,2026-08-12,negative
Boston T,MBTA forecasts warn of big budget deficits in coming years - The Boston Globe,https://news.google.com/rss/articles/CBMiiAFBVV95cUxONmtWRzQwcU93dENMdm5YVHhfYlNWMFdUMk80Qlg0YnplbzdUM3lyTnBRYlZBck91T3B3Ti1lclV2WS1JMDFFTmMwdzZfZFdpQXNKc2xfdkZ6NElHR0h5QVROaW0ycUZ3WGV5dmRmSWhyTWN6VlhzOXJlTGtLMXB4OC1SdFRieDdQ?oc=5,The Boston Globe,2026-08-12,negative
Boston T,"How Boston T riders, drivers and bikers get around the city - WBUR",https://news.google.com/rss/articles/CBMinAFBVV95cUxPLUFLa0pEQlpnUFBiRTBrSUN6cC1jb3Iwc2NwMDlQd2pYZXQ4dHhwdXlkVUVwNzRsZ0R1Vnh3MHlKLUV2NEJUY1Jack9GVWZRbkJVWEpFeS0wMHJVZlFtc0pVUmNMZFFTZXpTd1dfdzQzRHFjSWdEcU1aUnFaYk1UOWdTZkFnT0xSRDNtb2ZReG5pRzNhMkhyU2Z0MVY?oc=5,WBUR,2026-08-12,neutral
Boston T,How to Park on the Mass Pike and Take the T Into Boston - TripSavvy,https://news.google.com/rss/articles/CBMib0FVX3lxTE5SVVRXSjJBTXBTTEhEb3ZKZG10N0tPSEtBY3ZWSmlTUUkzMURfelRJaVhhdnUtUzZzVnVQT0t4TU4tbnhjMGI2QnBkRnd2QWt6VVVOR0lwWkxsTFZIT3lRMzhieTR0SjlaeExadVd5cw?oc=5,TripSavvy,2026-08-12,neutral
Boston T,"When the voice of the T officiates your wedding, you’re a transit superfan - The Boston Globe",https://news.google.com/rss/articles/CBMikAFBVV95cUxOdW5EQndPa3FZdnR0RVBWLUE4VUVyeHNkclp3eE8tRm9ESjRKR3Z0RmxuQVpBaHpvRC1FQmt3ZXdHNzh0TlQ1cndxalNtYVVhcHVHcnhsOGxKc25teTRXa1RaZlJMX0hTVndqQktyWVlRMmlPR1d3LXFkekxZcUdtb0RBWFdxaFdjRGZNcG5LT2Q?oc=5,The Boston Globe,2026-08-12,neutral
Boston T,Poll: Residents say MBTA is unsafe and service isn't great either - WBUR,https://news.google.com/rss/articles/CBMieEFVX3lxTFBKM2ZpbTNEczEzOFB6QmtfbDVlaHowWGlkSDNsU3BhWGJkT3pQOWp5cG5fTDJtMHlWcWtTdVdEX0Z4dXNwd3BiNHJ5MzdMQ2pNR2piWWFCV0J2UVdjeWZrS0V0UUdVYVRvU0Nham1OVE0wb19HQmJ0aw?oc=5,WBUR,2026-08-12,negative
Boston T,MBTA Green Line service at Union Square reopens ahead of schedule with all slow zones lifted - WBUR,https://news.google.com/rss/articles/CBMiigFBVV95cUxPUE9mSFFEeTRFcV9ZWHdoV3pUZ3kwOU9UVnRCYjMtYS03SEhVbi1UT2FrSTI2V1VpMTc5TGNPWF9JVmthM2ozRTJadDRzdHIzdk5YSXFrTWxNTXd5dmlpT0lxSDZjNjFiU3doVTV0czZvRS0tLWkwRHFxMF8wZHhIOXphYTNXQmY1M3c?oc=5,WBUR,2026-08-12,neutral
Boston T,Get ready for a 9-day closure of the middle of the Red Line - WBUR,https://news.google.com/rss/articles/CBMilAFBVV95cUxOM25EZmtkNGtsVlpQQjFSWXVXaUlOcDNpVi1IbzdhVG1wSVhNZHVkMG53VzhuZUFGSFExRzQ2U0ZPdWFWS1FYZ2FnR0E2UzY2dlBjeDA1MkZWNFZ2Q0NVdEs0ZUtTQkxpMHJTcGwtSEVNN3lJS2dFZ2k2bDhoUFdLZVBZbHNfeXRsaW5vWTJWYXhmVl80?oc=5,WBUR,2026-08-12,positive
Boston T,Examining the T’s spooky claim to fame - The Boston Globe,https://news.google.com/rss/articles/CBMirwFBVV95cUxQQnRvRXpRVjl2NW5rSnYta05vMEpkejFxVVpiQ29Sdl9PSEdKd3dCWHhfWFFaajdsNEZQYXowNjMwS1N0UHRuTjNRbEI0V3R2QTlSV1JjZ1BnNUs0TGpVT1M0MlRHOUtLbWlEWTlIOERTc1RYZHlobDd4MWZjVFFRdzNtM1dGc1Bya0cwZ1JxVU5Cb0tMbnNDT3R3eWRjNEdoWmZsajJWWDVqQkdaTjEw?oc=5,The Boston Globe,2026-08-12,positive
Boston T,"MBTA board’s $3.24 billion budget for daily operations relies heavily on state funding, and on state lawmakers - The Boston Globe",https://news.google.com/rss/articles/CBMigAFBVV95cUxOWEJqRmdxbWllTUJJU2E5bVVaUWZNTExoYXhEdFR4aWJYbTljOG5saUJ6N203a1RWemZzamhFVE5oQUtQTFp2ekdkOFR6VE9MVGU2MThNb1UzUko0M19oenRJQUdYVTJwLUpFekxubkFVOXV3SUN0M1NwWDd1RkE3cA?oc=5,The Boston Globe,2026-08-12,neutral
Boston T,"Changemaker: Catherine Gaggioli, Books on the T co-founder - thescopeboston.org",https://news.google.com/rss/articles/CBMiqgFBVV95cUxQakNVVWxJZUhlNnY0a19GaFIyVlczV3dPLWdwVDFMZ3B0WWVRUjFnb0sxTUtiell5cVR5WHdGQ3RveDZUbkNXNnZsT0VwVEt4QjdCMDRldmJGWVExdTFhZFYwclp6R0RkTW5hS1pEU3JZc0ZFYXpNdUxSMnB3NXB6RmxoVmtRQUI3cmdXQmhLLXJSV1FKczBnODl6TVA5R2wzRl9IdFFDWklYQQ?oc=5,thescopeboston.org,2026-08-12,neutral
Boston T,Coolest Boston T Stations for Kids - Mommy Poppins,https://news.google.com/rss/articles/CBMickFVX3lxTE9ITHN4RkFFODNJTWR6Z0FWRklkeGtyZ283emlNNlFMVmQtU0xOakpSQmZsMnhVM2pwSEJWbWVzd0tmXzlydVVkUEFRajNzRnVzSTVnWHVCMFlBSEFOdHRvbzNyTnVjb2k2MlFYejgyWTJMdw?oc=5,Mommy Poppins,2026-08-12,neutral
Boston T,Why Boston's Transit System Is the Best... but Still the Worst - Thrillist,https://news.google.com/rss/articles/CBMiiwFBVV95cUxQZEhsZ3Ezc1ZIVG40TFJseDhHWkVWN2dKWW5MVzhCUHFCN2VCcllrdUZmRkZ0clpheExaYWhRSTRIbUN0bUFnSnpQd05YNXhsaUk4TDA3VW12SnoxeUNTbnNkTVBpTWRxRHZUazJ1blU3RjRkOGxJZUJ1QzFqamEyWHBXWGxDSjFIQW5n?oc=5,Thrillist,2026-08-12,negative
Boston T,A Cambridge councilor's modest April Fool's proposal: Annex Boston - WBUR,https://news.google.com/rss/articles/CBMigAFBVV95cUxORkhrWG02TGUxVUxWTnhHRHF4bkRiaXh4Qm53RlpENGtTYmFOQnR4eE42TjM3V1FTZVhEUFI5M0JvN1IyVEc5ZDVFMDFBR09ReGoyMm94bnRxTjVZUjB1WUs5VXlnRzV3b0N0bTdqYlVkeURGMkhST1lWMTZESWt6VQ?oc=5,WBUR,2026-08-12,neutral
Boston T,"I spent 4 years in the US, but now I live in the UK. Here are 6 reasons I have no regrets leaving. - Business Insider",https://news.google.com/rss/articles/CBMihAFBVV95cUxNazNoUWVOOWZva05UT3ZKNUdubGhaTzZWRVh2dXZXakE4bW1nZU5SeUFBdFpjblVpMGthbVVZa1pSUUZXS2F1UXM4bnFFRWdfWHZjdjJFNFpfREFsQkRsWEpoOUxyV25iQ255eEx1N0ZXLUN2OWdxaXByWjgzeFNSR0xJcUM?oc=5,Business Insider,2026-08-12,positive
Boston T,"Every T Line in Boston, Ranked From Worst to Most Acceptable (but Still Pretty Bad) - Thrillist",https://news.google.com/rss/articles/CBMinwFBVV95cUxQNHBkTzh0bzd3eGZOWXZ6RkFrOUJUMFFJR3ZqV2dFRG95X25tSEpMdWJnVTFjN1RQaldkZGN6TUxtR0kxV3BwZllGTW5CZjN2UmkySDFieUVxeTRFdXQ4UGxPeUlRSkFab1dXV2FBUnR1WEJKRnhQcHJkeUhEZnVpYlZoRXBMTmVLT1lTY3g5NkloSDM3blBTT0RyaFVUbkU?oc=5,Thrillist,2026-08-12,negative
Boston T,'No Kings' protest takes over Boston Common - MassLive.com,https://news.google.com/rss/articles/CBMib0FVX3lxTE1uOE9BLUxYYldoQnRodE5UVDl6dWwySnBxMjFNajNHQWh2ZFZNRzN0ckxScEViYWhSdW1VV1lhd1h3WldPNUVmNkR4enQ0QjRlVzlod2lobHFVRHRKUVAwT1VHUk1Talo2ZmRlNnR1QQ?oc=5,MassLive.com,2026-08-12,negative
Boston T,Bridj Proposes Overnight Transit Option for Boston - Next City,https://news.google.com/rss/articles/CBMigAFBVV95cUxPX0x0ZGVyYjYwSHlVR2NXdElQWkxiUFFET2o1a0kwLU5KcC1YLUR2Vk1qdFNOaWxSTUpxaXdrdTVnVHg0U2VGVmgxUldabTNvOWhRcEliSTgxOE9KM2RreUZKdHduQlFaMXFoNUt2TDkxOWp0N0FKR2lkRG5YODFyMA?oc=5,Next City,2026-08-12,neutral
Boston T,"For the first time in decades, trains on the MBTA subway system hit 50 mph - WBUR",https://news.google.com/rss/articles/CBMiggFBVV95cUxQQ1BNZkJ1V3FNUUlEOTZTeDFvejdDazlaUFpKUEg1RmxEbjEyajJvU0JYLU95T1ZyMXBtS3R1VnVXY0JhOEdFNVg2cUZiUzNzOGFmM0hLSlctalpQYTk2akgzRGxGbS16by1vc2VOQ2JiakNzY3dYOUxfQ3ZvV2ZlemV3?oc=5,WBUR,2026-08-12,neutral
Boston T,This MBTA Map Tells You Which Are the Cheapest T Stops to Live By - Boston Magazine,https://news.google.com/rss/articles/CBMigAFBVV95cUxNcURVZmQxWVFhQ0N2Rm9WZVFkOE5tcjQ3ZkNhTHlVbEItTnBSUU1HVnl3Q0lfcndTY3Q2WVM3QU9TUi11R0hNTTVGSEtLWjNabUZXQ29UcGdCeEh3cnlzR0NacVN6YXpFeV95a0ljRzJuNktXcGREbmo3Nmh1SS1jVA?oc=5,Boston Magazine,2026-08-12,negative
Boston T,"New ceiling debris found on Boston T station floor wasn’t concrete, says MBTA - Boston.com",https://news.google.com/rss/articles/CBMinAFBVV95cUxPbThVeF9lMTF3UUg0TGdCWkFScXRWRkZUN2ppQTlscmZZOUFteEhUX2hmMDNkY2p3azlGMzlNbEc3RTRuQnZQcmhubGFYSXNTSU5hM0U4d0xocHhEQjM3cXJ2OURna0VzZ0pySEtwdzFFVnQ1bzMxbTdheWRsUFE0UGRCMm1RSTJCYVN3UHpKSTB0d2R2ZE5UbVlVd0k?oc=5,Boston.com,2026-08-12,neutral
Boston T,July 4 In Boston: T Is Free After 9:30 p.m. - Patch,https://news.google.com/rss/articles/CBMif0FVX3lxTFBMTjZ2X0dGMXNmMDZ4RDB3bEgwNm1NR1FhVnYzTGJkTzBRVmZFeDVLZkIyaEU2cFhiUUpUWFJfZlpzTTZJS0otUk43aVB0WlZfbnJWeFFQZlJJNUNwWHczb1Qxc3hPZ2MyaFpPaHJuTThQcHhQUlFKMjFrM1QwOGs?oc=5,Patch,2026-08-12,positive
Boston T,This Harbor-Front U.S. Destination Was Named The Best For Public Transit (It's Not The One You'd Expect) - islands.com,https://news.google.com/rss/articles/CBMikAFBVV95cUxQTnk2Q3hndWYwdDJhYmdxTVh6MjItTm9LV0h6LUV0eEpzb2kxMzBPTDR4cXlrYjBydWNfNExyS09FWkZTTTNtcG4ydkFrRFd6UUNGZGNxMm5yeDVTc2E4cEpuUVlmampSUnVRLUpaVm9Ra1RENjVnZlpySnNoX2hvVE1xV2RyWTh6WW9NMEVGOXE?oc=5,islands.com,2026-08-12,positive
Boston T,Think you know the MBTA? This new game puts your T geography knowledge to the test. - The Boston Globe,https://news.google.com/rss/articles/CBMib0FVX3lxTE9SbHpHN2N3QXJTMDlVX0pHWTIxVEpoYUQ5ZkJZdF9LVEFNd1N2YzlMU1JaV3RTT1ZOa184NkZoUmo4V3ZXWjJKM2NVWkJkMUpWVlFDSjJaSk5INFlQd0M5NTdjcGx3ZjFoQUdPeDE4TQ?oc=5,The Boston Globe,2026-08-12,neutral
Boston T,20 Things You Need to Know Before Moving to Boston - Sparefoot,https://news.google.com/rss/articles/CBMiiAFBVV95cUxPejlnR2VDUjcxc01rbDkwQW5tX28xZ1VLcTl2MmlFRXltcGQ0aEpPYzBySlhId1p1NGxBN1FOZi1fUkZIRFUwc0NKSjUwZnYwQzhQUDN4cmtzX0FNV19LbVhMZms2cEVqODIwck16WV9kcjh3M3lzc3VidUdpNDdwbTVsMVJuNGMw?oc=5,Sparefoot,2026-08-12,neutral
Boston T,Plan Released for South Station Rail and Bus Terminal Expansion in Boston - Planetizen,https://news.google.com/rss/articles/CBMipwFBVV95cUxNc2NrUjVzTUd5dWJyd3o3SnNnZjR4WHNpWDBZOU1TTnlGR1FRWndVbUhNeXJJVXZ0WjBKUXhVZlN6V0RUak1MMFM5ekhYZTlGaDV5c052MGlmUHlvRFJiU2J6bC03ZTlpSlhTai1TdElNUUtBbzZySHRtSUhadG1udWhILURpNGEzc2h0RVpNWHRHa3dqOXBITlZxVVI4VktpanlGRERJRQ?oc=5,Planetizen,2026-08-12,neutral
Boston T,"Study: Boston’s T system faces severe flood threat, and soon - Boston.com",https://news.google.com/rss/articles/CBMiswFBVV95cUxNQWZjanczaWQweUUyNTZKalFLNU81ZXdmeVRmLW02dV9nT1pZVGpjZ01SOWFPbmdwY29MbW1vOU5ZbzdiT1hYY1ozYmFVWkFuempNTnlHMkFZbERtTTZDeklhRnU5WHA2a2xsZDdtdmRDU0VHaTdYSFBVbmp3SklVTE4tWjZlMENpczloQlE0S05XMkhPT1hxbWE2c1ctWVM1LThvNDZNaWJIQ1AtRVFuZVh2SQ?oc=5,Boston.com,2026-08-12,negative
Boston T,"Ten MBTA employees on leave amid criminal investigation at Cabot Yard in South Boston, T general manager says - The Boston Globe",https://news.google.com/rss/articles/CBMiiwFBVV95cUxPOGlVWjk1TldMSUZ4U2x2MmZJYmVlS2RNNVNtOU1nVXU2c0hlTVJTc3JqdmYzVmp0RlZTXzBnVVlzZm50bFU0RzhuYXYzNkdZdUlTaHFLWl9QR1RsS3g5ZDROa1RlUGQyczJqZXVVNnJXMFZNdlk5N2xnZHEtMEF1cHpDWkRrVDFtZzd3?oc=5,The Boston Globe,2026-08-12,negative
Boston T,Ben Affleck Rocks Beverly-Brewed 'Believe In Boston' Shirt With J-Lo - Patch,https://news.google.com/rss/articles/CBMinwFBVV95cUxPa0NkSGlXXzhJQThLNlRGRWYtc2FIdndWcXdYQ1Rac2FJZTNVYnN3MEp3U0FHSlRuR2EwZ1ZHTmI1Y1dwTDU2bUtvbXJiUTlUNTV3LUJNR2hpclNzZm1aRkpVNHZkblUtcHFPQ2FHNGhHaU13M2hNcklKNDZRaTF6cXo2N25jTVJuODBBbklhbkw0aWVtYThXMVJmdGpiNUU?oc=5,Patch,2026-08-12,neutral
Boston T,"‘West Roxberry,’ ‘Mission Hills,’ ‘Southy?’ Target T-shirts miss the mark - The Boston Globe",https://news.google.com/rss/articles/CBMi3AFBVV95cUxObFlLVHFRV1lnQzVDQWRPR183LXh4bDFrWWFwa2ZKenpRa0tZU2QtbDdmWDk3cGFZQXdnbER4R0xtRzk4M2c1bmhBU0tZTklUOFJsLWpUV1A3ZWJSX0RVUXNlZlk3b29rMEM5NnlnczdmM0VJbzVlY2dVOXV2NWFUNVZrbC1zUG1vRFpEZl9KLUNXMkkxNGNjSW1MNWZiVXZpdU1PTjg0NmNWb09seFcwZGx0VTNVQ0VqMDN6Y2FDc0UzbmFicm1RY1FrRVo3SjNkWUc4R1JFTndsaXds?oc=5,The Boston Globe,2026-08-12,negative
Boston T,Boston “travel time” map shows the T in a new way - ggwash.org,https://news.google.com/rss/articles/CBMigwFBVV95cUxOcXJCay1OeEtHYk5HeUZKUGdrWlhMYjFUSy1MMGxzSWhKWXc3TENJaHJYOExNM1R3UkZKY0c2UGVzMndpQm1UMDloUFNQYVZiZDhpd1daWEc1SnZmOHdqS1NSc19kNmtDWEFBdUNQNloxSFJtb2tFQmFhbzZpbUFvZ2JtTQ?oc=5,ggwash.org,2026-08-12,neutral
Boston T,Study suggests MBTA float ferry service expansion - Boston Herald,https://news.google.com/rss/articles/CBMilAFBVV95cUxQMjNWQnNJYWpFdXVOTDV6S0FKUm5tbnZmcU96LXdiSEJMa1I4N2hnWDJZU2xwa0VpQklXUnBzeFkxdlBsa2U3eEx1YllYUW9lUlJCQW9YSUU3c1R4WlVUd3VNQWZIVGtEOUJ6N2Y4WUhBMHI2Y0VRV2N1cGJJekQwN1Q2LWg4UnVvaWVaQnJzbTY5Ml9K?oc=5,Boston Herald,2026-08-12,neutral
Boston T,Why do Celtics fans despise Kyrie Irving? The beef explained - NBC 5 Dallas-Fort Worth,https://news.google.com/rss/articles/CBMipgFBVV95cUxOUkxsZjBmaV9SNUNXX2dIR25ycmVOOXE3Mlh6RF9FenhuSjZ0V0I1WC15cXVwRksxT0p6TkQ5Wjc1VlJWNlpsZkpVcTBLSVphdERwYWF5SkVkMXItWU1uZXFlN1FMWXJmOFUxRFRfM3hrbGJ0bW5wUXZzYTczTTZ4eEFKTnpHUDk5ZzJuczJGczdHNlZJbWx6VjM1TTJZa2JJNnc0X3FR0gGuAUFVX3lxTE1NWUNVa0lvY3ZuQlllem91UzBBQVp1ZTE3VXA3UFJqWWQ4WktEdnhfdU15R3pfWDZ1dVNnSXpxLVFBeUZLUXdIeXl0dDBILURYMFRUODlFcG1IVGlleF9uLTZrVzJlUVBGN0NpVFM3THJTZ0hYM1NLWVF2NVJBTGJlb2RRUW5NbHlaYVE1dGZWTVhtRTIydElUam9tTU9FOXdvcW1RVXJQZU1wREI0Zw?oc=5,NBC 5 Dallas-Fort Worth,2026-08-12,negative
Boston T,Boston subway study finds no plague or anthrax — but plenty of other lifeforms - The Washington Post,https://news.google.com/rss/articles/CBMi2gFBVV95cUxQQ3NvelJ1bkdnNk1RLTg5VG9BUFNuYmROSkFEYUhfd1E0RlB6a3JsNzRvOTJ5Y1U5cnBDemJOWUNkNlJkTDNzR1lxQkFNVWdtQldKdFAyckxwT1J3OU0xYkQzcC04dHl6bGNCYnRtVThtMWpDVW1zMWZ4bzJtLU1QUlllWmlVcHk5d3dFVGpxV0s5dk5QWXBvZHRrMDlCb2VNSmVfMTBnNG5OSG9hZl9XZUYwZ2VRVmVCMUduVGZHMlRsb2xWaGdYdlVZTHA4NENGR1d0elhuSGktQQ?oc=5,The Washington Post,2026-08-12,negative
Boston T,Live next to an MBTA subway station? This map shows how your rent compares to others who live along the T - MassLive.com,https://news.google.com/rss/articles/CBMi4AFBVV95cUxQR2loLWs2MGxadG15SFl6Znk2bDZaUkNMU2VaNEFsdTZ1c29DSmVyTVRpSXZzc0c4M2lmdlRNd2ZWaFQ1MkxkWEkyRVpuMFEwaUQxZHZiUWlmSjdTMjFMaU1aaUl3dExNZzk3czdJcm9fTjlVT3dURVdOSV9ZSlVrbDhweFgweVFJU0JtREhteURGUkp2RjBIclNSSkEyX2dmb2pRbTdnSlhYUmw2bkU0MTZkcTFtQkIzSzRhLUE3LXIyYk1iVzF5QlFNWmt1T0l1U1Q1WnZuYVdjUnEwbFJXQdIB9AFBVV95cUxQVlhKY3BhTmhKMnEwTkNIRGFfMllSWFEyM0ZHMjl4Y3dtY0dCMGowUGpMT1pDSGtxaDhvMmQ5ejJsMXZBYlpyR1RPY0pxWVhsRGx5TGhmMENlOVZNSTFkZk1nbEUyeDBuRTFEd0NheG9PdlBndmJqUDkyR1dZa1pCMVNlRko4S3FUdVV1RWthb1NoMThkcWFNNXFWdV9qS2ZRLUtuZFpwOFJWOG5Vcko0aGFzZVdsMzZ3ckFLdnBZWmRmRWFZQVItWFR4UHg1SEhwX2czR1A5NUQyWVlPNm80Nm5RY18wYndlZURadTBuSnhyTnYy?oc=5,MassLive.com,2026-08-12,neutral
Boston T,This Tiny Boston Tunnel Is the Missing Piece to Finally Connect the Entire East Coast - Thrillist,https://news.google.com/rss/articles/CBMid0FVX3lxTE9jN1ZXRHlNWGhqSWwwcUNlazcxQlIxUmQzZ3BrQU1vRFZhbUt0elBvRm9RMlJ0TlpGdlE0Wll2UGRtZlBOZU5lUjNLOFBXQ21Yajl1VkItQUplWEs5Z1Q0M2lpVkhjUmZhMl9UN1pjY3l1UEdVcWlF?oc=5,Thrillist,2026-08-12,negative
Boston T,Orange Line Time Machine: The Don Bosco signs at Tufts - Universal Hub,https://news.google.com/rss/articles/CBMiigFBVV95cUxPSHJuQ0pmMlMzdWFodERQTmd1X2cxZWRnX0xFb2Z6QVpTS1lxT0x4RENwRDJlZjl2MU1iUTZBMUNadjd5N0QzaTNoQmIxM2dDSkdsSU4xYTczUEYyMGE0d0ZkTnBvakNLal9DeEN1T0JSMFdFbXdRd0ZTZjRYbEZodGE2QU5jSktRUGc?oc=5,Universal Hub,2026-08-12,neutral
CTA,Fully accessible Austin CTA Green Line station ‘reopens’ - Forest Park Review,https://news.google.com/rss/articles/CBMiekFVX3lxTE9NRzBjTlp5TUdkbE9EaTRXMTNaZHp0SEp3UzB2UEREWTJLbTVsNTE3NkJNU2s2bE9NTTZieDNwUXlwdGliUHVIUzZqaVN0NloyelhVZG1neVl1X0JVYnVpMUlEcWlZR2FpODJ0TWFBd2t6Sm1JaW82Z09n?oc=5,Forest Park Review,2026-08-12,neutral
CTA,Officials Celebrate Completion of $25M Project to Improve Accessibility at CTA Green Line Station in Austin - WTTW,https://news.google.com/rss/articles/CBMivAFBVV95cUxOSzZBREJHMWl3RWdPNXpNbFN5UFNYVDE5d0VNNHhLdHRrbFRXSmdnSnh5YWRwVWdpX1V4TlhVeGF0X1Z2bHpLaHJ6WUVxQVNfa3ZKQTU3ZzZTeXY2emJNVk5NMUs0TVB2VzlMcnFXZDlxbldkQ2NrVU4xTmJZOFN5SGZmU011Y1VGWGlybi11QmVkYUVzTDc3X1FzT3I3d2JSNkFubEdBV05hNHVyZUE2WGJBcW1XUFhVdTViTg?oc=5,WTTW,2026-08-12,positive
CTA,CTA Green Line Chicago news: Austin community marks reopening of fully accessible station - ABC7 Chicago,https://news.google.com/rss/articles/CBMiwgFBVV95cUxPUXhucl9tNEdjRVhxRGtwbkZ3VEZpNEFXUFhwWlFDMHdVQzJwdldmWk50bFh4b0pDdUpSRVpHb0dRQUVyZ2hHejVUaU5iaTJYdHJaTXN4OWFGUG16S0FwZWV6YTdLSi1Va0lteW9wOFV4bTlJQk1KX21LRjNzeGc1NEpLbUIwQVRtMlBJbVFDQ2NmWjE5dDBGTlF1UmZraTZDdUtkcGV3YlA1TzZ4Y0dyd19nMEFkSjQ3bHd3a1pZTXAzQdIBxwFBVV95cUxNNDRBaFNLMFdkQ2ZZNm4xSkY1V0Q1TzdrZTFZeDNlc1ZvaDdkNm1aR0ZxUEFtRnZXM0llbVFVLURfeE1nVEdldDRodFR3eWp6ZDRlcGl0U3BZRWxTcDVsa3ZpcGhTajdoWDRxeC1tX2ZaX2RlbV81OFg0Wk0tRmRQOTRQVnQ1eEMwRDhJZ0RlZElGUjRUQzJkdE9qcHhNeldPWVpfWkppckFyWHNXdmlYNnJaWGlJaHpSalItZWlJUkptejkxNGww?oc=5,ABC7 Chicago,2026-08-12,neutral
CTA,FinCEN Permanently Rolls Back CTA Reporting Requirement - Law360,https://news.google.com/rss/articles/CBMixwFBVV95cUxPWVZrMG1XRDFJWTVyY1hTNzN1ZXJDYnhiWWQwX3lRZnREZjlmNUFlWE9zMDM3NDllXzFyZHFvVGV6ZzJsaEVkdHV6cldmcUtUdGo5eVpKdGUyTUdsaFJCMjF4M2RhZnFuRUhpTmRaRG90ZnZZRHA0bGY0VFl6ZTBWTVBZNEN0QkZOcTJpTHlCQ21DdzN3WElOczlpREhPVW0zLXAzeU55TmJRa2d6TDh4STQ2M2pIYnRBek55U1l6MW1OYXUtN0Fj0gFzQVVfeXFMTXpyWDZIcjV1WVVEMjJoRjJMY0pxRU4zVGdSZDlpZzd6YlRGa19leXNJemhKVkRtcjAzeDlqWVRwdTFFLVZrQUoxbnNwWG1KSVdaZmZaZmpFdHo3OWU1SmRxOERKUFVhem9hbVVadDljX19VNA?oc=5,Law360,2026-08-12,neutral
CTA,CTA Construction Managers Celebrates Groundbreaking for New Fox Hill Elementary School in Burlington - PR Newswire,https://news.google.com/rss/articles/CBMi7AFBVV95cUxQaXZHUkhoX0tQam9VNHpiLVNCaTV3WTh2eHZkWDMxTHZYWHFPRUMtM3N5Z3V2cktKU2huZHFralVZWFhTcFNEalJpUGlMOGtkX2g0eFViMFh4VFBXNF9HSGVtS1lzcW5JUFg0SEVXZmdRQXpCc0FuNHFvamFGVm9yOFNONTB1ZUEyVTFGaDYwbkhqN3JqdlQ0UFc1bTN3Z1UyTHlWcEZLYkJuMk14U1Ytdno2QnNyU0NaTEZYRzh2S1EtMEN1dW1ORS1VVzhyV2hMeDFVQ0J5NTBXbnYxdkxFYmhRM0JqZHZnWHRJOA?oc=5,PR Newswire,2026-08-12,positive
CTA,Depend on CTA to Get You to All the Independence Day Celebrations; Holiday Service Schedule in Effect July 3 to July 5 - Press Releases - News - CTA,https://news.google.com/rss/articles/CBMi4wFBVV95cUxOVTgtYjNyVHFRWXJoT2lDSi1jc2x3SUw0VFVLaGpKbVpRaHVXOXVxVWlSeGthV1M1d3F0M0R6aVRrT09iX1o1ajA5WFkzakVCSUxSdlRNY0lianhzVjkyUnRUMFRLNnRDQ0NKVlZLX3Y3YWFCNGpKWlQ3cUR6ZnFmRThhZXVKTWNxMzczTGUtYVo5NkZpd2s4RFZxeUlCNlhfZkVVRFhxR1VmSHYyR25uMmpYbk5SQWE5SnQ3YUJuaVJXNmhLdjIxTTlKRUd4Q0Z2QWdLOUIzbWlwaE1UY2x3dm5RVQ?oc=5,CTA,2026-08-12,positive
CTA,"New signs intended to deter crime to be posted on CTA buses, trains - CBS News",https://news.google.com/rss/articles/CBMiggFBVV95cUxONmV6RTV2WldwUGt6RTBDNGJyLTF6MjBQVnlMZzJFMU8wdjBNQjhOT1ZKTDlHNXZMZDZYTUoyN1YwTTcyS1F4RXdyWm1pWlJoOFY2SVFBUVFpRldhREZYMXFsUVduR1VESVVKT2ZuVTI2LTNaalZ5TEhWYVlkS3NfZVlB?oc=5,CBS News,2026-08-12,negative
CTA,"CTA crime: New campaign aims to deter violence on buses, trains - FOX 32 Chicago",https://news.google.com/rss/articles/CBMihgFBVV95cUxQQU82MUF6NWJka09Pc3JjZi1lbm40ck1PVnBESFpnTlV1UUFnZDlJbTh3SnFQTGFMUXBySlR3bUF2U0VRY3IxN2Rmbk1JYXZNNERXLUhQU2NKWTI1WEsxTjNJN1FKSFpqTEtKa1NkOWJhc3V1ei1pZUQzUERTWTIwTVYyQjZXUdIBiwFBVV95cUxNMXl4dDNFMEYyTG84V1RZWWViNlNNdGJmamJEUWdvSm5XMXFTcHZETzh2ZU1wTG10d3gzbGZqNS1kTVpGNTBJdGM5Z3J5dmZVYTJGeWxzRWg3M0RfcmxiZEFOMF9sVy0zMVplN2U3ekxjN1htb2t1bnFPeTAtdGRrZVNsNzVyVV9xemNJ?oc=5,FOX 32 Chicago,2026-08-12,negative
CTA,"‘Expected increase' of passengers on Metra, CTA for Lollapalooza; big crowds likely - NBC 5 Chicago",https://news.google.com/rss/articles/CBMiywFBVV95cUxQUHp0SFVKemVzQzhpeV80c2N0S0N2M1RFbDNZUFh0MzY5dFFJNTRQN1E0d0l1N1FLSWFPby1EQkJ0N0xVcUZQOF94N3pnNWtTbFdsVjM5cG5JcjQzUGtlSDYyazQzdFpwRk9OdFVrVFV4MDQzWjdDakF6Z21hQVVDclFlQk0xVnZseWxyTFQ0Z0ZuajBtOTNFZ1hlaTZqYkhGSnNsa0NVT2oxWmlVcnZheUx3bndVN29maG9GUFFOMWxXVzFJTTlfM09xTdIB0wFBVV95cUxPaGNxaFhSZWFmcERZNldKZTJfQVo1SEdTWHdZTHJ1Z1FKaVJnVko0LWpxQm1lYWRtZnZ4cmg2anZ6NHJhTTlhdTdCNDZjMFdZalZxZi1zeFJRUjhuaHBvbnpxdG81bFhnRklUU01qMG1BbzdLc2FIMEhONHdQRmZOOXF5aDNDMS0tMjhXOE8tc0V4Z2hDakRCNkZlZGZERnYyNlRIRURLMG9YTm5NMmQybzYzLWx2ajIwUzN2NERtSUU4UGpvSUxIYkFzZDI5Tnl3ZmRr?oc=5,NBC 5 Chicago,2026-08-12,positive
CTA,WGN Investigates: Woman sues CTA after being injured in July 2025 attack at 95th Street Red Line station - WGN-TV,https://news.google.com/rss/articles/CBMieEFVX3lxTE1ENWdXbWlWOFg1R0I4bkxtTTVhR0Q2YnM4NHE5b3l2dVZCT0pvZE9MN1R1WURpWC1ENDZ4NXN2ZVVGRmFoY2U1OHpSVE45QkJ4Z2RadGVfZVBEblB4WWMyNTFLSWVtSzFCdFd5NU9lODZhT3VqWDBQedIBfkFVX3lxTE9zeTVZRVczSm9QaHR2OXRyUlVLcENFZm83TldTODlwTjJnQUlmTUFuMEt4d2NBTnZLdndTRER5amRkT3pYaVdCZmNXUWJBRGplaHFsLVFJY21FRHR1TU5TdnRBV29ZMVkwRWNUS3FRaVdHQkxranV4MGVnb3JIZw?oc=5,WGN-TV,2026-08-12,negative
CTA,Enoch Brown CTA History Meet-Up - Franklin County Free Press,https://news.google.com/rss/articles/CBMiakFVX3lxTE9SdzBqWkJ5YjlpTEhiMWtIOEJDRDBfa0NyVFlBbkpqVGRldDRkUGFBMEhlMjdFNmVEUDRjX3pWY1dWTHR6aXRXRm5aRndFRW5RRDRrMUs2c0ptZjc1akRrbUxFTFB0ZmlBSWc?oc=5,Franklin County Free Press,2026-08-12,positive
CTA,Chicago Nurse Sues CTA-Hired Security Firms After Fare Jumper Left Her With A Broken Leg - Block Club Chicago,https://news.google.com/rss/articles/CBMiwwFBVV95cUxPQUlNcV9LZG5lUmd6aXVnY2JvY0xqVjNTWExfQWJPd3J6c1dwMmVTU19rWFVLTjhDOTJKVGY4MUZJWEdwUkVtbkRrVkJaQlItVXo1ZFhsQ2JqX1JLT1dmRXBBU1JSUDVOelVLbk11T3F4RWRkZ2kzN1gxSzdKc2xkTklMbUM2TFRWa0EzaHNiX1MzQ2FVY0tfVmJCWUo0T3o0VkFvYUFfRXhCV1JuckR3d1NwSmRhbDlIQk92c1gybE5Sdk0?oc=5,Block Club Chicago,2026-08-12,negative
CTA,Another mob attack near Roosevelt CTA station prompts renewed CPD warning - CWB Chicago,https://news.google.com/rss/articles/CBMirgFBVV95cUxQaFIwX2JEX0l3QWNFMFNIWlVHcWJabm82c3JoejJsX3g3cDhZZ2F4OHpmN3BMYXZucHV0WTFROV9RN0sydV9rZVdoZmQtUncxWldrVHpPcVpfUm1JRFQzSWN3UlFYX0xBSXJMMlJyVE84aXJPUFVzeWtMbHhHcHZDSENmZENiUnRHQUc2eUFtbHdFODZpWTctRFdya2pOZEFTNUZEN2pFZnRvMEVaRFE?oc=5,CWB Chicago,2026-08-12,negative
CTA,"Chicago crime: Police searching for suspect in attack on CTA Blue Line train near Congress, Pulaski in West Garfield Park - ABC7 Chicago",https://news.google.com/rss/articles/CBMi1wFBVV95cUxQTFN5M3lsUG12Ql9UaHVSVi1WRkJHUi1Cem5QeExROGpiSU9oWHdCUGtrdkJrTEoyZ3RLYmotRk5faUw5am5XTEthamZZQnpqN000SmtkX0UzQ281X1lLX0VsZ3VaTEY1eHNGVWhObVNmNHJSeFdWNlFSVS1HdGo4WTcyTGEwZGR3R2dWVjZwaGZtMXE2MkZRcDg5QXlYMkp6N19YZkszeGdOMzVWcUdKcDVhX2FXU3dpNm4wVWkwSEVlYVY4UkJ3blJKNGJ3Rnh6QlZXSE0yc9IB3AFBVV95cUxNYVF5MFRtTGpTaWk5a3JESGs3Q0VQWjFzV2VrWVhURDN6VFBFQUFtQV96OWlCWUtMODFiOWJSdzhXTEI0elNHZWRldTM3YzVkRFItaHJzazYxcnB4Q1VJcDhTb2VCSWZxZzI0SFB3Rm5fNW9ZTTJQQWZOeks2ZzZUMHU0TUxkcFgyOGhzeHQ1QUlOTWtzd3JUTEdJSy1BeWNWRHhETGV1Z2Fod1FMXzdldFdld2pFblczZm9PM0RMRVNjaklYU0p6Tk1GNW5SYTdCbjdEeTlQWmR5NHpJ?oc=5,ABC7 Chicago,2026-08-12,negative
CTA,Video shows alleged CTA fare jumper knocking down woman as security guards stand nearby: lawsuit - FOX 32 Chicago,https://news.google.com/rss/articles/CBMilAFBVV95cUxOcUhHUi1ISXI3eDYxR2U5T1VfLWhUS2ttYnBjb2hYSnBhY0w3MDUtZkhsZkZiaGtFdGYyNXd3LUYzTWtPcUNKczUwTHJsNHBWa3hmaTBWRzdBb1czd2ZQZUJsajM1T0FJbFpSNVR1RzZsVDNSejMycWg2dEFjRVhjdml3MG4ycXdHZG1XQ3E1b1lBQjZi0gGaAUFVX3lxTE5sWWxRWlRYV2tVQ0lUbWJsVEZFYURiTzVTbjNvbmZ1Wi1FU2xiQlk4eURDQ0UyM2czc3JTWm5DeDZfX29JYVNxYjhmelR1TERNaVBRdVVZcE9PTlpGOWxyckE3RG9oVm9YMmZ1Z1ZWLUxFWUlwb2lxREZ6V21EY1VKS0o2Wk44VWxxcWYzN0NVVTBlVzN0d25qLUE?oc=5,FOX 32 Chicago,2026-08-12,neutral
CTA,Pretty Cool Ice Cream and Chicago Transit Authority Partner on New CTA Line-Themed Giveback Pops for National Ice Cream Month - CTA,https://news.google.com/rss/articles/CBMi7gFBVV95cUxQRzJraW5qaXVQRGRaUWh1UFNBYy1GMHhvYnowakt2bTBycXJjeFR6dElxUlBDbWpWU1ZVcXhuRU1uMmR3eVRhM3FqNnNWd3NuMmZqQUExSWwzUzctbk9nMVBHLVh5dXVrU3BKUlpSR29mdzZ3eUw2ZnozaV9seURRY1JnZUxHRnQzalQ2aVhfM2tmZDgxWWlyNlEtREp2UVBqS1g3aDRSb3Jwb3FlWTZOMnNXZnA1WlN4TVdzcWIzQnNQNm1hb3lFWkI1WHQteVA1SVNNd2hUdjVJamR4SDlfVGs1SzEwRUQ4a29yV3Fn?oc=5,CTA,2026-08-12,positive
CTA,"Metra, CTA trains impacted by Chicago-area in severe weather outbreak - NBC 5 Chicago",https://news.google.com/rss/articles/CBMipgFBVV95cUxNWU5WNFplUUZWYlY1OTZVVXJUOS00RFZ1THU5Y042MlEzQk9GUGZDVEdWeEl2RkN4NV9sOW10TVdmNmdIYUpMODktOXJBTGZNZHNPdzByYlEwZ1VjUGliRjNSZ1BjUG9JSzY0QnpWVDh2TW56ZjdxSTk3eDllc0FaWUFCdzgtY3NhcFI2UDhteEN1azZWUldjUDZRM1pDLWxUeVI5NjdR0gGuAUFVX3lxTE5kcFphTTJSVVZmY1haalp5OXh5YnhWcGZGcGhJeG1rZm9QdkNZTzBuVk1QUGZpWDhyRlktWEZvYzliVE9KSHdRTlFBV3kyT1ZlTmsxMnVSRWh3NndCRndzTEJDQUxmRzl6b2Q3em1sSldHeW5pQlpfN080WkVMWWxaWDZfeGRiWjNZZ01vWmhVTjJFUlQxODdwdk5jTG45TTBDUkV0bDlkRXNFVzNyQQ?oc=5,NBC 5 Chicago,2026-08-12,negative
CTA,Debris on tracks snags multiple CTA train lines amid storms - CBS News,https://news.google.com/rss/articles/CBMimgFBVV95cUxPdnBwczF3cWFGZUlqOHJfX3l1S1A4MUlqcExtU2E3Q0VfUWludTRBQXhxcm1USWZIc2NVMDFmNHRua2d0QmhKZGJ1VDZ0akprakhhYWhneWZoUUo5emNIQjJ4X1ppcVdvMEVwV0E1RGFsU2tYQ0Y5LV9hbGdwbkpzLWx1MGkwcjhtWnFDSGZfa3BnMzN1VmtCQ0RR?oc=5,CBS News,2026-08-12,neutral
CTA,Chicago crime: Cook County State's Attorney Eileen O'Neill Burke launches CTA campaign warning violent offenders of jail time - ABC7 Chicago,https://news.google.com/rss/articles/CBMi7wFBVV95cUxQZDNDbXA0S05FYjlkclF1X0xuWE1sWVJ4VlBQelFYN3A2U0ZqY2pQbVFnVXMybHVTNXpCWjl5Qkt0R2JMWEpTc1QzbFpXVkJRUlZGdGRKbGlsSHU2ODdTQ0wwQzFLMWdqVTItQXBsSlZBM1JVbnpocWVxZkFYaE5JMDdwenRBQ1NWc3o2VnBGTnlfR1hNeC0wMXJJcDJyUnV4cENCSmFrRUZqam1MNDJ3eVRHdDZGSlFTWWhGWmd2V0FfY2dtMV9ncUQ1cFhiZTZfeE5PX0xmdk9mc3d4a3BzWlNWOHFOSHoyQTZiRm1lONIB9AFBVV95cUxNTVotVFZXNXNBbDFCTm5fckgxQUpKZ1FLS2FkU3dNOVFDSWM3ZlhpaDkydlpnZURfbkRhdUttYzRPQTlNQVhSTENyOGUxOFI2djhUcFBaWlhtbEJhWmlUWThpNmlMV19IWjJsWHlSaGw2eGlramZ4UFdfbU5FUGw2RlJQQ3hWSVdCb2x4TlNqQW1FTkdoWjVuaTNIVGpwSmlaUWM0cDlSVENnS2JWeFNvaXVLMjFlenZRUnNQeUYydnRZdHN2X004SExnTmEwTFdGMXhVMjl5YmpyblVoZWx3c1pBaS1Hb1BGZDdybEMzQU9zeVhG?oc=5,ABC7 Chicago,2026-08-12,negative
CTA,"Closure continues on 3 elevated CTA Loop stations this weekend, Chicago Department of Transportation says - ABC7 Chicago",https://news.google.com/rss/articles/CBMi0AFBVV95cUxNbE0tY0lidG1xTFEyb1lKWEN3MWU4LW1YTXkzWVg3YUJwdzFPWS1Kb3FjMWgySG1UekFUdU9wdVNOSkhBR1JTN2o1TGJ4czZoSlRUek5UN2xBRWpiWHY4Z3d0d2VFMWRHWUh6MnJzOTdNMDlXc3Vuc3NqcWxMYkdmRVIybnhBMjZTdUd2b2JNVmhCX3ZMRTlhd3B0aFMyNC1KX1ZQNWozM1Z6TWRabHR6bVgzd0FPdkFTV0lVUzA0bzlJTlJreGkzdFRGbGQxMW9U0gHWAUFVX3lxTE92WXg5Z25kei00dDZYZnRLV3RzU0RVM1FhTktrQmEybnQwVnlma1gzYWZoTlpGSDQwOGhBWmtSTUg2NDhpWkltVTJSSXNoOFlOYlV4cjNRNHE4cUY5SFVya3kycEMwa0oxQjRkMGp2emR0RGxWdjhINFVmNnJfMmRVbTBYZHFQUTBqYVdzNFJoc2JYRmVQTzFBLWJueldFM1FtZ0Z2d2Q1cVI5cXZlRVhvSVBBS0dOQzZucEY0R003ODNKMVFQT1JBdDZVT2k1azBFdkhXd3c?oc=5,ABC7 Chicago,2026-08-12,neutral
CTA,Travel Advisory: Temporary Weekend Reroutes of Certain Loop Elevated Lines Due to State/Lake Station Reconstruction Work - City of Chicago (.gov),https://news.google.com/rss/articles/CBMi6gFBVV95cUxQT01vR2NDQVZLWEdqV1RDYVRNQ0U5TWtLN0VHMW1oSjVxZUk5bGdPVEFqakNZTWxUZmlBYU5QV2l3cDU3VlVGaDRob3dDZGtybnQ3WjVtbE1US1N6VU9CeEFXNDhuRWZhRnZiYmpQLUpBVUVfTXcxNW9lY21JZkowUHNwZkloT0gyaUVOSlh6ZTZjbE5jY0N1VjdCbnpoQmF0d0Vjc0VhclUtY1l1SFQ3a1ZXQzFaa0FIczUzYk42ckhzWndUMVU4aGVxaE9PbkhJRGYzd1RuMExkUkdTNmtXNjYxZHUzZDhMYVE?oc=5,City of Chicago (.gov),2026-08-12,positive
CTA,Police release photos of man wanted in CTA Blue Line battery - CBS News,https://news.google.com/rss/articles/CBMiiAFBVV95cUxQX0JkOGh4aFNjNzdwQUpERGpMVGJ3LTlLRWlFM19YT2FpNFFITUhYU3JKY0VBYVhLRjlFQ2FJUUNyLUpFSFJqR0lWRkd2Mi1tRmN4c0xESE9kbFlzLVVLWmdzREVkQkE3RUlNTk1ZWTFObE55UDEzZ3JsZng0cms1aFZmcVdDMEE4?oc=5,CBS News,2026-08-12,neutral
CTA,"CTA Submits Enhanced Security Plan to FTA, System Policing Hours to Increase by 75 Percent - CTA",https://news.google.com/rss/articles/CBMivgFBVV95cUxNaFJHbUVwQmdtMnAydzBMNlBRalhYV2hHOF9yYTVWWGxUTUM1MjZqVnV4MWlkQUJzYUw3M0VESEYxbGxDVUNlRWFqVDVxc2ZOMmlxY3FVZnUzMlFBVjBvaG1vbXM4RVJPVlFwX204YWpGTTh1cDBMZFg3U216am9FUGkwRkE4MVcwLTRmRVNqRnpDbF9QM3B6V1RiSHVZaDV2TjlJalI4M29ReGp4WUVSbnFHYlNPVEo5bTV1N1Vn?oc=5,CTA,2026-08-12,positive
CTA,"Elevated CTA ""L"" stops in Loop rerouted for track work - CBS News",https://news.google.com/rss/articles/CBMifEFVX3lxTFBUZkNmRDhseldNbktPbFNJQkxpbTB0YTRDZHNqM0lPWU0wVDBMRklvdmc3WnhrYm9QeldQX0EtNTB0M1RvWlZlcWJTWWlGU2RWOGFpYmJBUFZPeEpfWVZUMGR5LTJPVk9qTmQxcTNrRDB4WTFrOC1hUGNqWmQ?oc=5,CBS News,2026-08-12,negative
CTA,"Gold: CTA selling limits upside below $4,400 - TD Securities - FXStreet",https://news.google.com/rss/articles/CBMioAFBVV95cUxOeHpiVjRmeVNBd3ZQdXI3b2hEMXVtZjltbXp6M09rZFZleWdHN0VkUzlGaFlFR2JXb3cyV1RtcGpFSEVQNVIzQkp1dVlvSXlPa2JwN21nb2lSQTRqandzUTNXTElvYlRFTjc4aWFUQm5Qd1N1THhGUlFDZTRlUk80Mlg5akc4bnlLOFQ0cWJYQ2N4RkVzWHluS0tIVjJRYVVF?oc=5,FXStreet,2026-08-12,positive
CTA,CTA reopens $25.6M renovated Green Line station with more accessibility - www.cities929.com,https://news.google.com/rss/articles/CBMirAFBVV95cUxNZm8tbU5rRGV2NHZkME55M3JtZG00WUplaWRCc0kteWxXMFZVSExSNl9VbHdlUDZsbDVWb3ZUM0RhbTctWXpOYkYyR2E4R05yMEF5a1kxRFdZX3JQbkkzRDNMQ19UVllyZ3hOOF9xYU9EMkdFLXoxRjFzTmpuaGVXQzg1Vk5McmxMcHFza0tkcHpSWDRrYVZKRUJKS3N3UkhaRnJDTTZhTHZ2b2ZZ?oc=5,www.cities929.com,2026-08-12,neutral
CTA,"Chicago CTA construction: Agency marks increase in Red Line riders, major update on State/Lake Station project - ABC7 Chicago",https://news.google.com/rss/articles/CBMi1wFBVV95cUxNY3k4R2ZjbWUxQUpUWTA4aHB1UEYxZVRaS1hUMUUxV0xLZEE4TVVvbVZMQ3hPQUFYd29XWDdmS2hGNUdLRmk3V0RlVF95T0pwR25qcHlrMFpCRWd4TDFOMFV1UFBfOHBwekFlM0tXOEpXOUcxQ0oybkdlUjBobURmV1hIbVdjWWh2TlNiSkk4WmpSMzhFSTgtQkIwQl9UZjZMWjJjMVFuN2JlSlZuV0lxMXhhNU1XUENlODhEdjRBQk8wbUZwQXVxTFBLSkkwcWFUWm1MckpBY9IB3AFBVV95cUxOTlN5Wjh5djZPMGNYN1QzaHFmNHhLbEdYRjNpR1BsaGVtTlREQkE1VGdrVTNLVHBobVlzdzdWMFp1SkxCSExqNE5ndmJYS3dvMlB5N29WVEJ3LWhFczlvWTZBQnZZMVFBUGVkaXZ6UlNWQmtwMDlweHdSS2l2d3AwRUgwS01yTDhSVnJyVVNYRkgxWUdveWNNQnhxSlFYTXh4b2JNNzdhMGwyR1RJNEFjOUhwak9IM3lIWWZQS0xZZWlaU0hqU3JmdHZwVXRrWjhuTkdtdEtMRmNUUXZt?oc=5,ABC7 Chicago,2026-08-12,positive
CTA,CTA revises ridership upward by 19 million trips after methodology update - Streetsblog Chicago,https://news.google.com/rss/articles/CBMisgFBVV95cUxPY1hmWFJjSlhBU0xZNUZOR3hudm9VQzM5ZHh1RXhDX0dDVWItcTh4bFdPNFRidllhcVItT21mdmt0LUMxWGFBOUNKa1F5b0lEMEtLRm9MVl80Q3ZXZ0ktUXlmWVZTcUszeHg3V3VrQlBkaFRWeFRfcnJydDBvRzJLbWJDaDVvME02MlU4Y2FpZU5lTV9PTFBJXzFWSHp3TGpweGNxNURYekNWZnVOdWJsNEhR?oc=5,Streetsblog Chicago,2026-08-12,neutral
CTA,Yellow Line extension in Skokie could take ‘decades’ but CTA is studying it - therecordnorthshore.org,https://news.google.com/rss/articles/CBMivgFBVV95cUxOQmVFMjBCcXFlenVnSnJHWWxzR2xiYVZWbk1RRVZ4eHlfeXBlTmloNl9zcG41QzQwNUl3bWhtNE1FdjlWYjhqNld3aDh0eWdaVTREWUtkT0FLV0MyLUhEdGxvVERJMHJyRVRwQWFTWE5sUHM1ZTZ1czVKUXlhX0ZEREl5RE9HRGRhVkt4TTNsclpwMGJBeHI0SG9PRFdmeVFFUmhzanFpTGE4Z0lIY1g3djN2blU1TXdfS1BNTlB3?oc=5,therecordnorthshore.org,2026-08-12,neutral
CTA,View from the wheel: CTA needs a better approach to Bus Control - A City That Works,https://news.google.com/rss/articles/CBMigAFBVV95cUxPbzR2dXkzWHZkZFN5cFdVbndlUExOOUtXYUJjck9sakVJaE5lYzc4bjhkNnk4clgxd2pJMENiZ3h2MWR4VXNDTUpQYVBvTVNScFZGYTJtQk1XdWVVdndOMlJVT0ZtU0ZGTUQ3TjJja3lBeVo3M0Q3ZE5tSHBYdW5Pdw?oc=5,A City That Works,2026-08-12,positive
CTA,Chicago CTA leaders say crime down 30 percent over last year - ABC7 Chicago,https://news.google.com/rss/articles/CBMimgFBVV95cUxNSGM1aFVsdVlQWlY3dUgxb1hSSXlCTnFrZ3VFdlpnaG5yNWpyMHVGNGtFQmpyU1MxaGppM1EwbENrQ3hnRjQwVV9tUm5iZXNWZ1kzTjQ1NkpTeG1zVkxHS19xMkhkQnVXNDNpZE41QmI3NUNUTlNzS0ctYncxSThJa3ZZaDhsdTJVTURPR09vTjZOUkx0VkZpbDVB0gGfAUFVX3lxTE9xcVNSM3FZbG1QalYwXzA2ZVVjTEpodkliOUExZVVmRkVmQktJVC1aT2VkSU1sYmMwQV8tTlBLU191aFZZTFJUQlFqQ05YZVVuOGQzbjhxVEVCN1B5bzE1ODE4UWw2X1VGcWRENFpzRFJJUnRwbzJDZHRGSER6YU96VnBMVUtUSk5uS3JmZEhscTlXX0RmZmVmdlM4S21ucw?oc=5,ABC7 Chicago,2026-08-12,negative
CTA,Richard Barrera for Superintendent of Public Instruction - California Teachers Association,https://news.google.com/rss/articles/CBMic0FVX3lxTE5Hdkk3emc5cG5tYW52Tzh6cFBWeUc3SzRXVEdoREJCcUU3eXF4T3NNWnhBNHJCUHFhbHIybTlPRFBtcUhTTGRfM0pMV0FBdkE2dVduQlRhM194T1lTNUp1U0tiai01MFNYNGI3VUlqTlJ0am8?oc=5,California Teachers Association,2026-08-12,neutral
CTA,Letters: Putrid smell at a Loop station is an example of the problems that plague the CTA - Chicago Tribune,https://news.google.com/rss/articles/CBMifEFVX3lxTFBPeGJadVl6enhTRkJSaFpIMDhrcW16YVhEdm90Y29LekIzZkRrbUF1QXh2bW5NS001dWp5VnBCaU4zaEh5MnU5aXBiYlRMdmM5cU81NGY4d3Q0Wi1uX2J2OUYwVlhUUlZ3a0F4WExQclJGTGllcjYwTWlmaHQ?oc=5,Chicago Tribune,2026-08-12,negative
CTA,CTA safety: Cook County sheriff says dedicated CTA police force may be needed for safety on Chicago's public transit train system - ABC7 Chicago,https://news.google.com/rss/articles/CBMi4gFBVV95cUxPUDBlc2lpV3BlM2E5cWlrS3ZDd0dKRDJVVWpMamNISHRIbTdEN1lPRVlOakdqcHZkZXFzalA2VUdacFdQSGdVdnFKN1d4ekZiNENDYURTSHdzQnp2VC1jbXFjdDktZEFsQk5BYk5wc1lPYTRfWDM5Vk5RM3dvSFAwUVoxdEtGUFhGTk9EZ241aDhrV1RGek1RbW5VTUh1bEZSbnlCMlV2TEQ0VWJtN2Ixc2stSGxISHdRQzBEeFgwU0NqLW9RNlZBUnAyVWNlMUhfV090UjZ2MGF4NXJRdGs3aXVR0gHnAUFVX3lxTE5hR1A1N2I1UnBhR1B4Q2VJc2lBU0E2VmJNYUhJQXdtX3h4Z19KaUV1UlpacldPenVNZlFyUngtbGdJaTY4UHdZSmk3QW0xU1R0Z2pyc1o5UE9TTXp5SlV3Q21HNGFLY1RVSE9uX1c3OFpSU3FDMzNQVEtUNlNRQVNCWDh0czMwd3FwbTJlVHR6ODRPS2hURzVycW1kd1UzdU44R0R1X0tYNkxCdmdCeU1ITjFlbTEtTGtCVFNTMnZMd2NLLUplV0NtSjZBZ2M0ZUtPZVIyc2FvazhJc3BoYWV1ZDJPRzZTOA?oc=5,ABC7 Chicago,2026-08-12,positive
CTA,Combating fare evasion could help lagging CTA ridership - Illinois Policy,https://news.google.com/rss/articles/CBMikAFBVV95cUxQVmlnNzEtcnhmcV9MY2ZOMU9FRDBRZjN4b1ZQcmRuTXFGcEZfaFNLYjBrcUZuamgxYnJWQWRQWm16VmI0cGJDd0ZnclA0MkFmOVVYcklqRmFDS2hZZjd4ejRjb2dfTGJFY0dhZ2JXbDZtQXNJVC10UmM4cU5Sd1o0bzcwMjlxYm8xdFBpbUY4MWc?oc=5,Illinois Policy,2026-08-12,neutral
CTA,Suspect sought in CTA train robbery in Greater Grand Crossing - CBS News,https://news.google.com/rss/articles/CBMimAFBVV95cUxNNWlKNHVoMTBlTUtKaVB4V18zYlhSV05aOEFndV9kXzZxUmZqRDRYZTBpWUJGbEY4ckxQaExOZk1ZMUUxNkRobVJIREg4aU1IaWx6NW9KQzFSUHduWEpCdXNJaXEtWjNjYzFBX0JmUlNZNk9zZkhMd1RWMFNQYk9sZ2NDWTN2bUc3dXJxeWZmQmNOZXhkU1lTVw?oc=5,CBS News,2026-08-12,positive
CTA,Take CTA to Your Holiday Celebrations - Press Releases - News - CTA,https://news.google.com/rss/articles/CBMiekFVX3lxTFBvZ0JMTU0yeVl0ZnkxeHAycjRpVjZFajNYeDBGcUFsWWdvNW05S0NCV2hPMTVSQjdxX1ZKeUY2OVMtLV9WR0h1SmRTN1o3N25NdEZRWUpSR3hhbHJ2S0pmTzdRQ05PVGpRMnJuVmF0RjkzNGxoY1JfbGlR?oc=5,CTA,2026-08-12,positive
CTA,"Cook County State's Attorney Eileen O'Neill Burke, CTA acting president, sheriff's office announce Regional Transit Task Force - ABC7 Chicago",https://news.google.com/rss/articles/CBMi8gFBVV95cUxQcjN2bkVob1Vidml1aDJSMXpwLVctZENtOGhJUXNrZkdkNjFpemZSYnlwYTJNN0RsRGdnVW1leTBvd0xCaXduaXFvcUNPbzVLcEZpX2V0Smp0d3BEbXNTenI4TDhWaS1uZ1UtX2ZXYTdGY2VnbXVSMXlOSU5mbUNwTldpNVdWUmVjenlydlVwcVotRHNuTUh1QkFqbldZdFdoaGNKaE0wSl9pR3Q1bE1VZTBSdGdDMHFDNzM0U1NEWGlla0ZkUjZfcjZhVzdoSUUtSEhocG1fMjFFVjlqM01GWWkyU05Kc2R4aGlHM0ZQVjVqQdIB9wFBVV95cUxQd1EtTlVhRFZKZHJ4SlZGZlp2RGFXcHZhRm45empfNDZrUGREeTNKcVlUSFI1T1ZJYWduNFJpSFpoOUw3Zm9FY0lscGtGTEl2QVJBVWJETXhEQmxham11T2NOZEozS04zd2tfSklTaDdKTWhIbEVGUnNOeURNb1UyOWhLREpkSks0aGp5SU5tbTUydm5rVE1fMlVEd0RSVkdtSFlJbXZ4UERJSjhUWFI0TW1MUjlQYXpPa0hLQUloOERuN3Y1YjlFM3I4eF9wX2FGMjQyTjZOVDMwVVhyamRhSjBiQV9QUXZ1bmVSR0xRS1oyX0JudHZF?oc=5,ABC7 Chicago,2026-08-12,neutral
CTA,"CTA Leaders Tout Ridership Gains, Lower Crime Rates on System - WTTW",https://news.google.com/rss/articles/CBMilAFBVV95cUxOdDg1QnNBX1VvZHAtNEtVbVp1WGZvOExNbUFyYkIxTVpELWo4UXRjelJvVngzaEVESDZzSGxENTNPXzVLdUlMUGZBN3N4LUVYMzA0NlFZUGdEeno1VUVYdXVDNzdvVGpHSnBqRXZ5eldPcjFmNW5zZ0J6Y1hsMnFwbk5uRjRKdU9CZUpVSng2dFU0dzVC?oc=5,WTTW,2026-08-12,negative
CTA,"CTA, IDOT sign off on design prep for long-awaited Blue Line improvements - Forest Park Review",https://news.google.com/rss/articles/CBMiakFVX3lxTE1Wd0F4YU9KN0J6THVoZElWUWg4VTZrUWIxNF84OU1YTHhZTjhlWVZwREZYMWVqaDBVY0k3VFRpbUtjbzR6SDRBRjZCMUk2bXF0eF9WRWZOS2haN2VBUVJoLTY4dUNXLWI1N3c?oc=5,Forest Park Review,2026-08-12,positive
CTA,"CTA says crime is down throughout the system, but many riders still don't feel safe - CBS News",https://news.google.com/rss/articles/CBMihgFBVV95cUxNdDVHMlgxazFvbm91OUI3WnpyeWNSbUZkdm9aTjNuQ1ZqUlRMWXdkaTBQQXREQ0VHM2NUMWRBOFJsMEJSUEFoWVppQm1POVFsMjQ1dzI0WXJTenRCZGZTREVsTUpGb0xpOWxRaGw2ZzlySGxLazlTcnh4MWhacHY3NURTQkpIdw?oc=5,CBS News,2026-08-12,negative
CTA,"Crime Is Down On The CTA As Ridership Increases, Agency Boss Says - Block Club Chicago",https://news.google.com/rss/articles/CBMiqAFBVV95cUxQWDhXWUNqcjNjQTlwWWJLYmViTzEycUVtc0JTa3cyQk1MOV9URjZVSkNnV3dLYlZCdjI0dWRQWHBzaVJoaWI4YkdYLVdBYkVQVkZkRWVGZS1WUGlocjRRY3lCd0p1MGVQQ0xoc3hHdkIxc1JEWHBuZXVzWkx2X2Z5VC1CLTlQTG02MWY1WE1KcUlOU29BN2FqLUF1d2xzOU1XeUxuUWtFTVU?oc=5,Block Club Chicago,2026-08-12,negative
CTA,CTA plans to charge for parking spots under train tracks in Lakeview - WGN-TV,https://news.google.com/rss/articles/CBMikwFBVV95cUxNSktYV1ZFMWRJczlWQ25wRHJ3RWdnMGdPaXlfeUV1UTN5N3I2MFFJc3piU1hwS3FobEoxb0hhUDZjenF3VGtwMHRkejM0ZTlRYVExRndxWXNnTG5YWHVjWEtldHdVWGxRcnhIUmoyUGswejdRb3VaVVROYWhCczRIVldlQTRaNU5zYUZVQnRWTWpJMFXSAZgBQVVfeXFMTlRWV244aWh3U04tTVRWZjlOMlB6UHlwb3pKeW1EVXlsSnRVRDlkNWRUa0JPdWtzd2ZFNEVVVkVQTTA5VWFfWDNLMFB3MHB3V2NsUkNnTUl0ajJHR0I3MG5pemxuZXFHZk4xVkxmNVY5RTU1TGFpalVhMjVTVDZmQ3M3dl9LVGdqTUEwS2hqUzdGSE1IMXRJdlE?oc=5,WGN-TV,2026-08-12,neutral
CTA,Cook County Prosecutors Launching New Task Force Focused on CTA Crime - WTTW,https://news.google.com/rss/articles/CBMioAFBVV95cUxNSURpSU1ubW1WWFNfZXR1ZGdDRXVIOG1xM3NtT1lJZkRBeXlWeVBoRjA3WHJ2SkFqUzJVZ0M0b0FobXNsUlN2Qk85aHZkbE51NThGMmZZZ1ZOQ3IxZUhxMnJmVTlxblVEcDNNTkEtczJ0SlhnbkRNM190RDV3alkwYU02WDY2S2pMYUQyekdIQmpUNm1RVDlGd3ZnY2Y3Rzk0?oc=5,WTTW,2026-08-12,negative
CTA,Woman dead after being hit by CTA Brown Line train at Addison stop; trains resume service - ABC7 Chicago,https://news.google.com/rss/articles/CBMiywFBVV95cUxQQnYxaVprWjRnbFYxaVk2WnRaYXlBLUZKQXdLVU5YVzdaOFVaY28wYmZ4cUppTDFUMXBtVFlLWm1ybFNaeWQzM2NSX1BzQkFDak45a0wxd3l5YS1MS3JzQmk4VXQ0Sm9xU1pKY1BxUmw1RVRBU2lmaXZFRVEyblNBVGc4YnU2QkRsYWhUZFpvOGQ2QjlhYU5wYjFmdHBqbUVtcEdRb1E2ZXVTTVdQUkNMRGthWnY4NmQ1QXJBWUJqejNBdWxPa0dMZ1U1TdIB0AFBVV95cUxOWGFRamhSd1VlRDJlNFVpUGJjWDJHOWJieXJYdUpHV0pOemc3dnlldng2VjZfQjJfS3M0R2hyWmtLX005UDJLVkRIUDNpaTVtOEtwQUNNNTd3cDF2bnNQMk5GMDFPV0RWT3hLaVhpUWpJTTA3cjJKZVpNUFBiTTBxaVFLSFNfdjktemdFUjBNWkkwelpralNZTGVxM0wtSTJIamRGYzBIZm4zVExXVzFUVEZ2UTg4UGNuNXNLXzJSd0VfOGpjOHkwcDJsOExlWEtC?oc=5,ABC7 Chicago,2026-08-12,negative
CTA,The West Side caught the train: Inside the viral CTA experience bringing Chicago together - Austin Weekly News,https://news.google.com/rss/articles/CBMimwFBVV95cUxOZlktY2M1YURaVjlhRG1EVVFlbl9XM1A5S0YxdUI0aV9XWUloZ0dycmVXN1VsRGN1YXE1dzFfT3pUZXhPeEpDd0sxcy1pQXo2YkV1eXV4UG5qaHZqamxEUjFMZm8zOUVDYmVtd2dHWTdYUHlUVUxReHdnQ2VRNkotbjE1SGZEczZEYV9kOWJ3ZlJSdFQ5R0ZfQVNBWQ?oc=5,Austin Weekly News,2026-08-12,neutral
CTA,Catch the CTA to Pokémon Fossil Museum at the Field Museum - Field Museum,https://news.google.com/rss/articles/CBMinwFBVV95cUxPQWlyM2MzZF9rd21TV25uU1FzMUQ0RUxLSy1PTDd2cjlpT216UExhODlZTHN2U21GSzhUNmE0Sl9DZjN5WGdiRFd1RWRGdXB5ZG1HX0pfLWxadE9XX2N0S3c3OHZqNWYwVGMyYWRwTHItUm1Vb1VYNXd2NnhGeU5wY1VIbG1ON1lMdFpqZm1LRWphR0g3ZWl0RjJvbzVZSWc?oc=5,Field Museum,2026-08-12,neutral
CTA,"Transport Chicago's ""Year of the Bus"" panel discussed CTA service upgrades that contributed to increased ridership - Streetsblog Chicago",https://news.google.com/rss/articles/CBMi5AFBVV95cUxONTZhbWh2ckVwV3FyQVRfOFVxTzY5aTlySzhIN3ZySFI3WTVNdUpxYVNLQ1hQUzl6amJFNVVIa2p6TUZ0M3FURmx3RFFjNU5WdW00dDZZVk03dGQtWUZHb3ZMNUJHRUhVdnBmZDNSMlpTaWdBR1ZPQUhCOE9zT0QyMlJfcnU0N2pqUmQ3QzJFeGZPMUQ1NklQRnY5UFNqa1RUMUtVM0t2UU5sdElmQUItd3h1V0YyaDRoYUR4bWdoUW5faUFISTkyT1UtQWdaR1dTa3drc1FZYmQxM3NqMjNEcUF5OEE?oc=5,Streetsblog Chicago,2026-08-12,positive
CTA,CTA backtracks on train tracks - Evanston Now,https://news.google.com/rss/articles/CBMiZkFVX3lxTE1rc2ZoN2ZlWmNObUdpcWdGODB3eURwaXNmWDZqQW1abG5JMWdCRS1QYzd5MDl3NGVaalpmUm5JdFZfMkZRalI4YXFkdURXS3BkSktLUXNBUEVGbzlDTWc0ZmRwdUMwQQ?oc=5,Evanston Now,2026-08-12,neutral
CTA,CTA fare gates could look like New York's and San Francisco's - Axios,https://news.google.com/rss/articles/CBMitwFBVV95cUxQN2VhSU9JSHJneUJvMnM4MjJfR1M5Z1cwT1NGZW5RSzdHQUp0SEFhZW9RWU5UaDMybGhQMGdBZzJpUkhmbVhGaV9abW9HU3lSQXExc0djcmQxTl9selNtSDJXbkVHWGIxNThBWXpiM2RHWUs3SGVxbXpFQmlrMFhLWFZCanYtS1hHQUJBa0tRN2RWaGhjZXEtWFloLVVQbDZfQTV1TnBwOUpscTR6ZEdJbEd0d3V0YWs?oc=5,Axios,2026-08-12,positive
Chicago Transit Authority,Elevated Chicago Expands “Elevating Culture Near Transit” Initiative with Three New Grants and Historic Partnership with CTA - CTA,https://news.google.com/rss/articles/CBMi6wFBVV95cUxQSW53TjNNdzRRamNrTlA4T2EydWpocnVnNjVwVkYxV1k3RHU2RWp5VTlEMHZsSlBkSVpuU2laV3BVUmZaS2ctN2J5WC1ZbHQxT2hsQm9VdTBVQkRSN3QwTFNuOHJYTUdpZnNkRzJJYktrWV9QRFZseHV6V2tyYl9ZZEpKRm5kdTdiSWZ6UDc3bmFmeGpwUi1JMGg2SEJ4OUlVaTV2YW84QVliaVNuQ1lybi1WeXExSjhjZ3k3bVNRdmN1RDlycUN6d2ZzR2hjb1NXM3hZODkwOUtRYmc3NnZZZU1GUVdMQ2YtcGFJ?oc=5,CTA,2026-08-12,positive
Chicago Transit Authority,Officials Celebrate Completion of $25M Project to Improve Accessibility at CTA Green Line Station in Austin - WTTW,https://news.google.com/rss/articles/CBMivAFBVV95cUxOSzZBREJHMWl3RWdPNXpNbFN5UFNYVDE5d0VNNHhLdHRrbFRXSmdnSnh5YWRwVWdpX1V4TlhVeGF0X1Z2bHpLaHJ6WUVxQVNfa3ZKQTU3ZzZTeXY2emJNVk5NMUs0TVB2VzlMcnFXZDlxbldkQ2NrVU4xTmJZOFN5SGZmU011Y1VGWGlybi11QmVkYUVzTDc3X1FzT3I3d2JSNkFubEdBV05hNHVyZUE2WGJBcW1XUFhVdTViTg?oc=5,WTTW,2026-08-12,positive
Chicago Transit Authority,CTA Green Line Chicago news: Austin community marks reopening of fully accessible station - ABC7 Chicago,https://news.google.com/rss/articles/CBMiwgFBVV95cUxPUXhucl9tNEdjRVhxRGtwbkZ3VEZpNEFXUFhwWlFDMHdVQzJwdldmWk50bFh4b0pDdUpSRVpHb0dRQUVyZ2hHejVUaU5iaTJYdHJaTXN4OWFGUG16S0FwZWV6YTdLSi1Va0lteW9wOFV4bTlJQk1KX21LRjNzeGc1NEpLbUIwQVRtMlBJbVFDQ2NmWjE5dDBGTlF1UmZraTZDdUtkcGV3YlA1TzZ4Y0dyd19nMEFkSjQ3bHd3a1pZTXAzQdIBxwFBVV95cUxNNDRBaFNLMFdkQ2ZZNm4xSkY1V0Q1TzdrZTFZeDNlc1ZvaDdkNm1aR0ZxUEFtRnZXM0llbVFVLURfeE1nVEdldDRodFR3eWp6ZDRlcGl0U3BZRWxTcDVsa3ZpcGhTajdoWDRxeC1tX2ZaX2RlbV81OFg0Wk0tRmRQOTRQVnQ1eEMwRDhJZ0RlZElGUjRUQzJkdE9qcHhNeldPWVpfWkppckFyWHNXdmlYNnJaWGlJaHpSalItZWlJUkptejkxNGww?oc=5,ABC7 Chicago,2026-08-12,neutral
Chicago Transit Authority,"New signs intended to deter crime to be posted on CTA buses, trains - CBS News",https://news.google.com/rss/articles/CBMiggFBVV95cUxONmV6RTV2WldwUGt6RTBDNGJyLTF6MjBQVnlMZzJFMU8wdjBNQjhOT1ZKTDlHNXZMZDZYTUoyN1YwTTcyS1F4RXdyWm1pWlJoOFY2SVFBUVFpRldhREZYMXFsUVduR1VESVVKT2ZuVTI2LTNaalZ5TEhWYVlkS3NfZVlB?oc=5,CBS News,2026-08-12,negative
Chicago Transit Authority,Inside CTA's transit crackdown on crime and fare evasion - FOX 32 Chicago,https://news.google.com/rss/articles/CBMiuwFBVV95cUxNSmNfOU9mRlM1LWdBWGhXczRKUC1QazZIZkpsNnZvNS1BenFOc1hFY09ieWdzNUh1OGtGd204bFd3Y3NTNlpYOXNOQzFnYzJVRnBOZ2FYUkhRV0RiWkRzN2U3bGh5Q2sxLUZUWFktTzNRRC1VTjF0bDJ1TWZ3SE5pSThwUUpsZzlTaWVzZ3hFcW9YR1p2TXBIZlJhTUptZmZYaG1rV3RtYnlYQUNNODV1TkdDbHpKZVZFRGFF0gHAAUFVX3lxTFAtSllCQmROTmc4T0ZEc1JDNHpUTDVScU0zSXNXM3NhWWxPcDdwNFpGNndKd1g4Q1pGQ0tMbTk4Xy1NMl9PbHR6Z1ZlNHYzTzZxZGdPanVtams0dUtycWp6a0hQUDg1eWJJLTRqVjFyYWJfek9IZlhWZmh5anp3U01VeV9MYWsxVmRvZGlfdG10N1E4OE9IcXVWelJidzU4aDVNTGJmV3JURGV3cE9xZTJ1Vk9wa3BreTA3cEdHZTFUUg?oc=5,FOX 32 Chicago,2026-08-12,negative
Chicago Transit Authority,Chicago Transit Authority sues to restore billions in federal funding - Politico,https://news.google.com/rss/articles/CBMilgFBVV95cUxOZFN2bnY2bTJOT1NLVFV5UEtqR19QMWZfNnh0N0xuMzlPVTZBY01sOEtoc2lhYmF6YnpNUVZZUlNpdW54aGdQTTBBdE1oa0tHWm1mTFI3dlkzWVFoV2laLS1LN09naHRTRzNmUmwwWXBGSTFQT1BHb3IxN0ZENG1TdG1SNEJoY1p0UExPLUxOODZndDJVZGc?oc=5,Politico,2026-08-12,positive
Chicago Transit Authority,Combating fare evasion could help lagging CTA ridership - Illinois Policy,https://news.google.com/rss/articles/CBMikAFBVV95cUxQVmlnNzEtcnhmcV9MY2ZOMU9FRDBRZjN4b1ZQcmRuTXFGcEZfaFNLYjBrcUZuamgxYnJWQWRQWm16VmI0cGJDd0ZnclA0MkFmOVVYcklqRmFDS2hZZjd4ejRjb2dfTGJFY0dhZ2JXbDZtQXNJVC10UmM4cU5Sd1o0bzcwMjlxYm8xdFBpbUY4MWc?oc=5,Illinois Policy,2026-08-12,neutral
Chicago Transit Authority,"CTA Submits Enhanced Security Plan to FTA, System Policing Hours to Increase by 75 Percent - CTA",https://news.google.com/rss/articles/CBMivgFBVV95cUxNaFJHbUVwQmdtMnAydzBMNlBRalhYV2hHOF9yYTVWWGxUTUM1MjZqVnV4MWlkQUJzYUw3M0VESEYxbGxDVUNlRWFqVDVxc2ZOMmlxY3FVZnUzMlFBVjBvaG1vbXM4RVJPVlFwX204YWpGTTh1cDBMZFg3U216am9FUGkwRkE4MVcwLTRmRVNqRnpDbF9QM3B6V1RiSHVZaDV2TjlJalI4M29ReGp4WUVSbnFHYlNPVEo5bTV1N1Vn?oc=5,CTA,2026-08-12,positive
Chicago Transit Authority,"CPS Employee Accused of Double-Dipping Through Dual Employment Scheme Now Works for CTA, Records Show - WTTW",https://news.google.com/rss/articles/CBMivgFBVV95cUxOeUFkN0pPTWdfOWxTYVItOHdYUTIzSldUR09Yc01Rd2ZUSmE0U2tOMXdGbVdQMFU2OGdoUS04OVMzeTZMU3R4cENGdG5HbVJyQ0NCZl93M2pZV19oWjhnNnBYRGdPb0hGUFhYQWlGQlQ0VTBiUW1EUEp1UU9scC1Xa094clBsYTZYZmVGVHJWMVdTeU1kNlRUdnRETWkxLVdQVkZjdy04VW1nUWl2QWlyclJUcEU4TE1ndjF1Z0t3?oc=5,WTTW,2026-08-12,negative
Chicago Transit Authority,"Advocate says Northern Illinois Transit Authority Act, now in effect, will improve transit around Chicago area - CBS News",https://news.google.com/rss/articles/CBMilgFBVV95cUxOWGdMS1pNVmtDQ0cyS3ZSSjFCa1hzM1JTeHE1a1RRMlAxWGFjalcwTU1HZlZ0LXJ4WmsxYjA1MGEzcTBLM216cmV0TGVrU3FUY3BteEV2VnIzcGpvVGk2YVc2NnI5OHd6a0VHaHZuZEszRnBhUUtfN2RiM2NqNGRJSjZnRjFWeTBtYy00WGhoczR1aDgyOWc?oc=5,CBS News,2026-08-12,positive
Chicago Transit Authority,Chicago Transit Authority Sues Federal Government Over Paused Red Line Extension and Red & Purple Modernization Project Funding - Press Releases - News - CTA,https://news.google.com/rss/articles/CBMi7wFBVV95cUxNcDlGdXY3M0lZUGVvOE4yUW1FOXczTURfRXFBLW16SVBFc29Nb0R1NWJqRklyYm51Q3dQalFwa3UtMlZxTGU1U2tDZVROWTYwX0J4a25rb0FKUWpwQ2k4Zjd0RnRtQzUxMjh3SHJXN2VjYWZWc25TNFZlWlh1SG9ZYWxxT2JOZlNvODdKYjF4UXB6cmtwUjZKWjNDdnVyTWV1WmNEa2RjV1RyaWgzQXlQSzlSZUpNeGtxclZLcnlWVkphdUdJZkYyVXBNY0VybjVvamVDT2hDVDFMYzJjTlUtaVpOMnY5MXREa3lydFUxbw?oc=5,CTA,2026-08-12,neutral
Chicago Transit Authority,Cook County State’s Attorney Launches Regional Transit Task Force to Enhance Public Safety - CTA,https://news.google.com/rss/articles/CBMivwFBVV95cUxPRjE3TzRtOVRSNE9oT0YtSjA2S3pXT19oLWtHV2JDejRCZVFjV2lMQzB5MG8wdUwyLW9FYTVmZHpRT1NuMEhwZklUYU5ramZfQTlES01FU29ianRLLWozM1Y1OTc5dkFhZ0xGemRjX19LYU95ZXRlcDB6Q3FadWltb2FjQTNFSV9ONHdEMGFPOTNFa2RYR0FudWNPMzNGYk15d1RRTHlBSzhPUXpGaFF1b1NmQ2JJVXlYeFg4RU03SQ?oc=5,CTA,2026-08-12,positive
Chicago Transit Authority,Pretty Cool Ice Cream and Chicago Transit Authority Partner on New CTA Line-Themed Giveback Pops for National Ice Cream Month - CTA,https://news.google.com/rss/articles/CBMi7gFBVV95cUxQRzJraW5qaXVQRGRaUWh1UFNBYy1GMHhvYnowakt2bTBycXJjeFR6dElxUlBDbWpWU1ZVcXhuRU1uMmR3eVRhM3FqNnNWd3NuMmZqQUExSWwzUzctbk9nMVBHLVh5dXVrU3BKUlpSR29mdzZ3eUw2ZnozaV9seURRY1JnZUxHRnQzalQ2aVhfM2tmZDgxWWlyNlEtREp2UVBqS1g3aDRSb3Jwb3FlWTZOMnNXZnA1WlN4TVdzcWIzQnNQNm1hb3lFWkI1WHQteVA1SVNNd2hUdjVJamR4SDlfVGs1SzEwRUQ4a29yV3Fn?oc=5,CTA,2026-08-12,positive
Chicago Transit Authority,Chicago Transit Board Approves Expansion of Automated Bus Lane Enforcement Program - Press Releases - News - CTA,https://news.google.com/rss/articles/CBMitAFBVV95cUxNNmNyMzB5WHpLcVI0WDhBYVRkWS0zbGN0UzJrTWJGMnFkRGIxRnEwc1hzUWFFVmhKckZsY2xuYkl5NGs3eEV2M0FmYW5ocVV6UUN0aDFKVThIU3Q0dG52M0pkYzEzSUduOTNjeWhNTUtuQkFkcWZPS2Z6M252d2xrdnV5ckpEY1BaQkh6Z1kxVTczMjFPbFN6SXh5cEpzMEJqdWpMUmZNNmxwaWI5dmVWVzZlVE8?oc=5,CTA,2026-08-12,positive
Chicago Transit Authority,Take CTA to Your Holiday Celebrations - Press Releases - News - CTA,https://news.google.com/rss/articles/CBMiekFVX3lxTFBvZ0JMTU0yeVl0ZnkxeHAycjRpVjZFajNYeDBGcUFsWWdvNW05S0NCV2hPMTVSQjdxX1ZKeUY2OVMtLV9WR0h1SmRTN1o3N25NdEZRWUpSR3hhbHJ2S0pmTzdRQ05PVGpRMnJuVmF0RjkzNGxoY1JfbGlR?oc=5,CTA,2026-08-12,positive
Chicago Transit Authority,Mayor Johnson and CTA Celebrate Investments in Welcoming Spaces Across Chicago’s Transit System - CTA,https://news.google.com/rss/articles/CBMixgFBVV95cUxPbWprc2hqUTV0RUdCbmpWTVNHTDF2VldrRlM5THc5TDhZVHprSzlJdXVzTmwxMktjNEk2bGRsbGV5UV9qcTJTZmlwSk9wMGpKOFRfWDJ4UjYyemJDdVByRXdreXBpTjdMYTlsSWRxRDV3X29pZTlKeERMOW5XZC0zNmVfY2d1UnhDU3NtUGNPeE1xemdxVVVQa0ZhYjF6Mjk1NFlxV3lzb05UWjJmXzVFVmo2YkVVLUotcUpYSzJ4UjBFY29uQXc?oc=5,CTA,2026-08-12,positive
Chicago Transit Authority,"Court Grants CTA Temporary Restraining Order, Directs Federal Government to Resume Funding for Red Line Extension and Red & Purple Modernization Projects - CTA",https://news.google.com/rss/articles/CBMikAJBVV95cUxOcG56X19EQnZKRUoycnE2ZE9QRGh4T19xOGVTM2xRQkVSVzNsblVBNnlxb3MtZktodnNiXzBJdXZ4RmJfaGJQTzR1TUQ1SUNuVzhhMld4WXJyaDVjZEZoamRZcGpjRWQ4THRRb1RPRW1BbEVxX1JMYTJQOGt4V3pSeUpOb0c3b29MOGdnNTNnam5xRGdHdTNtQnhmWldlWWdyXzBFUnh4R0JiLVM3MlUtbHZKTUxoZkxWdUVCcFNQVUhJOVVac0JmRGxBN3pQbFRzREd2X05aWG84UDlhSGN2MWptWjAtUTdHdjNlbmpZUU1TRmYxaEdHenZsZi00RjFQYTRJOWtJQWd2LURzMXRWSA?oc=5,CTA,2026-08-12,neutral
Chicago Transit Authority,Chicago Transit Board Approves 2026 CTA Budget - Press Releases - News - CTA,https://news.google.com/rss/articles/CBMihAFBVV95cUxOYUQxQ0s5bHphNExIZ1pmU3RNV1p2elotQTUwZEpxLXh2UkxqMjY5M0d6MU5kUGtGWlZsWDRRQlhKV2RVb1lHa0ZqMFltYXB6NU5NWGNHWUpiS1B2RDVjUnFnRXhxRWJ0cU9iX0F3eHJvWDgwbDhYNFpGZVhUMnViSEI1bC0?oc=5,CTA,2026-08-12,positive
Chicago Transit Authority,"Construction to Begin in January on New, Fully Accessible State/Lake CTA Station - Press Releases - News - CTA",https://news.google.com/rss/articles/CBMirwFBVV95cUxQUWFDT1pnNGhxWGdfeUt2c2Nxd1UtQXROT00tTnRzLWhEYW50U3ktTTdBTDIxWTJBbEVPOU1tWG1vZl9tVzRsR3VVY2RMek82TzhtbGRvUkpyRURiemYwVkF5R2Fyb2NtamZoWl9MekQzZHU4MTBFQW1iamdTTDE2YTc5UUY5QUlEUVNmY3BMdE9Rd1l3X3ZSS05vY2Q2Sl9tVGotQVhEaC1oSDFXQ2Qw?oc=5,CTA,2026-08-12,neutral
Chicago Transit Authority,CTA and CPD Unveil New CTA Security Surge Plan - Press Releases - News - CTA,https://news.google.com/rss/articles/CBMihAFBVV95cUxOa2tYS1dGWEFnemprTURvM2tJZ0RBdDFpX2twaDU0OG0xRDZpLVM3Uzk3eWhuVWRsQ2cyV2wxdWFiaFJ6ajVWNVpuWUNRQzFpVEkwMUdKQV9EZEN3WWlFVllDclNVYWpwUTU0QVgxY3VMWHFHbTNBa0lvNXdUOFI3b2NhNVE?oc=5,CTA,2026-08-12,positive
Chicago Transit Authority,Crisis Intervention Specialists Pilot Program - CTA,https://news.google.com/rss/articles/CBMieEFVX3lxTFBfLWg5S0dkMEM5b3VjN01uRHphcUxJZHlrdG5mYk8xY3VJWEVpM3lLWktlcTgzeTNWeEpnYW9XdHo3eVJSUHZUTm93X3dZXy1CX0tYdnhPcXZUNlVheHV2dVllYk9DdTh0Q1JGUWVBeC1FNGxBdlQ0eQ?oc=5,CTA,2026-08-12,negative
Chicago Transit Authority,"CTA says crime is down throughout the system, but many riders still don't feel safe - CBS News",https://news.google.com/rss/articles/CBMihgFBVV95cUxNdDVHMlgxazFvbm91OUI3WnpyeWNSbUZkdm9aTjNuQ1ZqUlRMWXdkaTBQQXREQ0VHM2NUMWRBOFJsMEJSUEFoWVppQm1POVFsMjQ1dzI0WXJTenRCZGZTREVsTUpGb0xpOWxRaGw2ZzlySGxLazlTcnh4MWhacHY3NURTQkpIdw?oc=5,CBS News,2026-08-12,negative
Chicago Transit Authority,Chicago RTA releases study laying foundation for coordinated regional transit service - Mass Transit,https://news.google.com/rss/articles/CBMiiwJBVV95cUxQOS00TERaMlp0RXVaalcyLW5saVF2cXJTTVppVDBMVmNpWDhUMFNJWVY3U24wUkZ0X2xjbF9pQ2FPeHRnc1RKVmdmZFk0enBoZDBVR2psUEpINTZod0JUc2hPdDRFOUlwUDktOEVnQ0hXYzFZdTlYWEJqUmRGcW51TTFLYUhjaWhqMjY3Z0U5TEV3b25vRWRfX3U2NF8zUUpPTzB2TkUxRE1lQ3FEMFdHdVFRODliSjdQWXFVS3JBajJYTkdhc1p1TlhCUnF4aXFFZDhuMUVsaHI5V25VMWZiMFNJN1hwVHg0LThyUVdBa1k3LUI1Zk9vVk5NT0hfUlJhclRON2NibFJCV00?oc=5,Mass Transit,2026-08-12,neutral
Chicago Transit Authority,"CTA Leaders Tout Ridership Gains, Lower Crime Rates on System - WTTW",https://news.google.com/rss/articles/CBMilAFBVV95cUxOdDg1QnNBX1VvZHAtNEtVbVp1WGZvOExNbUFyYkIxTVpELWo4UXRjelJvVngzaEVESDZzSGxENTNPXzVLdUlMUGZBN3N4LUVYMzA0NlFZUGdEeno1VUVYdXVDNzdvVGpHSnBqRXZ5eldPcjFmNW5zZ0J6Y1hsMnFwbk5uRjRKdU9CZUpVSng2dFU0dzVC?oc=5,WTTW,2026-08-12,negative
Chicago Transit Authority,Sheriff says taxpayers owed safety on public transit - blackchronicle.com,https://news.google.com/rss/articles/CBMingFBVV95cUxPTG9FZ2RQV3lUbXVsLXp3c1VfWk0tYUZzdUY2RHVQSGFhUno4dExZSWdESXM3V2lyQ1dOcGl3NUk4dzMxQUR6ckI4akJsSkZCUG1wVXphMU5na1pwZndob2w4WEc5WWhJXzU5QlZZVkdMNVpHbEZWck9IalhNWHZlUm5nTXJWbTFDQzBPSTdEeEtJUkpwUjhuakhaQzJjZw?oc=5,blackchronicle.com,2026-08-12,positive
Chicago Transit Authority,Chicago CTA leaders say crime down 30 percent over last year - ABC7 Chicago,https://news.google.com/rss/articles/CBMimgFBVV95cUxNSGM1aFVsdVlQWlY3dUgxb1hSSXlCTnFrZ3VFdlpnaG5yNWpyMHVGNGtFQmpyU1MxaGppM1EwbENrQ3hnRjQwVV9tUm5iZXNWZ1kzTjQ1NkpTeG1zVkxHS19xMkhkQnVXNDNpZE41QmI3NUNUTlNzS0ctYncxSThJa3ZZaDhsdTJVTURPR09vTjZOUkx0VkZpbDVB0gGfAUFVX3lxTE9xcVNSM3FZbG1QalYwXzA2ZVVjTEpodkliOUExZVVmRkVmQktJVC1aT2VkSU1sYmMwQV8tTlBLU191aFZZTFJUQlFqQ05YZVVuOGQzbjhxVEVCN1B5bzE1ODE4UWw2X1VGcWRENFpzRFJJUnRwbzJDZHRGSER6YU96VnBMVUtUSk5uS3JmZEhscTlXX0RmZmVmdlM4S21ucw?oc=5,ABC7 Chicago,2026-08-12,negative
Chicago Transit Authority,Chicago crime: Cook County State's Attorney Eileen O'Neill Burke launches CTA campaign warning violent offenders of jail time - ABC7 Chicago,https://news.google.com/rss/articles/CBMi7wFBVV95cUxQZDNDbXA0S05FYjlkclF1X0xuWE1sWVJ4VlBQelFYN3A2U0ZqY2pQbVFnVXMybHVTNXpCWjl5Qkt0R2JMWEpTc1QzbFpXVkJRUlZGdGRKbGlsSHU2ODdTQ0wwQzFLMWdqVTItQXBsSlZBM1JVbnpocWVxZkFYaE5JMDdwenRBQ1NWc3o2VnBGTnlfR1hNeC0wMXJJcDJyUnV4cENCSmFrRUZqam1MNDJ3eVRHdDZGSlFTWWhGWmd2V0FfY2dtMV9ncUQ1cFhiZTZfeE5PX0xmdk9mc3d4a3BzWlNWOHFOSHoyQTZiRm1lONIB9AFBVV95cUxNTVotVFZXNXNBbDFCTm5fckgxQUpKZ1FLS2FkU3dNOVFDSWM3ZlhpaDkydlpnZURfbkRhdUttYzRPQTlNQVhSTENyOGUxOFI2djhUcFBaWlhtbEJhWmlUWThpNmlMV19IWjJsWHlSaGw2eGlramZ4UFdfbU5FUGw2RlJQQ3hWSVdCb2x4TlNqQW1FTkdoWjVuaTNIVGpwSmlaUWM0cDlSVENnS2JWeFNvaXVLMjFlenZRUnNQeUYydnRZdHN2X004SExnTmEwTFdGMXhVMjl5YmpyblVoZWx3c1pBaS1Hb1BGZDdybEMzQU9zeVhG?oc=5,ABC7 Chicago,2026-08-12,negative
Chicago Transit Authority,"CTA Chicago news: Chicago Transit Authority lays off 159 Monterrey Security guards, redirects funds to police, other resources - ABC7 Chicago",https://news.google.com/rss/articles/CBMi5gFBVV95cUxOM3dTTWpGZlh3a1p1TmZvNi12VkJfSEJXaGlIblFHUVgtYW9lLW5RRy1DWjdZUUlQMUtRMDBBMk9LUjFHUXFycTQ4Snc3ZXJzbDRoa3NILXlidHlKbzNqU3RFOHFONm40SFZ6ZnUxTG0zNm9hYWJTOWF4c1h0UmdTRTRXcUZGclUwY0c0MFBETTNqOGNvdC12bVF2YzlDbTVoWWFSMm9EZVM0bVZDSkNWN0piQXNkck5wZzBYVDVYTHc2ZXNBMFJfS01QejBsNW1hMTJ3MjZBdHlRaXFyLWpxcDV1NnYzd9IB6wFBVV95cUxPYzk1S3g2NGxaM0wxeHhFQ0NPM0V0cWlSbFF5THVoQjRaRm4wN3ZQSERqYzRFRlFXM2t2N3ZDbGNyTHVMYS03Q1Q3QnAtTFVKWXpEWEVGZkhjaXRkeF95ZU1Zd2p5cE1LYU12Zk5WY0h4U09QMkdOQ0swLVpBYTlaRGtpajhVVGIwbVU1d0Zwbk1pUGowZ0ppSk5KM29fOU1uenpZSzE2alBySWwtM2Rxc2hQVTB6N3ZjVm8zdHlfWV9EWGwzMUpBNTRHUUxxS3Z6ZUZ0Y3NoV0lyZWR6V2k3T0xDZ0gtNGRUa0dj?oc=5,ABC7 Chicago,2026-08-12,positive
Chicago Transit Authority,"Fluor, Walsh JV reaches substantial completion on $2.1B Chicago transit project - Construction Dive",https://news.google.com/rss/articles/CBMingFBVV95cUxNYjZGYTdSVmpYbWYyVW5wOUVhbmswSk5wcldYYVpzcV9TZ0JfZG9nLVpkUGRxYnpRdV80WHRBYjhjNlg3VUh0ZWdZa2V1VHpYN0hBckQtdV9KdWhVZWN2aDVXY3RqYkF2c29KeW5lVDdqOW5RdVRzT3REdDVZNXM4YUJEZ2dNSjZrQUlhMmF2azV3WndJRE9EZmQ0ZkxDQQ?oc=5,Construction Dive,2026-08-12,positive
Chicago Transit Authority,Trump Administration Ordered to Resume Chicago Transit Funding - Bloomberg Law News,https://news.google.com/rss/articles/CBMipgFBVV95cUxQSER6a1ZwcmhQU0x4Y2VEREctdzI3V2lBTEdQbGQ4TlBGaWs3Y3h0ZFdNQUJGN3ozcWFUQUlCajF1dWNMZVhjTGx6NFpBRUFOVGdRczc0OTJfR3dOQ0ktZGhwWTJGUVJUSVZqb3A2OWFaUzI0MmVtUjY3ajZRYTZDR3MxLVdFaUVBOWZOVmh1TDJHZzhHaG5QZlhsc05RRUVxTUJPQWNR?oc=5,Bloomberg Law News,2026-08-12,neutral
Chicago Transit Authority,"Elevated CTA ""L"" stops in Loop rerouted for track work - CBS News",https://news.google.com/rss/articles/CBMifEFVX3lxTFBUZkNmRDhseldNbktPbFNJQkxpbTB0YTRDZHNqM0lPWU0wVDBMRklvdmc3WnhrYm9QeldQX0EtNTB0M1RvWlZlcWJTWWlGU2RWOGFpYmJBUFZPeEpfWVZUMGR5LTJPVk9qTmQxcTNrRDB4WTFrOC1hUGNqWmQ?oc=5,CBS News,2026-08-12,negative
Chicago Transit Authority,CTA and CDOT Invite Public Input on Bringing Bus Priority Infrastructure to Five Bus Corridors - CTA,https://news.google.com/rss/articles/CBMixAFBVV95cUxOcS1YemtfbnRLZTV0VG9nV0NjR0E0NDRDcVlhNkRWekNHd0hqUUpIdExOQk5KY0xlWU9qVGE0czgzX09aNjF5SWVLYjl1VWU4SkprWVFUMmh6c21ZNEp2S095SVRyclNFUzc3aFhoZ1FUU3JpMW1zQjhYeGg1eEUxd053TXRTd09QS3hrT2Jjb3RvTnAza2pXbDVRNmRJOUpGVmxWTXRWOE1YN2dCaVAyS3R2NTdvZFEzdnFTQWdPOVRiOGtX?oc=5,CTA,2026-08-12,neutral
Chicago Transit Authority,Chicago area begins transition to Northern Illinois Transit Authority - trains.com,https://news.google.com/rss/articles/CBMiwwFBVV95cUxOTmhyYzVHd0xnZk9USnMtUUhibHo2WWZYYzZXQzZpME9nU09nUVE4SjUzYXdoWWVadVVDVEhnMlVkYlRuN2M4azl1Tk1nRVBma1JFRXFuQ2ZZSkFEMDdHblAzbURVZWRqVVp2ZnJORGt1RkFoakVQbFR2akFMNGFzOFRFMTFPTnlwNWdWVmZ3Z0VGUjgtN0pUR01LSmdDcDU0U2pnSC15OTk1dFZqMEl0SkVWS1FnbXg3c2ZJNjNTdE16SEE?oc=5,trains.com,2026-08-12,neutral
Chicago Transit Authority,"CTA secures funding for West Side transit improvement design, construction - Mass Transit",https://news.google.com/rss/articles/CBMi8AFBVV95cUxQZHJ4aXZ5clc5bVFJYmdxUkNldDFxdXFyaEQ1RE9tQVZCY25WWFprWW9iWkkyS24xRElRT0JxR3ZvM1JSMHJpb25zYlFrWjdpS1hGSFBOYUZkOGljYXpoTm1ER2Z0dXZjMGJ6VGhGOGx0a1BxTlp2QWxrbk1Dc1FRaVVyZzFMaHA1ZUlySXVlNFNNdVFKNUQ0ck85aGgxYXlNQ1dXdC0zajRrWGd6MlY0RC12a1ZYbXhtd2J3b2otakNoejdfaXZYbTV6alcxUmNobnRkQTRjRkFUNUZMLUNTNVFzdm9WWE1aTjE1TGo3bVo?oc=5,Mass Transit,2026-08-12,positive
Chicago Transit Authority,The West Side caught the train: Inside the viral CTA experience bringing Chicago together - Austin Weekly News,https://news.google.com/rss/articles/CBMimwFBVV95cUxOZlktY2M1YURaVjlhRG1EVVFlbl9XM1A5S0YxdUI0aV9XWUloZ0dycmVXN1VsRGN1YXE1dzFfT3pUZXhPeEpDd0sxcy1pQXo2YkV1eXV4UG5qaHZqamxEUjFMZm8zOUVDYmVtd2dHWTdYUHlUVUxReHdnQ2VRNkotbjE1SGZEczZEYV9kOWJ3ZlJSdFQ5R0ZfQVNBWQ?oc=5,Austin Weekly News,2026-08-12,neutral
Chicago Transit Authority,Federal Judge Orders Government to Temporarily Release Red Line Extension Funds - WTTW,https://news.google.com/rss/articles/CBMirgFBVV95cUxOcGo0NHNXNE82RG9UTVBQZl9QeV9rWUd6QkZlcDVzWm9qZnZ3elV5Ri1fa1NicUF3cDBQLWRVTnQwNjVvMW5Sakc2cUNXUkFGNm15S2VlZmdiNG03SXE2NFhkZTVTbUZOR09DZzdQZHBQam1kdEVVUmFhbUdKOFJZeENfUGZvMjVyd2thTC1TSlVwRW9KTllNRXVIZ2dCcG9FcFFiZ1VMWDBoRnlVTEE?oc=5,WTTW,2026-08-12,neutral
Chicago Transit Authority,Notice of Public Hearing - Public Notices - News - CTA,https://news.google.com/rss/articles/CBMifEFVX3lxTFA3ZW1KOG16dUFOYlVmM0tXMWtOZ0NROFgydHhRNmdHTmc2MDhMQjhYNmFwbUVkRGhPTm5BbEFLVnpySmJiRTJLSVBEeVpMbXh3b3JZQW5HVFZKVGE1dlpHR0tMOVNJVGFuWU5FZjl1OFJHcFh6OHFDZlU2UWQ?oc=5,CTA,2026-08-12,neutral
Chicago Transit Authority,CTA Faces Imminent Rail Work Stoppages as $2.1B Transit Funding Freeze Heads to Court - Engineering News-Record,https://news.google.com/rss/articles/CBMiugFBVV95cUxNQlRndUp0VDA5YWhwS1JNTzliVFdiUDNxdkFRZ0o5YTRKRzhleVItQTR4MlBBajhSdHY3NVN0QktRc09aMkU1VlRoRDNTeUJSZURIczBxTVN3VnpUTzlDTHpzeGJ4c0RMYkJuNW51TmlNSmZWd2ktc2Z4emZiQ3JEZC1Db2wzYWNtLUNJalllZXZQOWw4Ykp3TG9HSjc2VGRHRTVXS2RXM1BzYVYzZ05NUkJJVHViQjcta0E?oc=5,Engineering News-Record,2026-08-12,neutral
Chicago Transit Authority,CTA Proposes Three Operating Budgets for 2026 as the Agency Awaits Outcome of Ongoing Legislative Efforts - CTA,https://news.google.com/rss/articles/CBMi0wFBVV95cUxOSndJZGV2VkVwd3hXTm5ka2VHY3I0X2ZNcEo3NDRxdXI4TlZudXZqTktxTEtVazkySi1ZbGxFeVd1Uk9qRldxYUFEREpVaUdCWWcxTkgwUmlTeURsN2dkWkFvZ1JDUjZ1V2Q1b2JVUGlHMXRieklra29YS0ttOVVGWTBUYkNqYkFDdXhUay1HQkhlLTNUMzJ6Q2pNcF9BNWdncUpiUE9DYkRWY25lLVdtcU52cWlWamIyZm9RWE9URGVIcXRYMUg4eGFXemhNZEFYaTYw?oc=5,CTA,2026-08-12,neutral
Chicago Transit Authority,"Pritzker Signs $1.5B Plan to Overhaul Public Transportation, Avoid Service Cuts - WTTW",https://news.google.com/rss/articles/CBMiqgFBVV95cUxNd1ZlSUh4cU5aejJsWURpZXZweVprdGg2N19SeTNXak13VXRzT2pjWjM2QTlRYUs2UkctYU5jaDBiR0EyTkVRbEZrTTVTN3lLLTlPOU1mSEYzZnZsRmhuOExJUDkxMzBsVno4cFp5dmdZMHcxaHB0RV9vc3B6M1oxaHZBaDVZaFBPcFE1WEFIME5DTDdicXBvNGsyTFllcVNWQnJsV29XQXdlUQ?oc=5,WTTW,2026-08-12,negative
Chicago Transit Authority,"Multiple Loop ‘L’ Stations Closing Next 2 Weekends, Riders Should Allow Extra Travel Time - WTTW",https://news.google.com/rss/articles/CBMiuwFBVV95cUxPdGNWVFcxUFBxWU14SVhjbUxWTHRWeG9ldENISFBhSTBRWGR0OC13NnVNd3dIRFgyT2k0TE14eEMxSld5R0NIY3Fhd1FuTW9KMlBFMk9JTjhsQnlYa0w0RHhDWE50OVIyRzhHXzA5TzBPdTdjRm9PYlEyWFBHSV91WWtDblRIX3lQbGZWNGlXWHdmY1ZJaVpicWlGU0xWQVE0NXBBUWVFTm5ZNS10NDdfT2d1WE5uMk1hN3g4?oc=5,WTTW,2026-08-12,neutral
Chicago Transit Authority,"Acting CTA boss cites major drop in crime on transit system, credits collaboration with CPD - WGN-TV",https://news.google.com/rss/articles/CBMixgFBVV95cUxPUHJ5N1hKa3gtWUFDUzVFcUxEcE84dWJ6Ni1YMHBhbWRfWDVOcUJGSHRQU0ZTNUxUX0NJbThjOEJiclNLOEJHejAySWZvaGRmYWx5YXcybVNBSTM4THFNeVBxTWpjNzhCZ01udDVMaUk2QmQtUXpwMUZpbHlILXo5ZmdVRlRWUlpFTTQ4RjdBaDVWRVpEM3JDTWdOaVJhVk5hbVFfbGVRYVkzbl9tVDRFb2Z2YW9yQ0Z6TXlpaDFLMk5HT1gzcXfSAcsBQVVfeXFMT2ZQUGRubHN2VGhNLXV4NERBOEJqMVVmUjMzcW9Ublc3TXFuTzQ5TGxGY0JIaFEtRkl5UTdJYnprV1A4MUVTYWs4Q0FHOGl5SGtiVExKSFRnZXdTODY4NW05azRyNjloejNpblBQdUhjNXhySlRva0FkdWhDZ1g1SU1BNDNfejNCY3EyTW5CMkdTeGRGdktqbURudGlBT3Q0cElET1d4SHlDQnpxd0FoVW43REdGbHRGeU1ncUU4ZGFlc25wNVdnend0Mmc?oc=5,WGN-TV,2026-08-12,negative
Chicago Transit Authority,"CTA switch worker shot, killed near train yard in Chicago's Roseland community - CBS News",https://news.google.com/rss/articles/CBMikwFBVV95cUxNLVU1aWZHSmpyeFNhekIxVldGQWM0RG1iU0lYM2IwRG83ZmlwQVQ5dnRmd2ZqVEN3emNqeEdmR2xnbWU0UVhnNUxZTS1RWTkydWZaUE83eEZ1WnRJeW05bFJ6eXRWSTRsTVMyb0JleWRYdEhXQ3pKcDRBN0cwRTRGQmVtNlp2b2RFVmxWV3hoTDVfMmM?oc=5,CBS News,2026-08-12,negative
Chicago Transit Authority,Judge Orders Chicago Transit Funding Restored as Rail Projects Avoid Demobilization - Engineering News-Record,https://news.google.com/rss/articles/CBMiqgFBVV95cUxNUkxDeEgtWERRQkVNa1hSUW8yUDJHWnJkTnB3bUJMMnJUREJmS3FNUlRYd1JPWFRlTzE4c1FFSDRFVURMUXZmRFZaRjRyVnJGcmZUUks0NExmd0tlUkpyNWtuQlVuOUZYdnd4Uk1FR0dlYm5kV3VsbWlWTllJVDI5bnI1eWJJd0lZb0dtLUJWTlhPVjUzNVJIckY2Z1JINmpjYzZJc180RmFHdw?oc=5,Engineering News-Record,2026-08-12,neutral
Chicago Transit Authority,Local Agencies Adjust Their Approaches Amid Concerns Over CTA Crime - WTTW,https://news.google.com/rss/articles/CBMiogFBVV95cUxPZ3VKTm45OG5LOWlSTUM1dHBfdHI0czR2VGg4MUYydHBsYWNjREVFbG1iQk9lUFZGdTY1U1FmTVl5WmtsLVJUXzJSVVhZa2ZCV1JWSjFtUnNZejBQbVlpcUFJbDFSZVl1U3lzTG52TGpNQ0JrQ2RFVUU1N3ktMFdrZU90ZlY0dWw5dVdsX3pPeHhyOUlKbUhFVld3dE9iVXRSUXc?oc=5,WTTW,2026-08-12,negative
Chicago Transit Authority,Yellow Line extension in Skokie could take ‘decades’ but CTA is studying it - therecordnorthshore.org,https://news.google.com/rss/articles/CBMivgFBVV95cUxOQmVFMjBCcXFlenVnSnJHWWxzR2xiYVZWbk1RRVZ4eHlfeXBlTmloNl9zcG41QzQwNUl3bWhtNE1FdjlWYjhqNld3aDh0eWdaVTREWUtkT0FLV0MyLUhEdGxvVERJMHJyRVRwQWFTWE5sUHM1ZTZ1czVKUXlhX0ZEREl5RE9HRGRhVkt4TTNsclpwMGJBeHI0SG9PRFdmeVFFUmhzanFpTGE4Z0lIY1g3djN2blU1TXdfS1BNTlB3?oc=5,therecordnorthshore.org,2026-08-12,neutral
Chicago Transit Authority,CTA modernization project sparks calls for accessibility - The Daily Northwestern,https://news.google.com/rss/articles/CBMipgFBVV95cUxQOG0yX3VtNXFiYWhGQk1uQnhfOU9WbFBEcWVkUGpfT3JISzVXakJiS3R5bjhqTER2bjZGS2d1bS0zZFhNZFRiOVNlS0NjSXhoTDZIZDllZnIwZDVCc0UzemZkenlRLWtLV2REd3NXY01INzNCNlVDUm5tT1k5bzUtYjRiaGlNWWRxQ2pKWWVkZ01fZ19kdzFnVm5HM3BLNFVqNFR6dlNR?oc=5,The Daily Northwestern,2026-08-12,neutral
Chicago Transit Authority,Chicago Transit Authority sues Trump administration over funding freeze - The Hill,https://news.google.com/rss/articles/CBMipgFBVV95cUxOMHh0UXlSakhzS2xIaV9xVmJyOU9nQUJ0TEdMTmktRjdMVlI1c29HbEd6dHcxN3RsTUNBZkN4TS1vVkEwN3lvZ3lEcEVEMllsZWIwNWFMZlJ1NVRjMmpfNWhqb3VXQktKX2d5cHJzdVdZbkRBVXJIU2wwa3BfRUdKc083b0lsdW9mT1BXSHNZdFlCeDk0eEh1MXVfUWwxYlQ1RUZtdDBR0gGrAUFVX3lxTFBaQUQtc0xyZmdpckp6TXo1cVJQUWdEOWpCNEdheEVzZnJwd3N1MkNwT1lHUk5jam9qb2YyYmJ3WWZGV2toSTRmSFJucjExNktFM0oxSmxKMkhYUzFzaTZNUlNtYzVMYmYtVjNEczNmQlFKcjMzZFNvY0FVdzd4Qm5YYmVpbzY4RVFHUEVPRWVtd25feEdKZzNWVmZPOFlFakVGYV9CYTBLZUVnbw?oc=5,The Hill,2026-08-12,neutral
Chicago Transit Authority,Chicago Transit Authority plans return to market with $575M deal - Bond Buyer,https://news.google.com/rss/articles/CBMimgFBVV95cUxQdVcyR2FJMEI2WFJtOTR4a0hReG14Tmt5dXl4RTV3UUVzMUozX0VPUWFVQzQzRDZPdDlYa3VEd3FCUjRyek1ITzNxYktZN2NmVDcwYm1wLUdyQUpINElDZUctaDNnNndRYW4zaHRIZTE5ZWlqS2JMdWwySDFTYWxmaERnVDFQTnAwbm1DaERONHBzUlpuNFRNN2dB?oc=5,Bond Buyer,2026-08-12,neutral
Chicago Transit Authority,CTA safety: Cook County sheriff says dedicated CTA police force may be needed for safety on Chicago's public transit train system - ABC7 Chicago,https://news.google.com/rss/articles/CBMi4gFBVV95cUxPUDBlc2lpV3BlM2E5cWlrS3ZDd0dKRDJVVWpMamNISHRIbTdEN1lPRVlOakdqcHZkZXFzalA2VUdacFdQSGdVdnFKN1d4ekZiNENDYURTSHdzQnp2VC1jbXFjdDktZEFsQk5BYk5wc1lPYTRfWDM5Vk5RM3dvSFAwUVoxdEtGUFhGTk9EZ241aDhrV1RGek1RbW5VTUh1bEZSbnlCMlV2TEQ0VWJtN2Ixc2stSGxISHdRQzBEeFgwU0NqLW9RNlZBUnAyVWNlMUhfV090UjZ2MGF4NXJRdGs3aXVR0gHnAUFVX3lxTE5hR1A1N2I1UnBhR1B4Q2VJc2lBU0E2VmJNYUhJQXdtX3h4Z19KaUV1UlpacldPenVNZlFyUngtbGdJaTY4UHdZSmk3QW0xU1R0Z2pyc1o5UE9TTXp5SlV3Q21HNGFLY1RVSE9uX1c3OFpSU3FDMzNQVEtUNlNRQVNCWDh0czMwd3FwbTJlVHR6ODRPS2hURzVycW1kd1UzdU44R0R1X0tYNkxCdmdCeU1ITjFlbTEtTGtCVFNTMnZMd2NLLUplV0NtSjZBZ2M0ZUtPZVIyc2FvazhJc3BoYWV1ZDJPRzZTOA?oc=5,ABC7 Chicago,2026-08-12,positive
DC Metro,"D.C. region’s home values still rising, but the rate of growth is modest - FFXnow",https://news.google.com/rss/articles/CBMipwFBVV95cUxQM0F6Vi0zUmRnNUFPVFl5d1hyc1VpX2loM0dIUUNFcnBCQkJONnhqS1RfUXJCNXlDUnpraXJ4d2x1TWNDSmlwNDhLZTN0TUxoNTNCWW9EVUxZcE02OVNEbVZ6R2V1RmxVdzlranRQRnVWcFBZel84OGpMLWJHMEpmaTNZTGhEVU1zVEdZMEtCdzROSEN0ZDFmMFAtLUljTHR5eDBOYzFQQQ?oc=5,FFXnow,2026-08-12,positive
DC Metro,Flood watch issued for DC metro area - DC News Now,https://news.google.com/rss/articles/CBMie0FVX3lxTE5qb3E5QnZxdVVDc0F1T09laTFNMjVmN1ZKNVRMY2xaTmxwTGZPeUNPMXplbUZuVU0wQ3FfdUpGeGN5X2ZSVGh3Rl9OejdlSTJ6cEktdjNWWkFzdHFXcDFkbHlfTlBRMFhPcEJFUU9qMmhrclVQYVJUdWRfWdIBgAFBVV95cUxNVmlxUWxCUTNId0l0ZmxrLWRyNnhkalpBSWFFSURLWS1fZHZSS2NfSUxVWm5nTTBscU9QRS1DaHVDM2N4M01PODlabjJhNEhKSy1wSDljbnBNX1hiY05wWmdiajN1cWsxTjluQWx4MlRWOGJfRlMweU9vZWJYQ1RsZQ?oc=5,DC News Now,2026-08-12,neutral
DC Metro,DC Metro’s Red Line commuters face a summer slog amid station shutdowns - Maryland Daily Record,https://news.google.com/rss/articles/CBMinAFBVV95cUxPU0phaGJsNUI0bUxkWnF0SnFOVjNyNzQxd1JuU25aTzBiTEd1RnBQcWlfMW9WNGZib0R4QjROeWxZUXR2OWs4aGVqTXBfLUpLT2NGMHhMLWJjVHdxdDBqU0xoRXJSRnBxT2Z2STJUeFBNYU5sc0VwX0xIMGF1aVNBMFhxZWt1TjU4MTU2LVdDLTl4TjV0NEJ3V1BRMS0?oc=5,Maryland Daily Record,2026-08-12,neutral
DC Metro,Is the Red Line of DC's Metro operating more smoothly today? - USA Today,https://news.google.com/rss/articles/CBMi4wFBVV95cUxPMjFoZC1fd1RsSVNzZmJDZzRwRDZORDZrMnF5OHVFYlFjcVVwRUNNQllNLThOUmh6NTdQWkhfXzJHRy1wOHJUaGVrRy1JdG5KdlFxdV94aENhcjk3T1RUcEhGeUVlUHBWanNWb1VVc0pUMld2ZzdjSDBOVzU5U2hQT3FxMjdrSlpIVHlYR3hSOGtHZ1p0SWd0cWJYUkhqaXB1MmFicTZad3FKWWZ6b25UdGFKZHd2MHpBeUVFaWJPelBBRXY1ZjA2cWNjM3M0d1pkN1NKLWMyTkxsWndjb204bG1vSQ?oc=5,USA Today,2026-08-12,neutral
DC Metro,Skip The Drive: Free Bus Connects Annapolis To DC Metro - Patch,https://news.google.com/rss/articles/CBMijAFBVV95cUxPRTU3WlNVNGxONFBudTMzd3drc0JvMUtMVjZCUTRwbktTTHRyYzV3NVRrWktiR2FxT0F1dXRpaG5LUW1zdmJscUU2QVRZMXpraF9yRm1QV0RwOTBTRmZ1QW1tYjU3eUtycFVIMXEyVGJfdFVtQWo2ZU5IbjdLZ0taSXMxMVNkX3Z0Y2RBedIBpwFBVV95cUxNd3FOWG12Q3Z2WG5PMVV0RFFxUG1XXzNhMUZiZ0lLX3Atb3N0dzNvcjd4aXVsX0hfTUh6aXdnM0I4V0tnR19VWGJ6VGdvY2hyckR6N2laZDVPMm00WFBjZzJwV1Y4dmtyWkJGdFd5dlNNV2tmcVBtZ3REbWNTMVhnMG9xVVdRdUFnQVBnR05yN2NZdjgwalJqeHhoQWxIRnA2QVRlTXJtMA?oc=5,Patch,2026-08-12,positive
DC Metro,New bus route connects Annapolis to DC Metro - Capital Gazette,https://news.google.com/rss/articles/CBMihwFBVV95cUxNd1haRXdfQUYtUGlCQmU3YThxREo4eEQtcWpKcHlUeExnc25SX1dhWVBxMWoxQUQ5UkhyQUk1UndYVVVsV0hQMGFSVEd0dVE2d2RidmMtQVRhTzNaOHpPZ2ZPSmFXSDdNTkpHUWlhNlpEenFKLWk2c3lhLXRESzNyYTI3UjJwcEk?oc=5,Capital Gazette,2026-08-12,neutral
DC Metro,"DC, Metro have three weeks to finalize agreement for stadium deal - NBC4 Washington",https://news.google.com/rss/articles/CBMitAFBVV95cUxOUUhMY2xUVnBUTWxJWmFZejJ2STNIOXByZkVVWk9hSkxIeDNoSWtVU3J1WWdNYUh0RkUxLUtFNHRERm44bjlyTjZ6WkpoblV4ZHJlZi1mRFZkMUs5Ui1NY25mRnVQUUpLNmNpVmNWaXluNUxYb3pubEtRRDN1NVBuWlM3TmJrN0lGd0I0bm1vZEk5WnExRUhrTEQtdFNKM0ZEUmZkSVRweTNHTmpDZG1IRFJpVnHSAbwBQVVfeXFMTk5ZaVdlZjllSmFmTE5MbkY5Ym1QRzVyb1RXVUJ5VHhHTlNvd0VCcmdxUnRtQUlNQ2hLSDEyWnh4VXpyOXg4alozTV9PMnJYdl92SGt0M1VxTENQcjFyME5TM3Y4dFpwTC1IX2c0ei1Wd0huTFFuTDg5UTA5S2xPeHBNY2RIUG9qWW1KVlFaZFpneDYwZzVQb1hRb1FiYVNZSnlQb0RJWmNMLUxqT0R6SHdnRmZZTWlTa3FqTnU?oc=5,NBC4 Washington,2026-08-12,positive
DC Metro,DC Metro crime drops as fare evasion enforcement surges - FOX 5 DC,https://news.google.com/rss/articles/CBMiXkFVX3lxTFB5QWhFdHU5SWN2OGpVazJOeG1QVDhCQjRDbHQxc1JLcE5RX3B1NzVfemRYVnZZcXUwNXV5Sk50bzNsQkxkWl9lWm5qYlp1R0VvV0hKZGlDQm9MUmcySFHSAWNBVV95cUxNb3ZFb1dZb1BkeEltU3FjZXZNVW9OZ25CMWo1anhwQ0JHUGcxVGp0SlVKMmVTcW9reWhyYWdwWGk5RjZUMFZHTnFUSkRLejc2MVFId3V0ZGtIeUdVd0E0YUJlaDQ?oc=5,FOX 5 DC,2026-08-12,negative
DC Metro,"Mixed Signals: A Housing Update for the Washington, D.C., Metro Area - Federal Reserve Bank of Richmond",https://news.google.com/rss/articles/CBMi0AFBVV95cUxOaWNFTTJsQWdWZFNjN3V3QlZDVFNZMy1YZEV3LV9YXzlQeDE4WFBsNTliWjVWd2M1dW1xTUtfYTRGSGRCMEhJa0c1a0ViN0x5SkxTUGxOajE2cXVEaDQyTEpOY3F5S21Fd0QyRkNlaFdsd2FPcjRSbEN6MnloVzJwbXczb285b09vdjU2clVpUGRUcVlSd2J4aFlBUkRwdnFBb2tvS0lJOVJWdWZESjhWR3JROXFTOUd4RlJoUm44XzFkTTJpYkNtS203cDZrMi1Q?oc=5,Federal Reserve Bank of Richmond,2026-08-12,neutral
DC Metro,WMATA releases list of major disruptions to Metro lines in 2027 - WUSA9,https://news.google.com/rss/articles/CBMixwFBVV95cUxOUEdtemJkdlhkeU1vbTJkRm05VWdRZWpCZ1ZDTmZKamZDRTFFV09DZXRvNFVfbG13dXljeDRvWk43bVdSY0lPRE5CelE5ak40NzN4RmNxSXFqOEhqNkF0eXd5YTFhSnVvcFYtVml1Z0xtUExJZmlkbFk3UW1xOGtMNHJ0UUk3UWxaM0s3SEkwV3c4Y25ETGh1eGstSDJNUzRjWVVSbVg3WndScmc4U0xTUHduTzhZNEVpVkpUT2lIamRCbkNFNmxv?oc=5,WUSA9,2026-08-12,negative
DC Metro,DC Metro rider describes encounter as Patriot Front boarded his train - WTOP,https://news.google.com/rss/articles/CBMimwFBVV95cUxNU3FNRlZYT0k2a2c1WGtiM0c3QUdzRmI3bXpsY0ZGZm94czg2WVVwVllrWHBMQUV5TFpCVVJDQWhZLURFcC1YRWhISDd1dkdxY2h5ZmlFSWNNOVVrZnE0MzFRQkE0UnpEc3lRaS14VUhsS1FwX21oWm1ETEV3R19LX1FRSU9RX2hkTlZyX0tvMUpTeHdJNUNlZnZhRQ?oc=5,WTOP,2026-08-12,neutral
DC Metro,Life sentence for man convicted in 2017 murder of D.C. Metro Police sergeant - CBS News,https://news.google.com/rss/articles/CBMitwFBVV95cUxOaTVRQkpocmlxX2JNOGotLTZUV0hGYk9EcEpkb20xM1FqTUlGYl9fQWRfZzdwOTRGZ3FWVF93VWlVdkN2NHhFWmllbS1DOWRjS3l2RDRkd2pPQ2ZTX3dLOU5WWFZrMFBWX0d1U0RyTlgwcVo5UEo0Mmdrc3h0NXlfd2syVEQtWTZTaFV4SmxvLUZ2WTdDai1rVEZUYktTQmRrb09RcHNLLXpxNnlhRy1mQVkxRG5vd0U?oc=5,CBS News,2026-08-12,negative
DC Metro,Man in viral D.C. Metro photo says he was ‘terrified’ as masked white nationalists surrounded him - Advocate.com,https://news.google.com/rss/articles/CBMie0FVX3lxTFBZaUtuOXJpT3ZkUWJzS3FveGsxcHNBd05Nc21WMXlIb2h6Nmc5b2tOekxiWUlnUHpkeGxLblR5dkFUdnk0MHFOWWIxS2JiVW1vX2xxbGFjb3Npd3ZIZkxkTExFYy14X0lnaGlJQWhwNmZibVhZVFR5NURuYw?oc=5,Advocate.com,2026-08-12,neutral
DC Metro,Is the Red Line of DC's Metro operating more smoothly today? - AOL.com,https://news.google.com/rss/articles/CBMifEFVX3lxTE9PTVJBNng5Z0FzOXh1V0Nna0xRVW5qdXJNMFd0blN1enVUbzdPTmNKaHZVZkFwV2J6R3hZY2R6TnVobGx5dnFLZ2FVbWpQd1ZndWxLTjlwM09vcUR1MEdURllvbzd2S2pteWs0WWo1bUpmMHRyLVZTSUM2SXU?oc=5,AOL.com,2026-08-12,neutral
DC Metro,Metro details Red Line upgrades and upcoming shutdowns - FOX 5 DC,https://news.google.com/rss/articles/CBMimAFBVV95cUxOVVRsSlNIWTZ1NTdpWHRVd05YRlZFMnpfaDhGbzdjWEdnTmpKSGpNTXAzd3AzMFVieTJrTk53Mlo3R3hxdkFvT1J0RTc3SF9kX2t3X21XX09pazg5cmNZaXRMTUd0YmVULThLendXNVoydjRvcnFJMXQzTC1MNExCNlU2RENITUVzWGE2akc1ckFMOGVMS2t0NNIBngFBVV95cUxOYnl3M3BFRXNmaVhuekxVUDhDZ0hnR084SDZ3TWxlcXQyRVdVYUNwSnRacmM3ZEYtaFVQZHlKWnZmWDRVd3NLaGUxNVN4Y1hBbjhjREg3cDhPREJ2eGJYSzA5NkQ2U25GV3BZWjlrRkQ2WUZvVThhV01CcXBiWHljQ1NZUm5QeldYR2FiY2V0WWlVanp5eTh4NjRLY0d6UQ?oc=5,FOX 5 DC,2026-08-12,neutral
DC Metro,Have the Red Line issues been fixed on the Washington DC Metro? - USA Today,https://news.google.com/rss/articles/CBMi2wFBVV95cUxPY0RLT0NPR0VwdVRzUHVaZkFkYWtXMmhrSVpqNFotdkxEWENNV2RNUVVWckotQ1pWVG14bFBUUk9mWlRESWtHYzNqYmRBeFlOb2lGQzVMVGxoMURhZGNVVFdBMEJFRF9BNENQNDFWaF96c3JGVm5UUW9LMGVjZERxUnFQMXhDeTVBMTBqNlItalhiWkZuVmVXblRHVTc2N19KdWdscGJlbzdqYjF6V2Z0V2RFUzNJZXJjWVJpNnVqYi1nUDdXbndjT08wek11TUVncXV3dGJkMUpSWTQ?oc=5,USA Today,2026-08-12,neutral
DC Metro,Metro board approves funding agreements for RFK transit plan - DC News Now,https://news.google.com/rss/articles/CBMiuAFBVV95cUxQMFFjTG13U2pYbWtMbGFWV09Wd0RYVXJiMzloRl9FZHh5QVBCRXdpbzFhNWpidVlweWVFN3YzSWxBTEJkSnI2NkZRcnIxTFlIdFlqOWNyMk1UdFFxdUxvRk1oVUEySUowYXV4akRpLVU0S3c4NTNCT2NJUUhyaU9xOEdrbC1ma1pQQ3dwNm1FN3BEQ2NJOTR1M1pBU3lDYnlkdklsc055Y1dsWmRHS1ViM3BINUdXWTR60gG-AUFVX3lxTE92T2F4SjRjVFlzVy14NjRqaWpycTFySmVlU0xJcW5kV18xSlQzbEphb3BZcFdoYTlnTnVpYkhwRlV6WWtuMzBGZHBhanJSSGFGb0c1RlJDWVRvbThRejJkOHBYTXpOMGF4ZFpOMWhUVFdtMzktaTYwMmtKV1h6dVFBckQ1VkNkVG5fUEJURnZtSUppUk5wZ3pyMDRvSlVfbXRYbm45YTZFTElQdUJZQzdYYWdTNHl2TkVDUmkzWHc?oc=5,DC News Now,2026-08-12,positive
DC Metro,Metro’s Red Line returns to normal after water floods control room - WTOP,https://news.google.com/rss/articles/CBMilgFBVV95cUxNMDFOV0pIdFlURVFFbGVXR0pOWDlXWnlVbzRsdk5tZHhQQnRQWm10RXZ4Y25MWHhQa3ZaMFBYTEtuSzA4OWxRUWwxVzBXbk01MGptTnM0RGpRT09uZ0k0dm1aVEVIRm0zOWU3U1YtQU9VRnVIMllRQnMwYkRLam11X2Z5TGFVU1VJdkpYWnN0dFFfLWp5VHc?oc=5,WTOP,2026-08-12,neutral
DC Metro,DC Metro crime drops as fare evasion enforcement surges - FOX 5 DC,https://news.google.com/rss/articles/CBMidEFVX3lxTE85VFU4VUQwOVA5eVRCWmJEYk9Tck9rSFNocjV6UDdKSnhnRTZISno5OVV0RzllOWFoeHZXdEhJWG0zNFF4LWJQLTAxTzlyY3I5bVFmcW5TVGVMQmUwZUdxcV9XY3pRTWFFa09EdnJUZWdfVllN0gF6QVVfeXFMUHREVUx6Tk1Jd0pzOVFaNWVtSkpBUFV2ZV9TVDd0ZmZFczY2S255WHdnVVM1Tmx3WlUzY3I5TW84VldtMklxVXludWxjX0RUWnJ1YmM2LVJ0RmpXTzcxVjkyTXhlUDh3ZDhOWlBZRVc2a3pfa3ZJU2lLaFE?oc=5,FOX 5 DC,2026-08-12,negative
DC Metro,"Chart of the week: D.C. metro area population growth under 1 percent in 2025, lagging lower-cost peers - D.C. Policy Center",https://news.google.com/rss/articles/CBMirwFBVV95cUxPeUU1Wkd2TWZXTlBOZHhmMVlGYlliaGVzRnJrZGpzWjdTZFlCU2Fscm1URFo1eGE3eUxzY1E1Yk9NY3BwSG9qaU5ZYWVxZWxjTFpHbUgwWFBxeUtHclRCQmZZX3hpUTBONTNwaGNudm1kM0pxNVZUVk5pNUhmVk1KTWtfenpqazlJdjJTYnE1VXJoUUdNdnVaS0R3WVlvVHpKSzFJNU9mNnpqUTZBNkgw?oc=5,D.C. Policy Center,2026-08-12,neutral
DC Metro,Metro rider recounts encounter with Patriot Front members in D.C. - PBS,https://news.google.com/rss/articles/CBMinwFBVV95cUxOX2dDN2JfeHoyWDhlc1Z2VWxaWGtRcEJab2FibWRHNnZsb2hDME1YVVgtU18xQnJKelNYdmxFclhJTWpLY3oxVU1rcWk2b19VRHBnQWhWUHl6dzNRRXl0dzlldEZJV25ydUxWVUR4SkFVWEh1RUlTT0ZXWWhRU0JiZlZvT2xRWG1xdDZXZTZFSm5ucGRKNlJCcWE4aWZqelU?oc=5,PBS,2026-08-12,neutral
DC Metro,Opinion | What a viral photo of white supremacists on the Metro reveals - The Washington Post,https://news.google.com/rss/articles/CBMinwFBVV95cUxQLTYwSGpuUDV6OTJoT0NwRWp5dmtZbzBYZE1rYzVzYUpXQzlZdjlvWmU2R0FadEdhWldOamYtOEV1VjlLZnJ5dS1TX1MzVzRXaVdyUGdYcHM1dzhQNGRUZlM4OWlmejZQQjZTOEFxdkFQMjhZcW9YRVY2YjZJSG52RDJXUkppREFES2FWcnlqSXZqeFh3MFpJQTdQRGg1aTQ?oc=5,The Washington Post,2026-08-12,negative
DC Metro,DC Weather: August begins with unsettled weather - WJLA,https://news.google.com/rss/articles/CBMi1AJBVV95cUxQNHFhV3hkVU5henBwVjdJOFpPVGQ0WWd6RXpQaThfM1RJc1pCS1diRFp1MUVUZ21mRC1zUjRxTWJUZFdvb2h3U3A5bFRGSWdTeElvY0I4SGhsRUhqa0tReEMyUmgwMTRsTy1GYzRtekd0a25RT1JlRklhTXhYM01FcWNWUktzaGdPcFpLdFFEOERhZEdOd3prRzk1cnV0djEzTmVxQ0E5Sm9COWIwcUdwcnRqYXhFbkZfODMtUUtla0tuQnBsVlFUaTBkOGhxbDJVaVk5ekRSUEx1VHpBaWZ1cEtwVXVrZ2NXQUpMZW51clZ1bW9POXZrampiZDJOVW83UUY2SzNFSjFOdEkxeks5Z0wxNXFNWXUyU1VQaURlZUx0UmpOM2daOGlGRlRwNkFoV19ocTA4emtwX3lsNHRpSHl2QXIzeTVBVW5oTGs0UDNUcFZl?oc=5,WJLA,2026-08-12,negative
DC Metro,DC Metro Transit Police - DailyVoice.com,https://news.google.com/rss/articles/CBMiZ0FVX3lxTE4wWEwyZzc3dHhWcmEyWTFBTkFLMTBFSmJ4Q21mT0VCQmlaS2dXRGRaOXhtdkRqZklwTHNQb3NheG12ZjBtMUR2b2dlaEQxTktkc0ZmcmFmaHVLZGtPWTAyTlEyQ0J5WlE?oc=5,DailyVoice.com,2026-08-12,neutral
DC Metro,50 Years of DC’s Iconic Metro - Washingtonian,https://news.google.com/rss/articles/CBMic0FVX3lxTFBJZTdleXhOVUNuTlU4Vy00OGdRVW83NThLWHZDeG40Z25RZ1ByblFRaTRuNjJyaEhyRjZmOWtPVThKNGZ6dWNLeF9tb3RYby0zcUd6enh2YkRwQzhHRi1NRjU4U3p2UU16ZENKdG9WU2lKdXc?oc=5,Washingtonian,2026-08-12,neutral
DC Metro,The DC metro area is getting its first en-route electric bus chargers - Electrek,https://news.google.com/rss/articles/CBMiowFBVV95cUxPT1hQc0RYTUxMREt2VmMyOUxDOGFKQ01xTXVMRlJkWFNVUGI5YzNRZ2RZR0QxZVRtS1RUZnNjeW1rdjJxQy1rZVpDSEd6Ui12V2VDMzRLMkllRUtvT3lPd3RUczFyVFhKam5ROHlTWGJ5QWthSjNWWEs4U1NIdUVWZ2pnNkdJU3JCbWhpTzZKRzhtbERvWURzcnZHOTl4NjNCb3dF?oc=5,Electrek,2026-08-12,neutral
DC Metro,DC’s Metro Wants to Install Platform Doors and Run Fully Automated Trains - Washingtonian,https://news.google.com/rss/articles/CBMirwFBVV95cUxQRWhwZzVDeFZHRlhJYV8zclgtSGRLQWg5SDU3cG1aN1ZWdWIxcXpDWGRGQ0dTS0RuVnFOYktiMlFOc25oNHdyakZ5ODlOSzhUQkdxUko2Y0ZSV051TmNVSHI2YkU5a2F4OE00Ti13UWZ4QXJKS29LTVRURHB3R085MWkxY0FQaDhaUllEQ3N3bTh4NUhWd1hHbU9zOU5WMGRVYU1wdVBjT3dWajlSY3dj?oc=5,Washingtonian,2026-08-12,neutral
DC Metro,Man convicted in Baltimore cold case homicide of DC Metro police officer - WBFF,https://news.google.com/rss/articles/CBMizwFBVV95cUxPZFdMSXhnMjJMMlFlQk5NSUc1OENRMVU1MXRNalFDeGlkcTRHdkxlenotVlVMYjJzSWFLam1mQm1yaWdkcHdSWWFBa1JreTBuV2liWTFLMmZSRlYwelpRbVFrYTRfckc5WGVYYm5fRlJsY3BZZHEtellTRnZ2d21PNHBDbVY1alhXTXJBZEE1b0FmMG0ybkJMV09fMmp1NExhbGY3d0RyQTk2NnFmOF9XTXdiUnZBdFgxeEVlTXJSamMzX0gwMmZ6d2FqMExlQ28?oc=5,WBFF,2026-08-12,neutral
DC Metro,"Metro plans to add platform doors, barriers to Red Line - WTOP",https://news.google.com/rss/articles/CBMirAFBVV95cUxQSVNTS1JhYmlDMEE4Y28yNzFmdkxSSGd4SUI5SWstbjdMRlZlM0l2RW93R3Z2dmlPUldqZmVmcXFtXzNQMDhua2RHZzdJT3UyMkFlN05RLVZhX2hxNklWdW1aM09wRFJ0YnFGbWQyWlVCck1QSVFmc040UEZ6RzNFWDdWNXVRX3FYUHdWeDJoVVh3RzFKVXl0UEZWQjVUNmt0N0taOVRyM2ZnMm1Y?oc=5,WTOP,2026-08-12,neutral
DC Metro,Using Metro to Get to AMCHP 2026 - AMCHP,https://news.google.com/rss/articles/CBMib0FVX3lxTE16NUxSeGJadmIzbFdCU3d3S0w4QUg4NWRwZ25FYkFhWDhGZjJIbDhFZFJ2djluQ3lodVJ4b2NtT3pNYktFMmlFZFJZMjlON2FHS3NKZkZWSC1rLW95am9vMy1taUJOLVZCWE5TLVR6aw?oc=5,AMCHP,2026-08-12,neutral
DC Metro,The hottest T-shirts in DC are from Metro - WTOP,https://news.google.com/rss/articles/CBMifEFVX3lxTE1RbUtBTVpzeUlScWYtZ2JxVTFoZDN5czU4TEhQUG44RmlpVktHUFc3U05WY2kxZVhuOHM2S1J3c2pMOXUyc2RQTWRyTW9KR09Hc2c1SVZpUEhEdy0wV1E5ZWVzSlZpdFg1cHNTUk9YQzlFUHp6ZkNFWWpUSzc?oc=5,WTOP,2026-08-12,neutral
DC Metro,Have the Red Line issues been fixed on the Washington DC Metro? - USA Today,https://news.google.com/rss/articles/CBMiXkFVX3lxTE9NdEQ3alJ6TTFSV05XY3BOQ0xLRUZWS0JCenpzX0JoQnZmb1FBbnU5bE9wYjZkV2MzYUt5dmlBalM1bHJOaDZjRy05ZEN2cl9YSjEySkp1LXVjaGZoQmc?oc=5,USA Today,2026-08-12,neutral
DC Metro,Why DC’s Metro Wants to Automate its Trains - Bloomberg.com,https://news.google.com/rss/articles/CBMisgFBVV95cUxNbEpRNWhsWTM2THVhbGdIbWtYMG0xV1RjRjVOSUxnNmFLdS1lOVdtaC0zTXBPQ0p1bjU3Z1F3bkpfNXRNVkZRblBRSjRDUzhaZ3lTNGgwaHV4LTBIb0Y4OU1pNUFhR3VreWtQV09LcVFJZ18xclFwM0FKZTNSM0hrVkRuN3JGYTBoVV9HVHFfdXhmY09hRDJhRWROa1JBMGRoMFRSVkhmczJnU0IzTU1aaWZB?oc=5,Bloomberg.com,2026-08-12,neutral
DC Metro,Red Line shutdown begins July 6 as commuters brace for major summer disruptions - FOX 5 DC,https://news.google.com/rss/articles/CBMiogFBVV95cUxOaHNnQk5ULXhWM1BVU0VrQUh5bU1pRmdQN2tRZUdSODFpc3lBUFZ5UmdRV24wbVBkZzFoRWlYcW15OV92S2diVWVYSWtkX1d5cDV6ZllzSlFFc0FTQ1BOU1ZIbjZ0V0xkYmlLc2JkRmc5UmhLTDN1em1kTWNLLVdxa0FYYkJjLUE0WDZuZDJ0TFJUU3Boc3lnUnlQWnNvZng1RFHSAacBQVVfeXFMUEZtWXh6VmtEWktUN29JSjVsN05lbnZNTXh4b0pzOVhjbTlLMHItSmFqWGIzbmQ3QTF2b3JoS3JzOTEtQnlsQmZrc2NCUUxiTEZydWhwVkZXbDJYNVk0aHMxZWhhN2tMcjkyVnhZSnJNQTh0V3oyTm1WemNCRzUtNTRXcVUzXzZNSTJWTkl4OU1kSG9YSkRNVXBheEJxR1AtV1JjdjVCLXc?oc=5,FOX 5 DC,2026-08-12,negative
DC Metro,Most Metro Fare Evasion Cases in D.C. Are Thrown Out - News of the United States - NOTUS,https://news.google.com/rss/articles/CBMiXkFVX3lxTE9NcENhOWNRdGdldFBNTVc1SV83SUdYQVhTNWJWOUItYWpKX3VKTVJMeVpaSl9JOC1WSTljR0ZqYml1eHllSFYtR2h2NHF3MjNaQnVBUUVaQmkxUlZ4cUE?oc=5,News of the United States - NOTUS,2026-08-12,positive
DC Metro,"One family, four generations with DC Metro - FOX 5 DC",https://news.google.com/rss/articles/CBMib0FVX3lxTE1DVENWNWZYV3psSUFrWVMxQUUxMFVUdEhjZ2JPRXlUYmhOdGxQa2lUX19vbjYwZVRvaDBQUEl1bmVOeVNHVEltWFVDRTNVVDlzQ0dNamR6d1hrMGVfVTlFRUhxUVBGeTdHS2h6eC00a9IBdEFVX3lxTE9Kb21yczQwY1RTMmtySTRNUzFKTEVJOC1DNVoyNmVQcS1qVkxZRi1SR3hzVk1fQzFCN2k5eWtieWFTMW8wNFhlY215VDZCOFdhMXlXLWU2aU9aUlZsbXhsVG53bHczMWVPQVRlVTVfZFFHbkNB?oc=5,FOX 5 DC,2026-08-12,neutral
DC Metro,Metro launches limited-edition Smart Trip card for DC’s Grand Prix - Washington Examiner,https://news.google.com/rss/articles/CBMixAFBVV95cUxPbDVUQ3Jta0Z6ZjdUVUFkRXRRSC12dXNKbWtHVVlmQWQyOUktdUo0QW5DOVBnWDlUY2w0Um90QjJzREJ1WDQ3akwwb1FQRENXY3N3NjNuaVRhcjhRTnU4RlV1NkRIcDJQdDRxejVseUZ5cXMzYXFwaG5nTkFrUHhHQUVvOTZNQXNma2d4cHpZRW9KbjFxMUNMbXVXMllUNFVKeHd0c1hQVm5ENE9QcC1vdjVJWG8xYmRiQmwtQ09FODJCcDJJ?oc=5,Washington Examiner,2026-08-12,positive
DC Metro,Another Scorcher in Store for the DC Metro - The Well News,https://news.google.com/rss/articles/CBMihgFBVV95cUxNT1FZM09BbTBxcFhEMDlRRTZGcTNjdGxjQ3ZEa1RoX1UtWUxibE9fWHZhZmE4dGtxTGJ1NG5xWDdRQUZyRURMM3dtUDlfbF9tM2JraVNzcHNrQnByX3BhVFlYbTFyRHhTcmlQVlkzZjBHeHplVEhyb1cxcXZBRWRZR1hnNzNuQQ?oc=5,The Well News,2026-08-12,positive
DC Metro,Metro to change Friendship Heights shuttle boarding locations - DC News Now,https://news.google.com/rss/articles/CBMiugFBVV95cUxOWF9qdXI3Z01zTFpIclBOYlVyYzVndS1JSWNscjB0Mm8wOVhMUFd2Qmg2U2JjenJoYk9UVFZwUFU3bk9ybFM0cTlFS05FMDJKaGlPQmFhY01ldXdjT3g3S1dhUGhpV0s4SExyVUU5WUJXRl9oMDNTQTZzWTRoR0NSam4wVW1Xb3NlMHZZTm54WE00WXpLNkg3LVlvQ09iRll5VG4teFUxWEJDNFNLMGxwRWF6V1J4NlVsZnfSAb8BQVVfeXFMTXgwcEdsLTE0TGJkVTVYcXZfZFpNWnhySmxvMTgxakVyVHRXc0p2emN4QXA2TF9tQzR2OHdYbGxZWVNPdGVldlpGTlZqU19odE82M0oySy1kOHlNMmYzNWZjQl9yQ2hzLVZ0MUEzeFZYYVU3SmswclUzYW1WTFFGV0J3TWdFbkpraFJhcFJycjc4LTk3TEdTd0c0VjdCc0tFQmlSUVpMeFM5eXB5SnhpOUc4d2cxUlR4ZmtmUlRfcU0?oc=5,DC News Now,2026-08-12,positive
DC Metro,The very first ride. A surprise encounter. Memories of Metro’s 50 years. - The Washington Post,https://news.google.com/rss/articles/CBMihAFBVV95cUxOdXNfbDI3bU80ZmxTUmQxZE5TZkZ5MGhRTlVVZ3pycjNuMXloUW9LUWloWng4LTdjd3FCR2luanA4TXJxZWlGQnV3WUdpYUlxaHNzTC1KZlNUX1pObzdzbm9HZFlqMVZPMFduUFB2d2lKMHl1QjRCcGVybXY5U19oYTVaNUU?oc=5,The Washington Post,2026-08-12,positive
DC Metro,DC measles patient took Metro. Here's when and where - NBC4 Washington,https://news.google.com/rss/articles/CBMikwFBVV95cUxOemFqQmtXaW5td0p4bWFtR0JpZTB5X3ZNSlZxYk42cnR0cXVpVzBPcHRjbFVidXVBY2NIV2dsNTVLMUdjTDF0eWlzTGs1NXJxbko1SHNqZFJnSDQ4RklDanpSNnEzTGNfbUlMUEVGQnYxR2FmS2JOcDRXZUd6VDY2UGc3SE5DNFRLa25VLUZDYXEzNkHSAZsBQVVfeXFMTzl5dVhueXJzRndxWXVyRTJBYWlZZm9oTldyVjMyZ3pBOFY0WXlQMXZyZUV0WnFMOG0zbmtEVW9TQnp0Tmk0Vy10N2R1MkZPOTZ5a0d0bXJuRHk5NmQ2d1ZoU0o1OWEyclJEVm5GMnNNbF92UjRYdnZZYzgtdUxSYTVxeVBaZGVCVTVJcXBkRFRQUnd5U2dHdkhzbGs?oc=5,NBC4 Washington,2026-08-12,neutral
DC Metro,Georgetown To RFK On A New Gold Line? - UrbanTurf,https://news.google.com/rss/articles/CBMiiAFBVV95cUxPekcySmNBR001WHRQRmQ4TzhSX0hXbXY0S0Z5MHIyTFItX2dXUi1Jd2VJSzVtWkplcGNvVWtkN0w2endvTWk0dmV6RXZHaUZEeWdaM1R5Ni1QXzFqOWQ1TUktb05pSGt2dHd1d3Job212NlVNYzlmUWZhUFdRcVJPVzFLNG9CTVcz?oc=5,UrbanTurf,2026-08-12,neutral
DC Metro,"Metro announces upcoming service updates for bus, rail - DC News Now",https://news.google.com/rss/articles/CBMirwFBVV95cUxNcThWMjR5aVVhdW5xTGN1UGhKVnRyOGtiT0RmM0w4VDNFODJ3MldPTzVtNFNXQ0FBcTdMM0JSdnhtc1FVeTVNWVI4cDJ6MVVFcFRmOXd1LU9WUy1hQVZjZG1tUHdNaDJmNzFBQzZzdGVBMEZDUEZmdFJEa0pITFlQNzFjWUQ4NnRQWUpoRWV4aURiVkZxdDA1NXIzRWJDdFRIWHViV1UzLUxhc1otSFlr0gG0AUFVX3lxTFAwRWRabnI0WEVUUDk1T2pDVGNBLVBsUGpuY1FNT0hMTmI2Mm1oTmlNaGZfcUdIdGJjOWQ5bm5aS2ptbDRlTE0yV0ZjVEx0QVl4NXhIMzFWSkxTNlhTeS04Zkd3VW5OV19FNjlPSDRlTDRuM2wzdk5mMFpweVpxOWlIanNkNENjMk1oOW5CVkQtZ0VuZlJ1a2RWQVFkblhEMXUya1QwQllFNTlaSl8xeklCTVBjRw?oc=5,DC News Now,2026-08-12,neutral
DC Metro,"Metro extends hours, offers free rides for holidays - DC News Now",https://news.google.com/rss/articles/CBMikwFBVV95cUxPalpzN0dYLTN4b3RSZ3ZhQ0c3azRhTUo2UDNtSndnQVBEWFdOTGdOUEswOXBkSU9wZUJvMzFGTll1Ty00TnZaS1FUXy1qajgtc3FBTmFIT0NqV2pzWTFnREw1THlDODlYNGMyeTlLVkVkVV9QenlPQURNUzU3eEdQSUxaRnRpaGxDTllpdzU3SGl1NVXSAZgBQVVfeXFMUHA5bzY4ZUxITzRFSDBKVVgxbkgxblVrdXVBYlY0RFI4OHpsX3FJejA0LVBjZ3U1NGpjYVRoaGhpLTJFX2t6bDFCRWRzMHJmX3JqYktWTlNrd1BkVGxLal94R1YxMWZiM2ZlVXMzYjgzci00S0pwaVdpVnJDZ19ReXBTT3VhWkh0NDlsU3NHWEhWR3RMeE9PNlY?oc=5,DC News Now,2026-08-12,positive
DC Metro,The Photo of the Woman on the Metro Was Powerful. Was It Also Exploitative? - News of the United States - NOTUS,https://news.google.com/rss/articles/CBMirAFBVV95cUxPa1ctblB3UGtTbzZhWUFiX1k5akpTejhnQ3BjYTNQdHFiOWhHR09nbHdTVHlIMmFSNXhOWEN0ZDhtUjhqRTFEaTlCTGlMMzZyaUtkX3NHZ1JMcmZIV0RkYzY0Q1BnZlNwRkFaUkNBNEhueVFOb1Y0Y3k2Y2lHYUtKZFI3N3NyRWRxcFhWeW5SSkVKeVB2bEliUEZCZjAyTk1MLXMyMzJsUXhmbDB6?oc=5,News of the United States - NOTUS,2026-08-12,positive
DC Metro,Terminator 2: Judgement Day 35th Anniversary - Alamo Drafthouse,https://news.google.com/rss/articles/CBMijgFBVV95cUxNdlh2X19uYkE4TUIzeVBXLWMzbVFaWDFjTHVqSW4xSDBBQkh1VFdEcVJEYzhKTDdtWTM3b2p4UzJCUVo5bG1MQm1xc0hCTmRIR1F6a1I5Tk5qMjdsby1qSENJVnNOR2VjYTltUWM3b2JPNEhhUE96S0hST1JHV0hfZW51bDZNTGdGV2lvSi1R?oc=5,Alamo Drafthouse,2026-08-12,neutral
DC Metro,Why is PETA suing DC Metro General Manager Randy Clarke? - WUSA9,https://news.google.com/rss/articles/CBMiyAFBVV95cUxORFl2UW8xT0xBaGs2ZlNlNE13Z3hqRmdtZzdFdFhOeXhZREN1dkh0WlRCZE9yczUzNm1nRTVYTXJMTGh3SmRwNmd5blBNRF80VnZqOFh0aDdwbVpjYUk3cnBJcVo0UE5UTHNGRHI1ZXdwdUZ3blZScFBZZTZmQ2hoSWkwMWh0S004ZXdxdXJBQlZwY0U2eTIwR002RkVucjZ0WkFnZ3hpUWZFaFNRYUs5QW9yZ2toNFUwNk5TQUNaODRhcFN5X182cw?oc=5,WUSA9,2026-08-12,negative
DC Metro,Photo shows white nationalist Patriot Front members riding with Black woman on DC metro - Snopes,https://news.google.com/rss/articles/CBMicEFVX3lxTE8yMndrcEl5QkNPakt3NUJkOTBvd2tfcU0wdEpYQW9RMHRxbUc5eTNQc3Z1VWlXSUxGejB3cThqVDBWcEdIZmo4RzcwVV9SQ1QxdGRwMVBPUnlJU0tVSzhjbEdYQmRWRGxDTDlrbTZsYU8?oc=5,Snopes,2026-08-12,neutral
DC Metro,Animal rights nonprofit group PETA sues DC Metro over refusal to run ads - Washington Examiner,https://news.google.com/rss/articles/CBMiogFBVV95cUxQRUU0TW5PWXQ4S01PSTdNWGJRWjlOSzRKaXRqdkRnMzZ6X3hMN3Q2QWZhVDBTbzhGQUxvUG9qczNnT3BnTnRpSEhHVDBYLVdwT051MzcxVzBMbDlXSktEeFdhTS10dnVnUG1kR19nYk9sdTk2bkhrbkhIYTNLNWxSXzZ4aVFOUW90QVhWdEJlakk4M3B2bEtKT05YUmVaMXkzSEE?oc=5,Washington Examiner,2026-08-12,neutral
DC Metro,Metro releases renderings of new train platform doors - WUSA9,https://news.google.com/rss/articles/CBMi4AFBVV95cUxQVTgybV9jNm9jTlMxUnR3TXc3Y2VZT19fWEwyN09jYzdWcUo5ZkFxVk14MHBncVRoa0dFUk9sdFZqaHk2Z2dFZzRUMkFqTm1ld3RVblNfOVBaaHNqRWhpbENINngzSE56blpoeW05S1M1RWt0YktDMTU2MVRUMWJlWlM2Y0ZENmNmdTljVmwzM2FWdWltMmQyX2hiV3dmd3FLWjNxSjAtTzRsbzc5M0pGNTVDN0hVU0NtdFJhRlgxd1B3UkI4V2JmQ2R6b1RFdEhwSGlqNWV1NWQwUDJ1VThVdQ?oc=5,WUSA9,2026-08-12,neutral
MBTA,"Child hurt after falling off top of MBTA train, transit police say - NBC Boston",https://news.google.com/rss/articles/CBMisAFBVV95cUxOX0RVMDIzYnJ0N1VNN2xMU2JNMGdWSHdzb2R1V2dLVUc4V2lQYm1WUDhGODJ4a0JQRjVwSGdLT2NJLThILURjWmlJNkRDMzIxV0dZaGNFUlQtclUyMFliOUpfT1NjZ25GZ0s3N2FWV0RERnFULWRlb2p4anE3Q2tlTzR3RzluYXpHMW51YlpaQnJ2U2xmdGlYUXVXWXNzMXB2YjVPVVlhTkhtN2djVWRYMdIBuAFBVV95cUxPTnZCX2dVWWxmd3d0cTFOSEd4Zk8yeGRlS3lTd1NUQzREanhqRUUtc3B4dXh5dy1LRkt4bEY4UmtjRFNmTjhMM1d6anJ6S0w1M29zUjkwclRSUUl6b3hWTHVTMXdVNWkxY3QxNHdsZk9JNlVTcy1haXFpQm1tVHdrb3ZnaU41WkV1WjBBZzVzMlF2Z1VyY1ZzZW96QTMzOXBpZHFLalRzTDZqbG1xNzV1a1RZVlFZTkli?oc=5,NBC Boston,2026-08-12,negative
MBTA,12-year-old seriously injured while train surfing on MBTA train - Boston 25 News,https://news.google.com/rss/articles/CBMixwFBVV95cUxNUnV4a2V0YW5rYlB3V2NTUnNmSlFNb3NpX1FWR21Ca1FEYkE3NXRyZHhORDAxMS1FR2RtbDNnWC1LWGRzUE1DMjNCOXhxYVlPTldEbzBNOF84UzM2U1NjNzJJRXpVUXlieS1RSERiazRFZlVPWUptOVhZTFdPSEFtYkVSM3JfWjc4X3FMZXFiWEwzUlNPajduWWZoY0hESU5LY1dHelM3bmljMHFsa3Q3b2hFTlpBUmlya0F4bFh1UzBmRWhhRVY00gHbAUFVX3lxTE9nbkQ0c3Z0NXJEZXY5Sk96dEZ2ek5aYUlTU3BXV2xEM0NIMm0zOGV3R3ZEbE83ZkxUNkVQb3lQTFExRE9PTzlrcHg4WWs2VXM4TTJza0VUM0Voa0RGWHg4aXVEZ0lOc2N3VDl1eXJsWmZDMVhGdTMzSFNVZXE2S1RVYmtHSFNwLXRRNXAxVEhGY3VDTmZBdkJ5QVJWbmdZMFVodVE4WmZMNm52ZGU5NkdVbkJBTmxVZVJLOHpqMndNcVFZZkR5MUFiVktvOEVYU0l6YTM0Q09yZm05Zw?oc=5,Boston 25 News,2026-08-12,negative
MBTA,Boy injured after climbing onto roof of Red Line train - WCVB,https://news.google.com/rss/articles/CBMigAFBVV95cUxPUzlEZFI3SDZYR19GT3RQMU1sMTlBWW1rdTdvMkdpQmxwaENoRzZ2bUtUN3paTTVtcTdyeXVYcWNhZWVXMjJEVEtzV19mLW1QeWpRanFqS1VSMk1jYmtPXzJGSTg0ZEgxQjNWS3JYNVZuWWc3SHNob1ZOZGM1b1g0Uw?oc=5,WCVB,2026-08-12,negative
MBTA,12-year-old boy hurt trying to ‘train surf’ near JFK-UMass Station - WHDH,https://news.google.com/rss/articles/CBMikAFBVV95cUxQbGVHS3JwWGdqVTVaWHU1MUVvem5NRGJPNEtVT21Gb1hydWRUMHF6eWtHc0JDdkJ4UVYxbkVpQ0o1RENsWVFkMmtTYUJoN1Brc1Q0c1M4M045cW8wSTV2XzBaZXJzRUItRHpIS3JMSDZmcG9iZ3R4djI0aEI4TU1wbHJ0STRWUmx3UnpXb053dEo?oc=5,WHDH,2026-08-12,negative
MBTA,"12-year-old boy seriously injured while ""train surfing"" on MBTA Red Line - CBS News",https://news.google.com/rss/articles/CBMirAFBVV95cUxPVlQzaDdlT1BMT0RFWWdPeDVZdHc0ZjdCYnhTcUJWT04tb055cjdGSXJDVk1CdmhrMUU4QzB0LWw4OENkWmNjaVVSUmJqNmxEc1pTVW5ZT3lHVW9raTk1MDVndkNqSFRoTEgzQTNYTmlhbTFRSjVTaU5hREVWQ01nUGpZeDUzT0laRXJFeXY1SDNVbFJ3NnFuVXMxUjVSejlBeFdTN24zZUx5Mi1B?oc=5,CBS News,2026-08-12,negative
MBTA,This new board game turns the MBTA experience into a game - Boston.com,https://news.google.com/rss/articles/CBMiekFVX3lxTE0wemdZb1pXaHhQcGJrcUxJdk9ac1dDV0c4UEl0dU9XRTZOc3lSdUMzNms1akh6MEQ2NFdxVkgwYV92T3pVenFHN1JKeHBKRHJ5WV9Ub0FEOGRSRVRlSlVSWjdub2lGU1luQThjZTdUVlFna3FoMVNlVkRR?oc=5,Boston.com,2026-08-12,neutral
MBTA,Commuter Rail plans service to all New England Patriots games - WCVB,https://news.google.com/rss/articles/CBMijwFBVV95cUxQa3JfeC1XdGRHYnlQY0tXNDRmc0J4Si1IYlRISkN5YkxUX2Jqa1A3cUtRODNtY1lIY25pZTg2LUtUNkZKUmI2TUZfQVRKcGhlSGJ1MVEtLVRFZ3pyeGswS0J6cWhLNkVaanFGdjU4eUNZaTRUek0yOVdWSzktVXFaT0YxRUtTNHJLa212S3BCcw?oc=5,WCVB,2026-08-12,neutral
MBTA,"Worcester leaders demand return of MBTA express train, signal upgrades - MassLive.com",https://news.google.com/rss/articles/CBMiuwFBVV95cUxNTXExT1ZhNE5IbXk5RlE2RENwNmZ4RFBKWC1GQjRTeFR6SlY4aUwycDNqTlB0SGxsZlc3TGxmalFVUG8xS3ZwZlRHczVhbUdPWkkwTndyN3V0azlkVEZTMVQwX19fT25vQUY5NFpFYXozX1BJTDk3Qm1oSUJKVHpFYmFhdzV6ZThDVDVBelF0ZkRzbm5ROEdxWU1LZG5LVVNtT2JQOGZBRFFVSEs3S0I3VW4yTDhjTDZKZ180?oc=5,MassLive.com,2026-08-12,negative
MBTA,Welcome to the MBTA’s shutdown summer | Starting Point - The Boston Globe,https://news.google.com/rss/articles/CBMiiAFBVV95cUxOdGcwTXJqaE10THFScGVKdmdUZ2lyZ1ItRG5tMm5DS2lCQ3R1c2YyaC1EVWFpdFotdjA1RFptZU9fWHJIV0lvX3VuMGlMRGdZLTJ4MldxOHdUQjRBZFp5R3l5OUNqcWt1YmJhNGttNkFmLUtjX1JrcHYyS0lBR0ZKeDJDQkJyazRo?oc=5,The Boston Globe,2026-08-12,positive
MBTA,Teenager Arrested After Gun Threat Aboard MBTA Red Line - Patch,https://news.google.com/rss/articles/CBMimgFBVV95cUxNTl95YXgwUC10ekFsSjRrdkx1T3FwcDBicmd0Q3NwLUtUdUJ4UDF3MGJHblMyU1p2ZlFEUEJ0NG9sd2FLeFdqQi1YblpYeFpWeTlBX1dhNmRPaVZpS1RHVm9VcEpWQTRUVUw0R1VZbmNoRUtTRGNZeFN2V0VMRXpYQzVxZkxlUWpHNGlCUDZHUkZxRko0U2o2WlVB0gGrAUFVX3lxTE12TEdzcHVxNkJRZHJ0QUV6Zmc2cXNuNGFhZUFSS2oxd0UtdHZURmZGMUYzQzRGb3RFdE5fU21oRGhXeHFPcGZsYXlDV1Z5WWRCTlNGdnNNMzFlZS1hMU1YSmtzUkRrX2lwTVlxVjdhUU91MFNRUlVFbzdENGdHcS1SeHFqZVNlM2F0M1p0NmlNd29YMVM5emRUdDVOTS04NkUtUUNGU0hyVm1YOA?oc=5,Patch,2026-08-12,negative
MBTA,Worcester officials urge MBTA to improve commuter rail service to and from Boston - Boston.com,https://news.google.com/rss/articles/CBMizAFBVV95cUxQZS0yNFVLUnZQTXo4TDhnMGFodDZ3b2RkS2hjMV9aeFV1Q21OVFVkZmZZaWFmTS16RDF0OXg5ZDlweWtuWDhqZ3FJTXhJUTVDcVJ6dXltY1lLaXV5RUNBTHdOMWF5THZMbnVzT21uOVZBalc4Q2h5QjdSUmQ2eWJIdndMcFhSelpFVzdLaEdyR1h3SDdXRUlRUVJqVFlzQUdVOFEwV1d1MGtrZHFQYk1Fb19BS2NmamRYMHg0VzdkeURqYzBhWExSQ0Yzd3E?oc=5,Boston.com,2026-08-12,positive
MBTA,"Report: scheduling, speeds & infrastructure must improve on Worcester line - Spectrum News",https://news.google.com/rss/articles/CBMilAFBVV95cUxOMUpyd1p2ZnYxbE82amVtMHUtRXNPTFc1TU5SV3BtbFZ3Tmpxa09rWE5qc3B5R1hZMTM3Q0Vvd2lEdUxLRjhrVFdfcFNtR1hBVWVBcVZzZWxGUnptT0t3d2VoSlJsWUs4ZXc1TjZDcXVycGVrR2c2YjlkZUM5dTBEbDU0Rzc2RlpDSnNRSzZyMGMwcUo0?oc=5,Spectrum News,2026-08-12,positive
MBTA,Newton Highlands Area Council raises concerns over MBTA Station Accessibility Plan - Fig City News,https://news.google.com/rss/articles/CBMiuwFBVV95cUxPQ1NNdzd3OUVPZlFrYUVpTXZXX3Bid1NjZmxWVnN6MHBKRElmQUwtYVYzeUlhejNDXzk4bjhVOEM2cXkxb01QNWZIc01MMnA0Y3JuQThmVjlCRVFjTVN3TjZwNzBFTjQwRWZxU0hWbjdTRVpkcjZrRVFGbnR1R295b3dTNzdxRDNUT2lFS0hfWmsyazdEMGM5UXhmbVdOeExJS2lxSVg0WWlBN1VlVW55b2dnRTU1czh3Rk1z?oc=5,Fig City News,2026-08-12,neutral
MBTA,MBTA offers train service for Patriots home games at Gillette Stadium - The Sun Chronicle,https://news.google.com/rss/articles/CBMi-wFBVV95cUxNb05UWnhGMk5zUmlKVlgtWjd0b1UxNUFwSU1sOHBObS1HNm51SVlhLXZCelpHMmMzYm45TU1hR19qZUJEMjFmTzJlbUtTRU42amhXazF4LTRQeTMwZmF3djF1U0JSSWR6MTdFaGhLZFZGdWNtTVgzWGh2dF9XSGpjdGNDcDdTdTEzejZZS3RiZ0VMcDdrMElXUnlCNk9Xa2k2Rl8wRDFNakJ3N3JBVHF2eFVqd1ljSFFzUXQ1TGxFT0x4MkF1U0NRaGFFZHBNRUdianROVGZYbWZzRC1GWE5QWFBBenZzcmV2OXRScDhBcE5oNWhrbGN5YmFtVQ?oc=5,The Sun Chronicle,2026-08-12,neutral
MBTA,Service suspension on multiple Green Line branches now in effect - WHDH,https://news.google.com/rss/articles/CBMikAFBVV95cUxQSkVwZzdBOHZNbWVzMFZMU0IxUmpRM2I4NVc2dzZxQjNxN1l4OUVGenlGZkZHUE1tYzd5Y1dUVnA1UXF1bzgyR2l0b1pOek9VSE1rN1BPNEtxR1lJUDJZRkVFU1FmQ2RtcWUwVUJoM0ZqRjdlV1dPc1ZQdm1HS3RtTkd0d0JYXzFIRnV0RU0zelY?oc=5,WHDH,2026-08-12,neutral
MBTA,Red Line hit with delays following track work and upgrades - Your Arlington,https://news.google.com/rss/articles/CBMiaEFVX3lxTE9UWV81bzM0YUdaTTJBeUJNS3hVSzVoYXNxVmczOHpHdDhMZ3I5SFRVMEZGQWZsMUpfa0lLdlZXT2dtYUxzR0pzOE1weHhROVVTT2ppVlNteUEzd3VuWkc4UnlsOXBaSFBt?oc=5,Your Arlington,2026-08-12,neutral
MBTA,Another big MBTA closure is coming up. Why are there so many this month? - WBUR,https://news.google.com/rss/articles/CBMiggFBVV95cUxOYTFFMjBuN1g4TVl5Rk1Vb28xNlA5X2o5My1VTUpEUzJwNy03ODl1NDFUSExuUWxvZC14dHVFNGVydzI4ZlE0cTkwc3hqTkxwczF1NElVRWxGY1lrejZCYXZnMVpENzNjRjdzRC1DUEdiejFoSUpQTEdWdnM1bGVSS05n?oc=5,WBUR,2026-08-12,neutral
MBTA,"Worcester rail group maps out vision for faster, more reliable MBTA service - The Worcester Guardian",https://news.google.com/rss/articles/CBMirwFBVV95cUxQWno3Ym9aWW9DRXBfd2FRbXI1aWx1NzNwNlNLWEZHSUVYVUROS3B2LXczSnFSQmdmelhWT1NiLXZiVG43S1BuRTVFbE0xelB6VHpyYjBGWnk5aUtSRmtuZ0o5cnktUVBlLWpsSVBiSTMwdm1UYkk4cGZYSzJWM1BzZUNJN1d6cDlLTEVNdGN0LVVQZW1sRHVhYzluUllhbkVXekFCUXZfV2NGZEFhOFhZ?oc=5,The Worcester Guardian,2026-08-12,positive
MBTA,Local MBTA Working Group's report aims to optimize commuter rail - Worcester Telegram,https://news.google.com/rss/articles/CBMizgFBVV95cUxQRi1ZbGIxdVMyZUFRSXdrWm4wTVRhWlc4OXlJa00yQkhqRm8wM3A4SjAwLVJoSmUxLS1CSHZMU0NhZ3FoMnh3OHUtV2ZDZFkxOWFYQWRMMy1EcXZZZnBfX3Z1azNYcndrMUUxX1RMa1h1cndqUFA3RDN4OEVLZ1ZjTThsczVVR21MS3duT1ktb2R4NkJOQjVwNTRLZnZiMDhPajlJVi1VZGVPLWV2ejhZMFI2NDVmYkZWc1hRSENKeGxHb0ZtZk4tazVuTnFwZw?oc=5,Worcester Telegram,2026-08-12,positive
MBTA,Parts of MBTA's Green Line suspended for 9 days. Here's what you need to know - WCVB,https://news.google.com/rss/articles/CBMiowFBVV95cUxNRVBpVEpRQkY0U05yUndJVXVsYTBYUzlxdVZ3bHlRTHFGaDVaVTlwQzFxOFM0RjV5aUhDTkVKaGNNOVR4RjdfVmRxMjJib3NiYy1ucWtfMHRxNzVoTEdqTUExS0ZJRHMyV1JaSzR3ZUJScDV4Qk9pbE5BMHQzVVYxSzZaY0pOMlVDUnB1UDJscDRLdmZOd1FXQ1g5TUc5ekxhTFpV?oc=5,WCVB,2026-08-12,negative
MBTA,Significant portion of MBTA Green Line shuts down for 9 days - CBS News,https://news.google.com/rss/articles/CBMid0FVX3lxTE9WUTR1RENZOGdFOUJiNWNXMjFQYllqdUhfZlpacmMtcTByVGtXWGZPNGFqN05XUlAxLXQzTW14M1d5al9KMktHb1IzTVhBT0U0NGFJZ0JDMDdLSnUtalppS1hiZ3ZWaVlpZENJemxiaDhLN1JINzlr?oc=5,CBS News,2026-08-12,neutral
MBTA,Green Line shutdown forces commuters onto shuttle buses as MBTA begins major infrastructure work - Boston 25 News,https://news.google.com/rss/articles/CBMi8wFBVV95cUxOZ0xyb09UN09sWnNxNVhNMmVxR1JHNERsdlBmY1h3ZGNSS3puNDk3RllQak8wWXAwN1lnaWF4RG1XVzBWMTEtUHNxcXU0SmxscjRqR1RyT2E4Y09DZ3lvbXRFSDRCTmg4Z0l5X2RUQzJhYTRhSUJMRzVwQnpPMk00LXIySy1ITkZoVl9pTTFVclVlVVVBRTk2ZTVPV2tZUXJWdmRreHpyaXhxNTB0UTJWbVNCb3Jua2NlQ0E0LWZaQWhoRnRvTnlKRi00YjY4TEk3bk9QaDA5c0IyWFlRV0dXYUhtam1tR1k2TnRDeGtNUXNibjTSAYcCQVVfeXFMTlFIcS1lNGZFMnd5OWIyTUdLM1lDYlNxY2xQWUQ2Y1o0UU5vQlhHR1BQd25hcFRuOEI5X1BxMUdSVXJrcGZVd2lPQ0xySzFCVDhQSl84bUdKYUNNTUFhQ2FrdWpoY3ozN0ZCY0VSZTRzWGFxWmNnTXQteDh4NXlDVHJnLUdRS1pINUZfMkRCR0xiaFZYRkpfQTlGXzVvQ25GNUo5R0xaSXAwTGFreVRJNW1tQlVTVnNpcUgyS0JuLUdqX3Bacll0eS1tNkRzVnJhdlA4SlZ2RzFYOUdJQmIxNnA2Vm85WFNPMmJiNWtvNmkwdUtCSFBNRlExbFgxSTNoTFIyUDJtYlE?oc=5,Boston 25 News,2026-08-12,neutral
MBTA,"MBTA apologizes for continued Red Line problems after shutdown, explains what may be happening - CBS News",https://news.google.com/rss/articles/CBMigAFBVV95cUxNclBIMUhocFpvWDAwdkN0NktOQm90MW5ULTJxMW5rbzVOM2xkWDNFbXBpMmhEZDZENGwxNmE3eXBMNl9UVDhkMHFDdUhSSlBhaC1UckxkT0RrNkpFT18wUzhCQ0UtOFlzLVpDLXJ4NS0yWVZwN2dZMVEwRm90QThJTA?oc=5,CBS News,2026-08-12,negative
MBTA,Delivery driver's vehicle struck by Commuter Rail train after getting stuck on tracks in Cohasset - WCVB,https://news.google.com/rss/articles/CBMijAFBVV95cUxOX1FJdGhFRWtWYUJ0TVhQZkpKSXdkZTZoZHpObndGX18tRFRRM01nX1hnQmNoNjg0clFjVUVOemFxS2V4ZTRlQ0xWN0FaUlpabld1MGVIdUM5dVFtcHh6T3JVT1lnQnFXZjNJdVEtM1JNODFIQjBhQ1B0Vzk1LWNkbVBQYzByTGRKYkpKbw?oc=5,WCVB,2026-08-12,negative
MBTA,Green Line branches suspended as MBTA begins major infrastructure work - Boston 25 News,https://news.google.com/rss/articles/CBMi0AFBVV95cUxOZm9YUjVPTXdvYTJ1ZzRZNTZ5REFkNkxfOFZXQ00wQTZCcklWbFYxbGRqNEpfeXg0OWkxX0ZOSmlPSkVVLVYyQnZSMjVxczBQMEptTU5jN2NpZzFmcW5udFhnN3VnRi1vUTBGSTRDNThYRmlfRDVaQWotU2pHYTdNRmRjeGlsd191ang3ejNYQjdwb3k5bk43UkNfVjU0QWZZYUM0dnBSUFJhT3lrcS1zSlVzekN2ZWgxTkUtZ3NVbTJFOVFYM3ZScGx5TTF2WjIx0gHkAUFVX3lxTE9GZ3I5RmdfLUd2QVUyMHQ1ZlV0WDlJbXppRHlKMlQxZFVnN1htR2pQcGdWemVPN2hVaXhGdmtGdE1IRFRHcmdhNkJmaHE5ekhOUWEzWU16Si00azJkcW9FZWhvZWpMa01rWTNpZ0pIV3dXLTNHb1NMZTNFSmpBUW5JVUJ6VG41b0JKSnhyMVpXNm41elJzVnNZQlJxUG9TOXRUY2FMdzVzekFWLWQwVndLNklvZ1lHOTF4M2VPdUh3aTNURWJFYlRhcWtVdUMzZFhzOHFPaEVUQ3Y1U2c2VkhteTl6Qw?oc=5,Boston 25 News,2026-08-12,negative
MBTA,Large portion of Green Line will be shut down for 9 days starting Saturday - NBC Boston,https://news.google.com/rss/articles/CBMijgFBVV95cUxQOWM4dVVKdkMxaHlQSmM0SDFRZmtmZG10bU5HT3FhTjlpMUNDbmd3S1JwUlUyT0phaHhoRi1fcGprZTNYSEdKcjN1N2U1b1dqOWhjTHVKTlNwZjc4TFRSUFpBU3VLRW5wdWpDek9YZVlMUHZ4NGFXZHl6LUNtVlFhN3BPdkZyNGVKYkg4VTZ30gGWAUFVX3lxTE5wVTZrY19FbnFwN0VjUGJSRjNlTEp0THdXSFgzTnpJVWdFV1ZZVGYxVHRkcWlpa0RUdzk1WDg4QmNYMGZjUGZ6WFNGTmkxZUc3cTZwUkY0Y2dFUWl5YVZKV3hfbnRneDlBLUgwLXdVaktsaHhiaURjNHRGNHlQeXFXZC03WEtHMjV0Tm0wanBqbzhvdC1XQQ?oc=5,NBC Boston,2026-08-12,neutral
MBTA,The MBTA is rolling out 3 new fare discounts — and extending half-off commuter rail passes — this fall - WBUR,https://news.google.com/rss/articles/CBMikAFBVV95cUxQRDBpblRxYnp4V1VRZ0FIeVQ5UFdELWdid2RXcjhQOFhlRUFUYlBNQlFQZkZXYXFjXzhLN2xrNV9LaWVpWTNtd0dROXVCaDZkX2VtV3hZSGlwNVZyVFEweC1oSjZqWC1EN3Fxa0YtNzZ6M0lpR2RCZzdHSDFMd1k4V2ljLVctRjdNTU9NT0RRWnI?oc=5,WBUR,2026-08-12,neutral
MBTA,Service suspended on MBTA Green Line - NBC Boston,https://news.google.com/rss/articles/CBMimwFBVV95cUxPdmZUU2hwNlFoOE1GRTZYbzBLNExCc0NXZW1MZWFXVnJRTExQNk9hakVUUU42RHRsVDlsNWM3cXd6YXZrS3lCYkVnVldBYlp2XzhhLTFhYm9IMF9FYjd6RUc0V0R1T0h2Um80RWhwaFctY0lNeTJrTUozYllzTENHeTI5TlRSUTJFUnM0UlFfUWpTVFNTQjBFODQ0SdIBowFBVV95cUxPWjlnN3BvQWo1ZTF4NW9VZmtpM0JhMUFFYTIxdXE4RFpHYkNORko5NEFBNm5Jc09SVG5fUjV5MDJkVzdJVTdic1A3R0ZzMlB2SVVnLWpjeFRqTzItTTlIMkktTE5CVUtHZ3NURURzZFVvNUZMeWRaUDZSWHBrSE8xZjFqeHR6YWhSSVd6N2stNWRoeFRRV1dOVXY0YWlaR05hRWRV?oc=5,NBC Boston,2026-08-12,negative
MBTA,"Woman trapped, injured in second incident on MBTA Davis escalator this year - Boston.com",https://news.google.com/rss/articles/CBMiwwFBVV95cUxOM1pkWkFuLXhaYzB0clh2b1VfU1p0RDNzODBXLTRBQW1EMjkxSkd0dWRNdVhRNXRnZEFpeF81aDRiTlJrTjBOUzRkVUZJRm02c3d1cXhCN2JyTWNwTE9DYnI0ZXpoYi1HUzdyTTRBQmFQaXo0U25IVVdsZDZUTm0wdDFMcUNUNEdFZVRPRE9rZjN2djhFVFZnVTRyY00wRXNleDBKNGU2ZjN2ZlpNXzZacDZDbjNWN21VamFXdmV3OXE3c28?oc=5,Boston.com,2026-08-12,negative
MBTA,One person dead after being struck by train in Andover - Boston 25 News,https://news.google.com/rss/articles/CBMizAFBVV95cUxQSGRJc3dsWHVUandxNEU5cEZ2U01VaWFRNk1UVWJDd1ZDeEJORkI0QjllWEhVSTNzeFlncHN0cVRJdlByTnNZMXRUdDNOalJNbFY3VE10OHROUEstOW5nVlo3LURPNUpuSHNRbzVuZ05uSGxGT3hQc0duS3RVQmhNSlJabGthRlAzV1Zhbk5zVnF6dVpJSEswbGJxcGExdkZDS095c0FRTXhWOE5MLTNRSjBhbHRhbWxFal9yU09rOENXcDJ3Wnh3d0VtQ3HSAeABQVVfeXFMUDdMa1hLb3BaTnpQWVN1SzZtV2RsODM0eGxpcDJLdWhBcS1vNEllMWRWdGpiNFhGUEs4X244WWpsb0pxUDdiTm0zXzdMZER6YVpXMXdVZ1BnVjV0NzdIRDktaHllX3VVSnQwN3loWGhWYjJGSllJRXNSaGZaUlByVmw5clNpNXM0UndXSjhYdGw3WjRjSHpjT1g0M2FzeVR2c1A5cnpjQllsTk9nTTNEeExjUUl6Y1o4SkFPdTVSZHVveERVWGE3OVMtYTVTTG8tdzJtZW05NVhjRGREcC14NXI?oc=5,Boston 25 News,2026-08-12,negative
MBTA,"MBTA extends two commuter rail discounts into the fall, lowers some bus and subway costs - CBS News",https://news.google.com/rss/articles/CBMiggFBVV95cUxPUVEzLUFNWlNwTnVQU2JuNWtJSFRZM2ZGMFZBLWVSdW13cEkzTHlXQnI1QnZOU2Zyc043WnhfOTVwR0VWMFRSRlRERlF4QXBhSGVBY05OTEtlYWhkb2syYm9QNjBLRzhqY28wYXdGWEY3WDVOLU5kTkFFRkFLQm5EQmZ3?oc=5,CBS News,2026-08-12,neutral
MBTA,The Blue Line was supposed to be the best the T had to offer. What happened? - The Boston Globe,https://news.google.com/rss/articles/CBMiiAFBVV95cUxPbFE3ZE54UFJCTGJWdlpYZ2VHd284c0R1eXZCMkRDUHlMTy1PVEZ1d2NCeDlWNlI4aXdNQS0xSUwtNGtXTjY5bks1cUZzVWNJMFF4ZVdLaC0wTkdMWWF3aVBYR0hRQkU5bTdyX2RsX2VGaDhTaDF6d3NkOFl3V2s4YXpsd2E1TWlH?oc=5,The Boston Globe,2026-08-12,positive
MBTA,MBTA launching new pilot programs to make public transportation more affordable - Boston 25 News,https://news.google.com/rss/articles/CBMi3AFBVV95cUxQU2UxWkRtUkFwa25nWnRjWkFCOGtSZHJ2M3AzekNEVjFxZzA5WnBpX045aXdVVnZrZUVDVkZaNC1meE1iOVdaN2VneVdUWHRfdDRxUEc2TXFwU1ZNWEtIYnVvTGVtdV9GeWYyajUySlR3dGFwOW5ubkJfbGQ0LWNTTVhxaE9TUnNOQV9WN0Q2Nm1aVllzVW84WmhEMktWNTVKZ29rLUJOQi0xMkFtVl90NEp0dmpDRWczbzVyamhiZ3NWSU1fQ0FSLWFOd1JHME5Va01VMENBSG5mdHVr0gHwAUFVX3lxTE1OVDF1U0dxU1MxMGlVZ2VtREhDLXhYOFZaQVpNNDNsT2s2R09EenRIZ2ZQYTZKdU9GYjc1My1pZHZNenNnbVBjU2xRUlo2WVVvNHJtTjQyeGhKQXJsY002SzlhcVdvT2ZXUngyZkRBOUlRSVZpTmZRdmE2MUprZ3QtSVN5TS0tZ3RaYzhiUi0tdmFSalhLRzBISWNLZ0JQZjV3dDVRRDZBTVRHUU5sVUlxM2w3Y0R0cXVGVjlmTmVwSzdnODFYMmVmbUhWV2FiTDBxS3I0TEcycGN3Zy1ZdVRqbTN1QlNpUDk2cURGTFQzZw?oc=5,Boston 25 News,2026-08-12,neutral
MBTA,Healey announces new MBTA pilot programs to make transportation more affordable - NBC Boston,https://news.google.com/rss/articles/CBMioAFBVV95cUxPQUJOWm9PVFFHWllpNDVxMm91OUttM1hPak5NUXdjV0lSVlZMRVVsbm4teXQ3VEVZV2ZwX2diZHNwTlJJaUZTeUNPVjhEWG5pSC1iWlNRNEhuQ3dpekM4MXplMk9aQTlmdzc3RXhYUkszOUZ5ZEQyX255RlRNSnVwRHVCLWh6T3c5cE5LVHFISlNZZTl3cGpqV0JxRTMxMFJQ0gGoAUFVX3lxTE1hS2hOY0ZKR2llcmFrckw1R2tOdVgzX29fQ1N1SjhxdzJJS1RxSzZyTWJHY3FoY1NwbjBwa2FfRU5kZElfYnNCaEMzaFZ5WlVaVm1hcHRlc0xRVU1RVEJfNW9lZFhUWUF6SGhJUENyRmo0RGhvalloTGdQeUdmM29tMGd3REpHb0NlTTlub2N2MjFVU2hEbUJUWXNQZEpUR0xOMTlJU3pidQ?oc=5,NBC Boston,2026-08-12,neutral
MBTA,"MBTA to Close Red Line Service and Replace with Shuttle Buses at All Cambridge Stations July 21–30, 2026 - the City of Cambridge (.gov)",https://news.google.com/rss/articles/CBMijwFBVV95cUxNYXJlWXJzOVFCTWVYRDNTVTlmQ0pqZmNKNnNWeFFsRkw1dm5XcE9vXzBzM082OWFhWF9pcUVWeWlvSVU1MGt0dXFqeU04TVBlOUdsZ3k1V2VJQ1gzMU92ZXNZRVRuamo0UXJLRVFzbDdtWGZMc1hGcTU4c0FPOU5FSS1aaTBHaUUyaURHOElZUQ?oc=5,the City of Cambridge (.gov),2026-08-12,neutral
MBTA,"Red Line delayed by smoke, signal problems after MBTA touts ""successful"" 10-day shutdown for repair work - CBS News",https://news.google.com/rss/articles/CBMidEFVX3lxTE1DcmNkdF9UQ2ZYRTJ3djlqNXAxWGlrc1FuRi1FeVhGSVpBbjE1N3hKcEJMTmpfZ2VadHFIeHE0Q0N3eVZoS1ctdW1vRC1sLVVnQ2trU180UHAzV2VXRGhjR0hzSzFsWUlfOVFLZG5qeFNWUlly?oc=5,CBS News,2026-08-12,neutral
MBTA,New MBTA pilot programs aim to cut costs for riders this fall - WCVB,https://news.google.com/rss/articles/CBMioAFBVV95cUxNS0tkRERjWEJmbGY1a1ZTUzVKOERacEJXVjFUQk5IMzFkcTd1cWZsNWVQaEY4anZuS2U0VVV6SWswNENFR09zWmhQNFFXNnNvQnZEYmltdnd1cjRUVFFSLVA4ZTlfNDJGelgza0NLS1NXLWhkbnlZbUZBOWo4SnlYS0hqVGJjVlpid3llTlNrbWFBYkFfenpzVHNlT2ptelRB?oc=5,WCVB,2026-08-12,negative
MBTA,MBTA Green Line B Branch Service to Be Suspended Twice in August - Boston University,https://news.google.com/rss/articles/CBMif0FVX3lxTE9adk1OXzBEdGJyVTc0ZkwwVDJjWFNqQkxTVzZ5Wl8xRFJVR01sN2hJbjdwWXhzcUprbVRRcU1EQ2lEMHZMbnNrWW82VzFzT0p2ZTluVHpRa0hFNTM2b1dhbVdwU1FMbFRnczN0dWhfWlZzMWtpX3A2VXd4NENYbFk?oc=5,Boston University,2026-08-12,negative
MBTA,Good Samaritan meets woman he helped when she was trapped in MBTA escalator - NBC Boston,https://news.google.com/rss/articles/CBMiwwFBVV95cUxNZE0zMS1nYkdKWE1yUWFET3djZmFzSVNTODN3UU1tSVh1WmFWa05QODNsUXoxZWZLWTZsUEVJN0ZmT3JMVkZKb2hZZlNLajB1Tm5Uek5ISTNpRmpjcnRfYmVSTzhvLVN2VHpMYS1jX0VnSTZaNHRhbDE5V3YtUkRFd2RESTdXelZLdlowNnNxeVJmd2g3VGx4Rm5HaDdtVjhvZVVEUjhZeEFTQTBISE1uTWduRElfSmZVM1ppbTBSeGNjNknSAcsBQVVfeXFMT3ZMVG5iWkgtaUpCMFV0ampVT0JSWVhZX1F5VU93X3N0OGZPUlRGMTZxb3lNUEtlQTVUYV9SVGNHaEZ1UWFkOFpNVDZFblVwWnBxNmkyVFpKNXAxZVJBeWU0N19Ba1FlMW9QR191NVlkdnJsdEh2X0o1S05pMGx0VjVWM1lOZ1gzX3djaUtmV1NVNG8zTHhDVUNIV3JBN1dnT1Z5d1o2QlJka29lZnRJVXNEZUhROWQxT3dfLUZYOGFHS1dQVXFZUjJTeGM?oc=5,NBC Boston,2026-08-12,negative
MBTA,A major nine-day Green Line closure began Saturday. Here’s what to know. - The Boston Globe,https://news.google.com/rss/articles/CBMiekFVX3lxTE1EZ2hza0xaSHgwcDg2d0E3b1ZXZG4zaUozR3k1NUdZLVpGem1GZGpsdEpoclB5R2xIT05TRm55eWUtdUFiTnFrT3p0WHB6eEdhZV9jN2F3OF9fLXN2S0ZnRnRwRXVDdjlWME9XUk5Sd3EwX09MaXNpc3l3?oc=5,The Boston Globe,2026-08-12,neutral
MBTA,Mayor Wu and MBTA Announce Compromises and Another Round of Meetings for Blue Hill Ave. Project - Streetsblog Massachusetts,https://news.google.com/rss/articles/CBMizwFBVV95cUxPWkNHYXJfSmo3ajZfaWU3S1Q5TGNUMUVVSXd6NThnUGFUU2R5NWtGMXVEODViNkRGdEdhclJWeTJDVGZnZDR2QUhQZnpEdGkyS1Z2UVhrX2xhSTVYN2dieThWN0tCN1lrMXJGZXV2ZGxRSklZSTNfU01XSWhYeXRuRktTQUpFM012MG8yUm1CZzhCejkzWDhudXlONWNGQjctSTVKQTItdHdSLXc0bFo4b3lOdURJTFRpdTZ5RVpGeW13dlVEanAtSnh2V1FNOGc?oc=5,Streetsblog Massachusetts,2026-08-12,neutral
MBTA,"Person hit, killed by train at Attleboro MBTA station - WPRI.com",https://news.google.com/rss/articles/CBMinwFBVV95cUxOckJ5S1FPZTlZVFNvSFFNMy1KUUhKX0hiaDdobERqNkhfWTZRVmpZM0pCby1Pc1pZeE92QmpyUDRNRDk3NUZCQnZId042blRRUlpaX2loYzhJUVpuTVFleGh1bEVIeDU3Zmhwend3bF9LQ2ZleUhRU1Zjb1JmMHNmZXh0V1JIYjJDeEVUWEdTdXp5R0IwcVZ1dGhTMG5NZFXSAaQBQVVfeXFMTnhrTDB0RlBubFl3dTJVUHhlemtTMHM3TVRpZjZkS1V3cnpOdDZqU3JzNW8tU2ozNDJJbG9BUkhGdDdZWXVuclBxUkdFZTUzNEJUNjFmZnBwbTlxWTV4akYxemI1Vy1WN2lSVHFEWUlycE1lTUNTYjNxdGxPRE1WTlZlZU8xaV9kb0ZjT0ZEdVFLSWxGNDlRVzVybzFmSHh5bWZzS18?oc=5,WPRI.com,2026-08-12,negative
MBTA,Surveillance video shows moment rider gets caught in MBTA escalator - WCVB,https://news.google.com/rss/articles/CBMingFBVV95cUxNSENwNGNpQjllZjlLS19vdk40U3dJTmVTVkNNaGxmVFVWUkV2V2FxMWtvZkVuZFdLM1Rfd3RucjZYWXRmdXJGNW95eV9qTFNHQkR4RnpIcld4c3FFXzA1VWpNdDZwTkVpcXdzMEwwa0hTTDMzbkZETnFNOU80RmxReW1EbDdQT0U3d2RXeGVydVRLOTVqU2lnRnQyeHpZdw?oc=5,WCVB,2026-08-12,neutral
MBTA,"Mass. Approves $530MM for MBTA Operations, Infrastructure and Reduced Fares - Railway Age",https://news.google.com/rss/articles/CBMirwFBVV95cUxORXNSbWtIMVBHTFlRR3BVZktMMXhJN19MMnk5NS1KTHV5WXVXbTNLWkszVDctWm9zZ1l3aXNoRVdGMXVKQ0dyNG1FUDFYakpXS2M5V00yQ0RNRjU3ZlB5RjdRejVMUGJtX3I2czdnNUhpbFJTT2pHV2taQnMxREFPbl9QZmVpX3Z1ZGdGeWtyclFuRlQyX3BEMGdXcDQ5dGc3MkJ5OFpLbXZ2WFNjTEFN?oc=5,Railway Age,2026-08-12,positive
MBTA,"MBTA Temporary Schedule Changes Begin July 27 - Wellesley, MA (.gov)",https://news.google.com/rss/articles/CBMiY0FVX3lxTE94Y0F4RDd6ekhGa21FbW55M0R1cWx4TlhZbE1CbTlQOUI0X2ZIY2FqOFdGOWFpUkdKMFNkbC1WTUcxeDMzT1VNeVJqTk4xQlE1QjVVTTd1WS1fM3BSN1RBam9UWQ?oc=5,"Wellesley, MA (.gov)",2026-08-12,neutral
MBTA,Shuttle buses replace trains on MBTA Red Line during 10-day shutdown - CBS News,https://news.google.com/rss/articles/CBMifkFVX3lxTFBPLTJYUFY2Wng0dmtodzRzcTRPcFFoZUlxVWh4RXFqZHdDSzBtN3ktT0hrSy1oY1BIUzRicDZKbDk5aTJ1MEJuaU9TaldDU3J4YVktOXpHR3BIYXRYZGJ0aWprZmdrempROW41a2pzc1hpUk5CRUNqWjBXZlRoQQ?oc=5,CBS News,2026-08-12,neutral
MBTA,MBTA heat delays: How rail temperature sensors help prevent safety risks - Boston 25 News,https://news.google.com/rss/articles/CBMi1gFBVV95cUxNdVIwOXlUTlAtLWZpZ2NTM1dsQzZkWmVMM2tEa3FOTmx3ekczcjVhdUVMc29JTHFWMGVqTEVGRkpKdGdxMUhXWXF1aVlyQkI1R3haY1dkRVJ2QUR3cmUtNVMwbWkxbVhSZjVmRGwwM1NEUjNhMkQtMGo3Q3dfU1N3Y0trd2JfT20tRmE4QV9qTkY0eXRGRXNNQ3ZraVN5Y1lramtOTUcxQ1daaGk4SHg2VzZSOEZfMGk4UFozdWdDTjQ2ZmoxeW5EVTJpT09HNWZ1NXRfTjl30gHqAUFVX3lxTE5Za1k3U19xN19MRURrQ3BMSm9XYjhMWmpmNlRpb3lFSnExMnFsZEJnSUZ4U0ZIcHEwRjNHNllZMDNLcGljQzBHeWFXVk1BU29UWS0tak5qTE1uWnB1NGNPbWJjY1ZiNk1aY0kzb1lvckZzSkpoYnRqX2syb3p0N0U2RVZWVVg0cGNPRVV2NzFCZ0dmakYySTludnlmNkUyMkxzX1RJd0h3WnRuSWhLRHM5bEN0RDl0N1EwZ3UzQ3R3YzUxWEtwdmpDU1JQbUpqVzBxaWttVnVXUU1rV09FTkV4S0hUalJjQnVTQQ?oc=5,Boston 25 News,2026-08-12,positive
MBTA,MBTA Red Line Closures - the City of Cambridge (.gov),https://news.google.com/rss/articles/CBMifEFVX3lxTE80UDFsSnpaQkp2SWNYNTQwTDhIb2JPdktIUjRyU1UyYUlyRlJNaFkzWjhjYWQwSF91cWwxNWdGNUh3VjhkaTRDLWFXSnNveUNKWWc0UG1mOGE4NUM5ZjQxR0g1cDBHSE5WT1BqOGJReHdjQ1ZBSkZ5OHpJSDU?oc=5,the City of Cambridge (.gov),2026-08-12,neutral
MBTA,MBTA Train Plows Into Delivery Car Stuck on Cohasset Tracks - New Bedford Guide,https://news.google.com/rss/articles/CBMingFBVV95cUxQaUJrclgwX2RRRUVBcEdBZzFrNXJBdV9wOWpVSVpzVm5fY3doMGFTR1FoVXB1VmJ5SkoxSElzblNOb2hIbm9rR2hqWkpkOXpURHRrbWJGVHFtWGpCTlZGdEpkNFY0S2tYdjFDVlY2NUIwOEhoRlVHUHJYRGY5ZTZGaFphZ2dDUktTSUthZHlERkpZSUFFWW9hSzRFNzR6Zw?oc=5,New Bedford Guide,2026-08-12,negative
MBTA,BTS fans call for more MBTA trains after Gillette Stadium shuttle sells out in minutes - Boston 25 News,https://news.google.com/rss/articles/CBMi4AFBVV95cUxNMDJQUG9WeFNraFpYR2t2aEJuNlBibUs3dkQyTGs2Ul94MkNGVnhfdTMwSGxQemQzWlhzbXZKak4xQy1kR21ERDBHUjZtNUp2YTJwbjB2UVN4azU2cVNzaHdoU2tIUm5UTHJuRmNxUEhFWmFwekViZmVycHU3QUkwZC1PTjFoa0lDVEZDSm9QSFJTazBfdTdHSWV4ZjVkZmxsMGZFV0VaTVl5S09tYXpfNGhLd05kcjFqenNoeHZTSVVzdmI2SDdBd1BRczRzbmN3OWJIRGl2Uk5LczkyY3hvV9IB9AFBVV95cUxOSzlSLTJQci1YV2Jpd3dGeFV4STNaZjk3Nnl0N3Y3aExpQnAxcnhYZzRHdE9HUGJQYXo4bXVSVTYtcWZQSVZfeVVGNjR3U3ZER0xhdWpQc29WNHNnaXBUTmdBeW5sZHFrUllpSWVzWnFYQXRPUmthLTRpelZKQURhMzM4TGxPdEU5dTVkd24wQVRfLTN3QnVPV0YxZHVhUWJ4WmRkYXpRV2c0ZkxMN0xIOUNINkM3WG1RamhQSGJ6ZU10ZjMtM2NZaU5ZSlBFblcxbmd5T0VJNDY3cTZMeHFVUFk0UUNjSE1kLUdObnJuOXV1dllV?oc=5,Boston 25 News,2026-08-12,neutral
MTA,"Mayor Mamdani, Governor Hochul and MTA Announce Plan to Lower Subway Platform Temperatures and Harness Thermal Energy in Lower Manhattan - NYC.gov",https://news.google.com/rss/articles/CBMisAFBVV95cUxOMWJITXZGU1pQQXdQOHhQTm9KalloVWVUNXN6NWI5NFRxS0lhdEIwQUpDbURQZ0IxS1ZGQWk4WURCWENZeWdYSkFfZDZKa1ViZUQ5UzJ2R0dkdnA0NEhUZkZLaHRpSWNLbEFyeU5vYi1PaGFlWE5wOUxIajY4YVZZOHZ3Z3hPTnZOcDZTa1JkYkNTeWdVVnJ3RW50QlZ3ZXI2bUNhemhJdTNvaXBrSTJjSg?oc=5,NYC.gov,2026-08-12,negative
MTA,MTA plans to beat the heat at sweltering subway stations with heat capture technology - Gothamist,https://news.google.com/rss/articles/CBMisgFBVV95cUxQTTJTdW84SU5Md3B6QlVEU3g2RnF6XzNEVlpUeDJVb3VUVjZIc2tESVlUamNaNTZRZV9Qb2lSOGRqQmIzcmFZcmtOQzI4MHpkUl9DdU14QWV4dlFCVXVWMDV4U1RFamtRVC1wY1RuMnYwVzFNaHdMdm01eHB5Nnl0cllTOXB2MW01RlRubUtLWWVVbHVSOFA3QkkzRjJ6VzRLWERLb1JwbzQtOFN1amlIUi1n?oc=5,Gothamist,2026-08-12,neutral
MTA,MTA could be missing tens of millions in bus fares - Baltimore Sun,https://news.google.com/rss/articles/CBMilgFBVV95cUxOaEFPQ2RvQy1qWTV5RHpXWnZDYlBCclFvUG9kRFhWSmFzUnY5ZnhPSmFUcmVLTFNETW9PTHUzejgxZFZ2VWZ4eFRlZ05SdndTdy1lQkZkWU8yd2tUcUl2VjQ2cDk1YjhVXzNmRjJRQTd5ZXIycGx1OVBNYTRBSmhreUdYLUdOSkdJS1FZUklWV19WOWpkQ2c?oc=5,Baltimore Sun,2026-08-12,negative
MTA,"MTA expands Open Stroller program to all NYC local, Select Bus Service routes - SILive.com",https://news.google.com/rss/articles/CBMixgFBVV95cUxOVXRvam9WNjVtNzNqaktiQ1gyUXVGUEF0RG5TdGdyd0tiM08zQ3RGUW1MYXpfOHpGcEc0U0VUMGI2SmRWTWNfN3pUeC1Na0VCaHZVQ2g4VTJhUjRNUlgzMHdZUXNMUzU5OXQ5Q25tWEZTQzkyc1ZKTFNLV1RtSld3d0U0b2JaeTVGZkJOUVJkNDZRSWZ6RmE5WkxJcFdDNmF1THJUU0FfSWF5RW9yOTZCNGpOUjZ4SDh0SnB1amJ2YzVNb1ZoYUE?oc=5,SILive.com,2026-08-12,neutral
MTA,"NYC, MTA eye first-of-its-kind plan that might keep subway platforms cooler - CBS News",https://news.google.com/rss/articles/CBMihwFBVV95cUxNSmRYX252cDBNaDRKUXcxeFdkdC1kdE94X1k5bnVYTXM5Xy0tU2h5VFN1ODExUmxOTGk0WjctMTA1c3A2bWtjUVpKb1Z6OEhBNUZ0UGN5R1F5ckxoZWhabnlfMTVTdHJpM3c4UG1ENkpjemJGWk5YcTJ4MEFkdEI5dm84TllFSVE?oc=5,CBS News,2026-08-12,neutral
MTA,"Sweat equity: MTA, Mamdani admin to study heat removal technology in Lower Manhattan subway complex - amNewYork",https://news.google.com/rss/articles/CBMif0FVX3lxTE54VUoxbHh2b0lOdDJTWm85Z1pXQ2Jvb0xLZElOTnMzTzV3ZmNDVl95bjMyYkNXYjZTd29Fd3JkdmFVY2s0ZndBaWcxemdvckJOTlpQMzFiU1BiVG8tOWRYcnRCMWx4SXlVV0IxalUwdUZqckVqZV9HbVhFRldXUFU?oc=5,amNewYork,2026-08-12,negative
MTA,NYC eyes first U.S. transit thermal energy network to fight subway heat - ABC7 New York,https://news.google.com/rss/articles/CBMiogFBVV95cUxQTGYyX19vRnYtejJla2s0Z1RPbTY2Z19EQ1Bkak9fb1AyOXBPc0p1WHExSEVvM0hyNWp0Y1dvV2tSWnVZQ3FCMk4yLVRTc3h1eU5KVVBDNzZPMEhEU01HTzdwalZ2SzUtZVY2U1ZGTFFlLVNNaTI4ZEFEZy11Q2dFMFh2Q0sxWlZ6Q1prVDBXRWxMTEIxcXc5SllzdndMWnJZeWfSAacBQVVfeXFMT05vU2pJOE5leW1FWlpnYjV0NzBGSzJlbUhqQ0tmcTBDWVN3M2d3cV9wZVJXV0wzbmNnaUczaV9kTVZObzRuWnNYbmdKWHpILThIcGwzdE1BWlBCR3hpRGhoMk5fWEE4RGM0LTAyVlRkRnRlWFdMakt1QnNkcnZjV3NRTnV4MUNCZy1SMVhxS0FERlVEeDJKUlVTc2RjZ2h3djJDeHJJVmM?oc=5,ABC7 New York,2026-08-12,negative
MTA,MTA unveils new plan to cool down NYC subway stations. Will it work — and how? - NBC New York,https://news.google.com/rss/articles/CBMisAFBVV95cUxOM2FxSGV2ckNYTDUwT1VSWkVoSmVSX0cxQzhkdGlzbDF0WFhOeloxc0UyRFVqeWkyS05ESkp0SXdWWEJNZzRyS2tWUDZsY1AxV3pka3FsQjM4M040eDIwWUV0TU5jZ290Tkk2ZW85VXBQdXdhS1JIVkpSUmVGWHZnZlNOUG5wOTgtZGZNZ3NXYWlod0pfNFMzTFRQUmZWTm0wbF9FOEhqN21IRXdMZjRFWNIBuAFBVV95cUxNQVdKUkFBRUNpOWYxVjFua3kzVTBOdWRxM0RqYWJzbUZDWThlZ2lVbUVNQWhZdFdtcWhHMkRWVXJyakJMTmFQNm4tdUlEWjVFbDlUdzlSUFhwem1nWXh4UHoxQ1NYeU1idDY3c2xfZHZjbVB2MGlJTWstUkJWZEhDSjQwUzB5WmE4bVhWaFFIenlDMkpLa0JvMjlweXZMRC1ZZi15VkNSdVR5MVZHRVBBOFNyRXRFcVVa?oc=5,NBC New York,2026-08-12,positive
MTA,MTA plan seeks to capture excess subway station heat to warm city buildings - trains.com,https://news.google.com/rss/articles/CBMixgFBVV95cUxOQU5FUy1uRzQ4YjhlNGtkQmNOcFJKZVhYbEdmV01pVUpSVnlUX2p2TzhzbTM4QVJLazY1NUFaZHZhcFhUak5fYTVjdWNlTEgwWlM1RjBaQ01RcTduR1pITGY2bWlSVTJfcnlUODZJSHdHaUE2V3EtOXZUR3lKVVQ5TUpsQU5JZzlId2NESHlpLXI5bF9wZVZkUWl1VDlZaEpzRXJqVFFpQUxVNVJEOTM0TjVnOXlZQXN4cllBM205ekhrRGR2MlE?oc=5,trains.com,2026-08-12,neutral
MTA,"NY MTA Eyes Plan to Combat Subway Heat, Harness it for Municipal Building Use - Railway Age",https://news.google.com/rss/articles/CBMixwFBVV95cUxOV1RUNXAxem84anpkU3h6aDFwakNPZ0Z2RGctc2dxUEY2OW9VMzkyNFg5ZUNydGZIanJ5VWUxX3NyTDNZVk5feV9GOGZCNjBwejNvY1VNb2ViZUtOYzY5bzM2RTRCMVdjQko1N25yNE8tbENLQ1BtMGliSDRvUVkzVzVnRWh6bUdxUmNvTG03blk5Q2RaR0YzTmFNQWhQSkIza1c0bWQzVkQ2WlktN1NQdl96bTNHLVYzQ3RGVERHdTc5bTNxSFRF?oc=5,Railway Age,2026-08-12,negative
MTA,MTA could be missing tens of millions in bus fares - Capital Gazette,https://news.google.com/rss/articles/CBMimAFBVV95cUxNRFdMTlJHZ3M5S21RaF8yWU02OVdRU24wcnFzUmFaWW9jTDFOWWVpVUxaWkVRbFVUYTBlYmR1STg0RjBndmpHTUkyMWQ4aGtWRmRhTGFsX1pvQ21vYkRfZ1o0ZmZtWnNURG5HcDNFTGx3SzdpaDZxcndFWEkydnB6TVYxS0NfRGdodFYwY0pkanBUNDdQLTJLdQ?oc=5,Capital Gazette,2026-08-12,negative
MTA,Degree® Deodorant Launches Partnership with New York City MTA with an Advertising Campaign Inspired by Real Summer Commuter Conversations - PR Newswire,https://news.google.com/rss/articles/CBMinAJBVV95cUxQN1hqb3FxMEp4MGxFRmlYWVBGYVNXYkg2S2I0Q2UyTGZTV0hlVWhGZWM4WHB4ZXdQS29LMWNKcDltYnhUdURDRjljWHVlWTFCWkRTMjZ2dTBkbmxsVlhDNmF1YlkxT0NaaUtjNXlYTUFXOF9EODB3QW0yelBfNXBHanJMODZ2ekQwWmN0dVlZWFktbnJlbU4wam50Z2FSYkltOEpGZXVqQUYyV2NBWFFWN3dCT2M1WVN5dlYtX3p4TGxFWHRfcmY2d21EbEd5ZnpjZy1CT2g1eHlVLWNfVkZPZ3VwQ1Y4Z2FFVzktZUg4cTF4cVZNUEFwRS1RMWNua3k2Z09JTHlhZGdIT1RWNGI4TE1GVGxpa3g4ejQ5WA?oc=5,PR Newswire,2026-08-12,positive
MTA,"For some older NYC bus riders, change comes easy. Just not OMNY - brooklyneagle.com",https://news.google.com/rss/articles/CBMia0FVX3lxTE4xRDAwSDhTUUtWa0tkLURJWHYxeEwtUjdFSW9LV3diVlBGVzZwN2VDd1lTdjgxbWx4d0NPaVZxWTRGbjV0M25jeXliZFNlYnUxWkpZSGYyZm1xOWRWWFNqdFN4WHBpaURnRjNJ?oc=5,brooklyneagle.com,2026-08-12,positive
MTA,MTA to study thermal energy network to reduce subway platform heat - Mass Transit,https://news.google.com/rss/articles/CBMixAJBVV95cUxNY3BlTlA3ekhsLUl4M29laGNWT3FJSFREcXozWUZ3Y2twVnJkeXFHalQtQVlBc09ZNTRqV3FaLWYwaklYWFBzdkt5LUdKaFRMRUlYUHNPcUFRNUtLUFZFZFU3Zlh1TXVQdUVsa1ZpWmoxZHhhdmtZc2Raa19KQ3pEc3FwdEF1RWtIYkpsSUg1VUdNQnVFTVV4RFpQd3ZpUHlRTVhkZmdqZF8yYWtoVWVYLWM0ZHFMZWxJRXd0eEt6N25tdGp5ZEdyTEZreDVXYlF0UUZrM3M1ZFh6TEtIUnYwcGFfUjR6TzlraXNib1FFVF90T3VBSzUyUTBlcXNDYk5Kd1FEaXhPWUgtaDJ1SkNzTzFQOXcwMWE2NHZQZ1JiWTVqdEdSQURFVW5MVFhSMURrbzRhOWdxOUJDVVZMaE5ERm9rdnI?oc=5,Mass Transit,2026-08-12,positive
MTA,Lawmakers Renew Push for MTA Bed Bug Notification Law - New York City News Service,https://news.google.com/rss/articles/CBMioAFBVV95cUxQYmtiWW84OUk0dnBXZllVdXRGYVpwTHVYZzN5aFNBSmRlQzBYakpYci0yY3RuSVRDd0tRaEI2VUh0dGk1c1RLajNObzk1YmlsV0JmU1Q0OTA0MHVtbFZQNnhDdXJsWU9yN3htX29JaUNRcmMtWW1zM2J4d2dMclJidGdjVGVyYnJpUEhvYnptcVhLN25WRHJ2bDhDQnVMbUtx?oc=5,New York City News Service,2026-08-12,neutral
MTA,The Subway Is Sweltering. Is There a Way to Put That Heat to Good Use? - The New York Times,https://news.google.com/rss/articles/CBMiiwFBVV95cUxOaVNTMWdCcDhwLUpOSXZRUU13V0FvdFpnb1ZVRFdqVjliSkhpbHNvaGFDLVRYbGduek1QaktjdjVhcTVfZzhEb3ZBeFo3ZDlBOVRQdnhhY0ZuTEFTOENqMXNfZGRwUzhycGlFSUJhYTFjTXhfZldOYkxrdFZvSTh2dFBFSUtIUTZlTUtr?oc=5,The New York Times,2026-08-12,positive
MTA,"MTA, Mamdani explain subway heat energy proposal - PIX11",https://news.google.com/rss/articles/CBMiigFBVV95cUxPZkxpc1VydnFpd3FJbHlxWS01WFBmRzRVakx1SmVvVno1R2plRERRbkJZb1dnTG9FcEJQWTA0Qkd5VFh5TEdwcXlBcEZZLWN4N0FNMHd4eTlwQktFS1ZoODE1Z05PNVd1MkRQN196QkwyNHdHdzFkTVJCdzZMeGpUZ0hza2RKaHFxUmfSAY8BQVVfeXFMTXN5blgyc3dPWlhZLVJPQkpLWWNvU1RmNEhsS2RSZG55TkZJQkRILVpqWUtsYmxYNzNHZVJjclVwZVdNWEl5clVhaE1HWEdaRzhNYjBJTXJ3R2xhT21lOFJtR1JFYXdtcUJ3ajdReDBfUllxbC1RU2lYU1FyX0t3N2FjRjc4ai1qYlFqWWhxVnc?oc=5,PIX11,2026-08-12,positive
MTA,"Transcript: Mayor Mamdani, Governor Hochul, and MTA Announce Plan to Lower Subway Platform Temperatures and Harness Thermal Energy in Lower Manhattan - NYC.gov",https://news.google.com/rss/articles/CBMisAFBVV95cUxQZjJGYjMzT3JKNUM5UlZaSi16TzE3Q0xueDdKaVFsbFBObTNYMGJGTXFmdEdvU3pzMDhyLWpuMWgxUW0tTWpmclQtR2ZXdzhZTDJMNW8yUWEyNm1MX3k5NElEaGVRM0R3bnlmWTgtNGU4WTl1cnVuRW52VVM2TjFfZGl0VzM2cS1TRTVzYlF5RGQ1Ym8wdUc1eGd0R3pWcVp5azk2YnN1Y2ZjN1JtY3YzUw?oc=5,NYC.gov,2026-08-12,negative
MTA,MTA weekend service changes impacting several subway lines in August - CBS News,https://news.google.com/rss/articles/CBMiiwFBVV95cUxNazkxMkpHMkYyUFY3UXRZOGhPME94d2k2ejY5a0FPMTFuNnVlcjVPeWhJcG9Vbjh3RnZabzNyQm9pZW1GN1RtMVBlUTI5Sk14TkhXNlU0MmozOVBhd3p5aVdfRWdsSlBBaGVJVVF2MWUtN2hPbW1DWE1LdVFEcktES2pRc0NmcW90LXBr?oc=5,CBS News,2026-08-12,neutral
MTA,"Subway, bus, bridge and tunnel tolls may receive 4% bump in MTA's preliminary budget plan for 2027 - ABC7 New York",https://news.google.com/rss/articles/CBMiuAFBVV95cUxOOHVMWXRtQ0R1M2VPd0ZuTXIyQmdkWHlDd3paVDhkbVNFcWpCV094dGdCcTItdWJvc2JaZ0dsR3ZPTXVDRU90TkxnM0NKYnpRLTAwYkZmUW5wbDhycVRMdkRoei0xdUE5T2JhckZoSDR2U1cyX2F0bUR2ZnRnU3RQYjltR2t1TVlwM0tTQ2M5YWFUeXc4dVNWVVlmcFNsY1NUTUtuTUw4THBxZ0dkQzhMYjRVUVFPX3lV0gG-AUFVX3lxTE9FdWEzT2dRekY3STNBakZ2N3A2ZERHQTNjWUJxVnFSeTQ0QnBLTThmNWg3RUR2QkRTQVNWYUxYWTgybWRIVHFld0JYZGlUM0xpZlFGMGpFaTU5ZWJLdVV3eVdnWEttdmYyaml3TS1mU19fVnpOcnRzaTJ0OEI2VXBaQjVrZW8tR3VHVXJGR3RJTjBYUzd2SW51MWFBbGR3cWFFajFWZG03WENiOUxraTZsZmQyYktjVmhrUkhoLWc?oc=5,ABC7 New York,2026-08-12,neutral
MTA,MTA identifies dozens of traffic chokepoints in NYC subway system as top candidates for improvements - CBS News,https://news.google.com/rss/articles/CBMiiwFBVV95cUxQenJMUnJ4RzNJNTFzcW00dmwycmxfclQxOVVUTXM3S1czTlVRM2Zod2dvSGdrNWJwN2ZRYWJoLW5Rcmw2bGN2QzFtX2RuSGlsZ1RmNFJ2dUVzWVpNUzhPbU94dTEzbUlWbkFXZ2RmUzd5bkhlNHpLMDVpUndMUDhpTTFSV0RJN0ZOVGJj?oc=5,CBS News,2026-08-12,positive
MTA,MTA announces winners of TDI Challenge 2026 - PES Media,https://news.google.com/rss/articles/CBMid0FVX3lxTFBEaVFxV2stTV9rcFhMb2VhUWZKSnp0dVc3b3d2YnJUSHRXck45V3Y3Q21jZmFHY2RrbWdjNU53MjRnNXdrcWV0VkU2ak5XXzNULXdCLWQ4M19lUWlMejRUbmtsdms2M0htNFo1MWdOMFhJaGpWdF9j?oc=5,PES Media,2026-08-12,positive
MTA,"MTA, SEPTA to make accessible improvements to historical stations - Mass Transit",https://news.google.com/rss/articles/CBMihgJBVV95cUxOVGdRUGhhWF9tUk1RWXFfRVMzWlpEbGtMNElTWk5RcjhBOWZzV2VqNDM3Sm1KX2VQUWt4ZFVOOHI3X2hDUjhoeEJscV9laDJGS1hQMmY4d3dIMkg5dG1JQjE4V2p5M1hfcEJuTk1tWE1vS0lnckJjUG1POEE0a0NNcjU3RUN6cnZwUmk0NHMwOEtlUUwtcXZBMFJ0Wi1oU0lHeU91V3hpZ3NOWDRuRDh1TWFuSXpyTVYtSXZ5QlVnUklieFR5YUI2VW00QmVEdC1GeE9wMUV3RzAzcVlpQW9fRTdFNnRfc0NPbjh0alRya2ZseElfT1pPT1hmUXJ3eG9UcWRHMkhB?oc=5,Mass Transit,2026-08-12,positive
MTA,"NYC subway fire on train at Astor Place station injures 8 MTA workers, 6 firefighters; delays commute - ABC7 New York",https://news.google.com/rss/articles/CBMisAFBVV95cUxNVUlmdTgwM1F0OEtfelRwbVc5MXRHQVR2S1AyZVJUTnM2Zk1pbG9uUHpzQzhJeGREcmVIcjRibW1oQjFPWmJPMkJJRmN1TktLdHg2Z3NlT0lxU0JlV2h4b1dmaUJoU1NJMjhzc1Q0NEdPc0laRURhbVY0RzBxVnlOcmJKejB6bmZqMlR4QTdHVWJ0WHNKeFNvZW9yNFhjT0JKRkNUdmFWYkhRQTM0N0tmaNIBtgFBVV95cUxPeVFMbG5FNWt0RWRiRktIWTVPSzJjbFpYc3M0NGlvQk1ReUh5ejVoTFpKZVNkSzl5dDlNazJrSnBlcXgwOG9yY0l0dWF4U2FUWkFFcnNYS0VhRUtZOXJwaTUxdGE4WkE3NXBQMGtWMTYzamZaa0E0bjFmVWctSlBlbjRiY3lTMGJwUVpnaERhcGlHVnhRdEF0MG5lZHd6X0NEeFRBWkpjM1JpbzdIYllFWTBoYWw5dw?oc=5,ABC7 New York,2026-08-12,negative
MTA,MTA explores plan to turn subway heat into energy: How would it work? - PIX11,https://news.google.com/rss/articles/CBMioAFBVV95cUxQenNCdWNBb2lhS1R4cVYzVFBMaUwtbGMwdTBGbXE1MkFvX29tQkxYYmtnQU13OUJmSXZibE1FaUh5S2pWTTRkS2lIMUV5YWFHN0xqUXo4M2NsRWwydXhPTjJYdDlpZGJUTkxGRjhtVElQQkZnTkV1eF9hbWpCbTYzcjRLZ29HcFVyUkVwSF9KYTQzb3VmMC15Vk5FSlRCN2c40gGmAUFVX3lxTE00N05VaUJGWG9mY0lGbTBkUnN4ZUMtMmNIakp3Wmd2SEhFVVZVeGRNQ3JnVl9ISHRXY2prVGduZzR1LXNCUmxYQlZHMHdkSFVfYW9VTFZNNFJYSzhDNFZKM3U3eTRlNVdQOFI2TlVtZGxQUG1DZjVJTmpuemJhQ2d0dG5abEphdHlEQUx4cC1vM1lRYVFTNGdmWFU4ZzhOV0ExTzNDTGc?oc=5,PIX11,2026-08-12,positive
MTA,"NYC, MTA considering project to cool down subway platforms - CBS News",https://news.google.com/rss/articles/CBMinAFBVV95cUxNMmVLWHl6WWF5ajhfakhtR1FxSzhUd3AtQkFXRDFKeVpxcTJOOWhJWVdTWUZfNmpNbDRlU2JPYm1KYjhYZGtMcEphMV9XNjNaU1M5dGFuNDhFQ2RZdEpoc0VjcFVQbWRvSGRsZHZqUUZBNnI2bTRNd2I5LXlwSnFKQzl2eS1hbFlCdnRqc1RGcVNINnRpNkkzbE14YTI?oc=5,CBS News,2026-08-12,positive
MTA,MTA unveils plan to cool down NYC subway stations. Will it work? - NBC New York,https://news.google.com/rss/articles/CBMirgFBVV95cUxOYzFuejRGTEVxNmROaTB6Z3RIN0lOME1UZVQyN3JJYVg2NHpTeF9JcTdNZ1hJelJ2cVY3Z0VkM3ZVZFptSHhpVnRRcVE5T2JlTWo1b05LbGx6SXJnS0ZMM1Fadmo3Q3JtOVQ2SG13bWI4dUF5clpXT2dKVkRmeUxHTzUxWktVYTRYa1hzSGxZZUVaS3g2OGk2OXlSb2lwVy1uRHNYMVBsTlRqaW14elHSAbYBQVVfeXFMT1k4eUw3RmFiTE9TWm5JZ0JzN1pEbkV4ZVdRWlFfU1p1ZEtPR2lTRGx4QWVKblJMcm12VEJRYmZGVThpaHdPTXZKM3dLRWlvVWdib3FwTWNvOVhnY1ZfNTFJZmJJREkyZjJDVzFyTlB1NC1lTzlMYVN1WGNsMEJudkFxYVY5Ylk1Qk1takM4ZXZzR1ZqbXFRdTdCaGdZLTNSX2Q0VktTOXNTWGlPczlCLTF4YkRhSWc?oc=5,NBC New York,2026-08-12,positive
MTA,Subway history is up for grabs! MTA auctioning off retired MetroCard vending machines - NBC New York,https://news.google.com/rss/articles/CBMijAFBVV95cUxQbDlOTW96by1qMExjaWM4cGZ3T2RyX2RGY0pJdUpBM2FsM1laWGlIcXQwWlRzaHgxLVh3RU1pYXdNX25KNHBFeVl2TV9uVG52UF9aWW1uVDcwVVV6YnRpbTgxNms3MTJlOXdySEwwLVFkbkg1UXdKWHI4aFlHdEJVeUxmaHE4Z2RsRFdjbtIBlAFBVV95cUxNUUlKUER5bTFwZ0hEQVhTTHNFelVxSTdIeDgyZThfRkZZVUU0TVRnR1lWRTltSVZfZU95THpHSnpzTWsxQlJ1bkRxTzBPRVhxSHJoMzQ4bmZoeEpON3ZyQ3g4SER3M3JfTmJkYVRQVVF5YWc0VlVUc3kxTm9GbFlZRDFCY19Rc0RwUVVYNjlpYUtFUVkx?oc=5,NBC New York,2026-08-12,neutral
MTA,MTA plans to outfit all buses with stroller storage by next year - Planetizen,https://news.google.com/rss/articles/CBMiogFBVV95cUxNQVJwaG5BU3pNX2dfc2VUdXVmYm5yaHBkTmw2LXlkUl83dEJpY2EyZ001d1NTN0Nvc0dvcG5pak1CM2RWczFTVjZ2djRQbjBDcWMyWG8zaUNZdms4U0l1SVp5NkU5T2c4Tm5WbTliMi02V296T1BVa0NwT2lWay1xYlFoLUg0LUFiWHdneUpaZ3RKQzhSVHZJX2t3NUZBRkotTVE?oc=5,Planetizen,2026-08-12,neutral
MTA,MTA expands pilot program allowing parents to bring unfolded strollers on NYC buses - ABC7 New York,https://news.google.com/rss/articles/CBMisAFBVV95cUxNZDF5RjFkeDZLS1Vva3ZoM3NVQk5jX2szSk9JajNlWS1ZdWFaTHlmcFZ3a0cwNlZNSm43Y1pTVmEyVGlBNDhzVGxHZkgwU3RTVGs5YWpxOVdMTlB6Y0poUHVIbTB5aVNPQmF6QjhocUxiSFhqc1BOcF9iT240dy0ySnRiaGVoZ2RFQVN2cFV1YW5jb3gzSjZjblNtcHZfWE1jS1FvOVBmalN0dFM5NndUM9IBtgFBVV95cUxPTzh4ZGF0bXR1dUpmcGJ3SDJMbVhrb0tpMzhhSUhyY09XSy12bThJQTJ0RExQSVU2TDJNdmd4SGltQWdLTWdyQ2k2YlJubW5aektwclNFOTZ0TW9tOWZHRWdXWXp5Z1dKQ0JILWRIemd5Y1dtWi1pZDRZa1lITG5jNnRmelg3NHFLdVRTc3NhSzFwTGxyTG1pc0Z3MmJtRFBYWU1wU1VLd1J4d2I5NmtrNWRvR0otUQ?oc=5,ABC7 New York,2026-08-12,neutral
MTA,7 years in prison for man who punched MTA station agent at NYC subway stop - New York Daily News,https://news.google.com/rss/articles/CBMixwFBVV95cUxPcmR4dFp4RHFsYldTVEJLb3ZBTXhiWC1lMTctbzJ3Rzd1UDNreWlwajNGQVFTZGJSaWVFaE1reVhDMzBwWWZjOXppVlJrcXVQdm1DVFhZRF81a2JLUVRqYUdYTjdSSklGTTgwTUtrLWhBdl9NV1plM0FsejRVNTF0bS1nQjZXT01ockVibUR4UnNlVDRJNENUT3Rhb1NDeHlUV2lfUUtpMGJMaVlSVC00a0kya1NQbTZORWVGRkVCajg5Wko4VkNz?oc=5,New York Daily News,2026-08-12,negative
MTA,Have a baby? Pets? What MTA's stroller pilot program expansion means for you - NBC New York,https://news.google.com/rss/articles/CBMimwFBVV95cUxQck03NTJMVWpVR3BDd0dMRTR2eExXRFZEUTVkaXpUdGJzbERzM25LdzZCUkpGY04xTHNwaklPQS16Z2JSZTE5NW5yQ2tlQjgzXzRpb1VqTVVVcjRJbXV5UHo5dlN1d1MtNzM3LWNxVWdobHluVURfY1AxV1VWNVBzYXh6OHc3WlFXOHM4dm1JWW1ERXRNd0EtaVdBd9IBowFBVV95cUxQZXZSOTEtRUtFSHlMQVc2QnRkcTlQSVdWTVZjM3RWMkNXemJBcDNaYURKYy1VMlM0cUYzdWlFY2hFUUVDNjZESmR6bFVGeFIwYzRHMEI1YUZfdWFLd1BoekZvZFVSSHhUbzVVZlIybTJORmRtTmRTR0g0MlMtdlRvenNZZWNNM0U2STdrTUlVTktrbDVvaTdnMFJzbjIwRThFRExv?oc=5,NBC New York,2026-08-12,neutral
MTA,"MTA to study innovative tech to remove, recycle extreme heat from sweltering subway platforms - brooklyneagle.com",https://news.google.com/rss/articles/CBMixAFBVV95cUxORzZlS1JvMWNWN1NvSmJ2VG9tNjNGeGlfWFZya3NfZjdYaTUwS2t3aksyU2JxSTBEVXl0dFFYS21FVHpNSmllb1ljUnBiMXFnR01DRk9jZjU3bks1c3pXcWpSUlBrcjRMT3NaWmNKUXVpLXVRaTByODVEdW8xdHdldTBSdmFTNGN0eVN5TzNZOHp4T1RiY0pyRlVfWS1hRkxab3ZmSFlxMGtGM04xZFRBU2hPVG10NVI2UjZSVG0xQlZPRm02?oc=5,brooklyneagle.com,2026-08-12,positive
MTA,"Governor Hochul, Mayor Mamdani and MTA Announce Plan to Lower Subway Platform Temperatures and Harness Thermal Energy in Lower Manhattan - WebWire",https://news.google.com/rss/articles/CBMiYEFVX3lxTE5mYmpuRHE5cmh3Z1pUUTYzR1NGUFVKSXoza2puTk9GX1cxUTVwTFFvQk9JZlczVm1Ud21VX1FvUkEzclgyUVMtckNmVGhrbWtvOFJkcXdTckphWDk5Z3UxZg?oc=5,WebWire,2026-08-12,negative
MTA,MTA expands 'Open Stroller' program to all city buses - Spectrum News NY1,https://news.google.com/rss/articles/CBMipgFBVV95cUxNTDJiUzV0TmJ4aEVXRnpwR3JtSXR6VG53bGJ4N1BGWDRNSkpBOG91YXRremVLS3BEcy1wTlJPUlZlYXFHU3JMS2ZncTVkVFlrMTFocjlQSUpzRkxZZFRYdTdLZGtoR3Y2cUdKZmJNaFRoczZxdW9lemtEOWtTeGRaWVRJbzJDbTJ6MVlzeTNKeEN2UTNkTFRMQk1PQjZlR3U3YjFJMFlB?oc=5,Spectrum News NY1,2026-08-12,neutral
MTA,Op-Ed | Accessibility takes priority for the MTA - amNewYork,https://news.google.com/rss/articles/CBMiekFVX3lxTFBaTk5OWHVZRkRmWktFRGFmQ2s5Z3BDaEtvYUlyT3Q2a2ZJMjdUMEVSdjJiSnJuWm1WZURBOFVmajJaSEZUS2dVc3U4QjNMVlh6ODJnaHhVd2hFeHdJUHFPQmFxX2tJb2lGRFZndG1mWFo4Tm96XzY0S2VB?oc=5,amNewYork,2026-08-12,neutral
MTA,What's Up With the MTA's New Vending Machines? - Hell Gate,https://news.google.com/rss/articles/CBMid0FVX3lxTE1ITXh5WkR3UHZaelVFeGdfc2g5S1h5T0NwS1NTdnM1ZWZwdWlnQUtZQk5UTlZHa0ZjNW12NkNLdmZNZ0NOdmlUaVpuRkp4ck45dWpmMlQ4Y1NSakNjZnlFbnVLbFlyY2hyN0FNbzZuazN2SnlwbWw0?oc=5,Hell Gate,2026-08-12,negative
MTA,Wheels on the bus: Strollers now given space on entire MTA fleet - brooklyneagle.com,https://news.google.com/rss/articles/CBMid0FVX3lxTE9IT2tTcVZEWGNyNWJBVEhtVk55NWMxSmJ2TjkzZnBLcWc0MXpBeHc0dVhQekt4ZFlLQTMtc0VXMUxXamNNdVNFblZMb1l3VDdBZ2FZUnlhdnZxMXd5aDdNVDFEd0tvQ0NiR09HZnF6d0JTbWNINUhF?oc=5,brooklyneagle.com,2026-08-12,neutral
MTA,'Shut up and drive': MTA bus driver says operators are told not to enforce fares - WBFF,https://news.google.com/rss/articles/CBMiwgFBVV95cUxQRUx0MzN2YTNnNW9qZmZVZHpDUmhBOEplOVhDc0pPai04N2UxcDZBZXdnWEJzUTVQTUZPRVFHM1V1VlZ6UXYzeWJWMlBrdlcwTlBjOXpheDRBMVlpZ2ZOYTd5ZDFzVGh6MEVDeFlaV1NpWW9JQjIwZmRJZDVTZHVacnk4Z1MxTTdqNmR0V3FVdkRDOVV2TXpmY3VhOFNobjg1dEZxVGNaX3dNVmZqenV6WE0wczE5QXpGSkwzUy1PbGprQQ?oc=5,WBFF,2026-08-12,neutral
MTA,New York City and the MTA Launch Underground Thermal Network Study - energynews.pro,https://news.google.com/rss/articles/CBMilwFBVV95cUxNNGZYRHVicW5jRDZ1eGZpUGJsT2tUMC1ISnNhZXk3OVprcVA3ekhrU2tKZi1WNzJBMFVXR2kwaEFUOHZHMTQtQXpfZHpHZ0NVZnUzU2NUR1hfWkRFZ3NLbmpKWF9PdkhjUGp2d0NDanV3VHdPWXdYQ2hLZnJfeTA1ZzJfdVlaQ3pQMF8tY1hobThLMHV4cW40?oc=5,energynews.pro,2026-08-12,neutral
MTA,Steamy NYC Chambers St. subway station targeted for high-tech cooling in MTA renovation plan - New York Daily News,https://news.google.com/rss/articles/CBMiywFBVV95cUxQU1ppVko5YVdyQTllUXRZWEpZRjV6WnVJbnhlbEdQQkVnQXAxblBXWGV3UGR2SkRVNE12TUVuN3dZSFBMTEFvMG1FdUhDd09Cb1B5REN4YUo5VVl0a3hwaGxzbW9zTVhQVzRma0hPdUFIS3JWeWloS1hqSkNwcURXSkx1alNyUUNhZFFPTktDUE9ENU5GUHBrMS1HeGlZYXFyeUZuRnY5N0lMMmZZWm9EN0d2Z3dMc1pjNXlIRS1aVkVtc1VpcWVoTWNXYw?oc=5,New York Daily News,2026-08-12,neutral
MTA,"Mamdani, MTA Look to Proptech Solutions to Cool Subways and Heat Buildings - Commercial Observer",https://news.google.com/rss/articles/CBMijwFBVV95cUxQcndtWnowbjR4RzB1WHpXaUVXd2VsMXptUl9tbGJiUlFObTRBb0ZRR3IyajBDeGN5YVFsMmRmYnZrZDE2RHVJanR2YWFacnU3WjdaOFpGWVFoRmlnVWxmcnZNTjFtX0NxTlE5M2JzZVJzYUhONEhsY1lJYmVDOXU0WHFUdHlkSVhpQlZfVDRWYw?oc=5,Commercial Observer,2026-08-12,positive
MTA,Babies on board: MTA moves to expand space for unfolded strollers on buses systemwide - amNewYork,https://news.google.com/rss/articles/CBMifEFVX3lxTFBNM2xoWVlJWHBESUV4b1lYNkJvZl9SYUJRaU94cUdteXd1ZjFUWk9BRi15cFVqT2ZUTHo3eWhmZU1WVzZaV3R5Z3dldWY1eTlySE1BVUZpZGlqTGpIbEdTNjNTZEtpbDItWnU3ZXZNYjN2S2Q2cjJHb2o2TzU?oc=5,amNewYork,2026-08-12,positive
MTA,Governor taps former Baltimore delegate to lead MTA - wbaltv.com,https://news.google.com/rss/articles/CBMinAFBVV95cUxNNEJ0dV9QVmpISjh5ZkFlTFE1SXA0N2pCb2hRdW1PbWNTYXMwcHNaTUx0dVRCNmpMZFBPRU5MSVVJWHUwcnlmTmhOVkl0NnpYZk1KUC0yM2hyTlNPSTdmLUpDVjhQMW1qTEhSRUVhY0wzTUVHMmg0WjU0NG0zXzk1RkxQVjNxTnlRXzNDMlNXN25CTTFWOTdCWVE4MlM?oc=5,wbaltv.com,2026-08-12,neutral
MTA,"Sweat equity: MTA, Mamdani admin to study heat removal technology in Lower Manhattan subway complex - PoliticsNY",https://news.google.com/rss/articles/CBMizAFBVV95cUxPOEs4a00xNmo3bnNvX0xsMmRXbF81TElKWklLaExjZGVncjFDdWM5cWxKYU5HRzJfaGdKOUhhc21YbEIxZm5aWUZNMHVZM3N5cXNxZTlIdG5YZm5SZFdHelVCTnhqb3FKOVNIcU5aaExjdmMzaTFTWDFzbmRpcFRMdDNjWFBaaUFHNDhsaXF3UXJvRHZWWHNEa1dCVXNDS2R3N2hyTDltVXNOdWMtWnJuSDNzczZQQzVFdEFPOFBZR3hXQThaaFJ3bTllaVk?oc=5,PoliticsNY,2026-08-12,negative
MTA,NYers on A.I’s threat to humanity; MTA fare & tipping bartenders | SPEAK UP NEW YORK #18 - FOX 5 New York,https://news.google.com/rss/articles/CBMiXkFVX3lxTE83NW95Zktud3Bsenc1Q3h4RDBjSmkyMEc4UXJ0Q3N5RjdVbWxaM1czeUdpRURqdDd2R1hUTWxhaHpuOGhIRWxELWQxZ1NwNlNCZGNFQWVfdG41b0hEWHfSAWNBVV95cUxOa21QN1BjSlo3dmk5X1dmSnZtMmo1ZlNLSWFrVVZmRGw1SUNrOGpJZ2pnZlpFcmRtOUx3a1U2ODZhMXBld2FCQ0JGZGNZV0dlcl95WlNRSkNTM1FJRWJTY1Fka2s?oc=5,FOX 5 New York,2026-08-12,negative
MTA,New York will test new thermal tech that cools down NYC subway platforms - 6sqft,https://news.google.com/rss/articles/CBMimwFBVV95cUxPUExzdGdEbzhRNV8wOEh4Qmt3Y1EzeWpoUUZNZGdfNmNnVHVuSUlDajBCeTgtNV9SdkpVUHFFSlJkTG5mUi0tTjg5cnhPREpydDNDLXlhQklKOXllSGhhUlpBdnJQZmtxWEE1aS1TSF9NeDJSdFdPamY4Smt0Q3hlbTVFSFc2cGpGMFhKUW5samQtTGEtU2g5VmpNQQ?oc=5,6sqft,2026-08-12,neutral
MTA,"MTA exploring innovative technology to cool NYC subway platform, heat municipal buildings - SILive.com",https://news.google.com/rss/articles/CBMitwFBVV95cUxNUVAwa2tQQk1vUENsejdMTGFXUW9PcGtDbC11dWMzRDNZenY4RE1jUlhlcHN0TmJOdndxSkpCX1k2RDBZNlJEa0RibDVJU3VZbU1XZVlTMVgxM0JzMTFlS2JFRFh2cUtPS05OMnJjZkRod20tTUhFUnlLWE12OFNWNUwwQjE1Y0l3OHJEd1VYZjZRQkttX3daTWE2TDRHWUx2Tl9aTTY2VWNKU2lWTzBmSlFjcEE3d2_SAcsBQVVfeXFMUDV2MWFCSVd3TFFGcGxDM1BvaFZJWndnSzVOcjUtbEk2LTVXX29VcnhlVXpHeXB4cTFtVVIxalFKalNfV2h2dlJtODhhZE5RVFJOSGpkbjB2b294amQ5WXpSdUJQeDlYLWowNFJQd3lvRHBOc3pJSGlhcTA3M2VGRjhZRXA4NWxDQTJBWWFlSS1aQmNNSWo3Ym0yUUFxTmhjYTlCWHotaUljWTQ5MEUyaUZJbFVTbkw4N1VwVmg5QXNJVjVqWHM2bmI2dHc?oc=5,SILive.com,2026-08-12,positive
MTA,"Advertising revenue is boon for MTA, but some subway riders lament ‘ad creep’ - Gothamist",https://news.google.com/rss/articles/CBMiowFBVV95cUxQcEkzY3IxNGpob2tPRUhodHNubW05LThjanJ1Uk5HZWhPakZkNGotSlZmRzZLN0RUMTMzTzJweXVZc0tabFRBVEZrTWFZbEtMSzVZa1dDQ3BGY3NWUzNOQWZ6S2lpWGZiT1VoenBVOGRuUmplRC1ZRkZDU2lwanVPVkRPTG9fdktLWW1FS3VpeDhMWnFIZlBxX0VNN1EwNUVVb1lR?oc=5,Gothamist,2026-08-12,negative
MTA,MTA expanding open stroller policy on buses: What parents should know - NBC New York,https://news.google.com/rss/articles/CBMixwFBVV95cUxNLTU3UVNoU2RCeUpnSzRzQ2d3TlRzcnA2Si1iVmtRZjlsYWJ5Q0lOelJQRmQ3UjdMWGsxU1Y4YnY3aWtVcGV0RWJCa0Fkd0FHTktBUlc0czBYX0VEMjlxbXZJUUpPM1pzUmZjNlItLWgwRWl3TXRMUW1CdFkyelVtbW1VbWxDdjk5N3pQT3poQWhOUHA0U2lSeWlOTkxGNlJiWS1qUjYxcjRkSFdDUHkxZmp1US1DUThwUmZvcXd6NFdoTFNrVktZ0gHPAUFVX3lxTFBDcGJfVGxuYmtBM0VLZVFuTzNqeGpYX2dvaEExYnZLcUc2X0xHRjBHUVNGWEE5VTJYdU5fNEZ6WWVQRnBXdEp5NGpzXzVfX3lzQXlTMEp2MVR2MTFnT1VDUzIwTG1uaG9ZVVdLRUhaNHQ5NHlfOUZSQXpQazB5bFY2VnNMR0RKREtLNVExOXR3WnBkOGlLTVd5MEpMc3o2TG5hMXVpVjlwNTd1UVlVb1haWDBhV3Vua0tBbHFrdGY4S3IzeFdBMURneVJNME0xdw?oc=5,NBC New York,2026-08-12,neutral
Massachusetts Bay Transportation Authority,Massachusetts Bay Transportation Authority train collides with Bristol County delivery driver - Fall River Reporter,https://news.google.com/rss/articles/CBMiwgFBVV95cUxQSHdBbWhzeFBQaVloNjRBTTJzZHd6RUMyYlMwNk1fX2hLUV9WNU9pcm5wekFabE9QMjhvYmlibmRSQm1QTVN0QnFUMWZ4WklaSWpmbGIzSkJCN0hjdWVOSTE4TllqYTlDQmhqSjBZSnVURWc5dlFtTmotVWRMQ3RydEFpOFVBOUdKZ2xuUzJnVlV6d3J2blQ0YkR2QjNMUUx0R1ZVUmpXXzVPcjA1SnlfNWxsRjFzempkUXc5eENuVjJod9IBwgFBVV95cUxQSHdBbWhzeFBQaVloNjRBTTJzZHd6RUMyYlMwNk1fX2hLUV9WNU9pcm5wekFabE9QMjhvYmlibmRSQm1QTVN0QnFUMWZ4WklaSWpmbGIzSkJCN0hjdWVOSTE4TllqYTlDQmhqSjBZSnVURWc5dlFtTmotVWRMQ3RydEFpOFVBOUdKZ2xuUzJnVlV6d3J2blQ0YkR2QjNMUUx0R1ZVUmpXXzVPcjA1SnlfNWxsRjFzempkUXc5eENuVjJodw?oc=5,Fall River Reporter,2026-08-12,negative
Massachusetts Bay Transportation Authority,$530M from state millionaire tax will go to Boston-area transit agency - Smart Cities Dive,https://news.google.com/rss/articles/CBMijwFBVV95cUxPLVU5TmpsY0RxRTRSNXJkQjN3eU9BelRlVlVsdk56cjdVMFdkYjlGNy01MGdfUmcwd0NaQXZhNDRDaC11N2lWWFduWVJMVkpqcUpCTUloN1RFMGYxekpnbVFMVmVIQ3BCbzRHYzV6b2J5bVZHZGtrNlM5bnNaQkFWeUhkMkV4Qkp4Mm5RMXFYcw?oc=5,Smart Cities Dive,2026-08-12,positive
Massachusetts Bay Transportation Authority,Full steam ahead for CRRC making T cars at sprawling Springfield plant - MassLive.com,https://news.google.com/rss/articles/CBMivAFBVV95cUxOeG8wcU82ZEQyTGpTaHRuWWh3MWMzdmJ4ZnpNM2RjVkQ2a1VqU2VRVHRZTkpxV1dCUzd0eE96Z3oyeDF1QVBkSmZYLWdUR3RQQnZLUXMyWVNoM19nR3RSRGFJRi11SnBiSWJIWHRHaW9NSHhSSTlNYTdFZTg2YWtSRGtXeFhNNEpkamZISjdfS1EwQ2w4VjhqdjlHdnI4UndqZkpDSVVfWGx5SVBYeU94ZkxMdlVEaFdtaWZLTg?oc=5,MassLive.com,2026-08-12,neutral
Massachusetts Bay Transportation Authority,Massachusetts transit authority to sell bonds backed by sales tax - Bond Buyer,https://news.google.com/rss/articles/CBMinAFBVV95cUxNT2JhZ3A1ejl3dHFQTm1uLTJaNk0tR3RxU25Ic3lydnNjd1ZRM1lEejB5Q0hsSmo5b2ZUVVlUWWVHaHNJMElMT0o1WWxKVXBlTXpqRl9LOFM3eHV5M21jcmFKREd4dXp0endfMGtGQlVhblA5VldWeEZCLU1BbUVyeU5wR2ZoLWkyQnhsQWFrZW9QeUhmYWNpM3dMQ00?oc=5,Bond Buyer,2026-08-12,neutral
Massachusetts Bay Transportation Authority,MBTA Board Approves $10.3 Billion Capital Plan Through 2031 - Metro Magazine,https://news.google.com/rss/articles/CBMimAFBVV95cUxQa3duWTMxN2NYOG5FRmxObDBxVTVoTjRIR2xVUFpzNDEzS0pEOHI1QWU2WGwtaTBwV2dHSVBTVEt6aHhxdThWVm83SnlQM2ppUG50dTZVYmg4WnpWWmtDT1MtX0hmVWFvQXNKY3ljUlRQVnhVLU5yZk82ZFJManZKTWVxdS04UHBUMkppODNuZ1NwNVpSR0xEYw?oc=5,Metro Magazine,2026-08-12,positive
Massachusetts Bay Transportation Authority,News photo: MBTA’s America 250 unit in operation - trains.com,https://news.google.com/rss/articles/CBMipAFBVV95cUxNMUxKQTBfUTAtVTcxaWxzMnNvcVNlNlBqME9KTzJfZXNqZkItRHZ6WDFJVGhDb1dZQ01DdjUwdVBqa1YxNHJkWnc0bThYSUQtZ1h3Y0JLZUJuQ3FKRkJIazhQTlFtNnNnQ1hQUDdHVkMxNkJzYkVVUWUxOC1DMzV3TDdXcjNvZmFtZlZnekMzYnFJZWVwMEZmMk5OenVGQlNIcGVXYw?oc=5,trains.com,2026-08-12,neutral
Massachusetts Bay Transportation Authority,MBTA threatens to use eminent domain to pedestrianize Boston streets during World Cup - Planetizen,https://news.google.com/rss/articles/CBMixAFBVV95cUxPRk1oWEQyWkgwOHJIVWc3YmxkbzN6bG4teEx2aHllQkNjbkQtRTA5LWphekRTRDlhUmtLS0Z1ZXI5dnJzejVCc3FUYTBLNTlfc1g1VFRXajZDODJmYnZSd281U0NkT1hJNERZcXYwMFVoYVZjN2Jhc1pCNnRVWkpfVmMzLVpXbU9VYzNMNnp6WHNQWjFFX0xaWUduQkJ4alRCelNBanFkTE5XX3Y0Vm9yRnhLTm9vV3ZXNVJFXzBxckV1TUFv?oc=5,Planetizen,2026-08-12,negative
Massachusetts Bay Transportation Authority,MBTA to close Symphony Station for nearly three years - The Huntington News,https://news.google.com/rss/articles/CBMimgFBVV95cUxOc0ZzaGdUTm5pMUxjZncwejVPRkNJSkFCNHZZYUdja0YzY3U1YmpaUko4cV9jX05LUV9XS1BKTjJmTWFTNzlLUGNZbXdYemxTdl9iZjNqaTVSMHZiZF9hNXZ4eHZSc1pWNFQ2Ymo5c21fOFRiVF9FMzBNSVZ4cWZZWmgyVG9JUFd6dEFFNjJqVFh1eGxpLVU1U0dR?oc=5,The Huntington News,2026-08-12,neutral
Massachusetts Bay Transportation Authority,"Transit Briefs: MBTA, Brightline - Railway Age",https://news.google.com/rss/articles/CBMid0FVX3lxTE8xa1JGU0tVeFRlT21DTS10WHZhOVlSd2IwQ2ZHdnM3ZVhNMk1mLXMzV2tFZ3U3UTdtN0xJQzZkNjI1bjJrYVhqY1JGMmpudlE1VnhLM2FGTWo5X2lJSjRiMUVjRXVmbHZZclJBcWFXdWplTjBYRzRR?oc=5,Railway Age,2026-08-12,neutral
Massachusetts Bay Transportation Authority,MBTA’s proposed FY 27-31 Capital Investment Plan to fund remaining cost for redesigned Arborway Bus Maintenance Facility - Mass Transit,https://news.google.com/rss/articles/CBMi1AJBVV95cUxQd2diQ2xjbS10NHQyTTF0d3RRS0dkaWNoYjlHR1ViWFg2dXhFaWxmRml2NzM4VktpYmFLQzhYR3UtdTdmUkxubGg3aGxqX0hDX3FFUHQ1QWFrLVJJTmVpUXlUTi01ZGRkc2ZOaDhXNGM0RG5wYjc2YnkwTTI2c05jMjZuX2JFOVd1NE5Bdk13aHZOUXF3X0M2aWNEb3U2Vzh0UTRtRkxOa2J2aXFQZnoybjBPOTFvWFRReWYwc0tuSTd2Q2J6ZVJhMlRFLWp3RXozQTZkdDRPTkxFS2dLUzdzN0tMcm02d0l4MHB4N3UyNkU2aVhzRlNkc3dUVUJORHhreTBsSnA0QXpzM0VBaVRYZy1aYXVFcG9GS2JIaERsTHJmdjVHb1RnZFpUQWFlemh5eW52YURKYlBmWEc2TW1ET29BTWJVMURZMkxVLTRjcmlmTERp?oc=5,Mass Transit,2026-08-12,neutral
Massachusetts Bay Transportation Authority,Ferry catches fire while underway off Boston; all on board rescued - Baird Maritime,https://news.google.com/rss/articles/CBMitAFBVV95cUxPblhzOG55eGV1WWVRQUdzR3MwTlVMN0M2d0Nqd0twRGZ5MFhqYWIwWXRhY3BfTFVOcGFPVVdtLXd6aEJjRFE4Z01uSkRnWVg1OFc5N2M3eXQwclRFcWFENnN0QU5keUZYeHdNY3RPMnB0bkQzaGhWSE53Um91cE5YTW1tQm0xUlEyVFdjeV9CaHBrTWVqdVQtTWdrS0lreFB2aTNHTm9FZC1BQXBzYUpMQlRZcU_SAcIBQVVfeXFMTWk2TnZJLTc2WV94N1NlVTlVWGN4ZzRvSFJPLXhzbTZmMXVYT3VlM2owLUJvcENvUWJURVJxZmtkNVFLa2xJZEFSeDlXZHRRWFhMOTJHNC1aVjAzX09qa1Q3ejBBVXU4bFBudUNobzg5OFQ0ZjFBbmlaQUloNnVvaHNqdWR4M0dmdkFDTjlVajhRZjFkODh3eF9rc2d0V18wOGZ0V2VYQjV6aXdxUWhhbldhZTZ5eHl2NTk1akw4LVViYUE?oc=5,Baird Maritime,2026-08-12,neutral
Massachusetts Bay Transportation Authority,MBTA train tickets for World Cup 2026 matches to go on sale - WJAR,https://news.google.com/rss/articles/CBMikAJBVV95cUxOWXNZMTJHcmJ1eWtkbC1MZUh0QWpjMWZlejc4ZElXa1d6THgzaTVoeFVLUDBNNHNWUVZHaHNEVXE4Z0tpaG9mdUc1ZV9fdHZvM2hiTmJnd01HZzV4Y09hOGRLbkxrbVJKMHNlM09MSWg3LU9YbkJqbUdYcTk3bExreDNyanRPYlJJbnpKWVhvcmZGM3dlZ05vbmxZRHViV01ObEpsV0lvVWkzUk9jUXBENC0tWnA1OWkyVWVtbWNLY3hWLWJmeDZFSllKQ2ZuQ1RONVdqcjkxLTFEQW5IQ2FqeV9GeTc0VVJ6MjZYOE1vME9FSU92NGJlaldYMXpaUEhxbGJVdm9leXdTSWswRXpDTw?oc=5,WJAR,2026-08-12,neutral
Massachusetts Bay Transportation Authority,Boston Charging $80 for World Cup Train As Free Fan Fest May Shrink - frontofficesports.com,https://news.google.com/rss/articles/CBMickFVX3lxTFBZbWFZYzNsMVkzM1hCZkpXZTliclE3cFNFYmloVmFBTTVBQzBCNVdZVHJueXljUGZMRjU4MWdFd2Uyam11V0U0NTZBeGNNVHk3YUVBLWR4bnZ1UmVJT1hTS1NJNjBqYmNCUHhFQjBBUFVFUQ?oc=5,frontofficesports.com,2026-08-12,positive
Massachusetts Bay Transportation Authority,Skanska lands $1B Massachusetts rail bridge project - Construction Dive,https://news.google.com/rss/articles/CBMikAFBVV95cUxOS3NaWVNlcl9nMndDOUlkdGdMV3lXaTFta1dVeUtVdFViYmphcmc5bi1aX1p5QjFwNkkwM2RkOC1TMk83LTRMbTkwM0RESUxHUkdQRmhvVnhtSG5LX29qMnlCN3RpNlZob05uUlZkTDlYT05BXzhQclBCU19nLTJXaG5qemE0YlpxS1dDaHhabHg?oc=5,Construction Dive,2026-08-12,neutral
Massachusetts Bay Transportation Authority,Supporters outraged as Boston hikes rail prices from $8.75 to $80 for World Cup games - The Independent,https://news.google.com/rss/articles/CBMirAFBVV95cUxQdTNYcUJfeHJyR3hSbFJnR0RoZDhHdE5SQUkxakhDZXNMeVhUMlFod0xqVl92UThSa2hWTU16a1JCWXU5OVhrVGxlU1FuS2dwN1Y4VW4tSGE0M0dPVXBGMmEzRkJTQXJzcjd1Mm1TeWRGeDUwQVdDejYxV2NPVFRxSk1ocnVmVDl3WGktZWVzY2l2Q3AwRGZLUWEycmtTbzZTNlRZN2hxNnowMmEz?oc=5,The Independent,2026-08-12,negative
Massachusetts Bay Transportation Authority,MBTA sets price for special World Cup trains at $80 - trains.com,https://news.google.com/rss/articles/CBMiqgFBVV95cUxNNGpJczdrMkIyZW9ZNVFlcFgzanB6aXZGVDg3RHJRZ3NDYnNBRDJxb0VQa3JYODZ2bU9MdFBzZi0zenRXdFdpS1NVNjAxaVBzUmxrdzgtUVhSWGZnUEdfOUZkYlJrSU5keGVpVXhnVVJUV1A1OGhnVGRkUGkzd1ItXzMxaXB2U3dPWDNFdVowazF1U1FIOFBCZl81NU9RTno0UWh4SXI0VWREUQ?oc=5,trains.com,2026-08-12,positive
Massachusetts Bay Transportation Authority,Boston extends successful fare-free bus pilot - Planetizen,https://news.google.com/rss/articles/CBMilwFBVV95cUxOYXFRREltb3M3bGhQbVpCd0NxYnRxazE3UnN2LVl2bHdxWi1Ib0hFNC12blNOQjdpaTNlRkdScWxVY0I2amZXV1RYTFVUTDhlNE5maEwtX2ttTTVCQUJteDB4UjkzZmpCTnRlSEdFdW1nLVlOel9pZnU3d25ZcVdQcDRiZHI5T0ZzS3FidEhUcFJrZ05sQW5B?oc=5,Planetizen,2026-08-12,positive
Massachusetts Bay Transportation Authority,Authorities investigating after pedestrian killed by Massachusetts Bay Transportation Authority train - Fall River Reporter,https://news.google.com/rss/articles/CBMizAFBVV95cUxNNTlKTTY5T0xocWRrYURtMXA5QkhTMmVUa3IwbVZwRTdpNF8wQVBoejdQaHlRNDBpS2MtaFprYkdyeFdCd1ZTbExKTFF5YXJEUUpTMWdRQWhVakRuLWtJLVZ0VWVQcl85NS1XeXVadnlhRGlaY0JVQUd4QlA1c0dQU1I1NzZZZUZWbTc3RERmYlRDVF84SWh0cG80dG5kU1FYVWRMTW5BaG9saGhWVUczWGNaSWVyUUhvWHdZaTZ3LWtac3VGZzJmUzBnRnrSAcwBQVVfeXFMTTU5Sk02OU9MaHFka2FEbTFwOUJIUzJlVGtyMG1WcEU3aTRfMEFQaHo3UGh5UTQwaUtjLWhaa2JHcnhXQndWU2xMSkxReWFyRFFKUzFnUUFoVWpEbi1rSS1WdFVlUHJfOTUtV3l1WnZ5YURpWmNCVUFHeEJQNXNHUFNSNTc2WWVGVm03N0REZmJUQ1RfOElodHBvNHRuZFNRWFVkTE1uQWhvbGhoVlVHM1hjWkllclFIb1h3WWk2dy1rWnN1RmcyZlMwZ0Z6?oc=5,Fall River Reporter,2026-08-12,negative
Massachusetts Bay Transportation Authority,MBTA announces summer fare savings programs for commuter rail riders - trains.com,https://news.google.com/rss/articles/CBMiwgFBVV95cUxORkd2R0tnb19MWlkzcFFGZmtROW83SUV3T3Z4UjhwSXI2dmREVXQwU2NXeU5EM2NNNFBqYW9GSmFrM2Y1TkhxcDN0R00yMFF6SWVycy1iSXM5Yk9wWDREWUM1WlBuSGJmX1JnWkxLZlJVX1ZVWlFNamhpWm9CdmpFbUNoRG9LWXJfQlpkd2h0ejkxTGRRYWZUV2w0ZlRGU0tZU0ZXWnI3R0JSMl9Zdy15MWdoT1NnaEk0ZzVrNGdfMXVydw?oc=5,trains.com,2026-08-12,neutral
Massachusetts Bay Transportation Authority,MBTA completes Green Line C branch infrastructure work - Railway Supply,https://news.google.com/rss/articles/CBMiigFBVV95cUxQZXBFRlc1RXdyR2RxX1BOdFNBZHM3LUJtUThPRGJCeVZQUklERVpJeVZySGpKRjRzR2IwM2VzOUtJZ2xQUXVhRGFKMXZ4SUxiNFA0QjllbktQNnRQZHNraG4yR194al9OT09yUDN1Zzd6NTYzUHJSNWdnbHJOVnBCT0dzTVZvQU9IUkE?oc=5,Railway Supply,2026-08-12,neutral
Massachusetts Bay Transportation Authority,Turns out that World Cup MBTA tickets are not $75. They're $80. - The Patriot Ledger,https://news.google.com/rss/articles/CBMiigJBVV95cUxQWWpodV9yS3RWTTMwNVJPSjFqR2NyYmtPQ1ZtUk5RaVdLYktpdHdFMjdFUkhVaEg4THB3RG1hVnRabTNTRmxWSmJDNzRVQ2h3R0d4X1laOW4zNndSdnh1SFRJR0NEb3R5TkNtN01TYUJRWVkzdHNHQkJJMWtQRFNxa2xNd0J6bzRPQkRzT05kYnBTSWRsX19VdVllZlk1Y0ZhQ2hlTElid2lJZEUxdGg3LWM2cldrd0V5RTZlQ1pFMDhraVA2aU12eTdzRWYtQ1NlUkstV1VSMkk0RVdFckNSTEx5anVpWThoUjBOMlRuSmczSzFTemF6Sm1QYTJqbllSVklVSlgzYm81QQ?oc=5,The Patriot Ledger,2026-08-12,neutral
Massachusetts Bay Transportation Authority,MBTA Updates Rail Modernization Plan to Expand Reliability and Accessibility - Metro Magazine,https://news.google.com/rss/articles/CBMisgFBVV95cUxPaWZNaVI5OXFHZXo2X01uSWdhVFB4YV84TVhGcEZFVTN0Vm1sa1c5UWhOZkl4Z3dUSk9zd0k0LXhJSHZBcElWTnd2ajd0WTdPMFhNN2JSa3liT3pwX0NkUkhtMHVKdmF6ZWxSMHp1T3NkNF9DcV9oOVA1Uk9ybzJqLXUtcFNqU1RfQW1feGo0aGhwengzUjN0eVA2SlhNY2V5dm1aU0ZOMU43OWNIU0I5cUR3?oc=5,Metro Magazine,2026-08-12,positive
Massachusetts Bay Transportation Authority,"MBTA seeks new battery-electric, diesel locomotives for commuter service - trains.com",https://news.google.com/rss/articles/CBMivwFBVV95cUxQa0k2Z0VOc1FyNlQ5YjhGbEM1Ylp0aS0tbHUzRWNaOGlXcXJyT3FWRFlXRFNKa1pIckY3TDc2QjVnUFRoYXQxTE15VUtFZmpSazFrWDdncExrZUJRVXZ3anVHWjhQY25iV0kzMm5VQ0ZJaVdlLWR4aTRWY2czdXU3Sl8taWEzS3hwYUV5QWF6OUhUU1lIbW5pZzU3dEhHbWxCeGo5cGpjN25GdEhSTEc2MTd3VVl1N3IzV1YtZll3QQ?oc=5,trains.com,2026-08-12,neutral
Massachusetts Bay Transportation Authority,"With double duty at MassDOT and the T, Phil Eng is living out a leadership experiment - MassLive.com",https://news.google.com/rss/articles/CBMiywFBVV95cUxOeWpnWHhJNUh0WVBCUFJRM2N1ZjVLRTNBRUJiWW5LOEt6MEpueGhHLWliQ3M2cDhsTTF5bXo1a3V1M2JUemo4dzl2Y1pwb3ZCRmVTOHgwckZDM0JhdWRNeWNzRGpsUGtVb1JBRFliVmtRcVFTS2dYcW4wMFdvT2JYSDRxVWZHNnUyZG14UEVJMWxBZ0lxYjhWWVFQdmFjbkY4aXJDSGo3SXplNjZyeW4ySmJZWlBJbi1sTkFJbW1CTUd4RVY2U2pIMzE4QQ?oc=5,MassLive.com,2026-08-12,neutral
Massachusetts Bay Transportation Authority,New F40 Lease Fleet Enters Service on MBTA - Railfan & Railroad Magazine,https://news.google.com/rss/articles/CBMicEFVX3lxTFBiTXhsQ2RocVpZYkFTdmhrMnR0Ui1GVHZpRWs0Z0FLbWNyNlZUdlJ2YXRybkpreGNHQVRCWjEwVWpwX0NmenRIOFZURnliNzlEdlhqT3plSFpmOWtqZXY5TFZOUmpjajBrVzZzZ3FhTWc?oc=5,Railfan & Railroad Magazine,2026-08-12,neutral
Massachusetts Bay Transportation Authority,US commuter operators launch battery-electric locomotive tender - International Railway Journal,https://news.google.com/rss/articles/CBMinwFBVV95cUxPb1NkbmpXYVhjWnJnVnd5bUJoMHdLX2VVQlFxYlVUMnJocHVteTQtU3RCT1BTdm12RE9SdW8weEx3dXBkVmFkV2RjV3FFa2Q2UE1waVlwYnQ0SkdKajk5dVJkbGg4YThPUjNQTWVpY29LZVhwS3NlS3lWUzM2VGtzTXhwV0d3T0ZYQjBSVG5YU3d0Q3NlYXl1NWxTYnNYa1U?oc=5,International Railway Journal,2026-08-12,neutral
Massachusetts Bay Transportation Authority,6 hospitalized following Forest Hills incident - WBUR,https://news.google.com/rss/articles/CBMiiwFBVV95cUxNcEVWZnRKQjBZcExNblBjOXFWU2M1aVprTDVRS0tvUmplbkhGdS1oUjVuX2NmcDZlajFZV0ZfZzdlWUlqeEg5b1FIS25taVF4eng4QUZrX200a0l4UU95ZjR3SldrRzZQOVltYWdXVjk5NzlEMzRUUWlkcElLQkRZangycTM0VkJrUW13?oc=5,WBUR,2026-08-12,neutral
Massachusetts Bay Transportation Authority,NRTA Parts Ways With Longtime Wave Bus Operator In Favor Of International Company - Nantucket Current,https://news.google.com/rss/articles/CBMitgFBVV95cUxPOWZ3OUFHRXNVd1FLZTRsTmhFMFRsMFQ0Z1hBMTZscF9PNFRYSUJVeVVEVXVsWHlFZWl6cEVHaWRFaVVVTTlJWWFLREwtTFJ3OXZoVGd1dDh2VkhNSmNGdzBzb1VYSV8zWTdZQlRPaDYxalh5V1U4YTRnQkQ4NURQU0lKajEzWXE2cDNYTk1oSFdYYW9qcm5SZ0g1MTdfMkIxOVpYYzc4TXBvUHpZWmJXS0ZRRVFuUQ?oc=5,Nantucket Current,2026-08-12,positive
Massachusetts Bay Transportation Authority,Three shortlisted for Boston commuter train operating contact - Railway Gazette International,https://news.google.com/rss/articles/CBMirwFBVV95cUxNNXVOcHpxY2ZaZURVSGF3dGc2NW1qbXBKOFM2M19CUWNYLVB4cGNsUnNxMWJKNUpqVjJhcU9vT3pnaHFtaWVRd1JMcHI3WEI0UGpWenhKcGRxbGtuWG9TdDRKMmlfSWZXa1E1bTdlNXRYaXp1dFM2SUlhRm9Sa0pRRmFGaE04eFJxMm5VQmpZcDROd05PbG9DaTlMcDBYSlp2aHlVZE5rOGRpbUd3cWRJ?oc=5,Railway Gazette International,2026-08-12,neutral
Massachusetts Bay Transportation Authority,AG Campbell files suit against 9 communities for noncompliance with MBTA law - WHDH,https://news.google.com/rss/articles/CBMioAFBVV95cUxOTUNhQmE1NDFDU2JCRTFpUk1YWWZKS0lxT3VWcHRKb1NQcjI1dU5Zdy1HcHctRzkwa3FuT1JkbVNxWFRGTE9hUXpIbEJBREhmYkNfUDVKcXN4ZE5XbDJsak55SEVXSHIxMm9RSjZyWmJnTjJYRUVhQTRENFY0TkFjTEd4Uy1yY2hPLWFnd1FPampKYVVNeFFBZXdpcVFkYy1I?oc=5,WHDH,2026-08-12,neutral
Massachusetts Bay Transportation Authority,MBTA Wraps Up 2025 with Strong Improvements Across the System - Metro Magazine,https://news.google.com/rss/articles/CBMingFBVV95cUxPNWM4Z282YzZSWFE4SzcyNUJFcDU2S0JPdVdkMm1CbWp4WGlRMlNkOFV5bjl2SU9tbDdMLXljR19nLUxZV1hlWUhJWE9GQ29QSlJoRndtYWZVWndKUXVvQzU5cWVqYlZrdGkzcHRacHdUTUtySHY4M3lQbXI2X3Q0QWUxVmJENEhIX21nMXpkNDRVaGplS0ZHT2plQzRKQQ?oc=5,Metro Magazine,2026-08-12,positive
Massachusetts Bay Transportation Authority,How Boston transit leaders fixed a failing transit system - Smart Cities Dive,https://news.google.com/rss/articles/CBMiigFBVV95cUxQWkNTNkd1NGE3NjZFOUE1MW12MzRXMnV5SUg1QWhjVUVLdk05amJuQjhSSTZXSER1T0szVEo1d2IyVFZSdGo3QWtnN09pQjdTdVlBUWo4VWxXb0NST29VN290dHp0TWF1S1NwNDI0VW4wQmNxcDdqLVhtcmRzYmFIY2VMdTZCM2k3c0E?oc=5,Smart Cities Dive,2026-08-12,negative
Massachusetts Bay Transportation Authority,The MBTA must crack down on fare evasion - The Tufts Daily,https://news.google.com/rss/articles/CBMiiwFBVV95cUxNSlVDXzdweEtWUTBmOHZCY0tCMi0wWHBpZjUzYzNsQ08tLURkZ3FmbWp5U1FSMzRFWU1MaWtIYTV4TU52QVpKZVg5NTM2c0lBZ253Q1NSWVJiaDB1YkcydzJ6X2wzN1U2cGQtUHpGTUY4MmIyQjFtbDZxaXVpWXQ2U1ViQkJWMjlaY2xj?oc=5,The Tufts Daily,2026-08-12,neutral
Massachusetts Bay Transportation Authority,Massachusetts dedicates $8B to transportation in FY2026 budget - Smart Cities Dive,https://news.google.com/rss/articles/CBMinAFBVV95cUxQUTNneUFHak5IVlB6RkQ0NE5weEdhemlQSWVHQ1ZBYnN1d0VOaDJZdDAwbzZGa1pkMzVHRExjT2RsM3pyRm93NGgzWFQ3U0pHeW1ROWZWaUxlZ0pzd3h2M0toMWUxZ2xWUzFiVU5JTUVpaUVsYWNRWVZicWUzZjV3MHJjckJWY0FEelRRTUxwRzBkSjJRZ3RsZjFZcjc?oc=5,Smart Cities Dive,2026-08-12,positive
Massachusetts Bay Transportation Authority,"Award of Merit, Airport/Transit: South Coast Rail - Engineering News-Record",https://news.google.com/rss/articles/CBMiigFBVV95cUxPOVh5ZDZabGpJVmU1VDN4V2NySFRzRmx4MU9FNzNlTzZ2SnBfU3FvN2hzd0lhOFBOWGppcjlDMmZZSERiZmNLSzY5aGpGX05hM1FnY1lNY09hZWw0MzdqQ1BxYlVYWXBvRW5WV0Y3VlhnSFJUcERsbmVtVEhFMFVyaWtNV3Fpc3dXVUE?oc=5,Engineering News-Record,2026-08-12,positive
Massachusetts Bay Transportation Authority,Massachusetts Gov. Proposes $8B Transportation Investment - Engineering News-Record,https://news.google.com/rss/articles/CBMilAFBVV95cUxNMUVKYzYzLVNjcWFSNGNJUkQwSmJLMER3M0s1aXNZX2h6cjdCVUhzVUltZm5JekgzQmhNWUJWLXVabDRRNDJfYVJUN3pqd2JFTUcxUDNyVWFHdWlfeFBUcDJSSUJKRmVmeTZTOFBHbDkza2pZVzh0WUVOQXNqckF1Q0xpZUFEeGpYS21MSDJPSHNhYzZY?oc=5,Engineering News-Record,2026-08-12,neutral
Massachusetts Bay Transportation Authority,Boston's MBTA Orders 80 New Flyer Electric Buses - Metro Magazine,https://news.google.com/rss/articles/CBMiiwFBVV95cUxPZXI1Z01pTmVzTlRBQ2g3SmhJcUN0bWpkVmZ2ZWFEZ0FZN0hVdlFzVTNtVnIyOFZlUU9md1JwaHZ0MEdCOXBkUVlqYXl4YUF0WEJaWWFjTktZLUc3MFozZUNTSFJkaFYxeWRPNm1Za2pJX1pDaWQ3Zk81MHRPQ0pBWGF5NktyaWkwVlZR?oc=5,Metro Magazine,2026-08-12,neutral
Massachusetts Bay Transportation Authority,MBTA backs away from major Alewife T development - Cambridge Day,https://news.google.com/rss/articles/CBMigAFBVV95cUxQU0pBbHc5cnNCbFdTOGYxdzMtdkpSaU91UmZiRWt2Y0ZYZHRyNlp6OC1ybGhBbVJONlVFQzJXUV9KLXkwWVc4OXVZUE9ETWFkXzA2QTFhdG5SOGNuaUJxYUphQWlRdG44ZUNydk5CQl9kQWZSLTV1VGhsZFZRTkRMYw?oc=5,Cambridge Day,2026-08-12,negative
Massachusetts Bay Transportation Authority,MBTA Secures Funding to Procure New Commuter Rail Locomotives - Railway-News,https://news.google.com/rss/articles/CBMikAFBVV95cUxPSHZoYmpZbEJpMUI0aEFkZVE4ZFBURDlKa0loeTNlTml2TW9MQ2NwU2FMSDYxNW9WZHRNMDh4X3oxallIOTM5d0hjUEdBX0VGTWVRTW1ESkR0RDVFZnYzd1dSRmIwb3lsSktTVXNuWUswLVJlaEpSLVkzb1JybXpfdHpOaHJOQ2N3SkhjMGItZlU?oc=5,Railway-News,2026-08-12,positive
Massachusetts Bay Transportation Authority,Rail News - MBTA enters New Haven heritage locomotive into passenger service. For Railroad Career Professionals - Progressive Railroading,https://news.google.com/rss/articles/CBMiygFBVV95cUxPcHpyUWhNb2dOM1pvTmFacFFaOENwQmMxWnRUSjcyX3JTcjV1Zk1YTm42VUVqeDIwSXBIMGVfMW90Z2RQdDB3TGlPUWxXclNCLTMwRzZHbzc5eE5yTFE0X1ZhbUh6eXZEd3FYV0JTT2t1MjRiZWZUYUR4ODdYX1VJY1dIOUpJSnJiTGhMeC1LUjhXa1lqNGZOdEIyREtpanRMSV90YWpJd3VjZVNDQTF0eUljREJXTUNUMVQ1M1prd0hmQ0NNSGFsM1hR?oc=5,Progressive Railroading,2026-08-12,neutral
Massachusetts Bay Transportation Authority,MBTA narrows field of potential commuter rail operators to three - trains.com,https://news.google.com/rss/articles/CBMivAFBVV95cUxPSFFHOUhLOXFtbGpodG8wd1lHSm93QnB0aWdPX0kyZC1SVlFEUFYySXZ1bzFVWkgtdGVQRGR3YmJrQk1UQlhLTjRIQVhrdlMwa3lxejZWOWtxZXp2NEswUHFtdTlGXzEzSEJHaWJydEI4NlNNY0hnd3loOWRTV1l1ZUpaajBLc1gtV1N1NlM2V1VHVUIwREFQaUtWbUd3TFRlTTBnRGlvekNkZWc3SURrV0FSSlJWb1I0TFBicw?oc=5,trains.com,2026-08-12,neutral
Massachusetts Bay Transportation Authority,MBTA is ‘barely treading water' - Route Fifty,https://news.google.com/rss/articles/CBMijgFBVV95cUxQNkR4VW1nSXhxY1ZSS280ZWMwWXBBbUhFazdkWmVnRGRMa2cxOEplT1d3cmZxSFRKNE1RTVc3amNlakNxNm1lMV9vZjVWcGRKV3dWVXpaY1BpUkFnLVNXMDN4VTFqakswWHVTNU5rRlFuX2xHZG5NZUVLd0pKVUw3QmVheTl0blRXUTFmVXlR?oc=5,Route Fifty,2026-08-12,neutral
Massachusetts Bay Transportation Authority,Train Service Halted After Man Parks a Corvette on the Tracks - Road & Track,https://news.google.com/rss/articles/CBMiqgFBVV95cUxQWFBwVDdLbDBhOVdjZGxLd0IxS0hiTkpHdWc0aGRHZkhiSy1YdERVMU5NV1R1X1JlOWNqN09VZEpxeWRpbnFsaGtXY19VM2ZrMXI3X1dQZ3B6eUhHbk5nYkEwcEdzbVhtWkdwdmNxTHI3TzRnM1dhUGtaTVFVUWlqcU50cE4ya05LUG5FSFB1aW90VXBpdW5KVGJhTDd1V0cxQzVKMXZyT0V6QQ?oc=5,Road & Track,2026-08-12,neutral
Massachusetts Bay Transportation Authority,European companies compete for Boston commuter rail network - Railway PRO,https://news.google.com/rss/articles/CBMilAFBVV95cUxQU3Z5VkZVa2F4bjh6dVhyUE5CWGhIcHFDR1htSWxyUXNQUDBDRmNxTE5iMWxrU0dIbWctVUx5NUhLZHNsZHVYLVVWQW42cEJwUVRFbVdncEFST21tTFZhUnJWWmJORExVbkhIVWwza3ZXRXMtdmpnU3BLT3ZITkZadXg0ZTRIUVZUa01WX0xDSllnTUVl?oc=5,Railway PRO,2026-08-12,neutral
Massachusetts Bay Transportation Authority,"Citing improvements, judge ends oversight of MBTA accessibility - WBUR",https://news.google.com/rss/articles/CBMioAFBVV95cUxQU1M4MWkyNkxMOUM4WkhHR1VrSWxtWEtSVVc1bVZDcUF4MElyRkZ4dGtTXzNUTGV3TWtsQVRyTk96dzBwN2FyUHM3VzMtQzdSbG54b0ZyY2FpYkNGMFM3UnhSQTJ1SUNnTTFPLW10Y29KendMWC1lTS15RFFsbTdmajRGT2Y0VnlSRHZDeERlMEZQRVhUeUVmajlodlFfV0Zf?oc=5,WBUR,2026-08-12,positive
Massachusetts Bay Transportation Authority,42-year-old man dies from injuries sustained after being struck by Massachusetts Bay Transportation Authority train - Fall River Reporter,https://news.google.com/rss/articles/CBMi3wFBVV95cUxNb3dOOXRJR3F6TExPdlJGNlg5XzVJeTlmOER3VW9fUVM0Y1p3M3BHVGdhQjBjZUVPYUstT1NfTEFCRDNkRklLcjBLS0FZTUJTOEJkOGRfcGQwbEZ4VkZJNWphYm5UTjkxVHJzRnQtSnpjV0d3TjEya2sxMnkxY1pZVVBFTWdJTFJFeXFzYWFWTEhScVhPcTdLeV9NX2hGSXZoQUg5SWtNdkMzVWNXSkR0Wmk3V1l5ZjFaUFh0V1Nta3VmMUc3MEpNcnhlYnZUR0QtUXVyakotOHVwRF8tSHZZ0gHfAUFVX3lxTE1vd045dElHcXpMTE92UkY2WDlfNUl5OWY4RHdVb19RUzRjWnczcEdUZ2FCMGNlRU9hSy1PU19MQUJEM2RGSUtyMEtLQVlNQlM4QmQ4ZF9wZDBsRnhWRkk1amFiblROOTFUcnNGdC1KemNXR3dOMTJrazEyeTFjWllVUEVNZ0lMUkV5cXNhYVZMSFJxWE9xN0t5X01faEZJdmhBSDlJa012QzNVY1dKRHRaaTdXWXlmMVpQWHRXU21rdWYxRzcwSk1yeGVidlRHRC1RdXJqSi04dXBEXy1Idlk?oc=5,Fall River Reporter,2026-08-12,negative
Massachusetts Bay Transportation Authority,These 8 Mass. cities and towns just received a share of $13.5M in grants - MassLive.com,https://news.google.com/rss/articles/CBMisgFBVV95cUxNNXhrTUtYS0ZyLUo0TTNGd3huT0RfWUhLbVFKbm1JcDhyRDM4WjhnaFNMQUM1Q3NWMEx6NlRLb0NkbnN3U1VxUmZZVHVGSGI1dV8zYUN4cXRZemVjOXk4d0hhUkZCdWxodXlteW9oNGtPMVNOZGRaSnh0RXBFRHkzZUo1MWczUUVHNnZLZVBiTFFZYWNtSHV3Qy1FbVIzeWNGMlAzRzZ3ZTUtREdxM3c3cER30gHGAUFVX3lxTE5hQ3RIaE15ZmY5NHh6QUNTT09ZRkZrWjJoMDVRV045NGo4c1dVTGJXczBzZ3RfcC1FOFNWbUhweFFQMkZEYWlDaTRaVy15VG9wNThPYjZtMmZTS2ZtYUh1N3JnQUc5TnBjVzFfYW9saTBvZUFOeXoxZTZxNEoxQnZIcFhHWTVLTnBkanZZUTRMOV9mWi1lellBNURXbmJ0aGFrb1Q4ZDQ0a1UxdU5MRVJzVEVIZHdVZWFrOXh4M3otMG1qcG1ndw?oc=5,MassLive.com,2026-08-12,positive
Massachusetts Bay Transportation Authority,MBTA Orange Line to Shut Down Between Back Bay and Forest Hills on December 5 and 6 - Boston's ROCK 92.9,https://news.google.com/rss/articles/CBMivAFBVV95cUxQZXYyUWxjREZfeEJtTGM1MVNkNkM0eWRsalM2aXAzMnlLVTFraW5YdlpCdGVsbUUyZkZkbkJPMjYyYkZ4amM3cFZDR0VIc3JyQUFJQ29HSUhIRmpqYkc2RjYzR2JHaTBsbjZVbnhPMHlUbXQxWFNha2RNNmNXNElYTmZDZktaY09rZTUxYjVJaFJKY1Z1Nkh0eFlJWXpYR1FiUl9EYmVBeDFwTzFkR0diWnB3b2pWU196U3lZSA?oc=5,Boston's ROCK 92.9,2026-08-12,neutral
Massachusetts Bay Transportation Authority,Explainer: Understanding the costs (and benefits) of making public transportation free - Harvard Kennedy School,https://news.google.com/rss/articles/CBMivwFBVV95cUxNa19helNVSjNZTlA3ai10eUd5YkotZ0FsWmlHVV9ONWZNcjd1NC04c3BZX0NfOG16aFVrSWVFbjJHc0lrQnI5OE42dDYwX0twNGU2MWhmUGJhNW9BWkJ6aGdUaUxMTjlxM3BpZVRTZTd0VUdLbzVHRnJlM1lQai12eVhrTzEzMlZyZTRTR09VMG9zam5kUzI5TUtDRGVxdWhQUWtoZVpzbTN5ZW1kbWVjYkgzMjdTLVRrTDRRTG8wdw?oc=5,Harvard Kennedy School,2026-08-12,positive
Massachusetts Bay Transportation Authority,"New bill would begin process to integrate fares for RIPTA, MBTA transit systems - The Brown Daily Herald",https://news.google.com/rss/articles/CBMixgFBVV95cUxOTDRJUV9UektpSUk4RDZZbnRvT3JtWmJmQ1BraGwwQUluZnhhclR0V3F0V25TNTVxQlphZmpwa0FUWUZndDA3bkVBZ1B1cVZ5c2ZWV2R5bVM4SXlXbE9SVGc3cjZuYUNtZDFPVWNCSWEwMXlXeW13ZlNMTHI1djVSUXEwN1dERjRmNGlmOEhqbGRaTndZQXFBWE5pbTRGOWFPeUhUeEROZ0pwOWF6RHpid3poNXBzMTNiMVpLcmhrcUpseUJlRVE?oc=5,The Brown Daily Herald,2026-08-12,neutral
Metrorail,"HFD at fault in both July collisions with METRORail trains, TxDOT says - ABC13 Houston",https://news.google.com/rss/articles/CBMilgFBVV95cUxNV3Fva2N3Tk1WZGo4U0VXX1dPc3NMWG53T0JHUDN5TlB6SkF2LUdMSk9GQ2FyVkMzR3N6Z0VPd3NjU2RGSzgzS2w3TjlBZ0RqZm9YQlBfM2luLWNqemxjMlNFWWVtU2tvcV95S0JKZlBWNkoyT09sUjFSQ0NMVXFtNlEyeGRFQWpMcFFqN0JFWkJ0Z2JHSkHSAZsBQVVfeXFMUDh5VnhqNTVzSWpZV0lwU1BwblI5ZkNsa2NjaHIwSnRja0l6WnY1dVhuNHIwcVdNRzFzSktWNF81X3lCbF9POWUydlJGXy1mTEZJZFhzVVV5bVRNQjd4MnVXSHlBZ1JDbmJlVzlnQmtZamM5dEJqWkgzM1gxWEpjWkxEU05GTk5Pci1raWpCdWhhXzNuZFJ4RE9EVkU?oc=5,ABC13 Houston,2026-08-12,negative
Metrorail,"Houston firefighters at fault in 2 METRORail crashes, reports state - FireRescue1",https://news.google.com/rss/articles/CBMirwFBVV95cUxPTTdRMGk4dVVQVGxzbmtvYk1Ua1lhb01CYlZsM0txWGxkamdKbXFTVjEzYlN1UFFScXp1WTBkNnprZ2laSFFpSXZTbWNzXzJEZjBoYTlIOXJhWHZXQ3ItTDRaZE83QUJPSEVxNVNyVmpYQjdmc2NIckJQSXQ2S2tKWVp4OElsaXhfVWgzdlRLZzhuX1dvd1JRTDRyNk5aX0JaRllYbXV6YVFGM1BvMUxB?oc=5,FireRescue1,2026-08-12,negative
Metrorail,Miami Metrorail: Are Officials Riding It? - communitynewspapers.com,https://news.google.com/rss/articles/CBMijgFBVV95cUxNSExoT0xsNmoxdGkyc0Nzc3V5T1AtQ0VzN1RUdjNSTkNTeDZmY2wxbktsWE9VV1dZbmZneDV3TVdpQXdLOHpnX1VNTTlaY0JPZmZjUUU3bkxyNi1QSVlYTVdVZDl5R3RJUnZycE9tejVHQkk0NXFGd3p1XzBFZTBsUTdMX0xKUzl6SXFqTmFB?oc=5,communitynewspapers.com,2026-08-12,neutral
Metrorail,METRORail train struck by Houston Fire vehicle near Museum District - FOX 26 Houston,https://news.google.com/rss/articles/CBMijgFBVV95cUxNS09RT2tGWVNTb09mZVdrelBpcU5uVHBPdG1oeml0RHZPeWFsMFdCYUd5enpiTVRmQUktWGpTdzNKRmJCcU85NVcxUVRDaFozc0hEa2dnaEtaRjhBWHBiQUNzV2R1eTZyeTY4WTlFMTV4UzhhaUhLVEZJNXJUMlZGRzEtZXB3cmFpeXA5RGxB?oc=5,FOX 26 Houston,2026-08-12,negative
Metrorail,DC Metrorail operator sentenced in health-care scheme - yahoo.com,https://news.google.com/rss/articles/CBMilwFBVV95cUxNeGVRbnFrZWpBRUdFVEItRGMxd3NwcGNqMjYzTDk1NVhMY0ljU0hRZHA0dGluY2t4dlRGZk44R096Y3pqbG5WVFVVMUZVNWQ5UEJBcVBab2xLRC1fUFlTbGtsT0hyUmh3UHFyV2pidFZNd3ZMTzRHZnNxdDFqcnpQYUl1cV9GVTRPYW1SVGVKcVV1Z0ZFMy1Z?oc=5,yahoo.com,2026-08-12,neutral
Metrorail,Metrorail safety upgrade: 10 steel brackets installed - Views Bangladesh,https://news.google.com/rss/articles/CBMiiAFBVV95cUxOYmdweEJfY0gtVXhzdWpNQ3lTb2RXbXFxbno5NGF6alQ5ekdWR1JOVnpXOFdzY0JaNkdBX0ptQk03ZmFNWDduUFNUemlVX2tmTXg3NVR4WTBhTWVKaFZLWnZzYlE2d0NnT2hka25sb3J1Z29oLXYtWi1wZjlxSEdmS2V3ZUIzRlgw?oc=5,Views Bangladesh,2026-08-12,positive
Metrorail,WMATA Metrorail Kawasaki 7000 Series On The Silver Line At Spring Hill Station Galatasaray Vs Antalyaspor (ibeZzgkWwL) - Mshale,https://news.google.com/rss/articles/CBMiW0FVX3lxTE1WRE9pZG5kNEFNTjcxRlNuanZjUDQ0TGZNSjdRRXRVMGdlcnhmbnhxWVlTTmwwakxBakVJQ1lFQzk2VEpMMVNJLXdvdmtQS0drMkFrLUVpX1RRZkE?oc=5,Mshale,2026-08-12,neutral
Metrorail,"Doors, barriers coming to Metrorail’s Red Line platforms - Washington Times",https://news.google.com/rss/articles/CBMiowFBVV95cUxQMFlaNDkyTnFzRUdpbzFYRGl5bDY5ZGd1VVkzMXF4OVlLSzBMU2syR0F6WGVadW1rejVwRW5Hb2U0NE1Sdlp2eEpnbXVyak5hQjJMbFkzQmoxWVFLSWZ5LWtlZXlXZEx6SnRBaEJSOVJOV0szM29maHpUNXNGRTcwNkhBeE9uSXNIS2VvZ05JZE1iSTRVOUtVaFd3NHctVHYtTldJ?oc=5,Washington Times,2026-08-12,neutral
Metrorail,2 passengers hurt after HFD vehicle collides with METRORail train near Museum District - KHOU,https://news.google.com/rss/articles/CBMi-wFBVV95cUxNUmdDSUlOTzl0NGVtUzh4dUpxR0o3Z2lmNFVxOERHaEVoN2VJaFo1RjJVVUdTMFlrSDRWdThodFZNRWF6c0dZc09Xb2drU0RIWnNYUlp3eHpwRkFWeXRvaFI1aW9jV25ETnJBcVJDeXFvdC1kWThmRXI1SDhJY1NWazRWMm9kdVEtYk9NWkxiNWZwSlFqN0tmU3N6TXRRLW9hYzVZTmhoN0RPLTJfSkZrNnF5Si1SZ3dLcHl3TUl2bXFZSWVpanVNa2dXZXN0QldSaU1VeVU4WFFENkxLSDhYOHZoRmtNbDZtdEpVUWZfSUFSaVY3MndVVDMwaw?oc=5,KHOU,2026-08-12,negative
Metrorail,13th Floor Investments secures financing for Link at Douglas’ final tower - South Florida Agent Magazine,https://news.google.com/rss/articles/CBMie0FVX3lxTE5qa0t3eWRuR1RONTBWeDI4cDJ5SUxTSGE1YmwxTnhIU3B1YUExR0xPTlZJTVdaa1ZuNjRVWXU0SjdaR1czWnJyWTQzZnpNZldCWHE2YWc3NWV3SURUai1INlpVSWk3N3c5NkktOS02MlE3M0g3MHoxUW1HWQ?oc=5,South Florida Agent Magazine,2026-08-12,positive
Metrorail,"Collision between METRORail and HFD vehicle near Texas Medical Center, MPD confirms; second incident this month - ABC13 Houston",https://news.google.com/rss/articles/CBMiwwFBVV95cUxNVkxfYUY5U1d5NUdXQ0J3Y3N6aVlSZDRaQXpqeFp4bjF3ZGFYNm5lX3BHd0V3WTNQSktyTFJrcVIyQmQzYXRFdzhTZ0pqRUQyMWRMYWVqT0dHUWtMeS1xbWJsOGVuak5lTThxVm1kT3JQaXpMaUpOYTAwUkJZWU1fZzJuUnpCRjJpcEI0QVJEMHY3T19ZTmlUcmR0MG0tb1B2R3N3M0N0eE5DbXczcU4tbXZCSENDT1FIQ3pfUHFldkdlWXM?oc=5,ABC13 Houston,2026-08-12,negative
Metrorail,One person injured when firetruck collides with METRORail - Click2Houston,https://news.google.com/rss/articles/CBMirwFBVV95cUxOa2xQMDhzVVlwdVdNVkNENmlvbHRYZXl0VVdONG9HMUh5Zm5JU2t2WGFaNk1wYzBrc2RoZ1JxMVdOUWl1M1VOdWFySHo0UFhzazJIWHVKVlZXV1hUS1NDTXJsaHBBdDdaNE10eE1ZVU9wV0JuT1haLVFSVy12UnUwd3I2aHlNVXpmOTFGTTV6OGxIczYzY1hCbzh3aS1iM2g2OVNFT01EVnFMclc3UkVV?oc=5,Click2Houston,2026-08-12,negative
Metrorail,DC Metrorail to move ahead with plan for full automation of Red Line - trains.com,https://news.google.com/rss/articles/CBMivAFBVV95cUxPNVRoVzJFcmxyYi1XU2pZaTJqVmFMY0Fad1ZuUzhYbUVYRFgyY0FUWmpsVkVoMHEyaTRLdXl3SHNpZ2kycnFiNHk3OU0xem1nWVBWZXBjODg0RVh0ay1rYVU4bjRiNENzXzRXWTJoVzdDai1pZzJuSHJhdklrank1eUNzeGQzZTJKLUh4b0hYTlNZLVhIaVR1NUxDOHFLOEFzczZqcFQyaFpEVDNxTGdRc0phSUNmSWhuZUUzbA?oc=5,trains.com,2026-08-12,neutral
Metrorail,"Montgomery County Department of Transportation Director Chris Conklin Elected Chair of the Washington Metrorail Safety Commission - Montgomery County, MD (.gov)",https://news.google.com/rss/articles/CBMiiAFBVV95cUxOOTFidmtWeXlpeU9pOTEwR25mN0dBSDBhMTNnZjVrMTJYTVlQRy1hM0lCLWJ5eWE4ZXpxR25nOVMxNWtvXzZsaHpZS3g3ZkFYX3hwMDloVVgzblB5Wk0wU2xUdnN6ZllLZFMxcTBNaXRIazl1UFNfbmZrRGVYZ3ZZdWg3MGItZUtv?oc=5,"Montgomery County, MD (.gov)",2026-08-12,positive
Metrorail,Houston Fire Department Fire Truck strikes METRORail train - FOX 26 Houston,https://news.google.com/rss/articles/CBMihgFBVV95cUxPMDF0djkxQ25uSFpxT2xjNzc2TmhkQTIzSUhvRzg4UFhBbnJmcEFXNFl2QnJyaXBXaHRsOXNLUDR6M19Vb3RvOHdfOW1OSUlVU1Q5STBiV3d3djZ0Y2xCdkdUMzhxcVdGYm9DcWNsLXVxRExQYVFYYUZKTzBIdWZYNjI2Y3h4QdIBiwFBVV95cUxNQW1KTVF0V3Z0WlVIR2JSS19LQjdiSzBBUlZCTHJzSGt2NlFrd2NoQ3pCRDg1MnNXcmg1aGMtYnlqajROSUQ5VEJOQVZSLVVhNHh4bHgxejRTOXNrdFI1ODAwc2NabXZrZXBQTmJ6Tks5dHdua1dqX29Nd0ZRX1RJNlUwaWJBUENjVFdn?oc=5,FOX 26 Houston,2026-08-12,negative
Metrorail,METRORail MVA with HFD Truck - KHOU,https://news.google.com/rss/articles/CBMirAFBVV95cUxOSVZlNGttb3M2OU03YWhLbVRrUG1LWC1GRnZiWEJjRC1lYTAteS1LQjZRREEwSTZmWVBPM1lxd1pCTjhIV3hMMW9fbWRkanVZQmxDMjlYQWlqUW1IdEdMUHpMcXUwRlcwWTRuRDlDQ2EydDg0NW5jWmhrT1AxdHduOTBZZWctX2pnZU12VWxaSXVjeHRIa2VZLUZPWHZSYmcza0M4SjJMbXNvSEtJ?oc=5,KHOU,2026-08-12,neutral
Metrorail,"1 hospitalized after METRORail collides with HFD engine and derails in Near Northside, officials say - ABC13 Houston",https://news.google.com/rss/articles/CBMiowFBVV95cUxPQ0VzT0N4UnNHdjVQSlpab2d3b0NFWVM0MlUzV3JjX1p3OUtmeXE1czBZWllzRThPR2cyY2J2S3FTWGhuWWVoQWI2MzJMN3B4T1BkQjhTUjUxWkpEY3VCNzd2Vm5DU2R5S3Qtb203Zm5OS005SzhPMk9tcHBUS1VDZGwxckJ6Mlh2NUlOUklRN2lieHFRM1N4YTNObUFNbUhReHdR0gGoAUFVX3lxTFBCbEhUOC11Y3lxU2JIei15R1Y0ZWhIMEdteXN5QzZRM08zMGo1S3FPWVFkZmd2aVQ5LS13VlZ1TURtX0dBS0xIYnl0TjlsQnZMLURLem45dDRWS19QR1JHU3JZRFd2UUQwUmk0SUZtbEkyRU0wT0FIZUtlWGtNVm9TbjIwaXJVTzZOcVRwT1hNS2VGSjl4MGkwQTMwcHZELW5ZR0lNLUZEaQ?oc=5,ABC13 Houston,2026-08-12,negative
Metrorail,MetroRail train crashes with Houston Fire vehicle near Midtown intersection - KHOU,https://news.google.com/rss/articles/CBMi6gFBVV95cUxOZDdXX1BoVkF2eXR1U1BycFpxaUpmbEJudUluVTgzX3h5VlBmTGQxamZpeEY0SWcyTWFfa0pCOS1jZHZqQ05IeFlZYXJ3YXlGbDdwZTB4OFR0VUo1NVRkSG5zTXZFS1psSFdOeDN0X0RocjdhVUlpME1Jb0JscjRzTjNIVkNEeENual9UQTdlUHQ0aWtLSUJyM25Wd1VUQjZyampHdTNtTk1BMmstaGRlcElLWUQwY1dpdW9ZajktbUtXU3hab3I5UzBNME9jdzdYX1Z3VDRtOTV0T0x2bS1USXlNeC05cm9RUnc?oc=5,KHOU,2026-08-12,negative
Metrorail,"Suspect taken into custody after incident involving box cutter on METRORail, METRO Police say - KHOU",https://news.google.com/rss/articles/CBMitwFBVV95cUxOa0RIbUg3WThjcF9nbTc2Z0xxaU9PMmZ5RGk2blN5elJPYWZJaXhBSzJBZEpRSTBnXzI4V2Q2bU0ybUpOd2pYc3JzRTRJal9DRHl3TmQwdHJReW5Bc2o1aVN4TFlZeU1NbFpKMmFWNVpIYjJuVEdTcFo5ME9vRlRXd2RvTU5raHl3dkZZN2p1VEY5RkJtYlNrZEVHaktpX3JiRzRlenRTbnVxN3d2bWt2dnp0WlBxcUk?oc=5,KHOU,2026-08-12,negative
Metrorail,One injured after METRORail and HFD fire truck collide near downtown Houston - KHOU,https://news.google.com/rss/articles/CBMiuAFBVV95cUxOaTdLc2JoWDFaclEySE5SNlowOWRWRmZYeFdzdjUxeXNwd2ZVME9jS1NDVXhNMFR4dHltRC1fcHJyODlPMm5mc21sbEpHNFByZTVDak9oSEFXdmFSaEF6VlAyRDhVbkc3Q0lOOFByS1ZiTDByOFNBMTVNODJjb0pwc182NGV6S1Ryckd3Y2Rna09OR3Yyb1hDRGhfcC1iUmtyLUw2UnlPWktNei1TMXBSaXNmcEJvdHhN?oc=5,KHOU,2026-08-12,negative
Metrorail,Evolution of Metrorail cars to be displayed on National Mall - NBC4 Washington,https://news.google.com/rss/articles/CBMiywFBVV95cUxOWEJ5WGVBU01sZ19KWUx0NlRqRW94bWxIRzlZbWJkd1Y1WlBkUGlscV9kWEhSdnFINlczNU1XRWQ4bDg3cTZFdWs1SHo2aEhFZDc5SVllM2R6WEg1X0dIcFdIUWNlajhSTENwTUc5ZGpzOGVOMV9nd1U5dVc1SW1kVGNUVG9URU9TWk14Y2xBU0MtU2lQcUFyclVUMndEMGVKREgwTjVrcElMZVM3VmE3QTBCVmhJR1drTzk5Y2tNS1FtdGRUTTRZeGI5VdIB0wFBVV95cUxPNDFKX3N1MmwwMFlQR3pBcTR0RHhWZm1xeURpQU05S3NqTC10Vzk3NGxLWm94dEVhcU5ma2Vxc1B2OWs2NjZWSkpRNlN4UHlValFfVk4zeDdLNkpjcjk4MG13cl9uMmxQX2JNZVFVX1cxTXF6cU45cUdBaGVmSjA5VEdxS1NnS1R5M3p3d2J3LUdxX2NVNXZmTWxmdXZkY05FVVlsUUMyS1d5VE1UcmtUX1k1XzQ0UFI2WjVjSDRWekNBV1lvaExZeU1ORmVpSjZObGFR?oc=5,NBC4 Washington,2026-08-12,neutral
Metrorail,Cost spike sparks rethink of Miami-Dade’s North Corridor rail plan - Florida Politics,https://news.google.com/rss/articles/CBMirwFBVV95cUxQeUI0ZS1CWE9VYWU3U3RZMTI3eXAzSjNlWUZiUGR5SlIwTUpYRW5Ca2FGUmtuTDlqT2k4b3JJZGI4MlFCQkxGNXMwelg0VmpqcTdtRWFBUGZXZWo5TUZrbUkxanhFaVRMQlVscW1mTU92T2E5ekZ3N0Y1ZF9iX0JvMGpwMzVVWmpxSnczSTFfcnlrRWFFb2Z3VVdSNk1uZHZ1eGpSaTNiMWZNMHdsb1V3?oc=5,Florida Politics,2026-08-12,neutral
Metrorail,Inter Miami CF - Inter Miami CF,https://news.google.com/rss/articles/CBMibkFVX3lxTE16UkZSa2s3OVJVcEJrUEJmMWZrLW5wNTE5SGhIXzJSaXNKQ01pUXBOZmZMS3lSM3BycEtUZWw0Q21xOWdHVkdCczZjelI4a08zUkt0Q2dzbTlFNFpON29HdENublNhVGw0U3Z6UGRn?oc=5,Inter Miami CF,2026-08-12,neutral
Metrorail,"Metrorail car derails near College Park, Md. with 11 on board - WTOP",https://news.google.com/rss/articles/CBMiqwFBVV95cUxOZ25jdEk1alRVc0ZuUWduQW1FN3BtbW1jZ3NvM290aEExMEQwdXZsVzV3RG5JVXFKRzgtMjh2U1V2U1gtQXJ2MWtGTEtxTTR0d3Z2cHRqbEVGRUh2TTJQN3o0UWxtZGk1aGpPQXo3X1dJMUpzMk50Zmt5UzM4MEwtU0Y0ZUcyOEdIS2JBcXI3X2h1dmJ6eFhycWlSYUc5eWdqaVgtbERSWVcwSFU?oc=5,WTOP,2026-08-12,negative
Metrorail,1 injured in incident reportedly involving box cutter on Houston METRORail system; suspect in custody - FOX 26 Houston,https://news.google.com/rss/articles/CBMitAFBVV95cUxQRi13cXV1TmJkYU9iU1dRUmVyUndMOW91WkNjRzZaRHdQSmszU09sM2E5X1hLX2lvZjRwQmNVaVBpUnA3WVhOMnJvWlNzb25NSlozM0kza2FMUzM4cEwwajQtaGJSUGlwdUlFblU4d25fY3praTRfTEhWRC01Z3hQUkp2V182S014VlNONlBxc3N6d1lQcEJKME5FZXhyS0hSTnNGZ1Q1eTd6WmJzbjNNX0V0NDg?oc=5,FOX 26 Houston,2026-08-12,negative
Metrorail,Miami-Dade could lease site along Metrorail tracks to developer - The Business Journals,https://news.google.com/rss/articles/CBMisgFBVV95cUxNdVpxdHBOZ3pZanVqX3dUbzYwUDJITzZETXNvUGZnZkM1MXowRzY4TWtwemRKNHVoeThQX2s5ZFV2WHJiQ1Q5Z1ZSMXRhSWtJOU5wVzU2SkZVbjJnT01Gc0JBMG82QnVMaGRTX1JrZ1IwNm5xUTVBSkxWc3lHdUNKMndNVXBKcTdxTktMNmdBd2FrSkRXMURqd2xucVdVcHZJWTFyRFhOYU9Ma01GVDUxeVZn?oc=5,The Business Journals,2026-08-12,neutral
Metrorail,Heat kink causes derailment of DC Metrorail train - trains.com,https://news.google.com/rss/articles/CBMiowFBVV95cUxPSnlRSHQxNTdvVGs2dnRzeUlGaEo4VHdLSzN4ckVUZHhRR0hYejFEUXFvekFfRURKTkcxZ1NoVDdXNUNRTXhMV2x6Zk9DNGQ4ZGZSUW5BZ0RIa1E5cVdONzc2cWQ3ZGJMbUdqUy0wcFlTejNBOFU4emhjZXk3b09SY3FCWGpXSGVST010UUxiTDdiaHRORVhrbTZYUmFLeTlVejE0?oc=5,trains.com,2026-08-12,neutral
Metrorail,Mobility: Caught between Deutsche Bahn and Metrorail - Friedrich-Naumann-Stiftung für die Freiheit,https://news.google.com/rss/articles/CBMingFBVV95cUxQbnlHWmhVOG5YOExTM3BqRHUtZTB4RUI4dmtMNEtydGRJSklSb3RCVjdOLXNWc0NpRFdxZW9scDZFbmdweDZRWDkwX0xBSnRVb3hJa2VraDB6SXE1VU8zdC1JRDNHTDA0RGgxUmZXRVB4UVJfM0pubG85T3J1aGlMZmRIeERMOTdkRTlaZGRvYnZXck15cXQ0YUVQc3c1dw?oc=5,Friedrich-Naumann-Stiftung für die Freiheit,2026-08-12,negative
Metrorail,METRORail Red Line service paused this weekend for maintenance in Houston - CW39 Houston,https://news.google.com/rss/articles/CBMidkFVX3lxTE1CeThyZTEzNU1qRjRUTkdhUGp6QXBxZ3Y3SzJRNDJMWV9VZEZMS1BUZlZzbVBwTTdaemhSVkgzV3U3UEhrWVhXdFhmazNCV09ycWhHQWtWV0tQVDd2d3pPbUJ4OFU1QVJCUzcwc0FVWGdQRmdoUHfSAXtBVV95cUxQNzhMeUVCNW9oNFdpeEtvTFpEMkNnR05YUVJhbFFabVJjQ3VhSm9xV0trVlo1dTdadTYzQXAyZDYwd2l3dVlSNk5iaktfemczZFNjTUFTVGZ2ejRYUk82bDJXTGxyb1RLRGd3bDN5eVF3YktZenc3MDNURTQ?oc=5,CW39 Houston,2026-08-12,neutral
Metrorail,"13th Floor, Barings nab $134M construction loan for last tower in Miami Metrorail stop project - The Real Deal",https://news.google.com/rss/articles/CBMinwFBVV95cUxPY3UyajZZN2hTU05WSEZaVGtiWHAtR0F3V1VQZFdYWUN2UGJ6VU9IOTIzTC1obnk0clJ0ZDJwQnlyd1h2dWhUcmVmU2IyVk45bkNCT0hhZ0V2c0Y0Rzh3REhJN01LU2tyQTlRQlZkRVh1VWVHTGZaVXNMYkJYTC1fck5xWURTZFh0cmM0NXFTN0IyZ2VXNTR0U0gtaUk0czQ?oc=5,The Real Deal,2026-08-12,negative
Metrorail,Houston Fire Department Fire Truck strikes METRORail train - FOX 26 Houston,https://news.google.com/rss/articles/CBMiZkFVX3lxTE9aMDdpUjU0azFjckcyWi1YRVN3VTVyUmJMUkdkUmliZUNCeHZONzJXSHFtVjFiMjBkbGhFQ0Q5S0ltZmVXUGJsN2ZqYnYxdmE1Nk4tejFGa1ZZX1I2TVZ6a2h5cTloQdIBa0FVX3lxTE9GWmhIbFpWTkJjNkxLOW9oVEJpVlhUSlc0UVpnbElFT2w3bU5KTFpBSmQ4QkhHMlA5bEpWaGpzOERwY2U0UEVGampfOHZxQUpaWVFiZ1NIdFFUM3R0WWx2ZWhZRWljdHRNVGtn?oc=5,FOX 26 Houston,2026-08-12,negative
Metrorail,"Work train in Metrorail collision exceeded its movement authority, NTSB says - trains.com",https://news.google.com/rss/articles/CBMixgFBVV95cUxNT3I2SEg5cWtPSWlteFVBM1FxM2ZYMkVvVEdGdnl0Y084NFhGZzN1dkVIaDhpMEhkRWlqYTNrTGtOdDVlRVRiRFVtRnhNbHJZVjR4VGtDUFp5OXl0T2xfN3NFQTdZTkJkd1J2QjhmSVpWc3dNbV9mUFl6a3VGMTZaZHJoc3d4eVRFeDNXVkhzcUR4UzBHbk1TOUNsZ25maEhKZ3J5QVhsWlVPZjFQTE96aVU4aVRObmduOF9CUlhkR0dPTWpvanc?oc=5,trains.com,2026-08-12,negative
Metrorail,GALLERY | Metrorail celebrates its 50th anniversary - WJLA,https://news.google.com/rss/articles/CBMi1AJBVV95cUxQOFljZWxCcGRVWm5FOFI4X1piZUhsMUU0Z3FvYUdxNlprVGc3dTlYNnZybFJKZEpqa0NYa1U3d19rTEFzeWhoTWpaMUhxbVI5TGI5dTlBU0JPQlRERHljNjkyTGZueE4xTlBsZmFsbElZRUZ1dG9KY3lBMVJuVGlUUldzbHVjQTRrb2lkY2JXdG45aGRIOThhZG13d0pESGtWVlZSTm1UZ0V6RlRHZHNJdF9JdWtwUzk2UkdyOWVIS1huaV81VVBZN1ZnclZIVWJQN2pvWU1KWWQtNmM3dC05SjFsRHdkbmdVcFpTRGN3anp2VlE3RWI5VzhiT0JFeFVqaW1NT0d6OGR2c1k2S3JCMG82OS0zTjVxS0MyUThrcjRhcFJpY1ZEc3FQVENGb0VjR1ZLYk1TemVXQTRhdGZpU0RaYThNVEliSXRhcW9mNXlCZ01n?oc=5,WJLA,2026-08-12,positive
Metrorail,Fire truck collision derails Metrorail train near downtown Houston - KHOU,https://news.google.com/rss/articles/CBMi3gFBVV95cUxQWW1vTHIxb1lTRldfWlUydlY0NlhzcW9WZDJIWVVUdXp5bG1qUFlLbDBkbGFzQ3VjaHF5dldoSHRUQi1OaXRTczQ3bW1LQS1FNnNobFo1cWNOdWpjRjVsT0ZuQ0lQWTVQZXFvaDkyajBhNFREVnQ5N3JhMXlTVFY1VUlBaEktdFBReUsweTNrMG5tMjFSUGlPRDJVelNZb0dTQ1VaRi1QV250Rk9HeXdYakZSazJQTXdXRnhCWnloenVnVVRUUGxCUjEybFJDUnJtRDhFYmo4bE1TV0VLN2c?oc=5,KHOU,2026-08-12,negative
Metrorail,Developer Lands $134M to Build Fourth Apartment Tower Near Miami Metrorail - Commercial Observer,https://news.google.com/rss/articles/CBMiwwFBVV95cUxOLUNEU2xwQkFONXFnOGpubFlYQWRvRkU3anhKSzVsYjM4RFphM3BINEJKUDIycUZITkhmWUFXNWtId1dnRTU1VzhzZXV3bDlySlcyY2NNMUloZUJRcWYyTEZiMGQ3M2R3UkVFX1d4Uko4TUJMUUlfa2Y5R09RVWctdmk0MFEwVW5ZNVJRaktfWGx5aDNOa2VVOVRXeDV2VkdOQ1o1QU15N1ZBYzNRdjJfaVlCYk9oSFk0MnJndlR5d2pIQkU?oc=5,Commercial Observer,2026-08-12,neutral
Metrorail,"Tons of Inter Miami fans ditch cars for Metrorail, Tri-Rail in rare transit win - Axios",https://news.google.com/rss/articles/CBMimwFBVV95cUxOT284emhPb1lnZ2FlLXg3a1RlZ3pXU3dSZ2JwUGtHaFJoZ3g5VVBjREJuZkhxRUZLWE42S0xRT09BZkE1bG9ieHNPY1JkbzcxWkdibW1RUjRaSHNsbnRyeGxUanFvLWdOV0NHMHIwbE81QW9VcGdrUmVHMmFjZG9jQXRKc09xd0xLMktIXzM0MXZKSDVGQzMyRFgyVQ?oc=5,Axios,2026-08-12,positive
Metrorail,"HOUSTON FIRE ENGINE COLLIDES WITH METRORAIL TRAIN, ONE INJURED - Firefighter Close Calls",https://news.google.com/rss/articles/CBMiogFBVV95cUxOdXB6NVpWekZHdko1SjgySXpmQlZVdWQwbXlydzR4RG1LZ0M2VVlESnVZcnM2SFRNWkZrNzdzaGstYkhDc1NnRXNKOTFRWEU4RVJ1VkdPSjBhSjcyV2czTDNpQU5HZkRCUlBMbXBUeGFqTXFqV19sWEUzMGU4bEplbTZOTFA5cGtabE5qUzNGZXNibVQ1X2tYM1VxZFdhRXdSSFE?oc=5,Firefighter Close Calls,2026-08-12,negative
Metrorail,NTSB investigating after DC Metrorail collision injuries 11 - trains.com,https://news.google.com/rss/articles/CBMisAFBVV95cUxOSHFuNU93YnlyRjNNNmxHZUZsY3JqUC04RFVnSjFEQkdsZjFmbGNpQWVjdXNsQ1gySjBSSlJYbk5ZUWlJZWFwSENieVRZb1RLd2RybE5YTXU4WTYtOWFrWVFoMkRWWmR2Wm12ZHNZRVhSd3dDMVA4Q3dzY0JGTjhHbmwwZjFkUjQ3a1I3M001U0VTWWJfUGVVZ3lVTFZEUzh2RjlraWk1d3FKZ29nMlc4Ug?oc=5,trains.com,2026-08-12,negative
Metrorail,"Loudoun Commuter Bus Service Adjustments Begin April 1, 2026 - Loudoun County Website (.gov)",https://news.google.com/rss/articles/CBMiXkFVX3lxTFBHN1lnOW1LX3c1X3FERV8tR20zbmhneWhsMDlpLVJIS2RpaDU1YkNZUXJqa19Kb3pCLTR0WUYtb3U5dldpaTl6ZzVWenBvUXVFNXR5Nno4RVlkMl8tWnc?oc=5,Loudoun County Website (.gov),2026-08-12,neutral
Metrorail,Fourth and Final Tower at Link at Douglas Secures $134 Million in Construction Financing and Breaks Ground - Florida YIMBY,https://news.google.com/rss/articles/CBMiwwFBVV95cUxQQUNEQV9WaWc3MEFJSkNiRXl2dlI1dG5ybl9FbURmMGtwLVFtLUdaNVd3ZUp2a2IyRGo5Vk1oSGdLdl91dWxuNjFnVUhxdW4zUHlVTXpPckNHc3MyRVUtbEIxcHo0VUlZaFVDem9zNGFQY1JiOGJCWWZkYUlHM2wwUEZuMlpFekhzZ0c4bm9jblpFd1huLWoyZFFiSFhqNGFCdEdQUGtiRHVGMVk4WC1LdnhmaWctM2xsVW5leFRSc29Pb1k?oc=5,Florida YIMBY,2026-08-12,positive
Metrorail,METRO to expand rail and bus service for FIFA World Cup 2026 in Houston - Click2Houston,https://news.google.com/rss/articles/CBMiwgFBVV95cUxPaU5rSHF6TUJWWUxCcFJPbUwwOXRTZXBqcVYzd2Fpby1wRFFOdGxTSVFNbUt1UE1TeTN1QlVkTURMZnk4eHg2OW9zMGhjMkZlNks5YWRESjg3S0JNanBQOWlrNjZfQ1k4Rk9EVDVOUlpYdzlDOWZ0VVhldF91WU50aEJISDhUaTVUSXZZN2ZuTF9XQkxXZjhjcjd1eVItVDktdVlUWmI5REs1M0NvU3JqNzB3bnhTdnRRTzI0ZlJtQ2dmZw?oc=5,Click2Houston,2026-08-12,positive
Metrorail,"Many say METRORail is the best way to get to World Cup matches, despite crowds and hot weather while waiting to board - KHOU",https://news.google.com/rss/articles/CBMitgFBVV95cUxPcHVxNWxhZUl1T3d1SlFwRWt5RzhvZ052eHhpWWxQWVZoaXVtbm5FbWkxSTNzazdMQXNpY0hxVTk0VU51aXRhblVGaVpGUzU2VHhfaGpJaW16aC1ka1JNQ2VxR3FjcGhTc1E4Ujl4elNPcVZOZXhCck15OXNvamF1elFmNXpnbnNvd0VvUThtNk9aa3pubHBxeEdyeVV3Z1ZhWG1JQWpxekhxT0JaRnM1RzNNQTk3Zw?oc=5,KHOU,2026-08-12,positive
Metrorail,One shot during altercation at Downtown METRORail platform - FOX 26 Houston,https://news.google.com/rss/articles/CBMijwFBVV95cUxOR3VnaG1oX0NUeWJyeU5Ib3hYR080OE9fMG1mUnBhODY3RE51ODhzd2NBSHVTNHJRQXo1SHVWaERQZUZDOTB3NTVMMkh5MVN4NHJJUlgyZnBhQlhCSTZ3MmxDd2NRWGtib1RlRFRuWUNMelZwQjJTVVRabDc2VEcydDlNVGZOTl9DQlRUMlhOdw?oc=5,FOX 26 Houston,2026-08-12,neutral
Metrorail,"No new Metro station for RFK Stadium, WMATA says - WUSA9",https://news.google.com/rss/articles/CBMizgFBVV95cUxNNW41ZWxmQ1JrODNOODZXdmhsMDMyQ0QycnBBYklmR1dMd212MzV0aUhGWXJ5Wk9NV3dVenRZaTdnUnZoeHFYT2lqYWRvRzJIdHd3UVppZng5WXNGVUpUVWh4X2ZQNGhBd0QtSVA2OFhQREt6eFZfRUQ5ajg5QjdGR2FSWkZBTENaRFNqeW9SaW1FZTJJZHZJNzZnXzJ0MlJ3LTRfaWprNi01d2VEV0lMU1R5cTNIaHBBU1gtRkVlLXA1OHlHeURicTFCZ043dw?oc=5,WUSA9,2026-08-12,negative
Metrorail,Sismo frente a Cuba provoca evacuación del edificio del condado y retrasos en el Metrorail - WPLG Local 10,https://news.google.com/rss/articles/CBMizwFBVV95cUxOTXNRcDZSWGcwbk11VnUxR3JVR1Ytb3RLTnU0TVZkclZrMkFPWFpSRFBvSHFfU05nQTZZU2QwWU91ZEpFS1pCdUFxb0M3QlV0Z3Ewd3c2M2VMaUR2WmRxQ0Z3MlV6SDNad01sWlFudmdUbU12T3Y0ek1XNGtqdkEybDRYR01QSUFRYmJhOUZ0Sm9SZXAyQlBpTW52WU93enFWVFhHYmpiMlAtLVdmUDVBaENjR3Z1ZXpYSE9nUzBQVWRTN2tDUlRxcGdPZlE5aHc?oc=5,WPLG Local 10,2026-08-12,neutral
Metrorail,Health risks escalate as rats invade pathway near Lentegeur Metrorail Station - Cape Times,https://news.google.com/rss/articles/CBMizwFBVV95cUxOV2xiMU9VTkF2bUZNbXBRWFcwSmxaLTBoZEo4LVNMN2k0T3Z3TloxdmhhcG5qclVTTU52VkJyZy1OVkRPbkpDYy1IQlJCOGtyOXpZLVkxN24yZHlwQVRfSkR5Q3VLWHZXdEFxZ0lVWTNmQ3dEMGRIRW9ZS3FaS1A5akQwVTZtNjdoX3hJVnEwclgwaWJKbUFiQ2s2UENKZWRBc1BIVHNJeTAyQ1RRUUtwTjBfUWhaUWZ2aDJURlk0T09OM2M1NXAxMEhiN2dzT2s?oc=5,Cape Times,2026-08-12,negative
Metrorail,Miami-Dade sets 4 FIFA World Cup 2026 Transportation Hubs: how to get to the games - IslanderNews.com,https://news.google.com/rss/articles/CBMi-AFBVV95cUxOd2pydkMtcUhpVEhLY2N0ZWszMmJmOFVyWXJKR3plVVNtNjRua1BOdElBalA2RUZZY2FwbTRXOTNpdnlnbC1WN3gydEZ0REFmTHRWRHVkRTdNakVFa3A5MWZjZmlZeDFKY1ZnWU4wU216Q2ZoYmhLVHhrR0dDckczMERDdmF2SmxDYXNKanI3RXRWTHhPdlBNQkRibTBQeHpkTTF3bXdEY2dzQmNTWWJqdklGR3htQ0ZuLW83X1dfSXh1aTRpNHJMc0EtUkttM1hEMUtCLTEwSURoY29OU240V3MzZlJUYks2TXF5TEJZczV6TFRCNG90cA?oc=5,IslanderNews.com,2026-08-12,neutral
Metrorail,Midtown Houston shooting under investigation - FOX 26 Houston,https://news.google.com/rss/articles/CBMihAFBVV95cUxNUjU3aWtTVzJwWHFDX2VkcVJjMlFYenh1RlJLc3lfLWlGcUVVSl9Na3FuM0FTb1VYWjBERG9rTUJMM29aSTNTdE5xWEFKZ2lHZ19VUVNEdGtwR0ZGbWJLeFdHcFhHSjlYQmtqcDVQNmNBcHk2N2E3WTRUZkQwaXpnaFZNM1rSAYoBQVVfeXFMTTU1blJnRE1aVDliSEhwRkZoY3lMSml2TjVJSWhiME5Eam1kZmNiN2pLTUFXWVpYTy1ndDVqaFlsVXY3NUExTjdjbUVMQ3FVM3NQYm5KWnJyUllxeWN3MFFPTW5PSkFlWjJxbklHMnpfR1pTZDJJWU9XZ3VvRWQzQWMyNTY3QjM1T1Jn?oc=5,FOX 26 Houston,2026-08-12,neutral
Metrorail,"Best Houston restaurants, bars on the rail line to NRG Stadium for the World Cup - Houston Chronicle",https://news.google.com/rss/articles/CBMingFBVV95cUxPOWVyanV3eHYzeE9XT3I1M29GamZ2V0dhN2o5R1lKYmpfSF9rYUE0X0pJY0NKOXVfQTlNY2cwVDM5RnVlWDRsUVFYUTduaXZ4cFBvYV9aaGZyQUdOVzhqRlV1dTYwUzd4V2o2cVppeGlzU1kybXVhUlNDQ01ZaHgzUGFRZU5OUjRyUUszeXBoRGlIMy16eTNmTFU5eUpmQQ?oc=5,Houston Chronicle,2026-08-12,positive
Metrorail,Metro to rename Cesar Chavez/67th Street station after abuse report - Houston Chronicle,https://news.google.com/rss/articles/CBMitgFBVV95cUxNLWNHT05kNjlSMUpGQVp4N1hucTVnN0VwQlhQWHpZazdnOURYUEhYTWtPeTZfelpGZk5ZNW0tVFcwSnBsSXVPendyclYxU0pmNVJwRlhXemVsV1ZUSHhNcVlVTC0zNVRCSUJFMFhXRVEwTmgwY0w1cDlNb01WRFRYRzF0WjlSX1QyQVlYNUJJSUJ5UHhuZWpDWTJzZlpYdDFPOGpacXA3MU1lczE1VngzcnlwV1RVQQ?oc=5,Houston Chronicle,2026-08-12,negative
NYC Subway,The Subway Is Sweltering. Is There a Way to Put That Heat to Good Use? - The New York Times,https://news.google.com/rss/articles/CBMiiwFBVV95cUxOaVNTMWdCcDhwLUpOSXZRUU13V0FvdFpnb1ZVRFdqVjliSkhpbHNvaGFDLVRYbGduek1QaktjdjVhcTVfZzhEb3ZBeFo3ZDlBOVRQdnhhY0ZuTEFTOENqMXNfZGRwUzhycGlFSUJhYTFjTXhfZldOYkxrdFZvSTh2dFBFSUtIUTZlTUtr?oc=5,The New York Times,2026-08-12,positive
NYC Subway,Unlocking the full potential of NYC's Interborough Express - Planetizen,https://news.google.com/rss/articles/CBMimAFBVV95cUxPZEVqSS1PZ011S216THR6QjZWOXE5UzZraC11X3h0OHlQdWk5aU9tSDRaNHl3c2lJVVlaZ1JHaTkzX2NfS2pzc3paZEpFR1dDMk9aWkJnM2F5YmZUVHkzdXBSLTBweU5sbW5MT3F5NEFSOVZ3anJfX29MNmFhOFZYNWpETHJiLVNtVzZNdjRCSUhsSkhUamFJQw?oc=5,Planetizen,2026-08-12,neutral
NYC Subway,"Mayor Mamdani, Governor Hochul and MTA Announce Plan to Lower Subway Platform Temperatures and Harness Thermal Energy in Lower Manhattan - NYC.gov",https://news.google.com/rss/articles/CBMisAFBVV95cUxOMWJITXZGU1pQQXdQOHhQTm9KalloVWVUNXN6NWI5NFRxS0lhdEIwQUpDbURQZ0IxS1ZGQWk4WURCWENZeWdYSkFfZDZKa1ViZUQ5UzJ2R0dkdnA0NEhUZkZLaHRpSWNLbEFyeU5vYi1PaGFlWE5wOUxIajY4YVZZOHZ3Z3hPTnZOcDZTa1JkYkNTeWdVVnJ3RW50QlZ3ZXI2bUNhemhJdTNvaXBrSTJjSg?oc=5,NYC.gov,2026-08-12,negative
NYC Subway,NYC eyes first U.S. transit thermal energy network to fight subway heat - ABC7 New York,https://news.google.com/rss/articles/CBMiogFBVV95cUxQTGYyX19vRnYtejJla2s0Z1RPbTY2Z19EQ1Bkak9fb1AyOXBPc0p1WHExSEVvM0hyNWp0Y1dvV2tSWnVZQ3FCMk4yLVRTc3h1eU5KVVBDNzZPMEhEU01HTzdwalZ2SzUtZVY2U1ZGTFFlLVNNaTI4ZEFEZy11Q2dFMFh2Q0sxWlZ6Q1prVDBXRWxMTEIxcXc5SllzdndMWnJZeWfSAacBQVVfeXFMT05vU2pJOE5leW1FWlpnYjV0NzBGSzJlbUhqQ0tmcTBDWVN3M2d3cV9wZVJXV0wzbmNnaUczaV9kTVZObzRuWnNYbmdKWHpILThIcGwzdE1BWlBCR3hpRGhoMk5fWEE4RGM0LTAyVlRkRnRlWFdMakt1QnNkcnZjV3NRTnV4MUNCZy1SMVhxS0FERlVEeDJKUlVTc2RjZ2h3djJDeHJJVmM?oc=5,ABC7 New York,2026-08-12,negative
NYC Subway,NYC's most heinous subway station is getting a long-overdue makeover later this year - Time Out Worldwide,https://news.google.com/rss/articles/CBMixgFBVV95cUxOeC1BWkMwbDI5VmhtNTJBbkJqRXhTM25NRXRUYUpBeEt6azZzTHdVaVIyR3FhT2VrVXV0d3ZZWldya0dNLUdQRzZKNFhQWGxnMXB1aGt2YTZNMzlfdkN0TEk5Q2lwYjVOX3JjaDNkN3YtZkVwb2dLcjdPaTJUQVlDcDk4c3B6bTVxU3VlUnV2MkFzc0JBTXB0TnV6TUVobnF3X1R3UTN6VUZNWGhUdWk1bUxrQ1BBUVczWGE0cU15d1lZX3VpOWc?oc=5,Time Out Worldwide,2026-08-12,neutral
NYC Subway,NYC Wants to Use Thermal Energy to Cool Subway Stations - Inside Climate News,https://news.google.com/rss/articles/CBMihAFBVV95cUxNR2ZhQVlSOHVZLWVQTWNZTXNlWnhRbFNIQ1pFazhrY2xnTU5rUEtDNFNpMV9lTkIwYVB4cnpKSllqazJ5a1h3SmRfQjJYd20wMnJVbndUTmhYRUgwVkJ0QVZCRTRGbVRaeEFhWlAycXZJblpkUFczaDdjX0pzZUFuYk9KQnY?oc=5,Inside Climate News,2026-08-12,positive
NYC Subway,"Sweat equity: MTA, Mamdani admin to study heat removal technology in Lower Manhattan subway complex - amNewYork",https://news.google.com/rss/articles/CBMif0FVX3lxTE54VUoxbHh2b0lOdDJTWm85Z1pXQ2Jvb0xLZElOTnMzTzV3ZmNDVl95bjMyYkNXYjZTd29Fd3JkdmFVY2s0ZndBaWcxemdvckJOTlpQMzFiU1BiVG8tOWRYcnRCMWx4SXlVV0IxalUwdUZqckVqZV9HbVhFRldXUFU?oc=5,amNewYork,2026-08-12,negative
NYC Subway,MTA unveils new plan to cool down NYC subway stations. Will it work — and how? - NBC New York,https://news.google.com/rss/articles/CBMisAFBVV95cUxOM2FxSGV2ckNYTDUwT1VSWkVoSmVSX0cxQzhkdGlzbDF0WFhOeloxc0UyRFVqeWkyS05ESkp0SXdWWEJNZzRyS2tWUDZsY1AxV3pka3FsQjM4M040eDIwWUV0TU5jZ290Tkk2ZW85VXBQdXdhS1JIVkpSUmVGWHZnZlNOUG5wOTgtZGZNZ3NXYWlod0pfNFMzTFRQUmZWTm0wbF9FOEhqN21IRXdMZjRFWNIBuAFBVV95cUxNQVdKUkFBRUNpOWYxVjFua3kzVTBOdWRxM0RqYWJzbUZDWThlZ2lVbUVNQWhZdFdtcWhHMkRWVXJyakJMTmFQNm4tdUlEWjVFbDlUdzlSUFhwem1nWXh4UHoxQ1NYeU1idDY3c2xfZHZjbVB2MGlJTWstUkJWZEhDSjQwUzB5WmE4bVhWaFFIenlDMkpLa0JvMjlweXZMRC1ZZi15VkNSdVR5MVZHRVBBOFNyRXRFcVVa?oc=5,NBC New York,2026-08-12,positive
NYC Subway,"NYC, MTA eye first-of-its-kind plan that might keep subway platforms cooler - CBS News",https://news.google.com/rss/articles/CBMihwFBVV95cUxNSmRYX252cDBNaDRKUXcxeFdkdC1kdE94X1k5bnVYTXM5Xy0tU2h5VFN1ODExUmxOTGk0WjctMTA1c3A2bWtjUVpKb1Z6OEhBNUZ0UGN5R1F5ckxoZWhabnlfMTVTdHJpM3c4UG1ENkpjemJGWk5YcTJ4MEFkdEI5dm84TllFSVE?oc=5,CBS News,2026-08-12,neutral
NYC Subway,"How NYC subway stations could get cooler in summer, warmer in winter - PIX11",https://news.google.com/rss/articles/CBMiowFBVV95cUxOX3BlTTlXalRfYjhXbEFHaFJKTHRiRFFKdXVvTHN2RmNyblV5VnhvbjhmTUktX3ZxUzRrVmVuNXp1anV5ckNNb2xzbkxhSGRDcXEzV1VWTHZWbjViVngwbDFOTGFHZmJWOFZ0bnBCSFJaZlBXYl9QT050Umh6YnQ0WnBYYTJIV2lZUEo3WE9lRlZZUnpFQ1ZQX0FwRFFkTEhnTEpj?oc=5,PIX11,2026-08-12,positive
NYC Subway,New York will test new thermal tech that cools down NYC subway platforms - 6sqft,https://news.google.com/rss/articles/CBMimwFBVV95cUxPUExzdGdEbzhRNV8wOEh4Qmt3Y1EzeWpoUUZNZGdfNmNnVHVuSUlDajBCeTgtNV9SdkpVUHFFSlJkTG5mUi0tTjg5cnhPREpydDNDLXlhQklKOXllSGhhUlpBdnJQZmtxWEE1aS1TSF9NeDJSdFdPamY4Smt0Q3hlbTVFSFc2cGpGMFhKUW5samQtTGEtU2g5VmpNQQ?oc=5,6sqft,2026-08-12,neutral
NYC Subway,Sweaty Mamdani unveils plan to ‘harness’ hot air from sweltering NYC subway platforms and warm city buildings - New York Post,https://news.google.com/rss/articles/CBMi2gFBVV95cUxPdVJ4MFQ3X1prb2JiVERqRzNFejl4YUxrOHBpMmJ1NndqVjVRUjFVaDBGZ0lwRU5yd1FWY2FXUmUxLUNiNXZSQkxnNEp4M192RU1vTEhqbjQyWE52ZDVvcmJ1SERBOWNybTdxb1dKZXU1UVNkbzAyVUV1U3lFSjY4bXpJSWZ6NkI4YXpzakJCU3dRcDBqdjhKV2pVcHhJMFN6NmxiUU1jQ0pWTFlmbEN3VlZwVGc1VU9sSTRZd25YbFJaNko1bHRIek9YYnlUUHhCMTVCTEhjTm9Bdw?oc=5,New York Post,2026-08-12,neutral
NYC Subway,"How NYC subway stations could get cooler in summer, warmer in winter - yahoo.com",https://news.google.com/rss/articles/CBMilgFBVV95cUxPUG93WGU3RFlxLWoyNVMyanZFN0UzUUdKUUloWjhKYlllT2F6ZHk0eGI5WjdpX291ekFfZThFX19jM1lOSWJpSHBEbWVOUG9scHcxSFE0R2lqUXZBVGRBdno1Q2xXMjZHVE1aM3lLWDlaNzNHVHZSTmlXelM5VE9rNGFpWDhYa3BoemNibl9lVWFnSDhLR3c?oc=5,yahoo.com,2026-08-12,positive
NYC Subway,NYC trying new technology to cool subway platforms - FOX 5 New York,https://news.google.com/rss/articles/CBMihwFBVV95cUxQTUlabDVPbTlFRGVscGJRUmU4NFphZF9xTFM1UUswemgyeXhWZ1lZdXZ2eUs3d1JFQlJ6SFpTSllBOC1Ga3FocDQ2YXp2dWRmNUFPR2swaU5XTlRmamRmcnpaOFlhOWhydnN0TEF6Vkg4dUNoRi1yQURkcElBMjlhN3ltSTQ2TXfSAYwBQVVfeXFMUE83ZFMtZHhZOGk1U3J0bU8wNWJPYzRiLTFlSTlpZFZ3NFc2V0d1TW5FX1hDU0pmSjVDTnBEcnhnZGRiRWdLUHVGb19jTFYwOW0yY0tzVHFBMGlVUDJBM2Zra1hJc1AxejlPZkJaTXUtSWM1aVBaN2prMFBkajVSZnBPRkxPOWl1VDRmbU4?oc=5,FOX 5 New York,2026-08-12,positive
NYC Subway,"Mayor, Governor Unveil Plan to Cool NYC Subway Platforms - Mirage News",https://news.google.com/rss/articles/CBMiiAFBVV95cUxOMGl1SzhRSEN1Rm00dDMwSExmWVU1YVdjNW5HWFdKQVQzRWFvQ1Rqb3hVMWVGUzRyblpuck8tTEIwUGgwZy05WkdEOVdhZmFWOVFyTm5CRklwZTZQMWNZVkFZVXZ5R0lnblRYU0pLZU5QWFoya1FGRG8xMEJmc2ZvVmFTSTlaT2Js?oc=5,Mirage News,2026-08-12,positive
NYC Subway,Climate action - How NYC plans to lower subway temperature and harness energy - Smart Cities World,https://news.google.com/rss/articles/CBMitAFBVV95cUxOd0xEWVQzcDdpamVVVExGcWVFU25JX285ZjRRMXhkRHZlekNEMjV4ak0wYWlYeFZwd3VURS1oRG1mazNTeFJ1dHVhNkluWllPeGtYcXlrdVB4OWs5LXZzWUVQYjZuc3NhVlFhY2lMamh2eTFwNV9zeXlnWWpaMUhqcUppd1JXck5IT2pyT3hXQWtGcXJ5U09CTE45aWppNUJUTlFISEphMEtVRjRqRGV1dWgtUks?oc=5,Smart Cities World,2026-08-12,positive
NYC Subway,"NYC subway fire on train at Astor Place station injures 8 MTA workers, 6 firefighters; delays commute - ABC7 New York",https://news.google.com/rss/articles/CBMisAFBVV95cUxNVUlmdTgwM1F0OEtfelRwbVc5MXRHQVR2S1AyZVJUTnM2Zk1pbG9uUHpzQzhJeGREcmVIcjRibW1oQjFPWmJPMkJJRmN1TktLdHg2Z3NlT0lxU0JlV2h4b1dmaUJoU1NJMjhzc1Q0NEdPc0laRURhbVY0RzBxVnlOcmJKejB6bmZqMlR4QTdHVWJ0WHNKeFNvZW9yNFhjT0JKRkNUdmFWYkhRQTM0N0tmaNIBtgFBVV95cUxPeVFMbG5FNWt0RWRiRktIWTVPSzJjbFpYc3M0NGlvQk1ReUh5ejVoTFpKZVNkSzl5dDlNazJrSnBlcXgwOG9yY0l0dWF4U2FUWkFFcnNYS0VhRUtZOXJwaTUxdGE4WkE3NXBQMGtWMTYzamZaa0E0bjFmVWctSlBlbjRiY3lTMGJwUVpnaERhcGlHVnhRdEF0MG5lZHd6X0NEeFRBWkpjM1JpbzdIYllFWTBoYWw5dw?oc=5,ABC7 New York,2026-08-12,negative
NYC Subway,This NYC Subway Station Got 123 Million Dollars' Worth Of Improvements For Riders - islands.com,https://news.google.com/rss/articles/CBMi1AFBVV95cUxOQUtfTW45R084dng3dGY4ekl4VG91Z0RpaDFVbTJweFNGWDRIRGdJOV9lekE0RWhuNzB0TU56TFJuMTdPVVJKZ1VGQVlvQzNoQXlEMzlzTGxNYV9mTDUxWHFaN1QtMGF2LWxYLS1uMEdmTXFpYVFCeWJRVGFBOU5Qcm5uQjlLdjJYaDU1MVN6Z0Jhd0hKOXRweHJTNFZHX0Z5T0VVUktUbURyV2ZvbkstTG9OTG51M0VvZ3JtT0ZqajJBZFN1YVN5bHEwYmI4akRWd2lIYQ?oc=5,islands.com,2026-08-12,positive
NYC Subway,"MTA exploring innovative technology to cool NYC subway platform, heat municipal buildings - SILive.com",https://news.google.com/rss/articles/CBMitwFBVV95cUxNUVAwa2tQQk1vUENsejdMTGFXUW9PcGtDbC11dWMzRDNZenY4RE1jUlhlcHN0TmJOdndxSkpCX1k2RDBZNlJEa0RibDVJU3VZbU1XZVlTMVgxM0JzMTFlS2JFRFh2cUtPS05OMnJjZkRod20tTUhFUnlLWE12OFNWNUwwQjE1Y0l3OHJEd1VYZjZRQkttX3daTWE2TDRHWUx2Tl9aTTY2VWNKU2lWTzBmSlFjcEE3d2_SAcsBQVVfeXFMUDV2MWFCSVd3TFFGcGxDM1BvaFZJWndnSzVOcjUtbEk2LTVXX29VcnhlVXpHeXB4cTFtVVIxalFKalNfV2h2dlJtODhhZE5RVFJOSGpkbjB2b294amQ5WXpSdUJQeDlYLWowNFJQd3lvRHBOc3pJSGlhcTA3M2VGRjhZRXA4NWxDQTJBWWFlSS1aQmNNSWo3Ym0yUUFxTmhjYTlCWHotaUljWTQ5MEUyaUZJbFVTbkw4N1VwVmg5QXNJVjVqWHM2bmI2dHc?oc=5,SILive.com,2026-08-12,positive
NYC Subway,"New study aims to cool subway stations, heat nearby buildings - Spectrum News NY1",https://news.google.com/rss/articles/CBMirwFBVV95cUxNTWtHbnZHb0RIbVVUN0ZfS3J5Y2w0V3BhTlJvcVVoUURDN3pqdUVLV19RNXI5QkpJV1R6QlhFSXNmcnNlc2hHelp1N0lhLVc3bWx3Tm9xUlIxc3JUcm1HUFpIOGJfd0loOWFIbWlOLWdHV19kbGQ0NFFTanh1dFRUMFhmZzNZRDdtNjhNdmVtZXQwdmdDemxQXzVyY0FBdU1KdHlUWUxxYmJGUlA2WDRn?oc=5,Spectrum News NY1,2026-08-12,positive
NYC Subway,US Army soldier missed dad’s funeral after being pushed onto NYC subway tracks following staredown: ‘Devastated’ - New York Post,https://news.google.com/rss/articles/CBMiswFBVV95cUxQOWR2LWlNM1N4bHNPOWVLWl9YN29EeWRGWTJ2OWUzM1RFdDEzclhFalk2LWJCVkFDcV8xZzlaSTBPRDFlRmNtaEJub3J5dXl6V1ZpYmhSelBRczV0WEtuRVlUU2FmWTI1RmZwMVlFUUVjM2t2d3NrbWhMTC1IY1V6Ql9MTXNsN2t0Ti1CLW1MNzY1c1lMcEpGTUktbHNybUZROUFzVE9qMkRHR1A5eFE3akRERQ?oc=5,New York Post,2026-08-12,negative
NYC Subway,MTA unveils plan to cool down NYC subway stations. Will it work? - NBC New York,https://news.google.com/rss/articles/CBMirgFBVV95cUxOYzFuejRGTEVxNmROaTB6Z3RIN0lOME1UZVQyN3JJYVg2NHpTeF9JcTdNZ1hJelJ2cVY3Z0VkM3ZVZFptSHhpVnRRcVE5T2JlTWo1b05LbGx6SXJnS0ZMM1Fadmo3Q3JtOVQ2SG13bWI4dUF5clpXT2dKVkRmeUxHTzUxWktVYTRYa1hzSGxZZUVaS3g2OGk2OXlSb2lwVy1uRHNYMVBsTlRqaW14elHSAbYBQVVfeXFMT1k4eUw3RmFiTE9TWm5JZ0JzN1pEbkV4ZVdRWlFfU1p1ZEtPR2lTRGx4QWVKblJMcm12VEJRYmZGVThpaHdPTXZKM3dLRWlvVWdib3FwTWNvOVhnY1ZfNTFJZmJJREkyZjJDVzFyTlB1NC1lTzlMYVN1WGNsMEJudkFxYVY5Ylk1Qk1takM4ZXZzR1ZqbXFRdTdCaGdZLTNSX2Q0VktTOXNTWGlPczlCLTF4YkRhSWc?oc=5,NBC New York,2026-08-12,positive
NYC Subway,Pilot program designed to cool NYC subway platforms - CBS News,https://news.google.com/rss/articles/CBMilAFBVV95cUxNOTJVVzdBNU5lS0ZaVnVlcl9ZYm1oYzNPUW9BTmYxd01vanlKdkNHel9QUTB0U0tKc0ZSNXVaUndNVGtjdUZ2RVpzd1N4amxfTUE1eENOdkZtckFHR2tzWGJQVTNSRzVfV21nNGdxT19wU2lJWGphbGozY1ozYmgwUEI3b0dkTkNYSE5sb1BkNDVieTUz?oc=5,CBS News,2026-08-12,positive
NYC Subway,How hot do the hottest NYC subway stations get? - PIX11,https://news.google.com/rss/articles/CBMihwFBVV95cUxNZTBreTVmRklBalQ4VlBicDRVVmE1S1psUDI4Y1VHbHlsZTUtOEExUTJ1WkdKdG5HUU15RWRTakdjMVpKX1l1REVTV2E2SU82bkF3SkRzQ0dKcUtEN2RsYjVNbGI4TWFWTEVWUDM4UUlQa0duM0VWOFNzN1dGbVdBbUxlLXpGVUU?oc=5,PIX11,2026-08-12,neutral
NYC Subway,MTA identifies dozens of traffic chokepoints in NYC subway system as top candidates for improvements - CBS News,https://news.google.com/rss/articles/CBMiiwFBVV95cUxQenJMUnJ4RzNJNTFzcW00dmwycmxfclQxOVVUTXM3S1czTlVRM2Zod2dvSGdrNWJwN2ZRYWJoLW5Rcmw2bGN2QzFtX2RuSGlsZ1RmNFJ2dUVzWVpNUzhPbU94dTEzbUlWbkFXZ2RmUzd5bkhlNHpLMDVpUndMUDhpTTFSV0RJN0ZOVGJj?oc=5,CBS News,2026-08-12,positive
NYC Subway,NYC subway riders react to possible heat energy conversions - PIX11,https://news.google.com/rss/articles/CBMimAFBVV95cUxNcEM4QmdQVlRqWFprUFlZQTR3QlR3MHVkdTZjeXZkYXFaZUdYbG1IbG5ISlFONTNobTFOc0VWNUhGek1idkVQWFBuTUdWVFVWbDBiNXd6V2hoT1BDS01RQjVSNWxYMm1QU1FNdjJiQ2RhaWZQT0QyY2YweU53S2ltWlFOZFVRWmJhcmZDN0pjSWh2QkNxNDlBag?oc=5,PIX11,2026-08-12,positive
NYC Subway,NYC subway station to undergo a much-needed makeover - PIX11,https://news.google.com/rss/articles/CBMijAFBVV95cUxQb2REdDdkWlpxYk5Qb3FkU0JkVktFeDB3WURzUlpkWUJKNlUwa2lhOWtzSXJ4LVU3TGpzZlF2OVptMFFQbDBDQzdBNzhySlhUaThYX184ak52dGpsbjZ6Y2F0TGI3R0NMR1R3RHhPVDVhbW5UbG5lZFdEMk9iVThDMnVLNURBbEt2aGZUatIBkgFBVV95cUxOZHpRWlZBRWhPWkRReXR5NVdGWkdXY3RGdE5GMTQtWnMxVDRMbnpXWWJiSEhWOXUzWV9yQXQ0dzlwcFlJaU5VUnI1dW1NLWdpSjRYenp5LW5BQTdYN0Fpc1E2elVRbV8wdWpIb29ncFQyS0xnNzZPYjQydlNWTXc3dmRhRTA4aVhEcjJpR1psaTA2dw?oc=5,PIX11,2026-08-12,neutral
NYC Subway,Steamy NYC Chambers St. subway station targeted for high-tech cooling in MTA renovation plan - New York Daily News,https://news.google.com/rss/articles/CBMiywFBVV95cUxQU1ppVko5YVdyQTllUXRZWEpZRjV6WnVJbnhlbEdQQkVnQXAxblBXWGV3UGR2SkRVNE12TUVuN3dZSFBMTEFvMG1FdUhDd09Cb1B5REN4YUo5VVl0a3hwaGxzbW9zTVhQVzRma0hPdUFIS3JWeWloS1hqSkNwcURXSkx1alNyUUNhZFFPTktDUE9ENU5GUHBrMS1HeGlZYXFyeUZuRnY5N0lMMmZZWm9EN0d2Z3dMc1pjNXlIRS1aVkVtc1VpcWVoTWNXYw?oc=5,New York Daily News,2026-08-12,neutral
NYC Subway,Major Change To NYC Subway Air-Conditioning - Patch,https://news.google.com/rss/articles/CBMiiwFBVV95cUxNbzliNi1NWmQxRTdSNXQ0UkdyTVRUQkhYYVJ5clVFb3J3b0lWTmJyYXdXZ3BNZG9YRmNuS3ljVlozc3pzRXQtTHdHR095LWt6blhYVXA5dmpvaHlVZjJxcFNjMUd3MWlwRndyM2k5MVlWNnctZ1RUQTdfN1UyZTNzeGkxSV9zcHFHenkw0gGeAUFVX3lxTE1kWGRTcEtYWS0tM2p2bmc2S0pvamdwTU01NmFRblNCMVMyZjdneHJyU1ExSUh4UVdPUXdGbjdVd2NBazZQeEkyWTk0T2hzUENzZWNlNElEWElVNjFtbXhVZTBwZ3ZsY05tSnc0ZVdGNl9ZSkNNTW8weFk2d29PZXYwVWdSR3RTSEpBLW9jR3RzMF9LeHRzLXRjeVpXVUFn?oc=5,Patch,2026-08-12,neutral
NYC Subway,Bystanders help rescue man shoved onto NYC subway tracks: NYPD - PIX11,https://news.google.com/rss/articles/CBMiqgFBVV95cUxPdDQxUmZkU3ZPam1HTVp6YUxBZWRlbGt1YkZOTEV0Q1BTRzBLVV9SeFEtLWN2N0lOUFRaQ2hZZDIyX3hBVkRYd1FlaVE1SllrZHVvb28zbzNhc21OUFhCN19tUndGRWRoR19EaDk2ZlZid2oyWjJMZElGUkV5ajRrck1ibTBiRUJyQTNsSU5hNkwxd0xLRk9QVkI0TmUwNTNCZm45VmpJTEdJZ9IBrwFBVV95cUxON1d6MWFHRmJPaHBORjFpQ0lNMEVEenJHQm5xVm5tcUNfVjZiTTdpYnlUbkpFWnV1b2dLdW1xVFFacGwtV1pCTW41Zld2d1gyX2x3WmNRMjZGeWhIRHBZTURRMExEUC14Ym5sNXdfQVBjRXdwcENNb3FIdUZRQ2N6NG8wRnFEbjdadi0wY3F3N3lua0VyUExiTm9mUmZfUElmZU9ORGNlZVRmRVFRMjJn?oc=5,PIX11,2026-08-12,positive
NYC Subway,7 years in prison for man who punched MTA station agent at NYC subway stop - New York Daily News,https://news.google.com/rss/articles/CBMixwFBVV95cUxPcmR4dFp4RHFsYldTVEJLb3ZBTXhiWC1lMTctbzJ3Rzd1UDNreWlwajNGQVFTZGJSaWVFaE1reVhDMzBwWWZjOXppVlJrcXVQdm1DVFhZRF81a2JLUVRqYUdYTjdSSklGTTgwTUtrLWhBdl9NV1plM0FsejRVNTF0bS1nQjZXT01ockVibUR4UnNlVDRJNENUT3Rhb1NDeHlUV2lfUUtpMGJMaVlSVC00a0kya1NQbTZORWVGRkVCajg5Wko4VkNz?oc=5,New York Daily News,2026-08-12,negative
NYC Subway,Five subway lines face major weekend disruptions through August - Time Out Worldwide,https://news.google.com/rss/articles/CBMi3AFBVV95cUxONUZ0TUZCSGhJSHZ6TXQ1OF9rVkdRMldhUkZqR1kyaTNzMFdDeTdCVTlERHEwQUwwMzJfbXZKQU1FLXRJZklfYWVnNDFzaDNfdXl0cVROX3RISDR4SDQxZnFnVFBmZi16QkRmZDctODNJOEdsOGJxR0E0WHBSMmNZNUpRVFIzREhMX3ZlWVpnblhsUjAwUWItcmI4ZDJFUzY0YjJyQ3l6ZVF0NXFFLWUyZFhKYmh0SC1yOG1vbVRsWVlLS2VUOFFFQzNnc1JhYW9aazZlM0wwYzRJaVZj?oc=5,Time Out Worldwide,2026-08-12,negative
NYC Subway,A Newsstand That Aims to Delight N.Y.C. Subway Riders - The New York Times,https://news.google.com/rss/articles/CBMijgFBVV95cUxOb0M0Vi1DNmFwWS1UYzRiYjBQTVgyTmpVaXdxc3BhbDRlNkZXU0huSklfNUlKZVByeUh1V25uQUZ6dFowRVdYcVMxSjRtRWowTkJRNHFEeXN1MzNrQmZzUlNCbUNtSWRTTERQS3VORm1BUHhEODFodTZrS1ZxVkxDbk5zbXVRZ3h0UXJoaU53?oc=5,The New York Times,2026-08-12,positive
NYC Subway,"Steamy NYC subway air would be sucked out to cool stations, heat buildings under proposed plan - Newsday",https://news.google.com/rss/articles/CBMifkFVX3lxTE1wZGdPVHNLZUQ4MEdiMlhJdnFmelhWS1RpLWpPZ1J2N2dCbXgwOERxNEU3d2ZKdk1INmExVm5yWDRRYVZzMEpyanV0YkVic2xVVXlsQXF2ZDJ0dkkyZlhhdlFlVlVkS1g0Umx5RW9FYU8yNEdrTXpQenJzSXIyZw?oc=5,Newsday,2026-08-12,negative
NYC Subway,"NYC's sweltering subway stations can reach 96°F, but a first-of-its-kind plan could finally help beat the brutal summer tempatures—and turn the excess heat into energy - Secret NYC",https://news.google.com/rss/articles/CBMibEFVX3lxTFBFZVl5RFFWWkJhMDZwM00tTGVLOTdQTTFMVWFPT1BGZWI0NGJSX1l6aGotZDNDazQ3ZGk5WW9NRnQ4a3ZxYzNwRnJxeUtGMVpabGtpSjkyX2o2RkxTS3Q0Slh1ejhVMUgxaFZpWg?oc=5,Secret NYC,2026-08-12,negative
NYC Subway,NYC Subway Ridership Has Recovered on Weekends but Not on Weekdays - Apollo Global Management,https://news.google.com/rss/articles/CBMiywFBVV95cUxNM29PcXluYzd4VFNwOEM5UG4tdi12akpUTFZiV1BHYkdURVdXdlUzT1JDSEZVdFVYam1wSW5lOXk0U3VzTDhLX1pqVUNOU2FfYVVTQ2lxemtKZ3pERk1pVEZTQ3FNLU9BTGFtQ05tdDJ1dVJud2hHbjNDWldJckdWVG9hTDlaRTlEX3B1aUxtc29EZDBJajB4SlVPWXR2aktjOC1USi1OVzZkRHBHT1o5UFlJbThzbXJ1RFZtNXlyN2NpNEdxSkE3U3R0cw?oc=5,Apollo Global Management,2026-08-12,neutral
NYC Subway,"NYC Transit System Plans to Ease Chokepoints, First in Brooklyn - Bloomberg.com",https://news.google.com/rss/articles/CBMiswFBVV95cUxNRlFHdnRGa1dFdFBBc202ekFHV3AyTlBFOGRyX2VIcHRKclEwNUw0bE1fUW4tRmZRQ01oWUxQX2xJby1YS3lzLXJ3bWdfLTFFaWpfYXZZTVU2THR2dUNtRS0zWmhrbDJNUk5qRnU4S1NHeTUtY0IyTWszcW0wbEk0ME11cklTYS1QRDhndkt1NWs4YUVSOU0xQ0JJZTA2VjNPbUg2N21nUUhHTWw3MjJvOUVkOA?oc=5,Bloomberg.com,2026-08-12,positive
NYC Subway,"Plan ahead: MTA repairs to disrupt subway service on the 1, 2, 3 and 5 line - PIX11",https://news.google.com/rss/articles/CBMipgFBVV95cUxNcGh5SE4wN201RlhoSm1ncDBoQVN5bXQwdmgtZWdmcEJJdEkteHFQMFlINml3VDNZQ0RPNEE2Y01Mc0dqRU9rc3dnSUxETXNpWi1Cd2JoanRoWWl6UHU0eHNwYzhqOXc4cVZPaVoyTU53dE1CaVFDRS1OZEg2UDlXTHdCTU40LWVkcmdBdnhTQlFvOVhMbGwwNXRCSXFET0NIM1V4TnV30gGrAUFVX3lxTE9jTDVTeWRYSS02RHdGQldLeVYyT1Q0TFFqeDBfWDNYV1V4RDE0MHNxWHE0ZjUwMW1aaGJEX1RKMHdPT19ELXh5VW5iYTBySTRoX0FDdjAwTk5EQnpJUWE5T2ZpTWw5UGs5Ukt0dmw5UGp3TXlac3ZfUGRNaThBdmlQNWhjeEhNS3FiaUN4MkpPS1h0OWhOaDQ3SnNiS2VBdUplcWlBZmZXTFVKUQ?oc=5,PIX11,2026-08-12,neutral
NYC Subway,"NYC subway crime: 70-year-old woman randomly pushed from behind onto tracks in Midtown, Manhattan - ABC7 New York",https://news.google.com/rss/articles/CBMitwFBVV95cUxQN0tGREwyWS1HUEV2aG5qRmJQMWk2enlfc2FqcFBwbUJOazFFRlJfdEVtdDBzM050REVGWnYyR05TczNtcVFQYXBNLUk0Q04zdmNZSGpzOVhkY0pjSlh4a1VxTmNZX0tzNW9zbDl6TGRrdUhPY09wLTNnOVBEd1dTblFnYkFnMkw3U0hxTjdTcjFtNlZPdjJ1WkNlN3JPZjNnUkxFOHdTblI5NlhmVjh4Z0I3ZzNqeE3SAbwBQVVfeXFMTldKSFlsMC1Wbm51MWtSSVlyUTFIR1h5bEU3Yno2M2IyQV84SVlHZ2tsYmtPc2Nqc3VQeS1RZEtsLWRadlBkWVB1eDF4WTB1aG1RNDU3Y3NYY1poZ3dpcEt0d0d3Z1VseXBVZ3VIWUh5Nm1RQmlnNEppcVI4R2V6cjMxWV9iemJKY3hFYWNKcDBaZTQ5eDNRZGlEelV1VDVFMVRIdGhyY25ubUl1aE9BNnZKWVRHY0xvaGo1Zks?oc=5,ABC7 New York,2026-08-12,negative
NYC Subway,MTA identifies top locations for improvements in NYC subway system - CBS News,https://news.google.com/rss/articles/CBMiqAFBVV95cUxPUUxvLTVzMGRTNFJKMWhRZGM4dDhXTzFsdkp6Q1o0Yjg2WFFmX0ZqUGhLdnVTVmc3QWJIWjlHZkt2TGNFRl9XaEZwa0IwMDlxVTZKTHprOXVhYU9MbW5CS0lqcnExVHVRU1U4YmptV0haY2JlOTZWaTI3aE9GNlVsaHBNRUQ1Z1g2U1NxOGVuN2pLeEhlaGo5VVFNM3pPVy1MeGRmWHpVdkQ?oc=5,CBS News,2026-08-12,positive
NYC Subway,NYC subway train fire at Astor Place station causes severe delays - FOX 5 New York,https://news.google.com/rss/articles/CBMiYEFVX3lxTE1ieVBKT2NzYm12dnlkVzk0UGM3OUJHUExEcTRjSFBqWHBSUjRsV3Z2TUsxbmdBMXRoUS11TmtOaDNfeE1Lc3V0QVNhYUQzNV9ZR0x2R002dkRNRjh3UUFmVNIBZkFVX3lxTE8xM1hEVER4a2FLVWNwTVdxTHFNMkp6ZFUwMDY0b05RSnNORER2TjF1emFIWE1IRmVENHptVDVyelVTS3JpWWpIbElhS2ZBcDNqZWdMb0tTVHFBNkVYUV9uWUZPN2J0QQ?oc=5,FOX 5 New York,2026-08-12,negative
NYC Subway,Man stabbed inside NYC subway station: NYPD - PIX11,https://news.google.com/rss/articles/CBMikAFBVV95cUxNTUZBQWRrNm4wTllWMjFTUkhrX1RuR3Y3a21CX1EwSW9SMkcwelB6MVp4U0xCRmtIcExGU0tiUGc0emoyVVVPY2I3RWl1ZjMyOHd4TEJYSGpjUGEwV2ZJTUo1WmFoT1UweVI4cEUzM3lzOWJqM2xxVFFUZXV5THpFaERKX3lXNHZtdkFhM2VtUEjSAZYBQVVfeXFMT3FDcFR3TUJsNzhWVmU0bmo4MnNfYk5RdGJQRFo3Tks2QVoxV243RjZ1R2NkZlJkOEdnbE9HNUU2NXBmeC0zRVRjNUQxV3BwSG5HdlBsdmNydUQ0SU1fZ0FwV09wZThwdHZhY2JWTG5paDlFTS1pYjhwN0dHSmZMZmdWV0IzREpHOXFWbjA0YVV1Wm5Tc29n?oc=5,PIX11,2026-08-12,negative
NYC Subway,Crumbling historic Chambers St J and Z train station to finally get makeover - amNewYork,https://news.google.com/rss/articles/CBMieEFVX3lxTE8tLXV6and5ZFpnY2g2Y2ExaHZyZFoyQll6TDd3a2l5STNEUW5WU0RrU0FuRVpYVE5GVzhEdXlWdmpCY2N5RlE1LS1CMnU2eGJzbW92bUJ2NlFxQm40bHFZUVZONFVZaUw2Q2ZvT3hyZUpmTkE4MmVKbQ?oc=5,amNewYork,2026-08-12,neutral
NYC Subway,NYC subway service melts down as riders return following blizzard - Gothamist,https://news.google.com/rss/articles/CBMilwFBVV95cUxNOUgzcXE0ZGcyUDdqcmtjS3R4aFE0VkVfLTFQay1GV1I4VGhHQ0ZlWUI0RnZMdDBFRUV1LUxkQlE1VWxzODV0aHZFXzVjY3Q5NDNJSmstMFlWOGU0Z08tbGlrT29OZ0dmTHVzOVFETnZXcnpOM3loT0g1RkR0aEo1eTdyTmF2T0FzOHVjenRhbFhKLVBIcmhJ?oc=5,Gothamist,2026-08-12,neutral
NYC Subway,NYC subway train fire at Astor Place station causes severe delays - FOX 5 New York,https://news.google.com/rss/articles/CBMiXkFVX3lxTFB3OGRfelBuUV9rQ1ZiYzBqRFJmcUVLNEFkQnRaeWF2YkUtNWI3UjNOOVB5OGg4UDFoSWJDM25PbS1RSDhMR0pMblM0U21ReHRJT3liWFlhMFp5UDVkX1HSAWNBVV95cUxNeWFvd2VobTRXSTlXNHF4M3F6c2NiY1FsMC1lMHE0MkdNSzlDN1NhTnB5SExqcnRNX0U2Vk82Yzd4VlBlNDlwMGhHWVdXQk5QS19qQ0sxSzlNcFlJN2NtQWJpUEk?oc=5,FOX 5 New York,2026-08-12,negative
NYC Subway,19-year-old brutally beaten on NYC subway train: NYPD - PIX11,https://news.google.com/rss/articles/CBMikAFBVV95cUxQVU82MXB0MWlUOWZqTFQxQWtMQWZfNjVNSDJPWEpUMm9zVjktRXVuWWF4a0ZYajRQWFpsWjY5T3VUb2NvR283bFMzR21HdEFqbncwNEEzQ2NmYUl5TU1MM2hPbmJEeHBoRUVCZGFIU2ktbHFUV2xGdkVIQm1WMEFTb0lfQ0Y2QzJ5bVh2R1VGM0LSAZYBQVVfeXFMTlJWM19HNVNidzQ5WVJ2Y1NuX0ZESFVkaWlYTWZuUmdLU0dBbTludkR3UzBtOHpnSGQ4bWI3dXZ0ZkJoOUlOLTVMY05wd1ljc3o2aDRxY0Q0THdiZmhONTFyMF9YQWllTkVrOG1TMkRSVmp0R0ZVNkxZT1h0TFdfR0IxSmdkblZQWmZvdEtTNnZnRHhYWHJR?oc=5,PIX11,2026-08-12,negative
NYC Subway,Which NYC subway stations have the worst bottlenecks? - SILive.com,https://news.google.com/rss/articles/CBMimAFBVV95cUxOdXg2bm1lN3JhWGkya3RGNWpIQnhaQXo3d3NfVDZiNVJ4NUpreVRaSzFMYWpMcURsWlQxR0kzRkJFSlR0ZDVmQXNFYzFONWVFWXlrb1Bma1lwOW9YWVlYemN0NUhkN3pGMHplZG5GbVlqaDROd1hFQW9JM2dtMDlZN0plb2ZhRDlMT3FsMkhyR3FPU08xakFUVtIBrAFBVV95cUxPTGxlOEZaN2pfMm1sQ2w2S0t4V0VVVlZJbldoWW5nRzdsTzZfRnlfWjl4WFJBMDRyM3Q2X1JqY2YyLUZvRDlObUxuRFlZeTVySGx5YzhXWnJTQUlxbUhZMDcyXzJuVS13SmY2aFB4elV4U3NBSUZGQlJ5SzNueGtJckxkVFVzWEFtQ2lFMGh0SV9wa0pKRE41bjktUE1MZjVTTUUwY3YtaEdYSmdB?oc=5,SILive.com,2026-08-12,negative
NYC Subway,"NYC subway fares, tolls could go up again in 2027 under MTA's new preliminary financial plan - CBS News",https://news.google.com/rss/articles/CBMid0FVX3lxTE5FbXJ2OWJyWTA3QVlKNzhYTnRYTkFheTg4V1ZhQ2lHNG5ocWItbmpLc3Y3a05COUhZVUFlN0syOUQ1dXJqSGxOM0ZOa3V0ZGlFQ0pFWVA5TzZwYnBteXdreGhabHJwVWEwQjdUMnRCSjY3cXBvbDRF?oc=5,CBS News,2026-08-12,neutral
NYC Subway,"Exclusive | NYC subway riders push AG Letitia James to probe OMNY cards after claims of extra charges, phantom fines - New York Post",https://news.google.com/rss/articles/CBMixAFBVV95cUxQdVFhc3dCcVYtNnJaU0dhQnZHODVkYkRFbjhGNkdTdlpHT2RsbjZfSFExVldiMjR4SDZ0R2dnbGZTR1RfZDNKX2JnSGFUNEtBYXFrTWY3TWVKX2tmWmJFNWQySUh4RWZuQ3pqTHh4YjkxRnNzWHl5bDFReUd5ZWtHWWdEdTkzWVBpWGQ1M1BHUzBSZDRSQV9nWFNPalRKQlNmTnNBRDd5YWdJeWNzbE9vdFlHbld6b2xnekhtaFZNRG1OMUlM?oc=5,New York Post,2026-08-12,negative
NYC Subway,Subway history is up for grabs! MTA auctioning off retired MetroCard vending machines - NBC New York,https://news.google.com/rss/articles/CBMijAFBVV95cUxQbDlOTW96by1qMExjaWM4cGZ3T2RyX2RGY0pJdUpBM2FsM1laWGlIcXQwWlRzaHgxLVh3RU1pYXdNX25KNHBFeVl2TV9uVG52UF9aWW1uVDcwVVV6YnRpbTgxNms3MTJlOXdySEwwLVFkbkg1UXdKWHI4aFlHdEJVeUxmaHE4Z2RsRFdjbtIBlAFBVV95cUxNUUlKUER5bTFwZ0hEQVhTTHNFelVxSTdIeDgyZThfRkZZVUU0TVRnR1lWRTltSVZfZU95THpHSnpzTWsxQlJ1bkRxTzBPRVhxSHJoMzQ4bmZoeEpON3ZyQ3g4SER3M3JfTmJkYVRQVVF5YWc0VlVUc3kxTm9GbFlZRDFCY19Rc0RwUVVYNjlpYUtFUVkx?oc=5,NBC New York,2026-08-12,neutral
OMNY,"For some older NYC bus riders, change comes easy. Just not OMNY - brooklyneagle.com",https://news.google.com/rss/articles/CBMia0FVX3lxTE4xRDAwSDhTUUtWa0tkLURJWHYxeEwtUjdFSW9LV3diVlBGVzZwN2VDd1lTdjgxbWx4d0NPaVZxWTRGbjV0M25jeXliZFNlYnUxWkpZSGYyZm1xOWRWWFNqdFN4WHBpaURnRjNJ?oc=5,brooklyneagle.com,2026-08-12,positive
OMNY,N.Y.C. Students Are Sick of Using Flimsy Paper Cards to Ride the Subway - The New York Times,https://news.google.com/rss/articles/CBMihAFBVV95cUxQN1dYVmxBY1VhQ0JIWUVXdUtlbnkzSnZDZDRXMG1jUWpUWVo5WERvZzk2ck1vUUt4ZEtaT1ZKUDFYaGhPbm4yR1lCX1FVOGxnWER5RS1UZFE3Qy1sMWxzakE3MmdzaWJ1WHdLMGYxLTVMWGZ3RHp1V2tsVlJKSmYzZUtmbm4?oc=5,The New York Times,2026-08-12,negative
OMNY,"OMNY complaints mount as some riders fail to get fare cap, transfers - Spectrum News NY1",https://news.google.com/rss/articles/CBMiuAFBVV95cUxQS0ZwN3FLQjBRYTJUbnU0WmFBbEFEYzh2bmk0bUJmN1RyN3VNRGJVRGd2WnZfbjh0dWdQcURyWHpwbENVR3hvcERzQXN1Wl9BU1BmUVg0SFlUQkFDbm5Zb0NNQzJVMi15dWJ5Z1ZZN3RXNFNPYmxveC1jcHViclJWS1I2cVNWdm5ZcEY2Sld2b1FoREJiRE53QzBnUU9JODZMSUZQNlFLeGVGSnVjb0FqWFlYZUFNckI0?oc=5,Spectrum News NY1,2026-08-12,negative
OMNY,Inovalon and OMNY Health Partner to Launch Linked Real-World Dataset to Accelerate Research and Improve Patient Outcomes - Business Wire,https://news.google.com/rss/articles/CBMiiAJBVV95cUxQcy1KUzdTVzdaZ1JBQ2JGa0RJTERYMjJIYl9CdnNBcGl4ZWVoUmRnVjlxcGhPUVJQQlpkT09DUGVfOXE3QVNlQWNuRzJzYTc1bWRPQ0oySDdiS085dHpuaFcyWFgtYnBQd0dZOUx3azNyX3J6RmlObjdnZ0pNeklHMEhGa00wM2F1TjhFdk1neWc3VGFwTU50QjJ1ZldRSmpQdm1yakhacThNYTR5dUhVdkx3U0NoUTJVQVVHY0d0MGhkVWZaZXVxcENpcGgtNVRiZDU5SDhxYzlVMXU2X2RMWWJWQ0h6VlZockdYN2IxQkRvVEo1Y1VZWDFDa2dCYjZ6cklWU2oxNks?oc=5,Business Wire,2026-08-12,positive
OMNY,Some riders take concerns to MTA about OMNY fare payment as upgrades are planned - PIX11,https://news.google.com/rss/articles/CBMia0FVX3lxTE1FQzlpRm9HeTN2X0ZDNkNuZmxtSlVOQmJ2aUNGSkFOSU9XNWQ5YklJak5QRUxQbktSV0RvYTkyeHp0ZzlXb0ZKS2JBRTJqSDdzXzBtb0RyNldXQVllY0Z5anFjYWVLMTBiY1o00gFwQVVfeXFMTmFkVS1BN0N0aS1aM3MzOExfSmFqVHhLYmVscHNYRmp3SURBTE9OTzdvbmlfTmtUb1BmcHpDVm1rOWp0RnQ4QlR3ZHloX2lnUW4xdWdkWVBqcGg5ZkZYejhIVzlKOE5PRG5PYUhLZV9lZw?oc=5,PIX11,2026-08-12,neutral
OMNY,"Exclusive | NYC subway riders push AG Letitia James to probe OMNY cards after claims of extra charges, phantom fines - New York Post",https://news.google.com/rss/articles/CBMixAFBVV95cUxQdVFhc3dCcVYtNnJaU0dhQnZHODVkYkRFbjhGNkdTdlpHT2RsbjZfSFExVldiMjR4SDZ0R2dnbGZTR1RfZDNKX2JnSGFUNEtBYXFrTWY3TWVKX2tmWmJFNWQySUh4RWZuQ3pqTHh4YjkxRnNzWHl5bDFReUd5ZWtHWWdEdTkzWVBpWGQ1M1BHUzBSZDRSQV9nWFNPalRKQlNmTnNBRDd5YWdJeWNzbE9vdFlHbld6b2xnekhtaFZNRG1OMUlM?oc=5,New York Post,2026-08-12,negative
OMNY,"Goodbye paper, hello cellphone tap: NYC to pilot digital student OMNY cards for some schools - Chalkbeat",https://news.google.com/rss/articles/CBMilgFBVV95cUxNZFoxc21fcFVyUzNrNkpua044MWJxSHZrSXgwLWRndHJtOFBwbmVMZ0lqRVRsdGxGVmoxR21IV0pQZFpkaE9mVFBxak1oV3RJOHpOTVUwTkhnczNtcVZvOE9iaFk3M3k4Z3Y1M3NRWEMzekxxdlNjVmR6VEJaNklINUt6YzNUY0ZtN3ZvU18zM19jWlh1aFE?oc=5,Chalkbeat,2026-08-12,neutral
OMNY,MTA boss says agency ‘developing capacity’ for OMNY to show balances and transfers to riders - amNewYork,https://news.google.com/rss/articles/CBMid0FVX3lxTE40T09RMndjUDFoVHFmVC1VX2ozRjVKd29BamU1aXpTWGRIY1d1ZURrZFJ1LTVUQ2UwWGtFemt1UFFlYkM1R0w3UThlWElrekk4NFpieE5PdkNQU0F3UHk1d0U1STF2WmV0cGF5cUY4WnQxYWp2bFI0?oc=5,amNewYork,2026-08-12,neutral
OMNY,OMNY? These bus riders still use coins. - The City Reporter,https://news.google.com/rss/articles/CBMiiAFBVV95cUxNYlIwRDVrY2ozLXFYWE05dGUzdUtsMTd3WnczZjJKVnU0WXpKclA2cUFXS0ZVVGZ6czEyV1JldG9mNmRrT2dvOTh3RzhpVXA1Ri05eEx6enZtX0JZVEE0Z0tWNmJVZVNwNW90VVRqVElxOU9FX214WDIwdjZUZGYwZ1Z4N0VpT0xr?oc=5,The City Reporter,2026-08-12,neutral
OMNY,"Students, pols call for OMNY card changes - Queens Chronicle",https://news.google.com/rss/articles/CBMizgFBVV95cUxPQzRiaDRhRUw3Sl8xLWlXT0VTVjVtNWhoWVVRTmxHXzk1RGJabGsxQk5rdmJkTEo1NkMwOXJHRHJBelBpd1dWeTlsUldPaTRDN0VsUmIyaGxmbjA3RmdVQnVQZnZWelBBd2lKOVNJT3ZzVjd2ajZUUUxwMk5DSEpTMXBTVUJaZ2lGaVhPbEdiQUtSOXJKeUE2RWxaU3ZSSHNjcy1rTjgtRGpDSm5WUnUyQkRzbTd6dnhVeXdKMTZBWGlsdlZPNkxHUzd2T2ZEZw?oc=5,Queens Chronicle,2026-08-12,neutral
OMNY,OMNY Health Surpasses 175 Million Patient Milestone; Launches Oncology Product Suite to Solve Complex Real-World Evidence Gaps - PR Newswire,https://news.google.com/rss/articles/CBMijgJBVV95cUxQY0ZNREotYTZUWVhuckgzdFhOYWdWa2cwTTE2eHNHNTlLZWZnM2pMUFNtSVJacHZaV0dtYXk5bWVCaE5JQzJDV3Q2N3FzVzJGV1Z4ajFycWFkckFDbzc1amJVTWp4OVVDU2RPa3Y3Nll4NVNOWkIzNnUtb2xUakJoV2psdXJ0T3pjMmtkYllYbkY0YTA4VXhSZHBlRXV1MVRuLUZnNkNpVmw5czZSTXNpN2VNYWlUbHlYMWZNRzVEUnh3OUJWVXRxRzdydkN0bmE1cTk1dGJoM3U3TWM3dnl5SWZoZEF2bDJNcmNRSE1LV2lwWTdBQjdZS3BQSnVSRFlPZjJ1WHlRU1RUT3lMUHc?oc=5,PR Newswire,2026-08-12,neutral
OMNY,MTA boss says agency ‘developing capacity’ for OMNY to show balances and transfers to riders - PoliticsNY,https://news.google.com/rss/articles/CBMixwFBVV95cUxOWEZFd0ExVEpVZk9Yb3I1TXRsalNZbWhEY0c2SDV5WGtxYVNFTkl6NlluaDNBWFJPSExaVkZZblBVTTlfSEJSWDA0SXZCVzJDNVZROWxubGN2cUM0SXJhYUJvb0tZNmZ6UE1sRDVZQXFubVNmMHItM3JsMU9fUDRJaUpwRUZ5V1dZNG1PbUV1OVBvMGxpbmxLRUlUMkdvZ3BXOXd5OHk5QV9zWDk0bWxZVXM4eXk4MkI1cFJ2UTJ6YV8tODlpQ3lz?oc=5,PoliticsNY,2026-08-12,neutral
OMNY,MTA developing OMNY software update - FOX 5 New York,https://news.google.com/rss/articles/CBMiXkFVX3lxTE55bHF4c01CLUVlUjVNODNUSlVHRk5RRmtOa1c5dGVKU0NabXpFdWdJTVZDWU5OMW5sOEQ3MmVsa1pNbGFFalRoa0gteGVWNjZNMk96UTJyODZxQVVxOHfSAWNBVV95cUxObk1ncVhBYk1fbGE0R0xJa2FXaFhLYklrbEU0ZnRvRDAyd0NDTk5MRXJWZ1hGU1hVQmJQSS1fdDBiUzNUMEJMeUE5Z0kzb0dhVFlCY3dpeVdSOXQyZXloWFJVSzQ?oc=5,FOX 5 New York,2026-08-12,neutral
OMNY,Expand Student OMNY - transalt.org,https://news.google.com/rss/articles/CBMia0FVX3lxTE9vWk9WRjlRb28tclFKd0JNaWhBUzhmZ3c0dzY2MW5pNGNBQ0pWdUtKVldjSHNwaHcyRlo1ZkU2NldlQ2l6enAySVBYU0RhQlRnMEgwVXlFcEpkX3hIY2Izd2dtaS1BZFZFZHN3?oc=5,transalt.org,2026-08-12,positive
OMNY,"NYC's OMNY Card Is Here, And I Am Full Of Regret - Aftermath",https://news.google.com/rss/articles/CBMiXkFVX3lxTE1NR1pWVHJKcTZnU3BOMDZIZnc1R1QyaHFpN096bVhYejBTRzVEUW9NQUtJNzZ5SmUwVFVRWWhQWDVDNnJfamR5dXczdHJVblhQVE5IT0xWZ082dGhYZUE?oc=5,Aftermath,2026-08-12,negative
OMNY,"OMNY processing issue resolved, says MTA - PIX11",https://news.google.com/rss/articles/CBMif0FVX3lxTE82Y1Y0VjBjYkNZT3VaTEt5ZTNDdHVtZ2otN0ZlVTVQNzYxXzNtLTlMcDBDRURzakpPdUQzd0NRclZMRzh3eVJvM1dVbjNNVlFYZ3dMUG55ZnV0TzlMYm1KOHhOcThKeTZIeENkZDh4OU1SREZjbXp6NC1DLThtc1XSAYQBQVVfeXFMTk9yTWZEalE1c1RFUDF2dmVpTkZSbUFTUmtSNDlUME1XTHNSODA0XzFRanVnRWQ0T0gyLVJxZVBLMFh5enpvMkkzVjUyQmhiWVFkTVdUaWVqVzdueDY0QWphWnFXSm9Lc2U3dDJETTVUajI2bEdmMFoxeVR3X0R3ZGhpb2c2?oc=5,PIX11,2026-08-12,neutral
OMNY,"EXCLUSIVE: City Council funds free OMNY cards for over 1,000 CUNY students in city budget deal - amNewYork",https://news.google.com/rss/articles/CBMiekFVX3lxTFBYakVQT0x3Tk5ycDVTV2htbnM5SjFJTHdsa0VTMTlyU05BbWRLVmpRSTNRSi1YM3NvMWdLNXlCUHpRZHdtVEI3ZUNlYzJOeUhpNlRkdHVhRkFGU3ZSdjQ2RVV1d0lfYkxfZ3hHbzBpN1dvVWdXdk96NGNR?oc=5,amNewYork,2026-08-12,positive
OMNY,"Take a survey, win a $100 OMNY card: Here’s how - PIX11",https://news.google.com/rss/articles/CBMihAFBVV95cUxPWHpoeERqZWZQU0VCOWctQWFNdWVGcVJIdzFKcEo4bnRUR0xLY1JjQVNRc2xLdzRMdVN1MG5kZ3h5YktBMXlLX2R1Vk51STBTTGF0R0JpZHZJV25UM3VJUHlOeHJNV25sV0FkdzdMd2hCdVhRQm5xYl91RmdWa0Y3dDBCX2zSAYoBQVVfeXFMTm1pUDA2UW9fc0xhUDdPS0lqNnl6VG9RWkYtTmFPQ3JUNXJwbS00Z0dkeEpYbFpUVTNLVncyUFJFQ0xSYTBSbGNfU1ZwbnZSRnI4ckZ5NzlBcGpWV0R6UlpvaVdIZC1NYTZMR3hrRFA5UVFJV2g0dWxXRHBTUl9ReGF6RElYcy0xZWp3?oc=5,PIX11,2026-08-12,positive
OMNY,OMNY machines are back up and running after technical issues - CBS News,https://news.google.com/rss/articles/CBMioAFBVV95cUxPRlY4QS1UQlFIZ0d5eFZ5YXhGZU9qczlkV3RuN1VCb25WUHpyeEYyUTlOQ0c3bUpCeUFWU3RhU1NEX2IyenltM2FHLUxjX3BxTkNmeG1TRDRMd29wTHVfVjh5Q1RlWTBRbFNwVHRQSXlfV05kTk9GdFJURGdpaXZpWWV2dWtma0EtZ0VkaUVSNEFYTzlna1pQMld0bDJfNlRF?oc=5,CBS News,2026-08-12,neutral
OMNY,Riders will see more handheld payment validators on city buses - Spectrum News NY1,https://news.google.com/rss/articles/CBMi4AFBVV95cUxQX2NWS0xhUW9vNUE5U0JzbVZZVnJHVVNybFBHdDgtQlFuQ2VtYmlPN2kzMUVaZ2hucWtrUDRLbjBzYU81dEJuaVJxeS00aVJscDl5NmdlSWl2RjI5TEl5WERlLVktanlDSlh6Nkh2X2VxaGxOVnhoMHpLeEhOamxtbHJROUZKaE5jbEVoRHVlTW84c0FTaEljVlNxc05yVGw0WTZweWcxS0E5RlNnNXNtaVE2Y191SWhHbUttN0FaT1VLSS1MV3NwbXlRRnNGSEVFNnE1ZGtMczM4LUZqTWdOMg?oc=5,Spectrum News NY1,2026-08-12,neutral
OMNY,Westchester Prepares for OMNY Rollout with Full Bee-Line Installation - westchestercountyny.gov,https://news.google.com/rss/articles/CBMiwgFBVV95cUxOX0xQT2Z4ZUQ1THdhbGhoRmFMaGJFS1c0elhYX3VCWi1ITWxGZHVGeWlZdmtQNVk5cGh1SmFBcXg0cHhDTkR1WmFUcVBpczVrWG1FLXZJQnhiZ3JtMjh3b0ZkU2NGQmJqOWw1QlNudmc5TlZZVW5HR1dENnJzdzZvLVM5YktfdW5oUERaV0Y3bDJ2SFFXUTBxT1E0NjJiaXFFc2hOQ0RoRFZ0MU9ZT3h5aXlaeHR2NDgxRks5V0hpZjMxZw?oc=5,westchestercountyny.gov,2026-08-12,neutral
OMNY,Manhattan man encounters issues with the OMNY senior discount - NBC New York,https://news.google.com/rss/articles/CBMivwFBVV95cUxQOE54cGE2cmlLZ1Y3YVE0elBuY282Ym4wczFUNHpFNlRhNGxiUzQtOHU5YWxURVI0U0xyekZISlhtTDExQ1IzSjB6Q1V5bV9TSmZEQUt1a05YcDA1RlVoalBNbFNXTWxiYWdjcEsyUGI1ZktidVBQRzN6Y0tuem43SnBVMllJXy1MNFFqaXF3RzZrYWV0OU93SG04Zk45M2xMNm43NEI3VmQ0cVpLQTVwb2h5T2h6T3dLa3FwYThFONIBxwFBVV95cUxQcm9wUllqNXVMZzg5clpab2NKTlJNWnlMd2JwYklKZWRjU2pDOVBLWWVsdGwwOTFtMDV5TFJqczc3bDU4VHpzbXY3T1pSenpfcm9Za3lYRWRtdWIxTGtPUUIwOFFNNVFXandnbHI4bnVjVl9WcUQwQ3ZQS2hXcml1cjRBMVhQNEp1ampYRGhGYTFJWkwzcTFQTmQ2cmJlTlE4eTQ2UXdnRFJ5a1N3a1F3SGMzSGtwTjdXYWxwU3F5MDJNX2REWnhv?oc=5,NBC New York,2026-08-12,neutral
OMNY,"The MTA Is Auctioning Off Its Last 60 MetroCard Machines. Bidding Opens at $1,500 - inc.com",https://news.google.com/rss/articles/CBMirAFBVV95cUxOVUJueTVjZDZPTkE0NXEzVUowQWYxaW10WDNPZXp4WTltaURCcG1idmEtTVBidWNVOXJnMERTWmJuUkdIM1lmY3FXQk5IQnpkOXp3eUExNVB6SWozZEN0aDRFQWc5YV9MdHRpYm5JeVRVVVU1Q2VQVFJoZjdHTHNWY213RUlnZEN5eERMYmdRNE5fOW1HWUtLbDhJeGFtTXZXcDlvQ0R1MUZvOU0y?oc=5,inc.com,2026-08-12,neutral
OMNY,New York puts the last MetroCard machines up for sale following the rollout of the OMNY system - De Último Minuto,https://news.google.com/rss/articles/CBMi4gFBVV95cUxOeVo2bkZaaHVaZGxMcldzaWJVOEpkaFpjc2Y4aVp1c2NORUR6bVV5dXNhUGtIc1doRUhTTVdjaXVMUldrT25OTzh0dlBSb3ppQ0RwTjBGU3NuVkZ2bEpkaGRMUnZKSHhYdzM4bUJsNXZhZzZnSWU1QXd3czJxU2o5SzZNNDJxZ2l4Q0JZMTJ5d09vZUVDQlByZ0Y4TU5pSXhwNUVkY2JrWXQwTndYcGdKUG53WlNGRGZFbjRtR3BBN3RQQ2JyenM2TnR5Rmx0VkRYRzBJVnRsX1QyX1BTaWZlLWZR?oc=5,De Último Minuto,2026-08-12,neutral
OMNY,MTA pressed by riders concerned about OMNY - PIX11,https://news.google.com/rss/articles/CBMiggFBVV95cUxNcmI4ZXktRjNuc0NiaDdkZDNIZjY5ZzQ4d012V2l3SDZvNE82T2RET3otclNBVFFVQ3N5dmtNOXRNV3FrcVAwZ0wwOW9WY015YnZwS29FaXg5QU9FUUp3em5GTWpDS1JxaF9KLXpjcjlDNmRBdmhsenZET2NWeHJvZi1n?oc=5,PIX11,2026-08-12,neutral
OMNY,NYC Transit Just Got Rid of MetroCards for Fares. The Successor Could Put Your Privacy at Risk. - Reason Magazine,https://news.google.com/rss/articles/CBMiggFBVV95cUxNRUFYSXo2NjhWRUR2RFZRRTJYMlBIUDRoZEpjQWZYVGsxUlZua3JQV1labEZwczB1a1hHMl9LS2dWYXdhSmRTTDFOR1ZKNHdONHRuZ1lKNVlCVzU1aGxKak9LeXhQdl9Va2RST0JBQ2lNa3VUc0I2Ri1oa1puZXhncVJB?oc=5,Reason Magazine,2026-08-12,negative
OMNY,OMNY celebrates 30 years of service to local youth - GCJ.news,https://news.google.com/rss/articles/CBMifEFVX3lxTE5LVnFsMDJyVGd3VlRDYjhRcENsc2tFa0lpMEY0d19LVlRoX3M0V0J1Y01UTjlHZm1Ma1oxbklFV012Ukp5ekNHeTVEUHphZGQ2NVBGSDVZRU5JUEw3VDRTcEstWllsZHY3RmpEX1VuaFNLLW13XzJ6RURmMEk?oc=5,GCJ.news,2026-08-12,positive
OMNY,Where to find an OMNY card in NYC as MetroCard is phased out - PIX11,https://news.google.com/rss/articles/CBMilwFBVV95cUxON3I0YU94MWFETGJGTEtIUk56eVI5V25JczNueVNyOWdQbHB6Wnc1c2Z0TDc3eF9USk9kNGlXWXNNbV8tSUFEdEdnTFlBMWdQU0xVQjh5S1BmVV9yNUlWSWJlRkRUWGdrVmFhYXY0R1k4czg1SE44ZndJa2I5OUZoS0pfYjdjOTZQQTJVc0Fqa0N4QzUyZWp30gGcAUFVX3lxTFA2bExzSGR5Z29ENWdUbWdnNU1VTTVrLTh6dGpodlh2ejhVRzc1VXFabFUwUjl6ZVJ5Um1mMFpNNXRDLUQ3cVhzclNNczBxbC1UVmN0S2VMZEdlQXJ6Sm9aTmtRT2JFLS1lQXM1b1dfOWwxa0Jjbl9Vd0tmaldBd2t3VXBlM2RkVkhOTFpPZmMwby1ycmtsbEp1VjhvYg?oc=5,PIX11,2026-08-12,neutral
OMNY,Nyc Students Say Omny Card Problems Are Leaving Them Stranded - News12 | Bronx,https://news.google.com/rss/articles/CBMivAFBVV95cUxPRWY4TGUxbTBTSEhLNTVpdVNMcEE0ekQ4SW5EWHU5cjhHN00yWFptYi1LTnVmZ2pLNVdhRVh0NXBZZlBBeURKTThWWS1wV25pdEV5NFZ6NXI3alRwRzcya1FGbl9LRi1LcGZxUUN1OThBUjRwYkQ4b3J6c2M4TkNSajdRNWgxcHl3a1UxU1NCZVdId25icW1LaEgyREhBSjRlakRrRkRnVk4yMmJvMThNTDlQUmZiMWFKUEJ5eQ?oc=5,News12 | Bronx,2026-08-12,negative
OMNY,MTA contracted subway guard accused of pocketing cash for OMNY taps in Brooklyn - ABC7 New York,https://news.google.com/rss/articles/CBMipgFBVV95cUxNdDBRM21QSTQwN0ZnQUd3RVdiZW05SFNqUnBad0hLaWJqT3JpdU1HaF9oS3FCb2lBUEJ4TDNMWEozQ2x2bkF4dzBsbFFUNGU5cVNPeW1RcHVWdGxNLXgxckUweFI4a1BKMVJPU3B1WEIwaVhWOEpwMTN4bFRGNFAwUkVtNndPU1VNZnNJTG05blp5TDN0dkN0MmJTSGJTd1VJVDlPWWNB0gGrAUFVX3lxTE41TlhsQUlNRFo3WlNRanhtTk1Nd1lqd0dfM3JUb2tOR2g5bEpCWDE3ODhLcEttVXltODRFQkt0LS1temdqUEtTT1ctZ09OOXVXRjVWZk9sbkxHaU1pQVNGcmtPOGt1dkc0RHprdmJDdlRCUHp4V1pPaUd2NUEtWkxta2FYTzBUZkJLSTVjNnJMbklhMm9aQ2pHY2tYNUJJbFktaUxkWGt5NkE2RQ?oc=5,ABC7 New York,2026-08-12,negative
OMNY,Free OMNY cards coming for some CUNY students in new pilot program - PIX11,https://news.google.com/rss/articles/CBMiowFBVV95cUxOSm9hblRVN3h0QURZNlcwQ1RnM3pvc256a2xLelZtdFYzWlRobmlZNGI4bDBNVG5Cdzc3b0NpOGoyMHBzLU5PbF8wQ0ZyRjgwbjhhdGNHckgzLWpKNTVkc2MwMl9RT05CMTEzbXdnREJ1QV9mWWFCVS04SXpGQ2ZCR21rWkdBbUcxYTR2MElxcUtJYzJJcnk3aGF1V2w1bUVWTTBF0gGoAUFVX3lxTE1kOFVybmJpd1B4bUJEVGt1Mm51UGwxLXFSUVZMMzQ2UE4ya08zUW1Ha3dHeXdDRnBqelN2bEVSQkZYcFNXTVBFblVDbkdTVGpmNFBvNUx6a1JzU2swT3ZHeFVfZ0tuaS1CZzlBQVlYeXVteEV4QzgwXzZ5OExlcHl0QUpNOGl3UUVUTWw0eUFQeGhieEN2QzFHdloydjQ3dFFsTXVXUHlNWg?oc=5,PIX11,2026-08-12,positive
OMNY,Bee-Line fare hike: OMNY to replace MetroCards on all buses in Westchester County - ABC7 New York,https://news.google.com/rss/articles/CBMiowFBVV95cUxQX19mWS12TU05eFV1M1Nfank0UHVXTncwZnBpWWx4QWppR0R0VFB3Wmo0X1FvS3VUd0FPR0dhNDFCbWprSnZ0YU5ybDdqN0pjWTA5ak5GbXVNRHpybTdnYllvdTdYSW5UdFZiOGNMR1cxQUwwSi1fYkZwN0t2dzBaUHpkSDRrekRXUzlGNkFidnBxV3JxYW55ME5xel81SVQyMzV30gGoAUFVX3lxTE1FOXpsTmotNEp0SDV5RlJSbXYzRkJ1cmpfTjRwX3dSb2dDb1c1NUF5RnFmaHZvWXY3NkZKTXkzeFd6TWxkSXpBM0pmRWE1a2ZtQndMcUJlMXlVMDFLQUJHeFRVWk84UjFqMjdGUEtSa0lzRVZBMWNzSUNrRlYyWTJ5Y1d2dVFQR2pEZGpDZWFyb0hyQ2I5RlBpeWdYSUhtaFdFRV9BQ0x3bA?oc=5,ABC7 New York,2026-08-12,neutral
OMNY,"Kids demand fixes to NYC's student OMNY cards, saying flaws encourage fare evasion - Gothamist",https://news.google.com/rss/articles/CBMiqwFBVV95cUxQd3hHMUsya1BERUpDOGMxaVVsZFRMQm1wQlB0UXo0NXBVQ3lKR1dUQVR6VWNUbzk1RmJ0RE91OUVQUDUzVkJjTElJSkR1eG5UZWg0eTR2aFR4WG5ZZHBLWDFMV0pna0lXUU0zdEhmVG1FM0RFdVF5QTdEMC1EN0tjSVZZTDkwWkhWOU41NEVLVzZnNkRoYk56anpUWDA1Y3Q3ZHdVLV9VLWd2dmc?oc=5,Gothamist,2026-08-12,positive
OMNY,Some NYC Schools to Switch to Digital Cards for Public Transit - govtech.com,https://news.google.com/rss/articles/CBMiowFBVV95cUxNdHNkdVBnRXpQUVVXSk5qZEZSOGR4aWxIVno0cEw3UzNFTm9LUWlxNVFhUUh1cnBvNk1Bb3ZpTzM1dnhOOGNIOFNIbVNWdGhiY0JEWVJlcTktMVIzelFyUGhCSVVJanVESkphaGJBZnVWWEtZZlJrdGMwVk1FczlKZHphdVJBRTF3R1hTbGVTM2lBV2k2ekRfSHlrbllSVnEyOXdJ?oc=5,govtech.com,2026-08-12,neutral
OMNY,Farewell to MetroCard: NYC commuters embrace OMNY - PIX11,https://news.google.com/rss/articles/CBMiiwFBVV95cUxPd0dwT0lrRzFTMXY4WUhOckNUa0p4a0tCS0lkOHd3QWE4ams2LVlVeEFRYngtcFpJdV8xdmt1LUY3c0NJM3AzV0xHeVVwTjVlajRjMlRwVER0eHdqZ0V5dlE3dV80bVJVSUtET2tjTTdyWXdsYzZDLUhaSTdFeFg5dWVzMmpST19aZkRN0gGQAUFVX3lxTE1naVlTMExxZkZ4b2tCMWRXaG5uZ0hEVTZJLTR4S0dCdmp1dnVvMHk5SmJqeGVCUUhoV2czZndnT3c5OG11N0JMMG9IV29HT3luamRRNGpERDItTXNzYnFtNHJ6M1dKZVlUYUpyZUQ3Y25fLXJBZXdMNDV6a3hLOXc3RWktbGlPc0hrZEdjQmU4Mw?oc=5,PIX11,2026-08-12,positive
OMNY,"Opinion: As MTA Moves From MetroCard to OMNY, Accessibility Must Come First - citylimits.org",https://news.google.com/rss/articles/CBMingFBVV95cUxPb1Fub29nc0dBOEN1X3EwUk04NEZXS24tX0JQUTJZN3ZRT0lfNTc3R0NMQzFTUlBadWtWTmZtLUpSYVJvUDdHN3BPZmVUYUcwTHJQMUlYb3pxeHNZTG12NFZXS3dmYzVJV2UxYzBmQzRUd3lTdE1YM29RRjktVG5qakJIbTVITGgxT1BIS2FtQTZsSDFuazBkaWF1TnNVdw?oc=5,citylimits.org,2026-08-12,neutral
OMNY,When do student OMNY cards expire in NYC? Things to know - PIX11,https://news.google.com/rss/articles/CBMilAFBVV95cUxNMEI3VGxVX0NFMHZlNnJOTWpWeDV1SHVyR2tkZnBpYm12NnVkWmU1OTRucGpBVzRteGFMaHlrT044UVFPTkZPNlN6d29Vd0hsOUNZLVlOXy04MjZBV0VWdUVtUl9vNzVuOHBiZ2dESzFHNEM5UzhFYmNGWTFVRkllRENBR0R2VEdBYnJhWmZDLVB4NjY00gGaAUFVX3lxTE1PSGp6ZGNNNHJfS2pDUWZ1aVRWWkNObHd5WG5LUnRTVFRsc3lDNnd0aVp1NXFxaHY2bDZPeTRmd2l5Vk10VHZOTkl3MWNRU3NKYzJhUU1DRE03VFRNUDdhSXJ5RGplRm1EcVdaanpha2tjWGhiYzVmWVNQS2xLNmRqSDhYTjlQRDB2ek1WY2VlV0xRa3FDLWR4anc?oc=5,PIX11,2026-08-12,neutral
OMNY,Security guard accused of using OMNY card to let people into subway for cash - CBS News,https://news.google.com/rss/articles/CBMitgFBVV95cUxOQWdxYm15dUtzNjhmcktYQkwwb1JZWXpRUUkxa2xMQ1JGNzA2OFdCb1M4NDZLV1gtUlIwb0xZNTItY0ZwTURQaktGa2E3enJKMVYwb2o5bV8wY3A2alhxdjI3NDFDRGx2VGU3ZXJGMXYtUzZwS0FrUHZxM1dvV1IzSl80V3BuV2l1X2lxcE1zUU14a212UmJKR1ZIaTQ0OGlpZkRfeks3MjgyRmZLWExTUkpYRGJqUQ?oc=5,CBS News,2026-08-12,neutral
OMNY,The Bee-Line Stings Riders With a Last-Minute OMNY Rollout - New York City News Service,https://news.google.com/rss/articles/CBMipwFBVV95cUxOTHAwQTlEUDBEUVJXTUdpWHlBc3UyUGxRUktrcURVeHZUbFhEcTFrTlI1a0pndmJkX1hFTTRsaGtlY1VRQ3pWNVpYakhkYXRvZDU4Snk5M19QSEkzcHZ2ZGM1Z08yazN1c0RtNl9tZVkyNXJmdXg2MWNGVC1RdFRUdjZaVVlZZzZOWUVIUHJtellJY2g5YjRTREtOMmRyNjhZajRIWExPdw?oc=5,New York City News Service,2026-08-12,neutral
OMNY,MTA gate guard caught on camera trading OMNY swipes for cash: agency watchdog - amNewYork,https://news.google.com/rss/articles/CBMifEFVX3lxTFBhOTd5MmY5VTFZZWMyTjg2TmFXT0RpYTZiSl9SM3hpTGZtQmhiQzE0bDlDMjY1T2tIRWxFQmNkV1Q2VVI4OHcwXzRSSFl2MW5JRDVaM2lvbEZWT2ZtRFEyRkc1ODJKV2QzUElWVFZtaHNqS1k0ZFNoMHpxVmU?oc=5,amNewYork,2026-08-12,neutral
OMNY,"Borough President Hoylman-Sigal, CM’s Marte and Restler, Riders Alliance, the Permanent Citizens Advisory Committee to the MTA, and Students Rally for Expanded Student OMNY Cards - transalt.org",https://news.google.com/rss/articles/CBMidEFVX3lxTE5LempCNDNycnZFN0M4bmxmREg4TTU3QWc1bG1FeE92RGUySmJ4bWE3blYyRTBjQzA5bGF1cHdxQWhUbkoyb0NuMXlyNVh4S3N2b1R5Mm1uS1lmbGNkOXppVTN5c3pxZFNHTGFURUVGSUlJTm5i?oc=5,transalt.org,2026-08-12,neutral
OMNY,NYC commuters face OMNY problems just days before tap-and-ride system becomes only option for NYC subway fare - New York Post,https://news.google.com/rss/articles/CBMinwFBVV95cUxPVi0xMkhKQi04ZUlLZmVtSXRPZ1E0a3E4NWhSZG1lVzhkaldFUldfcmxwZXZMeWFHMURYM2FEdkxJZ0YxTkNjRlNrUjF5OXlxSVZmVUkwRmxGMk13V2pUc1dTS0RCZHdINmppclgzdEx2YzVTdk5HUHdIbC1kMUY1MWNNbHRxU29oWTlrSk9FSXAzTXQwelV1aVVsR1lQTDQ?oc=5,New York Post,2026-08-12,negative
OMNY,Some NYC students will get digital OMNY cards - CBS News,https://news.google.com/rss/articles/CBMijAFBVV95cUxPZTlIMFp2dnAyRjZncGVoRER5UlVJWGpsSGxRR0RKazFqTHVxMVFIeXNhNndWSHhNbi01UTFjS2N3YlY4b01qbldTQjc2Vnl3ZXZlSnpJZFVyTmVZUzZZN0VNRGVyWGxXeXZjaHJUNTFhYW5mbnJ0VDhKVTdqeE5aSTBUV1ZmN2pQLTRQUA?oc=5,CBS News,2026-08-12,neutral
OMNY,New York Announces Upcoming OMNY Fare Payment Milestones - Metro Magazine,https://news.google.com/rss/articles/CBMilwFBVV95cUxNeHROb1gtV00tYXktYkVKTGJwSDhPWlpiMWlqWHBOTENSMFhpa2RZS3lJXzlkU21laWtNajRXZXQ1RFU5VVhCMWx3ejlSbWJTYTdwYUdBZzcyUllQMjVRZlp0V2VBVXJPUE8zQmUxdWRSSkZxWjZuT2E1R3Q3bW1rVVFya01oa2tJYXg3V2FnYmhlRjRSbnFV?oc=5,Metro Magazine,2026-08-12,neutral
OMNY,CM Ariola calls for ‘unlimited and universal’ free OMNY cards for NYC school students - qns.com,https://news.google.com/rss/articles/CBMiZ0FVX3lxTE8tZWNuSk0ydlBtaTdLd0lqaUVBMkRDNXNLeXZ6OGVWd0UyMDctSHB6N0tOWmxieHZ2cEdRMlNnaGlvRjhXdS1IM1lMMkVyRWp6TkRyT1lHMUZHSHJ5bTlUWE9vUWZkWHM?oc=5,qns.com,2026-08-12,positive
OMNY,Push continues for free OMNY cards for CUNY students - PIX11,https://news.google.com/rss/articles/CBMikAFBVV95cUxNOERieXlNeXR3ajN2b3RYUzA3VjUzYTJoYzJDbHNpcG9UeUd1Ri04cUxiSjRJMlk0OGxRQnIwVjliQ3NCeW5HQUdjN0MzMHpDTTZMWTRlMDhtd2NSbFM2YUFEYm0xaVZpempvRkFmb3o1MWVqOHRhYk9nMzdlcURBU2FweXVGQ29kWmJ2WmwtUjbSAZYBQVVfeXFMUHFjSEtjU3c0MnlQWlgyWWdvYTBtQWhLWTN6dU0yQXZnV1VQMFpySGx4OEZGcm80dkFhTE9SU2FHY1VGbmVsd29mMDRvbC1DN2U3RUxJdGR5SE16YjJSem03U0R0ejIwak56c0x2QnRURmxEWm10MlVEWXhPUUYyTkFSdmoyZ1NXbjNaaEpYOTM0SFlHQ0xn?oc=5,PIX11,2026-08-12,positive
OMNY,The MTA Is Doubling the Cost of OMNY Cards: Why You Need To Buy One Now - Secret NYC,https://news.google.com/rss/articles/CBMidEFVX3lxTE5OS2FBT2UyVjkteEh2UTN4LU9XWHNFQzlOY2JvT0lWaXV4M25UN0p0RExzQnZPSTdRbnFwbGlJVk5zU3NRbWx6R2I0TnY5dHJlQXR4blBfel8wbzI4OG5vVlhvenFoTDE0REhEYjlMVUJER3Y1?oc=5,Secret NYC,2026-08-12,neutral
OMNY,OMNY JFK AirTrain vending machines are soon going to be installed - Time Out Worldwide,https://news.google.com/rss/articles/CBMirgFBVV95cUxOWHZNYW5raEdqSGNWLVk1akZpcnhycHNjeWJYYmtneHNCY3pUbXVxcVFSVnhRMm1pTHB0Wmt0d3lJbVBETlJ0b2ZZSjh3S1hWQVJSZ1hCYm9DRnFxNG5WRDZ0MC1OWnlVYnRGcHBkUzJ5eWhpbFVsd2FreHYtU1pIOEJ5MkJxYUZ3ekN0VmNmdnJScVJwTWdLWndTVVJ5c1owel8tbVlidllIMDB4aHc?oc=5,Time Out Worldwide,2026-08-12,neutral
OMNY,Civilian agents with handheld devices are being deployed across NYC buses to verify tickets - Time Out Worldwide,https://news.google.com/rss/articles/CBMi0AFBVV95cUxNRnZLMHZvdXkzR0tMS0VPRTNPYkZYVWpQU0dWYUphdGE4ODBXQWpaN0JQSldxWUY5Y0Y4OUVzUVl4OFViNm41NTBNT1VwYlBFLXYxdy1mSmx3YXlZT0Q2TXhyenVPTXg4TUJ0VW9pem11dnUwS1JfSTNfektVY2R4cHZ6REs4ZFdRVjNfSzZLZDJzckdiSXBGQ3BSd3hKeXZWU0pJNThidk4xZzVfU1E5Uk5wUnVBY2JzWC1PaVJ0aVlrcmRVNTc5WmZkS2Y4bF9Z?oc=5,Time Out Worldwide,2026-08-12,neutral
OMNY,3 things you need to do before MetroCard switches to OMNY - PIX11,https://news.google.com/rss/articles/CBMilwFBVV95cUxNcFNrUUV4TjNNcFUxbDlBSmVuVzJ5d1UwX1hUSVNJdGQ3TVpzYS00Z2Ztb1BldmdVeTZDOVRKMi1EOXl2cDBhbUdYcHlwamJ1M0F0MllCcHA5T1ZnUEp1VG1WaWp5eTIwTTlyMU45Qm5Cemo5RGEyZWxaWDE1Q0MwNTlPR19WVkRJeE5ZUnF0WWtQNGN1X3lV0gGcAUFVX3lxTE5Pb000bFBocWhseHB2RkQwb1cyeDg4dWRlcm5ReUsxYnEwWWJkLUF5QUdmcktoLUJrVGp5Q2E4M29VV2NBYl8tSkZ3eUI4OTJidFNYQTc1VjNqVW8zRUhWM1hmZFJIOGVpY0pqcktSZFRCa1Z2RS1sNC14b3VKS1JtZm1KVGwtbnVrbS04M3pBN0NUNnF2aXBEc0JkOA?oc=5,PIX11,2026-08-12,neutral
The L,The L Suite Webinar: Playbook for Shareholder Engagement - Practical Guidance for Today's General Counsel - Wilson Sonsini,https://news.google.com/rss/articles/CBMi0wFBVV95cUxORHozaUJnWGwxR2RMQlpfUVhPczk3ZEl4Q1M1bk95SGxZV1JqMElHeXlDZlU2ekd1THV4SUNRS2VzQkxxZGdyTG5RS0w3N19QOTFNT1dCUnR4TU1fUkNEZndUX2daRElFTkV2Z0VCSC1XNnlTWkIwb1JsbWgxa01OaXd2V0tjRjRfY3czRGtSaVNDY19NYkR3aXZhY0pJcV9JTHdGUWpzRVVzN1IwV1ZGOU8wTWFwa282QzRqSXVLTEQ4cW1td2k0N0JnTlNvWTJnSEJV?oc=5,Wilson Sonsini,2026-08-12,positive
The L,The L Suite: Inhouse Community + Legal AI - Artificial Lawyer,https://news.google.com/rss/articles/CBMiiwFBVV95cUxQLUM5WEhzbzV1VnAxZTBpUzhFb2tLcmxtM3hCMkxYcno3MDBlamtwLVpXdlRmOHFSaU4wWkdNdVJHMy1KdjNpT2JlNFNtaW9pQmRxMDFYa2pmMmR0RXpibGMzbGlJYW9wdmRlb25uanNGSzloWjhYb3pZUGV5dmFySGM5c3Ytb0Z0eV9B?oc=5,Artificial Lawyer,2026-08-12,positive
The L,"L’Oréal Groupe, NUS Medicine Team Up to Advance Longevity Science - The Dermatology Digest",https://news.google.com/rss/articles/CBMilAFBVV95cUxPdm0ta2diekVKMHpwRUg1Tm55MzNSczIzSmxDODk2c1cwek9iX1pCX3l6TkQzc2tvUDdGcXRqM1BJak96My13dk96SVhXQlBtRXNCWm1BSzE5RkFmMk5RQlFVeUttT1k0SHI2UElvMGZtNVBXOENHNXhWdWxydXQxSVVQTTN6VWJ2ckVadXpPaDZ3NGdt?oc=5,The Dermatology Digest,2026-08-12,neutral
The L,Ray Gregson steps down as CEO of River Region Chamber of Commerce - lobservateur.com,https://news.google.com/rss/articles/CBMipAFBVV95cUxNeS1sODI3UDZJc0d3UDVJUmJIUU1OSld6QXU5WjFydEdZQk9JLWt5UEV1VGo1RUlOSHVZVUZ1WFh3NFNDMFk1QUZyZlVjbXB3cVMyQjNmSGZ3MGc1bVF1bzhDVTNxbFIzU0l0UVBKaFBuZy03Q294V1E1Y2NfVS01RkVrVUpTQmxZbkhxeG01ZnhQUXBBSjlhRWpld1F6SmJRV3c0ag?oc=5,lobservateur.com,2026-08-12,neutral
The L,Intern Insight: Yash Santosh Prabhu - New York Institute of Technology,https://news.google.com/rss/articles/CBMiekFVX3lxTE9PUHhRUjJKb2Nsd3ZLdnRVY1JtMTh3WDBtWHJwbU55MzVtQTZraEZ3MHR0TGVDQjdJNVdwUllNbXR6MjhXSXZPX3VSWmZZQzA4cW96VWJ6Wk94U1ZGMkR0bF9kVUcwYnUzU28xNzR3YnZEb195N1huRDFB?oc=5,New York Institute of Technology,2026-08-12,neutral
The L,Pilot Games Redefines Electronic Instant Bingo in Ohio with the Launch of CabTab™ - The National Law Review,https://news.google.com/rss/articles/CBMiqwFBVV95cUxNaGUzdzdINWplVFBpZFVwMFROY3J4Z2FGWVlWaVVMN1lBcWhiMkV3QW1pRXlLVXhMd0RCRGdVUDJWQjBaN2VBZmNtOVJRRE1VaG5raExVYWhPU2hBQ2xib0NXalRudEtFc2prcF9JbmJlM01maDNrRG9zVG9FVEotaGh4U0FoY1d6YkF5aWxOYm0yTUZNRlJhUHhKSm9hNjNRM2RXcUFieVBDMDQ?oc=5,The National Law Review,2026-08-12,neutral
The L,Supervisors of the future: ALS Class 26-E Graduation [Image 2 of 5] - DVIDS,https://news.google.com/rss/articles/CBMiiwFBVV95cUxNMUo4bFJyZUlDN0RjLTVzUENVVVpfZEZVRjIyWTIyWWVQbTV1R0RkS0FaUkhNQXNONkw1ZF8zVWNuemRMS202YkpzaThIT0tvbDcycTlrci1CcDJNZUtHWFNINDRFaS1NeTh3UjRpZUlfakhxM0x4NVBVenl5S3Q1Q3JVYWVrZlVKRWd3?oc=5,DVIDS,2026-08-12,neutral
The L,Bay Ambulance seeks resolution with L'Anse Township Board after years of inconsitent millage operation - WZMQ 19 News,https://news.google.com/rss/articles/CBMizgFBVV95cUxNQ0lKS1p3bDVHNzViZDRSQjRSNWNTRWVPbEVFcHJ6cmxZbWVHdk5GR0pjZkZOMnNBNVlmc0VITjdteGpXd3d2cFdfOWxFUER3OExKTF9pRC01cW1CbUxwNzNUWW5oV2tDdU5VVTAzRkhybmhLX1lZeUF0Ri0xZ3ExLWt1U2J0bDlxVFhLR2ZsbXo2ZU1UZkFLN25HNjdoQUVlTlVLTmpLeXpmVU51dVhxWVNIUjBHY2tsb1J6WjcyYzNSd0dzUjdXOXJzQy1Kdw?oc=5,WZMQ 19 News,2026-08-12,neutral
The L,Album Of The Week: L'Rain 'fata morgana' - Stereogum,https://news.google.com/rss/articles/CBMilwFBVV95cUxQbHNqUXphb2ZRQXY3bUZRdUJNQllWYzUtQkZ2MlpsVm42c3VOZURMa3lVQVU4Uk5TaC1nQW5MZmkzTjVVLWRaZFQtWklTd2pidXpzMVh2VWtYeXN6SzRaYTlmUEVQQWItTHV0cXhwR3c3XzROZ0R5YmJUbXV5LVJhalVXdzVMNldrdFlFZmlLc19BWHFqOG1J?oc=5,Stereogum,2026-08-12,neutral
The L,Becky Hammon defends load management even if Aces have to ‘take the L’ vs. Liberty - The New York Times,https://news.google.com/rss/articles/CBMimgFBVV95cUxNSnQzUnN3emFrWHpPSTlOQkdUNzdPcERtWWJ2M25JdWE1N1R5LUttZHBMNzBhMkhIWjJHbmZUQXJ5MkRxcFRyTF9QUGNBOVlpekUwWGZHRmJfOWJwaXJ2a21vQkp2THUwS1FjWk5YSHNFRm5POHd1cll0U1Q4eEY5akc4MXFPNUVpaURacm14V0xJVE5WMUFORWdR?oc=5,The New York Times,2026-08-12,positive
The L,ReelWorks Denver Becomes The Second Venue In The Americas To Install L-Acoustics DJ - Live Design Online,https://news.google.com/rss/articles/CBMiqwFBVV95cUxOYXMtamZua2swdUZiMnBPYzZVbkpvMkpQcHdNd3Q1QjYzaGpxd2lHalNFVmVvdnVBNWliYnVPbWYwMGNLVFNxM1ZSVzBwbktMZ3U0aTFCSjNwVHNhUlV5NU9DbUw5WFRzUDFfempvTk5BRG1vOFNIV3oyR0FPX1JNekx4cFBSdUs0bDc3TG0ybXczSmxxc1NKdnlLNVhXMnlaYnF2UmlSZXk0N2c?oc=5,Live Design Online,2026-08-12,neutral
The L,SPORTS: Aces rest the 'Big 3' take the 'L' in NY & Raiders Jalen Nailor gets mic'd up in - KSNV,https://news.google.com/rss/articles/CBMitgFBVV95cUxOYzRReGhlTEVCOVpTN25YNER0a3hBVjdXMUp0a0tmaWdLTDdiMnN3YzlJS0VTc2o2ODJJV29aUUh1Yzl0SmplclVrV0xEcHdXUjJYQk9vNUFkVmlmdEdRN1JwMC15bk5GOG1wVE9DUUFVM05QM0VEcTk2UHQ3dFdlMWp5eW1xUkRJTjBZTjd2N1p4bHZiS3pOS3k4eTZRVWtqSy1WRHVvTlNJRzNobk5qOVlwQzNtZw?oc=5,KSNV,2026-08-12,neutral
The L,L-39 fighter jet steals the show at Sanderson Field Airport Open House - Sault Michigan News,https://news.google.com/rss/articles/CBMitwFBVV95cUxOVzh6N1JxTGRicWpHSE0yV2RVeGhiMDVCaXpLd1czNG5wMnNXa1V0ZUllby1aeG5vNkRReG1KYS1vOVhMdGZLbkttZF9lT2t4NFBxVVVMQUhaUS11QWJCMFdJM0ZCckZrU2ZtaFBKVkFxdVV6YWd2anE2QXlVSkR0Yk5neVl2azdxallVTmZVMEUwMG5VNFNfQWI4WXJtdkpQTWFpYVhJN05FUTdraVZ2dThXQl9EQWs?oc=5,Sault Michigan News,2026-08-12,negative
The L,Robyn McDougle named interim dean of the L. Douglas Wilder School of Government and Public Affairs - VCU Wilder School,https://news.google.com/rss/articles/CBMi5wFBVV95cUxQMXo4bDAzc0k2eXE1MmU2eWo2OFZYYnBpUHZyS1J6TjZLLW8tTWZObjM0NzdIeEh2MHVGaHM4dzF1Vkt3ajJEQXBjSVBKdVEyMWpKUGdSSEdEcHdaY000RmY3aFM4c205eUp4WnZLMExTY21ocDNwZlNoTWVXRmItdVRUUm9DM3p4YURNdGprZmwwYWl6YU82aXpCbURDWmVITE5jdi1sbGRHS3BFM0RyVTNOSzFPcUFkN01ZWmFUX1FnY2ZnWk92RGRZM1Jia1YtS2RyWmpFR0l1NEFvOXM1eVVOVm96TzQ?oc=5,VCU Wilder School,2026-08-12,neutral
The L,L'Oréal and NUS Medicine launch joint laboratory for healthy longevity research - BioSpectrum Asia,https://news.google.com/rss/articles/CBMixwFBVV95cUxNYWlNMTlRcEYwMWpLblMyaVdZdDhBckVJdkVOU0VyTjdaTUR2Z3J6UDE5b2c0MEdidk9HUnRCaGMyWDI3YWxsLVZjVExxeUdhMUhvRVNyckt1MWJUbXFibERRcFZTVUtrdnZDWERSTjZZTklvc1pDVGxLQndFb2JfSURCRWdkUHdCYXBhYXJtbGFOZGkwb3ZvS1FvY2hiOXpWa0RrV0xEbVJOSkE1TzJPWGNsTFVrYzVQRW5CS2tnWkZuTDNUYTM4?oc=5,BioSpectrum Asia,2026-08-12,positive
The L,“Caitlin Clark Solely Responsible For The L”: Fever Fans Get Critical After Indiana’s Clutch Loss to Aces - Yahoo Sports,https://news.google.com/rss/articles/CBMiiwFBVV95cUxQeEpSOG8xMWF0TnltLWdBX0ZnZTI2QVJzNzRYTGc5Mk1DalBYV0JtNWUtbGFUZ1RVNEFkWGI1TUtSb1dleWNDWGMwSEpadGdhc1lTMlVOSjlsX00yT0dSNVFCOWM0QVV3cWZBUFFRWXh2X25qVFdPZjZ0bmE4QXdoOGY3M3BwczlMM2dz?oc=5,Yahoo Sports,2026-08-12,negative
The L,"2027 Tesla Model Y L reviews: Bigger footprint, better ride - Automotive News",https://news.google.com/rss/articles/CBMilAFBVV95cUxPU3B6MTRfZzJaMHdhMXF0ejlacDhoRTNJSFZXVkhScjRZRExuNlpFRkQzaFhFcjZVT2o0ZHVGN2lENmhVN19lMmZIWWpQY043QnZjeXhRLWpzaWplSmpOOVo0VEh1M2MxcnJGYXA5c3hvX2hxejVjZEVwbzBER19taDJvWkNqODdVNzUwbzNwQ3BOWm1x?oc=5,Automotive News,2026-08-12,positive
The L,ReelWorks Denver Spins Up Immersive System - Mixonline,https://news.google.com/rss/articles/CBMijwFBVV95cUxPQ21uN0VzLU9mSEdXOXhadDZzVElsbkVxblBoN09xY1M2MHNzbWJPSXhha1dnbVNjdVF6Ykc4X2RiWkEwSFlfRFM0T2hUX3hTRnZmMTV2UXY0WWU1eHNsSGROLUo0bndnMGV5N0FQZUlSanNwT2lmenZPdE1BTjJLd1lSYUZuX0t0RV9KTld6VQ?oc=5,Mixonline,2026-08-12,neutral
The L,"The DOJ keeps taking the L, and Trump’s sham lawsuits drag on - Daily Kos",https://news.google.com/rss/articles/CBMiuwFBVV95cUxQcHE1OUZZV3FKNTRLREJDSG1wMFdQV3pMeWV0UlFPaWhFVnQwcEZRTlZEVUt5MW5GM3p6eWpRNEFhZ2hDUWVEZmxpSk5oTEhQNkd6b3hPaDJBNC12LVVqdFFEVXgzYU5lclBnMG1ubkhRM01waEpoNTdBWmdQWU5aazloSGJ5MDZvbmprYzdhMm9pdDl1WW5lX056ZTVDTWtQWThmcE1RN0hTQ1Y2VUV0Sm55WkFsdGZpUGJF?oc=5,Daily Kos,2026-08-12,negative
The L,"MTA, SEPTA to make accessible improvements to historical stations - Mass Transit",https://news.google.com/rss/articles/CBMihgJBVV95cUxOVGdRUGhhWF9tUk1RWXFfRVMzWlpEbGtMNElTWk5RcjhBOWZzV2VqNDM3Sm1KX2VQUWt4ZFVOOHI3X2hDUjhoeEJscV9laDJGS1hQMmY4d3dIMkg5dG1JQjE4V2p5M1hfcEJuTk1tWE1vS0lnckJjUG1POEE0a0NNcjU3RUN6cnZwUmk0NHMwOEtlUUwtcXZBMFJ0Wi1oU0lHeU91V3hpZ3NOWDRuRDh1TWFuSXpyTVYtSXZ5QlVnUklieFR5YUI2VW00QmVEdC1GeE9wMUV3RzAzcVlpQW9fRTdFNnRfc0NPbjh0alRya2ZseElfT1pPT1hmUXJ3eG9UcWRHMkhB?oc=5,Mass Transit,2026-08-12,positive
The L,New Visa Fee Increase Announced for Select US Work Visas - India News Network,https://news.google.com/rss/articles/CBMingFBVV95cUxQTk82MzJ3X09CZVN4X2dXa2JNVHhuSjZwNFRtV3NHMzZFbXRMclZvSXdpT3JzQkhrNjRyWWR3WDFrZ2M0b2RpZW9kM29lTG5NaF9PNURPR3RmS3kwRTBmd0hMeWNJNHRzWDZ3ZW1IWk03VTFhTkdsN1ViTGZmLVlCclZlNUY3V19rMHJfb1dYVDV0QkpJSFdieHMwRnFCZw?oc=5,India News Network,2026-08-12,positive
The L,L'Oréal - The letter to shareholders - N°91 Spring/Summer 2026 - L'Oréal Finance,https://news.google.com/rss/articles/CBMif0FVX3lxTE5PSDJtbkZaVXV6TzhzTzhvbnQyZ0RnY0JfZ0p4OXZ3R1IyOXZ5UjQzcjJ0TXdSTV9TSDI1emdRQ05oSnFvVzJhcTJuNkxwQlY3WHcxaUp5MW1QdXk1MmVYY0piaDc3emtLeG1Dd2RNaFg5RVNzMlBaZm1xa25LVDQ?oc=5,L'Oréal Finance,2026-08-12,neutral
The L,Mandy Moore Uses This $15 Martha Stewart-Approved Skin Tint—Shoppers Say It Gives a “Youthful Glow” - instyle.com,https://news.google.com/rss/articles/CBMihwFBVV95cUxQdUZFQTVuZEhuVlo2N2F6NjlsUEVuYURUaTlZcE1aNHN1Q2lmYnRNSllhUzBVR3pOUEN6YkFNZ054QnlKVGtlU0l4V3RDcUowSXVyZDJqMFRPOTJ0WE5aZFJwTk9HZ2RjVlp2cTJDMzc3X1NxOXRKZDdFMjZwWDRaOENvX0tLZlU?oc=5,instyle.com,2026-08-12,neutral
The L,Frank Lloyd Wright-designed Shavin house in Chattanooga sold - Chattanooga Times Free Press,https://news.google.com/rss/articles/CBMilwFBVV95cUxPMXg1YUxmdVVETDMtZGcySjkwUk1QNkVmV21ZdHlnbGNNa1BOaDRhcnI2elpXVm5ndTN5Z1p0ZGtfSGhQemN0SThBMGJEWnpyY0c5b1NpblF3TkhNempkdk5JaGw2d1c1U0FRb2NlelpEN1F2a19qT2dHWmFwZGhFdFdIcHgxVG1XaVAtVHVDVWFuX2hHem00?oc=5,Chattanooga Times Free Press,2026-08-12,positive
The L,Leah Kateb's Favorite Fragrances and Body Care Products - TMZ,https://news.google.com/rss/articles/CBMie0FVX3lxTFAteHdzTWN0ekwydlZwVzN2X2FyX25CeFJ5RHJ0OEQxUzNzdGhPSWlwYWdoOEg3T3FQUjhKVnI0NXBCVmVYSGJfU3ZzeVBOclc3UEtHcGtmOFVoN1lONTliSVJZVlNtazIzeEhnQWR0RlVwcEtLT0ZyQWFDMA?oc=5,TMZ,2026-08-12,positive
The L,"""What Is the Secret to Spreading K-beauty Around the World?"" ... L'Oréal Korea Unveils Documentary 'People Who Live with Beauty' - mk.co.kr",https://news.google.com/rss/articles/CBMiTkFVX3lxTE1oYzYteWQ3b1FmUG5sTS1jbTVtdTB2eTBvZ1h5amx0cmRtYko0NTJEOGE0N3VnaWJrSWJrdzdFVW1lNzBhUy1kZ09wUkdsQQ?oc=5,mk.co.kr,2026-08-12,positive
The L,Cruz takes the 'L' -- but the Yankees' offense takes the blame - MLB.com,https://news.google.com/rss/articles/CBMihgFBVV95cUxPZ1lOU0JQYUd6Mlo1blNCWXEzbC1XeUdOYzhJcWxzbDV2Q2VZQlY3bkd3RDVlb1BlTGJ5YWJTdkduV2FNVUdzU2JRYWdPcmdUX2tqYjVwQ2thM085Q2Vob0lFMDZid2xsTkhSR1IyYVd4MDhnXzJaQ3NONUlTUmpKZGJzVzVJdw?oc=5,MLB.com,2026-08-12,negative
The L,Shadow empire: Europe’s top intelligence agency revealed - www.israelhayom.com,https://news.google.com/rss/articles/CBMimgFBVV95cUxQZV85amhnZzZkR1F4Y3FQR0pRbk5Ja0ZxeFJ6NEpGODl2MFo1TXBKRDhIclQ3dWdVZmVraG9jYk5pTUdlMW1LRGtPZ3p1S1J3eUx0a0F0elZtRnhILXpodGN3ZzZPb3RXM1NUZURDYlpkSkM1WDBtU1VqSEIzekVmYXJKb0loRWRNXzVuRTVCeXozdmNrdjZNelJ3?oc=5,www.israelhayom.com,2026-08-12,positive
The L,Quiz: Which Gay Sport Are You? - Autostraddle,https://news.google.com/rss/articles/CBMiakFVX3lxTE9lNllXcXlGU3dPVWJNZFgtOG5kYV93Z0Q1VmZlWlpzT2xlTEEyVkh2RVo1Z3I4RXRHQkZYSU5lRlZUV1piT21FUVlJc19JeXR6TXJwNTgtQWJ6d1haZXRGTEMxSFJrU0FMSHc?oc=5,Autostraddle,2026-08-12,neutral
The L,CeraVe’s game plan to become a leading dermocosmetics sun care brand - Cosmetics Business,https://news.google.com/rss/articles/CBMilgFBVV95cUxNZXIxOGx6YU10ZThQU1hhNDd0UWJDQ0U4M016TlQxM0J5N0ZkUDlaNnhFVE1XblBFVjh0U2Qzb0dKNjU3M1dEbHdaUmpnUTFCRUN6aGFYZFpXdHdrUFRIdXlJOXRjMElSZ3h4WHFSQXhKd2ZhbnJFeUVvN1pydjZJZTlzNjdmTmEyY1lQX2lGTm1ib1pDeFE?oc=5,Cosmetics Business,2026-08-12,positive
The L,Back in the “L” Column - Covering the Corner,https://news.google.com/rss/articles/CBMingFBVV95cUxOTllLazlaX2UwV05yaThsaGtRSm9VMmVnZWhpb1ZaNUxRcGJSdUVSU2pvMmVWU21OSHVUTWpKX1RNMTIzUzJtcU1mNGxFQ0VIZzBlQlVuc0lCQVFDY0JHekg0OEFMemVhZ2xyRFFsWkF1RF8wakRBck9QMVNuNlNyOTRIN2RhVmEyYnVpclRSRDhxaEZnbjRxTFdUNE5JUQ?oc=5,Covering the Corner,2026-08-12,neutral
The L,The L-Fund joins forces with Coachella Valley LGBTQ Center - The Desert Sun,https://news.google.com/rss/articles/CBMi7gFBVV95cUxOZURvYmtqemhGaExjM2RyV0Zuc1BQdUdmMlVjb3R1NG9pV1AycjBkNk8yYjVoc0s5bmV0ZG9SSTQ5OS1ZT2o2NXlvdjR6WUNqVHlvdHhmR09XVEg1ZFJNRFN1cHpEOWlsZTZ1U2Vrd1RjaXpmMGVPSGc4OEhrZFVwY3pOOXRKaWI1ZVJXcXZabTdMYWFwVWdIeUdsSUltZWxMS3JSS215dW9aTGoxTlZfOURKeUtiUGtmRU5uYnhOMl83OXNBMjZpNTJRR0FvM3paSWtQTnFOUlplcXBWUTJhcF8tS0U4akZOQ2hOdEt3?oc=5,The Desert Sun,2026-08-12,neutral
The L,"Remy, Woody, Lightning McQueen and More Animated Characters Appear In Spirit Jersey at Walt Disney World - WDW News Today",https://news.google.com/rss/articles/CBMiiwFBVV95cUxQYnRPY1B5MEVmTll6OXR1SVBoenBpSVR4dW1wbEl2NjUyZ0tMVHRqZTEwamhBalpzVHREb0FQTXpHNVNJNWQzdmF5RUxjclNNRl9ISGdobzRoT2VhUXVxbXBiVzV5T1drNTd2U1hCWXJtYnNWQ2xiWlVXWnNXVm5ybC1QenQ2bF9TdlI0?oc=5,WDW News Today,2026-08-12,neutral
The L,Can clouds hide an aircraft from the S-400? - wionews.com,https://news.google.com/rss/articles/CBMikAFBVV95cUxNamw5dENXZS1SM2o1eFdmbE5XRnN4ZkF4TDNYOTNOdG9RZVoycGpMcUxxQmV3cGpaSThZVjZ6aDF4T2ZGMWpSWld2QUZOeG0wOWQ5aUJ3MUdiNVV1dlgzOWpKWVEwQjdpNWZHV0RKemkyRnZucWpiaWU0eUR2eG45R2lUZGlhZEdJQjVEVS1kM24?oc=5,wionews.com,2026-08-12,negative
The L,Living Spaces: 3 Brands for Personalized Home Decor - The Ritz Herald,https://news.google.com/rss/articles/CBMif0FVX3lxTE05RXJTZXVfR2dFQkJpakphNTg2aG1XQ3NDU3M4d2w0NlRnVDRxZTZLMmR5bHpaYXRBOGZ6SXJfMEFKbjRZWnI1RzUzNW03N1UtTmRmZk9JT0Q5THlsaTlvaWY1QkhTYTJrQ2FkVF9sOXowQWt2V013aWVicU5fcW8?oc=5,The Ritz Herald,2026-08-12,neutral
The L,"Reel Thoughts: ‘Love Island USA’ Season 8 delivered the L-word, but not much else - The Daily Northwestern",https://news.google.com/rss/articles/CBMivwFBVV95cUxPSFlPNGxjWUlrcEpPYnhxcFh1ZnN2bzFoWWtHeDFIakxXX2xlYkc1RDhuUG44SnI5QldiZlQwV0JHYzJ6dk91UHhYT2V5aWhCRzI3N2Y2SktOVmN3UXRTQzQtbDA3c2dIT3B4akdLNndDWmpJQXB0b3ZjYWpuYmdfcUF0dEFCaGhOelRoR2RZZ0o1RFBFSDJ2U0tvWDRIX2JocVhnTWxTbGRaTE00NnlXYjRsbHNlSHVLb3V4a093QQ?oc=5,The Daily Northwestern,2026-08-12,neutral
The L,"Sassari, Candelieri Special: Tomorrow, a complimentary special with L'Unione Sarda - L'Unione Sarda.it",https://news.google.com/rss/articles/CBMivgFBVV95cUxPYkxlLU54R3FKZ08zQVZEMVpaUUFJaXpPRklVaGZfSUpnTFY4RGttU0Q5Z2lZa1JrMVpMRTFZdVE2MFhsZGU2eHNFQWdsaWZfMEs4Vy1LdWpaT3V2SHdfYkY3bG5nSWhWS1RIUkNNT2NhcTVMVXBPRUNFSWJ6WDd5T2FWcGE5NTRhQm5lbElQMllXQXBDUTVlRWJ0SEVUWll6TzFqa3BsVDJGdTB0aGhlZVJVcE9qV3p5LTVDTmVn0gHGAUFVX3lxTFBiOEd2UVZVb0FrSzlvejRNMUcyeXVQSk1jOFBEeGp1d0hSMHNLQUNpWjZCSEpmUmpsN3RUbWNCcTZDaWxTREw1OW9pRnhKWjBRaGtONFJseC1INVhUQnB4anlMSEhfZTUxM09lRlM1UzRJd01fZ1BUQU5iTnotMEdyR1c3YVRzUFRDUTg2TW5CQzRlUmE1T2dQRjR1X2pybEtMSkdSd3V2OG5uZlhOaEdKaVZQLWpwbmxHcjd3Q0paMFdudmhldw?oc=5,L'Unione Sarda.it,2026-08-12,positive
The L,I Mean It When I Say That I've Never Loved A Brow Product More Than This $10 Pen From The Drugstore - HuffPost,https://news.google.com/rss/articles/CBMiogFBVV95cUxPQnMwZktjSDBwTWIzTnk0QnZyVUJ1Z2h6eU1yMU11VUpiVjY2QzR5RWlES3pzbDhxbWowc3JzajN3cEt4UnBsQTdmekxNZlhKd1JyV3czQk1xeVliTXB5U092N0tfQ05TZW43cmxYVVBxQWRsS2I0Y1VnNGh6STBIY0FvOFJKOVdoTFlSc3lWVmJodXpmTDF4d0lSWkhqSlZHM1HSAacBQVVfeXFMTlZOWnVQR1RrU29YMGZQQnNJNTZvc3pMSm5qSlFHRjNDbXYzbThjYTI3Y241aDQ1NGc4WU9lVVgzX2hfQUNDOHhfT0o0ak5UaUQyOHYyRld6YVlpMjE3WDlGdEZVWUdVdE55bG1CYzBIYmJ6dnZKRER0eDhfUjZENDR4QkRqS3RRT1k5OXFQblhpd1czWUZGQWNlUUNMWXBISjh4Q19ER0k?oc=5,HuffPost,2026-08-12,negative
The L,Peak Design’s New Field Bracket Reinvents the L-Bracket for Modern Photographers - PetaPixel,https://news.google.com/rss/articles/CBMiswFBVV95cUxPWHhEZURCSGxjSU9waFc1SFpRd0pOdW9kY0lGck5DQ2dCZTljQ2ZZLTUwZ1N2WEYyYm4yeEtUYUZZb0o2LWFXV3hVWmM1RFkyaTdNMmtUVk5VYnVKVlBoX0hwck1CMENaWGdzd0dBQTR1dTYxN0lEVlZDZUQwQXdpV0ZLVHNKQmJ5QmVWcjJqV1BUbllBUVYxQVJBcjZydnRKWG10TmNQNUxoalhPZFU4RE9idw?oc=5,PetaPixel,2026-08-12,neutral
The L,The L'Air Liquide S.A. (EPA:AI) Interim Results Are Out And Analysts Have Published New Forecasts - simplywall.st,https://news.google.com/rss/articles/CBMizwFBVV95cUxPX2VRN0xEazBPZlJkUHpYVUl4d0huVzlqX0RXQ0VtU2w4Yl8ycFVGRDg1NF94amRTeWdxWmd2ZFhRTmk0d01CdGswWnRyYmMtOFR0aTVGU3ZpNWdGU0hsNWlJRjF5aWFOWjMyajZxdi0yX2hqUzNJOS1JbnRZR1B5UnY3MHhlMkRjc0JVcmVHRF9rcEdHV3ZJX01MREhZZ2FTYjBGQVBHTV91UkM5NU1TaE96ZHItZm5mTHpuVzg3WVg2Z3RwZDg3VUIwRUQ3bjjSAdQBQVVfeXFMTmJrMDc5eWk0ZzNtZm1UcTZtQmtfZFNWMjJfWEpKSlN0VzV1Mzg4ZDNOMVhHdEp1bGo2dmplVFJ6d2FWUWJfSHloUlMzMV85ZVBBc280cmg1MGljQTVpbzdReGF1UUxSbk1uU21rRWFiX1JCOG1tT3VWbE9TcV9qbldNMXE1U05Qa3F2SjBnZk82SGhFVC1WNmJDWGZteGhZN29mZVJDMDYxSzd0Z2RoVU5FX1RkdUlTYWhQbHpBcHlEdjYzMUdORHB1YV92WlNESlRNX3I?oc=5,simplywall.st,2026-08-12,neutral
The L,"Multiple Loop ‘L’ Stations Closing Next 2 Weekends, Riders Should Allow Extra Travel Time - WTTW",https://news.google.com/rss/articles/CBMiuwFBVV95cUxPdGNWVFcxUFBxWU14SVhjbUxWTHRWeG9ldENISFBhSTBRWGR0OC13NnVNd3dIRFgyT2k0TE14eEMxSld5R0NIY3Fhd1FuTW9KMlBFMk9JTjhsQnlYa0w0RHhDWE50OVIyRzhHXzA5TzBPdTdjRm9PYlEyWFBHSV91WWtDblRIX3lQbGZWNGlXWHdmY1ZJaVpicWlGU0xWQVE0NXBBUWVFTm5ZNS10NDdfT2d1WE5uMk1hN3g4?oc=5,WTTW,2026-08-12,neutral
The L,New Law Puts Cook County Sheriff’s Police on the ‘L.’ Here’s How It Works - WTTW,https://news.google.com/rss/articles/CBMinAFBVV95cUxNaTdTWDNLalB3bFBnNlEwalo4YXJLYmZPZUNTRTlrZ3RYcEVOdnVVdlV4Zi1Vb2c0RVZ3WXBzOHdKVm0wTWdNbWFwa2ZOcWw1SFZqZXZpSlEzcDlGX1g1TXVMZF95bXRxbF9hUDhaSTR6SVpNN09wbGdlRU00RTZSZTRaQVZBRG9rZ1pORDFCbGhfdDlXaHpsRlRRN1o?oc=5,WTTW,2026-08-12,neutral
The L,Lose the ‘R’ Or Take the ‘L’? - Kevin D. Williamson - The Dispatch,https://news.google.com/rss/articles/CBMigwFBVV95cUxNSWw3c2JlSV9LNmpDQ1RYbzVVUXUyRlRCSVFTaVJHaUpFS19KeDJGdTV1M3ZmQ3hJd2JXUUQweEotblE5NVN4RVdyYlIzU2ZUZGROZmJoSEhvZGZyTHpwUWlKMW5zZXVnamFvYXdGcUg4WkVKT1BtY3Q4YnpiTGtFOGVHMA?oc=5,The Dispatch,2026-08-12,negative
The L,Robyn McDougle named interim dean of the L. Douglas Wilder School of Government and Public Affairs - VCU News,https://news.google.com/rss/articles/CBMiowFBVV95cUxQd2RmQkhnZk5KcTh6V25SMk54aS1aalFwVTdYUXJLTjRUN2s3eEdkQ1J4SEMtTGx4RlRRSl9NOERfUE5sdjNmWVV1NWNWN3VuTC01MnM2MURPMnlkVlFuYVl3ZDlBbnRxUnYtWjYycXliYjJUUmR3ZHVXb1RmMlFFcm1MYUhZVmVsLXhkQlZhWTRWYm9RY3E5aFlqOGxCZTZ4N0gw?oc=5,VCU News,2026-08-12,neutral
The L,UWL unveils 10-foot stainless steel “Eagle in the L” sculpture - news8000.com,https://news.google.com/rss/articles/CBMi8wFBVV95cUxOZDFnTFBNeDRTY2ZVbEFZajVMRERwd0NLRE5lcXdHcUswYi1sTUNYY00xa3ZLek9GQV9ydHIyOWRNNlVmZ3FjUW4xM0RqR3QtMXRwYXhkU19MUEtxemRJeVBwb0dwN3IxMHhjUG15MFBkcWZTMDdGTEtrb3EwR1RxLVVLXzZHdk81bnNPbEU1cjhDcnpaQm1Iek9mdTZRbEtwdW9uVl9mZUZRVngzcVctMktaXzlFdWdZVUdXdjJDMjJicWJTdnZqenkwMk9GRG5rYzJoX211V0dYZF8wMjFKelpLNENHX09oV0QzcTNzMzN5Um8?oc=5,news8000.com,2026-08-12,neutral
The L,The L Suite 2026 Legal AI Conference - Wilson Sonsini,https://news.google.com/rss/articles/CBMifEFVX3lxTE9UeWVmemtYczRVTEpUcmY5azJRX1ktOWpNU1BXUnJNZmk4MGd2YV9rX2NMUVFNVkl2ZHBCM0UwSXA1UDJBSjF1NnlIV0toWjJTeUdfMTZFb0RLLXdfZ2ZsOE1HOG1UWGNrTEw1V3Y3b3AxakR4ZGI1dVUtNGU?oc=5,Wilson Sonsini,2026-08-12,positive
The L,"‘Stand for the rule of law’: Elon Law graduates sworn to state, federal bars - Elon University",https://news.google.com/rss/articles/CBMisgFBVV95cUxOUld6VVBTcTlkcFZGXy0xV2tyVkloeEFMS1NZdGUzb2ZmWDRfWlY5UUxGR0ZyalVQcU9yNUpXZnprV0xEWFhYY01qYmJ3ejN5MDIwYjR5TzZZTmVxeUZHTFpnRlVaeG1pLW02Ui10Rm1LRDBqTXcyTHBBQjZMOFExaUFXLUxtWEJzRnhTMnpKLWtWWTM3QkExME4zVkNoRWpmYndCLWgzMW5vRG9hSU9oVXJ3?oc=5,Elon University,2026-08-12,neutral
The L,Kogi L-PRES begins Artificial Insemination ProgrammeTo Boost Livestock Production In Kogi - Independent Newspaper Nigeria,https://news.google.com/rss/articles/CBMiswFBVV95cUxQR3Z0RmlRUHdBZUxqZkJwS0JQa1JrdVlOQWE0X2lST3c1M2Z2S1Q5SENyTm80SE4wUG12VVhocHNwYUlqazB1eUc0aXo3eWxSQ1Jnb0xtc1QzOW1IZG5wNVl3ZFRrUmlzQk5nS0JsUnRkQTl6NWxjWUt2MGhGbVd6djRyaldRRGh1T25KZTVCckRJbENvdnM5SnNucjBLS2ZFX3p5emw5WTNYRzFRQTMybWM4SQ?oc=5,Independent Newspaper Nigeria,2026-08-12,positive
The L,The L-Fund’s Luck Be a Lady Gala Raises Record-Breaking Funds - Palm Springs Life,https://news.google.com/rss/articles/CBMiuwFBVV95cUxOV2tJcTRUeUxndXRSMGMweWR1N0Jxb1p0VzlhUG1KbGZHbFBvcUoxOTU1cnJjSWgyd0FRWV9yTG1MZzhrQ1A3bU8zdGhVWUpzbVlkN0JYbnhWU19hWEZhcE1PdlUtMi14eWxHX3pRY0lGVEJHY0ZpcGpEWDczck96ak5nYU42RWo2LXloSjdhdHRnX1hJcTR5QUFVUnd2Sk9aXzBjNWkzMnBzWHFYQWlTY1Q0cklVVS0xZVhv?oc=5,Palm Springs Life,2026-08-12,positive
The L,The L Suite Fintech GC Dinner Salon - Wilson Sonsini,https://news.google.com/rss/articles/CBMie0FVX3lxTE1BU2xsbmlZQjVvekpZZnczOGVVR19VelNHeXJveW1PRldXTlhoNnhleWo4U0Q0NWMxOExWUFVHVzdGdy1FNl9VT3RCRnNBODN1UDl1a2xzT2dDMmhFd1dtUlJNY1ZxM0M2dFpPcnBkTGptbm9fOEVlU0t5MA?oc=5,Wilson Sonsini,2026-08-12,positive
The T,Today in History: Sue the T. rex found - Chicago Tribune,https://news.google.com/rss/articles/CBMihgFBVV95cUxPTU1FNDY4clktV1BkRWViM3JnWUpNc3hyVGxBNjBxSng1djdMQ2U2cDhWTVNuUUhFMUxSSGtnTUR4ZlphTGdpM3VuLU8zZmNCcDNtS1JwVWh5WTBvbHNTZ3FjSUdsVUNZMmFuUjAwcjQ0TExpMi11SXlmSDVvaUlmQThUUWpKZw?oc=5,Chicago Tribune,2026-08-12,neutral
The T,"Cessna T-37 Tweet, Screaming Jet That Trained Generations - MiGFlug",https://news.google.com/rss/articles/CBMidkFVX3lxTE5feENxTXBkMnBQUDlmN1A3NUlwUWtZeEYzX0d1RmxZVHNaWk9RNXI0dGVxc3lNeFZCZ25VejBSZlhmV1V2VVpXRjNhY0liMXhMU0ctTzlzQUZ0Q2oyeDFWYnI1Yjl2ZldhUFMwa0ZzM1NEMTRMcGc?oc=5,MiGFlug,2026-08-12,negative
The T,10 Reasons Why We Don’t Love Living in Pittsburgh - Discover the Burgh,https://news.google.com/rss/articles/CBMibkFVX3lxTE5ydG1IX21QZ3lrSXk4M1NDd1QwVHZLcTJiZzEzRFczcWxwaXRNYjBvQkZlb3VSSk8wWkhsVjAybTNWZ3l2cXNFUTBJcHdoWUYyeEo2aXUyOUVETVFETVJNaDNqRjhfekpXREdYUnl3?oc=5,Discover the Burgh,2026-08-12,positive
The T,Orangeburg taxes may increase - Council seeks other options - The Times and Democrat,https://news.google.com/rss/articles/CBMiowFBVV95cUxQbnlOdXNzWEFkQjZERTdoVWk2SWZLMDY1enFOUTZIdXZmclR2R0dnX3dmM2VlQkhuSFJBTnhkSEZxX0VvRl9OLWtnOGktbEtBbklPcDZQSnh1TnBfV24xdW9lWnotUmU5NU1LNUU1TTZGZnJFWWpOeVFQS2xST29EUTBYQVpoTS1COFhSRHRseFFJem50TDVpSThUOVlVVHAxbTQ0?oc=5,The Times and Democrat,2026-08-12,positive
The T,T-Mobile hosting Friday Night 5G Lights Tailgates through out the Desert Southwest - kyma.com,https://news.google.com/rss/articles/CBMirAFBVV95cUxOazVTajRjSGdlcWIwaGpmQks0QlFxUC1TcmdZanh1dXV1bldod3JyX2g3bi14RGtBcUgxU3poZlZfREIzWWoxVGRNa1RTNU4xMnMyMGRPSmlvd3ZxYmpNYlNHMU5XQ2I1WU9sbDVaYV9WLXh5WTJJTGpCY3J1MGxEZU9uUDdlZGFxSTFVQ01mZUV6YTNMSnRQeUdJMDgyOTRzYjVMOFVaanlLZlE2?oc=5,kyma.com,2026-08-12,neutral
The T,"Never Mind the Polarizing Jaguar Type 01, Here's the Virtual Jaguar Type T Going Toward an ICE Path - autoevolution",https://news.google.com/rss/articles/CBMi3gFBVV95cUxPUEMwd1o2Rmg4ZzlvVTZCcTJ3VDRhWUs2TmFzTlR4VDBmWDR3Z0JhMlNaOGgxM1VXcWlOeHUyMFhnSG5JSGd6Vk9yZUp4aHdJc2dWM3FYcjFpTHVEeTR5cW9ILUVBSXpjU0ZLZUNFVTU2WjlFSDlCRVl5clZvdGY2OUFPX20zdUY3RFlFZnRBRHF0aGhCUVVDalZrMlhVRUpLMGxDZzNOWmU0RzFfbEhUUmlyRmNZeUNJODN0TTE4RURVNDhfX1VSbWxoM1UzdEZralo3T1l6akpSNmdUWEE?oc=5,autoevolution,2026-08-12,neutral
The T,‘Changing business needs’: T-Mobile laying off 113 Irving employees this fall - wfaa.com,https://news.google.com/rss/articles/CBMi6wFBVV95cUxNOWE3UkJsRVRwLXprZnRBOG5yNjlPV0FoVkIzRE9KTWVnVlhGZWVOT0J6NzVGRjJ4SGdmd1hkLUF1NEV4aFM0SVNmcW9SekV5UHlXVVFlZW9QTUtDX2p5c3dIcmZjTTQ4YUFvanBsRWppTV9GTllNZHBIUS05RTQ5WUZ6Q3dWSUUxQjdqMXhoMDNDQzdodEZ0UjM2dGZmTU0takpXd1ZGTWdYMFVfQk04V0pWYVFKUko2WEdQVmhGbXBGamdUWEZyRU1jT2Znb1VNT3VYMnA2YzhLSW1vWllQRXZocEZ1dXRvQ1pN?oc=5,wfaa.com,2026-08-12,neutral
The T,T-Mobile vs. Verizon: Which Major Phone Carrier Works Best for You? - CNET,https://news.google.com/rss/articles/CBMinwFBVV95cUxQRWxCZVRHLTc4LU1TVzZXWHhTWEZhalNjRzlHWlY1YXd4UThqTzZjN2NrcUpRaTljX3RZMG1CVzJ0RTYxQkhkdEpfaDI0UnNOOFBteERoTnBLaVV4UWphY0lWS1VqMVhNMjlDT1ZCb193djNGeXdEVjZ0SWdjdENuRUV4d3l3YmVqNUZkakh6YzJHaS1WWFVWSzhLTC1zOWM?oc=5,CNET,2026-08-12,positive
The T,T's BBQ Connection truk - Fairbanks Daily News-Miner,https://news.google.com/rss/articles/CBMinAFBVV95cUxNdENWS2daR2ZXSXFsb2ZfbjJ1WG9TTGlyRktFdWJ2c2JIYUFQZFhZN3JfYm5WUzdBV21La1Noenp5ZjhyV2NoV1liWUpEMnBhVUJfMGZKS1BlQTZNaWgtTHVlLURzOE4zenF4cGEwUTZzLWR5dEJwSF9hN2lDZ180aGNoR280ZkFlNzJUUHpydEltdnVCdlpqa2JnOXI?oc=5,Fairbanks Daily News-Miner,2026-08-12,neutral
The T,Maine high school football teams to participate in Autism Awareness efforts in Week 2 - WABI,https://news.google.com/rss/articles/CBMirAFBVV95cUxQY3h0b2wyVDBtUFZ0Tzg2YWZ0NE5Zb0tMNGotVEt3ZWdTWEZ5X0ZhdklMYVppTnBGalg5UDJ0WWoyeVlMTVVQRlFhd1JWbGtTVllBNzZTa2RCcjhITFZtX1VvRXN2bUlzS1A2dkd6VmVXOXhRTElGRzVHTGVxRlFwZFMyd2xGZ1d3X01KRWlzREF6cjV5bjBZR200RFBlRVFibW9GalNfY0hXQWpP0gHAAUFVX3lxTE0zbXdod3pqOXVScUMwamU5RUo1WlRxNExQaUw1aVZKYUtyX0lOVzN0VjF0c0NRMzVkaWRZamRmYldUUl9vQ0lOTVRYLTlHdHVuTlpRREV3dV92N1VDdmlnTFJoT3h0aUNCd2drWC1IWWZMZGowQnBUTzRPZ1RUUUFBb1owdFU2N0NZVS1yRWNyN3FyQ2JZWjZnMEYxelM4Um0xd01TemM1N1d2b1hiYXBkdXZ0VWQ3b3FGVUs4WU1rSw?oc=5,WABI,2026-08-12,neutral
The T,T-Mobile’s CEO just dismantled SpaceX and Starlink’s big goal - thestreet.com,https://news.google.com/rss/articles/CBMilgFBVV95cUxPUzhWaURRTWZ5b1RmZ0phNWpxanVHVFBtRjVnQzN3Yy1lb0dFWkt4S0NOSkxlREhqcXZmcHU1dV9OYzByWjVqUXd3VkQ1VldOT3NJSHNLcHRhQTVQUHlMMW1xZk05WXJFcG5FOWh2YkhoWmE2Z0t0bW1EM1dyU1VkaVpiQjUxZHRiWXRweXNhalM3Wk9uOUE?oc=5,thestreet.com,2026-08-12,neutral
The T,'Dude Dad' raises $10K for Colorado wildfire victims - Denver7,https://news.google.com/rss/articles/CBMi4wFBVV95cUxQZWVDLXlSbEpmSXY3bnZZWmZlLW1KV3Foa0ptNDlodGczQTJsaDRWaGk2ekctenk3dm9yelU5WEVJM2JadmlNLUdSdE5yZkxDbnlEeDQ4ZEV5M0VRYTRMYTlHTWE2VzhoeEh5Y2UzZ1ZUZkFqekdrb3NUQ3ZWNDZZRGJtMHowU0dESW1IM3I4bUE0RUJ3VmlFNUgyNlMxYThXb3AySUtNU1JVYmQtY3o1d2t2ckpWTUl0VjJ0RmRnTVpTZ1lZVUlPXzU3Nkt1VDhCdGJhZ3ZwMkpDVzZrVWVlc3BnMA?oc=5,Denver7,2026-08-12,negative
The T,A novel CAF population coordinates hyper-suppressive regulatory T cell recruitment and localization in lung cancer - Nature,https://news.google.com/rss/articles/CBMiX0FVX3lxTFBzVmZ1UzBVZk9RNXhZcFJjOGhRTmJKeUZfVHpReU5PR2pFTklKMERYVXFoZkVrZE9wM2xyOXJZZ3dFU2s2bzgteS0yWVIzTEhEeGdtQ25pX1FFZjVIY3pz?oc=5,Nature,2026-08-12,negative
The T,Why a Doctor Saying ‘It’s Normal’ Can Backfire - UC San Diego Today,https://news.google.com/rss/articles/CBMifEFVX3lxTE1XcFZ3R3M2Y3VEd01TMnhGLW1VdW96NXVxc0RKWVNvdVAyTS1JWUVxWG9qMG8xTkdVVFdxczN0djF6V19ySDBQSlFIb2FaRnQ2bVg5eS11dVF6MzY1WWJKVExYWHRUZmp0eENMR09FcHRDN0wwTGRMbjNYRlM?oc=5,UC San Diego Today,2026-08-12,neutral
The T,"The Wait Is Over, Terminator Officially Returns This Month - IMDb",https://news.google.com/rss/articles/CBMiZ0FVX3lxTE1hdXo1VHpZdWdGWFhEYURNMkt0WHNOSDdyMTBVbThvc3ZxaGFwNFNXREdIYUdGel82d2RYUm1HY2dzVk9tTnZqVGIyUlBzMDZCOThKLUVHYTR4YkpkdGpneXdGcG5yR0E?oc=5,IMDb,2026-08-12,neutral
The T,Fort Defiance High School wins $5K through T-Mobile’s Friday Night 5G Lights program - Augusta Free Press,https://news.google.com/rss/articles/CBMiuAFBVV95cUxOWTlEb2hlajRsa0drbTV2a2E5LUVXSnh1dFVadzktckhVZTFfZVB5M0NlZzB5d1pMRzVJcndILUM5cWJMckpVenM1U0xVSHVsWE1JWk9yWDhHXzBNU2RBNzcwcWd6TVUxeDEzZWtCQ2dEcmNQejV4ZldtOU9Fck04Y2txVFI3blpQTTR6bWt6SXNXNmtIVF9kNXhIdTNMekxUeVNtR0R5c25ZSXktZHBaVHFTOF9JamV2?oc=5,Augusta Free Press,2026-08-12,positive
The T,T-Mobile customers can't stand ads in T-Life - PhoneArena,https://news.google.com/rss/articles/CBMijAFBVV95cUxQcmMxQkZoUUhaRi1ZNHp3Q1UwSDg4WVpmTEQ4elVOZHhDZUFDRWF5cnBJcGtnSF85ZG5pSm5nUk9RaGhoR244eU0tMG1nZzZNa3UwY2dMRHVibVU3Tll2RnZiQUpING10dm9VeV9UR25nQUtsZkhlbDhVNGJleE1fOWI2OVZKbVE2MHM5Mg?oc=5,PhoneArena,2026-08-12,neutral
The T,New analysis explains why bone marrow cancer T cells may need therapeutic activation - Medical Xpress,https://news.google.com/rss/articles/CBMigwFBVV95cUxQc2JDY3BuRU0waFd0T0ttc3pqRlA1SVVkZkNhX0ZIcUVWOUVNYTdjSEFOLWNCZS0tdFlqcFBlNUw3RWZ3WXNBYVpxaXZuUVRZb2gxaG5aRkhVcmcxbXNtUWs5dDd6aDhTQ2NGM2VxdS1aYzA1SVlzaXA2ZnJNXzIxaF9OWQ?oc=5,Medical Xpress,2026-08-12,negative
The T,Orangeburg Department of Public Utilities proposing higher impact fees - The Times and Democrat,https://news.google.com/rss/articles/CBMiowFBVV95cUxPWmhfcGZxSmZEOGNQSk9NZGZLTkJXWlMwT3hrUUh2OHZhajNoYkVsdEFWZi1BakxpaGx5YmFWaGoteVNJajY5ZjlNQTFKVTBhVDVEY3d5ZU4xQmxaYzQyWEdBbURRZFFxcTctb29xV0VQeFAzMGpuRi1SSWsyY1ZiMHhQVlB6QjYwTnhaVU9Lcmp2OGY5Ym5ROG5jc0pPX0hEYUdv?oc=5,The Times and Democrat,2026-08-12,neutral
The T,"S.C. legislature passes $15.7 billion budget, but what will happen with lawmaker earmarks? - The Times and Democrat",https://news.google.com/rss/articles/CBMirwFBVV95cUxQbFhNWkNJalNPWjhMMWxGREU4NnlmeDVhWkJnTFlZWlMzNjliX3hqclN0U3ROMnJTVENfeUJVZzgyZ3RyV2UtdnQxTHE2VjhpNXNKUTdFM2diOENVLU8zUjR0bDloVGlHd3dEbVJkZmtWZllualJKZTlaMG1SLXJLajlod0hqbWkzMGlCSDJkR1dDTlE3V3ZkdlRjQlZldDJYR3ZiLTdRWF95UXhueEFN?oc=5,The Times and Democrat,2026-08-12,neutral
The T,DESTINY Trials May Reshape HER2-Positive Breast Cancer Care With T-DXd - CancerNetwork,https://news.google.com/rss/articles/CBMiowFBVV95cUxPUlM1OVBNd0JNTkw0OFFFdlo4ekRZT19ta3JoQ3VPUHRsSm1yWDJpYXMtZHhMUENLMVFHdF9HZTJHS21zWWVGMl9DZnNnNXQxcFlHamxadkE0OEtxRnl6SEVJYWhnQmpwcERWSEVaVU8wRFlXX24wM1dlVk9IN3djbFRtNTMwazd5WWZMZDVzT19UblNIal85b3Y2STc3SFVoQUg0?oc=5,CancerNetwork,2026-08-12,negative
The T,Kanick’s T-shirt design goes national - Times News Online,https://news.google.com/rss/articles/CBMie0FVX3lxTE5RN2FrSk5NVEZtdHJYcEYwb1J1TWFzQjA3Sno3Z282dV93T1NhaFRDQXlQbU1SbGx4TXpZVlNuRXEzLWQ1ZU02aWhUM3Fpa25NamdKZEFrZ29rMGM5NkNkRVBYOWhzNlg4eXpYY2FtLXRUZVNJWUYxR2JTbw?oc=5,Times News Online,2026-08-12,neutral
The T,"As development booms in central Overland Park, cyclists fear roads are less safe - Kansas City Star",https://news.google.com/rss/articles/CBMijAFBVV95cUxPS0t0S0VJamZja29CRS1Mb291SWw0TVhtTUFnYi1JYS1vOWJrQmNQLVZFcUxwckpzemhyQlBfVW1UZy1DcnU0R0NoT3ZvRnNlYU9FTkpkWjVqVUtUNlVVUjRxb1VhYy1ZcmE2cGhfbndPM3VLdXFWaWZkdlFPSXcxQ0t4ZzYyWVA4emJ4N9IBjAFBVV95cUxQbTkzOHRjVFZyejFuMTFFN0FUNUxfRjF0c3JLOGZpbmdfeERjTEoxMFIzb0JFMVBfQlpQM0d6Vl9oTlBZa1czQTJlYmpvMFVMS3hqTzM5Z1MwVjdiTExVVkQyM3NPNXJPVV9jTENVMTNOcktmYUItczFGazE1UW9zTEc3eWpHTUZTU3lrMw?oc=5,Kansas City Star,2026-08-12,negative
The T,"Festival Review: Lollapalooza 2026 Takes Over Grant Park in Chicago, IL - New Noise Magazine",https://news.google.com/rss/articles/CBMioAFBVV95cUxNUkE2YU9paGNxS1RXaGk2RGVBTjUzN3RnVWJ2NFFWMkhHdEF4a2FxcXJUU0FjNzg4ZnZMeXI3UU5xZVhiTjJ3bGdLR1RSdjgzb0FBeVBjZGU1Q1hjMXh1dThVTEZIWEdtVTVfR2o4ejNDS19YODhFcmZYQ3ViQ0t4aXV0VVJ2d0lKdUxmSzNfYzU3YzhkaFNGaWU2Vkc5blBt?oc=5,New Noise Magazine,2026-08-12,positive
The T,Update: Canada's T-Bill Auctions See Strong Demand - Yahoo Finance,https://news.google.com/rss/articles/CBMinAFBVV95cUxNVkJlYXduMVpFalpMaWl4RC1sZjY0cXNCSUdSMUJ5RkhuMnFHaU5NTHU5RERjT2ZmUjJvUjhUcjE3TVQ4czhKM3lKbUJkY0s4Nk4ySDBoczduS0E3MmVnSVNhSGFPR0tCZS1iVDByTTNYM0ZVd0h2RjQzVmNOcENVci02MVNtN19NOTlTSGM2Nzh1V3VvNWM1Tk9kVTk?oc=5,Yahoo Finance,2026-08-12,positive
The T,The Highest Revving Engine Ever In A Production Car - HotCars,https://news.google.com/rss/articles/CBMickFVX3lxTFBnMGVQTWd5OXJMLTI0TkdnOE0zbko5ZnJkeXVuSzgzWkQyUlltdjJ3RUthemI0RENVZ1hNamlVeGRqWEdvcGwyYkVSRldpZ1lvZWpoUjlfWVEzdDRhQnRYcHV0akEzM01ta1lhbTdLRG5sUQ?oc=5,HotCars,2026-08-12,neutral
The T,Decade-long persistence of CD19 CAR T cells in B cell lymphomas - Nature,https://news.google.com/rss/articles/CBMiX0FVX3lxTE5OU194N01jMmpfNE9xM3dWc3l4Y252OHJlUjh2V3FUc1dvYnk1N2R5UXJmNGZ5NXdnSmZxenl0azJjUFNSZ210cVpoWUZUOWg2LWlHbnlqbmpKYUFhREVR?oc=5,Nature,2026-08-12,neutral
The T,This new board game turns the MBTA experience into a game - Boston.com,https://news.google.com/rss/articles/CBMiekFVX3lxTE0wemdZb1pXaHhQcGJrcUxJdk9ac1dDV0c4UEl0dU9XRTZOc3lSdUMzNms1akh6MEQ2NFdxVkgwYV92T3pVenFHN1JKeHBKRHJ5WV9Ub0FEOGRSRVRlSlVSWjdub2lGU1luQThjZTdUVlFna3FoMVNlVkRR?oc=5,Boston.com,2026-08-12,neutral
The T,Demo work on T-end begins - The Anna Maria Islander,https://news.google.com/rss/articles/CBMia0FVX3lxTFBZWk5KU0RKaVBPcFktUkxEYnpQcWk1OVRmUXNnclB2MHFhZnltNWo0ZWhDWnIyLWlfaTcyQzBuNnZob0tXaDZMcTVFM0o2MnN3TWFLME5ZY0l1NHRnZ01WZWVGLUtNckU4UFBR?oc=5,The Anna Maria Islander,2026-08-12,neutral
The T,Don’t Try International Equities Without Answering This Question - ETF Database,https://news.google.com/rss/articles/CBMinAFBVV95cUxPWHdLQ0dXX0xDZkRjMWppOUplLVhsazhZa01USS15NkZENUoxMlJ4b2xkMUhxR3I0b3FUMHowa2l0SnkycWF0aV82QjVEOXlmdDVrOWJkR2thMk5wSnNrZE5DbzFKTDVvWXg2bEVGTVNpd3V4VlZlTUUzczFTZUlEdmZWazN6b01ybGJSM1g2VEpXZmQ2NTRuUS16a1c?oc=5,ETF Database,2026-08-12,neutral
The T,Big Friday crowns champions - Fergus Falls Daily Journal,https://news.google.com/rss/articles/CBMif0FVX3lxTE1EZnVMNkdIRGxVd1VGXzZlNjRqeWNFaTU0M0xad3MtbkYxTnYtMG9TSFRrdmhlaHZSdkVVY3p4NHgwTjBwX3BKdkZKYnc0MGFVcjRGM1RPWGh6a3pOMHN5XzhVMF9fTEdrWnMxUl9YY3lfcnVMdUlYODNNaTRERHM?oc=5,Fergus Falls Daily Journal,2026-08-12,positive
The T,"2.16-inch AMOLED SF32LB52X-based dev board offers LoRa, GNSS, and Bluetooth 5.3 - LinuxGizmos.com",https://news.google.com/rss/articles/CBMipAFBVV95cUxPNVRJSWFMcnlWNHg5eERuODh4Y0xJVzBBby0xcl9XdnhEU1NfaDkwQzhja3EwdHpLTU80UjVkbG5jMXkwZUxBLVdRNGpKRzdZdkxyeTh3MlVrSFBmem9sY0xhT0dKRDhYVFVQR1JWb1FZSy02SHRPcm5YYjBkZ0FmV3Zra1cxcWdDeE1acV9HeGZFcEhNVFNFZEhxWHNEamh6R0NXMA?oc=5,LinuxGizmos.com,2026-08-12,neutral
The T,AT&T Seeking Refund on FCC Location Data Fine - Broadband Breakfast,https://news.google.com/rss/articles/CBMigwFBVV95cUxQb1BucG5lVHBTdkZSbkx6ZV9ZYUdmekl0cVEwSkxiQVZoeXNyV2prdmJ0Q1VxQjNhN3E5S19BR1ZWck9CQVI0clVZdFhMTXlBX3dRbGVXWnpDdkpOaUtsTng5Sk1kem1UVzYtRkxqWTNlek9jTVJRdGtGWXlrVHpBSVBQVQ?oc=5,Broadband Breakfast,2026-08-12,neutral
The T,"The Shows Are Great, but the T-Shirt Lines Are Terrible!, by Dr. Robert Wallace - Creators Syndicate",https://news.google.com/rss/articles/CBMiqgFBVV95cUxNNDUyM3dNNjZiSElsVFk3UUZaS3RqaDFBV2FTTDVZWl9ZS3gyUU14dUdxT0FSOVhFS1VCNDYyWkxJcnluQThWN1BZNkpSQ3lzZWtMM1dtNXczUUpYVG1QSGg3V1RFcjRHeUM4bkFJbVNCZWQ3RHdBR041ZHFROS1GbTZzT1gwU3dKY0dYUm0zNGZ3MnJlQ1NielgwU1F5ZExrOThoTmwwNTlKUQ?oc=5,Creators Syndicate,2026-08-12,negative
The T,U.S. Army Yuma Proving Ground personnel test T-11 interoperability at home and abroad - army.mil,https://news.google.com/rss/articles/CBMivAFBVV95cUxNZVN2YUlHM1FuV2VpZzBsSHlzM1dKdEFLRTZyUUxHTnR3MGM1S3lkX28wTU9ISWJrblFFd3dOSVFSazlpZDFuZVJtRDNrWWhyZ3NHRm9nSFRTU05FNDB6NnVwLUtkQ2phOFRnbm5WMzZXQXJSX2ZrNzFBdGljSlo5YlBfajFJdEVRZ0RUaGo1bFhwRGpENmhhZXBCaFB1VVhOMlM2c2lDRXlzUWF1Tnc4X001TGJyb1FGSURIbA?oc=5,army.mil,2026-08-12,neutral
The T,Marines Eye New Supply Boats to Support Task Forces - National Defense Magazine,https://news.google.com/rss/articles/CBMirwFBVV95cUxQNllGMWwzS1J1anBvWU1aUXgweC1NMW9YOFFRTDZUR0Y0NE1objBUSktmMURvWkNIalJDS0czdmRkbnJ1YUhmNHlhNlNtZmdWdk0yMTZaQngzdFNrVXN0d1pPMGJSejQ1anlMcnBveEtjMG1tM0Q5OXRidEkwZDBQQ2w3VXdlQkNkRUdTNzh5OEFDUloyX3NhQXBqRmNzd1VFak1wWXRQc3oxZmJ0OHh3?oc=5,National Defense Magazine,2026-08-12,positive
The T,Duval T-Mobile data center sells for $8.1 million - Jacksonville Daily Record,https://news.google.com/rss/articles/CBMinAFBVV95cUxQVGFscDZ3MXhTNTJsSWVud1RNZUk2NGMyUmd5WnFTQWdqTk5ya0JBWndVNXoyQ1pBMkJKNHA3eXNNZjYxYTVtY0pOTFhHQ1EzbkxsZExHX0tMSkU1UnV3TU1BbjdzQlp2dG90c1h1SGtuV3NTRUFyZTNJUTRrNXN0ZHdJcElhZkpNSFcxcG1jQjB2cFNaNkR3ZXJXdVE?oc=5,Jacksonville Daily Record,2026-08-12,neutral
The T,I Thought Loading Data Was the Finish Line. It Was the Starting Point. - Towards Data Science,https://news.google.com/rss/articles/CBMiogFBVV95cUxQV0s5Z2dIVnBVbVlkV3Fuc19mRVprNVRGQjNsX1lXbWR4WGpEUzFRNmJlUlNNTnA5eUgyd1BMVUgtdmNkVnZjaDA0WWl5bTRUVjFMM2JuTDFEODU4VmU5eDZaZ3hmVUtZX1VETnczaExBaHNQd0FYbjk2MGcxSFpZRWEzVFIxODV4Mkd3OWNsYmQ5RC1zTmlabE9KTXRfVEFVekE?oc=5,Towards Data Science,2026-08-12,neutral
The T,Russia’s tank shield shot down seven drones—Ukraine destroyed the tank anyway - Euromaidan Press,https://news.google.com/rss/articles/CBMitwFBVV95cUxPRXNPV0dSSW1KdXkwWkliU1lEYy0zRF9UN1RNdENlT1hsbjJsbkRYNFVZZDktVUdIZ3A0Z29WLVdNemxKcFlEa29rNkUydUx3dHgycjBuTkw5MTN2MzkwVGZRRmVQbEdvRmw0OWJyZFRhaDdyOXY2VmxzWGhDZnh4b1Y3WmMzUWFKV1R6TEVKNWVqT0JNMkdBTXlMZVFUZlllVS1ZVmtDU0VLRjJMTkJaU3RWSGdKM1k?oc=5,Euromaidan Press,2026-08-12,negative
The T,T-Mobile brings Friday Night 5G Lights tailgate to Jefferson City - Knox TN Today,https://news.google.com/rss/articles/CBMimgFBVV95cUxOY1hZcnllTks0MGs5b2FQdVZmajkzQVlOQ3oxMUlvbEdwRExUSFJLRFNIX1NDN1gwa0ItcmJOQlpPa3IxcDU0ZlNXTGd2ZmZjdXlIMGs0WWhEOFlRYzdEeXQzWTRhUEl0NU9Ja0F2V2ptazI2MkphZC0zN0dZYm9hdnFtRl9VWmkydDZqNVY1ZUdhX01KWWJyRGVn?oc=5,Knox TN Today,2026-08-12,neutral
The T,Tomorrowland T-shirt and Bag Arrive at Walt Disney World - WDW News Today,https://news.google.com/rss/articles/CBMiqAFBVV95cUxPOTV4Vmh5X0tmNkJxRmxSTk1rcEJvRmxJZWxuUm1aMEd1Zk5Id1JIRDk1WEVHNlA5Q25aVkhiZ3JYaWVrakRHVTVIdGNBRVpFWGNLallDeVdrTE9NVUpnVlpCS1FuU043dThsdDc4NmZ1MUNPR0pnN1V1RkNpLTdCNVNsSF96RFNvRXVVZUpnU29QYUx3c0p5S29sSXk2VlMtRmoxNEl3Q0M?oc=5,WDW News Today,2026-08-12,neutral
The T,"Yes, University of Tennessee lost parking. But what's the real change? | Exclusive - Knoxville News Sentinel",https://news.google.com/rss/articles/CBMi5wFBVV95cUxPVDdxVmVjODdHYW53aWM2V1owLUk3VzBmeHVWWXQ0QjYxZjd3T2tVZUFxNmtULWxZMVlGWFROb0taV0EyUGxPdEZsd3JjN0Ita200RU5DZmhkSkltNy1kTVdoanczY2VhbDZBVkFtLV9wMXRqenZreXZqSmtXazJlTjNmNTFYZFNHTjBxYlZUMnJHMy14emVpUWc1X0NUclVRSmVsMHdmeUphU3AxUVVOdEVtaHdBcE1jNTJpalhmblVjYnc4c082WFdjZWdWNDZKSTRONjVsYllxZ2J3M1BBSUdDaXd6QUE?oc=5,Knoxville News Sentinel,2026-08-12,neutral
The T,Top Comments: The T. Rex of the Oceans - Daily Kos,https://news.google.com/rss/articles/CBMioAFBVV95cUxON25VbkxtN0RmLXF4emlmWExWTENkVjRSTGRIVDFNLW5haEJUV2ZsX2NiY0Jrd3ZRZzY2RThrUThFdDlCb1oxRlZycEpXbTB2ZTk5aFN1SEVNSkhJNzVwSTB4OEx6QU1TU3J0R1BJOWRkcUo2ZVhFbzNHN2ZVQVlBNkpCbGNwY2Rjc0pBZTRETkIydlBwNEQwNjJ0STl0eU1U?oc=5,Daily Kos,2026-08-12,neutral
The T,The push to ‘cancel’ Piedmont shows just how loony the far left is - New York Post,https://news.google.com/rss/articles/CBMinwFBVV95cUxNUDdWS3JNcjE3RUdYbVY3MkRsRHdnSjJQWllNMGNPT082ZUZqZUgyYmQ5YzZOU2JOU1lCNmNqZEdWcjcxcTJXTy1ZNU11cFl5ZUNUbGFqUUxjVVFJT0pRc3B6S3dLc2h4NXRoWTZyTUl2R2FqMUhYUTRhOHRyZXRjVFBrNnoxV1UwT0pkWEVpd3YyejRwb1AyZXF1dVVSUUU?oc=5,New York Post,2026-08-12,neutral
The T,Cadeler Contracts COSCO Shipping Offshore for Two T-Class Jack-Up Wind Installation Vessels - Ocean News & Technology,https://news.google.com/rss/articles/CBMixAFBVV95cUxPLXZ2V2ZsbE1KN2QzTThLZFVYT1JRY1BlZGR3cE9VaTlBVWUwZU5aWlY3QWNWYWJ6WHBZNlNLdXZjTlQ1YUJ3TS1teXhubDZJaG9kMGRPU2lsbTlTdExyOXVqcnVUc1BReTBxSmc5U05YM2Z6c040aWN3Zmk2MFJEQjBvU1FXRkgxWWFFVGJBMFpmOGZzbDZnN2pYOVJyR0lPOEczbGkwV1oxV3hsVHg5RjdiZkpLUjNuakdCY1NwcWc2endz?oc=5,Ocean News & Technology,2026-08-12,neutral
The T,"Model T, Miata, Porsche 911. What's your pick for the best car ever? - Detroit Free Press",https://news.google.com/rss/articles/CBMiswFBVV95cUxPcW0yOGhtWlJHSW1KdThCOXNOb3pCVzVGQTl5bktHcF9hWVRFbXJITUVyYmVxb2Zwc2RvOG9JNjUySk1JT3I5WG96Skgyc3BGNlhPLTZrRmt2eU5IQ2NSSWdRRzNjTzFMQmhhZ0RfZWI1eEV6TDNZLTZmSERuVTIyM20yd1ppRW93dnN5Y0NpS2hhT2VvN3R2TFRyS1oxUGNYTzE1XzQ2U1d3c09vYkVrSW05Yw?oc=5,Detroit Free Press,2026-08-12,positive
The T,Old Navy Is Selling Hudson Valley Themed Shirts and We’re Here for It - hudsonvalleycountry.com,https://news.google.com/rss/articles/CBMicEFVX3lxTE9sQVFLWHVzQnRvQV9wMno3LW0xaDhhTVQ5aHVGRUM4WjA1TzhUWkdMc0FfbjMydEFDWGNGRHJaTXg2ZnNMeDY4d1N1ZkVwR0FtUFM4ZUg2ZWVUamMtVndNR0VEbTVBeFBFenNOTzR1TXc?oc=5,hudsonvalleycountry.com,2026-08-12,neutral
The T,NC sues Trump administration to stop tariffs. How consumers are affected - Raleigh News & Observer,https://news.google.com/rss/articles/CBMickFVX3lxTE1JTHpTUG1RM0swQjJ2UzBnUkRGUlVFX2E3dWxvS0stX2RlYWNZU29pY3VrNTJZWEpGQXB4QzdxMTllVjRLSTVZSEVrcVAta1dSOUhKQ1Y3c1BVektrcWpjdU1ybnRJOHFGWC1PaWRNRjROd9IBckFVX3lxTE1LSnlONVlhQTRsZy1rWEVlSTFmZEpuYlNkTWRoSk1lNnVJb25XdXVCSE10TWYyWHYtZkN3UUM4c2k3amR4VloxREY3Z2xGa1BMOU9GZEpOQ3F6bS14VTRydVBiWWpHMkFJRVBMTXo2SzFYdw?oc=5,Raleigh News & Observer,2026-08-12,negative
The T,"Sentenced to 4 years for reckless homicide in Tarragona, the drunk driver flees from prison - APD Noticies",https://news.google.com/rss/articles/CBMi3wFBVV95cUxNWlFLVjNucWxJdzI4aU8yVncxcTBjNXdsWUI4TkhuaUhiVWhhWWdSSDBRYnVoZWZPNnJ0SXVQSG5UbWI4bHVQYUIycnhhdmFpZGRXd1NfdlZjSnlJUHFXU2ZnQmhNQUtPeUF6cF9OU2lDXzVpLUZHSEdtajMzdXlMcnJtVWs1UFU2U0MxalVYQzJURTZ6Zk1wTDFDOXhudThnQmJrTVFpM1ZzZUhTckxhLXFPWldzMFVUYWx3T0JCVk1OOFkybDF4bVRRZjNVaG14VGF0cUl3NDl4Z3p3TzVV?oc=5,APD Noticies,2026-08-12,negative
The T,Embark on a quest for knowledge inside the Golden Curiosity Shop - Westword,https://news.google.com/rss/articles/CBMisgFBVV95cUxPRzI1ZmVLTzVhbTFGYmtIMUlZWWhMR2JkYThma3ZnNEJhVTVzZmlUbDJISnhYX004SzNqd3g0VW9GNGVIMWRYcTJlRmxIR214a01wQ3RER0RnenV4cEg5eEJyN2pDVXFzUmpCVjZoS1l4RF9PMkcxUHVEbG1EaVlnX2pHVjBpZXpRbHJ4dGs5QW5UdVp4dmpkSDZmSGpXRkdKWE5LNHhUS3NSalVmeEFWN3ZB?oc=5,Westword,2026-08-12,neutral
Washington Metropolitan Area Transit Authority,MARTA Board Selects 3 Finalists for GM/CEO - Railway Age,https://news.google.com/rss/articles/CBMihwFBVV95cUxOa3VObG1tM240b3pZWVo1NXZybGE0NUdSbTNibFI5b3U1LWdEMU9USjdmbW5Hd2doSUZFcHBHUXBPek5KcV9hNnJIVEN4ODlnYmg2NEpYQlhuNjBrc3M2QmVrWWVHRVNtXzN4MG93bDBERkdOTzlBSHRGdnhQbUc1MVg3dmcyVmc?oc=5,Railway Age,2026-08-12,neutral
Washington Metropolitan Area Transit Authority,MARTA names 3 finalists in search for agency's next general manager and CEO - CBS News,https://news.google.com/rss/articles/CBMisgFBVV95cUxPNEI4bklYYk50a3VTbW4xS1hZZElfcWUwdHRnQmpkME5DbWtNbnViZ1pldldPejFWQ2MzODNmdTM3YW9mVzNDb0hQVUlLRFhieXg4Yjh3cWotVk5zVVVnWGNBb1BhY2I5b3lUX2V0RjZRTTRJcTV2TDgwd1llLW9BSDF1czAwQ0tfbjd5a21BT1B4TGpfX0pXekhQSUFWZ2hLT0hOY3Qxa083d01hNUtvSGZ3?oc=5,CBS News,2026-08-12,neutral
Washington Metropolitan Area Transit Authority,MARTA board announces three finalists for CEO position - SaportaReport,https://news.google.com/rss/articles/CBMisgFBVV95cUxQdnM1U3hrN0QwZFNEZXhqYzVGMFpNMXp1UGFGSjhVVVQxWTRnU3BfQXR1VUN6ZWhNVEZtM1dMcmE0QUFnWFI0bUMzSHZ4dktpQzctMXNBUl9tX1FrbThUeU1mSGZYOXJMRnJKU09kck9iRzFsVXhyT2t2QWRjUEZXMTFZSjljbFZ0ZzRvU1hnMnB4bzRELVFkLVplZWh2UGI4djhKYXU2UEc2dmRHc2NJWlBB?oc=5,SaportaReport,2026-08-12,neutral
Washington Metropolitan Area Transit Authority,"Fearing violence, some Metro bus drivers are bucking order to announce fare - The Washington Post",https://news.google.com/rss/articles/CBMiwAFBVV95cUxPbk95X25fZUY1N3RCaFdldlJzYmU1RHJuVU54QzNwLVF0YkY1cWR5b3BDbF95SmNIaXpvcGdYNUZxMjBLakQ5bWhsX2kxWXpwVy1OLVVaMDJ0NU10ZUVjQzZlQWdtOVB5WWJKTFAwRzRwTFNKMnlMdGZYZkVLc2JyWmNjM01kSUFNLVMzVnRVVVBlSnhtOHY3ejl0ZW5zMlZGaGppM0NSb3Z3UG96UF9fXzdWM0VSdXlkWDgwSUh4dC0?oc=5,The Washington Post,2026-08-12,negative
Washington Metropolitan Area Transit Authority,Family sues Metro after missing man with Down syndrome was found trapped inside WMATA storage room 6 days later - WUSA9,https://news.google.com/rss/articles/CBMiiAJBVV95cUxPNEh6TXB3cmdXRTVudlBIQ0lST1ZCS2I4M0xwaE9vYXRtUEhFRFhKY19LdU1wZ2xTWk5ic0Fua183b1ZkUjBXZlVNaWxCaFpoVW9TbHRMc1dNaWRsSzE3Y3BKZnlWdWdBekhJdHc0MTVFZlc2U1lON092dXhHa0pZUjJHTVl6SDV6YjFxeXM5bDZQU0h0RkJYbDJDZHNZZjJWRXp3VTF6WnNQby1Gc0FVODJhaEpOVHZGN1EwNkwxSEdLTTlpeGdoZ1Vua1hoaWV4bEdiZ2hNRElYYk9FZzBFYnVMUjlzaUZBR2JNRGtub1RwTG5sUDRtTXF0ZmxRQzdRbjRJNlozclQ?oc=5,WUSA9,2026-08-12,negative
Washington Metropolitan Area Transit Authority,Search for new MARTA leader comes down to 3 candidates - AJC.com,https://news.google.com/rss/articles/CBMigwFBVV95cUxPdWRTd2QwOTF3N0tFYmZfOHc5aEl4YXF3RXhod2NJTlRtRVAyYVJVWHEzWWZNOF9zRVQ5aTA3aDBWa0I3WFNIN044NjZfekpWdVdXcjlWWEktb2tYR0gteDdoczZUUWhnV09mQm42d2ZmU0NJVUxaQ0w2RENLX1JWVHo3VQ?oc=5,AJC.com,2026-08-12,neutral
Washington Metropolitan Area Transit Authority,Metro touts drop in crime across system - NBC4 Washington,https://news.google.com/rss/articles/CBMirgFBVV95cUxNZlFoeUtyX0p6b0RscmpvLUJ0blc0OWgwOVU5X2FsaVgwOWhKZC1MSFByZ0VJdUdhUWstd2RnT3ZSM3BtOTNDaV80VFF5aW9hMC10anl0ejU0cnRZTjUwUnhTQ2tkMjBRTnhRSUJiY01TM21yZVNGbGRveUJObEJrRE5pQjBUN3hDTnJJeU5TSWFZM2FXRXZzVmRNdTltWkNmQkpwbVNLQXU3MC1ocHfSAbYBQVVfeXFMT1R1YWRRRUliVXRObS1aenByeFFKTy10dkNXWFZ4RkMxWlhibjYxUkZ0UUlaSzFodTFJbkdNcDBJaW1WbmtEaDhWQjFiZTdxRUExSEZHaDUwWlVDaWlJTkVwUzN5ZG5ETWkxd3FFTjJlS1NteVhYNlpKemgxTTN3UU5IYjVmVElaUWhjbGJ2b1FGUXViVmxaX2dyS1hwdHBBdmV1blZiQUk4V1lHZjA3dVROYU5HaHc?oc=5,NBC4 Washington,2026-08-12,negative
Washington Metropolitan Area Transit Authority,"WMATA Trains In Washington, DC Tigers Vs Royals (sAkrLRN4Ha) - Mshale",https://news.google.com/rss/articles/CBMiW0FVX3lxTE9oNlo3bWFiSWxVSUlwLUpBOHpPM3JlbWRlQWRfWkh0ZjVxaEI2SHpQWUtIZi1nZ1FINnZkWjFEN1JURmNob2JPbFpWMGlDaklDR0ZSSUktXzM2Vlk?oc=5,Mshale,2026-08-12,neutral
Washington Metropolitan Area Transit Authority,"UPDATE: Washington Metropolitan Area Transit Authority Has Begun Bus Shelter Replacement Work at Shady Grove East Metrorail Station in Rockville - Montgomery County, MD (.gov)",https://news.google.com/rss/articles/CBMiiAFBVV95cUxNZHFsN2NwejhON21BZm44MURDdzBXa0ZrZENfUzhTY3NUNURzWHJTbFhYMV9nSy04T29aVlJmU2pvNkR5UHJSQlVKLUdMQjc1M2lPTXJzSFhleFFza2xKODdwYUpjVFNod3lKZVdEdGJCMnlkanFIRXlMX3hXcnlJUXEwWkdQbldW?oc=5,"Montgomery County, MD (.gov)",2026-08-12,neutral
Washington Metropolitan Area Transit Authority,Why Trump's Strait of Hormuz blockade may affect DC public transportation - USA Today,https://news.google.com/rss/articles/CBMixAFBVV95cUxQUW5pcFBLN2VDY3lnb3kzblduUC15S1BzSnlFM0VzT3M5NkhoYWI3d2ZLODAwdUxvampvcGN5dXZsTWFhYkl3UVk5SjY5N0dyaktpb1ZUTkk2NGhxOEVmYWwtRlFBM1BjSnBlcFY2UnV2SDNZNl9wQmdZTDBQM01YclR5cjVDRG1LcGw4T01DSEIxeFhiVkVtOThpZXFVMjE5TFVBR0xRd1NxUVZTbXY1VG90enBNal9mblRHdWNUZmY5WHd6?oc=5,USA Today,2026-08-12,neutral
Washington Metropolitan Area Transit Authority,Indra Group to Feature Next-Generation Transit Ticketing Solutions at APTAtech 2026 in St. Louis - markets.businessinsider.com,https://news.google.com/rss/articles/CBMi6gFBVV95cUxQdFVyWmJKWlMwNEJBcnJBQVlESGxsUjFaSlJkMkxnY0h1ZkozREF6VTVtQndzV2FrNEFfbHJ4bkFYT0hCX3RPVUtIQjlYdWZkdlhRSi1rM2VrcHNoako2alBNTUpnS0lDQ3Q5YjNpeHVGWnA2OG9FLTZfbHZoai02a2NEejJSUklhM2twbFZucC1jOWxQLWM5azV3dFE0Vmg1UktTbDFtZ1YtaXZKNEhZWllBcklveU5CZzAwOTMyTEMtaGZGNGcwZjZFd0Z5bzh2WEJJNjZpRGllX3dDYTZXM3NqLU8tcVlVdXc?oc=5,markets.businessinsider.com,2026-08-12,neutral
Washington Metropolitan Area Transit Authority,"Washington Spirit, Metro Agree to Partnership that Promotes Taking Transit to Games - washingtonspirit.com",https://news.google.com/rss/articles/CBMixwFBVV95cUxNcjNNSVNJNmY4aThrZm44WFQ0a0tJN3o4V3kyUDJfbEFTdXNnOTljRnYyd0xwMmVkR2V2bnNSLTRJcU5JY29Bb2ptZ0plWlNIcTBFek9xa2V0T29BazhmRjBDVnUwdlEwMVo5R2RJR0xUN0cySDh1dUkzWnBHRzlDMHVjX29iUWFoSUZJTEs2bUFqeU8zUFBPNVllRC1jTF9lc2o5b0ZvMUhpcGRnZkl3QXRtZmxvYk1xdWh4dzJDb2tQX2NLZVo4?oc=5,washingtonspirit.com,2026-08-12,positive
Washington Metropolitan Area Transit Authority,"Data Helps Washington, D.C., Transit Fine-tune Its Service - govtech.com",https://news.google.com/rss/articles/CBMimgFBVV95cUxNUU5LVnkzVW5XeUd3bFc3TnZiLTZHRFo2eGdhS0hhU3FPUUUyR1JLRkFYQmphX25aQWxKZlhLeHFubndiRWpDa3NaRFpwVzl4dGt2WHBjakF2SUpzQkE4b2dRUVdZV3JhdFh4N2Z6QUhOcVlWeU5IMXJEQ2liNzZweW5VSENRaXIyWG1nLVlXblNha1VWTUQ4SDhB?oc=5,govtech.com,2026-08-12,positive
Washington Metropolitan Area Transit Authority,Metro says it's so hot that trains must go slower - WUSA9,https://news.google.com/rss/articles/CBMiywFBVV95cUxNVGJGb3lUNmFFSTJHNTk5NXloTGpFY3JxRHpyOFhxTG5oVEJLTWdiWWJpbUZBSnI0Q24wUnNyUVpmQXktX01oYWJiNzJHWTV2d0stcG56WlhNSGxzWVAwTHlrSFJHQmxqMGdNdHNjM1A1UEJRYTRiOU1WMTFpQ3h5Ti1hMUZnMlpRYXN4cDdWN1dJanhLWXlSdERNeGs0akdKOGluQ2w3SDV1WWlFMVBqUkJ3MTNQa1JMdXp1NjdjaG05Vnl3MlV2elV2VQ?oc=5,WUSA9,2026-08-12,neutral
Washington Metropolitan Area Transit Authority,Lawsuit details Metro station ordeal of disabled man who was trapped for days - The Washington Post,https://news.google.com/rss/articles/CBMivwFBVV95cUxOM05ZSlRFcjdLY29TcWJYa0gwT1dERjJ0X3BlQWJKVWdoX1JGWnNTZ3FYekpJd1FKdms5MVFpWmpMUkZ2WDl4QnNLemYzaXZpLS14Q2hLZ1hKc3FJN0VMcGRVTXUtclpMNWE4QWh0dC04bHlicmdzTlQxTEx6UElnb3hQRVpxUEJ1ejFxaFQxTHBuOWxWTUp4M3FKYlQzVHc0NG1iZV9sc0RrX2hmT0ZPbEdQVzktdGtyUXZMUE1hTQ?oc=5,The Washington Post,2026-08-12,negative
Washington Metropolitan Area Transit Authority,"Washington Metropolitan Area Transit Authority Continues with Phase 2 of the Bus Shelter Replacement Work at Shady Grove East Metrorail Station in Rockville - Montgomery County, MD (.gov)",https://news.google.com/rss/articles/CBMiiAFBVV95cUxPUDlBcHZrb0FsUndCTi05NHp1S0wzbGo2SmZrRmJ2aFdiNktoWTd3YU1CR0h2SW9QcDZoWVBCYjhqU2F0LUVYZnhKekV2bENxdG9BcF9sSjlWVW9ibWkzbGJnSnd3WGEtaERNeWM2ZHRla3E0WmxuQnZET1RzNmFpY0NTdWVFXzhX?oc=5,"Montgomery County, MD (.gov)",2026-08-12,neutral
Washington Metropolitan Area Transit Authority,"Red Line delays caused by water intrusion, WMATA says - WUSA9",https://news.google.com/rss/articles/CBMi2gFBVV95cUxOM3lpQlg2ZEg4akhNQVdaV2dBS2F6dXhWTWl6dERmQUdYOFNUNWdxS2doWnNnU01MTDdCMF8yNkdVREt0eksxVm9Qb1ZMYWpMX0VSVEh0TElrOHNwTnNuelNkVDFFQ3ZKaGlRLTZ4SzJkdV9fU2F2ZU1VOEpLOG10Nzlob0VZcGpfeVVPVGFCaC1kR0xENVFaRnlUVk9TZ01LeGdGaXFmcjhqMXpMUEZyR2tGb0tUTnJJZF92OENLSzZpbXJQRW04eVhnWFdMdS1rYmpxeXliT1Yydw?oc=5,WUSA9,2026-08-12,neutral
Washington Metropolitan Area Transit Authority,Record numbers rode D.C.-area Metro on July Fourth - The Washington Post,https://news.google.com/rss/articles/CBMingFBVV95cUxQZk1HSFRkLXYtUldXZ2FZNzdGRVlQSUJCejVBZ052eGU1WWNjbXY3YzNwbWNHeERsMnF0MDE1T0JOaEkyaUxFZEdQRFo5Z3Jfd1hXMGRiN2FBLWZqNVFBcTZzd1BWZlpQQlV1SHFUSmRqd05YSFhyTllsVTk2WjJ2MndsNC1wQ3Q3RUh0TkVmaGZtaGxGUXZFTlVmTVhlUQ?oc=5,The Washington Post,2026-08-12,neutral
Washington Metropolitan Area Transit Authority,Opinion | What is undermining the recovery of D.C. transit - The Washington Post,https://news.google.com/rss/articles/CBMitAFBVV95cUxNbHQxNjA5bnk3Nm5nY3l4dE9URC01dFZUU0drOEd2REhWWTVUa044dmp6NkhSUl8xYk9EUVQ3VWFLNDRvYnlpUnlReUhKZG9lRngxWnFoQVlydVBqTWdpakc2dE5yZ0FpdmNVb3FOeTBzcHlTaUVFVDNaQ2N3azZGVmVRYTZ2T2F6UUtzaHROT1M3OEp6QUZIR2ZuakdYaWJYZkpRSzVNcHBjV0J1U01YcWFyMFo?oc=5,The Washington Post,2026-08-12,negative
Washington Metropolitan Area Transit Authority,Metro Red Line trains return to normal after day of delays - WUSA9,https://news.google.com/rss/articles/CBMiywFBVV95cUxPeUc0dEV1T2FBM3NGTFRfbUlUZDFuWW43aUNNdTR6alRQNHN6MmQ0QWUxWF90Rkc2bEh3bHV4NnlpdHRFbVVzenpEZ0VHcTlOV1VMLW11MFdmVUNEdnpidTRCZkI1eG5EdmlhUzJkZUxjU2RDOW43OFZ2a1pYcVV5OG1RZmt2U1JmdEtZS0lSeXgweEVXOWNwY21OX0tGVW1fNUFiakRlZ3BmTHpJX0o5Uk5iOGhWc0RYeGNKelZKcURqSE9ibFNBR0NNOA?oc=5,WUSA9,2026-08-12,neutral
Washington Metropolitan Area Transit Authority,WMATA releases list of major disruptions to Metro lines in 2027 - WUSA9,https://news.google.com/rss/articles/CBMixwFBVV95cUxOUEdtemJkdlhkeU1vbTJkRm05VWdRZWpCZ1ZDTmZKamZDRTFFV09DZXRvNFVfbG13dXljeDRvWk43bVdSY0lPRE5CelE5ak40NzN4RmNxSXFqOEhqNkF0eXd5YTFhSnVvcFYtVml1Z0xtUExJZmlkbFk3UW1xOGtMNHJ0UUk3UWxaM0s3SEkwV3c4Y25ETGh1eGstSDJNUzRjWVVSbVg3WndScmc4U0xTUHduTzhZNEVpVkpUT2lIamRCbkNFNmxv?oc=5,WUSA9,2026-08-12,negative
Washington Metropolitan Area Transit Authority,How This McCourt Grad Helps Keep Metro Moving - McCourt School of Public Policy - Georgetown University,https://news.google.com/rss/articles/CBMiigFBVV95cUxQOVQ1NGtwQ0NnZVlQcVRfQ0JuODNRRUpsSVlVbEpVeWY5ZU54R3pnS3VsMzBLYTRiOUFMMlZsTDh4cC1tekpDQ3BkSXFrMnNZSUFsVFotTlBWNVFKYVg3SFFwVEtJNUtRNkFHSFpBb01vb2poRDhDY0hLZVFmbGxCVUhGWlpzWFBSZEE?oc=5,McCourt School of Public Policy - Georgetown University,2026-08-12,positive
Washington Metropolitan Area Transit Authority,"Doors, barriers coming to Metrorail’s Red Line platforms - Washington Times",https://news.google.com/rss/articles/CBMiowFBVV95cUxQMFlaNDkyTnFzRUdpbzFYRGl5bDY5ZGd1VVkzMXF4OVlLSzBMU2syR0F6WGVadW1rejVwRW5Hb2U0NE1Sdlp2eEpnbXVyak5hQjJMbFkzQmoxWVFLSWZ5LWtlZXlXZEx6SnRBaEJSOVJOV0szM29maHpUNXNGRTcwNkhBeE9uSXNIS2VvZ05JZE1iSTRVOUtVaFd3NHctVHYtTldJ?oc=5,Washington Times,2026-08-12,neutral
Washington Metropolitan Area Transit Authority,11 injured after WMATA work vehicle hits Metro train - WUSA9,https://news.google.com/rss/articles/CBMi5gFBVV95cUxOMXhxMTZ0UDhieFFjaGhKUVVlMDRwZjQzWVZUZVhDd1JhQU1ibDk5WHFmSkdUNnQxNjBaQlhvNjQxaFNUVGlEZ1A5ZzRZZDZHZThNbEVUQW5QeUNqOUNFNkk0cGZERGtzdUtrR0dLYnM2Z09rSk91OU1seUU5Tm4xekNzRFN0WUs5ajBSOGhlN0hBdEJxdmNJa2loUWkyMU9GQVJZSVMwRUhsV1pKcFkxQkZtYzVzZzVDbWRsRXM1ZEc4c0h0Vmd2UGE2dC1QeFJINWotWjdQdHRObThIYkY0T21zSmRQQQ?oc=5,WUSA9,2026-08-12,negative
Washington Metropolitan Area Transit Authority,WMATA to vote on budget plan that includes Red Line automation - FOX 5 DC,https://news.google.com/rss/articles/CBMihgFBVV95cUxNUEVVMXZ0bENRSVdEamI3azh1U2dGRC04aWpWb0hhUWgzdG1EV1VVQ3BfTFowRE9feGhjX0FwZXpheF9vRlZHRzRWRy0wY1J0YThRSnNsMy1HcVdzLTVIYUtfRHlWQTZBMlBXaklDTlByaHlzOFdrN2otbjdfS293Ml9lOHNaQdIBiwFBVV95cUxNUktDZ3dIdFFmYk4yMDBYREl0UFJjem03YnRjWnlPRkhjNDY2YVh3dHhOdU80Z1V3OXNkZ3Jvb2Z3TXFqTEhJbFY5Y3FWVXc2TFdmU3JmVHd3c0NyUXJfN0I2bnFnOHVHT1R5OU12R1JheHlSVnZseENOaVdIeHczZEk2LTNyUUZFbXNv?oc=5,FOX 5 DC,2026-08-12,neutral
Washington Metropolitan Area Transit Authority,Metro cracking down on fare evasion after 70% of bus riders skip payment - WJLA,https://news.google.com/rss/articles/CBMiuAJBVV95cUxOWXRmd1FCNEI2UDRkZDJTWkRvbjZweWYtU2pNUFAydkdtVmNXb1ljbmxHZ1p4WUg1OElUTy01QTNKRHhNbWw1VVM5QTVvYlY2UlRrSHFpdF9GdVdVdGxpOHZGd19IUkl3RHFMdmphdUU1N0J5MXNiUTB3S2pvVEhDWUVrbGQ2SG9BVy11TXhRSDcwdVNnYUFlbnNLWHVXVHFETjRReWFNelotTVBrUncweDBrNm5HejBkZy1pUHVVeGw2aVhSOGtoX3N3TFhZSGVEcW82aTBkZHNXTWItamxNWUVMVHNiVzNMR3NNWXFvOFZpLS1WZFFkSFIyZ0NPRHdhX1l2YkYxcXo1VUYtdS1hdURoclpCdXNFT0drQnloSk5UWmNlNmRESkdFOW9sR25CaDdNU1QwZlE?oc=5,WJLA,2026-08-12,neutral
Washington Metropolitan Area Transit Authority,"GU Expands Public Transit Partnership, Introduces Capitol Campus Programs - The Hoya",https://news.google.com/rss/articles/CBMinwFBVV95cUxNaUQ3Y2RONTZKMDU5UndkUXhiWUZoa2d3aE9yemdsck9DSzJzQnM5MS1FeUdXYUthYzdMcUI3ZGdMLXl5bHV3RGlSQ014bDFKaTh6ZEJaZTFFUDNkSzBFVmplYUl1dWsxNnJkUHh3bjJvUDVTcWtZN2NJTThUbU5LT1J2XzFVdG1HVFN0aUx4VE95ZWNMenRhYWNLaHBBWjg?oc=5,The Hoya,2026-08-12,neutral
Washington Metropolitan Area Transit Authority,Red Line Shutdown: What commuters need to know for Summer 2026 - WUSA9,https://news.google.com/rss/articles/CBMi4wFBVV95cUxQemlCdzR3bFpiZzl4NmdNaDBEVTdDYUdYNjNEeFYwcFNPQk1Meko1Q0FPT19BSmlMZXl2M0lia2I2dHBMOURvQ3BBTGoyU3RNWHBzMWlJZGZXdEFnMHBTZks5UXlRTVBaRHF4cUZXa1Q3NUxNRlJqd040a09fM29vOTBJRG1CX0IySld6RTdackVST05tZVdZcjFJYldUU1d0MHhpdl80d1hoSnV2RjF0WURsQ2VncWt5ZFBBY0ZWeTV0Q0xRRkF3bFhkenZkbVZURS1fVlhlb2NObmZReF9mcFNLTQ?oc=5,WUSA9,2026-08-12,neutral
Washington Metropolitan Area Transit Authority,How Metro is preparing for this weekend's winter storm - NBC4 Washington,https://news.google.com/rss/articles/CBMipgFBVV95cUxON0VrZVFsdTZxUzNtMnl5NDk5UWZnNDRZaGpqYU5iWTlhd1dHQ0FhMGRUYWhMM09GS3RUOFowWmdQUlVtaTRTOV9ydkV0MF9zNEpJNW12WkdJMTNLb21KNmQzMGZYWU9qVUt2ODdGRW5Ia3RDNXlnZXJCdTVNYTEybEIwU1ZCWldhdTNLaHZiYmdGa21ZaWdxa3ZwODFwdlhVa0x5TXRB0gGuAUFVX3lxTE9pRmJOTjRUbGZ5X0FicF9laVhwVEJGSTNncTQ4RlhueDdEYWZZcGVNa0h5LXVObnNBSTlmRmNjNWd0UVdrMnJEalo4YjhDb2ZRMkJBQjBEU18yVWxOOXhpRHdEdFRVS2Rnc0g1Sk8xS0xuRmM3aXhYWGExWktVb1lmaVBPZVhmQW9qYm41ZEFwQS1JODJHWXFmQ0ZwX2xKUlFfZWVIck1jZFpLX0UxUQ?oc=5,NBC4 Washington,2026-08-12,neutral
Washington Metropolitan Area Transit Authority,Metro launches limited-edition Smart Trip card for DC’s Grand Prix - Washington Examiner,https://news.google.com/rss/articles/CBMixAFBVV95cUxPbDVUQ3Jta0Z6ZjdUVUFkRXRRSC12dXNKbWtHVVlmQWQyOUktdUo0QW5DOVBnWDlUY2w0Um90QjJzREJ1WDQ3akwwb1FQRENXY3N3NjNuaVRhcjhRTnU4RlV1NkRIcDJQdDRxejVseUZ5cXMzYXFwaG5nTkFrUHhHQUVvOTZNQXNma2d4cHpZRW9KbjFxMUNMbXVXMllUNFVKeHd0c1hQVm5ENE9QcC1vdjVJWG8xYmRiQmwtQ09FODJCcDJJ?oc=5,Washington Examiner,2026-08-12,positive
Washington Metropolitan Area Transit Authority,"WMATA engages Indra Group for customer terminal, ticket vending machine upgrade - Mass Transit",https://news.google.com/rss/articles/CBMijwJBVV95cUxQaFJ1MjlFRTJWSEh1MUI3d1YyT0tVemp5c3ZsNV9oWlBMSHMzUDgwTUdRaVpaUS0xMlVHdm56V18taHd2MWFpbnBCUURaX0NOVkVlcXJSZ2xDSW1jdkhJcVdKNkdPdFdwVHA3NlpSOENhVFVJZzhvaVlGOW9nWmZFUFpDNHNIa1NwYzNIVllxTHZWLUg4WFJ4TFZEYVA4clB2SF9HXzZyQ0ZrZ0RBN2ZQV1BXSHRYbF94RjJJVXBPMjVOVDY4TkZGRjhCekgxcWtEM0l2cnVpdm9WOTZhQ0laX2NSVy1LeHN2MTBsd24za0Y4UmdZcTZ6MkUzU1dMdlAyT0xRanpsSkR4bW11WDNF?oc=5,Mass Transit,2026-08-12,positive
Washington Metropolitan Area Transit Authority,"Metro’s original railcar is on display, orange carpet and all - The Washington Post",https://news.google.com/rss/articles/CBMiugFBVV95cUxNZTl5ZXZYRk9RZ2QxWXE2TGdEcXQzbkZhTVQ4bWNVSWcxWEVUb3lxYkVKeTVzaWZYZzVqeHJEQzdoM2RDMTRtc1VqNTJqdDc2NWwtTVV3eGV0elBUazRETm95S0NMUlpfdGlHaThVM1FIU3lSbG5FbWJEZlNCVENsUEZZLUdNMVFSbDd5bFhVTFZrcnQ4ZGltX1p0d1ktNlVVTlJoWDNxN1lsWkpycG9YeTJlanVOdHYyb2c?oc=5,The Washington Post,2026-08-12,positive
Washington Metropolitan Area Transit Authority,"Mayor Bowser Celebrates More Than a Decade of Delivering Free Rides to Students Across DC, Marks New Milestone of 450,000 Kids Ride Free Cards Distributed | mayormb - Executive Office of the Mayor (.gov)",https://news.google.com/rss/articles/CBMitgFBVV95cUxNc0R0TDAwWkJmdGFvZmgtR3dBeVp5UGVrcXdvYjV1Q2tteEtBUHlVaGtNS3BHSXpLQThTV3A4dl9XUmlRT0J3LXVPMU03N1lQNi1uVnR4YUxuTUlYcUJXTHc2V2ZRcTRmWGtGZXBDRGNoZmdnMm1GTlVsZmxnNGU4VFVidWx3SlVnbnNzYUZ4dG5YVDBObGFKMTQwVWU4RE1HSUxpVHZEaHRuaEFqbTYydnBGRnlPUQ?oc=5,Executive Office of the Mayor (.gov),2026-08-12,positive
Washington Metropolitan Area Transit Authority,WMATA Proposes Revised FY2027 Budget as System Marks 50 Years of Service - Metro Magazine,https://news.google.com/rss/articles/CBMirAFBVV95cUxPTHlJazhuenZ6czNRTTE5WUdVd3M1Y05nREV3S2hrOXFWdVp0eTlraldhcExqXzJVU2ZZTG5Rck5sMGl6dTR2RHRRZWgyc0drYkViMzNoTUxxZXJLWVllT0g3UVRGaGExZzJtMzA0dlhsYUZVYzdQS1hnakJOUnRsOFNsQlFMemttZ2stX3hSb0lHU2Z2RjJRalE0cHY0cVVYRjd2dDhUc01ybUNO?oc=5,Metro Magazine,2026-08-12,neutral
Washington Metropolitan Area Transit Authority,WMATA fare enforcement policy raises safety concerns among bus drivers’ union - WUSA9,https://news.google.com/rss/articles/CBMimwJBVV95cUxQWUhBYjR3SVIxOUlaVFNOLWhJV0RYX0c3aFlocUpNSzFCbUxrZWM0MnZGcGpVck1CTHViRmI3QUFWNXYtWHZ0ajZnZ3dXODhhRDdWdlBwMkhEMDQxdVVCUjIxT1ZHV2xtcmkwWDBCd0FWMUtHRmd4VHdsSklVWEYtV2dOLUVfd09CWl9uWnV6cG1yRzNfaTJvV2pWSlRtQXUydXdlV2FxR2g4MVJ5LW53czAyMHF1bWkxRDZyTDUxS3ROanNDTW9XaVlSMlQ1MjFQNXF1cW9pX1VraTd2R1N0dWU0VXhTOHhGWXAzbG1DTERBb0RDcmlRNGhMV1RIZ0NVN1kyQ1lHV216b2daRk12TGpHNmNtSkZId3Zz?oc=5,WUSA9,2026-08-12,positive
Washington Metropolitan Area Transit Authority,DC Metrorail to move ahead with plan for full automation of Red Line - trains.com,https://news.google.com/rss/articles/CBMivAFBVV95cUxPNVRoVzJFcmxyYi1XU2pZaTJqVmFMY0Fad1ZuUzhYbUVYRFgyY0FUWmpsVkVoMHEyaTRLdXl3SHNpZ2kycnFiNHk3OU0xem1nWVBWZXBjODg0RVh0ay1rYVU4bjRiNENzXzRXWTJoVzdDai1pZzJuSHJhdklrank1eUNzeGQzZTJKLUh4b0hYTlNZLVhIaVR1NUxDOHFLOEFzczZqcFQyaFpEVDNxTGdRc0phSUNmSWhuZUUzbA?oc=5,trains.com,2026-08-12,neutral
Washington Metropolitan Area Transit Authority,Transportation officials face pressure to get DC's transit system ready for the new RFK stadium site - WUSA9,https://news.google.com/rss/articles/CBMiiwJBVV95cUxQRFg5OFV0NXczVXpfNDk1OWtHbHc2STd4YVZDa2xZVlZTa3RJU3hIN0FnVEhPa2lHbVpFRlFlTjliekVwMGltSV9ZdmItQkRYMFloLXNtSC1YaFI5aGx3OHhIbHVqQkdjcW5pTkxRMDlNZXBjQkFSTEktckFOeVMwYm1US2RyTVVCNnp6WlRjOEhNZm4yeW5SVmpFN3VVejZkZUJMODZ6YzZlWXpSZ29pd3B1dWRneG1aZl85YW51aFl3Nng0cEloVWs3dFNKZHFUOTJWQTA1OWVqZXFCUF81djlLcU9RNTUtMlBsU19vOEZ6cXJSY1BoN3M2bUtueXZncmxla05GNWt5QjA?oc=5,WUSA9,2026-08-12,neutral
Washington Metropolitan Area Transit Authority,Crowell & Moring Relocates D.C. Office to Newly Redeveloped Space In Penn Quarter - Crowell & Moring LLP,https://news.google.com/rss/articles/CBMixgFBVV95cUxNLTI1bzVOQlFlSk84YnJZR0JTVlVrY2ZZUnFUZU9OTmh5M0dScnRZTWFQbUwzeWVmX1AxNmJmaWdOZS1WTUl5N0hBT1Bnd0E2bEM5cy0wYnB0RmtwS1Atc09lcGFNN1ZYRk9IdXliS19xdjFaZm1RN1ZnOWR0am9pUEs2M0h6Z25Sem52VGtaTWFDMEJybmthRDcxaEtyVGxCX3VLeWtKSjRvUEVnS3dFcGU1MnRyeWNRUjY4WGFhOFIwLTdtd1E?oc=5,Crowell & Moring LLP,2026-08-12,neutral
Washington Metropolitan Area Transit Authority,Indra Group to Equip the Entire Washington D.C. Subway Network With an Advanced Customer Terminal System - GlobeNewswire,https://news.google.com/rss/articles/CBMihgJBVV95cUxQWVZEUENKYzJ2N3NRMmdkVUI2OEY1dFo2VVhTUDBGWldYX1lEQWZxdnV6YkpfZkdNRW9IQTRxRE1QLUxEbDlxelh3bXl1TGhpZzFqbjJOUkJ6TjlZMnFYXzhxSUp1V2xZQl9vRWJndGNyVEthOWxZck96Qzk5SXYxZUVYSklROXF0aDZzRF9mNXROejZjbUEtQ1lDSnRXaHAxNm1uR0JSS3JLam5RWFJZbEVJUVYwbDRtbFdITGJ5c3NNb2p1WlU1V0p2WnpjLVZKTGNWOFBaN0p5cXVrelFKTVVIY0U1Y1UzSDdSelY3ZWFNMF9kd2xXVHFQdWlFTmFQRjJjZDhn?oc=5,GlobeNewswire,2026-08-12,positive
Washington Metropolitan Area Transit Authority,Red line shutdown begins Monday between North Bethesda and Friendship Heights - FOX 5 DC,https://news.google.com/rss/articles/CBMiowFBVV95cUxNZVUtT29hdnBoNzU0ODRBbi1HS2drSm92clRqaXc3ZWlBTEZ2ZTVGUTlxNllrRW4ydThfM0lldW1zV0QwTWZpVTFuMDY5dTZhbXVBYkpMLU1ZQVowQy1JZnVFNUtlQkR0Y2xFcXlqdm1wbi1BV28zeVlMUnV2MmFDczZtenk0c3NhVVQ5LWtpcHR2RGZYV05QVFlvNUU2QzkxYmpB0gGoAUFVX3lxTFBrZ1F6NVdfOWxHd3IxaFl6TU4xOTI4VWczVUlkX21ic252d2I3Yk1mNXJncFM2NnJaOV9USnhjT0E0RFg4TU1kRk5VYUQycXM2Y2hYTGlpRHItZjdnUm13MG1aeGkxMmcwQ3NvZHRSOVdhWDJuNGxHOWo3NGktNFQ2QTRxYVFHSTJBR2FHMFFoQ2hUdXFBNVE0bWZWQ1VlM1VmczFCaldOOA?oc=5,FOX 5 DC,2026-08-12,positive
Washington Metropolitan Area Transit Authority,"Months after ending the DC Streetcar, leaders are considering a new transit line along H Street to get fans to RFK Stadium - WUSA9",https://news.google.com/rss/articles/CBMiwgFBVV95cUxNRE1HTTAxUzZRNTdDQzhBMUNHdWdnZUczZjZkeHBvMktlVFdHWkZvSW5QU2xwX1lkN3BmenNUQ3JyY0xYbDJ1Wk8zdnhSOVpxLWNuNEUxb0ktTG9HTk1Bckd1eXdXTEtMVGRvcWd5TzVVbXBleFVvYjEzN182QTlNOGZnYm5tcFN4MkpSQ2kxQ3MyUHRrMDloV0IxOTNSZ0JxMGdXUVRJbEVrd2FQS0stWUwtZWpMcmpQXzBmMHFQYTlyQQ?oc=5,WUSA9,2026-08-12,neutral
Washington Metropolitan Area Transit Authority,Olathe manufacturer will upgrade ticket terminals for D.C. metro system - The Business Journals,https://news.google.com/rss/articles/CBMiqAFBVV95cUxObmwxbXJLUUZqVklRdDBYcnJoLXNYdm9ZSjZHdDhSTVhicGlWNzdjUlM5QTA5R3Y0U1ZGZXNUb1JENGRsazVrUEJ2SUY1ZnBxc1haN2U1Y1o3SC1oX0dlNWxCMER0WFU1TU5wWDRkNTNwak1DdG5fZ2hfdTR3X2l0QVNIN0NSOHpQNlVrUXhrTzFkMm0zeGs5bTJKeEhDYXFkWVZMVnZuWWI?oc=5,The Business Journals,2026-08-12,neutral
Washington Metropolitan Area Transit Authority,Metro to stay open late Sunday for White House UFC fight - WUSA9,https://news.google.com/rss/articles/CBMihwJBVV95cUxPS2tOVUh1eEw2VmJNc1pYd0xrRlZLN3pmTnY4b3Q1NnAwUXNLWFEzTWp5TVRVN1pwaVU1OXRyZWdZdzlULUlQT2pBNllLeHA2RTVpX3ByVmhpdnQtZXhoRXhTRWliZlVXeGNGRGExVnNMa1ZBX1hFbnRNbzI0eFNCVHlLUXFpSVJ5aXhDTjQyR1I0VG45c0tFb3J2cU5la2p0eWJaRGNMZHBaV3dEX2RJaFlsSkFPSm1Hbnp5VjYxQ01xT0wtNUFhRGhfMGxDN0hhTDlQU2ZIc1dfekgtcDIxLUNJQVNWNThac0xVb3BKQkl6dkktRXNhN3pHQXFQRVJtVnVsYXVQcw?oc=5,WUSA9,2026-08-12,negative
Washington Metropolitan Area Transit Authority,"WMATA Adopts FY2027 Budget, Boosts Service Without Raising Fares - Metro Magazine",https://news.google.com/rss/articles/CBMioAFBVV95cUxNUFNIcWpXUkFzaGRBOEFMa0J5dXlVRHFfQUx3QzdINVRkOGpnQnA5aWVHWFVQMWNwdXpuWUt4dTV3OVBJb3FYajlySGtCWWw4SWZDTzN3aC1TeWY2d0JOSENEMXQwUm1abC1aMXhnZXBCdkx6RzN6emJ3M0R3MDU3NnBsLVg5U01aTjdoZ0ZSSG5mRy10QVFacV8wcW1rcTNH?oc=5,Metro Magazine,2026-08-12,positive
Washington Metropolitan Area Transit Authority,Why is PETA suing DC Metro General Manager Randy Clarke? - WUSA9,https://news.google.com/rss/articles/CBMiyAFBVV95cUxORFl2UW8xT0xBaGs2ZlNlNE13Z3hqRmdtZzdFdFhOeXhZREN1dkh0WlRCZE9yczUzNm1nRTVYTXJMTGh3SmRwNmd5blBNRF80VnZqOFh0aDdwbVpjYUk3cnBJcVo0UE5UTHNGRHI1ZXdwdUZ3blZScFBZZTZmQ2hoSWkwMWh0S004ZXdxdXJBQlZwY0U2eTIwR002RkVucjZ0WkFnZ3hpUWZFaFNRYUs5QW9yZ2toNFUwNk5TQUNaODRhcFN5X182cw?oc=5,WUSA9,2026-08-12,negative
Washington Metropolitan Area Transit Authority,Stuffed frogs and more are flying off the shelves at Metro’s pop-up store - The Washington Post,https://news.google.com/rss/articles/CBMiowFBVV95cUxQUjNnYlBwdFM2dEpyRnJHdlpEV0wzcVh0WGVidXpiZnhFVXZPVDEtbVVkRkZuSGEtakRJejJUOUxJMXV0anFKeENTc1BYM0REcHJUdWlhcFVmcC1VSW1LX1NiZUlRVFNadXJ3XzZzSmF3cjZkb1F3MTIzZ3Ntc0xDQ2xHMFM3NnRZdHVzWEJyX01yYk0xVmFxOUhNUUZBaE5Lb2hv?oc=5,The Washington Post,2026-08-12,neutral
Washington Metropolitan Area Transit Authority,"A work vehicle hits a stopped Washington Metro train, leaving 11 people with minor injuries - The Washington Post",https://news.google.com/rss/articles/CBMiywFBVV95cUxPWU1xUnF0Yjl0cXJtMlZzeGF6WWFMX2loZ3VtcUpGVjl1Y3E2ZlMyMGxEOVVtdEhmbHV2M3dFV3ZBM1ZucEhDNnV4TlIxTEpVS3FQSzF2TUtpbEVwOHNiUm54cXd0MW9uOG1aajd3SU5LdXRxeDJMRENmdHBqb1Y5bERpZEZSbkdUS2xOWS1SR21aTWFRWDhTd1BtWGlzWlNCczhLQ3dERjhPZnNRb1hQb0lrdE55MGJVQmNnTTNvb1dNNTJPX0x6Zy1MQQ?oc=5,The Washington Post,2026-08-12,negative
Washington Metropolitan Area Transit Authority,"Red Line trains to single-track between Dupont Circle, Van Ness THIS weekend - WJLA",https://news.google.com/rss/articles/CBMipgFBVV95cUxQTDFWQ1BvbEs2SGJnY0wzMTRpN0Rhb2FKc3VJbk0wbmt5elp6VzI3Zk9tYXJaSlhGWlVMUXhfaHN2OTU5SGpzZUNkRVpoTkM4UWpNWXRLaFpyWFNZWUJwYmRYUHdTSC1ybTBGNmNEai1aMGlfS2FoellUWDIzMndEMGRuNndCd01VeVFvWW1mVmV2b2syVHJGMXR6VHVqcHl3alluYkdR?oc=5,WJLA,2026-08-12,neutral
Washington Metropolitan Area Transit Authority,"Metro’s Blue Line, Silver Line partially shut down this weekend - WUSA9",https://news.google.com/rss/articles/CBMiwwFBVV95cUxQSXJubVVXemJITEQzTWlqWWFJdVRCV09xRFhtQWlJOTRibUw3cm90c3ExRjE3cWY2alVwQTdjWjhrSW9nTklyanY5ckJ5bEk1am9jcUlGb2RobUtVd2M3RXB1LWlQanZLaHRpODdpMFFPM3JQNFR5a3JQYThhX1hCUksyTHZKT3pVSHllNHNudnllTGJSenozcG1JQ1FvLVJJZ2NjamtFME9qSEF3OEFDOU1ZbXNpT012YVRnMEY4ZlpCNzA?oc=5,WUSA9,2026-08-12,neutral
Washington Metropolitan Area Transit Authority,WMATA board approves plan aimed at automating trains - FOX 5 DC,https://news.google.com/rss/articles/CBMigwFBVV95cUxOak5PQnRSTGJMbEtFVnRfYmFDbFhlUzZYSjVrcTdLOUxHWVFLOG9YLVlJQmRHSUtsSE14QlRUUFc5am14WnNPWVpJVHkzVFAyemhQSjdGTUZ4TTU3S09GNndLbDhKX1VzUUwyZTgxaUVwTW5BOXZZbkpkTFlENFY2ZjZTVdIBiAFBVV95cUxNUTBCQXFXQnZjNnNHc3NuQnQyaHRKbV9JSWJsRU1tS28yTnFXZnJWaGJyRHFSVmhiTWJFQVVjbURodnlOLVloVTJ4RjVNYnk0NkNCSVZ4YVh5STBzd0JCa1Y5dTF0Vmg4VzNQdTJfaUpBVTFzamZQOGpLdDc0ZHZvNFV0NGU1aUtW?oc=5,FOX 5 DC,2026-08-12,positive
